# MagicaVoxel @ Ephtracy

# group
o 

# material
mtllib cave_decorations-15.mtl
usemtl palette

# normals
vn -1 0 0
vn 1 0 0
vn 0 0 1
vn 0 0 -1
vn 0 -1 0
vn 0 1 0

# texcoords
vt 0.837891 0.5
vt 0.841797 0.5
vt 0.869141 0.5
vt 0.892578 0.5
vt 0.904297 0.5

# verts
v -1.7 -2 0.6
v -1.7 -2 0.5
v -1.7 -2 0.3
v -1.7 -2 0.2
v -1.7 -2 -0.3
v -1.7 -2 -0.6
v -1.7 -1.9 0.6
v -1.7 -1.9 0.5
v -1.7 -1.9 0.3
v -1.7 -1.9 0.2
v -1.7 -1.9 0.0999999
v -1.7 -1.9 0
v -1.7 -1.9 -0.1
v -1.7 -1.9 -0.2
v -1.7 -1.9 -0.3
v -1.7 -1.9 -0.4
v -1.7 -1.9 -0.5
v -1.7 -1.9 -0.6
v -1.7 -1.8 0.6
v -1.7 -1.8 0.5
v -1.7 -1.8 0.4
v -1.7 -1.8 0.2
v -1.7 -1.8 0.0999999
v -1.7 -1.8 0
v -1.7 -1.8 -0.1
v -1.7 -1.8 -0.2
v -1.7 -1.8 -0.3
v -1.7 -1.8 -0.4
v -1.7 -1.8 -0.5
v -1.7 -1.8 -0.6
v -1.7 -1.7 0.6
v -1.7 -1.7 0.5
v -1.7 -1.7 0.4
v -1.7 -1.7 0.3
v -1.7 -1.7 0.2
v -1.7 -1.7 -0.1
v -1.7 -1.7 -0.2
v -1.7 -1.7 -0.3
v -1.7 -1.7 -0.4
v -1.7 -1.7 -0.5
v -1.7 -1.7 -0.6
v -1.7 -1.6 0.6
v -1.7 -1.6 0.5
v -1.7 -1.6 0.4
v -1.7 -1.6 0.3
v -1.7 -1.6 0.0999999
v -1.7 -1.6 0
v -1.7 -1.6 -0.1
v -1.7 -1.6 -0.2
v -1.7 -1.6 -0.3
v -1.7 -1.6 -0.5
v -1.7 -1.6 -0.6
v -1.7 -1.5 0.6
v -1.7 -1.5 0.5
v -1.7 -1.5 0.4
v -1.7 -1.5 0.3
v -1.7 -1.5 0.2
v -1.7 -1.5 0
v -1.7 -1.5 -0.3
v -1.7 -1.5 -0.4
v -1.7 -1.5 -0.5
v -1.7 -1.5 -0.6
v -1.7 -1.4 0.5
v -1.7 -1.4 0.4
v -1.7 -1.4 0.3
v -1.7 -1.4 0.2
v -1.7 -1.4 0.0999999
v -1.7 -1.4 0
v -1.7 -1.4 -0.1
v -1.7 -1.4 -0.2
v -1.7 -1.4 -0.3
v -1.7 -1.4 -0.4
v -1.7 -1.4 -0.5
v -1.7 -1.3 0.6
v -1.7 -1.3 0.5
v -1.7 -1.3 0.4
v -1.7 -1.3 0.3
v -1.7 -1.3 0.2
v -1.7 -1.3 0.0999999
v -1.7 -1.3 0
v -1.7 -1.3 -0.1
v -1.7 -1.3 -0.2
v -1.7 -1.3 -0.3
v -1.7 -1.3 -0.4
v -1.7 -1.3 -0.5
v -1.7 -1.3 -0.6
v -1.7 -1.2 0.6
v -1.7 -1.2 0.5
v -1.7 -1.2 0.4
v -1.7 -1.2 0.3
v -1.7 -1.2 0.2
v -1.7 -1.2 0.0999999
v -1.7 -1.2 0
v -1.7 -1.2 -0.1
v -1.7 -1.2 -0.2
v -1.7 -1.2 -0.3
v -1.7 -1.2 -0.4
v -1.7 -1.2 -0.5
v -1.7 -1.2 -0.6
v -1.7 -1.1 0.6
v -1.7 -1.1 0.5
v -1.7 -1.1 0.3
v -1.7 -1.1 0.0999999
v -1.7 -1.1 0
v -1.7 -1.1 -0.1
v -1.7 -1.1 -0.3
v -1.7 -1.1 -0.5
v -1.7 -1.1 -0.6
v -1.7 1.1 0.6
v -1.7 1.1 0.5
v -1.7 1.1 0.3
v -1.7 1.1 0.0999999
v -1.7 1.1 0
v -1.7 1.1 -0.1
v -1.7 1.1 -0.3
v -1.7 1.1 -0.4
v -1.7 1.1 -0.5
v -1.7 1.1 -0.6
v -1.7 1.2 0.6
v -1.7 1.2 0.5
v -1.7 1.2 0.4
v -1.7 1.2 0.3
v -1.7 1.2 0.2
v -1.7 1.2 0.0999999
v -1.7 1.2 0
v -1.7 1.2 -0.1
v -1.7 1.2 -0.2
v -1.7 1.2 -0.3
v -1.7 1.2 -0.4
v -1.7 1.2 -0.5
v -1.7 1.2 -0.6
v -1.7 1.3 0.6
v -1.7 1.3 0.5
v -1.7 1.3 0.4
v -1.7 1.3 0.3
v -1.7 1.3 0.2
v -1.7 1.3 0.0999999
v -1.7 1.3 0
v -1.7 1.3 -0.1
v -1.7 1.3 -0.2
v -1.7 1.3 -0.3
v -1.7 1.3 -0.4
v -1.7 1.3 -0.5
v -1.7 1.4 0.5
v -1.7 1.4 0.4
v -1.7 1.4 0.3
v -1.7 1.4 0.2
v -1.7 1.4 0.0999999
v -1.7 1.4 0
v -1.7 1.4 -0.1
v -1.7 1.4 -0.2
v -1.7 1.4 -0.3
v -1.7 1.4 -0.4
v -1.7 1.4 -0.5
v -1.7 1.5 0.5
v -1.7 1.5 0.4
v -1.7 1.5 0.3
v -1.7 1.5 0.2
v -1.7 1.5 0
v -1.7 1.5 -0.2
v -1.7 1.5 -0.3
v -1.7 1.5 -0.4
v -1.7 1.6 0.6
v -1.7 1.6 0.5
v -1.7 1.6 0.4
v -1.7 1.6 0.3
v -1.7 1.6 0.2
v -1.7 1.6 0.0999999
v -1.7 1.6 0
v -1.7 1.6 -0.1
v -1.7 1.6 -0.2
v -1.7 1.6 -0.4
v -1.7 1.6 -0.5
v -1.7 1.6 -0.6
v -1.7 1.7 0.6
v -1.7 1.7 0.5
v -1.7 1.7 0.4
v -1.7 1.7 0.3
v -1.7 1.7 0.2
v -1.7 1.7 0.0999999
v -1.7 1.7 0
v -1.7 1.7 -0.1
v -1.7 1.7 -0.2
v -1.7 1.7 -0.3
v -1.7 1.7 -0.4
v -1.7 1.7 -0.5
v -1.7 1.7 -0.6
v -1.7 1.8 0.6
v -1.7 1.8 0.5
v -1.7 1.8 0.4
v -1.7 1.8 0.3
v -1.7 1.8 0.2
v -1.7 1.8 0
v -1.7 1.8 -0.1
v -1.7 1.8 -0.2
v -1.7 1.8 -0.3
v -1.7 1.8 -0.4
v -1.7 1.8 -0.5
v -1.7 1.8 -0.6
v -1.7 1.9 0.6
v -1.7 1.9 0.5
v -1.7 1.9 0.4
v -1.7 1.9 0.3
v -1.7 1.9 0.2
v -1.7 1.9 0.0999999
v -1.7 1.9 -0.2
v -1.7 1.9 -0.3
v -1.7 1.9 -0.4
v -1.7 1.9 -0.5
v -1.7 1.9 -0.6
v -1.7 2 0.6
v -1.7 2 0.3
v -1.7 2 0.0999999
v -1.7 2 0
v -1.7 2 -0.2
v -1.7 2 -0.3
v -1.7 2 -0.4
v -1.7 2 -0.6
v -1.6 -2 0.9
v -1.6 -2 0.8
v -1.6 -2 0.6
v -1.6 -2 -0.6
v -1.6 -2 -0.8
v -1.6 -2 -0.9
v -1.6 -1.9 0.8
v -1.6 -1.9 0.7
v -1.6 -1.9 0.6
v -1.6 -1.9 -0.6
v -1.6 -1.9 -0.7
v -1.6 -1.9 -0.8
v -1.6 -1.9 -0.9
v -1.6 -1.8 0.8
v -1.6 -1.8 0.7
v -1.6 -1.8 0.6
v -1.6 -1.8 -0.6
v -1.6 -1.8 -0.7
v -1.6 -1.8 -0.8
v -1.6 -1.8 -0.9
v -1.6 -1.7 0.8
v -1.6 -1.7 0.7
v -1.6 -1.7 0.6
v -1.6 -1.7 -0.6
v -1.6 -1.7 -0.7
v -1.6 -1.7 -0.8
v -1.6 -1.6 0.9
v -1.6 -1.6 0.8
v -1.6 -1.6 0.7
v -1.6 -1.6 0.6
v -1.6 -1.6 -0.6
v -1.6 -1.6 -0.7
v -1.6 -1.5 0.9
v -1.6 -1.5 0.8
v -1.6 -1.5 0.7
v -1.6 -1.5 0.6
v -1.6 -1.5 -0.6
v -1.6 -1.5 -0.7
v -1.6 -1.5 -0.8
v -1.6 -1.5 -0.9
v -1.6 -1.4 0.9
v -1.6 -1.4 0.8
v -1.6 -1.4 -0.7
v -1.6 -1.4 -0.8
v -1.6 -1.4 -0.9
v -1.6 -1.3 0.8
v -1.6 -1.3 0.7
v -1.6 -1.3 0.6
v -1.6 -1.3 -0.6
v -1.6 -1.3 -0.7
v -1.6 -1.3 -0.8
v -1.6 -1.3 -0.9
v -1.6 -1.2 0.9
v -1.6 -1.2 0.8
v -1.6 -1.2 0.7
v -1.6 -1.2 0.6
v -1.6 -1.2 -0.6
v -1.6 -1.2 -0.7
v -1.6 -1.2 -0.8
v -1.6 -1.2 -0.9
v -1.6 -1.1 0.9
v -1.6 -1.1 0.8
v -1.6 -1.1 0.7
v -1.6 -1.1 0.6
v -1.6 -1.1 -0.6
v -1.6 -1.1 -0.7
v -1.6 -1.1 -0.8
v -1.6 -1.1 -0.9
v -1.6 1.1 0.9
v -1.6 1.1 0.8
v -1.6 1.1 0.7
v -1.6 1.1 0.6
v -1.6 1.1 -0.6
v -1.6 1.1 -0.7
v -1.6 1.1 -0.8
v -1.6 1.1 -0.9
v -1.6 1.2 0.9
v -1.6 1.2 0.8
v -1.6 1.2 0.7
v -1.6 1.2 0.6
v -1.6 1.2 -0.6
v -1.6 1.2 -0.7
v -1.6 1.2 -0.8
v -1.6 1.2 -0.9
v -1.6 1.3 0.9
v -1.6 1.3 0.8
v -1.6 1.3 0.7
v -1.6 1.3 0.6
v -1.6 1.3 -0.6
v -1.6 1.3 -0.7
v -1.6 1.4 0.9
v -1.6 1.4 0.8
v -1.6 1.4 0.7
v -1.6 1.4 0.6
v -1.6 1.4 -0.8
v -1.6 1.4 -0.9
v -1.6 1.5 0.9
v -1.6 1.5 0.8
v -1.6 1.5 0.7
v -1.6 1.5 0.6
v -1.6 1.5 -0.6
v -1.6 1.5 -0.7
v -1.6 1.5 -0.8
v -1.6 1.5 -0.9
v -1.6 1.6 0.8
v -1.6 1.6 0.7
v -1.6 1.6 0.6
v -1.6 1.6 -0.6
v -1.6 1.6 -0.7
v -1.6 1.7 0.9
v -1.6 1.7 0.8
v -1.6 1.7 0.7
v -1.6 1.7 0.6
v -1.6 1.7 -0.6
v -1.6 1.7 -0.7
v -1.6 1.7 -0.8
v -1.6 1.7 -0.9
v -1.6 1.8 0.6
v -1.6 1.8 -0.6
v -1.6 1.8 -0.8
v -1.6 1.8 -0.9
v -1.6 1.9 0.8
v -1.6 1.9 0.7
v -1.6 1.9 0.6
v -1.6 1.9 -0.6
v -1.6 1.9 -0.7
v -1.6 2 0.9
v -1.6 2 0.8
v -1.6 2 0.7
v -1.6 2 0.6
v -1.6 2 -0.6
v -1.6 2 -0.7
v -1.6 2 -0.8
v -1.6 2 -0.9
v -1.5 -2 1
v -1.5 -2 0.9
v -1.5 -2 -0.9
v -1.5 -2 -1
v -1.5 -1.9 -0.9
v -1.5 -1.9 -1
v -1.5 -1.8 1
v -1.5 -1.8 0.9
v -1.5 -1.8 -0.9
v -1.5 -1.8 -1
v -1.5 -1.7 1
v -1.5 -1.7 0.9
v -1.5 -1.7 -0.9
v -1.5 -1.7 -1
v -1.5 -1.6 0.9
v -1.5 -1.6 -0.9
v -1.5 -1.6 -1
v -1.5 -1.5 0.9
v -1.5 -1.5 -0.9
v -1.5 -1.5 -1
v -1.5 -1.4 1
v -1.5 -1.4 0.9
v -1.5 -1.4 -0.9
v -1.5 -1.4 -1
v -1.5 -1.3 -0.9
v -1.5 -1.3 -1
v -1.5 -1.2 1
v -1.5 -1.2 0.9
v -1.5 -1.2 -0.9
v -1.5 -1.2 -1
v -1.5 -1.1 1
v -1.5 -1.1 0.9
v -1.5 -1.1 -0.9
v -1.5 -1.1 -1
v -1.5 1.1 1
v -1.5 1.1 0.9
v -1.5 1.1 -0.9
v -1.5 1.1 -1
v -1.5 1.2 1
v -1.5 1.2 0.9
v -1.5 1.2 -0.9
v -1.5 1.3 0.9
v -1.5 1.3 -0.9
v -1.5 1.3 -1
v -1.5 1.4 1
v -1.5 1.4 0.9
v -1.5 1.4 -0.9
v -1.5 1.4 -1
v -1.5 1.5 1
v -1.5 1.5 0.9
v -1.5 1.5 -0.9
v -1.5 1.6 1
v -1.5 1.6 0.9
v -1.5 1.6 -0.9
v -1.5 1.6 -1
v -1.5 1.7 1
v -1.5 1.7 0.9
v -1.5 1.7 -0.9
v -1.5 1.7 -1
v -1.5 1.8 1
v -1.5 1.8 0.9
v -1.5 1.8 -0.9
v -1.5 1.9 1
v -1.5 1.9 0.9
v -1.5 2 1
v -1.5 2 0.9
v -1.5 2 -0.9
v -1.5 2 -1
v -1.4 -2 1.1
v -1.4 -2 1
v -1.4 -2 -1
v -1.4 -2 -1.1
v -1.4 -1.9 -1
v -1.4 -1.8 1.1
v -1.4 -1.8 1
v -1.4 -1.8 -1
v -1.4 -1.8 -1.1
v -1.4 -1.7 1.1
v -1.4 -1.7 1
v -1.4 -1.7 -1
v -1.4 -1.7 -1.1
v -1.4 -1.6 1.1
v -1.4 -1.6 1
v -1.4 -1.6 -1
v -1.4 -1.5 1.1
v -1.4 -1.5 1
v -1.4 -1.5 -1
v -1.4 -1.5 -1.1
v -1.4 -1.4 1.1
v -1.4 -1.4 1
v -1.4 -1.4 -1
v -1.4 -1.4 -1.1
v -1.4 -1.3 1.1
v -1.4 -1.3 1
v -1.4 -1.3 -1
v -1.4 -1.3 -1.1
v -1.4 -1.2 1.1
v -1.4 -1.2 1
v -1.4 -1.2 -1
v -1.4 -1.2 -1.1
v -1.4 -1.1 1.1
v -1.4 -1.1 1
v -1.4 -1.1 -1
v -1.4 -1.1 -1.1
v -1.4 1.1 1.1
v -1.4 1.1 1
v -1.4 1.1 -1
v -1.4 1.1 -1.1
v -1.4 1.2 1.1
v -1.4 1.2 1
v -1.4 1.3 1.1
v -1.4 1.3 1
v -1.4 1.3 -1
v -1.4 1.3 -1.1
v -1.4 1.4 1.1
v -1.4 1.4 1
v -1.4 1.4 -1
v -1.4 1.4 -1.1
v -1.4 1.5 1
v -1.4 1.6 1.1
v -1.4 1.6 1
v -1.4 1.6 -1
v -1.4 1.6 -1.1
v -1.4 1.7 1.1
v -1.4 1.7 1
v -1.4 1.7 -1
v -1.4 1.7 -1.1
v -1.4 1.8 1.1
v -1.4 1.8 1
v -1.4 1.8 -1
v -1.4 1.8 -1.1
v -1.4 1.9 1
v -1.4 2 1.1
v -1.4 2 1
v -1.4 2 -1
v -1.4 2 -1.1
v -1.3 -2 0.4
v -1.3 -2 0.3
v -1.3 -2 -0.3
v -1.3 -2 -0.4
v -1.3 -1.9 0.4
v -1.3 -1.9 0.3
v -1.3 -1.9 -0.3
v -1.3 -1.9 -0.4
v -1.3 -1.8 0.4
v -1.3 -1.8 0.3
v -1.3 -1.8 -0.3
v -1.3 -1.8 -0.4
v -1.3 -1.7 0.4
v -1.3 -1.7 0.3
v -1.3 -1.7 -0.3
v -1.3 -1.7 -0.4
v -1.3 1.7 0.4
v -1.3 1.7 0.3
v -1.3 1.7 -0.3
v -1.3 1.7 -0.4
v -1.3 1.8 0.4
v -1.3 1.8 0.3
v -1.3 1.8 -0.3
v -1.3 1.8 -0.4
v -1.3 1.9 0.4
v -1.3 1.9 0.3
v -1.3 1.9 -0.3
v -1.3 1.9 -0.4
v -1.3 2 0.4
v -1.3 2 0.3
v -1.3 2 -0.3
v -1.3 2 -0.4
v -1.2 -2 1.2
v -1.2 -2 1.1
v -1.2 -2 0.5
v -1.2 -2 0.4
v -1.2 -2 -0.4
v -1.2 -2 -0.5
v -1.2 -2 -1.1
v -1.2 -2 -1.2
v -1.2 -1.9 1.2
v -1.2 -1.9 1.1
v -1.2 -1.9 0.4
v -1.2 -1.9 -0.4
v -1.2 -1.9 -0.5
v -1.2 -1.9 -1.1
v -1.2 -1.9 -1.2
v -1.2 -1.8 0.5
v -1.2 -1.8 0.4
v -1.2 -1.8 -0.4
v -1.2 -1.8 -0.5
v -1.2 -1.8 -1.1
v -1.2 -1.8 -1.2
v -1.2 -1.7 1.2
v -1.2 -1.7 1.1
v -1.2 -1.7 0.5
v -1.2 -1.7 0.4
v -1.2 -1.7 -0.4
v -1.2 -1.7 -0.5
v -1.2 -1.7 -1.1
v -1.2 -1.7 -1.2
v -1.2 -1.6 1.2
v -1.2 -1.6 1.1
v -1.2 -1.5 1.2
v -1.2 -1.5 1.1
v -1.2 -1.5 -1.1
v -1.2 -1.4 1.2
v -1.2 -1.4 1.1
v -1.2 -1.4 -1.1
v -1.2 -1.4 -1.2
v -1.2 -1.3 1.2
v -1.2 -1.3 1.1
v -1.2 -1.3 -1.1
v -1.2 -1.2 1.2
v -1.2 -1.2 1.1
v -1.2 -1.2 -1.1
v -1.2 -1.2 -1.2
v -1.2 -1.1 1.2
v -1.2 -1.1 1.1
v -1.2 -1.1 -1.1
v -1.2 -1.1 -1.2
v -1.2 1.1 1.2
v -1.2 1.1 1.1
v -1.2 1.1 -1.1
v -1.2 1.1 -1.2
v -1.2 1.2 1.2
v -1.2 1.2 1.1
v -1.2 1.2 -1.1
v -1.2 1.2 -1.2
v -1.2 1.3 1.2
v -1.2 1.3 1.1
v -1.2 1.3 -1.1
v -1.2 1.3 -1.2
v -1.2 1.4 1.1
v -1.2 1.4 -1.1
v -1.2 1.5 1.1
v -1.2 1.5 -1.1
v -1.2 1.7 1.2
v -1.2 1.7 1.1
v -1.2 1.7 0.5
v -1.2 1.7 0.4
v -1.2 1.7 -0.4
v -1.2 1.7 -0.5
v -1.2 1.7 -1.1
v -1.2 1.7 -1.2
v -1.2 1.8 1.1
v -1.2 1.8 0.5
v -1.2 1.8 0.4
v -1.2 1.8 -0.4
v -1.2 1.8 -0.5
v -1.2 1.9 0.4
v -1.2 1.9 -0.4
v -1.2 1.9 -0.5
v -1.2 1.9 -1.1
v -1.2 1.9 -1.2
v -1.2 2 1.2
v -1.2 2 1.1
v -1.2 2 0.5
v -1.2 2 0.4
v -1.2 2 -0.4
v -1.2 2 -0.5
v -1.2 2 -1.1
v -1.2 2 -1.2
v -1.1 -2 1.3
v -1.1 -2 1.2
v -1.1 -2 -1.2
v -1.1 -2 -1.3
v -1.1 -1.9 1.3
v -1.1 -1.9 1.2
v -1.1 -1.9 -1.2
v -1.1 -1.9 -1.3
v -1.1 -1.8 1.3
v -1.1 -1.8 1.2
v -1.1 -1.8 -1.2
v -1.1 -1.8 -1.3
v -1.1 -1.7 1.3
v -1.1 -1.7 1.2
v -1.1 -1.7 -1.2
v -1.1 -1.7 -1.3
v -1.1 -1.6 1.3
v -1.1 -1.6 1.2
v -1.1 -1.6 -1.2
v -1.1 -1.6 -1.3
v -1.1 -1.5 1.3
v -1.1 -1.5 1.2
v -1.1 -1.5 -1.2
v -1.1 -1.5 -1.3
v -1.1 -1.4 1.3
v -1.1 -1.4 1.2
v -1.1 -1.4 -1.2
v -1.1 -1.3 1.2
v -1.1 -1.3 -1.2
v -1.1 -1.3 -1.3
v -1.1 -1.2 1.3
v -1.1 -1.2 1.2
v -1.1 -1.2 -1.2
v -1.1 -1.2 -1.3
v -1.1 -1.1 1.3
v -1.1 -1.1 1.2
v -1.1 -1.1 -1.2
v -1.1 -1.1 -1.3
v -1.1 1.1 1.3
v -1.1 1.1 1.2
v -1.1 1.1 -1.2
v -1.1 1.1 -1.3
v -1.1 1.2 1.3
v -1.1 1.2 1.2
v -1.1 1.2 -1.2
v -1.1 1.2 -1.3
v -1.1 1.3 1.2
v -1.1 1.3 -1.2
v -1.1 1.4 1.3
v -1.1 1.4 1.2
v -1.1 1.4 -1.2
v -1.1 1.4 -1.3
v -1.1 1.6 1.3
v -1.1 1.6 1.2
v -1.1 1.6 -1.2
v -1.1 1.6 -1.3
v -1.1 1.7 1.3
v -1.1 1.7 1.2
v -1.1 1.7 -1.2
v -1.1 1.7 -1.3
v -1.1 1.8 1.3
v -1.1 1.8 1.2
v -1.1 1.8 -1.2
v -1.1 1.8 -1.3
v -1.1 1.9 1.3
v -1.1 1.9 1.2
v -1.1 1.9 -1.2
v -1.1 1.9 -1.3
v -1.1 2 1.3
v -1.1 2 1.2
v -1.1 2 -1.2
v -1.1 2 -1.3
v -1 -2 0.6
v -1 -2 0.5
v -1 -2 -0.5
v -1 -2 -0.6
v -1 -1.8 -0.5
v -1 -1.8 -0.6
v -1 -1.7 0.6
v -1 -1.7 0.5
v -1 -1.7 -0.5
v -1 -1.7 -0.6
v -1 1.7 0.6
v -1 1.7 0.5
v -1 1.7 -0.5
v -1 1.7 -0.6
v -1 1.8 0.6
v -1 1.8 0.5
v -1 1.9 0.6
v -1 1.9 0.5
v -1 2 0.6
v -1 2 0.5
v -1 2 -0.5
v -1 2 -0.6
v -0.7 -2 1.2
v -0.7 -2 1.1
v -0.7 -2 0.4
v -0.7 -2 0.3
v -0.7 -2 -0.3
v -0.7 -2 -0.4
v -0.7 -2 -1.1
v -0.7 -2 -1.2
v -0.7 -1.9 1.2
v -0.7 -1.9 1.1
v -0.7 -1.9 0.4
v -0.7 -1.9 0.3
v -0.7 -1.9 -0.3
v -0.7 -1.9 -0.4
v -0.7 -1.9 -1.1
v -0.7 -1.9 -1.2
v -0.7 -1.8 0.4
v -0.7 -1.8 0.3
v -0.7 -1.8 -0.3
v -0.7 -1.8 -0.4
v -0.7 -1.8 -1.2
v -0.7 -1.7 1.2
v -0.7 -1.7 1.1
v -0.7 -1.7 0.4
v -0.7 -1.7 0.3
v -0.7 -1.7 -0.3
v -0.7 -1.7 -0.4
v -0.7 -1.7 -1.2
v -0.7 -1.6 1.2
v -0.7 -1.6 -1.2
v -0.7 -1.5 1.2
v -0.7 -1.5 1.1
v -0.7 -1.5 -1.1
v -0.7 -1.5 -1.2
v -0.7 -1.4 1.2
v -0.7 -1.4 1.1
v -0.7 -1.4 -1.1
v -0.7 -1.4 -1.2
v -0.7 -1.3 1.2
v -0.7 -1.3 1.1
v -0.7 -1.3 -1.1
v -0.7 -1.3 -1.2
v -0.7 -1.2 1.2
v -0.7 -1.2 1.1
v -0.7 -1.2 -1.1
v -0.7 -1.2 -1.2
v -0.7 -1.1 1.2
v -0.7 -1.1 1.1
v -0.7 -1.1 -1.1
v -0.7 -1.1 -1.2
v -0.7 1.1 1.2
v -0.7 1.1 1.1
v -0.7 1.1 -1.1
v -0.7 1.1 -1.2
v -0.7 1.2 1.2
v -0.7 1.2 1.1
v -0.7 1.2 -1.1
v -0.7 1.2 -1.2
v -0.7 1.3 1.2
v -0.7 1.3 1.1
v -0.7 1.3 -1.1
v -0.7 1.3 -1.2
v -0.7 1.4 1.2
v -0.7 1.4 1.1
v -0.7 1.4 -1.1
v -0.7 1.4 -1.2
v -0.7 1.5 1.2
v -0.7 1.5 1.1
v -0.7 1.5 -1.1
v -0.7 1.5 -1.2
v -0.7 1.6 1.2
v -0.7 1.7 0.4
v -0.7 1.7 0.3
v -0.7 1.7 -0.3
v -0.7 1.7 -0.4
v -0.7 1.7 -1.2
v -0.7 1.8 0.4
v -0.7 1.8 0.3
v -0.7 1.8 -0.3
v -0.7 1.8 -0.4
v -0.7 1.8 -1.2
v -0.7 1.9 1.2
v -0.7 1.9 1.1
v -0.7 1.9 0.4
v -0.7 1.9 0.3
v -0.7 1.9 -0.3
v -0.7 1.9 -0.4
v -0.7 2 1.2
v -0.7 2 1.1
v -0.7 2 0.4
v -0.7 2 0.3
v -0.7 2 -0.3
v -0.7 2 -0.4
v -0.7 2 -1.1
v -0.7 2 -1.2
v -0.5 -2 0.3
v -0.5 -2 0.2
v -0.5 -2 0.0999999
v -0.5 -2 -0.1
v -0.5 -2 -0.3
v -0.5 -1.9 -0.1
v -0.5 -1.9 -0.2
v -0.5 -1.8 0.3
v -0.5 -1.8 0.2
v -0.5 -1.8 0.0999999
v -0.5 -1.8 -0.1
v -0.5 -1.8 -0.2
v -0.5 -1.8 -0.3
v -0.5 -1.7 0.3
v -0.5 -1.7 0.2
v -0.5 -1.7 0.0999999
v -0.5 -1.7 -0.1
v -0.5 -1.7 -0.2
v -0.5 -1.7 -0.3
v -0.5 -1 0.2
v -0.5 -1 0
v -0.5 -1 -0.2
v -0.5 -0.9 0.2
v -0.5 -0.9 0
v -0.5 -0.9 -0.2
v -0.5 0.9 0.2
v -0.5 0.9 -0.2
v -0.5 1 0.2
v -0.5 1 -0.2
v -0.5 1.7 0.3
v -0.5 1.7 0.2
v -0.5 1.7 0.0999999
v -0.5 1.7 -0.1
v -0.5 1.7 -0.2
v -0.5 1.7 -0.3
v -0.5 1.8 0.3
v -0.5 1.8 0.2
v -0.5 1.8 0.0999999
v -0.5 1.8 -0.1
v -0.5 1.8 -0.2
v -0.5 1.8 -0.3
v -0.5 1.9 0.3
v -0.5 1.9 0.2
v -0.5 1.9 0.0999999
v -0.5 2 0.3
v -0.5 2 0.2
v -0.5 2 0.0999999
v -0.5 2 -0.1
v -0.5 2 -0.2
v -0.5 2 -0.3
v -0.4 -2 0.0999999
v -0.4 -2 0
v -0.4 -2 -0.1
v -0.4 -1.9 0.0999999
v -0.4 -1.9 0
v -0.4 -1.9 -0.1
v -0.4 -1.7 0.2
v -0.4 -1.7 0.0999999
v -0.4 -1.7 -0.1
v -0.4 -1.7 -0.2
v -0.4 -1.6 0.2
v -0.4 -1.6 0.0999999
v -0.4 -1.6 -0.1
v -0.4 -1.6 -0.2
v -0.4 -1.5 0.2
v -0.4 -1.5 0.0999999
v -0.4 -1.5 -0.1
v -0.4 -1.5 -0.2
v -0.4 -1.4 0.2
v -0.4 -1.4 0.0999999
v -0.4 -1.4 -0.1
v -0.4 -1.4 -0.2
v -0.4 -1.3 0.2
v -0.4 -1.3 0.0999999
v -0.4 -1.3 -0.1
v -0.4 -1.3 -0.2
v -0.4 -1.2 0.2
v -0.4 -1.2 0.0999999
v -0.4 -1.2 -0.1
v -0.4 -1.2 -0.2
v -0.4 -1.1 0.2
v -0.4 -1.1 0.0999999
v -0.4 -1 0.3
v -0.4 -1 0.2
v -0.4 -1 0.0999999
v -0.4 -1 -0.1
v -0.4 -1 -0.2
v -0.4 -1 -0.3
v -0.4 -0.9 0.3
v -0.4 -0.9 0.2
v -0.4 -0.9 0.0999999
v -0.4 -0.9 -0.1
v -0.4 -0.9 -0.2
v -0.4 -0.9 -0.3
v -0.4 -0.8 -0.1
v -0.4 -0.8 -0.2
v -0.4 -0.7 0.2
v -0.4 -0.7 0.0999999
v -0.4 -0.7 -0.1
v -0.4 -0.7 -0.2
v -0.4 -0.6 0.2
v -0.4 -0.6 0.0999999
v -0.4 -0.5 0.2
v -0.4 -0.5 0.0999999
v -0.4 -0.5 -0.1
v -0.4 -0.5 -0.2
v -0.4 -0.4 0.2
v -0.4 -0.4 0.0999999
v -0.4 -0.4 -0.1
v -0.4 -0.4 -0.2
v -0.4 -0.3 0.2
v -0.4 -0.3 0.0999999
v -0.4 -0.3 -0.1
v -0.4 -0.3 -0.2
v -0.4 -0.2 -0.1
v -0.4 -0.2 -0.2
v -0.4 -0.1 0.2
v -0.4 -0.1 0.0999999
v -0.4 -0.1 -0.1
v -0.4 -0.1 -0.2
v -0.4 0.0999999 0.2
v -0.4 0.0999999 0.0999999
v -0.4 0.0999999 -0.1
v -0.4 0.0999999 -0.2
v -0.4 0.2 0.2
v -0.4 0.2 0.0999999
v -0.4 0.2 -0.1
v -0.4 0.2 -0.2
v -0.4 0.3 0.2
v -0.4 0.3 0.0999999
v -0.4 0.3 -0.1
v -0.4 0.3 -0.2
v -0.4 0.4 0.2
v -0.4 0.4 0.0999999
v -0.4 0.4 -0.1
v -0.4 0.4 -0.2
v -0.4 0.5 0.2
v -0.4 0.5 0.0999999
v -0.4 0.5 -0.1
v -0.4 0.5 -0.2
v -0.4 0.6 0.2
v -0.4 0.6 0.0999999
v -0.4 0.7 0.2
v -0.4 0.7 0.0999999
v -0.4 0.7 -0.1
v -0.4 0.7 -0.2
v -0.4 0.8 0.2
v -0.4 0.8 0.0999999
v -0.4 0.8 -0.1
v -0.4 0.8 -0.2
v -0.4 0.9 0.3
v -0.4 0.9 0.2
v -0.4 0.9 0.0999999
v -0.4 0.9 -0.1
v -0.4 0.9 -0.2
v -0.4 0.9 -0.3
v -0.4 1 0.3
v -0.4 1 0.2
v -0.4 1 0.0999999
v -0.4 1 -0.1
v -0.4 1 -0.2
v -0.4 1 -0.3
v -0.4 1.1 0.2
v -0.4 1.1 0.0999999
v -0.4 1.1 -0.1
v -0.4 1.1 -0.2
v -0.4 1.2 0.2
v -0.4 1.2 0.0999999
v -0.4 1.2 -0.1
v -0.4 1.2 -0.2
v -0.4 1.3 0.2
v -0.4 1.3 0.0999999
v -0.4 1.3 -0.1
v -0.4 1.3 -0.2
v -0.4 1.4 0.2
v -0.4 1.4 0.0999999
v -0.4 1.4 -0.1
v -0.4 1.4 -0.2
v -0.4 1.5 0.2
v -0.4 1.5 0.0999999
v -0.4 1.5 -0.1
v -0.4 1.5 -0.2
v -0.4 1.6 0.2
v -0.4 1.6 0.0999999
v -0.4 1.6 -0.1
v -0.4 1.6 -0.2
v -0.4 1.7 0.2
v -0.4 1.7 0.0999999
v -0.4 1.7 -0.1
v -0.4 1.7 -0.2
v -0.4 1.9 0.0999999
v -0.4 1.9 -0.1
v -0.4 2 0.0999999
v -0.4 2 -0.1
v -0.3 -2 1.1
v -0.3 -2 1
v -0.3 -2 0.9
v -0.3 -2 -0.9
v -0.3 -2 -1
v -0.3 -2 -1.1
v -0.3 -1.9 1.1
v -0.3 -1.9 1
v -0.3 -1.9 0.9
v -0.3 -1.9 0.8
v -0.3 -1.9 -0.8
v -0.3 -1.9 -0.9
v -0.3 -1.9 -1
v -0.3 -1.9 -1.1
v -0.3 -1.8 1
v -0.3 -1.8 0.9
v -0.3 -1.8 0.8
v -0.3 -1.8 0.7
v -0.3 -1.8 -0.7
v -0.3 -1.8 -0.8
v -0.3 -1.8 -0.9
v -0.3 -1.8 -1
v -0.3 -1.7 0.9
v -0.3 -1.7 0.8
v -0.3 -1.7 0.7
v -0.3 -1.7 0.6
v -0.3 -1.7 -0.6
v -0.3 -1.7 -0.7
v -0.3 -1.7 -0.8
v -0.3 -1.7 -0.9
v -0.3 -1.6 0.8
v -0.3 -1.6 0.7
v -0.3 -1.6 0.6
v -0.3 -1.6 0.5
v -0.3 -1.6 -0.5
v -0.3 -1.6 -0.6
v -0.3 -1.6 -0.7
v -0.3 -1.6 -0.8
v -0.3 -1.5 0.7
v -0.3 -1.5 0.6
v -0.3 -1.5 0.5
v -0.3 -1.5 0.4
v -0.3 -1.5 -0.4
v -0.3 -1.5 -0.5
v -0.3 -1.5 -0.6
v -0.3 -1.5 -0.7
v -0.3 -1.4 0.6
v -0.3 -1.4 0.5
v -0.3 -1.4 0.4
v -0.3 -1.4 0.3
v -0.3 -1.4 -0.3
v -0.3 -1.4 -0.4
v -0.3 -1.4 -0.5
v -0.3 -1.4 -0.6
v -0.3 -1.3 0.5
v -0.3 -1.3 0.4
v -0.3 -1.3 0.3
v -0.3 -1.3 0.2
v -0.3 -1.3 -0.2
v -0.3 -1.3 -0.3
v -0.3 -1.3 -0.4
v -0.3 -1.3 -0.5
v -0.3 -1.2 0.4
v -0.3 -1.2 0.3
v -0.3 -1.2 0.2
v -0.3 -1.2 -0.2
v -0.3 -1.2 -0.3
v -0.3 -1.2 -0.4
v -0.3 -1.1 0.3
v -0.3 -1.1 0.2
v -0.3 -1.1 0.0999999
v -0.3 -1.1 -0.1
v -0.3 -1.1 -0.2
v -0.3 -1.1 -0.3
v -0.3 -1 0.0999999
v -0.3 -1 -0.1
v -0.3 1 0.0999999
v -0.3 1 0
v -0.3 1 -0.1
v -0.3 1.1 0.3
v -0.3 1.1 0.2
v -0.3 1.1 0.0999999
v -0.3 1.1 0
v -0.3 1.1 -0.1
v -0.3 1.1 -0.2
v -0.3 1.1 -0.3
v -0.3 1.2 0.4
v -0.3 1.2 0.3
v -0.3 1.2 0.2
v -0.3 1.2 -0.2
v -0.3 1.2 -0.3
v -0.3 1.2 -0.4
v -0.3 1.3 0.5
v -0.3 1.3 0.4
v -0.3 1.3 0.3
v -0.3 1.3 0.2
v -0.3 1.3 -0.2
v -0.3 1.3 -0.3
v -0.3 1.3 -0.4
v -0.3 1.3 -0.5
v -0.3 1.4 0.6
v -0.3 1.4 0.5
v -0.3 1.4 0.4
v -0.3 1.4 0.3
v -0.3 1.4 -0.3
v -0.3 1.4 -0.4
v -0.3 1.4 -0.5
v -0.3 1.4 -0.6
v -0.3 1.5 0.7
v -0.3 1.5 0.6
v -0.3 1.5 0.5
v -0.3 1.5 0.4
v -0.3 1.5 -0.4
v -0.3 1.5 -0.5
v -0.3 1.5 -0.6
v -0.3 1.5 -0.7
v -0.3 1.6 0.8
v -0.3 1.6 0.7
v -0.3 1.6 0.6
v -0.3 1.6 0.5
v -0.3 1.6 -0.5
v -0.3 1.6 -0.6
v -0.3 1.6 -0.7
v -0.3 1.6 -0.8
v -0.3 1.7 0.9
v -0.3 1.7 0.8
v -0.3 1.7 0.7
v -0.3 1.7 0.6
v -0.3 1.7 -0.6
v -0.3 1.7 -0.7
v -0.3 1.7 -0.8
v -0.3 1.7 -0.9
v -0.3 1.8 1
v -0.3 1.8 0.9
v -0.3 1.8 0.8
v -0.3 1.8 0.7
v -0.3 1.8 -0.7
v -0.3 1.8 -0.8
v -0.3 1.8 -0.9
v -0.3 1.8 -1
v -0.3 1.9 1.1
v -0.3 1.9 1
v -0.3 1.9 0.9
v -0.3 1.9 0.8
v -0.3 1.9 -0.8
v -0.3 1.9 -0.9
v -0.3 1.9 -1
v -0.3 1.9 -1.1
v -0.3 2 1.1
v -0.3 2 1
v -0.3 2 0.9
v -0.3 2 -0.9
v -0.3 2 -1
v -0.3 2 -1.1
v 0.2 -2 1.1
v 0.2 -2 1
v 0.2 -2 0.9
v 0.2 -2 -0.9
v 0.2 -2 -1
v 0.2 -2 -1.1
v 0.2 -1.9 1.1
v 0.2 -1.9 1
v 0.2 -1.9 0.9
v 0.2 -1.9 0.8
v 0.2 -1.9 -0.8
v 0.2 -1.9 -0.9
v 0.2 -1.9 -1
v 0.2 -1.9 -1.1
v 0.2 -1.8 1
v 0.2 -1.8 0.9
v 0.2 -1.8 0.8
v 0.2 -1.8 0.7
v 0.2 -1.8 -0.7
v 0.2 -1.8 -0.8
v 0.2 -1.8 -0.9
v 0.2 -1.8 -1
v 0.2 -1.7 0.9
v 0.2 -1.7 0.8
v 0.2 -1.7 0.7
v 0.2 -1.7 0.6
v 0.2 -1.7 -0.6
v 0.2 -1.7 -0.7
v 0.2 -1.7 -0.8
v 0.2 -1.7 -0.9
v 0.2 -1.6 0.8
v 0.2 -1.6 0.7
v 0.2 -1.6 0.6
v 0.2 -1.6 0.5
v 0.2 -1.6 -0.5
v 0.2 -1.6 -0.6
v 0.2 -1.6 -0.7
v 0.2 -1.6 -0.8
v 0.2 -1.5 0.7
v 0.2 -1.5 0.6
v 0.2 -1.5 0.5
v 0.2 -1.5 0.4
v 0.2 -1.5 -0.4
v 0.2 -1.5 -0.5
v 0.2 -1.5 -0.6
v 0.2 -1.5 -0.7
v 0.2 -1.4 0.6
v 0.2 -1.4 0.5
v 0.2 -1.4 0.4
v 0.2 -1.4 0.3
v 0.2 -1.4 -0.3
v 0.2 -1.4 -0.4
v 0.2 -1.4 -0.5
v 0.2 -1.4 -0.6
v 0.2 -1.3 0.5
v 0.2 -1.3 0.4
v 0.2 -1.3 0.3
v 0.2 -1.3 0.2
v 0.2 -1.3 -0.2
v 0.2 -1.3 -0.3
v 0.2 -1.3 -0.4
v 0.2 -1.3 -0.5
v 0.2 -1.2 0.4
v 0.2 -1.2 0.3
v 0.2 -1.2 0.2
v 0.2 -1.2 0.0999999
v 0.2 -1.2 -0.1
v 0.2 -1.2 -0.2
v 0.2 -1.2 -0.3
v 0.2 -1.2 -0.4
v 0.2 -1.1 0.3
v 0.2 -1.1 0.2
v 0.2 -1.1 0.0999999
v 0.2 -1.1 0
v 0.2 -1.1 -0.1
v 0.2 -1.1 -0.2
v 0.2 -1.1 -0.3
v 0.2 -1 0.2
v 0.2 -1 0.0999999
v 0.2 -1 0
v 0.2 -1 -0.1
v 0.2 -1 -0.2
v 0.2 -0.9 0.0999999
v 0.2 -0.9 -0.1
v 0.2 0.9 0.0999999
v 0.2 0.9 -0.1
v 0.2 1 0.2
v 0.2 1 0.0999999
v 0.2 1 -0.1
v 0.2 1 -0.2
v 0.2 1.1 0.3
v 0.2 1.1 0.2
v 0.2 1.1 0.0999999
v 0.2 1.1 -0.1
v 0.2 1.1 -0.2
v 0.2 1.1 -0.3
v 0.2 1.2 0.4
v 0.2 1.2 0.3
v 0.2 1.2 0.2
v 0.2 1.2 0.0999999
v 0.2 1.2 -0.1
v 0.2 1.2 -0.2
v 0.2 1.2 -0.3
v 0.2 1.2 -0.4
v 0.2 1.3 0.5
v 0.2 1.3 0.4
v 0.2 1.3 0.3
v 0.2 1.3 0.2
v 0.2 1.3 -0.2
v 0.2 1.3 -0.3
v 0.2 1.3 -0.4
v 0.2 1.3 -0.5
v 0.2 1.4 0.6
v 0.2 1.4 0.5
v 0.2 1.4 0.4
v 0.2 1.4 0.3
v 0.2 1.4 -0.3
v 0.2 1.4 -0.4
v 0.2 1.4 -0.5
v 0.2 1.4 -0.6
v 0.2 1.5 0.7
v 0.2 1.5 0.6
v 0.2 1.5 0.5
v 0.2 1.5 0.4
v 0.2 1.5 -0.4
v 0.2 1.5 -0.5
v 0.2 1.5 -0.6
v 0.2 1.5 -0.7
v 0.2 1.6 0.8
v 0.2 1.6 0.7
v 0.2 1.6 0.6
v 0.2 1.6 0.5
v 0.2 1.6 -0.5
v 0.2 1.6 -0.6
v 0.2 1.6 -0.7
v 0.2 1.6 -0.8
v 0.2 1.7 0.9
v 0.2 1.7 0.8
v 0.2 1.7 0.7
v 0.2 1.7 0.6
v 0.2 1.7 -0.6
v 0.2 1.7 -0.7
v 0.2 1.7 -0.8
v 0.2 1.7 -0.9
v 0.2 1.8 1
v 0.2 1.8 0.9
v 0.2 1.8 0.8
v 0.2 1.8 0.7
v 0.2 1.8 -0.7
v 0.2 1.8 -0.8
v 0.2 1.8 -0.9
v 0.2 1.8 -1
v 0.2 1.9 1.1
v 0.2 1.9 1
v 0.2 1.9 0.9
v 0.2 1.9 0.8
v 0.2 1.9 -0.8
v 0.2 1.9 -0.9
v 0.2 1.9 -1
v 0.2 1.9 -1.1
v 0.2 2 1.1
v 0.2 2 1
v 0.2 2 0.9
v 0.2 2 -0.9
v 0.2 2 -1
v 0.2 2 -1.1
v 0.3 -2 0.2
v 0.3 -2 0.0999999
v 0.3 -2 -0.2
v 0.3 -1.9 0.2
v 0.3 -1.9 0.0999999
v 0.3 -1.9 -0.1
v 0.3 -1.9 -0.2
v 0.3 -1.8 0.2
v 0.3 -1.8 0.0999999
v 0.3 -1.8 -0.1
v 0.3 -1.8 -0.2
v 0.3 -1.7 0.2
v 0.3 -1.7 0.0999999
v 0.3 -1.6 0.2
v 0.3 -1.6 0.0999999
v 0.3 -1.6 -0.1
v 0.3 -1.6 -0.2
v 0.3 -1.5 0.2
v 0.3 -1.5 0.0999999
v 0.3 -1.5 -0.1
v 0.3 -1.5 -0.2
v 0.3 -1.4 0.2
v 0.3 -1.4 0.0999999
v 0.3 -1.4 -0.1
v 0.3 -1.4 -0.2
v 0.3 -1.3 0.2
v 0.3 -1.3 0.0999999
v 0.3 -1.3 -0.1
v 0.3 -1.3 -0.2
v 0.3 -1.2 0.2
v 0.3 -1.2 0.0999999
v 0.3 -1.2 -0.1
v 0.3 -1.2 -0.2
v 0.3 -1 0.3
v 0.3 -1 0.2
v 0.3 -1 0.0999999
v 0.3 -1 -0.1
v 0.3 -1 -0.2
v 0.3 -1 -0.3
v 0.3 -0.9 0.3
v 0.3 -0.9 0.2
v 0.3 -0.9 0.0999999
v 0.3 -0.9 -0.1
v 0.3 -0.9 -0.2
v 0.3 -0.9 -0.3
v 0.3 -0.8 0.2
v 0.3 -0.8 0.0999999
v 0.3 -0.7 0.2
v 0.3 -0.7 0.0999999
v 0.3 -0.6 0.2
v 0.3 -0.6 0.0999999
v 0.3 -0.6 -0.1
v 0.3 -0.6 -0.2
v 0.3 -0.5 0.2
v 0.3 -0.5 0.0999999
v 0.3 -0.5 -0.1
v 0.3 -0.5 -0.2
v 0.3 -0.4 0.2
v 0.3 -0.4 0.0999999
v 0.3 -0.4 -0.1
v 0.3 -0.4 -0.2
v 0.3 -0.3 -0.1
v 0.3 -0.3 -0.2
v 0.3 -0.2 0.2
v 0.3 -0.2 0.0999999
v 0.3 -0.1 -0.1
v 0.3 -0.1 -0.2
v 0.3 0 -0.1
v 0.3 0 -0.2
v 0.3 0.0999999 0.2
v 0.3 0.0999999 0.0999999
v 0.3 0.0999999 -0.1
v 0.3 0.0999999 -0.2
v 0.3 0.2 0.2
v 0.3 0.2 0.0999999
v 0.3 0.2 -0.1
v 0.3 0.2 -0.2
v 0.3 0.3 0.2
v 0.3 0.3 0.0999999
v 0.3 0.3 -0.1
v 0.3 0.3 -0.2
v 0.3 0.4 0.2
v 0.3 0.4 0.0999999
v 0.3 0.4 -0.1
v 0.3 0.4 -0.2
v 0.3 0.5 0.2
v 0.3 0.5 0.0999999
v 0.3 0.5 -0.1
v 0.3 0.5 -0.2
v 0.3 0.6 0.2
v 0.3 0.6 0.0999999
v 0.3 0.6 -0.1
v 0.3 0.6 -0.2
v 0.3 0.7 0.2
v 0.3 0.7 0.0999999
v 0.3 0.7 -0.1
v 0.3 0.7 -0.2
v 0.3 0.9 0.3
v 0.3 0.9 0.2
v 0.3 0.9 0.0999999
v 0.3 0.9 -0.1
v 0.3 0.9 -0.2
v 0.3 0.9 -0.3
v 0.3 1 0.3
v 0.3 1 0.2
v 0.3 1 0.0999999
v 0.3 1 -0.1
v 0.3 1 -0.2
v 0.3 1 -0.3
v 0.3 1.2 0.2
v 0.3 1.2 0.0999999
v 0.3 1.2 -0.1
v 0.3 1.2 -0.2
v 0.3 1.3 0.2
v 0.3 1.3 0.0999999
v 0.3 1.3 -0.1
v 0.3 1.3 -0.2
v 0.3 1.4 0.2
v 0.3 1.4 0.0999999
v 0.3 1.5 0.2
v 0.3 1.5 0.0999999
v 0.3 1.5 -0.1
v 0.3 1.5 -0.2
v 0.3 1.6 0.2
v 0.3 1.6 0.0999999
v 0.3 1.6 -0.1
v 0.3 1.6 -0.2
v 0.3 1.7 -0.1
v 0.3 1.7 -0.2
v 0.3 1.8 0.2
v 0.3 1.8 0.0999999
v 0.3 1.8 -0.1
v 0.3 1.8 -0.2
v 0.3 1.9 0.2
v 0.3 1.9 0.0999999
v 0.3 1.9 0
v 0.3 1.9 -0.1
v 0.3 2 0.2
v 0.3 2 0.0999999
v 0.3 2 0
v 0.3 2 -0.1
v 0.3 2 -0.2
v 0.4 -2 0.3
v 0.4 -2 0.2
v 0.4 -2 -0.2
v 0.4 -2 -0.3
v 0.4 -1.9 0.3
v 0.4 -1.9 0.2
v 0.4 -1.9 -0.2
v 0.4 -1.9 -0.3
v 0.4 -1.8 0.3
v 0.4 -1.8 0.2
v 0.4 -1.8 -0.2
v 0.4 -1.7 0.3
v 0.4 -1.7 0.2
v 0.4 -1.7 -0.2
v 0.4 -1.7 -0.3
v 0.4 1.7 0.3
v 0.4 1.7 0.2
v 0.4 1.7 -0.2
v 0.4 1.7 -0.3
v 0.4 1.8 0.2
v 0.4 1.8 -0.2
v 0.4 1.9 0.2
v 0.4 2 0.3
v 0.4 2 0.2
v 0.4 2 -0.2
v 0.4 2 -0.3
v 0.5 -2 0.4
v 0.5 -2 0.3
v 0.5 -2 -0.3
v 0.5 -2 -0.4
v 0.5 -1.9 0.4
v 0.5 -1.9 0.3
v 0.5 -1.9 -0.3
v 0.5 -1.8 0.4
v 0.5 -1.8 0.3
v 0.5 -1.8 -0.3
v 0.5 -1.8 -0.4
v 0.5 -1.7 0.4
v 0.5 -1.7 0.3
v 0.5 -1.7 -0.3
v 0.5 -1.7 -0.4
v 0.5 1.7 0.4
v 0.5 1.7 0.3
v 0.5 1.7 -0.3
v 0.5 1.7 -0.4
v 0.5 1.8 0.4
v 0.5 1.8 0.3
v 0.5 1.8 -0.3
v 0.5 1.8 -0.4
v 0.5 2 0.4
v 0.5 2 0.3
v 0.5 2 -0.3
v 0.5 2 -0.4
v 0.6 -2 1.3
v 0.6 -2 1.2
v 0.6 -2 0.5
v 0.6 -2 0.4
v 0.6 -2 -0.4
v 0.6 -2 -0.5
v 0.6 -2 -1.2
v 0.6 -2 -1.3
v 0.6 -1.9 0.5
v 0.6 -1.9 0.4
v 0.6 -1.8 1.3
v 0.6 -1.8 1.2
v 0.6 -1.8 0.4
v 0.6 -1.8 -0.4
v 0.6 -1.8 -0.5
v 0.6 -1.8 -1.2
v 0.6 -1.8 -1.3
v 0.6 -1.7 1.3
v 0.6 -1.7 1.2
v 0.6 -1.7 0.5
v 0.6 -1.7 0.4
v 0.6 -1.7 -0.4
v 0.6 -1.7 -0.5
v 0.6 -1.7 -1.2
v 0.6 -1.7 -1.3
v 0.6 -1.6 1.3
v 0.6 -1.6 1.2
v 0.6 -1.6 -1.2
v 0.6 -1.6 -1.3
v 0.6 -1.5 1.3
v 0.6 -1.5 1.2
v 0.6 -1.5 -1.2
v 0.6 -1.5 -1.3
v 0.6 -1.4 1.3
v 0.6 -1.4 1.2
v 0.6 -1.4 -1.2
v 0.6 -1.4 -1.3
v 0.6 -1.3 1.3
v 0.6 -1.3 1.2
v 0.6 -1.3 -1.2
v 0.6 -1.3 -1.3
v 0.6 -1.2 1.3
v 0.6 -1.2 1.2
v 0.6 -1.2 -1.2
v 0.6 -1.2 -1.3
v 0.6 -1.1 1.3
v 0.6 -1.1 1.2
v 0.6 -1.1 -1.2
v 0.6 -1.1 -1.3
v 0.6 1.1 1.3
v 0.6 1.1 1.2
v 0.6 1.1 -1.2
v 0.6 1.1 -1.3
v 0.6 1.2 1.3
v 0.6 1.2 1.2
v 0.6 1.2 -1.2
v 0.6 1.2 -1.3
v 0.6 1.3 1.3
v 0.6 1.3 1.2
v 0.6 1.3 -1.2
v 0.6 1.3 -1.3
v 0.6 1.4 1.2
v 0.6 1.4 -1.2
v 0.6 1.5 1.3
v 0.6 1.5 1.2
v 0.6 1.5 -1.2
v 0.6 1.5 -1.3
v 0.6 1.6 1.3
v 0.6 1.6 1.2
v 0.6 1.6 -1.2
v 0.6 1.6 -1.3
v 0.6 1.7 1.3
v 0.6 1.7 1.2
v 0.6 1.7 0.5
v 0.6 1.7 0.4
v 0.6 1.7 -0.4
v 0.6 1.7 -0.5
v 0.6 1.7 -1.2
v 0.6 1.7 -1.3
v 0.6 1.8 1.3
v 0.6 1.8 1.2
v 0.6 1.8 0.4
v 0.6 1.8 -0.4
v 0.6 1.8 -1.2
v 0.6 1.8 -1.3
v 0.6 1.9 1.3
v 0.6 1.9 1.2
v 0.6 1.9 0.5
v 0.6 1.9 0.4
v 0.6 1.9 -0.4
v 0.6 1.9 -0.5
v 0.6 2 1.3
v 0.6 2 1.2
v 0.6 2 0.5
v 0.6 2 0.4
v 0.6 2 -0.4
v 0.6 2 -0.5
v 0.6 2 -1.2
v 0.6 2 -1.3
v 0.8 -2 0.6
v 0.8 -2 0.5
v 0.8 -2 -0.5
v 0.8 -2 -0.6
v 0.8 -1.9 0.6
v 0.8 -1.9 0.5
v 0.8 -1.9 -0.5
v 0.8 -1.9 -0.6
v 0.8 -1.8 0.6
v 0.8 -1.8 0.5
v 0.8 -1.8 -0.5
v 0.8 -1.8 -0.6
v 0.8 -1.7 0.6
v 0.8 -1.7 0.5
v 0.8 -1.7 -0.5
v 0.8 -1.7 -0.6
v 0.8 1.7 0.6
v 0.8 1.7 0.5
v 0.8 1.7 -0.5
v 0.8 1.7 -0.6
v 0.8 1.8 0.6
v 0.8 1.8 0.5
v 0.8 1.8 -0.5
v 0.8 1.8 -0.6
v 0.8 1.9 0.5
v 0.8 1.9 -0.5
v 0.8 1.9 -0.6
v 0.8 2 0.6
v 0.8 2 0.5
v 0.8 2 -0.5
v 0.8 2 -0.6
v 1 -2 1.2
v 1 -2 1.1
v 1 -2 -1.1
v 1 -2 -1.2
v 1 -1.9 1.2
v 1 -1.9 1.1
v 1 -1.9 -1.2
v 1 -1.8 1.2
v 1 -1.8 -1.1
v 1 -1.8 -1.2
v 1 -1.7 1.2
v 1 -1.7 1.1
v 1 -1.6 1.2
v 1 -1.6 1.1
v 1 -1.6 -1.2
v 1 -1.5 1.2
v 1 -1.5 1.1
v 1 -1.5 -1.1
v 1 -1.5 -1.2
v 1 -1.4 1.2
v 1 -1.4 1.1
v 1 -1.4 -1.1
v 1 -1.4 -1.2
v 1 -1.3 1.2
v 1 -1.3 1.1
v 1 -1.3 -1.1
v 1 -1.3 -1.2
v 1 -1.2 1.2
v 1 -1.2 1.1
v 1 -1.2 -1.1
v 1 -1.2 -1.2
v 1 -1.1 1.2
v 1 -1.1 1.1
v 1 -1.1 -1.1
v 1 -1.1 -1.2
v 1 1.1 1.2
v 1 1.1 1.1
v 1 1.1 -1.1
v 1 1.1 -1.2
v 1 1.2 1.2
v 1 1.2 1.1
v 1 1.2 -1.1
v 1 1.2 -1.2
v 1 1.3 -1.2
v 1 1.4 1.2
v 1 1.4 -1.1
v 1 1.4 -1.2
v 1 1.5 1.2
v 1 1.5 1.1
v 1 1.5 -1.1
v 1 1.5 -1.2
v 1 1.6 1.2
v 1 1.6 -1.1
v 1 1.6 -1.2
v 1 1.7 1.2
v 1 1.7 -1.1
v 1 1.7 -1.2
v 1 1.8 -1.2
v 1 1.9 1.2
v 1 2 1.2
v 1 2 1.1
v 1 2 -1.1
v 1 2 -1.2
v 1.1 -2 1.1
v 1.1 -2 1
v 1.1 -2 0.4
v 1.1 -2 0.3
v 1.1 -2 -0.3
v 1.1 -2 -0.4
v 1.1 -2 -1
v 1.1 -2 -1.1
v 1.1 -1.9 1.1
v 1.1 -1.9 1
v 1.1 -1.9 0.4
v 1.1 -1.9 0.3
v 1.1 -1.9 -1
v 1.1 -1.9 -1.1
v 1.1 -1.8 1.1
v 1.1 -1.8 1
v 1.1 -1.8 0.4
v 1.1 -1.8 0.3
v 1.1 -1.8 -0.3
v 1.1 -1.8 -0.4
v 1.1 -1.8 -1
v 1.1 -1.8 -1.1
v 1.1 -1.7 1.1
v 1.1 -1.7 1
v 1.1 -1.7 0.4
v 1.1 -1.7 0.3
v 1.1 -1.7 -0.3
v 1.1 -1.7 -0.4
v 1.1 -1.7 -1
v 1.1 -1.7 -1.1
v 1.1 -1.6 1.1
v 1.1 -1.5 1.1
v 1.1 -1.5 1
v 1.1 -1.5 -1
v 1.1 -1.5 -1.1
v 1.1 -1.4 1.1
v 1.1 -1.4 1
v 1.1 -1.4 -1
v 1.1 -1.4 -1.1
v 1.1 -1.3 1.1
v 1.1 -1.3 1
v 1.1 -1.3 -1
v 1.1 -1.3 -1.1
v 1.1 -1.2 1.1
v 1.1 -1.2 1
v 1.1 -1.2 -1
v 1.1 -1.2 -1.1
v 1.1 -1.1 1.1
v 1.1 -1.1 1
v 1.1 -1.1 -1
v 1.1 -1.1 -1.1
v 1.1 1.1 1.1
v 1.1 1.1 1
v 1.1 1.1 -1
v 1.1 1.1 -1.1
v 1.1 1.2 1.1
v 1.1 1.2 1
v 1.1 1.2 -1
v 1.1 1.2 -1.1
v 1.1 1.3 1.1
v 1.1 1.3 1
v 1.1 1.3 -1
v 1.1 1.3 -1.1
v 1.1 1.4 1.1
v 1.1 1.4 1
v 1.1 1.4 -1
v 1.1 1.4 -1.1
v 1.1 1.5 1.1
v 1.1 1.5 1
v 1.1 1.5 -1.1
v 1.1 1.6 -1
v 1.1 1.6 -1.1
v 1.1 1.7 1.1
v 1.1 1.7 1
v 1.1 1.7 0.4
v 1.1 1.7 0.3
v 1.1 1.7 -0.3
v 1.1 1.7 -0.4
v 1.1 1.7 -1
v 1.1 1.7 -1.1
v 1.1 1.8 0.4
v 1.1 1.8 -0.3
v 1.1 1.8 -0.4
v 1.1 1.9 0.4
v 1.1 1.9 -0.3
v 1.1 1.9 -0.4
v 1.1 2 1.1
v 1.1 2 1
v 1.1 2 0.4
v 1.1 2 0.3
v 1.1 2 -0.3
v 1.1 2 -0.4
v 1.1 2 -1
v 1.1 2 -1.1
v 1.3 -2 1
v 1.3 -2 0.9
v 1.3 -2 -0.9
v 1.3 -2 -1
v 1.3 -1.9 1
v 1.3 -1.9 0.9
v 1.3 -1.9 -0.9
v 1.3 -1.9 -1
v 1.3 -1.8 1
v 1.3 -1.8 0.9
v 1.3 -1.8 -1
v 1.3 -1.7 1
v 1.3 -1.7 -0.9
v 1.3 -1.7 -1
v 1.3 -1.6 1
v 1.3 -1.5 1
v 1.3 -1.5 0.9
v 1.3 -1.5 -0.9
v 1.3 -1.5 -1
v 1.3 -1.4 1
v 1.3 -1.4 0.9
v 1.3 -1.4 -0.9
v 1.3 -1.4 -1
v 1.3 -1.3 1
v 1.3 -1.3 0.9
v 1.3 -1.3 -1
v 1.3 -1.2 1
v 1.3 -1.2 0.9
v 1.3 -1.2 -1
v 1.3 -1.1 1
v 1.3 -1.1 0.9
v 1.3 -1.1 -0.9
v 1.3 -1.1 -1
v 1.3 1.1 1
v 1.3 1.1 0.9
v 1.3 1.1 -0.9
v 1.3 1.1 -1
v 1.3 1.2 1
v 1.3 1.2 0.9
v 1.3 1.2 -1
v 1.3 1.3 1
v 1.3 1.3 0.9
v 1.3 1.3 -0.9
v 1.3 1.3 -1
v 1.3 1.4 1
v 1.3 1.4 -0.9
v 1.3 1.4 -1
v 1.3 1.5 1
v 1.3 1.5 0.9
v 1.3 1.5 -0.9
v 1.3 1.5 -1
v 1.3 1.6 1
v 1.3 1.6 0.9
v 1.3 1.6 -0.9
v 1.3 1.6 -1
v 1.3 1.7 1
v 1.3 1.7 0.9
v 1.3 1.8 1
v 1.3 1.8 -0.9
v 1.3 1.8 -1
v 1.3 1.9 1
v 1.3 1.9 -0.9
v 1.3 1.9 -1
v 1.3 2 1
v 1.3 2 0.9
v 1.3 2 -0.9
v 1.3 2 -1
v 1.4 -2 0.9
v 1.4 -2 0.8
v 1.4 -2 -0.8
v 1.4 -2 -0.9
v 1.4 -1.9 0.9
v 1.4 -1.9 0.8
v 1.4 -1.9 -0.8
v 1.4 -1.9 -0.9
v 1.4 -1.8 0.9
v 1.4 -1.8 0.8
v 1.4 -1.8 -0.8
v 1.4 -1.8 -0.9
v 1.4 -1.7 -0.8
v 1.4 -1.7 -0.9
v 1.4 -1.6 0.9
v 1.4 -1.6 0.8
v 1.4 -1.5 0.9
v 1.4 -1.5 0.8
v 1.4 -1.5 -0.9
v 1.4 -1.4 0.9
v 1.4 -1.4 0.8
v 1.4 -1.4 -0.8
v 1.4 -1.4 -0.9
v 1.4 -1.3 0.9
v 1.4 -1.3 -0.8
v 1.4 -1.3 -0.9
v 1.4 -1.2 0.9
v 1.4 -1.1 0.9
v 1.4 -1.1 0.8
v 1.4 -1.1 -0.8
v 1.4 -1.1 -0.9
v 1.4 1.1 0.9
v 1.4 1.1 0.8
v 1.4 1.1 -0.8
v 1.4 1.1 -0.9
v 1.4 1.2 0.9
v 1.4 1.2 -0.8
v 1.4 1.2 -0.9
v 1.4 1.3 0.9
v 1.4 1.3 0.8
v 1.4 1.3 -0.9
v 1.4 1.4 0.9
v 1.4 1.4 0.8
v 1.4 1.4 -0.8
v 1.4 1.4 -0.9
v 1.4 1.5 0.9
v 1.4 1.5 -0.9
v 1.4 1.6 0.9
v 1.4 1.6 0.8
v 1.4 1.6 -0.8
v 1.4 1.6 -0.9
v 1.4 1.7 0.9
v 1.4 1.7 0.8
v 1.4 1.7 -0.8
v 1.4 1.7 -0.9
v 1.4 1.8 0.9
v 1.4 1.8 0.8
v 1.4 1.8 -0.8
v 1.4 1.8 -0.9
v 1.4 1.9 0.9
v 1.4 1.9 0.8
v 1.4 1.9 -0.8
v 1.4 1.9 -0.9
v 1.4 2 0.9
v 1.4 2 0.8
v 1.4 2 -0.8
v 1.4 2 -0.9
v 1.5 -2 0.8
v 1.5 -2 0.6
v 1.5 -2 0.5
v 1.5 -2 -0.5
v 1.5 -2 -0.6
v 1.5 -2 -0.7
v 1.5 -2 -0.8
v 1.5 -1.9 0.8
v 1.5 -1.9 0.7
v 1.5 -1.9 0.6
v 1.5 -1.9 -0.5
v 1.5 -1.9 -0.6
v 1.5 -1.9 -0.7
v 1.5 -1.9 -0.8
v 1.5 -1.8 0.8
v 1.5 -1.8 0.7
v 1.5 -1.8 0.6
v 1.5 -1.8 -0.5
v 1.5 -1.8 -0.6
v 1.5 -1.8 -0.8
v 1.5 -1.7 0.8
v 1.5 -1.7 0.7
v 1.5 -1.7 0.6
v 1.5 -1.7 0.5
v 1.5 -1.7 -0.5
v 1.5 -1.7 -0.6
v 1.5 -1.7 -0.7
v 1.5 -1.7 -0.8
v 1.5 -1.6 0.8
v 1.5 -1.6 0.6
v 1.5 -1.6 0.5
v 1.5 -1.6 -0.5
v 1.5 -1.6 -0.6
v 1.5 -1.6 -0.7
v 1.5 -1.6 -0.8
v 1.5 -1.5 0.8
v 1.5 -1.5 0.7
v 1.5 -1.5 0.6
v 1.5 -1.5 0.5
v 1.5 -1.5 -0.5
v 1.5 -1.5 -0.6
v 1.5 -1.5 -0.7
v 1.5 -1.5 -0.8
v 1.5 -1.4 0.8
v 1.5 -1.4 0.6
v 1.5 -1.4 0.5
v 1.5 -1.4 -0.6
v 1.5 -1.4 -0.7
v 1.5 -1.4 -0.8
v 1.5 -1.3 0.6
v 1.5 -1.3 0.5
v 1.5 -1.3 -0.5
v 1.5 -1.3 -0.6
v 1.5 -1.3 -0.7
v 1.5 -1.3 -0.8
v 1.5 -1.2 0.8
v 1.5 -1.2 0.7
v 1.5 -1.2 0.6
v 1.5 -1.2 0.5
v 1.5 -1.2 -0.5
v 1.5 -1.2 -0.6
v 1.5 -1.2 -0.7
v 1.5 -1.2 -0.8
v 1.5 -1.1 0.8
v 1.5 -1.1 0.7
v 1.5 -1.1 0.6
v 1.5 -1.1 0.5
v 1.5 -1.1 -0.5
v 1.5 -1.1 -0.6
v 1.5 -1.1 -0.8
v 1.5 1.1 0.8
v 1.5 1.1 0.7
v 1.5 1.1 0.6
v 1.5 1.1 0.5
v 1.5 1.1 -0.5
v 1.5 1.1 -0.6
v 1.5 1.1 -0.7
v 1.5 1.1 -0.8
v 1.5 1.2 0.8
v 1.5 1.2 0.7
v 1.5 1.2 0.6
v 1.5 1.2 0.5
v 1.5 1.2 -0.5
v 1.5 1.2 -0.6
v 1.5 1.2 -0.7
v 1.5 1.2 -0.8
v 1.5 1.3 0.8
v 1.5 1.3 0.7
v 1.5 1.3 0.6
v 1.5 1.3 0.5
v 1.5 1.3 -0.5
v 1.5 1.3 -0.6
v 1.5 1.3 -0.7
v 1.5 1.3 -0.8
v 1.5 1.4 0.8
v 1.5 1.4 0.7
v 1.5 1.4 0.6
v 1.5 1.4 -0.6
v 1.5 1.4 -0.7
v 1.5 1.4 -0.8
v 1.5 1.5 0.6
v 1.5 1.5 0.5
v 1.5 1.5 -0.6
v 1.5 1.5 -0.7
v 1.5 1.6 0.8
v 1.5 1.6 0.6
v 1.5 1.6 0.5
v 1.5 1.6 -0.5
v 1.5 1.6 -0.6
v 1.5 1.6 -0.7
v 1.5 1.6 -0.8
v 1.5 1.7 0.8
v 1.5 1.7 0.7
v 1.5 1.7 0.6
v 1.5 1.7 0.5
v 1.5 1.7 -0.5
v 1.5 1.7 -0.6
v 1.5 1.7 -0.7
v 1.5 1.7 -0.8
v 1.5 1.8 0.8
v 1.5 1.8 0.7
v 1.5 1.8 0.6
v 1.5 1.8 0.5
v 1.5 1.8 -0.6
v 1.5 1.8 -0.7
v 1.5 1.8 -0.8
v 1.5 1.9 0.8
v 1.5 1.9 0.7
v 1.5 1.9 0.6
v 1.5 1.9 0.5
v 1.5 1.9 -0.5
v 1.5 1.9 -0.6
v 1.5 1.9 -0.7
v 1.5 1.9 -0.8
v 1.5 2 0.8
v 1.5 2 0.7
v 1.5 2 0.6
v 1.5 2 0.5
v 1.5 2 -0.5
v 1.5 2 -0.6
v 1.5 2 -0.8
v 1.6 -2 0.5
v 1.6 -2 0.4
v 1.6 -2 0.3
v 1.6 -2 0
v 1.6 -2 -0.1
v 1.6 -2 -0.3
v 1.6 -2 -0.5
v 1.6 -1.9 0.5
v 1.6 -1.9 0.4
v 1.6 -1.9 0.3
v 1.6 -1.9 0.2
v 1.6 -1.9 -0.1
v 1.6 -1.9 -0.2
v 1.6 -1.9 -0.3
v 1.6 -1.9 -0.4
v 1.6 -1.9 -0.5
v 1.6 -1.8 0.5
v 1.6 -1.8 0.4
v 1.6 -1.8 0.3
v 1.6 -1.8 0.2
v 1.6 -1.8 0
v 1.6 -1.8 -0.1
v 1.6 -1.8 -0.2
v 1.6 -1.8 -0.3
v 1.6 -1.8 -0.4
v 1.6 -1.8 -0.5
v 1.6 -1.7 0.5
v 1.6 -1.7 0.2
v 1.6 -1.7 0.0999999
v 1.6 -1.7 0
v 1.6 -1.7 -0.1
v 1.6 -1.7 -0.2
v 1.6 -1.7 -0.3
v 1.6 -1.7 -0.4
v 1.6 -1.7 -0.5
v 1.6 -1.6 0.5
v 1.6 -1.6 0.4
v 1.6 -1.6 0.3
v 1.6 -1.6 0.2
v 1.6 -1.6 0.0999999
v 1.6 -1.6 0
v 1.6 -1.6 -0.1
v 1.6 -1.6 -0.2
v 1.6 -1.6 -0.3
v 1.6 -1.6 -0.4
v 1.6 -1.6 -0.5
v 1.6 -1.5 0.5
v 1.6 -1.5 0.4
v 1.6 -1.5 0.3
v 1.6 -1.5 0.2
v 1.6 -1.5 0.0999999
v 1.6 -1.5 0
v 1.6 -1.5 -0.2
v 1.6 -1.5 -0.3
v 1.6 -1.5 -0.5
v 1.6 -1.4 0.5
v 1.6 -1.4 0.4
v 1.6 -1.4 0.3
v 1.6 -1.4 0.2
v 1.6 -1.4 0.0999999
v 1.6 -1.4 0
v 1.6 -1.4 -0.1
v 1.6 -1.4 -0.2
v 1.6 -1.4 -0.3
v 1.6 -1.4 -0.4
v 1.6 -1.4 -0.5
v 1.6 -1.3 0.5
v 1.6 -1.3 0.3
v 1.6 -1.3 0.2
v 1.6 -1.3 0.0999999
v 1.6 -1.3 0
v 1.6 -1.3 -0.1
v 1.6 -1.3 -0.2
v 1.6 -1.3 -0.3
v 1.6 -1.3 -0.4
v 1.6 -1.3 -0.5
v 1.6 -1.2 0.5
v 1.6 -1.2 0.4
v 1.6 -1.2 0.3
v 1.6 -1.2 0.2
v 1.6 -1.2 0.0999999
v 1.6 -1.2 0
v 1.6 -1.2 -0.1
v 1.6 -1.2 -0.2
v 1.6 -1.2 -0.3
v 1.6 -1.2 -0.4
v 1.6 -1.2 -0.5
v 1.6 -1.1 0.5
v 1.6 -1.1 0.4
v 1.6 -1.1 0.3
v 1.6 -1.1 0.2
v 1.6 -1.1 0.0999999
v 1.6 -1.1 0
v 1.6 -1.1 -0.1
v 1.6 -1.1 -0.2
v 1.6 -1.1 -0.3
v 1.6 -1.1 -0.4
v 1.6 -1.1 -0.5
v 1.6 1.1 0.5
v 1.6 1.1 0.4
v 1.6 1.1 0.3
v 1.6 1.1 0.2
v 1.6 1.1 0.0999999
v 1.6 1.1 0
v 1.6 1.1 -0.1
v 1.6 1.1 -0.2
v 1.6 1.1 -0.3
v 1.6 1.1 -0.5
v 1.6 1.2 0.5
v 1.6 1.2 0.4
v 1.6 1.2 0.3
v 1.6 1.2 0.2
v 1.6 1.2 0.0999999
v 1.6 1.2 0
v 1.6 1.2 -0.1
v 1.6 1.2 -0.2
v 1.6 1.2 -0.3
v 1.6 1.2 -0.4
v 1.6 1.2 -0.5
v 1.6 1.3 0.5
v 1.6 1.3 0.4
v 1.6 1.3 0.3
v 1.6 1.3 0.2
v 1.6 1.3 0.0999999
v 1.6 1.3 -0.1
v 1.6 1.3 -0.2
v 1.6 1.3 -0.3
v 1.6 1.3 -0.4
v 1.6 1.3 -0.5
v 1.6 1.4 0.5
v 1.6 1.4 0.4
v 1.6 1.4 0.3
v 1.6 1.4 0.2
v 1.6 1.4 0.0999999
v 1.6 1.4 -0.1
v 1.6 1.4 -0.2
v 1.6 1.4 -0.3
v 1.6 1.4 -0.4
v 1.6 1.4 -0.5
v 1.6 1.5 0.5
v 1.6 1.5 0.4
v 1.6 1.5 0.2
v 1.6 1.5 0
v 1.6 1.5 -0.1
v 1.6 1.5 -0.2
v 1.6 1.5 -0.3
v 1.6 1.5 -0.4
v 1.6 1.5 -0.5
v 1.6 1.6 0.5
v 1.6 1.6 0.4
v 1.6 1.6 0.2
v 1.6 1.6 0
v 1.6 1.6 -0.2
v 1.6 1.6 -0.3
v 1.6 1.6 -0.5
v 1.6 1.7 0.5
v 1.6 1.7 0.4
v 1.6 1.7 0.3
v 1.6 1.7 -0.1
v 1.6 1.7 -0.2
v 1.6 1.7 -0.3
v 1.6 1.7 -0.4
v 1.6 1.7 -0.5
v 1.6 1.8 0.5
v 1.6 1.8 0.4
v 1.6 1.8 0.3
v 1.6 1.8 0.2
v 1.6 1.8 0
v 1.6 1.8 -0.2
v 1.6 1.8 -0.3
v 1.6 1.8 -0.4
v 1.6 1.8 -0.5
v 1.6 1.9 0.5
v 1.6 1.9 0.3
v 1.6 1.9 0.2
v 1.6 1.9 0.0999999
v 1.6 1.9 -0.2
v 1.6 1.9 -0.3
v 1.6 1.9 -0.4
v 1.6 1.9 -0.5
v 1.6 2 0.5
v 1.6 2 0.0999999
v 1.6 2 0
v 1.6 2 -0.2
v 1.6 2 -0.3
v 1.6 2 -0.4
v 1.6 2 -0.5
v -1.6 -2 0.5
v -1.6 -2 0.3
v -1.6 -2 0.2
v -1.6 -2 -0.3
v -1.6 -2 -0.5
v -1.6 -1.9 0.5
v -1.6 -1.9 0.3
v -1.6 -1.9 0.2
v -1.6 -1.9 0.0999999
v -1.6 -1.9 0
v -1.6 -1.9 -0.1
v -1.6 -1.9 -0.2
v -1.6 -1.9 -0.3
v -1.6 -1.9 -0.4
v -1.6 -1.9 -0.5
v -1.6 -1.8 0.5
v -1.6 -1.8 0.4
v -1.6 -1.8 0.2
v -1.6 -1.8 0.0999999
v -1.6 -1.8 0
v -1.6 -1.8 -0.1
v -1.6 -1.8 -0.2
v -1.6 -1.8 -0.3
v -1.6 -1.8 -0.4
v -1.6 -1.8 -0.5
v -1.6 -1.7 0.5
v -1.6 -1.7 0.4
v -1.6 -1.7 0.3
v -1.6 -1.7 0.2
v -1.6 -1.7 -0.1
v -1.6 -1.7 -0.2
v -1.6 -1.7 -0.3
v -1.6 -1.7 -0.4
v -1.6 -1.7 -0.5
v -1.6 -1.6 0.5
v -1.6 -1.6 0.4
v -1.6 -1.6 0.3
v -1.6 -1.6 0.0999999
v -1.6 -1.6 0
v -1.6 -1.6 -0.1
v -1.6 -1.6 -0.2
v -1.6 -1.6 -0.3
v -1.6 -1.6 -0.5
v -1.6 -1.5 0.5
v -1.6 -1.5 0.4
v -1.6 -1.5 0.3
v -1.6 -1.5 0.2
v -1.6 -1.5 0
v -1.6 -1.5 -0.3
v -1.6 -1.5 -0.4
v -1.6 -1.5 -0.5
v -1.6 -1.4 0.5
v -1.6 -1.4 0.4
v -1.6 -1.4 0.3
v -1.6 -1.4 0.2
v -1.6 -1.4 0.0999999
v -1.6 -1.4 0
v -1.6 -1.4 -0.1
v -1.6 -1.4 -0.2
v -1.6 -1.4 -0.3
v -1.6 -1.4 -0.4
v -1.6 -1.4 -0.5
v -1.6 -1.3 0.5
v -1.6 -1.3 0.4
v -1.6 -1.3 0.3
v -1.6 -1.3 0.2
v -1.6 -1.3 0.0999999
v -1.6 -1.3 0
v -1.6 -1.3 -0.1
v -1.6 -1.3 -0.2
v -1.6 -1.3 -0.3
v -1.6 -1.3 -0.4
v -1.6 -1.3 -0.5
v -1.6 -1.2 0.5
v -1.6 -1.2 0.4
v -1.6 -1.2 0.3
v -1.6 -1.2 0.2
v -1.6 -1.2 0.0999999
v -1.6 -1.2 0
v -1.6 -1.2 -0.1
v -1.6 -1.2 -0.2
v -1.6 -1.2 -0.3
v -1.6 -1.2 -0.4
v -1.6 -1.2 -0.5
v -1.6 -1.1 0.5
v -1.6 -1.1 0.3
v -1.6 -1.1 0.0999999
v -1.6 -1.1 0
v -1.6 -1.1 -0.1
v -1.6 -1.1 -0.3
v -1.6 -1.1 -0.5
v -1.6 1.1 0.5
v -1.6 1.1 0.3
v -1.6 1.1 0.0999999
v -1.6 1.1 0
v -1.6 1.1 -0.1
v -1.6 1.1 -0.3
v -1.6 1.1 -0.4
v -1.6 1.1 -0.5
v -1.6 1.2 0.5
v -1.6 1.2 0.4
v -1.6 1.2 0.3
v -1.6 1.2 0.2
v -1.6 1.2 0.0999999
v -1.6 1.2 0
v -1.6 1.2 -0.1
v -1.6 1.2 -0.2
v -1.6 1.2 -0.3
v -1.6 1.2 -0.4
v -1.6 1.2 -0.5
v -1.6 1.3 0.5
v -1.6 1.3 0.4
v -1.6 1.3 0.3
v -1.6 1.3 0.2
v -1.6 1.3 0.0999999
v -1.6 1.3 0
v -1.6 1.3 -0.1
v -1.6 1.3 -0.2
v -1.6 1.3 -0.3
v -1.6 1.3 -0.4
v -1.6 1.3 -0.5
v -1.6 1.4 0.5
v -1.6 1.4 0.4
v -1.6 1.4 0.3
v -1.6 1.4 0.2
v -1.6 1.4 0.0999999
v -1.6 1.4 0
v -1.6 1.4 -0.1
v -1.6 1.4 -0.2
v -1.6 1.4 -0.3
v -1.6 1.4 -0.4
v -1.6 1.4 -0.5
v -1.6 1.5 0.5
v -1.6 1.5 0.4
v -1.6 1.5 0.3
v -1.6 1.5 0.2
v -1.6 1.5 0
v -1.6 1.5 -0.2
v -1.6 1.5 -0.3
v -1.6 1.5 -0.4
v -1.6 1.5 -0.5
v -1.6 1.6 0.5
v -1.6 1.6 0.4
v -1.6 1.6 0.3
v -1.6 1.6 0.2
v -1.6 1.6 0.0999999
v -1.6 1.6 0
v -1.6 1.6 -0.1
v -1.6 1.6 -0.2
v -1.6 1.6 -0.4
v -1.6 1.6 -0.5
v -1.6 1.7 0.5
v -1.6 1.7 0.4
v -1.6 1.7 0.3
v -1.6 1.7 0.2
v -1.6 1.7 0.0999999
v -1.6 1.7 0
v -1.6 1.7 -0.1
v -1.6 1.7 -0.2
v -1.6 1.7 -0.3
v -1.6 1.7 -0.4
v -1.6 1.7 -0.5
v -1.6 1.8 0.5
v -1.6 1.8 0.4
v -1.6 1.8 0.3
v -1.6 1.8 0.2
v -1.6 1.8 0
v -1.6 1.8 -0.1
v -1.6 1.8 -0.2
v -1.6 1.8 -0.3
v -1.6 1.8 -0.4
v -1.6 1.8 -0.5
v -1.6 1.9 0.5
v -1.6 1.9 0.4
v -1.6 1.9 0.3
v -1.6 1.9 0.2
v -1.6 1.9 0.0999999
v -1.6 1.9 -0.2
v -1.6 1.9 -0.3
v -1.6 1.9 -0.4
v -1.6 1.9 -0.5
v -1.6 2 0.5
v -1.6 2 0.3
v -1.6 2 0.0999999
v -1.6 2 0
v -1.6 2 -0.2
v -1.6 2 -0.3
v -1.6 2 -0.4
v -1.6 2 -0.5
v -1.5 -2 0.8
v -1.5 -2 0.6
v -1.5 -2 0.5
v -1.5 -2 -0.5
v -1.5 -2 -0.6
v -1.5 -2 -0.8
v -1.5 -1.9 0.8
v -1.5 -1.9 0.7
v -1.5 -1.9 -0.5
v -1.5 -1.9 -0.6
v -1.5 -1.9 -0.7
v -1.5 -1.9 -0.8
v -1.5 -1.8 0.8
v -1.5 -1.8 0.7
v -1.5 -1.8 0.6
v -1.5 -1.8 0.5
v -1.5 -1.8 -0.6
v -1.5 -1.8 -0.7
v -1.5 -1.8 -0.8
v -1.5 -1.7 0.8
v -1.5 -1.7 0.7
v -1.5 -1.7 0.6
v -1.5 -1.7 0.5
v -1.5 -1.7 -0.5
v -1.5 -1.7 -0.6
v -1.5 -1.7 -0.7
v -1.5 -1.7 -0.8
v -1.5 -1.6 0.7
v -1.5 -1.6 0.6
v -1.5 -1.6 0.5
v -1.5 -1.6 -0.5
v -1.5 -1.6 -0.6
v -1.5 -1.6 -0.7
v -1.5 -1.6 -0.8
v -1.5 -1.5 0.8
v -1.5 -1.5 0.7
v -1.5 -1.5 0.6
v -1.5 -1.5 -0.5
v -1.5 -1.5 -0.6
v -1.5 -1.5 -0.7
v -1.5 -1.5 -0.8
v -1.5 -1.4 0.8
v -1.5 -1.4 -0.5
v -1.5 -1.4 -0.6
v -1.5 -1.4 -0.7
v -1.5 -1.4 -0.8
v -1.5 -1.3 0.8
v -1.5 -1.3 0.7
v -1.5 -1.3 0.6
v -1.5 -1.3 0.5
v -1.5 -1.3 -0.5
v -1.5 -1.3 -0.6
v -1.5 -1.3 -0.7
v -1.5 -1.2 0.8
v -1.5 -1.2 0.7
v -1.5 -1.2 0.6
v -1.5 -1.2 0.5
v -1.5 -1.2 -0.5
v -1.5 -1.2 -0.6
v -1.5 -1.2 -0.7
v -1.5 -1.2 -0.8
v -1.5 -1.1 0.8
v -1.5 -1.1 0.7
v -1.5 -1.1 0.6
v -1.5 -1.1 0.5
v -1.5 -1.1 -0.5
v -1.5 -1.1 -0.6
v -1.5 -1.1 -0.7
v -1.5 -1.1 -0.8
v -1.5 1.1 0.8
v -1.5 1.1 0.7
v -1.5 1.1 0.6
v -1.5 1.1 0.5
v -1.5 1.1 -0.5
v -1.5 1.1 -0.6
v -1.5 1.1 -0.7
v -1.5 1.1 -0.8
v -1.5 1.2 0.8
v -1.5 1.2 0.7
v -1.5 1.2 0.6
v -1.5 1.2 0.5
v -1.5 1.2 -0.5
v -1.5 1.2 -0.6
v -1.5 1.2 -0.7
v -1.5 1.2 -0.8
v -1.5 1.3 0.8
v -1.5 1.3 0.7
v -1.5 1.3 0.6
v -1.5 1.3 0.5
v -1.5 1.3 -0.5
v -1.5 1.3 -0.6
v -1.5 1.3 -0.7
v -1.5 1.4 0.8
v -1.5 1.4 0.7
v -1.5 1.4 0.6
v -1.5 1.4 0.5
v -1.5 1.4 -0.5
v -1.5 1.4 -0.6
v -1.5 1.4 -0.8
v -1.5 1.5 0.8
v -1.5 1.5 0.7
v -1.5 1.5 0.6
v -1.5 1.5 0.5
v -1.5 1.5 -0.5
v -1.5 1.5 -0.6
v -1.5 1.5 -0.7
v -1.5 1.6 0.8
v -1.5 1.6 0.7
v -1.5 1.6 0.6
v -1.5 1.6 0.5
v -1.5 1.6 -0.5
v -1.5 1.6 -0.6
v -1.5 1.6 -0.7
v -1.5 1.7 0.8
v -1.5 1.7 0.7
v -1.5 1.7 0.6
v -1.5 1.7 0.5
v -1.5 1.7 -0.5
v -1.5 1.7 -0.6
v -1.5 1.7 -0.7
v -1.5 1.7 -0.8
v -1.5 1.8 0.8
v -1.5 1.8 0.6
v -1.5 1.8 0.5
v -1.5 1.8 -0.6
v -1.5 1.8 -0.8
v -1.5 1.9 0.8
v -1.5 1.9 0.7
v -1.5 1.9 0.6
v -1.5 1.9 0.5
v -1.5 1.9 -0.6
v -1.5 1.9 -0.7
v -1.5 1.9 -0.8
v -1.5 2 0.8
v -1.5 2 0.7
v -1.5 2 0.6
v -1.5 2 0.5
v -1.5 2 -0.5
v -1.5 2 -0.6
v -1.5 2 -0.7
v -1.5 2 -0.8
v -1.4 -2 0.9
v -1.4 -2 0.8
v -1.4 -2 -0.8
v -1.4 -2 -0.9
v -1.4 -1.9 0.9
v -1.4 -1.9 0.8
v -1.4 -1.9 -0.8
v -1.4 -1.9 -0.9
v -1.4 -1.8 0.9
v -1.4 -1.8 0.8
v -1.4 -1.8 -0.8
v -1.4 -1.8 -0.9
v -1.4 -1.7 -0.8
v -1.4 -1.7 -0.9
v -1.4 -1.6 -0.8
v -1.4 -1.6 -0.9
v -1.4 -1.5 0.9
v -1.4 -1.5 -0.9
v -1.4 -1.4 0.9
v -1.4 -1.4 0.8
v -1.4 -1.4 -0.8
v -1.4 -1.4 -0.9
v -1.4 -1.3 0.9
v -1.4 -1.3 0.8
v -1.4 -1.3 -0.9
v -1.4 -1.2 0.9
v -1.4 -1.2 0.8
v -1.4 -1.2 -0.8
v -1.4 -1.2 -0.9
v -1.4 -1.1 0.9
v -1.4 -1.1 0.8
v -1.4 -1.1 -0.8
v -1.4 -1.1 -0.9
v -1.4 1.1 0.9
v -1.4 1.1 0.8
v -1.4 1.1 -0.8
v -1.4 1.1 -0.9
v -1.4 1.2 0.9
v -1.4 1.2 0.8
v -1.4 1.3 0.9
v -1.4 1.3 0.8
v -1.4 1.3 -0.9
v -1.4 1.4 0.9
v -1.4 1.4 0.8
v -1.4 1.4 -0.8
v -1.4 1.4 -0.9
v -1.4 1.5 0.9
v -1.4 1.5 0.8
v -1.4 1.5 -0.9
v -1.4 1.6 0.9
v -1.4 1.6 0.8
v -1.4 1.7 0.9
v -1.4 1.7 -0.8
v -1.4 1.7 -0.9
v -1.4 1.8 0.9
v -1.4 1.8 0.8
v -1.4 1.8 -0.8
v -1.4 1.8 -0.9
v -1.4 1.9 0.9
v -1.4 1.9 0.8
v -1.4 1.9 -0.8
v -1.4 1.9 -0.9
v -1.4 2 0.9
v -1.4 2 0.8
v -1.4 2 -0.8
v -1.4 2 -0.9
v -1.3 -2 1
v -1.3 -2 0.9
v -1.3 -2 -0.9
v -1.3 -2 -1
v -1.3 -1.9 1
v -1.3 -1.9 0.9
v -1.3 -1.9 -0.9
v -1.3 -1.9 -1
v -1.3 -1.8 -0.9
v -1.3 -1.8 -1
v -1.3 -1.7 1
v -1.3 -1.7 -0.9
v -1.3 -1.7 -1
v -1.3 -1.5 1
v -1.3 -1.5 0.9
v -1.3 -1.5 -0.9
v -1.3 -1.5 -1
v -1.3 -1.4 1
v -1.3 -1.4 -0.9
v -1.3 -1.4 -1
v -1.3 -1.3 1
v -1.3 -1.3 0.9
v -1.3 -1.3 -0.9
v -1.3 -1.3 -1
v -1.3 -1.2 1
v -1.3 -1.2 -0.9
v -1.3 -1.2 -1
v -1.3 -1.1 1
v -1.3 -1.1 0.9
v -1.3 -1.1 -0.9
v -1.3 -1.1 -1
v -1.3 1.1 1
v -1.3 1.1 0.9
v -1.3 1.1 -0.9
v -1.3 1.1 -1
v -1.3 1.2 1
v -1.3 1.2 0.9
v -1.3 1.2 -1
v -1.3 1.3 1
v -1.3 1.3 0.9
v -1.3 1.3 -0.9
v -1.3 1.3 -1
v -1.3 1.4 1
v -1.3 1.4 0.9
v -1.3 1.4 -0.9
v -1.3 1.4 -1
v -1.3 1.5 1
v -1.3 1.5 0.9
v -1.3 1.5 -0.9
v -1.3 1.5 -1
v -1.3 1.7 1
v -1.3 1.7 0.9
v -1.3 1.8 1
v -1.3 1.9 -1
v -1.3 2 1
v -1.3 2 0.9
v -1.3 2 -0.9
v -1.3 2 -1
v -1.1 -2 1.1
v -1.1 -2 1
v -1.1 -2 0.4
v -1.1 -2 0.3
v -1.1 -2 -0.3
v -1.1 -2 -0.4
v -1.1 -2 -1
v -1.1 -2 -1.1
v -1.1 -1.9 1.1
v -1.1 -1.9 -1.1
v -1.1 -1.8 1.1
v -1.1 -1.8 1
v -1.1 -1.8 0.4
v -1.1 -1.8 0.3
v -1.1 -1.8 -0.3
v -1.1 -1.8 -0.4
v -1.1 -1.8 -1
v -1.1 -1.8 -1.1
v -1.1 -1.7 1.1
v -1.1 -1.7 1
v -1.1 -1.7 0.4
v -1.1 -1.7 0.3
v -1.1 -1.7 -0.3
v -1.1 -1.7 -0.4
v -1.1 -1.7 -1
v -1.1 -1.7 -1.1
v -1.1 -1.6 1.1
v -1.1 -1.6 -1.1
v -1.1 -1.5 1.1
v -1.1 -1.5 1
v -1.1 -1.5 -1.1
v -1.1 -1.4 1.1
v -1.1 -1.4 1
v -1.1 -1.4 -1
v -1.1 -1.4 -1.1
v -1.1 -1.3 1.1
v -1.1 -1.3 1
v -1.1 -1.3 -1
v -1.1 -1.3 -1.1
v -1.1 -1.2 1.1
v -1.1 -1.2 1
v -1.1 -1.2 -1
v -1.1 -1.2 -1.1
v -1.1 -1.1 1.1
v -1.1 -1.1 1
v -1.1 -1.1 -1
v -1.1 -1.1 -1.1
v -1.1 1.1 1.1
v -1.1 1.1 1
v -1.1 1.1 -1
v -1.1 1.1 -1.1
v -1.1 1.2 1.1
v -1.1 1.2 1
v -1.1 1.2 -1
v -1.1 1.2 -1.1
v -1.1 1.3 1.1
v -1.1 1.3 1
v -1.1 1.3 -1
v -1.1 1.3 -1.1
v -1.1 1.4 1.1
v -1.1 1.4 1
v -1.1 1.4 -1
v -1.1 1.4 -1.1
v -1.1 1.5 1.1
v -1.1 1.5 -1
v -1.1 1.5 -1.1
v -1.1 1.6 1.1
v -1.1 1.6 1
v -1.1 1.6 -1
v -1.1 1.6 -1.1
v -1.1 1.7 1.1
v -1.1 1.7 1
v -1.1 1.7 0.4
v -1.1 1.7 0.3
v -1.1 1.7 -0.3
v -1.1 1.7 -0.4
v -1.1 1.7 -1
v -1.1 1.7 -1.1
v -1.1 1.8 0.4
v -1.1 1.8 -1.1
v -1.1 1.9 1.1
v -1.1 1.9 1
v -1.1 1.9 -0.3
v -1.1 1.9 -0.4
v -1.1 1.9 -1
v -1.1 1.9 -1.1
v -1.1 2 1.1
v -1.1 2 1
v -1.1 2 0.4
v -1.1 2 0.3
v -1.1 2 -0.3
v -1.1 2 -0.4
v -1.1 2 -1
v -1.1 2 -1.1
v -1 -2 1.2
v -1 -2 1.1
v -1 -2 -1.1
v -1 -2 -1.2
v -1 -1.9 1.2
v -1 -1.9 1.1
v -1 -1.9 -1.1
v -1 -1.9 -1.2
v -1 -1.8 1.2
v -1 -1.8 1.1
v -1 -1.8 -1.1
v -1 -1.8 -1.2
v -1 -1.6 1.2
v -1 -1.6 1.1
v -1 -1.6 -1.1
v -1 -1.6 -1.2
v -1 -1.5 1.2
v -1 -1.5 1.1
v -1 -1.5 -1.1
v -1 -1.5 -1.2
v -1 -1.4 1.2
v -1 -1.4 1.1
v -1 -1.4 -1.1
v -1 -1.4 -1.2
v -1 -1.3 1.2
v -1 -1.3 -1.1
v -1 -1.3 -1.2
v -1 -1.2 1.2
v -1 -1.2 1.1
v -1 -1.2 -1.1
v -1 -1.2 -1.2
v -1 -1.1 1.2
v -1 -1.1 1.1
v -1 -1.1 -1.1
v -1 -1.1 -1.2
v -1 1.1 1.2
v -1 1.1 1.1
v -1 1.1 -1.1
v -1 1.1 -1.2
v -1 1.2 1.2
v -1 1.2 1.1
v -1 1.2 -1.1
v -1 1.2 -1.2
v -1 1.3 1.2
v -1 1.3 1.1
v -1 1.3 -1.1
v -1 1.3 -1.2
v -1 1.4 1.2
v -1 1.4 1.1
v -1 1.4 -1.2
v -1 1.5 1.2
v -1 1.5 1.1
v -1 1.5 -1.1
v -1 1.5 -1.2
v -1 1.6 1.2
v -1 1.6 1.1
v -1 1.6 -1.1
v -1 1.6 -1.2
v -1 1.7 1.2
v -1 1.7 1.1
v -1 1.7 -1.1
v -1 1.7 -1.2
v -1 1.8 1.2
v -1 1.8 -1.1
v -1 1.8 -1.2
v -1 1.9 1.2
v -1 1.9 1.1
v -1 2 1.2
v -1 2 1.1
v -1 2 -1.1
v -1 2 -1.2
v -0.8 -2 0.6
v -0.8 -2 0.5
v -0.8 -2 -0.5
v -0.8 -2 -0.6
v -0.8 -1.9 0.6
v -0.8 -1.9 0.5
v -0.8 -1.9 -0.5
v -0.8 -1.9 -0.6
v -0.8 -1.8 0.6
v -0.8 -1.8 0.5
v -0.8 -1.8 -0.5
v -0.8 -1.8 -0.6
v -0.8 -1.7 0.6
v -0.8 -1.7 0.5
v -0.8 -1.7 -0.5
v -0.8 -1.7 -0.6
v -0.8 1.7 0.6
v -0.8 1.7 0.5
v -0.8 1.7 -0.5
v -0.8 1.7 -0.6
v -0.8 1.8 0.6
v -0.8 1.8 0.5
v -0.8 1.8 -0.5
v -0.8 1.8 -0.6
v -0.8 1.9 0.6
v -0.8 1.9 0.5
v -0.8 1.9 -0.5
v -0.8 1.9 -0.6
v -0.8 2 0.6
v -0.8 2 0.5
v -0.8 2 -0.5
v -0.8 2 -0.6
v -0.6 -2 1.3
v -0.6 -2 1.2
v -0.6 -2 0.5
v -0.6 -2 0.4
v -0.6 -2 -0.4
v -0.6 -2 -0.5
v -0.6 -2 -1.2
v -0.6 -2 -1.3
v -0.6 -1.9 0.5
v -0.6 -1.9 0.4
v -0.6 -1.9 -0.4
v -0.6 -1.9 -0.5
v -0.6 -1.8 1.3
v -0.6 -1.8 1.2
v -0.6 -1.8 0.4
v -0.6 -1.8 -0.4
v -0.6 -1.8 -1.2
v -0.6 -1.8 -1.3
v -0.6 -1.7 1.3
v -0.6 -1.7 1.2
v -0.6 -1.7 0.5
v -0.6 -1.7 0.4
v -0.6 -1.7 -0.4
v -0.6 -1.7 -0.5
v -0.6 -1.7 -1.2
v -0.6 -1.7 -1.3
v -0.6 -1.6 1.3
v -0.6 -1.6 1.2
v -0.6 -1.6 -1.2
v -0.6 -1.6 -1.3
v -0.6 -1.5 1.3
v -0.6 -1.5 1.2
v -0.6 -1.5 -1.2
v -0.6 -1.5 -1.3
v -0.6 -1.4 1.2
v -0.6 -1.4 -1.2
v -0.6 -1.4 -1.3
v -0.6 -1.3 1.3
v -0.6 -1.3 1.2
v -0.6 -1.3 -1.2
v -0.6 -1.3 -1.3
v -0.6 -1.2 1.3
v -0.6 -1.2 1.2
v -0.6 -1.2 -1.2
v -0.6 -1.2 -1.3
v -0.6 -1.1 1.3
v -0.6 -1.1 1.2
v -0.6 -1.1 -1.2
v -0.6 -1.1 -1.3
v -0.6 1.1 1.3
v -0.6 1.1 1.2
v -0.6 1.1 -1.2
v -0.6 1.1 -1.3
v -0.6 1.2 1.3
v -0.6 1.2 1.2
v -0.6 1.2 -1.2
v -0.6 1.2 -1.3
v -0.6 1.3 1.3
v -0.6 1.3 1.2
v -0.6 1.3 -1.2
v -0.6 1.3 -1.3
v -0.6 1.4 1.2
v -0.6 1.4 -1.2
v -0.6 1.4 -1.3
v -0.6 1.5 1.3
v -0.6 1.5 1.2
v -0.6 1.5 -1.2
v -0.6 1.5 -1.3
v -0.6 1.6 1.3
v -0.6 1.6 1.2
v -0.6 1.6 -1.2
v -0.6 1.6 -1.3
v -0.6 1.7 1.3
v -0.6 1.7 1.2
v -0.6 1.7 0.5
v -0.6 1.7 0.4
v -0.6 1.7 -0.4
v -0.6 1.7 -0.5
v -0.6 1.7 -1.2
v -0.6 1.7 -1.3
v -0.6 1.8 1.3
v -0.6 1.8 1.2
v -0.6 1.8 0.5
v -0.6 1.8 0.4
v -0.6 1.8 -0.4
v -0.6 1.8 -0.5
v -0.6 1.8 -1.2
v -0.6 1.8 -1.3
v -0.6 1.9 1.3
v -0.6 1.9 1.2
v -0.6 1.9 0.4
v -0.6 1.9 -1.2
v -0.6 1.9 -1.3
v -0.6 2 1.3
v -0.6 2 1.2
v -0.6 2 0.5
v -0.6 2 0.4
v -0.6 2 -0.4
v -0.6 2 -0.5
v -0.6 2 -1.2
v -0.6 2 -1.3
v -0.5 -2 0.4
v -0.5 -2 0.3
v -0.5 -2 -0.3
v -0.5 -2 -0.4
v -0.5 -1.8 0.4
v -0.5 -1.8 0.3
v -0.5 -1.8 -0.3
v -0.5 -1.8 -0.4
v -0.5 -1.7 0.4
v -0.5 -1.7 0.3
v -0.5 -1.7 -0.3
v -0.5 -1.7 -0.4
v -0.5 1.7 0.4
v -0.5 1.7 0.3
v -0.5 1.7 -0.3
v -0.5 1.7 -0.4
v -0.5 1.8 0.4
v -0.5 1.8 0.3
v -0.5 1.8 -0.3
v -0.5 1.8 -0.4
v -0.5 1.9 0.4
v -0.5 1.9 0.3
v -0.5 2 0.4
v -0.5 2 0.3
v -0.5 2 -0.3
v -0.5 2 -0.4
v -0.4 -2 0.3
v -0.4 -2 0.2
v -0.4 -2 -0.2
v -0.4 -2 -0.3
v -0.4 -1.9 -0.2
v -0.4 -1.8 0.2
v -0.4 -1.8 -0.2
v -0.4 -1.8 -0.3
v -0.4 -1.7 0.3
v -0.4 -1.7 0.2
v -0.4 -1.7 -0.2
v -0.4 -1.7 -0.3
v -0.4 1.7 0.3
v -0.4 1.7 0.2
v -0.4 1.7 -0.2
v -0.4 1.7 -0.3
v -0.4 1.8 0.2
v -0.4 1.8 -0.2
v -0.4 1.8 -0.3
v -0.4 1.9 0.3
v -0.4 1.9 0.2
v -0.4 1.9 -0.2
v -0.4 2 0.3
v -0.4 2 0.2
v -0.4 2 -0.2
v -0.4 2 -0.3
v -0.3 -2 0.2
v -0.3 -2 0.0999999
v -0.3 -2 0
v -0.3 -2 -0.1
v -0.3 -2 -0.2
v -0.3 -1.9 0.0999999
v -0.3 -1.9 0
v -0.3 -1.9 -0.1
v -0.3 -1.9 -0.2
v -0.3 -1.8 0.2
v -0.3 -1.8 0.0999999
v -0.3 -1.8 -0.1
v -0.3 -1.8 -0.2
v -0.3 -1.7 0.2
v -0.3 -1.7 0.0999999
v -0.3 -1.6 0.2
v -0.3 -1.6 0.0999999
v -0.3 -1.6 -0.1
v -0.3 -1.6 -0.2
v -0.3 -1.5 0.2
v -0.3 -1.5 0.0999999
v -0.3 -1.5 -0.1
v -0.3 -1.5 -0.2
v -0.3 -1.4 0.2
v -0.3 -1.4 0.0999999
v -0.3 -1.4 -0.1
v -0.3 -1.4 -0.2
v -0.3 -1.3 0.2
v -0.3 -1.3 0.0999999
v -0.3 -1.3 -0.1
v -0.3 -1.3 -0.2
v -0.3 -1.2 0.2
v -0.3 -1.2 0.0999999
v -0.3 -1.2 -0.1
v -0.3 -1.2 -0.2
v -0.3 -1 0.3
v -0.3 -1 0.2
v -0.3 -1 0.0999999
v -0.3 -1 -0.1
v -0.3 -1 -0.2
v -0.3 -1 -0.3
v -0.3 -0.9 0.3
v -0.3 -0.9 0.2
v -0.3 -0.9 0.0999999
v -0.3 -0.9 -0.1
v -0.3 -0.9 -0.2
v -0.3 -0.9 -0.3
v -0.3 -0.8 -0.1
v -0.3 -0.8 -0.2
v -0.3 -0.7 0.2
v -0.3 -0.7 0.0999999
v -0.3 -0.7 -0.1
v -0.3 -0.7 -0.2
v -0.3 -0.6 0.2
v -0.3 -0.6 0.0999999
v -0.3 -0.5 0.2
v -0.3 -0.5 0.0999999
v -0.3 -0.5 -0.1
v -0.3 -0.5 -0.2
v -0.3 -0.4 0.2
v -0.3 -0.4 0.0999999
v -0.3 -0.4 -0.1
v -0.3 -0.4 -0.2
v -0.3 -0.3 0.2
v -0.3 -0.3 0.0999999
v -0.3 -0.3 -0.1
v -0.3 -0.3 -0.2
v -0.3 -0.2 -0.1
v -0.3 -0.2 -0.2
v -0.3 -0.1 0.2
v -0.3 -0.1 0.0999999
v -0.3 -0.1 -0.1
v -0.3 -0.1 -0.2
v -0.3 0.0999999 0.2
v -0.3 0.0999999 0.0999999
v -0.3 0.0999999 -0.1
v -0.3 0.0999999 -0.2
v -0.3 0.2 0.2
v -0.3 0.2 0.0999999
v -0.3 0.2 -0.1
v -0.3 0.2 -0.2
v -0.3 0.3 0.2
v -0.3 0.3 0.0999999
v -0.3 0.3 -0.1
v -0.3 0.3 -0.2
v -0.3 0.4 0.2
v -0.3 0.4 0.0999999
v -0.3 0.4 -0.1
v -0.3 0.4 -0.2
v -0.3 0.5 0.2
v -0.3 0.5 0.0999999
v -0.3 0.5 -0.1
v -0.3 0.5 -0.2
v -0.3 0.6 0.2
v -0.3 0.6 0.0999999
v -0.3 0.7 0.2
v -0.3 0.7 0.0999999
v -0.3 0.7 -0.1
v -0.3 0.7 -0.2
v -0.3 0.8 0.2
v -0.3 0.8 0.0999999
v -0.3 0.8 -0.1
v -0.3 0.8 -0.2
v -0.3 0.9 0.3
v -0.3 0.9 0.2
v -0.3 0.9 0.0999999
v -0.3 0.9 -0.1
v -0.3 0.9 -0.2
v -0.3 0.9 -0.3
v -0.3 1 0.3
v -0.3 1 0.2
v -0.3 1 0.0999999
v -0.3 1 -0.1
v -0.3 1 -0.2
v -0.3 1 -0.3
v -0.3 1.2 0.2
v -0.3 1.2 0.0999999
v -0.3 1.2 -0.1
v -0.3 1.2 -0.2
v -0.3 1.3 0.2
v -0.3 1.3 0.0999999
v -0.3 1.3 -0.1
v -0.3 1.3 -0.2
v -0.3 1.4 0.2
v -0.3 1.4 0.0999999
v -0.3 1.4 -0.1
v -0.3 1.4 -0.2
v -0.3 1.5 0.2
v -0.3 1.5 0.0999999
v -0.3 1.5 -0.1
v -0.3 1.5 -0.2
v -0.3 1.6 0.2
v -0.3 1.6 0.0999999
v -0.3 1.6 -0.1
v -0.3 1.6 -0.2
v -0.3 1.7 0.2
v -0.3 1.7 0.0999999
v -0.3 1.7 -0.1
v -0.3 1.7 -0.2
v -0.3 1.8 0.2
v -0.3 1.8 0.0999999
v -0.3 1.8 -0.1
v -0.3 1.8 -0.2
v -0.3 1.9 0.2
v -0.3 1.9 0.0999999
v -0.3 1.9 -0.1
v -0.3 1.9 -0.2
v -0.3 2 0.2
v -0.3 2 0.0999999
v -0.3 2 -0.1
v -0.3 2 -0.2
v -0.2 -2 1.1
v -0.2 -2 1
v -0.2 -2 0.9
v -0.2 -2 -0.9
v -0.2 -2 -1
v -0.2 -2 -1.1
v -0.2 -1.9 1.1
v -0.2 -1.9 1
v -0.2 -1.9 0.9
v -0.2 -1.9 0.8
v -0.2 -1.9 -0.8
v -0.2 -1.9 -0.9
v -0.2 -1.9 -1
v -0.2 -1.9 -1.1
v -0.2 -1.8 1
v -0.2 -1.8 0.9
v -0.2 -1.8 0.8
v -0.2 -1.8 0.7
v -0.2 -1.8 -0.7
v -0.2 -1.8 -0.8
v -0.2 -1.8 -0.9
v -0.2 -1.8 -1
v -0.2 -1.7 0.9
v -0.2 -1.7 0.8
v -0.2 -1.7 0.7
v -0.2 -1.7 0.6
v -0.2 -1.7 -0.6
v -0.2 -1.7 -0.7
v -0.2 -1.7 -0.8
v -0.2 -1.7 -0.9
v -0.2 -1.6 0.8
v -0.2 -1.6 0.7
v -0.2 -1.6 0.6
v -0.2 -1.6 0.5
v -0.2 -1.6 -0.5
v -0.2 -1.6 -0.6
v -0.2 -1.6 -0.7
v -0.2 -1.6 -0.8
v -0.2 -1.5 0.7
v -0.2 -1.5 0.6
v -0.2 -1.5 0.5
v -0.2 -1.5 0.4
v -0.2 -1.5 -0.4
v -0.2 -1.5 -0.5
v -0.2 -1.5 -0.6
v -0.2 -1.5 -0.7
v -0.2 -1.4 0.6
v -0.2 -1.4 0.5
v -0.2 -1.4 0.4
v -0.2 -1.4 0.3
v -0.2 -1.4 -0.3
v -0.2 -1.4 -0.4
v -0.2 -1.4 -0.5
v -0.2 -1.4 -0.6
v -0.2 -1.3 0.5
v -0.2 -1.3 0.4
v -0.2 -1.3 0.3
v -0.2 -1.3 0.2
v -0.2 -1.3 -0.2
v -0.2 -1.3 -0.3
v -0.2 -1.3 -0.4
v -0.2 -1.3 -0.5
v -0.2 -1.2 0.4
v -0.2 -1.2 0.3
v -0.2 -1.2 0.2
v -0.2 -1.2 0.0999999
v -0.2 -1.2 -0.1
v -0.2 -1.2 -0.2
v -0.2 -1.2 -0.3
v -0.2 -1.2 -0.4
v -0.2 -1.1 0.3
v -0.2 -1.1 0.2
v -0.2 -1.1 0.0999999
v -0.2 -1.1 -0.1
v -0.2 -1.1 -0.2
v -0.2 -1.1 -0.3
v -0.2 -1 0.2
v -0.2 -1 0.0999999
v -0.2 -1 0
v -0.2 -1 -0.1
v -0.2 -1 -0.2
v -0.2 -0.9 0.0999999
v -0.2 -0.9 0
v -0.2 -0.9 -0.1
v -0.2 0.9 0.0999999
v -0.2 0.9 0
v -0.2 0.9 -0.1
v -0.2 1 0.2
v -0.2 1 0.0999999
v -0.2 1 0
v -0.2 1 -0.1
v -0.2 1 -0.2
v -0.2 1.1 0.3
v -0.2 1.1 0.2
v -0.2 1.1 0.0999999
v -0.2 1.1 0
v -0.2 1.1 -0.1
v -0.2 1.1 -0.2
v -0.2 1.1 -0.3
v -0.2 1.2 0.4
v -0.2 1.2 0.3
v -0.2 1.2 0.2
v -0.2 1.2 0.0999999
v -0.2 1.2 -0.1
v -0.2 1.2 -0.2
v -0.2 1.2 -0.3
v -0.2 1.2 -0.4
v -0.2 1.3 0.5
v -0.2 1.3 0.4
v -0.2 1.3 0.3
v -0.2 1.3 0.2
v -0.2 1.3 -0.2
v -0.2 1.3 -0.3
v -0.2 1.3 -0.4
v -0.2 1.3 -0.5
v -0.2 1.4 0.6
v -0.2 1.4 0.5
v -0.2 1.4 0.4
v -0.2 1.4 0.3
v -0.2 1.4 -0.3
v -0.2 1.4 -0.4
v -0.2 1.4 -0.5
v -0.2 1.4 -0.6
v -0.2 1.5 0.7
v -0.2 1.5 0.6
v -0.2 1.5 0.5
v -0.2 1.5 0.4
v -0.2 1.5 -0.4
v -0.2 1.5 -0.5
v -0.2 1.5 -0.6
v -0.2 1.5 -0.7
v -0.2 1.6 0.8
v -0.2 1.6 0.7
v -0.2 1.6 0.6
v -0.2 1.6 0.5
v -0.2 1.6 -0.5
v -0.2 1.6 -0.6
v -0.2 1.6 -0.7
v -0.2 1.6 -0.8
v -0.2 1.7 0.9
v -0.2 1.7 0.8
v -0.2 1.7 0.7
v -0.2 1.7 0.6
v -0.2 1.7 -0.6
v -0.2 1.7 -0.7
v -0.2 1.7 -0.8
v -0.2 1.7 -0.9
v -0.2 1.8 1
v -0.2 1.8 0.9
v -0.2 1.8 0.8
v -0.2 1.8 0.7
v -0.2 1.8 -0.7
v -0.2 1.8 -0.8
v -0.2 1.8 -0.9
v -0.2 1.8 -1
v -0.2 1.9 1.1
v -0.2 1.9 1
v -0.2 1.9 0.9
v -0.2 1.9 0.8
v -0.2 1.9 -0.8
v -0.2 1.9 -0.9
v -0.2 1.9 -1
v -0.2 1.9 -1.1
v -0.2 2 1.1
v -0.2 2 1
v -0.2 2 0.9
v -0.2 2 -0.9
v -0.2 2 -1
v -0.2 2 -1.1
v 0.3 -2 1.1
v 0.3 -2 1
v 0.3 -2 0.9
v 0.3 -2 -0.9
v 0.3 -2 -1
v 0.3 -2 -1.1
v 0.3 -1.9 1.1
v 0.3 -1.9 1
v 0.3 -1.9 0.9
v 0.3 -1.9 0.8
v 0.3 -1.9 -0.8
v 0.3 -1.9 -0.9
v 0.3 -1.9 -1
v 0.3 -1.9 -1.1
v 0.3 -1.8 1
v 0.3 -1.8 0.9
v 0.3 -1.8 0.8
v 0.3 -1.8 0.7
v 0.3 -1.8 -0.7
v 0.3 -1.8 -0.8
v 0.3 -1.8 -0.9
v 0.3 -1.8 -1
v 0.3 -1.7 0.9
v 0.3 -1.7 0.8
v 0.3 -1.7 0.7
v 0.3 -1.7 0.6
v 0.3 -1.7 -0.6
v 0.3 -1.7 -0.7
v 0.3 -1.7 -0.8
v 0.3 -1.7 -0.9
v 0.3 -1.6 0.8
v 0.3 -1.6 0.7
v 0.3 -1.6 0.6
v 0.3 -1.6 0.5
v 0.3 -1.6 -0.5
v 0.3 -1.6 -0.6
v 0.3 -1.6 -0.7
v 0.3 -1.6 -0.8
v 0.3 -1.5 0.7
v 0.3 -1.5 0.6
v 0.3 -1.5 0.5
v 0.3 -1.5 0.4
v 0.3 -1.5 -0.4
v 0.3 -1.5 -0.5
v 0.3 -1.5 -0.6
v 0.3 -1.5 -0.7
v 0.3 -1.4 0.6
v 0.3 -1.4 0.5
v 0.3 -1.4 0.4
v 0.3 -1.4 0.3
v 0.3 -1.4 -0.3
v 0.3 -1.4 -0.4
v 0.3 -1.4 -0.5
v 0.3 -1.4 -0.6
v 0.3 -1.3 0.5
v 0.3 -1.3 0.4
v 0.3 -1.3 0.3
v 0.3 -1.3 0.2
v 0.3 -1.3 -0.2
v 0.3 -1.3 -0.3
v 0.3 -1.3 -0.4
v 0.3 -1.3 -0.5
v 0.3 -1.2 0.4
v 0.3 -1.2 0.3
v 0.3 -1.2 0.2
v 0.3 -1.2 -0.2
v 0.3 -1.2 -0.3
v 0.3 -1.2 -0.4
v 0.3 -1.1 0.3
v 0.3 -1.1 0.2
v 0.3 -1.1 0.0999999
v 0.3 -1.1 0
v 0.3 -1.1 -0.1
v 0.3 -1.1 -0.2
v 0.3 -1.1 -0.3
v 0.3 -1 0.0999999
v 0.3 -1 0
v 0.3 -1 -0.1
v 0.3 1 0.0999999
v 0.3 1 -0.1
v 0.3 1.1 0.3
v 0.3 1.1 0.2
v 0.3 1.1 0.0999999
v 0.3 1.1 -0.1
v 0.3 1.1 -0.2
v 0.3 1.1 -0.3
v 0.3 1.2 0.4
v 0.3 1.2 0.3
v 0.3 1.2 0.2
v 0.3 1.2 -0.2
v 0.3 1.2 -0.3
v 0.3 1.2 -0.4
v 0.3 1.3 0.5
v 0.3 1.3 0.4
v 0.3 1.3 0.3
v 0.3 1.3 0.2
v 0.3 1.3 -0.2
v 0.3 1.3 -0.3
v 0.3 1.3 -0.4
v 0.3 1.3 -0.5
v 0.3 1.4 0.6
v 0.3 1.4 0.5
v 0.3 1.4 0.4
v 0.3 1.4 0.3
v 0.3 1.4 -0.3
v 0.3 1.4 -0.4
v 0.3 1.4 -0.5
v 0.3 1.4 -0.6
v 0.3 1.5 0.7
v 0.3 1.5 0.6
v 0.3 1.5 0.5
v 0.3 1.5 0.4
v 0.3 1.5 -0.4
v 0.3 1.5 -0.5
v 0.3 1.5 -0.6
v 0.3 1.5 -0.7
v 0.3 1.6 0.8
v 0.3 1.6 0.7
v 0.3 1.6 0.6
v 0.3 1.6 0.5
v 0.3 1.6 -0.5
v 0.3 1.6 -0.6
v 0.3 1.6 -0.7
v 0.3 1.6 -0.8
v 0.3 1.7 0.9
v 0.3 1.7 0.8
v 0.3 1.7 0.7
v 0.3 1.7 0.6
v 0.3 1.7 -0.6
v 0.3 1.7 -0.7
v 0.3 1.7 -0.8
v 0.3 1.7 -0.9
v 0.3 1.8 1
v 0.3 1.8 0.9
v 0.3 1.8 0.8
v 0.3 1.8 0.7
v 0.3 1.8 -0.7
v 0.3 1.8 -0.8
v 0.3 1.8 -0.9
v 0.3 1.8 -1
v 0.3 1.9 1.1
v 0.3 1.9 1
v 0.3 1.9 0.9
v 0.3 1.9 0.8
v 0.3 1.9 -0.8
v 0.3 1.9 -0.9
v 0.3 1.9 -1
v 0.3 1.9 -1.1
v 0.3 2 1.1
v 0.3 2 1
v 0.3 2 0.9
v 0.3 2 -0.9
v 0.3 2 -1
v 0.3 2 -1.1
v 0.4 -2 0.0999999
v 0.4 -2 -0.1
v 0.4 -1.9 0.0999999
v 0.4 -1.9 -0.1
v 0.4 -1.7 0.2
v 0.4 -1.7 0.0999999
v 0.4 -1.7 -0.1
v 0.4 -1.7 -0.2
v 0.4 -1.6 0.2
v 0.4 -1.6 0.0999999
v 0.4 -1.6 -0.1
v 0.4 -1.6 -0.2
v 0.4 -1.5 0.2
v 0.4 -1.5 0.0999999
v 0.4 -1.5 -0.1
v 0.4 -1.5 -0.2
v 0.4 -1.4 0.2
v 0.4 -1.4 0.0999999
v 0.4 -1.4 -0.1
v 0.4 -1.4 -0.2
v 0.4 -1.3 0.2
v 0.4 -1.3 0.0999999
v 0.4 -1.3 -0.1
v 0.4 -1.3 -0.2
v 0.4 -1.2 0.2
v 0.4 -1.2 0.0999999
v 0.4 -1.2 -0.1
v 0.4 -1.2 -0.2
v 0.4 -1 0.3
v 0.4 -1 0.2
v 0.4 -1 0.0999999
v 0.4 -1 -0.1
v 0.4 -1 -0.2
v 0.4 -1 -0.3
v 0.4 -0.9 0.3
v 0.4 -0.9 0.2
v 0.4 -0.9 0.0999999
v 0.4 -0.9 -0.1
v 0.4 -0.9 -0.2
v 0.4 -0.9 -0.3
v 0.4 -0.8 0.2
v 0.4 -0.8 0.0999999
v 0.4 -0.7 0.2
v 0.4 -0.7 0.0999999
v 0.4 -0.6 0.2
v 0.4 -0.6 0.0999999
v 0.4 -0.6 -0.1
v 0.4 -0.6 -0.2
v 0.4 -0.5 0.2
v 0.4 -0.5 0.0999999
v 0.4 -0.5 -0.1
v 0.4 -0.5 -0.2
v 0.4 -0.4 0.2
v 0.4 -0.4 0.0999999
v 0.4 -0.4 -0.1
v 0.4 -0.4 -0.2
v 0.4 -0.3 -0.1
v 0.4 -0.3 -0.2
v 0.4 -0.2 0.2
v 0.4 -0.2 0.0999999
v 0.4 -0.1 -0.1
v 0.4 -0.1 -0.2
v 0.4 0 -0.1
v 0.4 0 -0.2
v 0.4 0.0999999 0.2
v 0.4 0.0999999 0.0999999
v 0.4 0.0999999 -0.1
v 0.4 0.0999999 -0.2
v 0.4 0.2 0.2
v 0.4 0.2 0.0999999
v 0.4 0.2 -0.1
v 0.4 0.2 -0.2
v 0.4 0.3 0.2
v 0.4 0.3 0.0999999
v 0.4 0.3 -0.1
v 0.4 0.3 -0.2
v 0.4 0.4 0.2
v 0.4 0.4 0.0999999
v 0.4 0.4 -0.1
v 0.4 0.4 -0.2
v 0.4 0.5 0.2
v 0.4 0.5 0.0999999
v 0.4 0.5 -0.1
v 0.4 0.5 -0.2
v 0.4 0.6 0.2
v 0.4 0.6 0.0999999
v 0.4 0.6 -0.1
v 0.4 0.6 -0.2
v 0.4 0.7 0.2
v 0.4 0.7 0.0999999
v 0.4 0.7 -0.1
v 0.4 0.7 -0.2
v 0.4 0.9 0.3
v 0.4 0.9 0.2
v 0.4 0.9 0.0999999
v 0.4 0.9 -0.1
v 0.4 0.9 -0.2
v 0.4 0.9 -0.3
v 0.4 1 0.3
v 0.4 1 0.2
v 0.4 1 0.0999999
v 0.4 1 -0.1
v 0.4 1 -0.2
v 0.4 1 -0.3
v 0.4 1.2 0.2
v 0.4 1.2 0.0999999
v 0.4 1.2 -0.1
v 0.4 1.2 -0.2
v 0.4 1.3 0.2
v 0.4 1.3 0.0999999
v 0.4 1.3 -0.1
v 0.4 1.3 -0.2
v 0.4 1.4 0.2
v 0.4 1.4 0.0999999
v 0.4 1.5 0.2
v 0.4 1.5 0.0999999
v 0.4 1.5 -0.1
v 0.4 1.5 -0.2
v 0.4 1.6 0.2
v 0.4 1.6 0.0999999
v 0.4 1.6 -0.1
v 0.4 1.6 -0.2
v 0.4 1.7 0.2
v 0.4 1.7 0.0999999
v 0.4 1.7 -0.1
v 0.4 1.7 -0.2
v 0.4 1.9 0.0999999
v 0.4 1.9 0
v 0.4 1.9 -0.1
v 0.4 2 0.0999999
v 0.4 2 0
v 0.4 2 -0.1
v 0.5 -2 0.3
v 0.5 -2 0.2
v 0.5 -2 0.0999999
v 0.5 -2 -0.1
v 0.5 -2 -0.3
v 0.5 -1.9 0.3
v 0.5 -1.9 0.2
v 0.5 -1.9 0.0999999
v 0.5 -1.9 -0.2
v 0.5 -1.9 -0.3
v 0.5 -1.8 0.3
v 0.5 -1.8 0.2
v 0.5 -1.8 0.0999999
v 0.5 -1.8 -0.1
v 0.5 -1.8 -0.2
v 0.5 -1.8 -0.3
v 0.5 -1.7 0.3
v 0.5 -1.7 0.2
v 0.5 -1.7 0.0999999
v 0.5 -1.7 -0.1
v 0.5 -1.7 -0.2
v 0.5 -1.7 -0.3
v 0.5 -1 0.2
v 0.5 -1 -0.1
v 0.5 -1 -0.2
v 0.5 -0.9 0.2
v 0.5 -0.9 -0.1
v 0.5 -0.9 -0.2
v 0.5 0.9 0.2
v 0.5 0.9 0.0999999
v 0.5 0.9 -0.2
v 0.5 1 0.2
v 0.5 1 0.0999999
v 0.5 1 -0.2
v 0.5 1.7 0.3
v 0.5 1.7 0.2
v 0.5 1.7 0.0999999
v 0.5 1.7 -0.1
v 0.5 1.7 -0.2
v 0.5 1.7 -0.3
v 0.5 1.8 0.3
v 0.5 1.8 0.2
v 0.5 1.8 0.0999999
v 0.5 1.8 -0.1
v 0.5 1.8 -0.2
v 0.5 1.8 -0.3
v 0.5 1.9 0.2
v 0.5 1.9 0.0999999
v 0.5 2 0.3
v 0.5 2 0.2
v 0.5 2 0.0999999
v 0.5 2 -0.1
v 0.5 2 -0.3
v 0.7 -2 1.2
v 0.7 -2 1.1
v 0.7 -2 0.4
v 0.7 -2 0.3
v 0.7 -2 -0.3
v 0.7 -2 -0.4
v 0.7 -2 -1.1
v 0.7 -2 -1.2
v 0.7 -1.9 1.2
v 0.7 -1.9 1.1
v 0.7 -1.9 0.4
v 0.7 -1.9 0.3
v 0.7 -1.9 -1.1
v 0.7 -1.9 -1.2
v 0.7 -1.8 1.2
v 0.7 -1.8 0.4
v 0.7 -1.8 0.3
v 0.7 -1.8 -0.3
v 0.7 -1.8 -0.4
v 0.7 -1.7 1.2
v 0.7 -1.7 1.1
v 0.7 -1.7 0.4
v 0.7 -1.7 0.3
v 0.7 -1.7 -0.3
v 0.7 -1.7 -0.4
v 0.7 -1.7 -1.1
v 0.7 -1.7 -1.2
v 0.7 -1.6 -1.1
v 0.7 -1.6 -1.2
v 0.7 -1.5 1.2
v 0.7 -1.5 1.1
v 0.7 -1.5 -1.1
v 0.7 -1.5 -1.2
v 0.7 -1.4 1.2
v 0.7 -1.4 -1.2
v 0.7 -1.3 1.2
v 0.7 -1.3 1.1
v 0.7 -1.3 -1.1
v 0.7 -1.3 -1.2
v 0.7 -1.2 1.2
v 0.7 -1.2 1.1
v 0.7 -1.2 -1.1
v 0.7 -1.2 -1.2
v 0.7 -1.1 1.2
v 0.7 -1.1 1.1
v 0.7 -1.1 -1.1
v 0.7 -1.1 -1.2
v 0.7 1.1 1.2
v 0.7 1.1 1.1
v 0.7 1.1 -1.1
v 0.7 1.1 -1.2
v 0.7 1.2 1.2
v 0.7 1.2 1.1
v 0.7 1.2 -1.1
v 0.7 1.2 -1.2
v 0.7 1.3 1.2
v 0.7 1.3 1.1
v 0.7 1.3 -1.1
v 0.7 1.3 -1.2
v 0.7 1.4 1.2
v 0.7 1.4 1.1
v 0.7 1.4 -1.2
v 0.7 1.5 1.2
v 0.7 1.5 1.1
v 0.7 1.5 -1.1
v 0.7 1.5 -1.2
v 0.7 1.6 1.2
v 0.7 1.7 0.4
v 0.7 1.7 0.3
v 0.7 1.7 -0.3
v 0.7 1.7 -0.4
v 0.7 1.8 0.4
v 0.7 1.8 0.3
v 0.7 1.8 -0.3
v 0.7 1.8 -0.4
v 0.7 1.9 1.2
v 0.7 1.9 1.1
v 0.7 1.9 0.4
v 0.7 1.9 0.3
v 0.7 1.9 -1.2
v 0.7 2 1.2
v 0.7 2 1.1
v 0.7 2 0.4
v 0.7 2 0.3
v 0.7 2 -0.3
v 0.7 2 -0.4
v 0.7 2 -1.1
v 0.7 2 -1.2
v 1 -2 0.6
v 1 -2 0.5
v 1 -2 -0.5
v 1 -2 -0.6
v 1 -1.8 0.5
v 1 -1.8 -0.5
v 1 -1.8 -0.6
v 1 -1.7 0.6
v 1 -1.7 0.5
v 1 -1.7 -0.5
v 1 -1.7 -0.6
v 1 1.7 0.6
v 1 1.7 0.5
v 1 1.7 -0.5
v 1 1.7 -0.6
v 1 1.8 0.5
v 1 1.8 -0.5
v 1 1.9 0.5
v 1 1.9 -0.5
v 1 1.9 -0.6
v 1 2 0.6
v 1 2 0.5
v 1 2 -0.5
v 1 2 -0.6
v 1.1 -2 1.3
v 1.1 -2 1.2
v 1.1 -2 -1.2
v 1.1 -2 -1.3
v 1.1 -1.9 1.3
v 1.1 -1.9 1.2
v 1.1 -1.9 -1.2
v 1.1 -1.9 -1.3
v 1.1 -1.8 1.3
v 1.1 -1.8 1.2
v 1.1 -1.8 -1.2
v 1.1 -1.8 -1.3
v 1.1 -1.7 1.3
v 1.1 -1.7 1.2
v 1.1 -1.7 -1.2
v 1.1 -1.7 -1.3
v 1.1 -1.6 1.3
v 1.1 -1.6 1.2
v 1.1 -1.6 -1.2
v 1.1 -1.6 -1.3
v 1.1 -1.5 1.3
v 1.1 -1.5 1.2
v 1.1 -1.4 1.3
v 1.1 -1.4 1.2
v 1.1 -1.3 1.3
v 1.1 -1.3 1.2
v 1.1 -1.3 -1.2
v 1.1 -1.2 1.3
v 1.1 -1.2 1.2
v 1.1 -1.2 -1.2
v 1.1 -1.2 -1.3
v 1.1 -1.1 1.3
v 1.1 -1.1 1.2
v 1.1 -1.1 -1.2
v 1.1 -1.1 -1.3
v 1.1 1.1 1.3
v 1.1 1.1 1.2
v 1.1 1.1 -1.2
v 1.1 1.1 -1.3
v 1.1 1.2 1.3
v 1.1 1.2 1.2
v 1.1 1.2 -1.2
v 1.1 1.2 -1.3
v 1.1 1.3 1.3
v 1.1 1.3 1.2
v 1.1 1.3 -1.2
v 1.1 1.4 1.3
v 1.1 1.4 1.2
v 1.1 1.4 -1.2
v 1.1 1.4 -1.3
v 1.1 1.5 1.2
v 1.1 1.5 -1.2
v 1.1 1.5 -1.3
v 1.1 1.6 1.3
v 1.1 1.6 1.2
v 1.1 1.6 -1.2
v 1.1 1.6 -1.3
v 1.1 1.7 1.3
v 1.1 1.7 1.2
v 1.1 1.7 -1.2
v 1.1 1.7 -1.3
v 1.1 1.8 1.3
v 1.1 1.8 1.2
v 1.1 1.8 -1.2
v 1.1 1.8 -1.3
v 1.1 1.9 1.3
v 1.1 1.9 1.2
v 1.1 1.9 -1.2
v 1.1 1.9 -1.3
v 1.1 2 1.3
v 1.1 2 1.2
v 1.1 2 -1.2
v 1.1 2 -1.3
v 1.2 -2 1.2
v 1.2 -2 1.1
v 1.2 -2 0.5
v 1.2 -2 0.4
v 1.2 -2 -0.4
v 1.2 -2 -0.5
v 1.2 -2 -1.1
v 1.2 -2 -1.2
v 1.2 -1.9 1.2
v 1.2 -1.9 1.1
v 1.2 -1.9 0.5
v 1.2 -1.9 0.4
v 1.2 -1.8 1.2
v 1.2 -1.8 1.1
v 1.2 -1.8 0.5
v 1.2 -1.8 0.4
v 1.2 -1.8 -0.4
v 1.2 -1.8 -0.5
v 1.2 -1.8 -1.1
v 1.2 -1.8 -1.2
v 1.2 -1.7 1.2
v 1.2 -1.7 1.1
v 1.2 -1.7 0.5
v 1.2 -1.7 0.4
v 1.2 -1.7 -0.4
v 1.2 -1.7 -0.5
v 1.2 -1.7 -1.1
v 1.2 -1.7 -1.2
v 1.2 -1.6 1.2
v 1.2 -1.6 1.1
v 1.2 -1.6 -1.1
v 1.2 -1.6 -1.2
v 1.2 -1.5 1.2
v 1.2 -1.5 1.1
v 1.2 -1.5 -1.1
v 1.2 -1.4 1.1
v 1.2 -1.4 -1.1
v 1.2 -1.3 1.2
v 1.2 -1.3 1.1
v 1.2 -1.3 -1.1
v 1.2 -1.3 -1.2
v 1.2 -1.2 1.2
v 1.2 -1.2 1.1
v 1.2 -1.2 -1.1
v 1.2 -1.2 -1.2
v 1.2 -1.1 1.2
v 1.2 -1.1 1.1
v 1.2 -1.1 -1.1
v 1.2 -1.1 -1.2
v 1.2 1.1 1.2
v 1.2 1.1 1.1
v 1.2 1.1 -1.1
v 1.2 1.1 -1.2
v 1.2 1.2 1.2
v 1.2 1.2 1.1
v 1.2 1.2 -1.1
v 1.2 1.2 -1.2
v 1.2 1.3 1.2
v 1.2 1.3 1.1
v 1.2 1.3 -1.1
v 1.2 1.3 -1.2
v 1.2 1.4 1.1
v 1.2 1.4 -1.1
v 1.2 1.5 1.2
v 1.2 1.5 1.1
v 1.2 1.5 -1.1
v 1.2 1.6 1.2
v 1.2 1.6 1.1
v 1.2 1.6 -1.1
v 1.2 1.6 -1.2
v 1.2 1.7 1.2
v 1.2 1.7 1.1
v 1.2 1.7 0.5
v 1.2 1.7 0.4
v 1.2 1.7 -0.4
v 1.2 1.7 -0.5
v 1.2 1.7 -1.1
v 1.2 1.7 -1.2
v 1.2 1.8 1.2
v 1.2 1.8 1.1
v 1.2 1.8 0.5
v 1.2 1.8 0.4
v 1.2 1.8 -0.4
v 1.2 1.8 -0.5
v 1.2 1.8 -1.1
v 1.2 1.8 -1.2
v 1.2 1.9 1.2
v 1.2 1.9 1.1
v 1.2 1.9 0.5
v 1.2 1.9 0.4
v 1.2 1.9 -0.4
v 1.2 1.9 -0.5
v 1.2 2 1.2
v 1.2 2 1.1
v 1.2 2 0.5
v 1.2 2 0.4
v 1.2 2 -0.4
v 1.2 2 -0.5
v 1.2 2 -1.1
v 1.2 2 -1.2
v 1.3 -2 0.4
v 1.3 -2 0.3
v 1.3 -2 -0.3
v 1.3 -2 -0.4
v 1.3 -1.8 0.4
v 1.3 -1.8 0.3
v 1.3 -1.8 -0.3
v 1.3 -1.8 -0.4
v 1.3 -1.7 0.4
v 1.3 -1.7 0.3
v 1.3 -1.7 -0.3
v 1.3 -1.7 -0.4
v 1.3 1.7 0.4
v 1.3 1.7 0.3
v 1.3 1.7 -0.3
v 1.3 1.7 -0.4
v 1.3 1.8 0.4
v 1.3 1.8 0.3
v 1.3 1.8 -0.3
v 1.3 1.8 -0.4
v 1.3 1.9 0.4
v 1.3 1.9 0.3
v 1.3 1.9 -0.3
v 1.3 1.9 -0.4
v 1.3 2 0.4
v 1.3 2 0.3
v 1.3 2 -0.3
v 1.3 2 -0.4
v 1.4 -2 1.1
v 1.4 -2 1
v 1.4 -2 -1
v 1.4 -2 -1.1
v 1.4 -1.9 1.1
v 1.4 -1.9 1
v 1.4 -1.9 -1
v 1.4 -1.9 -1.1
v 1.4 -1.8 1.1
v 1.4 -1.8 1
v 1.4 -1.8 -1
v 1.4 -1.8 -1.1
v 1.4 -1.7 1.1
v 1.4 -1.7 1
v 1.4 -1.7 -1
v 1.4 -1.7 -1.1
v 1.4 -1.6 -1
v 1.4 -1.6 -1.1
v 1.4 -1.5 1.1
v 1.4 -1.5 1
v 1.4 -1.4 1.1
v 1.4 -1.4 1
v 1.4 -1.4 -1
v 1.4 -1.4 -1.1
v 1.4 -1.3 1.1
v 1.4 -1.3 1
v 1.4 -1.2 1.1
v 1.4 -1.2 1
v 1.4 -1.2 -1
v 1.4 -1.2 -1.1
v 1.4 -1.1 1.1
v 1.4 -1.1 1
v 1.4 -1.1 -1
v 1.4 -1.1 -1.1
v 1.4 1.1 1.1
v 1.4 1.1 1
v 1.4 1.1 -1
v 1.4 1.1 -1.1
v 1.4 1.2 1.1
v 1.4 1.2 1
v 1.4 1.2 -1
v 1.4 1.2 -1.1
v 1.4 1.3 -1
v 1.4 1.3 -1.1
v 1.4 1.4 1.1
v 1.4 1.4 1
v 1.4 1.4 -1
v 1.4 1.4 -1.1
v 1.4 1.5 -1
v 1.4 1.6 1.1
v 1.4 1.6 1
v 1.4 1.6 -1
v 1.4 1.6 -1.1
v 1.4 1.7 1.1
v 1.4 1.7 1
v 1.4 1.7 -1
v 1.4 1.7 -1.1
v 1.4 1.8 1.1
v 1.4 1.8 1
v 1.4 1.8 -1
v 1.4 1.8 -1.1
v 1.4 1.9 1.1
v 1.4 1.9 1
v 1.4 1.9 -1
v 1.4 2 1.1
v 1.4 2 1
v 1.4 2 -1
v 1.4 2 -1.1
v 1.5 -2 1
v 1.5 -2 0.9
v 1.5 -2 -0.9
v 1.5 -2 -1
v 1.5 -1.9 -0.9
v 1.5 -1.9 -1
v 1.5 -1.8 1
v 1.5 -1.8 0.9
v 1.5 -1.8 -0.9
v 1.5 -1.7 1
v 1.5 -1.7 0.9
v 1.5 -1.7 -0.9
v 1.5 -1.7 -1
v 1.5 -1.6 -0.9
v 1.5 -1.5 1
v 1.5 -1.5 0.9
v 1.5 -1.5 -0.9
v 1.5 -1.4 1
v 1.5 -1.4 0.9
v 1.5 -1.4 -0.9
v 1.5 -1.4 -1
v 1.5 -1.3 -0.9
v 1.5 -1.2 -0.9
v 1.5 -1.1 1
v 1.5 -1.1 0.9
v 1.5 -1.1 -0.9
v 1.5 -1.1 -1
v 1.5 1.1 1
v 1.5 1.1 0.9
v 1.5 1.1 -0.9
v 1.5 1.1 -1
v 1.5 1.2 1
v 1.5 1.2 0.9
v 1.5 1.2 -0.9
v 1.5 1.2 -1
v 1.5 1.4 1
v 1.5 1.4 0.9
v 1.5 1.4 -0.9
v 1.5 1.4 -1
v 1.5 1.5 0.9
v 1.5 1.5 -0.9
v 1.5 1.5 -1
v 1.5 1.6 1
v 1.5 1.6 0.9
v 1.5 1.6 -0.9
v 1.5 1.6 -1
v 1.5 1.7 1
v 1.5 1.7 0.9
v 1.5 1.7 -0.9
v 1.5 1.7 -1
v 1.5 1.8 1
v 1.5 1.8 0.9
v 1.5 1.9 1
v 1.5 1.9 0.9
v 1.5 1.9 -0.9
v 1.5 1.9 -1
v 1.5 2 1
v 1.5 2 0.9
v 1.5 2 -0.9
v 1.5 2 -1
v 1.6 -2 0.9
v 1.6 -2 0.8
v 1.6 -2 0.6
v 1.6 -2 -0.6
v 1.6 -2 -0.7
v 1.6 -2 -0.8
v 1.6 -2 -0.9
v 1.6 -1.9 0.8
v 1.6 -1.9 0.7
v 1.6 -1.9 0.6
v 1.6 -1.9 -0.6
v 1.6 -1.9 -0.7
v 1.6 -1.8 0.9
v 1.6 -1.8 0.8
v 1.6 -1.8 0.7
v 1.6 -1.8 0.6
v 1.6 -1.8 -0.6
v 1.6 -1.8 -0.8
v 1.6 -1.8 -0.9
v 1.6 -1.7 0.9
v 1.6 -1.7 0.8
v 1.6 -1.7 0.7
v 1.6 -1.7 0.6
v 1.6 -1.7 -0.6
v 1.6 -1.7 -0.7
v 1.6 -1.7 -0.8
v 1.6 -1.6 0.6
v 1.6 -1.6 -0.6
v 1.6 -1.6 -0.7
v 1.6 -1.6 -0.9
v 1.6 -1.5 0.9
v 1.6 -1.5 0.8
v 1.6 -1.5 0.7
v 1.6 -1.5 0.6
v 1.6 -1.5 -0.6
v 1.6 -1.5 -0.7
v 1.6 -1.5 -0.8
v 1.6 -1.5 -0.9
v 1.6 -1.4 0.9
v 1.6 -1.4 0.8
v 1.6 -1.4 -0.6
v 1.6 -1.4 -0.7
v 1.6 -1.4 -0.8
v 1.6 -1.4 -0.9
v 1.6 -1.3 -0.6
v 1.6 -1.3 -0.7
v 1.6 -1.3 -0.8
v 1.6 -1.3 -0.9
v 1.6 -1.2 0.8
v 1.6 -1.2 0.7
v 1.6 -1.2 0.6
v 1.6 -1.2 -0.6
v 1.6 -1.2 -0.7
v 1.6 -1.2 -0.8
v 1.6 -1.2 -0.9
v 1.6 -1.1 0.9
v 1.6 -1.1 0.8
v 1.6 -1.1 0.7
v 1.6 -1.1 0.6
v 1.6 -1.1 -0.6
v 1.6 -1.1 -0.8
v 1.6 -1.1 -0.9
v 1.6 1.1 0.9
v 1.6 1.1 0.8
v 1.6 1.1 0.7
v 1.6 1.1 0.6
v 1.6 1.1 -0.6
v 1.6 1.1 -0.7
v 1.6 1.1 -0.9
v 1.6 1.2 0.8
v 1.6 1.2 0.7
v 1.6 1.2 0.6
v 1.6 1.2 -0.6
v 1.6 1.2 -0.7
v 1.6 1.2 -0.8
v 1.6 1.2 -0.9
v 1.6 1.3 0.8
v 1.6 1.3 0.7
v 1.6 1.3 0.6
v 1.6 1.3 -0.6
v 1.6 1.3 -0.7
v 1.6 1.3 -0.8
v 1.6 1.4 0.7
v 1.6 1.4 0.6
v 1.6 1.4 -0.6
v 1.6 1.4 -0.7
v 1.6 1.4 -0.8
v 1.6 1.4 -0.9
v 1.6 1.5 0.9
v 1.6 1.5 0.8
v 1.6 1.5 -0.6
v 1.6 1.5 -0.7
v 1.6 1.5 -0.8
v 1.6 1.5 -0.9
v 1.6 1.6 0.6
v 1.6 1.6 -0.6
v 1.6 1.6 -0.7
v 1.6 1.6 -0.8
v 1.6 1.7 0.9
v 1.6 1.7 0.8
v 1.6 1.7 0.7
v 1.6 1.7 0.6
v 1.6 1.7 -0.6
v 1.6 1.7 -0.7
v 1.6 1.7 -0.8
v 1.6 1.8 0.8
v 1.6 1.8 0.7
v 1.6 1.8 0.6
v 1.6 1.8 -0.6
v 1.6 1.8 -0.7
v 1.6 1.8 -0.8
v 1.6 1.9 0.8
v 1.6 1.9 0.7
v 1.6 1.9 0.6
v 1.6 1.9 -0.6
v 1.6 1.9 -0.7
v 1.6 1.9 -0.8
v 1.6 2 0.9
v 1.6 2 0.8
v 1.6 2 0.7
v 1.6 2 0.6
v 1.6 2 -0.6
v 1.6 2 -0.8
v 1.6 2 -0.9
v 1.7 -2 0.6
v 1.7 -2 0.4
v 1.7 -2 0.3
v 1.7 -2 0
v 1.7 -2 -0.1
v 1.7 -2 -0.3
v 1.7 -2 -0.5
v 1.7 -2 -0.6
v 1.7 -1.9 0.6
v 1.7 -1.9 0.4
v 1.7 -1.9 0.3
v 1.7 -1.9 0.2
v 1.7 -1.9 -0.1
v 1.7 -1.9 -0.2
v 1.7 -1.9 -0.3
v 1.7 -1.9 -0.4
v 1.7 -1.9 -0.5
v 1.7 -1.9 -0.6
v 1.7 -1.8 0.6
v 1.7 -1.8 0.5
v 1.7 -1.8 0.4
v 1.7 -1.8 0.3
v 1.7 -1.8 0.2
v 1.7 -1.8 0
v 1.7 -1.8 -0.1
v 1.7 -1.8 -0.2
v 1.7 -1.8 -0.3
v 1.7 -1.8 -0.4
v 1.7 -1.8 -0.5
v 1.7 -1.8 -0.6
v 1.7 -1.7 0.6
v 1.7 -1.7 0.5
v 1.7 -1.7 0.2
v 1.7 -1.7 0.0999999
v 1.7 -1.7 0
v 1.7 -1.7 -0.1
v 1.7 -1.7 -0.2
v 1.7 -1.7 -0.3
v 1.7 -1.7 -0.4
v 1.7 -1.7 -0.5
v 1.7 -1.7 -0.6
v 1.7 -1.6 0.6
v 1.7 -1.6 0.5
v 1.7 -1.6 0.4
v 1.7 -1.6 0.3
v 1.7 -1.6 0.2
v 1.7 -1.6 0.0999999
v 1.7 -1.6 0
v 1.7 -1.6 -0.1
v 1.7 -1.6 -0.2
v 1.7 -1.6 -0.3
v 1.7 -1.6 -0.4
v 1.7 -1.6 -0.5
v 1.7 -1.6 -0.6
v 1.7 -1.5 0.6
v 1.7 -1.5 0.5
v 1.7 -1.5 0.4
v 1.7 -1.5 0.3
v 1.7 -1.5 0.2
v 1.7 -1.5 0.0999999
v 1.7 -1.5 0
v 1.7 -1.5 -0.2
v 1.7 -1.5 -0.3
v 1.7 -1.5 -0.5
v 1.7 -1.5 -0.6
v 1.7 -1.4 0.5
v 1.7 -1.4 0.4
v 1.7 -1.4 0.3
v 1.7 -1.4 0.2
v 1.7 -1.4 0.0999999
v 1.7 -1.4 0
v 1.7 -1.4 -0.1
v 1.7 -1.4 -0.2
v 1.7 -1.4 -0.3
v 1.7 -1.4 -0.4
v 1.7 -1.4 -0.5
v 1.7 -1.4 -0.6
v 1.7 -1.3 0.3
v 1.7 -1.3 0.2
v 1.7 -1.3 0.0999999
v 1.7 -1.3 0
v 1.7 -1.3 -0.1
v 1.7 -1.3 -0.2
v 1.7 -1.3 -0.3
v 1.7 -1.3 -0.4
v 1.7 -1.2 0.6
v 1.7 -1.2 0.5
v 1.7 -1.2 0.4
v 1.7 -1.2 0.3
v 1.7 -1.2 0.2
v 1.7 -1.2 0.0999999
v 1.7 -1.2 0
v 1.7 -1.2 -0.1
v 1.7 -1.2 -0.2
v 1.7 -1.2 -0.3
v 1.7 -1.2 -0.4
v 1.7 -1.2 -0.5
v 1.7 -1.2 -0.6
v 1.7 -1.1 0.6
v 1.7 -1.1 0.5
v 1.7 -1.1 0.4
v 1.7 -1.1 0.3
v 1.7 -1.1 0.2
v 1.7 -1.1 0.0999999
v 1.7 -1.1 0
v 1.7 -1.1 -0.1
v 1.7 -1.1 -0.2
v 1.7 -1.1 -0.3
v 1.7 -1.1 -0.4
v 1.7 -1.1 -0.6
v 1.7 1.1 0.6
v 1.7 1.1 0.5
v 1.7 1.1 0.4
v 1.7 1.1 0.3
v 1.7 1.1 0.2
v 1.7 1.1 0.0999999
v 1.7 1.1 0
v 1.7 1.1 -0.1
v 1.7 1.1 -0.2
v 1.7 1.1 -0.3
v 1.7 1.1 -0.5
v 1.7 1.1 -0.6
v 1.7 1.2 0.6
v 1.7 1.2 0.5
v 1.7 1.2 0.4
v 1.7 1.2 0.3
v 1.7 1.2 0.2
v 1.7 1.2 0.0999999
v 1.7 1.2 0
v 1.7 1.2 -0.1
v 1.7 1.2 -0.2
v 1.7 1.2 -0.3
v 1.7 1.2 -0.4
v 1.7 1.2 -0.5
v 1.7 1.2 -0.6
v 1.7 1.3 0.6
v 1.7 1.3 0.5
v 1.7 1.3 0.4
v 1.7 1.3 0.3
v 1.7 1.3 0.2
v 1.7 1.3 0.0999999
v 1.7 1.3 -0.1
v 1.7 1.3 -0.2
v 1.7 1.3 -0.3
v 1.7 1.3 -0.4
v 1.7 1.3 -0.5
v 1.7 1.3 -0.6
v 1.7 1.4 0.6
v 1.7 1.4 0.5
v 1.7 1.4 0.4
v 1.7 1.4 0.3
v 1.7 1.4 0.2
v 1.7 1.4 0.0999999
v 1.7 1.4 -0.1
v 1.7 1.4 -0.2
v 1.7 1.4 -0.3
v 1.7 1.4 -0.4
v 1.7 1.4 -0.5
v 1.7 1.5 0.5
v 1.7 1.5 0.4
v 1.7 1.5 0.2
v 1.7 1.5 0
v 1.7 1.5 -0.1
v 1.7 1.5 -0.2
v 1.7 1.5 -0.3
v 1.7 1.5 -0.4
v 1.7 1.5 -0.5
v 1.7 1.6 0.6
v 1.7 1.6 0.5
v 1.7 1.6 0.4
v 1.7 1.6 0.2
v 1.7 1.6 0
v 1.7 1.6 -0.2
v 1.7 1.6 -0.3
v 1.7 1.6 -0.5
v 1.7 1.6 -0.6
v 1.7 1.7 0.6
v 1.7 1.7 0.5
v 1.7 1.7 0.4
v 1.7 1.7 0.3
v 1.7 1.7 -0.1
v 1.7 1.7 -0.2
v 1.7 1.7 -0.3
v 1.7 1.7 -0.4
v 1.7 1.7 -0.5
v 1.7 1.7 -0.6
v 1.7 1.8 0.6
v 1.7 1.8 0.5
v 1.7 1.8 0.4
v 1.7 1.8 0.3
v 1.7 1.8 0.2
v 1.7 1.8 0
v 1.7 1.8 -0.2
v 1.7 1.8 -0.3
v 1.7 1.8 -0.4
v 1.7 1.8 -0.5
v 1.7 1.8 -0.6
v 1.7 1.9 0.6
v 1.7 1.9 0.5
v 1.7 1.9 0.3
v 1.7 1.9 0.2
v 1.7 1.9 0.0999999
v 1.7 1.9 -0.2
v 1.7 1.9 -0.3
v 1.7 1.9 -0.4
v 1.7 1.9 -0.5
v 1.7 1.9 -0.6
v 1.7 2 0.6
v 1.7 2 0.0999999
v 1.7 2 0
v 1.7 2 -0.2
v 1.7 2 -0.3
v 1.7 2 -0.4
v 1.7 2 -0.5
v 1.7 2 -0.6
v -1.1 -2 1.3
v -1.1 -1.9 1.3
v -1.1 -1.8 1.3
v -1.1 -1.7 1.3
v -1.1 -1.6 1.3
v -1.1 -1.5 1.3
v -1.1 -1.4 1.3
v -1.1 -1.2 1.3
v -1.1 -1.1 1.3
v -1.1 1.1 1.3
v -1.1 1.2 1.3
v -1.1 1.4 1.3
v -1.1 1.6 1.3
v -1.1 1.7 1.3
v -1.1 1.8 1.3
v -1.1 1.9 1.3
v -1.1 2 1.3
v -1 -2 1.3
v -1 -1.9 1.3
v -1 -1.8 1.3
v -1 -1.7 1.3
v -1 -1.6 1.3
v -1 -1.5 1.3
v -1 -1.4 1.3
v -1 -1.3 1.3
v -1 -1.2 1.3
v -1 -1.1 1.3
v -1 1.1 1.3
v -1 1.2 1.3
v -1 1.4 1.3
v -1 1.5 1.3
v -1 1.6 1.3
v -1 1.7 1.3
v -1 1.8 1.3
v -1 1.9 1.3
v -0.9 -2 1.3
v -0.9 -1.9 1.3
v -0.9 -1.8 1.3
v -0.9 -1.7 1.3
v -0.9 -1.6 1.3
v -0.9 -1.5 1.3
v -0.9 -1.4 1.3
v -0.9 -1.3 1.3
v -0.9 -1.2 1.3
v -0.9 1.1 1.3
v -0.9 1.3 1.3
v -0.9 1.4 1.3
v -0.9 1.5 1.3
v -0.9 1.6 1.3
v -0.9 1.7 1.3
v -0.8 -1.8 1.3
v -0.8 -1.7 1.3
v -0.8 -1.6 1.3
v -0.8 -1.4 1.3
v -0.8 -1.3 1.3
v -0.8 -1.2 1.3
v -0.8 1.1 1.3
v -0.8 1.2 1.3
v -0.8 1.3 1.3
v -0.8 1.4 1.3
v -0.8 1.5 1.3
v -0.8 1.6 1.3
v -0.8 1.7 1.3
v -0.8 1.8 1.3
v -0.7 -2 1.3
v -0.7 -1.8 1.3
v -0.7 -1.7 1.3
v -0.7 -1.6 1.3
v -0.7 -1.5 1.3
v -0.7 1.1 1.3
v -0.7 1.2 1.3
v -0.7 1.3 1.3
v -0.7 1.4 1.3
v -0.7 1.5 1.3
v -0.7 1.6 1.3
v -0.7 1.7 1.3
v -0.7 1.8 1.3
v -0.7 1.9 1.3
v -0.7 2 1.3
v -0.6 -2 1.3
v -0.6 -1.8 1.3
v -0.6 -1.7 1.3
v -0.6 -1.6 1.3
v -0.6 -1.5 1.3
v -0.6 -1.3 1.3
v -0.6 -1.2 1.3
v -0.6 -1.1 1.3
v -0.6 1.1 1.3
v -0.6 1.2 1.3
v -0.6 1.3 1.3
v -0.6 1.5 1.3
v -0.6 1.6 1.3
v -0.6 1.7 1.3
v -0.6 1.8 1.3
v -0.6 1.9 1.3
v -0.6 2 1.3
v 0.6 -2 1.3
v 0.6 -1.8 1.3
v 0.6 -1.7 1.3
v 0.6 -1.6 1.3
v 0.6 -1.5 1.3
v 0.6 -1.4 1.3
v 0.6 -1.3 1.3
v 0.6 -1.2 1.3
v 0.6 -1.1 1.3
v 0.6 1.1 1.3
v 0.6 1.2 1.3
v 0.6 1.3 1.3
v 0.6 1.5 1.3
v 0.6 1.6 1.3
v 0.6 1.7 1.3
v 0.6 1.8 1.3
v 0.6 1.9 1.3
v 0.6 2 1.3
v 0.7 -2 1.3
v 0.7 -1.8 1.3
v 0.7 -1.7 1.3
v 0.7 -1.6 1.3
v 0.7 -1.5 1.3
v 0.7 -1.2 1.3
v 0.7 -1.1 1.3
v 0.7 1.3 1.3
v 0.7 1.5 1.3
v 0.7 1.6 1.3
v 0.7 1.7 1.3
v 0.7 1.8 1.3
v 0.8 -1.8 1.3
v 0.8 -1.6 1.3
v 0.8 -1.4 1.3
v 0.8 -1.3 1.3
v 0.8 -1.2 1.3
v 0.8 -1.1 1.3
v 0.8 1.1 1.3
v 0.8 1.2 1.3
v 0.8 1.3 1.3
v 0.8 1.4 1.3
v 0.8 1.5 1.3
v 0.8 1.6 1.3
v 0.8 1.9 1.3
v 0.8 2 1.3
v 0.9 -2 1.3
v 0.9 -1.9 1.3
v 0.9 -1.8 1.3
v 0.9 -1.6 1.3
v 0.9 -1.5 1.3
v 0.9 -1.4 1.3
v 0.9 -1.3 1.3
v 0.9 -1.2 1.3
v 0.9 -1.1 1.3
v 0.9 1.2 1.3
v 0.9 1.3 1.3
v 0.9 1.4 1.3
v 0.9 1.5 1.3
v 0.9 1.6 1.3
v 0.9 1.7 1.3
v 1 -2 1.3
v 1 -1.9 1.3
v 1 -1.8 1.3
v 1 -1.7 1.3
v 1 -1.6 1.3
v 1 -1.5 1.3
v 1 -1.4 1.3
v 1 -1.3 1.3
v 1 -1.2 1.3
v 1 -1.1 1.3
v 1 1.1 1.3
v 1 1.2 1.3
v 1 1.3 1.3
v 1 1.4 1.3
v 1 1.5 1.3
v 1 1.6 1.3
v 1 1.7 1.3
v 1 1.8 1.3
v 1 1.9 1.3
v 1 2 1.3
v 1.1 -2 1.3
v 1.1 -1.9 1.3
v 1.1 -1.8 1.3
v 1.1 -1.7 1.3
v 1.1 -1.6 1.3
v 1.1 -1.5 1.3
v 1.1 -1.4 1.3
v 1.1 -1.3 1.3
v 1.1 -1.2 1.3
v 1.1 -1.1 1.3
v 1.1 1.1 1.3
v 1.1 1.2 1.3
v 1.1 1.3 1.3
v 1.1 1.4 1.3
v 1.1 1.6 1.3
v 1.1 1.7 1.3
v 1.1 1.8 1.3
v 1.1 1.9 1.3
v 1.1 2 1.3
v -1.2 -2 1.2
v -1.2 -1.9 1.2
v -1.2 -1.7 1.2
v -1.2 -1.6 1.2
v -1.2 -1.5 1.2
v -1.2 -1.4 1.2
v -1.2 -1.3 1.2
v -1.2 -1.2 1.2
v -1.2 -1.1 1.2
v -1.2 1.1 1.2
v -1.2 1.2 1.2
v -1.2 1.3 1.2
v -1.2 1.7 1.2
v -1.2 2 1.2
v -1.1 -2 1.2
v -1.1 -1.9 1.2
v -1.1 -1.8 1.2
v -1.1 -1.7 1.2
v -1.1 -1.6 1.2
v -1.1 -1.5 1.2
v -1.1 -1.4 1.2
v -1.1 -1.3 1.2
v -1.1 -1.2 1.2
v -1.1 -1.1 1.2
v -1.1 1.1 1.2
v -1.1 1.2 1.2
v -1.1 1.3 1.2
v -1.1 1.4 1.2
v -1.1 1.6 1.2
v -1.1 1.7 1.2
v -1.1 1.8 1.2
v -1.1 1.9 1.2
v -1.1 2 1.2
v -0.6 -2 1.2
v -0.6 -1.8 1.2
v -0.6 -1.7 1.2
v -0.6 -1.6 1.2
v -0.6 -1.5 1.2
v -0.6 -1.4 1.2
v -0.6 -1.3 1.2
v -0.6 -1.2 1.2
v -0.6 -1.1 1.2
v -0.6 1.1 1.2
v -0.6 1.2 1.2
v -0.6 1.3 1.2
v -0.6 1.4 1.2
v -0.6 1.5 1.2
v -0.6 1.6 1.2
v -0.6 1.7 1.2
v -0.6 1.8 1.2
v -0.6 1.9 1.2
v -0.6 2 1.2
v -0.5 -1.9 1.2
v -0.5 -1.8 1.2
v -0.5 -1.7 1.2
v -0.5 -1.6 1.2
v -0.5 -1.4 1.2
v -0.5 -1.3 1.2
v -0.5 -1.2 1.2
v -0.5 1.1 1.2
v -0.5 1.2 1.2
v -0.5 1.3 1.2
v -0.5 1.4 1.2
v -0.5 1.5 1.2
v -0.5 1.7 1.2
v -0.5 1.8 1.2
v -0.5 1.9 1.2
v -0.4 -2 1.2
v -0.4 -1.9 1.2
v -0.4 -1.8 1.2
v -0.4 -1.7 1.2
v -0.4 -1.6 1.2
v -0.4 -1.3 1.2
v -0.4 -1.2 1.2
v -0.4 -1.1 1.2
v -0.4 1.1 1.2
v -0.4 1.2 1.2
v -0.4 1.3 1.2
v -0.4 1.4 1.2
v -0.4 1.5 1.2
v -0.4 1.6 1.2
v -0.4 1.8 1.2
v -0.4 2 1.2
v -0.3 -1.4 1.2
v -0.3 -1.2 1.2
v -0.3 1.1 1.2
v -0.3 1.2 1.2
v -0.3 1.3 1.2
v -0.3 1.4 1.2
v -0.3 1.5 1.2
v -0.3 1.6 1.2
v -0.3 1.8 1.2
v -0.3 1.9 1.2
v -0.3 2 1.2
v -0.2 -2 1.2
v -0.2 -1.7 1.2
v -0.2 -1.5 1.2
v -0.2 -1.4 1.2
v -0.2 -1.3 1.2
v -0.2 -1.2 1.2
v -0.2 -1.1 1.2
v -0.2 1.1 1.2
v -0.2 1.2 1.2
v -0.2 1.3 1.2
v -0.2 1.4 1.2
v -0.2 1.5 1.2
v -0.2 1.8 1.2
v -0.2 1.9 1.2
v -0.2 2 1.2
v -0.1 -2 1.2
v -0.1 -1.9 1.2
v -0.1 -1.7 1.2
v -0.1 -1.6 1.2
v -0.1 -1.5 1.2
v -0.1 -1.4 1.2
v -0.1 -1.3 1.2
v -0.1 -1.2 1.2
v -0.1 -1.1 1.2
v -0.1 1.2 1.2
v -0.1 1.3 1.2
v -0.1 1.4 1.2
v -0.1 1.5 1.2
v -0.1 1.7 1.2
v -0.1 1.8 1.2
v -0.1 1.9 1.2
v -0.1 2 1.2
v 0 -1.7 1.2
v 0 -1.6 1.2
v 0 -1.5 1.2
v 0 -1.4 1.2
v 0 -1.3 1.2
v 0 -1.2 1.2
v 0 1.1 1.2
v 0 1.3 1.2
v 0 1.4 1.2
v 0 1.6 1.2
v 0 1.7 1.2
v 0 1.8 1.2
v 0.0999999 -2 1.2
v 0.0999999 -1.9 1.2
v 0.0999999 -1.6 1.2
v 0.0999999 -1.5 1.2
v 0.0999999 -1.4 1.2
v 0.0999999 -1.3 1.2
v 0.0999999 -1.2 1.2
v 0.0999999 1.1 1.2
v 0.0999999 1.2 1.2
v 0.0999999 1.3 1.2
v 0.0999999 1.4 1.2
v 0.0999999 1.5 1.2
v 0.0999999 1.6 1.2
v 0.0999999 1.7 1.2
v 0.0999999 1.9 1.2
v 0.0999999 2 1.2
v 0.2 -2 1.2
v 0.2 -1.9 1.2
v 0.2 -1.8 1.2
v 0.2 -1.7 1.2
v 0.2 -1.6 1.2
v 0.2 -1.4 1.2
v 0.2 -1.3 1.2
v 0.2 -1.2 1.2
v 0.2 -1.1 1.2
v 0.2 1.2 1.2
v 0.2 1.3 1.2
v 0.2 1.4 1.2
v 0.2 1.6 1.2
v 0.2 1.9 1.2
v 0.2 2 1.2
v 0.3 -2 1.2
v 0.3 -1.9 1.2
v 0.3 -1.8 1.2
v 0.3 -1.7 1.2
v 0.3 -1.6 1.2
v 0.3 -1.5 1.2
v 0.3 -1.2 1.2
v 0.3 -1.1 1.2
v 0.3 1.2 1.2
v 0.3 1.3 1.2
v 0.3 1.4 1.2
v 0.3 1.5 1.2
v 0.3 1.6 1.2
v 0.3 1.8 1.2
v 0.3 1.9 1.2
v 0.3 2 1.2
v 0.4 -1.8 1.2
v 0.4 -1.7 1.2
v 0.4 -1.6 1.2
v 0.4 -1.5 1.2
v 0.4 1.2 1.2
v 0.4 1.3 1.2
v 0.4 1.4 1.2
v 0.4 1.5 1.2
v 0.4 1.6 1.2
v 0.4 1.9 1.2
v 0.4 2 1.2
v 0.5 -2 1.2
v 0.5 -1.9 1.2
v 0.5 -1.8 1.2
v 0.5 -1.7 1.2
v 0.5 -1.5 1.2
v 0.5 -1.4 1.2
v 0.5 -1.3 1.2
v 0.5 -1.2 1.2
v 0.5 1.2 1.2
v 0.5 1.3 1.2
v 0.5 1.4 1.2
v 0.6 -2 1.2
v 0.6 -1.8 1.2
v 0.6 -1.7 1.2
v 0.6 -1.6 1.2
v 0.6 -1.5 1.2
v 0.6 -1.4 1.2
v 0.6 -1.3 1.2
v 0.6 -1.2 1.2
v 0.6 -1.1 1.2
v 0.6 1.1 1.2
v 0.6 1.2 1.2
v 0.6 1.3 1.2
v 0.6 1.4 1.2
v 0.6 1.5 1.2
v 0.6 1.6 1.2
v 0.6 1.7 1.2
v 0.6 1.8 1.2
v 0.6 1.9 1.2
v 0.6 2 1.2
v 1.1 -2 1.2
v 1.1 -1.9 1.2
v 1.1 -1.8 1.2
v 1.1 -1.7 1.2
v 1.1 -1.6 1.2
v 1.1 -1.5 1.2
v 1.1 -1.4 1.2
v 1.1 -1.3 1.2
v 1.1 -1.2 1.2
v 1.1 -1.1 1.2
v 1.1 1.1 1.2
v 1.1 1.2 1.2
v 1.1 1.3 1.2
v 1.1 1.4 1.2
v 1.1 1.5 1.2
v 1.1 1.6 1.2
v 1.1 1.7 1.2
v 1.1 1.8 1.2
v 1.1 1.9 1.2
v 1.1 2 1.2
v 1.2 -2 1.2
v 1.2 -1.9 1.2
v 1.2 -1.8 1.2
v 1.2 -1.7 1.2
v 1.2 -1.6 1.2
v 1.2 -1.5 1.2
v 1.2 -1.3 1.2
v 1.2 -1.2 1.2
v 1.2 -1.1 1.2
v 1.2 1.1 1.2
v 1.2 1.2 1.2
v 1.2 1.3 1.2
v 1.2 1.5 1.2
v 1.2 1.6 1.2
v 1.2 1.7 1.2
v 1.2 1.8 1.2
v 1.2 1.9 1.2
v 1.2 2 1.2
v -1.4 -2 1.1
v -1.4 -1.8 1.1
v -1.4 -1.7 1.1
v -1.4 -1.6 1.1
v -1.4 -1.5 1.1
v -1.4 -1.4 1.1
v -1.4 -1.3 1.1
v -1.4 -1.2 1.1
v -1.4 -1.1 1.1
v -1.4 1.1 1.1
v -1.4 1.2 1.1
v -1.4 1.3 1.1
v -1.4 1.4 1.1
v -1.4 1.6 1.1
v -1.4 1.7 1.1
v -1.4 1.8 1.1
v -1.4 2 1.1
v -1.3 -1.8 1.1
v -1.3 -1.7 1.1
v -1.3 -1.6 1.1
v -1.3 -1.5 1.1
v -1.3 -1.4 1.1
v -1.3 -1.3 1.1
v -1.3 -1.2 1.1
v -1.3 -1.1 1.1
v -1.3 1.2 1.1
v -1.3 1.3 1.1
v -1.3 1.4 1.1
v -1.3 1.5 1.1
v -1.3 1.6 1.1
v -1.3 1.7 1.1
v -1.3 1.8 1.1
v -1.3 2 1.1
v -1.2 -2 1.1
v -1.2 -1.9 1.1
v -1.2 -1.7 1.1
v -1.2 -1.6 1.1
v -1.2 -1.5 1.1
v -1.2 -1.4 1.1
v -1.2 -1.3 1.1
v -1.2 -1.2 1.1
v -1.2 -1.1 1.1
v -1.2 1.1 1.1
v -1.2 1.2 1.1
v -1.2 1.3 1.1
v -1.2 1.4 1.1
v -1.2 1.5 1.1
v -1.2 1.7 1.1
v -1.2 1.8 1.1
v -1.2 2 1.1
v 1.2 -2 1.1
v 1.2 -1.9 1.1
v 1.2 -1.8 1.1
v 1.2 -1.7 1.1
v 1.2 -1.6 1.1
v 1.2 -1.5 1.1
v 1.2 -1.4 1.1
v 1.2 -1.3 1.1
v 1.2 -1.2 1.1
v 1.2 -1.1 1.1
v 1.2 1.1 1.1
v 1.2 1.2 1.1
v 1.2 1.3 1.1
v 1.2 1.4 1.1
v 1.2 1.5 1.1
v 1.2 1.6 1.1
v 1.2 1.7 1.1
v 1.2 1.8 1.1
v 1.2 1.9 1.1
v 1.2 2 1.1
v 1.3 -1.9 1.1
v 1.3 -1.8 1.1
v 1.3 -1.7 1.1
v 1.3 -1.6 1.1
v 1.3 -1.5 1.1
v 1.3 -1.4 1.1
v 1.3 -1.3 1.1
v 1.3 -1.2 1.1
v 1.3 -1.1 1.1
v 1.3 1.2 1.1
v 1.3 1.3 1.1
v 1.3 1.4 1.1
v 1.3 1.5 1.1
v 1.3 1.6 1.1
v 1.3 1.7 1.1
v 1.3 1.8 1.1
v 1.3 1.9 1.1
v 1.3 2 1.1
v 1.4 -2 1.1
v 1.4 -1.9 1.1
v 1.4 -1.8 1.1
v 1.4 -1.7 1.1
v 1.4 -1.5 1.1
v 1.4 -1.4 1.1
v 1.4 -1.3 1.1
v 1.4 -1.2 1.1
v 1.4 -1.1 1.1
v 1.4 1.1 1.1
v 1.4 1.2 1.1
v 1.4 1.4 1.1
v 1.4 1.6 1.1
v 1.4 1.7 1.1
v 1.4 1.8 1.1
v 1.4 1.9 1.1
v 1.4 2 1.1
v -1.5 -2 1
v -1.5 -1.8 1
v -1.5 -1.7 1
v -1.5 -1.4 1
v -1.5 -1.2 1
v -1.5 -1.1 1
v -1.5 1.1 1
v -1.5 1.2 1
v -1.5 1.4 1
v -1.5 1.5 1
v -1.5 1.6 1
v -1.5 1.7 1
v -1.5 1.8 1
v -1.5 1.9 1
v -1.5 2 1
v -1.4 -2 1
v -1.4 -1.8 1
v -1.4 -1.7 1
v -1.4 -1.6 1
v -1.4 -1.5 1
v -1.4 -1.4 1
v -1.4 -1.3 1
v -1.4 -1.2 1
v -1.4 -1.1 1
v -1.4 1.1 1
v -1.4 1.2 1
v -1.4 1.3 1
v -1.4 1.4 1
v -1.4 1.5 1
v -1.4 1.6 1
v -1.4 1.7 1
v -1.4 1.8 1
v -1.4 1.9 1
v -1.4 2 1
v -0.3 -1.9 1
v -0.3 -1.8 1
v -0.3 1.8 1
v -0.3 1.9 1
v -0.2 -1.9 1
v -0.2 -1.8 1
v -0.2 1.8 1
v -0.2 1.9 1
v 0.2 -1.9 1
v 0.2 -1.8 1
v 0.2 1.8 1
v 0.2 1.9 1
v 0.3 -1.9 1
v 0.3 -1.8 1
v 0.3 1.8 1
v 0.3 1.9 1
v 1.4 -2 1
v 1.4 -1.9 1
v 1.4 -1.8 1
v 1.4 -1.7 1
v 1.4 -1.5 1
v 1.4 -1.4 1
v 1.4 -1.3 1
v 1.4 -1.2 1
v 1.4 -1.1 1
v 1.4 1.1 1
v 1.4 1.2 1
v 1.4 1.4 1
v 1.4 1.6 1
v 1.4 1.7 1
v 1.4 1.8 1
v 1.4 1.9 1
v 1.4 2 1
v 1.5 -2 1
v 1.5 -1.8 1
v 1.5 -1.7 1
v 1.5 -1.5 1
v 1.5 -1.4 1
v 1.5 -1.1 1
v 1.5 1.1 1
v 1.5 1.2 1
v 1.5 1.4 1
v 1.5 1.6 1
v 1.5 1.7 1
v 1.5 1.8 1
v 1.5 1.9 1
v 1.5 2 1
v -1.6 -2 0.9
v -1.6 -1.6 0.9
v -1.6 -1.5 0.9
v -1.6 -1.4 0.9
v -1.6 -1.2 0.9
v -1.6 -1.1 0.9
v -1.6 1.1 0.9
v -1.6 1.2 0.9
v -1.6 1.3 0.9
v -1.6 1.4 0.9
v -1.6 1.5 0.9
v -1.6 1.7 0.9
v -1.6 2 0.9
v -1.5 -2 0.9
v -1.5 -1.8 0.9
v -1.5 -1.7 0.9
v -1.5 -1.6 0.9
v -1.5 -1.5 0.9
v -1.5 -1.4 0.9
v -1.5 -1.2 0.9
v -1.5 -1.1 0.9
v -1.5 1.1 0.9
v -1.5 1.2 0.9
v -1.5 1.3 0.9
v -1.5 1.4 0.9
v -1.5 1.5 0.9
v -1.5 1.6 0.9
v -1.5 1.7 0.9
v -1.5 1.8 0.9
v -1.5 1.9 0.9
v -1.5 2 0.9
v -0.3 -1.8 0.9
v -0.3 -1.7 0.9
v -0.3 1.7 0.9
v -0.3 1.8 0.9
v -0.2 -1.8 0.9
v -0.2 -1.7 0.9
v -0.2 1.7 0.9
v -0.2 1.8 0.9
v 0.2 -1.8 0.9
v 0.2 -1.7 0.9
v 0.2 1.7 0.9
v 0.2 1.8 0.9
v 0.3 -1.8 0.9
v 0.3 -1.7 0.9
v 0.3 1.7 0.9
v 0.3 1.8 0.9
v 1.5 -2 0.9
v 1.5 -1.8 0.9
v 1.5 -1.7 0.9
v 1.5 -1.5 0.9
v 1.5 -1.4 0.9
v 1.5 -1.1 0.9
v 1.5 1.1 0.9
v 1.5 1.2 0.9
v 1.5 1.4 0.9
v 1.5 1.5 0.9
v 1.5 1.6 0.9
v 1.5 1.7 0.9
v 1.5 1.8 0.9
v 1.5 1.9 0.9
v 1.5 2 0.9
v 1.6 -2 0.9
v 1.6 -1.8 0.9
v 1.6 -1.7 0.9
v 1.6 -1.5 0.9
v 1.6 -1.4 0.9
v 1.6 -1.1 0.9
v 1.6 1.1 0.9
v 1.6 1.5 0.9
v 1.6 1.7 0.9
v 1.6 2 0.9
v -0.3 -1.7 0.8
v -0.3 -1.6 0.8
v -0.3 1.6 0.8
v -0.3 1.7 0.8
v -0.2 -1.7 0.8
v -0.2 -1.6 0.8
v -0.2 1.6 0.8
v -0.2 1.7 0.8
v 0.2 -1.7 0.8
v 0.2 -1.6 0.8
v 0.2 1.6 0.8
v 0.2 1.7 0.8
v 0.3 -1.7 0.8
v 0.3 -1.6 0.8
v 0.3 1.6 0.8
v 0.3 1.7 0.8
v -0.3 -1.6 0.7
v -0.3 -1.5 0.7
v -0.3 1.5 0.7
v -0.3 1.6 0.7
v -0.2 -1.6 0.7
v -0.2 -1.5 0.7
v -0.2 1.5 0.7
v -0.2 1.6 0.7
v 0.2 -1.6 0.7
v 0.2 -1.5 0.7
v 0.2 1.5 0.7
v 0.2 1.6 0.7
v 0.3 -1.6 0.7
v 0.3 -1.5 0.7
v 0.3 1.5 0.7
v 0.3 1.6 0.7
v -1.7 -2 0.6
v -1.7 -1.9 0.6
v -1.7 -1.8 0.6
v -1.7 -1.7 0.6
v -1.7 -1.6 0.6
v -1.7 -1.5 0.6
v -1.7 -1.3 0.6
v -1.7 -1.2 0.6
v -1.7 -1.1 0.6
v -1.7 1.1 0.6
v -1.7 1.2 0.6
v -1.7 1.3 0.6
v -1.7 1.6 0.6
v -1.7 1.7 0.6
v -1.7 1.8 0.6
v -1.7 1.9 0.6
v -1.7 2 0.6
v -1.6 -2 0.6
v -1.6 -1.9 0.6
v -1.6 -1.8 0.6
v -1.6 -1.7 0.6
v -1.6 -1.6 0.6
v -1.6 -1.5 0.6
v -1.6 -1.3 0.6
v -1.6 -1.2 0.6
v -1.6 -1.1 0.6
v -1.6 1.1 0.6
v -1.6 1.2 0.6
v -1.6 1.3 0.6
v -1.6 1.4 0.6
v -1.6 1.5 0.6
v -1.6 1.6 0.6
v -1.6 1.7 0.6
v -1.6 1.8 0.6
v -1.6 1.9 0.6
v -1.6 2 0.6
v -1 -2 0.6
v -1 -1.7 0.6
v -1 1.7 0.6
v -1 1.8 0.6
v -1 1.9 0.6
v -1 2 0.6
v -0.9 -2 0.6
v -0.9 -1.9 0.6
v -0.9 -1.8 0.6
v -0.9 -1.7 0.6
v -0.9 1.8 0.6
v -0.9 1.9 0.6
v -0.9 2 0.6
v -0.8 -2 0.6
v -0.8 -1.9 0.6
v -0.8 -1.8 0.6
v -0.8 -1.7 0.6
v -0.8 1.7 0.6
v -0.8 1.8 0.6
v -0.8 1.9 0.6
v -0.8 2 0.6
v -0.3 -1.5 0.6
v -0.3 -1.4 0.6
v -0.3 1.4 0.6
v -0.3 1.5 0.6
v -0.2 -1.5 0.6
v -0.2 -1.4 0.6
v -0.2 1.4 0.6
v -0.2 1.5 0.6
v 0.2 -1.5 0.6
v 0.2 -1.4 0.6
v 0.2 1.4 0.6
v 0.2 1.5 0.6
v 0.3 -1.5 0.6
v 0.3 -1.4 0.6
v 0.3 1.4 0.6
v 0.3 1.5 0.6
v 0.8 -2 0.6
v 0.8 -1.9 0.6
v 0.8 -1.8 0.6
v 0.8 -1.7 0.6
v 0.8 1.7 0.6
v 0.8 1.8 0.6
v 0.8 2 0.6
v 0.9 -2 0.6
v 0.9 -1.9 0.6
v 0.9 -1.8 0.6
v 0.9 1.8 0.6
v 0.9 2 0.6
v 1 -2 0.6
v 1 -1.7 0.6
v 1 1.7 0.6
v 1 2 0.6
v 1.6 -2 0.6
v 1.6 -1.9 0.6
v 1.6 -1.8 0.6
v 1.6 -1.7 0.6
v 1.6 -1.6 0.6
v 1.6 -1.5 0.6
v 1.6 -1.2 0.6
v 1.6 -1.1 0.6
v 1.6 1.1 0.6
v 1.6 1.2 0.6
v 1.6 1.3 0.6
v 1.6 1.4 0.6
v 1.6 1.6 0.6
v 1.6 1.7 0.6
v 1.6 1.8 0.6
v 1.6 1.9 0.6
v 1.6 2 0.6
v 1.7 -2 0.6
v 1.7 -1.9 0.6
v 1.7 -1.8 0.6
v 1.7 -1.7 0.6
v 1.7 -1.6 0.6
v 1.7 -1.5 0.6
v 1.7 -1.2 0.6
v 1.7 -1.1 0.6
v 1.7 1.1 0.6
v 1.7 1.2 0.6
v 1.7 1.3 0.6
v 1.7 1.4 0.6
v 1.7 1.6 0.6
v 1.7 1.7 0.6
v 1.7 1.8 0.6
v 1.7 1.9 0.6
v 1.7 2 0.6
v -1.2 -2 0.5
v -1.2 -1.8 0.5
v -1.2 -1.7 0.5
v -1.2 1.7 0.5
v -1.2 1.8 0.5
v -1.2 2 0.5
v -1.1 -1.8 0.5
v -1.1 -1.7 0.5
v -1.1 1.7 0.5
v -1.1 1.8 0.5
v -1 -2 0.5
v -1 -1.7 0.5
v -1 1.7 0.5
v -1 1.8 0.5
v -1 1.9 0.5
v -1 2 0.5
v -0.8 -2 0.5
v -0.8 -1.9 0.5
v -0.8 -1.8 0.5
v -0.8 -1.7 0.5
v -0.8 1.7 0.5
v -0.8 1.8 0.5
v -0.8 1.9 0.5
v -0.8 2 0.5
v -0.7 -2 0.5
v -0.7 -1.9 0.5
v -0.7 -1.8 0.5
v -0.7 -1.7 0.5
v -0.7 1.7 0.5
v -0.7 1.8 0.5
v -0.7 2 0.5
v -0.6 -2 0.5
v -0.6 -1.9 0.5
v -0.6 -1.7 0.5
v -0.6 1.7 0.5
v -0.6 1.8 0.5
v -0.6 2 0.5
v -0.3 -1.4 0.5
v -0.3 -1.3 0.5
v -0.3 1.3 0.5
v -0.3 1.4 0.5
v -0.2 -1.4 0.5
v -0.2 -1.3 0.5
v -0.2 1.3 0.5
v -0.2 1.4 0.5
v 0.2 -1.4 0.5
v 0.2 -1.3 0.5
v 0.2 1.3 0.5
v 0.2 1.4 0.5
v 0.3 -1.4 0.5
v 0.3 -1.3 0.5
v 0.3 1.3 0.5
v 0.3 1.4 0.5
v 0.6 -2 0.5
v 0.6 -1.9 0.5
v 0.6 -1.7 0.5
v 0.6 1.7 0.5
v 0.6 1.9 0.5
v 0.6 2 0.5
v 0.7 -2 0.5
v 0.7 -1.9 0.5
v 0.7 -1.8 0.5
v 0.7 -1.7 0.5
v 0.7 1.7 0.5
v 0.7 1.8 0.5
v 0.8 -2 0.5
v 0.8 -1.9 0.5
v 0.8 -1.8 0.5
v 0.8 -1.7 0.5
v 0.8 1.7 0.5
v 0.8 1.8 0.5
v 0.8 1.9 0.5
v 0.8 2 0.5
v 1 -2 0.5
v 1 -1.8 0.5
v 1 -1.7 0.5
v 1 1.7 0.5
v 1 1.8 0.5
v 1 1.9 0.5
v 1 2 0.5
v 1.1 -2 0.5
v 1.1 -1.9 0.5
v 1.1 -1.8 0.5
v 1.1 -1.7 0.5
v 1.1 1.7 0.5
v 1.1 1.8 0.5
v 1.2 -2 0.5
v 1.2 -1.9 0.5
v 1.2 -1.8 0.5
v 1.2 -1.7 0.5
v 1.2 1.7 0.5
v 1.2 1.8 0.5
v 1.2 1.9 0.5
v 1.2 2 0.5
v -1.3 -2 0.4
v -1.3 -1.9 0.4
v -1.3 -1.8 0.4
v -1.3 -1.7 0.4
v -1.3 1.7 0.4
v -1.3 1.8 0.4
v -1.3 1.9 0.4
v -1.3 2 0.4
v -1.2 -2 0.4
v -1.2 -1.9 0.4
v -1.2 -1.8 0.4
v -1.2 -1.7 0.4
v -1.2 1.7 0.4
v -1.2 1.8 0.4
v -1.2 1.9 0.4
v -1.2 2 0.4
v -0.6 -2 0.4
v -0.6 -1.9 0.4
v -0.6 -1.8 0.4
v -0.6 -1.7 0.4
v -0.6 1.7 0.4
v -0.6 1.8 0.4
v -0.6 1.9 0.4
v -0.6 2 0.4
v -0.5 -2 0.4
v -0.5 -1.8 0.4
v -0.5 -1.7 0.4
v -0.5 1.7 0.4
v -0.5 1.8 0.4
v -0.5 1.9 0.4
v -0.5 2 0.4
v -0.3 -1.3 0.4
v -0.3 -1.2 0.4
v -0.3 1.2 0.4
v -0.3 1.3 0.4
v -0.2 -1.3 0.4
v -0.2 -1.2 0.4
v -0.2 1.2 0.4
v -0.2 1.3 0.4
v 0.2 -1.3 0.4
v 0.2 -1.2 0.4
v 0.2 1.2 0.4
v 0.2 1.3 0.4
v 0.3 -1.3 0.4
v 0.3 -1.2 0.4
v 0.3 1.2 0.4
v 0.3 1.3 0.4
v 0.5 -2 0.4
v 0.5 -1.9 0.4
v 0.5 -1.8 0.4
v 0.5 -1.7 0.4
v 0.5 1.7 0.4
v 0.5 1.8 0.4
v 0.5 2 0.4
v 0.6 -2 0.4
v 0.6 -1.9 0.4
v 0.6 -1.8 0.4
v 0.6 -1.7 0.4
v 0.6 1.7 0.4
v 0.6 1.8 0.4
v 0.6 1.9 0.4
v 0.6 2 0.4
v 1.2 -2 0.4
v 1.2 -1.9 0.4
v 1.2 -1.8 0.4
v 1.2 -1.7 0.4
v 1.2 1.7 0.4
v 1.2 1.8 0.4
v 1.2 1.9 0.4
v 1.2 2 0.4
v 1.3 -2 0.4
v 1.3 -1.8 0.4
v 1.3 -1.7 0.4
v 1.3 1.7 0.4
v 1.3 1.8 0.4
v 1.3 1.9 0.4
v 1.3 2 0.4
v -0.5 -2 0.3
v -0.5 -1.8 0.3
v -0.5 -1.7 0.3
v -0.5 1.7 0.3
v -0.5 1.8 0.3
v -0.5 1.9 0.3
v -0.5 2 0.3
v -0.4 -2 0.3
v -0.4 -1.7 0.3
v -0.4 -1 0.3
v -0.4 -0.9 0.3
v -0.4 0.9 0.3
v -0.4 1 0.3
v -0.4 1.7 0.3
v -0.4 1.9 0.3
v -0.4 2 0.3
v -0.3 -1.2 0.3
v -0.3 -1.1 0.3
v -0.3 -1 0.3
v -0.3 -0.9 0.3
v -0.3 0.9 0.3
v -0.3 1 0.3
v -0.3 1.1 0.3
v -0.3 1.2 0.3
v -0.2 -1.2 0.3
v -0.2 -1.1 0.3
v -0.2 1.1 0.3
v -0.2 1.2 0.3
v 0.2 -1.2 0.3
v 0.2 -1.1 0.3
v 0.2 1.1 0.3
v 0.2 1.2 0.3
v 0.3 -1.2 0.3
v 0.3 -1.1 0.3
v 0.3 -1 0.3
v 0.3 -0.9 0.3
v 0.3 0.9 0.3
v 0.3 1 0.3
v 0.3 1.1 0.3
v 0.3 1.2 0.3
v 0.4 -2 0.3
v 0.4 -1.9 0.3
v 0.4 -1.8 0.3
v 0.4 -1.7 0.3
v 0.4 -1 0.3
v 0.4 -0.9 0.3
v 0.4 0.9 0.3
v 0.4 1 0.3
v 0.4 1.7 0.3
v 0.4 2 0.3
v 0.5 -2 0.3
v 0.5 -1.9 0.3
v 0.5 -1.8 0.3
v 0.5 -1.7 0.3
v 0.5 1.7 0.3
v 0.5 1.8 0.3
v 0.5 2 0.3
v -0.5 -1 0.2
v -0.5 -0.9 0.2
v -0.5 0.9 0.2
v -0.5 1 0.2
v -0.4 -2 0.2
v -0.4 -1.8 0.2
v -0.4 -1.7 0.2
v -0.4 -1.6 0.2
v -0.4 -1.5 0.2
v -0.4 -1.4 0.2
v -0.4 -1.3 0.2
v -0.4 -1.2 0.2
v -0.4 -1.1 0.2
v -0.4 -1 0.2
v -0.4 -0.9 0.2
v -0.4 -0.7 0.2
v -0.4 -0.6 0.2
v -0.4 -0.5 0.2
v -0.4 -0.4 0.2
v -0.4 -0.3 0.2
v -0.4 -0.1 0.2
v -0.4 0.0999999 0.2
v -0.4 0.2 0.2
v -0.4 0.3 0.2
v -0.4 0.4 0.2
v -0.4 0.5 0.2
v -0.4 0.6 0.2
v -0.4 0.7 0.2
v -0.4 0.8 0.2
v -0.4 0.9 0.2
v -0.4 1 0.2
v -0.4 1.1 0.2
v -0.4 1.2 0.2
v -0.4 1.3 0.2
v -0.4 1.4 0.2
v -0.4 1.5 0.2
v -0.4 1.6 0.2
v -0.4 1.7 0.2
v -0.4 1.8 0.2
v -0.4 1.9 0.2
v -0.4 2 0.2
v -0.3 -2 0.2
v -0.3 -1.8 0.2
v -0.3 -1.7 0.2
v -0.3 -1.6 0.2
v -0.3 -1.5 0.2
v -0.3 -1.4 0.2
v -0.3 -1.3 0.2
v -0.3 -1.2 0.2
v -0.3 -1.1 0.2
v -0.3 -1 0.2
v -0.3 -0.9 0.2
v -0.3 -0.7 0.2
v -0.3 -0.6 0.2
v -0.3 -0.5 0.2
v -0.3 -0.4 0.2
v -0.3 -0.3 0.2
v -0.3 -0.1 0.2
v -0.3 0.0999999 0.2
v -0.3 0.2 0.2
v -0.3 0.3 0.2
v -0.3 0.4 0.2
v -0.3 0.5 0.2
v -0.3 0.6 0.2
v -0.3 0.7 0.2
v -0.3 0.8 0.2
v -0.3 0.9 0.2
v -0.3 1 0.2
v -0.3 1.1 0.2
v -0.3 1.2 0.2
v -0.3 1.3 0.2
v -0.3 1.4 0.2
v -0.3 1.5 0.2
v -0.3 1.6 0.2
v -0.3 1.7 0.2
v -0.3 1.8 0.2
v -0.3 1.9 0.2
v -0.3 2 0.2
v -0.2 -1.1 0.2
v -0.2 -1 0.2
v -0.2 1 0.2
v -0.2 1.1 0.2
v 0.2 -1.1 0.2
v 0.2 -1 0.2
v 0.2 1 0.2
v 0.2 1.1 0.2
v 0.3 -2 0.2
v 0.3 -1.9 0.2
v 0.3 -1.8 0.2
v 0.3 -1.7 0.2
v 0.3 -1.6 0.2
v 0.3 -1.5 0.2
v 0.3 -1.4 0.2
v 0.3 -1.3 0.2
v 0.3 -1.2 0.2
v 0.3 -1.1 0.2
v 0.3 -1 0.2
v 0.3 -0.9 0.2
v 0.3 -0.8 0.2
v 0.3 -0.7 0.2
v 0.3 -0.6 0.2
v 0.3 -0.5 0.2
v 0.3 -0.4 0.2
v 0.3 -0.2 0.2
v 0.3 0.0999999 0.2
v 0.3 0.2 0.2
v 0.3 0.3 0.2
v 0.3 0.4 0.2
v 0.3 0.5 0.2
v 0.3 0.6 0.2
v 0.3 0.7 0.2
v 0.3 0.9 0.2
v 0.3 1 0.2
v 0.3 1.1 0.2
v 0.3 1.2 0.2
v 0.3 1.3 0.2
v 0.3 1.4 0.2
v 0.3 1.5 0.2
v 0.3 1.6 0.2
v 0.3 1.8 0.2
v 0.3 1.9 0.2
v 0.3 2 0.2
v 0.4 -2 0.2
v 0.4 -1.9 0.2
v 0.4 -1.8 0.2
v 0.4 -1.7 0.2
v 0.4 -1.6 0.2
v 0.4 -1.5 0.2
v 0.4 -1.4 0.2
v 0.4 -1.3 0.2
v 0.4 -1.2 0.2
v 0.4 -1 0.2
v 0.4 -0.9 0.2
v 0.4 -0.8 0.2
v 0.4 -0.7 0.2
v 0.4 -0.6 0.2
v 0.4 -0.5 0.2
v 0.4 -0.4 0.2
v 0.4 -0.2 0.2
v 0.4 0.0999999 0.2
v 0.4 0.2 0.2
v 0.4 0.3 0.2
v 0.4 0.4 0.2
v 0.4 0.5 0.2
v 0.4 0.6 0.2
v 0.4 0.7 0.2
v 0.4 0.9 0.2
v 0.4 1 0.2
v 0.4 1.2 0.2
v 0.4 1.3 0.2
v 0.4 1.4 0.2
v 0.4 1.5 0.2
v 0.4 1.6 0.2
v 0.4 1.7 0.2
v 0.4 1.8 0.2
v 0.4 1.9 0.2
v 0.4 2 0.2
v 0.5 -1 0.2
v 0.5 -0.9 0.2
v 0.5 0.9 0.2
v 0.5 1 0.2
v -0.3 -1 0.0999999
v -0.3 -0.9 0.0999999
v -0.3 0.9 0.0999999
v -0.3 1 0.0999999
v -0.2 -1 0.0999999
v -0.2 -0.9 0.0999999
v -0.2 0.9 0.0999999
v -0.2 1 0.0999999
v 0.2 -1 0.0999999
v 0.2 -0.9 0.0999999
v 0.2 0.9 0.0999999
v 0.2 1 0.0999999
v 0.3 -1 0.0999999
v 0.3 -0.9 0.0999999
v 0.3 0.9 0.0999999
v 0.3 1 0.0999999
v -0.5 -2 -0.1
v -0.5 -1.9 -0.1
v -0.5 -1.8 -0.1
v -0.5 -1.7 -0.1
v -0.5 1.7 -0.1
v -0.5 1.8 -0.1
v -0.5 2 -0.1
v -0.4 -2 -0.1
v -0.4 -1.9 -0.1
v -0.4 -1.8 -0.1
v -0.4 -1.7 -0.1
v -0.4 -1.6 -0.1
v -0.4 -1.5 -0.1
v -0.4 -1.4 -0.1
v -0.4 -1.3 -0.1
v -0.4 -1.2 -0.1
v -0.4 -1 -0.1
v -0.4 -0.9 -0.1
v -0.4 -0.8 -0.1
v -0.4 -0.7 -0.1
v -0.4 -0.5 -0.1
v -0.4 -0.4 -0.1
v -0.4 -0.3 -0.1
v -0.4 -0.2 -0.1
v -0.4 -0.1 -0.1
v -0.4 0.0999999 -0.1
v -0.4 0.2 -0.1
v -0.4 0.3 -0.1
v -0.4 0.4 -0.1
v -0.4 0.5 -0.1
v -0.4 0.7 -0.1
v -0.4 0.8 -0.1
v -0.4 0.9 -0.1
v -0.4 1 -0.1
v -0.4 1.1 -0.1
v -0.4 1.2 -0.1
v -0.4 1.3 -0.1
v -0.4 1.4 -0.1
v -0.4 1.5 -0.1
v -0.4 1.6 -0.1
v -0.4 1.7 -0.1
v -0.4 1.8 -0.1
v -0.4 1.9 -0.1
v -0.4 2 -0.1
v -0.3 -1.9 -0.1
v -0.3 -1.8 -0.1
v -0.3 -1.6 -0.1
v -0.3 -1.5 -0.1
v -0.3 -1.4 -0.1
v -0.3 -1.3 -0.1
v -0.3 -1.2 -0.1
v -0.3 -1.1 -0.1
v -0.3 -1 -0.1
v -0.3 -0.9 -0.1
v -0.3 -0.8 -0.1
v -0.3 -0.7 -0.1
v -0.3 -0.5 -0.1
v -0.3 -0.4 -0.1
v -0.3 -0.3 -0.1
v -0.3 -0.2 -0.1
v -0.3 -0.1 -0.1
v -0.3 0.0999999 -0.1
v -0.3 0.2 -0.1
v -0.3 0.3 -0.1
v -0.3 0.4 -0.1
v -0.3 0.5 -0.1
v -0.3 0.7 -0.1
v -0.3 0.8 -0.1
v -0.3 0.9 -0.1
v -0.3 1 -0.1
v -0.3 1.1 -0.1
v -0.3 1.2 -0.1
v -0.3 1.3 -0.1
v -0.3 1.4 -0.1
v -0.3 1.5 -0.1
v -0.3 1.6 -0.1
v -0.3 1.7 -0.1
v -0.3 1.8 -0.1
v -0.3 1.9 -0.1
v -0.2 -1.2 -0.1
v -0.2 -1.1 -0.1
v -0.2 1.1 -0.1
v -0.2 1.2 -0.1
v 0.2 -1.2 -0.1
v 0.2 -1.1 -0.1
v 0.2 1.1 -0.1
v 0.2 1.2 -0.1
v 0.3 -1.9 -0.1
v 0.3 -1.8 -0.1
v 0.3 -1.6 -0.1
v 0.3 -1.5 -0.1
v 0.3 -1.4 -0.1
v 0.3 -1.3 -0.1
v 0.3 -1.2 -0.1
v 0.3 -1.1 -0.1
v 0.3 -1 -0.1
v 0.3 -0.9 -0.1
v 0.3 -0.6 -0.1
v 0.3 -0.5 -0.1
v 0.3 -0.4 -0.1
v 0.3 -0.3 -0.1
v 0.3 -0.1 -0.1
v 0.3 0 -0.1
v 0.3 0.0999999 -0.1
v 0.3 0.2 -0.1
v 0.3 0.3 -0.1
v 0.3 0.4 -0.1
v 0.3 0.5 -0.1
v 0.3 0.6 -0.1
v 0.3 0.7 -0.1
v 0.3 0.9 -0.1
v 0.3 1 -0.1
v 0.3 1.1 -0.1
v 0.3 1.2 -0.1
v 0.3 1.3 -0.1
v 0.3 1.5 -0.1
v 0.3 1.6 -0.1
v 0.3 1.7 -0.1
v 0.3 1.8 -0.1
v 0.3 1.9 -0.1
v 0.4 -2 -0.1
v 0.4 -1.9 -0.1
v 0.4 -1.8 -0.1
v 0.4 -1.7 -0.1
v 0.4 -1.6 -0.1
v 0.4 -1.5 -0.1
v 0.4 -1.4 -0.1
v 0.4 -1.3 -0.1
v 0.4 -1.2 -0.1
v 0.4 -1 -0.1
v 0.4 -0.9 -0.1
v 0.4 -0.6 -0.1
v 0.4 -0.5 -0.1
v 0.4 -0.4 -0.1
v 0.4 -0.3 -0.1
v 0.4 -0.1 -0.1
v 0.4 0 -0.1
v 0.4 0.0999999 -0.1
v 0.4 0.2 -0.1
v 0.4 0.3 -0.1
v 0.4 0.4 -0.1
v 0.4 0.5 -0.1
v 0.4 0.6 -0.1
v 0.4 0.7 -0.1
v 0.4 0.9 -0.1
v 0.4 1 -0.1
v 0.4 1.2 -0.1
v 0.4 1.3 -0.1
v 0.4 1.5 -0.1
v 0.4 1.6 -0.1
v 0.4 1.7 -0.1
v 0.4 1.8 -0.1
v 0.4 1.9 -0.1
v 0.4 2 -0.1
v 0.5 -2 -0.1
v 0.5 -1.8 -0.1
v 0.5 -1.7 -0.1
v 0.5 1.7 -0.1
v 0.5 1.8 -0.1
v 0.5 2 -0.1
v -0.3 -1.3 -0.2
v -0.3 -1.2 -0.2
v -0.3 1.2 -0.2
v -0.3 1.3 -0.2
v -0.2 -1.3 -0.2
v -0.2 -1.2 -0.2
v -0.2 1.2 -0.2
v -0.2 1.3 -0.2
v 0.2 -1.3 -0.2
v 0.2 -1.2 -0.2
v 0.2 1.2 -0.2
v 0.2 1.3 -0.2
v 0.3 -1.3 -0.2
v 0.3 -1.2 -0.2
v 0.3 1.2 -0.2
v 0.3 1.3 -0.2
v -1.3 -2 -0.3
v -1.3 -1.9 -0.3
v -1.3 -1.8 -0.3
v -1.3 -1.7 -0.3
v -1.3 1.7 -0.3
v -1.3 1.8 -0.3
v -1.3 1.9 -0.3
v -1.3 2 -0.3
v -1.2 -2 -0.3
v -1.2 -1.9 -0.3
v -1.2 -1.8 -0.3
v -1.2 -1.7 -0.3
v -1.2 1.7 -0.3
v -1.2 1.8 -0.3
v -1.1 -2 -0.3
v -1.1 -1.8 -0.3
v -1.1 -1.7 -0.3
v -1.1 1.7 -0.3
v -1.1 1.9 -0.3
v -1.1 2 -0.3
v -0.7 -2 -0.3
v -0.7 -1.9 -0.3
v -0.7 -1.8 -0.3
v -0.7 -1.7 -0.3
v -0.7 1.7 -0.3
v -0.7 1.8 -0.3
v -0.7 1.9 -0.3
v -0.7 2 -0.3
v -0.6 -2 -0.3
v -0.6 -1.9 -0.3
v -0.6 -1.8 -0.3
v -0.6 -1.7 -0.3
v -0.6 1.7 -0.3
v -0.6 1.8 -0.3
v -0.6 1.9 -0.3
v -0.6 2 -0.3
v -0.5 -2 -0.3
v -0.5 -1.8 -0.3
v -0.5 -1.7 -0.3
v -0.5 1.7 -0.3
v -0.5 1.8 -0.3
v -0.5 2 -0.3
v -0.3 -1.4 -0.3
v -0.3 -1.3 -0.3
v -0.3 1.3 -0.3
v -0.3 1.4 -0.3
v -0.2 -1.4 -0.3
v -0.2 -1.3 -0.3
v -0.2 1.3 -0.3
v -0.2 1.4 -0.3
v 0.2 -1.4 -0.3
v 0.2 -1.3 -0.3
v 0.2 1.3 -0.3
v 0.2 1.4 -0.3
v 0.3 -1.4 -0.3
v 0.3 -1.3 -0.3
v 0.3 1.3 -0.3
v 0.3 1.4 -0.3
v 0.5 -2 -0.3
v 0.5 -1.9 -0.3
v 0.5 -1.8 -0.3
v 0.5 -1.7 -0.3
v 0.5 1.7 -0.3
v 0.5 1.8 -0.3
v 0.5 2 -0.3
v 0.6 -2 -0.3
v 0.6 -1.8 -0.3
v 0.6 -1.7 -0.3
v 0.6 1.7 -0.3
v 0.6 1.8 -0.3
v 0.6 2 -0.3
v 0.7 -2 -0.3
v 0.7 -1.8 -0.3
v 0.7 -1.7 -0.3
v 0.7 1.7 -0.3
v 0.7 1.8 -0.3
v 0.7 2 -0.3
v 1.1 -2 -0.3
v 1.1 -1.8 -0.3
v 1.1 -1.7 -0.3
v 1.1 1.7 -0.3
v 1.1 1.8 -0.3
v 1.1 1.9 -0.3
v 1.1 2 -0.3
v 1.2 -2 -0.3
v 1.2 -1.8 -0.3
v 1.2 -1.7 -0.3
v 1.2 1.7 -0.3
v 1.2 1.8 -0.3
v 1.2 1.9 -0.3
v 1.2 2 -0.3
v 1.3 -2 -0.3
v 1.3 -1.8 -0.3
v 1.3 -1.7 -0.3
v 1.3 1.7 -0.3
v 1.3 1.8 -0.3
v 1.3 1.9 -0.3
v 1.3 2 -0.3
v -1.1 -2 -0.4
v -1.1 -1.8 -0.4
v -1.1 -1.7 -0.4
v -1.1 1.7 -0.4
v -1.1 1.9 -0.4
v -1.1 2 -0.4
v -1 -2 -0.4
v -1 -1.9 -0.4
v -1 -1.8 -0.4
v -1 -1.7 -0.4
v -1 1.7 -0.4
v -1 1.8 -0.4
v -1 1.9 -0.4
v -1 2 -0.4
v -0.9 -2 -0.4
v -0.9 -1.9 -0.4
v -0.9 -1.8 -0.4
v -0.9 -1.7 -0.4
v -0.9 1.7 -0.4
v -0.9 1.8 -0.4
v -0.9 1.9 -0.4
v -0.8 -2 -0.4
v -0.8 -1.8 -0.4
v -0.8 -1.7 -0.4
v -0.8 1.8 -0.4
v -0.8 1.9 -0.4
v -0.8 2 -0.4
v -0.7 -2 -0.4
v -0.7 -1.9 -0.4
v -0.7 -1.8 -0.4
v -0.7 -1.7 -0.4
v -0.7 1.7 -0.4
v -0.7 1.8 -0.4
v -0.7 1.9 -0.4
v -0.7 2 -0.4
v -0.3 -1.5 -0.4
v -0.3 -1.4 -0.4
v -0.3 1.4 -0.4
v -0.3 1.5 -0.4
v -0.2 -1.5 -0.4
v -0.2 -1.4 -0.4
v -0.2 1.4 -0.4
v -0.2 1.5 -0.4
v 0.2 -1.5 -0.4
v 0.2 -1.4 -0.4
v 0.2 1.4 -0.4
v 0.2 1.5 -0.4
v 0.3 -1.5 -0.4
v 0.3 -1.4 -0.4
v 0.3 1.4 -0.4
v 0.3 1.5 -0.4
v 0.7 -2 -0.4
v 0.7 -1.8 -0.4
v 0.7 -1.7 -0.4
v 0.7 1.7 -0.4
v 0.7 1.8 -0.4
v 0.7 2 -0.4
v 0.8 -2 -0.4
v 0.8 -1.9 -0.4
v 0.8 -1.8 -0.4
v 0.8 -1.7 -0.4
v 0.8 1.7 -0.4
v 0.8 1.8 -0.4
v 0.8 1.9 -0.4
v 0.8 2 -0.4
v 0.9 -2 -0.4
v 0.9 -1.9 -0.4
v 0.9 -1.8 -0.4
v 0.9 -1.7 -0.4
v 0.9 1.8 -0.4
v 0.9 1.9 -0.4
v 1 -2 -0.4
v 1 -1.9 -0.4
v 1 -1.8 -0.4
v 1 -1.7 -0.4
v 1 1.7 -0.4
v 1 1.8 -0.4
v 1 2 -0.4
v 1.1 -2 -0.4
v 1.1 -1.8 -0.4
v 1.1 -1.7 -0.4
v 1.1 1.7 -0.4
v 1.1 1.8 -0.4
v 1.1 1.9 -0.4
v 1.1 2 -0.4
v -1.6 -2 -0.5
v -1.6 -1.9 -0.5
v -1.6 -1.8 -0.5
v -1.6 -1.7 -0.5
v -1.6 -1.6 -0.5
v -1.6 -1.5 -0.5
v -1.6 -1.4 -0.5
v -1.6 -1.3 -0.5
v -1.6 -1.2 -0.5
v -1.6 -1.1 -0.5
v -1.6 1.1 -0.5
v -1.6 1.2 -0.5
v -1.6 1.3 -0.5
v -1.6 1.4 -0.5
v -1.6 1.5 -0.5
v -1.6 1.6 -0.5
v -1.6 1.7 -0.5
v -1.6 1.8 -0.5
v -1.6 1.9 -0.5
v -1.6 2 -0.5
v -1.5 -2 -0.5
v -1.5 -1.9 -0.5
v -1.5 -1.7 -0.5
v -1.5 -1.6 -0.5
v -1.5 -1.5 -0.5
v -1.5 -1.4 -0.5
v -1.5 -1.3 -0.5
v -1.5 -1.2 -0.5
v -1.5 -1.1 -0.5
v -1.5 1.1 -0.5
v -1.5 1.2 -0.5
v -1.5 1.3 -0.5
v -1.5 1.4 -0.5
v -1.5 1.5 -0.5
v -1.5 1.6 -0.5
v -1.5 1.7 -0.5
v -1.5 2 -0.5
v -0.3 -1.6 -0.5
v -0.3 -1.5 -0.5
v -0.3 1.5 -0.5
v -0.3 1.6 -0.5
v -0.2 -1.6 -0.5
v -0.2 -1.5 -0.5
v -0.2 1.5 -0.5
v -0.2 1.6 -0.5
v 0.2 -1.6 -0.5
v 0.2 -1.5 -0.5
v 0.2 1.5 -0.5
v 0.2 1.6 -0.5
v 0.3 -1.6 -0.5
v 0.3 -1.5 -0.5
v 0.3 1.5 -0.5
v 0.3 1.6 -0.5
v 1.5 -2 -0.5
v 1.5 -1.9 -0.5
v 1.5 -1.8 -0.5
v 1.5 -1.7 -0.5
v 1.5 -1.6 -0.5
v 1.5 -1.5 -0.5
v 1.5 -1.3 -0.5
v 1.5 -1.2 -0.5
v 1.5 -1.1 -0.5
v 1.5 1.1 -0.5
v 1.5 1.2 -0.5
v 1.5 1.3 -0.5
v 1.5 1.6 -0.5
v 1.5 1.7 -0.5
v 1.5 1.9 -0.5
v 1.5 2 -0.5
v 1.6 -2 -0.5
v 1.6 -1.9 -0.5
v 1.6 -1.8 -0.5
v 1.6 -1.7 -0.5
v 1.6 -1.6 -0.5
v 1.6 -1.5 -0.5
v 1.6 -1.4 -0.5
v 1.6 -1.3 -0.5
v 1.6 -1.2 -0.5
v 1.6 -1.1 -0.5
v 1.6 1.1 -0.5
v 1.6 1.2 -0.5
v 1.6 1.3 -0.5
v 1.6 1.4 -0.5
v 1.6 1.5 -0.5
v 1.6 1.6 -0.5
v 1.6 1.7 -0.5
v 1.6 1.8 -0.5
v 1.6 1.9 -0.5
v 1.6 2 -0.5
v -0.3 -1.7 -0.6
v -0.3 -1.6 -0.6
v -0.3 1.6 -0.6
v -0.3 1.7 -0.6
v -0.2 -1.7 -0.6
v -0.2 -1.6 -0.6
v -0.2 1.6 -0.6
v -0.2 1.7 -0.6
v 0.2 -1.7 -0.6
v 0.2 -1.6 -0.6
v 0.2 1.6 -0.6
v 0.2 1.7 -0.6
v 0.3 -1.7 -0.6
v 0.3 -1.6 -0.6
v 0.3 1.6 -0.6
v 0.3 1.7 -0.6
v -0.3 -1.8 -0.7
v -0.3 -1.7 -0.7
v -0.3 1.7 -0.7
v -0.3 1.8 -0.7
v -0.2 -1.8 -0.7
v -0.2 -1.7 -0.7
v -0.2 1.7 -0.7
v -0.2 1.8 -0.7
v 0.2 -1.8 -0.7
v 0.2 -1.7 -0.7
v 0.2 1.7 -0.7
v 0.2 1.8 -0.7
v 0.3 -1.8 -0.7
v 0.3 -1.7 -0.7
v 0.3 1.7 -0.7
v 0.3 1.8 -0.7
v -1.5 -2 -0.8
v -1.5 -1.9 -0.8
v -1.5 -1.8 -0.8
v -1.5 -1.7 -0.8
v -1.5 -1.6 -0.8
v -1.5 -1.5 -0.8
v -1.5 -1.4 -0.8
v -1.5 -1.2 -0.8
v -1.5 -1.1 -0.8
v -1.5 1.1 -0.8
v -1.5 1.2 -0.8
v -1.5 1.4 -0.8
v -1.5 1.7 -0.8
v -1.5 1.8 -0.8
v -1.5 1.9 -0.8
v -1.5 2 -0.8
v -1.4 -2 -0.8
v -1.4 -1.9 -0.8
v -1.4 -1.8 -0.8
v -1.4 -1.7 -0.8
v -1.4 -1.6 -0.8
v -1.4 -1.4 -0.8
v -1.4 -1.2 -0.8
v -1.4 -1.1 -0.8
v -1.4 1.1 -0.8
v -1.4 1.4 -0.8
v -1.4 1.7 -0.8
v -1.4 1.8 -0.8
v -1.4 1.9 -0.8
v -1.4 2 -0.8
v -0.3 -1.9 -0.8
v -0.3 -1.8 -0.8
v -0.3 1.8 -0.8
v -0.3 1.9 -0.8
v -0.2 -1.9 -0.8
v -0.2 -1.8 -0.8
v -0.2 1.8 -0.8
v -0.2 1.9 -0.8
v 0.2 -1.9 -0.8
v 0.2 -1.8 -0.8
v 0.2 1.8 -0.8
v 0.2 1.9 -0.8
v 0.3 -1.9 -0.8
v 0.3 -1.8 -0.8
v 0.3 1.8 -0.8
v 0.3 1.9 -0.8
v 1.4 -2 -0.8
v 1.4 -1.9 -0.8
v 1.4 -1.8 -0.8
v 1.4 -1.7 -0.8
v 1.4 -1.4 -0.8
v 1.4 -1.3 -0.8
v 1.4 -1.1 -0.8
v 1.4 1.1 -0.8
v 1.4 1.2 -0.8
v 1.4 1.4 -0.8
v 1.4 1.6 -0.8
v 1.4 1.7 -0.8
v 1.4 1.8 -0.8
v 1.4 1.9 -0.8
v 1.4 2 -0.8
v 1.5 -2 -0.8
v 1.5 -1.9 -0.8
v 1.5 -1.8 -0.8
v 1.5 -1.7 -0.8
v 1.5 -1.6 -0.8
v 1.5 -1.5 -0.8
v 1.5 -1.4 -0.8
v 1.5 -1.3 -0.8
v 1.5 -1.2 -0.8
v 1.5 -1.1 -0.8
v 1.5 1.1 -0.8
v 1.5 1.2 -0.8
v 1.5 1.3 -0.8
v 1.5 1.4 -0.8
v 1.5 1.6 -0.8
v 1.5 1.7 -0.8
v 1.5 1.8 -0.8
v 1.5 1.9 -0.8
v 1.5 2 -0.8
v -1.4 -2 -0.9
v -1.4 -1.9 -0.9
v -1.4 -1.8 -0.9
v -1.4 -1.7 -0.9
v -1.4 -1.6 -0.9
v -1.4 -1.5 -0.9
v -1.4 -1.4 -0.9
v -1.4 -1.3 -0.9
v -1.4 -1.2 -0.9
v -1.4 -1.1 -0.9
v -1.4 1.1 -0.9
v -1.4 1.3 -0.9
v -1.4 1.4 -0.9
v -1.4 1.5 -0.9
v -1.4 1.7 -0.9
v -1.4 1.8 -0.9
v -1.4 1.9 -0.9
v -1.4 2 -0.9
v -1.3 -2 -0.9
v -1.3 -1.9 -0.9
v -1.3 -1.8 -0.9
v -1.3 -1.7 -0.9
v -1.3 -1.5 -0.9
v -1.3 -1.4 -0.9
v -1.3 -1.3 -0.9
v -1.3 -1.2 -0.9
v -1.3 -1.1 -0.9
v -1.3 1.1 -0.9
v -1.3 1.3 -0.9
v -1.3 1.4 -0.9
v -1.3 1.5 -0.9
v -1.3 2 -0.9
v -0.3 -2 -0.9
v -0.3 -1.9 -0.9
v -0.3 1.9 -0.9
v -0.3 2 -0.9
v -0.2 -2 -0.9
v -0.2 -1.9 -0.9
v -0.2 1.9 -0.9
v -0.2 2 -0.9
v 0.2 -2 -0.9
v 0.2 -1.9 -0.9
v 0.2 1.9 -0.9
v 0.2 2 -0.9
v 0.3 -2 -0.9
v 0.3 -1.9 -0.9
v 0.3 1.9 -0.9
v 0.3 2 -0.9
v 1.3 -2 -0.9
v 1.3 -1.9 -0.9
v 1.3 -1.7 -0.9
v 1.3 -1.5 -0.9
v 1.3 -1.4 -0.9
v 1.3 -1.1 -0.9
v 1.3 1.1 -0.9
v 1.3 1.3 -0.9
v 1.3 1.4 -0.9
v 1.3 1.5 -0.9
v 1.3 1.6 -0.9
v 1.3 1.8 -0.9
v 1.3 1.9 -0.9
v 1.3 2 -0.9
v 1.4 -2 -0.9
v 1.4 -1.9 -0.9
v 1.4 -1.8 -0.9
v 1.4 -1.7 -0.9
v 1.4 -1.5 -0.9
v 1.4 -1.4 -0.9
v 1.4 -1.3 -0.9
v 1.4 -1.1 -0.9
v 1.4 1.1 -0.9
v 1.4 1.2 -0.9
v 1.4 1.3 -0.9
v 1.4 1.4 -0.9
v 1.4 1.5 -0.9
v 1.4 1.6 -0.9
v 1.4 1.7 -0.9
v 1.4 1.8 -0.9
v 1.4 1.9 -0.9
v 1.4 2 -0.9
v -1.3 -2 -1
v -1.3 -1.9 -1
v -1.3 -1.8 -1
v -1.3 -1.7 -1
v -1.3 -1.5 -1
v -1.3 -1.4 -1
v -1.3 -1.3 -1
v -1.3 -1.2 -1
v -1.3 -1.1 -1
v -1.3 1.1 -1
v -1.3 1.2 -1
v -1.3 1.3 -1
v -1.3 1.4 -1
v -1.3 1.5 -1
v -1.3 1.9 -1
v -1.3 2 -1
v -1.2 -2 -1
v -1.2 -1.8 -1
v -1.2 -1.7 -1
v -1.2 -1.5 -1
v -1.2 -1.4 -1
v -1.2 -1.3 -1
v -1.2 -1.2 -1
v -1.2 -1.1 -1
v -1.2 1.1 -1
v -1.2 1.2 -1
v -1.2 1.3 -1
v -1.2 1.4 -1
v -1.2 1.5 -1
v -1.2 1.6 -1
v -1.2 1.7 -1
v -1.1 -2 -1
v -1.1 -1.8 -1
v -1.1 -1.7 -1
v -1.1 -1.4 -1
v -1.1 -1.3 -1
v -1.1 -1.2 -1
v -1.1 -1.1 -1
v -1.1 1.1 -1
v -1.1 1.2 -1
v -1.1 1.3 -1
v -1.1 1.4 -1
v -1.1 1.5 -1
v -1.1 1.6 -1
v -1.1 1.7 -1
v -1.1 1.9 -1
v -1.1 2 -1
v 1.1 -2 -1
v 1.1 -1.9 -1
v 1.1 -1.8 -1
v 1.1 -1.7 -1
v 1.1 -1.5 -1
v 1.1 -1.4 -1
v 1.1 -1.3 -1
v 1.1 -1.2 -1
v 1.1 -1.1 -1
v 1.1 1.1 -1
v 1.1 1.2 -1
v 1.1 1.3 -1
v 1.1 1.4 -1
v 1.1 1.6 -1
v 1.1 1.7 -1
v 1.1 2 -1
v 1.2 -2 -1
v 1.2 -1.9 -1
v 1.2 -1.7 -1
v 1.2 -1.5 -1
v 1.2 -1.3 -1
v 1.2 -1.2 -1
v 1.2 -1.1 -1
v 1.2 1.1 -1
v 1.2 1.2 -1
v 1.2 1.3 -1
v 1.2 1.4 -1
v 1.2 1.5 -1
v 1.2 1.6 -1
v 1.2 1.7 -1
v 1.2 1.8 -1
v 1.2 2 -1
v 1.3 -2 -1
v 1.3 -1.9 -1
v 1.3 -1.8 -1
v 1.3 -1.7 -1
v 1.3 -1.5 -1
v 1.3 -1.4 -1
v 1.3 -1.3 -1
v 1.3 -1.2 -1
v 1.3 -1.1 -1
v 1.3 1.1 -1
v 1.3 1.2 -1
v 1.3 1.3 -1
v 1.3 1.4 -1
v 1.3 1.5 -1
v 1.3 1.6 -1
v 1.3 1.8 -1
v 1.3 1.9 -1
v 1.3 2 -1
v -1.1 -2 -1.1
v -1.1 -1.9 -1.1
v -1.1 -1.8 -1.1
v -1.1 -1.7 -1.1
v -1.1 -1.6 -1.1
v -1.1 -1.5 -1.1
v -1.1 -1.4 -1.1
v -1.1 -1.3 -1.1
v -1.1 -1.2 -1.1
v -1.1 -1.1 -1.1
v -1.1 1.1 -1.1
v -1.1 1.2 -1.1
v -1.1 1.3 -1.1
v -1.1 1.4 -1.1
v -1.1 1.5 -1.1
v -1.1 1.6 -1.1
v -1.1 1.7 -1.1
v -1.1 1.8 -1.1
v -1.1 1.9 -1.1
v -1.1 2 -1.1
v -1 -2 -1.1
v -1 -1.9 -1.1
v -1 -1.8 -1.1
v -1 -1.6 -1.1
v -1 -1.5 -1.1
v -1 -1.4 -1.1
v -1 -1.3 -1.1
v -1 -1.2 -1.1
v -1 -1.1 -1.1
v -1 1.1 -1.1
v -1 1.2 -1.1
v -1 1.3 -1.1
v -1 1.5 -1.1
v -1 1.6 -1.1
v -1 1.7 -1.1
v -1 1.8 -1.1
v -1 2 -1.1
v -0.7 -2 -1.1
v -0.7 -1.9 -1.1
v -0.7 -1.5 -1.1
v -0.7 -1.4 -1.1
v -0.7 -1.3 -1.1
v -0.7 -1.2 -1.1
v -0.7 -1.1 -1.1
v -0.7 1.1 -1.1
v -0.7 1.2 -1.1
v -0.7 1.3 -1.1
v -0.7 1.4 -1.1
v -0.7 1.5 -1.1
v -0.7 2 -1.1
v -0.6 -2 -1.1
v -0.6 -1.9 -1.1
v -0.6 -1.7 -1.1
v -0.6 -1.5 -1.1
v -0.6 -1.4 -1.1
v -0.6 -1.3 -1.1
v -0.6 -1.2 -1.1
v -0.6 -1.1 -1.1
v -0.6 1.1 -1.1
v -0.6 1.2 -1.1
v -0.6 1.3 -1.1
v -0.6 1.4 -1.1
v -0.6 1.5 -1.1
v -0.6 1.6 -1.1
v -0.6 1.7 -1.1
v -0.6 1.9 -1.1
v -0.5 -1.8 -1.1
v -0.5 -1.7 -1.1
v -0.5 -1.4 -1.1
v -0.5 -1.3 -1.1
v -0.5 -1.2 -1.1
v -0.5 -1.1 -1.1
v -0.5 1.1 -1.1
v -0.5 1.2 -1.1
v -0.5 1.3 -1.1
v -0.5 1.4 -1.1
v -0.5 1.5 -1.1
v -0.5 1.8 -1.1
v -0.5 1.9 -1.1
v -0.5 2 -1.1
v -0.4 -2 -1.1
v -0.4 -1.9 -1.1
v -0.4 -1.8 -1.1
v -0.4 -1.7 -1.1
v -0.4 -1.6 -1.1
v -0.4 -1.5 -1.1
v -0.4 -1.4 -1.1
v -0.4 -1.3 -1.1
v -0.4 -1.2 -1.1
v -0.4 -1.1 -1.1
v -0.4 1.2 -1.1
v -0.4 1.3 -1.1
v -0.4 1.4 -1.1
v -0.4 1.5 -1.1
v -0.4 1.6 -1.1
v -0.4 1.7 -1.1
v -0.4 1.8 -1.1
v -0.3 -2 -1.1
v -0.3 -1.9 -1.1
v -0.3 -1.7 -1.1
v -0.3 -1.6 -1.1
v -0.3 -1.5 -1.1
v -0.3 -1.4 -1.1
v -0.3 -1.3 -1.1
v -0.3 -1.2 -1.1
v -0.3 -1.1 -1.1
v -0.3 1.3 -1.1
v -0.3 1.4 -1.1
v -0.3 1.5 -1.1
v -0.3 1.6 -1.1
v -0.3 1.7 -1.1
v -0.3 1.8 -1.1
v -0.3 1.9 -1.1
v -0.3 2 -1.1
v -0.2 -2 -1.1
v -0.2 -1.9 -1.1
v -0.2 -1.7 -1.1
v -0.2 -1.6 -1.1
v -0.2 -1.5 -1.1
v -0.2 -1.4 -1.1
v -0.2 -1.3 -1.1
v -0.2 -1.2 -1.1
v -0.2 1.2 -1.1
v -0.2 1.3 -1.1
v -0.2 1.4 -1.1
v -0.2 1.5 -1.1
v -0.2 1.7 -1.1
v -0.2 1.8 -1.1
v -0.2 1.9 -1.1
v -0.2 2 -1.1
v -0.1 -2 -1.1
v -0.1 -1.9 -1.1
v -0.1 -1.8 -1.1
v -0.1 -1.5 -1.1
v -0.1 -1.4 -1.1
v -0.1 -1.3 -1.1
v -0.1 -1.2 -1.1
v -0.1 -1.1 -1.1
v -0.1 1.2 -1.1
v -0.1 1.3 -1.1
v -0.1 1.4 -1.1
v -0.1 1.5 -1.1
v -0.1 1.6 -1.1
v -0.1 1.9 -1.1
v -0.1 2 -1.1
v 0 -1.7 -1.1
v 0 -1.6 -1.1
v 0 -1.4 -1.1
v 0 -1.3 -1.1
v 0 1.1 -1.1
v 0 1.2 -1.1
v 0 1.6 -1.1
v 0 1.7 -1.1
v 0 1.8 -1.1
v 0.0999999 -2 -1.1
v 0.0999999 -1.9 -1.1
v 0.0999999 -1.8 -1.1
v 0.0999999 -1.5 -1.1
v 0.0999999 -1.4 -1.1
v 0.0999999 -1.3 -1.1
v 0.0999999 -1.2 -1.1
v 0.0999999 1.1 -1.1
v 0.0999999 1.2 -1.1
v 0.0999999 1.3 -1.1
v 0.0999999 1.4 -1.1
v 0.0999999 1.5 -1.1
v 0.0999999 1.6 -1.1
v 0.0999999 1.7 -1.1
v 0.0999999 1.8 -1.1
v 0.0999999 1.9 -1.1
v 0.0999999 2 -1.1
v 0.2 -2 -1.1
v 0.2 -1.9 -1.1
v 0.2 -1.7 -1.1
v 0.2 -1.5 -1.1
v 0.2 -1.4 -1.1
v 0.2 -1.3 -1.1
v 0.2 1.1 -1.1
v 0.2 1.2 -1.1
v 0.2 1.3 -1.1
v 0.2 1.4 -1.1
v 0.2 1.5 -1.1
v 0.2 1.7 -1.1
v 0.2 1.8 -1.1
v 0.2 1.9 -1.1
v 0.2 2 -1.1
v 0.3 -2 -1.1
v 0.3 -1.9 -1.1
v 0.3 -1.7 -1.1
v 0.3 -1.6 -1.1
v 0.3 -1.5 -1.1
v 0.3 -1.4 -1.1
v 0.3 -1.3 -1.1
v 0.3 -1.2 -1.1
v 0.3 -1.1 -1.1
v 0.3 1.1 -1.1
v 0.3 1.2 -1.1
v 0.3 1.5 -1.1
v 0.3 1.6 -1.1
v 0.3 1.7 -1.1
v 0.3 1.8 -1.1
v 0.3 1.9 -1.1
v 0.3 2 -1.1
v 0.4 -2 -1.1
v 0.4 -1.9 -1.1
v 0.4 -1.8 -1.1
v 0.4 -1.7 -1.1
v 0.4 -1.6 -1.1
v 0.4 -1.5 -1.1
v 0.4 -1.4 -1.1
v 0.4 -1.3 -1.1
v 0.4 -1.2 -1.1
v 0.4 1.2 -1.1
v 0.4 1.3 -1.1
v 0.4 1.4 -1.1
v 0.4 1.6 -1.1
v 0.4 1.8 -1.1
v 0.5 -1.4 -1.1
v 0.5 -1.3 -1.1
v 0.5 -1.2 -1.1
v 0.5 1.1 -1.1
v 0.5 1.2 -1.1
v 0.5 1.3 -1.1
v 0.5 1.4 -1.1
v 0.5 1.5 -1.1
v 0.5 1.6 -1.1
v 0.5 1.7 -1.1
v 0.5 1.8 -1.1
v 0.5 1.9 -1.1
v 0.6 -2 -1.1
v 0.6 -1.9 -1.1
v 0.6 -1.8 -1.1
v 0.6 -1.7 -1.1
v 0.6 -1.6 -1.1
v 0.6 -1.5 -1.1
v 0.6 -1.4 -1.1
v 0.6 -1.3 -1.1
v 0.6 -1.2 -1.1
v 0.6 -1.1 -1.1
v 0.6 1.1 -1.1
v 0.6 1.2 -1.1
v 0.6 1.3 -1.1
v 0.6 1.4 -1.1
v 0.6 1.5 -1.1
v 0.6 1.7 -1.1
v 0.6 1.8 -1.1
v 0.6 2 -1.1
v 0.7 -2 -1.1
v 0.7 -1.9 -1.1
v 0.7 -1.7 -1.1
v 0.7 -1.6 -1.1
v 0.7 -1.5 -1.1
v 0.7 -1.3 -1.1
v 0.7 -1.2 -1.1
v 0.7 -1.1 -1.1
v 0.7 1.1 -1.1
v 0.7 1.2 -1.1
v 0.7 1.3 -1.1
v 0.7 1.5 -1.1
v 0.7 2 -1.1
v 1 -2 -1.1
v 1 -1.8 -1.1
v 1 -1.5 -1.1
v 1 -1.4 -1.1
v 1 -1.3 -1.1
v 1 -1.2 -1.1
v 1 -1.1 -1.1
v 1 1.1 -1.1
v 1 1.2 -1.1
v 1 1.4 -1.1
v 1 1.5 -1.1
v 1 1.6 -1.1
v 1 1.7 -1.1
v 1 2 -1.1
v 1.1 -2 -1.1
v 1.1 -1.9 -1.1
v 1.1 -1.8 -1.1
v 1.1 -1.7 -1.1
v 1.1 -1.5 -1.1
v 1.1 -1.4 -1.1
v 1.1 -1.3 -1.1
v 1.1 -1.2 -1.1
v 1.1 -1.1 -1.1
v 1.1 1.1 -1.1
v 1.1 1.2 -1.1
v 1.1 1.3 -1.1
v 1.1 1.4 -1.1
v 1.1 1.5 -1.1
v 1.1 1.6 -1.1
v 1.1 1.7 -1.1
v 1.1 2 -1.1
v -1 -2 -1.2
v -1 -1.9 -1.2
v -1 -1.8 -1.2
v -1 -1.6 -1.2
v -1 -1.5 -1.2
v -1 -1.4 -1.2
v -1 -1.3 -1.2
v -1 -1.2 -1.2
v -1 -1.1 -1.2
v -1 1.1 -1.2
v -1 1.2 -1.2
v -1 1.3 -1.2
v -1 1.4 -1.2
v -1 1.5 -1.2
v -1 1.6 -1.2
v -1 1.7 -1.2
v -1 1.8 -1.2
v -1 2 -1.2
v -0.9 -1.5 -1.2
v -0.9 -1.4 -1.2
v -0.9 -1.3 -1.2
v -0.9 1.3 -1.2
v -0.9 1.4 -1.2
v -0.9 1.5 -1.2
v -0.9 1.6 -1.2
v -0.9 1.8 -1.2
v -0.9 1.9 -1.2
v -0.8 -2 -1.2
v -0.8 -1.9 -1.2
v -0.8 -1.7 -1.2
v -0.8 -1.6 -1.2
v -0.8 -1.5 -1.2
v -0.8 -1.4 -1.2
v -0.8 -1.3 -1.2
v -0.8 -1.2 -1.2
v -0.8 -1.1 -1.2
v -0.8 1.2 -1.2
v -0.8 1.3 -1.2
v -0.8 1.4 -1.2
v -0.8 1.7 -1.2
v -0.8 1.8 -1.2
v -0.8 1.9 -1.2
v -0.8 2 -1.2
v -0.7 -2 -1.2
v -0.7 -1.9 -1.2
v -0.7 -1.8 -1.2
v -0.7 -1.7 -1.2
v -0.7 -1.6 -1.2
v -0.7 -1.5 -1.2
v -0.7 -1.4 -1.2
v -0.7 -1.3 -1.2
v -0.7 -1.2 -1.2
v -0.7 -1.1 -1.2
v -0.7 1.1 -1.2
v -0.7 1.2 -1.2
v -0.7 1.3 -1.2
v -0.7 1.4 -1.2
v -0.7 1.5 -1.2
v -0.7 1.7 -1.2
v -0.7 1.8 -1.2
v -0.7 2 -1.2
v 0.7 -2 -1.2
v 0.7 -1.9 -1.2
v 0.7 -1.7 -1.2
v 0.7 -1.6 -1.2
v 0.7 -1.5 -1.2
v 0.7 -1.4 -1.2
v 0.7 -1.3 -1.2
v 0.7 -1.2 -1.2
v 0.7 -1.1 -1.2
v 0.7 1.1 -1.2
v 0.7 1.2 -1.2
v 0.7 1.3 -1.2
v 0.7 1.4 -1.2
v 0.7 1.5 -1.2
v 0.7 1.9 -1.2
v 0.7 2 -1.2
v 0.8 -1.8 -1.2
v 0.8 -1.6 -1.2
v 0.8 -1.4 -1.2
v 0.8 -1.3 -1.2
v 0.8 -1.2 -1.2
v 0.8 1.2 -1.2
v 0.8 1.3 -1.2
v 0.8 1.4 -1.2
v 0.8 1.5 -1.2
v 0.8 1.6 -1.2
v 0.8 1.7 -1.2
v 0.8 1.9 -1.2
v 0.8 2 -1.2
v 0.9 -2 -1.2
v 0.9 -1.9 -1.2
v 0.9 -1.8 -1.2
v 0.9 -1.6 -1.2
v 0.9 -1.5 -1.2
v 0.9 -1.4 -1.2
v 0.9 -1.3 -1.2
v 0.9 1.3 -1.2
v 0.9 1.4 -1.2
v 0.9 1.5 -1.2
v 0.9 1.6 -1.2
v 0.9 1.7 -1.2
v 0.9 1.8 -1.2
v 1 -2 -1.2
v 1 -1.9 -1.2
v 1 -1.8 -1.2
v 1 -1.6 -1.2
v 1 -1.5 -1.2
v 1 -1.4 -1.2
v 1 -1.3 -1.2
v 1 -1.2 -1.2
v 1 -1.1 -1.2
v 1 1.1 -1.2
v 1 1.2 -1.2
v 1 1.3 -1.2
v 1 1.4 -1.2
v 1 1.5 -1.2
v 1 1.6 -1.2
v 1 1.7 -1.2
v 1 1.8 -1.2
v 1 2 -1.2
v -1 -2 1.2
v -1 -1.9 1.2
v -1 -1.8 1.2
v -1 -1.6 1.2
v -1 -1.5 1.2
v -1 -1.4 1.2
v -1 -1.3 1.2
v -1 -1.2 1.2
v -1 -1.1 1.2
v -1 1.1 1.2
v -1 1.2 1.2
v -1 1.3 1.2
v -1 1.4 1.2
v -1 1.5 1.2
v -1 1.6 1.2
v -1 1.7 1.2
v -1 1.8 1.2
v -1 1.9 1.2
v -1 2 1.2
v -0.9 -2 1.2
v -0.9 -1.9 1.2
v -0.9 -1.8 1.2
v -0.9 -1.7 1.2
v -0.9 -1.6 1.2
v -0.9 -1.5 1.2
v -0.9 -1.4 1.2
v -0.9 -1.3 1.2
v -0.9 -1.2 1.2
v -0.9 1.1 1.2
v -0.9 1.3 1.2
v -0.9 1.4 1.2
v -0.9 1.5 1.2
v -0.9 1.6 1.2
v -0.9 1.7 1.2
v -0.8 -1.8 1.2
v -0.8 -1.7 1.2
v -0.8 -1.6 1.2
v -0.8 -1.4 1.2
v -0.8 -1.3 1.2
v -0.8 -1.2 1.2
v -0.8 1.1 1.2
v -0.8 1.2 1.2
v -0.8 1.3 1.2
v -0.8 1.4 1.2
v -0.8 1.5 1.2
v -0.8 1.6 1.2
v -0.8 1.7 1.2
v -0.8 1.8 1.2
v -0.7 -2 1.2
v -0.7 -1.9 1.2
v -0.7 -1.7 1.2
v -0.7 -1.6 1.2
v -0.7 -1.5 1.2
v -0.7 -1.4 1.2
v -0.7 -1.3 1.2
v -0.7 -1.2 1.2
v -0.7 -1.1 1.2
v -0.7 1.1 1.2
v -0.7 1.2 1.2
v -0.7 1.3 1.2
v -0.7 1.4 1.2
v -0.7 1.5 1.2
v -0.7 1.6 1.2
v -0.7 1.9 1.2
v -0.7 2 1.2
v 0.7 -2 1.2
v 0.7 -1.9 1.2
v 0.7 -1.8 1.2
v 0.7 -1.7 1.2
v 0.7 -1.5 1.2
v 0.7 -1.4 1.2
v 0.7 -1.3 1.2
v 0.7 -1.2 1.2
v 0.7 -1.1 1.2
v 0.7 1.1 1.2
v 0.7 1.2 1.2
v 0.7 1.3 1.2
v 0.7 1.4 1.2
v 0.7 1.5 1.2
v 0.7 1.6 1.2
v 0.7 1.9 1.2
v 0.7 2 1.2
v 0.8 -1.8 1.2
v 0.8 -1.6 1.2
v 0.8 -1.4 1.2
v 0.8 -1.3 1.2
v 0.8 -1.2 1.2
v 0.8 -1.1 1.2
v 0.8 1.1 1.2
v 0.8 1.2 1.2
v 0.8 1.3 1.2
v 0.8 1.4 1.2
v 0.8 1.5 1.2
v 0.8 1.6 1.2
v 0.8 1.9 1.2
v 0.8 2 1.2
v 0.9 -2 1.2
v 0.9 -1.9 1.2
v 0.9 -1.8 1.2
v 0.9 -1.6 1.2
v 0.9 -1.5 1.2
v 0.9 -1.4 1.2
v 0.9 -1.3 1.2
v 0.9 -1.2 1.2
v 0.9 -1.1 1.2
v 0.9 1.2 1.2
v 0.9 1.3 1.2
v 0.9 1.4 1.2
v 0.9 1.5 1.2
v 0.9 1.6 1.2
v 0.9 1.7 1.2
v 1 -2 1.2
v 1 -1.9 1.2
v 1 -1.8 1.2
v 1 -1.7 1.2
v 1 -1.6 1.2
v 1 -1.5 1.2
v 1 -1.4 1.2
v 1 -1.3 1.2
v 1 -1.2 1.2
v 1 -1.1 1.2
v 1 1.1 1.2
v 1 1.2 1.2
v 1 1.4 1.2
v 1 1.5 1.2
v 1 1.6 1.2
v 1 1.7 1.2
v 1 1.9 1.2
v 1 2 1.2
v -1.1 -2 1.1
v -1.1 -1.9 1.1
v -1.1 -1.8 1.1
v -1.1 -1.7 1.1
v -1.1 -1.6 1.1
v -1.1 -1.5 1.1
v -1.1 -1.4 1.1
v -1.1 -1.3 1.1
v -1.1 -1.2 1.1
v -1.1 -1.1 1.1
v -1.1 1.1 1.1
v -1.1 1.2 1.1
v -1.1 1.3 1.1
v -1.1 1.4 1.1
v -1.1 1.5 1.1
v -1.1 1.6 1.1
v -1.1 1.7 1.1
v -1.1 1.9 1.1
v -1.1 2 1.1
v -1 -2 1.1
v -1 -1.9 1.1
v -1 -1.8 1.1
v -1 -1.6 1.1
v -1 -1.5 1.1
v -1 -1.4 1.1
v -1 -1.2 1.1
v -1 -1.1 1.1
v -1 1.1 1.1
v -1 1.2 1.1
v -1 1.3 1.1
v -1 1.4 1.1
v -1 1.5 1.1
v -1 1.6 1.1
v -1 1.7 1.1
v -1 1.9 1.1
v -1 2 1.1
v -0.7 -2 1.1
v -0.7 -1.9 1.1
v -0.7 -1.7 1.1
v -0.7 -1.5 1.1
v -0.7 -1.4 1.1
v -0.7 -1.3 1.1
v -0.7 -1.2 1.1
v -0.7 -1.1 1.1
v -0.7 1.1 1.1
v -0.7 1.2 1.1
v -0.7 1.3 1.1
v -0.7 1.4 1.1
v -0.7 1.5 1.1
v -0.7 1.9 1.1
v -0.7 2 1.1
v -0.6 -1.9 1.1
v -0.6 -1.7 1.1
v -0.6 -1.6 1.1
v -0.6 -1.5 1.1
v -0.6 -1.4 1.1
v -0.6 -1.3 1.1
v -0.6 -1.2 1.1
v -0.6 -1.1 1.1
v -0.6 1.1 1.1
v -0.6 1.2 1.1
v -0.6 1.4 1.1
v -0.6 1.5 1.1
v -0.6 1.7 1.1
v -0.5 -1.9 1.1
v -0.5 -1.8 1.1
v -0.5 -1.7 1.1
v -0.5 -1.6 1.1
v -0.5 -1.4 1.1
v -0.5 -1.3 1.1
v -0.5 -1.2 1.1
v -0.5 1.1 1.1
v -0.5 1.2 1.1
v -0.5 1.3 1.1
v -0.5 1.4 1.1
v -0.5 1.5 1.1
v -0.5 1.7 1.1
v -0.5 1.8 1.1
v -0.5 1.9 1.1
v -0.4 -2 1.1
v -0.4 -1.9 1.1
v -0.4 -1.8 1.1
v -0.4 -1.7 1.1
v -0.4 -1.6 1.1
v -0.4 -1.3 1.1
v -0.4 -1.2 1.1
v -0.4 -1.1 1.1
v -0.4 1.1 1.1
v -0.4 1.2 1.1
v -0.4 1.3 1.1
v -0.4 1.4 1.1
v -0.4 1.5 1.1
v -0.4 1.6 1.1
v -0.4 1.8 1.1
v -0.4 2 1.1
v -0.3 -2 1.1
v -0.3 -1.9 1.1
v -0.3 -1.4 1.1
v -0.3 -1.2 1.1
v -0.3 1.1 1.1
v -0.3 1.2 1.1
v -0.3 1.3 1.1
v -0.3 1.4 1.1
v -0.3 1.5 1.1
v -0.3 1.6 1.1
v -0.3 1.8 1.1
v -0.3 1.9 1.1
v -0.3 2 1.1
v -0.2 -2 1.1
v -0.2 -1.9 1.1
v -0.2 -1.7 1.1
v -0.2 -1.5 1.1
v -0.2 -1.4 1.1
v -0.2 -1.3 1.1
v -0.2 -1.2 1.1
v -0.2 -1.1 1.1
v -0.2 1.1 1.1
v -0.2 1.2 1.1
v -0.2 1.3 1.1
v -0.2 1.4 1.1
v -0.2 1.5 1.1
v -0.2 1.8 1.1
v -0.2 1.9 1.1
v -0.2 2 1.1
v -0.1 -2 1.1
v -0.1 -1.9 1.1
v -0.1 -1.7 1.1
v -0.1 -1.6 1.1
v -0.1 -1.5 1.1
v -0.1 -1.4 1.1
v -0.1 -1.3 1.1
v -0.1 -1.2 1.1
v -0.1 -1.1 1.1
v -0.1 1.2 1.1
v -0.1 1.3 1.1
v -0.1 1.4 1.1
v -0.1 1.5 1.1
v -0.1 1.7 1.1
v -0.1 1.8 1.1
v -0.1 1.9 1.1
v -0.1 2 1.1
v 0 -1.7 1.1
v 0 -1.6 1.1
v 0 -1.5 1.1
v 0 -1.4 1.1
v 0 -1.3 1.1
v 0 -1.2 1.1
v 0 1.1 1.1
v 0 1.3 1.1
v 0 1.4 1.1
v 0 1.6 1.1
v 0 1.7 1.1
v 0 1.8 1.1
v 0.0999999 -2 1.1
v 0.0999999 -1.9 1.1
v 0.0999999 -1.6 1.1
v 0.0999999 -1.5 1.1
v 0.0999999 -1.4 1.1
v 0.0999999 -1.3 1.1
v 0.0999999 -1.2 1.1
v 0.0999999 1.1 1.1
v 0.0999999 1.2 1.1
v 0.0999999 1.3 1.1
v 0.0999999 1.4 1.1
v 0.0999999 1.5 1.1
v 0.0999999 1.6 1.1
v 0.0999999 1.7 1.1
v 0.0999999 1.9 1.1
v 0.0999999 2 1.1
v 0.2 -2 1.1
v 0.2 -1.9 1.1
v 0.2 -1.8 1.1
v 0.2 -1.7 1.1
v 0.2 -1.6 1.1
v 0.2 -1.4 1.1
v 0.2 -1.3 1.1
v 0.2 -1.2 1.1
v 0.2 -1.1 1.1
v 0.2 1.2 1.1
v 0.2 1.3 1.1
v 0.2 1.4 1.1
v 0.2 1.6 1.1
v 0.2 1.9 1.1
v 0.2 2 1.1
v 0.3 -2 1.1
v 0.3 -1.9 1.1
v 0.3 -1.8 1.1
v 0.3 -1.7 1.1
v 0.3 -1.6 1.1
v 0.3 -1.5 1.1
v 0.3 -1.2 1.1
v 0.3 -1.1 1.1
v 0.3 1.2 1.1
v 0.3 1.3 1.1
v 0.3 1.4 1.1
v 0.3 1.5 1.1
v 0.3 1.6 1.1
v 0.3 1.8 1.1
v 0.3 1.9 1.1
v 0.3 2 1.1
v 0.4 -1.8 1.1
v 0.4 -1.7 1.1
v 0.4 -1.6 1.1
v 0.4 -1.5 1.1
v 0.4 1.2 1.1
v 0.4 1.3 1.1
v 0.4 1.4 1.1
v 0.4 1.5 1.1
v 0.4 1.6 1.1
v 0.4 1.9 1.1
v 0.4 2 1.1
v 0.5 -2 1.1
v 0.5 -1.9 1.1
v 0.5 -1.8 1.1
v 0.5 -1.7 1.1
v 0.5 -1.5 1.1
v 0.5 -1.4 1.1
v 0.5 -1.3 1.1
v 0.5 -1.2 1.1
v 0.5 1.2 1.1
v 0.5 1.3 1.1
v 0.5 1.4 1.1
v 0.6 -2 1.1
v 0.6 -1.9 1.1
v 0.6 -1.7 1.1
v 0.6 -1.5 1.1
v 0.6 -1.4 1.1
v 0.6 -1.3 1.1
v 0.6 -1.2 1.1
v 0.6 -1.1 1.1
v 0.6 1.1 1.1
v 0.6 1.2 1.1
v 0.6 1.3 1.1
v 0.6 1.4 1.1
v 0.6 1.5 1.1
v 0.6 1.6 1.1
v 0.6 1.8 1.1
v 0.6 1.9 1.1
v 0.6 2 1.1
v 0.7 -2 1.1
v 0.7 -1.9 1.1
v 0.7 -1.7 1.1
v 0.7 -1.5 1.1
v 0.7 -1.3 1.1
v 0.7 -1.2 1.1
v 0.7 -1.1 1.1
v 0.7 1.1 1.1
v 0.7 1.2 1.1
v 0.7 1.3 1.1
v 0.7 1.4 1.1
v 0.7 1.5 1.1
v 0.7 1.9 1.1
v 0.7 2 1.1
v 1 -2 1.1
v 1 -1.9 1.1
v 1 -1.7 1.1
v 1 -1.6 1.1
v 1 -1.5 1.1
v 1 -1.4 1.1
v 1 -1.3 1.1
v 1 -1.2 1.1
v 1 -1.1 1.1
v 1 1.1 1.1
v 1 1.2 1.1
v 1 1.5 1.1
v 1 2 1.1
v 1.1 -2 1.1
v 1.1 -1.9 1.1
v 1.1 -1.8 1.1
v 1.1 -1.7 1.1
v 1.1 -1.6 1.1
v 1.1 -1.5 1.1
v 1.1 -1.4 1.1
v 1.1 -1.3 1.1
v 1.1 -1.2 1.1
v 1.1 -1.1 1.1
v 1.1 1.1 1.1
v 1.1 1.2 1.1
v 1.1 1.3 1.1
v 1.1 1.4 1.1
v 1.1 1.5 1.1
v 1.1 1.7 1.1
v 1.1 2 1.1
v -1.3 -2 1
v -1.3 -1.9 1
v -1.3 -1.7 1
v -1.3 -1.5 1
v -1.3 -1.4 1
v -1.3 -1.3 1
v -1.3 -1.2 1
v -1.3 -1.1 1
v -1.3 1.1 1
v -1.3 1.2 1
v -1.3 1.3 1
v -1.3 1.4 1
v -1.3 1.5 1
v -1.3 1.7 1
v -1.3 1.8 1
v -1.3 2 1
v -1.2 -1.8 1
v -1.2 -1.7 1
v -1.2 -1.5 1
v -1.2 -1.4 1
v -1.2 -1.3 1
v -1.2 -1.2 1
v -1.2 -1.1 1
v -1.2 1.1 1
v -1.2 1.2 1
v -1.2 1.3 1
v -1.2 1.4 1
v -1.2 1.5 1
v -1.2 1.6 1
v -1.2 1.7 1
v -1.2 1.8 1
v -1.2 1.9 1
v -1.1 -2 1
v -1.1 -1.8 1
v -1.1 -1.7 1
v -1.1 -1.5 1
v -1.1 -1.4 1
v -1.1 -1.3 1
v -1.1 -1.2 1
v -1.1 -1.1 1
v -1.1 1.1 1
v -1.1 1.2 1
v -1.1 1.3 1
v -1.1 1.4 1
v -1.1 1.6 1
v -1.1 1.7 1
v -1.1 1.9 1
v -1.1 2 1
v 1.1 -2 1
v 1.1 -1.9 1
v 1.1 -1.8 1
v 1.1 -1.7 1
v 1.1 -1.5 1
v 1.1 -1.4 1
v 1.1 -1.3 1
v 1.1 -1.2 1
v 1.1 -1.1 1
v 1.1 1.1 1
v 1.1 1.2 1
v 1.1 1.3 1
v 1.1 1.4 1
v 1.1 1.5 1
v 1.1 1.7 1
v 1.1 2 1
v 1.2 -1.9 1
v 1.2 -1.8 1
v 1.2 -1.7 1
v 1.2 -1.6 1
v 1.2 -1.5 1
v 1.2 -1.4 1
v 1.2 -1.3 1
v 1.2 -1.2 1
v 1.2 -1.1 1
v 1.2 1.1 1
v 1.2 1.2 1
v 1.2 1.3 1
v 1.2 1.4 1
v 1.2 1.5 1
v 1.2 1.7 1
v 1.2 1.8 1
v 1.2 1.9 1
v 1.3 -2 1
v 1.3 -1.9 1
v 1.3 -1.8 1
v 1.3 -1.7 1
v 1.3 -1.6 1
v 1.3 -1.5 1
v 1.3 -1.4 1
v 1.3 -1.3 1
v 1.3 -1.2 1
v 1.3 -1.1 1
v 1.3 1.1 1
v 1.3 1.2 1
v 1.3 1.3 1
v 1.3 1.4 1
v 1.3 1.5 1
v 1.3 1.6 1
v 1.3 1.7 1
v 1.3 1.8 1
v 1.3 1.9 1
v 1.3 2 1
v -1.4 -2 0.9
v -1.4 -1.9 0.9
v -1.4 -1.8 0.9
v -1.4 -1.5 0.9
v -1.4 -1.4 0.9
v -1.4 -1.3 0.9
v -1.4 -1.2 0.9
v -1.4 -1.1 0.9
v -1.4 1.1 0.9
v -1.4 1.2 0.9
v -1.4 1.3 0.9
v -1.4 1.4 0.9
v -1.4 1.5 0.9
v -1.4 1.6 0.9
v -1.4 1.7 0.9
v -1.4 1.8 0.9
v -1.4 1.9 0.9
v -1.4 2 0.9
v -1.3 -2 0.9
v -1.3 -1.9 0.9
v -1.3 -1.5 0.9
v -1.3 -1.3 0.9
v -1.3 -1.1 0.9
v -1.3 1.1 0.9
v -1.3 1.2 0.9
v -1.3 1.3 0.9
v -1.3 1.4 0.9
v -1.3 1.5 0.9
v -1.3 1.7 0.9
v -1.3 2 0.9
v -0.3 -2 0.9
v -0.3 -1.9 0.9
v -0.3 1.9 0.9
v -0.3 2 0.9
v -0.2 -2 0.9
v -0.2 -1.9 0.9
v -0.2 1.9 0.9
v -0.2 2 0.9
v 0.2 -2 0.9
v 0.2 -1.9 0.9
v 0.2 1.9 0.9
v 0.2 2 0.9
v 0.3 -2 0.9
v 0.3 -1.9 0.9
v 0.3 1.9 0.9
v 0.3 2 0.9
v 1.3 -2 0.9
v 1.3 -1.9 0.9
v 1.3 -1.8 0.9
v 1.3 -1.5 0.9
v 1.3 -1.4 0.9
v 1.3 -1.3 0.9
v 1.3 -1.2 0.9
v 1.3 -1.1 0.9
v 1.3 1.1 0.9
v 1.3 1.2 0.9
v 1.3 1.3 0.9
v 1.3 1.5 0.9
v 1.3 1.6 0.9
v 1.3 1.7 0.9
v 1.3 2 0.9
v 1.4 -2 0.9
v 1.4 -1.9 0.9
v 1.4 -1.8 0.9
v 1.4 -1.6 0.9
v 1.4 -1.5 0.9
v 1.4 -1.4 0.9
v 1.4 -1.3 0.9
v 1.4 -1.2 0.9
v 1.4 -1.1 0.9
v 1.4 1.1 0.9
v 1.4 1.2 0.9
v 1.4 1.3 0.9
v 1.4 1.4 0.9
v 1.4 1.5 0.9
v 1.4 1.6 0.9
v 1.4 1.7 0.9
v 1.4 1.8 0.9
v 1.4 1.9 0.9
v 1.4 2 0.9
v -1.5 -2 0.8
v -1.5 -1.9 0.8
v -1.5 -1.8 0.8
v -1.5 -1.7 0.8
v -1.5 -1.5 0.8
v -1.5 -1.4 0.8
v -1.5 -1.3 0.8
v -1.5 -1.2 0.8
v -1.5 -1.1 0.8
v -1.5 1.1 0.8
v -1.5 1.2 0.8
v -1.5 1.3 0.8
v -1.5 1.4 0.8
v -1.5 1.5 0.8
v -1.5 1.6 0.8
v -1.5 1.7 0.8
v -1.5 1.8 0.8
v -1.5 1.9 0.8
v -1.5 2 0.8
v -1.4 -2 0.8
v -1.4 -1.9 0.8
v -1.4 -1.8 0.8
v -1.4 -1.4 0.8
v -1.4 -1.3 0.8
v -1.4 -1.2 0.8
v -1.4 -1.1 0.8
v -1.4 1.1 0.8
v -1.4 1.2 0.8
v -1.4 1.3 0.8
v -1.4 1.4 0.8
v -1.4 1.5 0.8
v -1.4 1.6 0.8
v -1.4 1.8 0.8
v -1.4 1.9 0.8
v -1.4 2 0.8
v -0.3 -1.9 0.8
v -0.3 -1.8 0.8
v -0.3 1.8 0.8
v -0.3 1.9 0.8
v -0.2 -1.9 0.8
v -0.2 -1.8 0.8
v -0.2 1.8 0.8
v -0.2 1.9 0.8
v 0.2 -1.9 0.8
v 0.2 -1.8 0.8
v 0.2 1.8 0.8
v 0.2 1.9 0.8
v 0.3 -1.9 0.8
v 0.3 -1.8 0.8
v 0.3 1.8 0.8
v 0.3 1.9 0.8
v 1.4 -2 0.8
v 1.4 -1.9 0.8
v 1.4 -1.8 0.8
v 1.4 -1.6 0.8
v 1.4 -1.5 0.8
v 1.4 -1.4 0.8
v 1.4 -1.1 0.8
v 1.4 1.1 0.8
v 1.4 1.3 0.8
v 1.4 1.4 0.8
v 1.4 1.6 0.8
v 1.4 1.7 0.8
v 1.4 1.8 0.8
v 1.4 1.9 0.8
v 1.4 2 0.8
v 1.5 -2 0.8
v 1.5 -1.9 0.8
v 1.5 -1.8 0.8
v 1.5 -1.7 0.8
v 1.5 -1.6 0.8
v 1.5 -1.5 0.8
v 1.5 -1.4 0.8
v 1.5 -1.2 0.8
v 1.5 -1.1 0.8
v 1.5 1.1 0.8
v 1.5 1.2 0.8
v 1.5 1.3 0.8
v 1.5 1.4 0.8
v 1.5 1.6 0.8
v 1.5 1.7 0.8
v 1.5 1.8 0.8
v 1.5 1.9 0.8
v 1.5 2 0.8
v -0.3 -1.8 0.7
v -0.3 -1.7 0.7
v -0.3 1.7 0.7
v -0.3 1.8 0.7
v -0.2 -1.8 0.7
v -0.2 -1.7 0.7
v -0.2 1.7 0.7
v -0.2 1.8 0.7
v 0.2 -1.8 0.7
v 0.2 -1.7 0.7
v 0.2 1.7 0.7
v 0.2 1.8 0.7
v 0.3 -1.8 0.7
v 0.3 -1.7 0.7
v 0.3 1.7 0.7
v 0.3 1.8 0.7
v -0.3 -1.7 0.6
v -0.3 -1.6 0.6
v -0.3 1.6 0.6
v -0.3 1.7 0.6
v -0.2 -1.7 0.6
v -0.2 -1.6 0.6
v -0.2 1.6 0.6
v -0.2 1.7 0.6
v 0.2 -1.7 0.6
v 0.2 -1.6 0.6
v 0.2 1.6 0.6
v 0.2 1.7 0.6
v 0.3 -1.7 0.6
v 0.3 -1.6 0.6
v 0.3 1.6 0.6
v 0.3 1.7 0.6
v -1.6 -2 0.5
v -1.6 -1.9 0.5
v -1.6 -1.8 0.5
v -1.6 -1.7 0.5
v -1.6 -1.6 0.5
v -1.6 -1.5 0.5
v -1.6 -1.4 0.5
v -1.6 -1.3 0.5
v -1.6 -1.2 0.5
v -1.6 -1.1 0.5
v -1.6 1.1 0.5
v -1.6 1.2 0.5
v -1.6 1.3 0.5
v -1.6 1.4 0.5
v -1.6 1.5 0.5
v -1.6 1.6 0.5
v -1.6 1.7 0.5
v -1.6 1.8 0.5
v -1.6 1.9 0.5
v -1.6 2 0.5
v -1.5 -2 0.5
v -1.5 -1.8 0.5
v -1.5 -1.7 0.5
v -1.5 -1.6 0.5
v -1.5 -1.3 0.5
v -1.5 -1.2 0.5
v -1.5 -1.1 0.5
v -1.5 1.1 0.5
v -1.5 1.2 0.5
v -1.5 1.3 0.5
v -1.5 1.4 0.5
v -1.5 1.5 0.5
v -1.5 1.6 0.5
v -1.5 1.7 0.5
v -1.5 1.8 0.5
v -1.5 1.9 0.5
v -1.5 2 0.5
v -0.3 -1.6 0.5
v -0.3 -1.5 0.5
v -0.3 1.5 0.5
v -0.3 1.6 0.5
v -0.2 -1.6 0.5
v -0.2 -1.5 0.5
v -0.2 1.5 0.5
v -0.2 1.6 0.5
v 0.2 -1.6 0.5
v 0.2 -1.5 0.5
v 0.2 1.5 0.5
v 0.2 1.6 0.5
v 0.3 -1.6 0.5
v 0.3 -1.5 0.5
v 0.3 1.5 0.5
v 0.3 1.6 0.5
v 1.5 -2 0.5
v 1.5 -1.7 0.5
v 1.5 -1.6 0.5
v 1.5 -1.5 0.5
v 1.5 -1.4 0.5
v 1.5 -1.3 0.5
v 1.5 -1.2 0.5
v 1.5 -1.1 0.5
v 1.5 1.1 0.5
v 1.5 1.2 0.5
v 1.5 1.3 0.5
v 1.5 1.5 0.5
v 1.5 1.6 0.5
v 1.5 1.7 0.5
v 1.5 1.8 0.5
v 1.5 1.9 0.5
v 1.5 2 0.5
v 1.6 -2 0.5
v 1.6 -1.9 0.5
v 1.6 -1.8 0.5
v 1.6 -1.7 0.5
v 1.6 -1.6 0.5
v 1.6 -1.5 0.5
v 1.6 -1.4 0.5
v 1.6 -1.3 0.5
v 1.6 -1.2 0.5
v 1.6 -1.1 0.5
v 1.6 1.1 0.5
v 1.6 1.2 0.5
v 1.6 1.3 0.5
v 1.6 1.4 0.5
v 1.6 1.5 0.5
v 1.6 1.6 0.5
v 1.6 1.7 0.5
v 1.6 1.8 0.5
v 1.6 1.9 0.5
v 1.6 2 0.5
v -1.1 -2 0.4
v -1.1 -1.8 0.4
v -1.1 -1.7 0.4
v -1.1 1.7 0.4
v -1.1 1.8 0.4
v -1.1 2 0.4
v -1 -2 0.4
v -1 -1.9 0.4
v -1 -1.8 0.4
v -1 -1.7 0.4
v -1 1.7 0.4
v -1 1.8 0.4
v -1 2 0.4
v -0.9 -2 0.4
v -0.9 -1.9 0.4
v -0.9 -1.8 0.4
v -0.9 1.7 0.4
v -0.9 1.8 0.4
v -0.9 1.9 0.4
v -0.9 2 0.4
v -0.8 -2 0.4
v -0.8 -1.9 0.4
v -0.8 -1.8 0.4
v -0.8 -1.7 0.4
v -0.8 1.7 0.4
v -0.8 1.8 0.4
v -0.8 1.9 0.4
v -0.8 2 0.4
v -0.7 -2 0.4
v -0.7 -1.9 0.4
v -0.7 -1.8 0.4
v -0.7 -1.7 0.4
v -0.7 1.7 0.4
v -0.7 1.8 0.4
v -0.7 1.9 0.4
v -0.7 2 0.4
v -0.3 -1.5 0.4
v -0.3 -1.4 0.4
v -0.3 1.4 0.4
v -0.3 1.5 0.4
v -0.2 -1.5 0.4
v -0.2 -1.4 0.4
v -0.2 1.4 0.4
v -0.2 1.5 0.4
v 0.2 -1.5 0.4
v 0.2 -1.4 0.4
v 0.2 1.4 0.4
v 0.2 1.5 0.4
v 0.3 -1.5 0.4
v 0.3 -1.4 0.4
v 0.3 1.4 0.4
v 0.3 1.5 0.4
v 0.7 -2 0.4
v 0.7 -1.9 0.4
v 0.7 -1.8 0.4
v 0.7 -1.7 0.4
v 0.7 1.7 0.4
v 0.7 1.8 0.4
v 0.7 1.9 0.4
v 0.7 2 0.4
v 0.8 -2 0.4
v 0.8 -1.9 0.4
v 0.8 -1.8 0.4
v 0.8 -1.7 0.4
v 0.8 1.8 0.4
v 0.8 1.9 0.4
v 0.8 2 0.4
v 0.9 -2 0.4
v 0.9 -1.9 0.4
v 0.9 -1.8 0.4
v 0.9 1.7 0.4
v 0.9 1.8 0.4
v 1 -2 0.4
v 1 -1.9 0.4
v 1 -1.8 0.4
v 1 -1.7 0.4
v 1 1.7 0.4
v 1 1.8 0.4
v 1 1.9 0.4
v 1 2 0.4
v 1.1 -2 0.4
v 1.1 -1.9 0.4
v 1.1 -1.8 0.4
v 1.1 -1.7 0.4
v 1.1 1.7 0.4
v 1.1 1.8 0.4
v 1.1 1.9 0.4
v 1.1 2 0.4
v -1.3 -2 0.3
v -1.3 -1.9 0.3
v -1.3 -1.8 0.3
v -1.3 -1.7 0.3
v -1.3 1.7 0.3
v -1.3 1.8 0.3
v -1.3 1.9 0.3
v -1.3 2 0.3
v -1.2 -2 0.3
v -1.2 -1.9 0.3
v -1.2 -1.8 0.3
v -1.2 -1.7 0.3
v -1.2 1.7 0.3
v -1.2 1.8 0.3
v -1.2 1.9 0.3
v -1.1 -2 0.3
v -1.1 -1.8 0.3
v -1.1 -1.7 0.3
v -1.1 1.7 0.3
v -1.1 2 0.3
v -0.7 -2 0.3
v -0.7 -1.9 0.3
v -0.7 -1.8 0.3
v -0.7 -1.7 0.3
v -0.7 1.7 0.3
v -0.7 1.8 0.3
v -0.7 1.9 0.3
v -0.7 2 0.3
v -0.6 -2 0.3
v -0.6 -1.9 0.3
v -0.6 -1.8 0.3
v -0.6 -1.7 0.3
v -0.6 1.7 0.3
v -0.6 1.8 0.3
v -0.6 1.9 0.3
v -0.6 2 0.3
v -0.5 -2 0.3
v -0.5 -1.8 0.3
v -0.5 -1.7 0.3
v -0.5 1.7 0.3
v -0.5 1.8 0.3
v -0.5 1.9 0.3
v -0.5 2 0.3
v -0.3 -1.4 0.3
v -0.3 -1.3 0.3
v -0.3 1.3 0.3
v -0.3 1.4 0.3
v -0.2 -1.4 0.3
v -0.2 -1.3 0.3
v -0.2 1.3 0.3
v -0.2 1.4 0.3
v 0.2 -1.4 0.3
v 0.2 -1.3 0.3
v 0.2 1.3 0.3
v 0.2 1.4 0.3
v 0.3 -1.4 0.3
v 0.3 -1.3 0.3
v 0.3 1.3 0.3
v 0.3 1.4 0.3
v 0.5 -2 0.3
v 0.5 -1.9 0.3
v 0.5 -1.8 0.3
v 0.5 -1.7 0.3
v 0.5 1.7 0.3
v 0.5 1.8 0.3
v 0.5 2 0.3
v 0.6 -2 0.3
v 0.6 -1.9 0.3
v 0.6 -1.8 0.3
v 0.6 -1.7 0.3
v 0.6 1.7 0.3
v 0.6 1.8 0.3
v 0.6 1.9 0.3
v 0.6 2 0.3
v 0.7 -2 0.3
v 0.7 -1.9 0.3
v 0.7 -1.8 0.3
v 0.7 -1.7 0.3
v 0.7 1.7 0.3
v 0.7 1.8 0.3
v 0.7 1.9 0.3
v 0.7 2 0.3
v 1.1 -2 0.3
v 1.1 -1.9 0.3
v 1.1 -1.8 0.3
v 1.1 -1.7 0.3
v 1.1 1.7 0.3
v 1.1 2 0.3
v 1.2 -2 0.3
v 1.2 -1.9 0.3
v 1.2 -1.8 0.3
v 1.2 -1.7 0.3
v 1.2 1.7 0.3
v 1.2 1.8 0.3
v 1.2 1.9 0.3
v 1.3 -2 0.3
v 1.3 -1.8 0.3
v 1.3 -1.7 0.3
v 1.3 1.7 0.3
v 1.3 1.8 0.3
v 1.3 1.9 0.3
v 1.3 2 0.3
v -0.3 -1.3 0.2
v -0.3 -1.2 0.2
v -0.3 1.2 0.2
v -0.3 1.3 0.2
v -0.2 -1.3 0.2
v -0.2 -1.2 0.2
v -0.2 1.2 0.2
v -0.2 1.3 0.2
v 0.2 -1.3 0.2
v 0.2 -1.2 0.2
v 0.2 1.2 0.2
v 0.2 1.3 0.2
v 0.3 -1.3 0.2
v 0.3 -1.2 0.2
v 0.3 1.2 0.2
v 0.3 1.3 0.2
v -0.5 -2 0.0999999
v -0.5 -1.8 0.0999999
v -0.5 -1.7 0.0999999
v -0.5 1.7 0.0999999
v -0.5 1.8 0.0999999
v -0.5 1.9 0.0999999
v -0.5 2 0.0999999
v -0.4 -2 0.0999999
v -0.4 -1.9 0.0999999
v -0.4 -1.8 0.0999999
v -0.4 -1.7 0.0999999
v -0.4 -1.6 0.0999999
v -0.4 -1.5 0.0999999
v -0.4 -1.4 0.0999999
v -0.4 -1.3 0.0999999
v -0.4 -1.2 0.0999999
v -0.4 -1.1 0.0999999
v -0.4 -1 0.0999999
v -0.4 -0.9 0.0999999
v -0.4 -0.7 0.0999999
v -0.4 -0.6 0.0999999
v -0.4 -0.5 0.0999999
v -0.4 -0.4 0.0999999
v -0.4 -0.3 0.0999999
v -0.4 -0.1 0.0999999
v -0.4 0.0999999 0.0999999
v -0.4 0.2 0.0999999
v -0.4 0.3 0.0999999
v -0.4 0.4 0.0999999
v -0.4 0.5 0.0999999
v -0.4 0.6 0.0999999
v -0.4 0.7 0.0999999
v -0.4 0.8 0.0999999
v -0.4 0.9 0.0999999
v -0.4 1 0.0999999
v -0.4 1.1 0.0999999
v -0.4 1.2 0.0999999
v -0.4 1.3 0.0999999
v -0.4 1.4 0.0999999
v -0.4 1.5 0.0999999
v -0.4 1.6 0.0999999
v -0.4 1.7 0.0999999
v -0.4 1.8 0.0999999
v -0.4 1.9 0.0999999
v -0.4 2 0.0999999
v -0.3 -1.9 0.0999999
v -0.3 -1.8 0.0999999
v -0.3 -1.7 0.0999999
v -0.3 -1.6 0.0999999
v -0.3 -1.5 0.0999999
v -0.3 -1.4 0.0999999
v -0.3 -1.3 0.0999999
v -0.3 -1.2 0.0999999
v -0.3 -1.1 0.0999999
v -0.3 -1 0.0999999
v -0.3 -0.9 0.0999999
v -0.3 -0.7 0.0999999
v -0.3 -0.6 0.0999999
v -0.3 -0.5 0.0999999
v -0.3 -0.4 0.0999999
v -0.3 -0.3 0.0999999
v -0.3 -0.1 0.0999999
v -0.3 0.0999999 0.0999999
v -0.3 0.2 0.0999999
v -0.3 0.3 0.0999999
v -0.3 0.4 0.0999999
v -0.3 0.5 0.0999999
v -0.3 0.6 0.0999999
v -0.3 0.7 0.0999999
v -0.3 0.8 0.0999999
v -0.3 0.9 0.0999999
v -0.3 1 0.0999999
v -0.3 1.1 0.0999999
v -0.3 1.2 0.0999999
v -0.3 1.3 0.0999999
v -0.3 1.4 0.0999999
v -0.3 1.5 0.0999999
v -0.3 1.6 0.0999999
v -0.3 1.7 0.0999999
v -0.3 1.8 0.0999999
v -0.3 1.9 0.0999999
v -0.2 -1.2 0.0999999
v -0.2 -1.1 0.0999999
v -0.2 1.1 0.0999999
v -0.2 1.2 0.0999999
v 0.2 -1.2 0.0999999
v 0.2 -1.1 0.0999999
v 0.2 1.1 0.0999999
v 0.2 1.2 0.0999999
v 0.3 -1.9 0.0999999
v 0.3 -1.8 0.0999999
v 0.3 -1.7 0.0999999
v 0.3 -1.6 0.0999999
v 0.3 -1.5 0.0999999
v 0.3 -1.4 0.0999999
v 0.3 -1.3 0.0999999
v 0.3 -1.2 0.0999999
v 0.3 -1.1 0.0999999
v 0.3 -1 0.0999999
v 0.3 -0.9 0.0999999
v 0.3 -0.8 0.0999999
v 0.3 -0.7 0.0999999
v 0.3 -0.6 0.0999999
v 0.3 -0.5 0.0999999
v 0.3 -0.4 0.0999999
v 0.3 -0.2 0.0999999
v 0.3 0.0999999 0.0999999
v 0.3 0.2 0.0999999
v 0.3 0.3 0.0999999
v 0.3 0.4 0.0999999
v 0.3 0.5 0.0999999
v 0.3 0.6 0.0999999
v 0.3 0.7 0.0999999
v 0.3 0.9 0.0999999
v 0.3 1 0.0999999
v 0.3 1.1 0.0999999
v 0.3 1.2 0.0999999
v 0.3 1.3 0.0999999
v 0.3 1.4 0.0999999
v 0.3 1.5 0.0999999
v 0.3 1.6 0.0999999
v 0.3 1.8 0.0999999
v 0.3 1.9 0.0999999
v 0.4 -2 0.0999999
v 0.4 -1.9 0.0999999
v 0.4 -1.8 0.0999999
v 0.4 -1.7 0.0999999
v 0.4 -1.6 0.0999999
v 0.4 -1.5 0.0999999
v 0.4 -1.4 0.0999999
v 0.4 -1.3 0.0999999
v 0.4 -1.2 0.0999999
v 0.4 -1 0.0999999
v 0.4 -0.9 0.0999999
v 0.4 -0.8 0.0999999
v 0.4 -0.7 0.0999999
v 0.4 -0.6 0.0999999
v 0.4 -0.5 0.0999999
v 0.4 -0.4 0.0999999
v 0.4 -0.2 0.0999999
v 0.4 0.0999999 0.0999999
v 0.4 0.2 0.0999999
v 0.4 0.3 0.0999999
v 0.4 0.4 0.0999999
v 0.4 0.5 0.0999999
v 0.4 0.6 0.0999999
v 0.4 0.7 0.0999999
v 0.4 0.9 0.0999999
v 0.4 1 0.0999999
v 0.4 1.2 0.0999999
v 0.4 1.3 0.0999999
v 0.4 1.4 0.0999999
v 0.4 1.5 0.0999999
v 0.4 1.6 0.0999999
v 0.4 1.7 0.0999999
v 0.4 1.8 0.0999999
v 0.4 1.9 0.0999999
v 0.4 2 0.0999999
v 0.5 -2 0.0999999
v 0.5 -1.9 0.0999999
v 0.5 -1.8 0.0999999
v 0.5 -1.7 0.0999999
v 0.5 1.7 0.0999999
v 0.5 1.8 0.0999999
v 0.5 1.9 0.0999999
v 0.5 2 0.0999999
v -0.3 -1 -0.1
v -0.3 -0.9 -0.1
v -0.3 0.9 -0.1
v -0.3 1 -0.1
v -0.2 -1 -0.1
v -0.2 -0.9 -0.1
v -0.2 0.9 -0.1
v -0.2 1 -0.1
v 0.2 -1 -0.1
v 0.2 -0.9 -0.1
v 0.2 0.9 -0.1
v 0.2 1 -0.1
v 0.3 -1 -0.1
v 0.3 -0.9 -0.1
v 0.3 0.9 -0.1
v 0.3 1 -0.1
v -0.5 -1 -0.2
v -0.5 -0.9 -0.2
v -0.5 0.9 -0.2
v -0.5 1 -0.2
v -0.4 -2 -0.2
v -0.4 -1.9 -0.2
v -0.4 -1.8 -0.2
v -0.4 -1.7 -0.2
v -0.4 -1.6 -0.2
v -0.4 -1.5 -0.2
v -0.4 -1.4 -0.2
v -0.4 -1.3 -0.2
v -0.4 -1.2 -0.2
v -0.4 -1 -0.2
v -0.4 -0.9 -0.2
v -0.4 -0.8 -0.2
v -0.4 -0.7 -0.2
v -0.4 -0.5 -0.2
v -0.4 -0.4 -0.2
v -0.4 -0.3 -0.2
v -0.4 -0.2 -0.2
v -0.4 -0.1 -0.2
v -0.4 0.0999999 -0.2
v -0.4 0.2 -0.2
v -0.4 0.3 -0.2
v -0.4 0.4 -0.2
v -0.4 0.5 -0.2
v -0.4 0.7 -0.2
v -0.4 0.8 -0.2
v -0.4 0.9 -0.2
v -0.4 1 -0.2
v -0.4 1.1 -0.2
v -0.4 1.2 -0.2
v -0.4 1.3 -0.2
v -0.4 1.4 -0.2
v -0.4 1.5 -0.2
v -0.4 1.6 -0.2
v -0.4 1.7 -0.2
v -0.4 1.8 -0.2
v -0.4 1.9 -0.2
v -0.4 2 -0.2
v -0.3 -2 -0.2
v -0.3 -1.9 -0.2
v -0.3 -1.8 -0.2
v -0.3 -1.6 -0.2
v -0.3 -1.5 -0.2
v -0.3 -1.4 -0.2
v -0.3 -1.3 -0.2
v -0.3 -1.2 -0.2
v -0.3 -1.1 -0.2
v -0.3 -1 -0.2
v -0.3 -0.9 -0.2
v -0.3 -0.8 -0.2
v -0.3 -0.7 -0.2
v -0.3 -0.5 -0.2
v -0.3 -0.4 -0.2
v -0.3 -0.3 -0.2
v -0.3 -0.2 -0.2
v -0.3 -0.1 -0.2
v -0.3 0.0999999 -0.2
v -0.3 0.2 -0.2
v -0.3 0.3 -0.2
v -0.3 0.4 -0.2
v -0.3 0.5 -0.2
v -0.3 0.7 -0.2
v -0.3 0.8 -0.2
v -0.3 0.9 -0.2
v -0.3 1 -0.2
v -0.3 1.1 -0.2
v -0.3 1.2 -0.2
v -0.3 1.3 -0.2
v -0.3 1.4 -0.2
v -0.3 1.5 -0.2
v -0.3 1.6 -0.2
v -0.3 1.7 -0.2
v -0.3 1.8 -0.2
v -0.3 1.9 -0.2
v -0.3 2 -0.2
v -0.2 -1.1 -0.2
v -0.2 -1 -0.2
v -0.2 1 -0.2
v -0.2 1.1 -0.2
v 0.2 -1.1 -0.2
v 0.2 -1 -0.2
v 0.2 1 -0.2
v 0.2 1.1 -0.2
v 0.3 -2 -0.2
v 0.3 -1.9 -0.2
v 0.3 -1.8 -0.2
v 0.3 -1.6 -0.2
v 0.3 -1.5 -0.2
v 0.3 -1.4 -0.2
v 0.3 -1.3 -0.2
v 0.3 -1.2 -0.2
v 0.3 -1.1 -0.2
v 0.3 -1 -0.2
v 0.3 -0.9 -0.2
v 0.3 -0.6 -0.2
v 0.3 -0.5 -0.2
v 0.3 -0.4 -0.2
v 0.3 -0.3 -0.2
v 0.3 -0.1 -0.2
v 0.3 0 -0.2
v 0.3 0.0999999 -0.2
v 0.3 0.2 -0.2
v 0.3 0.3 -0.2
v 0.3 0.4 -0.2
v 0.3 0.5 -0.2
v 0.3 0.6 -0.2
v 0.3 0.7 -0.2
v 0.3 0.9 -0.2
v 0.3 1 -0.2
v 0.3 1.1 -0.2
v 0.3 1.2 -0.2
v 0.3 1.3 -0.2
v 0.3 1.5 -0.2
v 0.3 1.6 -0.2
v 0.3 1.7 -0.2
v 0.3 1.8 -0.2
v 0.3 2 -0.2
v 0.4 -2 -0.2
v 0.4 -1.9 -0.2
v 0.4 -1.8 -0.2
v 0.4 -1.7 -0.2
v 0.4 -1.6 -0.2
v 0.4 -1.5 -0.2
v 0.4 -1.4 -0.2
v 0.4 -1.3 -0.2
v 0.4 -1.2 -0.2
v 0.4 -1 -0.2
v 0.4 -0.9 -0.2
v 0.4 -0.6 -0.2
v 0.4 -0.5 -0.2
v 0.4 -0.4 -0.2
v 0.4 -0.3 -0.2
v 0.4 -0.1 -0.2
v 0.4 0 -0.2
v 0.4 0.0999999 -0.2
v 0.4 0.2 -0.2
v 0.4 0.3 -0.2
v 0.4 0.4 -0.2
v 0.4 0.5 -0.2
v 0.4 0.6 -0.2
v 0.4 0.7 -0.2
v 0.4 0.9 -0.2
v 0.4 1 -0.2
v 0.4 1.2 -0.2
v 0.4 1.3 -0.2
v 0.4 1.5 -0.2
v 0.4 1.6 -0.2
v 0.4 1.7 -0.2
v 0.4 1.8 -0.2
v 0.4 2 -0.2
v 0.5 -1 -0.2
v 0.5 -0.9 -0.2
v 0.5 0.9 -0.2
v 0.5 1 -0.2
v -0.5 -2 -0.3
v -0.5 -1.8 -0.3
v -0.5 -1.7 -0.3
v -0.5 1.7 -0.3
v -0.5 1.8 -0.3
v -0.5 2 -0.3
v -0.4 -2 -0.3
v -0.4 -1.8 -0.3
v -0.4 -1.7 -0.3
v -0.4 -1 -0.3
v -0.4 -0.9 -0.3
v -0.4 0.9 -0.3
v -0.4 1 -0.3
v -0.4 1.7 -0.3
v -0.4 1.8 -0.3
v -0.4 2 -0.3
v -0.3 -1.2 -0.3
v -0.3 -1.1 -0.3
v -0.3 -1 -0.3
v -0.3 -0.9 -0.3
v -0.3 0.9 -0.3
v -0.3 1 -0.3
v -0.3 1.1 -0.3
v -0.3 1.2 -0.3
v -0.2 -1.2 -0.3
v -0.2 -1.1 -0.3
v -0.2 1.1 -0.3
v -0.2 1.2 -0.3
v 0.2 -1.2 -0.3
v 0.2 -1.1 -0.3
v 0.2 1.1 -0.3
v 0.2 1.2 -0.3
v 0.3 -1.2 -0.3
v 0.3 -1.1 -0.3
v 0.3 -1 -0.3
v 0.3 -0.9 -0.3
v 0.3 0.9 -0.3
v 0.3 1 -0.3
v 0.3 1.1 -0.3
v 0.3 1.2 -0.3
v 0.4 -2 -0.3
v 0.4 -1.9 -0.3
v 0.4 -1.7 -0.3
v 0.4 -1 -0.3
v 0.4 -0.9 -0.3
v 0.4 0.9 -0.3
v 0.4 1 -0.3
v 0.4 1.7 -0.3
v 0.4 2 -0.3
v 0.5 -2 -0.3
v 0.5 -1.9 -0.3
v 0.5 -1.8 -0.3
v 0.5 -1.7 -0.3
v 0.5 1.7 -0.3
v 0.5 1.8 -0.3
v 0.5 2 -0.3
v -1.3 -2 -0.4
v -1.3 -1.9 -0.4
v -1.3 -1.8 -0.4
v -1.3 -1.7 -0.4
v -1.3 1.7 -0.4
v -1.3 1.8 -0.4
v -1.3 1.9 -0.4
v -1.3 2 -0.4
v -1.2 -2 -0.4
v -1.2 -1.9 -0.4
v -1.2 -1.8 -0.4
v -1.2 -1.7 -0.4
v -1.2 1.7 -0.4
v -1.2 1.8 -0.4
v -1.2 1.9 -0.4
v -1.2 2 -0.4
v -0.6 -2 -0.4
v -0.6 -1.9 -0.4
v -0.6 -1.8 -0.4
v -0.6 -1.7 -0.4
v -0.6 1.7 -0.4
v -0.6 1.8 -0.4
v -0.6 2 -0.4
v -0.5 -2 -0.4
v -0.5 -1.8 -0.4
v -0.5 -1.7 -0.4
v -0.5 1.7 -0.4
v -0.5 1.8 -0.4
v -0.5 2 -0.4
v -0.3 -1.3 -0.4
v -0.3 -1.2 -0.4
v -0.3 1.2 -0.4
v -0.3 1.3 -0.4
v -0.2 -1.3 -0.4
v -0.2 -1.2 -0.4
v -0.2 1.2 -0.4
v -0.2 1.3 -0.4
v 0.2 -1.3 -0.4
v 0.2 -1.2 -0.4
v 0.2 1.2 -0.4
v 0.2 1.3 -0.4
v 0.3 -1.3 -0.4
v 0.3 -1.2 -0.4
v 0.3 1.2 -0.4
v 0.3 1.3 -0.4
v 0.5 -2 -0.4
v 0.5 -1.8 -0.4
v 0.5 -1.7 -0.4
v 0.5 1.7 -0.4
v 0.5 1.8 -0.4
v 0.5 2 -0.4
v 0.6 -2 -0.4
v 0.6 -1.8 -0.4
v 0.6 -1.7 -0.4
v 0.6 1.7 -0.4
v 0.6 1.8 -0.4
v 0.6 1.9 -0.4
v 0.6 2 -0.4
v 1.2 -2 -0.4
v 1.2 -1.8 -0.4
v 1.2 -1.7 -0.4
v 1.2 1.7 -0.4
v 1.2 1.8 -0.4
v 1.2 1.9 -0.4
v 1.2 2 -0.4
v 1.3 -2 -0.4
v 1.3 -1.8 -0.4
v 1.3 -1.7 -0.4
v 1.3 1.7 -0.4
v 1.3 1.8 -0.4
v 1.3 1.9 -0.4
v 1.3 2 -0.4
v -1.2 -2 -0.5
v -1.2 -1.9 -0.5
v -1.2 -1.8 -0.5
v -1.2 -1.7 -0.5
v -1.2 1.7 -0.5
v -1.2 1.8 -0.5
v -1.2 1.9 -0.5
v -1.2 2 -0.5
v -1.1 -1.9 -0.5
v -1.1 -1.8 -0.5
v -1.1 -1.7 -0.5
v -1.1 1.7 -0.5
v -1.1 1.8 -0.5
v -1.1 1.9 -0.5
v -1 -2 -0.5
v -1 -1.8 -0.5
v -1 -1.7 -0.5
v -1 1.7 -0.5
v -1 2 -0.5
v -0.8 -2 -0.5
v -0.8 -1.9 -0.5
v -0.8 -1.8 -0.5
v -0.8 -1.7 -0.5
v -0.8 1.7 -0.5
v -0.8 1.8 -0.5
v -0.8 1.9 -0.5
v -0.8 2 -0.5
v -0.7 -2 -0.5
v -0.7 -1.9 -0.5
v -0.7 -1.8 -0.5
v -0.7 -1.7 -0.5
v -0.7 1.7 -0.5
v -0.7 1.8 -0.5
v -0.7 1.9 -0.5
v -0.7 2 -0.5
v -0.6 -2 -0.5
v -0.6 -1.9 -0.5
v -0.6 -1.7 -0.5
v -0.6 1.7 -0.5
v -0.6 1.8 -0.5
v -0.6 2 -0.5
v -0.3 -1.4 -0.5
v -0.3 -1.3 -0.5
v -0.3 1.3 -0.5
v -0.3 1.4 -0.5
v -0.2 -1.4 -0.5
v -0.2 -1.3 -0.5
v -0.2 1.3 -0.5
v -0.2 1.4 -0.5
v 0.2 -1.4 -0.5
v 0.2 -1.3 -0.5
v 0.2 1.3 -0.5
v 0.2 1.4 -0.5
v 0.3 -1.4 -0.5
v 0.3 -1.3 -0.5
v 0.3 1.3 -0.5
v 0.3 1.4 -0.5
v 0.6 -2 -0.5
v 0.6 -1.8 -0.5
v 0.6 -1.7 -0.5
v 0.6 1.7 -0.5
v 0.6 1.9 -0.5
v 0.6 2 -0.5
v 0.7 -2 -0.5
v 0.7 -1.8 -0.5
v 0.7 -1.7 -0.5
v 0.7 1.7 -0.5
v 0.7 1.8 -0.5
v 0.7 1.9 -0.5
v 0.7 2 -0.5
v 0.8 -2 -0.5
v 0.8 -1.9 -0.5
v 0.8 -1.8 -0.5
v 0.8 -1.7 -0.5
v 0.8 1.7 -0.5
v 0.8 1.8 -0.5
v 0.8 1.9 -0.5
v 0.8 2 -0.5
v 1 -2 -0.5
v 1 -1.8 -0.5
v 1 -1.7 -0.5
v 1 1.7 -0.5
v 1 1.8 -0.5
v 1 1.9 -0.5
v 1 2 -0.5
v 1.1 -1.8 -0.5
v 1.1 -1.7 -0.5
v 1.1 1.7 -0.5
v 1.1 1.8 -0.5
v 1.1 1.9 -0.5
v 1.1 2 -0.5
v 1.2 -2 -0.5
v 1.2 -1.8 -0.5
v 1.2 -1.7 -0.5
v 1.2 1.7 -0.5
v 1.2 1.8 -0.5
v 1.2 1.9 -0.5
v 1.2 2 -0.5
v -1.7 -2 -0.6
v -1.7 -1.9 -0.6
v -1.7 -1.8 -0.6
v -1.7 -1.7 -0.6
v -1.7 -1.6 -0.6
v -1.7 -1.5 -0.6
v -1.7 -1.3 -0.6
v -1.7 -1.2 -0.6
v -1.7 -1.1 -0.6
v -1.7 1.1 -0.6
v -1.7 1.2 -0.6
v -1.7 1.6 -0.6
v -1.7 1.7 -0.6
v -1.7 1.8 -0.6
v -1.7 1.9 -0.6
v -1.7 2 -0.6
v -1.6 -2 -0.6
v -1.6 -1.9 -0.6
v -1.6 -1.8 -0.6
v -1.6 -1.7 -0.6
v -1.6 -1.6 -0.6
v -1.6 -1.5 -0.6
v -1.6 -1.3 -0.6
v -1.6 -1.2 -0.6
v -1.6 -1.1 -0.6
v -1.6 1.1 -0.6
v -1.6 1.2 -0.6
v -1.6 1.3 -0.6
v -1.6 1.5 -0.6
v -1.6 1.6 -0.6
v -1.6 1.7 -0.6
v -1.6 1.8 -0.6
v -1.6 1.9 -0.6
v -1.6 2 -0.6
v -1 -2 -0.6
v -1 -1.8 -0.6
v -1 -1.7 -0.6
v -1 1.7 -0.6
v -1 2 -0.6
v -0.9 -2 -0.6
v -0.9 -1.9 -0.6
v -0.9 -1.8 -0.6
v -0.9 1.8 -0.6
v -0.9 1.9 -0.6
v -0.9 2 -0.6
v -0.8 -2 -0.6
v -0.8 -1.9 -0.6
v -0.8 -1.8 -0.6
v -0.8 -1.7 -0.6
v -0.8 1.7 -0.6
v -0.8 1.8 -0.6
v -0.8 1.9 -0.6
v -0.8 2 -0.6
v -0.3 -1.5 -0.6
v -0.3 -1.4 -0.6
v -0.3 1.4 -0.6
v -0.3 1.5 -0.6
v -0.2 -1.5 -0.6
v -0.2 -1.4 -0.6
v -0.2 1.4 -0.6
v -0.2 1.5 -0.6
v 0.2 -1.5 -0.6
v 0.2 -1.4 -0.6
v 0.2 1.4 -0.6
v 0.2 1.5 -0.6
v 0.3 -1.5 -0.6
v 0.3 -1.4 -0.6
v 0.3 1.4 -0.6
v 0.3 1.5 -0.6
v 0.8 -2 -0.6
v 0.8 -1.9 -0.6
v 0.8 -1.8 -0.6
v 0.8 -1.7 -0.6
v 0.8 1.7 -0.6
v 0.8 1.8 -0.6
v 0.8 1.9 -0.6
v 0.8 2 -0.6
v 0.9 -2 -0.6
v 0.9 -1.9 -0.6
v 0.9 -1.8 -0.6
v 0.9 -1.7 -0.6
v 0.9 1.7 -0.6
v 0.9 1.8 -0.6
v 0.9 1.9 -0.6
v 0.9 2 -0.6
v 1 -2 -0.6
v 1 -1.8 -0.6
v 1 -1.7 -0.6
v 1 1.7 -0.6
v 1 1.9 -0.6
v 1 2 -0.6
v 1.6 -2 -0.6
v 1.6 -1.9 -0.6
v 1.6 -1.8 -0.6
v 1.6 -1.7 -0.6
v 1.6 -1.6 -0.6
v 1.6 -1.5 -0.6
v 1.6 -1.4 -0.6
v 1.6 -1.3 -0.6
v 1.6 -1.2 -0.6
v 1.6 -1.1 -0.6
v 1.6 1.1 -0.6
v 1.6 1.2 -0.6
v 1.6 1.3 -0.6
v 1.6 1.4 -0.6
v 1.6 1.5 -0.6
v 1.6 1.6 -0.6
v 1.6 1.7 -0.6
v 1.6 1.8 -0.6
v 1.6 1.9 -0.6
v 1.6 2 -0.6
v 1.7 -2 -0.6
v 1.7 -1.9 -0.6
v 1.7 -1.8 -0.6
v 1.7 -1.7 -0.6
v 1.7 -1.6 -0.6
v 1.7 -1.5 -0.6
v 1.7 -1.4 -0.6
v 1.7 -1.2 -0.6
v 1.7 -1.1 -0.6
v 1.7 1.1 -0.6
v 1.7 1.2 -0.6
v 1.7 1.3 -0.6
v 1.7 1.6 -0.6
v 1.7 1.7 -0.6
v 1.7 1.8 -0.6
v 1.7 1.9 -0.6
v 1.7 2 -0.6
v -0.3 -1.6 -0.7
v -0.3 -1.5 -0.7
v -0.3 1.5 -0.7
v -0.3 1.6 -0.7
v -0.2 -1.6 -0.7
v -0.2 -1.5 -0.7
v -0.2 1.5 -0.7
v -0.2 1.6 -0.7
v 0.2 -1.6 -0.7
v 0.2 -1.5 -0.7
v 0.2 1.5 -0.7
v 0.2 1.6 -0.7
v 0.3 -1.6 -0.7
v 0.3 -1.5 -0.7
v 0.3 1.5 -0.7
v 0.3 1.6 -0.7
v -0.3 -1.7 -0.8
v -0.3 -1.6 -0.8
v -0.3 1.6 -0.8
v -0.3 1.7 -0.8
v -0.2 -1.7 -0.8
v -0.2 -1.6 -0.8
v -0.2 1.6 -0.8
v -0.2 1.7 -0.8
v 0.2 -1.7 -0.8
v 0.2 -1.6 -0.8
v 0.2 1.6 -0.8
v 0.2 1.7 -0.8
v 0.3 -1.7 -0.8
v 0.3 -1.6 -0.8
v 0.3 1.6 -0.8
v 0.3 1.7 -0.8
v -1.6 -2 -0.9
v -1.6 -1.9 -0.9
v -1.6 -1.8 -0.9
v -1.6 -1.5 -0.9
v -1.6 -1.4 -0.9
v -1.6 -1.3 -0.9
v -1.6 -1.2 -0.9
v -1.6 -1.1 -0.9
v -1.6 1.1 -0.9
v -1.6 1.2 -0.9
v -1.6 1.4 -0.9
v -1.6 1.5 -0.9
v -1.6 1.7 -0.9
v -1.6 1.8 -0.9
v -1.6 2 -0.9
v -1.5 -2 -0.9
v -1.5 -1.9 -0.9
v -1.5 -1.8 -0.9
v -1.5 -1.7 -0.9
v -1.5 -1.6 -0.9
v -1.5 -1.5 -0.9
v -1.5 -1.4 -0.9
v -1.5 -1.3 -0.9
v -1.5 -1.2 -0.9
v -1.5 -1.1 -0.9
v -1.5 1.1 -0.9
v -1.5 1.2 -0.9
v -1.5 1.3 -0.9
v -1.5 1.4 -0.9
v -1.5 1.5 -0.9
v -1.5 1.6 -0.9
v -1.5 1.7 -0.9
v -1.5 1.8 -0.9
v -1.5 2 -0.9
v -0.3 -1.8 -0.9
v -0.3 -1.7 -0.9
v -0.3 1.7 -0.9
v -0.3 1.8 -0.9
v -0.2 -1.8 -0.9
v -0.2 -1.7 -0.9
v -0.2 1.7 -0.9
v -0.2 1.8 -0.9
v 0.2 -1.8 -0.9
v 0.2 -1.7 -0.9
v 0.2 1.7 -0.9
v 0.2 1.8 -0.9
v 0.3 -1.8 -0.9
v 0.3 -1.7 -0.9
v 0.3 1.7 -0.9
v 0.3 1.8 -0.9
v 1.5 -2 -0.9
v 1.5 -1.9 -0.9
v 1.5 -1.8 -0.9
v 1.5 -1.7 -0.9
v 1.5 -1.6 -0.9
v 1.5 -1.5 -0.9
v 1.5 -1.4 -0.9
v 1.5 -1.3 -0.9
v 1.5 -1.2 -0.9
v 1.5 -1.1 -0.9
v 1.5 1.1 -0.9
v 1.5 1.2 -0.9
v 1.5 1.4 -0.9
v 1.5 1.5 -0.9
v 1.5 1.6 -0.9
v 1.5 1.7 -0.9
v 1.5 1.9 -0.9
v 1.5 2 -0.9
v 1.6 -2 -0.9
v 1.6 -1.8 -0.9
v 1.6 -1.6 -0.9
v 1.6 -1.5 -0.9
v 1.6 -1.4 -0.9
v 1.6 -1.3 -0.9
v 1.6 -1.2 -0.9
v 1.6 -1.1 -0.9
v 1.6 1.1 -0.9
v 1.6 1.2 -0.9
v 1.6 1.4 -0.9
v 1.6 1.5 -0.9
v 1.6 2 -0.9
v -1.5 -2 -1
v -1.5 -1.9 -1
v -1.5 -1.8 -1
v -1.5 -1.7 -1
v -1.5 -1.6 -1
v -1.5 -1.5 -1
v -1.5 -1.4 -1
v -1.5 -1.3 -1
v -1.5 -1.2 -1
v -1.5 -1.1 -1
v -1.5 1.1 -1
v -1.5 1.3 -1
v -1.5 1.4 -1
v -1.5 1.6 -1
v -1.5 1.7 -1
v -1.5 2 -1
v -1.4 -2 -1
v -1.4 -1.9 -1
v -1.4 -1.8 -1
v -1.4 -1.7 -1
v -1.4 -1.6 -1
v -1.4 -1.5 -1
v -1.4 -1.4 -1
v -1.4 -1.3 -1
v -1.4 -1.2 -1
v -1.4 -1.1 -1
v -1.4 1.1 -1
v -1.4 1.3 -1
v -1.4 1.4 -1
v -1.4 1.6 -1
v -1.4 1.7 -1
v -1.4 1.8 -1
v -1.4 2 -1
v -0.3 -1.9 -1
v -0.3 -1.8 -1
v -0.3 1.8 -1
v -0.3 1.9 -1
v -0.2 -1.9 -1
v -0.2 -1.8 -1
v -0.2 1.8 -1
v -0.2 1.9 -1
v 0.2 -1.9 -1
v 0.2 -1.8 -1
v 0.2 1.8 -1
v 0.2 1.9 -1
v 0.3 -1.9 -1
v 0.3 -1.8 -1
v 0.3 1.8 -1
v 0.3 1.9 -1
v 1.4 -2 -1
v 1.4 -1.9 -1
v 1.4 -1.8 -1
v 1.4 -1.7 -1
v 1.4 -1.6 -1
v 1.4 -1.4 -1
v 1.4 -1.2 -1
v 1.4 -1.1 -1
v 1.4 1.1 -1
v 1.4 1.2 -1
v 1.4 1.3 -1
v 1.4 1.4 -1
v 1.4 1.5 -1
v 1.4 1.6 -1
v 1.4 1.7 -1
v 1.4 1.8 -1
v 1.4 1.9 -1
v 1.4 2 -1
v 1.5 -2 -1
v 1.5 -1.9 -1
v 1.5 -1.7 -1
v 1.5 -1.4 -1
v 1.5 -1.1 -1
v 1.5 1.1 -1
v 1.5 1.2 -1
v 1.5 1.4 -1
v 1.5 1.5 -1
v 1.5 1.6 -1
v 1.5 1.7 -1
v 1.5 1.9 -1
v 1.5 2 -1
v -1.4 -2 -1.1
v -1.4 -1.8 -1.1
v -1.4 -1.7 -1.1
v -1.4 -1.5 -1.1
v -1.4 -1.4 -1.1
v -1.4 -1.3 -1.1
v -1.4 -1.2 -1.1
v -1.4 -1.1 -1.1
v -1.4 1.1 -1.1
v -1.4 1.3 -1.1
v -1.4 1.4 -1.1
v -1.4 1.6 -1.1
v -1.4 1.7 -1.1
v -1.4 1.8 -1.1
v -1.4 2 -1.1
v -1.3 -1.8 -1.1
v -1.3 -1.7 -1.1
v -1.3 -1.5 -1.1
v -1.3 -1.4 -1.1
v -1.3 -1.3 -1.1
v -1.3 -1.2 -1.1
v -1.3 -1.1 -1.1
v -1.3 1.1 -1.1
v -1.3 1.2 -1.1
v -1.3 1.3 -1.1
v -1.3 1.4 -1.1
v -1.3 1.5 -1.1
v -1.3 1.6 -1.1
v -1.3 1.7 -1.1
v -1.3 1.8 -1.1
v -1.3 1.9 -1.1
v -1.2 -2 -1.1
v -1.2 -1.9 -1.1
v -1.2 -1.8 -1.1
v -1.2 -1.7 -1.1
v -1.2 -1.5 -1.1
v -1.2 -1.4 -1.1
v -1.2 -1.3 -1.1
v -1.2 -1.2 -1.1
v -1.2 -1.1 -1.1
v -1.2 1.1 -1.1
v -1.2 1.2 -1.1
v -1.2 1.3 -1.1
v -1.2 1.4 -1.1
v -1.2 1.5 -1.1
v -1.2 1.7 -1.1
v -1.2 1.9 -1.1
v -1.2 2 -1.1
v 1.2 -2 -1.1
v 1.2 -1.8 -1.1
v 1.2 -1.7 -1.1
v 1.2 -1.6 -1.1
v 1.2 -1.5 -1.1
v 1.2 -1.4 -1.1
v 1.2 -1.3 -1.1
v 1.2 -1.2 -1.1
v 1.2 -1.1 -1.1
v 1.2 1.1 -1.1
v 1.2 1.2 -1.1
v 1.2 1.3 -1.1
v 1.2 1.4 -1.1
v 1.2 1.5 -1.1
v 1.2 1.6 -1.1
v 1.2 1.7 -1.1
v 1.2 1.8 -1.1
v 1.2 2 -1.1
v 1.3 -1.9 -1.1
v 1.3 -1.8 -1.1
v 1.3 -1.7 -1.1
v 1.3 -1.6 -1.1
v 1.3 -1.5 -1.1
v 1.3 -1.4 -1.1
v 1.3 -1.3 -1.1
v 1.3 -1.2 -1.1
v 1.3 -1.1 -1.1
v 1.3 1.2 -1.1
v 1.3 1.3 -1.1
v 1.3 1.4 -1.1
v 1.3 1.5 -1.1
v 1.3 1.6 -1.1
v 1.3 1.7 -1.1
v 1.3 1.8 -1.1
v 1.3 2 -1.1
v 1.4 -2 -1.1
v 1.4 -1.9 -1.1
v 1.4 -1.8 -1.1
v 1.4 -1.7 -1.1
v 1.4 -1.6 -1.1
v 1.4 -1.4 -1.1
v 1.4 -1.2 -1.1
v 1.4 -1.1 -1.1
v 1.4 1.1 -1.1
v 1.4 1.2 -1.1
v 1.4 1.3 -1.1
v 1.4 1.4 -1.1
v 1.4 1.6 -1.1
v 1.4 1.7 -1.1
v 1.4 1.8 -1.1
v 1.4 2 -1.1
v -1.2 -2 -1.2
v -1.2 -1.9 -1.2
v -1.2 -1.8 -1.2
v -1.2 -1.7 -1.2
v -1.2 -1.4 -1.2
v -1.2 -1.2 -1.2
v -1.2 -1.1 -1.2
v -1.2 1.1 -1.2
v -1.2 1.2 -1.2
v -1.2 1.3 -1.2
v -1.2 1.7 -1.2
v -1.2 1.9 -1.2
v -1.2 2 -1.2
v -1.1 -2 -1.2
v -1.1 -1.9 -1.2
v -1.1 -1.8 -1.2
v -1.1 -1.7 -1.2
v -1.1 -1.6 -1.2
v -1.1 -1.5 -1.2
v -1.1 -1.4 -1.2
v -1.1 -1.3 -1.2
v -1.1 -1.2 -1.2
v -1.1 -1.1 -1.2
v -1.1 1.1 -1.2
v -1.1 1.2 -1.2
v -1.1 1.3 -1.2
v -1.1 1.4 -1.2
v -1.1 1.6 -1.2
v -1.1 1.7 -1.2
v -1.1 1.8 -1.2
v -1.1 1.9 -1.2
v -1.1 2 -1.2
v -0.6 -2 -1.2
v -0.6 -1.8 -1.2
v -0.6 -1.7 -1.2
v -0.6 -1.6 -1.2
v -0.6 -1.5 -1.2
v -0.6 -1.4 -1.2
v -0.6 -1.3 -1.2
v -0.6 -1.2 -1.2
v -0.6 -1.1 -1.2
v -0.6 1.1 -1.2
v -0.6 1.2 -1.2
v -0.6 1.3 -1.2
v -0.6 1.4 -1.2
v -0.6 1.5 -1.2
v -0.6 1.6 -1.2
v -0.6 1.7 -1.2
v -0.6 1.8 -1.2
v -0.6 1.9 -1.2
v -0.6 2 -1.2
v -0.5 -1.8 -1.2
v -0.5 -1.7 -1.2
v -0.5 -1.4 -1.2
v -0.5 -1.3 -1.2
v -0.5 -1.2 -1.2
v -0.5 -1.1 -1.2
v -0.5 1.1 -1.2
v -0.5 1.2 -1.2
v -0.5 1.3 -1.2
v -0.5 1.4 -1.2
v -0.5 1.5 -1.2
v -0.5 1.8 -1.2
v -0.5 1.9 -1.2
v -0.5 2 -1.2
v -0.4 -2 -1.2
v -0.4 -1.9 -1.2
v -0.4 -1.8 -1.2
v -0.4 -1.7 -1.2
v -0.4 -1.6 -1.2
v -0.4 -1.5 -1.2
v -0.4 -1.4 -1.2
v -0.4 -1.3 -1.2
v -0.4 -1.2 -1.2
v -0.4 -1.1 -1.2
v -0.4 1.2 -1.2
v -0.4 1.3 -1.2
v -0.4 1.4 -1.2
v -0.4 1.5 -1.2
v -0.4 1.6 -1.2
v -0.4 1.7 -1.2
v -0.4 1.8 -1.2
v -0.3 -2 -1.2
v -0.3 -1.9 -1.2
v -0.3 -1.7 -1.2
v -0.3 -1.6 -1.2
v -0.3 -1.5 -1.2
v -0.3 -1.4 -1.2
v -0.3 -1.3 -1.2
v -0.3 -1.2 -1.2
v -0.3 -1.1 -1.2
v -0.3 1.3 -1.2
v -0.3 1.4 -1.2
v -0.3 1.5 -1.2
v -0.3 1.6 -1.2
v -0.3 1.7 -1.2
v -0.3 1.8 -1.2
v -0.3 1.9 -1.2
v -0.2 -2 -1.2
v -0.2 -1.9 -1.2
v -0.2 -1.7 -1.2
v -0.2 -1.6 -1.2
v -0.2 -1.5 -1.2
v -0.2 -1.4 -1.2
v -0.2 -1.3 -1.2
v -0.2 -1.2 -1.2
v -0.2 1.2 -1.2
v -0.2 1.3 -1.2
v -0.2 1.4 -1.2
v -0.2 1.5 -1.2
v -0.2 1.7 -1.2
v -0.2 1.8 -1.2
v -0.2 2 -1.2
v -0.1 -2 -1.2
v -0.1 -1.9 -1.2
v -0.1 -1.8 -1.2
v -0.1 -1.5 -1.2
v -0.1 -1.4 -1.2
v -0.1 -1.3 -1.2
v -0.1 -1.2 -1.2
v -0.1 -1.1 -1.2
v -0.1 1.2 -1.2
v -0.1 1.3 -1.2
v -0.1 1.4 -1.2
v -0.1 1.5 -1.2
v -0.1 1.6 -1.2
v -0.1 1.9 -1.2
v -0.1 2 -1.2
v 0 -1.7 -1.2
v 0 -1.6 -1.2
v 0 -1.4 -1.2
v 0 -1.3 -1.2
v 0 1.1 -1.2
v 0 1.2 -1.2
v 0 1.6 -1.2
v 0 1.7 -1.2
v 0 1.8 -1.2
v 0.0999999 -2 -1.2
v 0.0999999 -1.9 -1.2
v 0.0999999 -1.8 -1.2
v 0.0999999 -1.5 -1.2
v 0.0999999 -1.4 -1.2
v 0.0999999 -1.3 -1.2
v 0.0999999 -1.2 -1.2
v 0.0999999 1.1 -1.2
v 0.0999999 1.2 -1.2
v 0.0999999 1.3 -1.2
v 0.0999999 1.4 -1.2
v 0.0999999 1.5 -1.2
v 0.0999999 1.6 -1.2
v 0.0999999 1.7 -1.2
v 0.0999999 1.8 -1.2
v 0.0999999 1.9 -1.2
v 0.0999999 2 -1.2
v 0.2 -2 -1.2
v 0.2 -1.7 -1.2
v 0.2 -1.5 -1.2
v 0.2 -1.4 -1.2
v 0.2 -1.3 -1.2
v 0.2 1.1 -1.2
v 0.2 1.2 -1.2
v 0.2 1.3 -1.2
v 0.2 1.4 -1.2
v 0.2 1.5 -1.2
v 0.2 1.7 -1.2
v 0.2 1.8 -1.2
v 0.2 1.9 -1.2
v 0.2 2 -1.2
v 0.3 -1.9 -1.2
v 0.3 -1.7 -1.2
v 0.3 -1.6 -1.2
v 0.3 -1.5 -1.2
v 0.3 -1.4 -1.2
v 0.3 -1.3 -1.2
v 0.3 -1.2 -1.2
v 0.3 -1.1 -1.2
v 0.3 1.1 -1.2
v 0.3 1.2 -1.2
v 0.3 1.5 -1.2
v 0.3 1.6 -1.2
v 0.3 1.7 -1.2
v 0.3 1.8 -1.2
v 0.4 -2 -1.2
v 0.4 -1.9 -1.2
v 0.4 -1.8 -1.2
v 0.4 -1.7 -1.2
v 0.4 -1.6 -1.2
v 0.4 -1.5 -1.2
v 0.4 -1.4 -1.2
v 0.4 -1.3 -1.2
v 0.4 -1.2 -1.2
v 0.4 1.2 -1.2
v 0.4 1.3 -1.2
v 0.4 1.4 -1.2
v 0.4 1.6 -1.2
v 0.4 1.8 -1.2
v 0.5 -1.4 -1.2
v 0.5 -1.3 -1.2
v 0.5 -1.2 -1.2
v 0.5 1.1 -1.2
v 0.5 1.2 -1.2
v 0.5 1.3 -1.2
v 0.5 1.4 -1.2
v 0.5 1.5 -1.2
v 0.5 1.6 -1.2
v 0.5 1.7 -1.2
v 0.5 1.8 -1.2
v 0.5 1.9 -1.2
v 0.6 -2 -1.2
v 0.6 -1.8 -1.2
v 0.6 -1.7 -1.2
v 0.6 -1.6 -1.2
v 0.6 -1.5 -1.2
v 0.6 -1.4 -1.2
v 0.6 -1.3 -1.2
v 0.6 -1.2 -1.2
v 0.6 -1.1 -1.2
v 0.6 1.1 -1.2
v 0.6 1.2 -1.2
v 0.6 1.3 -1.2
v 0.6 1.4 -1.2
v 0.6 1.5 -1.2
v 0.6 1.6 -1.2
v 0.6 1.7 -1.2
v 0.6 1.8 -1.2
v 0.6 2 -1.2
v 1.1 -2 -1.2
v 1.1 -1.9 -1.2
v 1.1 -1.8 -1.2
v 1.1 -1.7 -1.2
v 1.1 -1.6 -1.2
v 1.1 -1.3 -1.2
v 1.1 -1.2 -1.2
v 1.1 -1.1 -1.2
v 1.1 1.1 -1.2
v 1.1 1.2 -1.2
v 1.1 1.3 -1.2
v 1.1 1.4 -1.2
v 1.1 1.5 -1.2
v 1.1 1.6 -1.2
v 1.1 1.7 -1.2
v 1.1 1.8 -1.2
v 1.1 1.9 -1.2
v 1.1 2 -1.2
v 1.2 -2 -1.2
v 1.2 -1.8 -1.2
v 1.2 -1.7 -1.2
v 1.2 -1.6 -1.2
v 1.2 -1.3 -1.2
v 1.2 -1.2 -1.2
v 1.2 -1.1 -1.2
v 1.2 1.1 -1.2
v 1.2 1.2 -1.2
v 1.2 1.3 -1.2
v 1.2 1.6 -1.2
v 1.2 1.7 -1.2
v 1.2 1.8 -1.2
v 1.2 2 -1.2
v -1.1 -2 -1.3
v -1.1 -1.9 -1.3
v -1.1 -1.8 -1.3
v -1.1 -1.7 -1.3
v -1.1 -1.6 -1.3
v -1.1 -1.5 -1.3
v -1.1 -1.3 -1.3
v -1.1 -1.2 -1.3
v -1.1 -1.1 -1.3
v -1.1 1.1 -1.3
v -1.1 1.2 -1.3
v -1.1 1.4 -1.3
v -1.1 1.6 -1.3
v -1.1 1.7 -1.3
v -1.1 1.8 -1.3
v -1.1 1.9 -1.3
v -1.1 2 -1.3
v -1 -1.9 -1.3
v -1 -1.8 -1.3
v -1 -1.7 -1.3
v -1 -1.6 -1.3
v -1 -1.5 -1.3
v -1 -1.4 -1.3
v -1 -1.2 -1.3
v -1 -1.1 -1.3
v -1 1.1 -1.3
v -1 1.2 -1.3
v -1 1.3 -1.3
v -1 1.4 -1.3
v -1 1.5 -1.3
v -1 1.6 -1.3
v -1 1.7 -1.3
v -1 1.8 -1.3
v -1 1.9 -1.3
v -0.9 -1.5 -1.3
v -0.9 -1.4 -1.3
v -0.9 -1.3 -1.3
v -0.9 1.3 -1.3
v -0.9 1.4 -1.3
v -0.9 1.5 -1.3
v -0.9 1.6 -1.3
v -0.9 1.8 -1.3
v -0.9 1.9 -1.3
v -0.8 -2 -1.3
v -0.8 -1.9 -1.3
v -0.8 -1.7 -1.3
v -0.8 -1.6 -1.3
v -0.8 -1.5 -1.3
v -0.8 -1.4 -1.3
v -0.8 -1.3 -1.3
v -0.8 -1.2 -1.3
v -0.8 -1.1 -1.3
v -0.8 1.2 -1.3
v -0.8 1.3 -1.3
v -0.8 1.4 -1.3
v -0.8 1.7 -1.3
v -0.8 1.8 -1.3
v -0.8 1.9 -1.3
v -0.8 2 -1.3
v -0.7 -2 -1.3
v -0.7 -1.9 -1.3
v -0.7 -1.8 -1.3
v -0.7 -1.7 -1.3
v -0.7 -1.6 -1.3
v -0.7 -1.5 -1.3
v -0.7 -1.4 -1.3
v -0.7 -1.3 -1.3
v -0.7 -1.2 -1.3
v -0.7 -1.1 -1.3
v -0.7 1.2 -1.3
v -0.7 1.3 -1.3
v -0.7 1.4 -1.3
v -0.7 1.5 -1.3
v -0.7 1.6 -1.3
v -0.7 1.7 -1.3
v -0.7 1.8 -1.3
v -0.7 1.9 -1.3
v -0.7 2 -1.3
v -0.6 -2 -1.3
v -0.6 -1.8 -1.3
v -0.6 -1.7 -1.3
v -0.6 -1.6 -1.3
v -0.6 -1.5 -1.3
v -0.6 -1.4 -1.3
v -0.6 -1.3 -1.3
v -0.6 -1.2 -1.3
v -0.6 -1.1 -1.3
v -0.6 1.1 -1.3
v -0.6 1.2 -1.3
v -0.6 1.3 -1.3
v -0.6 1.4 -1.3
v -0.6 1.5 -1.3
v -0.6 1.6 -1.3
v -0.6 1.7 -1.3
v -0.6 1.8 -1.3
v -0.6 1.9 -1.3
v -0.6 2 -1.3
v 0.6 -2 -1.3
v 0.6 -1.8 -1.3
v 0.6 -1.7 -1.3
v 0.6 -1.6 -1.3
v 0.6 -1.5 -1.3
v 0.6 -1.4 -1.3
v 0.6 -1.3 -1.3
v 0.6 -1.2 -1.3
v 0.6 -1.1 -1.3
v 0.6 1.1 -1.3
v 0.6 1.2 -1.3
v 0.6 1.3 -1.3
v 0.6 1.5 -1.3
v 0.6 1.6 -1.3
v 0.6 1.7 -1.3
v 0.6 1.8 -1.3
v 0.6 2 -1.3
v 0.7 -1.9 -1.3
v 0.7 -1.8 -1.3
v 0.7 -1.7 -1.3
v 0.7 -1.6 -1.3
v 0.7 -1.5 -1.3
v 0.7 -1.4 -1.3
v 0.7 -1.3 -1.3
v 0.7 1.1 -1.3
v 0.7 1.2 -1.3
v 0.7 1.4 -1.3
v 0.7 1.5 -1.3
v 0.7 1.6 -1.3
v 0.7 1.7 -1.3
v 0.7 1.8 -1.3
v 0.7 1.9 -1.3
v 0.7 2 -1.3
v 0.8 -1.8 -1.3
v 0.8 -1.6 -1.3
v 0.8 -1.4 -1.3
v 0.8 -1.3 -1.3
v 0.8 -1.2 -1.3
v 0.8 1.2 -1.3
v 0.8 1.3 -1.3
v 0.8 1.4 -1.3
v 0.8 1.5 -1.3
v 0.8 1.6 -1.3
v 0.8 1.7 -1.3
v 0.8 1.9 -1.3
v 0.8 2 -1.3
v 0.9 -2 -1.3
v 0.9 -1.9 -1.3
v 0.9 -1.8 -1.3
v 0.9 -1.6 -1.3
v 0.9 -1.5 -1.3
v 0.9 -1.4 -1.3
v 0.9 -1.3 -1.3
v 0.9 1.3 -1.3
v 0.9 1.4 -1.3
v 0.9 1.5 -1.3
v 0.9 1.6 -1.3
v 0.9 1.7 -1.3
v 0.9 1.8 -1.3
v 1 -1.9 -1.3
v 1 -1.8 -1.3
v 1 -1.7 -1.3
v 1 -1.6 -1.3
v 1 -1.5 -1.3
v 1 -1.4 -1.3
v 1 -1.3 -1.3
v 1 -1.2 -1.3
v 1 -1.1 -1.3
v 1 1.1 -1.3
v 1 1.2 -1.3
v 1 1.3 -1.3
v 1 1.4 -1.3
v 1 1.5 -1.3
v 1 1.6 -1.3
v 1 1.7 -1.3
v 1 1.8 -1.3
v 1 1.9 -1.3
v 1 2 -1.3
v 1.1 -2 -1.3
v 1.1 -1.9 -1.3
v 1.1 -1.8 -1.3
v 1.1 -1.7 -1.3
v 1.1 -1.6 -1.3
v 1.1 -1.2 -1.3
v 1.1 -1.1 -1.3
v 1.1 1.1 -1.3
v 1.1 1.2 -1.3
v 1.1 1.4 -1.3
v 1.1 1.5 -1.3
v 1.1 1.6 -1.3
v 1.1 1.7 -1.3
v 1.1 1.8 -1.3
v 1.1 1.9 -1.3
v 1.1 2 -1.3
v -1.1 -2 1.3
v -1 -2 1.3
v -0.9 -2 1.3
v -0.7 -2 1.3
v -0.6 -2 1.3
v 0.6 -2 1.3
v 0.7 -2 1.3
v 0.9 -2 1.3
v 1 -2 1.3
v 1.1 -2 1.3
v -1.2 -2 1.2
v -1.1 -2 1.2
v -1 -2 1.2
v -0.9 -2 1.2
v -0.7 -2 1.2
v -0.6 -2 1.2
v -0.4 -2 1.2
v -0.2 -2 1.2
v -0.1 -2 1.2
v 0.0999999 -2 1.2
v 0.2 -2 1.2
v 0.3 -2 1.2
v 0.5 -2 1.2
v 0.6 -2 1.2
v 0.7 -2 1.2
v 0.9 -2 1.2
v 1 -2 1.2
v 1.1 -2 1.2
v 1.2 -2 1.2
v -1.4 -2 1.1
v -1.2 -2 1.1
v -1.1 -2 1.1
v -1 -2 1.1
v -0.7 -2 1.1
v -0.4 -2 1.1
v -0.3 -2 1.1
v -0.2 -2 1.1
v -0.1 -2 1.1
v 0.0999999 -2 1.1
v 0.2 -2 1.1
v 0.3 -2 1.1
v 0.5 -2 1.1
v 0.6 -2 1.1
v 0.7 -2 1.1
v 1 -2 1.1
v 1.1 -2 1.1
v 1.2 -2 1.1
v 1.4 -2 1.1
v -1.5 -2 1
v -1.4 -2 1
v -1.3 -2 1
v -1.1 -2 1
v -0.3 -2 1
v -0.2 -2 1
v 0.2 -2 1
v 0.3 -2 1
v 1.1 -2 1
v 1.3 -2 1
v 1.4 -2 1
v 1.5 -2 1
v -1.6 -2 0.9
v -1.5 -2 0.9
v -1.4 -2 0.9
v -1.3 -2 0.9
v -0.3 -2 0.9
v -0.2 -2 0.9
v 0.2 -2 0.9
v 0.3 -2 0.9
v 1.3 -2 0.9
v 1.4 -2 0.9
v 1.5 -2 0.9
v 1.6 -2 0.9
v -1.6 -2 0.8
v -1.5 -2 0.8
v -1.4 -2 0.8
v 1.4 -2 0.8
v 1.5 -2 0.8
v 1.6 -2 0.8
v -1.7 -2 0.6
v -1.6 -2 0.6
v -1.5 -2 0.6
v -1 -2 0.6
v -0.9 -2 0.6
v -0.8 -2 0.6
v 0.8 -2 0.6
v 0.9 -2 0.6
v 1 -2 0.6
v 1.5 -2 0.6
v 1.6 -2 0.6
v 1.7 -2 0.6
v -1.7 -2 0.5
v -1.6 -2 0.5
v -1.5 -2 0.5
v -1.2 -2 0.5
v -1 -2 0.5
v -0.9 -2 0.5
v -0.8 -2 0.5
v -0.7 -2 0.5
v -0.6 -2 0.5
v 0.6 -2 0.5
v 0.7 -2 0.5
v 0.8 -2 0.5
v 0.9 -2 0.5
v 1 -2 0.5
v 1.1 -2 0.5
v 1.2 -2 0.5
v 1.5 -2 0.5
v 1.6 -2 0.5
v -1.3 -2 0.4
v -1.2 -2 0.4
v -1.1 -2 0.4
v -1 -2 0.4
v -0.9 -2 0.4
v -0.8 -2 0.4
v -0.7 -2 0.4
v -0.6 -2 0.4
v -0.5 -2 0.4
v 0.5 -2 0.4
v 0.6 -2 0.4
v 0.7 -2 0.4
v 0.8 -2 0.4
v 0.9 -2 0.4
v 1 -2 0.4
v 1.1 -2 0.4
v 1.2 -2 0.4
v 1.3 -2 0.4
v 1.6 -2 0.4
v 1.7 -2 0.4
v -1.7 -2 0.3
v -1.6 -2 0.3
v -1.3 -2 0.3
v -1.2 -2 0.3
v -1.1 -2 0.3
v -0.7 -2 0.3
v -0.6 -2 0.3
v -0.5 -2 0.3
v -0.4 -2 0.3
v 0.4 -2 0.3
v 0.5 -2 0.3
v 0.6 -2 0.3
v 0.7 -2 0.3
v 1.1 -2 0.3
v 1.2 -2 0.3
v 1.3 -2 0.3
v 1.6 -2 0.3
v 1.7 -2 0.3
v -1.7 -2 0.2
v -1.6 -2 0.2
v -0.5 -2 0.2
v -0.4 -2 0.2
v -0.3 -2 0.2
v 0.3 -2 0.2
v 0.4 -2 0.2
v 0.5 -2 0.2
v -0.5 -2 0.0999999
v -0.4 -2 0.0999999
v -0.3 -2 0.0999999
v 0.3 -2 0.0999999
v 0.4 -2 0.0999999
v 0.5 -2 0.0999999
v -0.4 -2 0
v -0.3 -2 0
v 1.6 -2 0
v 1.7 -2 0
v -0.5 -2 -0.1
v -0.4 -2 -0.1
v -0.3 -2 -0.1
v 0.4 -2 -0.1
v 0.5 -2 -0.1
v 1.6 -2 -0.1
v 1.7 -2 -0.1
v -0.4 -2 -0.2
v -0.3 -2 -0.2
v 0.3 -2 -0.2
v 0.4 -2 -0.2
v -1.7 -2 -0.3
v -1.6 -2 -0.3
v -1.3 -2 -0.3
v -1.2 -2 -0.3
v -1.1 -2 -0.3
v -0.7 -2 -0.3
v -0.6 -2 -0.3
v -0.5 -2 -0.3
v -0.4 -2 -0.3
v 0.4 -2 -0.3
v 0.5 -2 -0.3
v 0.6 -2 -0.3
v 0.7 -2 -0.3
v 1.1 -2 -0.3
v 1.2 -2 -0.3
v 1.3 -2 -0.3
v 1.6 -2 -0.3
v 1.7 -2 -0.3
v -1.3 -2 -0.4
v -1.2 -2 -0.4
v -1.1 -2 -0.4
v -1 -2 -0.4
v -0.9 -2 -0.4
v -0.8 -2 -0.4
v -0.7 -2 -0.4
v -0.6 -2 -0.4
v -0.5 -2 -0.4
v 0.5 -2 -0.4
v 0.6 -2 -0.4
v 0.7 -2 -0.4
v 0.8 -2 -0.4
v 0.9 -2 -0.4
v 1 -2 -0.4
v 1.1 -2 -0.4
v 1.2 -2 -0.4
v 1.3 -2 -0.4
v -1.6 -2 -0.5
v -1.5 -2 -0.5
v -1.2 -2 -0.5
v -1 -2 -0.5
v -0.9 -2 -0.5
v -0.8 -2 -0.5
v -0.7 -2 -0.5
v -0.6 -2 -0.5
v 0.6 -2 -0.5
v 0.7 -2 -0.5
v 0.8 -2 -0.5
v 0.9 -2 -0.5
v 1 -2 -0.5
v 1.2 -2 -0.5
v 1.5 -2 -0.5
v 1.6 -2 -0.5
v 1.7 -2 -0.5
v -1.7 -2 -0.6
v -1.6 -2 -0.6
v -1.5 -2 -0.6
v -1 -2 -0.6
v -0.9 -2 -0.6
v -0.8 -2 -0.6
v 0.8 -2 -0.6
v 0.9 -2 -0.6
v 1 -2 -0.6
v 1.5 -2 -0.6
v 1.6 -2 -0.6
v 1.7 -2 -0.6
v 1.5 -2 -0.7
v 1.6 -2 -0.7
v -1.6 -2 -0.8
v -1.5 -2 -0.8
v -1.4 -2 -0.8
v 1.4 -2 -0.8
v 1.5 -2 -0.8
v 1.6 -2 -0.8
v -1.6 -2 -0.9
v -1.5 -2 -0.9
v -1.4 -2 -0.9
v -1.3 -2 -0.9
v -0.3 -2 -0.9
v -0.2 -2 -0.9
v 0.2 -2 -0.9
v 0.3 -2 -0.9
v 1.3 -2 -0.9
v 1.4 -2 -0.9
v 1.5 -2 -0.9
v 1.6 -2 -0.9
v -1.5 -2 -1
v -1.4 -2 -1
v -1.3 -2 -1
v -1.2 -2 -1
v -1.1 -2 -1
v -0.3 -2 -1
v -0.2 -2 -1
v 0.2 -2 -1
v 0.3 -2 -1
v 1.1 -2 -1
v 1.2 -2 -1
v 1.3 -2 -1
v 1.4 -2 -1
v 1.5 -2 -1
v -1.4 -2 -1.1
v -1.2 -2 -1.1
v -1.1 -2 -1.1
v -1 -2 -1.1
v -0.7 -2 -1.1
v -0.6 -2 -1.1
v -0.4 -2 -1.1
v -0.3 -2 -1.1
v -0.2 -2 -1.1
v -0.1 -2 -1.1
v 0.0999999 -2 -1.1
v 0.2 -2 -1.1
v 0.3 -2 -1.1
v 0.4 -2 -1.1
v 0.6 -2 -1.1
v 0.7 -2 -1.1
v 1 -2 -1.1
v 1.1 -2 -1.1
v 1.2 -2 -1.1
v 1.4 -2 -1.1
v -1.2 -2 -1.2
v -1.1 -2 -1.2
v -1 -2 -1.2
v -0.8 -2 -1.2
v -0.7 -2 -1.2
v -0.6 -2 -1.2
v -0.4 -2 -1.2
v -0.3 -2 -1.2
v -0.2 -2 -1.2
v -0.1 -2 -1.2
v 0.0999999 -2 -1.2
v 0.2 -2 -1.2
v 0.4 -2 -1.2
v 0.6 -2 -1.2
v 0.7 -2 -1.2
v 0.9 -2 -1.2
v 1 -2 -1.2
v 1.1 -2 -1.2
v 1.2 -2 -1.2
v -1.1 -2 -1.3
v -0.8 -2 -1.3
v -0.7 -2 -1.3
v -0.6 -2 -1.3
v 0.6 -2 -1.3
v 0.9 -2 -1.3
v 1.1 -2 -1.3
v -0.3 -1.9 0.9
v -0.2 -1.9 0.9
v 0.2 -1.9 0.9
v 0.3 -1.9 0.9
v -0.3 -1.9 0.8
v -0.2 -1.9 0.8
v 0.2 -1.9 0.8
v 0.3 -1.9 0.8
v -0.3 -1.9 -0.8
v -0.2 -1.9 -0.8
v 0.2 -1.9 -0.8
v 0.3 -1.9 -0.8
v -0.3 -1.9 -0.9
v -0.2 -1.9 -0.9
v 0.2 -1.9 -0.9
v 0.3 -1.9 -0.9
v -0.3 -1.8 0.8
v -0.2 -1.8 0.8
v 0.2 -1.8 0.8
v 0.3 -1.8 0.8
v -0.3 -1.8 0.7
v -0.2 -1.8 0.7
v 0.2 -1.8 0.7
v 0.3 -1.8 0.7
v -0.3 -1.8 -0.7
v -0.2 -1.8 -0.7
v 0.2 -1.8 -0.7
v 0.3 -1.8 -0.7
v -0.3 -1.8 -0.8
v -0.2 -1.8 -0.8
v 0.2 -1.8 -0.8
v 0.3 -1.8 -0.8
v -0.3 -1.7 0.7
v -0.2 -1.7 0.7
v 0.2 -1.7 0.7
v 0.3 -1.7 0.7
v -0.3 -1.7 0.6
v -0.2 -1.7 0.6
v 0.2 -1.7 0.6
v 0.3 -1.7 0.6
v -0.3 -1.7 -0.6
v -0.2 -1.7 -0.6
v 0.2 -1.7 -0.6
v 0.3 -1.7 -0.6
v -0.3 -1.7 -0.7
v -0.2 -1.7 -0.7
v 0.2 -1.7 -0.7
v 0.3 -1.7 -0.7
v -0.3 -1.6 0.6
v -0.2 -1.6 0.6
v 0.2 -1.6 0.6
v 0.3 -1.6 0.6
v -0.3 -1.6 0.5
v -0.2 -1.6 0.5
v 0.2 -1.6 0.5
v 0.3 -1.6 0.5
v -0.3 -1.6 -0.5
v -0.2 -1.6 -0.5
v 0.2 -1.6 -0.5
v 0.3 -1.6 -0.5
v -0.3 -1.6 -0.6
v -0.2 -1.6 -0.6
v 0.2 -1.6 -0.6
v 0.3 -1.6 -0.6
v -0.3 -1.5 0.5
v -0.2 -1.5 0.5
v 0.2 -1.5 0.5
v 0.3 -1.5 0.5
v -0.3 -1.5 0.4
v -0.2 -1.5 0.4
v 0.2 -1.5 0.4
v 0.3 -1.5 0.4
v -0.3 -1.5 -0.4
v -0.2 -1.5 -0.4
v 0.2 -1.5 -0.4
v 0.3 -1.5 -0.4
v -0.3 -1.5 -0.5
v -0.2 -1.5 -0.5
v 0.2 -1.5 -0.5
v 0.3 -1.5 -0.5
v -0.3 -1.4 0.4
v -0.2 -1.4 0.4
v 0.2 -1.4 0.4
v 0.3 -1.4 0.4
v -0.3 -1.4 0.3
v -0.2 -1.4 0.3
v 0.2 -1.4 0.3
v 0.3 -1.4 0.3
v -0.3 -1.4 -0.3
v -0.2 -1.4 -0.3
v 0.2 -1.4 -0.3
v 0.3 -1.4 -0.3
v -0.3 -1.4 -0.4
v -0.2 -1.4 -0.4
v 0.2 -1.4 -0.4
v 0.3 -1.4 -0.4
v -0.3 -1.3 0.3
v -0.2 -1.3 0.3
v 0.2 -1.3 0.3
v 0.3 -1.3 0.3
v -0.3 -1.3 0.2
v -0.2 -1.3 0.2
v 0.2 -1.3 0.2
v 0.3 -1.3 0.2
v -0.3 -1.3 -0.2
v -0.2 -1.3 -0.2
v 0.2 -1.3 -0.2
v 0.3 -1.3 -0.2
v -0.3 -1.3 -0.3
v -0.2 -1.3 -0.3
v 0.2 -1.3 -0.3
v 0.3 -1.3 -0.3
v -0.3 -1.2 0.2
v -0.2 -1.2 0.2
v 0.2 -1.2 0.2
v 0.3 -1.2 0.2
v -0.3 -1.2 0.0999999
v -0.2 -1.2 0.0999999
v 0.2 -1.2 0.0999999
v 0.3 -1.2 0.0999999
v -0.3 -1.2 -0.1
v -0.2 -1.2 -0.1
v 0.2 -1.2 -0.1
v 0.3 -1.2 -0.1
v -0.3 -1.2 -0.2
v -0.2 -1.2 -0.2
v 0.2 -1.2 -0.2
v 0.3 -1.2 -0.2
v -0.3 -1.1 0.0999999
v -0.2 -1.1 0.0999999
v 0.2 -1.1 0.0999999
v 0.3 -1.1 0.0999999
v 0.2 -1.1 0
v 0.3 -1.1 0
v -0.3 -1.1 -0.1
v -0.2 -1.1 -0.1
v 0.2 -1.1 -0.1
v 0.3 -1.1 -0.1
v -0.4 -1 0.3
v -0.3 -1 0.3
v 0.3 -1 0.3
v 0.4 -1 0.3
v -0.5 -1 0.2
v -0.4 -1 0.2
v -0.3 -1 0.2
v 0.3 -1 0.2
v 0.4 -1 0.2
v 0.5 -1 0.2
v -0.4 -1 0.0999999
v -0.3 -1 0.0999999
v 0.3 -1 0.0999999
v 0.4 -1 0.0999999
v -0.5 -1 0
v -0.4 -1 0
v 0.3 -1 0
v -0.4 -1 -0.1
v -0.3 -1 -0.1
v 0.3 -1 -0.1
v 0.4 -1 -0.1
v 0.5 -1 -0.1
v -0.5 -1 -0.2
v -0.4 -1 -0.2
v -0.3 -1 -0.2
v 0.3 -1 -0.2
v 0.4 -1 -0.2
v 0.5 -1 -0.2
v -0.4 -1 -0.3
v -0.3 -1 -0.3
v 0.3 -1 -0.3
v 0.4 -1 -0.3
v -0.4 0.9 0.3
v -0.3 0.9 0.3
v 0.3 0.9 0.3
v 0.4 0.9 0.3
v -0.5 0.9 0.2
v -0.4 0.9 0.2
v -0.3 0.9 0.2
v 0.3 0.9 0.2
v 0.4 0.9 0.2
v 0.5 0.9 0.2
v -0.4 0.9 0.0999999
v -0.3 0.9 0.0999999
v -0.2 0.9 0.0999999
v 0.2 0.9 0.0999999
v 0.3 0.9 0.0999999
v 0.4 0.9 0.0999999
v 0.5 0.9 0.0999999
v -0.3 0.9 0
v -0.2 0.9 0
v -0.4 0.9 -0.1
v -0.3 0.9 -0.1
v -0.2 0.9 -0.1
v 0.2 0.9 -0.1
v 0.3 0.9 -0.1
v 0.4 0.9 -0.1
v -0.5 0.9 -0.2
v -0.4 0.9 -0.2
v -0.3 0.9 -0.2
v 0.3 0.9 -0.2
v 0.4 0.9 -0.2
v 0.5 0.9 -0.2
v -0.4 0.9 -0.3
v -0.3 0.9 -0.3
v 0.3 0.9 -0.3
v 0.4 0.9 -0.3
v -0.3 1 0.2
v -0.2 1 0.2
v 0.2 1 0.2
v 0.3 1 0.2
v -0.3 1 0.0999999
v -0.2 1 0.0999999
v 0.2 1 0.0999999
v 0.3 1 0.0999999
v -0.3 1 -0.1
v -0.2 1 -0.1
v 0.2 1 -0.1
v 0.3 1 -0.1
v -0.3 1 -0.2
v -0.2 1 -0.2
v 0.2 1 -0.2
v 0.3 1 -0.2
v -1.1 1.1 1.3
v -1 1.1 1.3
v -0.9 1.1 1.3
v -0.8 1.1 1.3
v -0.7 1.1 1.3
v -0.6 1.1 1.3
v 0.6 1.1 1.3
v 0.8 1.1 1.3
v 1 1.1 1.3
v 1.1 1.1 1.3
v -1.2 1.1 1.2
v -1.1 1.1 1.2
v -1 1.1 1.2
v -0.9 1.1 1.2
v -0.8 1.1 1.2
v -0.7 1.1 1.2
v -0.6 1.1 1.2
v -0.5 1.1 1.2
v -0.4 1.1 1.2
v -0.3 1.1 1.2
v -0.2 1.1 1.2
v 0 1.1 1.2
v 0.0999999 1.1 1.2
v 0.6 1.1 1.2
v 0.7 1.1 1.2
v 0.8 1.1 1.2
v 1 1.1 1.2
v 1.1 1.1 1.2
v 1.2 1.1 1.2
v -1.4 1.1 1.1
v -1.2 1.1 1.1
v -1.1 1.1 1.1
v -1 1.1 1.1
v -0.7 1.1 1.1
v -0.6 1.1 1.1
v -0.5 1.1 1.1
v -0.4 1.1 1.1
v -0.3 1.1 1.1
v -0.2 1.1 1.1
v 0 1.1 1.1
v 0.0999999 1.1 1.1
v 0.6 1.1 1.1
v 0.7 1.1 1.1
v 1 1.1 1.1
v 1.1 1.1 1.1
v 1.2 1.1 1.1
v 1.4 1.1 1.1
v -1.5 1.1 1
v -1.4 1.1 1
v -1.3 1.1 1
v -1.2 1.1 1
v -1.1 1.1 1
v 1.1 1.1 1
v 1.2 1.1 1
v 1.3 1.1 1
v 1.4 1.1 1
v 1.5 1.1 1
v -1.6 1.1 0.9
v -1.5 1.1 0.9
v -1.4 1.1 0.9
v -1.3 1.1 0.9
v 1.3 1.1 0.9
v 1.4 1.1 0.9
v 1.5 1.1 0.9
v 1.6 1.1 0.9
v -1.6 1.1 0.8
v -1.5 1.1 0.8
v -1.4 1.1 0.8
v 1.4 1.1 0.8
v 1.5 1.1 0.8
v 1.6 1.1 0.8
v -1.6 1.1 0.7
v -1.5 1.1 0.7
v 1.5 1.1 0.7
v 1.6 1.1 0.7
v -1.7 1.1 0.6
v -1.6 1.1 0.6
v -1.5 1.1 0.6
v 1.5 1.1 0.6
v 1.6 1.1 0.6
v 1.7 1.1 0.6
v -1.7 1.1 0.5
v -1.6 1.1 0.5
v -1.5 1.1 0.5
v 1.5 1.1 0.5
v 1.6 1.1 0.5
v 1.7 1.1 0.5
v 1.6 1.1 0.4
v 1.7 1.1 0.4
v -1.7 1.1 0.3
v -1.6 1.1 0.3
v -0.3 1.1 0.3
v -0.2 1.1 0.3
v 0.2 1.1 0.3
v 0.3 1.1 0.3
v 1.6 1.1 0.3
v 1.7 1.1 0.3
v -0.3 1.1 0.2
v -0.2 1.1 0.2
v 0.2 1.1 0.2
v 0.3 1.1 0.2
v 1.6 1.1 0.2
v 1.7 1.1 0.2
v -1.7 1.1 0.0999999
v -1.6 1.1 0.0999999
v 1.6 1.1 0.0999999
v 1.7 1.1 0.0999999
v -1.7 1.1 0
v -1.6 1.1 0
v 1.6 1.1 0
v 1.7 1.1 0
v -1.7 1.1 -0.1
v -1.6 1.1 -0.1
v 1.6 1.1 -0.1
v 1.7 1.1 -0.1
v -0.3 1.1 -0.2
v -0.2 1.1 -0.2
v 0.2 1.1 -0.2
v 0.3 1.1 -0.2
v 1.6 1.1 -0.2
v 1.7 1.1 -0.2
v -1.7 1.1 -0.3
v -1.6 1.1 -0.3
v -0.3 1.1 -0.3
v -0.2 1.1 -0.3
v 0.2 1.1 -0.3
v 0.3 1.1 -0.3
v 1.6 1.1 -0.3
v 1.7 1.1 -0.3
v -1.7 1.1 -0.4
v -1.6 1.1 -0.4
v -1.7 1.1 -0.5
v -1.6 1.1 -0.5
v -1.5 1.1 -0.5
v 1.5 1.1 -0.5
v 1.6 1.1 -0.5
v 1.7 1.1 -0.5
v -1.7 1.1 -0.6
v -1.6 1.1 -0.6
v -1.5 1.1 -0.6
v 1.5 1.1 -0.6
v 1.6 1.1 -0.6
v 1.7 1.1 -0.6
v -1.6 1.1 -0.7
v -1.5 1.1 -0.7
v 1.5 1.1 -0.7
v 1.6 1.1 -0.7
v -1.6 1.1 -0.8
v -1.5 1.1 -0.8
v -1.4 1.1 -0.8
v 1.4 1.1 -0.8
v 1.5 1.1 -0.8
v -1.6 1.1 -0.9
v -1.5 1.1 -0.9
v -1.4 1.1 -0.9
v -1.3 1.1 -0.9
v 1.3 1.1 -0.9
v 1.4 1.1 -0.9
v 1.5 1.1 -0.9
v 1.6 1.1 -0.9
v -1.5 1.1 -1
v -1.4 1.1 -1
v -1.3 1.1 -1
v -1.2 1.1 -1
v -1.1 1.1 -1
v 1.1 1.1 -1
v 1.2 1.1 -1
v 1.3 1.1 -1
v 1.4 1.1 -1
v 1.5 1.1 -1
v -1.4 1.1 -1.1
v -1.3 1.1 -1.1
v -1.2 1.1 -1.1
v -1.1 1.1 -1.1
v -1 1.1 -1.1
v -0.7 1.1 -1.1
v -0.6 1.1 -1.1
v -0.5 1.1 -1.1
v 0 1.1 -1.1
v 0.0999999 1.1 -1.1
v 0.2 1.1 -1.1
v 0.3 1.1 -1.1
v 0.5 1.1 -1.1
v 0.6 1.1 -1.1
v 0.7 1.1 -1.1
v 1 1.1 -1.1
v 1.1 1.1 -1.1
v 1.2 1.1 -1.1
v 1.4 1.1 -1.1
v -1.2 1.1 -1.2
v -1.1 1.1 -1.2
v -1 1.1 -1.2
v -0.7 1.1 -1.2
v -0.6 1.1 -1.2
v -0.5 1.1 -1.2
v 0 1.1 -1.2
v 0.0999999 1.1 -1.2
v 0.2 1.1 -1.2
v 0.3 1.1 -1.2
v 0.5 1.1 -1.2
v 0.6 1.1 -1.2
v 0.7 1.1 -1.2
v 1 1.1 -1.2
v 1.1 1.1 -1.2
v 1.2 1.1 -1.2
v -1.1 1.1 -1.3
v -1 1.1 -1.3
v -0.6 1.1 -1.3
v 0.6 1.1 -1.3
v 0.7 1.1 -1.3
v 1 1.1 -1.3
v 1.1 1.1 -1.3
v -0.3 1.2 0.4
v -0.2 1.2 0.4
v 0.2 1.2 0.4
v 0.3 1.2 0.4
v -0.3 1.2 0.3
v -0.2 1.2 0.3
v 0.2 1.2 0.3
v 0.3 1.2 0.3
v -0.3 1.2 -0.3
v -0.2 1.2 -0.3
v 0.2 1.2 -0.3
v 0.3 1.2 -0.3
v -0.3 1.2 -0.4
v -0.2 1.2 -0.4
v 0.2 1.2 -0.4
v 0.3 1.2 -0.4
v -0.3 1.3 0.5
v -0.2 1.3 0.5
v 0.2 1.3 0.5
v 0.3 1.3 0.5
v -0.3 1.3 0.4
v -0.2 1.3 0.4
v 0.2 1.3 0.4
v 0.3 1.3 0.4
v -0.3 1.3 -0.4
v -0.2 1.3 -0.4
v 0.2 1.3 -0.4
v 0.3 1.3 -0.4
v -0.3 1.3 -0.5
v -0.2 1.3 -0.5
v 0.2 1.3 -0.5
v 0.3 1.3 -0.5
v -0.3 1.4 0.6
v -0.2 1.4 0.6
v 0.2 1.4 0.6
v 0.3 1.4 0.6
v -0.3 1.4 0.5
v -0.2 1.4 0.5
v 0.2 1.4 0.5
v 0.3 1.4 0.5
v -0.3 1.4 -0.5
v -0.2 1.4 -0.5
v 0.2 1.4 -0.5
v 0.3 1.4 -0.5
v -0.3 1.4 -0.6
v -0.2 1.4 -0.6
v 0.2 1.4 -0.6
v 0.3 1.4 -0.6
v -0.3 1.5 0.7
v -0.2 1.5 0.7
v 0.2 1.5 0.7
v 0.3 1.5 0.7
v -0.3 1.5 0.6
v -0.2 1.5 0.6
v 0.2 1.5 0.6
v 0.3 1.5 0.6
v -0.3 1.5 -0.6
v -0.2 1.5 -0.6
v 0.2 1.5 -0.6
v 0.3 1.5 -0.6
v -0.3 1.5 -0.7
v -0.2 1.5 -0.7
v 0.2 1.5 -0.7
v 0.3 1.5 -0.7
v -0.3 1.6 0.8
v -0.2 1.6 0.8
v 0.2 1.6 0.8
v 0.3 1.6 0.8
v -0.3 1.6 0.7
v -0.2 1.6 0.7
v 0.2 1.6 0.7
v 0.3 1.6 0.7
v -0.3 1.6 -0.7
v -0.2 1.6 -0.7
v 0.2 1.6 -0.7
v 0.3 1.6 -0.7
v -0.3 1.6 -0.8
v -0.2 1.6 -0.8
v 0.2 1.6 -0.8
v 0.3 1.6 -0.8
v -0.3 1.7 0.9
v -0.2 1.7 0.9
v 0.2 1.7 0.9
v 0.3 1.7 0.9
v -0.3 1.7 0.8
v -0.2 1.7 0.8
v 0.2 1.7 0.8
v 0.3 1.7 0.8
v -1 1.7 0.6
v -0.8 1.7 0.6
v 0.8 1.7 0.6
v 1 1.7 0.6
v -1.2 1.7 0.5
v -1.1 1.7 0.5
v -1 1.7 0.5
v -0.9 1.7 0.5
v -0.8 1.7 0.5
v -0.7 1.7 0.5
v -0.6 1.7 0.5
v 0.6 1.7 0.5
v 0.7 1.7 0.5
v 0.8 1.7 0.5
v 0.9 1.7 0.5
v 1 1.7 0.5
v 1.1 1.7 0.5
v 1.2 1.7 0.5
v -1.3 1.7 0.4
v -1.2 1.7 0.4
v -1.1 1.7 0.4
v -1 1.7 0.4
v -0.9 1.7 0.4
v -0.8 1.7 0.4
v -0.7 1.7 0.4
v -0.6 1.7 0.4
v -0.5 1.7 0.4
v 0.5 1.7 0.4
v 0.6 1.7 0.4
v 0.7 1.7 0.4
v 0.9 1.7 0.4
v 1 1.7 0.4
v 1.1 1.7 0.4
v 1.2 1.7 0.4
v 1.3 1.7 0.4
v -1.3 1.7 0.3
v -1.2 1.7 0.3
v -1.1 1.7 0.3
v -0.7 1.7 0.3
v -0.6 1.7 0.3
v -0.5 1.7 0.3
v -0.4 1.7 0.3
v 0.4 1.7 0.3
v 0.5 1.7 0.3
v 0.6 1.7 0.3
v 0.7 1.7 0.3
v 1.1 1.7 0.3
v 1.2 1.7 0.3
v 1.3 1.7 0.3
v -0.5 1.7 0.2
v -0.4 1.7 0.2
v 0.4 1.7 0.2
v 0.5 1.7 0.2
v -0.5 1.7 0.0999999
v -0.4 1.7 0.0999999
v 0.4 1.7 0.0999999
v 0.5 1.7 0.0999999
v -0.5 1.7 -0.1
v -0.4 1.7 -0.1
v 0.4 1.7 -0.1
v 0.5 1.7 -0.1
v -0.5 1.7 -0.2
v -0.4 1.7 -0.2
v 0.4 1.7 -0.2
v 0.5 1.7 -0.2
v -1.3 1.7 -0.3
v -1.2 1.7 -0.3
v -1.1 1.7 -0.3
v -0.7 1.7 -0.3
v -0.6 1.7 -0.3
v -0.5 1.7 -0.3
v -0.4 1.7 -0.3
v 0.4 1.7 -0.3
v 0.5 1.7 -0.3
v 0.6 1.7 -0.3
v 0.7 1.7 -0.3
v 1.1 1.7 -0.3
v 1.2 1.7 -0.3
v 1.3 1.7 -0.3
v -1.3 1.7 -0.4
v -1.2 1.7 -0.4
v -1.1 1.7 -0.4
v -1 1.7 -0.4
v -0.9 1.7 -0.4
v -0.7 1.7 -0.4
v -0.6 1.7 -0.4
v -0.5 1.7 -0.4
v 0.5 1.7 -0.4
v 0.6 1.7 -0.4
v 0.7 1.7 -0.4
v 0.8 1.7 -0.4
v 1 1.7 -0.4
v 1.1 1.7 -0.4
v 1.2 1.7 -0.4
v 1.3 1.7 -0.4
v -1.2 1.7 -0.5
v -1.1 1.7 -0.5
v -1 1.7 -0.5
v -0.9 1.7 -0.5
v -0.8 1.7 -0.5
v -0.7 1.7 -0.5
v -0.6 1.7 -0.5
v 0.6 1.7 -0.5
v 0.7 1.7 -0.5
v 0.8 1.7 -0.5
v 0.9 1.7 -0.5
v 1 1.7 -0.5
v 1.1 1.7 -0.5
v 1.2 1.7 -0.5
v -1 1.7 -0.6
v -0.8 1.7 -0.6
v 0.8 1.7 -0.6
v 0.9 1.7 -0.6
v 1 1.7 -0.6
v -0.3 1.7 -0.8
v -0.2 1.7 -0.8
v 0.2 1.7 -0.8
v 0.3 1.7 -0.8
v -0.3 1.7 -0.9
v -0.2 1.7 -0.9
v 0.2 1.7 -0.9
v 0.3 1.7 -0.9
v -0.3 1.8 1
v -0.2 1.8 1
v 0.2 1.8 1
v 0.3 1.8 1
v -0.3 1.8 0.9
v -0.2 1.8 0.9
v 0.2 1.8 0.9
v 0.3 1.8 0.9
v -0.3 1.8 -0.9
v -0.2 1.8 -0.9
v 0.2 1.8 -0.9
v 0.3 1.8 -0.9
v -0.3 1.8 -1
v -0.2 1.8 -1
v 0.2 1.8 -1
v 0.3 1.8 -1
v -0.3 1.9 1.1
v -0.2 1.9 1.1
v 0.2 1.9 1.1
v 0.3 1.9 1.1
v -0.3 1.9 1
v -0.2 1.9 1
v 0.2 1.9 1
v 0.3 1.9 1
v -0.4 1.9 0.0999999
v -0.3 1.9 0.0999999
v 0.3 1.9 0.0999999
v 0.4 1.9 0.0999999
v 0.3 1.9 0
v 0.4 1.9 0
v -0.4 1.9 -0.1
v -0.3 1.9 -0.1
v 0.3 1.9 -0.1
v 0.4 1.9 -0.1
v -0.3 1.9 -1
v -0.2 1.9 -1
v 0.2 1.9 -1
v 0.3 1.9 -1
v -0.3 1.9 -1.1
v -0.2 1.9 -1.1
v 0.2 1.9 -1.1
v 0.3 1.9 -1.1
v -0.3 -1.9 1.1
v -0.2 -1.9 1.1
v 0.2 -1.9 1.1
v 0.3 -1.9 1.1
v -0.3 -1.9 1
v -0.2 -1.9 1
v 0.2 -1.9 1
v 0.3 -1.9 1
v -0.4 -1.9 0.0999999
v -0.3 -1.9 0.0999999
v 0.3 -1.9 0.0999999
v 0.4 -1.9 0.0999999
v -0.4 -1.9 0
v -0.3 -1.9 0
v -0.4 -1.9 -0.1
v -0.3 -1.9 -0.1
v 0.3 -1.9 -0.1
v 0.4 -1.9 -0.1
v -0.3 -1.9 -1
v -0.2 -1.9 -1
v 0.2 -1.9 -1
v 0.3 -1.9 -1
v -0.3 -1.9 -1.1
v -0.2 -1.9 -1.1
v 0.2 -1.9 -1.1
v 0.3 -1.9 -1.1
v -0.3 -1.8 1
v -0.2 -1.8 1
v 0.2 -1.8 1
v 0.3 -1.8 1
v -0.3 -1.8 0.9
v -0.2 -1.8 0.9
v 0.2 -1.8 0.9
v 0.3 -1.8 0.9
v -0.3 -1.8 -0.9
v -0.2 -1.8 -0.9
v 0.2 -1.8 -0.9
v 0.3 -1.8 -0.9
v -0.3 -1.8 -1
v -0.2 -1.8 -1
v 0.2 -1.8 -1
v 0.3 -1.8 -1
v -0.3 -1.7 0.9
v -0.2 -1.7 0.9
v 0.2 -1.7 0.9
v 0.3 -1.7 0.9
v -0.3 -1.7 0.8
v -0.2 -1.7 0.8
v 0.2 -1.7 0.8
v 0.3 -1.7 0.8
v -1 -1.7 0.6
v -0.9 -1.7 0.6
v -0.8 -1.7 0.6
v 0.8 -1.7 0.6
v 1 -1.7 0.6
v -1.2 -1.7 0.5
v -1.1 -1.7 0.5
v -1 -1.7 0.5
v -0.9 -1.7 0.5
v -0.8 -1.7 0.5
v -0.7 -1.7 0.5
v -0.6 -1.7 0.5
v 0.6 -1.7 0.5
v 0.7 -1.7 0.5
v 0.8 -1.7 0.5
v 1 -1.7 0.5
v 1.1 -1.7 0.5
v 1.2 -1.7 0.5
v -1.3 -1.7 0.4
v -1.2 -1.7 0.4
v -1.1 -1.7 0.4
v -1 -1.7 0.4
v -0.8 -1.7 0.4
v -0.7 -1.7 0.4
v -0.6 -1.7 0.4
v -0.5 -1.7 0.4
v 0.5 -1.7 0.4
v 0.6 -1.7 0.4
v 0.7 -1.7 0.4
v 0.8 -1.7 0.4
v 1 -1.7 0.4
v 1.1 -1.7 0.4
v 1.2 -1.7 0.4
v 1.3 -1.7 0.4
v -1.3 -1.7 0.3
v -1.2 -1.7 0.3
v -1.1 -1.7 0.3
v -0.7 -1.7 0.3
v -0.6 -1.7 0.3
v -0.5 -1.7 0.3
v -0.4 -1.7 0.3
v 0.4 -1.7 0.3
v 0.5 -1.7 0.3
v 0.6 -1.7 0.3
v 0.7 -1.7 0.3
v 1.1 -1.7 0.3
v 1.2 -1.7 0.3
v 1.3 -1.7 0.3
v -0.5 -1.7 0.2
v -0.4 -1.7 0.2
v 0.4 -1.7 0.2
v 0.5 -1.7 0.2
v -0.5 -1.7 0.0999999
v -0.4 -1.7 0.0999999
v 0.4 -1.7 0.0999999
v 0.5 -1.7 0.0999999
v -0.5 -1.7 -0.1
v -0.4 -1.7 -0.1
v 0.4 -1.7 -0.1
v 0.5 -1.7 -0.1
v -0.5 -1.7 -0.2
v -0.4 -1.7 -0.2
v 0.4 -1.7 -0.2
v 0.5 -1.7 -0.2
v -1.3 -1.7 -0.3
v -1.2 -1.7 -0.3
v -1.1 -1.7 -0.3
v -0.7 -1.7 -0.3
v -0.6 -1.7 -0.3
v -0.5 -1.7 -0.3
v -0.4 -1.7 -0.3
v 0.4 -1.7 -0.3
v 0.5 -1.7 -0.3
v 0.6 -1.7 -0.3
v 0.7 -1.7 -0.3
v 1.1 -1.7 -0.3
v 1.2 -1.7 -0.3
v 1.3 -1.7 -0.3
v -1.3 -1.7 -0.4
v -1.2 -1.7 -0.4
v -1.1 -1.7 -0.4
v -1 -1.7 -0.4
v -0.9 -1.7 -0.4
v -0.8 -1.7 -0.4
v -0.7 -1.7 -0.4
v -0.6 -1.7 -0.4
v -0.5 -1.7 -0.4
v 0.5 -1.7 -0.4
v 0.6 -1.7 -0.4
v 0.7 -1.7 -0.4
v 0.8 -1.7 -0.4
v 0.9 -1.7 -0.4
v 1 -1.7 -0.4
v 1.1 -1.7 -0.4
v 1.2 -1.7 -0.4
v 1.3 -1.7 -0.4
v -1.2 -1.7 -0.5
v -1.1 -1.7 -0.5
v -1 -1.7 -0.5
v -0.9 -1.7 -0.5
v -0.8 -1.7 -0.5
v -0.7 -1.7 -0.5
v -0.6 -1.7 -0.5
v 0.6 -1.7 -0.5
v 0.7 -1.7 -0.5
v 0.8 -1.7 -0.5
v 0.9 -1.7 -0.5
v 1 -1.7 -0.5
v 1.1 -1.7 -0.5
v 1.2 -1.7 -0.5
v -1 -1.7 -0.6
v -0.8 -1.7 -0.6
v 0.8 -1.7 -0.6
v 0.9 -1.7 -0.6
v 1 -1.7 -0.6
v -0.3 -1.7 -0.8
v -0.2 -1.7 -0.8
v 0.2 -1.7 -0.8
v 0.3 -1.7 -0.8
v -0.3 -1.7 -0.9
v -0.2 -1.7 -0.9
v 0.2 -1.7 -0.9
v 0.3 -1.7 -0.9
v -0.3 -1.6 0.8
v -0.2 -1.6 0.8
v 0.2 -1.6 0.8
v 0.3 -1.6 0.8
v -0.3 -1.6 0.7
v -0.2 -1.6 0.7
v 0.2 -1.6 0.7
v 0.3 -1.6 0.7
v -0.3 -1.6 -0.7
v -0.2 -1.6 -0.7
v 0.2 -1.6 -0.7
v 0.3 -1.6 -0.7
v -0.3 -1.6 -0.8
v -0.2 -1.6 -0.8
v 0.2 -1.6 -0.8
v 0.3 -1.6 -0.8
v -0.3 -1.5 0.7
v -0.2 -1.5 0.7
v 0.2 -1.5 0.7
v 0.3 -1.5 0.7
v -0.3 -1.5 0.6
v -0.2 -1.5 0.6
v 0.2 -1.5 0.6
v 0.3 -1.5 0.6
v -0.3 -1.5 -0.6
v -0.2 -1.5 -0.6
v 0.2 -1.5 -0.6
v 0.3 -1.5 -0.6
v -0.3 -1.5 -0.7
v -0.2 -1.5 -0.7
v 0.2 -1.5 -0.7
v 0.3 -1.5 -0.7
v -0.3 -1.4 0.6
v -0.2 -1.4 0.6
v 0.2 -1.4 0.6
v 0.3 -1.4 0.6
v -0.3 -1.4 0.5
v -0.2 -1.4 0.5
v 0.2 -1.4 0.5
v 0.3 -1.4 0.5
v -0.3 -1.4 -0.5
v -0.2 -1.4 -0.5
v 0.2 -1.4 -0.5
v 0.3 -1.4 -0.5
v -0.3 -1.4 -0.6
v -0.2 -1.4 -0.6
v 0.2 -1.4 -0.6
v 0.3 -1.4 -0.6
v -0.3 -1.3 0.5
v -0.2 -1.3 0.5
v 0.2 -1.3 0.5
v 0.3 -1.3 0.5
v -0.3 -1.3 0.4
v -0.2 -1.3 0.4
v 0.2 -1.3 0.4
v 0.3 -1.3 0.4
v -0.3 -1.3 -0.4
v -0.2 -1.3 -0.4
v 0.2 -1.3 -0.4
v 0.3 -1.3 -0.4
v -0.3 -1.3 -0.5
v -0.2 -1.3 -0.5
v 0.2 -1.3 -0.5
v 0.3 -1.3 -0.5
v -0.3 -1.2 0.4
v -0.2 -1.2 0.4
v 0.2 -1.2 0.4
v 0.3 -1.2 0.4
v -0.3 -1.2 0.3
v -0.2 -1.2 0.3
v 0.2 -1.2 0.3
v 0.3 -1.2 0.3
v -0.3 -1.2 -0.3
v -0.2 -1.2 -0.3
v 0.2 -1.2 -0.3
v 0.3 -1.2 -0.3
v -0.3 -1.2 -0.4
v -0.2 -1.2 -0.4
v 0.2 -1.2 -0.4
v 0.3 -1.2 -0.4
v -1.1 -1.1 1.3
v -1 -1.1 1.3
v -0.6 -1.1 1.3
v 0.6 -1.1 1.3
v 0.7 -1.1 1.3
v 0.8 -1.1 1.3
v 0.9 -1.1 1.3
v 1 -1.1 1.3
v 1.1 -1.1 1.3
v -1.2 -1.1 1.2
v -1.1 -1.1 1.2
v -1 -1.1 1.2
v -0.7 -1.1 1.2
v -0.6 -1.1 1.2
v -0.4 -1.1 1.2
v -0.2 -1.1 1.2
v -0.1 -1.1 1.2
v 0.2 -1.1 1.2
v 0.3 -1.1 1.2
v 0.6 -1.1 1.2
v 0.7 -1.1 1.2
v 0.8 -1.1 1.2
v 0.9 -1.1 1.2
v 1 -1.1 1.2
v 1.1 -1.1 1.2
v 1.2 -1.1 1.2
v -1.4 -1.1 1.1
v -1.3 -1.1 1.1
v -1.2 -1.1 1.1
v -1.1 -1.1 1.1
v -1 -1.1 1.1
v -0.7 -1.1 1.1
v -0.6 -1.1 1.1
v -0.4 -1.1 1.1
v -0.2 -1.1 1.1
v -0.1 -1.1 1.1
v 0.2 -1.1 1.1
v 0.3 -1.1 1.1
v 0.6 -1.1 1.1
v 0.7 -1.1 1.1
v 1 -1.1 1.1
v 1.1 -1.1 1.1
v 1.2 -1.1 1.1
v 1.3 -1.1 1.1
v 1.4 -1.1 1.1
v -1.5 -1.1 1
v -1.4 -1.1 1
v -1.3 -1.1 1
v -1.2 -1.1 1
v -1.1 -1.1 1
v 1.1 -1.1 1
v 1.2 -1.1 1
v 1.3 -1.1 1
v 1.4 -1.1 1
v 1.5 -1.1 1
v -1.6 -1.1 0.9
v -1.5 -1.1 0.9
v -1.4 -1.1 0.9
v -1.3 -1.1 0.9
v 1.3 -1.1 0.9
v 1.4 -1.1 0.9
v 1.5 -1.1 0.9
v 1.6 -1.1 0.9
v -1.6 -1.1 0.8
v -1.5 -1.1 0.8
v -1.4 -1.1 0.8
v 1.4 -1.1 0.8
v 1.5 -1.1 0.8
v 1.6 -1.1 0.8
v -1.6 -1.1 0.7
v -1.5 -1.1 0.7
v 1.5 -1.1 0.7
v 1.6 -1.1 0.7
v -1.7 -1.1 0.6
v -1.6 -1.1 0.6
v -1.5 -1.1 0.6
v 1.5 -1.1 0.6
v 1.6 -1.1 0.6
v 1.7 -1.1 0.6
v -1.7 -1.1 0.5
v -1.6 -1.1 0.5
v -1.5 -1.1 0.5
v 1.5 -1.1 0.5
v 1.6 -1.1 0.5
v 1.7 -1.1 0.5
v 1.6 -1.1 0.4
v 1.7 -1.1 0.4
v -1.7 -1.1 0.3
v -1.6 -1.1 0.3
v -0.3 -1.1 0.3
v -0.2 -1.1 0.3
v 0.2 -1.1 0.3
v 0.3 -1.1 0.3
v 1.6 -1.1 0.3
v 1.7 -1.1 0.3
v -0.3 -1.1 0.2
v -0.2 -1.1 0.2
v 0.2 -1.1 0.2
v 0.3 -1.1 0.2
v 1.6 -1.1 0.2
v 1.7 -1.1 0.2
v -1.7 -1.1 0.0999999
v -1.6 -1.1 0.0999999
v 1.6 -1.1 0.0999999
v 1.7 -1.1 0.0999999
v -1.7 -1.1 0
v -1.6 -1.1 0
v 1.6 -1.1 0
v 1.7 -1.1 0
v -1.7 -1.1 -0.1
v -1.6 -1.1 -0.1
v 1.6 -1.1 -0.1
v 1.7 -1.1 -0.1
v -0.3 -1.1 -0.2
v -0.2 -1.1 -0.2
v 0.2 -1.1 -0.2
v 0.3 -1.1 -0.2
v 1.6 -1.1 -0.2
v 1.7 -1.1 -0.2
v -1.7 -1.1 -0.3
v -1.6 -1.1 -0.3
v -0.3 -1.1 -0.3
v -0.2 -1.1 -0.3
v 0.2 -1.1 -0.3
v 0.3 -1.1 -0.3
v 1.6 -1.1 -0.3
v 1.7 -1.1 -0.3
v 1.6 -1.1 -0.4
v 1.7 -1.1 -0.4
v -1.7 -1.1 -0.5
v -1.6 -1.1 -0.5
v -1.5 -1.1 -0.5
v 1.5 -1.1 -0.5
v 1.6 -1.1 -0.5
v -1.7 -1.1 -0.6
v -1.6 -1.1 -0.6
v -1.5 -1.1 -0.6
v 1.5 -1.1 -0.6
v 1.6 -1.1 -0.6
v 1.7 -1.1 -0.6
v -1.6 -1.1 -0.7
v -1.5 -1.1 -0.7
v -1.6 -1.1 -0.8
v -1.5 -1.1 -0.8
v -1.4 -1.1 -0.8
v 1.4 -1.1 -0.8
v 1.5 -1.1 -0.8
v 1.6 -1.1 -0.8
v -1.6 -1.1 -0.9
v -1.5 -1.1 -0.9
v -1.4 -1.1 -0.9
v -1.3 -1.1 -0.9
v 1.3 -1.1 -0.9
v 1.4 -1.1 -0.9
v 1.5 -1.1 -0.9
v 1.6 -1.1 -0.9
v -1.5 -1.1 -1
v -1.4 -1.1 -1
v -1.3 -1.1 -1
v -1.2 -1.1 -1
v -1.1 -1.1 -1
v 1.1 -1.1 -1
v 1.2 -1.1 -1
v 1.3 -1.1 -1
v 1.4 -1.1 -1
v 1.5 -1.1 -1
v -1.4 -1.1 -1.1
v -1.3 -1.1 -1.1
v -1.2 -1.1 -1.1
v -1.1 -1.1 -1.1
v -1 -1.1 -1.1
v -0.7 -1.1 -1.1
v -0.6 -1.1 -1.1
v -0.5 -1.1 -1.1
v -0.4 -1.1 -1.1
v -0.3 -1.1 -1.1
v -0.1 -1.1 -1.1
v 0.3 -1.1 -1.1
v 0.6 -1.1 -1.1
v 0.7 -1.1 -1.1
v 1 -1.1 -1.1
v 1.1 -1.1 -1.1
v 1.2 -1.1 -1.1
v 1.3 -1.1 -1.1
v 1.4 -1.1 -1.1
v -1.2 -1.1 -1.2
v -1.1 -1.1 -1.2
v -1 -1.1 -1.2
v -0.8 -1.1 -1.2
v -0.7 -1.1 -1.2
v -0.6 -1.1 -1.2
v -0.5 -1.1 -1.2
v -0.4 -1.1 -1.2
v -0.3 -1.1 -1.2
v -0.1 -1.1 -1.2
v 0.3 -1.1 -1.2
v 0.6 -1.1 -1.2
v 0.7 -1.1 -1.2
v 1 -1.1 -1.2
v 1.1 -1.1 -1.2
v 1.2 -1.1 -1.2
v -1.1 -1.1 -1.3
v -1 -1.1 -1.3
v -0.8 -1.1 -1.3
v -0.7 -1.1 -1.3
v -0.6 -1.1 -1.3
v 0.6 -1.1 -1.3
v 1 -1.1 -1.3
v 1.1 -1.1 -1.3
v -0.3 -1 0.2
v -0.2 -1 0.2
v 0.2 -1 0.2
v 0.3 -1 0.2
v -0.3 -1 0.0999999
v -0.2 -1 0.0999999
v 0.2 -1 0.0999999
v 0.3 -1 0.0999999
v -0.3 -1 -0.1
v -0.2 -1 -0.1
v 0.2 -1 -0.1
v 0.3 -1 -0.1
v -0.3 -1 -0.2
v -0.2 -1 -0.2
v 0.2 -1 -0.2
v 0.3 -1 -0.2
v -0.4 -0.9 0.3
v -0.3 -0.9 0.3
v 0.3 -0.9 0.3
v 0.4 -0.9 0.3
v -0.5 -0.9 0.2
v -0.4 -0.9 0.2
v -0.3 -0.9 0.2
v 0.3 -0.9 0.2
v 0.4 -0.9 0.2
v 0.5 -0.9 0.2
v -0.4 -0.9 0.0999999
v -0.3 -0.9 0.0999999
v -0.2 -0.9 0.0999999
v 0.2 -0.9 0.0999999
v 0.3 -0.9 0.0999999
v 0.4 -0.9 0.0999999
v -0.5 -0.9 0
v -0.4 -0.9 0
v -0.3 -0.9 0
v -0.2 -0.9 0
v -0.4 -0.9 -0.1
v -0.3 -0.9 -0.1
v -0.2 -0.9 -0.1
v 0.2 -0.9 -0.1
v 0.3 -0.9 -0.1
v 0.4 -0.9 -0.1
v 0.5 -0.9 -0.1
v -0.5 -0.9 -0.2
v -0.4 -0.9 -0.2
v -0.3 -0.9 -0.2
v 0.3 -0.9 -0.2
v 0.4 -0.9 -0.2
v 0.5 -0.9 -0.2
v -0.4 -0.9 -0.3
v -0.3 -0.9 -0.3
v 0.3 -0.9 -0.3
v 0.4 -0.9 -0.3
v -0.4 1 0.3
v -0.3 1 0.3
v 0.3 1 0.3
v 0.4 1 0.3
v -0.5 1 0.2
v -0.4 1 0.2
v -0.3 1 0.2
v 0.3 1 0.2
v 0.4 1 0.2
v 0.5 1 0.2
v -0.4 1 0.0999999
v -0.3 1 0.0999999
v 0.3 1 0.0999999
v 0.4 1 0.0999999
v 0.5 1 0.0999999
v -0.3 1 0
v -0.4 1 -0.1
v -0.3 1 -0.1
v 0.3 1 -0.1
v 0.4 1 -0.1
v -0.5 1 -0.2
v -0.4 1 -0.2
v -0.3 1 -0.2
v 0.3 1 -0.2
v 0.4 1 -0.2
v 0.5 1 -0.2
v -0.4 1 -0.3
v -0.3 1 -0.3
v 0.3 1 -0.3
v 0.4 1 -0.3
v -0.3 1.1 0.0999999
v -0.2 1.1 0.0999999
v 0.2 1.1 0.0999999
v 0.3 1.1 0.0999999
v -0.3 1.1 0
v -0.2 1.1 0
v -0.3 1.1 -0.1
v -0.2 1.1 -0.1
v 0.2 1.1 -0.1
v 0.3 1.1 -0.1
v -0.3 1.2 0.2
v -0.2 1.2 0.2
v 0.2 1.2 0.2
v 0.3 1.2 0.2
v -0.3 1.2 0.0999999
v -0.2 1.2 0.0999999
v 0.2 1.2 0.0999999
v 0.3 1.2 0.0999999
v -0.3 1.2 -0.1
v -0.2 1.2 -0.1
v 0.2 1.2 -0.1
v 0.3 1.2 -0.1
v -0.3 1.2 -0.2
v -0.2 1.2 -0.2
v 0.2 1.2 -0.2
v 0.3 1.2 -0.2
v -0.3 1.3 0.3
v -0.2 1.3 0.3
v 0.2 1.3 0.3
v 0.3 1.3 0.3
v -0.3 1.3 0.2
v -0.2 1.3 0.2
v 0.2 1.3 0.2
v 0.3 1.3 0.2
v -0.3 1.3 -0.2
v -0.2 1.3 -0.2
v 0.2 1.3 -0.2
v 0.3 1.3 -0.2
v -0.3 1.3 -0.3
v -0.2 1.3 -0.3
v 0.2 1.3 -0.3
v 0.3 1.3 -0.3
v -0.3 1.4 0.4
v -0.2 1.4 0.4
v 0.2 1.4 0.4
v 0.3 1.4 0.4
v -0.3 1.4 0.3
v -0.2 1.4 0.3
v 0.2 1.4 0.3
v 0.3 1.4 0.3
v -0.3 1.4 -0.3
v -0.2 1.4 -0.3
v 0.2 1.4 -0.3
v 0.3 1.4 -0.3
v -0.3 1.4 -0.4
v -0.2 1.4 -0.4
v 0.2 1.4 -0.4
v 0.3 1.4 -0.4
v -0.3 1.5 0.5
v -0.2 1.5 0.5
v 0.2 1.5 0.5
v 0.3 1.5 0.5
v -0.3 1.5 0.4
v -0.2 1.5 0.4
v 0.2 1.5 0.4
v 0.3 1.5 0.4
v -0.3 1.5 -0.4
v -0.2 1.5 -0.4
v 0.2 1.5 -0.4
v 0.3 1.5 -0.4
v -0.3 1.5 -0.5
v -0.2 1.5 -0.5
v 0.2 1.5 -0.5
v 0.3 1.5 -0.5
v -0.3 1.6 0.6
v -0.2 1.6 0.6
v 0.2 1.6 0.6
v 0.3 1.6 0.6
v -0.3 1.6 0.5
v -0.2 1.6 0.5
v 0.2 1.6 0.5
v 0.3 1.6 0.5
v -0.3 1.6 -0.5
v -0.2 1.6 -0.5
v 0.2 1.6 -0.5
v 0.3 1.6 -0.5
v -0.3 1.6 -0.6
v -0.2 1.6 -0.6
v 0.2 1.6 -0.6
v 0.3 1.6 -0.6
v -0.3 1.7 0.7
v -0.2 1.7 0.7
v 0.2 1.7 0.7
v 0.3 1.7 0.7
v -0.3 1.7 0.6
v -0.2 1.7 0.6
v 0.2 1.7 0.6
v 0.3 1.7 0.6
v -0.3 1.7 -0.6
v -0.2 1.7 -0.6
v 0.2 1.7 -0.6
v 0.3 1.7 -0.6
v -0.3 1.7 -0.7
v -0.2 1.7 -0.7
v 0.2 1.7 -0.7
v 0.3 1.7 -0.7
v -0.3 1.8 0.8
v -0.2 1.8 0.8
v 0.2 1.8 0.8
v 0.3 1.8 0.8
v -0.3 1.8 0.7
v -0.2 1.8 0.7
v 0.2 1.8 0.7
v 0.3 1.8 0.7
v -0.3 1.8 -0.7
v -0.2 1.8 -0.7
v 0.2 1.8 -0.7
v 0.3 1.8 -0.7
v -0.3 1.8 -0.8
v -0.2 1.8 -0.8
v 0.2 1.8 -0.8
v 0.3 1.8 -0.8
v -0.3 1.9 0.9
v -0.2 1.9 0.9
v 0.2 1.9 0.9
v 0.3 1.9 0.9
v -0.3 1.9 0.8
v -0.2 1.9 0.8
v 0.2 1.9 0.8
v 0.3 1.9 0.8
v -0.3 1.9 -0.8
v -0.2 1.9 -0.8
v 0.2 1.9 -0.8
v 0.3 1.9 -0.8
v -0.3 1.9 -0.9
v -0.2 1.9 -0.9
v 0.2 1.9 -0.9
v 0.3 1.9 -0.9
v -1.1 2 1.3
v -0.7 2 1.3
v -0.6 2 1.3
v 0.6 2 1.3
v 0.8 2 1.3
v 1 2 1.3
v 1.1 2 1.3
v -1.2 2 1.2
v -1.1 2 1.2
v -1 2 1.2
v -0.7 2 1.2
v -0.6 2 1.2
v -0.4 2 1.2
v -0.3 2 1.2
v -0.2 2 1.2
v -0.1 2 1.2
v 0.0999999 2 1.2
v 0.2 2 1.2
v 0.3 2 1.2
v 0.4 2 1.2
v 0.6 2 1.2
v 0.7 2 1.2
v 0.8 2 1.2
v 1 2 1.2
v 1.1 2 1.2
v 1.2 2 1.2
v -1.4 2 1.1
v -1.3 2 1.1
v -1.2 2 1.1
v -1.1 2 1.1
v -1 2 1.1
v -0.7 2 1.1
v -0.4 2 1.1
v -0.3 2 1.1
v -0.2 2 1.1
v -0.1 2 1.1
v 0.0999999 2 1.1
v 0.2 2 1.1
v 0.3 2 1.1
v 0.4 2 1.1
v 0.6 2 1.1
v 0.7 2 1.1
v 1 2 1.1
v 1.1 2 1.1
v 1.2 2 1.1
v 1.3 2 1.1
v 1.4 2 1.1
v -1.5 2 1
v -1.4 2 1
v -1.3 2 1
v -1.1 2 1
v -0.3 2 1
v -0.2 2 1
v 0.2 2 1
v 0.3 2 1
v 1.1 2 1
v 1.3 2 1
v 1.4 2 1
v 1.5 2 1
v -1.6 2 0.9
v -1.5 2 0.9
v -1.4 2 0.9
v -1.3 2 0.9
v -0.3 2 0.9
v -0.2 2 0.9
v 0.2 2 0.9
v 0.3 2 0.9
v 1.3 2 0.9
v 1.4 2 0.9
v 1.5 2 0.9
v 1.6 2 0.9
v -1.6 2 0.8
v -1.5 2 0.8
v -1.4 2 0.8
v 1.4 2 0.8
v 1.5 2 0.8
v 1.6 2 0.8
v -1.6 2 0.7
v -1.5 2 0.7
v 1.5 2 0.7
v 1.6 2 0.7
v -1.7 2 0.6
v -1.6 2 0.6
v -1.5 2 0.6
v -1 2 0.6
v -0.9 2 0.6
v -0.8 2 0.6
v 0.8 2 0.6
v 0.9 2 0.6
v 1 2 0.6
v 1.5 2 0.6
v 1.6 2 0.6
v 1.7 2 0.6
v -1.6 2 0.5
v -1.5 2 0.5
v -1.2 2 0.5
v -1 2 0.5
v -0.9 2 0.5
v -0.8 2 0.5
v -0.7 2 0.5
v -0.6 2 0.5
v 0.6 2 0.5
v 0.8 2 0.5
v 0.9 2 0.5
v 1 2 0.5
v 1.2 2 0.5
v 1.5 2 0.5
v 1.6 2 0.5
v -1.3 2 0.4
v -1.2 2 0.4
v -1.1 2 0.4
v -1 2 0.4
v -0.9 2 0.4
v -0.8 2 0.4
v -0.7 2 0.4
v -0.6 2 0.4
v -0.5 2 0.4
v 0.5 2 0.4
v 0.6 2 0.4
v 0.7 2 0.4
v 0.8 2 0.4
v 1 2 0.4
v 1.1 2 0.4
v 1.2 2 0.4
v 1.3 2 0.4
v -1.7 2 0.3
v -1.6 2 0.3
v -1.3 2 0.3
v -1.1 2 0.3
v -0.7 2 0.3
v -0.6 2 0.3
v -0.5 2 0.3
v -0.4 2 0.3
v 0.4 2 0.3
v 0.5 2 0.3
v 0.6 2 0.3
v 0.7 2 0.3
v 1.1 2 0.3
v 1.3 2 0.3
v -0.5 2 0.2
v -0.4 2 0.2
v -0.3 2 0.2
v 0.3 2 0.2
v 0.4 2 0.2
v 0.5 2 0.2
v -1.7 2 0.0999999
v -1.6 2 0.0999999
v -0.5 2 0.0999999
v -0.4 2 0.0999999
v -0.3 2 0.0999999
v 0.3 2 0.0999999
v 0.4 2 0.0999999
v 0.5 2 0.0999999
v 1.6 2 0.0999999
v 1.7 2 0.0999999
v -1.7 2 0
v -1.6 2 0
v 0.3 2 0
v 0.4 2 0
v 1.6 2 0
v 1.7 2 0
v -0.5 2 -0.1
v -0.4 2 -0.1
v -0.3 2 -0.1
v 0.3 2 -0.1
v 0.4 2 -0.1
v 0.5 2 -0.1
v -1.7 2 -0.2
v -1.6 2 -0.2
v -0.5 2 -0.2
v -0.4 2 -0.2
v -0.3 2 -0.2
v 0.3 2 -0.2
v 0.4 2 -0.2
v 1.6 2 -0.2
v 1.7 2 -0.2
v -1.7 2 -0.3
v -1.6 2 -0.3
v -1.3 2 -0.3
v -1.1 2 -0.3
v -0.7 2 -0.3
v -0.6 2 -0.3
v -0.5 2 -0.3
v -0.4 2 -0.3
v 0.4 2 -0.3
v 0.5 2 -0.3
v 0.6 2 -0.3
v 0.7 2 -0.3
v 1.1 2 -0.3
v 1.2 2 -0.3
v 1.3 2 -0.3
v 1.6 2 -0.3
v 1.7 2 -0.3
v -1.7 2 -0.4
v -1.6 2 -0.4
v -1.3 2 -0.4
v -1.2 2 -0.4
v -1.1 2 -0.4
v -1 2 -0.4
v -0.8 2 -0.4
v -0.7 2 -0.4
v -0.6 2 -0.4
v -0.5 2 -0.4
v 0.5 2 -0.4
v 0.6 2 -0.4
v 0.7 2 -0.4
v 0.8 2 -0.4
v 1 2 -0.4
v 1.1 2 -0.4
v 1.2 2 -0.4
v 1.3 2 -0.4
v 1.6 2 -0.4
v 1.7 2 -0.4
v -1.6 2 -0.5
v -1.5 2 -0.5
v -1.2 2 -0.5
v -1 2 -0.5
v -0.9 2 -0.5
v -0.8 2 -0.5
v -0.7 2 -0.5
v -0.6 2 -0.5
v 0.6 2 -0.5
v 0.7 2 -0.5
v 0.8 2 -0.5
v 0.9 2 -0.5
v 1 2 -0.5
v 1.1 2 -0.5
v 1.2 2 -0.5
v 1.5 2 -0.5
v 1.6 2 -0.5
v 1.7 2 -0.5
v -1.7 2 -0.6
v -1.6 2 -0.6
v -1.5 2 -0.6
v -1 2 -0.6
v -0.9 2 -0.6
v -0.8 2 -0.6
v 0.8 2 -0.6
v 0.9 2 -0.6
v 1 2 -0.6
v 1.5 2 -0.6
v 1.6 2 -0.6
v 1.7 2 -0.6
v -1.6 2 -0.7
v -1.5 2 -0.7
v -1.6 2 -0.8
v -1.5 2 -0.8
v -1.4 2 -0.8
v 1.4 2 -0.8
v 1.5 2 -0.8
v 1.6 2 -0.8
v -1.6 2 -0.9
v -1.5 2 -0.9
v -1.4 2 -0.9
v -1.3 2 -0.9
v -0.3 2 -0.9
v -0.2 2 -0.9
v 0.2 2 -0.9
v 0.3 2 -0.9
v 1.3 2 -0.9
v 1.4 2 -0.9
v 1.5 2 -0.9
v 1.6 2 -0.9
v -1.5 2 -1
v -1.4 2 -1
v -1.3 2 -1
v -1.1 2 -1
v -0.3 2 -1
v -0.2 2 -1
v 0.2 2 -1
v 0.3 2 -1
v 1.1 2 -1
v 1.2 2 -1
v 1.3 2 -1
v 1.4 2 -1
v 1.5 2 -1
v -1.4 2 -1.1
v -1.2 2 -1.1
v -1.1 2 -1.1
v -1 2 -1.1
v -0.7 2 -1.1
v -0.5 2 -1.1
v -0.3 2 -1.1
v -0.2 2 -1.1
v -0.1 2 -1.1
v 0.0999999 2 -1.1
v 0.2 2 -1.1
v 0.3 2 -1.1
v 0.6 2 -1.1
v 0.7 2 -1.1
v 1 2 -1.1
v 1.1 2 -1.1
v 1.2 2 -1.1
v 1.3 2 -1.1
v 1.4 2 -1.1
v -1.2 2 -1.2
v -1.1 2 -1.2
v -1 2 -1.2
v -0.8 2 -1.2
v -0.7 2 -1.2
v -0.6 2 -1.2
v -0.5 2 -1.2
v -0.2 2 -1.2
v -0.1 2 -1.2
v 0.0999999 2 -1.2
v 0.2 2 -1.2
v 0.6 2 -1.2
v 0.7 2 -1.2
v 0.8 2 -1.2
v 1 2 -1.2
v 1.1 2 -1.2
v 1.2 2 -1.2
v -1.1 2 -1.3
v -0.8 2 -1.3
v -0.7 2 -1.3
v -0.6 2 -1.3
v 0.6 2 -1.3
v 0.7 2 -1.3
v 0.8 2 -1.3
v 1 2 -1.3
v 1.1 2 -1.3

# faces
f 7/3/1 2/3/1 1/3/1
f 8/2/1 3/2/1 2/2/1
f 8/3/1 2/3/1 7/3/1
f 9/3/1 4/3/1 3/3/1
f 9/2/1 3/2/1 8/2/1
f 10/2/1 5/2/1 4/2/1
f 10/3/1 4/3/1 9/3/1
f 11/2/1 5/2/1 10/2/1
f 12/2/1 5/2/1 11/2/1
f 13/2/1 5/2/1 12/2/1
f 14/2/1 5/2/1 13/2/1
f 15/3/1 6/3/1 5/3/1
f 15/2/1 5/2/1 14/2/1
f 16/3/1 6/3/1 15/3/1
f 17/3/1 6/3/1 16/3/1
f 18/3/1 6/3/1 17/3/1
f 19/1/1 8/1/1 7/1/1
f 20/4/1 9/4/1 8/4/1
f 20/1/1 8/1/1 19/1/1
f 21/4/1 9/4/1 20/4/1
f 22/5/1 10/5/1 9/5/1
f 22/2/1 11/2/1 10/2/1
f 23/3/1 12/3/1 11/3/1
f 23/2/1 11/2/1 22/2/1
f 24/2/1 13/2/1 12/2/1
f 24/3/1 12/3/1 23/3/1
f 25/3/1 14/3/1 13/3/1
f 25/2/1 13/2/1 24/2/1
f 26/4/1 15/4/1 14/4/1
f 26/3/1 14/3/1 25/3/1
f 27/5/1 16/5/1 15/5/1
f 27/4/1 15/4/1 26/4/1
f 28/1/1 17/1/1 16/1/1
f 28/5/1 16/5/1 27/5/1
f 29/4/1 18/4/1 17/4/1
f 29/1/1 17/1/1 28/1/1
f 30/4/1 18/4/1 29/4/1
f 31/3/1 21/3/1 20/3/1
f 31/3/1 20/3/1 19/3/1
f 32/3/1 21/3/1 31/3/1
f 33/4/1 9/4/1 21/4/1
f 33/3/1 21/3/1 32/3/1
f 34/5/1 22/5/1 9/5/1
f 34/4/1 9/4/1 33/4/1
f 35/3/1 23/3/1 22/3/1
f 35/5/1 22/5/1 34/5/1
f 36/2/1 24/2/1 23/2/1
f 36/2/1 25/2/1 24/2/1
f 36/2/1 26/2/1 25/2/1
f 37/1/1 27/1/1 26/1/1
f 37/2/1 26/2/1 36/2/1
f 38/4/1 28/4/1 27/4/1
f 38/1/1 27/1/1 37/1/1
f 39/3/1 29/3/1 28/3/1
f 39/4/1 28/4/1 38/4/1
f 40/2/1 30/2/1 29/2/1
f 40/3/1 29/3/1 39/3/1
f 41/2/1 30/2/1 40/2/1
f 42/4/1 32/4/1 31/4/1
f 43/2/1 33/2/1 32/2/1
f 43/4/1 32/4/1 42/4/1
f 44/1/1 34/1/1 33/1/1
f 44/2/1 33/2/1 43/2/1
f 44/1/1 35/1/1 34/1/1
f 45/1/1 35/1/1 44/1/1
f 46/3/1 23/3/1 35/3/1
f 46/2/1 36/2/1 23/2/1
f 47/2/1 36/2/1 46/2/1
f 48/3/1 37/3/1 36/3/1
f 48/2/1 36/2/1 47/2/1
f 49/4/1 38/4/1 37/4/1
f 49/3/1 37/3/1 48/3/1
f 50/5/1 39/5/1 38/5/1
f 50/4/1 38/4/1 49/4/1
f 51/5/1 41/5/1 40/5/1
f 51/2/1 40/2/1 39/2/1
f 52/5/1 41/5/1 51/5/1
f 53/2/1 43/2/1 42/2/1
f 54/3/1 44/3/1 43/3/1
f 54/2/1 43/2/1 53/2/1
f 55/5/1 45/5/1 44/5/1
f 55/3/1 44/3/1 54/3/1
f 56/1/1 35/1/1 45/1/1
f 56/5/1 45/5/1 55/5/1
f 57/3/1 47/3/1 46/3/1
f 57/1/1 35/1/1 56/1/1
f 57/3/1 46/3/1 35/3/1
f 58/2/1 49/2/1 48/2/1
f 58/3/1 47/3/1 57/3/1
f 58/2/1 48/2/1 47/2/1
f 59/5/1 39/5/1 50/5/1
f 59/1/1 50/1/1 49/1/1
f 60/2/1 51/2/1 39/2/1
f 60/5/1 39/5/1 59/5/1
f 61/3/1 52/3/1 51/3/1
f 61/2/1 51/2/1 60/2/1
f 62/3/1 52/3/1 61/3/1
f 63/2/1 55/2/1 54/2/1
f 63/3/1 54/3/1 53/3/1
f 64/1/1 56/1/1 55/1/1
f 64/2/1 55/2/1 63/2/1
f 64/1/1 57/1/1 56/1/1
f 65/1/1 57/1/1 64/1/1
f 66/2/1 58/2/1 57/2/1
f 66/1/1 57/1/1 65/1/1
f 67/2/1 58/2/1 66/2/1
f 68/2/1 49/2/1 58/2/1
f 68/2/1 58/2/1 67/2/1
f 69/2/1 49/2/1 68/2/1
f 70/1/1 59/1/1 49/1/1
f 70/2/1 49/2/1 69/2/1
f 70/1/1 60/1/1 59/1/1
f 71/1/1 60/1/1 70/1/1
f 72/2/1 62/2/1 61/2/1
f 72/1/1 60/1/1 71/1/1
f 72/2/1 61/2/1 60/2/1
f 73/2/1 62/2/1 72/2/1
f 74/3/1 63/3/1 53/3/1
f 75/5/1 64/5/1 63/5/1
f 75/3/1 63/3/1 74/3/1
f 76/3/1 65/3/1 64/3/1
f 76/5/1 64/5/1 75/5/1
f 77/1/1 66/1/1 65/1/1
f 77/3/1 65/3/1 76/3/1
f 78/5/1 67/5/1 66/5/1
f 78/1/1 66/1/1 77/1/1
f 79/3/1 68/3/1 67/3/1
f 79/5/1 67/5/1 78/5/1
f 80/2/1 69/2/1 68/2/1
f 80/3/1 68/3/1 79/3/1
f 81/1/1 71/1/1 70/1/1
f 81/2/1 69/2/1 80/2/1
f 81/1/1 70/1/1 69/1/1
f 82/1/1 71/1/1 81/1/1
f 83/2/1 72/2/1 71/2/1
f 83/1/1 71/1/1 82/1/1
f 84/4/1 73/4/1 72/4/1
f 84/2/1 72/2/1 83/2/1
f 85/2/1 62/2/1 73/2/1
f 85/4/1 73/4/1 84/4/1
f 86/2/1 62/2/1 85/2/1
f 87/2/1 75/2/1 74/2/1
f 88/1/1 76/1/1 75/1/1
f 88/2/1 75/2/1 87/2/1
f 89/3/1 77/3/1 76/3/1
f 89/1/1 76/1/1 88/1/1
f 89/3/1 78/3/1 77/3/1
f 90/3/1 78/3/1 89/3/1
f 91/4/1 79/4/1 78/4/1
f 91/3/1 78/3/1 90/3/1
f 92/1/1 80/1/1 79/1/1
f 92/4/1 79/4/1 91/4/1
f 92/1/1 81/1/1 80/1/1
f 93/1/1 81/1/1 92/1/1
f 94/4/1 82/4/1 81/4/1
f 94/1/1 81/1/1 93/1/1
f 95/2/1 84/2/1 83/2/1
f 95/4/1 82/4/1 94/4/1
f 95/2/1 83/2/1 82/2/1
f 96/2/1 84/2/1 95/2/1
f 97/5/1 85/5/1 84/5/1
f 97/2/1 84/2/1 96/2/1
f 98/3/1 86/3/1 85/3/1
f 98/5/1 85/5/1 97/5/1
f 99/3/1 86/3/1 98/3/1
f 100/4/1 88/4/1 87/4/1
f 101/5/1 90/5/1 89/5/1
f 101/4/1 88/4/1 100/4/1
f 101/5/1 89/5/1 88/5/1
f 102/3/1 91/3/1 90/3/1
f 102/5/1 90/5/1 101/5/1
f 102/3/1 92/3/1 91/3/1
f 103/1/1 93/1/1 92/1/1
f 103/3/1 92/3/1 102/3/1
f 104/5/1 94/5/1 93/5/1
f 104/1/1 93/1/1 103/1/1
f 105/2/1 96/2/1 95/2/1
f 105/5/1 94/5/1 104/5/1
f 105/2/1 95/2/1 94/2/1
f 106/1/1 98/1/1 97/1/1
f 106/2/1 96/2/1 105/2/1
f 106/1/1 97/1/1 96/1/1
f 107/4/1 99/4/1 98/4/1
f 107/1/1 98/1/1 106/1/1
f 108/4/1 99/4/1 107/4/1
f 119/5/1 110/5/1 109/5/1
f 120/1/1 111/1/1 110/1/1
f 120/5/1 110/5/1 119/5/1
f 121/1/1 111/1/1 120/1/1
f 122/2/1 112/2/1 111/2/1
f 122/1/1 111/1/1 121/1/1
f 123/2/1 112/2/1 122/2/1
f 124/5/1 113/5/1 112/5/1
f 124/2/1 112/2/1 123/2/1
f 125/1/1 114/1/1 113/1/1
f 125/5/1 113/5/1 124/5/1
f 126/3/1 115/3/1 114/3/1
f 126/1/1 114/1/1 125/1/1
f 127/3/1 115/3/1 126/3/1
f 128/1/1 116/1/1 115/1/1
f 128/3/1 115/3/1 127/3/1
f 129/4/1 117/4/1 116/4/1
f 129/1/1 116/1/1 128/1/1
f 130/1/1 118/1/1 117/1/1
f 130/4/1 117/4/1 129/4/1
f 131/1/1 118/1/1 130/1/1
f 132/2/1 120/2/1 119/2/1
f 133/1/1 121/1/1 120/1/1
f 133/2/1 120/2/1 132/2/1
f 134/3/1 122/3/1 121/3/1
f 134/1/1 121/1/1 133/1/1
f 135/2/1 123/2/1 122/2/1
f 135/3/1 122/3/1 134/3/1
f 136/5/1 124/5/1 123/5/1
f 136/2/1 123/2/1 135/2/1
f 137/4/1 125/4/1 124/4/1
f 137/5/1 124/5/1 136/5/1
f 138/1/1 126/1/1 125/1/1
f 138/4/1 125/4/1 137/4/1
f 139/5/1 127/5/1 126/5/1
f 139/1/1 126/1/1 138/1/1
f 140/3/1 128/3/1 127/3/1
f 140/5/1 127/5/1 139/5/1
f 141/2/1 129/2/1 128/2/1
f 141/3/1 128/3/1 140/3/1
f 142/5/1 130/5/1 129/5/1
f 142/2/1 129/2/1 141/2/1
f 143/3/1 131/3/1 130/3/1
f 143/5/1 130/5/1 142/5/1
f 144/5/1 134/5/1 133/5/1
f 144/3/1 133/3/1 132/3/1
f 145/3/1 135/3/1 134/3/1
f 145/5/1 134/5/1 144/5/1
f 146/5/1 136/5/1 135/5/1
f 146/3/1 135/3/1 145/3/1
f 146/5/1 137/5/1 136/5/1
f 147/5/1 137/5/1 146/5/1
f 148/2/1 138/2/1 137/2/1
f 148/5/1 137/5/1 147/5/1
f 148/2/1 139/2/1 138/2/1
f 149/2/1 139/2/1 148/2/1
f 150/5/1 140/5/1 139/5/1
f 150/2/1 139/2/1 149/2/1
f 150/5/1 141/5/1 140/5/1
f 151/5/1 141/5/1 150/5/1
f 152/3/1 142/3/1 141/3/1
f 152/5/1 141/5/1 151/5/1
f 153/4/1 143/4/1 142/4/1
f 153/3/1 142/3/1 152/3/1
f 154/3/1 131/3/1 143/3/1
f 154/4/1 143/4/1 153/4/1
f 155/3/1 144/3/1 132/3/1
f 155/2/1 145/2/1 144/2/1
f 156/1/1 147/1/1 146/1/1
f 156/2/1 145/2/1 155/2/1
f 156/1/1 146/1/1 145/1/1
f 157/1/1 147/1/1 156/1/1
f 158/2/1 149/2/1 148/2/1
f 158/1/1 147/1/1 157/1/1
f 158/2/1 148/2/1 147/2/1
f 159/3/1 150/3/1 149/3/1
f 159/2/1 149/2/1 158/2/1
f 160/4/1 152/4/1 151/4/1
f 160/2/1 151/2/1 150/2/1
f 161/5/1 153/5/1 152/5/1
f 161/4/1 152/4/1 160/4/1
f 162/2/1 154/2/1 153/2/1
f 162/5/1 153/5/1 161/5/1
f 163/3/1 155/3/1 132/3/1
f 163/3/1 156/3/1 155/3/1
f 164/3/1 156/3/1 163/3/1
f 165/5/1 157/5/1 156/5/1
f 165/3/1 156/3/1 164/3/1
f 166/1/1 158/1/1 157/1/1
f 166/5/1 157/5/1 165/5/1
f 167/3/1 159/3/1 158/3/1
f 167/1/1 158/1/1 166/1/1
f 168/3/1 159/3/1 167/3/1
f 169/3/1 150/3/1 159/3/1
f 169/3/1 159/3/1 168/3/1
f 170/2/1 160/2/1 150/2/1
f 170/3/1 150/3/1 169/3/1
f 171/5/1 161/5/1 160/5/1
f 171/2/1 160/2/1 170/2/1
f 172/2/1 154/2/1 162/2/1
f 172/4/1 162/4/1 161/4/1
f 173/3/1 131/3/1 154/3/1
f 173/2/1 154/2/1 172/2/1
f 174/3/1 131/3/1 173/3/1
f 175/4/1 164/4/1 163/4/1
f 176/2/1 165/2/1 164/2/1
f 176/4/1 164/4/1 175/4/1
f 177/1/1 166/1/1 165/1/1
f 177/2/1 165/2/1 176/2/1
f 177/1/1 167/1/1 166/1/1
f 178/1/1 167/1/1 177/1/1
f 179/2/1 168/2/1 167/2/1
f 179/1/1 167/1/1 178/1/1
f 180/3/1 169/3/1 168/3/1
f 180/2/1 168/2/1 179/2/1
f 181/2/1 170/2/1 169/2/1
f 181/3/1 169/3/1 180/3/1
f 182/3/1 171/3/1 170/3/1
f 182/2/1 170/2/1 181/2/1
f 183/5/1 161/5/1 171/5/1
f 183/3/1 171/3/1 182/3/1
f 184/4/1 172/4/1 161/4/1
f 184/5/1 161/5/1 183/5/1
f 185/3/1 173/3/1 172/3/1
f 185/4/1 172/4/1 184/4/1
f 186/4/1 174/4/1 173/4/1
f 186/3/1 173/3/1 185/3/1
f 187/4/1 174/4/1 186/4/1
f 188/3/1 176/3/1 175/3/1
f 188/3/1 177/3/1 176/3/1
f 189/3/1 177/3/1 188/3/1
f 190/4/1 178/4/1 177/4/1
f 190/3/1 177/3/1 189/3/1
f 191/1/1 179/1/1 178/1/1
f 191/4/1 178/4/1 190/4/1
f 192/3/1 180/3/1 179/3/1
f 192/1/1 179/1/1 191/1/1
f 192/3/1 182/3/1 181/3/1
f 192/3/1 181/3/1 180/3/1
f 193/3/1 182/3/1 192/3/1
f 194/2/1 183/2/1 182/2/1
f 194/3/1 182/3/1 193/3/1
f 195/5/1 185/5/1 184/5/1
f 195/2/1 183/2/1 194/2/1
f 195/5/1 184/5/1 183/5/1
f 196/5/1 185/5/1 195/5/1
f 197/2/1 186/2/1 185/2/1
f 197/5/1 185/5/1 196/5/1
f 198/3/1 187/3/1 186/3/1
f 198/2/1 186/2/1 197/2/1
f 199/3/1 187/3/1 198/3/1
f 200/1/1 189/1/1 188/1/1
f 201/5/1 190/5/1 189/5/1
f 201/1/1 189/1/1 200/1/1
f 202/1/1 191/1/1 190/1/1
f 202/5/1 190/5/1 201/5/1
f 203/5/1 192/5/1 191/5/1
f 203/1/1 191/1/1 202/1/1
f 204/2/1 193/2/1 192/2/1
f 204/5/1 192/5/1 203/5/1
f 205/2/1 193/2/1 204/2/1
f 206/4/1 196/4/1 195/4/1
f 206/3/1 194/3/1 193/3/1
f 206/3/1 195/3/1 194/3/1
f 207/5/1 197/5/1 196/5/1
f 207/4/1 196/4/1 206/4/1
f 207/5/1 198/5/1 197/5/1
f 208/5/1 198/5/1 207/5/1
f 209/1/1 199/1/1 198/1/1
f 209/5/1 198/5/1 208/5/1
f 210/1/1 199/1/1 209/1/1
f 211/2/1 203/2/1 202/2/1
f 211/2/1 201/2/1 200/2/1
f 211/2/1 202/2/1 201/2/1
f 212/3/1 205/3/1 204/3/1
f 212/2/1 203/2/1 211/2/1
f 212/3/1 204/3/1 203/3/1
f 213/2/1 193/2/1 205/2/1
f 213/3/1 205/3/1 212/3/1
f 214/3/1 206/3/1 193/3/1
f 214/2/1 193/2/1 213/2/1
f 215/2/1 207/2/1 206/2/1
f 215/3/1 206/3/1 214/3/1
f 216/3/1 208/3/1 207/3/1
f 216/2/1 207/2/1 215/2/1
f 217/2/1 210/2/1 209/2/1
f 217/3/1 208/3/1 216/3/1
f 217/2/1 209/2/1 208/2/1
f 218/2/1 210/2/1 217/2/1
f 225/2/1 220/2/1 219/2/1
f 225/5/1 221/5/1 220/5/1
f 226/5/1 221/5/1 225/5/1
f 227/5/1 221/5/1 226/5/1
f 228/5/1 223/5/1 222/5/1
f 229/5/1 223/5/1 228/5/1
f 230/2/1 224/2/1 223/2/1
f 230/5/1 223/5/1 229/5/1
f 231/2/1 224/2/1 230/2/1
f 232/2/1 225/2/1 219/2/1
f 232/4/1 226/4/1 225/4/1
f 233/5/1 227/5/1 226/5/1
f 233/4/1 226/4/1 232/4/1
f 234/5/1 227/5/1 233/5/1
f 235/4/1 229/4/1 228/4/1
f 236/5/1 230/5/1 229/5/1
f 236/4/1 229/4/1 235/4/1
f 237/3/1 231/3/1 230/3/1
f 237/5/1 230/5/1 236/5/1
f 238/3/1 231/3/1 237/3/1
f 239/2/1 232/2/1 219/2/1
f 239/1/1 233/1/1 232/1/1
f 240/5/1 234/5/1 233/5/1
f 240/1/1 233/1/1 239/1/1
f 241/5/1 234/5/1 240/5/1
f 242/1/1 236/1/1 235/1/1
f 243/5/1 237/5/1 236/5/1
f 243/1/1 236/1/1 242/1/1
f 244/2/1 238/2/1 237/2/1
f 244/5/1 237/5/1 243/5/1
f 245/2/1 239/2/1 219/2/1
f 246/3/1 240/3/1 239/3/1
f 246/2/1 239/2/1 245/2/1
f 247/4/1 241/4/1 240/4/1
f 247/3/1 240/3/1 246/3/1
f 248/4/1 241/4/1 247/4/1
f 249/5/1 243/5/1 242/5/1
f 250/2/1 244/2/1 243/2/1
f 250/5/1 243/5/1 249/5/1
f 251/3/1 246/3/1 245/3/1
f 251/3/1 247/3/1 246/3/1
f 252/3/1 247/3/1 251/3/1
f 253/1/1 248/1/1 247/1/1
f 253/3/1 247/3/1 252/3/1
f 254/1/1 248/1/1 253/1/1
f 255/4/1 250/4/1 249/4/1
f 256/2/1 244/2/1 250/2/1
f 256/4/1 250/4/1 255/4/1
f 257/2/1 238/2/1 244/2/1
f 257/2/1 244/2/1 256/2/1
f 258/2/1 238/2/1 257/2/1
f 259/5/1 252/5/1 251/5/1
f 260/2/1 253/2/1 252/2/1
f 260/5/1 252/5/1 259/5/1
f 261/5/1 256/5/1 255/5/1
f 261/3/1 257/3/1 256/3/1
f 262/5/1 258/5/1 257/5/1
f 262/3/1 257/3/1 261/3/1
f 263/5/1 258/5/1 262/5/1
f 264/2/1 253/2/1 260/2/1
f 264/4/1 260/4/1 259/4/1
f 265/5/1 254/5/1 253/5/1
f 265/2/1 253/2/1 264/2/1
f 266/5/1 254/5/1 265/5/1
f 267/5/1 261/5/1 255/5/1
f 268/2/1 262/2/1 261/2/1
f 268/5/1 261/5/1 267/5/1
f 269/4/1 263/4/1 262/4/1
f 269/2/1 262/2/1 268/2/1
f 270/4/1 263/4/1 269/4/1
f 271/4/1 264/4/1 259/4/1
f 272/3/1 265/3/1 264/3/1
f 272/4/1 264/4/1 271/4/1
f 273/5/1 266/5/1 265/5/1
f 273/3/1 265/3/1 272/3/1
f 274/5/1 266/5/1 273/5/1
f 275/4/1 268/4/1 267/4/1
f 276/2/1 269/2/1 268/2/1
f 276/4/1 268/4/1 275/4/1
f 277/1/1 270/1/1 269/1/1
f 277/2/1 269/2/1 276/2/1
f 278/1/1 270/1/1 277/1/1
f 279/5/1 272/5/1 271/5/1
f 280/1/1 273/1/1 272/1/1
f 280/5/1 272/5/1 279/5/1
f 281/5/1 274/5/1 273/5/1
f 281/1/1 273/1/1 280/1/1
f 282/5/1 274/5/1 281/5/1
f 283/4/1 276/4/1 275/4/1
f 284/5/1 277/5/1 276/5/1
f 284/4/1 276/4/1 283/4/1
f 285/4/1 278/4/1 277/4/1
f 285/5/1 277/5/1 284/5/1
f 286/4/1 278/4/1 285/4/1
f 295/4/1 288/4/1 287/4/1
f 296/5/1 289/5/1 288/5/1
f 296/4/1 288/4/1 295/4/1
f 297/1/1 290/1/1 289/1/1
f 297/5/1 289/5/1 296/5/1
f 298/1/1 290/1/1 297/1/1
f 299/5/1 292/5/1 291/5/1
f 300/4/1 293/4/1 292/4/1
f 300/5/1 292/5/1 299/5/1
f 301/5/1 294/5/1 293/5/1
f 301/4/1 293/4/1 300/4/1
f 302/5/1 294/5/1 301/5/1
f 303/1/1 296/1/1 295/1/1
f 304/3/1 297/3/1 296/3/1
f 304/1/1 296/1/1 303/1/1
f 305/1/1 298/1/1 297/1/1
f 305/3/1 297/3/1 304/3/1
f 306/1/1 298/1/1 305/1/1
f 307/5/1 300/5/1 299/5/1
f 308/2/1 301/2/1 300/2/1
f 308/5/1 300/5/1 307/5/1
f 309/4/1 304/4/1 303/4/1
f 310/3/1 305/3/1 304/3/1
f 310/4/1 304/4/1 309/4/1
f 311/5/1 306/5/1 305/5/1
f 311/3/1 305/3/1 310/3/1
f 312/5/1 306/5/1 311/5/1
f 313/2/1 301/2/1 308/2/1
f 313/4/1 302/4/1 301/4/1
f 314/4/1 302/4/1 313/4/1
f 315/1/1 310/1/1 309/1/1
f 316/3/1 311/3/1 310/3/1
f 316/1/1 310/1/1 315/1/1
f 317/1/1 312/1/1 311/1/1
f 317/3/1 311/3/1 316/3/1
f 318/1/1 312/1/1 317/1/1
f 319/1/1 308/1/1 307/1/1
f 320/2/1 313/2/1 308/2/1
f 320/1/1 308/1/1 319/1/1
f 321/5/1 314/5/1 313/5/1
f 321/2/1 313/2/1 320/2/1
f 322/5/1 314/5/1 321/5/1
f 323/2/1 316/2/1 315/2/1
f 323/3/1 317/3/1 316/3/1
f 324/5/1 318/5/1 317/5/1
f 324/3/1 317/3/1 323/3/1
f 325/5/1 318/5/1 324/5/1
f 326/4/1 320/4/1 319/4/1
f 327/2/1 321/2/1 320/2/1
f 327/4/1 320/4/1 326/4/1
f 328/2/1 323/2/1 315/2/1
f 328/2/1 324/2/1 323/2/1
f 329/2/1 324/2/1 328/2/1
f 330/4/1 325/4/1 324/4/1
f 330/2/1 324/2/1 329/2/1
f 331/4/1 325/4/1 330/4/1
f 332/5/1 327/5/1 326/5/1
f 333/2/1 321/2/1 327/2/1
f 333/5/1 327/5/1 332/5/1
f 334/3/1 322/3/1 321/3/1
f 334/2/1 321/2/1 333/2/1
f 335/3/1 322/3/1 334/3/1
f 336/1/1 331/1/1 330/1/1
f 336/1/1 330/1/1 329/1/1
f 337/5/1 333/5/1 332/5/1
f 337/5/1 334/5/1 333/5/1
f 338/2/1 335/2/1 334/2/1
f 338/5/1 334/5/1 337/5/1
f 339/2/1 335/2/1 338/2/1
f 340/3/1 329/3/1 328/3/1
f 340/1/1 336/1/1 329/1/1
f 341/1/1 336/1/1 340/1/1
f 342/1/1 336/1/1 341/1/1
f 343/1/1 338/1/1 337/1/1
f 344/1/1 338/1/1 343/1/1
f 345/3/1 340/3/1 328/3/1
f 346/5/1 341/5/1 340/5/1
f 346/3/1 340/3/1 345/3/1
f 347/4/1 342/4/1 341/4/1
f 347/5/1 341/5/1 346/5/1
f 348/4/1 342/4/1 347/4/1
f 349/5/1 344/5/1 343/5/1
f 350/1/1 338/1/1 344/1/1
f 350/5/1 344/5/1 349/5/1
f 351/3/1 339/3/1 338/3/1
f 351/1/1 338/1/1 350/1/1
f 352/3/1 339/3/1 351/3/1
f 357/5/1 356/5/1 355/5/1
f 358/5/1 356/5/1 357/5/1
f 359/5/1 354/5/1 353/5/1
f 360/5/1 354/5/1 359/5/1
f 361/4/1 358/4/1 357/4/1
f 362/4/1 358/4/1 361/4/1
f 363/4/1 360/4/1 359/4/1
f 364/4/1 360/4/1 363/4/1
f 365/5/1 362/5/1 361/5/1
f 366/5/1 362/5/1 365/5/1
f 367/3/1 364/3/1 363/3/1
f 368/3/1 366/3/1 365/3/1
f 369/3/1 366/3/1 368/3/1
f 370/3/1 367/3/1 363/3/1
f 371/2/1 369/2/1 368/2/1
f 372/2/1 369/2/1 371/2/1
f 373/3/1 370/3/1 363/3/1
f 374/3/1 370/3/1 373/3/1
f 375/3/1 372/3/1 371/3/1
f 376/3/1 372/3/1 375/3/1
f 377/1/1 376/1/1 375/1/1
f 378/1/1 376/1/1 377/1/1
f 379/5/1 374/5/1 373/5/1
f 380/5/1 374/5/1 379/5/1
f 381/4/1 378/4/1 377/4/1
f 382/4/1 378/4/1 381/4/1
f 383/1/1 380/1/1 379/1/1
f 384/1/1 380/1/1 383/1/1
f 385/1/1 382/1/1 381/1/1
f 386/1/1 382/1/1 385/1/1
f 391/1/1 388/1/1 387/1/1
f 392/1/1 388/1/1 391/1/1
f 393/1/1 390/1/1 389/1/1
f 394/4/1 392/4/1 391/4/1
f 395/1/1 390/1/1 393/1/1
f 396/1/1 390/1/1 395/1/1
f 397/4/1 394/4/1 391/4/1
f 398/4/1 394/4/1 397/4/1
f 399/4/1 396/4/1 395/4/1
f 400/4/1 396/4/1 399/4/1
f 401/3/1 398/3/1 397/3/1
f 402/3/1 398/3/1 401/3/1
f 403/2/1 400/2/1 399/2/1
f 404/2/1 402/2/1 401/2/1
f 405/2/1 402/2/1 404/2/1
f 406/2/1 400/2/1 403/2/1
f 407/2/1 400/2/1 406/2/1
f 408/3/1 405/3/1 404/3/1
f 409/3/1 405/3/1 408/3/1
f 410/3/1 407/3/1 406/3/1
f 411/3/1 407/3/1 410/3/1
f 412/5/1 409/5/1 408/5/1
f 413/5/1 409/5/1 412/5/1
f 414/5/1 411/5/1 410/5/1
f 415/4/1 413/4/1 412/4/1
f 416/4/1 413/4/1 415/4/1
f 417/5/1 416/5/1 415/5/1
f 418/5/1 416/5/1 417/5/1
f 419/5/1 411/5/1 414/5/1
f 420/5/1 411/5/1 419/5/1
f 425/2/1 424/2/1 423/2/1
f 426/3/1 422/3/1 421/3/1
f 427/3/1 422/3/1 426/3/1
f 428/2/1 424/2/1 425/2/1
f 429/2/1 424/2/1 428/2/1
f 430/1/1 427/1/1 426/1/1
f 431/1/1 427/1/1 430/1/1
f 432/4/1 429/4/1 428/4/1
f 433/4/1 429/4/1 432/4/1
f 434/3/1 431/3/1 430/3/1
f 435/3/1 431/3/1 434/3/1
f 436/3/1 433/3/1 432/3/1
f 437/2/1 435/2/1 434/2/1
f 438/2/1 435/2/1 437/2/1
f 439/3/1 433/3/1 436/3/1
f 440/3/1 433/3/1 439/3/1
f 441/3/1 438/3/1 437/3/1
f 442/3/1 438/3/1 441/3/1
f 443/2/1 440/2/1 439/2/1
f 444/2/1 440/2/1 443/2/1
f 445/1/1 442/1/1 441/1/1
f 446/1/1 442/1/1 445/1/1
f 447/1/1 444/1/1 443/1/1
f 448/1/1 444/1/1 447/1/1
f 449/4/1 446/4/1 445/4/1
f 450/4/1 446/4/1 449/4/1
f 451/5/1 448/5/1 447/5/1
f 452/5/1 448/5/1 451/5/1
f 453/5/1 450/5/1 449/5/1
f 454/5/1 450/5/1 453/5/1
f 455/4/1 452/4/1 451/4/1
f 456/4/1 452/4/1 455/4/1
f 461/4/1 458/4/1 457/4/1
f 462/4/1 458/4/1 461/4/1
f 463/5/1 462/5/1 461/5/1
f 464/5/1 462/5/1 463/5/1
f 465/5/1 460/5/1 459/5/1
f 466/5/1 460/5/1 465/5/1
f 467/4/1 464/4/1 463/4/1
f 468/4/1 464/4/1 467/4/1
f 469/1/1 466/1/1 465/1/1
f 470/1/1 466/1/1 469/1/1
f 471/2/1 468/2/1 467/2/1
f 472/2/1 471/2/1 467/2/1
f 473/2/1 471/2/1 472/2/1
f 474/3/1 470/3/1 469/3/1
f 475/3/1 470/3/1 474/3/1
f 476/3/1 473/3/1 472/3/1
f 477/3/1 473/3/1 476/3/1
f 478/2/1 475/2/1 474/2/1
f 479/2/1 475/2/1 478/2/1
f 480/5/1 477/5/1 476/5/1
f 481/5/1 477/5/1 480/5/1
f 482/1/1 479/1/1 478/1/1
f 483/1/1 479/1/1 482/1/1
f 484/3/1 481/3/1 480/3/1
f 485/3/1 484/3/1 480/3/1
f 486/3/1 484/3/1 485/3/1
f 487/2/1 483/2/1 482/2/1
f 488/2/1 483/2/1 487/2/1
f 493/3/1 490/3/1 489/3/1
f 494/3/1 490/3/1 493/3/1
f 495/2/1 492/2/1 491/2/1
f 496/2/1 492/2/1 495/2/1
f 497/2/1 494/2/1 493/2/1
f 498/2/1 494/2/1 497/2/1
f 499/3/1 496/3/1 495/3/1
f 500/3/1 496/3/1 499/3/1
f 501/1/1 498/1/1 497/1/1
f 502/1/1 498/1/1 501/1/1
f 503/4/1 500/4/1 499/4/1
f 504/4/1 500/4/1 503/4/1
f 509/1/1 506/1/1 505/1/1
f 510/1/1 506/1/1 509/1/1
f 511/4/1 508/4/1 507/4/1
f 512/4/1 508/4/1 511/4/1
f 513/2/1 510/2/1 509/2/1
f 514/2/1 510/2/1 513/2/1
f 515/3/1 512/3/1 511/3/1
f 516/3/1 512/3/1 515/3/1
f 517/3/1 514/3/1 513/3/1
f 518/3/1 514/3/1 517/3/1
f 519/2/1 516/2/1 515/2/1
f 520/2/1 516/2/1 519/2/1
f 529/4/1 522/4/1 521/4/1
f 530/4/1 522/4/1 529/4/1
f 531/2/1 524/2/1 523/2/1
f 532/3/1 526/3/1 525/3/1
f 533/3/1 526/3/1 532/3/1
f 534/5/1 528/5/1 527/5/1
f 535/5/1 528/5/1 534/5/1
f 536/2/1 531/2/1 523/2/1
f 537/2/1 531/2/1 536/2/1
f 538/2/1 533/2/1 532/2/1
f 539/2/1 533/2/1 538/2/1
f 540/1/1 535/1/1 534/1/1
f 541/1/1 535/1/1 540/1/1
f 542/5/1 530/5/1 529/5/1
f 543/5/1 530/5/1 542/5/1
f 544/5/1 537/5/1 536/5/1
f 545/5/1 537/5/1 544/5/1
f 546/5/1 539/5/1 538/5/1
f 547/5/1 539/5/1 546/5/1
f 548/5/1 541/5/1 540/5/1
f 549/5/1 541/5/1 548/5/1
f 550/2/1 543/2/1 542/2/1
f 551/2/1 543/2/1 550/2/1
f 552/3/1 551/3/1 550/3/1
f 553/3/1 551/3/1 552/3/1
f 554/3/1 549/3/1 548/3/1
f 555/2/1 553/2/1 552/2/1
f 556/2/1 553/2/1 555/2/1
f 557/3/1 549/3/1 554/3/1
f 558/3/1 549/3/1 557/3/1
f 559/3/1 556/3/1 555/3/1
f 560/3/1 556/3/1 559/3/1
f 561/2/1 558/2/1 557/2/1
f 562/2/1 560/2/1 559/2/1
f 563/2/1 560/2/1 562/2/1
f 564/2/1 558/2/1 561/2/1
f 565/2/1 558/2/1 564/2/1
f 566/1/1 563/1/1 562/1/1
f 567/1/1 563/1/1 566/1/1
f 568/1/1 565/1/1 564/1/1
f 569/1/1 565/1/1 568/1/1
f 574/1/1 571/1/1 570/1/1
f 575/1/1 571/1/1 574/1/1
f 576/5/1 573/5/1 572/5/1
f 577/5/1 573/5/1 576/5/1
f 578/3/1 575/3/1 574/3/1
f 579/3/1 575/3/1 578/3/1
f 580/3/1 577/3/1 576/3/1
f 581/3/1 577/3/1 580/3/1
f 582/2/1 579/2/1 578/2/1
f 583/2/1 581/2/1 580/2/1
f 584/2/1 582/2/1 578/2/1
f 585/2/1 581/2/1 583/2/1
f 586/2/1 584/2/1 578/2/1
f 587/2/1 584/2/1 586/2/1
f 592/2/1 581/2/1 585/2/1
f 593/2/1 581/2/1 592/2/1
f 594/4/1 587/4/1 586/4/1
f 595/5/1 589/5/1 588/5/1
f 596/5/1 589/5/1 595/5/1
f 597/1/1 591/1/1 590/1/1
f 598/1/1 591/1/1 597/1/1
f 599/3/1 596/3/1 595/3/1
f 600/2/1 598/2/1 597/2/1
f 601/2/1 598/2/1 600/2/1
f 602/4/1 593/4/1 592/4/1
f 603/4/1 593/4/1 602/4/1
f 604/4/1 594/4/1 586/4/1
f 605/4/1 594/4/1 604/4/1
f 606/3/1 599/3/1 595/3/1
f 607/3/1 599/3/1 606/3/1
f 608/3/1 601/3/1 600/3/1
f 609/3/1 601/3/1 608/3/1
f 610/1/1 603/1/1 602/1/1
f 611/1/1 603/1/1 610/1/1
f 616/2/1 613/2/1 612/2/1
f 617/2/1 613/2/1 616/2/1
f 618/3/1 615/3/1 614/3/1
f 619/3/1 615/3/1 618/3/1
f 620/1/1 617/1/1 616/1/1
f 621/1/1 617/1/1 620/1/1
f 622/4/1 619/4/1 618/4/1
f 623/4/1 619/4/1 622/4/1
f 624/2/1 621/2/1 620/2/1
f 625/2/1 621/2/1 624/2/1
f 626/2/1 623/2/1 622/2/1
f 627/2/1 623/2/1 626/2/1
f 628/4/1 625/4/1 624/4/1
f 629/4/1 625/4/1 628/4/1
f 630/1/1 627/1/1 626/1/1
f 631/1/1 627/1/1 630/1/1
f 632/3/1 629/3/1 628/3/1
f 633/3/1 629/3/1 632/3/1
f 634/3/1 631/3/1 630/3/1
f 635/3/1 631/3/1 634/3/1
f 636/2/1 633/2/1 632/2/1
f 637/2/1 633/2/1 636/2/1
f 638/2/1 635/2/1 634/2/1
f 639/3/1 637/3/1 636/3/1
f 640/2/1 635/2/1 638/2/1
f 641/2/1 635/2/1 640/2/1
f 642/3/1 639/3/1 636/3/1
f 643/3/1 639/3/1 642/3/1
f 644/3/1 641/3/1 640/3/1
f 645/3/1 641/3/1 644/3/1
f 646/1/1 643/1/1 642/1/1
f 647/1/1 643/1/1 646/1/1
f 648/5/1 645/5/1 644/5/1
f 649/5/1 645/5/1 648/5/1
f 654/5/1 651/5/1 650/5/1
f 655/5/1 651/5/1 654/5/1
f 656/4/1 653/4/1 652/4/1
f 657/4/1 653/4/1 656/4/1
f 658/3/1 655/3/1 654/3/1
f 659/3/1 657/3/1 656/3/1
f 660/3/1 658/3/1 654/3/1
f 661/3/1 658/3/1 660/3/1
f 662/3/1 657/3/1 659/3/1
f 663/3/1 657/3/1 662/3/1
f 664/2/1 661/2/1 660/2/1
f 665/2/1 661/2/1 664/2/1
f 666/2/1 663/2/1 662/2/1
f 667/2/1 663/2/1 666/2/1
f 668/5/1 665/5/1 664/5/1
f 669/5/1 665/5/1 668/5/1
f 670/1/1 667/1/1 666/1/1
f 671/1/1 667/1/1 670/1/1
f 672/3/1 669/3/1 668/3/1
f 673/3/1 669/3/1 672/3/1
f 674/2/1 671/2/1 670/2/1
f 675/2/1 671/2/1 674/2/1
f 676/5/1 673/5/1 672/5/1
f 677/5/1 673/5/1 676/5/1
f 678/5/1 675/5/1 674/5/1
f 679/5/1 675/5/1 678/5/1
f 680/3/1 677/3/1 676/3/1
f 681/3/1 677/3/1 680/3/1
f 682/2/1 679/2/1 678/2/1
f 683/2/1 679/2/1 682/2/1
f 688/3/1 687/3/1 686/3/1
f 689/3/1 687/3/1 688/3/1
f 690/2/1 685/2/1 684/2/1
f 691/2/1 685/2/1 690/2/1
f 692/2/1 689/2/1 688/2/1
f 693/2/1 689/2/1 692/2/1
f 698/3/1 695/3/1 694/3/1
f 699/3/1 695/3/1 698/3/1
f 700/2/1 699/2/1 698/2/1
f 701/2/1 699/2/1 700/2/1
f 702/3/1 701/3/1 700/3/1
f 703/3/1 701/3/1 702/3/1
f 704/3/1 697/3/1 696/3/1
f 705/3/1 697/3/1 704/3/1
f 714/3/1 707/3/1 706/3/1
f 715/3/1 707/3/1 714/3/1
f 716/5/1 709/5/1 708/5/1
f 717/5/1 709/5/1 716/5/1
f 718/4/1 711/4/1 710/4/1
f 719/4/1 711/4/1 718/4/1
f 720/3/1 713/3/1 712/3/1
f 721/3/1 713/3/1 720/3/1
f 722/4/1 717/4/1 716/4/1
f 723/4/1 717/4/1 722/4/1
f 724/1/1 719/1/1 718/1/1
f 725/1/1 719/1/1 724/1/1
f 726/2/1 721/2/1 720/2/1
f 727/2/1 715/2/1 714/2/1
f 728/2/1 715/2/1 727/2/1
f 729/2/1 723/2/1 722/2/1
f 730/2/1 723/2/1 729/2/1
f 731/2/1 725/2/1 724/2/1
f 732/2/1 725/2/1 731/2/1
f 733/2/1 726/2/1 720/2/1
f 734/3/1 728/3/1 727/3/1
f 735/2/1 733/2/1 720/2/1
f 736/3/1 728/3/1 734/3/1
f 737/3/1 728/3/1 736/3/1
f 738/2/1 735/2/1 720/2/1
f 739/2/1 735/2/1 738/2/1
f 740/1/1 737/1/1 736/1/1
f 741/1/1 737/1/1 740/1/1
f 742/4/1 739/4/1 738/4/1
f 743/4/1 739/4/1 742/4/1
f 744/5/1 741/5/1 740/5/1
f 745/5/1 741/5/1 744/5/1
f 746/5/1 743/5/1 742/5/1
f 747/5/1 743/5/1 746/5/1
f 748/2/1 745/2/1 744/2/1
f 749/2/1 745/2/1 748/2/1
f 750/3/1 747/3/1 746/3/1
f 751/3/1 747/3/1 750/3/1
f 752/1/1 749/1/1 748/1/1
f 753/1/1 749/1/1 752/1/1
f 754/4/1 751/4/1 750/4/1
f 755/4/1 751/4/1 754/4/1
f 760/4/1 757/4/1 756/4/1
f 761/4/1 757/4/1 760/4/1
f 762/1/1 759/1/1 758/1/1
f 763/1/1 759/1/1 762/1/1
f 764/3/1 761/3/1 760/3/1
f 765/3/1 761/3/1 764/3/1
f 766/3/1 763/3/1 762/3/1
f 767/3/1 763/3/1 766/3/1
f 768/4/1 765/4/1 764/4/1
f 769/4/1 765/4/1 768/4/1
f 770/4/1 767/4/1 766/4/1
f 771/4/1 767/4/1 770/4/1
f 772/5/1 769/5/1 768/5/1
f 773/5/1 769/5/1 772/5/1
f 774/1/1 771/1/1 770/1/1
f 775/1/1 771/1/1 774/1/1
f 776/2/1 773/2/1 772/2/1
f 781/2/1 775/2/1 774/2/1
f 782/3/1 778/3/1 777/3/1
f 783/3/1 778/3/1 782/3/1
f 784/2/1 780/2/1 779/2/1
f 785/2/1 780/2/1 784/2/1
f 786/2/1 781/2/1 774/2/1
f 787/2/1 773/2/1 776/2/1
f 788/2/1 773/2/1 787/2/1
f 789/5/1 783/5/1 782/5/1
f 790/5/1 783/5/1 789/5/1
f 791/1/1 785/1/1 784/1/1
f 792/1/1 785/1/1 791/1/1
f 793/3/1 788/3/1 787/3/1
f 794/3/1 788/3/1 793/3/1
f 795/4/1 790/4/1 789/4/1
f 796/4/1 790/4/1 795/4/1
f 797/4/1 792/4/1 791/4/1
f 798/4/1 792/4/1 797/4/1
f 799/2/1 786/2/1 774/2/1
f 800/2/1 786/2/1 799/2/1
f 806/3/1 805/3/1 804/3/1
f 807/3/1 805/3/1 806/3/1
f 808/2/1 802/2/1 801/2/1
f 809/3/1 803/3/1 802/3/1
f 809/2/1 802/2/1 808/2/1
f 810/3/1 803/3/1 809/3/1
f 811/2/1 807/2/1 806/2/1
f 812/3/1 805/3/1 807/3/1
f 812/2/1 807/2/1 811/2/1
f 813/3/1 805/3/1 812/3/1
f 814/2/1 809/2/1 808/2/1
f 815/4/1 810/4/1 809/4/1
f 815/2/1 809/2/1 814/2/1
f 816/4/1 810/4/1 815/4/1
f 817/1/1 812/1/1 811/1/1
f 818/2/1 813/2/1 812/2/1
f 818/1/1 812/1/1 817/1/1
f 819/2/1 813/2/1 818/2/1
f 823/3/1 821/3/1 820/3/1
f 824/2/1 822/2/1 821/2/1
f 824/3/1 821/3/1 823/3/1
f 825/2/1 822/2/1 824/2/1
f 828/2/1 827/2/1 826/2/1
f 829/2/1 827/2/1 828/2/1
f 836/2/1 831/2/1 830/2/1
f 837/4/1 832/4/1 831/4/1
f 837/2/1 831/2/1 836/2/1
f 838/4/1 832/4/1 837/4/1
f 839/1/1 834/1/1 833/1/1
f 840/2/1 835/2/1 834/2/1
f 840/1/1 834/1/1 839/1/1
f 841/2/1 835/2/1 840/2/1
f 842/2/1 837/2/1 836/2/1
f 843/3/1 838/3/1 837/3/1
f 843/2/1 837/2/1 842/2/1
f 844/3/1 838/3/1 843/3/1
f 845/3/1 843/3/1 842/3/1
f 846/2/1 844/2/1 843/2/1
f 846/3/1 843/3/1 845/3/1
f 847/2/1 844/2/1 846/2/1
f 848/2/1 840/2/1 839/2/1
f 849/3/1 841/3/1 840/3/1
f 849/2/1 840/2/1 848/2/1
f 850/3/1 841/3/1 849/3/1
f 854/4/1 852/4/1 851/4/1
f 855/5/1 853/5/1 852/5/1
f 855/4/1 852/4/1 854/4/1
f 856/5/1 853/5/1 855/5/1
f 861/2/1 858/2/1 857/2/1
f 862/2/1 858/2/1 861/2/1
f 863/2/1 860/2/1 859/2/1
f 864/2/1 860/2/1 863/2/1
f 865/1/1 862/1/1 861/1/1
f 866/1/1 862/1/1 865/1/1
f 867/1/1 864/1/1 863/1/1
f 868/1/1 864/1/1 867/1/1
f 869/5/1 866/5/1 865/5/1
f 870/5/1 866/5/1 869/5/1
f 871/4/1 868/4/1 867/4/1
f 872/4/1 868/4/1 871/4/1
f 873/4/1 870/4/1 869/4/1
f 874/4/1 870/4/1 873/4/1
f 875/1/1 872/1/1 871/1/1
f 876/1/1 872/1/1 875/1/1
f 877/2/1 874/2/1 873/2/1
f 878/2/1 874/2/1 877/2/1
f 879/3/1 876/3/1 875/3/1
f 880/3/1 876/3/1 879/3/1
f 881/1/1 878/1/1 877/1/1
f 882/1/1 878/1/1 881/1/1
f 884/5/1 882/5/1 881/5/1
f 885/5/1 882/5/1 884/5/1
f 886/4/1 880/4/1 879/4/1
f 887/4/1 880/4/1 886/4/1
f 889/1/1 884/1/1 883/1/1
f 890/1/1 884/1/1 889/1/1
f 893/4/1 888/4/1 887/4/1
f 894/4/1 888/4/1 893/4/1
f 895/5/1 893/5/1 892/5/1
f 896/5/1 893/5/1 895/5/1
f 897/4/1 891/4/1 890/4/1
f 898/4/1 891/4/1 897/4/1
f 899/1/1 896/1/1 895/1/1
f 900/1/1 896/1/1 899/1/1
f 901/5/1 898/5/1 897/5/1
f 902/5/1 898/5/1 901/5/1
f 903/4/1 902/4/1 901/4/1
f 904/4/1 902/4/1 903/4/1
f 905/5/1 900/5/1 899/5/1
f 906/5/1 900/5/1 905/5/1
f 907/3/1 904/3/1 903/3/1
f 908/3/1 904/3/1 907/3/1
f 909/3/1 906/3/1 905/3/1
f 910/3/1 906/3/1 909/3/1
f 911/1/1 908/1/1 907/1/1
f 912/1/1 908/1/1 911/1/1
f 913/4/1 910/4/1 909/4/1
f 914/4/1 910/4/1 913/4/1
f 915/5/1 914/5/1 913/5/1
f 916/5/1 914/5/1 915/5/1
f 917/4/1 912/4/1 911/4/1
f 918/4/1 912/4/1 917/4/1
f 919/1/1 916/1/1 915/1/1
f 920/1/1 916/1/1 919/1/1
f 921/5/1 918/5/1 917/5/1
f 922/5/1 918/5/1 921/5/1
f 923/4/1 920/4/1 919/4/1
f 924/4/1 920/4/1 923/4/1
f 925/1/1 922/1/1 921/1/1
f 926/1/1 922/1/1 925/1/1
f 927/5/1 924/5/1 923/5/1
f 928/5/1 924/5/1 927/5/1
f 929/5/1 926/5/1 925/5/1
f 930/5/1 926/5/1 929/5/1
f 931/4/1 928/4/1 927/4/1
f 932/4/1 928/4/1 931/4/1
f 933/1/1 930/1/1 929/1/1
f 934/1/1 930/1/1 933/1/1
f 935/1/1 932/1/1 931/1/1
f 936/1/1 932/1/1 935/1/1
f 937/2/1 934/2/1 933/2/1
f 938/2/1 934/2/1 937/2/1
f 939/3/1 936/3/1 935/3/1
f 940/3/1 936/3/1 939/3/1
f 941/1/1 938/1/1 937/1/1
f 942/1/1 938/1/1 941/1/1
f 943/5/1 942/5/1 941/5/1
f 944/5/1 942/5/1 943/5/1
f 945/1/1 940/1/1 939/1/1
f 946/1/1 940/1/1 945/1/1
f 947/4/1 944/4/1 943/4/1
f 948/4/1 944/4/1 947/4/1
f 949/5/1 946/5/1 945/5/1
f 950/5/1 946/5/1 949/5/1
f 952/5/1 948/5/1 947/5/1
f 953/5/1 948/5/1 952/5/1
f 954/4/1 950/4/1 949/4/1
f 955/4/1 950/4/1 954/4/1
f 957/1/1 952/1/1 951/1/1
f 958/1/1 952/1/1 957/1/1
f 961/4/1 956/4/1 955/4/1
f 962/4/1 956/4/1 961/4/1
f 963/5/1 959/5/1 958/5/1
f 964/5/1 959/5/1 963/5/1
f 965/1/1 961/1/1 960/1/1
f 966/1/1 961/1/1 965/1/1
f 967/4/1 964/4/1 963/4/1
f 968/4/1 964/4/1 967/4/1
f 969/4/1 966/4/1 965/4/1
f 970/4/1 966/4/1 969/4/1
f 971/3/1 968/3/1 967/3/1
f 972/3/1 968/3/1 971/3/1
f 973/2/1 970/2/1 969/2/1
f 974/2/1 970/2/1 973/2/1
f 975/4/1 972/4/1 971/4/1
f 976/4/1 972/4/1 975/4/1
f 977/4/1 974/4/1 973/4/1
f 978/4/1 974/4/1 977/4/1
f 979/5/1 976/5/1 975/5/1
f 980/5/1 976/5/1 979/5/1
f 981/5/1 978/5/1 977/5/1
f 982/5/1 978/5/1 981/5/1
f 983/1/1 980/1/1 979/1/1
f 984/1/1 980/1/1 983/1/1
f 985/4/1 982/4/1 981/4/1
f 986/4/1 982/4/1 985/4/1
f 987/2/1 984/2/1 983/2/1
f 988/2/1 984/2/1 987/2/1
f 989/3/1 986/3/1 985/3/1
f 990/3/1 986/3/1 989/3/1
f 993/4/1 992/4/1 991/4/1
f 994/4/1 992/4/1 993/4/1
f 1001/4/1 996/4/1 995/4/1
f 1002/3/1 997/3/1 996/3/1
f 1002/4/1 996/4/1 1001/4/1
f 1003/3/1 997/3/1 1002/3/1
f 1006/2/1 999/2/1 998/2/1
f 1007/1/1 1000/1/1 999/1/1
f 1007/2/1 999/2/1 1006/2/1
f 1008/1/1 1000/1/1 1007/1/1
f 1009/3/1 1003/3/1 1002/3/1
f 1010/2/1 1004/2/1 1003/2/1
f 1010/3/1 1003/3/1 1009/3/1
f 1011/2/1 1004/2/1 1010/2/1
f 1014/2/1 1006/2/1 1005/2/1
f 1014/2/1 1007/2/1 1006/2/1
f 1015/2/1 1007/2/1 1014/2/1
f 1016/2/1 1007/2/1 1015/2/1
f 1017/1/1 1011/1/1 1010/1/1
f 1018/3/1 1012/3/1 1011/3/1
f 1018/1/1 1011/1/1 1017/1/1
f 1019/3/1 1012/3/1 1018/3/1
f 1022/2/1 1014/2/1 1013/2/1
f 1023/5/1 1015/5/1 1014/5/1
f 1023/2/1 1014/2/1 1022/2/1
f 1024/5/1 1015/5/1 1023/5/1
f 1025/3/1 1019/3/1 1018/3/1
f 1026/5/1 1020/5/1 1019/5/1
f 1026/3/1 1019/3/1 1025/3/1
f 1027/5/1 1020/5/1 1026/5/1
f 1030/5/1 1022/5/1 1021/5/1
f 1031/2/1 1023/2/1 1022/2/1
f 1031/5/1 1022/5/1 1030/5/1
f 1032/2/1 1023/2/1 1031/2/1
f 1033/4/1 1028/4/1 1027/4/1
f 1033/4/1 1027/4/1 1026/4/1
f 1034/4/1 1028/4/1 1033/4/1
f 1035/4/1 1028/4/1 1034/4/1
f 1038/1/1 1030/1/1 1029/1/1
f 1039/5/1 1031/5/1 1030/5/1
f 1039/1/1 1030/1/1 1038/1/1
f 1040/5/1 1031/5/1 1039/5/1
f 1041/3/1 1035/3/1 1034/3/1
f 1042/4/1 1036/4/1 1035/4/1
f 1042/3/1 1035/3/1 1041/3/1
f 1043/4/1 1036/4/1 1042/4/1
f 1046/4/1 1038/4/1 1037/4/1
f 1047/2/1 1039/2/1 1038/2/1
f 1047/4/1 1038/4/1 1046/4/1
f 1048/2/1 1039/2/1 1047/2/1
f 1049/3/1 1044/3/1 1043/3/1
f 1049/3/1 1043/3/1 1042/3/1
f 1050/3/1 1044/3/1 1049/3/1
f 1051/3/1 1044/3/1 1050/3/1
f 1054/3/1 1046/3/1 1045/3/1
f 1055/2/1 1047/2/1 1046/2/1
f 1055/3/1 1046/3/1 1054/3/1
f 1056/2/1 1047/2/1 1055/2/1
f 1057/4/1 1051/4/1 1050/4/1
f 1058/2/1 1052/2/1 1051/2/1
f 1058/4/1 1051/4/1 1057/4/1
f 1059/2/1 1052/2/1 1058/2/1
f 1060/3/1 1054/3/1 1053/3/1
f 1061/4/1 1055/4/1 1054/4/1
f 1061/3/1 1054/3/1 1060/3/1
f 1062/4/1 1055/4/1 1061/4/1
f 1063/5/1 1059/5/1 1058/5/1
f 1064/5/1 1059/5/1 1063/5/1
f 1067/5/1 1061/5/1 1060/5/1
f 1068/5/1 1061/5/1 1067/5/1
f 1069/5/1 1066/5/1 1065/5/1
f 1070/5/1 1066/5/1 1069/5/1
f 1076/1/1 1072/1/1 1071/1/1
f 1077/5/1 1073/5/1 1072/5/1
f 1077/1/1 1072/1/1 1076/1/1
f 1078/5/1 1073/5/1 1077/5/1
f 1082/5/1 1075/5/1 1074/5/1
f 1083/5/1 1075/5/1 1082/5/1
f 1084/1/1 1080/1/1 1079/1/1
f 1085/1/1 1080/1/1 1084/1/1
f 1088/1/1 1082/1/1 1081/1/1
f 1089/3/1 1083/3/1 1082/3/1
f 1089/1/1 1082/1/1 1088/1/1
f 1090/3/1 1083/3/1 1089/3/1
f 1091/3/1 1085/3/1 1084/3/1
f 1092/1/1 1086/1/1 1085/1/1
f 1092/3/1 1085/3/1 1091/3/1
f 1093/1/1 1086/1/1 1092/1/1
f 1096/2/1 1088/2/1 1087/2/1
f 1097/3/1 1089/3/1 1088/3/1
f 1097/2/1 1088/2/1 1096/2/1
f 1098/3/1 1089/3/1 1097/3/1
f 1099/2/1 1093/2/1 1092/2/1
f 1100/3/1 1094/3/1 1093/3/1
f 1100/2/1 1093/2/1 1099/2/1
f 1101/3/1 1094/3/1 1100/3/1
f 1104/3/1 1096/3/1 1095/3/1
f 1105/4/1 1097/4/1 1096/4/1
f 1105/3/1 1096/3/1 1104/3/1
f 1106/4/1 1097/4/1 1105/4/1
f 1107/5/1 1101/5/1 1100/5/1
f 1108/3/1 1102/3/1 1101/3/1
f 1108/5/1 1101/5/1 1107/5/1
f 1109/3/1 1102/3/1 1108/3/1
f 1112/5/1 1104/5/1 1103/5/1
f 1112/5/1 1105/5/1 1104/5/1
f 1113/5/1 1105/5/1 1112/5/1
f 1114/5/1 1105/5/1 1113/5/1
f 1115/5/1 1109/5/1 1108/5/1
f 1116/1/1 1110/1/1 1109/1/1
f 1116/5/1 1109/5/1 1115/5/1
f 1117/1/1 1110/1/1 1116/1/1
f 1120/2/1 1112/2/1 1111/2/1
f 1121/4/1 1113/4/1 1112/4/1
f 1121/2/1 1112/2/1 1120/2/1
f 1122/4/1 1113/4/1 1121/4/1
f 1123/5/1 1117/5/1 1116/5/1
f 1124/3/1 1118/3/1 1117/3/1
f 1124/5/1 1117/5/1 1123/5/1
f 1125/3/1 1118/3/1 1124/3/1
f 1128/5/1 1120/5/1 1119/5/1
f 1129/2/1 1121/2/1 1120/2/1
f 1129/5/1 1120/5/1 1128/5/1
f 1130/2/1 1121/2/1 1129/2/1
f 1131/2/1 1125/2/1 1124/2/1
f 1132/1/1 1126/1/1 1125/1/1
f 1132/2/1 1125/2/1 1131/2/1
f 1133/1/1 1126/1/1 1132/1/1
f 1136/2/1 1128/2/1 1127/2/1
f 1136/2/1 1129/2/1 1128/2/1
f 1137/2/1 1129/2/1 1136/2/1
f 1138/2/1 1129/2/1 1137/2/1
f 1139/3/1 1133/3/1 1132/3/1
f 1140/2/1 1134/2/1 1133/2/1
f 1140/3/1 1133/3/1 1139/3/1
f 1141/2/1 1134/2/1 1140/2/1
f 1143/1/1 1136/1/1 1135/1/1
f 1144/2/1 1137/2/1 1136/2/1
f 1144/1/1 1136/1/1 1143/1/1
f 1145/2/1 1137/2/1 1144/2/1
f 1146/3/1 1141/3/1 1140/3/1
f 1147/1/1 1142/1/1 1141/1/1
f 1147/3/1 1141/3/1 1146/3/1
f 1148/1/1 1142/1/1 1147/1/1
f 1155/1/1 1150/1/1 1149/1/1
f 1156/3/1 1151/3/1 1150/3/1
f 1156/1/1 1150/1/1 1155/1/1
f 1157/3/1 1151/3/1 1156/3/1
f 1160/2/1 1153/2/1 1152/2/1
f 1161/4/1 1154/4/1 1153/4/1
f 1161/2/1 1153/2/1 1160/2/1
f 1162/4/1 1154/4/1 1161/4/1
f 1163/3/1 1157/3/1 1156/3/1
f 1164/2/1 1158/2/1 1157/2/1
f 1164/3/1 1157/3/1 1163/3/1
f 1165/2/1 1158/2/1 1164/2/1
f 1168/2/1 1160/2/1 1159/2/1
f 1168/2/1 1161/2/1 1160/2/1
f 1169/2/1 1161/2/1 1168/2/1
f 1170/2/1 1161/2/1 1169/2/1
f 1171/1/1 1165/1/1 1164/1/1
f 1172/2/1 1166/2/1 1165/2/1
f 1172/1/1 1165/1/1 1171/1/1
f 1173/2/1 1166/2/1 1172/2/1
f 1176/3/1 1168/3/1 1167/3/1
f 1177/4/1 1169/4/1 1168/4/1
f 1177/3/1 1168/3/1 1176/3/1
f 1178/4/1 1169/4/1 1177/4/1
f 1179/3/1 1173/3/1 1172/3/1
f 1180/1/1 1174/1/1 1173/1/1
f 1180/3/1 1173/3/1 1179/3/1
f 1181/1/1 1174/1/1 1180/1/1
f 1184/4/1 1176/4/1 1175/4/1
f 1185/3/1 1177/3/1 1176/3/1
f 1185/4/1 1176/4/1 1184/4/1
f 1186/3/1 1177/3/1 1185/3/1
f 1187/1/1 1181/1/1 1180/1/1
f 1188/5/1 1182/5/1 1181/5/1
f 1188/1/1 1181/1/1 1187/1/1
f 1189/5/1 1182/5/1 1188/5/1
f 1192/1/1 1184/1/1 1183/1/1
f 1193/5/1 1185/5/1 1184/5/1
f 1193/1/1 1184/1/1 1192/1/1
f 1194/5/1 1185/5/1 1193/5/1
f 1195/2/1 1189/2/1 1188/2/1
f 1196/4/1 1190/4/1 1189/4/1
f 1196/2/1 1189/2/1 1195/2/1
f 1197/4/1 1190/4/1 1196/4/1
f 1200/1/1 1192/1/1 1191/1/1
f 1201/2/1 1193/2/1 1192/2/1
f 1201/1/1 1192/1/1 1200/1/1
f 1202/2/1 1193/2/1 1201/2/1
f 1203/3/1 1197/3/1 1196/3/1
f 1204/2/1 1198/2/1 1197/2/1
f 1204/3/1 1197/3/1 1203/3/1
f 1205/2/1 1198/2/1 1204/2/1
f 1208/2/1 1200/2/1 1199/2/1
f 1208/2/1 1201/2/1 1200/2/1
f 1209/2/1 1201/2/1 1208/2/1
f 1210/2/1 1201/2/1 1209/2/1
f 1211/1/1 1205/1/1 1204/1/1
f 1212/3/1 1206/3/1 1205/3/1
f 1212/1/1 1205/1/1 1211/1/1
f 1213/3/1 1206/3/1 1212/3/1
f 1216/3/1 1208/3/1 1207/3/1
f 1217/1/1 1209/1/1 1208/1/1
f 1217/3/1 1208/3/1 1216/3/1
f 1218/1/1 1209/1/1 1217/1/1
f 1219/1/1 1213/1/1 1212/1/1
f 1220/4/1 1214/4/1 1213/4/1
f 1220/1/1 1213/1/1 1219/1/1
f 1221/4/1 1214/4/1 1220/4/1
f 1223/1/1 1216/1/1 1215/1/1
f 1223/1/1 1217/1/1 1216/1/1
f 1224/1/1 1217/1/1 1223/1/1
f 1225/1/1 1217/1/1 1224/1/1
f 1226/4/1 1222/4/1 1221/4/1
f 1226/4/1 1221/4/1 1220/4/1
f 1227/4/1 1222/4/1 1226/4/1
f 1228/5/1 1223/5/1 1222/5/1
f 1228/4/1 1222/4/1 1227/4/1
f 1229/4/1 1224/4/1 1223/4/1
f 1229/5/1 1223/5/1 1228/5/1
f 1230/4/1 1224/4/1 1229/4/1
f 1231/3/1 1228/3/1 1227/3/1
f 1231/3/1 1229/3/1 1228/3/1
f 1232/3/1 1229/3/1 1231/3/1
f 1236/2/1 1234/2/1 1233/2/1
f 1237/2/1 1234/2/1 1236/2/1
f 1240/1/1 1236/1/1 1235/1/1
f 1241/4/1 1237/4/1 1236/4/1
f 1241/1/1 1236/1/1 1240/1/1
f 1242/5/1 1238/5/1 1237/5/1
f 1242/4/1 1237/4/1 1241/4/1
f 1243/5/1 1238/5/1 1242/5/1
f 1246/1/1 1240/1/1 1239/1/1
f 1247/5/1 1241/5/1 1240/5/1
f 1247/1/1 1240/1/1 1246/1/1
f 1248/5/1 1241/5/1 1247/5/1
f 1249/1/1 1243/1/1 1242/1/1
f 1250/4/1 1244/4/1 1243/4/1
f 1250/1/1 1243/1/1 1249/1/1
f 1251/4/1 1244/4/1 1250/4/1
f 1254/4/1 1246/4/1 1245/4/1
f 1255/3/1 1247/3/1 1246/3/1
f 1255/4/1 1246/4/1 1254/4/1
f 1256/3/1 1247/3/1 1255/3/1
f 1257/3/1 1251/3/1 1250/3/1
f 1258/1/1 1252/1/1 1251/1/1
f 1258/3/1 1251/3/1 1257/3/1
f 1259/1/1 1252/1/1 1258/1/1
f 1262/3/1 1254/3/1 1253/3/1
f 1262/3/1 1255/3/1 1254/3/1
f 1263/3/1 1255/3/1 1262/3/1
f 1264/3/1 1255/3/1 1263/3/1
f 1265/2/1 1260/2/1 1259/2/1
f 1265/2/1 1259/2/1 1258/2/1
f 1266/2/1 1260/2/1 1265/2/1
f 1267/2/1 1260/2/1 1266/2/1
f 1270/3/1 1262/3/1 1261/3/1
f 1271/5/1 1263/5/1 1262/5/1
f 1271/3/1 1262/3/1 1270/3/1
f 1272/5/1 1263/5/1 1271/5/1
f 1273/5/1 1267/5/1 1266/5/1
f 1274/2/1 1268/2/1 1267/2/1
f 1274/5/1 1267/5/1 1273/5/1
f 1275/2/1 1268/2/1 1274/2/1
f 1278/4/1 1270/4/1 1269/4/1
f 1279/5/1 1271/5/1 1270/5/1
f 1279/4/1 1270/4/1 1278/4/1
f 1280/5/1 1271/5/1 1279/5/1
f 1281/1/1 1275/1/1 1274/1/1
f 1282/5/1 1276/5/1 1275/5/1
f 1282/1/1 1275/1/1 1281/1/1
f 1283/5/1 1276/5/1 1282/5/1
f 1286/3/1 1278/3/1 1277/3/1
f 1287/1/1 1279/1/1 1278/1/1
f 1287/3/1 1278/3/1 1286/3/1
f 1288/1/1 1279/1/1 1287/1/1
f 1289/4/1 1283/4/1 1282/4/1
f 1290/2/1 1284/2/1 1283/2/1
f 1290/4/1 1283/4/1 1289/4/1
f 1291/2/1 1284/2/1 1290/2/1
f 1294/5/1 1286/5/1 1285/5/1
f 1295/2/1 1287/2/1 1286/2/1
f 1295/5/1 1286/5/1 1294/5/1
f 1296/2/1 1287/2/1 1295/2/1
f 1297/2/1 1291/2/1 1290/2/1
f 1298/1/1 1292/1/1 1291/1/1
f 1298/2/1 1291/2/1 1297/2/1
f 1299/1/1 1292/1/1 1298/1/1
f 1302/2/1 1294/2/1 1293/2/1
f 1302/2/1 1295/2/1 1294/2/1
f 1303/2/1 1295/2/1 1302/2/1
f 1304/2/1 1295/2/1 1303/2/1
f 1305/3/1 1299/3/1 1298/3/1
f 1306/2/1 1300/2/1 1299/2/1
f 1306/3/1 1299/3/1 1305/3/1
f 1307/2/1 1300/2/1 1306/2/1
f 1309/4/1 1302/4/1 1301/4/1
f 1310/3/1 1303/3/1 1302/3/1
f 1310/4/1 1302/4/1 1309/4/1
f 1311/3/1 1303/3/1 1310/3/1
f 1312/2/1 1307/2/1 1306/2/1
f 1313/1/1 1308/1/1 1307/1/1
f 1313/2/1 1307/2/1 1312/2/1
f 1314/1/1 1308/1/1 1313/1/1
f 1318/4/1 1316/4/1 1315/4/1
f 1319/1/1 1317/1/1 1316/1/1
f 1319/4/1 1316/4/1 1318/4/1
f 1320/1/1 1317/1/1 1319/1/1
f 1321/1/1 1317/1/1 1320/1/1
f 1322/1/1 1319/1/1 1318/1/1
f 1323/1/1 1319/1/1 1322/1/1
f 1324/5/1 1321/5/1 1320/5/1
f 1325/5/1 1321/5/1 1324/5/1
f 1326/2/1 1323/2/1 1322/2/1
f 1327/2/1 1323/2/1 1326/2/1
f 1328/3/1 1327/3/1 1326/3/1
f 1329/3/1 1327/3/1 1328/3/1
f 1330/3/1 1325/3/1 1324/3/1
f 1331/3/1 1325/3/1 1330/3/1
f 1332/5/1 1329/5/1 1328/5/1
f 1333/5/1 1329/5/1 1332/5/1
f 1334/4/1 1331/4/1 1330/4/1
f 1335/4/1 1331/4/1 1334/4/1
f 1336/4/1 1333/4/1 1332/4/1
f 1337/4/1 1333/4/1 1336/4/1
f 1338/1/1 1335/1/1 1334/1/1
f 1339/1/1 1335/1/1 1338/1/1
f 1340/5/1 1337/5/1 1336/5/1
f 1341/5/1 1337/5/1 1340/5/1
f 1342/5/1 1339/5/1 1338/5/1
f 1343/5/1 1339/5/1 1342/5/1
f 1344/3/1 1341/3/1 1340/3/1
f 1345/3/1 1341/3/1 1344/3/1
f 1346/2/1 1343/2/1 1342/2/1
f 1347/2/1 1343/2/1 1346/2/1
f 1354/1/1 1349/1/1 1348/1/1
f 1355/4/1 1350/4/1 1349/4/1
f 1355/1/1 1349/1/1 1354/1/1
f 1356/4/1 1350/4/1 1355/4/1
f 1357/1/1 1352/1/1 1351/1/1
f 1358/4/1 1353/4/1 1352/4/1
f 1358/1/1 1352/1/1 1357/1/1
f 1359/4/1 1353/4/1 1358/4/1
f 1360/1/1 1356/1/1 1355/1/1
f 1361/1/1 1356/1/1 1360/1/1
f 1362/5/1 1361/5/1 1360/5/1
f 1363/5/1 1361/5/1 1362/5/1
f 1364/4/1 1363/4/1 1362/4/1
f 1365/4/1 1363/4/1 1364/4/1
f 1366/1/1 1358/1/1 1357/1/1
f 1367/1/1 1358/1/1 1366/1/1
f 1368/5/1 1365/5/1 1364/5/1
f 1369/5/1 1365/5/1 1368/5/1
f 1370/4/1 1367/4/1 1366/4/1
f 1371/4/1 1367/4/1 1370/4/1
f 1372/2/1 1369/2/1 1368/2/1
f 1373/2/1 1369/2/1 1372/2/1
f 1374/2/1 1371/2/1 1370/2/1
f 1375/2/1 1371/2/1 1374/2/1
f 1376/4/1 1375/4/1 1374/4/1
f 1377/4/1 1375/4/1 1376/4/1
f 1378/4/1 1373/4/1 1372/4/1
f 1379/4/1 1373/4/1 1378/4/1
f 1380/1/1 1377/1/1 1376/1/1
f 1381/1/1 1377/1/1 1380/1/1
f 1382/5/1 1381/5/1 1380/5/1
f 1383/5/1 1381/5/1 1382/5/1
f 1384/5/1 1379/5/1 1378/5/1
f 1385/5/1 1379/5/1 1384/5/1
f 1386/1/1 1383/1/1 1382/1/1
f 1387/1/1 1383/1/1 1386/1/1
f 1388/4/1 1385/4/1 1384/4/1
f 1389/4/1 1385/4/1 1388/4/1
f 1390/4/1 1387/4/1 1386/4/1
f 1391/4/1 1387/4/1 1390/4/1
f 1392/1/1 1389/1/1 1388/1/1
f 1393/1/1 1389/1/1 1392/1/1
f 1394/1/1 1391/1/1 1390/1/1
f 1395/1/1 1391/1/1 1394/1/1
f 1396/4/1 1393/4/1 1392/4/1
f 1397/4/1 1393/4/1 1396/4/1
f 1398/4/1 1395/4/1 1394/4/1
f 1399/4/1 1395/4/1 1398/4/1
f 1400/3/1 1397/3/1 1396/3/1
f 1401/3/1 1397/3/1 1400/3/1
f 1402/2/1 1399/2/1 1398/2/1
f 1403/2/1 1399/2/1 1402/2/1
f 1404/1/1 1401/1/1 1400/1/1
f 1405/1/1 1401/1/1 1404/1/1
f 1406/4/1 1403/4/1 1402/4/1
f 1407/4/1 1403/4/1 1406/4/1
f 1408/4/1 1405/4/1 1404/4/1
f 1409/4/1 1405/4/1 1408/4/1
f 1410/1/1 1407/1/1 1406/1/1
f 1411/1/1 1407/1/1 1410/1/1
f 1413/1/1 1409/1/1 1408/1/1
f 1414/1/1 1409/1/1 1413/1/1
f 1415/5/1 1411/5/1 1410/5/1
f 1416/5/1 1411/5/1 1415/5/1
f 1418/5/1 1413/5/1 1412/5/1
f 1418/5/1 1414/5/1 1413/5/1
f 1419/5/1 1414/5/1 1418/5/1
f 1420/5/1 1414/5/1 1419/5/1
f 1421/5/1 1416/5/1 1415/5/1
f 1421/5/1 1417/5/1 1416/5/1
f 1422/5/1 1417/5/1 1421/5/1
f 1423/5/1 1417/5/1 1422/5/1
f 1428/2/1 1425/2/1 1424/2/1
f 1429/2/1 1425/2/1 1428/2/1
f 1430/2/1 1427/2/1 1426/2/1
f 1431/2/1 1427/2/1 1430/2/1
f 1432/5/1 1429/5/1 1428/5/1
f 1433/5/1 1429/5/1 1432/5/1
f 1434/1/1 1433/1/1 1432/1/1
f 1435/1/1 1433/1/1 1434/1/1
f 1436/4/1 1431/4/1 1430/4/1
f 1437/4/1 1431/4/1 1436/4/1
f 1438/5/1 1435/5/1 1434/5/1
f 1439/5/1 1435/5/1 1438/5/1
f 1440/5/1 1437/5/1 1436/5/1
f 1441/5/1 1437/5/1 1440/5/1
f 1442/3/1 1441/3/1 1440/3/1
f 1443/3/1 1441/3/1 1442/3/1
f 1444/2/1 1439/2/1 1438/2/1
f 1445/2/1 1439/2/1 1444/2/1
f 1446/2/1 1443/2/1 1442/2/1
f 1447/2/1 1443/2/1 1446/2/1
f 1448/1/1 1445/1/1 1444/1/1
f 1449/1/1 1445/1/1 1448/1/1
f 1451/5/1 1447/5/1 1446/5/1
f 1452/4/1 1449/4/1 1448/4/1
f 1453/5/1 1450/5/1 1449/5/1
f 1453/4/1 1449/4/1 1452/4/1
f 1454/4/1 1451/4/1 1450/4/1
f 1454/5/1 1450/5/1 1453/5/1
f 1455/5/1 1447/5/1 1451/5/1
f 1455/4/1 1451/4/1 1454/4/1
f 1456/5/1 1447/5/1 1455/5/1
f 1461/2/1 1458/2/1 1457/2/1
f 1462/2/1 1458/2/1 1461/2/1
f 1463/2/1 1460/2/1 1459/2/1
f 1464/2/1 1460/2/1 1463/2/1
f 1465/3/1 1462/3/1 1461/3/1
f 1466/3/1 1462/3/1 1465/3/1
f 1467/3/1 1464/3/1 1463/3/1
f 1468/2/1 1466/2/1 1465/2/1
f 1469/2/1 1466/2/1 1468/2/1
f 1470/3/1 1464/3/1 1467/3/1
f 1471/3/1 1464/3/1 1470/3/1
f 1476/2/1 1473/2/1 1472/2/1
f 1477/2/1 1475/2/1 1474/2/1
f 1478/2/1 1476/2/1 1472/2/1
f 1479/2/1 1478/2/1 1472/2/1
f 1480/2/1 1478/2/1 1479/2/1
f 1481/2/1 1475/2/1 1477/2/1
f 1482/2/1 1475/2/1 1481/2/1
f 1487/2/1 1484/2/1 1483/2/1
f 1488/2/1 1484/2/1 1487/2/1
f 1489/2/1 1486/2/1 1485/2/1
f 1490/3/1 1488/3/1 1487/3/1
f 1491/3/1 1488/3/1 1490/3/1
f 1492/2/1 1486/2/1 1489/2/1
f 1493/2/1 1486/2/1 1492/2/1
f 1494/1/1 1491/1/1 1490/1/1
f 1495/1/1 1491/1/1 1494/1/1
f 1496/5/1 1493/5/1 1492/5/1
f 1497/5/1 1493/5/1 1496/5/1
f 1502/1/1 1499/1/1 1498/1/1
f 1503/1/1 1499/1/1 1502/1/1
f 1504/4/1 1501/4/1 1500/4/1
f 1505/4/1 1501/4/1 1504/4/1
f 1506/2/1 1503/2/1 1502/2/1
f 1507/2/1 1503/2/1 1506/2/1
f 1508/2/1 1505/2/1 1504/2/1
f 1509/2/1 1505/2/1 1508/2/1
f 1518/3/1 1513/3/1 1512/3/1
f 1519/3/1 1513/3/1 1518/3/1
f 1520/2/1 1511/2/1 1510/2/1
f 1521/2/1 1511/2/1 1520/2/1
f 1522/2/1 1519/2/1 1518/2/1
f 1523/3/1 1515/3/1 1514/3/1
f 1524/3/1 1515/3/1 1523/3/1
f 1525/3/1 1517/3/1 1516/3/1
f 1526/3/1 1517/3/1 1525/3/1
f 1527/4/1 1521/4/1 1520/4/1
f 1528/4/1 1521/4/1 1527/4/1
f 1529/2/1 1522/2/1 1518/2/1
f 1530/2/1 1522/2/1 1529/2/1
f 1531/2/1 1524/2/1 1523/2/1
f 1532/2/1 1524/2/1 1531/2/1
f 1533/4/1 1526/4/1 1525/4/1
f 1534/4/1 1526/4/1 1533/4/1
f 1535/3/1 1528/3/1 1527/3/1
f 1536/3/1 1528/3/1 1535/3/1
f 1537/3/1 1534/3/1 1533/3/1
f 1538/3/1 1534/3/1 1537/3/1
f 1539/4/1 1536/4/1 1535/4/1
f 1540/4/1 1536/4/1 1539/4/1
f 1541/5/1 1538/5/1 1537/5/1
f 1542/5/1 1538/5/1 1541/5/1
f 1543/2/1 1540/2/1 1539/2/1
f 1544/2/1 1540/2/1 1543/2/1
f 1545/2/1 1542/2/1 1541/2/1
f 1546/2/1 1542/2/1 1545/2/1
f 1547/3/1 1544/3/1 1543/3/1
f 1548/3/1 1544/3/1 1547/3/1
f 1549/3/1 1546/3/1 1545/3/1
f 1550/3/1 1546/3/1 1549/3/1
f 1551/5/1 1548/5/1 1547/5/1
f 1552/5/1 1548/5/1 1551/5/1
f 1553/4/1 1550/4/1 1549/4/1
f 1554/4/1 1550/4/1 1553/4/1
f 1555/3/1 1552/3/1 1551/3/1
f 1556/3/1 1552/3/1 1555/3/1
f 1557/2/1 1554/2/1 1553/2/1
f 1558/2/1 1554/2/1 1557/2/1
f 1563/2/1 1560/2/1 1559/2/1
f 1564/2/1 1560/2/1 1563/2/1
f 1565/2/1 1562/2/1 1561/2/1
f 1566/2/1 1562/2/1 1565/2/1
f 1567/4/1 1564/4/1 1563/4/1
f 1568/4/1 1564/4/1 1567/4/1
f 1569/5/1 1566/5/1 1565/5/1
f 1570/5/1 1566/5/1 1569/5/1
f 1571/2/1 1568/2/1 1567/2/1
f 1572/3/1 1570/3/1 1569/3/1
f 1573/2/1 1571/2/1 1567/2/1
f 1574/2/1 1571/2/1 1573/2/1
f 1575/3/1 1570/3/1 1572/3/1
f 1576/3/1 1570/3/1 1575/3/1
f 1577/5/1 1574/5/1 1573/5/1
f 1578/5/1 1574/5/1 1577/5/1
f 1579/1/1 1576/1/1 1575/1/1
f 1580/1/1 1576/1/1 1579/1/1
f 1581/2/1 1578/2/1 1577/2/1
f 1582/2/1 1578/2/1 1581/2/1
f 1587/2/1 1580/2/1 1579/2/1
f 1588/2/1 1580/2/1 1587/2/1
f 1589/4/1 1582/4/1 1581/4/1
f 1590/4/1 1582/4/1 1589/4/1
f 1591/2/1 1584/2/1 1583/2/1
f 1592/2/1 1586/2/1 1585/2/1
f 1593/1/1 1588/1/1 1587/1/1
f 1594/1/1 1588/1/1 1593/1/1
f 1595/3/1 1590/3/1 1589/3/1
f 1596/3/1 1590/3/1 1595/3/1
f 1597/2/1 1591/2/1 1583/2/1
f 1598/2/1 1591/2/1 1597/2/1
f 1599/2/1 1586/2/1 1592/2/1
f 1600/2/1 1586/2/1 1599/2/1
f 1601/2/1 1596/2/1 1595/2/1
f 1602/2/1 1596/2/1 1601/2/1
f 1603/3/1 1598/3/1 1597/3/1
f 1604/3/1 1598/3/1 1603/3/1
f 1605/3/1 1600/3/1 1599/3/1
f 1606/3/1 1600/3/1 1605/3/1
f 1607/3/1 1594/3/1 1593/3/1
f 1608/3/1 1594/3/1 1607/3/1
f 1613/4/1 1610/4/1 1609/4/1
f 1614/4/1 1610/4/1 1613/4/1
f 1615/4/1 1612/4/1 1611/4/1
f 1616/4/1 1612/4/1 1615/4/1
f 1617/5/1 1614/5/1 1613/5/1
f 1618/5/1 1614/5/1 1617/5/1
f 1619/1/1 1616/1/1 1615/1/1
f 1620/1/1 1616/1/1 1619/1/1
f 1621/2/1 1618/2/1 1617/2/1
f 1622/2/1 1618/2/1 1621/2/1
f 1623/3/1 1620/3/1 1619/3/1
f 1624/3/1 1620/3/1 1623/3/1
f 1629/3/1 1626/3/1 1625/3/1
f 1630/3/1 1626/3/1 1629/3/1
f 1631/3/1 1628/3/1 1627/3/1
f 1632/3/1 1628/3/1 1631/3/1
f 1633/4/1 1630/4/1 1629/4/1
f 1634/5/1 1632/5/1 1631/5/1
f 1635/5/1 1632/5/1 1634/5/1
f 1636/4/1 1633/4/1 1629/4/1
f 1637/4/1 1633/4/1 1636/4/1
f 1638/1/1 1635/1/1 1634/1/1
f 1639/1/1 1635/1/1 1638/1/1
f 1644/2/1 1641/2/1 1640/2/1
f 1645/2/1 1641/2/1 1644/2/1
f 1646/3/1 1643/3/1 1642/3/1
f 1647/3/1 1645/3/1 1644/3/1
f 1648/3/1 1646/3/1 1642/3/1
f 1649/3/1 1646/3/1 1648/3/1
f 1650/3/1 1645/3/1 1647/3/1
f 1651/3/1 1645/3/1 1650/3/1
f 1652/2/1 1651/2/1 1650/2/1
f 1653/2/1 1651/2/1 1652/2/1
f 1654/2/1 1649/2/1 1648/2/1
f 1655/3/1 1653/3/1 1652/3/1
f 1656/3/1 1653/3/1 1655/3/1
f 1657/2/1 1654/2/1 1648/2/1
f 1658/2/1 1654/2/1 1657/2/1
f 1659/5/1 1656/5/1 1655/5/1
f 1660/5/1 1656/5/1 1659/5/1
f 1661/5/1 1658/5/1 1657/5/1
f 1662/5/1 1658/5/1 1661/5/1
f 1663/1/1 1660/1/1 1659/1/1
f 1664/1/1 1660/1/1 1663/1/1
f 1665/4/1 1662/4/1 1661/4/1
f 1666/4/1 1662/4/1 1665/4/1
f 1667/4/1 1664/4/1 1663/4/1
f 1668/4/1 1664/4/1 1667/4/1
f 1669/5/1 1666/5/1 1665/5/1
f 1670/5/1 1666/5/1 1669/5/1
f 1671/2/1 1668/2/1 1667/2/1
f 1672/2/1 1668/2/1 1671/2/1
f 1673/3/1 1670/3/1 1669/3/1
f 1674/3/1 1670/3/1 1673/3/1
f 1679/2/1 1676/2/1 1675/2/1
f 1680/2/1 1676/2/1 1679/2/1
f 1681/2/1 1678/2/1 1677/2/1
f 1682/2/1 1678/2/1 1681/2/1
f 1683/1/1 1682/1/1 1681/1/1
f 1684/5/1 1680/5/1 1679/5/1
f 1685/1/1 1683/1/1 1681/1/1
f 1686/1/1 1683/1/1 1685/1/1
f 1687/5/1 1680/5/1 1684/5/1
f 1688/5/1 1680/5/1 1687/5/1
f 1689/4/1 1686/4/1 1685/4/1
f 1690/4/1 1686/4/1 1689/4/1
f 1691/3/1 1688/3/1 1687/3/1
f 1692/3/1 1690/3/1 1689/3/1
f 1693/3/1 1690/3/1 1692/3/1
f 1694/3/1 1688/3/1 1691/3/1
f 1695/2/1 1693/2/1 1692/2/1
f 1696/2/1 1693/2/1 1695/2/1
f 1697/3/1 1696/3/1 1695/3/1
f 1698/3/1 1688/3/1 1694/3/1
f 1699/3/1 1688/3/1 1698/3/1
f 1700/3/1 1688/3/1 1699/3/1
f 1701/3/1 1697/3/1 1695/3/1
f 1702/3/1 1697/3/1 1701/3/1
f 1711/2/1 1704/2/1 1703/2/1
f 1712/2/1 1704/2/1 1711/2/1
f 1713/2/1 1706/2/1 1705/2/1
f 1714/2/1 1706/2/1 1713/2/1
f 1715/3/1 1710/3/1 1709/3/1
f 1716/3/1 1710/3/1 1715/3/1
f 1717/3/1 1712/3/1 1711/3/1
f 1718/3/1 1712/3/1 1717/3/1
f 1719/3/1 1714/3/1 1713/3/1
f 1720/3/1 1714/3/1 1719/3/1
f 1721/3/1 1708/3/1 1707/3/1
f 1722/3/1 1708/3/1 1721/3/1
f 1723/2/1 1716/2/1 1715/2/1
f 1724/2/1 1716/2/1 1723/2/1
f 1725/2/1 1718/2/1 1717/2/1
f 1726/2/1 1718/2/1 1725/2/1
f 1727/2/1 1720/2/1 1719/2/1
f 1728/2/1 1720/2/1 1727/2/1
f 1729/2/1 1722/2/1 1721/2/1
f 1730/2/1 1722/2/1 1729/2/1
f 1731/3/1 1724/3/1 1723/3/1
f 1732/3/1 1724/3/1 1731/3/1
f 1733/5/1 1726/5/1 1725/5/1
f 1734/5/1 1726/5/1 1733/5/1
f 1735/5/1 1726/5/1 1734/5/1
f 1736/4/1 1732/4/1 1731/4/1
f 1737/4/1 1732/4/1 1736/4/1
f 1738/1/1 1735/1/1 1734/1/1
f 1739/1/1 1735/1/1 1738/1/1
f 1740/1/1 1737/1/1 1736/1/1
f 1741/1/1 1737/1/1 1740/1/1
f 1742/2/1 1739/2/1 1738/2/1
f 1743/2/1 1739/2/1 1742/2/1
f 1744/3/1 1741/3/1 1740/3/1
f 1745/3/1 1741/3/1 1744/3/1
f 1746/4/1 1743/4/1 1742/4/1
f 1747/4/1 1743/4/1 1746/4/1
f 1748/5/1 1745/5/1 1744/5/1
f 1749/5/1 1745/5/1 1748/5/1
f 1750/2/1 1747/2/1 1746/2/1
f 1751/2/1 1747/2/1 1750/2/1
f 1752/2/1 1749/2/1 1748/2/1
f 1753/2/1 1749/2/1 1752/2/1
f 1758/3/1 1755/3/1 1754/3/1
f 1759/3/1 1755/3/1 1758/3/1
f 1760/3/1 1757/3/1 1756/3/1
f 1761/3/1 1757/3/1 1760/3/1
f 1762/1/1 1759/1/1 1758/1/1
f 1763/1/1 1759/1/1 1762/1/1
f 1764/4/1 1761/4/1 1760/4/1
f 1765/4/1 1761/4/1 1764/4/1
f 1766/3/1 1763/3/1 1762/3/1
f 1767/3/1 1763/3/1 1766/3/1
f 1768/2/1 1765/2/1 1764/2/1
f 1769/2/1 1765/2/1 1768/2/1
f 1770/5/1 1767/5/1 1766/5/1
f 1771/5/1 1767/5/1 1770/5/1
f 1772/5/1 1769/5/1 1768/5/1
f 1773/5/1 1772/5/1 1768/5/1
f 1774/5/1 1772/5/1 1773/5/1
f 1775/4/1 1771/4/1 1770/4/1
f 1776/4/1 1771/4/1 1775/4/1
f 1781/1/1 1774/1/1 1773/1/1
f 1782/1/1 1774/1/1 1781/1/1
f 1783/2/1 1778/2/1 1777/2/1
f 1784/2/1 1780/2/1 1779/2/1
f 1785/2/1 1780/2/1 1784/2/1
f 1786/2/1 1778/2/1 1783/2/1
f 1787/3/1 1785/3/1 1784/3/1
f 1788/3/1 1785/3/1 1787/3/1
f 1789/2/1 1776/2/1 1775/2/1
f 1790/2/1 1776/2/1 1789/2/1
f 1791/2/1 1778/2/1 1786/2/1
f 1792/2/1 1778/2/1 1791/2/1
f 1793/2/1 1788/2/1 1787/2/1
f 1794/2/1 1788/2/1 1793/2/1
f 1795/2/1 1782/2/1 1781/2/1
f 1796/2/1 1782/2/1 1795/2/1
f 1801/3/1 1798/3/1 1797/3/1
f 1802/3/1 1798/3/1 1801/3/1
f 1803/2/1 1800/2/1 1799/2/1
f 1804/2/1 1800/2/1 1803/2/1
f 1805/2/1 1802/2/1 1801/2/1
f 1806/2/1 1802/2/1 1805/2/1
f 1807/3/1 1804/3/1 1803/3/1
f 1808/3/1 1806/3/1 1805/3/1
f 1809/3/1 1807/3/1 1803/3/1
f 1810/3/1 1807/3/1 1809/3/1
f 1811/3/1 1806/3/1 1808/3/1
f 1812/3/1 1806/3/1 1811/3/1
f 1813/3/1 1806/3/1 1812/3/1
f 1814/2/1 1810/2/1 1809/2/1
f 1815/2/1 1810/2/1 1814/2/1
f 1816/4/1 1813/4/1 1812/4/1
f 1817/4/1 1813/4/1 1816/4/1
f 1818/5/1 1815/5/1 1814/5/1
f 1819/5/1 1815/5/1 1818/5/1
f 1820/5/1 1817/5/1 1816/5/1
f 1821/5/1 1817/5/1 1820/5/1
f 1822/1/1 1819/1/1 1818/1/1
f 1823/4/1 1821/4/1 1820/4/1
f 1824/4/1 1821/4/1 1823/4/1
f 1825/1/1 1822/1/1 1818/1/1
f 1826/5/1 1824/5/1 1823/5/1
f 1827/5/1 1824/5/1 1826/5/1
f 1828/1/1 1825/1/1 1818/1/1
f 1829/1/1 1825/1/1 1828/1/1
f 1834/4/1 1831/4/1 1830/4/1
f 1835/4/1 1831/4/1 1834/4/1
f 1836/4/1 1833/4/1 1832/4/1
f 1837/5/1 1835/5/1 1834/5/1
f 1838/5/1 1835/5/1 1837/5/1
f 1839/4/1 1836/4/1 1832/4/1
f 1840/4/1 1836/4/1 1839/4/1
f 1841/1/1 1838/1/1 1837/1/1
f 1842/5/1 1840/5/1 1839/5/1
f 1843/5/1 1840/5/1 1842/5/1
f 1844/1/1 1838/1/1 1841/1/1
f 1845/1/1 1838/1/1 1844/1/1
f 1846/1/1 1843/1/1 1842/1/1
f 1847/1/1 1843/1/1 1846/1/1
f 1848/3/1 1845/3/1 1844/3/1
f 1849/3/1 1845/3/1 1848/3/1
f 1850/2/1 1847/2/1 1846/2/1
f 1851/2/1 1847/2/1 1850/2/1
f 1852/2/1 1849/2/1 1848/2/1
f 1853/2/1 1849/2/1 1852/2/1
f 1854/3/1 1853/3/1 1852/3/1
f 1855/3/1 1851/3/1 1850/3/1
f 1856/3/1 1851/3/1 1855/3/1
f 1857/3/1 1853/3/1 1854/3/1
f 1858/2/1 1856/2/1 1855/2/1
f 1859/2/1 1856/2/1 1858/2/1
f 1860/3/1 1853/3/1 1857/3/1
f 1861/3/1 1853/3/1 1860/3/1
f 1862/3/1 1859/3/1 1858/3/1
f 1863/3/1 1859/3/1 1862/3/1
f 1868/3/1 1865/3/1 1864/3/1
f 1869/3/1 1865/3/1 1868/3/1
f 1870/2/1 1867/2/1 1866/2/1
f 1871/2/1 1867/2/1 1870/2/1
f 1872/1/1 1869/1/1 1868/1/1
f 1873/1/1 1869/1/1 1872/1/1
f 1874/4/1 1871/4/1 1870/4/1
f 1875/4/1 1871/4/1 1874/4/1
f 1876/2/1 1875/2/1 1874/2/1
f 1877/2/1 1875/2/1 1876/2/1
f 1878/2/1 1873/2/1 1872/2/1
f 1879/2/1 1873/2/1 1878/2/1
f 1880/3/1 1879/3/1 1878/3/1
f 1881/3/1 1879/3/1 1880/3/1
f 1882/3/1 1877/3/1 1876/3/1
f 1883/2/1 1881/2/1 1880/2/1
f 1884/2/1 1881/2/1 1883/2/1
f 1885/3/1 1882/3/1 1876/3/1
f 1886/3/1 1882/3/1 1885/3/1
f 1887/4/1 1884/4/1 1883/4/1
f 1888/1/1 1886/1/1 1885/1/1
f 1889/1/1 1886/1/1 1888/1/1
f 1890/4/1 1884/4/1 1887/4/1
f 1891/4/1 1884/4/1 1890/4/1
f 1892/4/1 1884/4/1 1891/4/1
f 1893/4/1 1889/4/1 1888/4/1
f 1894/4/1 1889/4/1 1893/4/1
f 1899/1/1 1896/1/1 1895/1/1
f 1900/5/1 1898/5/1 1897/5/1
f 1901/5/1 1898/5/1 1900/5/1
f 1902/1/1 1896/1/1 1899/1/1
f 1903/1/1 1896/1/1 1902/1/1
f 1904/4/1 1901/4/1 1900/4/1
f 1905/4/1 1903/4/1 1902/4/1
f 1906/4/1 1903/4/1 1905/4/1
f 1907/4/1 1904/4/1 1900/4/1
f 1908/4/1 1904/4/1 1907/4/1
f 1909/3/1 1906/3/1 1905/3/1
f 1910/3/1 1908/3/1 1907/3/1
f 1911/3/1 1906/3/1 1909/3/1
f 1912/3/1 1906/3/1 1911/3/1
f 1913/3/1 1910/3/1 1907/3/1
f 1914/3/1 1910/3/1 1913/3/1
f 1915/2/1 1912/2/1 1911/2/1
f 1916/2/1 1912/2/1 1915/2/1
f 1917/2/1 1914/2/1 1913/2/1
f 1918/2/1 1914/2/1 1917/2/1
f 1919/3/1 1916/3/1 1915/3/1
f 1920/3/1 1916/3/1 1919/3/1
f 1921/3/1 1918/3/1 1917/3/1
f 1922/3/1 1918/3/1 1921/3/1
f 1923/1/1 1920/1/1 1919/1/1
f 1924/1/1 1920/1/1 1923/1/1
f 1925/1/1 1922/1/1 1921/1/1
f 1926/1/1 1922/1/1 1925/1/1
f 1927/3/1 1924/3/1 1923/3/1
f 1928/3/1 1924/3/1 1927/3/1
f 1929/3/1 1926/3/1 1925/3/1
f 1930/3/1 1926/3/1 1929/3/1
f 1938/1/1 1932/1/1 1931/1/1
f 1939/1/1 1932/1/1 1938/1/1
f 1940/3/1 1933/3/1 1932/3/1
f 1940/1/1 1932/1/1 1939/1/1
f 1941/3/1 1935/3/1 1934/3/1
f 1942/5/1 1936/5/1 1935/5/1
f 1942/3/1 1935/3/1 1941/3/1
f 1943/1/1 1937/1/1 1936/1/1
f 1943/5/1 1936/5/1 1942/5/1
f 1944/1/1 1937/1/1 1943/1/1
f 1945/5/1 1939/5/1 1938/5/1
f 1946/4/1 1940/4/1 1939/4/1
f 1946/5/1 1939/5/1 1945/5/1
f 1947/3/1 1933/3/1 1940/3/1
f 1947/4/1 1940/4/1 1946/4/1
f 1948/2/1 1942/2/1 1941/2/1
f 1949/1/1 1943/1/1 1942/1/1
f 1949/2/1 1942/2/1 1948/2/1
f 1949/1/1 1944/1/1 1943/1/1
f 1950/1/1 1944/1/1 1949/1/1
f 1951/5/1 1946/5/1 1945/5/1
f 1952/1/1 1947/1/1 1946/1/1
f 1952/5/1 1946/5/1 1951/5/1
f 1953/3/1 1933/3/1 1947/3/1
f 1953/1/1 1947/1/1 1952/1/1
f 1954/3/1 1933/3/1 1953/3/1
f 1955/3/1 1949/3/1 1948/3/1
f 1956/5/1 1950/5/1 1949/5/1
f 1956/3/1 1949/3/1 1955/3/1
f 1957/5/1 1950/5/1 1956/5/1
f 1958/5/1 1950/5/1 1957/5/1
f 1959/2/1 1952/2/1 1951/2/1
f 1960/5/1 1954/5/1 1953/5/1
f 1960/1/1 1953/1/1 1952/1/1
f 1961/5/1 1954/5/1 1960/5/1
f 1962/5/1 1956/5/1 1955/5/1
f 1963/1/1 1957/1/1 1956/1/1
f 1963/5/1 1956/5/1 1962/5/1
f 1964/3/1 1958/3/1 1957/3/1
f 1964/1/1 1957/1/1 1963/1/1
f 1965/3/1 1958/3/1 1964/3/1
f 1966/2/1 1952/2/1 1959/2/1
f 1967/1/1 1960/1/1 1952/1/1
f 1967/2/1 1952/2/1 1966/2/1
f 1968/2/1 1961/2/1 1960/2/1
f 1968/1/1 1960/1/1 1967/1/1
f 1969/2/1 1961/2/1 1968/2/1
f 1970/2/1 1963/2/1 1962/2/1
f 1971/1/1 1964/1/1 1963/1/1
f 1971/2/1 1963/2/1 1970/2/1
f 1972/2/1 1965/2/1 1964/2/1
f 1972/1/1 1964/1/1 1971/1/1
f 1973/2/1 1965/2/1 1972/2/1
f 1974/3/1 1967/3/1 1966/3/1
f 1975/3/1 1969/3/1 1968/3/1
f 1975/5/1 1968/5/1 1967/5/1
f 1976/3/1 1969/3/1 1975/3/1
f 1977/3/1 1971/3/1 1970/3/1
f 1977/1/1 1972/1/1 1971/1/1
f 1978/3/1 1973/3/1 1972/3/1
f 1978/1/1 1972/1/1 1977/1/1
f 1979/3/1 1973/3/1 1978/3/1
f 1980/2/1 1976/2/1 1975/2/1
f 1980/5/1 1975/5/1 1967/5/1
f 1981/2/1 1976/2/1 1980/2/1
f 1982/3/1 1977/3/1 1970/3/1
f 1983/5/1 1978/5/1 1977/5/1
f 1983/3/1 1977/3/1 1982/3/1
f 1984/3/1 1979/3/1 1978/3/1
f 1984/5/1 1978/5/1 1983/5/1
f 1985/3/1 1979/3/1 1984/3/1
f 1986/3/1 1967/3/1 1974/3/1
f 1987/5/1 1980/5/1 1967/5/1
f 1987/3/1 1967/3/1 1986/3/1
f 1988/1/1 1981/1/1 1980/1/1
f 1988/5/1 1980/5/1 1987/5/1
f 1989/1/1 1981/1/1 1988/1/1
f 1990/1/1 1983/1/1 1982/1/1
f 1991/4/1 1984/4/1 1983/4/1
f 1991/1/1 1983/1/1 1990/1/1
f 1992/3/1 1985/3/1 1984/3/1
f 1992/4/1 1984/4/1 1991/4/1
f 1993/3/1 1985/3/1 1992/3/1
f 1994/1/1 1987/1/1 1986/1/1
f 1995/4/1 1988/4/1 1987/4/1
f 1995/1/1 1987/1/1 1994/1/1
f 1996/2/1 1989/2/1 1988/2/1
f 1996/4/1 1988/4/1 1995/4/1
f 1997/2/1 1989/2/1 1996/2/1
f 1998/2/1 1991/2/1 1990/2/1
f 1999/5/1 1992/5/1 1991/5/1
f 1999/2/1 1991/2/1 1998/2/1
f 1999/5/1 1993/5/1 1992/5/1
f 2000/5/1 1993/5/1 1999/5/1
f 2009/4/1 2002/4/1 2001/4/1
f 2010/1/1 2003/1/1 2002/1/1
f 2010/4/1 2002/4/1 2009/4/1
f 2011/3/1 2004/3/1 2003/3/1
f 2011/1/1 2003/1/1 2010/1/1
f 2012/3/1 2004/3/1 2011/3/1
f 2013/3/1 2006/3/1 2005/3/1
f 2014/1/1 2007/1/1 2006/1/1
f 2014/3/1 2006/3/1 2013/3/1
f 2015/5/1 2008/5/1 2007/5/1
f 2015/1/1 2007/1/1 2014/1/1
f 2016/5/1 2008/5/1 2015/5/1
f 2017/2/1 2010/2/1 2009/2/1
f 2018/5/1 2012/5/1 2011/5/1
f 2018/2/1 2010/2/1 2017/2/1
f 2018/5/1 2011/5/1 2010/5/1
f 2019/5/1 2012/5/1 2018/5/1
f 2020/5/1 2012/5/1 2019/5/1
f 2021/5/1 2014/5/1 2013/5/1
f 2022/4/1 2015/4/1 2014/4/1
f 2022/5/1 2014/5/1 2021/5/1
f 2023/3/1 2016/3/1 2015/3/1
f 2023/4/1 2015/4/1 2022/4/1
f 2024/3/1 2016/3/1 2023/3/1
f 2025/3/1 2018/3/1 2017/3/1
f 2026/5/1 2019/5/1 2018/5/1
f 2026/3/1 2018/3/1 2025/3/1
f 2027/2/1 2020/2/1 2019/2/1
f 2027/5/1 2019/5/1 2026/5/1
f 2028/3/1 2022/3/1 2021/3/1
f 2028/4/1 2023/4/1 2022/4/1
f 2029/2/1 2024/2/1 2023/2/1
f 2029/4/1 2023/4/1 2028/4/1
f 2030/2/1 2024/2/1 2029/2/1
f 2031/2/1 2020/2/1 2027/2/1
f 2031/1/1 2027/1/1 2026/1/1
f 2032/2/1 2020/2/1 2031/2/1
f 2033/3/1 2028/3/1 2021/3/1
f 2033/1/1 2029/1/1 2028/1/1
f 2034/2/1 2030/2/1 2029/2/1
f 2034/1/1 2029/1/1 2033/1/1
f 2035/3/1 2026/3/1 2025/3/1
f 2036/3/1 2032/3/1 2031/3/1
f 2036/1/1 2031/1/1 2026/1/1
f 2037/3/1 2032/3/1 2036/3/1
f 2038/3/1 2033/3/1 2021/3/1
f 2039/5/1 2034/5/1 2033/5/1
f 2039/3/1 2033/3/1 2038/3/1
f 2040/2/1 2030/2/1 2034/2/1
f 2040/5/1 2034/5/1 2039/5/1
f 2041/2/1 2030/2/1 2040/2/1
f 2042/3/1 2026/3/1 2035/3/1
f 2043/1/1 2036/1/1 2026/1/1
f 2043/3/1 2026/3/1 2042/3/1
f 2044/5/1 2037/5/1 2036/5/1
f 2044/1/1 2036/1/1 2043/1/1
f 2045/5/1 2037/5/1 2044/5/1
f 2046/4/1 2039/4/1 2038/4/1
f 2046/4/1 2040/4/1 2039/4/1
f 2047/4/1 2040/4/1 2046/4/1
f 2048/3/1 2041/3/1 2040/3/1
f 2048/4/1 2040/4/1 2047/4/1
f 2049/3/1 2041/3/1 2048/3/1
f 2050/4/1 2043/4/1 2042/4/1
f 2051/5/1 2044/5/1 2043/5/1
f 2051/4/1 2043/4/1 2050/4/1
f 2052/2/1 2045/2/1 2044/2/1
f 2052/5/1 2044/5/1 2051/5/1
f 2053/2/1 2045/2/1 2052/2/1
f 2054/3/1 2047/3/1 2046/3/1
f 2054/5/1 2048/5/1 2047/5/1
f 2054/5/1 2049/5/1 2048/5/1
f 2055/5/1 2049/5/1 2054/5/1
f 2056/5/1 2049/5/1 2055/5/1
f 2057/5/1 2051/5/1 2050/5/1
f 2058/4/1 2052/4/1 2051/4/1
f 2058/5/1 2051/5/1 2057/5/1
f 2059/3/1 2053/3/1 2052/3/1
f 2059/4/1 2052/4/1 2058/4/1
f 2060/3/1 2053/3/1 2059/3/1
f 2061/3/1 2054/3/1 2046/3/1
f 2062/1/1 2055/1/1 2054/1/1
f 2062/3/1 2054/3/1 2061/3/1
f 2063/4/1 2056/4/1 2055/4/1
f 2063/1/1 2055/1/1 2062/1/1
f 2064/4/1 2056/4/1 2063/4/1
f 2065/4/1 2058/4/1 2057/4/1
f 2066/5/1 2059/5/1 2058/5/1
f 2066/4/1 2058/4/1 2065/4/1
f 2067/2/1 2060/2/1 2059/2/1
f 2067/5/1 2059/5/1 2066/5/1
f 2068/2/1 2060/2/1 2067/2/1
f 2069/2/1 2062/2/1 2061/2/1
f 2070/5/1 2063/5/1 2062/5/1
f 2070/2/1 2062/2/1 2069/2/1
f 2070/5/1 2064/5/1 2063/5/1
f 2071/5/1 2064/5/1 2070/5/1
f 2079/2/1 2073/2/1 2072/2/1
f 2080/3/1 2074/3/1 2073/3/1
f 2080/2/1 2073/2/1 2079/2/1
f 2081/2/1 2075/2/1 2074/2/1
f 2081/3/1 2074/3/1 2080/3/1
f 2082/2/1 2075/2/1 2081/2/1
f 2083/3/1 2076/3/1 2075/3/1
f 2083/2/1 2077/2/1 2076/2/1
f 2084/2/1 2077/2/1 2083/2/1
f 2085/3/1 2078/3/1 2077/3/1
f 2085/2/1 2077/2/1 2084/2/1
f 2086/3/1 2078/3/1 2085/3/1
f 2087/3/1 2078/3/1 2086/3/1
f 2088/4/1 2080/4/1 2079/4/1
f 2088/4/1 2082/4/1 2081/4/1
f 2088/4/1 2081/4/1 2080/4/1
f 2089/4/1 2082/4/1 2088/4/1
f 2090/4/1 2082/4/1 2089/4/1
f 2091/2/1 2075/2/1 2082/2/1
f 2091/4/1 2082/4/1 2090/4/1
f 2092/3/1 2084/3/1 2083/3/1
f 2092/2/1 2075/2/1 2091/2/1
f 2092/3/1 2083/3/1 2075/3/1
f 2093/3/1 2084/3/1 2092/3/1
f 2094/1/1 2085/1/1 2084/1/1
f 2094/3/1 2084/3/1 2093/3/1
f 2095/5/1 2086/5/1 2085/5/1
f 2095/1/1 2085/1/1 2094/1/1
f 2096/1/1 2087/1/1 2086/1/1
f 2096/5/1 2086/5/1 2095/5/1
f 2097/1/1 2087/1/1 2096/1/1
f 2098/2/1 2089/2/1 2088/2/1
f 2099/1/1 2091/1/1 2090/1/1
f 2099/3/1 2093/3/1 2092/3/1
f 2099/3/1 2092/3/1 2091/3/1
f 2100/3/1 2093/3/1 2099/3/1
f 2101/3/1 2093/3/1 2100/3/1
f 2102/2/1 2094/2/1 2093/2/1
f 2102/3/1 2093/3/1 2101/3/1
f 2103/1/1 2095/1/1 2094/1/1
f 2103/2/1 2094/2/1 2102/2/1
f 2104/4/1 2096/4/1 2095/4/1
f 2104/1/1 2095/1/1 2103/1/1
f 2105/3/1 2097/3/1 2096/3/1
f 2105/4/1 2096/4/1 2104/4/1
f 2106/3/1 2097/3/1 2105/3/1
f 2107/2/1 2089/2/1 2098/2/1
f 2108/4/1 2090/4/1 2089/4/1
f 2108/2/1 2089/2/1 2107/2/1
f 2109/1/1 2099/1/1 2090/1/1
f 2109/4/1 2090/4/1 2108/4/1
f 2110/2/1 2100/2/1 2099/2/1
f 2110/1/1 2099/1/1 2109/1/1
f 2111/3/1 2101/3/1 2100/3/1
f 2111/2/1 2100/2/1 2110/2/1
f 2112/2/1 2102/2/1 2101/2/1
f 2112/3/1 2101/3/1 2111/3/1
f 2113/3/1 2103/3/1 2102/3/1
f 2113/2/1 2102/2/1 2112/2/1
f 2114/1/1 2104/1/1 2103/1/1
f 2114/3/1 2103/3/1 2113/3/1
f 2115/5/1 2105/5/1 2104/5/1
f 2115/1/1 2104/1/1 2114/1/1
f 2116/2/1 2106/2/1 2105/2/1
f 2116/5/1 2105/5/1 2115/5/1
f 2117/2/1 2106/2/1 2116/2/1
f 2118/2/1 2108/2/1 2107/2/1
f 2119/1/1 2109/1/1 2108/1/1
f 2119/2/1 2108/2/1 2118/2/1
f 2120/4/1 2110/4/1 2109/4/1
f 2120/1/1 2109/1/1 2119/1/1
f 2121/3/1 2111/3/1 2110/3/1
f 2121/4/1 2110/4/1 2120/4/1
f 2121/3/1 2113/3/1 2112/3/1
f 2121/3/1 2112/3/1 2111/3/1
f 2121/3/1 2114/3/1 2113/3/1
f 2122/3/1 2114/3/1 2121/3/1
f 2123/3/1 2114/3/1 2122/3/1
f 2124/5/1 2115/5/1 2114/5/1
f 2124/3/1 2114/3/1 2123/3/1
f 2125/4/1 2116/4/1 2115/4/1
f 2125/5/1 2115/5/1 2124/5/1
f 2126/2/1 2117/2/1 2116/2/1
f 2127/3/1 2119/3/1 2118/3/1
f 2128/1/1 2120/1/1 2119/1/1
f 2128/3/1 2119/3/1 2127/3/1
f 2128/1/1 2121/1/1 2120/1/1
f 2129/1/1 2121/1/1 2128/1/1
f 2130/2/1 2122/2/1 2121/2/1
f 2130/1/1 2121/1/1 2129/1/1
f 2131/3/1 2123/3/1 2122/3/1
f 2131/2/1 2122/2/1 2130/2/1
f 2132/2/1 2124/2/1 2123/2/1
f 2132/3/1 2123/3/1 2131/3/1
f 2133/2/1 2124/2/1 2132/2/1
f 2134/4/1 2125/4/1 2124/4/1
f 2134/2/1 2124/2/1 2133/2/1
f 2135/4/1 2116/4/1 2125/4/1
f 2135/4/1 2125/4/1 2134/4/1
f 2136/2/1 2126/2/1 2116/2/1
f 2136/4/1 2116/4/1 2135/4/1
f 2137/2/1 2126/2/1 2136/2/1
f 2138/1/1 2128/1/1 2127/1/1
f 2139/4/1 2130/4/1 2129/4/1
f 2139/2/1 2129/2/1 2128/2/1
f 2140/1/1 2131/1/1 2130/1/1
f 2140/4/1 2130/4/1 2139/4/1
f 2141/2/1 2132/2/1 2131/2/1
f 2141/1/1 2131/1/1 2140/1/1
f 2142/3/1 2133/3/1 2132/3/1
f 2142/2/1 2132/2/1 2141/2/1
f 2143/5/1 2134/5/1 2133/5/1
f 2143/3/1 2133/3/1 2142/3/1
f 2143/5/1 2135/5/1 2134/5/1
f 2144/5/1 2135/5/1 2143/5/1
f 2145/2/1 2136/2/1 2135/2/1
f 2145/5/1 2135/5/1 2144/5/1
f 2146/4/1 2137/4/1 2136/4/1
f 2146/2/1 2136/2/1 2145/2/1
f 2147/4/1 2137/4/1 2146/4/1
f 2148/1/1 2128/1/1 2138/1/1
f 2149/2/1 2139/2/1 2128/2/1
f 2149/1/1 2128/1/1 2148/1/1
f 2150/3/1 2140/3/1 2139/3/1
f 2150/2/1 2139/2/1 2149/2/1
f 2151/4/1 2141/4/1 2140/4/1
f 2151/3/1 2140/3/1 2150/3/1
f 2152/1/1 2142/1/1 2141/1/1
f 2152/4/1 2141/4/1 2151/4/1
f 2153/4/1 2144/4/1 2143/4/1
f 2153/1/1 2142/1/1 2152/1/1
f 2153/4/1 2143/4/1 2142/4/1
f 2154/4/1 2144/4/1 2153/4/1
f 2155/3/1 2145/3/1 2144/3/1
f 2155/4/1 2144/4/1 2154/4/1
f 2155/3/1 2146/3/1 2145/3/1
f 2156/3/1 2146/3/1 2155/3/1
f 2157/4/1 2147/4/1 2146/4/1
f 2157/3/1 2146/3/1 2156/3/1
f 2158/4/1 2147/4/1 2157/4/1
f 2159/5/1 2149/5/1 2148/5/1
f 2160/4/1 2150/4/1 2149/4/1
f 2160/5/1 2149/5/1 2159/5/1
f 2161/2/1 2151/2/1 2150/2/1
f 2161/4/1 2150/4/1 2160/4/1
f 2162/3/1 2152/3/1 2151/3/1
f 2162/2/1 2151/2/1 2161/2/1
f 2163/5/1 2153/5/1 2152/5/1
f 2163/3/1 2152/3/1 2162/3/1
f 2164/1/1 2154/1/1 2153/1/1
f 2164/5/1 2153/5/1 2163/5/1
f 2165/3/1 2155/3/1 2154/3/1
f 2165/1/1 2154/1/1 2164/1/1
f 2166/2/1 2156/2/1 2155/2/1
f 2166/3/1 2155/3/1 2165/3/1
f 2167/5/1 2157/5/1 2156/5/1
f 2167/2/1 2156/2/1 2166/2/1
f 2168/4/1 2158/4/1 2157/4/1
f 2168/5/1 2157/5/1 2167/5/1
f 2169/4/1 2158/4/1 2168/4/1
f 2180/5/1 2171/5/1 2170/5/1
f 2181/4/1 2172/4/1 2171/4/1
f 2181/5/1 2171/5/1 2180/5/1
f 2182/3/1 2173/3/1 2172/3/1
f 2182/4/1 2172/4/1 2181/4/1
f 2183/2/1 2174/2/1 2173/2/1
f 2183/3/1 2173/3/1 2182/3/1
f 2184/5/1 2175/5/1 2174/5/1
f 2184/2/1 2174/2/1 2183/2/1
f 2185/1/1 2176/1/1 2175/1/1
f 2185/5/1 2175/5/1 2184/5/1
f 2186/3/1 2177/3/1 2176/3/1
f 2186/1/1 2176/1/1 2185/1/1
f 2187/2/1 2178/2/1 2177/2/1
f 2187/3/1 2177/3/1 2186/3/1
f 2188/5/1 2179/5/1 2178/5/1
f 2188/2/1 2178/2/1 2187/2/1
f 2189/5/1 2179/5/1 2188/5/1
f 2190/5/1 2179/5/1 2189/5/1
f 2191/4/1 2181/4/1 2180/4/1
f 2192/3/1 2182/3/1 2181/3/1
f 2192/4/1 2181/4/1 2191/4/1
f 2193/2/1 2183/2/1 2182/2/1
f 2193/3/1 2182/3/1 2192/3/1
f 2194/5/1 2184/5/1 2183/5/1
f 2194/2/1 2183/2/1 2193/2/1
f 2195/4/1 2185/4/1 2184/4/1
f 2195/5/1 2184/5/1 2194/5/1
f 2195/4/1 2186/4/1 2185/4/1
f 2196/5/1 2187/5/1 2186/5/1
f 2196/4/1 2186/4/1 2195/4/1
f 2197/2/1 2188/2/1 2187/2/1
f 2197/5/1 2187/5/1 2196/5/1
f 2197/2/1 2189/2/1 2188/2/1
f 2198/2/1 2189/2/1 2197/2/1
f 2199/5/1 2190/5/1 2189/5/1
f 2199/2/1 2189/2/1 2198/2/1
f 2200/5/1 2190/5/1 2199/5/1
f 2201/5/1 2192/5/1 2191/5/1
f 2202/2/1 2193/2/1 2192/2/1
f 2202/5/1 2192/5/1 2201/5/1
f 2203/4/1 2194/4/1 2193/4/1
f 2203/2/1 2193/2/1 2202/2/1
f 2204/5/1 2195/5/1 2194/5/1
f 2204/4/1 2194/4/1 2203/4/1
f 2205/3/1 2196/3/1 2195/3/1
f 2205/5/1 2195/5/1 2204/5/1
f 2206/4/1 2197/4/1 2196/4/1
f 2206/3/1 2196/3/1 2205/3/1
f 2207/1/1 2198/1/1 2197/1/1
f 2207/4/1 2197/4/1 2206/4/1
f 2208/3/1 2199/3/1 2198/3/1
f 2208/1/1 2198/1/1 2207/1/1
f 2209/4/1 2200/4/1 2199/4/1
f 2209/3/1 2199/3/1 2208/3/1
f 2210/4/1 2200/4/1 2209/4/1
f 2211/2/1 2202/2/1 2201/2/1
f 2212/1/1 2203/1/1 2202/1/1
f 2212/2/1 2202/2/1 2211/2/1
f 2212/1/1 2204/1/1 2203/1/1
f 2213/3/1 2206/3/1 2205/3/1
f 2213/1/1 2204/1/1 2212/1/1
f 2213/3/1 2205/3/1 2204/3/1
f 2214/3/1 2206/3/1 2213/3/1
f 2215/2/1 2207/2/1 2206/2/1
f 2215/3/1 2206/3/1 2214/3/1
f 2216/5/1 2208/5/1 2207/5/1
f 2216/2/1 2207/2/1 2215/2/1
f 2217/1/1 2209/1/1 2208/1/1
f 2217/5/1 2208/5/1 2216/5/1
f 2218/2/1 2210/2/1 2209/2/1
f 2218/1/1 2209/1/1 2217/1/1
f 2219/2/1 2210/2/1 2218/2/1
f 2220/3/1 2212/3/1 2211/3/1
f 2221/4/1 2213/4/1 2212/4/1
f 2221/3/1 2212/3/1 2220/3/1
f 2222/3/1 2214/3/1 2213/3/1
f 2222/4/1 2213/4/1 2221/4/1
f 2223/2/1 2215/2/1 2214/2/1
f 2223/3/1 2214/3/1 2222/3/1
f 2224/1/1 2217/1/1 2216/1/1
f 2224/3/1 2216/3/1 2215/3/1
f 2225/4/1 2218/4/1 2217/4/1
f 2225/1/1 2217/1/1 2224/1/1
f 2226/3/1 2219/3/1 2218/3/1
f 2227/2/1 2221/2/1 2220/2/1
f 2228/5/1 2222/5/1 2221/5/1
f 2228/2/1 2221/2/1 2227/2/1
f 2229/5/1 2222/5/1 2228/5/1
f 2230/2/1 2215/2/1 2223/2/1
f 2230/2/1 2223/2/1 2222/2/1
f 2230/3/1 2224/3/1 2215/3/1
f 2231/4/1 2225/4/1 2224/4/1
f 2231/3/1 2224/3/1 2230/3/1
f 2232/4/1 2218/4/1 2225/4/1
f 2232/4/1 2225/4/1 2231/4/1
f 2233/3/1 2226/3/1 2218/3/1
f 2233/4/1 2218/4/1 2232/4/1
f 2234/3/1 2226/3/1 2233/3/1
f 2235/2/1 2228/2/1 2227/2/1
f 2236/4/1 2229/4/1 2228/4/1
f 2236/2/1 2228/2/1 2235/2/1
f 2237/5/1 2222/5/1 2229/5/1
f 2237/4/1 2229/4/1 2236/4/1
f 2238/2/1 2231/2/1 2230/2/1
f 2238/5/1 2222/5/1 2237/5/1
f 2238/2/1 2230/2/1 2222/2/1
f 2239/2/1 2231/2/1 2238/2/1
f 2240/4/1 2232/4/1 2231/4/1
f 2240/2/1 2231/2/1 2239/2/1
f 2241/5/1 2233/5/1 2232/5/1
f 2241/4/1 2232/4/1 2240/4/1
f 2242/2/1 2234/2/1 2233/2/1
f 2242/5/1 2233/5/1 2241/5/1
f 2243/2/1 2234/2/1 2242/2/1
f 2244/5/1 2236/5/1 2235/5/1
f 2244/5/1 2237/5/1 2236/5/1
f 2245/4/1 2238/4/1 2237/4/1
f 2245/5/1 2237/5/1 2244/5/1
f 2246/2/1 2239/2/1 2238/2/1
f 2246/4/1 2238/4/1 2245/4/1
f 2247/2/1 2239/2/1 2246/2/1
f 2248/4/1 2241/4/1 2240/4/1
f 2248/3/1 2240/3/1 2239/3/1
f 2248/4/1 2242/4/1 2241/4/1
f 2249/4/1 2242/4/1 2248/4/1
f 2250/5/1 2243/5/1 2242/5/1
f 2250/4/1 2242/4/1 2249/4/1
f 2251/5/1 2243/5/1 2250/5/1
f 2252/3/1 2245/3/1 2244/3/1
f 2252/3/1 2247/3/1 2246/3/1
f 2252/3/1 2246/3/1 2245/3/1
f 2253/2/1 2239/2/1 2247/2/1
f 2253/3/1 2247/3/1 2252/3/1
f 2254/3/1 2248/3/1 2239/3/1
f 2254/2/1 2239/2/1 2253/2/1
f 2255/2/1 2249/2/1 2248/2/1
f 2255/3/1 2248/3/1 2254/3/1
f 2256/3/1 2250/3/1 2249/3/1
f 2256/2/1 2249/2/1 2255/2/1
f 2257/2/1 2251/2/1 2250/2/1
f 2257/3/1 2250/3/1 2256/3/1
f 2258/2/1 2251/2/1 2257/2/1
f 2259/2/2 2260/2/2 2264/2/2
f 2260/3/2 2261/3/2 2265/3/2
f 2264/2/2 2260/2/2 2265/2/2
f 2261/2/2 2262/2/2 2266/2/2
f 2265/3/2 2261/3/2 2266/3/2
f 2266/2/2 2262/2/2 2267/2/2
f 2267/2/2 2262/2/2 2268/2/2
f 2268/2/2 2262/2/2 2269/2/2
f 2269/2/2 2262/2/2 2270/2/2
f 2262/3/2 2263/3/2 2271/3/2
f 2270/2/2 2262/2/2 2271/2/2
f 2271/3/2 2263/3/2 2272/3/2
f 2272/3/2 2263/3/2 2273/3/2
f 2264/4/2 2265/4/2 2274/4/2
f 2274/4/2 2265/4/2 2275/4/2
f 2265/5/2 2266/5/2 2276/5/2
f 2266/2/2 2267/2/2 2276/2/2
f 2267/3/2 2268/3/2 2277/3/2
f 2276/2/2 2267/2/2 2277/2/2
f 2268/2/2 2269/2/2 2278/2/2
f 2277/3/2 2268/3/2 2278/3/2
f 2269/3/2 2270/3/2 2279/3/2
f 2278/2/2 2269/2/2 2279/2/2
f 2270/4/2 2271/4/2 2280/4/2
f 2279/3/2 2270/3/2 2280/3/2
f 2271/5/2 2272/5/2 2281/5/2
f 2280/4/2 2271/4/2 2281/4/2
f 2272/1/2 2273/1/2 2282/1/2
f 2281/5/2 2272/5/2 2282/5/2
f 2282/1/2 2273/1/2 2283/1/2
f 2274/3/2 2275/3/2 2284/3/2
f 2275/4/2 2265/4/2 2285/4/2
f 2284/3/2 2275/3/2 2285/3/2
f 2265/5/2 2276/5/2 2286/5/2
f 2285/4/2 2265/4/2 2286/4/2
f 2276/3/2 2277/3/2 2287/3/2
f 2286/5/2 2276/5/2 2287/5/2
f 2277/2/2 2278/2/2 2288/2/2
f 2278/2/2 2279/2/2 2288/2/2
f 2279/2/2 2280/2/2 2288/2/2
f 2280/1/2 2281/1/2 2289/1/2
f 2288/2/2 2280/2/2 2289/2/2
f 2281/4/2 2282/4/2 2290/4/2
f 2289/1/2 2281/1/2 2290/1/2
f 2282/3/2 2283/3/2 2291/3/2
f 2290/4/2 2282/4/2 2291/4/2
f 2291/3/2 2283/3/2 2292/3/2
f 2284/2/2 2285/2/2 2293/2/2
f 2285/1/2 2286/1/2 2294/1/2
f 2293/2/2 2285/2/2 2294/2/2
f 2286/1/2 2287/1/2 2294/1/2
f 2294/1/2 2287/1/2 2295/1/2
f 2287/3/2 2277/3/2 2296/3/2
f 2277/2/2 2288/2/2 2296/2/2
f 2296/2/2 2288/2/2 2297/2/2
f 2288/3/2 2289/3/2 2298/3/2
f 2297/2/2 2288/2/2 2298/2/2
f 2289/4/2 2290/4/2 2299/4/2
f 2298/3/2 2289/3/2 2299/3/2
f 2290/5/2 2291/5/2 2300/5/2
f 2299/4/2 2290/4/2 2300/4/2
f 2291/2/2 2292/2/2 2301/2/2
f 2293/3/2 2294/3/2 2302/3/2
f 2294/5/2 2295/5/2 2303/5/2
f 2302/3/2 2294/3/2 2303/3/2
f 2295/1/2 2287/1/2 2304/1/2
f 2303/5/2 2295/5/2 2304/5/2
f 2296/3/2 2297/3/2 2305/3/2
f 2304/1/2 2287/1/2 2305/1/2
f 2287/3/2 2296/3/2 2305/3/2
f 2297/2/2 2298/2/2 2306/2/2
f 2305/3/2 2297/3/2 2306/3/2
f 2298/2/2 2299/2/2 2306/2/2
f 2300/5/2 2291/5/2 2307/5/2
f 2299/1/2 2300/1/2 2307/1/2
f 2291/2/2 2301/2/2 2308/2/2
f 2307/5/2 2291/5/2 2308/5/2
f 2308/2/2 2301/2/2 2309/2/2
f 2302/2/2 2303/2/2 2310/2/2
f 2304/1/2 2305/1/2 2311/1/2
f 2310/2/2 2303/2/2 2311/2/2
f 2303/1/2 2304/1/2 2311/1/2
f 2311/1/2 2305/1/2 2312/1/2
f 2305/2/2 2306/2/2 2313/2/2
f 2312/1/2 2305/1/2 2313/1/2
f 2313/2/2 2306/2/2 2314/2/2
f 2306/2/2 2299/2/2 2315/2/2
f 2314/2/2 2306/2/2 2315/2/2
f 2315/2/2 2299/2/2 2316/2/2
f 2299/1/2 2307/1/2 2317/1/2
f 2316/2/2 2299/2/2 2317/2/2
f 2307/1/2 2308/1/2 2317/1/2
f 2317/1/2 2308/1/2 2318/1/2
f 2308/2/2 2309/2/2 2319/2/2
f 2318/1/2 2308/1/2 2319/1/2
f 2319/2/2 2309/2/2 2320/2/2
f 2310/5/2 2311/5/2 2321/5/2
f 2311/3/2 2312/3/2 2322/3/2
f 2321/5/2 2311/5/2 2322/5/2
f 2312/1/2 2313/1/2 2323/1/2
f 2322/3/2 2312/3/2 2323/3/2
f 2313/5/2 2314/5/2 2324/5/2
f 2323/1/2 2313/1/2 2324/1/2
f 2314/3/2 2315/3/2 2325/3/2
f 2324/5/2 2314/5/2 2325/5/2
f 2315/2/2 2316/2/2 2326/2/2
f 2325/3/2 2315/3/2 2326/3/2
f 2317/1/2 2318/1/2 2327/1/2
f 2326/2/2 2316/2/2 2327/2/2
f 2316/1/2 2317/1/2 2327/1/2
f 2327/1/2 2318/1/2 2328/1/2
f 2318/2/2 2319/2/2 2329/2/2
f 2328/1/2 2318/1/2 2329/1/2
f 2319/4/2 2320/4/2 2330/4/2
f 2329/2/2 2319/2/2 2330/2/2
f 2330/4/2 2320/4/2 2331/4/2
f 2321/1/2 2322/1/2 2332/1/2
f 2322/3/2 2323/3/2 2333/3/2
f 2332/1/2 2322/1/2 2333/1/2
f 2323/3/2 2324/3/2 2333/3/2
f 2333/3/2 2324/3/2 2334/3/2
f 2324/4/2 2325/4/2 2335/4/2
f 2334/3/2 2324/3/2 2335/3/2
f 2325/1/2 2326/1/2 2336/1/2
f 2335/4/2 2325/4/2 2336/4/2
f 2326/1/2 2327/1/2 2336/1/2
f 2336/1/2 2327/1/2 2337/1/2
f 2327/4/2 2328/4/2 2338/4/2
f 2337/1/2 2327/1/2 2338/1/2
f 2328/2/2 2329/2/2 2339/2/2
f 2338/4/2 2328/4/2 2339/4/2
f 2329/2/2 2330/2/2 2339/2/2
f 2339/2/2 2330/2/2 2340/2/2
f 2330/5/2 2331/5/2 2341/5/2
f 2340/2/2 2330/2/2 2341/2/2
f 2341/5/2 2331/5/2 2342/5/2
f 2333/5/2 2334/5/2 2343/5/2
f 2332/5/2 2333/5/2 2343/5/2
f 2334/3/2 2335/3/2 2344/3/2
f 2343/5/2 2334/5/2 2344/5/2
f 2335/3/2 2336/3/2 2344/3/2
f 2336/1/2 2337/1/2 2345/1/2
f 2344/3/2 2336/3/2 2345/3/2
f 2337/5/2 2338/5/2 2346/5/2
f 2345/1/2 2337/1/2 2346/1/2
f 2339/2/2 2340/2/2 2347/2/2
f 2346/5/2 2338/5/2 2347/5/2
f 2338/2/2 2339/2/2 2347/2/2
f 2341/1/2 2342/1/2 2348/1/2
f 2347/2/2 2340/2/2 2348/2/2
f 2340/1/2 2341/1/2 2348/1/2
f 2348/1/2 2342/1/2 2349/1/2
f 2350/1/2 2351/1/2 2358/1/2
f 2358/1/2 2351/1/2 2359/1/2
f 2351/2/2 2352/2/2 2360/2/2
f 2359/1/2 2351/1/2 2360/1/2
f 2360/2/2 2352/2/2 2361/2/2
f 2352/5/2 2353/5/2 2362/5/2
f 2361/2/2 2352/2/2 2362/2/2
f 2353/1/2 2354/1/2 2363/1/2
f 2362/5/2 2353/5/2 2363/5/2
f 2354/3/2 2355/3/2 2364/3/2
f 2363/1/2 2354/1/2 2364/1/2
f 2364/3/2 2355/3/2 2365/3/2
f 2355/1/2 2356/1/2 2366/1/2
f 2365/3/2 2355/3/2 2366/3/2
f 2356/4/2 2357/4/2 2367/4/2
f 2366/1/2 2356/1/2 2367/1/2
f 2367/4/2 2357/4/2 2368/4/2
f 2358/1/2 2359/1/2 2369/1/2
f 2359/3/2 2360/3/2 2370/3/2
f 2369/1/2 2359/1/2 2370/1/2
f 2360/2/2 2361/2/2 2371/2/2
f 2370/3/2 2360/3/2 2371/3/2
f 2361/5/2 2362/5/2 2372/5/2
f 2371/2/2 2361/2/2 2372/2/2
f 2362/4/2 2363/4/2 2373/4/2
f 2372/5/2 2362/5/2 2373/5/2
f 2363/1/2 2364/1/2 2374/1/2
f 2373/4/2 2363/4/2 2374/4/2
f 2364/5/2 2365/5/2 2375/5/2
f 2374/1/2 2364/1/2 2375/1/2
f 2365/3/2 2366/3/2 2376/3/2
f 2375/5/2 2365/5/2 2376/5/2
f 2366/2/2 2367/2/2 2377/2/2
f 2376/3/2 2366/3/2 2377/3/2
f 2367/5/2 2368/5/2 2378/5/2
f 2377/2/2 2367/2/2 2378/2/2
f 2378/5/2 2368/5/2 2379/5/2
f 2369/5/2 2370/5/2 2380/5/2
f 2370/3/2 2371/3/2 2381/3/2
f 2380/5/2 2370/5/2 2381/5/2
f 2371/5/2 2372/5/2 2382/5/2
f 2381/3/2 2371/3/2 2382/3/2
f 2372/5/2 2373/5/2 2382/5/2
f 2382/5/2 2373/5/2 2383/5/2
f 2374/2/2 2375/2/2 2384/2/2
f 2383/5/2 2373/5/2 2384/5/2
f 2373/2/2 2374/2/2 2384/2/2
f 2384/2/2 2375/2/2 2385/2/2
f 2375/5/2 2376/5/2 2386/5/2
f 2385/2/2 2375/2/2 2386/2/2
f 2376/5/2 2377/5/2 2386/5/2
f 2386/5/2 2377/5/2 2387/5/2
f 2377/3/2 2378/3/2 2388/3/2
f 2387/5/2 2377/5/2 2388/5/2
f 2378/4/2 2379/4/2 2389/4/2
f 2388/3/2 2378/3/2 2389/3/2
f 2389/4/2 2379/4/2 2390/4/2
f 2380/2/2 2381/2/2 2391/2/2
f 2382/1/2 2383/1/2 2392/1/2
f 2391/2/2 2381/2/2 2392/2/2
f 2381/1/2 2382/1/2 2392/1/2
f 2392/1/2 2383/1/2 2393/1/2
f 2384/2/2 2385/2/2 2394/2/2
f 2393/1/2 2383/1/2 2394/1/2
f 2383/2/2 2384/2/2 2394/2/2
f 2385/3/2 2386/3/2 2395/3/2
f 2394/2/2 2385/2/2 2395/2/2
f 2387/4/2 2388/4/2 2396/4/2
f 2386/2/2 2387/2/2 2396/2/2
f 2388/5/2 2389/5/2 2397/5/2
f 2396/4/2 2388/4/2 2397/4/2
f 2389/2/2 2390/2/2 2398/2/2
f 2397/5/2 2389/5/2 2398/5/2
f 2398/2/2 2390/2/2 2399/2/2
f 2391/3/2 2392/3/2 2400/3/2
f 2392/5/2 2393/5/2 2401/5/2
f 2400/3/2 2392/3/2 2401/3/2
f 2393/1/2 2394/1/2 2402/1/2
f 2401/5/2 2393/5/2 2402/5/2
f 2394/3/2 2395/3/2 2403/3/2
f 2402/1/2 2394/1/2 2403/1/2
f 2403/3/2 2395/3/2 2404/3/2
f 2395/3/2 2386/3/2 2405/3/2
f 2404/3/2 2395/3/2 2405/3/2
f 2386/2/2 2396/2/2 2406/2/2
f 2405/3/2 2386/3/2 2406/3/2
f 2396/5/2 2397/5/2 2407/5/2
f 2406/2/2 2396/2/2 2407/2/2
f 2397/4/2 2398/4/2 2408/4/2
f 2398/2/2 2399/2/2 2408/2/2
f 2408/2/2 2399/2/2 2409/2/2
f 2400/2/2 2401/2/2 2410/2/2
f 2401/1/2 2402/1/2 2411/1/2
f 2410/2/2 2401/2/2 2411/2/2
f 2402/1/2 2403/1/2 2411/1/2
f 2411/1/2 2403/1/2 2412/1/2
f 2403/2/2 2404/2/2 2413/2/2
f 2412/1/2 2403/1/2 2413/1/2
f 2404/3/2 2405/3/2 2414/3/2
f 2413/2/2 2404/2/2 2414/2/2
f 2405/2/2 2406/2/2 2415/2/2
f 2414/3/2 2405/3/2 2415/3/2
f 2406/3/2 2407/3/2 2416/3/2
f 2415/2/2 2406/2/2 2416/2/2
f 2407/5/2 2397/5/2 2417/5/2
f 2416/3/2 2407/3/2 2417/3/2
f 2397/4/2 2408/4/2 2418/4/2
f 2417/5/2 2397/5/2 2418/5/2
f 2408/3/2 2409/3/2 2419/3/2
f 2418/4/2 2408/4/2 2419/4/2
f 2419/3/2 2409/3/2 2420/3/2
f 2410/3/2 2411/3/2 2421/3/2
f 2411/4/2 2412/4/2 2422/4/2
f 2421/3/2 2411/3/2 2422/3/2
f 2412/1/2 2413/1/2 2423/1/2
f 2422/4/2 2412/4/2 2423/4/2
f 2413/3/2 2414/3/2 2424/3/2
f 2423/1/2 2413/1/2 2424/1/2
f 2415/3/2 2416/3/2 2424/3/2
f 2414/3/2 2415/3/2 2424/3/2
f 2424/3/2 2416/3/2 2425/3/2
f 2416/2/2 2417/2/2 2426/2/2
f 2425/3/2 2416/3/2 2426/3/2
f 2418/5/2 2419/5/2 2427/5/2
f 2426/2/2 2417/2/2 2427/2/2
f 2417/5/2 2418/5/2 2427/5/2
f 2427/5/2 2419/5/2 2428/5/2
f 2419/2/2 2420/2/2 2429/2/2
f 2428/5/2 2419/5/2 2429/5/2
f 2429/2/2 2420/2/2 2430/2/2
f 2421/5/2 2422/5/2 2431/5/2
f 2422/1/2 2423/1/2 2432/1/2
f 2431/5/2 2422/5/2 2432/5/2
f 2423/5/2 2424/5/2 2433/5/2
f 2432/1/2 2423/1/2 2433/1/2
f 2424/2/2 2425/2/2 2434/2/2
f 2433/5/2 2424/5/2 2434/5/2
f 2434/2/2 2425/2/2 2435/2/2
f 2427/4/2 2428/4/2 2436/4/2
f 2425/3/2 2426/3/2 2436/3/2
f 2426/3/2 2427/3/2 2436/3/2
f 2428/5/2 2429/5/2 2437/5/2
f 2436/4/2 2428/4/2 2437/4/2
f 2429/5/2 2430/5/2 2437/5/2
f 2437/5/2 2430/5/2 2438/5/2
f 2438/5/2 2430/5/2 2439/5/2
f 2431/2/2 2432/2/2 2440/2/2
f 2432/2/2 2433/2/2 2440/2/2
f 2434/3/2 2435/3/2 2441/3/2
f 2440/2/2 2433/2/2 2441/2/2
f 2433/3/2 2434/3/2 2441/3/2
f 2435/2/2 2425/2/2 2442/2/2
f 2441/3/2 2435/3/2 2442/3/2
f 2425/3/2 2436/3/2 2443/3/2
f 2442/2/2 2425/2/2 2443/2/2
f 2436/2/2 2437/2/2 2444/2/2
f 2443/3/2 2436/3/2 2444/3/2
f 2437/3/2 2438/3/2 2445/3/2
f 2444/2/2 2437/2/2 2445/2/2
f 2438/2/2 2439/2/2 2446/2/2
f 2445/3/2 2438/3/2 2446/3/2
f 2446/2/2 2439/2/2 2447/2/2
f 2448/5/2 2449/5/2 2454/5/2
f 2454/5/2 2449/5/2 2455/5/2
f 2451/2/2 2452/2/2 2456/2/2
f 2452/5/2 2453/5/2 2457/5/2
f 2456/2/2 2452/2/2 2457/2/2
f 2457/5/2 2453/5/2 2458/5/2
f 2458/5/2 2453/5/2 2459/5/2
f 2454/4/2 2455/4/2 2460/4/2
f 2455/5/2 2449/5/2 2461/5/2
f 2460/4/2 2455/4/2 2461/4/2
f 2449/3/2 2450/3/2 2462/3/2
f 2461/5/2 2449/5/2 2462/5/2
f 2462/3/2 2450/3/2 2463/3/2
f 2456/3/2 2457/3/2 2464/3/2
f 2457/4/2 2458/4/2 2464/4/2
f 2458/5/2 2459/5/2 2465/5/2
f 2464/4/2 2458/4/2 2465/4/2
f 2465/5/2 2459/5/2 2466/5/2
f 2460/1/2 2461/1/2 2467/1/2
f 2461/5/2 2462/5/2 2468/5/2
f 2467/1/2 2461/1/2 2468/1/2
f 2462/2/2 2463/2/2 2469/2/2
f 2468/5/2 2462/5/2 2469/5/2
f 2469/2/2 2463/2/2 2470/2/2
f 2456/3/2 2464/3/2 2471/3/2
f 2464/1/2 2465/1/2 2472/1/2
f 2471/3/2 2464/3/2 2472/3/2
f 2465/5/2 2466/5/2 2473/5/2
f 2472/1/2 2465/1/2 2473/1/2
f 2473/5/2 2466/5/2 2474/5/2
f 2467/3/2 2468/3/2 2475/3/2
f 2468/4/2 2469/4/2 2475/4/2
f 2469/5/2 2470/5/2 2476/5/2
f 2475/4/2 2469/4/2 2476/4/2
f 2476/5/2 2470/5/2 2477/5/2
f 2471/5/2 2472/5/2 2478/5/2
f 2472/5/2 2473/5/2 2478/5/2
f 2478/5/2 2473/5/2 2479/5/2
f 2473/2/2 2474/2/2 2480/2/2
f 2479/5/2 2473/5/2 2480/5/2
f 2480/2/2 2474/2/2 2481/2/2
f 2467/3/2 2475/3/2 2482/3/2
f 2475/1/2 2476/1/2 2483/1/2
f 2482/3/2 2475/3/2 2483/3/2
f 2476/3/2 2477/3/2 2484/3/2
f 2483/1/2 2476/1/2 2484/1/2
f 2478/3/2 2479/3/2 2485/3/2
f 2479/4/2 2480/4/2 2486/4/2
f 2485/3/2 2479/3/2 2486/3/2
f 2480/2/2 2481/2/2 2487/2/2
f 2486/4/2 2480/4/2 2487/4/2
f 2487/2/2 2481/2/2 2488/2/2
f 2482/2/2 2483/2/2 2489/2/2
f 2485/2/2 2486/2/2 2490/2/2
f 2486/5/2 2487/5/2 2491/5/2
f 2490/2/2 2486/2/2 2491/2/2
f 2487/3/2 2488/3/2 2492/3/2
f 2491/5/2 2487/5/2 2492/5/2
f 2492/3/2 2488/3/2 2493/3/2
f 2489/2/2 2483/2/2 2494/2/2
f 2483/5/2 2484/5/2 2495/5/2
f 2494/2/2 2483/2/2 2495/2/2
f 2484/3/2 2477/3/2 2496/3/2
f 2495/5/2 2484/5/2 2496/5/2
f 2496/3/2 2477/3/2 2497/3/2
f 2490/3/2 2491/3/2 2498/3/2
f 2491/5/2 2492/5/2 2499/5/2
f 2498/3/2 2491/3/2 2499/3/2
f 2492/2/2 2493/2/2 2500/2/2
f 2499/5/2 2492/5/2 2500/5/2
f 2494/3/2 2495/3/2 2501/3/2
f 2495/5/2 2496/5/2 2502/5/2
f 2501/3/2 2495/3/2 2502/3/2
f 2496/4/2 2497/4/2 2503/4/2
f 2502/5/2 2496/5/2 2503/5/2
f 2503/4/2 2497/4/2 2504/4/2
f 2498/4/2 2499/4/2 2505/4/2
f 2499/4/2 2500/4/2 2505/4/2
f 2505/4/2 2500/4/2 2506/4/2
f 2500/2/2 2493/2/2 2507/2/2
f 2506/4/2 2500/4/2 2507/4/2
f 2507/2/2 2493/2/2 2508/2/2
f 2501/1/2 2502/1/2 2509/1/2
f 2502/5/2 2503/5/2 2510/5/2
f 2509/1/2 2502/1/2 2510/1/2
f 2503/3/2 2504/3/2 2511/3/2
f 2510/5/2 2503/5/2 2511/5/2
f 2511/3/2 2504/3/2 2512/3/2
f 2505/3/2 2506/3/2 2513/3/2
f 2506/4/2 2507/4/2 2514/4/2
f 2513/3/2 2506/3/2 2514/3/2
f 2507/5/2 2508/5/2 2515/5/2
f 2514/4/2 2507/4/2 2515/4/2
f 2515/5/2 2508/5/2 2516/5/2
f 2517/5/2 2518/5/2 2525/5/2
f 2518/1/2 2519/1/2 2526/1/2
f 2525/5/2 2518/5/2 2526/5/2
f 2519/2/2 2520/2/2 2527/2/2
f 2526/1/2 2519/1/2 2527/1/2
f 2527/2/2 2520/2/2 2528/2/2
f 2521/3/2 2522/3/2 2529/3/2
f 2522/5/2 2523/5/2 2530/5/2
f 2529/3/2 2522/3/2 2530/3/2
f 2523/4/2 2524/4/2 2531/4/2
f 2530/5/2 2523/5/2 2531/5/2
f 2531/4/2 2524/4/2 2532/4/2
f 2525/3/2 2526/3/2 2533/3/2
f 2527/1/2 2528/1/2 2534/1/2
f 2533/3/2 2526/3/2 2534/3/2
f 2526/1/2 2527/1/2 2534/1/2
f 2534/1/2 2528/1/2 2535/1/2
f 2535/1/2 2528/1/2 2536/1/2
f 2529/5/2 2530/5/2 2537/5/2
f 2530/5/2 2531/5/2 2537/5/2
f 2537/5/2 2531/5/2 2538/5/2
f 2531/2/2 2532/2/2 2539/2/2
f 2538/5/2 2531/5/2 2539/5/2
f 2533/3/2 2534/3/2 2540/3/2
f 2534/5/2 2535/5/2 2541/5/2
f 2540/3/2 2534/3/2 2541/3/2
f 2535/3/2 2536/3/2 2542/3/2
f 2541/5/2 2535/5/2 2542/5/2
f 2542/3/2 2536/3/2 2543/3/2
f 2537/3/2 2538/3/2 2544/3/2
f 2538/1/2 2539/1/2 2545/1/2
f 2544/3/2 2538/3/2 2545/3/2
f 2539/2/2 2532/2/2 2546/2/2
f 2540/3/2 2541/3/2 2547/3/2
f 2541/1/2 2542/1/2 2548/1/2
f 2547/3/2 2541/3/2 2548/3/2
f 2542/2/2 2543/2/2 2549/2/2
f 2548/1/2 2542/1/2 2549/1/2
f 2549/2/2 2543/2/2 2550/2/2
f 2544/2/2 2545/2/2 2551/2/2
f 2545/1/2 2539/1/2 2552/1/2
f 2551/2/2 2545/2/2 2552/2/2
f 2539/2/2 2546/2/2 2553/2/2
f 2552/1/2 2539/1/2 2553/1/2
f 2547/3/2 2548/3/2 2554/3/2
f 2548/5/2 2549/5/2 2555/5/2
f 2554/3/2 2548/3/2 2555/3/2
f 2549/3/2 2550/3/2 2556/3/2
f 2555/5/2 2549/5/2 2556/5/2
f 2556/3/2 2550/3/2 2557/3/2
f 2551/3/2 2552/3/2 2558/3/2
f 2552/4/2 2553/4/2 2559/4/2
f 2558/3/2 2552/3/2 2559/3/2
f 2553/2/2 2546/2/2 2560/2/2
f 2559/4/2 2553/4/2 2560/4/2
f 2554/2/2 2555/2/2 2561/2/2
f 2556/4/2 2557/4/2 2562/4/2
f 2561/2/2 2555/2/2 2562/2/2
f 2555/4/2 2556/4/2 2562/4/2
f 2562/4/2 2557/4/2 2563/4/2
f 2563/4/2 2557/4/2 2564/4/2
f 2558/4/2 2559/4/2 2565/4/2
f 2559/5/2 2560/5/2 2566/5/2
f 2565/4/2 2559/4/2 2566/4/2
f 2560/2/2 2546/2/2 2567/2/2
f 2566/5/2 2560/5/2 2567/5/2
f 2567/2/2 2546/2/2 2568/2/2
f 2561/1/2 2562/1/2 2569/1/2
f 2562/1/2 2563/1/2 2569/1/2
f 2563/2/2 2564/2/2 2570/2/2
f 2569/1/2 2563/1/2 2570/1/2
f 2570/2/2 2564/2/2 2571/2/2
f 2565/2/2 2566/2/2 2572/2/2
f 2567/5/2 2568/5/2 2572/5/2
f 2566/5/2 2567/5/2 2572/5/2
f 2572/5/2 2568/5/2 2573/5/2
f 2569/1/2 2570/1/2 2574/1/2
f 2574/1/2 2570/1/2 2575/1/2
f 2570/3/2 2571/3/2 2576/3/2
f 2575/1/2 2570/1/2 2576/1/2
f 2576/3/2 2571/3/2 2577/3/2
f 2565/2/2 2572/2/2 2578/2/2
f 2572/1/2 2573/1/2 2578/1/2
f 2578/1/2 2573/1/2 2579/1/2
f 2579/1/2 2573/1/2 2580/1/2
f 2574/5/2 2575/5/2 2581/5/2
f 2575/4/2 2576/4/2 2582/4/2
f 2581/5/2 2575/5/2 2582/5/2
f 2576/2/2 2577/2/2 2583/2/2
f 2582/4/2 2576/4/2 2583/4/2
f 2583/2/2 2577/2/2 2584/2/2
f 2565/2/2 2578/2/2 2585/2/2
f 2578/5/2 2579/5/2 2586/5/2
f 2585/2/2 2578/2/2 2586/2/2
f 2579/1/2 2580/1/2 2587/1/2
f 2586/5/2 2579/5/2 2587/5/2
f 2587/1/2 2580/1/2 2588/1/2
f 2589/3/2 2590/3/2 2593/3/2
f 2593/3/2 2590/3/2 2594/3/2
f 2591/3/2 2592/3/2 2595/3/2
f 2595/3/2 2592/3/2 2596/3/2
f 2593/4/2 2594/4/2 2597/4/2
f 2597/4/2 2594/4/2 2598/4/2
f 2595/5/2 2596/5/2 2599/5/2
f 2599/5/2 2596/5/2 2600/5/2
f 2599/2/2 2600/2/2 2601/2/2
f 2601/2/2 2600/2/2 2602/2/2
f 2601/3/2 2602/3/2 2603/3/2
f 2603/3/2 2602/3/2 2604/3/2
f 2597/3/2 2598/3/2 2605/3/2
f 2603/2/2 2604/2/2 2606/2/2
f 2605/3/2 2598/3/2 2607/3/2
f 2607/3/2 2598/3/2 2608/3/2
f 2603/2/2 2606/2/2 2609/2/2
f 2609/2/2 2606/2/2 2610/2/2
f 2607/5/2 2608/5/2 2611/5/2
f 2611/5/2 2608/5/2 2612/5/2
f 2609/1/2 2610/1/2 2613/1/2
f 2611/1/2 2612/1/2 2614/1/2
f 2614/1/2 2612/1/2 2615/1/2
f 2609/1/2 2613/1/2 2616/1/2
f 2616/1/2 2613/1/2 2617/1/2
f 2614/4/2 2615/4/2 2618/4/2
f 2618/4/2 2615/4/2 2619/4/2
f 2616/4/2 2617/4/2 2620/4/2
f 2620/4/2 2617/4/2 2621/4/2
f 2622/1/2 2623/1/2 2626/1/2
f 2626/1/2 2623/1/2 2627/1/2
f 2626/4/2 2627/4/2 2628/4/2
f 2628/4/2 2627/4/2 2629/4/2
f 2624/4/2 2625/4/2 2630/4/2
f 2628/1/2 2629/1/2 2631/1/2
f 2631/1/2 2629/1/2 2632/1/2
f 2624/4/2 2630/4/2 2633/4/2
f 2633/4/2 2630/4/2 2634/4/2
f 2631/2/2 2632/2/2 2635/2/2
f 2635/2/2 2632/2/2 2636/2/2
f 2633/2/2 2634/2/2 2637/2/2
f 2635/3/2 2636/3/2 2638/3/2
f 2638/3/2 2636/3/2 2639/3/2
f 2638/2/2 2639/2/2 2640/2/2
f 2633/2/2 2637/2/2 2641/2/2
f 2641/2/2 2637/2/2 2642/2/2
f 2640/2/2 2639/2/2 2643/2/2
f 2643/2/2 2639/2/2 2644/2/2
f 2641/3/2 2642/3/2 2645/3/2
f 2645/3/2 2642/3/2 2646/3/2
f 2643/5/2 2644/5/2 2647/5/2
f 2647/5/2 2644/5/2 2648/5/2
f 2645/5/2 2646/5/2 2649/5/2
f 2649/5/2 2646/5/2 2650/5/2
f 2647/2/2 2648/2/2 2651/2/2
f 2651/2/2 2648/2/2 2652/2/2
f 2649/3/2 2650/3/2 2653/3/2
f 2653/3/2 2650/3/2 2654/3/2
f 2655/3/2 2656/3/2 2659/3/2
f 2659/3/2 2656/3/2 2660/3/2
f 2657/2/2 2658/2/2 2661/2/2
f 2661/2/2 2658/2/2 2662/2/2
f 2661/3/2 2662/3/2 2663/3/2
f 2663/3/2 2662/3/2 2664/3/2
f 2659/2/2 2660/2/2 2665/2/2
f 2663/2/2 2664/2/2 2666/2/2
f 2666/2/2 2664/2/2 2667/2/2
f 2665/2/2 2660/2/2 2668/2/2
f 2668/2/2 2660/2/2 2669/2/2
f 2666/3/2 2667/3/2 2670/3/2
f 2670/3/2 2667/3/2 2671/3/2
f 2668/5/2 2669/5/2 2672/5/2
f 2670/4/2 2671/4/2 2673/4/2
f 2673/4/2 2671/4/2 2674/4/2
f 2672/5/2 2669/5/2 2675/5/2
f 2675/5/2 2669/5/2 2676/5/2
f 2673/5/2 2674/5/2 2677/5/2
f 2677/5/2 2674/5/2 2678/5/2
f 2675/4/2 2676/4/2 2679/4/2
f 2677/1/2 2678/1/2 2680/1/2
f 2680/1/2 2678/1/2 2681/1/2
f 2679/4/2 2676/4/2 2682/4/2
f 2682/4/2 2676/4/2 2683/4/2
f 2680/5/2 2681/5/2 2684/5/2
f 2684/5/2 2681/5/2 2685/5/2
f 2686/4/2 2687/4/2 2690/4/2
f 2690/4/2 2687/4/2 2691/4/2
f 2688/1/2 2689/1/2 2692/1/2
f 2690/1/2 2691/1/2 2693/1/2
f 2693/1/2 2691/1/2 2694/1/2
f 2688/1/2 2692/1/2 2695/1/2
f 2695/1/2 2692/1/2 2696/1/2
f 2693/4/2 2694/4/2 2697/4/2
f 2697/4/2 2694/4/2 2698/4/2
f 2695/4/2 2696/4/2 2699/4/2
f 2699/4/2 2696/4/2 2700/4/2
f 2697/1/2 2698/1/2 2701/1/2
f 2701/1/2 2698/1/2 2702/1/2
f 2699/1/2 2700/1/2 2703/1/2
f 2703/1/2 2700/1/2 2704/1/2
f 2701/2/2 2702/2/2 2705/2/2
f 2705/2/2 2702/2/2 2706/2/2
f 2705/3/2 2706/3/2 2707/3/2
f 2703/2/2 2704/2/2 2708/2/2
f 2707/3/2 2706/3/2 2709/3/2
f 2709/3/2 2706/3/2 2710/3/2
f 2703/2/2 2708/2/2 2711/2/2
f 2711/2/2 2708/2/2 2712/2/2
f 2713/3/2 2714/3/2 2721/3/2
f 2719/3/2 2720/3/2 2722/3/2
f 2721/3/2 2714/3/2 2723/3/2
f 2723/3/2 2714/3/2 2724/3/2
f 2715/2/2 2716/2/2 2725/2/2
f 2725/2/2 2716/2/2 2726/2/2
f 2717/3/2 2718/3/2 2727/3/2
f 2727/3/2 2718/3/2 2728/3/2
f 2719/3/2 2722/3/2 2729/3/2
f 2729/3/2 2722/3/2 2730/3/2
f 2723/2/2 2724/2/2 2731/2/2
f 2731/2/2 2724/2/2 2732/2/2
f 2725/3/2 2726/3/2 2733/3/2
f 2733/3/2 2726/3/2 2734/3/2
f 2727/2/2 2728/2/2 2735/2/2
f 2735/2/2 2728/2/2 2736/2/2
f 2729/2/2 2730/2/2 2737/2/2
f 2737/2/2 2730/2/2 2738/2/2
f 2731/5/2 2732/5/2 2739/5/2
f 2737/5/2 2738/5/2 2740/5/2
f 2739/5/2 2732/5/2 2741/5/2
f 2741/5/2 2732/5/2 2742/5/2
f 2737/5/2 2740/5/2 2743/5/2
f 2741/1/2 2742/1/2 2744/1/2
f 2744/1/2 2742/1/2 2745/1/2
f 2737/5/2 2743/5/2 2746/5/2
f 2746/5/2 2743/5/2 2747/5/2
f 2744/3/2 2745/3/2 2748/3/2
f 2748/3/2 2745/3/2 2749/3/2
f 2746/3/2 2747/3/2 2750/3/2
f 2750/3/2 2747/3/2 2751/3/2
f 2748/5/2 2749/5/2 2752/5/2
f 2752/5/2 2749/5/2 2753/5/2
f 2750/5/2 2751/5/2 2754/5/2
f 2754/5/2 2751/5/2 2755/5/2
f 2752/2/2 2753/2/2 2756/2/2
f 2756/2/2 2753/2/2 2757/2/2
f 2754/3/2 2755/3/2 2758/3/2
f 2758/3/2 2755/3/2 2759/3/2
f 2760/3/2 2761/3/2 2764/3/2
f 2764/3/2 2761/3/2 2765/3/2
f 2762/2/2 2763/2/2 2766/2/2
f 2766/2/2 2763/2/2 2767/2/2
f 2764/1/2 2765/1/2 2768/1/2
f 2768/1/2 2765/1/2 2769/1/2
f 2766/1/2 2767/1/2 2770/1/2
f 2770/1/2 2767/1/2 2771/1/2
f 2768/2/2 2769/2/2 2772/2/2
f 2772/2/2 2769/2/2 2773/2/2
f 2770/2/2 2771/2/2 2774/2/2
f 2774/2/2 2771/2/2 2775/2/2
f 2772/1/2 2773/1/2 2776/1/2
f 2774/4/2 2775/4/2 2777/4/2
f 2777/4/2 2775/4/2 2778/4/2
f 2776/1/2 2773/1/2 2779/1/2
f 2779/1/2 2773/1/2 2780/1/2
f 2777/5/2 2778/5/2 2781/5/2
f 2781/5/2 2778/5/2 2782/5/2
f 2779/5/2 2780/5/2 2783/5/2
f 2783/5/2 2780/5/2 2784/5/2
f 2781/4/2 2782/4/2 2789/4/2
f 2789/4/2 2782/4/2 2790/4/2
f 2785/3/2 2786/3/2 2791/3/2
f 2789/3/2 2790/3/2 2792/3/2
f 2783/3/2 2784/3/2 2793/3/2
f 2793/3/2 2784/3/2 2794/3/2
f 2787/3/2 2788/3/2 2795/3/2
f 2795/3/2 2788/3/2 2796/3/2
f 2789/3/2 2792/3/2 2797/3/2
f 2797/3/2 2792/3/2 2798/3/2
f 2793/2/2 2794/2/2 2799/2/2
f 2799/2/2 2794/2/2 2800/2/2
f 2791/3/2 2786/3/2 2801/3/2
f 2801/3/2 2786/3/2 2802/3/2
f 2795/2/2 2796/2/2 2803/2/2
f 2803/2/2 2796/2/2 2804/2/2
f 2797/2/2 2798/2/2 2805/2/2
f 2805/2/2 2798/2/2 2806/2/2
f 2807/3/2 2808/3/2 2811/3/2
f 2811/3/2 2808/3/2 2812/3/2
f 2809/3/2 2810/3/2 2813/3/2
f 2813/3/2 2810/3/2 2814/3/2
f 2811/2/2 2812/2/2 2815/2/2
f 2815/2/2 2812/2/2 2816/2/2
f 2813/2/2 2814/2/2 2817/2/2
f 2817/2/2 2814/2/2 2818/2/2
f 2815/3/2 2816/3/2 2819/3/2
f 2819/3/2 2816/3/2 2820/3/2
f 2817/3/2 2818/3/2 2821/3/2
f 2821/3/2 2818/3/2 2822/3/2
f 2819/2/2 2820/2/2 2823/2/2
f 2823/2/2 2820/2/2 2824/2/2
f 2821/2/2 2822/2/2 2825/2/2
f 2825/2/2 2822/2/2 2826/2/2
f 2823/4/2 2824/4/2 2827/4/2
f 2827/4/2 2824/4/2 2828/4/2
f 2825/1/2 2826/1/2 2829/1/2
f 2829/1/2 2826/1/2 2830/1/2
f 2827/1/2 2828/1/2 2831/1/2
f 2829/4/2 2830/4/2 2832/4/2
f 2832/4/2 2830/4/2 2833/4/2
f 2831/1/2 2828/1/2 2834/1/2
f 2834/1/2 2828/1/2 2835/1/2
f 2832/1/2 2833/1/2 2836/1/2
f 2836/1/2 2833/1/2 2837/1/2
f 2834/3/2 2835/3/2 2838/3/2
f 2838/3/2 2835/3/2 2839/3/2
f 2836/2/2 2837/2/2 2840/2/2
f 2840/2/2 2837/2/2 2841/2/2
f 2842/2/2 2843/2/2 2846/2/2
f 2846/2/2 2843/2/2 2847/2/2
f 2844/2/2 2845/2/2 2848/2/2
f 2848/2/2 2845/2/2 2849/2/2
f 2846/5/2 2847/5/2 2850/5/2
f 2850/5/2 2847/5/2 2851/5/2
f 2848/5/2 2849/5/2 2852/5/2
f 2852/5/2 2849/5/2 2853/5/2
f 2850/1/2 2851/1/2 2854/1/2
f 2854/1/2 2851/1/2 2855/1/2
f 2852/4/2 2853/4/2 2856/4/2
f 2854/5/2 2855/5/2 2857/5/2
f 2857/5/2 2855/5/2 2858/5/2
f 2852/4/2 2856/4/2 2859/4/2
f 2859/4/2 2856/4/2 2860/4/2
f 2857/2/2 2858/2/2 2861/2/2
f 2861/2/2 2858/2/2 2862/2/2
f 2859/3/2 2860/3/2 2863/3/2
f 2863/3/2 2860/3/2 2864/3/2
f 2861/3/2 2862/3/2 2865/3/2
f 2865/3/2 2862/3/2 2866/3/2
f 2863/2/2 2864/2/2 2867/2/2
f 2867/2/2 2864/2/2 2868/2/2
f 2865/2/2 2866/2/2 2869/2/2
f 2867/3/2 2868/3/2 2870/3/2
f 2870/3/2 2868/3/2 2871/3/2
f 2869/2/2 2866/2/2 2872/2/2
f 2872/2/2 2866/2/2 2873/2/2
f 2872/3/2 2873/3/2 2874/3/2
f 2874/3/2 2873/3/2 2875/3/2
f 2870/2/2 2871/2/2 2876/2/2
f 2876/2/2 2871/2/2 2877/2/2
f 2878/4/2 2879/4/2 2882/4/2
f 2882/4/2 2879/4/2 2883/4/2
f 2880/1/2 2881/1/2 2884/1/2
f 2884/1/2 2881/1/2 2885/1/2
f 2882/1/2 2883/1/2 2886/1/2
f 2886/1/2 2883/1/2 2887/1/2
f 2884/4/2 2885/4/2 2888/4/2
f 2888/4/2 2885/4/2 2889/4/2
f 2886/3/2 2887/3/2 2890/3/2
f 2890/3/2 2887/3/2 2891/3/2
f 2888/2/2 2889/2/2 2892/2/2
f 2892/2/2 2889/2/2 2893/2/2
f 2894/3/2 2895/3/2 2898/3/2
f 2898/3/2 2895/3/2 2899/3/2
f 2896/3/2 2897/3/2 2900/3/2
f 2900/3/2 2897/3/2 2901/3/2
f 2898/4/2 2899/4/2 2902/4/2
f 2902/4/2 2899/4/2 2903/4/2
f 2900/4/2 2901/4/2 2904/4/2
f 2904/4/2 2901/4/2 2905/4/2
f 2902/1/2 2903/1/2 2906/1/2
f 2906/1/2 2903/1/2 2907/1/2
f 2904/1/2 2905/1/2 2908/1/2
f 2908/1/2 2905/1/2 2909/1/2
f 2912/3/2 2913/3/2 2918/3/2
f 2918/3/2 2913/3/2 2919/3/2
f 2914/2/2 2915/2/2 2920/2/2
f 2920/2/2 2915/2/2 2921/2/2
f 2910/3/2 2911/3/2 2922/3/2
f 2922/3/2 2911/3/2 2923/3/2
f 2918/2/2 2919/2/2 2924/2/2
f 2920/3/2 2921/3/2 2925/3/2
f 2916/3/2 2917/3/2 2926/3/2
f 2926/3/2 2917/3/2 2927/3/2
f 2922/4/2 2923/4/2 2928/4/2
f 2928/4/2 2923/4/2 2929/4/2
f 2918/2/2 2924/2/2 2930/2/2
f 2930/2/2 2924/2/2 2931/2/2
f 2925/3/2 2921/3/2 2932/3/2
f 2932/3/2 2921/3/2 2933/3/2
f 2926/5/2 2927/5/2 2934/5/2
f 2934/5/2 2927/5/2 2935/5/2
f 2928/2/2 2929/2/2 2936/2/2
f 2936/2/2 2929/2/2 2937/2/2
f 2934/3/2 2935/3/2 2938/3/2
f 2938/3/2 2935/3/2 2939/3/2
f 2936/5/2 2937/5/2 2940/5/2
f 2940/5/2 2937/5/2 2941/5/2
f 2938/4/2 2939/4/2 2942/4/2
f 2942/4/2 2939/4/2 2943/4/2
f 2940/2/2 2941/2/2 2944/2/2
f 2942/2/2 2943/2/2 2945/2/2
f 2945/2/2 2943/2/2 2946/2/2
f 2940/2/2 2944/2/2 2947/2/2
f 2947/2/2 2944/2/2 2948/2/2
f 2945/3/2 2946/3/2 2949/3/2
f 2949/3/2 2946/3/2 2950/3/2
f 2947/4/2 2948/4/2 2951/4/2
f 2951/4/2 2948/4/2 2952/4/2
f 2949/5/2 2950/5/2 2953/5/2
f 2953/5/2 2950/5/2 2954/5/2
f 2951/3/2 2952/3/2 2955/3/2
f 2955/3/2 2952/3/2 2956/3/2
f 2953/3/2 2954/3/2 2957/3/2
f 2957/3/2 2954/3/2 2958/3/2
f 2959/3/2 2960/3/2 2963/3/2
f 2963/3/2 2960/3/2 2964/3/2
f 2961/2/2 2962/2/2 2965/2/2
f 2965/2/2 2962/2/2 2966/2/2
f 2963/5/2 2964/5/2 2967/5/2
f 2967/5/2 2964/5/2 2968/5/2
f 2965/4/2 2966/4/2 2969/4/2
f 2969/4/2 2966/4/2 2970/4/2
f 2967/3/2 2968/3/2 2971/3/2
f 2969/3/2 2970/3/2 2972/3/2
f 2972/3/2 2970/3/2 2973/3/2
f 2967/3/2 2971/3/2 2974/3/2
f 2974/3/2 2971/3/2 2975/3/2
f 2972/2/2 2973/2/2 2976/2/2
f 2976/2/2 2973/2/2 2977/2/2
f 2974/1/2 2975/1/2 2978/1/2
f 2978/1/2 2975/1/2 2979/1/2
f 2976/1/2 2977/1/2 2980/1/2
f 2980/1/2 2977/1/2 2981/1/2
f 2978/2/2 2979/2/2 2982/2/2
f 2982/2/2 2979/2/2 2983/2/2
f 2980/3/2 2981/3/2 2988/3/2
f 2988/3/2 2981/3/2 2989/3/2
f 2982/1/2 2983/1/2 2990/1/2
f 2990/1/2 2983/1/2 2991/1/2
f 2984/3/2 2985/3/2 2992/3/2
f 2992/3/2 2985/3/2 2993/3/2
f 2986/2/2 2987/2/2 2994/2/2
f 2994/2/2 2987/2/2 2995/2/2
f 2988/5/2 2989/5/2 2996/5/2
f 2996/5/2 2989/5/2 2997/5/2
f 2990/3/2 2991/3/2 2998/3/2
f 2998/3/2 2991/3/2 2999/3/2
f 2992/2/2 2993/2/2 3000/2/2
f 2996/3/2 2997/3/2 3001/3/2
f 3001/3/2 2997/3/2 3002/3/2
f 2998/2/2 2999/2/2 3003/2/2
f 3003/2/2 2999/2/2 3004/2/2
f 2992/2/2 3000/2/2 3005/2/2
f 3005/2/2 3000/2/2 3006/2/2
f 2994/3/2 2995/3/2 3007/3/2
f 3007/3/2 2995/3/2 3008/3/2
f 3001/2/2 3002/2/2 3009/2/2
f 3009/2/2 3002/2/2 3010/2/2
f 3011/2/2 3012/2/2 3015/2/2
f 3015/2/2 3012/2/2 3016/2/2
f 3013/3/2 3014/3/2 3017/3/2
f 3017/3/2 3014/3/2 3018/3/2
f 3015/4/2 3016/4/2 3019/4/2
f 3019/4/2 3016/4/2 3020/4/2
f 3017/1/2 3018/1/2 3021/1/2
f 3021/1/2 3018/1/2 3022/1/2
f 3023/1/2 3024/1/2 3027/1/2
f 3027/1/2 3024/1/2 3028/1/2
f 3025/4/2 3026/4/2 3029/4/2
f 3029/4/2 3026/4/2 3030/4/2
f 3027/3/2 3028/3/2 3031/3/2
f 3031/3/2 3028/3/2 3032/3/2
f 3031/2/2 3032/2/2 3033/2/2
f 3033/2/2 3032/2/2 3034/2/2
f 3029/3/2 3030/3/2 3035/3/2
f 3035/3/2 3030/3/2 3036/3/2
f 3039/3/2 3040/3/2 3041/3/2
f 3037/2/2 3038/2/2 3042/2/2
f 3041/3/2 3040/3/2 3043/3/2
f 3043/3/2 3040/3/2 3044/3/2
f 3037/2/2 3042/2/2 3045/2/2
f 3045/2/2 3042/2/2 3046/2/2
f 3043/2/2 3044/2/2 3047/2/2
f 3047/2/2 3044/2/2 3048/2/2
f 3049/2/2 3050/2/2 3053/2/2
f 3051/2/2 3052/2/2 3054/2/2
f 3054/2/2 3052/2/2 3055/2/2
f 3049/2/2 3053/2/2 3056/2/2
f 3056/2/2 3053/2/2 3057/2/2
f 3054/3/2 3055/3/2 3058/3/2
f 3056/3/2 3057/3/2 3059/3/2
f 3059/3/2 3057/3/2 3060/3/2
f 3058/3/2 3055/3/2 3061/3/2
f 3061/3/2 3055/3/2 3062/3/2
f 3063/1/2 3064/1/2 3068/1/2
f 3064/4/2 3065/4/2 3068/4/2
f 3065/5/2 3066/5/2 3069/5/2
f 3068/4/2 3065/4/2 3069/4/2
f 3066/4/2 3067/4/2 3070/4/2
f 3069/5/2 3066/5/2 3070/5/2
f 3070/4/2 3067/4/2 3071/4/2
f 3063/1/2 3068/1/2 3072/1/2
f 3072/1/2 3068/1/2 3073/1/2
f 3070/1/2 3071/1/2 3074/1/2
f 3074/1/2 3071/1/2 3075/1/2
f 3072/3/2 3073/3/2 3076/3/2
f 3076/3/2 3073/3/2 3077/3/2
f 3076/2/2 3077/2/2 3078/2/2
f 3078/2/2 3077/2/2 3079/2/2
f 3074/2/2 3075/2/2 3080/2/2
f 3080/2/2 3075/2/2 3081/2/2
f 3078/1/2 3079/1/2 3082/1/2
f 3082/1/2 3079/1/2 3083/1/2
f 3080/1/2 3081/1/2 3084/1/2
f 3084/1/2 3081/1/2 3085/1/2
f 3082/5/2 3083/5/2 3086/5/2
f 3086/5/2 3083/5/2 3087/5/2
f 3084/4/2 3085/4/2 3088/4/2
f 3088/4/2 3085/4/2 3089/4/2
f 3086/4/2 3087/4/2 3090/4/2
f 3090/4/2 3087/4/2 3091/4/2
f 3088/1/2 3089/1/2 3092/1/2
f 3092/1/2 3089/1/2 3093/1/2
f 3090/2/2 3091/2/2 3094/2/2
f 3094/2/2 3091/2/2 3095/2/2
f 3092/3/2 3093/3/2 3096/3/2
f 3096/3/2 3093/3/2 3097/3/2
f 3099/1/2 3100/1/2 3104/1/2
f 3098/1/2 3099/1/2 3104/1/2
f 3104/1/2 3100/1/2 3105/1/2
f 3105/1/2 3100/1/2 3106/1/2
f 3101/4/2 3102/4/2 3107/4/2
f 3102/4/2 3103/4/2 3107/4/2
f 3107/4/2 3103/4/2 3108/4/2
f 3108/4/2 3103/4/2 3109/4/2
f 3107/5/2 3108/5/2 3110/5/2
f 3110/5/2 3108/5/2 3111/5/2
f 3105/4/2 3106/4/2 3112/4/2
f 3112/4/2 3106/4/2 3113/4/2
f 3110/1/2 3111/1/2 3114/1/2
f 3114/1/2 3111/1/2 3115/1/2
f 3112/5/2 3113/5/2 3116/5/2
f 3116/5/2 3113/5/2 3117/5/2
f 3116/4/2 3117/4/2 3118/4/2
f 3118/4/2 3117/4/2 3119/4/2
f 3114/5/2 3115/5/2 3120/5/2
f 3120/5/2 3115/5/2 3121/5/2
f 3118/3/2 3119/3/2 3122/3/2
f 3122/3/2 3119/3/2 3123/3/2
f 3120/3/2 3121/3/2 3124/3/2
f 3124/3/2 3121/3/2 3125/3/2
f 3122/1/2 3123/1/2 3126/1/2
f 3126/1/2 3123/1/2 3127/1/2
f 3124/4/2 3125/4/2 3128/4/2
f 3128/4/2 3125/4/2 3129/4/2
f 3128/5/2 3129/5/2 3130/5/2
f 3130/5/2 3129/5/2 3131/5/2
f 3126/4/2 3127/4/2 3132/4/2
f 3132/4/2 3127/4/2 3133/4/2
f 3130/1/2 3131/1/2 3134/1/2
f 3134/1/2 3131/1/2 3135/1/2
f 3132/5/2 3133/5/2 3136/5/2
f 3136/5/2 3133/5/2 3137/5/2
f 3134/4/2 3135/4/2 3138/4/2
f 3138/4/2 3135/4/2 3139/4/2
f 3136/1/2 3137/1/2 3140/1/2
f 3140/1/2 3137/1/2 3141/1/2
f 3138/5/2 3139/5/2 3142/5/2
f 3142/5/2 3139/5/2 3143/5/2
f 3140/5/2 3141/5/2 3144/5/2
f 3144/5/2 3141/5/2 3145/5/2
f 3142/4/2 3143/4/2 3146/4/2
f 3146/4/2 3143/4/2 3147/4/2
f 3144/1/2 3145/1/2 3148/1/2
f 3148/1/2 3145/1/2 3149/1/2
f 3146/1/2 3147/1/2 3150/1/2
f 3150/1/2 3147/1/2 3151/1/2
f 3148/2/2 3149/2/2 3152/2/2
f 3152/2/2 3149/2/2 3153/2/2
f 3150/3/2 3151/3/2 3154/3/2
f 3154/3/2 3151/3/2 3155/3/2
f 3152/1/2 3153/1/2 3156/1/2
f 3156/1/2 3153/1/2 3157/1/2
f 3156/5/2 3157/5/2 3158/5/2
f 3158/5/2 3157/5/2 3159/5/2
f 3154/1/2 3155/1/2 3160/1/2
f 3160/1/2 3155/1/2 3161/1/2
f 3158/4/2 3159/4/2 3162/4/2
f 3162/4/2 3159/4/2 3163/4/2
f 3160/5/2 3161/5/2 3164/5/2
f 3164/5/2 3161/5/2 3165/5/2
f 3162/5/2 3163/5/2 3167/5/2
f 3167/5/2 3163/5/2 3168/5/2
f 3164/4/2 3165/4/2 3169/4/2
f 3169/4/2 3165/4/2 3170/4/2
f 3166/1/2 3167/1/2 3172/1/2
f 3167/1/2 3168/1/2 3172/1/2
f 3172/1/2 3168/1/2 3173/1/2
f 3173/1/2 3168/1/2 3174/1/2
f 3169/5/2 3170/5/2 3175/5/2
f 3170/4/2 3171/4/2 3176/4/2
f 3175/5/2 3170/5/2 3176/5/2
f 3176/4/2 3171/4/2 3177/4/2
f 3178/3/2 3179/3/2 3182/3/2
f 3182/3/2 3179/3/2 3183/3/2
f 3180/2/2 3181/2/2 3184/2/2
f 3184/2/2 3181/2/2 3185/2/2
f 3182/4/2 3183/4/2 3186/4/2
f 3186/4/2 3183/4/2 3187/4/2
f 3184/4/2 3185/4/2 3188/4/2
f 3188/4/2 3185/4/2 3189/4/2
f 3186/5/2 3187/5/2 3190/5/2
f 3190/5/2 3187/5/2 3191/5/2
f 3188/5/2 3189/5/2 3192/5/2
f 3192/5/2 3189/5/2 3193/5/2
f 3190/1/2 3191/1/2 3194/1/2
f 3194/1/2 3191/1/2 3195/1/2
f 3192/4/2 3193/4/2 3196/4/2
f 3196/4/2 3193/4/2 3197/4/2
f 3194/2/2 3195/2/2 3198/2/2
f 3198/2/2 3195/2/2 3199/2/2
f 3196/3/2 3197/3/2 3200/3/2
f 3200/3/2 3197/3/2 3201/3/2
f 3198/3/2 3199/3/2 3202/3/2
f 3202/3/2 3199/3/2 3203/3/2
f 3200/2/2 3201/2/2 3204/2/2
f 3204/2/2 3201/2/2 3205/2/2
f 3202/4/2 3203/4/2 3206/4/2
f 3206/4/2 3203/4/2 3207/4/2
f 3204/1/2 3205/1/2 3208/1/2
f 3208/1/2 3205/1/2 3209/1/2
f 3206/5/2 3207/5/2 3210/5/2
f 3207/4/2 3208/4/2 3211/4/2
f 3210/5/2 3207/5/2 3211/5/2
f 3208/5/2 3209/5/2 3212/5/2
f 3211/4/2 3208/4/2 3212/4/2
f 3212/5/2 3209/5/2 3213/5/2
f 3214/4/2 3215/4/2 3220/4/2
f 3215/3/2 3216/3/2 3221/3/2
f 3220/4/2 3215/4/2 3221/4/2
f 3221/3/2 3216/3/2 3222/3/2
f 3217/2/2 3218/2/2 3225/2/2
f 3218/1/2 3219/1/2 3226/1/2
f 3225/2/2 3218/2/2 3226/2/2
f 3226/1/2 3219/1/2 3227/1/2
f 3221/3/2 3222/3/2 3228/3/2
f 3222/2/2 3223/2/2 3229/2/2
f 3228/3/2 3222/3/2 3229/3/2
f 3229/2/2 3223/2/2 3230/2/2
f 3224/2/2 3225/2/2 3233/2/2
f 3225/2/2 3226/2/2 3233/2/2
f 3233/2/2 3226/2/2 3234/2/2
f 3234/2/2 3226/2/2 3235/2/2
f 3229/1/2 3230/1/2 3236/1/2
f 3230/3/2 3231/3/2 3237/3/2
f 3236/1/2 3230/1/2 3237/1/2
f 3237/3/2 3231/3/2 3238/3/2
f 3232/2/2 3233/2/2 3241/2/2
f 3233/5/2 3234/5/2 3242/5/2
f 3241/2/2 3233/2/2 3242/2/2
f 3242/5/2 3234/5/2 3243/5/2
f 3237/3/2 3238/3/2 3244/3/2
f 3238/5/2 3239/5/2 3245/5/2
f 3244/3/2 3238/3/2 3245/3/2
f 3245/5/2 3239/5/2 3246/5/2
f 3240/5/2 3241/5/2 3249/5/2
f 3241/2/2 3242/2/2 3250/2/2
f 3249/5/2 3241/5/2 3250/5/2
f 3250/2/2 3242/2/2 3251/2/2
f 3246/4/2 3247/4/2 3252/4/2
f 3245/4/2 3246/4/2 3252/4/2
f 3252/4/2 3247/4/2 3253/4/2
f 3253/4/2 3247/4/2 3254/4/2
f 3248/1/2 3249/1/2 3257/1/2
f 3249/5/2 3250/5/2 3258/5/2
f 3257/1/2 3249/1/2 3258/1/2
f 3258/5/2 3250/5/2 3259/5/2
f 3253/3/2 3254/3/2 3260/3/2
f 3254/4/2 3255/4/2 3261/4/2
f 3260/3/2 3254/3/2 3261/3/2
f 3261/4/2 3255/4/2 3262/4/2
f 3256/4/2 3257/4/2 3265/4/2
f 3257/2/2 3258/2/2 3266/2/2
f 3265/4/2 3257/4/2 3266/4/2
f 3266/2/2 3258/2/2 3267/2/2
f 3262/3/2 3263/3/2 3268/3/2
f 3261/3/2 3262/3/2 3268/3/2
f 3268/3/2 3263/3/2 3269/3/2
f 3269/3/2 3263/3/2 3270/3/2
f 3264/3/2 3265/3/2 3273/3/2
f 3265/2/2 3266/2/2 3274/2/2
f 3273/3/2 3265/3/2 3274/3/2
f 3274/2/2 3266/2/2 3275/2/2
f 3269/4/2 3270/4/2 3276/4/2
f 3270/2/2 3271/2/2 3277/2/2
f 3276/4/2 3270/4/2 3277/4/2
f 3277/2/2 3271/2/2 3278/2/2
f 3272/3/2 3273/3/2 3281/3/2
f 3273/4/2 3274/4/2 3282/4/2
f 3281/3/2 3273/3/2 3282/3/2
f 3282/4/2 3274/4/2 3283/4/2
f 3278/5/2 3279/5/2 3284/5/2
f 3277/5/2 3278/5/2 3284/5/2
f 3284/5/2 3279/5/2 3285/5/2
f 3285/5/2 3279/5/2 3286/5/2
f 3280/1/2 3281/1/2 3287/1/2
f 3281/5/2 3282/5/2 3288/5/2
f 3287/1/2 3281/1/2 3288/1/2
f 3288/5/2 3282/5/2 3289/5/2
f 3285/5/2 3286/5/2 3290/5/2
f 3286/5/2 3287/5/2 3290/5/2
f 3290/5/2 3287/5/2 3291/5/2
f 3291/5/2 3287/5/2 3292/5/2
f 3287/1/2 3288/1/2 3293/1/2
f 3292/5/2 3287/5/2 3293/5/2
f 3293/1/2 3288/1/2 3294/1/2
f 3291/2/2 3292/2/2 3295/2/2
f 3292/3/2 3293/3/2 3296/3/2
f 3295/2/2 3292/2/2 3296/2/2
f 3296/3/2 3293/3/2 3297/3/2
f 3298/2/2 3299/2/2 3302/2/2
f 3299/3/2 3300/3/2 3303/3/2
f 3302/2/2 3299/2/2 3303/2/2
f 3303/3/2 3300/3/2 3304/3/2
f 3301/4/2 3302/4/2 3307/4/2
f 3302/1/2 3303/1/2 3308/1/2
f 3307/4/2 3302/4/2 3308/4/2
f 3303/5/2 3304/5/2 3309/5/2
f 3308/1/2 3303/1/2 3309/1/2
f 3304/1/2 3305/1/2 3310/1/2
f 3309/5/2 3304/5/2 3310/5/2
f 3310/1/2 3305/1/2 3311/1/2
f 3307/5/2 3308/5/2 3314/5/2
f 3306/5/2 3307/5/2 3314/5/2
f 3314/5/2 3308/5/2 3315/5/2
f 3315/5/2 3308/5/2 3316/5/2
f 3310/5/2 3311/5/2 3317/5/2
f 3311/1/2 3312/1/2 3318/1/2
f 3317/5/2 3311/5/2 3318/5/2
f 3318/1/2 3312/1/2 3319/1/2
f 3313/1/2 3314/1/2 3322/1/2
f 3314/3/2 3315/3/2 3323/3/2
f 3322/1/2 3314/1/2 3323/1/2
f 3323/3/2 3315/3/2 3324/3/2
f 3318/3/2 3319/3/2 3325/3/2
f 3319/1/2 3320/1/2 3326/1/2
f 3325/3/2 3319/3/2 3326/3/2
f 3326/1/2 3320/1/2 3327/1/2
f 3321/2/2 3322/2/2 3330/2/2
f 3322/3/2 3323/3/2 3331/3/2
f 3330/2/2 3322/2/2 3331/2/2
f 3331/3/2 3323/3/2 3332/3/2
f 3326/2/2 3327/2/2 3333/2/2
f 3327/3/2 3328/3/2 3334/3/2
f 3333/2/2 3327/2/2 3334/2/2
f 3334/3/2 3328/3/2 3335/3/2
f 3329/3/2 3330/3/2 3338/3/2
f 3330/4/2 3331/4/2 3339/4/2
f 3338/3/2 3330/3/2 3339/3/2
f 3339/4/2 3331/4/2 3340/4/2
f 3334/5/2 3335/5/2 3341/5/2
f 3335/3/2 3336/3/2 3342/3/2
f 3341/5/2 3335/5/2 3342/5/2
f 3342/3/2 3336/3/2 3343/3/2
f 3337/5/2 3338/5/2 3346/5/2
f 3338/5/2 3339/5/2 3346/5/2
f 3346/5/2 3339/5/2 3347/5/2
f 3347/5/2 3339/5/2 3348/5/2
f 3342/5/2 3343/5/2 3349/5/2
f 3343/1/2 3344/1/2 3350/1/2
f 3349/5/2 3343/5/2 3350/5/2
f 3350/1/2 3344/1/2 3351/1/2
f 3345/2/2 3346/2/2 3354/2/2
f 3346/4/2 3347/4/2 3355/4/2
f 3354/2/2 3346/2/2 3355/2/2
f 3355/4/2 3347/4/2 3356/4/2
f 3350/5/2 3351/5/2 3357/5/2
f 3351/3/2 3352/3/2 3358/3/2
f 3357/5/2 3351/5/2 3358/5/2
f 3358/3/2 3352/3/2 3359/3/2
f 3353/5/2 3354/5/2 3362/5/2
f 3354/2/2 3355/2/2 3363/2/2
f 3362/5/2 3354/5/2 3363/5/2
f 3363/2/2 3355/2/2 3364/2/2
f 3358/2/2 3359/2/2 3365/2/2
f 3359/1/2 3360/1/2 3366/1/2
f 3365/2/2 3359/2/2 3366/2/2
f 3366/1/2 3360/1/2 3367/1/2
f 3361/2/2 3362/2/2 3370/2/2
f 3362/2/2 3363/2/2 3370/2/2
f 3370/2/2 3363/2/2 3371/2/2
f 3371/2/2 3363/2/2 3372/2/2
f 3366/3/2 3367/3/2 3373/3/2
f 3367/2/2 3368/2/2 3374/2/2
f 3373/3/2 3367/3/2 3374/3/2
f 3374/2/2 3368/2/2 3375/2/2
f 3369/1/2 3370/1/2 3377/1/2
f 3370/2/2 3371/2/2 3378/2/2
f 3377/1/2 3370/1/2 3378/1/2
f 3378/2/2 3371/2/2 3379/2/2
f 3374/3/2 3375/3/2 3380/3/2
f 3375/1/2 3376/1/2 3381/1/2
f 3380/3/2 3375/3/2 3381/3/2
f 3381/1/2 3376/1/2 3382/1/2
f 3383/1/2 3384/1/2 3389/1/2
f 3384/3/2 3385/3/2 3390/3/2
f 3389/1/2 3384/1/2 3390/1/2
f 3390/3/2 3385/3/2 3391/3/2
f 3386/2/2 3387/2/2 3394/2/2
f 3387/4/2 3388/4/2 3395/4/2
f 3394/2/2 3387/2/2 3395/2/2
f 3395/4/2 3388/4/2 3396/4/2
f 3390/3/2 3391/3/2 3397/3/2
f 3391/2/2 3392/2/2 3398/2/2
f 3397/3/2 3391/3/2 3398/3/2
f 3398/2/2 3392/2/2 3399/2/2
f 3393/2/2 3394/2/2 3402/2/2
f 3394/2/2 3395/2/2 3402/2/2
f 3402/2/2 3395/2/2 3403/2/2
f 3403/2/2 3395/2/2 3404/2/2
f 3398/1/2 3399/1/2 3405/1/2
f 3399/2/2 3400/2/2 3406/2/2
f 3405/1/2 3399/1/2 3406/1/2
f 3406/2/2 3400/2/2 3407/2/2
f 3401/3/2 3402/3/2 3410/3/2
f 3402/4/2 3403/4/2 3411/4/2
f 3410/3/2 3402/3/2 3411/3/2
f 3411/4/2 3403/4/2 3412/4/2
f 3406/3/2 3407/3/2 3413/3/2
f 3407/1/2 3408/1/2 3414/1/2
f 3413/3/2 3407/3/2 3414/3/2
f 3414/1/2 3408/1/2 3415/1/2
f 3409/4/2 3410/4/2 3418/4/2
f 3410/3/2 3411/3/2 3419/3/2
f 3418/4/2 3410/4/2 3419/4/2
f 3419/3/2 3411/3/2 3420/3/2
f 3414/1/2 3415/1/2 3421/1/2
f 3415/5/2 3416/5/2 3422/5/2
f 3421/1/2 3415/1/2 3422/1/2
f 3422/5/2 3416/5/2 3423/5/2
f 3417/1/2 3418/1/2 3426/1/2
f 3418/5/2 3419/5/2 3427/5/2
f 3426/1/2 3418/1/2 3427/1/2
f 3427/5/2 3419/5/2 3428/5/2
f 3422/2/2 3423/2/2 3429/2/2
f 3423/4/2 3424/4/2 3430/4/2
f 3429/2/2 3423/2/2 3430/2/2
f 3430/4/2 3424/4/2 3431/4/2
f 3425/1/2 3426/1/2 3434/1/2
f 3426/2/2 3427/2/2 3435/2/2
f 3434/1/2 3426/1/2 3435/1/2
f 3435/2/2 3427/2/2 3436/2/2
f 3430/3/2 3431/3/2 3437/3/2
f 3431/2/2 3432/2/2 3438/2/2
f 3437/3/2 3431/3/2 3438/3/2
f 3438/2/2 3432/2/2 3439/2/2
f 3433/2/2 3434/2/2 3442/2/2
f 3434/2/2 3435/2/2 3442/2/2
f 3442/2/2 3435/2/2 3443/2/2
f 3443/2/2 3435/2/2 3444/2/2
f 3438/1/2 3439/1/2 3445/1/2
f 3439/3/2 3440/3/2 3446/3/2
f 3445/1/2 3439/1/2 3446/1/2
f 3446/3/2 3440/3/2 3447/3/2
f 3441/3/2 3442/3/2 3448/3/2
f 3442/1/2 3443/1/2 3449/1/2
f 3448/3/2 3442/3/2 3449/3/2
f 3449/1/2 3443/1/2 3450/1/2
f 3446/1/2 3447/1/2 3451/1/2
f 3451/1/2 3447/1/2 3452/1/2
f 3448/1/2 3449/1/2 3456/1/2
f 3456/1/2 3449/1/2 3457/1/2
f 3453/4/2 3454/4/2 3458/4/2
f 3454/5/2 3455/5/2 3459/5/2
f 3458/4/2 3454/4/2 3459/4/2
f 3459/5/2 3455/5/2 3460/5/2
f 3461/4/2 3462/4/2 3465/4/2
f 3465/4/2 3462/4/2 3466/4/2
f 3463/1/2 3464/1/2 3470/1/2
f 3470/1/2 3464/1/2 3471/1/2
f 3467/4/2 3468/4/2 3472/4/2
f 3472/4/2 3468/4/2 3473/4/2
f 3469/4/2 3470/4/2 3476/4/2
f 3470/3/2 3471/3/2 3477/3/2
f 3476/4/2 3470/4/2 3477/4/2
f 3477/3/2 3471/3/2 3478/3/2
f 3472/3/2 3473/3/2 3479/3/2
f 3473/1/2 3474/1/2 3480/1/2
f 3479/3/2 3473/3/2 3480/3/2
f 3480/1/2 3474/1/2 3481/1/2
f 3475/3/2 3476/3/2 3484/3/2
f 3476/3/2 3477/3/2 3484/3/2
f 3484/3/2 3477/3/2 3485/3/2
f 3485/3/2 3477/3/2 3486/3/2
f 3480/2/2 3481/2/2 3487/2/2
f 3481/2/2 3482/2/2 3487/2/2
f 3487/2/2 3482/2/2 3488/2/2
f 3488/2/2 3482/2/2 3489/2/2
f 3483/3/2 3484/3/2 3492/3/2
f 3484/5/2 3485/5/2 3493/5/2
f 3492/3/2 3484/3/2 3493/3/2
f 3493/5/2 3485/5/2 3494/5/2
f 3488/5/2 3489/5/2 3495/5/2
f 3489/2/2 3490/2/2 3496/2/2
f 3495/5/2 3489/5/2 3496/5/2
f 3496/2/2 3490/2/2 3497/2/2
f 3491/4/2 3492/4/2 3500/4/2
f 3492/5/2 3493/5/2 3501/5/2
f 3500/4/2 3492/4/2 3501/4/2
f 3501/5/2 3493/5/2 3502/5/2
f 3496/1/2 3497/1/2 3503/1/2
f 3497/5/2 3498/5/2 3504/5/2
f 3503/1/2 3497/1/2 3504/1/2
f 3504/5/2 3498/5/2 3505/5/2
f 3499/3/2 3500/3/2 3508/3/2
f 3500/1/2 3501/1/2 3509/1/2
f 3508/3/2 3500/3/2 3509/3/2
f 3509/1/2 3501/1/2 3510/1/2
f 3504/4/2 3505/4/2 3511/4/2
f 3505/2/2 3506/2/2 3512/2/2
f 3511/4/2 3505/4/2 3512/4/2
f 3512/2/2 3506/2/2 3513/2/2
f 3507/5/2 3508/5/2 3516/5/2
f 3508/2/2 3509/2/2 3517/2/2
f 3516/5/2 3508/5/2 3517/5/2
f 3517/2/2 3509/2/2 3518/2/2
f 3512/2/2 3513/2/2 3519/2/2
f 3513/1/2 3514/1/2 3520/1/2
f 3519/2/2 3513/2/2 3520/2/2
f 3520/1/2 3514/1/2 3521/1/2
f 3515/2/2 3516/2/2 3524/2/2
f 3516/2/2 3517/2/2 3524/2/2
f 3524/2/2 3517/2/2 3525/2/2
f 3525/2/2 3517/2/2 3526/2/2
f 3520/3/2 3521/3/2 3527/3/2
f 3521/2/2 3522/2/2 3528/2/2
f 3527/3/2 3521/3/2 3528/3/2
f 3528/2/2 3522/2/2 3529/2/2
f 3523/4/2 3524/4/2 3531/4/2
f 3524/3/2 3525/3/2 3532/3/2
f 3531/4/2 3524/4/2 3532/4/2
f 3532/3/2 3525/3/2 3533/3/2
f 3528/2/2 3529/2/2 3534/2/2
f 3529/1/2 3530/1/2 3535/1/2
f 3534/2/2 3529/2/2 3535/2/2
f 3535/1/2 3530/1/2 3536/1/2
f 3537/1/2 3538/1/2 3539/1/2
f 3539/1/2 3538/1/2 3540/1/2
f 3541/3/2 3542/3/2 3545/3/2
f 3545/3/2 3542/3/2 3546/3/2
f 3543/3/2 3544/3/2 3547/3/2
f 3547/3/2 3544/3/2 3548/3/2
f 3545/5/2 3546/5/2 3549/5/2
f 3549/5/2 3546/5/2 3550/5/2
f 3547/4/2 3548/4/2 3551/4/2
f 3551/4/2 3548/4/2 3552/4/2
f 3549/4/2 3550/4/2 3553/4/2
f 3553/4/2 3550/4/2 3554/4/2
f 3551/1/2 3552/1/2 3555/1/2
f 3555/1/2 3552/1/2 3556/1/2
f 3553/5/2 3554/5/2 3557/5/2
f 3557/5/2 3554/5/2 3558/5/2
f 3555/5/2 3556/5/2 3559/5/2
f 3559/5/2 3556/5/2 3560/5/2
f 3557/3/2 3558/3/2 3561/3/2
f 3561/3/2 3558/3/2 3562/3/2
f 3559/2/2 3560/2/2 3563/2/2
f 3563/2/2 3560/2/2 3564/2/2
f 3561/4/2 3562/4/2 3566/4/2
f 3566/4/2 3562/4/2 3567/4/2
f 3563/1/2 3564/1/2 3568/1/2
f 3568/1/2 3564/1/2 3569/1/2
f 3565/1/2 3566/1/2 3571/1/2
f 3571/1/2 3566/1/2 3572/1/2
f 3569/4/2 3570/4/2 3575/4/2
f 3575/4/2 3570/4/2 3576/4/2
f 3572/1/2 3573/1/2 3577/1/2
f 3577/1/2 3573/1/2 3578/1/2
f 3577/5/2 3578/5/2 3579/5/2
f 3579/5/2 3578/5/2 3580/5/2
f 3579/4/2 3580/4/2 3581/4/2
f 3581/4/2 3580/4/2 3582/4/2
f 3574/1/2 3575/1/2 3583/1/2
f 3583/1/2 3575/1/2 3584/1/2
f 3581/5/2 3582/5/2 3585/5/2
f 3585/5/2 3582/5/2 3586/5/2
f 3583/4/2 3584/4/2 3587/4/2
f 3587/4/2 3584/4/2 3588/4/2
f 3585/2/2 3586/2/2 3589/2/2
f 3589/2/2 3586/2/2 3590/2/2
f 3587/2/2 3588/2/2 3591/2/2
f 3591/2/2 3588/2/2 3592/2/2
f 3591/4/2 3592/4/2 3593/4/2
f 3593/4/2 3592/4/2 3594/4/2
f 3589/4/2 3590/4/2 3595/4/2
f 3595/4/2 3590/4/2 3596/4/2
f 3593/1/2 3594/1/2 3597/1/2
f 3597/1/2 3594/1/2 3598/1/2
f 3597/5/2 3598/5/2 3599/5/2
f 3599/5/2 3598/5/2 3600/5/2
f 3595/5/2 3596/5/2 3601/5/2
f 3601/5/2 3596/5/2 3602/5/2
f 3599/1/2 3600/1/2 3603/1/2
f 3603/1/2 3600/1/2 3604/1/2
f 3601/4/2 3602/4/2 3605/4/2
f 3605/4/2 3602/4/2 3606/4/2
f 3603/4/2 3604/4/2 3607/4/2
f 3607/4/2 3604/4/2 3608/4/2
f 3605/1/2 3606/1/2 3609/1/2
f 3609/1/2 3606/1/2 3610/1/2
f 3607/1/2 3608/1/2 3611/1/2
f 3611/1/2 3608/1/2 3612/1/2
f 3609/4/2 3610/4/2 3613/4/2
f 3613/4/2 3610/4/2 3614/4/2
f 3611/4/2 3612/4/2 3615/4/2
f 3615/4/2 3612/4/2 3616/4/2
f 3613/3/2 3614/3/2 3617/3/2
f 3617/3/2 3614/3/2 3618/3/2
f 3615/2/2 3616/2/2 3619/2/2
f 3619/2/2 3616/2/2 3620/2/2
f 3617/1/2 3618/1/2 3621/1/2
f 3621/1/2 3618/1/2 3622/1/2
f 3619/4/2 3620/4/2 3623/4/2
f 3623/4/2 3620/4/2 3624/4/2
f 3621/4/2 3622/4/2 3625/4/2
f 3625/4/2 3622/4/2 3626/4/2
f 3623/1/2 3624/1/2 3627/1/2
f 3627/1/2 3624/1/2 3628/1/2
f 3625/1/2 3626/1/2 3630/1/2
f 3630/1/2 3626/1/2 3631/1/2
f 3627/5/2 3628/5/2 3632/5/2
f 3632/5/2 3628/5/2 3633/5/2
f 3629/5/2 3630/5/2 3635/5/2
f 3635/5/2 3630/5/2 3636/5/2
f 3633/5/2 3634/5/2 3639/5/2
f 3639/5/2 3634/5/2 3640/5/2
f 3636/1/2 3637/1/2 3641/1/2
f 3641/1/2 3637/1/2 3642/1/2
f 3638/1/2 3639/1/2 3643/1/2
f 3643/1/2 3639/1/2 3644/1/2
f 3641/2/2 3642/2/2 3645/2/2
f 3645/2/2 3642/2/2 3646/2/2
f 3643/2/2 3644/2/2 3647/2/2
f 3647/2/2 3644/2/2 3648/2/2
f 3645/5/2 3646/5/2 3649/5/2
f 3649/5/2 3646/5/2 3650/5/2
f 3649/1/2 3650/1/2 3651/1/2
f 3651/1/2 3650/1/2 3652/1/2
f 3647/4/2 3648/4/2 3653/4/2
f 3653/4/2 3648/4/2 3654/4/2
f 3651/5/2 3652/5/2 3655/5/2
f 3655/5/2 3652/5/2 3656/5/2
f 3653/5/2 3654/5/2 3657/5/2
f 3657/5/2 3654/5/2 3658/5/2
f 3655/2/2 3656/2/2 3659/2/2
f 3659/2/2 3656/2/2 3660/2/2
f 3657/3/2 3658/3/2 3661/3/2
f 3661/3/2 3658/3/2 3662/3/2
f 3663/5/2 3664/5/2 3666/5/2
f 3664/4/2 3665/4/2 3667/4/2
f 3666/5/2 3664/5/2 3667/5/2
f 3667/4/2 3665/4/2 3668/4/2
f 3669/2/2 3670/2/2 3674/2/2
f 3670/3/2 3671/3/2 3675/3/2
f 3674/2/2 3670/2/2 3675/2/2
f 3675/3/2 3671/3/2 3676/3/2
f 3672/2/2 3673/2/2 3677/2/2
f 3677/2/2 3673/2/2 3678/2/2
f 3674/3/2 3675/3/2 3679/3/2
f 3675/2/2 3676/2/2 3680/2/2
f 3679/3/2 3675/3/2 3680/3/2
f 3680/2/2 3676/2/2 3681/2/2
f 3672/2/2 3677/2/2 3682/2/2
f 3677/3/2 3678/3/2 3683/3/2
f 3682/2/2 3677/2/2 3683/2/2
f 3683/3/2 3678/3/2 3684/3/2
f 3679/2/2 3680/2/2 3685/2/2
f 3680/5/2 3681/5/2 3686/5/2
f 3685/2/2 3680/2/2 3686/2/2
f 3686/5/2 3681/5/2 3687/5/2
f 3682/4/2 3683/4/2 3688/4/2
f 3683/3/2 3684/3/2 3689/3/2
f 3688/4/2 3683/4/2 3689/4/2
f 3689/3/2 3684/3/2 3690/3/2
f 3691/3/2 3692/3/2 3694/3/2
f 3692/2/2 3693/2/2 3695/2/2
f 3694/3/2 3692/3/2 3695/3/2
f 3695/2/2 3693/2/2 3696/2/2
f 3697/2/2 3698/2/2 3700/2/2
f 3698/3/2 3699/3/2 3701/3/2
f 3700/2/2 3698/2/2 3701/2/2
f 3701/3/2 3699/3/2 3702/3/2
f 3703/2/2 3704/2/2 3709/2/2
f 3704/4/2 3705/4/2 3710/4/2
f 3709/2/2 3704/2/2 3710/2/2
f 3710/4/2 3705/4/2 3711/4/2
f 3706/4/2 3707/4/2 3712/4/2
f 3707/2/2 3708/2/2 3713/2/2
f 3712/4/2 3707/4/2 3713/4/2
f 3713/2/2 3708/2/2 3714/2/2
f 3710/2/2 3711/2/2 3715/2/2
f 3709/2/2 3710/2/2 3715/2/2
f 3715/2/2 3711/2/2 3716/2/2
f 3709/2/2 3715/2/2 3717/2/2
f 3715/3/2 3716/3/2 3718/3/2
f 3717/2/2 3715/2/2 3718/2/2
f 3718/3/2 3716/3/2 3719/3/2
f 3713/2/2 3714/2/2 3720/2/2
f 3712/2/2 3713/2/2 3720/2/2
f 3720/2/2 3714/2/2 3721/2/2
f 3722/3/2 3723/3/2 3730/3/2
f 3730/3/2 3723/3/2 3731/3/2
f 3724/5/2 3725/5/2 3732/5/2
f 3732/5/2 3725/5/2 3733/5/2
f 3728/3/2 3729/3/2 3734/3/2
f 3734/3/2 3729/3/2 3735/3/2
f 3730/2/2 3731/2/2 3736/2/2
f 3732/1/2 3733/1/2 3737/1/2
f 3737/1/2 3733/1/2 3738/1/2
f 3726/4/2 3727/4/2 3739/4/2
f 3739/4/2 3727/4/2 3740/4/2
f 3736/2/2 3731/2/2 3741/2/2
f 3741/2/2 3731/2/2 3742/2/2
f 3737/2/2 3738/2/2 3743/2/2
f 3743/2/2 3738/2/2 3744/2/2
f 3739/3/2 3740/3/2 3745/3/2
f 3745/3/2 3740/3/2 3746/3/2
f 3734/2/2 3735/2/2 3747/2/2
f 3747/2/2 3735/2/2 3748/2/2
f 3747/3/2 3748/3/2 3749/3/2
f 3749/3/2 3748/3/2 3750/3/2
f 3741/3/2 3742/3/2 3751/3/2
f 3751/3/2 3742/3/2 3752/3/2
f 3749/2/2 3750/2/2 3753/2/2
f 3753/2/2 3750/2/2 3754/2/2
f 3751/5/2 3752/5/2 3755/5/2
f 3753/5/2 3754/5/2 3756/5/2
f 3755/5/2 3752/5/2 3757/5/2
f 3757/5/2 3752/5/2 3758/5/2
f 3753/5/2 3756/5/2 3759/5/2
f 3759/5/2 3756/5/2 3760/5/2
f 3757/2/2 3758/2/2 3761/2/2
f 3761/2/2 3758/2/2 3762/2/2
f 3759/2/2 3760/2/2 3763/2/2
f 3763/2/2 3760/2/2 3764/2/2
f 3761/5/2 3762/5/2 3765/5/2
f 3765/5/2 3762/5/2 3766/5/2
f 3763/1/2 3764/1/2 3767/1/2
f 3767/1/2 3764/1/2 3768/1/2
f 3769/5/2 3770/5/2 3773/5/2
f 3773/5/2 3770/5/2 3774/5/2
f 3771/5/2 3772/5/2 3775/5/2
f 3775/5/2 3772/5/2 3776/5/2
f 3773/3/2 3774/3/2 3777/3/2
f 3777/3/2 3774/3/2 3778/3/2
f 3775/2/2 3776/2/2 3779/2/2
f 3779/2/2 3776/2/2 3780/2/2
f 3777/1/2 3778/1/2 3781/1/2
f 3781/1/2 3778/1/2 3782/1/2
f 3779/5/2 3780/5/2 3783/5/2
f 3781/5/2 3782/5/2 3784/5/2
f 3784/5/2 3782/5/2 3785/5/2
f 3779/5/2 3783/5/2 3786/5/2
f 3786/5/2 3783/5/2 3787/5/2
f 3784/2/2 3785/2/2 3788/2/2
f 3789/2/2 3790/2/2 3793/2/2
f 3793/2/2 3790/2/2 3794/2/2
f 3791/3/2 3792/3/2 3795/3/2
f 3795/3/2 3792/3/2 3796/3/2
f 3788/2/2 3785/2/2 3797/2/2
f 3797/2/2 3785/2/2 3798/2/2
f 3793/4/2 3794/4/2 3799/4/2
f 3799/4/2 3794/4/2 3800/4/2
f 3786/3/2 3787/3/2 3801/3/2
f 3797/3/2 3798/3/2 3802/3/2
f 3802/3/2 3798/3/2 3803/3/2
f 3799/1/2 3800/1/2 3804/1/2
f 3804/1/2 3800/1/2 3805/1/2
f 3795/4/2 3796/4/2 3806/4/2
f 3806/4/2 3796/4/2 3807/4/2
f 3786/3/2 3801/3/2 3808/3/2
f 3808/3/2 3801/3/2 3809/3/2
f 3810/2/2 3811/2/2 3814/2/2
f 3812/3/2 3813/3/2 3815/3/2
f 3815/3/2 3813/3/2 3816/3/2
f 3810/2/2 3814/2/2 3817/2/2
f 3817/2/2 3814/2/2 3818/2/2
f 3815/2/2 3816/2/2 3819/2/2
f 3819/2/2 3816/2/2 3820/2/2
f 3821/3/2 3822/3/2 3825/3/2
f 3823/2/2 3824/2/2 3826/2/2
f 3821/3/2 3825/3/2 3827/3/2
f 3826/2/2 3824/2/2 3828/2/2
f 3828/2/2 3824/2/2 3829/2/2
f 3821/3/2 3827/3/2 3830/3/2
f 3830/3/2 3827/3/2 3831/3/2
f 3828/3/2 3829/3/2 3832/3/2
f 3832/3/2 3829/3/2 3833/3/2
f 3834/3/2 3835/3/2 3838/3/2
f 3838/3/2 3835/3/2 3839/3/2
f 3836/2/2 3837/2/2 3840/2/2
f 3840/2/2 3837/2/2 3841/2/2
f 3838/4/2 3839/4/2 3842/4/2
f 3842/4/2 3839/4/2 3843/4/2
f 3840/1/2 3841/1/2 3844/1/2
f 3844/1/2 3841/1/2 3845/1/2
f 3842/2/2 3843/2/2 3846/2/2
f 3846/2/2 3843/2/2 3847/2/2
f 3844/2/2 3845/2/2 3848/2/2
f 3848/2/2 3845/2/2 3849/2/2
f 3846/4/2 3847/4/2 3850/4/2
f 3850/4/2 3847/4/2 3851/4/2
f 3848/1/2 3849/1/2 3852/1/2
f 3852/1/2 3849/1/2 3853/1/2
f 3850/3/2 3851/3/2 3854/3/2
f 3854/3/2 3851/3/2 3855/3/2
f 3854/2/2 3855/2/2 3856/2/2
f 3856/2/2 3855/2/2 3857/2/2
f 3856/3/2 3857/3/2 3858/3/2
f 3858/3/2 3857/3/2 3859/3/2
f 3852/3/2 3853/3/2 3860/3/2
f 3858/2/2 3859/2/2 3861/2/2
f 3861/2/2 3859/2/2 3862/2/2
f 3860/3/2 3853/3/2 3863/3/2
f 3863/3/2 3853/3/2 3864/3/2
f 3861/4/2 3862/4/2 3865/4/2
f 3865/4/2 3862/4/2 3866/4/2
f 3863/5/2 3864/5/2 3867/5/2
f 3867/5/2 3864/5/2 3868/5/2
f 3869/1/2 3870/1/2 3873/1/2
f 3873/1/2 3870/1/2 3874/1/2
f 3871/1/2 3872/1/2 3875/1/2
f 3875/1/2 3872/1/2 3876/1/2
f 3873/3/2 3874/3/2 3877/3/2
f 3877/3/2 3874/3/2 3878/3/2
f 3875/3/2 3876/3/2 3879/3/2
f 3877/2/2 3878/2/2 3880/2/2
f 3880/2/2 3878/2/2 3881/2/2
f 3879/3/2 3876/3/2 3882/3/2
f 3882/3/2 3876/3/2 3883/3/2
f 3880/3/2 3881/3/2 3884/3/2
f 3882/2/2 3883/2/2 3885/2/2
f 3885/2/2 3883/2/2 3886/2/2
f 3880/3/2 3884/3/2 3887/3/2
f 3887/3/2 3884/3/2 3888/3/2
f 3885/3/2 3886/3/2 3889/3/2
f 3889/3/2 3886/3/2 3890/3/2
f 3887/1/2 3888/1/2 3891/1/2
f 3891/1/2 3888/1/2 3892/1/2
f 3889/1/2 3890/1/2 3893/1/2
f 3893/1/2 3890/1/2 3894/1/2
f 3891/3/2 3892/3/2 3895/3/2
f 3895/3/2 3892/3/2 3896/3/2
f 3893/2/2 3894/2/2 3897/2/2
f 3897/2/2 3894/2/2 3898/2/2
f 3895/1/2 3896/1/2 3899/1/2
f 3899/1/2 3896/1/2 3900/1/2
f 3897/1/2 3898/1/2 3901/1/2
f 3901/1/2 3898/1/2 3902/1/2
f 3899/2/2 3900/2/2 3903/2/2
f 3903/2/2 3900/2/2 3904/2/2
f 3901/2/2 3902/2/2 3905/2/2
f 3905/2/2 3902/2/2 3906/2/2
f 3907/4/2 3908/4/2 3915/4/2
f 3915/4/2 3908/4/2 3916/4/2
f 3909/2/2 3910/2/2 3917/2/2
f 3917/2/2 3910/2/2 3918/2/2
f 3915/5/2 3916/5/2 3919/5/2
f 3919/5/2 3916/5/2 3920/5/2
f 3917/3/2 3918/3/2 3921/3/2
f 3921/3/2 3918/3/2 3922/3/2
f 3911/3/2 3912/3/2 3923/3/2
f 3923/3/2 3912/3/2 3924/3/2
f 3913/1/2 3914/1/2 3925/1/2
f 3925/1/2 3914/1/2 3926/1/2
f 3919/4/2 3920/4/2 3927/4/2
f 3927/4/2 3920/4/2 3928/4/2
f 3921/4/2 3922/4/2 3929/4/2
f 3929/4/2 3922/4/2 3930/4/2
f 3923/4/2 3924/4/2 3931/4/2
f 3931/4/2 3924/4/2 3932/4/2
f 3925/5/2 3926/5/2 3933/5/2
f 3933/5/2 3926/5/2 3934/5/2
f 3927/2/2 3928/2/2 3935/2/2
f 3935/2/2 3928/2/2 3936/2/2
f 3933/3/2 3934/3/2 3937/3/2
f 3937/3/2 3934/3/2 3938/3/2
f 3935/3/2 3936/3/2 3939/3/2
f 3939/3/2 3936/3/2 3940/3/2
f 3937/2/2 3938/2/2 3941/2/2
f 3939/2/2 3940/2/2 3942/2/2
f 3941/2/2 3938/2/2 3943/2/2
f 3939/2/2 3942/2/2 3944/2/2
f 3944/2/2 3942/2/2 3945/2/2
f 3943/2/2 3938/2/2 3946/2/2
f 3946/2/2 3938/2/2 3947/2/2
f 3944/3/2 3945/3/2 3948/3/2
f 3948/3/2 3945/3/2 3949/3/2
f 3946/3/2 3947/3/2 3950/3/2
f 3950/3/2 3947/3/2 3951/3/2
f 3948/1/2 3949/1/2 3952/1/2
f 3952/1/2 3949/1/2 3953/1/2
f 3950/5/2 3951/5/2 3954/5/2
f 3954/5/2 3951/5/2 3955/5/2
f 3956/1/2 3957/1/2 3960/1/2
f 3960/1/2 3957/1/2 3961/1/2
f 3958/1/2 3959/1/2 3962/1/2
f 3962/1/2 3959/1/2 3963/1/2
f 3960/2/2 3961/2/2 3964/2/2
f 3964/2/2 3961/2/2 3965/2/2
f 3962/2/2 3963/2/2 3966/2/2
f 3966/2/2 3963/2/2 3967/2/2
f 3964/3/2 3965/3/2 3968/3/2
f 3966/3/2 3967/3/2 3969/3/2
f 3964/3/2 3968/3/2 3970/3/2
f 3970/3/2 3968/3/2 3971/3/2
f 3969/3/2 3967/3/2 3972/3/2
f 3970/2/2 3971/2/2 3973/2/2
f 3973/2/2 3971/2/2 3974/2/2
f 3972/3/2 3967/3/2 3975/3/2
f 3975/3/2 3967/3/2 3976/3/2
f 3973/3/2 3974/3/2 3977/3/2
f 3977/3/2 3974/3/2 3978/3/2
f 3975/2/2 3976/2/2 3983/2/2
f 3983/2/2 3976/2/2 3984/2/2
f 3977/5/2 3978/5/2 3985/5/2
f 3985/5/2 3978/5/2 3986/5/2
f 3979/1/2 3980/1/2 3987/1/2
f 3987/1/2 3980/1/2 3988/1/2
f 3981/1/2 3982/1/2 3989/1/2
f 3989/1/2 3982/1/2 3990/1/2
f 3983/5/2 3984/5/2 3991/5/2
f 3991/5/2 3984/5/2 3992/5/2
f 3985/1/2 3986/1/2 3993/1/2
f 3993/1/2 3986/1/2 3994/1/2
f 3987/2/2 3988/2/2 3995/2/2
f 3995/2/2 3988/2/2 3996/2/2
f 3989/3/2 3990/3/2 3997/3/2
f 3997/3/2 3990/3/2 3998/3/2
f 3993/4/2 3994/4/2 3999/4/2
f 3999/4/2 3994/4/2 4000/4/2
f 3995/3/2 3996/3/2 4001/3/2
f 4001/3/2 3996/3/2 4002/3/2
f 3997/2/2 3998/2/2 4003/2/2
f 4003/2/2 3998/2/2 4004/2/2
f 3991/1/2 3992/1/2 4005/1/2
f 4005/1/2 3992/1/2 4006/1/2
f 4007/3/2 4008/3/2 4011/3/2
f 4011/3/2 4008/3/2 4012/3/2
f 4009/2/2 4010/2/2 4013/2/2
f 4013/2/2 4010/2/2 4014/2/2
f 4011/5/2 4012/5/2 4015/5/2
f 4015/5/2 4012/5/2 4016/5/2
f 4013/1/2 4014/1/2 4017/1/2
f 4017/1/2 4014/1/2 4018/1/2
f 4019/1/2 4020/1/2 4023/1/2
f 4023/1/2 4020/1/2 4024/1/2
f 4021/1/2 4022/1/2 4025/1/2
f 4025/1/2 4022/1/2 4026/1/2
f 4023/3/2 4024/3/2 4027/3/2
f 4027/3/2 4024/3/2 4028/3/2
f 4025/2/2 4026/2/2 4029/2/2
f 4029/2/2 4026/2/2 4030/2/2
f 4027/2/2 4028/2/2 4031/2/2
f 4031/2/2 4028/2/2 4032/2/2
f 4029/3/2 4030/3/2 4033/3/2
f 4033/3/2 4030/3/2 4034/3/2
f 4035/2/2 4036/2/2 4039/2/2
f 4039/2/2 4036/2/2 4040/2/2
f 4037/2/2 4038/2/2 4041/2/2
f 4041/2/2 4038/2/2 4042/2/2
f 4039/3/2 4040/3/2 4043/3/2
f 4043/3/2 4040/3/2 4044/3/2
f 4041/3/2 4042/3/2 4045/3/2
f 4045/3/2 4042/3/2 4046/3/2
f 4043/4/2 4044/4/2 4047/4/2
f 4047/4/2 4044/4/2 4048/4/2
f 4045/4/2 4046/4/2 4049/4/2
f 4049/4/2 4046/4/2 4050/4/2
f 4049/3/2 4050/3/2 4051/3/2
f 4051/3/2 4050/3/2 4052/3/2
f 4047/3/2 4048/3/2 4053/3/2
f 4053/3/2 4048/3/2 4054/3/2
f 4053/2/2 4054/2/2 4055/2/2
f 4055/2/2 4054/2/2 4056/2/2
f 4051/2/2 4052/2/2 4057/2/2
f 4057/2/2 4052/2/2 4058/2/2
f 4055/5/2 4056/5/2 4059/5/2
f 4059/5/2 4056/5/2 4060/5/2
f 4059/4/2 4060/4/2 4061/4/2
f 4061/4/2 4060/4/2 4062/4/2
f 4057/5/2 4058/5/2 4063/5/2
f 4063/5/2 4058/5/2 4064/5/2
f 4061/5/2 4062/5/2 4065/5/2
f 4065/5/2 4062/5/2 4066/5/2
f 4063/4/2 4064/4/2 4067/4/2
f 4067/4/2 4064/4/2 4068/4/2
f 4069/4/2 4070/4/2 4073/4/2
f 4073/4/2 4070/4/2 4074/4/2
f 4071/4/2 4072/4/2 4075/4/2
f 4075/4/2 4072/4/2 4076/4/2
f 4075/5/2 4076/5/2 4077/5/2
f 4077/5/2 4076/5/2 4078/5/2
f 4073/5/2 4074/5/2 4079/5/2
f 4079/5/2 4074/5/2 4080/5/2
f 4077/4/2 4078/4/2 4081/4/2
f 4081/4/2 4078/4/2 4082/4/2
f 4081/2/2 4082/2/2 4083/2/2
f 4079/2/2 4080/2/2 4084/2/2
f 4084/2/2 4080/2/2 4085/2/2
f 4083/2/2 4082/2/2 4086/2/2
f 4086/2/2 4082/2/2 4087/2/2
f 4084/3/2 4085/3/2 4088/3/2
f 4088/3/2 4085/3/2 4089/3/2
f 4086/3/2 4087/3/2 4090/3/2
f 4090/3/2 4087/3/2 4091/3/2
f 4088/1/2 4089/1/2 4092/1/2
f 4092/1/2 4089/1/2 4093/1/2
f 4090/1/2 4091/1/2 4094/1/2
f 4094/1/2 4091/1/2 4095/1/2
f 4092/2/2 4093/2/2 4096/2/2
f 4096/2/2 4093/2/2 4097/2/2
f 4094/2/2 4095/2/2 4098/2/2
f 4096/3/2 4097/3/2 4099/3/2
f 4099/3/2 4097/3/2 4100/3/2
f 4098/2/2 4095/2/2 4101/2/2
f 4101/2/2 4095/2/2 4102/2/2
f 4105/1/2 4106/1/2 4107/1/2
f 4107/1/2 4106/1/2 4108/1/2
f 4103/4/2 4104/4/2 4109/4/2
f 4109/4/2 4104/4/2 4110/4/2
f 4107/5/2 4108/5/2 4111/5/2
f 4109/5/2 4110/5/2 4112/5/2
f 4112/5/2 4110/5/2 4113/5/2
f 4111/5/2 4108/5/2 4114/5/2
f 4114/5/2 4108/5/2 4115/5/2
f 4114/3/2 4115/3/2 4116/3/2
f 4112/3/2 4113/3/2 4117/3/2
f 4117/3/2 4113/3/2 4118/3/2
f 4116/3/2 4115/3/2 4119/3/2
f 4117/2/2 4118/2/2 4120/2/2
f 4120/2/2 4118/2/2 4121/2/2
f 4119/3/2 4115/3/2 4122/3/2
f 4122/3/2 4115/3/2 4123/3/2
f 4122/1/2 4123/1/2 4124/1/2
f 4124/1/2 4123/1/2 4125/1/2
f 4120/1/2 4121/1/2 4126/1/2
f 4126/1/2 4121/1/2 4127/1/2
f 4125/1/2 4123/1/2 4128/1/2
f 4128/1/2 4123/1/2 4129/1/2
f 4130/5/2 4131/5/2 4134/5/2
f 4134/5/2 4131/5/2 4135/5/2
f 4132/4/2 4133/4/2 4136/4/2
f 4136/4/2 4133/4/2 4137/4/2
f 4134/1/2 4135/1/2 4138/1/2
f 4138/1/2 4135/1/2 4139/1/2
f 4136/5/2 4137/5/2 4140/5/2
f 4140/5/2 4137/5/2 4141/5/2
f 4138/2/2 4139/2/2 4142/2/2
f 4140/3/2 4141/3/2 4143/3/2
f 4143/3/2 4141/3/2 4144/3/2
f 4138/2/2 4142/2/2 4145/2/2
f 4145/2/2 4142/2/2 4146/2/2
f 4143/2/2 4144/2/2 4147/2/2
f 4147/2/2 4144/2/2 4148/2/2
f 4145/3/2 4146/3/2 4149/3/2
f 4149/3/2 4146/3/2 4150/3/2
f 4147/3/2 4148/3/2 4151/3/2
f 4151/3/2 4148/3/2 4152/3/2
f 4149/5/2 4150/5/2 4153/5/2
f 4153/5/2 4150/5/2 4154/5/2
f 4153/1/2 4154/1/2 4155/1/2
f 4155/1/2 4154/1/2 4156/1/2
f 4151/4/2 4152/4/2 4157/4/2
f 4157/4/2 4152/4/2 4158/4/2
f 4155/5/2 4156/5/2 4159/5/2
f 4159/5/2 4156/5/2 4160/5/2
f 4157/5/2 4158/5/2 4161/5/2
f 4161/5/2 4158/5/2 4162/5/2
f 4163/3/2 4164/3/2 4170/3/2
f 4164/1/2 4165/1/2 4170/1/2
f 4170/1/2 4165/1/2 4171/1/2
f 4171/1/2 4165/1/2 4172/1/2
f 4166/5/2 4167/5/2 4173/5/2
f 4167/1/2 4168/1/2 4174/1/2
f 4173/5/2 4167/5/2 4174/5/2
f 4163/3/2 4170/3/2 4175/3/2
f 4170/5/2 4171/5/2 4176/5/2
f 4175/3/2 4170/3/2 4176/3/2
f 4171/4/2 4172/4/2 4177/4/2
f 4176/5/2 4171/5/2 4177/5/2
f 4177/4/2 4172/4/2 4178/4/2
f 4173/1/2 4174/1/2 4179/1/2
f 4168/2/2 4169/2/2 4180/2/2
f 4179/1/2 4174/1/2 4180/1/2
f 4174/1/2 4168/1/2 4180/1/2
f 4180/2/2 4169/2/2 4181/2/2
f 4175/2/2 4176/2/2 4182/2/2
f 4176/5/2 4177/5/2 4183/5/2
f 4182/2/2 4176/2/2 4183/2/2
f 4177/1/2 4178/1/2 4184/1/2
f 4183/5/2 4177/5/2 4184/5/2
f 4184/1/2 4178/1/2 4185/1/2
f 4179/5/2 4180/5/2 4186/5/2
f 4186/5/2 4180/5/2 4187/5/2
f 4180/3/2 4181/3/2 4188/3/2
f 4187/5/2 4180/5/2 4188/5/2
f 4184/1/2 4185/1/2 4189/1/2
f 4186/1/2 4187/1/2 4190/1/2
f 4187/3/2 4188/3/2 4191/3/2
f 4190/1/2 4187/1/2 4191/1/2
f 4188/3/2 4181/3/2 4192/3/2
f 4191/3/2 4188/3/2 4192/3/2
f 4182/3/2 4183/3/2 4193/3/2
f 4183/2/2 4184/2/2 4194/2/2
f 4193/3/2 4183/3/2 4194/3/2
f 4184/1/2 4189/1/2 4195/1/2
f 4194/2/2 4184/2/2 4195/2/2
f 4195/1/2 4189/1/2 4196/1/2
f 4190/1/2 4191/1/2 4197/1/2
f 4191/2/2 4192/2/2 4198/2/2
f 4197/1/2 4191/1/2 4198/1/2
f 4198/2/2 4192/2/2 4199/2/2
f 4199/2/2 4192/2/2 4200/2/2
f 4193/5/2 4194/5/2 4201/5/2
f 4194/3/2 4195/3/2 4202/3/2
f 4201/5/2 4194/5/2 4202/5/2
f 4197/1/2 4198/1/2 4203/1/2
f 4198/3/2 4199/3/2 4204/3/2
f 4203/1/2 4198/1/2 4204/1/2
f 4199/5/2 4200/5/2 4205/5/2
f 4204/3/2 4199/3/2 4205/3/2
f 4205/5/2 4200/5/2 4206/5/2
f 4203/5/2 4204/5/2 4207/5/2
f 4204/3/2 4205/3/2 4208/3/2
f 4207/5/2 4204/5/2 4208/5/2
f 4205/1/2 4206/1/2 4209/1/2
f 4208/3/2 4205/3/2 4209/3/2
f 4209/1/2 4206/1/2 4210/1/2
f 4202/3/2 4195/3/2 4211/3/2
f 4201/4/2 4202/4/2 4211/4/2
f 4195/5/2 4196/5/2 4212/5/2
f 4211/3/2 4195/3/2 4212/3/2
f 4212/5/2 4196/5/2 4213/5/2
f 4207/4/2 4208/4/2 4214/4/2
f 4208/3/2 4209/3/2 4215/3/2
f 4214/4/2 4208/4/2 4215/4/2
f 4209/5/2 4210/5/2 4216/5/2
f 4215/3/2 4209/3/2 4216/3/2
f 4216/5/2 4210/5/2 4217/5/2
f 4201/4/2 4211/4/2 4218/4/2
f 4211/1/2 4212/1/2 4219/1/2
f 4218/4/2 4211/4/2 4219/4/2
f 4212/4/2 4213/4/2 4220/4/2
f 4219/1/2 4212/1/2 4220/1/2
f 4220/4/2 4213/4/2 4221/4/2
f 4214/5/2 4215/5/2 4222/5/2
f 4215/5/2 4216/5/2 4222/5/2
f 4216/4/2 4217/4/2 4223/4/2
f 4222/5/2 4216/5/2 4223/5/2
f 4223/4/2 4217/4/2 4224/4/2
f 4225/5/2 4226/5/2 4232/5/2
f 4226/4/2 4227/4/2 4232/4/2
f 4227/1/2 4228/1/2 4233/1/2
f 4232/4/2 4227/4/2 4233/4/2
f 4233/1/2 4228/1/2 4234/1/2
f 4229/1/2 4230/1/2 4235/1/2
f 4230/5/2 4231/5/2 4236/5/2
f 4235/1/2 4230/1/2 4236/1/2
f 4236/5/2 4231/5/2 4237/5/2
f 4237/5/2 4231/5/2 4238/5/2
f 4225/5/2 4232/5/2 4239/5/2
f 4232/2/2 4233/2/2 4239/2/2
f 4233/5/2 4234/5/2 4240/5/2
f 4239/2/2 4233/2/2 4240/2/2
f 4240/5/2 4234/5/2 4241/5/2
f 4235/4/2 4236/4/2 4242/4/2
f 4236/3/2 4237/3/2 4243/3/2
f 4242/4/2 4236/4/2 4243/4/2
f 4237/4/2 4238/4/2 4244/4/2
f 4243/3/2 4237/3/2 4244/3/2
f 4240/5/2 4241/5/2 4245/5/2
f 4239/3/2 4240/3/2 4245/3/2
f 4245/5/2 4241/5/2 4246/5/2
f 4242/4/2 4243/4/2 4247/4/2
f 4243/2/2 4244/2/2 4248/2/2
f 4247/4/2 4243/4/2 4248/4/2
f 4244/4/2 4238/4/2 4249/4/2
f 4248/2/2 4244/2/2 4249/2/2
f 4249/4/2 4238/4/2 4250/4/2
f 4225/5/2 4239/5/2 4251/5/2
f 4239/3/2 4245/3/2 4252/3/2
f 4251/5/2 4239/5/2 4252/5/2
f 4247/1/2 4248/1/2 4253/1/2
f 4248/2/2 4249/2/2 4254/2/2
f 4253/1/2 4248/1/2 4254/1/2
f 4249/5/2 4250/5/2 4255/5/2
f 4254/2/2 4249/2/2 4255/2/2
f 4255/5/2 4250/5/2 4256/5/2
f 4245/1/2 4246/1/2 4257/1/2
f 4253/5/2 4254/5/2 4258/5/2
f 4254/2/2 4255/2/2 4259/2/2
f 4258/5/2 4254/5/2 4259/5/2
f 4255/3/2 4256/3/2 4260/3/2
f 4259/2/2 4255/2/2 4260/2/2
f 4251/3/2 4252/3/2 4261/3/2
f 4252/3/2 4245/3/2 4262/3/2
f 4261/3/2 4252/3/2 4262/3/2
f 4245/1/2 4257/1/2 4263/1/2
f 4262/3/2 4245/3/2 4263/3/2
f 4263/1/2 4257/1/2 4264/1/2
f 4258/4/2 4259/4/2 4265/4/2
f 4259/3/2 4260/3/2 4266/3/2
f 4265/4/2 4259/4/2 4266/4/2
f 4260/3/2 4256/3/2 4267/3/2
f 4266/3/2 4260/3/2 4267/3/2
f 4261/2/2 4262/2/2 4268/2/2
f 4262/4/2 4263/4/2 4268/4/2
f 4263/5/2 4264/5/2 4269/5/2
f 4268/4/2 4263/4/2 4269/4/2
f 4269/5/2 4264/5/2 4270/5/2
f 4265/5/2 4266/5/2 4271/5/2
f 4266/5/2 4267/5/2 4271/5/2
f 4271/5/2 4267/5/2 4272/5/2
f 4267/3/2 4256/3/2 4273/3/2
f 4272/5/2 4267/5/2 4273/5/2
f 4261/2/2 4268/2/2 4274/2/2
f 4268/5/2 4269/5/2 4274/5/2
f 4269/4/2 4270/4/2 4275/4/2
f 4274/5/2 4269/5/2 4275/5/2
f 4275/4/2 4270/4/2 4276/4/2
f 4271/1/2 4272/1/2 4277/1/2
f 4272/4/2 4273/4/2 4278/4/2
f 4277/1/2 4272/1/2 4278/1/2
f 4273/3/2 4256/3/2 4279/3/2
f 4278/4/2 4273/4/2 4279/4/2
f 4261/2/2 4274/2/2 4280/2/2
f 4274/4/2 4275/4/2 4281/4/2
f 4280/2/2 4274/2/2 4281/2/2
f 4275/5/2 4276/5/2 4282/5/2
f 4281/4/2 4275/4/2 4282/4/2
f 4282/5/2 4276/5/2 4283/5/2
f 4277/5/2 4278/5/2 4284/5/2
f 4278/5/2 4279/5/2 4284/5/2
f 4279/3/2 4256/3/2 4285/3/2
f 4284/5/2 4279/5/2 4285/5/2
f 4285/3/2 4256/3/2 4286/3/2
f 4287/2/2 4288/2/2 4295/2/2
f 4288/3/2 4289/3/2 4296/3/2
f 4295/2/2 4288/2/2 4296/2/2
f 4289/2/2 4290/2/2 4297/2/2
f 4296/3/2 4289/3/2 4297/3/2
f 4297/2/2 4290/2/2 4298/2/2
f 4290/3/2 4291/3/2 4299/3/2
f 4291/2/2 4292/2/2 4299/2/2
f 4299/2/2 4292/2/2 4300/2/2
f 4292/3/2 4293/3/2 4301/3/2
f 4300/2/2 4292/2/2 4301/2/2
f 4301/3/2 4293/3/2 4302/3/2
f 4293/2/2 4294/2/2 4303/2/2
f 4302/3/2 4293/3/2 4303/3/2
f 4303/2/2 4294/2/2 4304/2/2
f 4295/4/2 4296/4/2 4305/4/2
f 4297/4/2 4298/4/2 4305/4/2
f 4296/4/2 4297/4/2 4305/4/2
f 4305/4/2 4298/4/2 4306/4/2
f 4306/4/2 4298/4/2 4307/4/2
f 4307/4/2 4298/4/2 4308/4/2
f 4298/2/2 4290/2/2 4309/2/2
f 4308/4/2 4298/4/2 4309/4/2
f 4299/3/2 4300/3/2 4310/3/2
f 4309/2/2 4290/2/2 4310/2/2
f 4290/3/2 4299/3/2 4310/3/2
f 4310/3/2 4300/3/2 4311/3/2
f 4300/1/2 4301/1/2 4312/1/2
f 4311/3/2 4300/3/2 4312/3/2
f 4301/5/2 4302/5/2 4313/5/2
f 4312/1/2 4301/1/2 4313/1/2
f 4302/1/2 4303/1/2 4314/1/2
f 4313/5/2 4302/5/2 4314/5/2
f 4303/4/2 4304/4/2 4315/4/2
f 4314/1/2 4303/1/2 4315/1/2
f 4315/4/2 4304/4/2 4316/4/2
f 4305/3/2 4306/3/2 4317/3/2
f 4306/2/2 4307/2/2 4318/2/2
f 4317/3/2 4306/3/2 4318/3/2
f 4308/1/2 4309/1/2 4319/1/2
f 4310/3/2 4311/3/2 4319/3/2
f 4309/3/2 4310/3/2 4319/3/2
f 4319/3/2 4311/3/2 4320/3/2
f 4320/3/2 4311/3/2 4321/3/2
f 4311/2/2 4312/2/2 4322/2/2
f 4321/3/2 4311/3/2 4322/3/2
f 4312/1/2 4313/1/2 4323/1/2
f 4322/2/2 4312/2/2 4323/2/2
f 4313/4/2 4314/4/2 4324/4/2
f 4323/1/2 4313/1/2 4324/1/2
f 4315/3/2 4316/3/2 4325/3/2
f 4324/4/2 4314/4/2 4325/4/2
f 4314/3/2 4315/3/2 4325/3/2
f 4325/3/2 4316/3/2 4326/3/2
f 4326/3/2 4316/3/2 4327/3/2
f 4317/4/2 4318/4/2 4328/4/2
f 4318/2/2 4307/2/2 4329/2/2
f 4328/4/2 4318/4/2 4329/4/2
f 4307/4/2 4308/4/2 4330/4/2
f 4329/2/2 4307/2/2 4330/2/2
f 4308/1/2 4319/1/2 4331/1/2
f 4330/4/2 4308/4/2 4331/4/2
f 4319/2/2 4320/2/2 4332/2/2
f 4331/1/2 4319/1/2 4332/1/2
f 4320/3/2 4321/3/2 4333/3/2
f 4332/2/2 4320/2/2 4333/2/2
f 4321/2/2 4322/2/2 4334/2/2
f 4333/3/2 4321/3/2 4334/3/2
f 4322/3/2 4323/3/2 4335/3/2
f 4334/2/2 4322/2/2 4335/2/2
f 4323/1/2 4324/1/2 4336/1/2
f 4335/3/2 4323/3/2 4336/3/2
f 4324/5/2 4325/5/2 4337/5/2
f 4336/1/2 4324/1/2 4337/1/2
f 4325/2/2 4326/2/2 4338/2/2
f 4337/5/2 4325/5/2 4338/5/2
f 4326/4/2 4327/4/2 4339/4/2
f 4338/2/2 4326/2/2 4339/2/2
f 4339/4/2 4327/4/2 4340/4/2
f 4328/3/2 4329/3/2 4341/3/2
f 4329/2/2 4330/2/2 4342/2/2
f 4341/3/2 4329/3/2 4342/3/2
f 4330/1/2 4331/1/2 4343/1/2
f 4342/2/2 4330/2/2 4343/2/2
f 4331/4/2 4332/4/2 4344/4/2
f 4343/1/2 4331/1/2 4344/1/2
f 4333/3/2 4334/3/2 4345/3/2
f 4344/4/2 4332/4/2 4345/4/2
f 4332/3/2 4333/3/2 4345/3/2
f 4334/3/2 4335/3/2 4345/3/2
f 4335/3/2 4336/3/2 4345/3/2
f 4345/3/2 4336/3/2 4346/3/2
f 4346/3/2 4336/3/2 4347/3/2
f 4336/5/2 4337/5/2 4348/5/2
f 4347/3/2 4336/3/2 4348/3/2
f 4337/4/2 4338/4/2 4349/4/2
f 4348/5/2 4337/5/2 4349/5/2
f 4339/3/2 4340/3/2 4350/3/2
f 4338/2/2 4339/2/2 4350/2/2
f 4350/3/2 4340/3/2 4351/3/2
f 4342/3/2 4343/3/2 4352/3/2
f 4341/2/2 4342/2/2 4352/2/2
f 4343/1/2 4344/1/2 4353/1/2
f 4352/3/2 4343/3/2 4353/3/2
f 4344/1/2 4345/1/2 4353/1/2
f 4353/1/2 4345/1/2 4354/1/2
f 4345/2/2 4346/2/2 4355/2/2
f 4354/1/2 4345/1/2 4355/1/2
f 4346/3/2 4347/3/2 4356/3/2
f 4355/2/2 4346/2/2 4356/2/2
f 4347/2/2 4348/2/2 4357/2/2
f 4356/3/2 4347/3/2 4357/3/2
f 4357/2/2 4348/2/2 4358/2/2
f 4348/4/2 4349/4/2 4359/4/2
f 4358/2/2 4348/2/2 4359/2/2
f 4349/4/2 4338/4/2 4360/4/2
f 4359/4/2 4349/4/2 4360/4/2
f 4350/2/2 4351/2/2 4361/2/2
f 4360/4/2 4338/4/2 4361/4/2
f 4338/2/2 4350/2/2 4361/2/2
f 4361/2/2 4351/2/2 4362/2/2
f 4362/2/2 4351/2/2 4363/2/2
f 4354/4/2 4355/4/2 4364/4/2
f 4353/2/2 4354/2/2 4364/2/2
f 4355/1/2 4356/1/2 4365/1/2
f 4364/4/2 4355/4/2 4365/4/2
f 4356/2/2 4357/2/2 4366/2/2
f 4365/1/2 4356/1/2 4366/1/2
f 4357/3/2 4358/3/2 4367/3/2
f 4366/2/2 4357/2/2 4367/2/2
f 4358/5/2 4359/5/2 4368/5/2
f 4367/3/2 4358/3/2 4368/3/2
f 4359/5/2 4360/5/2 4368/5/2
f 4368/5/2 4360/5/2 4369/5/2
f 4360/2/2 4361/2/2 4370/2/2
f 4369/5/2 4360/5/2 4370/5/2
f 4361/4/2 4362/4/2 4371/4/2
f 4370/2/2 4361/2/2 4371/2/2
f 4341/2/2 4352/2/2 4372/2/2
f 4352/1/2 4353/1/2 4373/1/2
f 4372/2/2 4352/2/2 4373/2/2
f 4353/2/2 4364/2/2 4374/2/2
f 4373/1/2 4353/1/2 4374/1/2
f 4364/3/2 4365/3/2 4375/3/2
f 4374/2/2 4364/2/2 4375/2/2
f 4365/4/2 4366/4/2 4376/4/2
f 4375/3/2 4365/3/2 4376/3/2
f 4366/1/2 4367/1/2 4377/1/2
f 4376/4/2 4366/4/2 4377/4/2
f 4368/4/2 4369/4/2 4378/4/2
f 4377/1/2 4367/1/2 4378/1/2
f 4367/4/2 4368/4/2 4378/4/2
f 4378/4/2 4369/4/2 4379/4/2
f 4369/3/2 4370/3/2 4380/3/2
f 4379/4/2 4369/4/2 4380/4/2
f 4370/3/2 4371/3/2 4380/3/2
f 4380/3/2 4371/3/2 4381/3/2
f 4371/4/2 4362/4/2 4382/4/2
f 4381/3/2 4371/3/2 4382/3/2
f 4362/3/2 4363/3/2 4383/3/2
f 4382/4/2 4362/4/2 4383/4/2
f 4383/3/2 4363/3/2 4384/3/2
f 4372/1/2 4373/1/2 4385/1/2
f 4373/5/2 4374/5/2 4386/5/2
f 4385/1/2 4373/1/2 4386/1/2
f 4374/4/2 4375/4/2 4387/4/2
f 4386/5/2 4374/5/2 4387/5/2
f 4375/2/2 4376/2/2 4388/2/2
f 4387/4/2 4375/4/2 4388/4/2
f 4376/3/2 4377/3/2 4389/3/2
f 4388/2/2 4376/2/2 4389/2/2
f 4377/5/2 4378/5/2 4390/5/2
f 4389/3/2 4377/3/2 4390/3/2
f 4378/1/2 4379/1/2 4391/1/2
f 4390/5/2 4378/5/2 4391/5/2
f 4379/3/2 4380/3/2 4392/3/2
f 4391/1/2 4379/1/2 4392/1/2
f 4380/2/2 4381/2/2 4393/2/2
f 4392/3/2 4380/3/2 4393/3/2
f 4381/5/2 4382/5/2 4394/5/2
f 4393/2/2 4381/2/2 4394/2/2
f 4382/4/2 4383/4/2 4395/4/2
f 4394/5/2 4382/5/2 4395/5/2
f 4383/4/2 4384/4/2 4395/4/2
f 4395/4/2 4384/4/2 4396/4/2
f 4397/1/2 4398/1/2 4409/1/2
f 4398/5/2 4399/5/2 4410/5/2
f 4409/1/2 4398/1/2 4410/1/2
f 4399/4/2 4400/4/2 4411/4/2
f 4410/5/2 4399/5/2 4411/5/2
f 4400/3/2 4401/3/2 4412/3/2
f 4411/4/2 4400/4/2 4412/4/2
f 4401/2/2 4402/2/2 4413/2/2
f 4412/3/2 4401/3/2 4413/3/2
f 4402/5/2 4403/5/2 4414/5/2
f 4413/2/2 4402/2/2 4414/2/2
f 4403/1/2 4404/1/2 4415/1/2
f 4414/5/2 4403/5/2 4415/5/2
f 4404/3/2 4405/3/2 4416/3/2
f 4415/1/2 4404/1/2 4416/1/2
f 4405/2/2 4406/2/2 4417/2/2
f 4416/3/2 4405/3/2 4417/3/2
f 4406/5/2 4407/5/2 4418/5/2
f 4417/2/2 4406/2/2 4418/2/2
f 4418/5/2 4407/5/2 4419/5/2
f 4407/1/2 4408/1/2 4420/1/2
f 4419/5/2 4407/5/2 4420/5/2
f 4420/1/2 4408/1/2 4421/1/2
f 4409/2/2 4410/2/2 4422/2/2
f 4410/4/2 4411/4/2 4423/4/2
f 4422/2/2 4410/2/2 4423/2/2
f 4411/3/2 4412/3/2 4424/3/2
f 4423/4/2 4411/4/2 4424/4/2
f 4412/2/2 4413/2/2 4425/2/2
f 4424/3/2 4412/3/2 4425/3/2
f 4413/5/2 4414/5/2 4426/5/2
f 4425/2/2 4413/2/2 4426/2/2
f 4414/4/2 4415/4/2 4427/4/2
f 4426/5/2 4414/5/2 4427/5/2
f 4415/4/2 4416/4/2 4427/4/2
f 4416/5/2 4417/5/2 4428/5/2
f 4427/4/2 4416/4/2 4428/4/2
f 4418/2/2 4419/2/2 4429/2/2
f 4428/5/2 4417/5/2 4429/5/2
f 4417/2/2 4418/2/2 4429/2/2
f 4429/2/2 4419/2/2 4430/2/2
f 4419/5/2 4420/5/2 4431/5/2
f 4430/2/2 4419/2/2 4431/2/2
f 4420/3/2 4421/3/2 4432/3/2
f 4431/5/2 4420/5/2 4432/5/2
f 4432/3/2 4421/3/2 4433/3/2
f 4422/3/2 4423/3/2 4434/3/2
f 4423/5/2 4424/5/2 4435/5/2
f 4434/3/2 4423/3/2 4435/3/2
f 4424/2/2 4425/2/2 4436/2/2
f 4435/5/2 4424/5/2 4436/5/2
f 4425/4/2 4426/4/2 4437/4/2
f 4436/2/2 4425/2/2 4437/2/2
f 4426/5/2 4427/5/2 4438/5/2
f 4437/4/2 4426/4/2 4438/4/2
f 4427/3/2 4428/3/2 4439/3/2
f 4438/5/2 4427/5/2 4439/5/2
f 4428/4/2 4429/4/2 4440/4/2
f 4439/3/2 4428/3/2 4440/3/2
f 4429/1/2 4430/1/2 4441/1/2
f 4440/4/2 4429/4/2 4441/4/2
f 4430/3/2 4431/3/2 4442/3/2
f 4441/1/2 4430/1/2 4442/1/2
f 4431/4/2 4432/4/2 4443/4/2
f 4442/3/2 4431/3/2 4443/3/2
f 4432/2/2 4433/2/2 4444/2/2
f 4443/4/2 4432/4/2 4444/4/2
f 4434/2/2 4435/2/2 4445/2/2
f 4435/2/2 4436/2/2 4445/2/2
f 4437/1/2 4438/1/2 4446/1/2
f 4445/2/2 4436/2/2 4446/2/2
f 4436/1/2 4437/1/2 4446/1/2
f 4439/3/2 4440/3/2 4447/3/2
f 4446/1/2 4438/1/2 4447/1/2
f 4438/3/2 4439/3/2 4447/3/2
f 4447/3/2 4440/3/2 4448/3/2
f 4440/2/2 4441/2/2 4449/2/2
f 4448/3/2 4440/3/2 4449/3/2
f 4441/5/2 4442/5/2 4450/5/2
f 4449/2/2 4441/2/2 4450/2/2
f 4442/1/2 4443/1/2 4451/1/2
f 4450/5/2 4442/5/2 4451/5/2
f 4443/2/2 4444/2/2 4452/2/2
f 4451/1/2 4443/1/2 4452/1/2
f 4444/2/2 4433/2/2 4453/2/2
f 4452/2/2 4444/2/2 4453/2/2
f 4434/2/2 4445/2/2 4454/2/2
f 4445/3/2 4446/3/2 4455/3/2
f 4454/2/2 4445/2/2 4455/2/2
f 4446/4/2 4447/4/2 4456/4/2
f 4455/3/2 4446/3/2 4456/3/2
f 4447/3/2 4448/3/2 4457/3/2
f 4456/4/2 4447/4/2 4457/4/2
f 4448/2/2 4449/2/2 4458/2/2
f 4457/3/2 4448/3/2 4458/3/2
f 4450/1/2 4451/1/2 4459/1/2
f 4449/3/2 4450/3/2 4459/3/2
f 4451/4/2 4452/4/2 4460/4/2
f 4459/1/2 4451/1/2 4460/1/2
f 4453/2/2 4433/2/2 4461/2/2
f 4452/3/2 4453/3/2 4461/3/2
f 4461/2/2 4433/2/2 4462/2/2
f 4454/4/2 4455/4/2 4463/4/2
f 4455/2/2 4456/2/2 4464/2/2
f 4463/4/2 4455/4/2 4464/4/2
f 4456/5/2 4457/5/2 4465/5/2
f 4464/2/2 4456/2/2 4465/2/2
f 4465/5/2 4457/5/2 4466/5/2
f 4449/3/2 4459/3/2 4467/3/2
f 4458/2/2 4449/2/2 4467/2/2
f 4457/2/2 4458/2/2 4467/2/2
f 4459/4/2 4460/4/2 4468/4/2
f 4467/3/2 4459/3/2 4468/3/2
f 4460/4/2 4452/4/2 4469/4/2
f 4468/4/2 4460/4/2 4469/4/2
f 4452/3/2 4461/3/2 4470/3/2
f 4469/4/2 4452/4/2 4470/4/2
f 4461/5/2 4462/5/2 4471/5/2
f 4470/3/2 4461/3/2 4471/3/2
f 4471/5/2 4462/5/2 4472/5/2
f 4463/3/2 4464/3/2 4473/3/2
f 4464/2/2 4465/2/2 4474/2/2
f 4473/3/2 4464/3/2 4474/3/2
f 4465/4/2 4466/4/2 4475/4/2
f 4474/2/2 4465/2/2 4475/2/2
f 4466/5/2 4457/5/2 4476/5/2
f 4475/4/2 4466/4/2 4476/4/2
f 4467/2/2 4468/2/2 4477/2/2
f 4476/5/2 4457/5/2 4477/5/2
f 4457/2/2 4467/2/2 4477/2/2
f 4477/2/2 4468/2/2 4478/2/2
f 4468/4/2 4469/4/2 4479/4/2
f 4478/2/2 4468/2/2 4479/2/2
f 4469/5/2 4470/5/2 4480/5/2
f 4479/4/2 4469/4/2 4480/4/2
f 4470/2/2 4471/2/2 4481/2/2
f 4480/5/2 4470/5/2 4481/5/2
f 4471/3/2 4472/3/2 4482/3/2
f 4481/2/2 4471/2/2 4482/2/2
f 4482/3/2 4472/3/2 4483/3/2
f 4473/1/2 4474/1/2 4484/1/2
f 4475/5/2 4476/5/2 4485/5/2
f 4484/1/2 4474/1/2 4485/1/2
f 4474/5/2 4475/5/2 4485/5/2
f 4476/4/2 4477/4/2 4486/4/2
f 4485/5/2 4476/5/2 4486/5/2
f 4477/2/2 4478/2/2 4487/2/2
f 4486/4/2 4477/4/2 4487/4/2
f 4487/2/2 4478/2/2 4488/2/2
f 4480/4/2 4481/4/2 4489/4/2
f 4478/3/2 4479/3/2 4489/3/2
f 4479/4/2 4480/4/2 4489/4/2
f 4489/4/2 4481/4/2 4490/4/2
f 4481/5/2 4482/5/2 4491/5/2
f 4490/4/2 4481/4/2 4491/4/2
f 4482/1/2 4483/1/2 4492/1/2
f 4491/5/2 4482/5/2 4492/5/2
f 4492/1/2 4483/1/2 4493/1/2
f 4485/3/2 4486/3/2 4494/3/2
f 4487/3/2 4488/3/2 4494/3/2
f 4486/3/2 4487/3/2 4494/3/2
f 4484/3/2 4485/3/2 4494/3/2
f 4488/2/2 4478/2/2 4495/2/2
f 4494/3/2 4488/3/2 4495/3/2
f 4478/3/2 4489/3/2 4496/3/2
f 4495/2/2 4478/2/2 4496/2/2
f 4489/2/2 4490/2/2 4497/2/2
f 4496/3/2 4489/3/2 4497/3/2
f 4490/3/2 4491/3/2 4498/3/2
f 4497/2/2 4490/2/2 4498/2/2
f 4491/2/2 4492/2/2 4499/2/2
f 4498/3/2 4491/3/2 4499/3/2
f 4492/3/2 4493/3/2 4500/3/2
f 4499/2/2 4492/2/2 4500/2/2
f 4500/3/2 4493/3/2 4501/3/2
f 4519/2/3 4503/2/3 4502/2/3
f 4520/1/3 4504/1/3 4503/1/3
f 4520/2/3 4503/2/3 4519/2/3
f 4521/2/3 4505/2/3 4504/2/3
f 4521/1/3 4504/1/3 4520/1/3
f 4522/4/3 4506/4/3 4505/4/3
f 4522/2/3 4505/2/3 4521/2/3
f 4523/3/3 4507/3/3 4506/3/3
f 4523/4/3 4506/4/3 4522/4/3
f 4524/2/3 4508/2/3 4507/2/3
f 4524/3/3 4507/3/3 4523/3/3
f 4525/3/3 4509/3/3 4508/3/3
f 4525/2/3 4508/2/3 4524/2/3
f 4526/3/3 4509/3/3 4525/3/3
f 4527/1/3 4510/1/3 4509/1/3
f 4527/3/3 4509/3/3 4526/3/3
f 4528/1/3 4510/1/3 4527/1/3
f 4529/5/3 4512/5/3 4511/5/3
f 4530/3/3 4513/3/3 4512/3/3
f 4530/5/3 4512/5/3 4529/5/3
f 4531/2/3 4514/2/3 4513/2/3
f 4531/3/3 4513/3/3 4530/3/3
f 4532/2/3 4514/2/3 4531/2/3
f 4533/5/3 4515/5/3 4514/5/3
f 4533/2/3 4514/2/3 4532/2/3
f 4534/3/3 4516/3/3 4515/3/3
f 4534/5/3 4515/5/3 4533/5/3
f 4535/5/3 4517/5/3 4516/5/3
f 4535/3/3 4516/3/3 4534/3/3
f 4536/3/3 4518/3/3 4517/3/3
f 4536/5/3 4517/5/3 4535/5/3
f 4537/3/3 4520/3/3 4519/3/3
f 4538/2/3 4521/2/3 4520/2/3
f 4538/3/3 4520/3/3 4537/3/3
f 4538/2/3 4522/2/3 4521/2/3
f 4538/2/3 4523/2/3 4522/2/3
f 4539/2/3 4523/2/3 4538/2/3
f 4540/2/3 4523/2/3 4539/2/3
f 4541/3/3 4524/3/3 4523/3/3
f 4541/2/3 4523/2/3 4540/2/3
f 4542/1/3 4525/1/3 4524/1/3
f 4542/3/3 4524/3/3 4541/3/3
f 4543/2/3 4526/2/3 4525/2/3
f 4543/1/3 4525/1/3 4542/1/3
f 4544/3/3 4528/3/3 4527/3/3
f 4544/2/3 4526/2/3 4543/2/3
f 4544/3/3 4527/3/3 4526/3/3
f 4545/3/3 4528/3/3 4544/3/3
f 4546/2/3 4531/2/3 4530/2/3
f 4546/2/3 4530/2/3 4529/2/3
f 4547/2/3 4531/2/3 4546/2/3
f 4548/1/3 4532/1/3 4531/1/3
f 4548/2/3 4531/2/3 4547/2/3
f 4549/2/3 4533/2/3 4532/2/3
f 4549/1/3 4532/1/3 4548/1/3
f 4550/3/3 4535/3/3 4534/3/3
f 4550/2/3 4533/2/3 4549/2/3
f 4550/3/3 4534/3/3 4533/3/3
f 4551/3/3 4535/3/3 4550/3/3
f 4552/3/3 4540/3/3 4539/3/3
f 4552/2/3 4539/2/3 4538/2/3
f 4552/2/3 4538/2/3 4537/2/3
f 4553/2/3 4542/2/3 4541/2/3
f 4553/3/3 4540/3/3 4552/3/3
f 4553/2/3 4543/2/3 4542/2/3
f 4553/2/3 4541/2/3 4540/2/3
f 4554/2/3 4543/2/3 4553/2/3
f 4555/1/3 4544/1/3 4543/1/3
f 4555/2/3 4543/2/3 4554/2/3
f 4556/2/3 4545/2/3 4544/2/3
f 4556/1/3 4544/1/3 4555/1/3
f 4557/3/3 4528/3/3 4545/3/3
f 4557/2/3 4545/2/3 4556/2/3
f 4558/3/3 4547/3/3 4546/3/3
f 4559/3/3 4547/3/3 4558/3/3
f 4560/4/3 4548/4/3 4547/4/3
f 4560/3/3 4547/3/3 4559/3/3
f 4561/3/3 4549/3/3 4548/3/3
f 4561/4/3 4548/4/3 4560/4/3
f 4562/2/3 4550/2/3 4549/2/3
f 4562/3/3 4549/3/3 4561/3/3
f 4562/2/3 4551/2/3 4550/2/3
f 4563/2/3 4551/2/3 4562/2/3
f 4564/3/3 4535/3/3 4551/3/3
f 4564/2/3 4551/2/3 4563/2/3
f 4565/2/3 4536/2/3 4535/2/3
f 4565/3/3 4535/3/3 4564/3/3
f 4566/2/3 4552/2/3 4537/2/3
f 4566/2/3 4553/2/3 4552/2/3
f 4567/2/3 4553/2/3 4566/2/3
f 4568/3/3 4554/3/3 4553/3/3
f 4568/2/3 4553/2/3 4567/2/3
f 4569/2/3 4556/2/3 4555/2/3
f 4569/3/3 4554/3/3 4568/3/3
f 4569/2/3 4555/2/3 4554/2/3
f 4570/2/3 4556/2/3 4569/2/3
f 4571/2/3 4559/2/3 4558/2/3
f 4572/1/3 4560/1/3 4559/1/3
f 4572/2/3 4559/2/3 4571/2/3
f 4573/3/3 4561/3/3 4560/3/3
f 4573/1/3 4560/1/3 4572/1/3
f 4574/2/3 4562/2/3 4561/2/3
f 4574/3/3 4561/3/3 4573/3/3
f 4575/3/3 4563/3/3 4562/3/3
f 4575/2/3 4562/2/3 4574/2/3
f 4576/2/3 4564/2/3 4563/2/3
f 4576/3/3 4563/3/3 4575/3/3
f 4576/2/3 4565/2/3 4564/2/3
f 4577/2/3 4565/2/3 4576/2/3
f 4578/2/3 4536/2/3 4565/2/3
f 4578/2/3 4565/2/3 4577/2/3
f 4579/3/3 4518/3/3 4536/3/3
f 4579/2/3 4536/2/3 4578/2/3
f 4580/3/3 4518/3/3 4579/3/3
f 4581/3/3 4567/3/3 4566/3/3
f 4582/4/3 4568/4/3 4567/4/3
f 4582/3/3 4567/3/3 4581/3/3
f 4583/2/3 4569/2/3 4568/2/3
f 4583/4/3 4568/4/3 4582/4/3
f 4584/5/3 4570/5/3 4569/5/3
f 4584/2/3 4569/2/3 4583/2/3
f 4585/2/3 4556/2/3 4570/2/3
f 4585/5/3 4570/5/3 4584/5/3
f 4586/4/3 4557/4/3 4556/4/3
f 4586/2/3 4556/2/3 4585/2/3
f 4587/3/3 4528/3/3 4557/3/3
f 4587/4/3 4557/4/3 4586/4/3
f 4588/3/3 4528/3/3 4587/3/3
f 4589/3/3 4572/3/3 4571/3/3
f 4590/5/3 4573/5/3 4572/5/3
f 4590/3/3 4572/3/3 4589/3/3
f 4591/3/3 4575/3/3 4574/3/3
f 4591/5/3 4573/5/3 4590/5/3
f 4591/3/3 4574/3/3 4573/3/3
f 4592/1/3 4576/1/3 4575/1/3
f 4592/3/3 4575/3/3 4591/3/3
f 4593/2/3 4577/2/3 4576/2/3
f 4593/1/3 4576/1/3 4592/1/3
f 4594/1/3 4578/1/3 4577/1/3
f 4594/2/3 4577/2/3 4593/2/3
f 4595/3/3 4579/3/3 4578/3/3
f 4595/1/3 4578/1/3 4594/1/3
f 4596/2/3 4580/2/3 4579/2/3
f 4596/3/3 4579/3/3 4595/3/3
f 4597/2/3 4580/2/3 4596/2/3
f 4616/2/3 4599/2/3 4598/2/3
f 4617/4/3 4600/4/3 4599/4/3
f 4617/2/3 4599/2/3 4616/2/3
f 4618/3/3 4601/3/3 4600/3/3
f 4618/4/3 4600/4/3 4617/4/3
f 4619/4/3 4602/4/3 4601/4/3
f 4619/3/3 4601/3/3 4618/3/3
f 4620/2/3 4603/2/3 4602/2/3
f 4620/4/3 4602/4/3 4619/4/3
f 4621/5/3 4605/5/3 4604/5/3
f 4621/3/3 4606/3/3 4605/3/3
f 4622/3/3 4606/3/3 4621/3/3
f 4623/4/3 4609/4/3 4608/4/3
f 4623/2/3 4610/2/3 4609/2/3
f 4624/5/3 4611/5/3 4610/5/3
f 4624/2/3 4610/2/3 4623/2/3
f 4625/2/3 4612/2/3 4611/2/3
f 4625/5/3 4611/5/3 4624/5/3
f 4626/4/3 4613/4/3 4612/4/3
f 4626/2/3 4612/2/3 4625/2/3
f 4627/3/3 4614/3/3 4613/3/3
f 4627/4/3 4613/4/3 4626/4/3
f 4628/3/3 4617/3/3 4616/3/3
f 4628/2/3 4618/2/3 4617/2/3
f 4628/2/3 4619/2/3 4618/2/3
f 4628/2/3 4620/2/3 4619/2/3
f 4629/2/3 4620/2/3 4628/2/3
f 4630/3/3 4604/3/3 4603/3/3
f 4630/2/3 4620/2/3 4629/2/3
f 4630/2/3 4603/2/3 4620/2/3
f 4631/5/3 4621/5/3 4604/5/3
f 4631/3/3 4604/3/3 4630/3/3
f 4632/2/3 4622/2/3 4621/2/3
f 4632/5/3 4621/5/3 4631/5/3
f 4633/2/3 4622/2/3 4632/2/3
f 4634/2/3 4608/2/3 4607/2/3
f 4635/4/3 4623/4/3 4608/4/3
f 4635/2/3 4608/2/3 4634/2/3
f 4636/3/3 4624/3/3 4623/3/3
f 4636/4/3 4623/4/3 4635/4/3
f 4637/3/3 4624/3/3 4636/3/3
f 4638/2/3 4625/2/3 4624/2/3
f 4638/3/3 4624/3/3 4637/3/3
f 4639/3/3 4627/3/3 4626/3/3
f 4639/2/3 4625/2/3 4638/2/3
f 4639/3/3 4626/3/3 4625/3/3
f 4640/2/3 4615/2/3 4614/2/3
f 4640/3/3 4627/3/3 4639/3/3
f 4640/3/3 4614/3/3 4627/3/3
f 4641/2/3 4615/2/3 4640/2/3
f 4642/3/3 4629/3/3 4628/3/3
f 4642/3/3 4628/3/3 4616/3/3
f 4643/3/3 4629/3/3 4642/3/3
f 4644/3/3 4629/3/3 4643/3/3
f 4645/2/3 4630/2/3 4629/2/3
f 4645/3/3 4629/3/3 4644/3/3
f 4646/2/3 4630/2/3 4645/2/3
f 4647/5/3 4631/5/3 4630/5/3
f 4647/2/3 4630/2/3 4646/2/3
f 4648/2/3 4632/2/3 4631/2/3
f 4648/5/3 4631/5/3 4647/5/3
f 4649/3/3 4633/3/3 4632/3/3
f 4649/2/3 4632/2/3 4648/2/3
f 4650/3/3 4633/3/3 4649/3/3
f 4651/2/3 4636/2/3 4635/2/3
f 4651/3/3 4635/3/3 4634/3/3
f 4652/5/3 4637/5/3 4636/5/3
f 4652/2/3 4636/2/3 4651/2/3
f 4653/2/3 4638/2/3 4637/2/3
f 4653/5/3 4637/5/3 4652/5/3
f 4654/3/3 4639/3/3 4638/3/3
f 4654/2/3 4638/2/3 4653/2/3
f 4655/2/3 4640/2/3 4639/2/3
f 4655/3/3 4639/3/3 4654/3/3
f 4656/2/3 4640/2/3 4655/2/3
f 4657/2/3 4643/2/3 4642/2/3
f 4658/3/3 4644/3/3 4643/3/3
f 4658/2/3 4643/2/3 4657/2/3
f 4659/2/3 4645/2/3 4644/2/3
f 4659/3/3 4644/3/3 4658/3/3
f 4660/2/3 4645/2/3 4659/2/3
f 4661/3/3 4646/3/3 4645/3/3
f 4661/2/3 4645/2/3 4660/2/3
f 4662/4/3 4647/4/3 4646/4/3
f 4662/3/3 4646/3/3 4661/3/3
f 4663/3/3 4648/3/3 4647/3/3
f 4663/4/3 4647/4/3 4662/4/3
f 4663/3/3 4649/3/3 4648/3/3
f 4664/3/3 4649/3/3 4663/3/3
f 4665/2/3 4650/2/3 4649/2/3
f 4665/3/3 4649/3/3 4664/3/3
f 4666/2/3 4650/2/3 4665/2/3
f 4667/3/3 4653/3/3 4652/3/3
f 4667/3/3 4652/3/3 4651/3/3
f 4667/3/3 4651/3/3 4634/3/3
f 4668/3/3 4653/3/3 4667/3/3
f 4669/3/3 4653/3/3 4668/3/3
f 4670/1/3 4654/1/3 4653/1/3
f 4670/3/3 4653/3/3 4669/3/3
f 4671/2/3 4655/2/3 4654/2/3
f 4671/1/3 4654/1/3 4670/1/3
f 4672/3/3 4656/3/3 4655/3/3
f 4672/2/3 4655/2/3 4671/2/3
f 4673/2/3 4640/2/3 4656/2/3
f 4673/3/3 4656/3/3 4672/3/3
f 4674/2/3 4640/2/3 4673/2/3
f 4675/3/3 4641/3/3 4640/3/3
f 4675/2/3 4640/2/3 4674/2/3
f 4676/3/3 4641/3/3 4675/3/3
f 4677/3/3 4658/3/3 4657/3/3
f 4678/4/3 4659/4/3 4658/4/3
f 4678/3/3 4658/3/3 4677/3/3
f 4679/2/3 4660/2/3 4659/2/3
f 4679/4/3 4659/4/3 4678/4/3
f 4680/4/3 4661/4/3 4660/4/3
f 4680/2/3 4660/2/3 4679/2/3
f 4681/3/3 4662/3/3 4661/3/3
f 4681/4/3 4661/4/3 4680/4/3
f 4682/2/3 4663/2/3 4662/2/3
f 4682/3/3 4662/3/3 4681/3/3
f 4683/3/3 4664/3/3 4663/3/3
f 4683/2/3 4663/2/3 4682/2/3
f 4684/2/3 4665/2/3 4664/2/3
f 4684/3/3 4664/3/3 4683/3/3
f 4685/4/3 4666/4/3 4665/4/3
f 4685/2/3 4665/2/3 4684/2/3
f 4686/4/3 4666/4/3 4685/4/3
f 4687/1/3 4668/1/3 4667/1/3
f 4688/3/3 4669/3/3 4668/3/3
f 4688/1/3 4668/1/3 4687/1/3
f 4689/2/3 4670/2/3 4669/2/3
f 4689/3/3 4669/3/3 4688/3/3
f 4690/3/3 4672/3/3 4671/3/3
f 4690/2/3 4670/2/3 4689/2/3
f 4690/3/3 4671/3/3 4670/3/3
f 4691/1/3 4673/1/3 4672/1/3
f 4691/3/3 4672/3/3 4690/3/3
f 4692/3/3 4674/3/3 4673/3/3
f 4692/1/3 4673/1/3 4691/1/3
f 4693/1/3 4675/1/3 4674/1/3
f 4693/3/3 4674/3/3 4692/3/3
f 4694/2/3 4676/2/3 4675/2/3
f 4694/1/3 4675/1/3 4693/1/3
f 4695/2/3 4676/2/3 4694/2/3
f 4710/4/3 4697/4/3 4696/4/3
f 4711/5/3 4698/5/3 4697/5/3
f 4711/4/3 4697/4/3 4710/4/3
f 4712/5/3 4698/5/3 4711/5/3
f 4713/2/3 4699/2/3 4698/2/3
f 4713/5/3 4698/5/3 4712/5/3
f 4714/3/3 4700/3/3 4699/3/3
f 4714/2/3 4699/2/3 4713/2/3
f 4715/2/3 4701/2/3 4700/2/3
f 4715/3/3 4700/3/3 4714/3/3
f 4716/3/3 4702/3/3 4701/3/3
f 4716/2/3 4701/2/3 4715/2/3
f 4717/2/3 4703/2/3 4702/2/3
f 4717/3/3 4702/3/3 4716/3/3
f 4718/1/3 4704/1/3 4703/1/3
f 4718/2/3 4703/2/3 4717/2/3
f 4719/1/3 4704/1/3 4718/1/3
f 4720/1/3 4706/1/3 4705/1/3
f 4721/3/3 4707/3/3 4706/3/3
f 4721/1/3 4706/1/3 4720/1/3
f 4722/2/3 4708/2/3 4707/2/3
f 4722/3/3 4707/3/3 4721/3/3
f 4723/2/3 4708/2/3 4722/2/3
f 4724/2/3 4708/2/3 4723/2/3
f 4725/4/3 4709/4/3 4708/4/3
f 4725/2/3 4708/2/3 4724/2/3
f 4726/4/3 4709/4/3 4725/4/3
f 4727/4/3 4709/4/3 4726/4/3
f 4728/4/3 4709/4/3 4727/4/3
f 4748/3/3 4730/3/3 4729/3/3
f 4748/3/3 4731/3/3 4730/3/3
f 4748/3/3 4732/3/3 4731/3/3
f 4749/3/3 4732/3/3 4748/3/3
f 4750/3/3 4732/3/3 4749/3/3
f 4751/2/3 4733/2/3 4732/2/3
f 4751/3/3 4732/3/3 4750/3/3
f 4751/2/3 4734/2/3 4733/2/3
f 4752/4/3 4735/4/3 4734/4/3
f 4752/2/3 4734/2/3 4751/2/3
f 4753/2/3 4736/2/3 4735/2/3
f 4753/4/3 4735/4/3 4752/4/3
f 4753/2/3 4737/2/3 4736/2/3
f 4754/2/3 4737/2/3 4753/2/3
f 4755/3/3 4739/3/3 4738/3/3
f 4755/3/3 4740/3/3 4739/3/3
f 4756/3/3 4740/3/3 4755/3/3
f 4757/4/3 4741/4/3 4740/4/3
f 4757/3/3 4740/3/3 4756/3/3
f 4758/3/3 4742/3/3 4741/3/3
f 4758/4/3 4741/4/3 4757/4/3
f 4758/3/3 4743/3/3 4742/3/3
f 4758/3/3 4744/3/3 4743/3/3
f 4759/3/3 4744/3/3 4758/3/3
f 4760/2/3 4746/2/3 4745/2/3
f 4760/3/3 4744/3/3 4759/3/3
f 4760/2/3 4745/2/3 4744/2/3
f 4761/2/3 4746/2/3 4760/2/3
f 4762/3/3 4747/3/3 4746/3/3
f 4762/2/3 4746/2/3 4761/2/3
f 4763/3/3 4748/3/3 4729/3/3
f 4764/2/3 4749/2/3 4748/2/3
f 4764/3/3 4748/3/3 4763/3/3
f 4765/3/3 4750/3/3 4749/3/3
f 4765/2/3 4749/2/3 4764/2/3
f 4766/2/3 4751/2/3 4750/2/3
f 4766/3/3 4750/3/3 4765/3/3
f 4767/3/3 4752/3/3 4751/3/3
f 4767/2/3 4751/2/3 4766/2/3
f 4768/1/3 4754/1/3 4753/1/3
f 4768/4/3 4753/4/3 4752/4/3
f 4769/2/3 4737/2/3 4754/2/3
f 4769/1/3 4754/1/3 4768/1/3
f 4770/2/3 4737/2/3 4769/2/3
f 4771/2/3 4756/2/3 4755/2/3
f 4772/1/3 4758/1/3 4757/1/3
f 4772/2/3 4756/2/3 4771/2/3
f 4772/1/3 4757/1/3 4756/1/3
f 4773/1/3 4758/1/3 4772/1/3
f 4774/3/3 4759/3/3 4758/3/3
f 4774/1/3 4758/1/3 4773/1/3
f 4775/2/3 4761/2/3 4760/2/3
f 4775/3/3 4759/3/3 4774/3/3
f 4775/2/3 4760/2/3 4759/2/3
f 4776/2/3 4761/2/3 4775/2/3
f 4777/3/3 4762/3/3 4761/3/3
f 4777/2/3 4761/2/3 4776/2/3
f 4778/3/3 4747/3/3 4762/3/3
f 4778/3/3 4762/3/3 4777/3/3
f 4779/4/3 4768/4/3 4752/4/3
f 4779/3/3 4752/3/3 4767/3/3
f 4779/4/3 4769/4/3 4768/4/3
f 4779/3/3 4767/3/3 4766/3/3
f 4780/3/3 4770/3/3 4769/3/3
f 4780/4/3 4769/4/3 4779/4/3
f 4781/3/3 4772/3/3 4771/3/3
f 4782/5/3 4773/5/3 4772/5/3
f 4782/3/3 4772/3/3 4781/3/3
f 4783/4/3 4774/4/3 4773/4/3
f 4783/5/3 4773/5/3 4782/5/3
f 4784/2/3 4775/2/3 4774/2/3
f 4784/4/3 4774/4/3 4783/4/3
f 4785/3/3 4776/3/3 4775/3/3
f 4785/2/3 4775/2/3 4784/2/3
f 4786/2/3 4777/2/3 4776/2/3
f 4786/3/3 4776/3/3 4785/3/3
f 4786/2/3 4778/2/3 4777/2/3
f 4787/2/3 4778/2/3 4786/2/3
f 4788/2/3 4778/2/3 4787/2/3
f 4789/2/3 4778/2/3 4788/2/3
f 4790/2/3 4764/2/3 4763/2/3
f 4790/2/3 4765/2/3 4764/2/3
f 4790/2/3 4766/2/3 4765/2/3
f 4791/3/3 4779/3/3 4766/3/3
f 4791/2/3 4766/2/3 4790/2/3
f 4792/3/3 4779/3/3 4791/3/3
f 4793/1/3 4780/1/3 4779/1/3
f 4793/3/3 4779/3/3 4792/3/3
f 4794/1/3 4780/1/3 4793/1/3
f 4795/3/3 4770/3/3 4780/3/3
f 4795/1/3 4780/1/3 4794/1/3
f 4796/3/3 4770/3/3 4795/3/3
f 4797/2/3 4782/2/3 4781/2/3
f 4798/4/3 4783/4/3 4782/4/3
f 4798/2/3 4782/2/3 4797/2/3
f 4798/4/3 4784/4/3 4783/4/3
f 4799/4/3 4784/4/3 4798/4/3
f 4800/3/3 4785/3/3 4784/3/3
f 4800/4/3 4784/4/3 4799/4/3
f 4800/3/3 4786/3/3 4785/3/3
f 4800/3/3 4787/3/3 4786/3/3
f 4801/3/3 4787/3/3 4800/3/3
f 4802/2/3 4788/2/3 4787/2/3
f 4802/3/3 4787/3/3 4801/3/3
f 4803/3/3 4789/3/3 4788/3/3
f 4803/2/3 4788/2/3 4802/2/3
f 4804/3/3 4789/3/3 4803/3/3
f 4805/3/3 4791/3/3 4790/3/3
f 4806/3/3 4791/3/3 4805/3/3
f 4807/2/3 4792/2/3 4791/2/3
f 4807/3/3 4791/3/3 4806/3/3
f 4808/2/3 4792/2/3 4807/2/3
f 4809/3/3 4793/3/3 4792/3/3
f 4809/2/3 4792/2/3 4808/2/3
f 4810/2/3 4794/2/3 4793/2/3
f 4810/3/3 4793/3/3 4809/3/3
f 4811/5/3 4795/5/3 4794/5/3
f 4811/2/3 4794/2/3 4810/2/3
f 4812/2/3 4796/2/3 4795/2/3
f 4812/5/3 4795/5/3 4811/5/3
f 4813/2/3 4796/2/3 4812/2/3
f 4814/1/3 4799/1/3 4798/1/3
f 4814/3/3 4798/3/3 4797/3/3
f 4815/3/3 4801/3/3 4800/3/3
f 4815/1/3 4799/1/3 4814/1/3
f 4815/3/3 4800/3/3 4799/3/3
f 4816/3/3 4801/3/3 4815/3/3
f 4817/2/3 4802/2/3 4801/2/3
f 4817/3/3 4801/3/3 4816/3/3
f 4818/2/3 4802/2/3 4817/2/3
f 4819/3/3 4803/3/3 4802/3/3
f 4819/2/3 4802/2/3 4818/2/3
f 4820/2/3 4804/2/3 4803/2/3
f 4820/3/3 4803/3/3 4819/3/3
f 4821/2/3 4804/2/3 4820/2/3
f 4822/3/3 4808/3/3 4807/3/3
f 4822/2/3 4807/2/3 4806/2/3
f 4823/2/3 4809/2/3 4808/2/3
f 4823/3/3 4808/3/3 4822/3/3
f 4824/1/3 4810/1/3 4809/1/3
f 4824/2/3 4809/2/3 4823/2/3
f 4825/2/3 4811/2/3 4810/2/3
f 4825/1/3 4810/1/3 4824/1/3
f 4826/3/3 4813/3/3 4812/3/3
f 4826/2/3 4811/2/3 4825/2/3
f 4826/3/3 4812/3/3 4811/3/3
f 4827/3/3 4813/3/3 4826/3/3
f 4828/3/3 4814/3/3 4797/3/3
f 4828/3/3 4815/3/3 4814/3/3
f 4829/2/3 4816/2/3 4815/2/3
f 4829/3/3 4815/3/3 4828/3/3
f 4830/5/3 4817/5/3 4816/5/3
f 4830/2/3 4816/2/3 4829/2/3
f 4831/2/3 4818/2/3 4817/2/3
f 4832/3/3 4819/3/3 4818/3/3
f 4832/2/3 4818/2/3 4831/2/3
f 4833/2/3 4820/2/3 4819/2/3
f 4833/3/3 4819/3/3 4832/3/3
f 4834/5/3 4806/5/3 4805/5/3
f 4835/2/3 4823/2/3 4822/2/3
f 4835/5/3 4806/5/3 4834/5/3
f 4835/2/3 4822/2/3 4806/2/3
f 4836/3/3 4824/3/3 4823/3/3
f 4836/2/3 4823/2/3 4835/2/3
f 4837/4/3 4825/4/3 4824/4/3
f 4837/3/3 4824/3/3 4836/3/3
f 4838/2/3 4827/2/3 4826/2/3
f 4838/4/3 4825/4/3 4837/4/3
f 4838/2/3 4826/2/3 4825/2/3
f 4839/2/3 4827/2/3 4838/2/3
f 4840/3/3 4813/3/3 4827/3/3
f 4840/2/3 4827/2/3 4839/2/3
f 4841/2/3 4829/2/3 4828/2/3
f 4842/2/3 4829/2/3 4841/2/3
f 4843/3/3 4830/3/3 4829/3/3
f 4843/2/3 4829/2/3 4842/2/3
f 4844/5/3 4817/5/3 4830/5/3
f 4844/3/3 4830/3/3 4843/3/3
f 4845/2/3 4831/2/3 4817/2/3
f 4845/5/3 4817/5/3 4844/5/3
f 4846/3/3 4832/3/3 4831/3/3
f 4846/2/3 4831/2/3 4845/2/3
f 4847/2/3 4833/2/3 4832/2/3
f 4847/3/3 4832/3/3 4846/3/3
f 4848/2/3 4820/2/3 4833/2/3
f 4848/2/3 4833/2/3 4847/2/3
f 4848/5/3 4821/5/3 4820/5/3
f 4849/5/3 4821/5/3 4848/5/3
f 4850/3/3 4835/3/3 4834/3/3
f 4850/3/3 4836/3/3 4835/3/3
f 4850/3/3 4837/3/3 4836/3/3
f 4850/3/3 4838/3/3 4837/3/3
f 4851/3/3 4838/3/3 4850/3/3
f 4852/3/3 4838/3/3 4851/3/3
f 4853/3/3 4838/3/3 4852/3/3
f 4854/3/3 4838/3/3 4853/3/3
f 4855/2/3 4839/2/3 4838/2/3
f 4855/3/3 4838/3/3 4854/3/3
f 4856/4/3 4840/4/3 4839/4/3
f 4856/2/3 4839/2/3 4855/2/3
f 4857/3/3 4813/3/3 4840/3/3
f 4857/4/3 4840/4/3 4856/4/3
f 4858/3/3 4813/3/3 4857/3/3
f 4859/4/3 4843/4/3 4842/4/3
f 4859/3/3 4842/3/3 4841/3/3
f 4860/3/3 4845/3/3 4844/3/3
f 4860/4/3 4843/4/3 4859/4/3
f 4860/3/3 4844/3/3 4843/3/3
f 4861/3/3 4845/3/3 4860/3/3
f 4862/2/3 4847/2/3 4846/2/3
f 4862/2/3 4846/2/3 4845/2/3
f 4862/2/3 4848/2/3 4847/2/3
f 4863/3/3 4849/3/3 4848/3/3
f 4863/2/3 4848/2/3 4862/2/3
f 4864/3/3 4849/3/3 4863/3/3
f 4865/2/3 4851/2/3 4850/2/3
f 4866/3/3 4852/3/3 4851/3/3
f 4866/2/3 4851/2/3 4865/2/3
f 4867/2/3 4853/2/3 4852/2/3
f 4867/3/3 4852/3/3 4866/3/3
f 4868/3/3 4854/3/3 4853/3/3
f 4868/2/3 4853/2/3 4867/2/3
f 4869/2/3 4855/2/3 4854/2/3
f 4869/3/3 4854/3/3 4868/3/3
f 4870/2/3 4855/2/3 4869/2/3
f 4871/2/3 4858/2/3 4857/2/3
f 4871/5/3 4856/5/3 4855/5/3
f 4871/5/3 4857/5/3 4856/5/3
f 4872/2/3 4858/2/3 4871/2/3
f 4873/1/3 4861/1/3 4860/1/3
f 4873/3/3 4859/3/3 4841/3/3
f 4873/1/3 4860/1/3 4859/1/3
f 4874/1/3 4861/1/3 4873/1/3
f 4875/3/3 4845/3/3 4861/3/3
f 4875/1/3 4861/1/3 4874/1/3
f 4876/2/3 4862/2/3 4845/2/3
f 4876/3/3 4845/3/3 4875/3/3
f 4877/3/3 4863/3/3 4862/3/3
f 4877/2/3 4862/2/3 4876/2/3
f 4878/3/3 4863/3/3 4877/3/3
f 4879/2/3 4864/2/3 4863/2/3
f 4879/3/3 4863/3/3 4878/3/3
f 4880/2/3 4864/2/3 4879/2/3
f 4881/2/3 4867/2/3 4866/2/3
f 4881/2/3 4869/2/3 4868/2/3
f 4881/2/3 4868/2/3 4867/2/3
f 4882/2/3 4869/2/3 4881/2/3
f 4883/3/3 4870/3/3 4869/3/3
f 4883/2/3 4869/2/3 4882/2/3
f 4884/2/3 4855/2/3 4870/2/3
f 4884/3/3 4870/3/3 4883/3/3
f 4885/5/3 4874/5/3 4873/5/3
f 4885/3/3 4873/3/3 4841/3/3
f 4886/4/3 4875/4/3 4874/4/3
f 4886/5/3 4874/5/3 4885/5/3
f 4887/3/3 4878/3/3 4877/3/3
f 4887/4/3 4875/4/3 4886/4/3
f 4887/3/3 4876/3/3 4875/3/3
f 4887/3/3 4877/3/3 4876/3/3
f 4888/3/3 4878/3/3 4887/3/3
f 4889/3/3 4878/3/3 4888/3/3
f 4890/3/3 4880/3/3 4879/3/3
f 4890/2/3 4879/2/3 4878/2/3
f 4891/3/3 4880/3/3 4890/3/3
f 4892/3/3 4866/3/3 4865/3/3
f 4893/2/3 4881/2/3 4866/2/3
f 4893/3/3 4866/3/3 4892/3/3
f 4894/3/3 4882/3/3 4881/3/3
f 4894/2/3 4881/2/3 4893/2/3
f 4895/2/3 4883/2/3 4882/2/3
f 4895/3/3 4882/3/3 4894/3/3
f 4895/2/3 4884/2/3 4883/2/3
f 4896/2/3 4855/2/3 4884/2/3
f 4896/2/3 4884/2/3 4895/2/3
f 4897/5/3 4871/5/3 4855/5/3
f 4897/2/3 4855/2/3 4896/2/3
f 4898/5/3 4871/5/3 4897/5/3
f 4899/3/3 4872/3/3 4871/3/3
f 4899/5/3 4871/5/3 4898/5/3
f 4900/3/3 4885/3/3 4841/3/3
f 4900/1/3 4886/1/3 4885/1/3
f 4901/5/3 4887/5/3 4886/5/3
f 4901/1/3 4886/1/3 4900/1/3
f 4902/3/3 4888/3/3 4887/3/3
f 4902/5/3 4887/5/3 4901/5/3
f 4903/2/3 4895/2/3 4894/2/3
f 4903/2/3 4896/2/3 4895/2/3
f 4903/2/3 4894/2/3 4893/2/3
f 4903/2/3 4893/2/3 4892/2/3
f 4904/2/3 4896/2/3 4903/2/3
f 4905/2/3 4896/2/3 4904/2/3
f 4906/2/3 4896/2/3 4905/2/3
f 4907/3/3 4897/3/3 4896/3/3
f 4907/2/3 4896/2/3 4906/2/3
f 4908/4/3 4898/4/3 4897/4/3
f 4908/3/3 4897/3/3 4907/3/3
f 4909/2/3 4899/2/3 4898/2/3
f 4909/4/3 4898/4/3 4908/4/3
f 4910/3/3 4872/3/3 4899/3/3
f 4910/2/3 4899/2/3 4909/2/3
f 4911/3/3 4872/3/3 4910/3/3
f 4912/3/3 4900/3/3 4841/3/3
f 4913/2/3 4901/2/3 4900/2/3
f 4913/3/3 4900/3/3 4912/3/3
f 4914/1/3 4902/1/3 4901/1/3
f 4914/2/3 4901/2/3 4913/2/3
f 4915/3/3 4888/3/3 4902/3/3
f 4915/1/3 4902/1/3 4914/1/3
f 4916/2/3 4889/2/3 4888/2/3
f 4916/3/3 4888/3/3 4915/3/3
f 4917/3/3 4878/3/3 4889/3/3
f 4917/2/3 4889/2/3 4916/2/3
f 4918/3/3 4878/3/3 4917/3/3
f 4919/2/3 4890/2/3 4878/2/3
f 4919/3/3 4878/3/3 4918/3/3
f 4919/2/3 4891/2/3 4890/2/3
f 4920/2/3 4891/2/3 4919/2/3
f 4921/2/3 4891/2/3 4920/2/3
f 4942/4/3 4923/4/3 4922/4/3
f 4943/5/3 4924/5/3 4923/5/3
f 4943/4/3 4923/4/3 4942/4/3
f 4944/4/3 4925/4/3 4924/4/3
f 4944/5/3 4924/5/3 4943/5/3
f 4945/2/3 4926/2/3 4925/2/3
f 4945/4/3 4925/4/3 4944/4/3
f 4946/3/3 4927/3/3 4926/3/3
f 4946/2/3 4926/2/3 4945/2/3
f 4947/2/3 4928/2/3 4927/2/3
f 4947/3/3 4927/3/3 4946/3/3
f 4947/2/3 4929/2/3 4928/2/3
f 4948/3/3 4930/3/3 4929/3/3
f 4948/2/3 4929/2/3 4947/2/3
f 4949/1/3 4931/1/3 4930/1/3
f 4949/3/3 4930/3/3 4948/3/3
f 4950/1/3 4931/1/3 4949/1/3
f 4951/1/3 4933/1/3 4932/1/3
f 4952/2/3 4934/2/3 4933/2/3
f 4952/1/3 4933/1/3 4951/1/3
f 4953/3/3 4935/3/3 4934/3/3
f 4953/2/3 4934/2/3 4952/2/3
f 4953/3/3 4936/3/3 4935/3/3
f 4954/2/3 4937/2/3 4936/2/3
f 4954/3/3 4936/3/3 4953/3/3
f 4955/3/3 4938/3/3 4937/3/3
f 4955/2/3 4937/2/3 4954/2/3
f 4956/5/3 4939/5/3 4938/5/3
f 4956/3/3 4938/3/3 4955/3/3
f 4957/1/3 4940/1/3 4939/1/3
f 4957/5/3 4939/5/3 4956/5/3
f 4958/4/3 4941/4/3 4940/4/3
f 4958/1/3 4940/1/3 4957/1/3
f 4959/4/3 4941/4/3 4958/4/3
f 4977/3/3 4961/3/3 4960/3/3
f 4977/1/3 4962/1/3 4961/1/3
f 4978/3/3 4963/3/3 4962/3/3
f 4978/1/3 4962/1/3 4977/1/3
f 4979/2/3 4964/2/3 4963/2/3
f 4979/3/3 4963/3/3 4978/3/3
f 4980/3/3 4965/3/3 4964/3/3
f 4980/2/3 4964/2/3 4979/2/3
f 4981/1/3 4966/1/3 4965/1/3
f 4981/3/3 4965/3/3 4980/3/3
f 4982/4/3 4967/4/3 4966/4/3
f 4982/1/3 4966/1/3 4981/1/3
f 4983/5/3 4968/5/3 4967/5/3
f 4983/4/3 4967/4/3 4982/4/3
f 4984/5/3 4968/5/3 4983/5/3
f 4985/4/3 4970/4/3 4969/4/3
f 4985/5/3 4971/5/3 4970/5/3
f 4986/4/3 4972/4/3 4971/4/3
f 4986/5/3 4971/5/3 4985/5/3
f 4987/2/3 4973/2/3 4972/2/3
f 4987/4/3 4972/4/3 4986/4/3
f 4988/2/3 4973/2/3 4987/2/3
f 4989/3/3 4974/3/3 4973/3/3
f 4989/2/3 4973/2/3 4988/2/3
f 4990/5/3 4975/5/3 4974/5/3
f 4990/3/3 4974/3/3 4989/3/3
f 4991/3/3 4976/3/3 4975/3/3
f 4991/5/3 4975/5/3 4990/5/3
f 4992/3/3 4976/3/3 4991/3/3
f 4993/3/3 4977/3/3 4960/3/3
f 4993/3/3 4978/3/3 4977/3/3
f 4994/3/3 4978/3/3 4993/3/3
f 4995/2/3 4979/2/3 4978/2/3
f 4995/3/3 4978/3/3 4994/3/3
f 4995/2/3 4980/2/3 4979/2/3
f 4996/2/3 4980/2/3 4995/2/3
f 4997/5/3 4981/5/3 4980/5/3
f 4997/2/3 4980/2/3 4996/2/3
f 4998/3/3 4982/3/3 4981/3/3
f 4998/5/3 4981/5/3 4997/5/3
f 4998/3/3 4983/3/3 4982/3/3
f 4999/3/3 4983/3/3 4998/3/3
f 5000/1/3 4984/1/3 4983/1/3
f 5000/3/3 4983/3/3 4999/3/3
f 5001/1/3 4984/1/3 5000/1/3
f 5002/4/3 4985/4/3 4969/4/3
f 5003/2/3 4986/2/3 4985/2/3
f 5003/4/3 4985/4/3 5002/4/3
f 5004/3/3 4987/3/3 4986/3/3
f 5004/2/3 4986/2/3 5003/2/3
f 5005/4/3 4988/4/3 4987/4/3
f 5005/3/3 4987/3/3 5004/3/3
f 5006/3/3 4990/3/3 4989/3/3
f 5006/4/3 4988/4/3 5005/4/3
f 5006/3/3 4989/3/3 4988/3/3
f 5006/3/3 4991/3/3 4990/3/3
f 5007/3/3 4991/3/3 5006/3/3
f 5008/2/3 4992/2/3 4991/2/3
f 5008/3/3 4991/3/3 5007/3/3
f 5009/2/3 4992/2/3 5008/2/3
f 5030/2/3 5011/2/3 5010/2/3
f 5030/2/3 5012/2/3 5011/2/3
f 5030/2/3 5013/2/3 5012/2/3
f 5031/2/3 5013/2/3 5030/2/3
f 5032/3/3 5014/3/3 5013/3/3
f 5032/2/3 5013/2/3 5031/2/3
f 5033/2/3 5015/2/3 5014/2/3
f 5033/3/3 5014/3/3 5032/3/3
f 5034/5/3 5016/5/3 5015/5/3
f 5034/2/3 5015/2/3 5033/2/3
f 5035/2/3 5017/2/3 5016/2/3
f 5035/5/3 5016/5/3 5034/5/3
f 5035/2/3 5018/2/3 5017/2/3
f 5036/2/3 5018/2/3 5035/2/3
f 5037/1/3 5019/1/3 5018/1/3
f 5037/2/3 5018/2/3 5036/2/3
f 5038/1/3 5019/1/3 5037/1/3
f 5039/4/3 5021/4/3 5020/4/3
f 5039/2/3 5022/2/3 5021/2/3
f 5040/3/3 5023/3/3 5022/3/3
f 5040/2/3 5022/2/3 5039/2/3
f 5041/1/3 5024/1/3 5023/1/3
f 5041/3/3 5023/3/3 5040/3/3
f 5042/3/3 5025/3/3 5024/3/3
f 5042/1/3 5024/1/3 5041/1/3
f 5042/3/3 5026/3/3 5025/3/3
f 5043/3/3 5026/3/3 5042/3/3
f 5044/2/3 5027/2/3 5026/2/3
f 5044/3/3 5026/3/3 5043/3/3
f 5045/3/3 5028/3/3 5027/3/3
f 5045/2/3 5027/2/3 5044/2/3
f 5046/2/3 5029/2/3 5028/2/3
f 5046/3/3 5028/3/3 5045/3/3
f 5047/2/3 5029/2/3 5046/2/3
f 5048/2/3 5030/2/3 5010/2/3
f 5049/3/3 5031/3/3 5030/3/3
f 5049/2/3 5030/2/3 5048/2/3
f 5050/4/3 5032/4/3 5031/4/3
f 5050/3/3 5031/3/3 5049/3/3
f 5051/3/3 5033/3/3 5032/3/3
f 5051/4/3 5032/4/3 5050/4/3
f 5051/3/3 5034/3/3 5033/3/3
f 5052/2/3 5035/2/3 5034/2/3
f 5052/3/3 5034/3/3 5051/3/3
f 5053/5/3 5036/5/3 5035/5/3
f 5053/2/3 5035/2/3 5052/2/3
f 5054/4/3 5037/4/3 5036/4/3
f 5054/5/3 5036/5/3 5053/5/3
f 5055/5/3 5038/5/3 5037/5/3
f 5055/4/3 5037/4/3 5054/4/3
f 5056/5/3 5038/5/3 5055/5/3
f 5057/4/3 5039/4/3 5020/4/3
f 5058/5/3 5040/5/3 5039/5/3
f 5058/4/3 5039/4/3 5057/4/3
f 5058/5/3 5041/5/3 5040/5/3
f 5059/2/3 5043/2/3 5042/2/3
f 5059/5/3 5041/5/3 5058/5/3
f 5059/2/3 5042/2/3 5041/2/3
f 5060/3/3 5044/3/3 5043/3/3
f 5060/2/3 5043/2/3 5059/2/3
f 5061/1/3 5045/1/3 5044/1/3
f 5061/3/3 5044/3/3 5060/3/3
f 5062/2/3 5046/2/3 5045/2/3
f 5062/1/3 5045/1/3 5061/1/3
f 5063/3/3 5047/3/3 5046/3/3
f 5063/2/3 5046/2/3 5062/2/3
f 5064/3/3 5047/3/3 5063/3/3
f 5080/5/3 5066/5/3 5065/5/3
f 5081/4/3 5067/4/3 5066/4/3
f 5081/5/3 5066/5/3 5080/5/3
f 5082/3/3 5068/3/3 5067/3/3
f 5082/4/3 5067/4/3 5081/4/3
f 5083/3/3 5068/3/3 5082/3/3
f 5084/3/3 5068/3/3 5083/3/3
f 5085/5/3 5069/5/3 5068/5/3
f 5085/3/3 5068/3/3 5084/3/3
f 5086/5/3 5069/5/3 5085/5/3
f 5087/1/3 5070/1/3 5069/1/3
f 5087/5/3 5069/5/3 5086/5/3
f 5088/1/3 5070/1/3 5087/1/3
f 5089/1/3 5072/1/3 5071/1/3
f 5090/4/3 5073/4/3 5072/4/3
f 5090/1/3 5072/1/3 5089/1/3
f 5091/4/3 5073/4/3 5090/4/3
f 5092/3/3 5074/3/3 5073/3/3
f 5092/4/3 5073/4/3 5091/4/3
f 5093/2/3 5075/2/3 5074/2/3
f 5093/3/3 5074/3/3 5092/3/3
f 5094/3/3 5076/3/3 5075/3/3
f 5094/2/3 5075/2/3 5093/2/3
f 5095/5/3 5077/5/3 5076/5/3
f 5095/3/3 5076/3/3 5094/3/3
f 5096/4/3 5078/4/3 5077/4/3
f 5096/5/3 5077/5/3 5095/5/3
f 5097/5/3 5079/5/3 5078/5/3
f 5097/4/3 5078/4/3 5096/4/3
f 5098/5/3 5079/5/3 5097/5/3
f 5103/3/3 5100/3/3 5099/3/3
f 5104/3/3 5100/3/3 5103/3/3
f 5105/2/3 5102/2/3 5101/2/3
f 5106/2/3 5102/2/3 5105/2/3
f 5111/3/3 5108/3/3 5107/3/3
f 5112/3/3 5108/3/3 5111/3/3
f 5113/2/3 5110/2/3 5109/2/3
f 5114/2/3 5110/2/3 5113/2/3
f 5132/4/3 5116/4/3 5115/4/3
f 5132/4/3 5117/4/3 5116/4/3
f 5133/5/3 5118/5/3 5117/5/3
f 5133/4/3 5117/4/3 5132/4/3
f 5134/3/3 5119/3/3 5118/3/3
f 5134/5/3 5118/5/3 5133/5/3
f 5135/2/3 5120/2/3 5119/2/3
f 5135/3/3 5119/3/3 5134/3/3
f 5136/1/3 5121/1/3 5120/1/3
f 5136/2/3 5120/2/3 5135/2/3
f 5136/1/3 5122/1/3 5121/1/3
f 5136/1/3 5123/1/3 5122/1/3
f 5137/1/3 5123/1/3 5136/1/3
f 5138/5/3 5125/5/3 5124/5/3
f 5139/1/3 5126/1/3 5125/1/3
f 5139/5/3 5125/5/3 5138/5/3
f 5140/2/3 5127/2/3 5126/2/3
f 5140/1/3 5126/1/3 5139/1/3
f 5141/3/3 5128/3/3 5127/3/3
f 5141/2/3 5127/2/3 5140/2/3
f 5142/5/3 5129/5/3 5128/5/3
f 5142/3/3 5128/3/3 5141/3/3
f 5143/1/3 5130/1/3 5129/1/3
f 5143/5/3 5129/5/3 5142/5/3
f 5144/5/3 5131/5/3 5130/5/3
f 5144/1/3 5130/1/3 5143/1/3
f 5145/5/3 5131/5/3 5144/5/3
f 5159/2/3 5147/2/3 5146/2/3
f 5160/2/3 5147/2/3 5159/2/3
f 5161/2/3 5147/2/3 5160/2/3
f 5162/3/3 5148/3/3 5147/3/3
f 5162/2/3 5147/2/3 5161/2/3
f 5163/5/3 5149/5/3 5148/5/3
f 5163/3/3 5148/3/3 5162/3/3
f 5164/4/3 5150/4/3 5149/4/3
f 5164/5/3 5149/5/3 5163/5/3
f 5165/5/3 5151/5/3 5150/5/3
f 5165/4/3 5150/4/3 5164/4/3
f 5166/5/3 5151/5/3 5165/5/3
f 5167/4/3 5153/4/3 5152/4/3
f 5168/1/3 5154/1/3 5153/1/3
f 5168/4/3 5153/4/3 5167/4/3
f 5169/4/3 5155/4/3 5154/4/3
f 5169/1/3 5154/1/3 5168/1/3
f 5170/1/3 5156/1/3 5155/1/3
f 5170/4/3 5155/4/3 5169/4/3
f 5171/2/3 5157/2/3 5156/2/3
f 5171/1/3 5156/1/3 5170/1/3
f 5172/2/3 5157/2/3 5171/2/3
f 5173/3/3 5158/3/3 5157/3/3
f 5173/2/3 5157/2/3 5172/2/3
f 5174/3/3 5158/3/3 5173/3/3
f 5175/3/3 5158/3/3 5174/3/3
f 5176/3/3 5158/3/3 5175/3/3
f 5181/1/3 5178/1/3 5177/1/3
f 5182/1/3 5178/1/3 5181/1/3
f 5183/5/3 5180/5/3 5179/5/3
f 5184/5/3 5180/5/3 5183/5/3
f 5189/1/3 5186/1/3 5185/1/3
f 5190/1/3 5186/1/3 5189/1/3
f 5191/5/3 5188/5/3 5187/5/3
f 5192/5/3 5188/5/3 5191/5/3
f 5208/3/3 5194/3/3 5193/3/3
f 5209/2/3 5195/2/3 5194/2/3
f 5209/3/3 5194/3/3 5208/3/3
f 5210/3/3 5196/3/3 5195/3/3
f 5210/2/3 5195/2/3 5209/2/3
f 5211/5/3 5197/5/3 5196/5/3
f 5211/3/3 5196/3/3 5210/3/3
f 5212/4/3 5198/4/3 5197/4/3
f 5212/5/3 5197/5/3 5211/5/3
f 5213/4/3 5198/4/3 5212/4/3
f 5214/5/3 5200/5/3 5199/5/3
f 5214/5/3 5201/5/3 5200/5/3
f 5214/5/3 5202/5/3 5201/5/3
f 5215/3/3 5204/3/3 5203/3/3
f 5215/5/3 5202/5/3 5214/5/3
f 5215/3/3 5203/3/3 5202/3/3
f 5216/2/3 5205/2/3 5204/2/3
f 5216/3/3 5204/3/3 5215/3/3
f 5216/2/3 5207/2/3 5206/2/3
f 5216/2/3 5206/2/3 5205/2/3
f 5217/2/3 5207/2/3 5216/2/3
f 5222/3/3 5219/3/3 5218/3/3
f 5223/3/3 5219/3/3 5222/3/3
f 5224/2/3 5221/2/3 5220/2/3
f 5225/2/3 5221/2/3 5224/2/3
f 5230/3/3 5227/3/3 5226/3/3
f 5231/3/3 5227/3/3 5230/3/3
f 5232/3/3 5229/3/3 5228/3/3
f 5233/3/3 5229/3/3 5232/3/3
f 5238/4/3 5235/4/3 5234/4/3
f 5239/4/3 5235/4/3 5238/4/3
f 5240/5/3 5237/5/3 5236/5/3
f 5241/5/3 5237/5/3 5240/5/3
f 5246/1/3 5243/1/3 5242/1/3
f 5247/1/3 5243/1/3 5246/1/3
f 5248/4/3 5245/4/3 5244/4/3
f 5249/4/3 5245/4/3 5248/4/3
f 5267/3/3 5251/3/3 5250/3/3
f 5268/1/3 5252/1/3 5251/1/3
f 5268/3/3 5251/3/3 5267/3/3
f 5269/3/3 5253/3/3 5252/3/3
f 5269/1/3 5252/1/3 5268/1/3
f 5270/4/3 5254/4/3 5253/4/3
f 5270/3/3 5253/3/3 5269/3/3
f 5271/2/3 5255/2/3 5254/2/3
f 5271/4/3 5254/4/3 5270/4/3
f 5272/3/3 5256/3/3 5255/3/3
f 5272/2/3 5255/2/3 5271/2/3
f 5273/2/3 5257/2/3 5256/2/3
f 5273/3/3 5256/3/3 5272/3/3
f 5274/4/3 5258/4/3 5257/4/3
f 5274/2/3 5257/2/3 5273/2/3
f 5275/4/3 5258/4/3 5274/4/3
f 5276/5/3 5260/5/3 5259/5/3
f 5277/2/3 5261/2/3 5260/2/3
f 5277/5/3 5260/5/3 5276/5/3
f 5278/3/3 5262/3/3 5261/3/3
f 5278/2/3 5261/2/3 5277/2/3
f 5279/3/3 5262/3/3 5278/3/3
f 5280/3/3 5262/3/3 5279/3/3
f 5281/4/3 5263/4/3 5262/4/3
f 5281/3/3 5262/3/3 5280/3/3
f 5282/3/3 5264/3/3 5263/3/3
f 5282/4/3 5263/4/3 5281/4/3
f 5283/1/3 5265/1/3 5264/1/3
f 5283/3/3 5264/3/3 5282/3/3
f 5284/2/3 5266/2/3 5265/2/3
f 5284/1/3 5265/1/3 5283/1/3
f 5285/2/3 5266/2/3 5284/2/3
f 5292/2/3 5287/2/3 5286/2/3
f 5293/2/3 5287/2/3 5292/2/3
f 5294/2/3 5287/2/3 5293/2/3
f 5295/2/3 5287/2/3 5294/2/3
f 5296/3/3 5289/3/3 5288/3/3
f 5296/2/3 5290/2/3 5289/2/3
f 5297/3/3 5291/3/3 5290/3/3
f 5297/2/3 5290/2/3 5296/2/3
f 5298/3/3 5291/3/3 5297/3/3
f 5299/4/3 5293/4/3 5292/4/3
f 5300/1/3 5294/1/3 5293/1/3
f 5300/4/3 5293/4/3 5299/4/3
f 5301/3/3 5295/3/3 5294/3/3
f 5301/1/3 5294/1/3 5300/1/3
f 5302/3/3 5295/3/3 5301/3/3
f 5303/3/3 5296/3/3 5288/3/3
f 5304/4/3 5297/4/3 5296/4/3
f 5304/3/3 5296/3/3 5303/3/3
f 5305/1/3 5298/1/3 5297/1/3
f 5305/4/3 5297/4/3 5304/4/3
f 5306/1/3 5298/1/3 5305/1/3
f 5311/3/3 5308/3/3 5307/3/3
f 5312/3/3 5308/3/3 5311/3/3
f 5313/3/3 5310/3/3 5309/3/3
f 5314/3/3 5310/3/3 5313/3/3
f 5319/2/3 5316/2/3 5315/2/3
f 5320/2/3 5316/2/3 5319/2/3
f 5321/3/3 5318/3/3 5317/3/3
f 5322/3/3 5318/3/3 5321/3/3
f 5330/4/3 5324/4/3 5323/4/3
f 5331/5/3 5325/5/3 5324/5/3
f 5331/4/3 5324/4/3 5330/4/3
f 5332/2/3 5326/2/3 5325/2/3
f 5332/5/3 5325/5/3 5331/5/3
f 5333/4/3 5329/4/3 5328/4/3
f 5333/3/3 5328/3/3 5327/3/3
f 5334/4/3 5329/4/3 5333/4/3
f 5335/2/3 5331/2/3 5330/2/3
f 5335/2/3 5332/2/3 5331/2/3
f 5336/2/3 5326/2/3 5332/2/3
f 5336/2/3 5332/2/3 5335/2/3
f 5337/3/3 5334/3/3 5333/3/3
f 5337/3/3 5333/3/3 5327/3/3
f 5338/3/3 5334/3/3 5337/3/3
f 5356/2/3 5340/2/3 5339/2/3
f 5357/4/3 5341/4/3 5340/4/3
f 5357/2/3 5340/2/3 5356/2/3
f 5358/3/3 5342/3/3 5341/3/3
f 5358/4/3 5341/4/3 5357/4/3
f 5359/4/3 5343/4/3 5342/4/3
f 5359/3/3 5342/3/3 5358/3/3
f 5360/3/3 5344/3/3 5343/3/3
f 5360/4/3 5343/4/3 5359/4/3
f 5361/2/3 5345/2/3 5344/2/3
f 5361/3/3 5344/3/3 5360/3/3
f 5362/1/3 5346/1/3 5345/1/3
f 5362/2/3 5345/2/3 5361/2/3
f 5363/1/3 5346/1/3 5362/1/3
f 5364/1/3 5348/1/3 5347/1/3
f 5365/2/3 5349/2/3 5348/2/3
f 5365/1/3 5348/1/3 5364/1/3
f 5366/3/3 5350/3/3 5349/3/3
f 5366/2/3 5349/2/3 5365/2/3
f 5367/2/3 5351/2/3 5350/2/3
f 5367/3/3 5350/3/3 5366/3/3
f 5368/4/3 5352/4/3 5351/4/3
f 5368/2/3 5351/2/3 5367/2/3
f 5369/3/3 5353/3/3 5352/3/3
f 5369/4/3 5352/4/3 5368/4/3
f 5370/1/3 5354/1/3 5353/1/3
f 5370/3/3 5353/3/3 5369/3/3
f 5371/3/3 5355/3/3 5354/3/3
f 5371/1/3 5354/1/3 5370/1/3
f 5372/3/3 5355/3/3 5371/3/3
f 5379/2/3 5374/2/3 5373/2/3
f 5379/5/3 5375/5/3 5374/5/3
f 5380/5/3 5375/5/3 5379/5/3
f 5381/5/3 5377/5/3 5376/5/3
f 5382/3/3 5378/3/3 5377/3/3
f 5382/5/3 5377/5/3 5381/5/3
f 5383/2/3 5380/2/3 5379/2/3
f 5383/2/3 5379/2/3 5373/2/3
f 5384/2/3 5380/2/3 5383/2/3
f 5385/2/3 5382/2/3 5381/2/3
f 5386/3/3 5378/3/3 5382/3/3
f 5386/2/3 5382/2/3 5385/2/3
f 5387/3/3 5378/3/3 5386/3/3
f 5388/3/3 5378/3/3 5387/3/3
f 5397/2/3 5390/2/3 5389/2/3
f 5397/2/3 5391/2/3 5390/2/3
f 5398/2/3 5391/2/3 5397/2/3
f 5399/1/3 5392/1/3 5391/1/3
f 5399/2/3 5391/2/3 5398/2/3
f 5400/1/3 5392/1/3 5399/1/3
f 5401/4/3 5394/4/3 5393/4/3
f 5402/3/3 5396/3/3 5395/3/3
f 5402/4/3 5394/4/3 5401/4/3
f 5402/3/3 5395/3/3 5394/3/3
f 5403/3/3 5396/3/3 5402/3/3
f 5404/3/3 5398/3/3 5397/3/3
f 5405/2/3 5399/2/3 5398/2/3
f 5405/3/3 5398/3/3 5404/3/3
f 5405/2/3 5400/2/3 5399/2/3
f 5406/2/3 5400/2/3 5405/2/3
f 5407/3/3 5402/3/3 5401/3/3
f 5408/2/3 5403/2/3 5402/2/3
f 5408/3/3 5402/3/3 5407/3/3
f 5409/2/3 5403/2/3 5408/2/3
f 5414/3/3 5411/3/3 5410/3/3
f 5415/3/3 5411/3/3 5414/3/3
f 5416/2/3 5413/2/3 5412/2/3
f 5417/2/3 5413/2/3 5416/2/3
f 5422/3/3 5419/3/3 5418/3/3
f 5423/3/3 5419/3/3 5422/3/3
f 5424/3/3 5421/3/3 5420/3/3
f 5425/3/3 5421/3/3 5424/3/3
f 5432/3/3 5427/3/3 5426/3/3
f 5433/2/3 5428/2/3 5427/2/3
f 5433/3/3 5427/3/3 5432/3/3
f 5434/2/3 5428/2/3 5433/2/3
f 5435/2/3 5428/2/3 5434/2/3
f 5436/2/3 5430/2/3 5429/2/3
f 5437/2/3 5430/2/3 5436/2/3
f 5438/2/3 5433/2/3 5432/2/3
f 5439/3/3 5434/3/3 5433/3/3
f 5439/2/3 5433/2/3 5438/2/3
f 5440/1/3 5435/1/3 5434/1/3
f 5440/3/3 5434/3/3 5439/3/3
f 5441/1/3 5435/1/3 5440/1/3
f 5442/5/3 5437/5/3 5436/5/3
f 5443/2/3 5430/2/3 5437/2/3
f 5443/5/3 5437/5/3 5442/5/3
f 5444/3/3 5431/3/3 5430/3/3
f 5444/2/3 5430/2/3 5443/2/3
f 5445/3/3 5431/3/3 5444/3/3
f 5453/3/3 5447/3/3 5446/3/3
f 5454/3/3 5447/3/3 5453/3/3
f 5455/2/3 5448/2/3 5447/2/3
f 5455/3/3 5447/3/3 5454/3/3
f 5456/2/3 5448/2/3 5455/2/3
f 5457/3/3 5450/3/3 5449/3/3
f 5458/2/3 5451/2/3 5450/2/3
f 5458/3/3 5450/3/3 5457/3/3
f 5459/2/3 5454/2/3 5453/2/3
f 5460/3/3 5455/3/3 5454/3/3
f 5460/2/3 5454/2/3 5459/2/3
f 5461/4/3 5456/4/3 5455/4/3
f 5461/3/3 5455/3/3 5460/3/3
f 5462/4/3 5456/4/3 5461/4/3
f 5463/1/3 5458/1/3 5457/1/3
f 5464/2/3 5451/2/3 5458/2/3
f 5464/1/3 5458/1/3 5463/1/3
f 5465/3/3 5452/3/3 5451/3/3
f 5465/2/3 5451/2/3 5464/2/3
f 5466/3/3 5452/3/3 5465/3/3
f 5475/3/3 5468/3/3 5467/3/3
f 5476/2/3 5469/2/3 5468/2/3
f 5476/3/3 5468/3/3 5475/3/3
f 5477/1/3 5470/1/3 5469/1/3
f 5477/2/3 5469/2/3 5476/2/3
f 5478/1/3 5470/1/3 5477/1/3
f 5479/1/3 5472/1/3 5471/1/3
f 5480/2/3 5473/2/3 5472/2/3
f 5480/1/3 5472/1/3 5479/1/3
f 5481/3/3 5474/3/3 5473/3/3
f 5481/2/3 5473/2/3 5480/2/3
f 5482/3/3 5474/3/3 5481/3/3
f 5491/2/3 5484/2/3 5483/2/3
f 5491/2/3 5485/2/3 5484/2/3
f 5492/4/3 5486/4/3 5485/4/3
f 5492/2/3 5485/2/3 5491/2/3
f 5493/4/3 5486/4/3 5492/4/3
f 5494/1/3 5488/1/3 5487/1/3
f 5495/3/3 5489/3/3 5488/3/3
f 5495/1/3 5488/1/3 5494/1/3
f 5496/2/3 5490/2/3 5489/2/3
f 5496/3/3 5489/3/3 5495/3/3
f 5497/2/3 5490/2/3 5496/2/3
f 5502/4/3 5499/4/3 5498/4/3
f 5503/4/3 5499/4/3 5502/4/3
f 5504/1/3 5501/1/3 5500/1/3
f 5505/1/3 5501/1/3 5504/1/3
f 5510/1/3 5507/1/3 5506/1/3
f 5511/1/3 5507/1/3 5510/1/3
f 5512/4/3 5509/4/3 5508/4/3
f 5513/4/3 5509/4/3 5512/4/3
f 5521/2/3 5515/2/3 5514/2/3
f 5522/3/3 5516/3/3 5515/3/3
f 5522/2/3 5515/2/3 5521/2/3
f 5523/1/3 5517/1/3 5516/1/3
f 5523/3/3 5516/3/3 5522/3/3
f 5524/1/3 5517/1/3 5523/1/3
f 5525/1/3 5519/1/3 5518/1/3
f 5526/2/3 5520/2/3 5519/2/3
f 5526/1/3 5519/1/3 5525/1/3
f 5527/2/3 5520/2/3 5526/2/3
f 5528/2/3 5520/2/3 5527/2/3
f 5537/3/3 5530/3/3 5529/3/3
f 5537/3/3 5531/3/3 5530/3/3
f 5538/5/3 5532/5/3 5531/5/3
f 5538/3/3 5531/3/3 5537/3/3
f 5539/5/3 5532/5/3 5538/5/3
f 5540/1/3 5534/1/3 5533/1/3
f 5541/3/3 5535/3/3 5534/3/3
f 5541/1/3 5534/1/3 5540/1/3
f 5542/2/3 5536/2/3 5535/2/3
f 5542/3/3 5535/3/3 5541/3/3
f 5543/2/3 5536/2/3 5542/2/3
f 5551/2/3 5545/2/3 5544/2/3
f 5551/2/3 5546/2/3 5545/2/3
f 5552/2/3 5546/2/3 5551/2/3
f 5557/2/3 5549/2/3 5548/2/3
f 5557/2/3 5548/2/3 5547/2/3
f 5558/3/3 5550/3/3 5549/3/3
f 5558/2/3 5549/2/3 5557/2/3
f 5559/3/3 5550/3/3 5558/3/3
f 5562/1/3 5554/1/3 5553/1/3
f 5563/1/3 5554/1/3 5562/1/3
f 5564/1/3 5556/1/3 5555/1/3
f 5565/1/3 5556/1/3 5564/1/3
f 5568/5/3 5561/5/3 5560/5/3
f 5569/5/3 5561/5/3 5568/5/3
f 5570/5/3 5567/5/3 5566/5/3
f 5571/5/3 5567/5/3 5570/5/3
f 5576/1/3 5573/1/3 5572/1/3
f 5577/1/3 5573/1/3 5576/1/3
f 5582/1/3 5575/1/3 5574/1/3
f 5583/1/3 5575/1/3 5582/1/3
f 5588/1/3 5579/1/3 5578/1/3
f 5589/1/3 5579/1/3 5588/1/3
f 5590/5/3 5581/5/3 5580/5/3
f 5591/5/3 5581/5/3 5590/5/3
f 5594/2/3 5585/2/3 5584/2/3
f 5595/3/3 5586/3/3 5585/3/3
f 5595/2/3 5585/2/3 5594/2/3
f 5596/2/3 5587/2/3 5586/2/3
f 5596/3/3 5586/3/3 5595/3/3
f 5597/2/3 5587/2/3 5596/2/3
f 5598/2/3 5593/2/3 5592/2/3
f 5599/2/3 5593/2/3 5598/2/3
f 5600/2/3 5593/2/3 5599/2/3
f 5614/3/3 5602/3/3 5601/3/3
f 5615/3/3 5602/3/3 5614/3/3
f 5630/2/3 5604/2/3 5603/2/3
f 5631/2/3 5604/2/3 5630/2/3
f 5642/1/3 5606/1/3 5605/1/3
f 5643/3/3 5607/3/3 5606/3/3
f 5643/1/3 5606/1/3 5642/1/3
f 5644/2/3 5608/2/3 5607/2/3
f 5644/3/3 5607/3/3 5643/3/3
f 5645/1/3 5609/1/3 5608/1/3
f 5645/2/3 5608/2/3 5644/2/3
f 5646/5/3 5610/5/3 5609/5/3
f 5646/1/3 5609/1/3 5645/1/3
f 5647/4/3 5611/4/3 5610/4/3
f 5647/5/3 5610/5/3 5646/5/3
f 5648/2/3 5612/2/3 5611/2/3
f 5648/4/3 5611/4/3 5647/4/3
f 5649/1/3 5613/1/3 5612/1/3
f 5649/2/3 5612/2/3 5648/2/3
f 5650/5/3 5614/5/3 5613/5/3
f 5650/1/3 5613/1/3 5649/1/3
f 5651/5/3 5614/5/3 5650/5/3
f 5652/4/3 5616/4/3 5615/4/3
f 5653/5/3 5617/5/3 5616/5/3
f 5653/4/3 5616/4/3 5652/4/3
f 5654/4/3 5618/4/3 5617/4/3
f 5654/5/3 5617/5/3 5653/5/3
f 5655/3/3 5619/3/3 5618/3/3
f 5655/4/3 5618/4/3 5654/4/3
f 5656/1/3 5620/1/3 5619/1/3
f 5656/3/3 5619/3/3 5655/3/3
f 5657/4/3 5621/4/3 5620/4/3
f 5657/1/3 5620/1/3 5656/1/3
f 5658/5/3 5622/5/3 5621/5/3
f 5658/4/3 5621/4/3 5657/4/3
f 5659/1/3 5623/1/3 5622/1/3
f 5659/5/3 5622/5/3 5658/5/3
f 5660/5/3 5624/5/3 5623/5/3
f 5660/1/3 5623/1/3 5659/1/3
f 5661/1/3 5625/1/3 5624/1/3
f 5661/5/3 5624/5/3 5660/5/3
f 5662/2/3 5626/2/3 5625/2/3
f 5662/1/3 5625/1/3 5661/1/3
f 5663/1/3 5627/1/3 5626/1/3
f 5663/2/3 5626/2/3 5662/2/3
f 5664/5/3 5628/5/3 5627/5/3
f 5664/1/3 5627/1/3 5663/1/3
f 5665/4/3 5629/4/3 5628/4/3
f 5665/5/3 5628/5/3 5664/5/3
f 5666/5/3 5630/5/3 5629/5/3
f 5666/4/3 5629/4/3 5665/4/3
f 5667/5/3 5630/5/3 5666/5/3
f 5668/5/3 5632/5/3 5631/5/3
f 5669/4/3 5633/4/3 5632/4/3
f 5669/5/3 5632/5/3 5668/5/3
f 5670/3/3 5634/3/3 5633/3/3
f 5670/4/3 5633/4/3 5669/4/3
f 5671/4/3 5635/4/3 5634/4/3
f 5671/3/3 5634/3/3 5670/3/3
f 5672/5/3 5636/5/3 5635/5/3
f 5672/4/3 5635/4/3 5671/4/3
f 5673/1/3 5637/1/3 5636/1/3
f 5673/5/3 5636/5/3 5672/5/3
f 5674/2/3 5638/2/3 5637/2/3
f 5674/1/3 5637/1/3 5673/1/3
f 5675/3/3 5639/3/3 5638/3/3
f 5675/2/3 5638/2/3 5674/2/3
f 5676/4/3 5640/4/3 5639/4/3
f 5676/3/3 5639/3/3 5675/3/3
f 5677/5/3 5641/5/3 5640/5/3
f 5677/4/3 5640/4/3 5676/4/3
f 5678/5/3 5641/5/3 5677/5/3
f 5679/5/3 5651/5/3 5650/5/3
f 5680/5/3 5651/5/3 5679/5/3
f 5681/4/3 5669/4/3 5668/4/3
f 5682/4/3 5669/4/3 5681/4/3
f 5696/4/3 5684/4/3 5683/4/3
f 5697/4/3 5684/4/3 5696/4/3
f 5713/1/3 5686/1/3 5685/1/3
f 5714/1/3 5686/1/3 5713/1/3
f 5723/4/3 5688/4/3 5687/4/3
f 5724/1/3 5689/1/3 5688/1/3
f 5724/4/3 5688/4/3 5723/4/3
f 5725/2/3 5690/2/3 5689/2/3
f 5725/1/3 5689/1/3 5724/1/3
f 5726/3/3 5691/3/3 5690/3/3
f 5726/2/3 5690/2/3 5725/2/3
f 5727/5/3 5692/5/3 5691/5/3
f 5727/3/3 5691/3/3 5726/3/3
f 5728/4/3 5693/4/3 5692/4/3
f 5728/5/3 5692/5/3 5727/5/3
f 5729/5/3 5694/5/3 5693/5/3
f 5729/4/3 5693/4/3 5728/4/3
f 5730/3/3 5695/3/3 5694/3/3
f 5730/5/3 5694/5/3 5729/5/3
f 5731/4/3 5696/4/3 5695/4/3
f 5731/3/3 5695/3/3 5730/3/3
f 5731/4/3 5697/4/3 5696/4/3
f 5732/4/3 5697/4/3 5731/4/3
f 5733/1/3 5699/1/3 5698/1/3
f 5734/5/3 5700/5/3 5699/5/3
f 5734/1/3 5699/1/3 5733/1/3
f 5735/4/3 5701/4/3 5700/4/3
f 5735/5/3 5700/5/3 5734/5/3
f 5736/5/3 5702/5/3 5701/5/3
f 5736/4/3 5701/4/3 5735/4/3
f 5737/2/3 5703/2/3 5702/2/3
f 5737/5/3 5702/5/3 5736/5/3
f 5738/4/3 5704/4/3 5703/4/3
f 5738/2/3 5703/2/3 5737/2/3
f 5739/5/3 5705/5/3 5704/5/3
f 5739/4/3 5704/4/3 5738/4/3
f 5740/4/3 5706/4/3 5705/4/3
f 5740/5/3 5705/5/3 5739/5/3
f 5741/1/3 5707/1/3 5706/1/3
f 5741/4/3 5706/4/3 5740/4/3
f 5742/4/3 5708/4/3 5707/4/3
f 5742/1/3 5707/1/3 5741/1/3
f 5743/3/3 5709/3/3 5708/3/3
f 5743/4/3 5708/4/3 5742/4/3
f 5744/1/3 5710/1/3 5709/1/3
f 5744/3/3 5709/3/3 5743/3/3
f 5745/4/3 5711/4/3 5710/4/3
f 5745/1/3 5710/1/3 5744/1/3
f 5746/1/3 5712/1/3 5711/1/3
f 5746/4/3 5711/4/3 5745/4/3
f 5747/1/3 5712/1/3 5746/1/3
f 5748/1/3 5714/1/3 5713/1/3
f 5748/1/3 5715/1/3 5714/1/3
f 5749/2/3 5716/2/3 5715/2/3
f 5749/1/3 5715/1/3 5748/1/3
f 5750/5/3 5717/5/3 5716/5/3
f 5750/2/3 5716/2/3 5749/2/3
f 5751/1/3 5718/1/3 5717/1/3
f 5751/5/3 5717/5/3 5750/5/3
f 5752/5/3 5719/5/3 5718/5/3
f 5752/1/3 5718/1/3 5751/1/3
f 5753/2/3 5720/2/3 5719/2/3
f 5753/5/3 5719/5/3 5752/5/3
f 5754/2/3 5720/2/3 5753/2/3
f 5755/1/3 5721/1/3 5720/1/3
f 5755/2/3 5720/2/3 5754/2/3
f 5756/4/3 5722/4/3 5721/4/3
f 5756/1/3 5721/1/3 5755/1/3
f 5757/4/3 5722/4/3 5756/4/3
f 5758/3/3 5733/3/3 5732/3/3
f 5759/3/3 5733/3/3 5758/3/3
f 5760/2/3 5748/2/3 5747/2/3
f 5761/2/3 5748/2/3 5760/2/3
f 5766/2/3 5763/2/3 5762/2/3
f 5767/2/3 5763/2/3 5766/2/3
f 5768/2/3 5765/2/3 5764/2/3
f 5769/2/3 5765/2/3 5768/2/3
f 5774/3/3 5771/3/3 5770/3/3
f 5775/3/3 5771/3/3 5774/3/3
f 5776/2/3 5773/2/3 5772/2/3
f 5777/2/3 5773/2/3 5776/2/3
f 5785/3/3 5779/3/3 5778/3/3
f 5786/2/3 5780/2/3 5779/2/3
f 5786/3/3 5779/3/3 5785/3/3
f 5787/1/3 5781/1/3 5780/1/3
f 5787/2/3 5780/2/3 5786/2/3
f 5788/1/3 5781/1/3 5787/1/3
f 5818/1/3 5783/1/3 5782/1/3
f 5819/2/3 5784/2/3 5783/2/3
f 5819/1/3 5783/1/3 5818/1/3
f 5820/2/3 5784/2/3 5819/2/3
f 5821/2/3 5784/2/3 5820/2/3
f 5822/1/3 5787/1/3 5786/1/3
f 5823/2/3 5788/2/3 5787/2/3
f 5823/1/3 5787/1/3 5822/1/3
f 5823/2/3 5789/2/3 5788/2/3
f 5824/1/3 5790/1/3 5789/1/3
f 5824/2/3 5789/2/3 5823/2/3
f 5825/4/3 5791/4/3 5790/4/3
f 5825/1/3 5790/1/3 5824/1/3
f 5826/1/3 5792/1/3 5791/1/3
f 5826/4/3 5791/4/3 5825/4/3
f 5827/3/3 5793/3/3 5792/3/3
f 5827/1/3 5792/1/3 5826/1/3
f 5828/4/3 5794/4/3 5793/4/3
f 5828/3/3 5793/3/3 5827/3/3
f 5829/4/3 5794/4/3 5828/4/3
f 5830/4/3 5794/4/3 5829/4/3
f 5831/5/3 5796/5/3 5795/5/3
f 5832/1/3 5797/1/3 5796/1/3
f 5832/5/3 5796/5/3 5831/5/3
f 5833/5/3 5798/5/3 5797/5/3
f 5833/1/3 5797/1/3 5832/1/3
f 5834/3/3 5799/3/3 5798/3/3
f 5834/5/3 5798/5/3 5833/5/3
f 5835/4/3 5800/4/3 5799/4/3
f 5835/3/3 5799/3/3 5834/3/3
f 5836/5/3 5801/5/3 5800/5/3
f 5836/4/3 5800/4/3 5835/4/3
f 5837/1/3 5802/1/3 5801/1/3
f 5837/5/3 5801/5/3 5836/5/3
f 5838/4/3 5803/4/3 5802/4/3
f 5838/1/3 5802/1/3 5837/1/3
f 5839/5/3 5804/5/3 5803/5/3
f 5839/4/3 5803/4/3 5838/4/3
f 5840/4/3 5805/4/3 5804/4/3
f 5840/5/3 5804/5/3 5839/5/3
f 5841/1/3 5806/1/3 5805/1/3
f 5841/4/3 5805/4/3 5840/4/3
f 5842/3/3 5807/3/3 5806/3/3
f 5842/1/3 5806/1/3 5841/1/3
f 5843/1/3 5808/1/3 5807/1/3
f 5843/3/3 5807/3/3 5842/3/3
f 5844/5/3 5809/5/3 5808/5/3
f 5844/1/3 5808/1/3 5843/1/3
f 5845/4/3 5810/4/3 5809/4/3
f 5845/5/3 5809/5/3 5844/5/3
f 5846/4/3 5810/4/3 5845/4/3
f 5847/1/3 5812/1/3 5811/1/3
f 5848/4/3 5813/4/3 5812/4/3
f 5848/1/3 5812/1/3 5847/1/3
f 5849/2/3 5814/2/3 5813/2/3
f 5849/4/3 5813/4/3 5848/4/3
f 5850/4/3 5815/4/3 5814/4/3
f 5850/2/3 5814/2/3 5849/2/3
f 5851/5/3 5816/5/3 5815/5/3
f 5851/4/3 5815/4/3 5850/4/3
f 5852/4/3 5817/4/3 5816/4/3
f 5852/5/3 5816/5/3 5851/5/3
f 5853/3/3 5818/3/3 5817/3/3
f 5853/4/3 5817/4/3 5852/4/3
f 5854/2/3 5819/2/3 5818/2/3
f 5854/3/3 5818/3/3 5853/3/3
f 5855/1/3 5820/1/3 5819/1/3
f 5855/2/3 5819/2/3 5854/2/3
f 5856/1/3 5820/1/3 5855/1/3
f 5857/1/3 5829/1/3 5828/1/3
f 5858/1/3 5829/1/3 5857/1/3
f 5859/5/3 5849/5/3 5848/5/3
f 5860/5/3 5849/5/3 5859/5/3
f 5871/1/3 5862/1/3 5861/1/3
f 5872/1/3 5862/1/3 5871/1/3
f 5890/1/3 5864/1/3 5863/1/3
f 5891/1/3 5864/1/3 5890/1/3
f 5899/5/3 5866/5/3 5865/5/3
f 5900/3/3 5867/3/3 5866/3/3
f 5900/5/3 5866/5/3 5899/5/3
f 5901/3/3 5867/3/3 5900/3/3
f 5902/4/3 5868/4/3 5867/4/3
f 5902/3/3 5867/3/3 5901/3/3
f 5903/1/3 5869/1/3 5868/1/3
f 5903/4/3 5868/4/3 5902/4/3
f 5904/5/3 5870/5/3 5869/5/3
f 5904/1/3 5869/1/3 5903/1/3
f 5905/2/3 5871/2/3 5870/2/3
f 5905/5/3 5870/5/3 5904/5/3
f 5906/1/3 5872/1/3 5871/1/3
f 5906/2/3 5871/2/3 5905/2/3
f 5906/1/3 5873/1/3 5872/1/3
f 5907/1/3 5873/1/3 5906/1/3
f 5908/1/3 5875/1/3 5874/1/3
f 5909/4/3 5876/4/3 5875/4/3
f 5909/1/3 5875/1/3 5908/1/3
f 5910/2/3 5877/2/3 5876/2/3
f 5910/4/3 5876/4/3 5909/4/3
f 5911/4/3 5878/4/3 5877/4/3
f 5911/2/3 5877/2/3 5910/2/3
f 5912/1/3 5879/1/3 5878/1/3
f 5912/4/3 5878/4/3 5911/4/3
f 5913/5/3 5880/5/3 5879/5/3
f 5913/1/3 5879/1/3 5912/1/3
f 5914/1/3 5881/1/3 5880/1/3
f 5914/5/3 5880/5/3 5913/5/3
f 5915/4/3 5882/4/3 5881/4/3
f 5915/1/3 5881/1/3 5914/1/3
f 5916/1/3 5883/1/3 5882/1/3
f 5916/4/3 5882/4/3 5915/4/3
f 5917/4/3 5884/4/3 5883/4/3
f 5917/1/3 5883/1/3 5916/1/3
f 5918/2/3 5885/2/3 5884/2/3
f 5918/4/3 5884/4/3 5917/4/3
f 5919/4/3 5886/4/3 5885/4/3
f 5919/2/3 5885/2/3 5918/2/3
f 5920/1/3 5887/1/3 5886/1/3
f 5920/4/3 5886/4/3 5919/4/3
f 5921/5/3 5888/5/3 5887/5/3
f 5921/1/3 5887/1/3 5920/1/3
f 5922/5/3 5888/5/3 5921/5/3
f 5923/1/3 5891/1/3 5890/1/3
f 5923/1/3 5890/1/3 5889/1/3
f 5924/2/3 5892/2/3 5891/2/3
f 5924/1/3 5891/1/3 5923/1/3
f 5925/4/3 5893/4/3 5892/4/3
f 5925/2/3 5892/2/3 5924/2/3
f 5926/5/3 5894/5/3 5893/5/3
f 5926/4/3 5893/4/3 5925/4/3
f 5927/3/3 5895/3/3 5894/3/3
f 5927/5/3 5894/5/3 5926/5/3
f 5928/2/3 5896/2/3 5895/2/3
f 5928/3/3 5895/3/3 5927/3/3
f 5929/5/3 5897/5/3 5896/5/3
f 5929/2/3 5896/2/3 5928/2/3
f 5930/5/3 5897/5/3 5929/5/3
f 5932/2/3 5899/2/3 5898/2/3
f 5932/2/3 5900/2/3 5899/2/3
f 5933/4/3 5901/4/3 5900/4/3
f 5933/2/3 5900/2/3 5932/2/3
f 5934/4/3 5901/4/3 5933/4/3
f 5935/4/3 5929/4/3 5928/4/3
f 5936/2/3 5930/2/3 5929/2/3
f 5936/4/3 5929/4/3 5935/4/3
f 5936/2/3 5931/2/3 5930/2/3
f 5937/2/3 5931/2/3 5936/2/3
f 5942/3/3 5939/3/3 5938/3/3
f 5943/3/3 5939/3/3 5942/3/3
f 5944/3/3 5941/3/3 5940/3/3
f 5945/3/3 5941/3/3 5944/3/3
f 5950/3/3 5947/3/3 5946/3/3
f 5951/3/3 5947/3/3 5950/3/3
f 5952/3/3 5949/3/3 5948/3/3
f 5953/3/3 5949/3/3 5952/3/3
f 5962/2/3 5955/2/3 5954/2/3
f 5963/3/3 5956/3/3 5955/3/3
f 5963/2/3 5955/2/3 5962/2/3
f 5964/4/3 5957/4/3 5956/4/3
f 5964/3/3 5956/3/3 5963/3/3
f 5965/4/3 5957/4/3 5964/4/3
f 5966/4/3 5959/4/3 5958/4/3
f 5967/3/3 5960/3/3 5959/3/3
f 5967/4/3 5959/4/3 5966/4/3
f 5968/3/3 5963/3/3 5962/3/3
f 5968/3/3 5964/3/3 5963/3/3
f 5969/2/3 5965/2/3 5964/2/3
f 5969/3/3 5964/3/3 5968/3/3
f 5970/2/3 5965/2/3 5969/2/3
f 5971/3/3 5967/3/3 5966/3/3
f 5972/2/3 5961/2/3 5960/2/3
f 5972/3/3 5967/3/3 5971/3/3
f 5972/3/3 5960/3/3 5967/3/3
f 5973/2/3 5961/2/3 5972/2/3
f 5982/4/3 5975/4/3 5974/4/3
f 5983/1/3 5976/1/3 5975/1/3
f 5983/4/3 5975/4/3 5982/4/3
f 5984/2/3 5977/2/3 5976/2/3
f 5984/1/3 5976/1/3 5983/1/3
f 5985/2/3 5977/2/3 5984/2/3
f 5986/2/3 5979/2/3 5978/2/3
f 5987/1/3 5980/1/3 5979/1/3
f 5987/2/3 5979/2/3 5986/2/3
f 5988/4/3 5981/4/3 5980/4/3
f 5988/1/3 5980/1/3 5987/1/3
f 5989/4/3 5981/4/3 5988/4/3
f 5990/3/3 5983/3/3 5982/3/3
f 5990/3/3 5984/3/3 5983/3/3
f 5991/1/3 5985/1/3 5984/1/3
f 5991/3/3 5984/3/3 5990/3/3
f 5992/1/3 5985/1/3 5991/1/3
f 5993/4/3 5987/4/3 5986/4/3
f 5994/3/3 5989/3/3 5988/3/3
f 5994/4/3 5987/4/3 5993/4/3
f 5994/3/3 5988/3/3 5987/3/3
f 5995/3/3 5989/3/3 5994/3/3
f 6000/3/3 5997/3/3 5996/3/3
f 6001/3/3 5997/3/3 6000/3/3
f 6002/2/3 5999/2/3 5998/2/3
f 6003/2/3 5999/2/3 6002/2/3
f 6008/2/3 6005/2/3 6004/2/3
f 6009/2/3 6005/2/3 6008/2/3
f 6010/2/3 6007/2/3 6006/2/3
f 6011/2/3 6007/2/3 6010/2/3
f 6019/2/3 6014/2/3 6013/2/3
f 6019/2/3 6013/2/3 6012/2/3
f 6020/5/3 6015/5/3 6014/5/3
f 6020/2/3 6014/2/3 6019/2/3
f 6021/5/3 6015/5/3 6020/5/3
f 6022/4/3 6017/4/3 6016/4/3
f 6023/2/3 6018/2/3 6017/2/3
f 6023/4/3 6017/4/3 6022/4/3
f 6024/2/3 6018/2/3 6023/2/3
f 6025/4/3 6020/4/3 6019/4/3
f 6026/3/3 6021/3/3 6020/3/3
f 6026/4/3 6020/4/3 6025/4/3
f 6027/3/3 6021/3/3 6026/3/3
f 6028/3/3 6023/3/3 6022/3/3
f 6029/4/3 6024/4/3 6023/4/3
f 6029/3/3 6023/3/3 6028/3/3
f 6030/4/3 6024/4/3 6029/4/3
f 6038/3/3 6032/3/3 6031/3/3
f 6039/2/3 6033/2/3 6032/2/3
f 6039/3/3 6032/3/3 6038/3/3
f 6040/2/3 6033/2/3 6039/2/3
f 6041/2/3 6035/2/3 6034/2/3
f 6042/3/3 6036/3/3 6035/3/3
f 6042/2/3 6035/2/3 6041/2/3
f 6043/2/3 6037/2/3 6036/2/3
f 6043/3/3 6036/3/3 6042/3/3
f 6044/2/3 6037/2/3 6043/2/3
f 6045/2/3 6039/2/3 6038/2/3
f 6046/1/3 6040/1/3 6039/1/3
f 6046/2/3 6039/2/3 6045/2/3
f 6047/1/3 6040/1/3 6046/1/3
f 6048/1/3 6042/1/3 6041/1/3
f 6049/2/3 6043/2/3 6042/2/3
f 6049/1/3 6042/1/3 6048/1/3
f 6050/3/3 6044/3/3 6043/3/3
f 6050/2/3 6043/2/3 6049/2/3
f 6051/3/3 6044/3/3 6050/3/3
f 6058/3/3 6053/3/3 6052/3/3
f 6059/3/3 6053/3/3 6058/3/3
f 6060/2/3 6054/2/3 6053/2/3
f 6060/3/3 6053/3/3 6059/3/3
f 6061/2/3 6054/2/3 6060/2/3
f 6062/3/3 6057/3/3 6056/3/3
f 6062/3/3 6056/3/3 6055/3/3
f 6063/3/3 6057/3/3 6062/3/3
f 6064/3/3 6057/3/3 6063/3/3
f 6065/3/3 6057/3/3 6064/3/3
f 6066/1/3 6059/1/3 6058/1/3
f 6067/5/3 6060/5/3 6059/5/3
f 6067/1/3 6059/1/3 6066/1/3
f 6068/4/3 6061/4/3 6060/4/3
f 6068/5/3 6060/5/3 6067/5/3
f 6069/4/3 6061/4/3 6068/4/3
f 6070/4/3 6063/4/3 6062/4/3
f 6071/5/3 6064/5/3 6063/5/3
f 6071/4/3 6063/4/3 6070/4/3
f 6072/1/3 6065/1/3 6064/1/3
f 6072/5/3 6064/5/3 6071/5/3
f 6073/4/3 6067/4/3 6066/4/3
f 6073/4/3 6068/4/3 6067/4/3
f 6074/1/3 6069/1/3 6068/1/3
f 6074/4/3 6068/4/3 6073/4/3
f 6075/1/3 6069/1/3 6074/1/3
f 6076/5/3 6071/5/3 6070/5/3
f 6076/1/3 6072/1/3 6071/1/3
f 6077/1/3 6065/1/3 6072/1/3
f 6077/1/3 6072/1/3 6076/1/3
f 6078/1/3 6065/1/3 6077/1/3
f 6079/3/3 6074/3/3 6073/3/3
f 6080/3/3 6074/3/3 6079/3/3
f 6081/5/3 6075/5/3 6074/5/3
f 6081/3/3 6074/3/3 6080/3/3
f 6082/5/3 6075/5/3 6081/5/3
f 6083/5/3 6076/5/3 6070/5/3
f 6084/3/3 6077/3/3 6076/3/3
f 6084/5/3 6076/5/3 6083/5/3
f 6085/2/3 6078/2/3 6077/2/3
f 6085/3/3 6077/3/3 6084/3/3
f 6086/2/3 6078/2/3 6085/2/3
f 6091/4/3 6088/4/3 6087/4/3
f 6092/4/3 6088/4/3 6091/4/3
f 6093/5/3 6090/5/3 6089/5/3
f 6094/5/3 6090/5/3 6093/5/3
f 6099/1/3 6096/1/3 6095/1/3
f 6100/1/3 6096/1/3 6099/1/3
f 6101/5/3 6098/5/3 6097/5/3
f 6102/5/3 6098/5/3 6101/5/3
f 6109/2/3 6104/2/3 6103/2/3
f 6110/2/3 6104/2/3 6109/2/3
f 6111/5/3 6105/5/3 6104/5/3
f 6111/2/3 6104/2/3 6110/2/3
f 6112/5/3 6105/5/3 6111/5/3
f 6113/4/3 6107/4/3 6106/4/3
f 6114/2/3 6108/2/3 6107/2/3
f 6114/4/3 6107/4/3 6113/4/3
f 6115/2/3 6108/2/3 6114/2/3
f 6116/2/3 6108/2/3 6115/2/3
f 6117/5/3 6110/5/3 6109/5/3
f 6118/1/3 6112/1/3 6111/1/3
f 6118/5/3 6110/5/3 6117/5/3
f 6118/1/3 6111/1/3 6110/1/3
f 6119/1/3 6112/1/3 6118/1/3
f 6120/1/3 6112/1/3 6119/1/3
f 6121/5/3 6114/5/3 6113/5/3
f 6121/4/3 6115/4/3 6114/4/3
f 6122/1/3 6116/1/3 6115/1/3
f 6122/4/3 6115/4/3 6121/4/3
f 6123/1/3 6118/1/3 6117/1/3
f 6124/5/3 6119/5/3 6118/5/3
f 6124/1/3 6118/1/3 6123/1/3
f 6125/4/3 6120/4/3 6119/4/3
f 6125/5/3 6119/5/3 6124/5/3
f 6126/4/3 6120/4/3 6125/4/3
f 6127/5/3 6121/5/3 6113/5/3
f 6128/1/3 6122/1/3 6121/1/3
f 6128/5/3 6121/5/3 6127/5/3
f 6129/1/3 6116/1/3 6122/1/3
f 6129/1/3 6122/1/3 6128/1/3
f 6130/3/3 6126/3/3 6125/3/3
f 6130/3/3 6124/3/3 6123/3/3
f 6130/3/3 6125/3/3 6124/3/3
f 6131/3/3 6126/3/3 6130/3/3
f 6132/3/3 6126/3/3 6131/3/3
f 6133/2/3 6128/2/3 6127/2/3
f 6134/3/3 6129/3/3 6128/3/3
f 6134/2/3 6128/2/3 6133/2/3
f 6135/3/3 6129/3/3 6134/3/3
f 6136/3/3 6129/3/3 6135/3/3
f 6157/2/3 6138/2/3 6137/2/3
f 6158/3/3 6139/3/3 6138/3/3
f 6158/2/3 6138/2/3 6157/2/3
f 6158/3/3 6140/3/3 6139/3/3
f 6159/5/3 6141/5/3 6140/5/3
f 6159/3/3 6140/3/3 6158/3/3
f 6160/3/3 6142/3/3 6141/3/3
f 6160/5/3 6141/5/3 6159/5/3
f 6161/2/3 6143/2/3 6142/2/3
f 6161/3/3 6142/3/3 6160/3/3
f 6162/3/3 6144/3/3 6143/3/3
f 6162/2/3 6143/2/3 6161/2/3
f 6163/4/3 6145/4/3 6144/4/3
f 6163/3/3 6144/3/3 6162/3/3
f 6164/3/3 6146/3/3 6145/3/3
f 6164/4/3 6145/4/3 6163/4/3
f 6165/3/3 6146/3/3 6164/3/3
f 6166/3/3 6148/3/3 6147/3/3
f 6167/5/3 6149/5/3 6148/5/3
f 6167/3/3 6148/3/3 6166/3/3
f 6168/3/3 6150/3/3 6149/3/3
f 6168/5/3 6149/5/3 6167/5/3
f 6169/2/3 6151/2/3 6150/2/3
f 6169/3/3 6150/3/3 6168/3/3
f 6170/3/3 6152/3/3 6151/3/3
f 6170/2/3 6151/2/3 6169/2/3
f 6171/4/3 6153/4/3 6152/4/3
f 6171/3/3 6152/3/3 6170/3/3
f 6172/2/3 6156/2/3 6155/2/3
f 6172/4/3 6153/4/3 6171/4/3
f 6172/2/3 6155/2/3 6154/2/3
f 6172/2/3 6154/2/3 6153/2/3
f 6173/2/3 6156/2/3 6172/2/3
f 6178/1/3 6175/1/3 6174/1/3
f 6179/1/3 6175/1/3 6178/1/3
f 6180/5/3 6177/5/3 6176/5/3
f 6181/5/3 6177/5/3 6180/5/3
f 6186/1/3 6183/1/3 6182/1/3
f 6187/1/3 6183/1/3 6186/1/3
f 6188/1/3 6185/1/3 6184/1/3
f 6189/1/3 6185/1/3 6188/1/3
f 6206/3/3 6191/3/3 6190/3/3
f 6207/2/3 6192/2/3 6191/2/3
f 6207/3/3 6191/3/3 6206/3/3
f 6208/3/3 6193/3/3 6192/3/3
f 6208/2/3 6192/2/3 6207/2/3
f 6209/5/3 6194/5/3 6193/5/3
f 6209/3/3 6193/3/3 6208/3/3
f 6210/2/3 6195/2/3 6194/2/3
f 6210/5/3 6194/5/3 6209/5/3
f 6211/3/3 6196/3/3 6195/3/3
f 6211/2/3 6195/2/3 6210/2/3
f 6212/3/3 6196/3/3 6211/3/3
f 6213/1/3 6197/1/3 6196/1/3
f 6213/3/3 6196/3/3 6212/3/3
f 6214/2/3 6198/2/3 6197/2/3
f 6214/1/3 6197/1/3 6213/1/3
f 6215/2/3 6198/2/3 6214/2/3
f 6216/3/3 6200/3/3 6199/3/3
f 6217/5/3 6201/5/3 6200/5/3
f 6217/3/3 6200/3/3 6216/3/3
f 6218/3/3 6202/3/3 6201/3/3
f 6218/5/3 6201/5/3 6217/5/3
f 6219/3/3 6202/3/3 6218/3/3
f 6220/3/3 6202/3/3 6219/3/3
f 6221/4/3 6203/4/3 6202/4/3
f 6221/3/3 6202/3/3 6220/3/3
f 6222/3/3 6204/3/3 6203/3/3
f 6222/4/3 6203/4/3 6221/4/3
f 6223/3/3 6204/3/3 6222/3/3
f 6224/2/3 6205/2/3 6204/2/3
f 6224/3/3 6204/3/3 6223/3/3
f 6225/2/3 6205/2/3 6224/2/3
f 6230/5/3 6227/5/3 6226/5/3
f 6231/5/3 6227/5/3 6230/5/3
f 6232/5/3 6229/5/3 6228/5/3
f 6233/5/3 6229/5/3 6232/5/3
f 6238/4/3 6235/4/3 6234/4/3
f 6239/4/3 6235/4/3 6238/4/3
f 6240/4/3 6237/4/3 6236/4/3
f 6241/4/3 6237/4/3 6240/4/3
f 6246/2/3 6243/2/3 6242/2/3
f 6247/2/3 6243/2/3 6246/2/3
f 6248/2/3 6245/2/3 6244/2/3
f 6249/2/3 6245/2/3 6248/2/3
f 6254/3/3 6251/3/3 6250/3/3
f 6255/3/3 6251/3/3 6254/3/3
f 6256/2/3 6253/2/3 6252/2/3
f 6257/2/3 6253/2/3 6256/2/3
f 6274/3/3 6259/3/3 6258/3/3
f 6275/5/3 6260/5/3 6259/5/3
f 6275/3/3 6259/3/3 6274/3/3
f 6276/2/3 6261/2/3 6260/2/3
f 6276/5/3 6260/5/3 6275/5/3
f 6277/3/3 6262/3/3 6261/3/3
f 6277/2/3 6261/2/3 6276/2/3
f 6278/2/3 6263/2/3 6262/2/3
f 6278/3/3 6262/3/3 6277/3/3
f 6278/2/3 6264/2/3 6263/2/3
f 6279/1/3 6265/1/3 6264/1/3
f 6279/2/3 6264/2/3 6278/2/3
f 6280/4/3 6266/4/3 6265/4/3
f 6280/1/3 6265/1/3 6279/1/3
f 6281/4/3 6266/4/3 6280/4/3
f 6282/4/3 6268/4/3 6267/4/3
f 6282/4/3 6269/4/3 6268/4/3
f 6283/2/3 6270/2/3 6269/2/3
f 6283/4/3 6269/4/3 6282/4/3
f 6284/3/3 6271/3/3 6270/3/3
f 6284/2/3 6270/2/3 6283/2/3
f 6285/5/3 6272/5/3 6271/5/3
f 6285/3/3 6271/3/3 6284/3/3
f 6286/3/3 6273/3/3 6272/3/3
f 6286/5/3 6272/5/3 6285/5/3
f 6287/3/3 6273/3/3 6286/3/3
f 6292/2/3 6289/2/3 6288/2/3
f 6293/2/3 6289/2/3 6292/2/3
f 6294/3/3 6291/3/3 6290/3/3
f 6295/3/3 6291/3/3 6294/3/3
f 6300/2/3 6297/2/3 6296/2/3
f 6301/2/3 6297/2/3 6300/2/3
f 6302/3/3 6299/3/3 6298/3/3
f 6303/3/3 6299/3/3 6302/3/3
f 6319/2/3 6305/2/3 6304/2/3
f 6320/4/3 6306/4/3 6305/4/3
f 6320/2/3 6305/2/3 6319/2/3
f 6321/2/3 6307/2/3 6306/2/3
f 6321/4/3 6306/4/3 6320/4/3
f 6322/3/3 6308/3/3 6307/3/3
f 6322/2/3 6307/2/3 6321/2/3
f 6323/3/3 6308/3/3 6322/3/3
f 6324/3/3 6308/3/3 6323/3/3
f 6325/1/3 6309/1/3 6308/1/3
f 6325/3/3 6308/3/3 6324/3/3
f 6326/4/3 6310/4/3 6309/4/3
f 6326/1/3 6309/1/3 6325/1/3
f 6327/4/3 6310/4/3 6326/4/3
f 6328/4/3 6310/4/3 6327/4/3
f 6329/5/3 6312/5/3 6311/5/3
f 6330/4/3 6313/4/3 6312/4/3
f 6330/5/3 6312/5/3 6329/5/3
f 6331/4/3 6313/4/3 6330/4/3
f 6332/3/3 6314/3/3 6313/3/3
f 6332/4/3 6313/4/3 6331/4/3
f 6333/2/3 6315/2/3 6314/2/3
f 6333/3/3 6314/3/3 6332/3/3
f 6334/3/3 6316/3/3 6315/3/3
f 6334/2/3 6315/2/3 6333/2/3
f 6335/1/3 6317/1/3 6316/1/3
f 6335/3/3 6316/3/3 6334/3/3
f 6336/3/3 6318/3/3 6317/3/3
f 6336/1/3 6317/1/3 6335/1/3
f 6337/3/3 6318/3/3 6336/3/3
f 6356/2/3 6339/2/3 6338/2/3
f 6357/3/3 6340/3/3 6339/3/3
f 6357/2/3 6339/2/3 6356/2/3
f 6358/2/3 6341/2/3 6340/2/3
f 6358/3/3 6340/3/3 6357/3/3
f 6359/3/3 6342/3/3 6341/3/3
f 6359/2/3 6341/2/3 6358/2/3
f 6359/3/3 6343/3/3 6342/3/3
f 6360/4/3 6344/4/3 6343/4/3
f 6360/3/3 6343/3/3 6359/3/3
f 6361/5/3 6345/5/3 6344/5/3
f 6361/4/3 6344/4/3 6360/4/3
f 6362/1/3 6346/1/3 6345/1/3
f 6362/5/3 6345/5/3 6361/5/3
f 6363/5/3 6347/5/3 6346/5/3
f 6363/1/3 6346/1/3 6362/1/3
f 6364/5/3 6347/5/3 6363/5/3
f 6365/1/3 6349/1/3 6348/1/3
f 6366/4/3 6350/4/3 6349/4/3
f 6366/1/3 6349/1/3 6365/1/3
f 6367/1/3 6351/1/3 6350/1/3
f 6367/4/3 6350/4/3 6366/4/3
f 6368/2/3 6355/2/3 6354/2/3
f 6368/1/3 6351/1/3 6367/1/3
f 6368/2/3 6354/2/3 6353/2/3
f 6368/2/3 6352/2/3 6351/2/3
f 6368/2/3 6353/2/3 6352/2/3
f 6369/2/3 6355/2/3 6368/2/3
f 6374/2/3 6371/2/3 6370/2/3
f 6375/2/3 6371/2/3 6374/2/3
f 6376/3/3 6373/3/3 6372/3/3
f 6377/3/3 6373/3/3 6376/3/3
f 6382/2/3 6379/2/3 6378/2/3
f 6383/2/3 6379/2/3 6382/2/3
f 6384/2/3 6381/2/3 6380/2/3
f 6385/2/3 6381/2/3 6384/2/3
f 6400/2/3 6387/2/3 6386/2/3
f 6401/3/3 6388/3/3 6387/3/3
f 6401/2/3 6387/2/3 6400/2/3
f 6402/3/3 6388/3/3 6401/3/3
f 6403/2/3 6389/2/3 6388/2/3
f 6403/3/3 6388/3/3 6402/3/3
f 6404/5/3 6390/5/3 6389/5/3
f 6404/2/3 6389/2/3 6403/2/3
f 6405/1/3 6391/1/3 6390/1/3
f 6405/5/3 6390/5/3 6404/5/3
f 6406/1/3 6391/1/3 6405/1/3
f 6407/1/3 6391/1/3 6406/1/3
f 6408/4/3 6393/4/3 6392/4/3
f 6409/4/3 6393/4/3 6408/4/3
f 6410/5/3 6394/5/3 6393/5/3
f 6410/4/3 6393/4/3 6409/4/3
f 6411/1/3 6395/1/3 6394/1/3
f 6411/5/3 6394/5/3 6410/5/3
f 6412/2/3 6396/2/3 6395/2/3
f 6412/1/3 6395/1/3 6411/1/3
f 6413/3/3 6397/3/3 6396/3/3
f 6413/2/3 6396/2/3 6412/2/3
f 6414/3/3 6397/3/3 6413/3/3
f 6415/2/3 6398/2/3 6397/2/3
f 6415/3/3 6397/3/3 6414/3/3
f 6416/3/3 6399/3/3 6398/3/3
f 6416/2/3 6398/2/3 6415/2/3
f 6417/3/3 6399/3/3 6416/3/3
f 6434/2/3 6419/2/3 6418/2/3
f 6434/2/3 6420/2/3 6419/2/3
f 6434/2/3 6421/2/3 6420/2/3
f 6435/2/3 6421/2/3 6434/2/3
f 6436/3/3 6422/3/3 6421/3/3
f 6436/2/3 6421/2/3 6435/2/3
f 6437/1/3 6423/1/3 6422/1/3
f 6437/3/3 6422/3/3 6436/3/3
f 6438/3/3 6424/3/3 6423/3/3
f 6438/1/3 6423/1/3 6437/1/3
f 6439/2/3 6425/2/3 6424/2/3
f 6439/3/3 6424/3/3 6438/3/3
f 6440/1/3 6426/1/3 6425/1/3
f 6440/2/3 6425/2/3 6439/2/3
f 6441/1/3 6426/1/3 6440/1/3
f 6442/4/3 6428/4/3 6427/4/3
f 6443/2/3 6429/2/3 6428/2/3
f 6443/4/3 6428/4/3 6442/4/3
f 6443/2/3 6430/2/3 6429/2/3
f 6444/2/3 6430/2/3 6443/2/3
f 6445/1/3 6431/1/3 6430/1/3
f 6445/2/3 6430/2/3 6444/2/3
f 6446/3/3 6432/3/3 6431/3/3
f 6446/1/3 6431/1/3 6445/1/3
f 6447/3/3 6432/3/3 6446/3/3
f 6448/3/3 6432/3/3 6447/3/3
f 6449/3/3 6435/3/3 6434/3/3
f 6450/2/3 6436/2/3 6435/2/3
f 6450/3/3 6435/3/3 6449/3/3
f 6451/5/3 6437/5/3 6436/5/3
f 6451/2/3 6436/2/3 6450/2/3
f 6451/5/3 6438/5/3 6437/5/3
f 6452/3/3 6439/3/3 6438/3/3
f 6452/5/3 6438/5/3 6451/5/3
f 6453/5/3 6440/5/3 6439/5/3
f 6453/3/3 6439/3/3 6452/3/3
f 6454/3/3 6441/3/3 6440/3/3
f 6454/5/3 6440/5/3 6453/5/3
f 6455/3/3 6441/3/3 6454/3/3
f 6456/2/3 6443/2/3 6442/2/3
f 6457/1/3 6444/1/3 6443/1/3
f 6457/2/3 6443/2/3 6456/2/3
f 6458/2/3 6445/2/3 6444/2/3
f 6458/1/3 6444/1/3 6457/1/3
f 6459/4/3 6446/4/3 6445/4/3
f 6459/2/3 6445/2/3 6458/2/3
f 6460/5/3 6447/5/3 6446/5/3
f 6460/4/3 6446/4/3 6459/4/3
f 6461/4/3 6448/4/3 6447/4/3
f 6461/5/3 6447/5/3 6460/5/3
f 6462/3/3 6432/3/3 6448/3/3
f 6462/4/3 6448/4/3 6461/4/3
f 6463/2/3 6433/2/3 6432/2/3
f 6463/3/3 6432/3/3 6462/3/3
f 6464/2/3 6433/2/3 6463/2/3
f 6481/3/3 6466/3/3 6465/3/3
f 6482/2/3 6467/2/3 6466/2/3
f 6482/3/3 6466/3/3 6481/3/3
f 6483/3/3 6468/3/3 6467/3/3
f 6483/4/3 6469/4/3 6468/4/3
f 6484/1/3 6470/1/3 6469/1/3
f 6484/4/3 6469/4/3 6483/4/3
f 6485/3/3 6471/3/3 6470/3/3
f 6485/5/3 6472/5/3 6471/5/3
f 6486/2/3 6473/2/3 6472/2/3
f 6486/5/3 6472/5/3 6485/5/3
f 6487/2/3 6473/2/3 6486/2/3
f 6488/3/3 6475/3/3 6474/3/3
f 6489/4/3 6476/4/3 6475/4/3
f 6489/3/3 6475/3/3 6488/3/3
f 6490/2/3 6477/2/3 6476/2/3
f 6490/4/3 6476/4/3 6489/4/3
f 6491/5/3 6478/5/3 6477/5/3
f 6491/2/3 6477/2/3 6490/2/3
f 6492/5/3 6478/5/3 6491/5/3
f 6493/1/3 6479/1/3 6478/1/3
f 6493/5/3 6478/5/3 6492/5/3
f 6494/2/3 6480/2/3 6479/2/3
f 6494/1/3 6479/1/3 6493/1/3
f 6495/2/3 6480/2/3 6494/2/3
f 6496/2/3 6480/2/3 6495/2/3
f 6497/2/3 6482/2/3 6481/2/3
f 6498/2/3 6467/2/3 6482/2/3
f 6498/2/3 6482/2/3 6497/2/3
f 6499/3/3 6483/3/3 6467/3/3
f 6499/2/3 6467/2/3 6498/2/3
f 6500/2/3 6484/2/3 6483/2/3
f 6500/3/3 6483/3/3 6499/3/3
f 6501/1/3 6470/1/3 6484/1/3
f 6501/2/3 6484/2/3 6500/2/3
f 6502/3/3 6485/3/3 6470/3/3
f 6502/1/3 6470/1/3 6501/1/3
f 6503/2/3 6486/2/3 6485/2/3
f 6503/3/3 6485/3/3 6502/3/3
f 6504/5/3 6487/5/3 6486/5/3
f 6504/2/3 6486/2/3 6503/2/3
f 6505/5/3 6487/5/3 6504/5/3
f 6506/4/3 6489/4/3 6488/4/3
f 6507/2/3 6490/2/3 6489/2/3
f 6507/4/3 6489/4/3 6506/4/3
f 6508/3/3 6491/3/3 6490/3/3
f 6508/2/3 6490/2/3 6507/2/3
f 6509/5/3 6492/5/3 6491/5/3
f 6509/3/3 6491/3/3 6508/3/3
f 6510/3/3 6493/3/3 6492/3/3
f 6510/5/3 6492/5/3 6509/5/3
f 6511/2/3 6494/2/3 6493/2/3
f 6511/3/3 6493/3/3 6510/3/3
f 6511/2/3 6495/2/3 6494/2/3
f 6512/3/3 6496/3/3 6495/3/3
f 6512/2/3 6495/2/3 6511/2/3
f 6513/3/3 6496/3/3 6512/3/3
f 6514/3/3 6496/3/3 6513/3/3
f 6535/3/3 6516/3/3 6515/3/3
f 6536/2/3 6517/2/3 6516/2/3
f 6536/3/3 6516/3/3 6535/3/3
f 6537/3/3 6518/3/3 6517/3/3
f 6537/2/3 6517/2/3 6536/2/3
f 6537/3/3 6519/3/3 6518/3/3
f 6538/2/3 6520/2/3 6519/2/3
f 6538/3/3 6519/3/3 6537/3/3
f 6539/1/3 6521/1/3 6520/1/3
f 6539/2/3 6520/2/3 6538/2/3
f 6540/4/3 6522/4/3 6521/4/3
f 6540/1/3 6521/1/3 6539/1/3
f 6541/1/3 6523/1/3 6522/1/3
f 6541/4/3 6522/4/3 6540/4/3
f 6542/2/3 6524/2/3 6523/2/3
f 6542/1/3 6523/1/3 6541/1/3
f 6543/2/3 6524/2/3 6542/2/3
f 6544/2/3 6526/2/3 6525/2/3
f 6545/5/3 6527/5/3 6526/5/3
f 6545/2/3 6526/2/3 6544/2/3
f 6546/4/3 6528/4/3 6527/4/3
f 6546/5/3 6527/5/3 6545/5/3
f 6546/4/3 6529/4/3 6528/4/3
f 6547/3/3 6530/3/3 6529/3/3
f 6547/4/3 6529/4/3 6546/4/3
f 6548/2/3 6531/2/3 6530/2/3
f 6548/3/3 6530/3/3 6547/3/3
f 6549/3/3 6532/3/3 6531/3/3
f 6549/2/3 6531/2/3 6548/2/3
f 6550/2/3 6534/2/3 6533/2/3
f 6550/3/3 6532/3/3 6549/3/3
f 6550/2/3 6533/2/3 6532/2/3
f 6551/2/3 6534/2/3 6550/2/3
f 6565/3/3 6553/3/3 6552/3/3
f 6566/2/3 6554/2/3 6553/2/3
f 6566/3/3 6553/3/3 6565/3/3
f 6567/2/3 6554/2/3 6566/2/3
f 6568/4/3 6555/4/3 6554/4/3
f 6568/2/3 6554/2/3 6567/2/3
f 6569/5/3 6556/5/3 6555/5/3
f 6569/4/3 6555/4/3 6568/4/3
f 6570/3/3 6557/3/3 6556/3/3
f 6570/5/3 6556/5/3 6569/5/3
f 6571/4/3 6558/4/3 6557/4/3
f 6571/3/3 6557/3/3 6570/3/3
f 6572/4/3 6558/4/3 6571/4/3
f 6573/1/3 6560/1/3 6559/1/3
f 6574/3/3 6561/3/3 6560/3/3
f 6574/1/3 6560/1/3 6573/1/3
f 6575/4/3 6562/4/3 6561/4/3
f 6575/3/3 6561/3/3 6574/3/3
f 6576/1/3 6563/1/3 6562/1/3
f 6576/4/3 6562/4/3 6575/4/3
f 6577/2/3 6564/2/3 6563/2/3
f 6577/1/3 6563/1/3 6576/1/3
f 6578/2/3 6564/2/3 6577/2/3
f 6579/2/3 6564/2/3 6578/2/3
f 6580/2/3 6564/2/3 6579/2/3
f 6581/2/3 6567/2/3 6566/2/3
f 6581/2/3 6566/2/3 6565/2/3
f 6582/3/3 6568/3/3 6567/3/3
f 6582/2/3 6567/2/3 6581/2/3
f 6582/3/3 6569/3/3 6568/3/3
f 6583/4/3 6570/4/3 6569/4/3
f 6583/3/3 6569/3/3 6582/3/3
f 6584/2/3 6572/2/3 6571/2/3
f 6584/4/3 6570/4/3 6583/4/3
f 6584/2/3 6571/2/3 6570/2/3
f 6585/2/3 6572/2/3 6584/2/3
f 6586/2/3 6572/2/3 6585/2/3
f 6587/2/3 6574/2/3 6573/2/3
f 6588/3/3 6575/3/3 6574/3/3
f 6588/2/3 6574/2/3 6587/2/3
f 6589/1/3 6576/1/3 6575/1/3
f 6589/3/3 6575/3/3 6588/3/3
f 6590/3/3 6578/3/3 6577/3/3
f 6590/1/3 6576/1/3 6589/1/3
f 6590/3/3 6577/3/3 6576/3/3
f 6591/3/3 6578/3/3 6590/3/3
f 6592/3/3 6580/3/3 6579/3/3
f 6593/2/3 6564/2/3 6580/2/3
f 6593/3/3 6580/3/3 6592/3/3
f 6594/2/3 6564/2/3 6593/2/3
f 6595/2/3 6581/2/3 6565/2/3
f 6596/2/3 6581/2/3 6595/2/3
f 6597/3/3 6582/3/3 6581/3/3
f 6597/2/3 6581/2/3 6596/2/3
f 6598/2/3 6583/2/3 6582/2/3
f 6598/3/3 6582/3/3 6597/3/3
f 6599/2/3 6583/2/3 6598/2/3
f 6600/2/3 6583/2/3 6599/2/3
f 6601/4/3 6585/4/3 6584/4/3
f 6601/2/3 6583/2/3 6600/2/3
f 6601/4/3 6584/4/3 6583/4/3
f 6602/4/3 6585/4/3 6601/4/3
f 6603/3/3 6586/3/3 6585/3/3
f 6603/4/3 6585/4/3 6602/4/3
f 6604/3/3 6586/3/3 6603/3/3
f 6605/3/3 6588/3/3 6587/3/3
f 6605/5/3 6589/5/3 6588/5/3
f 6606/1/3 6590/1/3 6589/1/3
f 6606/5/3 6589/5/3 6605/5/3
f 6607/2/3 6591/2/3 6590/2/3
f 6607/1/3 6590/1/3 6606/1/3
f 6608/3/3 6578/3/3 6591/3/3
f 6608/2/3 6591/2/3 6607/2/3
f 6609/2/3 6579/2/3 6578/2/3
f 6609/3/3 6578/3/3 6608/3/3
f 6610/3/3 6592/3/3 6579/3/3
f 6610/2/3 6579/2/3 6609/2/3
f 6611/2/3 6593/2/3 6592/2/3
f 6611/3/3 6592/3/3 6610/3/3
f 6612/3/3 6596/3/3 6595/3/3
f 6613/2/3 6597/2/3 6596/2/3
f 6613/3/3 6596/3/3 6612/3/3
f 6613/2/3 6598/2/3 6597/2/3
f 6614/3/3 6599/3/3 6598/3/3
f 6614/2/3 6598/2/3 6613/2/3
f 6615/2/3 6600/2/3 6599/2/3
f 6615/3/3 6599/3/3 6614/3/3
f 6616/3/3 6601/3/3 6600/3/3
f 6616/2/3 6600/2/3 6615/2/3
f 6617/4/3 6602/4/3 6601/4/3
f 6617/3/3 6601/3/3 6616/3/3
f 6618/5/3 6603/5/3 6602/5/3
f 6618/4/3 6602/4/3 6617/4/3
f 6619/2/3 6604/2/3 6603/2/3
f 6619/5/3 6603/5/3 6618/5/3
f 6620/2/3 6604/2/3 6619/2/3
f 6621/5/3 6607/5/3 6606/5/3
f 6621/4/3 6606/4/3 6605/4/3
f 6622/3/3 6608/3/3 6607/3/3
f 6622/5/3 6607/5/3 6621/5/3
f 6623/2/3 6609/2/3 6608/2/3
f 6623/3/3 6608/3/3 6622/3/3
f 6624/3/3 6610/3/3 6609/3/3
f 6624/2/3 6609/2/3 6623/2/3
f 6625/2/3 6611/2/3 6610/2/3
f 6625/3/3 6610/3/3 6624/3/3
f 6626/2/3 6593/2/3 6611/2/3
f 6626/2/3 6611/2/3 6625/2/3
f 6627/3/3 6594/3/3 6593/3/3
f 6627/2/3 6593/2/3 6626/2/3
f 6628/3/3 6594/3/3 6627/3/3
f 6630/3/3 6616/3/3 6615/3/3
f 6630/3/3 6614/3/3 6613/3/3
f 6630/3/3 6615/3/3 6614/3/3
f 6631/3/3 6616/3/3 6630/3/3
f 6632/3/3 6616/3/3 6631/3/3
f 6633/2/3 6617/2/3 6616/2/3
f 6633/3/3 6616/3/3 6632/3/3
f 6634/4/3 6618/4/3 6617/4/3
f 6634/2/3 6617/2/3 6633/2/3
f 6634/4/3 6619/4/3 6618/4/3
f 6635/4/3 6619/4/3 6634/4/3
f 6636/3/3 6620/3/3 6619/3/3
f 6636/4/3 6619/4/3 6635/4/3
f 6637/4/3 6621/4/3 6605/4/3
f 6637/3/3 6605/3/3 6587/3/3
f 6638/1/3 6622/1/3 6621/1/3
f 6638/4/3 6621/4/3 6637/4/3
f 6639/2/3 6623/2/3 6622/2/3
f 6639/1/3 6622/1/3 6638/1/3
f 6640/3/3 6624/3/3 6623/3/3
f 6640/2/3 6623/2/3 6639/2/3
f 6641/2/3 6625/2/3 6624/2/3
f 6641/2/3 6626/2/3 6625/2/3
f 6642/3/3 6627/3/3 6626/3/3
f 6642/2/3 6626/2/3 6641/2/3
f 6643/3/3 6627/3/3 6642/3/3
f 6645/3/3 6631/3/3 6630/3/3
f 6645/3/3 6630/3/3 6629/3/3
f 6646/3/3 6631/3/3 6645/3/3
f 6647/3/3 6631/3/3 6646/3/3
f 6648/3/3 6633/3/3 6632/3/3
f 6648/3/3 6634/3/3 6633/3/3
f 6649/2/3 6635/2/3 6634/2/3
f 6649/3/3 6634/3/3 6648/3/3
f 6650/1/3 6636/1/3 6635/1/3
f 6650/2/3 6635/2/3 6649/2/3
f 6651/3/3 6620/3/3 6636/3/3
f 6651/1/3 6636/1/3 6650/1/3
f 6652/3/3 6620/3/3 6651/3/3
f 6653/3/3 6637/3/3 6587/3/3
f 6653/5/3 6638/5/3 6637/5/3
f 6654/2/3 6639/2/3 6638/2/3
f 6654/5/3 6638/5/3 6653/5/3
f 6655/3/3 6640/3/3 6639/3/3
f 6655/2/3 6639/2/3 6654/2/3
f 6656/3/3 6624/3/3 6640/3/3
f 6656/3/3 6640/3/3 6655/3/3
f 6657/2/3 6641/2/3 6624/2/3
f 6657/3/3 6624/3/3 6656/3/3
f 6658/2/3 6644/2/3 6643/2/3
f 6658/2/3 6643/2/3 6642/2/3
f 6659/2/3 6644/2/3 6658/2/3
f 6660/3/3 6631/3/3 6647/3/3
f 6660/2/3 6632/2/3 6631/2/3
f 6661/3/3 6648/3/3 6632/3/3
f 6661/2/3 6632/2/3 6660/2/3
f 6662/3/3 6650/3/3 6649/3/3
f 6662/1/3 6649/1/3 6648/1/3
f 6662/3/3 6651/3/3 6650/3/3
f 6663/3/3 6651/3/3 6662/3/3
f 6664/3/3 6653/3/3 6587/3/3
f 6665/2/3 6654/2/3 6653/2/3
f 6665/3/3 6653/3/3 6664/3/3
f 6666/2/3 6641/2/3 6657/2/3
f 6666/2/3 6657/2/3 6656/2/3
f 6667/3/3 6642/3/3 6641/3/3
f 6667/2/3 6641/2/3 6666/2/3
f 6668/2/3 6658/2/3 6642/2/3
f 6668/3/3 6642/3/3 6667/3/3
f 6669/1/3 6646/1/3 6645/1/3
f 6670/2/3 6647/2/3 6646/2/3
f 6670/1/3 6646/1/3 6669/1/3
f 6671/3/3 6660/3/3 6647/3/3
f 6671/2/3 6647/2/3 6670/2/3
f 6671/3/3 6661/3/3 6660/3/3
f 6672/3/3 6648/3/3 6661/3/3
f 6672/3/3 6661/3/3 6671/3/3
f 6672/1/3 6662/1/3 6648/1/3
f 6673/2/3 6663/2/3 6662/2/3
f 6673/1/3 6662/1/3 6672/1/3
f 6674/3/3 6651/3/3 6663/3/3
f 6674/2/3 6663/2/3 6673/2/3
f 6675/2/3 6652/2/3 6651/2/3
f 6675/3/3 6651/3/3 6674/3/3
f 6676/2/3 6665/2/3 6664/2/3
f 6677/2/3 6654/2/3 6665/2/3
f 6677/2/3 6665/2/3 6676/2/3
f 6678/3/3 6655/3/3 6654/3/3
f 6678/2/3 6654/2/3 6677/2/3
f 6679/1/3 6656/1/3 6655/1/3
f 6679/3/3 6655/3/3 6678/3/3
f 6680/2/3 6666/2/3 6656/2/3
f 6680/1/3 6656/1/3 6679/1/3
f 6681/3/3 6667/3/3 6666/3/3
f 6681/2/3 6666/2/3 6680/2/3
f 6682/2/3 6668/2/3 6667/2/3
f 6682/3/3 6667/3/3 6681/3/3
f 6683/2/3 6658/2/3 6668/2/3
f 6683/2/3 6668/2/3 6682/2/3
f 6684/4/3 6659/4/3 6658/4/3
f 6684/2/3 6658/2/3 6683/2/3
f 6685/4/3 6659/4/3 6684/4/3
f 6686/2/3 6671/2/3 6670/2/3
f 6686/2/3 6670/2/3 6669/2/3
f 6686/2/3 6673/2/3 6672/2/3
f 6686/2/3 6672/2/3 6671/2/3
f 6687/2/3 6673/2/3 6686/2/3
f 6688/2/3 6673/2/3 6687/2/3
f 6689/2/3 6673/2/3 6688/2/3
f 6690/3/3 6674/3/3 6673/3/3
f 6690/2/3 6673/2/3 6689/2/3
f 6691/1/3 6675/1/3 6674/1/3
f 6691/3/3 6674/3/3 6690/3/3
f 6692/3/3 6677/3/3 6676/3/3
f 6693/1/3 6678/1/3 6677/1/3
f 6693/3/3 6677/3/3 6692/3/3
f 6694/3/3 6681/3/3 6680/3/3
f 6694/1/3 6678/1/3 6693/1/3
f 6694/3/3 6680/3/3 6679/3/3
f 6694/3/3 6679/3/3 6678/3/3
f 6695/3/3 6681/3/3 6694/3/3
f 6696/3/3 6681/3/3 6695/3/3
f 6697/2/3 6683/2/3 6682/2/3
f 6697/2/3 6682/2/3 6681/2/3
f 6698/3/3 6685/3/3 6684/3/3
f 6698/2/3 6683/2/3 6697/2/3
f 6698/3/3 6684/3/3 6683/3/3
f 6699/3/3 6685/3/3 6698/3/3
f 6700/3/3 6685/3/3 6699/3/3
f 6702/3/3 6688/3/3 6687/3/3
f 6703/2/3 6689/2/3 6688/2/3
f 6703/3/3 6688/3/3 6702/3/3
f 6704/2/3 6689/2/3 6703/2/3
f 6705/3/3 6690/3/3 6689/3/3
f 6705/2/3 6689/2/3 6704/2/3
f 6706/4/3 6691/4/3 6690/4/3
f 6706/3/3 6690/3/3 6705/3/3
f 6707/1/3 6675/1/3 6691/1/3
f 6707/4/3 6691/4/3 6706/4/3
f 6708/2/3 6652/2/3 6675/2/3
f 6708/1/3 6675/1/3 6707/1/3
f 6709/2/3 6652/2/3 6708/2/3
f 6710/2/3 6693/2/3 6692/2/3
f 6711/5/3 6694/5/3 6693/5/3
f 6711/2/3 6693/2/3 6710/2/3
f 6712/3/3 6681/3/3 6696/3/3
f 6712/2/3 6696/2/3 6695/2/3
f 6713/2/3 6697/2/3 6681/2/3
f 6713/3/3 6681/3/3 6712/3/3
f 6714/3/3 6699/3/3 6698/3/3
f 6714/2/3 6697/2/3 6713/2/3
f 6714/3/3 6698/3/3 6697/3/3
f 6715/3/3 6699/3/3 6714/3/3
f 6716/3/3 6699/3/3 6715/3/3
f 6718/3/3 6702/3/3 6701/3/3
f 6719/2/3 6703/2/3 6702/2/3
f 6719/3/3 6702/3/3 6718/3/3
f 6720/2/3 6703/2/3 6719/2/3
f 6721/3/3 6704/3/3 6703/3/3
f 6721/2/3 6703/2/3 6720/2/3
f 6722/2/3 6706/2/3 6705/2/3
f 6722/3/3 6704/3/3 6721/3/3
f 6722/2/3 6705/2/3 6704/2/3
f 6723/2/3 6706/2/3 6722/2/3
f 6724/5/3 6707/5/3 6706/5/3
f 6724/2/3 6706/2/3 6723/2/3
f 6724/5/3 6708/5/3 6707/5/3
f 6725/5/3 6708/5/3 6724/5/3
f 6726/3/3 6709/3/3 6708/3/3
f 6726/5/3 6708/5/3 6725/5/3
f 6727/5/3 6694/5/3 6711/5/3
f 6727/3/3 6711/3/3 6710/3/3
f 6728/1/3 6695/1/3 6694/1/3
f 6728/5/3 6694/5/3 6727/5/3
f 6729/2/3 6712/2/3 6695/2/3
f 6729/1/3 6695/1/3 6728/1/3
f 6729/2/3 6713/2/3 6712/2/3
f 6729/2/3 6714/2/3 6713/2/3
f 6729/2/3 6715/2/3 6714/2/3
f 6730/2/3 6715/2/3 6729/2/3
f 6731/3/3 6716/3/3 6715/3/3
f 6731/2/3 6715/2/3 6730/2/3
f 6732/1/3 6725/1/3 6724/1/3
f 6732/2/3 6724/2/3 6723/2/3
f 6733/4/3 6726/4/3 6725/4/3
f 6733/1/3 6725/1/3 6732/1/3
f 6734/3/3 6709/3/3 6726/3/3
f 6734/4/3 6726/4/3 6733/4/3
f 6735/3/3 6727/3/3 6710/3/3
f 6736/4/3 6728/4/3 6727/4/3
f 6736/3/3 6727/3/3 6735/3/3
f 6736/4/3 6729/4/3 6728/4/3
f 6737/4/3 6729/4/3 6736/4/3
f 6738/2/3 6730/2/3 6729/2/3
f 6738/4/3 6729/4/3 6737/4/3
f 6739/2/3 6730/2/3 6738/2/3
f 6740/3/3 6731/3/3 6730/3/3
f 6740/2/3 6730/2/3 6739/2/3
f 6741/3/3 6731/3/3 6740/3/3
f 6742/3/3 6716/3/3 6731/3/3
f 6742/3/3 6731/3/3 6741/3/3
f 6743/2/3 6717/2/3 6716/2/3
f 6743/3/3 6716/3/3 6742/3/3
f 6744/2/3 6719/2/3 6718/2/3
f 6744/2/3 6720/2/3 6719/2/3
f 6745/2/3 6720/2/3 6744/2/3
f 6746/3/3 6721/3/3 6720/3/3
f 6746/2/3 6720/2/3 6745/2/3
f 6747/2/3 6722/2/3 6721/2/3
f 6747/3/3 6721/3/3 6746/3/3
f 6748/3/3 6723/3/3 6722/3/3
f 6748/2/3 6722/2/3 6747/2/3
f 6749/2/3 6732/2/3 6723/2/3
f 6749/3/3 6723/3/3 6748/3/3
f 6750/5/3 6733/5/3 6732/5/3
f 6750/2/3 6732/2/3 6749/2/3
f 6751/3/3 6734/3/3 6733/3/3
f 6751/5/3 6733/5/3 6750/5/3
f 6752/3/3 6709/3/3 6734/3/3
f 6752/3/3 6734/3/3 6751/3/3
f 6753/3/3 6709/3/3 6752/3/3
f 6754/2/3 6737/2/3 6736/2/3
f 6754/2/3 6736/2/3 6735/2/3
f 6755/2/3 6737/2/3 6754/2/3
f 6756/4/3 6738/4/3 6737/4/3
f 6756/2/3 6737/2/3 6755/2/3
f 6757/3/3 6739/3/3 6738/3/3
f 6757/4/3 6738/4/3 6756/4/3
f 6758/2/3 6741/2/3 6740/2/3
f 6758/3/3 6739/3/3 6757/3/3
f 6758/2/3 6740/2/3 6739/2/3
f 6759/3/3 6742/3/3 6741/3/3
f 6759/2/3 6741/2/3 6758/2/3
f 6760/2/3 6743/2/3 6742/2/3
f 6760/3/3 6742/3/3 6759/3/3
f 6761/2/3 6717/2/3 6743/2/3
f 6761/2/3 6743/2/3 6760/2/3
f 6762/3/3 6745/3/3 6744/3/3
f 6763/2/3 6747/2/3 6746/2/3
f 6763/3/3 6745/3/3 6762/3/3
f 6763/2/3 6746/2/3 6745/2/3
f 6764/3/3 6748/3/3 6747/3/3
f 6764/2/3 6747/2/3 6763/2/3
f 6765/2/3 6749/2/3 6748/2/3
f 6765/3/3 6748/3/3 6764/3/3
f 6766/5/3 6751/5/3 6750/5/3
f 6766/2/3 6749/2/3 6765/2/3
f 6766/5/3 6750/5/3 6749/5/3
f 6767/2/3 6752/2/3 6751/2/3
f 6767/5/3 6751/5/3 6766/5/3
f 6768/1/3 6753/1/3 6752/1/3
f 6768/2/3 6752/2/3 6767/2/3
f 6769/1/3 6753/1/3 6768/1/3
f 6770/5/3 6755/5/3 6754/5/3
f 6771/2/3 6756/2/3 6755/2/3
f 6771/5/3 6755/5/3 6770/5/3
f 6772/5/3 6758/5/3 6757/5/3
f 6772/2/3 6756/2/3 6771/2/3
f 6772/5/3 6757/5/3 6756/5/3
f 6773/3/3 6760/3/3 6759/3/3
f 6773/5/3 6758/5/3 6772/5/3
f 6773/3/3 6759/3/3 6758/3/3
f 6773/3/3 6761/3/3 6760/3/3
f 6774/3/3 6761/3/3 6773/3/3
f 6789/3/3 6776/3/3 6775/3/3
f 6790/3/3 6776/3/3 6789/3/3
f 6791/2/3 6777/2/3 6776/2/3
f 6791/3/3 6776/3/3 6790/3/3
f 6792/2/3 6777/2/3 6791/2/3
f 6793/5/3 6778/5/3 6777/5/3
f 6793/2/3 6777/2/3 6792/2/3
f 6794/4/3 6779/4/3 6778/4/3
f 6794/5/3 6778/5/3 6793/5/3
f 6795/5/3 6780/5/3 6779/5/3
f 6795/4/3 6779/4/3 6794/4/3
f 6796/3/3 6781/3/3 6780/3/3
f 6796/5/3 6780/5/3 6795/5/3
f 6797/3/3 6781/3/3 6796/3/3
f 6798/2/3 6783/2/3 6782/2/3
f 6799/1/3 6784/1/3 6783/1/3
f 6799/2/3 6783/2/3 6798/2/3
f 6800/1/3 6784/1/3 6799/1/3
f 6801/4/3 6785/4/3 6784/4/3
f 6801/1/3 6784/1/3 6800/1/3
f 6802/3/3 6786/3/3 6785/3/3
f 6802/4/3 6785/4/3 6801/4/3
f 6803/2/3 6787/2/3 6786/2/3
f 6803/3/3 6786/3/3 6802/3/3
f 6804/3/3 6788/3/3 6787/3/3
f 6804/2/3 6787/2/3 6803/2/3
f 6805/3/3 6788/3/3 6804/3/3
f 6824/3/3 6810/3/3 6809/3/3
f 6824/5/3 6811/5/3 6810/5/3
f 6825/2/3 6812/2/3 6811/2/3
f 6825/5/3 6811/5/3 6824/5/3
f 6826/3/3 6813/3/3 6812/3/3
f 6826/2/3 6812/2/3 6825/2/3
f 6826/3/3 6814/3/3 6813/3/3
f 6827/2/3 6816/2/3 6815/2/3
f 6827/2/3 6817/2/3 6816/2/3
f 6827/3/3 6818/3/3 6817/3/3
f 6828/5/3 6819/5/3 6818/5/3
f 6828/3/3 6818/3/3 6827/3/3
f 6829/3/3 6820/3/3 6819/3/3
f 6829/5/3 6819/5/3 6828/5/3
f 6830/2/3 6821/2/3 6820/2/3
f 6830/3/3 6820/3/3 6829/3/3
f 6831/2/3 6823/2/3 6822/2/3
f 6831/3/3 6822/3/3 6821/3/3
f 6832/2/3 6823/2/3 6831/2/3
f 6833/3/3 6807/3/3 6806/3/3
f 6833/3/3 6808/3/3 6807/3/3
f 6834/3/3 6808/3/3 6833/3/3
f 6835/2/3 6809/2/3 6808/2/3
f 6836/3/3 6824/3/3 6809/3/3
f 6836/2/3 6809/2/3 6835/2/3
f 6836/3/3 6825/3/3 6824/3/3
f 6837/3/3 6825/3/3 6836/3/3
f 6838/5/3 6826/5/3 6825/5/3
f 6838/3/3 6825/3/3 6837/3/3
f 6839/3/3 6814/3/3 6826/3/3
f 6839/5/3 6826/5/3 6838/5/3
f 6840/3/3 6814/3/3 6839/3/3
f 6841/3/3 6814/3/3 6840/3/3
f 6842/2/3 6827/2/3 6815/2/3
f 6843/4/3 6828/4/3 6827/4/3
f 6843/2/3 6827/2/3 6842/2/3
f 6844/2/3 6830/2/3 6829/2/3
f 6844/4/3 6828/4/3 6843/4/3
f 6844/2/3 6829/2/3 6828/2/3
f 6845/3/3 6832/3/3 6831/3/3
f 6845/2/3 6830/2/3 6844/2/3
f 6845/2/3 6821/2/3 6830/2/3
f 6845/3/3 6831/3/3 6821/3/3
f 6846/3/3 6832/3/3 6845/3/3
f 6847/2/3 6823/2/3 6832/2/3
f 6847/3/3 6832/3/3 6846/3/3
f 6848/2/3 6823/2/3 6847/2/3
f 6849/2/3 6834/2/3 6833/2/3
f 6850/3/3 6808/3/3 6834/3/3
f 6850/2/3 6834/2/3 6849/2/3
f 6851/2/3 6835/2/3 6808/2/3
f 6851/3/3 6808/3/3 6850/3/3
f 6852/3/3 6836/3/3 6835/3/3
f 6852/2/3 6835/2/3 6851/2/3
f 6853/2/3 6837/2/3 6836/2/3
f 6853/3/3 6836/3/3 6852/3/3
f 6854/3/3 6838/3/3 6837/3/3
f 6854/2/3 6837/2/3 6853/2/3
f 6855/2/3 6839/2/3 6838/2/3
f 6855/3/3 6838/3/3 6854/3/3
f 6856/1/3 6840/1/3 6839/1/3
f 6856/2/3 6839/2/3 6855/2/3
f 6857/2/3 6841/2/3 6840/2/3
f 6857/1/3 6840/1/3 6856/1/3
f 6858/2/3 6841/2/3 6857/2/3
f 6859/2/3 6842/2/3 6815/2/3
f 6860/1/3 6843/1/3 6842/1/3
f 6860/2/3 6842/2/3 6859/2/3
f 6861/3/3 6844/3/3 6843/3/3
f 6861/1/3 6843/1/3 6860/1/3
f 6861/3/3 6845/3/3 6844/3/3
f 6862/3/3 6845/3/3 6861/3/3
f 6863/3/3 6845/3/3 6862/3/3
f 6864/2/3 6846/2/3 6845/2/3
f 6864/3/3 6845/3/3 6863/3/3
f 6865/3/3 6847/3/3 6846/3/3
f 6865/2/3 6846/2/3 6864/2/3
f 6865/3/3 6848/3/3 6847/3/3
f 6866/3/3 6848/3/3 6865/3/3
f 6883/2/3 6869/2/3 6868/2/3
f 6883/2/3 6870/2/3 6869/2/3
f 6884/3/3 6871/3/3 6870/3/3
f 6884/2/3 6870/2/3 6883/2/3
f 6884/3/3 6872/3/3 6871/3/3
f 6885/2/3 6873/2/3 6872/2/3
f 6885/3/3 6872/3/3 6884/3/3
f 6886/4/3 6874/4/3 6873/4/3
f 6886/2/3 6873/2/3 6885/2/3
f 6887/2/3 6875/2/3 6874/2/3
f 6887/4/3 6874/4/3 6886/4/3
f 6888/3/3 6877/3/3 6876/3/3
f 6888/5/3 6878/5/3 6877/5/3
f 6889/3/3 6879/3/3 6878/3/3
f 6889/5/3 6878/5/3 6888/5/3
f 6890/2/3 6880/2/3 6879/2/3
f 6890/3/3 6879/3/3 6889/3/3
f 6891/3/3 6881/3/3 6880/3/3
f 6891/2/3 6880/2/3 6890/2/3
f 6892/3/3 6881/3/3 6891/3/3
f 6893/3/3 6881/3/3 6892/3/3
f 6894/2/3 6882/2/3 6881/2/3
f 6894/3/3 6881/3/3 6893/3/3
f 6895/2/3 6882/2/3 6894/2/3
f 6896/3/3 6868/3/3 6867/3/3
f 6897/2/3 6883/2/3 6868/2/3
f 6897/3/3 6868/3/3 6896/3/3
f 6898/3/3 6884/3/3 6883/3/3
f 6898/2/3 6883/2/3 6897/2/3
f 6898/3/3 6885/3/3 6884/3/3
f 6899/3/3 6885/3/3 6898/3/3
f 6900/3/3 6885/3/3 6899/3/3
f 6901/1/3 6886/1/3 6885/1/3
f 6901/3/3 6885/3/3 6900/3/3
f 6902/2/3 6887/2/3 6886/2/3
f 6902/1/3 6886/1/3 6901/1/3
f 6903/5/3 6890/5/3 6889/5/3
f 6903/2/3 6889/2/3 6888/2/3
f 6904/3/3 6891/3/3 6890/3/3
f 6904/5/3 6890/5/3 6903/5/3
f 6904/3/3 6892/3/3 6891/3/3
f 6905/3/3 6892/3/3 6904/3/3
f 6906/2/3 6893/2/3 6892/2/3
f 6906/3/3 6892/3/3 6905/3/3
f 6907/3/3 6895/3/3 6894/3/3
f 6907/2/3 6893/2/3 6906/2/3
f 6907/3/3 6894/3/3 6893/3/3
f 6908/3/3 6895/3/3 6907/3/3
f 6909/2/3 6897/2/3 6896/2/3
f 6910/3/3 6899/3/3 6898/3/3
f 6910/2/3 6897/2/3 6909/2/3
f 6910/3/3 6898/3/3 6897/3/3
f 6911/3/3 6899/3/3 6910/3/3
f 6912/2/3 6900/2/3 6899/2/3
f 6912/3/3 6899/3/3 6911/3/3
f 6913/4/3 6901/4/3 6900/4/3
f 6913/2/3 6900/2/3 6912/2/3
f 6914/3/3 6902/3/3 6901/3/3
f 6914/4/3 6901/4/3 6913/4/3
f 6915/2/3 6887/2/3 6902/2/3
f 6915/3/3 6902/3/3 6914/3/3
f 6916/2/3 6875/2/3 6887/2/3
f 6916/2/3 6887/2/3 6915/2/3
f 6917/2/3 6875/2/3 6916/2/3
f 6918/3/3 6888/3/3 6876/3/3
f 6919/2/3 6903/2/3 6888/2/3
f 6919/3/3 6888/3/3 6918/3/3
f 6920/3/3 6904/3/3 6903/3/3
f 6920/2/3 6903/2/3 6919/2/3
f 6921/4/3 6905/4/3 6904/4/3
f 6921/3/3 6904/3/3 6920/3/3
f 6922/2/3 6906/2/3 6905/2/3
f 6922/4/3 6905/4/3 6921/4/3
f 6922/2/3 6908/2/3 6907/2/3
f 6922/2/3 6907/2/3 6906/2/3
f 6923/2/3 6908/2/3 6922/2/3
f 6924/2/3 6908/2/3 6923/2/3
f 6925/3/3 6895/3/3 6908/3/3
f 6925/2/3 6908/2/3 6924/2/3
f 6926/3/3 6895/3/3 6925/3/3
f 6927/3/4 6928/3/4 6946/3/4
f 6928/2/4 6929/2/4 6947/2/4
f 6946/3/4 6928/3/4 6947/3/4
f 6929/2/4 6930/2/4 6947/2/4
f 6947/2/4 6930/2/4 6948/2/4
f 6948/2/4 6930/2/4 6949/2/4
f 6930/3/4 6931/3/4 6950/3/4
f 6949/2/4 6930/2/4 6950/2/4
f 6931/1/4 6932/1/4 6951/1/4
f 6950/3/4 6931/3/4 6951/3/4
f 6932/2/4 6933/2/4 6952/2/4
f 6951/1/4 6932/1/4 6952/1/4
f 6933/3/4 6934/3/4 6953/3/4
f 6952/2/4 6933/2/4 6953/2/4
f 6934/3/4 6935/3/4 6953/3/4
f 6953/3/4 6935/3/4 6954/3/4
f 6936/2/4 6937/2/4 6955/2/4
f 6937/2/4 6938/2/4 6955/2/4
f 6938/2/4 6939/2/4 6955/2/4
f 6955/2/4 6939/2/4 6956/2/4
f 6939/1/4 6940/1/4 6957/1/4
f 6956/2/4 6939/2/4 6957/2/4
f 6940/2/4 6941/2/4 6958/2/4
f 6957/1/4 6940/1/4 6958/1/4
f 6941/3/4 6942/3/4 6959/3/4
f 6958/2/4 6941/2/4 6959/2/4
f 6942/3/4 6943/3/4 6959/3/4
f 6959/3/4 6943/3/4 6960/3/4
f 6948/3/4 6949/3/4 6961/3/4
f 6947/2/4 6948/2/4 6961/2/4
f 6946/2/4 6947/2/4 6961/2/4
f 6949/2/4 6950/2/4 6962/2/4
f 6961/3/4 6949/3/4 6962/3/4
f 6950/2/4 6951/2/4 6962/2/4
f 6951/2/4 6952/2/4 6962/2/4
f 6962/2/4 6952/2/4 6963/2/4
f 6952/1/4 6953/1/4 6964/1/4
f 6963/2/4 6952/2/4 6964/2/4
f 6953/2/4 6954/2/4 6965/2/4
f 6964/1/4 6953/1/4 6965/1/4
f 6954/3/4 6935/3/4 6966/3/4
f 6965/2/4 6954/2/4 6966/2/4
f 6955/3/4 6956/3/4 6967/3/4
f 6967/3/4 6956/3/4 6968/3/4
f 6956/4/4 6957/4/4 6969/4/4
f 6968/3/4 6956/3/4 6969/3/4
f 6957/3/4 6958/3/4 6970/3/4
f 6969/4/4 6957/4/4 6970/4/4
f 6958/2/4 6959/2/4 6971/2/4
f 6970/3/4 6958/3/4 6971/3/4
f 6959/2/4 6960/2/4 6971/2/4
f 6971/2/4 6960/2/4 6972/2/4
f 6960/3/4 6943/3/4 6973/3/4
f 6972/2/4 6960/2/4 6973/2/4
f 6943/2/4 6944/2/4 6974/2/4
f 6973/3/4 6943/3/4 6974/3/4
f 6946/2/4 6961/2/4 6975/2/4
f 6961/2/4 6962/2/4 6975/2/4
f 6975/2/4 6962/2/4 6976/2/4
f 6962/3/4 6963/3/4 6977/3/4
f 6976/2/4 6962/2/4 6977/2/4
f 6964/2/4 6965/2/4 6978/2/4
f 6977/3/4 6963/3/4 6978/3/4
f 6963/2/4 6964/2/4 6978/2/4
f 6978/2/4 6965/2/4 6979/2/4
f 6979/2/4 6965/2/4 6980/2/4
f 6965/4/4 6966/4/4 6981/4/4
f 6980/2/4 6965/2/4 6981/2/4
f 6966/3/4 6935/3/4 6982/3/4
f 6981/4/4 6966/4/4 6982/4/4
f 6982/3/4 6935/3/4 6983/3/4
f 6967/2/4 6968/2/4 6984/2/4
f 6968/1/4 6969/1/4 6985/1/4
f 6984/2/4 6968/2/4 6985/2/4
f 6969/3/4 6970/3/4 6986/3/4
f 6985/1/4 6969/1/4 6986/1/4
f 6970/2/4 6971/2/4 6987/2/4
f 6986/3/4 6970/3/4 6987/3/4
f 6971/3/4 6972/3/4 6988/3/4
f 6987/2/4 6971/2/4 6988/2/4
f 6972/2/4 6973/2/4 6989/2/4
f 6988/3/4 6972/3/4 6989/3/4
f 6973/2/4 6974/2/4 6989/2/4
f 6944/3/4 6945/3/4 6990/3/4
f 6989/2/4 6974/2/4 6990/2/4
f 6974/2/4 6944/2/4 6990/2/4
f 6990/3/4 6945/3/4 6991/3/4
f 6992/3/4 6993/3/4 7009/3/4
f 6993/3/4 6994/3/4 7009/3/4
f 6994/2/4 6995/2/4 7009/2/4
f 6995/2/4 6996/2/4 7009/2/4
f 6996/2/4 6997/2/4 7009/2/4
f 7009/2/4 6997/2/4 7010/2/4
f 6997/3/4 6998/3/4 7011/3/4
f 7010/2/4 6997/2/4 7011/2/4
f 6998/5/4 6999/5/4 7012/5/4
f 7011/3/4 6998/3/4 7012/3/4
f 6999/2/4 7000/2/4 7013/2/4
f 7012/5/4 6999/5/4 7013/5/4
f 7013/2/4 7000/2/4 7014/2/4
f 7001/2/4 7002/2/4 7015/2/4
f 7002/4/4 7003/4/4 7016/4/4
f 7015/2/4 7002/2/4 7016/2/4
f 7004/3/4 7005/3/4 7017/3/4
f 7016/4/4 7003/4/4 7017/4/4
f 7003/3/4 7004/3/4 7017/3/4
f 7017/3/4 7005/3/4 7018/3/4
f 7005/2/4 7006/2/4 7019/2/4
f 7018/3/4 7005/3/4 7019/3/4
f 7006/3/4 7007/3/4 7020/3/4
f 7019/2/4 7006/2/4 7020/2/4
f 7007/2/4 7008/2/4 7021/2/4
f 7020/3/4 7007/3/4 7021/3/4
f 7021/2/4 7008/2/4 7022/2/4
f 7009/3/4 7010/3/4 7023/3/4
f 6992/3/4 7009/3/4 7023/3/4
f 7023/3/4 7010/3/4 7024/3/4
f 7024/3/4 7010/3/4 7025/3/4
f 7010/2/4 7011/2/4 7026/2/4
f 7025/3/4 7010/3/4 7026/3/4
f 7026/2/4 7011/2/4 7027/2/4
f 7011/5/4 7012/5/4 7028/5/4
f 7027/2/4 7011/2/4 7028/2/4
f 7012/2/4 7013/2/4 7029/2/4
f 7028/5/4 7012/5/4 7029/5/4
f 7013/3/4 7014/3/4 7030/3/4
f 7029/2/4 7013/2/4 7030/2/4
f 7030/3/4 7014/3/4 7031/3/4
f 7015/3/4 7016/3/4 7032/3/4
f 7016/2/4 7017/2/4 7032/2/4
f 7017/5/4 7018/5/4 7033/5/4
f 7032/2/4 7017/2/4 7033/2/4
f 7018/2/4 7019/2/4 7034/2/4
f 7033/5/4 7018/5/4 7034/5/4
f 7019/3/4 7020/3/4 7035/3/4
f 7034/2/4 7019/2/4 7035/2/4
f 7020/2/4 7021/2/4 7036/2/4
f 7035/3/4 7020/3/4 7036/3/4
f 7036/2/4 7021/2/4 7037/2/4
f 7023/2/4 7024/2/4 7038/2/4
f 7024/3/4 7025/3/4 7039/3/4
f 7038/2/4 7024/2/4 7039/2/4
f 7025/2/4 7026/2/4 7040/2/4
f 7039/3/4 7025/3/4 7040/3/4
f 7040/2/4 7026/2/4 7041/2/4
f 7026/3/4 7027/3/4 7042/3/4
f 7041/2/4 7026/2/4 7042/2/4
f 7027/4/4 7028/4/4 7043/4/4
f 7042/3/4 7027/3/4 7043/3/4
f 7028/3/4 7029/3/4 7044/3/4
f 7043/4/4 7028/4/4 7044/4/4
f 7029/3/4 7030/3/4 7044/3/4
f 7044/3/4 7030/3/4 7045/3/4
f 7030/2/4 7031/2/4 7046/2/4
f 7045/3/4 7030/3/4 7046/3/4
f 7046/2/4 7031/2/4 7047/2/4
f 7033/3/4 7034/3/4 7048/3/4
f 7032/3/4 7033/3/4 7048/3/4
f 7015/3/4 7032/3/4 7048/3/4
f 7048/3/4 7034/3/4 7049/3/4
f 7034/1/4 7035/1/4 7050/1/4
f 7049/3/4 7034/3/4 7050/3/4
f 7035/2/4 7036/2/4 7051/2/4
f 7050/1/4 7035/1/4 7051/1/4
f 7036/3/4 7037/3/4 7052/3/4
f 7051/2/4 7036/2/4 7052/2/4
f 7037/2/4 7021/2/4 7053/2/4
f 7052/3/4 7037/3/4 7053/3/4
f 7021/3/4 7022/3/4 7054/3/4
f 7053/2/4 7021/2/4 7054/2/4
f 7054/3/4 7022/3/4 7055/3/4
f 7056/3/4 7057/3/4 7075/3/4
f 7057/2/4 7058/2/4 7076/2/4
f 7075/3/4 7057/3/4 7076/3/4
f 7058/3/4 7059/3/4 7077/3/4
f 7076/2/4 7058/2/4 7077/2/4
f 7059/3/4 7060/3/4 7077/3/4
f 7060/2/4 7061/2/4 7078/2/4
f 7077/3/4 7060/3/4 7078/3/4
f 7061/4/4 7062/4/4 7079/4/4
f 7078/2/4 7061/2/4 7079/2/4
f 7062/1/4 7063/1/4 7080/1/4
f 7079/4/4 7062/4/4 7080/4/4
f 7063/1/4 7064/1/4 7080/1/4
f 7064/3/4 7065/3/4 7081/3/4
f 7080/1/4 7064/1/4 7081/1/4
f 7081/3/4 7065/3/4 7082/3/4
f 7066/2/4 7067/2/4 7083/2/4
f 7067/5/4 7068/5/4 7084/5/4
f 7083/2/4 7067/2/4 7084/2/4
f 7068/1/4 7069/1/4 7085/1/4
f 7084/5/4 7068/5/4 7085/5/4
f 7069/5/4 7070/5/4 7086/5/4
f 7085/1/4 7069/1/4 7086/1/4
f 7070/2/4 7071/2/4 7087/2/4
f 7086/5/4 7070/5/4 7087/5/4
f 7071/3/4 7072/3/4 7088/3/4
f 7087/2/4 7071/2/4 7088/2/4
f 7072/2/4 7073/2/4 7089/2/4
f 7088/3/4 7072/3/4 7089/3/4
f 7073/3/4 7074/3/4 7090/3/4
f 7089/2/4 7073/2/4 7090/2/4
f 7090/3/4 7074/3/4 7091/3/4
f 7092/3/4 7093/3/4 7107/3/4
f 7093/2/4 7094/2/4 7107/2/4
f 7094/3/4 7095/3/4 7108/3/4
f 7107/2/4 7094/2/4 7108/2/4
f 7108/3/4 7095/3/4 7109/3/4
f 7095/1/4 7096/1/4 7110/1/4
f 7109/3/4 7095/3/4 7110/3/4
f 7096/5/4 7097/5/4 7111/5/4
f 7110/1/4 7096/1/4 7111/1/4
f 7097/2/4 7098/2/4 7112/2/4
f 7111/5/4 7097/5/4 7112/5/4
f 7098/1/4 7099/1/4 7113/1/4
f 7112/2/4 7098/2/4 7113/2/4
f 7113/1/4 7099/1/4 7114/1/4
f 7100/4/4 7101/4/4 7115/4/4
f 7101/3/4 7102/3/4 7116/3/4
f 7115/4/4 7101/4/4 7116/4/4
f 7102/4/4 7103/4/4 7117/4/4
f 7103/5/4 7104/5/4 7117/5/4
f 7104/2/4 7105/2/4 7118/2/4
f 7117/5/4 7104/5/4 7118/5/4
f 7118/2/4 7105/2/4 7119/2/4
f 7092/3/4 7107/3/4 7120/3/4
f 7108/3/4 7109/3/4 7120/3/4
f 7107/3/4 7108/3/4 7120/3/4
f 7120/3/4 7109/3/4 7121/3/4
f 7121/3/4 7109/3/4 7122/3/4
f 7109/2/4 7110/2/4 7123/2/4
f 7122/3/4 7109/3/4 7123/3/4
f 7110/2/4 7111/2/4 7123/2/4
f 7111/4/4 7112/4/4 7124/4/4
f 7123/2/4 7111/2/4 7124/2/4
f 7113/2/4 7114/2/4 7125/2/4
f 7124/4/4 7112/4/4 7125/4/4
f 7112/2/4 7113/2/4 7125/2/4
f 7125/2/4 7114/2/4 7126/2/4
f 7115/3/4 7116/3/4 7127/3/4
f 7116/3/4 7102/3/4 7128/3/4
f 7127/3/4 7116/3/4 7128/3/4
f 7102/4/4 7117/4/4 7129/4/4
f 7128/3/4 7102/3/4 7129/3/4
f 7118/3/4 7119/3/4 7130/3/4
f 7129/4/4 7117/4/4 7130/4/4
f 7117/3/4 7118/3/4 7130/3/4
f 7130/3/4 7119/3/4 7131/3/4
f 7119/2/4 7105/2/4 7132/2/4
f 7131/3/4 7119/3/4 7132/3/4
f 7132/2/4 7105/2/4 7133/2/4
f 7105/3/4 7106/3/4 7134/3/4
f 7133/2/4 7105/2/4 7134/2/4
f 7092/3/4 7120/3/4 7135/3/4
f 7120/2/4 7121/2/4 7136/2/4
f 7135/3/4 7120/3/4 7136/3/4
f 7121/3/4 7122/3/4 7137/3/4
f 7136/2/4 7121/2/4 7137/2/4
f 7122/2/4 7123/2/4 7138/2/4
f 7137/3/4 7122/3/4 7138/3/4
f 7123/3/4 7124/3/4 7139/3/4
f 7138/2/4 7123/2/4 7139/2/4
f 7125/1/4 7126/1/4 7140/1/4
f 7124/4/4 7125/4/4 7140/4/4
f 7126/2/4 7114/2/4 7141/2/4
f 7140/1/4 7126/1/4 7141/1/4
f 7141/2/4 7114/2/4 7142/2/4
f 7127/2/4 7128/2/4 7143/2/4
f 7128/1/4 7129/1/4 7144/1/4
f 7143/2/4 7128/2/4 7144/2/4
f 7129/1/4 7130/1/4 7144/1/4
f 7144/1/4 7130/1/4 7145/1/4
f 7130/3/4 7131/3/4 7146/3/4
f 7145/1/4 7130/1/4 7146/1/4
f 7132/2/4 7133/2/4 7147/2/4
f 7146/3/4 7131/3/4 7147/3/4
f 7131/2/4 7132/2/4 7147/2/4
f 7147/2/4 7133/2/4 7148/2/4
f 7133/3/4 7134/3/4 7149/3/4
f 7148/2/4 7133/2/4 7149/2/4
f 7134/3/4 7106/3/4 7150/3/4
f 7149/3/4 7134/3/4 7150/3/4
f 7135/2/4 7136/2/4 7151/2/4
f 7136/2/4 7137/2/4 7151/2/4
f 7137/2/4 7138/2/4 7151/2/4
f 7151/2/4 7138/2/4 7152/2/4
f 7124/4/4 7140/4/4 7153/4/4
f 7139/3/4 7124/3/4 7153/3/4
f 7138/3/4 7139/3/4 7153/3/4
f 7140/4/4 7141/4/4 7153/4/4
f 7141/3/4 7142/3/4 7154/3/4
f 7153/4/4 7141/4/4 7154/4/4
f 7143/3/4 7144/3/4 7155/3/4
f 7144/5/4 7145/5/4 7156/5/4
f 7155/3/4 7144/3/4 7156/3/4
f 7145/4/4 7146/4/4 7157/4/4
f 7156/5/4 7145/5/4 7157/5/4
f 7146/2/4 7147/2/4 7158/2/4
f 7157/4/4 7146/4/4 7158/4/4
f 7147/3/4 7148/3/4 7159/3/4
f 7158/2/4 7147/2/4 7159/2/4
f 7149/2/4 7150/2/4 7160/2/4
f 7159/3/4 7148/3/4 7160/3/4
f 7148/2/4 7149/2/4 7160/2/4
f 7160/2/4 7150/2/4 7161/2/4
f 7161/2/4 7150/2/4 7162/2/4
f 7162/2/4 7150/2/4 7163/2/4
f 7152/2/4 7138/2/4 7165/2/4
f 7138/3/4 7153/3/4 7166/3/4
f 7165/2/4 7138/2/4 7166/2/4
f 7166/3/4 7153/3/4 7167/3/4
f 7153/1/4 7154/1/4 7168/1/4
f 7167/3/4 7153/3/4 7168/3/4
f 7168/1/4 7154/1/4 7169/1/4
f 7154/3/4 7142/3/4 7170/3/4
f 7169/1/4 7154/1/4 7170/1/4
f 7170/3/4 7142/3/4 7171/3/4
f 7155/2/4 7156/2/4 7172/2/4
f 7156/4/4 7157/4/4 7173/4/4
f 7172/2/4 7156/2/4 7173/2/4
f 7157/4/4 7158/4/4 7173/4/4
f 7173/4/4 7158/4/4 7174/4/4
f 7158/3/4 7159/3/4 7175/3/4
f 7174/4/4 7158/4/4 7175/4/4
f 7159/3/4 7160/3/4 7175/3/4
f 7160/3/4 7161/3/4 7175/3/4
f 7175/3/4 7161/3/4 7176/3/4
f 7161/2/4 7162/2/4 7177/2/4
f 7176/3/4 7161/3/4 7177/3/4
f 7177/2/4 7162/2/4 7178/2/4
f 7164/3/4 7165/3/4 7180/3/4
f 7165/3/4 7166/3/4 7180/3/4
f 7180/3/4 7166/3/4 7181/3/4
f 7166/2/4 7167/2/4 7182/2/4
f 7181/3/4 7166/3/4 7182/3/4
f 7182/2/4 7167/2/4 7183/2/4
f 7167/3/4 7168/3/4 7184/3/4
f 7183/2/4 7167/2/4 7184/2/4
f 7168/2/4 7169/2/4 7185/2/4
f 7184/3/4 7168/3/4 7185/3/4
f 7169/5/4 7170/5/4 7186/5/4
f 7185/2/4 7169/2/4 7186/2/4
f 7170/2/4 7171/2/4 7187/2/4
f 7186/5/4 7170/5/4 7187/5/4
f 7187/2/4 7171/2/4 7188/2/4
f 7173/1/4 7174/1/4 7189/1/4
f 7172/3/4 7173/3/4 7189/3/4
f 7175/3/4 7176/3/4 7190/3/4
f 7189/1/4 7174/1/4 7190/1/4
f 7174/3/4 7175/3/4 7190/3/4
f 7190/3/4 7176/3/4 7191/3/4
f 7176/2/4 7177/2/4 7192/2/4
f 7191/3/4 7176/3/4 7192/3/4
f 7192/2/4 7177/2/4 7193/2/4
f 7177/3/4 7178/3/4 7194/3/4
f 7193/2/4 7177/2/4 7194/2/4
f 7178/2/4 7179/2/4 7195/2/4
f 7194/3/4 7178/3/4 7195/3/4
f 7195/2/4 7179/2/4 7196/2/4
f 7182/3/4 7183/3/4 7197/3/4
f 7181/2/4 7182/2/4 7197/2/4
f 7183/2/4 7184/2/4 7198/2/4
f 7197/3/4 7183/3/4 7198/3/4
f 7184/1/4 7185/1/4 7199/1/4
f 7198/2/4 7184/2/4 7199/2/4
f 7185/2/4 7186/2/4 7200/2/4
f 7199/1/4 7185/1/4 7200/1/4
f 7187/3/4 7188/3/4 7201/3/4
f 7200/2/4 7186/2/4 7201/2/4
f 7186/3/4 7187/3/4 7201/3/4
f 7201/3/4 7188/3/4 7202/3/4
f 7172/3/4 7189/3/4 7203/3/4
f 7189/3/4 7190/3/4 7203/3/4
f 7190/2/4 7191/2/4 7204/2/4
f 7203/3/4 7190/3/4 7204/3/4
f 7191/5/4 7192/5/4 7205/5/4
f 7204/2/4 7191/2/4 7205/2/4
f 7192/2/4 7193/2/4 7206/2/4
f 7193/3/4 7194/3/4 7207/3/4
f 7206/2/4 7193/2/4 7207/2/4
f 7194/2/4 7195/2/4 7208/2/4
f 7207/3/4 7194/3/4 7208/3/4
f 7180/5/4 7181/5/4 7209/5/4
f 7197/2/4 7198/2/4 7210/2/4
f 7209/5/4 7181/5/4 7210/5/4
f 7181/2/4 7197/2/4 7210/2/4
f 7198/3/4 7199/3/4 7211/3/4
f 7210/2/4 7198/2/4 7211/2/4
f 7199/4/4 7200/4/4 7212/4/4
f 7211/3/4 7199/3/4 7212/3/4
f 7201/2/4 7202/2/4 7213/2/4
f 7212/4/4 7200/4/4 7213/4/4
f 7200/2/4 7201/2/4 7213/2/4
f 7213/2/4 7202/2/4 7214/2/4
f 7202/3/4 7188/3/4 7215/3/4
f 7214/2/4 7202/2/4 7215/2/4
f 7203/2/4 7204/2/4 7216/2/4
f 7216/2/4 7204/2/4 7217/2/4
f 7204/3/4 7205/3/4 7218/3/4
f 7217/2/4 7204/2/4 7218/2/4
f 7205/5/4 7192/5/4 7219/5/4
f 7218/3/4 7205/3/4 7219/3/4
f 7192/2/4 7206/2/4 7220/2/4
f 7219/5/4 7192/5/4 7220/5/4
f 7206/3/4 7207/3/4 7221/3/4
f 7220/2/4 7206/2/4 7221/2/4
f 7207/2/4 7208/2/4 7222/2/4
f 7221/3/4 7207/3/4 7222/3/4
f 7208/2/4 7195/2/4 7223/2/4
f 7222/2/4 7208/2/4 7223/2/4
f 7195/5/4 7196/5/4 7223/5/4
f 7223/5/4 7196/5/4 7224/5/4
f 7209/3/4 7210/3/4 7225/3/4
f 7210/3/4 7211/3/4 7225/3/4
f 7211/3/4 7212/3/4 7225/3/4
f 7212/3/4 7213/3/4 7225/3/4
f 7225/3/4 7213/3/4 7226/3/4
f 7226/3/4 7213/3/4 7227/3/4
f 7227/3/4 7213/3/4 7228/3/4
f 7228/3/4 7213/3/4 7229/3/4
f 7213/2/4 7214/2/4 7230/2/4
f 7229/3/4 7213/3/4 7230/3/4
f 7214/4/4 7215/4/4 7231/4/4
f 7230/2/4 7214/2/4 7231/2/4
f 7215/3/4 7188/3/4 7232/3/4
f 7231/4/4 7215/4/4 7232/4/4
f 7232/3/4 7188/3/4 7233/3/4
f 7217/4/4 7218/4/4 7234/4/4
f 7216/3/4 7217/3/4 7234/3/4
f 7218/3/4 7219/3/4 7235/3/4
f 7234/4/4 7218/4/4 7235/4/4
f 7219/3/4 7220/3/4 7235/3/4
f 7235/3/4 7220/3/4 7236/3/4
f 7221/2/4 7222/2/4 7237/2/4
f 7220/2/4 7221/2/4 7237/2/4
f 7222/2/4 7223/2/4 7237/2/4
f 7223/3/4 7224/3/4 7238/3/4
f 7237/2/4 7223/2/4 7238/2/4
f 7238/3/4 7224/3/4 7239/3/4
f 7226/3/4 7227/3/4 7241/3/4
f 7227/2/4 7228/2/4 7242/2/4
f 7241/3/4 7227/3/4 7242/3/4
f 7228/3/4 7229/3/4 7243/3/4
f 7242/2/4 7228/2/4 7243/2/4
f 7229/2/4 7230/2/4 7244/2/4
f 7243/3/4 7229/3/4 7244/3/4
f 7244/2/4 7230/2/4 7245/2/4
f 7232/2/4 7233/2/4 7246/2/4
f 7230/5/4 7231/5/4 7246/5/4
f 7231/5/4 7232/5/4 7246/5/4
f 7246/2/4 7233/2/4 7247/2/4
f 7216/3/4 7234/3/4 7248/3/4
f 7235/1/4 7236/1/4 7248/1/4
f 7234/1/4 7235/1/4 7248/1/4
f 7248/1/4 7236/1/4 7249/1/4
f 7236/3/4 7220/3/4 7250/3/4
f 7249/1/4 7236/1/4 7250/1/4
f 7220/2/4 7237/2/4 7251/2/4
f 7250/3/4 7220/3/4 7251/3/4
f 7237/3/4 7238/3/4 7252/3/4
f 7251/2/4 7237/2/4 7252/2/4
f 7252/3/4 7238/3/4 7253/3/4
f 7253/3/4 7238/3/4 7254/3/4
f 7241/2/4 7242/2/4 7256/2/4
f 7243/2/4 7244/2/4 7256/2/4
f 7242/2/4 7243/2/4 7256/2/4
f 7256/2/4 7244/2/4 7257/2/4
f 7244/3/4 7245/3/4 7258/3/4
f 7257/2/4 7244/2/4 7258/2/4
f 7245/2/4 7230/2/4 7259/2/4
f 7258/3/4 7245/3/4 7259/3/4
f 7248/5/4 7249/5/4 7260/5/4
f 7216/3/4 7248/3/4 7260/3/4
f 7249/4/4 7250/4/4 7261/4/4
f 7260/5/4 7249/5/4 7261/5/4
f 7252/3/4 7253/3/4 7262/3/4
f 7261/4/4 7250/4/4 7262/4/4
f 7250/3/4 7251/3/4 7262/3/4
f 7251/3/4 7252/3/4 7262/3/4
f 7262/3/4 7253/3/4 7263/3/4
f 7263/3/4 7253/3/4 7264/3/4
f 7254/3/4 7255/3/4 7265/3/4
f 7253/2/4 7254/2/4 7265/2/4
f 7265/3/4 7255/3/4 7266/3/4
f 7240/3/4 7241/3/4 7267/3/4
f 7241/2/4 7256/2/4 7268/2/4
f 7267/3/4 7241/3/4 7268/3/4
f 7256/3/4 7257/3/4 7269/3/4
f 7268/2/4 7256/2/4 7269/2/4
f 7257/2/4 7258/2/4 7270/2/4
f 7269/3/4 7257/3/4 7270/3/4
f 7258/2/4 7259/2/4 7270/2/4
f 7259/2/4 7230/2/4 7271/2/4
f 7270/2/4 7259/2/4 7271/2/4
f 7230/5/4 7246/5/4 7272/5/4
f 7271/2/4 7230/2/4 7272/2/4
f 7272/5/4 7246/5/4 7273/5/4
f 7246/3/4 7247/3/4 7274/3/4
f 7273/5/4 7246/5/4 7274/5/4
f 7216/3/4 7260/3/4 7275/3/4
f 7260/1/4 7261/1/4 7275/1/4
f 7261/5/4 7262/5/4 7276/5/4
f 7275/1/4 7261/1/4 7276/1/4
f 7262/3/4 7263/3/4 7277/3/4
f 7276/5/4 7262/5/4 7277/5/4
f 7269/2/4 7270/2/4 7278/2/4
f 7270/2/4 7271/2/4 7278/2/4
f 7268/2/4 7269/2/4 7278/2/4
f 7267/2/4 7268/2/4 7278/2/4
f 7278/2/4 7271/2/4 7279/2/4
f 7279/2/4 7271/2/4 7280/2/4
f 7271/3/4 7272/3/4 7281/3/4
f 7280/2/4 7271/2/4 7281/2/4
f 7272/4/4 7273/4/4 7282/4/4
f 7281/3/4 7272/3/4 7282/3/4
f 7273/2/4 7274/2/4 7283/2/4
f 7282/4/4 7273/4/4 7283/4/4
f 7274/3/4 7247/3/4 7284/3/4
f 7283/2/4 7274/2/4 7284/2/4
f 7284/3/4 7247/3/4 7285/3/4
f 7216/3/4 7275/3/4 7286/3/4
f 7275/2/4 7276/2/4 7287/2/4
f 7286/3/4 7275/3/4 7287/3/4
f 7276/1/4 7277/1/4 7288/1/4
f 7287/2/4 7276/2/4 7288/2/4
f 7277/3/4 7263/3/4 7289/3/4
f 7288/1/4 7277/1/4 7289/1/4
f 7263/2/4 7264/2/4 7290/2/4
f 7289/3/4 7263/3/4 7290/3/4
f 7264/3/4 7253/3/4 7291/3/4
f 7290/2/4 7264/2/4 7291/2/4
f 7253/2/4 7265/2/4 7292/2/4
f 7291/3/4 7253/3/4 7292/3/4
f 7265/2/4 7266/2/4 7292/2/4
f 7292/2/4 7266/2/4 7293/2/4
f 7293/2/4 7266/2/4 7294/2/4
f 7278/3/4 7279/3/4 7295/3/4
f 7279/2/4 7280/2/4 7296/2/4
f 7295/3/4 7279/3/4 7296/3/4
f 7280/3/4 7281/3/4 7297/3/4
f 7296/2/4 7280/2/4 7297/2/4
f 7282/5/4 7283/5/4 7298/5/4
f 7297/3/4 7281/3/4 7298/3/4
f 7281/5/4 7282/5/4 7298/5/4
f 7283/2/4 7284/2/4 7299/2/4
f 7298/5/4 7283/5/4 7299/5/4
f 7284/5/4 7285/5/4 7300/5/4
f 7299/2/4 7284/2/4 7300/2/4
f 7300/5/4 7285/5/4 7301/5/4
f 7286/5/4 7287/5/4 7302/5/4
f 7287/3/4 7288/3/4 7303/3/4
f 7302/5/4 7287/5/4 7303/5/4
f 7288/1/4 7289/1/4 7304/1/4
f 7303/3/4 7288/3/4 7304/3/4
f 7289/5/4 7290/5/4 7305/5/4
f 7304/1/4 7289/1/4 7305/1/4
f 7290/2/4 7291/2/4 7306/2/4
f 7305/5/4 7290/5/4 7306/5/4
f 7291/2/4 7292/2/4 7306/2/4
f 7292/2/4 7293/2/4 7306/2/4
f 7293/3/4 7294/3/4 7307/3/4
f 7306/2/4 7293/2/4 7307/2/4
f 7307/3/4 7294/3/4 7308/3/4
f 7309/2/4 7310/2/4 7322/2/4
f 7310/3/4 7311/3/4 7323/3/4
f 7322/2/4 7310/2/4 7323/2/4
f 7323/3/4 7311/3/4 7324/3/4
f 7311/2/4 7312/2/4 7325/2/4
f 7324/3/4 7311/3/4 7325/3/4
f 7312/3/4 7313/3/4 7326/3/4
f 7325/2/4 7312/2/4 7326/2/4
f 7313/5/4 7314/5/4 7327/5/4
f 7326/3/4 7313/3/4 7327/3/4
f 7314/1/4 7315/1/4 7328/1/4
f 7327/5/4 7314/5/4 7328/5/4
f 7315/4/4 7316/4/4 7329/4/4
f 7328/1/4 7315/1/4 7329/1/4
f 7316/2/4 7317/2/4 7330/2/4
f 7329/4/4 7316/4/4 7330/4/4
f 7330/2/4 7317/2/4 7331/2/4
f 7318/2/4 7319/2/4 7332/2/4
f 7319/5/4 7320/5/4 7333/5/4
f 7332/2/4 7319/2/4 7333/2/4
f 7333/5/4 7320/5/4 7334/5/4
f 7334/5/4 7320/5/4 7335/5/4
f 7320/3/4 7321/3/4 7336/3/4
f 7335/5/4 7320/5/4 7336/5/4
f 7336/3/4 7321/3/4 7337/3/4
f 7337/3/4 7321/3/4 7338/3/4
f 7339/3/4 7340/3/4 7355/3/4
f 7340/3/4 7341/3/4 7355/3/4
f 7341/2/4 7342/2/4 7356/2/4
f 7355/3/4 7341/3/4 7356/3/4
f 7342/5/4 7343/5/4 7357/5/4
f 7356/2/4 7342/2/4 7357/2/4
f 7343/3/4 7344/3/4 7358/3/4
f 7357/5/4 7343/5/4 7358/5/4
f 7344/3/4 7345/3/4 7358/3/4
f 7358/3/4 7345/3/4 7359/3/4
f 7345/1/4 7346/1/4 7360/1/4
f 7359/3/4 7345/3/4 7360/3/4
f 7360/1/4 7346/1/4 7361/1/4
f 7347/4/4 7348/4/4 7362/4/4
f 7348/2/4 7349/2/4 7363/2/4
f 7362/4/4 7348/4/4 7363/4/4
f 7349/3/4 7350/3/4 7364/3/4
f 7363/2/4 7349/2/4 7364/2/4
f 7350/4/4 7351/4/4 7365/4/4
f 7364/3/4 7350/3/4 7365/3/4
f 7352/3/4 7353/3/4 7366/3/4
f 7365/4/4 7351/4/4 7366/4/4
f 7351/3/4 7352/3/4 7366/3/4
f 7366/3/4 7353/3/4 7367/3/4
f 7367/3/4 7353/3/4 7368/3/4
f 7353/2/4 7354/2/4 7369/2/4
f 7368/3/4 7353/3/4 7369/3/4
f 7369/2/4 7354/2/4 7370/2/4
f 7339/3/4 7355/3/4 7371/3/4
f 7355/2/4 7356/2/4 7372/2/4
f 7371/3/4 7355/3/4 7372/3/4
f 7356/5/4 7357/5/4 7373/5/4
f 7372/2/4 7356/2/4 7373/2/4
f 7357/1/4 7358/1/4 7374/1/4
f 7373/5/4 7357/5/4 7374/5/4
f 7358/3/4 7359/3/4 7375/3/4
f 7374/1/4 7358/1/4 7375/1/4
f 7359/5/4 7360/5/4 7376/5/4
f 7375/3/4 7359/3/4 7376/3/4
f 7360/2/4 7361/2/4 7377/2/4
f 7376/5/4 7360/5/4 7377/5/4
f 7377/2/4 7361/2/4 7378/2/4
f 7362/3/4 7363/3/4 7379/3/4
f 7363/1/4 7364/1/4 7380/1/4
f 7379/3/4 7363/3/4 7380/3/4
f 7364/2/4 7365/2/4 7381/2/4
f 7380/1/4 7364/1/4 7381/1/4
f 7365/1/4 7366/1/4 7382/1/4
f 7381/2/4 7365/2/4 7382/2/4
f 7366/1/4 7367/1/4 7382/1/4
f 7367/5/4 7368/5/4 7383/5/4
f 7382/1/4 7367/1/4 7383/1/4
f 7368/3/4 7369/3/4 7384/3/4
f 7383/5/4 7368/5/4 7384/5/4
f 7369/3/4 7370/3/4 7384/3/4
f 7370/2/4 7354/2/4 7385/2/4
f 7384/3/4 7370/3/4 7385/3/4
f 7385/2/4 7354/2/4 7386/2/4
f 7387/2/4 7388/2/4 7403/2/4
f 7388/3/4 7389/3/4 7403/3/4
f 7389/2/4 7390/2/4 7404/2/4
f 7403/3/4 7389/3/4 7404/3/4
f 7390/5/4 7391/5/4 7405/5/4
f 7404/2/4 7390/2/4 7405/2/4
f 7405/5/4 7391/5/4 7406/5/4
f 7391/1/4 7392/1/4 7407/1/4
f 7406/5/4 7391/5/4 7407/5/4
f 7392/2/4 7393/2/4 7408/2/4
f 7407/1/4 7392/1/4 7408/1/4
f 7393/4/4 7394/4/4 7409/4/4
f 7408/2/4 7393/2/4 7409/2/4
f 7394/2/4 7395/2/4 7410/2/4
f 7409/4/4 7394/4/4 7410/4/4
f 7410/2/4 7395/2/4 7411/2/4
f 7396/3/4 7397/3/4 7412/3/4
f 7397/1/4 7398/1/4 7413/1/4
f 7412/3/4 7397/3/4 7413/3/4
f 7398/3/4 7399/3/4 7414/3/4
f 7413/1/4 7398/1/4 7414/1/4
f 7399/5/4 7400/5/4 7415/5/4
f 7414/3/4 7399/3/4 7415/3/4
f 7400/4/4 7401/4/4 7416/4/4
f 7415/5/4 7400/5/4 7416/5/4
f 7401/2/4 7402/2/4 7417/2/4
f 7416/4/4 7401/4/4 7417/4/4
f 7417/2/4 7402/2/4 7418/2/4
f 7418/2/4 7402/2/4 7419/2/4
f 7387/2/4 7403/2/4 7420/2/4
f 7403/2/4 7404/2/4 7420/2/4
f 7404/2/4 7405/2/4 7420/2/4
f 7420/2/4 7405/2/4 7421/2/4
f 7421/2/4 7405/2/4 7422/2/4
f 7405/3/4 7406/3/4 7423/3/4
f 7422/2/4 7405/2/4 7423/2/4
f 7406/2/4 7407/2/4 7424/2/4
f 7423/3/4 7406/3/4 7424/3/4
f 7407/5/4 7408/5/4 7425/5/4
f 7424/2/4 7407/2/4 7425/2/4
f 7408/2/4 7409/2/4 7426/2/4
f 7425/5/4 7408/5/4 7426/5/4
f 7409/2/4 7410/2/4 7426/2/4
f 7426/2/4 7410/2/4 7427/2/4
f 7410/1/4 7411/1/4 7428/1/4
f 7427/2/4 7410/2/4 7428/2/4
f 7428/1/4 7411/1/4 7429/1/4
f 7412/4/4 7413/4/4 7430/4/4
f 7413/2/4 7414/2/4 7431/2/4
f 7430/4/4 7413/4/4 7431/4/4
f 7414/3/4 7415/3/4 7432/3/4
f 7431/2/4 7414/2/4 7432/2/4
f 7415/1/4 7416/1/4 7433/1/4
f 7432/3/4 7415/3/4 7433/3/4
f 7416/3/4 7417/3/4 7434/3/4
f 7433/1/4 7416/1/4 7434/1/4
f 7434/3/4 7417/3/4 7435/3/4
f 7417/2/4 7418/2/4 7436/2/4
f 7435/3/4 7417/3/4 7436/3/4
f 7418/3/4 7419/3/4 7437/3/4
f 7436/2/4 7418/2/4 7437/2/4
f 7419/2/4 7402/2/4 7438/2/4
f 7437/3/4 7419/3/4 7438/3/4
f 7438/2/4 7402/2/4 7439/2/4
f 7440/3/4 7441/3/4 7458/3/4
f 7441/2/4 7442/2/4 7459/2/4
f 7458/3/4 7441/3/4 7459/3/4
f 7442/2/4 7443/2/4 7459/2/4
f 7443/5/4 7444/5/4 7460/5/4
f 7459/2/4 7443/2/4 7460/2/4
f 7444/5/4 7445/5/4 7460/5/4
f 7445/4/4 7446/4/4 7461/4/4
f 7460/5/4 7445/5/4 7461/5/4
f 7446/4/4 7447/4/4 7461/4/4
f 7461/4/4 7447/4/4 7462/4/4
f 7448/4/4 7449/4/4 7463/4/4
f 7449/1/4 7450/1/4 7464/1/4
f 7463/4/4 7449/4/4 7464/4/4
f 7450/4/4 7451/4/4 7465/4/4
f 7464/1/4 7450/1/4 7465/1/4
f 7451/1/4 7452/1/4 7466/1/4
f 7465/4/4 7451/4/4 7466/4/4
f 7453/2/4 7454/2/4 7467/2/4
f 7466/1/4 7452/1/4 7467/1/4
f 7452/2/4 7453/2/4 7467/2/4
f 7456/3/4 7457/3/4 7468/3/4
f 7467/2/4 7454/2/4 7468/2/4
f 7455/3/4 7456/3/4 7468/3/4
f 7454/3/4 7455/3/4 7468/3/4
f 7468/3/4 7457/3/4 7469/3/4
f 7470/3/4 7471/3/4 7474/3/4
f 7474/3/4 7471/3/4 7475/3/4
f 7472/2/4 7473/2/4 7476/2/4
f 7476/2/4 7473/2/4 7477/2/4
f 7478/3/4 7479/3/4 7482/3/4
f 7482/3/4 7479/3/4 7483/3/4
f 7480/3/4 7481/3/4 7484/3/4
f 7484/3/4 7481/3/4 7485/3/4
f 7486/3/4 7487/3/4 7501/3/4
f 7487/2/4 7488/2/4 7502/2/4
f 7501/3/4 7487/3/4 7502/3/4
f 7488/3/4 7489/3/4 7503/3/4
f 7502/2/4 7488/2/4 7503/2/4
f 7503/3/4 7489/3/4 7504/3/4
f 7489/4/4 7490/4/4 7505/4/4
f 7504/3/4 7489/3/4 7505/3/4
f 7490/5/4 7491/5/4 7506/5/4
f 7505/4/4 7490/4/4 7506/4/4
f 7491/4/4 7492/4/4 7507/4/4
f 7506/5/4 7491/5/4 7507/5/4
f 7492/5/4 7493/5/4 7508/5/4
f 7507/4/4 7492/4/4 7508/4/4
f 7508/5/4 7493/5/4 7509/5/4
f 7494/4/4 7495/4/4 7510/4/4
f 7495/5/4 7496/5/4 7511/5/4
f 7510/4/4 7495/4/4 7511/4/4
f 7496/1/4 7497/1/4 7512/1/4
f 7511/5/4 7496/5/4 7512/5/4
f 7512/1/4 7497/1/4 7513/1/4
f 7497/3/4 7498/3/4 7514/3/4
f 7513/1/4 7497/1/4 7514/1/4
f 7498/2/4 7499/2/4 7515/2/4
f 7514/3/4 7498/3/4 7515/3/4
f 7499/3/4 7500/3/4 7516/3/4
f 7515/2/4 7499/2/4 7516/2/4
f 7516/3/4 7500/3/4 7517/3/4
f 7517/3/4 7500/3/4 7518/3/4
f 7518/3/4 7500/3/4 7519/3/4
f 7520/3/4 7521/3/4 7539/3/4
f 7521/4/4 7522/4/4 7540/4/4
f 7539/3/4 7521/3/4 7540/3/4
f 7522/3/4 7523/3/4 7541/3/4
f 7540/4/4 7522/4/4 7541/4/4
f 7523/3/4 7524/3/4 7541/3/4
f 7524/3/4 7525/3/4 7541/3/4
f 7525/5/4 7526/5/4 7542/5/4
f 7541/3/4 7525/3/4 7542/3/4
f 7526/1/4 7527/1/4 7543/1/4
f 7542/5/4 7526/5/4 7543/5/4
f 7527/4/4 7528/4/4 7544/4/4
f 7543/1/4 7527/1/4 7544/1/4
f 7544/4/4 7528/4/4 7545/4/4
f 7529/1/4 7530/1/4 7546/1/4
f 7530/4/4 7531/4/4 7547/4/4
f 7546/1/4 7530/1/4 7547/1/4
f 7531/1/4 7532/1/4 7548/1/4
f 7547/4/4 7531/4/4 7548/4/4
f 7532/2/4 7533/2/4 7549/2/4
f 7548/1/4 7532/1/4 7549/1/4
f 7533/3/4 7534/3/4 7550/3/4
f 7549/2/4 7533/2/4 7550/2/4
f 7535/2/4 7536/2/4 7551/2/4
f 7550/3/4 7534/3/4 7551/3/4
f 7534/2/4 7535/2/4 7551/2/4
f 7536/5/4 7537/5/4 7552/5/4
f 7551/2/4 7536/2/4 7552/2/4
f 7537/2/4 7538/2/4 7553/2/4
f 7552/5/4 7537/5/4 7553/5/4
f 7553/2/4 7538/2/4 7554/2/4
f 7555/2/4 7556/2/4 7559/2/4
f 7559/2/4 7556/2/4 7560/2/4
f 7557/2/4 7558/2/4 7561/2/4
f 7561/2/4 7558/2/4 7562/2/4
f 7563/2/4 7564/2/4 7567/2/4
f 7567/2/4 7564/2/4 7568/2/4
f 7565/2/4 7566/2/4 7569/2/4
f 7569/2/4 7566/2/4 7570/2/4
f 7571/3/4 7572/3/4 7586/3/4
f 7572/1/4 7573/1/4 7587/1/4
f 7586/3/4 7572/3/4 7587/3/4
f 7573/2/4 7574/2/4 7588/2/4
f 7587/1/4 7573/1/4 7588/1/4
f 7588/2/4 7574/2/4 7589/2/4
f 7574/3/4 7575/3/4 7590/3/4
f 7589/2/4 7574/2/4 7590/2/4
f 7575/2/4 7576/2/4 7591/2/4
f 7590/3/4 7575/3/4 7591/3/4
f 7576/4/4 7577/4/4 7592/4/4
f 7591/2/4 7576/2/4 7592/2/4
f 7592/4/4 7577/4/4 7593/4/4
f 7593/4/4 7577/4/4 7594/4/4
f 7578/1/4 7579/1/4 7595/1/4
f 7595/1/4 7579/1/4 7596/1/4
f 7579/4/4 7580/4/4 7597/4/4
f 7596/1/4 7579/1/4 7597/1/4
f 7580/3/4 7581/3/4 7598/3/4
f 7597/4/4 7580/4/4 7598/4/4
f 7581/2/4 7582/2/4 7599/2/4
f 7598/3/4 7581/3/4 7599/3/4
f 7582/3/4 7583/3/4 7600/3/4
f 7599/2/4 7582/2/4 7600/2/4
f 7583/1/4 7584/1/4 7601/1/4
f 7600/3/4 7583/3/4 7601/3/4
f 7584/3/4 7585/3/4 7602/3/4
f 7601/1/4 7584/1/4 7602/1/4
f 7602/3/4 7585/3/4 7603/3/4
f 7604/3/4 7605/3/4 7608/3/4
f 7608/3/4 7605/3/4 7609/3/4
f 7606/2/4 7607/2/4 7610/2/4
f 7610/2/4 7607/2/4 7611/2/4
f 7612/2/4 7613/2/4 7616/2/4
f 7616/2/4 7613/2/4 7617/2/4
f 7614/2/4 7615/2/4 7618/2/4
f 7618/2/4 7615/2/4 7619/2/4
f 7620/5/4 7621/5/4 7624/5/4
f 7624/5/4 7621/5/4 7625/5/4
f 7622/4/4 7623/4/4 7626/4/4
f 7626/4/4 7623/4/4 7627/4/4
f 7628/1/4 7629/1/4 7632/1/4
f 7632/1/4 7629/1/4 7633/1/4
f 7630/1/4 7631/1/4 7634/1/4
f 7634/1/4 7631/1/4 7635/1/4
f 7636/3/4 7637/3/4 7656/3/4
f 7637/3/4 7638/3/4 7656/3/4
f 7638/2/4 7639/2/4 7657/2/4
f 7656/3/4 7638/3/4 7657/3/4
f 7639/5/4 7640/5/4 7658/5/4
f 7657/2/4 7639/2/4 7658/2/4
f 7640/3/4 7641/3/4 7659/3/4
f 7658/5/4 7640/5/4 7659/5/4
f 7641/3/4 7642/3/4 7659/3/4
f 7642/3/4 7643/3/4 7659/3/4
f 7643/4/4 7644/4/4 7660/4/4
f 7659/3/4 7643/3/4 7660/3/4
f 7644/3/4 7645/3/4 7661/3/4
f 7660/4/4 7644/4/4 7661/4/4
f 7661/3/4 7645/3/4 7662/3/4
f 7646/2/4 7647/2/4 7663/2/4
f 7647/1/4 7648/1/4 7664/1/4
f 7663/2/4 7647/2/4 7664/2/4
f 7648/3/4 7649/3/4 7665/3/4
f 7664/1/4 7648/1/4 7665/1/4
f 7649/2/4 7650/2/4 7666/2/4
f 7665/3/4 7649/3/4 7666/3/4
f 7650/3/4 7651/3/4 7667/3/4
f 7666/2/4 7650/2/4 7667/2/4
f 7651/4/4 7652/4/4 7668/4/4
f 7667/3/4 7651/3/4 7668/3/4
f 7652/2/4 7653/2/4 7669/2/4
f 7668/4/4 7652/4/4 7669/4/4
f 7653/3/4 7654/3/4 7670/3/4
f 7669/2/4 7653/2/4 7670/2/4
f 7654/2/4 7655/2/4 7671/2/4
f 7670/3/4 7654/3/4 7671/3/4
f 7671/2/4 7655/2/4 7672/2/4
f 7673/4/4 7674/4/4 7677/4/4
f 7677/4/4 7674/4/4 7678/4/4
f 7675/5/4 7676/5/4 7679/5/4
f 7679/5/4 7676/5/4 7680/5/4
f 7681/5/4 7682/5/4 7685/5/4
f 7685/5/4 7682/5/4 7686/5/4
f 7683/5/4 7684/5/4 7687/5/4
f 7687/5/4 7684/5/4 7688/5/4
f 7689/3/4 7690/3/4 7706/3/4
f 7706/3/4 7690/3/4 7707/3/4
f 7707/3/4 7690/3/4 7708/3/4
f 7690/5/4 7691/5/4 7709/5/4
f 7708/3/4 7690/3/4 7709/3/4
f 7691/2/4 7692/2/4 7710/2/4
f 7709/5/4 7691/5/4 7710/5/4
f 7692/3/4 7693/3/4 7711/3/4
f 7710/2/4 7692/2/4 7711/2/4
f 7693/2/4 7694/2/4 7712/2/4
f 7711/3/4 7693/3/4 7712/3/4
f 7694/1/4 7695/1/4 7713/1/4
f 7712/2/4 7694/2/4 7713/2/4
f 7695/2/4 7696/2/4 7714/2/4
f 7713/1/4 7695/1/4 7714/1/4
f 7714/2/4 7696/2/4 7715/2/4
f 7697/3/4 7698/3/4 7716/3/4
f 7698/5/4 7699/5/4 7717/5/4
f 7716/3/4 7698/3/4 7717/3/4
f 7699/2/4 7700/2/4 7718/2/4
f 7717/5/4 7699/5/4 7718/5/4
f 7718/2/4 7700/2/4 7719/2/4
f 7700/3/4 7701/3/4 7720/3/4
f 7719/2/4 7700/2/4 7720/2/4
f 7701/5/4 7702/5/4 7721/5/4
f 7720/3/4 7701/3/4 7721/3/4
f 7702/2/4 7703/2/4 7722/2/4
f 7721/5/4 7702/5/4 7722/5/4
f 7703/3/4 7704/3/4 7723/3/4
f 7722/2/4 7703/2/4 7723/2/4
f 7704/2/4 7705/2/4 7724/2/4
f 7723/3/4 7704/3/4 7724/3/4
f 7724/2/4 7705/2/4 7725/2/4
f 7726/2/4 7727/2/4 7732/2/4
f 7727/2/4 7728/2/4 7732/2/4
f 7732/2/4 7728/2/4 7733/2/4
f 7733/2/4 7728/2/4 7734/2/4
f 7734/2/4 7728/2/4 7735/2/4
f 7729/2/4 7730/2/4 7736/2/4
f 7730/3/4 7731/3/4 7737/3/4
f 7736/2/4 7730/2/4 7737/2/4
f 7737/3/4 7731/3/4 7738/3/4
f 7732/4/4 7733/4/4 7739/4/4
f 7733/5/4 7734/5/4 7740/5/4
f 7739/4/4 7733/4/4 7740/4/4
f 7734/4/4 7735/4/4 7741/4/4
f 7740/5/4 7734/5/4 7741/5/4
f 7736/4/4 7737/4/4 7742/4/4
f 7737/5/4 7738/5/4 7743/5/4
f 7742/4/4 7737/4/4 7743/4/4
f 7743/5/4 7738/5/4 7744/5/4
f 7744/5/4 7738/5/4 7745/5/4
f 7739/5/4 7740/5/4 7746/5/4
f 7740/1/4 7741/1/4 7747/1/4
f 7746/5/4 7740/5/4 7747/5/4
f 7741/4/4 7735/4/4 7748/4/4
f 7747/1/4 7741/1/4 7748/1/4
f 7748/4/4 7735/4/4 7749/4/4
f 7742/1/4 7743/1/4 7750/1/4
f 7743/5/4 7744/5/4 7751/5/4
f 7750/1/4 7743/1/4 7751/1/4
f 7744/1/4 7745/1/4 7752/1/4
f 7751/5/4 7744/5/4 7752/5/4
f 7752/1/4 7745/1/4 7753/1/4
f 7746/2/4 7747/2/4 7754/2/4
f 7747/2/4 7748/2/4 7754/2/4
f 7754/2/4 7748/2/4 7755/2/4
f 7748/1/4 7749/1/4 7756/1/4
f 7755/2/4 7748/2/4 7756/2/4
f 7756/1/4 7749/1/4 7757/1/4
f 7750/4/4 7751/4/4 7758/4/4
f 7752/3/4 7753/3/4 7759/3/4
f 7758/4/4 7751/4/4 7759/4/4
f 7751/3/4 7752/3/4 7759/3/4
f 7759/3/4 7753/3/4 7760/3/4
f 7760/3/4 7753/3/4 7761/3/4
f 7762/4/4 7763/4/4 7766/4/4
f 7766/4/4 7763/4/4 7767/4/4
f 7764/4/4 7765/4/4 7768/4/4
f 7768/4/4 7765/4/4 7769/4/4
f 7770/4/4 7771/4/4 7774/4/4
f 7774/4/4 7771/4/4 7775/4/4
f 7772/5/4 7773/5/4 7776/5/4
f 7776/5/4 7773/5/4 7777/5/4
f 7778/2/4 7779/2/4 7786/2/4
f 7779/3/4 7780/3/4 7787/3/4
f 7786/2/4 7779/2/4 7787/2/4
f 7780/1/4 7781/1/4 7788/1/4
f 7787/3/4 7780/3/4 7788/3/4
f 7788/1/4 7781/1/4 7789/1/4
f 7782/5/4 7783/5/4 7790/5/4
f 7783/2/4 7784/2/4 7790/2/4
f 7784/3/4 7785/3/4 7791/3/4
f 7790/2/4 7784/2/4 7791/2/4
f 7791/3/4 7785/3/4 7792/3/4
f 7786/1/4 7787/1/4 7793/1/4
f 7787/1/4 7788/1/4 7793/1/4
f 7793/1/4 7788/1/4 7794/1/4
f 7788/4/4 7789/4/4 7795/4/4
f 7794/1/4 7788/1/4 7795/1/4
f 7782/5/4 7790/5/4 7796/5/4
f 7791/1/4 7792/1/4 7797/1/4
f 7796/5/4 7790/5/4 7797/5/4
f 7790/1/4 7791/1/4 7797/1/4
f 7793/4/4 7794/4/4 7798/4/4
f 7794/5/4 7795/5/4 7799/5/4
f 7798/4/4 7794/4/4 7799/4/4
f 7795/4/4 7789/4/4 7800/4/4
f 7799/5/4 7795/5/4 7800/5/4
f 7800/4/4 7789/4/4 7801/4/4
f 7796/4/4 7797/4/4 7802/4/4
f 7797/1/4 7792/1/4 7803/1/4
f 7802/4/4 7797/4/4 7803/4/4
f 7803/1/4 7792/1/4 7804/1/4
f 7804/1/4 7792/1/4 7805/1/4
f 7798/3/4 7799/3/4 7806/3/4
f 7799/3/4 7800/3/4 7806/3/4
f 7806/3/4 7800/3/4 7807/3/4
f 7800/2/4 7801/2/4 7808/2/4
f 7807/3/4 7800/3/4 7808/3/4
f 7808/2/4 7801/2/4 7809/2/4
f 7802/3/4 7803/3/4 7810/3/4
f 7803/2/4 7804/2/4 7811/2/4
f 7810/3/4 7803/3/4 7811/3/4
f 7804/3/4 7805/3/4 7812/3/4
f 7811/2/4 7804/2/4 7812/2/4
f 7812/3/4 7805/3/4 7813/3/4
f 7814/3/4 7815/3/4 7822/3/4
f 7815/2/4 7816/2/4 7823/2/4
f 7822/3/4 7815/3/4 7823/3/4
f 7816/1/4 7817/1/4 7824/1/4
f 7823/2/4 7816/2/4 7824/2/4
f 7824/1/4 7817/1/4 7825/1/4
f 7818/1/4 7819/1/4 7826/1/4
f 7819/2/4 7820/2/4 7827/2/4
f 7826/1/4 7819/1/4 7827/1/4
f 7820/3/4 7821/3/4 7828/3/4
f 7827/2/4 7820/2/4 7828/2/4
f 7822/2/4 7823/2/4 7829/2/4
f 7823/2/4 7824/2/4 7829/2/4
f 7824/3/4 7825/3/4 7830/3/4
f 7829/2/4 7824/2/4 7830/2/4
f 7830/3/4 7825/3/4 7831/3/4
f 7826/3/4 7827/3/4 7832/3/4
f 7827/3/4 7828/3/4 7832/3/4
f 7828/3/4 7821/3/4 7833/3/4
f 7832/3/4 7828/3/4 7833/3/4
f 7834/5/4 7835/5/4 7842/5/4
f 7835/4/4 7836/4/4 7843/4/4
f 7842/5/4 7835/5/4 7843/5/4
f 7836/2/4 7837/2/4 7844/2/4
f 7843/4/4 7836/4/4 7844/4/4
f 7844/2/4 7837/2/4 7845/2/4
f 7838/3/4 7839/3/4 7846/3/4
f 7839/5/4 7840/5/4 7847/5/4
f 7846/3/4 7839/3/4 7847/3/4
f 7840/4/4 7841/4/4 7848/4/4
f 7847/5/4 7840/5/4 7848/5/4
f 7848/4/4 7841/4/4 7849/4/4
f 7842/2/4 7843/2/4 7850/2/4
f 7843/2/4 7844/2/4 7850/2/4
f 7844/4/4 7845/4/4 7851/4/4
f 7850/2/4 7844/2/4 7851/2/4
f 7851/4/4 7845/4/4 7852/4/4
f 7846/1/4 7847/1/4 7853/1/4
f 7847/3/4 7848/3/4 7854/3/4
f 7853/1/4 7847/1/4 7854/1/4
f 7848/2/4 7849/2/4 7855/2/4
f 7854/3/4 7848/3/4 7855/3/4
f 7855/2/4 7849/2/4 7856/2/4
f 7857/3/4 7858/3/4 7861/3/4
f 7861/3/4 7858/3/4 7862/3/4
f 7859/3/4 7860/3/4 7863/3/4
f 7863/3/4 7860/3/4 7864/3/4
f 7865/2/4 7866/2/4 7869/2/4
f 7869/2/4 7866/2/4 7870/2/4
f 7867/3/4 7868/3/4 7871/3/4
f 7871/3/4 7868/3/4 7872/3/4
f 7873/2/4 7874/2/4 7880/2/4
f 7874/3/4 7875/3/4 7881/3/4
f 7880/2/4 7874/2/4 7881/2/4
f 7875/1/4 7876/1/4 7882/1/4
f 7881/3/4 7875/3/4 7882/3/4
f 7882/1/4 7876/1/4 7883/1/4
f 7877/1/4 7878/1/4 7884/1/4
f 7878/2/4 7879/2/4 7885/2/4
f 7884/1/4 7878/1/4 7885/1/4
f 7885/2/4 7879/2/4 7886/2/4
f 7886/2/4 7879/2/4 7887/2/4
f 7880/5/4 7881/5/4 7888/5/4
f 7881/1/4 7882/1/4 7889/1/4
f 7888/5/4 7881/5/4 7889/5/4
f 7882/2/4 7883/2/4 7890/2/4
f 7889/1/4 7882/1/4 7890/1/4
f 7890/2/4 7883/2/4 7891/2/4
f 7884/2/4 7885/2/4 7892/2/4
f 7885/4/4 7886/4/4 7893/4/4
f 7892/2/4 7885/2/4 7893/2/4
f 7886/1/4 7887/1/4 7894/1/4
f 7893/4/4 7886/4/4 7894/4/4
f 7894/1/4 7887/1/4 7895/1/4
f 7896/2/4 7897/2/4 7902/2/4
f 7897/3/4 7898/3/4 7903/3/4
f 7902/2/4 7897/2/4 7903/2/4
f 7898/2/4 7899/2/4 7904/2/4
f 7903/3/4 7898/3/4 7904/3/4
f 7904/2/4 7899/2/4 7905/2/4
f 7900/2/4 7901/2/4 7906/2/4
f 7906/2/4 7901/2/4 7907/2/4
f 7907/2/4 7901/2/4 7908/2/4
f 7902/3/4 7903/3/4 7909/3/4
f 7903/3/4 7904/3/4 7909/3/4
f 7904/5/4 7905/5/4 7910/5/4
f 7909/3/4 7904/3/4 7910/3/4
f 7910/5/4 7905/5/4 7911/5/4
f 7906/1/4 7907/1/4 7912/1/4
f 7907/3/4 7908/3/4 7913/3/4
f 7912/1/4 7907/1/4 7913/1/4
f 7908/2/4 7901/2/4 7914/2/4
f 7913/3/4 7908/3/4 7914/3/4
f 7914/2/4 7901/2/4 7915/2/4
f 7916/2/4 7917/2/4 7920/2/4
f 7920/2/4 7917/2/4 7921/2/4
f 7918/3/4 7919/3/4 7922/3/4
f 7922/3/4 7919/3/4 7923/3/4
f 7924/3/4 7925/3/4 7928/3/4
f 7928/3/4 7925/3/4 7929/3/4
f 7926/3/4 7927/3/4 7930/3/4
f 7930/3/4 7927/3/4 7931/3/4
f 7932/3/4 7933/3/4 7939/3/4
f 7939/3/4 7933/3/4 7940/3/4
f 7933/4/4 7934/4/4 7941/4/4
f 7940/3/4 7933/3/4 7941/3/4
f 7941/4/4 7934/4/4 7942/4/4
f 7935/4/4 7936/4/4 7973/4/4
f 7936/3/4 7937/3/4 7974/3/4
f 7973/4/4 7936/4/4 7974/4/4
f 7937/2/4 7938/2/4 7975/2/4
f 7974/3/4 7937/3/4 7975/3/4
f 7975/2/4 7938/2/4 7976/2/4
f 7940/1/4 7941/1/4 7977/1/4
f 7941/3/4 7942/3/4 7978/3/4
f 7977/1/4 7941/1/4 7978/1/4
f 7942/2/4 7943/2/4 7979/2/4
f 7978/3/4 7942/3/4 7979/3/4
f 7943/1/4 7944/1/4 7980/1/4
f 7979/2/4 7943/2/4 7980/2/4
f 7944/5/4 7945/5/4 7981/5/4
f 7980/1/4 7944/1/4 7981/1/4
f 7945/4/4 7946/4/4 7982/4/4
f 7981/5/4 7945/5/4 7982/5/4
f 7946/2/4 7947/2/4 7983/2/4
f 7982/4/4 7946/4/4 7983/4/4
f 7947/1/4 7948/1/4 7984/1/4
f 7983/2/4 7947/2/4 7984/2/4
f 7948/5/4 7949/5/4 7985/5/4
f 7984/1/4 7948/1/4 7985/1/4
f 7985/5/4 7949/5/4 7986/5/4
f 7950/4/4 7951/4/4 7987/4/4
f 7951/5/4 7952/5/4 7988/5/4
f 7987/4/4 7951/4/4 7988/4/4
f 7952/4/4 7953/4/4 7989/4/4
f 7988/5/4 7952/5/4 7989/5/4
f 7953/3/4 7954/3/4 7990/3/4
f 7989/4/4 7953/4/4 7990/4/4
f 7954/1/4 7955/1/4 7991/1/4
f 7990/3/4 7954/3/4 7991/3/4
f 7955/4/4 7956/4/4 7992/4/4
f 7991/1/4 7955/1/4 7992/1/4
f 7956/5/4 7957/5/4 7993/5/4
f 7992/4/4 7956/4/4 7993/4/4
f 7957/1/4 7958/1/4 7994/1/4
f 7993/5/4 7957/5/4 7994/5/4
f 7958/5/4 7959/5/4 7995/5/4
f 7994/1/4 7958/1/4 7995/1/4
f 7959/1/4 7960/1/4 7996/1/4
f 7995/5/4 7959/5/4 7996/5/4
f 7960/2/4 7961/2/4 7997/2/4
f 7996/1/4 7960/1/4 7997/1/4
f 7961/1/4 7962/1/4 7998/1/4
f 7997/2/4 7961/2/4 7998/2/4
f 7962/5/4 7963/5/4 7999/5/4
f 7998/1/4 7962/1/4 7999/1/4
f 7963/4/4 7964/4/4 8000/4/4
f 7999/5/4 7963/5/4 8000/5/4
f 7964/5/4 7965/5/4 8001/5/4
f 8000/4/4 7964/4/4 8001/4/4
f 8001/5/4 7965/5/4 8002/5/4
f 7966/5/4 7967/5/4 8003/5/4
f 7967/4/4 7968/4/4 8004/4/4
f 8003/5/4 7967/5/4 8004/5/4
f 7968/3/4 7969/3/4 8005/3/4
f 8004/4/4 7968/4/4 8005/4/4
f 7969/4/4 7970/4/4 8006/4/4
f 8005/3/4 7969/3/4 8006/3/4
f 7970/5/4 7971/5/4 8007/5/4
f 8006/4/4 7970/4/4 8007/4/4
f 7971/1/4 7972/1/4 8008/1/4
f 8007/5/4 7971/5/4 8008/5/4
f 7972/2/4 7973/2/4 8009/2/4
f 8008/1/4 7972/1/4 8009/1/4
f 7973/3/4 7974/3/4 8010/3/4
f 8009/2/4 7973/2/4 8010/2/4
f 7974/4/4 7975/4/4 8011/4/4
f 8010/3/4 7974/3/4 8011/3/4
f 8011/4/4 7975/4/4 8012/4/4
f 7984/5/4 7985/5/4 8013/5/4
f 8013/5/4 7985/5/4 8014/5/4
f 8004/5/4 8005/5/4 8015/5/4
f 8015/5/4 8005/5/4 8016/5/4
f 8017/4/4 8018/4/4 8028/4/4
f 8028/4/4 8018/4/4 8029/4/4
f 8019/5/4 8020/5/4 8047/5/4
f 8047/5/4 8020/5/4 8048/5/4
f 8021/1/4 8022/1/4 8056/1/4
f 8022/2/4 8023/2/4 8057/2/4
f 8056/1/4 8022/1/4 8057/1/4
f 8023/3/4 8024/3/4 8058/3/4
f 8057/2/4 8023/2/4 8058/2/4
f 8024/5/4 8025/5/4 8059/5/4
f 8058/3/4 8024/3/4 8059/3/4
f 8025/4/4 8026/4/4 8060/4/4
f 8059/5/4 8025/5/4 8060/5/4
f 8026/5/4 8027/5/4 8061/5/4
f 8060/4/4 8026/4/4 8061/4/4
f 8027/3/4 8028/3/4 8062/3/4
f 8061/5/4 8027/5/4 8062/5/4
f 8028/4/4 8029/4/4 8063/4/4
f 8062/3/4 8028/3/4 8063/3/4
f 8029/4/4 8030/4/4 8063/4/4
f 8063/4/4 8030/4/4 8064/4/4
f 8031/1/4 8032/1/4 8065/1/4
f 8032/5/4 8033/5/4 8066/5/4
f 8065/1/4 8032/1/4 8066/1/4
f 8033/4/4 8034/4/4 8067/4/4
f 8066/5/4 8033/5/4 8067/5/4
f 8034/5/4 8035/5/4 8068/5/4
f 8067/4/4 8034/4/4 8068/4/4
f 8035/2/4 8036/2/4 8069/2/4
f 8068/5/4 8035/5/4 8069/5/4
f 8036/4/4 8037/4/4 8070/4/4
f 8069/2/4 8036/2/4 8070/2/4
f 8037/5/4 8038/5/4 8071/5/4
f 8070/4/4 8037/4/4 8071/4/4
f 8038/4/4 8039/4/4 8072/4/4
f 8071/5/4 8038/5/4 8072/5/4
f 8039/1/4 8040/1/4 8073/1/4
f 8072/4/4 8039/4/4 8073/4/4
f 8040/4/4 8041/4/4 8074/4/4
f 8073/1/4 8040/1/4 8074/1/4
f 8041/3/4 8042/3/4 8075/3/4
f 8074/4/4 8041/4/4 8075/4/4
f 8042/1/4 8043/1/4 8076/1/4
f 8075/3/4 8042/3/4 8076/3/4
f 8043/4/4 8044/4/4 8077/4/4
f 8076/1/4 8043/1/4 8077/1/4
f 8044/1/4 8045/1/4 8078/1/4
f 8077/4/4 8044/4/4 8078/4/4
f 8078/1/4 8045/1/4 8079/1/4
f 8047/1/4 8048/1/4 8080/1/4
f 8046/1/4 8047/1/4 8080/1/4
f 8048/2/4 8049/2/4 8081/2/4
f 8080/1/4 8048/1/4 8081/1/4
f 8049/5/4 8050/5/4 8082/5/4
f 8081/2/4 8049/2/4 8082/2/4
f 8050/1/4 8051/1/4 8083/1/4
f 8082/5/4 8050/5/4 8083/5/4
f 8051/5/4 8052/5/4 8084/5/4
f 8083/1/4 8051/1/4 8084/1/4
f 8052/2/4 8053/2/4 8085/2/4
f 8084/5/4 8052/5/4 8085/5/4
f 8085/2/4 8053/2/4 8086/2/4
f 8053/1/4 8054/1/4 8087/1/4
f 8086/2/4 8053/2/4 8087/2/4
f 8087/1/4 8054/1/4 8088/1/4
f 8055/3/4 8056/3/4 8090/3/4
f 8056/2/4 8057/2/4 8091/2/4
f 8090/3/4 8056/3/4 8091/3/4
f 8057/5/4 8058/5/4 8092/5/4
f 8091/2/4 8057/2/4 8092/2/4
f 8092/5/4 8058/5/4 8093/5/4
f 8086/4/4 8087/4/4 8094/4/4
f 8087/2/4 8088/2/4 8095/2/4
f 8094/4/4 8087/4/4 8095/4/4
f 8088/3/4 8089/3/4 8096/3/4
f 8095/2/4 8088/2/4 8096/2/4
f 8096/3/4 8089/3/4 8097/3/4
f 8098/3/4 8099/3/4 8102/3/4
f 8102/3/4 8099/3/4 8103/3/4
f 8100/3/4 8101/3/4 8104/3/4
f 8104/3/4 8101/3/4 8105/3/4
f 8106/3/4 8107/3/4 8110/3/4
f 8110/3/4 8107/3/4 8111/3/4
f 8108/2/4 8109/2/4 8112/2/4
f 8112/2/4 8109/2/4 8113/2/4
f 8114/2/4 8115/2/4 8127/2/4
f 8127/2/4 8115/2/4 8128/2/4
f 8116/2/4 8117/2/4 8143/2/4
f 8143/2/4 8117/2/4 8144/2/4
f 8118/4/4 8119/4/4 8155/4/4
f 8119/1/4 8120/1/4 8156/1/4
f 8155/4/4 8119/4/4 8156/4/4
f 8120/2/4 8121/2/4 8157/2/4
f 8156/1/4 8120/1/4 8157/1/4
f 8121/2/4 8122/2/4 8157/2/4
f 8122/1/4 8123/1/4 8158/1/4
f 8157/2/4 8122/2/4 8158/2/4
f 8123/4/4 8124/4/4 8159/4/4
f 8158/1/4 8123/1/4 8159/1/4
f 8124/1/4 8125/1/4 8160/1/4
f 8159/4/4 8124/4/4 8160/4/4
f 8125/3/4 8126/3/4 8161/3/4
f 8160/1/4 8125/1/4 8161/1/4
f 8126/4/4 8127/4/4 8162/4/4
f 8161/3/4 8126/3/4 8162/3/4
f 8162/4/4 8127/4/4 8163/4/4
f 8163/4/4 8127/4/4 8164/4/4
f 8128/5/4 8129/5/4 8165/5/4
f 8129/1/4 8130/1/4 8166/1/4
f 8165/5/4 8129/5/4 8166/5/4
f 8130/5/4 8131/5/4 8167/5/4
f 8166/1/4 8130/1/4 8167/1/4
f 8131/3/4 8132/3/4 8168/3/4
f 8167/5/4 8131/5/4 8168/5/4
f 8132/4/4 8133/4/4 8169/4/4
f 8168/3/4 8132/3/4 8169/3/4
f 8133/5/4 8134/5/4 8170/5/4
f 8169/4/4 8133/4/4 8170/4/4
f 8134/1/4 8135/1/4 8171/1/4
f 8170/5/4 8134/5/4 8171/5/4
f 8135/4/4 8136/4/4 8172/4/4
f 8171/1/4 8135/1/4 8172/1/4
f 8136/5/4 8137/5/4 8173/5/4
f 8172/4/4 8136/4/4 8173/4/4
f 8137/4/4 8138/4/4 8174/4/4
f 8173/5/4 8137/5/4 8174/5/4
f 8138/1/4 8139/1/4 8175/1/4
f 8174/4/4 8138/4/4 8175/4/4
f 8139/3/4 8140/3/4 8176/3/4
f 8175/1/4 8139/1/4 8176/1/4
f 8140/1/4 8141/1/4 8177/1/4
f 8176/3/4 8140/3/4 8177/3/4
f 8141/5/4 8142/5/4 8178/5/4
f 8177/1/4 8141/1/4 8178/1/4
f 8142/4/4 8143/4/4 8179/4/4
f 8178/5/4 8142/5/4 8179/5/4
f 8179/4/4 8143/4/4 8180/4/4
f 8144/1/4 8145/1/4 8181/1/4
f 8145/4/4 8146/4/4 8182/4/4
f 8181/1/4 8145/1/4 8182/1/4
f 8146/2/4 8147/2/4 8183/2/4
f 8182/4/4 8146/4/4 8183/4/4
f 8147/4/4 8148/4/4 8184/4/4
f 8183/2/4 8147/2/4 8184/2/4
f 8148/5/4 8149/5/4 8185/5/4
f 8184/4/4 8148/4/4 8185/4/4
f 8149/4/4 8150/4/4 8186/4/4
f 8185/5/4 8149/5/4 8186/5/4
f 8150/3/4 8151/3/4 8187/3/4
f 8186/4/4 8150/4/4 8187/4/4
f 8151/2/4 8152/2/4 8188/2/4
f 8187/3/4 8151/3/4 8188/3/4
f 8152/1/4 8153/1/4 8189/1/4
f 8188/2/4 8152/2/4 8189/2/4
f 8153/5/4 8154/5/4 8190/5/4
f 8189/1/4 8153/1/4 8190/1/4
f 8190/5/4 8154/5/4 8191/5/4
f 8163/1/4 8164/1/4 8192/1/4
f 8192/1/4 8164/1/4 8193/1/4
f 8181/1/4 8182/1/4 8194/1/4
f 8194/1/4 8182/1/4 8195/1/4
f 8196/4/4 8197/4/4 8208/4/4
f 8208/4/4 8197/4/4 8209/4/4
f 8198/5/4 8199/5/4 8225/5/4
f 8225/5/4 8199/5/4 8226/5/4
f 8200/1/4 8201/1/4 8234/1/4
f 8201/5/4 8202/5/4 8235/5/4
f 8234/1/4 8201/1/4 8235/1/4
f 8202/3/4 8203/3/4 8236/3/4
f 8235/5/4 8202/5/4 8236/5/4
f 8236/3/4 8203/3/4 8237/3/4
f 8203/4/4 8204/4/4 8238/4/4
f 8237/3/4 8203/3/4 8238/3/4
f 8204/1/4 8205/1/4 8239/1/4
f 8238/4/4 8204/4/4 8239/4/4
f 8205/5/4 8206/5/4 8240/5/4
f 8239/1/4 8205/1/4 8240/1/4
f 8206/2/4 8207/2/4 8241/2/4
f 8240/5/4 8206/5/4 8241/5/4
f 8207/1/4 8208/1/4 8242/1/4
f 8241/2/4 8207/2/4 8242/2/4
f 8208/1/4 8209/1/4 8242/1/4
f 8242/1/4 8209/1/4 8243/1/4
f 8210/1/4 8211/1/4 8244/1/4
f 8211/4/4 8212/4/4 8245/4/4
f 8244/1/4 8211/1/4 8245/1/4
f 8212/2/4 8213/2/4 8246/2/4
f 8245/4/4 8212/4/4 8246/4/4
f 8213/4/4 8214/4/4 8247/4/4
f 8246/2/4 8213/2/4 8247/2/4
f 8214/1/4 8215/1/4 8248/1/4
f 8247/4/4 8214/4/4 8248/4/4
f 8215/5/4 8216/5/4 8249/5/4
f 8248/1/4 8215/1/4 8249/1/4
f 8216/1/4 8217/1/4 8250/1/4
f 8249/5/4 8216/5/4 8250/5/4
f 8217/4/4 8218/4/4 8251/4/4
f 8250/1/4 8217/1/4 8251/1/4
f 8218/1/4 8219/1/4 8252/1/4
f 8251/4/4 8218/4/4 8252/4/4
f 8219/4/4 8220/4/4 8253/4/4
f 8252/1/4 8219/1/4 8253/1/4
f 8220/2/4 8221/2/4 8254/2/4
f 8253/4/4 8220/4/4 8254/4/4
f 8221/4/4 8222/4/4 8255/4/4
f 8254/2/4 8221/2/4 8255/2/4
f 8222/1/4 8223/1/4 8256/1/4
f 8255/4/4 8222/4/4 8256/4/4
f 8223/5/4 8224/5/4 8257/5/4
f 8256/1/4 8223/1/4 8257/1/4
f 8257/5/4 8224/5/4 8258/5/4
f 8225/1/4 8226/1/4 8259/1/4
f 8226/1/4 8227/1/4 8259/1/4
f 8227/2/4 8228/2/4 8260/2/4
f 8259/1/4 8227/1/4 8260/1/4
f 8228/4/4 8229/4/4 8261/4/4
f 8260/2/4 8228/2/4 8261/2/4
f 8229/5/4 8230/5/4 8262/5/4
f 8261/4/4 8229/4/4 8262/4/4
f 8230/3/4 8231/3/4 8263/3/4
f 8262/5/4 8230/5/4 8263/5/4
f 8231/2/4 8232/2/4 8264/2/4
f 8263/3/4 8231/3/4 8264/3/4
f 8232/5/4 8233/5/4 8265/5/4
f 8264/2/4 8232/2/4 8265/2/4
f 8265/5/4 8233/5/4 8266/5/4
f 8243/2/4 8244/2/4 8267/2/4
f 8267/2/4 8244/2/4 8268/2/4
f 8258/3/4 8259/3/4 8269/3/4
f 8269/3/4 8259/3/4 8270/3/4
f 8271/3/4 8272/3/4 8277/3/4
f 8272/2/4 8273/2/4 8278/2/4
f 8277/3/4 8272/3/4 8278/3/4
f 8278/2/4 8273/2/4 8279/2/4
f 8274/2/4 8275/2/4 8284/2/4
f 8275/3/4 8276/3/4 8285/3/4
f 8284/2/4 8275/2/4 8285/2/4
f 8285/3/4 8276/3/4 8286/3/4
f 8280/4/4 8281/4/4 8289/4/4
f 8289/4/4 8281/4/4 8290/4/4
f 8282/4/4 8283/4/4 8291/4/4
f 8291/4/4 8283/4/4 8292/4/4
f 8287/5/4 8288/5/4 8295/5/4
f 8295/5/4 8288/5/4 8296/5/4
f 8293/1/4 8294/1/4 8297/1/4
f 8297/1/4 8294/1/4 8298/1/4
f 8299/1/4 8300/1/4 8303/1/4
f 8303/1/4 8300/1/4 8304/1/4
f 8301/4/4 8302/4/4 8309/4/4
f 8309/4/4 8302/4/4 8310/4/4
f 8305/4/4 8306/4/4 8314/4/4
f 8314/4/4 8306/4/4 8315/4/4
f 8307/5/4 8308/5/4 8316/5/4
f 8316/5/4 8308/5/4 8317/5/4
f 8311/2/4 8312/2/4 8320/2/4
f 8312/3/4 8313/3/4 8321/3/4
f 8320/2/4 8312/2/4 8321/2/4
f 8321/3/4 8313/3/4 8322/3/4
f 8322/3/4 8313/3/4 8323/3/4
f 8318/2/4 8319/2/4 8324/2/4
f 8324/2/4 8319/2/4 8325/2/4
f 8325/2/4 8319/2/4 8326/2/4
f 8327/2/4 8328/2/4 8335/2/4
f 8328/3/4 8329/3/4 8336/3/4
f 8335/2/4 8328/2/4 8336/2/4
f 8329/4/4 8330/4/4 8337/4/4
f 8336/3/4 8329/3/4 8337/3/4
f 8337/4/4 8330/4/4 8338/4/4
f 8331/4/4 8332/4/4 8339/4/4
f 8332/3/4 8333/3/4 8340/3/4
f 8339/4/4 8332/4/4 8340/4/4
f 8333/2/4 8334/2/4 8341/2/4
f 8340/3/4 8333/3/4 8341/3/4
f 8341/2/4 8334/2/4 8342/2/4
f 8343/3/4 8344/3/4 8350/3/4
f 8344/3/4 8345/3/4 8350/3/4
f 8345/1/4 8346/1/4 8351/1/4
f 8350/3/4 8345/3/4 8351/3/4
f 8351/1/4 8346/1/4 8352/1/4
f 8347/4/4 8348/4/4 8353/4/4
f 8348/3/4 8349/3/4 8354/3/4
f 8353/4/4 8348/4/4 8354/4/4
f 8354/3/4 8349/3/4 8355/3/4
f 8356/4/4 8357/4/4 8360/4/4
f 8360/4/4 8357/4/4 8361/4/4
f 8358/1/4 8359/1/4 8362/1/4
f 8362/1/4 8359/1/4 8363/1/4
f 8364/1/4 8365/1/4 8368/1/4
f 8368/1/4 8365/1/4 8369/1/4
f 8366/1/4 8367/1/4 8370/1/4
f 8370/1/4 8367/1/4 8371/1/4
f 8372/2/4 8373/2/4 8378/2/4
f 8373/5/4 8374/5/4 8379/5/4
f 8378/2/4 8373/2/4 8379/2/4
f 8379/5/4 8374/5/4 8380/5/4
f 8375/4/4 8376/4/4 8381/4/4
f 8376/2/4 8377/2/4 8382/2/4
f 8381/4/4 8376/4/4 8382/4/4
f 8382/2/4 8377/2/4 8383/2/4
f 8383/2/4 8377/2/4 8384/2/4
f 8385/2/4 8386/2/4 8392/2/4
f 8386/1/4 8387/1/4 8393/1/4
f 8392/2/4 8386/2/4 8393/2/4
f 8393/1/4 8387/1/4 8394/1/4
f 8388/1/4 8389/1/4 8395/1/4
f 8389/2/4 8390/2/4 8396/2/4
f 8395/1/4 8389/1/4 8396/1/4
f 8390/3/4 8391/3/4 8397/3/4
f 8396/2/4 8390/2/4 8397/2/4
f 8397/3/4 8391/3/4 8398/3/4
f 8399/3/4 8400/3/4 8407/3/4
f 8400/2/4 8401/2/4 8407/2/4
f 8401/5/4 8402/5/4 8408/5/4
f 8407/2/4 8401/2/4 8408/2/4
f 8408/5/4 8402/5/4 8409/5/4
f 8403/1/4 8404/1/4 8410/1/4
f 8404/2/4 8405/2/4 8411/2/4
f 8410/1/4 8404/1/4 8411/1/4
f 8405/3/4 8406/3/4 8412/3/4
f 8411/2/4 8405/2/4 8412/2/4
f 8399/3/4 8407/3/4 8413/3/4
f 8407/3/4 8408/3/4 8413/3/4
f 8408/2/4 8409/2/4 8414/2/4
f 8413/3/4 8408/3/4 8414/3/4
f 8414/2/4 8409/2/4 8415/2/4
f 8410/3/4 8411/3/4 8416/3/4
f 8411/3/4 8412/3/4 8416/3/4
f 8412/3/4 8406/3/4 8417/3/4
f 8416/3/4 8412/3/4 8417/3/4
f 8418/3/4 8419/3/4 8426/3/4
f 8419/3/4 8420/3/4 8426/3/4
f 8426/3/4 8420/3/4 8427/3/4
f 8420/5/4 8421/5/4 8428/5/4
f 8427/3/4 8420/3/4 8428/3/4
f 8428/5/4 8421/5/4 8429/5/4
f 8422/5/4 8423/5/4 8430/5/4
f 8423/3/4 8424/3/4 8431/3/4
f 8430/5/4 8423/5/4 8431/5/4
f 8424/2/4 8425/2/4 8432/2/4
f 8431/3/4 8424/3/4 8432/3/4
f 8432/2/4 8425/2/4 8433/2/4
f 8426/2/4 8427/2/4 8434/2/4
f 8428/3/4 8429/3/4 8435/3/4
f 8434/2/4 8427/2/4 8435/2/4
f 8427/3/4 8428/3/4 8435/3/4
f 8435/3/4 8429/3/4 8436/3/4
f 8430/2/4 8431/2/4 8437/2/4
f 8432/3/4 8433/3/4 8438/3/4
f 8437/2/4 8431/2/4 8438/2/4
f 8431/3/4 8432/3/4 8438/3/4
f 8438/3/4 8433/3/4 8439/3/4
f 8440/2/4 8441/2/4 8444/2/4
f 8444/2/4 8441/2/4 8445/2/4
f 8442/3/4 8443/3/4 8446/3/4
f 8446/3/4 8443/3/4 8447/3/4
f 8448/2/4 8449/2/4 8452/2/4
f 8452/2/4 8449/2/4 8453/2/4
f 8450/2/4 8451/2/4 8454/2/4
f 8454/2/4 8451/2/4 8455/2/4
f 8456/3/4 8457/3/4 8462/3/4
f 8457/2/4 8458/2/4 8463/2/4
f 8462/3/4 8457/3/4 8463/3/4
f 8463/2/4 8458/2/4 8464/2/4
f 8459/2/4 8460/2/4 8465/2/4
f 8465/2/4 8460/2/4 8466/2/4
f 8460/3/4 8461/3/4 8467/3/4
f 8466/2/4 8460/2/4 8467/2/4
f 8467/3/4 8461/3/4 8468/3/4
f 8462/2/4 8463/2/4 8469/2/4
f 8469/2/4 8463/2/4 8470/2/4
f 8463/5/4 8464/5/4 8471/5/4
f 8470/2/4 8463/2/4 8471/2/4
f 8471/5/4 8464/5/4 8472/5/4
f 8465/4/4 8466/4/4 8473/4/4
f 8466/2/4 8467/2/4 8474/2/4
f 8473/4/4 8466/4/4 8474/4/4
f 8467/2/4 8468/2/4 8474/2/4
f 8474/2/4 8468/2/4 8475/2/4
f 8475/2/4 8468/2/4 8476/2/4
f 8477/3/4 8478/3/4 8484/3/4
f 8478/3/4 8479/3/4 8484/3/4
f 8484/3/4 8479/3/4 8485/3/4
f 8480/2/4 8481/2/4 8486/2/4
f 8482/3/4 8483/3/4 8487/3/4
f 8486/2/4 8481/2/4 8487/2/4
f 8481/3/4 8482/3/4 8487/3/4
f 8487/3/4 8483/3/4 8488/3/4
f 8488/3/4 8483/3/4 8489/3/4
f 8477/3/4 8484/3/4 8490/3/4
f 8484/4/4 8485/4/4 8491/4/4
f 8490/3/4 8484/3/4 8491/3/4
f 8491/4/4 8485/4/4 8492/4/4
f 8486/1/4 8487/1/4 8493/1/4
f 8487/3/4 8488/3/4 8494/3/4
f 8493/1/4 8487/1/4 8494/1/4
f 8488/2/4 8489/2/4 8495/2/4
f 8494/3/4 8488/3/4 8495/3/4
f 8495/2/4 8489/2/4 8496/2/4
f 8497/3/4 8498/3/4 8513/3/4
f 8498/4/4 8499/4/4 8514/4/4
f 8513/3/4 8498/3/4 8514/3/4
f 8499/2/4 8500/2/4 8515/2/4
f 8514/4/4 8499/4/4 8515/4/4
f 8500/5/4 8501/5/4 8516/5/4
f 8515/2/4 8500/2/4 8516/2/4
f 8501/3/4 8502/3/4 8517/3/4
f 8516/5/4 8501/5/4 8517/5/4
f 8502/2/4 8503/2/4 8518/2/4
f 8517/3/4 8502/3/4 8518/3/4
f 8503/3/4 8504/3/4 8519/3/4
f 8518/2/4 8503/2/4 8519/2/4
f 8504/4/4 8505/4/4 8520/4/4
f 8519/3/4 8504/3/4 8520/3/4
f 8520/4/4 8505/4/4 8521/4/4
f 8506/1/4 8507/1/4 8522/1/4
f 8507/3/4 8508/3/4 8523/3/4
f 8522/1/4 8507/1/4 8523/1/4
f 8523/3/4 8508/3/4 8524/3/4
f 8524/3/4 8508/3/4 8525/3/4
f 8508/4/4 8509/4/4 8526/4/4
f 8525/3/4 8508/3/4 8526/3/4
f 8509/3/4 8510/3/4 8527/3/4
f 8526/4/4 8509/4/4 8527/4/4
f 8510/1/4 8511/1/4 8528/1/4
f 8527/3/4 8510/3/4 8528/3/4
f 8511/2/4 8512/2/4 8529/2/4
f 8528/1/4 8511/1/4 8529/1/4
f 8529/2/4 8512/2/4 8530/2/4
f 8531/3/4 8532/3/4 8536/3/4
f 8536/3/4 8532/3/4 8537/3/4
f 8532/2/4 8533/2/4 8538/2/4
f 8537/3/4 8532/3/4 8538/3/4
f 8534/3/4 8535/3/4 8539/3/4
f 8539/3/4 8535/3/4 8540/3/4
f 8540/3/4 8535/3/4 8541/3/4
f 8536/1/4 8537/1/4 8542/1/4
f 8537/4/4 8538/4/4 8543/4/4
f 8542/1/4 8537/1/4 8543/1/4
f 8538/2/4 8533/2/4 8544/2/4
f 8543/4/4 8538/4/4 8544/4/4
f 8544/2/4 8533/2/4 8545/2/4
f 8534/3/4 8539/3/4 8546/3/4
f 8539/4/4 8540/4/4 8547/4/4
f 8546/3/4 8539/3/4 8547/3/4
f 8540/1/4 8541/1/4 8548/1/4
f 8547/4/4 8540/4/4 8548/4/4
f 8548/1/4 8541/1/4 8549/1/4
f 8550/2/4 8551/2/4 8554/2/4
f 8554/2/4 8551/2/4 8555/2/4
f 8552/3/4 8553/3/4 8556/3/4
f 8556/3/4 8553/3/4 8557/3/4
f 8558/2/4 8559/2/4 8562/2/4
f 8562/2/4 8559/2/4 8563/2/4
f 8560/2/4 8561/2/4 8564/2/4
f 8564/2/4 8561/2/4 8565/2/4
f 8566/4/4 8567/4/4 8574/4/4
f 8567/1/4 8568/1/4 8575/1/4
f 8574/4/4 8567/4/4 8575/4/4
f 8568/3/4 8569/3/4 8576/3/4
f 8575/1/4 8568/1/4 8576/1/4
f 8576/3/4 8569/3/4 8577/3/4
f 8570/3/4 8571/3/4 8578/3/4
f 8571/5/4 8572/5/4 8579/5/4
f 8578/3/4 8571/3/4 8579/3/4
f 8572/1/4 8573/1/4 8580/1/4
f 8579/5/4 8572/5/4 8580/5/4
f 8580/1/4 8573/1/4 8581/1/4
f 8574/3/4 8575/3/4 8582/3/4
f 8575/3/4 8576/3/4 8582/3/4
f 8576/2/4 8577/2/4 8583/2/4
f 8582/3/4 8576/3/4 8583/3/4
f 8583/2/4 8577/2/4 8584/2/4
f 8578/2/4 8579/2/4 8585/2/4
f 8579/2/4 8580/2/4 8585/2/4
f 8580/3/4 8581/3/4 8586/3/4
f 8585/2/4 8580/2/4 8586/2/4
f 8586/3/4 8581/3/4 8587/3/4
f 8588/2/4 8589/2/4 8608/2/4
f 8589/4/4 8590/4/4 8609/4/4
f 8608/2/4 8589/2/4 8609/2/4
f 8590/3/4 8591/3/4 8610/3/4
f 8609/4/4 8590/4/4 8610/4/4
f 8591/4/4 8592/4/4 8611/4/4
f 8610/3/4 8591/3/4 8611/3/4
f 8592/3/4 8593/3/4 8612/3/4
f 8611/4/4 8592/4/4 8612/4/4
f 8593/2/4 8594/2/4 8613/2/4
f 8612/3/4 8593/3/4 8613/3/4
f 8594/3/4 8595/3/4 8614/3/4
f 8613/2/4 8594/2/4 8614/2/4
f 8595/3/4 8596/3/4 8614/3/4
f 8596/4/4 8597/4/4 8615/4/4
f 8614/3/4 8596/3/4 8615/3/4
f 8615/4/4 8597/4/4 8616/4/4
f 8598/1/4 8599/1/4 8617/1/4
f 8599/3/4 8600/3/4 8618/3/4
f 8617/1/4 8599/1/4 8618/1/4
f 8600/2/4 8601/2/4 8619/2/4
f 8618/3/4 8600/3/4 8619/3/4
f 8601/2/4 8602/2/4 8619/2/4
f 8602/2/4 8603/2/4 8619/2/4
f 8603/5/4 8604/5/4 8620/5/4
f 8619/2/4 8603/2/4 8620/2/4
f 8604/3/4 8605/3/4 8621/3/4
f 8620/5/4 8604/5/4 8621/5/4
f 8605/1/4 8606/1/4 8622/1/4
f 8621/3/4 8605/3/4 8622/3/4
f 8606/3/4 8607/3/4 8623/3/4
f 8622/1/4 8606/1/4 8623/1/4
f 8623/3/4 8607/3/4 8624/3/4
f 8625/5/4 8626/5/4 8629/5/4
f 8629/5/4 8626/5/4 8630/5/4
f 8627/1/4 8628/1/4 8631/1/4
f 8631/1/4 8628/1/4 8632/1/4
f 8633/5/4 8634/5/4 8637/5/4
f 8637/5/4 8634/5/4 8638/5/4
f 8635/5/4 8636/5/4 8639/5/4
f 8639/5/4 8636/5/4 8640/5/4
f 8641/2/4 8642/2/4 8645/2/4
f 8645/2/4 8642/2/4 8646/2/4
f 8643/3/4 8644/3/4 8647/3/4
f 8647/3/4 8644/3/4 8648/3/4
f 8649/3/4 8650/3/4 8653/3/4
f 8653/3/4 8650/3/4 8654/3/4
f 8651/2/4 8652/2/4 8655/2/4
f 8655/2/4 8652/2/4 8656/2/4
f 8657/2/4 8658/2/4 8672/2/4
f 8658/3/4 8659/3/4 8673/3/4
f 8672/2/4 8658/2/4 8673/2/4
f 8659/2/4 8660/2/4 8674/2/4
f 8673/3/4 8659/3/4 8674/3/4
f 8674/2/4 8660/2/4 8675/2/4
f 8675/2/4 8660/2/4 8676/2/4
f 8660/5/4 8661/5/4 8677/5/4
f 8676/2/4 8660/2/4 8677/2/4
f 8661/4/4 8662/4/4 8678/4/4
f 8677/5/4 8661/5/4 8678/5/4
f 8662/1/4 8663/1/4 8679/1/4
f 8678/4/4 8662/4/4 8679/4/4
f 8663/4/4 8664/4/4 8680/4/4
f 8679/1/4 8663/1/4 8680/1/4
f 8680/4/4 8664/4/4 8681/4/4
f 8665/5/4 8666/5/4 8682/5/4
f 8666/4/4 8667/4/4 8683/4/4
f 8682/5/4 8666/5/4 8683/5/4
f 8683/4/4 8667/4/4 8684/4/4
f 8667/5/4 8668/5/4 8685/5/4
f 8684/4/4 8667/4/4 8685/4/4
f 8668/3/4 8669/3/4 8686/3/4
f 8685/5/4 8668/5/4 8686/5/4
f 8686/3/4 8669/3/4 8687/3/4
f 8669/2/4 8670/2/4 8688/2/4
f 8687/3/4 8669/3/4 8688/3/4
f 8670/3/4 8671/3/4 8689/3/4
f 8688/2/4 8670/2/4 8689/2/4
f 8689/3/4 8671/3/4 8690/3/4
f 8691/5/4 8692/5/4 8695/5/4
f 8695/5/4 8692/5/4 8696/5/4
f 8693/1/4 8694/1/4 8697/1/4
f 8697/1/4 8694/1/4 8698/1/4
f 8699/4/4 8700/4/4 8703/4/4
f 8703/4/4 8700/4/4 8704/4/4
f 8701/1/4 8702/1/4 8705/1/4
f 8705/1/4 8702/1/4 8706/1/4
f 8707/2/4 8708/2/4 8725/2/4
f 8708/2/4 8709/2/4 8725/2/4
f 8709/3/4 8710/3/4 8726/3/4
f 8725/2/4 8709/2/4 8726/2/4
f 8710/3/4 8711/3/4 8726/3/4
f 8711/2/4 8712/2/4 8727/2/4
f 8726/3/4 8711/3/4 8727/3/4
f 8712/5/4 8713/5/4 8728/5/4
f 8727/2/4 8712/2/4 8728/2/4
f 8713/1/4 8714/1/4 8729/1/4
f 8728/5/4 8713/5/4 8729/5/4
f 8714/5/4 8715/5/4 8730/5/4
f 8729/1/4 8714/1/4 8730/1/4
f 8715/4/4 8716/4/4 8731/4/4
f 8730/5/4 8715/5/4 8731/5/4
f 8731/4/4 8716/4/4 8732/4/4
f 8717/5/4 8718/5/4 8733/5/4
f 8718/4/4 8719/4/4 8734/4/4
f 8733/5/4 8718/5/4 8734/5/4
f 8719/5/4 8720/5/4 8735/5/4
f 8734/4/4 8719/4/4 8735/4/4
f 8721/3/4 8722/3/4 8736/3/4
f 8735/5/4 8720/5/4 8736/5/4
f 8720/3/4 8721/3/4 8736/3/4
f 8723/3/4 8724/3/4 8736/3/4
f 8722/3/4 8723/3/4 8736/3/4
f 8736/3/4 8724/3/4 8737/3/4
f 8738/5/4 8739/5/4 8754/5/4
f 8739/4/4 8740/4/4 8755/4/4
f 8754/5/4 8739/5/4 8755/5/4
f 8740/5/4 8741/5/4 8756/5/4
f 8755/4/4 8740/4/4 8756/4/4
f 8741/3/4 8742/3/4 8757/3/4
f 8756/5/4 8741/5/4 8757/5/4
f 8742/2/4 8743/2/4 8758/2/4
f 8757/3/4 8742/3/4 8758/3/4
f 8743/3/4 8744/3/4 8759/3/4
f 8758/2/4 8743/2/4 8759/2/4
f 8744/1/4 8745/1/4 8760/1/4
f 8759/3/4 8744/3/4 8760/3/4
f 8745/4/4 8746/4/4 8761/4/4
f 8760/1/4 8745/1/4 8761/1/4
f 8746/1/4 8747/1/4 8762/1/4
f 8761/4/4 8746/4/4 8762/4/4
f 8762/1/4 8747/1/4 8763/1/4
f 8748/1/4 8749/1/4 8764/1/4
f 8749/4/4 8750/4/4 8765/4/4
f 8764/1/4 8749/1/4 8765/1/4
f 8750/2/4 8751/2/4 8766/2/4
f 8765/4/4 8750/4/4 8766/4/4
f 8751/3/4 8752/3/4 8767/3/4
f 8766/2/4 8751/2/4 8767/2/4
f 8752/5/4 8753/5/4 8768/5/4
f 8767/3/4 8752/3/4 8768/3/4
f 8768/5/4 8753/5/4 8769/5/4
f 8769/5/4 8753/5/4 8770/5/4
f 8771/2/4 8772/2/4 8775/2/4
f 8775/2/4 8772/2/4 8776/2/4
f 8773/2/4 8774/2/4 8777/2/4
f 8777/2/4 8774/2/4 8778/2/4
f 8779/2/4 8780/2/4 8783/2/4
f 8783/2/4 8780/2/4 8784/2/4
f 8781/2/4 8782/2/4 8785/2/4
f 8785/2/4 8782/2/4 8786/2/4
f 8787/1/4 8788/1/4 8805/1/4
f 8788/5/4 8789/5/4 8806/5/4
f 8805/1/4 8788/1/4 8806/1/4
f 8789/5/4 8790/5/4 8806/5/4
f 8790/3/4 8791/3/4 8807/3/4
f 8806/5/4 8790/5/4 8807/5/4
f 8791/3/4 8792/3/4 8807/3/4
f 8792/1/4 8793/1/4 8808/1/4
f 8807/3/4 8792/3/4 8808/3/4
f 8793/1/4 8794/1/4 8808/1/4
f 8808/1/4 8794/1/4 8809/1/4
f 8795/4/4 8796/4/4 8810/4/4
f 8796/5/4 8797/5/4 8811/5/4
f 8810/4/4 8796/4/4 8811/4/4
f 8797/5/4 8798/5/4 8811/5/4
f 8798/3/4 8799/3/4 8812/3/4
f 8811/5/4 8798/5/4 8812/5/4
f 8799/2/4 8800/2/4 8813/2/4
f 8812/3/4 8799/3/4 8813/3/4
f 8800/3/4 8801/3/4 8814/3/4
f 8813/2/4 8800/2/4 8814/2/4
f 8802/4/4 8803/4/4 8815/4/4
f 8814/3/4 8801/3/4 8815/3/4
f 8801/4/4 8802/4/4 8815/4/4
f 8803/5/4 8804/5/4 8816/5/4
f 8815/4/4 8803/4/4 8816/4/4
f 8816/5/4 8804/5/4 8817/5/4
f 8818/2/4 8819/2/4 8833/2/4
f 8819/4/4 8820/4/4 8833/4/4
f 8820/3/4 8821/3/4 8834/3/4
f 8833/4/4 8820/4/4 8834/4/4
f 8821/2/4 8822/2/4 8835/2/4
f 8834/3/4 8821/3/4 8835/3/4
f 8822/1/4 8823/1/4 8836/1/4
f 8835/2/4 8822/2/4 8836/2/4
f 8823/5/4 8824/5/4 8837/5/4
f 8836/1/4 8823/1/4 8837/1/4
f 8824/4/4 8825/4/4 8838/4/4
f 8837/5/4 8824/5/4 8838/5/4
f 8838/4/4 8825/4/4 8839/4/4
f 8826/5/4 8827/5/4 8840/5/4
f 8840/5/4 8827/5/4 8841/5/4
f 8827/1/4 8828/1/4 8842/1/4
f 8841/5/4 8827/5/4 8842/5/4
f 8828/3/4 8829/3/4 8843/3/4
f 8842/1/4 8828/1/4 8843/1/4
f 8843/3/4 8829/3/4 8844/3/4
f 8829/2/4 8830/2/4 8845/2/4
f 8844/3/4 8829/3/4 8845/3/4
f 8830/1/4 8831/1/4 8846/1/4
f 8845/2/4 8830/2/4 8846/2/4
f 8831/2/4 8832/2/4 8847/2/4
f 8846/1/4 8831/1/4 8847/1/4
f 8847/2/4 8832/2/4 8848/2/4
f 8818/2/4 8833/2/4 8849/2/4
f 8833/2/4 8834/2/4 8849/2/4
f 8849/2/4 8834/2/4 8850/2/4
f 8850/2/4 8834/2/4 8851/2/4
f 8834/3/4 8835/3/4 8852/3/4
f 8851/2/4 8834/2/4 8852/2/4
f 8835/1/4 8836/1/4 8853/1/4
f 8852/3/4 8835/3/4 8853/3/4
f 8836/3/4 8837/3/4 8854/3/4
f 8853/1/4 8836/1/4 8854/1/4
f 8837/2/4 8838/2/4 8855/2/4
f 8854/3/4 8837/3/4 8855/3/4
f 8838/1/4 8839/1/4 8856/1/4
f 8855/2/4 8838/2/4 8856/2/4
f 8856/1/4 8839/1/4 8857/1/4
f 8840/4/4 8841/4/4 8858/4/4
f 8841/2/4 8842/2/4 8859/2/4
f 8858/4/4 8841/4/4 8859/4/4
f 8842/2/4 8843/2/4 8859/2/4
f 8859/2/4 8843/2/4 8860/2/4
f 8843/1/4 8844/1/4 8861/1/4
f 8860/2/4 8843/2/4 8861/2/4
f 8845/3/4 8846/3/4 8862/3/4
f 8861/1/4 8844/1/4 8862/1/4
f 8844/3/4 8845/3/4 8862/3/4
f 8847/3/4 8848/3/4 8862/3/4
f 8846/3/4 8847/3/4 8862/3/4
f 8862/3/4 8848/3/4 8863/3/4
f 8848/2/4 8832/2/4 8864/2/4
f 8863/3/4 8848/3/4 8864/3/4
f 8864/2/4 8832/2/4 8865/2/4
f 8866/2/4 8867/2/4 8884/2/4
f 8867/3/4 8868/3/4 8885/3/4
f 8884/2/4 8867/2/4 8885/2/4
f 8868/2/4 8869/2/4 8886/2/4
f 8885/3/4 8868/3/4 8886/3/4
f 8869/2/4 8870/2/4 8886/2/4
f 8886/2/4 8870/2/4 8887/2/4
f 8870/1/4 8871/1/4 8888/1/4
f 8887/2/4 8870/2/4 8888/2/4
f 8871/3/4 8872/3/4 8889/3/4
f 8888/1/4 8871/1/4 8889/1/4
f 8872/2/4 8873/2/4 8890/2/4
f 8889/3/4 8872/3/4 8890/3/4
f 8873/5/4 8874/5/4 8891/5/4
f 8890/2/4 8873/2/4 8891/2/4
f 8891/5/4 8874/5/4 8892/5/4
f 8875/4/4 8876/4/4 8893/4/4
f 8876/2/4 8877/2/4 8893/2/4
f 8877/3/4 8878/3/4 8894/3/4
f 8893/2/4 8877/2/4 8894/2/4
f 8878/5/4 8879/5/4 8895/5/4
f 8894/3/4 8878/3/4 8895/3/4
f 8879/3/4 8880/3/4 8896/3/4
f 8895/5/4 8879/5/4 8896/5/4
f 8881/2/4 8882/2/4 8897/2/4
f 8896/3/4 8880/3/4 8897/3/4
f 8880/2/4 8881/2/4 8897/2/4
f 8897/2/4 8882/2/4 8898/2/4
f 8882/3/4 8883/3/4 8899/3/4
f 8898/2/4 8882/2/4 8899/2/4
f 8899/3/4 8883/3/4 8900/3/4
f 8866/2/4 8884/2/4 8901/2/4
f 8884/3/4 8885/3/4 8902/3/4
f 8901/2/4 8884/2/4 8902/2/4
f 8885/4/4 8886/4/4 8903/4/4
f 8902/3/4 8885/3/4 8903/3/4
f 8886/3/4 8887/3/4 8904/3/4
f 8903/4/4 8886/4/4 8904/4/4
f 8887/2/4 8888/2/4 8905/2/4
f 8904/3/4 8887/3/4 8905/3/4
f 8888/2/4 8889/2/4 8905/2/4
f 8889/5/4 8890/5/4 8906/5/4
f 8905/2/4 8889/2/4 8906/2/4
f 8890/5/4 8891/5/4 8906/5/4
f 8891/4/4 8892/4/4 8907/4/4
f 8906/5/4 8891/5/4 8907/5/4
f 8907/4/4 8892/4/4 8908/4/4
f 8875/4/4 8893/4/4 8909/4/4
f 8893/5/4 8894/5/4 8910/5/4
f 8909/4/4 8893/4/4 8910/4/4
f 8894/4/4 8895/4/4 8911/4/4
f 8910/5/4 8894/5/4 8911/5/4
f 8895/2/4 8896/2/4 8912/2/4
f 8911/4/4 8895/4/4 8912/4/4
f 8896/2/4 8897/2/4 8912/2/4
f 8897/3/4 8898/3/4 8913/3/4
f 8912/2/4 8897/2/4 8913/2/4
f 8898/1/4 8899/1/4 8914/1/4
f 8913/3/4 8898/3/4 8914/3/4
f 8899/2/4 8900/2/4 8915/2/4
f 8914/1/4 8899/1/4 8915/1/4
f 8915/2/4 8900/2/4 8916/2/4
f 8917/5/4 8918/5/4 8930/5/4
f 8918/1/4 8919/1/4 8931/1/4
f 8930/5/4 8918/5/4 8931/5/4
f 8919/5/4 8920/5/4 8932/5/4
f 8931/1/4 8919/1/4 8932/1/4
f 8920/3/4 8921/3/4 8933/3/4
f 8932/5/4 8920/5/4 8933/5/4
f 8933/3/4 8921/3/4 8934/3/4
f 8934/3/4 8921/3/4 8935/3/4
f 8921/2/4 8922/2/4 8936/2/4
f 8935/3/4 8921/3/4 8936/3/4
f 8936/2/4 8922/2/4 8937/2/4
f 8922/1/4 8923/1/4 8938/1/4
f 8937/2/4 8922/2/4 8938/2/4
f 8938/1/4 8923/1/4 8939/1/4
f 8924/5/4 8925/5/4 8940/5/4
f 8925/3/4 8926/3/4 8941/3/4
f 8940/5/4 8925/5/4 8941/5/4
f 8926/2/4 8927/2/4 8942/2/4
f 8941/3/4 8926/3/4 8942/3/4
f 8942/2/4 8927/2/4 8943/2/4
f 8943/2/4 8927/2/4 8944/2/4
f 8927/4/4 8928/4/4 8945/4/4
f 8944/2/4 8927/2/4 8945/2/4
f 8945/4/4 8928/4/4 8946/4/4
f 8928/1/4 8929/1/4 8947/1/4
f 8946/4/4 8928/4/4 8947/4/4
f 8947/1/4 8929/1/4 8948/1/4
f 8949/2/4 8950/2/4 8968/2/4
f 8950/2/4 8951/2/4 8968/2/4
f 8951/3/4 8952/3/4 8969/3/4
f 8968/2/4 8951/2/4 8969/2/4
f 8952/3/4 8953/3/4 8969/3/4
f 8953/3/4 8954/3/4 8969/3/4
f 8954/4/4 8955/4/4 8970/4/4
f 8969/3/4 8954/3/4 8970/3/4
f 8955/2/4 8956/2/4 8971/2/4
f 8970/4/4 8955/4/4 8971/4/4
f 8956/2/4 8957/2/4 8971/2/4
f 8971/2/4 8957/2/4 8972/2/4
f 8972/2/4 8957/2/4 8973/2/4
f 8958/2/4 8959/2/4 8974/2/4
f 8959/3/4 8960/3/4 8975/3/4
f 8974/2/4 8959/2/4 8975/2/4
f 8960/1/4 8961/1/4 8976/1/4
f 8975/3/4 8960/3/4 8976/3/4
f 8962/3/4 8963/3/4 8977/3/4
f 8976/1/4 8961/1/4 8977/1/4
f 8961/3/4 8962/3/4 8977/3/4
f 8977/3/4 8963/3/4 8978/3/4
f 8965/3/4 8966/3/4 8979/3/4
f 8964/3/4 8965/3/4 8979/3/4
f 8966/2/4 8967/2/4 8980/2/4
f 8979/3/4 8966/3/4 8980/3/4
f 8980/2/4 8967/2/4 8981/2/4
f 8949/2/4 8968/2/4 8982/2/4
f 8982/2/4 8968/2/4 8983/2/4
f 8968/3/4 8969/3/4 8984/3/4
f 8983/2/4 8968/2/4 8984/2/4
f 8969/2/4 8970/2/4 8985/2/4
f 8984/3/4 8969/3/4 8985/3/4
f 8985/2/4 8970/2/4 8986/2/4
f 8986/2/4 8970/2/4 8987/2/4
f 8971/4/4 8972/4/4 8988/4/4
f 8987/2/4 8970/2/4 8988/2/4
f 8970/4/4 8971/4/4 8988/4/4
f 8988/4/4 8972/4/4 8989/4/4
f 8972/3/4 8973/3/4 8990/3/4
f 8989/4/4 8972/4/4 8990/4/4
f 8990/3/4 8973/3/4 8991/3/4
f 8975/5/4 8976/5/4 8992/5/4
f 8974/3/4 8975/3/4 8992/3/4
f 8976/1/4 8977/1/4 8993/1/4
f 8992/5/4 8976/5/4 8993/5/4
f 8977/2/4 8978/2/4 8994/2/4
f 8993/1/4 8977/1/4 8994/1/4
f 8978/3/4 8963/3/4 8995/3/4
f 8994/2/4 8978/2/4 8995/2/4
f 8963/2/4 8964/2/4 8996/2/4
f 8995/3/4 8963/3/4 8996/3/4
f 8964/3/4 8979/3/4 8997/3/4
f 8996/2/4 8964/2/4 8997/2/4
f 8979/2/4 8980/2/4 8998/2/4
f 8997/3/4 8979/3/4 8998/3/4
f 8982/3/4 8983/3/4 8999/3/4
f 8983/2/4 8984/2/4 9000/2/4
f 8999/3/4 8983/3/4 9000/3/4
f 8984/2/4 8985/2/4 9000/2/4
f 8985/3/4 8986/3/4 9001/3/4
f 9000/2/4 8985/2/4 9001/2/4
f 8986/2/4 8987/2/4 9002/2/4
f 9001/3/4 8986/3/4 9002/3/4
f 8987/3/4 8988/3/4 9003/3/4
f 9002/2/4 8987/2/4 9003/2/4
f 8988/4/4 8989/4/4 9004/4/4
f 9003/3/4 8988/3/4 9004/3/4
f 8989/5/4 8990/5/4 9005/5/4
f 9004/4/4 8989/4/4 9005/4/4
f 8990/2/4 8991/2/4 9006/2/4
f 9005/5/4 8990/5/4 9006/5/4
f 9006/2/4 8991/2/4 9007/2/4
f 8993/5/4 8994/5/4 9008/5/4
f 8992/4/4 8993/4/4 9008/4/4
f 8994/3/4 8995/3/4 9009/3/4
f 9008/5/4 8994/5/4 9009/5/4
f 8995/2/4 8996/2/4 9010/2/4
f 9009/3/4 8995/3/4 9010/3/4
f 8996/3/4 8997/3/4 9011/3/4
f 9010/2/4 8996/2/4 9011/2/4
f 8997/2/4 8998/2/4 9012/2/4
f 9011/3/4 8997/3/4 9012/3/4
f 8998/2/4 8980/2/4 9013/2/4
f 9012/2/4 8998/2/4 9013/2/4
f 8980/3/4 8981/3/4 9014/3/4
f 9013/2/4 8980/2/4 9014/2/4
f 8999/2/4 9000/2/4 9015/2/4
f 9002/3/4 9003/3/4 9016/3/4
f 9015/2/4 9000/2/4 9016/2/4
f 9000/3/4 9001/3/4 9016/3/4
f 9001/3/4 9002/3/4 9016/3/4
f 9016/3/4 9003/3/4 9017/3/4
f 9017/3/4 9003/3/4 9018/3/4
f 9003/2/4 9004/2/4 9019/2/4
f 9018/3/4 9003/3/4 9019/3/4
f 9005/4/4 9006/4/4 9020/4/4
f 9019/2/4 9004/2/4 9020/2/4
f 9004/4/4 9005/4/4 9020/4/4
f 9020/4/4 9006/4/4 9021/4/4
f 9006/3/4 9007/3/4 9022/3/4
f 9021/4/4 9006/4/4 9022/4/4
f 8992/4/4 9008/4/4 9023/4/4
f 8974/3/4 8992/3/4 9023/3/4
f 9008/1/4 9009/1/4 9024/1/4
f 9023/4/4 9008/4/4 9024/4/4
f 9009/2/4 9010/2/4 9025/2/4
f 9024/1/4 9009/1/4 9025/1/4
f 9010/3/4 9011/3/4 9026/3/4
f 9025/2/4 9010/2/4 9026/2/4
f 9011/2/4 9012/2/4 9027/2/4
f 9012/2/4 9013/2/4 9027/2/4
f 9013/3/4 9014/3/4 9028/3/4
f 9027/2/4 9013/2/4 9028/2/4
f 9014/3/4 8981/3/4 9029/3/4
f 9028/3/4 9014/3/4 9029/3/4
f 9016/3/4 9017/3/4 9030/3/4
f 9015/3/4 9016/3/4 9030/3/4
f 9030/3/4 9017/3/4 9031/3/4
f 9031/3/4 9017/3/4 9032/3/4
f 9018/3/4 9019/3/4 9033/3/4
f 9019/3/4 9020/3/4 9033/3/4
f 9020/2/4 9021/2/4 9034/2/4
f 9033/3/4 9020/3/4 9034/3/4
f 9021/1/4 9022/1/4 9035/1/4
f 9034/2/4 9021/2/4 9035/2/4
f 9022/3/4 9007/3/4 9036/3/4
f 9035/1/4 9022/1/4 9036/1/4
f 9036/3/4 9007/3/4 9037/3/4
f 8974/3/4 9023/3/4 9038/3/4
f 9023/5/4 9024/5/4 9038/5/4
f 9024/2/4 9025/2/4 9039/2/4
f 9038/5/4 9024/5/4 9039/5/4
f 9025/3/4 9026/3/4 9040/3/4
f 9039/2/4 9025/2/4 9040/2/4
f 9026/3/4 9011/3/4 9041/3/4
f 9040/3/4 9026/3/4 9041/3/4
f 9011/2/4 9027/2/4 9042/2/4
f 9041/3/4 9011/3/4 9042/3/4
f 9028/2/4 9029/2/4 9043/2/4
f 9043/2/4 9029/2/4 9044/2/4
f 9032/3/4 9017/3/4 9045/3/4
f 9017/2/4 9018/2/4 9045/2/4
f 9018/3/4 9033/3/4 9046/3/4
f 9045/2/4 9018/2/4 9046/2/4
f 9034/3/4 9035/3/4 9047/3/4
f 9033/1/4 9034/1/4 9047/1/4
f 9035/3/4 9036/3/4 9047/3/4
f 9047/3/4 9036/3/4 9048/3/4
f 8974/3/4 9038/3/4 9049/3/4
f 9038/2/4 9039/2/4 9050/2/4
f 9049/3/4 9038/3/4 9050/3/4
f 9042/2/4 9027/2/4 9051/2/4
f 9041/2/4 9042/2/4 9051/2/4
f 9027/3/4 9028/3/4 9052/3/4
f 9051/2/4 9027/2/4 9052/2/4
f 9028/2/4 9043/2/4 9053/2/4
f 9052/3/4 9028/3/4 9053/3/4
f 9030/1/4 9031/1/4 9054/1/4
f 9031/2/4 9032/2/4 9055/2/4
f 9054/1/4 9031/1/4 9055/1/4
f 9032/3/4 9045/3/4 9056/3/4
f 9055/2/4 9032/2/4 9056/2/4
f 9045/3/4 9046/3/4 9056/3/4
f 9046/3/4 9033/3/4 9057/3/4
f 9056/3/4 9046/3/4 9057/3/4
f 9033/1/4 9047/1/4 9057/1/4
f 9047/2/4 9048/2/4 9058/2/4
f 9057/1/4 9047/1/4 9058/1/4
f 9048/3/4 9036/3/4 9059/3/4
f 9058/2/4 9048/2/4 9059/2/4
f 9036/2/4 9037/2/4 9060/2/4
f 9059/3/4 9036/3/4 9060/3/4
f 9049/2/4 9050/2/4 9061/2/4
f 9050/2/4 9039/2/4 9062/2/4
f 9061/2/4 9050/2/4 9062/2/4
f 9039/3/4 9040/3/4 9063/3/4
f 9062/2/4 9039/2/4 9063/2/4
f 9040/1/4 9041/1/4 9064/1/4
f 9063/3/4 9040/3/4 9064/3/4
f 9041/2/4 9051/2/4 9065/2/4
f 9064/1/4 9041/1/4 9065/1/4
f 9051/3/4 9052/3/4 9066/3/4
f 9065/2/4 9051/2/4 9066/2/4
f 9052/2/4 9053/2/4 9067/2/4
f 9066/3/4 9052/3/4 9067/3/4
f 9053/2/4 9043/2/4 9068/2/4
f 9067/2/4 9053/2/4 9068/2/4
f 9043/4/4 9044/4/4 9069/4/4
f 9068/2/4 9043/2/4 9069/2/4
f 9069/4/4 9044/4/4 9070/4/4
f 9054/2/4 9055/2/4 9071/2/4
f 9055/2/4 9056/2/4 9071/2/4
f 9057/2/4 9058/2/4 9071/2/4
f 9056/2/4 9057/2/4 9071/2/4
f 9071/2/4 9058/2/4 9072/2/4
f 9072/2/4 9058/2/4 9073/2/4
f 9058/3/4 9059/3/4 9074/3/4
f 9073/2/4 9058/2/4 9074/2/4
f 9059/1/4 9060/1/4 9075/1/4
f 9074/3/4 9059/3/4 9075/3/4
f 9061/3/4 9062/3/4 9076/3/4
f 9062/1/4 9063/1/4 9077/1/4
f 9076/3/4 9062/3/4 9077/3/4
f 9063/3/4 9064/3/4 9078/3/4
f 9077/1/4 9063/1/4 9078/1/4
f 9065/3/4 9066/3/4 9078/3/4
f 9064/3/4 9065/3/4 9078/3/4
f 9078/3/4 9066/3/4 9079/3/4
f 9079/3/4 9066/3/4 9080/3/4
f 9067/2/4 9068/2/4 9081/2/4
f 9066/2/4 9067/2/4 9081/2/4
f 9069/3/4 9070/3/4 9082/3/4
f 9081/2/4 9068/2/4 9082/2/4
f 9068/3/4 9069/3/4 9082/3/4
f 9082/3/4 9070/3/4 9083/3/4
f 9083/3/4 9070/3/4 9084/3/4
f 9071/3/4 9072/3/4 9085/3/4
f 9072/2/4 9073/2/4 9086/2/4
f 9085/3/4 9072/3/4 9086/3/4
f 9086/2/4 9073/2/4 9087/2/4
f 9073/3/4 9074/3/4 9088/3/4
f 9087/2/4 9073/2/4 9088/2/4
f 9074/4/4 9075/4/4 9089/4/4
f 9088/3/4 9074/3/4 9089/3/4
f 9075/1/4 9060/1/4 9090/1/4
f 9089/4/4 9075/4/4 9090/4/4
f 9060/2/4 9037/2/4 9091/2/4
f 9090/1/4 9060/1/4 9091/1/4
f 9091/2/4 9037/2/4 9092/2/4
f 9076/2/4 9077/2/4 9093/2/4
f 9077/5/4 9078/5/4 9094/5/4
f 9093/2/4 9077/2/4 9094/2/4
f 9080/3/4 9066/3/4 9095/3/4
f 9079/2/4 9080/2/4 9095/2/4
f 9066/2/4 9081/2/4 9096/2/4
f 9095/3/4 9066/3/4 9096/3/4
f 9081/3/4 9082/3/4 9097/3/4
f 9096/2/4 9081/2/4 9097/2/4
f 9082/3/4 9083/3/4 9097/3/4
f 9097/3/4 9083/3/4 9098/3/4
f 9071/3/4 9085/3/4 9099/3/4
f 9085/2/4 9086/2/4 9100/2/4
f 9099/3/4 9085/3/4 9100/3/4
f 9100/2/4 9086/2/4 9101/2/4
f 9086/3/4 9087/3/4 9102/3/4
f 9101/2/4 9086/2/4 9102/2/4
f 9088/2/4 9089/2/4 9103/2/4
f 9102/3/4 9087/3/4 9103/3/4
f 9087/2/4 9088/2/4 9103/2/4
f 9103/2/4 9089/2/4 9104/2/4
f 9089/5/4 9090/5/4 9105/5/4
f 9104/2/4 9089/2/4 9105/2/4
f 9090/5/4 9091/5/4 9105/5/4
f 9105/5/4 9091/5/4 9106/5/4
f 9091/3/4 9092/3/4 9107/3/4
f 9106/5/4 9091/5/4 9107/5/4
f 9094/5/4 9078/5/4 9108/5/4
f 9093/3/4 9094/3/4 9108/3/4
f 9078/1/4 9079/1/4 9109/1/4
f 9108/5/4 9078/5/4 9109/5/4
f 9079/2/4 9095/2/4 9110/2/4
f 9109/1/4 9079/1/4 9110/1/4
f 9095/2/4 9096/2/4 9110/2/4
f 9096/2/4 9097/2/4 9110/2/4
f 9097/2/4 9098/2/4 9110/2/4
f 9110/2/4 9098/2/4 9111/2/4
f 9098/3/4 9083/3/4 9112/3/4
f 9111/2/4 9098/2/4 9112/2/4
f 9105/1/4 9106/1/4 9113/1/4
f 9104/2/4 9105/2/4 9113/2/4
f 9106/4/4 9107/4/4 9114/4/4
f 9113/1/4 9106/1/4 9114/1/4
f 9107/3/4 9092/3/4 9115/3/4
f 9114/4/4 9107/4/4 9115/4/4
f 9093/3/4 9108/3/4 9116/3/4
f 9108/4/4 9109/4/4 9117/4/4
f 9116/3/4 9108/3/4 9117/3/4
f 9109/4/4 9110/4/4 9117/4/4
f 9117/4/4 9110/4/4 9118/4/4
f 9110/2/4 9111/2/4 9119/2/4
f 9118/4/4 9110/4/4 9119/4/4
f 9119/2/4 9111/2/4 9120/2/4
f 9111/3/4 9112/3/4 9121/3/4
f 9120/2/4 9111/2/4 9121/2/4
f 9121/3/4 9112/3/4 9122/3/4
f 9112/3/4 9083/3/4 9123/3/4
f 9122/3/4 9112/3/4 9123/3/4
f 9083/2/4 9084/2/4 9124/2/4
f 9123/3/4 9083/3/4 9124/3/4
f 9099/2/4 9100/2/4 9125/2/4
f 9100/2/4 9101/2/4 9125/2/4
f 9101/3/4 9102/3/4 9126/3/4
f 9125/2/4 9101/2/4 9126/2/4
f 9102/2/4 9103/2/4 9127/2/4
f 9126/3/4 9102/3/4 9127/3/4
f 9103/3/4 9104/3/4 9128/3/4
f 9127/2/4 9103/2/4 9128/2/4
f 9104/2/4 9113/2/4 9129/2/4
f 9128/3/4 9104/3/4 9129/3/4
f 9113/5/4 9114/5/4 9130/5/4
f 9129/2/4 9113/2/4 9130/2/4
f 9114/3/4 9115/3/4 9131/3/4
f 9130/5/4 9114/5/4 9131/5/4
f 9115/3/4 9092/3/4 9132/3/4
f 9131/3/4 9115/3/4 9132/3/4
f 9132/3/4 9092/3/4 9133/3/4
f 9117/2/4 9118/2/4 9134/2/4
f 9116/2/4 9117/2/4 9134/2/4
f 9134/2/4 9118/2/4 9135/2/4
f 9118/4/4 9119/4/4 9136/4/4
f 9135/2/4 9118/2/4 9136/2/4
f 9119/3/4 9120/3/4 9137/3/4
f 9136/4/4 9119/4/4 9137/4/4
f 9121/2/4 9122/2/4 9138/2/4
f 9137/3/4 9120/3/4 9138/3/4
f 9120/2/4 9121/2/4 9138/2/4
f 9138/2/4 9122/2/4 9139/2/4
f 9122/3/4 9123/3/4 9140/3/4
f 9139/2/4 9122/2/4 9140/2/4
f 9123/2/4 9124/2/4 9141/2/4
f 9140/3/4 9123/3/4 9141/3/4
f 9124/2/4 9084/2/4 9142/2/4
f 9141/2/4 9124/2/4 9142/2/4
f 9143/1/4 9144/1/4 9161/1/4
f 9144/1/4 9145/1/4 9161/1/4
f 9145/5/4 9146/5/4 9162/5/4
f 9161/1/4 9145/1/4 9162/1/4
f 9146/3/4 9147/3/4 9163/3/4
f 9162/5/4 9146/5/4 9163/5/4
f 9147/2/4 9148/2/4 9164/2/4
f 9163/3/4 9147/3/4 9164/3/4
f 9148/3/4 9149/3/4 9165/3/4
f 9164/2/4 9148/2/4 9165/2/4
f 9149/5/4 9150/5/4 9166/5/4
f 9165/3/4 9149/3/4 9166/3/4
f 9166/5/4 9150/5/4 9167/5/4
f 9151/1/4 9152/1/4 9168/1/4
f 9152/2/4 9153/2/4 9169/2/4
f 9168/1/4 9152/1/4 9169/1/4
f 9153/3/4 9154/3/4 9170/3/4
f 9169/2/4 9153/2/4 9170/2/4
f 9154/3/4 9155/3/4 9170/3/4
f 9155/3/4 9156/3/4 9170/3/4
f 9156/2/4 9157/2/4 9171/2/4
f 9170/3/4 9156/3/4 9171/3/4
f 9157/5/4 9158/5/4 9172/5/4
f 9171/2/4 9157/2/4 9172/2/4
f 9159/1/4 9160/1/4 9173/1/4
f 9172/5/4 9158/5/4 9173/5/4
f 9158/1/4 9159/1/4 9173/1/4
f 9173/1/4 9160/1/4 9174/1/4
f 9175/3/4 9176/3/4 9192/3/4
f 9176/4/4 9177/4/4 9192/4/4
f 9177/2/4 9178/2/4 9193/2/4
f 9192/4/4 9177/4/4 9193/4/4
f 9178/1/4 9179/1/4 9194/1/4
f 9193/2/4 9178/2/4 9194/2/4
f 9179/3/4 9180/3/4 9195/3/4
f 9194/1/4 9179/1/4 9195/1/4
f 9180/2/4 9181/2/4 9196/2/4
f 9195/3/4 9180/3/4 9196/3/4
f 9196/2/4 9181/2/4 9197/2/4
f 9181/3/4 9182/3/4 9198/3/4
f 9182/5/4 9183/5/4 9198/5/4
f 9198/5/4 9183/5/4 9199/5/4
f 9184/4/4 9185/4/4 9200/4/4
f 9185/3/4 9186/3/4 9201/3/4
f 9200/4/4 9185/4/4 9201/4/4
f 9201/3/4 9186/3/4 9202/3/4
f 9186/2/4 9187/2/4 9203/2/4
f 9202/3/4 9186/3/4 9203/3/4
f 9203/2/4 9187/2/4 9204/2/4
f 9187/1/4 9188/1/4 9205/1/4
f 9204/2/4 9187/2/4 9205/2/4
f 9188/2/4 9189/2/4 9206/2/4
f 9205/1/4 9188/1/4 9206/1/4
f 9189/5/4 9190/5/4 9207/5/4
f 9206/2/4 9189/2/4 9207/2/4
f 9190/2/4 9191/2/4 9208/2/4
f 9207/5/4 9190/5/4 9208/5/4
f 9196/5/4 9197/5/4 9209/5/4
f 9195/3/4 9196/3/4 9209/3/4
f 9197/2/4 9181/2/4 9210/2/4
f 9209/5/4 9197/5/4 9210/5/4
f 9198/3/4 9199/3/4 9211/3/4
f 9210/2/4 9181/2/4 9211/2/4
f 9181/3/4 9198/3/4 9211/3/4
f 9201/2/4 9202/2/4 9212/2/4
f 9202/3/4 9203/3/4 9212/3/4
f 9200/2/4 9201/2/4 9212/2/4
f 9203/5/4 9204/5/4 9213/5/4
f 9212/3/4 9203/3/4 9213/3/4
f 9204/3/4 9205/3/4 9214/3/4
f 9213/5/4 9204/5/4 9214/5/4
f 9205/2/4 9206/2/4 9215/2/4
f 9214/3/4 9205/3/4 9215/3/4
f 9206/3/4 9207/3/4 9216/3/4
f 9207/2/4 9208/2/4 9216/2/4
f 9208/2/4 9191/2/4 9217/2/4
f 9216/2/4 9208/2/4 9217/2/4
f 9175/3/4 9192/3/4 9218/3/4
f 9192/3/4 9193/3/4 9218/3/4
f 9218/3/4 9193/3/4 9219/3/4
f 9193/2/4 9194/2/4 9220/2/4
f 9194/2/4 9195/2/4 9220/2/4
f 9195/3/4 9209/3/4 9221/3/4
f 9220/2/4 9195/2/4 9221/2/4
f 9209/3/4 9210/3/4 9221/3/4
f 9221/3/4 9210/3/4 9222/3/4
f 9210/5/4 9211/5/4 9223/5/4
f 9222/3/4 9210/3/4 9223/3/4
f 9211/3/4 9199/3/4 9224/3/4
f 9223/5/4 9211/5/4 9224/5/4
f 9224/3/4 9199/3/4 9225/3/4
f 9225/3/4 9199/3/4 9226/3/4
f 9200/2/4 9212/2/4 9227/2/4
f 9212/4/4 9213/4/4 9228/4/4
f 9227/2/4 9212/2/4 9228/2/4
f 9213/2/4 9214/2/4 9229/2/4
f 9228/4/4 9213/4/4 9229/4/4
f 9214/2/4 9215/2/4 9229/2/4
f 9215/2/4 9206/2/4 9230/2/4
f 9229/2/4 9215/2/4 9230/2/4
f 9216/3/4 9217/3/4 9230/3/4
f 9206/3/4 9216/3/4 9230/3/4
f 9230/3/4 9217/3/4 9231/3/4
f 9217/2/4 9191/2/4 9232/2/4
f 9231/3/4 9217/3/4 9232/3/4
f 9232/2/4 9191/2/4 9233/2/4
f 9218/2/4 9219/2/4 9234/2/4
f 9219/3/4 9193/3/4 9235/3/4
f 9234/2/4 9219/2/4 9235/2/4
f 9193/2/4 9220/2/4 9236/2/4
f 9235/3/4 9193/3/4 9236/3/4
f 9220/3/4 9221/3/4 9237/3/4
f 9236/2/4 9220/2/4 9237/2/4
f 9221/2/4 9222/2/4 9238/2/4
f 9237/3/4 9221/3/4 9238/3/4
f 9222/3/4 9223/3/4 9239/3/4
f 9238/2/4 9222/2/4 9239/2/4
f 9223/2/4 9224/2/4 9240/2/4
f 9239/3/4 9223/3/4 9240/3/4
f 9224/1/4 9225/1/4 9241/1/4
f 9240/2/4 9224/2/4 9241/2/4
f 9225/2/4 9226/2/4 9242/2/4
f 9241/1/4 9225/1/4 9242/1/4
f 9242/2/4 9226/2/4 9243/2/4
f 9227/1/4 9228/1/4 9244/1/4
f 9200/2/4 9227/2/4 9244/2/4
f 9228/3/4 9229/3/4 9245/3/4
f 9244/1/4 9228/1/4 9245/1/4
f 9229/3/4 9230/3/4 9245/3/4
f 9245/3/4 9230/3/4 9246/3/4
f 9246/3/4 9230/3/4 9247/3/4
f 9247/3/4 9230/3/4 9248/3/4
f 9230/2/4 9231/2/4 9249/2/4
f 9248/3/4 9230/3/4 9249/3/4
f 9232/3/4 9233/3/4 9250/3/4
f 9249/2/4 9231/2/4 9250/2/4
f 9231/3/4 9232/3/4 9250/3/4
f 9250/3/4 9233/3/4 9251/3/4
f 9251/3/4 9233/3/4 9252/3/4
f 9234/3/4 9235/3/4 9253/3/4
f 9235/3/4 9236/3/4 9253/3/4
f 9236/5/4 9237/5/4 9254/5/4
f 9253/3/4 9236/3/4 9254/3/4
f 9237/3/4 9238/3/4 9255/3/4
f 9254/5/4 9237/5/4 9255/5/4
f 9238/4/4 9239/4/4 9256/4/4
f 9255/3/4 9238/3/4 9256/3/4
f 9239/2/4 9240/2/4 9257/2/4
f 9256/4/4 9239/4/4 9257/4/4
f 9240/3/4 9241/3/4 9258/3/4
f 9257/2/4 9240/2/4 9258/2/4
f 9241/5/4 9242/5/4 9259/5/4
f 9258/3/4 9241/3/4 9259/3/4
f 9242/3/4 9243/3/4 9260/3/4
f 9259/5/4 9242/5/4 9260/5/4
f 9260/3/4 9243/3/4 9261/3/4
f 9200/2/4 9244/2/4 9262/2/4
f 9244/4/4 9245/4/4 9263/4/4
f 9262/2/4 9244/2/4 9263/2/4
f 9245/3/4 9246/3/4 9264/3/4
f 9263/4/4 9245/4/4 9264/4/4
f 9246/2/4 9247/2/4 9265/2/4
f 9264/3/4 9246/3/4 9265/3/4
f 9247/1/4 9248/1/4 9266/1/4
f 9265/2/4 9247/2/4 9266/2/4
f 9248/3/4 9249/3/4 9267/3/4
f 9266/1/4 9248/1/4 9267/1/4
f 9249/5/4 9250/5/4 9268/5/4
f 9267/3/4 9249/3/4 9268/3/4
f 9250/3/4 9251/3/4 9269/3/4
f 9268/5/4 9250/5/4 9269/5/4
f 9251/2/4 9252/2/4 9270/2/4
f 9269/3/4 9251/3/4 9270/3/4
f 9270/2/4 9252/2/4 9271/2/4
f 9272/3/4 9273/3/4 9289/3/4
f 9273/4/4 9274/4/4 9290/4/4
f 9289/3/4 9273/3/4 9290/3/4
f 9274/3/4 9275/3/4 9291/3/4
f 9290/4/4 9274/4/4 9291/4/4
f 9275/5/4 9276/5/4 9292/5/4
f 9291/3/4 9275/3/4 9292/3/4
f 9276/2/4 9277/2/4 9293/2/4
f 9292/5/4 9276/5/4 9293/5/4
f 9277/3/4 9278/3/4 9294/3/4
f 9293/2/4 9277/2/4 9294/2/4
f 9278/4/4 9279/4/4 9295/4/4
f 9294/3/4 9278/3/4 9295/3/4
f 9281/2/4 9282/2/4 9296/2/4
f 9282/5/4 9283/5/4 9297/5/4
f 9296/2/4 9282/2/4 9297/2/4
f 9283/3/4 9284/3/4 9298/3/4
f 9284/1/4 9285/1/4 9299/1/4
f 9298/3/4 9284/3/4 9299/3/4
f 9285/2/4 9286/2/4 9300/2/4
f 9299/1/4 9285/1/4 9300/1/4
f 9286/1/4 9287/1/4 9301/1/4
f 9300/2/4 9286/2/4 9301/2/4
f 9287/3/4 9288/3/4 9302/3/4
f 9301/1/4 9287/1/4 9302/1/4
f 9302/3/4 9288/3/4 9303/3/4
f 9303/3/4 9288/3/4 9304/3/4
f 9289/2/4 9290/2/4 9305/2/4
f 9290/2/4 9291/2/4 9305/2/4
f 9291/2/4 9292/2/4 9305/2/4
f 9292/3/4 9293/3/4 9306/3/4
f 9305/2/4 9292/2/4 9306/2/4
f 9293/3/4 9294/3/4 9306/3/4
f 9294/2/4 9295/2/4 9307/2/4
f 9306/3/4 9294/3/4 9307/3/4
f 9295/4/4 9279/4/4 9308/4/4
f 9307/2/4 9295/2/4 9308/2/4
f 9279/2/4 9280/2/4 9309/2/4
f 9308/4/4 9279/4/4 9309/4/4
f 9297/5/4 9283/5/4 9310/5/4
f 9296/3/4 9297/3/4 9310/3/4
f 9283/3/4 9298/3/4 9311/3/4
f 9310/5/4 9283/5/4 9311/5/4
f 9298/2/4 9299/2/4 9312/2/4
f 9311/3/4 9298/3/4 9312/3/4
f 9300/3/4 9301/3/4 9313/3/4
f 9312/2/4 9299/2/4 9313/2/4
f 9302/3/4 9303/3/4 9313/3/4
f 9301/3/4 9302/3/4 9313/3/4
f 9299/3/4 9300/3/4 9313/3/4
f 9313/3/4 9303/3/4 9314/3/4
f 9314/3/4 9303/3/4 9315/3/4
f 9303/2/4 9304/2/4 9316/2/4
f 9315/3/4 9303/3/4 9316/3/4
f 9316/2/4 9304/2/4 9317/2/4
f 9272/3/4 9289/3/4 9318/3/4
f 9289/2/4 9305/2/4 9319/2/4
f 9318/3/4 9289/3/4 9319/3/4
f 9305/3/4 9306/3/4 9320/3/4
f 9319/2/4 9305/2/4 9320/2/4
f 9306/3/4 9307/3/4 9320/3/4
f 9320/3/4 9307/3/4 9321/3/4
f 9321/3/4 9307/3/4 9322/3/4
f 9307/1/4 9308/1/4 9323/1/4
f 9322/3/4 9307/3/4 9323/3/4
f 9308/2/4 9309/2/4 9324/2/4
f 9323/1/4 9308/1/4 9324/1/4
f 9311/5/4 9312/5/4 9325/5/4
f 9310/2/4 9311/2/4 9325/2/4
f 9312/3/4 9313/3/4 9326/3/4
f 9325/5/4 9312/5/4 9326/5/4
f 9313/3/4 9314/3/4 9326/3/4
f 9326/3/4 9314/3/4 9327/3/4
f 9314/2/4 9315/2/4 9328/2/4
f 9327/3/4 9314/3/4 9328/3/4
f 9316/3/4 9317/3/4 9329/3/4
f 9328/2/4 9315/2/4 9329/2/4
f 9315/3/4 9316/3/4 9329/3/4
f 9329/3/4 9317/3/4 9330/3/4
f 9318/2/4 9319/2/4 9331/2/4
f 9320/3/4 9321/3/4 9331/3/4
f 9319/3/4 9320/3/4 9331/3/4
f 9331/3/4 9321/3/4 9332/3/4
f 9332/3/4 9321/3/4 9333/3/4
f 9321/2/4 9322/2/4 9334/2/4
f 9333/3/4 9321/3/4 9334/3/4
f 9322/4/4 9323/4/4 9335/4/4
f 9334/2/4 9322/2/4 9335/2/4
f 9323/3/4 9324/3/4 9336/3/4
f 9335/4/4 9323/4/4 9336/4/4
f 9324/2/4 9309/2/4 9337/2/4
f 9336/3/4 9324/3/4 9337/3/4
f 9309/2/4 9280/2/4 9338/2/4
f 9337/2/4 9309/2/4 9338/2/4
f 9338/2/4 9280/2/4 9339/2/4
f 9296/3/4 9310/3/4 9340/3/4
f 9310/2/4 9325/2/4 9341/2/4
f 9340/3/4 9310/3/4 9341/3/4
f 9325/3/4 9326/3/4 9342/3/4
f 9341/2/4 9325/2/4 9342/2/4
f 9326/4/4 9327/4/4 9343/4/4
f 9342/3/4 9326/3/4 9343/3/4
f 9327/2/4 9328/2/4 9344/2/4
f 9343/4/4 9327/4/4 9344/4/4
f 9329/2/4 9330/2/4 9344/2/4
f 9328/2/4 9329/2/4 9344/2/4
f 9344/2/4 9330/2/4 9345/2/4
f 9345/2/4 9330/2/4 9346/2/4
f 9330/3/4 9317/3/4 9347/3/4
f 9346/2/4 9330/2/4 9347/2/4
f 9347/3/4 9317/3/4 9348/3/4
f 9348/3/4 9317/3/4 9349/3/4
f 9318/2/4 9331/2/4 9350/2/4
f 9331/1/4 9332/1/4 9351/1/4
f 9350/2/4 9331/2/4 9351/2/4
f 9332/2/4 9333/2/4 9352/2/4
f 9351/1/4 9332/1/4 9352/1/4
f 9333/1/4 9334/1/4 9353/1/4
f 9352/2/4 9333/2/4 9353/2/4
f 9335/3/4 9336/3/4 9354/3/4
f 9353/1/4 9334/1/4 9354/1/4
f 9336/3/4 9337/3/4 9354/3/4
f 9334/3/4 9335/3/4 9354/3/4
f 9337/3/4 9338/3/4 9354/3/4
f 9338/5/4 9339/5/4 9355/5/4
f 9354/3/4 9338/3/4 9355/3/4
f 9355/5/4 9339/5/4 9356/5/4
f 9340/1/4 9341/1/4 9357/1/4
f 9341/3/4 9342/3/4 9358/3/4
f 9357/1/4 9341/1/4 9358/1/4
f 9342/3/4 9343/3/4 9358/3/4
f 9343/2/4 9344/2/4 9359/2/4
f 9358/3/4 9343/3/4 9359/3/4
f 9344/3/4 9345/3/4 9360/3/4
f 9359/2/4 9344/2/4 9360/2/4
f 9345/1/4 9346/1/4 9361/1/4
f 9360/3/4 9345/3/4 9361/3/4
f 9346/2/4 9347/2/4 9362/2/4
f 9361/1/4 9346/1/4 9362/1/4
f 9347/1/4 9348/1/4 9363/1/4
f 9362/2/4 9347/2/4 9363/2/4
f 9348/2/4 9349/2/4 9364/2/4
f 9363/1/4 9348/1/4 9364/1/4
f 9364/2/4 9349/2/4 9365/2/4
f 9377/2/5 9367/2/5 9366/2/5
f 9378/3/5 9368/3/5 9367/3/5
f 9378/2/5 9367/2/5 9377/2/5
f 9379/2/5 9369/2/5 9368/2/5
f 9379/3/5 9368/3/5 9378/3/5
f 9380/3/5 9370/3/5 9369/3/5
f 9380/2/5 9369/2/5 9379/2/5
f 9381/3/5 9370/3/5 9380/3/5
f 9389/2/5 9372/2/5 9371/2/5
f 9390/3/5 9373/3/5 9372/3/5
f 9390/2/5 9372/2/5 9389/2/5
f 9391/2/5 9374/2/5 9373/2/5
f 9391/3/5 9373/3/5 9390/3/5
f 9392/3/5 9375/3/5 9374/3/5
f 9392/2/5 9374/2/5 9391/2/5
f 9393/3/5 9375/3/5 9392/3/5
f 9396/4/5 9377/4/5 9376/4/5
f 9397/3/5 9378/3/5 9377/3/5
f 9397/4/5 9377/4/5 9396/4/5
f 9398/3/5 9378/3/5 9397/3/5
f 9399/3/5 9381/3/5 9380/3/5
f 9399/3/5 9382/3/5 9381/3/5
f 9400/2/5 9383/2/5 9382/2/5
f 9400/3/5 9382/3/5 9399/3/5
f 9401/2/5 9383/2/5 9400/2/5
f 9402/3/5 9384/3/5 9383/3/5
f 9402/2/5 9383/2/5 9401/2/5
f 9403/5/5 9385/5/5 9384/5/5
f 9403/3/5 9384/3/5 9402/3/5
f 9404/3/5 9386/3/5 9385/3/5
f 9404/5/5 9385/5/5 9403/5/5
f 9405/2/5 9387/2/5 9386/2/5
f 9405/3/5 9386/3/5 9404/3/5
f 9406/3/5 9388/3/5 9387/3/5
f 9406/2/5 9387/2/5 9405/2/5
f 9407/2/5 9389/2/5 9388/2/5
f 9407/3/5 9388/3/5 9406/3/5
f 9408/3/5 9390/3/5 9389/3/5
f 9408/2/5 9389/2/5 9407/2/5
f 9409/3/5 9390/3/5 9408/3/5
f 9410/2/5 9393/2/5 9392/2/5
f 9411/4/5 9394/4/5 9393/4/5
f 9411/2/5 9393/2/5 9410/2/5
f 9412/4/5 9394/4/5 9411/4/5
f 9415/3/5 9396/3/5 9395/3/5
f 9415/3/5 9397/3/5 9396/3/5
f 9416/3/5 9397/3/5 9415/3/5
f 9417/3/5 9397/3/5 9416/3/5
f 9418/4/5 9402/4/5 9401/4/5
f 9419/4/5 9402/4/5 9418/4/5
f 9420/1/5 9406/1/5 9405/1/5
f 9421/1/5 9406/1/5 9420/1/5
f 9422/2/5 9413/2/5 9412/2/5
f 9422/2/5 9412/2/5 9411/2/5
f 9423/2/5 9413/2/5 9422/2/5
f 9424/2/5 9413/2/5 9423/2/5
f 9427/5/5 9415/5/5 9414/5/5
f 9428/3/5 9416/3/5 9415/3/5
f 9428/5/5 9415/5/5 9427/5/5
f 9429/3/5 9416/3/5 9428/3/5
f 9430/3/5 9419/3/5 9418/3/5
f 9431/3/5 9419/3/5 9430/3/5
f 9432/3/5 9421/3/5 9420/3/5
f 9433/3/5 9421/3/5 9432/3/5
f 9434/3/5 9424/3/5 9423/3/5
f 9435/4/5 9425/4/5 9424/4/5
f 9435/3/5 9424/3/5 9434/3/5
f 9436/4/5 9425/4/5 9435/4/5
f 9438/2/5 9427/2/5 9426/2/5
f 9439/3/5 9428/3/5 9427/3/5
f 9439/2/5 9427/2/5 9438/2/5
f 9440/3/5 9428/3/5 9439/3/5
f 9441/3/5 9437/3/5 9436/3/5
f 9441/3/5 9436/3/5 9435/3/5
f 9442/3/5 9437/3/5 9441/3/5
f 9443/3/5 9437/3/5 9442/3/5
f 9445/5/5 9439/5/5 9438/5/5
f 9446/5/5 9439/5/5 9445/5/5
f 9453/1/5 9443/1/5 9442/1/5
f 9454/1/5 9443/1/5 9453/1/5
f 9456/3/5 9445/3/5 9444/3/5
f 9456/3/5 9446/3/5 9445/3/5
f 9457/3/5 9446/3/5 9456/3/5
f 9458/3/5 9446/3/5 9457/3/5
f 9460/2/5 9448/2/5 9447/2/5
f 9461/4/5 9449/4/5 9448/4/5
f 9461/2/5 9448/2/5 9460/2/5
f 9462/4/5 9449/4/5 9461/4/5
f 9467/4/5 9451/4/5 9450/4/5
f 9468/2/5 9452/2/5 9451/2/5
f 9468/4/5 9451/4/5 9467/4/5
f 9469/2/5 9452/2/5 9468/2/5
f 9472/3/5 9454/3/5 9453/3/5
f 9473/2/5 9455/2/5 9454/2/5
f 9473/3/5 9454/3/5 9472/3/5
f 9475/2/5 9460/2/5 9459/2/5
f 9476/2/5 9460/2/5 9475/2/5
f 9477/4/5 9461/4/5 9460/4/5
f 9477/2/5 9460/2/5 9476/2/5
f 9478/5/5 9462/5/5 9461/5/5
f 9478/4/5 9461/4/5 9477/4/5
f 9479/2/5 9463/2/5 9462/2/5
f 9479/5/5 9462/5/5 9478/5/5
f 9480/3/5 9464/3/5 9463/3/5
f 9480/2/5 9463/2/5 9479/2/5
f 9481/3/5 9464/3/5 9480/3/5
f 9484/3/5 9466/3/5 9465/3/5
f 9485/2/5 9467/2/5 9466/2/5
f 9485/3/5 9466/3/5 9484/3/5
f 9486/1/5 9468/1/5 9467/1/5
f 9486/2/5 9467/2/5 9485/2/5
f 9487/4/5 9469/4/5 9468/4/5
f 9487/1/5 9468/1/5 9486/1/5
f 9488/3/5 9470/3/5 9469/3/5
f 9488/4/5 9469/4/5 9487/4/5
f 9489/2/5 9471/2/5 9470/2/5
f 9489/3/5 9470/3/5 9488/3/5
f 9490/2/5 9471/2/5 9489/2/5
f 9492/2/5 9455/2/5 9473/2/5
f 9493/2/5 9455/2/5 9492/2/5
f 9494/2/5 9457/2/5 9456/2/5
f 9495/2/5 9457/2/5 9494/2/5
f 9496/3/5 9475/3/5 9474/3/5
f 9497/2/5 9476/2/5 9475/2/5
f 9497/3/5 9475/3/5 9496/3/5
f 9498/2/5 9476/2/5 9497/2/5
f 9499/5/5 9481/5/5 9480/5/5
f 9500/2/5 9482/2/5 9481/2/5
f 9500/5/5 9481/5/5 9499/5/5
f 9501/2/5 9482/2/5 9500/2/5
f 9504/2/5 9484/2/5 9483/2/5
f 9505/5/5 9485/5/5 9484/5/5
f 9505/2/5 9484/2/5 9504/2/5
f 9506/5/5 9485/5/5 9505/5/5
f 9507/2/5 9490/2/5 9489/2/5
f 9508/3/5 9491/3/5 9490/3/5
f 9508/2/5 9490/2/5 9507/2/5
f 9509/3/5 9491/3/5 9508/3/5
f 9510/3/5 9493/3/5 9492/3/5
f 9511/3/5 9493/3/5 9510/3/5
f 9512/3/5 9495/3/5 9494/3/5
f 9513/3/5 9495/3/5 9512/3/5
f 9514/2/5 9502/2/5 9501/2/5
f 9515/2/5 9502/2/5 9514/2/5
f 9518/2/5 9504/2/5 9503/2/5
f 9519/2/5 9504/2/5 9518/2/5
f 9520/3/5 9515/3/5 9514/3/5
f 9521/1/5 9516/1/5 9515/1/5
f 9521/3/5 9515/3/5 9520/3/5
f 9522/1/5 9516/1/5 9521/1/5
f 9523/4/5 9518/4/5 9517/4/5
f 9524/3/5 9519/3/5 9518/3/5
f 9524/4/5 9518/4/5 9523/4/5
f 9525/3/5 9519/3/5 9524/3/5
f 9526/4/5 9522/4/5 9521/4/5
f 9527/4/5 9522/4/5 9526/4/5
f 9528/2/5 9511/2/5 9510/2/5
f 9529/2/5 9511/2/5 9528/2/5
f 9531/5/5 9527/5/5 9526/5/5
f 9532/5/5 9527/5/5 9531/5/5
f 9533/1/5 9524/1/5 9523/1/5
f 9535/3/5 9529/3/5 9528/3/5
f 9536/3/5 9529/3/5 9535/3/5
f 9537/4/5 9532/4/5 9531/4/5
f 9537/3/5 9531/3/5 9530/3/5
f 9538/4/5 9532/4/5 9537/4/5
f 9539/1/5 9533/1/5 9523/1/5
f 9540/2/5 9534/2/5 9533/2/5
f 9540/1/5 9533/1/5 9539/1/5
f 9541/2/5 9513/2/5 9512/2/5
f 9542/2/5 9513/2/5 9541/2/5
f 9548/3/5 9537/3/5 9530/3/5
f 9549/3/5 9537/3/5 9548/3/5
f 9550/2/5 9534/2/5 9540/2/5
f 9551/2/5 9534/2/5 9550/2/5
f 9557/2/5 9536/2/5 9535/2/5
f 9558/2/5 9536/2/5 9557/2/5
f 9559/2/5 9544/2/5 9543/2/5
f 9560/3/5 9545/3/5 9544/3/5
f 9560/2/5 9544/2/5 9559/2/5
f 9561/3/5 9545/3/5 9560/3/5
f 9565/4/5 9547/4/5 9546/4/5
f 9566/3/5 9548/3/5 9547/3/5
f 9566/4/5 9547/4/5 9565/4/5
f 9567/3/5 9548/3/5 9566/3/5
f 9568/2/5 9552/2/5 9551/2/5
f 9569/4/5 9553/4/5 9552/4/5
f 9569/2/5 9552/2/5 9568/2/5
f 9570/4/5 9553/4/5 9569/4/5
f 9574/3/5 9555/3/5 9554/3/5
f 9575/2/5 9556/2/5 9555/2/5
f 9575/3/5 9555/3/5 9574/3/5
f 9576/2/5 9556/2/5 9575/2/5
f 9577/3/5 9542/3/5 9541/3/5
f 9579/3/5 9561/3/5 9560/3/5
f 9579/3/5 9562/3/5 9561/3/5
f 9580/1/5 9563/1/5 9562/1/5
f 9580/3/5 9562/3/5 9579/3/5
f 9581/4/5 9564/4/5 9563/4/5
f 9581/1/5 9563/1/5 9580/1/5
f 9582/3/5 9565/3/5 9564/3/5
f 9582/4/5 9564/4/5 9581/4/5
f 9583/2/5 9566/2/5 9565/2/5
f 9583/3/5 9565/3/5 9582/3/5
f 9584/2/5 9566/2/5 9583/2/5
f 9585/3/5 9570/3/5 9569/3/5
f 9586/2/5 9571/2/5 9570/2/5
f 9586/3/5 9570/3/5 9585/3/5
f 9587/5/5 9572/5/5 9571/5/5
f 9587/2/5 9571/2/5 9586/2/5
f 9588/1/5 9573/1/5 9572/1/5
f 9588/5/5 9572/5/5 9587/5/5
f 9589/3/5 9574/3/5 9573/3/5
f 9589/1/5 9573/1/5 9588/1/5
f 9589/3/5 9575/3/5 9574/3/5
f 9590/3/5 9575/3/5 9589/3/5
f 9592/3/5 9558/3/5 9557/3/5
f 9593/3/5 9558/3/5 9592/3/5
f 9594/3/5 9577/3/5 9541/3/5
f 9595/2/5 9578/2/5 9577/2/5
f 9595/3/5 9577/3/5 9594/3/5
f 9596/2/5 9578/2/5 9595/2/5
f 9597/3/5 9581/3/5 9580/3/5
f 9598/1/5 9582/1/5 9581/1/5
f 9598/3/5 9581/3/5 9597/3/5
f 9599/1/5 9582/1/5 9598/1/5
f 9600/4/5 9588/4/5 9587/4/5
f 9601/3/5 9589/3/5 9588/3/5
f 9601/4/5 9588/4/5 9600/4/5
f 9602/3/5 9589/3/5 9601/3/5
f 9603/3/5 9592/3/5 9591/3/5
f 9604/2/5 9593/2/5 9592/2/5
f 9604/3/5 9592/3/5 9603/3/5
f 9605/2/5 9593/2/5 9604/2/5
f 9606/5/5 9604/5/5 9603/5/5
f 9607/5/5 9604/5/5 9606/5/5
f 9608/5/5 9596/5/5 9595/5/5
f 9609/5/5 9596/5/5 9608/5/5
f 9612/1/5 9607/1/5 9606/1/5
f 9613/1/5 9607/1/5 9612/1/5
f 9614/2/5 9609/2/5 9608/2/5
f 9615/3/5 9610/3/5 9609/3/5
f 9615/2/5 9609/2/5 9614/2/5
f 9616/3/5 9610/3/5 9615/3/5
f 9623/2/5 9612/2/5 9611/2/5
f 9623/2/5 9613/2/5 9612/2/5
f 9624/2/5 9613/2/5 9623/2/5
f 9625/2/5 9613/2/5 9624/2/5
f 9626/5/5 9616/5/5 9615/5/5
f 9627/2/5 9617/2/5 9616/2/5
f 9627/5/5 9616/5/5 9626/5/5
f 9628/2/5 9617/2/5 9627/2/5
f 9631/2/5 9619/2/5 9618/2/5
f 9632/2/5 9619/2/5 9631/2/5
f 9633/2/5 9621/2/5 9620/2/5
f 9634/2/5 9621/2/5 9633/2/5
f 9637/2/5 9623/2/5 9622/2/5
f 9638/1/5 9624/1/5 9623/1/5
f 9638/2/5 9623/2/5 9637/2/5
f 9639/1/5 9624/1/5 9638/1/5
f 9640/2/5 9628/2/5 9627/2/5
f 9640/2/5 9629/2/5 9628/2/5
f 9641/3/5 9630/3/5 9629/3/5
f 9641/2/5 9629/2/5 9640/2/5
f 9642/3/5 9630/3/5 9641/3/5
f 9647/1/5 9632/1/5 9631/1/5
f 9648/1/5 9632/1/5 9647/1/5
f 9651/4/5 9634/4/5 9633/4/5
f 9652/4/5 9634/4/5 9651/4/5
f 9657/3/5 9636/3/5 9635/3/5
f 9658/2/5 9637/2/5 9636/2/5
f 9658/2/5 9638/2/5 9637/2/5
f 9658/3/5 9636/3/5 9657/3/5
f 9659/2/5 9638/2/5 9658/2/5
f 9660/5/5 9642/5/5 9641/5/5
f 9661/3/5 9643/3/5 9642/3/5
f 9661/5/5 9642/5/5 9660/5/5
f 9662/3/5 9643/3/5 9661/3/5
f 9664/3/5 9645/3/5 9644/3/5
f 9665/2/5 9646/2/5 9645/2/5
f 9665/3/5 9645/3/5 9664/3/5
f 9666/3/5 9647/3/5 9646/3/5
f 9666/2/5 9646/2/5 9665/2/5
f 9667/2/5 9648/2/5 9647/2/5
f 9667/3/5 9647/3/5 9666/3/5
f 9668/3/5 9649/3/5 9648/3/5
f 9668/2/5 9648/2/5 9667/2/5
f 9669/1/5 9650/1/5 9649/1/5
f 9669/3/5 9649/3/5 9668/3/5
f 9670/2/5 9651/2/5 9650/2/5
f 9670/1/5 9650/1/5 9669/1/5
f 9671/3/5 9652/3/5 9651/3/5
f 9671/2/5 9651/2/5 9670/2/5
f 9671/3/5 9653/3/5 9652/3/5
f 9672/2/5 9654/2/5 9653/2/5
f 9672/3/5 9653/3/5 9671/3/5
f 9673/3/5 9655/3/5 9654/3/5
f 9673/2/5 9654/2/5 9672/2/5
f 9674/3/5 9655/3/5 9673/3/5
f 9676/3/5 9657/3/5 9656/3/5
f 9677/1/5 9658/1/5 9657/1/5
f 9677/3/5 9657/3/5 9676/3/5
f 9678/1/5 9658/1/5 9677/1/5
f 9679/3/5 9663/3/5 9662/3/5
f 9679/3/5 9662/3/5 9661/3/5
f 9680/2/5 9664/2/5 9663/2/5
f 9680/3/5 9663/3/5 9679/3/5
f 9681/3/5 9665/3/5 9664/3/5
f 9681/2/5 9664/2/5 9680/2/5
f 9682/3/5 9665/3/5 9681/3/5
f 9683/3/5 9675/3/5 9674/3/5
f 9683/3/5 9674/3/5 9673/3/5
f 9684/2/5 9677/2/5 9676/2/5
f 9684/3/5 9675/3/5 9683/3/5
f 9684/2/5 9676/2/5 9675/2/5
f 9685/2/5 9677/2/5 9684/2/5
f 9690/2/5 9687/2/5 9686/2/5
f 9691/2/5 9687/2/5 9690/2/5
f 9692/2/5 9689/2/5 9688/2/5
f 9693/2/5 9689/2/5 9692/2/5
f 9698/2/5 9695/2/5 9694/2/5
f 9699/2/5 9695/2/5 9698/2/5
f 9700/2/5 9697/2/5 9696/2/5
f 9701/2/5 9697/2/5 9700/2/5
f 9706/3/5 9703/3/5 9702/3/5
f 9707/3/5 9703/3/5 9706/3/5
f 9708/2/5 9705/2/5 9704/2/5
f 9709/2/5 9705/2/5 9708/2/5
f 9714/2/5 9711/2/5 9710/2/5
f 9715/2/5 9711/2/5 9714/2/5
f 9716/3/5 9713/3/5 9712/3/5
f 9717/3/5 9713/3/5 9716/3/5
f 9722/5/5 9719/5/5 9718/5/5
f 9723/5/5 9719/5/5 9722/5/5
f 9724/1/5 9721/1/5 9720/1/5
f 9725/1/5 9721/1/5 9724/1/5
f 9730/5/5 9727/5/5 9726/5/5
f 9731/5/5 9727/5/5 9730/5/5
f 9732/4/5 9729/4/5 9728/4/5
f 9733/4/5 9729/4/5 9732/4/5
f 9738/4/5 9735/4/5 9734/4/5
f 9739/4/5 9735/4/5 9738/4/5
f 9740/5/5 9737/5/5 9736/5/5
f 9741/5/5 9737/5/5 9740/5/5
f 9746/1/5 9743/1/5 9742/1/5
f 9747/1/5 9743/1/5 9746/1/5
f 9748/1/5 9745/1/5 9744/1/5
f 9749/1/5 9745/1/5 9748/1/5
f 9754/4/5 9751/4/5 9750/4/5
f 9755/4/5 9751/4/5 9754/4/5
f 9756/4/5 9753/4/5 9752/4/5
f 9757/4/5 9753/4/5 9756/4/5
f 9762/4/5 9759/4/5 9758/4/5
f 9763/4/5 9759/4/5 9762/4/5
f 9764/1/5 9761/1/5 9760/1/5
f 9765/1/5 9761/1/5 9764/1/5
f 9770/3/5 9767/3/5 9766/3/5
f 9771/3/5 9767/3/5 9770/3/5
f 9772/2/5 9769/2/5 9768/2/5
f 9773/2/5 9769/2/5 9772/2/5
f 9778/3/5 9775/3/5 9774/3/5
f 9779/3/5 9775/3/5 9778/3/5
f 9780/2/5 9777/2/5 9776/2/5
f 9781/2/5 9777/2/5 9780/2/5
f 9786/2/5 9783/2/5 9782/2/5
f 9787/2/5 9783/2/5 9786/2/5
f 9788/3/5 9785/3/5 9784/3/5
f 9789/3/5 9785/3/5 9788/3/5
f 9794/3/5 9791/3/5 9790/3/5
f 9795/3/5 9791/3/5 9794/3/5
f 9796/3/5 9793/3/5 9792/3/5
f 9797/3/5 9793/3/5 9796/3/5
f 9802/5/5 9799/5/5 9798/5/5
f 9803/5/5 9799/5/5 9802/5/5
f 9804/4/5 9801/4/5 9800/4/5
f 9805/4/5 9801/4/5 9804/4/5
f 9810/1/5 9807/1/5 9806/1/5
f 9811/1/5 9807/1/5 9810/1/5
f 9812/1/5 9809/1/5 9808/1/5
f 9813/1/5 9809/1/5 9812/1/5
f 9818/4/5 9817/4/5 9816/4/5
f 9819/4/5 9817/4/5 9818/4/5
f 9820/5/5 9815/5/5 9814/5/5
f 9821/5/5 9815/5/5 9820/5/5
f 9822/5/5 9819/5/5 9818/5/5
f 9823/5/5 9819/5/5 9822/5/5
f 9829/1/5 9825/1/5 9824/1/5
f 9830/1/5 9825/1/5 9829/1/5
f 9831/1/5 9827/1/5 9826/1/5
f 9832/1/5 9827/1/5 9831/1/5
f 9834/3/5 9829/3/5 9828/3/5
f 9837/3/5 9833/3/5 9832/3/5
f 9838/3/5 9834/3/5 9828/3/5
f 9839/1/5 9835/1/5 9834/1/5
f 9839/3/5 9834/3/5 9838/3/5
f 9840/1/5 9837/1/5 9836/1/5
f 9841/1/5 9835/1/5 9839/1/5
f 9841/2/5 9839/2/5 9838/2/5
f 9842/1/5 9835/1/5 9841/1/5
f 9843/1/5 9837/1/5 9840/1/5
f 9844/3/5 9833/3/5 9837/3/5
f 9844/1/5 9837/1/5 9843/1/5
f 9845/3/5 9833/3/5 9844/3/5
f 9846/2/5 9841/2/5 9838/2/5
f 9847/2/5 9841/2/5 9846/2/5
f 9850/2/5 9845/2/5 9844/2/5
f 9851/2/5 9845/2/5 9850/2/5
f 9852/4/5 9848/4/5 9847/4/5
f 9853/4/5 9848/4/5 9852/4/5
f 9854/4/5 9850/4/5 9849/4/5
f 9855/4/5 9850/4/5 9854/4/5
f 9861/1/5 9857/1/5 9856/1/5
f 9862/1/5 9857/1/5 9861/1/5
f 9863/5/5 9859/5/5 9858/5/5
f 9864/5/5 9859/5/5 9863/5/5
f 9866/2/5 9861/2/5 9860/2/5
f 9871/2/5 9865/2/5 9864/2/5
f 9872/2/5 9865/2/5 9871/2/5
f 9873/1/5 9867/1/5 9866/1/5
f 9873/2/5 9868/2/5 9867/2/5
f 9874/2/5 9868/2/5 9873/2/5
f 9875/2/5 9866/2/5 9860/2/5
f 9875/1/5 9873/1/5 9866/1/5
f 9876/3/5 9874/3/5 9873/3/5
f 9876/1/5 9873/1/5 9875/1/5
f 9877/3/5 9874/3/5 9876/3/5
f 9878/2/5 9870/2/5 9869/2/5
f 9879/1/5 9871/1/5 9870/1/5
f 9879/2/5 9870/2/5 9878/2/5
f 9880/3/5 9872/3/5 9871/3/5
f 9880/1/5 9871/1/5 9879/1/5
f 9881/2/5 9875/2/5 9860/2/5
f 9882/2/5 9875/2/5 9881/2/5
f 9885/3/5 9872/3/5 9880/3/5
f 9886/3/5 9872/3/5 9885/3/5
f 9887/4/5 9883/4/5 9882/4/5
f 9888/4/5 9883/4/5 9887/4/5
f 9889/5/5 9885/5/5 9884/5/5
f 9890/5/5 9885/5/5 9889/5/5
f 9895/4/5 9892/4/5 9891/4/5
f 9896/4/5 9892/4/5 9895/4/5
f 9897/1/5 9894/1/5 9893/1/5
f 9898/1/5 9894/1/5 9897/1/5
f 9903/1/5 9900/1/5 9899/1/5
f 9904/1/5 9900/1/5 9903/1/5
f 9905/5/5 9902/5/5 9901/5/5
f 9906/5/5 9902/5/5 9905/5/5
f 9918/5/5 9908/5/5 9907/5/5
f 9919/2/5 9909/2/5 9908/2/5
f 9919/5/5 9908/5/5 9918/5/5
f 9920/3/5 9910/3/5 9909/3/5
f 9920/2/5 9909/2/5 9919/2/5
f 9921/2/5 9911/2/5 9910/2/5
f 9921/3/5 9910/3/5 9920/3/5
f 9922/3/5 9912/3/5 9911/3/5
f 9922/2/5 9911/2/5 9921/2/5
f 9923/3/5 9912/3/5 9922/3/5
f 9930/2/5 9914/2/5 9913/2/5
f 9931/2/5 9914/2/5 9930/2/5
f 9932/3/5 9915/3/5 9914/3/5
f 9932/2/5 9914/2/5 9931/2/5
f 9933/1/5 9916/1/5 9915/1/5
f 9933/3/5 9915/3/5 9932/3/5
f 9934/1/5 9916/1/5 9933/1/5
f 9937/1/5 9918/1/5 9917/1/5
f 9938/2/5 9919/2/5 9918/2/5
f 9938/1/5 9918/1/5 9937/1/5
f 9939/2/5 9919/2/5 9938/2/5
f 9940/4/5 9923/4/5 9922/4/5
f 9941/3/5 9924/3/5 9923/3/5
f 9941/4/5 9923/4/5 9940/4/5
f 9942/2/5 9925/2/5 9924/2/5
f 9942/3/5 9924/3/5 9941/3/5
f 9943/3/5 9926/3/5 9925/3/5
f 9943/2/5 9925/2/5 9942/2/5
f 9944/2/5 9927/2/5 9926/2/5
f 9944/3/5 9926/3/5 9943/3/5
f 9945/3/5 9928/3/5 9927/3/5
f 9945/2/5 9927/2/5 9944/2/5
f 9946/2/5 9929/2/5 9928/2/5
f 9946/3/5 9928/3/5 9945/3/5
f 9947/3/5 9930/3/5 9929/3/5
f 9947/2/5 9929/2/5 9946/2/5
f 9948/5/5 9931/5/5 9930/5/5
f 9948/3/5 9930/3/5 9947/3/5
f 9949/5/5 9931/5/5 9948/5/5
f 9950/2/5 9934/2/5 9933/2/5
f 9951/1/5 9935/1/5 9934/1/5
f 9951/2/5 9934/2/5 9950/2/5
f 9952/1/5 9935/1/5 9951/1/5
f 9955/4/5 9937/4/5 9936/4/5
f 9956/4/5 9937/4/5 9955/4/5
f 9957/3/5 9938/3/5 9937/3/5
f 9957/4/5 9937/4/5 9956/4/5
f 9958/3/5 9938/3/5 9957/3/5
f 9959/3/5 9952/3/5 9951/3/5
f 9960/4/5 9953/4/5 9952/4/5
f 9960/3/5 9952/3/5 9959/3/5
f 9961/4/5 9953/4/5 9960/4/5
f 9962/4/5 9953/4/5 9961/4/5
f 9965/1/5 9955/1/5 9954/1/5
f 9966/4/5 9956/4/5 9955/4/5
f 9966/1/5 9955/1/5 9965/1/5
f 9967/4/5 9956/4/5 9966/4/5
f 9968/4/5 9962/4/5 9961/4/5
f 9969/5/5 9963/5/5 9962/5/5
f 9969/4/5 9962/4/5 9968/4/5
f 9970/5/5 9963/5/5 9969/5/5
f 9972/4/5 9965/4/5 9964/4/5
f 9973/1/5 9966/1/5 9965/1/5
f 9973/4/5 9965/4/5 9972/4/5
f 9974/1/5 9966/1/5 9973/1/5
f 9975/1/5 9970/1/5 9969/1/5
f 9976/5/5 9971/5/5 9970/5/5
f 9976/1/5 9970/1/5 9975/1/5
f 9977/5/5 9971/5/5 9976/5/5
f 9978/5/5 9973/5/5 9972/5/5
f 9979/5/5 9973/5/5 9978/5/5
f 9980/4/5 9977/4/5 9976/4/5
f 9981/4/5 9977/4/5 9980/4/5
f 9983/1/5 9979/1/5 9978/1/5
f 9984/1/5 9979/1/5 9983/1/5
f 9985/1/5 9981/1/5 9980/1/5
f 9986/1/5 9981/1/5 9985/1/5
f 9988/5/5 9983/5/5 9982/5/5
f 9989/2/5 9984/2/5 9983/2/5
f 9989/5/5 9983/5/5 9988/5/5
f 9990/2/5 9984/2/5 9989/2/5
f 9991/3/5 9986/3/5 9985/3/5
f 9992/1/5 9987/1/5 9986/1/5
f 9992/3/5 9986/3/5 9991/3/5
f 9993/1/5 9987/1/5 9992/1/5
f 9994/5/5 9993/5/5 9992/5/5
f 9995/5/5 9993/5/5 9994/5/5
f 9996/1/5 9989/1/5 9988/1/5
f 9997/1/5 9989/1/5 9996/1/5
f 10002/4/5 9995/4/5 9994/4/5
f 10003/4/5 9995/4/5 10002/4/5
f 10004/5/5 9999/5/5 9998/5/5
f 10005/5/5 9999/5/5 10004/5/5
f 10006/1/5 10001/1/5 10000/1/5
f 10007/1/5 10001/1/5 10006/1/5
f 10008/3/5 10003/3/5 10002/3/5
f 10009/3/5 10003/3/5 10008/3/5
f 10010/2/5 9997/2/5 9996/2/5
f 10011/2/5 9997/2/5 10010/2/5
f 10012/2/5 10009/2/5 10008/2/5
f 10013/2/5 10009/2/5 10012/2/5
f 10014/5/5 10011/5/5 10010/5/5
f 10015/5/5 10011/5/5 10014/5/5
f 10016/5/5 10013/5/5 10012/5/5
f 10017/5/5 10013/5/5 10016/5/5
f 10018/1/5 10015/1/5 10014/1/5
f 10019/1/5 10015/1/5 10018/1/5
f 10020/1/5 10017/1/5 10016/1/5
f 10021/1/5 10017/1/5 10020/1/5
f 10026/3/5 10021/3/5 10020/3/5
f 10027/3/5 10021/3/5 10026/3/5
f 10028/3/5 10019/3/5 10018/3/5
f 10029/3/5 10019/3/5 10028/3/5
f 10030/1/5 10023/1/5 10022/1/5
f 10031/1/5 10023/1/5 10030/1/5
f 10032/4/5 10025/4/5 10024/4/5
f 10033/4/5 10025/4/5 10032/4/5
f 10034/2/5 10027/2/5 10026/2/5
f 10035/2/5 10027/2/5 10034/2/5
f 10036/1/5 10029/1/5 10028/1/5
f 10037/1/5 10029/1/5 10036/1/5
f 10038/4/5 10037/4/5 10036/4/5
f 10039/4/5 10037/4/5 10038/4/5
f 10042/5/5 10035/5/5 10034/5/5
f 10043/5/5 10035/5/5 10042/5/5
f 10044/1/5 10039/1/5 10038/1/5
f 10045/3/5 10040/3/5 10039/3/5
f 10045/1/5 10039/1/5 10044/1/5
f 10046/3/5 10040/3/5 10045/3/5
f 10047/3/5 10042/3/5 10041/3/5
f 10048/1/5 10043/1/5 10042/1/5
f 10048/3/5 10042/3/5 10047/3/5
f 10049/1/5 10043/1/5 10048/1/5
f 10050/5/5 10046/5/5 10045/5/5
f 10051/5/5 10046/5/5 10050/5/5
f 10052/1/5 10048/1/5 10047/1/5
f 10053/1/5 10048/1/5 10052/1/5
f 10054/4/5 10051/4/5 10050/4/5
f 10055/4/5 10051/4/5 10054/4/5
f 10058/5/5 10053/5/5 10052/5/5
f 10059/5/5 10055/5/5 10054/5/5
f 10060/4/5 10056/4/5 10055/4/5
f 10060/5/5 10055/5/5 10059/5/5
f 10061/4/5 10056/4/5 10060/4/5
f 10064/5/5 10058/5/5 10057/5/5
f 10065/5/5 10053/5/5 10058/5/5
f 10065/5/5 10058/5/5 10064/5/5
f 10066/5/5 10053/5/5 10065/5/5
f 10067/1/5 10062/1/5 10061/1/5
f 10067/1/5 10061/1/5 10060/1/5
f 10068/1/5 10062/1/5 10067/1/5
f 10069/1/5 10062/1/5 10068/1/5
f 10074/4/5 10064/4/5 10063/4/5
f 10074/4/5 10065/4/5 10064/4/5
f 10075/4/5 10065/4/5 10074/4/5
f 10076/4/5 10065/4/5 10075/4/5
f 10077/5/5 10069/5/5 10068/5/5
f 10078/4/5 10070/4/5 10069/4/5
f 10078/5/5 10069/5/5 10077/5/5
f 10079/2/5 10071/2/5 10070/2/5
f 10079/4/5 10070/4/5 10078/4/5
f 10080/2/5 10071/2/5 10079/2/5
f 10093/3/5 10073/3/5 10072/3/5
f 10094/4/5 10075/4/5 10074/4/5
f 10094/4/5 10074/4/5 10073/4/5
f 10094/3/5 10073/3/5 10093/3/5
f 10095/4/5 10075/4/5 10094/4/5
f 10096/5/5 10080/5/5 10079/5/5
f 10097/2/5 10081/2/5 10080/2/5
f 10097/5/5 10080/5/5 10096/5/5
f 10098/2/5 10081/2/5 10097/2/5
f 10099/1/5 10083/1/5 10082/1/5
f 10100/2/5 10084/2/5 10083/2/5
f 10100/1/5 10083/1/5 10099/1/5
f 10101/3/5 10085/3/5 10084/3/5
f 10101/2/5 10084/2/5 10100/2/5
f 10102/2/5 10086/2/5 10085/2/5
f 10102/3/5 10085/3/5 10101/3/5
f 10103/3/5 10087/3/5 10086/3/5
f 10103/2/5 10086/2/5 10102/2/5
f 10104/2/5 10088/2/5 10087/2/5
f 10104/3/5 10087/3/5 10103/3/5
f 10105/3/5 10089/3/5 10088/3/5
f 10105/2/5 10088/2/5 10104/2/5
f 10106/2/5 10090/2/5 10089/2/5
f 10106/3/5 10089/3/5 10105/3/5
f 10107/5/5 10091/5/5 10090/5/5
f 10107/2/5 10090/2/5 10106/2/5
f 10108/5/5 10091/5/5 10107/5/5
f 10109/2/5 10093/2/5 10092/2/5
f 10110/1/5 10094/1/5 10093/1/5
f 10110/2/5 10093/2/5 10109/2/5
f 10111/1/5 10094/1/5 10110/1/5
f 10112/4/5 10098/4/5 10097/4/5
f 10113/2/5 10099/2/5 10098/2/5
f 10113/4/5 10098/4/5 10112/4/5
f 10113/2/5 10100/2/5 10099/2/5
f 10114/2/5 10100/2/5 10113/2/5
f 10115/2/5 10108/2/5 10107/2/5
f 10116/3/5 10109/3/5 10108/3/5
f 10116/2/5 10108/2/5 10115/2/5
f 10117/1/5 10110/1/5 10109/1/5
f 10117/3/5 10109/3/5 10116/3/5
f 10118/1/5 10110/1/5 10117/1/5
f 10123/1/5 10120/1/5 10119/1/5
f 10124/1/5 10120/1/5 10123/1/5
f 10125/4/5 10122/4/5 10121/4/5
f 10126/4/5 10122/4/5 10125/4/5
f 10131/1/5 10128/1/5 10127/1/5
f 10132/1/5 10128/1/5 10131/1/5
f 10133/1/5 10130/1/5 10129/1/5
f 10134/1/5 10130/1/5 10133/1/5
f 10139/2/5 10136/2/5 10135/2/5
f 10140/2/5 10136/2/5 10139/2/5
f 10141/3/5 10138/3/5 10137/3/5
f 10142/3/5 10138/3/5 10141/3/5
f 10147/3/5 10144/3/5 10143/3/5
f 10148/3/5 10144/3/5 10147/3/5
f 10149/2/5 10146/2/5 10145/2/5
f 10150/2/5 10146/2/5 10149/2/5
f 10155/3/5 10152/3/5 10151/3/5
f 10156/3/5 10152/3/5 10155/3/5
f 10157/3/5 10154/3/5 10153/3/5
f 10158/3/5 10154/3/5 10157/3/5
f 10163/3/5 10160/3/5 10159/3/5
f 10164/3/5 10160/3/5 10163/3/5
f 10165/2/5 10162/2/5 10161/2/5
f 10166/2/5 10162/2/5 10165/2/5
f 10171/5/5 10168/5/5 10167/5/5
f 10172/5/5 10168/5/5 10171/5/5
f 10173/4/5 10170/4/5 10169/4/5
f 10174/4/5 10170/4/5 10173/4/5
f 10179/1/5 10176/1/5 10175/1/5
f 10180/1/5 10176/1/5 10179/1/5
f 10181/5/5 10178/5/5 10177/5/5
f 10182/5/5 10178/5/5 10181/5/5
f 10187/2/5 10184/2/5 10183/2/5
f 10188/2/5 10184/2/5 10187/2/5
f 10189/3/5 10186/3/5 10185/3/5
f 10190/3/5 10186/3/5 10189/3/5
f 10195/3/5 10192/3/5 10191/3/5
f 10196/3/5 10192/3/5 10195/3/5
f 10197/2/5 10194/2/5 10193/2/5
f 10198/2/5 10194/2/5 10197/2/5
f 10203/5/5 10200/5/5 10199/5/5
f 10204/5/5 10200/5/5 10203/5/5
f 10205/5/5 10202/5/5 10201/5/5
f 10206/5/5 10202/5/5 10205/5/5
f 10213/3/5 10208/3/5 10207/3/5
f 10214/3/5 10208/3/5 10213/3/5
f 10215/3/5 10208/3/5 10214/3/5
f 10220/3/5 10210/3/5 10209/3/5
f 10221/3/5 10210/3/5 10220/3/5
f 10222/3/5 10210/3/5 10221/3/5
f 10226/5/5 10212/5/5 10211/5/5
f 10227/2/5 10213/2/5 10212/2/5
f 10227/5/5 10212/5/5 10226/5/5
f 10228/4/5 10214/4/5 10213/4/5
f 10228/2/5 10213/2/5 10227/2/5
f 10229/1/5 10215/1/5 10214/1/5
f 10229/4/5 10214/4/5 10228/4/5
f 10230/4/5 10216/4/5 10215/4/5
f 10230/1/5 10215/1/5 10229/1/5
f 10231/3/5 10217/3/5 10216/3/5
f 10231/4/5 10216/4/5 10230/4/5
f 10232/3/5 10217/3/5 10231/3/5
f 10235/2/5 10219/2/5 10218/2/5
f 10236/5/5 10220/5/5 10219/5/5
f 10236/5/5 10221/5/5 10220/5/5
f 10236/2/5 10219/2/5 10235/2/5
f 10237/4/5 10222/4/5 10221/4/5
f 10237/5/5 10221/5/5 10236/5/5
f 10238/3/5 10223/3/5 10222/3/5
f 10238/4/5 10222/4/5 10237/4/5
f 10239/1/5 10224/1/5 10223/1/5
f 10239/3/5 10223/3/5 10238/3/5
f 10240/1/5 10224/1/5 10239/1/5
f 10242/1/5 10226/1/5 10225/1/5
f 10243/3/5 10227/3/5 10226/3/5
f 10243/1/5 10226/1/5 10242/1/5
f 10244/3/5 10227/3/5 10243/3/5
f 10245/3/5 10232/3/5 10231/3/5
f 10246/1/5 10233/1/5 10232/1/5
f 10246/3/5 10232/3/5 10245/3/5
f 10247/1/5 10233/1/5 10246/1/5
f 10250/1/5 10235/1/5 10234/1/5
f 10251/2/5 10236/2/5 10235/2/5
f 10251/1/5 10235/1/5 10250/1/5
f 10252/2/5 10236/2/5 10251/2/5
f 10253/2/5 10240/2/5 10239/2/5
f 10254/1/5 10241/1/5 10240/1/5
f 10254/2/5 10240/2/5 10253/2/5
f 10255/1/5 10241/1/5 10254/1/5
f 10256/2/5 10248/2/5 10247/2/5
f 10257/2/5 10248/2/5 10256/2/5
f 10258/2/5 10250/2/5 10249/2/5
f 10259/2/5 10250/2/5 10258/2/5
f 10260/4/5 10257/4/5 10256/4/5
f 10261/4/5 10257/4/5 10260/4/5
f 10262/4/5 10259/4/5 10258/4/5
f 10263/4/5 10259/4/5 10262/4/5
f 10268/1/5 10265/1/5 10264/1/5
f 10269/1/5 10265/1/5 10268/1/5
f 10270/4/5 10267/4/5 10266/4/5
f 10271/4/5 10267/4/5 10270/4/5
f 10277/2/5 10269/2/5 10268/2/5
f 10278/2/5 10269/2/5 10277/2/5
f 10279/2/5 10271/2/5 10270/2/5
f 10280/2/5 10271/2/5 10279/2/5
f 10286/4/5 10273/4/5 10272/4/5
f 10287/3/5 10274/3/5 10273/3/5
f 10287/4/5 10273/4/5 10286/4/5
f 10288/3/5 10274/3/5 10287/3/5
f 10291/2/5 10276/2/5 10275/2/5
f 10292/4/5 10277/4/5 10276/4/5
f 10292/2/5 10276/2/5 10291/2/5
f 10293/4/5 10277/4/5 10292/4/5
f 10294/4/5 10281/4/5 10280/4/5
f 10295/3/5 10282/3/5 10281/3/5
f 10295/4/5 10281/4/5 10294/4/5
f 10296/3/5 10282/3/5 10295/3/5
f 10299/2/5 10284/2/5 10283/2/5
f 10300/1/5 10285/1/5 10284/1/5
f 10300/2/5 10284/2/5 10299/2/5
f 10301/1/5 10285/1/5 10300/1/5
f 10302/1/5 10288/1/5 10287/1/5
f 10303/3/5 10289/3/5 10288/3/5
f 10303/1/5 10288/1/5 10302/1/5
f 10304/4/5 10290/4/5 10289/4/5
f 10304/3/5 10289/3/5 10303/3/5
f 10305/5/5 10291/5/5 10290/5/5
f 10305/4/5 10290/4/5 10304/4/5
f 10306/5/5 10291/5/5 10305/5/5
f 10307/2/5 10292/2/5 10291/2/5
f 10307/5/5 10291/5/5 10306/5/5
f 10308/2/5 10292/2/5 10307/2/5
f 10309/2/5 10296/2/5 10295/2/5
f 10310/4/5 10297/4/5 10296/4/5
f 10310/2/5 10296/2/5 10309/2/5
f 10311/5/5 10298/5/5 10297/5/5
f 10311/4/5 10297/4/5 10310/4/5
f 10312/5/5 10298/5/5 10311/5/5
f 10313/2/5 10299/2/5 10298/2/5
f 10313/5/5 10298/5/5 10312/5/5
f 10314/1/5 10300/1/5 10299/1/5
f 10314/2/5 10299/2/5 10313/2/5
f 10315/1/5 10300/1/5 10314/1/5
f 10316/3/5 10305/3/5 10304/3/5
f 10316/3/5 10306/3/5 10305/3/5
f 10317/3/5 10306/3/5 10316/3/5
f 10318/3/5 10312/3/5 10311/3/5
f 10319/2/5 10313/2/5 10312/2/5
f 10319/3/5 10312/3/5 10318/3/5
f 10320/2/5 10313/2/5 10319/2/5
f 10325/1/5 10322/1/5 10321/1/5
f 10326/1/5 10322/1/5 10325/1/5
f 10327/1/5 10324/1/5 10323/1/5
f 10328/1/5 10324/1/5 10327/1/5
f 10333/2/5 10330/2/5 10329/2/5
f 10334/2/5 10330/2/5 10333/2/5
f 10335/2/5 10332/2/5 10331/2/5
f 10336/2/5 10332/2/5 10335/2/5
f 10341/2/5 10338/2/5 10337/2/5
f 10342/2/5 10338/2/5 10341/2/5
f 10343/2/5 10340/2/5 10339/2/5
f 10344/2/5 10340/2/5 10343/2/5
f 10349/1/5 10346/1/5 10345/1/5
f 10350/1/5 10346/1/5 10349/1/5
f 10351/4/5 10348/4/5 10347/4/5
f 10352/4/5 10348/4/5 10351/4/5
f 10357/5/5 10356/5/5 10355/5/5
f 10358/5/5 10356/5/5 10357/5/5
f 10359/4/5 10354/4/5 10353/4/5
f 10360/4/5 10354/4/5 10359/4/5
f 10361/4/5 10358/4/5 10357/4/5
f 10362/4/5 10358/4/5 10361/4/5
f 10367/1/5 10364/1/5 10363/1/5
f 10368/1/5 10364/1/5 10367/1/5
f 10369/1/5 10366/1/5 10365/1/5
f 10370/1/5 10366/1/5 10369/1/5
f 10371/4/6 10372/4/6 10375/4/6
f 10375/4/6 10372/4/6 10376/4/6
f 10373/1/6 10374/1/6 10377/1/6
f 10377/1/6 10374/1/6 10378/1/6
f 10379/4/6 10380/4/6 10383/4/6
f 10383/4/6 10380/4/6 10384/4/6
f 10383/5/6 10384/5/6 10385/5/6
f 10385/5/6 10384/5/6 10386/5/6
f 10381/1/6 10382/1/6 10387/1/6
f 10387/1/6 10382/1/6 10388/1/6
f 10389/1/6 10390/1/6 10393/1/6
f 10393/1/6 10390/1/6 10394/1/6
f 10391/4/6 10392/4/6 10395/4/6
f 10395/4/6 10392/4/6 10396/4/6
f 10397/3/6 10398/3/6 10401/3/6
f 10401/3/6 10398/3/6 10402/3/6
f 10399/3/6 10400/3/6 10403/3/6
f 10403/3/6 10400/3/6 10404/3/6
f 10405/2/6 10406/2/6 10409/2/6
f 10409/2/6 10406/2/6 10410/2/6
f 10407/2/6 10408/2/6 10411/2/6
f 10411/2/6 10408/2/6 10412/2/6
f 10413/1/6 10414/1/6 10417/1/6
f 10417/1/6 10414/1/6 10418/1/6
f 10415/1/6 10416/1/6 10419/1/6
f 10419/1/6 10416/1/6 10420/1/6
f 10421/2/6 10422/2/6 10428/2/6
f 10422/3/6 10423/3/6 10429/3/6
f 10428/2/6 10422/2/6 10429/2/6
f 10429/3/6 10423/3/6 10430/3/6
f 10424/2/6 10425/2/6 10435/2/6
f 10435/2/6 10425/2/6 10436/2/6
f 10426/5/6 10427/5/6 10440/5/6
f 10427/2/6 10428/2/6 10441/2/6
f 10440/5/6 10427/5/6 10441/5/6
f 10428/4/6 10429/4/6 10442/4/6
f 10441/2/6 10428/2/6 10442/2/6
f 10429/4/6 10430/4/6 10442/4/6
f 10430/1/6 10431/1/6 10443/1/6
f 10442/4/6 10430/4/6 10443/4/6
f 10431/2/6 10432/2/6 10444/2/6
f 10443/1/6 10431/1/6 10444/1/6
f 10444/2/6 10432/2/6 10445/2/6
f 10433/2/6 10434/2/6 10448/2/6
f 10434/1/6 10435/1/6 10449/1/6
f 10448/2/6 10434/2/6 10449/2/6
f 10435/4/6 10436/4/6 10450/4/6
f 10449/1/6 10435/1/6 10450/1/6
f 10436/2/6 10437/2/6 10451/2/6
f 10450/4/6 10436/4/6 10451/4/6
f 10437/4/6 10438/4/6 10452/4/6
f 10451/2/6 10437/2/6 10452/2/6
f 10452/4/6 10438/4/6 10453/4/6
f 10439/1/6 10440/1/6 10455/1/6
f 10440/3/6 10441/3/6 10456/3/6
f 10455/1/6 10440/1/6 10456/1/6
f 10456/3/6 10441/3/6 10457/3/6
f 10444/2/6 10445/2/6 10458/2/6
f 10445/4/6 10446/4/6 10459/4/6
f 10458/2/6 10445/2/6 10459/2/6
f 10459/4/6 10446/4/6 10460/4/6
f 10447/1/6 10448/1/6 10463/1/6
f 10448/2/6 10449/2/6 10464/2/6
f 10463/1/6 10448/1/6 10464/1/6
f 10464/2/6 10449/2/6 10465/2/6
f 10452/2/6 10453/2/6 10466/2/6
f 10453/5/6 10454/5/6 10467/5/6
f 10466/2/6 10453/2/6 10467/2/6
f 10467/5/6 10454/5/6 10468/5/6
f 10460/2/6 10461/2/6 10469/2/6
f 10469/2/6 10461/2/6 10470/2/6
f 10462/2/6 10463/2/6 10471/2/6
f 10471/2/6 10463/2/6 10472/2/6
f 10469/4/6 10470/4/6 10473/4/6
f 10473/4/6 10470/4/6 10474/4/6
f 10471/5/6 10472/5/6 10475/5/6
f 10475/5/6 10472/5/6 10476/5/6
f 10477/1/6 10478/1/6 10481/1/6
f 10481/1/6 10478/1/6 10482/1/6
f 10479/4/6 10480/4/6 10483/4/6
f 10483/4/6 10480/4/6 10484/4/6
f 10481/2/6 10482/2/6 10490/2/6
f 10490/2/6 10482/2/6 10491/2/6
f 10483/3/6 10484/3/6 10492/3/6
f 10492/3/6 10484/3/6 10493/3/6
f 10485/4/6 10486/4/6 10499/4/6
f 10486/2/6 10487/2/6 10500/2/6
f 10499/4/6 10486/4/6 10500/4/6
f 10500/2/6 10487/2/6 10501/2/6
f 10488/2/6 10489/2/6 10505/2/6
f 10489/1/6 10490/1/6 10506/1/6
f 10505/2/6 10489/2/6 10506/2/6
f 10506/1/6 10490/1/6 10507/1/6
f 10493/5/6 10494/5/6 10508/5/6
f 10494/3/6 10495/3/6 10509/3/6
f 10508/5/6 10494/5/6 10509/5/6
f 10509/3/6 10495/3/6 10510/3/6
f 10496/2/6 10497/2/6 10514/2/6
f 10497/1/6 10498/1/6 10515/1/6
f 10514/2/6 10497/2/6 10515/2/6
f 10515/1/6 10498/1/6 10516/1/6
f 10500/5/6 10501/5/6 10517/5/6
f 10501/2/6 10502/2/6 10518/2/6
f 10517/5/6 10501/5/6 10518/5/6
f 10502/4/6 10503/4/6 10519/4/6
f 10518/2/6 10502/2/6 10519/2/6
f 10503/1/6 10504/1/6 10520/1/6
f 10519/4/6 10503/4/6 10520/4/6
f 10504/5/6 10505/5/6 10521/5/6
f 10520/1/6 10504/1/6 10521/1/6
f 10505/3/6 10506/3/6 10522/3/6
f 10521/5/6 10505/5/6 10522/5/6
f 10522/3/6 10506/3/6 10523/3/6
f 10509/2/6 10510/2/6 10524/2/6
f 10510/5/6 10511/5/6 10525/5/6
f 10524/2/6 10510/2/6 10525/2/6
f 10511/1/6 10512/1/6 10526/1/6
f 10525/5/6 10511/5/6 10526/5/6
f 10512/4/6 10513/4/6 10527/4/6
f 10526/1/6 10512/1/6 10527/1/6
f 10513/3/6 10514/3/6 10528/3/6
f 10527/4/6 10513/4/6 10528/4/6
f 10514/4/6 10515/4/6 10529/4/6
f 10528/3/6 10514/3/6 10529/3/6
f 10529/4/6 10515/4/6 10530/4/6
f 10519/2/6 10520/2/6 10531/2/6
f 10520/2/6 10521/2/6 10531/2/6
f 10531/2/6 10521/2/6 10532/2/6
f 10526/3/6 10527/3/6 10533/3/6
f 10527/2/6 10528/2/6 10534/2/6
f 10533/3/6 10527/3/6 10534/3/6
f 10534/2/6 10528/2/6 10535/2/6
f 10536/5/6 10537/5/6 10540/5/6
f 10540/5/6 10537/5/6 10541/5/6
f 10538/4/6 10539/4/6 10542/4/6
f 10542/4/6 10539/4/6 10543/4/6
f 10544/3/6 10545/3/6 10548/3/6
f 10548/3/6 10545/3/6 10549/3/6
f 10546/3/6 10547/3/6 10550/3/6
f 10550/3/6 10547/3/6 10551/3/6
f 10552/2/6 10553/2/6 10556/2/6
f 10556/2/6 10553/2/6 10557/2/6
f 10554/3/6 10555/3/6 10558/3/6
f 10558/3/6 10555/3/6 10559/3/6
f 10560/4/6 10561/4/6 10564/4/6
f 10564/4/6 10561/4/6 10565/4/6
f 10562/1/6 10563/1/6 10566/1/6
f 10566/1/6 10563/1/6 10567/1/6
f 10568/5/6 10569/5/6 10572/5/6
f 10572/5/6 10569/5/6 10573/5/6
f 10570/5/6 10571/5/6 10574/5/6
f 10574/5/6 10571/5/6 10575/5/6
f 10576/3/6 10577/3/6 10580/3/6
f 10580/3/6 10577/3/6 10581/3/6
f 10578/2/6 10579/2/6 10582/2/6
f 10582/2/6 10579/2/6 10583/2/6
f 10584/2/6 10585/2/6 10588/2/6
f 10588/2/6 10585/2/6 10589/2/6
f 10586/2/6 10587/2/6 10590/2/6
f 10590/2/6 10587/2/6 10591/2/6
f 10592/3/6 10593/3/6 10596/3/6
f 10596/3/6 10593/3/6 10597/3/6
f 10594/3/6 10595/3/6 10598/3/6
f 10598/3/6 10595/3/6 10599/3/6
f 10600/2/6 10601/2/6 10604/2/6
f 10604/2/6 10601/2/6 10605/2/6
f 10602/2/6 10603/2/6 10606/2/6
f 10606/2/6 10603/2/6 10607/2/6
f 10608/4/6 10609/4/6 10612/4/6
f 10612/4/6 10609/4/6 10613/4/6
f 10610/1/6 10611/1/6 10614/1/6
f 10614/1/6 10611/1/6 10615/1/6
f 10616/4/6 10617/4/6 10620/4/6
f 10620/4/6 10617/4/6 10621/4/6
f 10618/1/6 10619/1/6 10622/1/6
f 10622/1/6 10619/1/6 10623/1/6
f 10624/1/6 10625/1/6 10634/1/6
f 10625/3/6 10626/3/6 10635/3/6
f 10634/1/6 10625/1/6 10635/1/6
f 10635/3/6 10626/3/6 10636/3/6
f 10636/3/6 10626/3/6 10637/3/6
f 10627/3/6 10628/3/6 10643/3/6
f 10628/2/6 10629/2/6 10644/2/6
f 10643/3/6 10628/3/6 10644/3/6
f 10629/3/6 10630/3/6 10645/3/6
f 10644/2/6 10629/2/6 10645/2/6
f 10630/2/6 10631/2/6 10646/2/6
f 10645/3/6 10630/3/6 10646/3/6
f 10631/4/6 10632/4/6 10647/4/6
f 10646/2/6 10631/2/6 10647/2/6
f 10647/4/6 10632/4/6 10648/4/6
f 10633/1/6 10634/1/6 10652/1/6
f 10634/3/6 10635/3/6 10653/3/6
f 10652/1/6 10634/1/6 10653/1/6
f 10653/3/6 10635/3/6 10654/3/6
f 10636/1/6 10637/1/6 10655/1/6
f 10637/2/6 10638/2/6 10656/2/6
f 10655/1/6 10637/1/6 10656/1/6
f 10638/3/6 10639/3/6 10657/3/6
f 10656/2/6 10638/2/6 10657/2/6
f 10639/2/6 10640/2/6 10658/2/6
f 10657/3/6 10639/3/6 10658/3/6
f 10640/3/6 10641/3/6 10659/3/6
f 10658/2/6 10640/2/6 10659/2/6
f 10641/2/6 10642/2/6 10660/2/6
f 10659/3/6 10641/3/6 10660/3/6
f 10642/3/6 10643/3/6 10661/3/6
f 10660/2/6 10642/2/6 10661/2/6
f 10643/5/6 10644/5/6 10662/5/6
f 10661/3/6 10643/3/6 10662/3/6
f 10662/5/6 10644/5/6 10663/5/6
f 10647/2/6 10648/2/6 10664/2/6
f 10648/1/6 10649/1/6 10665/1/6
f 10664/2/6 10648/2/6 10665/2/6
f 10665/1/6 10649/1/6 10666/1/6
f 10650/5/6 10651/5/6 10670/5/6
f 10651/1/6 10652/1/6 10671/1/6
f 10670/5/6 10651/5/6 10671/5/6
f 10652/2/6 10653/2/6 10672/2/6
f 10671/1/6 10652/1/6 10672/1/6
f 10672/2/6 10653/2/6 10673/2/6
f 10665/2/6 10666/2/6 10674/2/6
f 10666/1/6 10667/1/6 10675/1/6
f 10674/2/6 10666/2/6 10675/2/6
f 10667/5/6 10668/5/6 10676/5/6
f 10675/1/6 10667/1/6 10676/1/6
f 10676/5/6 10668/5/6 10677/5/6
f 10669/1/6 10670/1/6 10680/1/6
f 10670/4/6 10671/4/6 10681/4/6
f 10680/1/6 10670/1/6 10681/1/6
f 10681/4/6 10671/4/6 10682/4/6
f 10676/5/6 10677/5/6 10683/5/6
f 10677/1/6 10678/1/6 10684/1/6
f 10683/5/6 10677/5/6 10684/5/6
f 10684/1/6 10678/1/6 10685/1/6
f 10679/5/6 10680/5/6 10687/5/6
f 10680/4/6 10681/4/6 10688/4/6
f 10687/5/6 10680/5/6 10688/5/6
f 10688/4/6 10681/4/6 10689/4/6
f 10685/4/6 10686/4/6 10690/4/6
f 10684/4/6 10685/4/6 10690/4/6
f 10690/4/6 10686/4/6 10691/4/6
f 10691/4/6 10686/4/6 10692/4/6
f 10687/1/6 10688/1/6 10693/1/6
f 10693/1/6 10688/1/6 10694/1/6
f 10691/1/6 10692/1/6 10695/1/6
f 10695/1/6 10692/1/6 10696/1/6
f 10693/5/6 10694/5/6 10698/5/6
f 10698/5/6 10694/5/6 10699/5/6
f 10695/4/6 10696/4/6 10700/4/6
f 10700/4/6 10696/4/6 10701/4/6
f 10697/4/6 10698/4/6 10703/4/6
f 10698/3/6 10699/3/6 10704/3/6
f 10703/4/6 10698/4/6 10704/4/6
f 10704/3/6 10699/3/6 10705/3/6
f 10700/2/6 10701/2/6 10706/2/6
f 10701/1/6 10702/1/6 10707/1/6
f 10706/2/6 10701/2/6 10707/2/6
f 10707/1/6 10702/1/6 10708/1/6
f 10707/5/6 10708/5/6 10709/5/6
f 10709/5/6 10708/5/6 10710/5/6
f 10703/5/6 10704/5/6 10711/5/6
f 10711/5/6 10704/5/6 10712/5/6
f 10709/4/6 10710/4/6 10717/4/6
f 10717/4/6 10710/4/6 10718/4/6
f 10713/5/6 10714/5/6 10719/5/6
f 10719/5/6 10714/5/6 10720/5/6
f 10715/1/6 10716/1/6 10721/1/6
f 10721/1/6 10716/1/6 10722/1/6
f 10717/2/6 10718/2/6 10723/2/6
f 10723/2/6 10718/2/6 10724/2/6
f 10711/3/6 10712/3/6 10725/3/6
f 10725/3/6 10712/3/6 10726/3/6
f 10723/3/6 10724/3/6 10727/3/6
f 10727/3/6 10724/3/6 10728/3/6
f 10725/1/6 10726/1/6 10729/1/6
f 10729/1/6 10726/1/6 10730/1/6
f 10727/5/6 10728/5/6 10731/5/6
f 10731/5/6 10728/5/6 10732/5/6
f 10729/5/6 10730/5/6 10733/5/6
f 10733/5/6 10730/5/6 10734/5/6
f 10731/1/6 10732/1/6 10735/1/6
f 10735/1/6 10732/1/6 10736/1/6
f 10735/3/6 10736/3/6 10741/3/6
f 10741/3/6 10736/3/6 10742/3/6
f 10733/2/6 10734/2/6 10743/2/6
f 10743/2/6 10734/2/6 10744/2/6
f 10737/5/6 10738/5/6 10745/5/6
f 10745/5/6 10738/5/6 10746/5/6
f 10739/1/6 10740/1/6 10747/1/6
f 10747/1/6 10740/1/6 10748/1/6
f 10741/2/6 10742/2/6 10749/2/6
f 10749/2/6 10742/2/6 10750/2/6
f 10749/5/6 10750/5/6 10751/5/6
f 10751/5/6 10750/5/6 10752/5/6
f 10743/1/6 10744/1/6 10753/1/6
f 10753/1/6 10744/1/6 10754/1/6
f 10751/4/6 10752/4/6 10757/4/6
f 10753/4/6 10754/4/6 10758/4/6
f 10754/3/6 10755/3/6 10759/3/6
f 10758/4/6 10754/4/6 10759/4/6
f 10759/3/6 10755/3/6 10760/3/6
f 10756/2/6 10757/2/6 10761/2/6
f 10757/4/6 10752/4/6 10762/4/6
f 10761/2/6 10757/2/6 10762/2/6
f 10762/4/6 10752/4/6 10763/4/6
f 10759/4/6 10760/4/6 10764/4/6
f 10764/4/6 10760/4/6 10765/4/6
f 10764/5/6 10765/5/6 10766/5/6
f 10766/5/6 10765/5/6 10767/5/6
f 10761/5/6 10762/5/6 10770/5/6
f 10770/5/6 10762/5/6 10771/5/6
f 10767/4/6 10768/4/6 10772/4/6
f 10766/4/6 10767/4/6 10772/4/6
f 10772/4/6 10768/4/6 10773/4/6
f 10773/4/6 10768/4/6 10774/4/6
f 10770/4/6 10771/4/6 10777/4/6
f 10769/4/6 10770/4/6 10777/4/6
f 10777/4/6 10771/4/6 10778/4/6
f 10778/4/6 10771/4/6 10779/4/6
f 10773/1/6 10774/1/6 10780/1/6
f 10774/5/6 10775/5/6 10781/5/6
f 10780/1/6 10774/1/6 10781/1/6
f 10781/5/6 10775/5/6 10782/5/6
f 10777/1/6 10778/1/6 10787/1/6
f 10776/1/6 10777/1/6 10787/1/6
f 10787/1/6 10778/1/6 10788/1/6
f 10788/1/6 10778/1/6 10789/1/6
f 10781/4/6 10782/4/6 10790/4/6
f 10782/1/6 10783/1/6 10791/1/6
f 10790/4/6 10782/4/6 10791/4/6
f 10783/3/6 10784/3/6 10792/3/6
f 10791/1/6 10783/1/6 10792/1/6
f 10792/3/6 10784/3/6 10793/3/6
f 10785/2/6 10786/2/6 10805/2/6
f 10786/5/6 10787/5/6 10806/5/6
f 10805/2/6 10786/2/6 10806/2/6
f 10787/4/6 10788/4/6 10807/4/6
f 10806/5/6 10787/5/6 10807/5/6
f 10807/4/6 10788/4/6 10808/4/6
f 10792/1/6 10793/1/6 10809/1/6
f 10793/2/6 10794/2/6 10810/2/6
f 10809/1/6 10793/1/6 10810/1/6
f 10810/2/6 10794/2/6 10811/2/6
f 10795/4/6 10796/4/6 10813/4/6
f 10796/2/6 10797/2/6 10814/2/6
f 10813/4/6 10796/4/6 10814/4/6
f 10797/3/6 10798/3/6 10815/3/6
f 10814/2/6 10797/2/6 10815/2/6
f 10798/2/6 10799/2/6 10816/2/6
f 10815/3/6 10798/3/6 10816/3/6
f 10799/3/6 10800/3/6 10817/3/6
f 10816/2/6 10799/2/6 10817/2/6
f 10800/2/6 10801/2/6 10818/2/6
f 10817/3/6 10800/3/6 10818/3/6
f 10801/3/6 10802/3/6 10819/3/6
f 10818/2/6 10801/2/6 10819/2/6
f 10802/1/6 10803/1/6 10820/1/6
f 10819/3/6 10802/3/6 10820/3/6
f 10820/1/6 10803/1/6 10821/1/6
f 10804/3/6 10805/3/6 10822/3/6
f 10805/5/6 10806/5/6 10823/5/6
f 10822/3/6 10805/3/6 10823/3/6
f 10823/5/6 10806/5/6 10824/5/6
f 10810/5/6 10811/5/6 10825/5/6
f 10811/3/6 10812/3/6 10826/3/6
f 10825/5/6 10811/5/6 10826/5/6
f 10812/2/6 10813/2/6 10827/2/6
f 10826/3/6 10812/3/6 10827/3/6
f 10813/3/6 10814/3/6 10828/3/6
f 10827/2/6 10813/2/6 10828/2/6
f 10828/3/6 10814/3/6 10829/3/6
f 10821/2/6 10822/2/6 10830/2/6
f 10820/2/6 10821/2/6 10830/2/6
f 10822/5/6 10823/5/6 10831/5/6
f 10830/2/6 10822/2/6 10831/2/6
f 10831/5/6 10823/5/6 10832/5/6
f 10833/5/6 10834/5/6 10837/5/6
f 10837/5/6 10834/5/6 10838/5/6
f 10835/4/6 10836/4/6 10839/4/6
f 10839/4/6 10836/4/6 10840/4/6
f 10841/1/6 10842/1/6 10845/1/6
f 10845/1/6 10842/1/6 10846/1/6
f 10843/4/6 10844/4/6 10847/4/6
f 10847/4/6 10844/4/6 10848/4/6
f 10849/1/6 10850/1/6 10854/1/6
f 10854/1/6 10850/1/6 10855/1/6
f 10851/1/6 10852/1/6 10856/1/6
f 10856/1/6 10852/1/6 10857/1/6
f 10853/3/6 10854/3/6 10859/3/6
f 10857/3/6 10858/3/6 10864/3/6
f 10853/3/6 10859/3/6 10865/3/6
f 10859/1/6 10860/1/6 10866/1/6
f 10865/3/6 10859/3/6 10866/3/6
f 10860/2/6 10861/2/6 10867/2/6
f 10866/1/6 10860/1/6 10867/1/6
f 10867/2/6 10861/2/6 10868/2/6
f 10865/2/6 10866/2/6 10869/2/6
f 10866/1/6 10867/1/6 10869/1/6
f 10867/3/6 10868/3/6 10870/3/6
f 10869/1/6 10867/1/6 10870/1/6
f 10870/3/6 10868/3/6 10871/3/6
f 10862/3/6 10863/3/6 10872/3/6
f 10863/1/6 10864/1/6 10873/1/6
f 10872/3/6 10863/3/6 10873/3/6
f 10864/3/6 10858/3/6 10874/3/6
f 10873/1/6 10864/1/6 10874/1/6
f 10874/3/6 10858/3/6 10875/3/6
f 10865/2/6 10869/2/6 10876/2/6
f 10876/2/6 10869/2/6 10877/2/6
f 10874/2/6 10875/2/6 10880/2/6
f 10880/2/6 10875/2/6 10881/2/6
f 10877/4/6 10878/4/6 10882/4/6
f 10882/4/6 10878/4/6 10883/4/6
f 10879/4/6 10880/4/6 10884/4/6
f 10884/4/6 10880/4/6 10885/4/6
f 10886/1/6 10887/1/6 10891/1/6
f 10891/1/6 10887/1/6 10892/1/6
f 10888/5/6 10889/5/6 10893/5/6
f 10893/5/6 10889/5/6 10894/5/6
f 10890/2/6 10891/2/6 10896/2/6
f 10894/2/6 10895/2/6 10899/2/6
f 10899/2/6 10895/2/6 10900/2/6
f 10896/1/6 10897/1/6 10901/1/6
f 10890/2/6 10896/2/6 10902/2/6
f 10896/1/6 10901/1/6 10902/1/6
f 10902/1/6 10901/1/6 10903/1/6
f 10898/1/6 10899/1/6 10904/1/6
f 10899/3/6 10900/3/6 10905/3/6
f 10904/1/6 10899/1/6 10905/1/6
f 10890/2/6 10902/2/6 10906/2/6
f 10906/2/6 10902/2/6 10907/2/6
f 10905/3/6 10900/3/6 10910/3/6
f 10910/3/6 10900/3/6 10911/3/6
f 10907/4/6 10908/4/6 10912/4/6
f 10912/4/6 10908/4/6 10913/4/6
f 10909/5/6 10910/5/6 10914/5/6
f 10914/5/6 10910/5/6 10915/5/6
f 10916/1/6 10917/1/6 10920/1/6
f 10920/1/6 10917/1/6 10921/1/6
f 10920/5/6 10921/5/6 10922/5/6
f 10922/5/6 10921/5/6 10923/5/6
f 10918/4/6 10919/4/6 10924/4/6
f 10924/4/6 10919/4/6 10925/4/6
f 10926/5/6 10927/5/6 10930/5/6
f 10930/5/6 10927/5/6 10931/5/6
f 10928/5/6 10929/5/6 10932/5/6
f 10932/5/6 10929/5/6 10933/5/6
f 10934/5/6 10935/5/6 10938/5/6
f 10938/5/6 10935/5/6 10939/5/6
f 10936/1/6 10937/1/6 10940/1/6
f 10940/1/6 10937/1/6 10941/1/6
f 10942/3/6 10943/3/6 10946/3/6
f 10946/3/6 10943/3/6 10947/3/6
f 10944/3/6 10945/3/6 10948/3/6
f 10948/3/6 10945/3/6 10949/3/6
f 10950/3/6 10951/3/6 10954/3/6
f 10954/3/6 10951/3/6 10955/3/6
f 10952/3/6 10953/3/6 10956/3/6
f 10956/3/6 10953/3/6 10957/3/6
f 10958/3/6 10959/3/6 10962/3/6
f 10962/3/6 10959/3/6 10963/3/6
f 10960/3/6 10961/3/6 10964/3/6
f 10964/3/6 10961/3/6 10965/3/6
f 10966/2/6 10967/2/6 10970/2/6
f 10970/2/6 10967/2/6 10971/2/6
f 10968/2/6 10969/2/6 10972/2/6
f 10972/2/6 10969/2/6 10973/2/6
f 10974/4/6 10975/4/6 10978/4/6
f 10978/4/6 10975/4/6 10979/4/6
f 10976/5/6 10977/5/6 10980/5/6
f 10980/5/6 10977/5/6 10981/5/6
f 10982/5/6 10983/5/6 10986/5/6
f 10986/5/6 10983/5/6 10987/5/6
f 10984/5/6 10985/5/6 10988/5/6
f 10988/5/6 10985/5/6 10989/5/6
f 10990/5/6 10991/5/6 10994/5/6
f 10994/5/6 10991/5/6 10995/5/6
f 10992/5/6 10993/5/6 10996/5/6
f 10996/5/6 10993/5/6 10997/5/6
f 10998/5/6 10999/5/6 11002/5/6
f 11002/5/6 10999/5/6 11003/5/6
f 11000/1/6 11001/1/6 11004/1/6
f 11004/1/6 11001/1/6 11005/1/6
f 11006/4/6 11007/4/6 11010/4/6
f 11010/4/6 11007/4/6 11011/4/6
f 11008/1/6 11009/1/6 11012/1/6
f 11012/1/6 11009/1/6 11013/1/6
f 11014/5/6 11015/5/6 11018/5/6
f 11018/5/6 11015/5/6 11019/5/6
f 11016/4/6 11017/4/6 11020/4/6
f 11020/4/6 11017/4/6 11021/4/6
f 11022/2/6 11023/2/6 11026/2/6
f 11026/2/6 11023/2/6 11027/2/6
f 11024/2/6 11025/2/6 11028/2/6
f 11028/2/6 11025/2/6 11029/2/6
f 11030/2/6 11031/2/6 11034/2/6
f 11034/2/6 11031/2/6 11035/2/6
f 11032/2/6 11033/2/6 11036/2/6
f 11036/2/6 11033/2/6 11037/2/6
f 11038/2/6 11039/2/6 11042/2/6
f 11042/2/6 11039/2/6 11043/2/6
f 11040/2/6 11041/2/6 11044/2/6
f 11044/2/6 11041/2/6 11045/2/6
f 11046/3/6 11047/3/6 11050/3/6
f 11050/3/6 11047/3/6 11051/3/6
f 11048/3/6 11049/3/6 11052/3/6
f 11052/3/6 11049/3/6 11053/3/6
f 11054/3/6 11055/3/6 11062/3/6
f 11062/3/6 11055/3/6 11063/3/6
f 11055/2/6 11056/2/6 11064/2/6
f 11063/3/6 11055/3/6 11064/3/6
f 11064/2/6 11056/2/6 11065/2/6
f 11057/2/6 11058/2/6 11074/2/6
f 11074/2/6 11058/2/6 11075/2/6
f 11058/3/6 11059/3/6 11076/3/6
f 11075/2/6 11058/2/6 11076/2/6
f 11059/2/6 11060/2/6 11077/2/6
f 11076/3/6 11059/3/6 11077/3/6
f 11077/2/6 11060/2/6 11078/2/6
f 11061/4/6 11062/4/6 11082/4/6
f 11062/3/6 11063/3/6 11083/3/6
f 11082/4/6 11062/4/6 11083/4/6
f 11083/3/6 11063/3/6 11084/3/6
f 11064/3/6 11065/3/6 11085/3/6
f 11065/3/6 11066/3/6 11085/3/6
f 11066/2/6 11067/2/6 11086/2/6
f 11085/3/6 11066/3/6 11086/3/6
f 11067/3/6 11068/3/6 11087/3/6
f 11086/2/6 11067/2/6 11087/2/6
f 11068/2/6 11069/2/6 11088/2/6
f 11087/3/6 11068/3/6 11088/3/6
f 11069/5/6 11070/5/6 11089/5/6
f 11088/2/6 11069/2/6 11089/2/6
f 11070/3/6 11071/3/6 11090/3/6
f 11089/5/6 11070/5/6 11090/5/6
f 11071/2/6 11072/2/6 11091/2/6
f 11090/3/6 11071/3/6 11091/3/6
f 11072/3/6 11073/3/6 11092/3/6
f 11091/2/6 11072/2/6 11092/2/6
f 11073/2/6 11074/2/6 11093/2/6
f 11092/3/6 11073/3/6 11093/3/6
f 11074/3/6 11075/3/6 11094/3/6
f 11093/2/6 11074/2/6 11094/2/6
f 11094/3/6 11075/3/6 11095/3/6
f 11077/3/6 11078/3/6 11096/3/6
f 11078/4/6 11079/4/6 11097/4/6
f 11096/3/6 11078/3/6 11097/3/6
f 11097/4/6 11079/4/6 11098/4/6
f 11080/3/6 11081/3/6 11102/3/6
f 11081/2/6 11082/2/6 11103/2/6
f 11082/2/6 11083/2/6 11103/2/6
f 11102/3/6 11081/3/6 11103/3/6
f 11103/2/6 11083/2/6 11104/2/6
f 11087/1/6 11088/1/6 11105/1/6
f 11105/1/6 11088/1/6 11106/1/6
f 11091/4/6 11092/4/6 11107/4/6
f 11107/4/6 11092/4/6 11108/4/6
f 11098/2/6 11099/2/6 11109/2/6
f 11097/2/6 11098/2/6 11109/2/6
f 11099/3/6 11100/3/6 11110/3/6
f 11109/2/6 11099/2/6 11110/2/6
f 11110/3/6 11100/3/6 11111/3/6
f 11101/5/6 11102/5/6 11114/5/6
f 11102/3/6 11103/3/6 11115/3/6
f 11114/5/6 11102/5/6 11115/5/6
f 11115/3/6 11103/3/6 11116/3/6
f 11105/2/6 11106/2/6 11117/2/6
f 11117/2/6 11106/2/6 11118/2/6
f 11107/3/6 11108/3/6 11119/3/6
f 11119/3/6 11108/3/6 11120/3/6
f 11110/3/6 11111/3/6 11121/3/6
f 11111/5/6 11112/5/6 11122/5/6
f 11121/3/6 11111/3/6 11122/3/6
f 11122/5/6 11112/5/6 11123/5/6
f 11113/3/6 11114/3/6 11125/3/6
f 11114/2/6 11115/2/6 11126/2/6
f 11125/3/6 11114/3/6 11126/3/6
f 11126/2/6 11115/2/6 11127/2/6
f 11122/3/6 11123/3/6 11128/3/6
f 11123/2/6 11124/2/6 11129/2/6
f 11128/3/6 11123/3/6 11129/3/6
f 11129/2/6 11124/2/6 11130/2/6
f 11125/5/6 11126/5/6 11131/5/6
f 11131/5/6 11126/5/6 11132/5/6
f 11129/4/6 11130/4/6 11133/4/6
f 11133/4/6 11130/4/6 11134/4/6
f 11131/4/6 11132/4/6 11136/4/6
f 11136/4/6 11132/4/6 11137/4/6
f 11133/5/6 11134/5/6 11144/5/6
f 11144/5/6 11134/5/6 11145/5/6
f 11135/2/6 11136/2/6 11147/2/6
f 11136/2/6 11137/2/6 11147/2/6
f 11147/2/6 11137/2/6 11148/2/6
f 11138/3/6 11139/3/6 11150/3/6
f 11139/1/6 11140/1/6 11151/1/6
f 11150/3/6 11139/3/6 11151/3/6
f 11151/1/6 11140/1/6 11152/1/6
f 11141/4/6 11142/4/6 11156/4/6
f 11142/3/6 11143/3/6 11157/3/6
f 11156/4/6 11142/4/6 11157/4/6
f 11157/3/6 11143/3/6 11158/3/6
f 11144/2/6 11145/2/6 11160/2/6
f 11145/3/6 11146/3/6 11161/3/6
f 11160/2/6 11145/2/6 11161/2/6
f 11149/3/6 11150/3/6 11163/3/6
f 11163/3/6 11150/3/6 11164/3/6
f 11150/5/6 11151/5/6 11165/5/6
f 11164/3/6 11150/3/6 11165/3/6
f 11151/1/6 11152/1/6 11166/1/6
f 11165/5/6 11151/5/6 11166/5/6
f 11152/3/6 11153/3/6 11167/3/6
f 11166/1/6 11152/1/6 11167/1/6
f 11153/2/6 11154/2/6 11168/2/6
f 11167/3/6 11153/3/6 11168/3/6
f 11168/2/6 11154/2/6 11169/2/6
f 11155/3/6 11156/3/6 11172/3/6
f 11172/3/6 11156/3/6 11173/3/6
f 11157/1/6 11158/1/6 11174/1/6
f 11173/3/6 11156/3/6 11174/3/6
f 11156/1/6 11157/1/6 11174/1/6
f 11158/3/6 11159/3/6 11175/3/6
f 11174/1/6 11158/1/6 11175/1/6
f 11175/3/6 11159/3/6 11176/3/6
f 11176/3/6 11159/3/6 11177/3/6
f 11135/2/6 11147/2/6 11179/2/6
f 11179/2/6 11147/2/6 11180/2/6
f 11163/3/6 11164/3/6 11181/3/6
f 11162/3/6 11163/3/6 11181/3/6
f 11181/3/6 11164/3/6 11182/3/6
f 11168/4/6 11169/4/6 11183/4/6
f 11169/2/6 11170/2/6 11184/2/6
f 11183/4/6 11169/4/6 11184/4/6
f 11184/2/6 11170/2/6 11185/2/6
f 11171/2/6 11172/2/6 11188/2/6
f 11172/1/6 11173/1/6 11189/1/6
f 11188/2/6 11172/2/6 11189/2/6
f 11189/1/6 11173/1/6 11190/1/6
f 11177/2/6 11178/2/6 11191/2/6
f 11176/2/6 11177/2/6 11191/2/6
f 11191/2/6 11178/2/6 11192/2/6
f 11185/3/6 11186/3/6 11193/3/6
f 11193/3/6 11186/3/6 11194/3/6
f 11187/2/6 11188/2/6 11197/2/6
f 11197/2/6 11188/2/6 11198/2/6
f 11179/3/6 11180/3/6 11199/3/6
f 11199/3/6 11180/3/6 11200/3/6
f 11193/2/6 11194/2/6 11201/2/6
f 11194/5/6 11195/5/6 11202/5/6
f 11201/2/6 11194/2/6 11202/2/6
f 11202/5/6 11195/5/6 11203/5/6
f 11196/4/6 11197/4/6 11204/4/6
f 11197/3/6 11198/3/6 11205/3/6
f 11204/4/6 11197/4/6 11205/4/6
f 11205/3/6 11198/3/6 11206/3/6
f 11161/3/6 11146/3/6 11207/3/6
f 11207/3/6 11146/3/6 11208/3/6
f 11199/2/6 11200/2/6 11209/2/6
f 11209/2/6 11200/2/6 11210/2/6
f 11204/5/6 11205/5/6 11211/5/6
f 11211/5/6 11205/5/6 11212/5/6
f 11207/2/6 11208/2/6 11213/2/6
f 11213/2/6 11208/2/6 11214/2/6
f 11202/4/6 11203/4/6 11216/4/6
f 11216/4/6 11203/4/6 11217/4/6
f 11211/4/6 11212/4/6 11218/4/6
f 11218/4/6 11212/4/6 11219/4/6
f 11209/3/6 11210/3/6 11221/3/6
f 11221/3/6 11210/3/6 11222/3/6
f 11215/2/6 11216/2/6 11223/2/6
f 11216/5/6 11217/5/6 11224/5/6
f 11223/2/6 11216/2/6 11224/2/6
f 11224/5/6 11217/5/6 11225/5/6
f 11218/5/6 11219/5/6 11226/5/6
f 11219/2/6 11220/2/6 11227/2/6
f 11226/5/6 11219/5/6 11227/5/6
f 11213/3/6 11214/3/6 11228/3/6
f 11228/3/6 11214/3/6 11229/3/6
f 11221/2/6 11222/2/6 11230/2/6
f 11230/2/6 11222/2/6 11231/2/6
f 11223/3/6 11224/3/6 11236/3/6
f 11236/3/6 11224/3/6 11237/3/6
f 11227/2/6 11220/2/6 11238/2/6
f 11238/2/6 11220/2/6 11239/2/6
f 11228/2/6 11229/2/6 11245/2/6
f 11245/2/6 11229/2/6 11246/2/6
f 11230/3/6 11231/3/6 11247/3/6
f 11247/3/6 11231/3/6 11248/3/6
f 11232/2/6 11233/2/6 11249/2/6
f 11249/2/6 11233/2/6 11250/2/6
f 11250/2/6 11233/2/6 11251/2/6
f 11234/4/6 11235/4/6 11254/4/6
f 11235/3/6 11236/3/6 11255/3/6
f 11254/4/6 11235/4/6 11255/4/6
f 11255/3/6 11236/3/6 11256/3/6
f 11239/2/6 11240/2/6 11257/2/6
f 11240/4/6 11241/4/6 11258/4/6
f 11257/2/6 11240/2/6 11258/2/6
f 11258/4/6 11241/4/6 11259/4/6
f 11242/2/6 11243/2/6 11262/2/6
f 11243/3/6 11244/3/6 11263/3/6
f 11262/2/6 11243/2/6 11263/2/6
f 11263/3/6 11244/3/6 11264/3/6
f 11245/3/6 11246/3/6 11265/3/6
f 11265/3/6 11246/3/6 11266/3/6
f 11247/2/6 11248/2/6 11267/2/6
f 11250/3/6 11251/3/6 11269/3/6
f 11251/3/6 11252/3/6 11269/3/6
f 11252/1/6 11253/1/6 11270/1/6
f 11269/3/6 11252/3/6 11270/3/6
f 11270/1/6 11253/1/6 11271/1/6
f 11253/2/6 11254/2/6 11272/2/6
f 11271/1/6 11253/1/6 11272/1/6
f 11254/3/6 11255/3/6 11273/3/6
f 11272/2/6 11254/2/6 11273/2/6
f 11273/3/6 11255/3/6 11274/3/6
f 11258/3/6 11259/3/6 11275/3/6
f 11259/2/6 11260/2/6 11276/2/6
f 11275/3/6 11259/3/6 11276/3/6
f 11260/1/6 11261/1/6 11277/1/6
f 11276/2/6 11260/2/6 11277/2/6
f 11277/1/6 11261/1/6 11278/1/6
f 11261/3/6 11262/3/6 11279/3/6
f 11278/1/6 11261/1/6 11279/1/6
f 11262/2/6 11263/2/6 11280/2/6
f 11279/3/6 11262/3/6 11280/3/6
f 11280/2/6 11263/2/6 11281/2/6
f 11265/2/6 11266/2/6 11283/2/6
f 11283/2/6 11266/2/6 11284/2/6
f 11267/2/6 11268/2/6 11285/2/6
f 11247/2/6 11267/2/6 11285/2/6
f 11285/2/6 11268/2/6 11286/2/6
f 11286/2/6 11268/2/6 11287/2/6
f 11270/3/6 11271/3/6 11288/3/6
f 11271/1/6 11272/1/6 11289/1/6
f 11288/3/6 11271/3/6 11289/3/6
f 11289/1/6 11272/1/6 11290/1/6
f 11277/1/6 11278/1/6 11291/1/6
f 11278/3/6 11279/3/6 11292/3/6
f 11291/1/6 11278/1/6 11292/1/6
f 11292/3/6 11279/3/6 11293/3/6
f 11282/2/6 11283/2/6 11294/2/6
f 11283/3/6 11284/3/6 11295/3/6
f 11294/2/6 11283/2/6 11295/2/6
f 11295/3/6 11284/3/6 11296/3/6
f 11286/5/6 11287/5/6 11297/5/6
f 11297/5/6 11287/5/6 11298/5/6
f 11297/1/6 11298/1/6 11299/1/6
f 11299/1/6 11298/1/6 11300/1/6
f 11294/5/6 11295/5/6 11303/5/6
f 11303/5/6 11295/5/6 11304/5/6
f 11300/3/6 11301/3/6 11305/3/6
f 11299/3/6 11300/3/6 11305/3/6
f 11305/3/6 11301/3/6 11306/3/6
f 11306/3/6 11301/3/6 11307/3/6
f 11303/3/6 11304/3/6 11314/3/6
f 11302/3/6 11303/3/6 11314/3/6
f 11314/3/6 11304/3/6 11315/3/6
f 11315/3/6 11304/3/6 11316/3/6
f 11306/5/6 11307/5/6 11317/5/6
f 11307/2/6 11308/2/6 11318/2/6
f 11317/5/6 11307/5/6 11318/5/6
f 11318/2/6 11308/2/6 11319/2/6
f 11309/3/6 11310/3/6 11321/3/6
f 11321/3/6 11310/3/6 11322/3/6
f 11311/2/6 11312/2/6 11323/2/6
f 11323/2/6 11312/2/6 11324/2/6
f 11313/3/6 11314/3/6 11327/3/6
f 11314/5/6 11315/5/6 11328/5/6
f 11327/3/6 11314/3/6 11328/3/6
f 11328/5/6 11315/5/6 11329/5/6
f 11319/2/6 11320/2/6 11330/2/6
f 11318/2/6 11319/2/6 11330/2/6
f 11330/2/6 11320/2/6 11331/2/6
f 11331/2/6 11320/2/6 11332/2/6
f 11321/1/6 11322/1/6 11336/1/6
f 11336/1/6 11322/1/6 11337/1/6
f 11323/1/6 11324/1/6 11340/1/6
f 11340/1/6 11324/1/6 11341/1/6
f 11325/2/6 11326/2/6 11345/2/6
f 11326/3/6 11327/3/6 11346/3/6
f 11345/2/6 11326/2/6 11346/2/6
f 11327/2/6 11328/2/6 11347/2/6
f 11346/3/6 11327/3/6 11347/3/6
f 11347/2/6 11328/2/6 11348/2/6
f 11331/1/6 11332/1/6 11349/1/6
f 11332/2/6 11333/2/6 11350/2/6
f 11349/1/6 11332/1/6 11350/1/6
f 11350/2/6 11333/2/6 11351/2/6
f 11334/2/6 11335/2/6 11353/2/6
f 11353/2/6 11335/2/6 11354/2/6
f 11335/3/6 11336/3/6 11355/3/6
f 11354/2/6 11335/2/6 11355/2/6
f 11336/3/6 11337/3/6 11355/3/6
f 11337/2/6 11338/2/6 11356/2/6
f 11355/3/6 11337/3/6 11356/3/6
f 11338/4/6 11339/4/6 11357/4/6
f 11356/2/6 11338/2/6 11357/2/6
f 11339/3/6 11340/3/6 11358/3/6
f 11357/4/6 11339/4/6 11358/4/6
f 11340/2/6 11341/2/6 11359/2/6
f 11358/3/6 11340/3/6 11359/3/6
f 11341/2/6 11342/2/6 11359/2/6
f 11342/3/6 11343/3/6 11360/3/6
f 11359/2/6 11342/2/6 11360/2/6
f 11360/3/6 11343/3/6 11361/3/6
f 11344/3/6 11345/3/6 11363/3/6
f 11345/1/6 11346/1/6 11364/1/6
f 11363/3/6 11345/3/6 11364/3/6
f 11364/1/6 11346/1/6 11365/1/6
f 11351/2/6 11352/2/6 11366/2/6
f 11350/2/6 11351/2/6 11366/2/6
f 11352/3/6 11353/3/6 11367/3/6
f 11366/2/6 11352/2/6 11367/2/6
f 11353/2/6 11354/2/6 11368/2/6
f 11367/3/6 11353/3/6 11368/3/6
f 11368/2/6 11354/2/6 11369/2/6
f 11360/3/6 11361/3/6 11370/3/6
f 11361/2/6 11362/2/6 11371/2/6
f 11370/3/6 11361/3/6 11371/3/6
f 11362/3/6 11363/3/6 11372/3/6
f 11371/2/6 11362/2/6 11372/2/6
f 11363/2/6 11364/2/6 11373/2/6
f 11372/3/6 11363/3/6 11373/3/6
f 11373/2/6 11364/2/6 11374/2/6
