# MagicaVoxel @ Ephtracy

# group
o 

# material
mtllib cave_decorations-2.mtl
usemtl palette

# normals
vn -1 0 0
vn 1 0 0
vn 0 0 1
vn 0 0 -1
vn 0 -1 0
vn 0 1 0

# texcoords
vt 0.591797 0.5
vt 0.826172 0.5
vt 0.841797 0.5

# verts
v -1.75 -0.45 3.15
v -1.75 -0.45 3.05
v -1.75 -0.45 2.95
v -1.75 -0.45 1.45
v -1.75 -0.45 1.15
v -1.75 -0.45 -0.35
v -1.75 -0.45 -0.65
v -1.75 -0.45 -2.15
v -1.75 -0.45 -2.45
v -1.75 -0.35 2.95
v -1.75 -0.35 2.85
v -1.75 -0.35 1.55
v -1.75 -0.35 1.45
v -1.75 -0.35 1.15
v -1.75 -0.35 1.05
v -1.75 -0.35 -0.25
v -1.75 -0.35 -0.35
v -1.75 -0.35 -0.65
v -1.75 -0.35 -0.75
v -1.75 -0.35 -2.05
v -1.75 -0.35 -2.15
v -1.75 -0.35 -2.45
v -1.75 -0.35 -2.55
v -1.75 -0.25 2.85
v -1.75 -0.25 2.75
v -1.75 -0.25 1.65
v -1.75 -0.25 1.55
v -1.75 -0.25 1.05
v -1.75 -0.25 0.95
v -1.75 -0.25 -0.15
v -1.75 -0.25 -0.25
v -1.75 -0.25 -0.75
v -1.75 -0.25 -0.85
v -1.75 -0.25 -1.95
v -1.75 -0.25 -2.05
v -1.75 -0.25 -2.55
v -1.75 -0.25 -2.65
v -1.75 -0.15 2.75
v -1.75 -0.15 2.65
v -1.75 -0.15 1.75
v -1.75 -0.15 1.65
v -1.75 -0.15 0.95
v -1.75 -0.15 0.85
v -1.75 -0.15 -0.05
v -1.75 -0.15 -0.15
v -1.75 -0.15 -0.85
v -1.75 -0.15 -0.95
v -1.75 -0.15 -1.85
v -1.75 -0.15 -1.95
v -1.75 -0.15 -2.65
v -1.75 -0.15 -2.75
v -1.75 0.15 2.75
v -1.75 0.15 2.65
v -1.75 0.15 1.75
v -1.75 0.15 1.65
v -1.75 0.15 0.95
v -1.75 0.15 0.85
v -1.75 0.15 -0.05
v -1.75 0.15 -0.15
v -1.75 0.15 -0.85
v -1.75 0.15 -0.95
v -1.75 0.15 -1.85
v -1.75 0.15 -1.95
v -1.75 0.15 -2.65
v -1.75 0.15 -2.75
v -1.75 0.25 2.85
v -1.75 0.25 2.75
v -1.75 0.25 1.65
v -1.75 0.25 1.55
v -1.75 0.25 1.05
v -1.75 0.25 0.95
v -1.75 0.25 -0.15
v -1.75 0.25 -0.25
v -1.75 0.25 -0.75
v -1.75 0.25 -0.85
v -1.75 0.25 -1.95
v -1.75 0.25 -2.05
v -1.75 0.25 -2.55
v -1.75 0.25 -2.65
v -1.75 0.35 2.95
v -1.75 0.35 2.85
v -1.75 0.35 1.55
v -1.75 0.35 1.45
v -1.75 0.35 1.15
v -1.75 0.35 1.05
v -1.75 0.35 -0.25
v -1.75 0.35 -0.35
v -1.75 0.35 -0.65
v -1.75 0.35 -0.75
v -1.75 0.35 -2.05
v -1.75 0.35 -2.15
v -1.75 0.35 -2.45
v -1.75 0.35 -2.55
v -1.75 0.45 3.15
v -1.75 0.45 3.05
v -1.75 0.45 2.95
v -1.75 0.45 1.45
v -1.75 0.45 1.15
v -1.75 0.45 -0.35
v -1.75 0.45 -0.65
v -1.75 0.45 -2.15
v -1.75 0.45 -2.45
v -1.65 -0.75 3.15
v -1.65 -0.75 3.05
v -1.65 -0.75 2.95
v -1.65 -0.75 1.45
v -1.65 -0.75 1.15
v -1.65 -0.75 -0.35
v -1.65 -0.75 -0.65
v -1.65 -0.75 -2.15
v -1.65 -0.75 -2.45
v -1.65 -0.65 2.95
v -1.65 -0.65 2.75
v -1.65 -0.65 1.65
v -1.65 -0.65 1.45
v -1.65 -0.65 1.15
v -1.65 -0.65 0.95
v -1.65 -0.65 -0.15
v -1.65 -0.65 -0.35
v -1.65 -0.65 -0.65
v -1.65 -0.65 -0.85
v -1.65 -0.65 -1.95
v -1.65 -0.65 -2.15
v -1.65 -0.65 -2.45
v -1.65 -0.65 -2.65
v -1.65 -0.55 2.75
v -1.65 -0.55 2.55
v -1.65 -0.55 1.85
v -1.65 -0.55 1.65
v -1.65 -0.55 0.95
v -1.65 -0.55 0.75
v -1.65 -0.55 0.05
v -1.65 -0.55 -0.15
v -1.65 -0.55 -0.85
v -1.65 -0.55 -1.05
v -1.65 -0.55 -1.75
v -1.65 -0.55 -1.95
v -1.65 -0.55 -2.65
v -1.65 -0.55 -2.85
v -1.65 -0.45 3.15
v -1.65 -0.45 3.05
v -1.65 -0.45 2.95
v -1.65 -0.45 1.45
v -1.65 -0.45 1.15
v -1.65 -0.45 -0.35
v -1.65 -0.45 -0.65
v -1.65 -0.45 -2.15
v -1.65 -0.45 -2.45
v -1.65 -0.35 2.95
v -1.65 -0.35 2.85
v -1.65 -0.35 2.55
v -1.65 -0.35 2.45
v -1.65 -0.35 1.95
v -1.65 -0.35 1.85
v -1.65 -0.35 1.55
v -1.65 -0.35 1.45
v -1.65 -0.35 1.15
v -1.65 -0.35 1.05
v -1.65 -0.35 0.75
v -1.65 -0.35 0.65
v -1.65 -0.35 0.15
v -1.65 -0.35 0.05
v -1.65 -0.35 -0.25
v -1.65 -0.35 -0.35
v -1.65 -0.35 -0.65
v -1.65 -0.35 -0.75
v -1.65 -0.35 -1.05
v -1.65 -0.35 -1.15
v -1.65 -0.35 -1.65
v -1.65 -0.35 -1.75
v -1.65 -0.35 -2.05
v -1.65 -0.35 -2.15
v -1.65 -0.35 -2.45
v -1.65 -0.35 -2.55
v -1.65 -0.35 -2.85
v -1.65 -0.35 -2.95
v -1.65 -0.25 2.85
v -1.65 -0.25 2.75
v -1.65 -0.25 1.65
v -1.65 -0.25 1.55
v -1.65 -0.25 1.05
v -1.65 -0.25 0.95
v -1.65 -0.25 -0.15
v -1.65 -0.25 -0.25
v -1.65 -0.25 -0.75
v -1.65 -0.25 -0.85
v -1.65 -0.25 -1.95
v -1.65 -0.25 -2.05
v -1.65 -0.25 -2.55
v -1.65 -0.25 -2.65
v -1.65 -0.15 2.75
v -1.65 -0.15 2.65
v -1.65 -0.15 2.45
v -1.65 -0.15 2.35
v -1.65 -0.15 2.05
v -1.65 -0.15 1.95
v -1.65 -0.15 1.75
v -1.65 -0.15 1.65
v -1.65 -0.15 0.95
v -1.65 -0.15 0.85
v -1.65 -0.15 0.65
v -1.65 -0.15 0.55
v -1.65 -0.15 0.25
v -1.65 -0.15 0.15
v -1.65 -0.15 -0.05
v -1.65 -0.15 -0.15
v -1.65 -0.15 -0.85
v -1.65 -0.15 -0.95
v -1.65 -0.15 -1.15
v -1.65 -0.15 -1.25
v -1.65 -0.15 -1.55
v -1.65 -0.15 -1.65
v -1.65 -0.15 -1.85
v -1.65 -0.15 -1.95
v -1.65 -0.15 -2.65
v -1.65 -0.15 -2.75
v -1.65 -0.15 -2.95
v -1.65 -0.15 -3.05
v -1.65 0.15 2.75
v -1.65 0.15 2.65
v -1.65 0.15 2.45
v -1.65 0.15 2.35
v -1.65 0.15 2.05
v -1.65 0.15 1.95
v -1.65 0.15 1.75
v -1.65 0.15 1.65
v -1.65 0.15 0.95
v -1.65 0.15 0.85
v -1.65 0.15 0.65
v -1.65 0.15 0.55
v -1.65 0.15 0.25
v -1.65 0.15 0.15
v -1.65 0.15 -0.05
v -1.65 0.15 -0.15
v -1.65 0.15 -0.85
v -1.65 0.15 -0.95
v -1.65 0.15 -1.15
v -1.65 0.15 -1.25
v -1.65 0.15 -1.55
v -1.65 0.15 -1.65
v -1.65 0.15 -1.85
v -1.65 0.15 -1.95
v -1.65 0.15 -2.65
v -1.65 0.15 -2.75
v -1.65 0.15 -2.95
v -1.65 0.15 -3.05
v -1.65 0.25 2.85
v -1.65 0.25 2.75
v -1.65 0.25 1.65
v -1.65 0.25 1.55
v -1.65 0.25 1.05
v -1.65 0.25 0.95
v -1.65 0.25 -0.15
v -1.65 0.25 -0.25
v -1.65 0.25 -0.75
v -1.65 0.25 -0.85
v -1.65 0.25 -1.95
v -1.65 0.25 -2.05
v -1.65 0.25 -2.55
v -1.65 0.25 -2.65
v -1.65 0.35 2.95
v -1.65 0.35 2.85
v -1.65 0.35 2.45
v -1.65 0.35 1.95
v -1.65 0.35 1.85
v -1.65 0.35 1.55
v -1.65 0.35 1.45
v -1.65 0.35 1.15
v -1.65 0.35 1.05
v -1.65 0.35 0.75
v -1.65 0.35 0.65
v -1.65 0.35 0.15
v -1.65 0.35 0.05
v -1.65 0.35 -0.25
v -1.65 0.35 -0.35
v -1.65 0.35 -0.65
v -1.65 0.35 -0.75
v -1.65 0.35 -1.05
v -1.65 0.35 -1.15
v -1.65 0.35 -1.65
v -1.65 0.35 -1.75
v -1.65 0.35 -2.05
v -1.65 0.35 -2.15
v -1.65 0.35 -2.45
v -1.65 0.35 -2.55
v -1.65 0.35 -2.75
v -1.65 0.35 -2.95
v -1.65 0.45 3.15
v -1.65 0.45 3.05
v -1.65 0.45 2.95
v -1.65 0.45 2.85
v -1.65 0.45 1.45
v -1.65 0.45 1.15
v -1.65 0.45 -0.35
v -1.65 0.45 -0.65
v -1.65 0.45 -2.15
v -1.65 0.45 -2.45
v -1.65 0.45 -2.65
v -1.65 0.45 -2.75
v -1.65 0.55 3.15
v -1.65 0.55 3.05
v -1.65 0.55 1.85
v -1.65 0.55 1.65
v -1.65 0.55 0.95
v -1.65 0.55 0.75
v -1.65 0.55 0.05
v -1.65 0.55 -0.15
v -1.65 0.55 -0.85
v -1.65 0.55 -1.05
v -1.65 0.55 -1.75
v -1.65 0.55 -1.95
v -1.65 0.55 -2.55
v -1.65 0.55 -2.65
v -1.65 0.65 1.65
v -1.65 0.65 1.45
v -1.65 0.65 1.15
v -1.65 0.65 0.95
v -1.65 0.65 -0.15
v -1.65 0.65 -0.35
v -1.65 0.65 -0.65
v -1.65 0.65 -0.85
v -1.65 0.65 -1.95
v -1.65 0.65 -2.15
v -1.65 0.65 -2.45
v -1.65 0.65 -2.55
v -1.65 0.75 1.45
v -1.65 0.75 1.15
v -1.65 0.75 -0.35
v -1.65 0.75 -0.65
v -1.65 0.75 -2.15
v -1.65 0.75 -2.45
v -1.55 -0.95 3.15
v -1.55 -0.95 3.05
v -1.55 -0.95 1.35
v -1.55 -0.95 1.25
v -1.55 -0.95 -0.45
v -1.55 -0.95 -0.55
v -1.55 -0.95 -2.25
v -1.55 -0.95 -2.35
v -1.55 -0.85 3.05
v -1.55 -0.85 2.65
v -1.55 -0.85 1.75
v -1.55 -0.85 1.35
v -1.55 -0.85 1.25
v -1.55 -0.85 0.85
v -1.55 -0.85 -0.05
v -1.55 -0.85 -0.45
v -1.55 -0.85 -0.55
v -1.55 -0.85 -0.95
v -1.55 -0.85 -1.85
v -1.55 -0.85 -2.25
v -1.55 -0.85 -2.35
v -1.55 -0.85 -2.75
v -1.55 -0.75 3.15
v -1.55 -0.75 3.05
v -1.55 -0.75 2.95
v -1.55 -0.75 2.65
v -1.55 -0.75 2.55
v -1.55 -0.75 1.85
v -1.55 -0.75 1.75
v -1.55 -0.75 1.45
v -1.55 -0.75 1.15
v -1.55 -0.75 0.85
v -1.55 -0.75 0.75
v -1.55 -0.75 0.05
v -1.55 -0.75 -0.05
v -1.55 -0.75 -0.35
v -1.55 -0.75 -0.65
v -1.55 -0.75 -0.95
v -1.55 -0.75 -1.05
v -1.55 -0.75 -1.75
v -1.55 -0.75 -1.85
v -1.55 -0.75 -2.15
v -1.55 -0.75 -2.45
v -1.55 -0.65 2.95
v -1.55 -0.65 2.75
v -1.55 -0.65 2.55
v -1.55 -0.65 2.45
v -1.55 -0.65 1.95
v -1.55 -0.65 1.85
v -1.55 -0.65 1.65
v -1.55 -0.65 1.45
v -1.55 -0.65 1.15
v -1.55 -0.65 0.95
v -1.55 -0.65 0.75
v -1.55 -0.65 0.65
v -1.55 -0.65 0.15
v -1.55 -0.65 0.05
v -1.55 -0.65 -0.15
v -1.55 -0.65 -0.35
v -1.55 -0.65 -0.65
v -1.55 -0.65 -0.85
v -1.55 -0.65 -1.05
v -1.55 -0.65 -1.15
v -1.55 -0.65 -1.65
v -1.55 -0.65 -1.75
v -1.55 -0.65 -1.95
v -1.55 -0.65 -2.15
v -1.55 -0.65 -2.45
v -1.55 -0.65 -2.65
v -1.55 -0.55 2.75
v -1.55 -0.55 2.55
v -1.55 -0.55 2.45
v -1.55 -0.55 2.35
v -1.55 -0.55 2.05
v -1.55 -0.55 1.95
v -1.55 -0.55 1.85
v -1.55 -0.55 1.65
v -1.55 -0.55 0.95
v -1.55 -0.55 0.75
v -1.55 -0.55 0.65
v -1.55 -0.55 0.55
v -1.55 -0.55 0.25
v -1.55 -0.55 0.15
v -1.55 -0.55 0.05
v -1.55 -0.55 -0.15
v -1.55 -0.55 -0.85
v -1.55 -0.55 -1.05
v -1.55 -0.55 -1.15
v -1.55 -0.55 -1.25
v -1.55 -0.55 -1.55
v -1.55 -0.55 -1.65
v -1.55 -0.55 -1.75
v -1.55 -0.55 -1.95
v -1.55 -0.55 -2.65
v -1.55 -0.55 -2.75
v -1.55 -0.45 2.35
v -1.55 -0.45 2.25
v -1.55 -0.45 2.15
v -1.55 -0.45 2.05
v -1.55 -0.45 0.55
v -1.55 -0.45 0.45
v -1.55 -0.45 0.35
v -1.55 -0.45 0.25
v -1.55 -0.45 -1.25
v -1.55 -0.45 -1.35
v -1.55 -0.45 -1.45
v -1.55 -0.45 -1.55
v -1.55 -0.35 2.55
v -1.55 -0.35 2.45
v -1.55 -0.35 1.95
v -1.55 -0.35 1.85
v -1.55 -0.35 0.75
v -1.55 -0.35 0.65
v -1.55 -0.35 0.15
v -1.55 -0.35 0.05
v -1.55 -0.35 -1.05
v -1.55 -0.35 -1.15
v -1.55 -0.35 -1.35
v -1.55 -0.35 -1.45
v -1.55 -0.35 -1.65
v -1.55 -0.35 -1.75
v -1.55 -0.15 2.45
v -1.55 -0.15 2.35
v -1.55 -0.15 2.05
v -1.55 -0.15 1.95
v -1.55 -0.15 0.65
v -1.55 -0.15 0.55
v -1.55 -0.15 0.25
v -1.55 -0.15 0.15
v -1.55 -0.15 -1.15
v -1.55 -0.15 -1.25
v -1.55 -0.15 -1.55
v -1.55 -0.15 -1.65
v -1.55 -0.05 2.25
v -1.55 -0.05 2.15
v -1.55 -0.05 0.45
v -1.55 -0.05 0.35
v -1.55 -0.05 -3.05
v -1.55 -0.05 -3.15
v -1.55 0.05 2.25
v -1.55 0.05 2.15
v -1.55 0.05 0.45
v -1.55 0.05 0.35
v -1.55 0.05 -3.05
v -1.55 0.05 -3.15
v -1.55 0.15 2.45
v -1.55 0.15 2.35
v -1.55 0.15 2.05
v -1.55 0.15 1.95
v -1.55 0.15 0.65
v -1.55 0.15 0.55
v -1.55 0.15 0.25
v -1.55 0.15 0.15
v -1.55 0.15 -1.15
v -1.55 0.15 -1.25
v -1.55 0.15 -1.55
v -1.55 0.15 -1.65
v -1.55 0.25 2.45
v -1.55 0.25 2.35
v -1.55 0.25 2.25
v -1.55 0.35 2.15
v -1.55 0.35 2.05
v -1.55 0.35 1.95
v -1.55 0.35 1.85
v -1.55 0.35 0.75
v -1.55 0.35 0.65
v -1.55 0.35 0.15
v -1.55 0.35 0.05
v -1.55 0.35 -1.05
v -1.55 0.35 -1.15
v -1.55 0.35 -1.35
v -1.55 0.35 -1.45
v -1.55 0.35 -1.65
v -1.55 0.35 -1.75
v -1.55 0.45 2.05
v -1.55 0.45 1.95
v -1.55 0.45 0.55
v -1.55 0.45 0.45
v -1.55 0.45 0.35
v -1.55 0.45 0.25
v -1.55 0.45 -1.25
v -1.55 0.45 -1.35
v -1.55 0.45 -1.45
v -1.55 0.45 -1.55
v -1.55 0.55 1.95
v -1.55 0.55 1.85
v -1.55 0.55 1.65
v -1.55 0.55 0.95
v -1.55 0.55 0.75
v -1.55 0.55 0.65
v -1.55 0.55 0.55
v -1.55 0.55 0.25
v -1.55 0.55 0.15
v -1.55 0.55 0.05
v -1.55 0.55 -0.15
v -1.55 0.55 -0.85
v -1.55 0.55 -1.05
v -1.55 0.55 -1.15
v -1.55 0.55 -1.25
v -1.55 0.55 -1.55
v -1.55 0.55 -1.65
v -1.55 0.55 -1.75
v -1.55 0.55 -1.95
v -1.55 0.65 1.85
v -1.55 0.65 1.75
v -1.55 0.65 1.65
v -1.55 0.65 1.45
v -1.55 0.65 1.15
v -1.55 0.65 0.95
v -1.55 0.65 0.75
v -1.55 0.65 0.65
v -1.55 0.65 0.15
v -1.55 0.65 0.05
v -1.55 0.65 -0.15
v -1.55 0.65 -0.35
v -1.55 0.65 -0.65
v -1.55 0.65 -0.85
v -1.55 0.65 -1.05
v -1.55 0.65 -1.15
v -1.55 0.65 -1.65
v -1.55 0.65 -1.75
v -1.55 0.65 -1.95
v -1.55 0.65 -2.15
v -1.55 0.75 1.75
v -1.55 0.75 1.65
v -1.55 0.75 1.45
v -1.55 0.75 1.15
v -1.55 0.75 0.85
v -1.55 0.75 0.75
v -1.55 0.75 0.05
v -1.55 0.75 -0.05
v -1.55 0.75 -0.35
v -1.55 0.75 -0.65
v -1.55 0.75 -0.95
v -1.55 0.75 -1.05
v -1.55 0.75 -1.75
v -1.55 0.75 -1.85
v -1.55 0.75 -2.15
v -1.55 0.75 -2.25
v -1.55 0.85 1.65
v -1.55 0.85 1.35
v -1.55 0.85 1.25
v -1.55 0.85 0.85
v -1.55 0.85 -0.05
v -1.55 0.85 -0.45
v -1.55 0.85 -0.55
v -1.55 0.85 -0.95
v -1.55 0.85 -1.85
v -1.55 0.85 -2.25
v -1.55 0.95 1.35
v -1.55 0.95 1.25
v -1.55 0.95 -0.45
v -1.55 0.95 -0.55
v -1.45 -1.05 3.15
v -1.45 -1.05 3.05
v -1.45 -1.05 2.75
v -1.45 -1.05 1.65
v -1.45 -1.05 0.95
v -1.45 -1.05 -0.15
v -1.45 -1.05 -0.85
v -1.45 -1.05 -1.95
v -1.45 -1.05 -2.65
v -1.45 -0.95 3.15
v -1.45 -0.95 3.05
v -1.45 -0.95 2.75
v -1.45 -0.95 2.55
v -1.45 -0.95 1.85
v -1.45 -0.95 1.65
v -1.45 -0.95 1.35
v -1.45 -0.95 1.25
v -1.45 -0.95 0.95
v -1.45 -0.95 0.75
v -1.45 -0.95 0.05
v -1.45 -0.95 -0.15
v -1.45 -0.95 -0.45
v -1.45 -0.95 -0.55
v -1.45 -0.95 -0.85
v -1.45 -0.95 -1.05
v -1.45 -0.95 -1.75
v -1.45 -0.95 -1.95
v -1.45 -0.95 -2.25
v -1.45 -0.95 -2.35
v -1.45 -0.85 3.05
v -1.45 -0.85 2.65
v -1.45 -0.85 2.55
v -1.45 -0.85 2.45
v -1.45 -0.85 1.95
v -1.45 -0.85 1.85
v -1.45 -0.85 1.75
v -1.45 -0.85 1.35
v -1.45 -0.85 1.25
v -1.45 -0.85 0.85
v -1.45 -0.85 0.75
v -1.45 -0.85 0.65
v -1.45 -0.85 0.15
v -1.45 -0.85 0.05
v -1.45 -0.85 -0.05
v -1.45 -0.85 -0.45
v -1.45 -0.85 -0.55
v -1.45 -0.85 -0.95
v -1.45 -0.85 -1.05
v -1.45 -0.85 -1.15
v -1.45 -0.85 -1.65
v -1.45 -0.85 -1.75
v -1.45 -0.85 -1.85
v -1.45 -0.85 -2.25
v -1.45 -0.85 -2.35
v -1.45 -0.85 -2.65
v -1.45 -0.75 2.65
v -1.45 -0.75 2.55
v -1.45 -0.75 2.45
v -1.45 -0.75 2.35
v -1.45 -0.75 2.05
v -1.45 -0.75 1.95
v -1.45 -0.75 1.85
v -1.45 -0.75 1.75
v -1.45 -0.75 0.85
v -1.45 -0.75 0.75
v -1.45 -0.75 0.65
v -1.45 -0.75 0.55
v -1.45 -0.75 0.25
v -1.45 -0.75 0.15
v -1.45 -0.75 0.05
v -1.45 -0.75 -0.05
v -1.45 -0.75 -0.95
v -1.45 -0.75 -1.05
v -1.45 -0.75 -1.15
v -1.45 -0.75 -1.25
v -1.45 -0.75 -1.55
v -1.45 -0.75 -1.65
v -1.45 -0.75 -1.75
v -1.45 -0.75 -1.85
v -1.45 -0.65 2.55
v -1.45 -0.65 2.45
v -1.45 -0.65 2.35
v -1.45 -0.65 2.25
v -1.45 -0.65 2.15
v -1.45 -0.65 2.05
v -1.45 -0.65 1.95
v -1.45 -0.65 1.85
v -1.45 -0.65 0.75
v -1.45 -0.65 0.65
v -1.45 -0.65 0.55
v -1.45 -0.65 0.45
v -1.45 -0.65 0.35
v -1.45 -0.65 0.25
v -1.45 -0.65 0.15
v -1.45 -0.65 0.05
v -1.45 -0.65 -1.05
v -1.45 -0.65 -1.15
v -1.45 -0.65 -1.25
v -1.45 -0.65 -1.55
v -1.45 -0.65 -1.65
v -1.45 -0.65 -1.75
v -1.45 -0.55 2.45
v -1.45 -0.55 2.35
v -1.45 -0.55 2.25
v -1.45 -0.55 2.15
v -1.45 -0.55 2.05
v -1.45 -0.55 1.95
v -1.45 -0.55 0.65
v -1.45 -0.55 0.55
v -1.45 -0.55 0.45
v -1.45 -0.55 0.35
v -1.45 -0.55 0.25
v -1.45 -0.55 0.15
v -1.45 -0.55 -1.15
v -1.45 -0.55 -1.25
v -1.45 -0.55 -1.55
v -1.45 -0.55 -1.65
v -1.45 -0.45 2.35
v -1.45 -0.45 2.25
v -1.45 -0.45 2.15
v -1.45 -0.45 2.05
v -1.45 -0.45 0.55
v -1.45 -0.45 0.45
v -1.45 -0.45 0.35
v -1.45 -0.45 0.25
v -1.45 -0.45 -1.25
v -1.45 -0.45 -1.35
v -1.45 -0.45 -1.45
v -1.45 -0.45 -1.55
v -1.45 -0.35 -1.35
v -1.45 -0.35 -1.45
v -1.45 -0.05 2.25
v -1.45 -0.05 2.15
v -1.45 -0.05 0.45
v -1.45 -0.05 0.35
v -1.45 0.05 2.25
v -1.45 0.05 2.15
v -1.45 0.05 0.45
v -1.45 0.05 0.35
v -1.45 0.25 2.25
v -1.45 0.25 2.15
v -1.45 0.35 -1.35
v -1.45 0.35 -1.45
v -1.45 0.45 0.55
v -1.45 0.45 0.45
v -1.45 0.45 0.35
v -1.45 0.45 0.25
v -1.45 0.45 -1.25
v -1.45 0.45 -1.35
v -1.45 0.45 -1.45
v -1.45 0.45 -1.55
v -1.45 0.55 0.65
v -1.45 0.55 0.55
v -1.45 0.55 0.45
v -1.45 0.55 0.35
v -1.45 0.55 0.25
v -1.45 0.55 0.15
v -1.45 0.55 -1.15
v -1.45 0.55 -1.25
v -1.45 0.55 -1.55
v -1.45 0.55 -1.65
v -1.45 0.65 0.75
v -1.45 0.65 0.65
v -1.45 0.65 0.55
v -1.45 0.65 0.45
v -1.45 0.65 0.35
v -1.45 0.65 0.25
v -1.45 0.65 0.15
v -1.45 0.65 0.05
v -1.45 0.65 -1.05
v -1.45 0.65 -1.15
v -1.45 0.65 -1.25
v -1.45 0.65 -1.55
v -1.45 0.65 -1.65
v -1.45 0.65 -1.75
v -1.45 0.75 0.85
v -1.45 0.75 0.75
v -1.45 0.75 0.65
v -1.45 0.75 0.55
v -1.45 0.75 0.25
v -1.45 0.75 0.15
v -1.45 0.75 0.05
v -1.45 0.75 -0.05
v -1.45 0.75 -0.95
v -1.45 0.75 -1.05
v -1.45 0.75 -1.15
v -1.45 0.75 -1.25
v -1.45 0.75 -1.55
v -1.45 0.75 -1.65
v -1.45 0.75 -1.75
v -1.45 0.75 -1.85
v -1.45 0.85 1.55
v -1.45 0.85 1.35
v -1.45 0.85 1.25
v -1.45 0.85 0.85
v -1.45 0.85 0.75
v -1.45 0.85 0.65
v -1.45 0.85 0.15
v -1.45 0.85 0.05
v -1.45 0.85 -0.05
v -1.45 0.85 -0.45
v -1.45 0.85 -0.55
v -1.45 0.85 -0.95
v -1.45 0.85 -1.05
v -1.45 0.85 -1.15
v -1.45 0.85 -1.65
v -1.45 0.85 -1.75
v -1.45 0.85 -1.85
v -1.45 0.85 -2.15
v -1.45 0.95 1.35
v -1.45 0.95 1.25
v -1.45 0.95 0.95
v -1.45 0.95 0.75
v -1.45 0.95 0.05
v -1.45 0.95 -0.15
v -1.45 0.95 -0.45
v -1.45 0.95 -0.55
v -1.45 0.95 -0.85
v -1.45 0.95 -1.05
v -1.45 0.95 -1.75
v -1.45 0.95 -1.95
v -1.45 1.05 1.55
v -1.45 1.05 0.95
v -1.45 1.05 -0.15
v -1.45 1.05 -0.85
v -1.45 1.05 -1.95
v -1.45 1.05 -2.15
v -1.35 -1.15 3.15
v -1.35 -1.15 3.05
v -1.35 -1.15 2.65
v -1.35 -1.15 1.75
v -1.35 -1.15 0.85
v -1.35 -1.15 -0.05
v -1.35 -1.15 -0.95
v -1.35 -1.15 -1.85
v -1.35 -1.15 -2.65
v -1.35 -1.05 3.15
v -1.35 -1.05 3.05
v -1.35 -1.05 2.75
v -1.35 -1.05 2.65
v -1.35 -1.05 2.45
v -1.35 -1.05 1.95
v -1.35 -1.05 1.75
v -1.35 -1.05 1.65
v -1.35 -1.05 0.95
v -1.35 -1.05 0.85
v -1.35 -1.05 0.65
v -1.35 -1.05 0.15
v -1.35 -1.05 -0.05
v -1.35 -1.05 -0.15
v -1.35 -1.05 -0.85
v -1.35 -1.05 -0.95
v -1.35 -1.05 -1.15
v -1.35 -1.05 -1.65
v -1.35 -1.05 -1.85
v -1.35 -1.05 -1.95
v -1.35 -1.05 -2.65
v -1.35 -0.95 2.75
v -1.35 -0.95 2.55
v -1.35 -0.95 2.45
v -1.35 -0.95 2.35
v -1.35 -0.95 2.05
v -1.35 -0.95 1.95
v -1.35 -0.95 1.85
v -1.35 -0.95 1.65
v -1.35 -0.95 0.95
v -1.35 -0.95 0.75
v -1.35 -0.95 0.65
v -1.35 -0.95 0.55
v -1.35 -0.95 0.25
v -1.35 -0.95 0.15
v -1.35 -0.95 0.05
v -1.35 -0.95 -0.15
v -1.35 -0.95 -0.85
v -1.35 -0.95 -1.05
v -1.35 -0.95 -1.15
v -1.35 -0.95 -1.25
v -1.35 -0.95 -1.55
v -1.35 -0.95 -1.65
v -1.35 -0.95 -1.75
v -1.35 -0.95 -1.95
v -1.35 -0.85 2.55
v -1.35 -0.85 2.45
v -1.35 -0.85 2.35
v -1.35 -0.85 2.25
v -1.35 -0.85 2.15
v -1.35 -0.85 2.05
v -1.35 -0.85 1.95
v -1.35 -0.85 1.85
v -1.35 -0.85 0.75
v -1.35 -0.85 0.65
v -1.35 -0.85 0.55
v -1.35 -0.85 0.45
v -1.35 -0.85 0.35
v -1.35 -0.85 0.25
v -1.35 -0.85 0.15
v -1.35 -0.85 0.05
v -1.35 -0.85 -1.05
v -1.35 -0.85 -1.15
v -1.35 -0.85 -1.25
v -1.35 -0.85 -1.35
v -1.35 -0.85 -1.45
v -1.35 -0.85 -1.55
v -1.35 -0.85 -1.65
v -1.35 -0.85 -1.75
v -1.35 -0.75 2.45
v -1.35 -0.75 2.35
v -1.35 -0.75 2.25
v -1.35 -0.75 2.15
v -1.35 -0.75 2.05
v -1.35 -0.75 1.95
v -1.35 -0.75 0.65
v -1.35 -0.75 0.55
v -1.35 -0.75 0.45
v -1.35 -0.75 0.35
v -1.35 -0.75 0.25
v -1.35 -0.75 0.15
v -1.35 -0.75 -1.15
v -1.35 -0.75 -1.25
v -1.35 -0.75 -1.35
v -1.35 -0.75 -1.45
v -1.35 -0.75 -1.55
v -1.35 -0.75 -1.65
v -1.35 -0.65 2.35
v -1.35 -0.65 2.25
v -1.35 -0.65 2.15
v -1.35 -0.65 2.05
v -1.35 -0.65 0.55
v -1.35 -0.65 0.45
v -1.35 -0.65 0.35
v -1.35 -0.65 0.25
v -1.35 -0.65 -1.25
v -1.35 -0.65 -1.55
v -1.35 -0.55 2.25
v -1.35 -0.55 2.15
v -1.35 -0.55 0.45
v -1.35 -0.55 0.35
v -1.35 0.55 0.45
v -1.35 0.55 0.35
v -1.35 0.65 0.55
v -1.35 0.65 0.45
v -1.35 0.65 0.35
v -1.35 0.65 0.25
v -1.35 0.65 -1.25
v -1.35 0.65 -1.55
v -1.35 0.75 0.65
v -1.35 0.75 0.55
v -1.35 0.75 0.45
v -1.35 0.75 0.35
v -1.35 0.75 0.25
v -1.35 0.75 0.15
v -1.35 0.75 -1.15
v -1.35 0.75 -1.25
v -1.35 0.75 -1.35
v -1.35 0.75 -1.45
v -1.35 0.75 -1.55
v -1.35 0.75 -1.65
v -1.35 0.85 0.75
v -1.35 0.85 0.65
v -1.35 0.85 0.55
v -1.35 0.85 0.45
v -1.35 0.85 0.35
v -1.35 0.85 0.25
v -1.35 0.85 0.15
v -1.35 0.85 0.05
v -1.35 0.85 -1.05
v -1.35 0.85 -1.15
v -1.35 0.85 -1.25
v -1.35 0.85 -1.35
v -1.35 0.85 -1.45
v -1.35 0.85 -1.55
v -1.35 0.85 -1.65
v -1.35 0.85 -1.75
v -1.35 0.95 0.95
v -1.35 0.95 0.75
v -1.35 0.95 0.65
v -1.35 0.95 0.55
v -1.35 0.95 0.25
v -1.35 0.95 0.15
v -1.35 0.95 0.05
v -1.35 0.95 -0.15
v -1.35 0.95 -0.85
v -1.35 0.95 -1.05
v -1.35 0.95 -1.15
v -1.35 0.95 -1.25
v -1.35 0.95 -1.55
v -1.35 0.95 -1.65
v -1.35 0.95 -1.75
v -1.35 0.95 -1.95
v -1.35 1.05 1.45
v -1.35 1.05 0.95
v -1.35 1.05 0.85
v -1.35 1.05 0.65
v -1.35 1.05 0.15
v -1.35 1.05 -0.05
v -1.35 1.05 -0.15
v -1.35 1.05 -0.85
v -1.35 1.05 -0.95
v -1.35 1.05 -1.15
v -1.35 1.05 -1.65
v -1.35 1.05 -1.85
v -1.35 1.05 -1.95
v -1.35 1.05 -2.05
v -1.35 1.15 1.45
v -1.35 1.15 0.85
v -1.35 1.15 -0.05
v -1.35 1.15 -0.95
v -1.35 1.15 -1.85
v -1.35 1.15 -2.05
v -1.25 -1.25 3.15
v -1.25 -1.25 3.05
v -1.25 -1.25 2.65
v -1.25 -1.25 1.75
v -1.25 -1.25 0.85
v -1.25 -1.25 -0.05
v -1.25 -1.25 -0.95
v -1.25 -1.25 -1.85
v -1.25 -1.25 -2.65
v -1.25 -1.15 3.15
v -1.25 -1.15 3.05
v -1.25 -1.15 2.65
v -1.25 -1.15 2.45
v -1.25 -1.15 1.95
v -1.25 -1.15 1.75
v -1.25 -1.15 0.85
v -1.25 -1.15 0.65
v -1.25 -1.15 0.15
v -1.25 -1.15 -0.05
v -1.25 -1.15 -0.95
v -1.25 -1.15 -1.15
v -1.25 -1.15 -1.65
v -1.25 -1.15 -1.85
v -1.25 -1.15 -2.65
v -1.25 -1.05 2.65
v -1.25 -1.05 2.45
v -1.25 -1.05 2.35
v -1.25 -1.05 2.05
v -1.25 -1.05 1.95
v -1.25 -1.05 1.75
v -1.25 -1.05 0.85
v -1.25 -1.05 0.65
v -1.25 -1.05 0.55
v -1.25 -1.05 0.25
v -1.25 -1.05 0.15
v -1.25 -1.05 -0.05
v -1.25 -1.05 -0.95
v -1.25 -1.05 -1.15
v -1.25 -1.05 -1.25
v -1.25 -1.05 -1.55
v -1.25 -1.05 -1.65
v -1.25 -1.05 -1.85
v -1.25 -0.95 2.45
v -1.25 -0.95 2.35
v -1.25 -0.95 2.05
v -1.25 -0.95 1.95
v -1.25 -0.95 0.65
v -1.25 -0.95 0.55
v -1.25 -0.95 0.25
v -1.25 -0.95 0.15
v -1.25 -0.95 -1.15
v -1.25 -0.95 -1.25
v -1.25 -0.95 -1.55
v -1.25 -0.95 -1.65
v -1.25 -0.85 2.35
v -1.25 -0.85 2.25
v -1.25 -0.85 2.15
v -1.25 -0.85 2.05
v -1.25 -0.85 0.55
v -1.25 -0.85 0.45
v -1.25 -0.85 0.35
v -1.25 -0.85 0.25
v -1.25 -0.85 -1.25
v -1.25 -0.85 -1.35
v -1.25 -0.85 -1.45
v -1.25 -0.85 -1.55
v -1.25 -0.75 2.25
v -1.25 -0.75 2.15
v -1.25 -0.75 0.45
v -1.25 -0.75 0.35
v -1.25 -0.75 -1.35
v -1.25 -0.75 -1.45
v -1.25 0.75 0.45
v -1.25 0.75 0.35
v -1.25 0.75 -1.35
v -1.25 0.75 -1.45
v -1.25 0.85 0.55
v -1.25 0.85 0.45
v -1.25 0.85 0.35
v -1.25 0.85 0.25
v -1.25 0.85 -1.25
v -1.25 0.85 -1.35
v -1.25 0.85 -1.45
v -1.25 0.85 -1.55
v -1.25 0.95 0.65
v -1.25 0.95 0.55
v -1.25 0.95 0.25
v -1.25 0.95 0.15
v -1.25 0.95 -1.15
v -1.25 0.95 -1.25
v -1.25 0.95 -1.55
v -1.25 0.95 -1.65
v -1.25 1.05 0.85
v -1.25 1.05 0.65
v -1.25 1.05 0.55
v -1.25 1.05 0.25
v -1.25 1.05 0.15
v -1.25 1.05 -0.05
v -1.25 1.05 -0.95
v -1.25 1.05 -1.15
v -1.25 1.05 -1.25
v -1.25 1.05 -1.55
v -1.25 1.05 -1.65
v -1.25 1.05 -1.85
v -1.25 1.15 1.35
v -1.25 1.15 0.85
v -1.25 1.15 0.65
v -1.25 1.15 0.15
v -1.25 1.15 -0.05
v -1.25 1.15 -0.95
v -1.25 1.15 -1.15
v -1.25 1.15 -1.65
v -1.25 1.15 -1.85
v -1.25 1.15 -2.05
v -1.25 1.25 1.35
v -1.25 1.25 0.85
v -1.25 1.25 -0.05
v -1.25 1.25 -0.95
v -1.25 1.25 -1.85
v -1.25 1.25 -2.05
v -1.15 -1.35 3.15
v -1.15 -1.35 3.05
v -1.15 -1.35 2.65
v -1.15 -1.35 1.75
v -1.15 -1.35 0.85
v -1.15 -1.35 -0.05
v -1.15 -1.35 -0.95
v -1.15 -1.35 -1.85
v -1.15 -1.35 -2.65
v -1.15 -1.25 3.15
v -1.15 -1.25 3.05
v -1.15 -1.25 2.65
v -1.15 -1.25 2.45
v -1.15 -1.25 1.95
v -1.15 -1.25 1.75
v -1.15 -1.25 0.85
v -1.15 -1.25 0.65
v -1.15 -1.25 0.15
v -1.15 -1.25 -0.05
v -1.15 -1.25 -0.95
v -1.15 -1.25 -1.15
v -1.15 -1.25 -1.65
v -1.15 -1.25 -1.85
v -1.15 -1.25 -2.65
v -1.15 -1.15 2.65
v -1.15 -1.15 2.45
v -1.15 -1.15 2.35
v -1.15 -1.15 2.25
v -1.15 -1.15 2.15
v -1.15 -1.15 2.05
v -1.15 -1.15 1.95
v -1.15 -1.15 1.75
v -1.15 -1.15 0.85
v -1.15 -1.15 0.65
v -1.15 -1.15 0.55
v -1.15 -1.15 0.45
v -1.15 -1.15 0.35
v -1.15 -1.15 0.25
v -1.15 -1.15 0.15
v -1.15 -1.15 -0.05
v -1.15 -1.15 -0.95
v -1.15 -1.15 -1.15
v -1.15 -1.15 -1.25
v -1.15 -1.15 -1.35
v -1.15 -1.15 -1.45
v -1.15 -1.15 -1.55
v -1.15 -1.15 -1.65
v -1.15 -1.15 -1.85
v -1.15 -1.05 2.45
v -1.15 -1.05 2.35
v -1.15 -1.05 2.25
v -1.15 -1.05 2.15
v -1.15 -1.05 2.05
v -1.15 -1.05 1.95
v -1.15 -1.05 0.65
v -1.15 -1.05 0.55
v -1.15 -1.05 0.45
v -1.15 -1.05 0.35
v -1.15 -1.05 0.25
v -1.15 -1.05 0.15
v -1.15 -1.05 -1.15
v -1.15 -1.05 -1.25
v -1.15 -1.05 -1.35
v -1.15 -1.05 -1.45
v -1.15 -1.05 -1.55
v -1.15 -1.05 -1.65
v -1.15 -0.95 2.35
v -1.15 -0.95 2.05
v -1.15 -0.95 0.55
v -1.15 -0.95 0.25
v -1.15 -0.95 -1.25
v -1.15 -0.95 -1.55
v -1.15 0.95 0.55
v -1.15 0.95 0.25
v -1.15 0.95 -1.25
v -1.15 0.95 -1.55
v -1.15 1.05 0.65
v -1.15 1.05 0.55
v -1.15 1.05 0.45
v -1.15 1.05 0.35
v -1.15 1.05 0.25
v -1.15 1.05 0.15
v -1.15 1.05 -1.15
v -1.15 1.05 -1.25
v -1.15 1.05 -1.35
v -1.15 1.05 -1.45
v -1.15 1.05 -1.55
v -1.15 1.05 -1.65
v -1.15 1.15 0.85
v -1.15 1.15 0.65
v -1.15 1.15 0.55
v -1.15 1.15 0.45
v -1.15 1.15 0.35
v -1.15 1.15 0.25
v -1.15 1.15 0.15
v -1.15 1.15 -0.05
v -1.15 1.15 -0.95
v -1.15 1.15 -1.15
v -1.15 1.15 -1.25
v -1.15 1.15 -1.35
v -1.15 1.15 -1.45
v -1.15 1.15 -1.55
v -1.15 1.15 -1.65
v -1.15 1.15 -1.85
v -1.15 1.25 1.35
v -1.15 1.25 0.85
v -1.15 1.25 0.65
v -1.15 1.25 0.15
v -1.15 1.25 -0.05
v -1.15 1.25 -0.95
v -1.15 1.25 -1.15
v -1.15 1.25 -1.65
v -1.15 1.25 -1.85
v -1.15 1.25 -1.95
v -1.15 1.35 1.35
v -1.15 1.35 0.85
v -1.15 1.35 -0.05
v -1.15 1.35 -0.95
v -1.15 1.35 -1.85
v -1.15 1.35 -1.95
v -1.05 -1.45 3.15
v -1.05 -1.45 3.05
v -1.05 -1.45 2.75
v -1.05 -1.45 1.65
v -1.05 -1.45 0.95
v -1.05 -1.45 -0.15
v -1.05 -1.45 -0.85
v -1.05 -1.45 -1.95
v -1.05 -1.45 -2.65
v -1.05 -1.35 3.15
v -1.05 -1.35 3.05
v -1.05 -1.35 2.75
v -1.05 -1.35 2.65
v -1.05 -1.35 2.45
v -1.05 -1.35 1.95
v -1.05 -1.35 1.75
v -1.05 -1.35 1.65
v -1.05 -1.35 0.95
v -1.05 -1.35 0.85
v -1.05 -1.35 0.65
v -1.05 -1.35 0.15
v -1.05 -1.35 -0.05
v -1.05 -1.35 -0.15
v -1.05 -1.35 -0.85
v -1.05 -1.35 -0.95
v -1.05 -1.35 -1.15
v -1.05 -1.35 -1.65
v -1.05 -1.35 -1.85
v -1.05 -1.35 -1.95
v -1.05 -1.35 -2.65
v -1.05 -1.25 2.65
v -1.05 -1.25 2.45
v -1.05 -1.25 2.35
v -1.05 -1.25 2.05
v -1.05 -1.25 1.95
v -1.05 -1.25 1.75
v -1.05 -1.25 0.85
v -1.05 -1.25 0.65
v -1.05 -1.25 0.55
v -1.05 -1.25 0.25
v -1.05 -1.25 0.15
v -1.05 -1.25 -0.05
v -1.05 -1.25 -0.95
v -1.05 -1.25 -1.15
v -1.05 -1.25 -1.25
v -1.05 -1.25 -1.55
v -1.05 -1.25 -1.65
v -1.05 -1.25 -1.85
v -1.05 -1.15 2.45
v -1.05 -1.15 2.35
v -1.05 -1.15 2.25
v -1.05 -1.15 2.15
v -1.05 -1.15 2.05
v -1.05 -1.15 1.95
v -1.05 -1.15 0.65
v -1.05 -1.15 0.55
v -1.05 -1.15 0.45
v -1.05 -1.15 0.35
v -1.05 -1.15 0.25
v -1.05 -1.15 0.15
v -1.05 -1.15 -1.15
v -1.05 -1.15 -1.25
v -1.05 -1.15 -1.35
v -1.05 -1.15 -1.45
v -1.05 -1.15 -1.55
v -1.05 -1.15 -1.65
v -1.05 -1.05 2.25
v -1.05 -1.05 2.15
v -1.05 -1.05 0.45
v -1.05 -1.05 0.35
v -1.05 -1.05 -1.35
v -1.05 -1.05 -1.45
v -1.05 1.05 0.45
v -1.05 1.05 0.35
v -1.05 1.05 -1.35
v -1.05 1.05 -1.45
v -1.05 1.15 0.65
v -1.05 1.15 0.55
v -1.05 1.15 0.45
v -1.05 1.15 0.35
v -1.05 1.15 0.25
v -1.05 1.15 0.15
v -1.05 1.15 -1.15
v -1.05 1.15 -1.25
v -1.05 1.15 -1.35
v -1.05 1.15 -1.45
v -1.05 1.15 -1.55
v -1.05 1.15 -1.65
v -1.05 1.25 0.85
v -1.05 1.25 0.65
v -1.05 1.25 0.55
v -1.05 1.25 0.25
v -1.05 1.25 0.15
v -1.05 1.25 -0.05
v -1.05 1.25 -0.95
v -1.05 1.25 -1.15
v -1.05 1.25 -1.25
v -1.05 1.25 -1.55
v -1.05 1.25 -1.65
v -1.05 1.25 -1.85
v -1.05 1.35 1.35
v -1.05 1.35 0.95
v -1.05 1.35 0.85
v -1.05 1.35 0.65
v -1.05 1.35 0.15
v -1.05 1.35 -0.05
v -1.05 1.35 -0.15
v -1.05 1.35 -0.85
v -1.05 1.35 -0.95
v -1.05 1.35 -1.15
v -1.05 1.35 -1.65
v -1.05 1.35 -1.85
v -1.05 1.45 1.35
v -1.05 1.45 0.95
v -1.05 1.45 -0.15
v -1.05 1.45 -0.85
v -0.95 -1.55 3.15
v -0.95 -1.55 3.05
v -0.95 -1.55 1.35
v -0.95 -1.55 1.25
v -0.95 -1.55 -0.45
v -0.95 -1.55 -0.55
v -0.95 -1.55 -2.25
v -0.95 -1.55 -2.35
v -0.95 -1.45 3.15
v -0.95 -1.45 3.05
v -0.95 -1.45 2.75
v -0.95 -1.45 2.55
v -0.95 -1.45 1.85
v -0.95 -1.45 1.65
v -0.95 -1.45 1.35
v -0.95 -1.45 1.25
v -0.95 -1.45 0.95
v -0.95 -1.45 0.75
v -0.95 -1.45 0.05
v -0.95 -1.45 -0.15
v -0.95 -1.45 -0.45
v -0.95 -1.45 -0.55
v -0.95 -1.45 -0.85
v -0.95 -1.45 -1.05
v -0.95 -1.45 -1.75
v -0.95 -1.45 -1.95
v -0.95 -1.45 -2.25
v -0.95 -1.45 -2.35
v -0.95 -1.35 2.75
v -0.95 -1.35 2.55
v -0.95 -1.35 2.45
v -0.95 -1.35 2.35
v -0.95 -1.35 2.05
v -0.95 -1.35 1.95
v -0.95 -1.35 1.85
v -0.95 -1.35 1.65
v -0.95 -1.35 0.95
v -0.95 -1.35 0.75
v -0.95 -1.35 0.65
v -0.95 -1.35 0.55
v -0.95 -1.35 0.25
v -0.95 -1.35 0.15
v -0.95 -1.35 0.05
v -0.95 -1.35 -0.15
v -0.95 -1.35 -0.85
v -0.95 -1.35 -1.05
v -0.95 -1.35 -1.15
v -0.95 -1.35 -1.25
v -0.95 -1.35 -1.55
v -0.95 -1.35 -1.65
v -0.95 -1.35 -1.75
v -0.95 -1.35 -1.95
v -0.95 -1.25 2.45
v -0.95 -1.25 2.35
v -0.95 -1.25 2.05
v -0.95 -1.25 1.95
v -0.95 -1.25 0.65
v -0.95 -1.25 0.55
v -0.95 -1.25 0.25
v -0.95 -1.25 0.15
v -0.95 -1.25 -1.15
v -0.95 -1.25 -1.25
v -0.95 -1.25 -1.55
v -0.95 -1.25 -1.65
v -0.95 -1.15 2.35
v -0.95 -1.15 2.05
v -0.95 -1.15 0.55
v -0.95 -1.15 0.25
v -0.95 -1.15 -1.25
v -0.95 -1.15 -1.55
v -0.95 1.15 0.55
v -0.95 1.15 0.25
v -0.95 1.15 -1.25
v -0.95 1.15 -1.55
v -0.95 1.25 0.65
v -0.95 1.25 0.55
v -0.95 1.25 0.25
v -0.95 1.25 0.15
v -0.95 1.25 -1.15
v -0.95 1.25 -1.25
v -0.95 1.25 -1.55
v -0.95 1.25 -1.65
v -0.95 1.35 0.95
v -0.95 1.35 0.75
v -0.95 1.35 0.65
v -0.95 1.35 0.55
v -0.95 1.35 0.25
v -0.95 1.35 0.15
v -0.95 1.35 0.05
v -0.95 1.35 -0.15
v -0.95 1.35 -0.85
v -0.95 1.35 -1.05
v -0.95 1.35 -1.15
v -0.95 1.35 -1.25
v -0.95 1.35 -1.55
v -0.95 1.35 -1.65
v -0.95 1.45 0.95
v -0.95 1.45 0.75
v -0.95 1.45 0.05
v -0.95 1.45 -0.15
v -0.95 1.45 -0.45
v -0.95 1.45 -0.55
v -0.95 1.45 -0.85
v -0.95 1.45 -1.05
v -0.95 1.55 -0.45
v -0.95 1.55 -0.55
v -0.85 -1.55 3.05
v -0.85 -1.55 2.65
v -0.85 -1.55 1.75
v -0.85 -1.55 1.35
v -0.85 -1.55 1.25
v -0.85 -1.55 0.85
v -0.85 -1.55 -0.05
v -0.85 -1.55 -0.45
v -0.85 -1.55 -0.55
v -0.85 -1.55 -0.95
v -0.85 -1.55 -1.85
v -0.85 -1.55 -2.25
v -0.85 -1.55 -2.35
v -0.85 -1.55 -2.65
v -0.85 -1.45 3.05
v -0.85 -1.45 2.65
v -0.85 -1.45 2.55
v -0.85 -1.45 2.45
v -0.85 -1.45 1.95
v -0.85 -1.45 1.85
v -0.85 -1.45 1.75
v -0.85 -1.45 1.35
v -0.85 -1.45 1.25
v -0.85 -1.45 0.85
v -0.85 -1.45 0.75
v -0.85 -1.45 0.65
v -0.85 -1.45 0.15
v -0.85 -1.45 0.05
v -0.85 -1.45 -0.05
v -0.85 -1.45 -0.45
v -0.85 -1.45 -0.55
v -0.85 -1.45 -0.95
v -0.85 -1.45 -1.05
v -0.85 -1.45 -1.15
v -0.85 -1.45 -1.65
v -0.85 -1.45 -1.75
v -0.85 -1.45 -1.85
v -0.85 -1.45 -2.25
v -0.85 -1.45 -2.35
v -0.85 -1.45 -2.55
v -0.85 -1.45 -2.65
v -0.85 -1.35 2.55
v -0.85 -1.35 2.45
v -0.85 -1.35 2.35
v -0.85 -1.35 2.25
v -0.85 -1.35 2.15
v -0.85 -1.35 2.05
v -0.85 -1.35 1.95
v -0.85 -1.35 1.85
v -0.85 -1.35 0.75
v -0.85 -1.35 0.65
v -0.85 -1.35 0.55
v -0.85 -1.35 0.45
v -0.85 -1.35 0.35
v -0.85 -1.35 0.25
v -0.85 -1.35 0.15
v -0.85 -1.35 0.05
v -0.85 -1.35 -1.05
v -0.85 -1.35 -1.15
v -0.85 -1.35 -1.25
v -0.85 -1.35 -1.35
v -0.85 -1.35 -1.45
v -0.85 -1.35 -1.55
v -0.85 -1.35 -1.65
v -0.85 -1.35 -1.75
v -0.85 -1.25 2.35
v -0.85 -1.25 2.25
v -0.85 -1.25 2.15
v -0.85 -1.25 2.05
v -0.85 -1.25 0.55
v -0.85 -1.25 0.45
v -0.85 -1.25 0.35
v -0.85 -1.25 0.25
v -0.85 -1.25 -1.25
v -0.85 -1.25 -1.35
v -0.85 -1.25 -1.45
v -0.85 -1.25 -1.55
v -0.85 1.25 0.55
v -0.85 1.25 0.45
v -0.85 1.25 0.35
v -0.85 1.25 0.25
v -0.85 1.25 -1.25
v -0.85 1.25 -1.35
v -0.85 1.25 -1.45
v -0.85 1.25 -1.55
v -0.85 1.35 0.75
v -0.85 1.35 0.65
v -0.85 1.35 0.55
v -0.85 1.35 0.45
v -0.85 1.35 0.35
v -0.85 1.35 0.25
v -0.85 1.35 0.15
v -0.85 1.35 0.05
v -0.85 1.35 -1.05
v -0.85 1.35 -1.15
v -0.85 1.35 -1.25
v -0.85 1.35 -1.35
v -0.85 1.35 -1.45
v -0.85 1.35 -1.55
v -0.85 1.45 1.25
v -0.85 1.45 0.85
v -0.85 1.45 0.75
v -0.85 1.45 0.65
v -0.85 1.45 0.15
v -0.85 1.45 0.05
v -0.85 1.45 -0.05
v -0.85 1.45 -0.45
v -0.85 1.45 -0.55
v -0.85 1.45 -0.95
v -0.85 1.45 -1.05
v -0.85 1.45 -1.15
v -0.85 1.55 1.25
v -0.85 1.55 0.85
v -0.85 1.55 -0.05
v -0.85 1.55 -0.45
v -0.85 1.55 -0.55
v -0.85 1.55 -0.95
v -0.75 -1.65 3.15
v -0.75 -1.65 3.05
v -0.75 -1.65 2.95
v -0.75 -1.65 1.45
v -0.75 -1.65 1.15
v -0.75 -1.65 -0.35
v -0.75 -1.65 -0.65
v -0.75 -1.65 -2.15
v -0.75 -1.65 -2.45
v -0.75 -1.55 3.15
v -0.75 -1.55 3.05
v -0.75 -1.55 2.95
v -0.75 -1.55 2.65
v -0.75 -1.55 2.55
v -0.75 -1.55 1.85
v -0.75 -1.55 1.75
v -0.75 -1.55 1.45
v -0.75 -1.55 1.15
v -0.75 -1.55 0.85
v -0.75 -1.55 0.75
v -0.75 -1.55 0.05
v -0.75 -1.55 -0.05
v -0.75 -1.55 -0.35
v -0.75 -1.55 -0.65
v -0.75 -1.55 -0.95
v -0.75 -1.55 -1.05
v -0.75 -1.55 -1.75
v -0.75 -1.55 -1.85
v -0.75 -1.55 -2.15
v -0.75 -1.55 -2.45
v -0.75 -1.45 2.65
v -0.75 -1.45 2.55
v -0.75 -1.45 2.45
v -0.75 -1.45 2.35
v -0.75 -1.45 2.05
v -0.75 -1.45 1.95
v -0.75 -1.45 1.85
v -0.75 -1.45 1.75
v -0.75 -1.45 0.85
v -0.75 -1.45 0.75
v -0.75 -1.45 0.65
v -0.75 -1.45 0.55
v -0.75 -1.45 0.25
v -0.75 -1.45 0.15
v -0.75 -1.45 0.05
v -0.75 -1.45 -0.05
v -0.75 -1.45 -0.95
v -0.75 -1.45 -1.05
v -0.75 -1.45 -1.15
v -0.75 -1.45 -1.25
v -0.75 -1.45 -1.55
v -0.75 -1.45 -1.65
v -0.75 -1.45 -1.75
v -0.75 -1.45 -1.85
v -0.75 -1.35 2.45
v -0.75 -1.35 2.35
v -0.75 -1.35 2.25
v -0.75 -1.35 2.15
v -0.75 -1.35 2.05
v -0.75 -1.35 1.95
v -0.75 -1.35 0.65
v -0.75 -1.35 0.55
v -0.75 -1.35 0.45
v -0.75 -1.35 0.35
v -0.75 -1.35 0.25
v -0.75 -1.35 0.15
v -0.75 -1.35 -1.15
v -0.75 -1.35 -1.25
v -0.75 -1.35 -1.35
v -0.75 -1.35 -1.45
v -0.75 -1.35 -1.55
v -0.75 -1.35 -1.65
v -0.75 -1.25 2.25
v -0.75 -1.25 2.15
v -0.75 -1.25 0.45
v -0.75 -1.25 0.35
v -0.75 -1.25 -1.35
v -0.75 -1.25 -1.45
v -0.75 1.25 0.45
v -0.75 1.25 0.35
v -0.75 1.35 0.65
v -0.75 1.35 0.55
v -0.75 1.35 0.45
v -0.75 1.35 0.35
v -0.75 1.35 0.25
v -0.75 1.35 0.15
v -0.75 1.35 -1.15
v -0.75 1.35 -1.25
v -0.75 1.45 0.85
v -0.75 1.45 0.75
v -0.75 1.45 0.65
v -0.75 1.45 0.55
v -0.75 1.45 0.25
v -0.75 1.45 0.15
v -0.75 1.45 0.05
v -0.75 1.45 -0.05
v -0.75 1.45 -0.95
v -0.75 1.45 -1.05
v -0.75 1.45 -1.15
v -0.75 1.45 -1.25
v -0.75 1.55 1.25
v -0.75 1.55 1.15
v -0.75 1.55 0.85
v -0.75 1.55 0.75
v -0.75 1.55 0.05
v -0.75 1.55 -0.05
v -0.75 1.55 -0.35
v -0.75 1.55 -0.65
v -0.75 1.55 -0.95
v -0.75 1.55 -1.05
v -0.75 1.65 1.25
v -0.75 1.65 1.15
v -0.75 1.65 -0.35
v -0.75 1.65 -0.65
v -0.65 -1.65 2.95
v -0.65 -1.65 2.75
v -0.65 -1.65 1.65
v -0.65 -1.65 1.45
v -0.65 -1.65 1.15
v -0.65 -1.65 0.95
v -0.65 -1.65 -0.15
v -0.65 -1.65 -0.35
v -0.65 -1.65 -0.65
v -0.65 -1.65 -0.85
v -0.65 -1.65 -1.95
v -0.65 -1.65 -2.15
v -0.65 -1.65 -2.45
v -0.65 -1.65 -2.65
v -0.65 -1.55 2.95
v -0.65 -1.55 2.75
v -0.65 -1.55 2.55
v -0.65 -1.55 2.45
v -0.65 -1.55 1.95
v -0.65 -1.55 1.85
v -0.65 -1.55 1.65
v -0.65 -1.55 1.45
v -0.65 -1.55 1.15
v -0.65 -1.55 0.95
v -0.65 -1.55 0.75
v -0.65 -1.55 0.65
v -0.65 -1.55 0.15
v -0.65 -1.55 0.05
v -0.65 -1.55 -0.15
v -0.65 -1.55 -0.35
v -0.65 -1.55 -0.65
v -0.65 -1.55 -0.85
v -0.65 -1.55 -1.05
v -0.65 -1.55 -1.15
v -0.65 -1.55 -1.65
v -0.65 -1.55 -1.75
v -0.65 -1.55 -1.95
v -0.65 -1.55 -2.15
v -0.65 -1.55 -2.45
v -0.65 -1.55 -2.55
v -0.65 -1.55 -2.65
v -0.65 -1.45 2.55
v -0.65 -1.45 2.45
v -0.65 -1.45 2.35
v -0.65 -1.45 2.25
v -0.65 -1.45 2.15
v -0.65 -1.45 2.05
v -0.65 -1.45 1.95
v -0.65 -1.45 1.85
v -0.65 -1.45 0.75
v -0.65 -1.45 0.65
v -0.65 -1.45 0.55
v -0.65 -1.45 0.45
v -0.65 -1.45 0.35
v -0.65 -1.45 0.25
v -0.65 -1.45 0.15
v -0.65 -1.45 0.05
v -0.65 -1.45 -1.05
v -0.65 -1.45 -1.15
v -0.65 -1.45 -1.25
v -0.65 -1.45 -1.55
v -0.65 -1.45 -1.65
v -0.65 -1.45 -1.75
v -0.65 -1.35 2.35
v -0.65 -1.35 2.25
v -0.65 -1.35 2.15
v -0.65 -1.35 2.05
v -0.65 -1.35 0.55
v -0.65 -1.35 0.45
v -0.65 -1.35 0.35
v -0.65 -1.35 0.25
v -0.65 -1.35 -1.25
v -0.65 -1.35 -1.55
v -0.65 1.35 0.55
v -0.65 1.35 0.45
v -0.65 1.35 0.35
v -0.65 1.35 0.25
v -0.65 1.45 0.75
v -0.65 1.45 0.65
v -0.65 1.45 0.55
v -0.65 1.45 0.45
v -0.65 1.45 0.35
v -0.65 1.45 0.25
v -0.65 1.45 0.15
v -0.65 1.45 0.05
v -0.65 1.45 -1.05
v -0.65 1.45 -1.15
v -0.65 1.55 1.15
v -0.65 1.55 0.95
v -0.65 1.55 0.75
v -0.65 1.55 0.65
v -0.65 1.55 0.15
v -0.65 1.55 0.05
v -0.65 1.55 -0.15
v -0.65 1.55 -0.35
v -0.65 1.55 -0.65
v -0.65 1.55 -0.85
v -0.65 1.55 -1.05
v -0.65 1.55 -1.15
v -0.65 1.65 1.15
v -0.65 1.65 0.95
v -0.65 1.65 -0.15
v -0.65 1.65 -0.35
v -0.65 1.65 -0.65
v -0.65 1.65 -0.85
v -0.55 -1.65 2.75
v -0.55 -1.65 2.55
v -0.55 -1.65 1.85
v -0.55 -1.65 1.65
v -0.55 -1.65 0.95
v -0.55 -1.65 0.75
v -0.55 -1.65 0.05
v -0.55 -1.65 -0.15
v -0.55 -1.65 -0.85
v -0.55 -1.65 -1.05
v -0.55 -1.65 -1.75
v -0.55 -1.65 -1.95
v -0.55 -1.55 2.75
v -0.55 -1.55 2.55
v -0.55 -1.55 2.45
v -0.55 -1.55 2.35
v -0.55 -1.55 2.05
v -0.55 -1.55 1.95
v -0.55 -1.55 1.85
v -0.55 -1.55 1.65
v -0.55 -1.55 0.95
v -0.55 -1.55 0.75
v -0.55 -1.55 0.65
v -0.55 -1.55 0.55
v -0.55 -1.55 0.25
v -0.55 -1.55 0.15
v -0.55 -1.55 0.05
v -0.55 -1.55 -0.15
v -0.55 -1.55 -0.85
v -0.55 -1.55 -1.05
v -0.55 -1.55 -1.15
v -0.55 -1.55 -1.25
v -0.55 -1.55 -1.55
v -0.55 -1.55 -1.65
v -0.55 -1.55 -1.75
v -0.55 -1.55 -1.95
v -0.55 -1.45 2.45
v -0.55 -1.45 2.35
v -0.55 -1.45 2.25
v -0.55 -1.45 2.15
v -0.55 -1.45 2.05
v -0.55 -1.45 1.95
v -0.55 -1.45 0.65
v -0.55 -1.45 0.55
v -0.55 -1.45 0.45
v -0.55 -1.45 0.35
v -0.55 -1.45 0.25
v -0.55 -1.45 0.15
v -0.55 -1.45 -1.15
v -0.55 -1.45 -1.25
v -0.55 -1.45 -1.55
v -0.55 -1.45 -1.65
v -0.55 -1.35 2.25
v -0.55 -1.35 2.15
v -0.55 -1.35 0.45
v -0.55 -1.35 0.35
v -0.55 1.35 0.45
v -0.55 1.35 0.35
v -0.55 1.45 0.65
v -0.55 1.45 0.55
v -0.55 1.45 0.45
v -0.55 1.45 0.35
v -0.55 1.45 0.25
v -0.55 1.45 0.15
v -0.55 1.55 1.35
v -0.55 1.55 1.25
v -0.55 1.55 0.95
v -0.55 1.55 0.75
v -0.55 1.55 0.65
v -0.55 1.55 0.55
v -0.55 1.55 0.25
v -0.55 1.55 0.15
v -0.55 1.55 0.05
v -0.55 1.55 -0.15
v -0.55 1.55 -0.85
v -0.55 1.55 -1.05
v -0.55 1.65 1.35
v -0.55 1.65 1.25
v -0.55 1.65 0.95
v -0.55 1.65 0.75
v -0.55 1.65 0.05
v -0.55 1.65 -0.15
v -0.55 1.65 -0.85
v -0.55 1.65 -1.05
v -0.45 -1.75 3.15
v -0.45 -1.75 3.05
v -0.45 -1.75 2.95
v -0.45 -1.75 1.45
v -0.45 -1.75 1.15
v -0.45 -1.75 -0.35
v -0.45 -1.75 -0.65
v -0.45 -1.75 -2.15
v -0.45 -1.75 -2.45
v -0.45 -1.65 3.15
v -0.45 -1.65 3.05
v -0.45 -1.65 2.95
v -0.45 -1.65 1.45
v -0.45 -1.65 1.15
v -0.45 -1.65 -0.35
v -0.45 -1.65 -0.65
v -0.45 -1.65 -2.15
v -0.45 -1.65 -2.45
v -0.45 -1.55 2.35
v -0.45 -1.55 2.25
v -0.45 -1.55 2.15
v -0.45 -1.55 2.05
v -0.45 -1.55 0.55
v -0.45 -1.55 0.45
v -0.45 -1.55 0.35
v -0.45 -1.55 0.25
v -0.45 -1.55 -1.25
v -0.45 -1.55 -1.35
v -0.45 -1.55 -1.45
v -0.45 -1.55 -1.55
v -0.45 -1.45 2.35
v -0.45 -1.45 2.25
v -0.45 -1.45 2.15
v -0.45 -1.45 2.05
v -0.45 -1.45 0.55
v -0.45 -1.45 0.45
v -0.45 -1.45 0.35
v -0.45 -1.45 0.25
v -0.45 -1.45 -1.25
v -0.45 -1.45 -1.35
v -0.45 -1.45 -1.45
v -0.45 -1.45 -1.55
v -0.45 1.45 0.55
v -0.45 1.45 0.45
v -0.45 1.45 0.35
v -0.45 1.45 0.25
v -0.45 1.55 0.55
v -0.45 1.55 0.45
v -0.45 1.55 0.35
v -0.45 1.55 0.25
v -0.45 1.65 1.35
v -0.45 1.65 1.15
v -0.45 1.65 -0.35
v -0.45 1.65 -0.65
v -0.45 1.75 1.35
v -0.45 1.75 1.15
v -0.45 1.75 -0.35
v -0.45 1.75 -0.65
v -0.35 -1.75 2.95
v -0.35 -1.75 2.85
v -0.35 -1.75 1.55
v -0.35 -1.75 1.45
v -0.35 -1.75 1.15
v -0.35 -1.75 1.05
v -0.35 -1.75 -0.25
v -0.35 -1.75 -0.35
v -0.35 -1.75 -0.65
v -0.35 -1.75 -0.75
v -0.35 -1.75 -2.05
v -0.35 -1.75 -2.15
v -0.35 -1.75 -2.45
v -0.35 -1.75 -2.55
v -0.35 -1.65 2.95
v -0.35 -1.65 2.85
v -0.35 -1.65 2.55
v -0.35 -1.65 2.45
v -0.35 -1.65 1.95
v -0.35 -1.65 1.85
v -0.35 -1.65 1.55
v -0.35 -1.65 1.45
v -0.35 -1.65 1.15
v -0.35 -1.65 1.05
v -0.35 -1.65 0.75
v -0.35 -1.65 0.65
v -0.35 -1.65 0.15
v -0.35 -1.65 0.05
v -0.35 -1.65 -0.25
v -0.35 -1.65 -0.35
v -0.35 -1.65 -0.65
v -0.35 -1.65 -0.75
v -0.35 -1.65 -1.05
v -0.35 -1.65 -1.15
v -0.35 -1.65 -1.65
v -0.35 -1.65 -1.75
v -0.35 -1.65 -2.05
v -0.35 -1.65 -2.15
v -0.35 -1.65 -2.45
v -0.35 -1.65 -2.55
v -0.35 -1.55 2.55
v -0.35 -1.55 2.45
v -0.35 -1.55 1.95
v -0.35 -1.55 1.85
v -0.35 -1.55 0.75
v -0.35 -1.55 0.65
v -0.35 -1.55 0.15
v -0.35 -1.55 0.05
v -0.35 -1.55 -1.05
v -0.35 -1.55 -1.15
v -0.35 -1.55 -1.35
v -0.35 -1.55 -1.45
v -0.35 -1.55 -1.65
v -0.35 -1.55 -1.75
v -0.35 -1.55 -2.55
v -0.35 -1.55 -2.65
v -0.35 -1.45 -1.35
v -0.35 -1.45 -1.45
v -0.35 -1.45 -2.55
v -0.35 -1.45 -2.65
v -0.35 1.55 0.75
v -0.35 1.55 0.65
v -0.35 1.55 0.15
v -0.35 1.55 0.05
v -0.35 1.65 1.15
v -0.35 1.65 1.05
v -0.35 1.65 0.75
v -0.35 1.65 0.65
v -0.35 1.65 0.15
v -0.35 1.65 0.05
v -0.35 1.65 -0.25
v -0.35 1.65 -0.35
v -0.35 1.65 -0.65
v -0.35 1.65 -0.75
v -0.35 1.75 1.15
v -0.35 1.75 1.05
v -0.35 1.75 -0.25
v -0.35 1.75 -0.35
v -0.35 1.75 -0.65
v -0.35 1.75 -0.75
v -0.25 -1.75 2.85
v -0.25 -1.75 2.75
v -0.25 -1.75 1.65
v -0.25 -1.75 1.55
v -0.25 -1.75 1.05
v -0.25 -1.75 0.95
v -0.25 -1.75 -0.15
v -0.25 -1.75 -0.25
v -0.25 -1.75 -0.75
v -0.25 -1.75 -0.85
v -0.25 -1.75 -1.95
v -0.25 -1.75 -2.05
v -0.25 -1.75 -2.55
v -0.25 -1.75 -2.65
v -0.25 -1.65 2.85
v -0.25 -1.65 2.75
v -0.25 -1.65 1.65
v -0.25 -1.65 1.55
v -0.25 -1.65 1.05
v -0.25 -1.65 0.95
v -0.25 -1.65 -0.15
v -0.25 -1.65 -0.25
v -0.25 -1.65 -0.75
v -0.25 -1.65 -0.85
v -0.25 -1.65 -1.95
v -0.25 -1.65 -2.05
v -0.25 -1.65 -2.55
v -0.25 -1.65 -2.65
v -0.25 -1.65 -2.75
v -0.25 -1.55 -2.65
v -0.25 -1.55 -2.75
v -0.25 -1.35 -2.45
v -0.25 -1.35 -2.55
v -0.25 -1.25 -2.45
v -0.25 -1.25 -2.55
v -0.25 1.65 1.45
v -0.25 1.65 1.35
v -0.25 1.65 1.05
v -0.25 1.65 0.95
v -0.25 1.65 -0.15
v -0.25 1.65 -0.25
v -0.25 1.65 -0.75
v -0.25 1.65 -0.85
v -0.25 1.75 1.45
v -0.25 1.75 1.35
v -0.25 1.75 1.05
v -0.25 1.75 0.95
v -0.25 1.75 -0.15
v -0.25 1.75 -0.25
v -0.25 1.75 -0.75
v -0.25 1.75 -0.85
v -0.15 -1.75 2.75
v -0.15 -1.75 2.65
v -0.15 -1.75 1.75
v -0.15 -1.75 1.65
v -0.15 -1.75 0.95
v -0.15 -1.75 0.85
v -0.15 -1.75 -0.05
v -0.15 -1.75 -0.15
v -0.15 -1.75 -0.85
v -0.15 -1.75 -0.95
v -0.15 -1.75 -1.85
v -0.15 -1.75 -1.95
v -0.15 -1.75 -2.65
v -0.15 -1.75 -2.75
v -0.15 -1.65 2.75
v -0.15 -1.65 2.65
v -0.15 -1.65 2.45
v -0.15 -1.65 2.35
v -0.15 -1.65 2.05
v -0.15 -1.65 1.95
v -0.15 -1.65 1.75
v -0.15 -1.65 1.65
v -0.15 -1.65 0.95
v -0.15 -1.65 0.85
v -0.15 -1.65 0.65
v -0.15 -1.65 0.55
v -0.15 -1.65 0.25
v -0.15 -1.65 0.15
v -0.15 -1.65 -0.05
v -0.15 -1.65 -0.15
v -0.15 -1.65 -0.85
v -0.15 -1.65 -0.95
v -0.15 -1.65 -1.15
v -0.15 -1.65 -1.25
v -0.15 -1.65 -1.55
v -0.15 -1.65 -1.65
v -0.15 -1.65 -1.85
v -0.15 -1.65 -1.95
v -0.15 -1.65 -2.65
v -0.15 -1.65 -2.75
v -0.15 -1.55 2.45
v -0.15 -1.55 2.35
v -0.15 -1.55 2.05
v -0.15 -1.55 1.95
v -0.15 -1.55 0.65
v -0.15 -1.55 0.55
v -0.15 -1.55 0.25
v -0.15 -1.55 0.15
v -0.15 -1.55 -1.15
v -0.15 -1.55 -1.25
v -0.15 -1.55 -1.55
v -0.15 -1.55 -1.65
v -0.15 -1.45 -2.55
v -0.15 -1.45 -2.65
v -0.15 -1.35 -2.55
v -0.15 -1.35 -2.65
v -0.15 -1.25 -2.45
v -0.15 -1.25 -2.55
v -0.15 -1.15 -2.45
v -0.15 -1.15 -2.55
v -0.15 1.55 1.45
v -0.15 1.55 1.35
v -0.15 1.55 0.65
v -0.15 1.55 0.55
v -0.15 1.55 0.25
v -0.15 1.55 0.15
v -0.15 1.65 1.45
v -0.15 1.65 1.35
v -0.15 1.65 0.95
v -0.15 1.65 0.85
v -0.15 1.65 0.65
v -0.15 1.65 0.55
v -0.15 1.65 0.25
v -0.15 1.65 0.15
v -0.15 1.65 -0.05
v -0.15 1.65 -0.15
v -0.15 1.75 0.95
v -0.15 1.75 0.85
v -0.15 1.75 -0.05
v -0.15 1.75 -0.15
v -0.05 -1.65 -2.75
v -0.05 -1.65 -2.85
v -0.05 -1.55 2.25
v -0.05 -1.55 2.15
v -0.05 -1.55 0.45
v -0.05 -1.55 0.35
v -0.05 -1.55 -2.65
v -0.05 -1.55 -2.75
v -0.05 -1.55 -2.85
v -0.05 -1.45 2.25
v -0.05 -1.45 2.15
v -0.05 -1.45 0.45
v -0.05 -1.45 0.35
v -0.05 -1.45 -2.65
v -0.05 -1.45 -2.75
v -0.05 1.45 0.45
v -0.05 1.45 0.35
v -0.05 1.55 0.45
v -0.05 1.55 0.35
v -0.05 1.65 1.55
v -0.05 1.65 1.45
v -0.05 1.75 1.55
v -0.05 1.75 1.45
v 0.05 1.55 1.55
v 0.05 1.55 1.45
v 0.05 1.65 1.55
v 0.05 1.65 1.45
v 0.15 1.55 1.65
v 0.15 1.55 1.55
v 0.15 1.75 1.65
v 0.15 1.75 1.55
v 0.25 -1.55 2.85
v 0.25 -1.55 2.75
v 0.25 -1.55 1.85
v 0.25 -1.55 1.75
v 0.25 -1.55 1.25
v 0.25 -1.55 1.15
v 0.25 -1.45 2.85
v 0.25 -1.45 2.75
v 0.25 -1.45 2.55
v 0.25 -1.45 2.45
v 0.25 -1.45 2.15
v 0.25 -1.45 2.05
v 0.25 -1.45 1.85
v 0.25 -1.45 1.75
v 0.25 -1.45 1.25
v 0.25 -1.45 1.15
v 0.25 -1.45 0.95
v 0.25 -1.45 0.85
v 0.25 -1.45 0.25
v 0.25 -1.45 0.15
v 0.25 -1.45 -0.35
v 0.25 -1.45 -0.45
v 0.25 -1.45 -1.25
v 0.25 -1.45 -1.35
v 0.25 -1.45 -1.85
v 0.25 -1.45 -1.95
v 0.25 -1.35 2.55
v 0.25 -1.35 2.45
v 0.25 -1.35 2.35
v 0.25 -1.35 2.25
v 0.25 -1.35 2.15
v 0.25 -1.35 2.05
v 0.25 -1.35 0.95
v 0.25 -1.35 0.85
v 0.25 -1.35 0.75
v 0.25 -1.35 0.65
v 0.25 -1.35 0.55
v 0.25 -1.35 0.45
v 0.25 -1.35 0.25
v 0.25 -1.35 0.15
v 0.25 -1.35 -0.35
v 0.25 -1.35 -0.45
v 0.25 -1.35 -0.65
v 0.25 -1.35 -0.75
v 0.25 -1.35 -0.95
v 0.25 -1.35 -1.05
v 0.25 -1.35 -1.25
v 0.25 -1.35 -1.35
v 0.25 -1.35 -1.85
v 0.25 -1.35 -1.95
v 0.25 -1.35 -2.15
v 0.25 -1.35 -2.25
v 0.25 -1.25 2.35
v 0.25 -1.25 2.25
v 0.25 -1.25 0.75
v 0.25 -1.25 0.65
v 0.25 -1.25 0.55
v 0.25 -1.25 0.45
v 0.25 -1.25 -0.65
v 0.25 -1.25 -0.75
v 0.25 -1.25 -0.95
v 0.25 -1.25 -1.05
v 0.25 -1.25 -2.15
v 0.25 -1.25 -2.25
v 0.25 1.25 0.75
v 0.25 1.25 0.65
v 0.25 1.25 0.55
v 0.25 1.25 0.45
v 0.25 1.25 -0.65
v 0.25 1.25 -0.75
v 0.25 1.35 0.95
v 0.25 1.35 0.85
v 0.25 1.35 0.75
v 0.25 1.35 0.65
v 0.25 1.35 0.55
v 0.25 1.35 0.45
v 0.25 1.35 0.25
v 0.25 1.35 0.15
v 0.25 1.35 -0.35
v 0.25 1.35 -0.45
v 0.25 1.35 -0.65
v 0.25 1.35 -0.75
v 0.25 1.45 1.25
v 0.25 1.45 1.15
v 0.25 1.45 0.95
v 0.25 1.45 0.85
v 0.25 1.45 0.25
v 0.25 1.45 0.15
v 0.25 1.45 -0.35
v 0.25 1.45 -0.45
v 0.25 1.55 1.25
v 0.25 1.55 1.15
v 0.35 -1.55 3.15
v 0.35 -1.55 3.05
v 0.35 -1.55 2.85
v 0.35 -1.55 1.75
v 0.35 -1.55 1.25
v 0.35 -1.45 3.15
v 0.35 -1.45 3.05
v 0.35 -1.45 2.85
v 0.35 -1.45 1.75
v 0.35 -1.45 1.25
v 0.35 -1.45 0.15
v 0.35 -1.45 -0.35
v 0.35 -1.45 -1.35
v 0.35 -1.45 -1.55
v 0.35 -1.45 -1.85
v 0.35 -1.35 0.15
v 0.35 -1.35 -0.35
v 0.35 -1.35 -1.35
v 0.35 -1.35 -1.55
v 0.35 -1.35 -1.85
v 0.35 1.35 0.15
v 0.35 1.35 -0.35
v 0.35 1.45 1.55
v 0.35 1.45 1.25
v 0.35 1.45 0.15
v 0.35 1.45 -0.35
v 0.35 1.55 1.55
v 0.35 1.55 1.25
v 0.45 -1.45 2.65
v 0.45 -1.45 2.55
v 0.45 -1.45 2.05
v 0.45 -1.45 1.95
v 0.45 -1.45 1.05
v 0.45 -1.45 0.95
v 0.45 -1.35 2.65
v 0.45 -1.35 2.55
v 0.45 -1.35 2.45
v 0.45 -1.35 2.35
v 0.45 -1.35 2.25
v 0.45 -1.35 2.15
v 0.45 -1.35 2.05
v 0.45 -1.35 1.95
v 0.45 -1.35 1.05
v 0.45 -1.35 0.95
v 0.45 -1.35 0.85
v 0.45 -1.35 0.75
v 0.45 -1.35 0.45
v 0.45 -1.35 0.35
v 0.45 -1.35 -0.55
v 0.45 -1.35 -0.65
v 0.45 -1.35 -1.05
v 0.45 -1.35 -1.15
v 0.45 -1.35 -2.05
v 0.45 -1.35 -2.15
v 0.45 -1.25 2.45
v 0.45 -1.25 2.35
v 0.45 -1.25 2.25
v 0.45 -1.25 2.15
v 0.45 -1.25 0.85
v 0.45 -1.25 0.75
v 0.45 -1.25 0.65
v 0.45 -1.25 0.55
v 0.45 -1.25 0.45
v 0.45 -1.25 0.35
v 0.45 -1.25 -0.55
v 0.45 -1.25 -0.65
v 0.45 -1.25 -0.75
v 0.45 -1.25 -0.95
v 0.45 -1.25 -1.05
v 0.45 -1.25 -1.15
v 0.45 -1.25 -2.05
v 0.45 -1.25 -2.15
v 0.45 -1.15 0.65
v 0.45 -1.15 0.55
v 0.45 -1.15 -0.75
v 0.45 -1.15 -0.95
v 0.45 1.15 0.65
v 0.45 1.15 0.55
v 0.45 1.15 -0.75
v 0.45 1.15 -0.85
v 0.45 1.25 0.85
v 0.45 1.25 0.75
v 0.45 1.25 0.65
v 0.45 1.25 0.55
v 0.45 1.25 0.45
v 0.45 1.25 0.35
v 0.45 1.25 -0.55
v 0.45 1.25 -0.65
v 0.45 1.25 -0.75
v 0.45 1.35 1.05
v 0.45 1.35 0.95
v 0.45 1.35 0.85
v 0.45 1.35 0.75
v 0.45 1.35 0.45
v 0.45 1.35 0.35
v 0.45 1.35 -0.55
v 0.45 1.35 -0.65
v 0.45 1.35 -0.75
v 0.45 1.35 -0.85
v 0.45 1.45 1.05
v 0.45 1.45 0.95
v 0.55 -1.45 2.85
v 0.55 -1.45 2.65
v 0.55 -1.45 1.95
v 0.55 -1.45 1.75
v 0.55 -1.45 1.25
v 0.55 -1.45 1.05
v 0.55 -1.35 2.85
v 0.55 -1.35 2.65
v 0.55 -1.35 2.55
v 0.55 -1.35 2.45
v 0.55 -1.35 2.15
v 0.55 -1.35 2.05
v 0.55 -1.35 1.95
v 0.55 -1.35 1.75
v 0.55 -1.35 1.25
v 0.55 -1.35 1.05
v 0.55 -1.35 0.95
v 0.55 -1.35 0.85
v 0.55 -1.35 0.35
v 0.55 -1.35 0.25
v 0.55 -1.35 0.15
v 0.55 -1.35 -0.35
v 0.55 -1.35 -0.55
v 0.55 -1.35 -1.15
v 0.55 -1.35 -1.25
v 0.55 -1.35 -1.35
v 0.55 -1.35 -1.85
v 0.55 -1.35 -2.05
v 0.55 -1.25 2.55
v 0.55 -1.25 2.45
v 0.55 -1.25 2.35
v 0.55 -1.25 2.25
v 0.55 -1.25 2.15
v 0.55 -1.25 2.05
v 0.55 -1.25 0.95
v 0.55 -1.25 0.85
v 0.55 -1.25 0.75
v 0.55 -1.25 0.65
v 0.55 -1.25 0.55
v 0.55 -1.25 0.45
v 0.55 -1.25 0.35
v 0.55 -1.25 0.25
v 0.55 -1.25 0.15
v 0.55 -1.25 -0.35
v 0.55 -1.25 -0.55
v 0.55 -1.25 -0.65
v 0.55 -1.25 -0.75
v 0.55 -1.25 -0.95
v 0.55 -1.25 -1.05
v 0.55 -1.25 -1.15
v 0.55 -1.25 -1.25
v 0.55 -1.25 -1.35
v 0.55 -1.25 -1.85
v 0.55 -1.25 -2.05
v 0.55 -1.15 2.35
v 0.55 -1.15 2.25
v 0.55 -1.15 0.75
v 0.55 -1.15 0.65
v 0.55 -1.15 0.55
v 0.55 -1.15 0.45
v 0.55 -1.15 -0.65
v 0.55 -1.15 -0.75
v 0.55 -1.15 -0.95
v 0.55 -1.15 -1.05
v 0.55 1.15 0.75
v 0.55 1.15 0.65
v 0.55 1.15 0.55
v 0.55 1.15 0.45
v 0.55 1.15 -0.65
v 0.55 1.15 -0.75
v 0.55 1.25 0.95
v 0.55 1.25 0.85
v 0.55 1.25 0.75
v 0.55 1.25 0.65
v 0.55 1.25 0.55
v 0.55 1.25 0.45
v 0.55 1.25 0.35
v 0.55 1.25 0.25
v 0.55 1.25 0.15
v 0.55 1.25 -0.35
v 0.55 1.25 -0.55
v 0.55 1.25 -0.65
v 0.55 1.25 -0.75
v 0.55 1.35 1.25
v 0.55 1.35 1.05
v 0.55 1.35 0.95
v 0.55 1.35 0.85
v 0.55 1.35 0.35
v 0.55 1.35 0.25
v 0.55 1.35 0.15
v 0.55 1.35 -0.35
v 0.55 1.35 -0.55
v 0.55 1.45 1.25
v 0.55 1.45 1.05
v 0.65 -1.45 3.15
v 0.65 -1.45 3.05
v 0.65 -1.45 2.85
v 0.65 -1.45 1.75
v 0.65 -1.45 1.25
v 0.65 -1.35 3.15
v 0.65 -1.35 3.05
v 0.65 -1.35 2.85
v 0.65 -1.35 2.65
v 0.65 -1.35 2.55
v 0.65 -1.35 2.05
v 0.65 -1.35 1.95
v 0.65 -1.35 1.75
v 0.65 -1.35 1.25
v 0.65 -1.35 1.05
v 0.65 -1.35 0.95
v 0.65 -1.35 0.15
v 0.65 -1.35 -0.35
v 0.65 -1.35 -1.35
v 0.65 -1.35 -1.55
v 0.65 -1.35 -1.85
v 0.65 -1.25 2.65
v 0.65 -1.25 2.55
v 0.65 -1.25 2.05
v 0.65 -1.25 1.95
v 0.65 -1.25 1.05
v 0.65 -1.25 0.95
v 0.65 -1.25 0.85
v 0.65 -1.25 0.75
v 0.65 -1.25 0.45
v 0.65 -1.25 0.35
v 0.65 -1.25 0.15
v 0.65 -1.25 -0.35
v 0.65 -1.25 -0.55
v 0.65 -1.25 -0.65
v 0.65 -1.25 -1.05
v 0.65 -1.25 -1.15
v 0.65 -1.25 -1.35
v 0.65 -1.25 -1.55
v 0.65 -1.25 -1.85
v 0.65 -1.15 0.85
v 0.65 -1.15 0.75
v 0.65 -1.15 0.65
v 0.65 -1.15 0.55
v 0.65 -1.15 0.45
v 0.65 -1.15 0.35
v 0.65 -1.15 -0.55
v 0.65 -1.15 -0.65
v 0.65 -1.15 -0.75
v 0.65 -1.15 -0.95
v 0.65 -1.15 -1.05
v 0.65 -1.15 -1.15
v 0.65 -1.05 0.65
v 0.65 -1.05 0.55
v 0.65 -1.05 -0.75
v 0.65 -1.05 -0.95
v 0.65 1.05 0.65
v 0.65 1.05 0.55
v 0.65 1.05 -0.75
v 0.65 1.05 -0.95
v 0.65 1.15 0.85
v 0.65 1.15 0.75
v 0.65 1.15 0.65
v 0.65 1.15 0.55
v 0.65 1.15 0.45
v 0.65 1.15 0.35
v 0.65 1.15 -0.55
v 0.65 1.15 -0.65
v 0.65 1.15 -0.75
v 0.65 1.15 -0.85
v 0.65 1.15 -0.95
v 0.65 1.25 1.05
v 0.65 1.25 0.95
v 0.65 1.25 0.85
v 0.65 1.25 0.75
v 0.65 1.25 0.45
v 0.65 1.25 0.35
v 0.65 1.25 0.15
v 0.65 1.25 -0.35
v 0.65 1.25 -0.55
v 0.65 1.25 -0.65
v 0.65 1.35 1.45
v 0.65 1.35 1.25
v 0.65 1.35 1.05
v 0.65 1.35 0.95
v 0.65 1.35 0.15
v 0.65 1.35 -0.35
v 0.65 1.35 -0.75
v 0.65 1.35 -0.85
v 0.65 1.45 1.45
v 0.65 1.45 1.25
v 0.65 1.55 -0.75
v 0.65 1.55 -0.85
v 0.75 -1.35 2.85
v 0.75 -1.35 2.65
v 0.75 -1.35 1.95
v 0.75 -1.35 1.75
v 0.75 -1.35 1.25
v 0.75 -1.35 1.05
v 0.75 -1.25 2.85
v 0.75 -1.25 2.65
v 0.75 -1.25 1.95
v 0.75 -1.25 1.75
v 0.75 -1.25 1.25
v 0.75 -1.25 1.05
v 0.75 -1.25 0.95
v 0.75 -1.25 0.85
v 0.75 -1.25 0.35
v 0.75 -1.25 0.25
v 0.75 -1.25 0.05
v 0.75 -1.25 -0.25
v 0.75 -1.25 -0.55
v 0.75 -1.25 -1.15
v 0.75 -1.25 -1.25
v 0.75 -1.25 -1.45
v 0.75 -1.25 -1.75
v 0.75 -1.25 -2.05
v 0.75 -1.15 0.95
v 0.75 -1.15 0.85
v 0.75 -1.15 0.75
v 0.75 -1.15 0.65
v 0.75 -1.15 0.55
v 0.75 -1.15 0.45
v 0.75 -1.15 0.35
v 0.75 -1.15 0.25
v 0.75 -1.15 0.05
v 0.75 -1.15 -0.25
v 0.75 -1.15 -0.55
v 0.75 -1.15 -0.65
v 0.75 -1.15 -0.75
v 0.75 -1.15 -0.95
v 0.75 -1.15 -1.05
v 0.75 -1.15 -1.15
v 0.75 -1.15 -1.25
v 0.75 -1.15 -1.45
v 0.75 -1.15 -1.75
v 0.75 -1.15 -2.05
v 0.75 -1.05 0.75
v 0.75 -1.05 0.65
v 0.75 -1.05 0.55
v 0.75 -1.05 0.45
v 0.75 -1.05 -0.65
v 0.75 -1.05 -0.75
v 0.75 -1.05 -0.95
v 0.75 -1.05 -1.05
v 0.75 -0.95 0.65
v 0.75 -0.95 0.55
v 0.75 -0.95 -0.75
v 0.75 -0.95 -0.95
v 0.75 0.95 0.65
v 0.75 0.95 0.55
v 0.75 0.95 -0.75
v 0.75 0.95 -0.95
v 0.75 1.05 0.75
v 0.75 1.05 0.65
v 0.75 1.05 0.55
v 0.75 1.05 0.45
v 0.75 1.05 -0.65
v 0.75 1.05 -0.75
v 0.75 1.05 -0.95
v 0.75 1.15 0.95
v 0.75 1.15 0.85
v 0.75 1.15 0.75
v 0.75 1.15 0.65
v 0.75 1.15 0.55
v 0.75 1.15 0.45
v 0.75 1.15 0.35
v 0.75 1.15 0.25
v 0.75 1.15 0.05
v 0.75 1.15 -0.25
v 0.75 1.15 -0.55
v 0.75 1.15 -0.65
v 0.75 1.15 -0.75
v 0.75 1.15 -0.85
v 0.75 1.15 -0.95
v 0.75 1.25 1.25
v 0.75 1.25 1.05
v 0.75 1.25 0.95
v 0.75 1.25 0.85
v 0.75 1.25 0.35
v 0.75 1.25 0.25
v 0.75 1.25 0.05
v 0.75 1.25 -0.25
v 0.75 1.25 -0.55
v 0.75 1.25 -0.85
v 0.75 1.25 -0.95
v 0.75 1.35 1.25
v 0.75 1.35 1.05
v 0.85 -1.35 3.15
v 0.85 -1.35 3.05
v 0.85 -1.35 2.85
v 0.85 -1.35 1.75
v 0.85 -1.35 1.25
v 0.85 -1.25 3.15
v 0.85 -1.25 3.05
v 0.85 -1.25 2.85
v 0.85 -1.25 1.75
v 0.85 -1.25 1.25
v 0.85 -1.25 1.15
v 0.85 -1.25 0.95
v 0.85 -1.25 0.05
v 0.85 -1.25 -0.25
v 0.85 -1.25 -1.45
v 0.85 -1.25 -1.55
v 0.85 -1.25 -1.75
v 0.85 -1.15 1.15
v 0.85 -1.15 0.95
v 0.85 -1.15 0.85
v 0.85 -1.15 0.75
v 0.85 -1.15 0.45
v 0.85 -1.15 0.25
v 0.85 -1.15 0.15
v 0.85 -1.15 0.05
v 0.85 -1.15 -0.25
v 0.85 -1.15 -0.35
v 0.85 -1.15 -0.65
v 0.85 -1.15 -1.05
v 0.85 -1.15 -1.25
v 0.85 -1.15 -1.35
v 0.85 -1.15 -1.45
v 0.85 -1.15 -1.55
v 0.85 -1.15 -1.75
v 0.85 -1.15 -1.85
v 0.85 -1.15 -2.05
v 0.85 -1.05 0.85
v 0.85 -1.05 0.75
v 0.85 -1.05 0.65
v 0.85 -1.05 0.55
v 0.85 -1.05 0.45
v 0.85 -1.05 0.25
v 0.85 -1.05 0.15
v 0.85 -1.05 -0.35
v 0.85 -1.05 -0.65
v 0.85 -1.05 -0.75
v 0.85 -1.05 -0.95
v 0.85 -1.05 -1.05
v 0.85 -1.05 -1.25
v 0.85 -1.05 -1.35
v 0.85 -1.05 -1.85
v 0.85 -1.05 -2.05
v 0.85 -0.95 0.75
v 0.85 -0.95 0.65
v 0.85 -0.95 0.55
v 0.85 -0.95 0.45
v 0.85 -0.95 -0.65
v 0.85 -0.95 -0.75
v 0.85 -0.95 -0.95
v 0.85 -0.95 -1.05
v 0.85 -0.85 0.65
v 0.85 -0.85 0.55
v 0.85 -0.85 -0.75
v 0.85 -0.85 -0.95
v 0.85 0.85 0.65
v 0.85 0.85 0.55
v 0.85 0.85 -0.75
v 0.85 0.85 -0.95
v 0.85 0.95 0.75
v 0.85 0.95 0.65
v 0.85 0.95 0.55
v 0.85 0.95 0.45
v 0.85 0.95 -0.65
v 0.85 0.95 -0.75
v 0.85 0.95 -0.95
v 0.85 0.95 -1.05
v 0.85 1.05 0.85
v 0.85 1.05 0.75
v 0.85 1.05 0.65
v 0.85 1.05 0.55
v 0.85 1.05 0.45
v 0.85 1.05 0.25
v 0.85 1.05 0.15
v 0.85 1.05 -0.35
v 0.85 1.05 -0.65
v 0.85 1.05 -0.75
v 0.85 1.15 1.15
v 0.85 1.15 0.95
v 0.85 1.15 0.85
v 0.85 1.15 0.75
v 0.85 1.15 0.45
v 0.85 1.15 0.25
v 0.85 1.15 0.15
v 0.85 1.15 0.05
v 0.85 1.15 -0.25
v 0.85 1.15 -0.35
v 0.85 1.15 -0.65
v 0.85 1.15 -0.95
v 0.85 1.15 -1.05
v 0.85 1.25 1.35
v 0.85 1.25 1.25
v 0.85 1.25 1.15
v 0.85 1.25 0.95
v 0.85 1.25 0.05
v 0.85 1.25 -0.25
v 0.85 1.25 -0.85
v 0.85 1.25 -0.95
v 0.85 1.35 1.35
v 0.85 1.35 1.25
v 0.85 1.35 -0.85
v 0.85 1.35 -0.95
v 0.95 -1.25 1.75
v 0.95 -1.25 1.15
v 0.95 -1.15 1.75
v 0.95 -1.15 1.15
v 0.95 -1.15 1.05
v 0.95 -1.15 0.85
v 0.95 -1.15 0.15
v 0.95 -1.15 -0.35
v 0.95 -1.15 -1.35
v 0.95 -1.15 -1.55
v 0.95 -1.15 -1.85
v 0.95 -1.05 1.05
v 0.95 -1.05 0.85
v 0.95 -1.05 0.75
v 0.95 -1.05 0.45
v 0.95 -1.05 0.25
v 0.95 -1.05 0.15
v 0.95 -1.05 -0.35
v 0.95 -1.05 -0.45
v 0.95 -1.05 -0.65
v 0.95 -1.05 -1.05
v 0.95 -1.05 -1.25
v 0.95 -1.05 -1.35
v 0.95 -1.05 -1.55
v 0.95 -1.05 -1.85
v 0.95 -1.05 -1.95
v 0.95 -1.05 -2.05
v 0.95 -0.95 0.85
v 0.95 -0.95 0.75
v 0.95 -0.95 0.65
v 0.95 -0.95 0.55
v 0.95 -0.95 0.45
v 0.95 -0.95 0.25
v 0.95 -0.95 -0.45
v 0.95 -0.95 -0.65
v 0.95 -0.95 -0.75
v 0.95 -0.95 -0.95
v 0.95 -0.95 -1.05
v 0.95 -0.95 -1.25
v 0.95 -0.95 -1.95
v 0.95 -0.95 -2.05
v 0.95 -0.85 0.75
v 0.95 -0.85 0.65
v 0.95 -0.85 0.55
v 0.95 -0.85 0.45
v 0.95 -0.85 -0.65
v 0.95 -0.85 -0.75
v 0.95 -0.85 -0.95
v 0.95 -0.85 -1.05
v 0.95 -0.75 0.65
v 0.95 -0.75 0.55
v 0.95 -0.75 -0.75
v 0.95 -0.75 -0.95
v 0.95 0.75 0.65
v 0.95 0.75 0.55
v 0.95 0.75 -0.75
v 0.95 0.75 -0.95
v 0.95 0.85 0.75
v 0.95 0.85 0.65
v 0.95 0.85 0.55
v 0.95 0.85 0.45
v 0.95 0.85 -0.65
v 0.95 0.85 -0.75
v 0.95 0.85 -0.95
v 0.95 0.85 -1.05
v 0.95 0.95 0.85
v 0.95 0.95 0.75
v 0.95 0.95 0.65
v 0.95 0.95 0.55
v 0.95 0.95 0.45
v 0.95 0.95 0.25
v 0.95 0.95 -0.45
v 0.95 0.95 -0.65
v 0.95 0.95 -0.75
v 0.95 0.95 -0.95
v 0.95 0.95 -1.05
v 0.95 0.95 -1.15
v 0.95 1.05 1.05
v 0.95 1.05 0.85
v 0.95 1.05 0.75
v 0.95 1.05 0.45
v 0.95 1.05 0.25
v 0.95 1.05 0.15
v 0.95 1.05 -0.35
v 0.95 1.05 -0.45
v 0.95 1.05 -0.65
v 0.95 1.05 -1.05
v 0.95 1.05 -1.15
v 0.95 1.15 1.35
v 0.95 1.15 1.15
v 0.95 1.15 1.05
v 0.95 1.15 0.85
v 0.95 1.15 0.15
v 0.95 1.15 -0.35
v 0.95 1.15 -0.95
v 0.95 1.15 -1.05
v 0.95 1.25 1.35
v 0.95 1.25 1.15
v 0.95 1.25 -0.95
v 0.95 1.25 -1.05
v 1.05 -1.15 1.55
v 1.05 -1.15 1.05
v 1.05 -1.05 1.55
v 1.05 -1.05 1.05
v 1.05 -1.05 0.85
v 1.05 -1.05 0.25
v 1.05 -1.05 -0.45
v 1.05 -1.05 -1.25
v 1.05 -1.05 -1.55
v 1.05 -1.05 -1.95
v 1.05 -0.95 1.05
v 1.05 -0.95 0.85
v 1.05 -0.95 0.75
v 1.05 -0.95 0.45
v 1.05 -0.95 0.25
v 1.05 -0.95 0.15
v 1.05 -0.95 -0.35
v 1.05 -0.95 -0.45
v 1.05 -0.95 -0.65
v 1.05 -0.95 -1.05
v 1.05 -0.95 -1.25
v 1.05 -0.95 -1.35
v 1.05 -0.95 -1.55
v 1.05 -0.95 -1.85
v 1.05 -0.95 -1.95
v 1.05 -0.85 0.85
v 1.05 -0.85 0.75
v 1.05 -0.85 0.65
v 1.05 -0.85 0.55
v 1.05 -0.85 0.45
v 1.05 -0.85 0.25
v 1.05 -0.85 0.15
v 1.05 -0.85 -0.35
v 1.05 -0.85 -0.65
v 1.05 -0.85 -0.75
v 1.05 -0.85 -0.95
v 1.05 -0.85 -1.05
v 1.05 -0.85 -1.25
v 1.05 -0.85 -1.35
v 1.05 -0.85 -1.85
v 1.05 -0.85 -1.95
v 1.05 -0.75 0.75
v 1.05 -0.75 0.65
v 1.05 -0.75 0.55
v 1.05 -0.75 0.45
v 1.05 -0.75 -0.65
v 1.05 -0.75 -0.75
v 1.05 -0.75 -0.95
v 1.05 -0.75 -1.05
v 1.05 -0.65 0.65
v 1.05 -0.65 0.55
v 1.05 -0.65 -0.75
v 1.05 -0.65 -0.95
v 1.05 0.65 0.65
v 1.05 0.65 0.55
v 1.05 0.65 -0.75
v 1.05 0.65 -0.95
v 1.05 0.75 0.75
v 1.05 0.75 0.65
v 1.05 0.75 0.55
v 1.05 0.75 0.45
v 1.05 0.75 -0.65
v 1.05 0.75 -0.75
v 1.05 0.75 -0.95
v 1.05 0.75 -1.05
v 1.05 0.85 0.85
v 1.05 0.85 0.75
v 1.05 0.85 0.65
v 1.05 0.85 0.55
v 1.05 0.85 0.45
v 1.05 0.85 0.25
v 1.05 0.85 0.15
v 1.05 0.85 -0.35
v 1.05 0.85 -0.65
v 1.05 0.85 -0.75
v 1.05 0.85 -0.95
v 1.05 0.85 -1.05
v 1.05 0.85 -1.25
v 1.05 0.95 1.05
v 1.05 0.95 0.85
v 1.05 0.95 0.75
v 1.05 0.95 0.45
v 1.05 0.95 0.25
v 1.05 0.95 0.15
v 1.05 0.95 -0.35
v 1.05 0.95 -0.45
v 1.05 0.95 -0.65
v 1.05 0.95 -1.05
v 1.05 0.95 -1.15
v 1.05 1.05 1.25
v 1.05 1.05 1.05
v 1.05 1.05 0.85
v 1.05 1.05 0.25
v 1.05 1.05 -0.45
v 1.05 1.05 -1.05
v 1.05 1.05 -1.15
v 1.05 1.05 -1.25
v 1.05 1.15 1.25
v 1.05 1.15 1.05
v 1.05 1.15 -1.05
v 1.05 1.15 -1.15
v 1.15 -1.25 -2.05
v 1.15 -1.25 -2.15
v 1.15 -1.15 -2.05
v 1.15 -1.15 -2.15
v 1.15 -1.05 1.45
v 1.15 -1.05 1.05
v 1.15 -0.95 1.45
v 1.15 -0.95 1.15
v 1.15 -0.95 1.05
v 1.15 -0.95 0.85
v 1.15 -0.95 0.15
v 1.15 -0.95 -0.35
v 1.15 -0.95 -1.35
v 1.15 -0.95 -1.55
v 1.15 -0.95 -1.85
v 1.15 -0.95 -1.95
v 1.15 -0.95 -2.05
v 1.15 -0.85 1.15
v 1.15 -0.85 0.95
v 1.15 -0.85 0.85
v 1.15 -0.85 0.75
v 1.15 -0.85 0.45
v 1.15 -0.85 0.25
v 1.15 -0.85 0.15
v 1.15 -0.85 0.05
v 1.15 -0.85 -0.25
v 1.15 -0.85 -0.35
v 1.15 -0.85 -0.65
v 1.15 -0.85 -1.05
v 1.15 -0.85 -1.25
v 1.15 -0.85 -1.35
v 1.15 -0.85 -1.45
v 1.15 -0.85 -1.55
v 1.15 -0.85 -1.75
v 1.15 -0.85 -1.85
v 1.15 -0.85 -1.95
v 1.15 -0.85 -2.05
v 1.15 -0.75 0.95
v 1.15 -0.75 0.85
v 1.15 -0.75 0.75
v 1.15 -0.75 0.65
v 1.15 -0.75 0.55
v 1.15 -0.75 0.45
v 1.15 -0.75 0.35
v 1.15 -0.75 0.25
v 1.15 -0.75 0.05
v 1.15 -0.75 -0.25
v 1.15 -0.75 -0.55
v 1.15 -0.75 -0.65
v 1.15 -0.75 -0.75
v 1.15 -0.75 -0.95
v 1.15 -0.75 -1.05
v 1.15 -0.75 -1.15
v 1.15 -0.75 -1.25
v 1.15 -0.75 -1.45
v 1.15 -0.75 -1.75
v 1.15 -0.75 -1.85
v 1.15 -0.65 0.85
v 1.15 -0.65 0.75
v 1.15 -0.65 0.65
v 1.15 -0.65 0.55
v 1.15 -0.65 0.45
v 1.15 -0.65 0.35
v 1.15 -0.65 -0.55
v 1.15 -0.65 -0.65
v 1.15 -0.65 -0.75
v 1.15 -0.65 -0.95
v 1.15 -0.65 -1.05
v 1.15 -0.65 -1.15
v 1.15 -0.55 0.75
v 1.15 -0.55 0.65
v 1.15 -0.55 0.55
v 1.15 -0.55 0.45
v 1.15 -0.55 -0.65
v 1.15 -0.55 -0.75
v 1.15 -0.55 -0.95
v 1.15 -0.55 -1.05
v 1.15 -0.45 0.65
v 1.15 -0.45 0.55
v 1.15 -0.45 -0.75
v 1.15 -0.45 -0.95
v 1.15 0.45 0.65
v 1.15 0.45 0.55
v 1.15 0.45 -0.75
v 1.15 0.45 -0.95
v 1.15 0.55 0.75
v 1.15 0.55 0.65
v 1.15 0.55 0.55
v 1.15 0.55 0.45
v 1.15 0.55 -0.65
v 1.15 0.55 -0.75
v 1.15 0.55 -0.95
v 1.15 0.55 -1.05
v 1.15 0.65 0.85
v 1.15 0.65 0.75
v 1.15 0.65 0.65
v 1.15 0.65 0.55
v 1.15 0.65 0.45
v 1.15 0.65 0.35
v 1.15 0.65 -0.55
v 1.15 0.65 -0.65
v 1.15 0.65 -0.75
v 1.15 0.65 -0.95
v 1.15 0.65 -1.05
v 1.15 0.65 -1.15
v 1.15 0.75 0.95
v 1.15 0.75 0.85
v 1.15 0.75 0.75
v 1.15 0.75 0.65
v 1.15 0.75 0.55
v 1.15 0.75 0.45
v 1.15 0.75 0.35
v 1.15 0.75 0.25
v 1.15 0.75 0.05
v 1.15 0.75 -0.25
v 1.15 0.75 -0.55
v 1.15 0.75 -0.65
v 1.15 0.75 -0.75
v 1.15 0.75 -0.95
v 1.15 0.75 -1.05
v 1.15 0.75 -1.15
v 1.15 0.75 -1.25
v 1.15 0.75 -1.35
v 1.15 0.85 1.15
v 1.15 0.85 0.95
v 1.15 0.85 0.85
v 1.15 0.85 0.75
v 1.15 0.85 0.45
v 1.15 0.85 0.25
v 1.15 0.85 0.15
v 1.15 0.85 0.05
v 1.15 0.85 -0.25
v 1.15 0.85 -0.35
v 1.15 0.85 -0.65
v 1.15 0.85 -1.05
v 1.15 0.85 -1.25
v 1.15 0.95 1.25
v 1.15 0.95 1.15
v 1.15 0.95 1.05
v 1.15 0.95 0.85
v 1.15 0.95 0.15
v 1.15 0.95 -0.35
v 1.15 0.95 -1.25
v 1.15 0.95 -1.35
v 1.15 1.05 1.25
v 1.15 1.05 1.05
v 1.25 -1.15 -2.05
v 1.25 -1.15 -2.15
v 1.25 -1.05 -2.05
v 1.25 -1.05 -2.15
v 1.25 -0.95 1.35
v 1.25 -0.95 1.15
v 1.25 -0.85 1.35
v 1.25 -0.85 1.25
v 1.25 -0.85 1.15
v 1.25 -0.85 0.95
v 1.25 -0.85 0.05
v 1.25 -0.85 -0.25
v 1.25 -0.85 -1.45
v 1.25 -0.85 -1.55
v 1.25 -0.85 -1.75
v 1.25 -0.75 1.25
v 1.25 -0.75 1.05
v 1.25 -0.75 0.95
v 1.25 -0.75 0.85
v 1.25 -0.75 0.35
v 1.25 -0.75 0.25
v 1.25 -0.75 0.05
v 1.25 -0.75 -0.25
v 1.25 -0.75 -0.55
v 1.25 -0.75 -1.15
v 1.25 -0.75 -1.25
v 1.25 -0.75 -1.45
v 1.25 -0.75 -1.75
v 1.25 -0.65 1.05
v 1.25 -0.65 0.95
v 1.25 -0.65 0.85
v 1.25 -0.65 0.75
v 1.25 -0.65 0.45
v 1.25 -0.65 0.35
v 1.25 -0.65 0.15
v 1.25 -0.65 -0.35
v 1.25 -0.65 -0.55
v 1.25 -0.65 -0.65
v 1.25 -0.65 -1.05
v 1.25 -0.65 -1.15
v 1.25 -0.65 -1.35
v 1.25 -0.65 -1.55
v 1.25 -0.65 -1.75
v 1.25 -0.55 0.95
v 1.25 -0.55 0.85
v 1.25 -0.55 0.75
v 1.25 -0.55 0.65
v 1.25 -0.55 0.55
v 1.25 -0.55 0.45
v 1.25 -0.55 0.35
v 1.25 -0.55 0.25
v 1.25 -0.55 0.15
v 1.25 -0.55 -0.35
v 1.25 -0.55 -0.55
v 1.25 -0.55 -0.65
v 1.25 -0.55 -0.75
v 1.25 -0.55 -0.95
v 1.25 -0.55 -1.05
v 1.25 -0.55 -1.15
v 1.25 -0.55 -1.25
v 1.25 -0.55 -1.35
v 1.25 -0.45 0.85
v 1.25 -0.45 0.75
v 1.25 -0.45 0.65
v 1.25 -0.45 0.55
v 1.25 -0.45 0.45
v 1.25 -0.45 0.35
v 1.25 -0.45 -0.55
v 1.25 -0.45 -0.65
v 1.25 -0.45 -0.75
v 1.25 -0.45 -0.95
v 1.25 -0.45 -1.05
v 1.25 -0.45 -1.15
v 1.25 -0.25 0.75
v 1.25 -0.25 0.65
v 1.25 -0.25 0.55
v 1.25 -0.25 0.45
v 1.25 -0.25 -0.65
v 1.25 -0.25 -0.75
v 1.25 -0.25 -0.95
v 1.25 -0.25 -1.05
v 1.25 0.25 0.75
v 1.25 0.25 0.65
v 1.25 0.25 0.55
v 1.25 0.25 0.45
v 1.25 0.25 -0.65
v 1.25 0.25 -0.75
v 1.25 0.25 -0.95
v 1.25 0.25 -1.05
v 1.25 0.45 0.85
v 1.25 0.45 0.75
v 1.25 0.45 0.65
v 1.25 0.45 0.55
v 1.25 0.45 0.45
v 1.25 0.45 0.35
v 1.25 0.45 -0.55
v 1.25 0.45 -0.65
v 1.25 0.45 -0.75
v 1.25 0.45 -0.95
v 1.25 0.45 -1.05
v 1.25 0.45 -1.15
v 1.25 0.55 0.95
v 1.25 0.55 0.85
v 1.25 0.55 0.75
v 1.25 0.55 0.65
v 1.25 0.55 0.55
v 1.25 0.55 0.45
v 1.25 0.55 0.35
v 1.25 0.55 0.25
v 1.25 0.55 0.15
v 1.25 0.55 -0.35
v 1.25 0.55 -0.55
v 1.25 0.55 -0.65
v 1.25 0.55 -0.75
v 1.25 0.55 -0.95
v 1.25 0.55 -1.05
v 1.25 0.55 -1.15
v 1.25 0.55 -1.25
v 1.25 0.55 -1.35
v 1.25 0.65 1.05
v 1.25 0.65 0.95
v 1.25 0.65 0.85
v 1.25 0.65 0.75
v 1.25 0.65 0.45
v 1.25 0.65 0.35
v 1.25 0.65 0.15
v 1.25 0.65 -0.35
v 1.25 0.65 -0.55
v 1.25 0.65 -0.65
v 1.25 0.65 -1.05
v 1.25 0.65 -1.15
v 1.25 0.75 1.15
v 1.25 0.75 1.05
v 1.25 0.75 0.95
v 1.25 0.75 0.85
v 1.25 0.75 0.35
v 1.25 0.75 0.25
v 1.25 0.75 0.05
v 1.25 0.75 -0.25
v 1.25 0.75 -0.55
v 1.25 0.75 -1.15
v 1.25 0.75 -1.25
v 1.25 0.75 -1.35
v 1.25 0.85 1.25
v 1.25 0.85 1.15
v 1.25 0.85 0.95
v 1.25 0.85 0.05
v 1.25 0.85 -0.25
v 1.25 0.95 1.25
v 1.25 0.95 1.15
v 1.35 -0.75 1.25
v 1.35 -0.75 1.05
v 1.35 -0.65 1.05
v 1.35 -0.65 0.95
v 1.35 -0.65 0.15
v 1.35 -0.65 -0.35
v 1.35 -0.65 -1.35
v 1.35 -0.65 -1.55
v 1.35 -0.65 -1.65
v 1.35 -0.55 1.25
v 1.35 -0.55 1.05
v 1.35 -0.55 0.95
v 1.35 -0.55 0.85
v 1.35 -0.55 0.35
v 1.35 -0.55 0.25
v 1.35 -0.55 0.15
v 1.35 -0.55 -0.35
v 1.35 -0.55 -0.55
v 1.35 -0.55 -1.15
v 1.35 -0.55 -1.25
v 1.35 -0.55 -1.35
v 1.35 -0.55 -1.55
v 1.35 -0.55 -1.65
v 1.35 -0.45 1.05
v 1.35 -0.45 0.95
v 1.35 -0.45 0.85
v 1.35 -0.45 0.75
v 1.35 -0.45 0.45
v 1.35 -0.45 0.35
v 1.35 -0.45 -0.55
v 1.35 -0.45 -0.65
v 1.35 -0.45 -1.05
v 1.35 -0.45 -1.15
v 1.35 -0.45 -1.45
v 1.35 -0.45 -1.55
v 1.35 -0.35 0.15
v 1.35 -0.35 -0.35
v 1.35 -0.35 -1.35
v 1.35 -0.35 -1.45
v 1.35 -0.25 0.95
v 1.35 -0.25 0.85
v 1.35 -0.25 0.75
v 1.35 -0.25 0.65
v 1.35 -0.25 0.55
v 1.35 -0.25 0.45
v 1.35 -0.25 0.25
v 1.35 -0.25 0.15
v 1.35 -0.25 -0.35
v 1.35 -0.25 -0.45
v 1.35 -0.25 -0.65
v 1.35 -0.25 -0.75
v 1.35 -0.25 -0.95
v 1.35 -0.25 -1.05
v 1.35 -0.25 -1.25
v 1.35 -0.25 -1.35
v 1.35 0.25 0.95
v 1.35 0.25 0.85
v 1.35 0.25 0.75
v 1.35 0.25 0.65
v 1.35 0.25 0.55
v 1.35 0.25 0.45
v 1.35 0.25 0.25
v 1.35 0.25 0.15
v 1.35 0.25 -0.35
v 1.35 0.25 -0.45
v 1.35 0.25 -0.65
v 1.35 0.25 -0.75
v 1.35 0.25 -0.95
v 1.35 0.25 -1.05
v 1.35 0.25 -1.25
v 1.35 0.25 -1.35
v 1.35 0.35 0.15
v 1.35 0.35 -0.35
v 1.35 0.45 1.05
v 1.35 0.45 0.95
v 1.35 0.45 0.85
v 1.35 0.45 0.75
v 1.35 0.45 0.45
v 1.35 0.45 0.35
v 1.35 0.45 -0.55
v 1.35 0.45 -0.65
v 1.35 0.45 -1.05
v 1.35 0.45 -1.15
v 1.35 0.55 1.15
v 1.35 0.55 1.05
v 1.35 0.55 0.95
v 1.35 0.55 0.85
v 1.35 0.55 0.35
v 1.35 0.55 0.25
v 1.35 0.55 0.15
v 1.35 0.55 -0.35
v 1.35 0.55 -0.55
v 1.35 0.55 -1.15
v 1.35 0.55 -1.25
v 1.35 0.55 -1.35
v 1.35 0.65 1.05
v 1.35 0.65 0.95
v 1.35 0.65 0.15
v 1.35 0.65 -0.35
v 1.35 0.75 1.15
v 1.35 0.75 1.05
v 1.45 -0.55 1.15
v 1.45 -0.55 1.05
v 1.45 -0.45 1.05
v 1.45 -0.45 0.95
v 1.45 -0.35 0.15
v 1.45 -0.35 -0.35
v 1.45 -0.35 -1.35
v 1.45 -0.35 -1.45
v 1.45 -0.25 0.95
v 1.45 -0.25 0.85
v 1.45 -0.25 0.25
v 1.45 -0.25 0.15
v 1.45 -0.25 -0.35
v 1.45 -0.25 -0.45
v 1.45 -0.25 -1.25
v 1.45 -0.25 -1.35
v 1.45 -0.15 -1.35
v 1.45 -0.15 -1.45
v 1.45 0.25 0.95
v 1.45 0.25 0.85
v 1.45 0.25 0.25
v 1.45 0.25 0.15
v 1.45 0.25 -0.35
v 1.45 0.25 -0.45
v 1.45 0.25 -1.25
v 1.45 0.25 -1.35
v 1.45 0.35 0.15
v 1.45 0.35 -0.35
v 1.45 0.45 1.05
v 1.45 0.45 0.95
v 1.45 0.55 1.15
v 1.45 0.55 1.05
v -1.55 -0.55 -2.75
v -1.55 -0.55 -2.85
v -1.55 -0.45 -2.75
v -1.55 -0.45 -2.85
v -1.55 -0.35 3.15
v -1.55 -0.35 3.05
v -1.55 -0.35 2.85
v -1.55 -0.35 1.75
v -1.55 -0.35 1.25
v -1.55 -0.35 -2.85
v -1.55 -0.35 -2.95
v -1.55 -0.25 2.85
v -1.55 -0.25 2.75
v -1.55 -0.25 1.85
v -1.55 -0.25 1.75
v -1.55 -0.25 1.25
v -1.55 -0.25 1.15
v -1.55 -0.25 -2.85
v -1.55 -0.25 -2.95
v -1.55 0.15 -2.85
v -1.55 0.15 -2.95
v -1.55 0.25 2.75
v -1.55 0.25 2.45
v -1.55 0.25 1.85
v -1.55 0.25 1.75
v -1.55 0.25 1.25
v -1.55 0.25 1.15
v -1.55 0.25 -2.65
v -1.55 0.25 -2.85
v -1.55 0.35 3.15
v -1.55 0.35 3.05
v -1.55 0.35 2.85
v -1.55 0.35 2.45
v -1.55 0.35 1.75
v -1.55 0.35 1.25
v -1.55 0.35 -2.55
v -1.55 0.35 -2.65
v -1.55 0.35 -2.75
v -1.55 0.35 -2.95
v -1.55 0.45 3.15
v -1.55 0.45 3.05
v -1.55 0.45 2.85
v -1.55 0.45 -2.45
v -1.55 0.45 -2.55
v -1.55 0.45 -2.65
v -1.55 0.45 -2.75
v -1.55 0.55 3.15
v -1.55 0.55 3.05
v -1.55 0.55 -2.35
v -1.55 0.55 -2.45
v -1.55 0.55 -2.55
v -1.55 0.55 -2.65
v -1.55 0.65 -2.45
v -1.55 0.65 -2.55
v -1.55 0.75 -2.35
v -1.55 0.75 -2.45
v -1.45 -0.85 -2.65
v -1.45 -0.85 -2.75
v -1.45 -0.65 3.15
v -1.45 -0.65 3.05
v -1.45 -0.65 2.85
v -1.45 -0.65 1.75
v -1.45 -0.65 1.25
v -1.45 -0.55 2.85
v -1.45 -0.55 2.65
v -1.45 -0.55 1.95
v -1.45 -0.55 1.75
v -1.45 -0.55 1.25
v -1.45 -0.55 1.05
v -1.45 -0.45 2.65
v -1.45 -0.45 2.55
v -1.45 -0.45 2.05
v -1.45 -0.45 1.95
v -1.45 -0.45 1.05
v -1.45 -0.45 0.95
v -1.45 -0.45 -2.65
v -1.45 -0.45 -2.75
v -1.45 -0.45 -2.85
v -1.45 -0.35 3.15
v -1.45 -0.35 3.05
v -1.45 -0.35 2.85
v -1.45 -0.35 1.75
v -1.45 -0.35 1.25
v -1.45 -0.35 0.15
v -1.45 -0.35 -0.35
v -1.45 -0.35 -1.35
v -1.45 -0.35 -1.55
v -1.45 -0.35 -1.85
v -1.45 -0.25 2.85
v -1.45 -0.25 2.75
v -1.45 -0.25 2.55
v -1.45 -0.25 2.45
v -1.45 -0.25 2.15
v -1.45 -0.25 2.05
v -1.45 -0.25 1.85
v -1.45 -0.25 1.75
v -1.45 -0.25 1.25
v -1.45 -0.25 1.15
v -1.45 -0.25 0.95
v -1.45 -0.25 0.85
v -1.45 -0.25 0.25
v -1.45 -0.25 0.15
v -1.45 -0.25 -0.35
v -1.45 -0.25 -0.45
v -1.45 -0.25 -1.25
v -1.45 -0.25 -1.35
v -1.45 -0.25 -1.85
v -1.45 -0.25 -1.95
v -1.45 -0.25 -2.75
v -1.45 -0.25 -2.85
v -1.45 -0.25 -2.95
v -1.45 -0.15 -2.85
v -1.45 -0.15 -2.95
v -1.45 -0.15 -3.05
v -1.45 -0.05 -3.05
v -1.45 -0.05 -3.15
v -1.45 0.05 -2.75
v -1.45 0.05 -2.95
v -1.45 0.05 -3.05
v -1.45 0.05 -3.15
v -1.45 0.15 2.45
v -1.45 0.15 2.35
v -1.45 0.15 -2.65
v -1.45 0.15 -2.75
v -1.45 0.15 -2.85
v -1.45 0.15 -3.05
v -1.45 0.25 2.75
v -1.45 0.25 2.35
v -1.45 0.25 2.15
v -1.45 0.25 1.85
v -1.45 0.25 1.75
v -1.45 0.25 1.25
v -1.45 0.25 1.15
v -1.45 0.25 0.95
v -1.45 0.25 0.85
v -1.45 0.25 0.25
v -1.45 0.25 0.15
v -1.45 0.25 -0.35
v -1.45 0.25 -0.45
v -1.45 0.25 -1.25
v -1.45 0.25 -1.35
v -1.45 0.25 -1.85
v -1.45 0.25 -1.95
v -1.45 0.25 -2.55
v -1.45 0.25 -2.65
v -1.45 0.25 -2.85
v -1.45 0.35 3.15
v -1.45 0.35 3.05
v -1.45 0.35 2.15
v -1.45 0.35 2.05
v -1.45 0.35 1.75
v -1.45 0.35 1.25
v -1.45 0.35 0.15
v -1.45 0.35 -0.35
v -1.45 0.35 -1.35
v -1.45 0.35 -1.55
v -1.45 0.35 -1.85
v -1.45 0.35 -2.45
v -1.45 0.35 -2.55
v -1.45 0.35 -2.65
v -1.45 0.45 3.15
v -1.45 0.45 3.05
v -1.45 0.45 2.05
v -1.45 0.45 1.95
v -1.45 0.45 1.05
v -1.45 0.45 0.95
v -1.45 0.45 -2.35
v -1.45 0.45 -2.45
v -1.45 0.45 -2.55
v -1.45 0.55 1.95
v -1.45 0.55 1.85
v -1.45 0.55 1.25
v -1.45 0.55 1.05
v -1.45 0.55 -2.25
v -1.45 0.55 -2.35
v -1.45 0.55 -2.45
v -1.45 0.65 1.85
v -1.45 0.65 1.75
v -1.45 0.65 1.65
v -1.45 0.65 1.25
v -1.45 0.75 1.75
v -1.45 0.75 1.65
v -1.45 0.75 1.55
v -1.45 0.75 -2.15
v -1.45 0.75 -2.25
v -1.45 0.75 -2.35
v -1.45 0.85 1.65
v -1.45 0.85 1.55
v -1.45 0.85 -2.15
v -1.45 0.85 -2.25
v -1.35 -0.95 -2.55
v -1.35 -0.95 -2.65
v -1.35 -0.85 3.15
v -1.35 -0.85 3.05
v -1.35 -0.85 2.85
v -1.35 -0.85 1.75
v -1.35 -0.85 1.25
v -1.35 -0.75 2.85
v -1.35 -0.75 2.65
v -1.35 -0.75 1.95
v -1.35 -0.75 1.75
v -1.35 -0.75 1.25
v -1.35 -0.75 1.05
v -1.35 -0.65 3.15
v -1.35 -0.65 3.05
v -1.35 -0.65 2.85
v -1.35 -0.65 2.65
v -1.35 -0.65 2.55
v -1.35 -0.65 2.05
v -1.35 -0.65 1.95
v -1.35 -0.65 1.75
v -1.35 -0.65 1.25
v -1.35 -0.65 1.05
v -1.35 -0.65 0.95
v -1.35 -0.65 0.15
v -1.35 -0.65 -0.35
v -1.35 -0.65 -1.35
v -1.35 -0.65 -1.55
v -1.35 -0.65 -1.85
v -1.35 -0.55 2.85
v -1.35 -0.55 2.65
v -1.35 -0.55 2.55
v -1.35 -0.55 2.45
v -1.35 -0.55 2.15
v -1.35 -0.55 2.05
v -1.35 -0.55 1.95
v -1.35 -0.55 1.75
v -1.35 -0.55 1.25
v -1.35 -0.55 1.05
v -1.35 -0.55 0.95
v -1.35 -0.55 0.85
v -1.35 -0.55 0.35
v -1.35 -0.55 0.25
v -1.35 -0.55 0.15
v -1.35 -0.55 -0.35
v -1.35 -0.55 -0.55
v -1.35 -0.55 -1.15
v -1.35 -0.55 -1.25
v -1.35 -0.55 -1.35
v -1.35 -0.55 -1.85
v -1.35 -0.55 -2.05
v -1.35 -0.55 -2.55
v -1.35 -0.55 -2.65
v -1.35 -0.45 2.65
v -1.35 -0.45 2.55
v -1.35 -0.45 2.45
v -1.35 -0.45 2.35
v -1.35 -0.45 2.25
v -1.35 -0.45 2.15
v -1.35 -0.45 2.05
v -1.35 -0.45 1.95
v -1.35 -0.45 1.05
v -1.35 -0.45 0.95
v -1.35 -0.45 0.85
v -1.35 -0.45 0.75
v -1.35 -0.45 0.45
v -1.35 -0.45 0.35
v -1.35 -0.45 -0.55
v -1.35 -0.45 -0.65
v -1.35 -0.45 -1.05
v -1.35 -0.45 -1.15
v -1.35 -0.45 -2.05
v -1.35 -0.45 -2.15
v -1.35 -0.45 -2.65
v -1.35 -0.45 -2.75
v -1.35 -0.35 0.15
v -1.35 -0.35 -0.35
v -1.35 -0.35 -1.35
v -1.35 -0.35 -1.55
v -1.35 -0.35 -1.85
v -1.35 -0.25 2.55
v -1.35 -0.25 2.45
v -1.35 -0.25 2.35
v -1.35 -0.25 2.25
v -1.35 -0.25 2.15
v -1.35 -0.25 2.05
v -1.35 -0.25 0.95
v -1.35 -0.25 0.85
v -1.35 -0.25 0.75
v -1.35 -0.25 0.65
v -1.35 -0.25 0.55
v -1.35 -0.25 0.45
v -1.35 -0.25 0.25
v -1.35 -0.25 0.15
v -1.35 -0.25 -0.35
v -1.35 -0.25 -0.45
v -1.35 -0.25 -0.65
v -1.35 -0.25 -0.75
v -1.35 -0.25 -0.95
v -1.35 -0.25 -1.05
v -1.35 -0.25 -1.25
v -1.35 -0.25 -1.35
v -1.35 -0.25 -1.85
v -1.35 -0.25 -1.95
v -1.35 -0.25 -2.15
v -1.35 -0.25 -2.25
v -1.35 -0.25 -2.65
v -1.35 -0.25 -2.75
v -1.35 -0.25 -2.85
v -1.35 -0.15 -2.75
v -1.35 -0.15 -2.85
v -1.35 -0.15 -2.95
v -1.35 -0.05 -2.75
v -1.35 -0.05 -2.85
v -1.35 0.05 -2.65
v -1.35 0.05 -2.75
v -1.35 0.05 -2.95
v -1.35 0.15 2.45
v -1.35 0.15 2.35
v -1.35 0.15 -2.55
v -1.35 0.15 -2.65
v -1.35 0.15 -2.75
v -1.35 0.25 2.35
v -1.35 0.25 2.15
v -1.35 0.25 0.95
v -1.35 0.25 0.85
v -1.35 0.25 0.75
v -1.35 0.25 0.65
v -1.35 0.25 0.55
v -1.35 0.25 0.45
v -1.35 0.25 0.25
v -1.35 0.25 0.15
v -1.35 0.25 -0.35
v -1.35 0.25 -0.45
v -1.35 0.25 -0.65
v -1.35 0.25 -0.75
v -1.35 0.25 -0.95
v -1.35 0.25 -1.05
v -1.35 0.25 -1.25
v -1.35 0.25 -1.35
v -1.35 0.25 -1.85
v -1.35 0.25 -1.95
v -1.35 0.25 -2.15
v -1.35 0.25 -2.25
v -1.35 0.25 -2.35
v -1.35 0.25 -2.55
v -1.35 0.25 -2.65
v -1.35 0.35 0.15
v -1.35 0.35 -0.35
v -1.35 0.35 -1.35
v -1.35 0.35 -1.55
v -1.35 0.35 -1.85
v -1.35 0.35 -2.45
v -1.35 0.35 -2.55
v -1.35 0.45 1.05
v -1.35 0.45 0.95
v -1.35 0.45 0.85
v -1.35 0.45 0.75
v -1.35 0.45 0.45
v -1.35 0.45 0.35
v -1.35 0.45 -0.55
v -1.35 0.45 -0.65
v -1.35 0.45 -1.05
v -1.35 0.45 -1.15
v -1.35 0.45 -2.05
v -1.35 0.45 -2.15
v -1.35 0.45 -2.25
v -1.35 0.45 -2.35
v -1.35 0.45 -2.45
v -1.35 0.55 1.25
v -1.35 0.55 1.05
v -1.35 0.55 0.95
v -1.35 0.55 0.85
v -1.35 0.55 0.35
v -1.35 0.55 0.25
v -1.35 0.55 0.15
v -1.35 0.55 -0.35
v -1.35 0.55 -0.55
v -1.35 0.55 -1.15
v -1.35 0.55 -1.25
v -1.35 0.55 -1.35
v -1.35 0.55 -1.85
v -1.35 0.55 -2.05
v -1.35 0.55 -2.15
v -1.35 0.55 -2.25
v -1.35 0.55 -2.35
v -1.35 0.65 1.65
v -1.35 0.65 1.25
v -1.35 0.65 1.05
v -1.35 0.65 0.95
v -1.35 0.65 0.15
v -1.35 0.65 -0.35
v -1.35 0.65 -1.35
v -1.35 0.65 -1.55
v -1.35 0.65 -1.85
v -1.35 0.75 1.65
v -1.35 0.75 1.55
v -1.35 0.75 1.25
v -1.35 0.75 1.05
v -1.35 0.75 -2.15
v -1.35 0.75 -2.25
v -1.35 0.85 1.45
v -1.35 0.85 1.25
v -1.35 0.85 -2.05
v -1.35 0.85 -2.15
v -1.35 1.05 1.55
v -1.35 1.05 1.45
v -1.35 1.05 -2.05
v -1.35 1.05 -2.15
v -1.25 -1.15 -2.55
v -1.25 -1.15 -2.65
v -1.25 -0.95 3.15
v -1.25 -0.95 3.05
v -1.25 -0.95 2.75
v -1.25 -0.95 1.85
v -1.25 -0.95 1.15
v -1.25 -0.95 -2.55
v -1.25 -0.95 -2.65
v -1.25 -0.85 3.15
v -1.25 -0.85 3.05
v -1.25 -0.85 2.85
v -1.25 -0.85 2.75
v -1.25 -0.85 2.55
v -1.25 -0.85 2.05
v -1.25 -0.85 1.85
v -1.25 -0.85 1.75
v -1.25 -0.85 1.25
v -1.25 -0.85 1.15
v -1.25 -0.85 0.95
v -1.25 -0.85 0.05
v -1.25 -0.85 -0.25
v -1.25 -0.85 -1.45
v -1.25 -0.85 -1.55
v -1.25 -0.85 -1.75
v -1.25 -0.75 2.85
v -1.25 -0.75 2.65
v -1.25 -0.75 2.55
v -1.25 -0.75 2.45
v -1.25 -0.75 2.15
v -1.25 -0.75 2.05
v -1.25 -0.75 1.95
v -1.25 -0.75 1.75
v -1.25 -0.75 1.25
v -1.25 -0.75 1.05
v -1.25 -0.75 0.95
v -1.25 -0.75 0.85
v -1.25 -0.75 0.35
v -1.25 -0.75 0.25
v -1.25 -0.75 0.05
v -1.25 -0.75 -0.25
v -1.25 -0.75 -0.55
v -1.25 -0.75 -1.15
v -1.25 -0.75 -1.25
v -1.25 -0.75 -1.45
v -1.25 -0.75 -1.75
v -1.25 -0.75 -2.05
v -1.25 -0.65 2.65
v -1.25 -0.65 2.55
v -1.25 -0.65 2.45
v -1.25 -0.65 2.35
v -1.25 -0.65 2.25
v -1.25 -0.65 2.15
v -1.25 -0.65 2.05
v -1.25 -0.65 1.95
v -1.25 -0.65 1.05
v -1.25 -0.65 0.95
v -1.25 -0.65 0.85
v -1.25 -0.65 0.75
v -1.25 -0.65 0.45
v -1.25 -0.65 0.35
v -1.25 -0.65 0.15
v -1.25 -0.65 -0.35
v -1.25 -0.65 -0.55
v -1.25 -0.65 -0.65
v -1.25 -0.65 -1.05
v -1.25 -0.65 -1.15
v -1.25 -0.65 -1.35
v -1.25 -0.65 -1.55
v -1.25 -0.65 -1.85
v -1.25 -0.65 -2.05
v -1.25 -0.65 -2.15
v -1.25 -0.55 2.55
v -1.25 -0.55 2.45
v -1.25 -0.55 2.35
v -1.25 -0.55 2.25
v -1.25 -0.55 2.15
v -1.25 -0.55 2.05
v -1.25 -0.55 0.95
v -1.25 -0.55 0.85
v -1.25 -0.55 0.75
v -1.25 -0.55 0.65
v -1.25 -0.55 0.55
v -1.25 -0.55 0.45
v -1.25 -0.55 0.35
v -1.25 -0.55 0.25
v -1.25 -0.55 0.15
v -1.25 -0.55 -0.35
v -1.25 -0.55 -0.55
v -1.25 -0.55 -0.65
v -1.25 -0.55 -0.75
v -1.25 -0.55 -0.95
v -1.25 -0.55 -1.05
v -1.25 -0.55 -1.15
v -1.25 -0.55 -1.25
v -1.25 -0.55 -1.35
v -1.25 -0.55 -1.85
v -1.25 -0.55 -2.05
v -1.25 -0.55 -2.15
v -1.25 -0.55 -2.25
v -1.25 -0.55 -2.55
v -1.25 -0.55 -2.65
v -1.25 -0.45 2.45
v -1.25 -0.45 2.35
v -1.25 -0.45 2.25
v -1.25 -0.45 2.15
v -1.25 -0.45 0.85
v -1.25 -0.45 0.75
v -1.25 -0.45 0.65
v -1.25 -0.45 0.55
v -1.25 -0.45 0.45
v -1.25 -0.45 0.35
v -1.25 -0.45 -0.55
v -1.25 -0.45 -0.65
v -1.25 -0.45 -0.75
v -1.25 -0.45 -0.95
v -1.25 -0.45 -1.05
v -1.25 -0.45 -1.15
v -1.25 -0.45 -2.05
v -1.25 -0.45 -2.15
v -1.25 -0.45 -2.25
v -1.25 -0.45 -2.35
v -1.25 -0.35 -2.55
v -1.25 -0.35 -2.65
v -1.25 -0.25 2.35
v -1.25 -0.25 2.25
v -1.25 -0.25 0.75
v -1.25 -0.25 0.65
v -1.25 -0.25 0.55
v -1.25 -0.25 0.45
v -1.25 -0.25 -0.65
v -1.25 -0.25 -0.75
v -1.25 -0.25 -0.95
v -1.25 -0.25 -1.05
v -1.25 -0.25 -2.15
v -1.25 -0.25 -2.25
v -1.25 -0.25 -2.65
v -1.25 -0.25 -2.75
v -1.25 -0.15 -2.35
v -1.25 -0.15 -2.45
v -1.25 -0.15 -2.65
v -1.25 -0.15 -2.75
v -1.25 -0.15 -2.85
v -1.25 -0.05 -2.65
v -1.25 -0.05 -2.75
v -1.25 -0.05 -2.85
v -1.25 0.05 -2.45
v -1.25 0.05 -2.65
v -1.25 0.05 -2.75
v -1.25 0.15 -2.35
v -1.25 0.15 -2.45
v -1.25 0.15 -2.55
v -1.25 0.15 -2.65
v -1.25 0.25 0.75
v -1.25 0.25 0.65
v -1.25 0.25 0.55
v -1.25 0.25 0.45
v -1.25 0.25 -0.65
v -1.25 0.25 -0.75
v -1.25 0.25 -0.95
v -1.25 0.25 -1.05
v -1.25 0.25 -2.15
v -1.25 0.25 -2.25
v -1.25 0.25 -2.35
v -1.25 0.25 -2.45
v -1.25 0.25 -2.55
v -1.25 0.45 0.85
v -1.25 0.45 0.75
v -1.25 0.45 0.65
v -1.25 0.45 0.55
v -1.25 0.45 0.45
v -1.25 0.45 0.35
v -1.25 0.45 -0.55
v -1.25 0.45 -0.65
v -1.25 0.45 -0.75
v -1.25 0.45 -0.95
v -1.25 0.45 -1.05
v -1.25 0.45 -1.15
v -1.25 0.45 -2.05
v -1.25 0.45 -2.15
v -1.25 0.45 -2.25
v -1.25 0.45 -2.35
v -1.25 0.55 0.95
v -1.25 0.55 0.85
v -1.25 0.55 0.75
v -1.25 0.55 0.65
v -1.25 0.55 0.55
v -1.25 0.55 0.45
v -1.25 0.55 0.35
v -1.25 0.55 0.25
v -1.25 0.55 0.15
v -1.25 0.55 -0.35
v -1.25 0.55 -0.55
v -1.25 0.55 -0.65
v -1.25 0.55 -0.75
v -1.25 0.55 -0.95
v -1.25 0.55 -1.05
v -1.25 0.55 -1.15
v -1.25 0.55 -1.25
v -1.25 0.55 -1.35
v -1.25 0.55 -1.85
v -1.25 0.55 -2.05
v -1.25 0.55 -2.15
v -1.25 0.55 -2.25
v -1.25 0.65 1.05
v -1.25 0.65 0.95
v -1.25 0.65 0.85
v -1.25 0.65 0.75
v -1.25 0.65 0.45
v -1.25 0.65 0.35
v -1.25 0.65 0.15
v -1.25 0.65 -0.35
v -1.25 0.65 -0.55
v -1.25 0.65 -0.65
v -1.25 0.65 -1.05
v -1.25 0.65 -1.15
v -1.25 0.65 -1.35
v -1.25 0.65 -1.55
v -1.25 0.65 -1.85
v -1.25 0.75 1.25
v -1.25 0.75 1.05
v -1.25 0.75 0.95
v -1.25 0.75 0.85
v -1.25 0.75 0.35
v -1.25 0.75 0.25
v -1.25 0.75 0.05
v -1.25 0.75 -0.25
v -1.25 0.75 -0.55
v -1.25 0.75 -1.15
v -1.25 0.75 -1.25
v -1.25 0.75 -1.45
v -1.25 0.75 -1.75
v -1.25 0.75 -2.05
v -1.25 0.85 1.45
v -1.25 0.85 1.25
v -1.25 0.85 1.15
v -1.25 0.85 0.95
v -1.25 0.85 0.05
v -1.25 0.85 -0.25
v -1.25 0.85 -1.45
v -1.25 0.85 -1.55
v -1.25 0.85 -1.75
v -1.25 0.85 -2.05
v -1.25 0.85 -2.15
v -1.25 0.95 1.35
v -1.25 0.95 1.15
v -1.25 1.15 1.45
v -1.25 1.15 1.35
v -1.15 -1.25 -2.55
v -1.15 -1.25 -2.65
v -1.15 -1.15 -2.55
v -1.15 -1.15 -2.65
v -1.15 -1.05 3.15
v -1.15 -1.05 3.05
v -1.15 -1.05 2.65
v -1.15 -1.05 1.95
v -1.15 -1.05 1.05
v -1.15 -1.05 -2.45
v -1.15 -1.05 -2.55
v -1.15 -0.95 3.15
v -1.15 -0.95 3.05
v -1.15 -0.95 2.75
v -1.15 -0.95 2.65
v -1.15 -0.95 2.45
v -1.15 -0.95 2.15
v -1.15 -0.95 2.05
v -1.15 -0.95 1.95
v -1.15 -0.95 1.85
v -1.15 -0.95 1.15
v -1.15 -0.95 1.05
v -1.15 -0.95 0.85
v -1.15 -0.95 0.15
v -1.15 -0.95 -0.35
v -1.15 -0.95 -1.35
v -1.15 -0.95 -1.55
v -1.15 -0.95 -1.85
v -1.15 -0.85 2.75
v -1.15 -0.85 2.55
v -1.15 -0.85 2.45
v -1.15 -0.85 2.35
v -1.15 -0.85 2.25
v -1.15 -0.85 2.15
v -1.15 -0.85 2.05
v -1.15 -0.85 1.85
v -1.15 -0.85 1.15
v -1.15 -0.85 0.95
v -1.15 -0.85 0.85
v -1.15 -0.85 0.75
v -1.15 -0.85 0.45
v -1.15 -0.85 0.25
v -1.15 -0.85 0.15
v -1.15 -0.85 0.05
v -1.15 -0.85 -0.25
v -1.15 -0.85 -0.35
v -1.15 -0.85 -0.65
v -1.15 -0.85 -1.05
v -1.15 -0.85 -1.25
v -1.15 -0.85 -1.35
v -1.15 -0.85 -1.45
v -1.15 -0.85 -1.55
v -1.15 -0.85 -1.75
v -1.15 -0.85 -1.85
v -1.15 -0.85 -2.15
v -1.15 -0.75 2.55
v -1.15 -0.75 2.45
v -1.15 -0.75 2.35
v -1.15 -0.75 2.25
v -1.15 -0.75 2.15
v -1.15 -0.75 2.05
v -1.15 -0.75 0.95
v -1.15 -0.75 0.85
v -1.15 -0.75 0.75
v -1.15 -0.75 0.65
v -1.15 -0.75 0.55
v -1.15 -0.75 0.45
v -1.15 -0.75 0.35
v -1.15 -0.75 0.25
v -1.15 -0.75 0.05
v -1.15 -0.75 -0.25
v -1.15 -0.75 -0.55
v -1.15 -0.75 -0.65
v -1.15 -0.75 -0.75
v -1.15 -0.75 -0.95
v -1.15 -0.75 -1.05
v -1.15 -0.75 -1.15
v -1.15 -0.75 -1.25
v -1.15 -0.75 -1.45
v -1.15 -0.75 -1.75
v -1.15 -0.75 -2.05
v -1.15 -0.75 -2.15
v -1.15 -0.75 -2.25
v -1.15 -0.65 2.45
v -1.15 -0.65 2.35
v -1.15 -0.65 2.25
v -1.15 -0.65 2.15
v -1.15 -0.65 0.85
v -1.15 -0.65 0.75
v -1.15 -0.65 0.65
v -1.15 -0.65 0.55
v -1.15 -0.65 0.45
v -1.15 -0.65 0.35
v -1.15 -0.65 -0.55
v -1.15 -0.65 -0.65
v -1.15 -0.65 -0.75
v -1.15 -0.65 -0.95
v -1.15 -0.65 -1.05
v -1.15 -0.65 -1.15
v -1.15 -0.65 -2.05
v -1.15 -0.65 -2.15
v -1.15 -0.65 -2.25
v -1.15 -0.65 -2.35
v -1.15 -0.55 2.35
v -1.15 -0.55 2.25
v -1.15 -0.55 0.75
v -1.15 -0.55 0.65
v -1.15 -0.55 0.55
v -1.15 -0.55 0.45
v -1.15 -0.55 -0.65
v -1.15 -0.55 -0.75
v -1.15 -0.55 -0.95
v -1.15 -0.55 -1.05
v -1.15 -0.55 -2.15
v -1.15 -0.55 -2.25
v -1.15 -0.55 -2.35
v -1.15 -0.55 -2.45
v -1.15 -0.45 0.65
v -1.15 -0.45 0.55
v -1.15 -0.45 -0.75
v -1.15 -0.45 -0.95
v -1.15 -0.45 -2.25
v -1.15 -0.45 -2.35
v -1.15 -0.45 -2.45
v -1.15 -0.45 -2.55
v -1.15 -0.35 -2.55
v -1.15 -0.35 -2.65
v -1.15 -0.25 -2.45
v -1.15 -0.25 -2.55
v -1.15 -0.25 -2.65
v -1.15 -0.15 -2.35
v -1.15 -0.15 -2.45
v -1.15 -0.15 -2.65
v -1.15 -0.15 -2.75
v -1.15 -0.05 -2.55
v -1.15 -0.05 -2.65
v -1.15 -0.05 -2.75
v -1.15 0.05 -2.45
v -1.15 0.05 -2.65
v -1.15 0.15 -2.35
v -1.15 0.15 -2.45
v -1.15 0.25 -2.35
v -1.15 0.25 -2.45
v -1.15 0.45 0.65
v -1.15 0.45 0.55
v -1.15 0.45 -0.75
v -1.15 0.45 -0.95
v -1.15 0.55 0.75
v -1.15 0.55 0.65
v -1.15 0.55 0.55
v -1.15 0.55 0.45
v -1.15 0.55 -0.65
v -1.15 0.55 -0.75
v -1.15 0.55 -0.95
v -1.15 0.55 -1.05
v -1.15 0.65 0.85
v -1.15 0.65 0.75
v -1.15 0.65 0.65
v -1.15 0.65 0.55
v -1.15 0.65 0.45
v -1.15 0.65 0.35
v -1.15 0.65 -0.55
v -1.15 0.65 -0.65
v -1.15 0.65 -0.75
v -1.15 0.65 -0.95
v -1.15 0.65 -1.05
v -1.15 0.65 -1.15
v -1.15 0.75 0.95
v -1.15 0.75 0.85
v -1.15 0.75 0.75
v -1.15 0.75 0.65
v -1.15 0.75 0.55
v -1.15 0.75 0.45
v -1.15 0.75 0.35
v -1.15 0.75 0.25
v -1.15 0.75 0.05
v -1.15 0.75 -0.25
v -1.15 0.75 -0.55
v -1.15 0.75 -0.65
v -1.15 0.75 -0.75
v -1.15 0.75 -0.95
v -1.15 0.75 -1.05
v -1.15 0.75 -1.15
v -1.15 0.75 -1.25
v -1.15 0.75 -1.45
v -1.15 0.75 -1.75
v -1.15 0.75 -2.05
v -1.15 0.85 1.15
v -1.15 0.85 0.95
v -1.15 0.85 0.85
v -1.15 0.85 0.75
v -1.15 0.85 0.45
v -1.15 0.85 0.25
v -1.15 0.85 0.15
v -1.15 0.85 0.05
v -1.15 0.85 -0.25
v -1.15 0.85 -0.35
v -1.15 0.85 -0.65
v -1.15 0.85 -1.05
v -1.15 0.85 -1.25
v -1.15 0.85 -1.35
v -1.15 0.85 -1.45
v -1.15 0.85 -1.55
v -1.15 0.85 -1.75
v -1.15 0.85 -1.85
v -1.15 0.85 -1.95
v -1.15 0.95 1.35
v -1.15 0.95 1.15
v -1.15 0.95 1.05
v -1.15 0.95 0.85
v -1.15 0.95 0.15
v -1.15 0.95 -0.35
v -1.15 0.95 -1.35
v -1.15 0.95 -1.55
v -1.15 0.95 -1.85
v -1.15 1.05 1.35
v -1.15 1.05 1.05
v -1.15 1.25 -1.95
v -1.15 1.25 -2.05
v -1.05 -1.35 -2.55
v -1.05 -1.35 -2.65
v -1.05 -1.25 -2.55
v -1.05 -1.25 -2.65
v -1.05 -1.15 3.15
v -1.05 -1.15 3.05
v -1.05 -1.15 2.65
v -1.05 -1.15 1.95
v -1.05 -1.15 1.05
v -1.05 -1.15 -2.45
v -1.05 -1.15 -2.55
v -1.05 -1.05 3.15
v -1.05 -1.05 3.05
v -1.05 -1.05 2.65
v -1.05 -1.05 2.45
v -1.05 -1.05 2.15
v -1.05 -1.05 2.05
v -1.05 -1.05 1.95
v -1.05 -1.05 1.05
v -1.05 -1.05 0.85
v -1.05 -1.05 0.25
v -1.05 -1.05 -0.45
v -1.05 -1.05 -1.25
v -1.05 -1.05 -1.55
v -1.05 -1.05 -1.95
v -1.05 -1.05 -2.45
v -1.05 -1.05 -2.55
v -1.05 -0.95 2.65
v -1.05 -0.95 2.45
v -1.05 -0.95 2.35
v -1.05 -0.95 2.25
v -1.05 -0.95 2.15
v -1.05 -0.95 2.05
v -1.05 -0.95 1.95
v -1.05 -0.95 1.05
v -1.05 -0.95 0.85
v -1.05 -0.95 0.75
v -1.05 -0.95 0.45
v -1.05 -0.95 0.25
v -1.05 -0.95 0.15
v -1.05 -0.95 -0.35
v -1.05 -0.95 -0.45
v -1.05 -0.95 -0.65
v -1.05 -0.95 -1.05
v -1.05 -0.95 -1.25
v -1.05 -0.95 -1.35
v -1.05 -0.95 -1.55
v -1.05 -0.95 -1.85
v -1.05 -0.95 -1.95
v -1.05 -0.95 -2.15
v -1.05 -0.85 2.45
v -1.05 -0.85 2.35
v -1.05 -0.85 2.25
v -1.05 -0.85 2.15
v -1.05 -0.85 0.85
v -1.05 -0.85 0.75
v -1.05 -0.85 0.65
v -1.05 -0.85 0.55
v -1.05 -0.85 0.45
v -1.05 -0.85 0.25
v -1.05 -0.85 0.15
v -1.05 -0.85 -0.35
v -1.05 -0.85 -0.65
v -1.05 -0.85 -0.75
v -1.05 -0.85 -0.95
v -1.05 -0.85 -1.05
v -1.05 -0.85 -1.25
v -1.05 -0.85 -1.35
v -1.05 -0.85 -1.85
v -1.05 -0.85 -2.15
v -1.05 -0.85 -2.25
v -1.05 -0.75 2.35
v -1.05 -0.75 2.25
v -1.05 -0.75 0.75
v -1.05 -0.75 0.65
v -1.05 -0.75 0.55
v -1.05 -0.75 0.45
v -1.05 -0.75 -0.65
v -1.05 -0.75 -0.75
v -1.05 -0.75 -0.95
v -1.05 -0.75 -1.05
v -1.05 -0.75 -2.15
v -1.05 -0.75 -2.25
v -1.05 -0.75 -2.35
v -1.05 -0.65 0.65
v -1.05 -0.65 0.55
v -1.05 -0.65 -0.75
v -1.05 -0.65 -0.95
v -1.05 -0.65 -2.25
v -1.05 -0.65 -2.35
v -1.05 -0.65 -2.45
v -1.05 -0.55 -2.35
v -1.05 -0.55 -2.45
v -1.05 -0.45 -2.45
v -1.05 -0.45 -2.55
v -1.05 -0.25 -2.45
v -1.05 -0.25 -2.55
v -1.05 -0.25 -2.65
v -1.05 -0.05 -2.55
v -1.05 -0.05 -2.65
v -1.05 0.65 0.65
v -1.05 0.65 0.55
v -1.05 0.65 -0.75
v -1.05 0.65 -0.95
v -1.05 0.75 0.75
v -1.05 0.75 0.65
v -1.05 0.75 0.55
v -1.05 0.75 0.45
v -1.05 0.75 -0.65
v -1.05 0.75 -0.75
v -1.05 0.75 -0.95
v -1.05 0.75 -1.05
v -1.05 0.85 0.85
v -1.05 0.85 0.75
v -1.05 0.85 0.65
v -1.05 0.85 0.55
v -1.05 0.85 0.45
v -1.05 0.85 0.25
v -1.05 0.85 0.15
v -1.05 0.85 -0.35
v -1.05 0.85 -0.65
v -1.05 0.85 -0.75
v -1.05 0.85 -0.95
v -1.05 0.85 -1.05
v -1.05 0.85 -1.25
v -1.05 0.85 -1.35
v -1.05 0.85 -1.85
v -1.05 0.85 -1.95
v -1.05 0.95 1.05
v -1.05 0.95 0.85
v -1.05 0.95 0.75
v -1.05 0.95 0.45
v -1.05 0.95 0.25
v -1.05 0.95 0.15
v -1.05 0.95 -0.35
v -1.05 0.95 -0.45
v -1.05 0.95 -0.65
v -1.05 0.95 -1.05
v -1.05 0.95 -1.25
v -1.05 0.95 -1.35
v -1.05 0.95 -1.55
v -1.05 0.95 -1.85
v -1.05 1.05 1.35
v -1.05 1.05 1.05
v -1.05 1.05 0.85
v -1.05 1.05 0.25
v -1.05 1.05 -0.45
v -1.05 1.05 -1.25
v -1.05 1.05 -1.55
v -1.05 1.05 -1.95
v -1.05 1.15 1.25
v -1.05 1.15 1.05
v -1.05 1.35 1.35
v -1.05 1.35 1.25
v -0.95 -1.45 -2.55
v -0.95 -1.45 -2.65
v -0.95 -1.35 -2.55
v -0.95 -1.35 -2.65
v -0.95 -1.25 3.15
v -0.95 -1.25 3.05
v -0.95 -1.25 2.75
v -0.95 -1.25 1.85
v -0.95 -1.25 1.15
v -0.95 -1.25 -2.45
v -0.95 -1.25 -2.55
v -0.95 -1.15 3.15
v -0.95 -1.15 3.05
v -0.95 -1.15 2.75
v -0.95 -1.15 2.65
v -0.95 -1.15 2.45
v -0.95 -1.15 2.15
v -0.95 -1.15 2.05
v -0.95 -1.15 1.95
v -0.95 -1.15 1.85
v -0.95 -1.15 1.15
v -0.95 -1.15 1.05
v -0.95 -1.15 0.85
v -0.95 -1.15 0.15
v -0.95 -1.15 -0.35
v -0.95 -1.15 -1.35
v -0.95 -1.15 -1.55
v -0.95 -1.15 -1.85
v -0.95 -1.15 -2.45
v -0.95 -1.15 -2.55
v -0.95 -1.05 2.65
v -0.95 -1.05 2.45
v -0.95 -1.05 2.35
v -0.95 -1.05 2.25
v -0.95 -1.05 2.15
v -0.95 -1.05 2.05
v -0.95 -1.05 1.95
v -0.95 -1.05 1.05
v -0.95 -1.05 0.85
v -0.95 -1.05 0.75
v -0.95 -1.05 0.45
v -0.95 -1.05 0.25
v -0.95 -1.05 0.15
v -0.95 -1.05 -0.35
v -0.95 -1.05 -0.45
v -0.95 -1.05 -0.65
v -0.95 -1.05 -1.05
v -0.95 -1.05 -1.25
v -0.95 -1.05 -1.35
v -0.95 -1.05 -1.55
v -0.95 -1.05 -1.85
v -0.95 -1.05 -1.95
v -0.95 -1.05 -2.15
v -0.95 -0.95 2.45
v -0.95 -0.95 2.35
v -0.95 -0.95 2.25
v -0.95 -0.95 2.15
v -0.95 -0.95 0.85
v -0.95 -0.95 0.75
v -0.95 -0.95 0.65
v -0.95 -0.95 0.55
v -0.95 -0.95 0.45
v -0.95 -0.95 0.25
v -0.95 -0.95 -0.45
v -0.95 -0.95 -0.65
v -0.95 -0.95 -0.75
v -0.95 -0.95 -0.95
v -0.95 -0.95 -1.05
v -0.95 -0.95 -1.25
v -0.95 -0.95 -1.95
v -0.95 -0.95 -2.15
v -0.95 -0.95 -2.25
v -0.95 -0.85 2.35
v -0.95 -0.85 2.25
v -0.95 -0.85 0.75
v -0.95 -0.85 0.65
v -0.95 -0.85 0.55
v -0.95 -0.85 0.45
v -0.95 -0.85 -0.65
v -0.95 -0.85 -0.75
v -0.95 -0.85 -0.95
v -0.95 -0.85 -1.05
v -0.95 -0.85 -2.15
v -0.95 -0.85 -2.25
v -0.95 -0.85 -2.45
v -0.95 -0.75 0.65
v -0.95 -0.75 0.55
v -0.95 -0.75 -0.75
v -0.95 -0.75 -0.95
v -0.95 -0.75 -2.25
v -0.95 -0.75 -2.35
v -0.95 -0.65 -2.35
v -0.95 -0.65 -2.45
v -0.95 0.75 0.65
v -0.95 0.75 0.55
v -0.95 0.75 -0.75
v -0.95 0.75 -0.95
v -0.95 0.85 0.75
v -0.95 0.85 0.65
v -0.95 0.85 0.55
v -0.95 0.85 0.45
v -0.95 0.85 -0.65
v -0.95 0.85 -0.75
v -0.95 0.85 -0.95
v -0.95 0.85 -1.05
v -0.95 0.95 0.85
v -0.95 0.95 0.75
v -0.95 0.95 0.65
v -0.95 0.95 0.55
v -0.95 0.95 0.45
v -0.95 0.95 0.25
v -0.95 0.95 -0.45
v -0.95 0.95 -0.65
v -0.95 0.95 -0.75
v -0.95 0.95 -0.95
v -0.95 0.95 -1.05
v -0.95 0.95 -1.25
v -0.95 1.05 1.05
v -0.95 1.05 0.85
v -0.95 1.05 0.75
v -0.95 1.05 0.45
v -0.95 1.05 0.25
v -0.95 1.05 0.15
v -0.95 1.05 -0.35
v -0.95 1.05 -0.45
v -0.95 1.05 -0.65
v -0.95 1.05 -1.05
v -0.95 1.05 -1.25
v -0.95 1.05 -1.35
v -0.95 1.05 -1.55
v -0.95 1.05 -1.95
v -0.95 1.15 1.25
v -0.95 1.15 1.15
v -0.95 1.15 1.05
v -0.95 1.15 0.85
v -0.95 1.15 0.15
v -0.95 1.15 -0.35
v -0.95 1.15 -1.35
v -0.95 1.15 -1.55
v -0.95 1.15 -1.95
v -0.95 1.25 1.25
v -0.95 1.25 1.15
v -0.95 1.35 1.35
v -0.95 1.35 1.25
v -0.95 1.45 1.35
v -0.95 1.45 1.25
v -0.85 -1.35 3.15
v -0.85 -1.35 3.05
v -0.85 -1.35 2.85
v -0.85 -1.35 1.75
v -0.85 -1.35 1.25
v -0.85 -1.35 -2.45
v -0.85 -1.35 -2.55
v -0.85 -1.25 3.15
v -0.85 -1.25 3.05
v -0.85 -1.25 2.85
v -0.85 -1.25 2.75
v -0.85 -1.25 2.55
v -0.85 -1.25 2.05
v -0.85 -1.25 1.85
v -0.85 -1.25 1.75
v -0.85 -1.25 1.25
v -0.85 -1.25 1.15
v -0.85 -1.25 0.95
v -0.85 -1.25 0.05
v -0.85 -1.25 -0.25
v -0.85 -1.25 -1.45
v -0.85 -1.25 -1.55
v -0.85 -1.25 -1.75
v -0.85 -1.25 -2.45
v -0.85 -1.25 -2.55
v -0.85 -1.15 2.75
v -0.85 -1.15 2.55
v -0.85 -1.15 2.45
v -0.85 -1.15 2.35
v -0.85 -1.15 2.25
v -0.85 -1.15 2.15
v -0.85 -1.15 2.05
v -0.85 -1.15 1.85
v -0.85 -1.15 1.15
v -0.85 -1.15 0.95
v -0.85 -1.15 0.85
v -0.85 -1.15 0.75
v -0.85 -1.15 0.45
v -0.85 -1.15 0.25
v -0.85 -1.15 0.15
v -0.85 -1.15 0.05
v -0.85 -1.15 -0.25
v -0.85 -1.15 -0.35
v -0.85 -1.15 -0.65
v -0.85 -1.15 -1.05
v -0.85 -1.15 -1.25
v -0.85 -1.15 -1.35
v -0.85 -1.15 -1.45
v -0.85 -1.15 -1.55
v -0.85 -1.15 -1.75
v -0.85 -1.15 -1.85
v -0.85 -1.15 -2.15
v -0.85 -1.05 2.45
v -0.85 -1.05 2.35
v -0.85 -1.05 2.25
v -0.85 -1.05 2.15
v -0.85 -1.05 0.85
v -0.85 -1.05 0.75
v -0.85 -1.05 0.65
v -0.85 -1.05 0.55
v -0.85 -1.05 0.45
v -0.85 -1.05 0.25
v -0.85 -1.05 0.15
v -0.85 -1.05 -0.35
v -0.85 -1.05 -0.65
v -0.85 -1.05 -0.75
v -0.85 -1.05 -0.95
v -0.85 -1.05 -1.05
v -0.85 -1.05 -1.25
v -0.85 -1.05 -1.35
v -0.85 -1.05 -1.85
v -0.85 -1.05 -2.15
v -0.85 -1.05 -2.25
v -0.85 -1.05 -2.35
v -0.85 -1.05 -2.45
v -0.85 -0.95 2.35
v -0.85 -0.95 2.25
v -0.85 -0.95 0.75
v -0.85 -0.95 0.65
v -0.85 -0.95 0.55
v -0.85 -0.95 0.45
v -0.85 -0.95 -0.65
v -0.85 -0.95 -0.75
v -0.85 -0.95 -0.95
v -0.85 -0.95 -1.05
v -0.85 -0.95 -2.15
v -0.85 -0.95 -2.25
v -0.85 -0.95 -2.35
v -0.85 -0.85 0.65
v -0.85 -0.85 0.55
v -0.85 -0.85 -0.75
v -0.85 -0.85 -0.95
v -0.85 -0.85 -2.25
v -0.85 -0.85 -2.45
v -0.85 0.85 0.65
v -0.85 0.85 0.55
v -0.85 0.85 -0.75
v -0.85 0.85 -0.95
v -0.85 0.95 0.75
v -0.85 0.95 0.65
v -0.85 0.95 0.55
v -0.85 0.95 0.45
v -0.85 0.95 -0.65
v -0.85 0.95 -0.75
v -0.85 0.95 -0.95
v -0.85 0.95 -1.05
v -0.85 1.05 0.85
v -0.85 1.05 0.75
v -0.85 1.05 0.65
v -0.85 1.05 0.55
v -0.85 1.05 0.45
v -0.85 1.05 0.25
v -0.85 1.05 0.15
v -0.85 1.05 -0.35
v -0.85 1.05 -0.65
v -0.85 1.05 -0.75
v -0.85 1.05 -0.95
v -0.85 1.05 -1.05
v -0.85 1.05 -1.25
v -0.85 1.05 -1.35
v -0.85 1.15 1.15
v -0.85 1.15 0.95
v -0.85 1.15 0.85
v -0.85 1.15 0.75
v -0.85 1.15 0.45
v -0.85 1.15 0.25
v -0.85 1.15 0.15
v -0.85 1.15 0.05
v -0.85 1.15 -0.25
v -0.85 1.15 -0.35
v -0.85 1.15 -0.65
v -0.85 1.15 -1.05
v -0.85 1.15 -1.25
v -0.85 1.15 -1.35
v -0.85 1.15 -1.45
v -0.85 1.15 -1.55
v -0.85 1.15 -1.95
v -0.85 1.25 1.15
v -0.85 1.25 0.95
v -0.85 1.25 0.05
v -0.85 1.25 -0.25
v -0.85 1.25 -1.45
v -0.85 1.25 -1.55
v -0.85 1.35 -1.55
v -0.85 1.35 -1.95
v -0.75 -1.55 -2.55
v -0.75 -1.55 -2.65
v -0.75 -1.45 -2.55
v -0.75 -1.45 -2.65
v -0.75 -1.35 2.85
v -0.75 -1.35 2.65
v -0.75 -1.35 1.95
v -0.75 -1.35 1.75
v -0.75 -1.35 1.25
v -0.75 -1.35 1.05
v -0.75 -1.25 2.85
v -0.75 -1.25 2.65
v -0.75 -1.25 2.55
v -0.75 -1.25 2.45
v -0.75 -1.25 2.15
v -0.75 -1.25 2.05
v -0.75 -1.25 1.95
v -0.75 -1.25 1.75
v -0.75 -1.25 1.25
v -0.75 -1.25 1.05
v -0.75 -1.25 0.95
v -0.75 -1.25 0.85
v -0.75 -1.25 0.35
v -0.75 -1.25 0.25
v -0.75 -1.25 0.05
v -0.75 -1.25 -0.25
v -0.75 -1.25 -0.55
v -0.75 -1.25 -1.15
v -0.75 -1.25 -1.25
v -0.75 -1.25 -1.45
v -0.75 -1.25 -1.75
v -0.75 -1.25 -2.05
v -0.75 -1.15 2.55
v -0.75 -1.15 2.45
v -0.75 -1.15 2.35
v -0.75 -1.15 2.25
v -0.75 -1.15 2.15
v -0.75 -1.15 2.05
v -0.75 -1.15 0.95
v -0.75 -1.15 0.85
v -0.75 -1.15 0.75
v -0.75 -1.15 0.65
v -0.75 -1.15 0.55
v -0.75 -1.15 0.45
v -0.75 -1.15 0.35
v -0.75 -1.15 0.25
v -0.75 -1.15 0.05
v -0.75 -1.15 -0.25
v -0.75 -1.15 -0.55
v -0.75 -1.15 -0.65
v -0.75 -1.15 -0.75
v -0.75 -1.15 -0.95
v -0.75 -1.15 -1.05
v -0.75 -1.15 -1.15
v -0.75 -1.15 -1.25
v -0.75 -1.15 -1.45
v -0.75 -1.15 -1.75
v -0.75 -1.15 -2.05
v -0.75 -1.15 -2.15
v -0.75 -1.15 -2.25
v -0.75 -1.05 2.35
v -0.75 -1.05 2.25
v -0.75 -1.05 0.75
v -0.75 -1.05 0.65
v -0.75 -1.05 0.55
v -0.75 -1.05 0.45
v -0.75 -1.05 -0.65
v -0.75 -1.05 -0.75
v -0.75 -1.05 -0.95
v -0.75 -1.05 -1.05
v -0.75 -1.05 -2.15
v -0.75 -1.05 -2.25
v -0.75 -1.05 -2.35
v -0.75 -0.95 0.65
v -0.75 -0.95 0.55
v -0.75 -0.95 -0.75
v -0.75 -0.95 -0.95
v -0.75 -0.95 -2.25
v -0.75 -0.95 -2.35
v -0.75 0.95 0.65
v -0.75 0.95 0.55
v -0.75 0.95 -0.75
v -0.75 0.95 -0.95
v -0.75 1.05 0.75
v -0.75 1.05 0.65
v -0.75 1.05 0.55
v -0.75 1.05 0.45
v -0.75 1.05 -0.65
v -0.75 1.05 -0.75
v -0.75 1.05 -0.95
v -0.75 1.05 -1.05
v -0.75 1.15 0.95
v -0.75 1.15 0.85
v -0.75 1.15 0.75
v -0.75 1.15 0.65
v -0.75 1.15 0.55
v -0.75 1.15 0.45
v -0.75 1.15 0.35
v -0.75 1.15 0.25
v -0.75 1.15 0.05
v -0.75 1.15 -0.25
v -0.75 1.15 -0.55
v -0.75 1.15 -0.65
v -0.75 1.15 -0.75
v -0.75 1.15 -0.95
v -0.75 1.15 -1.05
v -0.75 1.15 -1.15
v -0.75 1.15 -1.25
v -0.75 1.15 -1.45
v -0.75 1.25 1.25
v -0.75 1.25 1.05
v -0.75 1.25 0.95
v -0.75 1.25 0.85
v -0.75 1.25 0.35
v -0.75 1.25 0.25
v -0.75 1.25 0.05
v -0.75 1.25 -0.25
v -0.75 1.25 -0.55
v -0.75 1.25 -1.15
v -0.75 1.25 -1.25
v -0.75 1.25 -1.35
v -0.75 1.25 -1.45
v -0.75 1.25 -1.55
v -0.75 1.35 1.25
v -0.75 1.35 1.05
v -0.75 1.35 -1.45
v -0.75 1.35 -1.55
v -0.65 -1.45 3.15
v -0.65 -1.45 3.05
v -0.65 -1.45 2.85
v -0.65 -1.45 1.75
v -0.65 -1.45 1.25
v -0.65 -1.35 3.15
v -0.65 -1.35 3.05
v -0.65 -1.35 2.85
v -0.65 -1.35 2.65
v -0.65 -1.35 2.55
v -0.65 -1.35 2.05
v -0.65 -1.35 1.95
v -0.65 -1.35 1.75
v -0.65 -1.35 1.25
v -0.65 -1.35 1.05
v -0.65 -1.35 0.95
v -0.65 -1.35 0.15
v -0.65 -1.35 -0.35
v -0.65 -1.35 -1.35
v -0.65 -1.35 -1.55
v -0.65 -1.35 -1.85
v -0.65 -1.25 2.65
v -0.65 -1.25 2.55
v -0.65 -1.25 2.45
v -0.65 -1.25 2.35
v -0.65 -1.25 2.25
v -0.65 -1.25 2.15
v -0.65 -1.25 2.05
v -0.65 -1.25 1.95
v -0.65 -1.25 1.05
v -0.65 -1.25 0.95
v -0.65 -1.25 0.85
v -0.65 -1.25 0.75
v -0.65 -1.25 0.45
v -0.65 -1.25 0.35
v -0.65 -1.25 0.15
v -0.65 -1.25 -0.35
v -0.65 -1.25 -0.55
v -0.65 -1.25 -0.65
v -0.65 -1.25 -1.05
v -0.65 -1.25 -1.15
v -0.65 -1.25 -1.35
v -0.65 -1.25 -1.55
v -0.65 -1.25 -1.85
v -0.65 -1.25 -2.05
v -0.65 -1.25 -2.15
v -0.65 -1.15 2.45
v -0.65 -1.15 2.35
v -0.65 -1.15 2.25
v -0.65 -1.15 2.15
v -0.65 -1.15 0.85
v -0.65 -1.15 0.75
v -0.65 -1.15 0.65
v -0.65 -1.15 0.55
v -0.65 -1.15 0.45
v -0.65 -1.15 0.35
v -0.65 -1.15 -0.55
v -0.65 -1.15 -0.65
v -0.65 -1.15 -0.75
v -0.65 -1.15 -0.95
v -0.65 -1.15 -1.05
v -0.65 -1.15 -1.15
v -0.65 -1.15 -2.05
v -0.65 -1.15 -2.15
v -0.65 -1.15 -2.25
v -0.65 -1.15 -2.45
v -0.65 -1.05 0.65
v -0.65 -1.05 0.55
v -0.65 -1.05 -0.75
v -0.65 -1.05 -0.95
v -0.65 -1.05 -2.25
v -0.65 -1.05 -2.45
v -0.65 1.05 0.65
v -0.65 1.05 0.55
v -0.65 1.05 -0.75
v -0.65 1.05 -0.95
v -0.65 1.15 0.85
v -0.65 1.15 0.75
v -0.65 1.15 0.65
v -0.65 1.15 0.55
v -0.65 1.15 0.45
v -0.65 1.15 0.35
v -0.65 1.15 -0.55
v -0.65 1.15 -0.65
v -0.65 1.15 -0.75
v -0.65 1.15 -0.95
v -0.65 1.15 -1.05
v -0.65 1.15 -1.15
v -0.65 1.25 1.05
v -0.65 1.25 0.95
v -0.65 1.25 0.85
v -0.65 1.25 0.75
v -0.65 1.25 0.45
v -0.65 1.25 0.35
v -0.65 1.25 0.15
v -0.65 1.25 -0.35
v -0.65 1.25 -0.55
v -0.65 1.25 -0.65
v -0.65 1.25 -1.05
v -0.65 1.25 -1.15
v -0.65 1.25 -1.25
v -0.65 1.25 -1.35
v -0.65 1.35 1.05
v -0.65 1.35 0.95
v -0.65 1.35 0.15
v -0.65 1.35 -0.35
v -0.65 1.35 -1.15
v -0.65 1.35 -1.25
v -0.65 1.35 -1.35
v -0.65 1.45 -1.15
v -0.65 1.45 -1.25
v -0.55 -1.45 2.85
v -0.55 -1.45 2.65
v -0.55 -1.45 1.95
v -0.55 -1.45 1.75
v -0.55 -1.45 1.25
v -0.55 -1.45 1.05
v -0.55 -1.35 2.85
v -0.55 -1.35 2.65
v -0.55 -1.35 2.55
v -0.55 -1.35 2.45
v -0.55 -1.35 2.15
v -0.55 -1.35 2.05
v -0.55 -1.35 1.95
v -0.55 -1.35 1.75
v -0.55 -1.35 1.25
v -0.55 -1.35 1.05
v -0.55 -1.35 0.95
v -0.55 -1.35 0.85
v -0.55 -1.35 0.35
v -0.55 -1.35 0.25
v -0.55 -1.35 0.15
v -0.55 -1.35 -0.35
v -0.55 -1.35 -0.55
v -0.55 -1.35 -1.15
v -0.55 -1.35 -1.25
v -0.55 -1.35 -1.35
v -0.55 -1.35 -1.85
v -0.55 -1.35 -2.05
v -0.55 -1.25 2.55
v -0.55 -1.25 2.45
v -0.55 -1.25 2.35
v -0.55 -1.25 2.25
v -0.55 -1.25 2.15
v -0.55 -1.25 2.05
v -0.55 -1.25 0.95
v -0.55 -1.25 0.85
v -0.55 -1.25 0.75
v -0.55 -1.25 0.65
v -0.55 -1.25 0.55
v -0.55 -1.25 0.45
v -0.55 -1.25 0.35
v -0.55 -1.25 0.25
v -0.55 -1.25 0.15
v -0.55 -1.25 -0.35
v -0.55 -1.25 -0.55
v -0.55 -1.25 -0.65
v -0.55 -1.25 -0.75
v -0.55 -1.25 -0.95
v -0.55 -1.25 -1.05
v -0.55 -1.25 -1.15
v -0.55 -1.25 -1.25
v -0.55 -1.25 -1.35
v -0.55 -1.25 -1.85
v -0.55 -1.25 -2.05
v -0.55 -1.25 -2.15
v -0.55 -1.25 -2.25
v -0.55 -1.15 2.35
v -0.55 -1.15 2.25
v -0.55 -1.15 0.75
v -0.55 -1.15 0.65
v -0.55 -1.15 0.55
v -0.55 -1.15 0.45
v -0.55 -1.15 -0.65
v -0.55 -1.15 -0.75
v -0.55 -1.15 -0.95
v -0.55 -1.15 -1.05
v -0.55 -1.15 -2.15
v -0.55 -1.15 -2.25
v -0.55 1.15 0.75
v -0.55 1.15 0.65
v -0.55 1.15 0.55
v -0.55 1.15 0.45
v -0.55 1.15 -0.65
v -0.55 1.15 -0.75
v -0.55 1.15 -0.95
v -0.55 1.15 -1.05
v -0.55 1.25 0.95
v -0.55 1.25 0.85
v -0.55 1.25 0.75
v -0.55 1.25 0.65
v -0.55 1.25 0.55
v -0.55 1.25 0.45
v -0.55 1.25 0.35
v -0.55 1.25 0.25
v -0.55 1.25 0.15
v -0.55 1.25 -0.35
v -0.55 1.25 -0.55
v -0.55 1.25 -0.65
v -0.55 1.25 -0.75
v -0.55 1.25 -0.95
v -0.55 1.25 -1.05
v -0.55 1.25 -1.15
v -0.55 1.25 -1.25
v -0.55 1.35 1.25
v -0.55 1.35 1.05
v -0.55 1.35 0.95
v -0.55 1.35 0.85
v -0.55 1.35 0.35
v -0.55 1.35 0.25
v -0.55 1.35 0.15
v -0.55 1.35 -0.35
v -0.55 1.35 -0.55
v -0.55 1.35 -1.05
v -0.55 1.35 -1.15
v -0.55 1.35 -1.25
v -0.55 1.45 1.25
v -0.55 1.45 1.05
v -0.55 1.55 -1.05
v -0.55 1.55 -1.15
v -0.45 -1.45 2.65
v -0.45 -1.45 2.55
v -0.45 -1.45 2.05
v -0.45 -1.45 1.95
v -0.45 -1.45 1.05
v -0.45 -1.45 0.95
v -0.45 -1.35 2.65
v -0.45 -1.35 2.55
v -0.45 -1.35 2.45
v -0.45 -1.35 2.35
v -0.45 -1.35 2.25
v -0.45 -1.35 2.15
v -0.45 -1.35 2.05
v -0.45 -1.35 1.95
v -0.45 -1.35 1.05
v -0.45 -1.35 0.95
v -0.45 -1.35 0.85
v -0.45 -1.35 0.75
v -0.45 -1.35 0.45
v -0.45 -1.35 0.35
v -0.45 -1.35 -0.55
v -0.45 -1.35 -0.65
v -0.45 -1.35 -1.05
v -0.45 -1.35 -1.15
v -0.45 -1.35 -2.05
v -0.45 -1.35 -2.15
v -0.45 -1.25 2.45
v -0.45 -1.25 2.35
v -0.45 -1.25 2.25
v -0.45 -1.25 2.15
v -0.45 -1.25 0.85
v -0.45 -1.25 0.75
v -0.45 -1.25 0.65
v -0.45 -1.25 0.55
v -0.45 -1.25 0.45
v -0.45 -1.25 0.35
v -0.45 -1.25 -0.55
v -0.45 -1.25 -0.65
v -0.45 -1.25 -0.75
v -0.45 -1.25 -0.95
v -0.45 -1.25 -1.05
v -0.45 -1.25 -1.15
v -0.45 -1.25 -2.05
v -0.45 -1.25 -2.15
v -0.45 -1.25 -2.25
v -0.45 -1.25 -2.35
v -0.45 -1.15 0.65
v -0.45 -1.15 0.55
v -0.45 -1.15 -0.75
v -0.45 -1.15 -0.95
v -0.45 -1.15 -2.25
v -0.45 -1.15 -2.35
v -0.45 1.15 0.65
v -0.45 1.15 0.55
v -0.45 1.15 -0.75
v -0.45 1.15 -0.95
v -0.45 1.25 0.85
v -0.45 1.25 0.75
v -0.45 1.25 0.65
v -0.45 1.25 0.55
v -0.45 1.25 0.45
v -0.45 1.25 0.35
v -0.45 1.25 -0.55
v -0.45 1.25 -0.65
v -0.45 1.25 -0.75
v -0.45 1.25 -0.95
v -0.45 1.25 -1.05
v -0.45 1.25 -1.15
v -0.45 1.35 1.05
v -0.45 1.35 0.95
v -0.45 1.35 0.85
v -0.45 1.35 0.75
v -0.45 1.35 0.45
v -0.45 1.35 0.35
v -0.45 1.35 -0.55
v -0.45 1.35 -0.65
v -0.45 1.35 -1.05
v -0.45 1.35 -1.15
v -0.45 1.45 1.05
v -0.45 1.45 0.95
v -0.45 1.45 -0.95
v -0.45 1.45 -1.05
v -0.45 1.65 -0.95
v -0.45 1.65 -1.05
v -0.35 -1.55 3.15
v -0.35 -1.55 3.05
v -0.35 -1.55 2.85
v -0.35 -1.55 1.75
v -0.35 -1.55 1.25
v -0.35 -1.45 3.15
v -0.35 -1.45 3.05
v -0.35 -1.45 2.85
v -0.35 -1.45 1.75
v -0.35 -1.45 1.25
v -0.35 -1.45 0.15
v -0.35 -1.45 -0.35
v -0.35 -1.45 -1.35
v -0.35 -1.45 -1.55
v -0.35 -1.45 -1.85
v -0.35 -1.35 0.15
v -0.35 -1.35 -0.35
v -0.35 -1.35 -1.35
v -0.35 -1.35 -1.55
v -0.35 -1.35 -1.85
v -0.35 1.25 -0.95
v -0.35 1.25 -1.05
v -0.35 1.35 0.15
v -0.35 1.35 -0.35
v -0.35 1.45 0.15
v -0.35 1.45 -0.35
v -0.35 1.45 -0.95
v -0.35 1.45 -1.05
v -0.25 -1.55 2.85
v -0.25 -1.55 2.75
v -0.25 -1.55 1.85
v -0.25 -1.55 1.75
v -0.25 -1.55 1.25
v -0.25 -1.55 1.15
v -0.25 -1.45 2.85
v -0.25 -1.45 2.75
v -0.25 -1.45 2.55
v -0.25 -1.45 2.45
v -0.25 -1.45 2.15
v -0.25 -1.45 2.05
v -0.25 -1.45 1.85
v -0.25 -1.45 1.75
v -0.25 -1.45 1.25
v -0.25 -1.45 1.15
v -0.25 -1.45 0.95
v -0.25 -1.45 0.85
v -0.25 -1.45 0.25
v -0.25 -1.45 0.15
v -0.25 -1.45 -0.35
v -0.25 -1.45 -0.45
v -0.25 -1.45 -1.25
v -0.25 -1.45 -1.35
v -0.25 -1.45 -1.85
v -0.25 -1.45 -1.95
v -0.25 -1.35 2.55
v -0.25 -1.35 2.45
v -0.25 -1.35 2.35
v -0.25 -1.35 2.25
v -0.25 -1.35 2.15
v -0.25 -1.35 2.05
v -0.25 -1.35 0.95
v -0.25 -1.35 0.85
v -0.25 -1.35 0.75
v -0.25 -1.35 0.65
v -0.25 -1.35 0.55
v -0.25 -1.35 0.45
v -0.25 -1.35 0.25
v -0.25 -1.35 0.15
v -0.25 -1.35 -0.35
v -0.25 -1.35 -0.45
v -0.25 -1.35 -0.65
v -0.25 -1.35 -0.75
v -0.25 -1.35 -0.95
v -0.25 -1.35 -1.05
v -0.25 -1.35 -1.25
v -0.25 -1.35 -1.35
v -0.25 -1.35 -1.85
v -0.25 -1.35 -1.95
v -0.25 -1.35 -2.15
v -0.25 -1.35 -2.25
v -0.25 -1.25 2.35
v -0.25 -1.25 2.25
v -0.25 -1.25 0.75
v -0.25 -1.25 0.65
v -0.25 -1.25 0.55
v -0.25 -1.25 0.45
v -0.25 -1.25 -0.65
v -0.25 -1.25 -0.75
v -0.25 -1.25 -0.95
v -0.25 -1.25 -1.05
v -0.25 -1.25 -2.15
v -0.25 -1.25 -2.25
v -0.25 1.25 0.75
v -0.25 1.25 0.65
v -0.25 1.25 0.55
v -0.25 1.25 0.45
v -0.25 1.25 -0.65
v -0.25 1.25 -0.75
v -0.25 1.35 0.95
v -0.25 1.35 0.85
v -0.25 1.35 0.75
v -0.25 1.35 0.65
v -0.25 1.35 0.55
v -0.25 1.35 0.45
v -0.25 1.35 0.25
v -0.25 1.35 0.15
v -0.25 1.35 -0.35
v -0.25 1.35 -0.45
v -0.25 1.35 -0.65
v -0.25 1.35 -0.75
v -0.25 1.35 -0.85
v -0.25 1.35 -0.95
v -0.25 1.45 1.25
v -0.25 1.45 1.15
v -0.25 1.45 0.95
v -0.25 1.45 0.85
v -0.25 1.45 0.25
v -0.25 1.45 0.15
v -0.25 1.45 -0.35
v -0.25 1.45 -0.45
v -0.25 1.55 1.25
v -0.25 1.55 1.15
v -0.25 1.65 -0.85
v -0.25 1.65 -0.95
v -0.15 -1.25 -2.35
v -0.15 -1.25 -2.45
v -0.15 -1.15 -2.35
v -0.15 -1.15 -2.45
v -0.15 1.25 -0.85
v -0.15 1.25 -0.95
v -0.15 1.35 -0.85
v -0.15 1.35 -0.95
v -0.05 -1.25 -2.45
v -0.05 -1.25 -2.55
v -0.05 -1.15 -2.45
v -0.05 -1.15 -2.55
v -0.05 1.55 -0.75
v -0.05 1.55 -0.85
v -0.05 1.75 -0.75
v -0.05 1.75 -0.85
v 0.05 -1.65 -2.75
v 0.05 -1.65 -2.85
v 0.05 -1.55 2.25
v 0.05 -1.55 2.15
v 0.05 -1.55 0.45
v 0.05 -1.55 0.35
v 0.05 -1.55 -2.65
v 0.05 -1.55 -2.75
v 0.05 -1.55 -2.85
v 0.05 -1.45 2.25
v 0.05 -1.45 2.15
v 0.05 -1.45 0.45
v 0.05 -1.45 0.35
v 0.05 -1.45 -2.45
v 0.05 -1.45 -2.65
v 0.05 -1.45 -2.75
v 0.05 -1.35 -2.55
v 0.05 -1.35 -2.65
v 0.05 -1.25 -2.45
v 0.05 -1.25 -2.55
v 0.05 1.35 -0.75
v 0.05 1.35 -0.85
v 0.05 1.45 0.45
v 0.05 1.45 0.35
v 0.05 1.55 0.45
v 0.05 1.55 0.35
v 0.05 1.55 -0.75
v 0.05 1.55 -0.85
v 0.15 -1.75 2.75
v 0.15 -1.75 2.65
v 0.15 -1.75 1.75
v 0.15 -1.75 1.65
v 0.15 -1.75 0.95
v 0.15 -1.75 0.85
v 0.15 -1.75 -0.05
v 0.15 -1.75 -0.15
v 0.15 -1.75 -0.85
v 0.15 -1.75 -0.95
v 0.15 -1.75 -1.85
v 0.15 -1.75 -1.95
v 0.15 -1.75 -2.65
v 0.15 -1.75 -2.75
v 0.15 -1.65 2.75
v 0.15 -1.65 2.65
v 0.15 -1.65 2.45
v 0.15 -1.65 2.35
v 0.15 -1.65 2.05
v 0.15 -1.65 1.95
v 0.15 -1.65 1.75
v 0.15 -1.65 1.65
v 0.15 -1.65 0.95
v 0.15 -1.65 0.85
v 0.15 -1.65 0.65
v 0.15 -1.65 0.55
v 0.15 -1.65 0.25
v 0.15 -1.65 0.15
v 0.15 -1.65 -0.05
v 0.15 -1.65 -0.15
v 0.15 -1.65 -0.85
v 0.15 -1.65 -0.95
v 0.15 -1.65 -1.15
v 0.15 -1.65 -1.25
v 0.15 -1.65 -1.55
v 0.15 -1.65 -1.65
v 0.15 -1.65 -1.85
v 0.15 -1.65 -1.95
v 0.15 -1.55 2.45
v 0.15 -1.55 2.35
v 0.15 -1.55 2.05
v 0.15 -1.55 1.95
v 0.15 -1.55 0.65
v 0.15 -1.55 0.55
v 0.15 -1.55 0.25
v 0.15 -1.55 0.15
v 0.15 -1.55 -1.15
v 0.15 -1.55 -1.25
v 0.15 -1.55 -1.55
v 0.15 -1.55 -1.65
v 0.15 -1.55 -2.55
v 0.15 -1.55 -2.65
v 0.15 -1.55 -2.75
v 0.15 -1.45 -2.55
v 0.15 -1.45 -2.65
v 0.15 -1.35 -2.35
v 0.15 -1.35 -2.45
v 0.15 -1.25 -2.35
v 0.15 -1.25 -2.45
v 0.15 1.55 0.65
v 0.15 1.55 0.55
v 0.15 1.55 0.25
v 0.15 1.55 0.15
v 0.15 1.65 0.95
v 0.15 1.65 0.85
v 0.15 1.65 0.65
v 0.15 1.65 0.55
v 0.15 1.65 0.25
v 0.15 1.65 0.15
v 0.15 1.65 -0.05
v 0.15 1.65 -0.15
v 0.15 1.75 0.95
v 0.15 1.75 0.85
v 0.15 1.75 -0.05
v 0.15 1.75 -0.15
v 0.25 -1.75 2.85
v 0.25 -1.75 2.75
v 0.25 -1.75 1.65
v 0.25 -1.75 1.55
v 0.25 -1.75 1.05
v 0.25 -1.75 0.95
v 0.25 -1.75 -0.15
v 0.25 -1.75 -0.25
v 0.25 -1.75 -0.75
v 0.25 -1.75 -0.85
v 0.25 -1.75 -1.95
v 0.25 -1.75 -2.05
v 0.25 -1.75 -2.55
v 0.25 -1.75 -2.65
v 0.25 -1.65 2.85
v 0.25 -1.65 2.75
v 0.25 -1.65 1.65
v 0.25 -1.65 1.55
v 0.25 -1.65 1.05
v 0.25 -1.65 0.95
v 0.25 -1.65 -0.15
v 0.25 -1.65 -0.25
v 0.25 -1.65 -0.75
v 0.25 -1.65 -0.85
v 0.25 -1.65 -1.95
v 0.25 -1.65 -2.05
v 0.25 -1.55 -2.45
v 0.25 -1.55 -2.55
v 0.25 -1.55 -2.65
v 0.25 -1.45 -2.35
v 0.25 -1.45 -2.45
v 0.25 -1.45 -2.55
v 0.25 -1.35 -2.25
v 0.25 -1.35 -2.35
v 0.25 -1.35 -2.45
v 0.25 -1.25 -2.25
v 0.25 -1.25 -2.35
v 0.25 1.25 -0.75
v 0.25 1.25 -0.85
v 0.25 1.35 -0.75
v 0.25 1.35 -0.85
v 0.25 1.65 1.65
v 0.25 1.65 1.55
v 0.25 1.65 1.05
v 0.25 1.65 0.95
v 0.25 1.65 -0.15
v 0.25 1.65 -0.25
v 0.25 1.75 1.65
v 0.25 1.75 1.55
v 0.25 1.75 1.05
v 0.25 1.75 0.95
v 0.25 1.75 -0.15
v 0.25 1.75 -0.25
v 0.35 -1.75 2.95
v 0.35 -1.75 2.85
v 0.35 -1.75 1.55
v 0.35 -1.75 1.45
v 0.35 -1.75 1.15
v 0.35 -1.75 1.05
v 0.35 -1.75 -0.25
v 0.35 -1.75 -0.35
v 0.35 -1.75 -0.65
v 0.35 -1.75 -0.75
v 0.35 -1.75 -2.05
v 0.35 -1.75 -2.15
v 0.35 -1.75 -2.45
v 0.35 -1.75 -2.55
v 0.35 -1.65 2.95
v 0.35 -1.65 2.85
v 0.35 -1.65 2.55
v 0.35 -1.65 2.45
v 0.35 -1.65 1.95
v 0.35 -1.65 1.85
v 0.35 -1.65 1.55
v 0.35 -1.65 1.45
v 0.35 -1.65 1.15
v 0.35 -1.65 1.05
v 0.35 -1.65 0.75
v 0.35 -1.65 0.65
v 0.35 -1.65 0.15
v 0.35 -1.65 0.05
v 0.35 -1.65 -0.25
v 0.35 -1.65 -0.35
v 0.35 -1.65 -0.65
v 0.35 -1.65 -0.75
v 0.35 -1.65 -1.05
v 0.35 -1.65 -1.15
v 0.35 -1.65 -1.65
v 0.35 -1.65 -1.75
v 0.35 -1.65 -2.05
v 0.35 -1.65 -2.15
v 0.35 -1.55 2.55
v 0.35 -1.55 2.45
v 0.35 -1.55 1.95
v 0.35 -1.55 1.85
v 0.35 -1.55 0.75
v 0.35 -1.55 0.65
v 0.35 -1.55 0.15
v 0.35 -1.55 0.05
v 0.35 -1.55 -1.05
v 0.35 -1.55 -1.15
v 0.35 -1.55 -1.35
v 0.35 -1.55 -1.45
v 0.35 -1.55 -1.65
v 0.35 -1.55 -1.75
v 0.35 -1.55 -2.35
v 0.35 -1.55 -2.45
v 0.35 -1.55 -2.55
v 0.35 -1.45 -1.35
v 0.35 -1.45 -1.45
v 0.35 -1.45 -2.25
v 0.35 -1.45 -2.35
v 0.35 -1.45 -2.45
v 0.35 -1.35 -2.25
v 0.35 -1.35 -2.35
v 0.35 1.55 1.65
v 0.35 1.55 1.55
v 0.35 1.55 0.75
v 0.35 1.55 0.65
v 0.35 1.55 0.15
v 0.35 1.55 0.05
v 0.35 1.65 1.65
v 0.35 1.65 1.55
v 0.35 1.65 1.45
v 0.35 1.65 1.15
v 0.35 1.65 1.05
v 0.35 1.65 0.75
v 0.35 1.65 0.65
v 0.35 1.65 0.15
v 0.35 1.65 0.05
v 0.35 1.65 -0.25
v 0.35 1.65 -0.35
v 0.35 1.65 -0.65
v 0.35 1.65 -0.75
v 0.35 1.75 1.55
v 0.35 1.75 1.45
v 0.35 1.75 1.15
v 0.35 1.75 1.05
v 0.35 1.75 -0.25
v 0.35 1.75 -0.35
v 0.35 1.75 -0.65
v 0.35 1.75 -0.75
v 0.45 -1.75 3.15
v 0.45 -1.75 3.05
v 0.45 -1.75 2.95
v 0.45 -1.75 1.45
v 0.45 -1.75 1.15
v 0.45 -1.75 -0.35
v 0.45 -1.75 -0.65
v 0.45 -1.75 -2.15
v 0.45 -1.75 -2.45
v 0.45 -1.65 3.15
v 0.45 -1.65 3.05
v 0.45 -1.65 2.95
v 0.45 -1.65 1.45
v 0.45 -1.65 1.15
v 0.45 -1.65 -0.35
v 0.45 -1.65 -0.65
v 0.45 -1.65 -2.15
v 0.45 -1.65 -2.45
v 0.45 -1.55 2.35
v 0.45 -1.55 2.25
v 0.45 -1.55 2.15
v 0.45 -1.55 2.05
v 0.45 -1.55 0.55
v 0.45 -1.55 0.45
v 0.45 -1.55 0.35
v 0.45 -1.55 0.25
v 0.45 -1.55 -1.25
v 0.45 -1.55 -1.35
v 0.45 -1.55 -1.45
v 0.45 -1.55 -1.55
v 0.45 -1.45 2.35
v 0.45 -1.45 2.25
v 0.45 -1.45 2.15
v 0.45 -1.45 2.05
v 0.45 -1.45 0.55
v 0.45 -1.45 0.45
v 0.45 -1.45 0.35
v 0.45 -1.45 0.25
v 0.45 -1.45 -1.25
v 0.45 -1.45 -1.35
v 0.45 -1.45 -1.45
v 0.45 -1.45 -1.55
v 0.45 -1.35 -2.15
v 0.45 -1.35 -2.25
v 0.45 -1.25 -2.15
v 0.45 -1.25 -2.25
v 0.45 1.45 0.55
v 0.45 1.45 0.45
v 0.45 1.45 0.35
v 0.45 1.45 0.25
v 0.45 1.55 0.55
v 0.45 1.55 0.45
v 0.45 1.55 0.35
v 0.45 1.55 0.25
v 0.45 1.65 1.45
v 0.45 1.65 1.15
v 0.45 1.65 -0.35
v 0.45 1.65 -0.65
v 0.45 1.75 1.45
v 0.45 1.75 1.15
v 0.45 1.75 -0.35
v 0.45 1.75 -0.65
v 0.55 -1.65 2.75
v 0.55 -1.65 2.55
v 0.55 -1.65 1.85
v 0.55 -1.65 1.65
v 0.55 -1.65 0.95
v 0.55 -1.65 0.75
v 0.55 -1.65 0.05
v 0.55 -1.65 -0.15
v 0.55 -1.65 -0.85
v 0.55 -1.65 -1.05
v 0.55 -1.65 -1.75
v 0.55 -1.65 -1.95
v 0.55 -1.65 -2.35
v 0.55 -1.65 -2.45
v 0.55 -1.55 2.75
v 0.55 -1.55 2.55
v 0.55 -1.55 2.45
v 0.55 -1.55 2.35
v 0.55 -1.55 2.05
v 0.55 -1.55 1.95
v 0.55 -1.55 1.85
v 0.55 -1.55 1.65
v 0.55 -1.55 0.95
v 0.55 -1.55 0.75
v 0.55 -1.55 0.65
v 0.55 -1.55 0.55
v 0.55 -1.55 0.25
v 0.55 -1.55 0.15
v 0.55 -1.55 0.05
v 0.55 -1.55 -0.15
v 0.55 -1.55 -0.85
v 0.55 -1.55 -1.05
v 0.55 -1.55 -1.15
v 0.55 -1.55 -1.25
v 0.55 -1.55 -1.55
v 0.55 -1.55 -1.65
v 0.55 -1.55 -1.75
v 0.55 -1.55 -1.95
v 0.55 -1.55 -2.25
v 0.55 -1.55 -2.35
v 0.55 -1.55 -2.45
v 0.55 -1.45 2.45
v 0.55 -1.45 2.35
v 0.55 -1.45 2.25
v 0.55 -1.45 2.15
v 0.55 -1.45 2.05
v 0.55 -1.45 1.95
v 0.55 -1.45 0.65
v 0.55 -1.45 0.55
v 0.55 -1.45 0.45
v 0.55 -1.45 0.35
v 0.55 -1.45 0.25
v 0.55 -1.45 0.15
v 0.55 -1.45 -1.15
v 0.55 -1.45 -1.25
v 0.55 -1.45 -1.55
v 0.55 -1.45 -1.65
v 0.55 -1.45 -2.25
v 0.55 -1.45 -2.35
v 0.55 -1.35 2.25
v 0.55 -1.35 2.15
v 0.55 -1.35 0.45
v 0.55 -1.35 0.35
v 0.55 1.35 0.45
v 0.55 1.35 0.35
v 0.55 1.45 0.65
v 0.55 1.45 0.55
v 0.55 1.45 0.45
v 0.55 1.45 0.35
v 0.55 1.45 0.25
v 0.55 1.45 0.15
v 0.55 1.55 0.95
v 0.55 1.55 0.75
v 0.55 1.55 0.65
v 0.55 1.55 0.55
v 0.55 1.55 0.25
v 0.55 1.55 0.15
v 0.55 1.55 0.05
v 0.55 1.55 -0.15
v 0.55 1.65 0.95
v 0.55 1.65 0.75
v 0.55 1.65 0.05
v 0.55 1.65 -0.15
v 0.65 -1.65 2.95
v 0.65 -1.65 2.75
v 0.65 -1.65 1.65
v 0.65 -1.65 1.45
v 0.65 -1.65 1.15
v 0.65 -1.65 0.95
v 0.65 -1.65 -0.15
v 0.65 -1.65 -0.35
v 0.65 -1.65 -0.65
v 0.65 -1.65 -0.85
v 0.65 -1.65 -1.95
v 0.65 -1.65 -2.15
v 0.65 -1.55 2.95
v 0.65 -1.55 2.75
v 0.65 -1.55 2.55
v 0.65 -1.55 2.45
v 0.65 -1.55 1.95
v 0.65 -1.55 1.85
v 0.65 -1.55 1.65
v 0.65 -1.55 1.45
v 0.65 -1.55 1.15
v 0.65 -1.55 0.95
v 0.65 -1.55 0.75
v 0.65 -1.55 0.65
v 0.65 -1.55 0.15
v 0.65 -1.55 0.05
v 0.65 -1.55 -0.15
v 0.65 -1.55 -0.35
v 0.65 -1.55 -0.65
v 0.65 -1.55 -0.85
v 0.65 -1.55 -1.05
v 0.65 -1.55 -1.15
v 0.65 -1.55 -1.65
v 0.65 -1.55 -1.75
v 0.65 -1.55 -1.95
v 0.65 -1.55 -2.15
v 0.65 -1.45 2.55
v 0.65 -1.45 2.45
v 0.65 -1.45 2.35
v 0.65 -1.45 2.25
v 0.65 -1.45 2.15
v 0.65 -1.45 2.05
v 0.65 -1.45 1.95
v 0.65 -1.45 1.85
v 0.65 -1.45 0.75
v 0.65 -1.45 0.65
v 0.65 -1.45 0.55
v 0.65 -1.45 0.45
v 0.65 -1.45 0.35
v 0.65 -1.45 0.25
v 0.65 -1.45 0.15
v 0.65 -1.45 0.05
v 0.65 -1.45 -1.05
v 0.65 -1.45 -1.15
v 0.65 -1.45 -1.25
v 0.65 -1.45 -1.55
v 0.65 -1.45 -1.65
v 0.65 -1.45 -1.75
v 0.65 -1.45 -2.15
v 0.65 -1.45 -2.25
v 0.65 -1.35 2.35
v 0.65 -1.35 2.25
v 0.65 -1.35 2.15
v 0.65 -1.35 2.05
v 0.65 -1.35 0.55
v 0.65 -1.35 0.45
v 0.65 -1.35 0.35
v 0.65 -1.35 0.25
v 0.65 -1.35 -1.25
v 0.65 -1.35 -1.55
v 0.65 -1.35 -2.15
v 0.65 -1.35 -2.25
v 0.65 -1.25 2.35
v 0.65 -1.25 2.25
v 0.65 -1.15 2.35
v 0.65 -1.15 2.25
v 0.65 1.35 0.55
v 0.65 1.35 0.45
v 0.65 1.35 0.35
v 0.65 1.35 0.25
v 0.65 1.45 1.55
v 0.65 1.45 1.45
v 0.65 1.45 0.75
v 0.65 1.45 0.65
v 0.65 1.45 0.55
v 0.65 1.45 0.45
v 0.65 1.45 0.35
v 0.65 1.45 0.25
v 0.65 1.45 0.15
v 0.65 1.45 0.05
v 0.65 1.55 1.15
v 0.65 1.55 0.95
v 0.65 1.55 0.75
v 0.65 1.55 0.65
v 0.65 1.55 0.15
v 0.65 1.55 0.05
v 0.65 1.55 -0.15
v 0.65 1.55 -0.35
v 0.65 1.55 -0.65
v 0.65 1.55 -0.75
v 0.65 1.65 1.55
v 0.65 1.65 1.45
v 0.65 1.65 1.15
v 0.65 1.65 0.95
v 0.65 1.65 -0.15
v 0.65 1.65 -0.35
v 0.65 1.65 -0.65
v 0.65 1.65 -0.75
v 0.75 -1.65 3.15
v 0.75 -1.65 3.05
v 0.75 -1.65 2.95
v 0.75 -1.65 1.45
v 0.75 -1.65 1.15
v 0.75 -1.65 -0.35
v 0.75 -1.65 -0.65
v 0.75 -1.65 -2.15
v 0.75 -1.65 -2.35
v 0.75 -1.55 3.15
v 0.75 -1.55 3.05
v 0.75 -1.55 2.95
v 0.75 -1.55 2.65
v 0.75 -1.55 2.55
v 0.75 -1.55 1.85
v 0.75 -1.55 1.75
v 0.75 -1.55 1.45
v 0.75 -1.55 1.15
v 0.75 -1.55 0.85
v 0.75 -1.55 0.75
v 0.75 -1.55 0.05
v 0.75 -1.55 -0.05
v 0.75 -1.55 -0.35
v 0.75 -1.55 -0.65
v 0.75 -1.55 -0.95
v 0.75 -1.55 -1.05
v 0.75 -1.55 -1.75
v 0.75 -1.55 -1.85
v 0.75 -1.55 -2.15
v 0.75 -1.55 -2.25
v 0.75 -1.55 -2.35
v 0.75 -1.45 2.65
v 0.75 -1.45 2.55
v 0.75 -1.45 2.45
v 0.75 -1.45 2.35
v 0.75 -1.45 2.05
v 0.75 -1.45 1.95
v 0.75 -1.45 1.85
v 0.75 -1.45 1.75
v 0.75 -1.45 0.85
v 0.75 -1.45 0.75
v 0.75 -1.45 0.65
v 0.75 -1.45 0.55
v 0.75 -1.45 0.25
v 0.75 -1.45 0.15
v 0.75 -1.45 0.05
v 0.75 -1.45 -0.05
v 0.75 -1.45 -0.95
v 0.75 -1.45 -1.05
v 0.75 -1.45 -1.15
v 0.75 -1.45 -1.25
v 0.75 -1.45 -1.55
v 0.75 -1.45 -1.65
v 0.75 -1.45 -1.75
v 0.75 -1.45 -1.85
v 0.75 -1.35 2.65
v 0.75 -1.35 2.45
v 0.75 -1.35 2.35
v 0.75 -1.35 2.15
v 0.75 -1.35 2.05
v 0.75 -1.35 1.95
v 0.75 -1.35 0.65
v 0.75 -1.35 0.55
v 0.75 -1.35 0.45
v 0.75 -1.35 0.35
v 0.75 -1.35 0.25
v 0.75 -1.35 0.15
v 0.75 -1.35 -1.15
v 0.75 -1.35 -1.25
v 0.75 -1.35 -1.35
v 0.75 -1.35 -1.45
v 0.75 -1.35 -1.55
v 0.75 -1.35 -1.65
v 0.75 -1.25 2.65
v 0.75 -1.25 2.35
v 0.75 -1.25 2.15
v 0.75 -1.25 0.45
v 0.75 -1.25 0.35
v 0.75 -1.25 -1.35
v 0.75 -1.25 -1.45
v 0.75 1.25 0.45
v 0.75 1.25 0.35
v 0.75 1.35 0.65
v 0.75 1.35 0.55
v 0.75 1.35 0.45
v 0.75 1.35 0.35
v 0.75 1.35 0.25
v 0.75 1.35 0.15
v 0.75 1.45 0.85
v 0.75 1.45 0.75
v 0.75 1.45 0.65
v 0.75 1.45 0.55
v 0.75 1.45 0.25
v 0.75 1.45 0.15
v 0.75 1.45 0.05
v 0.75 1.45 -0.05
v 0.75 1.55 1.45
v 0.75 1.55 1.15
v 0.75 1.55 0.85
v 0.75 1.55 0.75
v 0.75 1.55 0.05
v 0.75 1.55 -0.05
v 0.75 1.55 -0.35
v 0.75 1.55 -0.65
v 0.75 1.65 1.45
v 0.75 1.65 1.15
v 0.75 1.65 -0.35
v 0.75 1.65 -0.65
v 0.85 -1.55 3.05
v 0.85 -1.55 2.65
v 0.85 -1.55 1.75
v 0.85 -1.55 1.35
v 0.85 -1.55 1.25
v 0.85 -1.55 0.85
v 0.85 -1.55 -0.05
v 0.85 -1.55 -0.45
v 0.85 -1.55 -0.55
v 0.85 -1.55 -0.95
v 0.85 -1.55 -1.85
v 0.85 -1.55 -2.25
v 0.85 -1.45 3.05
v 0.85 -1.45 2.65
v 0.85 -1.45 2.55
v 0.85 -1.45 2.45
v 0.85 -1.45 1.95
v 0.85 -1.45 1.85
v 0.85 -1.45 1.75
v 0.85 -1.45 1.35
v 0.85 -1.45 1.25
v 0.85 -1.45 0.85
v 0.85 -1.45 0.75
v 0.85 -1.45 0.65
v 0.85 -1.45 0.15
v 0.85 -1.45 0.05
v 0.85 -1.45 -0.05
v 0.85 -1.45 -0.45
v 0.85 -1.45 -0.55
v 0.85 -1.45 -0.95
v 0.85 -1.45 -1.05
v 0.85 -1.45 -1.15
v 0.85 -1.45 -1.65
v 0.85 -1.45 -1.75
v 0.85 -1.45 -1.85
v 0.85 -1.45 -2.15
v 0.85 -1.45 -2.25
v 0.85 -1.35 2.85
v 0.85 -1.35 2.65
v 0.85 -1.35 2.55
v 0.85 -1.35 2.45
v 0.85 -1.35 2.15
v 0.85 -1.35 2.05
v 0.85 -1.35 1.95
v 0.85 -1.35 1.85
v 0.85 -1.35 0.75
v 0.85 -1.35 0.65
v 0.85 -1.35 0.55
v 0.85 -1.35 0.45
v 0.85 -1.35 0.35
v 0.85 -1.35 0.25
v 0.85 -1.35 0.15
v 0.85 -1.35 0.05
v 0.85 -1.35 -1.05
v 0.85 -1.35 -1.15
v 0.85 -1.35 -1.25
v 0.85 -1.35 -1.35
v 0.85 -1.35 -1.45
v 0.85 -1.35 -1.55
v 0.85 -1.35 -1.65
v 0.85 -1.35 -1.75
v 0.85 -1.25 2.85
v 0.85 -1.25 2.65
v 0.85 -1.25 2.15
v 0.85 -1.25 2.05
v 0.85 -1.25 0.55
v 0.85 -1.25 0.45
v 0.85 -1.25 0.35
v 0.85 -1.25 0.25
v 0.85 -1.25 -1.25
v 0.85 -1.25 -1.35
v 0.85 -1.25 -1.45
v 0.85 -1.25 -1.55
v 0.85 1.25 0.55
v 0.85 1.25 0.45
v 0.85 1.25 0.35
v 0.85 1.25 0.25
v 0.85 1.35 1.45
v 0.85 1.35 1.35
v 0.85 1.35 0.75
v 0.85 1.35 0.65
v 0.85 1.35 0.55
v 0.85 1.35 0.45
v 0.85 1.35 0.35
v 0.85 1.35 0.25
v 0.85 1.35 0.15
v 0.85 1.35 0.05
v 0.85 1.45 1.25
v 0.85 1.45 0.85
v 0.85 1.45 0.75
v 0.85 1.45 0.65
v 0.85 1.45 0.15
v 0.85 1.45 0.05
v 0.85 1.45 -0.05
v 0.85 1.45 -0.45
v 0.85 1.45 -0.55
v 0.85 1.45 -0.85
v 0.85 1.55 1.45
v 0.85 1.55 1.35
v 0.85 1.55 1.25
v 0.85 1.55 0.85
v 0.85 1.55 -0.05
v 0.85 1.55 -0.45
v 0.85 1.55 -0.55
v 0.85 1.55 -0.85
v 0.95 -1.55 3.15
v 0.95 -1.55 3.05
v 0.95 -1.55 1.35
v 0.95 -1.55 1.25
v 0.95 -1.55 -0.45
v 0.95 -1.55 -0.55
v 0.95 -1.45 3.15
v 0.95 -1.45 3.05
v 0.95 -1.45 2.75
v 0.95 -1.45 2.55
v 0.95 -1.45 1.85
v 0.95 -1.45 1.65
v 0.95 -1.45 1.35
v 0.95 -1.45 1.25
v 0.95 -1.45 0.95
v 0.95 -1.45 0.75
v 0.95 -1.45 0.05
v 0.95 -1.45 -0.15
v 0.95 -1.45 -0.45
v 0.95 -1.45 -0.55
v 0.95 -1.45 -0.85
v 0.95 -1.45 -1.05
v 0.95 -1.45 -1.75
v 0.95 -1.45 -1.95
v 0.95 -1.35 2.95
v 0.95 -1.35 2.85
v 0.95 -1.35 2.75
v 0.95 -1.35 2.55
v 0.95 -1.35 2.05
v 0.95 -1.35 1.95
v 0.95 -1.35 1.85
v 0.95 -1.35 1.65
v 0.95 -1.35 0.95
v 0.95 -1.35 0.75
v 0.95 -1.35 0.65
v 0.95 -1.35 0.55
v 0.95 -1.35 0.25
v 0.95 -1.35 0.15
v 0.95 -1.35 0.05
v 0.95 -1.35 -0.15
v 0.95 -1.35 -0.85
v 0.95 -1.35 -1.05
v 0.95 -1.35 -1.15
v 0.95 -1.35 -1.25
v 0.95 -1.35 -1.55
v 0.95 -1.35 -1.65
v 0.95 -1.35 -1.75
v 0.95 -1.35 -1.95
v 0.95 -1.25 2.95
v 0.95 -1.25 2.85
v 0.95 -1.25 2.05
v 0.95 -1.25 1.95
v 0.95 -1.25 0.65
v 0.95 -1.25 0.55
v 0.95 -1.25 0.25
v 0.95 -1.25 0.15
v 0.95 -1.25 -1.15
v 0.95 -1.25 -1.25
v 0.95 -1.25 -1.55
v 0.95 -1.25 -1.65
v 0.95 -1.15 0.55
v 0.95 -1.15 0.25
v 0.95 -1.15 -1.25
v 0.95 -1.15 -1.55
v 0.95 1.15 0.55
v 0.95 1.15 0.25
v 0.95 1.25 0.65
v 0.95 1.25 0.55
v 0.95 1.25 0.25
v 0.95 1.25 0.15
v 0.95 1.35 0.95
v 0.95 1.35 0.75
v 0.95 1.35 0.65
v 0.95 1.35 0.55
v 0.95 1.35 0.25
v 0.95 1.35 0.15
v 0.95 1.35 0.05
v 0.95 1.35 -0.15
v 0.95 1.45 1.35
v 0.95 1.45 1.25
v 0.95 1.45 0.95
v 0.95 1.45 0.75
v 0.95 1.45 0.05
v 0.95 1.45 -0.15
v 0.95 1.45 -0.45
v 0.95 1.45 -0.55
v 0.95 1.55 1.35
v 0.95 1.55 1.25
v 0.95 1.55 -0.45
v 0.95 1.55 -0.55
v 1.05 -1.45 3.15
v 1.05 -1.45 3.05
v 1.05 -1.45 2.75
v 1.05 -1.45 1.65
v 1.05 -1.45 0.95
v 1.05 -1.45 -0.15
v 1.05 -1.45 -0.85
v 1.05 -1.45 -1.95
v 1.05 -1.45 -2.15
v 1.05 -1.35 3.15
v 1.05 -1.35 3.05
v 1.05 -1.35 2.95
v 1.05 -1.35 2.75
v 1.05 -1.35 1.95
v 1.05 -1.35 1.75
v 1.05 -1.35 1.65
v 1.05 -1.35 0.95
v 1.05 -1.35 0.85
v 1.05 -1.35 0.65
v 1.05 -1.35 0.15
v 1.05 -1.35 -0.05
v 1.05 -1.35 -0.15
v 1.05 -1.35 -0.85
v 1.05 -1.35 -0.95
v 1.05 -1.35 -1.15
v 1.05 -1.35 -1.65
v 1.05 -1.35 -1.85
v 1.05 -1.35 -1.95
v 1.05 -1.35 -2.15
v 1.05 -1.25 3.05
v 1.05 -1.25 2.95
v 1.05 -1.25 1.95
v 1.05 -1.25 1.75
v 1.05 -1.25 1.65
v 1.05 -1.25 0.85
v 1.05 -1.25 0.65
v 1.05 -1.25 0.55
v 1.05 -1.25 0.25
v 1.05 -1.25 0.15
v 1.05 -1.25 -0.05
v 1.05 -1.25 -0.95
v 1.05 -1.25 -1.15
v 1.05 -1.25 -1.25
v 1.05 -1.25 -1.55
v 1.05 -1.25 -1.65
v 1.05 -1.25 -1.85
v 1.05 -1.15 1.75
v 1.05 -1.15 1.65
v 1.05 -1.15 0.65
v 1.05 -1.15 0.55
v 1.05 -1.15 0.45
v 1.05 -1.15 0.35
v 1.05 -1.15 0.25
v 1.05 -1.15 0.15
v 1.05 -1.15 -1.15
v 1.05 -1.15 -1.25
v 1.05 -1.15 -1.35
v 1.05 -1.15 -1.45
v 1.05 -1.15 -1.55
v 1.05 -1.15 -1.65
v 1.05 -1.05 0.45
v 1.05 -1.05 0.35
v 1.05 -1.05 -1.35
v 1.05 -1.05 -1.45
v 1.05 1.05 0.45
v 1.05 1.05 0.35
v 1.05 1.15 0.65
v 1.05 1.15 0.55
v 1.05 1.15 0.45
v 1.05 1.15 0.35
v 1.05 1.15 0.25
v 1.05 1.15 0.15
v 1.05 1.25 0.85
v 1.05 1.25 0.65
v 1.05 1.25 0.55
v 1.05 1.25 0.25
v 1.05 1.25 0.15
v 1.05 1.25 -0.05
v 1.05 1.35 1.35
v 1.05 1.35 0.95
v 1.05 1.35 0.85
v 1.05 1.35 0.65
v 1.05 1.35 0.15
v 1.05 1.35 -0.05
v 1.05 1.35 -0.15
v 1.05 1.35 -0.85
v 1.05 1.45 1.35
v 1.05 1.45 0.95
v 1.05 1.45 -0.15
v 1.05 1.45 -0.85
v 1.15 -1.35 3.15
v 1.15 -1.35 3.05
v 1.15 -1.35 1.75
v 1.15 -1.35 0.85
v 1.15 -1.35 -0.05
v 1.15 -1.35 -0.95
v 1.15 -1.35 -1.85
v 1.15 -1.35 -2.15
v 1.15 -1.25 3.15
v 1.15 -1.25 3.05
v 1.15 -1.25 1.75
v 1.15 -1.25 1.65
v 1.15 -1.25 0.85
v 1.15 -1.25 0.65
v 1.15 -1.25 0.15
v 1.15 -1.25 -0.05
v 1.15 -1.25 -0.95
v 1.15 -1.25 -1.15
v 1.15 -1.25 -1.65
v 1.15 -1.25 -1.85
v 1.15 -1.25 -2.15
v 1.15 -1.15 0.85
v 1.15 -1.15 0.65
v 1.15 -1.15 0.55
v 1.15 -1.15 0.45
v 1.15 -1.15 0.35
v 1.15 -1.15 0.25
v 1.15 -1.15 0.15
v 1.15 -1.15 -0.05
v 1.15 -1.15 -0.95
v 1.15 -1.15 -1.15
v 1.15 -1.15 -1.25
v 1.15 -1.15 -1.35
v 1.15 -1.15 -1.45
v 1.15 -1.15 -1.55
v 1.15 -1.15 -1.65
v 1.15 -1.15 -1.85
v 1.15 -1.05 0.65
v 1.15 -1.05 0.55
v 1.15 -1.05 0.45
v 1.15 -1.05 0.35
v 1.15 -1.05 0.25
v 1.15 -1.05 0.15
v 1.15 -1.05 -1.15
v 1.15 -1.05 -1.25
v 1.15 -1.05 -1.35
v 1.15 -1.05 -1.45
v 1.15 -1.05 -1.55
v 1.15 -1.05 -1.65
v 1.15 -0.95 0.55
v 1.15 -0.95 0.25
v 1.15 -0.95 -1.25
v 1.15 -0.95 -1.55
v 1.15 0.95 0.55
v 1.15 0.95 0.25
v 1.15 1.05 0.65
v 1.15 1.05 0.55
v 1.15 1.05 0.45
v 1.15 1.05 0.35
v 1.15 1.05 0.25
v 1.15 1.05 0.15
v 1.15 1.15 0.85
v 1.15 1.15 0.65
v 1.15 1.15 0.55
v 1.15 1.15 0.45
v 1.15 1.15 0.35
v 1.15 1.15 0.25
v 1.15 1.15 0.15
v 1.15 1.15 -0.05
v 1.15 1.15 -0.95
v 1.15 1.15 -1.05
v 1.15 1.25 1.35
v 1.15 1.25 0.85
v 1.15 1.25 0.65
v 1.15 1.25 0.15
v 1.15 1.25 -0.05
v 1.15 1.25 -0.95
v 1.15 1.25 -1.05
v 1.15 1.35 1.35
v 1.15 1.35 0.85
v 1.15 1.35 -0.05
v 1.15 1.35 -0.95
v 1.25 -1.25 1.65
v 1.25 -1.25 0.85
v 1.25 -1.25 -0.05
v 1.25 -1.25 -0.95
v 1.25 -1.25 -1.85
v 1.25 -1.25 -2.15
v 1.25 -1.15 1.65
v 1.25 -1.15 1.55
v 1.25 -1.15 1.45
v 1.25 -1.15 0.85
v 1.25 -1.15 0.65
v 1.25 -1.15 0.15
v 1.25 -1.15 -0.05
v 1.25 -1.15 -0.95
v 1.25 -1.15 -1.15
v 1.25 -1.15 -1.65
v 1.25 -1.15 -1.85
v 1.25 -1.15 -2.15
v 1.25 -1.05 1.55
v 1.25 -1.05 1.45
v 1.25 -1.05 0.85
v 1.25 -1.05 0.65
v 1.25 -1.05 0.55
v 1.25 -1.05 0.25
v 1.25 -1.05 0.15
v 1.25 -1.05 -0.05
v 1.25 -1.05 -0.95
v 1.25 -1.05 -1.15
v 1.25 -1.05 -1.25
v 1.25 -1.05 -1.55
v 1.25 -1.05 -1.65
v 1.25 -1.05 -1.85
v 1.25 -0.95 0.65
v 1.25 -0.95 0.55
v 1.25 -0.95 0.25
v 1.25 -0.95 0.15
v 1.25 -0.95 -1.15
v 1.25 -0.95 -1.25
v 1.25 -0.95 -1.55
v 1.25 -0.95 -1.65
v 1.25 -0.95 -1.95
v 1.25 -0.95 -2.05
v 1.25 -0.85 0.55
v 1.25 -0.85 0.45
v 1.25 -0.85 0.35
v 1.25 -0.85 0.25
v 1.25 -0.85 -1.25
v 1.25 -0.85 -1.35
v 1.25 -0.85 -1.45
v 1.25 -0.85 -1.55
v 1.25 -0.85 -1.95
v 1.25 -0.85 -2.05
v 1.25 -0.75 0.45
v 1.25 -0.75 0.35
v 1.25 -0.75 -1.35
v 1.25 -0.75 -1.45
v 1.25 0.75 0.45
v 1.25 0.75 0.35
v 1.25 0.85 0.55
v 1.25 0.85 0.45
v 1.25 0.85 0.35
v 1.25 0.85 0.25
v 1.25 0.85 -1.25
v 1.25 0.85 -1.35
v 1.25 0.95 0.65
v 1.25 0.95 0.55
v 1.25 0.95 0.25
v 1.25 0.95 0.15
v 1.25 0.95 -1.15
v 1.25 0.95 -1.25
v 1.25 0.95 -1.35
v 1.25 1.05 0.85
v 1.25 1.05 0.65
v 1.25 1.05 0.55
v 1.25 1.05 0.25
v 1.25 1.05 0.15
v 1.25 1.05 -0.05
v 1.25 1.05 -0.95
v 1.25 1.05 -1.15
v 1.25 1.05 -1.25
v 1.25 1.15 1.35
v 1.25 1.15 1.25
v 1.25 1.15 0.85
v 1.25 1.15 0.65
v 1.25 1.15 0.15
v 1.25 1.15 -0.05
v 1.25 1.15 -0.95
v 1.25 1.15 -1.15
v 1.25 1.25 1.35
v 1.25 1.25 0.85
v 1.25 1.25 -0.05
v 1.25 1.25 -0.95
v 1.35 -1.15 1.45
v 1.35 -1.15 0.85
v 1.35 -1.15 -0.05
v 1.35 -1.15 -0.95
v 1.35 -1.15 -1.85
v 1.35 -1.15 -2.15
v 1.35 -1.05 1.35
v 1.35 -1.05 0.95
v 1.35 -1.05 0.85
v 1.35 -1.05 0.65
v 1.35 -1.05 0.15
v 1.35 -1.05 -0.05
v 1.35 -1.05 -0.15
v 1.35 -1.05 -0.85
v 1.35 -1.05 -0.95
v 1.35 -1.05 -1.15
v 1.35 -1.05 -1.65
v 1.35 -1.05 -1.85
v 1.35 -1.05 -1.95
v 1.35 -1.05 -2.05
v 1.35 -1.05 -2.15
v 1.35 -0.95 1.45
v 1.35 -0.95 1.35
v 1.35 -0.95 0.95
v 1.35 -0.95 0.75
v 1.35 -0.95 0.65
v 1.35 -0.95 0.55
v 1.35 -0.95 0.25
v 1.35 -0.95 0.15
v 1.35 -0.95 0.05
v 1.35 -0.95 -0.15
v 1.35 -0.95 -0.85
v 1.35 -0.95 -1.05
v 1.35 -0.95 -1.15
v 1.35 -0.95 -1.25
v 1.35 -0.95 -1.55
v 1.35 -0.95 -1.65
v 1.35 -0.95 -1.75
v 1.35 -0.95 -1.95
v 1.35 -0.85 0.75
v 1.35 -0.85 0.65
v 1.35 -0.85 0.55
v 1.35 -0.85 0.45
v 1.35 -0.85 0.35
v 1.35 -0.85 0.25
v 1.35 -0.85 0.15
v 1.35 -0.85 0.05
v 1.35 -0.85 -1.05
v 1.35 -0.85 -1.15
v 1.35 -0.85 -1.25
v 1.35 -0.85 -1.35
v 1.35 -0.85 -1.45
v 1.35 -0.85 -1.55
v 1.35 -0.85 -1.65
v 1.35 -0.85 -1.75
v 1.35 -0.85 -1.85
v 1.35 -0.75 0.65
v 1.35 -0.75 0.55
v 1.35 -0.75 0.45
v 1.35 -0.75 0.35
v 1.35 -0.75 0.25
v 1.35 -0.75 0.15
v 1.35 -0.75 -1.15
v 1.35 -0.75 -1.25
v 1.35 -0.75 -1.35
v 1.35 -0.75 -1.45
v 1.35 -0.75 -1.55
v 1.35 -0.75 -1.65
v 1.35 -0.75 -1.75
v 1.35 -0.75 -1.85
v 1.35 -0.65 0.55
v 1.35 -0.65 0.45
v 1.35 -0.65 0.35
v 1.35 -0.65 0.25
v 1.35 -0.65 -1.25
v 1.35 -0.65 -1.55
v 1.35 -0.65 -1.65
v 1.35 -0.65 -1.75
v 1.35 -0.55 0.45
v 1.35 -0.55 0.35
v 1.35 0.55 0.45
v 1.35 0.55 0.35
v 1.35 0.65 0.55
v 1.35 0.65 0.45
v 1.35 0.65 0.35
v 1.35 0.65 0.25
v 1.35 0.65 -1.25
v 1.35 0.65 -1.35
v 1.35 0.75 0.65
v 1.35 0.75 0.55
v 1.35 0.75 0.45
v 1.35 0.75 0.35
v 1.35 0.75 0.25
v 1.35 0.75 0.15
v 1.35 0.75 -1.15
v 1.35 0.75 -1.25
v 1.35 0.85 1.25
v 1.35 0.85 1.15
v 1.35 0.85 0.75
v 1.35 0.85 0.65
v 1.35 0.85 0.55
v 1.35 0.85 0.45
v 1.35 0.85 0.35
v 1.35 0.85 0.25
v 1.35 0.85 0.15
v 1.35 0.85 0.05
v 1.35 0.85 -1.05
v 1.35 0.85 -1.15
v 1.35 0.85 -1.25
v 1.35 0.85 -1.35
v 1.35 0.95 1.25
v 1.35 0.95 1.15
v 1.35 0.95 0.95
v 1.35 0.95 0.75
v 1.35 0.95 0.65
v 1.35 0.95 0.55
v 1.35 0.95 0.25
v 1.35 0.95 0.15
v 1.35 0.95 0.05
v 1.35 0.95 -0.15
v 1.35 0.95 -0.85
v 1.35 0.95 -1.05
v 1.35 0.95 -1.15
v 1.35 0.95 -1.25
v 1.35 1.05 1.25
v 1.35 1.05 0.95
v 1.35 1.05 0.85
v 1.35 1.05 0.65
v 1.35 1.05 0.15
v 1.35 1.05 -0.05
v 1.35 1.05 -0.15
v 1.35 1.05 -0.85
v 1.35 1.05 -0.95
v 1.35 1.05 -1.15
v 1.35 1.15 1.25
v 1.35 1.15 0.85
v 1.35 1.15 -0.05
v 1.35 1.15 -0.95
v 1.45 -1.05 1.35
v 1.45 -1.05 0.95
v 1.45 -1.05 -0.15
v 1.45 -1.05 -0.85
v 1.45 -1.05 -1.95
v 1.45 -1.05 -2.05
v 1.45 -0.95 1.35
v 1.45 -0.95 1.25
v 1.45 -0.95 0.95
v 1.45 -0.95 0.75
v 1.45 -0.95 0.05
v 1.45 -0.95 -0.15
v 1.45 -0.95 -0.45
v 1.45 -0.95 -0.55
v 1.45 -0.95 -0.85
v 1.45 -0.95 -1.05
v 1.45 -0.95 -1.75
v 1.45 -0.95 -1.95
v 1.45 -0.95 -2.05
v 1.45 -0.85 1.25
v 1.45 -0.85 0.85
v 1.45 -0.85 0.75
v 1.45 -0.85 0.65
v 1.45 -0.85 0.15
v 1.45 -0.85 0.05
v 1.45 -0.85 -0.05
v 1.45 -0.85 -0.45
v 1.45 -0.85 -0.55
v 1.45 -0.85 -0.95
v 1.45 -0.85 -1.05
v 1.45 -0.85 -1.15
v 1.45 -0.85 -1.65
v 1.45 -0.85 -1.75
v 1.45 -0.85 -1.95
v 1.45 -0.75 0.85
v 1.45 -0.75 0.75
v 1.45 -0.75 0.65
v 1.45 -0.75 0.55
v 1.45 -0.75 0.25
v 1.45 -0.75 0.15
v 1.45 -0.75 0.05
v 1.45 -0.75 -0.05
v 1.45 -0.75 -0.95
v 1.45 -0.75 -1.05
v 1.45 -0.75 -1.15
v 1.45 -0.75 -1.25
v 1.45 -0.75 -1.55
v 1.45 -0.75 -1.65
v 1.45 -0.75 -1.75
v 1.45 -0.65 1.25
v 1.45 -0.65 1.15
v 1.45 -0.65 0.75
v 1.45 -0.65 0.65
v 1.45 -0.65 0.55
v 1.45 -0.65 0.45
v 1.45 -0.65 0.35
v 1.45 -0.65 0.25
v 1.45 -0.65 0.15
v 1.45 -0.65 0.05
v 1.45 -0.65 -1.05
v 1.45 -0.65 -1.15
v 1.45 -0.65 -1.25
v 1.45 -0.65 -1.55
v 1.45 -0.55 1.25
v 1.45 -0.55 1.15
v 1.45 -0.55 0.65
v 1.45 -0.55 0.55
v 1.45 -0.55 0.45
v 1.45 -0.55 0.35
v 1.45 -0.55 0.25
v 1.45 -0.55 0.15
v 1.45 -0.55 -1.15
v 1.45 -0.55 -1.25
v 1.45 -0.55 -1.55
v 1.45 -0.55 -1.65
v 1.45 -0.45 0.55
v 1.45 -0.45 0.45
v 1.45 -0.45 0.35
v 1.45 -0.45 0.25
v 1.45 -0.45 -1.25
v 1.45 -0.45 -1.35
v 1.45 -0.45 -1.45
v 1.45 -0.45 -1.55
v 1.45 -0.35 -1.35
v 1.45 -0.35 -1.45
v 1.45 -0.05 0.45
v 1.45 -0.05 0.35
v 1.45 0.05 0.45
v 1.45 0.05 0.35
v 1.45 0.45 0.55
v 1.45 0.45 0.45
v 1.45 0.45 0.35
v 1.45 0.45 0.25
v 1.45 0.45 -1.25
v 1.45 0.45 -1.35
v 1.45 0.55 0.65
v 1.45 0.55 0.55
v 1.45 0.55 0.45
v 1.45 0.55 0.35
v 1.45 0.55 0.25
v 1.45 0.55 0.15
v 1.45 0.55 -1.15
v 1.45 0.55 -1.25
v 1.45 0.65 0.75
v 1.45 0.65 0.65
v 1.45 0.65 0.55
v 1.45 0.65 0.45
v 1.45 0.65 0.35
v 1.45 0.65 0.25
v 1.45 0.65 0.15
v 1.45 0.65 0.05
v 1.45 0.65 -1.05
v 1.45 0.65 -1.15
v 1.45 0.65 -1.25
v 1.45 0.65 -1.35
v 1.45 0.75 0.85
v 1.45 0.75 0.75
v 1.45 0.75 0.65
v 1.45 0.75 0.55
v 1.45 0.75 0.25
v 1.45 0.75 0.15
v 1.45 0.75 0.05
v 1.45 0.75 -0.05
v 1.45 0.75 -0.95
v 1.45 0.75 -1.05
v 1.45 0.75 -1.15
v 1.45 0.75 -1.25
v 1.45 0.85 1.15
v 1.45 0.85 0.85
v 1.45 0.85 0.75
v 1.45 0.85 0.65
v 1.45 0.85 0.15
v 1.45 0.85 0.05
v 1.45 0.85 -0.05
v 1.45 0.85 -0.45
v 1.45 0.85 -0.55
v 1.45 0.85 -0.95
v 1.45 0.85 -1.05
v 1.45 0.85 -1.15
v 1.45 0.95 1.25
v 1.45 0.95 1.15
v 1.45 0.95 0.95
v 1.45 0.95 0.75
v 1.45 0.95 0.05
v 1.45 0.95 -0.15
v 1.45 0.95 -0.45
v 1.45 0.95 -0.55
v 1.45 0.95 -0.85
v 1.45 0.95 -1.05
v 1.45 1.05 1.25
v 1.45 1.05 0.95
v 1.45 1.05 -0.15
v 1.45 1.05 -0.85
v 1.55 -0.95 1.35
v 1.55 -0.95 1.25
v 1.55 -0.95 -0.45
v 1.55 -0.95 -0.55
v 1.55 -0.85 1.35
v 1.55 -0.85 1.25
v 1.55 -0.85 0.85
v 1.55 -0.85 -0.05
v 1.55 -0.85 -0.45
v 1.55 -0.85 -0.55
v 1.55 -0.85 -0.95
v 1.55 -0.75 1.25
v 1.55 -0.75 1.15
v 1.55 -0.75 0.85
v 1.55 -0.75 0.75
v 1.55 -0.75 0.05
v 1.55 -0.75 -0.05
v 1.55 -0.75 -0.35
v 1.55 -0.75 -0.65
v 1.55 -0.75 -0.95
v 1.55 -0.75 -1.05
v 1.55 -0.65 1.15
v 1.55 -0.65 0.95
v 1.55 -0.65 0.75
v 1.55 -0.65 0.65
v 1.55 -0.65 0.15
v 1.55 -0.65 0.05
v 1.55 -0.65 -0.15
v 1.55 -0.65 -0.35
v 1.55 -0.65 -0.65
v 1.55 -0.65 -0.85
v 1.55 -0.65 -1.05
v 1.55 -0.65 -1.15
v 1.55 -0.55 0.95
v 1.55 -0.55 0.75
v 1.55 -0.55 0.65
v 1.55 -0.55 0.55
v 1.55 -0.55 0.25
v 1.55 -0.55 0.15
v 1.55 -0.55 0.05
v 1.55 -0.55 -0.15
v 1.55 -0.55 -0.85
v 1.55 -0.55 -1.05
v 1.55 -0.55 -1.15
v 1.55 -0.55 -1.25
v 1.55 -0.45 0.55
v 1.55 -0.45 0.45
v 1.55 -0.45 0.35
v 1.55 -0.45 0.25
v 1.55 -0.45 -1.25
v 1.55 -0.45 -1.35
v 1.55 -0.35 0.75
v 1.55 -0.35 0.65
v 1.55 -0.35 0.15
v 1.55 -0.35 0.05
v 1.55 -0.35 -1.05
v 1.55 -0.35 -1.15
v 1.55 -0.35 -1.35
v 1.55 -0.35 -1.45
v 1.55 -0.15 0.65
v 1.55 -0.15 0.55
v 1.55 -0.15 0.25
v 1.55 -0.15 0.15
v 1.55 -0.15 -1.15
v 1.55 -0.15 -1.25
v 1.55 -0.15 -1.35
v 1.55 -0.15 -1.45
v 1.55 -0.05 0.45
v 1.55 -0.05 0.35
v 1.55 0.05 0.45
v 1.55 0.05 0.35
v 1.55 0.15 0.65
v 1.55 0.15 0.55
v 1.55 0.15 0.25
v 1.55 0.15 0.15
v 1.55 0.15 -1.15
v 1.55 0.15 -1.25
v 1.55 0.35 0.75
v 1.55 0.35 0.65
v 1.55 0.35 0.15
v 1.55 0.35 0.05
v 1.55 0.35 -1.05
v 1.55 0.35 -1.15
v 1.55 0.45 0.55
v 1.55 0.45 0.45
v 1.55 0.45 0.35
v 1.55 0.45 0.25
v 1.55 0.45 -1.25
v 1.55 0.45 -1.35
v 1.55 0.55 0.95
v 1.55 0.55 0.75
v 1.55 0.55 0.65
v 1.55 0.55 0.55
v 1.55 0.55 0.25
v 1.55 0.55 0.15
v 1.55 0.55 0.05
v 1.55 0.55 -0.15
v 1.55 0.55 -0.85
v 1.55 0.55 -1.05
v 1.55 0.55 -1.15
v 1.55 0.55 -1.25
v 1.55 0.65 1.15
v 1.55 0.65 0.95
v 1.55 0.65 0.75
v 1.55 0.65 0.65
v 1.55 0.65 0.15
v 1.55 0.65 0.05
v 1.55 0.65 -0.15
v 1.55 0.65 -0.35
v 1.55 0.65 -0.65
v 1.55 0.65 -0.85
v 1.55 0.65 -1.05
v 1.55 0.65 -1.15
v 1.55 0.75 0.85
v 1.55 0.75 0.75
v 1.55 0.75 0.05
v 1.55 0.75 -0.05
v 1.55 0.75 -0.35
v 1.55 0.75 -0.65
v 1.55 0.75 -0.95
v 1.55 0.75 -1.05
v 1.55 0.85 1.15
v 1.55 0.85 0.85
v 1.55 0.85 -0.05
v 1.55 0.85 -0.45
v 1.55 0.85 -0.55
v 1.55 0.85 -0.95
v 1.55 0.95 -0.45
v 1.55 0.95 -0.55
v 1.65 -0.75 1.25
v 1.65 -0.75 1.15
v 1.65 -0.75 -0.35
v 1.65 -0.75 -0.65
v 1.65 -0.65 1.25
v 1.65 -0.65 1.15
v 1.65 -0.65 0.95
v 1.65 -0.65 -0.15
v 1.65 -0.65 -0.35
v 1.65 -0.65 -0.65
v 1.65 -0.65 -0.85
v 1.65 -0.55 0.95
v 1.65 -0.55 0.75
v 1.65 -0.55 0.05
v 1.65 -0.55 -0.15
v 1.65 -0.55 -0.85
v 1.65 -0.55 -1.05
v 1.65 -0.45 -0.35
v 1.65 -0.45 -0.65
v 1.65 -0.35 1.15
v 1.65 -0.35 1.05
v 1.65 -0.35 0.75
v 1.65 -0.35 0.65
v 1.65 -0.35 0.15
v 1.65 -0.35 0.05
v 1.65 -0.35 -0.25
v 1.65 -0.35 -0.35
v 1.65 -0.35 -0.65
v 1.65 -0.35 -0.75
v 1.65 -0.35 -1.05
v 1.65 -0.35 -1.15
v 1.65 -0.25 1.05
v 1.65 -0.25 0.95
v 1.65 -0.25 -0.15
v 1.65 -0.25 -0.25
v 1.65 -0.25 -0.75
v 1.65 -0.25 -0.85
v 1.65 -0.15 0.95
v 1.65 -0.15 0.85
v 1.65 -0.15 0.65
v 1.65 -0.15 0.55
v 1.65 -0.15 0.25
v 1.65 -0.15 0.15
v 1.65 -0.15 -0.05
v 1.65 -0.15 -0.15
v 1.65 -0.15 -0.85
v 1.65 -0.15 -0.95
v 1.65 -0.15 -1.15
v 1.65 -0.15 -1.25
v 1.65 0.15 0.95
v 1.65 0.15 0.85
v 1.65 0.15 0.65
v 1.65 0.15 0.55
v 1.65 0.15 0.25
v 1.65 0.15 0.15
v 1.65 0.15 -0.05
v 1.65 0.15 -0.15
v 1.65 0.15 -0.85
v 1.65 0.15 -0.95
v 1.65 0.15 -1.15
v 1.65 0.15 -1.25
v 1.65 0.25 1.05
v 1.65 0.25 0.95
v 1.65 0.25 -0.15
v 1.65 0.25 -0.25
v 1.65 0.25 -0.75
v 1.65 0.25 -0.85
v 1.65 0.35 1.15
v 1.65 0.35 1.05
v 1.65 0.35 0.75
v 1.65 0.35 0.65
v 1.65 0.35 0.15
v 1.65 0.35 0.05
v 1.65 0.35 -0.25
v 1.65 0.35 -0.35
v 1.65 0.35 -0.65
v 1.65 0.35 -0.75
v 1.65 0.35 -1.05
v 1.65 0.35 -1.15
v 1.65 0.45 -0.35
v 1.65 0.45 -0.65
v 1.65 0.55 0.95
v 1.65 0.55 0.75
v 1.65 0.55 0.05
v 1.65 0.55 -0.15
v 1.65 0.55 -0.85
v 1.65 0.55 -1.05
v 1.65 0.65 1.15
v 1.65 0.65 0.95
v 1.65 0.65 -0.15
v 1.65 0.65 -0.35
v 1.65 0.65 -0.65
v 1.65 0.65 -0.85
v 1.65 0.75 -0.35
v 1.65 0.75 -0.65
v 1.75 -0.45 -0.35
v 1.75 -0.45 -0.65
v 1.75 -0.35 1.15
v 1.75 -0.35 1.05
v 1.75 -0.35 -0.25
v 1.75 -0.35 -0.35
v 1.75 -0.35 -0.65
v 1.75 -0.35 -0.75
v 1.75 -0.25 1.05
v 1.75 -0.25 0.95
v 1.75 -0.25 -0.15
v 1.75 -0.25 -0.25
v 1.75 -0.25 -0.75
v 1.75 -0.25 -0.85
v 1.75 -0.15 0.95
v 1.75 -0.15 0.85
v 1.75 -0.15 -0.05
v 1.75 -0.15 -0.15
v 1.75 -0.15 -0.85
v 1.75 -0.15 -0.95
v 1.75 0.15 0.95
v 1.75 0.15 0.85
v 1.75 0.15 -0.05
v 1.75 0.15 -0.15
v 1.75 0.15 -0.85
v 1.75 0.15 -0.95
v 1.75 0.25 1.05
v 1.75 0.25 0.95
v 1.75 0.25 -0.15
v 1.75 0.25 -0.25
v 1.75 0.25 -0.75
v 1.75 0.25 -0.85
v 1.75 0.35 1.15
v 1.75 0.35 1.05
v 1.75 0.35 -0.25
v 1.75 0.35 -0.35
v 1.75 0.35 -0.65
v 1.75 0.35 -0.75
v 1.75 0.45 -0.35
v 1.75 0.45 -0.65
v -1.75 -0.45 3.15
v -1.75 0.45 3.15
v -1.65 -0.75 3.15
v -1.65 -0.45 3.15
v -1.65 0.45 3.15
v -1.65 0.55 3.15
v -1.55 -0.95 3.15
v -1.55 -0.75 3.15
v -1.55 -0.35 3.15
v -1.55 0.35 3.15
v -1.55 0.45 3.15
v -1.55 0.55 3.15
v -1.45 -1.05 3.15
v -1.45 -0.95 3.15
v -1.45 -0.65 3.15
v -1.45 -0.35 3.15
v -1.45 0.35 3.15
v -1.45 0.45 3.15
v -1.35 -1.15 3.15
v -1.35 -1.05 3.15
v -1.35 -0.85 3.15
v -1.35 -0.65 3.15
v -1.25 -1.25 3.15
v -1.25 -1.15 3.15
v -1.25 -0.95 3.15
v -1.25 -0.85 3.15
v -1.15 -1.35 3.15
v -1.15 -1.25 3.15
v -1.15 -1.05 3.15
v -1.15 -0.95 3.15
v -1.05 -1.45 3.15
v -1.05 -1.35 3.15
v -1.05 -1.15 3.15
v -1.05 -1.05 3.15
v -0.95 -1.55 3.15
v -0.95 -1.45 3.15
v -0.95 -1.25 3.15
v -0.95 -1.15 3.15
v -0.85 -1.35 3.15
v -0.85 -1.25 3.15
v -0.75 -1.65 3.15
v -0.75 -1.55 3.15
v -0.65 -1.45 3.15
v -0.65 -1.35 3.15
v -0.45 -1.75 3.15
v -0.45 -1.65 3.15
v -0.35 -1.55 3.15
v -0.35 -1.45 3.15
v 0.35 -1.55 3.15
v 0.35 -1.45 3.15
v 0.45 -1.75 3.15
v 0.45 -1.65 3.15
v 0.65 -1.45 3.15
v 0.65 -1.35 3.15
v 0.75 -1.65 3.15
v 0.75 -1.55 3.15
v 0.85 -1.35 3.15
v 0.85 -1.25 3.15
v 0.95 -1.55 3.15
v 0.95 -1.45 3.15
v 1.05 -1.45 3.15
v 1.05 -1.35 3.15
v 1.15 -1.35 3.15
v 1.15 -1.25 3.15
v -1.55 -0.35 2.85
v -1.55 -0.25 2.85
v -1.45 -0.65 2.85
v -1.45 -0.55 2.85
v -1.45 -0.35 2.85
v -1.45 -0.25 2.85
v -1.35 -0.85 2.85
v -1.35 -0.75 2.85
v -1.35 -0.65 2.85
v -1.35 -0.55 2.85
v -1.25 -0.85 2.85
v -1.25 -0.75 2.85
v -0.85 -1.35 2.85
v -0.85 -1.25 2.85
v -0.75 -1.35 2.85
v -0.75 -1.25 2.85
v -0.65 -1.45 2.85
v -0.65 -1.35 2.85
v -0.55 -1.45 2.85
v -0.55 -1.35 2.85
v -0.35 -1.55 2.85
v -0.35 -1.45 2.85
v -0.25 -1.55 2.85
v -0.25 -1.45 2.85
v 0.25 -1.55 2.85
v 0.25 -1.45 2.85
v 0.35 -1.55 2.85
v 0.35 -1.45 2.85
v 0.55 -1.45 2.85
v 0.55 -1.35 2.85
v 0.65 -1.45 2.85
v 0.65 -1.35 2.85
v 0.75 -1.35 2.85
v 0.75 -1.25 2.85
v 0.85 -1.35 2.85
v 0.85 -1.25 2.85
v -1.55 -0.25 2.75
v -1.55 0.25 2.75
v -1.45 -0.25 2.75
v -1.45 0.25 2.75
v -1.25 -0.95 2.75
v -1.25 -0.85 2.75
v -1.15 -0.95 2.75
v -1.15 -0.85 2.75
v -0.95 -1.25 2.75
v -0.95 -1.15 2.75
v -0.85 -1.25 2.75
v -0.85 -1.15 2.75
v -0.25 -1.55 2.75
v -0.25 -1.45 2.75
v 0.25 -1.55 2.75
v 0.25 -1.45 2.75
v -1.45 -0.55 2.65
v -1.45 -0.45 2.65
v -1.35 -0.75 2.65
v -1.35 -0.65 2.65
v -1.35 -0.55 2.65
v -1.35 -0.45 2.65
v -1.25 -0.75 2.65
v -1.25 -0.65 2.65
v -1.15 -1.05 2.65
v -1.15 -0.95 2.65
v -1.05 -1.15 2.65
v -1.05 -1.05 2.65
v -1.05 -0.95 2.65
v -0.95 -1.15 2.65
v -0.95 -1.05 2.65
v -0.75 -1.35 2.65
v -0.75 -1.25 2.65
v -0.65 -1.35 2.65
v -0.65 -1.25 2.65
v -0.55 -1.45 2.65
v -0.55 -1.35 2.65
v -0.45 -1.45 2.65
v -0.45 -1.35 2.65
v 0.45 -1.45 2.65
v 0.45 -1.35 2.65
v 0.55 -1.45 2.65
v 0.55 -1.35 2.65
v 0.65 -1.35 2.65
v 0.65 -1.25 2.65
v 0.75 -1.35 2.65
v 0.75 -1.25 2.65
v -1.45 -0.45 2.55
v -1.45 -0.25 2.55
v -1.35 -0.65 2.55
v -1.35 -0.55 2.55
v -1.35 -0.45 2.55
v -1.35 -0.25 2.55
v -1.25 -0.85 2.55
v -1.25 -0.75 2.55
v -1.25 -0.65 2.55
v -1.25 -0.55 2.55
v -1.15 -0.85 2.55
v -1.15 -0.75 2.55
v -0.85 -1.25 2.55
v -0.85 -1.15 2.55
v -0.75 -1.25 2.55
v -0.75 -1.15 2.55
v -0.65 -1.35 2.55
v -0.65 -1.25 2.55
v -0.55 -1.35 2.55
v -0.55 -1.25 2.55
v -0.45 -1.45 2.55
v -0.45 -1.35 2.55
v -0.25 -1.45 2.55
v -0.25 -1.35 2.55
v 0.25 -1.45 2.55
v 0.25 -1.35 2.55
v 0.45 -1.45 2.55
v 0.45 -1.35 2.55
v 0.55 -1.35 2.55
v 0.55 -1.25 2.55
v 0.65 -1.35 2.55
v 0.65 -1.25 2.55
v -1.45 -0.25 2.45
v -1.45 0.15 2.45
v -1.35 -0.55 2.45
v -1.35 -0.45 2.45
v -1.35 -0.25 2.45
v -1.35 0.15 2.45
v -1.25 -0.75 2.45
v -1.25 -0.65 2.45
v -1.25 -0.55 2.45
v -1.25 -0.45 2.45
v -1.15 -0.95 2.45
v -1.15 -0.85 2.45
v -1.15 -0.75 2.45
v -1.15 -0.65 2.45
v -1.05 -1.05 2.45
v -1.05 -0.95 2.45
v -1.05 -0.85 2.45
v -0.95 -1.15 2.45
v -0.95 -1.05 2.45
v -0.95 -0.95 2.45
v -0.85 -1.15 2.45
v -0.85 -1.05 2.45
v -0.75 -1.25 2.45
v -0.75 -1.15 2.45
v -0.65 -1.25 2.45
v -0.65 -1.15 2.45
v -0.55 -1.35 2.45
v -0.55 -1.25 2.45
v -0.45 -1.35 2.45
v -0.45 -1.25 2.45
v -0.25 -1.45 2.45
v -0.25 -1.35 2.45
v 0.25 -1.45 2.45
v 0.25 -1.35 2.45
v 0.45 -1.35 2.45
v 0.45 -1.25 2.45
v 0.55 -1.35 2.45
v 0.55 -1.25 2.45
v -1.45 0.15 2.35
v -1.45 0.25 2.35
v -1.35 -0.45 2.35
v -1.35 -0.25 2.35
v -1.35 0.15 2.35
v -1.35 0.25 2.35
v -1.25 -0.65 2.35
v -1.25 -0.55 2.35
v -1.25 -0.45 2.35
v -1.25 -0.25 2.35
v -1.15 -0.85 2.35
v -1.15 -0.75 2.35
v -1.15 -0.65 2.35
v -1.15 -0.55 2.35
v -1.05 -0.95 2.35
v -1.05 -0.85 2.35
v -1.05 -0.75 2.35
v -0.95 -1.05 2.35
v -0.95 -0.95 2.35
v -0.95 -0.85 2.35
v -0.85 -1.15 2.35
v -0.85 -1.05 2.35
v -0.85 -0.95 2.35
v -0.75 -1.15 2.35
v -0.75 -1.05 2.35
v -0.65 -1.25 2.35
v -0.65 -1.15 2.35
v -0.55 -1.25 2.35
v -0.55 -1.15 2.35
v -0.45 -1.35 2.35
v -0.45 -1.25 2.35
v -0.25 -1.35 2.35
v -0.25 -1.25 2.35
v 0.25 -1.35 2.35
v 0.25 -1.25 2.35
v 0.45 -1.35 2.35
v 0.45 -1.25 2.35
v 0.55 -1.25 2.35
v 0.55 -1.15 2.35
v 0.65 -1.25 2.35
v 0.65 -1.15 2.35
v -1.55 -0.45 2.15
v -1.55 -0.05 2.15
v -1.55 0.05 2.15
v -1.55 0.35 2.15
v -1.45 -0.65 2.15
v -1.45 -0.55 2.15
v -1.45 -0.45 2.15
v -1.45 -0.05 2.15
v -1.45 0.05 2.15
v -1.45 0.25 2.15
v -1.45 0.35 2.15
v -1.35 -0.85 2.15
v -1.35 -0.75 2.15
v -1.35 -0.65 2.15
v -1.35 -0.55 2.15
v -1.25 -0.85 2.15
v -1.25 -0.75 2.15
v -1.15 -1.15 2.15
v -1.15 -1.05 2.15
v -1.05 -1.15 2.15
v -1.05 -1.05 2.15
v -0.85 -1.35 2.15
v -0.85 -1.25 2.15
v -0.75 -1.35 2.15
v -0.75 -1.25 2.15
v -0.65 -1.45 2.15
v -0.65 -1.35 2.15
v -0.55 -1.45 2.15
v -0.55 -1.35 2.15
v -0.45 -1.55 2.15
v -0.45 -1.45 2.15
v -0.05 -1.55 2.15
v -0.05 -1.45 2.15
v 0.05 -1.55 2.15
v 0.05 -1.45 2.15
v 0.45 -1.55 2.15
v 0.45 -1.45 2.15
v 0.55 -1.45 2.15
v 0.55 -1.35 2.15
v 0.65 -1.45 2.15
v 0.65 -1.35 2.15
v 0.75 -1.35 2.15
v 0.75 -1.25 2.15
v 0.85 -1.35 2.15
v 0.85 -1.25 2.15
v -1.65 -0.15 2.05
v -1.65 0.15 2.05
v -1.55 -0.55 2.05
v -1.55 -0.45 2.05
v -1.55 -0.15 2.05
v -1.55 0.15 2.05
v -1.55 0.35 2.05
v -1.55 0.45 2.05
v -1.45 -0.75 2.05
v -1.45 -0.65 2.05
v -1.45 -0.55 2.05
v -1.45 -0.45 2.05
v -1.45 0.35 2.05
v -1.45 0.45 2.05
v -1.35 -0.95 2.05
v -1.35 -0.85 2.05
v -1.35 -0.75 2.05
v -1.35 -0.65 2.05
v -1.25 -1.05 2.05
v -1.25 -0.95 2.05
v -1.25 -0.85 2.05
v -1.15 -1.05 2.05
v -1.15 -0.95 2.05
v -1.05 -1.25 2.05
v -1.05 -1.15 2.05
v -0.95 -1.35 2.05
v -0.95 -1.25 2.05
v -0.95 -1.15 2.05
v -0.85 -1.35 2.05
v -0.85 -1.25 2.05
v -0.75 -1.45 2.05
v -0.75 -1.35 2.05
v -0.65 -1.45 2.05
v -0.65 -1.35 2.05
v -0.55 -1.55 2.05
v -0.55 -1.45 2.05
v -0.45 -1.55 2.05
v -0.45 -1.45 2.05
v -0.15 -1.65 2.05
v -0.15 -1.55 2.05
v 0.15 -1.65 2.05
v 0.15 -1.55 2.05
v 0.45 -1.55 2.05
v 0.45 -1.45 2.05
v 0.55 -1.55 2.05
v 0.55 -1.45 2.05
v 0.65 -1.45 2.05
v 0.65 -1.35 2.05
v 0.75 -1.45 2.05
v 0.75 -1.35 2.05
v 0.85 -1.35 2.05
v 0.85 -1.25 2.05
v 0.95 -1.35 2.05
v 0.95 -1.25 2.05
v -1.65 -0.35 1.95
v -1.65 -0.15 1.95
v -1.65 0.15 1.95
v -1.65 0.35 1.95
v -1.55 -0.65 1.95
v -1.55 -0.55 1.95
v -1.55 -0.35 1.95
v -1.55 -0.15 1.95
v -1.55 0.15 1.95
v -1.55 0.35 1.95
v -1.55 0.45 1.95
v -1.55 0.55 1.95
v -1.45 -0.85 1.95
v -1.45 -0.75 1.95
v -1.45 -0.65 1.95
v -1.45 -0.55 1.95
v -1.45 0.45 1.95
v -1.45 0.55 1.95
v -1.35 -1.05 1.95
v -1.35 -0.95 1.95
v -1.35 -0.85 1.95
v -1.35 -0.75 1.95
v -1.25 -1.15 1.95
v -1.25 -1.05 1.95
v -1.25 -0.95 1.95
v -1.15 -1.25 1.95
v -1.15 -1.15 1.95
v -1.15 -1.05 1.95
v -1.05 -1.35 1.95
v -1.05 -1.25 1.95
v -1.05 -1.15 1.95
v -0.95 -1.35 1.95
v -0.95 -1.25 1.95
v -0.85 -1.45 1.95
v -0.85 -1.35 1.95
v -0.75 -1.45 1.95
v -0.75 -1.35 1.95
v -0.65 -1.55 1.95
v -0.65 -1.45 1.95
v -0.55 -1.55 1.95
v -0.55 -1.45 1.95
v -0.35 -1.65 1.95
v -0.35 -1.55 1.95
v -0.15 -1.65 1.95
v -0.15 -1.55 1.95
v 0.15 -1.65 1.95
v 0.15 -1.55 1.95
v 0.35 -1.65 1.95
v 0.35 -1.55 1.95
v 0.55 -1.55 1.95
v 0.55 -1.45 1.95
v 0.65 -1.55 1.95
v 0.65 -1.45 1.95
v 0.75 -1.45 1.95
v 0.75 -1.35 1.95
v 0.85 -1.45 1.95
v 0.85 -1.35 1.95
v 0.95 -1.35 1.95
v 0.95 -1.25 1.95
v 1.05 -1.35 1.95
v 1.05 -1.25 1.95
v -1.65 -0.55 1.85
v -1.65 -0.35 1.85
v -1.65 0.35 1.85
v -1.65 0.55 1.85
v -1.55 -0.75 1.85
v -1.55 -0.65 1.85
v -1.55 -0.55 1.85
v -1.55 -0.35 1.85
v -1.55 0.35 1.85
v -1.55 0.55 1.85
v -1.55 0.65 1.85
v -1.45 -0.95 1.85
v -1.45 -0.85 1.85
v -1.45 -0.75 1.85
v -1.45 -0.65 1.85
v -1.45 0.55 1.85
v -1.45 0.65 1.85
v -1.35 -0.95 1.85
v -1.35 -0.85 1.85
v -0.95 -1.45 1.85
v -0.95 -1.35 1.85
v -0.85 -1.45 1.85
v -0.85 -1.35 1.85
v -0.75 -1.55 1.85
v -0.75 -1.45 1.85
v -0.65 -1.55 1.85
v -0.65 -1.45 1.85
v -0.55 -1.65 1.85
v -0.55 -1.55 1.85
v -0.35 -1.65 1.85
v -0.35 -1.55 1.85
v 0.35 -1.65 1.85
v 0.35 -1.55 1.85
v 0.55 -1.65 1.85
v 0.55 -1.55 1.85
v 0.65 -1.55 1.85
v 0.65 -1.45 1.85
v 0.75 -1.55 1.85
v 0.75 -1.45 1.85
v 0.85 -1.45 1.85
v 0.85 -1.35 1.85
v 0.95 -1.45 1.85
v 0.95 -1.35 1.85
v -1.75 -0.15 1.75
v -1.75 0.15 1.75
v -1.65 -0.15 1.75
v -1.65 0.15 1.75
v -1.55 -0.85 1.75
v -1.55 -0.75 1.75
v -1.55 0.65 1.75
v -1.55 0.75 1.75
v -1.45 -0.85 1.75
v -1.45 -0.75 1.75
v -1.45 0.65 1.75
v -1.45 0.75 1.75
v -1.35 -1.15 1.75
v -1.35 -1.05 1.75
v -1.25 -1.25 1.75
v -1.25 -1.15 1.75
v -1.25 -1.05 1.75
v -1.15 -1.35 1.75
v -1.15 -1.25 1.75
v -1.15 -1.15 1.75
v -1.05 -1.35 1.75
v -1.05 -1.25 1.75
v -0.85 -1.55 1.75
v -0.85 -1.45 1.75
v -0.75 -1.55 1.75
v -0.75 -1.45 1.75
v -0.15 -1.75 1.75
v -0.15 -1.65 1.75
v 0.15 -1.75 1.75
v 0.15 -1.65 1.75
v 0.75 -1.55 1.75
v 0.75 -1.45 1.75
v 0.85 -1.55 1.75
v 0.85 -1.45 1.75
v 0.95 -1.25 1.75
v 0.95 -1.15 1.75
v 1.05 -1.35 1.75
v 1.05 -1.25 1.75
v 1.05 -1.15 1.75
v 1.15 -1.35 1.75
v 1.15 -1.25 1.75
v -1.75 -0.25 1.65
v -1.75 -0.15 1.65
v -1.75 0.15 1.65
v -1.75 0.25 1.65
v -1.65 -0.65 1.65
v -1.65 -0.55 1.65
v -1.65 -0.25 1.65
v -1.65 -0.15 1.65
v -1.65 0.15 1.65
v -1.65 0.25 1.65
v -1.65 0.55 1.65
v -1.65 0.65 1.65
v -1.55 -0.65 1.65
v -1.55 -0.55 1.65
v -1.55 0.55 1.65
v -1.55 0.65 1.65
v -1.55 0.75 1.65
v -1.55 0.85 1.65
v -1.45 -1.05 1.65
v -1.45 -0.95 1.65
v -1.45 0.65 1.65
v -1.45 0.75 1.65
v -1.45 0.85 1.65
v -1.35 -1.05 1.65
v -1.35 -0.95 1.65
v -1.35 0.65 1.65
v -1.35 0.75 1.65
v -1.05 -1.45 1.65
v -1.05 -1.35 1.65
v -0.95 -1.45 1.65
v -0.95 -1.35 1.65
v -0.65 -1.65 1.65
v -0.65 -1.55 1.65
v -0.55 -1.65 1.65
v -0.55 -1.55 1.65
v -0.25 -1.75 1.65
v -0.25 -1.65 1.65
v -0.15 -1.75 1.65
v -0.15 -1.65 1.65
v 0.15 -1.75 1.65
v 0.15 -1.65 1.65
v 0.15 1.55 1.65
v 0.15 1.75 1.65
v 0.25 -1.75 1.65
v 0.25 -1.65 1.65
v 0.25 1.65 1.65
v 0.25 1.75 1.65
v 0.35 1.55 1.65
v 0.35 1.65 1.65
v 0.55 -1.65 1.65
v 0.55 -1.55 1.65
v 0.65 -1.65 1.65
v 0.65 -1.55 1.65
v 0.95 -1.45 1.65
v 0.95 -1.35 1.65
v 1.05 -1.45 1.65
v 1.05 -1.35 1.65
v 1.05 -1.25 1.65
v 1.05 -1.15 1.65
v 1.15 -1.25 1.65
v 1.25 -1.25 1.65
v 1.25 -1.15 1.65
v -1.75 -0.35 1.55
v -1.75 -0.25 1.55
v -1.75 0.25 1.55
v -1.75 0.35 1.55
v -1.65 -0.35 1.55
v -1.65 -0.25 1.55
v -1.65 0.25 1.55
v -1.65 0.35 1.55
v -1.45 0.75 1.55
v -1.45 0.85 1.55
v -1.45 1.05 1.55
v -1.35 0.75 1.55
v -1.35 1.05 1.55
v -0.35 -1.75 1.55
v -0.35 -1.65 1.55
v -0.25 -1.75 1.55
v -0.25 -1.65 1.55
v -0.05 1.65 1.55
v -0.05 1.75 1.55
v 0.05 1.55 1.55
v 0.05 1.65 1.55
v 0.15 1.55 1.55
v 0.15 1.75 1.55
v 0.25 -1.75 1.55
v 0.25 -1.65 1.55
v 0.25 1.65 1.55
v 0.25 1.75 1.55
v 0.35 -1.75 1.55
v 0.35 -1.65 1.55
v 0.35 1.45 1.55
v 0.35 1.55 1.55
v 0.35 1.65 1.55
v 0.35 1.75 1.55
v 0.65 1.45 1.55
v 0.65 1.65 1.55
v 1.05 -1.15 1.55
v 1.05 -1.05 1.55
v 1.25 -1.15 1.55
v 1.25 -1.05 1.55
v -1.75 -0.45 1.45
v -1.75 -0.35 1.45
v -1.75 0.35 1.45
v -1.75 0.45 1.45
v -1.65 -0.75 1.45
v -1.65 -0.65 1.45
v -1.65 -0.45 1.45
v -1.65 -0.35 1.45
v -1.65 0.35 1.45
v -1.65 0.45 1.45
v -1.65 0.65 1.45
v -1.65 0.75 1.45
v -1.55 -0.75 1.45
v -1.55 -0.65 1.45
v -1.55 0.65 1.45
v -1.55 0.75 1.45
v -1.35 0.85 1.45
v -1.35 1.05 1.45
v -1.35 1.15 1.45
v -1.25 0.85 1.45
v -1.25 1.15 1.45
v -0.75 -1.65 1.45
v -0.75 -1.55 1.45
v -0.65 -1.65 1.45
v -0.65 -1.55 1.45
v -0.45 -1.75 1.45
v -0.45 -1.65 1.45
v -0.35 -1.75 1.45
v -0.35 -1.65 1.45
v -0.25 1.65 1.45
v -0.25 1.75 1.45
v -0.15 1.55 1.45
v -0.15 1.65 1.45
v -0.05 1.65 1.45
v -0.05 1.75 1.45
v 0.05 1.55 1.45
v 0.05 1.65 1.45
v 0.35 -1.75 1.45
v 0.35 -1.65 1.45
v 0.35 1.65 1.45
v 0.35 1.75 1.45
v 0.45 -1.75 1.45
v 0.45 -1.65 1.45
v 0.45 1.65 1.45
v 0.45 1.75 1.45
v 0.65 -1.65 1.45
v 0.65 -1.55 1.45
v 0.65 1.35 1.45
v 0.65 1.45 1.45
v 0.65 1.65 1.45
v 0.75 -1.65 1.45
v 0.75 -1.55 1.45
v 0.75 1.55 1.45
v 0.75 1.65 1.45
v 0.85 1.35 1.45
v 0.85 1.55 1.45
v 1.15 -1.05 1.45
v 1.15 -0.95 1.45
v 1.25 -1.15 1.45
v 1.25 -1.05 1.45
v 1.35 -1.15 1.45
v 1.35 -0.95 1.45
v -1.55 -0.95 1.35
v -1.55 -0.85 1.35
v -1.55 0.85 1.35
v -1.55 0.95 1.35
v -1.45 -0.95 1.35
v -1.45 -0.85 1.35
v -1.45 0.85 1.35
v -1.45 0.95 1.35
v -1.25 0.95 1.35
v -1.25 1.15 1.35
v -1.25 1.25 1.35
v -1.15 0.95 1.35
v -1.15 1.05 1.35
v -1.15 1.25 1.35
v -1.15 1.35 1.35
v -1.05 1.05 1.35
v -1.05 1.35 1.35
v -1.05 1.45 1.35
v -0.95 -1.55 1.35
v -0.95 -1.45 1.35
v -0.95 1.35 1.35
v -0.95 1.45 1.35
v -0.85 -1.55 1.35
v -0.85 -1.45 1.35
v -0.55 1.55 1.35
v -0.55 1.65 1.35
v -0.45 1.65 1.35
v -0.45 1.75 1.35
v -0.25 1.65 1.35
v -0.25 1.75 1.35
v -0.15 1.55 1.35
v -0.15 1.65 1.35
v 0.85 -1.55 1.35
v 0.85 -1.45 1.35
v 0.85 1.25 1.35
v 0.85 1.35 1.35
v 0.85 1.55 1.35
v 0.95 -1.55 1.35
v 0.95 -1.45 1.35
v 0.95 1.15 1.35
v 0.95 1.25 1.35
v 0.95 1.45 1.35
v 0.95 1.55 1.35
v 1.05 1.35 1.35
v 1.05 1.45 1.35
v 1.15 1.25 1.35
v 1.15 1.35 1.35
v 1.25 -0.95 1.35
v 1.25 -0.85 1.35
v 1.25 1.15 1.35
v 1.25 1.25 1.35
v 1.35 -1.05 1.35
v 1.35 -0.95 1.35
v 1.45 -1.05 1.35
v 1.45 -0.95 1.35
v 1.55 -0.95 1.35
v 1.55 -0.85 1.35
v -1.55 -0.35 1.25
v -1.55 -0.25 1.25
v -1.55 0.25 1.25
v -1.55 0.35 1.25
v -1.45 -0.65 1.25
v -1.45 -0.55 1.25
v -1.45 -0.35 1.25
v -1.45 -0.25 1.25
v -1.45 0.25 1.25
v -1.45 0.35 1.25
v -1.45 0.55 1.25
v -1.45 0.65 1.25
v -1.35 -0.85 1.25
v -1.35 -0.75 1.25
v -1.35 -0.65 1.25
v -1.35 -0.55 1.25
v -1.35 0.55 1.25
v -1.35 0.65 1.25
v -1.35 0.75 1.25
v -1.35 0.85 1.25
v -1.25 -0.85 1.25
v -1.25 -0.75 1.25
v -1.25 0.75 1.25
v -1.25 0.85 1.25
v -1.05 1.15 1.25
v -1.05 1.35 1.25
v -0.95 1.15 1.25
v -0.95 1.25 1.25
v -0.95 1.35 1.25
v -0.95 1.45 1.25
v -0.85 -1.35 1.25
v -0.85 -1.25 1.25
v -0.85 1.45 1.25
v -0.85 1.55 1.25
v -0.75 -1.35 1.25
v -0.75 -1.25 1.25
v -0.75 1.25 1.25
v -0.75 1.35 1.25
v -0.75 1.55 1.25
v -0.75 1.65 1.25
v -0.65 -1.45 1.25
v -0.65 -1.35 1.25
v -0.55 -1.45 1.25
v -0.55 -1.35 1.25
v -0.55 1.35 1.25
v -0.55 1.45 1.25
v -0.55 1.55 1.25
v -0.55 1.65 1.25
v -0.35 -1.55 1.25
v -0.35 -1.45 1.25
v -0.25 -1.55 1.25
v -0.25 -1.45 1.25
v -0.25 1.45 1.25
v -0.25 1.55 1.25
v 0.25 -1.55 1.25
v 0.25 -1.45 1.25
v 0.25 1.45 1.25
v 0.25 1.55 1.25
v 0.35 -1.55 1.25
v 0.35 -1.45 1.25
v 0.35 1.45 1.25
v 0.35 1.55 1.25
v 0.55 -1.45 1.25
v 0.55 -1.35 1.25
v 0.55 1.35 1.25
v 0.55 1.45 1.25
v 0.65 -1.45 1.25
v 0.65 -1.35 1.25
v 0.65 1.35 1.25
v 0.65 1.45 1.25
v 0.75 -1.35 1.25
v 0.75 -1.25 1.25
v 0.75 1.25 1.25
v 0.75 1.35 1.25
v 0.85 -1.35 1.25
v 0.85 -1.25 1.25
v 0.85 1.25 1.25
v 0.85 1.35 1.25
v 1.05 1.05 1.25
v 1.05 1.15 1.25
v 1.15 0.95 1.25
v 1.15 1.05 1.25
v 1.25 -0.85 1.25
v 1.25 -0.75 1.25
v 1.25 0.85 1.25
v 1.25 0.95 1.25
v 1.25 1.15 1.25
v 1.35 -0.75 1.25
v 1.35 -0.55 1.25
v 1.35 0.85 1.25
v 1.35 0.95 1.25
v 1.35 1.05 1.25
v 1.35 1.15 1.25
v 1.45 -0.65 1.25
v 1.45 -0.55 1.25
v 1.45 0.95 1.25
v 1.45 1.05 1.25
v 1.55 -0.85 1.25
v 1.55 -0.75 1.25
v 1.65 -0.75 1.25
v 1.65 -0.65 1.25
v -1.55 -0.25 1.15
v -1.55 0.25 1.15
v -1.45 -0.25 1.15
v -1.45 0.25 1.15
v -1.25 -0.95 1.15
v -1.25 -0.85 1.15
v -1.25 0.85 1.15
v -1.25 0.95 1.15
v -1.15 -0.95 1.15
v -1.15 -0.85 1.15
v -1.15 0.85 1.15
v -1.15 0.95 1.15
v -0.95 -1.25 1.15
v -0.95 -1.15 1.15
v -0.95 1.15 1.15
v -0.95 1.25 1.15
v -0.85 -1.25 1.15
v -0.85 -1.15 1.15
v -0.85 1.15 1.15
v -0.85 1.25 1.15
v -0.25 -1.55 1.15
v -0.25 -1.45 1.15
v -0.25 1.45 1.15
v -0.25 1.55 1.15
v 0.25 -1.55 1.15
v 0.25 -1.45 1.15
v 0.25 1.45 1.15
v 0.25 1.55 1.15
v 0.85 -1.25 1.15
v 0.85 -1.15 1.15
v 0.85 1.15 1.15
v 0.85 1.25 1.15
v 0.95 -1.25 1.15
v 0.95 -1.15 1.15
v 0.95 1.15 1.15
v 0.95 1.25 1.15
v 1.15 -0.95 1.15
v 1.15 -0.85 1.15
v 1.15 0.85 1.15
v 1.15 0.95 1.15
v 1.25 -0.95 1.15
v 1.25 -0.85 1.15
v 1.25 0.75 1.15
v 1.25 0.85 1.15
v 1.25 0.95 1.15
v 1.35 0.55 1.15
v 1.35 0.75 1.15
v 1.35 0.85 1.15
v 1.35 0.95 1.15
v 1.45 -0.65 1.15
v 1.45 -0.55 1.15
v 1.45 0.55 1.15
v 1.45 0.85 1.15
v 1.45 0.95 1.15
v 1.55 0.65 1.15
v 1.55 0.85 1.15
v 1.65 -0.65 1.15
v 1.65 -0.35 1.15
v 1.65 0.35 1.15
v 1.65 0.65 1.15
v 1.75 -0.35 1.15
v 1.75 0.35 1.15
v -1.45 -0.55 1.05
v -1.45 -0.45 1.05
v -1.45 0.45 1.05
v -1.45 0.55 1.05
v -1.35 -0.75 1.05
v -1.35 -0.65 1.05
v -1.35 -0.55 1.05
v -1.35 -0.45 1.05
v -1.35 0.45 1.05
v -1.35 0.55 1.05
v -1.35 0.65 1.05
v -1.35 0.75 1.05
v -1.25 -0.75 1.05
v -1.25 -0.65 1.05
v -1.25 0.65 1.05
v -1.25 0.75 1.05
v -1.15 -1.05 1.05
v -1.15 -0.95 1.05
v -1.15 0.95 1.05
v -1.15 1.05 1.05
v -1.05 -1.15 1.05
v -1.05 -1.05 1.05
v -1.05 -0.95 1.05
v -1.05 0.95 1.05
v -1.05 1.05 1.05
v -1.05 1.15 1.05
v -0.95 -1.15 1.05
v -0.95 -1.05 1.05
v -0.95 1.05 1.05
v -0.95 1.15 1.05
v -0.75 -1.35 1.05
v -0.75 -1.25 1.05
v -0.75 1.25 1.05
v -0.75 1.35 1.05
v -0.65 -1.35 1.05
v -0.65 -1.25 1.05
v -0.65 1.25 1.05
v -0.65 1.35 1.05
v -0.55 -1.45 1.05
v -0.55 -1.35 1.05
v -0.55 1.35 1.05
v -0.55 1.45 1.05
v -0.45 -1.45 1.05
v -0.45 -1.35 1.05
v -0.45 1.35 1.05
v -0.45 1.45 1.05
v 0.45 -1.45 1.05
v 0.45 -1.35 1.05
v 0.45 1.35 1.05
v 0.45 1.45 1.05
v 0.55 -1.45 1.05
v 0.55 -1.35 1.05
v 0.55 1.35 1.05
v 0.55 1.45 1.05
v 0.65 -1.35 1.05
v 0.65 -1.25 1.05
v 0.65 1.25 1.05
v 0.65 1.35 1.05
v 0.75 -1.35 1.05
v 0.75 -1.25 1.05
v 0.75 1.25 1.05
v 0.75 1.35 1.05
v 0.95 -1.15 1.05
v 0.95 -1.05 1.05
v 0.95 1.05 1.05
v 0.95 1.15 1.05
v 1.05 -1.15 1.05
v 1.05 -1.05 1.05
v 1.05 -0.95 1.05
v 1.05 0.95 1.05
v 1.05 1.05 1.05
v 1.05 1.15 1.05
v 1.15 -1.05 1.05
v 1.15 -0.95 1.05
v 1.15 0.95 1.05
v 1.15 1.05 1.05
v 1.25 -0.75 1.05
v 1.25 -0.65 1.05
v 1.25 0.65 1.05
v 1.25 0.75 1.05
v 1.35 -0.75 1.05
v 1.35 -0.65 1.05
v 1.35 -0.55 1.05
v 1.35 -0.45 1.05
v 1.35 0.45 1.05
v 1.35 0.55 1.05
v 1.35 0.65 1.05
v 1.35 0.75 1.05
v 1.45 -0.55 1.05
v 1.45 -0.45 1.05
v 1.45 0.45 1.05
v 1.45 0.55 1.05
v -1.45 -0.45 0.95
v -1.45 -0.25 0.95
v -1.45 0.25 0.95
v -1.45 0.45 0.95
v -1.35 -0.65 0.95
v -1.35 -0.55 0.95
v -1.35 -0.45 0.95
v -1.35 -0.25 0.95
v -1.35 0.25 0.95
v -1.35 0.45 0.95
v -1.35 0.55 0.95
v -1.35 0.65 0.95
v -1.25 -0.85 0.95
v -1.25 -0.75 0.95
v -1.25 -0.65 0.95
v -1.25 -0.55 0.95
v -1.25 0.55 0.95
v -1.25 0.65 0.95
v -1.25 0.75 0.95
v -1.25 0.85 0.95
v -1.15 -0.85 0.95
v -1.15 -0.75 0.95
v -1.15 0.75 0.95
v -1.15 0.85 0.95
v -0.85 -1.25 0.95
v -0.85 -1.15 0.95
v -0.85 1.15 0.95
v -0.85 1.25 0.95
v -0.75 -1.25 0.95
v -0.75 -1.15 0.95
v -0.75 1.15 0.95
v -0.75 1.25 0.95
v -0.65 -1.35 0.95
v -0.65 -1.25 0.95
v -0.65 1.25 0.95
v -0.65 1.35 0.95
v -0.55 -1.35 0.95
v -0.55 -1.25 0.95
v -0.55 1.25 0.95
v -0.55 1.35 0.95
v -0.45 -1.45 0.95
v -0.45 -1.35 0.95
v -0.45 1.35 0.95
v -0.45 1.45 0.95
v -0.25 -1.45 0.95
v -0.25 -1.35 0.95
v -0.25 1.35 0.95
v -0.25 1.45 0.95
v 0.25 -1.45 0.95
v 0.25 -1.35 0.95
v 0.25 1.35 0.95
v 0.25 1.45 0.95
v 0.45 -1.45 0.95
v 0.45 -1.35 0.95
v 0.45 1.35 0.95
v 0.45 1.45 0.95
v 0.55 -1.35 0.95
v 0.55 -1.25 0.95
v 0.55 1.25 0.95
v 0.55 1.35 0.95
v 0.65 -1.35 0.95
v 0.65 -1.25 0.95
v 0.65 1.25 0.95
v 0.65 1.35 0.95
v 0.75 -1.25 0.95
v 0.75 -1.15 0.95
v 0.75 1.15 0.95
v 0.75 1.25 0.95
v 0.85 -1.25 0.95
v 0.85 -1.15 0.95
v 0.85 1.15 0.95
v 0.85 1.25 0.95
v 1.15 -0.85 0.95
v 1.15 -0.75 0.95
v 1.15 0.75 0.95
v 1.15 0.85 0.95
v 1.25 -0.85 0.95
v 1.25 -0.75 0.95
v 1.25 -0.65 0.95
v 1.25 -0.55 0.95
v 1.25 0.55 0.95
v 1.25 0.65 0.95
v 1.25 0.75 0.95
v 1.25 0.85 0.95
v 1.35 -0.65 0.95
v 1.35 -0.55 0.95
v 1.35 -0.45 0.95
v 1.35 -0.25 0.95
v 1.35 0.25 0.95
v 1.35 0.45 0.95
v 1.35 0.55 0.95
v 1.35 0.65 0.95
v 1.45 -0.45 0.95
v 1.45 -0.25 0.95
v 1.45 0.25 0.95
v 1.45 0.45 0.95
v -1.45 -0.25 0.85
v -1.45 0.25 0.85
v -1.35 -0.55 0.85
v -1.35 -0.45 0.85
v -1.35 -0.25 0.85
v -1.35 0.25 0.85
v -1.35 0.45 0.85
v -1.35 0.55 0.85
v -1.25 -0.75 0.85
v -1.25 -0.65 0.85
v -1.25 -0.55 0.85
v -1.25 -0.45 0.85
v -1.25 0.45 0.85
v -1.25 0.55 0.85
v -1.25 0.65 0.85
v -1.25 0.75 0.85
v -1.15 -0.95 0.85
v -1.15 -0.85 0.85
v -1.15 -0.75 0.85
v -1.15 -0.65 0.85
v -1.15 0.65 0.85
v -1.15 0.75 0.85
v -1.15 0.85 0.85
v -1.15 0.95 0.85
v -1.05 -1.05 0.85
v -1.05 -0.95 0.85
v -1.05 -0.85 0.85
v -1.05 0.85 0.85
v -1.05 0.95 0.85
v -1.05 1.05 0.85
v -0.95 -1.15 0.85
v -0.95 -1.05 0.85
v -0.95 -0.95 0.85
v -0.95 0.95 0.85
v -0.95 1.05 0.85
v -0.95 1.15 0.85
v -0.85 -1.15 0.85
v -0.85 -1.05 0.85
v -0.85 1.05 0.85
v -0.85 1.15 0.85
v -0.75 -1.25 0.85
v -0.75 -1.15 0.85
v -0.75 1.15 0.85
v -0.75 1.25 0.85
v -0.65 -1.25 0.85
v -0.65 -1.15 0.85
v -0.65 1.15 0.85
v -0.65 1.25 0.85
v -0.55 -1.35 0.85
v -0.55 -1.25 0.85
v -0.55 1.25 0.85
v -0.55 1.35 0.85
v -0.45 -1.35 0.85
v -0.45 -1.25 0.85
v -0.45 1.25 0.85
v -0.45 1.35 0.85
v -0.25 -1.45 0.85
v -0.25 -1.35 0.85
v -0.25 1.35 0.85
v -0.25 1.45 0.85
v 0.25 -1.45 0.85
v 0.25 -1.35 0.85
v 0.25 1.35 0.85
v 0.25 1.45 0.85
v 0.45 -1.35 0.85
v 0.45 -1.25 0.85
v 0.45 1.25 0.85
v 0.45 1.35 0.85
v 0.55 -1.35 0.85
v 0.55 -1.25 0.85
v 0.55 1.25 0.85
v 0.55 1.35 0.85
v 0.65 -1.25 0.85
v 0.65 -1.15 0.85
v 0.65 1.15 0.85
v 0.65 1.25 0.85
v 0.75 -1.25 0.85
v 0.75 -1.15 0.85
v 0.75 1.15 0.85
v 0.75 1.25 0.85
v 0.85 -1.15 0.85
v 0.85 -1.05 0.85
v 0.85 1.05 0.85
v 0.85 1.15 0.85
v 0.95 -1.15 0.85
v 0.95 -1.05 0.85
v 0.95 -0.95 0.85
v 0.95 0.95 0.85
v 0.95 1.05 0.85
v 0.95 1.15 0.85
v 1.05 -1.05 0.85
v 1.05 -0.95 0.85
v 1.05 -0.85 0.85
v 1.05 0.85 0.85
v 1.05 0.95 0.85
v 1.05 1.05 0.85
v 1.15 -0.95 0.85
v 1.15 -0.85 0.85
v 1.15 -0.75 0.85
v 1.15 -0.65 0.85
v 1.15 0.65 0.85
v 1.15 0.75 0.85
v 1.15 0.85 0.85
v 1.15 0.95 0.85
v 1.25 -0.75 0.85
v 1.25 -0.65 0.85
v 1.25 -0.55 0.85
v 1.25 -0.45 0.85
v 1.25 0.45 0.85
v 1.25 0.55 0.85
v 1.25 0.65 0.85
v 1.25 0.75 0.85
v 1.35 -0.55 0.85
v 1.35 -0.45 0.85
v 1.35 -0.25 0.85
v 1.35 0.25 0.85
v 1.35 0.45 0.85
v 1.35 0.55 0.85
v 1.45 -0.25 0.85
v 1.45 0.25 0.85
v -1.35 -0.45 0.75
v -1.35 -0.25 0.75
v -1.35 0.25 0.75
v -1.35 0.45 0.75
v -1.25 -0.65 0.75
v -1.25 -0.55 0.75
v -1.25 -0.45 0.75
v -1.25 -0.25 0.75
v -1.25 0.25 0.75
v -1.25 0.45 0.75
v -1.25 0.55 0.75
v -1.25 0.65 0.75
v -1.15 -0.85 0.75
v -1.15 -0.75 0.75
v -1.15 -0.65 0.75
v -1.15 -0.55 0.75
v -1.15 0.55 0.75
v -1.15 0.65 0.75
v -1.15 0.75 0.75
v -1.15 0.85 0.75
v -1.05 -0.95 0.75
v -1.05 -0.85 0.75
v -1.05 -0.75 0.75
v -1.05 0.75 0.75
v -1.05 0.85 0.75
v -1.05 0.95 0.75
v -0.95 -1.05 0.75
v -0.95 -0.95 0.75
v -0.95 -0.85 0.75
v -0.95 0.85 0.75
v -0.95 0.95 0.75
v -0.95 1.05 0.75
v -0.85 -1.15 0.75
v -0.85 -1.05 0.75
v -0.85 -0.95 0.75
v -0.85 0.95 0.75
v -0.85 1.05 0.75
v -0.85 1.15 0.75
v -0.75 -1.15 0.75
v -0.75 -1.05 0.75
v -0.75 1.05 0.75
v -0.75 1.15 0.75
v -0.65 -1.25 0.75
v -0.65 -1.15 0.75
v -0.65 1.15 0.75
v -0.65 1.25 0.75
v -0.55 -1.25 0.75
v -0.55 -1.15 0.75
v -0.55 1.15 0.75
v -0.55 1.25 0.75
v -0.45 -1.35 0.75
v -0.45 -1.25 0.75
v -0.45 1.25 0.75
v -0.45 1.35 0.75
v -0.25 -1.35 0.75
v -0.25 -1.25 0.75
v -0.25 1.25 0.75
v -0.25 1.35 0.75
v 0.25 -1.35 0.75
v 0.25 -1.25 0.75
v 0.25 1.25 0.75
v 0.25 1.35 0.75
v 0.45 -1.35 0.75
v 0.45 -1.25 0.75
v 0.45 1.25 0.75
v 0.45 1.35 0.75
v 0.55 -1.25 0.75
v 0.55 -1.15 0.75
v 0.55 1.15 0.75
v 0.55 1.25 0.75
v 0.65 -1.25 0.75
v 0.65 -1.15 0.75
v 0.65 1.15 0.75
v 0.65 1.25 0.75
v 0.75 -1.15 0.75
v 0.75 -1.05 0.75
v 0.75 1.05 0.75
v 0.75 1.15 0.75
v 0.85 -1.15 0.75
v 0.85 -1.05 0.75
v 0.85 -0.95 0.75
v 0.85 0.95 0.75
v 0.85 1.05 0.75
v 0.85 1.15 0.75
v 0.95 -1.05 0.75
v 0.95 -0.95 0.75
v 0.95 -0.85 0.75
v 0.95 0.85 0.75
v 0.95 0.95 0.75
v 0.95 1.05 0.75
v 1.05 -0.95 0.75
v 1.05 -0.85 0.75
v 1.05 -0.75 0.75
v 1.05 0.75 0.75
v 1.05 0.85 0.75
v 1.05 0.95 0.75
v 1.15 -0.85 0.75
v 1.15 -0.75 0.75
v 1.15 -0.65 0.75
v 1.15 -0.55 0.75
v 1.15 0.55 0.75
v 1.15 0.65 0.75
v 1.15 0.75 0.75
v 1.15 0.85 0.75
v 1.25 -0.65 0.75
v 1.25 -0.55 0.75
v 1.25 -0.45 0.75
v 1.25 -0.25 0.75
v 1.25 0.25 0.75
v 1.25 0.45 0.75
v 1.25 0.55 0.75
v 1.25 0.65 0.75
v 1.35 -0.45 0.75
v 1.35 -0.25 0.75
v 1.35 0.25 0.75
v 1.35 0.45 0.75
v -1.35 -0.25 0.65
v -1.35 0.25 0.65
v -1.25 -0.55 0.65
v -1.25 -0.45 0.65
v -1.25 -0.25 0.65
v -1.25 0.25 0.65
v -1.25 0.45 0.65
v -1.25 0.55 0.65
v -1.15 -0.75 0.65
v -1.15 -0.65 0.65
v -1.15 -0.55 0.65
v -1.15 -0.45 0.65
v -1.15 0.45 0.65
v -1.15 0.55 0.65
v -1.15 0.65 0.65
v -1.15 0.75 0.65
v -1.05 -0.85 0.65
v -1.05 -0.75 0.65
v -1.05 -0.65 0.65
v -1.05 0.65 0.65
v -1.05 0.75 0.65
v -1.05 0.85 0.65
v -0.95 -0.95 0.65
v -0.95 -0.85 0.65
v -0.95 -0.75 0.65
v -0.95 0.75 0.65
v -0.95 0.85 0.65
v -0.95 0.95 0.65
v -0.85 -1.05 0.65
v -0.85 -0.95 0.65
v -0.85 -0.85 0.65
v -0.85 0.85 0.65
v -0.85 0.95 0.65
v -0.85 1.05 0.65
v -0.75 -1.15 0.65
v -0.75 -1.05 0.65
v -0.75 -0.95 0.65
v -0.75 0.95 0.65
v -0.75 1.05 0.65
v -0.75 1.15 0.65
v -0.65 -1.15 0.65
v -0.65 -1.05 0.65
v -0.65 1.05 0.65
v -0.65 1.15 0.65
v -0.55 -1.25 0.65
v -0.55 -1.15 0.65
v -0.55 1.15 0.65
v -0.55 1.25 0.65
v -0.45 -1.25 0.65
v -0.45 -1.15 0.65
v -0.45 1.15 0.65
v -0.45 1.25 0.65
v -0.25 -1.35 0.65
v -0.25 -1.25 0.65
v -0.25 1.25 0.65
v -0.25 1.35 0.65
v 0.25 -1.35 0.65
v 0.25 -1.25 0.65
v 0.25 1.25 0.65
v 0.25 1.35 0.65
v 0.45 -1.25 0.65
v 0.45 -1.15 0.65
v 0.45 1.15 0.65
v 0.45 1.25 0.65
v 0.55 -1.25 0.65
v 0.55 -1.15 0.65
v 0.55 1.15 0.65
v 0.55 1.25 0.65
v 0.65 -1.15 0.65
v 0.65 -1.05 0.65
v 0.65 1.05 0.65
v 0.65 1.15 0.65
v 0.75 -1.15 0.65
v 0.75 -1.05 0.65
v 0.75 -0.95 0.65
v 0.75 0.95 0.65
v 0.75 1.05 0.65
v 0.75 1.15 0.65
v 0.85 -1.05 0.65
v 0.85 -0.95 0.65
v 0.85 -0.85 0.65
v 0.85 0.85 0.65
v 0.85 0.95 0.65
v 0.85 1.05 0.65
v 0.95 -0.95 0.65
v 0.95 -0.85 0.65
v 0.95 -0.75 0.65
v 0.95 0.75 0.65
v 0.95 0.85 0.65
v 0.95 0.95 0.65
v 1.05 -0.85 0.65
v 1.05 -0.75 0.65
v 1.05 -0.65 0.65
v 1.05 0.65 0.65
v 1.05 0.75 0.65
v 1.05 0.85 0.65
v 1.15 -0.75 0.65
v 1.15 -0.65 0.65
v 1.15 -0.55 0.65
v 1.15 -0.45 0.65
v 1.15 0.45 0.65
v 1.15 0.55 0.65
v 1.15 0.65 0.65
v 1.15 0.75 0.65
v 1.25 -0.55 0.65
v 1.25 -0.45 0.65
v 1.25 -0.25 0.65
v 1.25 0.25 0.65
v 1.25 0.45 0.65
v 1.25 0.55 0.65
v 1.35 -0.25 0.65
v 1.35 0.25 0.65
v -1.55 -0.45 0.35
v -1.55 -0.05 0.35
v -1.55 0.05 0.35
v -1.55 0.45 0.35
v -1.45 -0.65 0.35
v -1.45 -0.55 0.35
v -1.45 -0.45 0.35
v -1.45 -0.05 0.35
v -1.45 0.05 0.35
v -1.45 0.45 0.35
v -1.45 0.55 0.35
v -1.45 0.65 0.35
v -1.35 -0.85 0.35
v -1.35 -0.75 0.35
v -1.35 -0.65 0.35
v -1.35 -0.55 0.35
v -1.35 0.55 0.35
v -1.35 0.65 0.35
v -1.35 0.75 0.35
v -1.35 0.85 0.35
v -1.25 -0.85 0.35
v -1.25 -0.75 0.35
v -1.25 0.75 0.35
v -1.25 0.85 0.35
v -1.15 -1.15 0.35
v -1.15 -1.05 0.35
v -1.15 1.05 0.35
v -1.15 1.15 0.35
v -1.05 -1.15 0.35
v -1.05 -1.05 0.35
v -1.05 1.05 0.35
v -1.05 1.15 0.35
v -0.85 -1.35 0.35
v -0.85 -1.25 0.35
v -0.85 1.25 0.35
v -0.85 1.35 0.35
v -0.75 -1.35 0.35
v -0.75 -1.25 0.35
v -0.75 1.25 0.35
v -0.75 1.35 0.35
v -0.65 -1.45 0.35
v -0.65 -1.35 0.35
v -0.65 1.35 0.35
v -0.65 1.45 0.35
v -0.55 -1.45 0.35
v -0.55 -1.35 0.35
v -0.55 1.35 0.35
v -0.55 1.45 0.35
v -0.45 -1.55 0.35
v -0.45 -1.45 0.35
v -0.45 1.45 0.35
v -0.45 1.55 0.35
v -0.05 -1.55 0.35
v -0.05 -1.45 0.35
v -0.05 1.45 0.35
v -0.05 1.55 0.35
v 0.05 -1.55 0.35
v 0.05 -1.45 0.35
v 0.05 1.45 0.35
v 0.05 1.55 0.35
v 0.45 -1.55 0.35
v 0.45 -1.45 0.35
v 0.45 1.45 0.35
v 0.45 1.55 0.35
v 0.55 -1.45 0.35
v 0.55 -1.35 0.35
v 0.55 1.35 0.35
v 0.55 1.45 0.35
v 0.65 -1.45 0.35
v 0.65 -1.35 0.35
v 0.65 1.35 0.35
v 0.65 1.45 0.35
v 0.75 -1.35 0.35
v 0.75 -1.25 0.35
v 0.75 1.25 0.35
v 0.75 1.35 0.35
v 0.85 -1.35 0.35
v 0.85 -1.25 0.35
v 0.85 1.25 0.35
v 0.85 1.35 0.35
v 1.05 -1.15 0.35
v 1.05 -1.05 0.35
v 1.05 1.05 0.35
v 1.05 1.15 0.35
v 1.15 -1.15 0.35
v 1.15 -1.05 0.35
v 1.15 1.05 0.35
v 1.15 1.15 0.35
v 1.25 -0.85 0.35
v 1.25 -0.75 0.35
v 1.25 0.75 0.35
v 1.25 0.85 0.35
v 1.35 -0.85 0.35
v 1.35 -0.75 0.35
v 1.35 -0.65 0.35
v 1.35 -0.55 0.35
v 1.35 0.55 0.35
v 1.35 0.65 0.35
v 1.35 0.75 0.35
v 1.35 0.85 0.35
v 1.45 -0.65 0.35
v 1.45 -0.55 0.35
v 1.45 -0.45 0.35
v 1.45 -0.05 0.35
v 1.45 0.05 0.35
v 1.45 0.45 0.35
v 1.45 0.55 0.35
v 1.45 0.65 0.35
v 1.55 -0.45 0.35
v 1.55 -0.05 0.35
v 1.55 0.05 0.35
v 1.55 0.45 0.35
v -1.65 -0.15 0.25
v -1.65 0.15 0.25
v -1.55 -0.55 0.25
v -1.55 -0.45 0.25
v -1.55 -0.15 0.25
v -1.55 0.15 0.25
v -1.55 0.45 0.25
v -1.55 0.55 0.25
v -1.45 -0.75 0.25
v -1.45 -0.65 0.25
v -1.45 -0.55 0.25
v -1.45 -0.45 0.25
v -1.45 0.45 0.25
v -1.45 0.55 0.25
v -1.45 0.65 0.25
v -1.45 0.75 0.25
v -1.35 -0.95 0.25
v -1.35 -0.85 0.25
v -1.35 -0.75 0.25
v -1.35 -0.65 0.25
v -1.35 0.65 0.25
v -1.35 0.75 0.25
v -1.35 0.85 0.25
v -1.35 0.95 0.25
v -1.25 -1.05 0.25
v -1.25 -0.95 0.25
v -1.25 -0.85 0.25
v -1.25 0.85 0.25
v -1.25 0.95 0.25
v -1.25 1.05 0.25
v -1.15 -1.05 0.25
v -1.15 -0.95 0.25
v -1.15 0.95 0.25
v -1.15 1.05 0.25
v -1.05 -1.25 0.25
v -1.05 -1.15 0.25
v -1.05 1.15 0.25
v -1.05 1.25 0.25
v -0.95 -1.35 0.25
v -0.95 -1.25 0.25
v -0.95 -1.15 0.25
v -0.95 1.15 0.25
v -0.95 1.25 0.25
v -0.95 1.35 0.25
v -0.85 -1.35 0.25
v -0.85 -1.25 0.25
v -0.85 1.25 0.25
v -0.85 1.35 0.25
v -0.75 -1.45 0.25
v -0.75 -1.35 0.25
v -0.75 1.35 0.25
v -0.75 1.45 0.25
v -0.65 -1.45 0.25
v -0.65 -1.35 0.25
v -0.65 1.35 0.25
v -0.65 1.45 0.25
v -0.55 -1.55 0.25
v -0.55 -1.45 0.25
v -0.55 1.45 0.25
v -0.55 1.55 0.25
v -0.45 -1.55 0.25
v -0.45 -1.45 0.25
v -0.45 1.45 0.25
v -0.45 1.55 0.25
v -0.15 -1.65 0.25
v -0.15 -1.55 0.25
v -0.15 1.55 0.25
v -0.15 1.65 0.25
v 0.15 -1.65 0.25
v 0.15 -1.55 0.25
v 0.15 1.55 0.25
v 0.15 1.65 0.25
v 0.45 -1.55 0.25
v 0.45 -1.45 0.25
v 0.45 1.45 0.25
v 0.45 1.55 0.25
v 0.55 -1.55 0.25
v 0.55 -1.45 0.25
v 0.55 1.45 0.25
v 0.55 1.55 0.25
v 0.65 -1.45 0.25
v 0.65 -1.35 0.25
v 0.65 1.35 0.25
v 0.65 1.45 0.25
v 0.75 -1.45 0.25
v 0.75 -1.35 0.25
v 0.75 1.35 0.25
v 0.75 1.45 0.25
v 0.85 -1.35 0.25
v 0.85 -1.25 0.25
v 0.85 1.25 0.25
v 0.85 1.35 0.25
v 0.95 -1.35 0.25
v 0.95 -1.25 0.25
v 0.95 -1.15 0.25
v 0.95 1.15 0.25
v 0.95 1.25 0.25
v 0.95 1.35 0.25
v 1.05 -1.25 0.25
v 1.05 -1.15 0.25
v 1.05 1.15 0.25
v 1.05 1.25 0.25
v 1.15 -1.05 0.25
v 1.15 -0.95 0.25
v 1.15 0.95 0.25
v 1.15 1.05 0.25
v 1.25 -1.05 0.25
v 1.25 -0.95 0.25
v 1.25 -0.85 0.25
v 1.25 0.85 0.25
v 1.25 0.95 0.25
v 1.25 1.05 0.25
v 1.35 -0.95 0.25
v 1.35 -0.85 0.25
v 1.35 -0.75 0.25
v 1.35 -0.65 0.25
v 1.35 0.65 0.25
v 1.35 0.75 0.25
v 1.35 0.85 0.25
v 1.35 0.95 0.25
v 1.45 -0.75 0.25
v 1.45 -0.65 0.25
v 1.45 -0.55 0.25
v 1.45 -0.45 0.25
v 1.45 0.45 0.25
v 1.45 0.55 0.25
v 1.45 0.65 0.25
v 1.45 0.75 0.25
v 1.55 -0.55 0.25
v 1.55 -0.45 0.25
v 1.55 -0.15 0.25
v 1.55 0.15 0.25
v 1.55 0.45 0.25
v 1.55 0.55 0.25
v 1.65 -0.15 0.25
v 1.65 0.15 0.25
v -1.65 -0.35 0.15
v -1.65 -0.15 0.15
v -1.65 0.15 0.15
v -1.65 0.35 0.15
v -1.55 -0.65 0.15
v -1.55 -0.55 0.15
v -1.55 -0.35 0.15
v -1.55 -0.15 0.15
v -1.55 0.15 0.15
v -1.55 0.35 0.15
v -1.55 0.55 0.15
v -1.55 0.65 0.15
v -1.45 -0.85 0.15
v -1.45 -0.75 0.15
v -1.45 -0.65 0.15
v -1.45 -0.55 0.15
v -1.45 0.55 0.15
v -1.45 0.65 0.15
v -1.45 0.75 0.15
v -1.45 0.85 0.15
v -1.35 -1.05 0.15
v -1.35 -0.95 0.15
v -1.35 -0.85 0.15
v -1.35 -0.75 0.15
v -1.35 0.75 0.15
v -1.35 0.85 0.15
v -1.35 0.95 0.15
v -1.35 1.05 0.15
v -1.25 -1.15 0.15
v -1.25 -1.05 0.15
v -1.25 -0.95 0.15
v -1.25 0.95 0.15
v -1.25 1.05 0.15
v -1.25 1.15 0.15
v -1.15 -1.25 0.15
v -1.15 -1.15 0.15
v -1.15 -1.05 0.15
v -1.15 1.05 0.15
v -1.15 1.15 0.15
v -1.15 1.25 0.15
v -1.05 -1.35 0.15
v -1.05 -1.25 0.15
v -1.05 -1.15 0.15
v -1.05 1.15 0.15
v -1.05 1.25 0.15
v -1.05 1.35 0.15
v -0.95 -1.35 0.15
v -0.95 -1.25 0.15
v -0.95 1.25 0.15
v -0.95 1.35 0.15
v -0.85 -1.45 0.15
v -0.85 -1.35 0.15
v -0.85 1.35 0.15
v -0.85 1.45 0.15
v -0.75 -1.45 0.15
v -0.75 -1.35 0.15
v -0.75 1.35 0.15
v -0.75 1.45 0.15
v -0.65 -1.55 0.15
v -0.65 -1.45 0.15
v -0.65 1.45 0.15
v -0.65 1.55 0.15
v -0.55 -1.55 0.15
v -0.55 -1.45 0.15
v -0.55 1.45 0.15
v -0.55 1.55 0.15
v -0.35 -1.65 0.15
v -0.35 -1.55 0.15
v -0.35 1.55 0.15
v -0.35 1.65 0.15
v -0.15 -1.65 0.15
v -0.15 -1.55 0.15
v -0.15 1.55 0.15
v -0.15 1.65 0.15
v 0.15 -1.65 0.15
v 0.15 -1.55 0.15
v 0.15 1.55 0.15
v 0.15 1.65 0.15
v 0.35 -1.65 0.15
v 0.35 -1.55 0.15
v 0.35 1.55 0.15
v 0.35 1.65 0.15
v 0.55 -1.55 0.15
v 0.55 -1.45 0.15
v 0.55 1.45 0.15
v 0.55 1.55 0.15
v 0.65 -1.55 0.15
v 0.65 -1.45 0.15
v 0.65 1.45 0.15
v 0.65 1.55 0.15
v 0.75 -1.45 0.15
v 0.75 -1.35 0.15
v 0.75 1.35 0.15
v 0.75 1.45 0.15
v 0.85 -1.45 0.15
v 0.85 -1.35 0.15
v 0.85 1.35 0.15
v 0.85 1.45 0.15
v 0.95 -1.35 0.15
v 0.95 -1.25 0.15
v 0.95 1.25 0.15
v 0.95 1.35 0.15
v 1.05 -1.35 0.15
v 1.05 -1.25 0.15
v 1.05 -1.15 0.15
v 1.05 1.15 0.15
v 1.05 1.25 0.15
v 1.05 1.35 0.15
v 1.15 -1.25 0.15
v 1.15 -1.15 0.15
v 1.15 -1.05 0.15
v 1.15 1.05 0.15
v 1.15 1.15 0.15
v 1.15 1.25 0.15
v 1.25 -1.15 0.15
v 1.25 -1.05 0.15
v 1.25 -0.95 0.15
v 1.25 0.95 0.15
v 1.25 1.05 0.15
v 1.25 1.15 0.15
v 1.35 -1.05 0.15
v 1.35 -0.95 0.15
v 1.35 -0.85 0.15
v 1.35 -0.75 0.15
v 1.35 0.75 0.15
v 1.35 0.85 0.15
v 1.35 0.95 0.15
v 1.35 1.05 0.15
v 1.45 -0.85 0.15
v 1.45 -0.75 0.15
v 1.45 -0.65 0.15
v 1.45 -0.55 0.15
v 1.45 0.55 0.15
v 1.45 0.65 0.15
v 1.45 0.75 0.15
v 1.45 0.85 0.15
v 1.55 -0.65 0.15
v 1.55 -0.55 0.15
v 1.55 -0.35 0.15
v 1.55 -0.15 0.15
v 1.55 0.15 0.15
v 1.55 0.35 0.15
v 1.55 0.55 0.15
v 1.55 0.65 0.15
v 1.65 -0.35 0.15
v 1.65 -0.15 0.15
v 1.65 0.15 0.15
v 1.65 0.35 0.15
v -1.65 -0.55 0.05
v -1.65 -0.35 0.05
v -1.65 0.35 0.05
v -1.65 0.55 0.05
v -1.55 -0.75 0.05
v -1.55 -0.65 0.05
v -1.55 -0.55 0.05
v -1.55 -0.35 0.05
v -1.55 0.35 0.05
v -1.55 0.55 0.05
v -1.55 0.65 0.05
v -1.55 0.75 0.05
v -1.45 -0.95 0.05
v -1.45 -0.85 0.05
v -1.45 -0.75 0.05
v -1.45 -0.65 0.05
v -1.45 0.65 0.05
v -1.45 0.75 0.05
v -1.45 0.85 0.05
v -1.45 0.95 0.05
v -1.35 -0.95 0.05
v -1.35 -0.85 0.05
v -1.35 0.85 0.05
v -1.35 0.95 0.05
v -0.95 -1.45 0.05
v -0.95 -1.35 0.05
v -0.95 1.35 0.05
v -0.95 1.45 0.05
v -0.85 -1.45 0.05
v -0.85 -1.35 0.05
v -0.85 1.35 0.05
v -0.85 1.45 0.05
v -0.75 -1.55 0.05
v -0.75 -1.45 0.05
v -0.75 1.45 0.05
v -0.75 1.55 0.05
v -0.65 -1.55 0.05
v -0.65 -1.45 0.05
v -0.65 1.45 0.05
v -0.65 1.55 0.05
v -0.55 -1.65 0.05
v -0.55 -1.55 0.05
v -0.55 1.55 0.05
v -0.55 1.65 0.05
v -0.35 -1.65 0.05
v -0.35 -1.55 0.05
v -0.35 1.55 0.05
v -0.35 1.65 0.05
v 0.35 -1.65 0.05
v 0.35 -1.55 0.05
v 0.35 1.55 0.05
v 0.35 1.65 0.05
v 0.55 -1.65 0.05
v 0.55 -1.55 0.05
v 0.55 1.55 0.05
v 0.55 1.65 0.05
v 0.65 -1.55 0.05
v 0.65 -1.45 0.05
v 0.65 1.45 0.05
v 0.65 1.55 0.05
v 0.75 -1.55 0.05
v 0.75 -1.45 0.05
v 0.75 1.45 0.05
v 0.75 1.55 0.05
v 0.85 -1.45 0.05
v 0.85 -1.35 0.05
v 0.85 1.35 0.05
v 0.85 1.45 0.05
v 0.95 -1.45 0.05
v 0.95 -1.35 0.05
v 0.95 1.35 0.05
v 0.95 1.45 0.05
v 1.35 -0.95 0.05
v 1.35 -0.85 0.05
v 1.35 0.85 0.05
v 1.35 0.95 0.05
v 1.45 -0.95 0.05
v 1.45 -0.85 0.05
v 1.45 -0.75 0.05
v 1.45 -0.65 0.05
v 1.45 0.65 0.05
v 1.45 0.75 0.05
v 1.45 0.85 0.05
v 1.45 0.95 0.05
v 1.55 -0.75 0.05
v 1.55 -0.65 0.05
v 1.55 -0.55 0.05
v 1.55 -0.35 0.05
v 1.55 0.35 0.05
v 1.55 0.55 0.05
v 1.55 0.65 0.05
v 1.55 0.75 0.05
v 1.65 -0.55 0.05
v 1.65 -0.35 0.05
v 1.65 0.35 0.05
v 1.65 0.55 0.05
v -1.75 -0.15 -0.05
v -1.75 0.15 -0.05
v -1.65 -0.15 -0.05
v -1.65 0.15 -0.05
v -1.55 -0.85 -0.05
v -1.55 -0.75 -0.05
v -1.55 0.75 -0.05
v -1.55 0.85 -0.05
v -1.45 -0.85 -0.05
v -1.45 -0.75 -0.05
v -1.45 0.75 -0.05
v -1.45 0.85 -0.05
v -1.35 -1.15 -0.05
v -1.35 -1.05 -0.05
v -1.35 1.05 -0.05
v -1.35 1.15 -0.05
v -1.25 -1.25 -0.05
v -1.25 -1.15 -0.05
v -1.25 -1.05 -0.05
v -1.25 1.05 -0.05
v -1.25 1.15 -0.05
v -1.25 1.25 -0.05
v -1.15 -1.35 -0.05
v -1.15 -1.25 -0.05
v -1.15 -1.15 -0.05
v -1.15 1.15 -0.05
v -1.15 1.25 -0.05
v -1.15 1.35 -0.05
v -1.05 -1.35 -0.05
v -1.05 -1.25 -0.05
v -1.05 1.25 -0.05
v -1.05 1.35 -0.05
v -0.85 -1.55 -0.05
v -0.85 -1.45 -0.05
v -0.85 1.45 -0.05
v -0.85 1.55 -0.05
v -0.75 -1.55 -0.05
v -0.75 -1.45 -0.05
v -0.75 1.45 -0.05
v -0.75 1.55 -0.05
v -0.15 -1.75 -0.05
v -0.15 -1.65 -0.05
v -0.15 1.65 -0.05
v -0.15 1.75 -0.05
v 0.15 -1.75 -0.05
v 0.15 -1.65 -0.05
v 0.15 1.65 -0.05
v 0.15 1.75 -0.05
v 0.75 -1.55 -0.05
v 0.75 -1.45 -0.05
v 0.75 1.45 -0.05
v 0.75 1.55 -0.05
v 0.85 -1.55 -0.05
v 0.85 -1.45 -0.05
v 0.85 1.45 -0.05
v 0.85 1.55 -0.05
v 1.05 -1.35 -0.05
v 1.05 -1.25 -0.05
v 1.05 1.25 -0.05
v 1.05 1.35 -0.05
v 1.15 -1.35 -0.05
v 1.15 -1.25 -0.05
v 1.15 -1.15 -0.05
v 1.15 1.15 -0.05
v 1.15 1.25 -0.05
v 1.15 1.35 -0.05
v 1.25 -1.25 -0.05
v 1.25 -1.15 -0.05
v 1.25 -1.05 -0.05
v 1.25 1.05 -0.05
v 1.25 1.15 -0.05
v 1.25 1.25 -0.05
v 1.35 -1.15 -0.05
v 1.35 -1.05 -0.05
v 1.35 1.05 -0.05
v 1.35 1.15 -0.05
v 1.45 -0.85 -0.05
v 1.45 -0.75 -0.05
v 1.45 0.75 -0.05
v 1.45 0.85 -0.05
v 1.55 -0.85 -0.05
v 1.55 -0.75 -0.05
v 1.55 0.75 -0.05
v 1.55 0.85 -0.05
v 1.65 -0.15 -0.05
v 1.65 0.15 -0.05
v 1.75 -0.15 -0.05
v 1.75 0.15 -0.05
v -1.75 -0.25 -0.15
v -1.75 -0.15 -0.15
v -1.75 0.15 -0.15
v -1.75 0.25 -0.15
v -1.65 -0.65 -0.15
v -1.65 -0.55 -0.15
v -1.65 -0.25 -0.15
v -1.65 -0.15 -0.15
v -1.65 0.15 -0.15
v -1.65 0.25 -0.15
v -1.65 0.55 -0.15
v -1.65 0.65 -0.15
v -1.55 -0.65 -0.15
v -1.55 -0.55 -0.15
v -1.55 0.55 -0.15
v -1.55 0.65 -0.15
v -1.45 -1.05 -0.15
v -1.45 -0.95 -0.15
v -1.45 0.95 -0.15
v -1.45 1.05 -0.15
v -1.35 -1.05 -0.15
v -1.35 -0.95 -0.15
v -1.35 0.95 -0.15
v -1.35 1.05 -0.15
v -1.05 -1.45 -0.15
v -1.05 -1.35 -0.15
v -1.05 1.35 -0.15
v -1.05 1.45 -0.15
v -0.95 -1.45 -0.15
v -0.95 -1.35 -0.15
v -0.95 1.35 -0.15
v -0.95 1.45 -0.15
v -0.65 -1.65 -0.15
v -0.65 -1.55 -0.15
v -0.65 1.55 -0.15
v -0.65 1.65 -0.15
v -0.55 -1.65 -0.15
v -0.55 -1.55 -0.15
v -0.55 1.55 -0.15
v -0.55 1.65 -0.15
v -0.25 -1.75 -0.15
v -0.25 -1.65 -0.15
v -0.25 1.65 -0.15
v -0.25 1.75 -0.15
v -0.15 -1.75 -0.15
v -0.15 -1.65 -0.15
v -0.15 1.65 -0.15
v -0.15 1.75 -0.15
v 0.15 -1.75 -0.15
v 0.15 -1.65 -0.15
v 0.15 1.65 -0.15
v 0.15 1.75 -0.15
v 0.25 -1.75 -0.15
v 0.25 -1.65 -0.15
v 0.25 1.65 -0.15
v 0.25 1.75 -0.15
v 0.55 -1.65 -0.15
v 0.55 -1.55 -0.15
v 0.55 1.55 -0.15
v 0.55 1.65 -0.15
v 0.65 -1.65 -0.15
v 0.65 -1.55 -0.15
v 0.65 1.55 -0.15
v 0.65 1.65 -0.15
v 0.95 -1.45 -0.15
v 0.95 -1.35 -0.15
v 0.95 1.35 -0.15
v 0.95 1.45 -0.15
v 1.05 -1.45 -0.15
v 1.05 -1.35 -0.15
v 1.05 1.35 -0.15
v 1.05 1.45 -0.15
v 1.35 -1.05 -0.15
v 1.35 -0.95 -0.15
v 1.35 0.95 -0.15
v 1.35 1.05 -0.15
v 1.45 -1.05 -0.15
v 1.45 -0.95 -0.15
v 1.45 0.95 -0.15
v 1.45 1.05 -0.15
v 1.55 -0.65 -0.15
v 1.55 -0.55 -0.15
v 1.55 0.55 -0.15
v 1.55 0.65 -0.15
v 1.65 -0.65 -0.15
v 1.65 -0.55 -0.15
v 1.65 -0.25 -0.15
v 1.65 -0.15 -0.15
v 1.65 0.15 -0.15
v 1.65 0.25 -0.15
v 1.65 0.55 -0.15
v 1.65 0.65 -0.15
v 1.75 -0.25 -0.15
v 1.75 -0.15 -0.15
v 1.75 0.15 -0.15
v 1.75 0.25 -0.15
v -1.75 -0.35 -0.25
v -1.75 -0.25 -0.25
v -1.75 0.25 -0.25
v -1.75 0.35 -0.25
v -1.65 -0.35 -0.25
v -1.65 -0.25 -0.25
v -1.65 0.25 -0.25
v -1.65 0.35 -0.25
v -1.25 -0.85 -0.25
v -1.25 -0.75 -0.25
v -1.25 0.75 -0.25
v -1.25 0.85 -0.25
v -1.15 -0.85 -0.25
v -1.15 -0.75 -0.25
v -1.15 0.75 -0.25
v -1.15 0.85 -0.25
v -0.85 -1.25 -0.25
v -0.85 -1.15 -0.25
v -0.85 1.15 -0.25
v -0.85 1.25 -0.25
v -0.75 -1.25 -0.25
v -0.75 -1.15 -0.25
v -0.75 1.15 -0.25
v -0.75 1.25 -0.25
v -0.35 -1.75 -0.25
v -0.35 -1.65 -0.25
v -0.35 1.65 -0.25
v -0.35 1.75 -0.25
v -0.25 -1.75 -0.25
v -0.25 -1.65 -0.25
v -0.25 1.65 -0.25
v -0.25 1.75 -0.25
v 0.25 -1.75 -0.25
v 0.25 -1.65 -0.25
v 0.25 1.65 -0.25
v 0.25 1.75 -0.25
v 0.35 -1.75 -0.25
v 0.35 -1.65 -0.25
v 0.35 1.65 -0.25
v 0.35 1.75 -0.25
v 0.75 -1.25 -0.25
v 0.75 -1.15 -0.25
v 0.75 1.15 -0.25
v 0.75 1.25 -0.25
v 0.85 -1.25 -0.25
v 0.85 -1.15 -0.25
v 0.85 1.15 -0.25
v 0.85 1.25 -0.25
v 1.15 -0.85 -0.25
v 1.15 -0.75 -0.25
v 1.15 0.75 -0.25
v 1.15 0.85 -0.25
v 1.25 -0.85 -0.25
v 1.25 -0.75 -0.25
v 1.25 0.75 -0.25
v 1.25 0.85 -0.25
v 1.65 -0.35 -0.25
v 1.65 -0.25 -0.25
v 1.65 0.25 -0.25
v 1.65 0.35 -0.25
v 1.75 -0.35 -0.25
v 1.75 -0.25 -0.25
v 1.75 0.25 -0.25
v 1.75 0.35 -0.25
v -1.75 -0.45 -0.35
v -1.75 -0.35 -0.35
v -1.75 0.35 -0.35
v -1.75 0.45 -0.35
v -1.65 -0.75 -0.35
v -1.65 -0.65 -0.35
v -1.65 -0.45 -0.35
v -1.65 -0.35 -0.35
v -1.65 0.35 -0.35
v -1.65 0.45 -0.35
v -1.65 0.65 -0.35
v -1.65 0.75 -0.35
v -1.55 -0.75 -0.35
v -1.55 -0.65 -0.35
v -1.55 0.65 -0.35
v -1.55 0.75 -0.35
v -1.45 -0.35 -0.35
v -1.45 -0.25 -0.35
v -1.45 0.25 -0.35
v -1.45 0.35 -0.35
v -1.35 -0.65 -0.35
v -1.35 -0.55 -0.35
v -1.35 -0.35 -0.35
v -1.35 -0.25 -0.35
v -1.35 0.25 -0.35
v -1.35 0.35 -0.35
v -1.35 0.55 -0.35
v -1.35 0.65 -0.35
v -1.25 -0.65 -0.35
v -1.25 -0.55 -0.35
v -1.25 0.55 -0.35
v -1.25 0.65 -0.35
v -1.15 -0.95 -0.35
v -1.15 -0.85 -0.35
v -1.15 0.85 -0.35
v -1.15 0.95 -0.35
v -1.05 -0.95 -0.35
v -1.05 -0.85 -0.35
v -1.05 0.85 -0.35
v -1.05 0.95 -0.35
v -0.95 -1.15 -0.35
v -0.95 -1.05 -0.35
v -0.95 1.05 -0.35
v -0.95 1.15 -0.35
v -0.85 -1.15 -0.35
v -0.85 -1.05 -0.35
v -0.85 1.05 -0.35
v -0.85 1.15 -0.35
v -0.75 -1.65 -0.35
v -0.75 -1.55 -0.35
v -0.75 1.55 -0.35
v -0.75 1.65 -0.35
v -0.65 -1.65 -0.35
v -0.65 -1.55 -0.35
v -0.65 -1.35 -0.35
v -0.65 -1.25 -0.35
v -0.65 1.25 -0.35
v -0.65 1.35 -0.35
v -0.65 1.55 -0.35
v -0.65 1.65 -0.35
v -0.55 -1.35 -0.35
v -0.55 -1.25 -0.35
v -0.55 1.25 -0.35
v -0.55 1.35 -0.35
v -0.45 -1.75 -0.35
v -0.45 -1.65 -0.35
v -0.45 1.65 -0.35
v -0.45 1.75 -0.35
v -0.35 -1.75 -0.35
v -0.35 -1.65 -0.35
v -0.35 -1.45 -0.35
v -0.35 -1.35 -0.35
v -0.35 1.35 -0.35
v -0.35 1.45 -0.35
v -0.35 1.65 -0.35
v -0.35 1.75 -0.35
v -0.25 -1.45 -0.35
v -0.25 -1.35 -0.35
v -0.25 1.35 -0.35
v -0.25 1.45 -0.35
v 0.25 -1.45 -0.35
v 0.25 -1.35 -0.35
v 0.25 1.35 -0.35
v 0.25 1.45 -0.35
v 0.35 -1.75 -0.35
v 0.35 -1.65 -0.35
v 0.35 -1.45 -0.35
v 0.35 -1.35 -0.35
v 0.35 1.35 -0.35
v 0.35 1.45 -0.35
v 0.35 1.65 -0.35
v 0.35 1.75 -0.35
v 0.45 -1.75 -0.35
v 0.45 -1.65 -0.35
v 0.45 1.65 -0.35
v 0.45 1.75 -0.35
v 0.55 -1.35 -0.35
v 0.55 -1.25 -0.35
v 0.55 1.25 -0.35
v 0.55 1.35 -0.35
v 0.65 -1.65 -0.35
v 0.65 -1.55 -0.35
v 0.65 -1.35 -0.35
v 0.65 -1.25 -0.35
v 0.65 1.25 -0.35
v 0.65 1.35 -0.35
v 0.65 1.55 -0.35
v 0.65 1.65 -0.35
v 0.75 -1.65 -0.35
v 0.75 -1.55 -0.35
v 0.75 1.55 -0.35
v 0.75 1.65 -0.35
v 0.85 -1.15 -0.35
v 0.85 -1.05 -0.35
v 0.85 1.05 -0.35
v 0.85 1.15 -0.35
v 0.95 -1.15 -0.35
v 0.95 -1.05 -0.35
v 0.95 1.05 -0.35
v 0.95 1.15 -0.35
v 1.05 -0.95 -0.35
v 1.05 -0.85 -0.35
v 1.05 0.85 -0.35
v 1.05 0.95 -0.35
v 1.15 -0.95 -0.35
v 1.15 -0.85 -0.35
v 1.15 0.85 -0.35
v 1.15 0.95 -0.35
v 1.25 -0.65 -0.35
v 1.25 -0.55 -0.35
v 1.25 0.55 -0.35
v 1.25 0.65 -0.35
v 1.35 -0.65 -0.35
v 1.35 -0.55 -0.35
v 1.35 -0.35 -0.35
v 1.35 -0.25 -0.35
v 1.35 0.25 -0.35
v 1.35 0.35 -0.35
v 1.35 0.55 -0.35
v 1.35 0.65 -0.35
v 1.45 -0.35 -0.35
v 1.45 -0.25 -0.35
v 1.45 0.25 -0.35
v 1.45 0.35 -0.35
v 1.55 -0.75 -0.35
v 1.55 -0.65 -0.35
v 1.55 0.65 -0.35
v 1.55 0.75 -0.35
v 1.65 -0.75 -0.35
v 1.65 -0.65 -0.35
v 1.65 -0.45 -0.35
v 1.65 -0.35 -0.35
v 1.65 0.35 -0.35
v 1.65 0.45 -0.35
v 1.65 0.65 -0.35
v 1.65 0.75 -0.35
v 1.75 -0.45 -0.35
v 1.75 -0.35 -0.35
v 1.75 0.35 -0.35
v 1.75 0.45 -0.35
v -1.55 -0.95 -0.45
v -1.55 -0.85 -0.45
v -1.55 0.85 -0.45
v -1.55 0.95 -0.45
v -1.45 -0.95 -0.45
v -1.45 -0.85 -0.45
v -1.45 -0.25 -0.45
v -1.45 0.25 -0.45
v -1.45 0.85 -0.45
v -1.45 0.95 -0.45
v -1.35 -0.25 -0.45
v -1.35 0.25 -0.45
v -1.05 -1.05 -0.45
v -1.05 -0.95 -0.45
v -1.05 0.95 -0.45
v -1.05 1.05 -0.45
v -0.95 -1.55 -0.45
v -0.95 -1.45 -0.45
v -0.95 -1.05 -0.45
v -0.95 -0.95 -0.45
v -0.95 0.95 -0.45
v -0.95 1.05 -0.45
v -0.95 1.45 -0.45
v -0.95 1.55 -0.45
v -0.85 -1.55 -0.45
v -0.85 -1.45 -0.45
v -0.85 1.45 -0.45
v -0.85 1.55 -0.45
v -0.25 -1.45 -0.45
v -0.25 -1.35 -0.45
v -0.25 1.35 -0.45
v -0.25 1.45 -0.45
v 0.25 -1.45 -0.45
v 0.25 -1.35 -0.45
v 0.25 1.35 -0.45
v 0.25 1.45 -0.45
v 0.85 -1.55 -0.45
v 0.85 -1.45 -0.45
v 0.85 1.45 -0.45
v 0.85 1.55 -0.45
v 0.95 -1.55 -0.45
v 0.95 -1.45 -0.45
v 0.95 -1.05 -0.45
v 0.95 -0.95 -0.45
v 0.95 0.95 -0.45
v 0.95 1.05 -0.45
v 0.95 1.45 -0.45
v 0.95 1.55 -0.45
v 1.05 -1.05 -0.45
v 1.05 -0.95 -0.45
v 1.05 0.95 -0.45
v 1.05 1.05 -0.45
v 1.35 -0.25 -0.45
v 1.35 0.25 -0.45
v 1.45 -0.95 -0.45
v 1.45 -0.85 -0.45
v 1.45 -0.25 -0.45
v 1.45 0.25 -0.45
v 1.45 0.85 -0.45
v 1.45 0.95 -0.45
v 1.55 -0.95 -0.45
v 1.55 -0.85 -0.45
v 1.55 0.85 -0.45
v 1.55 0.95 -0.45
v -1.35 -0.55 -0.55
v -1.35 -0.45 -0.55
v -1.35 0.45 -0.55
v -1.35 0.55 -0.55
v -1.25 -0.75 -0.55
v -1.25 -0.65 -0.55
v -1.25 -0.55 -0.55
v -1.25 -0.45 -0.55
v -1.25 0.45 -0.55
v -1.25 0.55 -0.55
v -1.25 0.65 -0.55
v -1.25 0.75 -0.55
v -1.15 -0.75 -0.55
v -1.15 -0.65 -0.55
v -1.15 0.65 -0.55
v -1.15 0.75 -0.55
v -0.75 -1.25 -0.55
v -0.75 -1.15 -0.55
v -0.75 1.15 -0.55
v -0.75 1.25 -0.55
v -0.65 -1.25 -0.55
v -0.65 -1.15 -0.55
v -0.65 1.15 -0.55
v -0.65 1.25 -0.55
v -0.55 -1.35 -0.55
v -0.55 -1.25 -0.55
v -0.55 1.25 -0.55
v -0.55 1.35 -0.55
v -0.45 -1.35 -0.55
v -0.45 -1.25 -0.55
v -0.45 1.25 -0.55
v -0.45 1.35 -0.55
v 0.45 -1.35 -0.55
v 0.45 -1.25 -0.55
v 0.45 1.25 -0.55
v 0.45 1.35 -0.55
v 0.55 -1.35 -0.55
v 0.55 -1.25 -0.55
v 0.55 1.25 -0.55
v 0.55 1.35 -0.55
v 0.65 -1.25 -0.55
v 0.65 -1.15 -0.55
v 0.65 1.15 -0.55
v 0.65 1.25 -0.55
v 0.75 -1.25 -0.55
v 0.75 -1.15 -0.55
v 0.75 1.15 -0.55
v 0.75 1.25 -0.55
v 1.15 -0.75 -0.55
v 1.15 -0.65 -0.55
v 1.15 0.65 -0.55
v 1.15 0.75 -0.55
v 1.25 -0.75 -0.55
v 1.25 -0.65 -0.55
v 1.25 -0.55 -0.55
v 1.25 -0.45 -0.55
v 1.25 0.45 -0.55
v 1.25 0.55 -0.55
v 1.25 0.65 -0.55
v 1.25 0.75 -0.55
v 1.35 -0.55 -0.55
v 1.35 -0.45 -0.55
v 1.35 0.45 -0.55
v 1.35 0.55 -0.55
v -1.35 -0.45 -0.65
v -1.35 -0.25 -0.65
v -1.35 0.25 -0.65
v -1.35 0.45 -0.65
v -1.25 -0.65 -0.65
v -1.25 -0.55 -0.65
v -1.25 -0.45 -0.65
v -1.25 -0.25 -0.65
v -1.25 0.25 -0.65
v -1.25 0.45 -0.65
v -1.25 0.55 -0.65
v -1.25 0.65 -0.65
v -1.15 -0.85 -0.65
v -1.15 -0.75 -0.65
v -1.15 -0.65 -0.65
v -1.15 -0.55 -0.65
v -1.15 0.55 -0.65
v -1.15 0.65 -0.65
v -1.15 0.75 -0.65
v -1.15 0.85 -0.65
v -1.05 -0.95 -0.65
v -1.05 -0.85 -0.65
v -1.05 -0.75 -0.65
v -1.05 0.75 -0.65
v -1.05 0.85 -0.65
v -1.05 0.95 -0.65
v -0.95 -1.05 -0.65
v -0.95 -0.95 -0.65
v -0.95 -0.85 -0.65
v -0.95 0.85 -0.65
v -0.95 0.95 -0.65
v -0.95 1.05 -0.65
v -0.85 -1.15 -0.65
v -0.85 -1.05 -0.65
v -0.85 -0.95 -0.65
v -0.85 0.95 -0.65
v -0.85 1.05 -0.65
v -0.85 1.15 -0.65
v -0.75 -1.15 -0.65
v -0.75 -1.05 -0.65
v -0.75 1.05 -0.65
v -0.75 1.15 -0.65
v -0.65 -1.25 -0.65
v -0.65 -1.15 -0.65
v -0.65 1.15 -0.65
v -0.65 1.25 -0.65
v -0.55 -1.25 -0.65
v -0.55 -1.15 -0.65
v -0.55 1.15 -0.65
v -0.55 1.25 -0.65
v -0.45 -1.35 -0.65
v -0.45 -1.25 -0.65
v -0.45 1.25 -0.65
v -0.45 1.35 -0.65
v -0.25 -1.35 -0.65
v -0.25 -1.25 -0.65
v -0.25 1.25 -0.65
v -0.25 1.35 -0.65
v 0.25 -1.35 -0.65
v 0.25 -1.25 -0.65
v 0.25 1.25 -0.65
v 0.25 1.35 -0.65
v 0.45 -1.35 -0.65
v 0.45 -1.25 -0.65
v 0.45 1.25 -0.65
v 0.45 1.35 -0.65
v 0.55 -1.25 -0.65
v 0.55 -1.15 -0.65
v 0.55 1.15 -0.65
v 0.55 1.25 -0.65
v 0.65 -1.25 -0.65
v 0.65 -1.15 -0.65
v 0.65 1.15 -0.65
v 0.65 1.25 -0.65
v 0.75 -1.15 -0.65
v 0.75 -1.05 -0.65
v 0.75 1.05 -0.65
v 0.75 1.15 -0.65
v 0.85 -1.15 -0.65
v 0.85 -1.05 -0.65
v 0.85 -0.95 -0.65
v 0.85 0.95 -0.65
v 0.85 1.05 -0.65
v 0.85 1.15 -0.65
v 0.95 -1.05 -0.65
v 0.95 -0.95 -0.65
v 0.95 -0.85 -0.65
v 0.95 0.85 -0.65
v 0.95 0.95 -0.65
v 0.95 1.05 -0.65
v 1.05 -0.95 -0.65
v 1.05 -0.85 -0.65
v 1.05 -0.75 -0.65
v 1.05 0.75 -0.65
v 1.05 0.85 -0.65
v 1.05 0.95 -0.65
v 1.15 -0.85 -0.65
v 1.15 -0.75 -0.65
v 1.15 -0.65 -0.65
v 1.15 -0.55 -0.65
v 1.15 0.55 -0.65
v 1.15 0.65 -0.65
v 1.15 0.75 -0.65
v 1.15 0.85 -0.65
v 1.25 -0.65 -0.65
v 1.25 -0.55 -0.65
v 1.25 -0.45 -0.65
v 1.25 -0.25 -0.65
v 1.25 0.25 -0.65
v 1.25 0.45 -0.65
v 1.25 0.55 -0.65
v 1.25 0.65 -0.65
v 1.35 -0.45 -0.65
v 1.35 -0.25 -0.65
v 1.35 0.25 -0.65
v 1.35 0.45 -0.65
v -1.35 -0.25 -0.75
v -1.35 0.25 -0.75
v -1.25 -0.55 -0.75
v -1.25 -0.45 -0.75
v -1.25 -0.25 -0.75
v -1.25 0.25 -0.75
v -1.25 0.45 -0.75
v -1.25 0.55 -0.75
v -1.15 -0.75 -0.75
v -1.15 -0.65 -0.75
v -1.15 -0.55 -0.75
v -1.15 -0.45 -0.75
v -1.15 0.45 -0.75
v -1.15 0.55 -0.75
v -1.15 0.65 -0.75
v -1.15 0.75 -0.75
v -1.05 -0.85 -0.75
v -1.05 -0.75 -0.75
v -1.05 -0.65 -0.75
v -1.05 0.65 -0.75
v -1.05 0.75 -0.75
v -1.05 0.85 -0.75
v -0.95 -0.95 -0.75
v -0.95 -0.85 -0.75
v -0.95 -0.75 -0.75
v -0.95 0.75 -0.75
v -0.95 0.85 -0.75
v -0.95 0.95 -0.75
v -0.85 -1.05 -0.75
v -0.85 -0.95 -0.75
v -0.85 -0.85 -0.75
v -0.85 0.85 -0.75
v -0.85 0.95 -0.75
v -0.85 1.05 -0.75
v -0.75 -1.15 -0.75
v -0.75 -1.05 -0.75
v -0.75 -0.95 -0.75
v -0.75 0.95 -0.75
v -0.75 1.05 -0.75
v -0.75 1.15 -0.75
v -0.65 -1.15 -0.75
v -0.65 -1.05 -0.75
v -0.65 1.05 -0.75
v -0.65 1.15 -0.75
v -0.55 -1.25 -0.75
v -0.55 -1.15 -0.75
v -0.55 1.15 -0.75
v -0.55 1.25 -0.75
v -0.45 -1.25 -0.75
v -0.45 -1.15 -0.75
v -0.45 1.15 -0.75
v -0.45 1.25 -0.75
v -0.25 -1.35 -0.75
v -0.25 -1.25 -0.75
v -0.25 1.25 -0.75
v -0.25 1.35 -0.75
v 0.25 -1.35 -0.75
v 0.25 -1.25 -0.75
v 0.25 1.25 -0.75
v 0.25 1.35 -0.75
v 0.45 -1.25 -0.75
v 0.45 -1.15 -0.75
v 0.45 1.15 -0.75
v 0.45 1.25 -0.75
v 0.55 -1.25 -0.75
v 0.55 -1.15 -0.75
v 0.55 1.15 -0.75
v 0.55 1.25 -0.75
v 0.65 -1.15 -0.75
v 0.65 -1.05 -0.75
v 0.65 1.05 -0.75
v 0.65 1.15 -0.75
v 0.75 -1.15 -0.75
v 0.75 -1.05 -0.75
v 0.75 -0.95 -0.75
v 0.75 0.95 -0.75
v 0.75 1.05 -0.75
v 0.75 1.15 -0.75
v 0.85 -1.05 -0.75
v 0.85 -0.95 -0.75
v 0.85 -0.85 -0.75
v 0.85 0.85 -0.75
v 0.85 0.95 -0.75
v 0.85 1.05 -0.75
v 0.95 -0.95 -0.75
v 0.95 -0.85 -0.75
v 0.95 -0.75 -0.75
v 0.95 0.75 -0.75
v 0.95 0.85 -0.75
v 0.95 0.95 -0.75
v 1.05 -0.85 -0.75
v 1.05 -0.75 -0.75
v 1.05 -0.65 -0.75
v 1.05 0.65 -0.75
v 1.05 0.75 -0.75
v 1.05 0.85 -0.75
v 1.15 -0.75 -0.75
v 1.15 -0.65 -0.75
v 1.15 -0.55 -0.75
v 1.15 -0.45 -0.75
v 1.15 0.45 -0.75
v 1.15 0.55 -0.75
v 1.15 0.65 -0.75
v 1.15 0.75 -0.75
v 1.25 -0.55 -0.75
v 1.25 -0.45 -0.75
v 1.25 -0.25 -0.75
v 1.25 0.25 -0.75
v 1.25 0.45 -0.75
v 1.25 0.55 -0.75
v 1.35 -0.25 -0.75
v 1.35 0.25 -0.75
v -1.55 -0.45 -1.45
v -1.55 -0.35 -1.45
v -1.55 0.35 -1.45
v -1.55 0.45 -1.45
v -1.45 -0.45 -1.45
v -1.45 -0.35 -1.45
v -1.45 0.35 -1.45
v -1.45 0.45 -1.45
v -1.35 -0.85 -1.45
v -1.35 -0.75 -1.45
v -1.35 0.75 -1.45
v -1.35 0.85 -1.45
v -1.25 -0.85 -1.45
v -1.25 -0.75 -1.45
v -1.25 0.75 -1.45
v -1.25 0.85 -1.45
v -1.15 -1.15 -1.45
v -1.15 -1.05 -1.45
v -1.15 1.05 -1.45
v -1.15 1.15 -1.45
v -1.05 -1.15 -1.45
v -1.05 -1.05 -1.45
v -1.05 1.05 -1.45
v -1.05 1.15 -1.45
v -0.85 -1.35 -1.45
v -0.85 -1.25 -1.45
v -0.85 1.25 -1.45
v -0.85 1.35 -1.45
v -0.75 -1.35 -1.45
v -0.75 -1.25 -1.45
v -0.75 1.25 -1.45
v -0.75 1.35 -1.45
v -0.45 -1.55 -1.45
v -0.45 -1.45 -1.45
v -0.35 -1.55 -1.45
v -0.35 -1.45 -1.45
v 0.35 -1.55 -1.45
v 0.35 -1.45 -1.45
v 0.45 -1.55 -1.45
v 0.45 -1.45 -1.45
v 0.75 -1.35 -1.45
v 0.75 -1.25 -1.45
v 0.85 -1.35 -1.45
v 0.85 -1.25 -1.45
v 1.05 -1.15 -1.45
v 1.05 -1.05 -1.45
v 1.15 -1.15 -1.45
v 1.15 -1.05 -1.45
v 1.25 -0.85 -1.45
v 1.25 -0.75 -1.45
v 1.35 -0.85 -1.45
v 1.35 -0.75 -1.45
v -1.65 -0.15 -1.55
v -1.65 0.15 -1.55
v -1.55 -0.55 -1.55
v -1.55 -0.45 -1.55
v -1.55 -0.15 -1.55
v -1.55 0.15 -1.55
v -1.55 0.45 -1.55
v -1.55 0.55 -1.55
v -1.45 -0.75 -1.55
v -1.45 -0.65 -1.55
v -1.45 -0.55 -1.55
v -1.45 -0.45 -1.55
v -1.45 0.45 -1.55
v -1.45 0.55 -1.55
v -1.45 0.65 -1.55
v -1.45 0.75 -1.55
v -1.35 -0.95 -1.55
v -1.35 -0.85 -1.55
v -1.35 -0.75 -1.55
v -1.35 -0.65 -1.55
v -1.35 0.65 -1.55
v -1.35 0.75 -1.55
v -1.35 0.85 -1.55
v -1.35 0.95 -1.55
v -1.25 -1.05 -1.55
v -1.25 -0.95 -1.55
v -1.25 -0.85 -1.55
v -1.25 0.85 -1.55
v -1.25 0.95 -1.55
v -1.25 1.05 -1.55
v -1.15 -1.05 -1.55
v -1.15 -0.95 -1.55
v -1.15 0.95 -1.55
v -1.15 1.05 -1.55
v -1.05 -1.25 -1.55
v -1.05 -1.15 -1.55
v -1.05 1.15 -1.55
v -1.05 1.25 -1.55
v -0.95 -1.35 -1.55
v -0.95 -1.25 -1.55
v -0.95 -1.15 -1.55
v -0.95 1.15 -1.55
v -0.95 1.25 -1.55
v -0.95 1.35 -1.55
v -0.85 -1.35 -1.55
v -0.85 -1.25 -1.55
v -0.85 1.25 -1.55
v -0.85 1.35 -1.55
v -0.75 -1.45 -1.55
v -0.75 -1.35 -1.55
v -0.65 -1.45 -1.55
v -0.65 -1.35 -1.55
v -0.55 -1.55 -1.55
v -0.55 -1.45 -1.55
v -0.45 -1.55 -1.55
v -0.45 -1.45 -1.55
v -0.15 -1.65 -1.55
v -0.15 -1.55 -1.55
v 0.15 -1.65 -1.55
v 0.15 -1.55 -1.55
v 0.45 -1.55 -1.55
v 0.45 -1.45 -1.55
v 0.55 -1.55 -1.55
v 0.55 -1.45 -1.55
v 0.65 -1.45 -1.55
v 0.65 -1.35 -1.55
v 0.75 -1.45 -1.55
v 0.75 -1.35 -1.55
v 0.85 -1.35 -1.55
v 0.85 -1.25 -1.55
v 0.95 -1.35 -1.55
v 0.95 -1.25 -1.55
v 0.95 -1.15 -1.55
v 1.05 -1.25 -1.55
v 1.05 -1.15 -1.55
v 1.15 -1.05 -1.55
v 1.15 -0.95 -1.55
v 1.25 -1.05 -1.55
v 1.25 -0.95 -1.55
v 1.25 -0.85 -1.55
v 1.35 -0.95 -1.55
v 1.35 -0.85 -1.55
v 1.35 -0.75 -1.55
v 1.35 -0.65 -1.55
v 1.45 -0.75 -1.55
v 1.45 -0.65 -1.55
v -1.65 -0.35 -1.65
v -1.65 -0.15 -1.65
v -1.65 0.15 -1.65
v -1.65 0.35 -1.65
v -1.55 -0.65 -1.65
v -1.55 -0.55 -1.65
v -1.55 -0.35 -1.65
v -1.55 -0.15 -1.65
v -1.55 0.15 -1.65
v -1.55 0.35 -1.65
v -1.55 0.55 -1.65
v -1.55 0.65 -1.65
v -1.45 -0.85 -1.65
v -1.45 -0.75 -1.65
v -1.45 -0.65 -1.65
v -1.45 -0.55 -1.65
v -1.45 0.55 -1.65
v -1.45 0.65 -1.65
v -1.45 0.75 -1.65
v -1.45 0.85 -1.65
v -1.35 -1.05 -1.65
v -1.35 -0.95 -1.65
v -1.35 -0.85 -1.65
v -1.35 -0.75 -1.65
v -1.35 0.75 -1.65
v -1.35 0.85 -1.65
v -1.35 0.95 -1.65
v -1.35 1.05 -1.65
v -1.25 -1.15 -1.65
v -1.25 -1.05 -1.65
v -1.25 -0.95 -1.65
v -1.25 0.95 -1.65
v -1.25 1.05 -1.65
v -1.25 1.15 -1.65
v -1.15 -1.25 -1.65
v -1.15 -1.15 -1.65
v -1.15 -1.05 -1.65
v -1.15 1.05 -1.65
v -1.15 1.15 -1.65
v -1.15 1.25 -1.65
v -1.05 -1.35 -1.65
v -1.05 -1.25 -1.65
v -1.05 -1.15 -1.65
v -1.05 1.15 -1.65
v -1.05 1.25 -1.65
v -1.05 1.35 -1.65
v -0.95 -1.35 -1.65
v -0.95 -1.25 -1.65
v -0.95 1.25 -1.65
v -0.95 1.35 -1.65
v -0.85 -1.45 -1.65
v -0.85 -1.35 -1.65
v -0.75 -1.45 -1.65
v -0.75 -1.35 -1.65
v -0.65 -1.55 -1.65
v -0.65 -1.45 -1.65
v -0.55 -1.55 -1.65
v -0.55 -1.45 -1.65
v -0.35 -1.65 -1.65
v -0.35 -1.55 -1.65
v -0.15 -1.65 -1.65
v -0.15 -1.55 -1.65
v 0.15 -1.65 -1.65
v 0.15 -1.55 -1.65
v 0.35 -1.65 -1.65
v 0.35 -1.55 -1.65
v 0.55 -1.55 -1.65
v 0.55 -1.45 -1.65
v 0.65 -1.55 -1.65
v 0.65 -1.45 -1.65
v 0.75 -1.45 -1.65
v 0.75 -1.35 -1.65
v 0.85 -1.45 -1.65
v 0.85 -1.35 -1.65
v 0.95 -1.35 -1.65
v 0.95 -1.25 -1.65
v 1.05 -1.35 -1.65
v 1.05 -1.25 -1.65
v 1.05 -1.15 -1.65
v 1.15 -1.25 -1.65
v 1.15 -1.15 -1.65
v 1.15 -1.05 -1.65
v 1.25 -1.15 -1.65
v 1.25 -1.05 -1.65
v 1.25 -0.95 -1.65
v 1.35 -1.05 -1.65
v 1.35 -0.95 -1.65
v 1.35 -0.85 -1.65
v 1.35 -0.75 -1.65
v 1.45 -0.85 -1.65
v 1.45 -0.75 -1.65
v -1.65 -0.55 -1.75
v -1.65 -0.35 -1.75
v -1.65 0.35 -1.75
v -1.65 0.55 -1.75
v -1.55 -0.75 -1.75
v -1.55 -0.65 -1.75
v -1.55 -0.55 -1.75
v -1.55 -0.35 -1.75
v -1.55 0.35 -1.75
v -1.55 0.55 -1.75
v -1.55 0.65 -1.75
v -1.55 0.75 -1.75
v -1.45 -0.95 -1.75
v -1.45 -0.85 -1.75
v -1.45 -0.75 -1.75
v -1.45 -0.65 -1.75
v -1.45 0.65 -1.75
v -1.45 0.75 -1.75
v -1.45 0.85 -1.75
v -1.45 0.95 -1.75
v -1.35 -0.95 -1.75
v -1.35 -0.85 -1.75
v -1.35 0.85 -1.75
v -1.35 0.95 -1.75
v -1.25 -0.85 -1.75
v -1.25 -0.75 -1.75
v -1.25 0.75 -1.75
v -1.25 0.85 -1.75
v -1.15 -0.85 -1.75
v -1.15 -0.75 -1.75
v -1.15 0.75 -1.75
v -1.15 0.85 -1.75
v -0.95 -1.45 -1.75
v -0.95 -1.35 -1.75
v -0.85 -1.45 -1.75
v -0.85 -1.35 -1.75
v -0.85 -1.25 -1.75
v -0.85 -1.15 -1.75
v -0.75 -1.55 -1.75
v -0.75 -1.45 -1.75
v -0.75 -1.25 -1.75
v -0.75 -1.15 -1.75
v -0.65 -1.55 -1.75
v -0.65 -1.45 -1.75
v -0.55 -1.65 -1.75
v -0.55 -1.55 -1.75
v -0.35 -1.65 -1.75
v -0.35 -1.55 -1.75
v 0.35 -1.65 -1.75
v 0.35 -1.55 -1.75
v 0.55 -1.65 -1.75
v 0.55 -1.55 -1.75
v 0.65 -1.55 -1.75
v 0.65 -1.45 -1.75
v 0.75 -1.55 -1.75
v 0.75 -1.45 -1.75
v 0.75 -1.25 -1.75
v 0.75 -1.15 -1.75
v 0.85 -1.45 -1.75
v 0.85 -1.35 -1.75
v 0.85 -1.25 -1.75
v 0.85 -1.15 -1.75
v 0.95 -1.45 -1.75
v 0.95 -1.35 -1.75
v 1.15 -0.85 -1.75
v 1.15 -0.75 -1.75
v 1.25 -0.85 -1.75
v 1.25 -0.75 -1.75
v 1.35 -0.95 -1.75
v 1.35 -0.85 -1.75
v 1.45 -0.95 -1.75
v 1.45 -0.85 -1.75
v -1.75 -0.15 -1.85
v -1.75 0.15 -1.85
v -1.65 -0.15 -1.85
v -1.65 0.15 -1.85
v -1.55 -0.85 -1.85
v -1.55 -0.75 -1.85
v -1.55 0.75 -1.85
v -1.55 0.85 -1.85
v -1.45 -0.85 -1.85
v -1.45 -0.75 -1.85
v -1.45 -0.35 -1.85
v -1.45 -0.25 -1.85
v -1.45 0.25 -1.85
v -1.45 0.35 -1.85
v -1.45 0.75 -1.85
v -1.45 0.85 -1.85
v -1.35 -1.15 -1.85
v -1.35 -1.05 -1.85
v -1.35 -0.65 -1.85
v -1.35 -0.55 -1.85
v -1.35 -0.35 -1.85
v -1.35 -0.25 -1.85
v -1.35 0.25 -1.85
v -1.35 0.35 -1.85
v -1.35 0.55 -1.85
v -1.35 0.65 -1.85
v -1.35 1.05 -1.85
v -1.35 1.15 -1.85
v -1.25 -1.25 -1.85
v -1.25 -1.15 -1.85
v -1.25 -1.05 -1.85
v -1.25 -0.65 -1.85
v -1.25 -0.55 -1.85
v -1.25 0.55 -1.85
v -1.25 0.65 -1.85
v -1.25 1.05 -1.85
v -1.25 1.15 -1.85
v -1.25 1.25 -1.85
v -1.15 -1.35 -1.85
v -1.15 -1.25 -1.85
v -1.15 -1.15 -1.85
v -1.15 -0.95 -1.85
v -1.15 -0.85 -1.85
v -1.15 0.85 -1.85
v -1.15 0.95 -1.85
v -1.15 1.15 -1.85
v -1.15 1.25 -1.85
v -1.15 1.35 -1.85
v -1.05 -1.35 -1.85
v -1.05 -1.25 -1.85
v -1.05 -0.95 -1.85
v -1.05 -0.85 -1.85
v -1.05 0.85 -1.85
v -1.05 0.95 -1.85
v -1.05 1.25 -1.85
v -1.05 1.35 -1.85
v -0.95 -1.15 -1.85
v -0.95 -1.05 -1.85
v -0.85 -1.55 -1.85
v -0.85 -1.45 -1.85
v -0.85 -1.15 -1.85
v -0.85 -1.05 -1.85
v -0.75 -1.55 -1.85
v -0.75 -1.45 -1.85
v -0.65 -1.35 -1.85
v -0.65 -1.25 -1.85
v -0.55 -1.35 -1.85
v -0.55 -1.25 -1.85
v -0.35 -1.45 -1.85
v -0.35 -1.35 -1.85
v -0.25 -1.45 -1.85
v -0.25 -1.35 -1.85
v -0.15 -1.75 -1.85
v -0.15 -1.65 -1.85
v 0.15 -1.75 -1.85
v 0.15 -1.65 -1.85
v 0.25 -1.45 -1.85
v 0.25 -1.35 -1.85
v 0.35 -1.45 -1.85
v 0.35 -1.35 -1.85
v 0.55 -1.35 -1.85
v 0.55 -1.25 -1.85
v 0.65 -1.35 -1.85
v 0.65 -1.25 -1.85
v 0.75 -1.55 -1.85
v 0.75 -1.45 -1.85
v 0.85 -1.55 -1.85
v 0.85 -1.45 -1.85
v 0.85 -1.15 -1.85
v 0.85 -1.05 -1.85
v 0.95 -1.15 -1.85
v 0.95 -1.05 -1.85
v 1.05 -1.35 -1.85
v 1.05 -1.25 -1.85
v 1.05 -0.95 -1.85
v 1.05 -0.85 -1.85
v 1.15 -1.35 -1.85
v 1.15 -1.25 -1.85
v 1.15 -1.15 -1.85
v 1.15 -0.95 -1.85
v 1.15 -0.85 -1.85
v 1.25 -1.25 -1.85
v 1.25 -1.15 -1.85
v 1.25 -1.05 -1.85
v 1.35 -1.15 -1.85
v 1.35 -1.05 -1.85
v -1.75 -0.25 -1.95
v -1.75 -0.15 -1.95
v -1.75 0.15 -1.95
v -1.75 0.25 -1.95
v -1.65 -0.65 -1.95
v -1.65 -0.55 -1.95
v -1.65 -0.25 -1.95
v -1.65 -0.15 -1.95
v -1.65 0.15 -1.95
v -1.65 0.25 -1.95
v -1.65 0.55 -1.95
v -1.65 0.65 -1.95
v -1.55 -0.65 -1.95
v -1.55 -0.55 -1.95
v -1.55 0.55 -1.95
v -1.55 0.65 -1.95
v -1.45 -1.05 -1.95
v -1.45 -0.95 -1.95
v -1.45 -0.25 -1.95
v -1.45 0.25 -1.95
v -1.45 0.95 -1.95
v -1.45 1.05 -1.95
v -1.35 -1.05 -1.95
v -1.35 -0.95 -1.95
v -1.35 -0.25 -1.95
v -1.35 0.25 -1.95
v -1.35 0.95 -1.95
v -1.35 1.05 -1.95
v -1.05 -1.45 -1.95
v -1.05 -1.35 -1.95
v -1.05 -1.05 -1.95
v -1.05 -0.95 -1.95
v -0.95 -1.45 -1.95
v -0.95 -1.35 -1.95
v -0.95 -1.05 -1.95
v -0.95 -0.95 -1.95
v -0.65 -1.65 -1.95
v -0.65 -1.55 -1.95
v -0.55 -1.65 -1.95
v -0.55 -1.55 -1.95
v -0.25 -1.75 -1.95
v -0.25 -1.65 -1.95
v -0.25 -1.45 -1.95
v -0.25 -1.35 -1.95
v -0.15 -1.75 -1.95
v -0.15 -1.65 -1.95
v 0.15 -1.75 -1.95
v 0.15 -1.65 -1.95
v 0.25 -1.75 -1.95
v 0.25 -1.65 -1.95
v 0.25 -1.45 -1.95
v 0.25 -1.35 -1.95
v 0.55 -1.65 -1.95
v 0.55 -1.55 -1.95
v 0.65 -1.65 -1.95
v 0.65 -1.55 -1.95
v 0.95 -1.45 -1.95
v 0.95 -1.35 -1.95
v 0.95 -1.05 -1.95
v 0.95 -0.95 -1.95
v 1.05 -1.45 -1.95
v 1.05 -1.35 -1.95
v 1.05 -1.05 -1.95
v 1.05 -0.95 -1.95
v 1.35 -1.05 -1.95
v 1.35 -0.95 -1.95
v 1.45 -1.05 -1.95
v 1.45 -0.95 -1.95
v -1.75 -0.35 -2.05
v -1.75 -0.25 -2.05
v -1.75 0.25 -2.05
v -1.75 0.35 -2.05
v -1.65 -0.35 -2.05
v -1.65 -0.25 -2.05
v -1.65 0.25 -2.05
v -1.65 0.35 -2.05
v -1.35 -0.55 -2.05
v -1.35 -0.45 -2.05
v -1.35 0.45 -2.05
v -1.35 0.55 -2.05
v -1.25 -0.75 -2.05
v -1.25 -0.65 -2.05
v -1.25 -0.55 -2.05
v -1.25 -0.45 -2.05
v -1.25 0.45 -2.05
v -1.25 0.55 -2.05
v -1.15 -0.75 -2.05
v -1.15 -0.65 -2.05
v -0.75 -1.25 -2.05
v -0.75 -1.15 -2.05
v -0.65 -1.25 -2.05
v -0.65 -1.15 -2.05
v -0.55 -1.35 -2.05
v -0.55 -1.25 -2.05
v -0.45 -1.35 -2.05
v -0.45 -1.25 -2.05
v -0.35 -1.75 -2.05
v -0.35 -1.65 -2.05
v -0.25 -1.75 -2.05
v -0.25 -1.65 -2.05
v 0.25 -1.75 -2.05
v 0.25 -1.65 -2.05
v 0.35 -1.75 -2.05
v 0.35 -1.65 -2.05
v 0.45 -1.35 -2.05
v 0.45 -1.25 -2.05
v 0.55 -1.35 -2.05
v 0.55 -1.25 -2.05
v -1.75 -0.45 -2.15
v -1.75 -0.35 -2.15
v -1.75 0.35 -2.15
v -1.75 0.45 -2.15
v -1.65 -0.75 -2.15
v -1.65 -0.65 -2.15
v -1.65 -0.45 -2.15
v -1.65 -0.35 -2.15
v -1.65 0.35 -2.15
v -1.65 0.45 -2.15
v -1.65 0.65 -2.15
v -1.65 0.75 -2.15
v -1.55 -0.75 -2.15
v -1.55 -0.65 -2.15
v -1.55 0.65 -2.15
v -1.55 0.75 -2.15
v -1.35 -0.45 -2.15
v -1.35 -0.25 -2.15
v -1.35 0.25 -2.15
v -1.35 0.45 -2.15
v -1.25 -0.65 -2.15
v -1.25 -0.55 -2.15
v -1.25 -0.45 -2.15
v -1.25 -0.25 -2.15
v -1.25 0.25 -2.15
v -1.25 0.45 -2.15
v -1.15 -0.85 -2.15
v -1.15 -0.75 -2.15
v -1.15 -0.65 -2.15
v -1.15 -0.55 -2.15
v -1.05 -0.95 -2.15
v -1.05 -0.85 -2.15
v -1.05 -0.75 -2.15
v -0.95 -1.05 -2.15
v -0.95 -0.95 -2.15
v -0.95 -0.85 -2.15
v -0.85 -1.15 -2.15
v -0.85 -1.05 -2.15
v -0.85 -0.95 -2.15
v -0.75 -1.65 -2.15
v -0.75 -1.55 -2.15
v -0.75 -1.15 -2.15
v -0.75 -1.05 -2.15
v -0.65 -1.65 -2.15
v -0.65 -1.55 -2.15
v -0.65 -1.25 -2.15
v -0.65 -1.15 -2.15
v -0.55 -1.25 -2.15
v -0.55 -1.15 -2.15
v -0.45 -1.75 -2.15
v -0.45 -1.65 -2.15
v -0.45 -1.35 -2.15
v -0.45 -1.25 -2.15
v -0.35 -1.75 -2.15
v -0.35 -1.65 -2.15
v -0.25 -1.35 -2.15
v -0.25 -1.25 -2.15
v 0.25 -1.35 -2.15
v 0.25 -1.25 -2.15
v 0.35 -1.75 -2.15
v 0.35 -1.65 -2.15
v 0.45 -1.75 -2.15
v 0.45 -1.65 -2.15
v 0.45 -1.35 -2.15
v 0.45 -1.25 -2.15
v 0.65 -1.65 -2.15
v 0.65 -1.55 -2.15
v 0.75 -1.65 -2.15
v 0.75 -1.55 -2.15
v -1.55 -0.95 -2.25
v -1.55 -0.85 -2.25
v -1.45 -0.95 -2.25
v -1.45 -0.85 -2.25
v -1.35 -0.25 -2.25
v -1.35 0.25 -2.25
v -1.25 -0.55 -2.25
v -1.25 -0.45 -2.25
v -1.25 -0.25 -2.25
v -1.25 0.25 -2.25
v -1.15 -0.75 -2.25
v -1.15 -0.65 -2.25
v -1.15 -0.55 -2.25
v -1.15 -0.45 -2.25
v -1.05 -0.85 -2.25
v -1.05 -0.75 -2.25
v -1.05 -0.65 -2.25
v -0.95 -1.55 -2.25
v -0.95 -1.45 -2.25
v -0.95 -0.95 -2.25
v -0.95 -0.85 -2.25
v -0.95 -0.75 -2.25
v -0.85 -1.55 -2.25
v -0.85 -1.45 -2.25
v -0.85 -1.05 -2.25
v -0.85 -0.95 -2.25
v -0.85 -0.85 -2.25
v -0.75 -1.15 -2.25
v -0.75 -1.05 -2.25
v -0.75 -0.95 -2.25
v -0.65 -1.15 -2.25
v -0.65 -1.05 -2.25
v -0.55 -1.25 -2.25
v -0.55 -1.15 -2.25
v -0.45 -1.25 -2.25
v -0.45 -1.15 -2.25
v -0.25 -1.35 -2.25
v -0.25 -1.25 -2.25
v 0.25 -1.35 -2.25
v 0.25 -1.25 -2.25
v -1.25 -0.45 -2.35
v -1.25 -0.15 -2.35
v -1.25 0.15 -2.35
v -1.25 0.25 -2.35
v -1.15 -0.65 -2.35
v -1.15 -0.55 -2.35
v -1.15 -0.45 -2.35
v -1.15 -0.15 -2.35
v -1.15 0.15 -2.35
v -1.15 0.25 -2.35
v -1.05 -0.75 -2.35
v -1.05 -0.65 -2.35
v -1.05 -0.55 -2.35
v -0.95 -0.75 -2.35
v -0.95 -0.65 -2.35
v -0.45 -1.25 -2.35
v -0.45 -1.15 -2.35
v -0.15 -1.25 -2.35
v -0.15 -1.15 -2.35
v -1.25 -0.15 -2.45
v -1.25 0.05 -2.45
v -1.15 -0.45 -2.45
v -1.15 -0.25 -2.45
v -1.15 -0.15 -2.45
v -1.15 0.05 -2.45
v -1.05 -0.45 -2.45
v -1.05 -0.25 -2.45
v -0.15 -1.25 -2.45
v -0.15 -1.15 -2.45
v -0.05 -1.25 -2.45
v -0.05 -1.15 -2.45
v -1.15 -0.25 -2.55
v -1.15 -0.05 -2.55
v -1.05 -0.25 -2.55
v -1.05 -0.05 -2.55
v -1.65 0.45 3.05
v -1.65 0.55 3.05
v -1.55 -0.95 3.05
v -1.55 -0.85 3.05
v -1.55 0.35 3.05
v -1.55 0.45 3.05
v -1.55 0.55 3.05
v -1.45 -0.95 3.05
v -1.45 -0.85 3.05
v -1.45 0.35 3.05
v -1.45 0.45 3.05
v -0.95 -1.55 3.05
v -0.95 -1.45 3.05
v -0.85 -1.55 3.05
v -0.85 -1.45 3.05
v 0.85 -1.55 3.05
v 0.85 -1.45 3.05
v 0.95 -1.55 3.05
v 0.95 -1.45 3.05
v 1.05 -1.35 3.05
v 1.05 -1.25 3.05
v 1.15 -1.35 3.05
v 1.15 -1.25 3.05
v -1.75 -0.45 2.95
v -1.75 -0.35 2.95
v -1.75 0.35 2.95
v -1.75 0.45 2.95
v -1.65 -0.75 2.95
v -1.65 -0.65 2.95
v -1.65 -0.45 2.95
v -1.65 -0.35 2.95
v -1.65 0.35 2.95
v -1.65 0.45 2.95
v -1.55 -0.75 2.95
v -1.55 -0.65 2.95
v -0.75 -1.65 2.95
v -0.75 -1.55 2.95
v -0.65 -1.65 2.95
v -0.65 -1.55 2.95
v -0.45 -1.75 2.95
v -0.45 -1.65 2.95
v -0.35 -1.75 2.95
v -0.35 -1.65 2.95
v 0.35 -1.75 2.95
v 0.35 -1.65 2.95
v 0.45 -1.75 2.95
v 0.45 -1.65 2.95
v 0.65 -1.65 2.95
v 0.65 -1.55 2.95
v 0.75 -1.65 2.95
v 0.75 -1.55 2.95
v 0.95 -1.35 2.95
v 0.95 -1.25 2.95
v 1.05 -1.35 2.95
v 1.05 -1.25 2.95
v -1.75 -0.35 2.85
v -1.75 -0.25 2.85
v -1.75 0.25 2.85
v -1.75 0.35 2.85
v -1.65 -0.35 2.85
v -1.65 -0.25 2.85
v -1.65 0.25 2.85
v -1.65 0.35 2.85
v -1.65 0.45 2.85
v -1.55 0.35 2.85
v -1.55 0.45 2.85
v -0.35 -1.75 2.85
v -0.35 -1.65 2.85
v -0.25 -1.75 2.85
v -0.25 -1.65 2.85
v 0.25 -1.75 2.85
v 0.25 -1.65 2.85
v 0.35 -1.75 2.85
v 0.35 -1.65 2.85
v 0.85 -1.35 2.85
v 0.85 -1.25 2.85
v 0.95 -1.35 2.85
v 0.95 -1.25 2.85
v -1.75 -0.25 2.75
v -1.75 -0.15 2.75
v -1.75 0.15 2.75
v -1.75 0.25 2.75
v -1.65 -0.65 2.75
v -1.65 -0.55 2.75
v -1.65 -0.25 2.75
v -1.65 -0.15 2.75
v -1.65 0.15 2.75
v -1.65 0.25 2.75
v -1.55 -0.65 2.75
v -1.55 -0.55 2.75
v -1.45 -1.05 2.75
v -1.45 -0.95 2.75
v -1.35 -1.05 2.75
v -1.35 -0.95 2.75
v -1.05 -1.45 2.75
v -1.05 -1.35 2.75
v -0.95 -1.45 2.75
v -0.95 -1.35 2.75
v -0.65 -1.65 2.75
v -0.65 -1.55 2.75
v -0.55 -1.65 2.75
v -0.55 -1.55 2.75
v -0.25 -1.75 2.75
v -0.25 -1.65 2.75
v -0.15 -1.75 2.75
v -0.15 -1.65 2.75
v 0.15 -1.75 2.75
v 0.15 -1.65 2.75
v 0.25 -1.75 2.75
v 0.25 -1.65 2.75
v 0.55 -1.65 2.75
v 0.55 -1.55 2.75
v 0.65 -1.65 2.75
v 0.65 -1.55 2.75
v 0.95 -1.45 2.75
v 0.95 -1.35 2.75
v 1.05 -1.45 2.75
v 1.05 -1.35 2.75
v -1.75 -0.15 2.65
v -1.75 0.15 2.65
v -1.65 -0.15 2.65
v -1.65 0.15 2.65
v -1.55 -0.85 2.65
v -1.55 -0.75 2.65
v -1.45 -0.85 2.65
v -1.45 -0.75 2.65
v -1.35 -1.15 2.65
v -1.35 -1.05 2.65
v -1.25 -1.25 2.65
v -1.25 -1.15 2.65
v -1.25 -1.05 2.65
v -1.15 -1.35 2.65
v -1.15 -1.25 2.65
v -1.15 -1.15 2.65
v -1.05 -1.35 2.65
v -1.05 -1.25 2.65
v -0.85 -1.55 2.65
v -0.85 -1.45 2.65
v -0.75 -1.55 2.65
v -0.75 -1.45 2.65
v -0.15 -1.75 2.65
v -0.15 -1.65 2.65
v 0.15 -1.75 2.65
v 0.15 -1.65 2.65
v 0.75 -1.55 2.65
v 0.75 -1.45 2.65
v 0.75 -1.35 2.65
v 0.75 -1.25 2.65
v 0.85 -1.55 2.65
v 0.85 -1.45 2.65
v 0.85 -1.35 2.65
v 0.85 -1.25 2.65
v -1.65 -0.55 2.55
v -1.65 -0.35 2.55
v -1.55 -0.75 2.55
v -1.55 -0.65 2.55
v -1.55 -0.55 2.55
v -1.55 -0.35 2.55
v -1.45 -0.95 2.55
v -1.45 -0.85 2.55
v -1.45 -0.75 2.55
v -1.45 -0.65 2.55
v -1.35 -0.95 2.55
v -1.35 -0.85 2.55
v -0.95 -1.45 2.55
v -0.95 -1.35 2.55
v -0.85 -1.45 2.55
v -0.85 -1.35 2.55
v -0.75 -1.55 2.55
v -0.75 -1.45 2.55
v -0.65 -1.55 2.55
v -0.65 -1.45 2.55
v -0.55 -1.65 2.55
v -0.55 -1.55 2.55
v -0.35 -1.65 2.55
v -0.35 -1.55 2.55
v 0.35 -1.65 2.55
v 0.35 -1.55 2.55
v 0.55 -1.65 2.55
v 0.55 -1.55 2.55
v 0.65 -1.55 2.55
v 0.65 -1.45 2.55
v 0.75 -1.55 2.55
v 0.75 -1.45 2.55
v 0.85 -1.45 2.55
v 0.85 -1.35 2.55
v 0.95 -1.45 2.55
v 0.95 -1.35 2.55
v -1.65 -0.35 2.45
v -1.65 -0.15 2.45
v -1.65 0.15 2.45
v -1.65 0.35 2.45
v -1.55 -0.65 2.45
v -1.55 -0.55 2.45
v -1.55 -0.35 2.45
v -1.55 -0.15 2.45
v -1.55 0.15 2.45
v -1.55 0.25 2.45
v -1.55 0.35 2.45
v -1.45 -0.85 2.45
v -1.45 -0.75 2.45
v -1.45 -0.65 2.45
v -1.45 -0.55 2.45
v -1.35 -1.05 2.45
v -1.35 -0.95 2.45
v -1.35 -0.85 2.45
v -1.35 -0.75 2.45
v -1.25 -1.15 2.45
v -1.25 -1.05 2.45
v -1.25 -0.95 2.45
v -1.15 -1.25 2.45
v -1.15 -1.15 2.45
v -1.15 -1.05 2.45
v -1.05 -1.35 2.45
v -1.05 -1.25 2.45
v -1.05 -1.15 2.45
v -0.95 -1.35 2.45
v -0.95 -1.25 2.45
v -0.85 -1.45 2.45
v -0.85 -1.35 2.45
v -0.75 -1.45 2.45
v -0.75 -1.35 2.45
v -0.65 -1.55 2.45
v -0.65 -1.45 2.45
v -0.55 -1.55 2.45
v -0.55 -1.45 2.45
v -0.35 -1.65 2.45
v -0.35 -1.55 2.45
v -0.15 -1.65 2.45
v -0.15 -1.55 2.45
v 0.15 -1.65 2.45
v 0.15 -1.55 2.45
v 0.35 -1.65 2.45
v 0.35 -1.55 2.45
v 0.55 -1.55 2.45
v 0.55 -1.45 2.45
v 0.65 -1.55 2.45
v 0.65 -1.45 2.45
v 0.75 -1.45 2.45
v 0.75 -1.35 2.45
v 0.85 -1.45 2.45
v 0.85 -1.35 2.45
v -1.65 -0.15 2.35
v -1.65 0.15 2.35
v -1.55 -0.55 2.35
v -1.55 -0.45 2.35
v -1.55 -0.15 2.35
v -1.55 0.15 2.35
v -1.45 -0.75 2.35
v -1.45 -0.65 2.35
v -1.45 -0.55 2.35
v -1.45 -0.45 2.35
v -1.35 -0.95 2.35
v -1.35 -0.85 2.35
v -1.35 -0.75 2.35
v -1.35 -0.65 2.35
v -1.25 -1.05 2.35
v -1.25 -0.95 2.35
v -1.25 -0.85 2.35
v -1.15 -1.05 2.35
v -1.15 -0.95 2.35
v -1.05 -1.25 2.35
v -1.05 -1.15 2.35
v -0.95 -1.35 2.35
v -0.95 -1.25 2.35
v -0.95 -1.15 2.35
v -0.85 -1.35 2.35
v -0.85 -1.25 2.35
v -0.75 -1.45 2.35
v -0.75 -1.35 2.35
v -0.65 -1.45 2.35
v -0.65 -1.35 2.35
v -0.55 -1.55 2.35
v -0.55 -1.45 2.35
v -0.45 -1.55 2.35
v -0.45 -1.45 2.35
v -0.15 -1.65 2.35
v -0.15 -1.55 2.35
v 0.15 -1.65 2.35
v 0.15 -1.55 2.35
v 0.45 -1.55 2.35
v 0.45 -1.45 2.35
v 0.55 -1.55 2.35
v 0.55 -1.45 2.35
v 0.65 -1.45 2.35
v 0.65 -1.35 2.35
v 0.75 -1.45 2.35
v 0.75 -1.35 2.35
v -1.55 -0.45 2.25
v -1.55 -0.05 2.25
v -1.55 0.05 2.25
v -1.55 0.25 2.25
v -1.45 -0.65 2.25
v -1.45 -0.55 2.25
v -1.45 -0.45 2.25
v -1.45 -0.05 2.25
v -1.45 0.05 2.25
v -1.45 0.25 2.25
v -1.35 -0.85 2.25
v -1.35 -0.75 2.25
v -1.35 -0.65 2.25
v -1.35 -0.55 2.25
v -1.35 -0.45 2.25
v -1.35 -0.25 2.25
v -1.25 -0.85 2.25
v -1.25 -0.75 2.25
v -1.25 -0.65 2.25
v -1.25 -0.55 2.25
v -1.25 -0.45 2.25
v -1.25 -0.25 2.25
v -1.15 -1.15 2.25
v -1.15 -1.05 2.25
v -1.15 -0.85 2.25
v -1.15 -0.75 2.25
v -1.15 -0.65 2.25
v -1.15 -0.55 2.25
v -1.05 -1.15 2.25
v -1.05 -1.05 2.25
v -1.05 -0.95 2.25
v -1.05 -0.85 2.25
v -1.05 -0.75 2.25
v -0.95 -1.05 2.25
v -0.95 -0.95 2.25
v -0.95 -0.85 2.25
v -0.85 -1.35 2.25
v -0.85 -1.25 2.25
v -0.85 -1.15 2.25
v -0.85 -1.05 2.25
v -0.85 -0.95 2.25
v -0.75 -1.35 2.25
v -0.75 -1.25 2.25
v -0.75 -1.15 2.25
v -0.75 -1.05 2.25
v -0.65 -1.45 2.25
v -0.65 -1.35 2.25
v -0.65 -1.25 2.25
v -0.65 -1.15 2.25
v -0.55 -1.45 2.25
v -0.55 -1.35 2.25
v -0.55 -1.25 2.25
v -0.55 -1.15 2.25
v -0.45 -1.55 2.25
v -0.45 -1.45 2.25
v -0.45 -1.35 2.25
v -0.45 -1.25 2.25
v -0.25 -1.35 2.25
v -0.25 -1.25 2.25
v -0.05 -1.55 2.25
v -0.05 -1.45 2.25
v 0.05 -1.55 2.25
v 0.05 -1.45 2.25
v 0.25 -1.35 2.25
v 0.25 -1.25 2.25
v 0.45 -1.55 2.25
v 0.45 -1.45 2.25
v 0.45 -1.35 2.25
v 0.45 -1.25 2.25
v 0.55 -1.45 2.25
v 0.55 -1.35 2.25
v 0.55 -1.25 2.25
v 0.55 -1.15 2.25
v 0.65 -1.45 2.25
v 0.65 -1.35 2.25
v 0.65 -1.25 2.25
v 0.65 -1.15 2.25
v -1.45 -0.25 2.15
v -1.45 0.25 2.15
v -1.35 -0.55 2.15
v -1.35 -0.45 2.15
v -1.35 -0.25 2.15
v -1.35 0.25 2.15
v -1.25 -0.75 2.15
v -1.25 -0.65 2.15
v -1.25 -0.55 2.15
v -1.25 -0.45 2.15
v -1.15 -0.95 2.15
v -1.15 -0.85 2.15
v -1.15 -0.75 2.15
v -1.15 -0.65 2.15
v -1.05 -1.05 2.15
v -1.05 -0.95 2.15
v -1.05 -0.85 2.15
v -0.95 -1.15 2.15
v -0.95 -1.05 2.15
v -0.95 -0.95 2.15
v -0.85 -1.15 2.15
v -0.85 -1.05 2.15
v -0.75 -1.25 2.15
v -0.75 -1.15 2.15
v -0.65 -1.25 2.15
v -0.65 -1.15 2.15
v -0.55 -1.35 2.15
v -0.55 -1.25 2.15
v -0.45 -1.35 2.15
v -0.45 -1.25 2.15
v -0.25 -1.45 2.15
v -0.25 -1.35 2.15
v 0.25 -1.45 2.15
v 0.25 -1.35 2.15
v 0.45 -1.35 2.15
v 0.45 -1.25 2.15
v 0.55 -1.35 2.15
v 0.55 -1.25 2.15
v -1.45 -0.45 2.05
v -1.45 -0.25 2.05
v -1.35 -0.65 2.05
v -1.35 -0.55 2.05
v -1.35 -0.45 2.05
v -1.35 -0.25 2.05
v -1.25 -0.85 2.05
v -1.25 -0.75 2.05
v -1.25 -0.65 2.05
v -1.25 -0.55 2.05
v -1.15 -0.85 2.05
v -1.15 -0.75 2.05
v -0.85 -1.25 2.05
v -0.85 -1.15 2.05
v -0.75 -1.25 2.05
v -0.75 -1.15 2.05
v -0.65 -1.35 2.05
v -0.65 -1.25 2.05
v -0.55 -1.35 2.05
v -0.55 -1.25 2.05
v -0.45 -1.45 2.05
v -0.45 -1.35 2.05
v -0.25 -1.45 2.05
v -0.25 -1.35 2.05
v 0.25 -1.45 2.05
v 0.25 -1.35 2.05
v 0.45 -1.45 2.05
v 0.45 -1.35 2.05
v 0.55 -1.35 2.05
v 0.55 -1.25 2.05
v 0.65 -1.35 2.05
v 0.65 -1.25 2.05
v -1.45 -0.55 1.95
v -1.45 -0.45 1.95
v -1.35 -0.75 1.95
v -1.35 -0.65 1.95
v -1.35 -0.55 1.95
v -1.35 -0.45 1.95
v -1.25 -0.75 1.95
v -1.25 -0.65 1.95
v -1.15 -1.05 1.95
v -1.15 -0.95 1.95
v -1.05 -1.15 1.95
v -1.05 -1.05 1.95
v -1.05 -0.95 1.95
v -0.95 -1.15 1.95
v -0.95 -1.05 1.95
v -0.75 -1.35 1.95
v -0.75 -1.25 1.95
v -0.65 -1.35 1.95
v -0.65 -1.25 1.95
v -0.55 -1.45 1.95
v -0.55 -1.35 1.95
v -0.45 -1.45 1.95
v -0.45 -1.35 1.95
v 0.45 -1.45 1.95
v 0.45 -1.35 1.95
v 0.55 -1.45 1.95
v 0.55 -1.35 1.95
v 0.65 -1.35 1.95
v 0.65 -1.25 1.95
v 0.75 -1.35 1.95
v 0.75 -1.25 1.95
v -1.55 -0.25 1.85
v -1.55 0.25 1.85
v -1.45 -0.25 1.85
v -1.45 0.25 1.85
v -1.25 -0.95 1.85
v -1.25 -0.85 1.85
v -1.15 -0.95 1.85
v -1.15 -0.85 1.85
v -0.95 -1.25 1.85
v -0.95 -1.15 1.85
v -0.85 -1.25 1.85
v -0.85 -1.15 1.85
v -0.25 -1.55 1.85
v -0.25 -1.45 1.85
v 0.25 -1.55 1.85
v 0.25 -1.45 1.85
v -1.55 -0.35 1.75
v -1.55 -0.25 1.75
v -1.55 0.25 1.75
v -1.55 0.35 1.75
v -1.45 -0.65 1.75
v -1.45 -0.55 1.75
v -1.45 -0.35 1.75
v -1.45 -0.25 1.75
v -1.45 0.25 1.75
v -1.45 0.35 1.75
v -1.35 -0.85 1.75
v -1.35 -0.75 1.75
v -1.35 -0.65 1.75
v -1.35 -0.55 1.75
v -1.25 -0.85 1.75
v -1.25 -0.75 1.75
v -0.85 -1.35 1.75
v -0.85 -1.25 1.75
v -0.75 -1.35 1.75
v -0.75 -1.25 1.75
v -0.65 -1.45 1.75
v -0.65 -1.35 1.75
v -0.55 -1.45 1.75
v -0.55 -1.35 1.75
v -0.35 -1.55 1.75
v -0.35 -1.45 1.75
v -0.25 -1.55 1.75
v -0.25 -1.45 1.75
v 0.25 -1.55 1.75
v 0.25 -1.45 1.75
v 0.35 -1.55 1.75
v 0.35 -1.45 1.75
v 0.55 -1.45 1.75
v 0.55 -1.35 1.75
v 0.65 -1.45 1.75
v 0.65 -1.35 1.75
v 0.75 -1.35 1.75
v 0.75 -1.25 1.75
v 0.85 -1.35 1.75
v 0.85 -1.25 1.75
v -1.55 -0.95 1.25
v -1.55 -0.85 1.25
v -1.55 0.85 1.25
v -1.55 0.95 1.25
v -1.45 -0.95 1.25
v -1.45 -0.85 1.25
v -1.45 0.85 1.25
v -1.45 0.95 1.25
v -0.95 -1.55 1.25
v -0.95 -1.45 1.25
v -0.85 -1.55 1.25
v -0.85 -1.45 1.25
v 0.85 -1.55 1.25
v 0.85 -1.45 1.25
v 0.85 1.45 1.25
v 0.85 1.55 1.25
v 0.95 -1.55 1.25
v 0.95 -1.45 1.25
v 0.95 1.45 1.25
v 0.95 1.55 1.25
v 1.45 -0.95 1.25
v 1.45 -0.85 1.25
v 1.55 -0.95 1.25
v 1.55 -0.85 1.25
v -1.75 -0.45 1.15
v -1.75 -0.35 1.15
v -1.75 0.35 1.15
v -1.75 0.45 1.15
v -1.65 -0.75 1.15
v -1.65 -0.65 1.15
v -1.65 -0.45 1.15
v -1.65 -0.35 1.15
v -1.65 0.35 1.15
v -1.65 0.45 1.15
v -1.65 0.65 1.15
v -1.65 0.75 1.15
v -1.55 -0.75 1.15
v -1.55 -0.65 1.15
v -1.55 0.65 1.15
v -1.55 0.75 1.15
v -0.75 -1.65 1.15
v -0.75 -1.55 1.15
v -0.75 1.55 1.15
v -0.75 1.65 1.15
v -0.65 -1.65 1.15
v -0.65 -1.55 1.15
v -0.65 1.55 1.15
v -0.65 1.65 1.15
v -0.45 -1.75 1.15
v -0.45 -1.65 1.15
v -0.45 1.65 1.15
v -0.45 1.75 1.15
v -0.35 -1.75 1.15
v -0.35 -1.65 1.15
v -0.35 1.65 1.15
v -0.35 1.75 1.15
v 0.35 -1.75 1.15
v 0.35 -1.65 1.15
v 0.35 1.65 1.15
v 0.35 1.75 1.15
v 0.45 -1.75 1.15
v 0.45 -1.65 1.15
v 0.45 1.65 1.15
v 0.45 1.75 1.15
v 0.65 -1.65 1.15
v 0.65 -1.55 1.15
v 0.65 1.55 1.15
v 0.65 1.65 1.15
v 0.75 -1.65 1.15
v 0.75 -1.55 1.15
v 0.75 1.55 1.15
v 0.75 1.65 1.15
v 1.55 -0.75 1.15
v 1.55 -0.65 1.15
v 1.65 -0.75 1.15
v 1.65 -0.65 1.15
v -1.75 -0.35 1.05
v -1.75 -0.25 1.05
v -1.75 0.25 1.05
v -1.75 0.35 1.05
v -1.65 -0.35 1.05
v -1.65 -0.25 1.05
v -1.65 0.25 1.05
v -1.65 0.35 1.05
v -0.35 -1.75 1.05
v -0.35 -1.65 1.05
v -0.35 1.65 1.05
v -0.35 1.75 1.05
v -0.25 -1.75 1.05
v -0.25 -1.65 1.05
v -0.25 1.65 1.05
v -0.25 1.75 1.05
v 0.25 -1.75 1.05
v 0.25 -1.65 1.05
v 0.25 1.65 1.05
v 0.25 1.75 1.05
v 0.35 -1.75 1.05
v 0.35 -1.65 1.05
v 0.35 1.65 1.05
v 0.35 1.75 1.05
v 1.65 -0.35 1.05
v 1.65 -0.25 1.05
v 1.65 0.25 1.05
v 1.65 0.35 1.05
v 1.75 -0.35 1.05
v 1.75 -0.25 1.05
v 1.75 0.25 1.05
v 1.75 0.35 1.05
v -1.75 -0.25 0.95
v -1.75 -0.15 0.95
v -1.75 0.15 0.95
v -1.75 0.25 0.95
v -1.65 -0.65 0.95
v -1.65 -0.55 0.95
v -1.65 -0.25 0.95
v -1.65 -0.15 0.95
v -1.65 0.15 0.95
v -1.65 0.25 0.95
v -1.65 0.55 0.95
v -1.65 0.65 0.95
v -1.55 -0.65 0.95
v -1.55 -0.55 0.95
v -1.55 0.55 0.95
v -1.55 0.65 0.95
v -1.45 -1.05 0.95
v -1.45 -0.95 0.95
v -1.45 0.95 0.95
v -1.45 1.05 0.95
v -1.35 -1.05 0.95
v -1.35 -0.95 0.95
v -1.35 0.95 0.95
v -1.35 1.05 0.95
v -1.05 -1.45 0.95
v -1.05 -1.35 0.95
v -1.05 1.35 0.95
v -1.05 1.45 0.95
v -0.95 -1.45 0.95
v -0.95 -1.35 0.95
v -0.95 1.35 0.95
v -0.95 1.45 0.95
v -0.65 -1.65 0.95
v -0.65 -1.55 0.95
v -0.65 1.55 0.95
v -0.65 1.65 0.95
v -0.55 -1.65 0.95
v -0.55 -1.55 0.95
v -0.55 1.55 0.95
v -0.55 1.65 0.95
v -0.25 -1.75 0.95
v -0.25 -1.65 0.95
v -0.25 1.65 0.95
v -0.25 1.75 0.95
v -0.15 -1.75 0.95
v -0.15 -1.65 0.95
v -0.15 1.65 0.95
v -0.15 1.75 0.95
v 0.15 -1.75 0.95
v 0.15 -1.65 0.95
v 0.15 1.65 0.95
v 0.15 1.75 0.95
v 0.25 -1.75 0.95
v 0.25 -1.65 0.95
v 0.25 1.65 0.95
v 0.25 1.75 0.95
v 0.55 -1.65 0.95
v 0.55 -1.55 0.95
v 0.55 1.55 0.95
v 0.55 1.65 0.95
v 0.65 -1.65 0.95
v 0.65 -1.55 0.95
v 0.65 1.55 0.95
v 0.65 1.65 0.95
v 0.95 -1.45 0.95
v 0.95 -1.35 0.95
v 0.95 1.35 0.95
v 0.95 1.45 0.95
v 1.05 -1.45 0.95
v 1.05 -1.35 0.95
v 1.05 1.35 0.95
v 1.05 1.45 0.95
v 1.35 -1.05 0.95
v 1.35 -0.95 0.95
v 1.35 0.95 0.95
v 1.35 1.05 0.95
v 1.45 -1.05 0.95
v 1.45 -0.95 0.95
v 1.45 0.95 0.95
v 1.45 1.05 0.95
v 1.55 -0.65 0.95
v 1.55 -0.55 0.95
v 1.55 0.55 0.95
v 1.55 0.65 0.95
v 1.65 -0.65 0.95
v 1.65 -0.55 0.95
v 1.65 -0.25 0.95
v 1.65 -0.15 0.95
v 1.65 0.15 0.95
v 1.65 0.25 0.95
v 1.65 0.55 0.95
v 1.65 0.65 0.95
v 1.75 -0.25 0.95
v 1.75 -0.15 0.95
v 1.75 0.15 0.95
v 1.75 0.25 0.95
v -1.75 -0.15 0.85
v -1.75 0.15 0.85
v -1.65 -0.15 0.85
v -1.65 0.15 0.85
v -1.55 -0.85 0.85
v -1.55 -0.75 0.85
v -1.55 0.75 0.85
v -1.55 0.85 0.85
v -1.45 -0.85 0.85
v -1.45 -0.75 0.85
v -1.45 0.75 0.85
v -1.45 0.85 0.85
v -1.35 -1.15 0.85
v -1.35 -1.05 0.85
v -1.35 1.05 0.85
v -1.35 1.15 0.85
v -1.25 -1.25 0.85
v -1.25 -1.15 0.85
v -1.25 -1.05 0.85
v -1.25 1.05 0.85
v -1.25 1.15 0.85
v -1.25 1.25 0.85
v -1.15 -1.35 0.85
v -1.15 -1.25 0.85
v -1.15 -1.15 0.85
v -1.15 1.15 0.85
v -1.15 1.25 0.85
v -1.15 1.35 0.85
v -1.05 -1.35 0.85
v -1.05 -1.25 0.85
v -1.05 1.25 0.85
v -1.05 1.35 0.85
v -0.85 -1.55 0.85
v -0.85 -1.45 0.85
v -0.85 1.45 0.85
v -0.85 1.55 0.85
v -0.75 -1.55 0.85
v -0.75 -1.45 0.85
v -0.75 1.45 0.85
v -0.75 1.55 0.85
v -0.15 -1.75 0.85
v -0.15 -1.65 0.85
v -0.15 1.65 0.85
v -0.15 1.75 0.85
v 0.15 -1.75 0.85
v 0.15 -1.65 0.85
v 0.15 1.65 0.85
v 0.15 1.75 0.85
v 0.75 -1.55 0.85
v 0.75 -1.45 0.85
v 0.75 1.45 0.85
v 0.75 1.55 0.85
v 0.85 -1.55 0.85
v 0.85 -1.45 0.85
v 0.85 1.45 0.85
v 0.85 1.55 0.85
v 1.05 -1.35 0.85
v 1.05 -1.25 0.85
v 1.05 1.25 0.85
v 1.05 1.35 0.85
v 1.15 -1.35 0.85
v 1.15 -1.25 0.85
v 1.15 -1.15 0.85
v 1.15 1.15 0.85
v 1.15 1.25 0.85
v 1.15 1.35 0.85
v 1.25 -1.25 0.85
v 1.25 -1.15 0.85
v 1.25 -1.05 0.85
v 1.25 1.05 0.85
v 1.25 1.15 0.85
v 1.25 1.25 0.85
v 1.35 -1.15 0.85
v 1.35 -1.05 0.85
v 1.35 1.05 0.85
v 1.35 1.15 0.85
v 1.45 -0.85 0.85
v 1.45 -0.75 0.85
v 1.45 0.75 0.85
v 1.45 0.85 0.85
v 1.55 -0.85 0.85
v 1.55 -0.75 0.85
v 1.55 0.75 0.85
v 1.55 0.85 0.85
v 1.65 -0.15 0.85
v 1.65 0.15 0.85
v 1.75 -0.15 0.85
v 1.75 0.15 0.85
v -1.65 -0.55 0.75
v -1.65 -0.35 0.75
v -1.65 0.35 0.75
v -1.65 0.55 0.75
v -1.55 -0.75 0.75
v -1.55 -0.65 0.75
v -1.55 -0.55 0.75
v -1.55 -0.35 0.75
v -1.55 0.35 0.75
v -1.55 0.55 0.75
v -1.55 0.65 0.75
v -1.55 0.75 0.75
v -1.45 -0.95 0.75
v -1.45 -0.85 0.75
v -1.45 -0.75 0.75
v -1.45 -0.65 0.75
v -1.45 0.65 0.75
v -1.45 0.75 0.75
v -1.45 0.85 0.75
v -1.45 0.95 0.75
v -1.35 -0.95 0.75
v -1.35 -0.85 0.75
v -1.35 0.85 0.75
v -1.35 0.95 0.75
v -0.95 -1.45 0.75
v -0.95 -1.35 0.75
v -0.95 1.35 0.75
v -0.95 1.45 0.75
v -0.85 -1.45 0.75
v -0.85 -1.35 0.75
v -0.85 1.35 0.75
v -0.85 1.45 0.75
v -0.75 -1.55 0.75
v -0.75 -1.45 0.75
v -0.75 1.45 0.75
v -0.75 1.55 0.75
v -0.65 -1.55 0.75
v -0.65 -1.45 0.75
v -0.65 1.45 0.75
v -0.65 1.55 0.75
v -0.55 -1.65 0.75
v -0.55 -1.55 0.75
v -0.55 1.55 0.75
v -0.55 1.65 0.75
v -0.35 -1.65 0.75
v -0.35 -1.55 0.75
v -0.35 1.55 0.75
v -0.35 1.65 0.75
v 0.35 -1.65 0.75
v 0.35 -1.55 0.75
v 0.35 1.55 0.75
v 0.35 1.65 0.75
v 0.55 -1.65 0.75
v 0.55 -1.55 0.75
v 0.55 1.55 0.75
v 0.55 1.65 0.75
v 0.65 -1.55 0.75
v 0.65 -1.45 0.75
v 0.65 1.45 0.75
v 0.65 1.55 0.75
v 0.75 -1.55 0.75
v 0.75 -1.45 0.75
v 0.75 1.45 0.75
v 0.75 1.55 0.75
v 0.85 -1.45 0.75
v 0.85 -1.35 0.75
v 0.85 1.35 0.75
v 0.85 1.45 0.75
v 0.95 -1.45 0.75
v 0.95 -1.35 0.75
v 0.95 1.35 0.75
v 0.95 1.45 0.75
v 1.35 -0.95 0.75
v 1.35 -0.85 0.75
v 1.35 0.85 0.75
v 1.35 0.95 0.75
v 1.45 -0.95 0.75
v 1.45 -0.85 0.75
v 1.45 -0.75 0.75
v 1.45 -0.65 0.75
v 1.45 0.65 0.75
v 1.45 0.75 0.75
v 1.45 0.85 0.75
v 1.45 0.95 0.75
v 1.55 -0.75 0.75
v 1.55 -0.65 0.75
v 1.55 -0.55 0.75
v 1.55 -0.35 0.75
v 1.55 0.35 0.75
v 1.55 0.55 0.75
v 1.55 0.65 0.75
v 1.55 0.75 0.75
v 1.65 -0.55 0.75
v 1.65 -0.35 0.75
v 1.65 0.35 0.75
v 1.65 0.55 0.75
v -1.65 -0.35 0.65
v -1.65 -0.15 0.65
v -1.65 0.15 0.65
v -1.65 0.35 0.65
v -1.55 -0.65 0.65
v -1.55 -0.55 0.65
v -1.55 -0.35 0.65
v -1.55 -0.15 0.65
v -1.55 0.15 0.65
v -1.55 0.35 0.65
v -1.55 0.55 0.65
v -1.55 0.65 0.65
v -1.45 -0.85 0.65
v -1.45 -0.75 0.65
v -1.45 -0.65 0.65
v -1.45 -0.55 0.65
v -1.45 0.55 0.65
v -1.45 0.65 0.65
v -1.45 0.75 0.65
v -1.45 0.85 0.65
v -1.35 -1.05 0.65
v -1.35 -0.95 0.65
v -1.35 -0.85 0.65
v -1.35 -0.75 0.65
v -1.35 0.75 0.65
v -1.35 0.85 0.65
v -1.35 0.95 0.65
v -1.35 1.05 0.65
v -1.25 -1.15 0.65
v -1.25 -1.05 0.65
v -1.25 -0.95 0.65
v -1.25 0.95 0.65
v -1.25 1.05 0.65
v -1.25 1.15 0.65
v -1.15 -1.25 0.65
v -1.15 -1.15 0.65
v -1.15 -1.05 0.65
v -1.15 1.05 0.65
v -1.15 1.15 0.65
v -1.15 1.25 0.65
v -1.05 -1.35 0.65
v -1.05 -1.25 0.65
v -1.05 -1.15 0.65
v -1.05 1.15 0.65
v -1.05 1.25 0.65
v -1.05 1.35 0.65
v -0.95 -1.35 0.65
v -0.95 -1.25 0.65
v -0.95 1.25 0.65
v -0.95 1.35 0.65
v -0.85 -1.45 0.65
v -0.85 -1.35 0.65
v -0.85 1.35 0.65
v -0.85 1.45 0.65
v -0.75 -1.45 0.65
v -0.75 -1.35 0.65
v -0.75 1.35 0.65
v -0.75 1.45 0.65
v -0.65 -1.55 0.65
v -0.65 -1.45 0.65
v -0.65 1.45 0.65
v -0.65 1.55 0.65
v -0.55 -1.55 0.65
v -0.55 -1.45 0.65
v -0.55 1.45 0.65
v -0.55 1.55 0.65
v -0.35 -1.65 0.65
v -0.35 -1.55 0.65
v -0.35 1.55 0.65
v -0.35 1.65 0.65
v -0.15 -1.65 0.65
v -0.15 -1.55 0.65
v -0.15 1.55 0.65
v -0.15 1.65 0.65
v 0.15 -1.65 0.65
v 0.15 -1.55 0.65
v 0.15 1.55 0.65
v 0.15 1.65 0.65
v 0.35 -1.65 0.65
v 0.35 -1.55 0.65
v 0.35 1.55 0.65
v 0.35 1.65 0.65
v 0.55 -1.55 0.65
v 0.55 -1.45 0.65
v 0.55 1.45 0.65
v 0.55 1.55 0.65
v 0.65 -1.55 0.65
v 0.65 -1.45 0.65
v 0.65 1.45 0.65
v 0.65 1.55 0.65
v 0.75 -1.45 0.65
v 0.75 -1.35 0.65
v 0.75 1.35 0.65
v 0.75 1.45 0.65
v 0.85 -1.45 0.65
v 0.85 -1.35 0.65
v 0.85 1.35 0.65
v 0.85 1.45 0.65
v 0.95 -1.35 0.65
v 0.95 -1.25 0.65
v 0.95 1.25 0.65
v 0.95 1.35 0.65
v 1.05 -1.35 0.65
v 1.05 -1.25 0.65
v 1.05 -1.15 0.65
v 1.05 1.15 0.65
v 1.05 1.25 0.65
v 1.05 1.35 0.65
v 1.15 -1.25 0.65
v 1.15 -1.15 0.65
v 1.15 -1.05 0.65
v 1.15 1.05 0.65
v 1.15 1.15 0.65
v 1.15 1.25 0.65
v 1.25 -1.15 0.65
v 1.25 -1.05 0.65
v 1.25 -0.95 0.65
v 1.25 0.95 0.65
v 1.25 1.05 0.65
v 1.25 1.15 0.65
v 1.35 -1.05 0.65
v 1.35 -0.95 0.65
v 1.35 -0.85 0.65
v 1.35 -0.75 0.65
v 1.35 0.75 0.65
v 1.35 0.85 0.65
v 1.35 0.95 0.65
v 1.35 1.05 0.65
v 1.45 -0.85 0.65
v 1.45 -0.75 0.65
v 1.45 -0.65 0.65
v 1.45 -0.55 0.65
v 1.45 0.55 0.65
v 1.45 0.65 0.65
v 1.45 0.75 0.65
v 1.45 0.85 0.65
v 1.55 -0.65 0.65
v 1.55 -0.55 0.65
v 1.55 -0.35 0.65
v 1.55 -0.15 0.65
v 1.55 0.15 0.65
v 1.55 0.35 0.65
v 1.55 0.55 0.65
v 1.55 0.65 0.65
v 1.65 -0.35 0.65
v 1.65 -0.15 0.65
v 1.65 0.15 0.65
v 1.65 0.35 0.65
v -1.65 -0.15 0.55
v -1.65 0.15 0.55
v -1.55 -0.55 0.55
v -1.55 -0.45 0.55
v -1.55 -0.15 0.55
v -1.55 0.15 0.55
v -1.55 0.45 0.55
v -1.55 0.55 0.55
v -1.45 -0.75 0.55
v -1.45 -0.65 0.55
v -1.45 -0.55 0.55
v -1.45 -0.45 0.55
v -1.45 0.45 0.55
v -1.45 0.55 0.55
v -1.45 0.65 0.55
v -1.45 0.75 0.55
v -1.35 -0.95 0.55
v -1.35 -0.85 0.55
v -1.35 -0.75 0.55
v -1.35 -0.65 0.55
v -1.35 -0.25 0.55
v -1.35 0.25 0.55
v -1.35 0.65 0.55
v -1.35 0.75 0.55
v -1.35 0.85 0.55
v -1.35 0.95 0.55
v -1.25 -1.05 0.55
v -1.25 -0.95 0.55
v -1.25 -0.85 0.55
v -1.25 -0.55 0.55
v -1.25 -0.45 0.55
v -1.25 -0.25 0.55
v -1.25 0.25 0.55
v -1.25 0.45 0.55
v -1.25 0.55 0.55
v -1.25 0.85 0.55
v -1.25 0.95 0.55
v -1.25 1.05 0.55
v -1.15 -1.05 0.55
v -1.15 -0.95 0.55
v -1.15 -0.75 0.55
v -1.15 -0.65 0.55
v -1.15 -0.55 0.55
v -1.15 -0.45 0.55
v -1.15 0.45 0.55
v -1.15 0.55 0.55
v -1.15 0.65 0.55
v -1.15 0.75 0.55
v -1.15 0.95 0.55
v -1.15 1.05 0.55
v -1.05 -1.25 0.55
v -1.05 -1.15 0.55
v -1.05 -0.85 0.55
v -1.05 -0.75 0.55
v -1.05 -0.65 0.55
v -1.05 0.65 0.55
v -1.05 0.75 0.55
v -1.05 0.85 0.55
v -1.05 1.15 0.55
v -1.05 1.25 0.55
v -0.95 -1.35 0.55
v -0.95 -1.25 0.55
v -0.95 -1.15 0.55
v -0.95 -0.95 0.55
v -0.95 -0.85 0.55
v -0.95 -0.75 0.55
v -0.95 0.75 0.55
v -0.95 0.85 0.55
v -0.95 0.95 0.55
v -0.95 1.15 0.55
v -0.95 1.25 0.55
v -0.95 1.35 0.55
v -0.85 -1.35 0.55
v -0.85 -1.25 0.55
v -0.85 -1.05 0.55
v -0.85 -0.95 0.55
v -0.85 -0.85 0.55
v -0.85 0.85 0.55
v -0.85 0.95 0.55
v -0.85 1.05 0.55
v -0.85 1.25 0.55
v -0.85 1.35 0.55
v -0.75 -1.45 0.55
v -0.75 -1.35 0.55
v -0.75 -1.15 0.55
v -0.75 -1.05 0.55
v -0.75 -0.95 0.55
v -0.75 0.95 0.55
v -0.75 1.05 0.55
v -0.75 1.15 0.55
v -0.75 1.35 0.55
v -0.75 1.45 0.55
v -0.65 -1.45 0.55
v -0.65 -1.35 0.55
v -0.65 -1.15 0.55
v -0.65 -1.05 0.55
v -0.65 1.05 0.55
v -0.65 1.15 0.55
v -0.65 1.35 0.55
v -0.65 1.45 0.55
v -0.55 -1.55 0.55
v -0.55 -1.45 0.55
v -0.55 -1.25 0.55
v -0.55 -1.15 0.55
v -0.55 1.15 0.55
v -0.55 1.25 0.55
v -0.55 1.45 0.55
v -0.55 1.55 0.55
v -0.45 -1.55 0.55
v -0.45 -1.45 0.55
v -0.45 -1.25 0.55
v -0.45 -1.15 0.55
v -0.45 1.15 0.55
v -0.45 1.25 0.55
v -0.45 1.45 0.55
v -0.45 1.55 0.55
v -0.25 -1.35 0.55
v -0.25 -1.25 0.55
v -0.25 1.25 0.55
v -0.25 1.35 0.55
v -0.15 -1.65 0.55
v -0.15 -1.55 0.55
v -0.15 1.55 0.55
v -0.15 1.65 0.55
v 0.15 -1.65 0.55
v 0.15 -1.55 0.55
v 0.15 1.55 0.55
v 0.15 1.65 0.55
v 0.25 -1.35 0.55
v 0.25 -1.25 0.55
v 0.25 1.25 0.55
v 0.25 1.35 0.55
v 0.45 -1.55 0.55
v 0.45 -1.45 0.55
v 0.45 -1.25 0.55
v 0.45 -1.15 0.55
v 0.45 1.15 0.55
v 0.45 1.25 0.55
v 0.45 1.45 0.55
v 0.45 1.55 0.55
v 0.55 -1.55 0.55
v 0.55 -1.45 0.55
v 0.55 -1.25 0.55
v 0.55 -1.15 0.55
v 0.55 1.15 0.55
v 0.55 1.25 0.55
v 0.55 1.45 0.55
v 0.55 1.55 0.55
v 0.65 -1.45 0.55
v 0.65 -1.35 0.55
v 0.65 -1.15 0.55
v 0.65 -1.05 0.55
v 0.65 1.05 0.55
v 0.65 1.15 0.55
v 0.65 1.35 0.55
v 0.65 1.45 0.55
v 0.75 -1.45 0.55
v 0.75 -1.35 0.55
v 0.75 -1.15 0.55
v 0.75 -1.05 0.55
v 0.75 -0.95 0.55
v 0.75 0.95 0.55
v 0.75 1.05 0.55
v 0.75 1.15 0.55
v 0.75 1.35 0.55
v 0.75 1.45 0.55
v 0.85 -1.35 0.55
v 0.85 -1.25 0.55
v 0.85 -1.05 0.55
v 0.85 -0.95 0.55
v 0.85 -0.85 0.55
v 0.85 0.85 0.55
v 0.85 0.95 0.55
v 0.85 1.05 0.55
v 0.85 1.25 0.55
v 0.85 1.35 0.55
v 0.95 -1.35 0.55
v 0.95 -1.25 0.55
v 0.95 -1.15 0.55
v 0.95 -0.95 0.55
v 0.95 -0.85 0.55
v 0.95 -0.75 0.55
v 0.95 0.75 0.55
v 0.95 0.85 0.55
v 0.95 0.95 0.55
v 0.95 1.15 0.55
v 0.95 1.25 0.55
v 0.95 1.35 0.55
v 1.05 -1.25 0.55
v 1.05 -1.15 0.55
v 1.05 -0.85 0.55
v 1.05 -0.75 0.55
v 1.05 -0.65 0.55
v 1.05 0.65 0.55
v 1.05 0.75 0.55
v 1.05 0.85 0.55
v 1.05 1.15 0.55
v 1.05 1.25 0.55
v 1.15 -1.05 0.55
v 1.15 -0.95 0.55
v 1.15 -0.75 0.55
v 1.15 -0.65 0.55
v 1.15 -0.55 0.55
v 1.15 -0.45 0.55
v 1.15 0.45 0.55
v 1.15 0.55 0.55
v 1.15 0.65 0.55
v 1.15 0.75 0.55
v 1.15 0.95 0.55
v 1.15 1.05 0.55
v 1.25 -1.05 0.55
v 1.25 -0.95 0.55
v 1.25 -0.85 0.55
v 1.25 -0.55 0.55
v 1.25 -0.45 0.55
v 1.25 -0.25 0.55
v 1.25 0.25 0.55
v 1.25 0.45 0.55
v 1.25 0.55 0.55
v 1.25 0.85 0.55
v 1.25 0.95 0.55
v 1.25 1.05 0.55
v 1.35 -0.95 0.55
v 1.35 -0.85 0.55
v 1.35 -0.75 0.55
v 1.35 -0.65 0.55
v 1.35 -0.25 0.55
v 1.35 0.25 0.55
v 1.35 0.65 0.55
v 1.35 0.75 0.55
v 1.35 0.85 0.55
v 1.35 0.95 0.55
v 1.45 -0.75 0.55
v 1.45 -0.65 0.55
v 1.45 -0.55 0.55
v 1.45 -0.45 0.55
v 1.45 0.45 0.55
v 1.45 0.55 0.55
v 1.45 0.65 0.55
v 1.45 0.75 0.55
v 1.55 -0.55 0.55
v 1.55 -0.45 0.55
v 1.55 -0.15 0.55
v 1.55 0.15 0.55
v 1.55 0.45 0.55
v 1.55 0.55 0.55
v 1.65 -0.15 0.55
v 1.65 0.15 0.55
v -1.55 -0.45 0.45
v -1.55 -0.05 0.45
v -1.55 0.05 0.45
v -1.55 0.45 0.45
v -1.45 -0.65 0.45
v -1.45 -0.55 0.45
v -1.45 -0.45 0.45
v -1.45 -0.05 0.45
v -1.45 0.05 0.45
v -1.45 0.45 0.45
v -1.45 0.55 0.45
v -1.45 0.65 0.45
v -1.35 -0.85 0.45
v -1.35 -0.75 0.45
v -1.35 -0.65 0.45
v -1.35 -0.55 0.45
v -1.35 -0.45 0.45
v -1.35 -0.25 0.45
v -1.35 0.25 0.45
v -1.35 0.45 0.45
v -1.35 0.55 0.45
v -1.35 0.65 0.45
v -1.35 0.75 0.45
v -1.35 0.85 0.45
v -1.25 -0.85 0.45
v -1.25 -0.75 0.45
v -1.25 -0.65 0.45
v -1.25 -0.55 0.45
v -1.25 -0.45 0.45
v -1.25 -0.25 0.45
v -1.25 0.25 0.45
v -1.25 0.45 0.45
v -1.25 0.55 0.45
v -1.25 0.65 0.45
v -1.25 0.75 0.45
v -1.25 0.85 0.45
v -1.15 -1.15 0.45
v -1.15 -1.05 0.45
v -1.15 -0.85 0.45
v -1.15 -0.75 0.45
v -1.15 -0.65 0.45
v -1.15 -0.55 0.45
v -1.15 0.55 0.45
v -1.15 0.65 0.45
v -1.15 0.75 0.45
v -1.15 0.85 0.45
v -1.15 1.05 0.45
v -1.15 1.15 0.45
v -1.05 -1.15 0.45
v -1.05 -1.05 0.45
v -1.05 -0.95 0.45
v -1.05 -0.85 0.45
v -1.05 -0.75 0.45
v -1.05 0.75 0.45
v -1.05 0.85 0.45
v -1.05 0.95 0.45
v -1.05 1.05 0.45
v -1.05 1.15 0.45
v -0.95 -1.05 0.45
v -0.95 -0.95 0.45
v -0.95 -0.85 0.45
v -0.95 0.85 0.45
v -0.95 0.95 0.45
v -0.95 1.05 0.45
v -0.85 -1.35 0.45
v -0.85 -1.25 0.45
v -0.85 -1.15 0.45
v -0.85 -1.05 0.45
v -0.85 -0.95 0.45
v -0.85 0.95 0.45
v -0.85 1.05 0.45
v -0.85 1.15 0.45
v -0.85 1.25 0.45
v -0.85 1.35 0.45
v -0.75 -1.35 0.45
v -0.75 -1.25 0.45
v -0.75 -1.15 0.45
v -0.75 -1.05 0.45
v -0.75 1.05 0.45
v -0.75 1.15 0.45
v -0.75 1.25 0.45
v -0.75 1.35 0.45
v -0.65 -1.45 0.45
v -0.65 -1.35 0.45
v -0.65 -1.25 0.45
v -0.65 -1.15 0.45
v -0.65 1.15 0.45
v -0.65 1.25 0.45
v -0.65 1.35 0.45
v -0.65 1.45 0.45
v -0.55 -1.45 0.45
v -0.55 -1.35 0.45
v -0.55 -1.25 0.45
v -0.55 -1.15 0.45
v -0.55 1.15 0.45
v -0.55 1.25 0.45
v -0.55 1.35 0.45
v -0.55 1.45 0.45
v -0.45 -1.55 0.45
v -0.45 -1.45 0.45
v -0.45 -1.35 0.45
v -0.45 -1.25 0.45
v -0.45 1.25 0.45
v -0.45 1.35 0.45
v -0.45 1.45 0.45
v -0.45 1.55 0.45
v -0.25 -1.35 0.45
v -0.25 -1.25 0.45
v -0.25 1.25 0.45
v -0.25 1.35 0.45
v -0.05 -1.55 0.45
v -0.05 -1.45 0.45
v -0.05 1.45 0.45
v -0.05 1.55 0.45
v 0.05 -1.55 0.45
v 0.05 -1.45 0.45
v 0.05 1.45 0.45
v 0.05 1.55 0.45
v 0.25 -1.35 0.45
v 0.25 -1.25 0.45
v 0.25 1.25 0.45
v 0.25 1.35 0.45
v 0.45 -1.55 0.45
v 0.45 -1.45 0.45
v 0.45 -1.35 0.45
v 0.45 -1.25 0.45
v 0.45 1.25 0.45
v 0.45 1.35 0.45
v 0.45 1.45 0.45
v 0.45 1.55 0.45
v 0.55 -1.45 0.45
v 0.55 -1.35 0.45
v 0.55 -1.25 0.45
v 0.55 -1.15 0.45
v 0.55 1.15 0.45
v 0.55 1.25 0.45
v 0.55 1.35 0.45
v 0.55 1.45 0.45
v 0.65 -1.45 0.45
v 0.65 -1.35 0.45
v 0.65 -1.25 0.45
v 0.65 -1.15 0.45
v 0.65 1.15 0.45
v 0.65 1.25 0.45
v 0.65 1.35 0.45
v 0.65 1.45 0.45
v 0.75 -1.35 0.45
v 0.75 -1.25 0.45
v 0.75 -1.15 0.45
v 0.75 -1.05 0.45
v 0.75 1.05 0.45
v 0.75 1.15 0.45
v 0.75 1.25 0.45
v 0.75 1.35 0.45
v 0.85 -1.35 0.45
v 0.85 -1.25 0.45
v 0.85 -1.15 0.45
v 0.85 -1.05 0.45
v 0.85 -0.95 0.45
v 0.85 0.95 0.45
v 0.85 1.05 0.45
v 0.85 1.15 0.45
v 0.85 1.25 0.45
v 0.85 1.35 0.45
v 0.95 -1.05 0.45
v 0.95 -0.95 0.45
v 0.95 -0.85 0.45
v 0.95 0.85 0.45
v 0.95 0.95 0.45
v 0.95 1.05 0.45
v 1.05 -1.15 0.45
v 1.05 -1.05 0.45
v 1.05 -0.95 0.45
v 1.05 -0.85 0.45
v 1.05 -0.75 0.45
v 1.05 0.75 0.45
v 1.05 0.85 0.45
v 1.05 0.95 0.45
v 1.05 1.05 0.45
v 1.05 1.15 0.45
v 1.15 -1.15 0.45
v 1.15 -1.05 0.45
v 1.15 -0.85 0.45
v 1.15 -0.75 0.45
v 1.15 -0.65 0.45
v 1.15 -0.55 0.45
v 1.15 0.55 0.45
v 1.15 0.65 0.45
v 1.15 0.75 0.45
v 1.15 0.85 0.45
v 1.15 1.05 0.45
v 1.15 1.15 0.45
v 1.25 -0.85 0.45
v 1.25 -0.75 0.45
v 1.25 -0.65 0.45
v 1.25 -0.55 0.45
v 1.25 -0.45 0.45
v 1.25 -0.25 0.45
v 1.25 0.25 0.45
v 1.25 0.45 0.45
v 1.25 0.55 0.45
v 1.25 0.65 0.45
v 1.25 0.75 0.45
v 1.25 0.85 0.45
v 1.35 -0.85 0.45
v 1.35 -0.75 0.45
v 1.35 -0.65 0.45
v 1.35 -0.55 0.45
v 1.35 -0.45 0.45
v 1.35 -0.25 0.45
v 1.35 0.25 0.45
v 1.35 0.45 0.45
v 1.35 0.55 0.45
v 1.35 0.65 0.45
v 1.35 0.75 0.45
v 1.35 0.85 0.45
v 1.45 -0.65 0.45
v 1.45 -0.55 0.45
v 1.45 -0.45 0.45
v 1.45 -0.05 0.45
v 1.45 0.05 0.45
v 1.45 0.45 0.45
v 1.45 0.55 0.45
v 1.45 0.65 0.45
v 1.55 -0.45 0.45
v 1.55 -0.05 0.45
v 1.55 0.05 0.45
v 1.55 0.45 0.45
v -1.35 -0.55 0.35
v -1.35 -0.45 0.35
v -1.35 0.45 0.35
v -1.35 0.55 0.35
v -1.25 -0.75 0.35
v -1.25 -0.65 0.35
v -1.25 -0.55 0.35
v -1.25 -0.45 0.35
v -1.25 0.45 0.35
v -1.25 0.55 0.35
v -1.25 0.65 0.35
v -1.25 0.75 0.35
v -1.15 -0.75 0.35
v -1.15 -0.65 0.35
v -1.15 0.65 0.35
v -1.15 0.75 0.35
v -0.75 -1.25 0.35
v -0.75 -1.15 0.35
v -0.75 1.15 0.35
v -0.75 1.25 0.35
v -0.65 -1.25 0.35
v -0.65 -1.15 0.35
v -0.65 1.15 0.35
v -0.65 1.25 0.35
v -0.55 -1.35 0.35
v -0.55 -1.25 0.35
v -0.55 1.25 0.35
v -0.55 1.35 0.35
v -0.45 -1.35 0.35
v -0.45 -1.25 0.35
v -0.45 1.25 0.35
v -0.45 1.35 0.35
v 0.45 -1.35 0.35
v 0.45 -1.25 0.35
v 0.45 1.25 0.35
v 0.45 1.35 0.35
v 0.55 -1.35 0.35
v 0.55 -1.25 0.35
v 0.55 1.25 0.35
v 0.55 1.35 0.35
v 0.65 -1.25 0.35
v 0.65 -1.15 0.35
v 0.65 1.15 0.35
v 0.65 1.25 0.35
v 0.75 -1.25 0.35
v 0.75 -1.15 0.35
v 0.75 1.15 0.35
v 0.75 1.25 0.35
v 1.15 -0.75 0.35
v 1.15 -0.65 0.35
v 1.15 0.65 0.35
v 1.15 0.75 0.35
v 1.25 -0.75 0.35
v 1.25 -0.65 0.35
v 1.25 -0.55 0.35
v 1.25 -0.45 0.35
v 1.25 0.45 0.35
v 1.25 0.55 0.35
v 1.25 0.65 0.35
v 1.25 0.75 0.35
v 1.35 -0.55 0.35
v 1.35 -0.45 0.35
v 1.35 0.45 0.35
v 1.35 0.55 0.35
v -1.45 -0.25 0.25
v -1.45 0.25 0.25
v -1.35 -0.25 0.25
v -1.35 0.25 0.25
v -1.05 -1.05 0.25
v -1.05 -0.95 0.25
v -1.05 0.95 0.25
v -1.05 1.05 0.25
v -0.95 -1.05 0.25
v -0.95 -0.95 0.25
v -0.95 0.95 0.25
v -0.95 1.05 0.25
v -0.25 -1.45 0.25
v -0.25 -1.35 0.25
v -0.25 1.35 0.25
v -0.25 1.45 0.25
v 0.25 -1.45 0.25
v 0.25 -1.35 0.25
v 0.25 1.35 0.25
v 0.25 1.45 0.25
v 0.95 -1.05 0.25
v 0.95 -0.95 0.25
v 0.95 0.95 0.25
v 0.95 1.05 0.25
v 1.05 -1.05 0.25
v 1.05 -0.95 0.25
v 1.05 0.95 0.25
v 1.05 1.05 0.25
v 1.35 -0.25 0.25
v 1.35 0.25 0.25
v 1.45 -0.25 0.25
v 1.45 0.25 0.25
v -1.45 -0.35 0.15
v -1.45 -0.25 0.15
v -1.45 0.25 0.15
v -1.45 0.35 0.15
v -1.35 -0.65 0.15
v -1.35 -0.55 0.15
v -1.35 -0.35 0.15
v -1.35 -0.25 0.15
v -1.35 0.25 0.15
v -1.35 0.35 0.15
v -1.35 0.55 0.15
v -1.35 0.65 0.15
v -1.25 -0.65 0.15
v -1.25 -0.55 0.15
v -1.25 0.55 0.15
v -1.25 0.65 0.15
v -1.15 -0.95 0.15
v -1.15 -0.85 0.15
v -1.15 0.85 0.15
v -1.15 0.95 0.15
v -1.05 -0.95 0.15
v -1.05 -0.85 0.15
v -1.05 0.85 0.15
v -1.05 0.95 0.15
v -0.95 -1.15 0.15
v -0.95 -1.05 0.15
v -0.95 1.05 0.15
v -0.95 1.15 0.15
v -0.85 -1.15 0.15
v -0.85 -1.05 0.15
v -0.85 1.05 0.15
v -0.85 1.15 0.15
v -0.65 -1.35 0.15
v -0.65 -1.25 0.15
v -0.65 1.25 0.15
v -0.65 1.35 0.15
v -0.55 -1.35 0.15
v -0.55 -1.25 0.15
v -0.55 1.25 0.15
v -0.55 1.35 0.15
v -0.35 -1.45 0.15
v -0.35 -1.35 0.15
v -0.35 1.35 0.15
v -0.35 1.45 0.15
v -0.25 -1.45 0.15
v -0.25 -1.35 0.15
v -0.25 1.35 0.15
v -0.25 1.45 0.15
v 0.25 -1.45 0.15
v 0.25 -1.35 0.15
v 0.25 1.35 0.15
v 0.25 1.45 0.15
v 0.35 -1.45 0.15
v 0.35 -1.35 0.15
v 0.35 1.35 0.15
v 0.35 1.45 0.15
v 0.55 -1.35 0.15
v 0.55 -1.25 0.15
v 0.55 1.25 0.15
v 0.55 1.35 0.15
v 0.65 -1.35 0.15
v 0.65 -1.25 0.15
v 0.65 1.25 0.15
v 0.65 1.35 0.15
v 0.85 -1.15 0.15
v 0.85 -1.05 0.15
v 0.85 1.05 0.15
v 0.85 1.15 0.15
v 0.95 -1.15 0.15
v 0.95 -1.05 0.15
v 0.95 1.05 0.15
v 0.95 1.15 0.15
v 1.05 -0.95 0.15
v 1.05 -0.85 0.15
v 1.05 0.85 0.15
v 1.05 0.95 0.15
v 1.15 -0.95 0.15
v 1.15 -0.85 0.15
v 1.15 0.85 0.15
v 1.15 0.95 0.15
v 1.25 -0.65 0.15
v 1.25 -0.55 0.15
v 1.25 0.55 0.15
v 1.25 0.65 0.15
v 1.35 -0.65 0.15
v 1.35 -0.55 0.15
v 1.35 -0.35 0.15
v 1.35 -0.25 0.15
v 1.35 0.25 0.15
v 1.35 0.35 0.15
v 1.35 0.55 0.15
v 1.35 0.65 0.15
v 1.45 -0.35 0.15
v 1.45 -0.25 0.15
v 1.45 0.25 0.15
v 1.45 0.35 0.15
v -1.25 -0.85 0.05
v -1.25 -0.75 0.05
v -1.25 0.75 0.05
v -1.25 0.85 0.05
v -1.15 -0.85 0.05
v -1.15 -0.75 0.05
v -1.15 0.75 0.05
v -1.15 0.85 0.05
v -0.85 -1.25 0.05
v -0.85 -1.15 0.05
v -0.85 1.15 0.05
v -0.85 1.25 0.05
v -0.75 -1.25 0.05
v -0.75 -1.15 0.05
v -0.75 1.15 0.05
v -0.75 1.25 0.05
v 0.75 -1.25 0.05
v 0.75 -1.15 0.05
v 0.75 1.15 0.05
v 0.75 1.25 0.05
v 0.85 -1.25 0.05
v 0.85 -1.15 0.05
v 0.85 1.15 0.05
v 0.85 1.25 0.05
v 1.15 -0.85 0.05
v 1.15 -0.75 0.05
v 1.15 0.75 0.05
v 1.15 0.85 0.05
v 1.25 -0.85 0.05
v 1.25 -0.75 0.05
v 1.25 0.75 0.05
v 1.25 0.85 0.05
v -1.55 -0.95 -0.55
v -1.55 -0.85 -0.55
v -1.55 0.85 -0.55
v -1.55 0.95 -0.55
v -1.45 -0.95 -0.55
v -1.45 -0.85 -0.55
v -1.45 0.85 -0.55
v -1.45 0.95 -0.55
v -0.95 -1.55 -0.55
v -0.95 -1.45 -0.55
v -0.95 1.45 -0.55
v -0.95 1.55 -0.55
v -0.85 -1.55 -0.55
v -0.85 -1.45 -0.55
v -0.85 1.45 -0.55
v -0.85 1.55 -0.55
v 0.85 -1.55 -0.55
v 0.85 -1.45 -0.55
v 0.85 1.45 -0.55
v 0.85 1.55 -0.55
v 0.95 -1.55 -0.55
v 0.95 -1.45 -0.55
v 0.95 1.45 -0.55
v 0.95 1.55 -0.55
v 1.45 -0.95 -0.55
v 1.45 -0.85 -0.55
v 1.45 0.85 -0.55
v 1.45 0.95 -0.55
v 1.55 -0.95 -0.55
v 1.55 -0.85 -0.55
v 1.55 0.85 -0.55
v 1.55 0.95 -0.55
v -1.75 -0.45 -0.65
v -1.75 -0.35 -0.65
v -1.75 0.35 -0.65
v -1.75 0.45 -0.65
v -1.65 -0.75 -0.65
v -1.65 -0.65 -0.65
v -1.65 -0.45 -0.65
v -1.65 -0.35 -0.65
v -1.65 0.35 -0.65
v -1.65 0.45 -0.65
v -1.65 0.65 -0.65
v -1.65 0.75 -0.65
v -1.55 -0.75 -0.65
v -1.55 -0.65 -0.65
v -1.55 0.65 -0.65
v -1.55 0.75 -0.65
v -0.75 -1.65 -0.65
v -0.75 -1.55 -0.65
v -0.75 1.55 -0.65
v -0.75 1.65 -0.65
v -0.65 -1.65 -0.65
v -0.65 -1.55 -0.65
v -0.65 1.55 -0.65
v -0.65 1.65 -0.65
v -0.45 -1.75 -0.65
v -0.45 -1.65 -0.65
v -0.45 1.65 -0.65
v -0.45 1.75 -0.65
v -0.35 -1.75 -0.65
v -0.35 -1.65 -0.65
v -0.35 1.65 -0.65
v -0.35 1.75 -0.65
v 0.35 -1.75 -0.65
v 0.35 -1.65 -0.65
v 0.35 1.65 -0.65
v 0.35 1.75 -0.65
v 0.45 -1.75 -0.65
v 0.45 -1.65 -0.65
v 0.45 1.65 -0.65
v 0.45 1.75 -0.65
v 0.65 -1.65 -0.65
v 0.65 -1.55 -0.65
v 0.65 1.55 -0.65
v 0.65 1.65 -0.65
v 0.75 -1.65 -0.65
v 0.75 -1.55 -0.65
v 0.75 1.55 -0.65
v 0.75 1.65 -0.65
v 1.55 -0.75 -0.65
v 1.55 -0.65 -0.65
v 1.55 0.65 -0.65
v 1.55 0.75 -0.65
v 1.65 -0.75 -0.65
v 1.65 -0.65 -0.65
v 1.65 -0.45 -0.65
v 1.65 -0.35 -0.65
v 1.65 0.35 -0.65
v 1.65 0.45 -0.65
v 1.65 0.65 -0.65
v 1.65 0.75 -0.65
v 1.75 -0.45 -0.65
v 1.75 -0.35 -0.65
v 1.75 0.35 -0.65
v 1.75 0.45 -0.65
v -1.75 -0.35 -0.75
v -1.75 -0.25 -0.75
v -1.75 0.25 -0.75
v -1.75 0.35 -0.75
v -1.65 -0.35 -0.75
v -1.65 -0.25 -0.75
v -1.65 0.25 -0.75
v -1.65 0.35 -0.75
v -0.35 -1.75 -0.75
v -0.35 -1.65 -0.75
v -0.35 1.65 -0.75
v -0.35 1.75 -0.75
v -0.25 -1.75 -0.75
v -0.25 -1.65 -0.75
v -0.25 1.65 -0.75
v -0.25 1.75 -0.75
v -0.05 1.55 -0.75
v -0.05 1.75 -0.75
v 0.05 1.35 -0.75
v 0.05 1.55 -0.75
v 0.25 -1.75 -0.75
v 0.25 -1.65 -0.75
v 0.25 1.25 -0.75
v 0.25 1.35 -0.75
v 0.35 -1.75 -0.75
v 0.35 -1.65 -0.75
v 0.35 1.65 -0.75
v 0.35 1.75 -0.75
v 0.45 1.25 -0.75
v 0.45 1.35 -0.75
v 0.65 1.35 -0.75
v 0.65 1.55 -0.75
v 0.65 1.65 -0.75
v 1.65 -0.35 -0.75
v 1.65 -0.25 -0.75
v 1.65 0.25 -0.75
v 1.65 0.35 -0.75
v 1.75 -0.35 -0.75
v 1.75 -0.25 -0.75
v 1.75 0.25 -0.75
v 1.75 0.35 -0.75
v -1.75 -0.25 -0.85
v -1.75 -0.15 -0.85
v -1.75 0.15 -0.85
v -1.75 0.25 -0.85
v -1.65 -0.65 -0.85
v -1.65 -0.55 -0.85
v -1.65 -0.25 -0.85
v -1.65 -0.15 -0.85
v -1.65 0.15 -0.85
v -1.65 0.25 -0.85
v -1.65 0.55 -0.85
v -1.65 0.65 -0.85
v -1.55 -0.65 -0.85
v -1.55 -0.55 -0.85
v -1.55 0.55 -0.85
v -1.55 0.65 -0.85
v -1.45 -1.05 -0.85
v -1.45 -0.95 -0.85
v -1.45 0.95 -0.85
v -1.45 1.05 -0.85
v -1.35 -1.05 -0.85
v -1.35 -0.95 -0.85
v -1.35 0.95 -0.85
v -1.35 1.05 -0.85
v -1.05 -1.45 -0.85
v -1.05 -1.35 -0.85
v -1.05 1.35 -0.85
v -1.05 1.45 -0.85
v -0.95 -1.45 -0.85
v -0.95 -1.35 -0.85
v -0.95 1.35 -0.85
v -0.95 1.45 -0.85
v -0.65 -1.65 -0.85
v -0.65 -1.55 -0.85
v -0.65 1.55 -0.85
v -0.65 1.65 -0.85
v -0.55 -1.65 -0.85
v -0.55 -1.55 -0.85
v -0.55 1.55 -0.85
v -0.55 1.65 -0.85
v -0.25 -1.75 -0.85
v -0.25 -1.65 -0.85
v -0.25 1.35 -0.85
v -0.25 1.65 -0.85
v -0.25 1.75 -0.85
v -0.15 -1.75 -0.85
v -0.15 -1.65 -0.85
v -0.15 1.25 -0.85
v -0.15 1.35 -0.85
v -0.05 1.55 -0.85
v -0.05 1.75 -0.85
v 0.05 1.35 -0.85
v 0.05 1.55 -0.85
v 0.15 -1.75 -0.85
v 0.15 -1.65 -0.85
v 0.25 -1.75 -0.85
v 0.25 -1.65 -0.85
v 0.25 1.25 -0.85
v 0.25 1.35 -0.85
v 0.45 1.15 -0.85
v 0.45 1.35 -0.85
v 0.55 -1.65 -0.85
v 0.55 -1.55 -0.85
v 0.65 -1.65 -0.85
v 0.65 -1.55 -0.85
v 0.65 1.15 -0.85
v 0.65 1.35 -0.85
v 0.65 1.55 -0.85
v 0.75 1.15 -0.85
v 0.75 1.25 -0.85
v 0.85 1.25 -0.85
v 0.85 1.35 -0.85
v 0.85 1.45 -0.85
v 0.85 1.55 -0.85
v 0.95 -1.45 -0.85
v 0.95 -1.35 -0.85
v 1.05 -1.45 -0.85
v 1.05 -1.35 -0.85
v 1.05 1.35 -0.85
v 1.05 1.45 -0.85
v 1.35 -1.05 -0.85
v 1.35 -0.95 -0.85
v 1.35 0.95 -0.85
v 1.35 1.05 -0.85
v 1.45 -1.05 -0.85
v 1.45 -0.95 -0.85
v 1.45 0.95 -0.85
v 1.45 1.05 -0.85
v 1.55 -0.65 -0.85
v 1.55 -0.55 -0.85
v 1.55 0.55 -0.85
v 1.55 0.65 -0.85
v 1.65 -0.65 -0.85
v 1.65 -0.55 -0.85
v 1.65 -0.25 -0.85
v 1.65 -0.15 -0.85
v 1.65 0.15 -0.85
v 1.65 0.25 -0.85
v 1.65 0.55 -0.85
v 1.65 0.65 -0.85
v 1.75 -0.25 -0.85
v 1.75 -0.15 -0.85
v 1.75 0.15 -0.85
v 1.75 0.25 -0.85
v -1.75 -0.15 -0.95
v -1.75 0.15 -0.95
v -1.65 -0.15 -0.95
v -1.65 0.15 -0.95
v -1.55 -0.85 -0.95
v -1.55 -0.75 -0.95
v -1.55 0.75 -0.95
v -1.55 0.85 -0.95
v -1.45 -0.85 -0.95
v -1.45 -0.75 -0.95
v -1.45 0.75 -0.95
v -1.45 0.85 -0.95
v -1.35 -1.15 -0.95
v -1.35 -1.05 -0.95
v -1.35 -0.25 -0.95
v -1.35 0.25 -0.95
v -1.35 1.05 -0.95
v -1.35 1.15 -0.95
v -1.25 -1.25 -0.95
v -1.25 -1.15 -0.95
v -1.25 -1.05 -0.95
v -1.25 -0.55 -0.95
v -1.25 -0.45 -0.95
v -1.25 -0.25 -0.95
v -1.25 0.25 -0.95
v -1.25 0.45 -0.95
v -1.25 0.55 -0.95
v -1.25 1.05 -0.95
v -1.25 1.15 -0.95
v -1.25 1.25 -0.95
v -1.15 -1.35 -0.95
v -1.15 -1.25 -0.95
v -1.15 -1.15 -0.95
v -1.15 -0.75 -0.95
v -1.15 -0.65 -0.95
v -1.15 -0.55 -0.95
v -1.15 -0.45 -0.95
v -1.15 0.45 -0.95
v -1.15 0.55 -0.95
v -1.15 0.65 -0.95
v -1.15 0.75 -0.95
v -1.15 1.15 -0.95
v -1.15 1.25 -0.95
v -1.15 1.35 -0.95
v -1.05 -1.35 -0.95
v -1.05 -1.25 -0.95
v -1.05 -0.85 -0.95
v -1.05 -0.75 -0.95
v -1.05 -0.65 -0.95
v -1.05 0.65 -0.95
v -1.05 0.75 -0.95
v -1.05 0.85 -0.95
v -1.05 1.25 -0.95
v -1.05 1.35 -0.95
v -0.95 -0.95 -0.95
v -0.95 -0.85 -0.95
v -0.95 -0.75 -0.95
v -0.95 0.75 -0.95
v -0.95 0.85 -0.95
v -0.95 0.95 -0.95
v -0.85 -1.55 -0.95
v -0.85 -1.45 -0.95
v -0.85 -1.05 -0.95
v -0.85 -0.95 -0.95
v -0.85 -0.85 -0.95
v -0.85 0.85 -0.95
v -0.85 0.95 -0.95
v -0.85 1.05 -0.95
v -0.85 1.45 -0.95
v -0.85 1.55 -0.95
v -0.75 -1.55 -0.95
v -0.75 -1.45 -0.95
v -0.75 -1.15 -0.95
v -0.75 -1.05 -0.95
v -0.75 -0.95 -0.95
v -0.75 0.95 -0.95
v -0.75 1.05 -0.95
v -0.75 1.15 -0.95
v -0.75 1.45 -0.95
v -0.75 1.55 -0.95
v -0.65 -1.15 -0.95
v -0.65 -1.05 -0.95
v -0.65 1.05 -0.95
v -0.65 1.15 -0.95
v -0.55 -1.25 -0.95
v -0.55 -1.15 -0.95
v -0.55 1.15 -0.95
v -0.55 1.25 -0.95
v -0.45 -1.25 -0.95
v -0.45 -1.15 -0.95
v -0.45 1.15 -0.95
v -0.45 1.25 -0.95
v -0.45 1.45 -0.95
v -0.45 1.65 -0.95
v -0.35 1.25 -0.95
v -0.35 1.45 -0.95
v -0.25 -1.35 -0.95
v -0.25 -1.25 -0.95
v -0.25 1.35 -0.95
v -0.25 1.65 -0.95
v -0.15 -1.75 -0.95
v -0.15 -1.65 -0.95
v -0.15 1.25 -0.95
v -0.15 1.35 -0.95
v 0.15 -1.75 -0.95
v 0.15 -1.65 -0.95
v 0.25 -1.35 -0.95
v 0.25 -1.25 -0.95
v 0.45 -1.25 -0.95
v 0.45 -1.15 -0.95
v 0.55 -1.25 -0.95
v 0.55 -1.15 -0.95
v 0.65 -1.15 -0.95
v 0.65 -1.05 -0.95
v 0.65 1.05 -0.95
v 0.65 1.15 -0.95
v 0.75 -1.55 -0.95
v 0.75 -1.45 -0.95
v 0.75 -1.15 -0.95
v 0.75 -1.05 -0.95
v 0.75 -0.95 -0.95
v 0.75 0.95 -0.95
v 0.75 1.05 -0.95
v 0.75 1.15 -0.95
v 0.75 1.25 -0.95
v 0.85 -1.55 -0.95
v 0.85 -1.45 -0.95
v 0.85 -1.05 -0.95
v 0.85 -0.95 -0.95
v 0.85 -0.85 -0.95
v 0.85 0.85 -0.95
v 0.85 0.95 -0.95
v 0.85 1.15 -0.95
v 0.85 1.25 -0.95
v 0.85 1.35 -0.95
v 0.95 -0.95 -0.95
v 0.95 -0.85 -0.95
v 0.95 -0.75 -0.95
v 0.95 0.75 -0.95
v 0.95 0.85 -0.95
v 0.95 0.95 -0.95
v 0.95 1.15 -0.95
v 0.95 1.25 -0.95
v 1.05 -1.35 -0.95
v 1.05 -1.25 -0.95
v 1.05 -0.85 -0.95
v 1.05 -0.75 -0.95
v 1.05 -0.65 -0.95
v 1.05 0.65 -0.95
v 1.05 0.75 -0.95
v 1.05 0.85 -0.95
v 1.15 -1.35 -0.95
v 1.15 -1.25 -0.95
v 1.15 -1.15 -0.95
v 1.15 -0.75 -0.95
v 1.15 -0.65 -0.95
v 1.15 -0.55 -0.95
v 1.15 -0.45 -0.95
v 1.15 0.45 -0.95
v 1.15 0.55 -0.95
v 1.15 0.65 -0.95
v 1.15 0.75 -0.95
v 1.15 1.15 -0.95
v 1.15 1.25 -0.95
v 1.15 1.35 -0.95
v 1.25 -1.25 -0.95
v 1.25 -1.15 -0.95
v 1.25 -1.05 -0.95
v 1.25 -0.55 -0.95
v 1.25 -0.45 -0.95
v 1.25 -0.25 -0.95
v 1.25 0.25 -0.95
v 1.25 0.45 -0.95
v 1.25 0.55 -0.95
v 1.25 1.05 -0.95
v 1.25 1.15 -0.95
v 1.25 1.25 -0.95
v 1.35 -1.15 -0.95
v 1.35 -1.05 -0.95
v 1.35 -0.25 -0.95
v 1.35 0.25 -0.95
v 1.35 1.05 -0.95
v 1.35 1.15 -0.95
v 1.45 -0.85 -0.95
v 1.45 -0.75 -0.95
v 1.45 0.75 -0.95
v 1.45 0.85 -0.95
v 1.55 -0.85 -0.95
v 1.55 -0.75 -0.95
v 1.55 0.75 -0.95
v 1.55 0.85 -0.95
v 1.65 -0.15 -0.95
v 1.65 0.15 -0.95
v 1.75 -0.15 -0.95
v 1.75 0.15 -0.95
v -1.65 -0.55 -1.05
v -1.65 -0.35 -1.05
v -1.65 0.35 -1.05
v -1.65 0.55 -1.05
v -1.55 -0.75 -1.05
v -1.55 -0.65 -1.05
v -1.55 -0.55 -1.05
v -1.55 -0.35 -1.05
v -1.55 0.35 -1.05
v -1.55 0.55 -1.05
v -1.55 0.65 -1.05
v -1.55 0.75 -1.05
v -1.45 -0.95 -1.05
v -1.45 -0.85 -1.05
v -1.45 -0.75 -1.05
v -1.45 -0.65 -1.05
v -1.45 0.65 -1.05
v -1.45 0.75 -1.05
v -1.45 0.85 -1.05
v -1.45 0.95 -1.05
v -1.35 -0.95 -1.05
v -1.35 -0.85 -1.05
v -1.35 -0.45 -1.05
v -1.35 -0.25 -1.05
v -1.35 0.25 -1.05
v -1.35 0.45 -1.05
v -1.35 0.85 -1.05
v -1.35 0.95 -1.05
v -1.25 -0.65 -1.05
v -1.25 -0.55 -1.05
v -1.25 -0.45 -1.05
v -1.25 -0.25 -1.05
v -1.25 0.25 -1.05
v -1.25 0.45 -1.05
v -1.25 0.55 -1.05
v -1.25 0.65 -1.05
v -1.15 -0.85 -1.05
v -1.15 -0.75 -1.05
v -1.15 -0.65 -1.05
v -1.15 -0.55 -1.05
v -1.15 0.55 -1.05
v -1.15 0.65 -1.05
v -1.15 0.75 -1.05
v -1.15 0.85 -1.05
v -1.05 -0.95 -1.05
v -1.05 -0.85 -1.05
v -1.05 -0.75 -1.05
v -1.05 0.75 -1.05
v -1.05 0.85 -1.05
v -1.05 0.95 -1.05
v -0.95 -1.45 -1.05
v -0.95 -1.35 -1.05
v -0.95 -1.05 -1.05
v -0.95 -0.95 -1.05
v -0.95 -0.85 -1.05
v -0.95 0.85 -1.05
v -0.95 0.95 -1.05
v -0.95 1.05 -1.05
v -0.95 1.35 -1.05
v -0.95 1.45 -1.05
v -0.85 -1.45 -1.05
v -0.85 -1.35 -1.05
v -0.85 -1.15 -1.05
v -0.85 -1.05 -1.05
v -0.85 -0.95 -1.05
v -0.85 0.95 -1.05
v -0.85 1.05 -1.05
v -0.85 1.15 -1.05
v -0.85 1.35 -1.05
v -0.85 1.45 -1.05
v -0.75 -1.55 -1.05
v -0.75 -1.45 -1.05
v -0.75 -1.15 -1.05
v -0.75 -1.05 -1.05
v -0.75 1.05 -1.05
v -0.75 1.15 -1.05
v -0.75 1.45 -1.05
v -0.75 1.55 -1.05
v -0.65 -1.55 -1.05
v -0.65 -1.45 -1.05
v -0.65 -1.25 -1.05
v -0.65 -1.15 -1.05
v -0.65 1.15 -1.05
v -0.65 1.25 -1.05
v -0.65 1.45 -1.05
v -0.65 1.55 -1.05
v -0.55 -1.65 -1.05
v -0.55 -1.55 -1.05
v -0.55 -1.25 -1.05
v -0.55 -1.15 -1.05
v -0.55 1.15 -1.05
v -0.55 1.25 -1.05
v -0.55 1.35 -1.05
v -0.55 1.55 -1.05
v -0.55 1.65 -1.05
v -0.45 -1.35 -1.05
v -0.45 -1.25 -1.05
v -0.45 1.25 -1.05
v -0.45 1.35 -1.05
v -0.45 1.45 -1.05
v -0.45 1.65 -1.05
v -0.35 -1.65 -1.05
v -0.35 -1.55 -1.05
v -0.35 1.25 -1.05
v -0.35 1.45 -1.05
v -0.25 -1.35 -1.05
v -0.25 -1.25 -1.05
v 0.25 -1.35 -1.05
v 0.25 -1.25 -1.05
v 0.35 -1.65 -1.05
v 0.35 -1.55 -1.05
v 0.45 -1.35 -1.05
v 0.45 -1.25 -1.05
v 0.55 -1.65 -1.05
v 0.55 -1.55 -1.05
v 0.55 -1.25 -1.05
v 0.55 -1.15 -1.05
v 0.65 -1.55 -1.05
v 0.65 -1.45 -1.05
v 0.65 -1.25 -1.05
v 0.65 -1.15 -1.05
v 0.75 -1.55 -1.05
v 0.75 -1.45 -1.05
v 0.75 -1.15 -1.05
v 0.75 -1.05 -1.05
v 0.85 -1.45 -1.05
v 0.85 -1.35 -1.05
v 0.85 -1.15 -1.05
v 0.85 -1.05 -1.05
v 0.85 -0.95 -1.05
v 0.85 0.95 -1.05
v 0.85 1.15 -1.05
v 0.95 -1.45 -1.05
v 0.95 -1.35 -1.05
v 0.95 -1.05 -1.05
v 0.95 -0.95 -1.05
v 0.95 -0.85 -1.05
v 0.95 0.85 -1.05
v 0.95 0.95 -1.05
v 0.95 1.05 -1.05
v 0.95 1.15 -1.05
v 0.95 1.25 -1.05
v 1.05 -0.95 -1.05
v 1.05 -0.85 -1.05
v 1.05 -0.75 -1.05
v 1.05 0.75 -1.05
v 1.05 0.85 -1.05
v 1.05 0.95 -1.05
v 1.05 1.05 -1.05
v 1.05 1.15 -1.05
v 1.15 -0.85 -1.05
v 1.15 -0.75 -1.05
v 1.15 -0.65 -1.05
v 1.15 -0.55 -1.05
v 1.15 0.55 -1.05
v 1.15 0.65 -1.05
v 1.15 0.75 -1.05
v 1.15 0.85 -1.05
v 1.15 1.15 -1.05
v 1.15 1.25 -1.05
v 1.25 -0.65 -1.05
v 1.25 -0.55 -1.05
v 1.25 -0.45 -1.05
v 1.25 -0.25 -1.05
v 1.25 0.25 -1.05
v 1.25 0.45 -1.05
v 1.25 0.55 -1.05
v 1.25 0.65 -1.05
v 1.35 -0.95 -1.05
v 1.35 -0.85 -1.05
v 1.35 -0.45 -1.05
v 1.35 -0.25 -1.05
v 1.35 0.25 -1.05
v 1.35 0.45 -1.05
v 1.35 0.85 -1.05
v 1.35 0.95 -1.05
v 1.45 -0.95 -1.05
v 1.45 -0.85 -1.05
v 1.45 -0.75 -1.05
v 1.45 -0.65 -1.05
v 1.45 0.65 -1.05
v 1.45 0.75 -1.05
v 1.45 0.85 -1.05
v 1.45 0.95 -1.05
v 1.55 -0.75 -1.05
v 1.55 -0.65 -1.05
v 1.55 -0.55 -1.05
v 1.55 -0.35 -1.05
v 1.55 0.35 -1.05
v 1.55 0.55 -1.05
v 1.55 0.65 -1.05
v 1.55 0.75 -1.05
v 1.65 -0.55 -1.05
v 1.65 -0.35 -1.05
v 1.65 0.35 -1.05
v 1.65 0.55 -1.05
v -1.65 -0.35 -1.15
v -1.65 -0.15 -1.15
v -1.65 0.15 -1.15
v -1.65 0.35 -1.15
v -1.55 -0.65 -1.15
v -1.55 -0.55 -1.15
v -1.55 -0.35 -1.15
v -1.55 -0.15 -1.15
v -1.55 0.15 -1.15
v -1.55 0.35 -1.15
v -1.55 0.55 -1.15
v -1.55 0.65 -1.15
v -1.45 -0.85 -1.15
v -1.45 -0.75 -1.15
v -1.45 -0.65 -1.15
v -1.45 -0.55 -1.15
v -1.45 0.55 -1.15
v -1.45 0.65 -1.15
v -1.45 0.75 -1.15
v -1.45 0.85 -1.15
v -1.35 -1.05 -1.15
v -1.35 -0.95 -1.15
v -1.35 -0.85 -1.15
v -1.35 -0.75 -1.15
v -1.35 -0.55 -1.15
v -1.35 -0.45 -1.15
v -1.35 0.45 -1.15
v -1.35 0.55 -1.15
v -1.35 0.75 -1.15
v -1.35 0.85 -1.15
v -1.35 0.95 -1.15
v -1.35 1.05 -1.15
v -1.25 -1.15 -1.15
v -1.25 -1.05 -1.15
v -1.25 -0.95 -1.15
v -1.25 -0.75 -1.15
v -1.25 -0.65 -1.15
v -1.25 -0.55 -1.15
v -1.25 -0.45 -1.15
v -1.25 0.45 -1.15
v -1.25 0.55 -1.15
v -1.25 0.65 -1.15
v -1.25 0.75 -1.15
v -1.25 0.95 -1.15
v -1.25 1.05 -1.15
v -1.25 1.15 -1.15
v -1.15 -1.25 -1.15
v -1.15 -1.15 -1.15
v -1.15 -1.05 -1.15
v -1.15 -0.75 -1.15
v -1.15 -0.65 -1.15
v -1.15 0.65 -1.15
v -1.15 0.75 -1.15
v -1.15 1.05 -1.15
v -1.15 1.15 -1.15
v -1.15 1.25 -1.15
v -1.05 -1.35 -1.15
v -1.05 -1.25 -1.15
v -1.05 -1.15 -1.15
v -1.05 1.15 -1.15
v -1.05 1.25 -1.15
v -1.05 1.35 -1.15
v -0.95 -1.35 -1.15
v -0.95 -1.25 -1.15
v -0.95 1.25 -1.15
v -0.95 1.35 -1.15
v -0.85 -1.45 -1.15
v -0.85 -1.35 -1.15
v -0.85 1.35 -1.15
v -0.85 1.45 -1.15
v -0.75 -1.45 -1.15
v -0.75 -1.35 -1.15
v -0.75 -1.25 -1.15
v -0.75 -1.15 -1.15
v -0.75 1.15 -1.15
v -0.75 1.25 -1.15
v -0.75 1.35 -1.15
v -0.75 1.45 -1.15
v -0.65 -1.55 -1.15
v -0.65 -1.45 -1.15
v -0.65 -1.25 -1.15
v -0.65 -1.15 -1.15
v -0.65 1.15 -1.15
v -0.65 1.25 -1.15
v -0.65 1.35 -1.15
v -0.65 1.45 -1.15
v -0.65 1.55 -1.15
v -0.55 -1.55 -1.15
v -0.55 -1.45 -1.15
v -0.55 -1.35 -1.15
v -0.55 -1.25 -1.15
v -0.55 1.25 -1.15
v -0.55 1.35 -1.15
v -0.55 1.55 -1.15
v -0.45 -1.35 -1.15
v -0.45 -1.25 -1.15
v -0.45 1.25 -1.15
v -0.45 1.35 -1.15
v -0.35 -1.65 -1.15
v -0.35 -1.55 -1.15
v -0.15 -1.65 -1.15
v -0.15 -1.55 -1.15
v 0.15 -1.65 -1.15
v 0.15 -1.55 -1.15
v 0.35 -1.65 -1.15
v 0.35 -1.55 -1.15
v 0.45 -1.35 -1.15
v 0.45 -1.25 -1.15
v 0.55 -1.55 -1.15
v 0.55 -1.45 -1.15
v 0.55 -1.35 -1.15
v 0.55 -1.25 -1.15
v 0.65 -1.55 -1.15
v 0.65 -1.45 -1.15
v 0.65 -1.25 -1.15
v 0.65 -1.15 -1.15
v 0.75 -1.45 -1.15
v 0.75 -1.35 -1.15
v 0.75 -1.25 -1.15
v 0.75 -1.15 -1.15
v 0.85 -1.45 -1.15
v 0.85 -1.35 -1.15
v 0.95 -1.35 -1.15
v 0.95 -1.25 -1.15
v 0.95 0.95 -1.15
v 0.95 1.05 -1.15
v 1.05 -1.35 -1.15
v 1.05 -1.25 -1.15
v 1.05 -1.15 -1.15
v 1.05 0.95 -1.15
v 1.05 1.05 -1.15
v 1.05 1.15 -1.15
v 1.15 -1.25 -1.15
v 1.15 -1.15 -1.15
v 1.15 -1.05 -1.15
v 1.15 -0.75 -1.15
v 1.15 -0.65 -1.15
v 1.15 0.65 -1.15
v 1.15 0.75 -1.15
v 1.25 -1.15 -1.15
v 1.25 -1.05 -1.15
v 1.25 -0.95 -1.15
v 1.25 -0.75 -1.15
v 1.25 -0.65 -1.15
v 1.25 -0.55 -1.15
v 1.25 -0.45 -1.15
v 1.25 0.45 -1.15
v 1.25 0.55 -1.15
v 1.25 0.65 -1.15
v 1.25 0.75 -1.15
v 1.25 0.95 -1.15
v 1.25 1.05 -1.15
v 1.25 1.15 -1.15
v 1.35 -1.05 -1.15
v 1.35 -0.95 -1.15
v 1.35 -0.85 -1.15
v 1.35 -0.75 -1.15
v 1.35 -0.55 -1.15
v 1.35 -0.45 -1.15
v 1.35 0.45 -1.15
v 1.35 0.55 -1.15
v 1.35 0.75 -1.15
v 1.35 0.85 -1.15
v 1.35 0.95 -1.15
v 1.35 1.05 -1.15
v 1.45 -0.85 -1.15
v 1.45 -0.75 -1.15
v 1.45 -0.65 -1.15
v 1.45 -0.55 -1.15
v 1.45 0.55 -1.15
v 1.45 0.65 -1.15
v 1.45 0.75 -1.15
v 1.45 0.85 -1.15
v 1.55 -0.65 -1.15
v 1.55 -0.55 -1.15
v 1.55 -0.35 -1.15
v 1.55 -0.15 -1.15
v 1.55 0.15 -1.15
v 1.55 0.35 -1.15
v 1.55 0.55 -1.15
v 1.55 0.65 -1.15
v 1.65 -0.35 -1.15
v 1.65 -0.15 -1.15
v 1.65 0.15 -1.15
v 1.65 0.35 -1.15
v -1.65 -0.15 -1.25
v -1.65 0.15 -1.25
v -1.55 -0.55 -1.25
v -1.55 -0.45 -1.25
v -1.55 -0.15 -1.25
v -1.55 0.15 -1.25
v -1.55 0.45 -1.25
v -1.55 0.55 -1.25
v -1.45 -0.75 -1.25
v -1.45 -0.65 -1.25
v -1.45 -0.55 -1.25
v -1.45 -0.45 -1.25
v -1.45 -0.25 -1.25
v -1.45 0.25 -1.25
v -1.45 0.45 -1.25
v -1.45 0.55 -1.25
v -1.45 0.65 -1.25
v -1.45 0.75 -1.25
v -1.35 -0.95 -1.25
v -1.35 -0.85 -1.25
v -1.35 -0.75 -1.25
v -1.35 -0.65 -1.25
v -1.35 -0.25 -1.25
v -1.35 0.25 -1.25
v -1.35 0.65 -1.25
v -1.35 0.75 -1.25
v -1.35 0.85 -1.25
v -1.35 0.95 -1.25
v -1.25 -1.05 -1.25
v -1.25 -0.95 -1.25
v -1.25 -0.85 -1.25
v -1.25 0.85 -1.25
v -1.25 0.95 -1.25
v -1.25 1.05 -1.25
v -1.15 -1.05 -1.25
v -1.15 -0.95 -1.25
v -1.15 0.95 -1.25
v -1.15 1.05 -1.25
v -1.05 -1.25 -1.25
v -1.05 -1.15 -1.25
v -1.05 -1.05 -1.25
v -1.05 -0.95 -1.25
v -1.05 0.95 -1.25
v -1.05 1.05 -1.25
v -1.05 1.15 -1.25
v -1.05 1.25 -1.25
v -0.95 -1.35 -1.25
v -0.95 -1.25 -1.25
v -0.95 -1.15 -1.25
v -0.95 -1.05 -1.25
v -0.95 -0.95 -1.25
v -0.95 0.95 -1.25
v -0.95 1.05 -1.25
v -0.95 1.15 -1.25
v -0.95 1.25 -1.25
v -0.95 1.35 -1.25
v -0.85 -1.35 -1.25
v -0.85 -1.25 -1.25
v -0.85 1.25 -1.25
v -0.85 1.35 -1.25
v -0.75 -1.45 -1.25
v -0.75 -1.35 -1.25
v -0.75 1.35 -1.25
v -0.75 1.45 -1.25
v -0.65 -1.45 -1.25
v -0.65 -1.35 -1.25
v -0.65 1.25 -1.25
v -0.65 1.35 -1.25
v -0.65 1.45 -1.25
v -0.55 -1.55 -1.25
v -0.55 -1.45 -1.25
v -0.55 1.25 -1.25
v -0.55 1.35 -1.25
v -0.45 -1.55 -1.25
v -0.45 -1.45 -1.25
v -0.25 -1.45 -1.25
v -0.25 -1.35 -1.25
v -0.15 -1.65 -1.25
v -0.15 -1.55 -1.25
v 0.15 -1.65 -1.25
v 0.15 -1.55 -1.25
v 0.25 -1.45 -1.25
v 0.25 -1.35 -1.25
v 0.45 -1.55 -1.25
v 0.45 -1.45 -1.25
v 0.55 -1.55 -1.25
v 0.55 -1.45 -1.25
v 0.65 -1.45 -1.25
v 0.65 -1.35 -1.25
v 0.75 -1.45 -1.25
v 0.75 -1.35 -1.25
v 0.85 -1.35 -1.25
v 0.85 -1.25 -1.25
v 0.95 -1.35 -1.25
v 0.95 -1.25 -1.25
v 0.95 -1.15 -1.25
v 0.95 -1.05 -1.25
v 0.95 -0.95 -1.25
v 1.05 -1.25 -1.25
v 1.05 -1.15 -1.25
v 1.05 -1.05 -1.25
v 1.05 -0.95 -1.25
v 1.05 0.85 -1.25
v 1.05 1.05 -1.25
v 1.15 -1.05 -1.25
v 1.15 -0.95 -1.25
v 1.15 0.85 -1.25
v 1.15 0.95 -1.25
v 1.25 -1.05 -1.25
v 1.25 -0.95 -1.25
v 1.25 -0.85 -1.25
v 1.25 0.85 -1.25
v 1.25 0.95 -1.25
v 1.25 1.05 -1.25
v 1.35 -0.95 -1.25
v 1.35 -0.85 -1.25
v 1.35 -0.75 -1.25
v 1.35 -0.65 -1.25
v 1.35 -0.25 -1.25
v 1.35 0.25 -1.25
v 1.35 0.65 -1.25
v 1.35 0.75 -1.25
v 1.35 0.85 -1.25
v 1.35 0.95 -1.25
v 1.45 -0.75 -1.25
v 1.45 -0.65 -1.25
v 1.45 -0.55 -1.25
v 1.45 -0.45 -1.25
v 1.45 -0.25 -1.25
v 1.45 0.25 -1.25
v 1.45 0.45 -1.25
v 1.45 0.55 -1.25
v 1.45 0.65 -1.25
v 1.45 0.75 -1.25
v 1.55 -0.55 -1.25
v 1.55 -0.45 -1.25
v 1.55 -0.15 -1.25
v 1.55 0.15 -1.25
v 1.55 0.45 -1.25
v 1.55 0.55 -1.25
v 1.65 -0.15 -1.25
v 1.65 0.15 -1.25
v -1.55 -0.45 -1.35
v -1.55 -0.35 -1.35
v -1.55 0.35 -1.35
v -1.55 0.45 -1.35
v -1.45 -0.45 -1.35
v -1.45 -0.35 -1.35
v -1.45 -0.25 -1.35
v -1.45 0.25 -1.35
v -1.45 0.35 -1.35
v -1.45 0.45 -1.35
v -1.35 -0.85 -1.35
v -1.35 -0.75 -1.35
v -1.35 -0.65 -1.35
v -1.35 -0.55 -1.35
v -1.35 -0.35 -1.35
v -1.35 -0.25 -1.35
v -1.35 0.25 -1.35
v -1.35 0.35 -1.35
v -1.35 0.55 -1.35
v -1.35 0.65 -1.35
v -1.35 0.75 -1.35
v -1.35 0.85 -1.35
v -1.25 -0.85 -1.35
v -1.25 -0.75 -1.35
v -1.25 -0.65 -1.35
v -1.25 -0.55 -1.35
v -1.25 0.55 -1.35
v -1.25 0.65 -1.35
v -1.25 0.75 -1.35
v -1.25 0.85 -1.35
v -1.15 -1.15 -1.35
v -1.15 -1.05 -1.35
v -1.15 -0.95 -1.35
v -1.15 -0.85 -1.35
v -1.15 0.85 -1.35
v -1.15 0.95 -1.35
v -1.15 1.05 -1.35
v -1.15 1.15 -1.35
v -1.05 -1.15 -1.35
v -1.05 -1.05 -1.35
v -1.05 -0.95 -1.35
v -1.05 -0.85 -1.35
v -1.05 0.85 -1.35
v -1.05 0.95 -1.35
v -1.05 1.05 -1.35
v -1.05 1.15 -1.35
v -0.95 -1.15 -1.35
v -0.95 -1.05 -1.35
v -0.95 1.05 -1.35
v -0.95 1.15 -1.35
v -0.85 -1.35 -1.35
v -0.85 -1.25 -1.35
v -0.85 -1.15 -1.35
v -0.85 -1.05 -1.35
v -0.85 1.05 -1.35
v -0.85 1.15 -1.35
v -0.85 1.25 -1.35
v -0.85 1.35 -1.35
v -0.75 -1.35 -1.35
v -0.75 -1.25 -1.35
v -0.75 1.25 -1.35
v -0.65 -1.35 -1.35
v -0.65 -1.25 -1.35
v -0.65 1.25 -1.35
v -0.65 1.35 -1.35
v -0.55 -1.35 -1.35
v -0.55 -1.25 -1.35
v -0.45 -1.55 -1.35
v -0.45 -1.45 -1.35
v -0.35 -1.55 -1.35
v -0.35 -1.45 -1.35
v -0.35 -1.35 -1.35
v -0.25 -1.45 -1.35
v -0.25 -1.35 -1.35
v 0.25 -1.45 -1.35
v 0.25 -1.35 -1.35
v 0.35 -1.55 -1.35
v 0.35 -1.45 -1.35
v 0.35 -1.35 -1.35
v 0.45 -1.55 -1.35
v 0.45 -1.45 -1.35
v 0.55 -1.35 -1.35
v 0.55 -1.25 -1.35
v 0.65 -1.35 -1.35
v 0.65 -1.25 -1.35
v 0.75 -1.35 -1.35
v 0.75 -1.25 -1.35
v 0.85 -1.35 -1.35
v 0.85 -1.25 -1.35
v 0.85 -1.15 -1.35
v 0.85 -1.05 -1.35
v 0.95 -1.15 -1.35
v 0.95 -1.05 -1.35
v 1.05 -1.15 -1.35
v 1.05 -1.05 -1.35
v 1.05 -0.95 -1.35
v 1.05 -0.85 -1.35
v 1.15 -1.15 -1.35
v 1.15 -1.05 -1.35
v 1.15 -0.95 -1.35
v 1.15 -0.85 -1.35
v 1.15 0.75 -1.35
v 1.15 0.95 -1.35
v 1.25 -0.85 -1.35
v 1.25 -0.75 -1.35
v 1.25 -0.65 -1.35
v 1.25 -0.55 -1.35
v 1.25 0.55 -1.35
v 1.25 0.75 -1.35
v 1.25 0.85 -1.35
v 1.25 0.95 -1.35
v 1.35 -0.85 -1.35
v 1.35 -0.75 -1.35
v 1.35 -0.65 -1.35
v 1.35 -0.55 -1.35
v 1.35 -0.35 -1.35
v 1.35 -0.25 -1.35
v 1.35 0.25 -1.35
v 1.35 0.55 -1.35
v 1.35 0.65 -1.35
v 1.35 0.85 -1.35
v 1.45 -0.45 -1.35
v 1.45 -0.35 -1.35
v 1.45 -0.25 -1.35
v 1.45 -0.15 -1.35
v 1.45 0.25 -1.35
v 1.45 0.45 -1.35
v 1.45 0.65 -1.35
v 1.55 -0.45 -1.35
v 1.55 -0.35 -1.35
v 1.55 -0.15 -1.35
v 1.55 0.45 -1.35
v -1.25 -0.85 -1.45
v -1.25 -0.75 -1.45
v -1.25 0.75 -1.45
v -1.25 0.85 -1.45
v -1.15 -0.85 -1.45
v -1.15 -0.75 -1.45
v -1.15 0.75 -1.45
v -1.15 0.85 -1.45
v -0.85 -1.25 -1.45
v -0.85 -1.15 -1.45
v -0.85 1.15 -1.45
v -0.85 1.25 -1.45
v -0.75 -1.25 -1.45
v -0.75 -1.15 -1.45
v -0.75 1.15 -1.45
v -0.75 1.25 -1.45
v 0.75 -1.25 -1.45
v 0.75 -1.15 -1.45
v 0.85 -1.25 -1.45
v 0.85 -1.15 -1.45
v 1.15 -0.85 -1.45
v 1.15 -0.75 -1.45
v 1.25 -0.85 -1.45
v 1.25 -0.75 -1.45
v 1.35 -0.45 -1.45
v 1.35 -0.35 -1.45
v 1.45 -0.45 -1.45
v 1.45 -0.35 -1.45
v 1.45 -0.15 -1.45
v 1.55 -0.35 -1.45
v 1.55 -0.15 -1.45
v -0.85 1.25 -1.55
v -0.85 1.35 -1.55
v -0.75 1.25 -1.55
v -0.75 1.35 -1.55
v 1.35 -0.55 -1.55
v 1.35 -0.45 -1.55
v 1.45 -0.55 -1.55
v 1.45 -0.45 -1.55
v 1.35 -0.75 -1.65
v 1.35 -0.65 -1.65
v 1.35 -0.55 -1.65
v 1.45 -0.75 -1.65
v 1.45 -0.55 -1.65
v 1.25 -0.75 -1.75
v 1.25 -0.65 -1.75
v 1.35 -0.85 -1.75
v 1.35 -0.75 -1.75
v 1.35 -0.65 -1.75
v 1.45 -0.85 -1.75
v 1.45 -0.75 -1.75
v 1.15 -0.85 -1.85
v 1.15 -0.75 -1.85
v 1.35 -0.85 -1.85
v 1.35 -0.75 -1.85
v -1.15 0.85 -1.95
v -1.15 1.25 -1.95
v -1.15 1.35 -1.95
v -1.05 0.85 -1.95
v -1.05 1.05 -1.95
v -0.95 1.05 -1.95
v -0.95 1.15 -1.95
v -0.85 1.15 -1.95
v -0.85 1.35 -1.95
v 1.05 -0.95 -1.95
v 1.05 -0.85 -1.95
v 1.15 -0.95 -1.95
v 1.15 -0.85 -1.95
v 1.25 -0.95 -1.95
v 1.25 -0.85 -1.95
v 1.45 -0.95 -1.95
v 1.45 -0.85 -1.95
v -1.35 0.85 -2.05
v -1.35 1.05 -2.05
v -1.35 1.15 -2.05
v -1.25 0.75 -2.05
v -1.25 0.85 -2.05
v -1.25 1.15 -2.05
v -1.25 1.25 -2.05
v -1.15 0.75 -2.05
v -1.15 1.25 -2.05
v 0.75 -1.25 -2.05
v 0.75 -1.15 -2.05
v 0.85 -1.15 -2.05
v 0.85 -1.05 -2.05
v 0.95 -1.05 -2.05
v 0.95 -0.95 -2.05
v 1.15 -1.25 -2.05
v 1.15 -1.15 -2.05
v 1.15 -0.95 -2.05
v 1.15 -0.85 -2.05
v 1.25 -1.15 -2.05
v 1.25 -1.05 -2.05
v 1.25 -0.95 -2.05
v 1.25 -0.85 -2.05
v 1.35 -1.05 -2.05
v 1.45 -1.05 -2.05
v 1.45 -0.95 -2.05
v -1.45 0.75 -2.15
v -1.45 0.85 -2.15
v -1.45 1.05 -2.15
v -1.35 0.55 -2.15
v -1.35 0.75 -2.15
v -1.35 0.85 -2.15
v -1.35 1.05 -2.15
v -1.25 0.55 -2.15
v -1.25 0.85 -2.15
v 0.45 -1.35 -2.15
v 0.45 -1.25 -2.15
v 0.65 -1.45 -2.15
v 0.65 -1.35 -2.15
v 0.85 -1.45 -2.15
v 1.05 -1.45 -2.15
v 1.05 -1.35 -2.15
v 1.15 -1.35 -2.15
v 1.15 -1.25 -2.15
v 1.15 -1.15 -2.15
v 1.25 -1.25 -2.15
v 1.25 -1.15 -2.15
v 1.25 -1.05 -2.15
v 1.35 -1.15 -2.15
v 1.35 -1.05 -2.15
v -1.55 0.75 -2.25
v -1.55 0.85 -2.25
v -1.45 0.55 -2.25
v -1.45 0.75 -2.25
v -1.45 0.85 -2.25
v -1.35 0.45 -2.25
v -1.35 0.55 -2.25
v -1.35 0.75 -2.25
v -1.25 0.45 -2.25
v -1.25 0.55 -2.25
v 0.25 -1.35 -2.25
v 0.25 -1.25 -2.25
v 0.35 -1.45 -2.25
v 0.35 -1.35 -2.25
v 0.45 -1.35 -2.25
v 0.45 -1.25 -2.25
v 0.55 -1.55 -2.25
v 0.55 -1.45 -2.25
v 0.65 -1.45 -2.25
v 0.65 -1.35 -2.25
v 0.75 -1.55 -2.25
v 0.85 -1.55 -2.25
v 0.85 -1.45 -2.25
v -1.55 -0.95 -2.35
v -1.55 -0.85 -2.35
v -1.55 0.55 -2.35
v -1.55 0.75 -2.35
v -1.45 -0.95 -2.35
v -1.45 -0.85 -2.35
v -1.45 0.45 -2.35
v -1.45 0.55 -2.35
v -1.45 0.75 -2.35
v -1.35 0.25 -2.35
v -1.35 0.45 -2.35
v -1.35 0.55 -2.35
v -1.25 0.25 -2.35
v -1.25 0.45 -2.35
v -0.95 -1.55 -2.35
v -0.95 -1.45 -2.35
v -0.85 -1.55 -2.35
v -0.85 -1.45 -2.35
v -0.85 -1.05 -2.35
v -0.85 -0.95 -2.35
v -0.75 -1.05 -2.35
v -0.75 -0.95 -2.35
v 0.15 -1.35 -2.35
v 0.15 -1.25 -2.35
v 0.25 -1.45 -2.35
v 0.25 -1.35 -2.35
v 0.25 -1.25 -2.35
v 0.35 -1.55 -2.35
v 0.35 -1.45 -2.35
v 0.35 -1.35 -2.35
v 0.55 -1.65 -2.35
v 0.55 -1.55 -2.35
v 0.55 -1.45 -2.35
v 0.75 -1.65 -2.35
v 0.75 -1.55 -2.35
v -1.75 -0.45 -2.45
v -1.75 -0.35 -2.45
v -1.75 0.35 -2.45
v -1.75 0.45 -2.45
v -1.65 -0.75 -2.45
v -1.65 -0.65 -2.45
v -1.65 -0.45 -2.45
v -1.65 -0.35 -2.45
v -1.65 0.35 -2.45
v -1.65 0.45 -2.45
v -1.65 0.65 -2.45
v -1.65 0.75 -2.45
v -1.55 -0.75 -2.45
v -1.55 -0.65 -2.45
v -1.55 0.45 -2.45
v -1.55 0.55 -2.45
v -1.55 0.65 -2.45
v -1.55 0.75 -2.45
v -1.45 0.35 -2.45
v -1.45 0.45 -2.45
v -1.45 0.55 -2.45
v -1.35 0.35 -2.45
v -1.35 0.45 -2.45
v -1.25 0.15 -2.45
v -1.25 0.25 -2.45
v -1.15 -1.05 -2.45
v -1.15 -0.55 -2.45
v -1.15 0.15 -2.45
v -1.15 0.25 -2.45
v -1.05 -1.15 -2.45
v -1.05 -1.05 -2.45
v -1.05 -0.65 -2.45
v -1.05 -0.55 -2.45
v -0.95 -1.25 -2.45
v -0.95 -1.15 -2.45
v -0.95 -0.85 -2.45
v -0.95 -0.65 -2.45
v -0.85 -1.35 -2.45
v -0.85 -1.25 -2.45
v -0.85 -1.05 -2.45
v -0.85 -0.85 -2.45
v -0.75 -1.65 -2.45
v -0.75 -1.55 -2.45
v -0.65 -1.65 -2.45
v -0.65 -1.55 -2.45
v -0.65 -1.15 -2.45
v -0.65 -1.05 -2.45
v -0.45 -1.75 -2.45
v -0.45 -1.65 -2.45
v -0.35 -1.75 -2.45
v -0.35 -1.65 -2.45
v -0.25 -1.35 -2.45
v -0.25 -1.25 -2.45
v -0.15 -1.25 -2.45
v -0.15 -1.15 -2.45
v 0.05 -1.45 -2.45
v 0.05 -1.25 -2.45
v 0.15 -1.35 -2.45
v 0.15 -1.25 -2.45
v 0.25 -1.55 -2.45
v 0.25 -1.45 -2.45
v 0.25 -1.35 -2.45
v 0.35 -1.75 -2.45
v 0.35 -1.55 -2.45
v 0.35 -1.45 -2.45
v 0.45 -1.75 -2.45
v 0.45 -1.65 -2.45
v 0.55 -1.65 -2.45
v 0.55 -1.55 -2.45
v -1.75 -0.35 -2.55
v -1.75 -0.25 -2.55
v -1.75 0.25 -2.55
v -1.75 0.35 -2.55
v -1.65 -0.35 -2.55
v -1.65 -0.25 -2.55
v -1.65 0.25 -2.55
v -1.65 0.35 -2.55
v -1.65 0.55 -2.55
v -1.65 0.65 -2.55
v -1.55 0.35 -2.55
v -1.55 0.45 -2.55
v -1.55 0.55 -2.55
v -1.55 0.65 -2.55
v -1.45 0.25 -2.55
v -1.45 0.35 -2.55
v -1.45 0.45 -2.55
v -1.35 -0.95 -2.55
v -1.35 -0.55 -2.55
v -1.35 0.15 -2.55
v -1.35 0.25 -2.55
v -1.35 0.35 -2.55
v -1.25 -1.15 -2.55
v -1.25 -0.95 -2.55
v -1.25 -0.55 -2.55
v -1.25 -0.35 -2.55
v -1.25 0.15 -2.55
v -1.25 0.25 -2.55
v -1.15 -1.25 -2.55
v -1.15 -1.15 -2.55
v -1.15 -1.05 -2.55
v -1.15 -0.45 -2.55
v -1.15 -0.35 -2.55
v -1.15 -0.25 -2.55
v -1.05 -1.35 -2.55
v -1.05 -1.25 -2.55
v -1.05 -1.15 -2.55
v -1.05 -1.05 -2.55
v -1.05 -0.45 -2.55
v -1.05 -0.25 -2.55
v -0.95 -1.45 -2.55
v -0.95 -1.35 -2.55
v -0.95 -1.25 -2.55
v -0.95 -1.15 -2.55
v -0.85 -1.45 -2.55
v -0.85 -1.35 -2.55
v -0.85 -1.25 -2.55
v -0.75 -1.55 -2.55
v -0.75 -1.45 -2.55
v -0.65 -1.55 -2.55
v -0.35 -1.75 -2.55
v -0.35 -1.65 -2.55
v -0.35 -1.55 -2.55
v -0.35 -1.45 -2.55
v -0.25 -1.75 -2.55
v -0.25 -1.65 -2.55
v -0.25 -1.35 -2.55
v -0.25 -1.25 -2.55
v -0.15 -1.45 -2.55
v -0.15 -1.35 -2.55
v -0.15 -1.25 -2.55
v -0.15 -1.15 -2.55
v -0.05 -1.25 -2.55
v -0.05 -1.15 -2.55
v 0.05 -1.35 -2.55
v 0.05 -1.25 -2.55
v 0.15 -1.55 -2.55
v 0.15 -1.45 -2.55
v 0.25 -1.75 -2.55
v 0.25 -1.55 -2.55
v 0.25 -1.45 -2.55
v 0.35 -1.75 -2.55
v 0.35 -1.55 -2.55
v -1.75 -0.25 -2.65
v -1.75 -0.15 -2.65
v -1.75 0.15 -2.65
v -1.75 0.25 -2.65
v -1.65 -0.65 -2.65
v -1.65 -0.55 -2.65
v -1.65 -0.25 -2.65
v -1.65 -0.15 -2.65
v -1.65 0.15 -2.65
v -1.65 0.25 -2.65
v -1.65 0.45 -2.65
v -1.65 0.55 -2.65
v -1.55 -0.65 -2.65
v -1.55 -0.55 -2.65
v -1.55 0.25 -2.65
v -1.55 0.35 -2.65
v -1.55 0.45 -2.65
v -1.55 0.55 -2.65
v -1.45 -1.05 -2.65
v -1.45 -0.85 -2.65
v -1.45 -0.45 -2.65
v -1.45 0.15 -2.65
v -1.45 0.25 -2.65
v -1.45 0.35 -2.65
v -1.35 -1.15 -2.65
v -1.35 -1.05 -2.65
v -1.35 -0.95 -2.65
v -1.35 -0.55 -2.65
v -1.35 -0.45 -2.65
v -1.35 -0.25 -2.65
v -1.35 0.05 -2.65
v -1.35 0.15 -2.65
v -1.35 0.25 -2.65
v -1.25 -1.25 -2.65
v -1.25 -1.15 -2.65
v -1.25 -0.95 -2.65
v -1.25 -0.55 -2.65
v -1.25 -0.35 -2.65
v -1.25 -0.25 -2.65
v -1.25 -0.15 -2.65
v -1.25 -0.05 -2.65
v -1.25 0.05 -2.65
v -1.25 0.15 -2.65
v -1.15 -1.35 -2.65
v -1.15 -1.25 -2.65
v -1.15 -1.15 -2.65
v -1.15 -0.35 -2.65
v -1.15 -0.25 -2.65
v -1.15 -0.15 -2.65
v -1.15 -0.05 -2.65
v -1.15 0.05 -2.65
v -1.05 -1.45 -2.65
v -1.05 -1.35 -2.65
v -1.05 -1.25 -2.65
v -1.05 -0.25 -2.65
v -1.05 -0.05 -2.65
v -0.95 -1.45 -2.65
v -0.95 -1.35 -2.65
v -0.85 -1.55 -2.65
v -0.85 -1.45 -2.65
v -0.75 -1.55 -2.65
v -0.75 -1.45 -2.65
v -0.65 -1.65 -2.65
v -0.65 -1.55 -2.65
v -0.35 -1.55 -2.65
v -0.35 -1.45 -2.65
v -0.25 -1.75 -2.65
v -0.25 -1.65 -2.65
v -0.25 -1.55 -2.65
v -0.15 -1.75 -2.65
v -0.15 -1.65 -2.65
v -0.15 -1.45 -2.65
v -0.15 -1.35 -2.65
v -0.05 -1.55 -2.65
v -0.05 -1.45 -2.65
v 0.05 -1.55 -2.65
v 0.05 -1.45 -2.65
v 0.05 -1.35 -2.65
v 0.15 -1.75 -2.65
v 0.15 -1.55 -2.65
v 0.15 -1.45 -2.65
v 0.25 -1.75 -2.65
v 0.25 -1.55 -2.65
v -1.75 -0.15 -2.75
v -1.75 0.15 -2.75
v -1.65 -0.15 -2.75
v -1.65 0.15 -2.75
v -1.65 0.35 -2.75
v -1.65 0.45 -2.75
v -1.55 -0.85 -2.75
v -1.55 -0.55 -2.75
v -1.55 -0.45 -2.75
v -1.55 0.35 -2.75
v -1.55 0.45 -2.75
v -1.45 -0.85 -2.75
v -1.45 -0.45 -2.75
v -1.45 -0.25 -2.75
v -1.45 0.05 -2.75
v -1.45 0.15 -2.75
v -1.35 -0.45 -2.75
v -1.35 -0.25 -2.75
v -1.35 -0.15 -2.75
v -1.35 -0.05 -2.75
v -1.35 0.05 -2.75
v -1.35 0.15 -2.75
v -1.25 -0.25 -2.75
v -1.25 -0.15 -2.75
v -1.25 -0.05 -2.75
v -1.25 0.05 -2.75
v -1.15 -0.15 -2.75
v -1.15 -0.05 -2.75
v -0.25 -1.65 -2.75
v -0.25 -1.55 -2.75
v -0.15 -1.75 -2.75
v -0.15 -1.65 -2.75
v -0.05 -1.65 -2.75
v -0.05 -1.55 -2.75
v -0.05 -1.45 -2.75
v 0.05 -1.65 -2.75
v 0.05 -1.55 -2.75
v 0.05 -1.45 -2.75
v 0.15 -1.75 -2.75
v 0.15 -1.55 -2.75
v -1.65 -0.55 -2.85
v -1.65 -0.35 -2.85
v -1.55 -0.55 -2.85
v -1.55 -0.45 -2.85
v -1.55 -0.35 -2.85
v -1.55 -0.25 -2.85
v -1.55 0.15 -2.85
v -1.55 0.25 -2.85
v -1.45 -0.45 -2.85
v -1.45 -0.25 -2.85
v -1.45 -0.15 -2.85
v -1.45 0.15 -2.85
v -1.45 0.25 -2.85
v -1.35 -0.25 -2.85
v -1.35 -0.15 -2.85
v -1.35 -0.05 -2.85
v -1.25 -0.15 -2.85
v -1.25 -0.05 -2.85
v -0.05 -1.65 -2.85
v -0.05 -1.55 -2.85
v 0.05 -1.65 -2.85
v 0.05 -1.55 -2.85
v -1.65 -0.35 -2.95
v -1.65 -0.15 -2.95
v -1.65 0.15 -2.95
v -1.65 0.35 -2.95
v -1.55 -0.35 -2.95
v -1.55 -0.25 -2.95
v -1.55 0.15 -2.95
v -1.55 0.35 -2.95
v -1.45 -0.25 -2.95
v -1.45 -0.15 -2.95
v -1.45 0.05 -2.95
v -1.35 -0.15 -2.95
v -1.35 0.05 -2.95
v -1.65 -0.15 -3.05
v -1.65 0.15 -3.05
v -1.55 -0.05 -3.05
v -1.55 0.05 -3.05
v -1.45 -0.15 -3.05
v -1.45 -0.05 -3.05
v -1.45 0.05 -3.05
v -1.45 0.15 -3.05
v -1.55 -0.05 -3.15
v -1.55 0.05 -3.15
v -1.45 -0.05 -3.15
v -1.45 0.05 -3.15
v -0.45 -1.75 3.15
v 0.45 -1.75 3.15
v -0.45 -1.75 3.05
v 0.45 -1.75 3.05
v -0.45 -1.75 2.95
v -0.35 -1.75 2.95
v 0.35 -1.75 2.95
v 0.45 -1.75 2.95
v -0.35 -1.75 2.85
v -0.25 -1.75 2.85
v 0.25 -1.75 2.85
v 0.35 -1.75 2.85
v -0.25 -1.75 2.75
v -0.15 -1.75 2.75
v 0.15 -1.75 2.75
v 0.25 -1.75 2.75
v -0.15 -1.75 2.65
v 0.15 -1.75 2.65
v -0.15 -1.75 1.75
v 0.15 -1.75 1.75
v -0.25 -1.75 1.65
v -0.15 -1.75 1.65
v 0.15 -1.75 1.65
v 0.25 -1.75 1.65
v -0.35 -1.75 1.55
v -0.25 -1.75 1.55
v 0.25 -1.75 1.55
v 0.35 -1.75 1.55
v -0.45 -1.75 1.45
v -0.35 -1.75 1.45
v 0.35 -1.75 1.45
v 0.45 -1.75 1.45
v -0.45 -1.75 1.15
v -0.35 -1.75 1.15
v 0.35 -1.75 1.15
v 0.45 -1.75 1.15
v -0.35 -1.75 1.05
v -0.25 -1.75 1.05
v 0.25 -1.75 1.05
v 0.35 -1.75 1.05
v -0.25 -1.75 0.95
v -0.15 -1.75 0.95
v 0.15 -1.75 0.95
v 0.25 -1.75 0.95
v -0.15 -1.75 0.85
v 0.15 -1.75 0.85
v -0.15 -1.75 -0.05
v 0.15 -1.75 -0.05
v -0.25 -1.75 -0.15
v -0.15 -1.75 -0.15
v 0.15 -1.75 -0.15
v 0.25 -1.75 -0.15
v -0.35 -1.75 -0.25
v -0.25 -1.75 -0.25
v 0.25 -1.75 -0.25
v 0.35 -1.75 -0.25
v -0.45 -1.75 -0.35
v -0.35 -1.75 -0.35
v 0.35 -1.75 -0.35
v 0.45 -1.75 -0.35
v -0.45 -1.75 -0.65
v -0.35 -1.75 -0.65
v 0.35 -1.75 -0.65
v 0.45 -1.75 -0.65
v -0.35 -1.75 -0.75
v -0.25 -1.75 -0.75
v 0.25 -1.75 -0.75
v 0.35 -1.75 -0.75
v -0.25 -1.75 -0.85
v -0.15 -1.75 -0.85
v 0.15 -1.75 -0.85
v 0.25 -1.75 -0.85
v -0.15 -1.75 -0.95
v 0.15 -1.75 -0.95
v -0.15 -1.75 -1.85
v 0.15 -1.75 -1.85
v -0.25 -1.75 -1.95
v -0.15 -1.75 -1.95
v 0.15 -1.75 -1.95
v 0.25 -1.75 -1.95
v -0.35 -1.75 -2.05
v -0.25 -1.75 -2.05
v 0.25 -1.75 -2.05
v 0.35 -1.75 -2.05
v -0.45 -1.75 -2.15
v -0.35 -1.75 -2.15
v 0.35 -1.75 -2.15
v 0.45 -1.75 -2.15
v -0.45 -1.75 -2.45
v -0.35 -1.75 -2.45
v 0.35 -1.75 -2.45
v 0.45 -1.75 -2.45
v -0.35 -1.75 -2.55
v -0.25 -1.75 -2.55
v 0.25 -1.75 -2.55
v 0.35 -1.75 -2.55
v -0.25 -1.75 -2.65
v -0.15 -1.75 -2.65
v 0.15 -1.75 -2.65
v 0.25 -1.75 -2.65
v -0.15 -1.75 -2.75
v 0.15 -1.75 -2.75
v -0.75 -1.65 3.15
v -0.45 -1.65 3.15
v 0.45 -1.65 3.15
v 0.75 -1.65 3.15
v -0.75 -1.65 3.05
v -0.45 -1.65 3.05
v 0.45 -1.65 3.05
v 0.75 -1.65 3.05
v -0.75 -1.65 2.95
v -0.65 -1.65 2.95
v -0.45 -1.65 2.95
v -0.35 -1.65 2.95
v 0.35 -1.65 2.95
v 0.45 -1.65 2.95
v 0.65 -1.65 2.95
v 0.75 -1.65 2.95
v -0.35 -1.65 2.85
v -0.25 -1.65 2.85
v 0.25 -1.65 2.85
v 0.35 -1.65 2.85
v -0.65 -1.65 2.75
v -0.55 -1.65 2.75
v -0.25 -1.65 2.75
v -0.15 -1.65 2.75
v 0.15 -1.65 2.75
v 0.25 -1.65 2.75
v 0.55 -1.65 2.75
v 0.65 -1.65 2.75
v -0.15 -1.65 2.65
v 0.15 -1.65 2.65
v -0.55 -1.65 2.55
v -0.35 -1.65 2.55
v 0.35 -1.65 2.55
v 0.55 -1.65 2.55
v -0.35 -1.65 2.45
v -0.15 -1.65 2.45
v 0.15 -1.65 2.45
v 0.35 -1.65 2.45
v -0.15 -1.65 2.35
v 0.15 -1.65 2.35
v -0.15 -1.65 2.05
v 0.15 -1.65 2.05
v -0.35 -1.65 1.95
v -0.15 -1.65 1.95
v 0.15 -1.65 1.95
v 0.35 -1.65 1.95
v -0.55 -1.65 1.85
v -0.35 -1.65 1.85
v 0.35 -1.65 1.85
v 0.55 -1.65 1.85
v -0.15 -1.65 1.75
v 0.15 -1.65 1.75
v -0.65 -1.65 1.65
v -0.55 -1.65 1.65
v -0.25 -1.65 1.65
v -0.15 -1.65 1.65
v 0.15 -1.65 1.65
v 0.25 -1.65 1.65
v 0.55 -1.65 1.65
v 0.65 -1.65 1.65
v -0.35 -1.65 1.55
v -0.25 -1.65 1.55
v 0.25 -1.65 1.55
v 0.35 -1.65 1.55
v -0.75 -1.65 1.45
v -0.65 -1.65 1.45
v -0.45 -1.65 1.45
v -0.35 -1.65 1.45
v 0.35 -1.65 1.45
v 0.45 -1.65 1.45
v 0.65 -1.65 1.45
v 0.75 -1.65 1.45
v -0.75 -1.65 1.15
v -0.65 -1.65 1.15
v -0.45 -1.65 1.15
v -0.35 -1.65 1.15
v 0.35 -1.65 1.15
v 0.45 -1.65 1.15
v 0.65 -1.65 1.15
v 0.75 -1.65 1.15
v -0.35 -1.65 1.05
v -0.25 -1.65 1.05
v 0.25 -1.65 1.05
v 0.35 -1.65 1.05
v -0.65 -1.65 0.95
v -0.55 -1.65 0.95
v -0.25 -1.65 0.95
v -0.15 -1.65 0.95
v 0.15 -1.65 0.95
v 0.25 -1.65 0.95
v 0.55 -1.65 0.95
v 0.65 -1.65 0.95
v -0.15 -1.65 0.85
v 0.15 -1.65 0.85
v -0.55 -1.65 0.75
v -0.35 -1.65 0.75
v 0.35 -1.65 0.75
v 0.55 -1.65 0.75
v -0.35 -1.65 0.65
v -0.15 -1.65 0.65
v 0.15 -1.65 0.65
v 0.35 -1.65 0.65
v -0.15 -1.65 0.55
v 0.15 -1.65 0.55
v -0.15 -1.65 0.25
v 0.15 -1.65 0.25
v -0.35 -1.65 0.15
v -0.15 -1.65 0.15
v 0.15 -1.65 0.15
v 0.35 -1.65 0.15
v -0.55 -1.65 0.05
v -0.35 -1.65 0.05
v 0.35 -1.65 0.05
v 0.55 -1.65 0.05
v -0.15 -1.65 -0.05
v 0.15 -1.65 -0.05
v -0.65 -1.65 -0.15
v -0.55 -1.65 -0.15
v -0.25 -1.65 -0.15
v -0.15 -1.65 -0.15
v 0.15 -1.65 -0.15
v 0.25 -1.65 -0.15
v 0.55 -1.65 -0.15
v 0.65 -1.65 -0.15
v -0.35 -1.65 -0.25
v -0.25 -1.65 -0.25
v 0.25 -1.65 -0.25
v 0.35 -1.65 -0.25
v -0.75 -1.65 -0.35
v -0.65 -1.65 -0.35
v -0.45 -1.65 -0.35
v -0.35 -1.65 -0.35
v 0.35 -1.65 -0.35
v 0.45 -1.65 -0.35
v 0.65 -1.65 -0.35
v 0.75 -1.65 -0.35
v -0.75 -1.65 -0.65
v -0.65 -1.65 -0.65
v -0.45 -1.65 -0.65
v -0.35 -1.65 -0.65
v 0.35 -1.65 -0.65
v 0.45 -1.65 -0.65
v 0.65 -1.65 -0.65
v 0.75 -1.65 -0.65
v -0.35 -1.65 -0.75
v -0.25 -1.65 -0.75
v 0.25 -1.65 -0.75
v 0.35 -1.65 -0.75
v -0.65 -1.65 -0.85
v -0.55 -1.65 -0.85
v -0.25 -1.65 -0.85
v -0.15 -1.65 -0.85
v 0.15 -1.65 -0.85
v 0.25 -1.65 -0.85
v 0.55 -1.65 -0.85
v 0.65 -1.65 -0.85
v -0.15 -1.65 -0.95
v 0.15 -1.65 -0.95
v -0.55 -1.65 -1.05
v -0.35 -1.65 -1.05
v 0.35 -1.65 -1.05
v 0.55 -1.65 -1.05
v -0.35 -1.65 -1.15
v -0.15 -1.65 -1.15
v 0.15 -1.65 -1.15
v 0.35 -1.65 -1.15
v -0.15 -1.65 -1.25
v 0.15 -1.65 -1.25
v -0.15 -1.65 -1.55
v 0.15 -1.65 -1.55
v -0.35 -1.65 -1.65
v -0.15 -1.65 -1.65
v 0.15 -1.65 -1.65
v 0.35 -1.65 -1.65
v -0.55 -1.65 -1.75
v -0.35 -1.65 -1.75
v 0.35 -1.65 -1.75
v 0.55 -1.65 -1.75
v -0.15 -1.65 -1.85
v 0.15 -1.65 -1.85
v -0.65 -1.65 -1.95
v -0.55 -1.65 -1.95
v -0.25 -1.65 -1.95
v -0.15 -1.65 -1.95
v 0.15 -1.65 -1.95
v 0.25 -1.65 -1.95
v 0.55 -1.65 -1.95
v 0.65 -1.65 -1.95
v -0.35 -1.65 -2.05
v -0.25 -1.65 -2.05
v 0.25 -1.65 -2.05
v 0.35 -1.65 -2.05
v -0.75 -1.65 -2.15
v -0.65 -1.65 -2.15
v -0.45 -1.65 -2.15
v -0.35 -1.65 -2.15
v 0.35 -1.65 -2.15
v 0.45 -1.65 -2.15
v 0.65 -1.65 -2.15
v 0.75 -1.65 -2.15
v 0.55 -1.65 -2.35
v 0.75 -1.65 -2.35
v -0.75 -1.65 -2.45
v -0.65 -1.65 -2.45
v -0.45 -1.65 -2.45
v -0.35 -1.65 -2.45
v 0.45 -1.65 -2.45
v 0.55 -1.65 -2.45
v -0.35 -1.65 -2.55
v -0.25 -1.65 -2.55
v -0.65 -1.65 -2.65
v -0.25 -1.65 -2.65
v -0.15 -1.65 -2.65
v -0.25 -1.65 -2.75
v -0.15 -1.65 -2.75
v -0.05 -1.65 -2.75
v 0.05 -1.65 -2.75
v -0.05 -1.65 -2.85
v 0.05 -1.65 -2.85
v -0.95 -1.55 3.15
v -0.75 -1.55 3.15
v 0.75 -1.55 3.15
v 0.95 -1.55 3.15
v -0.95 -1.55 3.05
v -0.85 -1.55 3.05
v -0.75 -1.55 3.05
v 0.75 -1.55 3.05
v 0.85 -1.55 3.05
v 0.95 -1.55 3.05
v -0.75 -1.55 2.95
v -0.65 -1.55 2.95
v 0.65 -1.55 2.95
v 0.75 -1.55 2.95
v -0.65 -1.55 2.75
v -0.55 -1.55 2.75
v 0.55 -1.55 2.75
v 0.65 -1.55 2.75
v -0.85 -1.55 2.65
v -0.75 -1.55 2.65
v 0.75 -1.55 2.65
v 0.85 -1.55 2.65
v -0.75 -1.55 2.55
v -0.65 -1.55 2.55
v -0.55 -1.55 2.55
v -0.35 -1.55 2.55
v 0.35 -1.55 2.55
v 0.55 -1.55 2.55
v 0.65 -1.55 2.55
v 0.75 -1.55 2.55
v -0.65 -1.55 2.45
v -0.55 -1.55 2.45
v -0.35 -1.55 2.45
v -0.15 -1.55 2.45
v 0.15 -1.55 2.45
v 0.35 -1.55 2.45
v 0.55 -1.55 2.45
v 0.65 -1.55 2.45
v -0.55 -1.55 2.35
v -0.45 -1.55 2.35
v -0.15 -1.55 2.35
v 0.15 -1.55 2.35
v 0.45 -1.55 2.35
v 0.55 -1.55 2.35
v -0.45 -1.55 2.25
v -0.05 -1.55 2.25
v 0.05 -1.55 2.25
v 0.45 -1.55 2.25
v -0.45 -1.55 2.15
v -0.05 -1.55 2.15
v 0.05 -1.55 2.15
v 0.45 -1.55 2.15
v -0.55 -1.55 2.05
v -0.45 -1.55 2.05
v -0.15 -1.55 2.05
v 0.15 -1.55 2.05
v 0.45 -1.55 2.05
v 0.55 -1.55 2.05
v -0.65 -1.55 1.95
v -0.55 -1.55 1.95
v -0.35 -1.55 1.95
v -0.15 -1.55 1.95
v 0.15 -1.55 1.95
v 0.35 -1.55 1.95
v 0.55 -1.55 1.95
v 0.65 -1.55 1.95
v -0.75 -1.55 1.85
v -0.65 -1.55 1.85
v -0.55 -1.55 1.85
v -0.35 -1.55 1.85
v 0.35 -1.55 1.85
v 0.55 -1.55 1.85
v 0.65 -1.55 1.85
v 0.75 -1.55 1.85
v -0.85 -1.55 1.75
v -0.75 -1.55 1.75
v 0.75 -1.55 1.75
v 0.85 -1.55 1.75
v -0.65 -1.55 1.65
v -0.55 -1.55 1.65
v 0.55 -1.55 1.65
v 0.65 -1.55 1.65
v -0.75 -1.55 1.45
v -0.65 -1.55 1.45
v 0.65 -1.55 1.45
v 0.75 -1.55 1.45
v -0.95 -1.55 1.35
v -0.85 -1.55 1.35
v 0.85 -1.55 1.35
v 0.95 -1.55 1.35
v -0.95 -1.55 1.25
v -0.85 -1.55 1.25
v 0.85 -1.55 1.25
v 0.95 -1.55 1.25
v -0.75 -1.55 1.15
v -0.65 -1.55 1.15
v 0.65 -1.55 1.15
v 0.75 -1.55 1.15
v -0.65 -1.55 0.95
v -0.55 -1.55 0.95
v 0.55 -1.55 0.95
v 0.65 -1.55 0.95
v -0.85 -1.55 0.85
v -0.75 -1.55 0.85
v 0.75 -1.55 0.85
v 0.85 -1.55 0.85
v -0.75 -1.55 0.75
v -0.65 -1.55 0.75
v -0.55 -1.55 0.75
v -0.35 -1.55 0.75
v 0.35 -1.55 0.75
v 0.55 -1.55 0.75
v 0.65 -1.55 0.75
v 0.75 -1.55 0.75
v -0.65 -1.55 0.65
v -0.55 -1.55 0.65
v -0.35 -1.55 0.65
v -0.15 -1.55 0.65
v 0.15 -1.55 0.65
v 0.35 -1.55 0.65
v 0.55 -1.55 0.65
v 0.65 -1.55 0.65
v -0.55 -1.55 0.55
v -0.45 -1.55 0.55
v -0.15 -1.55 0.55
v 0.15 -1.55 0.55
v 0.45 -1.55 0.55
v 0.55 -1.55 0.55
v -0.45 -1.55 0.45
v -0.05 -1.55 0.45
v 0.05 -1.55 0.45
v 0.45 -1.55 0.45
v -0.45 -1.55 0.35
v -0.05 -1.55 0.35
v 0.05 -1.55 0.35
v 0.45 -1.55 0.35
v -0.55 -1.55 0.25
v -0.45 -1.55 0.25
v -0.15 -1.55 0.25
v 0.15 -1.55 0.25
v 0.45 -1.55 0.25
v 0.55 -1.55 0.25
v -0.65 -1.55 0.15
v -0.55 -1.55 0.15
v -0.35 -1.55 0.15
v -0.15 -1.55 0.15
v 0.15 -1.55 0.15
v 0.35 -1.55 0.15
v 0.55 -1.55 0.15
v 0.65 -1.55 0.15
v -0.75 -1.55 0.05
v -0.65 -1.55 0.05
v -0.55 -1.55 0.05
v -0.35 -1.55 0.05
v 0.35 -1.55 0.05
v 0.55 -1.55 0.05
v 0.65 -1.55 0.05
v 0.75 -1.55 0.05
v -0.85 -1.55 -0.05
v -0.75 -1.55 -0.05
v 0.75 -1.55 -0.05
v 0.85 -1.55 -0.05
v -0.65 -1.55 -0.15
v -0.55 -1.55 -0.15
v 0.55 -1.55 -0.15
v 0.65 -1.55 -0.15
v -0.75 -1.55 -0.35
v -0.65 -1.55 -0.35
v 0.65 -1.55 -0.35
v 0.75 -1.55 -0.35
v -0.95 -1.55 -0.45
v -0.85 -1.55 -0.45
v 0.85 -1.55 -0.45
v 0.95 -1.55 -0.45
v -0.95 -1.55 -0.55
v -0.85 -1.55 -0.55
v 0.85 -1.55 -0.55
v 0.95 -1.55 -0.55
v -0.75 -1.55 -0.65
v -0.65 -1.55 -0.65
v 0.65 -1.55 -0.65
v 0.75 -1.55 -0.65
v -0.65 -1.55 -0.85
v -0.55 -1.55 -0.85
v 0.55 -1.55 -0.85
v 0.65 -1.55 -0.85
v -0.85 -1.55 -0.95
v -0.75 -1.55 -0.95
v 0.75 -1.55 -0.95
v 0.85 -1.55 -0.95
v -0.75 -1.55 -1.05
v -0.65 -1.55 -1.05
v -0.55 -1.55 -1.05
v -0.35 -1.55 -1.05
v 0.35 -1.55 -1.05
v 0.55 -1.55 -1.05
v 0.65 -1.55 -1.05
v 0.75 -1.55 -1.05
v -0.65 -1.55 -1.15
v -0.55 -1.55 -1.15
v -0.35 -1.55 -1.15
v -0.15 -1.55 -1.15
v 0.15 -1.55 -1.15
v 0.35 -1.55 -1.15
v 0.55 -1.55 -1.15
v 0.65 -1.55 -1.15
v -0.55 -1.55 -1.25
v -0.45 -1.55 -1.25
v -0.15 -1.55 -1.25
v 0.15 -1.55 -1.25
v 0.45 -1.55 -1.25
v 0.55 -1.55 -1.25
v -0.45 -1.55 -1.35
v -0.35 -1.55 -1.35
v 0.35 -1.55 -1.35
v 0.45 -1.55 -1.35
v -0.45 -1.55 -1.45
v -0.35 -1.55 -1.45
v 0.35 -1.55 -1.45
v 0.45 -1.55 -1.45
v -0.55 -1.55 -1.55
v -0.45 -1.55 -1.55
v -0.15 -1.55 -1.55
v 0.15 -1.55 -1.55
v 0.45 -1.55 -1.55
v 0.55 -1.55 -1.55
v -0.65 -1.55 -1.65
v -0.55 -1.55 -1.65
v -0.35 -1.55 -1.65
v -0.15 -1.55 -1.65
v 0.15 -1.55 -1.65
v 0.35 -1.55 -1.65
v 0.55 -1.55 -1.65
v 0.65 -1.55 -1.65
v -0.75 -1.55 -1.75
v -0.65 -1.55 -1.75
v -0.55 -1.55 -1.75
v -0.35 -1.55 -1.75
v 0.35 -1.55 -1.75
v 0.55 -1.55 -1.75
v 0.65 -1.55 -1.75
v 0.75 -1.55 -1.75
v -0.85 -1.55 -1.85
v -0.75 -1.55 -1.85
v 0.75 -1.55 -1.85
v 0.85 -1.55 -1.85
v -0.65 -1.55 -1.95
v -0.55 -1.55 -1.95
v 0.55 -1.55 -1.95
v 0.65 -1.55 -1.95
v -0.75 -1.55 -2.15
v -0.65 -1.55 -2.15
v 0.65 -1.55 -2.15
v 0.75 -1.55 -2.15
v -0.95 -1.55 -2.25
v -0.85 -1.55 -2.25
v 0.75 -1.55 -2.25
v 0.85 -1.55 -2.25
v -0.95 -1.55 -2.35
v -0.85 -1.55 -2.35
v -0.75 -1.55 -2.45
v -0.65 -1.55 -2.45
v -0.75 -1.55 -2.55
v -0.65 -1.55 -2.55
v -0.85 -1.55 -2.65
v -0.75 -1.55 -2.65
v -1.05 -1.45 3.15
v -0.95 -1.45 3.15
v 0.95 -1.45 3.15
v 1.05 -1.45 3.15
v -1.05 -1.45 3.05
v -0.95 -1.45 3.05
v -0.85 -1.45 3.05
v 0.85 -1.45 3.05
v 0.95 -1.45 3.05
v 1.05 -1.45 3.05
v -1.05 -1.45 2.75
v -0.95 -1.45 2.75
v 0.95 -1.45 2.75
v 1.05 -1.45 2.75
v -0.85 -1.45 2.65
v -0.75 -1.45 2.65
v 0.75 -1.45 2.65
v 0.85 -1.45 2.65
v -0.95 -1.45 2.55
v -0.85 -1.45 2.55
v -0.75 -1.45 2.55
v -0.65 -1.45 2.55
v 0.65 -1.45 2.55
v 0.75 -1.45 2.55
v 0.85 -1.45 2.55
v 0.95 -1.45 2.55
v -0.85 -1.45 2.45
v -0.75 -1.45 2.45
v -0.65 -1.45 2.45
v -0.55 -1.45 2.45
v 0.55 -1.45 2.45
v 0.65 -1.45 2.45
v 0.75 -1.45 2.45
v 0.85 -1.45 2.45
v -0.75 -1.45 2.35
v -0.65 -1.45 2.35
v -0.55 -1.45 2.35
v -0.45 -1.45 2.35
v 0.45 -1.45 2.35
v 0.55 -1.45 2.35
v 0.65 -1.45 2.35
v 0.75 -1.45 2.35
v -0.65 -1.45 2.25
v -0.55 -1.45 2.25
v -0.45 -1.45 2.25
v -0.05 -1.45 2.25
v 0.05 -1.45 2.25
v 0.45 -1.45 2.25
v 0.55 -1.45 2.25
v 0.65 -1.45 2.25
v -0.65 -1.45 2.15
v -0.55 -1.45 2.15
v -0.45 -1.45 2.15
v -0.05 -1.45 2.15
v 0.05 -1.45 2.15
v 0.45 -1.45 2.15
v 0.55 -1.45 2.15
v 0.65 -1.45 2.15
v -0.75 -1.45 2.05
v -0.65 -1.45 2.05
v -0.55 -1.45 2.05
v -0.45 -1.45 2.05
v 0.45 -1.45 2.05
v 0.55 -1.45 2.05
v 0.65 -1.45 2.05
v 0.75 -1.45 2.05
v -0.85 -1.45 1.95
v -0.75 -1.45 1.95
v -0.65 -1.45 1.95
v -0.55 -1.45 1.95
v 0.55 -1.45 1.95
v 0.65 -1.45 1.95
v 0.75 -1.45 1.95
v 0.85 -1.45 1.95
v -0.95 -1.45 1.85
v -0.85 -1.45 1.85
v -0.75 -1.45 1.85
v -0.65 -1.45 1.85
v 0.65 -1.45 1.85
v 0.75 -1.45 1.85
v 0.85 -1.45 1.85
v 0.95 -1.45 1.85
v -0.85 -1.45 1.75
v -0.75 -1.45 1.75
v 0.75 -1.45 1.75
v 0.85 -1.45 1.75
v -1.05 -1.45 1.65
v -0.95 -1.45 1.65
v 0.95 -1.45 1.65
v 1.05 -1.45 1.65
v -0.95 -1.45 1.35
v -0.85 -1.45 1.35
v 0.85 -1.45 1.35
v 0.95 -1.45 1.35
v -0.95 -1.45 1.25
v -0.85 -1.45 1.25
v 0.85 -1.45 1.25
v 0.95 -1.45 1.25
v -1.05 -1.45 0.95
v -0.95 -1.45 0.95
v 0.95 -1.45 0.95
v 1.05 -1.45 0.95
v -0.85 -1.45 0.85
v -0.75 -1.45 0.85
v 0.75 -1.45 0.85
v 0.85 -1.45 0.85
v -0.95 -1.45 0.75
v -0.85 -1.45 0.75
v -0.75 -1.45 0.75
v -0.65 -1.45 0.75
v 0.65 -1.45 0.75
v 0.75 -1.45 0.75
v 0.85 -1.45 0.75
v 0.95 -1.45 0.75
v -0.85 -1.45 0.65
v -0.75 -1.45 0.65
v -0.65 -1.45 0.65
v -0.55 -1.45 0.65
v 0.55 -1.45 0.65
v 0.65 -1.45 0.65
v 0.75 -1.45 0.65
v 0.85 -1.45 0.65
v -0.75 -1.45 0.55
v -0.65 -1.45 0.55
v -0.55 -1.45 0.55
v -0.45 -1.45 0.55
v 0.45 -1.45 0.55
v 0.55 -1.45 0.55
v 0.65 -1.45 0.55
v 0.75 -1.45 0.55
v -0.65 -1.45 0.45
v -0.55 -1.45 0.45
v -0.45 -1.45 0.45
v -0.05 -1.45 0.45
v 0.05 -1.45 0.45
v 0.45 -1.45 0.45
v 0.55 -1.45 0.45
v 0.65 -1.45 0.45
v -0.65 -1.45 0.35
v -0.55 -1.45 0.35
v -0.45 -1.45 0.35
v -0.05 -1.45 0.35
v 0.05 -1.45 0.35
v 0.45 -1.45 0.35
v 0.55 -1.45 0.35
v 0.65 -1.45 0.35
v -0.75 -1.45 0.25
v -0.65 -1.45 0.25
v -0.55 -1.45 0.25
v -0.45 -1.45 0.25
v 0.45 -1.45 0.25
v 0.55 -1.45 0.25
v 0.65 -1.45 0.25
v 0.75 -1.45 0.25
v -0.85 -1.45 0.15
v -0.75 -1.45 0.15
v -0.65 -1.45 0.15
v -0.55 -1.45 0.15
v 0.55 -1.45 0.15
v 0.65 -1.45 0.15
v 0.75 -1.45 0.15
v 0.85 -1.45 0.15
v -0.95 -1.45 0.05
v -0.85 -1.45 0.05
v -0.75 -1.45 0.05
v -0.65 -1.45 0.05
v 0.65 -1.45 0.05
v 0.75 -1.45 0.05
v 0.85 -1.45 0.05
v 0.95 -1.45 0.05
v -0.85 -1.45 -0.05
v -0.75 -1.45 -0.05
v 0.75 -1.45 -0.05
v 0.85 -1.45 -0.05
v -1.05 -1.45 -0.15
v -0.95 -1.45 -0.15
v 0.95 -1.45 -0.15
v 1.05 -1.45 -0.15
v -0.95 -1.45 -0.45
v -0.85 -1.45 -0.45
v 0.85 -1.45 -0.45
v 0.95 -1.45 -0.45
v -0.95 -1.45 -0.55
v -0.85 -1.45 -0.55
v 0.85 -1.45 -0.55
v 0.95 -1.45 -0.55
v -1.05 -1.45 -0.85
v -0.95 -1.45 -0.85
v 0.95 -1.45 -0.85
v 1.05 -1.45 -0.85
v -0.85 -1.45 -0.95
v -0.75 -1.45 -0.95
v 0.75 -1.45 -0.95
v 0.85 -1.45 -0.95
v -0.95 -1.45 -1.05
v -0.85 -1.45 -1.05
v -0.75 -1.45 -1.05
v -0.65 -1.45 -1.05
v 0.65 -1.45 -1.05
v 0.75 -1.45 -1.05
v 0.85 -1.45 -1.05
v 0.95 -1.45 -1.05
v -0.85 -1.45 -1.15
v -0.75 -1.45 -1.15
v -0.65 -1.45 -1.15
v -0.55 -1.45 -1.15
v 0.55 -1.45 -1.15
v 0.65 -1.45 -1.15
v 0.75 -1.45 -1.15
v 0.85 -1.45 -1.15
v -0.75 -1.45 -1.25
v -0.65 -1.45 -1.25
v -0.55 -1.45 -1.25
v -0.45 -1.45 -1.25
v 0.45 -1.45 -1.25
v 0.55 -1.45 -1.25
v 0.65 -1.45 -1.25
v 0.75 -1.45 -1.25
v -0.45 -1.45 -1.35
v -0.35 -1.45 -1.35
v 0.35 -1.45 -1.35
v 0.45 -1.45 -1.35
v -0.45 -1.45 -1.45
v -0.35 -1.45 -1.45
v 0.35 -1.45 -1.45
v 0.45 -1.45 -1.45
v -0.75 -1.45 -1.55
v -0.65 -1.45 -1.55
v -0.55 -1.45 -1.55
v -0.45 -1.45 -1.55
v 0.45 -1.45 -1.55
v 0.55 -1.45 -1.55
v 0.65 -1.45 -1.55
v 0.75 -1.45 -1.55
v -0.85 -1.45 -1.65
v -0.75 -1.45 -1.65
v -0.65 -1.45 -1.65
v -0.55 -1.45 -1.65
v 0.55 -1.45 -1.65
v 0.65 -1.45 -1.65
v 0.75 -1.45 -1.65
v 0.85 -1.45 -1.65
v -0.95 -1.45 -1.75
v -0.85 -1.45 -1.75
v -0.75 -1.45 -1.75
v -0.65 -1.45 -1.75
v 0.65 -1.45 -1.75
v 0.75 -1.45 -1.75
v 0.85 -1.45 -1.75
v 0.95 -1.45 -1.75
v -0.85 -1.45 -1.85
v -0.75 -1.45 -1.85
v 0.75 -1.45 -1.85
v 0.85 -1.45 -1.85
v -1.05 -1.45 -1.95
v -0.95 -1.45 -1.95
v 0.95 -1.45 -1.95
v 1.05 -1.45 -1.95
v 0.85 -1.45 -2.15
v 1.05 -1.45 -2.15
v -0.95 -1.45 -2.25
v -0.85 -1.45 -2.25
v -0.95 -1.45 -2.35
v -0.85 -1.45 -2.35
v -0.95 -1.45 -2.55
v -0.85 -1.45 -2.55
v -1.05 -1.45 -2.65
v -0.95 -1.45 -2.65
v -1.15 -1.35 3.15
v -1.05 -1.35 3.15
v 1.05 -1.35 3.15
v 1.15 -1.35 3.15
v -1.15 -1.35 3.05
v -1.05 -1.35 3.05
v 1.05 -1.35 3.05
v 1.15 -1.35 3.05
v -1.05 -1.35 2.75
v -0.95 -1.35 2.75
v -1.15 -1.35 2.65
v -1.05 -1.35 2.65
v -0.95 -1.35 2.55
v -0.85 -1.35 2.55
v -1.05 -1.35 2.45
v -0.95 -1.35 2.45
v -0.85 -1.35 2.45
v -0.75 -1.35 2.45
v -0.95 -1.35 2.35
v -0.85 -1.35 2.35
v -0.75 -1.35 2.35
v -0.65 -1.35 2.35
v 0.65 -1.35 2.35
v 0.75 -1.35 2.35
v -0.85 -1.35 2.25
v -0.75 -1.35 2.25
v -0.65 -1.35 2.25
v -0.55 -1.35 2.25
v 0.55 -1.35 2.25
v 0.65 -1.35 2.25
v -0.85 -1.35 2.15
v -0.75 -1.35 2.15
v -0.65 -1.35 2.15
v -0.55 -1.35 2.15
v 0.55 -1.35 2.15
v 0.65 -1.35 2.15
v 0.75 -1.35 2.15
v 0.85 -1.35 2.15
v -0.95 -1.35 2.05
v -0.85 -1.35 2.05
v -0.75 -1.35 2.05
v -0.65 -1.35 2.05
v 0.65 -1.35 2.05
v 0.75 -1.35 2.05
v 0.85 -1.35 2.05
v 0.95 -1.35 2.05
v -1.05 -1.35 1.95
v -0.95 -1.35 1.95
v -0.85 -1.35 1.95
v -0.75 -1.35 1.95
v 0.75 -1.35 1.95
v 0.85 -1.35 1.95
v 0.95 -1.35 1.95
v 1.05 -1.35 1.95
v -0.95 -1.35 1.85
v -0.85 -1.35 1.85
v 0.85 -1.35 1.85
v 0.95 -1.35 1.85
v -1.15 -1.35 1.75
v -1.05 -1.35 1.75
v 1.05 -1.35 1.75
v 1.15 -1.35 1.75
v -1.05 -1.35 1.65
v -0.95 -1.35 1.65
v 0.95 -1.35 1.65
v 1.05 -1.35 1.65
v -1.05 -1.35 0.95
v -0.95 -1.35 0.95
v 0.95 -1.35 0.95
v 1.05 -1.35 0.95
v -1.15 -1.35 0.85
v -1.05 -1.35 0.85
v 1.05 -1.35 0.85
v 1.15 -1.35 0.85
v -0.95 -1.35 0.75
v -0.85 -1.35 0.75
v 0.85 -1.35 0.75
v 0.95 -1.35 0.75
v -1.05 -1.35 0.65
v -0.95 -1.35 0.65
v -0.85 -1.35 0.65
v -0.75 -1.35 0.65
v 0.75 -1.35 0.65
v 0.85 -1.35 0.65
v 0.95 -1.35 0.65
v 1.05 -1.35 0.65
v -0.95 -1.35 0.55
v -0.85 -1.35 0.55
v -0.75 -1.35 0.55
v -0.65 -1.35 0.55
v 0.65 -1.35 0.55
v 0.75 -1.35 0.55
v 0.85 -1.35 0.55
v 0.95 -1.35 0.55
v -0.85 -1.35 0.45
v -0.75 -1.35 0.45
v -0.65 -1.35 0.45
v -0.55 -1.35 0.45
v 0.55 -1.35 0.45
v 0.65 -1.35 0.45
v 0.75 -1.35 0.45
v 0.85 -1.35 0.45
v -0.85 -1.35 0.35
v -0.75 -1.35 0.35
v -0.65 -1.35 0.35
v -0.55 -1.35 0.35
v 0.55 -1.35 0.35
v 0.65 -1.35 0.35
v 0.75 -1.35 0.35
v 0.85 -1.35 0.35
v -0.95 -1.35 0.25
v -0.85 -1.35 0.25
v -0.75 -1.35 0.25
v -0.65 -1.35 0.25
v 0.65 -1.35 0.25
v 0.75 -1.35 0.25
v 0.85 -1.35 0.25
v 0.95 -1.35 0.25
v -1.05 -1.35 0.15
v -0.95 -1.35 0.15
v -0.85 -1.35 0.15
v -0.75 -1.35 0.15
v 0.75 -1.35 0.15
v 0.85 -1.35 0.15
v 0.95 -1.35 0.15
v 1.05 -1.35 0.15
v -0.95 -1.35 0.05
v -0.85 -1.35 0.05
v 0.85 -1.35 0.05
v 0.95 -1.35 0.05
v -1.15 -1.35 -0.05
v -1.05 -1.35 -0.05
v 1.05 -1.35 -0.05
v 1.15 -1.35 -0.05
v -1.05 -1.35 -0.15
v -0.95 -1.35 -0.15
v 0.95 -1.35 -0.15
v 1.05 -1.35 -0.15
v -1.05 -1.35 -0.85
v -0.95 -1.35 -0.85
v 0.95 -1.35 -0.85
v 1.05 -1.35 -0.85
v -1.15 -1.35 -0.95
v -1.05 -1.35 -0.95
v 1.05 -1.35 -0.95
v 1.15 -1.35 -0.95
v -0.95 -1.35 -1.05
v -0.85 -1.35 -1.05
v 0.85 -1.35 -1.05
v 0.95 -1.35 -1.05
v -1.05 -1.35 -1.15
v -0.95 -1.35 -1.15
v -0.85 -1.35 -1.15
v -0.75 -1.35 -1.15
v 0.75 -1.35 -1.15
v 0.85 -1.35 -1.15
v 0.95 -1.35 -1.15
v 1.05 -1.35 -1.15
v -0.95 -1.35 -1.25
v -0.85 -1.35 -1.25
v -0.75 -1.35 -1.25
v -0.65 -1.35 -1.25
v 0.65 -1.35 -1.25
v 0.75 -1.35 -1.25
v 0.85 -1.35 -1.25
v 0.95 -1.35 -1.25
v -0.85 -1.35 -1.35
v -0.75 -1.35 -1.35
v 0.75 -1.35 -1.35
v 0.85 -1.35 -1.35
v -0.85 -1.35 -1.45
v -0.75 -1.35 -1.45
v 0.75 -1.35 -1.45
v 0.85 -1.35 -1.45
v -0.95 -1.35 -1.55
v -0.85 -1.35 -1.55
v -0.75 -1.35 -1.55
v -0.65 -1.35 -1.55
v 0.65 -1.35 -1.55
v 0.75 -1.35 -1.55
v 0.85 -1.35 -1.55
v 0.95 -1.35 -1.55
v -1.05 -1.35 -1.65
v -0.95 -1.35 -1.65
v -0.85 -1.35 -1.65
v -0.75 -1.35 -1.65
v 0.75 -1.35 -1.65
v 0.85 -1.35 -1.65
v 0.95 -1.35 -1.65
v 1.05 -1.35 -1.65
v -0.95 -1.35 -1.75
v -0.85 -1.35 -1.75
v 0.85 -1.35 -1.75
v 0.95 -1.35 -1.75
v -1.15 -1.35 -1.85
v -1.05 -1.35 -1.85
v 1.05 -1.35 -1.85
v 1.15 -1.35 -1.85
v -1.05 -1.35 -1.95
v -0.95 -1.35 -1.95
v 0.95 -1.35 -1.95
v 1.05 -1.35 -1.95
v 1.05 -1.35 -2.15
v 1.15 -1.35 -2.15
v -1.15 -1.35 -2.65
v -1.05 -1.35 -2.65
v -1.25 -1.25 3.15
v -1.15 -1.25 3.15
v -1.25 -1.25 3.05
v -1.15 -1.25 3.05
v -1.25 -1.25 2.65
v -1.15 -1.25 2.65
v -1.05 -1.25 2.65
v -1.15 -1.25 2.45
v -1.05 -1.25 2.45
v -0.95 -1.25 2.45
v -1.05 -1.25 2.35
v -0.95 -1.25 2.35
v -0.85 -1.25 2.35
v -0.85 -1.25 2.25
v -0.75 -1.25 2.25
v -0.85 -1.25 2.15
v -0.75 -1.25 2.15
v -1.05 -1.25 2.05
v -0.95 -1.25 2.05
v -0.85 -1.25 2.05
v -1.15 -1.25 1.95
v -1.05 -1.25 1.95
v -0.95 -1.25 1.95
v -1.25 -1.25 1.75
v -1.15 -1.25 1.75
v -1.05 -1.25 1.75
v 1.15 -1.25 1.65
v 1.25 -1.25 1.65
v -1.25 -1.25 0.85
v -1.15 -1.25 0.85
v -1.05 -1.25 0.85
v 1.05 -1.25 0.85
v 1.15 -1.25 0.85
v 1.25 -1.25 0.85
v -1.15 -1.25 0.65
v -1.05 -1.25 0.65
v -0.95 -1.25 0.65
v 0.95 -1.25 0.65
v 1.05 -1.25 0.65
v 1.15 -1.25 0.65
v -1.05 -1.25 0.55
v -0.95 -1.25 0.55
v -0.85 -1.25 0.55
v 0.85 -1.25 0.55
v 0.95 -1.25 0.55
v 1.05 -1.25 0.55
v -0.85 -1.25 0.45
v -0.75 -1.25 0.45
v 0.75 -1.25 0.45
v 0.85 -1.25 0.45
v -0.85 -1.25 0.35
v -0.75 -1.25 0.35
v 0.75 -1.25 0.35
v 0.85 -1.25 0.35
v -1.05 -1.25 0.25
v -0.95 -1.25 0.25
v -0.85 -1.25 0.25
v 0.85 -1.25 0.25
v 0.95 -1.25 0.25
v 1.05 -1.25 0.25
v -1.15 -1.25 0.15
v -1.05 -1.25 0.15
v -0.95 -1.25 0.15
v 0.95 -1.25 0.15
v 1.05 -1.25 0.15
v 1.15 -1.25 0.15
v -1.25 -1.25 -0.05
v -1.15 -1.25 -0.05
v -1.05 -1.25 -0.05
v 1.05 -1.25 -0.05
v 1.15 -1.25 -0.05
v 1.25 -1.25 -0.05
v -1.25 -1.25 -0.95
v -1.15 -1.25 -0.95
v -1.05 -1.25 -0.95
v 1.05 -1.25 -0.95
v 1.15 -1.25 -0.95
v 1.25 -1.25 -0.95
v -1.15 -1.25 -1.15
v -1.05 -1.25 -1.15
v -0.95 -1.25 -1.15
v 0.95 -1.25 -1.15
v 1.05 -1.25 -1.15
v 1.15 -1.25 -1.15
v -1.05 -1.25 -1.25
v -0.95 -1.25 -1.25
v -0.85 -1.25 -1.25
v 0.85 -1.25 -1.25
v 0.95 -1.25 -1.25
v 1.05 -1.25 -1.25
v -0.85 -1.25 -1.35
v -0.75 -1.25 -1.35
v 0.75 -1.25 -1.35
v 0.85 -1.25 -1.35
v -0.85 -1.25 -1.45
v -0.75 -1.25 -1.45
v 0.75 -1.25 -1.45
v 0.85 -1.25 -1.45
v -1.05 -1.25 -1.55
v -0.95 -1.25 -1.55
v -0.85 -1.25 -1.55
v 0.85 -1.25 -1.55
v 0.95 -1.25 -1.55
v 1.05 -1.25 -1.55
v -1.15 -1.25 -1.65
v -1.05 -1.25 -1.65
v -0.95 -1.25 -1.65
v 0.95 -1.25 -1.65
v 1.05 -1.25 -1.65
v 1.15 -1.25 -1.65
v -1.25 -1.25 -1.85
v -1.15 -1.25 -1.85
v -1.05 -1.25 -1.85
v 1.05 -1.25 -1.85
v 1.15 -1.25 -1.85
v 1.25 -1.25 -1.85
v 1.15 -1.25 -2.15
v 1.25 -1.25 -2.15
v -1.25 -1.25 -2.65
v -1.15 -1.25 -2.65
v -1.35 -1.15 3.15
v -1.25 -1.15 3.15
v -1.35 -1.15 3.05
v -1.25 -1.15 3.05
v -1.35 -1.15 2.65
v -1.25 -1.15 2.65
v -1.15 -1.15 2.65
v -1.25 -1.15 2.45
v -1.15 -1.15 2.45
v -1.05 -1.15 2.45
v -1.15 -1.15 2.35
v -1.05 -1.15 2.35
v -0.95 -1.15 2.35
v -1.15 -1.15 2.25
v -1.05 -1.15 2.25
v -1.15 -1.15 2.15
v -1.05 -1.15 2.15
v -1.15 -1.15 2.05
v -1.05 -1.15 2.05
v -0.95 -1.15 2.05
v -1.25 -1.15 1.95
v -1.15 -1.15 1.95
v -1.05 -1.15 1.95
v -1.35 -1.15 1.75
v -1.25 -1.15 1.75
v -1.15 -1.15 1.75
v 1.25 -1.15 1.45
v 1.35 -1.15 1.45
v -1.35 -1.15 0.85
v -1.25 -1.15 0.85
v -1.15 -1.15 0.85
v 1.15 -1.15 0.85
v 1.25 -1.15 0.85
v 1.35 -1.15 0.85
v -1.25 -1.15 0.65
v -1.15 -1.15 0.65
v -1.05 -1.15 0.65
v 1.05 -1.15 0.65
v 1.15 -1.15 0.65
v 1.25 -1.15 0.65
v -1.15 -1.15 0.55
v -1.05 -1.15 0.55
v -0.95 -1.15 0.55
v 0.95 -1.15 0.55
v 1.05 -1.15 0.55
v 1.15 -1.15 0.55
v -1.15 -1.15 0.45
v -1.05 -1.15 0.45
v 1.05 -1.15 0.45
v 1.15 -1.15 0.45
v -1.15 -1.15 0.35
v -1.05 -1.15 0.35
v 1.05 -1.15 0.35
v 1.15 -1.15 0.35
v -1.15 -1.15 0.25
v -1.05 -1.15 0.25
v -0.95 -1.15 0.25
v 0.95 -1.15 0.25
v 1.05 -1.15 0.25
v 1.15 -1.15 0.25
v -1.25 -1.15 0.15
v -1.15 -1.15 0.15
v -1.05 -1.15 0.15
v 1.05 -1.15 0.15
v 1.15 -1.15 0.15
v 1.25 -1.15 0.15
v -1.35 -1.15 -0.05
v -1.25 -1.15 -0.05
v -1.15 -1.15 -0.05
v 1.15 -1.15 -0.05
v 1.25 -1.15 -0.05
v 1.35 -1.15 -0.05
v -1.35 -1.15 -0.95
v -1.25 -1.15 -0.95
v -1.15 -1.15 -0.95
v 1.15 -1.15 -0.95
v 1.25 -1.15 -0.95
v 1.35 -1.15 -0.95
v -1.25 -1.15 -1.15
v -1.15 -1.15 -1.15
v -1.05 -1.15 -1.15
v 1.05 -1.15 -1.15
v 1.15 -1.15 -1.15
v 1.25 -1.15 -1.15
v -1.15 -1.15 -1.25
v -1.05 -1.15 -1.25
v -0.95 -1.15 -1.25
v 0.95 -1.15 -1.25
v 1.05 -1.15 -1.25
v 1.15 -1.15 -1.25
v -1.15 -1.15 -1.35
v -1.05 -1.15 -1.35
v 1.05 -1.15 -1.35
v 1.15 -1.15 -1.35
v -1.15 -1.15 -1.45
v -1.05 -1.15 -1.45
v 1.05 -1.15 -1.45
v 1.15 -1.15 -1.45
v -1.15 -1.15 -1.55
v -1.05 -1.15 -1.55
v -0.95 -1.15 -1.55
v 0.95 -1.15 -1.55
v 1.05 -1.15 -1.55
v 1.15 -1.15 -1.55
v -1.25 -1.15 -1.65
v -1.15 -1.15 -1.65
v -1.05 -1.15 -1.65
v 1.05 -1.15 -1.65
v 1.15 -1.15 -1.65
v 1.25 -1.15 -1.65
v -1.35 -1.15 -1.85
v -1.25 -1.15 -1.85
v -1.15 -1.15 -1.85
v 1.15 -1.15 -1.85
v 1.25 -1.15 -1.85
v 1.35 -1.15 -1.85
v 1.25 -1.15 -2.15
v 1.35 -1.15 -2.15
v -1.35 -1.15 -2.65
v -1.25 -1.15 -2.65
v -1.45 -1.05 3.15
v -1.35 -1.05 3.15
v -1.45 -1.05 3.05
v -1.35 -1.05 3.05
v -1.45 -1.05 2.75
v -1.35 -1.05 2.75
v -1.35 -1.05 2.65
v -1.25 -1.05 2.65
v -1.35 -1.05 2.45
v -1.25 -1.05 2.45
v -1.15 -1.05 2.45
v -1.25 -1.05 2.35
v -1.15 -1.05 2.35
v -1.15 -1.05 2.25
v -1.05 -1.05 2.25
v -1.15 -1.05 2.15
v -1.05 -1.05 2.15
v -1.25 -1.05 2.05
v -1.15 -1.05 2.05
v -1.35 -1.05 1.95
v -1.25 -1.05 1.95
v -1.15 -1.05 1.95
v -1.35 -1.05 1.75
v -1.25 -1.05 1.75
v -1.45 -1.05 1.65
v -1.35 -1.05 1.65
v 1.35 -1.05 1.35
v 1.45 -1.05 1.35
v -1.45 -1.05 0.95
v -1.35 -1.05 0.95
v 1.35 -1.05 0.95
v 1.45 -1.05 0.95
v -1.35 -1.05 0.85
v -1.25 -1.05 0.85
v 1.25 -1.05 0.85
v 1.35 -1.05 0.85
v -1.35 -1.05 0.65
v -1.25 -1.05 0.65
v -1.15 -1.05 0.65
v 1.15 -1.05 0.65
v 1.25 -1.05 0.65
v 1.35 -1.05 0.65
v -1.25 -1.05 0.55
v -1.15 -1.05 0.55
v 1.15 -1.05 0.55
v 1.25 -1.05 0.55
v -1.15 -1.05 0.45
v -1.05 -1.05 0.45
v 1.05 -1.05 0.45
v 1.15 -1.05 0.45
v -1.15 -1.05 0.35
v -1.05 -1.05 0.35
v 1.05 -1.05 0.35
v 1.15 -1.05 0.35
v -1.25 -1.05 0.25
v -1.15 -1.05 0.25
v 1.15 -1.05 0.25
v 1.25 -1.05 0.25
v -1.35 -1.05 0.15
v -1.25 -1.05 0.15
v -1.15 -1.05 0.15
v 1.15 -1.05 0.15
v 1.25 -1.05 0.15
v 1.35 -1.05 0.15
v -1.35 -1.05 -0.05
v -1.25 -1.05 -0.05
v 1.25 -1.05 -0.05
v 1.35 -1.05 -0.05
v -1.45 -1.05 -0.15
v -1.35 -1.05 -0.15
v 1.35 -1.05 -0.15
v 1.45 -1.05 -0.15
v -1.45 -1.05 -0.85
v -1.35 -1.05 -0.85
v 1.35 -1.05 -0.85
v 1.45 -1.05 -0.85
v -1.35 -1.05 -0.95
v -1.25 -1.05 -0.95
v 1.25 -1.05 -0.95
v 1.35 -1.05 -0.95
v -1.35 -1.05 -1.15
v -1.25 -1.05 -1.15
v -1.15 -1.05 -1.15
v 1.15 -1.05 -1.15
v 1.25 -1.05 -1.15
v 1.35 -1.05 -1.15
v -1.25 -1.05 -1.25
v -1.15 -1.05 -1.25
v 1.15 -1.05 -1.25
v 1.25 -1.05 -1.25
v -1.15 -1.05 -1.35
v -1.05 -1.05 -1.35
v 1.05 -1.05 -1.35
v 1.15 -1.05 -1.35
v -1.15 -1.05 -1.45
v -1.05 -1.05 -1.45
v 1.05 -1.05 -1.45
v 1.15 -1.05 -1.45
v -1.25 -1.05 -1.55
v -1.15 -1.05 -1.55
v 1.15 -1.05 -1.55
v 1.25 -1.05 -1.55
v -1.35 -1.05 -1.65
v -1.25 -1.05 -1.65
v -1.15 -1.05 -1.65
v 1.15 -1.05 -1.65
v 1.25 -1.05 -1.65
v 1.35 -1.05 -1.65
v -1.35 -1.05 -1.85
v -1.25 -1.05 -1.85
v 1.25 -1.05 -1.85
v 1.35 -1.05 -1.85
v -1.45 -1.05 -1.95
v -1.35 -1.05 -1.95
v 1.35 -1.05 -1.95
v 1.45 -1.05 -1.95
v 1.35 -1.05 -2.05
v 1.45 -1.05 -2.05
v -1.45 -1.05 -2.65
v -1.35 -1.05 -2.65
v -1.55 -0.95 3.15
v -1.45 -0.95 3.15
v -1.55 -0.95 3.05
v -1.45 -0.95 3.05
v -1.45 -0.95 2.75
v -1.35 -0.95 2.75
v -1.45 -0.95 2.55
v -1.35 -0.95 2.55
v -1.35 -0.95 2.45
v -1.25 -0.95 2.45
v -1.35 -0.95 2.35
v -1.25 -0.95 2.35
v -1.15 -0.95 2.35
v -1.35 -0.95 2.05
v -1.25 -0.95 2.05
v -1.15 -0.95 2.05
v -1.35 -0.95 1.95
v -1.25 -0.95 1.95
v -1.45 -0.95 1.85
v -1.35 -0.95 1.85
v -1.45 -0.95 1.65
v -1.35 -0.95 1.65
v -1.55 -0.95 1.35
v -1.45 -0.95 1.35
v 1.45 -0.95 1.35
v 1.55 -0.95 1.35
v -1.55 -0.95 1.25
v -1.45 -0.95 1.25
v 1.45 -0.95 1.25
v 1.55 -0.95 1.25
v -1.45 -0.95 0.95
v -1.35 -0.95 0.95
v 1.35 -0.95 0.95
v 1.45 -0.95 0.95
v -1.45 -0.95 0.75
v -1.35 -0.95 0.75
v 1.35 -0.95 0.75
v 1.45 -0.95 0.75
v -1.35 -0.95 0.65
v -1.25 -0.95 0.65
v 1.25 -0.95 0.65
v 1.35 -0.95 0.65
v -1.35 -0.95 0.55
v -1.25 -0.95 0.55
v -1.15 -0.95 0.55
v 1.15 -0.95 0.55
v 1.25 -0.95 0.55
v 1.35 -0.95 0.55
v -1.35 -0.95 0.25
v -1.25 -0.95 0.25
v -1.15 -0.95 0.25
v 1.15 -0.95 0.25
v 1.25 -0.95 0.25
v 1.35 -0.95 0.25
v -1.35 -0.95 0.15
v -1.25 -0.95 0.15
v 1.25 -0.95 0.15
v 1.35 -0.95 0.15
v -1.45 -0.95 0.05
v -1.35 -0.95 0.05
v 1.35 -0.95 0.05
v 1.45 -0.95 0.05
v -1.45 -0.95 -0.15
v -1.35 -0.95 -0.15
v 1.35 -0.95 -0.15
v 1.45 -0.95 -0.15
v -1.55 -0.95 -0.45
v -1.45 -0.95 -0.45
v 1.45 -0.95 -0.45
v 1.55 -0.95 -0.45
v -1.55 -0.95 -0.55
v -1.45 -0.95 -0.55
v 1.45 -0.95 -0.55
v 1.55 -0.95 -0.55
v -1.45 -0.95 -0.85
v -1.35 -0.95 -0.85
v 1.35 -0.95 -0.85
v 1.45 -0.95 -0.85
v -1.45 -0.95 -1.05
v -1.35 -0.95 -1.05
v 1.35 -0.95 -1.05
v 1.45 -0.95 -1.05
v -1.35 -0.95 -1.15
v -1.25 -0.95 -1.15
v 1.25 -0.95 -1.15
v 1.35 -0.95 -1.15
v -1.35 -0.95 -1.25
v -1.25 -0.95 -1.25
v -1.15 -0.95 -1.25
v 1.15 -0.95 -1.25
v 1.25 -0.95 -1.25
v 1.35 -0.95 -1.25
v -1.35 -0.95 -1.55
v -1.25 -0.95 -1.55
v -1.15 -0.95 -1.55
v 1.15 -0.95 -1.55
v 1.25 -0.95 -1.55
v 1.35 -0.95 -1.55
v -1.35 -0.95 -1.65
v -1.25 -0.95 -1.65
v 1.25 -0.95 -1.65
v 1.35 -0.95 -1.65
v -1.45 -0.95 -1.75
v -1.35 -0.95 -1.75
v 1.35 -0.95 -1.75
v 1.45 -0.95 -1.75
v -1.45 -0.95 -1.95
v -1.35 -0.95 -1.95
v 1.35 -0.95 -1.95
v 1.45 -0.95 -1.95
v -1.55 -0.95 -2.25
v -1.45 -0.95 -2.25
v -1.55 -0.95 -2.35
v -1.45 -0.95 -2.35
v -1.55 -0.85 3.05
v -1.45 -0.85 3.05
v -1.55 -0.85 2.65
v -1.45 -0.85 2.65
v -1.45 -0.85 2.55
v -1.35 -0.85 2.55
v -1.45 -0.85 2.45
v -1.35 -0.85 2.45
v -1.35 -0.85 2.35
v -1.25 -0.85 2.35
v -1.35 -0.85 2.25
v -1.25 -0.85 2.25
v -1.35 -0.85 2.15
v -1.25 -0.85 2.15
v -1.35 -0.85 2.05
v -1.25 -0.85 2.05
v -1.45 -0.85 1.95
v -1.35 -0.85 1.95
v -1.45 -0.85 1.85
v -1.35 -0.85 1.85
v -1.55 -0.85 1.75
v -1.45 -0.85 1.75
v -1.55 -0.85 1.35
v -1.45 -0.85 1.35
v -1.55 -0.85 1.25
v -1.45 -0.85 1.25
v 1.45 -0.85 1.25
v 1.55 -0.85 1.25
v -1.55 -0.85 0.85
v -1.45 -0.85 0.85
v 1.45 -0.85 0.85
v 1.55 -0.85 0.85
v -1.45 -0.85 0.75
v -1.35 -0.85 0.75
v 1.35 -0.85 0.75
v 1.45 -0.85 0.75
v -1.45 -0.85 0.65
v -1.35 -0.85 0.65
v 1.35 -0.85 0.65
v 1.45 -0.85 0.65
v -1.35 -0.85 0.55
v -1.25 -0.85 0.55
v 1.25 -0.85 0.55
v 1.35 -0.85 0.55
v -1.35 -0.85 0.45
v -1.25 -0.85 0.45
v 1.25 -0.85 0.45
v 1.35 -0.85 0.45
v -1.35 -0.85 0.35
v -1.25 -0.85 0.35
v 1.25 -0.85 0.35
v 1.35 -0.85 0.35
v -1.35 -0.85 0.25
v -1.25 -0.85 0.25
v 1.25 -0.85 0.25
v 1.35 -0.85 0.25
v -1.45 -0.85 0.15
v -1.35 -0.85 0.15
v 1.35 -0.85 0.15
v 1.45 -0.85 0.15
v -1.45 -0.85 0.05
v -1.35 -0.85 0.05
v 1.35 -0.85 0.05
v 1.45 -0.85 0.05
v -1.55 -0.85 -0.05
v -1.45 -0.85 -0.05
v 1.45 -0.85 -0.05
v 1.55 -0.85 -0.05
v -1.55 -0.85 -0.45
v -1.45 -0.85 -0.45
v 1.45 -0.85 -0.45
v 1.55 -0.85 -0.45
v -1.55 -0.85 -0.55
v -1.45 -0.85 -0.55
v 1.45 -0.85 -0.55
v 1.55 -0.85 -0.55
v -1.55 -0.85 -0.95
v -1.45 -0.85 -0.95
v 1.45 -0.85 -0.95
v 1.55 -0.85 -0.95
v -1.45 -0.85 -1.05
v -1.35 -0.85 -1.05
v 1.35 -0.85 -1.05
v 1.45 -0.85 -1.05
v -1.45 -0.85 -1.15
v -1.35 -0.85 -1.15
v 1.35 -0.85 -1.15
v 1.45 -0.85 -1.15
v -1.35 -0.85 -1.25
v -1.25 -0.85 -1.25
v 1.25 -0.85 -1.25
v 1.35 -0.85 -1.25
v -1.35 -0.85 -1.35
v -1.25 -0.85 -1.35
v 1.25 -0.85 -1.35
v 1.35 -0.85 -1.35
v -1.35 -0.85 -1.45
v -1.25 -0.85 -1.45
v 1.25 -0.85 -1.45
v 1.35 -0.85 -1.45
v -1.35 -0.85 -1.55
v -1.25 -0.85 -1.55
v 1.25 -0.85 -1.55
v 1.35 -0.85 -1.55
v -1.45 -0.85 -1.65
v -1.35 -0.85 -1.65
v 1.35 -0.85 -1.65
v 1.45 -0.85 -1.65
v -1.45 -0.85 -1.75
v -1.35 -0.85 -1.75
v 1.35 -0.85 -1.75
v 1.45 -0.85 -1.75
v -1.55 -0.85 -1.85
v -1.45 -0.85 -1.85
v -1.55 -0.85 -2.25
v -1.45 -0.85 -2.25
v -1.55 -0.85 -2.35
v -1.45 -0.85 -2.35
v -1.45 -0.85 -2.65
v -1.55 -0.85 -2.75
v -1.45 -0.85 -2.75
v -1.65 -0.75 3.15
v -1.55 -0.75 3.15
v -1.65 -0.75 3.05
v -1.55 -0.75 3.05
v -1.65 -0.75 2.95
v -1.55 -0.75 2.95
v -1.55 -0.75 2.65
v -1.45 -0.75 2.65
v -1.55 -0.75 2.55
v -1.45 -0.75 2.55
v -1.45 -0.75 2.45
v -1.35 -0.75 2.45
v -1.45 -0.75 2.35
v -1.35 -0.75 2.35
v -1.35 -0.75 2.25
v -1.25 -0.75 2.25
v -1.35 -0.75 2.15
v -1.25 -0.75 2.15
v -1.45 -0.75 2.05
v -1.35 -0.75 2.05
v -1.45 -0.75 1.95
v -1.35 -0.75 1.95
v -1.55 -0.75 1.85
v -1.45 -0.75 1.85
v -1.55 -0.75 1.75
v -1.45 -0.75 1.75
v -1.65 -0.75 1.45
v -1.55 -0.75 1.45
v 1.55 -0.75 1.25
v 1.65 -0.75 1.25
v -1.65 -0.75 1.15
v -1.55 -0.75 1.15
v 1.55 -0.75 1.15
v 1.65 -0.75 1.15
v -1.55 -0.75 0.85
v -1.45 -0.75 0.85
v 1.45 -0.75 0.85
v 1.55 -0.75 0.85
v -1.55 -0.75 0.75
v -1.45 -0.75 0.75
v 1.45 -0.75 0.75
v 1.55 -0.75 0.75
v -1.45 -0.75 0.65
v -1.35 -0.75 0.65
v 1.35 -0.75 0.65
v 1.45 -0.75 0.65
v -1.45 -0.75 0.55
v -1.35 -0.75 0.55
v 1.35 -0.75 0.55
v 1.45 -0.75 0.55
v -1.35 -0.75 0.45
v -1.25 -0.75 0.45
v 1.25 -0.75 0.45
v 1.35 -0.75 0.45
v -1.35 -0.75 0.35
v -1.25 -0.75 0.35
v 1.25 -0.75 0.35
v 1.35 -0.75 0.35
v -1.45 -0.75 0.25
v -1.35 -0.75 0.25
v 1.35 -0.75 0.25
v 1.45 -0.75 0.25
v -1.45 -0.75 0.15
v -1.35 -0.75 0.15
v 1.35 -0.75 0.15
v 1.45 -0.75 0.15
v -1.55 -0.75 0.05
v -1.45 -0.75 0.05
v 1.45 -0.75 0.05
v 1.55 -0.75 0.05
v -1.55 -0.75 -0.05
v -1.45 -0.75 -0.05
v 1.45 -0.75 -0.05
v 1.55 -0.75 -0.05
v -1.65 -0.75 -0.35
v -1.55 -0.75 -0.35
v 1.55 -0.75 -0.35
v 1.65 -0.75 -0.35
v -1.65 -0.75 -0.65
v -1.55 -0.75 -0.65
v 1.55 -0.75 -0.65
v 1.65 -0.75 -0.65
v -1.55 -0.75 -0.95
v -1.45 -0.75 -0.95
v 1.45 -0.75 -0.95
v 1.55 -0.75 -0.95
v -1.55 -0.75 -1.05
v -1.45 -0.75 -1.05
v 1.45 -0.75 -1.05
v 1.55 -0.75 -1.05
v -1.45 -0.75 -1.15
v -1.35 -0.75 -1.15
v 1.35 -0.75 -1.15
v 1.45 -0.75 -1.15
v -1.45 -0.75 -1.25
v -1.35 -0.75 -1.25
v 1.35 -0.75 -1.25
v 1.45 -0.75 -1.25
v -1.35 -0.75 -1.35
v -1.25 -0.75 -1.35
v 1.25 -0.75 -1.35
v 1.35 -0.75 -1.35
v -1.35 -0.75 -1.45
v -1.25 -0.75 -1.45
v 1.25 -0.75 -1.45
v 1.35 -0.75 -1.45
v -1.45 -0.75 -1.55
v -1.35 -0.75 -1.55
v 1.35 -0.75 -1.55
v 1.45 -0.75 -1.55
v -1.45 -0.75 -1.65
v -1.35 -0.75 -1.65
v 1.35 -0.75 -1.65
v 1.45 -0.75 -1.65
v -1.55 -0.75 -1.75
v -1.45 -0.75 -1.75
v -1.55 -0.75 -1.85
v -1.45 -0.75 -1.85
v -1.65 -0.75 -2.15
v -1.55 -0.75 -2.15
v -1.65 -0.75 -2.45
v -1.55 -0.75 -2.45
v -1.65 -0.65 2.95
v -1.55 -0.65 2.95
v -1.65 -0.65 2.75
v -1.55 -0.65 2.75
v -1.55 -0.65 2.55
v -1.45 -0.65 2.55
v -1.55 -0.65 2.45
v -1.45 -0.65 2.45
v -1.45 -0.65 2.35
v -1.35 -0.65 2.35
v -1.45 -0.65 2.25
v -1.35 -0.65 2.25
v -1.45 -0.65 2.15
v -1.35 -0.65 2.15
v -1.45 -0.65 2.05
v -1.35 -0.65 2.05
v -1.55 -0.65 1.95
v -1.45 -0.65 1.95
v -1.55 -0.65 1.85
v -1.45 -0.65 1.85
v -1.65 -0.65 1.65
v -1.55 -0.65 1.65
v -1.65 -0.65 1.45
v -1.55 -0.65 1.45
v -1.65 -0.65 1.15
v -1.55 -0.65 1.15
v 1.55 -0.65 1.15
v 1.65 -0.65 1.15
v -1.65 -0.65 0.95
v -1.55 -0.65 0.95
v 1.55 -0.65 0.95
v 1.65 -0.65 0.95
v -1.55 -0.65 0.75
v -1.45 -0.65 0.75
v 1.45 -0.65 0.75
v 1.55 -0.65 0.75
v -1.55 -0.65 0.65
v -1.45 -0.65 0.65
v 1.45 -0.65 0.65
v 1.55 -0.65 0.65
v -1.45 -0.65 0.55
v -1.35 -0.65 0.55
v 1.35 -0.65 0.55
v 1.45 -0.65 0.55
v -1.45 -0.65 0.45
v -1.35 -0.65 0.45
v 1.35 -0.65 0.45
v 1.45 -0.65 0.45
v -1.45 -0.65 0.35
v -1.35 -0.65 0.35
v 1.35 -0.65 0.35
v 1.45 -0.65 0.35
v -1.45 -0.65 0.25
v -1.35 -0.65 0.25
v 1.35 -0.65 0.25
v 1.45 -0.65 0.25
v -1.55 -0.65 0.15
v -1.45 -0.65 0.15
v 1.45 -0.65 0.15
v 1.55 -0.65 0.15
v -1.55 -0.65 0.05
v -1.45 -0.65 0.05
v 1.45 -0.65 0.05
v 1.55 -0.65 0.05
v -1.65 -0.65 -0.15
v -1.55 -0.65 -0.15
v 1.55 -0.65 -0.15
v 1.65 -0.65 -0.15
v -1.65 -0.65 -0.35
v -1.55 -0.65 -0.35
v 1.55 -0.65 -0.35
v 1.65 -0.65 -0.35
v -1.65 -0.65 -0.65
v -1.55 -0.65 -0.65
v 1.55 -0.65 -0.65
v 1.65 -0.65 -0.65
v -1.65 -0.65 -0.85
v -1.55 -0.65 -0.85
v 1.55 -0.65 -0.85
v 1.65 -0.65 -0.85
v -1.55 -0.65 -1.05
v -1.45 -0.65 -1.05
v 1.45 -0.65 -1.05
v 1.55 -0.65 -1.05
v -1.55 -0.65 -1.15
v -1.45 -0.65 -1.15
v 1.45 -0.65 -1.15
v 1.55 -0.65 -1.15
v -1.45 -0.65 -1.25
v -1.35 -0.65 -1.25
v 1.35 -0.65 -1.25
v 1.45 -0.65 -1.25
v -1.45 -0.65 -1.55
v -1.35 -0.65 -1.55
v 1.35 -0.65 -1.55
v 1.45 -0.65 -1.55
v -1.55 -0.65 -1.65
v -1.45 -0.65 -1.65
v -1.55 -0.65 -1.75
v -1.45 -0.65 -1.75
v -1.65 -0.65 -1.95
v -1.55 -0.65 -1.95
v -1.65 -0.65 -2.15
v -1.55 -0.65 -2.15
v -1.65 -0.65 -2.45
v -1.55 -0.65 -2.45
v -1.65 -0.65 -2.65
v -1.55 -0.65 -2.65
v -1.65 -0.55 2.75
v -1.55 -0.55 2.75
v -1.65 -0.55 2.55
v -1.55 -0.55 2.55
v -1.55 -0.55 2.45
v -1.45 -0.55 2.45
v -1.55 -0.55 2.35
v -1.45 -0.55 2.35
v -1.45 -0.55 2.25
v -1.35 -0.55 2.25
v -1.45 -0.55 2.15
v -1.35 -0.55 2.15
v -1.55 -0.55 2.05
v -1.45 -0.55 2.05
v -1.55 -0.55 1.95
v -1.45 -0.55 1.95
v -1.65 -0.55 1.85
v -1.55 -0.55 1.85
v -1.65 -0.55 1.65
v -1.55 -0.55 1.65
v -1.65 -0.55 0.95
v -1.55 -0.55 0.95
v 1.55 -0.55 0.95
v 1.65 -0.55 0.95
v -1.65 -0.55 0.75
v -1.55 -0.55 0.75
v 1.55 -0.55 0.75
v 1.65 -0.55 0.75
v -1.55 -0.55 0.65
v -1.45 -0.55 0.65
v 1.45 -0.55 0.65
v 1.55 -0.55 0.65
v -1.55 -0.55 0.55
v -1.45 -0.55 0.55
v 1.45 -0.55 0.55
v 1.55 -0.55 0.55
v -1.45 -0.55 0.45
v -1.35 -0.55 0.45
v 1.35 -0.55 0.45
v 1.45 -0.55 0.45
v -1.45 -0.55 0.35
v -1.35 -0.55 0.35
v 1.35 -0.55 0.35
v 1.45 -0.55 0.35
v -1.55 -0.55 0.25
v -1.45 -0.55 0.25
v 1.45 -0.55 0.25
v 1.55 -0.55 0.25
v -1.55 -0.55 0.15
v -1.45 -0.55 0.15
v 1.45 -0.55 0.15
v 1.55 -0.55 0.15
v -1.65 -0.55 0.05
v -1.55 -0.55 0.05
v 1.55 -0.55 0.05
v 1.65 -0.55 0.05
v -1.65 -0.55 -0.15
v -1.55 -0.55 -0.15
v 1.55 -0.55 -0.15
v 1.65 -0.55 -0.15
v -1.65 -0.55 -0.85
v -1.55 -0.55 -0.85
v 1.55 -0.55 -0.85
v 1.65 -0.55 -0.85
v -1.65 -0.55 -1.05
v -1.55 -0.55 -1.05
v 1.55 -0.55 -1.05
v 1.65 -0.55 -1.05
v -1.55 -0.55 -1.15
v -1.45 -0.55 -1.15
v 1.45 -0.55 -1.15
v 1.55 -0.55 -1.15
v -1.55 -0.55 -1.25
v -1.45 -0.55 -1.25
v 1.45 -0.55 -1.25
v 1.55 -0.55 -1.25
v -1.55 -0.55 -1.55
v -1.45 -0.55 -1.55
v -1.55 -0.55 -1.65
v -1.45 -0.55 -1.65
v -1.65 -0.55 -1.75
v -1.55 -0.55 -1.75
v -1.65 -0.55 -1.95
v -1.55 -0.55 -1.95
v -1.35 -0.55 -2.55
v -1.25 -0.55 -2.55
v -1.65 -0.55 -2.65
v -1.55 -0.55 -2.65
v -1.35 -0.55 -2.65
v -1.25 -0.55 -2.65
v -1.55 -0.55 -2.75
v -1.65 -0.55 -2.85
v -1.55 -0.55 -2.85
v -1.75 -0.45 3.15
v -1.65 -0.45 3.15
v -1.75 -0.45 3.05
v -1.65 -0.45 3.05
v -1.75 -0.45 2.95
v -1.65 -0.45 2.95
v -1.55 -0.45 2.35
v -1.45 -0.45 2.35
v -1.55 -0.45 2.25
v -1.45 -0.45 2.25
v -1.55 -0.45 2.15
v -1.45 -0.45 2.15
v -1.55 -0.45 2.05
v -1.45 -0.45 2.05
v -1.75 -0.45 1.45
v -1.65 -0.45 1.45
v -1.75 -0.45 1.15
v -1.65 -0.45 1.15
v -1.55 -0.45 0.55
v -1.45 -0.45 0.55
v 1.45 -0.45 0.55
v 1.55 -0.45 0.55
v -1.55 -0.45 0.45
v -1.45 -0.45 0.45
v 1.45 -0.45 0.45
v 1.55 -0.45 0.45
v -1.55 -0.45 0.35
v -1.45 -0.45 0.35
v 1.45 -0.45 0.35
v 1.55 -0.45 0.35
v -1.55 -0.45 0.25
v -1.45 -0.45 0.25
v 1.45 -0.45 0.25
v 1.55 -0.45 0.25
v -1.75 -0.45 -0.35
v -1.65 -0.45 -0.35
v 1.65 -0.45 -0.35
v 1.75 -0.45 -0.35
v -1.75 -0.45 -0.65
v -1.65 -0.45 -0.65
v 1.65 -0.45 -0.65
v 1.75 -0.45 -0.65
v -1.55 -0.45 -1.25
v -1.45 -0.45 -1.25
v 1.45 -0.45 -1.25
v 1.55 -0.45 -1.25
v -1.55 -0.45 -1.35
v -1.45 -0.45 -1.35
v 1.45 -0.45 -1.35
v 1.55 -0.45 -1.35
v -1.55 -0.45 -1.45
v -1.45 -0.45 -1.45
v -1.55 -0.45 -1.55
v -1.45 -0.45 -1.55
v -1.75 -0.45 -2.15
v -1.65 -0.45 -2.15
v -1.75 -0.45 -2.45
v -1.65 -0.45 -2.45
v -1.15 -0.45 -2.45
v -1.05 -0.45 -2.45
v -1.15 -0.45 -2.55
v -1.05 -0.45 -2.55
v -1.45 -0.45 -2.65
v -1.35 -0.45 -2.65
v -1.55 -0.45 -2.75
v -1.45 -0.45 -2.75
v -1.35 -0.45 -2.75
v -1.55 -0.45 -2.85
v -1.45 -0.45 -2.85
v -1.75 -0.35 2.95
v -1.65 -0.35 2.95
v -1.75 -0.35 2.85
v -1.65 -0.35 2.85
v -1.65 -0.35 2.55
v -1.55 -0.35 2.55
v -1.65 -0.35 2.45
v -1.55 -0.35 2.45
v -1.65 -0.35 1.95
v -1.55 -0.35 1.95
v -1.65 -0.35 1.85
v -1.55 -0.35 1.85
v -1.75 -0.35 1.55
v -1.65 -0.35 1.55
v -1.75 -0.35 1.45
v -1.65 -0.35 1.45
v -1.75 -0.35 1.15
v -1.65 -0.35 1.15
v 1.65 -0.35 1.15
v 1.75 -0.35 1.15
v -1.75 -0.35 1.05
v -1.65 -0.35 1.05
v 1.65 -0.35 1.05
v 1.75 -0.35 1.05
v -1.65 -0.35 0.75
v -1.55 -0.35 0.75
v 1.55 -0.35 0.75
v 1.65 -0.35 0.75
v -1.65 -0.35 0.65
v -1.55 -0.35 0.65
v 1.55 -0.35 0.65
v 1.65 -0.35 0.65
v -1.65 -0.35 0.15
v -1.55 -0.35 0.15
v 1.55 -0.35 0.15
v 1.65 -0.35 0.15
v -1.65 -0.35 0.05
v -1.55 -0.35 0.05
v 1.55 -0.35 0.05
v 1.65 -0.35 0.05
v -1.75 -0.35 -0.25
v -1.65 -0.35 -0.25
v 1.65 -0.35 -0.25
v 1.75 -0.35 -0.25
v -1.75 -0.35 -0.35
v -1.65 -0.35 -0.35
v 1.65 -0.35 -0.35
v 1.75 -0.35 -0.35
v -1.75 -0.35 -0.65
v -1.65 -0.35 -0.65
v 1.65 -0.35 -0.65
v 1.75 -0.35 -0.65
v -1.75 -0.35 -0.75
v -1.65 -0.35 -0.75
v 1.65 -0.35 -0.75
v 1.75 -0.35 -0.75
v -1.65 -0.35 -1.05
v -1.55 -0.35 -1.05
v 1.55 -0.35 -1.05
v 1.65 -0.35 -1.05
v -1.65 -0.35 -1.15
v -1.55 -0.35 -1.15
v 1.55 -0.35 -1.15
v 1.65 -0.35 -1.15
v -1.55 -0.35 -1.35
v -1.45 -0.35 -1.35
v 1.45 -0.35 -1.35
v 1.55 -0.35 -1.35
v -1.55 -0.35 -1.45
v -1.45 -0.35 -1.45
v 1.45 -0.35 -1.45
v 1.55 -0.35 -1.45
v -1.65 -0.35 -1.65
v -1.55 -0.35 -1.65
v -1.65 -0.35 -1.75
v -1.55 -0.35 -1.75
v -1.75 -0.35 -2.05
v -1.65 -0.35 -2.05
v -1.75 -0.35 -2.15
v -1.65 -0.35 -2.15
v -1.75 -0.35 -2.45
v -1.65 -0.35 -2.45
v -1.75 -0.35 -2.55
v -1.65 -0.35 -2.55
v -1.25 -0.35 -2.55
v -1.15 -0.35 -2.55
v -1.25 -0.35 -2.65
v -1.15 -0.35 -2.65
v -1.65 -0.35 -2.85
v -1.55 -0.35 -2.85
v -1.65 -0.35 -2.95
v -1.55 -0.35 -2.95
v -1.75 -0.25 2.85
v -1.65 -0.25 2.85
v -1.75 -0.25 2.75
v -1.65 -0.25 2.75
v -1.75 -0.25 1.65
v -1.65 -0.25 1.65
v -1.75 -0.25 1.55
v -1.65 -0.25 1.55
v -1.75 -0.25 1.05
v -1.65 -0.25 1.05
v 1.65 -0.25 1.05
v 1.75 -0.25 1.05
v -1.75 -0.25 0.95
v -1.65 -0.25 0.95
v 1.65 -0.25 0.95
v 1.75 -0.25 0.95
v -1.75 -0.25 -0.15
v -1.65 -0.25 -0.15
v 1.65 -0.25 -0.15
v 1.75 -0.25 -0.15
v -1.75 -0.25 -0.25
v -1.65 -0.25 -0.25
v 1.65 -0.25 -0.25
v 1.75 -0.25 -0.25
v -1.75 -0.25 -0.75
v -1.65 -0.25 -0.75
v 1.65 -0.25 -0.75
v 1.75 -0.25 -0.75
v -1.75 -0.25 -0.85
v -1.65 -0.25 -0.85
v 1.65 -0.25 -0.85
v 1.75 -0.25 -0.85
v -1.75 -0.25 -1.95
v -1.65 -0.25 -1.95
v -1.75 -0.25 -2.05
v -1.65 -0.25 -2.05
v -1.75 -0.25 -2.55
v -1.65 -0.25 -2.55
v -1.15 -0.25 -2.55
v -1.05 -0.25 -2.55
v -1.75 -0.25 -2.65
v -1.65 -0.25 -2.65
v -1.35 -0.25 -2.65
v -1.25 -0.25 -2.65
v -1.15 -0.25 -2.65
v -1.05 -0.25 -2.65
v -1.45 -0.25 -2.75
v -1.35 -0.25 -2.75
v -1.25 -0.25 -2.75
v -1.55 -0.25 -2.85
v -1.45 -0.25 -2.85
v -1.35 -0.25 -2.85
v -1.55 -0.25 -2.95
v -1.45 -0.25 -2.95
v -1.75 -0.15 2.75
v -1.65 -0.15 2.75
v -1.75 -0.15 2.65
v -1.65 -0.15 2.65
v -1.65 -0.15 2.45
v -1.55 -0.15 2.45
v -1.65 -0.15 2.35
v -1.55 -0.15 2.35
v -1.65 -0.15 2.05
v -1.55 -0.15 2.05
v -1.65 -0.15 1.95
v -1.55 -0.15 1.95
v -1.75 -0.15 1.75
v -1.65 -0.15 1.75
v -1.75 -0.15 1.65
v -1.65 -0.15 1.65
v -1.75 -0.15 0.95
v -1.65 -0.15 0.95
v 1.65 -0.15 0.95
v 1.75 -0.15 0.95
v -1.75 -0.15 0.85
v -1.65 -0.15 0.85
v 1.65 -0.15 0.85
v 1.75 -0.15 0.85
v -1.65 -0.15 0.65
v -1.55 -0.15 0.65
v 1.55 -0.15 0.65
v 1.65 -0.15 0.65
v -1.65 -0.15 0.55
v -1.55 -0.15 0.55
v 1.55 -0.15 0.55
v 1.65 -0.15 0.55
v -1.65 -0.15 0.25
v -1.55 -0.15 0.25
v 1.55 -0.15 0.25
v 1.65 -0.15 0.25
v -1.65 -0.15 0.15
v -1.55 -0.15 0.15
v 1.55 -0.15 0.15
v 1.65 -0.15 0.15
v -1.75 -0.15 -0.05
v -1.65 -0.15 -0.05
v 1.65 -0.15 -0.05
v 1.75 -0.15 -0.05
v -1.75 -0.15 -0.15
v -1.65 -0.15 -0.15
v 1.65 -0.15 -0.15
v 1.75 -0.15 -0.15
v -1.75 -0.15 -0.85
v -1.65 -0.15 -0.85
v 1.65 -0.15 -0.85
v 1.75 -0.15 -0.85
v -1.75 -0.15 -0.95
v -1.65 -0.15 -0.95
v 1.65 -0.15 -0.95
v 1.75 -0.15 -0.95
v -1.65 -0.15 -1.15
v -1.55 -0.15 -1.15
v 1.55 -0.15 -1.15
v 1.65 -0.15 -1.15
v -1.65 -0.15 -1.25
v -1.55 -0.15 -1.25
v 1.55 -0.15 -1.25
v 1.65 -0.15 -1.25
v -1.65 -0.15 -1.55
v -1.55 -0.15 -1.55
v -1.65 -0.15 -1.65
v -1.55 -0.15 -1.65
v -1.75 -0.15 -1.85
v -1.65 -0.15 -1.85
v -1.75 -0.15 -1.95
v -1.65 -0.15 -1.95
v -1.75 -0.15 -2.65
v -1.65 -0.15 -2.65
v -1.25 -0.15 -2.65
v -1.15 -0.15 -2.65
v -1.75 -0.15 -2.75
v -1.65 -0.15 -2.75
v -1.35 -0.15 -2.75
v -1.25 -0.15 -2.75
v -1.15 -0.15 -2.75
v -1.45 -0.15 -2.85
v -1.35 -0.15 -2.85
v -1.25 -0.15 -2.85
v -1.65 -0.15 -2.95
v -1.45 -0.15 -2.95
v -1.35 -0.15 -2.95
v -1.65 -0.15 -3.05
v -1.45 -0.15 -3.05
v -1.55 -0.05 2.25
v -1.45 -0.05 2.25
v -1.55 -0.05 2.15
v -1.45 -0.05 2.15
v -1.55 -0.05 0.45
v -1.45 -0.05 0.45
v 1.45 -0.05 0.45
v 1.55 -0.05 0.45
v -1.55 -0.05 0.35
v -1.45 -0.05 0.35
v 1.45 -0.05 0.35
v 1.55 -0.05 0.35
v -1.55 -0.05 -3.05
v -1.45 -0.05 -3.05
v -1.55 -0.05 -3.15
v -1.45 -0.05 -3.15
v -1.25 0.15 -2.35
v -1.15 0.15 -2.35
v -1.25 0.15 -2.45
v -1.15 0.15 -2.45
v -1.55 0.25 1.85
v -1.45 0.25 1.85
v -1.55 0.25 1.75
v -1.45 0.25 1.75
v -1.55 0.25 1.25
v -1.45 0.25 1.25
v -1.55 0.25 1.15
v -1.45 0.25 1.15
v -1.45 0.25 0.95
v -1.35 0.25 0.95
v 1.35 0.25 0.95
v 1.45 0.25 0.95
v -1.45 0.25 0.85
v -1.35 0.25 0.85
v 1.35 0.25 0.85
v 1.45 0.25 0.85
v -1.35 0.25 0.75
v -1.25 0.25 0.75
v 1.25 0.25 0.75
v 1.35 0.25 0.75
v -1.35 0.25 0.65
v -1.25 0.25 0.65
v 1.25 0.25 0.65
v 1.35 0.25 0.65
v -1.35 0.25 0.55
v -1.25 0.25 0.55
v 1.25 0.25 0.55
v 1.35 0.25 0.55
v -1.35 0.25 0.45
v -1.25 0.25 0.45
v 1.25 0.25 0.45
v 1.35 0.25 0.45
v -1.45 0.25 0.25
v -1.35 0.25 0.25
v 1.35 0.25 0.25
v 1.45 0.25 0.25
v -1.45 0.25 0.15
v -1.35 0.25 0.15
v 1.35 0.25 0.15
v 1.45 0.25 0.15
v -1.45 0.25 -0.35
v -1.35 0.25 -0.35
v 1.35 0.25 -0.35
v 1.45 0.25 -0.35
v -1.45 0.25 -0.45
v -1.35 0.25 -0.45
v 1.35 0.25 -0.45
v 1.45 0.25 -0.45
v -1.35 0.25 -0.65
v -1.25 0.25 -0.65
v 1.25 0.25 -0.65
v 1.35 0.25 -0.65
v -1.35 0.25 -0.75
v -1.25 0.25 -0.75
v 1.25 0.25 -0.75
v 1.35 0.25 -0.75
v -1.35 0.25 -0.95
v -1.25 0.25 -0.95
v 1.25 0.25 -0.95
v 1.35 0.25 -0.95
v -1.35 0.25 -1.05
v -1.25 0.25 -1.05
v 1.25 0.25 -1.05
v 1.35 0.25 -1.05
v -1.45 0.25 -1.25
v -1.35 0.25 -1.25
v 1.35 0.25 -1.25
v 1.45 0.25 -1.25
v -1.45 0.25 -1.35
v -1.35 0.25 -1.35
v 1.35 0.25 -1.35
v 1.45 0.25 -1.35
v -1.45 0.25 -1.85
v -1.35 0.25 -1.85
v -1.45 0.25 -1.95
v -1.35 0.25 -1.95
v -1.35 0.25 -2.15
v -1.25 0.25 -2.15
v -1.35 0.25 -2.25
v -1.25 0.25 -2.25
v -1.55 0.35 3.15
v -1.45 0.35 3.15
v -1.55 0.35 3.05
v -1.45 0.35 3.05
v -1.55 0.35 1.75
v -1.45 0.35 1.75
v -1.55 0.35 1.25
v -1.45 0.35 1.25
v -1.45 0.35 0.15
v -1.35 0.35 0.15
v 1.35 0.35 0.15
v 1.45 0.35 0.15
v -1.45 0.35 -0.35
v -1.35 0.35 -0.35
v 1.35 0.35 -0.35
v 1.45 0.35 -0.35
v -1.45 0.35 -1.35
v -1.35 0.35 -1.35
v -1.45 0.35 -1.55
v -1.35 0.35 -1.55
v -1.45 0.35 -1.85
v -1.35 0.35 -1.85
v -1.45 0.45 1.05
v -1.35 0.45 1.05
v 1.35 0.45 1.05
v 1.45 0.45 1.05
v -1.45 0.45 0.95
v -1.35 0.45 0.95
v 1.35 0.45 0.95
v 1.45 0.45 0.95
v -1.35 0.45 0.85
v -1.25 0.45 0.85
v 1.25 0.45 0.85
v 1.35 0.45 0.85
v -1.35 0.45 0.75
v -1.25 0.45 0.75
v 1.25 0.45 0.75
v 1.35 0.45 0.75
v -1.25 0.45 0.65
v -1.15 0.45 0.65
v 1.15 0.45 0.65
v 1.25 0.45 0.65
v -1.25 0.45 0.55
v -1.15 0.45 0.55
v 1.15 0.45 0.55
v 1.25 0.45 0.55
v -1.35 0.45 0.45
v -1.25 0.45 0.45
v 1.25 0.45 0.45
v 1.35 0.45 0.45
v -1.35 0.45 0.35
v -1.25 0.45 0.35
v 1.25 0.45 0.35
v 1.35 0.45 0.35
v -1.35 0.45 -0.55
v -1.25 0.45 -0.55
v 1.25 0.45 -0.55
v 1.35 0.45 -0.55
v -1.35 0.45 -0.65
v -1.25 0.45 -0.65
v 1.25 0.45 -0.65
v 1.35 0.45 -0.65
v -1.25 0.45 -0.75
v -1.15 0.45 -0.75
v 1.15 0.45 -0.75
v 1.25 0.45 -0.75
v -1.25 0.45 -0.95
v -1.15 0.45 -0.95
v 1.15 0.45 -0.95
v 1.25 0.45 -0.95
v -1.35 0.45 -1.05
v -1.25 0.45 -1.05
v 1.25 0.45 -1.05
v 1.35 0.45 -1.05
v -1.35 0.45 -1.15
v -1.25 0.45 -1.15
v 1.25 0.45 -1.15
v 1.35 0.45 -1.15
v -1.35 0.45 -2.05
v -1.25 0.45 -2.05
v -1.35 0.45 -2.15
v -1.25 0.45 -2.15
v -1.45 0.55 1.25
v -1.35 0.55 1.25
v 1.35 0.55 1.15
v 1.45 0.55 1.15
v -1.45 0.55 1.05
v -1.35 0.55 1.05
v 1.35 0.55 1.05
v 1.45 0.55 1.05
v -1.35 0.55 0.95
v -1.25 0.55 0.95
v 1.25 0.55 0.95
v 1.35 0.55 0.95
v -1.35 0.55 0.85
v -1.25 0.55 0.85
v 1.25 0.55 0.85
v 1.35 0.55 0.85
v -1.25 0.55 0.75
v -1.15 0.55 0.75
v 1.15 0.55 0.75
v 1.25 0.55 0.75
v -1.25 0.55 0.65
v -1.15 0.55 0.65
v 1.15 0.55 0.65
v 1.25 0.55 0.65
v -1.25 0.55 0.55
v -1.15 0.55 0.55
v 1.15 0.55 0.55
v 1.25 0.55 0.55
v -1.25 0.55 0.45
v -1.15 0.55 0.45
v 1.15 0.55 0.45
v 1.25 0.55 0.45
v -1.35 0.55 0.35
v -1.25 0.55 0.35
v 1.25 0.55 0.35
v 1.35 0.55 0.35
v -1.35 0.55 0.25
v -1.25 0.55 0.25
v 1.25 0.55 0.25
v 1.35 0.55 0.25
v -1.35 0.55 0.15
v -1.25 0.55 0.15
v 1.25 0.55 0.15
v 1.35 0.55 0.15
v -1.35 0.55 -0.35
v -1.25 0.55 -0.35
v 1.25 0.55 -0.35
v 1.35 0.55 -0.35
v -1.35 0.55 -0.55
v -1.25 0.55 -0.55
v 1.25 0.55 -0.55
v 1.35 0.55 -0.55
v -1.25 0.55 -0.65
v -1.15 0.55 -0.65
v 1.15 0.55 -0.65
v 1.25 0.55 -0.65
v -1.25 0.55 -0.75
v -1.15 0.55 -0.75
v 1.15 0.55 -0.75
v 1.25 0.55 -0.75
v -1.25 0.55 -0.95
v -1.15 0.55 -0.95
v 1.15 0.55 -0.95
v 1.25 0.55 -0.95
v -1.25 0.55 -1.05
v -1.15 0.55 -1.05
v 1.15 0.55 -1.05
v 1.25 0.55 -1.05
v -1.35 0.55 -1.15
v -1.25 0.55 -1.15
v 1.25 0.55 -1.15
v 1.35 0.55 -1.15
v -1.35 0.55 -1.25
v -1.25 0.55 -1.25
v 1.25 0.55 -1.25
v 1.35 0.55 -1.25
v -1.35 0.55 -1.35
v -1.25 0.55 -1.35
v 1.25 0.55 -1.35
v 1.35 0.55 -1.35
v -1.35 0.55 -1.85
v -1.25 0.55 -1.85
v -1.35 0.55 -2.05
v -1.25 0.55 -2.05
v -1.45 0.65 1.65
v -1.35 0.65 1.65
v -1.45 0.65 1.25
v -1.35 0.65 1.25
v -1.35 0.65 1.05
v -1.25 0.65 1.05
v 1.25 0.65 1.05
v 1.35 0.65 1.05
v -1.35 0.65 0.95
v -1.25 0.65 0.95
v 1.25 0.65 0.95
v 1.35 0.65 0.95
v -1.25 0.65 0.85
v -1.15 0.65 0.85
v 1.15 0.65 0.85
v 1.25 0.65 0.85
v -1.25 0.65 0.75
v -1.15 0.65 0.75
v 1.15 0.65 0.75
v 1.25 0.65 0.75
v -1.15 0.65 0.65
v -1.05 0.65 0.65
v 1.05 0.65 0.65
v 1.15 0.65 0.65
v -1.15 0.65 0.55
v -1.05 0.65 0.55
v 1.05 0.65 0.55
v 1.15 0.65 0.55
v -1.25 0.65 0.45
v -1.15 0.65 0.45
v 1.15 0.65 0.45
v 1.25 0.65 0.45
v -1.25 0.65 0.35
v -1.15 0.65 0.35
v 1.15 0.65 0.35
v 1.25 0.65 0.35
v -1.35 0.65 0.15
v -1.25 0.65 0.15
v 1.25 0.65 0.15
v 1.35 0.65 0.15
v -1.35 0.65 -0.35
v -1.25 0.65 -0.35
v 1.25 0.65 -0.35
v 1.35 0.65 -0.35
v -1.25 0.65 -0.55
v -1.15 0.65 -0.55
v 1.15 0.65 -0.55
v 1.25 0.65 -0.55
v -1.25 0.65 -0.65
v -1.15 0.65 -0.65
v 1.15 0.65 -0.65
v 1.25 0.65 -0.65
v -1.15 0.65 -0.75
v -1.05 0.65 -0.75
v 1.05 0.65 -0.75
v 1.15 0.65 -0.75
v -1.15 0.65 -0.95
v -1.05 0.65 -0.95
v 1.05 0.65 -0.95
v 1.15 0.65 -0.95
v -1.25 0.65 -1.05
v -1.15 0.65 -1.05
v 1.15 0.65 -1.05
v 1.25 0.65 -1.05
v -1.25 0.65 -1.15
v -1.15 0.65 -1.15
v 1.15 0.65 -1.15
v 1.25 0.65 -1.15
v -1.35 0.65 -1.35
v -1.25 0.65 -1.35
v -1.35 0.65 -1.55
v -1.25 0.65 -1.55
v -1.35 0.65 -1.85
v -1.25 0.65 -1.85
v -1.35 0.75 1.25
v -1.25 0.75 1.25
v 1.25 0.75 1.15
v 1.35 0.75 1.15
v -1.35 0.75 1.05
v -1.25 0.75 1.05
v 1.25 0.75 1.05
v 1.35 0.75 1.05
v -1.25 0.75 0.95
v -1.15 0.75 0.95
v 1.15 0.75 0.95
v 1.25 0.75 0.95
v -1.25 0.75 0.85
v -1.15 0.75 0.85
v 1.15 0.75 0.85
v 1.25 0.75 0.85
v -1.15 0.75 0.75
v -1.05 0.75 0.75
v 1.05 0.75 0.75
v 1.15 0.75 0.75
v -1.15 0.75 0.65
v -1.05 0.75 0.65
v -0.95 0.75 0.65
v 0.95 0.75 0.65
v 1.05 0.75 0.65
v 1.15 0.75 0.65
v -1.15 0.75 0.55
v -1.05 0.75 0.55
v -0.95 0.75 0.55
v 0.95 0.75 0.55
v 1.05 0.75 0.55
v 1.15 0.75 0.55
v -1.15 0.75 0.45
v -1.05 0.75 0.45
v 1.05 0.75 0.45
v 1.15 0.75 0.45
v -1.25 0.75 0.35
v -1.15 0.75 0.35
v 1.15 0.75 0.35
v 1.25 0.75 0.35
v -1.25 0.75 0.25
v -1.15 0.75 0.25
v 1.15 0.75 0.25
v 1.25 0.75 0.25
v -1.25 0.75 0.05
v -1.15 0.75 0.05
v 1.15 0.75 0.05
v 1.25 0.75 0.05
v -1.25 0.75 -0.25
v -1.15 0.75 -0.25
v 1.15 0.75 -0.25
v 1.25 0.75 -0.25
v -1.25 0.75 -0.55
v -1.15 0.75 -0.55
v 1.15 0.75 -0.55
v 1.25 0.75 -0.55
v -1.15 0.75 -0.65
v -1.05 0.75 -0.65
v 1.05 0.75 -0.65
v 1.15 0.75 -0.65
v -1.15 0.75 -0.75
v -1.05 0.75 -0.75
v -0.95 0.75 -0.75
v 0.95 0.75 -0.75
v 1.05 0.75 -0.75
v 1.15 0.75 -0.75
v -1.15 0.75 -0.95
v -1.05 0.75 -0.95
v -0.95 0.75 -0.95
v 0.95 0.75 -0.95
v 1.05 0.75 -0.95
v 1.15 0.75 -0.95
v -1.15 0.75 -1.05
v -1.05 0.75 -1.05
v 1.05 0.75 -1.05
v 1.15 0.75 -1.05
v -1.25 0.75 -1.15
v -1.15 0.75 -1.15
v 1.15 0.75 -1.15
v 1.25 0.75 -1.15
v -1.25 0.75 -1.25
v -1.15 0.75 -1.25
v 1.15 0.75 -1.25
v 1.25 0.75 -1.25
v 1.15 0.75 -1.35
v 1.25 0.75 -1.35
v -1.25 0.75 -1.45
v -1.15 0.75 -1.45
v -1.25 0.75 -1.75
v -1.15 0.75 -1.75
v -1.25 0.75 -2.05
v -1.15 0.75 -2.05
v -1.35 0.85 1.45
v -1.25 0.85 1.45
v -1.35 0.85 1.25
v -1.25 0.85 1.25
v 1.25 0.85 1.25
v 1.35 0.85 1.25
v -1.25 0.85 1.15
v -1.15 0.85 1.15
v 1.15 0.85 1.15
v 1.25 0.85 1.15
v 1.35 0.85 1.15
v -1.25 0.85 0.95
v -1.15 0.85 0.95
v 1.15 0.85 0.95
v 1.25 0.85 0.95
v -1.15 0.85 0.85
v -1.05 0.85 0.85
v 1.05 0.85 0.85
v 1.15 0.85 0.85
v -1.15 0.85 0.75
v -1.05 0.85 0.75
v -0.95 0.85 0.75
v 0.95 0.85 0.75
v 1.05 0.85 0.75
v 1.15 0.85 0.75
v -1.05 0.85 0.65
v -0.95 0.85 0.65
v -0.85 0.85 0.65
v 0.85 0.85 0.65
v 0.95 0.85 0.65
v 1.05 0.85 0.65
v -1.05 0.85 0.55
v -0.95 0.85 0.55
v -0.85 0.85 0.55
v 0.85 0.85 0.55
v 0.95 0.85 0.55
v 1.05 0.85 0.55
v -1.15 0.85 0.45
v -1.05 0.85 0.45
v -0.95 0.85 0.45
v 0.95 0.85 0.45
v 1.05 0.85 0.45
v 1.15 0.85 0.45
v -1.15 0.85 0.25
v -1.05 0.85 0.25
v 1.05 0.85 0.25
v 1.15 0.85 0.25
v -1.15 0.85 0.15
v -1.05 0.85 0.15
v 1.05 0.85 0.15
v 1.15 0.85 0.15
v -1.25 0.85 0.05
v -1.15 0.85 0.05
v 1.15 0.85 0.05
v 1.25 0.85 0.05
v -1.25 0.85 -0.25
v -1.15 0.85 -0.25
v 1.15 0.85 -0.25
v 1.25 0.85 -0.25
v -1.15 0.85 -0.35
v -1.05 0.85 -0.35
v 1.05 0.85 -0.35
v 1.15 0.85 -0.35
v -1.15 0.85 -0.65
v -1.05 0.85 -0.65
v -0.95 0.85 -0.65
v 0.95 0.85 -0.65
v 1.05 0.85 -0.65
v 1.15 0.85 -0.65
v -1.05 0.85 -0.75
v -0.95 0.85 -0.75
v -0.85 0.85 -0.75
v 0.85 0.85 -0.75
v 0.95 0.85 -0.75
v 1.05 0.85 -0.75
v -1.05 0.85 -0.95
v -0.95 0.85 -0.95
v -0.85 0.85 -0.95
v 0.85 0.85 -0.95
v 0.95 0.85 -0.95
v 1.05 0.85 -0.95
v -1.15 0.85 -1.05
v -1.05 0.85 -1.05
v -0.95 0.85 -1.05
v 0.95 0.85 -1.05
v 1.05 0.85 -1.05
v 1.15 0.85 -1.05
v -1.15 0.85 -1.25
v -1.05 0.85 -1.25
v 1.05 0.85 -1.25
v 1.15 0.85 -1.25
v -1.15 0.85 -1.35
v -1.05 0.85 -1.35
v -1.25 0.85 -1.45
v -1.15 0.85 -1.45
v -1.25 0.85 -1.55
v -1.15 0.85 -1.55
v -1.25 0.85 -1.75
v -1.15 0.85 -1.75
v -1.15 0.85 -1.85
v -1.05 0.85 -1.85
v -1.15 0.85 -1.95
v -1.05 0.85 -1.95
v -1.25 0.95 1.35
v -1.15 0.95 1.35
v 1.15 0.95 1.25
v 1.25 0.95 1.25
v 1.35 0.95 1.25
v 1.45 0.95 1.25
v -1.25 0.95 1.15
v -1.15 0.95 1.15
v 1.15 0.95 1.15
v 1.25 0.95 1.15
v 1.35 0.95 1.15
v 1.45 0.95 1.15
v -1.15 0.95 1.05
v -1.05 0.95 1.05
v 1.05 0.95 1.05
v 1.15 0.95 1.05
v -1.15 0.95 0.85
v -1.05 0.95 0.85
v -0.95 0.95 0.85
v 0.95 0.95 0.85
v 1.05 0.95 0.85
v 1.15 0.95 0.85
v -1.05 0.95 0.75
v -0.95 0.95 0.75
v -0.85 0.95 0.75
v 0.85 0.95 0.75
v 0.95 0.95 0.75
v 1.05 0.95 0.75
v -0.95 0.95 0.65
v -0.85 0.95 0.65
v -0.75 0.95 0.65
v 0.75 0.95 0.65
v 0.85 0.95 0.65
v 0.95 0.95 0.65
v -0.95 0.95 0.55
v -0.85 0.95 0.55
v -0.75 0.95 0.55
v 0.75 0.95 0.55
v 0.85 0.95 0.55
v 0.95 0.95 0.55
v -1.05 0.95 0.45
v -0.95 0.95 0.45
v -0.85 0.95 0.45
v 0.85 0.95 0.45
v 0.95 0.95 0.45
v 1.05 0.95 0.45
v -1.05 0.95 0.25
v -0.95 0.95 0.25
v 0.95 0.95 0.25
v 1.05 0.95 0.25
v -1.15 0.95 0.15
v -1.05 0.95 0.15
v 1.05 0.95 0.15
v 1.15 0.95 0.15
v -1.15 0.95 -0.35
v -1.05 0.95 -0.35
v 1.05 0.95 -0.35
v 1.15 0.95 -0.35
v -1.05 0.95 -0.45
v -0.95 0.95 -0.45
v 0.95 0.95 -0.45
v 1.05 0.95 -0.45
v -1.05 0.95 -0.65
v -0.95 0.95 -0.65
v -0.85 0.95 -0.65
v 0.85 0.95 -0.65
v 0.95 0.95 -0.65
v 1.05 0.95 -0.65
v -0.95 0.95 -0.75
v -0.85 0.95 -0.75
v -0.75 0.95 -0.75
v 0.75 0.95 -0.75
v 0.85 0.95 -0.75
v 0.95 0.95 -0.75
v -0.95 0.95 -0.95
v -0.85 0.95 -0.95
v -0.75 0.95 -0.95
v 0.75 0.95 -0.95
v 0.85 0.95 -0.95
v 0.95 0.95 -0.95
v -1.05 0.95 -1.05
v -0.95 0.95 -1.05
v -0.85 0.95 -1.05
v 0.85 0.95 -1.05
v 0.95 0.95 -1.05
v 1.05 0.95 -1.05
v 0.95 0.95 -1.15
v 1.05 0.95 -1.15
v -1.05 0.95 -1.25
v -0.95 0.95 -1.25
v -1.15 0.95 -1.35
v -1.05 0.95 -1.35
v -1.15 0.95 -1.55
v -1.05 0.95 -1.55
v -1.15 0.95 -1.85
v -1.05 0.95 -1.85
v -1.15 1.05 1.35
v -1.05 1.05 1.35
v 1.05 1.05 1.25
v 1.15 1.05 1.25
v -1.15 1.05 1.05
v -1.05 1.05 1.05
v -0.95 1.05 1.05
v 0.95 1.05 1.05
v 1.05 1.05 1.05
v 1.15 1.05 1.05
v -1.05 1.05 0.85
v -0.95 1.05 0.85
v -0.85 1.05 0.85
v 0.85 1.05 0.85
v 0.95 1.05 0.85
v 1.05 1.05 0.85
v -0.95 1.05 0.75
v -0.85 1.05 0.75
v -0.75 1.05 0.75
v 0.75 1.05 0.75
v 0.85 1.05 0.75
v 0.95 1.05 0.75
v -0.85 1.05 0.65
v -0.75 1.05 0.65
v -0.65 1.05 0.65
v 0.65 1.05 0.65
v 0.75 1.05 0.65
v 0.85 1.05 0.65
v -0.85 1.05 0.55
v -0.75 1.05 0.55
v -0.65 1.05 0.55
v 0.65 1.05 0.55
v 0.75 1.05 0.55
v 0.85 1.05 0.55
v -0.95 1.05 0.45
v -0.85 1.05 0.45
v -0.75 1.05 0.45
v 0.75 1.05 0.45
v 0.85 1.05 0.45
v 0.95 1.05 0.45
v -1.05 1.05 0.25
v -0.95 1.05 0.25
v -0.85 1.05 0.25
v 0.85 1.05 0.25
v 0.95 1.05 0.25
v 1.05 1.05 0.25
v -0.95 1.05 0.15
v -0.85 1.05 0.15
v 0.85 1.05 0.15
v 0.95 1.05 0.15
v -0.95 1.05 -0.35
v -0.85 1.05 -0.35
v 0.85 1.05 -0.35
v 0.95 1.05 -0.35
v -1.05 1.05 -0.45
v -0.95 1.05 -0.45
v 0.95 1.05 -0.45
v 1.05 1.05 -0.45
v -0.95 1.05 -0.65
v -0.85 1.05 -0.65
v -0.75 1.05 -0.65
v 0.75 1.05 -0.65
v 0.85 1.05 -0.65
v 0.95 1.05 -0.65
v -0.85 1.05 -0.75
v -0.75 1.05 -0.75
v -0.65 1.05 -0.75
v 0.65 1.05 -0.75
v 0.75 1.05 -0.75
v 0.85 1.05 -0.75
v -0.85 1.05 -0.95
v -0.75 1.05 -0.95
v -0.65 1.05 -0.95
v 0.65 1.05 -0.95
v 0.75 1.05 -0.95
v -0.95 1.05 -1.05
v -0.85 1.05 -1.05
v -0.75 1.05 -1.05
v -1.05 1.05 -1.25
v -0.95 1.05 -1.25
v -0.85 1.05 -1.25
v -0.95 1.05 -1.35
v -0.85 1.05 -1.35
v -1.05 1.05 -1.55
v -0.95 1.05 -1.55
v -1.05 1.05 -1.95
v -0.95 1.05 -1.95
v 0.95 1.15 1.35
v 1.25 1.15 1.35
v -1.05 1.15 1.25
v -0.95 1.15 1.25
v 1.05 1.15 1.25
v 1.25 1.15 1.25
v -0.95 1.15 1.15
v -0.85 1.15 1.15
v 0.85 1.15 1.15
v 0.95 1.15 1.15
v -1.05 1.15 1.05
v -0.95 1.15 1.05
v 0.95 1.15 1.05
v 1.05 1.15 1.05
v -0.85 1.15 0.95
v -0.75 1.15 0.95
v 0.75 1.15 0.95
v 0.85 1.15 0.95
v -0.95 1.15 0.85
v -0.85 1.15 0.85
v -0.75 1.15 0.85
v -0.65 1.15 0.85
v 0.65 1.15 0.85
v 0.75 1.15 0.85
v 0.85 1.15 0.85
v 0.95 1.15 0.85
v -0.85 1.15 0.75
v -0.75 1.15 0.75
v -0.65 1.15 0.75
v -0.55 1.15 0.75
v 0.55 1.15 0.75
v 0.65 1.15 0.75
v 0.75 1.15 0.75
v 0.85 1.15 0.75
v -0.75 1.15 0.65
v -0.65 1.15 0.65
v -0.55 1.15 0.65
v -0.45 1.15 0.65
v 0.45 1.15 0.65
v 0.55 1.15 0.65
v 0.65 1.15 0.65
v 0.75 1.15 0.65
v -0.75 1.15 0.55
v -0.65 1.15 0.55
v -0.55 1.15 0.55
v -0.45 1.15 0.55
v 0.45 1.15 0.55
v 0.55 1.15 0.55
v 0.65 1.15 0.55
v 0.75 1.15 0.55
v -0.85 1.15 0.45
v -0.75 1.15 0.45
v -0.65 1.15 0.45
v -0.55 1.15 0.45
v 0.55 1.15 0.45
v 0.65 1.15 0.45
v 0.75 1.15 0.45
v 0.85 1.15 0.45
v -0.75 1.15 0.35
v -0.65 1.15 0.35
v 0.65 1.15 0.35
v 0.75 1.15 0.35
v -0.85 1.15 0.25
v -0.75 1.15 0.25
v 0.75 1.15 0.25
v 0.85 1.15 0.25
v -0.95 1.15 0.15
v -0.85 1.15 0.15
v 0.85 1.15 0.15
v 0.95 1.15 0.15
v -0.85 1.15 0.05
v -0.75 1.15 0.05
v 0.75 1.15 0.05
v 0.85 1.15 0.05
v -0.85 1.15 -0.25
v -0.75 1.15 -0.25
v 0.75 1.15 -0.25
v 0.85 1.15 -0.25
v -0.95 1.15 -0.35
v -0.85 1.15 -0.35
v 0.85 1.15 -0.35
v 0.95 1.15 -0.35
v -0.75 1.15 -0.55
v -0.65 1.15 -0.55
v 0.65 1.15 -0.55
v 0.75 1.15 -0.55
v -0.85 1.15 -0.65
v -0.75 1.15 -0.65
v -0.65 1.15 -0.65
v -0.55 1.15 -0.65
v 0.55 1.15 -0.65
v 0.65 1.15 -0.65
v 0.75 1.15 -0.65
v 0.85 1.15 -0.65
v -0.75 1.15 -0.75
v -0.65 1.15 -0.75
v -0.55 1.15 -0.75
v -0.45 1.15 -0.75
v 0.45 1.15 -0.75
v 0.55 1.15 -0.75
v 0.65 1.15 -0.75
v 0.75 1.15 -0.75
v 0.45 1.15 -0.85
v 0.65 1.15 -0.85
v -0.75 1.15 -0.95
v -0.65 1.15 -0.95
v -0.55 1.15 -0.95
v -0.45 1.15 -0.95
v -0.85 1.15 -1.05
v -0.75 1.15 -1.05
v -0.65 1.15 -1.05
v -0.55 1.15 -1.05
v -0.75 1.15 -1.15
v -0.65 1.15 -1.15
v -0.85 1.15 -1.25
v -0.75 1.15 -1.25
v -0.95 1.15 -1.35
v -0.85 1.15 -1.35
v -0.85 1.15 -1.45
v -0.75 1.15 -1.45
v -0.95 1.15 -1.55
v -0.85 1.15 -1.55
v -0.95 1.15 -1.95
v -0.85 1.15 -1.95
v 0.85 1.25 1.35
v 0.95 1.25 1.35
v -0.95 1.25 1.25
v -0.75 1.25 1.25
v 0.75 1.25 1.25
v 0.85 1.25 1.25
v -0.95 1.25 1.15
v -0.85 1.25 1.15
v 0.85 1.25 1.15
v 0.95 1.25 1.15
v -0.75 1.25 1.05
v -0.65 1.25 1.05
v 0.65 1.25 1.05
v 0.75 1.25 1.05
v -0.85 1.25 0.95
v -0.75 1.25 0.95
v -0.65 1.25 0.95
v -0.55 1.25 0.95
v 0.55 1.25 0.95
v 0.65 1.25 0.95
v 0.75 1.25 0.95
v 0.85 1.25 0.95
v -0.75 1.25 0.85
v -0.65 1.25 0.85
v -0.55 1.25 0.85
v -0.45 1.25 0.85
v 0.45 1.25 0.85
v 0.55 1.25 0.85
v 0.65 1.25 0.85
v 0.75 1.25 0.85
v -0.65 1.25 0.75
v -0.55 1.25 0.75
v -0.45 1.25 0.75
v -0.25 1.25 0.75
v 0.25 1.25 0.75
v 0.45 1.25 0.75
v 0.55 1.25 0.75
v 0.65 1.25 0.75
v -0.55 1.25 0.65
v -0.45 1.25 0.65
v -0.25 1.25 0.65
v 0.25 1.25 0.65
v 0.45 1.25 0.65
v 0.55 1.25 0.65
v -0.55 1.25 0.55
v -0.45 1.25 0.55
v -0.25 1.25 0.55
v 0.25 1.25 0.55
v 0.45 1.25 0.55
v 0.55 1.25 0.55
v -0.65 1.25 0.45
v -0.55 1.25 0.45
v -0.45 1.25 0.45
v -0.25 1.25 0.45
v 0.25 1.25 0.45
v 0.45 1.25 0.45
v 0.55 1.25 0.45
v 0.65 1.25 0.45
v -0.75 1.25 0.35
v -0.65 1.25 0.35
v -0.55 1.25 0.35
v -0.45 1.25 0.35
v 0.45 1.25 0.35
v 0.55 1.25 0.35
v 0.65 1.25 0.35
v 0.75 1.25 0.35
v -0.75 1.25 0.25
v -0.55 1.25 0.25
v 0.55 1.25 0.25
v 0.75 1.25 0.25
v -0.65 1.25 0.15
v -0.55 1.25 0.15
v 0.55 1.25 0.15
v 0.65 1.25 0.15
v -0.85 1.25 0.05
v -0.75 1.25 0.05
v 0.75 1.25 0.05
v 0.85 1.25 0.05
v -0.85 1.25 -0.25
v -0.75 1.25 -0.25
v 0.75 1.25 -0.25
v 0.85 1.25 -0.25
v -0.65 1.25 -0.35
v -0.55 1.25 -0.35
v 0.55 1.25 -0.35
v 0.65 1.25 -0.35
v -0.75 1.25 -0.55
v -0.65 1.25 -0.55
v -0.55 1.25 -0.55
v -0.45 1.25 -0.55
v 0.45 1.25 -0.55
v 0.55 1.25 -0.55
v 0.65 1.25 -0.55
v 0.75 1.25 -0.55
v -0.65 1.25 -0.65
v -0.55 1.25 -0.65
v -0.45 1.25 -0.65
v -0.25 1.25 -0.65
v 0.25 1.25 -0.65
v 0.45 1.25 -0.65
v 0.55 1.25 -0.65
v 0.65 1.25 -0.65
v -0.55 1.25 -0.75
v -0.45 1.25 -0.75
v -0.25 1.25 -0.75
v 0.25 1.25 -0.75
v 0.45 1.25 -0.75
v 0.55 1.25 -0.75
v -0.15 1.25 -0.85
v 0.25 1.25 -0.85
v -0.55 1.25 -0.95
v -0.45 1.25 -0.95
v -0.35 1.25 -0.95
v -0.15 1.25 -0.95
v -0.65 1.25 -1.05
v -0.55 1.25 -1.05
v -0.45 1.25 -1.05
v -0.35 1.25 -1.05
v -0.75 1.25 -1.15
v -0.65 1.25 -1.15
v -0.55 1.25 -1.15
v -0.45 1.25 -1.15
v -0.75 1.25 -1.25
v -0.65 1.25 -1.25
v -0.55 1.25 -1.25
v -0.75 1.25 -1.35
v -0.65 1.25 -1.35
v -0.85 1.25 -1.45
v -0.75 1.25 -1.45
v -0.85 1.25 -1.55
v -0.75 1.25 -1.55
v 0.65 1.35 1.45
v 0.85 1.35 1.45
v -1.05 1.35 1.35
v -0.95 1.35 1.35
v 0.85 1.35 1.35
v -1.05 1.35 1.25
v -0.95 1.35 1.25
v -0.75 1.35 1.25
v -0.55 1.35 1.25
v 0.55 1.35 1.25
v 0.65 1.35 1.25
v 0.75 1.35 1.25
v 0.85 1.35 1.25
v -0.75 1.35 1.05
v -0.65 1.35 1.05
v -0.55 1.35 1.05
v -0.45 1.35 1.05
v 0.45 1.35 1.05
v 0.55 1.35 1.05
v 0.65 1.35 1.05
v 0.75 1.35 1.05
v -0.65 1.35 0.95
v -0.55 1.35 0.95
v -0.45 1.35 0.95
v -0.25 1.35 0.95
v 0.25 1.35 0.95
v 0.45 1.35 0.95
v 0.55 1.35 0.95
v 0.65 1.35 0.95
v -0.55 1.35 0.85
v -0.45 1.35 0.85
v -0.25 1.35 0.85
v 0.25 1.35 0.85
v 0.45 1.35 0.85
v 0.55 1.35 0.85
v -0.45 1.35 0.75
v -0.25 1.35 0.75
v 0.25 1.35 0.75
v 0.45 1.35 0.75
v -0.25 1.35 0.65
v 0.25 1.35 0.65
v -0.25 1.35 0.55
v 0.25 1.35 0.55
v -0.45 1.35 0.45
v -0.25 1.35 0.45
v 0.25 1.35 0.45
v 0.45 1.35 0.45
v -0.55 1.35 0.35
v -0.45 1.35 0.35
v 0.45 1.35 0.35
v 0.55 1.35 0.35
v -0.55 1.35 0.25
v -0.25 1.35 0.25
v 0.25 1.35 0.25
v 0.55 1.35 0.25
v -0.65 1.35 0.15
v -0.55 1.35 0.15
v -0.35 1.35 0.15
v -0.25 1.35 0.15
v 0.25 1.35 0.15
v 0.35 1.35 0.15
v 0.55 1.35 0.15
v 0.65 1.35 0.15
v -0.65 1.35 -0.35
v -0.55 1.35 -0.35
v -0.35 1.35 -0.35
v -0.25 1.35 -0.35
v 0.25 1.35 -0.35
v 0.35 1.35 -0.35
v 0.55 1.35 -0.35
v 0.65 1.35 -0.35
v -0.25 1.35 -0.45
v 0.25 1.35 -0.45
v -0.55 1.35 -0.55
v -0.45 1.35 -0.55
v 0.45 1.35 -0.55
v 0.55 1.35 -0.55
v -0.45 1.35 -0.65
v -0.25 1.35 -0.65
v 0.25 1.35 -0.65
v 0.45 1.35 -0.65
v -0.25 1.35 -0.75
v 0.25 1.35 -0.75
v 0.35 1.45 1.55
v 0.65 1.45 1.55
v 0.65 1.45 1.45
v -0.55 1.45 1.25
v -0.25 1.45 1.25
v 0.25 1.45 1.25
v 0.35 1.45 1.25
v 0.55 1.45 1.25
v 0.65 1.45 1.25
v -0.25 1.45 1.15
v 0.25 1.45 1.15
v -0.55 1.45 1.05
v -0.45 1.45 1.05
v 0.45 1.45 1.05
v 0.55 1.45 1.05
v -0.45 1.45 0.95
v -0.25 1.45 0.95
v 0.25 1.45 0.95
v 0.45 1.45 0.95
v -0.25 1.45 0.85
v 0.25 1.45 0.85
v -0.25 1.45 0.25
v 0.25 1.45 0.25
v -0.35 1.45 0.15
v -0.25 1.45 0.15
v 0.25 1.45 0.15
v 0.35 1.45 0.15
v -0.35 1.45 -0.35
v -0.25 1.45 -0.35
v 0.25 1.45 -0.35
v 0.35 1.45 -0.35
v -0.25 1.45 -0.45
v 0.25 1.45 -0.45
v 0.15 1.55 1.65
v 0.35 1.55 1.65
v 0.05 1.55 1.55
v 0.15 1.55 1.55
v 0.35 1.55 1.55
v -0.15 1.55 1.45
v 0.05 1.55 1.45
v -0.55 1.55 1.35
v -0.15 1.55 1.35
v -0.55 1.55 1.25
v -0.25 1.55 1.25
v 0.25 1.55 1.25
v 0.35 1.55 1.25
v -0.25 1.55 1.15
v 0.25 1.55 1.15
v -0.05 1.65 1.55
v 0.05 1.65 1.55
v -0.25 1.65 1.45
v -0.15 1.65 1.45
v -0.05 1.65 1.45
v 0.05 1.65 1.45
v -0.25 1.65 1.35
v -0.15 1.65 1.35
v -0.35 -1.55 3.15
v 0.35 -1.55 3.15
v -0.35 -1.55 3.05
v 0.35 -1.55 3.05
v -0.35 -1.55 2.85
v -0.25 -1.55 2.85
v 0.25 -1.55 2.85
v 0.35 -1.55 2.85
v -0.25 -1.55 2.75
v 0.25 -1.55 2.75
v -0.25 -1.55 1.85
v 0.25 -1.55 1.85
v -0.35 -1.55 1.75
v -0.25 -1.55 1.75
v 0.25 -1.55 1.75
v 0.35 -1.55 1.75
v -0.35 -1.55 1.25
v -0.25 -1.55 1.25
v 0.25 -1.55 1.25
v 0.35 -1.55 1.25
v -0.25 -1.55 1.15
v 0.25 -1.55 1.15
v 0.55 -1.55 -2.25
v 0.75 -1.55 -2.25
v 0.35 -1.55 -2.35
v 0.55 -1.55 -2.35
v 0.75 -1.55 -2.35
v 0.25 -1.55 -2.45
v 0.35 -1.55 -2.45
v 0.55 -1.55 -2.45
v -0.65 -1.55 -2.55
v -0.35 -1.55 -2.55
v 0.15 -1.55 -2.55
v 0.25 -1.55 -2.55
v 0.35 -1.55 -2.55
v -0.65 -1.55 -2.65
v -0.35 -1.55 -2.65
v -0.25 -1.55 -2.65
v -0.05 -1.55 -2.65
v 0.05 -1.55 -2.65
v 0.15 -1.55 -2.65
v 0.25 -1.55 -2.65
v -0.25 -1.55 -2.75
v -0.05 -1.55 -2.75
v 0.05 -1.55 -2.75
v 0.15 -1.55 -2.75
v -0.05 -1.55 -2.85
v 0.05 -1.55 -2.85
v -0.65 -1.45 3.15
v -0.35 -1.45 3.15
v 0.35 -1.45 3.15
v 0.65 -1.45 3.15
v -0.65 -1.45 3.05
v -0.35 -1.45 3.05
v 0.35 -1.45 3.05
v 0.65 -1.45 3.05
v -0.65 -1.45 2.85
v -0.55 -1.45 2.85
v -0.35 -1.45 2.85
v -0.25 -1.45 2.85
v 0.25 -1.45 2.85
v 0.35 -1.45 2.85
v 0.55 -1.45 2.85
v 0.65 -1.45 2.85
v -0.25 -1.45 2.75
v 0.25 -1.45 2.75
v -0.55 -1.45 2.65
v -0.45 -1.45 2.65
v 0.45 -1.45 2.65
v 0.55 -1.45 2.65
v -0.45 -1.45 2.55
v -0.25 -1.45 2.55
v 0.25 -1.45 2.55
v 0.45 -1.45 2.55
v -0.25 -1.45 2.45
v 0.25 -1.45 2.45
v -0.25 -1.45 2.15
v 0.25 -1.45 2.15
v -0.45 -1.45 2.05
v -0.25 -1.45 2.05
v 0.25 -1.45 2.05
v 0.45 -1.45 2.05
v -0.55 -1.45 1.95
v -0.45 -1.45 1.95
v 0.45 -1.45 1.95
v 0.55 -1.45 1.95
v -0.25 -1.45 1.85
v 0.25 -1.45 1.85
v -0.65 -1.45 1.75
v -0.55 -1.45 1.75
v -0.35 -1.45 1.75
v -0.25 -1.45 1.75
v 0.25 -1.45 1.75
v 0.35 -1.45 1.75
v 0.55 -1.45 1.75
v 0.65 -1.45 1.75
v -0.65 -1.45 1.25
v -0.55 -1.45 1.25
v -0.35 -1.45 1.25
v -0.25 -1.45 1.25
v 0.25 -1.45 1.25
v 0.35 -1.45 1.25
v 0.55 -1.45 1.25
v 0.65 -1.45 1.25
v -0.25 -1.45 1.15
v 0.25 -1.45 1.15
v -0.55 -1.45 1.05
v -0.45 -1.45 1.05
v 0.45 -1.45 1.05
v 0.55 -1.45 1.05
v -0.45 -1.45 0.95
v -0.25 -1.45 0.95
v 0.25 -1.45 0.95
v 0.45 -1.45 0.95
v -0.25 -1.45 0.85
v 0.25 -1.45 0.85
v -0.25 -1.45 0.25
v 0.25 -1.45 0.25
v -0.35 -1.45 0.15
v -0.25 -1.45 0.15
v 0.25 -1.45 0.15
v 0.35 -1.45 0.15
v -0.35 -1.45 -0.35
v -0.25 -1.45 -0.35
v 0.25 -1.45 -0.35
v 0.35 -1.45 -0.35
v -0.25 -1.45 -0.45
v 0.25 -1.45 -0.45
v -0.25 -1.45 -1.25
v 0.25 -1.45 -1.25
v -0.35 -1.45 -1.35
v -0.25 -1.45 -1.35
v 0.25 -1.45 -1.35
v 0.35 -1.45 -1.35
v -0.35 -1.45 -1.55
v 0.35 -1.45 -1.55
v -0.35 -1.45 -1.85
v -0.25 -1.45 -1.85
v 0.25 -1.45 -1.85
v 0.35 -1.45 -1.85
v -0.25 -1.45 -1.95
v 0.25 -1.45 -1.95
v 0.65 -1.45 -2.15
v 0.85 -1.45 -2.15
v 0.35 -1.45 -2.25
v 0.55 -1.45 -2.25
v 0.65 -1.45 -2.25
v 0.85 -1.45 -2.25
v 0.25 -1.45 -2.35
v 0.35 -1.45 -2.35
v 0.55 -1.45 -2.35
v 0.05 -1.45 -2.45
v 0.25 -1.45 -2.45
v 0.35 -1.45 -2.45
v -0.85 -1.45 -2.55
v -0.75 -1.45 -2.55
v -0.35 -1.45 -2.55
v -0.15 -1.45 -2.55
v 0.15 -1.45 -2.55
v 0.25 -1.45 -2.55
v -0.85 -1.45 -2.65
v -0.75 -1.45 -2.65
v -0.35 -1.45 -2.65
v -0.15 -1.45 -2.65
v -0.05 -1.45 -2.65
v 0.05 -1.45 -2.65
v 0.15 -1.45 -2.65
v -0.05 -1.45 -2.75
v 0.05 -1.45 -2.75
v -0.85 -1.35 3.15
v -0.65 -1.35 3.15
v 0.65 -1.35 3.15
v 0.85 -1.35 3.15
v -0.85 -1.35 3.05
v -0.65 -1.35 3.05
v 0.65 -1.35 3.05
v 0.85 -1.35 3.05
v 0.95 -1.35 2.95
v 1.05 -1.35 2.95
v -0.85 -1.35 2.85
v -0.75 -1.35 2.85
v -0.65 -1.35 2.85
v -0.55 -1.35 2.85
v 0.55 -1.35 2.85
v 0.65 -1.35 2.85
v 0.75 -1.35 2.85
v 0.85 -1.35 2.85
v 0.95 -1.35 2.85
v 0.95 -1.35 2.75
v 1.05 -1.35 2.75
v -0.75 -1.35 2.65
v -0.65 -1.35 2.65
v -0.55 -1.35 2.65
v -0.45 -1.35 2.65
v 0.45 -1.35 2.65
v 0.55 -1.35 2.65
v 0.65 -1.35 2.65
v 0.75 -1.35 2.65
v 0.85 -1.35 2.65
v -0.65 -1.35 2.55
v -0.55 -1.35 2.55
v -0.45 -1.35 2.55
v -0.25 -1.35 2.55
v 0.25 -1.35 2.55
v 0.45 -1.35 2.55
v 0.55 -1.35 2.55
v 0.65 -1.35 2.55
v 0.85 -1.35 2.55
v 0.95 -1.35 2.55
v -0.55 -1.35 2.45
v -0.45 -1.35 2.45
v -0.25 -1.35 2.45
v 0.25 -1.35 2.45
v 0.45 -1.35 2.45
v 0.55 -1.35 2.45
v 0.75 -1.35 2.45
v 0.85 -1.35 2.45
v -0.45 -1.35 2.35
v -0.25 -1.35 2.35
v 0.25 -1.35 2.35
v 0.45 -1.35 2.35
v -0.45 -1.35 2.25
v -0.25 -1.35 2.25
v 0.25 -1.35 2.25
v 0.45 -1.35 2.25
v -0.55 -1.35 2.15
v -0.45 -1.35 2.15
v -0.25 -1.35 2.15
v 0.25 -1.35 2.15
v 0.45 -1.35 2.15
v 0.55 -1.35 2.15
v -0.65 -1.35 2.05
v -0.55 -1.35 2.05
v -0.45 -1.35 2.05
v -0.25 -1.35 2.05
v 0.25 -1.35 2.05
v 0.45 -1.35 2.05
v 0.55 -1.35 2.05
v 0.65 -1.35 2.05
v -0.75 -1.35 1.95
v -0.65 -1.35 1.95
v -0.55 -1.35 1.95
v -0.45 -1.35 1.95
v 0.45 -1.35 1.95
v 0.55 -1.35 1.95
v 0.65 -1.35 1.95
v 0.75 -1.35 1.95
v -0.85 -1.35 1.75
v -0.75 -1.35 1.75
v -0.65 -1.35 1.75
v -0.55 -1.35 1.75
v 0.55 -1.35 1.75
v 0.65 -1.35 1.75
v 0.75 -1.35 1.75
v 0.85 -1.35 1.75
v -0.85 -1.35 1.25
v -0.75 -1.35 1.25
v -0.65 -1.35 1.25
v -0.55 -1.35 1.25
v 0.55 -1.35 1.25
v 0.65 -1.35 1.25
v 0.75 -1.35 1.25
v 0.85 -1.35 1.25
v -0.75 -1.35 1.05
v -0.65 -1.35 1.05
v -0.55 -1.35 1.05
v -0.45 -1.35 1.05
v 0.45 -1.35 1.05
v 0.55 -1.35 1.05
v 0.65 -1.35 1.05
v 0.75 -1.35 1.05
v -0.65 -1.35 0.95
v -0.55 -1.35 0.95
v -0.45 -1.35 0.95
v -0.25 -1.35 0.95
v 0.25 -1.35 0.95
v 0.45 -1.35 0.95
v 0.55 -1.35 0.95
v 0.65 -1.35 0.95
v -0.55 -1.35 0.85
v -0.45 -1.35 0.85
v -0.25 -1.35 0.85
v 0.25 -1.35 0.85
v 0.45 -1.35 0.85
v 0.55 -1.35 0.85
v -0.45 -1.35 0.75
v -0.25 -1.35 0.75
v 0.25 -1.35 0.75
v 0.45 -1.35 0.75
v -0.25 -1.35 0.65
v 0.25 -1.35 0.65
v -0.25 -1.35 0.55
v 0.25 -1.35 0.55
v -0.45 -1.35 0.45
v -0.25 -1.35 0.45
v 0.25 -1.35 0.45
v 0.45 -1.35 0.45
v -0.55 -1.35 0.35
v -0.45 -1.35 0.35
v 0.45 -1.35 0.35
v 0.55 -1.35 0.35
v -0.55 -1.35 0.25
v -0.25 -1.35 0.25
v 0.25 -1.35 0.25
v 0.55 -1.35 0.25
v -0.65 -1.35 0.15
v -0.55 -1.35 0.15
v -0.35 -1.35 0.15
v -0.25 -1.35 0.15
v 0.25 -1.35 0.15
v 0.35 -1.35 0.15
v 0.55 -1.35 0.15
v 0.65 -1.35 0.15
v -0.65 -1.35 -0.35
v -0.55 -1.35 -0.35
v -0.35 -1.35 -0.35
v -0.25 -1.35 -0.35
v 0.25 -1.35 -0.35
v 0.35 -1.35 -0.35
v 0.55 -1.35 -0.35
v 0.65 -1.35 -0.35
v -0.25 -1.35 -0.45
v 0.25 -1.35 -0.45
v -0.55 -1.35 -0.55
v -0.45 -1.35 -0.55
v 0.45 -1.35 -0.55
v 0.55 -1.35 -0.55
v -0.45 -1.35 -0.65
v -0.25 -1.35 -0.65
v 0.25 -1.35 -0.65
v 0.45 -1.35 -0.65
v -0.25 -1.35 -0.75
v 0.25 -1.35 -0.75
v -0.25 -1.35 -0.95
v 0.25 -1.35 -0.95
v -0.45 -1.35 -1.05
v -0.25 -1.35 -1.05
v 0.25 -1.35 -1.05
v 0.45 -1.35 -1.05
v -0.55 -1.35 -1.15
v -0.45 -1.35 -1.15
v 0.45 -1.35 -1.15
v 0.55 -1.35 -1.15
v -0.55 -1.35 -1.25
v -0.25 -1.35 -1.25
v 0.25 -1.35 -1.25
v 0.55 -1.35 -1.25
v -0.65 -1.35 -1.35
v -0.55 -1.35 -1.35
v -0.35 -1.35 -1.35
v -0.25 -1.35 -1.35
v 0.25 -1.35 -1.35
v 0.35 -1.35 -1.35
v 0.55 -1.35 -1.35
v 0.65 -1.35 -1.35
v -0.65 -1.35 -1.55
v -0.35 -1.35 -1.55
v 0.35 -1.35 -1.55
v 0.65 -1.35 -1.55
v -0.65 -1.35 -1.85
v -0.55 -1.35 -1.85
v -0.35 -1.35 -1.85
v -0.25 -1.35 -1.85
v 0.25 -1.35 -1.85
v 0.35 -1.35 -1.85
v 0.55 -1.35 -1.85
v 0.65 -1.35 -1.85
v -0.25 -1.35 -1.95
v 0.25 -1.35 -1.95
v -0.55 -1.35 -2.05
v -0.45 -1.35 -2.05
v 0.45 -1.35 -2.05
v 0.55 -1.35 -2.05
v -0.45 -1.35 -2.15
v -0.25 -1.35 -2.15
v 0.25 -1.35 -2.15
v 0.45 -1.35 -2.15
v 0.65 -1.35 -2.15
v -0.25 -1.35 -2.25
v 0.25 -1.35 -2.25
v 0.35 -1.35 -2.25
v 0.45 -1.35 -2.25
v 0.65 -1.35 -2.25
v 0.15 -1.35 -2.35
v 0.25 -1.35 -2.35
v 0.35 -1.35 -2.35
v -0.85 -1.35 -2.45
v -0.25 -1.35 -2.45
v 0.15 -1.35 -2.45
v 0.25 -1.35 -2.45
v -1.05 -1.35 -2.55
v -0.95 -1.35 -2.55
v -0.85 -1.35 -2.55
v -0.25 -1.35 -2.55
v -0.15 -1.35 -2.55
v 0.05 -1.35 -2.55
v -1.05 -1.35 -2.65
v -0.95 -1.35 -2.65
v -0.15 -1.35 -2.65
v 0.05 -1.35 -2.65
v -0.95 -1.25 3.15
v -0.85 -1.25 3.15
v 0.85 -1.25 3.15
v 1.15 -1.25 3.15
v -0.95 -1.25 3.05
v -0.85 -1.25 3.05
v 0.85 -1.25 3.05
v 1.05 -1.25 3.05
v 1.15 -1.25 3.05
v 0.95 -1.25 2.95
v 1.05 -1.25 2.95
v -0.85 -1.25 2.85
v -0.75 -1.25 2.85
v 0.75 -1.25 2.85
v 0.85 -1.25 2.85
v 0.95 -1.25 2.85
v -0.95 -1.25 2.75
v -0.85 -1.25 2.75
v -0.75 -1.25 2.65
v -0.65 -1.25 2.65
v 0.65 -1.25 2.65
v 0.75 -1.25 2.65
v 0.85 -1.25 2.65
v -0.85 -1.25 2.55
v -0.75 -1.25 2.55
v -0.65 -1.25 2.55
v -0.55 -1.25 2.55
v 0.55 -1.25 2.55
v 0.65 -1.25 2.55
v -0.75 -1.25 2.45
v -0.65 -1.25 2.45
v -0.55 -1.25 2.45
v -0.45 -1.25 2.45
v 0.45 -1.25 2.45
v 0.55 -1.25 2.45
v -0.65 -1.25 2.35
v -0.55 -1.25 2.35
v -0.45 -1.25 2.35
v -0.25 -1.25 2.35
v 0.25 -1.25 2.35
v 0.45 -1.25 2.35
v 0.55 -1.25 2.35
v 0.65 -1.25 2.35
v 0.75 -1.25 2.35
v -0.65 -1.25 2.25
v -0.55 -1.25 2.25
v -0.45 -1.25 2.25
v -0.25 -1.25 2.25
v 0.25 -1.25 2.25
v 0.45 -1.25 2.25
v 0.55 -1.25 2.25
v 0.65 -1.25 2.25
v -0.75 -1.25 2.15
v -0.65 -1.25 2.15
v -0.55 -1.25 2.15
v -0.45 -1.25 2.15
v 0.45 -1.25 2.15
v 0.55 -1.25 2.15
v 0.75 -1.25 2.15
v 0.85 -1.25 2.15
v -0.85 -1.25 2.05
v -0.75 -1.25 2.05
v -0.65 -1.25 2.05
v -0.55 -1.25 2.05
v 0.55 -1.25 2.05
v 0.65 -1.25 2.05
v 0.85 -1.25 2.05
v 0.95 -1.25 2.05
v -0.75 -1.25 1.95
v -0.65 -1.25 1.95
v 0.65 -1.25 1.95
v 0.75 -1.25 1.95
v 0.95 -1.25 1.95
v 1.05 -1.25 1.95
v -0.95 -1.25 1.85
v -0.85 -1.25 1.85
v -0.85 -1.25 1.75
v -0.75 -1.25 1.75
v 0.75 -1.25 1.75
v 0.85 -1.25 1.75
v 0.95 -1.25 1.75
v 1.05 -1.25 1.75
v 1.15 -1.25 1.75
v 1.05 -1.25 1.65
v 1.15 -1.25 1.65
v -0.85 -1.25 1.25
v -0.75 -1.25 1.25
v 0.75 -1.25 1.25
v 0.85 -1.25 1.25
v -0.95 -1.25 1.15
v -0.85 -1.25 1.15
v 0.85 -1.25 1.15
v 0.95 -1.25 1.15
v -0.75 -1.25 1.05
v -0.65 -1.25 1.05
v 0.65 -1.25 1.05
v 0.75 -1.25 1.05
v -0.85 -1.25 0.95
v -0.75 -1.25 0.95
v -0.65 -1.25 0.95
v -0.55 -1.25 0.95
v 0.55 -1.25 0.95
v 0.65 -1.25 0.95
v 0.75 -1.25 0.95
v 0.85 -1.25 0.95
v -0.75 -1.25 0.85
v -0.65 -1.25 0.85
v -0.55 -1.25 0.85
v -0.45 -1.25 0.85
v 0.45 -1.25 0.85
v 0.55 -1.25 0.85
v 0.65 -1.25 0.85
v 0.75 -1.25 0.85
v -0.65 -1.25 0.75
v -0.55 -1.25 0.75
v -0.45 -1.25 0.75
v -0.25 -1.25 0.75
v 0.25 -1.25 0.75
v 0.45 -1.25 0.75
v 0.55 -1.25 0.75
v 0.65 -1.25 0.75
v -0.55 -1.25 0.65
v -0.45 -1.25 0.65
v -0.25 -1.25 0.65
v 0.25 -1.25 0.65
v 0.45 -1.25 0.65
v 0.55 -1.25 0.65
v -0.55 -1.25 0.55
v -0.45 -1.25 0.55
v -0.25 -1.25 0.55
v 0.25 -1.25 0.55
v 0.45 -1.25 0.55
v 0.55 -1.25 0.55
v -0.65 -1.25 0.45
v -0.55 -1.25 0.45
v -0.45 -1.25 0.45
v -0.25 -1.25 0.45
v 0.25 -1.25 0.45
v 0.45 -1.25 0.45
v 0.55 -1.25 0.45
v 0.65 -1.25 0.45
v -0.75 -1.25 0.35
v -0.65 -1.25 0.35
v -0.55 -1.25 0.35
v -0.45 -1.25 0.35
v 0.45 -1.25 0.35
v 0.55 -1.25 0.35
v 0.65 -1.25 0.35
v 0.75 -1.25 0.35
v -0.75 -1.25 0.25
v -0.55 -1.25 0.25
v 0.55 -1.25 0.25
v 0.75 -1.25 0.25
v -0.65 -1.25 0.15
v -0.55 -1.25 0.15
v 0.55 -1.25 0.15
v 0.65 -1.25 0.15
v -0.85 -1.25 0.05
v -0.75 -1.25 0.05
v 0.75 -1.25 0.05
v 0.85 -1.25 0.05
v -0.85 -1.25 -0.25
v -0.75 -1.25 -0.25
v 0.75 -1.25 -0.25
v 0.85 -1.25 -0.25
v -0.65 -1.25 -0.35
v -0.55 -1.25 -0.35
v 0.55 -1.25 -0.35
v 0.65 -1.25 -0.35
v -0.75 -1.25 -0.55
v -0.65 -1.25 -0.55
v -0.55 -1.25 -0.55
v -0.45 -1.25 -0.55
v 0.45 -1.25 -0.55
v 0.55 -1.25 -0.55
v 0.65 -1.25 -0.55
v 0.75 -1.25 -0.55
v -0.65 -1.25 -0.65
v -0.55 -1.25 -0.65
v -0.45 -1.25 -0.65
v -0.25 -1.25 -0.65
v 0.25 -1.25 -0.65
v 0.45 -1.25 -0.65
v 0.55 -1.25 -0.65
v 0.65 -1.25 -0.65
v -0.55 -1.25 -0.75
v -0.45 -1.25 -0.75
v -0.25 -1.25 -0.75
v 0.25 -1.25 -0.75
v 0.45 -1.25 -0.75
v 0.55 -1.25 -0.75
v -0.55 -1.25 -0.95
v -0.45 -1.25 -0.95
v -0.25 -1.25 -0.95
v 0.25 -1.25 -0.95
v 0.45 -1.25 -0.95
v 0.55 -1.25 -0.95
v -0.65 -1.25 -1.05
v -0.55 -1.25 -1.05
v -0.45 -1.25 -1.05
v -0.25 -1.25 -1.05
v 0.25 -1.25 -1.05
v 0.45 -1.25 -1.05
v 0.55 -1.25 -1.05
v 0.65 -1.25 -1.05
v -0.75 -1.25 -1.15
v -0.65 -1.25 -1.15
v -0.55 -1.25 -1.15
v -0.45 -1.25 -1.15
v 0.45 -1.25 -1.15
v 0.55 -1.25 -1.15
v 0.65 -1.25 -1.15
v 0.75 -1.25 -1.15
v -0.75 -1.25 -1.25
v -0.55 -1.25 -1.25
v 0.55 -1.25 -1.25
v 0.75 -1.25 -1.25
v -0.65 -1.25 -1.35
v -0.55 -1.25 -1.35
v 0.55 -1.25 -1.35
v 0.65 -1.25 -1.35
v -0.85 -1.25 -1.45
v -0.75 -1.25 -1.45
v 0.75 -1.25 -1.45
v 0.85 -1.25 -1.45
v -0.85 -1.25 -1.55
v -0.65 -1.25 -1.55
v 0.65 -1.25 -1.55
v 0.85 -1.25 -1.55
v -0.85 -1.25 -1.75
v -0.75 -1.25 -1.75
v 0.75 -1.25 -1.75
v 0.85 -1.25 -1.75
v -0.65 -1.25 -1.85
v -0.55 -1.25 -1.85
v 0.55 -1.25 -1.85
v 0.65 -1.25 -1.85
v -0.75 -1.25 -2.05
v -0.65 -1.25 -2.05
v -0.55 -1.25 -2.05
v -0.45 -1.25 -2.05
v 0.45 -1.25 -2.05
v 0.55 -1.25 -2.05
v 0.75 -1.25 -2.05
v 1.15 -1.25 -2.05
v -0.65 -1.25 -2.15
v -0.55 -1.25 -2.15
v -0.45 -1.25 -2.15
v -0.25 -1.25 -2.15
v 0.25 -1.25 -2.15
v 0.45 -1.25 -2.15
v 1.15 -1.25 -2.15
v -0.55 -1.25 -2.25
v -0.45 -1.25 -2.25
v -0.25 -1.25 -2.25
v 0.25 -1.25 -2.25
v 0.45 -1.25 -2.25
v -0.45 -1.25 -2.35
v -0.15 -1.25 -2.35
v 0.15 -1.25 -2.35
v 0.25 -1.25 -2.35
v -0.95 -1.25 -2.45
v -0.85 -1.25 -2.45
v -0.25 -1.25 -2.45
v -0.15 -1.25 -2.45
v -0.05 -1.25 -2.45
v 0.05 -1.25 -2.45
v 0.15 -1.25 -2.45
v -1.15 -1.25 -2.55
v -1.05 -1.25 -2.55
v -0.95 -1.25 -2.55
v -0.85 -1.25 -2.55
v -0.25 -1.25 -2.55
v -0.15 -1.25 -2.55
v -0.05 -1.25 -2.55
v 0.05 -1.25 -2.55
v -1.15 -1.25 -2.65
v -1.05 -1.25 -2.65
v -1.05 -1.15 3.15
v -0.95 -1.15 3.15
v -1.05 -1.15 3.05
v -0.95 -1.15 3.05
v -0.95 -1.15 2.75
v -0.85 -1.15 2.75
v -1.05 -1.15 2.65
v -0.95 -1.15 2.65
v -0.85 -1.15 2.55
v -0.75 -1.15 2.55
v -0.95 -1.15 2.45
v -0.85 -1.15 2.45
v -0.75 -1.15 2.45
v -0.65 -1.15 2.45
v -0.85 -1.15 2.35
v -0.75 -1.15 2.35
v -0.65 -1.15 2.35
v -0.55 -1.15 2.35
v 0.55 -1.15 2.35
v 0.65 -1.15 2.35
v -0.85 -1.15 2.25
v -0.75 -1.15 2.25
v -0.65 -1.15 2.25
v -0.55 -1.15 2.25
v 0.55 -1.15 2.25
v 0.65 -1.15 2.25
v -0.95 -1.15 2.15
v -0.85 -1.15 2.15
v -0.75 -1.15 2.15
v -0.65 -1.15 2.15
v -0.95 -1.15 2.05
v -0.85 -1.15 2.05
v -0.75 -1.15 2.05
v -1.05 -1.15 1.95
v -0.95 -1.15 1.95
v -0.95 -1.15 1.85
v -0.85 -1.15 1.85
v 0.95 -1.15 1.75
v 1.05 -1.15 1.75
v 1.05 -1.15 1.65
v 1.25 -1.15 1.65
v 1.05 -1.15 1.55
v 1.25 -1.15 1.55
v -0.95 -1.15 1.15
v -0.85 -1.15 1.15
v 0.85 -1.15 1.15
v 0.95 -1.15 1.15
v -1.05 -1.15 1.05
v -0.95 -1.15 1.05
v 0.95 -1.15 1.05
v 1.05 -1.15 1.05
v -0.85 -1.15 0.95
v -0.75 -1.15 0.95
v 0.75 -1.15 0.95
v 0.85 -1.15 0.95
v -0.95 -1.15 0.85
v -0.85 -1.15 0.85
v -0.75 -1.15 0.85
v -0.65 -1.15 0.85
v 0.65 -1.15 0.85
v 0.75 -1.15 0.85
v 0.85 -1.15 0.85
v 0.95 -1.15 0.85
v -0.85 -1.15 0.75
v -0.75 -1.15 0.75
v -0.65 -1.15 0.75
v -0.55 -1.15 0.75
v 0.55 -1.15 0.75
v 0.65 -1.15 0.75
v 0.75 -1.15 0.75
v 0.85 -1.15 0.75
v -0.75 -1.15 0.65
v -0.65 -1.15 0.65
v -0.55 -1.15 0.65
v -0.45 -1.15 0.65
v 0.45 -1.15 0.65
v 0.55 -1.15 0.65
v 0.65 -1.15 0.65
v 0.75 -1.15 0.65
v -0.75 -1.15 0.55
v -0.65 -1.15 0.55
v -0.55 -1.15 0.55
v -0.45 -1.15 0.55
v 0.45 -1.15 0.55
v 0.55 -1.15 0.55
v 0.65 -1.15 0.55
v 0.75 -1.15 0.55
v -0.85 -1.15 0.45
v -0.75 -1.15 0.45
v -0.65 -1.15 0.45
v -0.55 -1.15 0.45
v 0.55 -1.15 0.45
v 0.65 -1.15 0.45
v 0.75 -1.15 0.45
v 0.85 -1.15 0.45
v -0.75 -1.15 0.35
v -0.65 -1.15 0.35
v 0.65 -1.15 0.35
v 0.75 -1.15 0.35
v -0.85 -1.15 0.25
v -0.75 -1.15 0.25
v 0.75 -1.15 0.25
v 0.85 -1.15 0.25
v -0.95 -1.15 0.15
v -0.85 -1.15 0.15
v 0.85 -1.15 0.15
v 0.95 -1.15 0.15
v -0.85 -1.15 0.05
v -0.75 -1.15 0.05
v 0.75 -1.15 0.05
v 0.85 -1.15 0.05
v -0.85 -1.15 -0.25
v -0.75 -1.15 -0.25
v 0.75 -1.15 -0.25
v 0.85 -1.15 -0.25
v -0.95 -1.15 -0.35
v -0.85 -1.15 -0.35
v 0.85 -1.15 -0.35
v 0.95 -1.15 -0.35
v -0.75 -1.15 -0.55
v -0.65 -1.15 -0.55
v 0.65 -1.15 -0.55
v 0.75 -1.15 -0.55
v -0.85 -1.15 -0.65
v -0.75 -1.15 -0.65
v -0.65 -1.15 -0.65
v -0.55 -1.15 -0.65
v 0.55 -1.15 -0.65
v 0.65 -1.15 -0.65
v 0.75 -1.15 -0.65
v 0.85 -1.15 -0.65
v -0.75 -1.15 -0.75
v -0.65 -1.15 -0.75
v -0.55 -1.15 -0.75
v -0.45 -1.15 -0.75
v 0.45 -1.15 -0.75
v 0.55 -1.15 -0.75
v 0.65 -1.15 -0.75
v 0.75 -1.15 -0.75
v -0.75 -1.15 -0.95
v -0.65 -1.15 -0.95
v -0.55 -1.15 -0.95
v -0.45 -1.15 -0.95
v 0.45 -1.15 -0.95
v 0.55 -1.15 -0.95
v 0.65 -1.15 -0.95
v 0.75 -1.15 -0.95
v -0.85 -1.15 -1.05
v -0.75 -1.15 -1.05
v -0.65 -1.15 -1.05
v -0.55 -1.15 -1.05
v 0.55 -1.15 -1.05
v 0.65 -1.15 -1.05
v 0.75 -1.15 -1.05
v 0.85 -1.15 -1.05
v -0.75 -1.15 -1.15
v -0.65 -1.15 -1.15
v 0.65 -1.15 -1.15
v 0.75 -1.15 -1.15
v -0.85 -1.15 -1.25
v -0.75 -1.15 -1.25
v 0.75 -1.15 -1.25
v 0.85 -1.15 -1.25
v -0.95 -1.15 -1.35
v -0.85 -1.15 -1.35
v 0.85 -1.15 -1.35
v 0.95 -1.15 -1.35
v -0.85 -1.15 -1.45
v -0.75 -1.15 -1.45
v 0.75 -1.15 -1.45
v 0.85 -1.15 -1.45
v -0.95 -1.15 -1.55
v -0.85 -1.15 -1.55
v 0.85 -1.15 -1.55
v 0.95 -1.15 -1.55
v -0.85 -1.15 -1.75
v -0.75 -1.15 -1.75
v 0.75 -1.15 -1.75
v 0.85 -1.15 -1.75
v -0.95 -1.15 -1.85
v -0.85 -1.15 -1.85
v 0.85 -1.15 -1.85
v 0.95 -1.15 -1.85
v -0.75 -1.15 -2.05
v -0.65 -1.15 -2.05
v 0.75 -1.15 -2.05
v 0.85 -1.15 -2.05
v 1.15 -1.15 -2.05
v 1.25 -1.15 -2.05
v -0.85 -1.15 -2.15
v -0.75 -1.15 -2.15
v -0.65 -1.15 -2.15
v -0.55 -1.15 -2.15
v 1.15 -1.15 -2.15
v 1.25 -1.15 -2.15
v -0.75 -1.15 -2.25
v -0.65 -1.15 -2.25
v -0.55 -1.15 -2.25
v -0.45 -1.15 -2.25
v -0.45 -1.15 -2.35
v -0.15 -1.15 -2.35
v -1.05 -1.15 -2.45
v -0.95 -1.15 -2.45
v -0.65 -1.15 -2.45
v -0.15 -1.15 -2.45
v -0.05 -1.15 -2.45
v -1.25 -1.15 -2.55
v -1.15 -1.15 -2.55
v -1.05 -1.15 -2.55
v -0.95 -1.15 -2.55
v -0.15 -1.15 -2.55
v -0.05 -1.15 -2.55
v -1.25 -1.15 -2.65
v -1.15 -1.15 -2.65
v -1.15 -1.05 3.15
v -1.05 -1.05 3.15
v -1.15 -1.05 3.05
v -1.05 -1.05 3.05
v -1.15 -1.05 2.65
v -1.05 -1.05 2.65
v -0.95 -1.05 2.65
v -1.05 -1.05 2.45
v -0.95 -1.05 2.45
v -0.85 -1.05 2.45
v -0.95 -1.05 2.35
v -0.85 -1.05 2.35
v -0.75 -1.05 2.35
v -0.95 -1.05 2.25
v -0.85 -1.05 2.25
v -0.75 -1.05 2.25
v -1.05 -1.05 2.15
v -0.95 -1.05 2.15
v -0.85 -1.05 2.15
v -1.05 -1.05 2.05
v -0.95 -1.05 2.05
v -1.15 -1.05 1.95
v -1.05 -1.05 1.95
v -0.95 -1.05 1.95
v 1.05 -1.05 1.55
v 1.25 -1.05 1.55
v 1.15 -1.05 1.45
v 1.25 -1.05 1.45
v -1.15 -1.05 1.05
v -1.05 -1.05 1.05
v -0.95 -1.05 1.05
v 0.95 -1.05 1.05
v 1.05 -1.05 1.05
v 1.15 -1.05 1.05
v -1.05 -1.05 0.85
v -0.95 -1.05 0.85
v -0.85 -1.05 0.85
v 0.85 -1.05 0.85
v 0.95 -1.05 0.85
v 1.05 -1.05 0.85
v -0.95 -1.05 0.75
v -0.85 -1.05 0.75
v -0.75 -1.05 0.75
v 0.75 -1.05 0.75
v 0.85 -1.05 0.75
v 0.95 -1.05 0.75
v -0.85 -1.05 0.65
v -0.75 -1.05 0.65
v -0.65 -1.05 0.65
v 0.65 -1.05 0.65
v 0.75 -1.05 0.65
v 0.85 -1.05 0.65
v -0.85 -1.05 0.55
v -0.75 -1.05 0.55
v -0.65 -1.05 0.55
v 0.65 -1.05 0.55
v 0.75 -1.05 0.55
v 0.85 -1.05 0.55
v -0.95 -1.05 0.45
v -0.85 -1.05 0.45
v -0.75 -1.05 0.45
v 0.75 -1.05 0.45
v 0.85 -1.05 0.45
v 0.95 -1.05 0.45
v -1.05 -1.05 0.25
v -0.95 -1.05 0.25
v -0.85 -1.05 0.25
v 0.85 -1.05 0.25
v 0.95 -1.05 0.25
v 1.05 -1.05 0.25
v -0.95 -1.05 0.15
v -0.85 -1.05 0.15
v 0.85 -1.05 0.15
v 0.95 -1.05 0.15
v -0.95 -1.05 -0.35
v -0.85 -1.05 -0.35
v 0.85 -1.05 -0.35
v 0.95 -1.05 -0.35
v -1.05 -1.05 -0.45
v -0.95 -1.05 -0.45
v 0.95 -1.05 -0.45
v 1.05 -1.05 -0.45
v -0.95 -1.05 -0.65
v -0.85 -1.05 -0.65
v -0.75 -1.05 -0.65
v 0.75 -1.05 -0.65
v 0.85 -1.05 -0.65
v 0.95 -1.05 -0.65
v -0.85 -1.05 -0.75
v -0.75 -1.05 -0.75
v -0.65 -1.05 -0.75
v 0.65 -1.05 -0.75
v 0.75 -1.05 -0.75
v 0.85 -1.05 -0.75
v -0.85 -1.05 -0.95
v -0.75 -1.05 -0.95
v -0.65 -1.05 -0.95
v 0.65 -1.05 -0.95
v 0.75 -1.05 -0.95
v 0.85 -1.05 -0.95
v -0.95 -1.05 -1.05
v -0.85 -1.05 -1.05
v -0.75 -1.05 -1.05
v 0.75 -1.05 -1.05
v 0.85 -1.05 -1.05
v 0.95 -1.05 -1.05
v -1.05 -1.05 -1.25
v -0.95 -1.05 -1.25
v -0.85 -1.05 -1.25
v 0.85 -1.05 -1.25
v 0.95 -1.05 -1.25
v 1.05 -1.05 -1.25
v -0.95 -1.05 -1.35
v -0.85 -1.05 -1.35
v 0.85 -1.05 -1.35
v 0.95 -1.05 -1.35
v -1.05 -1.05 -1.55
v -0.95 -1.05 -1.55
v 0.95 -1.05 -1.55
v 1.05 -1.05 -1.55
v -0.95 -1.05 -1.85
v -0.85 -1.05 -1.85
v 0.85 -1.05 -1.85
v 0.95 -1.05 -1.85
v -1.05 -1.05 -1.95
v -0.95 -1.05 -1.95
v 0.95 -1.05 -1.95
v 1.05 -1.05 -1.95
v 0.85 -1.05 -2.05
v 0.95 -1.05 -2.05
v 1.25 -1.05 -2.05
v 1.35 -1.05 -2.05
v -0.95 -1.05 -2.15
v -0.85 -1.05 -2.15
v -0.75 -1.05 -2.15
v 1.25 -1.05 -2.15
v 1.35 -1.05 -2.15
v -0.85 -1.05 -2.25
v -0.75 -1.05 -2.25
v -0.65 -1.05 -2.25
v -0.85 -1.05 -2.35
v -0.75 -1.05 -2.35
v -1.15 -1.05 -2.45
v -1.05 -1.05 -2.45
v -0.85 -1.05 -2.45
v -0.65 -1.05 -2.45
v -1.15 -1.05 -2.55
v -1.05 -1.05 -2.55
v -1.25 -0.95 3.15
v -1.15 -0.95 3.15
v -1.25 -0.95 3.05
v -1.15 -0.95 3.05
v -1.25 -0.95 2.75
v -1.15 -0.95 2.75
v -1.15 -0.95 2.65
v -1.05 -0.95 2.65
v -1.15 -0.95 2.45
v -1.05 -0.95 2.45
v -0.95 -0.95 2.45
v -1.05 -0.95 2.35
v -0.95 -0.95 2.35
v -0.85 -0.95 2.35
v -1.05 -0.95 2.25
v -0.95 -0.95 2.25
v -0.85 -0.95 2.25
v -1.15 -0.95 2.15
v -1.05 -0.95 2.15
v -0.95 -0.95 2.15
v -1.15 -0.95 2.05
v -1.05 -0.95 2.05
v -1.15 -0.95 1.95
v -1.05 -0.95 1.95
v -1.25 -0.95 1.85
v -1.15 -0.95 1.85
v 1.15 -0.95 1.45
v 1.35 -0.95 1.45
v 1.25 -0.95 1.35
v 1.35 -0.95 1.35
v -1.25 -0.95 1.15
v -1.15 -0.95 1.15
v 1.15 -0.95 1.15
v 1.25 -0.95 1.15
v -1.15 -0.95 1.05
v -1.05 -0.95 1.05
v 1.05 -0.95 1.05
v 1.15 -0.95 1.05
v -1.15 -0.95 0.85
v -1.05 -0.95 0.85
v -0.95 -0.95 0.85
v 0.95 -0.95 0.85
v 1.05 -0.95 0.85
v 1.15 -0.95 0.85
v -1.05 -0.95 0.75
v -0.95 -0.95 0.75
v -0.85 -0.95 0.75
v 0.85 -0.95 0.75
v 0.95 -0.95 0.75
v 1.05 -0.95 0.75
v -0.95 -0.95 0.65
v -0.85 -0.95 0.65
v -0.75 -0.95 0.65
v 0.75 -0.95 0.65
v 0.85 -0.95 0.65
v 0.95 -0.95 0.65
v -0.95 -0.95 0.55
v -0.85 -0.95 0.55
v -0.75 -0.95 0.55
v 0.75 -0.95 0.55
v 0.85 -0.95 0.55
v 0.95 -0.95 0.55
v -1.05 -0.95 0.45
v -0.95 -0.95 0.45
v -0.85 -0.95 0.45
v 0.85 -0.95 0.45
v 0.95 -0.95 0.45
v 1.05 -0.95 0.45
v -1.05 -0.95 0.25
v -0.95 -0.95 0.25
v 0.95 -0.95 0.25
v 1.05 -0.95 0.25
v -1.15 -0.95 0.15
v -1.05 -0.95 0.15
v 1.05 -0.95 0.15
v 1.15 -0.95 0.15
v -1.15 -0.95 -0.35
v -1.05 -0.95 -0.35
v 1.05 -0.95 -0.35
v 1.15 -0.95 -0.35
v -1.05 -0.95 -0.45
v -0.95 -0.95 -0.45
v 0.95 -0.95 -0.45
v 1.05 -0.95 -0.45
v -1.05 -0.95 -0.65
v -0.95 -0.95 -0.65
v -0.85 -0.95 -0.65
v 0.85 -0.95 -0.65
v 0.95 -0.95 -0.65
v 1.05 -0.95 -0.65
v -0.95 -0.95 -0.75
v -0.85 -0.95 -0.75
v -0.75 -0.95 -0.75
v 0.75 -0.95 -0.75
v 0.85 -0.95 -0.75
v 0.95 -0.95 -0.75
v -0.95 -0.95 -0.95
v -0.85 -0.95 -0.95
v -0.75 -0.95 -0.95
v 0.75 -0.95 -0.95
v 0.85 -0.95 -0.95
v 0.95 -0.95 -0.95
v -1.05 -0.95 -1.05
v -0.95 -0.95 -1.05
v -0.85 -0.95 -1.05
v 0.85 -0.95 -1.05
v 0.95 -0.95 -1.05
v 1.05 -0.95 -1.05
v -1.05 -0.95 -1.25
v -0.95 -0.95 -1.25
v 0.95 -0.95 -1.25
v 1.05 -0.95 -1.25
v -1.15 -0.95 -1.35
v -1.05 -0.95 -1.35
v 1.05 -0.95 -1.35
v 1.15 -0.95 -1.35
v -1.15 -0.95 -1.55
v -1.05 -0.95 -1.55
v 1.05 -0.95 -1.55
v 1.15 -0.95 -1.55
v -1.15 -0.95 -1.85
v -1.05 -0.95 -1.85
v 1.05 -0.95 -1.85
v 1.15 -0.95 -1.85
v -1.05 -0.95 -1.95
v -0.95 -0.95 -1.95
v 0.95 -0.95 -1.95
v 1.05 -0.95 -1.95
v 1.15 -0.95 -1.95
v 1.25 -0.95 -1.95
v 1.45 -0.95 -1.95
v 0.95 -0.95 -2.05
v 1.15 -0.95 -2.05
v 1.25 -0.95 -2.05
v 1.45 -0.95 -2.05
v -1.05 -0.95 -2.15
v -0.95 -0.95 -2.15
v -0.85 -0.95 -2.15
v -0.95 -0.95 -2.25
v -0.85 -0.95 -2.25
v -0.75 -0.95 -2.25
v -0.85 -0.95 -2.35
v -0.75 -0.95 -2.35
v -1.35 -0.95 -2.55
v -1.25 -0.95 -2.55
v -1.35 -0.95 -2.65
v -1.25 -0.95 -2.65
v -1.35 -0.85 3.15
v -1.25 -0.85 3.15
v -1.35 -0.85 3.05
v -1.25 -0.85 3.05
v -1.35 -0.85 2.85
v -1.25 -0.85 2.85
v -1.25 -0.85 2.75
v -1.15 -0.85 2.75
v -1.25 -0.85 2.55
v -1.15 -0.85 2.55
v -1.15 -0.85 2.45
v -1.05 -0.85 2.45
v -1.15 -0.85 2.35
v -1.05 -0.85 2.35
v -0.95 -0.85 2.35
v -1.15 -0.85 2.25
v -1.05 -0.85 2.25
v -0.95 -0.85 2.25
v -1.15 -0.85 2.15
v -1.05 -0.85 2.15
v -1.25 -0.85 2.05
v -1.15 -0.85 2.05
v -1.25 -0.85 1.85
v -1.15 -0.85 1.85
v -1.35 -0.85 1.75
v -1.25 -0.85 1.75
v 1.25 -0.85 1.35
v 1.55 -0.85 1.35
v -1.35 -0.85 1.25
v -1.25 -0.85 1.25
v 1.25 -0.85 1.25
v 1.55 -0.85 1.25
v -1.25 -0.85 1.15
v -1.15 -0.85 1.15
v 1.15 -0.85 1.15
v 1.25 -0.85 1.15
v -1.25 -0.85 0.95
v -1.15 -0.85 0.95
v 1.15 -0.85 0.95
v 1.25 -0.85 0.95
v -1.15 -0.85 0.85
v -1.05 -0.85 0.85
v 1.05 -0.85 0.85
v 1.15 -0.85 0.85
v -1.15 -0.85 0.75
v -1.05 -0.85 0.75
v -0.95 -0.85 0.75
v 0.95 -0.85 0.75
v 1.05 -0.85 0.75
v 1.15 -0.85 0.75
v -1.05 -0.85 0.65
v -0.95 -0.85 0.65
v -0.85 -0.85 0.65
v 0.85 -0.85 0.65
v 0.95 -0.85 0.65
v 1.05 -0.85 0.65
v -1.05 -0.85 0.55
v -0.95 -0.85 0.55
v -0.85 -0.85 0.55
v 0.85 -0.85 0.55
v 0.95 -0.85 0.55
v 1.05 -0.85 0.55
v -1.15 -0.85 0.45
v -1.05 -0.85 0.45
v -0.95 -0.85 0.45
v 0.95 -0.85 0.45
v 1.05 -0.85 0.45
v 1.15 -0.85 0.45
v -1.15 -0.85 0.25
v -1.05 -0.85 0.25
v 1.05 -0.85 0.25
v 1.15 -0.85 0.25
v -1.15 -0.85 0.15
v -1.05 -0.85 0.15
v 1.05 -0.85 0.15
v 1.15 -0.85 0.15
v -1.25 -0.85 0.05
v -1.15 -0.85 0.05
v 1.15 -0.85 0.05
v 1.25 -0.85 0.05
v -1.25 -0.85 -0.25
v -1.15 -0.85 -0.25
v 1.15 -0.85 -0.25
v 1.25 -0.85 -0.25
v -1.15 -0.85 -0.35
v -1.05 -0.85 -0.35
v 1.05 -0.85 -0.35
v 1.15 -0.85 -0.35
v -1.15 -0.85 -0.65
v -1.05 -0.85 -0.65
v -0.95 -0.85 -0.65
v 0.95 -0.85 -0.65
v 1.05 -0.85 -0.65
v 1.15 -0.85 -0.65
v -1.05 -0.85 -0.75
v -0.95 -0.85 -0.75
v -0.85 -0.85 -0.75
v 0.85 -0.85 -0.75
v 0.95 -0.85 -0.75
v 1.05 -0.85 -0.75
v -1.05 -0.85 -0.95
v -0.95 -0.85 -0.95
v -0.85 -0.85 -0.95
v 0.85 -0.85 -0.95
v 0.95 -0.85 -0.95
v 1.05 -0.85 -0.95
v -1.15 -0.85 -1.05
v -1.05 -0.85 -1.05
v -0.95 -0.85 -1.05
v 0.95 -0.85 -1.05
v 1.05 -0.85 -1.05
v 1.15 -0.85 -1.05
v -1.15 -0.85 -1.25
v -1.05 -0.85 -1.25
v 1.05 -0.85 -1.25
v 1.15 -0.85 -1.25
v -1.15 -0.85 -1.35
v -1.05 -0.85 -1.35
v 1.05 -0.85 -1.35
v 1.15 -0.85 -1.35
v -1.25 -0.85 -1.45
v -1.15 -0.85 -1.45
v 1.15 -0.85 -1.45
v 1.25 -0.85 -1.45
v -1.25 -0.85 -1.55
v -1.15 -0.85 -1.55
v 1.15 -0.85 -1.55
v 1.25 -0.85 -1.55
v -1.25 -0.85 -1.75
v -1.15 -0.85 -1.75
v 1.15 -0.85 -1.75
v 1.25 -0.85 -1.75
v 1.35 -0.85 -1.75
v 1.45 -0.85 -1.75
v -1.15 -0.85 -1.85
v -1.05 -0.85 -1.85
v 1.05 -0.85 -1.85
v 1.15 -0.85 -1.85
v 1.35 -0.85 -1.85
v 1.05 -0.85 -1.95
v 1.15 -0.85 -1.95
v 1.25 -0.85 -1.95
v 1.45 -0.85 -1.95
v 1.15 -0.85 -2.05
v 1.25 -0.85 -2.05
v -1.15 -0.85 -2.15
v -1.05 -0.85 -2.15
v -0.95 -0.85 -2.15
v -1.05 -0.85 -2.25
v -0.95 -0.85 -2.25
v -0.85 -0.85 -2.25
v -0.95 -0.85 -2.45
v -0.85 -0.85 -2.45
v -1.35 -0.75 2.85
v -1.25 -0.75 2.85
v -1.35 -0.75 2.65
v -1.25 -0.75 2.65
v -1.25 -0.75 2.55
v -1.15 -0.75 2.55
v -1.25 -0.75 2.45
v -1.15 -0.75 2.45
v -1.15 -0.75 2.35
v -1.05 -0.75 2.35
v -1.15 -0.75 2.25
v -1.05 -0.75 2.25
v -1.25 -0.75 2.15
v -1.15 -0.75 2.15
v -1.25 -0.75 2.05
v -1.15 -0.75 2.05
v -1.35 -0.75 1.95
v -1.25 -0.75 1.95
v -1.35 -0.75 1.75
v -1.25 -0.75 1.75
v -1.35 -0.75 1.25
v -1.25 -0.75 1.25
v 1.25 -0.75 1.25
v 1.35 -0.75 1.25
v -1.35 -0.75 1.05
v -1.25 -0.75 1.05
v 1.25 -0.75 1.05
v 1.35 -0.75 1.05
v -1.25 -0.75 0.95
v -1.15 -0.75 0.95
v 1.15 -0.75 0.95
v 1.25 -0.75 0.95
v -1.25 -0.75 0.85
v -1.15 -0.75 0.85
v 1.15 -0.75 0.85
v 1.25 -0.75 0.85
v -1.15 -0.75 0.75
v -1.05 -0.75 0.75
v 1.05 -0.75 0.75
v 1.15 -0.75 0.75
v -1.15 -0.75 0.65
v -1.05 -0.75 0.65
v -0.95 -0.75 0.65
v 0.95 -0.75 0.65
v 1.05 -0.75 0.65
v 1.15 -0.75 0.65
v -1.15 -0.75 0.55
v -1.05 -0.75 0.55
v -0.95 -0.75 0.55
v 0.95 -0.75 0.55
v 1.05 -0.75 0.55
v 1.15 -0.75 0.55
v -1.15 -0.75 0.45
v -1.05 -0.75 0.45
v 1.05 -0.75 0.45
v 1.15 -0.75 0.45
v -1.25 -0.75 0.35
v -1.15 -0.75 0.35
v 1.15 -0.75 0.35
v 1.25 -0.75 0.35
v -1.25 -0.75 0.25
v -1.15 -0.75 0.25
v 1.15 -0.75 0.25
v 1.25 -0.75 0.25
v -1.25 -0.75 0.05
v -1.15 -0.75 0.05
v 1.15 -0.75 0.05
v 1.25 -0.75 0.05
v -1.25 -0.75 -0.25
v -1.15 -0.75 -0.25
v 1.15 -0.75 -0.25
v 1.25 -0.75 -0.25
v -1.25 -0.75 -0.55
v -1.15 -0.75 -0.55
v 1.15 -0.75 -0.55
v 1.25 -0.75 -0.55
v -1.15 -0.75 -0.65
v -1.05 -0.75 -0.65
v 1.05 -0.75 -0.65
v 1.15 -0.75 -0.65
v -1.15 -0.75 -0.75
v -1.05 -0.75 -0.75
v -0.95 -0.75 -0.75
v 0.95 -0.75 -0.75
v 1.05 -0.75 -0.75
v 1.15 -0.75 -0.75
v -1.15 -0.75 -0.95
v -1.05 -0.75 -0.95
v -0.95 -0.75 -0.95
v 0.95 -0.75 -0.95
v 1.05 -0.75 -0.95
v 1.15 -0.75 -0.95
v -1.15 -0.75 -1.05
v -1.05 -0.75 -1.05
v 1.05 -0.75 -1.05
v 1.15 -0.75 -1.05
v -1.25 -0.75 -1.15
v -1.15 -0.75 -1.15
v 1.15 -0.75 -1.15
v 1.25 -0.75 -1.15
v -1.25 -0.75 -1.25
v -1.15 -0.75 -1.25
v 1.15 -0.75 -1.25
v 1.25 -0.75 -1.25
v -1.25 -0.75 -1.45
v -1.15 -0.75 -1.45
v 1.15 -0.75 -1.45
v 1.25 -0.75 -1.45
v 1.35 -0.75 -1.65
v 1.45 -0.75 -1.65
v -1.25 -0.75 -1.75
v -1.15 -0.75 -1.75
v 1.15 -0.75 -1.75
v 1.25 -0.75 -1.75
v 1.35 -0.75 -1.75
v 1.45 -0.75 -1.75
v 1.15 -0.75 -1.85
v 1.35 -0.75 -1.85
v -1.25 -0.75 -2.05
v -1.15 -0.75 -2.05
v -1.15 -0.75 -2.15
v -1.05 -0.75 -2.15
v -1.15 -0.75 -2.25
v -1.05 -0.75 -2.25
v -0.95 -0.75 -2.25
v -1.05 -0.75 -2.35
v -0.95 -0.75 -2.35
v -1.45 -0.65 3.15
v -1.35 -0.65 3.15
v -1.45 -0.65 3.05
v -1.35 -0.65 3.05
v -1.45 -0.65 2.85
v -1.35 -0.65 2.85
v -1.35 -0.65 2.65
v -1.25 -0.65 2.65
v -1.35 -0.65 2.55
v -1.25 -0.65 2.55
v -1.25 -0.65 2.45
v -1.15 -0.65 2.45
v -1.25 -0.65 2.35
v -1.15 -0.65 2.35
v -1.25 -0.65 2.25
v -1.15 -0.65 2.25
v -1.25 -0.65 2.15
v -1.15 -0.65 2.15
v -1.35 -0.65 2.05
v -1.25 -0.65 2.05
v -1.35 -0.65 1.95
v -1.25 -0.65 1.95
v -1.45 -0.65 1.75
v -1.35 -0.65 1.75
v -1.45 -0.65 1.25
v -1.35 -0.65 1.25
v 1.45 -0.65 1.25
v 1.65 -0.65 1.25
v 1.45 -0.65 1.15
v 1.65 -0.65 1.15
v -1.35 -0.65 1.05
v -1.25 -0.65 1.05
v 1.25 -0.65 1.05
v 1.35 -0.65 1.05
v -1.35 -0.65 0.95
v -1.25 -0.65 0.95
v 1.25 -0.65 0.95
v 1.35 -0.65 0.95
v -1.25 -0.65 0.85
v -1.15 -0.65 0.85
v 1.15 -0.65 0.85
v 1.25 -0.65 0.85
v -1.25 -0.65 0.75
v -1.15 -0.65 0.75
v 1.15 -0.65 0.75
v 1.25 -0.65 0.75
v -1.15 -0.65 0.65
v -1.05 -0.65 0.65
v 1.05 -0.65 0.65
v 1.15 -0.65 0.65
v -1.15 -0.65 0.55
v -1.05 -0.65 0.55
v 1.05 -0.65 0.55
v 1.15 -0.65 0.55
v -1.25 -0.65 0.45
v -1.15 -0.65 0.45
v 1.15 -0.65 0.45
v 1.25 -0.65 0.45
v -1.25 -0.65 0.35
v -1.15 -0.65 0.35
v 1.15 -0.65 0.35
v 1.25 -0.65 0.35
v -1.35 -0.65 0.15
v -1.25 -0.65 0.15
v 1.25 -0.65 0.15
v 1.35 -0.65 0.15
v -1.35 -0.65 -0.35
v -1.25 -0.65 -0.35
v 1.25 -0.65 -0.35
v 1.35 -0.65 -0.35
v -1.25 -0.65 -0.55
v -1.15 -0.65 -0.55
v 1.15 -0.65 -0.55
v 1.25 -0.65 -0.55
v -1.25 -0.65 -0.65
v -1.15 -0.65 -0.65
v 1.15 -0.65 -0.65
v 1.25 -0.65 -0.65
v -1.15 -0.65 -0.75
v -1.05 -0.65 -0.75
v 1.05 -0.65 -0.75
v 1.15 -0.65 -0.75
v -1.15 -0.65 -0.95
v -1.05 -0.65 -0.95
v 1.05 -0.65 -0.95
v 1.15 -0.65 -0.95
v -1.25 -0.65 -1.05
v -1.15 -0.65 -1.05
v 1.15 -0.65 -1.05
v 1.25 -0.65 -1.05
v -1.25 -0.65 -1.15
v -1.15 -0.65 -1.15
v 1.15 -0.65 -1.15
v 1.25 -0.65 -1.15
v -1.35 -0.65 -1.35
v -1.25 -0.65 -1.35
v 1.25 -0.65 -1.35
v 1.35 -0.65 -1.35
v -1.35 -0.65 -1.55
v -1.25 -0.65 -1.55
v 1.25 -0.65 -1.55
v 1.35 -0.65 -1.55
v 1.35 -0.65 -1.65
v 1.25 -0.65 -1.75
v 1.35 -0.65 -1.75
v -1.35 -0.65 -1.85
v -1.25 -0.65 -1.85
v -1.25 -0.65 -2.05
v -1.15 -0.65 -2.05
v -1.25 -0.65 -2.15
v -1.15 -0.65 -2.15
v -1.15 -0.65 -2.25
v -1.05 -0.65 -2.25
v -1.15 -0.65 -2.35
v -1.05 -0.65 -2.35
v -0.95 -0.65 -2.35
v -1.05 -0.65 -2.45
v -0.95 -0.65 -2.45
v -1.45 -0.55 2.85
v -1.35 -0.55 2.85
v -1.45 -0.55 2.65
v -1.35 -0.55 2.65
v -1.35 -0.55 2.55
v -1.25 -0.55 2.55
v -1.35 -0.55 2.45
v -1.25 -0.55 2.45
v -1.25 -0.55 2.35
v -1.15 -0.55 2.35
v -1.25 -0.55 2.25
v -1.15 -0.55 2.25
v -1.35 -0.55 2.15
v -1.25 -0.55 2.15
v -1.35 -0.55 2.05
v -1.25 -0.55 2.05
v -1.45 -0.55 1.95
v -1.35 -0.55 1.95
v -1.45 -0.55 1.75
v -1.35 -0.55 1.75
v -1.45 -0.55 1.25
v -1.35 -0.55 1.25
v 1.35 -0.55 1.25
v 1.45 -0.55 1.25
v 1.45 -0.55 1.15
v -1.45 -0.55 1.05
v -1.35 -0.55 1.05
v 1.35 -0.55 1.05
v 1.45 -0.55 1.05
v -1.35 -0.55 0.95
v -1.25 -0.55 0.95
v 1.25 -0.55 0.95
v 1.35 -0.55 0.95
v -1.35 -0.55 0.85
v -1.25 -0.55 0.85
v 1.25 -0.55 0.85
v 1.35 -0.55 0.85
v -1.25 -0.55 0.75
v -1.15 -0.55 0.75
v 1.15 -0.55 0.75
v 1.25 -0.55 0.75
v -1.25 -0.55 0.65
v -1.15 -0.55 0.65
v 1.15 -0.55 0.65
v 1.25 -0.55 0.65
v -1.25 -0.55 0.55
v -1.15 -0.55 0.55
v 1.15 -0.55 0.55
v 1.25 -0.55 0.55
v -1.25 -0.55 0.45
v -1.15 -0.55 0.45
v 1.15 -0.55 0.45
v 1.25 -0.55 0.45
v -1.35 -0.55 0.35
v -1.25 -0.55 0.35
v 1.25 -0.55 0.35
v 1.35 -0.55 0.35
v -1.35 -0.55 0.25
v -1.25 -0.55 0.25
v 1.25 -0.55 0.25
v 1.35 -0.55 0.25
v -1.35 -0.55 0.15
v -1.25 -0.55 0.15
v 1.25 -0.55 0.15
v 1.35 -0.55 0.15
v -1.35 -0.55 -0.35
v -1.25 -0.55 -0.35
v 1.25 -0.55 -0.35
v 1.35 -0.55 -0.35
v -1.35 -0.55 -0.55
v -1.25 -0.55 -0.55
v 1.25 -0.55 -0.55
v 1.35 -0.55 -0.55
v -1.25 -0.55 -0.65
v -1.15 -0.55 -0.65
v 1.15 -0.55 -0.65
v 1.25 -0.55 -0.65
v -1.25 -0.55 -0.75
v -1.15 -0.55 -0.75
v 1.15 -0.55 -0.75
v 1.25 -0.55 -0.75
v -1.25 -0.55 -0.95
v -1.15 -0.55 -0.95
v 1.15 -0.55 -0.95
v 1.25 -0.55 -0.95
v -1.25 -0.55 -1.05
v -1.15 -0.55 -1.05
v 1.15 -0.55 -1.05
v 1.25 -0.55 -1.05
v -1.35 -0.55 -1.15
v -1.25 -0.55 -1.15
v 1.25 -0.55 -1.15
v 1.35 -0.55 -1.15
v -1.35 -0.55 -1.25
v -1.25 -0.55 -1.25
v 1.25 -0.55 -1.25
v 1.35 -0.55 -1.25
v -1.35 -0.55 -1.35
v -1.25 -0.55 -1.35
v 1.25 -0.55 -1.35
v 1.35 -0.55 -1.35
v 1.35 -0.55 -1.55
v 1.45 -0.55 -1.55
v 1.35 -0.55 -1.65
v 1.45 -0.55 -1.65
v -1.35 -0.55 -1.85
v -1.25 -0.55 -1.85
v -1.35 -0.55 -2.05
v -1.25 -0.55 -2.05
v -1.25 -0.55 -2.15
v -1.15 -0.55 -2.15
v -1.25 -0.55 -2.25
v -1.15 -0.55 -2.25
v -1.15 -0.55 -2.35
v -1.05 -0.55 -2.35
v -1.15 -0.55 -2.45
v -1.05 -0.55 -2.45
v -1.45 -0.45 2.65
v -1.35 -0.45 2.65
v -1.45 -0.45 2.55
v -1.35 -0.45 2.55
v -1.35 -0.45 2.45
v -1.25 -0.45 2.45
v -1.35 -0.45 2.35
v -1.25 -0.45 2.35
v -1.35 -0.45 2.25
v -1.25 -0.45 2.25
v -1.35 -0.45 2.15
v -1.25 -0.45 2.15
v -1.45 -0.45 2.05
v -1.35 -0.45 2.05
v -1.45 -0.45 1.95
v -1.35 -0.45 1.95
v -1.45 -0.45 1.05
v -1.35 -0.45 1.05
v 1.35 -0.45 1.05
v 1.45 -0.45 1.05
v -1.45 -0.45 0.95
v -1.35 -0.45 0.95
v 1.35 -0.45 0.95
v 1.45 -0.45 0.95
v -1.35 -0.45 0.85
v -1.25 -0.45 0.85
v 1.25 -0.45 0.85
v 1.35 -0.45 0.85
v -1.35 -0.45 0.75
v -1.25 -0.45 0.75
v 1.25 -0.45 0.75
v 1.35 -0.45 0.75
v -1.25 -0.45 0.65
v -1.15 -0.45 0.65
v 1.15 -0.45 0.65
v 1.25 -0.45 0.65
v -1.25 -0.45 0.55
v -1.15 -0.45 0.55
v 1.15 -0.45 0.55
v 1.25 -0.45 0.55
v -1.35 -0.45 0.45
v -1.25 -0.45 0.45
v 1.25 -0.45 0.45
v 1.35 -0.45 0.45
v -1.35 -0.45 0.35
v -1.25 -0.45 0.35
v 1.25 -0.45 0.35
v 1.35 -0.45 0.35
v -1.35 -0.45 -0.55
v -1.25 -0.45 -0.55
v 1.25 -0.45 -0.55
v 1.35 -0.45 -0.55
v -1.35 -0.45 -0.65
v -1.25 -0.45 -0.65
v 1.25 -0.45 -0.65
v 1.35 -0.45 -0.65
v -1.25 -0.45 -0.75
v -1.15 -0.45 -0.75
v 1.15 -0.45 -0.75
v 1.25 -0.45 -0.75
v -1.25 -0.45 -0.95
v -1.15 -0.45 -0.95
v 1.15 -0.45 -0.95
v 1.25 -0.45 -0.95
v -1.35 -0.45 -1.05
v -1.25 -0.45 -1.05
v 1.25 -0.45 -1.05
v 1.35 -0.45 -1.05
v -1.35 -0.45 -1.15
v -1.25 -0.45 -1.15
v 1.25 -0.45 -1.15
v 1.35 -0.45 -1.15
v 1.35 -0.45 -1.45
v 1.45 -0.45 -1.45
v 1.35 -0.45 -1.55
v 1.45 -0.45 -1.55
v -1.35 -0.45 -2.05
v -1.25 -0.45 -2.05
v -1.35 -0.45 -2.15
v -1.25 -0.45 -2.15
v -1.25 -0.45 -2.25
v -1.15 -0.45 -2.25
v -1.25 -0.45 -2.35
v -1.15 -0.45 -2.35
v -1.55 -0.35 3.15
v -1.45 -0.35 3.15
v -1.55 -0.35 3.05
v -1.45 -0.35 3.05
v -1.55 -0.35 2.85
v -1.45 -0.35 2.85
v -1.55 -0.35 1.75
v -1.45 -0.35 1.75
v -1.55 -0.35 1.25
v -1.45 -0.35 1.25
v -1.45 -0.35 0.15
v -1.35 -0.35 0.15
v 1.35 -0.35 0.15
v 1.45 -0.35 0.15
v -1.45 -0.35 -0.35
v -1.35 -0.35 -0.35
v 1.35 -0.35 -0.35
v 1.45 -0.35 -0.35
v -1.45 -0.35 -1.35
v -1.35 -0.35 -1.35
v 1.35 -0.35 -1.35
v 1.45 -0.35 -1.35
v 1.35 -0.35 -1.45
v 1.45 -0.35 -1.45
v -1.45 -0.35 -1.55
v -1.35 -0.35 -1.55
v -1.45 -0.35 -1.85
v -1.35 -0.35 -1.85
v -1.55 -0.25 2.85
v -1.45 -0.25 2.85
v -1.55 -0.25 2.75
v -1.45 -0.25 2.75
v -1.45 -0.25 2.55
v -1.35 -0.25 2.55
v -1.45 -0.25 2.45
v -1.35 -0.25 2.45
v -1.35 -0.25 2.35
v -1.25 -0.25 2.35
v -1.35 -0.25 2.25
v -1.25 -0.25 2.25
v -1.45 -0.25 2.15
v -1.35 -0.25 2.15
v -1.45 -0.25 2.05
v -1.35 -0.25 2.05
v -1.55 -0.25 1.85
v -1.45 -0.25 1.85
v -1.55 -0.25 1.75
v -1.45 -0.25 1.75
v -1.55 -0.25 1.25
v -1.45 -0.25 1.25
v -1.55 -0.25 1.15
v -1.45 -0.25 1.15
v -1.45 -0.25 0.95
v -1.35 -0.25 0.95
v 1.35 -0.25 0.95
v 1.45 -0.25 0.95
v -1.45 -0.25 0.85
v -1.35 -0.25 0.85
v 1.35 -0.25 0.85
v 1.45 -0.25 0.85
v -1.35 -0.25 0.75
v -1.25 -0.25 0.75
v 1.25 -0.25 0.75
v 1.35 -0.25 0.75
v -1.35 -0.25 0.65
v -1.25 -0.25 0.65
v 1.25 -0.25 0.65
v 1.35 -0.25 0.65
v -1.35 -0.25 0.55
v -1.25 -0.25 0.55
v 1.25 -0.25 0.55
v 1.35 -0.25 0.55
v -1.35 -0.25 0.45
v -1.25 -0.25 0.45
v 1.25 -0.25 0.45
v 1.35 -0.25 0.45
v -1.45 -0.25 0.25
v -1.35 -0.25 0.25
v 1.35 -0.25 0.25
v 1.45 -0.25 0.25
v -1.45 -0.25 0.15
v -1.35 -0.25 0.15
v 1.35 -0.25 0.15
v 1.45 -0.25 0.15
v -1.45 -0.25 -0.35
v -1.35 -0.25 -0.35
v 1.35 -0.25 -0.35
v 1.45 -0.25 -0.35
v -1.45 -0.25 -0.45
v -1.35 -0.25 -0.45
v 1.35 -0.25 -0.45
v 1.45 -0.25 -0.45
v -1.35 -0.25 -0.65
v -1.25 -0.25 -0.65
v 1.25 -0.25 -0.65
v 1.35 -0.25 -0.65
v -1.35 -0.25 -0.75
v -1.25 -0.25 -0.75
v 1.25 -0.25 -0.75
v 1.35 -0.25 -0.75
v -1.35 -0.25 -0.95
v -1.25 -0.25 -0.95
v 1.25 -0.25 -0.95
v 1.35 -0.25 -0.95
v -1.35 -0.25 -1.05
v -1.25 -0.25 -1.05
v 1.25 -0.25 -1.05
v 1.35 -0.25 -1.05
v -1.45 -0.25 -1.25
v -1.35 -0.25 -1.25
v 1.35 -0.25 -1.25
v 1.45 -0.25 -1.25
v -1.45 -0.25 -1.35
v -1.35 -0.25 -1.35
v 1.35 -0.25 -1.35
v 1.45 -0.25 -1.35
v -1.45 -0.25 -1.85
v -1.35 -0.25 -1.85
v -1.45 -0.25 -1.95
v -1.35 -0.25 -1.95
v -1.35 -0.25 -2.15
v -1.25 -0.25 -2.15
v -1.35 -0.25 -2.25
v -1.25 -0.25 -2.25
v -1.15 -0.25 -2.45
v -1.05 -0.25 -2.45
v -1.15 -0.25 -2.55
v -1.05 -0.25 -2.55
v 1.45 -0.15 -1.35
v 1.55 -0.15 -1.35
v 1.45 -0.15 -1.45
v 1.55 -0.15 -1.45
v -1.25 -0.15 -2.35
v -1.15 -0.15 -2.35
v -1.25 -0.15 -2.45
v -1.15 -0.15 -2.45
v -1.15 -0.05 -2.55
v -1.05 -0.05 -2.55
v -1.25 -0.05 -2.65
v -1.15 -0.05 -2.65
v -1.05 -0.05 -2.65
v -1.35 -0.05 -2.75
v -1.25 -0.05 -2.75
v -1.15 -0.05 -2.75
v -1.35 -0.05 -2.85
v -1.25 -0.05 -2.85
v -1.55 0.05 2.25
v -1.45 0.05 2.25
v -1.55 0.05 2.15
v -1.45 0.05 2.15
v -1.55 0.05 0.45
v -1.45 0.05 0.45
v 1.45 0.05 0.45
v 1.55 0.05 0.45
v -1.55 0.05 0.35
v -1.45 0.05 0.35
v 1.45 0.05 0.35
v 1.55 0.05 0.35
v -1.25 0.05 -2.45
v -1.15 0.05 -2.45
v -1.35 0.05 -2.65
v -1.25 0.05 -2.65
v -1.15 0.05 -2.65
v -1.45 0.05 -2.75
v -1.35 0.05 -2.75
v -1.25 0.05 -2.75
v -1.45 0.05 -2.95
v -1.35 0.05 -2.95
v -1.55 0.05 -3.05
v -1.45 0.05 -3.05
v -1.55 0.05 -3.15
v -1.45 0.05 -3.15
v -1.75 0.15 2.75
v -1.65 0.15 2.75
v -1.75 0.15 2.65
v -1.65 0.15 2.65
v -1.65 0.15 2.45
v -1.55 0.15 2.45
v -1.45 0.15 2.45
v -1.35 0.15 2.45
v -1.65 0.15 2.35
v -1.55 0.15 2.35
v -1.45 0.15 2.35
v -1.35 0.15 2.35
v -1.65 0.15 2.05
v -1.55 0.15 2.05
v -1.65 0.15 1.95
v -1.55 0.15 1.95
v -1.75 0.15 1.75
v -1.65 0.15 1.75
v -1.75 0.15 1.65
v -1.65 0.15 1.65
v -1.75 0.15 0.95
v -1.65 0.15 0.95
v 1.65 0.15 0.95
v 1.75 0.15 0.95
v -1.75 0.15 0.85
v -1.65 0.15 0.85
v 1.65 0.15 0.85
v 1.75 0.15 0.85
v -1.65 0.15 0.65
v -1.55 0.15 0.65
v 1.55 0.15 0.65
v 1.65 0.15 0.65
v -1.65 0.15 0.55
v -1.55 0.15 0.55
v 1.55 0.15 0.55
v 1.65 0.15 0.55
v -1.65 0.15 0.25
v -1.55 0.15 0.25
v 1.55 0.15 0.25
v 1.65 0.15 0.25
v -1.65 0.15 0.15
v -1.55 0.15 0.15
v 1.55 0.15 0.15
v 1.65 0.15 0.15
v -1.75 0.15 -0.05
v -1.65 0.15 -0.05
v 1.65 0.15 -0.05
v 1.75 0.15 -0.05
v -1.75 0.15 -0.15
v -1.65 0.15 -0.15
v 1.65 0.15 -0.15
v 1.75 0.15 -0.15
v -1.75 0.15 -0.85
v -1.65 0.15 -0.85
v 1.65 0.15 -0.85
v 1.75 0.15 -0.85
v -1.75 0.15 -0.95
v -1.65 0.15 -0.95
v 1.65 0.15 -0.95
v 1.75 0.15 -0.95
v -1.65 0.15 -1.15
v -1.55 0.15 -1.15
v 1.55 0.15 -1.15
v 1.65 0.15 -1.15
v -1.65 0.15 -1.25
v -1.55 0.15 -1.25
v 1.55 0.15 -1.25
v 1.65 0.15 -1.25
v -1.65 0.15 -1.55
v -1.55 0.15 -1.55
v -1.65 0.15 -1.65
v -1.55 0.15 -1.65
v -1.75 0.15 -1.85
v -1.65 0.15 -1.85
v -1.75 0.15 -1.95
v -1.65 0.15 -1.95
v -1.35 0.15 -2.55
v -1.25 0.15 -2.55
v -1.75 0.15 -2.65
v -1.65 0.15 -2.65
v -1.45 0.15 -2.65
v -1.35 0.15 -2.65
v -1.25 0.15 -2.65
v -1.75 0.15 -2.75
v -1.65 0.15 -2.75
v -1.45 0.15 -2.75
v -1.35 0.15 -2.75
v -1.55 0.15 -2.85
v -1.45 0.15 -2.85
v -1.65 0.15 -2.95
v -1.55 0.15 -2.95
v -1.65 0.15 -3.05
v -1.45 0.15 -3.05
v -1.75 0.25 2.85
v -1.65 0.25 2.85
v -1.75 0.25 2.75
v -1.65 0.25 2.75
v -1.55 0.25 2.75
v -1.45 0.25 2.75
v -1.55 0.25 2.45
v -1.55 0.25 2.35
v -1.45 0.25 2.35
v -1.35 0.25 2.35
v -1.55 0.25 2.25
v -1.45 0.25 2.25
v -1.45 0.25 2.15
v -1.35 0.25 2.15
v -1.75 0.25 1.65
v -1.65 0.25 1.65
v -1.75 0.25 1.55
v -1.65 0.25 1.55
v -1.75 0.25 1.05
v -1.65 0.25 1.05
v 1.65 0.25 1.05
v 1.75 0.25 1.05
v -1.75 0.25 0.95
v -1.65 0.25 0.95
v 1.65 0.25 0.95
v 1.75 0.25 0.95
v -1.75 0.25 -0.15
v -1.65 0.25 -0.15
v 1.65 0.25 -0.15
v 1.75 0.25 -0.15
v -1.75 0.25 -0.25
v -1.65 0.25 -0.25
v 1.65 0.25 -0.25
v 1.75 0.25 -0.25
v -1.75 0.25 -0.75
v -1.65 0.25 -0.75
v 1.65 0.25 -0.75
v 1.75 0.25 -0.75
v -1.75 0.25 -0.85
v -1.65 0.25 -0.85
v 1.65 0.25 -0.85
v 1.75 0.25 -0.85
v -1.75 0.25 -1.95
v -1.65 0.25 -1.95
v -1.75 0.25 -2.05
v -1.65 0.25 -2.05
v -1.35 0.25 -2.35
v -1.25 0.25 -2.35
v -1.15 0.25 -2.35
v -1.25 0.25 -2.45
v -1.15 0.25 -2.45
v -1.75 0.25 -2.55
v -1.65 0.25 -2.55
v -1.45 0.25 -2.55
v -1.35 0.25 -2.55
v -1.25 0.25 -2.55
v -1.75 0.25 -2.65
v -1.65 0.25 -2.65
v -1.55 0.25 -2.65
v -1.45 0.25 -2.65
v -1.35 0.25 -2.65
v -1.55 0.25 -2.85
v -1.45 0.25 -2.85
v -1.75 0.35 2.95
v -1.65 0.35 2.95
v -1.75 0.35 2.85
v -1.65 0.35 2.85
v -1.55 0.35 2.85
v -1.65 0.35 2.45
v -1.55 0.35 2.45
v -1.55 0.35 2.15
v -1.45 0.35 2.15
v -1.55 0.35 2.05
v -1.45 0.35 2.05
v -1.65 0.35 1.95
v -1.55 0.35 1.95
v -1.65 0.35 1.85
v -1.55 0.35 1.85
v -1.75 0.35 1.55
v -1.65 0.35 1.55
v -1.75 0.35 1.45
v -1.65 0.35 1.45
v -1.75 0.35 1.15
v -1.65 0.35 1.15
v 1.65 0.35 1.15
v 1.75 0.35 1.15
v -1.75 0.35 1.05
v -1.65 0.35 1.05
v 1.65 0.35 1.05
v 1.75 0.35 1.05
v -1.65 0.35 0.75
v -1.55 0.35 0.75
v 1.55 0.35 0.75
v 1.65 0.35 0.75
v -1.65 0.35 0.65
v -1.55 0.35 0.65
v 1.55 0.35 0.65
v 1.65 0.35 0.65
v -1.65 0.35 0.15
v -1.55 0.35 0.15
v 1.55 0.35 0.15
v 1.65 0.35 0.15
v -1.65 0.35 0.05
v -1.55 0.35 0.05
v 1.55 0.35 0.05
v 1.65 0.35 0.05
v -1.75 0.35 -0.25
v -1.65 0.35 -0.25
v 1.65 0.35 -0.25
v 1.75 0.35 -0.25
v -1.75 0.35 -0.35
v -1.65 0.35 -0.35
v 1.65 0.35 -0.35
v 1.75 0.35 -0.35
v -1.75 0.35 -0.65
v -1.65 0.35 -0.65
v 1.65 0.35 -0.65
v 1.75 0.35 -0.65
v -1.75 0.35 -0.75
v -1.65 0.35 -0.75
v 1.65 0.35 -0.75
v 1.75 0.35 -0.75
v -1.65 0.35 -1.05
v -1.55 0.35 -1.05
v 1.55 0.35 -1.05
v 1.65 0.35 -1.05
v -1.65 0.35 -1.15
v -1.55 0.35 -1.15
v 1.55 0.35 -1.15
v 1.65 0.35 -1.15
v -1.55 0.35 -1.35
v -1.45 0.35 -1.35
v -1.55 0.35 -1.45
v -1.45 0.35 -1.45
v -1.65 0.35 -1.65
v -1.55 0.35 -1.65
v -1.65 0.35 -1.75
v -1.55 0.35 -1.75
v -1.75 0.35 -2.05
v -1.65 0.35 -2.05
v -1.75 0.35 -2.15
v -1.65 0.35 -2.15
v -1.75 0.35 -2.45
v -1.65 0.35 -2.45
v -1.45 0.35 -2.45
v -1.35 0.35 -2.45
v -1.75 0.35 -2.55
v -1.65 0.35 -2.55
v -1.55 0.35 -2.55
v -1.45 0.35 -2.55
v -1.35 0.35 -2.55
v -1.55 0.35 -2.65
v -1.45 0.35 -2.65
v -1.65 0.35 -2.75
v -1.55 0.35 -2.75
v -1.65 0.35 -2.95
v -1.55 0.35 -2.95
v -1.75 0.45 3.15
v -1.65 0.45 3.15
v -1.55 0.45 3.15
v -1.45 0.45 3.15
v -1.75 0.45 3.05
v -1.65 0.45 3.05
v -1.55 0.45 3.05
v -1.45 0.45 3.05
v -1.75 0.45 2.95
v -1.65 0.45 2.95
v -1.65 0.45 2.85
v -1.55 0.45 2.85
v -1.55 0.45 2.05
v -1.45 0.45 2.05
v -1.55 0.45 1.95
v -1.45 0.45 1.95
v -1.75 0.45 1.45
v -1.65 0.45 1.45
v -1.75 0.45 1.15
v -1.65 0.45 1.15
v -1.55 0.45 0.55
v -1.45 0.45 0.55
v 1.45 0.45 0.55
v 1.55 0.45 0.55
v -1.55 0.45 0.45
v -1.45 0.45 0.45
v 1.45 0.45 0.45
v 1.55 0.45 0.45
v -1.55 0.45 0.35
v -1.45 0.45 0.35
v 1.45 0.45 0.35
v 1.55 0.45 0.35
v -1.55 0.45 0.25
v -1.45 0.45 0.25
v 1.45 0.45 0.25
v 1.55 0.45 0.25
v -1.75 0.45 -0.35
v -1.65 0.45 -0.35
v 1.65 0.45 -0.35
v 1.75 0.45 -0.35
v -1.75 0.45 -0.65
v -1.65 0.45 -0.65
v 1.65 0.45 -0.65
v 1.75 0.45 -0.65
v -1.55 0.45 -1.25
v -1.45 0.45 -1.25
v 1.45 0.45 -1.25
v 1.55 0.45 -1.25
v -1.55 0.45 -1.35
v -1.45 0.45 -1.35
v 1.45 0.45 -1.35
v 1.55 0.45 -1.35
v -1.55 0.45 -1.45
v -1.45 0.45 -1.45
v -1.55 0.45 -1.55
v -1.45 0.45 -1.55
v -1.75 0.45 -2.15
v -1.65 0.45 -2.15
v -1.35 0.45 -2.25
v -1.25 0.45 -2.25
v -1.45 0.45 -2.35
v -1.35 0.45 -2.35
v -1.25 0.45 -2.35
v -1.75 0.45 -2.45
v -1.65 0.45 -2.45
v -1.55 0.45 -2.45
v -1.45 0.45 -2.45
v -1.35 0.45 -2.45
v -1.55 0.45 -2.55
v -1.45 0.45 -2.55
v -1.65 0.45 -2.65
v -1.55 0.45 -2.65
v -1.65 0.45 -2.75
v -1.55 0.45 -2.75
v -1.65 0.55 3.15
v -1.55 0.55 3.15
v -1.65 0.55 3.05
v -1.55 0.55 3.05
v -1.55 0.55 1.95
v -1.45 0.55 1.95
v -1.65 0.55 1.85
v -1.55 0.55 1.85
v -1.45 0.55 1.85
v -1.65 0.55 1.65
v -1.55 0.55 1.65
v -1.65 0.55 0.95
v -1.55 0.55 0.95
v 1.55 0.55 0.95
v 1.65 0.55 0.95
v -1.65 0.55 0.75
v -1.55 0.55 0.75
v 1.55 0.55 0.75
v 1.65 0.55 0.75
v -1.55 0.55 0.65
v -1.45 0.55 0.65
v 1.45 0.55 0.65
v 1.55 0.55 0.65
v -1.55 0.55 0.55
v -1.45 0.55 0.55
v 1.45 0.55 0.55
v 1.55 0.55 0.55
v -1.45 0.55 0.45
v -1.35 0.55 0.45
v 1.35 0.55 0.45
v 1.45 0.55 0.45
v -1.45 0.55 0.35
v -1.35 0.55 0.35
v 1.35 0.55 0.35
v 1.45 0.55 0.35
v -1.55 0.55 0.25
v -1.45 0.55 0.25
v 1.45 0.55 0.25
v 1.55 0.55 0.25
v -1.55 0.55 0.15
v -1.45 0.55 0.15
v 1.45 0.55 0.15
v 1.55 0.55 0.15
v -1.65 0.55 0.05
v -1.55 0.55 0.05
v 1.55 0.55 0.05
v 1.65 0.55 0.05
v -1.65 0.55 -0.15
v -1.55 0.55 -0.15
v 1.55 0.55 -0.15
v 1.65 0.55 -0.15
v -1.65 0.55 -0.85
v -1.55 0.55 -0.85
v 1.55 0.55 -0.85
v 1.65 0.55 -0.85
v -1.65 0.55 -1.05
v -1.55 0.55 -1.05
v 1.55 0.55 -1.05
v 1.65 0.55 -1.05
v -1.55 0.55 -1.15
v -1.45 0.55 -1.15
v 1.45 0.55 -1.15
v 1.55 0.55 -1.15
v -1.55 0.55 -1.25
v -1.45 0.55 -1.25
v 1.45 0.55 -1.25
v 1.55 0.55 -1.25
v -1.55 0.55 -1.55
v -1.45 0.55 -1.55
v -1.55 0.55 -1.65
v -1.45 0.55 -1.65
v -1.65 0.55 -1.75
v -1.55 0.55 -1.75
v -1.65 0.55 -1.95
v -1.55 0.55 -1.95
v -1.35 0.55 -2.15
v -1.25 0.55 -2.15
v -1.45 0.55 -2.25
v -1.35 0.55 -2.25
v -1.25 0.55 -2.25
v -1.55 0.55 -2.35
v -1.45 0.55 -2.35
v -1.35 0.55 -2.35
v -1.55 0.55 -2.45
v -1.45 0.55 -2.45
v -1.65 0.55 -2.55
v -1.55 0.55 -2.55
v -1.65 0.55 -2.65
v -1.55 0.55 -2.65
v -1.55 0.65 1.85
v -1.45 0.65 1.85
v -1.55 0.65 1.75
v -1.45 0.65 1.75
v -1.65 0.65 1.65
v -1.55 0.65 1.65
v -1.65 0.65 1.45
v -1.55 0.65 1.45
v -1.65 0.65 1.15
v -1.55 0.65 1.15
v 1.55 0.65 1.15
v 1.65 0.65 1.15
v -1.65 0.65 0.95
v -1.55 0.65 0.95
v 1.55 0.65 0.95
v 1.65 0.65 0.95
v -1.55 0.65 0.75
v -1.45 0.65 0.75
v 1.45 0.65 0.75
v 1.55 0.65 0.75
v -1.55 0.65 0.65
v -1.45 0.65 0.65
v 1.45 0.65 0.65
v 1.55 0.65 0.65
v -1.45 0.65 0.55
v -1.35 0.65 0.55
v 1.35 0.65 0.55
v 1.45 0.65 0.55
v -1.45 0.65 0.45
v -1.35 0.65 0.45
v 1.35 0.65 0.45
v 1.45 0.65 0.45
v -1.45 0.65 0.35
v -1.35 0.65 0.35
v 1.35 0.65 0.35
v 1.45 0.65 0.35
v -1.45 0.65 0.25
v -1.35 0.65 0.25
v 1.35 0.65 0.25
v 1.45 0.65 0.25
v -1.55 0.65 0.15
v -1.45 0.65 0.15
v 1.45 0.65 0.15
v 1.55 0.65 0.15
v -1.55 0.65 0.05
v -1.45 0.65 0.05
v 1.45 0.65 0.05
v 1.55 0.65 0.05
v -1.65 0.65 -0.15
v -1.55 0.65 -0.15
v 1.55 0.65 -0.15
v 1.65 0.65 -0.15
v -1.65 0.65 -0.35
v -1.55 0.65 -0.35
v 1.55 0.65 -0.35
v 1.65 0.65 -0.35
v -1.65 0.65 -0.65
v -1.55 0.65 -0.65
v 1.55 0.65 -0.65
v 1.65 0.65 -0.65
v -1.65 0.65 -0.85
v -1.55 0.65 -0.85
v 1.55 0.65 -0.85
v 1.65 0.65 -0.85
v -1.55 0.65 -1.05
v -1.45 0.65 -1.05
v 1.45 0.65 -1.05
v 1.55 0.65 -1.05
v -1.55 0.65 -1.15
v -1.45 0.65 -1.15
v 1.45 0.65 -1.15
v 1.55 0.65 -1.15
v -1.45 0.65 -1.25
v -1.35 0.65 -1.25
v 1.35 0.65 -1.25
v 1.45 0.65 -1.25
v 1.35 0.65 -1.35
v 1.45 0.65 -1.35
v -1.45 0.65 -1.55
v -1.35 0.65 -1.55
v -1.55 0.65 -1.65
v -1.45 0.65 -1.65
v -1.55 0.65 -1.75
v -1.45 0.65 -1.75
v -1.65 0.65 -1.95
v -1.55 0.65 -1.95
v -1.65 0.65 -2.15
v -1.55 0.65 -2.15
v -1.65 0.65 -2.45
v -1.55 0.65 -2.45
v -1.65 0.65 -2.55
v -1.55 0.65 -2.55
v -1.55 0.75 1.75
v -1.45 0.75 1.75
v -1.55 0.75 1.65
v -1.45 0.75 1.65
v -1.35 0.75 1.65
v -1.45 0.75 1.55
v -1.35 0.75 1.55
v -1.65 0.75 1.45
v -1.55 0.75 1.45
v -1.65 0.75 1.15
v -1.55 0.75 1.15
v -1.55 0.75 0.85
v -1.45 0.75 0.85
v 1.45 0.75 0.85
v 1.55 0.75 0.85
v -1.55 0.75 0.75
v -1.45 0.75 0.75
v 1.45 0.75 0.75
v 1.55 0.75 0.75
v -1.45 0.75 0.65
v -1.35 0.75 0.65
v 1.35 0.75 0.65
v 1.45 0.75 0.65
v -1.45 0.75 0.55
v -1.35 0.75 0.55
v 1.35 0.75 0.55
v 1.45 0.75 0.55
v -1.35 0.75 0.45
v -1.25 0.75 0.45
v 1.25 0.75 0.45
v 1.35 0.75 0.45
v -1.35 0.75 0.35
v -1.25 0.75 0.35
v 1.25 0.75 0.35
v 1.35 0.75 0.35
v -1.45 0.75 0.25
v -1.35 0.75 0.25
v 1.35 0.75 0.25
v 1.45 0.75 0.25
v -1.45 0.75 0.15
v -1.35 0.75 0.15
v 1.35 0.75 0.15
v 1.45 0.75 0.15
v -1.55 0.75 0.05
v -1.45 0.75 0.05
v 1.45 0.75 0.05
v 1.55 0.75 0.05
v -1.55 0.75 -0.05
v -1.45 0.75 -0.05
v 1.45 0.75 -0.05
v 1.55 0.75 -0.05
v -1.65 0.75 -0.35
v -1.55 0.75 -0.35
v 1.55 0.75 -0.35
v 1.65 0.75 -0.35
v -1.65 0.75 -0.65
v -1.55 0.75 -0.65
v 1.55 0.75 -0.65
v 1.65 0.75 -0.65
v -1.55 0.75 -0.95
v -1.45 0.75 -0.95
v 1.45 0.75 -0.95
v 1.55 0.75 -0.95
v -1.55 0.75 -1.05
v -1.45 0.75 -1.05
v 1.45 0.75 -1.05
v 1.55 0.75 -1.05
v -1.45 0.75 -1.15
v -1.35 0.75 -1.15
v 1.35 0.75 -1.15
v 1.45 0.75 -1.15
v -1.45 0.75 -1.25
v -1.35 0.75 -1.25
v 1.35 0.75 -1.25
v 1.45 0.75 -1.25
v -1.35 0.75 -1.35
v -1.25 0.75 -1.35
v -1.35 0.75 -1.45
v -1.25 0.75 -1.45
v -1.45 0.75 -1.55
v -1.35 0.75 -1.55
v -1.45 0.75 -1.65
v -1.35 0.75 -1.65
v -1.55 0.75 -1.75
v -1.45 0.75 -1.75
v -1.55 0.75 -1.85
v -1.45 0.75 -1.85
v -1.65 0.75 -2.15
v -1.55 0.75 -2.15
v -1.45 0.75 -2.15
v -1.35 0.75 -2.15
v -1.55 0.75 -2.25
v -1.45 0.75 -2.25
v -1.35 0.75 -2.25
v -1.55 0.75 -2.35
v -1.45 0.75 -2.35
v -1.65 0.75 -2.45
v -1.55 0.75 -2.45
v -1.55 0.85 1.65
v -1.45 0.85 1.65
v -1.45 0.85 1.55
v -1.55 0.85 1.35
v -1.45 0.85 1.35
v -1.55 0.85 1.25
v -1.45 0.85 1.25
v 1.45 0.85 1.15
v 1.55 0.85 1.15
v -1.55 0.85 0.85
v -1.45 0.85 0.85
v 1.45 0.85 0.85
v 1.55 0.85 0.85
v -1.45 0.85 0.75
v -1.35 0.85 0.75
v 1.35 0.85 0.75
v 1.45 0.85 0.75
v -1.45 0.85 0.65
v -1.35 0.85 0.65
v 1.35 0.85 0.65
v 1.45 0.85 0.65
v -1.35 0.85 0.55
v -1.25 0.85 0.55
v 1.25 0.85 0.55
v 1.35 0.85 0.55
v -1.35 0.85 0.45
v -1.25 0.85 0.45
v 1.25 0.85 0.45
v 1.35 0.85 0.45
v -1.35 0.85 0.35
v -1.25 0.85 0.35
v 1.25 0.85 0.35
v 1.35 0.85 0.35
v -1.35 0.85 0.25
v -1.25 0.85 0.25
v 1.25 0.85 0.25
v 1.35 0.85 0.25
v -1.45 0.85 0.15
v -1.35 0.85 0.15
v 1.35 0.85 0.15
v 1.45 0.85 0.15
v -1.45 0.85 0.05
v -1.35 0.85 0.05
v 1.35 0.85 0.05
v 1.45 0.85 0.05
v -1.55 0.85 -0.05
v -1.45 0.85 -0.05
v 1.45 0.85 -0.05
v 1.55 0.85 -0.05
v -1.55 0.85 -0.45
v -1.45 0.85 -0.45
v 1.45 0.85 -0.45
v 1.55 0.85 -0.45
v -1.55 0.85 -0.55
v -1.45 0.85 -0.55
v 1.45 0.85 -0.55
v 1.55 0.85 -0.55
v -1.55 0.85 -0.95
v -1.45 0.85 -0.95
v 1.45 0.85 -0.95
v 1.55 0.85 -0.95
v -1.45 0.85 -1.05
v -1.35 0.85 -1.05
v 1.35 0.85 -1.05
v 1.45 0.85 -1.05
v -1.45 0.85 -1.15
v -1.35 0.85 -1.15
v 1.35 0.85 -1.15
v 1.45 0.85 -1.15
v -1.35 0.85 -1.25
v -1.25 0.85 -1.25
v 1.25 0.85 -1.25
v 1.35 0.85 -1.25
v -1.35 0.85 -1.35
v -1.25 0.85 -1.35
v 1.25 0.85 -1.35
v 1.35 0.85 -1.35
v -1.35 0.85 -1.45
v -1.25 0.85 -1.45
v -1.35 0.85 -1.55
v -1.25 0.85 -1.55
v -1.45 0.85 -1.65
v -1.35 0.85 -1.65
v -1.45 0.85 -1.75
v -1.35 0.85 -1.75
v -1.55 0.85 -1.85
v -1.45 0.85 -1.85
v -1.35 0.85 -2.05
v -1.25 0.85 -2.05
v -1.45 0.85 -2.15
v -1.35 0.85 -2.15
v -1.25 0.85 -2.15
v -1.55 0.85 -2.25
v -1.45 0.85 -2.25
v -1.55 0.95 1.35
v -1.45 0.95 1.35
v -1.55 0.95 1.25
v -1.45 0.95 1.25
v -1.45 0.95 0.95
v -1.35 0.95 0.95
v 1.35 0.95 0.95
v 1.45 0.95 0.95
v -1.45 0.95 0.75
v -1.35 0.95 0.75
v 1.35 0.95 0.75
v 1.45 0.95 0.75
v -1.35 0.95 0.65
v -1.25 0.95 0.65
v 1.25 0.95 0.65
v 1.35 0.95 0.65
v -1.35 0.95 0.55
v -1.25 0.95 0.55
v -1.15 0.95 0.55
v 1.15 0.95 0.55
v 1.25 0.95 0.55
v 1.35 0.95 0.55
v -1.35 0.95 0.25
v -1.25 0.95 0.25
v -1.15 0.95 0.25
v 1.15 0.95 0.25
v 1.25 0.95 0.25
v 1.35 0.95 0.25
v -1.35 0.95 0.15
v -1.25 0.95 0.15
v 1.25 0.95 0.15
v 1.35 0.95 0.15
v -1.45 0.95 0.05
v -1.35 0.95 0.05
v 1.35 0.95 0.05
v 1.45 0.95 0.05
v -1.45 0.95 -0.15
v -1.35 0.95 -0.15
v 1.35 0.95 -0.15
v 1.45 0.95 -0.15
v -1.55 0.95 -0.45
v -1.45 0.95 -0.45
v 1.45 0.95 -0.45
v 1.55 0.95 -0.45
v -1.55 0.95 -0.55
v -1.45 0.95 -0.55
v 1.45 0.95 -0.55
v 1.55 0.95 -0.55
v -1.45 0.95 -0.85
v -1.35 0.95 -0.85
v 1.35 0.95 -0.85
v 1.45 0.95 -0.85
v -1.45 0.95 -1.05
v -1.35 0.95 -1.05
v 1.35 0.95 -1.05
v 1.45 0.95 -1.05
v -1.35 0.95 -1.15
v -1.25 0.95 -1.15
v 1.25 0.95 -1.15
v 1.35 0.95 -1.15
v -1.35 0.95 -1.25
v -1.25 0.95 -1.25
v -1.15 0.95 -1.25
v 1.15 0.95 -1.25
v 1.25 0.95 -1.25
v 1.35 0.95 -1.25
v 1.15 0.95 -1.35
v 1.25 0.95 -1.35
v -1.35 0.95 -1.55
v -1.25 0.95 -1.55
v -1.15 0.95 -1.55
v -1.35 0.95 -1.65
v -1.25 0.95 -1.65
v -1.45 0.95 -1.75
v -1.35 0.95 -1.75
v -1.45 0.95 -1.95
v -1.35 0.95 -1.95
v -1.45 1.05 1.55
v -1.35 1.05 1.55
v -1.35 1.05 1.45
v 1.35 1.05 1.25
v 1.45 1.05 1.25
v -1.45 1.05 0.95
v -1.35 1.05 0.95
v 1.35 1.05 0.95
v 1.45 1.05 0.95
v -1.35 1.05 0.85
v -1.25 1.05 0.85
v 1.25 1.05 0.85
v 1.35 1.05 0.85
v -1.35 1.05 0.65
v -1.25 1.05 0.65
v -1.15 1.05 0.65
v 1.15 1.05 0.65
v 1.25 1.05 0.65
v 1.35 1.05 0.65
v -1.25 1.05 0.55
v -1.15 1.05 0.55
v 1.15 1.05 0.55
v 1.25 1.05 0.55
v -1.15 1.05 0.45
v -1.05 1.05 0.45
v 1.05 1.05 0.45
v 1.15 1.05 0.45
v -1.15 1.05 0.35
v -1.05 1.05 0.35
v 1.05 1.05 0.35
v 1.15 1.05 0.35
v -1.25 1.05 0.25
v -1.15 1.05 0.25
v 1.15 1.05 0.25
v 1.25 1.05 0.25
v -1.35 1.05 0.15
v -1.25 1.05 0.15
v -1.15 1.05 0.15
v 1.15 1.05 0.15
v 1.25 1.05 0.15
v 1.35 1.05 0.15
v -1.35 1.05 -0.05
v -1.25 1.05 -0.05
v 1.25 1.05 -0.05
v 1.35 1.05 -0.05
v -1.45 1.05 -0.15
v -1.35 1.05 -0.15
v 1.35 1.05 -0.15
v 1.45 1.05 -0.15
v -1.45 1.05 -0.85
v -1.35 1.05 -0.85
v 1.35 1.05 -0.85
v 1.45 1.05 -0.85
v -1.35 1.05 -0.95
v -1.25 1.05 -0.95
v 1.25 1.05 -0.95
v 1.35 1.05 -0.95
v 0.95 1.05 -1.05
v 1.05 1.05 -1.05
v -1.35 1.05 -1.15
v -1.25 1.05 -1.15
v -1.15 1.05 -1.15
v 0.95 1.05 -1.15
v 1.05 1.05 -1.15
v 1.25 1.05 -1.15
v 1.35 1.05 -1.15
v -1.25 1.05 -1.25
v -1.15 1.05 -1.25
v 1.05 1.05 -1.25
v 1.25 1.05 -1.25
v -1.15 1.05 -1.35
v -1.05 1.05 -1.35
v -1.15 1.05 -1.45
v -1.05 1.05 -1.45
v -1.25 1.05 -1.55
v -1.15 1.05 -1.55
v -1.35 1.05 -1.65
v -1.25 1.05 -1.65
v -1.15 1.05 -1.65
v -1.35 1.05 -1.85
v -1.25 1.05 -1.85
v -1.45 1.05 -1.95
v -1.35 1.05 -1.95
v -1.35 1.05 -2.05
v -1.45 1.05 -2.15
v -1.35 1.05 -2.15
v -1.35 1.15 1.45
v -1.25 1.15 1.45
v -1.25 1.15 1.35
v 1.25 1.15 1.25
v 1.35 1.15 1.25
v -1.35 1.15 0.85
v -1.25 1.15 0.85
v -1.15 1.15 0.85
v 1.15 1.15 0.85
v 1.25 1.15 0.85
v 1.35 1.15 0.85
v -1.25 1.15 0.65
v -1.15 1.15 0.65
v -1.05 1.15 0.65
v 1.05 1.15 0.65
v 1.15 1.15 0.65
v 1.25 1.15 0.65
v -1.15 1.15 0.55
v -1.05 1.15 0.55
v -0.95 1.15 0.55
v 0.95 1.15 0.55
v 1.05 1.15 0.55
v 1.15 1.15 0.55
v -1.15 1.15 0.45
v -1.05 1.15 0.45
v 1.05 1.15 0.45
v 1.15 1.15 0.45
v -1.15 1.15 0.35
v -1.05 1.15 0.35
v 1.05 1.15 0.35
v 1.15 1.15 0.35
v -1.15 1.15 0.25
v -1.05 1.15 0.25
v -0.95 1.15 0.25
v 0.95 1.15 0.25
v 1.05 1.15 0.25
v 1.15 1.15 0.25
v -1.25 1.15 0.15
v -1.15 1.15 0.15
v -1.05 1.15 0.15
v 1.05 1.15 0.15
v 1.15 1.15 0.15
v 1.25 1.15 0.15
v -1.35 1.15 -0.05
v -1.25 1.15 -0.05
v -1.15 1.15 -0.05
v 1.15 1.15 -0.05
v 1.25 1.15 -0.05
v 1.35 1.15 -0.05
v 0.65 1.15 -0.85
v 0.75 1.15 -0.85
v -1.35 1.15 -0.95
v -1.25 1.15 -0.95
v -1.15 1.15 -0.95
v 0.65 1.15 -0.95
v 0.75 1.15 -0.95
v 0.85 1.15 -0.95
v 0.95 1.15 -0.95
v 1.15 1.15 -0.95
v 1.25 1.15 -0.95
v 1.35 1.15 -0.95
v 0.85 1.15 -1.05
v 0.95 1.15 -1.05
v 1.05 1.15 -1.05
v 1.15 1.15 -1.05
v -1.25 1.15 -1.15
v -1.15 1.15 -1.15
v -1.05 1.15 -1.15
v 1.05 1.15 -1.15
v 1.25 1.15 -1.15
v -1.15 1.15 -1.25
v -1.05 1.15 -1.25
v -0.95 1.15 -1.25
v -1.15 1.15 -1.35
v -1.05 1.15 -1.35
v -1.15 1.15 -1.45
v -1.05 1.15 -1.45
v -1.15 1.15 -1.55
v -1.05 1.15 -1.55
v -0.95 1.15 -1.55
v -1.25 1.15 -1.65
v -1.15 1.15 -1.65
v -1.05 1.15 -1.65
v -1.35 1.15 -1.85
v -1.25 1.15 -1.85
v -1.15 1.15 -1.85
v -1.35 1.15 -2.05
v -1.25 1.15 -2.05
v -1.25 1.25 1.35
v -1.15 1.25 1.35
v 1.15 1.25 1.35
v 1.25 1.25 1.35
v -1.25 1.25 0.85
v -1.15 1.25 0.85
v -1.05 1.25 0.85
v 1.05 1.25 0.85
v 1.15 1.25 0.85
v 1.25 1.25 0.85
v -1.15 1.25 0.65
v -1.05 1.25 0.65
v -0.95 1.25 0.65
v 0.95 1.25 0.65
v 1.05 1.25 0.65
v 1.15 1.25 0.65
v -1.05 1.25 0.55
v -0.95 1.25 0.55
v -0.85 1.25 0.55
v 0.85 1.25 0.55
v 0.95 1.25 0.55
v 1.05 1.25 0.55
v -0.85 1.25 0.45
v -0.75 1.25 0.45
v 0.75 1.25 0.45
v 0.85 1.25 0.45
v -0.85 1.25 0.35
v -0.75 1.25 0.35
v 0.75 1.25 0.35
v 0.85 1.25 0.35
v -1.05 1.25 0.25
v -0.95 1.25 0.25
v -0.85 1.25 0.25
v 0.85 1.25 0.25
v 0.95 1.25 0.25
v 1.05 1.25 0.25
v -1.15 1.25 0.15
v -1.05 1.25 0.15
v -0.95 1.25 0.15
v 0.95 1.25 0.15
v 1.05 1.25 0.15
v 1.15 1.25 0.15
v -1.25 1.25 -0.05
v -1.15 1.25 -0.05
v -1.05 1.25 -0.05
v 1.05 1.25 -0.05
v 1.15 1.25 -0.05
v 1.25 1.25 -0.05
v 0.75 1.25 -0.85
v 0.85 1.25 -0.85
v -1.25 1.25 -0.95
v -1.15 1.25 -0.95
v -1.05 1.25 -0.95
v 0.75 1.25 -0.95
v 0.85 1.25 -0.95
v 0.95 1.25 -0.95
v 1.15 1.25 -0.95
v 1.25 1.25 -0.95
v 0.95 1.25 -1.05
v 1.15 1.25 -1.05
v -1.15 1.25 -1.15
v -1.05 1.25 -1.15
v -0.95 1.25 -1.15
v -1.05 1.25 -1.25
v -0.95 1.25 -1.25
v -0.85 1.25 -1.25
v -0.85 1.25 -1.35
v -0.75 1.25 -1.35
v -0.85 1.25 -1.45
v -0.75 1.25 -1.45
v -1.05 1.25 -1.55
v -0.95 1.25 -1.55
v -0.85 1.25 -1.55
v -1.15 1.25 -1.65
v -1.05 1.25 -1.65
v -0.95 1.25 -1.65
v -1.25 1.25 -1.85
v -1.15 1.25 -1.85
v -1.05 1.25 -1.85
v -1.15 1.25 -1.95
v -1.25 1.25 -2.05
v -1.15 1.25 -2.05
v -1.15 1.35 1.35
v -1.05 1.35 1.35
v 1.05 1.35 1.35
v 1.15 1.35 1.35
v -1.05 1.35 0.95
v -0.95 1.35 0.95
v 0.95 1.35 0.95
v 1.05 1.35 0.95
v -1.15 1.35 0.85
v -1.05 1.35 0.85
v 1.05 1.35 0.85
v 1.15 1.35 0.85
v -0.95 1.35 0.75
v -0.85 1.35 0.75
v 0.85 1.35 0.75
v 0.95 1.35 0.75
v -1.05 1.35 0.65
v -0.95 1.35 0.65
v -0.85 1.35 0.65
v -0.75 1.35 0.65
v 0.75 1.35 0.65
v 0.85 1.35 0.65
v 0.95 1.35 0.65
v 1.05 1.35 0.65
v -0.95 1.35 0.55
v -0.85 1.35 0.55
v -0.75 1.35 0.55
v -0.65 1.35 0.55
v 0.65 1.35 0.55
v 0.75 1.35 0.55
v 0.85 1.35 0.55
v 0.95 1.35 0.55
v -0.85 1.35 0.45
v -0.75 1.35 0.45
v -0.65 1.35 0.45
v -0.55 1.35 0.45
v 0.55 1.35 0.45
v 0.65 1.35 0.45
v 0.75 1.35 0.45
v 0.85 1.35 0.45
v -0.85 1.35 0.35
v -0.75 1.35 0.35
v -0.65 1.35 0.35
v -0.55 1.35 0.35
v 0.55 1.35 0.35
v 0.65 1.35 0.35
v 0.75 1.35 0.35
v 0.85 1.35 0.35
v -0.95 1.35 0.25
v -0.85 1.35 0.25
v -0.75 1.35 0.25
v -0.65 1.35 0.25
v 0.65 1.35 0.25
v 0.75 1.35 0.25
v 0.85 1.35 0.25
v 0.95 1.35 0.25
v -1.05 1.35 0.15
v -0.95 1.35 0.15
v -0.85 1.35 0.15
v -0.75 1.35 0.15
v 0.75 1.35 0.15
v 0.85 1.35 0.15
v 0.95 1.35 0.15
v 1.05 1.35 0.15
v -0.95 1.35 0.05
v -0.85 1.35 0.05
v 0.85 1.35 0.05
v 0.95 1.35 0.05
v -1.15 1.35 -0.05
v -1.05 1.35 -0.05
v 1.05 1.35 -0.05
v 1.15 1.35 -0.05
v -1.05 1.35 -0.15
v -0.95 1.35 -0.15
v 0.95 1.35 -0.15
v 1.05 1.35 -0.15
v 0.05 1.35 -0.75
v 0.25 1.35 -0.75
v 0.45 1.35 -0.75
v 0.65 1.35 -0.75
v -1.05 1.35 -0.85
v -0.95 1.35 -0.85
v -0.25 1.35 -0.85
v -0.15 1.35 -0.85
v 0.05 1.35 -0.85
v 0.25 1.35 -0.85
v 0.45 1.35 -0.85
v 0.65 1.35 -0.85
v 0.85 1.35 -0.85
v 1.05 1.35 -0.85
v -1.15 1.35 -0.95
v -1.05 1.35 -0.95
v -0.25 1.35 -0.95
v -0.15 1.35 -0.95
v 0.85 1.35 -0.95
v 1.15 1.35 -0.95
v -0.95 1.35 -1.05
v -0.85 1.35 -1.05
v -0.55 1.35 -1.05
v -0.45 1.35 -1.05
v -1.05 1.35 -1.15
v -0.95 1.35 -1.15
v -0.85 1.35 -1.15
v -0.75 1.35 -1.15
v -0.65 1.35 -1.15
v -0.55 1.35 -1.15
v -0.45 1.35 -1.15
v -0.95 1.35 -1.25
v -0.85 1.35 -1.25
v -0.75 1.35 -1.25
v -0.65 1.35 -1.25
v -0.55 1.35 -1.25
v -0.85 1.35 -1.35
v -0.65 1.35 -1.35
v -0.85 1.35 -1.45
v -0.75 1.35 -1.45
v -0.95 1.35 -1.55
v -0.85 1.35 -1.55
v -0.75 1.35 -1.55
v -1.05 1.35 -1.65
v -0.95 1.35 -1.65
v -1.15 1.35 -1.85
v -1.05 1.35 -1.85
v -1.15 1.35 -1.95
v -0.85 1.35 -1.95
v -1.05 1.45 1.35
v -0.95 1.45 1.35
v 0.95 1.45 1.35
v 1.05 1.45 1.35
v -0.95 1.45 1.25
v -0.85 1.45 1.25
v 0.85 1.45 1.25
v 0.95 1.45 1.25
v -1.05 1.45 0.95
v -0.95 1.45 0.95
v 0.95 1.45 0.95
v 1.05 1.45 0.95
v -0.85 1.45 0.85
v -0.75 1.45 0.85
v 0.75 1.45 0.85
v 0.85 1.45 0.85
v -0.95 1.45 0.75
v -0.85 1.45 0.75
v -0.75 1.45 0.75
v -0.65 1.45 0.75
v 0.65 1.45 0.75
v 0.75 1.45 0.75
v 0.85 1.45 0.75
v 0.95 1.45 0.75
v -0.85 1.45 0.65
v -0.75 1.45 0.65
v -0.65 1.45 0.65
v -0.55 1.45 0.65
v 0.55 1.45 0.65
v 0.65 1.45 0.65
v 0.75 1.45 0.65
v 0.85 1.45 0.65
v -0.75 1.45 0.55
v -0.65 1.45 0.55
v -0.55 1.45 0.55
v -0.45 1.45 0.55
v 0.45 1.45 0.55
v 0.55 1.45 0.55
v 0.65 1.45 0.55
v 0.75 1.45 0.55
v -0.65 1.45 0.45
v -0.55 1.45 0.45
v -0.45 1.45 0.45
v -0.05 1.45 0.45
v 0.05 1.45 0.45
v 0.45 1.45 0.45
v 0.55 1.45 0.45
v 0.65 1.45 0.45
v -0.65 1.45 0.35
v -0.55 1.45 0.35
v -0.45 1.45 0.35
v -0.05 1.45 0.35
v 0.05 1.45 0.35
v 0.45 1.45 0.35
v 0.55 1.45 0.35
v 0.65 1.45 0.35
v -0.75 1.45 0.25
v -0.65 1.45 0.25
v -0.55 1.45 0.25
v -0.45 1.45 0.25
v 0.45 1.45 0.25
v 0.55 1.45 0.25
v 0.65 1.45 0.25
v 0.75 1.45 0.25
v -0.85 1.45 0.15
v -0.75 1.45 0.15
v -0.65 1.45 0.15
v -0.55 1.45 0.15
v 0.55 1.45 0.15
v 0.65 1.45 0.15
v 0.75 1.45 0.15
v 0.85 1.45 0.15
v -0.95 1.45 0.05
v -0.85 1.45 0.05
v -0.75 1.45 0.05
v -0.65 1.45 0.05
v 0.65 1.45 0.05
v 0.75 1.45 0.05
v 0.85 1.45 0.05
v 0.95 1.45 0.05
v -0.85 1.45 -0.05
v -0.75 1.45 -0.05
v 0.75 1.45 -0.05
v 0.85 1.45 -0.05
v -1.05 1.45 -0.15
v -0.95 1.45 -0.15
v 0.95 1.45 -0.15
v 1.05 1.45 -0.15
v -0.95 1.45 -0.45
v -0.85 1.45 -0.45
v 0.85 1.45 -0.45
v 0.95 1.45 -0.45
v -0.95 1.45 -0.55
v -0.85 1.45 -0.55
v 0.85 1.45 -0.55
v 0.95 1.45 -0.55
v -1.05 1.45 -0.85
v -0.95 1.45 -0.85
v 0.85 1.45 -0.85
v 1.05 1.45 -0.85
v -0.85 1.45 -0.95
v -0.75 1.45 -0.95
v -0.45 1.45 -0.95
v -0.35 1.45 -0.95
v -0.95 1.45 -1.05
v -0.85 1.45 -1.05
v -0.75 1.45 -1.05
v -0.65 1.45 -1.05
v -0.45 1.45 -1.05
v -0.35 1.45 -1.05
v -0.85 1.45 -1.15
v -0.75 1.45 -1.15
v -0.65 1.45 -1.15
v -0.75 1.45 -1.25
v -0.65 1.45 -1.25
v 0.75 1.55 1.45
v 0.85 1.55 1.45
v 0.85 1.55 1.35
v 0.95 1.55 1.35
v -0.85 1.55 1.25
v -0.75 1.55 1.25
v 0.85 1.55 1.25
v 0.95 1.55 1.25
v -0.75 1.55 1.15
v -0.65 1.55 1.15
v 0.65 1.55 1.15
v 0.75 1.55 1.15
v -0.65 1.55 0.95
v -0.55 1.55 0.95
v 0.55 1.55 0.95
v 0.65 1.55 0.95
v -0.85 1.55 0.85
v -0.75 1.55 0.85
v 0.75 1.55 0.85
v 0.85 1.55 0.85
v -0.75 1.55 0.75
v -0.65 1.55 0.75
v -0.55 1.55 0.75
v -0.35 1.55 0.75
v 0.35 1.55 0.75
v 0.55 1.55 0.75
v 0.65 1.55 0.75
v 0.75 1.55 0.75
v -0.65 1.55 0.65
v -0.55 1.55 0.65
v -0.35 1.55 0.65
v -0.15 1.55 0.65
v 0.15 1.55 0.65
v 0.35 1.55 0.65
v 0.55 1.55 0.65
v 0.65 1.55 0.65
v -0.55 1.55 0.55
v -0.45 1.55 0.55
v -0.15 1.55 0.55
v 0.15 1.55 0.55
v 0.45 1.55 0.55
v 0.55 1.55 0.55
v -0.45 1.55 0.45
v -0.05 1.55 0.45
v 0.05 1.55 0.45
v 0.45 1.55 0.45
v -0.45 1.55 0.35
v -0.05 1.55 0.35
v 0.05 1.55 0.35
v 0.45 1.55 0.35
v -0.55 1.55 0.25
v -0.45 1.55 0.25
v -0.15 1.55 0.25
v 0.15 1.55 0.25
v 0.45 1.55 0.25
v 0.55 1.55 0.25
v -0.65 1.55 0.15
v -0.55 1.55 0.15
v -0.35 1.55 0.15
v -0.15 1.55 0.15
v 0.15 1.55 0.15
v 0.35 1.55 0.15
v 0.55 1.55 0.15
v 0.65 1.55 0.15
v -0.75 1.55 0.05
v -0.65 1.55 0.05
v -0.55 1.55 0.05
v -0.35 1.55 0.05
v 0.35 1.55 0.05
v 0.55 1.55 0.05
v 0.65 1.55 0.05
v 0.75 1.55 0.05
v -0.85 1.55 -0.05
v -0.75 1.55 -0.05
v 0.75 1.55 -0.05
v 0.85 1.55 -0.05
v -0.65 1.55 -0.15
v -0.55 1.55 -0.15
v 0.55 1.55 -0.15
v 0.65 1.55 -0.15
v -0.75 1.55 -0.35
v -0.65 1.55 -0.35
v 0.65 1.55 -0.35
v 0.75 1.55 -0.35
v -0.95 1.55 -0.45
v -0.85 1.55 -0.45
v 0.85 1.55 -0.45
v 0.95 1.55 -0.45
v -0.95 1.55 -0.55
v -0.85 1.55 -0.55
v 0.85 1.55 -0.55
v 0.95 1.55 -0.55
v -0.75 1.55 -0.65
v -0.65 1.55 -0.65
v 0.65 1.55 -0.65
v 0.75 1.55 -0.65
v -0.05 1.55 -0.75
v 0.05 1.55 -0.75
v 0.65 1.55 -0.75
v -0.65 1.55 -0.85
v -0.55 1.55 -0.85
v -0.05 1.55 -0.85
v 0.05 1.55 -0.85
v 0.65 1.55 -0.85
v 0.85 1.55 -0.85
v -0.85 1.55 -0.95
v -0.75 1.55 -0.95
v -0.75 1.55 -1.05
v -0.65 1.55 -1.05
v -0.55 1.55 -1.05
v -0.65 1.55 -1.15
v -0.55 1.55 -1.15
v 0.25 1.65 1.65
v 0.35 1.65 1.65
v 0.25 1.65 1.55
v 0.35 1.65 1.55
v 0.65 1.65 1.55
v 0.35 1.65 1.45
v 0.45 1.65 1.45
v 0.65 1.65 1.45
v 0.75 1.65 1.45
v -0.55 1.65 1.35
v -0.45 1.65 1.35
v -0.75 1.65 1.25
v -0.55 1.65 1.25
v -0.75 1.65 1.15
v -0.65 1.65 1.15
v -0.45 1.65 1.15
v -0.35 1.65 1.15
v 0.35 1.65 1.15
v 0.45 1.65 1.15
v 0.65 1.65 1.15
v 0.75 1.65 1.15
v -0.35 1.65 1.05
v -0.25 1.65 1.05
v 0.25 1.65 1.05
v 0.35 1.65 1.05
v -0.65 1.65 0.95
v -0.55 1.65 0.95
v -0.25 1.65 0.95
v -0.15 1.65 0.95
v 0.15 1.65 0.95
v 0.25 1.65 0.95
v 0.55 1.65 0.95
v 0.65 1.65 0.95
v -0.15 1.65 0.85
v 0.15 1.65 0.85
v -0.55 1.65 0.75
v -0.35 1.65 0.75
v 0.35 1.65 0.75
v 0.55 1.65 0.75
v -0.35 1.65 0.65
v -0.15 1.65 0.65
v 0.15 1.65 0.65
v 0.35 1.65 0.65
v -0.15 1.65 0.55
v 0.15 1.65 0.55
v -0.15 1.65 0.25
v 0.15 1.65 0.25
v -0.35 1.65 0.15
v -0.15 1.65 0.15
v 0.15 1.65 0.15
v 0.35 1.65 0.15
v -0.55 1.65 0.05
v -0.35 1.65 0.05
v 0.35 1.65 0.05
v 0.55 1.65 0.05
v -0.15 1.65 -0.05
v 0.15 1.65 -0.05
v -0.65 1.65 -0.15
v -0.55 1.65 -0.15
v -0.25 1.65 -0.15
v -0.15 1.65 -0.15
v 0.15 1.65 -0.15
v 0.25 1.65 -0.15
v 0.55 1.65 -0.15
v 0.65 1.65 -0.15
v -0.35 1.65 -0.25
v -0.25 1.65 -0.25
v 0.25 1.65 -0.25
v 0.35 1.65 -0.25
v -0.75 1.65 -0.35
v -0.65 1.65 -0.35
v -0.45 1.65 -0.35
v -0.35 1.65 -0.35
v 0.35 1.65 -0.35
v 0.45 1.65 -0.35
v 0.65 1.65 -0.35
v 0.75 1.65 -0.35
v -0.75 1.65 -0.65
v -0.65 1.65 -0.65
v -0.45 1.65 -0.65
v -0.35 1.65 -0.65
v 0.35 1.65 -0.65
v 0.45 1.65 -0.65
v 0.65 1.65 -0.65
v 0.75 1.65 -0.65
v -0.35 1.65 -0.75
v -0.25 1.65 -0.75
v 0.35 1.65 -0.75
v 0.65 1.65 -0.75
v -0.65 1.65 -0.85
v -0.55 1.65 -0.85
v -0.25 1.65 -0.85
v -0.45 1.65 -0.95
v -0.25 1.65 -0.95
v -0.55 1.65 -1.05
v -0.45 1.65 -1.05
v 0.15 1.75 1.65
v 0.25 1.75 1.65
v -0.05 1.75 1.55
v 0.15 1.75 1.55
v 0.25 1.75 1.55
v 0.35 1.75 1.55
v -0.25 1.75 1.45
v -0.05 1.75 1.45
v 0.35 1.75 1.45
v 0.45 1.75 1.45
v -0.45 1.75 1.35
v -0.25 1.75 1.35
v -0.45 1.75 1.15
v -0.35 1.75 1.15
v 0.35 1.75 1.15
v 0.45 1.75 1.15
v -0.35 1.75 1.05
v -0.25 1.75 1.05
v 0.25 1.75 1.05
v 0.35 1.75 1.05
v -0.25 1.75 0.95
v -0.15 1.75 0.95
v 0.15 1.75 0.95
v 0.25 1.75 0.95
v -0.15 1.75 0.85
v 0.15 1.75 0.85
v -0.15 1.75 -0.05
v 0.15 1.75 -0.05
v -0.25 1.75 -0.15
v -0.15 1.75 -0.15
v 0.15 1.75 -0.15
v 0.25 1.75 -0.15
v -0.35 1.75 -0.25
v -0.25 1.75 -0.25
v 0.25 1.75 -0.25
v 0.35 1.75 -0.25
v -0.45 1.75 -0.35
v -0.35 1.75 -0.35
v 0.35 1.75 -0.35
v 0.45 1.75 -0.35
v -0.45 1.75 -0.65
v -0.35 1.75 -0.65
v 0.35 1.75 -0.65
v 0.45 1.75 -0.65
v -0.35 1.75 -0.75
v -0.25 1.75 -0.75
v -0.05 1.75 -0.75
v 0.35 1.75 -0.75
v -0.25 1.75 -0.85
v -0.05 1.75 -0.85

# faces
f 10/2/1 3/2/1 2/2/1
f 13/2/1 5/2/1 4/2/1
f 14/2/1 5/2/1 13/2/1
f 17/2/1 7/2/1 6/2/1
f 18/2/1 7/2/1 17/2/1
f 21/2/1 9/2/1 8/2/1
f 22/2/1 9/2/1 21/2/1
f 24/2/1 11/2/1 10/2/1
f 27/2/1 15/2/1 14/2/1
f 27/2/1 13/2/1 12/2/1
f 27/2/1 14/2/1 13/2/1
f 28/2/1 15/2/1 27/2/1
f 31/2/1 19/2/1 18/2/1
f 31/2/1 17/2/1 16/2/1
f 31/2/1 18/2/1 17/2/1
f 32/2/1 19/2/1 31/2/1
f 35/2/1 23/2/1 22/2/1
f 35/2/1 22/2/1 21/2/1
f 35/2/1 21/2/1 20/2/1
f 36/2/1 23/2/1 35/2/1
f 38/2/1 25/2/1 24/2/1
f 41/2/1 29/2/1 28/2/1
f 41/2/1 28/2/1 27/2/1
f 41/2/1 27/2/1 26/2/1
f 42/2/1 29/2/1 41/2/1
f 45/2/1 33/2/1 32/2/1
f 45/2/1 32/2/1 31/2/1
f 45/2/1 31/2/1 30/2/1
f 46/2/1 33/2/1 45/2/1
f 49/2/1 37/2/1 36/2/1
f 49/2/1 36/2/1 35/2/1
f 49/2/1 35/2/1 34/2/1
f 50/2/1 37/2/1 49/2/1
f 52/2/1 39/2/1 38/2/1
f 52/2/1 38/2/1 24/2/1
f 53/2/1 39/2/1 52/2/1
f 54/2/1 43/2/1 42/2/1
f 54/2/1 42/2/1 41/2/1
f 54/2/1 41/2/1 40/2/1
f 55/2/1 43/2/1 54/2/1
f 56/2/1 43/2/1 55/2/1
f 57/2/1 43/2/1 56/2/1
f 58/2/1 47/2/1 46/2/1
f 58/2/1 46/2/1 45/2/1
f 58/2/1 45/2/1 44/2/1
f 59/2/1 47/2/1 58/2/1
f 60/2/1 47/2/1 59/2/1
f 61/2/1 47/2/1 60/2/1
f 62/2/1 51/2/1 50/2/1
f 62/2/1 50/2/1 49/2/1
f 62/2/1 49/2/1 48/2/1
f 63/2/1 51/2/1 62/2/1
f 64/2/1 51/2/1 63/2/1
f 65/2/1 51/2/1 64/2/1
f 66/2/1 24/2/1 10/2/1
f 66/2/1 52/2/1 24/2/1
f 67/2/1 52/2/1 66/2/1
f 68/2/1 56/2/1 55/2/1
f 69/2/1 56/2/1 68/2/1
f 70/2/1 56/2/1 69/2/1
f 71/2/1 56/2/1 70/2/1
f 72/2/1 60/2/1 59/2/1
f 73/2/1 60/2/1 72/2/1
f 74/2/1 60/2/1 73/2/1
f 75/2/1 60/2/1 74/2/1
f 76/2/1 64/2/1 63/2/1
f 77/2/1 64/2/1 76/2/1
f 78/2/1 64/2/1 77/2/1
f 79/2/1 64/2/1 78/2/1
f 80/2/1 10/2/1 2/2/1
f 80/2/1 66/2/1 10/2/1
f 81/2/1 66/2/1 80/2/1
f 82/2/1 70/2/1 69/2/1
f 83/2/1 70/2/1 82/2/1
f 84/2/1 70/2/1 83/2/1
f 85/2/1 70/2/1 84/2/1
f 86/2/1 74/2/1 73/2/1
f 87/2/1 74/2/1 86/2/1
f 88/2/1 74/2/1 87/2/1
f 89/2/1 74/2/1 88/2/1
f 90/2/1 78/2/1 77/2/1
f 91/2/1 78/2/1 90/2/1
f 92/2/1 78/2/1 91/2/1
f 93/2/1 78/2/1 92/2/1
f 94/1/1 2/1/1 1/1/1
f 95/2/1 80/2/1 2/2/1
f 95/1/1 2/1/1 94/1/1
f 96/2/1 80/2/1 95/2/1
f 97/2/1 84/2/1 83/2/1
f 98/2/1 84/2/1 97/2/1
f 99/2/1 88/2/1 87/2/1
f 100/2/1 88/2/1 99/2/1
f 101/2/1 92/2/1 91/2/1
f 102/2/1 92/2/1 101/2/1
f 112/2/1 105/2/1 104/2/1
f 115/2/1 107/2/1 106/2/1
f 116/2/1 107/2/1 115/2/1
f 119/2/1 109/2/1 108/2/1
f 120/2/1 109/2/1 119/2/1
f 123/2/1 111/2/1 110/2/1
f 124/2/1 111/2/1 123/2/1
f 126/2/1 113/2/1 112/2/1
f 129/2/1 117/2/1 116/2/1
f 129/2/1 115/2/1 114/2/1
f 129/2/1 116/2/1 115/2/1
f 130/2/1 117/2/1 129/2/1
f 133/2/1 121/2/1 120/2/1
f 133/2/1 119/2/1 118/2/1
f 133/2/1 120/2/1 119/2/1
f 134/2/1 121/2/1 133/2/1
f 137/2/1 125/2/1 124/2/1
f 137/2/1 124/2/1 123/2/1
f 137/2/1 123/2/1 122/2/1
f 138/2/1 125/2/1 137/2/1
f 140/1/1 104/1/1 103/1/1
f 141/2/1 127/2/1 126/2/1
f 141/1/1 104/1/1 140/1/1
f 141/2/1 112/2/1 104/2/1
f 141/2/1 126/2/1 112/2/1
f 142/2/1 127/2/1 141/2/1
f 143/2/1 131/2/1 130/2/1
f 143/2/1 130/2/1 129/2/1
f 143/2/1 129/2/1 128/2/1
f 144/2/1 131/2/1 143/2/1
f 145/2/1 135/2/1 134/2/1
f 145/2/1 134/2/1 133/2/1
f 145/2/1 133/2/1 132/2/1
f 146/2/1 135/2/1 145/2/1
f 147/2/1 139/2/1 138/2/1
f 147/2/1 138/2/1 137/2/1
f 147/2/1 137/2/1 136/2/1
f 148/2/1 139/2/1 147/2/1
f 149/2/1 127/2/1 142/2/1
f 150/2/1 127/2/1 149/2/1
f 151/2/1 127/2/1 150/2/1
f 154/2/1 143/2/1 128/2/1
f 155/2/1 143/2/1 154/2/1
f 156/2/1 143/2/1 155/2/1
f 157/2/1 131/2/1 144/2/1
f 158/2/1 131/2/1 157/2/1
f 159/2/1 131/2/1 158/2/1
f 162/2/1 145/2/1 132/2/1
f 163/2/1 145/2/1 162/2/1
f 164/2/1 145/2/1 163/2/1
f 165/2/1 135/2/1 146/2/1
f 166/2/1 135/2/1 165/2/1
f 167/2/1 135/2/1 166/2/1
f 170/2/1 147/2/1 136/2/1
f 171/2/1 147/2/1 170/2/1
f 172/2/1 147/2/1 171/2/1
f 173/2/1 139/2/1 148/2/1
f 174/2/1 139/2/1 173/2/1
f 175/2/1 139/2/1 174/2/1
f 177/2/1 152/2/1 151/2/1
f 177/2/1 151/2/1 150/2/1
f 178/2/1 152/2/1 177/2/1
f 179/2/1 154/2/1 153/2/1
f 179/2/1 155/2/1 154/2/1
f 180/2/1 155/2/1 179/2/1
f 181/2/1 160/2/1 159/2/1
f 181/2/1 159/2/1 158/2/1
f 182/2/1 160/2/1 181/2/1
f 183/2/1 162/2/1 161/2/1
f 183/2/1 163/2/1 162/2/1
f 184/2/1 163/2/1 183/2/1
f 185/2/1 168/2/1 167/2/1
f 185/2/1 167/2/1 166/2/1
f 186/2/1 168/2/1 185/2/1
f 187/2/1 171/2/1 170/2/1
f 187/2/1 170/2/1 169/2/1
f 188/2/1 171/2/1 187/2/1
f 189/2/1 176/2/1 175/2/1
f 189/2/1 175/2/1 174/2/1
f 190/2/1 176/2/1 189/2/1
f 191/2/1 152/2/1 178/2/1
f 192/2/1 152/2/1 191/2/1
f 193/2/1 152/2/1 192/2/1
f 196/2/1 179/2/1 153/2/1
f 197/2/1 179/2/1 196/2/1
f 198/2/1 179/2/1 197/2/1
f 199/2/1 160/2/1 182/2/1
f 200/2/1 160/2/1 199/2/1
f 201/2/1 160/2/1 200/2/1
f 204/2/1 183/2/1 161/2/1
f 205/2/1 183/2/1 204/2/1
f 206/2/1 183/2/1 205/2/1
f 207/2/1 168/2/1 186/2/1
f 208/2/1 168/2/1 207/2/1
f 209/2/1 168/2/1 208/2/1
f 212/2/1 187/2/1 169/2/1
f 213/2/1 187/2/1 212/2/1
f 214/2/1 187/2/1 213/2/1
f 215/2/1 176/2/1 190/2/1
f 216/2/1 176/2/1 215/2/1
f 217/2/1 176/2/1 216/2/1
f 220/2/1 194/2/1 193/2/1
f 220/2/1 193/2/1 192/2/1
f 221/2/1 194/2/1 220/2/1
f 222/2/1 194/2/1 221/2/1
f 223/2/1 196/2/1 195/2/1
f 223/2/1 197/2/1 196/2/1
f 224/2/1 197/2/1 223/2/1
f 225/2/1 197/2/1 224/2/1
f 228/2/1 202/2/1 201/2/1
f 228/2/1 201/2/1 200/2/1
f 229/2/1 202/2/1 228/2/1
f 230/2/1 202/2/1 229/2/1
f 231/2/1 204/2/1 203/2/1
f 231/2/1 205/2/1 204/2/1
f 232/2/1 205/2/1 231/2/1
f 233/2/1 205/2/1 232/2/1
f 236/2/1 210/2/1 209/2/1
f 236/2/1 209/2/1 208/2/1
f 237/2/1 210/2/1 236/2/1
f 238/2/1 210/2/1 237/2/1
f 239/2/1 213/2/1 212/2/1
f 239/2/1 212/2/1 211/2/1
f 240/2/1 213/2/1 239/2/1
f 241/2/1 213/2/1 240/2/1
f 244/2/1 218/2/1 217/2/1
f 244/2/1 217/2/1 216/2/1
f 245/2/1 218/2/1 244/2/1
f 246/2/1 218/2/1 245/2/1
f 248/2/1 221/2/1 220/2/1
f 248/2/1 220/2/1 219/2/1
f 249/2/1 226/2/1 225/2/1
f 249/2/1 225/2/1 224/2/1
f 252/2/1 229/2/1 228/2/1
f 252/2/1 228/2/1 227/2/1
f 253/2/1 234/2/1 233/2/1
f 253/2/1 233/2/1 232/2/1
f 256/2/1 236/2/1 235/2/1
f 256/2/1 237/2/1 236/2/1
f 257/2/1 242/2/1 241/2/1
f 257/2/1 241/2/1 240/2/1
f 260/2/1 245/2/1 244/2/1
f 260/2/1 244/2/1 243/2/1
f 262/2/1 248/2/1 247/2/1
f 263/2/1 221/2/1 248/2/1
f 263/2/1 248/2/1 262/2/1
f 264/2/1 250/2/1 249/2/1
f 264/2/1 249/2/1 224/2/1
f 265/2/1 250/2/1 264/2/1
f 266/2/1 250/2/1 265/2/1
f 269/2/1 252/2/1 251/2/1
f 270/2/1 229/2/1 252/2/1
f 270/2/1 252/2/1 269/2/1
f 271/2/1 229/2/1 270/2/1
f 272/2/1 254/2/1 253/2/1
f 272/2/1 253/2/1 232/2/1
f 273/2/1 254/2/1 272/2/1
f 274/2/1 254/2/1 273/2/1
f 277/2/1 256/2/1 255/2/1
f 278/2/1 237/2/1 256/2/1
f 278/2/1 256/2/1 277/2/1
f 279/2/1 237/2/1 278/2/1
f 280/2/1 258/2/1 257/2/1
f 280/2/1 257/2/1 240/2/1
f 281/2/1 258/2/1 280/2/1
f 282/2/1 258/2/1 281/2/1
f 285/2/1 260/2/1 259/2/1
f 286/2/1 245/2/1 260/2/1
f 286/2/1 260/2/1 285/2/1
f 287/2/1 245/2/1 286/2/1
f 290/2/1 262/2/1 261/2/1
f 291/2/1 262/2/1 290/2/1
f 292/2/1 267/2/1 266/2/1
f 292/2/1 266/2/1 265/2/1
f 293/2/1 269/2/1 268/2/1
f 293/2/1 270/2/1 269/2/1
f 294/2/1 275/2/1 274/2/1
f 294/2/1 274/2/1 273/2/1
f 295/2/1 277/2/1 276/2/1
f 295/2/1 278/2/1 277/2/1
f 296/2/1 283/2/1 282/2/1
f 296/2/1 282/2/1 281/2/1
f 297/2/1 286/2/1 285/2/1
f 297/2/1 285/2/1 284/2/1
f 298/2/1 286/2/1 297/2/1
f 299/2/1 286/2/1 298/2/1
f 300/1/1 289/1/1 288/1/1
f 301/1/1 289/1/1 300/1/1
f 302/2/1 293/2/1 292/2/1
f 302/2/1 292/2/1 265/2/1
f 303/2/1 293/2/1 302/2/1
f 304/2/1 270/2/1 293/2/1
f 304/2/1 293/2/1 303/2/1
f 305/2/1 270/2/1 304/2/1
f 306/2/1 294/2/1 273/2/1
f 306/2/1 295/2/1 294/2/1
f 307/2/1 295/2/1 306/2/1
f 308/2/1 278/2/1 295/2/1
f 308/2/1 295/2/1 307/2/1
f 309/2/1 278/2/1 308/2/1
f 310/2/1 296/2/1 281/2/1
f 310/2/1 298/2/1 297/2/1
f 310/2/1 297/2/1 296/2/1
f 311/2/1 298/2/1 310/2/1
f 312/2/1 298/2/1 311/2/1
f 313/2/1 298/2/1 312/2/1
f 314/2/1 304/2/1 303/2/1
f 315/2/1 304/2/1 314/2/1
f 316/2/1 304/2/1 315/2/1
f 317/2/1 304/2/1 316/2/1
f 318/2/1 308/2/1 307/2/1
f 319/2/1 308/2/1 318/2/1
f 320/2/1 308/2/1 319/2/1
f 321/2/1 308/2/1 320/2/1
f 322/2/1 312/2/1 311/2/1
f 323/2/1 312/2/1 322/2/1
f 324/2/1 312/2/1 323/2/1
f 325/2/1 312/2/1 324/2/1
f 326/2/1 316/2/1 315/2/1
f 327/2/1 316/2/1 326/2/1
f 328/2/1 320/2/1 319/2/1
f 329/2/1 320/2/1 328/2/1
f 330/2/1 324/2/1 323/2/1
f 331/2/1 324/2/1 330/2/1
f 340/1/1 333/1/1 332/1/1
f 343/2/1 335/2/1 334/2/1
f 344/2/1 335/2/1 343/2/1
f 347/2/1 337/2/1 336/2/1
f 348/2/1 337/2/1 347/2/1
f 351/2/1 339/2/1 338/2/1
f 352/2/1 339/2/1 351/2/1
f 354/1/1 340/1/1 332/1/1
f 355/2/1 341/2/1 340/2/1
f 355/1/1 340/1/1 354/1/1
f 356/2/1 341/2/1 355/2/1
f 357/2/1 341/2/1 356/2/1
f 360/2/1 345/2/1 344/2/1
f 360/2/1 343/2/1 342/2/1
f 360/2/1 344/2/1 343/2/1
f 361/2/1 345/2/1 360/2/1
f 362/2/1 345/2/1 361/2/1
f 363/2/1 345/2/1 362/2/1
f 366/2/1 349/2/1 348/2/1
f 366/2/1 347/2/1 346/2/1
f 366/2/1 348/2/1 347/2/1
f 367/2/1 349/2/1 366/2/1
f 368/2/1 349/2/1 367/2/1
f 369/2/1 349/2/1 368/2/1
f 372/2/1 353/2/1 352/2/1
f 372/2/1 351/2/1 350/2/1
f 372/2/1 352/2/1 351/2/1
f 373/2/1 353/2/1 372/2/1
f 374/2/1 353/2/1 373/2/1
f 375/2/1 358/2/1 357/2/1
f 375/2/1 357/2/1 356/2/1
f 376/2/1 358/2/1 375/2/1
f 377/2/1 358/2/1 376/2/1
f 380/2/1 360/2/1 359/2/1
f 380/2/1 361/2/1 360/2/1
f 381/2/1 361/2/1 380/2/1
f 382/2/1 361/2/1 381/2/1
f 383/2/1 364/2/1 363/2/1
f 383/2/1 363/2/1 362/2/1
f 384/2/1 364/2/1 383/2/1
f 385/2/1 364/2/1 384/2/1
f 388/2/1 367/2/1 366/2/1
f 388/2/1 366/2/1 365/2/1
f 389/2/1 367/2/1 388/2/1
f 390/2/1 367/2/1 389/2/1
f 391/2/1 370/2/1 369/2/1
f 391/2/1 369/2/1 368/2/1
f 392/2/1 370/2/1 391/2/1
f 393/2/1 370/2/1 392/2/1
f 396/2/1 373/2/1 372/2/1
f 396/2/1 372/2/1 371/2/1
f 397/2/1 373/2/1 396/2/1
f 398/2/1 373/2/1 397/2/1
f 399/2/1 353/2/1 374/2/1
f 400/2/1 353/2/1 399/2/1
f 401/2/1 378/2/1 377/2/1
f 401/2/1 377/2/1 376/2/1
f 402/2/1 378/2/1 401/2/1
f 403/2/1 378/2/1 402/2/1
f 406/2/1 381/2/1 380/2/1
f 406/2/1 380/2/1 379/2/1
f 407/2/1 381/2/1 406/2/1
f 408/2/1 381/2/1 407/2/1
f 409/2/1 386/2/1 385/2/1
f 409/2/1 385/2/1 384/2/1
f 410/2/1 386/2/1 409/2/1
f 411/2/1 386/2/1 410/2/1
f 414/2/1 389/2/1 388/2/1
f 414/2/1 388/2/1 387/2/1
f 415/2/1 389/2/1 414/2/1
f 416/2/1 389/2/1 415/2/1
f 417/2/1 394/2/1 393/2/1
f 417/2/1 393/2/1 392/2/1
f 418/2/1 394/2/1 417/2/1
f 419/2/1 394/2/1 418/2/1
f 422/2/1 397/2/1 396/2/1
f 422/2/1 396/2/1 395/2/1
f 423/2/1 397/2/1 422/2/1
f 424/2/1 397/2/1 423/2/1
f 425/2/1 353/2/1 400/2/1
f 426/2/1 353/2/1 425/2/1
f 427/2/1 404/2/1 403/2/1
f 427/2/1 403/2/1 402/2/1
f 430/2/1 407/2/1 406/2/1
f 430/2/1 406/2/1 405/2/1
f 431/2/1 412/2/1 411/2/1
f 431/2/1 411/2/1 410/2/1
f 434/2/1 415/2/1 414/2/1
f 434/2/1 414/2/1 413/2/1
f 435/2/1 420/2/1 419/2/1
f 435/2/1 419/2/1 418/2/1
f 438/2/1 423/2/1 422/2/1
f 438/2/1 422/2/1 421/2/1
f 439/2/1 427/2/1 402/2/1
f 440/2/1 427/2/1 439/2/1
f 441/2/1 407/2/1 430/2/1
f 442/2/1 407/2/1 441/2/1
f 443/2/1 431/2/1 410/2/1
f 444/2/1 431/2/1 443/2/1
f 445/2/1 415/2/1 434/2/1
f 446/2/1 415/2/1 445/2/1
f 447/2/1 435/2/1 418/2/1
f 448/2/1 435/2/1 447/2/1
f 449/3/1 436/3/1 435/3/1
f 450/3/1 438/3/1 437/3/1
f 451/2/1 423/2/1 438/2/1
f 452/2/1 423/2/1 451/2/1
f 453/2/1 427/2/1 440/2/1
f 454/3/1 428/3/1 427/3/1
f 454/2/1 427/2/1 453/2/1
f 455/3/1 430/3/1 429/3/1
f 455/2/1 441/2/1 430/2/1
f 456/2/1 441/2/1 455/2/1
f 457/2/1 431/2/1 444/2/1
f 458/3/1 432/3/1 431/3/1
f 458/2/1 431/2/1 457/2/1
f 459/3/1 434/3/1 433/3/1
f 459/2/1 445/2/1 434/2/1
f 460/2/1 445/2/1 459/2/1
f 461/2/1 435/2/1 448/2/1
f 462/3/1 449/3/1 435/3/1
f 462/2/1 435/2/1 461/2/1
f 462/3/1 450/3/1 449/3/1
f 463/2/1 451/2/1 438/2/1
f 463/3/1 450/3/1 462/3/1
f 463/3/1 438/3/1 450/3/1
f 464/2/1 451/2/1 463/2/1
f 465/3/1 428/3/1 454/3/1
f 466/3/1 455/3/1 429/3/1
f 467/3/1 432/3/1 458/3/1
f 468/3/1 459/3/1 433/3/1
f 471/3/1 466/3/1 465/3/1
f 471/3/1 465/3/1 454/3/1
f 472/3/1 455/3/1 466/3/1
f 472/3/1 466/3/1 471/3/1
f 473/3/1 468/3/1 467/3/1
f 473/3/1 467/3/1 458/3/1
f 474/3/1 459/3/1 468/3/1
f 474/3/1 468/3/1 473/3/1
f 475/2/1 470/2/1 469/2/1
f 476/2/1 470/2/1 475/2/1
f 478/3/1 471/3/1 454/3/1
f 479/3/1 455/3/1 472/3/1
f 482/3/1 473/3/1 458/3/1
f 483/3/1 459/3/1 474/3/1
f 486/3/1 463/3/1 462/3/1
f 487/3/1 463/3/1 486/3/1
f 489/2/1 478/2/1 477/2/1
f 490/3/1 471/3/1 478/3/1
f 490/2/1 478/2/1 489/2/1
f 491/3/1 471/3/1 490/3/1
f 492/3/1 479/3/1 472/3/1
f 493/2/1 480/2/1 479/2/1
f 493/3/1 479/3/1 492/3/1
f 494/2/1 480/2/1 493/2/1
f 497/2/1 482/2/1 481/2/1
f 498/2/1 484/2/1 483/2/1
f 501/2/1 486/2/1 485/2/1
f 502/3/1 487/3/1 486/3/1
f 503/3/1 487/3/1 502/3/1
f 504/2/1 488/2/1 487/2/1
f 506/2/1 495/2/1 494/2/1
f 506/2/1 494/2/1 493/2/1
f 507/2/1 495/2/1 506/2/1
f 508/2/1 497/2/1 496/2/1
f 508/3/1 473/3/1 482/3/1
f 508/2/1 482/2/1 497/2/1
f 509/3/1 473/3/1 508/3/1
f 510/3/1 483/3/1 474/3/1
f 511/2/1 499/2/1 498/2/1
f 511/3/1 483/3/1 510/3/1
f 511/2/1 498/2/1 483/2/1
f 512/2/1 501/2/1 500/2/1
f 512/3/1 502/3/1 486/3/1
f 512/2/1 486/2/1 501/2/1
f 513/3/1 502/3/1 512/3/1
f 514/3/1 487/3/1 503/3/1
f 515/2/1 505/2/1 504/2/1
f 515/3/1 487/3/1 514/3/1
f 515/2/1 504/2/1 487/2/1
f 516/2/1 495/2/1 507/2/1
f 517/2/1 495/2/1 516/2/1
f 520/2/1 508/2/1 496/2/1
f 521/2/1 508/2/1 520/2/1
f 522/2/1 508/2/1 521/2/1
f 523/2/1 499/2/1 511/2/1
f 524/2/1 499/2/1 523/2/1
f 525/2/1 499/2/1 524/2/1
f 528/2/1 512/2/1 500/2/1
f 529/2/1 512/2/1 528/2/1
f 530/2/1 512/2/1 529/2/1
f 531/2/1 505/2/1 515/2/1
f 532/2/1 505/2/1 531/2/1
f 533/2/1 505/2/1 532/2/1
f 535/2/1 518/2/1 517/2/1
f 536/2/1 518/2/1 535/2/1
f 537/2/1 518/2/1 536/2/1
f 540/2/1 520/2/1 519/2/1
f 540/2/1 521/2/1 520/2/1
f 541/2/1 521/2/1 540/2/1
f 542/2/1 521/2/1 541/2/1
f 543/2/1 526/2/1 525/2/1
f 543/2/1 525/2/1 524/2/1
f 544/2/1 526/2/1 543/2/1
f 545/2/1 526/2/1 544/2/1
f 548/2/1 529/2/1 528/2/1
f 548/2/1 528/2/1 527/2/1
f 549/2/1 529/2/1 548/2/1
f 550/2/1 529/2/1 549/2/1
f 551/2/1 534/2/1 533/2/1
f 551/2/1 533/2/1 532/2/1
f 552/2/1 534/2/1 551/2/1
f 553/2/1 534/2/1 552/2/1
f 555/2/1 538/2/1 537/2/1
f 555/2/1 537/2/1 536/2/1
f 556/2/1 538/2/1 555/2/1
f 557/2/1 538/2/1 556/2/1
f 558/2/1 541/2/1 540/2/1
f 558/2/1 540/2/1 539/2/1
f 559/2/1 541/2/1 558/2/1
f 560/2/1 541/2/1 559/2/1
f 561/2/1 546/2/1 545/2/1
f 561/2/1 545/2/1 544/2/1
f 562/2/1 546/2/1 561/2/1
f 563/2/1 546/2/1 562/2/1
f 564/2/1 549/2/1 548/2/1
f 564/2/1 548/2/1 547/2/1
f 565/2/1 549/2/1 564/2/1
f 566/2/1 549/2/1 565/2/1
f 567/2/1 554/2/1 553/2/1
f 567/2/1 553/2/1 552/2/1
f 568/2/1 554/2/1 567/2/1
f 569/2/1 554/2/1 568/2/1
f 571/2/1 559/2/1 558/2/1
f 571/2/1 557/2/1 556/2/1
f 571/2/1 558/2/1 557/2/1
f 572/2/1 559/2/1 571/2/1
f 573/2/1 559/2/1 572/2/1
f 574/2/1 559/2/1 573/2/1
f 575/2/1 563/2/1 562/2/1
f 575/2/1 565/2/1 564/2/1
f 575/2/1 564/2/1 563/2/1
f 576/2/1 565/2/1 575/2/1
f 577/2/1 565/2/1 576/2/1
f 578/2/1 565/2/1 577/2/1
f 579/2/1 570/2/1 569/2/1
f 579/2/1 569/2/1 568/2/1
f 580/2/1 570/2/1 579/2/1
f 581/2/1 573/2/1 572/2/1
f 582/2/1 573/2/1 581/2/1
f 583/2/1 577/2/1 576/2/1
f 584/2/1 577/2/1 583/2/1
f 594/1/1 586/1/1 585/1/1
f 595/2/1 587/2/1 586/2/1
f 595/1/1 586/1/1 594/1/1
f 596/2/1 587/2/1 595/2/1
f 599/2/1 589/2/1 588/2/1
f 600/2/1 589/2/1 599/2/1
f 601/2/1 589/2/1 600/2/1
f 602/2/1 589/2/1 601/2/1
f 605/2/1 591/2/1 590/2/1
f 606/2/1 591/2/1 605/2/1
f 607/2/1 591/2/1 606/2/1
f 608/2/1 591/2/1 607/2/1
f 611/2/1 593/2/1 592/2/1
f 612/2/1 593/2/1 611/2/1
f 613/2/1 593/2/1 612/2/1
f 614/2/1 597/2/1 596/2/1
f 614/2/1 596/2/1 595/2/1
f 615/2/1 597/2/1 614/2/1
f 616/2/1 597/2/1 615/2/1
f 619/2/1 599/2/1 598/2/1
f 619/2/1 600/2/1 599/2/1
f 620/2/1 600/2/1 619/2/1
f 621/2/1 600/2/1 620/2/1
f 622/2/1 603/2/1 602/2/1
f 622/2/1 602/2/1 601/2/1
f 623/2/1 603/2/1 622/2/1
f 624/2/1 603/2/1 623/2/1
f 627/2/1 605/2/1 604/2/1
f 627/2/1 606/2/1 605/2/1
f 628/2/1 606/2/1 627/2/1
f 629/2/1 606/2/1 628/2/1
f 630/2/1 609/2/1 608/2/1
f 630/2/1 608/2/1 607/2/1
f 631/2/1 609/2/1 630/2/1
f 632/2/1 609/2/1 631/2/1
f 635/2/1 612/2/1 611/2/1
f 635/2/1 611/2/1 610/2/1
f 636/2/1 612/2/1 635/2/1
f 637/2/1 612/2/1 636/2/1
f 638/2/1 593/2/1 613/2/1
f 639/2/1 593/2/1 638/2/1
f 640/2/1 617/2/1 616/2/1
f 640/2/1 616/2/1 615/2/1
f 641/2/1 617/2/1 640/2/1
f 642/2/1 617/2/1 641/2/1
f 645/2/1 620/2/1 619/2/1
f 645/2/1 619/2/1 618/2/1
f 646/2/1 620/2/1 645/2/1
f 647/2/1 620/2/1 646/2/1
f 648/2/1 625/2/1 624/2/1
f 648/2/1 624/2/1 623/2/1
f 649/2/1 625/2/1 648/2/1
f 650/2/1 625/2/1 649/2/1
f 653/2/1 628/2/1 627/2/1
f 653/2/1 627/2/1 626/2/1
f 654/2/1 628/2/1 653/2/1
f 655/2/1 628/2/1 654/2/1
f 656/2/1 633/2/1 632/2/1
f 656/2/1 632/2/1 631/2/1
f 657/2/1 633/2/1 656/2/1
f 658/2/1 633/2/1 657/2/1
f 661/2/1 636/2/1 635/2/1
f 661/2/1 635/2/1 634/2/1
f 662/2/1 636/2/1 661/2/1
f 663/2/1 636/2/1 662/2/1
f 664/2/1 643/2/1 642/2/1
f 664/2/1 642/2/1 641/2/1
f 665/2/1 643/2/1 664/2/1
f 666/2/1 643/2/1 665/2/1
f 669/2/1 646/2/1 645/2/1
f 669/2/1 645/2/1 644/2/1
f 670/2/1 646/2/1 669/2/1
f 671/2/1 646/2/1 670/2/1
f 672/2/1 651/2/1 650/2/1
f 672/2/1 650/2/1 649/2/1
f 673/2/1 651/2/1 672/2/1
f 674/2/1 651/2/1 673/2/1
f 677/2/1 654/2/1 653/2/1
f 677/2/1 653/2/1 652/2/1
f 678/2/1 654/2/1 677/2/1
f 679/2/1 654/2/1 678/2/1
f 680/2/1 659/2/1 658/2/1
f 680/2/1 658/2/1 657/2/1
f 681/2/1 659/2/1 680/2/1
f 682/2/1 659/2/1 681/2/1
f 683/2/1 662/2/1 661/2/1
f 683/2/1 661/2/1 660/2/1
f 684/2/1 662/2/1 683/2/1
f 685/2/1 662/2/1 684/2/1
f 686/2/1 666/2/1 665/2/1
f 687/3/1 667/3/1 666/3/1
f 687/2/1 666/2/1 686/2/1
f 688/3/1 667/3/1 687/3/1
f 689/3/1 669/3/1 668/3/1
f 690/2/1 670/2/1 669/2/1
f 690/3/1 669/3/1 689/3/1
f 691/2/1 670/2/1 690/2/1
f 692/2/1 674/2/1 673/2/1
f 693/3/1 675/3/1 674/3/1
f 693/2/1 674/2/1 692/2/1
f 694/3/1 675/3/1 693/3/1
f 695/3/1 677/3/1 676/3/1
f 696/2/1 678/2/1 677/2/1
f 696/3/1 677/3/1 695/3/1
f 697/2/1 678/2/1 696/2/1
f 698/2/1 682/2/1 681/2/1
f 699/3/1 683/3/1 682/3/1
f 699/2/1 682/2/1 698/2/1
f 700/2/1 684/2/1 683/2/1
f 700/3/1 683/3/1 699/3/1
f 701/2/1 684/2/1 700/2/1
f 702/3/1 689/3/1 688/3/1
f 702/3/1 688/3/1 687/3/1
f 702/3/1 690/3/1 689/3/1
f 703/3/1 690/3/1 702/3/1
f 704/3/1 690/3/1 703/3/1
f 705/3/1 690/3/1 704/3/1
f 706/3/1 695/3/1 694/3/1
f 706/3/1 696/3/1 695/3/1
f 706/3/1 694/3/1 693/3/1
f 707/3/1 696/3/1 706/3/1
f 708/3/1 696/3/1 707/3/1
f 709/3/1 696/3/1 708/3/1
f 710/3/1 700/3/1 699/3/1
f 711/3/1 700/3/1 710/3/1
f 712/3/1 700/3/1 711/3/1
f 713/3/1 700/3/1 712/3/1
f 714/3/1 712/3/1 711/3/1
f 715/3/1 712/3/1 714/3/1
f 716/3/1 704/3/1 703/3/1
f 717/3/1 704/3/1 716/3/1
f 718/3/1 708/3/1 707/3/1
f 719/3/1 708/3/1 718/3/1
f 724/3/1 721/3/1 720/3/1
f 725/3/1 721/3/1 724/3/1
f 729/3/1 723/3/1 722/3/1
f 730/3/1 723/3/1 729/3/1
f 733/3/1 727/3/1 726/3/1
f 734/3/1 727/3/1 733/3/1
f 737/3/1 731/3/1 730/3/1
f 737/3/1 729/3/1 728/3/1
f 737/3/1 730/3/1 729/3/1
f 738/3/1 731/3/1 737/3/1
f 739/3/1 731/3/1 738/3/1
f 740/3/1 731/3/1 739/3/1
f 743/3/1 734/3/1 733/3/1
f 743/3/1 735/3/1 734/3/1
f 743/3/1 733/3/1 732/3/1
f 744/3/1 735/3/1 743/3/1
f 747/2/1 737/2/1 736/2/1
f 748/3/1 738/3/1 737/3/1
f 748/2/1 737/2/1 747/2/1
f 749/3/1 738/3/1 748/3/1
f 750/3/1 740/3/1 739/3/1
f 751/2/1 741/2/1 740/2/1
f 751/3/1 740/3/1 750/3/1
f 752/2/1 741/2/1 751/2/1
f 755/2/1 743/2/1 742/2/1
f 756/3/1 744/3/1 743/3/1
f 756/2/1 743/2/1 755/2/1
f 757/2/1 745/2/1 744/2/1
f 757/3/1 744/3/1 756/3/1
f 758/2/1 745/2/1 757/2/1
f 761/2/1 747/2/1 746/2/1
f 761/2/1 748/2/1 747/2/1
f 762/2/1 748/2/1 761/2/1
f 763/2/1 748/2/1 762/2/1
f 764/2/1 753/2/1 752/2/1
f 764/2/1 752/2/1 751/2/1
f 765/2/1 753/2/1 764/2/1
f 766/2/1 753/2/1 765/2/1
f 769/2/1 755/2/1 754/2/1
f 769/2/1 756/2/1 755/2/1
f 770/2/1 756/2/1 769/2/1
f 771/2/1 756/2/1 770/2/1
f 772/2/1 758/2/1 757/2/1
f 772/2/1 759/2/1 758/2/1
f 773/2/1 759/2/1 772/2/1
f 774/2/1 759/2/1 773/2/1
f 779/2/1 762/2/1 761/2/1
f 779/2/1 761/2/1 760/2/1
f 780/2/1 762/2/1 779/2/1
f 781/2/1 762/2/1 780/2/1
f 782/2/1 767/2/1 766/2/1
f 782/2/1 766/2/1 765/2/1
f 783/2/1 767/2/1 782/2/1
f 784/2/1 767/2/1 783/2/1
f 787/2/1 770/2/1 769/2/1
f 787/2/1 769/2/1 768/2/1
f 788/2/1 770/2/1 787/2/1
f 789/2/1 770/2/1 788/2/1
f 790/2/1 774/2/1 773/2/1
f 790/2/1 775/2/1 774/2/1
f 791/2/1 775/2/1 790/2/1
f 792/2/1 775/2/1 791/2/1
f 794/2/1 777/2/1 776/2/1
f 795/2/1 780/2/1 779/2/1
f 795/2/1 779/2/1 778/2/1
f 796/2/1 780/2/1 795/2/1
f 797/2/1 780/2/1 796/2/1
f 798/2/1 785/2/1 784/2/1
f 798/2/1 784/2/1 783/2/1
f 799/2/1 785/2/1 798/2/1
f 800/2/1 785/2/1 799/2/1
f 801/2/1 788/2/1 787/2/1
f 801/2/1 787/2/1 786/2/1
f 802/2/1 788/2/1 801/2/1
f 803/2/1 788/2/1 802/2/1
f 804/2/1 793/2/1 792/2/1
f 804/2/1 792/2/1 791/2/1
f 805/2/1 793/2/1 804/2/1
f 806/2/1 794/2/1 776/2/1
f 806/2/1 796/2/1 795/2/1
f 806/2/1 795/2/1 794/2/1
f 807/2/1 796/2/1 806/2/1
f 808/2/1 802/2/1 801/2/1
f 808/2/1 800/2/1 799/2/1
f 808/2/1 801/2/1 800/2/1
f 809/2/1 802/2/1 808/2/1
f 810/2/1 793/2/1 805/2/1
f 811/2/1 793/2/1 810/2/1
f 821/1/1 813/1/1 812/1/1
f 822/2/1 814/2/1 813/2/1
f 822/1/1 813/1/1 821/1/1
f 823/2/1 814/2/1 822/2/1
f 824/2/1 814/2/1 823/2/1
f 827/2/1 816/2/1 815/2/1
f 828/2/1 816/2/1 827/2/1
f 829/2/1 816/2/1 828/2/1
f 830/2/1 816/2/1 829/2/1
f 833/2/1 818/2/1 817/2/1
f 834/2/1 818/2/1 833/2/1
f 835/2/1 818/2/1 834/2/1
f 836/2/1 818/2/1 835/2/1
f 839/2/1 820/2/1 819/2/1
f 840/2/1 820/2/1 839/2/1
f 841/2/1 820/2/1 840/2/1
f 842/2/1 825/2/1 824/2/1
f 842/2/1 824/2/1 823/2/1
f 843/2/1 825/2/1 842/2/1
f 844/2/1 825/2/1 843/2/1
f 847/2/1 827/2/1 826/2/1
f 847/2/1 828/2/1 827/2/1
f 848/2/1 828/2/1 847/2/1
f 849/2/1 828/2/1 848/2/1
f 850/2/1 831/2/1 830/2/1
f 850/2/1 830/2/1 829/2/1
f 851/2/1 831/2/1 850/2/1
f 852/2/1 831/2/1 851/2/1
f 855/2/1 833/2/1 832/2/1
f 855/2/1 834/2/1 833/2/1
f 856/2/1 834/2/1 855/2/1
f 857/2/1 834/2/1 856/2/1
f 858/2/1 837/2/1 836/2/1
f 858/2/1 836/2/1 835/2/1
f 859/2/1 837/2/1 858/2/1
f 860/2/1 837/2/1 859/2/1
f 863/2/1 840/2/1 839/2/1
f 863/2/1 839/2/1 838/2/1
f 864/2/1 840/2/1 863/2/1
f 865/2/1 840/2/1 864/2/1
f 866/2/1 845/2/1 844/2/1
f 866/2/1 844/2/1 843/2/1
f 867/2/1 845/2/1 866/2/1
f 868/2/1 845/2/1 867/2/1
f 871/2/1 848/2/1 847/2/1
f 871/2/1 847/2/1 846/2/1
f 872/2/1 848/2/1 871/2/1
f 873/2/1 848/2/1 872/2/1
f 874/2/1 853/2/1 852/2/1
f 874/2/1 852/2/1 851/2/1
f 875/2/1 853/2/1 874/2/1
f 876/2/1 853/2/1 875/2/1
f 879/2/1 856/2/1 855/2/1
f 879/2/1 855/2/1 854/2/1
f 880/2/1 856/2/1 879/2/1
f 881/2/1 856/2/1 880/2/1
f 882/2/1 861/2/1 860/2/1
f 882/2/1 860/2/1 859/2/1
f 883/2/1 861/2/1 882/2/1
f 884/2/1 861/2/1 883/2/1
f 887/2/1 864/2/1 863/2/1
f 887/2/1 863/2/1 862/2/1
f 888/2/1 864/2/1 887/2/1
f 889/2/1 864/2/1 888/2/1
f 890/2/1 868/2/1 867/2/1
f 891/3/1 869/3/1 868/3/1
f 891/2/1 868/2/1 890/2/1
f 892/3/1 869/3/1 891/3/1
f 893/3/1 871/3/1 870/3/1
f 894/2/1 872/2/1 871/2/1
f 894/3/1 871/3/1 893/3/1
f 895/2/1 872/2/1 894/2/1
f 896/2/1 876/2/1 875/2/1
f 897/3/1 877/3/1 876/3/1
f 897/2/1 876/2/1 896/2/1
f 898/3/1 877/3/1 897/3/1
f 899/3/1 879/3/1 878/3/1
f 900/2/1 880/2/1 879/2/1
f 900/3/1 879/3/1 899/3/1
f 901/2/1 880/2/1 900/2/1
f 902/2/1 884/2/1 883/2/1
f 903/3/1 885/3/1 884/3/1
f 903/2/1 884/2/1 902/2/1
f 904/3/1 885/3/1 903/3/1
f 905/3/1 887/3/1 886/3/1
f 906/2/1 888/2/1 887/2/1
f 906/3/1 887/3/1 905/3/1
f 907/2/1 888/2/1 906/2/1
f 908/3/1 893/3/1 892/3/1
f 908/3/1 892/3/1 891/3/1
f 908/3/1 894/3/1 893/3/1
f 909/3/1 894/3/1 908/3/1
f 910/3/1 894/3/1 909/3/1
f 911/3/1 894/3/1 910/3/1
f 912/3/1 899/3/1 898/3/1
f 912/3/1 900/3/1 899/3/1
f 912/3/1 898/3/1 897/3/1
f 913/3/1 900/3/1 912/3/1
f 914/3/1 900/3/1 913/3/1
f 915/3/1 900/3/1 914/3/1
f 916/3/1 905/3/1 904/3/1
f 916/3/1 906/3/1 905/3/1
f 916/3/1 904/3/1 903/3/1
f 917/3/1 906/3/1 916/3/1
f 918/3/1 910/3/1 909/3/1
f 919/3/1 910/3/1 918/3/1
f 920/3/1 914/3/1 913/3/1
f 921/3/1 914/3/1 920/3/1
f 925/3/1 923/3/1 922/3/1
f 926/3/1 923/3/1 925/3/1
f 931/3/1 926/3/1 925/3/1
f 931/3/1 925/3/1 924/3/1
f 931/3/1 927/3/1 926/3/1
f 932/3/1 927/3/1 931/3/1
f 933/3/1 927/3/1 932/3/1
f 934/3/1 927/3/1 933/3/1
f 937/3/1 929/3/1 928/3/1
f 938/3/1 929/3/1 937/3/1
f 939/3/1 929/3/1 938/3/1
f 940/3/1 929/3/1 939/3/1
f 943/2/1 931/2/1 930/2/1
f 944/3/1 932/3/1 931/3/1
f 944/2/1 931/2/1 943/2/1
f 945/3/1 932/3/1 944/3/1
f 946/3/1 934/3/1 933/3/1
f 947/2/1 935/2/1 934/2/1
f 947/3/1 934/3/1 946/3/1
f 948/2/1 935/2/1 947/2/1
f 951/2/1 937/2/1 936/2/1
f 952/3/1 938/3/1 937/3/1
f 952/2/1 937/2/1 951/2/1
f 953/3/1 938/3/1 952/3/1
f 954/3/1 940/3/1 939/3/1
f 955/2/1 941/2/1 940/2/1
f 955/3/1 940/3/1 954/3/1
f 956/2/1 941/2/1 955/2/1
f 959/2/1 943/2/1 942/2/1
f 959/2/1 944/2/1 943/2/1
f 960/2/1 944/2/1 959/2/1
f 961/2/1 944/2/1 960/2/1
f 962/2/1 948/2/1 947/2/1
f 962/2/1 949/2/1 948/2/1
f 963/2/1 949/2/1 962/2/1
f 964/2/1 949/2/1 963/2/1
f 967/2/1 951/2/1 950/2/1
f 967/2/1 952/2/1 951/2/1
f 968/2/1 952/2/1 967/2/1
f 969/2/1 952/2/1 968/2/1
f 970/2/1 957/2/1 956/2/1
f 970/2/1 956/2/1 955/2/1
f 971/2/1 957/2/1 970/2/1
f 972/2/1 957/2/1 971/2/1
f 975/2/1 960/2/1 959/2/1
f 975/2/1 959/2/1 958/2/1
f 976/2/1 960/2/1 975/2/1
f 977/2/1 960/2/1 976/2/1
f 978/2/1 965/2/1 964/2/1
f 978/2/1 964/2/1 963/2/1
f 979/2/1 965/2/1 978/2/1
f 980/2/1 965/2/1 979/2/1
f 981/2/1 968/2/1 967/2/1
f 981/2/1 967/2/1 966/2/1
f 982/2/1 968/2/1 981/2/1
f 983/2/1 968/2/1 982/2/1
f 984/2/1 972/2/1 971/2/1
f 984/2/1 973/2/1 972/2/1
f 985/2/1 973/2/1 984/2/1
f 986/2/1 973/2/1 985/2/1
f 988/2/1 976/2/1 975/2/1
f 988/2/1 975/2/1 974/2/1
f 989/2/1 976/2/1 988/2/1
f 990/2/1 982/2/1 981/2/1
f 990/2/1 980/2/1 979/2/1
f 990/2/1 981/2/1 980/2/1
f 991/2/1 982/2/1 990/2/1
f 992/2/1 986/2/1 985/2/1
f 992/2/1 987/2/1 986/2/1
f 993/2/1 987/2/1 992/2/1
f 1003/1/1 995/1/1 994/1/1
f 1004/2/1 996/2/1 995/2/1
f 1004/1/1 995/1/1 1003/1/1
f 1005/2/1 996/2/1 1004/2/1
f 1008/2/1 998/2/1 997/2/1
f 1009/2/1 998/2/1 1008/2/1
f 1012/2/1 1000/2/1 999/2/1
f 1013/2/1 1000/2/1 1012/2/1
f 1016/2/1 1002/2/1 1001/2/1
f 1017/2/1 1002/2/1 1016/2/1
f 1018/2/1 1006/2/1 1005/2/1
f 1019/2/1 1006/2/1 1018/2/1
f 1022/2/1 1008/2/1 1007/2/1
f 1023/2/1 1008/2/1 1022/2/1
f 1024/2/1 1010/2/1 1009/2/1
f 1025/2/1 1010/2/1 1024/2/1
f 1028/2/1 1012/2/1 1011/2/1
f 1029/2/1 1012/2/1 1028/2/1
f 1030/2/1 1014/2/1 1013/2/1
f 1031/2/1 1014/2/1 1030/2/1
f 1034/2/1 1016/2/1 1015/2/1
f 1035/2/1 1016/2/1 1034/2/1
f 1036/2/1 1020/2/1 1019/2/1
f 1037/2/1 1020/2/1 1036/2/1
f 1038/2/1 1022/2/1 1021/2/1
f 1039/2/1 1022/2/1 1038/2/1
f 1040/2/1 1026/2/1 1025/2/1
f 1041/2/1 1026/2/1 1040/2/1
f 1042/2/1 1028/2/1 1027/2/1
f 1043/2/1 1028/2/1 1042/2/1
f 1044/2/1 1032/2/1 1031/2/1
f 1045/2/1 1032/2/1 1044/2/1
f 1046/2/1 1034/2/1 1033/2/1
f 1047/2/1 1034/2/1 1046/2/1
f 1048/3/1 1038/3/1 1037/3/1
f 1049/3/1 1038/3/1 1048/3/1
f 1050/3/1 1038/3/1 1049/3/1
f 1051/3/1 1038/3/1 1050/3/1
f 1052/3/1 1042/3/1 1041/3/1
f 1053/3/1 1042/3/1 1052/3/1
f 1054/3/1 1042/3/1 1053/3/1
f 1055/3/1 1042/3/1 1054/3/1
f 1056/3/1 1046/3/1 1045/3/1
f 1057/3/1 1046/3/1 1056/3/1
f 1058/3/1 1046/3/1 1057/3/1
f 1059/3/1 1046/3/1 1058/3/1
f 1060/3/1 1050/3/1 1049/3/1
f 1061/3/1 1050/3/1 1060/3/1
f 1062/3/1 1054/3/1 1053/3/1
f 1063/3/1 1054/3/1 1062/3/1
f 1064/3/1 1058/3/1 1057/3/1
f 1065/3/1 1058/3/1 1064/3/1
f 1071/3/1 1067/3/1 1066/3/1
f 1072/3/1 1067/3/1 1071/3/1
f 1075/3/1 1069/3/1 1068/3/1
f 1076/3/1 1069/3/1 1075/3/1
f 1079/3/1 1073/3/1 1072/3/1
f 1079/3/1 1071/3/1 1070/3/1
f 1079/3/1 1072/3/1 1071/3/1
f 1080/3/1 1073/3/1 1079/3/1
f 1083/3/1 1076/3/1 1075/3/1
f 1083/3/1 1077/3/1 1076/3/1
f 1083/3/1 1075/3/1 1074/3/1
f 1084/3/1 1077/3/1 1083/3/1
f 1087/2/1 1079/2/1 1078/2/1
f 1088/2/1 1079/2/1 1087/2/1
f 1089/2/1 1081/2/1 1080/2/1
f 1090/2/1 1081/2/1 1089/2/1
f 1093/2/1 1083/2/1 1082/2/1
f 1094/2/1 1083/2/1 1093/2/1
f 1095/2/1 1085/2/1 1084/2/1
f 1096/2/1 1085/2/1 1095/2/1
f 1099/2/1 1087/2/1 1086/2/1
f 1100/2/1 1087/2/1 1099/2/1
f 1101/2/1 1091/2/1 1090/2/1
f 1102/2/1 1091/2/1 1101/2/1
f 1103/2/1 1093/2/1 1092/2/1
f 1104/2/1 1093/2/1 1103/2/1
f 1105/2/1 1097/2/1 1096/2/1
f 1106/2/1 1097/2/1 1105/2/1
f 1108/2/1 1099/2/1 1098/2/1
f 1109/2/1 1099/2/1 1108/2/1
f 1110/2/1 1103/2/1 1102/2/1
f 1111/2/1 1103/2/1 1110/2/1
f 1112/2/1 1107/2/1 1106/2/1
f 1113/2/1 1107/2/1 1112/2/1
f 1123/1/1 1115/1/1 1114/1/1
f 1124/2/1 1116/2/1 1115/2/1
f 1124/1/1 1115/1/1 1123/1/1
f 1125/2/1 1116/2/1 1124/2/1
f 1128/2/1 1118/2/1 1117/2/1
f 1129/2/1 1118/2/1 1128/2/1
f 1132/2/1 1120/2/1 1119/2/1
f 1133/2/1 1120/2/1 1132/2/1
f 1136/2/1 1122/2/1 1121/2/1
f 1137/2/1 1122/2/1 1136/2/1
f 1138/2/1 1126/2/1 1125/2/1
f 1139/2/1 1126/2/1 1138/2/1
f 1144/2/1 1128/2/1 1127/2/1
f 1145/2/1 1128/2/1 1144/2/1
f 1146/2/1 1130/2/1 1129/2/1
f 1147/2/1 1130/2/1 1146/2/1
f 1152/2/1 1132/2/1 1131/2/1
f 1153/2/1 1132/2/1 1152/2/1
f 1154/2/1 1134/2/1 1133/2/1
f 1155/2/1 1134/2/1 1154/2/1
f 1160/2/1 1136/2/1 1135/2/1
f 1161/2/1 1136/2/1 1160/2/1
f 1162/2/1 1140/2/1 1139/2/1
f 1163/3/1 1141/3/1 1140/3/1
f 1163/2/1 1140/2/1 1162/2/1
f 1164/3/1 1141/3/1 1163/3/1
f 1165/3/1 1143/3/1 1142/3/1
f 1166/2/1 1144/2/1 1143/2/1
f 1166/3/1 1143/3/1 1165/3/1
f 1167/2/1 1144/2/1 1166/2/1
f 1168/2/1 1148/2/1 1147/2/1
f 1169/3/1 1149/3/1 1148/3/1
f 1169/2/1 1148/2/1 1168/2/1
f 1170/3/1 1149/3/1 1169/3/1
f 1171/3/1 1151/3/1 1150/3/1
f 1172/2/1 1152/2/1 1151/2/1
f 1172/3/1 1151/3/1 1171/3/1
f 1173/2/1 1152/2/1 1172/2/1
f 1174/2/1 1156/2/1 1155/2/1
f 1175/3/1 1157/3/1 1156/3/1
f 1175/2/1 1156/2/1 1174/2/1
f 1176/3/1 1157/3/1 1175/3/1
f 1177/3/1 1159/3/1 1158/3/1
f 1178/2/1 1160/2/1 1159/2/1
f 1178/3/1 1159/3/1 1177/3/1
f 1179/2/1 1160/2/1 1178/2/1
f 1180/3/1 1164/3/1 1163/3/1
f 1180/3/1 1165/3/1 1164/3/1
f 1180/3/1 1166/3/1 1165/3/1
f 1181/3/1 1166/3/1 1180/3/1
f 1182/3/1 1170/3/1 1169/3/1
f 1182/3/1 1172/3/1 1171/3/1
f 1182/3/1 1171/3/1 1170/3/1
f 1183/3/1 1172/3/1 1182/3/1
f 1184/3/1 1177/3/1 1176/3/1
f 1184/3/1 1176/3/1 1175/3/1
f 1184/3/1 1178/3/1 1177/3/1
f 1185/3/1 1178/3/1 1184/3/1
f 1191/3/1 1187/3/1 1186/3/1
f 1192/3/1 1187/3/1 1191/3/1
f 1193/3/1 1187/3/1 1192/3/1
f 1194/3/1 1187/3/1 1193/3/1
f 1197/3/1 1189/3/1 1188/3/1
f 1198/3/1 1189/3/1 1197/3/1
f 1199/3/1 1189/3/1 1198/3/1
f 1200/3/1 1189/3/1 1199/3/1
f 1203/2/1 1191/2/1 1190/2/1
f 1204/3/1 1192/3/1 1191/3/1
f 1204/2/1 1191/2/1 1203/2/1
f 1205/3/1 1192/3/1 1204/3/1
f 1206/3/1 1194/3/1 1193/3/1
f 1207/2/1 1195/2/1 1194/2/1
f 1207/3/1 1194/3/1 1206/3/1
f 1208/2/1 1195/2/1 1207/2/1
f 1211/2/1 1197/2/1 1196/2/1
f 1212/3/1 1198/3/1 1197/3/1
f 1212/2/1 1197/2/1 1211/2/1
f 1213/3/1 1198/3/1 1212/3/1
f 1214/3/1 1200/3/1 1199/3/1
f 1215/2/1 1201/2/1 1200/2/1
f 1215/3/1 1200/3/1 1214/3/1
f 1216/2/1 1201/2/1 1215/2/1
f 1219/2/1 1203/2/1 1202/2/1
f 1220/2/1 1203/2/1 1219/2/1
f 1221/2/1 1209/2/1 1208/2/1
f 1222/2/1 1209/2/1 1221/2/1
f 1223/2/1 1211/2/1 1210/2/1
f 1224/2/1 1211/2/1 1223/2/1
f 1225/2/1 1217/2/1 1216/2/1
f 1226/2/1 1217/2/1 1225/2/1
f 1228/2/1 1219/2/1 1218/2/1
f 1229/2/1 1219/2/1 1228/2/1
f 1230/2/1 1223/2/1 1222/2/1
f 1231/2/1 1223/2/1 1230/2/1
f 1232/2/1 1227/2/1 1226/2/1
f 1233/2/1 1227/2/1 1232/2/1
f 1243/1/1 1235/1/1 1234/1/1
f 1244/2/1 1236/2/1 1235/2/1
f 1244/1/1 1235/1/1 1243/1/1
f 1245/2/1 1236/2/1 1244/2/1
f 1250/2/1 1238/2/1 1237/2/1
f 1251/2/1 1238/2/1 1250/2/1
f 1256/2/1 1240/2/1 1239/2/1
f 1257/2/1 1240/2/1 1256/2/1
f 1262/2/1 1242/2/1 1241/2/1
f 1263/2/1 1242/2/1 1262/2/1
f 1264/2/1 1247/2/1 1246/2/1
f 1265/2/1 1247/2/1 1264/2/1
f 1268/2/1 1249/2/1 1248/2/1
f 1269/2/1 1249/2/1 1268/2/1
f 1270/2/1 1253/2/1 1252/2/1
f 1271/2/1 1253/2/1 1270/2/1
f 1274/2/1 1255/2/1 1254/2/1
f 1275/2/1 1255/2/1 1274/2/1
f 1276/2/1 1259/2/1 1258/2/1
f 1277/2/1 1259/2/1 1276/2/1
f 1280/2/1 1261/2/1 1260/2/1
f 1281/2/1 1261/2/1 1280/2/1
f 1282/2/1 1266/2/1 1265/2/1
f 1283/2/1 1266/2/1 1282/2/1
f 1286/2/1 1268/2/1 1267/2/1
f 1287/2/1 1268/2/1 1286/2/1
f 1288/2/1 1272/2/1 1271/2/1
f 1289/2/1 1272/2/1 1288/2/1
f 1292/2/1 1274/2/1 1273/2/1
f 1293/2/1 1274/2/1 1292/2/1
f 1294/2/1 1278/2/1 1277/2/1
f 1295/2/1 1278/2/1 1294/2/1
f 1298/2/1 1280/2/1 1279/2/1
f 1299/2/1 1280/2/1 1298/2/1
f 1300/3/1 1285/3/1 1284/3/1
f 1301/3/1 1285/3/1 1300/3/1
f 1302/3/1 1291/3/1 1290/3/1
f 1303/3/1 1291/3/1 1302/3/1
f 1304/3/1 1297/3/1 1296/3/1
f 1305/3/1 1297/3/1 1304/3/1
f 1312/3/1 1307/3/1 1306/3/1
f 1313/3/1 1307/3/1 1312/3/1
f 1318/3/1 1309/3/1 1308/3/1
f 1319/3/1 1309/3/1 1318/3/1
f 1323/2/1 1311/2/1 1310/2/1
f 1324/2/1 1311/2/1 1323/2/1
f 1325/2/1 1315/2/1 1314/2/1
f 1326/2/1 1315/2/1 1325/2/1
f 1329/2/1 1317/2/1 1316/2/1
f 1330/2/1 1317/2/1 1329/2/1
f 1331/2/1 1321/2/1 1320/2/1
f 1332/2/1 1321/2/1 1331/2/1
f 1336/2/1 1323/2/1 1322/2/1
f 1337/2/1 1323/2/1 1336/2/1
f 1338/2/1 1327/2/1 1326/2/1
f 1339/2/1 1327/2/1 1338/2/1
f 1342/2/1 1329/2/1 1328/2/1
f 1343/2/1 1329/2/1 1342/2/1
f 1344/2/1 1333/2/1 1332/2/1
f 1345/2/1 1333/2/1 1344/2/1
f 1346/2/1 1335/2/1 1334/2/1
f 1347/2/1 1335/2/1 1346/2/1
f 1348/2/1 1341/2/1 1340/2/1
f 1349/2/1 1341/2/1 1348/2/1
f 1358/1/1 1351/1/1 1350/1/1
f 1359/1/1 1351/1/1 1358/1/1
f 1364/2/1 1353/2/1 1352/2/1
f 1365/2/1 1353/2/1 1364/2/1
f 1370/2/1 1355/2/1 1354/2/1
f 1371/2/1 1355/2/1 1370/2/1
f 1376/2/1 1357/2/1 1356/2/1
f 1377/2/1 1357/2/1 1376/2/1
f 1378/2/1 1361/2/1 1360/2/1
f 1379/2/1 1361/2/1 1378/2/1
f 1384/2/1 1363/2/1 1362/2/1
f 1385/2/1 1363/2/1 1384/2/1
f 1386/2/1 1367/2/1 1366/2/1
f 1387/2/1 1367/2/1 1386/2/1
f 1392/2/1 1369/2/1 1368/2/1
f 1393/2/1 1369/2/1 1392/2/1
f 1394/2/1 1373/2/1 1372/2/1
f 1395/2/1 1373/2/1 1394/2/1
f 1400/2/1 1375/2/1 1374/2/1
f 1401/2/1 1375/2/1 1400/2/1
f 1402/2/1 1381/2/1 1380/2/1
f 1403/2/1 1381/2/1 1402/2/1
f 1404/2/1 1383/2/1 1382/2/1
f 1405/2/1 1383/2/1 1404/2/1
f 1406/2/1 1389/2/1 1388/2/1
f 1407/2/1 1389/2/1 1406/2/1
f 1408/2/1 1391/2/1 1390/2/1
f 1409/2/1 1391/2/1 1408/2/1
f 1410/2/1 1397/2/1 1396/2/1
f 1411/2/1 1397/2/1 1410/2/1
f 1412/2/1 1399/2/1 1398/2/1
f 1413/2/1 1399/2/1 1412/2/1
f 1414/3/1 1404/3/1 1403/3/1
f 1415/3/1 1404/3/1 1414/3/1
f 1416/3/1 1408/3/1 1407/3/1
f 1417/3/1 1408/3/1 1416/3/1
f 1418/3/1 1412/3/1 1411/3/1
f 1419/3/1 1412/3/1 1418/3/1
f 1425/3/1 1421/3/1 1420/3/1
f 1426/3/1 1421/3/1 1425/3/1
f 1429/3/1 1423/3/1 1422/3/1
f 1430/3/1 1423/3/1 1429/3/1
f 1434/2/1 1425/2/1 1424/2/1
f 1435/2/1 1425/2/1 1434/2/1
f 1436/2/1 1427/2/1 1426/2/1
f 1437/2/1 1427/2/1 1436/2/1
f 1442/2/1 1429/2/1 1428/2/1
f 1443/2/1 1429/2/1 1442/2/1
f 1444/2/1 1431/2/1 1430/2/1
f 1445/2/1 1431/2/1 1444/2/1
f 1446/2/1 1433/2/1 1432/2/1
f 1447/2/1 1433/2/1 1446/2/1
f 1448/2/1 1439/2/1 1438/2/1
f 1449/2/1 1439/2/1 1448/2/1
f 1452/2/1 1441/2/1 1440/2/1
f 1453/2/1 1441/2/1 1452/2/1
f 1454/2/1 1451/2/1 1450/2/1
f 1455/2/1 1451/2/1 1454/2/1
f 1470/2/1 1457/2/1 1456/2/1
f 1471/2/1 1457/2/1 1470/2/1
f 1476/2/1 1459/2/1 1458/2/1
f 1477/2/1 1459/2/1 1476/2/1
f 1478/2/1 1461/2/1 1460/2/1
f 1479/2/1 1461/2/1 1478/2/1
f 1484/2/1 1463/2/1 1462/2/1
f 1485/2/1 1463/2/1 1484/2/1
f 1486/2/1 1465/2/1 1464/2/1
f 1487/2/1 1465/2/1 1486/2/1
f 1492/2/1 1467/2/1 1466/2/1
f 1493/2/1 1467/2/1 1492/2/1
f 1494/2/1 1469/2/1 1468/2/1
f 1495/2/1 1469/2/1 1494/2/1
f 1496/2/1 1469/2/1 1495/2/1
f 1497/2/1 1473/2/1 1472/2/1
f 1498/2/1 1473/2/1 1497/2/1
f 1503/2/1 1475/2/1 1474/2/1
f 1504/2/1 1475/2/1 1503/2/1
f 1505/2/1 1481/2/1 1480/2/1
f 1506/2/1 1481/2/1 1505/2/1
f 1511/2/1 1483/2/1 1482/2/1
f 1512/2/1 1483/2/1 1511/2/1
f 1513/2/1 1489/2/1 1488/2/1
f 1514/2/1 1489/2/1 1513/2/1
f 1519/2/1 1491/2/1 1490/2/1
f 1520/2/1 1491/2/1 1519/2/1
f 1521/3/1 1500/3/1 1499/3/1
f 1522/3/1 1500/3/1 1521/3/1
f 1523/3/1 1502/3/1 1501/3/1
f 1524/3/1 1502/3/1 1523/3/1
f 1525/3/1 1508/3/1 1507/3/1
f 1526/3/1 1508/3/1 1525/3/1
f 1527/3/1 1510/3/1 1509/3/1
f 1528/3/1 1510/3/1 1527/3/1
f 1529/3/1 1516/3/1 1515/3/1
f 1530/3/1 1516/3/1 1529/3/1
f 1531/3/1 1518/3/1 1517/3/1
f 1532/3/1 1518/3/1 1531/3/1
f 1543/3/1 1534/3/1 1533/3/1
f 1544/3/1 1534/3/1 1543/3/1
f 1545/3/1 1536/3/1 1535/3/1
f 1546/3/1 1536/3/1 1545/3/1
f 1551/3/1 1538/3/1 1537/3/1
f 1552/3/1 1538/3/1 1551/3/1
f 1553/3/1 1540/3/1 1539/3/1
f 1554/3/1 1540/3/1 1553/3/1
f 1557/2/1 1542/2/1 1541/2/1
f 1558/2/1 1542/2/1 1557/2/1
f 1559/2/1 1548/2/1 1547/2/1
f 1560/2/1 1548/2/1 1559/2/1
f 1565/2/1 1550/2/1 1549/2/1
f 1566/2/1 1550/2/1 1565/2/1
f 1567/2/1 1556/2/1 1555/2/1
f 1568/2/1 1556/2/1 1567/2/1
f 1569/2/1 1562/2/1 1561/2/1
f 1570/2/1 1562/2/1 1569/2/1
f 1571/2/1 1564/2/1 1563/2/1
f 1572/2/1 1564/2/1 1571/2/1
f 1582/1/1 1574/1/1 1573/1/1
f 1583/2/1 1575/2/1 1574/2/1
f 1583/1/1 1574/1/1 1582/1/1
f 1584/2/1 1575/2/1 1583/2/1
f 1589/2/1 1577/2/1 1576/2/1
f 1590/2/1 1577/2/1 1589/2/1
f 1595/2/1 1579/2/1 1578/2/1
f 1596/2/1 1579/2/1 1595/2/1
f 1601/2/1 1581/2/1 1580/2/1
f 1602/2/1 1581/2/1 1601/2/1
f 1603/2/1 1586/2/1 1585/2/1
f 1604/2/1 1586/2/1 1603/2/1
f 1609/2/1 1588/2/1 1587/2/1
f 1610/2/1 1588/2/1 1609/2/1
f 1611/2/1 1592/2/1 1591/2/1
f 1612/2/1 1592/2/1 1611/2/1
f 1617/2/1 1594/2/1 1593/2/1
f 1618/2/1 1594/2/1 1617/2/1
f 1619/2/1 1598/2/1 1597/2/1
f 1620/2/1 1598/2/1 1619/2/1
f 1625/2/1 1600/2/1 1599/2/1
f 1626/2/1 1600/2/1 1625/2/1
f 1627/2/1 1606/2/1 1605/2/1
f 1628/2/1 1606/2/1 1627/2/1
f 1631/2/1 1608/2/1 1607/2/1
f 1632/2/1 1608/2/1 1631/2/1
f 1633/2/1 1614/2/1 1613/2/1
f 1634/2/1 1614/2/1 1633/2/1
f 1637/2/1 1616/2/1 1615/2/1
f 1638/2/1 1616/2/1 1637/2/1
f 1639/2/1 1622/2/1 1621/2/1
f 1640/2/1 1622/2/1 1639/2/1
f 1643/2/1 1624/2/1 1623/2/1
f 1644/2/1 1624/2/1 1643/2/1
f 1645/3/1 1630/3/1 1629/3/1
f 1646/3/1 1630/3/1 1645/3/1
f 1647/3/1 1636/3/1 1635/3/1
f 1648/3/1 1636/3/1 1647/3/1
f 1649/3/1 1642/3/1 1641/3/1
f 1650/3/1 1642/3/1 1649/3/1
f 1655/3/1 1652/3/1 1651/3/1
f 1656/3/1 1652/3/1 1655/3/1
f 1663/2/1 1654/2/1 1653/2/1
f 1664/2/1 1654/2/1 1663/2/1
f 1665/2/1 1658/2/1 1657/2/1
f 1666/2/1 1658/2/1 1665/2/1
f 1671/2/1 1660/2/1 1659/2/1
f 1672/2/1 1660/2/1 1671/2/1
f 1675/2/1 1662/2/1 1661/2/1
f 1676/2/1 1662/2/1 1675/2/1
f 1677/2/1 1668/2/1 1667/2/1
f 1678/2/1 1668/2/1 1677/2/1
f 1681/2/1 1670/2/1 1669/2/1
f 1682/2/1 1670/2/1 1681/2/1
f 1683/2/1 1674/2/1 1673/2/1
f 1684/2/1 1674/2/1 1683/2/1
f 1685/2/1 1680/2/1 1679/2/1
f 1686/2/1 1680/2/1 1685/2/1
f 1701/2/1 1688/2/1 1687/2/1
f 1702/2/1 1688/2/1 1701/2/1
f 1707/2/1 1690/2/1 1689/2/1
f 1708/2/1 1690/2/1 1707/2/1
f 1709/2/1 1692/2/1 1691/2/1
f 1710/2/1 1692/2/1 1709/2/1
f 1715/2/1 1694/2/1 1693/2/1
f 1716/2/1 1694/2/1 1715/2/1
f 1717/2/1 1696/2/1 1695/2/1
f 1718/2/1 1696/2/1 1717/2/1
f 1723/2/1 1698/2/1 1697/2/1
f 1724/2/1 1698/2/1 1723/2/1
f 1725/2/1 1700/2/1 1699/2/1
f 1726/2/1 1700/2/1 1725/2/1
f 1727/2/1 1700/2/1 1726/2/1
f 1728/2/1 1704/2/1 1703/2/1
f 1729/2/1 1704/2/1 1728/2/1
f 1734/2/1 1706/2/1 1705/2/1
f 1735/2/1 1706/2/1 1734/2/1
f 1736/2/1 1712/2/1 1711/2/1
f 1737/2/1 1712/2/1 1736/2/1
f 1742/2/1 1714/2/1 1713/2/1
f 1743/2/1 1714/2/1 1742/2/1
f 1744/2/1 1720/2/1 1719/2/1
f 1745/2/1 1720/2/1 1744/2/1
f 1748/2/1 1722/2/1 1721/2/1
f 1749/2/1 1722/2/1 1748/2/1
f 1750/3/1 1731/3/1 1730/3/1
f 1751/3/1 1731/3/1 1750/3/1
f 1752/3/1 1733/3/1 1732/3/1
f 1753/3/1 1733/3/1 1752/3/1
f 1754/3/1 1739/3/1 1738/3/1
f 1755/3/1 1739/3/1 1754/3/1
f 1756/3/1 1741/3/1 1740/3/1
f 1757/3/1 1741/3/1 1756/3/1
f 1758/3/1 1747/3/1 1746/3/1
f 1759/3/1 1747/3/1 1758/3/1
f 1766/3/1 1761/3/1 1760/3/1
f 1767/3/1 1761/3/1 1766/3/1
f 1768/3/1 1763/3/1 1762/3/1
f 1769/3/1 1763/3/1 1768/3/1
f 1776/2/1 1765/2/1 1764/2/1
f 1777/2/1 1765/2/1 1776/2/1
f 1778/2/1 1771/2/1 1770/2/1
f 1779/2/1 1771/2/1 1778/2/1
f 1784/2/1 1773/2/1 1772/2/1
f 1785/2/1 1773/2/1 1784/2/1
f 1786/2/1 1775/2/1 1774/2/1
f 1787/2/1 1775/2/1 1786/2/1
f 1788/2/1 1781/2/1 1780/2/1
f 1789/2/1 1781/2/1 1788/2/1
f 1790/2/1 1783/2/1 1782/2/1
f 1791/2/1 1783/2/1 1790/2/1
f 1804/2/1 1793/2/1 1792/2/1
f 1805/2/1 1793/2/1 1804/2/1
f 1810/2/1 1795/2/1 1794/2/1
f 1811/2/1 1795/2/1 1810/2/1
f 1812/2/1 1797/2/1 1796/2/1
f 1813/2/1 1797/2/1 1812/2/1
f 1818/2/1 1799/2/1 1798/2/1
f 1819/2/1 1799/2/1 1818/2/1
f 1820/2/1 1801/2/1 1800/2/1
f 1821/2/1 1801/2/1 1820/2/1
f 1826/2/1 1803/2/1 1802/2/1
f 1827/2/1 1803/2/1 1826/2/1
f 1828/2/1 1807/2/1 1806/2/1
f 1829/2/1 1807/2/1 1828/2/1
f 1832/2/1 1809/2/1 1808/2/1
f 1833/2/1 1809/2/1 1832/2/1
f 1834/2/1 1815/2/1 1814/2/1
f 1835/2/1 1815/2/1 1834/2/1
f 1838/2/1 1817/2/1 1816/2/1
f 1839/2/1 1817/2/1 1838/2/1
f 1840/2/1 1823/2/1 1822/2/1
f 1841/2/1 1823/2/1 1840/2/1
f 1842/2/1 1825/2/1 1824/2/1
f 1843/2/1 1825/2/1 1842/2/1
f 1844/3/1 1831/3/1 1830/3/1
f 1845/3/1 1831/3/1 1844/3/1
f 1846/3/1 1837/3/1 1836/3/1
f 1847/3/1 1837/3/1 1846/3/1
f 1852/3/1 1849/3/1 1848/3/1
f 1853/3/1 1849/3/1 1852/3/1
f 1860/2/1 1851/2/1 1850/2/1
f 1861/2/1 1851/2/1 1860/2/1
f 1862/2/1 1855/2/1 1854/2/1
f 1863/2/1 1855/2/1 1862/2/1
f 1868/2/1 1857/2/1 1856/2/1
f 1869/2/1 1857/2/1 1868/2/1
f 1870/2/1 1859/2/1 1858/2/1
f 1871/2/1 1859/2/1 1870/2/1
f 1872/2/1 1865/2/1 1864/2/1
f 1873/2/1 1865/2/1 1872/2/1
f 1874/2/1 1867/2/1 1866/2/1
f 1875/2/1 1867/2/1 1874/2/1
f 1885/1/1 1877/1/1 1876/1/1
f 1886/2/1 1878/2/1 1877/2/1
f 1886/1/1 1877/1/1 1885/1/1
f 1887/2/1 1878/2/1 1886/2/1
f 1888/2/1 1880/2/1 1879/2/1
f 1889/2/1 1880/2/1 1888/2/1
f 1890/2/1 1882/2/1 1881/2/1
f 1891/2/1 1882/2/1 1890/2/1
f 1892/2/1 1884/2/1 1883/2/1
f 1893/2/1 1884/2/1 1892/2/1
f 1906/3/1 1895/3/1 1894/3/1
f 1907/3/1 1895/3/1 1906/3/1
f 1908/3/1 1897/3/1 1896/3/1
f 1909/3/1 1897/3/1 1908/3/1
f 1910/3/1 1899/3/1 1898/3/1
f 1911/3/1 1899/3/1 1910/3/1
f 1912/3/1 1901/3/1 1900/3/1
f 1913/3/1 1901/3/1 1912/3/1
f 1914/3/1 1903/3/1 1902/3/1
f 1915/3/1 1903/3/1 1914/3/1
f 1916/3/1 1905/3/1 1904/3/1
f 1917/3/1 1905/3/1 1916/3/1
f 1922/3/1 1919/3/1 1918/3/1
f 1923/3/1 1919/3/1 1922/3/1
f 1924/3/1 1921/3/1 1920/3/1
f 1925/3/1 1921/3/1 1924/3/1
f 1930/2/1 1927/2/1 1926/2/1
f 1931/2/1 1927/2/1 1930/2/1
f 1932/2/1 1929/2/1 1928/2/1
f 1933/2/1 1929/2/1 1932/2/1
f 1948/2/1 1935/2/1 1934/2/1
f 1949/2/1 1935/2/1 1948/2/1
f 1954/2/1 1937/2/1 1936/2/1
f 1955/2/1 1937/2/1 1954/2/1
f 1956/2/1 1939/2/1 1938/2/1
f 1957/2/1 1939/2/1 1956/2/1
f 1962/2/1 1941/2/1 1940/2/1
f 1963/2/1 1941/2/1 1962/2/1
f 1964/2/1 1943/2/1 1942/2/1
f 1965/2/1 1943/2/1 1964/2/1
f 1970/2/1 1945/2/1 1944/2/1
f 1971/2/1 1945/2/1 1970/2/1
f 1972/2/1 1947/2/1 1946/2/1
f 1973/2/1 1947/2/1 1972/2/1
f 1974/2/1 1951/2/1 1950/2/1
f 1975/2/1 1951/2/1 1974/2/1
f 1976/2/1 1953/2/1 1952/2/1
f 1977/2/1 1953/2/1 1976/2/1
f 1978/2/1 1959/2/1 1958/2/1
f 1979/2/1 1959/2/1 1978/2/1
f 1980/2/1 1961/2/1 1960/2/1
f 1981/2/1 1961/2/1 1980/2/1
f 1982/2/1 1967/2/1 1966/2/1
f 1983/2/1 1967/2/1 1982/2/1
f 1986/2/1 1969/2/1 1968/2/1
f 1987/2/1 1969/2/1 1986/2/1
f 1990/3/1 1985/3/1 1984/3/1
f 1991/3/1 1985/3/1 1990/3/1
f 1992/2/1 1989/2/1 1988/2/1
f 1993/2/1 1989/2/1 1992/2/1
f 2000/2/1 1995/2/1 1994/2/1
f 2001/2/1 1995/2/1 2000/2/1
f 2002/2/1 1997/2/1 1996/2/1
f 2003/2/1 1997/2/1 2002/2/1
f 2008/2/1 1999/2/1 1998/2/1
f 2009/2/1 1999/2/1 2008/2/1
f 2010/2/1 2005/2/1 2004/2/1
f 2011/2/1 2005/2/1 2010/2/1
f 2012/2/1 2007/2/1 2006/2/1
f 2013/2/1 2007/2/1 2012/2/1
f 2028/2/1 2015/2/1 2014/2/1
f 2029/2/1 2015/2/1 2028/2/1
f 2030/2/1 2017/2/1 2016/2/1
f 2031/2/1 2017/2/1 2030/2/1
f 2032/2/1 2019/2/1 2018/2/1
f 2033/2/1 2019/2/1 2032/2/1
f 2034/2/1 2021/2/1 2020/2/1
f 2035/2/1 2021/2/1 2034/2/1
f 2036/2/1 2023/2/1 2022/2/1
f 2037/2/1 2023/2/1 2036/2/1
f 2038/2/1 2025/2/1 2024/2/1
f 2039/2/1 2025/2/1 2038/2/1
f 2040/2/1 2027/2/1 2026/2/1
f 2041/2/1 2027/2/1 2040/2/1
f 2043/2/1 2042/2/1 2041/2/1
f 2044/2/1 2042/2/1 2043/2/1
f 2047/2/1 2046/2/1 2045/2/1
f 2048/2/1 2046/2/1 2047/2/1
f 2057/2/1 2050/2/1 2049/2/1
f 2058/2/1 2050/2/1 2057/2/1
f 2059/2/1 2052/2/1 2051/2/1
f 2060/2/1 2052/2/1 2059/2/1
f 2061/2/1 2054/2/1 2053/2/1
f 2062/2/1 2054/2/1 2061/2/1
f 2063/2/1 2056/2/1 2055/2/1
f 2064/2/1 2056/2/1 2063/2/1
f 2079/2/1 2066/2/1 2065/2/1
f 2080/2/1 2066/2/1 2079/2/1
f 2085/2/1 2068/2/1 2067/2/1
f 2086/2/1 2068/2/1 2085/2/1
f 2087/2/1 2070/2/1 2069/2/1
f 2088/2/1 2070/2/1 2087/2/1
f 2093/2/1 2072/2/1 2071/2/1
f 2094/2/1 2072/2/1 2093/2/1
f 2095/2/1 2074/2/1 2073/2/1
f 2096/2/1 2074/2/1 2095/2/1
f 2101/2/1 2076/2/1 2075/2/1
f 2102/2/1 2076/2/1 2101/2/1
f 2103/2/1 2078/2/1 2077/2/1
f 2104/2/1 2078/2/1 2103/2/1
f 2105/2/1 2082/2/1 2081/2/1
f 2106/2/1 2082/2/1 2105/2/1
f 2107/2/1 2084/2/1 2083/2/1
f 2108/2/1 2084/2/1 2107/2/1
f 2109/2/1 2090/2/1 2089/2/1
f 2110/2/1 2090/2/1 2109/2/1
f 2111/2/1 2092/2/1 2091/2/1
f 2112/2/1 2092/2/1 2111/2/1
f 2113/2/1 2098/2/1 2097/2/1
f 2114/2/1 2098/2/1 2113/2/1
f 2115/2/1 2100/2/1 2099/2/1
f 2116/2/1 2100/2/1 2115/2/1
f 2119/2/1 2118/2/1 2117/2/1
f 2120/2/1 2118/2/1 2119/2/1
f 2123/2/1 2122/2/1 2121/2/1
f 2124/2/1 2122/2/1 2123/2/1
f 2131/2/1 2126/2/1 2125/2/1
f 2132/2/1 2126/2/1 2131/2/1
f 2135/2/1 2128/2/1 2127/2/1
f 2136/2/1 2128/2/1 2135/2/1
f 2137/2/1 2130/2/1 2129/2/1
f 2138/2/1 2130/2/1 2137/2/1
f 2141/2/1 2134/2/1 2133/2/1
f 2142/2/1 2134/2/1 2141/2/1
f 2143/2/1 2140/2/1 2139/2/1
f 2144/2/1 2140/2/1 2143/2/1
f 2152/2/1 2146/2/1 2145/2/1
f 2153/2/1 2146/2/1 2152/2/1
f 2154/3/1 2148/3/1 2147/3/1
f 2155/3/1 2148/3/1 2154/3/1
f 2156/3/1 2150/3/1 2149/3/1
f 2157/3/1 2150/3/1 2156/3/1
f 2158/2/1 2152/2/1 2151/2/1
f 2159/2/1 2152/2/1 2158/2/1
f 2162/3/1 2161/3/1 2160/3/1
f 2163/3/1 2161/3/1 2162/3/1
f 2166/2/1 2165/2/1 2164/2/1
f 2167/2/1 2165/2/1 2166/2/1
f 2170/2/1 2169/2/1 2168/2/1
f 2171/2/1 2169/2/1 2170/2/1
f 2174/2/1 2173/2/1 2172/2/1
f 2175/2/1 2173/2/1 2174/2/1
f 2182/2/1 2177/2/1 2176/2/1
f 2183/2/1 2177/2/1 2182/2/1
f 2188/2/1 2179/2/1 2178/2/1
f 2189/2/1 2179/2/1 2188/2/1
f 2190/2/1 2181/2/1 2180/2/1
f 2191/2/1 2181/2/1 2190/2/1
f 2202/2/1 2185/2/1 2184/2/1
f 2203/2/1 2185/2/1 2202/2/1
f 2206/3/1 2187/3/1 2186/3/1
f 2207/3/1 2187/3/1 2206/3/1
f 2208/2/1 2193/2/1 2192/2/1
f 2209/2/1 2193/2/1 2208/2/1
f 2214/2/1 2195/2/1 2194/2/1
f 2215/2/1 2195/2/1 2214/2/1
f 2216/2/1 2197/2/1 2196/2/1
f 2217/2/1 2197/2/1 2216/2/1
f 2222/3/1 2199/3/1 2198/3/1
f 2223/3/1 2199/3/1 2222/3/1
f 2224/2/1 2201/2/1 2200/2/1
f 2225/2/1 2201/2/1 2224/2/1
f 2228/3/1 2205/3/1 2204/3/1
f 2229/3/1 2205/3/1 2228/3/1
f 2230/2/1 2211/2/1 2210/2/1
f 2231/2/1 2211/2/1 2230/2/1
f 2232/3/1 2213/3/1 2212/3/1
f 2233/3/1 2213/3/1 2232/3/1
f 2234/2/1 2219/2/1 2218/2/1
f 2235/2/1 2219/2/1 2234/2/1
f 2236/2/1 2221/2/1 2220/2/1
f 2237/2/1 2221/2/1 2236/2/1
f 2238/2/1 2227/2/1 2226/2/1
f 2239/2/1 2227/2/1 2238/2/1
f 2248/2/1 2241/2/1 2240/2/1
f 2249/2/1 2241/2/1 2248/2/1
f 2250/3/1 2243/3/1 2242/3/1
f 2251/3/1 2243/3/1 2250/3/1
f 2256/2/1 2245/2/1 2244/2/1
f 2257/2/1 2245/2/1 2256/2/1
f 2260/2/1 2247/2/1 2246/2/1
f 2261/2/1 2247/2/1 2260/2/1
f 2262/2/1 2253/2/1 2252/2/1
f 2263/2/1 2253/2/1 2262/2/1
f 2264/2/1 2255/2/1 2254/2/1
f 2265/2/1 2255/2/1 2264/2/1
f 2266/2/1 2259/2/1 2258/2/1
f 2267/2/1 2259/2/1 2266/2/1
f 2273/1/1 2269/1/1 2268/1/1
f 2274/2/1 2270/2/1 2269/2/1
f 2274/1/1 2269/1/1 2273/1/1
f 2275/2/1 2270/2/1 2274/2/1
f 2276/2/1 2272/2/1 2271/2/1
f 2277/2/1 2272/2/1 2276/2/1
f 2283/2/1 2279/2/1 2278/2/1
f 2284/2/1 2279/2/1 2283/2/1
f 2285/3/1 2281/3/1 2280/3/1
f 2286/2/1 2282/2/1 2281/2/1
f 2286/3/1 2281/3/1 2285/3/1
f 2287/2/1 2282/2/1 2286/2/1
f 2292/2/1 2289/2/1 2288/2/1
f 2293/2/1 2289/2/1 2292/2/1
f 2294/2/1 2291/2/1 2290/2/1
f 2295/2/1 2291/2/1 2294/2/1
f 2302/2/1 2297/2/1 2296/2/1
f 2303/2/1 2297/2/1 2302/2/1
f 2308/2/1 2299/2/1 2298/2/1
f 2309/2/1 2299/2/1 2308/2/1
f 2310/2/1 2301/2/1 2300/2/1
f 2311/2/1 2301/2/1 2310/2/1
f 2322/2/1 2305/2/1 2304/2/1
f 2323/2/1 2305/2/1 2322/2/1
f 2324/3/1 2307/3/1 2306/3/1
f 2325/3/1 2307/3/1 2324/3/1
f 2326/2/1 2313/2/1 2312/2/1
f 2327/2/1 2313/2/1 2326/2/1
f 2330/3/1 2315/3/1 2314/3/1
f 2331/3/1 2315/3/1 2330/3/1
f 2332/2/1 2317/2/1 2316/2/1
f 2333/2/1 2317/2/1 2332/2/1
f 2336/2/1 2319/2/1 2318/2/1
f 2337/2/1 2319/2/1 2336/2/1
f 2338/2/1 2321/2/1 2320/2/1
f 2339/2/1 2321/2/1 2338/2/1
f 2340/2/1 2329/2/1 2328/2/1
f 2341/2/1 2329/2/1 2340/2/1
f 2342/2/1 2335/2/1 2334/2/1
f 2343/2/1 2335/2/1 2342/2/1
f 2350/2/1 2345/2/1 2344/2/1
f 2351/2/1 2345/2/1 2350/2/1
f 2356/2/1 2347/2/1 2346/2/1
f 2359/2/1 2349/2/1 2348/2/1
f 2360/2/1 2349/2/1 2359/2/1
f 2361/3/1 2353/3/1 2352/3/1
f 2362/3/1 2353/3/1 2361/3/1
f 2363/2/1 2355/2/1 2354/2/1
f 2364/2/1 2355/2/1 2363/2/1
f 2365/2/1 2347/2/1 2356/2/1
f 2366/2/1 2347/2/1 2365/2/1
f 2367/2/1 2358/2/1 2357/2/1
f 2368/2/1 2358/2/1 2367/2/1
f 2375/2/1 2370/2/1 2369/2/1
f 2376/2/1 2370/2/1 2375/2/1
f 2381/2/1 2372/2/1 2371/2/1
f 2382/2/1 2372/2/1 2381/2/1
f 2383/2/1 2374/2/1 2373/2/1
f 2384/2/1 2374/2/1 2383/2/1
f 2397/2/1 2378/2/1 2377/2/1
f 2398/2/1 2378/2/1 2397/2/1
f 2401/3/1 2380/3/1 2379/3/1
f 2402/3/1 2380/3/1 2401/3/1
f 2403/2/1 2386/2/1 2385/2/1
f 2404/2/1 2386/2/1 2403/2/1
f 2409/3/1 2388/3/1 2387/3/1
f 2410/2/1 2389/2/1 2388/2/1
f 2410/3/1 2388/3/1 2409/3/1
f 2411/2/1 2389/2/1 2410/2/1
f 2412/2/1 2391/2/1 2390/2/1
f 2413/2/1 2391/2/1 2412/2/1
f 2418/2/1 2393/2/1 2392/2/1
f 2419/3/1 2394/3/1 2393/3/1
f 2419/2/1 2393/2/1 2418/2/1
f 2420/3/1 2394/3/1 2419/3/1
f 2421/2/1 2396/2/1 2395/2/1
f 2422/2/1 2396/2/1 2421/2/1
f 2423/3/1 2400/3/1 2399/3/1
f 2424/3/1 2400/3/1 2423/3/1
f 2425/2/1 2406/2/1 2405/2/1
f 2426/2/1 2406/2/1 2425/2/1
f 2427/3/1 2408/3/1 2407/3/1
f 2428/3/1 2408/3/1 2427/3/1
f 2429/2/1 2415/2/1 2414/2/1
f 2430/2/1 2415/2/1 2429/2/1
f 2431/2/1 2417/2/1 2416/2/1
f 2432/2/1 2417/2/1 2431/2/1
f 2441/2/1 2434/2/1 2433/2/1
f 2442/2/1 2434/2/1 2441/2/1
f 2443/3/1 2436/3/1 2435/3/1
f 2444/3/1 2436/3/1 2443/3/1
f 2450/2/1 2438/2/1 2437/2/1
f 2451/2/1 2438/2/1 2450/2/1
f 2454/2/1 2440/2/1 2439/2/1
f 2455/2/1 2440/2/1 2454/2/1
f 2456/3/1 2446/3/1 2445/3/1
f 2457/2/1 2447/2/1 2446/2/1
f 2457/3/1 2446/3/1 2456/3/1
f 2458/2/1 2447/2/1 2457/2/1
f 2459/2/1 2449/2/1 2448/2/1
f 2460/2/1 2449/2/1 2459/2/1
f 2461/2/1 2453/2/1 2452/2/1
f 2462/2/1 2453/2/1 2461/2/1
f 2468/1/1 2464/1/1 2463/1/1
f 2469/2/1 2465/2/1 2464/2/1
f 2469/1/1 2464/1/1 2468/1/1
f 2470/2/1 2465/2/1 2469/2/1
f 2475/2/1 2467/2/1 2466/2/1
f 2476/2/1 2467/2/1 2475/2/1
f 2484/2/1 2472/2/1 2471/2/1
f 2485/2/1 2472/2/1 2484/2/1
f 2486/2/1 2474/2/1 2473/2/1
f 2487/2/1 2474/2/1 2486/2/1
f 2488/2/1 2478/2/1 2477/2/1
f 2489/2/1 2478/2/1 2488/2/1
f 2494/2/1 2480/2/1 2479/2/1
f 2495/2/1 2480/2/1 2494/2/1
f 2500/3/1 2482/3/1 2481/3/1
f 2501/2/1 2483/2/1 2482/2/1
f 2501/3/1 2482/3/1 2500/3/1
f 2502/2/1 2483/2/1 2501/2/1
f 2503/2/1 2491/2/1 2490/2/1
f 2504/2/1 2491/2/1 2503/2/1
f 2507/3/1 2493/3/1 2492/3/1
f 2508/3/1 2493/3/1 2507/3/1
f 2509/2/1 2497/2/1 2496/2/1
f 2510/2/1 2497/2/1 2509/2/1
f 2513/2/1 2499/2/1 2498/2/1
f 2514/2/1 2499/2/1 2513/2/1
f 2515/2/1 2506/2/1 2505/2/1
f 2516/2/1 2506/2/1 2515/2/1
f 2517/2/1 2512/2/1 2511/2/1
f 2518/2/1 2512/2/1 2517/2/1
f 2525/2/1 2520/2/1 2519/2/1
f 2526/2/1 2520/2/1 2525/2/1
f 2531/2/1 2522/2/1 2521/2/1
f 2532/2/1 2522/2/1 2531/2/1
f 2533/2/1 2522/2/1 2532/2/1
f 2536/2/1 2524/2/1 2523/2/1
f 2537/2/1 2524/2/1 2536/2/1
f 2538/3/1 2528/3/1 2527/3/1
f 2539/3/1 2528/3/1 2538/3/1
f 2542/2/1 2530/2/1 2529/2/1
f 2543/2/1 2530/2/1 2542/2/1
f 2546/2/1 2535/2/1 2534/2/1
f 2547/2/1 2535/2/1 2546/2/1
f 2548/2/1 2541/2/1 2540/2/1
f 2549/2/1 2541/2/1 2548/2/1
f 2552/2/1 2545/2/1 2544/2/1
f 2553/2/1 2545/2/1 2552/2/1
f 2554/2/1 2551/2/1 2550/2/1
f 2555/2/1 2551/2/1 2554/2/1
f 2562/2/1 2557/2/1 2556/2/1
f 2563/2/1 2557/2/1 2562/2/1
f 2564/2/1 2559/2/1 2558/2/1
f 2565/2/1 2559/2/1 2564/2/1
f 2566/2/1 2561/2/1 2560/2/1
f 2567/2/1 2561/2/1 2566/2/1
f 2580/2/1 2569/2/1 2568/2/1
f 2581/2/1 2569/2/1 2580/2/1
f 2586/3/1 2571/3/1 2570/3/1
f 2587/2/1 2572/2/1 2571/2/1
f 2587/3/1 2571/3/1 2586/3/1
f 2588/2/1 2572/2/1 2587/2/1
f 2589/2/1 2574/2/1 2573/2/1
f 2590/2/1 2574/2/1 2589/2/1
f 2595/2/1 2576/2/1 2575/2/1
f 2596/3/1 2577/3/1 2576/3/1
f 2596/2/1 2576/2/1 2595/2/1
f 2597/3/1 2577/3/1 2596/3/1
f 2598/2/1 2579/2/1 2578/2/1
f 2599/2/1 2579/2/1 2598/2/1
f 2600/2/1 2583/2/1 2582/2/1
f 2601/2/1 2583/2/1 2600/2/1
f 2602/3/1 2585/3/1 2584/3/1
f 2603/3/1 2585/3/1 2602/3/1
f 2604/2/1 2592/2/1 2591/2/1
f 2605/2/1 2592/2/1 2604/2/1
f 2606/2/1 2594/2/1 2593/2/1
f 2607/2/1 2594/2/1 2606/2/1
f 2608/2/1 2602/2/1 2601/2/1
f 2609/2/1 2602/2/1 2608/2/1
f 2610/2/1 2606/2/1 2605/2/1
f 2611/2/1 2606/2/1 2610/2/1
f 2617/2/1 2613/2/1 2612/2/1
f 2618/2/1 2613/2/1 2617/2/1
f 2621/2/1 2615/2/1 2614/2/1
f 2622/2/1 2615/2/1 2621/2/1
f 2625/2/1 2617/2/1 2616/2/1
f 2626/2/1 2617/2/1 2625/2/1
f 2627/3/1 2619/3/1 2618/3/1
f 2628/3/1 2619/3/1 2627/3/1
f 2634/2/1 2621/2/1 2620/2/1
f 2635/2/1 2621/2/1 2634/2/1
f 2640/2/1 2624/2/1 2623/2/1
f 2641/2/1 2624/2/1 2640/2/1
f 2642/3/1 2630/3/1 2629/3/1
f 2643/2/1 2631/2/1 2630/2/1
f 2643/3/1 2630/3/1 2642/3/1
f 2644/2/1 2631/2/1 2643/2/1
f 2645/2/1 2633/2/1 2632/2/1
f 2646/2/1 2633/2/1 2645/2/1
f 2647/2/1 2637/2/1 2636/2/1
f 2648/2/1 2637/2/1 2647/2/1
f 2649/2/1 2639/2/1 2638/2/1
f 2650/2/1 2639/2/1 2649/2/1
f 2656/1/1 2652/1/1 2651/1/1
f 2657/2/1 2653/2/1 2652/2/1
f 2657/1/1 2652/1/1 2656/1/1
f 2658/2/1 2653/2/1 2657/2/1
f 2659/2/1 2655/2/1 2654/2/1
f 2660/2/1 2655/2/1 2659/2/1
f 2668/2/1 2662/2/1 2661/2/1
f 2669/2/1 2662/2/1 2668/2/1
f 2675/2/1 2664/2/1 2663/2/1
f 2676/2/1 2664/2/1 2675/2/1
f 2682/3/1 2666/3/1 2665/3/1
f 2683/2/1 2667/2/1 2666/2/1
f 2683/3/1 2666/3/1 2682/3/1
f 2684/2/1 2667/2/1 2683/2/1
f 2687/2/1 2671/2/1 2670/2/1
f 2688/2/1 2671/2/1 2687/2/1
f 2691/3/1 2673/3/1 2672/3/1
f 2692/2/1 2674/2/1 2673/2/1
f 2692/3/1 2673/3/1 2691/3/1
f 2693/2/1 2674/2/1 2692/2/1
f 2694/2/1 2678/2/1 2677/2/1
f 2695/2/1 2678/2/1 2694/2/1
f 2698/2/1 2680/2/1 2679/2/1
f 2699/3/1 2681/3/1 2680/3/1
f 2699/2/1 2680/2/1 2698/2/1
f 2700/3/1 2681/3/1 2699/3/1
f 2701/2/1 2686/2/1 2685/2/1
f 2702/2/1 2686/2/1 2701/2/1
f 2703/2/1 2689/2/1 2688/2/1
f 2704/2/1 2689/2/1 2703/2/1
f 2705/3/1 2691/3/1 2690/3/1
f 2706/3/1 2691/3/1 2705/3/1
f 2707/2/1 2696/2/1 2695/2/1
f 2708/2/1 2696/2/1 2707/2/1
f 2709/2/1 2698/2/1 2697/2/1
f 2710/2/1 2698/2/1 2709/2/1
f 2711/2/1 2705/2/1 2704/2/1
f 2712/2/1 2705/2/1 2711/2/1
f 2713/2/1 2709/2/1 2708/2/1
f 2714/2/1 2709/2/1 2713/2/1
f 2720/2/1 2716/2/1 2715/2/1
f 2721/2/1 2716/2/1 2720/2/1
f 2724/2/1 2718/2/1 2717/2/1
f 2725/2/1 2718/2/1 2724/2/1
f 2728/2/1 2720/2/1 2719/2/1
f 2729/2/1 2720/2/1 2728/2/1
f 2730/3/1 2722/3/1 2721/3/1
f 2731/3/1 2722/3/1 2730/3/1
f 2735/2/1 2724/2/1 2723/2/1
f 2736/2/1 2724/2/1 2735/2/1
f 2739/2/1 2728/2/1 2727/2/1
f 2740/2/1 2728/2/1 2739/2/1
f 2741/3/1 2732/3/1 2731/3/1
f 2742/2/1 2733/2/1 2732/2/1
f 2742/3/1 2732/3/1 2741/3/1
f 2743/2/1 2733/2/1 2742/2/1
f 2746/2/1 2735/2/1 2734/2/1
f 2747/2/1 2735/2/1 2746/2/1
f 2748/2/1 2726/2/1 2725/2/1
f 2749/2/1 2726/2/1 2748/2/1
f 2752/2/1 2738/2/1 2737/2/1
f 2753/2/1 2738/2/1 2752/2/1
f 2754/2/1 2745/2/1 2744/2/1
f 2755/2/1 2745/2/1 2754/2/1
f 2758/2/1 2751/2/1 2750/2/1
f 2759/2/1 2751/2/1 2758/2/1
f 2760/2/1 2757/2/1 2756/2/1
f 2761/2/1 2757/2/1 2760/2/1
f 2764/2/1 2763/2/1 2762/2/1
f 2765/2/1 2763/2/1 2764/2/1
f 2773/2/1 2767/2/1 2766/2/1
f 2774/2/1 2767/2/1 2773/2/1
f 2778/2/1 2769/2/1 2768/2/1
f 2779/2/1 2769/2/1 2778/2/1
f 2784/3/1 2771/3/1 2770/3/1
f 2785/2/1 2772/2/1 2771/2/1
f 2785/3/1 2771/3/1 2784/3/1
f 2786/2/1 2772/2/1 2785/2/1
f 2789/2/1 2775/2/1 2774/2/1
f 2790/2/1 2775/2/1 2789/2/1
f 2793/3/1 2777/3/1 2776/3/1
f 2794/3/1 2777/3/1 2793/3/1
f 2795/2/1 2781/2/1 2780/2/1
f 2796/2/1 2781/2/1 2795/2/1
f 2799/2/1 2783/2/1 2782/2/1
f 2800/2/1 2783/2/1 2799/2/1
f 2801/2/1 2788/2/1 2787/2/1
f 2802/2/1 2788/2/1 2801/2/1
f 2803/2/1 2791/2/1 2790/2/1
f 2804/2/1 2791/2/1 2803/2/1
f 2805/3/1 2793/3/1 2792/3/1
f 2806/3/1 2793/3/1 2805/3/1
f 2807/2/1 2797/2/1 2796/2/1
f 2808/2/1 2797/2/1 2807/2/1
f 2809/2/1 2799/2/1 2798/2/1
f 2810/2/1 2799/2/1 2809/2/1
f 2811/2/1 2805/2/1 2804/2/1
f 2812/2/1 2805/2/1 2811/2/1
f 2813/2/1 2809/2/1 2808/2/1
f 2814/2/1 2809/2/1 2813/2/1
f 2820/2/1 2816/2/1 2815/2/1
f 2821/2/1 2816/2/1 2820/2/1
f 2824/2/1 2818/2/1 2817/2/1
f 2825/2/1 2818/2/1 2824/2/1
f 2828/2/1 2820/2/1 2819/2/1
f 2829/2/1 2820/2/1 2828/2/1
f 2830/3/1 2822/3/1 2821/3/1
f 2831/3/1 2822/3/1 2830/3/1
f 2834/2/1 2824/2/1 2823/2/1
f 2835/2/1 2824/2/1 2834/2/1
f 2836/2/1 2826/2/1 2825/2/1
f 2837/2/1 2826/2/1 2836/2/1
f 2840/2/1 2828/2/1 2827/2/1
f 2841/2/1 2828/2/1 2840/2/1
f 2842/3/1 2832/3/1 2831/3/1
f 2843/3/1 2832/3/1 2842/3/1
f 2846/2/1 2834/2/1 2833/2/1
f 2847/2/1 2834/2/1 2846/2/1
f 2848/2/1 2838/2/1 2837/2/1
f 2849/2/1 2838/2/1 2848/2/1
f 2852/2/1 2840/2/1 2839/2/1
f 2853/2/1 2840/2/1 2852/2/1
f 2854/2/1 2845/2/1 2844/2/1
f 2855/2/1 2845/2/1 2854/2/1
f 2858/2/1 2851/2/1 2850/2/1
f 2859/2/1 2851/2/1 2858/2/1
f 2860/2/1 2857/2/1 2856/2/1
f 2861/2/1 2857/2/1 2860/2/1
f 2864/2/1 2863/2/1 2862/2/1
f 2865/2/1 2863/2/1 2864/2/1
f 2872/2/1 2866/2/1 2865/2/1
f 2873/2/1 2866/2/1 2872/2/1
f 2876/2/1 2868/2/1 2867/2/1
f 2877/2/1 2868/2/1 2876/2/1
f 2878/2/1 2868/2/1 2877/2/1
f 2879/2/1 2868/2/1 2878/2/1
f 2882/3/1 2870/3/1 2869/3/1
f 2883/3/1 2870/3/1 2882/3/1
f 2884/2/1 2871/2/1 2870/2/1
f 2884/3/1 2870/3/1 2883/3/1
f 2885/2/1 2871/2/1 2884/2/1
f 2886/2/1 2871/2/1 2885/2/1
f 2887/2/1 2874/2/1 2873/2/1
f 2888/2/1 2874/2/1 2887/2/1
f 2891/3/1 2876/3/1 2875/3/1
f 2892/2/1 2877/2/1 2876/2/1
f 2892/3/1 2876/3/1 2891/3/1
f 2893/2/1 2877/2/1 2892/2/1
f 2894/2/1 2880/2/1 2879/2/1
f 2894/2/1 2879/2/1 2878/2/1
f 2895/2/1 2880/2/1 2894/2/1
f 2898/2/1 2882/2/1 2881/2/1
f 2899/3/1 2883/3/1 2882/3/1
f 2899/2/1 2882/2/1 2898/2/1
f 2900/3/1 2883/3/1 2899/3/1
f 2901/2/1 2886/2/1 2885/2/1
f 2902/2/1 2886/2/1 2901/2/1
f 2903/2/1 2889/2/1 2888/2/1
f 2904/2/1 2889/2/1 2903/2/1
f 2905/3/1 2891/3/1 2890/3/1
f 2906/3/1 2891/3/1 2905/3/1
f 2907/2/1 2896/2/1 2895/2/1
f 2908/2/1 2896/2/1 2907/2/1
f 2909/2/1 2898/2/1 2897/2/1
f 2910/2/1 2898/2/1 2909/2/1
f 2911/2/1 2905/2/1 2904/2/1
f 2912/2/1 2905/2/1 2911/2/1
f 2913/2/1 2909/2/1 2908/2/1
f 2914/2/1 2909/2/1 2913/2/1
f 2920/2/1 2916/2/1 2915/2/1
f 2921/2/1 2916/2/1 2920/2/1
f 2924/2/1 2918/2/1 2917/2/1
f 2925/2/1 2918/2/1 2924/2/1
f 2928/2/1 2920/2/1 2919/2/1
f 2929/2/1 2920/2/1 2928/2/1
f 2930/3/1 2922/3/1 2921/3/1
f 2931/3/1 2922/3/1 2930/3/1
f 2935/2/1 2924/2/1 2923/2/1
f 2936/2/1 2924/2/1 2935/2/1
f 2937/2/1 2926/2/1 2925/2/1
f 2938/2/1 2926/2/1 2937/2/1
f 2941/2/1 2928/2/1 2927/2/1
f 2942/2/1 2928/2/1 2941/2/1
f 2943/3/1 2932/3/1 2931/3/1
f 2944/2/1 2933/2/1 2932/2/1
f 2944/3/1 2932/3/1 2943/3/1
f 2945/2/1 2933/2/1 2944/2/1
f 2946/2/1 2935/2/1 2934/2/1
f 2947/2/1 2935/2/1 2946/2/1
f 2948/2/1 2935/2/1 2947/2/1
f 2949/2/1 2939/2/1 2938/2/1
f 2950/2/1 2939/2/1 2949/2/1
f 2952/2/1 2941/2/1 2940/2/1
f 2953/2/1 2941/2/1 2952/2/1
f 2954/2/1 2945/2/1 2944/2/1
f 2954/2/1 2946/2/1 2945/2/1
f 2954/2/1 2947/2/1 2946/2/1
f 2955/2/1 2947/2/1 2954/2/1
f 2957/2/1 2939/2/1 2950/2/1
f 2958/2/1 2939/2/1 2957/2/1
f 2959/2/1 2952/2/1 2951/2/1
f 2960/2/1 2952/2/1 2959/2/1
f 2961/2/1 2957/2/1 2956/2/1
f 2962/2/1 2957/2/1 2961/2/1
f 2965/2/1 2964/2/1 2963/2/1
f 2966/2/1 2964/2/1 2965/2/1
f 2969/2/1 2968/2/1 2967/2/1
f 2970/2/1 2968/2/1 2969/2/1
f 2971/2/1 2968/2/1 2970/2/1
f 2980/2/1 2971/2/1 2970/2/1
f 2980/2/1 2972/2/1 2971/2/1
f 2981/2/1 2972/2/1 2980/2/1
f 2982/2/1 2972/2/1 2981/2/1
f 2986/2/1 2974/2/1 2973/2/1
f 2987/2/1 2974/2/1 2986/2/1
f 2988/2/1 2974/2/1 2987/2/1
f 2989/2/1 2974/2/1 2988/2/1
f 2993/3/1 2976/3/1 2975/3/1
f 2994/3/1 2976/3/1 2993/3/1
f 2995/2/1 2977/2/1 2976/2/1
f 2995/3/1 2976/3/1 2994/3/1
f 2996/2/1 2977/2/1 2995/2/1
f 2997/2/1 2977/2/1 2996/2/1
f 2998/2/1 2979/2/1 2978/2/1
f 2999/2/1 2979/2/1 2998/2/1
f 3000/2/1 2982/2/1 2981/2/1
f 3000/2/1 2983/2/1 2982/2/1
f 3001/2/1 2983/2/1 3000/2/1
f 3002/2/1 2983/2/1 3001/2/1
f 3005/3/1 2985/3/1 2984/3/1
f 3006/3/1 2985/3/1 3005/3/1
f 3007/2/1 2986/2/1 2985/2/1
f 3007/3/1 2985/3/1 3006/3/1
f 3007/2/1 2987/2/1 2986/2/1
f 3008/2/1 2987/2/1 3007/2/1
f 3009/2/1 2989/2/1 2988/2/1
f 3009/2/1 2990/2/1 2989/2/1
f 3010/2/1 2990/2/1 3009/2/1
f 3011/2/1 2990/2/1 3010/2/1
f 3014/2/1 2992/2/1 2991/2/1
f 3015/2/1 2992/2/1 3014/2/1
f 3016/3/1 2994/3/1 2993/3/1
f 3016/2/1 2992/2/1 3015/2/1
f 3016/3/1 2993/3/1 2992/3/1
f 3017/3/1 2994/3/1 3016/3/1
f 3018/2/1 2997/2/1 2996/2/1
f 3019/2/1 2997/2/1 3018/2/1
f 3020/2/1 3003/2/1 3002/2/1
f 3020/2/1 3002/2/1 3001/2/1
f 3021/2/1 3003/2/1 3020/2/1
f 3022/2/1 3003/2/1 3021/2/1
f 3023/3/1 3006/3/1 3005/3/1
f 3023/3/1 3005/3/1 3004/3/1
f 3024/3/1 3006/3/1 3023/3/1
f 3025/3/1 3006/3/1 3024/3/1
f 3026/2/1 3012/2/1 3011/2/1
f 3026/2/1 3011/2/1 3010/2/1
f 3027/2/1 3012/2/1 3026/2/1
f 3028/2/1 3012/2/1 3027/2/1
f 3029/2/1 3015/2/1 3014/2/1
f 3029/2/1 3014/2/1 3013/2/1
f 3030/2/1 3015/2/1 3029/2/1
f 3031/2/1 3015/2/1 3030/2/1
f 3032/2/1 3022/2/1 3021/2/1
f 3032/2/1 3023/2/1 3022/2/1
f 3033/2/1 3023/2/1 3032/2/1
f 3034/3/1 3024/3/1 3023/3/1
f 3034/2/1 3023/2/1 3033/2/1
f 3035/3/1 3024/3/1 3034/3/1
f 3036/2/1 3028/2/1 3027/2/1
f 3036/2/1 3030/2/1 3029/2/1
f 3036/2/1 3029/2/1 3028/2/1
f 3037/2/1 3030/2/1 3036/2/1
f 3038/2/1 3030/2/1 3037/2/1
f 3039/2/1 3030/2/1 3038/2/1
f 3040/2/1 3034/2/1 3033/2/1
f 3041/2/1 3034/2/1 3040/2/1
f 3042/2/1 3038/2/1 3037/2/1
f 3043/2/1 3038/2/1 3042/2/1
f 3049/2/1 3045/2/1 3044/2/1
f 3050/2/1 3045/2/1 3049/2/1
f 3053/2/1 3047/2/1 3046/2/1
f 3054/2/1 3047/2/1 3053/2/1
f 3057/2/1 3049/2/1 3048/2/1
f 3057/2/1 3050/2/1 3049/2/1
f 3058/2/1 3050/2/1 3057/2/1
f 3059/3/1 3051/3/1 3050/3/1
f 3059/2/1 3050/2/1 3058/2/1
f 3060/3/1 3051/3/1 3059/3/1
f 3063/2/1 3054/2/1 3053/2/1
f 3063/2/1 3055/2/1 3054/2/1
f 3063/2/1 3053/2/1 3052/2/1
f 3064/2/1 3055/2/1 3063/2/1
f 3065/2/1 3055/2/1 3064/2/1
f 3066/2/1 3055/2/1 3065/2/1
f 3069/2/1 3058/2/1 3057/2/1
f 3069/2/1 3057/2/1 3056/2/1
f 3070/2/1 3058/2/1 3069/2/1
f 3071/2/1 3058/2/1 3070/2/1
f 3072/3/1 3061/3/1 3060/3/1
f 3072/3/1 3060/3/1 3059/3/1
f 3073/3/1 3061/3/1 3072/3/1
f 3074/3/1 3061/3/1 3073/3/1
f 3078/2/1 3064/2/1 3063/2/1
f 3078/2/1 3063/2/1 3062/2/1
f 3079/2/1 3064/2/1 3078/2/1
f 3080/2/1 3064/2/1 3079/2/1
f 3081/2/1 3066/2/1 3065/2/1
f 3081/2/1 3067/2/1 3066/2/1
f 3082/2/1 3067/2/1 3081/2/1
f 3083/2/1 3067/2/1 3082/2/1
f 3087/2/1 3070/2/1 3069/2/1
f 3087/2/1 3069/2/1 3068/2/1
f 3088/2/1 3070/2/1 3087/2/1
f 3089/2/1 3070/2/1 3088/2/1
f 3090/3/1 3075/3/1 3074/3/1
f 3090/3/1 3074/3/1 3073/3/1
f 3091/2/1 3076/2/1 3075/2/1
f 3091/3/1 3075/3/1 3090/3/1
f 3092/2/1 3076/2/1 3091/2/1
f 3093/2/1 3076/2/1 3092/2/1
f 3094/2/1 3078/2/1 3077/2/1
f 3094/2/1 3079/2/1 3078/2/1
f 3095/2/1 3079/2/1 3094/2/1
f 3096/2/1 3079/2/1 3095/2/1
f 3097/2/1 3083/2/1 3082/2/1
f 3097/2/1 3084/2/1 3083/2/1
f 3098/3/1 3085/3/1 3084/3/1
f 3098/2/1 3084/2/1 3097/2/1
f 3100/2/1 3088/2/1 3087/2/1
f 3100/2/1 3087/2/1 3086/2/1
f 3101/2/1 3088/2/1 3100/2/1
f 3102/2/1 3088/2/1 3101/2/1
f 3103/2/1 3095/2/1 3094/2/1
f 3103/2/1 3093/2/1 3092/2/1
f 3103/2/1 3094/2/1 3093/2/1
f 3104/2/1 3095/2/1 3103/2/1
f 3105/3/1 3085/3/1 3098/3/1
f 3106/3/1 3085/3/1 3105/3/1
f 3107/2/1 3101/2/1 3100/2/1
f 3107/2/1 3100/2/1 3099/2/1
f 3108/2/1 3101/2/1 3107/2/1
f 3111/2/1 3110/2/1 3109/2/1
f 3112/2/1 3110/2/1 3111/2/1
f 3115/2/1 3114/2/1 3113/2/1
f 3116/2/1 3114/2/1 3115/2/1
f 3117/2/1 3114/2/1 3116/2/1
f 3124/2/1 3117/2/1 3116/2/1
f 3124/2/1 3118/2/1 3117/2/1
f 3125/2/1 3118/2/1 3124/2/1
f 3126/2/1 3118/2/1 3125/2/1
f 3130/2/1 3120/2/1 3119/2/1
f 3131/2/1 3120/2/1 3130/2/1
f 3135/3/1 3122/3/1 3121/3/1
f 3136/2/1 3123/2/1 3122/2/1
f 3137/2/1 3126/2/1 3125/2/1
f 3137/2/1 3127/2/1 3126/2/1
f 3138/2/1 3127/2/1 3137/2/1
f 3139/2/1 3127/2/1 3138/2/1
f 3142/3/1 3129/3/1 3128/3/1
f 3143/2/1 3130/2/1 3129/2/1
f 3143/2/1 3131/2/1 3130/2/1
f 3143/2/1 3132/2/1 3131/2/1
f 3144/2/1 3132/2/1 3143/2/1
f 3145/2/1 3132/2/1 3144/2/1
f 3148/2/1 3134/2/1 3133/2/1
f 3149/3/1 3135/3/1 3134/3/1
f 3150/2/1 3136/2/1 3122/2/1
f 3150/3/1 3135/3/1 3149/3/1
f 3150/3/1 3122/3/1 3135/3/1
f 3151/2/1 3136/2/1 3150/2/1
f 3152/2/1 3140/2/1 3139/2/1
f 3152/2/1 3139/2/1 3138/2/1
f 3153/2/1 3140/2/1 3152/2/1
f 3154/2/1 3140/2/1 3153/2/1
f 3157/3/1 3142/3/1 3141/3/1
f 3158/3/1 3129/3/1 3142/3/1
f 3158/3/1 3142/3/1 3157/3/1
f 3159/2/1 3143/2/1 3129/2/1
f 3159/3/1 3129/3/1 3158/3/1
f 3160/2/1 3143/2/1 3159/2/1
f 3161/2/1 3146/2/1 3145/2/1
f 3161/2/1 3145/2/1 3144/2/1
f 3162/2/1 3146/2/1 3161/2/1
f 3163/2/1 3146/2/1 3162/2/1
f 3166/2/1 3148/2/1 3147/2/1
f 3167/2/1 3134/2/1 3148/2/1
f 3167/2/1 3148/2/1 3166/2/1
f 3168/3/1 3149/3/1 3134/3/1
f 3168/2/1 3134/2/1 3167/2/1
f 3169/3/1 3149/3/1 3168/3/1
f 3170/2/1 3155/2/1 3154/2/1
f 3170/2/1 3154/2/1 3153/2/1
f 3171/2/1 3155/2/1 3170/2/1
f 3172/2/1 3155/2/1 3171/2/1
f 3173/3/1 3157/3/1 3156/3/1
f 3173/3/1 3158/3/1 3157/3/1
f 3174/3/1 3158/3/1 3173/3/1
f 3175/3/1 3158/3/1 3174/3/1
f 3176/2/1 3164/2/1 3163/2/1
f 3176/2/1 3163/2/1 3162/2/1
f 3177/2/1 3164/2/1 3176/2/1
f 3178/2/1 3164/2/1 3177/2/1
f 3179/2/1 3167/2/1 3166/2/1
f 3179/2/1 3166/2/1 3165/2/1
f 3180/2/1 3167/2/1 3179/2/1
f 3181/2/1 3167/2/1 3180/2/1
f 3182/2/1 3172/2/1 3171/2/1
f 3182/2/1 3173/2/1 3172/2/1
f 3183/2/1 3173/2/1 3182/2/1
f 3184/3/1 3174/3/1 3173/3/1
f 3184/2/1 3173/2/1 3183/2/1
f 3185/3/1 3174/3/1 3184/3/1
f 3186/2/1 3178/2/1 3177/2/1
f 3186/2/1 3180/2/1 3179/2/1
f 3186/2/1 3179/2/1 3178/2/1
f 3187/2/1 3180/2/1 3186/2/1
f 3188/2/1 3180/2/1 3187/2/1
f 3189/2/1 3180/2/1 3188/2/1
f 3191/2/1 3184/2/1 3183/2/1
f 3192/2/1 3184/2/1 3191/2/1
f 3195/2/1 3188/2/1 3187/2/1
f 3196/2/1 3188/2/1 3195/2/1
f 3199/2/1 3191/2/1 3190/2/1
f 3199/2/1 3192/2/1 3191/2/1
f 3200/2/1 3192/2/1 3199/2/1
f 3201/3/1 3193/3/1 3192/3/1
f 3201/2/1 3192/2/1 3200/2/1
f 3202/3/1 3193/3/1 3201/3/1
f 3205/2/1 3197/2/1 3196/2/1
f 3205/2/1 3196/2/1 3195/2/1
f 3205/2/1 3195/2/1 3194/2/1
f 3206/2/1 3197/2/1 3205/2/1
f 3207/2/1 3197/2/1 3206/2/1
f 3208/2/1 3197/2/1 3207/2/1
f 3211/2/1 3200/2/1 3199/2/1
f 3211/2/1 3199/2/1 3198/2/1
f 3212/2/1 3200/2/1 3211/2/1
f 3213/2/1 3200/2/1 3212/2/1
f 3214/3/1 3203/3/1 3202/3/1
f 3214/3/1 3202/3/1 3201/3/1
f 3215/3/1 3203/3/1 3214/3/1
f 3216/3/1 3203/3/1 3215/3/1
f 3220/2/1 3206/2/1 3205/2/1
f 3220/2/1 3205/2/1 3204/2/1
f 3221/2/1 3206/2/1 3220/2/1
f 3222/2/1 3206/2/1 3221/2/1
f 3223/2/1 3208/2/1 3207/2/1
f 3223/2/1 3209/2/1 3208/2/1
f 3224/2/1 3209/2/1 3223/2/1
f 3225/2/1 3209/2/1 3224/2/1
f 3229/2/1 3212/2/1 3211/2/1
f 3229/2/1 3211/2/1 3210/2/1
f 3230/2/1 3212/2/1 3229/2/1
f 3231/2/1 3212/2/1 3230/2/1
f 3232/3/1 3217/3/1 3216/3/1
f 3232/3/1 3216/3/1 3215/3/1
f 3233/3/1 3217/3/1 3232/3/1
f 3234/2/1 3218/2/1 3217/2/1
f 3235/2/1 3220/2/1 3219/2/1
f 3235/2/1 3221/2/1 3220/2/1
f 3236/2/1 3221/2/1 3235/2/1
f 3237/2/1 3221/2/1 3236/2/1
f 3238/2/1 3225/2/1 3224/2/1
f 3238/2/1 3226/2/1 3225/2/1
f 3239/2/1 3226/2/1 3238/2/1
f 3241/2/1 3230/2/1 3229/2/1
f 3241/2/1 3229/2/1 3228/2/1
f 3242/2/1 3230/2/1 3241/2/1
f 3243/2/1 3230/2/1 3242/2/1
f 3244/3/1 3217/3/1 3233/3/1
f 3245/2/1 3236/2/1 3235/2/1
f 3245/3/1 3217/3/1 3244/3/1
f 3245/2/1 3234/2/1 3217/2/1
f 3245/2/1 3235/2/1 3234/2/1
f 3246/2/1 3236/2/1 3245/2/1
f 3247/2/1 3236/2/1 3246/2/1
f 3248/2/1 3236/2/1 3247/2/1
f 3249/2/1 3226/2/1 3239/2/1
f 3250/3/1 3227/3/1 3226/3/1
f 3250/2/1 3226/2/1 3249/2/1
f 3251/3/1 3227/3/1 3250/3/1
f 3253/2/1 3242/2/1 3241/2/1
f 3253/2/1 3241/2/1 3240/2/1
f 3254/2/1 3242/2/1 3253/2/1
f 3255/2/1 3247/2/1 3246/2/1
f 3256/2/1 3247/2/1 3255/2/1
f 3257/2/1 3253/2/1 3252/2/1
f 3258/2/1 3253/2/1 3257/2/1
f 3261/2/1 3260/2/1 3259/2/1
f 3268/2/1 3261/2/1 3259/2/1
f 3268/2/1 3262/2/1 3261/2/1
f 3269/2/1 3262/2/1 3268/2/1
f 3270/2/1 3262/2/1 3269/2/1
f 3274/2/1 3264/2/1 3263/2/1
f 3275/2/1 3264/2/1 3274/2/1
f 3279/3/1 3266/3/1 3265/3/1
f 3280/2/1 3267/2/1 3266/2/1
f 3280/3/1 3266/3/1 3279/3/1
f 3281/2/1 3267/2/1 3280/2/1
f 3282/2/1 3270/2/1 3269/2/1
f 3282/2/1 3271/2/1 3270/2/1
f 3283/2/1 3271/2/1 3282/2/1
f 3284/2/1 3271/2/1 3283/2/1
f 3287/3/1 3273/3/1 3272/3/1
f 3288/2/1 3274/2/1 3273/2/1
f 3288/2/1 3275/2/1 3274/2/1
f 3288/2/1 3276/2/1 3275/2/1
f 3291/2/1 3278/2/1 3277/2/1
f 3292/3/1 3279/3/1 3278/3/1
f 3292/3/1 3280/3/1 3279/3/1
f 3293/3/1 3280/3/1 3292/3/1
f 3294/2/1 3289/2/1 3288/2/1
f 3294/2/1 3288/2/1 3273/2/1
f 3295/2/1 3289/2/1 3294/2/1
f 3296/3/1 3292/3/1 3278/3/1
f 3297/3/1 3292/3/1 3296/3/1
f 3298/2/1 3285/2/1 3284/2/1
f 3298/2/1 3284/2/1 3283/2/1
f 3299/2/1 3285/2/1 3298/2/1
f 3300/2/1 3285/2/1 3299/2/1
f 3303/3/1 3287/3/1 3286/3/1
f 3304/3/1 3273/3/1 3287/3/1
f 3304/2/1 3294/2/1 3273/2/1
f 3304/3/1 3287/3/1 3303/3/1
f 3305/2/1 3294/2/1 3304/2/1
f 3306/2/1 3289/2/1 3295/2/1
f 3307/2/1 3289/2/1 3306/2/1
f 3308/2/1 3289/2/1 3307/2/1
f 3311/2/1 3291/2/1 3290/2/1
f 3312/2/1 3278/2/1 3291/2/1
f 3312/3/1 3296/3/1 3278/3/1
f 3312/2/1 3291/2/1 3311/2/1
f 3313/3/1 3296/3/1 3312/3/1
f 3315/2/1 3301/2/1 3300/2/1
f 3315/2/1 3300/2/1 3299/2/1
f 3316/2/1 3301/2/1 3315/2/1
f 3317/2/1 3301/2/1 3316/2/1
f 3318/3/1 3303/3/1 3302/3/1
f 3318/3/1 3304/3/1 3303/3/1
f 3319/3/1 3304/3/1 3318/3/1
f 3320/3/1 3304/3/1 3319/3/1
f 3323/2/1 3309/2/1 3308/2/1
f 3323/2/1 3308/2/1 3307/2/1
f 3324/2/1 3309/2/1 3323/2/1
f 3325/2/1 3309/2/1 3324/2/1
f 3326/2/1 3311/2/1 3310/2/1
f 3326/2/1 3312/2/1 3311/2/1
f 3327/2/1 3312/2/1 3326/2/1
f 3328/2/1 3312/2/1 3327/2/1
f 3330/2/1 3321/2/1 3320/2/1
f 3331/2/1 3324/2/1 3323/2/1
f 3331/2/1 3323/2/1 3322/2/1
f 3333/2/1 3316/2/1 3315/2/1
f 3333/2/1 3315/2/1 3314/2/1
f 3334/2/1 3316/2/1 3333/2/1
f 3335/2/1 3316/2/1 3334/2/1
f 3336/3/1 3320/3/1 3319/3/1
f 3337/3/1 3320/3/1 3336/3/1
f 3338/2/1 3331/2/1 3330/2/1
f 3338/2/1 3324/2/1 3331/2/1
f 3339/2/1 3324/2/1 3338/2/1
f 3340/2/1 3328/2/1 3327/2/1
f 3341/2/1 3328/2/1 3340/2/1
f 3343/2/1 3333/2/1 3332/2/1
f 3343/2/1 3334/2/1 3333/2/1
f 3344/2/1 3334/2/1 3343/2/1
f 3345/2/1 3334/2/1 3344/2/1
f 3346/3/1 3320/3/1 3337/3/1
f 3347/2/1 3330/2/1 3320/2/1
f 3347/3/1 3320/3/1 3346/3/1
f 3347/2/1 3338/2/1 3330/2/1
f 3348/2/1 3338/2/1 3347/2/1
f 3349/2/1 3338/2/1 3348/2/1
f 3350/2/1 3338/2/1 3349/2/1
f 3351/2/1 3328/2/1 3341/2/1
f 3352/3/1 3329/3/1 3328/3/1
f 3352/2/1 3328/2/1 3351/2/1
f 3353/3/1 3329/3/1 3352/3/1
f 3354/2/1 3344/2/1 3343/2/1
f 3354/2/1 3343/2/1 3342/2/1
f 3355/2/1 3344/2/1 3354/2/1
f 3356/2/1 3349/2/1 3348/2/1
f 3357/2/1 3349/2/1 3356/2/1
f 3358/2/1 3354/2/1 3342/2/1
f 3359/2/1 3354/2/1 3358/2/1
f 3362/2/1 3361/2/1 3360/2/1
f 3368/2/1 3363/2/1 3362/2/1
f 3371/2/1 3365/2/1 3364/2/1
f 3372/2/1 3365/2/1 3371/2/1
f 3375/3/1 3367/3/1 3366/3/1
f 3376/3/1 3367/3/1 3375/3/1
f 3376/3/1 3375/3/1 3374/3/1
f 3377/3/1 3367/3/1 3376/3/1
f 3378/2/1 3369/2/1 3368/2/1
f 3378/2/1 3368/2/1 3362/2/1
f 3379/2/1 3369/2/1 3378/2/1
f 3380/2/1 3373/2/1 3372/2/1
f 3380/2/1 3371/2/1 3370/2/1
f 3380/2/1 3372/2/1 3371/2/1
f 3381/2/1 3373/2/1 3380/2/1
f 3382/2/1 3373/2/1 3381/2/1
f 3383/2/1 3373/2/1 3382/2/1
f 3384/3/1 3376/3/1 3374/3/1
f 3385/3/1 3376/3/1 3384/3/1
f 3386/2/1 3382/2/1 3381/2/1
f 3387/2/1 3382/2/1 3386/2/1
f 3388/2/1 3362/2/1 3360/2/1
f 3388/2/1 3378/2/1 3362/2/1
f 3389/2/1 3378/2/1 3388/2/1
f 3390/2/1 3388/2/1 3360/2/1
f 3391/2/1 3388/2/1 3390/2/1
f 3392/2/2 3393/2/2 3394/2/2
f 3394/2/2 3393/2/2 3395/2/2
f 3397/2/2 3398/2/2 3403/2/2
f 3399/2/2 3400/2/2 3406/2/2
f 3406/2/2 3400/2/2 3407/2/2
f 3401/2/2 3402/2/2 3409/2/2
f 3409/2/2 3402/2/2 3410/2/2
f 3403/2/2 3404/2/2 3413/2/2
f 3407/2/2 3408/2/2 3415/2/2
f 3405/2/2 3406/2/2 3415/2/2
f 3406/2/2 3407/2/2 3415/2/2
f 3415/2/2 3408/2/2 3416/2/2
f 3416/2/2 3408/2/2 3417/2/2
f 3417/2/2 3408/2/2 3418/2/2
f 3411/2/2 3412/2/2 3420/2/2
f 3396/1/2 3397/1/2 3421/1/2
f 3413/2/2 3414/2/2 3422/2/2
f 3421/1/2 3397/1/2 3422/1/2
f 3397/2/2 3403/2/2 3422/2/2
f 3403/2/2 3413/2/2 3422/2/2
f 3422/2/2 3414/2/2 3423/2/2
f 3423/2/2 3414/2/2 3424/2/2
f 3416/2/2 3417/2/2 3425/2/2
f 3425/2/2 3417/2/2 3426/2/2
f 3419/2/2 3420/2/2 3428/2/2
f 3428/2/2 3420/2/2 3429/2/2
f 3420/2/2 3412/2/2 3430/2/2
f 3429/2/2 3420/2/2 3430/2/2
f 3422/2/2 3423/2/2 3432/2/2
f 3432/2/2 3423/2/2 3433/2/2
f 3428/2/2 3429/2/2 3435/2/2
f 3427/2/2 3428/2/2 3435/2/2
f 3435/2/2 3429/2/2 3436/2/2
f 3436/2/2 3429/2/2 3437/2/2
f 3431/1/2 3432/1/2 3438/1/2
f 3438/1/2 3432/1/2 3439/1/2
f 3435/2/2 3436/2/2 3441/2/2
f 3434/2/2 3435/2/2 3441/2/2
f 3441/2/2 3436/2/2 3442/2/2
f 3442/2/2 3436/2/2 3443/2/2
f 3440/2/2 3441/2/2 3444/2/2
f 3441/2/2 3442/2/2 3444/2/2
f 3444/2/2 3442/2/2 3445/2/2
f 3440/2/2 3444/2/2 3446/2/2
f 3446/2/2 3444/2/2 3447/2/2
f 3451/2/2 3452/2/2 3455/2/2
f 3453/2/2 3454/2/2 3458/2/2
f 3458/2/2 3454/2/2 3459/2/2
f 3455/2/2 3456/2/2 3461/2/2
f 3459/2/2 3460/2/2 3464/2/2
f 3457/2/2 3458/2/2 3464/2/2
f 3458/2/2 3459/2/2 3464/2/2
f 3464/2/2 3460/2/2 3465/2/2
f 3448/2/2 3449/2/2 3467/2/2
f 3467/2/2 3449/2/2 3468/2/2
f 3450/1/2 3451/1/2 3470/1/2
f 3461/2/2 3462/2/2 3471/2/2
f 3470/1/2 3451/1/2 3471/1/2
f 3451/2/2 3455/2/2 3471/2/2
f 3455/2/2 3461/2/2 3471/2/2
f 3471/2/2 3462/2/2 3472/2/2
f 3465/2/2 3466/2/2 3473/2/2
f 3464/2/2 3465/2/2 3473/2/2
f 3463/2/2 3464/2/2 3473/2/2
f 3473/2/2 3466/2/2 3474/2/2
f 3472/2/2 3462/2/2 3480/2/2
f 3480/2/2 3462/2/2 3481/2/2
f 3481/2/2 3462/2/2 3482/2/2
f 3463/2/2 3473/2/2 3485/2/2
f 3485/2/2 3473/2/2 3486/2/2
f 3486/2/2 3473/2/2 3487/2/2
f 3474/2/2 3466/2/2 3488/2/2
f 3488/2/2 3466/2/2 3489/2/2
f 3489/2/2 3466/2/2 3490/2/2
f 3475/2/2 3476/2/2 3493/2/2
f 3493/2/2 3476/2/2 3494/2/2
f 3477/3/2 3478/3/2 3497/3/2
f 3478/2/2 3479/2/2 3498/2/2
f 3468/2/2 3469/2/2 3500/2/2
f 3500/2/2 3469/2/2 3501/2/2
f 3501/2/2 3502/2/2 3503/2/2
f 3503/2/2 3502/2/2 3504/2/2
f 3504/2/2 3505/2/2 3506/2/2
f 3504/2/2 3506/2/2 3509/2/2
f 3506/2/2 3507/2/2 3509/2/2
f 3509/2/2 3507/2/2 3510/2/2
f 3510/2/2 3507/2/2 3511/2/2
f 3482/2/2 3483/2/2 3512/2/2
f 3481/2/2 3482/2/2 3512/2/2
f 3509/2/2 3510/2/2 3515/2/2
f 3508/2/2 3509/2/2 3515/2/2
f 3515/2/2 3510/2/2 3516/2/2
f 3516/2/2 3510/2/2 3517/2/2
f 3512/2/2 3513/2/2 3518/2/2
f 3481/2/2 3512/2/2 3518/2/2
f 3518/2/2 3513/2/2 3519/2/2
f 3484/3/2 3485/3/2 3520/3/2
f 3485/2/2 3486/2/2 3521/2/2
f 3490/2/2 3491/2/2 3524/2/2
f 3489/2/2 3490/2/2 3524/2/2
f 3524/2/2 3491/2/2 3525/2/2
f 3525/2/2 3491/2/2 3526/2/2
f 3494/2/2 3495/2/2 3527/2/2
f 3492/2/2 3493/2/2 3527/2/2
f 3493/2/2 3494/2/2 3527/2/2
f 3527/2/2 3495/2/2 3528/2/2
f 3528/2/2 3495/2/2 3529/2/2
f 3529/2/2 3495/2/2 3530/2/2
f 3496/3/2 3497/3/2 3531/3/2
f 3497/3/2 3478/3/2 3532/3/2
f 3531/3/2 3497/3/2 3532/3/2
f 3498/2/2 3499/2/2 3533/2/2
f 3478/2/2 3498/2/2 3533/2/2
f 3533/2/2 3499/2/2 3534/2/2
f 3515/2/2 3516/2/2 3536/2/2
f 3514/2/2 3515/2/2 3536/2/2
f 3536/2/2 3516/2/2 3537/2/2
f 3520/3/2 3485/3/2 3540/3/2
f 3521/2/2 3522/2/2 3541/2/2
f 3540/3/2 3485/3/2 3541/3/2
f 3485/2/2 3521/2/2 3541/2/2
f 3541/2/2 3522/2/2 3542/2/2
f 3524/2/2 3525/2/2 3543/2/2
f 3523/2/2 3524/2/2 3543/2/2
f 3528/2/2 3529/2/2 3544/2/2
f 3544/2/2 3529/2/2 3545/2/2
f 3532/3/2 3478/3/2 3546/3/2
f 3478/2/2 3533/2/2 3547/2/2
f 3546/3/2 3478/3/2 3547/3/2
f 3547/2/2 3533/2/2 3548/2/2
f 3535/2/2 3536/2/2 3550/2/2
f 3550/2/2 3536/2/2 3551/2/2
f 3538/1/2 3539/1/2 3552/1/2
f 3552/1/2 3539/1/2 3553/1/2
f 3542/2/2 3543/2/2 3554/2/2
f 3541/2/2 3542/2/2 3554/2/2
f 3554/2/2 3543/2/2 3555/2/2
f 3543/2/2 3525/2/2 3556/2/2
f 3555/2/2 3543/2/2 3556/2/2
f 3556/2/2 3525/2/2 3557/2/2
f 3549/2/2 3550/2/2 3559/2/2
f 3559/2/2 3550/2/2 3560/2/2
f 3555/2/2 3556/2/2 3561/2/2
f 3561/2/2 3556/2/2 3562/2/2
f 3562/2/2 3556/2/2 3563/2/2
f 3563/2/2 3556/2/2 3564/2/2
f 3558/2/2 3559/2/2 3566/2/2
f 3566/2/2 3559/2/2 3567/2/2
f 3562/2/2 3563/2/2 3568/2/2
f 3568/2/2 3563/2/2 3569/2/2
f 3569/2/2 3563/2/2 3570/2/2
f 3570/2/2 3563/2/2 3571/2/2
f 3569/2/2 3570/2/2 3572/2/2
f 3572/2/2 3570/2/2 3573/2/2
f 3565/2/2 3566/2/2 3576/2/2
f 3576/2/2 3566/2/2 3577/2/2
f 3573/2/2 3574/2/2 3578/2/2
f 3578/2/2 3574/2/2 3579/2/2
f 3575/2/2 3576/2/2 3580/2/2
f 3580/2/2 3576/2/2 3581/2/2
f 3585/2/2 3586/2/2 3589/2/2
f 3587/2/2 3588/2/2 3592/2/2
f 3592/2/2 3588/2/2 3593/2/2
f 3584/1/2 3585/1/2 3595/1/2
f 3589/2/2 3590/2/2 3596/2/2
f 3595/1/2 3585/1/2 3596/1/2
f 3585/2/2 3589/2/2 3596/2/2
f 3596/2/2 3590/2/2 3597/2/2
f 3597/2/2 3590/2/2 3598/2/2
f 3593/2/2 3594/2/2 3601/2/2
f 3592/2/2 3593/2/2 3601/2/2
f 3591/2/2 3592/2/2 3601/2/2
f 3601/2/2 3594/2/2 3602/2/2
f 3602/2/2 3594/2/2 3603/2/2
f 3603/2/2 3594/2/2 3604/2/2
f 3598/2/2 3599/2/2 3611/2/2
f 3597/2/2 3598/2/2 3611/2/2
f 3611/2/2 3599/2/2 3612/2/2
f 3612/2/2 3599/2/2 3613/2/2
f 3600/2/2 3601/2/2 3616/2/2
f 3601/2/2 3602/2/2 3616/2/2
f 3616/2/2 3602/2/2 3617/2/2
f 3617/2/2 3602/2/2 3618/2/2
f 3604/2/2 3605/2/2 3619/2/2
f 3603/2/2 3604/2/2 3619/2/2
f 3619/2/2 3605/2/2 3620/2/2
f 3620/2/2 3605/2/2 3621/2/2
f 3606/2/2 3607/2/2 3625/2/2
f 3625/2/2 3607/2/2 3626/2/2
f 3608/3/2 3609/3/2 3630/3/2
f 3609/2/2 3610/2/2 3631/2/2
f 3582/2/2 3583/2/2 3633/2/2
f 3633/2/2 3583/2/2 3634/2/2
f 3613/2/2 3614/2/2 3635/2/2
f 3612/2/2 3613/2/2 3635/2/2
f 3635/2/2 3614/2/2 3636/2/2
f 3636/2/2 3614/2/2 3637/2/2
f 3615/3/2 3616/3/2 3640/3/2
f 3616/2/2 3617/2/2 3641/2/2
f 3640/3/2 3616/3/2 3641/3/2
f 3641/2/2 3617/2/2 3642/2/2
f 3620/2/2 3621/2/2 3643/2/2
f 3621/2/2 3622/2/2 3643/2/2
f 3643/2/2 3622/2/2 3644/2/2
f 3644/2/2 3622/2/2 3645/2/2
f 3623/3/2 3624/3/2 3648/3/2
f 3624/2/2 3625/2/2 3649/2/2
f 3625/2/2 3626/2/2 3649/2/2
f 3626/2/2 3627/2/2 3649/2/2
f 3628/2/2 3629/2/2 3652/2/2
f 3631/2/2 3632/2/2 3653/2/2
f 3649/2/2 3650/2/2 3657/2/2
f 3624/2/2 3649/2/2 3657/2/2
f 3657/2/2 3650/2/2 3658/2/2
f 3629/3/2 3630/3/2 3659/3/2
f 3630/3/2 3609/3/2 3659/3/2
f 3653/2/2 3654/2/2 3660/2/2
f 3659/3/2 3609/3/2 3660/3/2
f 3609/2/2 3631/2/2 3660/2/2
f 3631/2/2 3653/2/2 3660/2/2
f 3660/2/2 3654/2/2 3661/2/2
f 3637/2/2 3638/2/2 3662/2/2
f 3636/2/2 3637/2/2 3662/2/2
f 3662/2/2 3638/2/2 3663/2/2
f 3663/2/2 3638/2/2 3664/2/2
f 3639/3/2 3640/3/2 3665/3/2
f 3640/3/2 3641/3/2 3665/3/2
f 3665/3/2 3641/3/2 3666/3/2
f 3666/3/2 3641/3/2 3667/3/2
f 3645/2/2 3646/2/2 3668/2/2
f 3644/2/2 3645/2/2 3668/2/2
f 3668/2/2 3646/2/2 3669/2/2
f 3669/2/2 3646/2/2 3670/2/2
f 3647/3/2 3648/3/2 3673/3/2
f 3624/2/2 3657/2/2 3674/2/2
f 3648/3/2 3624/3/2 3674/3/2
f 3673/3/2 3648/3/2 3674/3/2
f 3674/2/2 3657/2/2 3675/2/2
f 3658/2/2 3650/2/2 3676/2/2
f 3676/2/2 3650/2/2 3677/2/2
f 3677/2/2 3650/2/2 3678/2/2
f 3651/2/2 3652/2/2 3681/2/2
f 3629/3/2 3659/3/2 3682/3/2
f 3652/2/2 3629/2/2 3682/2/2
f 3681/2/2 3652/2/2 3682/2/2
f 3682/3/2 3659/3/2 3683/3/2
f 3661/2/2 3654/2/2 3684/2/2
f 3684/2/2 3654/2/2 3685/2/2
f 3685/2/2 3654/2/2 3686/2/2
f 3655/2/2 3656/2/2 3688/2/2
f 3688/2/2 3656/2/2 3689/2/2
f 3689/2/2 3690/2/2 3691/2/2
f 3691/2/2 3690/2/2 3692/2/2
f 3692/2/2 3693/2/2 3695/2/2
f 3694/2/2 3695/2/2 3697/2/2
f 3695/2/2 3693/2/2 3698/2/2
f 3697/2/2 3695/2/2 3698/2/2
f 3663/2/2 3664/2/2 3699/2/2
f 3665/3/2 3666/3/2 3700/3/2
f 3699/2/2 3664/2/2 3700/2/2
f 3664/3/2 3665/3/2 3700/3/2
f 3696/2/2 3697/2/2 3702/2/2
f 3702/2/2 3697/2/2 3703/2/2
f 3700/3/2 3666/3/2 3704/3/2
f 3704/3/2 3666/3/2 3705/3/2
f 3670/2/2 3671/2/2 3707/2/2
f 3669/2/2 3670/2/2 3707/2/2
f 3707/2/2 3671/2/2 3708/2/2
f 3708/2/2 3671/2/2 3709/2/2
f 3672/3/2 3673/3/2 3710/3/2
f 3673/3/2 3674/3/2 3710/3/2
f 3710/3/2 3674/3/2 3711/3/2
f 3711/3/2 3674/3/2 3712/3/2
f 3678/2/2 3679/2/2 3715/2/2
f 3677/2/2 3678/2/2 3715/2/2
f 3715/2/2 3679/2/2 3716/2/2
f 3716/2/2 3679/2/2 3717/2/2
f 3680/2/2 3681/2/2 3718/2/2
f 3681/2/2 3682/2/2 3718/2/2
f 3718/2/2 3682/2/2 3719/2/2
f 3719/2/2 3682/2/2 3720/2/2
f 3686/2/2 3687/2/2 3723/2/2
f 3685/2/2 3686/2/2 3723/2/2
f 3723/2/2 3687/2/2 3724/2/2
f 3724/2/2 3687/2/2 3725/2/2
f 3701/2/2 3702/2/2 3727/2/2
f 3727/2/2 3702/2/2 3728/2/2
f 3712/2/2 3713/2/2 3729/2/2
f 3715/2/2 3716/2/2 3730/2/2
f 3714/2/2 3715/2/2 3730/2/2
f 3720/3/2 3721/3/2 3731/3/2
f 3723/2/2 3724/2/2 3733/2/2
f 3722/2/2 3723/2/2 3733/2/2
f 3726/2/2 3727/2/2 3734/2/2
f 3734/2/2 3727/2/2 3735/2/2
f 3707/2/2 3708/2/2 3737/2/2
f 3706/2/2 3707/2/2 3737/2/2
f 3737/2/2 3708/2/2 3738/2/2
f 3738/2/2 3708/2/2 3739/2/2
f 3711/3/2 3712/3/2 3740/3/2
f 3740/3/2 3712/3/2 3741/3/2
f 3729/2/2 3730/2/2 3742/2/2
f 3730/2/2 3716/2/2 3742/2/2
f 3742/2/2 3716/2/2 3743/2/2
f 3719/2/2 3720/2/2 3744/2/2
f 3744/2/2 3720/2/2 3745/2/2
f 3732/2/2 3733/2/2 3746/2/2
f 3733/2/2 3724/2/2 3746/2/2
f 3746/2/2 3724/2/2 3747/2/2
f 3726/2/2 3734/2/2 3749/2/2
f 3749/2/2 3734/2/2 3750/2/2
f 3736/2/2 3737/2/2 3752/2/2
f 3737/2/2 3738/2/2 3752/2/2
f 3752/2/2 3738/2/2 3753/2/2
f 3753/2/2 3738/2/2 3754/2/2
f 3741/3/2 3712/3/2 3755/3/2
f 3712/2/2 3729/2/2 3756/2/2
f 3755/3/2 3712/3/2 3756/3/2
f 3729/2/2 3742/2/2 3756/2/2
f 3756/2/2 3742/2/2 3757/2/2
f 3757/2/2 3742/2/2 3758/2/2
f 3758/2/2 3742/2/2 3759/2/2
f 3745/2/2 3720/2/2 3760/2/2
f 3731/3/2 3732/3/2 3761/3/2
f 3760/2/2 3720/2/2 3761/2/2
f 3720/3/2 3731/3/2 3761/3/2
f 3761/3/2 3732/3/2 3762/3/2
f 3732/2/2 3746/2/2 3763/2/2
f 3763/2/2 3746/2/2 3764/2/2
f 3748/2/2 3749/2/2 3766/2/2
f 3766/2/2 3749/2/2 3767/2/2
f 3752/2/2 3753/2/2 3769/2/2
f 3751/2/2 3752/2/2 3769/2/2
f 3769/2/2 3753/2/2 3770/2/2
f 3770/2/2 3753/2/2 3771/2/2
f 3757/2/2 3758/2/2 3772/2/2
f 3772/2/2 3758/2/2 3773/2/2
f 3762/3/2 3732/3/2 3774/3/2
f 3732/2/2 3763/2/2 3775/2/2
f 3774/3/2 3732/3/2 3775/3/2
f 3775/2/2 3763/2/2 3776/2/2
f 3768/2/2 3769/2/2 3777/2/2
f 3769/2/2 3770/2/2 3777/2/2
f 3777/2/2 3770/2/2 3778/2/2
f 3778/2/2 3770/2/2 3779/2/2
f 3779/2/2 3770/2/2 3780/2/2
f 3765/2/2 3766/2/2 3781/2/2
f 3781/2/2 3766/2/2 3782/2/2
f 3778/2/2 3779/2/2 3783/2/2
f 3783/2/2 3779/2/2 3784/2/2
f 3778/2/2 3783/2/2 3787/2/2
f 3787/2/2 3783/2/2 3788/2/2
f 3785/2/2 3786/2/2 3789/2/2
f 3789/2/2 3786/2/2 3790/2/2
f 3791/2/2 3792/2/2 3798/2/2
f 3798/2/2 3792/2/2 3799/2/2
f 3793/1/2 3794/1/2 3800/1/2
f 3794/2/2 3795/2/2 3801/2/2
f 3800/1/2 3794/1/2 3801/1/2
f 3801/2/2 3795/2/2 3802/2/2
f 3802/2/2 3795/2/2 3803/2/2
f 3796/2/2 3797/2/2 3806/2/2
f 3806/2/2 3797/2/2 3807/2/2
f 3807/2/2 3797/2/2 3808/2/2
f 3808/2/2 3797/2/2 3809/2/2
f 3803/2/2 3804/2/2 3816/2/2
f 3802/2/2 3803/2/2 3816/2/2
f 3816/2/2 3804/2/2 3817/2/2
f 3817/2/2 3804/2/2 3818/2/2
f 3805/2/2 3806/2/2 3821/2/2
f 3806/2/2 3807/2/2 3821/2/2
f 3821/2/2 3807/2/2 3822/2/2
f 3822/2/2 3807/2/2 3823/2/2
f 3809/2/2 3810/2/2 3824/2/2
f 3808/2/2 3809/2/2 3824/2/2
f 3824/2/2 3810/2/2 3825/2/2
f 3825/2/2 3810/2/2 3826/2/2
f 3811/2/2 3812/2/2 3830/2/2
f 3830/2/2 3812/2/2 3831/2/2
f 3813/3/2 3814/3/2 3835/3/2
f 3814/2/2 3815/2/2 3836/2/2
f 3818/2/2 3819/2/2 3838/2/2
f 3817/2/2 3818/2/2 3838/2/2
f 3838/2/2 3819/2/2 3839/2/2
f 3839/2/2 3819/2/2 3840/2/2
f 3820/3/2 3821/3/2 3843/3/2
f 3821/2/2 3822/2/2 3844/2/2
f 3843/3/2 3821/3/2 3844/3/2
f 3844/2/2 3822/2/2 3845/2/2
f 3825/2/2 3826/2/2 3846/2/2
f 3826/2/2 3827/2/2 3846/2/2
f 3846/2/2 3827/2/2 3847/2/2
f 3847/2/2 3827/2/2 3848/2/2
f 3828/3/2 3829/3/2 3851/3/2
f 3831/2/2 3832/2/2 3852/2/2
f 3829/2/2 3830/2/2 3852/2/2
f 3830/2/2 3831/2/2 3852/2/2
f 3852/2/2 3832/2/2 3853/2/2
f 3853/2/2 3832/2/2 3854/2/2
f 3833/2/2 3834/2/2 3857/2/2
f 3834/3/2 3835/3/2 3858/3/2
f 3836/2/2 3837/2/2 3859/2/2
f 3858/3/2 3835/3/2 3859/3/2
f 3814/2/2 3836/2/2 3859/2/2
f 3835/3/2 3814/3/2 3859/3/2
f 3859/2/2 3837/2/2 3860/2/2
f 3860/2/2 3837/2/2 3861/2/2
f 3840/2/2 3841/2/2 3863/2/2
f 3839/2/2 3840/2/2 3863/2/2
f 3863/2/2 3841/2/2 3864/2/2
f 3864/2/2 3841/2/2 3865/2/2
f 3842/3/2 3843/3/2 3866/3/2
f 3843/3/2 3844/3/2 3866/3/2
f 3866/3/2 3844/3/2 3867/3/2
f 3867/3/2 3844/3/2 3868/3/2
f 3848/2/2 3849/2/2 3869/2/2
f 3847/2/2 3848/2/2 3869/2/2
f 3869/2/2 3849/2/2 3870/2/2
f 3870/2/2 3849/2/2 3871/2/2
f 3850/3/2 3851/3/2 3874/3/2
f 3851/3/2 3829/3/2 3875/3/2
f 3874/3/2 3851/3/2 3875/3/2
f 3829/2/2 3852/2/2 3876/2/2
f 3875/3/2 3829/3/2 3876/3/2
f 3876/2/2 3852/2/2 3877/2/2
f 3854/2/2 3855/2/2 3878/2/2
f 3853/2/2 3854/2/2 3878/2/2
f 3878/2/2 3855/2/2 3879/2/2
f 3879/2/2 3855/2/2 3880/2/2
f 3856/2/2 3857/2/2 3883/2/2
f 3857/2/2 3834/2/2 3884/2/2
f 3883/2/2 3857/2/2 3884/2/2
f 3834/3/2 3858/3/2 3885/3/2
f 3884/2/2 3834/2/2 3885/2/2
f 3885/3/2 3858/3/2 3886/3/2
f 3861/2/2 3862/2/2 3887/2/2
f 3860/2/2 3861/2/2 3887/2/2
f 3887/2/2 3862/2/2 3888/2/2
f 3888/2/2 3862/2/2 3889/2/2
f 3864/2/2 3865/2/2 3893/2/2
f 3866/3/2 3867/3/2 3894/3/2
f 3893/2/2 3865/2/2 3894/2/2
f 3865/3/2 3866/3/2 3894/3/2
f 3894/3/2 3867/3/2 3895/3/2
f 3895/3/2 3867/3/2 3896/3/2
f 3871/2/2 3872/2/2 3897/2/2
f 3870/2/2 3871/2/2 3897/2/2
f 3897/2/2 3872/2/2 3898/2/2
f 3898/2/2 3872/2/2 3899/2/2
f 3873/3/2 3874/3/2 3900/3/2
f 3874/3/2 3875/3/2 3900/3/2
f 3900/3/2 3875/3/2 3901/3/2
f 3901/3/2 3875/3/2 3902/3/2
f 3880/2/2 3881/2/2 3903/2/2
f 3879/2/2 3880/2/2 3903/2/2
f 3903/2/2 3881/2/2 3904/2/2
f 3904/2/2 3881/2/2 3905/2/2
f 3883/2/2 3884/2/2 3906/2/2
f 3882/2/2 3883/2/2 3906/2/2
f 3906/2/2 3884/2/2 3907/2/2
f 3907/2/2 3884/2/2 3908/2/2
f 3889/2/2 3890/2/2 3909/2/2
f 3888/2/2 3889/2/2 3909/2/2
f 3909/2/2 3890/2/2 3910/2/2
f 3910/2/2 3890/2/2 3911/2/2
f 3891/2/2 3892/2/2 3913/2/2
f 3913/2/2 3892/2/2 3914/2/2
f 3894/3/2 3895/3/2 3915/3/2
f 3915/3/2 3895/3/2 3916/3/2
f 3898/2/2 3899/2/2 3917/2/2
f 3899/2/2 3900/2/2 3917/2/2
f 3917/2/2 3900/2/2 3918/2/2
f 3900/3/2 3901/3/2 3919/3/2
f 3918/2/2 3900/2/2 3919/2/2
f 3919/3/2 3901/3/2 3920/3/2
f 3904/2/2 3905/2/2 3921/2/2
f 3905/2/2 3906/2/2 3921/2/2
f 3906/2/2 3907/2/2 3921/2/2
f 3921/2/2 3907/2/2 3922/2/2
f 3922/2/2 3907/2/2 3923/2/2
f 3923/2/2 3907/2/2 3924/2/2
f 3911/2/2 3912/2/2 3925/2/2
f 3910/2/2 3911/2/2 3925/2/2
f 3925/2/2 3912/2/2 3926/2/2
f 3926/2/2 3912/2/2 3929/2/2
f 3927/2/2 3928/2/2 3931/2/2
f 3931/2/2 3928/2/2 3932/2/2
f 3932/2/2 3933/2/2 3935/2/2
f 3935/2/2 3933/2/2 3936/2/2
f 3929/2/2 3930/2/2 3937/2/2
f 3934/2/2 3935/2/2 3938/2/2
f 3938/2/2 3935/2/2 3939/2/2
f 3926/2/2 3929/2/2 3940/2/2
f 3929/2/2 3937/2/2 3940/2/2
f 3937/2/2 3938/2/2 3940/2/2
f 3940/2/2 3938/2/2 3941/2/2
f 3941/2/2 3938/2/2 3942/2/2
f 3942/2/2 3938/2/2 3943/2/2
f 3918/2/2 3919/2/2 3945/2/2
f 3945/2/2 3919/2/2 3946/2/2
f 3922/2/2 3923/2/2 3949/2/2
f 3949/2/2 3923/2/2 3950/2/2
f 3926/2/2 3940/2/2 3953/2/2
f 3953/2/2 3940/2/2 3954/2/2
f 3941/2/2 3942/2/2 3955/2/2
f 3955/2/2 3942/2/2 3956/2/2
f 3944/2/2 3945/2/2 3958/2/2
f 3945/2/2 3946/2/2 3958/2/2
f 3958/2/2 3946/2/2 3959/2/2
f 3946/3/2 3947/3/2 3960/3/2
f 3959/2/2 3946/2/2 3960/2/2
f 3960/3/2 3947/3/2 3961/3/2
f 3950/2/2 3951/2/2 3964/2/2
f 3948/2/2 3949/2/2 3964/2/2
f 3949/2/2 3950/2/2 3964/2/2
f 3964/2/2 3951/2/2 3965/2/2
f 3965/2/2 3951/2/2 3966/2/2
f 3966/2/2 3951/2/2 3967/2/2
f 3953/2/2 3954/2/2 3970/2/2
f 3952/2/2 3953/2/2 3970/2/2
f 3970/2/2 3954/2/2 3971/2/2
f 3971/2/2 3954/2/2 3972/2/2
f 3958/2/2 3959/2/2 3974/2/2
f 3957/2/2 3958/2/2 3974/2/2
f 3974/2/2 3959/2/2 3975/2/2
f 3975/2/2 3959/2/2 3976/2/2
f 3961/3/2 3962/3/2 3977/3/2
f 3960/3/2 3961/3/2 3977/3/2
f 3977/3/2 3962/3/2 3978/3/2
f 3978/3/2 3962/3/2 3979/3/2
f 3963/2/2 3964/2/2 3983/2/2
f 3964/2/2 3965/2/2 3983/2/2
f 3983/2/2 3965/2/2 3984/2/2
f 3984/2/2 3965/2/2 3985/2/2
f 3967/2/2 3968/2/2 3986/2/2
f 3966/2/2 3967/2/2 3986/2/2
f 3986/2/2 3968/2/2 3987/2/2
f 3987/2/2 3968/2/2 3988/2/2
f 3969/2/2 3970/2/2 3992/2/2
f 3970/2/2 3971/2/2 3992/2/2
f 3992/2/2 3971/2/2 3993/2/2
f 3993/2/2 3971/2/2 3994/2/2
f 3974/2/2 3975/2/2 3996/2/2
f 3973/2/2 3974/2/2 3996/2/2
f 3996/2/2 3975/2/2 3997/2/2
f 3997/2/2 3975/2/2 3998/2/2
f 3979/3/2 3980/3/2 3999/3/2
f 3978/3/2 3979/3/2 3999/3/2
f 3999/3/2 3980/3/2 4000/3/2
f 3980/2/2 3981/2/2 4001/2/2
f 3983/2/2 3984/2/2 4002/2/2
f 3982/2/2 3983/2/2 4002/2/2
f 4002/2/2 3984/2/2 4003/2/2
f 4003/2/2 3984/2/2 4004/2/2
f 3987/2/2 3988/2/2 4005/2/2
f 3988/2/2 3989/2/2 4005/2/2
f 4005/2/2 3989/2/2 4006/2/2
f 3989/3/2 3990/3/2 4007/3/2
f 3992/2/2 3993/2/2 4009/2/2
f 3991/2/2 3992/2/2 4009/2/2
f 3996/2/2 3997/2/2 4011/2/2
f 3995/2/2 3996/2/2 4011/2/2
f 4011/2/2 3997/2/2 4012/2/2
f 4012/2/2 3997/2/2 4013/2/2
f 4000/3/2 3980/3/2 4014/3/2
f 3980/2/2 4001/2/2 4015/2/2
f 4014/3/2 3980/3/2 4015/3/2
f 4002/2/2 4003/2/2 4015/2/2
f 4001/2/2 4002/2/2 4015/2/2
f 4015/2/2 4003/2/2 4016/2/2
f 4016/2/2 4003/2/2 4017/2/2
f 4017/2/2 4003/2/2 4018/2/2
f 4006/2/2 3989/2/2 4019/2/2
f 4007/3/2 4008/3/2 4020/3/2
f 4019/2/2 3989/2/2 4020/2/2
f 3989/3/2 4007/3/2 4020/3/2
f 4020/3/2 4008/3/2 4021/3/2
f 4008/2/2 4009/2/2 4022/2/2
f 4009/2/2 3993/2/2 4023/2/2
f 4022/2/2 4009/2/2 4023/2/2
f 4011/2/2 4012/2/2 4025/2/2
f 4010/2/2 4011/2/2 4025/2/2
f 4025/2/2 4012/2/2 4026/2/2
f 4026/2/2 4012/2/2 4027/2/2
f 4016/2/2 4017/2/2 4028/2/2
f 4028/2/2 4017/2/2 4029/2/2
f 4021/3/2 4008/3/2 4030/3/2
f 4008/2/2 4022/2/2 4031/2/2
f 4030/3/2 4008/3/2 4031/3/2
f 4031/2/2 4022/2/2 4032/2/2
f 4023/2/2 3993/2/2 4033/2/2
f 4033/2/2 3993/2/2 4034/2/2
f 4024/2/2 4025/2/2 4035/2/2
f 4025/2/2 4026/2/2 4035/2/2
f 4035/2/2 4026/2/2 4036/2/2
f 4024/2/2 4035/2/2 4037/2/2
f 4037/2/2 4035/2/2 4038/2/2
f 4039/2/2 4040/2/2 4041/2/2
f 4041/2/2 4040/2/2 4042/2/2
f 4043/1/2 4044/1/2 4050/1/2
f 4044/2/2 4045/2/2 4051/2/2
f 4050/1/2 4044/1/2 4051/1/2
f 4051/2/2 4045/2/2 4052/2/2
f 4052/2/2 4045/2/2 4053/2/2
f 4046/2/2 4047/2/2 4057/2/2
f 4057/2/2 4047/2/2 4058/2/2
f 4058/2/2 4047/2/2 4059/2/2
f 4059/2/2 4047/2/2 4060/2/2
f 4052/2/2 4053/2/2 4067/2/2
f 4053/2/2 4054/2/2 4067/2/2
f 4067/2/2 4054/2/2 4068/2/2
f 4068/2/2 4054/2/2 4069/2/2
f 4055/3/2 4056/3/2 4072/3/2
f 4056/2/2 4057/2/2 4073/2/2
f 4057/2/2 4058/2/2 4073/2/2
f 4072/3/2 4056/3/2 4073/3/2
f 4073/2/2 4058/2/2 4074/2/2
f 4060/2/2 4061/2/2 4075/2/2
f 4059/2/2 4060/2/2 4075/2/2
f 4075/2/2 4061/2/2 4076/2/2
f 4076/2/2 4061/2/2 4077/2/2
f 4062/2/2 4063/2/2 4081/2/2
f 4081/2/2 4063/2/2 4082/2/2
f 4082/2/2 4063/2/2 4083/2/2
f 4083/2/2 4063/2/2 4084/2/2
f 4064/3/2 4065/3/2 4088/3/2
f 4088/3/2 4065/3/2 4089/3/2
f 4065/2/2 4066/2/2 4090/2/2
f 4089/3/2 4065/3/2 4090/3/2
f 4090/2/2 4066/2/2 4091/2/2
f 4091/2/2 4066/2/2 4092/2/2
f 4069/2/2 4070/2/2 4094/2/2
f 4068/2/2 4069/2/2 4094/2/2
f 4094/2/2 4070/2/2 4095/2/2
f 4095/2/2 4070/2/2 4096/2/2
f 4071/3/2 4072/3/2 4097/3/2
f 4072/3/2 4073/3/2 4097/3/2
f 4097/3/2 4073/3/2 4098/3/2
f 4098/3/2 4073/3/2 4099/3/2
f 4076/2/2 4077/2/2 4100/2/2
f 4077/2/2 4078/2/2 4100/2/2
f 4100/2/2 4078/2/2 4101/2/2
f 4101/2/2 4078/2/2 4102/2/2
f 4079/3/2 4080/3/2 4105/3/2
f 4105/3/2 4080/3/2 4106/3/2
f 4080/2/2 4081/2/2 4107/2/2
f 4106/3/2 4080/3/2 4107/3/2
f 4081/2/2 4082/2/2 4107/2/2
f 4107/2/2 4082/2/2 4108/2/2
f 4084/2/2 4085/2/2 4109/2/2
f 4083/2/2 4084/2/2 4109/2/2
f 4109/2/2 4085/2/2 4110/2/2
f 4110/2/2 4085/2/2 4111/2/2
f 4086/2/2 4087/2/2 4114/2/2
f 4114/2/2 4087/2/2 4115/2/2
f 4088/3/2 4089/3/2 4116/3/2
f 4115/2/2 4087/2/2 4116/2/2
f 4087/3/2 4088/3/2 4116/3/2
f 4116/3/2 4089/3/2 4117/3/2
f 4092/2/2 4093/2/2 4118/2/2
f 4091/2/2 4092/2/2 4118/2/2
f 4118/2/2 4093/2/2 4119/2/2
f 4119/2/2 4093/2/2 4120/2/2
f 4095/2/2 4096/2/2 4122/2/2
f 4097/3/2 4098/3/2 4123/3/2
f 4122/2/2 4096/2/2 4123/2/2
f 4096/3/2 4097/3/2 4123/3/2
f 4123/3/2 4098/3/2 4124/3/2
f 4124/3/2 4098/3/2 4125/3/2
f 4102/2/2 4103/2/2 4126/2/2
f 4101/2/2 4102/2/2 4126/2/2
f 4126/2/2 4103/2/2 4127/2/2
f 4127/2/2 4103/2/2 4128/2/2
f 4105/3/2 4106/3/2 4129/3/2
f 4104/3/2 4105/3/2 4129/3/2
f 4129/3/2 4106/3/2 4130/3/2
f 4130/3/2 4106/3/2 4131/3/2
f 4111/2/2 4112/2/2 4132/2/2
f 4110/2/2 4111/2/2 4132/2/2
f 4132/2/2 4112/2/2 4133/2/2
f 4133/2/2 4112/2/2 4134/2/2
f 4114/2/2 4115/2/2 4135/2/2
f 4113/2/2 4114/2/2 4135/2/2
f 4135/2/2 4115/2/2 4136/2/2
f 4136/2/2 4115/2/2 4137/2/2
f 4120/2/2 4121/2/2 4138/2/2
f 4119/2/2 4120/2/2 4138/2/2
f 4138/2/2 4121/2/2 4139/2/2
f 4139/2/2 4121/2/2 4140/2/2
f 4123/3/2 4124/3/2 4142/3/2
f 4142/3/2 4124/3/2 4143/3/2
f 4127/2/2 4128/2/2 4144/2/2
f 4128/2/2 4129/2/2 4144/2/2
f 4144/2/2 4129/2/2 4145/2/2
f 4129/3/2 4130/3/2 4146/3/2
f 4145/2/2 4129/2/2 4146/2/2
f 4146/3/2 4130/3/2 4147/3/2
f 4133/2/2 4134/2/2 4148/2/2
f 4135/2/2 4136/2/2 4148/2/2
f 4134/2/2 4135/2/2 4148/2/2
f 4148/2/2 4136/2/2 4149/2/2
f 4149/2/2 4136/2/2 4150/2/2
f 4150/2/2 4136/2/2 4151/2/2
f 4140/2/2 4141/2/2 4152/2/2
f 4139/2/2 4140/2/2 4152/2/2
f 4152/2/2 4141/2/2 4153/2/2
f 4153/2/2 4141/2/2 4154/2/2
f 4048/2/2 4049/2/2 4155/2/2
f 4145/2/2 4146/2/2 4156/2/2
f 4156/2/2 4146/2/2 4157/2/2
f 4149/2/2 4150/2/2 4158/2/2
f 4158/2/2 4150/2/2 4159/2/2
f 4153/2/2 4154/2/2 4160/2/2
f 4154/2/2 4155/2/2 4160/2/2
f 4160/2/2 4155/2/2 4161/2/2
f 4155/2/2 4049/2/2 4162/2/2
f 4161/2/2 4155/2/2 4162/2/2
f 4162/2/2 4049/2/2 4163/2/2
f 4161/2/2 4162/2/2 4166/2/2
f 4164/2/2 4165/2/2 4167/2/2
f 4167/2/2 4165/2/2 4168/2/2
f 4161/2/2 4166/2/2 4169/2/2
f 4166/2/2 4167/2/2 4169/2/2
f 4169/2/2 4167/2/2 4170/2/2
f 4170/2/2 4167/2/2 4173/2/2
f 4171/2/2 4172/2/2 4174/2/2
f 4174/2/2 4172/2/2 4175/2/2
f 4170/2/2 4173/2/2 4176/2/2
f 4173/2/2 4174/2/2 4176/2/2
f 4176/2/2 4174/2/2 4177/2/2
f 4178/2/2 4179/2/2 4180/2/2
f 4180/2/2 4179/2/2 4181/2/2
f 4182/2/2 4183/2/2 4187/2/2
f 4187/2/2 4183/2/2 4188/2/2
f 4184/2/2 4185/2/2 4191/2/2
f 4191/2/2 4185/2/2 4192/2/2
f 4186/2/2 4187/2/2 4195/2/2
f 4187/2/2 4188/2/2 4195/2/2
f 4195/2/2 4188/2/2 4196/2/2
f 4188/3/2 4189/3/2 4197/3/2
f 4196/2/2 4188/2/2 4197/2/2
f 4197/3/2 4189/3/2 4198/3/2
f 4192/2/2 4193/2/2 4201/2/2
f 4191/2/2 4192/2/2 4201/2/2
f 4190/2/2 4191/2/2 4201/2/2
f 4201/2/2 4193/2/2 4202/2/2
f 4202/2/2 4193/2/2 4203/2/2
f 4203/2/2 4193/2/2 4204/2/2
f 4195/2/2 4196/2/2 4207/2/2
f 4194/2/2 4195/2/2 4207/2/2
f 4207/2/2 4196/2/2 4208/2/2
f 4208/2/2 4196/2/2 4209/2/2
f 4198/3/2 4199/3/2 4210/3/2
f 4197/3/2 4198/3/2 4210/3/2
f 4210/3/2 4199/3/2 4211/3/2
f 4211/3/2 4199/3/2 4212/3/2
f 4201/2/2 4202/2/2 4216/2/2
f 4200/2/2 4201/2/2 4216/2/2
f 4216/2/2 4202/2/2 4217/2/2
f 4217/2/2 4202/2/2 4218/2/2
f 4203/2/2 4204/2/2 4219/2/2
f 4204/2/2 4205/2/2 4219/2/2
f 4219/2/2 4205/2/2 4220/2/2
f 4220/2/2 4205/2/2 4221/2/2
f 4207/2/2 4208/2/2 4227/2/2
f 4206/2/2 4207/2/2 4227/2/2
f 4227/2/2 4208/2/2 4228/2/2
f 4228/2/2 4208/2/2 4229/2/2
f 4212/3/2 4213/3/2 4230/3/2
f 4211/3/2 4212/3/2 4230/3/2
f 4213/2/2 4214/2/2 4231/2/2
f 4230/3/2 4213/3/2 4231/3/2
f 4231/2/2 4214/2/2 4232/2/2
f 4232/2/2 4214/2/2 4233/2/2
f 4216/2/2 4217/2/2 4234/2/2
f 4215/2/2 4216/2/2 4234/2/2
f 4234/2/2 4217/2/2 4235/2/2
f 4235/2/2 4217/2/2 4236/2/2
f 4220/2/2 4221/2/2 4237/2/2
f 4221/2/2 4222/2/2 4237/2/2
f 4222/3/2 4223/3/2 4238/3/2
f 4237/2/2 4222/2/2 4238/2/2
f 4238/3/2 4223/3/2 4239/3/2
f 4239/3/2 4223/3/2 4240/3/2
f 4224/2/2 4225/2/2 4242/2/2
f 4242/2/2 4225/2/2 4243/2/2
f 4243/2/2 4225/2/2 4244/2/2
f 4227/2/2 4228/2/2 4246/2/2
f 4226/2/2 4227/2/2 4246/2/2
f 4246/2/2 4228/2/2 4247/2/2
f 4247/2/2 4228/2/2 4248/2/2
f 4232/2/2 4233/2/2 4249/2/2
f 4234/2/2 4235/2/2 4249/2/2
f 4233/2/2 4234/2/2 4249/2/2
f 4249/2/2 4235/2/2 4250/2/2
f 4240/3/2 4241/3/2 4251/3/2
f 4239/3/2 4240/3/2 4251/3/2
f 4242/2/2 4243/2/2 4252/2/2
f 4251/3/2 4241/3/2 4252/3/2
f 4241/2/2 4242/2/2 4252/2/2
f 4252/2/2 4243/2/2 4253/2/2
f 4246/2/2 4247/2/2 4254/2/2
f 4245/2/2 4246/2/2 4254/2/2
f 4254/2/2 4247/2/2 4255/2/2
f 4244/2/2 4225/2/2 4256/2/2
f 4256/2/2 4225/2/2 4257/2/2
f 4258/2/2 4259/2/2 4260/2/2
f 4260/2/2 4259/2/2 4261/2/2
f 4262/1/2 4263/1/2 4269/1/2
f 4263/2/2 4264/2/2 4270/2/2
f 4269/1/2 4263/1/2 4270/1/2
f 4270/2/2 4264/2/2 4271/2/2
f 4265/2/2 4266/2/2 4275/2/2
f 4275/2/2 4266/2/2 4276/2/2
f 4267/2/2 4268/2/2 4283/2/2
f 4283/2/2 4268/2/2 4284/2/2
f 4271/2/2 4272/2/2 4285/2/2
f 4285/2/2 4272/2/2 4286/2/2
f 4273/3/2 4274/3/2 4289/3/2
f 4274/2/2 4275/2/2 4290/2/2
f 4289/3/2 4274/3/2 4290/3/2
f 4290/2/2 4275/2/2 4291/2/2
f 4276/2/2 4277/2/2 4292/2/2
f 4292/2/2 4277/2/2 4293/2/2
f 4278/2/2 4279/2/2 4296/2/2
f 4296/2/2 4279/2/2 4297/2/2
f 4297/2/2 4279/2/2 4298/2/2
f 4298/2/2 4279/2/2 4299/2/2
f 4280/3/2 4281/3/2 4302/3/2
f 4302/3/2 4281/3/2 4303/3/2
f 4281/2/2 4282/2/2 4304/2/2
f 4303/3/2 4281/3/2 4304/3/2
f 4304/2/2 4282/2/2 4305/2/2
f 4305/2/2 4282/2/2 4306/2/2
f 4286/2/2 4287/2/2 4308/2/2
f 4308/2/2 4287/2/2 4309/2/2
f 4288/3/2 4289/3/2 4310/3/2
f 4310/3/2 4289/3/2 4311/3/2
f 4293/2/2 4294/2/2 4312/2/2
f 4312/2/2 4294/2/2 4313/2/2
f 4295/3/2 4296/3/2 4316/3/2
f 4296/2/2 4297/2/2 4317/2/2
f 4316/3/2 4296/3/2 4317/3/2
f 4317/2/2 4297/2/2 4318/2/2
f 4299/2/2 4300/2/2 4319/2/2
f 4298/2/2 4299/2/2 4319/2/2
f 4319/2/2 4300/2/2 4320/2/2
f 4301/2/2 4302/2/2 4323/2/2
f 4302/3/2 4303/3/2 4324/3/2
f 4323/2/2 4302/2/2 4324/2/2
f 4324/3/2 4303/3/2 4325/3/2
f 4306/2/2 4307/2/2 4326/2/2
f 4305/2/2 4306/2/2 4326/2/2
f 4326/2/2 4307/2/2 4327/2/2
f 4309/3/2 4310/3/2 4329/3/2
f 4329/3/2 4310/3/2 4330/3/2
f 4313/2/2 4314/2/2 4331/2/2
f 4331/2/2 4314/2/2 4332/2/2
f 4315/3/2 4316/3/2 4333/3/2
f 4333/3/2 4316/3/2 4334/3/2
f 4320/2/2 4321/2/2 4335/2/2
f 4335/2/2 4321/2/2 4336/2/2
f 4322/2/2 4323/2/2 4337/2/2
f 4337/2/2 4323/2/2 4338/2/2
f 4327/2/2 4328/2/2 4339/2/2
f 4339/2/2 4328/2/2 4340/2/2
f 4332/2/2 4333/2/2 4342/2/2
f 4342/2/2 4333/2/2 4343/2/2
f 4336/2/2 4337/2/2 4344/2/2
f 4344/2/2 4337/2/2 4345/2/2
f 4340/2/2 4341/2/2 4346/2/2
f 4346/2/2 4341/2/2 4347/2/2
f 4347/2/2 4348/2/2 4349/2/2
f 4349/2/2 4348/2/2 4350/2/2
f 4351/2/2 4352/2/2 4353/2/2
f 4353/2/2 4352/2/2 4354/2/2
f 4354/2/2 4355/2/2 4356/2/2
f 4356/2/2 4355/2/2 4357/2/2
f 4358/2/2 4359/2/2 4363/2/2
f 4363/2/2 4359/2/2 4364/2/2
f 4360/2/2 4361/2/2 4367/2/2
f 4367/2/2 4361/2/2 4368/2/2
f 4362/2/2 4363/2/2 4371/2/2
f 4371/2/2 4363/2/2 4372/2/2
f 4364/3/2 4365/3/2 4373/3/2
f 4373/3/2 4365/3/2 4374/3/2
f 4366/2/2 4367/2/2 4378/2/2
f 4378/2/2 4367/2/2 4379/2/2
f 4368/2/2 4369/2/2 4380/2/2
f 4380/2/2 4369/2/2 4381/2/2
f 4370/2/2 4371/2/2 4387/2/2
f 4387/2/2 4371/2/2 4388/2/2
f 4374/3/2 4375/3/2 4389/3/2
f 4375/2/2 4376/2/2 4390/2/2
f 4389/3/2 4375/3/2 4390/3/2
f 4390/2/2 4376/2/2 4391/2/2
f 4377/2/2 4378/2/2 4392/2/2
f 4392/2/2 4378/2/2 4393/2/2
f 4393/2/2 4378/2/2 4394/2/2
f 4381/2/2 4382/2/2 4395/2/2
f 4382/3/2 4383/3/2 4396/3/2
f 4395/2/2 4382/2/2 4396/2/2
f 4396/3/2 4383/3/2 4397/3/2
f 4384/2/2 4385/2/2 4399/2/2
f 4386/2/2 4387/2/2 4401/2/2
f 4401/2/2 4387/2/2 4402/2/2
f 4390/2/2 4391/2/2 4403/2/2
f 4391/2/2 4392/2/2 4403/2/2
f 4392/2/2 4393/2/2 4403/2/2
f 4403/2/2 4393/2/2 4404/2/2
f 4397/3/2 4398/3/2 4405/3/2
f 4396/3/2 4397/3/2 4405/3/2
f 4398/2/2 4399/2/2 4406/2/2
f 4405/3/2 4398/3/2 4406/3/2
f 4399/2/2 4385/2/2 4407/2/2
f 4406/2/2 4399/2/2 4407/2/2
f 4400/2/2 4401/2/2 4408/2/2
f 4408/2/2 4401/2/2 4409/2/2
f 4400/2/2 4408/2/2 4410/2/2
f 4410/2/2 4408/2/2 4411/2/2
f 4412/2/2 4413/2/2 4414/2/2
f 4414/2/2 4413/2/2 4415/2/2
f 4416/1/2 4417/1/2 4423/1/2
f 4417/2/2 4418/2/2 4424/2/2
f 4423/1/2 4417/1/2 4424/1/2
f 4424/2/2 4418/2/2 4425/2/2
f 4419/2/2 4420/2/2 4431/2/2
f 4431/2/2 4420/2/2 4432/2/2
f 4421/2/2 4422/2/2 4440/2/2
f 4440/2/2 4422/2/2 4441/2/2
f 4426/2/2 4427/2/2 4442/2/2
f 4442/2/2 4427/2/2 4443/2/2
f 4428/3/2 4429/3/2 4446/3/2
f 4429/2/2 4430/2/2 4447/2/2
f 4446/3/2 4429/3/2 4447/3/2
f 4447/2/2 4430/2/2 4448/2/2
f 4433/2/2 4434/2/2 4449/2/2
f 4449/2/2 4434/2/2 4450/2/2
f 4435/2/2 4436/2/2 4454/2/2
f 4454/2/2 4436/2/2 4455/2/2
f 4437/3/2 4438/3/2 4460/3/2
f 4438/2/2 4439/2/2 4461/2/2
f 4460/3/2 4438/3/2 4461/3/2
f 4461/2/2 4439/2/2 4462/2/2
f 4443/2/2 4444/2/2 4465/2/2
f 4465/2/2 4444/2/2 4466/2/2
f 4445/3/2 4446/3/2 4467/3/2
f 4467/3/2 4446/3/2 4468/3/2
f 4450/2/2 4451/2/2 4469/2/2
f 4469/2/2 4451/2/2 4470/2/2
f 4452/3/2 4453/3/2 4473/3/2
f 4473/3/2 4453/3/2 4474/3/2
f 4456/2/2 4457/2/2 4475/2/2
f 4475/2/2 4457/2/2 4476/2/2
f 4458/2/2 4459/2/2 4479/2/2
f 4479/2/2 4459/2/2 4480/2/2
f 4463/2/2 4464/2/2 4481/2/2
f 4481/2/2 4464/2/2 4482/2/2
f 4466/3/2 4467/3/2 4484/3/2
f 4484/3/2 4467/3/2 4485/3/2
f 4470/2/2 4471/2/2 4486/2/2
f 4486/2/2 4471/2/2 4487/2/2
f 4472/3/2 4473/3/2 4488/3/2
f 4488/3/2 4473/3/2 4489/3/2
f 4476/2/2 4477/2/2 4490/2/2
f 4490/2/2 4477/2/2 4491/2/2
f 4478/2/2 4479/2/2 4492/2/2
f 4492/2/2 4479/2/2 4493/2/2
f 4482/2/2 4483/2/2 4494/2/2
f 4494/2/2 4483/2/2 4495/2/2
f 4487/2/2 4488/2/2 4497/2/2
f 4497/2/2 4488/2/2 4498/2/2
f 4491/2/2 4492/2/2 4499/2/2
f 4499/2/2 4492/2/2 4500/2/2
f 4495/2/2 4496/2/2 4501/2/2
f 4501/2/2 4496/2/2 4502/2/2
f 4502/2/2 4496/2/2 4503/2/2
f 4503/2/2 4496/2/2 4504/2/2
f 4505/2/2 4506/2/2 4510/2/2
f 4510/2/2 4506/2/2 4511/2/2
f 4507/2/2 4508/2/2 4514/2/2
f 4514/2/2 4508/2/2 4515/2/2
f 4509/2/2 4510/2/2 4518/2/2
f 4518/2/2 4510/2/2 4519/2/2
f 4511/3/2 4512/3/2 4520/3/2
f 4520/3/2 4512/3/2 4521/3/2
f 4513/2/2 4514/2/2 4524/2/2
f 4524/2/2 4514/2/2 4525/2/2
f 4515/2/2 4516/2/2 4526/2/2
f 4526/2/2 4516/2/2 4527/2/2
f 4517/2/2 4518/2/2 4530/2/2
f 4530/2/2 4518/2/2 4531/2/2
f 4521/3/2 4522/3/2 4532/3/2
f 4532/3/2 4522/3/2 4533/3/2
f 4523/2/2 4524/2/2 4536/2/2
f 4536/2/2 4524/2/2 4537/2/2
f 4527/2/2 4528/2/2 4538/2/2
f 4538/2/2 4528/2/2 4539/2/2
f 4529/2/2 4530/2/2 4545/2/2
f 4545/2/2 4530/2/2 4546/2/2
f 4534/2/2 4535/2/2 4547/2/2
f 4547/2/2 4535/2/2 4548/2/2
f 4540/3/2 4541/3/2 4549/3/2
f 4541/2/2 4542/2/2 4550/2/2
f 4549/3/2 4541/3/2 4550/3/2
f 4550/2/2 4542/2/2 4551/2/2
f 4543/2/2 4544/2/2 4552/2/2
f 4552/2/2 4544/2/2 4553/2/2
f 4554/2/2 4555/2/2 4556/2/2
f 4556/2/2 4555/2/2 4557/2/2
f 4558/1/2 4559/1/2 4565/1/2
f 4559/2/2 4560/2/2 4566/2/2
f 4565/1/2 4559/1/2 4566/1/2
f 4566/2/2 4560/2/2 4567/2/2
f 4561/2/2 4562/2/2 4572/2/2
f 4572/2/2 4562/2/2 4573/2/2
f 4563/2/2 4564/2/2 4581/2/2
f 4581/2/2 4564/2/2 4582/2/2
f 4568/2/2 4569/2/2 4583/2/2
f 4583/2/2 4569/2/2 4584/2/2
f 4570/2/2 4571/2/2 4589/2/2
f 4589/2/2 4571/2/2 4590/2/2
f 4574/2/2 4575/2/2 4591/2/2
f 4591/2/2 4575/2/2 4592/2/2
f 4576/2/2 4577/2/2 4598/2/2
f 4598/2/2 4577/2/2 4599/2/2
f 4578/3/2 4579/3/2 4605/3/2
f 4579/2/2 4580/2/2 4606/2/2
f 4605/3/2 4579/3/2 4606/3/2
f 4606/2/2 4580/2/2 4607/2/2
f 4585/2/2 4586/2/2 4610/2/2
f 4610/2/2 4586/2/2 4611/2/2
f 4587/3/2 4588/3/2 4612/3/2
f 4612/3/2 4588/3/2 4613/3/2
f 4593/2/2 4594/2/2 4614/2/2
f 4614/2/2 4594/2/2 4615/2/2
f 4595/3/2 4596/3/2 4618/3/2
f 4596/2/2 4597/2/2 4619/2/2
f 4618/3/2 4596/3/2 4619/3/2
f 4619/2/2 4597/2/2 4620/2/2
f 4600/2/2 4601/2/2 4621/2/2
f 4621/2/2 4601/2/2 4622/2/2
f 4602/2/2 4603/2/2 4625/2/2
f 4603/3/2 4604/3/2 4626/3/2
f 4625/2/2 4603/2/2 4626/2/2
f 4626/3/2 4604/3/2 4627/3/2
f 4608/2/2 4609/2/2 4628/2/2
f 4628/2/2 4609/2/2 4629/2/2
f 4611/3/2 4612/3/2 4633/3/2
f 4633/3/2 4612/3/2 4634/3/2
f 4615/2/2 4616/2/2 4635/2/2
f 4635/2/2 4616/2/2 4636/2/2
f 4617/3/2 4618/3/2 4637/3/2
f 4637/3/2 4618/3/2 4638/3/2
f 4622/2/2 4623/2/2 4639/2/2
f 4639/2/2 4623/2/2 4640/2/2
f 4624/2/2 4625/2/2 4641/2/2
f 4641/2/2 4625/2/2 4642/2/2
f 4629/2/2 4630/2/2 4643/2/2
f 4643/2/2 4630/2/2 4644/2/2
f 4631/2/2 4632/2/2 4645/2/2
f 4636/2/2 4637/2/2 4646/2/2
f 4646/2/2 4637/2/2 4647/2/2
f 4640/2/2 4641/2/2 4648/2/2
f 4648/2/2 4641/2/2 4649/2/2
f 4644/2/2 4645/2/2 4650/2/2
f 4645/2/2 4632/2/2 4651/2/2
f 4650/2/2 4645/2/2 4651/2/2
f 4652/2/2 4653/2/2 4657/2/2
f 4657/2/2 4653/2/2 4658/2/2
f 4654/2/2 4655/2/2 4661/2/2
f 4661/2/2 4655/2/2 4662/2/2
f 4656/2/2 4657/2/2 4665/2/2
f 4665/2/2 4657/2/2 4666/2/2
f 4658/3/2 4659/3/2 4667/3/2
f 4667/3/2 4659/3/2 4668/3/2
f 4660/2/2 4661/2/2 4672/2/2
f 4672/2/2 4661/2/2 4673/2/2
f 4662/2/2 4663/2/2 4674/2/2
f 4674/2/2 4663/2/2 4675/2/2
f 4664/2/2 4665/2/2 4680/2/2
f 4680/2/2 4665/2/2 4681/2/2
f 4668/3/2 4669/3/2 4682/3/2
f 4669/2/2 4670/2/2 4683/2/2
f 4682/3/2 4669/3/2 4683/3/2
f 4683/2/2 4670/2/2 4684/2/2
f 4671/2/2 4672/2/2 4687/2/2
f 4687/2/2 4672/2/2 4688/2/2
f 4675/2/2 4676/2/2 4689/2/2
f 4676/3/2 4677/3/2 4690/3/2
f 4689/2/2 4676/2/2 4690/2/2
f 4690/3/2 4677/3/2 4691/3/2
f 4678/2/2 4679/2/2 4695/2/2
f 4695/2/2 4679/2/2 4696/2/2
f 4685/2/2 4686/2/2 4697/2/2
f 4697/2/2 4686/2/2 4698/2/2
f 4692/3/2 4693/3/2 4699/3/2
f 4693/2/2 4694/2/2 4700/2/2
f 4699/3/2 4693/3/2 4700/3/2
f 4700/2/2 4694/2/2 4701/2/2
f 4701/2/2 4694/2/2 4702/2/2
f 4703/2/2 4704/2/2 4705/2/2
f 4705/2/2 4704/2/2 4706/2/2
f 4707/2/2 4708/2/2 4713/2/2
f 4713/2/2 4708/2/2 4714/2/2
f 4709/2/2 4710/2/2 4719/2/2
f 4719/2/2 4710/2/2 4720/2/2
f 4711/2/2 4712/2/2 4721/2/2
f 4721/2/2 4712/2/2 4722/2/2
f 4715/2/2 4716/2/2 4735/2/2
f 4735/2/2 4716/2/2 4736/2/2
f 4717/3/2 4718/3/2 4739/3/2
f 4739/3/2 4718/3/2 4740/3/2
f 4723/2/2 4724/2/2 4741/2/2
f 4741/2/2 4724/2/2 4742/2/2
f 4725/3/2 4726/3/2 4747/3/2
f 4726/2/2 4727/2/2 4748/2/2
f 4747/3/2 4726/3/2 4748/3/2
f 4748/2/2 4727/2/2 4749/2/2
f 4728/2/2 4729/2/2 4750/2/2
f 4750/2/2 4729/2/2 4751/2/2
f 4730/2/2 4731/2/2 4756/2/2
f 4731/3/2 4732/3/2 4757/3/2
f 4756/2/2 4731/2/2 4757/2/2
f 4757/3/2 4732/3/2 4758/3/2
f 4733/2/2 4734/2/2 4759/2/2
f 4759/2/2 4734/2/2 4760/2/2
f 4737/3/2 4738/3/2 4763/3/2
f 4763/3/2 4738/3/2 4764/3/2
f 4743/2/2 4744/2/2 4765/2/2
f 4765/2/2 4744/2/2 4766/2/2
f 4745/3/2 4746/3/2 4767/3/2
f 4767/3/2 4746/3/2 4768/3/2
f 4752/2/2 4753/2/2 4769/2/2
f 4769/2/2 4753/2/2 4770/2/2
f 4754/2/2 4755/2/2 4771/2/2
f 4771/2/2 4755/2/2 4772/2/2
f 4761/2/2 4762/2/2 4773/2/2
f 4773/2/2 4762/2/2 4774/2/2
f 4766/2/2 4767/2/2 4776/2/2
f 4776/2/2 4767/2/2 4777/2/2
f 4770/2/2 4771/2/2 4778/2/2
f 4778/2/2 4771/2/2 4779/2/2
f 4774/2/2 4775/2/2 4780/2/2
f 4780/2/2 4775/2/2 4781/2/2
f 4782/2/2 4783/2/2 4787/2/2
f 4787/2/2 4783/2/2 4788/2/2
f 4784/2/2 4785/2/2 4791/2/2
f 4791/2/2 4785/2/2 4792/2/2
f 4786/2/2 4787/2/2 4796/2/2
f 4796/2/2 4787/2/2 4797/2/2
f 4788/3/2 4789/3/2 4798/3/2
f 4798/3/2 4789/3/2 4799/3/2
f 4790/2/2 4791/2/2 4805/2/2
f 4805/2/2 4791/2/2 4806/2/2
f 4792/2/2 4793/2/2 4807/2/2
f 4807/2/2 4793/2/2 4808/2/2
f 4794/2/2 4795/2/2 4814/2/2
f 4814/2/2 4795/2/2 4815/2/2
f 4800/3/2 4801/3/2 4816/3/2
f 4801/2/2 4802/2/2 4817/2/2
f 4816/3/2 4801/3/2 4817/3/2
f 4817/2/2 4802/2/2 4818/2/2
f 4803/2/2 4804/2/2 4819/2/2
f 4819/2/2 4804/2/2 4820/2/2
f 4809/2/2 4810/2/2 4821/2/2
f 4810/3/2 4811/3/2 4822/3/2
f 4821/2/2 4810/2/2 4822/2/2
f 4822/3/2 4811/3/2 4823/3/2
f 4823/3/2 4811/3/2 4824/3/2
f 4812/2/2 4813/2/2 4826/2/2
f 4826/2/2 4813/2/2 4827/2/2
f 4824/3/2 4825/3/2 4828/3/2
f 4828/3/2 4825/3/2 4829/3/2
f 4830/1/2 4831/1/2 4835/1/2
f 4831/2/2 4832/2/2 4836/2/2
f 4835/1/2 4831/1/2 4836/1/2
f 4836/2/2 4832/2/2 4837/2/2
f 4833/2/2 4834/2/2 4842/2/2
f 4842/2/2 4834/2/2 4843/2/2
f 4838/2/2 4839/2/2 4851/2/2
f 4851/2/2 4839/2/2 4852/2/2
f 4840/2/2 4841/2/2 4857/2/2
f 4857/2/2 4841/2/2 4858/2/2
f 4844/2/2 4845/2/2 4859/2/2
f 4859/2/2 4845/2/2 4860/2/2
f 4846/2/2 4847/2/2 4865/2/2
f 4865/2/2 4847/2/2 4866/2/2
f 4848/3/2 4849/3/2 4871/3/2
f 4849/2/2 4850/2/2 4872/2/2
f 4871/3/2 4849/3/2 4872/3/2
f 4872/2/2 4850/2/2 4873/2/2
f 4853/2/2 4854/2/2 4876/2/2
f 4876/2/2 4854/2/2 4877/2/2
f 4855/3/2 4856/3/2 4878/3/2
f 4878/3/2 4856/3/2 4879/3/2
f 4861/2/2 4862/2/2 4880/2/2
f 4880/2/2 4862/2/2 4881/2/2
f 4863/3/2 4864/3/2 4884/3/2
f 4884/3/2 4864/3/2 4885/3/2
f 4867/2/2 4868/2/2 4886/2/2
f 4886/2/2 4868/2/2 4887/2/2
f 4869/2/2 4870/2/2 4890/2/2
f 4890/2/2 4870/2/2 4891/2/2
f 4874/2/2 4875/2/2 4892/2/2
f 4892/2/2 4875/2/2 4893/2/2
f 4882/2/2 4883/2/2 4896/2/2
f 4896/2/2 4883/2/2 4897/2/2
f 4888/2/2 4889/2/2 4898/2/2
f 4898/2/2 4889/2/2 4899/2/2
f 4894/2/2 4895/2/2 4900/2/2
f 4900/2/2 4895/2/2 4901/2/2
f 4902/2/2 4903/2/2 4908/2/2
f 4908/2/2 4903/2/2 4909/2/2
f 4904/2/2 4905/2/2 4914/2/2
f 4914/2/2 4905/2/2 4915/2/2
f 4906/2/2 4907/2/2 4920/2/2
f 4920/2/2 4907/2/2 4921/2/2
f 4910/3/2 4911/3/2 4922/3/2
f 4922/3/2 4911/3/2 4923/3/2
f 4912/2/2 4913/2/2 4926/2/2
f 4926/2/2 4913/2/2 4927/2/2
f 4916/2/2 4917/2/2 4928/2/2
f 4928/2/2 4917/2/2 4929/2/2
f 4918/2/2 4919/2/2 4932/2/2
f 4932/2/2 4919/2/2 4933/2/2
f 4924/2/2 4925/2/2 4934/2/2
f 4934/2/2 4925/2/2 4935/2/2
f 4930/3/2 4931/3/2 4937/3/2
f 4937/3/2 4931/3/2 4938/3/2
f 4936/2/2 4937/2/2 4939/2/2
f 4939/2/2 4937/2/2 4940/2/2
f 4941/2/2 4942/2/2 4947/2/2
f 4947/2/2 4942/2/2 4948/2/2
f 4943/2/2 4944/2/2 4953/2/2
f 4953/2/2 4944/2/2 4954/2/2
f 4945/2/2 4946/2/2 4955/2/2
f 4955/2/2 4946/2/2 4956/2/2
f 4949/2/2 4950/2/2 4969/2/2
f 4969/2/2 4950/2/2 4970/2/2
f 4951/3/2 4952/3/2 4973/3/2
f 4973/3/2 4952/3/2 4974/3/2
f 4957/2/2 4958/2/2 4975/2/2
f 4975/2/2 4958/2/2 4976/2/2
f 4959/3/2 4960/3/2 4981/3/2
f 4960/2/2 4961/2/2 4982/2/2
f 4981/3/2 4960/3/2 4982/3/2
f 4982/2/2 4961/2/2 4983/2/2
f 4962/2/2 4963/2/2 4984/2/2
f 4984/2/2 4963/2/2 4985/2/2
f 4964/2/2 4965/2/2 4990/2/2
f 4965/3/2 4966/3/2 4991/3/2
f 4990/2/2 4965/2/2 4991/2/2
f 4991/3/2 4966/3/2 4992/3/2
f 4967/2/2 4968/2/2 4993/2/2
f 4993/2/2 4968/2/2 4994/2/2
f 4971/3/2 4972/3/2 4997/3/2
f 4997/3/2 4972/3/2 4998/3/2
f 4977/2/2 4978/2/2 4999/2/2
f 4999/2/2 4978/2/2 5000/2/2
f 4979/3/2 4980/3/2 5001/3/2
f 5001/3/2 4980/3/2 5002/3/2
f 4986/2/2 4987/2/2 5003/2/2
f 5003/2/2 4987/2/2 5004/2/2
f 4988/2/2 4989/2/2 5005/2/2
f 5005/2/2 4989/2/2 5006/2/2
f 4995/2/2 4996/2/2 5007/2/2
f 5007/2/2 4996/2/2 5008/2/2
f 5009/2/2 5010/2/2 5019/2/2
f 5019/2/2 5010/2/2 5020/2/2
f 5011/3/2 5012/3/2 5021/3/2
f 5021/3/2 5012/3/2 5022/3/2
f 5013/2/2 5014/2/2 5028/2/2
f 5028/2/2 5014/2/2 5029/2/2
f 5015/2/2 5016/2/2 5030/2/2
f 5030/2/2 5016/2/2 5031/2/2
f 5017/2/2 5018/2/2 5036/2/2
f 5036/2/2 5018/2/2 5037/2/2
f 5023/3/2 5024/3/2 5038/3/2
f 5024/2/2 5025/2/2 5039/2/2
f 5038/3/2 5024/3/2 5039/3/2
f 5039/2/2 5025/2/2 5040/2/2
f 5026/2/2 5027/2/2 5041/2/2
f 5041/2/2 5027/2/2 5042/2/2
f 5032/2/2 5033/2/2 5044/2/2
f 5044/2/2 5033/2/2 5045/2/2
f 5034/2/2 5035/2/2 5046/2/2
f 5046/2/2 5035/2/2 5047/2/2
f 5043/2/2 5044/2/2 5048/2/2
f 5048/2/2 5044/2/2 5049/2/2
f 5050/2/2 5051/2/2 5056/2/2
f 5056/2/2 5051/2/2 5057/2/2
f 5052/2/2 5053/2/2 5062/2/2
f 5062/2/2 5053/2/2 5063/2/2
f 5054/2/2 5055/2/2 5064/2/2
f 5064/2/2 5055/2/2 5065/2/2
f 5058/2/2 5059/2/2 5076/2/2
f 5076/2/2 5059/2/2 5077/2/2
f 5060/3/2 5061/3/2 5078/3/2
f 5078/3/2 5061/3/2 5079/3/2
f 5066/2/2 5067/2/2 5080/2/2
f 5080/2/2 5067/2/2 5081/2/2
f 5068/3/2 5069/3/2 5084/3/2
f 5084/3/2 5069/3/2 5085/3/2
f 5070/2/2 5071/2/2 5086/2/2
f 5086/2/2 5071/2/2 5087/2/2
f 5072/2/2 5073/2/2 5090/2/2
f 5090/2/2 5073/2/2 5091/2/2
f 5074/2/2 5075/2/2 5092/2/2
f 5092/2/2 5075/2/2 5093/2/2
f 5082/2/2 5083/2/2 5096/2/2
f 5096/2/2 5083/2/2 5097/2/2
f 5088/2/2 5089/2/2 5098/2/2
f 5098/2/2 5089/2/2 5099/2/2
f 5094/2/2 5095/2/2 5100/2/2
f 5100/2/2 5095/2/2 5101/2/2
f 5102/2/2 5103/2/2 5108/2/2
f 5108/2/2 5103/2/2 5109/2/2
f 5104/2/2 5105/2/2 5114/2/2
f 5114/2/2 5105/2/2 5115/2/2
f 5106/2/2 5107/2/2 5120/2/2
f 5120/2/2 5107/2/2 5121/2/2
f 5110/3/2 5111/3/2 5122/3/2
f 5122/3/2 5111/3/2 5123/3/2
f 5112/2/2 5113/2/2 5124/2/2
f 5124/2/2 5113/2/2 5125/2/2
f 5116/2/2 5117/2/2 5126/2/2
f 5126/2/2 5117/2/2 5127/2/2
f 5118/2/2 5119/2/2 5128/2/2
f 5128/2/2 5119/2/2 5129/2/2
f 5130/2/2 5131/2/2 5132/2/2
f 5132/2/2 5131/2/2 5133/2/2
f 5134/1/2 5135/1/2 5139/1/2
f 5135/2/2 5136/2/2 5140/2/2
f 5139/1/2 5135/1/2 5140/1/2
f 5140/2/2 5136/2/2 5141/2/2
f 5137/2/2 5138/2/2 5142/2/2
f 5142/2/2 5138/2/2 5143/2/2
f 5144/2/2 5145/2/2 5149/2/2
f 5149/2/2 5145/2/2 5150/2/2
f 5146/3/2 5147/3/2 5151/3/2
f 5147/2/2 5148/2/2 5152/2/2
f 5151/3/2 5147/3/2 5152/3/2
f 5152/2/2 5148/2/2 5153/2/2
f 5156/2/2 5157/2/2 5158/2/2
f 5158/2/2 5157/2/2 5159/2/2
f 5154/2/2 5155/2/2 5160/2/2
f 5160/2/2 5155/2/2 5161/2/2
f 5162/2/2 5163/2/2 5168/2/2
f 5168/2/2 5163/2/2 5169/2/2
f 5164/2/2 5165/2/2 5174/2/2
f 5174/2/2 5165/2/2 5175/2/2
f 5166/2/2 5167/2/2 5176/2/2
f 5176/2/2 5167/2/2 5177/2/2
f 5170/2/2 5171/2/2 5188/2/2
f 5188/2/2 5171/2/2 5189/2/2
f 5172/3/2 5173/3/2 5192/3/2
f 5192/3/2 5173/3/2 5193/3/2
f 5178/2/2 5179/2/2 5194/2/2
f 5194/2/2 5179/2/2 5195/2/2
f 5180/2/2 5181/2/2 5200/2/2
f 5200/2/2 5181/2/2 5201/2/2
f 5182/2/2 5183/2/2 5202/2/2
f 5202/2/2 5183/2/2 5203/2/2
f 5184/3/2 5185/3/2 5208/3/2
f 5208/3/2 5185/3/2 5209/3/2
f 5186/2/2 5187/2/2 5210/2/2
f 5210/2/2 5187/2/2 5211/2/2
f 5190/3/2 5191/3/2 5214/3/2
f 5214/3/2 5191/3/2 5215/3/2
f 5196/2/2 5197/2/2 5216/2/2
f 5216/2/2 5197/2/2 5217/2/2
f 5198/3/2 5199/3/2 5218/3/2
f 5218/3/2 5199/3/2 5219/3/2
f 5204/2/2 5205/2/2 5220/2/2
f 5220/2/2 5205/2/2 5221/2/2
f 5206/2/2 5207/2/2 5222/2/2
f 5222/2/2 5207/2/2 5223/2/2
f 5212/2/2 5213/2/2 5224/2/2
f 5224/2/2 5213/2/2 5225/2/2
f 5226/2/2 5227/2/2 5234/2/2
f 5234/2/2 5227/2/2 5235/2/2
f 5228/3/2 5229/3/2 5236/3/2
f 5236/3/2 5229/3/2 5237/3/2
f 5230/2/2 5231/2/2 5242/2/2
f 5242/2/2 5231/2/2 5243/2/2
f 5232/2/2 5233/2/2 5248/2/2
f 5248/2/2 5233/2/2 5249/2/2
f 5238/2/2 5239/2/2 5250/2/2
f 5250/2/2 5239/2/2 5251/2/2
f 5240/2/2 5241/2/2 5252/2/2
f 5252/2/2 5241/2/2 5253/2/2
f 5246/2/2 5247/2/2 5254/2/2
f 5254/2/2 5247/2/2 5255/2/2
f 5244/2/2 5245/2/2 5256/2/2
f 5256/2/2 5245/2/2 5257/2/2
f 5258/2/2 5259/2/2 5260/2/2
f 5260/2/2 5259/2/2 5261/2/2
f 5262/2/2 5263/2/2 5264/2/2
f 5264/2/2 5263/2/2 5265/2/2
f 5266/2/2 5267/2/2 5268/2/2
f 5268/2/2 5267/2/2 5269/2/2
f 5270/2/2 5271/2/2 5272/2/2
f 5272/2/2 5271/2/2 5273/2/2
f 5274/2/2 5275/2/2 5281/2/2
f 5281/2/2 5275/2/2 5282/2/2
f 5276/3/2 5277/3/2 5283/3/2
f 5283/3/2 5277/3/2 5284/3/2
f 5278/3/2 5279/3/2 5285/3/2
f 5285/3/2 5279/3/2 5286/3/2
f 5280/2/2 5281/2/2 5288/2/2
f 5288/2/2 5281/2/2 5289/2/2
f 5287/2/2 5288/2/2 5290/2/2
f 5290/2/2 5288/2/2 5291/2/2
f 5287/2/2 5290/2/2 5292/2/2
f 5292/2/2 5290/2/2 5293/2/2
f 5296/3/2 5297/3/2 5298/3/2
f 5298/3/2 5297/3/2 5299/3/2
f 5294/2/2 5295/2/2 5300/2/2
f 5300/2/2 5295/2/2 5301/2/2
f 5302/2/2 5303/2/2 5316/2/2
f 5316/2/2 5303/2/2 5317/2/2
f 5304/2/2 5305/2/2 5322/2/2
f 5322/2/2 5305/2/2 5323/2/2
f 5306/2/2 5307/2/2 5324/2/2
f 5324/2/2 5307/2/2 5325/2/2
f 5308/2/2 5309/2/2 5330/2/2
f 5330/2/2 5309/2/2 5331/2/2
f 5310/2/2 5311/2/2 5332/2/2
f 5332/2/2 5311/2/2 5333/2/2
f 5312/2/2 5313/2/2 5338/2/2
f 5338/2/2 5313/2/2 5339/2/2
f 5318/2/2 5319/2/2 5340/2/2
f 5340/2/2 5319/2/2 5341/2/2
f 5320/2/2 5321/2/2 5342/2/2
f 5342/2/2 5321/2/2 5343/2/2
f 5326/2/2 5327/2/2 5344/2/2
f 5344/2/2 5327/2/2 5345/2/2
f 5328/2/2 5329/2/2 5346/2/2
f 5346/2/2 5329/2/2 5347/2/2
f 5334/2/2 5335/2/2 5348/2/2
f 5348/2/2 5335/2/2 5349/2/2
f 5336/2/2 5337/2/2 5350/2/2
f 5350/2/2 5337/2/2 5351/2/2
f 5314/2/2 5315/2/2 5353/2/2
f 5353/2/2 5315/2/2 5354/2/2
f 5352/2/2 5353/2/2 5355/2/2
f 5355/2/2 5353/2/2 5356/2/2
f 5357/2/2 5358/2/2 5359/2/2
f 5359/2/2 5358/2/2 5360/2/2
f 5361/2/2 5362/2/2 5367/2/2
f 5367/2/2 5362/2/2 5368/2/2
f 5363/2/2 5364/2/2 5369/2/2
f 5369/2/2 5364/2/2 5370/2/2
f 5365/2/2 5366/2/2 5373/2/2
f 5373/2/2 5366/2/2 5374/2/2
f 5371/2/2 5372/2/2 5375/2/2
f 5375/2/2 5372/2/2 5376/2/2
f 5377/2/2 5378/2/2 5391/2/2
f 5391/2/2 5378/2/2 5392/2/2
f 5379/2/2 5380/2/2 5393/2/2
f 5393/2/2 5380/2/2 5394/2/2
f 5381/2/2 5382/2/2 5395/2/2
f 5395/2/2 5382/2/2 5396/2/2
f 5383/2/2 5384/2/2 5397/2/2
f 5397/2/2 5384/2/2 5398/2/2
f 5385/2/2 5386/2/2 5399/2/2
f 5399/2/2 5386/2/2 5400/2/2
f 5387/2/2 5388/2/2 5401/2/2
f 5401/2/2 5388/2/2 5402/2/2
f 5389/2/2 5390/2/2 5404/2/2
f 5404/2/2 5390/2/2 5405/2/2
f 5403/2/2 5404/2/2 5407/2/2
f 5407/2/2 5404/2/2 5408/2/2
f 5406/2/2 5407/2/2 5410/2/2
f 5410/2/2 5407/2/2 5411/2/2
f 5409/2/2 5410/2/2 5412/2/2
f 5412/2/2 5410/2/2 5413/2/2
f 5414/2/2 5415/2/2 5416/2/2
f 5416/2/2 5415/2/2 5417/2/2
f 5418/2/2 5419/2/2 5424/2/2
f 5424/2/2 5419/2/2 5425/2/2
f 5420/2/2 5421/2/2 5426/2/2
f 5426/2/2 5421/2/2 5427/2/2
f 5422/2/2 5423/2/2 5428/2/2
f 5428/2/2 5423/2/2 5429/2/2
f 5430/2/2 5431/2/2 5444/2/2
f 5444/2/2 5431/2/2 5445/2/2
f 5432/2/2 5433/2/2 5450/2/2
f 5450/2/2 5433/2/2 5451/2/2
f 5434/2/2 5435/2/2 5452/2/2
f 5452/2/2 5435/2/2 5453/2/2
f 5436/2/2 5437/2/2 5458/2/2
f 5458/2/2 5437/2/2 5459/2/2
f 5438/2/2 5439/2/2 5460/2/2
f 5460/2/2 5439/2/2 5461/2/2
f 5440/2/2 5441/2/2 5466/2/2
f 5466/2/2 5441/2/2 5467/2/2
f 5446/2/2 5447/2/2 5468/2/2
f 5468/2/2 5447/2/2 5469/2/2
f 5448/2/2 5449/2/2 5470/2/2
f 5470/2/2 5449/2/2 5471/2/2
f 5454/2/2 5455/2/2 5472/2/2
f 5472/2/2 5455/2/2 5473/2/2
f 5456/2/2 5457/2/2 5474/2/2
f 5474/2/2 5457/2/2 5475/2/2
f 5462/2/2 5463/2/2 5476/2/2
f 5476/2/2 5463/2/2 5477/2/2
f 5464/2/2 5465/2/2 5480/2/2
f 5480/2/2 5465/2/2 5481/2/2
f 5442/2/2 5443/2/2 5483/2/2
f 5483/2/2 5443/2/2 5484/2/2
f 5478/3/2 5479/3/2 5485/3/2
f 5485/3/2 5479/3/2 5486/3/2
f 5482/2/2 5483/2/2 5488/2/2
f 5488/2/2 5483/2/2 5489/2/2
f 5487/2/2 5488/2/2 5490/2/2
f 5490/2/2 5488/2/2 5491/2/2
f 5492/2/2 5493/2/2 5498/2/2
f 5498/2/2 5493/2/2 5499/2/2
f 5494/2/2 5495/2/2 5503/2/2
f 5503/2/2 5495/2/2 5504/2/2
f 5496/2/2 5497/2/2 5505/2/2
f 5505/2/2 5497/2/2 5506/2/2
f 5499/2/2 5500/2/2 5511/2/2
f 5511/2/2 5500/2/2 5512/2/2
f 5501/2/2 5502/2/2 5513/2/2
f 5513/2/2 5502/2/2 5514/2/2
f 5507/2/2 5508/2/2 5515/2/2
f 5515/2/2 5508/2/2 5516/2/2
f 5509/2/2 5510/2/2 5517/2/2
f 5517/2/2 5510/2/2 5518/2/2
f 5519/1/2 5520/1/2 5528/1/2
f 5520/2/2 5521/2/2 5529/2/2
f 5528/1/2 5520/1/2 5529/1/2
f 5529/2/2 5521/2/2 5530/2/2
f 5522/2/2 5523/2/2 5531/2/2
f 5531/2/2 5523/2/2 5532/2/2
f 5524/2/2 5525/2/2 5533/2/2
f 5533/2/2 5525/2/2 5534/2/2
f 5526/2/2 5527/2/2 5535/2/2
f 5535/2/2 5527/2/2 5536/2/2
f 5537/3/2 5538/3/2 5549/3/2
f 5549/3/2 5538/3/2 5550/3/2
f 5539/3/2 5540/3/2 5551/3/2
f 5551/3/2 5540/3/2 5552/3/2
f 5541/3/2 5542/3/2 5553/3/2
f 5553/3/2 5542/3/2 5554/3/2
f 5543/3/2 5544/3/2 5555/3/2
f 5555/3/2 5544/3/2 5556/3/2
f 5545/3/2 5546/3/2 5557/3/2
f 5557/3/2 5546/3/2 5558/3/2
f 5547/3/2 5548/3/2 5559/3/2
f 5559/3/2 5548/3/2 5560/3/2
f 5561/2/2 5562/2/2 5563/2/2
f 5563/2/2 5562/2/2 5564/2/2
f 5565/3/2 5566/3/2 5569/3/2
f 5569/3/2 5566/3/2 5570/3/2
f 5567/3/2 5568/3/2 5571/3/2
f 5571/3/2 5568/3/2 5572/3/2
f 5573/2/2 5574/2/2 5577/2/2
f 5577/2/2 5574/2/2 5578/2/2
f 5575/2/2 5576/2/2 5579/2/2
f 5579/2/2 5576/2/2 5580/2/2
f 5581/2/2 5582/2/2 5595/2/2
f 5595/2/2 5582/2/2 5596/2/2
f 5583/2/2 5584/2/2 5601/2/2
f 5601/2/2 5584/2/2 5602/2/2
f 5585/2/2 5586/2/2 5603/2/2
f 5603/2/2 5586/2/2 5604/2/2
f 5587/2/2 5588/2/2 5609/2/2
f 5609/2/2 5588/2/2 5610/2/2
f 5589/2/2 5590/2/2 5611/2/2
f 5611/2/2 5590/2/2 5612/2/2
f 5591/2/2 5592/2/2 5617/2/2
f 5617/2/2 5592/2/2 5618/2/2
f 5593/2/2 5594/2/2 5620/2/2
f 5620/2/2 5594/2/2 5621/2/2
f 5597/2/2 5598/2/2 5622/2/2
f 5622/2/2 5598/2/2 5623/2/2
f 5599/2/2 5600/2/2 5626/2/2
f 5626/2/2 5600/2/2 5627/2/2
f 5605/2/2 5606/2/2 5628/2/2
f 5628/2/2 5606/2/2 5629/2/2
f 5607/2/2 5608/2/2 5632/2/2
f 5632/2/2 5608/2/2 5633/2/2
f 5613/2/2 5614/2/2 5634/2/2
f 5634/2/2 5614/2/2 5635/2/2
f 5615/2/2 5616/2/2 5636/2/2
f 5636/2/2 5616/2/2 5637/2/2
f 5619/2/2 5620/2/2 5638/2/2
f 5638/2/2 5620/2/2 5639/2/2
f 5624/3/2 5625/3/2 5640/3/2
f 5640/3/2 5625/3/2 5641/3/2
f 5630/3/2 5631/3/2 5642/3/2
f 5642/3/2 5631/3/2 5643/3/2
f 5644/3/2 5645/3/2 5648/3/2
f 5648/3/2 5645/3/2 5649/3/2
f 5646/2/2 5647/2/2 5654/2/2
f 5654/2/2 5647/2/2 5655/2/2
f 5650/2/2 5651/2/2 5656/2/2
f 5656/2/2 5651/2/2 5657/2/2
f 5652/2/2 5653/2/2 5660/2/2
f 5660/2/2 5653/2/2 5661/2/2
f 5658/2/2 5659/2/2 5662/2/2
f 5662/2/2 5659/2/2 5663/2/2
f 5664/2/2 5665/2/2 5676/2/2
f 5676/2/2 5665/2/2 5677/2/2
f 5666/2/2 5667/2/2 5682/2/2
f 5682/2/2 5667/2/2 5683/2/2
f 5668/2/2 5669/2/2 5684/2/2
f 5684/2/2 5669/2/2 5685/2/2
f 5670/2/2 5671/2/2 5690/2/2
f 5690/2/2 5671/2/2 5691/2/2
f 5672/2/2 5673/2/2 5692/2/2
f 5692/2/2 5673/2/2 5693/2/2
f 5674/2/2 5675/2/2 5698/2/2
f 5698/2/2 5675/2/2 5699/2/2
f 5678/2/2 5679/2/2 5700/2/2
f 5700/2/2 5679/2/2 5701/2/2
f 5680/2/2 5681/2/2 5706/2/2
f 5706/2/2 5681/2/2 5707/2/2
f 5686/2/2 5687/2/2 5708/2/2
f 5708/2/2 5687/2/2 5709/2/2
f 5688/2/2 5689/2/2 5714/2/2
f 5714/2/2 5689/2/2 5715/2/2
f 5694/2/2 5695/2/2 5716/2/2
f 5716/2/2 5695/2/2 5717/2/2
f 5696/2/2 5697/2/2 5720/2/2
f 5720/2/2 5697/2/2 5721/2/2
f 5702/3/2 5703/3/2 5724/3/2
f 5724/3/2 5703/3/2 5725/3/2
f 5704/3/2 5705/3/2 5726/3/2
f 5726/3/2 5705/3/2 5727/3/2
f 5710/3/2 5711/3/2 5728/3/2
f 5728/3/2 5711/3/2 5729/3/2
f 5712/3/2 5713/3/2 5730/3/2
f 5730/3/2 5713/3/2 5731/3/2
f 5718/3/2 5719/3/2 5732/3/2
f 5732/3/2 5719/3/2 5733/3/2
f 5722/2/2 5723/2/2 5734/2/2
f 5734/2/2 5723/2/2 5735/2/2
f 5736/3/2 5737/3/2 5738/3/2
f 5738/3/2 5737/3/2 5739/3/2
f 5740/3/2 5741/3/2 5748/3/2
f 5748/3/2 5741/3/2 5749/3/2
f 5742/3/2 5743/3/2 5750/3/2
f 5750/3/2 5743/3/2 5751/3/2
f 5746/2/2 5747/2/2 5756/2/2
f 5756/2/2 5747/2/2 5757/2/2
f 5752/2/2 5753/2/2 5758/2/2
f 5758/2/2 5753/2/2 5759/2/2
f 5744/2/2 5745/2/2 5764/2/2
f 5764/2/2 5745/2/2 5765/2/2
f 5754/2/2 5755/2/2 5766/2/2
f 5766/2/2 5755/2/2 5767/2/2
f 5760/2/2 5761/2/2 5768/2/2
f 5768/2/2 5761/2/2 5769/2/2
f 5762/2/2 5763/2/2 5770/2/2
f 5770/2/2 5763/2/2 5771/2/2
f 5772/1/2 5773/1/2 5781/1/2
f 5773/2/2 5774/2/2 5782/2/2
f 5781/1/2 5773/1/2 5782/1/2
f 5782/2/2 5774/2/2 5783/2/2
f 5775/2/2 5776/2/2 5788/2/2
f 5788/2/2 5776/2/2 5789/2/2
f 5777/2/2 5778/2/2 5794/2/2
f 5794/2/2 5778/2/2 5795/2/2
f 5779/2/2 5780/2/2 5800/2/2
f 5800/2/2 5780/2/2 5801/2/2
f 5801/2/2 5780/2/2 5802/2/2
f 5784/2/2 5785/2/2 5803/2/2
f 5803/2/2 5785/2/2 5804/2/2
f 5786/2/2 5787/2/2 5809/2/2
f 5809/2/2 5787/2/2 5810/2/2
f 5790/2/2 5791/2/2 5811/2/2
f 5811/2/2 5791/2/2 5812/2/2
f 5792/2/2 5793/2/2 5817/2/2
f 5817/2/2 5793/2/2 5818/2/2
f 5796/2/2 5797/2/2 5819/2/2
f 5819/2/2 5797/2/2 5820/2/2
f 5798/2/2 5799/2/2 5825/2/2
f 5825/2/2 5799/2/2 5826/2/2
f 5805/2/2 5806/2/2 5828/2/2
f 5828/2/2 5806/2/2 5829/2/2
f 5807/2/2 5808/2/2 5831/2/2
f 5831/2/2 5808/2/2 5832/2/2
f 5813/2/2 5814/2/2 5833/2/2
f 5833/2/2 5814/2/2 5834/2/2
f 5815/2/2 5816/2/2 5837/2/2
f 5837/2/2 5816/2/2 5838/2/2
f 5821/2/2 5822/2/2 5839/2/2
f 5839/2/2 5822/2/2 5840/2/2
f 5823/2/2 5824/2/2 5843/2/2
f 5843/2/2 5824/2/2 5844/2/2
f 5827/2/2 5828/2/2 5845/2/2
f 5828/2/2 5829/2/2 5845/2/2
f 5829/3/2 5830/3/2 5846/3/2
f 5845/2/2 5829/2/2 5846/2/2
f 5846/3/2 5830/3/2 5847/3/2
f 5835/3/2 5836/3/2 5848/3/2
f 5848/3/2 5836/3/2 5849/3/2
f 5841/3/2 5842/3/2 5850/3/2
f 5850/3/2 5842/3/2 5851/3/2
f 5852/3/2 5853/3/2 5856/3/2
f 5856/3/2 5853/3/2 5857/3/2
f 5854/2/2 5855/2/2 5862/2/2
f 5862/2/2 5855/2/2 5863/2/2
f 5858/2/2 5859/2/2 5864/2/2
f 5864/2/2 5859/2/2 5865/2/2
f 5860/2/2 5861/2/2 5870/2/2
f 5870/2/2 5861/2/2 5871/2/2
f 5866/2/2 5867/2/2 5872/2/2
f 5872/2/2 5867/2/2 5873/2/2
f 5868/2/2 5869/2/2 5876/2/2
f 5876/2/2 5869/2/2 5877/2/2
f 5874/2/2 5875/2/2 5878/2/2
f 5878/2/2 5875/2/2 5879/2/2
f 5880/2/2 5881/2/2 5892/2/2
f 5892/2/2 5881/2/2 5893/2/2
f 5882/2/2 5883/2/2 5898/2/2
f 5898/2/2 5883/2/2 5899/2/2
f 5884/2/2 5885/2/2 5900/2/2
f 5900/2/2 5885/2/2 5901/2/2
f 5886/2/2 5887/2/2 5906/2/2
f 5906/2/2 5887/2/2 5907/2/2
f 5888/2/2 5889/2/2 5908/2/2
f 5908/2/2 5889/2/2 5909/2/2
f 5890/2/2 5891/2/2 5914/2/2
f 5914/2/2 5891/2/2 5915/2/2
f 5915/2/2 5891/2/2 5916/2/2
f 5894/2/2 5895/2/2 5919/2/2
f 5919/2/2 5895/2/2 5920/2/2
f 5896/2/2 5897/2/2 5923/2/2
f 5923/2/2 5897/2/2 5924/2/2
f 5902/2/2 5903/2/2 5925/2/2
f 5925/2/2 5903/2/2 5926/2/2
f 5904/2/2 5905/2/2 5931/2/2
f 5931/2/2 5905/2/2 5932/2/2
f 5910/2/2 5911/2/2 5933/2/2
f 5933/2/2 5911/2/2 5934/2/2
f 5912/2/2 5913/2/2 5939/2/2
f 5939/2/2 5913/2/2 5940/2/2
f 5917/2/2 5918/2/2 5941/2/2
f 5941/2/2 5918/2/2 5942/2/2
f 5921/3/2 5922/3/2 5943/3/2
f 5943/3/2 5922/3/2 5944/3/2
f 5927/3/2 5928/3/2 5945/3/2
f 5945/3/2 5928/3/2 5946/3/2
f 5929/3/2 5930/3/2 5947/3/2
f 5947/3/2 5930/3/2 5948/3/2
f 5935/3/2 5936/3/2 5949/3/2
f 5949/3/2 5936/3/2 5950/3/2
f 5937/3/2 5938/3/2 5951/3/2
f 5951/3/2 5938/3/2 5952/3/2
f 5953/3/2 5954/3/2 5961/3/2
f 5961/3/2 5954/3/2 5962/3/2
f 5955/3/2 5956/3/2 5963/3/2
f 5963/3/2 5956/3/2 5964/3/2
f 5959/2/2 5960/2/2 5969/2/2
f 5969/2/2 5960/2/2 5970/2/2
f 5965/2/2 5966/2/2 5971/2/2
f 5971/2/2 5966/2/2 5972/2/2
f 5957/2/2 5958/2/2 5977/2/2
f 5977/2/2 5958/2/2 5978/2/2
f 5967/2/2 5968/2/2 5979/2/2
f 5979/2/2 5968/2/2 5980/2/2
f 5973/2/2 5974/2/2 5981/2/2
f 5981/2/2 5974/2/2 5982/2/2
f 5975/2/2 5976/2/2 5983/2/2
f 5983/2/2 5976/2/2 5984/2/2
f 5985/1/2 5986/1/2 5991/1/2
f 5991/1/2 5986/1/2 5992/1/2
f 5987/2/2 5988/2/2 5997/2/2
f 5997/2/2 5988/2/2 5998/2/2
f 5989/2/2 5990/2/2 6003/2/2
f 6003/2/2 5990/2/2 6004/2/2
f 5993/2/2 5994/2/2 6011/2/2
f 6011/2/2 5994/2/2 6012/2/2
f 5995/2/2 5996/2/2 6015/2/2
f 6015/2/2 5996/2/2 6016/2/2
f 5999/2/2 6000/2/2 6017/2/2
f 6017/2/2 6000/2/2 6018/2/2
f 6001/2/2 6002/2/2 6023/2/2
f 6023/2/2 6002/2/2 6024/2/2
f 6005/2/2 6006/2/2 6025/2/2
f 6025/2/2 6006/2/2 6026/2/2
f 6007/2/2 6008/2/2 6031/2/2
f 6031/2/2 6008/2/2 6032/2/2
f 6009/2/2 6010/2/2 6033/2/2
f 6033/2/2 6010/2/2 6034/2/2
f 6013/2/2 6014/2/2 6035/2/2
f 6035/2/2 6014/2/2 6036/2/2
f 6019/2/2 6020/2/2 6037/2/2
f 6037/2/2 6020/2/2 6038/2/2
f 6021/2/2 6022/2/2 6039/2/2
f 6039/2/2 6022/2/2 6040/2/2
f 6027/2/2 6028/2/2 6041/2/2
f 6041/2/2 6028/2/2 6042/2/2
f 6029/2/2 6030/2/2 6043/2/2
f 6043/2/2 6030/2/2 6044/2/2
f 6038/3/2 6039/3/2 6045/3/2
f 6045/3/2 6039/3/2 6046/3/2
f 6042/3/2 6043/3/2 6047/3/2
f 6047/3/2 6043/3/2 6048/3/2
f 6049/3/2 6050/3/2 6052/3/2
f 6052/3/2 6050/3/2 6053/3/2
f 6051/2/2 6052/2/2 6057/2/2
f 6057/2/2 6052/2/2 6058/2/2
f 6053/2/2 6054/2/2 6059/2/2
f 6059/2/2 6054/2/2 6060/2/2
f 6055/2/2 6056/2/2 6065/2/2
f 6065/2/2 6056/2/2 6066/2/2
f 6061/2/2 6062/2/2 6067/2/2
f 6067/2/2 6062/2/2 6068/2/2
f 6063/2/2 6064/2/2 6071/2/2
f 6071/2/2 6064/2/2 6072/2/2
f 6069/2/2 6070/2/2 6073/2/2
f 6073/2/2 6070/2/2 6074/2/2
f 6075/1/2 6076/1/2 6084/1/2
f 6076/2/2 6077/2/2 6085/2/2
f 6084/1/2 6076/1/2 6085/1/2
f 6085/2/2 6077/2/2 6086/2/2
f 6086/2/2 6077/2/2 6087/2/2
f 6078/2/2 6079/2/2 6090/2/2
f 6090/2/2 6079/2/2 6091/2/2
f 6080/2/2 6081/2/2 6096/2/2
f 6096/2/2 6081/2/2 6097/2/2
f 6082/2/2 6083/2/2 6102/2/2
f 6102/2/2 6083/2/2 6103/2/2
f 6085/2/2 6086/2/2 6104/2/2
f 6104/2/2 6086/2/2 6105/2/2
f 6088/2/2 6089/2/2 6106/2/2
f 6106/2/2 6089/2/2 6107/2/2
f 6092/2/2 6093/2/2 6109/2/2
f 6109/2/2 6093/2/2 6110/2/2
f 6094/2/2 6095/2/2 6113/2/2
f 6113/2/2 6095/2/2 6114/2/2
f 6098/2/2 6099/2/2 6115/2/2
f 6115/2/2 6099/2/2 6116/2/2
f 6100/2/2 6101/2/2 6119/2/2
f 6119/2/2 6101/2/2 6120/2/2
f 6107/2/2 6108/2/2 6121/2/2
f 6121/2/2 6108/2/2 6122/2/2
f 6110/2/2 6111/2/2 6123/2/2
f 6123/2/2 6111/2/2 6124/2/2
f 6112/2/2 6113/2/2 6127/2/2
f 6127/2/2 6113/2/2 6128/2/2
f 6116/2/2 6117/2/2 6129/2/2
f 6129/2/2 6117/2/2 6130/2/2
f 6118/2/2 6119/2/2 6133/2/2
f 6133/2/2 6119/2/2 6134/2/2
f 6125/3/2 6126/3/2 6135/3/2
f 6135/3/2 6126/3/2 6136/3/2
f 6131/3/2 6132/3/2 6137/3/2
f 6137/3/2 6132/3/2 6138/3/2
f 6139/3/2 6140/3/2 6143/3/2
f 6143/3/2 6140/3/2 6144/3/2
f 6141/2/2 6142/2/2 6148/2/2
f 6148/2/2 6142/2/2 6149/2/2
f 6145/2/2 6146/2/2 6150/2/2
f 6150/2/2 6146/2/2 6151/2/2
f 6147/2/2 6148/2/2 6155/2/2
f 6155/2/2 6148/2/2 6156/2/2
f 6151/2/2 6152/2/2 6157/2/2
f 6157/2/2 6152/2/2 6158/2/2
f 6153/2/2 6154/2/2 6161/2/2
f 6161/2/2 6154/2/2 6162/2/2
f 6159/2/2 6160/2/2 6163/2/2
f 6163/2/2 6160/2/2 6164/2/2
f 6165/1/2 6166/1/2 6173/1/2
f 6173/1/2 6166/1/2 6174/1/2
f 6167/2/2 6168/2/2 6175/2/2
f 6175/2/2 6168/2/2 6176/2/2
f 6176/2/2 6168/2/2 6177/2/2
f 6169/2/2 6170/2/2 6180/2/2
f 6180/2/2 6170/2/2 6181/2/2
f 6171/2/2 6172/2/2 6184/2/2
f 6184/2/2 6172/2/2 6185/2/2
f 6177/2/2 6178/2/2 6186/2/2
f 6186/2/2 6178/2/2 6187/2/2
f 6179/2/2 6180/2/2 6192/2/2
f 6192/2/2 6180/2/2 6193/2/2
f 6181/2/2 6182/2/2 6194/2/2
f 6194/2/2 6182/2/2 6195/2/2
f 6183/2/2 6184/2/2 6200/2/2
f 6200/2/2 6184/2/2 6201/2/2
f 6187/2/2 6188/2/2 6202/2/2
f 6188/3/2 6189/3/2 6203/3/2
f 6202/2/2 6188/2/2 6203/2/2
f 6203/3/2 6189/3/2 6204/3/2
f 6190/3/2 6191/3/2 6205/3/2
f 6191/2/2 6192/2/2 6206/2/2
f 6205/3/2 6191/3/2 6206/3/2
f 6206/2/2 6192/2/2 6207/2/2
f 6195/2/2 6196/2/2 6208/2/2
f 6196/3/2 6197/3/2 6209/3/2
f 6208/2/2 6196/2/2 6209/2/2
f 6209/3/2 6197/3/2 6210/3/2
f 6198/3/2 6199/3/2 6211/3/2
f 6199/2/2 6200/2/2 6212/2/2
f 6211/3/2 6199/3/2 6212/3/2
f 6212/2/2 6200/2/2 6213/2/2
f 6203/3/2 6204/3/2 6214/3/2
f 6204/3/2 6205/3/2 6214/3/2
f 6205/3/2 6206/3/2 6214/3/2
f 6214/3/2 6206/3/2 6215/3/2
f 6209/3/2 6210/3/2 6216/3/2
f 6210/3/2 6211/3/2 6216/3/2
f 6211/3/2 6212/3/2 6216/3/2
f 6216/3/2 6212/3/2 6217/3/2
f 6218/3/2 6219/3/2 6221/3/2
f 6221/3/2 6219/3/2 6222/3/2
f 6222/3/2 6219/3/2 6223/3/2
f 6223/3/2 6219/3/2 6224/3/2
f 6220/2/2 6221/2/2 6227/2/2
f 6221/3/2 6222/3/2 6228/3/2
f 6227/2/2 6221/2/2 6228/2/2
f 6228/3/2 6222/3/2 6229/3/2
f 6223/3/2 6224/3/2 6230/3/2
f 6224/2/2 6225/2/2 6231/2/2
f 6230/3/2 6224/3/2 6231/3/2
f 6231/2/2 6225/2/2 6232/2/2
f 6226/2/2 6227/2/2 6237/2/2
f 6237/2/2 6227/2/2 6238/2/2
f 6232/2/2 6233/2/2 6239/2/2
f 6239/2/2 6233/2/2 6240/2/2
f 6234/2/2 6235/2/2 6241/2/2
f 6241/2/2 6235/2/2 6242/2/2
f 6236/2/2 6237/2/2 6243/2/2
f 6243/2/2 6237/2/2 6244/2/2
f 6240/2/2 6241/2/2 6245/2/2
f 6245/2/2 6241/2/2 6246/2/2
f 6247/2/2 6248/2/2 6253/2/2
f 6253/2/2 6248/2/2 6254/2/2
f 6254/2/2 6248/2/2 6255/2/2
f 6255/2/2 6248/2/2 6256/2/2
f 6249/2/2 6250/2/2 6259/2/2
f 6259/2/2 6250/2/2 6260/2/2
f 6251/2/2 6252/2/2 6263/2/2
f 6263/2/2 6252/2/2 6264/2/2
f 6254/2/2 6255/2/2 6265/2/2
f 6265/2/2 6255/2/2 6266/2/2
f 6256/2/2 6257/2/2 6267/2/2
f 6267/2/2 6257/2/2 6268/2/2
f 6258/2/2 6259/2/2 6271/2/2
f 6271/2/2 6259/2/2 6272/2/2
f 6260/2/2 6261/2/2 6273/2/2
f 6273/2/2 6261/2/2 6274/2/2
f 6262/2/2 6263/2/2 6277/2/2
f 6277/2/2 6263/2/2 6278/2/2
f 6268/2/2 6269/2/2 6279/2/2
f 6279/2/2 6269/2/2 6280/2/2
f 6270/2/2 6271/2/2 6281/2/2
f 6281/2/2 6271/2/2 6282/2/2
f 6274/2/2 6275/2/2 6283/2/2
f 6283/2/2 6275/2/2 6284/2/2
f 6276/2/2 6277/2/2 6285/2/2
f 6285/2/2 6277/2/2 6286/2/2
f 6280/3/2 6281/3/2 6289/3/2
f 6289/3/2 6281/3/2 6290/3/2
f 6290/3/2 6281/3/2 6291/3/2
f 6291/3/2 6281/3/2 6292/3/2
f 6284/3/2 6285/3/2 6293/3/2
f 6293/3/2 6285/3/2 6294/3/2
f 6294/3/2 6285/3/2 6295/3/2
f 6295/3/2 6285/3/2 6296/3/2
f 6287/2/2 6288/2/2 6297/2/2
f 6297/2/2 6288/2/2 6298/2/2
f 6290/3/2 6291/3/2 6299/3/2
f 6299/3/2 6291/3/2 6300/3/2
f 6294/3/2 6295/3/2 6301/3/2
f 6301/3/2 6295/3/2 6302/3/2
f 6303/3/2 6304/3/2 6306/3/2
f 6306/3/2 6304/3/2 6307/3/2
f 6305/3/2 6306/3/2 6312/3/2
f 6306/3/2 6307/3/2 6312/3/2
f 6307/3/2 6308/3/2 6312/3/2
f 6312/3/2 6308/3/2 6313/3/2
f 6309/3/2 6310/3/2 6316/3/2
f 6316/3/2 6310/3/2 6317/3/2
f 6311/2/2 6312/2/2 6319/2/2
f 6319/2/2 6312/2/2 6320/2/2
f 6313/2/2 6314/2/2 6321/2/2
f 6321/2/2 6314/2/2 6322/2/2
f 6315/2/2 6316/2/2 6325/2/2
f 6325/2/2 6316/2/2 6326/2/2
f 6318/2/2 6319/2/2 6329/2/2
f 6329/2/2 6319/2/2 6330/2/2
f 6322/2/2 6323/2/2 6331/2/2
f 6331/2/2 6323/2/2 6332/2/2
f 6324/2/2 6325/2/2 6333/2/2
f 6333/2/2 6325/2/2 6334/2/2
f 6327/2/2 6328/2/2 6335/2/2
f 6328/2/2 6329/2/2 6335/2/2
f 6335/2/2 6329/2/2 6336/2/2
f 6332/2/2 6333/2/2 6337/2/2
f 6337/2/2 6333/2/2 6338/2/2
f 6339/2/2 6340/2/2 6345/2/2
f 6345/2/2 6340/2/2 6346/2/2
f 6346/2/2 6340/2/2 6347/2/2
f 6341/2/2 6342/2/2 6350/2/2
f 6350/2/2 6342/2/2 6351/2/2
f 6351/2/2 6342/2/2 6352/2/2
f 6352/2/2 6342/2/2 6353/2/2
f 6343/2/2 6344/2/2 6356/2/2
f 6356/2/2 6344/2/2 6357/2/2
f 6357/2/2 6344/2/2 6358/2/2
f 6358/2/2 6344/2/2 6359/2/2
f 6339/2/2 6345/2/2 6360/2/2
f 6360/2/2 6345/2/2 6361/2/2
f 6347/2/2 6348/2/2 6362/2/2
f 6346/2/2 6347/2/2 6362/2/2
f 6362/2/2 6348/2/2 6363/2/2
f 6363/2/2 6348/2/2 6364/2/2
f 6349/2/2 6350/2/2 6367/2/2
f 6350/2/2 6351/2/2 6367/2/2
f 6367/2/2 6351/2/2 6368/2/2
f 6368/2/2 6351/2/2 6369/2/2
f 6353/2/2 6354/2/2 6370/2/2
f 6352/2/2 6353/2/2 6370/2/2
f 6370/2/2 6354/2/2 6371/2/2
f 6371/2/2 6354/2/2 6372/2/2
f 6356/2/2 6357/2/2 6375/2/2
f 6355/2/2 6356/2/2 6375/2/2
f 6375/2/2 6357/2/2 6376/2/2
f 6376/2/2 6357/2/2 6377/2/2
f 6364/2/2 6365/2/2 6378/2/2
f 6363/2/2 6364/2/2 6378/2/2
f 6378/2/2 6365/2/2 6379/2/2
f 6379/2/2 6365/2/2 6380/2/2
f 6367/2/2 6368/2/2 6383/2/2
f 6366/2/2 6367/2/2 6383/2/2
f 6383/2/2 6368/2/2 6384/2/2
f 6384/2/2 6368/2/2 6385/2/2
f 6372/2/2 6373/2/2 6386/2/2
f 6371/2/2 6372/2/2 6386/2/2
f 6386/2/2 6373/2/2 6387/2/2
f 6387/2/2 6373/2/2 6388/2/2
f 6375/2/2 6376/2/2 6391/2/2
f 6374/2/2 6375/2/2 6391/2/2
f 6391/2/2 6376/2/2 6392/2/2
f 6392/2/2 6376/2/2 6393/2/2
f 6379/2/2 6380/2/2 6395/2/2
f 6380/3/2 6381/3/2 6396/3/2
f 6395/2/2 6380/2/2 6396/2/2
f 6396/3/2 6381/3/2 6397/3/2
f 6382/3/2 6383/3/2 6398/3/2
f 6383/2/2 6384/2/2 6399/2/2
f 6398/3/2 6383/3/2 6399/3/2
f 6399/2/2 6384/2/2 6400/2/2
f 6387/2/2 6388/2/2 6401/2/2
f 6388/3/2 6389/3/2 6402/3/2
f 6401/2/2 6388/2/2 6402/2/2
f 6402/3/2 6389/3/2 6403/3/2
f 6390/3/2 6391/3/2 6404/3/2
f 6391/2/2 6392/2/2 6405/2/2
f 6404/3/2 6391/3/2 6405/3/2
f 6405/2/2 6392/2/2 6406/2/2
f 6393/2/2 6394/2/2 6407/2/2
f 6407/2/2 6394/2/2 6408/2/2
f 6397/3/2 6398/3/2 6409/3/2
f 6396/3/2 6397/3/2 6409/3/2
f 6398/3/2 6399/3/2 6409/3/2
f 6409/3/2 6399/3/2 6410/3/2
f 6410/3/2 6399/3/2 6411/3/2
f 6411/3/2 6399/3/2 6412/3/2
f 6403/3/2 6404/3/2 6413/3/2
f 6402/3/2 6403/3/2 6413/3/2
f 6404/3/2 6405/3/2 6413/3/2
f 6413/3/2 6405/3/2 6414/3/2
f 6406/2/2 6407/2/2 6415/2/2
f 6415/2/2 6407/2/2 6416/2/2
f 6410/3/2 6411/3/2 6417/3/2
f 6417/3/2 6411/3/2 6418/3/2
f 6419/3/2 6420/3/2 6422/3/2
f 6422/3/2 6420/3/2 6423/3/2
f 6422/3/2 6423/3/2 6428/3/2
f 6421/3/2 6422/3/2 6428/3/2
f 6423/3/2 6424/3/2 6428/3/2
f 6428/3/2 6424/3/2 6429/3/2
f 6429/3/2 6424/3/2 6430/3/2
f 6430/3/2 6424/3/2 6431/3/2
f 6425/3/2 6426/3/2 6434/3/2
f 6427/2/2 6428/2/2 6438/2/2
f 6428/3/2 6429/3/2 6439/3/2
f 6438/2/2 6428/2/2 6439/2/2
f 6439/3/2 6429/3/2 6440/3/2
f 6430/3/2 6431/3/2 6441/3/2
f 6431/2/2 6432/2/2 6442/2/2
f 6441/3/2 6431/3/2 6442/3/2
f 6442/2/2 6432/2/2 6443/2/2
f 6433/2/2 6434/2/2 6446/2/2
f 6434/3/2 6426/3/2 6447/3/2
f 6446/2/2 6434/2/2 6447/2/2
f 6447/3/2 6426/3/2 6448/3/2
f 6435/2/2 6436/2/2 6449/2/2
f 6449/2/2 6436/2/2 6450/2/2
f 6437/2/2 6438/2/2 6452/2/2
f 6438/2/2 6439/2/2 6452/2/2
f 6452/2/2 6439/2/2 6453/2/2
f 6453/2/2 6439/2/2 6454/2/2
f 6443/2/2 6444/2/2 6455/2/2
f 6442/2/2 6443/2/2 6455/2/2
f 6455/2/2 6444/2/2 6456/2/2
f 6456/2/2 6444/2/2 6457/2/2
f 6446/2/2 6447/2/2 6460/2/2
f 6445/2/2 6446/2/2 6460/2/2
f 6460/2/2 6447/2/2 6461/2/2
f 6461/2/2 6447/2/2 6462/2/2
f 6452/2/2 6453/2/2 6464/2/2
f 6451/2/2 6452/2/2 6464/2/2
f 6464/2/2 6453/2/2 6465/2/2
f 6465/2/2 6453/2/2 6466/2/2
f 6457/2/2 6458/2/2 6467/2/2
f 6456/2/2 6457/2/2 6467/2/2
f 6467/2/2 6458/2/2 6468/2/2
f 6468/2/2 6458/2/2 6469/2/2
f 6460/2/2 6461/2/2 6470/2/2
f 6459/2/2 6460/2/2 6470/2/2
f 6470/2/2 6461/2/2 6471/2/2
f 6471/2/2 6461/2/2 6472/2/2
f 6464/2/2 6465/2/2 6473/2/2
f 6463/2/2 6464/2/2 6473/2/2
f 6473/2/2 6465/2/2 6474/2/2
f 6468/2/2 6469/2/2 6475/2/2
f 6470/2/2 6471/2/2 6475/2/2
f 6469/2/2 6470/2/2 6475/2/2
f 6475/2/2 6471/2/2 6476/2/2
f 6477/2/2 6478/2/2 6483/2/2
f 6483/2/2 6478/2/2 6484/2/2
f 6484/2/2 6478/2/2 6485/2/2
f 6479/2/2 6480/2/2 6488/2/2
f 6488/2/2 6480/2/2 6489/2/2
f 6489/2/2 6480/2/2 6490/2/2
f 6490/2/2 6480/2/2 6491/2/2
f 6481/2/2 6482/2/2 6494/2/2
f 6494/2/2 6482/2/2 6495/2/2
f 6485/2/2 6486/2/2 6496/2/2
f 6484/2/2 6485/2/2 6496/2/2
f 6496/2/2 6486/2/2 6497/2/2
f 6497/2/2 6486/2/2 6498/2/2
f 6487/2/2 6488/2/2 6501/2/2
f 6488/2/2 6489/2/2 6501/2/2
f 6501/2/2 6489/2/2 6502/2/2
f 6502/2/2 6489/2/2 6503/2/2
f 6491/2/2 6492/2/2 6504/2/2
f 6490/2/2 6491/2/2 6504/2/2
f 6504/2/2 6492/2/2 6505/2/2
f 6505/2/2 6492/2/2 6506/2/2
f 6493/2/2 6494/2/2 6509/2/2
f 6509/2/2 6494/2/2 6510/2/2
f 6498/2/2 6499/2/2 6511/2/2
f 6497/2/2 6498/2/2 6511/2/2
f 6511/2/2 6499/2/2 6512/2/2
f 6512/2/2 6499/2/2 6513/2/2
f 6501/2/2 6502/2/2 6516/2/2
f 6500/2/2 6501/2/2 6516/2/2
f 6516/2/2 6502/2/2 6517/2/2
f 6517/2/2 6502/2/2 6518/2/2
f 6506/2/2 6507/2/2 6519/2/2
f 6505/2/2 6506/2/2 6519/2/2
f 6519/2/2 6507/2/2 6520/2/2
f 6520/2/2 6507/2/2 6521/2/2
f 6508/2/2 6509/2/2 6524/2/2
f 6524/2/2 6509/2/2 6525/2/2
f 6513/2/2 6514/2/2 6528/2/2
f 6512/2/2 6513/2/2 6528/2/2
f 6528/2/2 6514/2/2 6529/2/2
f 6529/2/2 6514/2/2 6530/2/2
f 6516/2/2 6517/2/2 6533/2/2
f 6515/2/2 6516/2/2 6533/2/2
f 6533/2/2 6517/2/2 6534/2/2
f 6534/2/2 6517/2/2 6535/2/2
f 6521/2/2 6522/2/2 6536/2/2
f 6520/2/2 6521/2/2 6536/2/2
f 6536/2/2 6522/2/2 6537/2/2
f 6537/2/2 6522/2/2 6538/2/2
f 6523/2/2 6524/2/2 6539/2/2
f 6526/2/2 6527/2/2 6540/2/2
f 6540/2/2 6527/2/2 6541/2/2
f 6529/2/2 6530/2/2 6542/2/2
f 6530/3/2 6531/3/2 6543/3/2
f 6542/2/2 6530/2/2 6543/2/2
f 6543/3/2 6531/3/2 6544/3/2
f 6532/3/2 6533/3/2 6545/3/2
f 6533/2/2 6534/2/2 6546/2/2
f 6545/3/2 6533/3/2 6546/3/2
f 6546/2/2 6534/2/2 6547/2/2
f 6537/2/2 6538/2/2 6548/2/2
f 6538/3/2 6539/3/2 6549/3/2
f 6548/2/2 6538/2/2 6549/2/2
f 6539/2/2 6524/2/2 6550/2/2
f 6549/3/2 6539/3/2 6550/3/2
f 6550/2/2 6524/2/2 6551/2/2
f 6544/3/2 6545/3/2 6552/3/2
f 6545/3/2 6546/3/2 6552/3/2
f 6543/3/2 6544/3/2 6552/3/2
f 6552/3/2 6546/3/2 6553/3/2
f 6553/3/2 6546/3/2 6554/3/2
f 6554/3/2 6546/3/2 6555/3/2
f 6549/3/2 6550/3/2 6556/3/2
f 6556/3/2 6550/3/2 6557/3/2
f 6557/3/2 6550/3/2 6558/3/2
f 6558/3/2 6550/3/2 6559/3/2
f 6557/3/2 6558/3/2 6560/3/2
f 6560/3/2 6558/3/2 6561/3/2
f 6553/3/2 6554/3/2 6562/3/2
f 6562/3/2 6554/3/2 6563/3/2
f 6564/3/2 6565/3/2 6567/3/2
f 6567/3/2 6565/3/2 6568/3/2
f 6567/3/2 6568/3/2 6573/3/2
f 6566/3/2 6567/3/2 6573/3/2
f 6568/3/2 6569/3/2 6573/3/2
f 6573/3/2 6569/3/2 6574/3/2
f 6574/3/2 6569/3/2 6575/3/2
f 6575/3/2 6569/3/2 6576/3/2
f 6570/3/2 6571/3/2 6579/3/2
f 6572/2/2 6573/2/2 6581/2/2
f 6573/3/2 6574/3/2 6582/3/2
f 6581/2/2 6573/2/2 6582/2/2
f 6582/3/2 6574/3/2 6583/3/2
f 6575/3/2 6576/3/2 6584/3/2
f 6576/2/2 6577/2/2 6585/2/2
f 6584/3/2 6576/3/2 6585/3/2
f 6585/2/2 6577/2/2 6586/2/2
f 6578/2/2 6579/2/2 6589/2/2
f 6579/3/2 6571/3/2 6590/3/2
f 6589/2/2 6579/2/2 6590/2/2
f 6590/3/2 6571/3/2 6591/3/2
f 6580/2/2 6581/2/2 6593/2/2
f 6581/2/2 6582/2/2 6593/2/2
f 6593/2/2 6582/2/2 6594/2/2
f 6594/2/2 6582/2/2 6595/2/2
f 6586/2/2 6587/2/2 6596/2/2
f 6585/2/2 6586/2/2 6596/2/2
f 6596/2/2 6587/2/2 6597/2/2
f 6597/2/2 6587/2/2 6598/2/2
f 6588/2/2 6589/2/2 6601/2/2
f 6589/2/2 6590/2/2 6601/2/2
f 6601/2/2 6590/2/2 6602/2/2
f 6602/2/2 6590/2/2 6603/2/2
f 6593/2/2 6594/2/2 6605/2/2
f 6592/2/2 6593/2/2 6605/2/2
f 6605/2/2 6594/2/2 6606/2/2
f 6606/2/2 6594/2/2 6607/2/2
f 6598/2/2 6599/2/2 6608/2/2
f 6597/2/2 6598/2/2 6608/2/2
f 6608/2/2 6599/2/2 6609/2/2
f 6609/2/2 6599/2/2 6610/2/2
f 6600/2/2 6601/2/2 6613/2/2
f 6601/2/2 6602/2/2 6613/2/2
f 6613/2/2 6602/2/2 6614/2/2
f 6614/2/2 6602/2/2 6615/2/2
f 6605/2/2 6606/2/2 6617/2/2
f 6604/2/2 6605/2/2 6617/2/2
f 6617/2/2 6606/2/2 6618/2/2
f 6618/2/2 6606/2/2 6619/2/2
f 6610/2/2 6611/2/2 6620/2/2
f 6609/2/2 6610/2/2 6620/2/2
f 6620/2/2 6611/2/2 6621/2/2
f 6621/2/2 6611/2/2 6622/2/2
f 6612/2/2 6613/2/2 6623/2/2
f 6613/2/2 6614/2/2 6623/2/2
f 6623/2/2 6614/2/2 6624/2/2
f 6624/2/2 6614/2/2 6625/2/2
f 6617/2/2 6618/2/2 6626/2/2
f 6616/2/2 6617/2/2 6626/2/2
f 6626/2/2 6618/2/2 6627/2/2
f 6621/2/2 6622/2/2 6628/2/2
f 6623/2/2 6624/2/2 6628/2/2
f 6622/2/2 6623/2/2 6628/2/2
f 6628/2/2 6624/2/2 6629/2/2
f 6630/2/2 6631/2/2 6634/2/2
f 6634/2/2 6631/2/2 6635/2/2
f 6632/2/2 6633/2/2 6638/2/2
f 6638/2/2 6633/2/2 6639/2/2
f 6635/2/2 6636/2/2 6641/2/2
f 6641/2/2 6636/2/2 6642/2/2
f 6642/2/2 6636/2/2 6643/2/2
f 6639/2/2 6640/2/2 6646/2/2
f 6638/2/2 6639/2/2 6646/2/2
f 6637/2/2 6638/2/2 6646/2/2
f 6646/2/2 6640/2/2 6647/2/2
f 6647/2/2 6640/2/2 6648/2/2
f 6648/2/2 6640/2/2 6649/2/2
f 6643/2/2 6644/2/2 6651/2/2
f 6642/2/2 6643/2/2 6651/2/2
f 6651/2/2 6644/2/2 6652/2/2
f 6652/2/2 6644/2/2 6653/2/2
f 6646/2/2 6647/2/2 6656/2/2
f 6645/2/2 6646/2/2 6656/2/2
f 6656/2/2 6647/2/2 6657/2/2
f 6657/2/2 6647/2/2 6658/2/2
f 6649/2/2 6650/2/2 6659/2/2
f 6648/2/2 6649/2/2 6659/2/2
f 6659/2/2 6650/2/2 6660/2/2
f 6660/2/2 6650/2/2 6661/2/2
f 6653/2/2 6654/2/2 6663/2/2
f 6652/2/2 6653/2/2 6663/2/2
f 6663/2/2 6654/2/2 6664/2/2
f 6664/2/2 6654/2/2 6665/2/2
f 6656/2/2 6657/2/2 6668/2/2
f 6655/2/2 6656/2/2 6668/2/2
f 6668/2/2 6657/2/2 6669/2/2
f 6669/2/2 6657/2/2 6670/2/2
f 6661/2/2 6662/2/2 6671/2/2
f 6660/2/2 6661/2/2 6671/2/2
f 6671/2/2 6662/2/2 6672/2/2
f 6672/2/2 6662/2/2 6673/2/2
f 6665/2/2 6666/2/2 6675/2/2
f 6664/2/2 6665/2/2 6675/2/2
f 6668/2/2 6669/2/2 6678/2/2
f 6667/2/2 6668/2/2 6678/2/2
f 6673/2/2 6674/2/2 6679/2/2
f 6672/2/2 6673/2/2 6679/2/2
f 6664/2/2 6675/2/2 6681/2/2
f 6681/2/2 6675/2/2 6682/2/2
f 6678/2/2 6669/2/2 6683/2/2
f 6683/2/2 6669/2/2 6684/2/2
f 6672/2/2 6679/2/2 6685/2/2
f 6685/2/2 6679/2/2 6686/2/2
f 6679/3/2 6680/3/2 6687/3/2
f 6682/2/2 6675/2/2 6689/2/2
f 6675/3/2 6676/3/2 6690/3/2
f 6689/2/2 6675/2/2 6690/2/2
f 6677/3/2 6678/3/2 6691/3/2
f 6678/2/2 6683/2/2 6691/2/2
f 6691/2/2 6683/2/2 6692/2/2
f 6686/2/2 6679/2/2 6693/2/2
f 6687/3/2 6688/3/2 6694/3/2
f 6693/2/2 6679/2/2 6694/2/2
f 6679/3/2 6687/3/2 6694/3/2
f 6694/3/2 6688/3/2 6695/3/2
f 6695/3/2 6688/3/2 6696/3/2
f 6690/3/2 6676/3/2 6697/3/2
f 6677/3/2 6691/3/2 6698/3/2
f 6690/3/2 6697/3/2 6699/3/2
f 6697/3/2 6698/3/2 6699/3/2
f 6698/3/2 6691/3/2 6700/3/2
f 6699/3/2 6698/3/2 6700/3/2
f 6690/3/2 6699/3/2 6702/3/2
f 6700/3/2 6691/3/2 6703/3/2
f 6694/3/2 6695/3/2 6706/3/2
f 6701/2/2 6702/2/2 6708/2/2
f 6703/2/2 6704/2/2 6709/2/2
f 6705/2/2 6706/2/2 6712/2/2
f 6707/2/2 6708/2/2 6713/2/2
f 6702/3/2 6699/3/2 6713/3/2
f 6708/2/2 6702/2/2 6713/2/2
f 6713/3/2 6699/3/2 6714/3/2
f 6700/3/2 6703/3/2 6715/3/2
f 6709/2/2 6710/2/2 6716/2/2
f 6715/3/2 6703/3/2 6716/3/2
f 6703/2/2 6709/2/2 6716/2/2
f 6711/2/2 6712/2/2 6717/2/2
f 6712/2/2 6706/2/2 6717/2/2
f 6706/3/2 6695/3/2 6717/3/2
f 6717/3/2 6695/3/2 6718/3/2
f 6707/2/2 6713/2/2 6720/2/2
f 6720/2/2 6713/2/2 6721/2/2
f 6721/2/2 6713/2/2 6722/2/2
f 6716/2/2 6710/2/2 6723/2/2
f 6723/2/2 6710/2/2 6724/2/2
f 6724/2/2 6710/2/2 6725/2/2
f 6711/2/2 6717/2/2 6728/2/2
f 6728/2/2 6717/2/2 6729/2/2
f 6729/2/2 6717/2/2 6730/2/2
f 6719/2/2 6720/2/2 6732/2/2
f 6720/2/2 6721/2/2 6732/2/2
f 6732/2/2 6721/2/2 6733/2/2
f 6733/2/2 6721/2/2 6734/2/2
f 6725/2/2 6726/2/2 6735/2/2
f 6724/2/2 6725/2/2 6735/2/2
f 6735/2/2 6726/2/2 6736/2/2
f 6736/2/2 6726/2/2 6737/2/2
f 6727/2/2 6728/2/2 6740/2/2
f 6728/2/2 6729/2/2 6740/2/2
f 6740/2/2 6729/2/2 6741/2/2
f 6741/2/2 6729/2/2 6742/2/2
f 6732/2/2 6733/2/2 6743/2/2
f 6731/2/2 6732/2/2 6743/2/2
f 6743/2/2 6733/2/2 6744/2/2
f 6737/2/2 6738/2/2 6745/2/2
f 6736/2/2 6737/2/2 6745/2/2
f 6745/2/2 6738/2/2 6746/2/2
f 6746/2/2 6738/2/2 6747/2/2
f 6740/2/2 6741/2/2 6748/2/2
f 6739/2/2 6740/2/2 6748/2/2
f 6748/2/2 6741/2/2 6749/2/2
f 6749/2/2 6741/2/2 6750/2/2
f 6731/2/2 6743/2/2 6751/2/2
f 6751/2/2 6743/2/2 6752/2/2
f 6748/2/2 6749/2/2 6753/2/2
f 6746/2/2 6747/2/2 6753/2/2
f 6747/2/2 6748/2/2 6753/2/2
f 6753/2/2 6749/2/2 6754/2/2
f 6754/2/2 6749/2/2 6755/2/2
f 6755/2/2 6749/2/2 6756/2/2
f 6754/2/2 6755/2/2 6757/2/2
f 6757/2/2 6755/2/2 6758/2/2
f 6759/2/2 6760/2/2 6763/2/2
f 6763/2/2 6760/2/2 6764/2/2
f 6761/2/2 6762/2/2 6767/2/2
f 6767/2/2 6762/2/2 6768/2/2
f 6764/2/2 6765/2/2 6770/2/2
f 6768/2/2 6769/2/2 6773/2/2
f 6767/2/2 6768/2/2 6773/2/2
f 6766/2/2 6767/2/2 6773/2/2
f 6773/2/2 6769/2/2 6774/2/2
f 6772/2/2 6773/2/2 6776/2/2
f 6774/2/2 6775/2/2 6776/2/2
f 6773/2/2 6774/2/2 6776/2/2
f 6776/2/2 6775/2/2 6777/2/2
f 6770/2/2 6771/2/2 6778/2/2
f 6764/2/2 6770/2/2 6778/2/2
f 6778/2/2 6771/2/2 6779/2/2
f 6779/2/2 6771/2/2 6780/2/2
f 6772/2/2 6776/2/2 6783/2/2
f 6783/2/2 6776/2/2 6784/2/2
f 6784/2/2 6776/2/2 6785/2/2
f 6777/2/2 6775/2/2 6786/2/2
f 6786/2/2 6775/2/2 6787/2/2
f 6787/2/2 6775/2/2 6788/2/2
f 6780/2/2 6781/2/2 6790/2/2
f 6779/2/2 6780/2/2 6790/2/2
f 6790/2/2 6781/2/2 6791/2/2
f 6783/2/2 6784/2/2 6792/2/2
f 6782/2/2 6783/2/2 6792/2/2
f 6792/2/2 6784/2/2 6793/2/2
f 6788/2/2 6789/2/2 6794/2/2
f 6787/2/2 6788/2/2 6794/2/2
f 6794/2/2 6789/2/2 6795/2/2
f 6791/2/2 6781/2/2 6796/2/2
f 6796/2/2 6781/2/2 6797/2/2
f 6797/2/2 6781/2/2 6798/2/2
f 6782/2/2 6792/2/2 6801/2/2
f 6801/2/2 6792/2/2 6802/2/2
f 6802/2/2 6792/2/2 6803/2/2
f 6795/2/2 6789/2/2 6804/2/2
f 6804/2/2 6789/2/2 6805/2/2
f 6805/2/2 6789/2/2 6806/2/2
f 6798/2/2 6799/2/2 6809/2/2
f 6797/2/2 6798/2/2 6809/2/2
f 6809/2/2 6799/2/2 6810/2/2
f 6810/2/2 6799/2/2 6811/2/2
f 6801/2/2 6802/2/2 6812/2/2
f 6800/2/2 6801/2/2 6812/2/2
f 6812/2/2 6802/2/2 6813/2/2
f 6813/2/2 6802/2/2 6814/2/2
f 6806/2/2 6807/2/2 6817/2/2
f 6805/2/2 6806/2/2 6817/2/2
f 6817/2/2 6807/2/2 6818/2/2
f 6818/2/2 6807/2/2 6819/2/2
f 6809/2/2 6810/2/2 6821/2/2
f 6808/2/2 6809/2/2 6821/2/2
f 6814/2/2 6815/2/2 6822/2/2
f 6813/2/2 6814/2/2 6822/2/2
f 6816/2/2 6817/2/2 6825/2/2
f 6817/2/2 6818/2/2 6825/2/2
f 6820/2/2 6821/2/2 6827/2/2
f 6821/2/2 6810/2/2 6828/2/2
f 6827/2/2 6821/2/2 6828/2/2
f 6828/2/2 6810/2/2 6829/2/2
f 6822/2/2 6823/2/2 6830/2/2
f 6813/2/2 6822/2/2 6830/2/2
f 6830/2/2 6823/2/2 6831/2/2
f 6831/2/2 6823/2/2 6832/2/2
f 6824/2/2 6825/2/2 6835/2/2
f 6825/2/2 6818/2/2 6836/2/2
f 6835/2/2 6825/2/2 6836/2/2
f 6836/2/2 6818/2/2 6837/2/2
f 6832/2/2 6833/2/2 6838/2/2
f 6831/2/2 6832/2/2 6838/2/2
f 6835/2/2 6836/2/2 6839/2/2
f 6834/2/2 6835/2/2 6839/2/2
f 6826/2/2 6827/2/2 6840/2/2
f 6827/2/2 6828/2/2 6840/2/2
f 6840/2/2 6828/2/2 6841/2/2
f 6838/2/2 6839/2/2 6842/2/2
f 6831/2/2 6838/2/2 6842/2/2
f 6842/2/2 6839/2/2 6843/2/2
f 6839/2/2 6836/2/2 6844/2/2
f 6843/2/2 6839/2/2 6844/2/2
f 6844/2/2 6836/2/2 6845/2/2
f 6826/2/2 6840/2/2 6846/2/2
f 6846/2/2 6840/2/2 6847/2/2
f 6843/2/2 6844/2/2 6848/2/2
f 6848/2/2 6844/2/2 6849/2/2
f 6849/2/2 6844/2/2 6850/2/2
f 6850/2/2 6844/2/2 6851/2/2
f 6849/2/2 6850/2/2 6852/2/2
f 6852/2/2 6850/2/2 6853/2/2
f 6854/2/2 6855/2/2 6859/2/2
f 6859/2/2 6855/2/2 6860/2/2
f 6856/2/2 6857/2/2 6862/2/2
f 6860/2/2 6861/2/2 6865/2/2
f 6858/2/2 6859/2/2 6865/2/2
f 6859/2/2 6860/2/2 6865/2/2
f 6865/2/2 6861/2/2 6866/2/2
f 6862/2/2 6863/2/2 6868/2/2
f 6866/2/2 6867/2/2 6871/2/2
f 6864/2/2 6865/2/2 6871/2/2
f 6865/2/2 6866/2/2 6871/2/2
f 6871/2/2 6867/2/2 6872/2/2
f 6868/2/2 6869/2/2 6874/2/2
f 6862/2/2 6868/2/2 6874/2/2
f 6874/2/2 6869/2/2 6875/2/2
f 6872/2/2 6873/2/2 6876/2/2
f 6871/2/2 6872/2/2 6876/2/2
f 6870/2/2 6871/2/2 6876/2/2
f 6876/2/2 6873/2/2 6877/2/2
f 6877/2/2 6873/2/2 6878/2/2
f 6878/2/2 6873/2/2 6879/2/2
f 6856/2/2 6862/2/2 6880/2/2
f 6862/2/2 6874/2/2 6880/2/2
f 6880/2/2 6874/2/2 6881/2/2
f 6877/2/2 6878/2/2 6882/2/2
f 6882/2/2 6878/2/2 6883/2/2
f 6883/2/2 6878/2/2 6884/2/2
f 6884/2/2 6878/2/2 6885/2/2
f 6856/2/2 6880/2/2 6886/2/2
f 6886/2/2 6880/2/2 6887/2/2
f 6883/2/2 6884/2/2 6888/2/2
f 6888/2/2 6884/2/2 6889/2/2
f 6889/2/2 6884/2/2 6890/2/2
f 6890/2/2 6884/2/2 6891/2/2
f 6889/2/2 6890/2/2 6892/2/2
f 6892/2/2 6890/2/2 6893/2/2
f 6897/1/3 6895/1/3 6894/1/3
f 6898/1/3 6895/1/3 6897/1/3
f 6901/1/3 6897/1/3 6896/1/3
f 6901/1/3 6899/1/3 6898/1/3
f 6901/1/3 6898/1/3 6897/1/3
f 6902/1/3 6899/1/3 6901/1/3
f 6903/1/3 6899/1/3 6902/1/3
f 6904/1/3 6899/1/3 6903/1/3
f 6905/1/3 6899/1/3 6904/1/3
f 6907/1/3 6901/1/3 6900/1/3
f 6907/1/3 6902/1/3 6901/1/3
f 6908/1/3 6902/1/3 6907/1/3
f 6909/1/3 6902/1/3 6908/1/3
f 6910/1/3 6904/1/3 6903/1/3
f 6911/1/3 6904/1/3 6910/1/3
f 6913/1/3 6907/1/3 6906/1/3
f 6913/1/3 6908/1/3 6907/1/3
f 6914/1/3 6908/1/3 6913/1/3
f 6915/1/3 6908/1/3 6914/1/3
f 6917/1/3 6913/1/3 6912/1/3
f 6917/1/3 6914/1/3 6913/1/3
f 6918/1/3 6914/1/3 6917/1/3
f 6919/1/3 6914/1/3 6918/1/3
f 6921/1/3 6917/1/3 6916/1/3
f 6921/1/3 6918/1/3 6917/1/3
f 6922/1/3 6918/1/3 6921/1/3
f 6923/1/3 6918/1/3 6922/1/3
f 6925/1/3 6921/1/3 6920/1/3
f 6925/1/3 6922/1/3 6921/1/3
f 6926/1/3 6922/1/3 6925/1/3
f 6927/1/3 6922/1/3 6926/1/3
f 6929/1/3 6925/1/3 6924/1/3
f 6929/1/3 6926/1/3 6925/1/3
f 6930/1/3 6926/1/3 6929/1/3
f 6931/1/3 6926/1/3 6930/1/3
f 6932/1/3 6929/1/3 6928/1/3
f 6932/1/3 6930/1/3 6929/1/3
f 6933/1/3 6930/1/3 6932/1/3
f 6935/1/3 6932/1/3 6928/1/3
f 6936/1/3 6932/1/3 6935/1/3
f 6936/1/3 6935/1/3 6934/1/3
f 6937/1/3 6932/1/3 6936/1/3
f 6939/1/3 6936/1/3 6934/1/3
f 6940/1/3 6936/1/3 6939/1/3
f 6940/1/3 6939/1/3 6938/1/3
f 6941/1/3 6936/1/3 6940/1/3
f 6942/1/3 6940/1/3 6938/1/3
f 6944/1/3 6942/1/3 6938/1/3
f 6944/1/3 6943/1/3 6942/1/3
f 6945/1/3 6943/1/3 6944/1/3
f 6946/1/3 6943/1/3 6945/1/3
f 6948/1/3 6946/1/3 6945/1/3
f 6948/1/3 6947/1/3 6946/1/3
f 6949/1/3 6947/1/3 6948/1/3
f 6950/1/3 6947/1/3 6949/1/3
f 6952/1/3 6950/1/3 6949/1/3
f 6952/1/3 6951/1/3 6950/1/3
f 6953/1/3 6951/1/3 6952/1/3
f 6954/1/3 6951/1/3 6953/1/3
f 6955/1/3 6951/1/3 6954/1/3
f 6956/1/3 6951/1/3 6955/1/3
f 6957/1/3 6951/1/3 6956/1/3
f 6962/2/3 6959/2/3 6958/2/3
f 6963/2/3 6959/2/3 6962/2/3
f 6966/2/3 6961/2/3 6960/2/3
f 6967/2/3 6961/2/3 6966/2/3
f 6968/2/3 6965/2/3 6964/2/3
f 6969/2/3 6965/2/3 6968/2/3
f 6972/2/3 6971/2/3 6970/2/3
f 6973/2/3 6971/2/3 6972/2/3
f 6976/2/3 6975/2/3 6974/2/3
f 6977/2/3 6975/2/3 6976/2/3
f 6980/2/3 6979/2/3 6978/2/3
f 6981/2/3 6979/2/3 6980/2/3
f 6984/2/3 6983/2/3 6982/2/3
f 6985/2/3 6983/2/3 6984/2/3
f 6988/2/3 6987/2/3 6986/2/3
f 6989/2/3 6987/2/3 6988/2/3
f 6992/2/3 6991/2/3 6990/2/3
f 6993/2/3 6991/2/3 6992/2/3
f 6996/2/3 6995/2/3 6994/2/3
f 6997/2/3 6995/2/3 6996/2/3
f 7000/2/3 6999/2/3 6998/2/3
f 7001/2/3 6999/2/3 7000/2/3
f 7004/2/3 7003/2/3 7002/2/3
f 7005/2/3 7003/2/3 7004/2/3
f 7008/2/3 7007/2/3 7006/2/3
f 7009/2/3 7007/2/3 7008/2/3
f 7014/2/3 7011/2/3 7010/2/3
f 7015/2/3 7011/2/3 7014/2/3
f 7016/2/3 7013/2/3 7012/2/3
f 7017/2/3 7013/2/3 7016/2/3
f 7021/2/3 7019/2/3 7018/2/3
f 7022/2/3 7019/2/3 7021/2/3
f 7023/2/3 7021/2/3 7020/2/3
f 7024/2/3 7021/2/3 7023/2/3
f 7027/2/3 7026/2/3 7025/2/3
f 7028/2/3 7026/2/3 7027/2/3
f 7031/2/3 7030/2/3 7029/2/3
f 7032/2/3 7030/2/3 7031/2/3
f 7035/2/3 7034/2/3 7033/2/3
f 7036/2/3 7034/2/3 7035/2/3
f 7039/2/3 7038/2/3 7037/2/3
f 7040/2/3 7038/2/3 7039/2/3
f 7045/2/3 7042/2/3 7041/2/3
f 7046/2/3 7042/2/3 7045/2/3
f 7049/2/3 7044/2/3 7043/2/3
f 7050/2/3 7044/2/3 7049/2/3
f 7051/2/3 7048/2/3 7047/2/3
f 7052/2/3 7048/2/3 7051/2/3
f 7055/2/3 7054/2/3 7053/2/3
f 7056/2/3 7054/2/3 7055/2/3
f 7059/2/3 7058/2/3 7057/2/3
f 7060/2/3 7058/2/3 7059/2/3
f 7063/2/3 7062/2/3 7061/2/3
f 7064/2/3 7062/2/3 7063/2/3
f 7067/2/3 7066/2/3 7065/2/3
f 7068/2/3 7066/2/3 7067/2/3
f 7071/2/3 7070/2/3 7069/2/3
f 7072/2/3 7070/2/3 7071/2/3
f 7077/2/3 7074/2/3 7073/2/3
f 7078/2/3 7074/2/3 7077/2/3
f 7081/2/3 7076/2/3 7075/2/3
f 7082/2/3 7076/2/3 7081/2/3
f 7085/2/3 7080/2/3 7079/2/3
f 7086/2/3 7080/2/3 7085/2/3
f 7088/2/3 7084/2/3 7083/2/3
f 7089/2/3 7084/2/3 7088/2/3
f 7091/2/3 7088/2/3 7087/2/3
f 7092/2/3 7088/2/3 7091/2/3
f 7093/2/3 7091/2/3 7090/2/3
f 7094/2/3 7091/2/3 7093/2/3
f 7097/2/3 7096/2/3 7095/2/3
f 7098/2/3 7096/2/3 7097/2/3
f 7101/2/3 7100/2/3 7099/2/3
f 7102/2/3 7100/2/3 7101/2/3
f 7105/2/3 7104/2/3 7103/2/3
f 7106/2/3 7104/2/3 7105/2/3
f 7109/2/3 7108/2/3 7107/2/3
f 7110/2/3 7108/2/3 7109/2/3
f 7115/3/3 7112/3/3 7111/3/3
f 7116/3/3 7112/3/3 7115/3/3
f 7119/3/3 7114/3/3 7113/3/3
f 7120/3/3 7114/3/3 7119/3/3
f 7123/3/3 7118/3/3 7117/3/3
f 7124/3/3 7118/3/3 7123/3/3
f 7126/3/3 7122/3/3 7121/3/3
f 7127/3/3 7122/3/3 7126/3/3
f 7129/3/3 7126/3/3 7125/3/3
f 7130/3/3 7126/3/3 7129/3/3
f 7132/3/3 7129/3/3 7128/3/3
f 7133/3/3 7129/3/3 7132/3/3
f 7134/3/3 7132/3/3 7131/3/3
f 7135/3/3 7132/3/3 7134/3/3
f 7138/3/3 7137/3/3 7136/3/3
f 7139/3/3 7137/3/3 7138/3/3
f 7142/3/3 7141/3/3 7140/3/3
f 7143/3/3 7141/3/3 7142/3/3
f 7146/3/3 7145/3/3 7144/3/3
f 7147/3/3 7145/3/3 7146/3/3
f 7150/3/3 7149/3/3 7148/3/3
f 7151/3/3 7149/3/3 7150/3/3
f 7158/3/3 7153/3/3 7152/3/3
f 7159/3/3 7153/3/3 7158/3/3
f 7160/3/3 7155/3/3 7154/3/3
f 7161/3/3 7155/3/3 7160/3/3
f 7162/3/3 7155/3/3 7161/3/3
f 7165/3/3 7157/3/3 7156/3/3
f 7166/3/3 7157/3/3 7165/3/3
f 7167/3/3 7164/3/3 7163/3/3
f 7168/3/3 7164/3/3 7167/3/3
f 7171/3/3 7170/3/3 7169/3/3
f 7172/3/3 7170/3/3 7171/3/3
f 7175/3/3 7174/3/3 7173/3/3
f 7176/3/3 7174/3/3 7175/3/3
f 7179/3/3 7178/3/3 7177/3/3
f 7180/3/3 7178/3/3 7179/3/3
f 7183/3/3 7182/3/3 7181/3/3
f 7184/3/3 7182/3/3 7183/3/3
f 7187/3/3 7186/3/3 7185/3/3
f 7188/3/3 7186/3/3 7187/3/3
f 7191/3/3 7190/3/3 7189/3/3
f 7192/3/3 7190/3/3 7191/3/3
f 7195/3/3 7194/3/3 7193/3/3
f 7196/3/3 7194/3/3 7195/3/3
f 7201/2/3 7198/2/3 7197/2/3
f 7202/2/3 7198/2/3 7201/2/3
f 7207/2/3 7200/2/3 7199/2/3
f 7208/2/3 7200/2/3 7207/2/3
f 7209/2/3 7204/2/3 7203/2/3
f 7210/2/3 7204/2/3 7209/2/3
f 7213/2/3 7206/2/3 7205/2/3
f 7214/2/3 7206/2/3 7213/2/3
f 7216/2/3 7212/2/3 7211/2/3
f 7217/2/3 7212/2/3 7216/2/3
f 7218/2/3 7216/2/3 7215/2/3
f 7219/2/3 7216/2/3 7218/2/3
f 7223/2/3 7221/2/3 7220/2/3
f 7224/2/3 7221/2/3 7223/2/3
f 7225/2/3 7223/2/3 7222/2/3
f 7226/2/3 7223/2/3 7225/2/3
f 7229/2/3 7228/2/3 7227/2/3
f 7230/2/3 7228/2/3 7229/2/3
f 7233/2/3 7232/2/3 7231/2/3
f 7234/2/3 7232/2/3 7233/2/3
f 7237/2/3 7236/2/3 7235/2/3
f 7238/2/3 7236/2/3 7237/2/3
f 7241/2/3 7240/2/3 7239/2/3
f 7242/2/3 7240/2/3 7241/2/3
f 7245/2/3 7244/2/3 7243/2/3
f 7246/2/3 7244/2/3 7245/2/3
f 7249/2/3 7248/2/3 7247/2/3
f 7250/2/3 7248/2/3 7249/2/3
f 7257/2/3 7252/2/3 7251/2/3
f 7258/2/3 7252/2/3 7257/2/3
f 7259/2/3 7254/2/3 7253/2/3
f 7260/2/3 7254/2/3 7259/2/3
f 7265/2/3 7256/2/3 7255/2/3
f 7266/2/3 7256/2/3 7265/2/3
f 7267/2/3 7262/2/3 7261/2/3
f 7268/2/3 7262/2/3 7267/2/3
f 7271/2/3 7264/2/3 7263/2/3
f 7272/2/3 7264/2/3 7271/2/3
f 7274/2/3 7270/2/3 7269/2/3
f 7275/2/3 7270/2/3 7274/2/3
f 7277/2/3 7274/2/3 7273/2/3
f 7278/2/3 7274/2/3 7277/2/3
f 7280/2/3 7277/2/3 7276/2/3
f 7281/2/3 7277/2/3 7280/2/3
f 7282/2/3 7280/2/3 7279/2/3
f 7283/2/3 7280/2/3 7282/2/3
f 7286/2/3 7285/2/3 7284/2/3
f 7287/2/3 7285/2/3 7286/2/3
f 7290/2/3 7289/2/3 7288/2/3
f 7291/2/3 7289/2/3 7290/2/3
f 7294/2/3 7293/2/3 7292/2/3
f 7295/2/3 7293/2/3 7294/2/3
f 7298/2/3 7297/2/3 7296/2/3
f 7299/2/3 7297/2/3 7298/2/3
f 7302/2/3 7301/2/3 7300/2/3
f 7303/2/3 7301/2/3 7302/2/3
f 7306/2/3 7305/2/3 7304/2/3
f 7307/2/3 7305/2/3 7306/2/3
f 7310/2/3 7309/2/3 7308/2/3
f 7311/2/3 7309/2/3 7310/2/3
f 7318/2/3 7313/2/3 7312/2/3
f 7319/2/3 7313/2/3 7318/2/3
f 7320/2/3 7315/2/3 7314/2/3
f 7321/2/3 7315/2/3 7320/2/3
f 7325/2/3 7317/2/3 7316/2/3
f 7326/2/3 7317/2/3 7325/2/3
f 7327/2/3 7322/2/3 7321/2/3
f 7328/2/3 7322/2/3 7327/2/3
f 7329/2/3 7324/2/3 7323/2/3
f 7330/2/3 7324/2/3 7329/2/3
f 7333/2/3 7332/2/3 7331/2/3
f 7334/2/3 7332/2/3 7333/2/3
f 7337/2/3 7336/2/3 7335/2/3
f 7338/2/3 7336/2/3 7337/2/3
f 7341/2/3 7340/2/3 7339/2/3
f 7342/2/3 7340/2/3 7341/2/3
f 7345/2/3 7344/2/3 7343/2/3
f 7346/2/3 7344/2/3 7345/2/3
f 7349/2/3 7348/2/3 7347/2/3
f 7350/2/3 7348/2/3 7349/2/3
f 7353/2/3 7352/2/3 7351/2/3
f 7354/2/3 7352/2/3 7353/2/3
f 7357/2/3 7356/2/3 7355/2/3
f 7358/2/3 7356/2/3 7357/2/3
f 7363/2/3 7360/2/3 7359/2/3
f 7364/2/3 7360/2/3 7363/2/3
f 7365/2/3 7362/2/3 7361/2/3
f 7366/2/3 7362/2/3 7365/2/3
f 7370/2/3 7368/2/3 7367/2/3
f 7371/2/3 7368/2/3 7370/2/3
f 7373/2/3 7370/2/3 7369/2/3
f 7374/2/3 7370/2/3 7373/2/3
f 7375/2/3 7373/2/3 7372/2/3
f 7376/2/3 7373/2/3 7375/2/3
f 7379/2/3 7378/2/3 7377/2/3
f 7380/2/3 7378/2/3 7379/2/3
f 7383/2/3 7382/2/3 7381/2/3
f 7384/2/3 7382/2/3 7383/2/3
f 7387/2/3 7386/2/3 7385/2/3
f 7388/2/3 7386/2/3 7387/2/3
f 7392/2/3 7390/2/3 7389/2/3
f 7393/2/3 7390/2/3 7392/2/3
f 7394/2/3 7392/2/3 7391/2/3
f 7395/2/3 7392/2/3 7394/2/3
f 7402/2/3 7397/2/3 7396/2/3
f 7403/2/3 7397/2/3 7402/2/3
f 7404/2/3 7399/2/3 7398/2/3
f 7405/2/3 7399/2/3 7404/2/3
f 7408/2/3 7401/2/3 7400/2/3
f 7409/2/3 7401/2/3 7408/2/3
f 7410/2/3 7407/2/3 7406/2/3
f 7411/2/3 7407/2/3 7410/2/3
f 7417/2/3 7413/2/3 7412/2/3
f 7418/2/3 7413/2/3 7417/2/3
f 7419/2/3 7415/2/3 7414/2/3
f 7420/2/3 7415/2/3 7419/2/3
f 7421/2/3 7417/2/3 7416/2/3
f 7422/2/3 7417/2/3 7421/2/3
f 7425/2/3 7424/2/3 7423/2/3
f 7426/2/3 7424/2/3 7425/2/3
f 7429/2/3 7428/2/3 7427/2/3
f 7430/2/3 7428/2/3 7429/2/3
f 7433/2/3 7432/2/3 7431/2/3
f 7434/2/3 7432/2/3 7433/2/3
f 7439/2/3 7436/2/3 7435/2/3
f 7440/2/3 7436/2/3 7439/2/3
f 7441/2/3 7438/2/3 7437/2/3
f 7442/2/3 7438/2/3 7441/2/3
f 7443/2/3 7441/2/3 7437/2/3
f 7444/2/3 7441/2/3 7443/2/3
f 7447/2/3 7446/2/3 7445/2/3
f 7448/2/3 7446/2/3 7447/2/3
f 7451/2/3 7450/2/3 7449/2/3
f 7452/2/3 7450/2/3 7451/2/3
f 7455/2/3 7454/2/3 7453/2/3
f 7456/2/3 7454/2/3 7455/2/3
f 7457/2/3 7454/2/3 7456/2/3
f 7462/2/3 7459/2/3 7458/2/3
f 7463/2/3 7459/2/3 7462/2/3
f 7464/2/3 7461/2/3 7460/2/3
f 7465/2/3 7461/2/3 7464/2/3
f 7469/2/3 7467/2/3 7466/2/3
f 7469/2/3 7468/2/3 7467/2/3
f 7470/2/3 7468/2/3 7469/2/3
f 7473/2/3 7472/2/3 7471/2/3
f 7474/2/3 7472/2/3 7473/2/3
f 7478/2/3 7476/2/3 7475/2/3
f 7479/2/3 7478/2/3 7477/2/3
f 7480/2/3 7476/2/3 7478/2/3
f 7480/2/3 7478/2/3 7479/2/3
f 7485/2/3 7482/2/3 7481/2/3
f 7486/2/3 7482/2/3 7485/2/3
f 7489/2/3 7484/2/3 7483/2/3
f 7490/2/3 7484/2/3 7489/2/3
f 7491/2/3 7488/2/3 7487/2/3
f 7491/2/3 7489/2/3 7488/2/3
f 7492/2/3 7489/2/3 7491/2/3
f 7495/2/3 7494/2/3 7493/2/3
f 7496/2/3 7494/2/3 7495/2/3
f 7503/2/3 7498/2/3 7497/2/3
f 7504/2/3 7498/2/3 7503/2/3
f 7505/2/3 7500/2/3 7499/2/3
f 7506/2/3 7500/2/3 7505/2/3
f 7509/2/3 7502/2/3 7501/2/3
f 7510/2/3 7502/2/3 7509/2/3
f 7511/2/3 7508/2/3 7507/2/3
f 7512/2/3 7508/2/3 7511/2/3
f 7516/2/3 7514/2/3 7513/2/3
f 7516/2/3 7515/2/3 7514/2/3
f 7517/2/3 7515/2/3 7516/2/3
f 7520/2/3 7519/2/3 7518/2/3
f 7521/2/3 7519/2/3 7520/2/3
f 7524/2/3 7523/2/3 7522/2/3
f 7525/2/3 7523/2/3 7524/2/3
f 7529/2/3 7527/2/3 7526/2/3
f 7530/2/3 7527/2/3 7529/2/3
f 7530/2/3 7529/2/3 7528/2/3
f 7531/2/3 7527/2/3 7530/2/3
f 7532/2/3 7530/2/3 7528/2/3
f 7533/2/3 7530/2/3 7532/2/3
f 7538/2/3 7535/2/3 7534/2/3
f 7539/2/3 7535/2/3 7538/2/3
f 7540/2/3 7537/2/3 7536/2/3
f 7541/2/3 7537/2/3 7540/2/3
f 7547/2/3 7543/2/3 7542/2/3
f 7548/2/3 7543/2/3 7547/2/3
f 7549/2/3 7546/2/3 7545/2/3
f 7549/2/3 7545/2/3 7544/2/3
f 7550/2/3 7546/2/3 7549/2/3
f 7551/2/3 7549/2/3 7544/2/3
f 7552/2/3 7549/2/3 7551/2/3
f 7556/2/3 7554/2/3 7553/2/3
f 7557/2/3 7556/2/3 7555/2/3
f 7558/2/3 7554/2/3 7556/2/3
f 7558/2/3 7556/2/3 7557/2/3
f 7563/2/3 7560/2/3 7559/2/3
f 7564/2/3 7560/2/3 7563/2/3
f 7565/2/3 7562/2/3 7561/2/3
f 7566/2/3 7562/2/3 7565/2/3
f 7570/2/3 7568/2/3 7567/2/3
f 7570/2/3 7569/2/3 7568/2/3
f 7571/2/3 7569/2/3 7570/2/3
f 7572/2/3 7569/2/3 7571/2/3
f 7574/2/3 7573/2/3 7572/2/3
f 7574/2/3 7572/2/3 7571/2/3
f 7575/2/3 7573/2/3 7574/2/3
f 7579/2/3 7576/2/3 7575/2/3
f 7580/2/3 7576/2/3 7579/2/3
f 7581/2/3 7578/2/3 7577/2/3
f 7582/2/3 7578/2/3 7581/2/3
f 7585/2/3 7584/2/3 7583/2/3
f 7587/2/3 7585/2/3 7583/2/3
f 7587/2/3 7586/2/3 7585/2/3
f 7588/2/3 7586/2/3 7587/2/3
f 7589/2/3 7587/2/3 7583/2/3
f 7590/2/3 7587/2/3 7589/2/3
f 7596/2/3 7592/2/3 7591/2/3
f 7597/2/3 7592/2/3 7596/2/3
f 7599/2/3 7595/2/3 7594/2/3
f 7599/2/3 7594/2/3 7593/2/3
f 7600/2/3 7595/2/3 7599/2/3
f 7601/2/3 7595/2/3 7600/2/3
f 7602/2/3 7599/2/3 7598/2/3
f 7602/2/3 7600/2/3 7599/2/3
f 7603/2/3 7600/2/3 7602/2/3
f 7604/2/3 7602/2/3 7598/2/3
f 7605/2/3 7602/2/3 7604/2/3
f 7608/2/3 7604/2/3 7598/2/3
f 7609/2/3 7604/2/3 7608/2/3
f 7611/2/3 7607/2/3 7606/2/3
f 7612/2/3 7611/2/3 7610/2/3
f 7613/2/3 7607/2/3 7611/2/3
f 7613/2/3 7611/2/3 7612/2/3
f 7614/2/3 7607/2/3 7613/2/3
f 7615/2/3 7607/2/3 7614/2/3
f 7622/2/3 7617/2/3 7616/2/3
f 7623/2/3 7617/2/3 7622/2/3
f 7624/2/3 7619/2/3 7618/2/3
f 7625/2/3 7619/2/3 7624/2/3
f 7630/2/3 7621/2/3 7620/2/3
f 7631/2/3 7621/2/3 7630/2/3
f 7632/2/3 7627/2/3 7626/2/3
f 7633/2/3 7627/2/3 7632/2/3
f 7636/2/3 7629/2/3 7628/2/3
f 7637/2/3 7629/2/3 7636/2/3
f 7638/2/3 7635/2/3 7634/2/3
f 7639/2/3 7635/2/3 7638/2/3
f 7642/2/3 7641/2/3 7640/2/3
f 7643/2/3 7641/2/3 7642/2/3
f 7644/2/3 7641/2/3 7643/2/3
f 7648/2/3 7645/2/3 7644/2/3
f 7648/2/3 7644/2/3 7643/2/3
f 7650/2/3 7647/2/3 7646/2/3
f 7651/2/3 7647/2/3 7650/2/3
f 7652/2/3 7649/2/3 7648/2/3
f 7652/2/3 7648/2/3 7643/2/3
f 7653/2/3 7649/2/3 7652/2/3
f 7654/2/3 7649/2/3 7653/2/3
f 7658/2/3 7657/2/3 7656/2/3
f 7659/2/3 7657/2/3 7658/2/3
f 7660/2/3 7655/2/3 7654/2/3
f 7660/2/3 7654/2/3 7653/2/3
f 7661/2/3 7655/2/3 7660/2/3
f 7662/2/3 7655/2/3 7661/2/3
f 7663/2/3 7655/2/3 7662/2/3
f 7666/2/3 7665/2/3 7664/2/3
f 7667/2/3 7665/2/3 7666/2/3
f 7668/2/3 7662/2/3 7661/2/3
f 7669/2/3 7662/2/3 7668/2/3
f 7674/2/3 7671/2/3 7670/2/3
f 7675/2/3 7671/2/3 7674/2/3
f 7676/2/3 7673/2/3 7672/2/3
f 7677/2/3 7673/2/3 7676/2/3
f 7682/2/3 7679/2/3 7678/2/3
f 7683/2/3 7679/2/3 7682/2/3
f 7684/2/3 7681/2/3 7680/2/3
f 7685/2/3 7681/2/3 7684/2/3
f 7690/2/3 7687/2/3 7686/2/3
f 7691/2/3 7687/2/3 7690/2/3
f 7692/2/3 7689/2/3 7688/2/3
f 7693/2/3 7689/2/3 7692/2/3
f 7697/2/3 7695/2/3 7694/2/3
f 7701/2/3 7697/2/3 7696/2/3
f 7702/2/3 7695/2/3 7697/2/3
f 7702/2/3 7697/2/3 7701/2/3
f 7703/2/3 7699/2/3 7698/2/3
f 7705/2/3 7701/2/3 7700/2/3
f 7705/2/3 7702/2/3 7701/2/3
f 7706/2/3 7702/2/3 7705/2/3
f 7707/2/3 7702/2/3 7706/2/3
f 7708/2/3 7702/2/3 7707/2/3
f 7709/2/3 7704/2/3 7703/2/3
f 7710/2/3 7704/2/3 7709/2/3
f 7711/2/3 7707/2/3 7706/2/3
f 7712/2/3 7707/2/3 7711/2/3
f 7713/2/3 7703/2/3 7698/2/3
f 7713/2/3 7709/2/3 7703/2/3
f 7714/2/3 7709/2/3 7713/2/3
f 7715/2/3 7709/2/3 7714/2/3
f 7716/2/3 7709/2/3 7715/2/3
f 7719/2/3 7718/2/3 7717/2/3
f 7720/2/3 7718/2/3 7719/2/3
f 7725/2/3 7722/2/3 7721/2/3
f 7726/2/3 7722/2/3 7725/2/3
f 7727/2/3 7724/2/3 7723/2/3
f 7728/2/3 7724/2/3 7727/2/3
f 7733/2/3 7730/2/3 7729/2/3
f 7734/2/3 7730/2/3 7733/2/3
f 7735/2/3 7732/2/3 7731/2/3
f 7736/2/3 7732/2/3 7735/2/3
f 7741/2/3 7738/2/3 7737/2/3
f 7742/2/3 7738/2/3 7741/2/3
f 7743/2/3 7740/2/3 7739/2/3
f 7744/2/3 7740/2/3 7743/2/3
f 7749/2/3 7746/2/3 7745/2/3
f 7750/2/3 7746/2/3 7749/2/3
f 7751/2/3 7748/2/3 7747/2/3
f 7752/2/3 7748/2/3 7751/2/3
f 7757/2/3 7754/2/3 7753/2/3
f 7758/2/3 7754/2/3 7757/2/3
f 7760/2/3 7756/2/3 7755/2/3
f 7761/2/3 7756/2/3 7760/2/3
f 7763/2/3 7760/2/3 7759/2/3
f 7764/2/3 7760/2/3 7763/2/3
f 7768/2/3 7763/2/3 7762/2/3
f 7768/2/3 7764/2/3 7763/2/3
f 7768/2/3 7765/2/3 7764/2/3
f 7769/2/3 7765/2/3 7768/2/3
f 7770/2/3 7765/2/3 7769/2/3
f 7771/2/3 7767/2/3 7766/2/3
f 7771/2/3 7768/2/3 7767/2/3
f 7771/2/3 7769/2/3 7768/2/3
f 7772/2/3 7769/2/3 7771/2/3
f 7773/2/3 7771/2/3 7766/2/3
f 7774/2/3 7771/2/3 7773/2/3
f 7775/2/3 7771/2/3 7774/2/3
f 7776/2/3 7771/2/3 7775/2/3
f 7777/2/3 7775/2/3 7774/2/3
f 7778/2/3 7775/2/3 7777/2/3
f 7785/2/3 7780/2/3 7779/2/3
f 7786/2/3 7780/2/3 7785/2/3
f 7787/2/3 7782/2/3 7781/2/3
f 7788/2/3 7782/2/3 7787/2/3
f 7791/2/3 7784/2/3 7783/2/3
f 7792/2/3 7784/2/3 7791/2/3
f 7793/2/3 7790/2/3 7789/2/3
f 7794/2/3 7790/2/3 7793/2/3
f 7800/2/3 7796/2/3 7795/2/3
f 7801/2/3 7796/2/3 7800/2/3
f 7802/2/3 7798/2/3 7797/2/3
f 7803/2/3 7798/2/3 7802/2/3
f 7805/2/3 7800/2/3 7799/2/3
f 7806/2/3 7800/2/3 7805/2/3
f 7807/2/3 7804/2/3 7803/2/3
f 7808/2/3 7804/2/3 7807/2/3
f 7813/2/3 7810/2/3 7809/2/3
f 7814/2/3 7810/2/3 7813/2/3
f 7815/2/3 7812/2/3 7811/2/3
f 7816/2/3 7812/2/3 7815/2/3
f 7821/2/3 7818/2/3 7817/2/3
f 7822/2/3 7818/2/3 7821/2/3
f 7823/2/3 7820/2/3 7819/2/3
f 7824/2/3 7820/2/3 7823/2/3
f 7829/2/3 7826/2/3 7825/2/3
f 7830/2/3 7826/2/3 7829/2/3
f 7831/2/3 7828/2/3 7827/2/3
f 7832/2/3 7828/2/3 7831/2/3
f 7837/2/3 7834/2/3 7833/2/3
f 7838/2/3 7834/2/3 7837/2/3
f 7839/2/3 7836/2/3 7835/2/3
f 7840/2/3 7836/2/3 7839/2/3
f 7845/2/3 7842/2/3 7841/2/3
f 7846/2/3 7842/2/3 7845/2/3
f 7849/2/3 7844/2/3 7843/2/3
f 7850/2/3 7844/2/3 7849/2/3
f 7851/2/3 7847/2/3 7846/2/3
f 7852/2/3 7847/2/3 7851/2/3
f 7853/2/3 7849/2/3 7848/2/3
f 7854/2/3 7849/2/3 7853/2/3
f 7859/2/3 7856/2/3 7855/2/3
f 7860/2/3 7856/2/3 7859/2/3
f 7865/2/3 7858/2/3 7857/2/3
f 7866/2/3 7858/2/3 7865/2/3
f 7867/2/3 7862/2/3 7861/2/3
f 7868/2/3 7862/2/3 7867/2/3
f 7869/2/3 7864/2/3 7863/2/3
f 7870/2/3 7864/2/3 7869/2/3
f 7877/2/3 7872/2/3 7871/2/3
f 7878/2/3 7872/2/3 7877/2/3
f 7879/2/3 7874/2/3 7873/2/3
f 7880/2/3 7874/2/3 7879/2/3
f 7885/2/3 7876/2/3 7875/2/3
f 7886/2/3 7876/2/3 7885/2/3
f 7887/2/3 7882/2/3 7881/2/3
f 7888/2/3 7882/2/3 7887/2/3
f 7891/2/3 7884/2/3 7883/2/3
f 7892/2/3 7884/2/3 7891/2/3
f 7893/2/3 7890/2/3 7889/2/3
f 7894/2/3 7890/2/3 7893/2/3
f 7899/2/3 7896/2/3 7895/2/3
f 7900/2/3 7896/2/3 7899/2/3
f 7901/2/3 7898/2/3 7897/2/3
f 7902/2/3 7898/2/3 7901/2/3
f 7907/2/3 7904/2/3 7903/2/3
f 7908/2/3 7904/2/3 7907/2/3
f 7909/2/3 7906/2/3 7905/2/3
f 7910/2/3 7906/2/3 7909/2/3
f 7915/2/3 7912/2/3 7911/2/3
f 7916/2/3 7912/2/3 7915/2/3
f 7917/2/3 7914/2/3 7913/2/3
f 7918/2/3 7914/2/3 7917/2/3
f 7923/2/3 7920/2/3 7919/2/3
f 7924/2/3 7920/2/3 7923/2/3
f 7925/2/3 7922/2/3 7921/2/3
f 7926/2/3 7922/2/3 7925/2/3
f 7931/2/3 7928/2/3 7927/2/3
f 7932/2/3 7928/2/3 7931/2/3
f 7933/2/3 7930/2/3 7929/2/3
f 7934/2/3 7930/2/3 7933/2/3
f 7939/2/3 7936/2/3 7935/2/3
f 7940/2/3 7936/2/3 7939/2/3
f 7941/2/3 7938/2/3 7937/2/3
f 7942/2/3 7938/2/3 7941/2/3
f 7947/2/3 7944/2/3 7943/2/3
f 7948/2/3 7944/2/3 7947/2/3
f 7953/2/3 7946/2/3 7945/2/3
f 7954/2/3 7946/2/3 7953/2/3
f 7955/2/3 7950/2/3 7949/2/3
f 7956/2/3 7950/2/3 7955/2/3
f 7961/2/3 7952/2/3 7951/2/3
f 7962/2/3 7952/2/3 7961/2/3
f 7963/2/3 7958/2/3 7957/2/3
f 7964/2/3 7958/2/3 7963/2/3
f 7965/2/3 7960/2/3 7959/2/3
f 7966/2/3 7960/2/3 7965/2/3
f 7971/2/3 7968/2/3 7967/2/3
f 7972/2/3 7968/2/3 7971/2/3
f 7977/2/3 7970/2/3 7969/2/3
f 7978/2/3 7970/2/3 7977/2/3
f 7979/2/3 7974/2/3 7973/2/3
f 7980/2/3 7974/2/3 7979/2/3
f 7985/2/3 7976/2/3 7975/2/3
f 7986/2/3 7976/2/3 7985/2/3
f 7987/2/3 7982/2/3 7981/2/3
f 7988/2/3 7982/2/3 7987/2/3
f 7992/2/3 7984/2/3 7983/2/3
f 7993/2/3 7984/2/3 7992/2/3
f 7994/2/3 7990/2/3 7989/2/3
f 7995/2/3 7990/2/3 7994/2/3
f 7998/2/3 7992/2/3 7991/2/3
f 7999/2/3 7992/2/3 7998/2/3
f 8000/2/3 7996/2/3 7995/2/3
f 8001/2/3 7996/2/3 8000/2/3
f 8003/2/3 7998/2/3 7997/2/3
f 8004/2/3 7998/2/3 8003/2/3
f 8005/2/3 8002/2/3 8001/2/3
f 8006/2/3 8002/2/3 8005/2/3
f 8011/2/3 8008/2/3 8007/2/3
f 8012/2/3 8008/2/3 8011/2/3
f 8013/2/3 8010/2/3 8009/2/3
f 8014/2/3 8010/2/3 8013/2/3
f 8019/2/3 8016/2/3 8015/2/3
f 8020/2/3 8016/2/3 8019/2/3
f 8021/2/3 8018/2/3 8017/2/3
f 8022/2/3 8018/2/3 8021/2/3
f 8027/2/3 8024/2/3 8023/2/3
f 8028/2/3 8024/2/3 8027/2/3
f 8029/2/3 8026/2/3 8025/2/3
f 8030/2/3 8026/2/3 8029/2/3
f 8035/2/3 8032/2/3 8031/2/3
f 8036/2/3 8032/2/3 8035/2/3
f 8037/2/3 8034/2/3 8033/2/3
f 8038/2/3 8034/2/3 8037/2/3
f 8043/2/3 8040/2/3 8039/2/3
f 8044/2/3 8040/2/3 8043/2/3
f 8045/2/3 8042/2/3 8041/2/3
f 8046/2/3 8042/2/3 8045/2/3
f 8051/2/3 8048/2/3 8047/2/3
f 8052/2/3 8048/2/3 8051/2/3
f 8055/2/3 8050/2/3 8049/2/3
f 8056/2/3 8050/2/3 8055/2/3
f 8057/2/3 8053/2/3 8052/2/3
f 8058/2/3 8053/2/3 8057/2/3
f 8061/2/3 8055/2/3 8054/2/3
f 8062/2/3 8055/2/3 8061/2/3
f 8063/2/3 8059/2/3 8058/2/3
f 8064/2/3 8059/2/3 8063/2/3
f 8069/2/3 8061/2/3 8060/2/3
f 8070/2/3 8061/2/3 8069/2/3
f 8071/2/3 8066/2/3 8065/2/3
f 8072/2/3 8066/2/3 8071/2/3
f 8077/2/3 8068/2/3 8067/2/3
f 8078/2/3 8068/2/3 8077/2/3
f 8079/2/3 8074/2/3 8073/2/3
f 8080/2/3 8074/2/3 8079/2/3
f 8083/2/3 8076/2/3 8075/2/3
f 8084/2/3 8076/2/3 8083/2/3
f 8085/2/3 8082/2/3 8081/2/3
f 8086/2/3 8082/2/3 8085/2/3
f 8093/2/3 8088/2/3 8087/2/3
f 8094/2/3 8088/2/3 8093/2/3
f 8095/2/3 8090/2/3 8089/2/3
f 8096/2/3 8090/2/3 8095/2/3
f 8101/2/3 8092/2/3 8091/2/3
f 8102/2/3 8092/2/3 8101/2/3
f 8103/2/3 8098/2/3 8097/2/3
f 8104/2/3 8098/2/3 8103/2/3
f 8108/2/3 8100/2/3 8099/2/3
f 8109/2/3 8100/2/3 8108/2/3
f 8110/2/3 8106/2/3 8105/2/3
f 8111/2/3 8106/2/3 8110/2/3
f 8114/2/3 8108/2/3 8107/2/3
f 8115/2/3 8108/2/3 8114/2/3
f 8116/2/3 8112/2/3 8111/2/3
f 8117/2/3 8112/2/3 8116/2/3
f 8120/2/3 8114/2/3 8113/2/3
f 8121/2/3 8114/2/3 8120/2/3
f 8122/2/3 8118/2/3 8117/2/3
f 8123/2/3 8118/2/3 8122/2/3
f 8125/2/3 8120/2/3 8119/2/3
f 8126/2/3 8120/2/3 8125/2/3
f 8127/2/3 8124/2/3 8123/2/3
f 8128/2/3 8124/2/3 8127/2/3
f 8133/2/3 8130/2/3 8129/2/3
f 8134/2/3 8130/2/3 8133/2/3
f 8135/2/3 8132/2/3 8131/2/3
f 8136/2/3 8132/2/3 8135/2/3
f 8141/2/3 8138/2/3 8137/2/3
f 8142/2/3 8138/2/3 8141/2/3
f 8143/2/3 8140/2/3 8139/2/3
f 8144/2/3 8140/2/3 8143/2/3
f 8149/2/3 8146/2/3 8145/2/3
f 8150/2/3 8146/2/3 8149/2/3
f 8151/2/3 8148/2/3 8147/2/3
f 8152/2/3 8148/2/3 8151/2/3
f 8157/2/3 8154/2/3 8153/2/3
f 8158/2/3 8154/2/3 8157/2/3
f 8159/2/3 8156/2/3 8155/2/3
f 8160/2/3 8156/2/3 8159/2/3
f 8165/2/3 8162/2/3 8161/2/3
f 8166/2/3 8162/2/3 8165/2/3
f 8169/2/3 8164/2/3 8163/2/3
f 8170/2/3 8164/2/3 8169/2/3
f 8171/2/3 8167/2/3 8166/2/3
f 8172/2/3 8167/2/3 8171/2/3
f 8175/2/3 8169/2/3 8168/2/3
f 8176/2/3 8169/2/3 8175/2/3
f 8177/2/3 8173/2/3 8172/2/3
f 8178/2/3 8173/2/3 8177/2/3
f 8181/2/3 8175/2/3 8174/2/3
f 8182/2/3 8175/2/3 8181/2/3
f 8183/2/3 8179/2/3 8178/2/3
f 8184/2/3 8179/2/3 8183/2/3
f 8189/2/3 8181/2/3 8180/2/3
f 8190/2/3 8181/2/3 8189/2/3
f 8191/2/3 8186/2/3 8185/2/3
f 8192/2/3 8186/2/3 8191/2/3
f 8197/2/3 8188/2/3 8187/2/3
f 8198/2/3 8188/2/3 8197/2/3
f 8199/2/3 8194/2/3 8193/2/3
f 8200/2/3 8194/2/3 8199/2/3
f 8201/2/3 8196/2/3 8195/2/3
f 8202/2/3 8196/2/3 8201/2/3
f 8207/2/3 8204/2/3 8203/2/3
f 8208/2/3 8204/2/3 8207/2/3
f 8213/2/3 8206/2/3 8205/2/3
f 8214/2/3 8206/2/3 8213/2/3
f 8215/2/3 8210/2/3 8209/2/3
f 8216/2/3 8210/2/3 8215/2/3
f 8220/2/3 8212/2/3 8211/2/3
f 8221/2/3 8212/2/3 8220/2/3
f 8222/2/3 8218/2/3 8217/2/3
f 8223/2/3 8218/2/3 8222/2/3
f 8226/2/3 8220/2/3 8219/2/3
f 8227/2/3 8220/2/3 8226/2/3
f 8228/2/3 8224/2/3 8223/2/3
f 8229/2/3 8224/2/3 8228/2/3
f 8232/2/3 8226/2/3 8225/2/3
f 8233/2/3 8226/2/3 8232/2/3
f 8234/2/3 8230/2/3 8229/2/3
f 8235/2/3 8230/2/3 8234/2/3
f 8238/2/3 8232/2/3 8231/2/3
f 8239/2/3 8232/2/3 8238/2/3
f 8240/2/3 8236/2/3 8235/2/3
f 8241/2/3 8236/2/3 8240/2/3
f 8243/2/3 8238/2/3 8237/2/3
f 8244/2/3 8238/2/3 8243/2/3
f 8245/2/3 8242/2/3 8241/2/3
f 8246/2/3 8242/2/3 8245/2/3
f 8251/2/3 8248/2/3 8247/2/3
f 8252/2/3 8248/2/3 8251/2/3
f 8253/2/3 8250/2/3 8249/2/3
f 8254/2/3 8250/2/3 8253/2/3
f 8259/2/3 8256/2/3 8255/2/3
f 8260/2/3 8256/2/3 8259/2/3
f 8261/2/3 8258/2/3 8257/2/3
f 8262/2/3 8258/2/3 8261/2/3
f 8267/2/3 8264/2/3 8263/2/3
f 8268/2/3 8264/2/3 8267/2/3
f 8269/2/3 8266/2/3 8265/2/3
f 8270/2/3 8266/2/3 8269/2/3
f 8275/2/3 8272/2/3 8271/2/3
f 8276/2/3 8272/2/3 8275/2/3
f 8279/2/3 8274/2/3 8273/2/3
f 8280/2/3 8274/2/3 8279/2/3
f 8281/2/3 8277/2/3 8276/2/3
f 8282/2/3 8277/2/3 8281/2/3
f 8285/2/3 8279/2/3 8278/2/3
f 8286/2/3 8279/2/3 8285/2/3
f 8287/2/3 8283/2/3 8282/2/3
f 8288/2/3 8283/2/3 8287/2/3
f 8291/2/3 8285/2/3 8284/2/3
f 8292/2/3 8285/2/3 8291/2/3
f 8293/2/3 8289/2/3 8288/2/3
f 8294/2/3 8289/2/3 8293/2/3
f 8297/2/3 8291/2/3 8290/2/3
f 8298/2/3 8291/2/3 8297/2/3
f 8299/2/3 8295/2/3 8294/2/3
f 8300/2/3 8295/2/3 8299/2/3
f 8305/2/3 8297/2/3 8296/2/3
f 8306/2/3 8297/2/3 8305/2/3
f 8307/2/3 8302/2/3 8301/2/3
f 8308/2/3 8302/2/3 8307/2/3
f 8311/2/3 8304/2/3 8303/2/3
f 8312/2/3 8304/2/3 8311/2/3
f 8313/2/3 8310/2/3 8309/2/3
f 8314/2/3 8310/2/3 8313/2/3
f 8321/3/3 8316/3/3 8315/3/3
f 8322/3/3 8316/3/3 8321/3/3
f 8323/3/3 8318/3/3 8317/3/3
f 8324/3/3 8318/3/3 8323/3/3
f 8329/3/3 8320/3/3 8319/3/3
f 8330/3/3 8320/3/3 8329/3/3
f 8331/3/3 8326/3/3 8325/3/3
f 8332/3/3 8326/3/3 8331/3/3
f 8335/3/3 8328/3/3 8327/3/3
f 8336/3/3 8328/3/3 8335/3/3
f 8337/3/3 8334/3/3 8333/3/3
f 8338/3/3 8334/3/3 8337/3/3
f 8343/3/3 8340/3/3 8339/3/3
f 8344/3/3 8340/3/3 8343/3/3
f 8345/3/3 8342/3/3 8341/3/3
f 8346/3/3 8342/3/3 8345/3/3
f 8351/3/3 8348/3/3 8347/3/3
f 8352/3/3 8348/3/3 8351/3/3
f 8353/3/3 8350/3/3 8349/3/3
f 8354/3/3 8350/3/3 8353/3/3
f 8359/3/3 8356/3/3 8355/3/3
f 8360/3/3 8356/3/3 8359/3/3
f 8361/3/3 8358/3/3 8357/3/3
f 8362/3/3 8358/3/3 8361/3/3
f 8367/3/3 8364/3/3 8363/3/3
f 8368/3/3 8364/3/3 8367/3/3
f 8369/3/3 8366/3/3 8365/3/3
f 8370/3/3 8366/3/3 8369/3/3
f 8375/3/3 8372/3/3 8371/3/3
f 8376/3/3 8372/3/3 8375/3/3
f 8377/3/3 8374/3/3 8373/3/3
f 8378/3/3 8374/3/3 8377/3/3
f 8383/3/3 8380/3/3 8379/3/3
f 8384/3/3 8380/3/3 8383/3/3
f 8385/3/3 8382/3/3 8381/3/3
f 8386/3/3 8382/3/3 8385/3/3
f 8391/3/3 8388/3/3 8387/3/3
f 8392/3/3 8388/3/3 8391/3/3
f 8393/3/3 8390/3/3 8389/3/3
f 8394/3/3 8390/3/3 8393/3/3
f 8399/3/3 8396/3/3 8395/3/3
f 8400/3/3 8396/3/3 8399/3/3
f 8401/3/3 8398/3/3 8397/3/3
f 8402/3/3 8398/3/3 8401/3/3
f 8407/3/3 8404/3/3 8403/3/3
f 8408/3/3 8404/3/3 8407/3/3
f 8413/3/3 8406/3/3 8405/3/3
f 8414/3/3 8406/3/3 8413/3/3
f 8415/3/3 8410/3/3 8409/3/3
f 8416/3/3 8410/3/3 8415/3/3
f 8421/3/3 8412/3/3 8411/3/3
f 8422/3/3 8412/3/3 8421/3/3
f 8423/3/3 8418/3/3 8417/3/3
f 8424/3/3 8418/3/3 8423/3/3
f 8425/3/3 8420/3/3 8419/3/3
f 8426/3/3 8420/3/3 8425/3/3
f 8431/2/3 8428/2/3 8427/2/3
f 8432/2/3 8428/2/3 8431/2/3
f 8437/2/3 8430/2/3 8429/2/3
f 8438/2/3 8430/2/3 8437/2/3
f 8439/2/3 8434/2/3 8433/2/3
f 8440/2/3 8434/2/3 8439/2/3
f 8445/2/3 8436/2/3 8435/2/3
f 8446/2/3 8436/2/3 8445/2/3
f 8447/2/3 8442/2/3 8441/2/3
f 8448/2/3 8442/2/3 8447/2/3
f 8452/2/3 8444/2/3 8443/2/3
f 8453/2/3 8444/2/3 8452/2/3
f 8454/2/3 8450/2/3 8449/2/3
f 8455/2/3 8450/2/3 8454/2/3
f 8457/2/3 8452/2/3 8451/2/3
f 8458/2/3 8452/2/3 8457/2/3
f 8459/2/3 8456/2/3 8455/2/3
f 8460/2/3 8456/2/3 8459/2/3
f 8466/2/3 8462/2/3 8461/2/3
f 8467/2/3 8462/2/3 8466/2/3
f 8468/2/3 8464/2/3 8463/2/3
f 8469/2/3 8464/2/3 8468/2/3
f 8471/2/3 8466/2/3 8465/2/3
f 8472/2/3 8466/2/3 8471/2/3
f 8473/2/3 8470/2/3 8469/2/3
f 8474/2/3 8470/2/3 8473/2/3
f 8479/2/3 8476/2/3 8475/2/3
f 8480/2/3 8476/2/3 8479/2/3
f 8481/2/3 8478/2/3 8477/2/3
f 8482/2/3 8478/2/3 8481/2/3
f 8487/2/3 8484/2/3 8483/2/3
f 8488/2/3 8484/2/3 8487/2/3
f 8489/2/3 8486/2/3 8485/2/3
f 8490/2/3 8486/2/3 8489/2/3
f 8495/2/3 8492/2/3 8491/2/3
f 8496/2/3 8492/2/3 8495/2/3
f 8497/2/3 8494/2/3 8493/2/3
f 8498/2/3 8494/2/3 8497/2/3
f 8503/2/3 8500/2/3 8499/2/3
f 8504/2/3 8500/2/3 8503/2/3
f 8505/2/3 8502/2/3 8501/2/3
f 8506/2/3 8502/2/3 8505/2/3
f 8511/2/3 8508/2/3 8507/2/3
f 8512/2/3 8508/2/3 8511/2/3
f 8513/2/3 8510/2/3 8509/2/3
f 8514/2/3 8510/2/3 8513/2/3
f 8519/2/3 8516/2/3 8515/2/3
f 8520/2/3 8516/2/3 8519/2/3
f 8523/2/3 8518/2/3 8517/2/3
f 8524/2/3 8518/2/3 8523/2/3
f 8525/2/3 8521/2/3 8520/2/3
f 8526/2/3 8521/2/3 8525/2/3
f 8527/2/3 8523/2/3 8522/2/3
f 8528/2/3 8523/2/3 8527/2/3
f 8533/2/3 8530/2/3 8529/2/3
f 8534/2/3 8530/2/3 8533/2/3
f 8537/2/3 8532/2/3 8531/2/3
f 8538/2/3 8532/2/3 8537/2/3
f 8539/2/3 8535/2/3 8534/2/3
f 8540/2/3 8535/2/3 8539/2/3
f 8545/2/3 8537/2/3 8536/2/3
f 8546/2/3 8537/2/3 8545/2/3
f 8547/2/3 8542/2/3 8541/2/3
f 8548/2/3 8542/2/3 8547/2/3
f 8553/2/3 8544/2/3 8543/2/3
f 8554/2/3 8544/2/3 8553/2/3
f 8555/2/3 8550/2/3 8549/2/3
f 8556/2/3 8550/2/3 8555/2/3
f 8559/2/3 8552/2/3 8551/2/3
f 8560/2/3 8552/2/3 8559/2/3
f 8561/2/3 8558/2/3 8557/2/3
f 8562/2/3 8558/2/3 8561/2/3
f 8569/2/3 8564/2/3 8563/2/3
f 8570/2/3 8564/2/3 8569/2/3
f 8571/2/3 8566/2/3 8565/2/3
f 8572/2/3 8566/2/3 8571/2/3
f 8577/2/3 8568/2/3 8567/2/3
f 8578/2/3 8568/2/3 8577/2/3
f 8579/2/3 8574/2/3 8573/2/3
f 8580/2/3 8574/2/3 8579/2/3
f 8585/2/3 8576/2/3 8575/2/3
f 8586/2/3 8576/2/3 8585/2/3
f 8587/2/3 8582/2/3 8581/2/3
f 8588/2/3 8582/2/3 8587/2/3
f 8592/2/3 8584/2/3 8583/2/3
f 8593/2/3 8584/2/3 8592/2/3
f 8594/2/3 8590/2/3 8589/2/3
f 8595/2/3 8590/2/3 8594/2/3
f 8598/2/3 8592/2/3 8591/2/3
f 8599/2/3 8592/2/3 8598/2/3
f 8600/2/3 8596/2/3 8595/2/3
f 8601/2/3 8596/2/3 8600/2/3
f 8604/2/3 8598/2/3 8597/2/3
f 8605/2/3 8598/2/3 8604/2/3
f 8606/2/3 8602/2/3 8601/2/3
f 8607/2/3 8602/2/3 8606/2/3
f 8609/2/3 8604/2/3 8603/2/3
f 8610/2/3 8604/2/3 8609/2/3
f 8611/2/3 8608/2/3 8607/2/3
f 8612/2/3 8608/2/3 8611/2/3
f 8617/2/3 8614/2/3 8613/2/3
f 8618/2/3 8614/2/3 8617/2/3
f 8619/2/3 8616/2/3 8615/2/3
f 8620/2/3 8616/2/3 8619/2/3
f 8625/2/3 8622/2/3 8621/2/3
f 8626/2/3 8622/2/3 8625/2/3
f 8627/2/3 8624/2/3 8623/2/3
f 8628/2/3 8624/2/3 8627/2/3
f 8633/2/3 8630/2/3 8629/2/3
f 8634/2/3 8630/2/3 8633/2/3
f 8635/2/3 8632/2/3 8631/2/3
f 8636/2/3 8632/2/3 8635/2/3
f 8641/2/3 8638/2/3 8637/2/3
f 8642/2/3 8638/2/3 8641/2/3
f 8643/2/3 8640/2/3 8639/2/3
f 8644/2/3 8640/2/3 8643/2/3
f 8649/2/3 8646/2/3 8645/2/3
f 8650/2/3 8646/2/3 8649/2/3
f 8651/2/3 8648/2/3 8647/2/3
f 8652/2/3 8648/2/3 8651/2/3
f 8657/2/3 8654/2/3 8653/2/3
f 8658/2/3 8654/2/3 8657/2/3
f 8659/2/3 8656/2/3 8655/2/3
f 8660/2/3 8656/2/3 8659/2/3
f 8665/2/3 8662/2/3 8661/2/3
f 8666/2/3 8662/2/3 8665/2/3
f 8669/2/3 8664/2/3 8663/2/3
f 8670/2/3 8664/2/3 8669/2/3
f 8671/2/3 8667/2/3 8666/2/3
f 8672/2/3 8667/2/3 8671/2/3
f 8675/2/3 8669/2/3 8668/2/3
f 8676/2/3 8669/2/3 8675/2/3
f 8677/2/3 8673/2/3 8672/2/3
f 8678/2/3 8673/2/3 8677/2/3
f 8681/2/3 8675/2/3 8674/2/3
f 8682/2/3 8675/2/3 8681/2/3
f 8683/2/3 8679/2/3 8678/2/3
f 8684/2/3 8679/2/3 8683/2/3
f 8689/2/3 8681/2/3 8680/2/3
f 8690/2/3 8681/2/3 8689/2/3
f 8691/2/3 8686/2/3 8685/2/3
f 8692/2/3 8686/2/3 8691/2/3
f 8697/2/3 8688/2/3 8687/2/3
f 8698/2/3 8688/2/3 8697/2/3
f 8699/2/3 8694/2/3 8693/2/3
f 8700/2/3 8694/2/3 8699/2/3
f 8705/2/3 8696/2/3 8695/2/3
f 8706/2/3 8696/2/3 8705/2/3
f 8707/2/3 8702/2/3 8701/2/3
f 8708/2/3 8702/2/3 8707/2/3
f 8709/2/3 8704/2/3 8703/2/3
f 8710/2/3 8704/2/3 8709/2/3
f 8717/2/3 8712/2/3 8711/2/3
f 8718/2/3 8712/2/3 8717/2/3
f 8719/2/3 8714/2/3 8713/2/3
f 8720/2/3 8714/2/3 8719/2/3
f 8725/2/3 8716/2/3 8715/2/3
f 8726/2/3 8716/2/3 8725/2/3
f 8727/2/3 8722/2/3 8721/2/3
f 8728/2/3 8722/2/3 8727/2/3
f 8731/2/3 8724/2/3 8723/2/3
f 8732/2/3 8724/2/3 8731/2/3
f 8733/2/3 8730/2/3 8729/2/3
f 8734/2/3 8730/2/3 8733/2/3
f 8739/2/3 8736/2/3 8735/2/3
f 8740/2/3 8736/2/3 8739/2/3
f 8741/2/3 8738/2/3 8737/2/3
f 8742/2/3 8738/2/3 8741/2/3
f 8747/2/3 8744/2/3 8743/2/3
f 8748/2/3 8744/2/3 8747/2/3
f 8749/2/3 8746/2/3 8745/2/3
f 8750/2/3 8746/2/3 8749/2/3
f 8755/2/3 8752/2/3 8751/2/3
f 8756/2/3 8752/2/3 8755/2/3
f 8757/2/3 8754/2/3 8753/2/3
f 8758/2/3 8754/2/3 8757/2/3
f 8763/2/3 8760/2/3 8759/2/3
f 8764/2/3 8760/2/3 8763/2/3
f 8765/2/3 8762/2/3 8761/2/3
f 8766/2/3 8762/2/3 8765/2/3
f 8771/2/3 8768/2/3 8767/2/3
f 8772/2/3 8768/2/3 8771/2/3
f 8773/2/3 8770/2/3 8769/2/3
f 8774/2/3 8770/2/3 8773/2/3
f 8779/2/3 8776/2/3 8775/2/3
f 8780/2/3 8776/2/3 8779/2/3
f 8781/2/3 8778/2/3 8777/2/3
f 8782/2/3 8778/2/3 8781/2/3
f 8787/2/3 8784/2/3 8783/2/3
f 8788/2/3 8784/2/3 8787/2/3
f 8793/2/3 8786/2/3 8785/2/3
f 8794/2/3 8786/2/3 8793/2/3
f 8795/2/3 8790/2/3 8789/2/3
f 8796/2/3 8790/2/3 8795/2/3
f 8801/2/3 8792/2/3 8791/2/3
f 8802/2/3 8792/2/3 8801/2/3
f 8803/2/3 8798/2/3 8797/2/3
f 8804/2/3 8798/2/3 8803/2/3
f 8805/2/3 8800/2/3 8799/2/3
f 8806/2/3 8800/2/3 8805/2/3
f 8809/2/3 8808/2/3 8807/2/3
f 8810/2/3 8808/2/3 8809/2/3
f 8815/2/3 8812/2/3 8811/2/3
f 8816/2/3 8812/2/3 8815/2/3
f 8817/2/3 8814/2/3 8813/2/3
f 8818/2/3 8814/2/3 8817/2/3
f 8824/2/3 8820/2/3 8819/2/3
f 8825/2/3 8820/2/3 8824/2/3
f 8826/2/3 8822/2/3 8821/2/3
f 8827/2/3 8822/2/3 8826/2/3
f 8830/2/3 8824/2/3 8823/2/3
f 8831/2/3 8824/2/3 8830/2/3
f 8832/2/3 8828/2/3 8827/2/3
f 8833/2/3 8828/2/3 8832/2/3
f 8835/2/3 8830/2/3 8829/2/3
f 8836/2/3 8830/2/3 8835/2/3
f 8837/2/3 8834/2/3 8833/2/3
f 8838/2/3 8834/2/3 8837/2/3
f 8843/2/3 8840/2/3 8839/2/3
f 8844/2/3 8840/2/3 8843/2/3
f 8845/2/3 8842/2/3 8841/2/3
f 8846/2/3 8842/2/3 8845/2/3
f 8851/2/3 8848/2/3 8847/2/3
f 8852/2/3 8848/2/3 8851/2/3
f 8853/2/3 8850/2/3 8849/2/3
f 8854/2/3 8850/2/3 8853/2/3
f 8859/2/3 8856/2/3 8855/2/3
f 8860/2/3 8856/2/3 8859/2/3
f 8861/2/3 8858/2/3 8857/2/3
f 8862/2/3 8858/2/3 8861/2/3
f 8867/2/3 8864/2/3 8863/2/3
f 8868/2/3 8864/2/3 8867/2/3
f 8871/2/3 8866/2/3 8865/2/3
f 8872/2/3 8866/2/3 8871/2/3
f 8873/2/3 8869/2/3 8868/2/3
f 8874/2/3 8869/2/3 8873/2/3
f 8877/2/3 8871/2/3 8870/2/3
f 8878/2/3 8871/2/3 8877/2/3
f 8879/2/3 8875/2/3 8874/2/3
f 8880/2/3 8875/2/3 8879/2/3
f 8881/2/3 8877/2/3 8876/2/3
f 8882/2/3 8877/2/3 8881/2/3
f 8887/2/3 8884/2/3 8883/2/3
f 8888/2/3 8884/2/3 8887/2/3
f 8889/2/3 8886/2/3 8885/2/3
f 8890/2/3 8886/2/3 8889/2/3
f 8893/2/3 8892/2/3 8891/2/3
f 8894/2/3 8892/2/3 8893/2/3
f 8901/2/3 8896/2/3 8895/2/3
f 8902/2/3 8896/2/3 8901/2/3
f 8903/2/3 8898/2/3 8897/2/3
f 8904/2/3 8898/2/3 8903/2/3
f 8907/2/3 8900/2/3 8899/2/3
f 8908/2/3 8900/2/3 8907/2/3
f 8909/2/3 8906/2/3 8905/2/3
f 8910/2/3 8906/2/3 8909/2/3
f 8915/2/3 8912/2/3 8911/2/3
f 8916/2/3 8912/2/3 8915/2/3
f 8917/2/3 8914/2/3 8913/2/3
f 8918/2/3 8914/2/3 8917/2/3
f 8923/2/3 8920/2/3 8919/2/3
f 8924/2/3 8920/2/3 8923/2/3
f 8925/2/3 8922/2/3 8921/2/3
f 8926/2/3 8922/2/3 8925/2/3
f 8931/2/3 8928/2/3 8927/2/3
f 8932/2/3 8928/2/3 8931/2/3
f 8933/2/3 8930/2/3 8929/2/3
f 8934/2/3 8930/2/3 8933/2/3
f 8939/2/3 8936/2/3 8935/2/3
f 8940/2/3 8936/2/3 8939/2/3
f 8941/2/3 8938/2/3 8937/2/3
f 8942/2/3 8938/2/3 8941/2/3
f 8947/2/3 8944/2/3 8943/2/3
f 8948/2/3 8944/2/3 8947/2/3
f 8949/2/3 8946/2/3 8945/2/3
f 8950/2/3 8946/2/3 8949/2/3
f 8955/2/3 8952/2/3 8951/2/3
f 8956/2/3 8952/2/3 8955/2/3
f 8957/2/3 8954/2/3 8953/2/3
f 8958/2/3 8954/2/3 8957/2/3
f 8963/2/3 8960/2/3 8959/2/3
f 8964/2/3 8960/2/3 8963/2/3
f 8965/2/3 8962/2/3 8961/2/3
f 8966/2/3 8962/2/3 8965/2/3
f 8971/2/3 8968/2/3 8967/2/3
f 8972/2/3 8968/2/3 8971/2/3
f 8973/2/3 8970/2/3 8969/2/3
f 8974/2/3 8970/2/3 8973/2/3
f 8979/2/3 8976/2/3 8975/2/3
f 8980/2/3 8976/2/3 8979/2/3
f 8985/2/3 8978/2/3 8977/2/3
f 8986/2/3 8978/2/3 8985/2/3
f 8987/2/3 8982/2/3 8981/2/3
f 8988/2/3 8982/2/3 8987/2/3
f 8989/2/3 8984/2/3 8983/2/3
f 8990/2/3 8984/2/3 8989/2/3
f 8995/2/3 8992/2/3 8991/2/3
f 8996/2/3 8992/2/3 8995/2/3
f 8997/2/3 8994/2/3 8993/2/3
f 8998/2/3 8994/2/3 8997/2/3
f 9003/2/3 9000/2/3 8999/2/3
f 9004/2/3 9000/2/3 9003/2/3
f 9005/2/3 9002/2/3 9001/2/3
f 9006/2/3 9002/2/3 9005/2/3
f 9011/2/3 9008/2/3 9007/2/3
f 9012/2/3 9008/2/3 9011/2/3
f 9013/2/3 9010/2/3 9009/2/3
f 9014/2/3 9010/2/3 9013/2/3
f 9019/2/3 9016/2/3 9015/2/3
f 9020/2/3 9016/2/3 9019/2/3
f 9021/2/3 9018/2/3 9017/2/3
f 9022/2/3 9018/2/3 9021/2/3
f 9027/2/3 9024/2/3 9023/2/3
f 9028/2/3 9024/2/3 9027/2/3
f 9029/2/3 9026/2/3 9025/2/3
f 9030/2/3 9026/2/3 9029/2/3
f 9035/2/3 9032/2/3 9031/2/3
f 9036/2/3 9032/2/3 9035/2/3
f 9037/2/3 9034/2/3 9033/2/3
f 9038/2/3 9034/2/3 9037/2/3
f 9043/2/3 9040/2/3 9039/2/3
f 9044/2/3 9040/2/3 9043/2/3
f 9045/2/3 9042/2/3 9041/2/3
f 9046/2/3 9042/2/3 9045/2/3
f 9051/2/3 9048/2/3 9047/2/3
f 9052/2/3 9048/2/3 9051/2/3
f 9053/2/3 9050/2/3 9049/2/3
f 9054/2/3 9050/2/3 9053/2/3
f 9061/2/3 9056/2/3 9055/2/3
f 9062/2/3 9056/2/3 9061/2/3
f 9063/2/3 9058/2/3 9057/2/3
f 9064/2/3 9058/2/3 9063/2/3
f 9067/2/3 9060/2/3 9059/2/3
f 9068/2/3 9060/2/3 9067/2/3
f 9069/2/3 9066/2/3 9065/2/3
f 9070/2/3 9066/2/3 9069/2/3
f 9077/2/3 9072/2/3 9071/2/3
f 9078/2/3 9072/2/3 9077/2/3
f 9079/2/3 9074/2/3 9073/2/3
f 9080/2/3 9074/2/3 9079/2/3
f 9083/2/3 9076/2/3 9075/2/3
f 9084/2/3 9076/2/3 9083/2/3
f 9085/2/3 9082/2/3 9081/2/3
f 9086/2/3 9082/2/3 9085/2/3
f 9091/2/3 9088/2/3 9087/2/3
f 9092/2/3 9088/2/3 9091/2/3
f 9093/2/3 9090/2/3 9089/2/3
f 9094/2/3 9090/2/3 9093/2/3
f 9099/2/3 9096/2/3 9095/2/3
f 9100/2/3 9096/2/3 9099/2/3
f 9101/2/3 9098/2/3 9097/2/3
f 9102/2/3 9098/2/3 9101/2/3
f 9107/2/3 9104/2/3 9103/2/3
f 9108/2/3 9104/2/3 9107/2/3
f 9113/2/3 9106/2/3 9105/2/3
f 9114/2/3 9106/2/3 9113/2/3
f 9115/2/3 9110/2/3 9109/2/3
f 9116/2/3 9110/2/3 9115/2/3
f 9117/2/3 9112/2/3 9111/2/3
f 9118/2/3 9112/2/3 9117/2/3
f 9123/2/3 9120/2/3 9119/2/3
f 9124/2/3 9120/2/3 9123/2/3
f 9129/2/3 9122/2/3 9121/2/3
f 9130/2/3 9122/2/3 9129/2/3
f 9131/2/3 9126/2/3 9125/2/3
f 9132/2/3 9126/2/3 9131/2/3
f 9133/2/3 9128/2/3 9127/2/3
f 9134/2/3 9128/2/3 9133/2/3
f 9141/2/3 9136/2/3 9135/2/3
f 9142/2/3 9136/2/3 9141/2/3
f 9143/2/3 9138/2/3 9137/2/3
f 9144/2/3 9138/2/3 9143/2/3
f 9147/2/3 9140/2/3 9139/2/3
f 9148/2/3 9140/2/3 9147/2/3
f 9149/2/3 9146/2/3 9145/2/3
f 9150/2/3 9146/2/3 9149/2/3
f 9157/2/3 9152/2/3 9151/2/3
f 9158/2/3 9152/2/3 9157/2/3
f 9159/2/3 9154/2/3 9153/2/3
f 9160/2/3 9154/2/3 9159/2/3
f 9163/2/3 9156/2/3 9155/2/3
f 9164/2/3 9156/2/3 9163/2/3
f 9165/2/3 9162/2/3 9161/2/3
f 9166/2/3 9162/2/3 9165/2/3
f 9171/2/3 9168/2/3 9167/2/3
f 9172/2/3 9168/2/3 9171/2/3
f 9173/2/3 9170/2/3 9169/2/3
f 9174/2/3 9170/2/3 9173/2/3
f 9179/2/3 9176/2/3 9175/2/3
f 9180/2/3 9176/2/3 9179/2/3
f 9181/2/3 9178/2/3 9177/2/3
f 9182/2/3 9178/2/3 9181/2/3
f 9187/2/3 9184/2/3 9183/2/3
f 9188/2/3 9184/2/3 9187/2/3
f 9193/2/3 9186/2/3 9185/2/3
f 9194/2/3 9186/2/3 9193/2/3
f 9195/2/3 9190/2/3 9189/2/3
f 9196/2/3 9190/2/3 9195/2/3
f 9197/2/3 9192/2/3 9191/2/3
f 9198/2/3 9192/2/3 9197/2/3
f 9203/2/3 9200/2/3 9199/2/3
f 9204/2/3 9200/2/3 9203/2/3
f 9209/2/3 9202/2/3 9201/2/3
f 9210/2/3 9202/2/3 9209/2/3
f 9211/2/3 9206/2/3 9205/2/3
f 9212/2/3 9206/2/3 9211/2/3
f 9213/2/3 9208/2/3 9207/2/3
f 9214/2/3 9208/2/3 9213/2/3
f 9219/2/3 9216/2/3 9215/2/3
f 9220/2/3 9216/2/3 9219/2/3
f 9223/2/3 9218/2/3 9217/2/3
f 9224/2/3 9218/2/3 9223/2/3
f 9225/2/3 9222/2/3 9221/2/3
f 9226/2/3 9222/2/3 9225/2/3
f 9233/2/3 9228/2/3 9227/2/3
f 9234/2/3 9228/2/3 9233/2/3
f 9235/2/3 9230/2/3 9229/2/3
f 9236/2/3 9230/2/3 9235/2/3
f 9239/2/3 9232/2/3 9231/2/3
f 9240/2/3 9232/2/3 9239/2/3
f 9241/2/3 9238/2/3 9237/2/3
f 9242/2/3 9238/2/3 9241/2/3
f 9247/2/3 9244/2/3 9243/2/3
f 9248/2/3 9244/2/3 9247/2/3
f 9249/2/3 9246/2/3 9245/2/3
f 9250/2/3 9246/2/3 9249/2/3
f 9255/2/3 9252/2/3 9251/2/3
f 9256/2/3 9252/2/3 9255/2/3
f 9261/2/3 9254/2/3 9253/2/3
f 9262/2/3 9254/2/3 9261/2/3
f 9263/2/3 9258/2/3 9257/2/3
f 9264/2/3 9258/2/3 9263/2/3
f 9265/2/3 9260/2/3 9259/2/3
f 9266/2/3 9260/2/3 9265/2/3
f 9271/2/3 9268/2/3 9267/2/3
f 9272/2/3 9268/2/3 9271/2/3
f 9275/2/3 9270/2/3 9269/2/3
f 9276/2/3 9270/2/3 9275/2/3
f 9277/2/3 9274/2/3 9273/2/3
f 9278/2/3 9274/2/3 9277/2/3
f 9285/2/3 9280/2/3 9279/2/3
f 9286/2/3 9280/2/3 9285/2/3
f 9287/2/3 9282/2/3 9281/2/3
f 9288/2/3 9282/2/3 9287/2/3
f 9291/2/3 9284/2/3 9283/2/3
f 9292/2/3 9284/2/3 9291/2/3
f 9293/2/3 9290/2/3 9289/2/3
f 9294/2/3 9290/2/3 9293/2/3
f 9299/2/3 9296/2/3 9295/2/3
f 9300/2/3 9296/2/3 9299/2/3
f 9301/2/3 9298/2/3 9297/2/3
f 9302/2/3 9298/2/3 9301/2/3
f 9307/2/3 9304/2/3 9303/2/3
f 9308/2/3 9304/2/3 9307/2/3
f 9309/2/3 9306/2/3 9305/2/3
f 9310/2/3 9306/2/3 9309/2/3
f 9315/2/3 9312/2/3 9311/2/3
f 9316/2/3 9312/2/3 9315/2/3
f 9317/2/3 9314/2/3 9313/2/3
f 9318/2/3 9314/2/3 9317/2/3
f 9323/2/3 9320/2/3 9319/2/3
f 9324/2/3 9320/2/3 9323/2/3
f 9325/2/3 9322/2/3 9321/2/3
f 9326/2/3 9322/2/3 9325/2/3
f 9331/2/3 9328/2/3 9327/2/3
f 9332/2/3 9328/2/3 9331/2/3
f 9337/2/3 9330/2/3 9329/2/3
f 9338/2/3 9330/2/3 9337/2/3
f 9339/2/3 9334/2/3 9333/2/3
f 9340/2/3 9334/2/3 9339/2/3
f 9341/2/3 9336/2/3 9335/2/3
f 9342/2/3 9336/2/3 9341/2/3
f 9349/2/3 9344/2/3 9343/2/3
f 9350/2/3 9344/2/3 9349/2/3
f 9351/2/3 9346/2/3 9345/2/3
f 9352/2/3 9346/2/3 9351/2/3
f 9357/2/3 9348/2/3 9347/2/3
f 9358/2/3 9348/2/3 9357/2/3
f 9359/2/3 9354/2/3 9353/2/3
f 9360/2/3 9354/2/3 9359/2/3
f 9364/2/3 9356/2/3 9355/2/3
f 9365/2/3 9356/2/3 9364/2/3
f 9366/2/3 9362/2/3 9361/2/3
f 9367/2/3 9362/2/3 9366/2/3
f 9370/2/3 9364/2/3 9363/2/3
f 9371/2/3 9364/2/3 9370/2/3
f 9372/2/3 9368/2/3 9367/2/3
f 9373/2/3 9368/2/3 9372/2/3
f 9376/2/3 9370/2/3 9369/2/3
f 9377/2/3 9370/2/3 9376/2/3
f 9378/2/3 9374/2/3 9373/2/3
f 9379/2/3 9374/2/3 9378/2/3
f 9381/2/3 9376/2/3 9375/2/3
f 9382/2/3 9376/2/3 9381/2/3
f 9383/2/3 9380/2/3 9379/2/3
f 9384/2/3 9380/2/3 9383/2/3
f 9389/2/3 9386/2/3 9385/2/3
f 9390/2/3 9386/2/3 9389/2/3
f 9391/2/3 9388/2/3 9387/2/3
f 9392/2/3 9388/2/3 9391/2/3
f 9397/2/3 9394/2/3 9393/2/3
f 9398/2/3 9394/2/3 9397/2/3
f 9399/2/3 9396/2/3 9395/2/3
f 9400/2/3 9396/2/3 9399/2/3
f 9405/2/3 9402/2/3 9401/2/3
f 9406/2/3 9402/2/3 9405/2/3
f 9407/2/3 9404/2/3 9403/2/3
f 9408/2/3 9404/2/3 9407/2/3
f 9413/2/3 9410/2/3 9409/2/3
f 9414/2/3 9410/2/3 9413/2/3
f 9415/2/3 9412/2/3 9411/2/3
f 9416/2/3 9412/2/3 9415/2/3
f 9421/2/3 9418/2/3 9417/2/3
f 9422/2/3 9418/2/3 9421/2/3
f 9425/2/3 9420/2/3 9419/2/3
f 9426/2/3 9420/2/3 9425/2/3
f 9427/2/3 9423/2/3 9422/2/3
f 9428/2/3 9423/2/3 9427/2/3
f 9431/2/3 9425/2/3 9424/2/3
f 9432/2/3 9425/2/3 9431/2/3
f 9433/2/3 9429/2/3 9428/2/3
f 9434/2/3 9429/2/3 9433/2/3
f 9437/2/3 9431/2/3 9430/2/3
f 9438/2/3 9431/2/3 9437/2/3
f 9439/2/3 9435/2/3 9434/2/3
f 9440/2/3 9435/2/3 9439/2/3
f 9445/2/3 9437/2/3 9436/2/3
f 9446/2/3 9437/2/3 9445/2/3
f 9447/2/3 9442/2/3 9441/2/3
f 9448/2/3 9442/2/3 9447/2/3
f 9453/2/3 9444/2/3 9443/2/3
f 9454/2/3 9444/2/3 9453/2/3
f 9455/2/3 9450/2/3 9449/2/3
f 9456/2/3 9450/2/3 9455/2/3
f 9457/2/3 9452/2/3 9451/2/3
f 9458/2/3 9452/2/3 9457/2/3
f 9463/2/3 9460/2/3 9459/2/3
f 9464/2/3 9460/2/3 9463/2/3
f 9469/2/3 9462/2/3 9461/2/3
f 9470/2/3 9462/2/3 9469/2/3
f 9471/2/3 9466/2/3 9465/2/3
f 9472/2/3 9466/2/3 9471/2/3
f 9476/2/3 9468/2/3 9467/2/3
f 9477/2/3 9468/2/3 9476/2/3
f 9478/2/3 9474/2/3 9473/2/3
f 9479/2/3 9474/2/3 9478/2/3
f 9482/2/3 9476/2/3 9475/2/3
f 9483/2/3 9476/2/3 9482/2/3
f 9484/2/3 9480/2/3 9479/2/3
f 9485/2/3 9480/2/3 9484/2/3
f 9488/2/3 9482/2/3 9481/2/3
f 9489/2/3 9482/2/3 9488/2/3
f 9490/2/3 9486/2/3 9485/2/3
f 9491/2/3 9486/2/3 9490/2/3
f 9494/2/3 9488/2/3 9487/2/3
f 9495/2/3 9488/2/3 9494/2/3
f 9496/2/3 9492/2/3 9491/2/3
f 9497/2/3 9492/2/3 9496/2/3
f 9499/2/3 9494/2/3 9493/2/3
f 9500/2/3 9494/2/3 9499/2/3
f 9501/2/3 9498/2/3 9497/2/3
f 9502/2/3 9498/2/3 9501/2/3
f 9507/2/3 9504/2/3 9503/2/3
f 9508/2/3 9504/2/3 9507/2/3
f 9509/2/3 9506/2/3 9505/2/3
f 9510/2/3 9506/2/3 9509/2/3
f 9515/2/3 9512/2/3 9511/2/3
f 9516/2/3 9512/2/3 9515/2/3
f 9517/2/3 9514/2/3 9513/2/3
f 9518/2/3 9514/2/3 9517/2/3
f 9523/2/3 9520/2/3 9519/2/3
f 9524/2/3 9520/2/3 9523/2/3
f 9525/2/3 9522/2/3 9521/2/3
f 9526/2/3 9522/2/3 9525/2/3
f 9531/2/3 9528/2/3 9527/2/3
f 9532/2/3 9528/2/3 9531/2/3
f 9535/2/3 9530/2/3 9529/2/3
f 9536/2/3 9530/2/3 9535/2/3
f 9537/2/3 9533/2/3 9532/2/3
f 9538/2/3 9533/2/3 9537/2/3
f 9541/2/3 9535/2/3 9534/2/3
f 9542/2/3 9535/2/3 9541/2/3
f 9543/2/3 9539/2/3 9538/2/3
f 9544/2/3 9539/2/3 9543/2/3
f 9547/2/3 9541/2/3 9540/2/3
f 9548/2/3 9541/2/3 9547/2/3
f 9549/2/3 9545/2/3 9544/2/3
f 9550/2/3 9545/2/3 9549/2/3
f 9553/2/3 9547/2/3 9546/2/3
f 9554/2/3 9547/2/3 9553/2/3
f 9555/2/3 9551/2/3 9550/2/3
f 9556/2/3 9551/2/3 9555/2/3
f 9561/2/3 9553/2/3 9552/2/3
f 9562/2/3 9553/2/3 9561/2/3
f 9563/2/3 9558/2/3 9557/2/3
f 9564/2/3 9558/2/3 9563/2/3
f 9567/2/3 9560/2/3 9559/2/3
f 9568/2/3 9560/2/3 9567/2/3
f 9569/2/3 9566/2/3 9565/2/3
f 9570/2/3 9566/2/3 9569/2/3
f 9575/3/3 9572/3/3 9571/3/3
f 9576/3/3 9572/3/3 9575/3/3
f 9577/3/3 9574/3/3 9573/3/3
f 9578/3/3 9574/3/3 9577/3/3
f 9583/3/3 9580/3/3 9579/3/3
f 9584/3/3 9580/3/3 9583/3/3
f 9585/3/3 9582/3/3 9581/3/3
f 9586/3/3 9582/3/3 9585/3/3
f 9591/3/3 9588/3/3 9587/3/3
f 9592/3/3 9588/3/3 9591/3/3
f 9593/3/3 9590/3/3 9589/3/3
f 9594/3/3 9590/3/3 9593/3/3
f 9599/3/3 9596/3/3 9595/3/3
f 9600/3/3 9596/3/3 9599/3/3
f 9601/3/3 9598/3/3 9597/3/3
f 9602/3/3 9598/3/3 9601/3/3
f 9605/3/3 9604/3/3 9603/3/3
f 9606/3/3 9604/3/3 9605/3/3
f 9609/3/3 9608/3/3 9607/3/3
f 9610/3/3 9608/3/3 9609/3/3
f 9613/3/3 9612/3/3 9611/3/3
f 9614/3/3 9612/3/3 9613/3/3
f 9617/3/3 9616/3/3 9615/3/3
f 9618/3/3 9616/3/3 9617/3/3
f 9621/3/3 9620/3/3 9619/3/3
f 9622/3/3 9620/3/3 9621/3/3
f 9627/2/3 9624/2/3 9623/2/3
f 9628/2/3 9624/2/3 9627/2/3
f 9633/2/3 9626/2/3 9625/2/3
f 9634/2/3 9626/2/3 9633/2/3
f 9635/2/3 9630/2/3 9629/2/3
f 9636/2/3 9630/2/3 9635/2/3
f 9641/2/3 9632/2/3 9631/2/3
f 9642/2/3 9632/2/3 9641/2/3
f 9643/2/3 9638/2/3 9637/2/3
f 9644/2/3 9638/2/3 9643/2/3
f 9648/2/3 9640/2/3 9639/2/3
f 9649/2/3 9640/2/3 9648/2/3
f 9650/2/3 9646/2/3 9645/2/3
f 9651/2/3 9646/2/3 9650/2/3
f 9653/2/3 9648/2/3 9647/2/3
f 9654/2/3 9648/2/3 9653/2/3
f 9655/2/3 9652/2/3 9651/2/3
f 9656/2/3 9652/2/3 9655/2/3
f 9662/2/3 9658/2/3 9657/2/3
f 9663/2/3 9658/2/3 9662/2/3
f 9664/2/3 9660/2/3 9659/2/3
f 9665/2/3 9660/2/3 9664/2/3
f 9667/2/3 9662/2/3 9661/2/3
f 9668/2/3 9662/2/3 9667/2/3
f 9669/2/3 9666/2/3 9665/2/3
f 9670/2/3 9666/2/3 9669/2/3
f 9673/2/3 9672/2/3 9671/2/3
f 9674/2/3 9672/2/3 9673/2/3
f 9677/2/3 9676/2/3 9675/2/3
f 9678/2/3 9676/2/3 9677/2/3
f 9681/2/3 9680/2/3 9679/2/3
f 9682/2/3 9680/2/3 9681/2/3
f 9685/2/3 9684/2/3 9683/2/3
f 9686/2/3 9684/2/3 9685/2/3
f 9689/2/3 9688/2/3 9687/2/3
f 9690/2/3 9688/2/3 9689/2/3
f 9693/2/3 9692/2/3 9691/2/3
f 9694/2/3 9692/2/3 9693/2/3
f 9696/2/3 9695/2/3 9694/2/3
f 9697/2/3 9695/2/3 9696/2/3
f 9700/2/3 9699/2/3 9698/2/3
f 9701/2/3 9699/2/3 9700/2/3
f 9703/2/3 9702/2/3 9701/2/3
f 9704/2/3 9702/2/3 9703/2/3
f 9707/2/3 9706/2/3 9705/2/3
f 9708/2/3 9706/2/3 9707/2/3
f 9715/2/3 9710/2/3 9709/2/3
f 9716/2/3 9710/2/3 9715/2/3
f 9717/2/3 9712/2/3 9711/2/3
f 9718/2/3 9712/2/3 9717/2/3
f 9723/2/3 9714/2/3 9713/2/3
f 9724/2/3 9714/2/3 9723/2/3
f 9725/2/3 9720/2/3 9719/2/3
f 9726/2/3 9720/2/3 9725/2/3
f 9731/2/3 9722/2/3 9721/2/3
f 9732/2/3 9722/2/3 9731/2/3
f 9733/2/3 9728/2/3 9727/2/3
f 9734/2/3 9728/2/3 9733/2/3
f 9738/2/3 9730/2/3 9729/2/3
f 9739/2/3 9730/2/3 9738/2/3
f 9740/2/3 9736/2/3 9735/2/3
f 9741/2/3 9736/2/3 9740/2/3
f 9744/2/3 9738/2/3 9737/2/3
f 9745/2/3 9738/2/3 9744/2/3
f 9746/2/3 9742/2/3 9741/2/3
f 9747/2/3 9742/2/3 9746/2/3
f 9750/2/3 9744/2/3 9743/2/3
f 9751/2/3 9744/2/3 9750/2/3
f 9752/2/3 9748/2/3 9747/2/3
f 9753/2/3 9748/2/3 9752/2/3
f 9755/2/3 9750/2/3 9749/2/3
f 9756/2/3 9750/2/3 9755/2/3
f 9757/2/3 9754/2/3 9753/2/3
f 9758/2/3 9754/2/3 9757/2/3
f 9761/2/3 9760/2/3 9759/2/3
f 9762/2/3 9760/2/3 9761/2/3
f 9765/2/3 9764/2/3 9763/2/3
f 9766/2/3 9764/2/3 9765/2/3
f 9769/2/3 9768/2/3 9767/2/3
f 9770/2/3 9768/2/3 9769/2/3
f 9773/2/3 9772/2/3 9771/2/3
f 9774/2/3 9772/2/3 9773/2/3
f 9777/2/3 9776/2/3 9775/2/3
f 9778/2/3 9776/2/3 9777/2/3
f 9781/2/3 9780/2/3 9779/2/3
f 9782/2/3 9780/2/3 9781/2/3
f 9785/2/3 9784/2/3 9783/2/3
f 9786/2/3 9784/2/3 9785/2/3
f 9788/2/3 9787/2/3 9786/2/3
f 9789/2/3 9787/2/3 9788/2/3
f 9791/2/3 9790/2/3 9789/2/3
f 9792/2/3 9790/2/3 9791/2/3
f 9794/2/3 9793/2/3 9792/2/3
f 9795/2/3 9793/2/3 9794/2/3
f 9798/2/3 9797/2/3 9796/2/3
f 9799/2/3 9797/2/3 9798/2/3
f 9806/2/3 9801/2/3 9800/2/3
f 9807/2/3 9801/2/3 9806/2/3
f 9808/2/3 9803/2/3 9802/2/3
f 9809/2/3 9803/2/3 9808/2/3
f 9814/2/3 9805/2/3 9804/2/3
f 9815/2/3 9805/2/3 9814/2/3
f 9816/2/3 9811/2/3 9810/2/3
f 9817/2/3 9811/2/3 9816/2/3
f 9820/2/3 9813/2/3 9812/2/3
f 9821/2/3 9813/2/3 9820/2/3
f 9822/2/3 9819/2/3 9818/2/3
f 9823/2/3 9819/2/3 9822/2/3
f 9828/2/3 9825/2/3 9824/2/3
f 9829/2/3 9825/2/3 9828/2/3
f 9830/2/3 9827/2/3 9826/2/3
f 9831/2/3 9827/2/3 9830/2/3
f 9834/2/3 9833/2/3 9832/2/3
f 9835/2/3 9833/2/3 9834/2/3
f 9840/2/3 9837/2/3 9836/2/3
f 9841/2/3 9837/2/3 9840/2/3
f 9842/2/3 9839/2/3 9838/2/3
f 9843/2/3 9839/2/3 9842/2/3
f 9846/2/3 9845/2/3 9844/2/3
f 9847/2/3 9845/2/3 9846/2/3
f 9850/2/3 9849/2/3 9848/2/3
f 9851/2/3 9849/2/3 9850/2/3
f 9854/2/3 9853/2/3 9852/2/3
f 9855/2/3 9853/2/3 9854/2/3
f 9860/2/3 9857/2/3 9856/2/3
f 9861/2/3 9857/2/3 9860/2/3
f 9862/2/3 9859/2/3 9858/2/3
f 9863/2/3 9859/2/3 9862/2/3
f 9866/2/3 9865/2/3 9864/2/3
f 9867/2/3 9865/2/3 9866/2/3
f 9870/2/3 9869/2/3 9868/2/3
f 9871/2/3 9869/2/3 9870/2/3
f 9874/2/3 9873/2/3 9872/2/3
f 9875/2/3 9873/2/3 9874/2/3
f 9880/2/3 9877/2/3 9876/2/3
f 9881/2/3 9877/2/3 9880/2/3
f 9886/2/3 9879/2/3 9878/2/3
f 9887/2/3 9879/2/3 9886/2/3
f 9892/2/3 9883/2/3 9882/2/3
f 9893/2/3 9883/2/3 9892/2/3
f 9894/2/3 9885/2/3 9884/2/3
f 9895/2/3 9885/2/3 9894/2/3
f 9901/2/3 9889/2/3 9888/2/3
f 9902/2/3 9889/2/3 9901/2/3
f 9903/2/3 9891/2/3 9890/2/3
f 9904/2/3 9891/2/3 9903/2/3
f 9905/2/3 9897/2/3 9896/2/3
f 9906/2/3 9897/2/3 9905/2/3
f 9907/2/3 9899/2/3 9898/2/3
f 9908/2/3 9899/2/3 9907/2/3
f 9911/2/3 9901/2/3 9900/2/3
f 9912/2/3 9901/2/3 9911/2/3
f 9917/2/3 9909/2/3 9908/2/3
f 9918/2/3 9909/2/3 9917/2/3
f 9920/2/3 9911/2/3 9910/2/3
f 9921/2/3 9911/2/3 9920/2/3
f 9922/2/3 9914/2/3 9913/2/3
f 9923/2/3 9914/2/3 9922/2/3
f 9924/2/3 9916/2/3 9915/2/3
f 9925/2/3 9916/2/3 9924/2/3
f 9926/2/3 9919/2/3 9918/2/3
f 9927/2/3 9919/2/3 9926/2/3
f 9932/2/3 9929/2/3 9928/2/3
f 9933/2/3 9929/2/3 9932/2/3
f 9934/2/3 9931/2/3 9930/2/3
f 9935/2/3 9931/2/3 9934/2/3
f 9938/2/3 9937/2/3 9936/2/3
f 9939/2/3 9937/2/3 9938/2/3
f 9942/2/3 9941/2/3 9940/2/3
f 9943/2/3 9941/2/3 9942/2/3
f 9946/2/3 9945/2/3 9944/2/3
f 9947/2/3 9945/2/3 9946/2/3
f 9950/2/3 9949/2/3 9948/2/3
f 9951/2/3 9949/2/3 9950/2/3
f 9954/2/3 9953/2/3 9952/2/3
f 9955/2/3 9953/2/3 9954/2/3
f 9958/2/3 9957/2/3 9956/2/3
f 9959/2/3 9957/2/3 9958/2/3
f 9962/2/3 9961/2/3 9960/2/3
f 9963/2/3 9961/2/3 9962/2/3
f 9968/2/3 9965/2/3 9964/2/3
f 9969/2/3 9965/2/3 9968/2/3
f 9971/2/3 9967/2/3 9966/2/3
f 9972/2/3 9967/2/3 9971/2/3
f 9973/2/3 9970/2/3 9969/2/3
f 9974/2/3 9970/2/3 9973/2/3
f 9976/2/3 9975/2/3 9974/2/3
f 9977/2/3 9975/2/3 9976/2/3
f 9984/2/3 9979/2/3 9978/2/3
f 9985/2/3 9979/2/3 9984/2/3
f 9986/2/3 9981/2/3 9980/2/3
f 9987/2/3 9981/2/3 9986/2/3
f 9990/2/3 9983/2/3 9982/2/3
f 9991/2/3 9983/2/3 9990/2/3
f 9992/2/3 9989/2/3 9988/2/3
f 9993/2/3 9989/2/3 9992/2/3
f 10000/2/3 9995/2/3 9994/2/3
f 10001/2/3 9995/2/3 10000/2/3
f 10002/2/3 9997/2/3 9996/2/3
f 10003/2/3 9997/2/3 10002/2/3
f 10004/2/3 9999/2/3 9998/2/3
f 10005/2/3 9999/2/3 10004/2/3
f 10010/2/3 10007/2/3 10006/2/3
f 10011/2/3 10007/2/3 10010/2/3
f 10012/2/3 10009/2/3 10008/2/3
f 10013/2/3 10009/2/3 10012/2/3
f 10016/2/3 10015/2/3 10014/2/3
f 10017/2/3 10015/2/3 10016/2/3
f 10022/2/3 10019/2/3 10018/2/3
f 10023/2/3 10019/2/3 10022/2/3
f 10026/2/3 10025/2/3 10024/2/3
f 10027/2/3 10025/2/3 10026/2/3
f 10028/2/3 10021/2/3 10020/2/3
f 10029/2/3 10021/2/3 10028/2/3
f 10032/2/3 10031/2/3 10030/2/3
f 10033/2/3 10031/2/3 10032/2/3
f 10038/2/3 10035/2/3 10034/2/3
f 10039/2/3 10035/2/3 10038/2/3
f 10040/2/3 10037/2/3 10036/2/3
f 10041/2/3 10037/2/3 10040/2/3
f 10044/2/3 10043/2/3 10042/2/3
f 10045/2/3 10043/2/3 10044/2/3
f 10050/2/3 10047/2/3 10046/2/3
f 10051/2/3 10047/2/3 10050/2/3
f 10052/2/3 10049/2/3 10048/2/3
f 10053/2/3 10049/2/3 10052/2/3
f 10060/2/3 10055/2/3 10054/2/3
f 10061/2/3 10055/2/3 10060/2/3
f 10062/2/3 10057/2/3 10056/2/3
f 10063/2/3 10057/2/3 10062/2/3
f 10064/2/3 10059/2/3 10058/2/3
f 10065/2/3 10059/2/3 10064/2/3
f 10068/2/3 10067/2/3 10066/2/3
f 10069/2/3 10067/2/3 10068/2/3
f 10072/2/3 10071/2/3 10070/2/3
f 10073/2/3 10071/2/3 10072/2/3
f 10076/2/3 10075/2/3 10074/2/3
f 10077/2/3 10075/2/3 10076/2/3
f 10080/2/3 10079/2/3 10078/2/3
f 10081/2/3 10079/2/3 10080/2/3
f 10084/2/3 10083/2/3 10082/2/3
f 10085/2/3 10083/2/3 10084/2/3
f 10092/2/3 10087/2/3 10086/2/3
f 10093/2/3 10087/2/3 10092/2/3
f 10094/2/3 10089/2/3 10088/2/3
f 10095/2/3 10089/2/3 10094/2/3
f 10098/2/3 10091/2/3 10090/2/3
f 10099/2/3 10091/2/3 10098/2/3
f 10100/2/3 10097/2/3 10096/2/3
f 10101/2/3 10097/2/3 10100/2/3
f 10108/2/3 10103/2/3 10102/2/3
f 10109/2/3 10103/2/3 10108/2/3
f 10110/2/3 10105/2/3 10104/2/3
f 10111/2/3 10105/2/3 10110/2/3
f 10114/2/3 10107/2/3 10106/2/3
f 10115/2/3 10107/2/3 10114/2/3
f 10117/2/3 10113/2/3 10112/2/3
f 10118/2/3 10113/2/3 10117/2/3
f 10120/2/3 10117/2/3 10116/2/3
f 10121/2/3 10117/2/3 10120/2/3
f 10123/2/3 10120/2/3 10119/2/3
f 10124/2/3 10120/2/3 10123/2/3
f 10127/2/3 10123/2/3 10122/2/3
f 10128/2/3 10123/2/3 10127/2/3
f 10129/2/3 10126/2/3 10125/2/3
f 10130/2/3 10126/2/3 10129/2/3
f 10133/2/3 10132/2/3 10131/2/3
f 10134/2/3 10132/2/3 10133/2/3
f 10139/2/3 10136/2/3 10135/2/3
f 10140/2/3 10136/2/3 10139/2/3
f 10141/2/3 10138/2/3 10137/2/3
f 10142/2/3 10138/2/3 10141/2/3
f 10147/2/3 10146/2/3 10145/2/3
f 10148/2/3 10146/2/3 10147/2/3
f 10149/2/3 10144/2/3 10143/2/3
f 10150/2/3 10144/2/3 10149/2/3
f 10153/2/3 10152/2/3 10151/2/3
f 10154/2/3 10152/2/3 10153/2/3
f 10157/2/3 10156/2/3 10155/2/3
f 10158/2/3 10156/2/3 10157/2/3
f 10163/2/3 10160/2/3 10159/2/3
f 10164/2/3 10160/2/3 10163/2/3
f 10167/2/3 10162/2/3 10161/2/3
f 10168/2/3 10162/2/3 10167/2/3
f 10170/2/3 10166/2/3 10165/2/3
f 10171/2/3 10166/2/3 10170/2/3
f 10175/2/3 10170/2/3 10169/2/3
f 10176/2/3 10170/2/3 10175/2/3
f 10177/2/3 10173/2/3 10172/2/3
f 10178/2/3 10173/2/3 10177/2/3
f 10180/2/3 10175/2/3 10174/2/3
f 10181/2/3 10175/2/3 10180/2/3
f 10183/2/3 10180/2/3 10179/2/3
f 10184/2/3 10180/2/3 10183/2/3
f 10185/2/3 10183/2/3 10182/2/3
f 10186/2/3 10183/2/3 10185/2/3
f 10189/2/3 10188/2/3 10187/2/3
f 10190/2/3 10188/2/3 10189/2/3
f 10193/2/3 10192/2/3 10191/2/3
f 10194/2/3 10192/2/3 10193/2/3
f 10201/2/3 10196/2/3 10195/2/3
f 10202/2/3 10196/2/3 10201/2/3
f 10203/2/3 10198/2/3 10197/2/3
f 10204/2/3 10198/2/3 10203/2/3
f 10206/2/3 10200/2/3 10199/2/3
f 10207/2/3 10200/2/3 10206/2/3
f 10208/2/3 10206/2/3 10205/2/3
f 10209/2/3 10206/2/3 10208/2/3
f 10212/2/3 10211/2/3 10210/2/3
f 10213/2/3 10211/2/3 10212/2/3
f 10218/2/3 10215/2/3 10214/2/3
f 10219/2/3 10215/2/3 10218/2/3
f 10220/2/3 10217/2/3 10216/2/3
f 10221/2/3 10217/2/3 10220/2/3
f 10224/2/3 10223/2/3 10222/2/3
f 10225/2/3 10223/2/3 10224/2/3
f 10228/2/3 10227/2/3 10226/2/3
f 10229/2/3 10227/2/3 10228/2/3
f 10230/1/4 10231/1/4 10235/1/4
f 10235/1/4 10231/1/4 10236/1/4
f 10232/1/4 10233/1/4 10237/1/4
f 10237/1/4 10233/1/4 10238/1/4
f 10234/1/4 10235/1/4 10239/1/4
f 10239/1/4 10235/1/4 10240/1/4
f 10241/1/4 10242/1/4 10243/1/4
f 10243/1/4 10242/1/4 10244/1/4
f 10245/1/4 10246/1/4 10247/1/4
f 10247/1/4 10246/1/4 10248/1/4
f 10249/1/4 10250/1/4 10251/1/4
f 10251/1/4 10250/1/4 10252/1/4
f 10253/2/4 10254/2/4 10259/2/4
f 10259/2/4 10254/2/4 10260/2/4
f 10255/2/4 10256/2/4 10261/2/4
f 10261/2/4 10256/2/4 10262/2/4
f 10257/2/4 10258/2/4 10263/2/4
f 10263/2/4 10258/2/4 10264/2/4
f 10265/2/4 10266/2/4 10267/2/4
f 10267/2/4 10266/2/4 10268/2/4
f 10269/2/4 10270/2/4 10271/2/4
f 10271/2/4 10270/2/4 10272/2/4
f 10273/2/4 10274/2/4 10275/2/4
f 10275/2/4 10274/2/4 10276/2/4
f 10277/2/4 10278/2/4 10279/2/4
f 10279/2/4 10278/2/4 10280/2/4
f 10281/2/4 10282/2/4 10283/2/4
f 10283/2/4 10282/2/4 10284/2/4
f 10285/2/4 10286/2/4 10289/2/4
f 10289/2/4 10286/2/4 10290/2/4
f 10287/2/4 10288/2/4 10291/2/4
f 10291/2/4 10288/2/4 10292/2/4
f 10292/2/4 10293/2/4 10294/2/4
f 10294/2/4 10293/2/4 10295/2/4
f 10296/2/4 10297/2/4 10298/2/4
f 10298/2/4 10297/2/4 10299/2/4
f 10300/2/4 10301/2/4 10302/2/4
f 10302/2/4 10301/2/4 10303/2/4
f 10304/2/4 10305/2/4 10306/2/4
f 10306/2/4 10305/2/4 10307/2/4
f 10308/2/4 10309/2/4 10314/2/4
f 10314/2/4 10309/2/4 10315/2/4
f 10310/2/4 10311/2/4 10316/2/4
f 10316/2/4 10311/2/4 10317/2/4
f 10312/2/4 10313/2/4 10318/2/4
f 10318/2/4 10313/2/4 10319/2/4
f 10320/2/4 10321/2/4 10322/2/4
f 10322/2/4 10321/2/4 10323/2/4
f 10324/2/4 10325/2/4 10326/2/4
f 10326/2/4 10325/2/4 10327/2/4
f 10328/2/4 10329/2/4 10330/2/4
f 10330/2/4 10329/2/4 10331/2/4
f 10332/2/4 10333/2/4 10334/2/4
f 10334/2/4 10333/2/4 10335/2/4
f 10336/2/4 10337/2/4 10338/2/4
f 10338/2/4 10337/2/4 10339/2/4
f 10340/2/4 10341/2/4 10342/2/4
f 10342/2/4 10341/2/4 10343/2/4
f 10344/2/4 10345/2/4 10346/2/4
f 10346/2/4 10345/2/4 10347/2/4
f 10348/2/4 10349/2/4 10350/2/4
f 10350/2/4 10349/2/4 10351/2/4
f 10352/2/4 10353/2/4 10354/2/4
f 10354/2/4 10353/2/4 10355/2/4
f 10356/2/4 10357/2/4 10359/2/4
f 10359/2/4 10357/2/4 10360/2/4
f 10358/2/4 10359/2/4 10362/2/4
f 10362/2/4 10359/2/4 10363/2/4
f 10361/2/4 10362/2/4 10364/2/4
f 10364/2/4 10362/2/4 10365/2/4
f 10366/2/4 10367/2/4 10368/2/4
f 10368/2/4 10367/2/4 10369/2/4
f 10370/2/4 10371/2/4 10372/2/4
f 10372/2/4 10371/2/4 10373/2/4
f 10374/2/4 10375/2/4 10378/2/4
f 10378/2/4 10375/2/4 10379/2/4
f 10376/2/4 10377/2/4 10380/2/4
f 10380/2/4 10377/2/4 10381/2/4
f 10382/2/4 10383/2/4 10386/2/4
f 10386/2/4 10383/2/4 10387/2/4
f 10384/2/4 10385/2/4 10390/2/4
f 10390/2/4 10385/2/4 10391/2/4
f 10388/2/4 10389/2/4 10392/2/4
f 10392/2/4 10389/2/4 10393/2/4
f 10394/2/4 10395/2/4 10396/2/4
f 10396/2/4 10395/2/4 10397/2/4
f 10398/2/4 10399/2/4 10400/2/4
f 10400/2/4 10399/2/4 10401/2/4
f 10402/2/4 10403/2/4 10404/2/4
f 10404/2/4 10403/2/4 10405/2/4
f 10406/2/4 10407/2/4 10408/2/4
f 10408/2/4 10407/2/4 10409/2/4
f 10410/2/4 10411/2/4 10412/2/4
f 10412/2/4 10411/2/4 10413/2/4
f 10414/2/4 10415/2/4 10416/2/4
f 10416/2/4 10415/2/4 10417/2/4
f 10418/2/4 10419/2/4 10424/2/4
f 10424/2/4 10419/2/4 10425/2/4
f 10420/2/4 10421/2/4 10426/2/4
f 10426/2/4 10421/2/4 10427/2/4
f 10427/2/4 10421/2/4 10428/2/4
f 10422/2/4 10423/2/4 10431/2/4
f 10431/2/4 10423/2/4 10432/2/4
f 10429/2/4 10430/2/4 10435/2/4
f 10435/2/4 10430/2/4 10436/2/4
f 10433/2/4 10434/2/4 10438/2/4
f 10438/2/4 10434/2/4 10439/2/4
f 10437/2/4 10438/2/4 10441/2/4
f 10441/2/4 10438/2/4 10442/2/4
f 10440/2/4 10441/2/4 10444/2/4
f 10444/2/4 10441/2/4 10445/2/4
f 10443/2/4 10444/2/4 10446/2/4
f 10446/2/4 10444/2/4 10447/2/4
f 10448/2/4 10449/2/4 10450/2/4
f 10450/2/4 10449/2/4 10451/2/4
f 10452/2/4 10453/2/4 10454/2/4
f 10454/2/4 10453/2/4 10455/2/4
f 10456/2/4 10457/2/4 10458/2/4
f 10458/2/4 10457/2/4 10459/2/4
f 10460/2/4 10461/2/4 10462/2/4
f 10462/2/4 10461/2/4 10463/2/4
f 10464/2/4 10465/2/4 10466/2/4
f 10466/2/4 10465/2/4 10467/2/4
f 10468/2/4 10469/2/4 10470/2/4
f 10470/2/4 10469/2/4 10471/2/4
f 10472/2/4 10473/2/4 10476/2/4
f 10476/2/4 10473/2/4 10477/2/4
f 10474/2/4 10475/2/4 10480/2/4
f 10480/2/4 10475/2/4 10481/2/4
f 10478/2/4 10479/2/4 10484/2/4
f 10484/2/4 10479/2/4 10485/2/4
f 10482/2/4 10483/2/4 10487/2/4
f 10487/2/4 10483/2/4 10488/2/4
f 10486/2/4 10487/2/4 10489/2/4
f 10489/2/4 10487/2/4 10490/2/4
f 10491/2/4 10492/2/4 10494/2/4
f 10494/2/4 10492/2/4 10495/2/4
f 10493/2/4 10494/2/4 10496/2/4
f 10496/2/4 10494/2/4 10497/2/4
f 10498/2/4 10499/2/4 10500/2/4
f 10500/2/4 10499/2/4 10501/2/4
f 10502/2/4 10503/2/4 10504/2/4
f 10504/2/4 10503/2/4 10505/2/4
f 10506/2/4 10507/2/4 10508/2/4
f 10508/2/4 10507/2/4 10509/2/4
f 10510/2/4 10511/2/4 10512/2/4
f 10512/2/4 10511/2/4 10513/2/4
f 10514/2/4 10515/2/4 10516/2/4
f 10516/2/4 10515/2/4 10517/2/4
f 10518/3/4 10519/3/4 10524/3/4
f 10524/3/4 10519/3/4 10525/3/4
f 10520/3/4 10521/3/4 10526/3/4
f 10526/3/4 10521/3/4 10527/3/4
f 10522/3/4 10523/3/4 10530/3/4
f 10530/3/4 10523/3/4 10531/3/4
f 10528/3/4 10529/3/4 10534/3/4
f 10534/3/4 10529/3/4 10535/3/4
f 10532/3/4 10533/3/4 10538/3/4
f 10538/3/4 10533/3/4 10539/3/4
f 10536/3/4 10537/3/4 10544/3/4
f 10544/3/4 10537/3/4 10545/3/4
f 10540/3/4 10541/3/4 10546/3/4
f 10546/3/4 10541/3/4 10547/3/4
f 10542/3/4 10543/3/4 10549/3/4
f 10549/3/4 10543/3/4 10550/3/4
f 10548/3/4 10549/3/4 10552/3/4
f 10552/3/4 10549/3/4 10553/3/4
f 10551/3/4 10552/3/4 10557/3/4
f 10557/3/4 10552/3/4 10558/3/4
f 10554/3/4 10555/3/4 10559/3/4
f 10559/3/4 10555/3/4 10560/3/4
f 10556/3/4 10557/3/4 10561/3/4
f 10561/3/4 10557/3/4 10562/3/4
f 10563/3/4 10564/3/4 10567/3/4
f 10567/3/4 10564/3/4 10568/3/4
f 10565/3/4 10566/3/4 10569/3/4
f 10569/3/4 10566/3/4 10570/3/4
f 10573/3/4 10574/3/4 10575/3/4
f 10575/3/4 10574/3/4 10576/3/4
f 10571/3/4 10572/3/4 10577/3/4
f 10577/3/4 10572/3/4 10578/3/4
f 10579/3/4 10580/3/4 10583/3/4
f 10583/3/4 10580/3/4 10584/3/4
f 10581/3/4 10582/3/4 10585/3/4
f 10585/3/4 10582/3/4 10586/3/4
f 10587/3/4 10588/3/4 10591/3/4
f 10591/3/4 10588/3/4 10592/3/4
f 10589/3/4 10590/3/4 10593/3/4
f 10593/3/4 10590/3/4 10594/3/4
f 10595/3/4 10596/3/4 10599/3/4
f 10599/3/4 10596/3/4 10600/3/4
f 10597/3/4 10598/3/4 10603/3/4
f 10603/3/4 10598/3/4 10604/3/4
f 10601/3/4 10602/3/4 10607/3/4
f 10607/3/4 10602/3/4 10608/3/4
f 10605/3/4 10606/3/4 10610/3/4
f 10610/3/4 10606/3/4 10611/3/4
f 10609/3/4 10610/3/4 10613/3/4
f 10613/3/4 10610/3/4 10614/3/4
f 10612/3/4 10613/3/4 10615/3/4
f 10615/3/4 10613/3/4 10616/3/4
f 10617/3/4 10618/3/4 10619/3/4
f 10619/3/4 10618/3/4 10620/3/4
f 10621/3/4 10622/3/4 10623/3/4
f 10623/3/4 10622/3/4 10624/3/4
f 10625/3/4 10626/3/4 10627/3/4
f 10627/3/4 10626/3/4 10628/3/4
f 10629/3/4 10630/3/4 10631/3/4
f 10631/3/4 10630/3/4 10632/3/4
f 10633/3/4 10634/3/4 10637/3/4
f 10637/3/4 10634/3/4 10638/3/4
f 10635/3/4 10636/3/4 10641/3/4
f 10641/3/4 10636/3/4 10642/3/4
f 10639/3/4 10640/3/4 10643/3/4
f 10643/3/4 10640/3/4 10644/3/4
f 10645/3/4 10646/3/4 10647/3/4
f 10647/3/4 10646/3/4 10648/3/4
f 10649/3/4 10650/3/4 10651/3/4
f 10651/3/4 10650/3/4 10652/3/4
f 10653/3/4 10654/3/4 10655/3/4
f 10655/3/4 10654/3/4 10656/3/4
f 10657/3/4 10658/3/4 10659/3/4
f 10659/3/4 10658/3/4 10660/3/4
f 10661/3/4 10662/3/4 10663/3/4
f 10663/3/4 10662/3/4 10664/3/4
f 10665/2/4 10666/2/4 10669/2/4
f 10669/2/4 10666/2/4 10670/2/4
f 10667/2/4 10668/2/4 10671/2/4
f 10671/2/4 10668/2/4 10672/2/4
f 10673/2/4 10674/2/4 10676/2/4
f 10676/2/4 10674/2/4 10677/2/4
f 10675/2/4 10676/2/4 10678/2/4
f 10678/2/4 10676/2/4 10679/2/4
f 10680/2/4 10681/2/4 10682/2/4
f 10682/2/4 10681/2/4 10683/2/4
f 10684/2/4 10685/2/4 10686/2/4
f 10686/2/4 10685/2/4 10687/2/4
f 10688/2/4 10689/2/4 10690/2/4
f 10690/2/4 10689/2/4 10691/2/4
f 10692/2/4 10693/2/4 10694/2/4
f 10694/2/4 10693/2/4 10695/2/4
f 10696/2/4 10697/2/4 10698/2/4
f 10698/2/4 10697/2/4 10699/2/4
f 10700/2/4 10701/2/4 10702/2/4
f 10702/2/4 10701/2/4 10703/2/4
f 10704/2/4 10705/2/4 10706/2/4
f 10706/2/4 10705/2/4 10707/2/4
f 10708/2/4 10709/2/4 10710/2/4
f 10710/2/4 10709/2/4 10711/2/4
f 10712/2/4 10713/2/4 10718/2/4
f 10718/2/4 10713/2/4 10719/2/4
f 10714/2/4 10715/2/4 10720/2/4
f 10720/2/4 10715/2/4 10721/2/4
f 10716/2/4 10717/2/4 10724/2/4
f 10724/2/4 10717/2/4 10725/2/4
f 10722/2/4 10723/2/4 10726/2/4
f 10726/2/4 10723/2/4 10727/2/4
f 10728/2/4 10729/2/4 10730/2/4
f 10730/2/4 10729/2/4 10731/2/4
f 10732/2/4 10733/2/4 10734/2/4
f 10734/2/4 10733/2/4 10735/2/4
f 10736/2/4 10737/2/4 10738/2/4
f 10738/2/4 10737/2/4 10739/2/4
f 10740/2/4 10741/2/4 10742/2/4
f 10742/2/4 10741/2/4 10743/2/4
f 10744/2/4 10745/2/4 10746/2/4
f 10746/2/4 10745/2/4 10747/2/4
f 10748/2/4 10749/2/4 10750/2/4
f 10750/2/4 10749/2/4 10751/2/4
f 10752/2/4 10753/2/4 10756/2/4
f 10756/2/4 10753/2/4 10757/2/4
f 10754/2/4 10755/2/4 10758/2/4
f 10758/2/4 10755/2/4 10759/2/4
f 10760/2/4 10761/2/4 10762/2/4
f 10762/2/4 10761/2/4 10763/2/4
f 10764/2/4 10765/2/4 10768/2/4
f 10768/2/4 10765/2/4 10769/2/4
f 10766/2/4 10767/2/4 10770/2/4
f 10770/2/4 10767/2/4 10771/2/4
f 10772/2/4 10773/2/4 10774/2/4
f 10774/2/4 10773/2/4 10775/2/4
f 10776/2/4 10777/2/4 10782/2/4
f 10782/2/4 10777/2/4 10783/2/4
f 10778/2/4 10779/2/4 10784/2/4
f 10784/2/4 10779/2/4 10785/2/4
f 10780/2/4 10781/2/4 10788/2/4
f 10788/2/4 10781/2/4 10789/2/4
f 10786/2/4 10787/2/4 10790/2/4
f 10790/2/4 10787/2/4 10791/2/4
f 10792/2/4 10793/2/4 10796/2/4
f 10796/2/4 10793/2/4 10797/2/4
f 10794/2/4 10795/2/4 10798/2/4
f 10798/2/4 10795/2/4 10799/2/4
f 10800/2/4 10801/2/4 10804/2/4
f 10804/2/4 10801/2/4 10805/2/4
f 10802/2/4 10803/2/4 10806/2/4
f 10806/2/4 10803/2/4 10807/2/4
f 10808/2/4 10809/2/4 10812/2/4
f 10812/2/4 10809/2/4 10813/2/4
f 10810/2/4 10811/2/4 10814/2/4
f 10814/2/4 10811/2/4 10815/2/4
f 10816/2/4 10817/2/4 10820/2/4
f 10820/2/4 10817/2/4 10821/2/4
f 10818/2/4 10819/2/4 10822/2/4
f 10822/2/4 10819/2/4 10823/2/4
f 10824/2/4 10825/2/4 10826/2/4
f 10826/2/4 10825/2/4 10827/2/4
f 10828/2/4 10829/2/4 10832/2/4
f 10832/2/4 10829/2/4 10833/2/4
f 10830/2/4 10831/2/4 10834/2/4
f 10834/2/4 10831/2/4 10835/2/4
f 10836/2/4 10837/2/4 10840/2/4
f 10840/2/4 10837/2/4 10841/2/4
f 10838/2/4 10839/2/4 10842/2/4
f 10842/2/4 10839/2/4 10843/2/4
f 10844/2/4 10845/2/4 10848/2/4
f 10848/2/4 10845/2/4 10849/2/4
f 10846/2/4 10847/2/4 10850/2/4
f 10850/2/4 10847/2/4 10851/2/4
f 10852/2/4 10853/2/4 10856/2/4
f 10856/2/4 10853/2/4 10857/2/4
f 10854/2/4 10855/2/4 10858/2/4
f 10858/2/4 10855/2/4 10859/2/4
f 10860/2/4 10861/2/4 10866/2/4
f 10866/2/4 10861/2/4 10867/2/4
f 10862/2/4 10863/2/4 10868/2/4
f 10868/2/4 10863/2/4 10869/2/4
f 10864/2/4 10865/2/4 10872/2/4
f 10872/2/4 10865/2/4 10873/2/4
f 10870/2/4 10871/2/4 10874/2/4
f 10874/2/4 10871/2/4 10875/2/4
f 10876/2/4 10877/2/4 10880/2/4
f 10880/2/4 10877/2/4 10881/2/4
f 10878/2/4 10879/2/4 10882/2/4
f 10882/2/4 10879/2/4 10883/2/4
f 10884/2/4 10885/2/4 10888/2/4
f 10888/2/4 10885/2/4 10889/2/4
f 10886/2/4 10887/2/4 10890/2/4
f 10890/2/4 10887/2/4 10891/2/4
f 10892/2/4 10893/2/4 10896/2/4
f 10896/2/4 10893/2/4 10897/2/4
f 10894/2/4 10895/2/4 10898/2/4
f 10898/2/4 10895/2/4 10899/2/4
f 10900/2/4 10901/2/4 10904/2/4
f 10904/2/4 10901/2/4 10905/2/4
f 10902/2/4 10903/2/4 10906/2/4
f 10906/2/4 10903/2/4 10907/2/4
f 10908/2/4 10909/2/4 10912/2/4
f 10912/2/4 10909/2/4 10913/2/4
f 10910/2/4 10911/2/4 10914/2/4
f 10914/2/4 10911/2/4 10915/2/4
f 10916/2/4 10917/2/4 10920/2/4
f 10920/2/4 10917/2/4 10921/2/4
f 10918/2/4 10919/2/4 10922/2/4
f 10922/2/4 10919/2/4 10923/2/4
f 10924/2/4 10925/2/4 10928/2/4
f 10928/2/4 10925/2/4 10929/2/4
f 10926/2/4 10927/2/4 10930/2/4
f 10930/2/4 10927/2/4 10931/2/4
f 10932/2/4 10933/2/4 10936/2/4
f 10936/2/4 10933/2/4 10937/2/4
f 10934/2/4 10935/2/4 10938/2/4
f 10938/2/4 10935/2/4 10939/2/4
f 10940/2/4 10941/2/4 10944/2/4
f 10944/2/4 10941/2/4 10945/2/4
f 10942/2/4 10943/2/4 10950/2/4
f 10950/2/4 10943/2/4 10951/2/4
f 10946/2/4 10947/2/4 10952/2/4
f 10952/2/4 10947/2/4 10953/2/4
f 10948/2/4 10949/2/4 10954/2/4
f 10954/2/4 10949/2/4 10955/2/4
f 10956/2/4 10957/2/4 10958/2/4
f 10958/2/4 10957/2/4 10959/2/4
f 10960/2/4 10961/2/4 10964/2/4
f 10964/2/4 10961/2/4 10965/2/4
f 10962/2/4 10963/2/4 10966/2/4
f 10966/2/4 10963/2/4 10967/2/4
f 10968/2/4 10969/2/4 10973/2/4
f 10973/2/4 10969/2/4 10974/2/4
f 10970/2/4 10971/2/4 10975/2/4
f 10975/2/4 10971/2/4 10976/2/4
f 10972/2/4 10973/2/4 10979/2/4
f 10979/2/4 10973/2/4 10980/2/4
f 10976/2/4 10977/2/4 10981/2/4
f 10981/2/4 10977/2/4 10982/2/4
f 10978/2/4 10979/2/4 10984/2/4
f 10984/2/4 10979/2/4 10985/2/4
f 10982/2/4 10983/2/4 10986/2/4
f 10986/2/4 10983/2/4 10987/2/4
f 10988/2/4 10989/2/4 10992/2/4
f 10992/2/4 10989/2/4 10993/2/4
f 10990/2/4 10991/2/4 10994/2/4
f 10994/2/4 10991/2/4 10995/2/4
f 10996/2/4 10997/2/4 11000/2/4
f 11000/2/4 10997/2/4 11001/2/4
f 10998/2/4 10999/2/4 11002/2/4
f 11002/2/4 10999/2/4 11003/2/4
f 11004/2/4 11005/2/4 11008/2/4
f 11008/2/4 11005/2/4 11009/2/4
f 11006/2/4 11007/2/4 11010/2/4
f 11010/2/4 11007/2/4 11011/2/4
f 11012/2/4 11013/2/4 11016/2/4
f 11016/2/4 11013/2/4 11017/2/4
f 11014/2/4 11015/2/4 11020/2/4
f 11020/2/4 11015/2/4 11021/2/4
f 11017/2/4 11018/2/4 11022/2/4
f 11022/2/4 11018/2/4 11023/2/4
f 11019/2/4 11020/2/4 11026/2/4
f 11026/2/4 11020/2/4 11027/2/4
f 11023/2/4 11024/2/4 11028/2/4
f 11028/2/4 11024/2/4 11029/2/4
f 11025/2/4 11026/2/4 11030/2/4
f 11030/2/4 11026/2/4 11031/2/4
f 11032/2/4 11033/2/4 11036/2/4
f 11036/2/4 11033/2/4 11037/2/4
f 11034/2/4 11035/2/4 11038/2/4
f 11038/2/4 11035/2/4 11039/2/4
f 11040/2/4 11041/2/4 11042/2/4
f 11042/2/4 11041/2/4 11043/2/4
f 11044/2/4 11045/2/4 11050/2/4
f 11050/2/4 11045/2/4 11051/2/4
f 11046/2/4 11047/2/4 11052/2/4
f 11052/2/4 11047/2/4 11053/2/4
f 11048/2/4 11049/2/4 11058/2/4
f 11058/2/4 11049/2/4 11059/2/4
f 11054/2/4 11055/2/4 11060/2/4
f 11060/2/4 11055/2/4 11061/2/4
f 11056/2/4 11057/2/4 11064/2/4
f 11064/2/4 11057/2/4 11065/2/4
f 11062/2/4 11063/2/4 11066/2/4
f 11066/2/4 11063/2/4 11067/2/4
f 11068/2/4 11069/2/4 11072/2/4
f 11072/2/4 11069/2/4 11073/2/4
f 11070/2/4 11071/2/4 11074/2/4
f 11074/2/4 11071/2/4 11075/2/4
f 11076/2/4 11077/2/4 11080/2/4
f 11080/2/4 11077/2/4 11081/2/4
f 11078/2/4 11079/2/4 11082/2/4
f 11082/2/4 11079/2/4 11083/2/4
f 11084/2/4 11085/2/4 11088/2/4
f 11088/2/4 11085/2/4 11089/2/4
f 11086/2/4 11087/2/4 11090/2/4
f 11090/2/4 11087/2/4 11091/2/4
f 11092/2/4 11093/2/4 11096/2/4
f 11096/2/4 11093/2/4 11097/2/4
f 11094/2/4 11095/2/4 11098/2/4
f 11098/2/4 11095/2/4 11099/2/4
f 11100/2/4 11101/2/4 11104/2/4
f 11104/2/4 11101/2/4 11105/2/4
f 11102/2/4 11103/2/4 11106/2/4
f 11106/2/4 11103/2/4 11107/2/4
f 11108/2/4 11109/2/4 11112/2/4
f 11112/2/4 11109/2/4 11113/2/4
f 11110/2/4 11111/2/4 11114/2/4
f 11114/2/4 11111/2/4 11115/2/4
f 11116/2/4 11117/2/4 11120/2/4
f 11120/2/4 11117/2/4 11121/2/4
f 11118/2/4 11119/2/4 11126/2/4
f 11126/2/4 11119/2/4 11127/2/4
f 11122/2/4 11123/2/4 11128/2/4
f 11128/2/4 11123/2/4 11129/2/4
f 11124/2/4 11125/2/4 11134/2/4
f 11134/2/4 11125/2/4 11135/2/4
f 11130/2/4 11131/2/4 11136/2/4
f 11136/2/4 11131/2/4 11137/2/4
f 11132/2/4 11133/2/4 11138/2/4
f 11138/2/4 11133/2/4 11139/2/4
f 11140/2/4 11141/2/4 11146/2/4
f 11146/2/4 11141/2/4 11147/2/4
f 11142/2/4 11143/2/4 11148/2/4
f 11148/2/4 11143/2/4 11149/2/4
f 11144/2/4 11145/2/4 11154/2/4
f 11154/2/4 11145/2/4 11155/2/4
f 11150/2/4 11151/2/4 11156/2/4
f 11156/2/4 11151/2/4 11157/2/4
f 11152/2/4 11153/2/4 11162/2/4
f 11162/2/4 11153/2/4 11163/2/4
f 11158/2/4 11159/2/4 11164/2/4
f 11164/2/4 11159/2/4 11165/2/4
f 11160/2/4 11161/2/4 11169/2/4
f 11169/2/4 11161/2/4 11170/2/4
f 11166/2/4 11167/2/4 11171/2/4
f 11171/2/4 11167/2/4 11172/2/4
f 11168/2/4 11169/2/4 11175/2/4
f 11175/2/4 11169/2/4 11176/2/4
f 11172/2/4 11173/2/4 11177/2/4
f 11177/2/4 11173/2/4 11178/2/4
f 11174/2/4 11175/2/4 11181/2/4
f 11181/2/4 11175/2/4 11182/2/4
f 11178/2/4 11179/2/4 11183/2/4
f 11183/2/4 11179/2/4 11184/2/4
f 11180/2/4 11181/2/4 11186/2/4
f 11186/2/4 11181/2/4 11187/2/4
f 11184/2/4 11185/2/4 11188/2/4
f 11188/2/4 11185/2/4 11189/2/4
f 11190/2/4 11191/2/4 11194/2/4
f 11194/2/4 11191/2/4 11195/2/4
f 11192/2/4 11193/2/4 11196/2/4
f 11196/2/4 11193/2/4 11197/2/4
f 11198/2/4 11199/2/4 11202/2/4
f 11202/2/4 11199/2/4 11203/2/4
f 11200/2/4 11201/2/4 11204/2/4
f 11204/2/4 11201/2/4 11205/2/4
f 11206/2/4 11207/2/4 11210/2/4
f 11210/2/4 11207/2/4 11211/2/4
f 11208/2/4 11209/2/4 11212/2/4
f 11212/2/4 11209/2/4 11213/2/4
f 11214/2/4 11215/2/4 11218/2/4
f 11218/2/4 11215/2/4 11219/2/4
f 11216/2/4 11217/2/4 11220/2/4
f 11220/2/4 11217/2/4 11221/2/4
f 11222/2/4 11223/2/4 11226/2/4
f 11226/2/4 11223/2/4 11227/2/4
f 11224/2/4 11225/2/4 11228/2/4
f 11228/2/4 11225/2/4 11229/2/4
f 11230/2/4 11231/2/4 11234/2/4
f 11234/2/4 11231/2/4 11235/2/4
f 11232/2/4 11233/2/4 11236/2/4
f 11236/2/4 11233/2/4 11237/2/4
f 11238/2/4 11239/2/4 11242/2/4
f 11242/2/4 11239/2/4 11243/2/4
f 11240/2/4 11241/2/4 11246/2/4
f 11246/2/4 11241/2/4 11247/2/4
f 11243/2/4 11244/2/4 11248/2/4
f 11248/2/4 11244/2/4 11249/2/4
f 11245/2/4 11246/2/4 11252/2/4
f 11252/2/4 11246/2/4 11253/2/4
f 11249/2/4 11250/2/4 11254/2/4
f 11254/2/4 11250/2/4 11255/2/4
f 11251/2/4 11252/2/4 11258/2/4
f 11258/2/4 11252/2/4 11259/2/4
f 11255/2/4 11256/2/4 11260/2/4
f 11260/2/4 11256/2/4 11261/2/4
f 11257/2/4 11258/2/4 11266/2/4
f 11266/2/4 11258/2/4 11267/2/4
f 11262/2/4 11263/2/4 11268/2/4
f 11268/2/4 11263/2/4 11269/2/4
f 11264/2/4 11265/2/4 11274/2/4
f 11274/2/4 11265/2/4 11275/2/4
f 11270/2/4 11271/2/4 11276/2/4
f 11276/2/4 11271/2/4 11277/2/4
f 11272/2/4 11273/2/4 11282/2/4
f 11282/2/4 11273/2/4 11283/2/4
f 11278/2/4 11279/2/4 11284/2/4
f 11284/2/4 11279/2/4 11285/2/4
f 11280/2/4 11281/2/4 11286/2/4
f 11286/2/4 11281/2/4 11287/2/4
f 11288/2/4 11289/2/4 11292/2/4
f 11292/2/4 11289/2/4 11293/2/4
f 11290/2/4 11291/2/4 11298/2/4
f 11298/2/4 11291/2/4 11299/2/4
f 11294/2/4 11295/2/4 11300/2/4
f 11300/2/4 11295/2/4 11301/2/4
f 11296/2/4 11297/2/4 11306/2/4
f 11306/2/4 11297/2/4 11307/2/4
f 11302/2/4 11303/2/4 11310/2/4
f 11310/2/4 11303/2/4 11311/2/4
f 11304/2/4 11305/2/4 11315/2/4
f 11315/2/4 11305/2/4 11316/2/4
f 11308/2/4 11309/2/4 11319/2/4
f 11319/2/4 11309/2/4 11320/2/4
f 11312/2/4 11313/2/4 11323/2/4
f 11323/2/4 11313/2/4 11324/2/4
f 11314/2/4 11315/2/4 11326/2/4
f 11326/2/4 11315/2/4 11327/2/4
f 11317/2/4 11318/2/4 11330/2/4
f 11330/2/4 11318/2/4 11331/2/4
f 11321/2/4 11322/2/4 11332/2/4
f 11332/2/4 11322/2/4 11333/2/4
f 11324/2/4 11325/2/4 11336/2/4
f 11336/2/4 11325/2/4 11337/2/4
f 11328/2/4 11329/2/4 11341/2/4
f 11341/2/4 11329/2/4 11342/2/4
f 11334/2/4 11335/2/4 11343/2/4
f 11343/2/4 11335/2/4 11344/2/4
f 11338/2/4 11339/2/4 11349/2/4
f 11349/2/4 11339/2/4 11350/2/4
f 11340/2/4 11341/2/4 11352/2/4
f 11352/2/4 11341/2/4 11353/2/4
f 11344/2/4 11345/2/4 11354/2/4
f 11354/2/4 11345/2/4 11355/2/4
f 11346/2/4 11347/2/4 11357/2/4
f 11357/2/4 11347/2/4 11358/2/4
f 11348/2/4 11349/2/4 11360/2/4
f 11360/2/4 11349/2/4 11361/2/4
f 11351/2/4 11352/2/4 11363/2/4
f 11363/2/4 11352/2/4 11364/2/4
f 11355/2/4 11356/2/4 11365/2/4
f 11365/2/4 11356/2/4 11366/2/4
f 11358/2/4 11359/2/4 11368/2/4
f 11368/2/4 11359/2/4 11369/2/4
f 11362/2/4 11363/2/4 11373/2/4
f 11373/2/4 11363/2/4 11374/2/4
f 11366/2/4 11367/2/4 11375/2/4
f 11375/2/4 11367/2/4 11376/2/4
f 11370/2/4 11371/2/4 11380/2/4
f 11380/2/4 11371/2/4 11381/2/4
f 11372/2/4 11373/2/4 11382/2/4
f 11382/2/4 11373/2/4 11383/2/4
f 11376/2/4 11377/2/4 11384/2/4
f 11384/2/4 11377/2/4 11385/2/4
f 11378/2/4 11379/2/4 11386/2/4
f 11386/2/4 11379/2/4 11387/2/4
f 11388/2/4 11389/2/4 11396/2/4
f 11396/2/4 11389/2/4 11397/2/4
f 11390/2/4 11391/2/4 11398/2/4
f 11398/2/4 11391/2/4 11399/2/4
f 11392/2/4 11393/2/4 11400/2/4
f 11400/2/4 11393/2/4 11401/2/4
f 11394/2/4 11395/2/4 11402/2/4
f 11402/2/4 11395/2/4 11403/2/4
f 11408/2/4 11409/2/4 11412/2/4
f 11412/2/4 11409/2/4 11413/2/4
f 11410/2/4 11411/2/4 11414/2/4
f 11414/2/4 11411/2/4 11415/2/4
f 11404/2/4 11405/2/4 11416/2/4
f 11416/2/4 11405/2/4 11417/2/4
f 11406/2/4 11407/2/4 11418/2/4
f 11418/2/4 11407/2/4 11419/2/4
f 11420/2/4 11421/2/4 11428/2/4
f 11428/2/4 11421/2/4 11429/2/4
f 11422/2/4 11423/2/4 11430/2/4
f 11430/2/4 11423/2/4 11431/2/4
f 11424/2/4 11425/2/4 11432/2/4
f 11432/2/4 11425/2/4 11433/2/4
f 11426/2/4 11427/2/4 11434/2/4
f 11434/2/4 11427/2/4 11435/2/4
f 11436/2/4 11437/2/4 11444/2/4
f 11444/2/4 11437/2/4 11445/2/4
f 11438/2/4 11439/2/4 11446/2/4
f 11446/2/4 11439/2/4 11447/2/4
f 11440/2/4 11441/2/4 11450/2/4
f 11450/2/4 11441/2/4 11451/2/4
f 11442/2/4 11443/2/4 11452/2/4
f 11452/2/4 11443/2/4 11453/2/4
f 11447/2/4 11448/2/4 11456/2/4
f 11456/2/4 11448/2/4 11457/2/4
f 11449/2/4 11450/2/4 11460/2/4
f 11460/2/4 11450/2/4 11461/2/4
f 11454/2/4 11455/2/4 11464/2/4
f 11464/2/4 11455/2/4 11465/2/4
f 11457/2/4 11458/2/4 11467/2/4
f 11467/2/4 11458/2/4 11468/2/4
f 11459/2/4 11460/2/4 11471/2/4
f 11471/2/4 11460/2/4 11472/2/4
f 11462/2/4 11463/2/4 11474/2/4
f 11474/2/4 11463/2/4 11475/2/4
f 11465/2/4 11466/2/4 11476/2/4
f 11476/2/4 11466/2/4 11477/2/4
f 11468/2/4 11469/2/4 11478/2/4
f 11478/2/4 11469/2/4 11479/2/4
f 11470/2/4 11471/2/4 11482/2/4
f 11482/2/4 11471/2/4 11483/2/4
f 11473/2/4 11474/2/4 11484/2/4
f 11484/2/4 11474/2/4 11485/2/4
f 11479/2/4 11480/2/4 11488/2/4
f 11488/2/4 11480/2/4 11489/2/4
f 11481/2/4 11482/2/4 11494/2/4
f 11494/2/4 11482/2/4 11495/2/4
f 11486/2/4 11487/2/4 11498/2/4
f 11498/2/4 11487/2/4 11499/2/4
f 11490/2/4 11491/2/4 11501/2/4
f 11501/2/4 11491/2/4 11502/2/4
f 11492/2/4 11493/2/4 11505/2/4
f 11505/2/4 11493/2/4 11506/2/4
f 11496/2/4 11497/2/4 11508/2/4
f 11508/2/4 11497/2/4 11509/2/4
f 11499/2/4 11500/2/4 11510/2/4
f 11510/2/4 11500/2/4 11511/2/4
f 11503/2/4 11504/2/4 11514/2/4
f 11514/2/4 11504/2/4 11515/2/4
f 11507/2/4 11508/2/4 11518/2/4
f 11518/2/4 11508/2/4 11519/2/4
f 11512/2/4 11513/2/4 11520/2/4
f 11520/2/4 11513/2/4 11521/2/4
f 11516/2/4 11517/2/4 11526/2/4
f 11526/2/4 11517/2/4 11527/2/4
f 11522/2/4 11523/2/4 11528/2/4
f 11528/2/4 11523/2/4 11529/2/4
f 11524/2/4 11525/2/4 11532/2/4
f 11532/2/4 11525/2/4 11533/2/4
f 11530/2/4 11531/2/4 11534/2/4
f 11534/2/4 11531/2/4 11535/2/4
f 11536/3/4 11537/3/4 11542/3/4
f 11542/3/4 11537/3/4 11543/3/4
f 11538/3/4 11539/3/4 11544/3/4
f 11544/3/4 11539/3/4 11545/3/4
f 11540/3/4 11541/3/4 11550/3/4
f 11550/3/4 11541/3/4 11551/3/4
f 11546/3/4 11547/3/4 11556/3/4
f 11556/3/4 11547/3/4 11557/3/4
f 11548/3/4 11549/3/4 11560/3/4
f 11560/3/4 11549/3/4 11561/3/4
f 11552/3/4 11553/3/4 11564/3/4
f 11564/3/4 11553/3/4 11565/3/4
f 11554/3/4 11555/3/4 11566/3/4
f 11566/3/4 11555/3/4 11567/3/4
f 11558/3/4 11559/3/4 11570/3/4
f 11570/3/4 11559/3/4 11571/3/4
f 11562/3/4 11563/3/4 11576/3/4
f 11576/3/4 11563/3/4 11577/3/4
f 11568/3/4 11569/3/4 11578/3/4
f 11578/3/4 11569/3/4 11579/3/4
f 11572/3/4 11573/3/4 11584/3/4
f 11584/3/4 11573/3/4 11585/3/4
f 11574/3/4 11575/3/4 11587/3/4
f 11587/3/4 11575/3/4 11588/3/4
f 11580/3/4 11581/3/4 11589/3/4
f 11589/3/4 11581/3/4 11590/3/4
f 11582/3/4 11583/3/4 11592/3/4
f 11592/3/4 11583/3/4 11593/3/4
f 11586/3/4 11587/3/4 11595/3/4
f 11595/3/4 11587/3/4 11596/3/4
f 11590/3/4 11591/3/4 11597/3/4
f 11597/3/4 11591/3/4 11598/3/4
f 11594/3/4 11595/3/4 11603/3/4
f 11603/3/4 11595/3/4 11604/3/4
f 11598/3/4 11599/3/4 11605/3/4
f 11605/3/4 11599/3/4 11606/3/4
f 11600/3/4 11601/3/4 11610/3/4
f 11610/3/4 11601/3/4 11611/3/4
f 11602/3/4 11603/3/4 11612/3/4
f 11612/3/4 11603/3/4 11613/3/4
f 11606/3/4 11607/3/4 11614/3/4
f 11614/3/4 11607/3/4 11615/3/4
f 11608/3/4 11609/3/4 11616/3/4
f 11616/3/4 11609/3/4 11617/3/4
f 11618/3/4 11619/3/4 11626/3/4
f 11626/3/4 11619/3/4 11627/3/4
f 11620/3/4 11621/3/4 11628/3/4
f 11628/3/4 11621/3/4 11629/3/4
f 11622/3/4 11623/3/4 11630/3/4
f 11630/3/4 11623/3/4 11631/3/4
f 11624/3/4 11625/3/4 11632/3/4
f 11632/3/4 11625/3/4 11633/3/4
f 11636/3/4 11637/3/4 11642/3/4
f 11642/3/4 11637/3/4 11643/3/4
f 11638/3/4 11639/3/4 11644/3/4
f 11644/3/4 11639/3/4 11645/3/4
f 11634/3/4 11635/3/4 11646/3/4
f 11646/3/4 11635/3/4 11647/3/4
f 11640/3/4 11641/3/4 11648/3/4
f 11648/3/4 11641/3/4 11649/3/4
f 11650/3/4 11651/3/4 11658/3/4
f 11658/3/4 11651/3/4 11659/3/4
f 11654/3/4 11655/3/4 11660/3/4
f 11660/3/4 11655/3/4 11661/3/4
f 11656/3/4 11657/3/4 11662/3/4
f 11662/3/4 11657/3/4 11663/3/4
f 11652/3/4 11653/3/4 11664/3/4
f 11664/3/4 11653/3/4 11665/3/4
f 11666/3/4 11667/3/4 11674/3/4
f 11674/3/4 11667/3/4 11675/3/4
f 11668/3/4 11669/3/4 11676/3/4
f 11676/3/4 11669/3/4 11677/3/4
f 11670/3/4 11671/3/4 11678/3/4
f 11678/3/4 11671/3/4 11679/3/4
f 11672/3/4 11673/3/4 11680/3/4
f 11680/3/4 11673/3/4 11681/3/4
f 11682/3/4 11683/3/4 11690/3/4
f 11690/3/4 11683/3/4 11691/3/4
f 11684/3/4 11685/3/4 11692/3/4
f 11692/3/4 11685/3/4 11693/3/4
f 11686/3/4 11687/3/4 11696/3/4
f 11696/3/4 11687/3/4 11697/3/4
f 11688/3/4 11689/3/4 11698/3/4
f 11698/3/4 11689/3/4 11699/3/4
f 11693/3/4 11694/3/4 11700/3/4
f 11700/3/4 11694/3/4 11701/3/4
f 11695/3/4 11696/3/4 11704/3/4
f 11704/3/4 11696/3/4 11705/3/4
f 11701/3/4 11702/3/4 11708/3/4
f 11708/3/4 11702/3/4 11709/3/4
f 11703/3/4 11704/3/4 11712/3/4
f 11712/3/4 11704/3/4 11713/3/4
f 11706/3/4 11707/3/4 11716/3/4
f 11716/3/4 11707/3/4 11717/3/4
f 11709/3/4 11710/3/4 11718/3/4
f 11718/3/4 11710/3/4 11719/3/4
f 11711/3/4 11712/3/4 11724/3/4
f 11724/3/4 11712/3/4 11725/3/4
f 11714/3/4 11715/3/4 11726/3/4
f 11726/3/4 11715/3/4 11727/3/4
f 11720/3/4 11721/3/4 11730/3/4
f 11730/3/4 11721/3/4 11731/3/4
f 11722/3/4 11723/3/4 11736/3/4
f 11736/3/4 11723/3/4 11737/3/4
f 11728/3/4 11729/3/4 11740/3/4
f 11740/3/4 11729/3/4 11741/3/4
f 11732/3/4 11733/3/4 11744/3/4
f 11744/3/4 11733/3/4 11745/3/4
f 11734/3/4 11735/3/4 11746/3/4
f 11746/3/4 11735/3/4 11747/3/4
f 11738/3/4 11739/3/4 11750/3/4
f 11750/3/4 11739/3/4 11751/3/4
f 11742/3/4 11743/3/4 11752/3/4
f 11752/3/4 11743/3/4 11753/3/4
f 11748/3/4 11749/3/4 11758/3/4
f 11758/3/4 11749/3/4 11759/3/4
f 11754/3/4 11755/3/4 11760/3/4
f 11760/3/4 11755/3/4 11761/3/4
f 11756/3/4 11757/3/4 11762/3/4
f 11762/3/4 11757/3/4 11763/3/4
f 11764/3/4 11765/3/4 11770/3/4
f 11770/3/4 11765/3/4 11771/3/4
f 11766/3/4 11767/3/4 11772/3/4
f 11772/3/4 11767/3/4 11773/3/4
f 11768/3/4 11769/3/4 11776/3/4
f 11776/3/4 11769/3/4 11777/3/4
f 11774/3/4 11775/3/4 11778/3/4
f 11778/3/4 11775/3/4 11779/3/4
f 11780/3/4 11781/3/4 11784/3/4
f 11784/3/4 11781/3/4 11785/3/4
f 11782/3/4 11783/3/4 11786/3/4
f 11786/3/4 11783/3/4 11787/3/4
f 11788/3/4 11789/3/4 11792/3/4
f 11792/3/4 11789/3/4 11793/3/4
f 11790/3/4 11791/3/4 11794/3/4
f 11794/3/4 11791/3/4 11795/3/4
f 11796/3/4 11797/3/4 11800/3/4
f 11800/3/4 11797/3/4 11801/3/4
f 11798/3/4 11799/3/4 11802/3/4
f 11802/3/4 11799/3/4 11803/3/4
f 11804/3/4 11805/3/4 11808/3/4
f 11808/3/4 11805/3/4 11809/3/4
f 11806/3/4 11807/3/4 11810/3/4
f 11810/3/4 11807/3/4 11811/3/4
f 11812/3/4 11813/3/4 11816/3/4
f 11816/3/4 11813/3/4 11817/3/4
f 11814/3/4 11815/3/4 11822/3/4
f 11822/3/4 11815/3/4 11823/3/4
f 11818/3/4 11819/3/4 11824/3/4
f 11824/3/4 11819/3/4 11825/3/4
f 11820/3/4 11821/3/4 11826/3/4
f 11826/3/4 11821/3/4 11827/3/4
f 11828/3/4 11829/3/4 11830/3/4
f 11830/3/4 11829/3/4 11831/3/4
f 11832/3/4 11833/3/4 11836/3/4
f 11836/3/4 11833/3/4 11837/3/4
f 11834/3/4 11835/3/4 11838/3/4
f 11838/3/4 11835/3/4 11839/3/4
f 11840/3/4 11841/3/4 11844/3/4
f 11844/3/4 11841/3/4 11845/3/4
f 11842/3/4 11843/3/4 11846/3/4
f 11846/3/4 11843/3/4 11847/3/4
f 11848/3/4 11849/3/4 11852/3/4
f 11852/3/4 11849/3/4 11853/3/4
f 11850/3/4 11851/3/4 11854/3/4
f 11854/3/4 11851/3/4 11855/3/4
f 11856/3/4 11857/3/4 11858/3/4
f 11858/3/4 11857/3/4 11859/3/4
f 11860/2/4 11861/2/4 11866/2/4
f 11866/2/4 11861/2/4 11867/2/4
f 11862/2/4 11863/2/4 11868/2/4
f 11868/2/4 11863/2/4 11869/2/4
f 11864/2/4 11865/2/4 11872/2/4
f 11872/2/4 11865/2/4 11873/2/4
f 11870/2/4 11871/2/4 11874/2/4
f 11874/2/4 11871/2/4 11875/2/4
f 11876/2/4 11877/2/4 11880/2/4
f 11880/2/4 11877/2/4 11881/2/4
f 11878/2/4 11879/2/4 11882/2/4
f 11882/2/4 11879/2/4 11883/2/4
f 11884/2/4 11885/2/4 11888/2/4
f 11888/2/4 11885/2/4 11889/2/4
f 11886/2/4 11887/2/4 11890/2/4
f 11890/2/4 11887/2/4 11891/2/4
f 11892/2/4 11893/2/4 11896/2/4
f 11896/2/4 11893/2/4 11897/2/4
f 11894/2/4 11895/2/4 11898/2/4
f 11898/2/4 11895/2/4 11899/2/4
f 11900/2/4 11901/2/4 11904/2/4
f 11904/2/4 11901/2/4 11905/2/4
f 11902/2/4 11903/2/4 11906/2/4
f 11906/2/4 11903/2/4 11907/2/4
f 11908/2/4 11909/2/4 11912/2/4
f 11912/2/4 11909/2/4 11913/2/4
f 11910/2/4 11911/2/4 11914/2/4
f 11914/2/4 11911/2/4 11915/2/4
f 11916/2/4 11917/2/4 11920/2/4
f 11920/2/4 11917/2/4 11921/2/4
f 11918/2/4 11919/2/4 11922/2/4
f 11922/2/4 11919/2/4 11923/2/4
f 11924/2/4 11925/2/4 11928/2/4
f 11928/2/4 11925/2/4 11929/2/4
f 11926/2/4 11927/2/4 11930/2/4
f 11930/2/4 11927/2/4 11931/2/4
f 11932/2/4 11933/2/4 11936/2/4
f 11936/2/4 11933/2/4 11937/2/4
f 11934/2/4 11935/2/4 11938/2/4
f 11938/2/4 11935/2/4 11939/2/4
f 11940/2/4 11941/2/4 11944/2/4
f 11944/2/4 11941/2/4 11945/2/4
f 11942/2/4 11943/2/4 11950/2/4
f 11950/2/4 11943/2/4 11951/2/4
f 11946/2/4 11947/2/4 11952/2/4
f 11952/2/4 11947/2/4 11953/2/4
f 11948/2/4 11949/2/4 11954/2/4
f 11954/2/4 11949/2/4 11955/2/4
f 11956/2/4 11957/2/4 11960/2/4
f 11960/2/4 11957/2/4 11961/2/4
f 11958/2/4 11959/2/4 11962/2/4
f 11962/2/4 11959/2/4 11963/2/4
f 11964/2/4 11965/2/4 11968/2/4
f 11968/2/4 11965/2/4 11969/2/4
f 11966/2/4 11967/2/4 11970/2/4
f 11970/2/4 11967/2/4 11971/2/4
f 11972/2/4 11973/2/4 11976/2/4
f 11976/2/4 11973/2/4 11977/2/4
f 11974/2/4 11975/2/4 11978/2/4
f 11978/2/4 11975/2/4 11979/2/4
f 11980/2/4 11981/2/4 11984/2/4
f 11984/2/4 11981/2/4 11985/2/4
f 11982/2/4 11983/2/4 11986/2/4
f 11986/2/4 11983/2/4 11987/2/4
f 11988/2/4 11989/2/4 11992/2/4
f 11992/2/4 11989/2/4 11993/2/4
f 11990/2/4 11991/2/4 11994/2/4
f 11994/2/4 11991/2/4 11995/2/4
f 11996/2/4 11997/2/4 12000/2/4
f 12000/2/4 11997/2/4 12001/2/4
f 11998/2/4 11999/2/4 12002/2/4
f 12002/2/4 11999/2/4 12003/2/4
f 12004/2/4 12005/2/4 12008/2/4
f 12008/2/4 12005/2/4 12009/2/4
f 12006/2/4 12007/2/4 12010/2/4
f 12010/2/4 12007/2/4 12011/2/4
f 12012/2/4 12013/2/4 12016/2/4
f 12016/2/4 12013/2/4 12017/2/4
f 12014/2/4 12015/2/4 12018/2/4
f 12018/2/4 12015/2/4 12019/2/4
f 12020/2/4 12021/2/4 12026/2/4
f 12026/2/4 12021/2/4 12027/2/4
f 12022/2/4 12023/2/4 12028/2/4
f 12028/2/4 12023/2/4 12029/2/4
f 12024/2/4 12025/2/4 12032/2/4
f 12032/2/4 12025/2/4 12033/2/4
f 12030/2/4 12031/2/4 12034/2/4
f 12034/2/4 12031/2/4 12035/2/4
f 12036/2/4 12037/2/4 12040/2/4
f 12040/2/4 12037/2/4 12041/2/4
f 12038/2/4 12039/2/4 12042/2/4
f 12042/2/4 12039/2/4 12043/2/4
f 12044/2/4 12045/2/4 12048/2/4
f 12048/2/4 12045/2/4 12049/2/4
f 12046/2/4 12047/2/4 12050/2/4
f 12050/2/4 12047/2/4 12051/2/4
f 12052/2/4 12053/2/4 12056/2/4
f 12056/2/4 12053/2/4 12057/2/4
f 12054/2/4 12055/2/4 12058/2/4
f 12058/2/4 12055/2/4 12059/2/4
f 12060/2/4 12061/2/4 12064/2/4
f 12064/2/4 12061/2/4 12065/2/4
f 12062/2/4 12063/2/4 12066/2/4
f 12066/2/4 12063/2/4 12067/2/4
f 12068/2/4 12069/2/4 12072/2/4
f 12072/2/4 12069/2/4 12073/2/4
f 12070/2/4 12071/2/4 12078/2/4
f 12078/2/4 12071/2/4 12079/2/4
f 12074/2/4 12075/2/4 12080/2/4
f 12080/2/4 12075/2/4 12081/2/4
f 12076/2/4 12077/2/4 12082/2/4
f 12082/2/4 12077/2/4 12083/2/4
f 12084/2/4 12085/2/4 12088/2/4
f 12088/2/4 12085/2/4 12089/2/4
f 12086/2/4 12087/2/4 12090/2/4
f 12090/2/4 12087/2/4 12091/2/4
f 12092/2/4 12093/2/4 12096/2/4
f 12096/2/4 12093/2/4 12097/2/4
f 12094/2/4 12095/2/4 12098/2/4
f 12098/2/4 12095/2/4 12099/2/4
f 12100/2/4 12101/2/4 12103/2/4
f 12102/2/4 12103/2/4 12107/2/4
f 12104/2/4 12105/2/4 12108/2/4
f 12108/2/4 12105/2/4 12109/2/4
f 12103/2/4 12101/2/4 12110/2/4
f 12106/2/4 12107/2/4 12110/2/4
f 12107/2/4 12103/2/4 12110/2/4
f 12110/2/4 12101/2/4 12111/2/4
f 12106/2/4 12110/2/4 12112/2/4
f 12112/2/4 12110/2/4 12113/2/4
f 12113/2/4 12110/2/4 12114/2/4
f 12114/2/4 12110/2/4 12115/2/4
f 12115/2/4 12110/2/4 12116/2/4
f 12117/2/4 12118/2/4 12121/2/4
f 12121/2/4 12118/2/4 12122/2/4
f 12119/2/4 12120/2/4 12123/2/4
f 12123/2/4 12120/2/4 12124/2/4
f 12125/2/4 12126/2/4 12131/2/4
f 12131/2/4 12126/2/4 12132/2/4
f 12127/2/4 12128/2/4 12133/2/4
f 12133/2/4 12128/2/4 12134/2/4
f 12129/2/4 12130/2/4 12137/2/4
f 12137/2/4 12130/2/4 12138/2/4
f 12135/2/4 12136/2/4 12139/2/4
f 12139/2/4 12136/2/4 12140/2/4
f 12141/2/4 12142/2/4 12145/2/4
f 12145/2/4 12142/2/4 12146/2/4
f 12143/2/4 12144/2/4 12147/2/4
f 12147/2/4 12144/2/4 12148/2/4
f 12149/2/4 12150/2/4 12153/2/4
f 12153/2/4 12150/2/4 12154/2/4
f 12151/2/4 12152/2/4 12155/2/4
f 12155/2/4 12152/2/4 12156/2/4
f 12157/2/4 12158/2/4 12161/2/4
f 12161/2/4 12158/2/4 12162/2/4
f 12159/2/4 12160/2/4 12163/2/4
f 12163/2/4 12160/2/4 12164/2/4
f 12165/2/4 12166/2/4 12170/2/4
f 12170/2/4 12166/2/4 12171/2/4
f 12167/2/4 12168/2/4 12173/2/4
f 12168/2/4 12169/2/4 12173/2/4
f 12172/2/4 12173/2/4 12174/2/4
f 12173/2/4 12169/2/4 12174/2/4
f 12174/2/4 12169/2/4 12175/2/4
f 12172/2/4 12174/2/4 12176/2/4
f 12176/2/4 12174/2/4 12177/2/4
f 12178/2/4 12179/2/4 12180/2/4
f 12180/2/4 12179/2/4 12181/2/4
f 12172/2/4 12176/2/4 12182/2/4
f 12182/2/4 12176/2/4 12183/2/4
f 12186/2/4 12187/2/4 12188/2/4
f 12188/2/4 12187/2/4 12189/2/4
f 12184/2/4 12185/2/4 12190/2/4
f 12190/2/4 12185/2/4 12191/2/4
f 12190/2/4 12191/2/4 12193/2/4
f 12191/2/4 12192/2/4 12193/2/4
f 12193/2/4 12192/2/4 12194/2/4
f 12194/2/4 12192/2/4 12195/2/4
f 12195/2/4 12192/2/4 12196/2/4
f 12196/2/4 12192/2/4 12197/2/4
f 12197/2/4 12192/2/4 12198/2/4
f 12199/2/4 12200/2/4 12201/2/4
f 12201/2/4 12200/2/4 12202/2/4
f 12196/2/4 12197/2/4 12203/2/4
f 12203/2/4 12197/2/4 12204/2/4
f 12205/2/4 12206/2/4 12209/2/4
f 12209/2/4 12206/2/4 12210/2/4
f 12207/2/4 12208/2/4 12211/2/4
f 12211/2/4 12208/2/4 12212/2/4
f 12213/2/4 12214/2/4 12217/2/4
f 12217/2/4 12214/2/4 12218/2/4
f 12215/2/4 12216/2/4 12223/2/4
f 12223/2/4 12216/2/4 12224/2/4
f 12219/2/4 12220/2/4 12225/2/4
f 12225/2/4 12220/2/4 12226/2/4
f 12221/2/4 12222/2/4 12227/2/4
f 12227/2/4 12222/2/4 12228/2/4
f 12229/2/4 12230/2/4 12231/2/4
f 12231/2/4 12230/2/4 12232/2/4
f 12233/2/4 12234/2/4 12237/2/4
f 12237/2/4 12234/2/4 12238/2/4
f 12235/2/4 12236/2/4 12239/2/4
f 12239/2/4 12236/2/4 12240/2/4
f 12241/2/4 12242/2/4 12248/2/4
f 12248/2/4 12242/2/4 12249/2/4
f 12243/2/4 12244/2/4 12252/2/4
f 12252/2/4 12244/2/4 12253/2/4
f 12245/2/4 12246/2/4 12256/2/4
f 12256/2/4 12246/2/4 12257/2/4
f 12247/2/4 12248/2/4 12260/2/4
f 12260/2/4 12248/2/4 12261/2/4
f 12250/2/4 12251/2/4 12264/2/4
f 12264/2/4 12251/2/4 12265/2/4
f 12254/2/4 12255/2/4 12266/2/4
f 12266/2/4 12255/2/4 12267/2/4
f 12257/2/4 12258/2/4 12270/2/4
f 12270/2/4 12258/2/4 12271/2/4
f 12259/2/4 12260/2/4 12273/2/4
f 12273/2/4 12260/2/4 12274/2/4
f 12262/2/4 12263/2/4 12276/2/4
f 12276/2/4 12263/2/4 12277/2/4
f 12268/2/4 12269/2/4 12278/2/4
f 12278/2/4 12269/2/4 12279/2/4
f 12271/2/4 12272/2/4 12281/2/4
f 12281/2/4 12272/2/4 12282/2/4
f 12275/2/4 12276/2/4 12284/2/4
f 12284/2/4 12276/2/4 12285/2/4
f 12279/2/4 12280/2/4 12286/2/4
f 12286/2/4 12280/2/4 12287/2/4
f 12283/2/4 12284/2/4 12292/2/4
f 12292/2/4 12284/2/4 12293/2/4
f 12287/2/4 12288/2/4 12294/2/4
f 12294/2/4 12288/2/4 12295/2/4
f 12289/2/4 12290/2/4 12299/2/4
f 12299/2/4 12290/2/4 12300/2/4
f 12291/2/4 12292/2/4 12302/2/4
f 12302/2/4 12292/2/4 12303/2/4
f 12295/2/4 12296/2/4 12304/2/4
f 12304/2/4 12296/2/4 12305/2/4
f 12297/2/4 12298/2/4 12307/2/4
f 12307/2/4 12298/2/4 12308/2/4
f 12301/2/4 12302/2/4 12309/2/4
f 12309/2/4 12302/2/4 12310/2/4
f 12305/2/4 12306/2/4 12311/2/4
f 12311/2/4 12306/2/4 12312/2/4
f 12313/2/4 12314/2/4 12317/2/4
f 12317/2/4 12314/2/4 12318/2/4
f 12315/2/4 12316/2/4 12319/2/4
f 12319/2/4 12316/2/4 12320/2/4
f 12321/2/4 12322/2/4 12324/2/4
f 12323/2/4 12324/2/4 12327/2/4
f 12324/2/4 12322/2/4 12328/2/4
f 12327/2/4 12324/2/4 12328/2/4
f 12323/2/4 12327/2/4 12331/2/4
f 12331/2/4 12327/2/4 12332/2/4
f 12329/2/4 12330/2/4 12333/2/4
f 12333/2/4 12330/2/4 12334/2/4
f 12325/2/4 12326/2/4 12335/2/4
f 12335/2/4 12326/2/4 12336/2/4
f 12337/2/4 12338/2/4 12339/2/4
f 12339/2/4 12338/2/4 12340/2/4
f 12341/2/4 12342/2/4 12347/2/4
f 12347/2/4 12342/2/4 12348/2/4
f 12343/2/4 12344/2/4 12351/2/4
f 12351/2/4 12344/2/4 12352/2/4
f 12345/2/4 12346/2/4 12354/2/4
f 12354/2/4 12346/2/4 12355/2/4
f 12348/2/4 12349/2/4 12356/2/4
f 12356/2/4 12349/2/4 12357/2/4
f 12352/2/4 12353/2/4 12360/2/4
f 12351/2/4 12352/2/4 12360/2/4
f 12350/2/4 12351/2/4 12360/2/4
f 12360/2/4 12353/2/4 12361/2/4
f 12361/2/4 12353/2/4 12362/2/4
f 12357/2/4 12358/2/4 12364/2/4
f 12364/2/4 12358/2/4 12365/2/4
f 12359/2/4 12360/2/4 12368/2/4
f 12368/2/4 12360/2/4 12369/2/4
f 12362/2/4 12363/2/4 12370/2/4
f 12361/2/4 12362/2/4 12370/2/4
f 12370/2/4 12363/2/4 12371/2/4
f 12365/2/4 12366/2/4 12374/2/4
f 12374/2/4 12366/2/4 12375/2/4
f 12367/2/4 12368/2/4 12378/2/4
f 12378/2/4 12368/2/4 12379/2/4
f 12372/2/4 12373/2/4 12380/2/4
f 12380/2/4 12373/2/4 12381/2/4
f 12375/2/4 12376/2/4 12383/2/4
f 12383/2/4 12376/2/4 12384/2/4
f 12377/2/4 12378/2/4 12389/2/4
f 12389/2/4 12378/2/4 12390/2/4
f 12371/2/4 12363/2/4 12392/2/4
f 12392/2/4 12363/2/4 12393/2/4
f 12381/2/4 12382/2/4 12394/2/4
f 12394/2/4 12382/2/4 12395/2/4
f 12385/2/4 12386/2/4 12397/2/4
f 12397/2/4 12386/2/4 12398/2/4
f 12387/2/4 12388/2/4 12401/2/4
f 12401/2/4 12388/2/4 12402/2/4
f 12391/2/4 12392/2/4 12404/2/4
f 12404/2/4 12392/2/4 12405/2/4
f 12395/2/4 12396/2/4 12406/2/4
f 12406/2/4 12396/2/4 12407/2/4
f 12399/2/4 12400/2/4 12408/2/4
f 12408/2/4 12400/2/4 12409/2/4
f 12403/2/4 12404/2/4 12410/2/4
f 12410/2/4 12404/2/4 12411/2/4
f 12412/2/4 12413/2/4 12416/2/4
f 12416/2/4 12413/2/4 12417/2/4
f 12414/2/4 12415/2/4 12418/2/4
f 12418/2/4 12415/2/4 12419/2/4
f 12420/2/4 12421/2/4 12422/2/4
f 12422/2/4 12421/2/4 12423/2/4
f 12424/2/4 12425/2/4 12430/2/4
f 12430/2/4 12425/2/4 12431/2/4
f 12426/2/4 12427/2/4 12432/2/4
f 12432/2/4 12427/2/4 12433/2/4
f 12428/2/4 12429/2/4 12438/2/4
f 12438/2/4 12429/2/4 12439/2/4
f 12434/2/4 12435/2/4 12440/2/4
f 12440/2/4 12435/2/4 12441/2/4
f 12436/2/4 12437/2/4 12444/2/4
f 12444/2/4 12437/2/4 12445/2/4
f 12442/2/4 12443/2/4 12450/2/4
f 12450/2/4 12443/2/4 12451/2/4
f 12446/2/4 12447/2/4 12454/2/4
f 12454/2/4 12447/2/4 12455/2/4
f 12448/2/4 12449/2/4 12456/2/4
f 12456/2/4 12449/2/4 12457/2/4
f 12452/2/4 12453/2/4 12462/2/4
f 12462/2/4 12453/2/4 12463/2/4
f 12458/2/4 12459/2/4 12464/2/4
f 12464/2/4 12459/2/4 12465/2/4
f 12460/2/4 12461/2/4 12469/2/4
f 12469/2/4 12461/2/4 12470/2/4
f 12466/2/4 12467/2/4 12471/2/4
f 12471/2/4 12467/2/4 12472/2/4
f 12468/2/4 12469/2/4 12477/2/4
f 12477/2/4 12469/2/4 12478/2/4
f 12472/2/4 12473/2/4 12479/2/4
f 12479/2/4 12473/2/4 12480/2/4
f 12474/2/4 12475/2/4 12484/2/4
f 12484/2/4 12475/2/4 12485/2/4
f 12476/2/4 12477/2/4 12487/2/4
f 12487/2/4 12477/2/4 12488/2/4
f 12480/2/4 12481/2/4 12489/2/4
f 12489/2/4 12481/2/4 12490/2/4
f 12482/2/4 12483/2/4 12492/2/4
f 12492/2/4 12483/2/4 12493/2/4
f 12486/2/4 12487/2/4 12496/2/4
f 12496/2/4 12487/2/4 12497/2/4
f 12490/2/4 12491/2/4 12498/2/4
f 12498/2/4 12491/2/4 12499/2/4
f 12494/2/4 12495/2/4 12502/2/4
f 12502/2/4 12495/2/4 12503/2/4
f 12500/2/4 12501/2/4 12508/2/4
f 12508/2/4 12501/2/4 12509/2/4
f 12504/2/4 12505/2/4 12512/2/4
f 12512/2/4 12505/2/4 12513/2/4
f 12506/2/4 12507/2/4 12514/2/4
f 12514/2/4 12507/2/4 12515/2/4
f 12517/2/4 12518/2/4 12522/2/4
f 12516/2/4 12517/2/4 12522/2/4
f 12522/2/4 12518/2/4 12523/2/4
f 12523/2/4 12518/2/4 12524/2/4
f 12510/2/4 12511/2/4 12525/2/4
f 12525/2/4 12511/2/4 12526/2/4
f 12521/2/4 12522/2/4 12527/2/4
f 12522/2/4 12523/2/4 12527/2/4
f 12527/2/4 12523/2/4 12528/2/4
f 12519/2/4 12520/2/4 12529/2/4
f 12529/2/4 12520/2/4 12530/2/4
f 12531/2/4 12532/2/4 12535/2/4
f 12535/2/4 12532/2/4 12536/2/4
f 12533/2/4 12534/2/4 12537/2/4
f 12537/2/4 12534/2/4 12538/2/4
f 12539/2/4 12540/2/4 12543/2/4
f 12543/2/4 12540/2/4 12544/2/4
f 12541/2/4 12542/2/4 12545/2/4
f 12545/2/4 12542/2/4 12546/2/4
f 12547/2/4 12548/2/4 12551/2/4
f 12551/2/4 12548/2/4 12552/2/4
f 12549/2/4 12550/2/4 12556/2/4
f 12556/2/4 12550/2/4 12557/2/4
f 12552/2/4 12553/2/4 12558/2/4
f 12558/2/4 12553/2/4 12559/2/4
f 12554/2/4 12555/2/4 12562/2/4
f 12562/2/4 12555/2/4 12563/2/4
f 12563/2/4 12555/2/4 12564/2/4
f 12559/2/4 12560/2/4 12566/2/4
f 12566/2/4 12560/2/4 12567/2/4
f 12561/2/4 12562/2/4 12570/2/4
f 12570/2/4 12562/2/4 12571/2/4
f 12564/2/4 12565/2/4 12572/2/4
f 12563/2/4 12564/2/4 12572/2/4
f 12572/2/4 12565/2/4 12573/2/4
f 12567/2/4 12568/2/4 12574/2/4
f 12574/2/4 12568/2/4 12575/2/4
f 12569/2/4 12570/2/4 12580/2/4
f 12580/2/4 12570/2/4 12581/2/4
f 12573/2/4 12565/2/4 12582/2/4
f 12582/2/4 12565/2/4 12583/2/4
f 12576/2/4 12577/2/4 12584/2/4
f 12584/2/4 12577/2/4 12585/2/4
f 12578/2/4 12579/2/4 12590/2/4
f 12590/2/4 12579/2/4 12591/2/4
f 12586/2/4 12587/2/4 12594/2/4
f 12594/2/4 12587/2/4 12595/2/4
f 12588/2/4 12589/2/4 12596/2/4
f 12596/2/4 12589/2/4 12597/2/4
f 12592/2/4 12593/2/4 12600/2/4
f 12600/2/4 12593/2/4 12601/2/4
f 12598/2/4 12599/2/4 12606/2/4
f 12606/2/4 12599/2/4 12607/2/4
f 12602/2/4 12603/2/4 12608/2/4
f 12608/2/4 12603/2/4 12609/2/4
f 12604/2/4 12605/2/4 12614/2/4
f 12614/2/4 12605/2/4 12615/2/4
f 12610/2/4 12611/2/4 12616/2/4
f 12616/2/4 12611/2/4 12617/2/4
f 12612/2/4 12613/2/4 12618/2/4
f 12618/2/4 12613/2/4 12619/2/4
f 12620/2/4 12621/2/4 12626/2/4
f 12626/2/4 12621/2/4 12627/2/4
f 12622/2/4 12623/2/4 12628/2/4
f 12628/2/4 12623/2/4 12629/2/4
f 12624/2/4 12625/2/4 12634/2/4
f 12634/2/4 12625/2/4 12635/2/4
f 12630/2/4 12631/2/4 12636/2/4
f 12636/2/4 12631/2/4 12637/2/4
f 12632/2/4 12633/2/4 12642/2/4
f 12642/2/4 12633/2/4 12643/2/4
f 12638/2/4 12639/2/4 12648/2/4
f 12648/2/4 12639/2/4 12649/2/4
f 12640/2/4 12641/2/4 12653/2/4
f 12653/2/4 12641/2/4 12654/2/4
f 12644/2/4 12645/2/4 12657/2/4
f 12657/2/4 12645/2/4 12658/2/4
f 12646/2/4 12647/2/4 12659/2/4
f 12659/2/4 12647/2/4 12660/2/4
f 12650/2/4 12651/2/4 12663/2/4
f 12663/2/4 12651/2/4 12664/2/4
f 12652/2/4 12653/2/4 12667/2/4
f 12667/2/4 12653/2/4 12668/2/4
f 12655/2/4 12656/2/4 12669/2/4
f 12669/2/4 12656/2/4 12670/2/4
f 12661/2/4 12662/2/4 12671/2/4
f 12671/2/4 12662/2/4 12672/2/4
f 12664/2/4 12665/2/4 12673/2/4
f 12673/2/4 12665/2/4 12674/2/4
f 12666/2/4 12667/2/4 12677/2/4
f 12677/2/4 12667/2/4 12678/2/4
f 12674/2/4 12675/2/4 12679/2/4
f 12679/2/4 12675/2/4 12680/2/4
f 12676/2/4 12677/2/4 12682/2/4
f 12682/2/4 12677/2/4 12683/2/4
f 12680/2/4 12681/2/4 12684/2/4
f 12684/2/4 12681/2/4 12685/2/4
f 12686/2/4 12687/2/4 12690/2/4
f 12690/2/4 12687/2/4 12691/2/4
f 12688/2/4 12689/2/4 12696/2/4
f 12696/2/4 12689/2/4 12697/2/4
f 12692/2/4 12693/2/4 12700/2/4
f 12700/2/4 12693/2/4 12701/2/4
f 12694/2/4 12695/2/4 12702/2/4
f 12702/2/4 12695/2/4 12703/2/4
f 12698/2/4 12699/2/4 12707/2/4
f 12707/2/4 12699/2/4 12708/2/4
f 12705/2/4 12706/2/4 12712/2/4
f 12704/2/4 12705/2/4 12712/2/4
f 12712/2/4 12706/2/4 12713/2/4
f 12709/2/4 12710/2/4 12714/2/4
f 12714/2/4 12710/2/4 12715/2/4
f 12711/2/4 12712/2/4 12716/2/4
f 12716/2/4 12712/2/4 12717/2/4
f 12718/2/4 12719/2/4 12720/2/4
f 12720/2/4 12719/2/4 12721/2/4
f 12722/2/4 12723/2/4 12724/2/4
f 12724/2/4 12723/2/4 12725/2/4
f 12726/2/4 12727/2/4 12730/2/4
f 12730/2/4 12727/2/4 12731/2/4
f 12728/2/4 12729/2/4 12732/2/4
f 12732/2/4 12729/2/4 12733/2/4
f 12734/2/4 12735/2/4 12738/2/4
f 12738/2/4 12735/2/4 12739/2/4
f 12736/2/4 12737/2/4 12740/2/4
f 12740/2/4 12737/2/4 12741/2/4
f 12742/2/4 12743/2/4 12746/2/4
f 12746/2/4 12743/2/4 12747/2/4
f 12744/2/4 12745/2/4 12749/2/4
f 12749/2/4 12745/2/4 12750/2/4
f 12747/2/4 12748/2/4 12752/2/4
f 12752/2/4 12748/2/4 12753/2/4
f 12753/2/4 12754/2/4 12759/2/4
f 12759/2/4 12754/2/4 12760/2/4
f 12755/2/4 12756/2/4 12762/2/4
f 12762/2/4 12756/2/4 12763/2/4
f 12757/2/4 12758/2/4 12768/2/4
f 12768/2/4 12758/2/4 12769/2/4
f 12750/2/4 12751/2/4 12771/2/4
f 12771/2/4 12751/2/4 12772/2/4
f 12760/2/4 12761/2/4 12773/2/4
f 12773/2/4 12761/2/4 12774/2/4
f 12764/2/4 12765/2/4 12777/2/4
f 12777/2/4 12765/2/4 12778/2/4
f 12766/2/4 12767/2/4 12779/2/4
f 12779/2/4 12767/2/4 12780/2/4
f 12770/2/4 12771/2/4 12783/2/4
f 12783/2/4 12771/2/4 12784/2/4
f 12775/2/4 12776/2/4 12785/2/4
f 12785/2/4 12776/2/4 12786/2/4
f 12781/2/4 12782/2/4 12791/2/4
f 12791/2/4 12782/2/4 12792/2/4
f 12787/2/4 12788/2/4 12793/2/4
f 12793/2/4 12788/2/4 12794/2/4
f 12789/2/4 12790/2/4 12799/2/4
f 12799/2/4 12790/2/4 12800/2/4
f 12795/2/4 12796/2/4 12801/2/4
f 12801/2/4 12796/2/4 12802/2/4
f 12797/2/4 12798/2/4 12803/2/4
f 12803/2/4 12798/2/4 12804/2/4
f 12805/2/4 12806/2/4 12809/2/4
f 12809/2/4 12806/2/4 12810/2/4
f 12807/2/4 12808/2/4 12815/2/4
f 12815/2/4 12808/2/4 12816/2/4
f 12811/2/4 12812/2/4 12819/2/4
f 12819/2/4 12812/2/4 12820/2/4
f 12813/2/4 12814/2/4 12825/2/4
f 12825/2/4 12814/2/4 12826/2/4
f 12817/2/4 12818/2/4 12827/2/4
f 12827/2/4 12818/2/4 12828/2/4
f 12821/2/4 12822/2/4 12829/2/4
f 12829/2/4 12822/2/4 12830/2/4
f 12823/2/4 12824/2/4 12834/2/4
f 12834/2/4 12824/2/4 12835/2/4
f 12831/2/4 12832/2/4 12836/2/4
f 12836/2/4 12832/2/4 12837/2/4
f 12833/2/4 12834/2/4 12839/2/4
f 12839/2/4 12834/2/4 12840/2/4
f 12837/2/4 12838/2/4 12841/2/4
f 12841/2/4 12838/2/4 12842/2/4
f 12843/2/4 12844/2/4 12852/2/4
f 12852/2/4 12844/2/4 12853/2/4
f 12845/2/4 12846/2/4 12854/2/4
f 12854/2/4 12846/2/4 12855/2/4
f 12847/2/4 12848/2/4 12856/2/4
f 12856/2/4 12848/2/4 12857/2/4
f 12849/2/4 12850/2/4 12858/2/4
f 12858/2/4 12850/2/4 12859/2/4
f 12851/2/4 12852/2/4 12861/2/4
f 12861/2/4 12852/2/4 12862/2/4
f 12859/2/4 12860/2/4 12863/2/4
f 12863/2/4 12860/2/4 12864/2/4
f 12865/2/4 12866/2/4 12869/2/4
f 12869/2/4 12866/2/4 12870/2/4
f 12867/2/4 12868/2/4 12872/2/4
f 12872/2/4 12868/2/4 12873/2/4
f 12871/2/4 12872/2/4 12876/2/4
f 12876/2/4 12872/2/4 12877/2/4
f 12874/2/4 12875/2/4 12878/2/4
f 12878/2/4 12875/2/4 12879/2/4
f 12882/2/4 12883/2/4 12884/2/4
f 12884/2/4 12883/2/4 12885/2/4
f 12880/2/4 12881/2/4 12886/2/4
f 12886/2/4 12881/2/4 12887/2/4
f 12888/2/4 12889/2/4 12890/2/4
f 12890/2/4 12889/2/4 12891/2/4
f 12892/2/4 12893/2/4 12894/2/4
f 12894/2/4 12893/2/4 12895/2/4
f 12896/2/4 12897/2/4 12898/2/4
f 12898/2/4 12897/2/4 12899/2/4
f 12899/2/4 12900/2/4 12903/2/4
f 12903/2/4 12900/2/4 12904/2/4
f 12901/2/4 12902/2/4 12905/2/4
f 12905/2/4 12902/2/4 12906/2/4
f 12907/2/4 12908/2/4 12911/2/4
f 12911/2/4 12908/2/4 12912/2/4
f 12909/2/4 12910/2/4 12913/2/4
f 12913/2/4 12910/2/4 12914/2/4
f 12912/2/4 12908/2/4 12917/2/4
f 12917/2/4 12908/2/4 12918/2/4
f 12914/2/4 12915/2/4 12919/2/4
f 12919/2/4 12915/2/4 12920/2/4
f 12916/2/4 12917/2/4 12927/2/4
f 12927/2/4 12917/2/4 12928/2/4
f 12921/2/4 12922/2/4 12929/2/4
f 12929/2/4 12922/2/4 12930/2/4
f 12923/2/4 12924/2/4 12933/2/4
f 12933/2/4 12924/2/4 12934/2/4
f 12925/2/4 12926/2/4 12937/2/4
f 12937/2/4 12926/2/4 12938/2/4
f 12931/2/4 12932/2/4 12939/2/4
f 12939/2/4 12932/2/4 12940/2/4
f 12935/2/4 12936/2/4 12943/2/4
f 12943/2/4 12936/2/4 12944/2/4
f 12941/2/4 12942/2/4 12945/2/4
f 12945/2/4 12942/2/4 12946/2/4
f 12947/3/4 12948/3/4 12951/3/4
f 12951/3/4 12948/3/4 12952/3/4
f 12949/3/4 12950/3/4 12955/3/4
f 12955/3/4 12950/3/4 12956/3/4
f 12952/3/4 12953/3/4 12961/3/4
f 12961/3/4 12953/3/4 12962/3/4
f 12954/3/4 12955/3/4 12963/3/4
f 12963/3/4 12955/3/4 12964/3/4
f 12957/3/4 12958/3/4 12969/3/4
f 12969/3/4 12958/3/4 12970/3/4
f 12959/3/4 12960/3/4 12971/3/4
f 12971/3/4 12960/3/4 12972/3/4
f 12965/3/4 12966/3/4 12973/3/4
f 12973/3/4 12966/3/4 12974/3/4
f 12967/3/4 12968/3/4 12975/3/4
f 12975/3/4 12968/3/4 12976/3/4
f 12977/3/4 12978/3/4 12985/3/4
f 12985/3/4 12978/3/4 12986/3/4
f 12979/3/4 12980/3/4 12987/3/4
f 12987/3/4 12980/3/4 12988/3/4
f 12981/3/4 12982/3/4 12989/3/4
f 12989/3/4 12982/3/4 12990/3/4
f 12983/3/4 12984/3/4 12991/3/4
f 12991/3/4 12984/3/4 12992/3/4
f 12993/3/4 12994/3/4 12999/3/4
f 12999/3/4 12994/3/4 13000/3/4
f 12995/3/4 12996/3/4 13001/3/4
f 13001/3/4 12996/3/4 13002/3/4
f 12997/3/4 12998/3/4 13005/3/4
f 13005/3/4 12998/3/4 13006/3/4
f 13003/3/4 13004/3/4 13007/3/4
f 13007/3/4 13004/3/4 13010/3/4
f 13010/3/4 13004/3/4 13011/3/4
f 13008/3/4 13009/3/4 13012/3/4
f 13012/3/4 13009/3/4 13013/3/4
f 13014/3/4 13015/3/4 13016/3/4
f 13016/3/4 13015/3/4 13017/3/4
f 13017/3/4 13018/3/4 13019/3/4
f 13019/3/4 13018/3/4 13020/3/4
f 13021/3/4 13022/3/4 13024/3/4
f 13024/3/4 13022/3/4 13025/3/4
f 13023/3/4 13024/3/4 13026/3/4
f 13026/3/4 13024/3/4 13027/3/4
f 13028/3/4 13029/3/4 13030/3/4
f 13030/3/4 13029/3/4 13031/3/4
f 13032/3/4 13033/3/4 13034/3/4
f 13034/3/4 13033/3/4 13035/3/4
f 13036/3/4 13037/3/4 13038/3/4
f 13038/3/4 13037/3/4 13039/3/4
f 13040/3/4 13041/3/4 13044/3/4
f 13044/3/4 13041/3/4 13045/3/4
f 13042/3/4 13043/3/4 13046/3/4
f 13046/3/4 13043/3/4 13047/3/4
f 13048/3/4 13049/3/4 13055/3/4
f 13055/3/4 13049/3/4 13056/3/4
f 13056/3/4 13049/3/4 13057/3/4
f 13050/3/4 13051/3/4 13058/3/4
f 13058/3/4 13051/3/4 13059/3/4
f 13052/3/4 13053/3/4 13060/3/4
f 13060/3/4 13053/3/4 13061/3/4
f 13054/3/4 13055/3/4 13065/3/4
f 13055/3/4 13056/3/4 13065/3/4
f 13065/3/4 13056/3/4 13066/3/4
f 13066/3/4 13056/3/4 13067/3/4
f 13062/3/4 13063/3/4 13069/3/4
f 13069/3/4 13063/3/4 13070/3/4
f 13064/3/4 13065/3/4 13072/3/4
f 13065/3/4 13066/3/4 13072/3/4
f 13072/3/4 13066/3/4 13073/3/4
f 13073/3/4 13066/3/4 13074/3/4
f 13068/3/4 13069/3/4 13075/3/4
f 13075/3/4 13069/3/4 13076/3/4
f 13072/3/4 13073/3/4 13077/3/4
f 13071/3/4 13072/3/4 13077/3/4
f 13077/3/4 13073/3/4 13078/3/4
f 13079/3/4 13080/3/4 13083/3/4
f 13083/3/4 13080/3/4 13084/3/4
f 13081/3/4 13082/3/4 13085/3/4
f 13085/3/4 13082/3/4 13086/3/4
f 13087/3/4 13088/3/4 13091/3/4
f 13091/3/4 13088/3/4 13092/3/4
f 13089/3/4 13090/3/4 13093/3/4
f 13093/3/4 13090/3/4 13094/3/4
f 13095/3/4 13096/3/4 13097/3/4
f 13097/3/4 13096/3/4 13098/3/4
f 13099/3/4 13100/3/4 13101/3/4
f 13101/3/4 13100/3/4 13102/3/4
f 13103/3/4 13104/3/4 13105/3/4
f 13105/3/4 13104/3/4 13106/3/4
f 13106/3/4 13107/3/4 13108/3/4
f 13108/3/4 13107/3/4 13109/3/4
f 13110/3/4 13111/3/4 13112/3/4
f 13112/3/4 13111/3/4 13113/3/4
f 13114/3/4 13115/3/4 13116/3/4
f 13116/3/4 13115/3/4 13117/3/4
f 13118/2/4 13119/2/4 13121/2/4
f 13119/2/4 13120/2/4 13121/2/4
f 13121/2/4 13120/2/4 13122/2/4
f 13123/2/4 13124/2/4 13126/2/4
f 13126/2/4 13124/2/4 13127/2/4
f 13125/2/4 13126/2/4 13128/2/4
f 13128/2/4 13126/2/4 13129/2/4
f 13130/2/4 13131/2/4 13132/2/4
f 13132/2/4 13131/2/4 13133/2/4
f 13134/2/4 13135/2/4 13137/2/4
f 13135/2/4 13136/2/4 13137/2/4
f 13137/2/4 13136/2/4 13138/2/4
f 13138/2/4 13136/2/4 13139/2/4
f 13139/2/4 13136/2/4 13140/2/4
f 13140/2/4 13136/2/4 13141/2/4
f 13141/2/4 13136/2/4 13142/2/4
f 13143/2/4 13144/2/4 13145/2/4
f 13145/2/4 13144/2/4 13146/2/4
f 13147/2/4 13148/2/4 13149/2/4
f 13149/2/4 13148/2/4 13150/2/4
f 13151/2/4 13152/2/4 13155/2/4
f 13152/2/4 13153/2/4 13155/2/4
f 13155/2/4 13153/2/4 13156/2/4
f 13154/2/4 13155/2/4 13158/2/4
f 13156/2/4 13157/2/4 13158/2/4
f 13155/2/4 13156/2/4 13158/2/4
f 13158/2/4 13157/2/4 13159/2/4
f 13160/2/4 13161/2/4 13162/2/4
f 13162/2/4 13163/2/4 13164/2/4
f 13160/2/4 13162/2/4 13166/2/4
f 13164/2/4 13165/2/4 13166/2/4
f 13162/2/4 13164/2/4 13166/2/4
f 13166/2/4 13165/2/4 13167/2/4
f 13167/2/4 13165/2/4 13168/2/4
f 13168/2/4 13169/2/4 13170/2/4
f 13167/2/4 13168/2/4 13170/2/4
f 13170/2/4 13169/2/4 13171/2/4
f 13171/2/4 13169/2/4 13172/2/4
f 13172/2/4 13169/2/4 13173/2/4
f 13171/2/4 13172/2/4 13174/2/4
f 13174/2/4 13172/2/4 13175/2/4
f 13175/2/4 13172/2/4 13176/2/4
f 13177/2/4 13178/2/4 13181/2/4
f 13178/2/4 13179/2/4 13181/2/4
f 13181/2/4 13179/2/4 13182/2/4
f 13182/2/4 13179/2/4 13183/2/4
f 13180/2/4 13181/2/4 13184/2/4
f 13181/2/4 13182/2/4 13184/2/4
f 13184/2/4 13182/2/4 13185/2/4
f 13186/2/4 13187/2/4 13189/2/4
f 13188/2/4 13189/2/4 13190/2/4
f 13190/2/4 13189/2/4 13191/2/4
f 13189/2/4 13187/2/4 13192/2/4
f 13191/2/4 13189/2/4 13192/2/4
f 13192/2/4 13187/2/4 13193/2/4
f 13193/2/4 13187/2/4 13194/2/4
f 13194/2/4 13195/2/4 13196/2/4
f 13196/2/4 13195/2/4 13197/2/4
f 13197/2/4 13198/2/4 13199/2/4
f 13199/2/4 13198/2/4 13200/2/4
f 13201/2/4 13202/2/4 13204/2/4
f 13204/2/4 13202/2/4 13205/2/4
f 13203/2/4 13204/2/4 13207/2/4
f 13207/2/4 13204/2/4 13208/2/4
f 13206/2/4 13207/2/4 13209/2/4
f 13209/2/4 13207/2/4 13210/2/4
f 13211/2/4 13212/2/4 13214/2/4
f 13214/2/4 13212/2/4 13215/2/4
f 13213/2/4 13214/2/4 13215/2/4
f 13215/2/4 13212/2/4 13216/2/4
f 13213/2/4 13215/2/4 13218/2/4
f 13218/2/4 13215/2/4 13219/2/4
f 13217/2/4 13218/2/4 13219/2/4
f 13219/2/4 13215/2/4 13220/2/4
f 13217/2/4 13219/2/4 13221/2/4
f 13221/2/4 13219/2/4 13222/2/4
f 13222/2/4 13219/2/4 13223/2/4
f 13224/2/4 13225/2/4 13228/2/4
f 13228/2/4 13225/2/4 13229/2/4
f 13226/2/4 13227/2/4 13231/2/4
f 13231/2/4 13227/2/4 13232/2/4
f 13230/2/4 13231/2/4 13234/2/4
f 13234/2/4 13231/2/4 13235/2/4
f 13233/2/4 13234/2/4 13236/2/4
f 13236/2/4 13234/2/4 13237/2/4
f 13238/2/4 13239/2/4 13240/2/4
f 13240/2/4 13239/2/4 13241/2/4
f 13242/2/4 13243/2/4 13244/2/4
f 13244/2/4 13243/2/4 13245/2/4
f 13246/2/4 13247/2/4 13249/2/4
f 13249/2/4 13247/2/4 13250/2/4
f 13248/2/4 13249/2/4 13252/2/4
f 13252/2/4 13249/2/4 13253/2/4
f 13251/2/4 13252/2/4 13255/2/4
f 13255/2/4 13252/2/4 13256/2/4
f 13254/2/4 13255/2/4 13257/2/4
f 13257/2/4 13255/2/4 13258/2/4
f 13259/2/4 13260/2/4 13265/2/4
f 13265/2/4 13260/2/4 13266/2/4
f 13261/2/4 13262/2/4 13267/2/4
f 13267/2/4 13262/2/4 13268/2/4
f 13263/2/4 13264/2/4 13271/2/4
f 13271/2/4 13264/2/4 13272/2/4
f 13269/2/4 13270/2/4 13275/2/4
f 13275/2/4 13270/2/4 13276/2/4
f 13273/2/4 13274/2/4 13278/2/4
f 13278/2/4 13274/2/4 13279/2/4
f 13277/2/4 13278/2/4 13280/2/4
f 13280/2/4 13278/2/4 13281/2/4
f 13282/2/4 13283/2/4 13286/2/4
f 13286/2/4 13283/2/4 13287/2/4
f 13284/2/4 13285/2/4 13289/2/4
f 13289/2/4 13285/2/4 13290/2/4
f 13290/2/4 13285/2/4 13291/2/4
f 13288/2/4 13289/2/4 13293/2/4
f 13289/2/4 13290/2/4 13293/2/4
f 13293/2/4 13290/2/4 13294/2/4
f 13294/2/4 13290/2/4 13295/2/4
f 13292/2/4 13293/2/4 13297/2/4
f 13293/2/4 13294/2/4 13297/2/4
f 13297/2/4 13294/2/4 13298/2/4
f 13298/2/4 13294/2/4 13299/2/4
f 13300/2/4 13301/2/4 13302/2/4
f 13302/2/4 13301/2/4 13303/2/4
f 13296/2/4 13297/2/4 13304/2/4
f 13297/2/4 13298/2/4 13304/2/4
f 13304/2/4 13298/2/4 13305/2/4
f 13306/2/4 13307/2/4 13308/2/4
f 13308/2/4 13307/2/4 13309/2/4
f 13296/2/4 13304/2/4 13310/2/4
f 13310/2/4 13304/2/4 13311/2/4
f 13311/2/4 13304/2/4 13312/2/4
f 13312/2/4 13304/2/4 13313/2/4
f 13314/2/4 13315/2/4 13316/2/4
f 13316/2/4 13315/2/4 13317/2/4
f 13314/2/4 13316/2/4 13319/2/4
f 13319/2/4 13316/2/4 13320/2/4
f 13318/2/4 13319/2/4 13322/2/4
f 13322/2/4 13319/2/4 13323/2/4
f 13321/2/4 13322/2/4 13324/2/4
f 13324/2/4 13322/2/4 13325/2/4
f 13325/2/4 13322/2/4 13326/2/4
f 13326/2/4 13322/2/4 13327/2/4
f 13328/2/4 13329/2/4 13332/2/4
f 13332/2/4 13329/2/4 13333/2/4
f 13330/2/4 13331/2/4 13334/2/4
f 13334/2/4 13331/2/4 13335/2/4
f 13336/2/4 13337/2/4 13340/2/4
f 13340/2/4 13337/2/4 13341/2/4
f 13338/2/4 13339/2/4 13343/2/4
f 13343/2/4 13339/2/4 13344/2/4
f 13342/2/4 13343/2/4 13348/2/4
f 13348/2/4 13343/2/4 13349/2/4
f 13345/2/4 13346/2/4 13351/2/4
f 13351/2/4 13346/2/4 13352/2/4
f 13347/2/4 13348/2/4 13354/2/4
f 13354/2/4 13348/2/4 13355/2/4
f 13352/2/4 13353/2/4 13357/2/4
f 13350/2/4 13351/2/4 13357/2/4
f 13351/2/4 13352/2/4 13357/2/4
f 13357/2/4 13353/2/4 13358/2/4
f 13358/2/4 13353/2/4 13359/2/4
f 13359/2/4 13353/2/4 13360/2/4
f 13356/2/4 13357/2/4 13363/2/4
f 13357/2/4 13358/2/4 13363/2/4
f 13363/2/4 13358/2/4 13364/2/4
f 13364/2/4 13358/2/4 13365/2/4
f 13359/2/4 13360/2/4 13366/2/4
f 13360/2/4 13361/2/4 13366/2/4
f 13366/2/4 13361/2/4 13367/2/4
f 13363/2/4 13364/2/4 13369/2/4
f 13362/2/4 13363/2/4 13369/2/4
f 13369/2/4 13364/2/4 13370/2/4
f 13370/2/4 13364/2/4 13371/2/4
f 13368/2/4 13369/2/4 13372/2/4
f 13369/2/4 13370/2/4 13372/2/4
f 13372/2/4 13370/2/4 13373/2/4
f 13373/2/4 13370/2/4 13374/2/4
f 13372/2/4 13373/2/4 13376/2/4
f 13375/2/4 13376/2/4 13377/2/4
f 13377/2/4 13376/2/4 13380/2/4
f 13376/2/4 13373/2/4 13381/2/4
f 13380/2/4 13376/2/4 13381/2/4
f 13378/2/4 13379/2/4 13382/2/4
f 13382/2/4 13379/2/4 13383/2/4
f 13381/2/4 13373/2/4 13384/2/4
f 13384/2/4 13385/2/4 13386/2/4
f 13381/2/4 13384/2/4 13386/2/4
f 13386/2/4 13385/2/4 13387/2/4
f 13387/2/4 13385/2/4 13388/2/4
f 13387/2/4 13388/2/4 13390/2/4
f 13388/2/4 13389/2/4 13390/2/4
f 13390/2/4 13389/2/4 13391/2/4
f 13387/2/4 13390/2/4 13392/2/4
f 13392/2/4 13390/2/4 13393/2/4
f 13394/2/4 13395/2/4 13397/2/4
f 13397/2/4 13395/2/4 13398/2/4
f 13396/2/4 13397/2/4 13399/2/4
f 13399/2/4 13397/2/4 13400/2/4
f 13401/2/4 13402/2/4 13407/2/4
f 13407/2/4 13402/2/4 13408/2/4
f 13403/2/4 13404/2/4 13409/2/4
f 13409/2/4 13404/2/4 13410/2/4
f 13405/2/4 13406/2/4 13413/2/4
f 13413/2/4 13406/2/4 13414/2/4
f 13411/2/4 13412/2/4 13417/2/4
f 13417/2/4 13412/2/4 13418/2/4
f 13415/2/4 13416/2/4 13423/2/4
f 13423/2/4 13416/2/4 13424/2/4
f 13420/2/4 13421/2/4 13426/2/4
f 13419/2/4 13420/2/4 13426/2/4
f 13426/2/4 13421/2/4 13427/2/4
f 13427/2/4 13421/2/4 13428/2/4
f 13428/2/4 13421/2/4 13429/2/4
f 13422/2/4 13423/2/4 13432/2/4
f 13432/2/4 13423/2/4 13433/2/4
f 13425/2/4 13426/2/4 13435/2/4
f 13426/2/4 13427/2/4 13435/2/4
f 13435/2/4 13427/2/4 13436/2/4
f 13429/2/4 13430/2/4 13437/2/4
f 13428/2/4 13429/2/4 13437/2/4
f 13437/2/4 13430/2/4 13438/2/4
f 13438/2/4 13430/2/4 13439/2/4
f 13431/2/4 13432/2/4 13442/2/4
f 13442/2/4 13432/2/4 13443/2/4
f 13434/2/4 13435/2/4 13445/2/4
f 13445/2/4 13435/2/4 13446/2/4
f 13439/2/4 13440/2/4 13447/2/4
f 13438/2/4 13439/2/4 13447/2/4
f 13447/2/4 13440/2/4 13448/2/4
f 13448/2/4 13440/2/4 13449/2/4
f 13441/2/4 13442/2/4 13450/2/4
f 13450/2/4 13442/2/4 13451/2/4
f 13444/2/4 13445/2/4 13453/2/4
f 13453/2/4 13445/2/4 13454/2/4
f 13448/2/4 13449/2/4 13455/2/4
f 13449/2/4 13450/2/4 13455/2/4
f 13455/2/4 13450/2/4 13456/2/4
f 13452/2/4 13453/2/4 13457/2/4
f 13457/2/4 13453/2/4 13458/2/4
f 13459/2/4 13460/2/4 13461/2/4
f 13461/2/4 13460/2/4 13462/2/4
f 13463/2/4 13464/2/4 13465/2/4
f 13463/2/4 13465/2/4 13468/2/4
f 13465/2/4 13466/2/4 13468/2/4
f 13468/2/4 13466/2/4 13469/2/4
f 13467/2/4 13468/2/4 13470/2/4
f 13470/2/4 13468/2/4 13471/2/4
f 13469/2/4 13466/2/4 13472/2/4
f 13469/2/4 13472/2/4 13474/2/4
f 13472/2/4 13473/2/4 13474/2/4
f 13474/2/4 13473/2/4 13475/2/4
f 13475/2/4 13473/2/4 13477/2/4
f 13477/2/4 13473/2/4 13478/2/4
f 13476/2/4 13477/2/4 13480/2/4
f 13480/2/4 13477/2/4 13481/2/4
f 13479/2/4 13480/2/4 13482/2/4
f 13482/2/4 13480/2/4 13483/2/4
f 13484/2/4 13485/2/4 13486/2/4
f 13486/2/4 13485/2/4 13487/2/4
f 13488/2/4 13489/2/4 13493/2/4
f 13493/2/4 13489/2/4 13494/2/4
f 13491/2/4 13492/2/4 13495/2/4
f 13490/2/4 13491/2/4 13495/2/4
f 13495/2/4 13492/2/4 13496/2/4
f 13496/2/4 13497/2/4 13500/2/4
f 13500/2/4 13497/2/4 13501/2/4
f 13498/2/4 13499/2/4 13504/2/4
f 13504/2/4 13499/2/4 13505/2/4
f 13501/2/4 13502/2/4 13506/2/4
f 13506/2/4 13502/2/4 13507/2/4
f 13503/2/4 13504/2/4 13508/2/4
f 13508/2/4 13504/2/4 13509/2/4
f 13507/2/4 13508/2/4 13510/2/4
f 13510/2/4 13508/2/4 13511/2/4
f 13512/2/4 13513/2/4 13515/2/4
f 13515/2/4 13513/2/4 13516/2/4
f 13514/2/4 13515/2/4 13516/2/4
f 13516/2/4 13513/2/4 13517/2/4
f 13514/2/4 13516/2/4 13519/2/4
f 13517/2/4 13518/2/4 13520/2/4
f 13520/2/4 13518/2/4 13521/2/4
f 13514/2/4 13519/2/4 13522/2/4
f 13519/2/4 13520/2/4 13522/2/4
f 13522/2/4 13520/2/4 13523/2/4
f 13524/2/4 13525/2/4 13526/2/4
f 13526/2/4 13525/2/4 13527/2/4
f 13527/2/4 13525/2/4 13528/2/4
f 13527/2/4 13528/2/4 13532/2/4
f 13528/2/4 13529/2/4 13532/2/4
f 13532/2/4 13529/2/4 13533/2/4
f 13530/2/4 13531/2/4 13535/2/4
f 13535/2/4 13531/2/4 13536/2/4
f 13533/2/4 13534/2/4 13537/2/4
f 13537/2/4 13534/2/4 13538/2/4
f 13538/2/4 13539/2/4 13540/2/4
f 13540/2/4 13539/2/4 13541/2/4
f 13542/2/4 13543/2/4 13544/2/4
f 13544/2/4 13543/2/4 13545/2/4
f 13546/2/4 13547/2/4 13550/2/4
f 13550/2/4 13547/2/4 13551/2/4
f 13548/2/4 13549/2/4 13552/2/4
f 13552/2/4 13549/2/4 13553/2/4
f 13551/2/4 13547/2/4 13554/2/4
f 13554/2/4 13547/2/4 13555/2/4
f 13555/2/4 13556/2/4 13557/2/4
f 13557/2/4 13556/2/4 13558/2/4
f 13559/2/4 13560/2/4 13561/2/4
f 13561/2/4 13560/2/4 13562/2/4
f 13559/2/4 13561/2/4 13563/2/4
f 13563/2/4 13561/2/4 13564/2/4
f 13562/2/4 13560/2/4 13565/2/4
f 13565/2/4 13560/2/4 13566/2/4
f 13567/2/4 13568/2/4 13569/2/4
f 13569/2/4 13568/2/4 13570/2/4
f 13573/1/5 13572/1/5 13571/1/5
f 13574/1/5 13572/1/5 13573/1/5
f 13575/2/5 13574/2/5 13573/2/5
f 13576/2/5 13574/2/5 13575/2/5
f 13577/2/5 13574/2/5 13576/2/5
f 13578/2/5 13574/2/5 13577/2/5
f 13579/2/5 13577/2/5 13576/2/5
f 13580/2/5 13577/2/5 13579/2/5
f 13581/2/5 13577/2/5 13580/2/5
f 13582/2/5 13577/2/5 13581/2/5
f 13583/2/5 13581/2/5 13580/2/5
f 13584/2/5 13581/2/5 13583/2/5
f 13585/2/5 13581/2/5 13584/2/5
f 13586/2/5 13581/2/5 13585/2/5
f 13587/2/5 13585/2/5 13584/2/5
f 13588/2/5 13585/2/5 13587/2/5
f 13592/2/5 13590/2/5 13589/2/5
f 13593/2/5 13590/2/5 13592/2/5
f 13596/2/5 13593/2/5 13592/2/5
f 13596/2/5 13594/2/5 13593/2/5
f 13596/2/5 13592/2/5 13591/2/5
f 13597/2/5 13594/2/5 13596/2/5
f 13600/2/5 13597/2/5 13596/2/5
f 13600/2/5 13598/2/5 13597/2/5
f 13600/2/5 13596/2/5 13595/2/5
f 13601/2/5 13598/2/5 13600/2/5
f 13603/2/5 13601/2/5 13600/2/5
f 13603/2/5 13602/2/5 13601/2/5
f 13603/2/5 13600/2/5 13599/2/5
f 13604/2/5 13602/2/5 13603/2/5
f 13605/2/5 13602/2/5 13604/2/5
f 13606/2/5 13602/2/5 13605/2/5
f 13607/2/5 13605/2/5 13604/2/5
f 13608/2/5 13605/2/5 13607/2/5
f 13609/2/5 13605/2/5 13608/2/5
f 13610/2/5 13605/2/5 13609/2/5
f 13611/2/5 13609/2/5 13608/2/5
f 13612/2/5 13609/2/5 13611/2/5
f 13613/2/5 13609/2/5 13612/2/5
f 13614/2/5 13609/2/5 13613/2/5
f 13615/2/5 13613/2/5 13612/2/5
f 13616/2/5 13613/2/5 13615/2/5
f 13620/2/5 13618/2/5 13617/2/5
f 13621/2/5 13618/2/5 13620/2/5
f 13624/2/5 13621/2/5 13620/2/5
f 13624/2/5 13622/2/5 13621/2/5
f 13624/2/5 13620/2/5 13619/2/5
f 13625/2/5 13622/2/5 13624/2/5
f 13628/2/5 13625/2/5 13624/2/5
f 13628/2/5 13626/2/5 13625/2/5
f 13628/2/5 13624/2/5 13623/2/5
f 13629/2/5 13626/2/5 13628/2/5
f 13631/2/5 13629/2/5 13628/2/5
f 13631/2/5 13630/2/5 13629/2/5
f 13631/2/5 13628/2/5 13627/2/5
f 13632/2/5 13630/2/5 13631/2/5
f 13633/2/5 13630/2/5 13632/2/5
f 13634/2/5 13630/2/5 13633/2/5
f 13635/2/5 13633/2/5 13632/2/5
f 13636/2/5 13633/2/5 13635/2/5
f 13637/2/5 13633/2/5 13636/2/5
f 13638/2/5 13633/2/5 13637/2/5
f 13639/2/5 13637/2/5 13636/2/5
f 13640/2/5 13637/2/5 13639/2/5
f 13641/2/5 13637/2/5 13640/2/5
f 13642/2/5 13637/2/5 13641/2/5
f 13643/2/5 13641/2/5 13640/2/5
f 13644/2/5 13641/2/5 13643/2/5
f 13648/2/5 13646/2/5 13645/2/5
f 13649/2/5 13646/2/5 13648/2/5
f 13652/2/5 13649/2/5 13648/2/5
f 13652/2/5 13650/2/5 13649/2/5
f 13652/2/5 13648/2/5 13647/2/5
f 13653/2/5 13650/2/5 13652/2/5
f 13656/2/5 13653/2/5 13652/2/5
f 13656/2/5 13654/2/5 13653/2/5
f 13656/2/5 13652/2/5 13651/2/5
f 13657/2/5 13654/2/5 13656/2/5
f 13659/2/5 13657/2/5 13656/2/5
f 13659/2/5 13658/2/5 13657/2/5
f 13659/2/5 13656/2/5 13655/2/5
f 13660/2/5 13658/2/5 13659/2/5
f 13661/2/5 13658/2/5 13660/2/5
f 13662/2/5 13658/2/5 13661/2/5
f 13663/2/5 13661/2/5 13660/2/5
f 13664/2/5 13661/2/5 13663/2/5
f 13665/2/5 13661/2/5 13664/2/5
f 13666/2/5 13661/2/5 13665/2/5
f 13667/2/5 13665/2/5 13664/2/5
f 13668/2/5 13665/2/5 13667/2/5
f 13669/2/5 13665/2/5 13668/2/5
f 13670/2/5 13665/2/5 13669/2/5
f 13671/2/5 13669/2/5 13668/2/5
f 13672/2/5 13669/2/5 13671/2/5
f 13677/1/5 13674/1/5 13673/1/5
f 13678/1/5 13674/1/5 13677/1/5
f 13679/1/5 13676/1/5 13675/1/5
f 13680/1/5 13676/1/5 13679/1/5
f 13681/2/5 13678/2/5 13677/2/5
f 13682/2/5 13678/2/5 13681/2/5
f 13683/2/5 13678/2/5 13682/2/5
f 13686/2/5 13680/2/5 13679/2/5
f 13687/2/5 13680/2/5 13686/2/5
f 13688/2/5 13680/2/5 13687/2/5
f 13689/2/5 13684/2/5 13683/2/5
f 13689/2/5 13683/2/5 13682/2/5
f 13692/2/5 13687/2/5 13686/2/5
f 13692/2/5 13686/2/5 13685/2/5
f 13693/2/5 13690/2/5 13689/2/5
f 13693/2/5 13689/2/5 13682/2/5
f 13694/2/5 13690/2/5 13693/2/5
f 13695/2/5 13690/2/5 13694/2/5
f 13698/2/5 13692/2/5 13691/2/5
f 13699/2/5 13687/2/5 13692/2/5
f 13699/2/5 13692/2/5 13698/2/5
f 13700/2/5 13687/2/5 13699/2/5
f 13701/2/5 13696/2/5 13695/2/5
f 13701/2/5 13695/2/5 13694/2/5
f 13702/2/5 13698/2/5 13697/2/5
f 13702/2/5 13699/2/5 13698/2/5
f 13703/2/5 13701/2/5 13694/2/5
f 13703/2/5 13702/2/5 13701/2/5
f 13704/2/5 13702/2/5 13703/2/5
f 13705/2/5 13699/2/5 13702/2/5
f 13705/2/5 13702/2/5 13704/2/5
f 13706/2/5 13699/2/5 13705/2/5
f 13707/2/5 13705/2/5 13704/2/5
f 13708/2/5 13705/2/5 13707/2/5
f 13709/2/5 13705/2/5 13708/2/5
f 13710/2/5 13705/2/5 13709/2/5
f 13711/2/5 13709/2/5 13708/2/5
f 13712/2/5 13709/2/5 13711/2/5
f 13716/2/5 13714/2/5 13713/2/5
f 13717/2/5 13714/2/5 13716/2/5
f 13720/2/5 13717/2/5 13716/2/5
f 13720/2/5 13718/2/5 13717/2/5
f 13720/2/5 13716/2/5 13715/2/5
f 13721/2/5 13718/2/5 13720/2/5
f 13723/2/5 13721/2/5 13720/2/5
f 13723/2/5 13722/2/5 13721/2/5
f 13723/2/5 13720/2/5 13719/2/5
f 13724/2/5 13722/2/5 13723/2/5
f 13726/2/5 13723/2/5 13719/2/5
f 13727/2/5 13723/2/5 13726/2/5
f 13728/2/5 13723/2/5 13727/2/5
f 13729/2/5 13722/2/5 13724/2/5
f 13730/2/5 13722/2/5 13729/2/5
f 13731/2/5 13722/2/5 13730/2/5
f 13733/2/5 13726/2/5 13725/2/5
f 13733/2/5 13727/2/5 13726/2/5
f 13734/2/5 13727/2/5 13733/2/5
f 13735/2/5 13731/2/5 13730/2/5
f 13735/2/5 13732/2/5 13731/2/5
f 13736/2/5 13732/2/5 13735/2/5
f 13738/2/5 13733/2/5 13725/2/5
f 13739/2/5 13733/2/5 13738/2/5
f 13740/2/5 13733/2/5 13739/2/5
f 13741/2/5 13732/2/5 13736/2/5
f 13742/2/5 13732/2/5 13741/2/5
f 13743/2/5 13732/2/5 13742/2/5
f 13745/2/5 13738/2/5 13737/2/5
f 13745/2/5 13739/2/5 13738/2/5
f 13746/2/5 13739/2/5 13745/2/5
f 13747/2/5 13739/2/5 13746/2/5
f 13750/2/5 13743/2/5 13742/2/5
f 13750/2/5 13744/2/5 13743/2/5
f 13751/2/5 13744/2/5 13750/2/5
f 13752/2/5 13744/2/5 13751/2/5
f 13753/2/5 13748/2/5 13747/2/5
f 13753/2/5 13747/2/5 13746/2/5
f 13756/2/5 13751/2/5 13750/2/5
f 13756/2/5 13750/2/5 13749/2/5
f 13757/2/5 13754/2/5 13753/2/5
f 13757/2/5 13753/2/5 13746/2/5
f 13758/2/5 13754/2/5 13757/2/5
f 13759/2/5 13754/2/5 13758/2/5
f 13762/2/5 13756/2/5 13755/2/5
f 13763/2/5 13751/2/5 13756/2/5
f 13763/2/5 13756/2/5 13762/2/5
f 13764/2/5 13751/2/5 13763/2/5
f 13765/2/5 13760/2/5 13759/2/5
f 13765/2/5 13759/2/5 13758/2/5
f 13766/2/5 13762/2/5 13761/2/5
f 13766/2/5 13763/2/5 13762/2/5
f 13767/2/5 13765/2/5 13758/2/5
f 13767/2/5 13766/2/5 13765/2/5
f 13768/2/5 13766/2/5 13767/2/5
f 13769/2/5 13763/2/5 13766/2/5
f 13769/2/5 13766/2/5 13768/2/5
f 13770/2/5 13763/2/5 13769/2/5
f 13771/2/5 13769/2/5 13768/2/5
f 13772/2/5 13769/2/5 13771/2/5
f 13773/2/5 13769/2/5 13772/2/5
f 13774/2/5 13769/2/5 13773/2/5
f 13775/2/5 13773/2/5 13772/2/5
f 13776/2/5 13773/2/5 13775/2/5
f 13780/2/5 13778/2/5 13777/2/5
f 13781/2/5 13778/2/5 13780/2/5
f 13784/2/5 13781/2/5 13780/2/5
f 13784/2/5 13782/2/5 13781/2/5
f 13784/2/5 13780/2/5 13779/2/5
f 13785/2/5 13782/2/5 13784/2/5
f 13787/2/5 13785/2/5 13784/2/5
f 13787/2/5 13786/2/5 13785/2/5
f 13787/2/5 13784/2/5 13783/2/5
f 13788/2/5 13786/2/5 13787/2/5
f 13790/2/5 13787/2/5 13783/2/5
f 13791/2/5 13787/2/5 13790/2/5
f 13792/2/5 13787/2/5 13791/2/5
f 13793/2/5 13786/2/5 13788/2/5
f 13794/2/5 13786/2/5 13793/2/5
f 13795/2/5 13786/2/5 13794/2/5
f 13797/2/5 13790/2/5 13789/2/5
f 13797/2/5 13791/2/5 13790/2/5
f 13798/2/5 13791/2/5 13797/2/5
f 13799/2/5 13795/2/5 13794/2/5
f 13799/2/5 13796/2/5 13795/2/5
f 13800/2/5 13796/2/5 13799/2/5
f 13802/2/5 13797/2/5 13789/2/5
f 13803/2/5 13797/2/5 13802/2/5
f 13804/2/5 13797/2/5 13803/2/5
f 13805/2/5 13796/2/5 13800/2/5
f 13806/2/5 13796/2/5 13805/2/5
f 13807/2/5 13796/2/5 13806/2/5
f 13809/2/5 13802/2/5 13801/2/5
f 13809/2/5 13803/2/5 13802/2/5
f 13810/2/5 13803/2/5 13809/2/5
f 13811/2/5 13803/2/5 13810/2/5
f 13814/2/5 13807/2/5 13806/2/5
f 13814/2/5 13808/2/5 13807/2/5
f 13815/2/5 13808/2/5 13814/2/5
f 13816/2/5 13808/2/5 13815/2/5
f 13817/2/5 13812/2/5 13811/2/5
f 13817/2/5 13811/2/5 13810/2/5
f 13820/2/5 13815/2/5 13814/2/5
f 13820/2/5 13814/2/5 13813/2/5
f 13821/2/5 13818/2/5 13817/2/5
f 13821/2/5 13817/2/5 13810/2/5
f 13822/2/5 13818/2/5 13821/2/5
f 13823/2/5 13818/2/5 13822/2/5
f 13826/2/5 13820/2/5 13819/2/5
f 13827/2/5 13815/2/5 13820/2/5
f 13827/2/5 13820/2/5 13826/2/5
f 13828/2/5 13815/2/5 13827/2/5
f 13829/2/5 13824/2/5 13823/2/5
f 13829/2/5 13823/2/5 13822/2/5
f 13830/2/5 13826/2/5 13825/2/5
f 13830/2/5 13827/2/5 13826/2/5
f 13831/2/5 13829/2/5 13822/2/5
f 13831/2/5 13830/2/5 13829/2/5
f 13832/2/5 13830/2/5 13831/2/5
f 13833/2/5 13827/2/5 13830/2/5
f 13833/2/5 13830/2/5 13832/2/5
f 13834/2/5 13827/2/5 13833/2/5
f 13835/2/5 13833/2/5 13832/2/5
f 13836/2/5 13833/2/5 13835/2/5
f 13837/2/5 13833/2/5 13836/2/5
f 13838/2/5 13833/2/5 13837/2/5
f 13839/2/5 13837/2/5 13836/2/5
f 13840/2/5 13837/2/5 13839/2/5
f 13844/2/5 13842/2/5 13841/2/5
f 13845/2/5 13842/2/5 13844/2/5
f 13848/2/5 13845/2/5 13844/2/5
f 13848/2/5 13846/2/5 13845/2/5
f 13848/2/5 13844/2/5 13843/2/5
f 13849/2/5 13846/2/5 13848/2/5
f 13851/2/5 13849/2/5 13848/2/5
f 13851/2/5 13850/2/5 13849/2/5
f 13851/2/5 13848/2/5 13847/2/5
f 13852/2/5 13850/2/5 13851/2/5
f 13854/2/5 13851/2/5 13847/2/5
f 13855/2/5 13851/2/5 13854/2/5
f 13856/2/5 13851/2/5 13855/2/5
f 13857/2/5 13850/2/5 13852/2/5
f 13858/2/5 13850/2/5 13857/2/5
f 13859/2/5 13850/2/5 13858/2/5
f 13861/2/5 13854/2/5 13853/2/5
f 13861/2/5 13855/2/5 13854/2/5
f 13862/2/5 13855/2/5 13861/2/5
f 13863/2/5 13859/2/5 13858/2/5
f 13863/2/5 13860/2/5 13859/2/5
f 13864/2/5 13860/2/5 13863/2/5
f 13866/2/5 13861/2/5 13853/2/5
f 13867/2/5 13861/2/5 13866/2/5
f 13868/2/5 13861/2/5 13867/2/5
f 13869/2/5 13860/2/5 13864/2/5
f 13870/2/5 13860/2/5 13869/2/5
f 13871/2/5 13860/2/5 13870/2/5
f 13873/2/5 13871/2/5 13870/2/5
f 13873/2/5 13872/2/5 13871/2/5
f 13874/2/5 13872/2/5 13873/2/5
f 13875/2/5 13867/2/5 13866/2/5
f 13875/2/5 13866/2/5 13865/2/5
f 13876/2/5 13867/2/5 13875/2/5
f 13877/2/5 13867/2/5 13876/2/5
f 13879/2/5 13873/2/5 13870/2/5
f 13880/2/5 13873/2/5 13879/2/5
f 13881/2/5 13878/2/5 13877/2/5
f 13881/2/5 13877/2/5 13876/2/5
f 13883/2/5 13881/2/5 13876/2/5
f 13883/2/5 13882/2/5 13881/2/5
f 13884/2/5 13882/2/5 13883/2/5
f 13886/2/5 13885/2/5 13884/2/5
f 13887/2/5 13885/2/5 13886/2/5
f 13890/2/5 13889/2/5 13888/2/5
f 13891/2/5 13889/2/5 13890/2/5
f 13896/1/5 13893/1/5 13892/1/5
f 13897/1/5 13893/1/5 13896/1/5
f 13898/1/5 13893/1/5 13897/1/5
f 13899/1/5 13895/1/5 13894/1/5
f 13900/1/5 13895/1/5 13899/1/5
f 13901/1/5 13895/1/5 13900/1/5
f 13902/2/5 13898/2/5 13897/2/5
f 13905/2/5 13900/2/5 13899/2/5
f 13906/2/5 13903/2/5 13902/2/5
f 13909/2/5 13905/2/5 13904/2/5
f 13910/2/5 13907/2/5 13906/2/5
f 13910/2/5 13902/2/5 13897/2/5
f 13910/2/5 13906/2/5 13902/2/5
f 13911/2/5 13907/2/5 13910/2/5
f 13912/2/5 13909/2/5 13908/2/5
f 13912/2/5 13905/2/5 13909/2/5
f 13912/2/5 13900/2/5 13905/2/5
f 13913/2/5 13900/2/5 13912/2/5
f 13914/2/5 13907/2/5 13911/2/5
f 13915/2/5 13907/2/5 13914/2/5
f 13916/2/5 13907/2/5 13915/2/5
f 13919/2/5 13912/2/5 13908/2/5
f 13920/2/5 13912/2/5 13919/2/5
f 13921/2/5 13912/2/5 13920/2/5
f 13922/2/5 13917/2/5 13916/2/5
f 13922/2/5 13916/2/5 13915/2/5
f 13923/2/5 13917/2/5 13922/2/5
f 13924/2/5 13917/2/5 13923/2/5
f 13927/2/5 13920/2/5 13919/2/5
f 13927/2/5 13919/2/5 13918/2/5
f 13928/2/5 13920/2/5 13927/2/5
f 13929/2/5 13920/2/5 13928/2/5
f 13930/2/5 13925/2/5 13924/2/5
f 13930/2/5 13924/2/5 13923/2/5
f 13931/2/5 13925/2/5 13930/2/5
f 13932/2/5 13925/2/5 13931/2/5
f 13933/2/5 13928/2/5 13927/2/5
f 13933/2/5 13927/2/5 13926/2/5
f 13934/2/5 13928/2/5 13933/2/5
f 13935/2/5 13928/2/5 13934/2/5
f 13936/3/5 13932/3/5 13931/3/5
f 13936/3/5 13934/3/5 13933/3/5
f 13936/3/5 13933/3/5 13932/3/5
f 13937/3/5 13934/3/5 13936/3/5
f 13938/3/5 13934/3/5 13937/3/5
f 13939/3/5 13934/3/5 13938/3/5
f 13941/3/5 13938/3/5 13937/3/5
f 13942/3/5 13938/3/5 13941/3/5
f 13945/3/5 13941/3/5 13940/3/5
f 13945/3/5 13943/3/5 13942/3/5
f 13945/3/5 13942/3/5 13941/3/5
f 13946/3/5 13943/3/5 13945/3/5
f 13947/3/5 13943/3/5 13946/3/5
f 13948/3/5 13943/3/5 13947/3/5
f 13951/2/5 13945/2/5 13944/2/5
f 13951/2/5 13946/2/5 13945/2/5
f 13952/2/5 13946/2/5 13951/2/5
f 13953/2/5 13946/2/5 13952/2/5
f 13954/2/5 13948/2/5 13947/2/5
f 13954/2/5 13949/2/5 13948/2/5
f 13955/2/5 13949/2/5 13954/2/5
f 13956/2/5 13949/2/5 13955/2/5
f 13959/2/5 13952/2/5 13951/2/5
f 13959/2/5 13951/2/5 13950/2/5
f 13960/2/5 13952/2/5 13959/2/5
f 13961/2/5 13952/2/5 13960/2/5
f 13962/2/5 13956/2/5 13955/2/5
f 13962/2/5 13957/2/5 13956/2/5
f 13963/2/5 13957/2/5 13962/2/5
f 13964/2/5 13957/2/5 13963/2/5
f 13967/2/5 13960/2/5 13959/2/5
f 13967/2/5 13959/2/5 13958/2/5
f 13968/2/5 13964/2/5 13963/2/5
f 13968/2/5 13965/2/5 13964/2/5
f 13970/2/5 13967/2/5 13966/2/5
f 13970/2/5 13960/2/5 13967/2/5
f 13971/2/5 13960/2/5 13970/2/5
f 13972/2/5 13968/2/5 13963/2/5
f 13972/2/5 13969/2/5 13968/2/5
f 13973/2/5 13969/2/5 13972/2/5
f 13974/2/5 13970/2/5 13966/2/5
f 13975/2/5 13970/2/5 13974/2/5
f 13976/2/5 13969/2/5 13973/2/5
f 13977/2/5 13969/2/5 13976/2/5
f 13979/2/5 13974/2/5 13966/2/5
f 13980/2/5 13969/2/5 13977/2/5
f 13982/2/5 13979/2/5 13978/2/5
f 13983/2/5 13974/2/5 13979/2/5
f 13983/2/5 13979/2/5 13982/2/5
f 13984/2/5 13980/2/5 13977/2/5
f 13984/2/5 13981/2/5 13980/2/5
f 13985/2/5 13981/2/5 13984/2/5
f 13986/2/5 13974/2/5 13983/2/5
f 13989/2/5 13984/2/5 13977/2/5
f 13990/2/5 13987/2/5 13986/2/5
f 13993/2/5 13989/2/5 13988/2/5
f 13994/2/5 13991/2/5 13990/2/5
f 13994/2/5 13986/2/5 13983/2/5
f 13994/2/5 13990/2/5 13986/2/5
f 13995/2/5 13991/2/5 13994/2/5
f 13996/2/5 13993/2/5 13992/2/5
f 13996/2/5 13989/2/5 13993/2/5
f 13996/2/5 13984/2/5 13989/2/5
f 13997/2/5 13984/2/5 13996/2/5
f 13998/2/5 13991/2/5 13995/2/5
f 13999/2/5 13991/2/5 13998/2/5
f 14000/2/5 13991/2/5 13999/2/5
f 14003/2/5 13996/2/5 13992/2/5
f 14004/2/5 13996/2/5 14003/2/5
f 14005/2/5 13996/2/5 14004/2/5
f 14006/2/5 14001/2/5 14000/2/5
f 14006/2/5 14000/2/5 13999/2/5
f 14007/2/5 14001/2/5 14006/2/5
f 14008/2/5 14001/2/5 14007/2/5
f 14011/2/5 14004/2/5 14003/2/5
f 14011/2/5 14003/2/5 14002/2/5
f 14012/2/5 14004/2/5 14011/2/5
f 14013/2/5 14004/2/5 14012/2/5
f 14014/2/5 14009/2/5 14008/2/5
f 14014/2/5 14008/2/5 14007/2/5
f 14015/2/5 14009/2/5 14014/2/5
f 14016/2/5 14009/2/5 14015/2/5
f 14017/2/5 14012/2/5 14011/2/5
f 14017/2/5 14011/2/5 14010/2/5
f 14018/2/5 14012/2/5 14017/2/5
f 14019/2/5 14012/2/5 14018/2/5
f 14020/3/5 14016/3/5 14015/3/5
f 14020/3/5 14018/3/5 14017/3/5
f 14020/3/5 14017/3/5 14016/3/5
f 14021/3/5 14018/3/5 14020/3/5
f 14022/3/5 14018/3/5 14021/3/5
f 14023/3/5 14018/3/5 14022/3/5
f 14025/3/5 14022/3/5 14021/3/5
f 14026/3/5 14022/3/5 14025/3/5
f 14029/3/5 14025/3/5 14024/3/5
f 14029/3/5 14027/3/5 14026/3/5
f 14029/3/5 14026/3/5 14025/3/5
f 14030/3/5 14027/3/5 14029/3/5
f 14031/3/5 14027/3/5 14030/3/5
f 14032/3/5 14027/3/5 14031/3/5
f 14035/2/5 14029/2/5 14028/2/5
f 14035/2/5 14030/2/5 14029/2/5
f 14036/2/5 14030/2/5 14035/2/5
f 14037/2/5 14030/2/5 14036/2/5
f 14038/2/5 14032/2/5 14031/2/5
f 14038/2/5 14033/2/5 14032/2/5
f 14039/2/5 14033/2/5 14038/2/5
f 14040/2/5 14033/2/5 14039/2/5
f 14043/2/5 14036/2/5 14035/2/5
f 14043/2/5 14035/2/5 14034/2/5
f 14044/2/5 14036/2/5 14043/2/5
f 14045/2/5 14036/2/5 14044/2/5
f 14046/2/5 14040/2/5 14039/2/5
f 14046/2/5 14041/2/5 14040/2/5
f 14047/2/5 14041/2/5 14046/2/5
f 14048/2/5 14041/2/5 14047/2/5
f 14051/2/5 14044/2/5 14043/2/5
f 14051/2/5 14043/2/5 14042/2/5
f 14052/2/5 14048/2/5 14047/2/5
f 14052/2/5 14049/2/5 14048/2/5
f 14054/2/5 14051/2/5 14050/2/5
f 14054/2/5 14044/2/5 14051/2/5
f 14055/2/5 14044/2/5 14054/2/5
f 14056/2/5 14052/2/5 14047/2/5
f 14056/2/5 14053/2/5 14052/2/5
f 14057/2/5 14053/2/5 14056/2/5
f 14058/2/5 14054/2/5 14050/2/5
f 14059/2/5 14054/2/5 14058/2/5
f 14060/2/5 14053/2/5 14057/2/5
f 14061/2/5 14053/2/5 14060/2/5
f 14063/2/5 14058/2/5 14050/2/5
f 14064/2/5 14053/2/5 14061/2/5
f 14066/2/5 14063/2/5 14062/2/5
f 14067/2/5 14058/2/5 14063/2/5
f 14067/2/5 14063/2/5 14066/2/5
f 14068/2/5 14064/2/5 14061/2/5
f 14068/2/5 14065/2/5 14064/2/5
f 14069/2/5 14065/2/5 14068/2/5
f 14070/2/5 14058/2/5 14067/2/5
f 14073/2/5 14068/2/5 14061/2/5
f 14074/2/5 14071/2/5 14070/2/5
f 14077/2/5 14073/2/5 14072/2/5
f 14078/2/5 14075/2/5 14074/2/5
f 14078/2/5 14070/2/5 14067/2/5
f 14078/2/5 14074/2/5 14070/2/5
f 14079/2/5 14075/2/5 14078/2/5
f 14080/2/5 14077/2/5 14076/2/5
f 14080/2/5 14073/2/5 14077/2/5
f 14080/2/5 14068/2/5 14073/2/5
f 14081/2/5 14068/2/5 14080/2/5
f 14082/2/5 14075/2/5 14079/2/5
f 14083/2/5 14075/2/5 14082/2/5
f 14084/2/5 14075/2/5 14083/2/5
f 14087/2/5 14080/2/5 14076/2/5
f 14088/2/5 14080/2/5 14087/2/5
f 14089/2/5 14080/2/5 14088/2/5
f 14090/2/5 14085/2/5 14084/2/5
f 14090/2/5 14084/2/5 14083/2/5
f 14091/2/5 14085/2/5 14090/2/5
f 14092/2/5 14085/2/5 14091/2/5
f 14095/2/5 14088/2/5 14087/2/5
f 14095/2/5 14087/2/5 14086/2/5
f 14096/2/5 14088/2/5 14095/2/5
f 14097/2/5 14088/2/5 14096/2/5
f 14098/2/5 14093/2/5 14092/2/5
f 14098/2/5 14092/2/5 14091/2/5
f 14099/2/5 14093/2/5 14098/2/5
f 14100/2/5 14093/2/5 14099/2/5
f 14101/2/5 14096/2/5 14095/2/5
f 14101/2/5 14095/2/5 14094/2/5
f 14102/2/5 14096/2/5 14101/2/5
f 14103/2/5 14096/2/5 14102/2/5
f 14104/3/5 14100/3/5 14099/3/5
f 14104/3/5 14102/3/5 14101/3/5
f 14104/3/5 14101/3/5 14100/3/5
f 14105/3/5 14102/3/5 14104/3/5
f 14106/3/5 14102/3/5 14105/3/5
f 14107/3/5 14102/3/5 14106/3/5
f 14109/3/5 14106/3/5 14105/3/5
f 14110/3/5 14106/3/5 14109/3/5
f 14113/3/5 14109/3/5 14108/3/5
f 14113/3/5 14111/3/5 14110/3/5
f 14113/3/5 14110/3/5 14109/3/5
f 14114/3/5 14111/3/5 14113/3/5
f 14115/3/5 14111/3/5 14114/3/5
f 14116/3/5 14111/3/5 14115/3/5
f 14119/2/5 14113/2/5 14112/2/5
f 14119/2/5 14114/2/5 14113/2/5
f 14120/2/5 14114/2/5 14119/2/5
f 14121/2/5 14114/2/5 14120/2/5
f 14122/2/5 14116/2/5 14115/2/5
f 14122/2/5 14117/2/5 14116/2/5
f 14123/2/5 14117/2/5 14122/2/5
f 14124/2/5 14117/2/5 14123/2/5
f 14127/2/5 14120/2/5 14119/2/5
f 14127/2/5 14119/2/5 14118/2/5
f 14128/2/5 14120/2/5 14127/2/5
f 14129/2/5 14120/2/5 14128/2/5
f 14130/2/5 14124/2/5 14123/2/5
f 14130/2/5 14125/2/5 14124/2/5
f 14131/2/5 14125/2/5 14130/2/5
f 14132/2/5 14125/2/5 14131/2/5
f 14135/2/5 14128/2/5 14127/2/5
f 14135/2/5 14127/2/5 14126/2/5
f 14136/2/5 14132/2/5 14131/2/5
f 14136/2/5 14133/2/5 14132/2/5
f 14138/2/5 14135/2/5 14134/2/5
f 14138/2/5 14128/2/5 14135/2/5
f 14139/2/5 14128/2/5 14138/2/5
f 14140/2/5 14136/2/5 14131/2/5
f 14140/2/5 14137/2/5 14136/2/5
f 14141/2/5 14137/2/5 14140/2/5
f 14142/2/5 14138/2/5 14134/2/5
f 14143/2/5 14138/2/5 14142/2/5
f 14144/2/5 14137/2/5 14141/2/5
f 14145/2/5 14137/2/5 14144/2/5
f 14147/2/5 14142/2/5 14134/2/5
f 14148/2/5 14137/2/5 14145/2/5
f 14149/2/5 14137/2/5 14148/2/5
f 14150/2/5 14147/2/5 14146/2/5
f 14151/2/5 14142/2/5 14147/2/5
f 14151/2/5 14147/2/5 14150/2/5
f 14152/2/5 14142/2/5 14151/2/5
f 14154/2/5 14152/2/5 14151/2/5
f 14154/2/5 14153/2/5 14152/2/5
f 14155/2/5 14153/2/5 14154/2/5
f 14156/2/5 14154/2/5 14151/2/5
f 14157/2/5 14154/2/5 14156/2/5
f 14162/1/5 14159/1/5 14158/1/5
f 14163/1/5 14159/1/5 14162/1/5
f 14166/1/5 14161/1/5 14160/1/5
f 14167/1/5 14161/1/5 14166/1/5
f 14168/2/5 14164/2/5 14163/2/5
f 14168/2/5 14163/2/5 14162/2/5
f 14169/2/5 14164/2/5 14168/2/5
f 14170/2/5 14167/2/5 14166/2/5
f 14170/2/5 14166/2/5 14165/2/5
f 14171/2/5 14167/2/5 14170/2/5
f 14172/2/5 14164/2/5 14169/2/5
f 14175/2/5 14170/2/5 14165/2/5
f 14176/2/5 14173/2/5 14172/2/5
f 14176/2/5 14172/2/5 14169/2/5
f 14177/2/5 14173/2/5 14176/2/5
f 14178/2/5 14173/2/5 14177/2/5
f 14181/2/5 14175/2/5 14174/2/5
f 14182/2/5 14170/2/5 14175/2/5
f 14182/2/5 14175/2/5 14181/2/5
f 14183/2/5 14170/2/5 14182/2/5
f 14184/2/5 14179/2/5 14178/2/5
f 14184/2/5 14178/2/5 14177/2/5
f 14185/2/5 14179/2/5 14184/2/5
f 14186/2/5 14179/2/5 14185/2/5
f 14189/2/5 14181/2/5 14180/2/5
f 14189/2/5 14182/2/5 14181/2/5
f 14190/2/5 14182/2/5 14189/2/5
f 14191/2/5 14182/2/5 14190/2/5
f 14192/2/5 14187/2/5 14186/2/5
f 14192/2/5 14186/2/5 14185/2/5
f 14193/2/5 14187/2/5 14192/2/5
f 14194/2/5 14187/2/5 14193/2/5
f 14197/2/5 14190/2/5 14189/2/5
f 14197/2/5 14189/2/5 14188/2/5
f 14198/2/5 14190/2/5 14197/2/5
f 14199/2/5 14190/2/5 14198/2/5
f 14200/3/5 14195/3/5 14194/3/5
f 14200/3/5 14194/3/5 14193/3/5
f 14201/3/5 14195/3/5 14200/3/5
f 14202/3/5 14195/3/5 14201/3/5
f 14205/3/5 14198/3/5 14197/3/5
f 14205/3/5 14197/3/5 14196/3/5
f 14206/3/5 14198/3/5 14205/3/5
f 14207/3/5 14198/3/5 14206/3/5
f 14209/3/5 14203/3/5 14202/3/5
f 14209/3/5 14202/3/5 14201/3/5
f 14210/3/5 14203/3/5 14209/3/5
f 14211/3/5 14203/3/5 14210/3/5
f 14212/3/5 14206/3/5 14205/3/5
f 14212/3/5 14205/3/5 14204/3/5
f 14213/3/5 14206/3/5 14212/3/5
f 14214/3/5 14206/3/5 14213/3/5
f 14217/3/5 14210/3/5 14209/3/5
f 14217/3/5 14209/3/5 14208/3/5
f 14218/3/5 14210/3/5 14217/3/5
f 14219/3/5 14210/3/5 14218/3/5
f 14220/3/5 14215/3/5 14214/3/5
f 14220/3/5 14214/3/5 14213/3/5
f 14221/3/5 14215/3/5 14220/3/5
f 14222/3/5 14215/3/5 14221/3/5
f 14225/2/5 14218/2/5 14217/2/5
f 14225/2/5 14217/2/5 14216/2/5
f 14226/2/5 14218/2/5 14225/2/5
f 14227/2/5 14218/2/5 14226/2/5
f 14228/2/5 14223/2/5 14222/2/5
f 14228/2/5 14222/2/5 14221/2/5
f 14229/2/5 14223/2/5 14228/2/5
f 14230/2/5 14223/2/5 14229/2/5
f 14233/2/5 14226/2/5 14225/2/5
f 14233/2/5 14225/2/5 14224/2/5
f 14234/2/5 14226/2/5 14233/2/5
f 14235/2/5 14226/2/5 14234/2/5
f 14236/2/5 14230/2/5 14229/2/5
f 14236/2/5 14231/2/5 14230/2/5
f 14237/2/5 14231/2/5 14236/2/5
f 14238/2/5 14231/2/5 14237/2/5
f 14240/2/5 14234/2/5 14233/2/5
f 14240/2/5 14233/2/5 14232/2/5
f 14241/2/5 14234/2/5 14240/2/5
f 14242/2/5 14238/2/5 14237/2/5
f 14242/2/5 14239/2/5 14238/2/5
f 14243/2/5 14239/2/5 14242/2/5
f 14245/2/5 14240/2/5 14232/2/5
f 14246/2/5 14239/2/5 14243/2/5
f 14248/2/5 14245/2/5 14244/2/5
f 14248/2/5 14240/2/5 14245/2/5
f 14249/2/5 14240/2/5 14248/2/5
f 14250/2/5 14246/2/5 14243/2/5
f 14250/2/5 14247/2/5 14246/2/5
f 14251/2/5 14247/2/5 14250/2/5
f 14252/2/5 14248/2/5 14244/2/5
f 14255/2/5 14247/2/5 14251/2/5
f 14256/2/5 14253/2/5 14252/2/5
f 14256/2/5 14252/2/5 14244/2/5
f 14257/2/5 14253/2/5 14256/2/5
f 14258/2/5 14255/2/5 14254/2/5
f 14258/2/5 14247/2/5 14255/2/5
f 14259/2/5 14247/2/5 14258/2/5
f 14260/2/5 14253/2/5 14257/2/5
f 14263/2/5 14258/2/5 14254/2/5
f 14264/2/5 14261/2/5 14260/2/5
f 14264/2/5 14260/2/5 14257/2/5
f 14265/2/5 14261/2/5 14264/2/5
f 14266/2/5 14261/2/5 14265/2/5
f 14269/2/5 14263/2/5 14262/2/5
f 14270/2/5 14258/2/5 14263/2/5
f 14270/2/5 14263/2/5 14269/2/5
f 14271/2/5 14258/2/5 14270/2/5
f 14272/2/5 14267/2/5 14266/2/5
f 14272/2/5 14266/2/5 14265/2/5
f 14273/2/5 14267/2/5 14272/2/5
f 14274/2/5 14267/2/5 14273/2/5
f 14277/2/5 14269/2/5 14268/2/5
f 14277/2/5 14270/2/5 14269/2/5
f 14278/2/5 14270/2/5 14277/2/5
f 14279/2/5 14270/2/5 14278/2/5
f 14280/2/5 14275/2/5 14274/2/5
f 14280/2/5 14274/2/5 14273/2/5
f 14281/2/5 14275/2/5 14280/2/5
f 14282/2/5 14275/2/5 14281/2/5
f 14285/2/5 14278/2/5 14277/2/5
f 14285/2/5 14277/2/5 14276/2/5
f 14286/2/5 14278/2/5 14285/2/5
f 14287/2/5 14278/2/5 14286/2/5
f 14288/3/5 14283/3/5 14282/3/5
f 14288/3/5 14282/3/5 14281/3/5
f 14289/3/5 14283/3/5 14288/3/5
f 14290/3/5 14283/3/5 14289/3/5
f 14293/3/5 14286/3/5 14285/3/5
f 14293/3/5 14285/3/5 14284/3/5
f 14294/3/5 14286/3/5 14293/3/5
f 14295/3/5 14286/3/5 14294/3/5
f 14297/3/5 14291/3/5 14290/3/5
f 14297/3/5 14290/3/5 14289/3/5
f 14298/3/5 14291/3/5 14297/3/5
f 14299/3/5 14291/3/5 14298/3/5
f 14300/3/5 14294/3/5 14293/3/5
f 14300/3/5 14293/3/5 14292/3/5
f 14301/3/5 14294/3/5 14300/3/5
f 14302/3/5 14294/3/5 14301/3/5
f 14305/3/5 14298/3/5 14297/3/5
f 14305/3/5 14297/3/5 14296/3/5
f 14306/3/5 14298/3/5 14305/3/5
f 14307/3/5 14298/3/5 14306/3/5
f 14308/3/5 14303/3/5 14302/3/5
f 14308/3/5 14302/3/5 14301/3/5
f 14309/3/5 14303/3/5 14308/3/5
f 14310/3/5 14303/3/5 14309/3/5
f 14313/2/5 14306/2/5 14305/2/5
f 14313/2/5 14305/2/5 14304/2/5
f 14314/2/5 14306/2/5 14313/2/5
f 14315/2/5 14306/2/5 14314/2/5
f 14316/2/5 14311/2/5 14310/2/5
f 14316/2/5 14310/2/5 14309/2/5
f 14317/2/5 14311/2/5 14316/2/5
f 14318/2/5 14311/2/5 14317/2/5
f 14321/2/5 14314/2/5 14313/2/5
f 14321/2/5 14313/2/5 14312/2/5
f 14322/2/5 14314/2/5 14321/2/5
f 14323/2/5 14314/2/5 14322/2/5
f 14324/2/5 14318/2/5 14317/2/5
f 14324/2/5 14319/2/5 14318/2/5
f 14325/2/5 14319/2/5 14324/2/5
f 14326/2/5 14319/2/5 14325/2/5
f 14328/2/5 14322/2/5 14321/2/5
f 14328/2/5 14321/2/5 14320/2/5
f 14329/2/5 14322/2/5 14328/2/5
f 14330/2/5 14326/2/5 14325/2/5
f 14330/2/5 14327/2/5 14326/2/5
f 14331/2/5 14327/2/5 14330/2/5
f 14333/2/5 14328/2/5 14320/2/5
f 14334/2/5 14327/2/5 14331/2/5
f 14336/2/5 14333/2/5 14332/2/5
f 14336/2/5 14328/2/5 14333/2/5
f 14337/2/5 14328/2/5 14336/2/5
f 14338/2/5 14334/2/5 14331/2/5
f 14338/2/5 14335/2/5 14334/2/5
f 14339/2/5 14335/2/5 14338/2/5
f 14340/2/5 14336/2/5 14332/2/5
f 14343/2/5 14335/2/5 14339/2/5
f 14344/2/5 14341/2/5 14340/2/5
f 14344/2/5 14340/2/5 14332/2/5
f 14345/2/5 14341/2/5 14344/2/5
f 14346/2/5 14343/2/5 14342/2/5
f 14346/2/5 14335/2/5 14343/2/5
f 14347/2/5 14335/2/5 14346/2/5
f 14348/2/5 14341/2/5 14345/2/5
f 14351/2/5 14346/2/5 14342/2/5
f 14352/2/5 14349/2/5 14348/2/5
f 14352/2/5 14348/2/5 14345/2/5
f 14353/2/5 14349/2/5 14352/2/5
f 14354/2/5 14349/2/5 14353/2/5
f 14357/2/5 14351/2/5 14350/2/5
f 14358/2/5 14346/2/5 14351/2/5
f 14358/2/5 14351/2/5 14357/2/5
f 14359/2/5 14346/2/5 14358/2/5
f 14360/2/5 14355/2/5 14354/2/5
f 14360/2/5 14354/2/5 14353/2/5
f 14361/2/5 14355/2/5 14360/2/5
f 14362/2/5 14355/2/5 14361/2/5
f 14365/2/5 14357/2/5 14356/2/5
f 14365/2/5 14358/2/5 14357/2/5
f 14366/2/5 14358/2/5 14365/2/5
f 14367/2/5 14358/2/5 14366/2/5
f 14368/2/5 14363/2/5 14362/2/5
f 14368/2/5 14362/2/5 14361/2/5
f 14369/2/5 14363/2/5 14368/2/5
f 14370/2/5 14363/2/5 14369/2/5
f 14373/2/5 14366/2/5 14365/2/5
f 14373/2/5 14365/2/5 14364/2/5
f 14374/2/5 14366/2/5 14373/2/5
f 14375/2/5 14366/2/5 14374/2/5
f 14376/3/5 14371/3/5 14370/3/5
f 14376/3/5 14370/3/5 14369/3/5
f 14379/3/5 14374/3/5 14373/3/5
f 14379/3/5 14373/3/5 14372/3/5
f 14380/3/5 14377/3/5 14376/3/5
f 14380/3/5 14376/3/5 14369/3/5
f 14381/3/5 14377/3/5 14380/3/5
f 14382/3/5 14379/3/5 14378/3/5
f 14383/3/5 14374/3/5 14379/3/5
f 14383/3/5 14379/3/5 14382/3/5
f 14385/3/5 14380/3/5 14369/3/5
f 14386/3/5 14380/3/5 14385/3/5
f 14387/3/5 14380/3/5 14386/3/5
f 14388/3/5 14374/3/5 14383/3/5
f 14389/3/5 14374/3/5 14388/3/5
f 14390/3/5 14374/3/5 14389/3/5
f 14393/2/5 14385/2/5 14384/2/5
f 14393/2/5 14386/2/5 14385/2/5
f 14394/2/5 14386/2/5 14393/2/5
f 14395/2/5 14386/2/5 14394/2/5
f 14396/2/5 14391/2/5 14390/2/5
f 14396/2/5 14390/2/5 14389/2/5
f 14397/2/5 14391/2/5 14396/2/5
f 14398/2/5 14391/2/5 14397/2/5
f 14401/2/5 14394/2/5 14393/2/5
f 14401/2/5 14393/2/5 14392/2/5
f 14402/2/5 14394/2/5 14401/2/5
f 14403/2/5 14394/2/5 14402/2/5
f 14404/2/5 14398/2/5 14397/2/5
f 14404/2/5 14399/2/5 14398/2/5
f 14405/2/5 14399/2/5 14404/2/5
f 14406/2/5 14399/2/5 14405/2/5
f 14408/2/5 14402/2/5 14401/2/5
f 14408/2/5 14401/2/5 14400/2/5
f 14409/2/5 14402/2/5 14408/2/5
f 14410/2/5 14406/2/5 14405/2/5
f 14410/2/5 14407/2/5 14406/2/5
f 14411/2/5 14407/2/5 14410/2/5
f 14413/2/5 14408/2/5 14400/2/5
f 14414/2/5 14407/2/5 14411/2/5
f 14416/2/5 14414/2/5 14411/2/5
f 14416/2/5 14415/2/5 14414/2/5
f 14417/2/5 14415/2/5 14416/2/5
f 14418/2/5 14408/2/5 14413/2/5
f 14418/2/5 14413/2/5 14412/2/5
f 14419/2/5 14408/2/5 14418/2/5
f 14420/2/5 14418/2/5 14412/2/5
f 14422/2/5 14420/2/5 14412/2/5
f 14422/2/5 14421/2/5 14420/2/5
f 14423/2/5 14421/2/5 14422/2/5
f 14424/2/5 14422/2/5 14412/2/5
f 14425/2/5 14422/2/5 14424/2/5
f 14430/1/5 14427/1/5 14426/1/5
f 14431/1/5 14427/1/5 14430/1/5
f 14432/1/5 14429/1/5 14428/1/5
f 14433/1/5 14429/1/5 14432/1/5
f 14434/2/5 14431/2/5 14430/2/5
f 14436/2/5 14434/2/5 14430/2/5
f 14436/2/5 14435/2/5 14434/2/5
f 14437/2/5 14435/2/5 14436/2/5
f 14438/2/5 14435/2/5 14437/2/5
f 14440/2/5 14438/2/5 14437/2/5
f 14440/2/5 14439/2/5 14438/2/5
f 14441/2/5 14439/2/5 14440/2/5
f 14442/2/5 14439/2/5 14441/2/5
f 14444/2/5 14443/2/5 14442/2/5
f 14444/2/5 14442/2/5 14441/2/5
f 14445/2/5 14443/2/5 14444/2/5
f 14446/2/5 14443/2/5 14445/2/5
f 14450/3/5 14446/3/5 14445/3/5
f 14450/3/5 14447/3/5 14446/3/5
f 14451/3/5 14447/3/5 14450/3/5
f 14452/3/5 14447/3/5 14451/3/5
f 14455/3/5 14449/3/5 14448/3/5
f 14457/3/5 14453/3/5 14452/3/5
f 14457/3/5 14452/3/5 14451/3/5
f 14458/3/5 14453/3/5 14457/3/5
f 14459/3/5 14453/3/5 14458/3/5
f 14460/3/5 14455/3/5 14454/3/5
f 14461/3/5 14449/3/5 14455/3/5
f 14461/3/5 14455/3/5 14460/3/5
f 14462/3/5 14449/3/5 14461/3/5
f 14465/3/5 14457/3/5 14456/3/5
f 14465/3/5 14458/3/5 14457/3/5
f 14466/3/5 14458/3/5 14465/3/5
f 14467/3/5 14458/3/5 14466/3/5
f 14468/3/5 14463/3/5 14462/3/5
f 14468/3/5 14462/3/5 14461/3/5
f 14469/3/5 14463/3/5 14468/3/5
f 14470/3/5 14463/3/5 14469/3/5
f 14473/2/5 14466/2/5 14465/2/5
f 14473/2/5 14465/2/5 14464/2/5
f 14474/2/5 14466/2/5 14473/2/5
f 14475/2/5 14466/2/5 14474/2/5
f 14476/2/5 14471/2/5 14470/2/5
f 14476/2/5 14470/2/5 14469/2/5
f 14477/2/5 14471/2/5 14476/2/5
f 14478/2/5 14471/2/5 14477/2/5
f 14480/2/5 14474/2/5 14473/2/5
f 14480/2/5 14473/2/5 14472/2/5
f 14481/2/5 14474/2/5 14480/2/5
f 14482/2/5 14479/2/5 14478/2/5
f 14482/2/5 14478/2/5 14477/2/5
f 14483/2/5 14479/2/5 14482/2/5
f 14485/2/5 14480/2/5 14472/2/5
f 14486/2/5 14479/2/5 14483/2/5
f 14488/2/5 14485/2/5 14484/2/5
f 14488/2/5 14480/2/5 14485/2/5
f 14489/2/5 14480/2/5 14488/2/5
f 14490/2/5 14487/2/5 14486/2/5
f 14490/2/5 14486/2/5 14483/2/5
f 14491/2/5 14487/2/5 14490/2/5
f 14492/2/5 14488/2/5 14484/2/5
f 14495/2/5 14487/2/5 14491/2/5
f 14496/2/5 14493/2/5 14492/2/5
f 14496/2/5 14492/2/5 14484/2/5
f 14497/2/5 14493/2/5 14496/2/5
f 14498/2/5 14495/2/5 14494/2/5
f 14498/2/5 14487/2/5 14495/2/5
f 14499/2/5 14487/2/5 14498/2/5
f 14500/2/5 14493/2/5 14497/2/5
f 14503/2/5 14498/2/5 14494/2/5
f 14504/2/5 14501/2/5 14500/2/5
f 14504/2/5 14500/2/5 14497/2/5
f 14505/2/5 14501/2/5 14504/2/5
f 14506/2/5 14501/2/5 14505/2/5
f 14509/2/5 14503/2/5 14502/2/5
f 14510/2/5 14498/2/5 14503/2/5
f 14510/2/5 14503/2/5 14509/2/5
f 14511/2/5 14498/2/5 14510/2/5
f 14512/2/5 14507/2/5 14506/2/5
f 14512/2/5 14506/2/5 14505/2/5
f 14513/2/5 14507/2/5 14512/2/5
f 14514/2/5 14507/2/5 14513/2/5
f 14517/2/5 14509/2/5 14508/2/5
f 14517/2/5 14510/2/5 14509/2/5
f 14518/2/5 14510/2/5 14517/2/5
f 14519/2/5 14510/2/5 14518/2/5
f 14520/3/5 14515/3/5 14514/3/5
f 14520/3/5 14514/3/5 14513/3/5
f 14521/3/5 14515/3/5 14520/3/5
f 14522/3/5 14515/3/5 14521/3/5
f 14525/3/5 14518/3/5 14517/3/5
f 14525/3/5 14517/3/5 14516/3/5
f 14526/3/5 14518/3/5 14525/3/5
f 14527/3/5 14518/3/5 14526/3/5
f 14529/3/5 14523/3/5 14522/3/5
f 14529/3/5 14522/3/5 14521/3/5
f 14530/3/5 14523/3/5 14529/3/5
f 14531/3/5 14523/3/5 14530/3/5
f 14532/3/5 14526/3/5 14525/3/5
f 14532/3/5 14525/3/5 14524/3/5
f 14533/3/5 14526/3/5 14532/3/5
f 14534/3/5 14526/3/5 14533/3/5
f 14537/3/5 14530/3/5 14529/3/5
f 14537/3/5 14529/3/5 14528/3/5
f 14538/3/5 14530/3/5 14537/3/5
f 14539/3/5 14530/3/5 14538/3/5
f 14540/3/5 14535/3/5 14534/3/5
f 14540/3/5 14534/3/5 14533/3/5
f 14541/3/5 14535/3/5 14540/3/5
f 14542/3/5 14535/3/5 14541/3/5
f 14545/2/5 14538/2/5 14537/2/5
f 14545/2/5 14537/2/5 14536/2/5
f 14546/2/5 14538/2/5 14545/2/5
f 14547/2/5 14538/2/5 14546/2/5
f 14548/2/5 14543/2/5 14542/2/5
f 14548/2/5 14542/2/5 14541/2/5
f 14549/2/5 14543/2/5 14548/2/5
f 14550/2/5 14543/2/5 14549/2/5
f 14552/2/5 14546/2/5 14545/2/5
f 14552/2/5 14545/2/5 14544/2/5
f 14553/2/5 14546/2/5 14552/2/5
f 14554/2/5 14550/2/5 14549/2/5
f 14554/2/5 14551/2/5 14550/2/5
f 14555/2/5 14551/2/5 14554/2/5
f 14557/2/5 14552/2/5 14544/2/5
f 14558/2/5 14551/2/5 14555/2/5
f 14560/2/5 14557/2/5 14556/2/5
f 14560/2/5 14552/2/5 14557/2/5
f 14561/2/5 14552/2/5 14560/2/5
f 14562/2/5 14558/2/5 14555/2/5
f 14562/2/5 14559/2/5 14558/2/5
f 14563/2/5 14559/2/5 14562/2/5
f 14564/2/5 14560/2/5 14556/2/5
f 14567/2/5 14559/2/5 14563/2/5
f 14568/2/5 14565/2/5 14564/2/5
f 14568/2/5 14564/2/5 14556/2/5
f 14569/2/5 14565/2/5 14568/2/5
f 14570/2/5 14567/2/5 14566/2/5
f 14570/2/5 14559/2/5 14567/2/5
f 14571/2/5 14559/2/5 14570/2/5
f 14572/2/5 14565/2/5 14569/2/5
f 14575/2/5 14570/2/5 14566/2/5
f 14576/2/5 14573/2/5 14572/2/5
f 14576/2/5 14572/2/5 14569/2/5
f 14577/2/5 14573/2/5 14576/2/5
f 14578/2/5 14573/2/5 14577/2/5
f 14581/2/5 14575/2/5 14574/2/5
f 14582/2/5 14570/2/5 14575/2/5
f 14582/2/5 14575/2/5 14581/2/5
f 14583/2/5 14570/2/5 14582/2/5
f 14584/2/5 14579/2/5 14578/2/5
f 14584/2/5 14578/2/5 14577/2/5
f 14585/2/5 14579/2/5 14584/2/5
f 14586/2/5 14579/2/5 14585/2/5
f 14589/2/5 14581/2/5 14580/2/5
f 14589/2/5 14582/2/5 14581/2/5
f 14590/2/5 14582/2/5 14589/2/5
f 14591/2/5 14582/2/5 14590/2/5
f 14592/3/5 14587/3/5 14586/3/5
f 14592/3/5 14586/3/5 14585/3/5
f 14593/3/5 14587/3/5 14592/3/5
f 14594/3/5 14590/3/5 14589/3/5
f 14594/3/5 14589/3/5 14588/3/5
f 14595/3/5 14590/3/5 14594/3/5
f 14597/3/5 14587/3/5 14593/3/5
f 14598/3/5 14594/3/5 14588/3/5
f 14601/3/5 14597/3/5 14596/3/5
f 14602/3/5 14587/3/5 14597/3/5
f 14602/3/5 14597/3/5 14601/3/5
f 14603/3/5 14587/3/5 14602/3/5
f 14604/3/5 14599/3/5 14598/3/5
f 14604/3/5 14598/3/5 14588/3/5
f 14605/3/5 14599/3/5 14604/3/5
f 14606/3/5 14599/3/5 14605/3/5
f 14609/2/5 14601/2/5 14600/2/5
f 14609/2/5 14602/2/5 14601/2/5
f 14610/2/5 14602/2/5 14609/2/5
f 14611/2/5 14602/2/5 14610/2/5
f 14612/2/5 14607/2/5 14606/2/5
f 14612/2/5 14606/2/5 14605/2/5
f 14613/2/5 14607/2/5 14612/2/5
f 14614/2/5 14607/2/5 14613/2/5
f 14616/2/5 14610/2/5 14609/2/5
f 14616/2/5 14609/2/5 14608/2/5
f 14617/2/5 14610/2/5 14616/2/5
f 14618/2/5 14614/2/5 14613/2/5
f 14618/2/5 14615/2/5 14614/2/5
f 14619/2/5 14615/2/5 14618/2/5
f 14621/2/5 14616/2/5 14608/2/5
f 14622/2/5 14615/2/5 14619/2/5
f 14624/2/5 14621/2/5 14620/2/5
f 14624/2/5 14616/2/5 14621/2/5
f 14625/2/5 14616/2/5 14624/2/5
f 14626/2/5 14622/2/5 14619/2/5
f 14626/2/5 14623/2/5 14622/2/5
f 14627/2/5 14623/2/5 14626/2/5
f 14628/2/5 14623/2/5 14627/2/5
f 14629/2/5 14623/2/5 14628/2/5
f 14630/2/5 14624/2/5 14620/2/5
f 14631/2/5 14624/2/5 14630/2/5
f 14634/1/5 14633/1/5 14632/1/5
f 14635/1/5 14633/1/5 14634/1/5
f 14636/2/5 14635/2/5 14634/2/5
f 14637/2/5 14635/2/5 14636/2/5
f 14639/2/5 14638/2/5 14637/2/5
f 14640/2/5 14638/2/5 14639/2/5
f 14642/2/5 14641/2/5 14640/2/5
f 14643/2/5 14641/2/5 14642/2/5
f 14645/3/5 14644/3/5 14643/3/5
f 14647/3/5 14645/3/5 14643/3/5
f 14647/3/5 14646/3/5 14645/3/5
f 14648/3/5 14646/3/5 14647/3/5
f 14650/3/5 14647/3/5 14643/3/5
f 14651/3/5 14647/3/5 14650/3/5
f 14653/2/5 14650/2/5 14649/2/5
f 14654/2/5 14650/2/5 14653/2/5
f 14656/2/5 14653/2/5 14652/2/5
f 14657/2/5 14653/2/5 14656/2/5
f 14660/2/5 14656/2/5 14655/2/5
f 14661/2/5 14656/2/5 14660/2/5
f 14664/2/5 14659/2/5 14658/2/5
f 14665/2/5 14659/2/5 14664/2/5
f 14666/2/5 14662/2/5 14661/2/5
f 14667/2/5 14662/2/5 14666/2/5
f 14670/2/5 14664/2/5 14663/2/5
f 14671/2/5 14664/2/5 14670/2/5
f 14672/2/5 14668/2/5 14667/2/5
f 14673/2/5 14668/2/5 14672/2/5
f 14676/2/5 14670/2/5 14669/2/5
f 14677/2/5 14670/2/5 14676/2/5
f 14678/3/5 14674/3/5 14673/3/5
f 14681/3/5 14676/3/5 14675/3/5
f 14682/3/5 14679/3/5 14678/3/5
f 14682/3/5 14678/3/5 14673/3/5
f 14683/3/5 14679/3/5 14682/3/5
f 14684/3/5 14681/3/5 14680/3/5
f 14685/3/5 14676/3/5 14681/3/5
f 14685/3/5 14681/3/5 14684/3/5
f 14687/3/5 14682/3/5 14673/3/5
f 14688/3/5 14682/3/5 14687/3/5
f 14689/3/5 14676/3/5 14685/3/5
f 14690/3/5 14676/3/5 14689/3/5
f 14693/2/5 14687/2/5 14686/2/5
f 14694/2/5 14687/2/5 14693/2/5
f 14695/2/5 14691/2/5 14690/2/5
f 14696/2/5 14691/2/5 14695/2/5
f 14699/2/5 14693/2/5 14692/2/5
f 14700/2/5 14693/2/5 14699/2/5
f 14701/2/5 14697/2/5 14696/2/5
f 14702/2/5 14697/2/5 14701/2/5
f 14704/2/5 14699/2/5 14698/2/5
f 14705/2/5 14699/2/5 14704/2/5
f 14708/2/5 14703/2/5 14702/2/5
f 14709/2/5 14703/2/5 14708/2/5
f 14710/2/5 14706/2/5 14705/2/5
f 14711/2/5 14706/2/5 14710/2/5
f 14714/2/5 14708/2/5 14707/2/5
f 14715/2/5 14708/2/5 14714/2/5
f 14716/2/5 14712/2/5 14711/2/5
f 14717/2/5 14712/2/5 14716/2/5
f 14720/2/5 14714/2/5 14713/2/5
f 14721/2/5 14714/2/5 14720/2/5
f 14722/3/5 14718/3/5 14717/3/5
f 14725/3/5 14720/3/5 14719/3/5
f 14726/3/5 14723/3/5 14722/3/5
f 14726/3/5 14722/3/5 14717/3/5
f 14727/3/5 14723/3/5 14726/3/5
f 14728/3/5 14725/3/5 14724/3/5
f 14729/3/5 14720/3/5 14725/3/5
f 14729/3/5 14725/3/5 14728/3/5
f 14731/3/5 14726/3/5 14717/3/5
f 14732/3/5 14726/3/5 14731/3/5
f 14733/3/5 14720/3/5 14729/3/5
f 14734/3/5 14720/3/5 14733/3/5
f 14737/2/5 14731/2/5 14730/2/5
f 14738/2/5 14731/2/5 14737/2/5
f 14739/2/5 14735/2/5 14734/2/5
f 14740/2/5 14735/2/5 14739/2/5
f 14743/2/5 14737/2/5 14736/2/5
f 14744/2/5 14737/2/5 14743/2/5
f 14745/2/5 14741/2/5 14740/2/5
f 14746/2/5 14741/2/5 14745/2/5
f 14748/2/5 14747/2/5 14746/2/5
f 14749/2/5 14747/2/5 14748/2/5
f 14750/2/5 14743/2/5 14742/2/5
f 14751/2/5 14743/2/5 14750/2/5
f 14754/1/5 14753/1/5 14752/1/5
f 14755/1/5 14753/1/5 14754/1/5
f 14756/2/5 14755/2/5 14754/2/5
f 14757/2/5 14755/2/5 14756/2/5
f 14759/2/5 14758/2/5 14757/2/5
f 14760/2/5 14758/2/5 14759/2/5
f 14762/2/5 14761/2/5 14760/2/5
f 14763/2/5 14761/2/5 14762/2/5
f 14765/3/5 14763/3/5 14762/3/5
f 14765/3/5 14764/3/5 14763/3/5
f 14766/3/5 14764/3/5 14765/3/5
f 14768/3/5 14764/3/5 14766/3/5
f 14769/3/5 14768/3/5 14767/3/5
f 14770/3/5 14764/3/5 14768/3/5
f 14770/3/5 14768/3/5 14769/3/5
f 14771/3/5 14764/3/5 14770/3/5
f 14773/2/5 14770/2/5 14769/2/5
f 14774/2/5 14770/2/5 14773/2/5
f 14776/2/5 14773/2/5 14772/2/5
f 14777/2/5 14773/2/5 14776/2/5
f 14780/2/5 14776/2/5 14775/2/5
f 14781/2/5 14776/2/5 14780/2/5
f 14784/2/5 14779/2/5 14778/2/5
f 14785/2/5 14779/2/5 14784/2/5
f 14786/2/5 14782/2/5 14781/2/5
f 14787/2/5 14782/2/5 14786/2/5
f 14790/2/5 14784/2/5 14783/2/5
f 14791/2/5 14784/2/5 14790/2/5
f 14792/2/5 14788/2/5 14787/2/5
f 14793/2/5 14788/2/5 14792/2/5
f 14796/2/5 14790/2/5 14789/2/5
f 14797/2/5 14790/2/5 14796/2/5
f 14798/3/5 14794/3/5 14793/3/5
f 14798/3/5 14793/3/5 14792/3/5
f 14799/3/5 14794/3/5 14798/3/5
f 14800/3/5 14797/3/5 14796/3/5
f 14800/3/5 14796/3/5 14795/3/5
f 14801/3/5 14797/3/5 14800/3/5
f 14803/3/5 14794/3/5 14799/3/5
f 14804/3/5 14800/3/5 14795/3/5
f 14806/3/5 14803/3/5 14802/3/5
f 14807/3/5 14794/3/5 14803/3/5
f 14807/3/5 14803/3/5 14806/3/5
f 14808/3/5 14794/3/5 14807/3/5
f 14809/3/5 14805/3/5 14804/3/5
f 14809/3/5 14804/3/5 14795/3/5
f 14810/3/5 14805/3/5 14809/3/5
f 14811/3/5 14805/3/5 14810/3/5
f 14813/2/5 14807/2/5 14806/2/5
f 14814/2/5 14807/2/5 14813/2/5
f 14815/2/5 14811/2/5 14810/2/5
f 14816/2/5 14811/2/5 14815/2/5
f 14819/2/5 14813/2/5 14812/2/5
f 14820/2/5 14813/2/5 14819/2/5
f 14821/2/5 14817/2/5 14816/2/5
f 14822/2/5 14817/2/5 14821/2/5
f 14824/2/5 14819/2/5 14818/2/5
f 14825/2/5 14819/2/5 14824/2/5
f 14828/2/5 14823/2/5 14822/2/5
f 14829/2/5 14823/2/5 14828/2/5
f 14830/2/5 14826/2/5 14825/2/5
f 14831/2/5 14826/2/5 14830/2/5
f 14834/2/5 14828/2/5 14827/2/5
f 14835/2/5 14828/2/5 14834/2/5
f 14836/2/5 14832/2/5 14831/2/5
f 14837/2/5 14832/2/5 14836/2/5
f 14840/2/5 14834/2/5 14833/2/5
f 14841/2/5 14834/2/5 14840/2/5
f 14842/3/5 14838/3/5 14837/3/5
f 14842/3/5 14837/3/5 14836/3/5
f 14843/3/5 14838/3/5 14842/3/5
f 14844/3/5 14841/3/5 14840/3/5
f 14844/3/5 14840/3/5 14839/3/5
f 14845/3/5 14841/3/5 14844/3/5
f 14847/3/5 14838/3/5 14843/3/5
f 14848/3/5 14844/3/5 14839/3/5
f 14850/3/5 14847/3/5 14846/3/5
f 14851/3/5 14838/3/5 14847/3/5
f 14851/3/5 14847/3/5 14850/3/5
f 14852/3/5 14838/3/5 14851/3/5
f 14853/3/5 14849/3/5 14848/3/5
f 14853/3/5 14848/3/5 14839/3/5
f 14854/3/5 14849/3/5 14853/3/5
f 14855/3/5 14849/3/5 14854/3/5
f 14857/2/5 14851/2/5 14850/2/5
f 14858/2/5 14851/2/5 14857/2/5
f 14859/2/5 14855/2/5 14854/2/5
f 14860/2/5 14855/2/5 14859/2/5
f 14863/2/5 14857/2/5 14856/2/5
f 14864/2/5 14857/2/5 14863/2/5
f 14865/2/5 14861/2/5 14860/2/5
f 14866/2/5 14861/2/5 14865/2/5
f 14868/2/5 14867/2/5 14866/2/5
f 14869/2/5 14867/2/5 14868/2/5
f 14870/2/5 14863/2/5 14862/2/5
f 14871/2/5 14863/2/5 14870/2/5
f 14874/1/5 14873/1/5 14872/1/5
f 14875/1/5 14873/1/5 14874/1/5
f 14876/2/5 14875/2/5 14874/2/5
f 14877/2/5 14875/2/5 14876/2/5
f 14880/2/5 14879/2/5 14878/2/5
f 14881/2/5 14879/2/5 14880/2/5
f 14883/2/5 14882/2/5 14881/2/5
f 14884/2/5 14882/2/5 14883/2/5
f 14887/3/5 14886/3/5 14885/3/5
f 14888/3/5 14886/3/5 14887/3/5
f 14892/2/5 14890/2/5 14889/2/5
f 14893/2/5 14890/2/5 14892/2/5
f 14894/2/5 14892/2/5 14891/2/5
f 14895/2/5 14892/2/5 14894/2/5
f 14900/2/5 14897/2/5 14896/2/5
f 14901/2/5 14897/2/5 14900/2/5
f 14902/2/5 14899/2/5 14898/2/5
f 14903/2/5 14899/2/5 14902/2/5
f 14908/2/5 14905/2/5 14904/2/5
f 14909/2/5 14905/2/5 14908/2/5
f 14912/2/5 14907/2/5 14906/2/5
f 14913/2/5 14907/2/5 14912/2/5
f 14914/2/5 14910/2/5 14909/2/5
f 14915/2/5 14910/2/5 14914/2/5
f 14916/2/5 14912/2/5 14911/2/5
f 14917/2/5 14912/2/5 14916/2/5
f 14922/3/5 14919/3/5 14918/3/5
f 14923/3/5 14919/3/5 14922/3/5
f 14924/3/5 14921/3/5 14920/3/5
f 14925/3/5 14921/3/5 14924/3/5
f 14931/2/5 14927/2/5 14926/2/5
f 14932/2/5 14927/2/5 14931/2/5
f 14933/2/5 14929/2/5 14928/2/5
f 14934/2/5 14929/2/5 14933/2/5
f 14936/2/5 14931/2/5 14930/2/5
f 14937/2/5 14931/2/5 14936/2/5
f 14938/2/5 14935/2/5 14934/2/5
f 14939/2/5 14935/2/5 14938/2/5
f 14944/2/5 14941/2/5 14940/2/5
f 14945/2/5 14941/2/5 14944/2/5
f 14946/2/5 14943/2/5 14942/2/5
f 14947/2/5 14943/2/5 14946/2/5
f 14952/2/5 14949/2/5 14948/2/5
f 14953/2/5 14949/2/5 14952/2/5
f 14956/2/5 14951/2/5 14950/2/5
f 14957/2/5 14951/2/5 14956/2/5
f 14958/2/5 14954/2/5 14953/2/5
f 14959/2/5 14954/2/5 14958/2/5
f 14960/2/5 14956/2/5 14955/2/5
f 14961/2/5 14956/2/5 14960/2/5
f 14966/3/5 14963/3/5 14962/3/5
f 14967/3/5 14963/3/5 14966/3/5
f 14968/3/5 14965/3/5 14964/3/5
f 14969/3/5 14965/3/5 14968/3/5
f 14975/2/5 14971/2/5 14970/2/5
f 14976/2/5 14971/2/5 14975/2/5
f 14977/2/5 14973/2/5 14972/2/5
f 14978/2/5 14973/2/5 14977/2/5
f 14980/2/5 14975/2/5 14974/2/5
f 14981/2/5 14975/2/5 14980/2/5
f 14982/2/5 14979/2/5 14978/2/5
f 14983/2/5 14979/2/5 14982/2/5
f 14988/2/5 14987/2/5 14986/2/5
f 14989/2/5 14987/2/5 14988/2/5
f 14990/2/5 14985/2/5 14984/2/5
f 14991/2/5 14985/2/5 14990/2/5
f 14994/1/5 14993/1/5 14992/1/5
f 14995/1/5 14993/1/5 14994/1/5
f 14998/2/5 14997/2/5 14996/2/5
f 14999/2/5 14997/2/5 14998/2/5
f 15002/2/5 15001/2/5 15000/2/5
f 15003/2/5 15001/2/5 15002/2/5
f 15006/3/5 15004/3/5 15003/3/5
f 15007/3/5 15004/3/5 15006/3/5
f 15008/2/5 15006/2/5 15005/2/5
f 15009/2/5 15006/2/5 15008/2/5
f 15012/2/5 15011/2/5 15010/2/5
f 15013/2/5 15011/2/5 15012/2/5
f 15018/2/5 15015/2/5 15014/2/5
f 15019/2/5 15015/2/5 15018/2/5
f 15020/2/5 15017/2/5 15016/2/5
f 15021/2/5 15017/2/5 15020/2/5
f 15026/2/5 15023/2/5 15022/2/5
f 15027/2/5 15023/2/5 15026/2/5
f 15028/2/5 15025/2/5 15024/2/5
f 15029/2/5 15025/2/5 15028/2/5
f 15034/2/5 15031/2/5 15030/2/5
f 15035/2/5 15031/2/5 15034/2/5
f 15038/2/5 15033/2/5 15032/2/5
f 15039/2/5 15033/2/5 15038/2/5
f 15041/3/5 15036/3/5 15035/3/5
f 15042/3/5 15036/3/5 15041/3/5
f 15043/3/5 15038/3/5 15037/3/5
f 15044/3/5 15038/3/5 15043/3/5
f 15046/2/5 15041/2/5 15040/2/5
f 15047/2/5 15041/2/5 15046/2/5
f 15048/2/5 15045/2/5 15044/2/5
f 15049/2/5 15045/2/5 15048/2/5
f 15054/2/5 15051/2/5 15050/2/5
f 15055/2/5 15051/2/5 15054/2/5
f 15056/2/5 15053/2/5 15052/2/5
f 15057/2/5 15053/2/5 15056/2/5
f 15062/2/5 15059/2/5 15058/2/5
f 15063/2/5 15059/2/5 15062/2/5
f 15064/2/5 15061/2/5 15060/2/5
f 15065/2/5 15061/2/5 15064/2/5
f 15070/2/5 15067/2/5 15066/2/5
f 15071/2/5 15067/2/5 15070/2/5
f 15072/2/5 15069/2/5 15068/2/5
f 15073/2/5 15069/2/5 15072/2/5
f 15078/2/5 15075/2/5 15074/2/5
f 15079/2/5 15075/2/5 15078/2/5
f 15082/2/5 15077/2/5 15076/2/5
f 15083/2/5 15077/2/5 15082/2/5
f 15085/3/5 15080/3/5 15079/3/5
f 15086/3/5 15080/3/5 15085/3/5
f 15087/3/5 15082/3/5 15081/3/5
f 15088/3/5 15082/3/5 15087/3/5
f 15090/2/5 15085/2/5 15084/2/5
f 15091/2/5 15085/2/5 15090/2/5
f 15092/2/5 15089/2/5 15088/2/5
f 15093/2/5 15089/2/5 15092/2/5
f 15098/2/5 15095/2/5 15094/2/5
f 15099/2/5 15095/2/5 15098/2/5
f 15100/2/5 15097/2/5 15096/2/5
f 15101/2/5 15097/2/5 15100/2/5
f 15104/2/5 15103/2/5 15102/2/5
f 15105/2/5 15103/2/5 15104/2/5
f 15108/2/5 15107/2/5 15106/2/5
f 15109/2/5 15107/2/5 15108/2/5
f 15112/2/5 15111/2/5 15110/2/5
f 15113/2/5 15111/2/5 15112/2/5
f 15116/3/5 15115/3/5 15114/3/5
f 15117/3/5 15115/3/5 15116/3/5
f 15120/3/5 15119/3/5 15118/3/5
f 15121/3/5 15119/3/5 15120/3/5
f 15124/2/5 15123/2/5 15122/2/5
f 15125/2/5 15123/2/5 15124/2/5
f 15128/2/5 15127/2/5 15126/2/5
f 15129/2/5 15127/2/5 15128/2/5
f 15134/2/5 15131/2/5 15130/2/5
f 15135/2/5 15131/2/5 15134/2/5
f 15136/2/5 15133/2/5 15132/2/5
f 15137/2/5 15133/2/5 15136/2/5
f 15142/2/5 15139/2/5 15138/2/5
f 15143/2/5 15139/2/5 15142/2/5
f 15144/2/5 15141/2/5 15140/2/5
f 15145/2/5 15141/2/5 15144/2/5
f 15150/3/5 15147/3/5 15146/3/5
f 15151/3/5 15147/3/5 15150/3/5
f 15152/3/5 15149/3/5 15148/3/5
f 15153/3/5 15149/3/5 15152/3/5
f 15158/3/5 15155/3/5 15154/3/5
f 15159/3/5 15155/3/5 15158/3/5
f 15160/3/5 15157/3/5 15156/3/5
f 15161/3/5 15157/3/5 15160/3/5
f 15166/2/5 15163/2/5 15162/2/5
f 15167/2/5 15163/2/5 15166/2/5
f 15168/2/5 15165/2/5 15164/2/5
f 15169/2/5 15165/2/5 15168/2/5
f 15174/2/5 15171/2/5 15170/2/5
f 15175/2/5 15171/2/5 15174/2/5
f 15176/2/5 15173/2/5 15172/2/5
f 15177/2/5 15173/2/5 15176/2/5
f 15182/2/5 15179/2/5 15178/2/5
f 15183/2/5 15179/2/5 15182/2/5
f 15184/2/5 15181/2/5 15180/2/5
f 15185/2/5 15181/2/5 15184/2/5
f 15190/2/5 15187/2/5 15186/2/5
f 15191/2/5 15187/2/5 15190/2/5
f 15192/2/5 15189/2/5 15188/2/5
f 15193/2/5 15189/2/5 15192/2/5
f 15198/3/5 15195/3/5 15194/3/5
f 15199/3/5 15195/3/5 15198/3/5
f 15200/3/5 15197/3/5 15196/3/5
f 15201/3/5 15197/3/5 15200/3/5
f 15206/3/5 15203/3/5 15202/3/5
f 15207/3/5 15203/3/5 15206/3/5
f 15208/3/5 15205/3/5 15204/3/5
f 15209/3/5 15205/3/5 15208/3/5
f 15214/2/5 15211/2/5 15210/2/5
f 15215/2/5 15211/2/5 15214/2/5
f 15216/2/5 15213/2/5 15212/2/5
f 15217/2/5 15213/2/5 15216/2/5
f 15220/2/5 15219/2/5 15218/2/5
f 15221/2/5 15219/2/5 15220/2/5
f 15224/2/5 15223/2/5 15222/2/5
f 15225/2/5 15224/2/5 15222/2/5
f 15226/2/5 15224/2/5 15225/2/5
f 15229/1/5 15228/1/5 15227/1/5
f 15230/1/5 15228/1/5 15229/1/5
f 15231/2/5 15230/2/5 15229/2/5
f 15232/2/5 15230/2/5 15231/2/5
f 15235/2/5 15234/2/5 15233/2/5
f 15236/2/5 15234/2/5 15235/2/5
f 15239/2/5 15238/2/5 15237/2/5
f 15240/2/5 15238/2/5 15239/2/5
f 15243/3/5 15242/3/5 15241/3/5
f 15244/3/5 15242/3/5 15243/3/5
f 15247/2/5 15246/2/5 15245/2/5
f 15248/2/5 15246/2/5 15247/2/5
f 15251/2/5 15250/2/5 15249/2/5
f 15252/2/5 15250/2/5 15251/2/5
f 15257/2/5 15254/2/5 15253/2/5
f 15258/2/5 15254/2/5 15257/2/5
f 15259/2/5 15256/2/5 15255/2/5
f 15260/2/5 15256/2/5 15259/2/5
f 15265/2/5 15262/2/5 15261/2/5
f 15266/2/5 15262/2/5 15265/2/5
f 15267/2/5 15264/2/5 15263/2/5
f 15268/2/5 15264/2/5 15267/2/5
f 15273/2/5 15270/2/5 15269/2/5
f 15274/2/5 15270/2/5 15273/2/5
f 15275/2/5 15272/2/5 15271/2/5
f 15276/2/5 15272/2/5 15275/2/5
f 15281/3/5 15278/3/5 15277/3/5
f 15282/3/5 15278/3/5 15281/3/5
f 15283/3/5 15280/3/5 15279/3/5
f 15284/3/5 15280/3/5 15283/3/5
f 15289/2/5 15286/2/5 15285/2/5
f 15290/2/5 15286/2/5 15289/2/5
f 15291/2/5 15288/2/5 15287/2/5
f 15292/2/5 15288/2/5 15291/2/5
f 15297/2/5 15294/2/5 15293/2/5
f 15298/2/5 15294/2/5 15297/2/5
f 15299/2/5 15296/2/5 15295/2/5
f 15300/2/5 15296/2/5 15299/2/5
f 15305/2/5 15302/2/5 15301/2/5
f 15306/2/5 15302/2/5 15305/2/5
f 15307/2/5 15304/2/5 15303/2/5
f 15308/2/5 15304/2/5 15307/2/5
f 15313/2/5 15310/2/5 15309/2/5
f 15314/2/5 15310/2/5 15313/2/5
f 15315/2/5 15312/2/5 15311/2/5
f 15316/2/5 15312/2/5 15315/2/5
f 15321/2/5 15318/2/5 15317/2/5
f 15322/2/5 15318/2/5 15321/2/5
f 15323/2/5 15320/2/5 15319/2/5
f 15324/2/5 15320/2/5 15323/2/5
f 15329/3/5 15326/3/5 15325/3/5
f 15330/3/5 15326/3/5 15329/3/5
f 15331/3/5 15328/3/5 15327/3/5
f 15332/3/5 15328/3/5 15331/3/5
f 15337/2/5 15334/2/5 15333/2/5
f 15338/2/5 15334/2/5 15337/2/5
f 15339/2/5 15336/2/5 15335/2/5
f 15340/2/5 15336/2/5 15339/2/5
f 15343/2/5 15342/2/5 15341/2/5
f 15344/2/5 15342/2/5 15343/2/5
f 15347/2/5 15346/2/5 15345/2/5
f 15348/2/5 15346/2/5 15347/2/5
f 15351/2/5 15350/2/5 15349/2/5
f 15352/2/5 15350/2/5 15351/2/5
f 15355/2/5 15354/2/5 15353/2/5
f 15356/2/5 15354/2/5 15355/2/5
f 15359/3/5 15358/3/5 15357/3/5
f 15360/3/5 15358/3/5 15359/3/5
f 15363/3/5 15362/3/5 15361/3/5
f 15364/3/5 15362/3/5 15363/3/5
f 15367/2/5 15366/2/5 15365/2/5
f 15368/2/5 15366/2/5 15367/2/5
f 15371/2/5 15370/2/5 15369/2/5
f 15372/2/5 15370/2/5 15371/2/5
f 15377/2/5 15374/2/5 15373/2/5
f 15378/2/5 15374/2/5 15377/2/5
f 15379/2/5 15376/2/5 15375/2/5
f 15380/2/5 15376/2/5 15379/2/5
f 15385/2/5 15382/2/5 15381/2/5
f 15386/2/5 15382/2/5 15385/2/5
f 15387/2/5 15384/2/5 15383/2/5
f 15388/2/5 15384/2/5 15387/2/5
f 15393/3/5 15390/3/5 15389/3/5
f 15394/3/5 15390/3/5 15393/3/5
f 15395/3/5 15392/3/5 15391/3/5
f 15396/3/5 15392/3/5 15395/3/5
f 15401/3/5 15398/3/5 15397/3/5
f 15402/3/5 15398/3/5 15401/3/5
f 15403/3/5 15400/3/5 15399/3/5
f 15404/3/5 15400/3/5 15403/3/5
f 15409/2/5 15406/2/5 15405/2/5
f 15410/2/5 15406/2/5 15409/2/5
f 15411/2/5 15408/2/5 15407/2/5
f 15412/2/5 15408/2/5 15411/2/5
f 15417/2/5 15414/2/5 15413/2/5
f 15418/2/5 15414/2/5 15417/2/5
f 15419/2/5 15416/2/5 15415/2/5
f 15420/2/5 15416/2/5 15419/2/5
f 15425/2/5 15422/2/5 15421/2/5
f 15426/2/5 15422/2/5 15425/2/5
f 15427/2/5 15424/2/5 15423/2/5
f 15428/2/5 15424/2/5 15427/2/5
f 15433/2/5 15430/2/5 15429/2/5
f 15434/2/5 15430/2/5 15433/2/5
f 15435/2/5 15432/2/5 15431/2/5
f 15436/2/5 15432/2/5 15435/2/5
f 15441/3/5 15438/3/5 15437/3/5
f 15442/3/5 15438/3/5 15441/3/5
f 15443/3/5 15440/3/5 15439/3/5
f 15444/3/5 15440/3/5 15443/3/5
f 15447/2/5 15446/2/5 15445/2/5
f 15448/2/5 15446/2/5 15447/2/5
f 15451/2/5 15450/2/5 15449/2/5
f 15452/2/5 15450/2/5 15451/2/5
f 15455/2/5 15454/2/5 15453/2/5
f 15456/2/5 15454/2/5 15455/2/5
f 15459/2/5 15458/2/5 15457/2/5
f 15460/2/5 15458/2/5 15459/2/5
f 15463/2/5 15462/2/5 15461/2/5
f 15464/2/5 15462/2/5 15463/2/5
f 15467/3/5 15466/3/5 15465/3/5
f 15468/3/5 15466/3/5 15467/3/5
f 15471/2/5 15470/2/5 15469/2/5
f 15472/2/5 15470/2/5 15471/2/5
f 15475/2/5 15474/2/5 15473/2/5
f 15476/2/5 15474/2/5 15475/2/5
f 15481/2/5 15478/2/5 15477/2/5
f 15482/2/5 15478/2/5 15481/2/5
f 15483/2/5 15480/2/5 15479/2/5
f 15484/2/5 15480/2/5 15483/2/5
f 15489/2/5 15486/2/5 15485/2/5
f 15490/2/5 15486/2/5 15489/2/5
f 15491/2/5 15488/2/5 15487/2/5
f 15492/2/5 15488/2/5 15491/2/5
f 15497/3/5 15494/3/5 15493/3/5
f 15498/3/5 15494/3/5 15497/3/5
f 15499/3/5 15496/3/5 15495/3/5
f 15500/3/5 15496/3/5 15499/3/5
f 15505/2/5 15502/2/5 15501/2/5
f 15506/2/5 15502/2/5 15505/2/5
f 15507/2/5 15504/2/5 15503/2/5
f 15508/2/5 15504/2/5 15507/2/5
f 15513/2/5 15510/2/5 15509/2/5
f 15514/2/5 15510/2/5 15513/2/5
f 15515/2/5 15512/2/5 15511/2/5
f 15516/2/5 15512/2/5 15515/2/5
f 15521/2/5 15518/2/5 15517/2/5
f 15522/2/5 15518/2/5 15521/2/5
f 15523/2/5 15520/2/5 15519/2/5
f 15524/2/5 15520/2/5 15523/2/5
f 15529/2/5 15526/2/5 15525/2/5
f 15530/2/5 15526/2/5 15529/2/5
f 15531/2/5 15528/2/5 15527/2/5
f 15532/2/5 15528/2/5 15531/2/5
f 15535/2/5 15534/2/5 15533/2/5
f 15536/2/5 15534/2/5 15535/2/5
f 15539/2/5 15538/2/5 15537/2/5
f 15540/2/5 15538/2/5 15539/2/5
f 15545/2/5 15542/2/5 15541/2/5
f 15546/2/5 15542/2/5 15545/2/5
f 15547/2/5 15544/2/5 15543/2/5
f 15548/2/5 15547/2/5 15543/2/5
f 15549/2/5 15547/2/5 15548/2/5
f 15552/1/5 15551/1/5 15550/1/5
f 15553/1/5 15551/1/5 15552/1/5
f 15554/2/5 15553/2/5 15552/2/5
f 15555/2/5 15553/2/5 15554/2/5
f 15558/3/5 15557/3/5 15556/3/5
f 15559/3/5 15557/3/5 15558/3/5
f 15562/3/5 15561/3/5 15560/3/5
f 15563/3/5 15561/3/5 15562/3/5
f 15566/2/5 15565/2/5 15564/2/5
f 15567/2/5 15565/2/5 15566/2/5
f 15572/3/5 15569/3/5 15568/3/5
f 15573/3/5 15569/3/5 15572/3/5
f 15574/3/5 15571/3/5 15570/3/5
f 15575/3/5 15571/3/5 15574/3/5
f 15580/3/5 15577/3/5 15576/3/5
f 15581/3/5 15577/3/5 15580/3/5
f 15582/3/5 15579/3/5 15578/3/5
f 15583/3/5 15579/3/5 15582/3/5
f 15588/2/5 15585/2/5 15584/2/5
f 15589/2/5 15585/2/5 15588/2/5
f 15590/2/5 15587/2/5 15586/2/5
f 15591/2/5 15587/2/5 15590/2/5
f 15596/3/5 15593/3/5 15592/3/5
f 15597/3/5 15593/3/5 15596/3/5
f 15598/3/5 15595/3/5 15594/3/5
f 15599/3/5 15595/3/5 15598/3/5
f 15602/3/5 15601/3/5 15600/3/5
f 15603/3/5 15601/3/5 15602/3/5
f 15606/2/5 15605/2/5 15604/2/5
f 15607/2/5 15605/2/5 15606/2/5
f 15610/2/5 15609/2/5 15608/2/5
f 15611/2/5 15609/2/5 15610/2/5
f 15615/2/5 15613/2/5 15612/2/5
f 15616/2/5 15613/2/5 15615/2/5
f 15617/2/5 15615/2/5 15614/2/5
f 15618/2/5 15615/2/5 15617/2/5
f 15621/2/5 15620/2/5 15619/2/5
f 15622/2/5 15620/2/5 15621/2/5
f 15625/2/5 15624/2/5 15623/2/5
f 15626/2/5 15624/2/5 15625/2/5
f 15629/2/5 15628/2/5 15627/2/5
f 15630/2/5 15628/2/5 15629/2/5
f 15633/2/5 15632/2/5 15631/2/5
f 15634/2/5 15632/2/5 15633/2/5
f 15639/2/5 15636/2/5 15635/2/5
f 15640/2/5 15636/2/5 15639/2/5
f 15641/2/5 15638/2/5 15637/2/5
f 15642/2/5 15638/2/5 15641/2/5
f 15647/2/5 15644/2/5 15643/2/5
f 15648/2/5 15644/2/5 15647/2/5
f 15649/2/5 15646/2/5 15645/2/5
f 15650/2/5 15646/2/5 15649/2/5
f 15655/2/5 15652/2/5 15651/2/5
f 15656/2/5 15652/2/5 15655/2/5
f 15657/2/5 15654/2/5 15653/2/5
f 15658/2/5 15654/2/5 15657/2/5
f 15663/2/5 15660/2/5 15659/2/5
f 15664/2/5 15660/2/5 15663/2/5
f 15665/2/5 15662/2/5 15661/2/5
f 15666/2/5 15662/2/5 15665/2/5
f 15671/2/5 15668/2/5 15667/2/5
f 15672/2/5 15668/2/5 15671/2/5
f 15673/2/5 15670/2/5 15669/2/5
f 15674/2/5 15670/2/5 15673/2/5
f 15679/2/5 15676/2/5 15675/2/5
f 15680/2/5 15676/2/5 15679/2/5
f 15681/2/5 15678/2/5 15677/2/5
f 15682/2/5 15678/2/5 15681/2/5
f 15687/3/5 15684/3/5 15683/3/5
f 15688/3/5 15684/3/5 15687/3/5
f 15689/3/5 15686/3/5 15685/3/5
f 15690/3/5 15686/3/5 15689/3/5
f 15693/2/5 15692/2/5 15691/2/5
f 15694/2/5 15692/2/5 15693/2/5
f 15697/2/5 15696/2/5 15695/2/5
f 15698/2/5 15696/2/5 15697/2/5
f 15701/2/5 15700/2/5 15699/2/5
f 15702/2/5 15700/2/5 15701/2/5
f 15705/2/5 15704/2/5 15703/2/5
f 15706/2/5 15704/2/5 15705/2/5
f 15709/2/5 15708/2/5 15707/2/5
f 15710/2/5 15708/2/5 15709/2/5
f 15713/2/5 15712/2/5 15711/2/5
f 15714/2/5 15712/2/5 15713/2/5
f 15717/2/5 15716/2/5 15715/2/5
f 15718/2/5 15716/2/5 15717/2/5
f 15723/2/5 15720/2/5 15719/2/5
f 15724/2/5 15720/2/5 15723/2/5
f 15725/2/5 15722/2/5 15721/2/5
f 15726/2/5 15722/2/5 15725/2/5
f 15731/2/5 15728/2/5 15727/2/5
f 15732/2/5 15728/2/5 15731/2/5
f 15733/2/5 15730/2/5 15729/2/5
f 15734/2/5 15730/2/5 15733/2/5
f 15739/2/5 15736/2/5 15735/2/5
f 15740/2/5 15736/2/5 15739/2/5
f 15741/2/5 15738/2/5 15737/2/5
f 15742/2/5 15738/2/5 15741/2/5
f 15745/2/5 15744/2/5 15743/2/5
f 15746/2/5 15744/2/5 15745/2/5
f 15751/2/5 15748/2/5 15747/2/5
f 15752/2/5 15748/2/5 15751/2/5
f 15755/2/5 15750/2/5 15749/2/5
f 15756/2/5 15750/2/5 15755/2/5
f 15758/2/5 15754/2/5 15753/2/5
f 15759/2/5 15754/2/5 15758/2/5
f 15761/2/5 15758/2/5 15757/2/5
f 15762/2/5 15758/2/5 15761/2/5
f 15763/2/5 15761/2/5 15760/2/5
f 15764/2/5 15761/2/5 15763/2/5
f 15767/2/5 15766/2/5 15765/2/5
f 15768/2/5 15766/2/5 15767/2/5
f 15771/2/5 15770/2/5 15769/2/5
f 15772/2/5 15770/2/5 15771/2/5
f 15775/2/5 15774/2/5 15773/2/5
f 15776/2/5 15774/2/5 15775/2/5
f 15779/2/5 15778/2/5 15777/2/5
f 15780/2/5 15778/2/5 15779/2/5
f 15785/2/5 15782/2/5 15781/2/5
f 15786/2/5 15782/2/5 15785/2/5
f 15787/2/5 15784/2/5 15783/2/5
f 15788/2/5 15784/2/5 15787/2/5
f 15793/2/5 15790/2/5 15789/2/5
f 15794/2/5 15790/2/5 15793/2/5
f 15795/2/5 15792/2/5 15791/2/5
f 15796/2/5 15792/2/5 15795/2/5
f 15801/2/5 15798/2/5 15797/2/5
f 15802/2/5 15798/2/5 15801/2/5
f 15803/2/5 15800/2/5 15799/2/5
f 15804/2/5 15800/2/5 15803/2/5
f 15809/2/5 15806/2/5 15805/2/5
f 15810/2/5 15806/2/5 15809/2/5
f 15811/2/5 15808/2/5 15807/2/5
f 15812/2/5 15808/2/5 15811/2/5
f 15817/2/5 15814/2/5 15813/2/5
f 15818/2/5 15814/2/5 15817/2/5
f 15819/2/5 15816/2/5 15815/2/5
f 15820/2/5 15816/2/5 15819/2/5
f 15825/2/5 15822/2/5 15821/2/5
f 15826/2/5 15822/2/5 15825/2/5
f 15827/2/5 15824/2/5 15823/2/5
f 15828/2/5 15824/2/5 15827/2/5
f 15831/2/5 15830/2/5 15829/2/5
f 15832/2/5 15830/2/5 15831/2/5
f 15835/2/5 15834/2/5 15833/2/5
f 15836/2/5 15834/2/5 15835/2/5
f 15841/2/5 15838/2/5 15837/2/5
f 15842/2/5 15838/2/5 15841/2/5
f 15844/2/5 15840/2/5 15839/2/5
f 15845/2/5 15840/2/5 15844/2/5
f 15847/2/5 15844/2/5 15843/2/5
f 15848/2/5 15844/2/5 15847/2/5
f 15850/2/5 15847/2/5 15846/2/5
f 15851/2/5 15847/2/5 15850/2/5
f 15852/2/5 15850/2/5 15849/2/5
f 15853/2/5 15850/2/5 15852/2/5
f 15856/3/5 15855/3/5 15854/3/5
f 15857/3/5 15855/3/5 15856/3/5
f 15862/3/5 15859/3/5 15858/3/5
f 15863/3/5 15859/3/5 15862/3/5
f 15864/3/5 15861/3/5 15860/3/5
f 15865/3/5 15861/3/5 15864/3/5
f 15868/2/5 15867/2/5 15866/2/5
f 15869/2/5 15867/2/5 15868/2/5
f 15872/2/5 15871/2/5 15870/2/5
f 15873/2/5 15871/2/5 15872/2/5
f 15876/2/5 15875/2/5 15874/2/5
f 15877/2/5 15875/2/5 15876/2/5
f 15880/2/5 15879/2/5 15878/2/5
f 15881/2/5 15879/2/5 15880/2/5
f 15886/2/5 15883/2/5 15882/2/5
f 15887/2/5 15883/2/5 15886/2/5
f 15888/2/5 15885/2/5 15884/2/5
f 15889/2/5 15885/2/5 15888/2/5
f 15894/2/5 15891/2/5 15890/2/5
f 15895/2/5 15891/2/5 15894/2/5
f 15896/2/5 15893/2/5 15892/2/5
f 15897/2/5 15893/2/5 15896/2/5
f 15902/3/5 15899/3/5 15898/3/5
f 15903/3/5 15899/3/5 15902/3/5
f 15904/3/5 15901/3/5 15900/3/5
f 15905/3/5 15901/3/5 15904/3/5
f 15910/2/5 15907/2/5 15906/2/5
f 15911/2/5 15907/2/5 15910/2/5
f 15912/2/5 15909/2/5 15908/2/5
f 15913/2/5 15909/2/5 15912/2/5
f 15918/2/5 15915/2/5 15914/2/5
f 15919/2/5 15915/2/5 15918/2/5
f 15920/2/5 15917/2/5 15916/2/5
f 15921/2/5 15917/2/5 15920/2/5
f 15926/2/5 15923/2/5 15922/2/5
f 15927/2/5 15923/2/5 15926/2/5
f 15928/2/5 15925/2/5 15924/2/5
f 15929/2/5 15925/2/5 15928/2/5
f 15934/2/5 15931/2/5 15930/2/5
f 15935/2/5 15931/2/5 15934/2/5
f 15936/2/5 15933/2/5 15932/2/5
f 15937/2/5 15933/2/5 15936/2/5
f 15942/3/5 15939/3/5 15938/3/5
f 15943/3/5 15939/3/5 15942/3/5
f 15944/3/5 15941/3/5 15940/3/5
f 15945/3/5 15941/3/5 15944/3/5
f 15948/2/5 15947/2/5 15946/2/5
f 15949/2/5 15947/2/5 15948/2/5
f 15952/2/5 15951/2/5 15950/2/5
f 15953/2/5 15951/2/5 15952/2/5
f 15956/1/5 15955/1/5 15954/1/5
f 15957/1/5 15955/1/5 15956/1/5
f 15960/2/5 15959/2/5 15958/2/5
f 15961/2/5 15959/2/5 15960/2/5
f 15966/2/5 15963/2/5 15962/2/5
f 15967/2/5 15963/2/5 15966/2/5
f 15968/2/5 15965/2/5 15964/2/5
f 15969/2/5 15965/2/5 15968/2/5
f 15972/3/5 15971/3/5 15970/3/5
f 15973/3/5 15971/3/5 15972/3/5
f 15974/2/5 15973/2/5 15972/2/5
f 15975/2/5 15973/2/5 15974/2/5
f 15980/2/5 15977/2/5 15976/2/5
f 15981/2/5 15977/2/5 15980/2/5
f 15982/2/5 15979/2/5 15978/2/5
f 15983/2/5 15979/2/5 15982/2/5
f 15988/2/5 15985/2/5 15984/2/5
f 15989/2/5 15985/2/5 15988/2/5
f 15990/2/5 15987/2/5 15986/2/5
f 15991/2/5 15987/2/5 15990/2/5
f 15996/2/5 15993/2/5 15992/2/5
f 15997/2/5 15993/2/5 15996/2/5
f 15998/2/5 15995/2/5 15994/2/5
f 15999/2/5 15995/2/5 15998/2/5
f 16004/3/5 16001/3/5 16000/3/5
f 16005/3/5 16001/3/5 16004/3/5
f 16006/3/5 16003/3/5 16002/3/5
f 16007/3/5 16003/3/5 16006/3/5
f 16012/2/5 16009/2/5 16008/2/5
f 16013/2/5 16009/2/5 16012/2/5
f 16014/2/5 16011/2/5 16010/2/5
f 16015/2/5 16011/2/5 16014/2/5
f 16020/2/5 16017/2/5 16016/2/5
f 16021/2/5 16017/2/5 16020/2/5
f 16022/2/5 16019/2/5 16018/2/5
f 16023/2/5 16019/2/5 16022/2/5
f 16028/2/5 16025/2/5 16024/2/5
f 16029/2/5 16025/2/5 16028/2/5
f 16030/2/5 16027/2/5 16026/2/5
f 16031/2/5 16027/2/5 16030/2/5
f 16034/2/5 16033/2/5 16032/2/5
f 16035/2/5 16033/2/5 16034/2/5
f 16040/2/5 16037/2/5 16036/2/5
f 16041/2/5 16037/2/5 16040/2/5
f 16042/2/5 16039/2/5 16038/2/5
f 16043/2/5 16039/2/5 16042/2/5
f 16048/2/5 16045/2/5 16044/2/5
f 16049/2/5 16045/2/5 16048/2/5
f 16050/2/5 16047/2/5 16046/2/5
f 16051/2/5 16047/2/5 16050/2/5
f 16056/2/5 16053/2/5 16052/2/5
f 16057/2/5 16053/2/5 16056/2/5
f 16058/2/5 16055/2/5 16054/2/5
f 16059/2/5 16055/2/5 16058/2/5
f 16064/3/5 16061/3/5 16060/3/5
f 16065/3/5 16061/3/5 16064/3/5
f 16066/3/5 16063/3/5 16062/3/5
f 16067/3/5 16063/3/5 16066/3/5
f 16072/3/5 16069/3/5 16068/3/5
f 16073/3/5 16069/3/5 16072/3/5
f 16074/3/5 16071/3/5 16070/3/5
f 16075/3/5 16071/3/5 16074/3/5
f 16076/2/5 16073/2/5 16072/2/5
f 16077/2/5 16073/2/5 16076/2/5
f 16078/2/5 16075/2/5 16074/2/5
f 16079/2/5 16075/2/5 16078/2/5
f 16084/2/5 16081/2/5 16080/2/5
f 16085/2/5 16081/2/5 16084/2/5
f 16086/2/5 16083/2/5 16082/2/5
f 16087/2/5 16083/2/5 16086/2/5
f 16092/2/5 16089/2/5 16088/2/5
f 16093/2/5 16089/2/5 16092/2/5
f 16094/2/5 16091/2/5 16090/2/5
f 16095/2/5 16091/2/5 16094/2/5
f 16100/2/5 16097/2/5 16096/2/5
f 16101/2/5 16097/2/5 16100/2/5
f 16102/2/5 16099/2/5 16098/2/5
f 16103/2/5 16099/2/5 16102/2/5
f 16108/2/5 16105/2/5 16104/2/5
f 16109/2/5 16105/2/5 16108/2/5
f 16110/2/5 16107/2/5 16106/2/5
f 16111/2/5 16107/2/5 16110/2/5
f 16112/3/5 16109/3/5 16108/3/5
f 16113/3/5 16109/3/5 16112/3/5
f 16114/3/5 16111/3/5 16110/3/5
f 16115/3/5 16111/3/5 16114/3/5
f 16118/2/5 16117/2/5 16116/2/5
f 16119/2/5 16117/2/5 16118/2/5
f 16122/2/5 16121/2/5 16120/2/5
f 16123/2/5 16121/2/5 16122/2/5
f 16128/2/5 16125/2/5 16124/2/5
f 16129/2/5 16125/2/5 16128/2/5
f 16130/2/5 16127/2/5 16126/2/5
f 16131/2/5 16127/2/5 16130/2/5
f 16136/2/5 16133/2/5 16132/2/5
f 16137/2/5 16133/2/5 16136/2/5
f 16138/2/5 16135/2/5 16134/2/5
f 16139/2/5 16135/2/5 16138/2/5
f 16144/2/5 16141/2/5 16140/2/5
f 16145/2/5 16141/2/5 16144/2/5
f 16146/2/5 16143/2/5 16142/2/5
f 16147/2/5 16143/2/5 16146/2/5
f 16152/3/5 16149/3/5 16148/3/5
f 16153/3/5 16149/3/5 16152/3/5
f 16154/3/5 16151/3/5 16150/3/5
f 16155/3/5 16151/3/5 16154/3/5
f 16160/2/5 16157/2/5 16156/2/5
f 16161/2/5 16157/2/5 16160/2/5
f 16162/2/5 16159/2/5 16158/2/5
f 16163/2/5 16159/2/5 16162/2/5
f 16168/2/5 16165/2/5 16164/2/5
f 16169/2/5 16165/2/5 16168/2/5
f 16170/2/5 16167/2/5 16166/2/5
f 16171/2/5 16167/2/5 16170/2/5
f 16176/2/5 16173/2/5 16172/2/5
f 16177/2/5 16173/2/5 16176/2/5
f 16178/2/5 16175/2/5 16174/2/5
f 16179/2/5 16175/2/5 16178/2/5
f 16184/2/5 16181/2/5 16180/2/5
f 16185/2/5 16181/2/5 16184/2/5
f 16186/2/5 16183/2/5 16182/2/5
f 16187/2/5 16183/2/5 16186/2/5
f 16190/3/5 16189/3/5 16188/3/5
f 16191/3/5 16189/3/5 16190/3/5
f 16192/2/5 16191/2/5 16190/2/5
f 16193/2/5 16191/2/5 16192/2/5
f 16198/2/5 16195/2/5 16194/2/5
f 16199/2/5 16195/2/5 16198/2/5
f 16200/2/5 16197/2/5 16196/2/5
f 16201/2/5 16197/2/5 16200/2/5
f 16206/2/5 16203/2/5 16202/2/5
f 16207/2/5 16203/2/5 16206/2/5
f 16208/2/5 16205/2/5 16204/2/5
f 16209/2/5 16205/2/5 16208/2/5
f 16214/2/5 16211/2/5 16210/2/5
f 16215/2/5 16211/2/5 16214/2/5
f 16218/2/5 16213/2/5 16212/2/5
f 16219/2/5 16213/2/5 16218/2/5
f 16221/2/5 16216/2/5 16215/2/5
f 16222/2/5 16216/2/5 16221/2/5
f 16223/2/5 16218/2/5 16217/2/5
f 16224/2/5 16218/2/5 16223/2/5
f 16226/3/5 16221/3/5 16220/3/5
f 16227/3/5 16221/3/5 16226/3/5
f 16228/3/5 16225/3/5 16224/3/5
f 16229/3/5 16225/3/5 16228/3/5
f 16234/3/5 16231/3/5 16230/3/5
f 16235/3/5 16231/3/5 16234/3/5
f 16236/3/5 16233/3/5 16232/3/5
f 16237/3/5 16233/3/5 16236/3/5
f 16238/2/5 16235/2/5 16234/2/5
f 16239/2/5 16235/2/5 16238/2/5
f 16240/2/5 16237/2/5 16236/2/5
f 16241/2/5 16237/2/5 16240/2/5
f 16246/2/5 16243/2/5 16242/2/5
f 16247/2/5 16243/2/5 16246/2/5
f 16248/2/5 16245/2/5 16244/2/5
f 16249/2/5 16245/2/5 16248/2/5
f 16254/2/5 16251/2/5 16250/2/5
f 16255/2/5 16251/2/5 16254/2/5
f 16258/2/5 16253/2/5 16252/2/5
f 16259/2/5 16253/2/5 16258/2/5
f 16261/2/5 16256/2/5 16255/2/5
f 16262/2/5 16256/2/5 16261/2/5
f 16263/2/5 16258/2/5 16257/2/5
f 16264/2/5 16258/2/5 16263/2/5
f 16266/2/5 16261/2/5 16260/2/5
f 16267/2/5 16261/2/5 16266/2/5
f 16268/2/5 16265/2/5 16264/2/5
f 16269/2/5 16265/2/5 16268/2/5
f 16274/2/5 16271/2/5 16270/2/5
f 16275/2/5 16271/2/5 16274/2/5
f 16276/2/5 16273/2/5 16272/2/5
f 16277/2/5 16273/2/5 16276/2/5
f 16278/3/5 16277/3/5 16276/3/5
f 16279/3/5 16277/3/5 16278/3/5
f 16280/3/5 16275/3/5 16274/3/5
f 16281/3/5 16275/3/5 16280/3/5
f 16284/2/5 16283/2/5 16282/2/5
f 16285/2/5 16283/2/5 16284/2/5
f 16288/2/5 16287/2/5 16286/2/5
f 16289/2/5 16287/2/5 16288/2/5
f 16295/2/5 16291/2/5 16290/2/5
f 16296/2/5 16291/2/5 16295/2/5
f 16297/2/5 16293/2/5 16292/2/5
f 16298/2/5 16293/2/5 16297/2/5
f 16299/2/5 16295/2/5 16294/2/5
f 16300/2/5 16295/2/5 16299/2/5
f 16305/2/5 16302/2/5 16301/2/5
f 16306/2/5 16302/2/5 16305/2/5
f 16309/2/5 16304/2/5 16303/2/5
f 16310/2/5 16304/2/5 16309/2/5
f 16311/2/5 16307/2/5 16306/2/5
f 16312/2/5 16307/2/5 16311/2/5
f 16315/2/5 16309/2/5 16308/2/5
f 16316/2/5 16309/2/5 16315/2/5
f 16318/2/5 16313/2/5 16312/2/5
f 16319/2/5 16313/2/5 16318/2/5
f 16320/2/5 16315/2/5 16314/2/5
f 16321/2/5 16315/2/5 16320/2/5
f 16324/3/5 16318/3/5 16317/3/5
f 16325/3/5 16318/3/5 16324/3/5
f 16326/3/5 16322/3/5 16321/3/5
f 16327/3/5 16322/3/5 16326/3/5
f 16329/3/5 16324/3/5 16323/3/5
f 16330/3/5 16324/3/5 16329/3/5
f 16331/3/5 16328/3/5 16327/3/5
f 16332/3/5 16328/3/5 16331/3/5
f 16333/2/5 16330/2/5 16329/2/5
f 16334/2/5 16330/2/5 16333/2/5
f 16335/2/5 16332/2/5 16331/2/5
f 16336/2/5 16332/2/5 16335/2/5
f 16341/2/5 16338/2/5 16337/2/5
f 16342/2/5 16338/2/5 16341/2/5
f 16343/2/5 16340/2/5 16339/2/5
f 16344/2/5 16340/2/5 16343/2/5
f 16349/2/5 16346/2/5 16345/2/5
f 16350/2/5 16346/2/5 16349/2/5
f 16353/2/5 16348/2/5 16347/2/5
f 16354/2/5 16348/2/5 16353/2/5
f 16355/2/5 16351/2/5 16350/2/5
f 16356/2/5 16351/2/5 16355/2/5
f 16359/2/5 16353/2/5 16352/2/5
f 16360/2/5 16353/2/5 16359/2/5
f 16362/2/5 16357/2/5 16356/2/5
f 16363/2/5 16357/2/5 16362/2/5
f 16364/2/5 16359/2/5 16358/2/5
f 16365/2/5 16359/2/5 16364/2/5
f 16368/2/5 16362/2/5 16361/2/5
f 16369/2/5 16362/2/5 16368/2/5
f 16370/2/5 16366/2/5 16365/2/5
f 16371/2/5 16366/2/5 16370/2/5
f 16373/2/5 16368/2/5 16367/2/5
f 16374/2/5 16368/2/5 16373/2/5
f 16375/2/5 16372/2/5 16371/2/5
f 16376/2/5 16372/2/5 16375/2/5
f 16377/3/5 16374/3/5 16373/3/5
f 16378/3/5 16374/3/5 16377/3/5
f 16381/3/5 16380/3/5 16379/3/5
f 16382/3/5 16380/3/5 16381/3/5
f 16383/2/5 16382/2/5 16381/2/5
f 16384/2/5 16382/2/5 16383/2/5
f 16387/2/5 16386/2/5 16385/2/5
f 16388/2/5 16386/2/5 16387/2/5
f 16395/2/5 16390/2/5 16389/2/5
f 16396/2/5 16390/2/5 16395/2/5
f 16397/2/5 16392/2/5 16391/2/5
f 16398/2/5 16392/2/5 16397/2/5
f 16399/2/5 16394/2/5 16393/2/5
f 16400/2/5 16394/2/5 16399/2/5
f 16405/2/5 16402/2/5 16401/2/5
f 16406/2/5 16402/2/5 16405/2/5
f 16409/2/5 16404/2/5 16403/2/5
f 16410/2/5 16404/2/5 16409/2/5
f 16411/2/5 16407/2/5 16406/2/5
f 16412/2/5 16407/2/5 16411/2/5
f 16415/2/5 16409/2/5 16408/2/5
f 16416/2/5 16409/2/5 16415/2/5
f 16417/2/5 16413/2/5 16412/2/5
f 16418/2/5 16413/2/5 16417/2/5
f 16421/2/5 16415/2/5 16414/2/5
f 16422/2/5 16415/2/5 16421/2/5
f 16424/2/5 16419/2/5 16418/2/5
f 16425/2/5 16419/2/5 16424/2/5
f 16426/2/5 16421/2/5 16420/2/5
f 16427/2/5 16421/2/5 16426/2/5
f 16430/3/5 16424/3/5 16423/3/5
f 16431/3/5 16424/3/5 16430/3/5
f 16432/3/5 16428/3/5 16427/3/5
f 16433/3/5 16428/3/5 16432/3/5
f 16435/3/5 16430/3/5 16429/3/5
f 16436/3/5 16430/3/5 16435/3/5
f 16437/3/5 16434/3/5 16433/3/5
f 16438/3/5 16434/3/5 16437/3/5
f 16443/2/5 16440/2/5 16439/2/5
f 16444/2/5 16440/2/5 16443/2/5
f 16445/2/5 16442/2/5 16441/2/5
f 16446/2/5 16442/2/5 16445/2/5
f 16451/2/5 16448/2/5 16447/2/5
f 16452/2/5 16448/2/5 16451/2/5
f 16455/2/5 16450/2/5 16449/2/5
f 16456/2/5 16450/2/5 16455/2/5
f 16457/2/5 16453/2/5 16452/2/5
f 16458/2/5 16453/2/5 16457/2/5
f 16461/2/5 16455/2/5 16454/2/5
f 16462/2/5 16455/2/5 16461/2/5
f 16464/2/5 16459/2/5 16458/2/5
f 16465/2/5 16459/2/5 16464/2/5
f 16466/2/5 16461/2/5 16460/2/5
f 16467/2/5 16461/2/5 16466/2/5
f 16470/2/5 16464/2/5 16463/2/5
f 16471/2/5 16464/2/5 16470/2/5
f 16472/2/5 16468/2/5 16467/2/5
f 16473/2/5 16468/2/5 16472/2/5
f 16475/2/5 16474/2/5 16473/2/5
f 16476/2/5 16474/2/5 16475/2/5
f 16477/2/5 16470/2/5 16469/2/5
f 16478/2/5 16470/2/5 16477/2/5
f 16481/3/5 16480/3/5 16479/3/5
f 16482/3/5 16480/3/5 16481/3/5
f 16483/2/5 16482/2/5 16481/2/5
f 16484/2/5 16482/2/5 16483/2/5
f 16489/2/5 16486/2/5 16485/2/5
f 16490/2/5 16486/2/5 16489/2/5
f 16493/2/5 16488/2/5 16487/2/5
f 16494/2/5 16488/2/5 16493/2/5
f 16495/2/5 16491/2/5 16490/2/5
f 16496/2/5 16491/2/5 16495/2/5
f 16499/2/5 16493/2/5 16492/2/5
f 16500/2/5 16493/2/5 16499/2/5
f 16501/2/5 16497/2/5 16496/2/5
f 16502/2/5 16497/2/5 16501/2/5
f 16505/2/5 16499/2/5 16498/2/5
f 16506/2/5 16499/2/5 16505/2/5
f 16507/2/5 16503/2/5 16502/2/5
f 16508/2/5 16503/2/5 16507/2/5
f 16511/2/5 16505/2/5 16504/2/5
f 16512/2/5 16505/2/5 16511/2/5
f 16514/2/5 16509/2/5 16508/2/5
f 16515/2/5 16509/2/5 16514/2/5
f 16516/2/5 16511/2/5 16510/2/5
f 16517/2/5 16511/2/5 16516/2/5
f 16520/3/5 16514/3/5 16513/3/5
f 16521/3/5 16514/3/5 16520/3/5
f 16522/3/5 16518/3/5 16517/3/5
f 16523/3/5 16518/3/5 16522/3/5
f 16526/3/5 16520/3/5 16519/3/5
f 16527/3/5 16520/3/5 16526/3/5
f 16528/3/5 16524/3/5 16523/3/5
f 16529/3/5 16524/3/5 16528/3/5
f 16531/2/5 16527/2/5 16526/2/5
f 16531/2/5 16526/2/5 16525/2/5
f 16532/2/5 16527/2/5 16531/2/5
f 16533/2/5 16529/2/5 16528/2/5
f 16533/2/5 16530/2/5 16529/2/5
f 16534/2/5 16530/2/5 16533/2/5
f 16535/2/5 16531/2/5 16525/2/5
f 16538/2/5 16530/2/5 16534/2/5
f 16539/2/5 16536/2/5 16535/2/5
f 16539/2/5 16535/2/5 16525/2/5
f 16540/2/5 16536/2/5 16539/2/5
f 16541/2/5 16538/2/5 16537/2/5
f 16541/2/5 16530/2/5 16538/2/5
f 16542/2/5 16530/2/5 16541/2/5
f 16543/2/5 16536/2/5 16540/2/5
f 16544/2/5 16536/2/5 16543/2/5
f 16547/2/5 16541/2/5 16537/2/5
f 16548/2/5 16541/2/5 16547/2/5
f 16549/2/5 16545/2/5 16544/2/5
f 16550/2/5 16545/2/5 16549/2/5
f 16553/2/5 16547/2/5 16546/2/5
f 16554/2/5 16547/2/5 16553/2/5
f 16556/2/5 16551/2/5 16550/2/5
f 16557/2/5 16551/2/5 16556/2/5
f 16558/2/5 16553/2/5 16552/2/5
f 16559/2/5 16553/2/5 16558/2/5
f 16561/2/5 16556/2/5 16555/2/5
f 16562/2/5 16556/2/5 16561/2/5
f 16564/2/5 16561/2/5 16560/2/5
f 16565/2/5 16561/2/5 16564/2/5
f 16566/3/5 16564/3/5 16563/3/5
f 16566/3/5 16565/3/5 16564/3/5
f 16567/3/5 16565/3/5 16566/3/5
f 16568/3/5 16566/3/5 16563/3/5
f 16569/3/5 16566/3/5 16568/3/5
f 16570/2/5 16569/2/5 16568/2/5
f 16571/2/5 16569/2/5 16570/2/5
f 16576/2/5 16573/2/5 16572/2/5
f 16577/2/5 16573/2/5 16576/2/5
f 16578/2/5 16575/2/5 16574/2/5
f 16581/2/5 16576/2/5 16572/2/5
f 16582/2/5 16579/2/5 16578/2/5
f 16582/2/5 16578/2/5 16574/2/5
f 16583/2/5 16579/2/5 16582/2/5
f 16584/2/5 16581/2/5 16580/2/5
f 16584/2/5 16576/2/5 16581/2/5
f 16585/2/5 16576/2/5 16584/2/5
f 16586/2/5 16579/2/5 16583/2/5
f 16589/2/5 16584/2/5 16580/2/5
f 16590/2/5 16587/2/5 16586/2/5
f 16590/2/5 16586/2/5 16583/2/5
f 16591/2/5 16587/2/5 16590/2/5
f 16592/2/5 16587/2/5 16591/2/5
f 16595/2/5 16589/2/5 16588/2/5
f 16596/2/5 16584/2/5 16589/2/5
f 16596/2/5 16589/2/5 16595/2/5
f 16597/2/5 16584/2/5 16596/2/5
f 16598/2/5 16593/2/5 16592/2/5
f 16598/2/5 16592/2/5 16591/2/5
f 16599/2/5 16593/2/5 16598/2/5
f 16600/2/5 16593/2/5 16599/2/5
f 16603/2/5 16595/2/5 16594/2/5
f 16603/2/5 16596/2/5 16595/2/5
f 16604/2/5 16596/2/5 16603/2/5
f 16605/2/5 16596/2/5 16604/2/5
f 16606/2/5 16601/2/5 16600/2/5
f 16606/2/5 16600/2/5 16599/2/5
f 16607/2/5 16601/2/5 16606/2/5
f 16608/2/5 16601/2/5 16607/2/5
f 16611/2/5 16604/2/5 16603/2/5
f 16611/2/5 16603/2/5 16602/2/5
f 16612/2/5 16604/2/5 16611/2/5
f 16613/2/5 16604/2/5 16612/2/5
f 16615/2/5 16609/2/5 16608/2/5
f 16615/2/5 16608/2/5 16607/2/5
f 16616/2/5 16609/2/5 16615/2/5
f 16617/2/5 16609/2/5 16616/2/5
f 16618/2/5 16612/2/5 16611/2/5
f 16618/2/5 16611/2/5 16610/2/5
f 16619/2/5 16612/2/5 16618/2/5
f 16620/2/5 16612/2/5 16619/2/5
f 16623/3/5 16616/3/5 16615/3/5
f 16623/3/5 16615/3/5 16614/3/5
f 16624/3/5 16616/3/5 16623/3/5
f 16625/3/5 16616/3/5 16624/3/5
f 16626/3/5 16621/3/5 16620/3/5
f 16626/3/5 16620/3/5 16619/3/5
f 16627/3/5 16621/3/5 16626/3/5
f 16628/3/5 16621/3/5 16627/3/5
f 16630/3/5 16624/3/5 16623/3/5
f 16630/3/5 16623/3/5 16622/3/5
f 16631/3/5 16624/3/5 16630/3/5
f 16632/3/5 16629/3/5 16628/3/5
f 16632/3/5 16628/3/5 16627/3/5
f 16633/3/5 16629/3/5 16632/3/5
f 16634/3/5 16630/3/5 16622/3/5
f 16635/3/5 16630/3/5 16634/3/5
f 16636/3/5 16629/3/5 16633/3/5
f 16637/3/5 16629/3/5 16636/3/5
f 16639/2/5 16635/2/5 16634/2/5
f 16640/2/5 16637/2/5 16636/2/5
f 16642/2/5 16635/2/5 16639/2/5
f 16642/2/5 16639/2/5 16638/2/5
f 16643/2/5 16635/2/5 16642/2/5
f 16644/2/5 16640/2/5 16636/2/5
f 16644/2/5 16641/2/5 16640/2/5
f 16645/2/5 16641/2/5 16644/2/5
f 16646/2/5 16642/2/5 16638/2/5
f 16649/2/5 16641/2/5 16645/2/5
f 16650/2/5 16647/2/5 16646/2/5
f 16650/2/5 16646/2/5 16638/2/5
f 16651/2/5 16647/2/5 16650/2/5
f 16652/2/5 16649/2/5 16648/2/5
f 16652/2/5 16641/2/5 16649/2/5
f 16653/2/5 16641/2/5 16652/2/5
f 16654/2/5 16647/2/5 16651/2/5
f 16657/2/5 16652/2/5 16648/2/5
f 16658/2/5 16655/2/5 16654/2/5
f 16658/2/5 16654/2/5 16651/2/5
f 16659/2/5 16655/2/5 16658/2/5
f 16660/2/5 16655/2/5 16659/2/5
f 16663/2/5 16657/2/5 16656/2/5
f 16664/2/5 16652/2/5 16657/2/5
f 16664/2/5 16657/2/5 16663/2/5
f 16665/2/5 16652/2/5 16664/2/5
f 16666/2/5 16661/2/5 16660/2/5
f 16666/2/5 16660/2/5 16659/2/5
f 16667/2/5 16661/2/5 16666/2/5
f 16668/2/5 16661/2/5 16667/2/5
f 16671/2/5 16663/2/5 16662/2/5
f 16671/2/5 16664/2/5 16663/2/5
f 16672/2/5 16664/2/5 16671/2/5
f 16673/2/5 16664/2/5 16672/2/5
f 16674/2/5 16671/2/5 16670/2/5
f 16674/2/5 16672/2/5 16671/2/5
f 16675/2/5 16672/2/5 16674/2/5
f 16677/2/5 16669/2/5 16668/2/5
f 16677/2/5 16668/2/5 16667/2/5
f 16678/2/5 16669/2/5 16677/2/5
f 16679/2/5 16669/2/5 16678/2/5
f 16681/2/5 16677/2/5 16676/2/5
f 16681/2/5 16678/2/5 16677/2/5
f 16682/2/5 16678/2/5 16681/2/5
f 16683/2/5 16678/2/5 16682/2/5
f 16684/2/5 16681/2/5 16680/2/5
f 16684/2/5 16682/2/5 16681/2/5
f 16685/2/5 16682/2/5 16684/2/5
f 16686/2/5 16684/2/5 16680/2/5
f 16687/2/5 16684/2/5 16686/2/5
f 16689/3/5 16687/3/5 16686/3/5
f 16690/3/5 16687/3/5 16689/3/5
f 16690/3/5 16689/3/5 16688/3/5
f 16691/3/5 16687/3/5 16690/3/5
f 16692/3/5 16690/3/5 16688/3/5
f 16693/3/5 16690/3/5 16692/3/5
f 16694/2/5 16693/2/5 16692/2/5
f 16695/2/5 16693/2/5 16694/2/5
f 16701/2/5 16697/2/5 16696/2/5
f 16702/2/5 16699/2/5 16698/2/5
f 16703/2/5 16699/2/5 16702/2/5
f 16704/2/5 16701/2/5 16700/2/5
f 16704/2/5 16697/2/5 16701/2/5
f 16705/2/5 16697/2/5 16704/2/5
f 16706/2/5 16699/2/5 16703/2/5
f 16709/2/5 16704/2/5 16700/2/5
f 16710/2/5 16707/2/5 16706/2/5
f 16710/2/5 16706/2/5 16703/2/5
f 16711/2/5 16707/2/5 16710/2/5
f 16712/2/5 16707/2/5 16711/2/5
f 16715/2/5 16709/2/5 16708/2/5
f 16716/2/5 16704/2/5 16709/2/5
f 16716/2/5 16709/2/5 16715/2/5
f 16717/2/5 16704/2/5 16716/2/5
f 16718/2/5 16713/2/5 16712/2/5
f 16718/2/5 16712/2/5 16711/2/5
f 16719/2/5 16713/2/5 16718/2/5
f 16720/2/5 16713/2/5 16719/2/5
f 16723/2/5 16715/2/5 16714/2/5
f 16723/2/5 16716/2/5 16715/2/5
f 16724/2/5 16716/2/5 16723/2/5
f 16725/2/5 16716/2/5 16724/2/5
f 16726/2/5 16721/2/5 16720/2/5
f 16726/2/5 16720/2/5 16719/2/5
f 16727/2/5 16721/2/5 16726/2/5
f 16728/2/5 16721/2/5 16727/2/5
f 16731/2/5 16724/2/5 16723/2/5
f 16731/2/5 16723/2/5 16722/2/5
f 16732/2/5 16724/2/5 16731/2/5
f 16733/2/5 16724/2/5 16732/2/5
f 16734/2/5 16729/2/5 16728/2/5
f 16734/2/5 16728/2/5 16727/2/5
f 16735/2/5 16729/2/5 16734/2/5
f 16736/2/5 16729/2/5 16735/2/5
f 16737/2/5 16732/2/5 16731/2/5
f 16737/2/5 16731/2/5 16730/2/5
f 16738/2/5 16732/2/5 16737/2/5
f 16739/2/5 16732/2/5 16738/2/5
f 16741/2/5 16736/2/5 16735/2/5
f 16741/2/5 16738/2/5 16737/2/5
f 16741/2/5 16737/2/5 16736/2/5
f 16742/2/5 16738/2/5 16741/2/5
f 16743/2/5 16738/2/5 16742/2/5
f 16744/2/5 16738/2/5 16743/2/5
f 16747/3/5 16741/3/5 16740/3/5
f 16747/3/5 16742/3/5 16741/3/5
f 16748/3/5 16742/3/5 16747/3/5
f 16749/3/5 16742/3/5 16748/3/5
f 16750/3/5 16744/3/5 16743/3/5
f 16750/3/5 16745/3/5 16744/3/5
f 16751/3/5 16745/3/5 16750/3/5
f 16752/3/5 16745/3/5 16751/3/5
f 16755/3/5 16748/3/5 16747/3/5
f 16755/3/5 16747/3/5 16746/3/5
f 16756/3/5 16748/3/5 16755/3/5
f 16757/3/5 16748/3/5 16756/3/5
f 16758/3/5 16752/3/5 16751/3/5
f 16758/3/5 16753/3/5 16752/3/5
f 16759/3/5 16753/3/5 16758/3/5
f 16760/3/5 16753/3/5 16759/3/5
f 16762/3/5 16756/3/5 16755/3/5
f 16762/3/5 16755/3/5 16754/3/5
f 16763/3/5 16756/3/5 16762/3/5
f 16764/3/5 16760/3/5 16759/3/5
f 16764/3/5 16761/3/5 16760/3/5
f 16765/3/5 16761/3/5 16764/3/5
f 16766/2/5 16763/2/5 16762/2/5
f 16767/2/5 16763/2/5 16766/2/5
f 16768/2/5 16765/2/5 16764/2/5
f 16769/2/5 16765/2/5 16768/2/5
f 16771/2/5 16766/2/5 16762/2/5
f 16772/2/5 16765/2/5 16769/2/5
f 16774/2/5 16771/2/5 16770/2/5
f 16775/2/5 16766/2/5 16771/2/5
f 16775/2/5 16771/2/5 16774/2/5
f 16776/2/5 16772/2/5 16769/2/5
f 16776/2/5 16773/2/5 16772/2/5
f 16777/2/5 16773/2/5 16776/2/5
f 16778/2/5 16766/2/5 16775/2/5
f 16781/2/5 16776/2/5 16769/2/5
f 16782/2/5 16779/2/5 16778/2/5
f 16782/2/5 16778/2/5 16775/2/5
f 16783/2/5 16779/2/5 16782/2/5
f 16784/2/5 16779/2/5 16783/2/5
f 16787/2/5 16781/2/5 16780/2/5
f 16788/2/5 16776/2/5 16781/2/5
f 16788/2/5 16781/2/5 16787/2/5
f 16789/2/5 16776/2/5 16788/2/5
f 16790/2/5 16785/2/5 16784/2/5
f 16790/2/5 16784/2/5 16783/2/5
f 16791/2/5 16785/2/5 16790/2/5
f 16792/2/5 16785/2/5 16791/2/5
f 16795/2/5 16787/2/5 16786/2/5
f 16795/2/5 16788/2/5 16787/2/5
f 16796/2/5 16788/2/5 16795/2/5
f 16797/2/5 16788/2/5 16796/2/5
f 16798/2/5 16793/2/5 16792/2/5
f 16798/2/5 16792/2/5 16791/2/5
f 16799/2/5 16793/2/5 16798/2/5
f 16800/2/5 16793/2/5 16799/2/5
f 16801/2/5 16796/2/5 16795/2/5
f 16801/2/5 16795/2/5 16794/2/5
f 16802/2/5 16796/2/5 16801/2/5
f 16803/2/5 16796/2/5 16802/2/5
f 16804/2/5 16800/2/5 16799/2/5
f 16804/2/5 16801/2/5 16800/2/5
f 16805/2/5 16801/2/5 16804/2/5
f 16807/2/5 16804/2/5 16799/2/5
f 16808/2/5 16804/2/5 16807/2/5
f 16809/2/5 16804/2/5 16808/2/5
f 16811/2/5 16807/2/5 16806/2/5
f 16811/2/5 16808/2/5 16807/2/5
f 16812/2/5 16808/2/5 16811/2/5
f 16813/2/5 16808/2/5 16812/2/5
f 16815/2/5 16811/2/5 16810/2/5
f 16815/2/5 16812/2/5 16811/2/5
f 16816/2/5 16812/2/5 16815/2/5
f 16817/2/5 16812/2/5 16816/2/5
f 16818/2/5 16815/2/5 16814/2/5
f 16818/2/5 16816/2/5 16815/2/5
f 16819/2/5 16816/2/5 16818/2/5
f 16820/2/5 16816/2/5 16819/2/5
f 16821/3/5 16819/3/5 16818/3/5
f 16822/3/5 16819/3/5 16821/3/5
f 16825/3/5 16824/3/5 16823/3/5
f 16826/3/5 16824/3/5 16825/3/5
f 16831/2/5 16828/2/5 16827/2/5
f 16832/2/5 16830/2/5 16829/2/5
f 16833/2/5 16830/2/5 16832/2/5
f 16837/2/5 16831/2/5 16827/2/5
f 16838/2/5 16831/2/5 16837/2/5
f 16839/2/5 16831/2/5 16838/2/5
f 16840/2/5 16835/2/5 16834/2/5
f 16841/2/5 16835/2/5 16840/2/5
f 16842/2/5 16835/2/5 16841/2/5
f 16845/2/5 16838/2/5 16837/2/5
f 16845/2/5 16837/2/5 16836/2/5
f 16846/2/5 16838/2/5 16845/2/5
f 16847/2/5 16838/2/5 16846/2/5
f 16848/2/5 16843/2/5 16842/2/5
f 16848/2/5 16842/2/5 16841/2/5
f 16849/2/5 16843/2/5 16848/2/5
f 16850/2/5 16843/2/5 16849/2/5
f 16853/2/5 16846/2/5 16845/2/5
f 16853/2/5 16845/2/5 16844/2/5
f 16854/2/5 16846/2/5 16853/2/5
f 16855/2/5 16846/2/5 16854/2/5
f 16856/2/5 16851/2/5 16850/2/5
f 16856/2/5 16850/2/5 16849/2/5
f 16857/2/5 16851/2/5 16856/2/5
f 16858/2/5 16851/2/5 16857/2/5
f 16859/2/5 16854/2/5 16853/2/5
f 16859/2/5 16853/2/5 16852/2/5
f 16860/2/5 16854/2/5 16859/2/5
f 16861/2/5 16854/2/5 16860/2/5
f 16862/2/5 16858/2/5 16857/2/5
f 16862/2/5 16860/2/5 16859/2/5
f 16862/2/5 16859/2/5 16858/2/5
f 16863/2/5 16860/2/5 16862/2/5
f 16864/2/5 16860/2/5 16863/2/5
f 16865/2/5 16860/2/5 16864/2/5
f 16866/2/5 16864/2/5 16863/2/5
f 16867/2/5 16864/2/5 16866/2/5
f 16871/3/5 16869/3/5 16868/3/5
f 16872/3/5 16869/3/5 16871/3/5
f 16875/3/5 16872/3/5 16871/3/5
f 16875/3/5 16873/3/5 16872/3/5
f 16875/3/5 16871/3/5 16870/3/5
f 16876/3/5 16873/3/5 16875/3/5
f 16878/3/5 16876/3/5 16875/3/5
f 16878/3/5 16877/3/5 16876/3/5
f 16878/3/5 16875/3/5 16874/3/5
f 16879/3/5 16877/3/5 16878/3/5
f 16880/3/5 16877/3/5 16879/3/5
f 16881/3/5 16877/3/5 16880/3/5
f 16883/2/5 16879/2/5 16878/2/5
f 16884/2/5 16879/2/5 16883/2/5
f 16885/2/5 16879/2/5 16884/2/5
f 16886/2/5 16881/2/5 16880/2/5
f 16887/2/5 16881/2/5 16886/2/5
f 16888/2/5 16881/2/5 16887/2/5
f 16890/2/5 16883/2/5 16882/2/5
f 16890/2/5 16884/2/5 16883/2/5
f 16891/2/5 16884/2/5 16890/2/5
f 16892/2/5 16884/2/5 16891/2/5
f 16895/2/5 16888/2/5 16887/2/5
f 16895/2/5 16889/2/5 16888/2/5
f 16896/2/5 16889/2/5 16895/2/5
f 16897/2/5 16889/2/5 16896/2/5
f 16898/2/5 16893/2/5 16892/2/5
f 16898/2/5 16892/2/5 16891/2/5
f 16899/2/5 16896/2/5 16895/2/5
f 16899/2/5 16895/2/5 16894/2/5
f 16900/2/5 16898/2/5 16891/2/5
f 16900/2/5 16899/2/5 16898/2/5
f 16901/2/5 16899/2/5 16900/2/5
f 16902/2/5 16896/2/5 16899/2/5
f 16902/2/5 16899/2/5 16901/2/5
f 16903/2/5 16896/2/5 16902/2/5
f 16904/2/5 16902/2/5 16901/2/5
f 16905/2/5 16902/2/5 16904/2/5
f 16906/2/5 16902/2/5 16905/2/5
f 16907/2/5 16902/2/5 16906/2/5
f 16908/2/5 16906/2/5 16905/2/5
f 16909/2/5 16906/2/5 16908/2/5
f 16912/2/5 16911/2/5 16910/2/5
f 16916/2/5 16912/2/5 16910/2/5
f 16917/2/5 16912/2/5 16916/2/5
f 16918/2/5 16912/2/5 16917/2/5
f 16919/2/5 16914/2/5 16913/2/5
f 16920/2/5 16916/2/5 16915/2/5
f 16920/2/5 16917/2/5 16916/2/5
f 16921/2/5 16919/2/5 16913/2/5
f 16921/2/5 16920/2/5 16919/2/5
f 16922/2/5 16920/2/5 16921/2/5
f 16923/2/5 16917/2/5 16920/2/5
f 16923/2/5 16920/2/5 16922/2/5
f 16924/2/5 16917/2/5 16923/2/5
f 16925/2/5 16923/2/5 16922/2/5
f 16926/2/5 16923/2/5 16925/2/5
f 16927/2/5 16923/2/5 16926/2/5
f 16928/2/5 16923/2/5 16927/2/5
f 16929/2/5 16927/2/5 16926/2/5
f 16930/2/5 16927/2/5 16929/2/5
f 16934/2/5 16932/2/5 16931/2/5
f 16935/2/5 16932/2/5 16934/2/5
f 16937/2/5 16935/2/5 16934/2/5
f 16937/2/5 16936/2/5 16935/2/5
f 16937/2/5 16934/2/5 16933/2/5
f 16938/2/5 16936/2/5 16937/2/5
f 16939/2/5 16936/2/5 16938/2/5
f 16940/2/5 16936/2/5 16939/2/5
f 16941/2/5 16939/2/5 16938/2/5
f 16942/2/5 16939/2/5 16941/2/5
f 16946/2/5 16944/2/5 16943/2/5
f 16947/2/5 16944/2/5 16946/2/5
f 16949/2/5 16946/2/5 16945/2/5
f 16949/2/5 16947/2/5 16946/2/5
f 16951/2/5 16949/2/5 16948/2/5
f 16952/2/5 16951/2/5 16950/2/5
f 16953/2/5 16951/2/5 16952/2/5
f 16954/2/5 16947/2/5 16949/2/5
f 16954/2/5 16951/2/5 16953/2/5
f 16954/2/5 16949/2/5 16951/2/5
f 16955/2/5 16947/2/5 16954/2/5
f 16956/2/5 16954/2/5 16953/2/5
f 16957/2/5 16954/2/5 16956/2/5
f 16962/2/5 16959/2/5 16958/2/5
f 16963/2/5 16959/2/5 16962/2/5
f 16964/2/5 16961/2/5 16960/2/5
f 16965/2/5 16961/2/5 16964/2/5
f 16966/1/6 16967/1/6 16968/1/6
f 16968/1/6 16967/1/6 16969/1/6
f 16968/2/6 16969/2/6 16970/2/6
f 16970/2/6 16969/2/6 16971/2/6
f 16971/2/6 16969/2/6 16972/2/6
f 16972/2/6 16969/2/6 16973/2/6
f 16971/2/6 16972/2/6 16974/2/6
f 16974/2/6 16972/2/6 16975/2/6
f 16976/2/6 16977/2/6 16979/2/6
f 16979/2/6 16977/2/6 16980/2/6
f 16979/2/6 16980/2/6 16982/2/6
f 16980/2/6 16981/2/6 16982/2/6
f 16978/2/6 16979/2/6 16982/2/6
f 16982/2/6 16981/2/6 16983/2/6
f 16983/2/6 16981/2/6 16984/2/6
f 16984/2/6 16981/2/6 16985/2/6
f 16983/2/6 16984/2/6 16986/2/6
f 16986/2/6 16984/2/6 16987/2/6
f 16988/2/6 16989/2/6 16991/2/6
f 16991/2/6 16989/2/6 16992/2/6
f 16990/2/6 16991/2/6 16994/2/6
f 16994/2/6 16991/2/6 16995/2/6
f 16993/2/6 16994/2/6 16999/2/6
f 16999/2/6 16994/2/6 17000/2/6
f 16996/2/6 16997/2/6 17001/2/6
f 17001/2/6 16997/2/6 17002/2/6
f 16998/2/6 16999/2/6 17006/2/6
f 17006/2/6 16999/2/6 17007/2/6
f 17003/2/6 17004/2/6 17008/2/6
f 17008/2/6 17004/2/6 17009/2/6
f 17005/2/6 17006/2/6 17010/2/6
f 17010/2/6 17006/2/6 17011/2/6
f 17009/2/6 17010/2/6 17012/2/6
f 17012/2/6 17010/2/6 17013/2/6
f 17014/1/6 17015/1/6 17018/1/6
f 17018/1/6 17015/1/6 17019/1/6
f 17016/1/6 17017/1/6 17020/1/6
f 17020/1/6 17017/1/6 17021/1/6
f 17018/2/6 17019/2/6 17022/2/6
f 17022/2/6 17019/2/6 17023/2/6
f 17023/2/6 17019/2/6 17024/2/6
f 17020/2/6 17021/2/6 17027/2/6
f 17027/2/6 17021/2/6 17028/2/6
f 17028/2/6 17021/2/6 17029/2/6
f 17024/2/6 17025/2/6 17030/2/6
f 17023/2/6 17024/2/6 17030/2/6
f 17027/2/6 17028/2/6 17031/2/6
f 17026/2/6 17027/2/6 17031/2/6
f 17023/2/6 17030/2/6 17032/2/6
f 17030/2/6 17031/2/6 17032/2/6
f 17032/2/6 17031/2/6 17033/2/6
f 17031/2/6 17028/2/6 17034/2/6
f 17033/2/6 17031/2/6 17034/2/6
f 17034/2/6 17028/2/6 17035/2/6
f 17033/2/6 17034/2/6 17036/2/6
f 17036/2/6 17034/2/6 17037/2/6
f 17037/2/6 17034/2/6 17038/2/6
f 17038/2/6 17034/2/6 17039/2/6
f 17037/2/6 17038/2/6 17040/2/6
f 17040/2/6 17038/2/6 17041/2/6
f 17042/3/6 17043/3/6 17045/3/6
f 17045/3/6 17043/3/6 17046/3/6
f 17045/2/6 17046/2/6 17049/2/6
f 17046/2/6 17047/2/6 17049/2/6
f 17044/2/6 17045/2/6 17049/2/6
f 17049/2/6 17047/2/6 17050/2/6
f 17049/2/6 17050/2/6 17052/2/6
f 17050/2/6 17051/2/6 17052/2/6
f 17048/2/6 17049/2/6 17052/2/6
f 17052/2/6 17051/2/6 17053/2/6
f 17048/2/6 17052/2/6 17055/2/6
f 17055/2/6 17052/2/6 17056/2/6
f 17056/2/6 17052/2/6 17057/2/6
f 17053/2/6 17051/2/6 17058/2/6
f 17058/2/6 17051/2/6 17059/2/6
f 17059/2/6 17051/2/6 17060/2/6
f 17054/2/6 17055/2/6 17062/2/6
f 17055/2/6 17056/2/6 17062/2/6
f 17062/2/6 17056/2/6 17063/2/6
f 17063/2/6 17056/2/6 17064/2/6
f 17059/2/6 17060/2/6 17067/2/6
f 17060/2/6 17061/2/6 17067/2/6
f 17067/2/6 17061/2/6 17068/2/6
f 17068/2/6 17061/2/6 17069/2/6
f 17064/2/6 17065/2/6 17070/2/6
f 17063/2/6 17064/2/6 17070/2/6
f 17067/2/6 17068/2/6 17071/2/6
f 17066/2/6 17067/2/6 17071/2/6
f 17063/2/6 17070/2/6 17072/2/6
f 17070/2/6 17071/2/6 17072/2/6
f 17072/2/6 17071/2/6 17073/2/6
f 17071/2/6 17068/2/6 17074/2/6
f 17073/2/6 17071/2/6 17074/2/6
f 17074/2/6 17068/2/6 17075/2/6
f 17073/2/6 17074/2/6 17076/2/6
f 17076/2/6 17074/2/6 17077/2/6
f 17077/2/6 17074/2/6 17078/2/6
f 17078/2/6 17074/2/6 17079/2/6
f 17077/2/6 17078/2/6 17080/2/6
f 17080/2/6 17078/2/6 17081/2/6
f 17082/2/6 17083/2/6 17085/2/6
f 17085/2/6 17083/2/6 17086/2/6
f 17085/2/6 17086/2/6 17088/2/6
f 17086/2/6 17087/2/6 17088/2/6
f 17084/2/6 17085/2/6 17088/2/6
f 17088/2/6 17087/2/6 17089/2/6
f 17089/2/6 17087/2/6 17090/2/6
f 17090/2/6 17087/2/6 17091/2/6
f 17089/2/6 17090/2/6 17092/2/6
f 17092/2/6 17090/2/6 17093/2/6
f 17094/3/6 17095/3/6 17097/3/6
f 17097/3/6 17095/3/6 17098/3/6
f 17097/3/6 17098/3/6 17100/3/6
f 17098/3/6 17099/3/6 17100/3/6
f 17096/3/6 17097/3/6 17100/3/6
f 17100/3/6 17099/3/6 17101/3/6
f 17100/2/6 17101/2/6 17102/2/6
f 17102/2/6 17101/2/6 17103/2/6
f 17103/2/6 17101/2/6 17104/2/6
f 17104/2/6 17101/2/6 17105/2/6
f 17103/2/6 17104/2/6 17106/2/6
f 17106/2/6 17104/2/6 17107/2/6
f 17108/2/6 17109/2/6 17112/2/6
f 17112/2/6 17109/2/6 17113/2/6
f 17110/2/6 17111/2/6 17115/2/6
f 17115/2/6 17111/2/6 17116/2/6
f 17114/2/6 17115/2/6 17118/2/6
f 17118/2/6 17115/2/6 17119/2/6
f 17117/2/6 17118/2/6 17124/2/6
f 17124/2/6 17118/2/6 17125/2/6
f 17120/2/6 17121/2/6 17126/2/6
f 17126/2/6 17121/2/6 17127/2/6
f 17122/2/6 17123/2/6 17128/2/6
f 17128/2/6 17123/2/6 17129/2/6
f 17117/2/6 17124/2/6 17131/2/6
f 17131/2/6 17124/2/6 17132/2/6
f 17130/2/6 17131/2/6 17133/2/6
f 17133/2/6 17131/2/6 17134/2/6
f 17135/1/6 17136/1/6 17139/1/6
f 17139/1/6 17136/1/6 17140/1/6
f 17137/1/6 17138/1/6 17141/1/6
f 17141/1/6 17138/1/6 17142/1/6
f 17139/2/6 17140/2/6 17145/2/6
f 17145/2/6 17140/2/6 17146/2/6
f 17146/2/6 17140/2/6 17147/2/6
f 17141/2/6 17142/2/6 17150/2/6
f 17150/2/6 17142/2/6 17151/2/6
f 17151/2/6 17142/2/6 17152/2/6
f 17143/2/6 17144/2/6 17153/2/6
f 17152/2/6 17153/2/6 17154/2/6
f 17153/2/6 17144/2/6 17154/2/6
f 17154/2/6 17144/2/6 17155/2/6
f 17147/2/6 17148/2/6 17156/2/6
f 17146/2/6 17147/2/6 17156/2/6
f 17156/2/6 17148/2/6 17157/2/6
f 17157/2/6 17148/2/6 17158/2/6
f 17150/2/6 17151/2/6 17161/2/6
f 17149/2/6 17150/2/6 17161/2/6
f 17161/2/6 17151/2/6 17162/2/6
f 17162/2/6 17151/2/6 17163/2/6
f 17152/2/6 17154/2/6 17164/2/6
f 17158/2/6 17159/2/6 17165/2/6
f 17157/2/6 17158/2/6 17165/2/6
f 17165/2/6 17159/2/6 17166/2/6
f 17166/2/6 17159/2/6 17167/2/6
f 17161/2/6 17162/2/6 17170/2/6
f 17160/2/6 17161/2/6 17170/2/6
f 17170/2/6 17162/2/6 17171/2/6
f 17171/2/6 17162/2/6 17172/2/6
f 17163/2/6 17164/2/6 17173/2/6
f 17164/2/6 17154/2/6 17173/2/6
f 17173/2/6 17154/2/6 17174/2/6
f 17167/2/6 17168/2/6 17175/2/6
f 17166/2/6 17167/2/6 17175/2/6
f 17175/2/6 17168/2/6 17176/2/6
f 17176/2/6 17168/2/6 17177/2/6
f 17170/2/6 17171/2/6 17178/2/6
f 17169/2/6 17170/2/6 17178/2/6
f 17178/2/6 17171/2/6 17179/2/6
f 17179/2/6 17171/2/6 17180/2/6
f 17163/2/6 17173/2/6 17181/2/6
f 17181/2/6 17173/2/6 17182/2/6
f 17176/2/6 17177/2/6 17183/2/6
f 17178/2/6 17179/2/6 17183/2/6
f 17177/2/6 17178/2/6 17183/2/6
f 17183/2/6 17179/2/6 17184/2/6
f 17184/2/6 17179/2/6 17185/2/6
f 17185/2/6 17179/2/6 17186/2/6
f 17184/3/6 17185/3/6 17188/3/6
f 17188/3/6 17185/3/6 17189/3/6
f 17187/3/6 17188/3/6 17192/3/6
f 17189/3/6 17190/3/6 17192/3/6
f 17188/3/6 17189/3/6 17192/3/6
f 17192/3/6 17190/3/6 17193/3/6
f 17193/3/6 17190/3/6 17194/3/6
f 17194/3/6 17190/3/6 17195/3/6
f 17191/3/6 17192/3/6 17198/3/6
f 17192/3/6 17193/3/6 17198/3/6
f 17198/3/6 17193/3/6 17199/3/6
f 17199/3/6 17193/3/6 17200/3/6
f 17194/3/6 17195/3/6 17201/3/6
f 17195/3/6 17196/3/6 17201/3/6
f 17201/3/6 17196/3/6 17202/3/6
f 17202/3/6 17196/3/6 17203/3/6
f 17198/2/6 17199/2/6 17206/2/6
f 17197/2/6 17198/2/6 17206/2/6
f 17206/2/6 17199/2/6 17207/2/6
f 17207/2/6 17199/2/6 17208/2/6
f 17203/2/6 17204/2/6 17209/2/6
f 17202/2/6 17203/2/6 17209/2/6
f 17209/2/6 17204/2/6 17210/2/6
f 17210/2/6 17204/2/6 17211/2/6
f 17206/2/6 17207/2/6 17214/2/6
f 17205/2/6 17206/2/6 17214/2/6
f 17214/2/6 17207/2/6 17215/2/6
f 17215/2/6 17207/2/6 17216/2/6
f 17211/2/6 17212/2/6 17217/2/6
f 17210/2/6 17211/2/6 17217/2/6
f 17217/2/6 17212/2/6 17218/2/6
f 17218/2/6 17212/2/6 17219/2/6
f 17214/2/6 17215/2/6 17221/2/6
f 17213/2/6 17214/2/6 17221/2/6
f 17221/2/6 17215/2/6 17222/2/6
f 17222/2/6 17215/2/6 17223/2/6
f 17219/2/6 17220/2/6 17226/2/6
f 17218/2/6 17219/2/6 17226/2/6
f 17226/2/6 17220/2/6 17227/2/6
f 17227/2/6 17220/2/6 17228/2/6
f 17223/2/6 17224/2/6 17229/2/6
f 17222/2/6 17223/2/6 17229/2/6
f 17229/2/6 17224/2/6 17230/2/6
f 17230/2/6 17224/2/6 17231/2/6
f 17226/2/6 17227/2/6 17234/2/6
f 17225/2/6 17226/2/6 17234/2/6
f 17234/2/6 17227/2/6 17235/2/6
f 17235/2/6 17227/2/6 17236/2/6
f 17231/2/6 17232/2/6 17237/2/6
f 17230/2/6 17231/2/6 17237/2/6
f 17237/2/6 17232/2/6 17238/2/6
f 17238/2/6 17232/2/6 17239/2/6
f 17234/2/6 17235/2/6 17242/2/6
f 17233/2/6 17234/2/6 17242/2/6
f 17242/2/6 17235/2/6 17243/2/6
f 17243/2/6 17235/2/6 17244/2/6
f 17239/2/6 17240/2/6 17245/2/6
f 17238/2/6 17239/2/6 17245/2/6
f 17245/2/6 17240/2/6 17246/2/6
f 17246/2/6 17240/2/6 17247/2/6
f 17242/2/6 17243/2/6 17248/2/6
f 17241/2/6 17242/2/6 17248/2/6
f 17248/2/6 17243/2/6 17249/2/6
f 17249/2/6 17243/2/6 17250/2/6
f 17246/2/6 17247/2/6 17251/2/6
f 17248/2/6 17249/2/6 17251/2/6
f 17247/2/6 17248/2/6 17251/2/6
f 17251/2/6 17249/2/6 17252/2/6
f 17252/2/6 17249/2/6 17253/2/6
f 17253/2/6 17249/2/6 17254/2/6
f 17252/2/6 17253/2/6 17255/2/6
f 17255/2/6 17253/2/6 17256/2/6
f 17257/3/6 17258/3/6 17260/3/6
f 17260/3/6 17258/3/6 17261/3/6
f 17260/3/6 17261/3/6 17264/3/6
f 17261/3/6 17262/3/6 17264/3/6
f 17259/3/6 17260/3/6 17264/3/6
f 17264/3/6 17262/3/6 17265/3/6
f 17264/3/6 17265/3/6 17267/3/6
f 17265/3/6 17266/3/6 17267/3/6
f 17263/3/6 17264/3/6 17267/3/6
f 17267/3/6 17266/3/6 17268/3/6
f 17268/3/6 17266/3/6 17269/3/6
f 17269/3/6 17266/3/6 17270/3/6
f 17267/2/6 17268/2/6 17272/2/6
f 17272/2/6 17268/2/6 17273/2/6
f 17273/2/6 17268/2/6 17274/2/6
f 17269/2/6 17270/2/6 17275/2/6
f 17275/2/6 17270/2/6 17276/2/6
f 17276/2/6 17270/2/6 17277/2/6
f 17271/2/6 17272/2/6 17279/2/6
f 17272/2/6 17273/2/6 17279/2/6
f 17279/2/6 17273/2/6 17280/2/6
f 17280/2/6 17273/2/6 17281/2/6
f 17276/2/6 17277/2/6 17284/2/6
f 17277/2/6 17278/2/6 17284/2/6
f 17284/2/6 17278/2/6 17285/2/6
f 17285/2/6 17278/2/6 17286/2/6
f 17281/2/6 17282/2/6 17287/2/6
f 17280/2/6 17281/2/6 17287/2/6
f 17284/2/6 17285/2/6 17288/2/6
f 17283/2/6 17284/2/6 17288/2/6
f 17280/2/6 17287/2/6 17289/2/6
f 17287/2/6 17288/2/6 17289/2/6
f 17289/2/6 17288/2/6 17290/2/6
f 17288/2/6 17285/2/6 17291/2/6
f 17290/2/6 17288/2/6 17291/2/6
f 17291/2/6 17285/2/6 17292/2/6
f 17290/2/6 17291/2/6 17293/2/6
f 17293/2/6 17291/2/6 17294/2/6
f 17294/2/6 17291/2/6 17295/2/6
f 17295/2/6 17291/2/6 17296/2/6
f 17294/2/6 17295/2/6 17297/2/6
f 17297/2/6 17295/2/6 17298/2/6
f 17299/2/6 17300/2/6 17302/2/6
f 17302/2/6 17300/2/6 17303/2/6
f 17302/2/6 17303/2/6 17306/2/6
f 17303/2/6 17304/2/6 17306/2/6
f 17301/2/6 17302/2/6 17306/2/6
f 17306/2/6 17304/2/6 17307/2/6
f 17306/2/6 17307/2/6 17309/2/6
f 17307/2/6 17308/2/6 17309/2/6
f 17305/2/6 17306/2/6 17309/2/6
f 17309/2/6 17308/2/6 17310/2/6
f 17310/2/6 17308/2/6 17311/2/6
f 17311/2/6 17308/2/6 17312/2/6
f 17309/3/6 17310/3/6 17314/3/6
f 17314/3/6 17310/3/6 17315/3/6
f 17315/3/6 17310/3/6 17316/3/6
f 17311/3/6 17312/3/6 17317/3/6
f 17317/3/6 17312/3/6 17318/3/6
f 17318/3/6 17312/3/6 17319/3/6
f 17313/3/6 17314/3/6 17321/3/6
f 17314/3/6 17315/3/6 17321/3/6
f 17321/3/6 17315/3/6 17322/3/6
f 17318/3/6 17319/3/6 17323/3/6
f 17319/3/6 17320/3/6 17323/3/6
f 17323/3/6 17320/3/6 17324/3/6
f 17321/2/6 17322/2/6 17325/2/6
f 17325/2/6 17322/2/6 17326/2/6
f 17326/2/6 17322/2/6 17327/2/6
f 17323/2/6 17324/2/6 17330/2/6
f 17330/2/6 17324/2/6 17331/2/6
f 17331/2/6 17324/2/6 17332/2/6
f 17327/2/6 17328/2/6 17333/2/6
f 17326/2/6 17327/2/6 17333/2/6
f 17330/2/6 17331/2/6 17334/2/6
f 17329/2/6 17330/2/6 17334/2/6
f 17326/2/6 17333/2/6 17335/2/6
f 17333/2/6 17334/2/6 17335/2/6
f 17335/2/6 17334/2/6 17336/2/6
f 17334/2/6 17331/2/6 17337/2/6
f 17336/2/6 17334/2/6 17337/2/6
f 17337/2/6 17331/2/6 17338/2/6
f 17336/2/6 17337/2/6 17339/2/6
f 17339/2/6 17337/2/6 17340/2/6
f 17340/2/6 17337/2/6 17341/2/6
f 17341/2/6 17337/2/6 17342/2/6
f 17340/2/6 17341/2/6 17344/2/6
f 17344/2/6 17341/2/6 17345/2/6
f 17342/2/6 17343/2/6 17347/2/6
f 17347/2/6 17343/2/6 17348/2/6
f 17345/2/6 17346/2/6 17350/2/6
f 17350/2/6 17346/2/6 17351/2/6
f 17349/2/6 17350/2/6 17354/2/6
f 17354/2/6 17350/2/6 17355/2/6
f 17352/2/6 17353/2/6 17358/2/6
f 17358/2/6 17353/2/6 17359/2/6
f 17356/2/6 17357/2/6 17362/2/6
f 17362/2/6 17357/2/6 17363/2/6
f 17360/2/6 17361/2/6 17364/2/6
f 17364/2/6 17361/2/6 17365/2/6
f 17366/1/6 17367/1/6 17370/1/6
f 17370/1/6 17367/1/6 17371/1/6
f 17368/1/6 17369/1/6 17372/1/6
f 17372/1/6 17369/1/6 17373/1/6
f 17373/1/6 17369/1/6 17374/1/6
f 17372/2/6 17373/2/6 17375/2/6
f 17375/2/6 17373/2/6 17376/2/6
f 17370/2/6 17371/2/6 17377/2/6
f 17372/2/6 17375/2/6 17380/2/6
f 17380/2/6 17375/2/6 17381/2/6
f 17377/2/6 17378/2/6 17382/2/6
f 17370/2/6 17377/2/6 17382/2/6
f 17382/2/6 17378/2/6 17383/2/6
f 17383/2/6 17378/2/6 17384/2/6
f 17379/2/6 17380/2/6 17387/2/6
f 17387/2/6 17380/2/6 17388/2/6
f 17384/2/6 17385/2/6 17389/2/6
f 17383/2/6 17384/2/6 17389/2/6
f 17389/2/6 17385/2/6 17390/2/6
f 17390/2/6 17385/2/6 17391/2/6
f 17386/2/6 17387/2/6 17394/2/6
f 17391/2/6 17392/2/6 17395/2/6
f 17390/2/6 17391/2/6 17395/2/6
f 17395/2/6 17392/2/6 17396/2/6
f 17396/2/6 17392/2/6 17397/2/6
f 17393/2/6 17394/2/6 17400/2/6
f 17397/2/6 17398/2/6 17401/2/6
f 17396/2/6 17397/2/6 17401/2/6
f 17401/2/6 17398/2/6 17402/2/6
f 17402/2/6 17398/2/6 17403/2/6
f 17399/2/6 17400/2/6 17406/2/6
f 17400/2/6 17394/2/6 17407/2/6
f 17406/2/6 17400/2/6 17407/2/6
f 17394/2/6 17387/2/6 17408/2/6
f 17407/2/6 17394/2/6 17408/2/6
f 17408/2/6 17387/2/6 17409/2/6
f 17403/3/6 17404/3/6 17411/3/6
f 17402/3/6 17403/3/6 17411/3/6
f 17411/3/6 17404/3/6 17412/3/6
f 17412/3/6 17404/3/6 17413/3/6
f 17406/3/6 17407/3/6 17414/3/6
f 17405/3/6 17406/3/6 17414/3/6
f 17414/3/6 17407/3/6 17415/3/6
f 17415/3/6 17407/3/6 17416/3/6
f 17408/3/6 17409/3/6 17417/3/6
f 17411/3/6 17412/3/6 17419/3/6
f 17410/3/6 17411/3/6 17419/3/6
f 17419/3/6 17412/3/6 17420/3/6
f 17420/3/6 17412/3/6 17421/3/6
f 17415/3/6 17416/3/6 17422/3/6
f 17416/3/6 17417/3/6 17422/3/6
f 17422/3/6 17417/3/6 17423/3/6
f 17417/3/6 17409/3/6 17424/3/6
f 17423/3/6 17417/3/6 17424/3/6
f 17419/3/6 17420/3/6 17427/3/6
f 17418/3/6 17419/3/6 17427/3/6
f 17427/3/6 17420/3/6 17428/3/6
f 17428/3/6 17420/3/6 17429/3/6
f 17424/3/6 17425/3/6 17430/3/6
f 17423/3/6 17424/3/6 17430/3/6
f 17430/3/6 17425/3/6 17431/3/6
f 17431/3/6 17425/3/6 17432/3/6
f 17427/2/6 17428/2/6 17434/2/6
f 17426/2/6 17427/2/6 17434/2/6
f 17434/2/6 17428/2/6 17435/2/6
f 17431/2/6 17432/2/6 17436/2/6
f 17432/2/6 17433/2/6 17436/2/6
f 17436/2/6 17433/2/6 17437/2/6
f 17437/2/6 17433/2/6 17438/2/6
f 17426/2/6 17434/2/6 17441/2/6
f 17441/2/6 17434/2/6 17442/2/6
f 17440/2/6 17441/2/6 17442/2/6
f 17442/2/6 17434/2/6 17443/2/6
f 17437/2/6 17438/2/6 17444/2/6
f 17438/2/6 17439/2/6 17444/2/6
f 17444/2/6 17439/2/6 17445/2/6
f 17445/2/6 17439/2/6 17446/2/6
f 17446/2/6 17439/2/6 17447/2/6
f 17447/2/6 17448/2/6 17449/2/6
f 17449/2/6 17448/2/6 17450/2/6
f 17440/2/6 17442/2/6 17451/2/6
f 17445/2/6 17446/2/6 17454/2/6
f 17451/2/6 17452/2/6 17455/2/6
f 17440/2/6 17451/2/6 17455/2/6
f 17455/2/6 17452/2/6 17456/2/6
f 17453/2/6 17454/2/6 17457/2/6
f 17454/2/6 17446/2/6 17457/2/6
f 17457/2/6 17446/2/6 17458/2/6
f 17456/2/6 17452/2/6 17459/2/6
f 17453/2/6 17457/2/6 17462/2/6
f 17459/2/6 17460/2/6 17463/2/6
f 17456/2/6 17459/2/6 17463/2/6
f 17463/2/6 17460/2/6 17464/2/6
f 17464/2/6 17460/2/6 17465/2/6
f 17461/2/6 17462/2/6 17468/2/6
f 17462/2/6 17457/2/6 17469/2/6
f 17468/2/6 17462/2/6 17469/2/6
f 17469/2/6 17457/2/6 17470/2/6
f 17465/2/6 17466/2/6 17471/2/6
f 17464/2/6 17465/2/6 17471/2/6
f 17471/2/6 17466/2/6 17472/2/6
f 17472/2/6 17466/2/6 17473/2/6
f 17467/2/6 17468/2/6 17476/2/6
f 17468/2/6 17469/2/6 17476/2/6
f 17476/2/6 17469/2/6 17477/2/6
f 17477/2/6 17469/2/6 17478/2/6
f 17473/2/6 17474/2/6 17479/2/6
f 17472/2/6 17473/2/6 17479/2/6
f 17479/2/6 17474/2/6 17480/2/6
f 17480/2/6 17474/2/6 17481/2/6
f 17476/2/6 17477/2/6 17484/2/6
f 17475/2/6 17476/2/6 17484/2/6
f 17484/2/6 17477/2/6 17485/2/6
f 17485/2/6 17477/2/6 17486/2/6
f 17481/2/6 17482/2/6 17487/2/6
f 17480/2/6 17481/2/6 17487/2/6
f 17487/2/6 17482/2/6 17488/2/6
f 17488/2/6 17482/2/6 17489/2/6
f 17484/2/6 17485/2/6 17490/2/6
f 17483/2/6 17484/2/6 17490/2/6
f 17490/2/6 17485/2/6 17491/2/6
f 17491/2/6 17485/2/6 17492/2/6
f 17488/2/6 17489/2/6 17494/2/6
f 17490/2/6 17491/2/6 17494/2/6
f 17489/2/6 17490/2/6 17494/2/6
f 17494/2/6 17491/2/6 17495/2/6
f 17495/2/6 17491/2/6 17496/2/6
f 17496/2/6 17491/2/6 17497/2/6
f 17493/3/6 17494/3/6 17500/3/6
f 17494/3/6 17495/3/6 17500/3/6
f 17500/3/6 17495/3/6 17501/3/6
f 17501/3/6 17495/3/6 17502/3/6
f 17496/3/6 17497/3/6 17503/3/6
f 17497/3/6 17498/3/6 17503/3/6
f 17503/3/6 17498/3/6 17504/3/6
f 17504/3/6 17498/3/6 17505/3/6
f 17500/3/6 17501/3/6 17508/3/6
f 17499/3/6 17500/3/6 17508/3/6
f 17508/3/6 17501/3/6 17509/3/6
f 17509/3/6 17501/3/6 17510/3/6
f 17504/3/6 17505/3/6 17511/3/6
f 17505/3/6 17506/3/6 17511/3/6
f 17511/3/6 17506/3/6 17512/3/6
f 17512/3/6 17506/3/6 17513/3/6
f 17508/3/6 17509/3/6 17515/3/6
f 17507/3/6 17508/3/6 17515/3/6
f 17515/3/6 17509/3/6 17516/3/6
f 17512/3/6 17513/3/6 17517/3/6
f 17513/3/6 17514/3/6 17517/3/6
f 17517/3/6 17514/3/6 17518/3/6
f 17515/2/6 17516/2/6 17519/2/6
f 17519/2/6 17516/2/6 17520/2/6
f 17517/2/6 17518/2/6 17521/2/6
f 17521/2/6 17518/2/6 17522/2/6
f 17515/2/6 17519/2/6 17524/2/6
f 17522/2/6 17518/2/6 17525/2/6
f 17523/2/6 17524/2/6 17527/2/6
f 17524/2/6 17519/2/6 17528/2/6
f 17527/2/6 17524/2/6 17528/2/6
f 17522/2/6 17525/2/6 17529/2/6
f 17525/2/6 17526/2/6 17529/2/6
f 17529/2/6 17526/2/6 17530/2/6
f 17528/2/6 17519/2/6 17531/2/6
f 17522/2/6 17529/2/6 17534/2/6
f 17531/2/6 17532/2/6 17535/2/6
f 17528/2/6 17531/2/6 17535/2/6
f 17535/2/6 17532/2/6 17536/2/6
f 17536/2/6 17532/2/6 17537/2/6
f 17533/2/6 17534/2/6 17540/2/6
f 17534/2/6 17529/2/6 17541/2/6
f 17540/2/6 17534/2/6 17541/2/6
f 17541/2/6 17529/2/6 17542/2/6
f 17537/2/6 17538/2/6 17543/2/6
f 17536/2/6 17537/2/6 17543/2/6
f 17543/2/6 17538/2/6 17544/2/6
f 17544/2/6 17538/2/6 17545/2/6
f 17539/2/6 17540/2/6 17548/2/6
f 17540/2/6 17541/2/6 17548/2/6
f 17548/2/6 17541/2/6 17549/2/6
f 17549/2/6 17541/2/6 17550/2/6
f 17545/2/6 17546/2/6 17551/2/6
f 17544/2/6 17545/2/6 17551/2/6
f 17551/2/6 17546/2/6 17552/2/6
f 17552/2/6 17546/2/6 17553/2/6
f 17548/2/6 17549/2/6 17554/2/6
f 17547/2/6 17548/2/6 17554/2/6
f 17554/2/6 17549/2/6 17555/2/6
f 17555/2/6 17549/2/6 17556/2/6
f 17552/2/6 17553/2/6 17558/2/6
f 17554/2/6 17555/2/6 17558/2/6
f 17553/2/6 17554/2/6 17558/2/6
f 17558/2/6 17555/2/6 17559/2/6
f 17559/2/6 17555/2/6 17560/2/6
f 17560/2/6 17555/2/6 17561/2/6
f 17557/2/6 17558/2/6 17564/2/6
f 17558/2/6 17559/2/6 17564/2/6
f 17564/2/6 17559/2/6 17565/2/6
f 17565/2/6 17559/2/6 17566/2/6
f 17560/2/6 17561/2/6 17567/2/6
f 17561/2/6 17562/2/6 17567/2/6
f 17567/2/6 17562/2/6 17568/2/6
f 17568/2/6 17562/2/6 17569/2/6
f 17564/2/6 17565/2/6 17572/2/6
f 17563/2/6 17564/2/6 17572/2/6
f 17572/2/6 17565/2/6 17573/2/6
f 17573/2/6 17565/2/6 17574/2/6
f 17568/2/6 17569/2/6 17575/2/6
f 17569/2/6 17570/2/6 17575/2/6
f 17575/2/6 17570/2/6 17576/2/6
f 17576/2/6 17570/2/6 17577/2/6
f 17572/2/6 17573/2/6 17579/2/6
f 17571/2/6 17572/2/6 17579/2/6
f 17579/2/6 17573/2/6 17580/2/6
f 17576/2/6 17577/2/6 17581/2/6
f 17577/2/6 17578/2/6 17581/2/6
f 17581/2/6 17578/2/6 17582/2/6
f 17579/3/6 17580/3/6 17583/3/6
f 17583/3/6 17580/3/6 17584/3/6
f 17581/3/6 17582/3/6 17585/3/6
f 17585/3/6 17582/3/6 17586/3/6
f 17579/3/6 17583/3/6 17588/3/6
f 17586/3/6 17582/3/6 17589/3/6
f 17587/3/6 17588/3/6 17591/3/6
f 17588/3/6 17583/3/6 17592/3/6
f 17591/3/6 17588/3/6 17592/3/6
f 17586/3/6 17589/3/6 17593/3/6
f 17589/3/6 17590/3/6 17593/3/6
f 17593/3/6 17590/3/6 17594/3/6
f 17591/2/6 17592/2/6 17595/2/6
f 17595/2/6 17592/2/6 17596/2/6
f 17593/2/6 17594/2/6 17597/2/6
f 17597/2/6 17594/2/6 17598/2/6
f 17596/2/6 17592/2/6 17599/2/6
f 17593/2/6 17597/2/6 17602/2/6
f 17599/2/6 17600/2/6 17603/2/6
f 17596/2/6 17599/2/6 17603/2/6
f 17603/2/6 17600/2/6 17604/2/6
f 17604/2/6 17600/2/6 17605/2/6
f 17601/2/6 17602/2/6 17608/2/6
f 17602/2/6 17597/2/6 17609/2/6
f 17608/2/6 17602/2/6 17609/2/6
f 17604/2/6 17605/2/6 17611/2/6
f 17605/2/6 17606/2/6 17611/2/6
f 17611/2/6 17606/2/6 17612/2/6
f 17612/2/6 17606/2/6 17613/2/6
f 17608/2/6 17609/2/6 17616/2/6
f 17609/2/6 17610/2/6 17616/2/6
f 17607/2/6 17608/2/6 17616/2/6
f 17616/2/6 17610/2/6 17617/2/6
f 17613/2/6 17614/2/6 17618/2/6
f 17612/2/6 17613/2/6 17618/2/6
f 17618/2/6 17614/2/6 17619/2/6
f 17619/2/6 17614/2/6 17620/2/6
f 17615/2/6 17616/2/6 17621/2/6
f 17621/2/6 17616/2/6 17622/2/6
f 17619/2/6 17620/2/6 17623/2/6
f 17620/2/6 17621/2/6 17623/2/6
f 17623/2/6 17621/2/6 17624/2/6
f 17624/2/6 17621/2/6 17625/2/6
f 17625/2/6 17621/2/6 17626/2/6
f 17624/2/6 17625/2/6 17630/2/6
f 17630/2/6 17625/2/6 17631/2/6
f 17631/2/6 17625/2/6 17632/2/6
f 17632/2/6 17625/2/6 17633/2/6
f 17627/2/6 17628/2/6 17636/2/6
f 17636/2/6 17628/2/6 17637/2/6
f 17629/2/6 17630/2/6 17638/2/6
f 17638/2/6 17630/2/6 17639/2/6
f 17631/2/6 17632/2/6 17640/2/6
f 17640/2/6 17632/2/6 17641/2/6
f 17634/2/6 17635/2/6 17642/2/6
f 17642/2/6 17635/2/6 17643/2/6
f 17644/1/6 17645/1/6 17646/1/6
f 17646/1/6 17645/1/6 17647/1/6
f 17646/2/6 17647/2/6 17648/2/6
f 17646/2/6 17648/2/6 17650/2/6
f 17648/2/6 17649/2/6 17650/2/6
f 17650/2/6 17649/2/6 17651/2/6
f 17651/2/6 17649/2/6 17652/2/6
f 17651/2/6 17652/2/6 17654/2/6
f 17652/2/6 17653/2/6 17654/2/6
f 17654/2/6 17653/2/6 17655/2/6
f 17655/2/6 17653/2/6 17656/2/6
f 17656/2/6 17657/2/6 17658/2/6
f 17655/2/6 17656/2/6 17658/2/6
f 17658/2/6 17657/2/6 17659/2/6
f 17659/2/6 17657/2/6 17660/2/6
f 17659/3/6 17660/3/6 17665/3/6
f 17660/3/6 17661/3/6 17665/3/6
f 17665/3/6 17661/3/6 17666/3/6
f 17666/3/6 17661/3/6 17667/3/6
f 17662/3/6 17663/3/6 17668/3/6
f 17668/3/6 17663/3/6 17669/3/6
f 17664/3/6 17665/3/6 17671/3/6
f 17665/3/6 17666/3/6 17671/3/6
f 17671/3/6 17666/3/6 17672/3/6
f 17672/3/6 17666/3/6 17673/3/6
f 17670/3/6 17671/3/6 17674/3/6
f 17671/3/6 17672/3/6 17674/3/6
f 17674/3/6 17672/3/6 17675/3/6
f 17675/3/6 17672/3/6 17676/3/6
f 17674/2/6 17675/2/6 17678/2/6
f 17678/2/6 17675/2/6 17679/2/6
f 17677/2/6 17678/2/6 17679/2/6
f 17679/2/6 17675/2/6 17680/2/6
f 17681/2/6 17682/2/6 17683/2/6
f 17681/2/6 17683/2/6 17685/2/6
f 17683/2/6 17684/2/6 17685/2/6
f 17685/2/6 17684/2/6 17686/2/6
f 17677/2/6 17679/2/6 17687/2/6
f 17681/2/6 17685/2/6 17690/2/6
f 17687/2/6 17688/2/6 17691/2/6
f 17677/2/6 17687/2/6 17691/2/6
f 17691/2/6 17688/2/6 17692/2/6
f 17689/2/6 17690/2/6 17693/2/6
f 17690/2/6 17685/2/6 17693/2/6
f 17693/2/6 17685/2/6 17694/2/6
f 17692/2/6 17688/2/6 17695/2/6
f 17689/2/6 17693/2/6 17698/2/6
f 17695/2/6 17696/2/6 17699/2/6
f 17692/2/6 17695/2/6 17699/2/6
f 17699/2/6 17696/2/6 17700/2/6
f 17700/2/6 17696/2/6 17701/2/6
f 17697/2/6 17698/2/6 17704/2/6
f 17698/2/6 17693/2/6 17705/2/6
f 17704/2/6 17698/2/6 17705/2/6
f 17705/2/6 17693/2/6 17706/2/6
f 17701/2/6 17702/2/6 17707/2/6
f 17700/2/6 17701/2/6 17707/2/6
f 17707/2/6 17702/2/6 17708/2/6
f 17708/2/6 17702/2/6 17709/2/6
f 17703/2/6 17704/2/6 17712/2/6
f 17704/2/6 17705/2/6 17712/2/6
f 17712/2/6 17705/2/6 17713/2/6
f 17713/2/6 17705/2/6 17714/2/6
f 17709/2/6 17710/2/6 17715/2/6
f 17708/2/6 17709/2/6 17715/2/6
f 17715/2/6 17710/2/6 17716/2/6
f 17716/2/6 17710/2/6 17717/2/6
f 17712/2/6 17713/2/6 17720/2/6
f 17711/2/6 17712/2/6 17720/2/6
f 17720/2/6 17713/2/6 17721/2/6
f 17721/2/6 17713/2/6 17722/2/6
f 17717/2/6 17718/2/6 17724/2/6
f 17716/2/6 17717/2/6 17724/2/6
f 17724/2/6 17718/2/6 17725/2/6
f 17725/2/6 17718/2/6 17726/2/6
f 17720/2/6 17721/2/6 17727/2/6
f 17719/2/6 17720/2/6 17727/2/6
f 17727/2/6 17721/2/6 17728/2/6
f 17728/2/6 17721/2/6 17729/2/6
f 17724/3/6 17725/3/6 17732/3/6
f 17723/3/6 17724/3/6 17732/3/6
f 17732/3/6 17725/3/6 17733/3/6
f 17733/3/6 17725/3/6 17734/3/6
f 17729/3/6 17730/3/6 17735/3/6
f 17728/3/6 17729/3/6 17735/3/6
f 17735/3/6 17730/3/6 17736/3/6
f 17736/3/6 17730/3/6 17737/3/6
f 17732/3/6 17733/3/6 17739/3/6
f 17731/3/6 17732/3/6 17739/3/6
f 17739/3/6 17733/3/6 17740/3/6
f 17737/3/6 17738/3/6 17741/3/6
f 17736/3/6 17737/3/6 17741/3/6
f 17741/3/6 17738/3/6 17742/3/6
f 17731/3/6 17739/3/6 17743/3/6
f 17743/3/6 17739/3/6 17744/3/6
f 17742/3/6 17738/3/6 17745/3/6
f 17745/3/6 17738/3/6 17746/3/6
f 17743/2/6 17744/2/6 17748/2/6
f 17745/2/6 17746/2/6 17749/2/6
f 17748/2/6 17744/2/6 17751/2/6
f 17747/2/6 17748/2/6 17751/2/6
f 17751/2/6 17744/2/6 17752/2/6
f 17745/2/6 17749/2/6 17753/2/6
f 17749/2/6 17750/2/6 17753/2/6
f 17753/2/6 17750/2/6 17754/2/6
f 17747/2/6 17751/2/6 17755/2/6
f 17754/2/6 17750/2/6 17758/2/6
f 17755/2/6 17756/2/6 17759/2/6
f 17747/2/6 17755/2/6 17759/2/6
f 17759/2/6 17756/2/6 17760/2/6
f 17757/2/6 17758/2/6 17761/2/6
f 17758/2/6 17750/2/6 17761/2/6
f 17761/2/6 17750/2/6 17762/2/6
f 17760/2/6 17756/2/6 17763/2/6
f 17757/2/6 17761/2/6 17766/2/6
f 17763/2/6 17764/2/6 17767/2/6
f 17760/2/6 17763/2/6 17767/2/6
f 17767/2/6 17764/2/6 17768/2/6
f 17768/2/6 17764/2/6 17769/2/6
f 17765/2/6 17766/2/6 17772/2/6
f 17766/2/6 17761/2/6 17773/2/6
f 17772/2/6 17766/2/6 17773/2/6
f 17773/2/6 17761/2/6 17774/2/6
f 17769/2/6 17770/2/6 17775/2/6
f 17768/2/6 17769/2/6 17775/2/6
f 17775/2/6 17770/2/6 17776/2/6
f 17776/2/6 17770/2/6 17777/2/6
f 17771/2/6 17772/2/6 17780/2/6
f 17772/2/6 17773/2/6 17780/2/6
f 17780/2/6 17773/2/6 17781/2/6
f 17781/2/6 17773/2/6 17782/2/6
f 17777/2/6 17778/2/6 17784/2/6
f 17776/2/6 17777/2/6 17784/2/6
f 17784/2/6 17778/2/6 17785/2/6
f 17785/2/6 17778/2/6 17786/2/6
f 17780/2/6 17781/2/6 17787/2/6
f 17779/2/6 17780/2/6 17787/2/6
f 17787/2/6 17781/2/6 17788/2/6
f 17788/2/6 17781/2/6 17789/2/6
f 17784/2/6 17785/2/6 17792/2/6
f 17783/2/6 17784/2/6 17792/2/6
f 17792/2/6 17785/2/6 17793/2/6
f 17793/2/6 17785/2/6 17794/2/6
f 17789/2/6 17790/2/6 17795/2/6
f 17788/2/6 17789/2/6 17795/2/6
f 17795/2/6 17790/2/6 17796/2/6
f 17796/2/6 17790/2/6 17797/2/6
f 17792/2/6 17793/2/6 17799/2/6
f 17791/2/6 17792/2/6 17799/2/6
f 17799/2/6 17793/2/6 17800/2/6
f 17797/2/6 17798/2/6 17801/2/6
f 17796/2/6 17797/2/6 17801/2/6
f 17801/2/6 17798/2/6 17802/2/6
f 17791/2/6 17799/2/6 17803/2/6
f 17803/2/6 17799/2/6 17804/2/6
f 17802/2/6 17798/2/6 17805/2/6
f 17805/2/6 17798/2/6 17806/2/6
f 17803/3/6 17804/3/6 17808/3/6
f 17805/3/6 17806/3/6 17809/3/6
f 17808/3/6 17804/3/6 17811/3/6
f 17807/3/6 17808/3/6 17811/3/6
f 17811/3/6 17804/3/6 17812/3/6
f 17805/3/6 17809/3/6 17813/3/6
f 17809/3/6 17810/3/6 17813/3/6
f 17813/3/6 17810/3/6 17814/3/6
f 17807/3/6 17811/3/6 17815/3/6
f 17815/3/6 17811/3/6 17816/3/6
f 17814/3/6 17810/3/6 17817/3/6
f 17817/3/6 17810/3/6 17818/3/6
f 17815/2/6 17816/2/6 17819/2/6
f 17817/2/6 17818/2/6 17822/2/6
f 17819/2/6 17820/2/6 17823/2/6
f 17815/2/6 17819/2/6 17823/2/6
f 17823/2/6 17820/2/6 17824/2/6
f 17821/2/6 17822/2/6 17825/2/6
f 17822/2/6 17818/2/6 17825/2/6
f 17825/2/6 17818/2/6 17826/2/6
f 17824/2/6 17820/2/6 17827/2/6
f 17821/2/6 17825/2/6 17829/2/6
f 17829/2/6 17825/2/6 17830/2/6
f 17824/2/6 17827/2/6 17833/2/6
f 17827/2/6 17828/2/6 17833/2/6
f 17833/2/6 17828/2/6 17834/2/6
f 17834/2/6 17828/2/6 17835/2/6
f 17831/2/6 17832/2/6 17837/2/6
f 17837/2/6 17832/2/6 17838/2/6
f 17835/2/6 17836/2/6 17839/2/6
f 17834/2/6 17835/2/6 17839/2/6
f 17839/2/6 17836/2/6 17840/2/6
f 17840/2/6 17836/2/6 17841/2/6
f 17841/2/6 17842/2/6 17843/2/6
f 17840/2/6 17841/2/6 17843/2/6
f 17840/2/6 17843/2/6 17847/2/6
f 17843/2/6 17844/2/6 17847/2/6
f 17847/2/6 17844/2/6 17848/2/6
f 17845/2/6 17846/2/6 17852/2/6
f 17852/2/6 17846/2/6 17853/2/6
f 17848/2/6 17849/2/6 17854/2/6
f 17854/2/6 17849/2/6 17855/2/6
f 17850/2/6 17851/2/6 17856/2/6
f 17856/2/6 17851/2/6 17857/2/6
f 17858/1/6 17859/1/6 17860/1/6
f 17860/1/6 17859/1/6 17861/1/6
f 17860/2/6 17861/2/6 17862/2/6
f 17862/2/6 17861/2/6 17863/2/6
f 17863/2/6 17864/2/6 17865/2/6
f 17865/2/6 17864/2/6 17866/2/6
f 17866/2/6 17867/2/6 17868/2/6
f 17868/2/6 17867/2/6 17869/2/6
f 17869/3/6 17870/3/6 17872/3/6
f 17872/3/6 17870/3/6 17873/3/6
f 17871/3/6 17872/3/6 17875/3/6
f 17875/3/6 17872/3/6 17876/3/6
f 17874/3/6 17875/3/6 17877/3/6
f 17877/3/6 17875/3/6 17878/3/6
f 17877/2/6 17878/2/6 17880/2/6
f 17880/2/6 17878/2/6 17881/2/6
f 17882/2/6 17883/2/6 17884/2/6
f 17884/2/6 17883/2/6 17885/2/6
f 17879/2/6 17880/2/6 17886/2/6
f 17886/2/6 17880/2/6 17887/2/6
f 17882/2/6 17884/2/6 17890/2/6
f 17890/2/6 17884/2/6 17891/2/6
f 17887/2/6 17888/2/6 17892/2/6
f 17892/2/6 17888/2/6 17893/2/6
f 17889/2/6 17890/2/6 17896/2/6
f 17896/2/6 17890/2/6 17897/2/6
f 17893/2/6 17894/2/6 17898/2/6
f 17898/2/6 17894/2/6 17899/2/6
f 17895/2/6 17896/2/6 17902/2/6
f 17902/2/6 17896/2/6 17903/2/6
f 17899/2/6 17900/2/6 17904/2/6
f 17904/2/6 17900/2/6 17905/2/6
f 17901/2/6 17902/2/6 17908/2/6
f 17908/2/6 17902/2/6 17909/2/6
f 17905/2/6 17906/2/6 17911/2/6
f 17911/2/6 17906/2/6 17912/2/6
f 17907/2/6 17908/2/6 17913/2/6
f 17913/2/6 17908/2/6 17914/2/6
f 17910/3/6 17911/3/6 17917/3/6
f 17917/3/6 17911/3/6 17918/3/6
f 17914/3/6 17915/3/6 17919/3/6
f 17919/3/6 17915/3/6 17920/3/6
f 17916/3/6 17917/3/6 17923/3/6
f 17923/3/6 17917/3/6 17924/3/6
f 17920/3/6 17921/3/6 17925/3/6
f 17925/3/6 17921/3/6 17926/3/6
f 17923/2/6 17924/2/6 17928/2/6
f 17922/2/6 17923/2/6 17928/2/6
f 17928/2/6 17924/2/6 17929/2/6
f 17925/2/6 17926/2/6 17930/2/6
f 17926/2/6 17927/2/6 17930/2/6
f 17930/2/6 17927/2/6 17931/2/6
f 17922/2/6 17928/2/6 17932/2/6
f 17931/2/6 17927/2/6 17935/2/6
f 17932/2/6 17933/2/6 17936/2/6
f 17922/2/6 17932/2/6 17936/2/6
f 17936/2/6 17933/2/6 17937/2/6
f 17934/2/6 17935/2/6 17938/2/6
f 17935/2/6 17927/2/6 17938/2/6
f 17938/2/6 17927/2/6 17939/2/6
f 17937/2/6 17933/2/6 17940/2/6
f 17940/2/6 17933/2/6 17941/2/6
f 17934/2/6 17938/2/6 17944/2/6
f 17944/2/6 17938/2/6 17945/2/6
f 17941/2/6 17942/2/6 17946/2/6
f 17946/2/6 17942/2/6 17947/2/6
f 17943/2/6 17944/2/6 17950/2/6
f 17950/2/6 17944/2/6 17951/2/6
f 17947/2/6 17948/2/6 17953/2/6
f 17953/2/6 17948/2/6 17954/2/6
f 17949/2/6 17950/2/6 17955/2/6
f 17955/2/6 17950/2/6 17956/2/6
f 17952/2/6 17953/2/6 17959/2/6
f 17959/2/6 17953/2/6 17960/2/6
f 17956/2/6 17957/2/6 17961/2/6
f 17961/2/6 17957/2/6 17962/2/6
f 17958/2/6 17959/2/6 17965/2/6
f 17965/2/6 17959/2/6 17966/2/6
f 17962/2/6 17963/2/6 17967/2/6
f 17967/2/6 17963/2/6 17968/2/6
f 17965/3/6 17966/3/6 17970/3/6
f 17964/3/6 17965/3/6 17970/3/6
f 17970/3/6 17966/3/6 17971/3/6
f 17967/3/6 17968/3/6 17972/3/6
f 17968/3/6 17969/3/6 17972/3/6
f 17972/3/6 17969/3/6 17973/3/6
f 17964/3/6 17970/3/6 17974/3/6
f 17974/3/6 17970/3/6 17975/3/6
f 17973/3/6 17969/3/6 17976/3/6
f 17976/3/6 17969/3/6 17977/3/6
f 17974/2/6 17975/2/6 17978/2/6
f 17976/2/6 17977/2/6 17981/2/6
f 17978/2/6 17979/2/6 17982/2/6
f 17974/2/6 17978/2/6 17982/2/6
f 17982/2/6 17979/2/6 17983/2/6
f 17980/2/6 17981/2/6 17984/2/6
f 17981/2/6 17977/2/6 17984/2/6
f 17984/2/6 17977/2/6 17985/2/6
f 17980/2/6 17984/2/6 17986/2/6
f 17986/2/6 17984/2/6 17987/2/6
f 17983/2/6 17979/2/6 17990/2/6
f 17990/2/6 17979/2/6 17991/2/6
f 17988/2/6 17989/2/6 17993/2/6
f 17993/2/6 17989/2/6 17994/2/6
f 17991/2/6 17992/2/6 17995/2/6
f 17995/2/6 17992/2/6 17996/2/6
f 17996/2/6 17997/2/6 17999/2/6
f 17998/2/6 17999/2/6 18002/2/6
f 17999/2/6 17997/2/6 18003/2/6
f 18002/2/6 17999/2/6 18003/2/6
f 18000/2/6 18001/2/6 18004/2/6
f 18004/2/6 18001/2/6 18005/2/6
f 18006/1/6 18007/1/6 18008/1/6
f 18008/1/6 18007/1/6 18009/1/6
f 18008/2/6 18009/2/6 18010/2/6
f 18010/2/6 18009/2/6 18011/2/6
f 18012/2/6 18013/2/6 18014/2/6
f 18014/2/6 18013/2/6 18015/2/6
f 18015/2/6 18016/2/6 18017/2/6
f 18017/2/6 18016/2/6 18018/2/6
f 18018/3/6 18019/3/6 18021/3/6
f 18021/3/6 18019/3/6 18022/3/6
f 18020/3/6 18021/3/6 18024/3/6
f 18024/3/6 18021/3/6 18025/3/6
f 18023/3/6 18024/3/6 18026/3/6
f 18026/3/6 18024/3/6 18027/3/6
f 18026/2/6 18027/2/6 18028/2/6
f 18028/2/6 18027/2/6 18029/2/6
f 18032/2/6 18033/2/6 18034/2/6
f 18034/2/6 18033/2/6 18035/2/6
f 18030/2/6 18031/2/6 18036/2/6
f 18036/2/6 18031/2/6 18037/2/6
f 18032/2/6 18034/2/6 18038/2/6
f 18038/2/6 18034/2/6 18039/2/6
f 18040/2/6 18041/2/6 18044/2/6
f 18044/2/6 18041/2/6 18045/2/6
f 18042/2/6 18043/2/6 18048/2/6
f 18048/2/6 18043/2/6 18049/2/6
f 18045/2/6 18046/2/6 18050/2/6
f 18050/2/6 18046/2/6 18051/2/6
f 18047/2/6 18048/2/6 18054/2/6
f 18054/2/6 18048/2/6 18055/2/6
f 18051/2/6 18052/2/6 18056/2/6
f 18056/2/6 18052/2/6 18057/2/6
f 18053/2/6 18054/2/6 18060/2/6
f 18060/2/6 18054/2/6 18061/2/6
f 18057/2/6 18058/2/6 18063/2/6
f 18063/2/6 18058/2/6 18064/2/6
f 18059/2/6 18060/2/6 18065/2/6
f 18065/2/6 18060/2/6 18066/2/6
f 18062/3/6 18063/3/6 18069/3/6
f 18069/3/6 18063/3/6 18070/3/6
f 18066/3/6 18067/3/6 18071/3/6
f 18071/3/6 18067/3/6 18072/3/6
f 18068/3/6 18069/3/6 18074/3/6
f 18074/3/6 18069/3/6 18075/3/6
f 18072/3/6 18073/3/6 18076/3/6
f 18076/3/6 18073/3/6 18077/3/6
f 18078/2/6 18079/2/6 18082/2/6
f 18082/2/6 18079/2/6 18083/2/6
f 18080/2/6 18081/2/6 18084/2/6
f 18084/2/6 18081/2/6 18085/2/6
f 18086/2/6 18087/2/6 18090/2/6
f 18090/2/6 18087/2/6 18091/2/6
f 18088/2/6 18089/2/6 18094/2/6
f 18094/2/6 18089/2/6 18095/2/6
f 18091/2/6 18092/2/6 18096/2/6
f 18096/2/6 18092/2/6 18097/2/6
f 18093/2/6 18094/2/6 18100/2/6
f 18100/2/6 18094/2/6 18101/2/6
f 18097/2/6 18098/2/6 18103/2/6
f 18103/2/6 18098/2/6 18104/2/6
f 18099/2/6 18100/2/6 18105/2/6
f 18105/2/6 18100/2/6 18106/2/6
f 18102/2/6 18103/2/6 18109/2/6
f 18109/2/6 18103/2/6 18110/2/6
f 18106/2/6 18107/2/6 18111/2/6
f 18111/2/6 18107/2/6 18112/2/6
f 18108/2/6 18109/2/6 18114/2/6
f 18114/2/6 18109/2/6 18115/2/6
f 18112/2/6 18113/2/6 18116/2/6
f 18116/2/6 18113/2/6 18117/2/6
f 18118/3/6 18119/3/6 18122/3/6
f 18122/3/6 18119/3/6 18123/3/6
f 18120/3/6 18121/3/6 18124/3/6
f 18124/3/6 18121/3/6 18125/3/6
f 18122/2/6 18123/2/6 18126/2/6
f 18126/2/6 18123/2/6 18127/2/6
f 18124/2/6 18125/2/6 18128/2/6
f 18128/2/6 18125/2/6 18129/2/6
f 18133/2/6 18134/2/6 18137/2/6
f 18132/2/6 18133/2/6 18137/2/6
f 18137/2/6 18134/2/6 18138/2/6
f 18135/2/6 18136/2/6 18139/2/6
f 18139/2/6 18136/2/6 18140/2/6
f 18130/2/6 18131/2/6 18141/2/6
f 18141/2/6 18131/2/6 18142/2/6
f 18142/2/6 18143/2/6 18144/2/6
f 18144/2/6 18143/2/6 18145/2/6
f 18145/2/6 18146/2/6 18147/2/6
f 18147/2/6 18146/2/6 18148/2/6
f 18149/2/6 18150/2/6 18151/2/6
f 18151/2/6 18150/2/6 18152/2/6
f 18153/1/6 18154/1/6 18155/1/6
f 18155/1/6 18154/1/6 18156/1/6
f 18155/2/6 18156/2/6 18157/2/6
f 18157/2/6 18156/2/6 18158/2/6
f 18159/2/6 18160/2/6 18161/2/6
f 18161/2/6 18160/2/6 18162/2/6
f 18163/2/6 18164/2/6 18165/2/6
f 18165/2/6 18164/2/6 18166/2/6
f 18166/3/6 18167/3/6 18169/3/6
f 18169/3/6 18167/3/6 18170/3/6
f 18168/3/6 18169/3/6 18171/3/6
f 18171/3/6 18169/3/6 18172/3/6
f 18173/2/6 18174/2/6 18175/2/6
f 18175/2/6 18174/2/6 18176/2/6
f 18177/2/6 18178/2/6 18181/2/6
f 18181/2/6 18178/2/6 18182/2/6
f 18179/2/6 18180/2/6 18183/2/6
f 18183/2/6 18180/2/6 18184/2/6
f 18185/2/6 18186/2/6 18189/2/6
f 18189/2/6 18186/2/6 18190/2/6
f 18187/2/6 18188/2/6 18191/2/6
f 18191/2/6 18188/2/6 18192/2/6
f 18193/2/6 18194/2/6 18197/2/6
f 18197/2/6 18194/2/6 18198/2/6
f 18195/2/6 18196/2/6 18201/2/6
f 18201/2/6 18196/2/6 18202/2/6
f 18198/2/6 18199/2/6 18203/2/6
f 18203/2/6 18199/2/6 18204/2/6
f 18200/2/6 18201/2/6 18207/2/6
f 18207/2/6 18201/2/6 18208/2/6
f 18204/2/6 18205/2/6 18210/2/6
f 18210/2/6 18205/2/6 18211/2/6
f 18206/2/6 18207/2/6 18212/2/6
f 18212/2/6 18207/2/6 18213/2/6
f 18209/3/6 18210/3/6 18216/3/6
f 18216/3/6 18210/3/6 18217/3/6
f 18213/3/6 18214/3/6 18218/3/6
f 18218/3/6 18214/3/6 18219/3/6
f 18215/3/6 18216/3/6 18221/3/6
f 18221/3/6 18216/3/6 18222/3/6
f 18219/3/6 18220/3/6 18223/3/6
f 18223/3/6 18220/3/6 18224/3/6
f 18221/2/6 18222/2/6 18225/2/6
f 18225/2/6 18222/2/6 18226/2/6
f 18223/2/6 18224/2/6 18227/2/6
f 18227/2/6 18224/2/6 18228/2/6
f 18229/2/6 18230/2/6 18233/2/6
f 18233/2/6 18230/2/6 18234/2/6
f 18231/2/6 18232/2/6 18235/2/6
f 18235/2/6 18232/2/6 18236/2/6
f 18237/2/6 18238/2/6 18241/2/6
f 18241/2/6 18238/2/6 18242/2/6
f 18239/2/6 18240/2/6 18245/2/6
f 18245/2/6 18240/2/6 18246/2/6
f 18242/2/6 18243/2/6 18247/2/6
f 18247/2/6 18243/2/6 18248/2/6
f 18244/2/6 18245/2/6 18251/2/6
f 18251/2/6 18245/2/6 18252/2/6
f 18248/2/6 18249/2/6 18254/2/6
f 18254/2/6 18249/2/6 18255/2/6
f 18250/2/6 18251/2/6 18256/2/6
f 18256/2/6 18251/2/6 18257/2/6
f 18253/2/6 18254/2/6 18260/2/6
f 18260/2/6 18254/2/6 18261/2/6
f 18257/2/6 18258/2/6 18262/2/6
f 18262/2/6 18258/2/6 18263/2/6
f 18259/2/6 18260/2/6 18265/2/6
f 18265/2/6 18260/2/6 18266/2/6
f 18263/2/6 18264/2/6 18267/2/6
f 18267/2/6 18264/2/6 18268/2/6
f 18265/3/6 18266/3/6 18269/3/6
f 18269/3/6 18266/3/6 18270/3/6
f 18267/3/6 18268/3/6 18271/3/6
f 18271/3/6 18268/3/6 18272/3/6
f 18273/3/6 18274/3/6 18277/3/6
f 18277/3/6 18274/3/6 18278/3/6
f 18275/3/6 18276/3/6 18279/3/6
f 18279/3/6 18276/3/6 18280/3/6
f 18277/2/6 18278/2/6 18281/2/6
f 18281/2/6 18278/2/6 18282/2/6
f 18279/2/6 18280/2/6 18283/2/6
f 18283/2/6 18280/2/6 18284/2/6
f 18285/2/6 18286/2/6 18291/2/6
f 18289/2/6 18290/2/6 18292/2/6
f 18290/2/6 18291/2/6 18292/2/6
f 18292/2/6 18291/2/6 18293/2/6
f 18293/2/6 18291/2/6 18294/2/6
f 18291/2/6 18286/2/6 18295/2/6
f 18294/2/6 18291/2/6 18295/2/6
f 18293/2/6 18294/2/6 18296/2/6
f 18296/2/6 18294/2/6 18297/2/6
f 18287/2/6 18288/2/6 18298/2/6
f 18298/2/6 18288/2/6 18299/2/6
f 18299/2/6 18300/2/6 18301/2/6
f 18301/2/6 18300/2/6 18302/2/6
f 18302/2/6 18303/2/6 18304/2/6
f 18304/2/6 18303/2/6 18305/2/6
f 18306/2/6 18307/2/6 18308/2/6
f 18308/2/6 18307/2/6 18309/2/6
f 18310/2/6 18311/2/6 18312/2/6
f 18312/2/6 18311/2/6 18313/2/6
f 18314/3/6 18315/3/6 18316/3/6
f 18316/3/6 18315/3/6 18317/3/6
f 18318/3/6 18319/3/6 18320/3/6
f 18320/3/6 18319/3/6 18321/3/6
f 18322/2/6 18323/2/6 18324/2/6
f 18324/2/6 18323/2/6 18325/2/6
f 18326/2/6 18327/2/6 18330/2/6
f 18330/2/6 18327/2/6 18331/2/6
f 18328/2/6 18329/2/6 18332/2/6
f 18332/2/6 18329/2/6 18333/2/6
f 18334/2/6 18335/2/6 18338/2/6
f 18338/2/6 18335/2/6 18339/2/6
f 18336/2/6 18337/2/6 18340/2/6
f 18340/2/6 18337/2/6 18341/2/6
f 18342/2/6 18343/2/6 18346/2/6
f 18346/2/6 18343/2/6 18347/2/6
f 18344/2/6 18345/2/6 18350/2/6
f 18350/2/6 18345/2/6 18351/2/6
f 18347/2/6 18348/2/6 18353/2/6
f 18353/2/6 18348/2/6 18354/2/6
f 18349/2/6 18350/2/6 18355/2/6
f 18355/2/6 18350/2/6 18356/2/6
f 18352/3/6 18353/3/6 18358/3/6
f 18358/3/6 18353/3/6 18359/3/6
f 18356/3/6 18357/3/6 18360/3/6
f 18360/3/6 18357/3/6 18361/3/6
f 18362/3/6 18363/3/6 18366/3/6
f 18366/3/6 18363/3/6 18367/3/6
f 18364/3/6 18365/3/6 18368/3/6
f 18368/3/6 18365/3/6 18369/3/6
f 18366/2/6 18367/2/6 18370/2/6
f 18370/2/6 18367/2/6 18371/2/6
f 18368/2/6 18369/2/6 18372/2/6
f 18372/2/6 18369/2/6 18373/2/6
f 18374/2/6 18375/2/6 18378/2/6
f 18378/2/6 18375/2/6 18379/2/6
f 18376/2/6 18377/2/6 18380/2/6
f 18380/2/6 18377/2/6 18381/2/6
f 18382/2/6 18383/2/6 18386/2/6
f 18386/2/6 18383/2/6 18387/2/6
f 18384/2/6 18385/2/6 18390/2/6
f 18390/2/6 18385/2/6 18391/2/6
f 18387/2/6 18388/2/6 18393/2/6
f 18393/2/6 18388/2/6 18394/2/6
f 18389/2/6 18390/2/6 18395/2/6
f 18395/2/6 18390/2/6 18396/2/6
f 18392/2/6 18393/2/6 18398/2/6
f 18398/2/6 18393/2/6 18399/2/6
f 18396/2/6 18397/2/6 18400/2/6
f 18400/2/6 18397/2/6 18401/2/6
f 18402/2/6 18403/2/6 18406/2/6
f 18406/2/6 18403/2/6 18407/2/6
f 18404/2/6 18405/2/6 18408/2/6
f 18408/2/6 18405/2/6 18409/2/6
f 18406/3/6 18407/3/6 18410/3/6
f 18410/3/6 18407/3/6 18411/3/6
f 18408/3/6 18409/3/6 18412/3/6
f 18412/3/6 18409/3/6 18413/3/6
f 18414/2/6 18415/2/6 18420/2/6
f 18420/2/6 18415/2/6 18421/2/6
f 18418/2/6 18419/2/6 18422/2/6
f 18419/2/6 18420/2/6 18422/2/6
f 18422/2/6 18420/2/6 18423/2/6
f 18416/2/6 18417/2/6 18424/2/6
f 18424/2/6 18417/2/6 18425/2/6
f 18426/2/6 18427/2/6 18428/2/6
f 18428/2/6 18427/2/6 18429/2/6
f 18429/2/6 18430/2/6 18431/2/6
f 18431/2/6 18430/2/6 18432/2/6
f 18433/1/6 18434/1/6 18435/1/6
f 18435/1/6 18434/1/6 18436/1/6
f 18435/2/6 18436/2/6 18437/2/6
f 18437/2/6 18436/2/6 18438/2/6
f 18439/2/6 18440/2/6 18441/2/6
f 18441/2/6 18440/2/6 18442/2/6
f 18443/2/6 18444/2/6 18445/2/6
f 18445/2/6 18444/2/6 18446/2/6
f 18447/3/6 18448/3/6 18449/3/6
f 18449/3/6 18448/3/6 18450/3/6
f 18451/2/6 18452/2/6 18453/2/6
f 18453/2/6 18452/2/6 18454/2/6
f 18455/2/6 18456/2/6 18457/2/6
f 18457/2/6 18456/2/6 18458/2/6
f 18459/2/6 18460/2/6 18461/2/6
f 18461/2/6 18460/2/6 18462/2/6
f 18463/2/6 18464/2/6 18467/2/6
f 18467/2/6 18464/2/6 18468/2/6
f 18465/2/6 18466/2/6 18469/2/6
f 18469/2/6 18466/2/6 18470/2/6
f 18471/2/6 18472/2/6 18475/2/6
f 18475/2/6 18472/2/6 18476/2/6
f 18473/2/6 18474/2/6 18477/2/6
f 18477/2/6 18474/2/6 18478/2/6
f 18479/2/6 18480/2/6 18483/2/6
f 18483/2/6 18480/2/6 18484/2/6
f 18481/2/6 18482/2/6 18485/2/6
f 18485/2/6 18482/2/6 18486/2/6
f 18487/3/6 18488/3/6 18491/3/6
f 18491/3/6 18488/3/6 18492/3/6
f 18489/3/6 18490/3/6 18493/3/6
f 18493/3/6 18490/3/6 18494/3/6
f 18495/2/6 18496/2/6 18499/2/6
f 18499/2/6 18496/2/6 18500/2/6
f 18497/2/6 18498/2/6 18501/2/6
f 18501/2/6 18498/2/6 18502/2/6
f 18503/2/6 18504/2/6 18507/2/6
f 18507/2/6 18504/2/6 18508/2/6
f 18505/2/6 18506/2/6 18509/2/6
f 18509/2/6 18506/2/6 18510/2/6
f 18511/2/6 18512/2/6 18515/2/6
f 18515/2/6 18512/2/6 18516/2/6
f 18513/2/6 18514/2/6 18517/2/6
f 18517/2/6 18514/2/6 18518/2/6
f 18519/2/6 18520/2/6 18523/2/6
f 18523/2/6 18520/2/6 18524/2/6
f 18521/2/6 18522/2/6 18525/2/6
f 18525/2/6 18522/2/6 18526/2/6
f 18527/3/6 18528/3/6 18531/3/6
f 18531/3/6 18528/3/6 18532/3/6
f 18529/3/6 18530/3/6 18533/3/6
f 18533/3/6 18530/3/6 18534/3/6
f 18533/2/6 18534/2/6 18535/2/6
f 18533/2/6 18535/2/6 18536/2/6
f 18536/2/6 18535/2/6 18537/2/6
f 18531/2/6 18532/2/6 18538/2/6
f 18538/2/6 18532/2/6 18539/2/6
f 18540/2/6 18541/2/6 18542/2/6
f 18542/2/6 18541/2/6 18543/2/6
f 18544/2/6 18545/2/6 18546/2/6
f 18546/2/6 18545/2/6 18547/2/6
f 18547/2/6 18548/2/6 18549/2/6
f 18549/2/6 18548/2/6 18550/2/6
f 18551/2/6 18552/2/6 18553/2/6
f 18553/2/6 18552/2/6 18554/2/6
f 18555/2/6 18556/2/6 18557/2/6
f 18557/2/6 18556/2/6 18558/2/6
f 18559/3/6 18560/3/6 18561/3/6
f 18561/3/6 18560/3/6 18562/3/6
f 18563/3/6 18564/3/6 18565/3/6
f 18565/3/6 18564/3/6 18566/3/6
f 18567/2/6 18568/2/6 18569/2/6
f 18569/2/6 18568/2/6 18570/2/6
f 18573/2/6 18574/2/6 18575/2/6
f 18571/2/6 18572/2/6 18576/2/6
f 18576/2/6 18572/2/6 18577/2/6
f 18573/2/6 18575/2/6 18578/2/6
f 18578/2/6 18575/2/6 18579/2/6
f 18580/2/6 18581/2/6 18584/2/6
f 18584/2/6 18581/2/6 18585/2/6
f 18582/2/6 18583/2/6 18586/2/6
f 18586/2/6 18583/2/6 18587/2/6
f 18588/2/6 18589/2/6 18592/2/6
f 18592/2/6 18589/2/6 18593/2/6
f 18590/2/6 18591/2/6 18594/2/6
f 18594/2/6 18591/2/6 18595/2/6
f 18596/3/6 18597/3/6 18600/3/6
f 18600/3/6 18597/3/6 18601/3/6
f 18598/3/6 18599/3/6 18602/3/6
f 18602/3/6 18599/3/6 18603/3/6
f 18604/3/6 18605/3/6 18608/3/6
f 18608/3/6 18605/3/6 18609/3/6
f 18606/3/6 18607/3/6 18610/3/6
f 18610/3/6 18607/3/6 18611/3/6
f 18608/2/6 18609/2/6 18612/2/6
f 18612/2/6 18609/2/6 18613/2/6
f 18610/2/6 18611/2/6 18614/2/6
f 18614/2/6 18611/2/6 18615/2/6
f 18616/2/6 18617/2/6 18620/2/6
f 18620/2/6 18617/2/6 18621/2/6
f 18618/2/6 18619/2/6 18622/2/6
f 18622/2/6 18619/2/6 18623/2/6
f 18624/2/6 18625/2/6 18628/2/6
f 18628/2/6 18625/2/6 18629/2/6
f 18626/2/6 18627/2/6 18630/2/6
f 18630/2/6 18627/2/6 18631/2/6
f 18632/2/6 18633/2/6 18636/2/6
f 18636/2/6 18633/2/6 18637/2/6
f 18634/2/6 18635/2/6 18638/2/6
f 18638/2/6 18635/2/6 18639/2/6
f 18640/2/6 18641/2/6 18644/2/6
f 18644/2/6 18641/2/6 18645/2/6
f 18642/2/6 18643/2/6 18646/2/6
f 18646/2/6 18643/2/6 18647/2/6
f 18644/3/6 18645/3/6 18648/3/6
f 18648/3/6 18645/3/6 18649/3/6
f 18646/3/6 18647/3/6 18650/3/6
f 18650/3/6 18647/3/6 18651/3/6
f 18652/2/6 18653/2/6 18654/2/6
f 18654/2/6 18653/2/6 18655/2/6
f 18656/2/6 18657/2/6 18658/2/6
f 18658/2/6 18657/2/6 18659/2/6
f 18660/2/6 18661/2/6 18662/2/6
f 18662/2/6 18661/2/6 18663/2/6
f 18664/2/6 18665/2/6 18666/2/6
f 18666/2/6 18665/2/6 18667/2/6
f 18668/2/6 18669/2/6 18670/2/6
f 18670/2/6 18669/2/6 18671/2/6
f 18672/2/6 18673/2/6 18674/2/6
f 18674/2/6 18673/2/6 18675/2/6
f 18676/3/6 18677/3/6 18678/3/6
f 18678/3/6 18677/3/6 18679/3/6
f 18680/2/6 18681/2/6 18682/2/6
f 18682/2/6 18681/2/6 18683/2/6
f 18684/2/6 18685/2/6 18688/2/6
f 18688/2/6 18685/2/6 18689/2/6
f 18686/2/6 18687/2/6 18690/2/6
f 18690/2/6 18687/2/6 18691/2/6
f 18692/2/6 18693/2/6 18696/2/6
f 18696/2/6 18693/2/6 18697/2/6
f 18694/2/6 18695/2/6 18698/2/6
f 18698/2/6 18695/2/6 18699/2/6
f 18700/2/6 18701/2/6 18704/2/6
f 18704/2/6 18701/2/6 18705/2/6
f 18702/2/6 18703/2/6 18706/2/6
f 18706/2/6 18703/2/6 18707/2/6
f 18708/3/6 18709/3/6 18712/3/6
f 18712/3/6 18709/3/6 18713/3/6
f 18710/3/6 18711/3/6 18714/3/6
f 18714/3/6 18711/3/6 18715/3/6
f 18716/2/6 18717/2/6 18720/2/6
f 18720/2/6 18717/2/6 18721/2/6
f 18718/2/6 18719/2/6 18722/2/6
f 18722/2/6 18719/2/6 18723/2/6
f 18724/2/6 18725/2/6 18728/2/6
f 18728/2/6 18725/2/6 18729/2/6
f 18726/2/6 18727/2/6 18730/2/6
f 18730/2/6 18727/2/6 18731/2/6
f 18732/2/6 18733/2/6 18736/2/6
f 18736/2/6 18733/2/6 18737/2/6
f 18734/2/6 18735/2/6 18738/2/6
f 18738/2/6 18735/2/6 18739/2/6
f 18740/3/6 18741/3/6 18742/3/6
f 18742/3/6 18741/3/6 18743/3/6
f 18744/2/6 18745/2/6 18746/2/6
f 18746/2/6 18745/2/6 18747/2/6
f 18748/2/6 18749/2/6 18750/2/6
f 18750/2/6 18749/2/6 18751/2/6
f 18752/1/6 18753/1/6 18754/1/6
f 18754/1/6 18753/1/6 18755/1/6
f 18754/2/6 18755/2/6 18756/2/6
f 18756/2/6 18755/2/6 18757/2/6
f 18758/2/6 18759/2/6 18760/2/6
f 18760/2/6 18759/2/6 18761/2/6
f 18762/2/6 18763/2/6 18766/2/6
f 18766/2/6 18763/2/6 18767/2/6
f 18764/2/6 18765/2/6 18768/2/6
f 18768/2/6 18765/2/6 18769/2/6
f 18772/3/6 18773/3/6 18774/3/6
f 18774/3/6 18773/3/6 18775/3/6
f 18770/3/6 18771/3/6 18776/3/6
f 18776/3/6 18771/3/6 18777/3/6
f 18776/2/6 18777/2/6 18778/2/6
f 18778/2/6 18777/2/6 18779/2/6
f 18780/2/6 18781/2/6 18782/2/6
f 18782/2/6 18781/2/6 18783/2/6
f 18784/2/6 18785/2/6 18786/2/6
f 18786/2/6 18785/2/6 18787/2/6
f 18788/3/6 18789/3/6 18790/3/6
f 18790/3/6 18789/3/6 18791/3/6
f 18792/3/6 18793/3/6 18794/3/6
f 18794/3/6 18793/3/6 18795/3/6
f 18796/2/6 18797/2/6 18798/2/6
f 18798/2/6 18797/2/6 18799/2/6
f 18800/2/6 18801/2/6 18802/2/6
f 18802/2/6 18801/2/6 18803/2/6
f 18804/2/6 18805/2/6 18808/2/6
f 18808/2/6 18805/2/6 18809/2/6
f 18806/2/6 18807/2/6 18810/2/6
f 18810/2/6 18807/2/6 18811/2/6
f 18812/2/6 18813/2/6 18816/2/6
f 18816/2/6 18813/2/6 18817/2/6
f 18814/2/6 18815/2/6 18818/2/6
f 18818/2/6 18815/2/6 18819/2/6
f 18820/3/6 18821/3/6 18824/3/6
f 18824/3/6 18821/3/6 18825/3/6
f 18822/3/6 18823/3/6 18826/3/6
f 18826/3/6 18823/3/6 18827/3/6
f 18828/2/6 18829/2/6 18832/2/6
f 18832/2/6 18829/2/6 18833/2/6
f 18830/2/6 18831/2/6 18834/2/6
f 18834/2/6 18831/2/6 18835/2/6
f 18836/2/6 18837/2/6 18840/2/6
f 18840/2/6 18837/2/6 18841/2/6
f 18838/2/6 18839/2/6 18842/2/6
f 18842/2/6 18839/2/6 18843/2/6
f 18844/2/6 18845/2/6 18848/2/6
f 18848/2/6 18845/2/6 18849/2/6
f 18846/2/6 18847/2/6 18850/2/6
f 18850/2/6 18847/2/6 18851/2/6
f 18852/2/6 18853/2/6 18856/2/6
f 18856/2/6 18853/2/6 18857/2/6
f 18854/2/6 18855/2/6 18858/2/6
f 18858/2/6 18855/2/6 18859/2/6
f 18860/3/6 18861/3/6 18864/3/6
f 18864/3/6 18861/3/6 18865/3/6
f 18862/3/6 18863/3/6 18866/3/6
f 18866/3/6 18863/3/6 18867/3/6
f 18868/2/6 18869/2/6 18870/2/6
f 18870/2/6 18869/2/6 18871/2/6
f 18872/2/6 18873/2/6 18874/2/6
f 18874/2/6 18873/2/6 18875/2/6
f 18876/2/6 18877/2/6 18878/2/6
f 18878/2/6 18877/2/6 18879/2/6
f 18880/3/6 18881/3/6 18882/3/6
f 18882/3/6 18881/3/6 18883/3/6
f 18884/2/6 18885/2/6 18886/2/6
f 18886/2/6 18885/2/6 18887/2/6
f 18888/2/6 18889/2/6 18891/2/6
f 18891/2/6 18889/2/6 18892/2/6
f 18890/2/6 18891/2/6 18894/2/6
f 18894/2/6 18891/2/6 18895/2/6
f 18893/2/6 18894/2/6 18896/2/6
f 18896/2/6 18894/2/6 18897/2/6
f 18898/3/6 18899/3/6 18900/3/6
f 18900/3/6 18899/3/6 18901/3/6
f 18902/3/6 18903/3/6 18906/3/6
f 18906/3/6 18903/3/6 18907/3/6
f 18904/3/6 18905/3/6 18908/3/6
f 18908/3/6 18905/3/6 18909/3/6
f 18910/2/6 18911/2/6 18913/2/6
f 18913/2/6 18911/2/6 18914/2/6
f 18912/2/6 18913/2/6 18916/2/6
f 18916/2/6 18913/2/6 18917/2/6
f 18915/2/6 18916/2/6 18918/2/6
f 18918/2/6 18916/2/6 18919/2/6
f 18920/2/6 18921/2/6 18922/2/6
f 18922/2/6 18921/2/6 18923/2/6
f 18924/2/6 18925/2/6 18926/2/6
f 18926/2/6 18925/2/6 18927/2/6
f 18928/2/6 18929/2/6 18932/2/6
f 18932/2/6 18929/2/6 18933/2/6
f 18930/2/6 18931/2/6 18934/2/6
f 18934/2/6 18931/2/6 18935/2/6
f 18936/2/6 18937/2/6 18938/2/6
f 18938/2/6 18937/2/6 18939/2/6
f 18940/2/6 18941/2/6 18942/2/6
f 18942/2/6 18941/2/6 18943/2/6
f 18944/2/6 18945/2/6 18948/2/6
f 18948/2/6 18945/2/6 18949/2/6
f 18946/2/6 18947/2/6 18950/2/6
f 18950/2/6 18947/2/6 18951/2/6
f 18952/2/6 18953/2/6 18956/2/6
f 18956/2/6 18953/2/6 18957/2/6
f 18954/2/6 18955/2/6 18958/2/6
f 18958/2/6 18955/2/6 18959/2/6
f 18960/2/6 18961/2/6 18964/2/6
f 18964/2/6 18961/2/6 18965/2/6
f 18962/2/6 18963/2/6 18966/2/6
f 18966/2/6 18963/2/6 18967/2/6
f 18968/2/6 18969/2/6 18972/2/6
f 18972/2/6 18969/2/6 18973/2/6
f 18970/2/6 18971/2/6 18974/2/6
f 18974/2/6 18971/2/6 18975/2/6
f 18976/2/6 18977/2/6 18980/2/6
f 18980/2/6 18977/2/6 18981/2/6
f 18978/2/6 18979/2/6 18982/2/6
f 18982/2/6 18979/2/6 18983/2/6
f 18984/2/6 18985/2/6 18988/2/6
f 18988/2/6 18985/2/6 18989/2/6
f 18986/2/6 18987/2/6 18990/2/6
f 18990/2/6 18987/2/6 18991/2/6
f 18992/2/6 18993/2/6 18994/2/6
f 18994/2/6 18993/2/6 18995/2/6
f 18996/2/6 18997/2/6 18998/2/6
f 18998/2/6 18997/2/6 18999/2/6
f 19000/2/6 19001/2/6 19005/2/6
f 19005/2/6 19001/2/6 19006/2/6
f 19002/2/6 19003/2/6 19007/2/6
f 19007/2/6 19003/2/6 19008/2/6
f 19004/2/6 19005/2/6 19009/2/6
f 19009/2/6 19005/2/6 19010/2/6
f 19011/2/6 19012/2/6 19014/2/6
f 19013/2/6 19014/2/6 19015/2/6
f 19014/2/6 19012/2/6 19016/2/6
f 19015/2/6 19014/2/6 19016/2/6
f 19017/2/6 19018/2/6 19019/2/6
f 19019/2/6 19018/2/6 19020/2/6
f 19021/2/6 19022/2/6 19023/2/6
f 19023/2/6 19022/2/6 19024/2/6
f 19024/2/6 19022/2/6 19025/2/6
f 19024/3/6 19025/3/6 19027/3/6
f 19025/3/6 19026/3/6 19027/3/6
f 19027/3/6 19026/3/6 19028/3/6
f 19028/3/6 19026/3/6 19029/3/6
f 19029/3/6 19026/3/6 19030/3/6
f 19031/2/6 19032/2/6 19033/2/6
f 19033/2/6 19032/2/6 19034/2/6
f 19035/2/6 19036/2/6 19039/2/6
f 19039/2/6 19036/2/6 19040/2/6
f 19037/2/6 19038/2/6 19041/2/6
f 19041/2/6 19038/2/6 19042/2/6
f 19043/2/6 19044/2/6 19047/2/6
f 19047/2/6 19044/2/6 19048/2/6
f 19045/2/6 19046/2/6 19049/2/6
f 19049/2/6 19046/2/6 19050/2/6
f 19051/2/6 19052/2/6 19055/2/6
f 19055/2/6 19052/2/6 19056/2/6
f 19053/2/6 19054/2/6 19057/2/6
f 19057/2/6 19054/2/6 19058/2/6
f 19059/2/6 19060/2/6 19061/2/6
f 19061/2/6 19060/2/6 19062/2/6
f 19063/2/6 19064/2/6 19066/2/6
f 19064/2/6 19065/2/6 19066/2/6
f 19066/2/6 19065/2/6 19067/2/6
f 19063/2/6 19066/2/6 19071/2/6
f 19071/2/6 19066/2/6 19072/2/6
f 19068/2/6 19069/2/6 19073/2/6
f 19073/2/6 19069/2/6 19074/2/6
f 19070/2/6 19071/2/6 19076/2/6
f 19076/2/6 19071/2/6 19077/2/6
f 19075/2/6 19076/2/6 19078/2/6
f 19078/2/6 19076/2/6 19079/2/6
f 19080/2/6 19081/2/6 19082/2/6
f 19082/2/6 19081/2/6 19083/2/6
f 19083/2/6 19084/2/6 19085/2/6
f 19085/2/6 19084/2/6 19086/2/6
f 19087/3/6 19088/3/6 19089/3/6
f 19089/3/6 19088/3/6 19090/3/6
f 19091/2/6 19092/2/6 19093/2/6
f 19093/2/6 19092/2/6 19094/2/6
f 19095/2/6 19096/2/6 19097/2/6
f 19097/2/6 19096/2/6 19098/2/6
f 19099/2/6 19100/2/6 19103/2/6
f 19103/2/6 19100/2/6 19104/2/6
f 19101/2/6 19102/2/6 19105/2/6
f 19105/2/6 19102/2/6 19106/2/6
f 19107/2/6 19108/2/6 19111/2/6
f 19111/2/6 19108/2/6 19112/2/6
f 19109/2/6 19110/2/6 19113/2/6
f 19113/2/6 19110/2/6 19114/2/6
f 19115/2/6 19116/2/6 19119/2/6
f 19119/2/6 19116/2/6 19120/2/6
f 19117/2/6 19118/2/6 19121/2/6
f 19121/2/6 19118/2/6 19122/2/6
f 19123/2/6 19124/2/6 19127/2/6
f 19127/2/6 19124/2/6 19128/2/6
f 19125/2/6 19126/2/6 19129/2/6
f 19129/2/6 19126/2/6 19130/2/6
f 19131/2/6 19132/2/6 19135/2/6
f 19135/2/6 19132/2/6 19136/2/6
f 19133/2/6 19134/2/6 19137/2/6
f 19137/2/6 19134/2/6 19138/2/6
f 19139/2/6 19140/2/6 19143/2/6
f 19143/2/6 19140/2/6 19144/2/6
f 19141/2/6 19142/2/6 19145/2/6
f 19145/2/6 19142/2/6 19146/2/6
f 19147/3/6 19148/3/6 19149/3/6
f 19149/3/6 19148/3/6 19150/3/6
f 19151/2/6 19152/2/6 19153/2/6
f 19153/2/6 19152/2/6 19154/2/6
f 19155/2/6 19156/2/6 19157/2/6
f 19157/2/6 19156/2/6 19158/2/6
f 19159/2/6 19160/2/6 19163/2/6
f 19163/2/6 19160/2/6 19164/2/6
f 19161/2/6 19162/2/6 19166/2/6
f 19166/2/6 19162/2/6 19167/2/6
f 19165/2/6 19166/2/6 19168/2/6
f 19168/2/6 19166/2/6 19169/2/6
f 19170/2/6 19171/2/6 19172/2/6
f 19172/2/6 19171/2/6 19173/2/6
f 19174/1/6 19175/1/6 19178/1/6
f 19178/1/6 19175/1/6 19179/1/6
f 19176/1/6 19177/1/6 19180/1/6
f 19180/1/6 19177/1/6 19181/1/6
f 19178/2/6 19179/2/6 19182/2/6
f 19179/2/6 19180/2/6 19182/2/6
f 19182/2/6 19180/2/6 19183/2/6
f 19183/2/6 19180/2/6 19184/2/6
f 19184/2/6 19180/2/6 19185/2/6
f 19186/2/6 19187/2/6 19188/2/6
f 19188/2/6 19187/2/6 19189/2/6
f 19190/2/6 19191/2/6 19192/2/6
f 19192/2/6 19191/2/6 19193/2/6
f 19194/3/6 19195/3/6 19198/3/6
f 19198/3/6 19195/3/6 19199/3/6
f 19196/3/6 19197/3/6 19200/3/6
f 19200/3/6 19197/3/6 19201/3/6
f 19202/3/6 19203/3/6 19206/3/6
f 19206/3/6 19203/3/6 19207/3/6
f 19204/3/6 19205/3/6 19208/3/6
f 19208/3/6 19205/3/6 19209/3/6
f 19210/2/6 19211/2/6 19214/2/6
f 19214/2/6 19211/2/6 19215/2/6
f 19212/2/6 19213/2/6 19216/2/6
f 19216/2/6 19213/2/6 19217/2/6
f 19218/3/6 19219/3/6 19222/3/6
f 19222/3/6 19219/3/6 19223/3/6
f 19220/3/6 19221/3/6 19224/3/6
f 19224/3/6 19221/3/6 19225/3/6
f 19226/3/6 19227/3/6 19228/3/6
f 19228/3/6 19227/3/6 19229/3/6
f 19232/2/6 19233/2/6 19235/2/6
f 19235/2/6 19233/2/6 19236/2/6
f 19230/2/6 19231/2/6 19237/2/6
f 19237/2/6 19231/2/6 19238/2/6
f 19234/2/6 19235/2/6 19240/2/6
f 19240/2/6 19235/2/6 19241/2/6
f 19239/2/6 19240/2/6 19242/2/6
f 19242/2/6 19240/2/6 19243/2/6
f 19244/2/6 19245/2/6 19246/2/6
f 19246/2/6 19245/2/6 19247/2/6
f 19248/1/6 19249/1/6 19250/1/6
f 19250/1/6 19249/1/6 19251/1/6
f 19252/2/6 19253/2/6 19255/2/6
f 19255/2/6 19253/2/6 19256/2/6
f 19254/2/6 19255/2/6 19257/2/6
f 19257/2/6 19255/2/6 19258/2/6
f 19259/2/6 19260/2/6 19263/2/6
f 19263/2/6 19260/2/6 19264/2/6
f 19261/2/6 19262/2/6 19265/2/6
f 19265/2/6 19262/2/6 19266/2/6
f 19267/2/6 19268/2/6 19271/2/6
f 19271/2/6 19268/2/6 19272/2/6
f 19269/2/6 19270/2/6 19273/2/6
f 19273/2/6 19270/2/6 19274/2/6
f 19275/3/6 19276/3/6 19279/3/6
f 19279/3/6 19276/3/6 19280/3/6
f 19277/3/6 19278/3/6 19281/3/6
f 19281/3/6 19278/3/6 19282/3/6
f 19283/2/6 19284/2/6 19287/2/6
f 19287/2/6 19284/2/6 19288/2/6
f 19285/2/6 19286/2/6 19289/2/6
f 19289/2/6 19286/2/6 19290/2/6
f 19291/2/6 19292/2/6 19295/2/6
f 19295/2/6 19292/2/6 19296/2/6
f 19293/2/6 19294/2/6 19297/2/6
f 19297/2/6 19294/2/6 19298/2/6
f 19299/2/6 19300/2/6 19303/2/6
f 19303/2/6 19300/2/6 19304/2/6
f 19301/2/6 19302/2/6 19305/2/6
f 19305/2/6 19302/2/6 19306/2/6
f 19307/2/6 19308/2/6 19311/2/6
f 19311/2/6 19308/2/6 19312/2/6
f 19309/2/6 19310/2/6 19313/2/6
f 19313/2/6 19310/2/6 19314/2/6
f 19315/2/6 19316/2/6 19317/2/6
f 19317/2/6 19316/2/6 19318/2/6
f 19319/2/6 19320/2/6 19321/2/6
f 19321/2/6 19320/2/6 19322/2/6
f 19323/2/6 19324/2/6 19326/2/6
f 19326/2/6 19324/2/6 19327/2/6
f 19325/2/6 19326/2/6 19329/2/6
f 19329/2/6 19326/2/6 19330/2/6
f 19328/2/6 19329/2/6 19331/2/6
f 19331/2/6 19329/2/6 19332/2/6
f 19333/2/6 19334/2/6 19335/2/6
f 19335/2/6 19334/2/6 19336/2/6
f 19337/2/6 19338/2/6 19339/2/6
f 19339/2/6 19338/2/6 19340/2/6
f 19341/2/6 19342/2/6 19343/2/6
f 19343/2/6 19342/2/6 19344/2/6
f 19345/2/6 19346/2/6 19349/2/6
f 19349/2/6 19346/2/6 19350/2/6
f 19347/2/6 19348/2/6 19351/2/6
f 19351/2/6 19348/2/6 19352/2/6
f 19353/2/6 19354/2/6 19357/2/6
f 19357/2/6 19354/2/6 19358/2/6
f 19355/2/6 19356/2/6 19359/2/6
f 19359/2/6 19356/2/6 19360/2/6
f 19361/3/6 19362/3/6 19365/3/6
f 19365/3/6 19362/3/6 19366/3/6
f 19363/3/6 19364/3/6 19367/3/6
f 19367/3/6 19364/3/6 19368/3/6
f 19369/3/6 19370/3/6 19373/3/6
f 19373/3/6 19370/3/6 19374/3/6
f 19371/3/6 19372/3/6 19375/3/6
f 19375/3/6 19372/3/6 19376/3/6
f 19377/2/6 19378/2/6 19381/2/6
f 19381/2/6 19378/2/6 19382/2/6
f 19379/2/6 19380/2/6 19383/2/6
f 19383/2/6 19380/2/6 19384/2/6
f 19385/2/6 19386/2/6 19389/2/6
f 19389/2/6 19386/2/6 19390/2/6
f 19387/2/6 19388/2/6 19391/2/6
f 19391/2/6 19388/2/6 19392/2/6
f 19393/2/6 19394/2/6 19397/2/6
f 19397/2/6 19394/2/6 19398/2/6
f 19395/2/6 19396/2/6 19399/2/6
f 19399/2/6 19396/2/6 19400/2/6
f 19401/2/6 19402/2/6 19405/2/6
f 19405/2/6 19402/2/6 19406/2/6
f 19403/2/6 19404/2/6 19407/2/6
f 19407/2/6 19404/2/6 19408/2/6
f 19411/3/6 19412/3/6 19413/3/6
f 19413/3/6 19412/3/6 19414/3/6
f 19409/3/6 19410/3/6 19415/3/6
f 19415/3/6 19410/3/6 19416/3/6
f 19417/2/6 19418/2/6 19419/2/6
f 19419/2/6 19418/2/6 19420/2/6
f 19421/2/6 19422/2/6 19423/2/6
f 19423/2/6 19422/2/6 19424/2/6
f 19425/2/6 19426/2/6 19427/2/6
f 19427/2/6 19426/2/6 19428/2/6
f 19429/2/6 19430/2/6 19431/2/6
f 19431/2/6 19430/2/6 19432/2/6
f 19432/2/6 19433/2/6 19434/2/6
f 19434/2/6 19433/2/6 19435/2/6
f 19436/2/6 19437/2/6 19438/2/6
f 19438/2/6 19437/2/6 19439/2/6
f 19440/2/6 19441/2/6 19444/2/6
f 19444/2/6 19441/2/6 19445/2/6
f 19442/2/6 19443/2/6 19446/2/6
f 19446/2/6 19443/2/6 19447/2/6
f 19448/2/6 19449/2/6 19452/2/6
f 19452/2/6 19449/2/6 19453/2/6
f 19450/2/6 19451/2/6 19454/2/6
f 19454/2/6 19451/2/6 19455/2/6
f 19456/3/6 19457/3/6 19460/3/6
f 19460/3/6 19457/3/6 19461/3/6
f 19458/3/6 19459/3/6 19462/3/6
f 19462/3/6 19459/3/6 19463/3/6
f 19464/2/6 19465/2/6 19468/2/6
f 19468/2/6 19465/2/6 19469/2/6
f 19466/2/6 19467/2/6 19470/2/6
f 19470/2/6 19467/2/6 19471/2/6
f 19472/2/6 19473/2/6 19476/2/6
f 19476/2/6 19473/2/6 19477/2/6
f 19474/2/6 19475/2/6 19478/2/6
f 19478/2/6 19475/2/6 19479/2/6
f 19480/2/6 19481/2/6 19484/2/6
f 19484/2/6 19481/2/6 19485/2/6
f 19482/2/6 19483/2/6 19486/2/6
f 19486/2/6 19483/2/6 19487/2/6
f 19488/2/6 19489/2/6 19492/2/6
f 19492/2/6 19489/2/6 19493/2/6
f 19490/2/6 19491/2/6 19494/2/6
f 19494/2/6 19491/2/6 19495/2/6
f 19496/2/6 19497/2/6 19500/2/6
f 19500/2/6 19497/2/6 19501/2/6
f 19498/2/6 19499/2/6 19502/2/6
f 19502/2/6 19499/2/6 19503/2/6
f 19504/3/6 19505/3/6 19506/3/6
f 19506/3/6 19505/3/6 19507/3/6
f 19508/2/6 19509/2/6 19510/2/6
f 19510/2/6 19509/2/6 19511/2/6
f 19512/2/6 19513/2/6 19514/2/6
f 19514/2/6 19513/2/6 19515/2/6
f 19516/2/6 19517/2/6 19520/2/6
f 19518/2/6 19519/2/6 19521/2/6
f 19521/2/6 19519/2/6 19522/2/6
f 19516/2/6 19520/2/6 19523/2/6
f 19520/2/6 19521/2/6 19523/2/6
f 19523/2/6 19521/2/6 19524/2/6
f 19516/2/6 19523/2/6 19525/2/6
f 19525/2/6 19523/2/6 19526/2/6
f 19527/2/6 19528/2/6 19529/2/6
f 19527/2/6 19529/2/6 19530/2/6
f 19530/2/6 19529/2/6 19531/2/6
f 19532/2/6 19533/2/6 19536/2/6
f 19536/2/6 19533/2/6 19537/2/6
f 19534/2/6 19535/2/6 19538/2/6
f 19538/2/6 19535/2/6 19539/2/6
f 19540/2/6 19541/2/6 19544/2/6
f 19544/2/6 19541/2/6 19545/2/6
f 19542/2/6 19543/2/6 19546/2/6
f 19546/2/6 19543/2/6 19547/2/6
f 19548/3/6 19549/3/6 19552/3/6
f 19552/3/6 19549/3/6 19553/3/6
f 19550/3/6 19551/3/6 19554/3/6
f 19554/3/6 19551/3/6 19555/3/6
f 19556/3/6 19557/3/6 19560/3/6
f 19560/3/6 19557/3/6 19561/3/6
f 19558/3/6 19559/3/6 19562/3/6
f 19562/3/6 19559/3/6 19563/3/6
f 19564/2/6 19565/2/6 19568/2/6
f 19568/2/6 19565/2/6 19569/2/6
f 19566/2/6 19567/2/6 19570/2/6
f 19570/2/6 19567/2/6 19571/2/6
f 19572/2/6 19573/2/6 19576/2/6
f 19576/2/6 19573/2/6 19577/2/6
f 19574/2/6 19575/2/6 19578/2/6
f 19578/2/6 19575/2/6 19579/2/6
f 19580/2/6 19581/2/6 19584/2/6
f 19584/2/6 19581/2/6 19585/2/6
f 19582/2/6 19583/2/6 19586/2/6
f 19586/2/6 19583/2/6 19587/2/6
f 19588/2/6 19589/2/6 19592/2/6
f 19592/2/6 19589/2/6 19593/2/6
f 19590/2/6 19591/2/6 19594/2/6
f 19594/2/6 19591/2/6 19595/2/6
f 19596/3/6 19597/3/6 19600/3/6
f 19600/3/6 19597/3/6 19601/3/6
f 19598/3/6 19599/3/6 19602/3/6
f 19602/3/6 19599/3/6 19603/3/6
f 19604/3/6 19605/3/6 19606/3/6
f 19606/3/6 19605/3/6 19607/3/6
f 19608/2/6 19609/2/6 19610/2/6
f 19610/2/6 19609/2/6 19611/2/6
f 19612/2/6 19613/2/6 19616/2/6
f 19614/2/6 19615/2/6 19617/2/6
f 19617/2/6 19615/2/6 19618/2/6
f 19612/2/6 19616/2/6 19619/2/6
f 19619/2/6 19616/2/6 19620/2/6
f 19621/2/6 19622/2/6 19623/2/6
f 19623/2/6 19622/2/6 19624/2/6
f 19625/2/6 19626/2/6 19629/2/6
f 19629/2/6 19626/2/6 19630/2/6
f 19627/2/6 19628/2/6 19631/2/6
f 19631/2/6 19628/2/6 19632/2/6
f 19633/2/6 19634/2/6 19637/2/6
f 19637/2/6 19634/2/6 19638/2/6
f 19635/2/6 19636/2/6 19641/2/6
f 19641/2/6 19636/2/6 19642/2/6
f 19638/3/6 19639/3/6 19644/3/6
f 19644/3/6 19639/3/6 19645/3/6
f 19640/3/6 19641/3/6 19646/3/6
f 19646/3/6 19641/3/6 19647/3/6
f 19643/2/6 19644/2/6 19649/2/6
f 19649/2/6 19644/2/6 19650/2/6
f 19647/2/6 19648/2/6 19651/2/6
f 19651/2/6 19648/2/6 19652/2/6
f 19653/2/6 19654/2/6 19657/2/6
f 19657/2/6 19654/2/6 19658/2/6
f 19655/2/6 19656/2/6 19659/2/6
f 19659/2/6 19656/2/6 19660/2/6
f 19661/2/6 19662/2/6 19665/2/6
f 19665/2/6 19662/2/6 19666/2/6
f 19663/2/6 19664/2/6 19667/2/6
f 19667/2/6 19664/2/6 19668/2/6
f 19669/2/6 19670/2/6 19673/2/6
f 19673/2/6 19670/2/6 19674/2/6
f 19671/2/6 19672/2/6 19675/2/6
f 19675/2/6 19672/2/6 19676/2/6
f 19677/2/6 19678/2/6 19681/2/6
f 19681/2/6 19678/2/6 19682/2/6
f 19679/2/6 19680/2/6 19685/2/6
f 19685/2/6 19680/2/6 19686/2/6
f 19684/3/6 19685/3/6 19687/3/6
f 19687/3/6 19685/3/6 19688/3/6
f 19682/3/6 19683/3/6 19690/3/6
f 19690/3/6 19683/3/6 19691/3/6
f 19689/2/6 19690/2/6 19692/2/6
f 19692/2/6 19690/2/6 19693/2/6
f 19694/2/6 19695/2/6 19696/2/6
f 19696/2/6 19695/2/6 19697/2/6
f 19698/2/6 19699/2/6 19700/2/6
f 19698/2/6 19700/2/6 19703/2/6
f 19703/2/6 19700/2/6 19704/2/6
f 19701/2/6 19702/2/6 19705/2/6
f 19705/2/6 19702/2/6 19706/2/6
f 19707/2/6 19708/2/6 19711/2/6
f 19711/2/6 19708/2/6 19712/2/6
f 19709/2/6 19710/2/6 19715/2/6
f 19715/2/6 19710/2/6 19716/2/6
f 19712/2/6 19713/2/6 19717/2/6
f 19717/2/6 19713/2/6 19718/2/6
f 19714/2/6 19715/2/6 19719/2/6
f 19719/2/6 19715/2/6 19720/2/6
f 19721/3/6 19722/3/6 19725/3/6
f 19725/3/6 19722/3/6 19726/3/6
f 19723/3/6 19724/3/6 19727/3/6
f 19727/3/6 19724/3/6 19728/3/6
f 19729/2/6 19730/2/6 19734/2/6
f 19734/2/6 19730/2/6 19735/2/6
f 19731/2/6 19732/2/6 19736/2/6
f 19736/2/6 19732/2/6 19737/2/6
f 19733/2/6 19734/2/6 19739/2/6
f 19739/2/6 19734/2/6 19740/2/6
f 19737/2/6 19738/2/6 19741/2/6
f 19741/2/6 19738/2/6 19742/2/6
f 19743/2/6 19744/2/6 19747/2/6
f 19747/2/6 19744/2/6 19748/2/6
f 19745/2/6 19746/2/6 19749/2/6
f 19749/2/6 19746/2/6 19750/2/6
f 19751/2/6 19752/2/6 19757/2/6
f 19757/2/6 19752/2/6 19758/2/6
f 19755/2/6 19756/2/6 19760/2/6
f 19760/2/6 19756/2/6 19761/2/6
f 19753/2/6 19754/2/6 19762/2/6
f 19762/2/6 19754/2/6 19763/2/6
f 19758/2/6 19759/2/6 19764/2/6
f 19764/2/6 19759/2/6 19765/2/6
f 19761/2/6 19762/2/6 19766/2/6
f 19766/2/6 19762/2/6 19767/2/6
f 19768/3/6 19769/3/6 19770/3/6
f 19770/3/6 19769/3/6 19771/3/6
f 19772/2/6 19773/2/6 19775/2/6
f 19775/2/6 19773/2/6 19776/2/6
f 19774/2/6 19775/2/6 19777/2/6
f 19777/2/6 19775/2/6 19778/2/6
f 19779/2/6 19780/2/6 19781/2/6
f 19779/2/6 19781/2/6 19782/2/6
f 19782/2/6 19781/2/6 19783/2/6
f 19784/2/6 19785/2/6 19786/2/6
f 19784/2/6 19786/2/6 19789/2/6
f 19789/2/6 19786/2/6 19790/2/6
f 19787/2/6 19788/2/6 19793/2/6
f 19793/2/6 19788/2/6 19794/2/6
f 19790/2/6 19791/2/6 19795/2/6
f 19795/2/6 19791/2/6 19796/2/6
f 19792/2/6 19793/2/6 19799/2/6
f 19799/2/6 19793/2/6 19800/2/6
f 19796/2/6 19797/2/6 19801/2/6
f 19801/2/6 19797/2/6 19802/2/6
f 19798/2/6 19799/2/6 19805/2/6
f 19805/2/6 19799/2/6 19806/2/6
f 19802/3/6 19803/3/6 19807/3/6
f 19801/3/6 19802/3/6 19807/3/6
f 19807/3/6 19803/3/6 19808/3/6
f 19805/3/6 19806/3/6 19809/3/6
f 19804/3/6 19805/3/6 19809/3/6
f 19809/3/6 19806/3/6 19810/3/6
f 19808/3/6 19803/3/6 19812/3/6
f 19804/3/6 19809/3/6 19813/3/6
f 19811/3/6 19812/3/6 19815/3/6
f 19812/3/6 19803/3/6 19816/3/6
f 19815/3/6 19812/3/6 19816/3/6
f 19816/3/6 19803/3/6 19817/3/6
f 19813/3/6 19814/3/6 19818/3/6
f 19804/3/6 19813/3/6 19818/3/6
f 19818/3/6 19814/3/6 19819/3/6
f 19819/3/6 19814/3/6 19820/3/6
f 19815/2/6 19816/2/6 19822/2/6
f 19822/2/6 19816/2/6 19823/2/6
f 19819/2/6 19820/2/6 19824/2/6
f 19824/2/6 19820/2/6 19825/2/6
f 19821/2/6 19822/2/6 19828/2/6
f 19828/2/6 19822/2/6 19829/2/6
f 19825/2/6 19826/2/6 19830/2/6
f 19830/2/6 19826/2/6 19831/2/6
f 19827/2/6 19828/2/6 19835/2/6
f 19835/2/6 19828/2/6 19836/2/6
f 19833/2/6 19834/2/6 19838/2/6
f 19838/2/6 19834/2/6 19839/2/6
f 19831/2/6 19832/2/6 19843/2/6
f 19843/2/6 19832/2/6 19844/2/6
f 19840/2/6 19841/2/6 19845/2/6
f 19845/2/6 19841/2/6 19846/2/6
f 19842/2/6 19843/2/6 19848/2/6
f 19836/2/6 19837/2/6 19849/2/6
f 19849/2/6 19837/2/6 19850/2/6
f 19847/2/6 19848/2/6 19852/2/6
f 19848/2/6 19843/2/6 19853/2/6
f 19852/2/6 19848/2/6 19853/2/6
f 19850/2/6 19851/2/6 19854/2/6
f 19854/2/6 19851/2/6 19855/2/6
f 19854/3/6 19855/3/6 19857/3/6
f 19855/3/6 19856/3/6 19857/3/6
f 19857/3/6 19856/3/6 19858/3/6
f 19858/3/6 19856/3/6 19860/3/6
f 19859/3/6 19860/3/6 19861/3/6
f 19860/3/6 19856/3/6 19862/3/6
f 19861/3/6 19860/3/6 19862/3/6
f 19862/3/6 19856/3/6 19863/3/6
f 19861/2/6 19862/2/6 19865/2/6
f 19865/2/6 19862/2/6 19866/2/6
f 19864/2/6 19865/2/6 19868/2/6
f 19868/2/6 19865/2/6 19869/2/6
f 19867/2/6 19868/2/6 19870/2/6
f 19870/2/6 19868/2/6 19871/2/6
f 19872/2/6 19873/2/6 19876/2/6
f 19876/2/6 19873/2/6 19877/2/6
f 19874/2/6 19875/2/6 19880/2/6
f 19880/2/6 19875/2/6 19881/2/6
f 19877/2/6 19878/2/6 19882/2/6
f 19882/2/6 19878/2/6 19883/2/6
f 19879/2/6 19880/2/6 19886/2/6
f 19886/2/6 19880/2/6 19887/2/6
f 19883/2/6 19884/2/6 19888/2/6
f 19888/2/6 19884/2/6 19889/2/6
f 19885/2/6 19886/2/6 19892/2/6
f 19892/2/6 19886/2/6 19893/2/6
f 19889/3/6 19890/3/6 19894/3/6
f 19891/3/6 19892/3/6 19897/3/6
f 19894/3/6 19895/3/6 19898/3/6
f 19889/3/6 19894/3/6 19898/3/6
f 19898/3/6 19895/3/6 19899/3/6
f 19896/3/6 19897/3/6 19900/3/6
f 19897/3/6 19892/3/6 19901/3/6
f 19900/3/6 19897/3/6 19901/3/6
f 19889/3/6 19898/3/6 19903/3/6
f 19903/3/6 19898/3/6 19904/3/6
f 19901/3/6 19892/3/6 19905/3/6
f 19905/3/6 19892/3/6 19906/3/6
f 19902/2/6 19903/2/6 19909/2/6
f 19909/2/6 19903/2/6 19910/2/6
f 19906/2/6 19907/2/6 19911/2/6
f 19911/2/6 19907/2/6 19912/2/6
f 19908/2/6 19909/2/6 19915/2/6
f 19915/2/6 19909/2/6 19916/2/6
f 19912/2/6 19913/2/6 19917/2/6
f 19917/2/6 19913/2/6 19918/2/6
f 19914/2/6 19915/2/6 19922/2/6
f 19922/2/6 19915/2/6 19923/2/6
f 19920/2/6 19921/2/6 19925/2/6
f 19925/2/6 19921/2/6 19926/2/6
f 19918/2/6 19919/2/6 19928/2/6
f 19928/2/6 19919/2/6 19929/2/6
f 19927/2/6 19928/2/6 19930/2/6
f 19930/2/6 19928/2/6 19931/2/6
f 19923/2/6 19924/2/6 19932/2/6
f 19932/2/6 19924/2/6 19933/2/6
f 19933/2/6 19934/2/6 19935/2/6
f 19935/2/6 19934/2/6 19936/2/6
f 19936/3/6 19937/3/6 19938/3/6
f 19936/3/6 19938/3/6 19940/3/6
f 19938/3/6 19939/3/6 19940/3/6
f 19940/3/6 19939/3/6 19941/3/6
f 19936/3/6 19940/3/6 19943/3/6
f 19943/3/6 19940/3/6 19944/3/6
f 19942/2/6 19943/2/6 19946/2/6
f 19946/2/6 19943/2/6 19947/2/6
f 19945/2/6 19946/2/6 19949/2/6
f 19949/2/6 19946/2/6 19950/2/6
f 19948/2/6 19949/2/6 19951/2/6
f 19948/2/6 19951/2/6 19952/2/6
f 19952/2/6 19951/2/6 19953/2/6
f 19954/2/6 19955/2/6 19958/2/6
f 19956/2/6 19957/2/6 19961/2/6
f 19958/2/6 19959/2/6 19962/2/6
f 19954/2/6 19958/2/6 19962/2/6
f 19962/2/6 19959/2/6 19963/2/6
f 19960/2/6 19961/2/6 19964/2/6
f 19961/2/6 19957/2/6 19964/2/6
f 19964/2/6 19957/2/6 19965/2/6
f 19963/2/6 19959/2/6 19966/2/6
f 19960/2/6 19964/2/6 19969/2/6
f 19966/2/6 19967/2/6 19970/2/6
f 19963/2/6 19966/2/6 19970/2/6
f 19970/2/6 19967/2/6 19971/2/6
f 19971/2/6 19967/2/6 19972/2/6
f 19968/2/6 19969/2/6 19975/2/6
f 19969/2/6 19964/2/6 19976/2/6
f 19975/2/6 19969/2/6 19976/2/6
f 19976/2/6 19964/2/6 19977/2/6
f 19972/2/6 19973/2/6 19978/2/6
f 19971/2/6 19972/2/6 19978/2/6
f 19978/2/6 19973/2/6 19979/2/6
f 19979/2/6 19973/2/6 19980/2/6
f 19974/2/6 19975/2/6 19983/2/6
f 19975/2/6 19976/2/6 19983/2/6
f 19983/2/6 19976/2/6 19984/2/6
f 19984/2/6 19976/2/6 19985/2/6
f 19980/3/6 19981/3/6 19986/3/6
f 19979/3/6 19980/3/6 19986/3/6
f 19986/3/6 19981/3/6 19987/3/6
f 19987/3/6 19981/3/6 19988/3/6
f 19983/3/6 19984/3/6 19991/3/6
f 19982/3/6 19983/3/6 19991/3/6
f 19991/3/6 19984/3/6 19992/3/6
f 19992/3/6 19984/3/6 19993/3/6
f 19988/3/6 19989/3/6 19995/3/6
f 19987/3/6 19988/3/6 19995/3/6
f 19995/3/6 19989/3/6 19996/3/6
f 19996/3/6 19989/3/6 19997/3/6
f 19991/3/6 19992/3/6 19998/3/6
f 19990/3/6 19991/3/6 19998/3/6
f 19998/3/6 19992/3/6 19999/3/6
f 19999/3/6 19992/3/6 20000/3/6
f 19995/3/6 19996/3/6 20003/3/6
f 19994/3/6 19995/3/6 20003/3/6
f 20003/3/6 19996/3/6 20004/3/6
f 20004/3/6 19996/3/6 20005/3/6
f 20000/3/6 20001/3/6 20006/3/6
f 19999/3/6 20000/3/6 20006/3/6
f 20006/3/6 20001/3/6 20007/3/6
f 20007/3/6 20001/3/6 20008/3/6
f 20003/2/6 20004/2/6 20011/2/6
f 20002/2/6 20003/2/6 20011/2/6
f 20011/2/6 20004/2/6 20012/2/6
f 20012/2/6 20004/2/6 20013/2/6
f 20008/2/6 20009/2/6 20014/2/6
f 20007/2/6 20008/2/6 20014/2/6
f 20014/2/6 20009/2/6 20015/2/6
f 20015/2/6 20009/2/6 20016/2/6
f 20011/2/6 20012/2/6 20018/2/6
f 20010/2/6 20011/2/6 20018/2/6
f 20018/2/6 20012/2/6 20019/2/6
f 20015/2/6 20016/2/6 20020/2/6
f 20016/2/6 20017/2/6 20020/2/6
f 20020/2/6 20017/2/6 20021/2/6
f 20010/2/6 20018/2/6 20023/2/6
f 20021/2/6 20017/2/6 20024/2/6
f 20022/2/6 20023/2/6 20026/2/6
f 20023/2/6 20018/2/6 20026/2/6
f 20026/2/6 20018/2/6 20027/2/6
f 20021/2/6 20024/2/6 20028/2/6
f 20024/2/6 20025/2/6 20028/2/6
f 20028/2/6 20025/2/6 20029/2/6
f 20022/2/6 20026/2/6 20034/2/6
f 20030/2/6 20031/2/6 20038/2/6
f 20038/2/6 20031/2/6 20039/2/6
f 20032/2/6 20033/2/6 20040/2/6
f 20040/2/6 20033/2/6 20041/2/6
f 20029/2/6 20025/2/6 20043/2/6
f 20022/2/6 20034/2/6 20044/2/6
f 20034/2/6 20035/2/6 20044/2/6
f 20044/2/6 20035/2/6 20045/2/6
f 20036/2/6 20037/2/6 20046/2/6
f 20046/2/6 20037/2/6 20047/2/6
f 20042/2/6 20043/2/6 20048/2/6
f 20043/2/6 20025/2/6 20049/2/6
f 20048/2/6 20043/2/6 20049/2/6
f 20045/2/6 20035/2/6 20050/2/6
f 20045/2/6 20050/2/6 20054/2/6
f 20050/2/6 20051/2/6 20054/2/6
f 20054/2/6 20051/2/6 20055/2/6
f 20055/2/6 20051/2/6 20056/2/6
f 20052/2/6 20053/2/6 20059/2/6
f 20059/2/6 20053/2/6 20060/2/6
f 20056/2/6 20057/2/6 20061/2/6
f 20055/2/6 20056/2/6 20061/2/6
f 20061/2/6 20057/2/6 20062/2/6
f 20062/2/6 20057/2/6 20063/2/6
f 20058/2/6 20059/2/6 20064/2/6
f 20064/2/6 20059/2/6 20065/2/6
f 20062/3/6 20063/3/6 20066/3/6
f 20063/3/6 20064/3/6 20066/3/6
f 20066/3/6 20064/3/6 20067/3/6
f 20068/3/6 20069/3/6 20071/3/6
f 20071/3/6 20069/3/6 20072/3/6
f 20070/2/6 20071/2/6 20074/2/6
f 20073/2/6 20074/2/6 20076/2/6
f 20075/2/6 20076/2/6 20077/2/6
f 20074/2/6 20071/2/6 20078/2/6
f 20077/2/6 20076/2/6 20078/2/6
f 20076/2/6 20074/2/6 20078/2/6
f 20079/2/6 20080/2/6 20083/2/6
f 20081/2/6 20082/2/6 20086/2/6
f 20083/2/6 20084/2/6 20087/2/6
f 20079/2/6 20083/2/6 20087/2/6
f 20087/2/6 20084/2/6 20088/2/6
f 20085/2/6 20086/2/6 20089/2/6
f 20086/2/6 20082/2/6 20089/2/6
f 20089/2/6 20082/2/6 20090/2/6
f 20088/2/6 20084/2/6 20091/2/6
f 20085/2/6 20089/2/6 20094/2/6
f 20091/2/6 20092/2/6 20095/2/6
f 20088/2/6 20091/2/6 20095/2/6
f 20095/2/6 20092/2/6 20096/2/6
f 20096/2/6 20092/2/6 20097/2/6
f 20093/2/6 20094/2/6 20100/2/6
f 20094/2/6 20089/2/6 20101/2/6
f 20100/2/6 20094/2/6 20101/2/6
f 20101/2/6 20089/2/6 20102/2/6
f 20097/2/6 20098/2/6 20103/2/6
f 20096/2/6 20097/2/6 20103/2/6
f 20103/2/6 20098/2/6 20104/2/6
f 20104/2/6 20098/2/6 20105/2/6
f 20099/2/6 20100/2/6 20108/2/6
f 20100/2/6 20101/2/6 20108/2/6
f 20108/2/6 20101/2/6 20109/2/6
f 20109/2/6 20101/2/6 20110/2/6
f 20105/2/6 20106/2/6 20111/2/6
f 20104/2/6 20105/2/6 20111/2/6
f 20111/2/6 20106/2/6 20112/2/6
f 20112/2/6 20106/2/6 20113/2/6
f 20108/2/6 20109/2/6 20116/2/6
f 20107/2/6 20108/2/6 20116/2/6
f 20116/2/6 20109/2/6 20117/2/6
f 20117/2/6 20109/2/6 20118/2/6
f 20113/3/6 20114/3/6 20119/3/6
f 20112/3/6 20113/3/6 20119/3/6
f 20119/3/6 20114/3/6 20120/3/6
f 20120/3/6 20114/3/6 20121/3/6
f 20116/3/6 20117/3/6 20124/3/6
f 20115/3/6 20116/3/6 20124/3/6
f 20124/3/6 20117/3/6 20125/3/6
f 20125/3/6 20117/3/6 20126/3/6
f 20121/3/6 20122/3/6 20128/3/6
f 20120/3/6 20121/3/6 20128/3/6
f 20128/3/6 20122/3/6 20129/3/6
f 20129/3/6 20122/3/6 20130/3/6
f 20124/3/6 20125/3/6 20131/3/6
f 20123/3/6 20124/3/6 20131/3/6
f 20131/3/6 20125/3/6 20132/3/6
f 20132/3/6 20125/3/6 20133/3/6
f 20128/3/6 20129/3/6 20136/3/6
f 20127/3/6 20128/3/6 20136/3/6
f 20136/3/6 20129/3/6 20137/3/6
f 20137/3/6 20129/3/6 20138/3/6
f 20133/3/6 20134/3/6 20139/3/6
f 20132/3/6 20133/3/6 20139/3/6
f 20139/3/6 20134/3/6 20140/3/6
f 20140/3/6 20134/3/6 20141/3/6
f 20136/2/6 20137/2/6 20144/2/6
f 20135/2/6 20136/2/6 20144/2/6
f 20144/2/6 20137/2/6 20145/2/6
f 20145/2/6 20137/2/6 20146/2/6
f 20141/2/6 20142/2/6 20147/2/6
f 20140/2/6 20141/2/6 20147/2/6
f 20147/2/6 20142/2/6 20148/2/6
f 20148/2/6 20142/2/6 20149/2/6
f 20144/2/6 20145/2/6 20152/2/6
f 20143/2/6 20144/2/6 20152/2/6
f 20152/2/6 20145/2/6 20153/2/6
f 20153/2/6 20145/2/6 20154/2/6
f 20148/2/6 20149/2/6 20155/2/6
f 20149/2/6 20150/2/6 20155/2/6
f 20155/2/6 20150/2/6 20156/2/6
f 20156/2/6 20150/2/6 20157/2/6
f 20152/2/6 20153/2/6 20159/2/6
f 20151/2/6 20152/2/6 20159/2/6
f 20159/2/6 20153/2/6 20160/2/6
f 20156/2/6 20157/2/6 20161/2/6
f 20157/2/6 20158/2/6 20161/2/6
f 20161/2/6 20158/2/6 20162/2/6
f 20151/2/6 20159/2/6 20164/2/6
f 20162/2/6 20158/2/6 20165/2/6
f 20163/2/6 20164/2/6 20167/2/6
f 20164/2/6 20159/2/6 20167/2/6
f 20167/2/6 20159/2/6 20168/2/6
f 20162/2/6 20165/2/6 20169/2/6
f 20165/2/6 20166/2/6 20169/2/6
f 20169/2/6 20166/2/6 20170/2/6
f 20163/2/6 20167/2/6 20171/2/6
f 20170/2/6 20166/2/6 20174/2/6
f 20171/2/6 20172/2/6 20175/2/6
f 20163/2/6 20171/2/6 20175/2/6
f 20175/2/6 20172/2/6 20176/2/6
f 20173/2/6 20174/2/6 20177/2/6
f 20174/2/6 20166/2/6 20178/2/6
f 20177/2/6 20174/2/6 20178/2/6
f 20176/2/6 20172/2/6 20179/2/6
f 20176/2/6 20179/2/6 20183/2/6
f 20179/2/6 20180/2/6 20183/2/6
f 20183/2/6 20180/2/6 20184/2/6
f 20184/2/6 20180/2/6 20185/2/6
f 20181/2/6 20182/2/6 20187/2/6
f 20187/2/6 20182/2/6 20188/2/6
f 20185/2/6 20186/2/6 20189/2/6
f 20184/2/6 20185/2/6 20189/2/6
f 20189/2/6 20186/2/6 20190/2/6
f 20190/2/6 20186/2/6 20191/2/6
f 20190/2/6 20191/2/6 20192/2/6
f 20192/2/6 20191/2/6 20193/2/6
f 20194/2/6 20195/2/6 20196/2/6
f 20194/2/6 20196/2/6 20200/2/6
f 20196/2/6 20197/2/6 20200/2/6
f 20200/2/6 20197/2/6 20201/2/6
f 20198/2/6 20199/2/6 20202/2/6
f 20194/2/6 20200/2/6 20205/2/6
f 20202/2/6 20203/2/6 20206/2/6
f 20204/2/6 20205/2/6 20209/2/6
f 20206/2/6 20207/2/6 20210/2/6
f 20198/2/6 20202/2/6 20210/2/6
f 20202/2/6 20206/2/6 20210/2/6
f 20210/2/6 20207/2/6 20211/2/6
f 20208/2/6 20209/2/6 20212/2/6
f 20209/2/6 20205/2/6 20212/2/6
f 20205/2/6 20200/2/6 20212/2/6
f 20212/2/6 20200/2/6 20213/2/6
f 20211/2/6 20207/2/6 20214/2/6
f 20214/2/6 20207/2/6 20215/2/6
f 20215/2/6 20207/2/6 20216/2/6
f 20208/2/6 20212/2/6 20219/2/6
f 20219/2/6 20212/2/6 20220/2/6
f 20220/2/6 20212/2/6 20221/2/6
f 20216/2/6 20217/2/6 20222/2/6
f 20215/2/6 20216/2/6 20222/2/6
f 20222/2/6 20217/2/6 20223/2/6
f 20223/2/6 20217/2/6 20224/2/6
f 20219/2/6 20220/2/6 20227/2/6
f 20218/2/6 20219/2/6 20227/2/6
f 20227/2/6 20220/2/6 20228/2/6
f 20228/2/6 20220/2/6 20229/2/6
f 20224/2/6 20225/2/6 20230/2/6
f 20223/2/6 20224/2/6 20230/2/6
f 20230/2/6 20225/2/6 20231/2/6
f 20231/2/6 20225/2/6 20232/2/6
f 20227/2/6 20228/2/6 20233/2/6
f 20226/2/6 20227/2/6 20233/2/6
f 20233/2/6 20228/2/6 20234/2/6
f 20234/2/6 20228/2/6 20235/2/6
f 20231/3/6 20232/3/6 20236/3/6
f 20233/3/6 20234/3/6 20236/3/6
f 20232/3/6 20233/3/6 20236/3/6
f 20236/3/6 20234/3/6 20237/3/6
f 20237/3/6 20234/3/6 20238/3/6
f 20238/3/6 20234/3/6 20239/3/6
f 20237/3/6 20238/3/6 20241/3/6
f 20241/3/6 20238/3/6 20242/3/6
f 20240/3/6 20241/3/6 20245/3/6
f 20242/3/6 20243/3/6 20245/3/6
f 20241/3/6 20242/3/6 20245/3/6
f 20245/3/6 20243/3/6 20246/3/6
f 20246/3/6 20243/3/6 20247/3/6
f 20247/3/6 20243/3/6 20248/3/6
f 20244/2/6 20245/2/6 20251/2/6
f 20245/2/6 20246/2/6 20251/2/6
f 20251/2/6 20246/2/6 20252/2/6
f 20252/2/6 20246/2/6 20253/2/6
f 20247/2/6 20248/2/6 20254/2/6
f 20248/2/6 20249/2/6 20254/2/6
f 20254/2/6 20249/2/6 20255/2/6
f 20255/2/6 20249/2/6 20256/2/6
f 20251/2/6 20252/2/6 20259/2/6
f 20250/2/6 20251/2/6 20259/2/6
f 20259/2/6 20252/2/6 20260/2/6
f 20260/2/6 20252/2/6 20261/2/6
f 20255/2/6 20256/2/6 20262/2/6
f 20256/2/6 20257/2/6 20262/2/6
f 20262/2/6 20257/2/6 20263/2/6
f 20263/2/6 20257/2/6 20264/2/6
f 20259/2/6 20260/2/6 20267/2/6
f 20258/2/6 20259/2/6 20267/2/6
f 20263/2/6 20264/2/6 20268/2/6
f 20264/2/6 20265/2/6 20268/2/6
f 20266/2/6 20267/2/6 20270/2/6
f 20267/2/6 20260/2/6 20270/2/6
f 20270/2/6 20260/2/6 20271/2/6
f 20263/2/6 20268/2/6 20272/2/6
f 20268/2/6 20269/2/6 20272/2/6
f 20272/2/6 20269/2/6 20273/2/6
f 20266/2/6 20270/2/6 20274/2/6
f 20274/2/6 20270/2/6 20275/2/6
f 20273/2/6 20269/2/6 20276/2/6
f 20276/2/6 20269/2/6 20277/2/6
f 20266/2/6 20274/2/6 20279/2/6
f 20277/2/6 20269/2/6 20280/2/6
f 20278/2/6 20279/2/6 20282/2/6
f 20279/2/6 20274/2/6 20283/2/6
f 20282/2/6 20279/2/6 20283/2/6
f 20277/2/6 20280/2/6 20284/2/6
f 20280/2/6 20281/2/6 20284/2/6
f 20284/2/6 20281/2/6 20285/2/6
f 20283/2/6 20274/2/6 20286/2/6
f 20277/2/6 20284/2/6 20289/2/6
f 20288/2/6 20289/2/6 20292/2/6
f 20286/2/6 20287/2/6 20293/2/6
f 20290/2/6 20291/2/6 20295/2/6
f 20295/2/6 20291/2/6 20296/2/6
f 20292/2/6 20289/2/6 20297/2/6
f 20289/2/6 20284/2/6 20298/2/6
f 20297/2/6 20289/2/6 20298/2/6
f 20283/2/6 20286/2/6 20299/2/6
f 20293/2/6 20294/2/6 20299/2/6
f 20286/2/6 20293/2/6 20299/2/6
f 20299/2/6 20294/2/6 20300/2/6
f 20300/2/6 20294/2/6 20301/2/6
f 20301/2/6 20294/2/6 20302/2/6
f 20302/2/6 20294/2/6 20303/2/6
f 20302/2/6 20303/2/6 20304/2/6
f 20304/2/6 20303/2/6 20305/2/6
f 20306/2/6 20307/2/6 20308/2/6
f 20308/2/6 20307/2/6 20309/2/6
f 20309/2/6 20310/2/6 20311/2/6
f 20311/2/6 20310/2/6 20312/2/6
f 20312/2/6 20310/2/6 20313/2/6
f 20315/2/6 20316/2/6 20318/2/6
f 20317/2/6 20318/2/6 20319/2/6
f 20319/2/6 20318/2/6 20320/2/6
f 20318/2/6 20316/2/6 20321/2/6
f 20320/2/6 20318/2/6 20321/2/6
f 20313/2/6 20314/2/6 20324/2/6
f 20312/2/6 20313/2/6 20324/2/6
f 20324/2/6 20314/2/6 20325/2/6
f 20325/2/6 20314/2/6 20326/2/6
f 20321/2/6 20322/2/6 20327/2/6
f 20320/2/6 20321/2/6 20327/2/6
f 20324/2/6 20325/2/6 20330/2/6
f 20323/2/6 20324/2/6 20330/2/6
f 20327/2/6 20328/2/6 20331/2/6
f 20320/2/6 20327/2/6 20331/2/6
f 20331/2/6 20328/2/6 20332/2/6
f 20332/2/6 20328/2/6 20333/2/6
f 20329/2/6 20330/2/6 20336/2/6
f 20330/2/6 20325/2/6 20337/2/6
f 20336/2/6 20330/2/6 20337/2/6
f 20337/2/6 20325/2/6 20338/2/6
f 20333/2/6 20334/2/6 20339/2/6
f 20332/2/6 20333/2/6 20339/2/6
f 20335/2/6 20336/2/6 20340/2/6
f 20336/2/6 20337/2/6 20340/2/6
f 20332/2/6 20339/2/6 20341/2/6
f 20339/2/6 20340/2/6 20341/2/6
f 20341/2/6 20340/2/6 20342/2/6
f 20340/2/6 20337/2/6 20343/2/6
f 20342/2/6 20340/2/6 20343/2/6
f 20343/2/6 20337/2/6 20344/2/6
f 20342/2/6 20343/2/6 20345/2/6
f 20345/2/6 20343/2/6 20346/2/6
f 20346/2/6 20343/2/6 20347/2/6
f 20347/2/6 20343/2/6 20348/2/6
f 20346/2/6 20347/2/6 20349/2/6
f 20349/2/6 20347/2/6 20350/2/6
f 20351/2/6 20352/2/6 20354/2/6
f 20354/2/6 20352/2/6 20355/2/6
f 20354/2/6 20355/2/6 20358/2/6
f 20355/2/6 20356/2/6 20358/2/6
f 20353/2/6 20354/2/6 20358/2/6
f 20358/2/6 20356/2/6 20359/2/6
f 20358/2/6 20359/2/6 20361/2/6
f 20359/2/6 20360/2/6 20361/2/6
f 20357/2/6 20358/2/6 20361/2/6
f 20361/2/6 20360/2/6 20362/2/6
f 20357/2/6 20361/2/6 20364/2/6
f 20364/2/6 20361/2/6 20365/2/6
f 20365/2/6 20361/2/6 20366/2/6
f 20362/2/6 20360/2/6 20367/2/6
f 20367/2/6 20360/2/6 20368/2/6
f 20368/2/6 20360/2/6 20369/2/6
f 20363/2/6 20364/2/6 20371/2/6
f 20364/2/6 20365/2/6 20371/2/6
f 20371/2/6 20365/2/6 20372/2/6
f 20368/2/6 20369/2/6 20373/2/6
f 20369/2/6 20370/2/6 20373/2/6
f 20373/2/6 20370/2/6 20374/2/6
f 20363/2/6 20371/2/6 20376/2/6
f 20376/2/6 20371/2/6 20377/2/6
f 20377/2/6 20371/2/6 20378/2/6
f 20374/2/6 20370/2/6 20379/2/6
f 20379/2/6 20370/2/6 20380/2/6
f 20380/2/6 20370/2/6 20381/2/6
f 20375/2/6 20376/2/6 20383/2/6
f 20376/2/6 20377/2/6 20383/2/6
f 20383/2/6 20377/2/6 20384/2/6
f 20384/2/6 20377/2/6 20385/2/6
f 20380/2/6 20381/2/6 20388/2/6
f 20381/2/6 20382/2/6 20388/2/6
f 20388/2/6 20382/2/6 20389/2/6
f 20389/2/6 20382/2/6 20390/2/6
f 20385/2/6 20386/2/6 20391/2/6
f 20384/2/6 20385/2/6 20391/2/6
f 20388/2/6 20389/2/6 20393/2/6
f 20387/2/6 20388/2/6 20393/2/6
f 20393/2/6 20389/2/6 20394/2/6
f 20391/2/6 20392/2/6 20395/2/6
f 20384/2/6 20391/2/6 20395/2/6
f 20395/2/6 20392/2/6 20396/2/6
f 20396/2/6 20392/2/6 20397/2/6
f 20396/2/6 20397/2/6 20398/2/6
f 20398/2/6 20397/2/6 20399/2/6
f 20396/2/6 20398/2/6 20400/2/6
f 20400/2/6 20398/2/6 20401/2/6
f 20402/2/6 20403/2/6 20405/2/6
f 20405/2/6 20403/2/6 20406/2/6
f 20404/2/6 20405/2/6 20409/2/6
f 20406/2/6 20407/2/6 20409/2/6
f 20405/2/6 20406/2/6 20409/2/6
f 20409/2/6 20407/2/6 20410/2/6
f 20408/2/6 20409/2/6 20413/2/6
f 20410/2/6 20411/2/6 20413/2/6
f 20409/2/6 20410/2/6 20413/2/6
f 20412/2/6 20413/2/6 20414/2/6
f 20414/2/6 20413/2/6 20415/2/6
f 20413/2/6 20411/2/6 20416/2/6
f 20415/2/6 20413/2/6 20416/2/6
f 20416/2/6 20411/2/6 20417/2/6
f 20415/2/6 20416/2/6 20418/2/6
f 20418/2/6 20416/2/6 20419/2/6
f 20419/2/6 20416/2/6 20420/2/6
f 20420/2/6 20416/2/6 20421/2/6
f 20419/2/6 20420/2/6 20422/2/6
f 20422/2/6 20420/2/6 20423/2/6
f 20423/2/6 20420/2/6 20424/2/6
f 20424/2/6 20420/2/6 20425/2/6
f 20423/2/6 20424/2/6 20426/2/6
f 20426/2/6 20424/2/6 20427/2/6
f 20428/2/6 20429/2/6 20431/2/6
f 20431/2/6 20429/2/6 20432/2/6
f 20431/2/6 20432/2/6 20435/2/6
f 20432/2/6 20433/2/6 20435/2/6
f 20430/2/6 20431/2/6 20435/2/6
f 20435/2/6 20433/2/6 20436/2/6
f 20435/2/6 20436/2/6 20439/2/6
f 20436/2/6 20437/2/6 20439/2/6
f 20434/2/6 20435/2/6 20439/2/6
f 20439/2/6 20437/2/6 20440/2/6
f 20439/2/6 20440/2/6 20442/2/6
f 20440/2/6 20441/2/6 20442/2/6
f 20438/2/6 20439/2/6 20442/2/6
f 20442/2/6 20441/2/6 20443/2/6
f 20443/2/6 20441/2/6 20444/2/6
f 20444/2/6 20441/2/6 20445/2/6
f 20443/2/6 20444/2/6 20446/2/6
f 20446/2/6 20444/2/6 20447/2/6
f 20447/2/6 20444/2/6 20448/2/6
f 20448/2/6 20444/2/6 20449/2/6
f 20447/2/6 20448/2/6 20450/2/6
f 20450/2/6 20448/2/6 20451/2/6
