# MagicaVoxel @ Ephtracy

# group
o 

# material
mtllib cave_decorations-18.mtl
usemtl palette

# normals
vn -1 0 0
vn 1 0 0
vn 0 0 1
vn 0 0 -1
vn 0 -1 0
vn 0 1 0

# texcoords
vt 0.00195313 0.5
vt 0.00585938 0.5
vt 0.00976563 0.5
vt 0.0136719 0.5
vt 0.0175781 0.5
vt 0.0214844 0.5
vt 0.0253906 0.5
vt 0.0292969 0.5
vt 0.0332031 0.5
vt 0.0371094 0.5
vt 0.0410156 0.5
vt 0.0449219 0.5
vt 0.0488281 0.5
vt 0.0527344 0.5
vt 0.0566406 0.5
vt 0.0605469 0.5
vt 0.0644531 0.5
vt 0.0683594 0.5
vt 0.0722656 0.5
vt 0.0761719 0.5
vt 0.0800781 0.5
vt 0.0839844 0.5
vt 0.0878906 0.5
vt 0.0917969 0.5
vt 0.0957031 0.5
vt 0.0996094 0.5
vt 0.103516 0.5
vt 0.107422 0.5
vt 0.111328 0.5
vt 0.115234 0.5
vt 0.119141 0.5
vt 0.123047 0.5
vt 0.126953 0.5
vt 0.130859 0.5
vt 0.134766 0.5
vt 0.138672 0.5
vt 0.142578 0.5
vt 0.146484 0.5
vt 0.150391 0.5
vt 0.154297 0.5
vt 0.158203 0.5
vt 0.162109 0.5
vt 0.166016 0.5
vt 0.169922 0.5
vt 0.173828 0.5
vt 0.177734 0.5
vt 0.181641 0.5
vt 0.185547 0.5
vt 0.189453 0.5
vt 0.193359 0.5
vt 0.197266 0.5
vt 0.201172 0.5
vt 0.205078 0.5
vt 0.208984 0.5
vt 0.212891 0.5
vt 0.216797 0.5
vt 0.220703 0.5
vt 0.224609 0.5
vt 0.228516 0.5
vt 0.232422 0.5
vt 0.236328 0.5
vt 0.240234 0.5
vt 0.244141 0.5
vt 0.248047 0.5
vt 0.251953 0.5
vt 0.255859 0.5
vt 0.259766 0.5
vt 0.263672 0.5
vt 0.267578 0.5
vt 0.271484 0.5
vt 0.275391 0.5
vt 0.279297 0.5
vt 0.283203 0.5
vt 0.287109 0.5
vt 0.291016 0.5
vt 0.294922 0.5
vt 0.298828 0.5
vt 0.302734 0.5
vt 0.306641 0.5
vt 0.310547 0.5
vt 0.314453 0.5
vt 0.318359 0.5
vt 0.322266 0.5
vt 0.326172 0.5
vt 0.330078 0.5
vt 0.333984 0.5
vt 0.337891 0.5
vt 0.341797 0.5
vt 0.345703 0.5
vt 0.349609 0.5
vt 0.353516 0.5
vt 0.357422 0.5
vt 0.361328 0.5
vt 0.365234 0.5
vt 0.369141 0.5
vt 0.373047 0.5
vt 0.376953 0.5
vt 0.380859 0.5
vt 0.384766 0.5
vt 0.388672 0.5
vt 0.392578 0.5
vt 0.396484 0.5
vt 0.400391 0.5
vt 0.404297 0.5
vt 0.408203 0.5
vt 0.412109 0.5
vt 0.416016 0.5
vt 0.419922 0.5
vt 0.423828 0.5
vt 0.427734 0.5
vt 0.431641 0.5
vt 0.435547 0.5
vt 0.439453 0.5
vt 0.443359 0.5
vt 0.447266 0.5
vt 0.451172 0.5
vt 0.455078 0.5
vt 0.458984 0.5
vt 0.462891 0.5
vt 0.466797 0.5
vt 0.470703 0.5
vt 0.474609 0.5
vt 0.478516 0.5
vt 0.482422 0.5
vt 0.486328 0.5
vt 0.490234 0.5
vt 0.494141 0.5
vt 0.498047 0.5
vt 0.501953 0.5
vt 0.505859 0.5
vt 0.509766 0.5
vt 0.513672 0.5
vt 0.517578 0.5
vt 0.521484 0.5
vt 0.525391 0.5
vt 0.529297 0.5
vt 0.533203 0.5
vt 0.537109 0.5
vt 0.541016 0.5
vt 0.544922 0.5
vt 0.548828 0.5
vt 0.552734 0.5
vt 0.556641 0.5
vt 0.560547 0.5
vt 0.564453 0.5
vt 0.568359 0.5
vt 0.572266 0.5
vt 0.576172 0.5
vt 0.580078 0.5
vt 0.583984 0.5
vt 0.587891 0.5
vt 0.591797 0.5
vt 0.595703 0.5
vt 0.599609 0.5
vt 0.607422 0.5
vt 0.611328 0.5
vt 0.615234 0.5
vt 0.619141 0.5
vt 0.623047 0.5
vt 0.626953 0.5
vt 0.630859 0.5
vt 0.634766 0.5
vt 0.638672 0.5
vt 0.642578 0.5
vt 0.646484 0.5
vt 0.650391 0.5
vt 0.654297 0.5
vt 0.662109 0.5
vt 0.666016 0.5
vt 0.669922 0.5
vt 0.673828 0.5
vt 0.677734 0.5
vt 0.681641 0.5
vt 0.685547 0.5
vt 0.689453 0.5
vt 0.693359 0.5
vt 0.697266 0.5
vt 0.701172 0.5
vt 0.705078 0.5
vt 0.708984 0.5
vt 0.712891 0.5
vt 0.716797 0.5
vt 0.720703 0.5
vt 0.724609 0.5
vt 0.728516 0.5
vt 0.732422 0.5
vt 0.736328 0.5
vt 0.740234 0.5
vt 0.744141 0.5
vt 0.748047 0.5
vt 0.751953 0.5
vt 0.755859 0.5
vt 0.759766 0.5
vt 0.763672 0.5
vt 0.767578 0.5
vt 0.771484 0.5
vt 0.775391 0.5
vt 0.779297 0.5
vt 0.783203 0.5
vt 0.787109 0.5
vt 0.791016 0.5
vt 0.794922 0.5
vt 0.798828 0.5
vt 0.802734 0.5
vt 0.806641 0.5
vt 0.810547 0.5
vt 0.814453 0.5
vt 0.818359 0.5
vt 0.822266 0.5
vt 0.826172 0.5
vt 0.830078 0.5
vt 0.833984 0.5
vt 0.837891 0.5
vt 0.841797 0.5
vt 0.845703 0.5
vt 0.849609 0.5
vt 0.853516 0.5
vt 0.857422 0.5
vt 0.861328 0.5
vt 0.865234 0.5
vt 0.869141 0.5
vt 0.873047 0.5
vt 0.876953 0.5
vt 0.880859 0.5
vt 0.884766 0.5
vt 0.888672 0.5
vt 0.892578 0.5
vt 0.896484 0.5
vt 0.900391 0.5
vt 0.904297 0.5
vt 0.908203 0.5
vt 0.912109 0.5
vt 0.916016 0.5
vt 0.919922 0.5
vt 0.923828 0.5
vt 0.927734 0.5
vt 0.931641 0.5
vt 0.935547 0.5
vt 0.939453 0.5
vt 0.943359 0.5
vt 0.947266 0.5
vt 0.951172 0.5
vt 0.955078 0.5
vt 0.958984 0.5
vt 0.962891 0.5
vt 0.966797 0.5
vt 0.970703 0.5
vt 0.974609 0.5
vt 0.978516 0.5
vt 0.982422 0.5
vt 0.986328 0.5
vt 0.990234 0.5
vt 0.994141 0.5

# verts
v -0.95 -0.95 0.95
v -0.95 -0.95 0.85
v -0.95 -0.95 0.75
v -0.95 -0.95 0.65
v -0.95 -0.95 0.55
v -0.95 -0.95 0.45
v -0.95 -0.95 0.35
v -0.95 -0.95 0.25
v -0.95 -0.95 0.15
v -0.95 -0.95 0.0500001
v -0.95 -0.95 -0.05
v -0.95 -0.95 -0.15
v -0.95 -0.95 -0.25
v -0.95 -0.95 -0.35
v -0.95 -0.95 -0.55
v -0.95 -0.95 -0.65
v -0.95 -0.95 -0.75
v -0.95 -0.95 -0.85
v -0.95 -0.95 -0.95
v -0.95 -0.85 0.95
v -0.95 -0.85 0.85
v -0.95 -0.85 0.75
v -0.95 -0.85 0.65
v -0.95 -0.85 0.55
v -0.95 -0.85 0.45
v -0.95 -0.85 0.35
v -0.95 -0.85 0.25
v -0.95 -0.85 0.15
v -0.95 -0.85 0.0500001
v -0.95 -0.85 -0.05
v -0.95 -0.85 -0.15
v -0.95 -0.85 -0.25
v -0.95 -0.85 -0.35
v -0.95 -0.85 -0.55
v -0.95 -0.85 -0.65
v -0.95 -0.85 -0.75
v -0.95 -0.85 -0.85
v -0.95 -0.85 -0.95
v -0.95 -0.75 0.0500001
v -0.95 -0.75 -0.05
v -0.95 -0.75 -0.55
v -0.95 -0.75 -0.65
v -0.95 -0.65 0.95
v -0.95 -0.65 0.85
v -0.95 -0.65 0.75
v -0.95 -0.65 0.65
v -0.95 -0.65 0.55
v -0.95 -0.65 0.45
v -0.95 -0.65 0.35
v -0.95 -0.65 0.25
v -0.95 -0.65 0.15
v -0.95 -0.65 0.0500001
v -0.95 -0.65 -0.05
v -0.95 -0.65 -0.15
v -0.95 -0.65 -0.25
v -0.95 -0.65 -0.35
v -0.95 -0.65 -0.45
v -0.95 -0.65 -0.55
v -0.95 -0.65 -0.65
v -0.95 -0.65 -0.75
v -0.95 -0.65 -0.85
v -0.95 -0.65 -0.95
v -0.95 -0.55 0.95
v -0.95 -0.55 0.85
v -0.95 -0.55 0.75
v -0.95 -0.55 0.65
v -0.95 -0.55 0.55
v -0.95 -0.55 0.45
v -0.95 -0.55 0.35
v -0.95 -0.55 0.25
v -0.95 -0.55 0.15
v -0.95 -0.55 0.0500001
v -0.95 -0.55 -0.05
v -0.95 -0.55 -0.15
v -0.95 -0.55 -0.25
v -0.95 -0.55 -0.35
v -0.95 -0.55 -0.45
v -0.95 -0.55 -0.55
v -0.95 -0.55 -0.65
v -0.95 -0.55 -0.75
v -0.95 -0.55 -0.85
v -0.95 -0.55 -0.95
v -0.95 -0.45 0.0500001
v -0.95 -0.45 -0.05
v -0.95 -0.35 0.95
v -0.95 -0.35 0.85
v -0.95 -0.35 0.65
v -0.95 -0.35 0.55
v -0.95 -0.35 0.35
v -0.95 -0.35 0.25
v -0.95 -0.35 0.15
v -0.95 -0.35 0.0500001
v -0.95 -0.35 -0.05
v -0.95 -0.35 -0.15
v -0.95 -0.35 -0.25
v -0.95 -0.35 -0.35
v -0.95 -0.35 -0.55
v -0.95 -0.35 -0.65
v -0.95 -0.35 -0.85
v -0.95 -0.35 -0.95
v -0.95 -0.25 0.95
v -0.95 -0.25 0.85
v -0.95 -0.25 0.65
v -0.95 -0.25 0.55
v -0.95 -0.25 0.35
v -0.95 -0.25 0.25
v -0.95 -0.25 0.15
v -0.95 -0.25 0.0500001
v -0.95 -0.25 -0.05
v -0.95 -0.25 -0.15
v -0.95 -0.25 -0.25
v -0.95 -0.25 -0.35
v -0.95 -0.25 -0.55
v -0.95 -0.25 -0.65
v -0.95 -0.25 -0.85
v -0.95 -0.25 -0.95
v -0.95 -0.15 0.65
v -0.95 -0.15 0.55
v -0.95 -0.15 -0.55
v -0.95 -0.15 -0.65
v -0.95 -0.15 -0.85
v -0.95 -0.15 -0.95
v -0.95 -0.0500001 0.95
v -0.95 -0.0500001 0.85
v -0.95 -0.0500001 0.65
v -0.95 -0.0500001 0.55
v -0.95 -0.0500001 0.35
v -0.95 -0.0500001 0.25
v -0.95 -0.0500001 0.15
v -0.95 -0.0500001 0.0500001
v -0.95 -0.0500001 -0.05
v -0.95 -0.0500001 -0.25
v -0.95 -0.0500001 -0.35
v -0.95 -0.0500001 -0.55
v -0.95 -0.0500001 -0.65
v -0.95 -0.0500001 -0.85
v -0.95 -0.0500001 -0.95
v -0.95 0.05 0.95
v -0.95 0.05 0.85
v -0.95 0.05 0.65
v -0.95 0.05 0.55
v -0.95 0.05 0.35
v -0.95 0.05 0.25
v -0.95 0.05 0.15
v -0.95 0.05 0.0500001
v -0.95 0.05 -0.05
v -0.95 0.05 -0.25
v -0.95 0.05 -0.35
v -0.95 0.05 -0.55
v -0.95 0.05 -0.65
v -0.95 0.05 -0.85
v -0.95 0.05 -0.95
v -0.95 0.15 0.95
v -0.95 0.15 0.85
v -0.95 0.15 0.65
v -0.95 0.15 0.55
v -0.95 0.15 0.35
v -0.95 0.15 0.25
v -0.95 0.15 0.0500001
v -0.95 0.15 -0.05
v -0.95 0.15 -0.25
v -0.95 0.15 -0.35
v -0.95 0.15 -0.55
v -0.95 0.15 -0.65
v -0.95 0.15 -0.85
v -0.95 0.15 -0.95
v -0.95 0.25 0.95
v -0.95 0.25 0.85
v -0.95 0.25 0.65
v -0.95 0.25 0.55
v -0.95 0.25 0.45
v -0.95 0.25 0.35
v -0.95 0.25 0.25
v -0.95 0.25 0.0500001
v -0.95 0.25 -0.05
v -0.95 0.25 -0.25
v -0.95 0.25 -0.35
v -0.95 0.25 -0.45
v -0.95 0.25 -0.55
v -0.95 0.25 -0.65
v -0.95 0.25 -0.75
v -0.95 0.25 -0.85
v -0.95 0.25 -0.95
v -0.95 0.35 0.95
v -0.95 0.35 0.85
v -0.95 0.35 0.65
v -0.95 0.35 0.55
v -0.95 0.35 0.45
v -0.95 0.35 0.35
v -0.95 0.35 0.25
v -0.95 0.35 0.0500001
v -0.95 0.35 -0.05
v -0.95 0.35 -0.25
v -0.95 0.35 -0.35
v -0.95 0.35 -0.45
v -0.95 0.35 -0.55
v -0.95 0.35 -0.65
v -0.95 0.35 -0.75
v -0.95 0.35 -0.85
v -0.95 0.35 -0.95
v -0.95 0.45 -0.55
v -0.95 0.45 -0.65
v -0.95 0.45 -0.85
v -0.95 0.45 -0.95
v -0.95 0.55 0.95
v -0.95 0.55 0.85
v -0.95 0.55 0.75
v -0.95 0.55 0.65
v -0.95 0.55 0.55
v -0.95 0.55 0.45
v -0.95 0.55 0.35
v -0.95 0.55 0.25
v -0.95 0.55 0.0500001
v -0.95 0.55 -0.05
v -0.95 0.55 -0.15
v -0.95 0.55 -0.25
v -0.95 0.55 -0.35
v -0.95 0.55 -0.45
v -0.95 0.55 -0.55
v -0.95 0.55 -0.65
v -0.95 0.55 -0.85
v -0.95 0.55 -0.95
v -0.95 0.65 0.95
v -0.95 0.65 0.85
v -0.95 0.65 0.75
v -0.95 0.65 0.65
v -0.95 0.65 0.55
v -0.95 0.65 0.45
v -0.95 0.65 0.35
v -0.95 0.65 0.25
v -0.95 0.65 0.0500001
v -0.95 0.65 -0.05
v -0.95 0.65 -0.15
v -0.95 0.65 -0.25
v -0.95 0.65 -0.35
v -0.95 0.65 -0.45
v -0.95 0.65 -0.55
v -0.95 0.65 -0.65
v -0.95 0.65 -0.85
v -0.95 0.65 -0.95
v -0.95 0.75 0.95
v -0.95 0.75 0.85
v -0.95 0.75 0.65
v -0.95 0.75 0.55
v -0.95 0.75 -0.25
v -0.95 0.75 -0.35
v -0.95 0.75 -0.85
v -0.95 0.75 -0.95
v -0.95 0.85 0.95
v -0.95 0.85 0.85
v -0.95 0.85 0.65
v -0.95 0.85 0.55
v -0.95 0.85 0.45
v -0.95 0.85 0.35
v -0.95 0.85 0.25
v -0.95 0.85 0.0500001
v -0.95 0.85 -0.05
v -0.95 0.85 -0.25
v -0.95 0.85 -0.35
v -0.95 0.85 -0.55
v -0.95 0.85 -0.65
v -0.95 0.85 -0.75
v -0.95 0.85 -0.85
v -0.95 0.85 -0.95
v -0.95 0.95 0.95
v -0.95 0.95 0.85
v -0.95 0.95 0.65
v -0.95 0.95 0.55
v -0.95 0.95 0.45
v -0.95 0.95 0.35
v -0.95 0.95 0.25
v -0.95 0.95 0.0500001
v -0.95 0.95 -0.05
v -0.95 0.95 -0.25
v -0.95 0.95 -0.35
v -0.95 0.95 -0.55
v -0.95 0.95 -0.65
v -0.95 0.95 -0.75
v -0.95 0.95 -0.85
v -0.95 0.95 -0.95
v -0.65 -0.95 0.95
v -0.65 -0.95 0.85
v -0.65 -0.95 0.65
v -0.65 -0.95 0.55
v -0.65 -0.95 0.45
v -0.65 -0.95 0.35
v -0.65 -0.95 0.0500001
v -0.65 -0.95 -0.05
v -0.65 -0.95 -0.55
v -0.65 -0.95 -0.65
v -0.65 -0.95 -0.75
v -0.65 -0.95 -0.85
v -0.65 -0.85 0.95
v -0.65 -0.85 0.85
v -0.65 -0.85 0.65
v -0.65 -0.85 0.55
v -0.65 -0.85 0.45
v -0.65 -0.85 0.35
v -0.65 -0.85 0.0500001
v -0.65 -0.85 -0.05
v -0.65 -0.85 -0.55
v -0.65 -0.85 -0.65
v -0.65 -0.85 -0.75
v -0.65 -0.85 -0.85
v -0.65 -0.75 0.65
v -0.65 -0.75 0.55
v -0.65 -0.75 0.0500001
v -0.65 -0.75 -0.05
v -0.65 -0.65 0.95
v -0.65 -0.65 0.85
v -0.65 -0.65 0.65
v -0.65 -0.65 0.55
v -0.65 -0.65 0.35
v -0.65 -0.65 0.25
v -0.65 -0.65 0.0500001
v -0.65 -0.65 -0.05
v -0.65 -0.65 -0.55
v -0.65 -0.65 -0.65
v -0.65 -0.65 -0.85
v -0.65 -0.65 -0.95
v -0.65 -0.55 0.95
v -0.65 -0.55 0.85
v -0.65 -0.55 0.65
v -0.65 -0.55 0.55
v -0.65 -0.55 0.35
v -0.65 -0.55 0.25
v -0.65 -0.55 -0.55
v -0.65 -0.55 -0.65
v -0.65 -0.55 -0.85
v -0.65 -0.55 -0.95
v -0.65 -0.45 0.95
v -0.65 -0.45 0.85
v -0.65 -0.45 0.35
v -0.65 -0.45 0.25
v -0.65 -0.45 -0.55
v -0.65 -0.45 -0.65
v -0.65 -0.45 -0.85
v -0.65 -0.45 -0.95
v -0.65 -0.35 0.95
v -0.65 -0.35 0.85
v -0.65 -0.35 0.65
v -0.65 -0.35 0.55
v -0.65 -0.35 0.45
v -0.65 -0.35 0.35
v -0.65 -0.35 0.25
v -0.65 -0.35 0.15
v -0.65 -0.35 0.0500001
v -0.65 -0.35 -0.05
v -0.65 -0.35 -0.15
v -0.65 -0.35 -0.25
v -0.65 -0.35 -0.35
v -0.65 -0.35 -0.45
v -0.65 -0.35 -0.55
v -0.65 -0.35 -0.65
v -0.65 -0.35 -0.85
v -0.65 -0.35 -0.95
v -0.65 -0.25 0.95
v -0.65 -0.25 0.85
v -0.65 -0.25 0.65
v -0.65 -0.25 0.55
v -0.65 -0.25 0.45
v -0.65 -0.25 0.35
v -0.65 -0.25 0.25
v -0.65 -0.25 0.15
v -0.65 -0.25 0.0500001
v -0.65 -0.25 -0.05
v -0.65 -0.25 -0.15
v -0.65 -0.25 -0.25
v -0.65 -0.25 -0.35
v -0.65 -0.25 -0.45
v -0.65 -0.25 -0.55
v -0.65 -0.25 -0.65
v -0.65 -0.25 -0.85
v -0.65 -0.25 -0.95
v -0.65 -0.15 0.0500001
v -0.65 -0.15 -0.05
v -0.65 -0.15 -0.55
v -0.65 -0.15 -0.65
v -0.65 -0.15 -0.85
v -0.65 -0.15 -0.95
v -0.65 -0.0500001 0.95
v -0.65 -0.0500001 0.85
v -0.65 -0.0500001 0.65
v -0.65 -0.0500001 0.55
v -0.65 -0.0500001 0.45
v -0.65 -0.0500001 0.35
v -0.65 -0.0500001 0.25
v -0.65 -0.0500001 0.0500001
v -0.65 -0.0500001 -0.05
v -0.65 -0.0500001 -0.25
v -0.65 -0.0500001 -0.35
v -0.65 -0.0500001 -0.45
v -0.65 -0.0500001 -0.55
v -0.65 -0.0500001 -0.65
v -0.65 -0.0500001 -0.85
v -0.65 -0.0500001 -0.95
v -0.65 0.05 0.95
v -0.65 0.05 0.85
v -0.65 0.05 0.65
v -0.65 0.05 0.55
v -0.65 0.05 0.45
v -0.65 0.05 0.35
v -0.65 0.05 0.25
v -0.65 0.05 -0.25
v -0.65 0.05 -0.35
v -0.65 0.05 -0.45
v -0.65 0.05 -0.55
v -0.65 0.05 -0.65
v -0.65 0.05 -0.85
v -0.65 0.05 -0.95
v -0.65 0.15 0.95
v -0.65 0.15 0.85
v -0.65 0.15 0.35
v -0.65 0.15 0.25
v -0.65 0.15 -0.25
v -0.65 0.15 -0.35
v -0.65 0.15 -0.55
v -0.65 0.15 -0.65
v -0.65 0.15 -0.85
v -0.65 0.15 -0.95
v -0.65 0.25 0.95
v -0.65 0.25 0.85
v -0.65 0.25 0.75
v -0.65 0.25 0.65
v -0.65 0.25 0.35
v -0.65 0.25 0.25
v -0.65 0.25 0.15
v -0.65 0.25 0.0500001
v -0.65 0.25 -0.05
v -0.65 0.25 -0.15
v -0.65 0.25 -0.25
v -0.65 0.25 -0.35
v -0.65 0.25 -0.55
v -0.65 0.25 -0.65
v -0.65 0.25 -0.75
v -0.65 0.25 -0.85
v -0.65 0.25 -0.95
v -0.65 0.35 0.95
v -0.65 0.35 0.85
v -0.65 0.35 0.75
v -0.65 0.35 0.65
v -0.65 0.35 0.35
v -0.65 0.35 0.25
v -0.65 0.35 0.15
v -0.65 0.35 0.0500001
v -0.65 0.35 -0.05
v -0.65 0.35 -0.15
v -0.65 0.35 -0.25
v -0.65 0.35 -0.35
v -0.65 0.35 -0.55
v -0.65 0.35 -0.65
v -0.65 0.35 -0.75
v -0.65 0.35 -0.85
v -0.65 0.35 -0.95
v -0.65 0.45 -0.25
v -0.65 0.45 -0.35
v -0.65 0.45 -0.55
v -0.65 0.45 -0.65
v -0.65 0.45 -0.85
v -0.65 0.45 -0.95
v -0.65 0.55 0.95
v -0.65 0.55 0.85
v -0.65 0.55 0.75
v -0.65 0.55 0.65
v -0.65 0.55 0.55
v -0.65 0.55 0.35
v -0.65 0.55 0.25
v -0.65 0.55 0.15
v -0.65 0.55 0.0500001
v -0.65 0.55 -0.05
v -0.65 0.55 -0.15
v -0.65 0.55 -0.25
v -0.65 0.55 -0.35
v -0.65 0.55 -0.55
v -0.65 0.55 -0.65
v -0.65 0.55 -0.85
v -0.65 0.55 -0.95
v -0.65 0.65 0.95
v -0.65 0.65 0.85
v -0.65 0.65 0.75
v -0.65 0.65 0.65
v -0.65 0.65 0.55
v -0.65 0.65 0.35
v -0.65 0.65 0.25
v -0.65 0.65 0.15
v -0.65 0.65 0.0500001
v -0.65 0.65 -0.05
v -0.65 0.65 -0.15
v -0.65 0.65 -0.25
v -0.65 0.65 -0.35
v -0.65 0.65 -0.55
v -0.65 0.65 -0.65
v -0.65 0.65 -0.85
v -0.65 0.65 -0.95
v -0.65 0.75 -0.85
v -0.65 0.75 -0.95
v -0.65 0.85 0.95
v -0.65 0.85 0.85
v -0.65 0.85 0.75
v -0.65 0.85 0.65
v -0.65 0.85 0.55
v -0.65 0.85 -0.05
v -0.65 0.85 -0.15
v -0.65 0.85 -0.25
v -0.65 0.85 -0.35
v -0.65 0.85 -0.45
v -0.65 0.85 -0.55
v -0.65 0.85 -0.85
v -0.65 0.85 -0.95
v -0.65 0.95 0.95
v -0.65 0.95 0.85
v -0.65 0.95 0.75
v -0.65 0.95 0.65
v -0.65 0.95 0.55
v -0.65 0.95 -0.05
v -0.65 0.95 -0.15
v -0.65 0.95 -0.25
v -0.65 0.95 -0.35
v -0.65 0.95 -0.45
v -0.65 0.95 -0.55
v -0.65 0.95 -0.85
v -0.65 0.95 -0.95
v -0.35 -0.95 0.85
v -0.35 -0.95 0.75
v -0.35 -0.95 0.65
v -0.35 -0.95 0.55
v -0.35 -0.95 0.45
v -0.35 -0.95 0.35
v -0.35 -0.95 0.0500001
v -0.35 -0.95 -0.05
v -0.35 -0.95 -0.15
v -0.35 -0.95 -0.25
v -0.35 -0.95 -0.35
v -0.35 -0.95 -0.45
v -0.35 -0.95 -0.55
v -0.35 -0.95 -0.85
v -0.35 -0.95 -0.95
v -0.35 -0.85 0.85
v -0.35 -0.85 0.75
v -0.35 -0.85 0.65
v -0.35 -0.85 0.55
v -0.35 -0.85 0.45
v -0.35 -0.85 0.35
v -0.35 -0.85 0.0500001
v -0.35 -0.85 -0.05
v -0.35 -0.85 -0.15
v -0.35 -0.85 -0.25
v -0.35 -0.85 -0.35
v -0.35 -0.85 -0.45
v -0.35 -0.85 -0.55
v -0.35 -0.85 -0.85
v -0.35 -0.85 -0.95
v -0.35 -0.75 0.65
v -0.35 -0.75 0.55
v -0.35 -0.75 -0.85
v -0.35 -0.75 -0.95
v -0.35 -0.65 0.95
v -0.35 -0.65 0.85
v -0.35 -0.65 0.75
v -0.35 -0.65 0.65
v -0.35 -0.65 0.55
v -0.35 -0.65 0.25
v -0.35 -0.65 0.15
v -0.35 -0.65 0.0500001
v -0.35 -0.65 -0.05
v -0.35 -0.65 -0.25
v -0.35 -0.65 -0.35
v -0.35 -0.65 -0.45
v -0.35 -0.65 -0.55
v -0.35 -0.65 -0.65
v -0.35 -0.65 -0.75
v -0.35 -0.65 -0.85
v -0.35 -0.65 -0.95
v -0.35 -0.55 0.95
v -0.35 -0.55 0.85
v -0.35 -0.55 0.75
v -0.35 -0.55 0.65
v -0.35 -0.55 0.55
v -0.35 -0.55 0.25
v -0.35 -0.55 0.15
v -0.35 -0.55 0.0500001
v -0.35 -0.55 -0.05
v -0.35 -0.55 -0.25
v -0.35 -0.55 -0.35
v -0.35 -0.55 -0.45
v -0.35 -0.55 -0.55
v -0.35 -0.55 -0.65
v -0.35 -0.55 -0.75
v -0.35 -0.55 -0.85
v -0.35 -0.55 -0.95
v -0.35 -0.45 0.65
v -0.35 -0.45 0.55
v -0.35 -0.45 -0.25
v -0.35 -0.45 -0.35
v -0.35 -0.35 0.95
v -0.35 -0.35 0.85
v -0.35 -0.35 0.65
v -0.35 -0.35 0.55
v -0.35 -0.35 0.35
v -0.35 -0.35 0.25
v -0.35 -0.35 0.15
v -0.35 -0.35 0.0500001
v -0.35 -0.35 -0.05
v -0.35 -0.35 -0.25
v -0.35 -0.35 -0.35
v -0.35 -0.35 -0.85
v -0.35 -0.35 -0.95
v -0.35 -0.25 0.95
v -0.35 -0.25 0.85
v -0.35 -0.25 0.65
v -0.35 -0.25 0.55
v -0.35 -0.25 0.35
v -0.35 -0.25 0.25
v -0.35 -0.25 0.15
v -0.35 -0.25 0.0500001
v -0.35 -0.25 -0.05
v -0.35 -0.25 -0.85
v -0.35 -0.25 -0.95
v -0.35 -0.15 0.35
v -0.35 -0.15 0.25
v -0.35 -0.15 0.0500001
v -0.35 -0.15 -0.05
v -0.35 -0.0500001 0.95
v -0.35 -0.0500001 0.85
v -0.35 -0.0500001 0.75
v -0.35 -0.0500001 0.65
v -0.35 -0.0500001 0.35
v -0.35 -0.0500001 0.25
v -0.35 -0.0500001 0.0500001
v -0.35 -0.0500001 -0.05
v -0.35 -0.0500001 -0.15
v -0.35 -0.0500001 -0.25
v -0.35 -0.0500001 -0.85
v -0.35 -0.0500001 -0.95
v -0.35 0.05 0.95
v -0.35 0.05 0.85
v -0.35 0.05 0.75
v -0.35 0.05 0.65
v -0.35 0.05 0.35
v -0.35 0.05 0.25
v -0.35 0.05 0.0500001
v -0.35 0.05 -0.05
v -0.35 0.05 -0.15
v -0.35 0.05 -0.25
v -0.35 0.05 -0.85
v -0.35 0.05 -0.95
v -0.35 0.15 -0.85
v -0.35 0.15 -0.95
v -0.35 0.25 0.95
v -0.35 0.25 0.85
v -0.35 0.25 0.75
v -0.35 0.25 0.65
v -0.35 0.25 0.0500001
v -0.35 0.25 -0.05
v -0.35 0.25 -0.15
v -0.35 0.25 -0.25
v -0.35 0.25 -0.55
v -0.35 0.25 -0.65
v -0.35 0.25 -0.75
v -0.35 0.25 -0.85
v -0.35 0.25 -0.95
v -0.35 0.35 0.95
v -0.35 0.35 0.85
v -0.35 0.35 0.75
v -0.35 0.35 0.65
v -0.35 0.35 0.55
v -0.35 0.35 0.35
v -0.35 0.35 0.25
v -0.35 0.35 0.0500001
v -0.35 0.35 -0.05
v -0.35 0.35 -0.15
v -0.35 0.35 -0.25
v -0.35 0.35 -0.35
v -0.35 0.35 -0.55
v -0.35 0.35 -0.65
v -0.35 0.35 -0.75
v -0.35 0.35 -0.85
v -0.35 0.45 0.95
v -0.35 0.45 0.85
v -0.35 0.45 0.65
v -0.35 0.45 0.55
v -0.35 0.45 0.35
v -0.35 0.45 0.25
v -0.35 0.45 -0.25
v -0.35 0.45 -0.35
v -0.35 0.55 0.95
v -0.35 0.55 0.85
v -0.35 0.55 0.65
v -0.35 0.55 0.55
v -0.35 0.55 0.35
v -0.35 0.55 0.25
v -0.35 0.55 0.0500001
v -0.35 0.55 -0.05
v -0.35 0.55 -0.25
v -0.35 0.55 -0.35
v -0.35 0.55 -0.55
v -0.35 0.55 -0.65
v -0.35 0.55 -0.75
v -0.35 0.55 -0.85
v -0.35 0.65 0.95
v -0.35 0.65 0.85
v -0.35 0.65 0.65
v -0.35 0.65 0.55
v -0.35 0.65 0.35
v -0.35 0.65 0.25
v -0.35 0.65 0.0500001
v -0.35 0.65 -0.05
v -0.35 0.65 -0.25
v -0.35 0.65 -0.35
v -0.35 0.65 -0.55
v -0.35 0.65 -0.65
v -0.35 0.65 -0.75
v -0.35 0.65 -0.85
v -0.35 0.75 0.95
v -0.35 0.75 0.85
v -0.35 0.75 0.0500001
v -0.35 0.75 -0.05
v -0.35 0.85 0.95
v -0.35 0.85 0.85
v -0.35 0.85 0.55
v -0.35 0.85 0.45
v -0.35 0.85 0.35
v -0.35 0.85 0.0500001
v -0.35 0.85 -0.05
v -0.35 0.85 -0.25
v -0.35 0.85 -0.35
v -0.35 0.85 -0.45
v -0.35 0.85 -0.55
v -0.35 0.85 -0.65
v -0.35 0.85 -0.75
v -0.35 0.85 -0.85
v -0.35 0.85 -0.95
v -0.35 0.95 0.95
v -0.35 0.95 0.85
v -0.35 0.95 0.55
v -0.35 0.95 0.45
v -0.35 0.95 0.35
v -0.35 0.95 -0.25
v -0.35 0.95 -0.35
v -0.35 0.95 -0.45
v -0.35 0.95 -0.55
v -0.35 0.95 -0.65
v -0.35 0.95 -0.75
v -0.35 0.95 -0.85
v -0.35 0.95 -0.95
v -0.0500001 -0.95 0.95
v -0.0500001 -0.95 0.85
v -0.0500001 -0.95 0.75
v -0.0500001 -0.95 0.65
v -0.0500001 -0.95 0.55
v -0.0500001 -0.95 0.35
v -0.0500001 -0.95 0.25
v -0.0500001 -0.95 0.0500001
v -0.0500001 -0.95 -0.05
v -0.0500001 -0.95 -0.25
v -0.0500001 -0.95 -0.35
v -0.0500001 -0.95 -0.45
v -0.0500001 -0.95 -0.55
v -0.0500001 -0.85 0.95
v -0.0500001 -0.85 0.85
v -0.0500001 -0.85 0.75
v -0.0500001 -0.85 0.65
v -0.0500001 -0.85 0.55
v -0.0500001 -0.85 0.35
v -0.0500001 -0.85 0.25
v -0.0500001 -0.85 0.0500001
v -0.0500001 -0.85 -0.05
v -0.0500001 -0.85 -0.25
v -0.0500001 -0.85 -0.35
v -0.0500001 -0.85 -0.45
v -0.0500001 -0.85 -0.55
v -0.0500001 -0.85 -0.65
v -0.0500001 -0.75 0.65
v -0.0500001 -0.75 0.55
v -0.0500001 -0.75 0.0500001
v -0.0500001 -0.75 -0.05
v -0.0500001 -0.75 -0.55
v -0.0500001 -0.75 -0.65
v -0.0500001 -0.65 0.95
v -0.0500001 -0.65 0.85
v -0.0500001 -0.65 0.75
v -0.0500001 -0.65 0.65
v -0.0500001 -0.65 0.55
v -0.0500001 -0.65 0.35
v -0.0500001 -0.65 0.25
v -0.0500001 -0.65 0.15
v -0.0500001 -0.65 0.0500001
v -0.0500001 -0.65 -0.05
v -0.0500001 -0.65 -0.15
v -0.0500001 -0.65 -0.25
v -0.0500001 -0.65 -0.55
v -0.0500001 -0.65 -0.65
v -0.0500001 -0.65 -0.75
v -0.0500001 -0.65 -0.85
v -0.0500001 -0.65 -0.95
v -0.0500001 -0.55 0.95
v -0.0500001 -0.55 0.85
v -0.0500001 -0.55 0.75
v -0.0500001 -0.55 0.65
v -0.0500001 -0.55 0.35
v -0.0500001 -0.55 0.25
v -0.0500001 -0.55 0.15
v -0.0500001 -0.55 0.0500001
v -0.0500001 -0.55 -0.05
v -0.0500001 -0.55 -0.15
v -0.0500001 -0.55 -0.25
v -0.0500001 -0.55 -0.55
v -0.0500001 -0.55 -0.65
v -0.0500001 -0.55 -0.75
v -0.0500001 -0.55 -0.85
v -0.0500001 -0.55 -0.95
v -0.0500001 -0.45 -0.85
v -0.0500001 -0.45 -0.95
v -0.0500001 -0.35 0.65
v -0.0500001 -0.35 0.55
v -0.0500001 -0.35 0.45
v -0.0500001 -0.35 0.35
v -0.0500001 -0.35 0.25
v -0.0500001 -0.35 0.15
v -0.0500001 -0.35 0.0500001
v -0.0500001 -0.35 -0.05
v -0.0500001 -0.35 -0.15
v -0.0500001 -0.35 -0.25
v -0.0500001 -0.35 -0.35
v -0.0500001 -0.35 -0.45
v -0.0500001 -0.35 -0.55
v -0.0500001 -0.35 -0.65
v -0.0500001 -0.35 -0.85
v -0.0500001 -0.35 -0.95
v -0.0500001 -0.25 0.95
v -0.0500001 -0.25 0.85
v -0.0500001 -0.25 0.65
v -0.0500001 -0.25 0.55
v -0.0500001 -0.25 0.45
v -0.0500001 -0.25 0.35
v -0.0500001 -0.25 0.25
v -0.0500001 -0.25 0.15
v -0.0500001 -0.25 0.0500001
v -0.0500001 -0.25 -0.05
v -0.0500001 -0.25 -0.15
v -0.0500001 -0.25 -0.25
v -0.0500001 -0.25 -0.35
v -0.0500001 -0.25 -0.45
v -0.0500001 -0.25 -0.55
v -0.0500001 -0.25 -0.65
v -0.0500001 -0.15 0.95
v -0.0500001 -0.15 0.85
v -0.0500001 -0.15 0.65
v -0.0500001 -0.15 0.55
v -0.0500001 -0.15 -0.55
v -0.0500001 -0.15 -0.65
v -0.0500001 -0.0500001 0.95
v -0.0500001 -0.0500001 0.85
v -0.0500001 -0.0500001 0.65
v -0.0500001 -0.0500001 0.55
v -0.0500001 -0.0500001 0.45
v -0.0500001 -0.0500001 0.35
v -0.0500001 -0.0500001 0.25
v -0.0500001 -0.0500001 0.0500001
v -0.0500001 -0.0500001 -0.05
v -0.0500001 -0.0500001 -0.15
v -0.0500001 -0.0500001 -0.25
v -0.0500001 -0.0500001 -0.35
v -0.0500001 -0.0500001 -0.45
v -0.0500001 -0.0500001 -0.55
v -0.0500001 -0.0500001 -0.65
v -0.0500001 -0.0500001 -0.75
v -0.0500001 -0.0500001 -0.85
v -0.0500001 0.05 0.65
v -0.0500001 0.05 0.55
v -0.0500001 0.05 0.45
v -0.0500001 0.05 0.35
v -0.0500001 0.05 0.25
v -0.0500001 0.05 0.0500001
v -0.0500001 0.05 -0.05
v -0.0500001 0.05 -0.15
v -0.0500001 0.05 -0.25
v -0.0500001 0.05 -0.35
v -0.0500001 0.05 -0.45
v -0.0500001 0.05 -0.55
v -0.0500001 0.05 -0.65
v -0.0500001 0.05 -0.75
v -0.0500001 0.05 -0.85
v -0.0500001 0.05 -0.95
v -0.0500001 0.15 0.65
v -0.0500001 0.15 0.55
v -0.0500001 0.15 0.35
v -0.0500001 0.15 0.25
v -0.0500001 0.15 -0.85
v -0.0500001 0.15 -0.95
v -0.0500001 0.25 0.95
v -0.0500001 0.25 0.85
v -0.0500001 0.25 0.75
v -0.0500001 0.25 0.65
v -0.0500001 0.25 0.55
v -0.0500001 0.25 0.35
v -0.0500001 0.25 0.25
v -0.0500001 0.25 0.15
v -0.0500001 0.25 0.0500001
v -0.0500001 0.25 -0.05
v -0.0500001 0.25 -0.25
v -0.0500001 0.25 -0.35
v -0.0500001 0.25 -0.45
v -0.0500001 0.25 -0.55
v -0.0500001 0.25 -0.85
v -0.0500001 0.25 -0.95
v -0.0500001 0.35 0.95
v -0.0500001 0.35 0.85
v -0.0500001 0.35 0.75
v -0.0500001 0.35 0.65
v -0.0500001 0.35 0.55
v -0.0500001 0.35 0.35
v -0.0500001 0.35 0.25
v -0.0500001 0.35 0.15
v -0.0500001 0.35 0.0500001
v -0.0500001 0.35 -0.05
v -0.0500001 0.35 -0.25
v -0.0500001 0.35 -0.35
v -0.0500001 0.35 -0.45
v -0.0500001 0.35 -0.55
v -0.0500001 0.35 -0.65
v -0.0500001 0.35 -0.85
v -0.0500001 0.35 -0.95
v -0.0500001 0.45 0.95
v -0.0500001 0.45 0.85
v -0.0500001 0.45 -0.55
v -0.0500001 0.45 -0.65
v -0.0500001 0.45 -0.85
v -0.0500001 0.45 -0.95
v -0.0500001 0.55 0.95
v -0.0500001 0.55 0.85
v -0.0500001 0.55 0.75
v -0.0500001 0.55 0.65
v -0.0500001 0.55 0.55
v -0.0500001 0.55 -0.55
v -0.0500001 0.55 -0.65
v -0.0500001 0.55 -0.85
v -0.0500001 0.55 -0.95
v -0.0500001 0.65 0.95
v -0.0500001 0.65 0.85
v -0.0500001 0.65 0.75
v -0.0500001 0.65 0.65
v -0.0500001 0.65 0.55
v -0.0500001 0.65 0.35
v -0.0500001 0.65 0.25
v -0.0500001 0.65 -0.25
v -0.0500001 0.65 -0.35
v -0.0500001 0.65 -0.55
v -0.0500001 0.65 -0.65
v -0.0500001 0.65 -0.85
v -0.0500001 0.65 -0.95
v -0.0500001 0.75 0.65
v -0.0500001 0.75 0.55
v -0.0500001 0.75 0.35
v -0.0500001 0.75 0.25
v -0.0500001 0.75 -0.25
v -0.0500001 0.75 -0.35
v -0.0500001 0.75 -0.85
v -0.0500001 0.75 -0.95
v -0.0500001 0.85 0.95
v -0.0500001 0.85 0.85
v -0.0500001 0.85 0.65
v -0.0500001 0.85 0.55
v -0.0500001 0.85 0.35
v -0.0500001 0.85 0.25
v -0.0500001 0.85 0.0500001
v -0.0500001 0.85 -0.05
v -0.0500001 0.85 -0.15
v -0.0500001 0.85 -0.25
v -0.0500001 0.85 -0.35
v -0.0500001 0.85 -0.55
v -0.0500001 0.85 -0.65
v -0.0500001 0.85 -0.75
v -0.0500001 0.85 -0.85
v -0.0500001 0.85 -0.95
v -0.0500001 0.95 0.95
v -0.0500001 0.95 0.85
v -0.0500001 0.95 0.35
v -0.0500001 0.95 0.25
v -0.0500001 0.95 0.0500001
v -0.0500001 0.95 -0.05
v -0.0500001 0.95 -0.15
v -0.0500001 0.95 -0.25
v -0.0500001 0.95 -0.55
v -0.0500001 0.95 -0.65
v -0.0500001 0.95 -0.75
v -0.0500001 0.95 -0.85
v -0.0500001 0.95 -0.95
v 0.25 -0.95 0.95
v 0.25 -0.95 0.85
v 0.25 -0.95 0.75
v 0.25 -0.95 0.65
v 0.25 -0.95 0.0500001
v 0.25 -0.95 -0.05
v 0.25 -0.95 -0.15
v 0.25 -0.95 -0.25
v 0.25 -0.95 -0.35
v 0.25 -0.95 -0.55
v 0.25 -0.95 -0.65
v 0.25 -0.95 -0.75
v 0.25 -0.95 -0.85
v 0.25 -0.85 0.95
v 0.25 -0.85 0.85
v 0.25 -0.85 0.75
v 0.25 -0.85 0.65
v 0.25 -0.85 0.35
v 0.25 -0.85 0.25
v 0.25 -0.85 0.0500001
v 0.25 -0.85 -0.05
v 0.25 -0.85 -0.15
v 0.25 -0.85 -0.25
v 0.25 -0.85 -0.35
v 0.25 -0.85 -0.55
v 0.25 -0.85 -0.65
v 0.25 -0.85 -0.75
v 0.25 -0.85 -0.85
v 0.25 -0.75 0.35
v 0.25 -0.75 0.25
v 0.25 -0.75 0.0500001
v 0.25 -0.75 -0.05
v 0.25 -0.75 -0.25
v 0.25 -0.75 -0.35
v 0.25 -0.65 0.95
v 0.25 -0.65 0.85
v 0.25 -0.65 0.75
v 0.25 -0.65 0.65
v 0.25 -0.65 0.55
v 0.25 -0.65 0.45
v 0.25 -0.65 0.35
v 0.25 -0.65 0.25
v 0.25 -0.65 0.0500001
v 0.25 -0.65 -0.05
v 0.25 -0.65 -0.25
v 0.25 -0.65 -0.35
v 0.25 -0.65 -0.55
v 0.25 -0.65 -0.65
v 0.25 -0.65 -0.75
v 0.25 -0.65 -0.85
v 0.25 -0.55 0.95
v 0.25 -0.55 0.85
v 0.25 -0.55 0.75
v 0.25 -0.55 0.65
v 0.25 -0.55 0.55
v 0.25 -0.55 0.45
v 0.25 -0.55 0.35
v 0.25 -0.55 0.25
v 0.25 -0.55 0.0500001
v 0.25 -0.55 -0.05
v 0.25 -0.55 -0.25
v 0.25 -0.55 -0.35
v 0.25 -0.55 -0.55
v 0.25 -0.55 -0.65
v 0.25 -0.55 -0.75
v 0.25 -0.55 -0.85
v 0.25 -0.45 0.0500001
v 0.25 -0.45 -0.05
v 0.25 -0.35 0.95
v 0.25 -0.35 0.85
v 0.25 -0.35 0.75
v 0.25 -0.35 0.65
v 0.25 -0.35 0.0500001
v 0.25 -0.35 -0.05
v 0.25 -0.35 -0.25
v 0.25 -0.35 -0.35
v 0.25 -0.35 -0.45
v 0.25 -0.35 -0.55
v 0.25 -0.35 -0.65
v 0.25 -0.35 -0.85
v 0.25 -0.35 -0.95
v 0.25 -0.25 0.95
v 0.25 -0.25 0.85
v 0.25 -0.25 0.75
v 0.25 -0.25 0.65
v 0.25 -0.25 0.0500001
v 0.25 -0.25 -0.05
v 0.25 -0.25 -0.25
v 0.25 -0.25 -0.35
v 0.25 -0.25 -0.45
v 0.25 -0.25 -0.55
v 0.25 -0.25 -0.65
v 0.25 -0.25 -0.85
v 0.25 -0.25 -0.95
v 0.25 -0.15 -0.25
v 0.25 -0.15 -0.35
v 0.25 -0.15 -0.55
v 0.25 -0.15 -0.65
v 0.25 -0.15 -0.85
v 0.25 -0.15 -0.95
v 0.25 -0.0500001 0.95
v 0.25 -0.0500001 0.85
v 0.25 -0.0500001 0.35
v 0.25 -0.0500001 0.25
v 0.25 -0.0500001 0.15
v 0.25 -0.0500001 0.0500001
v 0.25 -0.0500001 -0.25
v 0.25 -0.0500001 -0.35
v 0.25 -0.0500001 -0.55
v 0.25 -0.0500001 -0.65
v 0.25 -0.0500001 -0.85
v 0.25 -0.0500001 -0.95
v 0.25 0.05 0.95
v 0.25 0.05 0.85
v 0.25 0.05 0.35
v 0.25 0.05 0.25
v 0.25 0.05 0.15
v 0.25 0.05 0.0500001
v 0.25 0.05 -0.25
v 0.25 0.05 -0.35
v 0.25 0.05 -0.55
v 0.25 0.05 -0.65
v 0.25 0.05 -0.85
v 0.25 0.05 -0.95
v 0.25 0.15 -0.55
v 0.25 0.15 -0.65
v 0.25 0.15 -0.85
v 0.25 0.15 -0.95
v 0.25 0.25 0.95
v 0.25 0.25 0.85
v 0.25 0.25 0.75
v 0.25 0.25 0.65
v 0.25 0.25 0.55
v 0.25 0.25 0.35
v 0.25 0.25 0.25
v 0.25 0.25 0.0500001
v 0.25 0.25 -0.05
v 0.25 0.25 -0.25
v 0.25 0.25 -0.35
v 0.25 0.25 -0.45
v 0.25 0.25 -0.55
v 0.25 0.25 -0.65
v 0.25 0.25 -0.85
v 0.25 0.25 -0.95
v 0.25 0.35 0.95
v 0.25 0.35 0.85
v 0.25 0.35 0.75
v 0.25 0.35 0.65
v 0.25 0.35 0.55
v 0.25 0.35 0.35
v 0.25 0.35 0.25
v 0.25 0.35 0.0500001
v 0.25 0.35 -0.05
v 0.25 0.35 -0.25
v 0.25 0.35 -0.35
v 0.25 0.35 -0.45
v 0.25 0.35 -0.55
v 0.25 0.35 -0.65
v 0.25 0.35 -0.85
v 0.25 0.35 -0.95
v 0.25 0.45 0.65
v 0.25 0.45 0.55
v 0.25 0.45 0.35
v 0.25 0.45 0.25
v 0.25 0.45 0.0500001
v 0.25 0.45 -0.05
v 0.25 0.45 -0.85
v 0.25 0.45 -0.95
v 0.25 0.55 0.65
v 0.25 0.55 0.55
v 0.25 0.55 0.35
v 0.25 0.55 0.25
v 0.25 0.55 0.0500001
v 0.25 0.55 -0.05
v 0.25 0.55 -0.15
v 0.25 0.55 -0.25
v 0.25 0.55 -0.35
v 0.25 0.55 -0.45
v 0.25 0.55 -0.55
v 0.25 0.55 -0.65
v 0.25 0.55 -0.85
v 0.25 0.55 -0.95
v 0.25 0.65 0.65
v 0.25 0.65 0.55
v 0.25 0.65 0.35
v 0.25 0.65 0.25
v 0.25 0.65 0.0500001
v 0.25 0.65 -0.05
v 0.25 0.65 -0.15
v 0.25 0.65 -0.25
v 0.25 0.65 -0.35
v 0.25 0.65 -0.45
v 0.25 0.65 -0.55
v 0.25 0.65 -0.65
v 0.25 0.65 -0.85
v 0.25 0.65 -0.95
v 0.25 0.75 0.65
v 0.25 0.75 0.55
v 0.25 0.75 -0.55
v 0.25 0.75 -0.65
v 0.25 0.75 -0.85
v 0.25 0.75 -0.95
v 0.25 0.85 0.85
v 0.25 0.85 0.75
v 0.25 0.85 0.65
v 0.25 0.85 0.55
v 0.25 0.85 0.45
v 0.25 0.85 0.35
v 0.25 0.85 0.0500001
v 0.25 0.85 -0.05
v 0.25 0.85 -0.15
v 0.25 0.85 -0.25
v 0.25 0.85 -0.35
v 0.25 0.85 -0.45
v 0.25 0.85 -0.55
v 0.25 0.85 -0.65
v 0.25 0.85 -0.85
v 0.25 0.85 -0.95
v 0.25 0.95 0.85
v 0.25 0.95 0.75
v 0.25 0.95 0.65
v 0.25 0.95 0.55
v 0.25 0.95 0.45
v 0.25 0.95 0.35
v 0.25 0.95 0.0500001
v 0.25 0.95 -0.05
v 0.25 0.95 -0.15
v 0.25 0.95 -0.25
v 0.25 0.95 -0.35
v 0.25 0.95 -0.45
v 0.25 0.95 -0.55
v 0.25 0.95 -0.85
v 0.25 0.95 -0.95
v 0.55 -0.95 0.95
v 0.55 -0.95 0.85
v 0.55 -0.95 0.75
v 0.55 -0.95 0.65
v 0.55 -0.95 0.55
v 0.55 -0.95 0.45
v 0.55 -0.95 0.35
v 0.55 -0.95 0.25
v 0.55 -0.95 0.15
v 0.55 -0.95 0.0500001
v 0.55 -0.95 -0.05
v 0.55 -0.95 -0.15
v 0.55 -0.95 -0.25
v 0.55 -0.95 -0.35
v 0.55 -0.95 -0.45
v 0.55 -0.95 -0.55
v 0.55 -0.95 -0.65
v 0.55 -0.85 0.95
v 0.55 -0.85 0.85
v 0.55 -0.85 0.75
v 0.55 -0.85 0.65
v 0.55 -0.85 0.55
v 0.55 -0.85 0.45
v 0.55 -0.85 0.35
v 0.55 -0.85 0.25
v 0.55 -0.85 0.15
v 0.55 -0.85 0.0500001
v 0.55 -0.85 -0.05
v 0.55 -0.85 -0.15
v 0.55 -0.85 -0.25
v 0.55 -0.85 -0.35
v 0.55 -0.85 -0.45
v 0.55 -0.85 -0.55
v 0.55 -0.85 -0.65
v 0.55 -0.75 0.0500001
v 0.55 -0.75 -0.05
v 0.55 -0.75 -0.55
v 0.55 -0.75 -0.65
v 0.55 -0.65 0.95
v 0.55 -0.65 0.85
v 0.55 -0.65 0.75
v 0.55 -0.65 0.65
v 0.55 -0.65 0.55
v 0.55 -0.65 0.35
v 0.55 -0.65 0.25
v 0.55 -0.65 0.15
v 0.55 -0.65 0.0500001
v 0.55 -0.65 -0.05
v 0.55 -0.65 -0.25
v 0.55 -0.65 -0.35
v 0.55 -0.65 -0.45
v 0.55 -0.65 -0.55
v 0.55 -0.65 -0.65
v 0.55 -0.65 -0.85
v 0.55 -0.65 -0.95
v 0.55 -0.55 0.95
v 0.55 -0.55 0.85
v 0.55 -0.55 0.75
v 0.55 -0.55 0.65
v 0.55 -0.55 0.55
v 0.55 -0.55 0.35
v 0.55 -0.55 0.25
v 0.55 -0.55 0.15
v 0.55 -0.55 0.0500001
v 0.55 -0.55 -0.05
v 0.55 -0.55 -0.25
v 0.55 -0.55 -0.35
v 0.55 -0.55 -0.45
v 0.55 -0.55 -0.55
v 0.55 -0.55 -0.85
v 0.55 -0.55 -0.95
v 0.55 -0.45 0.65
v 0.55 -0.45 0.55
v 0.55 -0.45 -0.85
v 0.55 -0.45 -0.95
v 0.55 -0.35 0.95
v 0.55 -0.35 0.85
v 0.55 -0.35 0.65
v 0.55 -0.35 0.55
v 0.55 -0.35 0.35
v 0.55 -0.35 0.25
v 0.55 -0.35 -0.25
v 0.55 -0.35 -0.35
v 0.55 -0.35 -0.85
v 0.55 -0.35 -0.95
v 0.55 -0.25 0.95
v 0.55 -0.25 0.85
v 0.55 -0.25 0.35
v 0.55 -0.25 0.25
v 0.55 -0.25 -0.25
v 0.55 -0.25 -0.35
v 0.55 -0.25 -0.85
v 0.55 -0.25 -0.95
v 0.55 -0.15 -0.85
v 0.55 -0.15 -0.95
v 0.55 -0.0500001 0.65
v 0.55 -0.0500001 0.55
v 0.55 -0.0500001 0.35
v 0.55 -0.0500001 0.25
v 0.55 -0.0500001 -0.25
v 0.55 -0.0500001 -0.35
v 0.55 -0.0500001 -0.55
v 0.55 -0.0500001 -0.65
v 0.55 -0.0500001 -0.75
v 0.55 -0.0500001 -0.85
v 0.55 -0.0500001 -0.95
v 0.55 0.05 0.95
v 0.55 0.05 0.85
v 0.55 0.05 0.65
v 0.55 0.05 0.55
v 0.55 0.05 0.35
v 0.55 0.05 0.25
v 0.55 0.05 -0.25
v 0.55 0.05 -0.35
v 0.55 0.05 -0.55
v 0.55 0.05 -0.65
v 0.55 0.05 -0.75
v 0.55 0.05 -0.85
v 0.55 0.15 0.95
v 0.55 0.15 0.85
v 0.55 0.15 0.65
v 0.55 0.15 0.55
v 0.55 0.15 0.35
v 0.55 0.15 0.25
v 0.55 0.25 0.95
v 0.55 0.25 0.85
v 0.55 0.25 0.65
v 0.55 0.25 0.55
v 0.55 0.25 0.45
v 0.55 0.25 0.35
v 0.55 0.25 0.25
v 0.55 0.25 0.0500001
v 0.55 0.25 -0.05
v 0.55 0.25 -0.55
v 0.55 0.25 -0.65
v 0.55 0.35 0.95
v 0.55 0.35 0.85
v 0.55 0.35 0.65
v 0.55 0.35 0.55
v 0.55 0.35 0.45
v 0.55 0.35 0.35
v 0.55 0.35 0.25
v 0.55 0.35 0.0500001
v 0.55 0.35 -0.05
v 0.55 0.35 -0.55
v 0.55 0.35 -0.65
v 0.55 0.45 0.95
v 0.55 0.45 0.85
v 0.55 0.45 0.35
v 0.55 0.45 0.25
v 0.55 0.45 0.0500001
v 0.55 0.45 -0.05
v 0.55 0.45 -0.55
v 0.55 0.45 -0.65
v 0.55 0.55 0.95
v 0.55 0.55 0.85
v 0.55 0.55 0.65
v 0.55 0.55 0.55
v 0.55 0.55 0.35
v 0.55 0.55 0.25
v 0.55 0.55 0.0500001
v 0.55 0.55 -0.05
v 0.55 0.55 -0.15
v 0.55 0.55 -0.25
v 0.55 0.55 -0.55
v 0.55 0.55 -0.65
v 0.55 0.65 0.95
v 0.55 0.65 0.85
v 0.55 0.65 0.65
v 0.55 0.65 0.55
v 0.55 0.65 0.35
v 0.55 0.65 0.25
v 0.55 0.65 0.0500001
v 0.55 0.65 -0.05
v 0.55 0.65 -0.15
v 0.55 0.65 -0.25
v 0.55 0.75 0.95
v 0.55 0.75 0.85
v 0.55 0.75 0.65
v 0.55 0.75 0.55
v 0.55 0.75 0.35
v 0.55 0.75 0.25
v 0.55 0.85 0.95
v 0.55 0.85 0.85
v 0.55 0.85 0.75
v 0.55 0.85 0.65
v 0.55 0.85 0.55
v 0.55 0.85 0.35
v 0.55 0.85 0.25
v 0.55 0.85 0.0500001
v 0.55 0.85 -0.05
v 0.55 0.85 -0.55
v 0.55 0.85 -0.65
v 0.55 0.95 0.95
v 0.55 0.95 0.85
v 0.55 0.95 0.75
v 0.55 0.95 0.65
v 0.55 0.95 0.0500001
v 0.55 0.95 -0.05
v 0.55 0.95 -0.55
v 0.55 0.95 -0.65
v 0.85 -0.95 0.95
v 0.85 -0.95 0.85
v 0.85 -0.95 0.65
v 0.85 -0.95 0.55
v 0.85 -0.95 0.45
v 0.85 -0.95 0.35
v 0.85 -0.95 0.25
v 0.85 -0.95 0.0500001
v 0.85 -0.95 -0.05
v 0.85 -0.95 -0.15
v 0.85 -0.95 -0.25
v 0.85 -0.95 -0.55
v 0.85 -0.95 -0.65
v 0.85 -0.95 -0.75
v 0.85 -0.95 -0.85
v 0.85 -0.85 0.95
v 0.85 -0.85 0.85
v 0.85 -0.85 0.65
v 0.85 -0.85 0.55
v 0.85 -0.85 0.45
v 0.85 -0.85 0.35
v 0.85 -0.85 0.25
v 0.85 -0.85 0.0500001
v 0.85 -0.85 -0.05
v 0.85 -0.85 -0.15
v 0.85 -0.85 -0.25
v 0.85 -0.85 -0.35
v 0.85 -0.85 -0.55
v 0.85 -0.85 -0.65
v 0.85 -0.85 -0.75
v 0.85 -0.85 -0.85
v 0.85 -0.75 0.95
v 0.85 -0.75 0.85
v 0.85 -0.75 0.35
v 0.85 -0.75 0.25
v 0.85 -0.75 -0.25
v 0.85 -0.75 -0.35
v 0.85 -0.65 0.95
v 0.85 -0.65 0.85
v 0.85 -0.65 0.65
v 0.85 -0.65 0.55
v 0.85 -0.65 0.45
v 0.85 -0.65 0.35
v 0.85 -0.65 0.25
v 0.85 -0.65 0.15
v 0.85 -0.65 0.0500001
v 0.85 -0.65 -0.05
v 0.85 -0.65 -0.15
v 0.85 -0.65 -0.25
v 0.85 -0.65 -0.35
v 0.85 -0.65 -0.45
v 0.85 -0.65 -0.55
v 0.85 -0.65 -0.65
v 0.85 -0.55 0.65
v 0.85 -0.55 0.55
v 0.85 -0.55 0.45
v 0.85 -0.55 0.35
v 0.85 -0.55 0.25
v 0.85 -0.55 0.15
v 0.85 -0.55 0.0500001
v 0.85 -0.55 -0.05
v 0.85 -0.55 -0.15
v 0.85 -0.55 -0.25
v 0.85 -0.55 -0.35
v 0.85 -0.55 -0.45
v 0.85 -0.55 -0.55
v 0.85 -0.55 -0.65
v 0.85 -0.45 0.35
v 0.85 -0.45 0.25
v 0.85 -0.45 -0.25
v 0.85 -0.45 -0.35
v 0.85 -0.35 0.85
v 0.85 -0.35 0.75
v 0.85 -0.35 0.65
v 0.85 -0.35 0.35
v 0.85 -0.35 0.25
v 0.85 -0.35 0.15
v 0.85 -0.35 0.0500001
v 0.85 -0.35 -0.05
v 0.85 -0.35 -0.25
v 0.85 -0.35 -0.35
v 0.85 -0.35 -0.55
v 0.85 -0.35 -0.65
v 0.85 -0.25 0.85
v 0.85 -0.25 0.75
v 0.85 -0.25 0.65
v 0.85 -0.25 0.25
v 0.85 -0.25 0.15
v 0.85 -0.25 0.0500001
v 0.85 -0.25 -0.05
v 0.85 -0.25 -0.55
v 0.85 -0.25 -0.65
v 0.85 -0.15 -0.55
v 0.85 -0.15 -0.65
v 0.85 -0.0500001 0.95
v 0.85 -0.0500001 0.85
v 0.85 -0.0500001 0.75
v 0.85 -0.0500001 0.65
v 0.85 -0.0500001 0.35
v 0.85 -0.0500001 0.25
v 0.85 -0.0500001 0.15
v 0.85 -0.0500001 0.0500001
v 0.85 -0.0500001 -0.05
v 0.85 -0.0500001 -0.35
v 0.85 -0.0500001 -0.45
v 0.85 -0.0500001 -0.55
v 0.85 -0.0500001 -0.65
v 0.85 -0.0500001 -0.85
v 0.85 -0.0500001 -0.95
v 0.85 0.05 0.95
v 0.85 0.05 0.85
v 0.85 0.05 0.75
v 0.85 0.05 0.65
v 0.85 0.05 0.35
v 0.85 0.05 0.25
v 0.85 0.05 0.15
v 0.85 0.05 0.0500001
v 0.85 0.05 -0.05
v 0.85 0.05 -0.25
v 0.85 0.05 -0.35
v 0.85 0.05 -0.45
v 0.85 0.05 -0.55
v 0.85 0.05 -0.65
v 0.85 0.05 -0.85
v 0.85 0.05 -0.95
v 0.85 0.15 0.95
v 0.85 0.15 0.85
v 0.85 0.15 0.35
v 0.85 0.15 0.25
v 0.85 0.15 -0.25
v 0.85 0.15 -0.35
v 0.85 0.15 -0.85
v 0.85 0.15 -0.95
v 0.85 0.25 0.95
v 0.85 0.25 0.85
v 0.85 0.25 0.75
v 0.85 0.25 0.65
v 0.85 0.25 0.55
v 0.85 0.25 0.35
v 0.85 0.25 0.25
v 0.85 0.25 0.15
v 0.85 0.25 0.0500001
v 0.85 0.25 -0.05
v 0.85 0.25 -0.25
v 0.85 0.25 -0.35
v 0.85 0.25 -0.45
v 0.85 0.25 -0.55
v 0.85 0.25 -0.65
v 0.85 0.25 -0.85
v 0.85 0.25 -0.95
v 0.85 0.35 0.95
v 0.85 0.35 0.85
v 0.85 0.35 0.75
v 0.85 0.35 0.65
v 0.85 0.35 0.55
v 0.85 0.35 0.25
v 0.85 0.35 0.15
v 0.85 0.35 0.0500001
v 0.85 0.35 -0.05
v 0.85 0.35 -0.25
v 0.85 0.35 -0.35
v 0.85 0.35 -0.45
v 0.85 0.35 -0.55
v 0.85 0.35 -0.65
v 0.85 0.45 0.0500001
v 0.85 0.45 -0.05
v 0.85 0.45 -0.55
v 0.85 0.45 -0.65
v 0.85 0.55 0.65
v 0.85 0.55 0.55
v 0.85 0.55 0.45
v 0.85 0.55 0.35
v 0.85 0.55 0.25
v 0.85 0.55 0.15
v 0.85 0.55 0.0500001
v 0.85 0.55 -0.05
v 0.85 0.55 -0.15
v 0.85 0.55 -0.25
v 0.85 0.55 -0.35
v 0.85 0.55 -0.55
v 0.85 0.55 -0.65
v 0.85 0.55 -0.75
v 0.85 0.55 -0.85
v 0.85 0.55 -0.95
v 0.85 0.65 0.65
v 0.85 0.65 0.55
v 0.85 0.65 0.45
v 0.85 0.65 0.35
v 0.85 0.65 0.25
v 0.85 0.65 0.15
v 0.85 0.65 0.0500001
v 0.85 0.65 -0.05
v 0.85 0.65 -0.15
v 0.85 0.65 -0.25
v 0.85 0.65 -0.35
v 0.85 0.65 -0.65
v 0.85 0.65 -0.75
v 0.85 0.65 -0.85
v 0.85 0.65 -0.95
v 0.85 0.75 0.65
v 0.85 0.75 0.55
v 0.85 0.75 -0.25
v 0.85 0.75 -0.35
v 0.85 0.85 0.65
v 0.85 0.85 0.55
v 0.85 0.85 0.45
v 0.85 0.85 0.35
v 0.85 0.85 0.25
v 0.85 0.85 0.15
v 0.85 0.85 0.0500001
v 0.85 0.85 -0.25
v 0.85 0.85 -0.35
v 0.85 0.85 -0.45
v 0.85 0.85 -0.55
v 0.85 0.85 -0.65
v 0.85 0.85 -0.75
v 0.85 0.85 -0.85
v 0.85 0.85 -0.95
v 0.85 0.95 0.65
v 0.85 0.95 0.55
v 0.85 0.95 0.45
v 0.85 0.95 0.35
v 0.85 0.95 0.25
v 0.85 0.95 0.15
v 0.85 0.95 0.0500001
v 0.85 0.95 -0.25
v 0.85 0.95 -0.35
v 0.85 0.95 -0.45
v 0.85 0.95 -0.55
v 0.85 0.95 -0.65
v 0.85 0.95 -0.75
v 0.85 0.95 -0.85
v 0.85 0.95 -0.95
v -0.85 -0.95 0.95
v -0.85 -0.95 0.85
v -0.85 -0.95 0.75
v -0.85 -0.95 0.65
v -0.85 -0.95 0.55
v -0.85 -0.95 0.45
v -0.85 -0.95 0.35
v -0.85 -0.95 0.25
v -0.85 -0.95 0.15
v -0.85 -0.95 0.0500001
v -0.85 -0.95 -0.05
v -0.85 -0.95 -0.15
v -0.85 -0.95 -0.25
v -0.85 -0.95 -0.55
v -0.85 -0.95 -0.65
v -0.85 -0.95 -0.75
v -0.85 -0.95 -0.85
v -0.85 -0.85 0.95
v -0.85 -0.85 0.85
v -0.85 -0.85 0.75
v -0.85 -0.85 0.65
v -0.85 -0.85 0.55
v -0.85 -0.85 0.45
v -0.85 -0.85 0.35
v -0.85 -0.85 0.25
v -0.85 -0.85 0.15
v -0.85 -0.85 0.0500001
v -0.85 -0.85 -0.05
v -0.85 -0.85 -0.15
v -0.85 -0.85 -0.25
v -0.85 -0.85 -0.55
v -0.85 -0.85 -0.65
v -0.85 -0.85 -0.75
v -0.85 -0.85 -0.85
v -0.85 -0.75 0.0500001
v -0.85 -0.75 -0.05
v -0.85 -0.75 -0.55
v -0.85 -0.75 -0.65
v -0.85 -0.65 0.95
v -0.85 -0.65 0.85
v -0.85 -0.65 0.75
v -0.85 -0.65 0.65
v -0.85 -0.65 0.55
v -0.85 -0.65 0.45
v -0.85 -0.65 0.35
v -0.85 -0.65 0.25
v -0.85 -0.65 0.15
v -0.85 -0.65 0.0500001
v -0.85 -0.65 -0.05
v -0.85 -0.65 -0.15
v -0.85 -0.65 -0.25
v -0.85 -0.65 -0.35
v -0.85 -0.65 -0.45
v -0.85 -0.65 -0.55
v -0.85 -0.65 -0.65
v -0.85 -0.65 -0.75
v -0.85 -0.65 -0.85
v -0.85 -0.65 -0.95
v -0.85 -0.55 0.95
v -0.85 -0.55 0.85
v -0.85 -0.55 0.75
v -0.85 -0.55 0.65
v -0.85 -0.55 0.55
v -0.85 -0.55 0.45
v -0.85 -0.55 0.35
v -0.85 -0.55 0.25
v -0.85 -0.55 0.15
v -0.85 -0.55 0.0500001
v -0.85 -0.55 -0.05
v -0.85 -0.55 -0.15
v -0.85 -0.55 -0.25
v -0.85 -0.55 -0.35
v -0.85 -0.55 -0.45
v -0.85 -0.55 -0.55
v -0.85 -0.55 -0.65
v -0.85 -0.55 -0.75
v -0.85 -0.55 -0.85
v -0.85 -0.55 -0.95
v -0.85 -0.45 0.0500001
v -0.85 -0.45 -0.05
v -0.85 -0.35 0.65
v -0.85 -0.35 0.55
v -0.85 -0.35 0.35
v -0.85 -0.35 0.25
v -0.85 -0.35 0.15
v -0.85 -0.35 0.0500001
v -0.85 -0.35 -0.05
v -0.85 -0.35 -0.15
v -0.85 -0.35 -0.25
v -0.85 -0.35 -0.55
v -0.85 -0.35 -0.65
v -0.85 -0.35 -0.85
v -0.85 -0.35 -0.95
v -0.85 -0.25 0.65
v -0.85 -0.25 0.55
v -0.85 -0.25 0.35
v -0.85 -0.25 0.25
v -0.85 -0.25 0.15
v -0.85 -0.25 0.0500001
v -0.85 -0.25 -0.05
v -0.85 -0.25 -0.15
v -0.85 -0.25 -0.25
v -0.85 -0.25 -0.55
v -0.85 -0.25 -0.65
v -0.85 -0.25 -0.85
v -0.85 -0.25 -0.95
v -0.85 -0.15 0.65
v -0.85 -0.15 0.55
v -0.85 -0.15 -0.55
v -0.85 -0.15 -0.65
v -0.85 -0.15 -0.85
v -0.85 -0.15 -0.95
v -0.85 -0.0500001 0.65
v -0.85 -0.0500001 0.55
v -0.85 -0.0500001 0.35
v -0.85 -0.0500001 0.25
v -0.85 -0.0500001 0.15
v -0.85 -0.0500001 0.0500001
v -0.85 -0.0500001 -0.25
v -0.85 -0.0500001 -0.35
v -0.85 -0.0500001 -0.55
v -0.85 -0.0500001 -0.65
v -0.85 -0.0500001 -0.85
v -0.85 -0.0500001 -0.95
v -0.85 0.05 0.95
v -0.85 0.05 0.85
v -0.85 0.05 0.65
v -0.85 0.05 0.55
v -0.85 0.05 0.35
v -0.85 0.05 0.25
v -0.85 0.05 0.15
v -0.85 0.05 0.0500001
v -0.85 0.05 -0.05
v -0.85 0.05 -0.25
v -0.85 0.05 -0.35
v -0.85 0.05 -0.55
v -0.85 0.05 -0.65
v -0.85 0.05 -0.85
v -0.85 0.05 -0.95
v -0.85 0.15 0.95
v -0.85 0.15 0.85
v -0.85 0.15 0.65
v -0.85 0.15 0.55
v -0.85 0.15 0.35
v -0.85 0.15 0.25
v -0.85 0.15 0.0500001
v -0.85 0.15 -0.05
v -0.85 0.15 -0.25
v -0.85 0.15 -0.35
v -0.85 0.15 -0.55
v -0.85 0.15 -0.65
v -0.85 0.15 -0.85
v -0.85 0.15 -0.95
v -0.85 0.25 0.95
v -0.85 0.25 0.85
v -0.85 0.25 0.65
v -0.85 0.25 0.55
v -0.85 0.25 0.45
v -0.85 0.25 0.35
v -0.85 0.25 0.25
v -0.85 0.25 0.0500001
v -0.85 0.25 -0.05
v -0.85 0.25 -0.25
v -0.85 0.25 -0.35
v -0.85 0.25 -0.45
v -0.85 0.25 -0.55
v -0.85 0.25 -0.65
v -0.85 0.25 -0.75
v -0.85 0.25 -0.85
v -0.85 0.25 -0.95
v -0.85 0.35 0.95
v -0.85 0.35 0.85
v -0.85 0.35 0.55
v -0.85 0.35 0.45
v -0.85 0.35 0.35
v -0.85 0.35 0.25
v -0.85 0.35 0.0500001
v -0.85 0.35 -0.05
v -0.85 0.35 -0.25
v -0.85 0.35 -0.35
v -0.85 0.35 -0.45
v -0.85 0.35 -0.55
v -0.85 0.35 -0.65
v -0.85 0.35 -0.75
v -0.85 0.35 -0.85
v -0.85 0.35 -0.95
v -0.85 0.45 -0.55
v -0.85 0.45 -0.65
v -0.85 0.45 -0.85
v -0.85 0.45 -0.95
v -0.85 0.55 0.95
v -0.85 0.55 0.85
v -0.85 0.55 0.75
v -0.85 0.55 0.65
v -0.85 0.55 0.55
v -0.85 0.55 0.45
v -0.85 0.55 0.35
v -0.85 0.55 0.25
v -0.85 0.55 0.0500001
v -0.85 0.55 -0.05
v -0.85 0.55 -0.15
v -0.85 0.55 -0.25
v -0.85 0.55 -0.35
v -0.85 0.55 -0.45
v -0.85 0.55 -0.55
v -0.85 0.55 -0.65
v -0.85 0.55 -0.85
v -0.85 0.55 -0.95
v -0.85 0.65 0.95
v -0.85 0.65 0.85
v -0.85 0.65 0.75
v -0.85 0.65 0.65
v -0.85 0.65 0.55
v -0.85 0.65 0.45
v -0.85 0.65 0.35
v -0.85 0.65 0.25
v -0.85 0.65 0.0500001
v -0.85 0.65 -0.05
v -0.85 0.65 -0.15
v -0.85 0.65 -0.25
v -0.85 0.65 -0.35
v -0.85 0.65 -0.45
v -0.85 0.65 -0.55
v -0.85 0.65 -0.65
v -0.85 0.65 -0.85
v -0.85 0.65 -0.95
v -0.85 0.75 0.95
v -0.85 0.75 0.85
v -0.85 0.75 0.65
v -0.85 0.75 0.55
v -0.85 0.75 -0.25
v -0.85 0.75 -0.35
v -0.85 0.75 -0.85
v -0.85 0.75 -0.95
v -0.85 0.85 0.95
v -0.85 0.85 0.85
v -0.85 0.85 0.65
v -0.85 0.85 0.55
v -0.85 0.85 0.45
v -0.85 0.85 0.35
v -0.85 0.85 -0.25
v -0.85 0.85 -0.35
v -0.85 0.85 -0.65
v -0.85 0.85 -0.75
v -0.85 0.85 -0.85
v -0.85 0.85 -0.95
v -0.85 0.95 0.95
v -0.85 0.95 0.85
v -0.85 0.95 0.65
v -0.85 0.95 0.55
v -0.85 0.95 0.45
v -0.85 0.95 0.35
v -0.85 0.95 -0.25
v -0.85 0.95 -0.35
v -0.85 0.95 -0.65
v -0.85 0.95 -0.75
v -0.85 0.95 -0.85
v -0.85 0.95 -0.95
v -0.55 -0.95 0.65
v -0.55 -0.95 0.55
v -0.55 -0.95 0.45
v -0.55 -0.95 0.35
v -0.55 -0.95 0.0500001
v -0.55 -0.95 -0.05
v -0.55 -0.95 -0.25
v -0.55 -0.95 -0.35
v -0.55 -0.95 -0.65
v -0.55 -0.95 -0.75
v -0.55 -0.95 -0.85
v -0.55 -0.95 -0.95
v -0.55 -0.85 0.65
v -0.55 -0.85 0.55
v -0.55 -0.85 0.45
v -0.55 -0.85 0.35
v -0.55 -0.85 0.0500001
v -0.55 -0.85 -0.05
v -0.55 -0.85 -0.25
v -0.55 -0.85 -0.35
v -0.55 -0.85 -0.65
v -0.55 -0.85 -0.75
v -0.55 -0.85 -0.85
v -0.55 -0.85 -0.95
v -0.55 -0.75 0.65
v -0.55 -0.75 0.55
v -0.55 -0.75 0.0500001
v -0.55 -0.75 -0.05
v -0.55 -0.65 0.95
v -0.55 -0.65 0.85
v -0.55 -0.65 0.65
v -0.55 -0.65 0.55
v -0.55 -0.65 0.0500001
v -0.55 -0.65 -0.05
v -0.55 -0.65 -0.25
v -0.55 -0.65 -0.35
v -0.55 -0.65 -0.55
v -0.55 -0.65 -0.65
v -0.55 -0.65 -0.85
v -0.55 -0.65 -0.95
v -0.55 -0.55 0.95
v -0.55 -0.55 0.85
v -0.55 -0.55 0.65
v -0.55 -0.55 0.55
v -0.55 -0.55 0.35
v -0.55 -0.55 0.25
v -0.55 -0.55 0.0500001
v -0.55 -0.55 -0.05
v -0.55 -0.55 -0.25
v -0.55 -0.55 -0.35
v -0.55 -0.55 -0.55
v -0.55 -0.55 -0.65
v -0.55 -0.55 -0.85
v -0.55 -0.55 -0.95
v -0.55 -0.45 0.95
v -0.55 -0.45 0.85
v -0.55 -0.45 0.35
v -0.55 -0.45 0.25
v -0.55 -0.45 -0.55
v -0.55 -0.45 -0.65
v -0.55 -0.45 -0.85
v -0.55 -0.45 -0.95
v -0.55 -0.35 0.95
v -0.55 -0.35 0.85
v -0.55 -0.35 0.65
v -0.55 -0.35 0.55
v -0.55 -0.35 0.45
v -0.55 -0.35 0.35
v -0.55 -0.35 0.25
v -0.55 -0.35 0.15
v -0.55 -0.35 0.0500001
v -0.55 -0.35 -0.05
v -0.55 -0.35 -0.15
v -0.55 -0.35 -0.25
v -0.55 -0.35 -0.35
v -0.55 -0.35 -0.45
v -0.55 -0.35 -0.55
v -0.55 -0.35 -0.65
v -0.55 -0.35 -0.85
v -0.55 -0.35 -0.95
v -0.55 -0.25 0.95
v -0.55 -0.25 0.85
v -0.55 -0.25 0.65
v -0.55 -0.25 0.55
v -0.55 -0.25 0.45
v -0.55 -0.25 0.35
v -0.55 -0.25 0.25
v -0.55 -0.25 0.15
v -0.55 -0.25 0.0500001
v -0.55 -0.25 -0.05
v -0.55 -0.25 -0.15
v -0.55 -0.25 -0.25
v -0.55 -0.25 -0.35
v -0.55 -0.25 -0.45
v -0.55 -0.25 -0.55
v -0.55 -0.25 -0.65
v -0.55 -0.25 -0.85
v -0.55 -0.25 -0.95
v -0.55 -0.15 0.0500001
v -0.55 -0.15 -0.05
v -0.55 -0.15 -0.55
v -0.55 -0.15 -0.65
v -0.55 -0.15 -0.85
v -0.55 -0.15 -0.95
v -0.55 -0.0500001 0.95
v -0.55 -0.0500001 0.85
v -0.55 -0.0500001 0.55
v -0.55 -0.0500001 0.45
v -0.55 -0.0500001 0.35
v -0.55 -0.0500001 0.25
v -0.55 -0.0500001 0.0500001
v -0.55 -0.0500001 -0.05
v -0.55 -0.0500001 -0.35
v -0.55 -0.0500001 -0.45
v -0.55 -0.0500001 -0.55
v -0.55 -0.0500001 -0.65
v -0.55 -0.0500001 -0.85
v -0.55 -0.0500001 -0.95
v -0.55 0.05 0.95
v -0.55 0.05 0.85
v -0.55 0.05 0.55
v -0.55 0.05 0.45
v -0.55 0.05 0.35
v -0.55 0.05 0.25
v -0.55 0.05 0.0500001
v -0.55 0.05 -0.05
v -0.55 0.05 -0.25
v -0.55 0.05 -0.35
v -0.55 0.05 -0.45
v -0.55 0.05 -0.55
v -0.55 0.05 -0.65
v -0.55 0.05 -0.85
v -0.55 0.05 -0.95
v -0.55 0.15 0.95
v -0.55 0.15 0.85
v -0.55 0.15 0.35
v -0.55 0.15 0.25
v -0.55 0.15 -0.25
v -0.55 0.15 -0.35
v -0.55 0.15 -0.55
v -0.55 0.15 -0.65
v -0.55 0.15 -0.85
v -0.55 0.15 -0.95
v -0.55 0.25 0.95
v -0.55 0.25 0.85
v -0.55 0.25 0.75
v -0.55 0.25 0.65
v -0.55 0.25 0.35
v -0.55 0.25 0.25
v -0.55 0.25 0.15
v -0.55 0.25 0.0500001
v -0.55 0.25 -0.05
v -0.55 0.25 -0.15
v -0.55 0.25 -0.25
v -0.55 0.25 -0.35
v -0.55 0.25 -0.55
v -0.55 0.25 -0.65
v -0.55 0.25 -0.75
v -0.55 0.25 -0.85
v -0.55 0.25 -0.95
v -0.55 0.35 0.95
v -0.55 0.35 0.85
v -0.55 0.35 0.75
v -0.55 0.35 0.65
v -0.55 0.35 0.25
v -0.55 0.35 0.15
v -0.55 0.35 0.0500001
v -0.55 0.35 -0.05
v -0.55 0.35 -0.15
v -0.55 0.35 -0.25
v -0.55 0.35 -0.35
v -0.55 0.35 -0.55
v -0.55 0.35 -0.65
v -0.55 0.35 -0.75
v -0.55 0.35 -0.85
v -0.55 0.35 -0.95
v -0.55 0.45 -0.25
v -0.55 0.45 -0.35
v -0.55 0.45 -0.55
v -0.55 0.45 -0.65
v -0.55 0.45 -0.85
v -0.55 0.45 -0.95
v -0.55 0.55 0.85
v -0.55 0.55 0.75
v -0.55 0.55 0.65
v -0.55 0.55 0.55
v -0.55 0.55 0.35
v -0.55 0.55 0.25
v -0.55 0.55 0.15
v -0.55 0.55 0.0500001
v -0.55 0.55 -0.05
v -0.55 0.55 -0.15
v -0.55 0.55 -0.25
v -0.55 0.55 -0.35
v -0.55 0.55 -0.55
v -0.55 0.55 -0.65
v -0.55 0.55 -0.85
v -0.55 0.55 -0.95
v -0.55 0.65 0.85
v -0.55 0.65 0.75
v -0.55 0.65 0.65
v -0.55 0.65 0.55
v -0.55 0.65 0.35
v -0.55 0.65 0.25
v -0.55 0.65 0.15
v -0.55 0.65 0.0500001
v -0.55 0.65 -0.05
v -0.55 0.65 -0.15
v -0.55 0.65 -0.25
v -0.55 0.65 -0.35
v -0.55 0.65 -0.55
v -0.55 0.65 -0.65
v -0.55 0.65 -0.85
v -0.55 0.65 -0.95
v -0.55 0.75 -0.85
v -0.55 0.75 -0.95
v -0.55 0.85 0.95
v -0.55 0.85 0.85
v -0.55 0.85 0.75
v -0.55 0.85 0.65
v -0.55 0.85 -0.05
v -0.55 0.85 -0.15
v -0.55 0.85 -0.25
v -0.55 0.85 -0.35
v -0.55 0.85 -0.45
v -0.55 0.85 -0.55
v -0.55 0.85 -0.65
v -0.55 0.85 -0.85
v -0.55 0.85 -0.95
v -0.55 0.95 0.95
v -0.55 0.95 0.85
v -0.55 0.95 0.75
v -0.55 0.95 0.65
v -0.55 0.95 -0.05
v -0.55 0.95 -0.15
v -0.55 0.95 -0.25
v -0.55 0.95 -0.35
v -0.55 0.95 -0.45
v -0.55 0.95 -0.55
v -0.55 0.95 -0.65
v -0.55 0.95 -0.85
v -0.55 0.95 -0.95
v -0.25 -0.95 0.95
v -0.25 -0.95 0.85
v -0.25 -0.95 0.75
v -0.25 -0.95 0.65
v -0.25 -0.95 0.55
v -0.25 -0.95 0.45
v -0.25 -0.95 0.35
v -0.25 -0.95 0.25
v -0.25 -0.95 0.0500001
v -0.25 -0.95 -0.05
v -0.25 -0.95 -0.15
v -0.25 -0.95 -0.25
v -0.25 -0.95 -0.35
v -0.25 -0.95 -0.45
v -0.25 -0.95 -0.55
v -0.25 -0.85 0.95
v -0.25 -0.85 0.85
v -0.25 -0.85 0.75
v -0.25 -0.85 0.65
v -0.25 -0.85 0.55
v -0.25 -0.85 0.45
v -0.25 -0.85 0.35
v -0.25 -0.85 0.25
v -0.25 -0.85 0.0500001
v -0.25 -0.85 -0.05
v -0.25 -0.85 -0.15
v -0.25 -0.85 -0.25
v -0.25 -0.85 -0.35
v -0.25 -0.85 -0.45
v -0.25 -0.85 -0.55
v -0.25 -0.85 -0.85
v -0.25 -0.85 -0.95
v -0.25 -0.75 0.65
v -0.25 -0.75 0.55
v -0.25 -0.75 -0.85
v -0.25 -0.75 -0.95
v -0.25 -0.65 0.95
v -0.25 -0.65 0.85
v -0.25 -0.65 0.75
v -0.25 -0.65 0.65
v -0.25 -0.65 0.55
v -0.25 -0.65 0.35
v -0.25 -0.65 0.25
v -0.25 -0.65 0.15
v -0.25 -0.65 0.0500001
v -0.25 -0.65 -0.05
v -0.25 -0.65 -0.35
v -0.25 -0.65 -0.45
v -0.25 -0.65 -0.55
v -0.25 -0.65 -0.65
v -0.25 -0.65 -0.75
v -0.25 -0.65 -0.85
v -0.25 -0.65 -0.95
v -0.25 -0.55 0.95
v -0.25 -0.55 0.85
v -0.25 -0.55 0.75
v -0.25 -0.55 0.65
v -0.25 -0.55 0.55
v -0.25 -0.55 0.35
v -0.25 -0.55 0.25
v -0.25 -0.55 0.15
v -0.25 -0.55 0.0500001
v -0.25 -0.55 -0.05
v -0.25 -0.55 -0.25
v -0.25 -0.55 -0.35
v -0.25 -0.55 -0.45
v -0.25 -0.55 -0.55
v -0.25 -0.55 -0.65
v -0.25 -0.55 -0.75
v -0.25 -0.55 -0.85
v -0.25 -0.55 -0.95
v -0.25 -0.45 0.65
v -0.25 -0.45 0.55
v -0.25 -0.45 -0.25
v -0.25 -0.45 -0.35
v -0.25 -0.35 0.65
v -0.25 -0.35 0.55
v -0.25 -0.35 0.35
v -0.25 -0.35 0.25
v -0.25 -0.35 0.15
v -0.25 -0.35 0.0500001
v -0.25 -0.35 -0.05
v -0.25 -0.35 -0.25
v -0.25 -0.35 -0.35
v -0.25 -0.35 -0.55
v -0.25 -0.35 -0.65
v -0.25 -0.25 0.65
v -0.25 -0.25 0.55
v -0.25 -0.25 0.35
v -0.25 -0.25 0.25
v -0.25 -0.25 0.15
v -0.25 -0.25 0.0500001
v -0.25 -0.25 -0.05
v -0.25 -0.25 -0.25
v -0.25 -0.25 -0.35
v -0.25 -0.25 -0.55
v -0.25 -0.25 -0.65
v -0.25 -0.15 0.35
v -0.25 -0.15 0.25
v -0.25 -0.15 0.0500001
v -0.25 -0.15 -0.05
v -0.25 -0.0500001 0.85
v -0.25 -0.0500001 0.75
v -0.25 -0.0500001 0.65
v -0.25 -0.0500001 0.55
v -0.25 -0.0500001 0.35
v -0.25 -0.0500001 0.25
v -0.25 -0.0500001 0.0500001
v -0.25 -0.0500001 -0.05
v -0.25 -0.0500001 -0.15
v -0.25 -0.0500001 -0.25
v -0.25 -0.0500001 -0.35
v -0.25 -0.0500001 -0.55
v -0.25 -0.0500001 -0.65
v -0.25 0.05 0.85
v -0.25 0.05 0.75
v -0.25 0.05 0.65
v -0.25 0.05 0.55
v -0.25 0.05 0.35
v -0.25 0.05 0.25
v -0.25 0.05 0.0500001
v -0.25 0.05 -0.05
v -0.25 0.05 -0.15
v -0.25 0.05 -0.25
v -0.25 0.05 -0.35
v -0.25 0.05 -0.55
v -0.25 0.05 -0.65
v -0.25 0.05 -0.85
v -0.25 0.05 -0.95
v -0.25 0.15 -0.85
v -0.25 0.15 -0.95
v -0.25 0.25 0.95
v -0.25 0.25 0.85
v -0.25 0.25 0.75
v -0.25 0.25 0.65
v -0.25 0.25 0.55
v -0.25 0.25 0.35
v -0.25 0.25 0.25
v -0.25 0.25 0.0500001
v -0.25 0.25 -0.05
v -0.25 0.25 -0.15
v -0.25 0.25 -0.25
v -0.25 0.25 -0.35
v -0.25 0.25 -0.65
v -0.25 0.25 -0.75
v -0.25 0.25 -0.85
v -0.25 0.25 -0.95
v -0.25 0.35 0.95
v -0.25 0.35 0.85
v -0.25 0.35 0.75
v -0.25 0.35 0.65
v -0.25 0.35 0.55
v -0.25 0.35 0.35
v -0.25 0.35 0.25
v -0.25 0.35 0.0500001
v -0.25 0.35 -0.05
v -0.25 0.35 -0.15
v -0.25 0.35 -0.25
v -0.25 0.35 -0.35
v -0.25 0.35 -0.65
v -0.25 0.35 -0.75
v -0.25 0.35 -0.85
v -0.25 0.35 -0.95
v -0.25 0.45 0.95
v -0.25 0.45 0.85
v -0.25 0.45 0.65
v -0.25 0.45 0.55
v -0.25 0.45 0.35
v -0.25 0.45 0.25
v -0.25 0.45 -0.25
v -0.25 0.45 -0.35
v -0.25 0.55 0.95
v -0.25 0.55 0.85
v -0.25 0.55 0.65
v -0.25 0.55 0.55
v -0.25 0.55 0.35
v -0.25 0.55 0.25
v -0.25 0.55 -0.25
v -0.25 0.55 -0.35
v -0.25 0.55 -0.55
v -0.25 0.55 -0.65
v -0.25 0.55 -0.75
v -0.25 0.55 -0.85
v -0.25 0.55 -0.95
v -0.25 0.65 0.95
v -0.25 0.65 0.85
v -0.25 0.65 0.65
v -0.25 0.65 0.55
v -0.25 0.65 0.0500001
v -0.25 0.65 -0.05
v -0.25 0.65 -0.55
v -0.25 0.65 -0.65
v -0.25 0.65 -0.75
v -0.25 0.65 -0.85
v -0.25 0.65 -0.95
v -0.25 0.75 0.95
v -0.25 0.75 0.85
v -0.25 0.75 0.0500001
v -0.25 0.75 -0.05
v -0.25 0.85 0.95
v -0.25 0.85 0.85
v -0.25 0.85 0.55
v -0.25 0.85 0.45
v -0.25 0.85 0.35
v -0.25 0.85 0.25
v -0.25 0.85 0.0500001
v -0.25 0.85 -0.05
v -0.25 0.85 -0.35
v -0.25 0.85 -0.45
v -0.25 0.85 -0.55
v -0.25 0.85 -0.65
v -0.25 0.85 -0.75
v -0.25 0.85 -0.85
v -0.25 0.85 -0.95
v -0.25 0.95 0.95
v -0.25 0.95 0.85
v -0.25 0.95 0.55
v -0.25 0.95 0.45
v -0.25 0.95 0.35
v -0.25 0.95 0.25
v -0.25 0.95 0.0500001
v -0.25 0.95 -0.05
v -0.25 0.95 -0.35
v -0.25 0.95 -0.45
v -0.25 0.95 -0.55
v -0.25 0.95 -0.65
v -0.25 0.95 -0.75
v -0.25 0.95 -0.85
v -0.25 0.95 -0.95
v 0.05 -0.95 0.95
v 0.05 -0.95 0.85
v 0.05 -0.95 0.75
v 0.05 -0.95 0.65
v 0.05 -0.95 0.0500001
v 0.05 -0.95 -0.05
v 0.05 -0.95 -0.25
v 0.05 -0.95 -0.35
v 0.05 -0.95 -0.45
v 0.05 -0.95 -0.55
v 0.05 -0.95 -0.65
v 0.05 -0.85 0.95
v 0.05 -0.85 0.85
v 0.05 -0.85 0.75
v 0.05 -0.85 0.65
v 0.05 -0.85 0.55
v 0.05 -0.85 0.0500001
v 0.05 -0.85 -0.05
v 0.05 -0.85 -0.25
v 0.05 -0.85 -0.35
v 0.05 -0.85 -0.45
v 0.05 -0.85 -0.55
v 0.05 -0.85 -0.65
v 0.05 -0.75 0.65
v 0.05 -0.75 0.55
v 0.05 -0.75 0.0500001
v 0.05 -0.75 -0.05
v 0.05 -0.75 -0.55
v 0.05 -0.75 -0.65
v 0.05 -0.65 0.95
v 0.05 -0.65 0.85
v 0.05 -0.65 0.75
v 0.05 -0.65 0.65
v 0.05 -0.65 0.55
v 0.05 -0.65 0.35
v 0.05 -0.65 0.25
v 0.05 -0.65 0.15
v 0.05 -0.65 0.0500001
v 0.05 -0.65 -0.05
v 0.05 -0.65 -0.15
v 0.05 -0.65 -0.25
v 0.05 -0.65 -0.35
v 0.05 -0.65 -0.55
v 0.05 -0.65 -0.65
v 0.05 -0.65 -0.75
v 0.05 -0.65 -0.85
v 0.05 -0.55 0.95
v 0.05 -0.55 0.85
v 0.05 -0.55 0.75
v 0.05 -0.55 0.65
v 0.05 -0.55 0.55
v 0.05 -0.55 0.35
v 0.05 -0.55 0.25
v 0.05 -0.55 0.15
v 0.05 -0.55 0.0500001
v 0.05 -0.55 -0.05
v 0.05 -0.55 -0.15
v 0.05 -0.55 -0.25
v 0.05 -0.55 -0.35
v 0.05 -0.55 -0.55
v 0.05 -0.55 -0.65
v 0.05 -0.55 -0.75
v 0.05 -0.55 -0.85
v 0.05 -0.55 -0.95
v 0.05 -0.45 -0.85
v 0.05 -0.45 -0.95
v 0.05 -0.35 0.95
v 0.05 -0.35 0.85
v 0.05 -0.35 0.55
v 0.05 -0.35 0.45
v 0.05 -0.35 0.35
v 0.05 -0.35 0.25
v 0.05 -0.35 0.15
v 0.05 -0.35 0.0500001
v 0.05 -0.35 -0.05
v 0.05 -0.35 -0.15
v 0.05 -0.35 -0.25
v 0.05 -0.35 -0.35
v 0.05 -0.35 -0.45
v 0.05 -0.35 -0.55
v 0.05 -0.35 -0.65
v 0.05 -0.35 -0.85
v 0.05 -0.35 -0.95
v 0.05 -0.25 0.95
v 0.05 -0.25 0.85
v 0.05 -0.25 0.65
v 0.05 -0.25 0.55
v 0.05 -0.25 0.45
v 0.05 -0.25 0.35
v 0.05 -0.25 0.25
v 0.05 -0.25 0.15
v 0.05 -0.25 0.0500001
v 0.05 -0.25 -0.05
v 0.05 -0.25 -0.15
v 0.05 -0.25 -0.25
v 0.05 -0.25 -0.35
v 0.05 -0.25 -0.45
v 0.05 -0.25 -0.55
v 0.05 -0.25 -0.65
v 0.05 -0.25 -0.85
v 0.05 -0.25 -0.95
v 0.05 -0.15 0.95
v 0.05 -0.15 0.85
v 0.05 -0.15 0.65
v 0.05 -0.15 0.55
v 0.05 -0.15 -0.55
v 0.05 -0.15 -0.65
v 0.05 -0.0500001 0.95
v 0.05 -0.0500001 0.85
v 0.05 -0.0500001 0.65
v 0.05 -0.0500001 0.55
v 0.05 -0.0500001 0.45
v 0.05 -0.0500001 0.35
v 0.05 -0.0500001 0.25
v 0.05 -0.0500001 -0.05
v 0.05 -0.0500001 -0.15
v 0.05 -0.0500001 -0.25
v 0.05 -0.0500001 -0.35
v 0.05 -0.0500001 -0.45
v 0.05 -0.0500001 -0.55
v 0.05 -0.0500001 -0.65
v 0.05 -0.0500001 -0.75
v 0.05 -0.0500001 -0.85
v 0.05 -0.0500001 -0.95
v 0.05 0.05 0.95
v 0.05 0.05 0.85
v 0.05 0.05 0.65
v 0.05 0.05 0.55
v 0.05 0.05 0.45
v 0.05 0.05 0.35
v 0.05 0.05 0.25
v 0.05 0.05 -0.05
v 0.05 0.05 -0.15
v 0.05 0.05 -0.25
v 0.05 0.05 -0.35
v 0.05 0.05 -0.45
v 0.05 0.05 -0.55
v 0.05 0.05 -0.65
v 0.05 0.05 -0.75
v 0.05 0.05 -0.85
v 0.05 0.05 -0.95
v 0.05 0.15 0.65
v 0.05 0.15 0.55
v 0.05 0.15 0.35
v 0.05 0.15 0.25
v 0.05 0.15 -0.85
v 0.05 0.15 -0.95
v 0.05 0.25 0.95
v 0.05 0.25 0.85
v 0.05 0.25 0.75
v 0.05 0.25 0.65
v 0.05 0.25 0.55
v 0.05 0.25 0.35
v 0.05 0.25 0.25
v 0.05 0.25 0.15
v 0.05 0.25 0.0500001
v 0.05 0.25 -0.05
v 0.05 0.25 -0.25
v 0.05 0.25 -0.35
v 0.05 0.25 -0.45
v 0.05 0.25 -0.55
v 0.05 0.25 -0.65
v 0.05 0.25 -0.85
v 0.05 0.25 -0.95
v 0.05 0.35 0.95
v 0.05 0.35 0.85
v 0.05 0.35 0.75
v 0.05 0.35 0.65
v 0.05 0.35 0.55
v 0.05 0.35 0.35
v 0.05 0.35 0.25
v 0.05 0.35 0.15
v 0.05 0.35 0.0500001
v 0.05 0.35 -0.05
v 0.05 0.35 -0.25
v 0.05 0.35 -0.35
v 0.05 0.35 -0.45
v 0.05 0.35 -0.55
v 0.05 0.35 -0.65
v 0.05 0.35 -0.85
v 0.05 0.35 -0.95
v 0.05 0.45 0.95
v 0.05 0.45 0.85
v 0.05 0.45 -0.55
v 0.05 0.45 -0.65
v 0.05 0.45 -0.85
v 0.05 0.45 -0.95
v 0.05 0.55 0.95
v 0.05 0.55 0.85
v 0.05 0.55 0.75
v 0.05 0.55 0.65
v 0.05 0.55 0.55
v 0.05 0.55 0.35
v 0.05 0.55 0.25
v 0.05 0.55 0.0500001
v 0.05 0.55 -0.05
v 0.05 0.55 -0.25
v 0.05 0.55 -0.35
v 0.05 0.55 -0.55
v 0.05 0.55 -0.65
v 0.05 0.55 -0.85
v 0.05 0.55 -0.95
v 0.05 0.65 0.85
v 0.05 0.65 0.75
v 0.05 0.65 0.65
v 0.05 0.65 0.55
v 0.05 0.65 0.35
v 0.05 0.65 0.25
v 0.05 0.65 0.0500001
v 0.05 0.65 -0.05
v 0.05 0.65 -0.25
v 0.05 0.65 -0.35
v 0.05 0.65 -0.55
v 0.05 0.65 -0.65
v 0.05 0.65 -0.85
v 0.05 0.65 -0.95
v 0.05 0.75 0.65
v 0.05 0.75 0.55
v 0.05 0.75 0.35
v 0.05 0.75 0.25
v 0.05 0.75 -0.25
v 0.05 0.75 -0.35
v 0.05 0.75 -0.85
v 0.05 0.75 -0.95
v 0.05 0.85 0.65
v 0.05 0.85 0.55
v 0.05 0.85 0.35
v 0.05 0.85 0.25
v 0.05 0.85 0.0500001
v 0.05 0.85 -0.05
v 0.05 0.85 -0.15
v 0.05 0.85 -0.25
v 0.05 0.85 -0.35
v 0.05 0.85 -0.65
v 0.05 0.85 -0.75
v 0.05 0.85 -0.85
v 0.05 0.85 -0.95
v 0.05 0.95 0.65
v 0.05 0.95 0.55
v 0.05 0.95 0.0500001
v 0.05 0.95 -0.05
v 0.05 0.95 -0.15
v 0.05 0.95 -0.25
v 0.05 0.95 -0.35
v 0.05 0.95 -0.65
v 0.05 0.95 -0.75
v 0.05 0.95 -0.85
v 0.05 0.95 -0.95
v 0.35 -0.95 0.95
v 0.35 -0.95 0.85
v 0.35 -0.95 0.75
v 0.35 -0.95 0.65
v 0.35 -0.95 0.55
v 0.35 -0.95 0.0500001
v 0.35 -0.95 -0.05
v 0.35 -0.95 -0.15
v 0.35 -0.95 -0.25
v 0.35 -0.95 -0.35
v 0.35 -0.95 -0.55
v 0.35 -0.95 -0.65
v 0.35 -0.95 -0.75
v 0.35 -0.95 -0.85
v 0.35 -0.85 0.95
v 0.35 -0.85 0.85
v 0.35 -0.85 0.75
v 0.35 -0.85 0.65
v 0.35 -0.85 0.55
v 0.35 -0.85 0.35
v 0.35 -0.85 0.25
v 0.35 -0.85 0.0500001
v 0.35 -0.85 -0.05
v 0.35 -0.85 -0.15
v 0.35 -0.85 -0.25
v 0.35 -0.85 -0.35
v 0.35 -0.85 -0.55
v 0.35 -0.85 -0.65
v 0.35 -0.85 -0.75
v 0.35 -0.85 -0.85
v 0.35 -0.75 0.35
v 0.35 -0.75 0.25
v 0.35 -0.75 0.0500001
v 0.35 -0.75 -0.05
v 0.35 -0.75 -0.25
v 0.35 -0.75 -0.35
v 0.35 -0.65 0.95
v 0.35 -0.65 0.85
v 0.35 -0.65 0.75
v 0.35 -0.65 0.65
v 0.35 -0.65 0.55
v 0.35 -0.65 0.45
v 0.35 -0.65 0.35
v 0.35 -0.65 0.25
v 0.35 -0.65 0.0500001
v 0.35 -0.65 -0.05
v 0.35 -0.65 -0.25
v 0.35 -0.65 -0.35
v 0.35 -0.65 -0.65
v 0.35 -0.65 -0.75
v 0.35 -0.65 -0.85
v 0.35 -0.65 -0.95
v 0.35 -0.55 0.95
v 0.35 -0.55 0.85
v 0.35 -0.55 0.75
v 0.35 -0.55 0.65
v 0.35 -0.55 0.55
v 0.35 -0.55 0.45
v 0.35 -0.55 0.35
v 0.35 -0.55 0.25
v 0.35 -0.55 0.0500001
v 0.35 -0.55 -0.05
v 0.35 -0.55 -0.25
v 0.35 -0.55 -0.35
v 0.35 -0.55 -0.65
v 0.35 -0.55 -0.75
v 0.35 -0.55 -0.85
v 0.35 -0.55 -0.95
v 0.35 -0.45 0.0500001
v 0.35 -0.45 -0.05
v 0.35 -0.35 0.95
v 0.35 -0.35 0.85
v 0.35 -0.35 0.75
v 0.35 -0.35 0.65
v 0.35 -0.35 0.35
v 0.35 -0.35 0.25
v 0.35 -0.35 0.0500001
v 0.35 -0.35 -0.05
v 0.35 -0.35 -0.25
v 0.35 -0.35 -0.35
v 0.35 -0.35 -0.45
v 0.35 -0.35 -0.55
v 0.35 -0.35 -0.85
v 0.35 -0.35 -0.95
v 0.35 -0.25 0.95
v 0.35 -0.25 0.85
v 0.35 -0.25 0.75
v 0.35 -0.25 0.65
v 0.35 -0.25 0.35
v 0.35 -0.25 0.25
v 0.35 -0.25 -0.25
v 0.35 -0.25 -0.35
v 0.35 -0.25 -0.45
v 0.35 -0.25 -0.55
v 0.35 -0.25 -0.65
v 0.35 -0.25 -0.85
v 0.35 -0.25 -0.95
v 0.35 -0.15 -0.25
v 0.35 -0.15 -0.35
v 0.35 -0.15 -0.55
v 0.35 -0.15 -0.65
v 0.35 -0.15 -0.85
v 0.35 -0.15 -0.95
v 0.35 -0.0500001 0.65
v 0.35 -0.0500001 0.55
v 0.35 -0.0500001 0.35
v 0.35 -0.0500001 0.25
v 0.35 -0.0500001 0.15
v 0.35 -0.0500001 0.0500001
v 0.35 -0.0500001 -0.25
v 0.35 -0.0500001 -0.35
v 0.35 -0.0500001 -0.55
v 0.35 -0.0500001 -0.65
v 0.35 -0.0500001 -0.85
v 0.35 -0.0500001 -0.95
v 0.35 0.05 0.65
v 0.35 0.05 0.55
v 0.35 0.05 0.35
v 0.35 0.05 0.25
v 0.35 0.05 0.15
v 0.35 0.05 0.0500001
v 0.35 0.05 -0.25
v 0.35 0.05 -0.35
v 0.35 0.05 -0.55
v 0.35 0.05 -0.65
v 0.35 0.05 -0.85
v 0.35 0.05 -0.95
v 0.35 0.15 -0.55
v 0.35 0.15 -0.65
v 0.35 0.15 -0.85
v 0.35 0.15 -0.95
v 0.35 0.25 0.95
v 0.35 0.25 0.85
v 0.35 0.25 0.75
v 0.35 0.25 0.65
v 0.35 0.25 0.55
v 0.35 0.25 0.35
v 0.35 0.25 0.25
v 0.35 0.25 0.0500001
v 0.35 0.25 -0.05
v 0.35 0.25 -0.35
v 0.35 0.25 -0.45
v 0.35 0.25 -0.55
v 0.35 0.25 -0.65
v 0.35 0.25 -0.85
v 0.35 0.25 -0.95
v 0.35 0.35 0.95
v 0.35 0.35 0.85
v 0.35 0.35 0.75
v 0.35 0.35 0.65
v 0.35 0.35 0.55
v 0.35 0.35 0.35
v 0.35 0.35 0.25
v 0.35 0.35 0.0500001
v 0.35 0.35 -0.05
v 0.35 0.35 -0.35
v 0.35 0.35 -0.45
v 0.35 0.35 -0.55
v 0.35 0.35 -0.65
v 0.35 0.35 -0.85
v 0.35 0.35 -0.95
v 0.35 0.45 0.65
v 0.35 0.45 0.55
v 0.35 0.45 0.35
v 0.35 0.45 0.25
v 0.35 0.45 0.0500001
v 0.35 0.45 -0.05
v 0.35 0.45 -0.85
v 0.35 0.45 -0.95
v 0.35 0.55 0.95
v 0.35 0.55 0.85
v 0.35 0.55 0.65
v 0.35 0.55 0.55
v 0.35 0.55 0.35
v 0.35 0.55 0.25
v 0.35 0.55 0.0500001
v 0.35 0.55 -0.05
v 0.35 0.55 -0.15
v 0.35 0.55 -0.25
v 0.35 0.55 -0.35
v 0.35 0.55 -0.45
v 0.35 0.55 -0.55
v 0.35 0.55 -0.85
v 0.35 0.55 -0.95
v 0.35 0.65 0.95
v 0.35 0.65 0.85
v 0.35 0.65 0.65
v 0.35 0.65 0.55
v 0.35 0.65 0.0500001
v 0.35 0.65 -0.05
v 0.35 0.65 -0.15
v 0.35 0.65 -0.25
v 0.35 0.65 -0.35
v 0.35 0.65 -0.45
v 0.35 0.65 -0.55
v 0.35 0.65 -0.65
v 0.35 0.65 -0.85
v 0.35 0.65 -0.95
v 0.35 0.75 0.65
v 0.35 0.75 0.55
v 0.35 0.75 -0.55
v 0.35 0.75 -0.65
v 0.35 0.75 -0.85
v 0.35 0.75 -0.95
v 0.35 0.85 0.95
v 0.35 0.85 0.85
v 0.35 0.85 0.75
v 0.35 0.85 0.65
v 0.35 0.85 0.55
v 0.35 0.85 0.45
v 0.35 0.85 0.35
v 0.35 0.85 0.0500001
v 0.35 0.85 -0.05
v 0.35 0.85 -0.15
v 0.35 0.85 -0.25
v 0.35 0.85 -0.35
v 0.35 0.85 -0.45
v 0.35 0.85 -0.55
v 0.35 0.85 -0.65
v 0.35 0.85 -0.85
v 0.35 0.85 -0.95
v 0.35 0.95 0.95
v 0.35 0.95 0.85
v 0.35 0.95 0.75
v 0.35 0.95 0.65
v 0.35 0.95 0.55
v 0.35 0.95 0.45
v 0.35 0.95 0.35
v 0.35 0.95 0.0500001
v 0.35 0.95 -0.05
v 0.35 0.95 -0.15
v 0.35 0.95 -0.25
v 0.35 0.95 -0.35
v 0.35 0.95 -0.45
v 0.35 0.95 -0.55
v 0.35 0.95 -0.65
v 0.65 -0.95 0.95
v 0.65 -0.95 0.85
v 0.65 -0.95 0.75
v 0.65 -0.95 0.65
v 0.65 -0.95 0.55
v 0.65 -0.95 0.45
v 0.65 -0.95 0.35
v 0.65 -0.95 0.25
v 0.65 -0.95 0.15
v 0.65 -0.95 0.0500001
v 0.65 -0.95 -0.05
v 0.65 -0.95 -0.15
v 0.65 -0.95 -0.25
v 0.65 -0.95 -0.35
v 0.65 -0.95 -0.45
v 0.65 -0.95 -0.55
v 0.65 -0.95 -0.65
v 0.65 -0.85 0.95
v 0.65 -0.85 0.85
v 0.65 -0.85 0.75
v 0.65 -0.85 0.65
v 0.65 -0.85 0.55
v 0.65 -0.85 0.45
v 0.65 -0.85 0.35
v 0.65 -0.85 0.25
v 0.65 -0.85 0.15
v 0.65 -0.85 0.0500001
v 0.65 -0.85 -0.05
v 0.65 -0.85 -0.15
v 0.65 -0.85 -0.25
v 0.65 -0.85 -0.35
v 0.65 -0.85 -0.45
v 0.65 -0.85 -0.55
v 0.65 -0.85 -0.65
v 0.65 -0.75 0.0500001
v 0.65 -0.75 -0.05
v 0.65 -0.75 -0.55
v 0.65 -0.75 -0.65
v 0.65 -0.65 0.85
v 0.65 -0.65 0.75
v 0.65 -0.65 0.65
v 0.65 -0.65 0.55
v 0.65 -0.65 0.35
v 0.65 -0.65 0.25
v 0.65 -0.65 0.15
v 0.65 -0.65 0.0500001
v 0.65 -0.65 -0.05
v 0.65 -0.65 -0.25
v 0.65 -0.65 -0.35
v 0.65 -0.65 -0.45
v 0.65 -0.65 -0.55
v 0.65 -0.65 -0.65
v 0.65 -0.55 0.85
v 0.65 -0.55 0.75
v 0.65 -0.55 0.65
v 0.65 -0.55 0.55
v 0.65 -0.55 0.35
v 0.65 -0.55 0.25
v 0.65 -0.55 0.15
v 0.65 -0.55 0.0500001
v 0.65 -0.55 -0.05
v 0.65 -0.55 -0.25
v 0.65 -0.55 -0.35
v 0.65 -0.55 -0.45
v 0.65 -0.55 -0.55
v 0.65 -0.55 -0.65
v 0.65 -0.55 -0.85
v 0.65 -0.55 -0.95
v 0.65 -0.45 0.65
v 0.65 -0.45 0.55
v 0.65 -0.45 -0.85
v 0.65 -0.45 -0.95
v 0.65 -0.35 0.65
v 0.65 -0.35 0.55
v 0.65 -0.35 0.0500001
v 0.65 -0.35 -0.05
v 0.65 -0.35 -0.55
v 0.65 -0.35 -0.65
v 0.65 -0.35 -0.85
v 0.65 -0.35 -0.95
v 0.65 -0.25 0.0500001
v 0.65 -0.25 -0.05
v 0.65 -0.25 -0.55
v 0.65 -0.25 -0.65
v 0.65 -0.25 -0.85
v 0.65 -0.25 -0.95
v 0.65 -0.15 -0.85
v 0.65 -0.15 -0.95
v 0.65 -0.0500001 0.95
v 0.65 -0.0500001 0.85
v 0.65 -0.0500001 0.35
v 0.65 -0.0500001 0.25
v 0.65 -0.0500001 0.0500001
v 0.65 -0.0500001 -0.05
v 0.65 -0.0500001 -0.55
v 0.65 -0.0500001 -0.65
v 0.65 -0.0500001 -0.75
v 0.65 -0.0500001 -0.85
v 0.65 -0.0500001 -0.95
v 0.65 0.05 0.95
v 0.65 0.05 0.85
v 0.65 0.05 0.65
v 0.65 0.05 0.55
v 0.65 0.05 0.35
v 0.65 0.05 0.25
v 0.65 0.05 0.0500001
v 0.65 0.05 -0.05
v 0.65 0.05 -0.55
v 0.65 0.05 -0.65
v 0.65 0.05 -0.75
v 0.65 0.05 -0.85
v 0.65 0.05 -0.95
v 0.65 0.15 0.95
v 0.65 0.15 0.85
v 0.65 0.15 0.65
v 0.65 0.15 0.55
v 0.65 0.15 0.35
v 0.65 0.15 0.25
v 0.65 0.25 0.95
v 0.65 0.25 0.85
v 0.65 0.25 0.65
v 0.65 0.25 0.55
v 0.65 0.25 0.45
v 0.65 0.25 0.35
v 0.65 0.25 0.25
v 0.65 0.25 0.0500001
v 0.65 0.25 -0.05
v 0.65 0.25 -0.25
v 0.65 0.25 -0.35
v 0.65 0.25 -0.55
v 0.65 0.25 -0.65
v 0.65 0.35 0.95
v 0.65 0.35 0.85
v 0.65 0.35 0.65
v 0.65 0.35 0.55
v 0.65 0.35 0.45
v 0.65 0.35 0.35
v 0.65 0.35 0.25
v 0.65 0.35 0.0500001
v 0.65 0.35 -0.05
v 0.65 0.35 -0.25
v 0.65 0.35 -0.35
v 0.65 0.35 -0.55
v 0.65 0.35 -0.65
v 0.65 0.45 0.95
v 0.65 0.45 0.85
v 0.65 0.45 0.35
v 0.65 0.45 0.25
v 0.65 0.45 0.0500001
v 0.65 0.45 -0.05
v 0.65 0.45 -0.55
v 0.65 0.45 -0.65
v 0.65 0.55 0.95
v 0.65 0.55 0.85
v 0.65 0.55 0.65
v 0.65 0.55 0.55
v 0.65 0.55 0.35
v 0.65 0.55 0.25
v 0.65 0.55 0.0500001
v 0.65 0.55 -0.05
v 0.65 0.55 -0.15
v 0.65 0.55 -0.25
v 0.65 0.55 -0.35
v 0.65 0.55 -0.55
v 0.65 0.55 -0.65
v 0.65 0.55 -0.85
v 0.65 0.55 -0.95
v 0.65 0.65 0.95
v 0.65 0.65 0.85
v 0.65 0.65 0.65
v 0.65 0.65 0.55
v 0.65 0.65 0.35
v 0.65 0.65 0.25
v 0.65 0.65 0.0500001
v 0.65 0.65 -0.05
v 0.65 0.65 -0.15
v 0.65 0.65 -0.25
v 0.65 0.65 -0.35
v 0.65 0.65 -0.85
v 0.65 0.65 -0.95
v 0.65 0.75 0.95
v 0.65 0.75 0.85
v 0.65 0.75 0.65
v 0.65 0.75 0.55
v 0.65 0.75 0.35
v 0.65 0.75 0.25
v 0.65 0.85 0.95
v 0.65 0.85 0.85
v 0.65 0.85 0.75
v 0.65 0.85 0.65
v 0.65 0.85 0.55
v 0.65 0.85 0.35
v 0.65 0.85 0.25
v 0.65 0.85 -0.25
v 0.65 0.85 -0.35
v 0.65 0.85 -0.85
v 0.65 0.85 -0.95
v 0.65 0.95 0.85
v 0.65 0.95 0.75
v 0.65 0.95 0.65
v 0.65 0.95 0.55
v 0.65 0.95 0.35
v 0.65 0.95 0.25
v 0.65 0.95 -0.25
v 0.65 0.95 -0.35
v 0.65 0.95 -0.85
v 0.65 0.95 -0.95
v 0.95 -0.95 0.95
v 0.95 -0.95 0.85
v 0.95 -0.95 0.65
v 0.95 -0.95 0.55
v 0.95 -0.95 0.45
v 0.95 -0.95 0.35
v 0.95 -0.95 0.25
v 0.95 -0.95 0.0500001
v 0.95 -0.95 -0.05
v 0.95 -0.95 -0.15
v 0.95 -0.95 -0.25
v 0.95 -0.95 -0.35
v 0.95 -0.95 -0.55
v 0.95 -0.95 -0.65
v 0.95 -0.95 -0.75
v 0.95 -0.95 -0.85
v 0.95 -0.95 -0.95
v 0.95 -0.85 0.95
v 0.95 -0.85 0.85
v 0.95 -0.85 0.65
v 0.95 -0.85 0.55
v 0.95 -0.85 0.45
v 0.95 -0.85 0.35
v 0.95 -0.85 0.25
v 0.95 -0.85 0.0500001
v 0.95 -0.85 -0.05
v 0.95 -0.85 -0.15
v 0.95 -0.85 -0.25
v 0.95 -0.85 -0.35
v 0.95 -0.85 -0.55
v 0.95 -0.85 -0.65
v 0.95 -0.85 -0.75
v 0.95 -0.85 -0.85
v 0.95 -0.85 -0.95
v 0.95 -0.75 0.95
v 0.95 -0.75 0.85
v 0.95 -0.75 0.35
v 0.95 -0.75 0.25
v 0.95 -0.75 -0.25
v 0.95 -0.75 -0.35
v 0.95 -0.65 0.95
v 0.95 -0.65 0.85
v 0.95 -0.65 0.65
v 0.95 -0.65 0.55
v 0.95 -0.65 0.45
v 0.95 -0.65 0.35
v 0.95 -0.65 0.25
v 0.95 -0.65 0.15
v 0.95 -0.65 0.0500001
v 0.95 -0.65 -0.05
v 0.95 -0.65 -0.15
v 0.95 -0.65 -0.25
v 0.95 -0.65 -0.35
v 0.95 -0.65 -0.45
v 0.95 -0.65 -0.55
v 0.95 -0.65 -0.65
v 0.95 -0.65 -0.85
v 0.95 -0.65 -0.95
v 0.95 -0.55 0.95
v 0.95 -0.55 0.85
v 0.95 -0.55 0.65
v 0.95 -0.55 0.55
v 0.95 -0.55 0.45
v 0.95 -0.55 0.35
v 0.95 -0.55 0.25
v 0.95 -0.55 0.15
v 0.95 -0.55 0.0500001
v 0.95 -0.55 -0.05
v 0.95 -0.55 -0.15
v 0.95 -0.55 -0.25
v 0.95 -0.55 -0.35
v 0.95 -0.55 -0.45
v 0.95 -0.55 -0.55
v 0.95 -0.55 -0.65
v 0.95 -0.55 -0.85
v 0.95 -0.55 -0.95
v 0.95 -0.45 0.35
v 0.95 -0.45 0.25
v 0.95 -0.45 -0.25
v 0.95 -0.45 -0.35
v 0.95 -0.35 0.95
v 0.95 -0.35 0.85
v 0.95 -0.35 0.75
v 0.95 -0.35 0.65
v 0.95 -0.35 0.55
v 0.95 -0.35 0.35
v 0.95 -0.35 0.25
v 0.95 -0.35 0.15
v 0.95 -0.35 0.0500001
v 0.95 -0.35 -0.05
v 0.95 -0.35 -0.25
v 0.95 -0.35 -0.35
v 0.95 -0.35 -0.55
v 0.95 -0.35 -0.65
v 0.95 -0.35 -0.85
v 0.95 -0.35 -0.95
v 0.95 -0.25 0.95
v 0.95 -0.25 0.85
v 0.95 -0.25 0.75
v 0.95 -0.25 0.65
v 0.95 -0.25 0.55
v 0.95 -0.25 0.35
v 0.95 -0.25 0.25
v 0.95 -0.25 0.15
v 0.95 -0.25 0.0500001
v 0.95 -0.25 -0.05
v 0.95 -0.25 -0.25
v 0.95 -0.25 -0.35
v 0.95 -0.25 -0.55
v 0.95 -0.25 -0.65
v 0.95 -0.25 -0.85
v 0.95 -0.25 -0.95
v 0.95 -0.15 -0.55
v 0.95 -0.15 -0.65
v 0.95 -0.0500001 0.95
v 0.95 -0.0500001 0.85
v 0.95 -0.0500001 0.75
v 0.95 -0.0500001 0.65
v 0.95 -0.0500001 0.55
v 0.95 -0.0500001 0.35
v 0.95 -0.0500001 0.25
v 0.95 -0.0500001 0.15
v 0.95 -0.0500001 0.0500001
v 0.95 -0.0500001 -0.05
v 0.95 -0.0500001 -0.25
v 0.95 -0.0500001 -0.35
v 0.95 -0.0500001 -0.45
v 0.95 -0.0500001 -0.55
v 0.95 -0.0500001 -0.65
v 0.95 -0.0500001 -0.85
v 0.95 -0.0500001 -0.95
v 0.95 0.05 0.95
v 0.95 0.05 0.85
v 0.95 0.05 0.75
v 0.95 0.05 0.65
v 0.95 0.05 0.55
v 0.95 0.05 0.35
v 0.95 0.05 0.25
v 0.95 0.05 0.15
v 0.95 0.05 0.0500001
v 0.95 0.05 -0.05
v 0.95 0.05 -0.25
v 0.95 0.05 -0.35
v 0.95 0.05 -0.45
v 0.95 0.05 -0.55
v 0.95 0.05 -0.65
v 0.95 0.05 -0.85
v 0.95 0.05 -0.95
v 0.95 0.15 0.95
v 0.95 0.15 0.85
v 0.95 0.15 0.35
v 0.95 0.15 0.25
v 0.95 0.15 -0.25
v 0.95 0.15 -0.35
v 0.95 0.15 -0.85
v 0.95 0.15 -0.95
v 0.95 0.25 0.95
v 0.95 0.25 0.85
v 0.95 0.25 0.75
v 0.95 0.25 0.65
v 0.95 0.25 0.55
v 0.95 0.25 0.35
v 0.95 0.25 0.25
v 0.95 0.25 0.15
v 0.95 0.25 0.0500001
v 0.95 0.25 -0.05
v 0.95 0.25 -0.25
v 0.95 0.25 -0.35
v 0.95 0.25 -0.45
v 0.95 0.25 -0.55
v 0.95 0.25 -0.65
v 0.95 0.25 -0.85
v 0.95 0.25 -0.95
v 0.95 0.35 0.95
v 0.95 0.35 0.85
v 0.95 0.35 0.75
v 0.95 0.35 0.65
v 0.95 0.35 0.55
v 0.95 0.35 0.35
v 0.95 0.35 0.25
v 0.95 0.35 0.15
v 0.95 0.35 0.0500001
v 0.95 0.35 -0.05
v 0.95 0.35 -0.25
v 0.95 0.35 -0.35
v 0.95 0.35 -0.45
v 0.95 0.35 -0.55
v 0.95 0.35 -0.65
v 0.95 0.35 -0.85
v 0.95 0.35 -0.95
v 0.95 0.45 0.0500001
v 0.95 0.45 -0.05
v 0.95 0.45 -0.55
v 0.95 0.45 -0.65
v 0.95 0.55 0.95
v 0.95 0.55 0.85
v 0.95 0.55 0.65
v 0.95 0.55 0.55
v 0.95 0.55 0.45
v 0.95 0.55 0.35
v 0.95 0.55 0.25
v 0.95 0.55 0.15
v 0.95 0.55 0.0500001
v 0.95 0.55 -0.05
v 0.95 0.55 -0.15
v 0.95 0.55 -0.25
v 0.95 0.55 -0.35
v 0.95 0.55 -0.55
v 0.95 0.55 -0.65
v 0.95 0.55 -0.75
v 0.95 0.55 -0.85
v 0.95 0.55 -0.95
v 0.95 0.65 0.95
v 0.95 0.65 0.85
v 0.95 0.65 0.65
v 0.95 0.65 0.55
v 0.95 0.65 0.45
v 0.95 0.65 0.35
v 0.95 0.65 0.25
v 0.95 0.65 0.15
v 0.95 0.65 0.0500001
v 0.95 0.65 -0.05
v 0.95 0.65 -0.15
v 0.95 0.65 -0.25
v 0.95 0.65 -0.35
v 0.95 0.65 -0.55
v 0.95 0.65 -0.65
v 0.95 0.65 -0.75
v 0.95 0.65 -0.85
v 0.95 0.65 -0.95
v 0.95 0.75 0.65
v 0.95 0.75 0.55
v 0.95 0.75 -0.25
v 0.95 0.75 -0.35
v 0.95 0.85 0.95
v 0.95 0.85 0.85
v 0.95 0.85 0.65
v 0.95 0.85 0.55
v 0.95 0.85 0.45
v 0.95 0.85 0.35
v 0.95 0.85 0.25
v 0.95 0.85 0.15
v 0.95 0.85 0.0500001
v 0.95 0.85 -0.05
v 0.95 0.85 -0.25
v 0.95 0.85 -0.35
v 0.95 0.85 -0.45
v 0.95 0.85 -0.55
v 0.95 0.85 -0.65
v 0.95 0.85 -0.75
v 0.95 0.85 -0.85
v 0.95 0.85 -0.95
v 0.95 0.95 0.95
v 0.95 0.95 0.85
v 0.95 0.95 0.65
v 0.95 0.95 0.55
v 0.95 0.95 0.45
v 0.95 0.95 0.35
v 0.95 0.95 0.25
v 0.95 0.95 0.15
v 0.95 0.95 0.0500001
v 0.95 0.95 -0.05
v 0.95 0.95 -0.25
v 0.95 0.95 -0.35
v 0.95 0.95 -0.45
v 0.95 0.95 -0.55
v 0.95 0.95 -0.65
v 0.95 0.95 -0.75
v 0.95 0.95 -0.85
v 0.95 0.95 -0.95
v -0.95 -0.95 0.95
v -0.95 -0.85 0.95
v -0.95 -0.65 0.95
v -0.95 -0.55 0.95
v -0.95 -0.35 0.95
v -0.95 -0.25 0.95
v -0.95 -0.0500001 0.95
v -0.95 0.05 0.95
v -0.95 0.15 0.95
v -0.95 0.25 0.95
v -0.95 0.35 0.95
v -0.95 0.55 0.95
v -0.95 0.65 0.95
v -0.95 0.75 0.95
v -0.95 0.85 0.95
v -0.95 0.95 0.95
v -0.85 -0.95 0.95
v -0.85 -0.85 0.95
v -0.85 -0.65 0.95
v -0.85 -0.55 0.95
v -0.85 -0.35 0.95
v -0.85 -0.25 0.95
v -0.85 -0.0500001 0.95
v -0.85 0.05 0.95
v -0.85 0.15 0.95
v -0.85 0.25 0.95
v -0.85 0.35 0.95
v -0.85 0.55 0.95
v -0.85 0.65 0.95
v -0.85 0.75 0.95
v -0.85 0.85 0.95
v -0.85 0.95 0.95
v -0.75 -0.35 0.95
v -0.75 -0.25 0.95
v -0.75 -0.0500001 0.95
v -0.75 0.05 0.95
v -0.65 -0.95 0.95
v -0.65 -0.85 0.95
v -0.65 -0.65 0.95
v -0.65 -0.55 0.95
v -0.65 -0.45 0.95
v -0.65 -0.35 0.95
v -0.65 -0.25 0.95
v -0.65 -0.0500001 0.95
v -0.65 0.05 0.95
v -0.65 0.15 0.95
v -0.65 0.25 0.95
v -0.65 0.35 0.95
v -0.65 0.55 0.95
v -0.65 0.65 0.95
v -0.65 0.85 0.95
v -0.65 0.95 0.95
v -0.55 -0.95 0.95
v -0.55 -0.85 0.95
v -0.55 -0.65 0.95
v -0.55 -0.55 0.95
v -0.55 -0.45 0.95
v -0.55 -0.35 0.95
v -0.55 -0.25 0.95
v -0.55 -0.0500001 0.95
v -0.55 0.05 0.95
v -0.55 0.15 0.95
v -0.55 0.25 0.95
v -0.55 0.35 0.95
v -0.55 0.55 0.95
v -0.55 0.65 0.95
v -0.55 0.85 0.95
v -0.55 0.95 0.95
v -0.45 -0.95 0.95
v -0.45 -0.85 0.95
v -0.45 0.55 0.95
v -0.45 0.65 0.95
v -0.35 -0.95 0.95
v -0.35 -0.85 0.95
v -0.35 -0.65 0.95
v -0.35 -0.55 0.95
v -0.35 -0.35 0.95
v -0.35 -0.25 0.95
v -0.35 -0.0500001 0.95
v -0.35 0.05 0.95
v -0.35 0.25 0.95
v -0.35 0.35 0.95
v -0.35 0.45 0.95
v -0.35 0.55 0.95
v -0.35 0.65 0.95
v -0.35 0.75 0.95
v -0.35 0.85 0.95
v -0.35 0.95 0.95
v -0.25 -0.95 0.95
v -0.25 -0.85 0.95
v -0.25 -0.65 0.95
v -0.25 -0.55 0.95
v -0.25 -0.35 0.95
v -0.25 -0.25 0.95
v -0.25 -0.0500001 0.95
v -0.25 0.05 0.95
v -0.25 0.25 0.95
v -0.25 0.35 0.95
v -0.25 0.45 0.95
v -0.25 0.55 0.95
v -0.25 0.65 0.95
v -0.25 0.75 0.95
v -0.25 0.85 0.95
v -0.25 0.95 0.95
v -0.15 -0.35 0.95
v -0.15 -0.25 0.95
v -0.15 -0.0500001 0.95
v -0.15 0.05 0.95
v -0.0500001 -0.95 0.95
v -0.0500001 -0.85 0.95
v -0.0500001 -0.65 0.95
v -0.0500001 -0.55 0.95
v -0.0500001 -0.35 0.95
v -0.0500001 -0.25 0.95
v -0.0500001 -0.15 0.95
v -0.0500001 -0.0500001 0.95
v -0.0500001 0.05 0.95
v -0.0500001 0.25 0.95
v -0.0500001 0.35 0.95
v -0.0500001 0.45 0.95
v -0.0500001 0.55 0.95
v -0.0500001 0.65 0.95
v -0.0500001 0.85 0.95
v -0.0500001 0.95 0.95
v 0.05 -0.95 0.95
v 0.05 -0.85 0.95
v 0.05 -0.65 0.95
v 0.05 -0.55 0.95
v 0.05 -0.35 0.95
v 0.05 -0.25 0.95
v 0.05 -0.15 0.95
v 0.05 -0.0500001 0.95
v 0.05 0.05 0.95
v 0.05 0.25 0.95
v 0.05 0.35 0.95
v 0.05 0.45 0.95
v 0.05 0.55 0.95
v 0.05 0.65 0.95
v 0.05 0.85 0.95
v 0.05 0.95 0.95
v 0.15 0.55 0.95
v 0.15 0.65 0.95
v 0.15 0.85 0.95
v 0.15 0.95 0.95
v 0.25 -0.95 0.95
v 0.25 -0.85 0.95
v 0.25 -0.65 0.95
v 0.25 -0.55 0.95
v 0.25 -0.35 0.95
v 0.25 -0.25 0.95
v 0.25 -0.0500001 0.95
v 0.25 0.05 0.95
v 0.25 0.25 0.95
v 0.25 0.35 0.95
v 0.25 0.55 0.95
v 0.25 0.65 0.95
v 0.25 0.85 0.95
v 0.25 0.95 0.95
v 0.35 -0.95 0.95
v 0.35 -0.85 0.95
v 0.35 -0.65 0.95
v 0.35 -0.55 0.95
v 0.35 -0.35 0.95
v 0.35 -0.25 0.95
v 0.35 -0.0500001 0.95
v 0.35 0.05 0.95
v 0.35 0.25 0.95
v 0.35 0.35 0.95
v 0.35 0.55 0.95
v 0.35 0.65 0.95
v 0.35 0.85 0.95
v 0.35 0.95 0.95
v 0.45 -0.0500001 0.95
v 0.45 0.05 0.95
v 0.55 -0.95 0.95
v 0.55 -0.85 0.95
v 0.55 -0.65 0.95
v 0.55 -0.55 0.95
v 0.55 -0.35 0.95
v 0.55 -0.25 0.95
v 0.55 -0.0500001 0.95
v 0.55 0.05 0.95
v 0.55 0.15 0.95
v 0.55 0.25 0.95
v 0.55 0.35 0.95
v 0.55 0.45 0.95
v 0.55 0.55 0.95
v 0.55 0.65 0.95
v 0.55 0.75 0.95
v 0.55 0.85 0.95
v 0.55 0.95 0.95
v 0.65 -0.95 0.95
v 0.65 -0.85 0.95
v 0.65 -0.65 0.95
v 0.65 -0.55 0.95
v 0.65 -0.35 0.95
v 0.65 -0.25 0.95
v 0.65 -0.0500001 0.95
v 0.65 0.05 0.95
v 0.65 0.15 0.95
v 0.65 0.25 0.95
v 0.65 0.35 0.95
v 0.65 0.45 0.95
v 0.65 0.55 0.95
v 0.65 0.65 0.95
v 0.65 0.75 0.95
v 0.65 0.85 0.95
v 0.65 0.95 0.95
v 0.75 -0.65 0.95
v 0.75 -0.55 0.95
v 0.75 -0.35 0.95
v 0.75 -0.25 0.95
v 0.75 0.55 0.95
v 0.75 0.65 0.95
v 0.75 0.85 0.95
v 0.75 0.95 0.95
v 0.85 -0.95 0.95
v 0.85 -0.85 0.95
v 0.85 -0.75 0.95
v 0.85 -0.65 0.95
v 0.85 -0.55 0.95
v 0.85 -0.35 0.95
v 0.85 -0.25 0.95
v 0.85 -0.0500001 0.95
v 0.85 0.05 0.95
v 0.85 0.15 0.95
v 0.85 0.25 0.95
v 0.85 0.35 0.95
v 0.85 0.55 0.95
v 0.85 0.65 0.95
v 0.85 0.85 0.95
v 0.85 0.95 0.95
v 0.95 -0.95 0.95
v 0.95 -0.85 0.95
v 0.95 -0.75 0.95
v 0.95 -0.65 0.95
v 0.95 -0.55 0.95
v 0.95 -0.35 0.95
v 0.95 -0.25 0.95
v 0.95 -0.0500001 0.95
v 0.95 0.05 0.95
v 0.95 0.15 0.95
v 0.95 0.25 0.95
v 0.95 0.35 0.95
v 0.95 0.55 0.95
v 0.95 0.65 0.95
v 0.95 0.85 0.95
v 0.95 0.95 0.95
v -0.95 -0.35 0.65
v -0.95 -0.25 0.65
v -0.95 -0.15 0.65
v -0.95 -0.0500001 0.65
v -0.95 0.05 0.65
v -0.95 0.15 0.65
v -0.95 0.25 0.65
v -0.95 0.35 0.65
v -0.95 0.65 0.65
v -0.95 0.75 0.65
v -0.95 0.85 0.65
v -0.95 0.95 0.65
v -0.85 -0.35 0.65
v -0.85 -0.25 0.65
v -0.85 -0.15 0.65
v -0.85 -0.0500001 0.65
v -0.85 0.05 0.65
v -0.85 0.15 0.65
v -0.85 0.25 0.65
v -0.85 0.35 0.65
v -0.85 0.65 0.65
v -0.85 0.75 0.65
v -0.85 0.85 0.65
v -0.85 0.95 0.65
v -0.75 0.25 0.65
v -0.75 0.35 0.65
v -0.65 -0.95 0.65
v -0.65 -0.85 0.65
v -0.65 -0.75 0.65
v -0.65 -0.65 0.65
v -0.65 -0.55 0.65
v -0.65 -0.35 0.65
v -0.65 -0.25 0.65
v -0.65 -0.0500001 0.65
v -0.65 0.05 0.65
v -0.65 0.25 0.65
v -0.65 0.35 0.65
v -0.55 -0.95 0.65
v -0.55 -0.85 0.65
v -0.55 -0.75 0.65
v -0.55 -0.65 0.65
v -0.55 -0.55 0.65
v -0.55 -0.35 0.65
v -0.55 -0.25 0.65
v -0.55 -0.0500001 0.65
v -0.55 0.05 0.65
v -0.55 0.25 0.65
v -0.55 0.35 0.65
v -0.55 0.85 0.65
v -0.55 0.95 0.65
v -0.45 -0.0500001 0.65
v -0.45 0.05 0.65
v -0.45 0.25 0.65
v -0.45 0.35 0.65
v -0.45 0.85 0.65
v -0.45 0.95 0.65
v -0.35 -0.85 0.65
v -0.35 -0.75 0.65
v -0.35 -0.65 0.65
v -0.35 -0.55 0.65
v -0.35 -0.45 0.65
v -0.35 -0.35 0.65
v -0.35 -0.25 0.65
v -0.35 -0.0500001 0.65
v -0.35 0.05 0.65
v -0.35 0.25 0.65
v -0.35 0.35 0.65
v -0.35 0.45 0.65
v -0.35 0.55 0.65
v -0.35 0.65 0.65
v -0.35 0.85 0.65
v -0.35 0.95 0.65
v -0.25 -0.85 0.65
v -0.25 -0.75 0.65
v -0.25 -0.65 0.65
v -0.25 -0.55 0.65
v -0.25 -0.45 0.65
v -0.25 -0.35 0.65
v -0.25 -0.25 0.65
v -0.25 0.35 0.65
v -0.25 0.45 0.65
v -0.25 0.55 0.65
v -0.25 0.65 0.65
v -0.25 0.85 0.65
v -0.25 0.95 0.65
v -0.15 -0.65 0.65
v -0.15 -0.55 0.65
v -0.15 0.85 0.65
v -0.15 0.95 0.65
v -0.0500001 -0.85 0.65
v -0.0500001 -0.75 0.65
v -0.0500001 -0.65 0.65
v -0.0500001 -0.55 0.65
v -0.0500001 -0.35 0.65
v -0.0500001 -0.25 0.65
v -0.0500001 -0.15 0.65
v -0.0500001 -0.0500001 0.65
v -0.0500001 0.05 0.65
v -0.0500001 0.15 0.65
v -0.0500001 0.25 0.65
v -0.0500001 0.65 0.65
v -0.0500001 0.75 0.65
v -0.0500001 0.85 0.65
v -0.0500001 0.95 0.65
v 0.05 -0.95 0.65
v 0.05 -0.85 0.65
v 0.05 -0.75 0.65
v 0.05 -0.65 0.65
v 0.05 -0.35 0.65
v 0.05 -0.25 0.65
v 0.05 -0.15 0.65
v 0.05 -0.0500001 0.65
v 0.05 0.05 0.65
v 0.05 0.15 0.65
v 0.05 0.25 0.65
v 0.05 0.65 0.65
v 0.05 0.75 0.65
v 0.05 0.85 0.65
v 0.05 0.95 0.65
v 0.15 -0.95 0.65
v 0.15 -0.85 0.65
v 0.15 -0.35 0.65
v 0.15 -0.25 0.65
v 0.15 -0.0500001 0.65
v 0.15 0.05 0.65
v 0.25 -0.95 0.65
v 0.25 -0.85 0.65
v 0.25 -0.35 0.65
v 0.25 -0.25 0.65
v 0.25 -0.0500001 0.65
v 0.25 0.05 0.65
v 0.25 0.35 0.65
v 0.25 0.45 0.65
v 0.25 0.55 0.65
v 0.25 0.65 0.65
v 0.25 0.75 0.65
v 0.25 0.85 0.65
v 0.35 -0.35 0.65
v 0.35 -0.25 0.65
v 0.35 -0.0500001 0.65
v 0.35 0.05 0.65
v 0.35 0.35 0.65
v 0.35 0.45 0.65
v 0.35 0.55 0.65
v 0.35 0.65 0.65
v 0.35 0.75 0.65
v 0.35 0.85 0.65
v 0.35 0.95 0.65
v 0.45 -0.35 0.65
v 0.45 -0.25 0.65
v 0.45 0.85 0.65
v 0.45 0.95 0.65
v 0.55 -0.55 0.65
v 0.55 -0.45 0.65
v 0.55 -0.35 0.65
v 0.55 -0.25 0.65
v 0.55 -0.0500001 0.65
v 0.55 0.05 0.65
v 0.55 0.15 0.65
v 0.55 0.25 0.65
v 0.55 0.35 0.65
v 0.55 0.55 0.65
v 0.55 0.65 0.65
v 0.55 0.75 0.65
v 0.55 0.85 0.65
v 0.55 0.95 0.65
v 0.65 -0.55 0.65
v 0.65 -0.45 0.65
v 0.65 -0.35 0.65
v 0.65 -0.25 0.65
v 0.65 -0.0500001 0.65
v 0.65 0.05 0.65
v 0.65 0.15 0.65
v 0.65 0.25 0.65
v 0.65 0.35 0.65
v 0.65 0.55 0.65
v 0.65 0.65 0.65
v 0.65 0.75 0.65
v 0.65 0.85 0.65
v 0.75 -0.35 0.65
v 0.75 -0.25 0.65
v 0.75 -0.0500001 0.65
v 0.75 0.05 0.65
v 0.85 -0.95 0.65
v 0.85 -0.85 0.65
v 0.85 -0.65 0.65
v 0.85 -0.55 0.65
v 0.85 -0.35 0.65
v 0.85 -0.25 0.65
v 0.85 -0.0500001 0.65
v 0.85 0.05 0.65
v 0.85 0.55 0.65
v 0.85 0.65 0.65
v 0.85 0.75 0.65
v 0.85 0.85 0.65
v 0.85 0.95 0.65
v 0.95 -0.95 0.65
v 0.95 -0.85 0.65
v 0.95 -0.65 0.65
v 0.95 -0.55 0.65
v 0.95 0.55 0.65
v 0.95 0.65 0.65
v 0.95 0.75 0.65
v 0.95 0.85 0.65
v 0.95 0.95 0.65
v -0.95 -0.35 0.35
v -0.95 -0.25 0.35
v -0.95 -0.0500001 0.35
v -0.95 0.05 0.35
v -0.95 0.15 0.35
v -0.95 0.25 0.35
v -0.85 -0.95 0.35
v -0.85 -0.85 0.35
v -0.85 -0.35 0.35
v -0.85 -0.25 0.35
v -0.85 -0.0500001 0.35
v -0.85 0.05 0.35
v -0.85 0.15 0.35
v -0.85 0.25 0.35
v -0.85 0.85 0.35
v -0.85 0.95 0.35
v -0.75 -0.95 0.35
v -0.75 -0.85 0.35
v -0.75 0.85 0.35
v -0.75 0.95 0.35
v -0.65 -0.95 0.35
v -0.65 -0.85 0.35
v -0.65 -0.65 0.35
v -0.65 -0.55 0.35
v -0.65 -0.45 0.35
v -0.65 -0.35 0.35
v -0.65 0.05 0.35
v -0.65 0.15 0.35
v -0.65 0.25 0.35
v -0.65 0.35 0.35
v -0.65 0.55 0.35
v -0.65 0.65 0.35
v -0.65 0.85 0.35
v -0.65 0.95 0.35
v -0.55 -0.95 0.35
v -0.55 -0.85 0.35
v -0.55 -0.65 0.35
v -0.55 -0.55 0.35
v -0.55 -0.45 0.35
v -0.55 -0.35 0.35
v -0.55 0.05 0.35
v -0.55 0.15 0.35
v -0.55 0.25 0.35
v -0.55 0.35 0.35
v -0.55 0.55 0.35
v -0.55 0.65 0.35
v -0.55 0.85 0.35
v -0.55 0.95 0.35
v -0.45 -0.95 0.35
v -0.45 -0.85 0.35
v -0.45 -0.65 0.35
v -0.45 -0.55 0.35
v -0.45 0.25 0.35
v -0.45 0.35 0.35
v -0.45 0.85 0.35
v -0.45 0.95 0.35
v -0.35 -0.95 0.35
v -0.35 -0.85 0.35
v -0.35 -0.65 0.35
v -0.35 -0.55 0.35
v -0.35 -0.35 0.35
v -0.35 -0.25 0.35
v -0.35 -0.15 0.35
v -0.35 -0.0500001 0.35
v -0.35 0.05 0.35
v -0.35 0.25 0.35
v -0.35 0.35 0.35
v -0.35 0.45 0.35
v -0.35 0.55 0.35
v -0.35 0.65 0.35
v -0.35 0.85 0.35
v -0.35 0.95 0.35
v -0.25 -0.65 0.35
v -0.25 -0.55 0.35
v -0.25 -0.35 0.35
v -0.25 -0.25 0.35
v -0.25 -0.15 0.35
v -0.25 -0.0500001 0.35
v -0.25 0.05 0.35
v -0.25 0.25 0.35
v -0.25 0.35 0.35
v -0.25 0.45 0.35
v -0.25 0.55 0.35
v -0.25 0.65 0.35
v -0.15 0.55 0.35
v -0.15 0.65 0.35
v -0.0500001 -0.95 0.35
v -0.0500001 -0.85 0.35
v -0.0500001 -0.65 0.35
v -0.0500001 -0.55 0.35
v -0.0500001 0.05 0.35
v -0.0500001 0.15 0.35
v -0.0500001 0.25 0.35
v -0.0500001 0.35 0.35
v -0.0500001 0.55 0.35
v -0.0500001 0.65 0.35
v -0.0500001 0.75 0.35
v -0.0500001 0.85 0.35
v -0.0500001 0.95 0.35
v 0.05 -0.95 0.35
v 0.05 -0.85 0.35
v 0.05 -0.65 0.35
v 0.05 -0.55 0.35
v 0.05 -0.35 0.35
v 0.05 -0.25 0.35
v 0.05 0.05 0.35
v 0.05 0.15 0.35
v 0.05 0.25 0.35
v 0.05 0.35 0.35
v 0.05 0.55 0.35
v 0.05 0.65 0.35
v 0.05 0.75 0.35
v 0.05 0.85 0.35
v 0.05 0.95 0.35
v 0.15 -0.95 0.35
v 0.15 -0.85 0.35
v 0.15 -0.35 0.35
v 0.15 -0.25 0.35
v 0.15 0.85 0.35
v 0.15 0.95 0.35
v 0.25 -0.95 0.35
v 0.25 -0.85 0.35
v 0.25 -0.75 0.35
v 0.25 -0.65 0.35
v 0.25 -0.35 0.35
v 0.25 -0.25 0.35
v 0.25 -0.0500001 0.35
v 0.25 0.05 0.35
v 0.25 0.25 0.35
v 0.25 0.35 0.35
v 0.25 0.45 0.35
v 0.25 0.55 0.35
v 0.25 0.65 0.35
v 0.25 0.85 0.35
v 0.25 0.95 0.35
v 0.35 -0.95 0.35
v 0.35 -0.85 0.35
v 0.35 -0.75 0.35
v 0.35 -0.65 0.35
v 0.35 -0.35 0.35
v 0.35 -0.25 0.35
v 0.35 -0.0500001 0.35
v 0.35 0.05 0.35
v 0.35 0.25 0.35
v 0.35 0.35 0.35
v 0.35 0.45 0.35
v 0.35 0.55 0.35
v 0.35 0.65 0.35
v 0.35 0.85 0.35
v 0.35 0.95 0.35
v 0.45 -0.95 0.35
v 0.45 -0.85 0.35
v 0.45 0.55 0.35
v 0.45 0.65 0.35
v 0.45 0.85 0.35
v 0.45 0.95 0.35
v 0.55 -0.95 0.35
v 0.55 -0.85 0.35
v 0.55 -0.65 0.35
v 0.55 -0.55 0.35
v 0.55 -0.35 0.35
v 0.55 -0.25 0.35
v 0.55 -0.0500001 0.35
v 0.55 0.05 0.35
v 0.55 0.15 0.35
v 0.55 0.25 0.35
v 0.55 0.35 0.35
v 0.55 0.45 0.35
v 0.55 0.55 0.35
v 0.55 0.65 0.35
v 0.55 0.75 0.35
v 0.55 0.85 0.35
v 0.55 0.95 0.35
v 0.65 -0.65 0.35
v 0.65 -0.55 0.35
v 0.65 -0.35 0.35
v 0.65 -0.25 0.35
v 0.65 -0.0500001 0.35
v 0.65 0.05 0.35
v 0.65 0.15 0.35
v 0.65 0.25 0.35
v 0.65 0.35 0.35
v 0.65 0.45 0.35
v 0.65 0.55 0.35
v 0.65 0.65 0.35
v 0.65 0.75 0.35
v 0.65 0.85 0.35
v 0.65 0.95 0.35
v 0.75 -0.35 0.35
v 0.75 -0.25 0.35
v 0.75 0.25 0.35
v 0.75 0.35 0.35
v 0.85 -0.85 0.35
v 0.85 -0.75 0.35
v 0.85 -0.65 0.35
v 0.85 -0.55 0.35
v 0.85 -0.45 0.35
v 0.85 -0.35 0.35
v 0.85 -0.25 0.35
v 0.85 -0.0500001 0.35
v 0.85 0.05 0.35
v 0.85 0.15 0.35
v 0.85 0.25 0.35
v 0.85 0.35 0.35
v 0.95 -0.85 0.35
v 0.95 -0.75 0.35
v 0.95 -0.65 0.35
v 0.95 -0.55 0.35
v 0.95 -0.45 0.35
v 0.95 -0.35 0.35
v 0.95 -0.25 0.35
v 0.95 -0.0500001 0.35
v 0.95 0.05 0.35
v 0.95 0.15 0.35
v 0.95 0.25 0.35
v 0.95 0.35 0.35
v -0.95 -0.85 0.0500001
v -0.95 -0.75 0.0500001
v -0.95 -0.65 0.0500001
v -0.95 -0.55 0.0500001
v -0.95 -0.45 0.0500001
v -0.95 -0.35 0.0500001
v -0.95 0.05 0.0500001
v -0.95 0.15 0.0500001
v -0.95 0.25 0.0500001
v -0.95 0.35 0.0500001
v -0.95 0.55 0.0500001
v -0.95 0.65 0.0500001
v -0.95 0.85 0.0500001
v -0.95 0.95 0.0500001
v -0.85 -0.85 0.0500001
v -0.85 -0.75 0.0500001
v -0.85 -0.65 0.0500001
v -0.85 -0.55 0.0500001
v -0.85 -0.45 0.0500001
v -0.85 -0.35 0.0500001
v -0.85 -0.0500001 0.0500001
v -0.85 0.05 0.0500001
v -0.85 0.15 0.0500001
v -0.85 0.25 0.0500001
v -0.85 0.35 0.0500001
v -0.85 0.55 0.0500001
v -0.85 0.65 0.0500001
v -0.85 0.85 0.0500001
v -0.85 0.95 0.0500001
v -0.75 -0.65 0.0500001
v -0.75 -0.55 0.0500001
v -0.75 -0.0500001 0.0500001
v -0.75 0.05 0.0500001
v -0.75 0.85 0.0500001
v -0.75 0.95 0.0500001
v -0.65 -0.95 0.0500001
v -0.65 -0.85 0.0500001
v -0.65 -0.75 0.0500001
v -0.65 -0.65 0.0500001
v -0.65 -0.55 0.0500001
v -0.65 -0.25 0.0500001
v -0.65 -0.15 0.0500001
v -0.65 -0.0500001 0.0500001
v -0.65 0.05 0.0500001
v -0.65 0.85 0.0500001
v -0.65 0.95 0.0500001
v -0.55 -0.95 0.0500001
v -0.55 -0.85 0.0500001
v -0.55 -0.75 0.0500001
v -0.55 -0.65 0.0500001
v -0.55 -0.55 0.0500001
v -0.55 -0.25 0.0500001
v -0.55 -0.15 0.0500001
v -0.55 -0.0500001 0.0500001
v -0.55 0.05 0.0500001
v -0.55 0.85 0.0500001
v -0.55 0.95 0.0500001
v -0.45 0.85 0.0500001
v -0.45 0.95 0.0500001
v -0.35 -0.95 0.0500001
v -0.35 -0.85 0.0500001
v -0.35 -0.25 0.0500001
v -0.35 -0.15 0.0500001
v -0.35 -0.0500001 0.0500001
v -0.35 0.05 0.0500001
v -0.35 0.25 0.0500001
v -0.35 0.35 0.0500001
v -0.35 0.55 0.0500001
v -0.35 0.65 0.0500001
v -0.35 0.75 0.0500001
v -0.35 0.85 0.0500001
v -0.35 0.95 0.0500001
v -0.25 -0.95 0.0500001
v -0.25 -0.85 0.0500001
v -0.25 -0.25 0.0500001
v -0.25 -0.15 0.0500001
v -0.25 -0.0500001 0.0500001
v -0.25 0.05 0.0500001
v -0.25 0.25 0.0500001
v -0.25 0.35 0.0500001
v -0.25 0.55 0.0500001
v -0.25 0.65 0.0500001
v -0.25 0.75 0.0500001
v -0.25 0.85 0.0500001
v -0.25 0.95 0.0500001
v -0.15 0.55 0.0500001
v -0.15 0.65 0.0500001
v -0.0500001 -0.95 0.0500001
v -0.0500001 -0.85 0.0500001
v -0.0500001 -0.75 0.0500001
v -0.0500001 -0.65 0.0500001
v -0.0500001 -0.0500001 0.0500001
v -0.0500001 0.05 0.0500001
v -0.0500001 0.55 0.0500001
v -0.0500001 0.65 0.0500001
v -0.0500001 0.85 0.0500001
v -0.0500001 0.95 0.0500001
v 0.05 -0.95 0.0500001
v 0.05 -0.85 0.0500001
v 0.05 -0.75 0.0500001
v 0.05 -0.65 0.0500001
v 0.05 -0.55 0.0500001
v 0.05 -0.0500001 0.0500001
v 0.05 0.05 0.0500001
v 0.05 0.55 0.0500001
v 0.05 0.65 0.0500001
v 0.05 0.85 0.0500001
v 0.05 0.95 0.0500001
v 0.15 -0.65 0.0500001
v 0.15 -0.55 0.0500001
v 0.15 -0.0500001 0.0500001
v 0.15 0.05 0.0500001
v 0.25 -0.95 0.0500001
v 0.25 -0.85 0.0500001
v 0.25 -0.75 0.0500001
v 0.25 -0.65 0.0500001
v 0.25 -0.55 0.0500001
v 0.25 -0.45 0.0500001
v 0.25 -0.35 0.0500001
v 0.25 -0.25 0.0500001
v 0.25 -0.0500001 0.0500001
v 0.25 0.05 0.0500001
v 0.25 0.25 0.0500001
v 0.25 0.35 0.0500001
v 0.25 0.45 0.0500001
v 0.25 0.55 0.0500001
v 0.25 0.65 0.0500001
v 0.25 0.85 0.0500001
v 0.25 0.95 0.0500001
v 0.35 -0.95 0.0500001
v 0.35 -0.85 0.0500001
v 0.35 -0.75 0.0500001
v 0.35 -0.65 0.0500001
v 0.35 -0.55 0.0500001
v 0.35 -0.45 0.0500001
v 0.35 -0.35 0.0500001
v 0.35 -0.25 0.0500001
v 0.35 -0.0500001 0.0500001
v 0.35 0.05 0.0500001
v 0.35 0.25 0.0500001
v 0.35 0.35 0.0500001
v 0.35 0.45 0.0500001
v 0.35 0.55 0.0500001
v 0.35 0.65 0.0500001
v 0.35 0.85 0.0500001
v 0.35 0.95 0.0500001
v 0.45 -0.35 0.0500001
v 0.45 -0.25 0.0500001
v 0.45 -0.0500001 0.0500001
v 0.45 0.05 0.0500001
v 0.55 -0.85 0.0500001
v 0.55 -0.75 0.0500001
v 0.55 -0.65 0.0500001
v 0.55 -0.35 0.0500001
v 0.55 -0.25 0.0500001
v 0.55 -0.0500001 0.0500001
v 0.55 0.05 0.0500001
v 0.55 0.25 0.0500001
v 0.55 0.35 0.0500001
v 0.55 0.45 0.0500001
v 0.55 0.55 0.0500001
v 0.55 0.65 0.0500001
v 0.55 0.85 0.0500001
v 0.55 0.95 0.0500001
v 0.65 -0.85 0.0500001
v 0.65 -0.75 0.0500001
v 0.65 -0.65 0.0500001
v 0.65 -0.35 0.0500001
v 0.65 -0.25 0.0500001
v 0.65 -0.0500001 0.0500001
v 0.65 0.05 0.0500001
v 0.65 0.25 0.0500001
v 0.65 0.35 0.0500001
v 0.65 0.45 0.0500001
v 0.65 0.55 0.0500001
v 0.65 0.65 0.0500001
v 0.65 0.85 0.0500001
v 0.65 0.95 0.0500001
v 0.75 0.85 0.0500001
v 0.75 0.95 0.0500001
v 0.85 -0.95 0.0500001
v 0.85 -0.85 0.0500001
v 0.85 0.35 0.0500001
v 0.85 0.45 0.0500001
v 0.85 0.55 0.0500001
v 0.85 0.85 0.0500001
v 0.85 0.95 0.0500001
v 0.95 -0.95 0.0500001
v 0.95 -0.85 0.0500001
v 0.95 0.35 0.0500001
v 0.95 0.45 0.0500001
v 0.95 0.55 0.0500001
v -0.95 -0.0500001 -0.25
v -0.95 0.05 -0.25
v -0.95 0.15 -0.25
v -0.95 0.25 -0.25
v -0.95 0.35 -0.25
v -0.95 0.65 -0.25
v -0.95 0.75 -0.25
v -0.95 0.85 -0.25
v -0.95 0.95 -0.25
v -0.85 -0.95 -0.25
v -0.85 -0.85 -0.25
v -0.85 -0.65 -0.25
v -0.85 -0.55 -0.25
v -0.85 -0.35 -0.25
v -0.85 -0.25 -0.25
v -0.85 -0.0500001 -0.25
v -0.85 0.05 -0.25
v -0.85 0.15 -0.25
v -0.85 0.25 -0.25
v -0.85 0.35 -0.25
v -0.85 0.65 -0.25
v -0.85 0.75 -0.25
v -0.85 0.85 -0.25
v -0.85 0.95 -0.25
v -0.75 -0.95 -0.25
v -0.75 -0.85 -0.25
v -0.75 -0.65 -0.25
v -0.75 -0.55 -0.25
v -0.75 -0.35 -0.25
v -0.75 -0.25 -0.25
v -0.65 -0.95 -0.25
v -0.65 -0.85 -0.25
v -0.65 -0.65 -0.25
v -0.65 -0.55 -0.25
v -0.65 -0.35 -0.25
v -0.65 -0.25 -0.25
v -0.65 -0.0500001 -0.25
v -0.65 0.05 -0.25
v -0.65 0.15 -0.25
v -0.65 0.25 -0.25
v -0.65 0.35 -0.25
v -0.65 0.45 -0.25
v -0.65 0.55 -0.25
v -0.55 -0.95 -0.25
v -0.55 -0.85 -0.25
v -0.55 -0.65 -0.25
v -0.55 -0.55 -0.25
v -0.55 -0.35 -0.25
v -0.55 -0.25 -0.25
v -0.55 -0.0500001 -0.25
v -0.55 0.05 -0.25
v -0.55 0.15 -0.25
v -0.55 0.25 -0.25
v -0.55 0.35 -0.25
v -0.55 0.45 -0.25
v -0.55 0.55 -0.25
v -0.45 -0.35 -0.25
v -0.45 -0.25 -0.25
v -0.45 -0.0500001 -0.25
v -0.45 0.05 -0.25
v -0.45 0.25 -0.25
v -0.45 0.35 -0.25
v -0.35 -0.65 -0.25
v -0.35 -0.55 -0.25
v -0.35 -0.45 -0.25
v -0.35 -0.35 -0.25
v -0.35 -0.25 -0.25
v -0.35 -0.0500001 -0.25
v -0.35 0.05 -0.25
v -0.35 0.25 -0.25
v -0.35 0.35 -0.25
v -0.35 0.45 -0.25
v -0.35 0.55 -0.25
v -0.35 0.65 -0.25
v -0.35 0.85 -0.25
v -0.35 0.95 -0.25
v -0.25 -0.65 -0.25
v -0.25 -0.55 -0.25
v -0.25 -0.45 -0.25
v -0.25 -0.35 -0.25
v -0.25 -0.25 -0.25
v -0.25 0.35 -0.25
v -0.25 0.45 -0.25
v -0.25 0.55 -0.25
v -0.25 0.65 -0.25
v -0.25 0.85 -0.25
v -0.25 0.95 -0.25
v -0.15 -0.65 -0.25
v -0.15 -0.55 -0.25
v -0.15 0.55 -0.25
v -0.15 0.65 -0.25
v -0.15 0.85 -0.25
v -0.15 0.95 -0.25
v -0.0500001 -0.95 -0.25
v -0.0500001 -0.85 -0.25
v -0.0500001 -0.65 -0.25
v -0.0500001 -0.55 -0.25
v -0.0500001 0.25 -0.25
v -0.0500001 0.35 -0.25
v -0.0500001 0.55 -0.25
v -0.0500001 0.65 -0.25
v -0.0500001 0.75 -0.25
v -0.0500001 0.85 -0.25
v -0.0500001 0.95 -0.25
v 0.05 -0.95 -0.25
v 0.05 -0.85 -0.25
v 0.05 0.25 -0.25
v 0.05 0.35 -0.25
v 0.05 0.55 -0.25
v 0.05 0.65 -0.25
v 0.05 0.75 -0.25
v 0.05 0.85 -0.25
v 0.25 -0.85 -0.25
v 0.25 -0.75 -0.25
v 0.25 -0.65 -0.25
v 0.25 -0.55 -0.25
v 0.25 -0.35 -0.25
v 0.25 -0.25 -0.25
v 0.25 -0.15 -0.25
v 0.25 -0.0500001 -0.25
v 0.25 0.05 -0.25
v 0.25 0.25 -0.25
v 0.25 0.35 -0.25
v 0.35 -0.85 -0.25
v 0.35 -0.75 -0.25
v 0.35 -0.65 -0.25
v 0.35 -0.55 -0.25
v 0.35 -0.35 -0.25
v 0.35 -0.25 -0.25
v 0.35 -0.15 -0.25
v 0.35 -0.0500001 -0.25
v 0.35 0.05 -0.25
v 0.35 0.25 -0.25
v 0.35 0.35 -0.25
v 0.35 0.55 -0.25
v 0.35 0.65 -0.25
v 0.35 0.85 -0.25
v 0.35 0.95 -0.25
v 0.45 0.25 -0.25
v 0.45 0.35 -0.25
v 0.45 0.55 -0.25
v 0.45 0.65 -0.25
v 0.45 0.85 -0.25
v 0.45 0.95 -0.25
v 0.55 -0.65 -0.25
v 0.55 -0.55 -0.25
v 0.55 -0.35 -0.25
v 0.55 -0.25 -0.25
v 0.55 -0.0500001 -0.25
v 0.55 0.05 -0.25
v 0.55 0.25 -0.25
v 0.55 0.35 -0.25
v 0.55 0.55 -0.25
v 0.55 0.65 -0.25
v 0.55 0.85 -0.25
v 0.55 0.95 -0.25
v 0.65 -0.95 -0.25
v 0.65 -0.85 -0.25
v 0.65 -0.65 -0.25
v 0.65 -0.55 -0.25
v 0.65 -0.35 -0.25
v 0.65 -0.25 -0.25
v 0.65 -0.0500001 -0.25
v 0.65 0.05 -0.25
v 0.65 0.25 -0.25
v 0.65 0.35 -0.25
v 0.65 0.85 -0.25
v 0.65 0.95 -0.25
v 0.75 -0.95 -0.25
v 0.75 -0.85 -0.25
v 0.75 -0.35 -0.25
v 0.75 -0.25 -0.25
v 0.75 -0.0500001 -0.25
v 0.75 0.05 -0.25
v 0.85 -0.95 -0.25
v 0.85 -0.85 -0.25
v 0.85 -0.75 -0.25
v 0.85 -0.65 -0.25
v 0.85 -0.55 -0.25
v 0.85 -0.45 -0.25
v 0.85 -0.35 -0.25
v 0.85 -0.25 -0.25
v 0.85 -0.0500001 -0.25
v 0.85 0.05 -0.25
v 0.85 0.15 -0.25
v 0.85 0.25 -0.25
v 0.85 0.35 -0.25
v 0.85 0.65 -0.25
v 0.85 0.75 -0.25
v 0.85 0.85 -0.25
v 0.85 0.95 -0.25
v 0.95 -0.85 -0.25
v 0.95 -0.75 -0.25
v 0.95 -0.65 -0.25
v 0.95 -0.55 -0.25
v 0.95 -0.45 -0.25
v 0.95 -0.35 -0.25
v 0.95 -0.25 -0.25
v 0.95 -0.0500001 -0.25
v 0.95 0.05 -0.25
v 0.95 0.15 -0.25
v 0.95 0.25 -0.25
v 0.95 0.35 -0.25
v 0.95 0.65 -0.25
v 0.95 0.75 -0.25
v 0.95 0.85 -0.25
v 0.95 0.95 -0.25
v -0.95 -0.95 -0.55
v -0.95 -0.85 -0.55
v -0.95 -0.75 -0.55
v -0.95 -0.65 -0.55
v -0.95 -0.35 -0.55
v -0.95 -0.25 -0.55
v -0.95 -0.15 -0.55
v -0.95 -0.0500001 -0.55
v -0.95 0.05 -0.55
v -0.95 0.15 -0.55
v -0.95 0.25 -0.55
v -0.95 0.35 -0.55
v -0.95 0.45 -0.55
v -0.95 0.55 -0.55
v -0.95 0.85 -0.55
v -0.95 0.95 -0.55
v -0.85 -0.95 -0.55
v -0.85 -0.85 -0.55
v -0.85 -0.75 -0.55
v -0.85 -0.65 -0.55
v -0.85 -0.35 -0.55
v -0.85 -0.25 -0.55
v -0.85 -0.15 -0.55
v -0.85 -0.0500001 -0.55
v -0.85 0.05 -0.55
v -0.85 0.15 -0.55
v -0.85 0.25 -0.55
v -0.85 0.35 -0.55
v -0.85 0.45 -0.55
v -0.85 0.55 -0.55
v -0.85 0.85 -0.55
v -0.85 0.95 -0.55
v -0.75 0.85 -0.55
v -0.75 0.95 -0.55
v -0.65 -0.95 -0.55
v -0.65 -0.85 -0.55
v -0.65 -0.65 -0.55
v -0.65 -0.55 -0.55
v -0.65 -0.45 -0.55
v -0.65 -0.35 -0.55
v -0.65 -0.25 -0.55
v -0.65 -0.15 -0.55
v -0.65 -0.0500001 -0.55
v -0.65 0.05 -0.55
v -0.65 0.15 -0.55
v -0.65 0.25 -0.55
v -0.65 0.35 -0.55
v -0.65 0.45 -0.55
v -0.65 0.55 -0.55
v -0.65 0.65 -0.55
v -0.65 0.85 -0.55
v -0.65 0.95 -0.55
v -0.55 -0.95 -0.55
v -0.55 -0.85 -0.55
v -0.55 -0.65 -0.55
v -0.55 -0.55 -0.55
v -0.55 -0.45 -0.55
v -0.55 -0.35 -0.55
v -0.55 -0.25 -0.55
v -0.55 -0.15 -0.55
v -0.55 -0.0500001 -0.55
v -0.55 0.05 -0.55
v -0.55 0.15 -0.55
v -0.55 0.25 -0.55
v -0.55 0.35 -0.55
v -0.55 0.45 -0.55
v -0.55 0.55 -0.55
v -0.55 0.65 -0.55
v -0.45 -0.95 -0.55
v -0.45 -0.85 -0.55
v -0.45 -0.35 -0.55
v -0.45 -0.25 -0.55
v -0.45 -0.0500001 -0.55
v -0.45 0.05 -0.55
v -0.35 -0.95 -0.55
v -0.35 -0.85 -0.55
v -0.35 -0.35 -0.55
v -0.35 -0.25 -0.55
v -0.35 -0.0500001 -0.55
v -0.35 0.05 -0.55
v -0.35 0.25 -0.55
v -0.35 0.35 -0.55
v -0.35 0.55 -0.55
v -0.35 0.65 -0.55
v -0.25 -0.95 -0.55
v -0.25 -0.85 -0.55
v -0.25 -0.35 -0.55
v -0.25 -0.25 -0.55
v -0.25 -0.0500001 -0.55
v -0.25 0.05 -0.55
v -0.25 0.25 -0.55
v -0.25 0.35 -0.55
v -0.25 0.55 -0.55
v -0.25 0.65 -0.55
v -0.15 -0.95 -0.55
v -0.15 -0.85 -0.55
v -0.15 0.25 -0.55
v -0.15 0.35 -0.55
v -0.0500001 -0.95 -0.55
v -0.0500001 -0.85 -0.55
v -0.0500001 -0.75 -0.55
v -0.0500001 -0.65 -0.55
v -0.0500001 -0.55 -0.55
v -0.0500001 -0.25 -0.55
v -0.0500001 -0.15 -0.55
v -0.0500001 -0.0500001 -0.55
v -0.0500001 0.25 -0.55
v -0.0500001 0.35 -0.55
v -0.0500001 0.45 -0.55
v -0.0500001 0.55 -0.55
v -0.0500001 0.65 -0.55
v -0.0500001 0.85 -0.55
v -0.0500001 0.95 -0.55
v 0.05 -0.85 -0.55
v 0.05 -0.75 -0.55
v 0.05 -0.65 -0.55
v 0.05 -0.55 -0.55
v 0.05 -0.25 -0.55
v 0.05 -0.15 -0.55
v 0.05 -0.0500001 -0.55
v 0.05 0.05 -0.55
v 0.05 0.35 -0.55
v 0.05 0.45 -0.55
v 0.05 0.55 -0.55
v 0.05 0.65 -0.55
v 0.05 0.85 -0.55
v 0.05 0.95 -0.55
v 0.15 -0.0500001 -0.55
v 0.15 0.05 -0.55
v 0.15 0.85 -0.55
v 0.15 0.95 -0.55
v 0.25 -0.95 -0.55
v 0.25 -0.85 -0.55
v 0.25 -0.65 -0.55
v 0.25 -0.55 -0.55
v 0.25 -0.25 -0.55
v 0.25 -0.15 -0.55
v 0.25 -0.0500001 -0.55
v 0.25 0.05 -0.55
v 0.25 0.15 -0.55
v 0.25 0.25 -0.55
v 0.25 0.65 -0.55
v 0.25 0.75 -0.55
v 0.25 0.85 -0.55
v 0.25 0.95 -0.55
v 0.35 -0.95 -0.55
v 0.35 -0.85 -0.55
v 0.35 -0.65 -0.55
v 0.35 -0.55 -0.55
v 0.35 -0.35 -0.55
v 0.35 -0.25 -0.55
v 0.35 -0.15 -0.55
v 0.35 -0.0500001 -0.55
v 0.35 0.05 -0.55
v 0.35 0.15 -0.55
v 0.35 0.25 -0.55
v 0.35 0.55 -0.55
v 0.35 0.65 -0.55
v 0.35 0.75 -0.55
v 0.35 0.85 -0.55
v 0.45 -0.65 -0.55
v 0.45 -0.55 -0.55
v 0.45 -0.35 -0.55
v 0.45 -0.25 -0.55
v 0.45 0.55 -0.55
v 0.45 0.65 -0.55
v 0.55 -0.85 -0.55
v 0.55 -0.75 -0.55
v 0.55 -0.65 -0.55
v 0.55 -0.55 -0.55
v 0.55 -0.35 -0.55
v 0.55 -0.25 -0.55
v 0.55 -0.0500001 -0.55
v 0.55 0.05 -0.55
v 0.55 0.25 -0.55
v 0.55 0.35 -0.55
v 0.55 0.45 -0.55
v 0.55 0.55 -0.55
v 0.55 0.65 -0.55
v 0.55 0.85 -0.55
v 0.55 0.95 -0.55
v 0.65 -0.85 -0.55
v 0.65 -0.75 -0.55
v 0.65 -0.65 -0.55
v 0.65 -0.35 -0.55
v 0.65 -0.25 -0.55
v 0.65 -0.0500001 -0.55
v 0.65 0.05 -0.55
v 0.65 0.25 -0.55
v 0.65 0.35 -0.55
v 0.65 0.45 -0.55
v 0.65 0.55 -0.55
v 0.65 0.65 -0.55
v 0.65 0.85 -0.55
v 0.65 0.95 -0.55
v 0.75 0.55 -0.55
v 0.75 0.65 -0.55
v 0.75 0.85 -0.55
v 0.75 0.95 -0.55
v 0.85 -0.95 -0.55
v 0.85 -0.85 -0.55
v 0.85 -0.35 -0.55
v 0.85 -0.25 -0.55
v 0.85 -0.15 -0.55
v 0.85 -0.0500001 -0.55
v 0.85 0.35 -0.55
v 0.85 0.45 -0.55
v 0.85 0.55 -0.55
v 0.85 0.65 -0.55
v 0.85 0.85 -0.55
v 0.85 0.95 -0.55
v 0.95 -0.95 -0.55
v 0.95 -0.85 -0.55
v 0.95 -0.35 -0.55
v 0.95 -0.25 -0.55
v 0.95 -0.15 -0.55
v 0.95 -0.0500001 -0.55
v 0.95 0.35 -0.55
v 0.95 0.45 -0.55
v 0.95 0.55 -0.55
v 0.95 0.65 -0.55
v -0.95 -0.35 -0.85
v -0.95 -0.25 -0.85
v -0.95 -0.15 -0.85
v -0.95 -0.0500001 -0.85
v -0.95 0.05 -0.85
v -0.95 0.15 -0.85
v -0.95 0.25 -0.85
v -0.95 0.35 -0.85
v -0.95 0.45 -0.85
v -0.95 0.55 -0.85
v -0.95 0.65 -0.85
v -0.95 0.75 -0.85
v -0.95 0.85 -0.85
v -0.85 -0.95 -0.85
v -0.85 -0.85 -0.85
v -0.85 -0.35 -0.85
v -0.85 -0.25 -0.85
v -0.85 -0.15 -0.85
v -0.85 -0.0500001 -0.85
v -0.85 0.05 -0.85
v -0.85 0.15 -0.85
v -0.85 0.25 -0.85
v -0.85 0.35 -0.85
v -0.85 0.45 -0.85
v -0.85 0.55 -0.85
v -0.85 0.65 -0.85
v -0.85 0.75 -0.85
v -0.85 0.85 -0.85
v -0.75 -0.95 -0.85
v -0.75 -0.85 -0.85
v -0.75 0.25 -0.85
v -0.75 0.35 -0.85
v -0.65 -0.95 -0.85
v -0.65 -0.85 -0.85
v -0.65 -0.65 -0.85
v -0.65 -0.55 -0.85
v -0.65 -0.45 -0.85
v -0.65 -0.35 -0.85
v -0.65 -0.25 -0.85
v -0.65 -0.15 -0.85
v -0.65 -0.0500001 -0.85
v -0.65 0.05 -0.85
v -0.65 0.15 -0.85
v -0.65 0.25 -0.85
v -0.65 0.35 -0.85
v -0.65 0.45 -0.85
v -0.65 0.55 -0.85
v -0.65 0.65 -0.85
v -0.65 0.75 -0.85
v -0.65 0.85 -0.85
v -0.65 0.95 -0.85
v -0.55 -0.65 -0.85
v -0.55 -0.55 -0.85
v -0.55 -0.45 -0.85
v -0.55 -0.35 -0.85
v -0.55 -0.25 -0.85
v -0.55 -0.15 -0.85
v -0.55 -0.0500001 -0.85
v -0.55 0.05 -0.85
v -0.55 0.15 -0.85
v -0.55 0.25 -0.85
v -0.55 0.35 -0.85
v -0.55 0.45 -0.85
v -0.55 0.55 -0.85
v -0.55 0.65 -0.85
v -0.55 0.75 -0.85
v -0.55 0.85 -0.85
v -0.55 0.95 -0.85
v -0.45 0.25 -0.85
v -0.45 0.35 -0.85
v -0.45 0.55 -0.85
v -0.45 0.65 -0.85
v -0.35 -0.95 -0.85
v -0.35 -0.85 -0.85
v -0.35 -0.75 -0.85
v -0.35 -0.65 -0.85
v -0.35 -0.35 -0.85
v -0.35 -0.25 -0.85
v -0.35 -0.0500001 -0.85
v -0.35 0.05 -0.85
v -0.35 0.15 -0.85
v -0.35 0.25 -0.85
v -0.35 0.35 -0.85
v -0.35 0.55 -0.85
v -0.35 0.65 -0.85
v -0.25 -0.95 -0.85
v -0.25 -0.85 -0.85
v -0.25 -0.75 -0.85
v -0.25 -0.65 -0.85
v -0.25 -0.35 -0.85
v -0.25 -0.25 -0.85
v -0.25 -0.0500001 -0.85
v -0.25 0.05 -0.85
v -0.25 0.15 -0.85
v -0.25 0.25 -0.85
v -0.15 -0.95 -0.85
v -0.15 -0.85 -0.85
v -0.15 -0.35 -0.85
v -0.15 -0.25 -0.85
v -0.15 -0.0500001 -0.85
v -0.15 0.05 -0.85
v -0.0500001 -0.95 -0.85
v -0.0500001 -0.85 -0.85
v -0.0500001 -0.55 -0.85
v -0.0500001 -0.45 -0.85
v -0.0500001 -0.35 -0.85
v -0.0500001 -0.25 -0.85
v -0.0500001 -0.0500001 -0.85
v -0.0500001 0.05 -0.85
v -0.0500001 0.15 -0.85
v -0.0500001 0.25 -0.85
v -0.0500001 0.35 -0.85
v -0.0500001 0.45 -0.85
v -0.0500001 0.55 -0.85
v -0.0500001 0.65 -0.85
v -0.0500001 0.75 -0.85
v -0.0500001 0.85 -0.85
v 0.05 -0.95 -0.85
v 0.05 -0.85 -0.85
v 0.05 -0.65 -0.85
v 0.05 -0.55 -0.85
v 0.05 -0.45 -0.85
v 0.05 -0.35 -0.85
v 0.05 -0.25 -0.85
v 0.05 0.05 -0.85
v 0.05 0.15 -0.85
v 0.05 0.25 -0.85
v 0.05 0.35 -0.85
v 0.05 0.45 -0.85
v 0.05 0.55 -0.85
v 0.05 0.65 -0.85
v 0.05 0.75 -0.85
v 0.05 0.85 -0.85
v 0.15 -0.95 -0.85
v 0.15 -0.85 -0.85
v 0.15 -0.65 -0.85
v 0.15 -0.55 -0.85
v 0.15 0.55 -0.85
v 0.15 0.65 -0.85
v 0.25 -0.95 -0.85
v 0.25 -0.85 -0.85
v 0.25 -0.65 -0.85
v 0.25 -0.55 -0.85
v 0.25 -0.35 -0.85
v 0.25 -0.25 -0.85
v 0.25 -0.15 -0.85
v 0.25 -0.0500001 -0.85
v 0.25 0.05 -0.85
v 0.25 0.15 -0.85
v 0.25 0.25 -0.85
v 0.25 0.35 -0.85
v 0.25 0.45 -0.85
v 0.25 0.55 -0.85
v 0.25 0.65 -0.85
v 0.25 0.75 -0.85
v 0.25 0.85 -0.85
v 0.25 0.95 -0.85
v 0.35 -0.95 -0.85
v 0.35 -0.85 -0.85
v 0.35 -0.35 -0.85
v 0.35 -0.25 -0.85
v 0.35 -0.15 -0.85
v 0.35 -0.0500001 -0.85
v 0.35 0.05 -0.85
v 0.35 0.15 -0.85
v 0.35 0.25 -0.85
v 0.35 0.35 -0.85
v 0.35 0.45 -0.85
v 0.35 0.55 -0.85
v 0.35 0.65 -0.85
v 0.35 0.75 -0.85
v 0.35 0.85 -0.85
v 0.35 0.95 -0.85
v 0.45 -0.95 -0.85
v 0.45 -0.85 -0.85
v 0.45 -0.0500001 -0.85
v 0.45 0.05 -0.85
v 0.45 0.25 -0.85
v 0.45 0.35 -0.85
v 0.45 0.55 -0.85
v 0.45 0.65 -0.85
v 0.45 0.85 -0.85
v 0.45 0.95 -0.85
v 0.55 -0.95 -0.85
v 0.55 -0.85 -0.85
v 0.55 -0.65 -0.85
v 0.55 -0.55 -0.85
v 0.55 -0.45 -0.85
v 0.55 -0.35 -0.85
v 0.55 -0.25 -0.85
v 0.55 -0.15 -0.85
v 0.55 -0.0500001 -0.85
v 0.55 0.05 -0.85
v 0.55 0.25 -0.85
v 0.55 0.35 -0.85
v 0.55 0.55 -0.85
v 0.55 0.65 -0.85
v 0.55 0.85 -0.85
v 0.55 0.95 -0.85
v 0.65 -0.95 -0.85
v 0.65 -0.85 -0.85
v 0.65 -0.65 -0.85
v 0.65 -0.55 -0.85
v 0.65 -0.45 -0.85
v 0.65 -0.35 -0.85
v 0.65 -0.25 -0.85
v 0.65 -0.15 -0.85
v 0.65 -0.0500001 -0.85
v 0.65 0.25 -0.85
v 0.65 0.35 -0.85
v 0.65 0.55 -0.85
v 0.65 0.65 -0.85
v 0.65 0.85 -0.85
v 0.65 0.95 -0.85
v 0.75 -0.95 -0.85
v 0.75 -0.85 -0.85
v 0.75 -0.65 -0.85
v 0.75 -0.55 -0.85
v 0.75 -0.35 -0.85
v 0.75 -0.25 -0.85
v 0.75 0.25 -0.85
v 0.75 0.35 -0.85
v 0.85 -0.95 -0.85
v 0.85 -0.85 -0.85
v 0.85 -0.65 -0.85
v 0.85 -0.55 -0.85
v 0.85 -0.35 -0.85
v 0.85 -0.25 -0.85
v 0.85 -0.0500001 -0.85
v 0.85 0.05 -0.85
v 0.85 0.15 -0.85
v 0.85 0.25 -0.85
v 0.85 0.35 -0.85
v 0.95 -0.65 -0.85
v 0.95 -0.55 -0.85
v 0.95 -0.35 -0.85
v 0.95 -0.25 -0.85
v 0.95 -0.0500001 -0.85
v 0.95 0.05 -0.85
v 0.95 0.15 -0.85
v 0.95 0.25 -0.85
v 0.95 0.35 -0.85
v -0.95 -0.35 0.85
v -0.95 -0.25 0.85
v -0.95 -0.0500001 0.85
v -0.95 0.05 0.85
v -0.95 0.15 0.85
v -0.95 0.25 0.85
v -0.95 0.35 0.85
v -0.95 0.65 0.85
v -0.95 0.75 0.85
v -0.95 0.85 0.85
v -0.95 0.95 0.85
v -0.85 -0.35 0.85
v -0.85 -0.25 0.85
v -0.85 -0.0500001 0.85
v -0.85 0.05 0.85
v -0.85 0.15 0.85
v -0.85 0.25 0.85
v -0.85 0.35 0.85
v -0.85 0.65 0.85
v -0.85 0.75 0.85
v -0.85 0.85 0.85
v -0.85 0.95 0.85
v -0.75 -0.35 0.85
v -0.75 -0.25 0.85
v -0.75 -0.0500001 0.85
v -0.75 0.05 0.85
v -0.65 -0.95 0.85
v -0.65 -0.85 0.85
v -0.65 -0.65 0.85
v -0.65 -0.55 0.85
v -0.65 -0.45 0.85
v -0.65 -0.35 0.85
v -0.65 -0.25 0.85
v -0.65 -0.0500001 0.85
v -0.65 0.05 0.85
v -0.65 0.15 0.85
v -0.65 0.25 0.85
v -0.55 -0.95 0.85
v -0.55 -0.85 0.85
v -0.55 -0.65 0.85
v -0.55 -0.55 0.85
v -0.55 -0.45 0.85
v -0.55 -0.35 0.85
v -0.55 -0.25 0.85
v -0.55 -0.0500001 0.85
v -0.55 0.05 0.85
v -0.55 0.15 0.85
v -0.55 0.25 0.85
v -0.55 0.55 0.85
v -0.55 0.65 0.85
v -0.45 -0.95 0.85
v -0.45 -0.85 0.85
v -0.45 0.55 0.85
v -0.45 0.65 0.85
v -0.35 -0.95 0.85
v -0.35 -0.85 0.85
v -0.35 -0.35 0.85
v -0.35 -0.25 0.85
v -0.35 0.35 0.85
v -0.35 0.45 0.85
v -0.35 0.55 0.85
v -0.35 0.65 0.85
v -0.35 0.75 0.85
v -0.35 0.85 0.85
v -0.35 0.95 0.85
v -0.25 -0.35 0.85
v -0.25 -0.25 0.85
v -0.25 -0.0500001 0.85
v -0.25 0.05 0.85
v -0.25 0.35 0.85
v -0.25 0.45 0.85
v -0.25 0.55 0.85
v -0.25 0.65 0.85
v -0.25 0.75 0.85
v -0.25 0.85 0.85
v -0.25 0.95 0.85
v -0.15 -0.35 0.85
v -0.15 -0.25 0.85
v -0.15 -0.0500001 0.85
v -0.15 0.05 0.85
v -0.0500001 -0.35 0.85
v -0.0500001 -0.25 0.85
v -0.0500001 -0.15 0.85
v -0.0500001 -0.0500001 0.85
v -0.0500001 0.05 0.85
v -0.0500001 0.35 0.85
v -0.0500001 0.45 0.85
v -0.0500001 0.55 0.85
v -0.0500001 0.85 0.85
v -0.0500001 0.95 0.85
v 0.05 -0.35 0.85
v 0.05 -0.25 0.85
v 0.05 -0.15 0.85
v 0.05 -0.0500001 0.85
v 0.05 0.05 0.85
v 0.05 0.35 0.85
v 0.05 0.45 0.85
v 0.05 0.55 0.85
v 0.05 0.65 0.85
v 0.05 0.85 0.85
v 0.05 0.95 0.85
v 0.15 0.55 0.85
v 0.15 0.65 0.85
v 0.15 0.85 0.85
v 0.15 0.95 0.85
v 0.25 -0.0500001 0.85
v 0.25 0.05 0.85
v 0.25 0.55 0.85
v 0.25 0.65 0.85
v 0.25 0.85 0.85
v 0.25 0.95 0.85
v 0.35 -0.0500001 0.85
v 0.35 0.05 0.85
v 0.35 0.55 0.85
v 0.35 0.65 0.85
v 0.45 -0.0500001 0.85
v 0.45 0.05 0.85
v 0.55 -0.35 0.85
v 0.55 -0.25 0.85
v 0.55 -0.0500001 0.85
v 0.55 0.05 0.85
v 0.55 0.15 0.85
v 0.55 0.25 0.85
v 0.55 0.35 0.85
v 0.55 0.45 0.85
v 0.55 0.55 0.85
v 0.55 0.65 0.85
v 0.55 0.75 0.85
v 0.55 0.85 0.85
v 0.65 -0.65 0.85
v 0.65 -0.55 0.85
v 0.65 -0.35 0.85
v 0.65 -0.25 0.85
v 0.65 -0.0500001 0.85
v 0.65 0.05 0.85
v 0.65 0.15 0.85
v 0.65 0.25 0.85
v 0.65 0.35 0.85
v 0.65 0.45 0.85
v 0.65 0.55 0.85
v 0.65 0.65 0.85
v 0.65 0.75 0.85
v 0.65 0.85 0.85
v 0.65 0.95 0.85
v 0.75 -0.65 0.85
v 0.75 -0.55 0.85
v 0.75 -0.35 0.85
v 0.75 -0.25 0.85
v 0.75 0.55 0.85
v 0.75 0.65 0.85
v 0.75 0.85 0.85
v 0.75 0.95 0.85
v 0.85 -0.95 0.85
v 0.85 -0.85 0.85
v 0.85 -0.75 0.85
v 0.85 -0.65 0.85
v 0.85 -0.55 0.85
v 0.85 -0.35 0.85
v 0.85 -0.25 0.85
v 0.85 0.05 0.85
v 0.85 0.15 0.85
v 0.85 0.25 0.85
v 0.85 0.55 0.85
v 0.85 0.65 0.85
v 0.85 0.85 0.85
v 0.85 0.95 0.85
v 0.95 -0.95 0.85
v 0.95 -0.85 0.85
v 0.95 -0.75 0.85
v 0.95 -0.65 0.85
v 0.95 -0.55 0.85
v 0.95 0.05 0.85
v 0.95 0.15 0.85
v 0.95 0.25 0.85
v 0.95 0.55 0.85
v 0.95 0.65 0.85
v 0.95 0.85 0.85
v 0.95 0.95 0.85
v -0.95 -0.35 0.55
v -0.95 -0.25 0.55
v -0.95 -0.15 0.55
v -0.95 -0.0500001 0.55
v -0.95 0.05 0.55
v -0.95 0.15 0.55
v -0.95 0.25 0.55
v -0.95 0.65 0.55
v -0.95 0.75 0.55
v -0.95 0.85 0.55
v -0.85 -0.35 0.55
v -0.85 -0.25 0.55
v -0.85 -0.15 0.55
v -0.85 -0.0500001 0.55
v -0.85 0.05 0.55
v -0.85 0.15 0.55
v -0.85 0.25 0.55
v -0.85 0.35 0.55
v -0.85 0.65 0.55
v -0.85 0.75 0.55
v -0.85 0.85 0.55
v -0.75 0.25 0.55
v -0.75 0.35 0.55
v -0.65 -0.85 0.55
v -0.65 -0.75 0.55
v -0.65 -0.65 0.55
v -0.65 -0.55 0.55
v -0.65 0.25 0.55
v -0.65 0.35 0.55
v -0.65 0.55 0.55
v -0.65 0.65 0.55
v -0.65 0.85 0.55
v -0.65 0.95 0.55
v -0.55 -0.85 0.55
v -0.55 -0.75 0.55
v -0.55 -0.65 0.55
v -0.55 -0.55 0.55
v -0.55 -0.0500001 0.55
v -0.55 0.05 0.55
v -0.55 0.25 0.55
v -0.55 0.35 0.55
v -0.55 0.55 0.55
v -0.55 0.65 0.55
v -0.55 0.85 0.55
v -0.55 0.95 0.55
v -0.45 -0.0500001 0.55
v -0.45 0.05 0.55
v -0.45 0.25 0.55
v -0.45 0.35 0.55
v -0.45 0.85 0.55
v -0.45 0.95 0.55
v -0.35 -0.85 0.55
v -0.35 -0.75 0.55
v -0.35 -0.65 0.55
v -0.35 -0.55 0.55
v -0.35 -0.45 0.55
v -0.35 -0.35 0.55
v -0.35 -0.25 0.55
v -0.35 -0.0500001 0.55
v -0.35 0.05 0.55
v -0.35 0.25 0.55
v -0.35 0.35 0.55
v -0.35 0.45 0.55
v -0.35 0.55 0.55
v -0.35 0.65 0.55
v -0.35 0.85 0.55
v -0.35 0.95 0.55
v -0.25 -0.85 0.55
v -0.25 -0.75 0.55
v -0.25 -0.65 0.55
v -0.25 -0.55 0.55
v -0.25 -0.45 0.55
v -0.25 -0.35 0.55
v -0.25 -0.25 0.55
v -0.25 -0.0500001 0.55
v -0.25 0.05 0.55
v -0.25 0.25 0.55
v -0.25 0.35 0.55
v -0.25 0.45 0.55
v -0.25 0.55 0.55
v -0.25 0.65 0.55
v -0.25 0.85 0.55
v -0.25 0.95 0.55
v -0.15 -0.65 0.55
v -0.15 -0.55 0.55
v -0.15 0.85 0.55
v -0.15 0.95 0.55
v -0.0500001 -0.95 0.55
v -0.0500001 -0.85 0.55
v -0.0500001 -0.75 0.55
v -0.0500001 -0.65 0.55
v -0.0500001 -0.55 0.55
v -0.0500001 -0.25 0.55
v -0.0500001 -0.15 0.55
v -0.0500001 -0.0500001 0.55
v -0.0500001 0.05 0.55
v -0.0500001 0.15 0.55
v -0.0500001 0.25 0.55
v -0.0500001 0.35 0.55
v -0.0500001 0.55 0.55
v -0.0500001 0.65 0.55
v -0.0500001 0.75 0.55
v -0.0500001 0.85 0.55
v -0.0500001 0.95 0.55
v 0.05 -0.95 0.55
v 0.05 -0.85 0.55
v 0.05 -0.75 0.55
v 0.05 -0.65 0.55
v 0.05 -0.55 0.55
v 0.05 -0.35 0.55
v 0.05 -0.25 0.55
v 0.05 -0.15 0.55
v 0.05 -0.0500001 0.55
v 0.05 0.05 0.55
v 0.05 0.15 0.55
v 0.05 0.25 0.55
v 0.05 0.35 0.55
v 0.05 0.55 0.55
v 0.05 0.65 0.55
v 0.05 0.75 0.55
v 0.05 0.85 0.55
v 0.05 0.95 0.55
v 0.15 -0.95 0.55
v 0.15 -0.85 0.55
v 0.15 -0.35 0.55
v 0.15 -0.25 0.55
v 0.15 -0.0500001 0.55
v 0.15 0.05 0.55
v 0.25 -0.95 0.55
v 0.25 -0.85 0.55
v 0.25 -0.35 0.55
v 0.25 -0.25 0.55
v 0.25 -0.0500001 0.55
v 0.25 0.05 0.55
v 0.25 0.25 0.55
v 0.25 0.35 0.55
v 0.25 0.45 0.55
v 0.25 0.55 0.55
v 0.25 0.65 0.55
v 0.25 0.75 0.55
v 0.25 0.85 0.55
v 0.35 -0.95 0.55
v 0.35 -0.85 0.55
v 0.35 -0.35 0.55
v 0.35 -0.25 0.55
v 0.35 -0.0500001 0.55
v 0.35 0.05 0.55
v 0.35 0.25 0.55
v 0.35 0.35 0.55
v 0.35 0.45 0.55
v 0.35 0.55 0.55
v 0.35 0.65 0.55
v 0.35 0.75 0.55
v 0.35 0.85 0.55
v 0.35 0.95 0.55
v 0.45 -0.35 0.55
v 0.45 -0.25 0.55
v 0.45 0.85 0.55
v 0.45 0.95 0.55
v 0.55 -0.65 0.55
v 0.55 -0.55 0.55
v 0.55 -0.45 0.55
v 0.55 -0.35 0.55
v 0.55 -0.25 0.55
v 0.55 -0.0500001 0.55
v 0.55 0.05 0.55
v 0.55 0.15 0.55
v 0.55 0.25 0.55
v 0.55 0.55 0.55
v 0.55 0.65 0.55
v 0.55 0.75 0.55
v 0.55 0.85 0.55
v 0.55 0.95 0.55
v 0.65 -0.65 0.55
v 0.65 -0.55 0.55
v 0.65 -0.45 0.55
v 0.65 -0.35 0.55
v 0.65 -0.25 0.55
v 0.65 -0.0500001 0.55
v 0.65 0.05 0.55
v 0.65 0.15 0.55
v 0.65 0.25 0.55
v 0.65 0.55 0.55
v 0.65 0.65 0.55
v 0.65 0.75 0.55
v 0.65 0.85 0.55
v 0.65 0.95 0.55
v 0.75 -0.35 0.55
v 0.75 -0.25 0.55
v 0.75 -0.0500001 0.55
v 0.75 0.05 0.55
v 0.85 -0.35 0.55
v 0.85 -0.25 0.55
v 0.85 -0.0500001 0.55
v 0.85 0.05 0.55
v 0.85 0.25 0.55
v 0.85 0.35 0.55
v 0.85 0.65 0.55
v 0.85 0.75 0.55
v 0.85 0.85 0.55
v 0.95 -0.35 0.55
v 0.95 -0.25 0.55
v 0.95 -0.0500001 0.55
v 0.95 0.05 0.55
v 0.95 0.25 0.55
v 0.95 0.35 0.55
v 0.95 0.65 0.55
v 0.95 0.75 0.55
v 0.95 0.85 0.55
v -0.95 0.05 0.25
v -0.95 0.15 0.25
v -0.95 0.25 0.25
v -0.95 0.35 0.25
v -0.95 0.55 0.25
v -0.95 0.65 0.25
v -0.95 0.85 0.25
v -0.95 0.95 0.25
v -0.85 -0.95 0.25
v -0.85 -0.85 0.25
v -0.85 0.05 0.25
v -0.85 0.15 0.25
v -0.85 0.25 0.25
v -0.85 0.35 0.25
v -0.85 0.55 0.25
v -0.85 0.65 0.25
v -0.85 0.85 0.25
v -0.85 0.95 0.25
v -0.75 -0.95 0.25
v -0.75 -0.85 0.25
v -0.75 0.85 0.25
v -0.75 0.95 0.25
v -0.65 -0.95 0.25
v -0.65 -0.85 0.25
v -0.65 -0.65 0.25
v -0.65 -0.55 0.25
v -0.65 -0.45 0.25
v -0.65 -0.35 0.25
v -0.65 -0.0500001 0.25
v -0.65 0.05 0.25
v -0.65 0.15 0.25
v -0.65 0.25 0.25
v -0.65 0.85 0.25
v -0.65 0.95 0.25
v -0.55 -0.95 0.25
v -0.55 -0.85 0.25
v -0.55 -0.65 0.25
v -0.55 -0.55 0.25
v -0.55 -0.45 0.25
v -0.55 -0.35 0.25
v -0.55 -0.0500001 0.25
v -0.55 0.05 0.25
v -0.55 0.15 0.25
v -0.55 0.25 0.25
v -0.55 0.35 0.25
v -0.55 0.85 0.25
v -0.55 0.95 0.25
v -0.45 -0.95 0.25
v -0.45 -0.85 0.25
v -0.45 -0.65 0.25
v -0.45 -0.55 0.25
v -0.45 0.25 0.25
v -0.45 0.35 0.25
v -0.45 0.85 0.25
v -0.45 0.95 0.25
v -0.35 -0.95 0.25
v -0.35 -0.85 0.25
v -0.35 -0.65 0.25
v -0.35 -0.55 0.25
v -0.35 -0.25 0.25
v -0.35 -0.15 0.25
v -0.35 -0.0500001 0.25
v -0.35 0.05 0.25
v -0.35 0.25 0.25
v -0.35 0.35 0.25
v -0.35 0.45 0.25
v -0.35 0.55 0.25
v -0.35 0.65 0.25
v -0.35 0.85 0.25
v -0.35 0.95 0.25
v -0.25 -0.95 0.25
v -0.25 -0.85 0.25
v -0.25 -0.25 0.25
v -0.25 -0.15 0.25
v -0.25 -0.0500001 0.25
v -0.25 0.05 0.25
v -0.25 0.25 0.25
v -0.25 0.35 0.25
v -0.25 0.45 0.25
v -0.25 0.55 0.25
v -0.25 0.65 0.25
v -0.25 0.85 0.25
v -0.25 0.95 0.25
v -0.15 0.55 0.25
v -0.15 0.65 0.25
v -0.0500001 -0.95 0.25
v -0.0500001 -0.85 0.25
v -0.0500001 -0.0500001 0.25
v -0.0500001 0.05 0.25
v -0.0500001 0.15 0.25
v -0.0500001 0.25 0.25
v -0.0500001 0.55 0.25
v -0.0500001 0.65 0.25
v -0.0500001 0.75 0.25
v -0.0500001 0.85 0.25
v -0.0500001 0.95 0.25
v 0.05 -0.95 0.25
v 0.05 -0.85 0.25
v 0.05 -0.35 0.25
v 0.05 -0.25 0.25
v 0.05 -0.0500001 0.25
v 0.05 0.05 0.25
v 0.05 0.15 0.25
v 0.05 0.25 0.25
v 0.05 0.55 0.25
v 0.05 0.65 0.25
v 0.05 0.75 0.25
v 0.05 0.85 0.25
v 0.05 0.95 0.25
v 0.15 -0.95 0.25
v 0.15 -0.85 0.25
v 0.15 -0.35 0.25
v 0.15 -0.25 0.25
v 0.15 0.85 0.25
v 0.15 0.95 0.25
v 0.25 -0.95 0.25
v 0.25 -0.85 0.25
v 0.25 -0.75 0.25
v 0.25 -0.65 0.25
v 0.25 -0.55 0.25
v 0.25 -0.35 0.25
v 0.25 -0.25 0.25
v 0.25 0.25 0.25
v 0.25 0.35 0.25
v 0.25 0.45 0.25
v 0.25 0.55 0.25
v 0.25 0.65 0.25
v 0.25 0.85 0.25
v 0.25 0.95 0.25
v 0.35 -0.95 0.25
v 0.35 -0.85 0.25
v 0.35 -0.75 0.25
v 0.35 -0.65 0.25
v 0.35 -0.55 0.25
v 0.35 -0.35 0.25
v 0.35 -0.25 0.25
v 0.35 0.25 0.25
v 0.35 0.35 0.25
v 0.35 0.45 0.25
v 0.35 0.55 0.25
v 0.35 0.65 0.25
v 0.35 0.85 0.25
v 0.35 0.95 0.25
v 0.45 -0.95 0.25
v 0.45 -0.85 0.25
v 0.45 0.55 0.25
v 0.45 0.65 0.25
v 0.45 0.85 0.25
v 0.45 0.95 0.25
v 0.55 -0.95 0.25
v 0.55 -0.85 0.25
v 0.55 -0.35 0.25
v 0.55 -0.25 0.25
v 0.55 -0.0500001 0.25
v 0.55 0.05 0.25
v 0.55 0.15 0.25
v 0.55 0.25 0.25
v 0.55 0.35 0.25
v 0.55 0.45 0.25
v 0.55 0.55 0.25
v 0.55 0.65 0.25
v 0.55 0.75 0.25
v 0.55 0.85 0.25
v 0.55 0.95 0.25
v 0.65 -0.35 0.25
v 0.65 -0.25 0.25
v 0.65 -0.0500001 0.25
v 0.65 0.05 0.25
v 0.65 0.15 0.25
v 0.65 0.25 0.25
v 0.65 0.35 0.25
v 0.65 0.45 0.25
v 0.65 0.55 0.25
v 0.65 0.65 0.25
v 0.65 0.75 0.25
v 0.65 0.85 0.25
v 0.65 0.95 0.25
v 0.75 -0.35 0.25
v 0.75 -0.25 0.25
v 0.75 0.25 0.25
v 0.75 0.35 0.25
v 0.85 -0.95 0.25
v 0.85 -0.85 0.25
v 0.85 -0.75 0.25
v 0.85 -0.65 0.25
v 0.85 -0.55 0.25
v 0.85 -0.45 0.25
v 0.85 -0.35 0.25
v 0.85 -0.25 0.25
v 0.85 0.05 0.25
v 0.85 0.15 0.25
v 0.85 0.25 0.25
v 0.85 0.35 0.25
v 0.95 -0.95 0.25
v 0.95 -0.85 0.25
v 0.95 -0.75 0.25
v 0.95 -0.65 0.25
v 0.95 -0.55 0.25
v 0.95 -0.45 0.25
v 0.95 -0.35 0.25
v 0.95 0.05 0.25
v 0.95 0.15 0.25
v 0.95 0.25 0.25
v -0.95 -0.85 -0.05
v -0.95 -0.75 -0.05
v -0.95 -0.65 -0.05
v -0.95 -0.55 -0.05
v -0.95 -0.45 -0.05
v -0.95 -0.35 -0.05
v -0.95 -0.0500001 -0.05
v -0.95 0.05 -0.05
v -0.95 0.15 -0.05
v -0.95 0.25 -0.05
v -0.95 0.35 -0.05
v -0.95 0.85 -0.05
v -0.95 0.95 -0.05
v -0.85 -0.85 -0.05
v -0.85 -0.75 -0.05
v -0.85 -0.65 -0.05
v -0.85 -0.55 -0.05
v -0.85 -0.45 -0.05
v -0.85 -0.35 -0.05
v -0.85 -0.0500001 -0.05
v -0.85 0.05 -0.05
v -0.85 0.15 -0.05
v -0.85 0.25 -0.05
v -0.85 0.35 -0.05
v -0.85 0.85 -0.05
v -0.85 0.95 -0.05
v -0.75 -0.65 -0.05
v -0.75 -0.55 -0.05
v -0.75 -0.0500001 -0.05
v -0.75 0.05 -0.05
v -0.75 0.85 -0.05
v -0.75 0.95 -0.05
v -0.65 -0.95 -0.05
v -0.65 -0.85 -0.05
v -0.65 -0.75 -0.05
v -0.65 -0.65 -0.05
v -0.65 -0.55 -0.05
v -0.65 -0.25 -0.05
v -0.65 -0.15 -0.05
v -0.65 -0.0500001 -0.05
v -0.65 0.05 -0.05
v -0.65 0.85 -0.05
v -0.65 0.95 -0.05
v -0.55 -0.95 -0.05
v -0.55 -0.85 -0.05
v -0.55 -0.75 -0.05
v -0.55 -0.65 -0.05
v -0.55 -0.55 -0.05
v -0.55 -0.25 -0.05
v -0.55 -0.15 -0.05
v -0.55 -0.0500001 -0.05
v -0.55 0.05 -0.05
v -0.55 0.85 -0.05
v -0.55 0.95 -0.05
v -0.45 0.85 -0.05
v -0.45 0.95 -0.05
v -0.35 -0.65 -0.05
v -0.35 -0.55 -0.05
v -0.35 -0.35 -0.05
v -0.35 -0.25 -0.05
v -0.35 -0.15 -0.05
v -0.35 -0.0500001 -0.05
v -0.35 0.55 -0.05
v -0.35 0.65 -0.05
v -0.35 0.75 -0.05
v -0.35 0.85 -0.05
v -0.35 0.95 -0.05
v -0.25 -0.65 -0.05
v -0.25 -0.55 -0.05
v -0.25 -0.35 -0.05
v -0.25 -0.25 -0.05
v -0.25 -0.15 -0.05
v -0.25 -0.0500001 -0.05
v -0.25 0.55 -0.05
v -0.25 0.65 -0.05
v -0.25 0.75 -0.05
v -0.25 0.85 -0.05
v -0.25 0.95 -0.05
v -0.15 0.55 -0.05
v -0.15 0.65 -0.05
v -0.0500001 -0.95 -0.05
v -0.0500001 -0.85 -0.05
v -0.0500001 -0.75 -0.05
v -0.0500001 -0.65 -0.05
v -0.0500001 0.25 -0.05
v -0.0500001 0.35 -0.05
v -0.0500001 0.55 -0.05
v -0.0500001 0.65 -0.05
v 0.05 -0.95 -0.05
v 0.05 -0.85 -0.05
v 0.05 -0.75 -0.05
v 0.05 -0.65 -0.05
v 0.05 -0.55 -0.05
v 0.05 -0.0500001 -0.05
v 0.05 0.05 -0.05
v 0.05 0.25 -0.05
v 0.05 0.35 -0.05
v 0.05 0.55 -0.05
v 0.05 0.65 -0.05
v 0.15 -0.65 -0.05
v 0.15 -0.55 -0.05
v 0.15 -0.0500001 -0.05
v 0.15 0.05 -0.05
v 0.25 -0.85 -0.05
v 0.25 -0.75 -0.05
v 0.25 -0.65 -0.05
v 0.25 -0.55 -0.05
v 0.25 -0.45 -0.05
v 0.25 -0.35 -0.05
v 0.25 -0.25 -0.05
v 0.25 -0.0500001 -0.05
v 0.25 0.05 -0.05
v 0.25 0.25 -0.05
v 0.25 0.35 -0.05
v 0.25 0.45 -0.05
v 0.25 0.55 -0.05
v 0.35 -0.85 -0.05
v 0.35 -0.75 -0.05
v 0.35 -0.65 -0.05
v 0.35 -0.55 -0.05
v 0.35 -0.45 -0.05
v 0.35 -0.35 -0.05
v 0.35 -0.25 -0.05
v 0.35 -0.0500001 -0.05
v 0.35 0.05 -0.05
v 0.35 0.25 -0.05
v 0.35 0.35 -0.05
v 0.35 0.45 -0.05
v 0.35 0.55 -0.05
v 0.45 -0.35 -0.05
v 0.45 -0.25 -0.05
v 0.45 -0.0500001 -0.05
v 0.45 0.05 -0.05
v 0.55 -0.85 -0.05
v 0.55 -0.75 -0.05
v 0.55 -0.65 -0.05
v 0.55 -0.55 -0.05
v 0.55 -0.35 -0.05
v 0.55 -0.25 -0.05
v 0.55 -0.0500001 -0.05
v 0.55 0.05 -0.05
v 0.55 0.25 -0.05
v 0.55 0.35 -0.05
v 0.55 0.45 -0.05
v 0.55 0.55 -0.05
v 0.55 0.85 -0.05
v 0.55 0.95 -0.05
v 0.65 -0.85 -0.05
v 0.65 -0.75 -0.05
v 0.65 -0.65 -0.05
v 0.65 -0.55 -0.05
v 0.65 -0.35 -0.05
v 0.65 -0.25 -0.05
v 0.65 -0.0500001 -0.05
v 0.65 0.05 -0.05
v 0.65 0.25 -0.05
v 0.65 0.35 -0.05
v 0.65 0.45 -0.05
v 0.65 0.55 -0.05
v 0.65 0.85 -0.05
v 0.65 0.95 -0.05
v 0.75 0.85 -0.05
v 0.75 0.95 -0.05
v 0.85 -0.35 -0.05
v 0.85 -0.25 -0.05
v 0.85 -0.0500001 -0.05
v 0.85 0.05 -0.05
v 0.85 0.25 -0.05
v 0.85 0.35 -0.05
v 0.85 0.45 -0.05
v 0.85 0.55 -0.05
v 0.85 0.85 -0.05
v 0.85 0.95 -0.05
v 0.95 -0.35 -0.05
v 0.95 -0.25 -0.05
v 0.95 -0.0500001 -0.05
v 0.95 0.05 -0.05
v 0.95 0.25 -0.05
v 0.95 0.35 -0.05
v 0.95 0.45 -0.05
v 0.95 0.55 -0.05
v 0.95 0.85 -0.05
v 0.95 0.95 -0.05
v -0.95 -0.95 -0.35
v -0.95 -0.85 -0.35
v -0.95 -0.35 -0.35
v -0.95 -0.25 -0.35
v -0.95 -0.0500001 -0.35
v -0.95 0.05 -0.35
v -0.95 0.15 -0.35
v -0.95 0.25 -0.35
v -0.95 0.65 -0.35
v -0.95 0.75 -0.35
v -0.95 0.85 -0.35
v -0.95 0.95 -0.35
v -0.85 -0.95 -0.35
v -0.85 -0.85 -0.35
v -0.85 -0.65 -0.35
v -0.85 -0.55 -0.35
v -0.85 -0.35 -0.35
v -0.85 -0.25 -0.35
v -0.85 -0.0500001 -0.35
v -0.85 0.05 -0.35
v -0.85 0.15 -0.35
v -0.85 0.25 -0.35
v -0.85 0.65 -0.35
v -0.85 0.75 -0.35
v -0.85 0.85 -0.35
v -0.85 0.95 -0.35
v -0.75 -0.95 -0.35
v -0.75 -0.85 -0.35
v -0.75 -0.65 -0.35
v -0.75 -0.55 -0.35
v -0.75 -0.35 -0.35
v -0.75 -0.25 -0.35
v -0.65 -0.95 -0.35
v -0.65 -0.85 -0.35
v -0.65 -0.65 -0.35
v -0.65 -0.55 -0.35
v -0.65 -0.35 -0.35
v -0.65 -0.25 -0.35
v -0.65 0.05 -0.35
v -0.65 0.15 -0.35
v -0.65 0.25 -0.35
v -0.65 0.35 -0.35
v -0.65 0.45 -0.35
v -0.65 0.55 -0.35
v -0.65 0.65 -0.35
v -0.55 -0.95 -0.35
v -0.55 -0.85 -0.35
v -0.55 -0.65 -0.35
v -0.55 -0.55 -0.35
v -0.55 -0.35 -0.35
v -0.55 -0.25 -0.35
v -0.55 -0.0500001 -0.35
v -0.55 0.05 -0.35
v -0.55 0.15 -0.35
v -0.55 0.25 -0.35
v -0.55 0.35 -0.35
v -0.55 0.45 -0.35
v -0.55 0.55 -0.35
v -0.55 0.65 -0.35
v -0.45 -0.35 -0.35
v -0.45 -0.25 -0.35
v -0.45 -0.0500001 -0.35
v -0.45 0.05 -0.35
v -0.45 0.25 -0.35
v -0.45 0.35 -0.35
v -0.35 -0.55 -0.35
v -0.35 -0.45 -0.35
v -0.35 -0.35 -0.35
v -0.35 -0.25 -0.35
v -0.35 -0.0500001 -0.35
v -0.35 0.05 -0.35
v -0.35 0.25 -0.35
v -0.35 0.35 -0.35
v -0.35 0.45 -0.35
v -0.35 0.55 -0.35
v -0.35 0.65 -0.35
v -0.25 -0.65 -0.35
v -0.25 -0.55 -0.35
v -0.25 -0.45 -0.35
v -0.25 -0.35 -0.35
v -0.25 -0.25 -0.35
v -0.25 -0.0500001 -0.35
v -0.25 0.05 -0.35
v -0.25 0.25 -0.35
v -0.25 0.35 -0.35
v -0.25 0.45 -0.35
v -0.25 0.55 -0.35
v -0.25 0.65 -0.35
v -0.25 0.85 -0.35
v -0.25 0.95 -0.35
v -0.15 -0.65 -0.35
v -0.15 -0.55 -0.35
v -0.15 0.55 -0.35
v -0.15 0.65 -0.35
v -0.15 0.85 -0.35
v -0.15 0.95 -0.35
v -0.0500001 -0.65 -0.35
v -0.0500001 -0.55 -0.35
v -0.0500001 0.55 -0.35
v -0.0500001 0.65 -0.35
v -0.0500001 0.75 -0.35
v -0.0500001 0.85 -0.35
v -0.0500001 0.95 -0.35
v 0.05 -0.65 -0.35
v 0.05 -0.55 -0.35
v 0.05 0.55 -0.35
v 0.05 0.65 -0.35
v 0.05 0.75 -0.35
v 0.05 0.85 -0.35
v 0.05 0.95 -0.35
v 0.25 -0.95 -0.35
v 0.25 -0.85 -0.35
v 0.25 -0.75 -0.35
v 0.25 -0.65 -0.35
v 0.25 -0.55 -0.35
v 0.25 -0.25 -0.35
v 0.25 -0.15 -0.35
v 0.25 -0.0500001 -0.35
v 0.25 0.05 -0.35
v 0.35 -0.95 -0.35
v 0.35 -0.85 -0.35
v 0.35 -0.75 -0.35
v 0.35 -0.65 -0.35
v 0.35 -0.55 -0.35
v 0.35 -0.25 -0.35
v 0.35 -0.15 -0.35
v 0.35 -0.0500001 -0.35
v 0.35 0.05 -0.35
v 0.35 0.25 -0.35
v 0.35 0.35 -0.35
v 0.35 0.55 -0.35
v 0.35 0.65 -0.35
v 0.35 0.85 -0.35
v 0.35 0.95 -0.35
v 0.45 0.25 -0.35
v 0.45 0.35 -0.35
v 0.45 0.55 -0.35
v 0.45 0.65 -0.35
v 0.45 0.85 -0.35
v 0.45 0.95 -0.35
v 0.55 -0.35 -0.35
v 0.55 -0.25 -0.35
v 0.55 -0.0500001 -0.35
v 0.55 0.05 -0.35
v 0.55 0.25 -0.35
v 0.55 0.35 -0.35
v 0.55 0.55 -0.35
v 0.55 0.65 -0.35
v 0.55 0.85 -0.35
v 0.55 0.95 -0.35
v 0.65 -0.95 -0.35
v 0.65 -0.85 -0.35
v 0.65 -0.35 -0.35
v 0.65 -0.25 -0.35
v 0.65 -0.0500001 -0.35
v 0.65 0.05 -0.35
v 0.65 0.25 -0.35
v 0.65 0.35 -0.35
v 0.65 0.55 -0.35
v 0.65 0.65 -0.35
v 0.65 0.85 -0.35
v 0.65 0.95 -0.35
v 0.75 -0.95 -0.35
v 0.75 -0.85 -0.35
v 0.75 -0.35 -0.35
v 0.75 -0.25 -0.35
v 0.75 -0.0500001 -0.35
v 0.75 0.05 -0.35
v 0.85 -0.95 -0.35
v 0.85 -0.85 -0.35
v 0.85 -0.75 -0.35
v 0.85 -0.65 -0.35
v 0.85 -0.55 -0.35
v 0.85 -0.45 -0.35
v 0.85 -0.35 -0.35
v 0.85 -0.25 -0.35
v 0.85 -0.0500001 -0.35
v 0.85 0.05 -0.35
v 0.85 0.15 -0.35
v 0.85 0.25 -0.35
v 0.85 0.55 -0.35
v 0.85 0.65 -0.35
v 0.85 0.75 -0.35
v 0.85 0.85 -0.35
v 0.95 -0.95 -0.35
v 0.95 -0.85 -0.35
v 0.95 -0.75 -0.35
v 0.95 -0.65 -0.35
v 0.95 -0.55 -0.35
v 0.95 -0.45 -0.35
v 0.95 -0.35 -0.35
v 0.95 -0.25 -0.35
v 0.95 0.05 -0.35
v 0.95 0.15 -0.35
v 0.95 0.25 -0.35
v 0.95 0.55 -0.35
v 0.95 0.65 -0.35
v 0.95 0.75 -0.35
v 0.95 0.85 -0.35
v -0.95 -0.85 -0.65
v -0.95 -0.75 -0.65
v -0.95 -0.65 -0.65
v -0.95 -0.35 -0.65
v -0.95 -0.25 -0.65
v -0.95 -0.15 -0.65
v -0.95 -0.0500001 -0.65
v -0.95 0.05 -0.65
v -0.95 0.15 -0.65
v -0.95 0.25 -0.65
v -0.95 0.35 -0.65
v -0.95 0.45 -0.65
v -0.95 0.55 -0.65
v -0.95 0.65 -0.65
v -0.85 -0.85 -0.65
v -0.85 -0.75 -0.65
v -0.85 -0.65 -0.65
v -0.85 -0.35 -0.65
v -0.85 -0.25 -0.65
v -0.85 -0.15 -0.65
v -0.85 -0.0500001 -0.65
v -0.85 0.05 -0.65
v -0.85 0.15 -0.65
v -0.85 0.25 -0.65
v -0.85 0.35 -0.65
v -0.85 0.45 -0.65
v -0.85 0.55 -0.65
v -0.85 0.65 -0.65
v -0.85 0.85 -0.65
v -0.85 0.95 -0.65
v -0.75 0.85 -0.65
v -0.75 0.95 -0.65
v -0.65 -0.65 -0.65
v -0.65 -0.55 -0.65
v -0.65 -0.45 -0.65
v -0.65 -0.35 -0.65
v -0.65 -0.25 -0.65
v -0.65 -0.15 -0.65
v -0.65 -0.0500001 -0.65
v -0.65 0.05 -0.65
v -0.65 0.15 -0.65
v -0.65 0.25 -0.65
v -0.65 0.35 -0.65
v -0.65 0.45 -0.65
v -0.65 0.55 -0.65
v -0.65 0.65 -0.65
v -0.65 0.85 -0.65
v -0.65 0.95 -0.65
v -0.55 -0.95 -0.65
v -0.55 -0.85 -0.65
v -0.55 -0.65 -0.65
v -0.55 -0.55 -0.65
v -0.55 -0.45 -0.65
v -0.55 -0.35 -0.65
v -0.55 -0.25 -0.65
v -0.55 -0.15 -0.65
v -0.55 -0.0500001 -0.65
v -0.55 0.05 -0.65
v -0.55 0.15 -0.65
v -0.55 0.25 -0.65
v -0.55 0.35 -0.65
v -0.55 0.45 -0.65
v -0.55 0.55 -0.65
v -0.55 0.65 -0.65
v -0.55 0.85 -0.65
v -0.55 0.95 -0.65
v -0.45 -0.95 -0.65
v -0.45 -0.85 -0.65
v -0.45 -0.35 -0.65
v -0.45 -0.25 -0.65
v -0.45 -0.0500001 -0.65
v -0.45 0.05 -0.65
v -0.35 -0.95 -0.65
v -0.35 -0.85 -0.65
v -0.35 -0.35 -0.65
v -0.35 -0.25 -0.65
v -0.35 -0.0500001 -0.65
v -0.35 0.05 -0.65
v -0.25 -0.95 -0.65
v -0.25 -0.85 -0.65
v -0.25 -0.35 -0.65
v -0.25 -0.25 -0.65
v -0.25 -0.0500001 -0.65
v -0.25 0.05 -0.65
v -0.25 0.25 -0.65
v -0.25 0.35 -0.65
v -0.15 -0.95 -0.65
v -0.15 -0.85 -0.65
v -0.15 0.25 -0.65
v -0.15 0.35 -0.65
v -0.0500001 -0.95 -0.65
v -0.0500001 -0.85 -0.65
v -0.0500001 -0.75 -0.65
v -0.0500001 -0.65 -0.65
v -0.0500001 -0.35 -0.65
v -0.0500001 -0.25 -0.65
v -0.0500001 -0.15 -0.65
v -0.0500001 -0.0500001 -0.65
v -0.0500001 0.25 -0.65
v -0.0500001 0.35 -0.65
v -0.0500001 0.45 -0.65
v -0.0500001 0.55 -0.65
v -0.0500001 0.65 -0.65
v 0.05 -0.95 -0.65
v 0.05 -0.85 -0.65
v 0.05 -0.75 -0.65
v 0.05 -0.65 -0.65
v 0.05 -0.35 -0.65
v 0.05 -0.25 -0.65
v 0.05 -0.15 -0.65
v 0.05 -0.0500001 -0.65
v 0.05 0.05 -0.65
v 0.05 0.25 -0.65
v 0.05 0.35 -0.65
v 0.05 0.45 -0.65
v 0.05 0.55 -0.65
v 0.05 0.65 -0.65
v 0.05 0.85 -0.65
v 0.05 0.95 -0.65
v 0.15 -0.0500001 -0.65
v 0.15 0.05 -0.65
v 0.15 0.85 -0.65
v 0.15 0.95 -0.65
v 0.25 -0.35 -0.65
v 0.25 -0.25 -0.65
v 0.25 -0.15 -0.65
v 0.25 -0.0500001 -0.65
v 0.25 0.05 -0.65
v 0.25 0.15 -0.65
v 0.25 0.25 -0.65
v 0.25 0.35 -0.65
v 0.25 0.55 -0.65
v 0.25 0.65 -0.65
v 0.25 0.75 -0.65
v 0.25 0.85 -0.65
v 0.25 0.95 -0.65
v 0.35 -0.65 -0.65
v 0.35 -0.55 -0.65
v 0.35 -0.35 -0.65
v 0.35 -0.25 -0.65
v 0.35 -0.15 -0.65
v 0.35 -0.0500001 -0.65
v 0.35 0.05 -0.65
v 0.35 0.15 -0.65
v 0.35 0.25 -0.65
v 0.35 0.35 -0.65
v 0.35 0.55 -0.65
v 0.35 0.65 -0.65
v 0.35 0.75 -0.65
v 0.35 0.85 -0.65
v 0.35 0.95 -0.65
v 0.45 -0.65 -0.65
v 0.45 -0.55 -0.65
v 0.45 -0.35 -0.65
v 0.45 -0.25 -0.65
v 0.45 0.55 -0.65
v 0.45 0.65 -0.65
v 0.55 -0.95 -0.65
v 0.55 -0.85 -0.65
v 0.55 -0.75 -0.65
v 0.55 -0.65 -0.65
v 0.55 -0.55 -0.65
v 0.55 -0.35 -0.65
v 0.55 -0.25 -0.65
v 0.55 0.25 -0.65
v 0.55 0.35 -0.65
v 0.55 0.45 -0.65
v 0.55 0.55 -0.65
v 0.55 0.65 -0.65
v 0.55 0.85 -0.65
v 0.55 0.95 -0.65
v 0.65 -0.95 -0.65
v 0.65 -0.85 -0.65
v 0.65 -0.75 -0.65
v 0.65 -0.65 -0.65
v 0.65 -0.55 -0.65
v 0.65 -0.35 -0.65
v 0.65 -0.25 -0.65
v 0.65 0.25 -0.65
v 0.65 0.35 -0.65
v 0.65 0.45 -0.65
v 0.65 0.55 -0.65
v 0.65 0.65 -0.65
v 0.65 0.85 -0.65
v 0.65 0.95 -0.65
v 0.75 0.55 -0.65
v 0.75 0.65 -0.65
v 0.75 0.85 -0.65
v 0.75 0.95 -0.65
v 0.85 -0.65 -0.65
v 0.85 -0.55 -0.65
v 0.85 -0.35 -0.65
v 0.85 -0.25 -0.65
v 0.85 -0.15 -0.65
v 0.85 -0.0500001 -0.65
v 0.85 0.05 -0.65
v 0.85 0.25 -0.65
v 0.85 0.35 -0.65
v 0.85 0.45 -0.65
v 0.85 0.55 -0.65
v 0.85 0.65 -0.65
v 0.85 0.85 -0.65
v 0.85 0.95 -0.65
v 0.95 -0.65 -0.65
v 0.95 -0.55 -0.65
v 0.95 -0.35 -0.65
v 0.95 -0.25 -0.65
v 0.95 -0.15 -0.65
v 0.95 -0.0500001 -0.65
v 0.95 0.05 -0.65
v 0.95 0.25 -0.65
v 0.95 0.35 -0.65
v 0.95 0.45 -0.65
v 0.95 0.55 -0.65
v -0.95 -0.95 -0.95
v -0.95 -0.85 -0.95
v -0.95 -0.65 -0.95
v -0.95 -0.55 -0.95
v -0.95 -0.35 -0.95
v -0.95 -0.25 -0.95
v -0.95 -0.15 -0.95
v -0.95 -0.0500001 -0.95
v -0.95 0.05 -0.95
v -0.95 0.15 -0.95
v -0.95 0.25 -0.95
v -0.95 0.35 -0.95
v -0.95 0.45 -0.95
v -0.95 0.55 -0.95
v -0.95 0.65 -0.95
v -0.95 0.75 -0.95
v -0.95 0.85 -0.95
v -0.95 0.95 -0.95
v -0.85 -0.95 -0.95
v -0.85 -0.85 -0.95
v -0.85 -0.65 -0.95
v -0.85 -0.55 -0.95
v -0.85 -0.35 -0.95
v -0.85 -0.25 -0.95
v -0.85 -0.15 -0.95
v -0.85 -0.0500001 -0.95
v -0.85 0.05 -0.95
v -0.85 0.15 -0.95
v -0.85 0.25 -0.95
v -0.85 0.35 -0.95
v -0.85 0.45 -0.95
v -0.85 0.55 -0.95
v -0.85 0.65 -0.95
v -0.85 0.75 -0.95
v -0.85 0.85 -0.95
v -0.85 0.95 -0.95
v -0.75 -0.95 -0.95
v -0.75 -0.85 -0.95
v -0.75 0.25 -0.95
v -0.75 0.35 -0.95
v -0.65 -0.95 -0.95
v -0.65 -0.85 -0.95
v -0.65 -0.65 -0.95
v -0.65 -0.55 -0.95
v -0.65 -0.45 -0.95
v -0.65 -0.35 -0.95
v -0.65 -0.25 -0.95
v -0.65 -0.15 -0.95
v -0.65 -0.0500001 -0.95
v -0.65 0.05 -0.95
v -0.65 0.15 -0.95
v -0.65 0.25 -0.95
v -0.65 0.35 -0.95
v -0.65 0.45 -0.95
v -0.65 0.55 -0.95
v -0.65 0.65 -0.95
v -0.65 0.75 -0.95
v -0.65 0.85 -0.95
v -0.65 0.95 -0.95
v -0.55 -0.95 -0.95
v -0.55 -0.85 -0.95
v -0.55 -0.65 -0.95
v -0.55 -0.55 -0.95
v -0.55 -0.45 -0.95
v -0.55 -0.35 -0.95
v -0.55 -0.25 -0.95
v -0.55 -0.15 -0.95
v -0.55 -0.0500001 -0.95
v -0.55 0.05 -0.95
v -0.55 0.15 -0.95
v -0.55 0.25 -0.95
v -0.55 0.35 -0.95
v -0.55 0.45 -0.95
v -0.55 0.55 -0.95
v -0.55 0.65 -0.95
v -0.55 0.75 -0.95
v -0.55 0.85 -0.95
v -0.55 0.95 -0.95
v -0.45 0.25 -0.95
v -0.45 0.35 -0.95
v -0.45 0.55 -0.95
v -0.45 0.65 -0.95
v -0.35 -0.95 -0.95
v -0.35 -0.85 -0.95
v -0.35 -0.75 -0.95
v -0.35 -0.65 -0.95
v -0.35 -0.55 -0.95
v -0.35 -0.35 -0.95
v -0.35 -0.25 -0.95
v -0.35 -0.0500001 -0.95
v -0.35 0.05 -0.95
v -0.35 0.15 -0.95
v -0.35 0.25 -0.95
v -0.35 0.35 -0.95
v -0.35 0.55 -0.95
v -0.35 0.65 -0.95
v -0.35 0.85 -0.95
v -0.35 0.95 -0.95
v -0.25 -0.95 -0.95
v -0.25 -0.85 -0.95
v -0.25 -0.75 -0.95
v -0.25 -0.65 -0.95
v -0.25 -0.55 -0.95
v -0.25 -0.35 -0.95
v -0.25 -0.25 -0.95
v -0.25 -0.0500001 -0.95
v -0.25 0.05 -0.95
v -0.25 0.15 -0.95
v -0.25 0.25 -0.95
v -0.25 0.35 -0.95
v -0.25 0.55 -0.95
v -0.25 0.65 -0.95
v -0.25 0.85 -0.95
v -0.25 0.95 -0.95
v -0.15 -0.95 -0.95
v -0.15 -0.85 -0.95
v -0.15 -0.35 -0.95
v -0.15 -0.25 -0.95
v -0.15 -0.0500001 -0.95
v -0.15 0.05 -0.95
v -0.0500001 -0.95 -0.95
v -0.0500001 -0.85 -0.95
v -0.0500001 -0.65 -0.95
v -0.0500001 -0.55 -0.95
v -0.0500001 -0.45 -0.95
v -0.0500001 -0.35 -0.95
v -0.0500001 -0.25 -0.95
v -0.0500001 -0.0500001 -0.95
v -0.0500001 0.05 -0.95
v -0.0500001 0.15 -0.95
v -0.0500001 0.25 -0.95
v -0.0500001 0.35 -0.95
v -0.0500001 0.45 -0.95
v -0.0500001 0.55 -0.95
v -0.0500001 0.65 -0.95
v -0.0500001 0.75 -0.95
v -0.0500001 0.85 -0.95
v -0.0500001 0.95 -0.95
v 0.05 -0.95 -0.95
v 0.05 -0.85 -0.95
v 0.05 -0.65 -0.95
v 0.05 -0.55 -0.95
v 0.05 -0.45 -0.95
v 0.05 -0.35 -0.95
v 0.05 -0.25 -0.95
v 0.05 -0.0500001 -0.95
v 0.05 0.05 -0.95
v 0.05 0.15 -0.95
v 0.05 0.25 -0.95
v 0.05 0.35 -0.95
v 0.05 0.45 -0.95
v 0.05 0.55 -0.95
v 0.05 0.65 -0.95
v 0.05 0.75 -0.95
v 0.05 0.85 -0.95
v 0.05 0.95 -0.95
v 0.15 -0.95 -0.95
v 0.15 -0.85 -0.95
v 0.15 -0.65 -0.95
v 0.15 -0.55 -0.95
v 0.15 0.55 -0.95
v 0.15 0.65 -0.95
v 0.25 -0.95 -0.95
v 0.25 -0.85 -0.95
v 0.25 -0.65 -0.95
v 0.25 -0.55 -0.95
v 0.25 -0.35 -0.95
v 0.25 -0.25 -0.95
v 0.25 -0.15 -0.95
v 0.25 -0.0500001 -0.95
v 0.25 0.05 -0.95
v 0.25 0.15 -0.95
v 0.25 0.25 -0.95
v 0.25 0.35 -0.95
v 0.25 0.45 -0.95
v 0.25 0.55 -0.95
v 0.25 0.65 -0.95
v 0.25 0.75 -0.95
v 0.25 0.85 -0.95
v 0.25 0.95 -0.95
v 0.35 -0.95 -0.95
v 0.35 -0.85 -0.95
v 0.35 -0.65 -0.95
v 0.35 -0.55 -0.95
v 0.35 -0.35 -0.95
v 0.35 -0.25 -0.95
v 0.35 -0.15 -0.95
v 0.35 -0.0500001 -0.95
v 0.35 0.05 -0.95
v 0.35 0.15 -0.95
v 0.35 0.25 -0.95
v 0.35 0.35 -0.95
v 0.35 0.45 -0.95
v 0.35 0.55 -0.95
v 0.35 0.65 -0.95
v 0.35 0.75 -0.95
v 0.35 0.85 -0.95
v 0.35 0.95 -0.95
v 0.45 -0.95 -0.95
v 0.45 -0.85 -0.95
v 0.45 -0.0500001 -0.95
v 0.45 0.05 -0.95
v 0.45 0.25 -0.95
v 0.45 0.35 -0.95
v 0.45 0.55 -0.95
v 0.45 0.65 -0.95
v 0.45 0.85 -0.95
v 0.45 0.95 -0.95
v 0.55 -0.95 -0.95
v 0.55 -0.85 -0.95
v 0.55 -0.65 -0.95
v 0.55 -0.55 -0.95
v 0.55 -0.45 -0.95
v 0.55 -0.35 -0.95
v 0.55 -0.25 -0.95
v 0.55 -0.15 -0.95
v 0.55 -0.0500001 -0.95
v 0.55 0.05 -0.95
v 0.55 0.25 -0.95
v 0.55 0.35 -0.95
v 0.55 0.55 -0.95
v 0.55 0.65 -0.95
v 0.55 0.85 -0.95
v 0.55 0.95 -0.95
v 0.65 -0.95 -0.95
v 0.65 -0.85 -0.95
v 0.65 -0.65 -0.95
v 0.65 -0.55 -0.95
v 0.65 -0.45 -0.95
v 0.65 -0.35 -0.95
v 0.65 -0.25 -0.95
v 0.65 -0.15 -0.95
v 0.65 -0.0500001 -0.95
v 0.65 0.05 -0.95
v 0.65 0.25 -0.95
v 0.65 0.35 -0.95
v 0.65 0.55 -0.95
v 0.65 0.65 -0.95
v 0.65 0.85 -0.95
v 0.65 0.95 -0.95
v 0.75 -0.95 -0.95
v 0.75 -0.85 -0.95
v 0.75 -0.65 -0.95
v 0.75 -0.55 -0.95
v 0.75 -0.35 -0.95
v 0.75 -0.25 -0.95
v 0.75 0.25 -0.95
v 0.75 0.35 -0.95
v 0.85 -0.95 -0.95
v 0.85 -0.85 -0.95
v 0.85 -0.65 -0.95
v 0.85 -0.55 -0.95
v 0.85 -0.35 -0.95
v 0.85 -0.25 -0.95
v 0.85 -0.0500001 -0.95
v 0.85 0.05 -0.95
v 0.85 0.15 -0.95
v 0.85 0.25 -0.95
v 0.85 0.35 -0.95
v 0.85 0.55 -0.95
v 0.85 0.65 -0.95
v 0.85 0.85 -0.95
v 0.85 0.95 -0.95
v 0.95 -0.95 -0.95
v 0.95 -0.85 -0.95
v 0.95 -0.65 -0.95
v 0.95 -0.55 -0.95
v 0.95 -0.35 -0.95
v 0.95 -0.25 -0.95
v 0.95 -0.0500001 -0.95
v 0.95 0.05 -0.95
v 0.95 0.15 -0.95
v 0.95 0.25 -0.95
v 0.95 0.35 -0.95
v 0.95 0.55 -0.95
v 0.95 0.65 -0.95
v 0.95 0.85 -0.95
v 0.95 0.95 -0.95
v -0.95 -0.95 0.95
v -0.85 -0.95 0.95
v -0.65 -0.95 0.95
v -0.55 -0.95 0.95
v -0.45 -0.95 0.95
v -0.35 -0.95 0.95
v -0.25 -0.95 0.95
v -0.0500001 -0.95 0.95
v 0.05 -0.95 0.95
v 0.25 -0.95 0.95
v 0.35 -0.95 0.95
v 0.55 -0.95 0.95
v 0.65 -0.95 0.95
v 0.85 -0.95 0.95
v 0.95 -0.95 0.95
v -0.95 -0.95 0.85
v -0.85 -0.95 0.85
v -0.65 -0.95 0.85
v -0.55 -0.95 0.85
v -0.45 -0.95 0.85
v -0.35 -0.95 0.85
v -0.25 -0.95 0.85
v -0.0500001 -0.95 0.85
v 0.05 -0.95 0.85
v 0.25 -0.95 0.85
v 0.35 -0.95 0.85
v 0.55 -0.95 0.85
v 0.65 -0.95 0.85
v 0.85 -0.95 0.85
v 0.95 -0.95 0.85
v -0.95 -0.95 0.75
v -0.85 -0.95 0.75
v -0.35 -0.95 0.75
v -0.25 -0.95 0.75
v -0.0500001 -0.95 0.75
v 0.05 -0.95 0.75
v 0.25 -0.95 0.75
v 0.35 -0.95 0.75
v 0.55 -0.95 0.75
v 0.65 -0.95 0.75
v -0.95 -0.95 0.65
v -0.85 -0.95 0.65
v -0.65 -0.95 0.65
v -0.55 -0.95 0.65
v -0.35 -0.95 0.65
v -0.25 -0.95 0.65
v -0.0500001 -0.95 0.65
v 0.05 -0.95 0.65
v 0.15 -0.95 0.65
v 0.25 -0.95 0.65
v 0.35 -0.95 0.65
v 0.55 -0.95 0.65
v 0.65 -0.95 0.65
v 0.85 -0.95 0.65
v 0.95 -0.95 0.65
v -0.95 -0.95 0.55
v -0.85 -0.95 0.55
v -0.65 -0.95 0.55
v -0.55 -0.95 0.55
v -0.35 -0.95 0.55
v -0.25 -0.95 0.55
v -0.0500001 -0.95 0.55
v 0.05 -0.95 0.55
v 0.15 -0.95 0.55
v 0.25 -0.95 0.55
v 0.35 -0.95 0.55
v 0.55 -0.95 0.55
v 0.65 -0.95 0.55
v 0.85 -0.95 0.55
v 0.95 -0.95 0.55
v -0.95 -0.95 0.45
v -0.85 -0.95 0.45
v -0.65 -0.95 0.45
v -0.55 -0.95 0.45
v -0.35 -0.95 0.45
v -0.25 -0.95 0.45
v 0.55 -0.95 0.45
v 0.65 -0.95 0.45
v 0.85 -0.95 0.45
v 0.95 -0.95 0.45
v -0.95 -0.95 0.35
v -0.85 -0.95 0.35
v -0.75 -0.95 0.35
v -0.65 -0.95 0.35
v -0.55 -0.95 0.35
v -0.45 -0.95 0.35
v -0.35 -0.95 0.35
v -0.25 -0.95 0.35
v -0.0500001 -0.95 0.35
v 0.05 -0.95 0.35
v 0.15 -0.95 0.35
v 0.25 -0.95 0.35
v 0.35 -0.95 0.35
v 0.45 -0.95 0.35
v 0.55 -0.95 0.35
v 0.65 -0.95 0.35
v 0.85 -0.95 0.35
v 0.95 -0.95 0.35
v -0.95 -0.95 0.25
v -0.85 -0.95 0.25
v -0.75 -0.95 0.25
v -0.65 -0.95 0.25
v -0.55 -0.95 0.25
v -0.45 -0.95 0.25
v -0.35 -0.95 0.25
v -0.25 -0.95 0.25
v -0.0500001 -0.95 0.25
v 0.05 -0.95 0.25
v 0.15 -0.95 0.25
v 0.25 -0.95 0.25
v 0.35 -0.95 0.25
v 0.45 -0.95 0.25
v 0.55 -0.95 0.25
v 0.65 -0.95 0.25
v 0.85 -0.95 0.25
v 0.95 -0.95 0.25
v -0.95 -0.95 0.15
v -0.85 -0.95 0.15
v 0.55 -0.95 0.15
v 0.65 -0.95 0.15
v -0.95 -0.95 0.0500001
v -0.85 -0.95 0.0500001
v -0.65 -0.95 0.0500001
v -0.55 -0.95 0.0500001
v -0.35 -0.95 0.0500001
v -0.25 -0.95 0.0500001
v -0.0500001 -0.95 0.0500001
v 0.05 -0.95 0.0500001
v 0.25 -0.95 0.0500001
v 0.35 -0.95 0.0500001
v 0.55 -0.95 0.0500001
v 0.65 -0.95 0.0500001
v 0.85 -0.95 0.0500001
v 0.95 -0.95 0.0500001
v -0.95 -0.95 -0.05
v -0.85 -0.95 -0.05
v -0.65 -0.95 -0.05
v -0.55 -0.95 -0.05
v -0.35 -0.95 -0.05
v -0.25 -0.95 -0.05
v -0.0500001 -0.95 -0.05
v 0.05 -0.95 -0.05
v 0.25 -0.95 -0.05
v 0.35 -0.95 -0.05
v 0.55 -0.95 -0.05
v 0.65 -0.95 -0.05
v 0.85 -0.95 -0.05
v 0.95 -0.95 -0.05
v -0.95 -0.95 -0.15
v -0.85 -0.95 -0.15
v -0.35 -0.95 -0.15
v -0.25 -0.95 -0.15
v 0.25 -0.95 -0.15
v 0.35 -0.95 -0.15
v 0.55 -0.95 -0.15
v 0.65 -0.95 -0.15
v 0.85 -0.95 -0.15
v 0.95 -0.95 -0.15
v -0.95 -0.95 -0.25
v -0.85 -0.95 -0.25
v -0.75 -0.95 -0.25
v -0.65 -0.95 -0.25
v -0.55 -0.95 -0.25
v -0.35 -0.95 -0.25
v -0.25 -0.95 -0.25
v -0.0500001 -0.95 -0.25
v 0.05 -0.95 -0.25
v 0.25 -0.95 -0.25
v 0.35 -0.95 -0.25
v 0.55 -0.95 -0.25
v 0.65 -0.95 -0.25
v 0.75 -0.95 -0.25
v 0.85 -0.95 -0.25
v 0.95 -0.95 -0.25
v -0.95 -0.95 -0.35
v -0.85 -0.95 -0.35
v -0.75 -0.95 -0.35
v -0.65 -0.95 -0.35
v -0.55 -0.95 -0.35
v -0.35 -0.95 -0.35
v -0.25 -0.95 -0.35
v -0.0500001 -0.95 -0.35
v 0.05 -0.95 -0.35
v 0.25 -0.95 -0.35
v 0.35 -0.95 -0.35
v 0.55 -0.95 -0.35
v 0.65 -0.95 -0.35
v 0.75 -0.95 -0.35
v 0.85 -0.95 -0.35
v 0.95 -0.95 -0.35
v -0.35 -0.95 -0.45
v -0.25 -0.95 -0.45
v -0.0500001 -0.95 -0.45
v 0.05 -0.95 -0.45
v 0.55 -0.95 -0.45
v 0.65 -0.95 -0.45
v -0.95 -0.95 -0.55
v -0.85 -0.95 -0.55
v -0.65 -0.95 -0.55
v -0.55 -0.95 -0.55
v -0.45 -0.95 -0.55
v -0.35 -0.95 -0.55
v -0.25 -0.95 -0.55
v -0.15 -0.95 -0.55
v -0.0500001 -0.95 -0.55
v 0.05 -0.95 -0.55
v 0.25 -0.95 -0.55
v 0.35 -0.95 -0.55
v 0.55 -0.95 -0.55
v 0.65 -0.95 -0.55
v 0.85 -0.95 -0.55
v 0.95 -0.95 -0.55
v -0.95 -0.95 -0.65
v -0.85 -0.95 -0.65
v -0.65 -0.95 -0.65
v -0.55 -0.95 -0.65
v -0.45 -0.95 -0.65
v -0.35 -0.95 -0.65
v -0.25 -0.95 -0.65
v -0.15 -0.95 -0.65
v -0.0500001 -0.95 -0.65
v 0.05 -0.95 -0.65
v 0.25 -0.95 -0.65
v 0.35 -0.95 -0.65
v 0.55 -0.95 -0.65
v 0.65 -0.95 -0.65
v 0.85 -0.95 -0.65
v 0.95 -0.95 -0.65
v -0.95 -0.95 -0.75
v -0.85 -0.95 -0.75
v -0.65 -0.95 -0.75
v -0.55 -0.95 -0.75
v 0.25 -0.95 -0.75
v 0.35 -0.95 -0.75
v 0.85 -0.95 -0.75
v 0.95 -0.95 -0.75
v -0.95 -0.95 -0.85
v -0.85 -0.95 -0.85
v -0.75 -0.95 -0.85
v -0.65 -0.95 -0.85
v -0.55 -0.95 -0.85
v -0.35 -0.95 -0.85
v -0.25 -0.95 -0.85
v -0.15 -0.95 -0.85
v -0.0500001 -0.95 -0.85
v 0.05 -0.95 -0.85
v 0.15 -0.95 -0.85
v 0.25 -0.95 -0.85
v 0.35 -0.95 -0.85
v 0.45 -0.95 -0.85
v 0.55 -0.95 -0.85
v 0.65 -0.95 -0.85
v 0.75 -0.95 -0.85
v 0.85 -0.95 -0.85
v 0.95 -0.95 -0.85
v -0.95 -0.95 -0.95
v -0.85 -0.95 -0.95
v -0.75 -0.95 -0.95
v -0.65 -0.95 -0.95
v -0.55 -0.95 -0.95
v -0.35 -0.95 -0.95
v -0.25 -0.95 -0.95
v -0.15 -0.95 -0.95
v -0.0500001 -0.95 -0.95
v 0.05 -0.95 -0.95
v 0.15 -0.95 -0.95
v 0.25 -0.95 -0.95
v 0.35 -0.95 -0.95
v 0.45 -0.95 -0.95
v 0.55 -0.95 -0.95
v 0.65 -0.95 -0.95
v 0.75 -0.95 -0.95
v 0.85 -0.95 -0.95
v 0.95 -0.95 -0.95
v -0.95 -0.65 0.95
v -0.85 -0.65 0.95
v -0.65 -0.65 0.95
v -0.55 -0.65 0.95
v -0.35 -0.65 0.95
v -0.25 -0.65 0.95
v -0.0500001 -0.65 0.95
v 0.05 -0.65 0.95
v 0.25 -0.65 0.95
v 0.35 -0.65 0.95
v 0.55 -0.65 0.95
v 0.65 -0.65 0.95
v 0.75 -0.65 0.95
v 0.85 -0.65 0.95
v -0.95 -0.65 0.85
v -0.85 -0.65 0.85
v -0.65 -0.65 0.85
v -0.55 -0.65 0.85
v -0.35 -0.65 0.85
v -0.25 -0.65 0.85
v -0.0500001 -0.65 0.85
v 0.05 -0.65 0.85
v 0.25 -0.65 0.85
v 0.35 -0.65 0.85
v 0.55 -0.65 0.85
v 0.65 -0.65 0.85
v 0.75 -0.65 0.85
v 0.85 -0.65 0.85
v -0.95 -0.65 0.75
v -0.85 -0.65 0.75
v -0.35 -0.65 0.75
v -0.25 -0.65 0.75
v -0.0500001 -0.65 0.75
v 0.05 -0.65 0.75
v 0.25 -0.65 0.75
v 0.35 -0.65 0.75
v 0.55 -0.65 0.75
v 0.65 -0.65 0.75
v -0.95 -0.65 0.65
v -0.85 -0.65 0.65
v -0.35 -0.65 0.65
v -0.25 -0.65 0.65
v -0.15 -0.65 0.65
v -0.0500001 -0.65 0.65
v 0.05 -0.65 0.65
v 0.25 -0.65 0.65
v 0.35 -0.65 0.65
v 0.55 -0.65 0.65
v 0.65 -0.65 0.65
v 0.85 -0.65 0.65
v 0.95 -0.65 0.65
v -0.95 -0.65 0.55
v -0.85 -0.65 0.55
v -0.25 -0.65 0.55
v -0.15 -0.65 0.55
v -0.0500001 -0.65 0.55
v 0.25 -0.65 0.55
v 0.35 -0.65 0.55
v 0.55 -0.65 0.55
v 0.65 -0.65 0.55
v 0.85 -0.65 0.55
v 0.95 -0.65 0.55
v -0.95 -0.65 0.45
v -0.85 -0.65 0.45
v 0.25 -0.65 0.45
v 0.35 -0.65 0.45
v 0.85 -0.65 0.45
v 0.95 -0.65 0.45
v -0.95 -0.65 0.35
v -0.85 -0.65 0.35
v -0.65 -0.65 0.35
v -0.55 -0.65 0.35
v -0.45 -0.65 0.35
v -0.35 -0.65 0.35
v -0.25 -0.65 0.35
v -0.0500001 -0.65 0.35
v 0.05 -0.65 0.35
v 0.25 -0.65 0.35
v 0.35 -0.65 0.35
v 0.55 -0.65 0.35
v 0.65 -0.65 0.35
v 0.85 -0.65 0.35
v 0.95 -0.65 0.35
v -0.95 -0.65 0.25
v -0.85 -0.65 0.25
v -0.65 -0.65 0.25
v -0.55 -0.65 0.25
v -0.45 -0.65 0.25
v -0.35 -0.65 0.25
v -0.25 -0.65 0.25
v -0.0500001 -0.65 0.25
v 0.05 -0.65 0.25
v 0.55 -0.65 0.25
v 0.65 -0.65 0.25
v 0.85 -0.65 0.25
v 0.95 -0.65 0.25
v -0.95 -0.65 0.15
v -0.85 -0.65 0.15
v -0.35 -0.65 0.15
v -0.25 -0.65 0.15
v -0.0500001 -0.65 0.15
v 0.05 -0.65 0.15
v 0.55 -0.65 0.15
v 0.65 -0.65 0.15
v 0.85 -0.65 0.15
v 0.95 -0.65 0.15
v -0.95 -0.65 0.0500001
v -0.85 -0.65 0.0500001
v -0.75 -0.65 0.0500001
v -0.65 -0.65 0.0500001
v -0.35 -0.65 0.0500001
v -0.25 -0.65 0.0500001
v -0.0500001 -0.65 0.0500001
v 0.05 -0.65 0.0500001
v 0.15 -0.65 0.0500001
v 0.25 -0.65 0.0500001
v 0.55 -0.65 0.0500001
v 0.65 -0.65 0.0500001
v 0.85 -0.65 0.0500001
v 0.95 -0.65 0.0500001
v -0.95 -0.65 -0.05
v -0.85 -0.65 -0.05
v -0.75 -0.65 -0.05
v -0.65 -0.65 -0.05
v -0.35 -0.65 -0.05
v -0.25 -0.65 -0.05
v -0.0500001 -0.65 -0.05
v 0.05 -0.65 -0.05
v 0.15 -0.65 -0.05
v 0.25 -0.65 -0.05
v 0.85 -0.65 -0.05
v 0.95 -0.65 -0.05
v -0.95 -0.65 -0.15
v -0.85 -0.65 -0.15
v -0.0500001 -0.65 -0.15
v 0.05 -0.65 -0.15
v 0.85 -0.65 -0.15
v 0.95 -0.65 -0.15
v -0.95 -0.65 -0.25
v -0.85 -0.65 -0.25
v -0.75 -0.65 -0.25
v -0.65 -0.65 -0.25
v -0.55 -0.65 -0.25
v -0.35 -0.65 -0.25
v -0.25 -0.65 -0.25
v -0.15 -0.65 -0.25
v -0.0500001 -0.65 -0.25
v 0.05 -0.65 -0.25
v 0.55 -0.65 -0.25
v 0.65 -0.65 -0.25
v 0.85 -0.65 -0.25
v 0.95 -0.65 -0.25
v -0.95 -0.65 -0.35
v -0.85 -0.65 -0.35
v -0.75 -0.65 -0.35
v -0.65 -0.65 -0.35
v -0.55 -0.65 -0.35
v -0.35 -0.65 -0.35
v -0.25 -0.65 -0.35
v -0.15 -0.65 -0.35
v -0.0500001 -0.65 -0.35
v 0.05 -0.65 -0.35
v 0.55 -0.65 -0.35
v 0.65 -0.65 -0.35
v 0.85 -0.65 -0.35
v 0.95 -0.65 -0.35
v -0.95 -0.65 -0.45
v -0.85 -0.65 -0.45
v -0.35 -0.65 -0.45
v -0.25 -0.65 -0.45
v 0.55 -0.65 -0.45
v 0.65 -0.65 -0.45
v 0.85 -0.65 -0.45
v 0.95 -0.65 -0.45
v -0.95 -0.65 -0.55
v -0.85 -0.65 -0.55
v -0.65 -0.65 -0.55
v -0.55 -0.65 -0.55
v -0.35 -0.65 -0.55
v -0.25 -0.65 -0.55
v 0.25 -0.65 -0.55
v 0.35 -0.65 -0.55
v 0.45 -0.65 -0.55
v 0.55 -0.65 -0.55
v 0.65 -0.65 -0.55
v 0.85 -0.65 -0.55
v 0.95 -0.65 -0.55
v -0.95 -0.65 -0.65
v -0.85 -0.65 -0.65
v -0.65 -0.65 -0.65
v -0.55 -0.65 -0.65
v -0.35 -0.65 -0.65
v -0.25 -0.65 -0.65
v -0.0500001 -0.65 -0.65
v 0.05 -0.65 -0.65
v 0.25 -0.65 -0.65
v 0.35 -0.65 -0.65
v 0.45 -0.65 -0.65
v 0.55 -0.65 -0.65
v 0.85 -0.65 -0.65
v 0.95 -0.65 -0.65
v -0.95 -0.65 -0.75
v -0.85 -0.65 -0.75
v -0.35 -0.65 -0.75
v -0.25 -0.65 -0.75
v -0.0500001 -0.65 -0.75
v 0.05 -0.65 -0.75
v 0.25 -0.65 -0.75
v 0.35 -0.65 -0.75
v -0.95 -0.65 -0.85
v -0.85 -0.65 -0.85
v -0.65 -0.65 -0.85
v -0.55 -0.65 -0.85
v -0.35 -0.65 -0.85
v -0.25 -0.65 -0.85
v -0.0500001 -0.65 -0.85
v 0.05 -0.65 -0.85
v 0.15 -0.65 -0.85
v 0.25 -0.65 -0.85
v 0.35 -0.65 -0.85
v 0.55 -0.65 -0.85
v 0.65 -0.65 -0.85
v 0.75 -0.65 -0.85
v 0.85 -0.65 -0.85
v 0.95 -0.65 -0.85
v -0.95 -0.65 -0.95
v -0.85 -0.65 -0.95
v -0.65 -0.65 -0.95
v -0.55 -0.65 -0.95
v -0.0500001 -0.65 -0.95
v 0.05 -0.65 -0.95
v 0.15 -0.65 -0.95
v 0.25 -0.65 -0.95
v 0.35 -0.65 -0.95
v 0.55 -0.65 -0.95
v 0.65 -0.65 -0.95
v 0.75 -0.65 -0.95
v 0.85 -0.65 -0.95
v 0.95 -0.65 -0.95
v -0.95 -0.35 0.95
v -0.85 -0.35 0.95
v -0.75 -0.35 0.95
v -0.65 -0.35 0.95
v -0.35 -0.35 0.95
v -0.25 -0.35 0.95
v -0.15 -0.35 0.95
v -0.0500001 -0.35 0.95
v 0.05 -0.35 0.95
v 0.25 -0.35 0.95
v 0.35 -0.35 0.95
v 0.55 -0.35 0.95
v 0.65 -0.35 0.95
v 0.75 -0.35 0.95
v 0.85 -0.35 0.95
v 0.95 -0.35 0.95
v -0.95 -0.35 0.85
v -0.85 -0.35 0.85
v -0.75 -0.35 0.85
v -0.65 -0.35 0.85
v -0.35 -0.35 0.85
v -0.25 -0.35 0.85
v -0.15 -0.35 0.85
v -0.0500001 -0.35 0.85
v 0.05 -0.35 0.85
v 0.25 -0.35 0.85
v 0.35 -0.35 0.85
v 0.55 -0.35 0.85
v 0.65 -0.35 0.85
v 0.75 -0.35 0.85
v 0.85 -0.35 0.85
v 0.95 -0.35 0.85
v 0.25 -0.35 0.75
v 0.35 -0.35 0.75
v 0.85 -0.35 0.75
v 0.95 -0.35 0.75
v -0.95 -0.35 0.65
v -0.85 -0.35 0.65
v -0.65 -0.35 0.65
v -0.55 -0.35 0.65
v -0.0500001 -0.35 0.65
v 0.05 -0.35 0.65
v 0.15 -0.35 0.65
v 0.25 -0.35 0.65
v 0.35 -0.35 0.65
v 0.45 -0.35 0.65
v 0.55 -0.35 0.65
v 0.65 -0.35 0.65
v 0.75 -0.35 0.65
v 0.85 -0.35 0.65
v 0.95 -0.35 0.65
v -0.95 -0.35 0.55
v -0.85 -0.35 0.55
v -0.65 -0.35 0.55
v -0.55 -0.35 0.55
v -0.0500001 -0.35 0.55
v 0.05 -0.35 0.55
v 0.15 -0.35 0.55
v 0.25 -0.35 0.55
v 0.35 -0.35 0.55
v 0.45 -0.35 0.55
v 0.55 -0.35 0.55
v 0.65 -0.35 0.55
v 0.75 -0.35 0.55
v 0.85 -0.35 0.55
v 0.95 -0.35 0.55
v -0.65 -0.35 0.45
v -0.55 -0.35 0.45
v -0.0500001 -0.35 0.45
v 0.05 -0.35 0.45
v -0.95 -0.35 0.35
v -0.85 -0.35 0.35
v -0.65 -0.35 0.35
v -0.55 -0.35 0.35
v -0.35 -0.35 0.35
v -0.25 -0.35 0.35
v -0.0500001 -0.35 0.35
v 0.05 -0.35 0.35
v 0.15 -0.35 0.35
v 0.25 -0.35 0.35
v 0.35 -0.35 0.35
v 0.55 -0.35 0.35
v 0.65 -0.35 0.35
v 0.75 -0.35 0.35
v 0.85 -0.35 0.35
v -0.95 -0.35 0.25
v -0.85 -0.35 0.25
v -0.65 -0.35 0.25
v -0.55 -0.35 0.25
v -0.35 -0.35 0.25
v -0.25 -0.35 0.25
v -0.0500001 -0.35 0.25
v 0.05 -0.35 0.25
v 0.15 -0.35 0.25
v 0.25 -0.35 0.25
v 0.35 -0.35 0.25
v 0.55 -0.35 0.25
v 0.65 -0.35 0.25
v 0.75 -0.35 0.25
v 0.85 -0.35 0.25
v 0.95 -0.35 0.25
v -0.95 -0.35 0.15
v -0.85 -0.35 0.15
v -0.65 -0.35 0.15
v -0.55 -0.35 0.15
v -0.35 -0.35 0.15
v -0.25 -0.35 0.15
v -0.0500001 -0.35 0.15
v 0.05 -0.35 0.15
v 0.85 -0.35 0.15
v 0.95 -0.35 0.15
v -0.95 -0.35 0.0500001
v -0.85 -0.35 0.0500001
v -0.65 -0.35 0.0500001
v -0.55 -0.35 0.0500001
v -0.35 -0.35 0.0500001
v -0.25 -0.35 0.0500001
v -0.0500001 -0.35 0.0500001
v 0.05 -0.35 0.0500001
v 0.35 -0.35 0.0500001
v 0.45 -0.35 0.0500001
v 0.55 -0.35 0.0500001
v 0.65 -0.35 0.0500001
v 0.85 -0.35 0.0500001
v 0.95 -0.35 0.0500001
v -0.95 -0.35 -0.05
v -0.85 -0.35 -0.05
v -0.65 -0.35 -0.05
v -0.55 -0.35 -0.05
v -0.35 -0.35 -0.05
v -0.25 -0.35 -0.05
v -0.0500001 -0.35 -0.05
v 0.05 -0.35 -0.05
v 0.35 -0.35 -0.05
v 0.45 -0.35 -0.05
v 0.55 -0.35 -0.05
v 0.65 -0.35 -0.05
v 0.85 -0.35 -0.05
v 0.95 -0.35 -0.05
v -0.95 -0.35 -0.15
v -0.85 -0.35 -0.15
v -0.65 -0.35 -0.15
v -0.55 -0.35 -0.15
v -0.0500001 -0.35 -0.15
v 0.05 -0.35 -0.15
v -0.95 -0.35 -0.25
v -0.85 -0.35 -0.25
v -0.75 -0.35 -0.25
v -0.65 -0.35 -0.25
v -0.55 -0.35 -0.25
v -0.45 -0.35 -0.25
v -0.35 -0.35 -0.25
v -0.0500001 -0.35 -0.25
v 0.05 -0.35 -0.25
v 0.25 -0.35 -0.25
v 0.35 -0.35 -0.25
v 0.55 -0.35 -0.25
v 0.65 -0.35 -0.25
v 0.75 -0.35 -0.25
v 0.85 -0.35 -0.25
v -0.95 -0.35 -0.35
v -0.85 -0.35 -0.35
v -0.75 -0.35 -0.35
v -0.65 -0.35 -0.35
v -0.55 -0.35 -0.35
v -0.45 -0.35 -0.35
v -0.35 -0.35 -0.35
v -0.0500001 -0.35 -0.35
v 0.05 -0.35 -0.35
v 0.25 -0.35 -0.35
v 0.35 -0.35 -0.35
v 0.55 -0.35 -0.35
v 0.65 -0.35 -0.35
v 0.75 -0.35 -0.35
v 0.85 -0.35 -0.35
v -0.65 -0.35 -0.45
v -0.55 -0.35 -0.45
v -0.0500001 -0.35 -0.45
v 0.05 -0.35 -0.45
v 0.25 -0.35 -0.45
v 0.35 -0.35 -0.45
v -0.95 -0.35 -0.55
v -0.85 -0.35 -0.55
v -0.65 -0.35 -0.55
v -0.55 -0.35 -0.55
v -0.45 -0.35 -0.55
v -0.35 -0.35 -0.55
v -0.25 -0.35 -0.55
v -0.0500001 -0.35 -0.55
v 0.05 -0.35 -0.55
v 0.25 -0.35 -0.55
v 0.35 -0.35 -0.55
v 0.45 -0.35 -0.55
v 0.55 -0.35 -0.55
v 0.65 -0.35 -0.55
v 0.85 -0.35 -0.55
v 0.95 -0.35 -0.55
v -0.95 -0.35 -0.65
v -0.85 -0.35 -0.65
v -0.55 -0.35 -0.65
v -0.45 -0.35 -0.65
v -0.35 -0.35 -0.65
v -0.25 -0.35 -0.65
v -0.0500001 -0.35 -0.65
v 0.05 -0.35 -0.65
v 0.25 -0.35 -0.65
v 0.35 -0.35 -0.65
v 0.45 -0.35 -0.65
v 0.55 -0.35 -0.65
v 0.65 -0.35 -0.65
v 0.85 -0.35 -0.65
v 0.95 -0.35 -0.65
v -0.95 -0.35 -0.85
v -0.85 -0.35 -0.85
v -0.35 -0.35 -0.85
v -0.25 -0.35 -0.85
v -0.15 -0.35 -0.85
v -0.0500001 -0.35 -0.85
v 0.25 -0.35 -0.85
v 0.35 -0.35 -0.85
v 0.65 -0.35 -0.85
v 0.75 -0.35 -0.85
v 0.85 -0.35 -0.85
v 0.95 -0.35 -0.85
v -0.95 -0.35 -0.95
v -0.85 -0.35 -0.95
v -0.35 -0.35 -0.95
v -0.25 -0.35 -0.95
v -0.15 -0.35 -0.95
v -0.0500001 -0.35 -0.95
v 0.25 -0.35 -0.95
v 0.35 -0.35 -0.95
v 0.65 -0.35 -0.95
v 0.75 -0.35 -0.95
v 0.85 -0.35 -0.95
v 0.95 -0.35 -0.95
v -0.95 -0.0500001 0.95
v -0.85 -0.0500001 0.95
v -0.75 -0.0500001 0.95
v -0.65 -0.0500001 0.95
v -0.35 -0.0500001 0.95
v -0.25 -0.0500001 0.95
v -0.15 -0.0500001 0.95
v -0.0500001 -0.0500001 0.95
v 0.25 -0.0500001 0.95
v 0.35 -0.0500001 0.95
v 0.45 -0.0500001 0.95
v 0.55 -0.0500001 0.95
v 0.65 -0.0500001 0.95
v 0.85 -0.0500001 0.95
v 0.95 -0.0500001 0.95
v -0.95 -0.0500001 0.85
v -0.85 -0.0500001 0.85
v -0.75 -0.0500001 0.85
v -0.65 -0.0500001 0.85
v -0.35 -0.0500001 0.85
v -0.25 -0.0500001 0.85
v -0.15 -0.0500001 0.85
v -0.0500001 -0.0500001 0.85
v 0.25 -0.0500001 0.85
v 0.35 -0.0500001 0.85
v 0.45 -0.0500001 0.85
v 0.55 -0.0500001 0.85
v 0.65 -0.0500001 0.85
v 0.85 -0.0500001 0.85
v 0.95 -0.0500001 0.85
v -0.35 -0.0500001 0.75
v -0.25 -0.0500001 0.75
v 0.85 -0.0500001 0.75
v 0.95 -0.0500001 0.75
v -0.65 -0.0500001 0.65
v -0.55 -0.0500001 0.65
v -0.45 -0.0500001 0.65
v -0.35 -0.0500001 0.65
v -0.25 -0.0500001 0.65
v 0.05 -0.0500001 0.65
v 0.15 -0.0500001 0.65
v 0.25 -0.0500001 0.65
v 0.35 -0.0500001 0.65
v 0.55 -0.0500001 0.65
v 0.65 -0.0500001 0.65
v 0.75 -0.0500001 0.65
v 0.85 -0.0500001 0.65
v 0.95 -0.0500001 0.65
v -0.65 -0.0500001 0.55
v -0.55 -0.0500001 0.55
v -0.45 -0.0500001 0.55
v -0.35 -0.0500001 0.55
v -0.25 -0.0500001 0.55
v -0.0500001 -0.0500001 0.55
v 0.05 -0.0500001 0.55
v 0.15 -0.0500001 0.55
v 0.25 -0.0500001 0.55
v 0.35 -0.0500001 0.55
v 0.55 -0.0500001 0.55
v 0.65 -0.0500001 0.55
v 0.75 -0.0500001 0.55
v 0.85 -0.0500001 0.55
v 0.95 -0.0500001 0.55
v -0.65 -0.0500001 0.45
v -0.55 -0.0500001 0.45
v -0.0500001 -0.0500001 0.45
v 0.05 -0.0500001 0.45
v -0.95 -0.0500001 0.35
v -0.85 -0.0500001 0.35
v -0.65 -0.0500001 0.35
v -0.55 -0.0500001 0.35
v -0.0500001 -0.0500001 0.35
v 0.05 -0.0500001 0.35
v 0.25 -0.0500001 0.35
v 0.35 -0.0500001 0.35
v 0.55 -0.0500001 0.35
v 0.65 -0.0500001 0.35
v 0.85 -0.0500001 0.35
v 0.95 -0.0500001 0.35
v -0.95 -0.0500001 0.25
v -0.85 -0.0500001 0.25
v -0.65 -0.0500001 0.25
v -0.55 -0.0500001 0.25
v -0.0500001 -0.0500001 0.25
v 0.05 -0.0500001 0.25
v 0.25 -0.0500001 0.25
v 0.35 -0.0500001 0.25
v 0.55 -0.0500001 0.25
v 0.65 -0.0500001 0.25
v 0.85 -0.0500001 0.25
v 0.95 -0.0500001 0.25
v -0.95 -0.0500001 0.15
v -0.85 -0.0500001 0.15
v 0.25 -0.0500001 0.15
v 0.35 -0.0500001 0.15
v 0.85 -0.0500001 0.15
v 0.95 -0.0500001 0.15
v -0.95 -0.0500001 0.0500001
v -0.85 -0.0500001 0.0500001
v -0.75 -0.0500001 0.0500001
v -0.65 -0.0500001 0.0500001
v -0.0500001 -0.0500001 0.0500001
v 0.05 -0.0500001 0.0500001
v 0.15 -0.0500001 0.0500001
v 0.25 -0.0500001 0.0500001
v 0.35 -0.0500001 0.0500001
v 0.45 -0.0500001 0.0500001
v 0.55 -0.0500001 0.0500001
v 0.65 -0.0500001 0.0500001
v 0.85 -0.0500001 0.0500001
v 0.95 -0.0500001 0.0500001
v -0.95 -0.0500001 -0.05
v -0.85 -0.0500001 -0.05
v -0.75 -0.0500001 -0.05
v -0.65 -0.0500001 -0.05
v -0.35 -0.0500001 -0.05
v -0.25 -0.0500001 -0.05
v -0.0500001 -0.0500001 -0.05
v 0.05 -0.0500001 -0.05
v 0.15 -0.0500001 -0.05
v 0.25 -0.0500001 -0.05
v 0.35 -0.0500001 -0.05
v 0.45 -0.0500001 -0.05
v 0.55 -0.0500001 -0.05
v 0.65 -0.0500001 -0.05
v 0.85 -0.0500001 -0.05
v 0.95 -0.0500001 -0.05
v -0.35 -0.0500001 -0.15
v -0.25 -0.0500001 -0.15
v -0.0500001 -0.0500001 -0.15
v 0.05 -0.0500001 -0.15
v -0.95 -0.0500001 -0.25
v -0.85 -0.0500001 -0.25
v -0.65 -0.0500001 -0.25
v -0.55 -0.0500001 -0.25
v -0.45 -0.0500001 -0.25
v -0.35 -0.0500001 -0.25
v -0.25 -0.0500001 -0.25
v -0.0500001 -0.0500001 -0.25
v 0.05 -0.0500001 -0.25
v 0.55 -0.0500001 -0.25
v 0.65 -0.0500001 -0.25
v 0.75 -0.0500001 -0.25
v 0.85 -0.0500001 -0.25
v 0.95 -0.0500001 -0.25
v -0.95 -0.0500001 -0.35
v -0.85 -0.0500001 -0.35
v -0.65 -0.0500001 -0.35
v -0.55 -0.0500001 -0.35
v -0.45 -0.0500001 -0.35
v -0.35 -0.0500001 -0.35
v -0.25 -0.0500001 -0.35
v -0.0500001 -0.0500001 -0.35
v 0.05 -0.0500001 -0.35
v 0.55 -0.0500001 -0.35
v 0.65 -0.0500001 -0.35
v 0.75 -0.0500001 -0.35
v 0.85 -0.0500001 -0.35
v 0.95 -0.0500001 -0.35
v -0.65 -0.0500001 -0.45
v -0.55 -0.0500001 -0.45
v -0.0500001 -0.0500001 -0.45
v 0.05 -0.0500001 -0.45
v 0.85 -0.0500001 -0.45
v 0.95 -0.0500001 -0.45
v -0.65 -0.0500001 -0.55
v -0.55 -0.0500001 -0.55
v -0.45 -0.0500001 -0.55
v -0.35 -0.0500001 -0.55
v -0.25 -0.0500001 -0.55
v -0.0500001 -0.0500001 -0.55
v 0.05 -0.0500001 -0.55
v 0.15 -0.0500001 -0.55
v 0.25 -0.0500001 -0.55
v 0.55 -0.0500001 -0.55
v 0.65 -0.0500001 -0.55
v 0.85 -0.0500001 -0.55
v 0.95 -0.0500001 -0.55
v -0.55 -0.0500001 -0.65
v -0.45 -0.0500001 -0.65
v -0.35 -0.0500001 -0.65
v -0.25 -0.0500001 -0.65
v -0.0500001 -0.0500001 -0.65
v 0.05 -0.0500001 -0.65
v 0.15 -0.0500001 -0.65
v 0.25 -0.0500001 -0.65
v 0.55 -0.0500001 -0.65
v 0.65 -0.0500001 -0.65
v -0.0500001 -0.0500001 -0.75
v 0.05 -0.0500001 -0.75
v 0.55 -0.0500001 -0.75
v 0.65 -0.0500001 -0.75
v -0.35 -0.0500001 -0.85
v -0.25 -0.0500001 -0.85
v -0.15 -0.0500001 -0.85
v -0.0500001 -0.0500001 -0.85
v 0.05 -0.0500001 -0.85
v 0.35 -0.0500001 -0.85
v 0.45 -0.0500001 -0.85
v 0.55 -0.0500001 -0.85
v 0.65 -0.0500001 -0.85
v 0.85 -0.0500001 -0.85
v 0.95 -0.0500001 -0.85
v -0.35 -0.0500001 -0.95
v -0.25 -0.0500001 -0.95
v -0.15 -0.0500001 -0.95
v -0.0500001 -0.0500001 -0.95
v 0.05 -0.0500001 -0.95
v 0.35 -0.0500001 -0.95
v 0.45 -0.0500001 -0.95
v 0.55 -0.0500001 -0.95
v 0.85 -0.0500001 -0.95
v 0.95 -0.0500001 -0.95
v -0.35 0.25 0.95
v -0.25 0.25 0.95
v -0.0500001 0.25 0.95
v 0.05 0.25 0.95
v 0.25 0.25 0.95
v 0.35 0.25 0.95
v -0.65 0.25 0.85
v -0.55 0.25 0.85
v -0.35 0.25 0.85
v -0.25 0.25 0.85
v -0.0500001 0.25 0.85
v 0.05 0.25 0.85
v 0.25 0.25 0.85
v 0.35 0.25 0.85
v 0.85 0.25 0.85
v 0.95 0.25 0.85
v -0.65 0.25 0.75
v -0.55 0.25 0.75
v -0.35 0.25 0.75
v -0.25 0.25 0.75
v -0.0500001 0.25 0.75
v 0.05 0.25 0.75
v 0.25 0.25 0.75
v 0.35 0.25 0.75
v 0.85 0.25 0.75
v 0.95 0.25 0.75
v -0.85 0.25 0.65
v -0.75 0.25 0.65
v -0.65 0.25 0.65
v -0.55 0.25 0.65
v -0.45 0.25 0.65
v -0.35 0.25 0.65
v -0.25 0.25 0.65
v -0.0500001 0.25 0.65
v 0.05 0.25 0.65
v 0.25 0.25 0.65
v 0.35 0.25 0.65
v 0.85 0.25 0.65
v 0.95 0.25 0.65
v -0.95 0.25 0.55
v -0.85 0.25 0.55
v -0.75 0.25 0.55
v -0.65 0.25 0.55
v -0.55 0.25 0.55
v -0.45 0.25 0.55
v -0.35 0.25 0.55
v -0.25 0.25 0.55
v 0.25 0.25 0.55
v 0.35 0.25 0.55
v 0.55 0.25 0.55
v 0.65 0.25 0.55
v 0.85 0.25 0.55
v 0.95 0.25 0.55
v -0.95 0.25 0.45
v -0.85 0.25 0.45
v 0.55 0.25 0.45
v 0.65 0.25 0.45
v -0.95 0.25 0.35
v -0.85 0.25 0.35
v -0.55 0.25 0.35
v -0.45 0.25 0.35
v -0.35 0.25 0.35
v -0.25 0.25 0.35
v 0.25 0.25 0.35
v 0.35 0.25 0.35
v 0.55 0.25 0.35
v 0.65 0.25 0.35
v 0.75 0.25 0.35
v 0.85 0.25 0.35
v -0.65 0.25 0.25
v -0.55 0.25 0.25
v -0.45 0.25 0.25
v -0.35 0.25 0.25
v -0.25 0.25 0.25
v -0.0500001 0.25 0.25
v 0.05 0.25 0.25
v 0.25 0.25 0.25
v 0.35 0.25 0.25
v 0.65 0.25 0.25
v 0.75 0.25 0.25
v 0.85 0.25 0.25
v 0.95 0.25 0.25
v -0.65 0.25 0.15
v -0.55 0.25 0.15
v -0.0500001 0.25 0.15
v 0.05 0.25 0.15
v 0.85 0.25 0.15
v 0.95 0.25 0.15
v -0.65 0.25 0.0500001
v -0.55 0.25 0.0500001
v -0.35 0.25 0.0500001
v -0.25 0.25 0.0500001
v -0.0500001 0.25 0.0500001
v 0.05 0.25 0.0500001
v 0.25 0.25 0.0500001
v 0.35 0.25 0.0500001
v 0.55 0.25 0.0500001
v 0.65 0.25 0.0500001
v 0.85 0.25 0.0500001
v 0.95 0.25 0.0500001
v -0.65 0.25 -0.05
v -0.55 0.25 -0.05
v -0.35 0.25 -0.05
v -0.25 0.25 -0.05
v -0.0500001 0.25 -0.05
v 0.05 0.25 -0.05
v 0.25 0.25 -0.05
v 0.35 0.25 -0.05
v 0.55 0.25 -0.05
v 0.65 0.25 -0.05
v 0.85 0.25 -0.05
v 0.95 0.25 -0.05
v -0.65 0.25 -0.15
v -0.55 0.25 -0.15
v -0.35 0.25 -0.15
v -0.25 0.25 -0.15
v -0.65 0.25 -0.25
v -0.55 0.25 -0.25
v -0.45 0.25 -0.25
v -0.35 0.25 -0.25
v -0.25 0.25 -0.25
v -0.0500001 0.25 -0.25
v 0.05 0.25 -0.25
v 0.25 0.25 -0.25
v 0.35 0.25 -0.25
v 0.45 0.25 -0.25
v 0.55 0.25 -0.25
v 0.65 0.25 -0.25
v -0.95 0.25 -0.35
v -0.85 0.25 -0.35
v -0.55 0.25 -0.35
v -0.45 0.25 -0.35
v -0.35 0.25 -0.35
v -0.25 0.25 -0.35
v -0.0500001 0.25 -0.35
v 0.05 0.25 -0.35
v 0.25 0.25 -0.35
v 0.35 0.25 -0.35
v 0.45 0.25 -0.35
v 0.55 0.25 -0.35
v 0.65 0.25 -0.35
v 0.85 0.25 -0.35
v 0.95 0.25 -0.35
v -0.95 0.25 -0.45
v -0.85 0.25 -0.45
v -0.0500001 0.25 -0.45
v 0.05 0.25 -0.45
v 0.25 0.25 -0.45
v 0.35 0.25 -0.45
v 0.85 0.25 -0.45
v 0.95 0.25 -0.45
v -0.95 0.25 -0.55
v -0.85 0.25 -0.55
v -0.35 0.25 -0.55
v -0.25 0.25 -0.55
v -0.15 0.25 -0.55
v -0.0500001 0.25 -0.55
v 0.05 0.25 -0.55
v 0.25 0.25 -0.55
v 0.35 0.25 -0.55
v 0.55 0.25 -0.55
v 0.65 0.25 -0.55
v 0.85 0.25 -0.55
v 0.95 0.25 -0.55
v -0.95 0.25 -0.65
v -0.85 0.25 -0.65
v -0.65 0.25 -0.65
v -0.55 0.25 -0.65
v -0.35 0.25 -0.65
v -0.25 0.25 -0.65
v -0.15 0.25 -0.65
v -0.0500001 0.25 -0.65
v 0.05 0.25 -0.65
v 0.55 0.25 -0.65
v 0.65 0.25 -0.65
v 0.85 0.25 -0.65
v 0.95 0.25 -0.65
v -0.95 0.25 -0.75
v -0.85 0.25 -0.75
v -0.65 0.25 -0.75
v -0.55 0.25 -0.75
v -0.35 0.25 -0.75
v -0.25 0.25 -0.75
v -0.95 0.25 -0.85
v -0.85 0.25 -0.85
v -0.75 0.25 -0.85
v -0.65 0.25 -0.85
v -0.55 0.25 -0.85
v -0.45 0.25 -0.85
v -0.35 0.25 -0.85
v -0.25 0.25 -0.85
v 0.35 0.25 -0.85
v 0.45 0.25 -0.85
v 0.55 0.25 -0.85
v 0.65 0.25 -0.85
v 0.75 0.25 -0.85
v 0.85 0.25 -0.85
v -0.85 0.25 -0.95
v -0.75 0.25 -0.95
v -0.65 0.25 -0.95
v -0.55 0.25 -0.95
v -0.45 0.25 -0.95
v -0.35 0.25 -0.95
v 0.35 0.25 -0.95
v 0.45 0.25 -0.95
v 0.55 0.25 -0.95
v 0.65 0.25 -0.95
v 0.75 0.25 -0.95
v 0.85 0.25 -0.95
v -0.95 0.55 0.95
v -0.85 0.55 0.95
v -0.65 0.55 0.95
v -0.55 0.55 0.95
v -0.45 0.55 0.95
v -0.35 0.55 0.95
v 0.05 0.55 0.95
v 0.15 0.55 0.95
v 0.25 0.55 0.95
v 0.35 0.55 0.95
v 0.65 0.55 0.95
v 0.75 0.55 0.95
v 0.85 0.55 0.95
v 0.95 0.55 0.95
v -0.95 0.55 0.85
v -0.85 0.55 0.85
v -0.65 0.55 0.85
v -0.55 0.55 0.85
v -0.45 0.55 0.85
v -0.35 0.55 0.85
v -0.0500001 0.55 0.85
v 0.05 0.55 0.85
v 0.15 0.55 0.85
v 0.25 0.55 0.85
v 0.35 0.55 0.85
v 0.65 0.55 0.85
v 0.75 0.55 0.85
v 0.85 0.55 0.85
v 0.95 0.55 0.85
v -0.95 0.55 0.75
v -0.85 0.55 0.75
v -0.65 0.55 0.75
v -0.55 0.55 0.75
v -0.0500001 0.55 0.75
v 0.05 0.55 0.75
v -0.95 0.55 0.65
v -0.85 0.55 0.65
v -0.65 0.55 0.65
v -0.55 0.55 0.65
v -0.0500001 0.55 0.65
v 0.05 0.55 0.65
v 0.55 0.55 0.65
v 0.65 0.55 0.65
v 0.85 0.55 0.65
v 0.95 0.55 0.65
v -0.95 0.55 0.55
v -0.85 0.55 0.55
v -0.65 0.55 0.55
v -0.55 0.55 0.55
v -0.0500001 0.55 0.55
v 0.05 0.55 0.55
v 0.55 0.55 0.55
v 0.65 0.55 0.55
v 0.85 0.55 0.55
v 0.95 0.55 0.55
v -0.95 0.55 0.45
v -0.85 0.55 0.45
v 0.85 0.55 0.45
v 0.95 0.55 0.45
v -0.95 0.55 0.35
v -0.85 0.55 0.35
v -0.65 0.55 0.35
v -0.55 0.55 0.35
v -0.25 0.55 0.35
v -0.15 0.55 0.35
v -0.0500001 0.55 0.35
v 0.05 0.55 0.35
v 0.35 0.55 0.35
v 0.45 0.55 0.35
v 0.55 0.55 0.35
v 0.85 0.55 0.35
v 0.95 0.55 0.35
v -0.95 0.55 0.25
v -0.85 0.55 0.25
v -0.65 0.55 0.25
v -0.55 0.55 0.25
v -0.25 0.55 0.25
v -0.15 0.55 0.25
v -0.0500001 0.55 0.25
v 0.05 0.55 0.25
v 0.35 0.55 0.25
v 0.45 0.55 0.25
v 0.55 0.55 0.25
v 0.85 0.55 0.25
v 0.95 0.55 0.25
v -0.65 0.55 0.15
v -0.55 0.55 0.15
v 0.85 0.55 0.15
v 0.95 0.55 0.15
v -0.95 0.55 0.0500001
v -0.85 0.55 0.0500001
v -0.65 0.55 0.0500001
v -0.55 0.55 0.0500001
v -0.35 0.55 0.0500001
v -0.25 0.55 0.0500001
v -0.15 0.55 0.0500001
v -0.0500001 0.55 0.0500001
v 0.05 0.55 0.0500001
v 0.85 0.55 0.0500001
v 0.95 0.55 0.0500001
v -0.95 0.55 -0.05
v -0.85 0.55 -0.05
v -0.65 0.55 -0.05
v -0.55 0.55 -0.05
v -0.35 0.55 -0.05
v -0.25 0.55 -0.05
v -0.15 0.55 -0.05
v -0.0500001 0.55 -0.05
v 0.05 0.55 -0.05
v 0.25 0.55 -0.05
v 0.35 0.55 -0.05
v 0.55 0.55 -0.05
v 0.65 0.55 -0.05
v 0.85 0.55 -0.05
v 0.95 0.55 -0.05
v -0.95 0.55 -0.15
v -0.85 0.55 -0.15
v -0.65 0.55 -0.15
v -0.55 0.55 -0.15
v 0.25 0.55 -0.15
v 0.35 0.55 -0.15
v 0.55 0.55 -0.15
v 0.65 0.55 -0.15
v 0.85 0.55 -0.15
v 0.95 0.55 -0.15
v -0.95 0.55 -0.25
v -0.85 0.55 -0.25
v -0.65 0.55 -0.25
v -0.55 0.55 -0.25
v -0.25 0.55 -0.25
v -0.15 0.55 -0.25
v -0.0500001 0.55 -0.25
v 0.05 0.55 -0.25
v 0.25 0.55 -0.25
v 0.35 0.55 -0.25
v 0.45 0.55 -0.25
v 0.55 0.55 -0.25
v 0.65 0.55 -0.25
v 0.85 0.55 -0.25
v 0.95 0.55 -0.25
v -0.95 0.55 -0.35
v -0.85 0.55 -0.35
v -0.25 0.55 -0.35
v -0.15 0.55 -0.35
v -0.0500001 0.55 -0.35
v 0.05 0.55 -0.35
v 0.25 0.55 -0.35
v 0.35 0.55 -0.35
v 0.45 0.55 -0.35
v 0.55 0.55 -0.35
v 0.65 0.55 -0.35
v 0.85 0.55 -0.35
v 0.95 0.55 -0.35
v -0.95 0.55 -0.45
v -0.85 0.55 -0.45
v 0.25 0.55 -0.45
v 0.35 0.55 -0.45
v -0.95 0.55 -0.55
v -0.85 0.55 -0.55
v -0.35 0.55 -0.55
v -0.25 0.55 -0.55
v 0.25 0.55 -0.55
v 0.35 0.55 -0.55
v 0.45 0.55 -0.55
v 0.55 0.55 -0.55
v 0.65 0.55 -0.55
v 0.75 0.55 -0.55
v 0.85 0.55 -0.55
v -0.35 0.55 -0.65
v -0.25 0.55 -0.65
v 0.25 0.55 -0.65
v 0.35 0.55 -0.65
v 0.45 0.55 -0.65
v 0.55 0.55 -0.65
v 0.65 0.55 -0.65
v 0.75 0.55 -0.65
v 0.85 0.55 -0.65
v 0.95 0.55 -0.65
v -0.35 0.55 -0.75
v -0.25 0.55 -0.75
v 0.85 0.55 -0.75
v 0.95 0.55 -0.75
v -0.55 0.55 -0.85
v -0.45 0.55 -0.85
v -0.35 0.55 -0.85
v -0.25 0.55 -0.85
v 0.05 0.55 -0.85
v 0.15 0.55 -0.85
v 0.25 0.55 -0.85
v 0.35 0.55 -0.85
v 0.45 0.55 -0.85
v 0.55 0.55 -0.85
v 0.65 0.55 -0.85
v 0.85 0.55 -0.85
v 0.95 0.55 -0.85
v -0.55 0.55 -0.95
v -0.45 0.55 -0.95
v -0.35 0.55 -0.95
v -0.25 0.55 -0.95
v 0.05 0.55 -0.95
v 0.15 0.55 -0.95
v 0.25 0.55 -0.95
v 0.35 0.55 -0.95
v 0.45 0.55 -0.95
v 0.55 0.55 -0.95
v 0.65 0.55 -0.95
v 0.85 0.55 -0.95
v 0.95 0.55 -0.95
v -0.65 0.85 0.95
v -0.55 0.85 0.95
v -0.0500001 0.85 0.95
v 0.05 0.85 0.95
v 0.15 0.85 0.95
v 0.25 0.85 0.95
v 0.35 0.85 0.95
v 0.65 0.85 0.95
v 0.75 0.85 0.95
v 0.85 0.85 0.95
v 0.95 0.85 0.95
v -0.65 0.85 0.85
v -0.55 0.85 0.85
v -0.0500001 0.85 0.85
v 0.05 0.85 0.85
v 0.15 0.85 0.85
v 0.25 0.85 0.85
v 0.35 0.85 0.85
v 0.55 0.85 0.85
v 0.65 0.85 0.85
v 0.75 0.85 0.85
v 0.85 0.85 0.85
v 0.95 0.85 0.85
v -0.65 0.85 0.75
v -0.55 0.85 0.75
v 0.25 0.85 0.75
v 0.35 0.85 0.75
v 0.55 0.85 0.75
v 0.65 0.85 0.75
v -0.65 0.85 0.65
v -0.55 0.85 0.65
v -0.45 0.85 0.65
v -0.35 0.85 0.65
v -0.25 0.85 0.65
v -0.15 0.85 0.65
v -0.0500001 0.85 0.65
v 0.25 0.85 0.65
v 0.35 0.85 0.65
v 0.45 0.85 0.65
v 0.55 0.85 0.65
v 0.65 0.85 0.65
v -0.95 0.85 0.55
v -0.85 0.85 0.55
v -0.65 0.85 0.55
v -0.55 0.85 0.55
v -0.45 0.85 0.55
v -0.35 0.85 0.55
v -0.25 0.85 0.55
v -0.15 0.85 0.55
v -0.0500001 0.85 0.55
v 0.25 0.85 0.55
v 0.35 0.85 0.55
v 0.45 0.85 0.55
v 0.55 0.85 0.55
v 0.85 0.85 0.55
v 0.95 0.85 0.55
v -0.95 0.85 0.45
v -0.85 0.85 0.45
v -0.35 0.85 0.45
v -0.25 0.85 0.45
v 0.25 0.85 0.45
v 0.35 0.85 0.45
v 0.85 0.85 0.45
v 0.95 0.85 0.45
v -0.95 0.85 0.35
v -0.85 0.85 0.35
v -0.75 0.85 0.35
v -0.65 0.85 0.35
v -0.55 0.85 0.35
v -0.45 0.85 0.35
v -0.35 0.85 0.35
v -0.25 0.85 0.35
v 0.05 0.85 0.35
v 0.15 0.85 0.35
v 0.25 0.85 0.35
v 0.35 0.85 0.35
v 0.45 0.85 0.35
v 0.55 0.85 0.35
v 0.85 0.85 0.35
v 0.95 0.85 0.35
v -0.95 0.85 0.25
v -0.85 0.85 0.25
v -0.75 0.85 0.25
v -0.65 0.85 0.25
v -0.55 0.85 0.25
v -0.45 0.85 0.25
v -0.35 0.85 0.25
v -0.25 0.85 0.25
v 0.05 0.85 0.25
v 0.15 0.85 0.25
v 0.25 0.85 0.25
v 0.35 0.85 0.25
v 0.45 0.85 0.25
v 0.55 0.85 0.25
v 0.85 0.85 0.25
v 0.95 0.85 0.25
v 0.85 0.85 0.15
v 0.95 0.85 0.15
v -0.95 0.85 0.0500001
v -0.85 0.85 0.0500001
v -0.75 0.85 0.0500001
v -0.65 0.85 0.0500001
v -0.55 0.85 0.0500001
v -0.45 0.85 0.0500001
v -0.35 0.85 0.0500001
v -0.0500001 0.85 0.0500001
v 0.05 0.85 0.0500001
v 0.25 0.85 0.0500001
v 0.35 0.85 0.0500001
v 0.55 0.85 0.0500001
v 0.65 0.85 0.0500001
v 0.75 0.85 0.0500001
v 0.85 0.85 0.0500001
v 0.95 0.85 0.0500001
v -0.95 0.85 -0.05
v -0.85 0.85 -0.05
v -0.75 0.85 -0.05
v -0.65 0.85 -0.05
v -0.55 0.85 -0.05
v -0.45 0.85 -0.05
v -0.35 0.85 -0.05
v -0.0500001 0.85 -0.05
v 0.05 0.85 -0.05
v 0.25 0.85 -0.05
v 0.35 0.85 -0.05
v 0.55 0.85 -0.05
v 0.65 0.85 -0.05
v 0.75 0.85 -0.05
v 0.85 0.85 -0.05
v 0.95 0.85 -0.05
v -0.65 0.85 -0.15
v -0.55 0.85 -0.15
v -0.0500001 0.85 -0.15
v 0.05 0.85 -0.15
v 0.25 0.85 -0.15
v 0.35 0.85 -0.15
v -0.65 0.85 -0.25
v -0.55 0.85 -0.25
v -0.35 0.85 -0.25
v -0.25 0.85 -0.25
v -0.15 0.85 -0.25
v -0.0500001 0.85 -0.25
v 0.05 0.85 -0.25
v 0.25 0.85 -0.25
v 0.35 0.85 -0.25
v 0.45 0.85 -0.25
v 0.55 0.85 -0.25
v 0.65 0.85 -0.25
v -0.65 0.85 -0.35
v -0.55 0.85 -0.35
v -0.35 0.85 -0.35
v -0.25 0.85 -0.35
v -0.15 0.85 -0.35
v -0.0500001 0.85 -0.35
v 0.25 0.85 -0.35
v 0.35 0.85 -0.35
v 0.45 0.85 -0.35
v 0.55 0.85 -0.35
v 0.65 0.85 -0.35
v 0.85 0.85 -0.35
v 0.95 0.85 -0.35
v -0.65 0.85 -0.45
v -0.55 0.85 -0.45
v -0.35 0.85 -0.45
v -0.25 0.85 -0.45
v 0.25 0.85 -0.45
v 0.35 0.85 -0.45
v 0.85 0.85 -0.45
v 0.95 0.85 -0.45
v -0.95 0.85 -0.55
v -0.85 0.85 -0.55
v -0.75 0.85 -0.55
v -0.65 0.85 -0.55
v -0.55 0.85 -0.55
v -0.35 0.85 -0.55
v -0.25 0.85 -0.55
v -0.0500001 0.85 -0.55
v 0.05 0.85 -0.55
v 0.15 0.85 -0.55
v 0.25 0.85 -0.55
v 0.35 0.85 -0.55
v 0.55 0.85 -0.55
v 0.65 0.85 -0.55
v 0.75 0.85 -0.55
v 0.85 0.85 -0.55
v 0.95 0.85 -0.55
v -0.95 0.85 -0.65
v -0.85 0.85 -0.65
v -0.75 0.85 -0.65
v -0.65 0.85 -0.65
v -0.55 0.85 -0.65
v -0.35 0.85 -0.65
v -0.25 0.85 -0.65
v -0.0500001 0.85 -0.65
v 0.05 0.85 -0.65
v 0.15 0.85 -0.65
v 0.25 0.85 -0.65
v 0.55 0.85 -0.65
v 0.65 0.85 -0.65
v 0.75 0.85 -0.65
v 0.85 0.85 -0.65
v 0.95 0.85 -0.65
v -0.95 0.85 -0.75
v -0.85 0.85 -0.75
v -0.35 0.85 -0.75
v -0.25 0.85 -0.75
v -0.0500001 0.85 -0.75
v 0.05 0.85 -0.75
v 0.85 0.85 -0.75
v 0.95 0.85 -0.75
v -0.95 0.85 -0.85
v -0.85 0.85 -0.85
v -0.35 0.85 -0.85
v -0.25 0.85 -0.85
v -0.0500001 0.85 -0.85
v 0.05 0.85 -0.85
v 0.35 0.85 -0.85
v 0.45 0.85 -0.85
v 0.55 0.85 -0.85
v 0.65 0.85 -0.85
v 0.85 0.85 -0.85
v 0.95 0.85 -0.85
v -0.35 0.85 -0.95
v -0.25 0.85 -0.95
v 0.35 0.85 -0.95
v 0.45 0.85 -0.95
v 0.55 0.85 -0.95
v 0.65 0.85 -0.95
v 0.85 0.85 -0.95
v 0.95 0.85 -0.95
v -0.95 -0.85 0.95
v -0.85 -0.85 0.95
v -0.65 -0.85 0.95
v -0.55 -0.85 0.95
v -0.45 -0.85 0.95
v -0.35 -0.85 0.95
v -0.25 -0.85 0.95
v -0.0500001 -0.85 0.95
v 0.05 -0.85 0.95
v 0.25 -0.85 0.95
v 0.35 -0.85 0.95
v 0.55 -0.85 0.95
v 0.65 -0.85 0.95
v -0.95 -0.85 0.85
v -0.85 -0.85 0.85
v -0.65 -0.85 0.85
v -0.55 -0.85 0.85
v -0.45 -0.85 0.85
v -0.35 -0.85 0.85
v -0.25 -0.85 0.85
v -0.0500001 -0.85 0.85
v 0.05 -0.85 0.85
v 0.25 -0.85 0.85
v 0.35 -0.85 0.85
v 0.55 -0.85 0.85
v 0.65 -0.85 0.85
v -0.95 -0.85 0.75
v -0.85 -0.85 0.75
v -0.35 -0.85 0.75
v -0.25 -0.85 0.75
v -0.0500001 -0.85 0.75
v 0.05 -0.85 0.75
v 0.25 -0.85 0.75
v 0.35 -0.85 0.75
v 0.55 -0.85 0.75
v 0.65 -0.85 0.75
v -0.95 -0.85 0.65
v -0.85 -0.85 0.65
v -0.35 -0.85 0.65
v -0.25 -0.85 0.65
v -0.0500001 -0.85 0.65
v 0.05 -0.85 0.65
v 0.15 -0.85 0.65
v 0.25 -0.85 0.65
v 0.35 -0.85 0.65
v 0.55 -0.85 0.65
v 0.65 -0.85 0.65
v 0.85 -0.85 0.65
v 0.95 -0.85 0.65
v -0.95 -0.85 0.55
v -0.85 -0.85 0.55
v -0.65 -0.85 0.55
v -0.55 -0.85 0.55
v -0.35 -0.85 0.55
v -0.25 -0.85 0.55
v 0.05 -0.85 0.55
v 0.15 -0.85 0.55
v 0.25 -0.85 0.55
v 0.35 -0.85 0.55
v 0.55 -0.85 0.55
v 0.65 -0.85 0.55
v 0.85 -0.85 0.55
v 0.95 -0.85 0.55
v -0.95 -0.85 0.45
v -0.85 -0.85 0.45
v -0.65 -0.85 0.45
v -0.55 -0.85 0.45
v -0.35 -0.85 0.45
v -0.25 -0.85 0.45
v 0.55 -0.85 0.45
v 0.65 -0.85 0.45
v 0.85 -0.85 0.45
v 0.95 -0.85 0.45
v -0.95 -0.85 0.35
v -0.85 -0.85 0.35
v -0.75 -0.85 0.35
v -0.65 -0.85 0.35
v -0.55 -0.85 0.35
v -0.45 -0.85 0.35
v -0.35 -0.85 0.35
v -0.25 -0.85 0.35
v -0.0500001 -0.85 0.35
v 0.05 -0.85 0.35
v 0.15 -0.85 0.35
v 0.25 -0.85 0.35
v 0.35 -0.85 0.35
v 0.45 -0.85 0.35
v 0.55 -0.85 0.35
v 0.65 -0.85 0.35
v 0.85 -0.85 0.35
v 0.95 -0.85 0.35
v -0.95 -0.85 0.25
v -0.85 -0.85 0.25
v -0.75 -0.85 0.25
v -0.65 -0.85 0.25
v -0.55 -0.85 0.25
v -0.45 -0.85 0.25
v -0.35 -0.85 0.25
v -0.25 -0.85 0.25
v -0.0500001 -0.85 0.25
v 0.05 -0.85 0.25
v 0.15 -0.85 0.25
v 0.25 -0.85 0.25
v 0.35 -0.85 0.25
v 0.45 -0.85 0.25
v 0.55 -0.85 0.25
v 0.65 -0.85 0.25
v -0.95 -0.85 0.15
v -0.85 -0.85 0.15
v 0.55 -0.85 0.15
v 0.65 -0.85 0.15
v -0.95 -0.85 0.0500001
v -0.85 -0.85 0.0500001
v -0.35 -0.85 0.0500001
v -0.25 -0.85 0.0500001
v 0.55 -0.85 0.0500001
v 0.65 -0.85 0.0500001
v 0.85 -0.85 0.0500001
v 0.95 -0.85 0.0500001
v -0.95 -0.85 -0.05
v -0.85 -0.85 -0.05
v -0.35 -0.85 -0.05
v -0.25 -0.85 -0.05
v 0.25 -0.85 -0.05
v 0.35 -0.85 -0.05
v 0.55 -0.85 -0.05
v 0.65 -0.85 -0.05
v 0.85 -0.85 -0.05
v 0.95 -0.85 -0.05
v -0.95 -0.85 -0.15
v -0.85 -0.85 -0.15
v -0.35 -0.85 -0.15
v -0.25 -0.85 -0.15
v 0.25 -0.85 -0.15
v 0.35 -0.85 -0.15
v 0.55 -0.85 -0.15
v 0.65 -0.85 -0.15
v 0.85 -0.85 -0.15
v 0.95 -0.85 -0.15
v -0.95 -0.85 -0.25
v -0.85 -0.85 -0.25
v -0.75 -0.85 -0.25
v -0.65 -0.85 -0.25
v -0.55 -0.85 -0.25
v -0.35 -0.85 -0.25
v -0.25 -0.85 -0.25
v -0.0500001 -0.85 -0.25
v 0.05 -0.85 -0.25
v 0.25 -0.85 -0.25
v 0.35 -0.85 -0.25
v 0.55 -0.85 -0.25
v 0.65 -0.85 -0.25
v 0.75 -0.85 -0.25
v 0.85 -0.85 -0.25
v 0.95 -0.85 -0.25
v -0.95 -0.85 -0.35
v -0.85 -0.85 -0.35
v -0.75 -0.85 -0.35
v -0.65 -0.85 -0.35
v -0.55 -0.85 -0.35
v -0.35 -0.85 -0.35
v -0.25 -0.85 -0.35
v -0.0500001 -0.85 -0.35
v 0.05 -0.85 -0.35
v 0.55 -0.85 -0.35
v 0.65 -0.85 -0.35
v 0.75 -0.85 -0.35
v 0.85 -0.85 -0.35
v -0.35 -0.85 -0.45
v -0.25 -0.85 -0.45
v -0.0500001 -0.85 -0.45
v 0.05 -0.85 -0.45
v 0.55 -0.85 -0.45
v 0.65 -0.85 -0.45
v -0.65 -0.85 -0.55
v -0.55 -0.85 -0.55
v -0.45 -0.85 -0.55
v -0.35 -0.85 -0.55
v -0.25 -0.85 -0.55
v -0.15 -0.85 -0.55
v -0.0500001 -0.85 -0.55
v 0.05 -0.85 -0.55
v 0.25 -0.85 -0.55
v 0.35 -0.85 -0.55
v 0.55 -0.85 -0.55
v 0.65 -0.85 -0.55
v 0.85 -0.85 -0.55
v 0.95 -0.85 -0.55
v -0.95 -0.85 -0.65
v -0.85 -0.85 -0.65
v -0.65 -0.85 -0.65
v -0.55 -0.85 -0.65
v -0.45 -0.85 -0.65
v -0.35 -0.85 -0.65
v -0.25 -0.85 -0.65
v -0.15 -0.85 -0.65
v -0.0500001 -0.85 -0.65
v 0.25 -0.85 -0.65
v 0.35 -0.85 -0.65
v 0.85 -0.85 -0.65
v 0.95 -0.85 -0.65
v -0.95 -0.85 -0.75
v -0.85 -0.85 -0.75
v -0.65 -0.85 -0.75
v -0.55 -0.85 -0.75
v 0.25 -0.85 -0.75
v 0.35 -0.85 -0.75
v 0.85 -0.85 -0.75
v 0.95 -0.85 -0.75
v -0.95 -0.85 -0.85
v -0.85 -0.85 -0.85
v -0.75 -0.85 -0.85
v -0.65 -0.85 -0.85
v -0.55 -0.85 -0.85
v -0.25 -0.85 -0.85
v -0.15 -0.85 -0.85
v -0.0500001 -0.85 -0.85
v 0.05 -0.85 -0.85
v 0.15 -0.85 -0.85
v 0.25 -0.85 -0.85
v 0.35 -0.85 -0.85
v 0.45 -0.85 -0.85
v 0.55 -0.85 -0.85
v 0.65 -0.85 -0.85
v 0.75 -0.85 -0.85
v 0.85 -0.85 -0.85
v 0.95 -0.85 -0.85
v -0.95 -0.85 -0.95
v -0.85 -0.85 -0.95
v -0.75 -0.85 -0.95
v -0.65 -0.85 -0.95
v -0.55 -0.85 -0.95
v -0.25 -0.85 -0.95
v -0.15 -0.85 -0.95
v -0.0500001 -0.85 -0.95
v 0.05 -0.85 -0.95
v 0.15 -0.85 -0.95
v 0.25 -0.85 -0.95
v 0.35 -0.85 -0.95
v 0.45 -0.85 -0.95
v 0.55 -0.85 -0.95
v 0.65 -0.85 -0.95
v 0.75 -0.85 -0.95
v 0.85 -0.85 -0.95
v 0.95 -0.85 -0.95
v -0.95 -0.55 0.95
v -0.85 -0.55 0.95
v -0.35 -0.55 0.95
v -0.25 -0.55 0.95
v -0.0500001 -0.55 0.95
v 0.05 -0.55 0.95
v 0.25 -0.55 0.95
v 0.35 -0.55 0.95
v 0.55 -0.55 0.95
v 0.65 -0.55 0.95
v 0.75 -0.55 0.95
v 0.85 -0.55 0.95
v 0.95 -0.55 0.95
v -0.95 -0.55 0.85
v -0.85 -0.55 0.85
v -0.35 -0.55 0.85
v -0.25 -0.55 0.85
v -0.0500001 -0.55 0.85
v 0.05 -0.55 0.85
v 0.25 -0.55 0.85
v 0.35 -0.55 0.85
v 0.55 -0.55 0.85
v 0.65 -0.55 0.85
v 0.75 -0.55 0.85
v 0.85 -0.55 0.85
v 0.95 -0.55 0.85
v -0.95 -0.55 0.75
v -0.85 -0.55 0.75
v -0.35 -0.55 0.75
v -0.25 -0.55 0.75
v -0.0500001 -0.55 0.75
v 0.05 -0.55 0.75
v 0.25 -0.55 0.75
v 0.35 -0.55 0.75
v 0.55 -0.55 0.75
v 0.65 -0.55 0.75
v -0.95 -0.55 0.65
v -0.85 -0.55 0.65
v -0.65 -0.55 0.65
v -0.55 -0.55 0.65
v -0.35 -0.55 0.65
v -0.25 -0.55 0.65
v -0.15 -0.55 0.65
v -0.0500001 -0.55 0.65
v 0.05 -0.55 0.65
v 0.25 -0.55 0.65
v 0.35 -0.55 0.65
v 0.55 -0.55 0.65
v 0.65 -0.55 0.65
v 0.85 -0.55 0.65
v 0.95 -0.55 0.65
v -0.95 -0.55 0.55
v -0.85 -0.55 0.55
v -0.65 -0.55 0.55
v -0.55 -0.55 0.55
v -0.25 -0.55 0.55
v -0.15 -0.55 0.55
v -0.0500001 -0.55 0.55
v 0.05 -0.55 0.55
v 0.25 -0.55 0.55
v 0.35 -0.55 0.55
v 0.85 -0.55 0.55
v 0.95 -0.55 0.55
v -0.95 -0.55 0.45
v -0.85 -0.55 0.45
v 0.25 -0.55 0.45
v 0.35 -0.55 0.45
v 0.85 -0.55 0.45
v 0.95 -0.55 0.45
v -0.95 -0.55 0.35
v -0.85 -0.55 0.35
v -0.55 -0.55 0.35
v -0.45 -0.55 0.35
v -0.35 -0.55 0.35
v -0.25 -0.55 0.35
v -0.0500001 -0.55 0.35
v 0.05 -0.55 0.35
v 0.25 -0.55 0.35
v 0.35 -0.55 0.35
v 0.55 -0.55 0.35
v 0.65 -0.55 0.35
v 0.85 -0.55 0.35
v 0.95 -0.55 0.35
v -0.95 -0.55 0.25
v -0.85 -0.55 0.25
v -0.55 -0.55 0.25
v -0.45 -0.55 0.25
v -0.35 -0.55 0.25
v -0.25 -0.55 0.25
v -0.0500001 -0.55 0.25
v 0.05 -0.55 0.25
v 0.25 -0.55 0.25
v 0.35 -0.55 0.25
v 0.55 -0.55 0.25
v 0.65 -0.55 0.25
v 0.85 -0.55 0.25
v 0.95 -0.55 0.25
v -0.95 -0.55 0.15
v -0.85 -0.55 0.15
v -0.35 -0.55 0.15
v -0.25 -0.55 0.15
v -0.0500001 -0.55 0.15
v 0.05 -0.55 0.15
v 0.55 -0.55 0.15
v 0.65 -0.55 0.15
v 0.85 -0.55 0.15
v 0.95 -0.55 0.15
v -0.95 -0.55 0.0500001
v -0.85 -0.55 0.0500001
v -0.75 -0.55 0.0500001
v -0.65 -0.55 0.0500001
v -0.55 -0.55 0.0500001
v -0.35 -0.55 0.0500001
v -0.25 -0.55 0.0500001
v -0.0500001 -0.55 0.0500001
v 0.05 -0.55 0.0500001
v 0.15 -0.55 0.0500001
v 0.25 -0.55 0.0500001
v 0.55 -0.55 0.0500001
v 0.65 -0.55 0.0500001
v 0.85 -0.55 0.0500001
v 0.95 -0.55 0.0500001
v -0.95 -0.55 -0.05
v -0.85 -0.55 -0.05
v -0.75 -0.55 -0.05
v -0.65 -0.55 -0.05
v -0.55 -0.55 -0.05
v -0.35 -0.55 -0.05
v -0.25 -0.55 -0.05
v -0.0500001 -0.55 -0.05
v 0.05 -0.55 -0.05
v 0.15 -0.55 -0.05
v 0.25 -0.55 -0.05
v 0.55 -0.55 -0.05
v 0.65 -0.55 -0.05
v 0.85 -0.55 -0.05
v 0.95 -0.55 -0.05
v -0.95 -0.55 -0.15
v -0.85 -0.55 -0.15
v -0.0500001 -0.55 -0.15
v 0.05 -0.55 -0.15
v 0.85 -0.55 -0.15
v 0.95 -0.55 -0.15
v -0.95 -0.55 -0.25
v -0.85 -0.55 -0.25
v -0.75 -0.55 -0.25
v -0.65 -0.55 -0.25
v -0.55 -0.55 -0.25
v -0.25 -0.55 -0.25
v -0.15 -0.55 -0.25
v -0.0500001 -0.55 -0.25
v 0.05 -0.55 -0.25
v 0.25 -0.55 -0.25
v 0.35 -0.55 -0.25
v 0.55 -0.55 -0.25
v 0.65 -0.55 -0.25
v 0.85 -0.55 -0.25
v 0.95 -0.55 -0.25
v -0.95 -0.55 -0.35
v -0.85 -0.55 -0.35
v -0.75 -0.55 -0.35
v -0.65 -0.55 -0.35
v -0.55 -0.55 -0.35
v -0.35 -0.55 -0.35
v -0.25 -0.55 -0.35
v -0.15 -0.55 -0.35
v -0.0500001 -0.55 -0.35
v 0.05 -0.55 -0.35
v 0.25 -0.55 -0.35
v 0.35 -0.55 -0.35
v 0.55 -0.55 -0.35
v 0.65 -0.55 -0.35
v 0.85 -0.55 -0.35
v 0.95 -0.55 -0.35
v -0.95 -0.55 -0.45
v -0.85 -0.55 -0.45
v -0.35 -0.55 -0.45
v -0.25 -0.55 -0.45
v 0.55 -0.55 -0.45
v 0.65 -0.55 -0.45
v 0.85 -0.55 -0.45
v 0.95 -0.55 -0.45
v -0.95 -0.55 -0.55
v -0.85 -0.55 -0.55
v -0.35 -0.55 -0.55
v -0.25 -0.55 -0.55
v -0.0500001 -0.55 -0.55
v 0.05 -0.55 -0.55
v 0.25 -0.55 -0.55
v 0.35 -0.55 -0.55
v 0.45 -0.55 -0.55
v 0.55 -0.55 -0.55
v 0.65 -0.55 -0.55
v 0.85 -0.55 -0.55
v 0.95 -0.55 -0.55
v -0.95 -0.55 -0.65
v -0.85 -0.55 -0.65
v -0.35 -0.55 -0.65
v -0.25 -0.55 -0.65
v -0.0500001 -0.55 -0.65
v 0.05 -0.55 -0.65
v 0.25 -0.55 -0.65
v 0.35 -0.55 -0.65
v 0.45 -0.55 -0.65
v 0.55 -0.55 -0.65
v 0.65 -0.55 -0.65
v 0.85 -0.55 -0.65
v 0.95 -0.55 -0.65
v -0.95 -0.55 -0.75
v -0.85 -0.55 -0.75
v -0.35 -0.55 -0.75
v -0.25 -0.55 -0.75
v -0.0500001 -0.55 -0.75
v 0.05 -0.55 -0.75
v 0.25 -0.55 -0.75
v 0.35 -0.55 -0.75
v -0.95 -0.55 -0.85
v -0.85 -0.55 -0.85
v -0.35 -0.55 -0.85
v -0.25 -0.55 -0.85
v -0.0500001 -0.55 -0.85
v 0.05 -0.55 -0.85
v 0.15 -0.55 -0.85
v 0.25 -0.55 -0.85
v 0.35 -0.55 -0.85
v 0.65 -0.55 -0.85
v 0.75 -0.55 -0.85
v 0.85 -0.55 -0.85
v 0.95 -0.55 -0.85
v -0.95 -0.55 -0.95
v -0.85 -0.55 -0.95
v -0.35 -0.55 -0.95
v -0.25 -0.55 -0.95
v 0.05 -0.55 -0.95
v 0.15 -0.55 -0.95
v 0.25 -0.55 -0.95
v 0.35 -0.55 -0.95
v 0.65 -0.55 -0.95
v 0.75 -0.55 -0.95
v 0.85 -0.55 -0.95
v 0.95 -0.55 -0.95
v -0.95 -0.25 0.95
v -0.85 -0.25 0.95
v -0.75 -0.25 0.95
v -0.65 -0.25 0.95
v -0.35 -0.25 0.95
v -0.25 -0.25 0.95
v -0.15 -0.25 0.95
v -0.0500001 -0.25 0.95
v 0.25 -0.25 0.95
v 0.35 -0.25 0.95
v 0.55 -0.25 0.95
v 0.65 -0.25 0.95
v 0.75 -0.25 0.95
v 0.85 -0.25 0.95
v 0.95 -0.25 0.95
v -0.95 -0.25 0.85
v -0.85 -0.25 0.85
v -0.75 -0.25 0.85
v -0.65 -0.25 0.85
v -0.35 -0.25 0.85
v -0.25 -0.25 0.85
v -0.15 -0.25 0.85
v -0.0500001 -0.25 0.85
v 0.25 -0.25 0.85
v 0.35 -0.25 0.85
v 0.55 -0.25 0.85
v 0.65 -0.25 0.85
v 0.75 -0.25 0.85
v 0.85 -0.25 0.85
v 0.95 -0.25 0.85
v 0.25 -0.25 0.75
v 0.35 -0.25 0.75
v 0.85 -0.25 0.75
v 0.95 -0.25 0.75
v -0.65 -0.25 0.65
v -0.55 -0.25 0.65
v -0.35 -0.25 0.65
v -0.25 -0.25 0.65
v 0.05 -0.25 0.65
v 0.15 -0.25 0.65
v 0.25 -0.25 0.65
v 0.35 -0.25 0.65
v 0.45 -0.25 0.65
v 0.55 -0.25 0.65
v 0.65 -0.25 0.65
v 0.75 -0.25 0.65
v 0.85 -0.25 0.65
v 0.95 -0.25 0.65
v -0.65 -0.25 0.55
v -0.55 -0.25 0.55
v -0.35 -0.25 0.55
v -0.25 -0.25 0.55
v -0.0500001 -0.25 0.55
v 0.05 -0.25 0.55
v 0.15 -0.25 0.55
v 0.25 -0.25 0.55
v 0.35 -0.25 0.55
v 0.45 -0.25 0.55
v 0.55 -0.25 0.55
v 0.65 -0.25 0.55
v 0.75 -0.25 0.55
v 0.85 -0.25 0.55
v 0.95 -0.25 0.55
v -0.65 -0.25 0.45
v -0.55 -0.25 0.45
v -0.0500001 -0.25 0.45
v 0.05 -0.25 0.45
v -0.95 -0.25 0.35
v -0.85 -0.25 0.35
v -0.65 -0.25 0.35
v -0.55 -0.25 0.35
v -0.0500001 -0.25 0.35
v 0.05 -0.25 0.35
v 0.15 -0.25 0.35
v 0.25 -0.25 0.35
v 0.35 -0.25 0.35
v 0.55 -0.25 0.35
v 0.65 -0.25 0.35
v 0.75 -0.25 0.35
v 0.85 -0.25 0.35
v 0.95 -0.25 0.35
v -0.95 -0.25 0.25
v -0.85 -0.25 0.25
v -0.65 -0.25 0.25
v -0.55 -0.25 0.25
v -0.35 -0.25 0.25
v -0.25 -0.25 0.25
v -0.0500001 -0.25 0.25
v 0.05 -0.25 0.25
v 0.15 -0.25 0.25
v 0.25 -0.25 0.25
v 0.35 -0.25 0.25
v 0.55 -0.25 0.25
v 0.65 -0.25 0.25
v 0.75 -0.25 0.25
v 0.85 -0.25 0.25
v 0.95 -0.25 0.25
v -0.95 -0.25 0.15
v -0.85 -0.25 0.15
v -0.65 -0.25 0.15
v -0.55 -0.25 0.15
v -0.35 -0.25 0.15
v -0.25 -0.25 0.15
v -0.0500001 -0.25 0.15
v 0.05 -0.25 0.15
v 0.85 -0.25 0.15
v 0.95 -0.25 0.15
v -0.95 -0.25 0.0500001
v -0.85 -0.25 0.0500001
v -0.65 -0.25 0.0500001
v -0.55 -0.25 0.0500001
v -0.35 -0.25 0.0500001
v -0.25 -0.25 0.0500001
v -0.0500001 -0.25 0.0500001
v 0.05 -0.25 0.0500001
v 0.25 -0.25 0.0500001
v 0.35 -0.25 0.0500001
v 0.45 -0.25 0.0500001
v 0.55 -0.25 0.0500001
v 0.65 -0.25 0.0500001
v 0.85 -0.25 0.0500001
v 0.95 -0.25 0.0500001
v -0.95 -0.25 -0.05
v -0.85 -0.25 -0.05
v -0.65 -0.25 -0.05
v -0.55 -0.25 -0.05
v -0.0500001 -0.25 -0.05
v 0.05 -0.25 -0.05
v 0.25 -0.25 -0.05
v 0.35 -0.25 -0.05
v 0.45 -0.25 -0.05
v 0.55 -0.25 -0.05
v 0.65 -0.25 -0.05
v 0.85 -0.25 -0.05
v 0.95 -0.25 -0.05
v -0.95 -0.25 -0.15
v -0.85 -0.25 -0.15
v -0.65 -0.25 -0.15
v -0.55 -0.25 -0.15
v -0.0500001 -0.25 -0.15
v 0.05 -0.25 -0.15
v -0.95 -0.25 -0.25
v -0.85 -0.25 -0.25
v -0.75 -0.25 -0.25
v -0.65 -0.25 -0.25
v -0.55 -0.25 -0.25
v -0.45 -0.25 -0.25
v -0.35 -0.25 -0.25
v -0.25 -0.25 -0.25
v -0.0500001 -0.25 -0.25
v 0.05 -0.25 -0.25
v 0.55 -0.25 -0.25
v 0.65 -0.25 -0.25
v 0.75 -0.25 -0.25
v 0.85 -0.25 -0.25
v 0.95 -0.25 -0.25
v -0.95 -0.25 -0.35
v -0.85 -0.25 -0.35
v -0.75 -0.25 -0.35
v -0.65 -0.25 -0.35
v -0.55 -0.25 -0.35
v -0.45 -0.25 -0.35
v -0.35 -0.25 -0.35
v -0.25 -0.25 -0.35
v -0.0500001 -0.25 -0.35
v 0.05 -0.25 -0.35
v 0.25 -0.25 -0.35
v 0.35 -0.25 -0.35
v 0.55 -0.25 -0.35
v 0.65 -0.25 -0.35
v 0.75 -0.25 -0.35
v 0.85 -0.25 -0.35
v 0.95 -0.25 -0.35
v -0.65 -0.25 -0.45
v -0.55 -0.25 -0.45
v -0.0500001 -0.25 -0.45
v 0.05 -0.25 -0.45
v 0.25 -0.25 -0.45
v 0.35 -0.25 -0.45
v -0.65 -0.25 -0.55
v -0.55 -0.25 -0.55
v -0.45 -0.25 -0.55
v -0.35 -0.25 -0.55
v -0.25 -0.25 -0.55
v -0.0500001 -0.25 -0.55
v 0.05 -0.25 -0.55
v 0.25 -0.25 -0.55
v 0.35 -0.25 -0.55
v 0.45 -0.25 -0.55
v 0.55 -0.25 -0.55
v 0.65 -0.25 -0.55
v -0.55 -0.25 -0.65
v -0.45 -0.25 -0.65
v -0.35 -0.25 -0.65
v -0.25 -0.25 -0.65
v 0.35 -0.25 -0.65
v 0.45 -0.25 -0.65
v 0.55 -0.25 -0.65
v 0.65 -0.25 -0.65
v -0.35 -0.25 -0.85
v -0.25 -0.25 -0.85
v -0.15 -0.25 -0.85
v -0.0500001 -0.25 -0.85
v 0.05 -0.25 -0.85
v 0.65 -0.25 -0.85
v 0.75 -0.25 -0.85
v 0.85 -0.25 -0.85
v 0.95 -0.25 -0.85
v -0.35 -0.25 -0.95
v -0.25 -0.25 -0.95
v -0.15 -0.25 -0.95
v -0.0500001 -0.25 -0.95
v 0.05 -0.25 -0.95
v 0.65 -0.25 -0.95
v 0.75 -0.25 -0.95
v 0.85 -0.25 -0.95
v 0.95 -0.25 -0.95
v -0.85 0.05 0.95
v -0.75 0.05 0.95
v -0.65 0.05 0.95
v -0.35 0.05 0.95
v -0.25 0.05 0.95
v -0.15 0.05 0.95
v -0.0500001 0.05 0.95
v 0.05 0.05 0.95
v 0.25 0.05 0.95
v 0.35 0.05 0.95
v 0.45 0.05 0.95
v 0.55 0.05 0.95
v -0.85 0.05 0.85
v -0.75 0.05 0.85
v -0.65 0.05 0.85
v -0.35 0.05 0.85
v -0.25 0.05 0.85
v -0.15 0.05 0.85
v -0.0500001 0.05 0.85
v 0.05 0.05 0.85
v 0.25 0.05 0.85
v 0.35 0.05 0.85
v 0.45 0.05 0.85
v 0.55 0.05 0.85
v 0.85 0.05 0.85
v 0.95 0.05 0.85
v -0.35 0.05 0.75
v -0.25 0.05 0.75
v 0.85 0.05 0.75
v 0.95 0.05 0.75
v -0.65 0.05 0.65
v -0.55 0.05 0.65
v -0.45 0.05 0.65
v -0.35 0.05 0.65
v -0.25 0.05 0.65
v 0.05 0.05 0.65
v 0.15 0.05 0.65
v 0.25 0.05 0.65
v 0.35 0.05 0.65
v 0.65 0.05 0.65
v 0.75 0.05 0.65
v 0.85 0.05 0.65
v 0.95 0.05 0.65
v -0.65 0.05 0.55
v -0.55 0.05 0.55
v -0.45 0.05 0.55
v -0.35 0.05 0.55
v -0.25 0.05 0.55
v -0.0500001 0.05 0.55
v 0.05 0.05 0.55
v 0.15 0.05 0.55
v 0.25 0.05 0.55
v 0.35 0.05 0.55
v 0.65 0.05 0.55
v 0.75 0.05 0.55
v 0.85 0.05 0.55
v 0.95 0.05 0.55
v -0.65 0.05 0.45
v -0.55 0.05 0.45
v -0.0500001 0.05 0.45
v 0.05 0.05 0.45
v -0.65 0.05 0.35
v -0.55 0.05 0.35
v -0.35 0.05 0.35
v -0.25 0.05 0.35
v -0.0500001 0.05 0.35
v 0.05 0.05 0.35
v 0.25 0.05 0.35
v 0.35 0.05 0.35
v -0.95 0.05 0.25
v -0.85 0.05 0.25
v -0.35 0.05 0.25
v -0.25 0.05 0.25
v 0.25 0.05 0.25
v 0.35 0.05 0.25
v 0.85 0.05 0.25
v 0.95 0.05 0.25
v -0.95 0.05 0.15
v -0.85 0.05 0.15
v 0.25 0.05 0.15
v 0.35 0.05 0.15
v 0.85 0.05 0.15
v 0.95 0.05 0.15
v -0.95 0.05 0.0500001
v -0.85 0.05 0.0500001
v -0.75 0.05 0.0500001
v -0.65 0.05 0.0500001
v -0.55 0.05 0.0500001
v -0.35 0.05 0.0500001
v -0.25 0.05 0.0500001
v -0.0500001 0.05 0.0500001
v 0.05 0.05 0.0500001
v 0.15 0.05 0.0500001
v 0.25 0.05 0.0500001
v 0.35 0.05 0.0500001
v 0.45 0.05 0.0500001
v 0.55 0.05 0.0500001
v 0.65 0.05 0.0500001
v 0.85 0.05 0.0500001
v 0.95 0.05 0.0500001
v -0.85 0.05 -0.05
v -0.75 0.05 -0.05
v -0.65 0.05 -0.05
v -0.55 0.05 -0.05
v -0.35 0.05 -0.05
v -0.25 0.05 -0.05
v -0.0500001 0.05 -0.05
v 0.05 0.05 -0.05
v 0.15 0.05 -0.05
v 0.25 0.05 -0.05
v 0.35 0.05 -0.05
v 0.45 0.05 -0.05
v 0.55 0.05 -0.05
v 0.65 0.05 -0.05
v 0.85 0.05 -0.05
v 0.95 0.05 -0.05
v -0.35 0.05 -0.15
v -0.25 0.05 -0.15
v -0.0500001 0.05 -0.15
v 0.05 0.05 -0.15
v -0.55 0.05 -0.25
v -0.45 0.05 -0.25
v -0.35 0.05 -0.25
v -0.25 0.05 -0.25
v -0.0500001 0.05 -0.25
v 0.05 0.05 -0.25
v 0.25 0.05 -0.25
v 0.35 0.05 -0.25
v 0.55 0.05 -0.25
v 0.65 0.05 -0.25
v 0.75 0.05 -0.25
v 0.85 0.05 -0.25
v -0.65 0.05 -0.35
v -0.55 0.05 -0.35
v -0.45 0.05 -0.35
v -0.35 0.05 -0.35
v -0.25 0.05 -0.35
v -0.0500001 0.05 -0.35
v 0.05 0.05 -0.35
v 0.25 0.05 -0.35
v 0.35 0.05 -0.35
v 0.55 0.05 -0.35
v 0.65 0.05 -0.35
v 0.75 0.05 -0.35
v 0.85 0.05 -0.35
v 0.95 0.05 -0.35
v -0.65 0.05 -0.45
v -0.55 0.05 -0.45
v -0.0500001 0.05 -0.45
v 0.05 0.05 -0.45
v 0.85 0.05 -0.45
v 0.95 0.05 -0.45
v -0.65 0.05 -0.55
v -0.55 0.05 -0.55
v -0.45 0.05 -0.55
v -0.35 0.05 -0.55
v -0.25 0.05 -0.55
v -0.0500001 0.05 -0.55
v 0.05 0.05 -0.55
v 0.15 0.05 -0.55
v 0.25 0.05 -0.55
v 0.55 0.05 -0.55
v 0.65 0.05 -0.55
v 0.85 0.05 -0.55
v 0.95 0.05 -0.55
v -0.55 0.05 -0.65
v -0.45 0.05 -0.65
v -0.35 0.05 -0.65
v -0.25 0.05 -0.65
v -0.0500001 0.05 -0.65
v 0.05 0.05 -0.65
v 0.15 0.05 -0.65
v 0.25 0.05 -0.65
v 0.55 0.05 -0.65
v 0.65 0.05 -0.65
v 0.85 0.05 -0.65
v 0.95 0.05 -0.65
v -0.0500001 0.05 -0.75
v 0.05 0.05 -0.75
v 0.55 0.05 -0.75
v 0.65 0.05 -0.75
v -0.25 0.05 -0.85
v -0.15 0.05 -0.85
v -0.0500001 0.05 -0.85
v 0.05 0.05 -0.85
v 0.35 0.05 -0.85
v 0.45 0.05 -0.85
v 0.55 0.05 -0.85
v 0.65 0.05 -0.85
v -0.25 0.05 -0.95
v -0.15 0.05 -0.95
v -0.0500001 0.05 -0.95
v 0.35 0.05 -0.95
v 0.45 0.05 -0.95
v 0.55 0.05 -0.95
v 0.65 0.05 -0.95
v -0.95 0.35 0.95
v -0.85 0.35 0.95
v -0.65 0.35 0.95
v -0.55 0.35 0.95
v 0.25 0.35 0.95
v 0.35 0.35 0.95
v 0.85 0.35 0.95
v 0.95 0.35 0.95
v -0.95 0.35 0.85
v -0.85 0.35 0.85
v -0.65 0.35 0.85
v -0.55 0.35 0.85
v -0.35 0.35 0.85
v -0.25 0.35 0.85
v -0.0500001 0.35 0.85
v 0.05 0.35 0.85
v 0.25 0.35 0.85
v 0.35 0.35 0.85
v 0.85 0.35 0.85
v 0.95 0.35 0.85
v -0.65 0.35 0.75
v -0.55 0.35 0.75
v -0.35 0.35 0.75
v -0.25 0.35 0.75
v -0.0500001 0.35 0.75
v 0.05 0.35 0.75
v 0.25 0.35 0.75
v 0.35 0.35 0.75
v 0.85 0.35 0.75
v 0.95 0.35 0.75
v -0.95 0.35 0.65
v -0.85 0.35 0.65
v -0.75 0.35 0.65
v -0.65 0.35 0.65
v -0.55 0.35 0.65
v -0.45 0.35 0.65
v -0.35 0.35 0.65
v -0.25 0.35 0.65
v -0.0500001 0.35 0.65
v 0.05 0.35 0.65
v 0.25 0.35 0.65
v 0.35 0.35 0.65
v 0.55 0.35 0.65
v 0.65 0.35 0.65
v 0.85 0.35 0.65
v 0.95 0.35 0.65
v -0.95 0.35 0.55
v -0.85 0.35 0.55
v -0.75 0.35 0.55
v -0.65 0.35 0.55
v -0.55 0.35 0.55
v -0.45 0.35 0.55
v -0.35 0.35 0.55
v -0.0500001 0.35 0.55
v 0.05 0.35 0.55
v 0.55 0.35 0.55
v 0.65 0.35 0.55
v 0.85 0.35 0.55
v 0.95 0.35 0.55
v -0.95 0.35 0.45
v -0.85 0.35 0.45
v 0.55 0.35 0.45
v 0.65 0.35 0.45
v -0.95 0.35 0.35
v -0.85 0.35 0.35
v -0.65 0.35 0.35
v -0.55 0.35 0.35
v -0.45 0.35 0.35
v -0.35 0.35 0.35
v -0.0500001 0.35 0.35
v 0.05 0.35 0.35
v 0.55 0.35 0.35
v 0.65 0.35 0.35
v 0.75 0.35 0.35
v 0.85 0.35 0.35
v 0.95 0.35 0.35
v -0.95 0.35 0.25
v -0.85 0.35 0.25
v -0.65 0.35 0.25
v -0.55 0.35 0.25
v -0.45 0.35 0.25
v -0.35 0.35 0.25
v -0.0500001 0.35 0.25
v 0.05 0.35 0.25
v 0.65 0.35 0.25
v 0.75 0.35 0.25
v 0.85 0.35 0.25
v 0.95 0.35 0.25
v -0.65 0.35 0.15
v -0.55 0.35 0.15
v -0.0500001 0.35 0.15
v 0.05 0.35 0.15
v 0.85 0.35 0.15
v 0.95 0.35 0.15
v -0.95 0.35 0.0500001
v -0.85 0.35 0.0500001
v -0.65 0.35 0.0500001
v -0.55 0.35 0.0500001
v -0.35 0.35 0.0500001
v -0.25 0.35 0.0500001
v -0.0500001 0.35 0.0500001
v 0.05 0.35 0.0500001
v 0.85 0.35 0.0500001
v 0.95 0.35 0.0500001
v -0.95 0.35 -0.05
v -0.85 0.35 -0.05
v -0.65 0.35 -0.05
v -0.55 0.35 -0.05
v -0.35 0.35 -0.05
v -0.25 0.35 -0.05
v -0.0500001 0.35 -0.05
v 0.05 0.35 -0.05
v -0.65 0.35 -0.15
v -0.55 0.35 -0.15
v -0.35 0.35 -0.15
v -0.25 0.35 -0.15
v -0.95 0.35 -0.25
v -0.85 0.35 -0.25
v -0.65 0.35 -0.25
v -0.55 0.35 -0.25
v -0.45 0.35 -0.25
v -0.35 0.35 -0.25
v -0.25 0.35 -0.25
v -0.0500001 0.35 -0.25
v 0.05 0.35 -0.25
v 0.25 0.35 -0.25
v 0.35 0.35 -0.25
v 0.45 0.35 -0.25
v 0.55 0.35 -0.25
v 0.65 0.35 -0.25
v 0.85 0.35 -0.25
v 0.95 0.35 -0.25
v -0.95 0.35 -0.35
v -0.85 0.35 -0.35
v -0.55 0.35 -0.35
v -0.45 0.35 -0.35
v -0.35 0.35 -0.35
v -0.0500001 0.35 -0.35
v 0.05 0.35 -0.35
v 0.25 0.35 -0.35
v 0.35 0.35 -0.35
v 0.45 0.35 -0.35
v 0.55 0.35 -0.35
v 0.65 0.35 -0.35
v 0.85 0.35 -0.35
v 0.95 0.35 -0.35
v -0.95 0.35 -0.45
v -0.85 0.35 -0.45
v -0.0500001 0.35 -0.45
v 0.05 0.35 -0.45
v 0.25 0.35 -0.45
v 0.35 0.35 -0.45
v 0.85 0.35 -0.45
v 0.95 0.35 -0.45
v -0.95 0.35 -0.55
v -0.85 0.35 -0.55
v -0.35 0.35 -0.55
v -0.25 0.35 -0.55
v -0.15 0.35 -0.55
v -0.0500001 0.35 -0.55
v 0.05 0.35 -0.55
v 0.25 0.35 -0.55
v 0.35 0.35 -0.55
v 0.85 0.35 -0.55
v 0.95 0.35 -0.55
v -0.95 0.35 -0.65
v -0.85 0.35 -0.65
v -0.65 0.35 -0.65
v -0.55 0.35 -0.65
v -0.35 0.35 -0.65
v -0.25 0.35 -0.65
v -0.15 0.35 -0.65
v -0.0500001 0.35 -0.65
v 0.25 0.35 -0.65
v 0.35 0.35 -0.65
v -0.95 0.35 -0.75
v -0.85 0.35 -0.75
v -0.65 0.35 -0.75
v -0.55 0.35 -0.75
v -0.35 0.35 -0.75
v -0.25 0.35 -0.75
v -0.95 0.35 -0.85
v -0.85 0.35 -0.85
v -0.75 0.35 -0.85
v -0.65 0.35 -0.85
v -0.55 0.35 -0.85
v -0.45 0.35 -0.85
v -0.35 0.35 -0.85
v -0.25 0.35 -0.85
v 0.35 0.35 -0.85
v 0.45 0.35 -0.85
v 0.55 0.35 -0.85
v 0.65 0.35 -0.85
v 0.75 0.35 -0.85
v 0.85 0.35 -0.85
v 0.95 0.35 -0.85
v -0.85 0.35 -0.95
v -0.75 0.35 -0.95
v -0.65 0.35 -0.95
v -0.55 0.35 -0.95
v -0.45 0.35 -0.95
v -0.35 0.35 -0.95
v -0.25 0.35 -0.95
v 0.35 0.35 -0.95
v 0.45 0.35 -0.95
v 0.55 0.35 -0.95
v 0.65 0.35 -0.95
v 0.75 0.35 -0.95
v 0.85 0.35 -0.95
v 0.95 0.35 -0.95
v -0.65 0.65 0.95
v -0.55 0.65 0.95
v -0.45 0.65 0.95
v -0.35 0.65 0.95
v -0.0500001 0.65 0.95
v 0.05 0.65 0.95
v 0.15 0.65 0.95
v 0.25 0.65 0.95
v 0.35 0.65 0.95
v 0.65 0.65 0.95
v 0.75 0.65 0.95
v 0.85 0.65 0.95
v 0.95 0.65 0.95
v -0.95 0.65 0.85
v -0.85 0.65 0.85
v -0.65 0.65 0.85
v -0.55 0.65 0.85
v -0.45 0.65 0.85
v -0.35 0.65 0.85
v -0.0500001 0.65 0.85
v 0.05 0.65 0.85
v 0.15 0.65 0.85
v 0.25 0.65 0.85
v 0.35 0.65 0.85
v 0.65 0.65 0.85
v 0.75 0.65 0.85
v 0.85 0.65 0.85
v 0.95 0.65 0.85
v -0.95 0.65 0.75
v -0.85 0.65 0.75
v -0.65 0.65 0.75
v -0.55 0.65 0.75
v -0.0500001 0.65 0.75
v 0.05 0.65 0.75
v -0.95 0.65 0.65
v -0.85 0.65 0.65
v -0.65 0.65 0.65
v -0.55 0.65 0.65
v -0.35 0.65 0.65
v -0.25 0.65 0.65
v -0.0500001 0.65 0.65
v 0.05 0.65 0.65
v -0.95 0.65 0.55
v -0.85 0.65 0.55
v -0.65 0.65 0.55
v -0.55 0.65 0.55
v -0.35 0.65 0.55
v -0.25 0.65 0.55
v 0.85 0.65 0.55
v 0.95 0.65 0.55
v -0.95 0.65 0.45
v -0.85 0.65 0.45
v 0.85 0.65 0.45
v 0.95 0.65 0.45
v -0.95 0.65 0.35
v -0.85 0.65 0.35
v -0.65 0.65 0.35
v -0.55 0.65 0.35
v -0.35 0.65 0.35
v -0.25 0.65 0.35
v -0.15 0.65 0.35
v -0.0500001 0.65 0.35
v 0.25 0.65 0.35
v 0.35 0.65 0.35
v 0.45 0.65 0.35
v 0.55 0.65 0.35
v 0.85 0.65 0.35
v 0.95 0.65 0.35
v -0.95 0.65 0.25
v -0.85 0.65 0.25
v -0.65 0.65 0.25
v -0.55 0.65 0.25
v -0.35 0.65 0.25
v -0.25 0.65 0.25
v -0.15 0.65 0.25
v -0.0500001 0.65 0.25
v 0.25 0.65 0.25
v 0.35 0.65 0.25
v 0.45 0.65 0.25
v 0.55 0.65 0.25
v 0.85 0.65 0.25
v 0.95 0.65 0.25
v -0.65 0.65 0.15
v -0.55 0.65 0.15
v 0.85 0.65 0.15
v 0.95 0.65 0.15
v -0.95 0.65 0.0500001
v -0.85 0.65 0.0500001
v -0.65 0.65 0.0500001
v -0.55 0.65 0.0500001
v -0.25 0.65 0.0500001
v -0.15 0.65 0.0500001
v -0.0500001 0.65 0.0500001
v 0.05 0.65 0.0500001
v 0.25 0.65 0.0500001
v 0.35 0.65 0.0500001
v 0.55 0.65 0.0500001
v 0.65 0.65 0.0500001
v 0.85 0.65 0.0500001
v 0.95 0.65 0.0500001
v -0.95 0.65 -0.05
v -0.85 0.65 -0.05
v -0.65 0.65 -0.05
v -0.55 0.65 -0.05
v -0.25 0.65 -0.05
v -0.15 0.65 -0.05
v -0.0500001 0.65 -0.05
v 0.05 0.65 -0.05
v 0.25 0.65 -0.05
v 0.35 0.65 -0.05
v 0.55 0.65 -0.05
v 0.65 0.65 -0.05
v 0.85 0.65 -0.05
v 0.95 0.65 -0.05
v -0.95 0.65 -0.15
v -0.85 0.65 -0.15
v -0.65 0.65 -0.15
v -0.55 0.65 -0.15
v 0.25 0.65 -0.15
v 0.35 0.65 -0.15
v 0.55 0.65 -0.15
v 0.65 0.65 -0.15
v 0.85 0.65 -0.15
v 0.95 0.65 -0.15
v -0.95 0.65 -0.25
v -0.85 0.65 -0.25
v -0.65 0.65 -0.25
v -0.55 0.65 -0.25
v -0.35 0.65 -0.25
v -0.25 0.65 -0.25
v -0.15 0.65 -0.25
v -0.0500001 0.65 -0.25
v 0.25 0.65 -0.25
v 0.35 0.65 -0.25
v 0.45 0.65 -0.25
v 0.55 0.65 -0.25
v 0.65 0.65 -0.25
v 0.85 0.65 -0.25
v 0.95 0.65 -0.25
v -0.95 0.65 -0.35
v -0.85 0.65 -0.35
v -0.65 0.65 -0.35
v -0.55 0.65 -0.35
v -0.35 0.65 -0.35
v -0.25 0.65 -0.35
v -0.15 0.65 -0.35
v -0.0500001 0.65 -0.35
v 0.25 0.65 -0.35
v 0.35 0.65 -0.35
v 0.45 0.65 -0.35
v 0.55 0.65 -0.35
v 0.65 0.65 -0.35
v -0.95 0.65 -0.45
v -0.85 0.65 -0.45
v 0.25 0.65 -0.45
v 0.35 0.65 -0.45
v -0.95 0.65 -0.55
v -0.85 0.65 -0.55
v -0.65 0.65 -0.55
v -0.55 0.65 -0.55
v -0.35 0.65 -0.55
v -0.25 0.65 -0.55
v -0.0500001 0.65 -0.55
v 0.05 0.65 -0.55
v 0.25 0.65 -0.55
v 0.35 0.65 -0.55
v 0.45 0.65 -0.55
v 0.55 0.65 -0.55
v 0.65 0.65 -0.55
v 0.75 0.65 -0.55
v 0.85 0.65 -0.55
v 0.95 0.65 -0.55
v -0.95 0.65 -0.65
v -0.85 0.65 -0.65
v -0.65 0.65 -0.65
v -0.55 0.65 -0.65
v -0.35 0.65 -0.65
v -0.25 0.65 -0.65
v -0.0500001 0.65 -0.65
v 0.05 0.65 -0.65
v 0.35 0.65 -0.65
v 0.45 0.65 -0.65
v 0.55 0.65 -0.65
v 0.65 0.65 -0.65
v 0.75 0.65 -0.65
v 0.85 0.65 -0.65
v 0.95 0.65 -0.65
v -0.35 0.65 -0.75
v -0.25 0.65 -0.75
v 0.85 0.65 -0.75
v 0.95 0.65 -0.75
v -0.55 0.65 -0.85
v -0.45 0.65 -0.85
v -0.35 0.65 -0.85
v -0.25 0.65 -0.85
v 0.05 0.65 -0.85
v 0.15 0.65 -0.85
v 0.25 0.65 -0.85
v 0.35 0.65 -0.85
v 0.45 0.65 -0.85
v 0.55 0.65 -0.85
v 0.65 0.65 -0.85
v 0.85 0.65 -0.85
v 0.95 0.65 -0.85
v -0.55 0.65 -0.95
v -0.45 0.65 -0.95
v -0.35 0.65 -0.95
v -0.25 0.65 -0.95
v 0.05 0.65 -0.95
v 0.15 0.65 -0.95
v 0.25 0.65 -0.95
v 0.35 0.65 -0.95
v 0.45 0.65 -0.95
v 0.55 0.65 -0.95
v 0.65 0.65 -0.95
v 0.85 0.65 -0.95
v 0.95 0.65 -0.95
v -0.95 0.95 0.95
v -0.85 0.95 0.95
v -0.65 0.95 0.95
v -0.55 0.95 0.95
v -0.35 0.95 0.95
v -0.25 0.95 0.95
v -0.0500001 0.95 0.95
v 0.05 0.95 0.95
v 0.15 0.95 0.95
v 0.25 0.95 0.95
v 0.35 0.95 0.95
v 0.55 0.95 0.95
v 0.65 0.95 0.95
v 0.75 0.95 0.95
v 0.85 0.95 0.95
v 0.95 0.95 0.95
v -0.95 0.95 0.85
v -0.85 0.95 0.85
v -0.65 0.95 0.85
v -0.55 0.95 0.85
v -0.35 0.95 0.85
v -0.25 0.95 0.85
v -0.0500001 0.95 0.85
v 0.05 0.95 0.85
v 0.15 0.95 0.85
v 0.25 0.95 0.85
v 0.35 0.95 0.85
v 0.55 0.95 0.85
v 0.65 0.95 0.85
v 0.75 0.95 0.85
v 0.85 0.95 0.85
v 0.95 0.95 0.85
v -0.65 0.95 0.75
v -0.55 0.95 0.75
v 0.25 0.95 0.75
v 0.35 0.95 0.75
v 0.55 0.95 0.75
v 0.65 0.95 0.75
v -0.95 0.95 0.65
v -0.85 0.95 0.65
v -0.65 0.95 0.65
v -0.55 0.95 0.65
v -0.45 0.95 0.65
v -0.35 0.95 0.65
v -0.25 0.95 0.65
v -0.15 0.95 0.65
v -0.0500001 0.95 0.65
v 0.05 0.95 0.65
v 0.25 0.95 0.65
v 0.35 0.95 0.65
v 0.45 0.95 0.65
v 0.55 0.95 0.65
v 0.65 0.95 0.65
v 0.85 0.95 0.65
v 0.95 0.95 0.65
v -0.95 0.95 0.55
v -0.85 0.95 0.55
v -0.65 0.95 0.55
v -0.55 0.95 0.55
v -0.45 0.95 0.55
v -0.35 0.95 0.55
v -0.25 0.95 0.55
v -0.15 0.95 0.55
v -0.0500001 0.95 0.55
v 0.05 0.95 0.55
v 0.25 0.95 0.55
v 0.35 0.95 0.55
v 0.45 0.95 0.55
v 0.55 0.95 0.55
v 0.65 0.95 0.55
v 0.85 0.95 0.55
v 0.95 0.95 0.55
v -0.95 0.95 0.45
v -0.85 0.95 0.45
v -0.35 0.95 0.45
v -0.25 0.95 0.45
v 0.25 0.95 0.45
v 0.35 0.95 0.45
v 0.85 0.95 0.45
v 0.95 0.95 0.45
v -0.95 0.95 0.35
v -0.85 0.95 0.35
v -0.75 0.95 0.35
v -0.65 0.95 0.35
v -0.55 0.95 0.35
v -0.45 0.95 0.35
v -0.35 0.95 0.35
v -0.25 0.95 0.35
v -0.0500001 0.95 0.35
v 0.05 0.95 0.35
v 0.15 0.95 0.35
v 0.25 0.95 0.35
v 0.35 0.95 0.35
v 0.45 0.95 0.35
v 0.55 0.95 0.35
v 0.65 0.95 0.35
v 0.85 0.95 0.35
v 0.95 0.95 0.35
v -0.95 0.95 0.25
v -0.85 0.95 0.25
v -0.75 0.95 0.25
v -0.65 0.95 0.25
v -0.55 0.95 0.25
v -0.45 0.95 0.25
v -0.35 0.95 0.25
v -0.25 0.95 0.25
v -0.0500001 0.95 0.25
v 0.05 0.95 0.25
v 0.15 0.95 0.25
v 0.25 0.95 0.25
v 0.35 0.95 0.25
v 0.45 0.95 0.25
v 0.55 0.95 0.25
v 0.65 0.95 0.25
v 0.85 0.95 0.25
v 0.95 0.95 0.25
v 0.85 0.95 0.15
v 0.95 0.95 0.15
v -0.95 0.95 0.0500001
v -0.85 0.95 0.0500001
v -0.75 0.95 0.0500001
v -0.65 0.95 0.0500001
v -0.55 0.95 0.0500001
v -0.45 0.95 0.0500001
v -0.35 0.95 0.0500001
v -0.25 0.95 0.0500001
v -0.0500001 0.95 0.0500001
v 0.05 0.95 0.0500001
v 0.25 0.95 0.0500001
v 0.35 0.95 0.0500001
v 0.55 0.95 0.0500001
v 0.65 0.95 0.0500001
v 0.75 0.95 0.0500001
v 0.85 0.95 0.0500001
v 0.95 0.95 0.0500001
v -0.95 0.95 -0.05
v -0.85 0.95 -0.05
v -0.75 0.95 -0.05
v -0.65 0.95 -0.05
v -0.55 0.95 -0.05
v -0.45 0.95 -0.05
v -0.35 0.95 -0.05
v -0.25 0.95 -0.05
v -0.0500001 0.95 -0.05
v 0.05 0.95 -0.05
v 0.25 0.95 -0.05
v 0.35 0.95 -0.05
v 0.55 0.95 -0.05
v 0.65 0.95 -0.05
v 0.75 0.95 -0.05
v 0.85 0.95 -0.05
v 0.95 0.95 -0.05
v -0.65 0.95 -0.15
v -0.55 0.95 -0.15
v -0.0500001 0.95 -0.15
v 0.05 0.95 -0.15
v 0.25 0.95 -0.15
v 0.35 0.95 -0.15
v -0.95 0.95 -0.25
v -0.85 0.95 -0.25
v -0.65 0.95 -0.25
v -0.55 0.95 -0.25
v -0.35 0.95 -0.25
v -0.25 0.95 -0.25
v -0.15 0.95 -0.25
v -0.0500001 0.95 -0.25
v 0.05 0.95 -0.25
v 0.25 0.95 -0.25
v 0.35 0.95 -0.25
v 0.45 0.95 -0.25
v 0.55 0.95 -0.25
v 0.65 0.95 -0.25
v 0.85 0.95 -0.25
v 0.95 0.95 -0.25
v -0.95 0.95 -0.35
v -0.85 0.95 -0.35
v -0.65 0.95 -0.35
v -0.55 0.95 -0.35
v -0.35 0.95 -0.35
v -0.25 0.95 -0.35
v -0.15 0.95 -0.35
v -0.0500001 0.95 -0.35
v 0.05 0.95 -0.35
v 0.25 0.95 -0.35
v 0.35 0.95 -0.35
v 0.45 0.95 -0.35
v 0.55 0.95 -0.35
v 0.65 0.95 -0.35
v 0.85 0.95 -0.35
v 0.95 0.95 -0.35
v -0.65 0.95 -0.45
v -0.55 0.95 -0.45
v -0.35 0.95 -0.45
v -0.25 0.95 -0.45
v 0.25 0.95 -0.45
v 0.35 0.95 -0.45
v 0.85 0.95 -0.45
v 0.95 0.95 -0.45
v -0.95 0.95 -0.55
v -0.85 0.95 -0.55
v -0.75 0.95 -0.55
v -0.65 0.95 -0.55
v -0.55 0.95 -0.55
v -0.35 0.95 -0.55
v -0.25 0.95 -0.55
v -0.0500001 0.95 -0.55
v 0.05 0.95 -0.55
v 0.15 0.95 -0.55
v 0.25 0.95 -0.55
v 0.35 0.95 -0.55
v 0.55 0.95 -0.55
v 0.65 0.95 -0.55
v 0.75 0.95 -0.55
v 0.85 0.95 -0.55
v 0.95 0.95 -0.55
v -0.95 0.95 -0.65
v -0.85 0.95 -0.65
v -0.75 0.95 -0.65
v -0.65 0.95 -0.65
v -0.55 0.95 -0.65
v -0.35 0.95 -0.65
v -0.25 0.95 -0.65
v -0.0500001 0.95 -0.65
v 0.05 0.95 -0.65
v 0.15 0.95 -0.65
v 0.25 0.95 -0.65
v 0.35 0.95 -0.65
v 0.55 0.95 -0.65
v 0.65 0.95 -0.65
v 0.75 0.95 -0.65
v 0.85 0.95 -0.65
v 0.95 0.95 -0.65
v -0.95 0.95 -0.75
v -0.85 0.95 -0.75
v -0.35 0.95 -0.75
v -0.25 0.95 -0.75
v -0.0500001 0.95 -0.75
v 0.05 0.95 -0.75
v 0.85 0.95 -0.75
v 0.95 0.95 -0.75
v -0.95 0.95 -0.85
v -0.85 0.95 -0.85
v -0.65 0.95 -0.85
v -0.55 0.95 -0.85
v -0.35 0.95 -0.85
v -0.25 0.95 -0.85
v -0.0500001 0.95 -0.85
v 0.05 0.95 -0.85
v 0.25 0.95 -0.85
v 0.35 0.95 -0.85
v 0.45 0.95 -0.85
v 0.55 0.95 -0.85
v 0.65 0.95 -0.85
v 0.85 0.95 -0.85
v 0.95 0.95 -0.85
v -0.95 0.95 -0.95
v -0.85 0.95 -0.95
v -0.65 0.95 -0.95
v -0.55 0.95 -0.95
v -0.35 0.95 -0.95
v -0.25 0.95 -0.95
v -0.0500001 0.95 -0.95
v 0.05 0.95 -0.95
v 0.25 0.95 -0.95
v 0.35 0.95 -0.95
v 0.45 0.95 -0.95
v 0.55 0.95 -0.95
v 0.65 0.95 -0.95
v 0.85 0.95 -0.95
v 0.95 0.95 -0.95

# faces
f 20/16/1 2/16/1 1/16/1
f 21/21/1 3/21/1 2/21/1
f 21/16/1 2/16/1 20/16/1
f 22/199/1 4/199/1 3/199/1
f 22/21/1 3/21/1 21/21/1
f 23/173/1 5/173/1 4/173/1
f 23/199/1 4/199/1 22/199/1
f 24/130/1 6/130/1 5/130/1
f 24/173/1 5/173/1 23/173/1
f 25/215/1 7/215/1 6/215/1
f 25/130/1 6/130/1 24/130/1
f 26/228/1 8/228/1 7/228/1
f 26/215/1 7/215/1 25/215/1
f 27/24/1 9/24/1 8/24/1
f 27/228/1 8/228/1 26/228/1
f 28/22/1 10/22/1 9/22/1
f 28/24/1 9/24/1 27/24/1
f 29/196/1 11/196/1 10/196/1
f 29/22/1 10/22/1 28/22/1
f 30/194/1 12/194/1 11/194/1
f 30/196/1 11/196/1 29/196/1
f 31/13/1 13/13/1 12/13/1
f 31/194/1 12/194/1 30/194/1
f 32/126/1 14/126/1 13/126/1
f 32/13/1 13/13/1 31/13/1
f 33/126/1 14/126/1 32/126/1
f 34/174/1 16/174/1 15/174/1
f 35/170/1 17/170/1 16/170/1
f 35/174/1 16/174/1 34/174/1
f 36/181/1 18/181/1 17/181/1
f 36/170/1 17/170/1 35/170/1
f 37/129/1 19/129/1 18/129/1
f 37/181/1 18/181/1 36/181/1
f 38/129/1 19/129/1 37/129/1
f 39/144/1 30/144/1 29/144/1
f 40/144/1 30/144/1 39/144/1
f 41/148/1 35/148/1 34/148/1
f 42/148/1 35/148/1 41/148/1
f 52/204/1 40/204/1 39/204/1
f 53/204/1 40/204/1 52/204/1
f 58/6/1 42/6/1 41/6/1
f 59/6/1 42/6/1 58/6/1
f 63/229/1 44/229/1 43/229/1
f 64/44/1 45/44/1 44/44/1
f 64/229/1 44/229/1 63/229/1
f 65/130/1 46/130/1 45/130/1
f 65/44/1 45/44/1 64/44/1
f 66/237/1 47/237/1 46/237/1
f 66/130/1 46/130/1 65/130/1
f 67/71/1 48/71/1 47/71/1
f 67/237/1 47/237/1 66/237/1
f 68/110/1 49/110/1 48/110/1
f 68/71/1 48/71/1 67/71/1
f 69/196/1 50/196/1 49/196/1
f 69/110/1 49/110/1 68/110/1
f 70/233/1 51/233/1 50/233/1
f 70/196/1 50/196/1 69/196/1
f 71/245/1 52/245/1 51/245/1
f 71/233/1 51/233/1 70/233/1
f 72/142/1 53/142/1 52/142/1
f 72/245/1 52/245/1 71/245/1
f 73/194/1 54/194/1 53/194/1
f 73/142/1 53/142/1 72/142/1
f 74/208/1 55/208/1 54/208/1
f 74/194/1 54/194/1 73/194/1
f 75/133/1 56/133/1 55/133/1
f 75/208/1 55/208/1 74/208/1
f 76/126/1 57/126/1 56/126/1
f 76/133/1 56/133/1 75/133/1
f 77/107/1 58/107/1 57/107/1
f 77/126/1 57/126/1 76/126/1
f 78/136/1 59/136/1 58/136/1
f 78/107/1 58/107/1 77/107/1
f 79/172/1 60/172/1 59/172/1
f 79/136/1 59/136/1 78/136/1
f 80/112/1 61/112/1 60/112/1
f 80/172/1 60/172/1 79/172/1
f 81/204/1 62/204/1 61/204/1
f 81/112/1 61/112/1 80/112/1
f 82/204/1 62/204/1 81/204/1
f 83/122/1 73/122/1 72/122/1
f 84/122/1 73/122/1 83/122/1
f 92/2/1 84/2/1 83/2/1
f 93/2/1 84/2/1 92/2/1
f 101/184/1 86/184/1 85/184/1
f 102/184/1 86/184/1 101/184/1
f 103/219/1 88/219/1 87/219/1
f 104/219/1 88/219/1 103/219/1
f 105/141/1 90/141/1 89/141/1
f 106/117/1 91/117/1 90/117/1
f 106/141/1 90/141/1 105/141/1
f 107/3/1 92/3/1 91/3/1
f 107/117/1 91/117/1 106/117/1
f 108/127/1 93/127/1 92/127/1
f 108/3/1 92/3/1 107/3/1
f 109/14/1 94/14/1 93/14/1
f 109/127/1 93/127/1 108/127/1
f 110/199/1 95/199/1 94/199/1
f 110/14/1 94/14/1 109/14/1
f 111/198/1 96/198/1 95/198/1
f 111/199/1 95/199/1 110/199/1
f 112/198/1 96/198/1 111/198/1
f 113/46/1 98/46/1 97/46/1
f 114/46/1 98/46/1 113/46/1
f 115/186/1 100/186/1 99/186/1
f 116/186/1 100/186/1 115/186/1
f 117/128/1 104/128/1 103/128/1
f 118/128/1 104/128/1 117/128/1
f 119/116/1 114/116/1 113/116/1
f 120/116/1 114/116/1 119/116/1
f 121/112/1 116/112/1 115/112/1
f 122/112/1 116/112/1 121/112/1
f 125/113/1 118/113/1 117/113/1
f 126/113/1 118/113/1 125/113/1
f 134/157/1 120/157/1 119/157/1
f 135/157/1 120/157/1 134/157/1
f 136/81/1 122/81/1 121/81/1
f 137/81/1 122/81/1 136/81/1
f 138/78/1 124/78/1 123/78/1
f 139/78/1 124/78/1 138/78/1
f 140/64/1 126/64/1 125/64/1
f 141/64/1 126/64/1 140/64/1
f 142/89/1 128/89/1 127/89/1
f 143/28/1 129/28/1 128/28/1
f 143/89/1 128/89/1 142/89/1
f 144/134/1 130/134/1 129/134/1
f 144/28/1 129/28/1 143/28/1
f 145/88/1 131/88/1 130/88/1
f 145/134/1 130/134/1 144/134/1
f 146/88/1 131/88/1 145/88/1
f 147/238/1 133/238/1 132/238/1
f 148/238/1 133/238/1 147/238/1
f 149/58/1 135/58/1 134/58/1
f 150/58/1 135/58/1 149/58/1
f 151/178/1 137/178/1 136/178/1
f 152/178/1 137/178/1 151/178/1
f 153/145/1 139/145/1 138/145/1
f 154/145/1 139/145/1 153/145/1
f 155/198/1 141/198/1 140/198/1
f 156/198/1 141/198/1 155/198/1
f 157/77/1 143/77/1 142/77/1
f 158/77/1 143/77/1 157/77/1
f 159/89/1 146/89/1 145/89/1
f 160/89/1 146/89/1 159/89/1
f 161/253/1 148/253/1 147/253/1
f 162/253/1 148/253/1 161/253/1
f 163/20/1 150/20/1 149/20/1
f 164/20/1 150/20/1 163/20/1
f 165/214/1 152/214/1 151/214/1
f 166/214/1 152/214/1 165/214/1
f 167/75/1 154/75/1 153/75/1
f 168/75/1 154/75/1 167/75/1
f 169/222/1 156/222/1 155/222/1
f 170/222/1 156/222/1 169/222/1
f 172/172/1 158/172/1 157/172/1
f 173/172/1 158/172/1 172/172/1
f 174/130/1 160/130/1 159/130/1
f 175/130/1 160/130/1 174/130/1
f 176/198/1 162/198/1 161/198/1
f 177/198/1 162/198/1 176/198/1
f 179/145/1 164/145/1 163/145/1
f 180/145/1 164/145/1 179/145/1
f 182/233/1 166/233/1 165/233/1
f 183/233/1 166/233/1 182/233/1
f 184/12/1 168/12/1 167/12/1
f 185/12/1 168/12/1 184/12/1
f 186/97/1 170/97/1 169/97/1
f 187/200/1 171/200/1 170/200/1
f 187/97/1 170/97/1 186/97/1
f 188/253/1 172/253/1 171/253/1
f 188/200/1 171/200/1 187/200/1
f 189/81/1 173/81/1 172/81/1
f 189/253/1 172/253/1 188/253/1
f 190/81/1 173/81/1 189/81/1
f 191/208/1 175/208/1 174/208/1
f 192/208/1 175/208/1 191/208/1
f 193/172/1 177/172/1 176/172/1
f 194/68/1 178/68/1 177/68/1
f 194/172/1 177/172/1 193/172/1
f 195/29/1 179/29/1 178/29/1
f 195/68/1 178/68/1 194/68/1
f 196/16/1 180/16/1 179/16/1
f 196/29/1 179/29/1 195/29/1
f 197/111/1 181/111/1 180/111/1
f 197/16/1 180/16/1 196/16/1
f 198/112/1 182/112/1 181/112/1
f 198/111/1 181/111/1 197/111/1
f 199/165/1 183/165/1 182/165/1
f 199/112/1 182/112/1 198/112/1
f 200/165/1 183/165/1 199/165/1
f 201/76/1 197/76/1 196/76/1
f 202/76/1 197/76/1 201/76/1
f 203/215/1 200/215/1 199/215/1
f 204/215/1 200/215/1 203/215/1
f 219/90/1 202/90/1 201/90/1
f 220/90/1 202/90/1 219/90/1
f 221/9/1 204/9/1 203/9/1
f 222/9/1 204/9/1 221/9/1
f 223/210/1 206/210/1 205/210/1
f 224/184/1 207/184/1 206/184/1
f 224/210/1 206/210/1 223/210/1
f 225/206/1 208/206/1 207/206/1
f 225/184/1 207/184/1 224/184/1
f 226/222/1 209/222/1 208/222/1
f 226/206/1 208/206/1 225/206/1
f 227/182/1 210/182/1 209/182/1
f 227/222/1 209/222/1 226/222/1
f 228/93/1 211/93/1 210/93/1
f 228/182/1 210/182/1 227/182/1
f 229/239/1 212/239/1 211/239/1
f 229/93/1 211/93/1 228/93/1
f 230/239/1 212/239/1 229/239/1
f 231/210/1 214/210/1 213/210/1
f 232/104/1 215/104/1 214/104/1
f 232/210/1 214/210/1 231/210/1
f 233/246/1 216/246/1 215/246/1
f 233/104/1 215/104/1 232/104/1
f 234/95/1 217/95/1 216/95/1
f 234/246/1 216/246/1 233/246/1
f 235/166/1 218/166/1 217/166/1
f 235/95/1 217/95/1 234/95/1
f 236/78/1 219/78/1 218/78/1
f 236/166/1 218/166/1 235/166/1
f 237/207/1 220/207/1 219/207/1
f 237/78/1 219/78/1 236/78/1
f 238/207/1 220/207/1 237/207/1
f 239/47/1 222/47/1 221/47/1
f 240/47/1 222/47/1 239/47/1
f 241/71/1 224/71/1 223/71/1
f 242/71/1 224/71/1 241/71/1
f 243/35/1 227/35/1 226/35/1
f 244/35/1 227/35/1 243/35/1
f 245/103/1 235/103/1 234/103/1
f 246/103/1 235/103/1 245/103/1
f 247/45/1 240/45/1 239/45/1
f 248/45/1 240/45/1 247/45/1
f 249/9/1 242/9/1 241/9/1
f 250/9/1 242/9/1 249/9/1
f 251/31/1 244/31/1 243/31/1
f 252/31/1 244/31/1 251/31/1
f 258/111/1 246/111/1 245/111/1
f 259/111/1 246/111/1 258/111/1
f 263/130/1 248/130/1 247/130/1
f 264/130/1 248/130/1 263/130/1
f 265/238/1 250/238/1 249/238/1
f 266/238/1 250/238/1 265/238/1
f 267/107/1 252/107/1 251/107/1
f 268/113/1 253/113/1 252/113/1
f 268/107/1 252/107/1 267/107/1
f 269/16/1 254/16/1 253/16/1
f 269/113/1 253/113/1 268/113/1
f 270/52/1 255/52/1 254/52/1
f 270/16/1 254/16/1 269/16/1
f 271/52/1 255/52/1 270/52/1
f 272/125/1 257/125/1 256/125/1
f 273/125/1 257/125/1 272/125/1
f 274/154/1 259/154/1 258/154/1
f 275/154/1 259/154/1 274/154/1
f 276/63/1 261/63/1 260/63/1
f 277/53/1 262/53/1 261/53/1
f 277/63/1 261/63/1 276/63/1
f 278/84/1 263/84/1 262/84/1
f 278/53/1 262/53/1 277/53/1
f 279/126/1 264/126/1 263/126/1
f 279/84/1 263/84/1 278/84/1
f 280/126/1 264/126/1 279/126/1
f 293/159/1 282/159/1 281/159/1
f 294/159/1 282/159/1 293/159/1
f 295/2/1 284/2/1 283/2/1
f 296/63/1 285/63/1 284/63/1
f 296/2/1 284/2/1 295/2/1
f 297/47/1 286/47/1 285/47/1
f 297/63/1 285/63/1 296/63/1
f 298/47/1 286/47/1 297/47/1
f 299/47/1 288/47/1 287/47/1
f 300/47/1 288/47/1 299/47/1
f 301/8/1 290/8/1 289/8/1
f 302/35/1 291/35/1 290/35/1
f 302/8/1 290/8/1 301/8/1
f 303/107/1 292/107/1 291/107/1
f 303/35/1 291/35/1 302/35/1
f 304/107/1 292/107/1 303/107/1
f 305/22/1 296/22/1 295/22/1
f 306/22/1 296/22/1 305/22/1
f 307/188/1 300/188/1 299/188/1
f 308/188/1 300/188/1 307/188/1
f 311/234/1 306/234/1 305/234/1
f 312/234/1 306/234/1 311/234/1
f 315/143/1 308/143/1 307/143/1
f 316/143/1 308/143/1 315/143/1
f 321/251/1 310/251/1 309/251/1
f 322/251/1 310/251/1 321/251/1
f 323/36/1 312/36/1 311/36/1
f 324/36/1 312/36/1 323/36/1
f 325/83/1 314/83/1 313/83/1
f 326/83/1 314/83/1 325/83/1
f 327/8/1 318/8/1 317/8/1
f 328/8/1 318/8/1 327/8/1
f 329/82/1 320/82/1 319/82/1
f 330/82/1 320/82/1 329/82/1
f 331/66/1 322/66/1 321/66/1
f 332/66/1 322/66/1 331/66/1
f 333/35/1 326/35/1 325/35/1
f 334/35/1 326/35/1 333/35/1
f 335/157/1 328/157/1 327/157/1
f 336/157/1 328/157/1 335/157/1
f 337/236/1 330/236/1 329/236/1
f 338/236/1 330/236/1 337/236/1
f 339/52/1 332/52/1 331/52/1
f 340/52/1 332/52/1 339/52/1
f 344/58/1 334/58/1 333/58/1
f 345/58/1 334/58/1 344/58/1
f 353/21/1 336/21/1 335/21/1
f 354/21/1 336/21/1 353/21/1
f 355/124/1 338/124/1 337/124/1
f 356/124/1 338/124/1 355/124/1
f 359/20/1 342/20/1 341/20/1
f 360/200/1 343/200/1 342/200/1
f 360/20/1 342/20/1 359/20/1
f 361/64/1 344/64/1 343/64/1
f 361/200/1 343/200/1 360/200/1
f 362/40/1 345/40/1 344/40/1
f 362/64/1 344/64/1 361/64/1
f 363/185/1 346/185/1 345/185/1
f 363/40/1 345/40/1 362/40/1
f 364/78/1 347/78/1 346/78/1
f 364/185/1 346/185/1 363/185/1
f 365/146/1 348/146/1 347/146/1
f 365/78/1 347/78/1 364/78/1
f 366/142/1 349/142/1 348/142/1
f 366/146/1 348/146/1 365/146/1
f 367/99/1 350/99/1 349/99/1
f 367/142/1 349/142/1 366/142/1
f 368/99/1 350/99/1 367/99/1
f 369/178/1 352/178/1 351/178/1
f 370/211/1 353/211/1 352/211/1
f 370/178/1 352/178/1 369/178/1
f 371/47/1 354/47/1 353/47/1
f 371/211/1 353/211/1 370/211/1
f 372/47/1 354/47/1 371/47/1
f 373/200/1 356/200/1 355/200/1
f 374/200/1 356/200/1 373/200/1
f 375/154/1 366/154/1 365/154/1
f 376/154/1 366/154/1 375/154/1
f 377/217/1 372/217/1 371/217/1
f 378/217/1 372/217/1 377/217/1
f 379/178/1 374/178/1 373/178/1
f 380/178/1 374/178/1 379/178/1
f 381/97/1 358/97/1 357/97/1
f 382/97/1 358/97/1 381/97/1
f 388/108/1 376/108/1 375/108/1
f 389/108/1 376/108/1 388/108/1
f 393/7/1 378/7/1 377/7/1
f 394/7/1 378/7/1 393/7/1
f 395/1/1 380/1/1 379/1/1
f 396/1/1 380/1/1 395/1/1
f 399/16/1 384/16/1 383/16/1
f 400/94/1 385/94/1 384/94/1
f 400/16/1 384/16/1 399/16/1
f 401/179/1 386/179/1 385/179/1
f 401/94/1 385/94/1 400/94/1
f 402/33/1 387/33/1 386/33/1
f 402/179/1 386/179/1 401/179/1
f 403/33/1 387/33/1 402/33/1
f 404/111/1 391/111/1 390/111/1
f 405/201/1 392/201/1 391/201/1
f 405/111/1 391/111/1 404/111/1
f 406/88/1 393/88/1 392/88/1
f 406/201/1 392/201/1 405/201/1
f 407/58/1 394/58/1 393/58/1
f 407/88/1 393/88/1 406/88/1
f 408/58/1 394/58/1 407/58/1
f 409/102/1 396/102/1 395/102/1
f 410/102/1 396/102/1 409/102/1
f 411/130/1 398/130/1 397/130/1
f 412/130/1 398/130/1 411/130/1
f 413/23/1 403/23/1 402/23/1
f 414/23/1 403/23/1 413/23/1
f 415/216/1 405/216/1 404/216/1
f 416/216/1 405/216/1 415/216/1
f 417/94/1 408/94/1 407/94/1
f 418/94/1 408/94/1 417/94/1
f 419/55/1 410/55/1 409/55/1
f 420/55/1 410/55/1 419/55/1
f 421/200/1 412/200/1 411/200/1
f 422/200/1 412/200/1 421/200/1
f 425/171/1 414/171/1 413/171/1
f 426/171/1 414/171/1 425/171/1
f 431/224/1 416/224/1 415/224/1
f 432/224/1 416/224/1 431/224/1
f 433/176/1 418/176/1 417/176/1
f 434/176/1 418/176/1 433/176/1
f 436/246/1 420/246/1 419/246/1
f 437/246/1 420/246/1 436/246/1
f 438/148/1 422/148/1 421/148/1
f 439/146/1 423/146/1 422/146/1
f 439/148/1 422/148/1 438/148/1
f 440/20/1 424/20/1 423/20/1
f 440/146/1 423/146/1 439/146/1
f 441/20/1 424/20/1 440/20/1
f 442/129/1 426/129/1 425/129/1
f 443/117/1 427/117/1 426/117/1
f 443/129/1 426/129/1 442/129/1
f 444/116/1 428/116/1 427/116/1
f 444/117/1 427/117/1 443/117/1
f 445/41/1 429/41/1 428/41/1
f 445/116/1 428/116/1 444/116/1
f 446/248/1 430/248/1 429/248/1
f 446/41/1 429/41/1 445/41/1
f 447/126/1 431/126/1 430/126/1
f 447/248/1 430/248/1 446/248/1
f 448/250/1 432/250/1 431/250/1
f 448/126/1 431/126/1 447/126/1
f 449/250/1 432/250/1 448/250/1
f 450/113/1 434/113/1 433/113/1
f 451/210/1 435/210/1 434/210/1
f 451/113/1 434/113/1 450/113/1
f 452/151/1 436/151/1 435/151/1
f 452/210/1 435/210/1 451/210/1
f 453/151/1 436/151/1 452/151/1
f 455/241/1 449/241/1 448/241/1
f 456/241/1 449/241/1 455/241/1
f 457/172/1 451/172/1 450/172/1
f 458/172/1 451/172/1 457/172/1
f 459/187/1 454/187/1 453/187/1
f 460/187/1 454/187/1 459/187/1
f 472/156/1 456/156/1 455/156/1
f 473/156/1 456/156/1 472/156/1
f 474/14/1 458/14/1 457/14/1
f 475/14/1 458/14/1 474/14/1
f 476/250/1 460/250/1 459/250/1
f 477/250/1 460/250/1 476/250/1
f 478/199/1 462/199/1 461/199/1
f 479/135/1 463/135/1 462/135/1
f 479/199/1 462/199/1 478/199/1
f 480/227/1 464/227/1 463/227/1
f 480/135/1 463/135/1 479/135/1
f 481/158/1 465/158/1 464/158/1
f 481/227/1 464/227/1 480/227/1
f 482/158/1 465/158/1 481/158/1
f 483/89/1 467/89/1 466/89/1
f 484/177/1 468/177/1 467/177/1
f 484/89/1 467/89/1 483/89/1
f 485/202/1 469/202/1 468/202/1
f 485/177/1 468/177/1 484/177/1
f 486/224/1 470/224/1 469/224/1
f 486/202/1 469/202/1 485/202/1
f 487/169/1 471/169/1 470/169/1
f 487/224/1 470/224/1 486/224/1
f 488/18/1 472/18/1 471/18/1
f 488/169/1 471/169/1 487/169/1
f 489/189/1 473/189/1 472/189/1
f 489/18/1 472/18/1 488/18/1
f 490/189/1 473/189/1 489/189/1
f 491/16/1 475/16/1 474/16/1
f 492/16/1 475/16/1 491/16/1
f 493/231/1 477/231/1 476/231/1
f 494/231/1 477/231/1 493/231/1
f 495/140/1 494/140/1 493/140/1
f 496/140/1 494/140/1 495/140/1
f 508/160/1 496/160/1 495/160/1
f 509/160/1 496/160/1 508/160/1
f 510/237/1 498/237/1 497/237/1
f 511/158/1 499/158/1 498/158/1
f 511/237/1 498/237/1 510/237/1
f 512/247/1 500/247/1 499/247/1
f 512/158/1 499/158/1 511/158/1
f 513/146/1 501/146/1 500/146/1
f 513/247/1 500/247/1 512/247/1
f 514/146/1 501/146/1 513/146/1
f 515/25/1 503/25/1 502/25/1
f 516/37/1 504/37/1 503/37/1
f 516/25/1 503/25/1 515/25/1
f 517/118/1 505/118/1 504/118/1
f 517/37/1 504/37/1 516/37/1
f 518/62/1 506/62/1 505/62/1
f 518/118/1 505/118/1 517/118/1
f 519/209/1 507/209/1 506/209/1
f 519/62/1 506/62/1 518/62/1
f 520/209/1 507/209/1 519/209/1
f 521/178/1 509/178/1 508/178/1
f 522/178/1 509/178/1 521/178/1
f 538/168/1 524/168/1 523/168/1
f 539/241/1 525/241/1 524/241/1
f 539/168/1 524/168/1 538/168/1
f 540/247/1 526/247/1 525/247/1
f 540/241/1 525/241/1 539/241/1
f 541/51/1 527/51/1 526/51/1
f 541/247/1 526/247/1 540/247/1
f 542/155/1 528/155/1 527/155/1
f 542/51/1 527/51/1 541/51/1
f 543/155/1 528/155/1 542/155/1
f 544/152/1 530/152/1 529/152/1
f 545/19/1 531/19/1 530/19/1
f 545/152/1 530/152/1 544/152/1
f 546/139/1 532/139/1 531/139/1
f 546/19/1 531/19/1 545/19/1
f 547/170/1 533/170/1 532/170/1
f 547/139/1 532/139/1 546/139/1
f 548/151/1 534/151/1 533/151/1
f 548/170/1 533/170/1 547/170/1
f 549/108/1 535/108/1 534/108/1
f 549/151/1 534/151/1 548/151/1
f 550/108/1 535/108/1 549/108/1
f 551/196/1 537/196/1 536/196/1
f 552/196/1 537/196/1 551/196/1
f 553/126/1 541/126/1 540/126/1
f 554/126/1 541/126/1 553/126/1
f 555/216/1 552/216/1 551/216/1
f 556/216/1 552/216/1 555/216/1
f 560/80/1 554/80/1 553/80/1
f 561/80/1 554/80/1 560/80/1
f 572/65/1 556/65/1 555/65/1
f 573/65/1 556/65/1 572/65/1
f 574/33/1 558/33/1 557/33/1
f 575/205/1 559/205/1 558/205/1
f 575/33/1 558/33/1 574/33/1
f 576/212/1 560/212/1 559/212/1
f 576/205/1 559/205/1 575/205/1
f 577/177/1 561/177/1 560/177/1
f 577/212/1 560/212/1 576/212/1
f 578/177/1 561/177/1 577/177/1
f 579/220/1 563/220/1 562/220/1
f 580/13/1 564/13/1 563/13/1
f 580/220/1 563/220/1 579/220/1
f 581/32/1 565/32/1 564/32/1
f 581/13/1 564/13/1 580/13/1
f 582/32/1 565/32/1 581/32/1
f 583/82/1 567/82/1 566/82/1
f 584/246/1 568/246/1 567/246/1
f 584/82/1 567/82/1 583/82/1
f 585/193/1 569/193/1 568/193/1
f 585/246/1 568/246/1 584/246/1
f 586/215/1 570/215/1 569/215/1
f 586/193/1 569/193/1 585/193/1
f 587/109/1 571/109/1 570/109/1
f 587/215/1 570/215/1 586/215/1
f 588/184/1 572/184/1 571/184/1
f 588/109/1 571/109/1 587/109/1
f 589/247/1 573/247/1 572/247/1
f 589/184/1 572/184/1 588/184/1
f 590/247/1 573/247/1 589/247/1
f 591/99/1 578/99/1 577/99/1
f 592/99/1 578/99/1 591/99/1
f 593/245/1 584/245/1 583/245/1
f 594/245/1 584/245/1 593/245/1
f 597/219/1 592/219/1 591/219/1
f 598/219/1 592/219/1 597/219/1
f 604/126/1 594/126/1 593/126/1
f 605/126/1 594/126/1 604/126/1
f 608/61/1 596/61/1 595/61/1
f 609/61/1 596/61/1 608/61/1
f 610/82/1 598/82/1 597/82/1
f 611/82/1 598/82/1 610/82/1
f 612/148/1 600/148/1 599/148/1
f 613/60/1 601/60/1 600/60/1
f 613/148/1 600/148/1 612/148/1
f 614/250/1 602/250/1 601/250/1
f 614/60/1 601/60/1 613/60/1
f 615/205/1 603/205/1 602/205/1
f 615/250/1 602/250/1 614/250/1
f 616/205/1 603/205/1 615/205/1
f 617/225/1 607/225/1 606/225/1
f 618/225/1 607/225/1 617/225/1
f 619/208/1 613/208/1 612/208/1
f 620/208/1 613/208/1 619/208/1
f 621/248/1 616/248/1 615/248/1
f 622/248/1 616/248/1 621/248/1
f 627/129/1 620/129/1 619/129/1
f 628/129/1 620/129/1 627/129/1
f 629/116/1 622/116/1 621/116/1
f 630/116/1 622/116/1 629/116/1
f 635/13/1 624/13/1 623/13/1
f 636/80/1 625/80/1 624/80/1
f 636/13/1 624/13/1 635/13/1
f 637/232/1 626/232/1 625/232/1
f 637/80/1 625/80/1 636/80/1
f 638/232/1 626/232/1 637/232/1
f 639/55/1 628/55/1 627/55/1
f 640/55/1 628/55/1 639/55/1
f 641/236/1 630/236/1 629/236/1
f 642/158/1 631/158/1 630/158/1
f 642/236/1 630/236/1 641/236/1
f 643/83/1 632/83/1 631/83/1
f 643/158/1 631/158/1 642/158/1
f 644/83/1 632/83/1 643/83/1
f 645/159/1 634/159/1 633/159/1
f 646/159/1 634/159/1 645/159/1
f 647/43/1 646/43/1 645/43/1
f 648/43/1 646/43/1 647/43/1
f 660/70/1 648/70/1 647/70/1
f 661/70/1 648/70/1 660/70/1
f 662/171/1 650/171/1 649/171/1
f 663/46/1 651/46/1 650/46/1
f 663/171/1 650/171/1 662/171/1
f 664/204/1 652/204/1 651/204/1
f 664/46/1 651/46/1 663/46/1
f 665/204/1 652/204/1 664/204/1
f 669/165/1 654/165/1 653/165/1
f 670/123/1 655/123/1 654/123/1
f 670/165/1 654/165/1 669/165/1
f 671/22/1 656/22/1 655/22/1
f 671/123/1 655/123/1 670/123/1
f 672/22/1 656/22/1 671/22/1
f 674/11/1 658/11/1 657/11/1
f 675/199/1 659/199/1 658/199/1
f 675/11/1 658/11/1 674/11/1
f 676/35/1 660/35/1 659/35/1
f 676/199/1 659/199/1 675/199/1
f 677/35/1 660/35/1 676/35/1
f 678/80/1 663/80/1 662/80/1
f 679/80/1 663/80/1 678/80/1
f 680/56/1 666/56/1 665/56/1
f 681/56/1 666/56/1 680/56/1
f 682/109/1 668/109/1 667/109/1
f 683/109/1 668/109/1 682/109/1
f 684/243/1 673/243/1 672/243/1
f 685/243/1 673/243/1 684/243/1
f 686/246/1 679/246/1 678/246/1
f 687/246/1 679/246/1 686/246/1
f 688/162/1 681/162/1 680/162/1
f 689/162/1 681/162/1 688/162/1
f 690/13/1 683/13/1 682/13/1
f 691/13/1 683/13/1 690/13/1
f 694/162/1 685/162/1 684/162/1
f 695/162/1 685/162/1 694/162/1
f 702/219/1 689/219/1 688/219/1
f 703/219/1 689/219/1 702/219/1
f 704/245/1 691/245/1 690/245/1
f 705/245/1 691/245/1 704/245/1
f 706/69/1 693/69/1 692/69/1
f 707/69/1 693/69/1 706/69/1
f 708/193/1 695/193/1 694/193/1
f 709/193/1 695/193/1 708/193/1
f 710/188/1 697/188/1 696/188/1
f 711/9/1 698/9/1 697/9/1
f 711/188/1 697/188/1 710/188/1
f 712/203/1 699/203/1 698/203/1
f 712/9/1 698/9/1 711/9/1
f 713/203/1 699/203/1 712/203/1
f 714/252/1 701/252/1 700/252/1
f 715/252/1 701/252/1 714/252/1
f 716/172/1 707/172/1 706/172/1
f 717/172/1 707/172/1 716/172/1
f 718/113/1 715/113/1 714/113/1
f 719/113/1 715/113/1 718/113/1
f 723/119/1 717/119/1 716/119/1
f 724/119/1 717/119/1 723/119/1
f 733/253/1 719/253/1 718/253/1
f 734/253/1 719/253/1 733/253/1
f 735/71/1 721/71/1 720/71/1
f 736/197/1 722/197/1 721/197/1
f 736/71/1 721/71/1 735/71/1
f 737/197/1 722/197/1 736/197/1
f 738/4/1 726/4/1 725/4/1
f 739/184/1 727/184/1 726/184/1
f 739/4/1 726/4/1 738/4/1
f 740/49/1 728/49/1 727/49/1
f 740/184/1 727/184/1 739/184/1
f 741/79/1 729/79/1 728/79/1
f 741/49/1 728/49/1 740/49/1
f 742/124/1 730/124/1 729/124/1
f 742/79/1 729/79/1 741/79/1
f 743/188/1 731/188/1 730/188/1
f 743/124/1 730/124/1 742/124/1
f 744/78/1 732/78/1 731/78/1
f 744/188/1 731/188/1 743/188/1
f 745/78/1 732/78/1 744/78/1
f 759/250/1 747/250/1 746/250/1
f 760/84/1 748/84/1 747/84/1
f 760/250/1 747/250/1 759/250/1
f 761/29/1 749/29/1 748/29/1
f 761/84/1 748/84/1 760/84/1
f 762/146/1 750/146/1 749/146/1
f 762/29/1 749/29/1 761/29/1
f 763/146/1 750/146/1 762/146/1
f 764/131/1 752/131/1 751/131/1
f 765/131/1 752/131/1 764/131/1
f 766/126/1 754/126/1 753/126/1
f 767/126/1 754/126/1 766/126/1
f 768/150/1 756/150/1 755/150/1
f 769/78/1 757/78/1 756/78/1
f 769/150/1 756/150/1 768/150/1
f 770/186/1 758/186/1 757/186/1
f 770/78/1 757/78/1 769/78/1
f 771/186/1 758/186/1 770/186/1
f 773/236/1 763/236/1 762/236/1
f 774/236/1 763/236/1 773/236/1
f 775/223/1 767/223/1 766/223/1
f 776/223/1 767/223/1 775/223/1
f 777/168/1 772/168/1 771/168/1
f 778/168/1 772/168/1 777/168/1
f 782/127/1 774/127/1 773/127/1
f 783/127/1 774/127/1 782/127/1
f 787/16/1 776/16/1 775/16/1
f 788/16/1 776/16/1 787/16/1
f 791/79/1 778/79/1 777/79/1
f 792/79/1 778/79/1 791/79/1
f 796/2/1 780/2/1 779/2/1
f 797/166/1 781/166/1 780/166/1
f 797/2/1 780/2/1 796/2/1
f 798/82/1 782/82/1 781/82/1
f 798/166/1 781/166/1 797/166/1
f 799/82/1 782/82/1 798/82/1
f 800/15/1 785/15/1 784/15/1
f 801/5/1 786/5/1 785/5/1
f 801/15/1 785/15/1 800/15/1
f 802/54/1 787/54/1 786/54/1
f 802/5/1 786/5/1 801/5/1
f 803/6/1 788/6/1 787/6/1
f 803/54/1 787/54/1 802/54/1
f 804/168/1 789/168/1 788/168/1
f 804/6/1 788/6/1 803/6/1
f 805/205/1 790/205/1 789/205/1
f 805/168/1 789/168/1 804/168/1
f 806/205/1 790/205/1 805/205/1
f 807/113/1 792/113/1 791/113/1
f 808/235/1 793/235/1 792/235/1
f 808/113/1 792/113/1 807/113/1
f 809/70/1 794/70/1 793/70/1
f 809/235/1 793/235/1 808/235/1
f 810/174/1 795/174/1 794/174/1
f 810/70/1 794/70/1 809/70/1
f 811/174/1 795/174/1 810/174/1
f 812/29/1 811/29/1 810/29/1
f 813/29/1 811/29/1 812/29/1
f 828/241/1 813/241/1 812/241/1
f 829/241/1 813/241/1 828/241/1
f 832/135/1 815/135/1 814/135/1
f 833/240/1 816/240/1 815/240/1
f 833/135/1 815/135/1 832/135/1
f 834/236/1 817/236/1 816/236/1
f 834/240/1 816/240/1 833/240/1
f 835/210/1 818/210/1 817/210/1
f 835/236/1 817/236/1 834/236/1
f 836/106/1 819/106/1 818/106/1
f 836/210/1 818/210/1 835/210/1
f 837/3/1 820/3/1 819/3/1
f 837/106/1 819/106/1 836/106/1
f 838/100/1 821/100/1 820/100/1
f 838/3/1 820/3/1 837/3/1
f 839/14/1 822/14/1 821/14/1
f 839/100/1 821/100/1 838/100/1
f 840/157/1 823/157/1 822/157/1
f 840/14/1 822/14/1 839/14/1
f 841/213/1 824/213/1 823/213/1
f 841/157/1 823/157/1 840/157/1
f 842/208/1 825/208/1 824/208/1
f 842/213/1 824/213/1 841/213/1
f 843/219/1 826/219/1 825/219/1
f 843/208/1 825/208/1 842/208/1
f 844/127/1 827/127/1 826/127/1
f 844/219/1 826/219/1 843/219/1
f 845/127/1 827/127/1 844/127/1
f 846/223/1 831/223/1 830/223/1
f 847/223/1 831/223/1 846/223/1
f 848/116/1 833/116/1 832/116/1
f 849/116/1 833/116/1 848/116/1
f 850/190/1 845/190/1 844/190/1
f 851/190/1 845/190/1 850/190/1
f 852/71/1 847/71/1 846/71/1
f 853/71/1 847/71/1 852/71/1
f 854/68/1 849/68/1 848/68/1
f 855/68/1 849/68/1 854/68/1
f 865/126/1 851/126/1 850/126/1
f 866/126/1 851/126/1 865/126/1
f 869/99/1 855/99/1 854/99/1
f 870/18/1 856/18/1 855/18/1
f 870/99/1 855/99/1 869/99/1
f 871/16/1 857/16/1 856/16/1
f 871/18/1 856/18/1 870/18/1
f 872/18/1 858/18/1 857/18/1
f 872/16/1 857/16/1 871/16/1
f 873/18/1 858/18/1 872/18/1
f 874/175/1 860/175/1 859/175/1
f 875/61/1 861/61/1 860/61/1
f 875/175/1 860/175/1 874/175/1
f 876/172/1 862/172/1 861/172/1
f 876/61/1 861/61/1 875/61/1
f 877/5/1 863/5/1 862/5/1
f 877/172/1 862/172/1 876/172/1
f 878/97/1 864/97/1 863/97/1
f 878/5/1 863/5/1 877/5/1
f 879/15/1 865/15/1 864/15/1
f 879/97/1 864/97/1 878/97/1
f 880/98/1 866/98/1 865/98/1
f 880/15/1 865/15/1 879/15/1
f 881/199/1 867/199/1 866/199/1
f 881/98/1 866/98/1 880/98/1
f 882/36/1 868/36/1 867/36/1
f 882/199/1 867/199/1 881/199/1
f 883/36/1 868/36/1 882/36/1
f 885/207/1 870/207/1 869/207/1
f 886/207/1 870/207/1 885/207/1
f 887/9/1 873/9/1 872/9/1
f 888/9/1 873/9/1 887/9/1
f 889/132/1 884/132/1 883/132/1
f 890/132/1 884/132/1 889/132/1
f 894/90/1 886/90/1 885/90/1
f 895/90/1 886/90/1 894/90/1
f 896/55/1 888/55/1 887/55/1
f 897/55/1 888/55/1 896/55/1
f 905/229/1 890/229/1 889/229/1
f 906/229/1 890/229/1 905/229/1
f 907/187/1 892/187/1 891/187/1
f 908/209/1 893/209/1 892/209/1
f 908/187/1 892/187/1 907/187/1
f 909/221/1 894/221/1 893/221/1
f 909/209/1 893/209/1 908/209/1
f 910/130/1 895/130/1 894/130/1
f 910/221/1 894/221/1 909/221/1
f 911/130/1 895/130/1 910/130/1
f 912/178/1 897/178/1 896/178/1
f 913/4/1 898/4/1 897/4/1
f 913/178/1 897/178/1 912/178/1
f 914/12/1 899/12/1 898/12/1
f 914/4/1 898/4/1 913/4/1
f 915/180/1 900/180/1 899/180/1
f 915/12/1 899/12/1 914/12/1
f 916/180/1 900/180/1 915/180/1
f 917/61/1 902/61/1 901/61/1
f 918/251/1 903/251/1 902/251/1
f 918/61/1 902/61/1 917/61/1
f 919/23/1 904/23/1 903/23/1
f 919/251/1 903/251/1 918/251/1
f 920/23/1 904/23/1 919/23/1
f 922/10/1 906/10/1 905/10/1
f 923/10/1 906/10/1 922/10/1
f 924/12/1 908/12/1 907/12/1
f 925/12/1 908/12/1 924/12/1
f 926/149/1 921/149/1 920/149/1
f 927/149/1 921/149/1 926/149/1
f 928/3/1 923/3/1 922/3/1
f 929/3/1 923/3/1 928/3/1
f 930/225/1 925/225/1 924/225/1
f 931/225/1 925/225/1 930/225/1
f 935/172/1 927/172/1 926/172/1
f 936/172/1 927/172/1 935/172/1
f 937/239/1 929/239/1 928/239/1
f 938/239/1 929/239/1 937/239/1
f 939/82/1 931/82/1 930/82/1
f 940/184/1 932/184/1 931/184/1
f 940/82/1 931/82/1 939/82/1
f 941/66/1 933/66/1 932/66/1
f 941/184/1 932/184/1 940/184/1
f 942/33/1 934/33/1 933/33/1
f 942/66/1 933/66/1 941/66/1
f 943/33/1 934/33/1 942/33/1
f 948/133/1 936/133/1 935/133/1
f 949/133/1 936/133/1 948/133/1
f 950/235/1 938/235/1 937/235/1
f 951/235/1 938/235/1 950/235/1
f 952/229/1 943/229/1 942/229/1
f 953/229/1 943/229/1 952/229/1
f 954/148/1 945/148/1 944/148/1
f 955/148/1 945/148/1 954/148/1
f 956/47/1 947/47/1 946/47/1
f 957/47/1 947/47/1 956/47/1
f 958/236/1 951/236/1 950/236/1
f 959/236/1 951/236/1 958/236/1
f 962/250/1 953/250/1 952/250/1
f 963/250/1 953/250/1 962/250/1
f 964/154/1 955/154/1 954/154/1
f 965/154/1 955/154/1 964/154/1
f 969/19/1 957/19/1 956/19/1
f 970/19/1 957/19/1 969/19/1
f 974/203/1 959/203/1 958/203/1
f 975/203/1 959/203/1 974/203/1
f 976/130/1 961/130/1 960/130/1
f 977/130/1 961/130/1 976/130/1
f 978/197/1 965/197/1 964/197/1
f 979/197/1 965/197/1 978/197/1
f 980/70/1 967/70/1 966/70/1
f 981/119/1 968/119/1 967/119/1
f 981/70/1 967/70/1 980/70/1
f 982/102/1 969/102/1 968/102/1
f 982/119/1 968/119/1 981/119/1
f 983/102/1 969/102/1 982/102/1
f 984/205/1 972/205/1 971/205/1
f 985/126/1 973/126/1 972/126/1
f 985/205/1 972/205/1 984/205/1
f 986/44/1 974/44/1 973/44/1
f 986/126/1 973/126/1 985/126/1
f 987/78/1 975/78/1 974/78/1
f 987/44/1 974/44/1 986/44/1
f 988/78/1 975/78/1 987/78/1
f 1002/72/1 990/72/1 989/72/1
f 1003/182/1 991/182/1 990/182/1
f 1003/72/1 990/72/1 1002/72/1
f 1004/213/1 992/213/1 991/213/1
f 1004/182/1 991/182/1 1003/182/1
f 1005/213/1 992/213/1 1004/213/1
f 1008/21/1 994/21/1 993/21/1
f 1009/7/1 995/7/1 994/7/1
f 1009/21/1 994/21/1 1008/21/1
f 1010/189/1 996/189/1 995/189/1
f 1010/7/1 995/7/1 1009/7/1
f 1011/58/1 997/58/1 996/58/1
f 1011/189/1 996/189/1 1010/189/1
f 1012/58/1 997/58/1 1011/58/1
f 1013/119/1 999/119/1 998/119/1
f 1014/198/1 1000/198/1 999/198/1
f 1014/119/1 999/119/1 1013/119/1
f 1015/183/1 1001/183/1 1000/183/1
f 1015/198/1 1000/198/1 1014/198/1
f 1016/183/1 1001/183/1 1015/183/1
f 1017/182/1 1007/182/1 1006/182/1
f 1018/182/1 1007/182/1 1017/182/1
f 1019/70/1 1009/70/1 1008/70/1
f 1020/70/1 1009/70/1 1019/70/1
f 1021/6/1 1012/6/1 1011/6/1
f 1022/6/1 1012/6/1 1021/6/1
f 1029/21/1 1018/21/1 1017/21/1
f 1030/21/1 1018/21/1 1029/21/1
f 1031/141/1 1020/141/1 1019/141/1
f 1032/141/1 1020/141/1 1031/141/1
f 1033/143/1 1022/143/1 1021/143/1
f 1034/143/1 1022/143/1 1033/143/1
f 1039/38/1 1024/38/1 1023/38/1
f 1040/111/1 1025/111/1 1024/111/1
f 1040/38/1 1024/38/1 1039/38/1
f 1041/231/1 1026/231/1 1025/231/1
f 1041/111/1 1025/111/1 1040/111/1
f 1042/186/1 1027/186/1 1026/186/1
f 1042/231/1 1026/231/1 1041/231/1
f 1043/56/1 1028/56/1 1027/56/1
f 1043/186/1 1027/186/1 1042/186/1
f 1044/85/1 1029/85/1 1028/85/1
f 1044/56/1 1028/56/1 1043/56/1
f 1045/52/1 1030/52/1 1029/52/1
f 1045/85/1 1029/85/1 1044/85/1
f 1046/52/1 1030/52/1 1045/52/1
f 1049/24/1 1034/24/1 1033/24/1
f 1050/24/1 1034/24/1 1049/24/1
f 1051/42/1 1036/42/1 1035/42/1
f 1052/76/1 1037/76/1 1036/76/1
f 1052/42/1 1036/42/1 1051/42/1
f 1053/164/1 1038/164/1 1037/164/1
f 1053/76/1 1037/76/1 1052/76/1
f 1054/164/1 1038/164/1 1053/164/1
f 1055/21/1 1048/21/1 1047/21/1
f 1056/21/1 1048/21/1 1055/21/1
f 1061/82/1 1056/82/1 1055/82/1
f 1062/82/1 1056/82/1 1061/82/1
f 1070/120/1 1058/120/1 1057/120/1
f 1071/149/1 1059/149/1 1058/149/1
f 1071/120/1 1058/120/1 1070/120/1
f 1072/193/1 1060/193/1 1059/193/1
f 1072/149/1 1059/149/1 1071/149/1
f 1073/193/1 1060/193/1 1072/193/1
f 1074/140/1 1062/140/1 1061/140/1
f 1075/140/1 1062/140/1 1074/140/1
f 1076/88/1 1064/88/1 1063/88/1
f 1077/220/1 1065/220/1 1064/220/1
f 1077/88/1 1064/88/1 1076/88/1
f 1078/160/1 1066/160/1 1065/160/1
f 1078/220/1 1065/220/1 1077/220/1
f 1079/182/1 1067/182/1 1066/182/1
f 1079/160/1 1066/160/1 1078/160/1
f 1080/182/1 1067/182/1 1079/182/1
f 1081/121/1 1069/121/1 1068/121/1
f 1082/121/1 1069/121/1 1081/121/1
f 1083/137/1 1077/137/1 1076/137/1
f 1084/137/1 1077/137/1 1083/137/1
f 1085/110/1 1080/110/1 1079/110/1
f 1086/110/1 1080/110/1 1085/110/1
f 1087/247/1 1082/247/1 1081/247/1
f 1088/247/1 1082/247/1 1087/247/1
f 1095/72/1 1084/72/1 1083/72/1
f 1096/72/1 1084/72/1 1095/72/1
f 1097/90/1 1086/90/1 1085/90/1
f 1098/90/1 1086/90/1 1097/90/1
f 1099/145/1 1088/145/1 1087/145/1
f 1100/145/1 1088/145/1 1099/145/1
f 1101/56/1 1090/56/1 1089/56/1
f 1102/56/1 1090/56/1 1101/56/1
f 1103/105/1 1092/105/1 1091/105/1
f 1104/242/1 1093/242/1 1092/242/1
f 1104/105/1 1092/105/1 1103/105/1
f 1105/27/1 1094/27/1 1093/27/1
f 1105/242/1 1093/242/1 1104/242/1
f 1106/27/1 1094/27/1 1105/27/1
f 1107/147/1 1096/147/1 1095/147/1
f 1108/147/1 1096/147/1 1107/147/1
f 1111/181/1 1100/181/1 1099/181/1
f 1112/181/1 1100/181/1 1111/181/1
f 1113/229/1 1110/229/1 1109/229/1
f 1114/229/1 1110/229/1 1113/229/1
f 1115/253/1 1112/253/1 1111/253/1
f 1116/253/1 1112/253/1 1115/253/1
f 1129/219/1 1114/219/1 1113/219/1
f 1130/219/1 1114/219/1 1129/219/1
f 1131/245/1 1116/245/1 1115/245/1
f 1132/245/1 1116/245/1 1131/245/1
f 1133/23/1 1118/23/1 1117/23/1
f 1134/198/1 1119/198/1 1118/198/1
f 1134/23/1 1118/23/1 1133/23/1
f 1135/119/1 1120/119/1 1119/119/1
f 1135/198/1 1119/198/1 1134/198/1
f 1136/223/1 1121/223/1 1120/223/1
f 1136/119/1 1120/119/1 1135/119/1
f 1137/223/1 1121/223/1 1136/223/1
f 1138/63/1 1123/63/1 1122/63/1
f 1139/63/1 1123/63/1 1138/63/1
f 1140/160/1 1125/160/1 1124/160/1
f 1141/160/1 1125/160/1 1140/160/1
f 1142/73/1 1127/73/1 1126/73/1
f 1143/248/1 1128/248/1 1127/248/1
f 1143/73/1 1127/73/1 1142/73/1
f 1144/203/1 1129/203/1 1128/203/1
f 1144/248/1 1128/248/1 1143/248/1
f 1145/61/1 1130/61/1 1129/61/1
f 1145/203/1 1129/203/1 1144/203/1
f 1146/61/1 1130/61/1 1145/61/1
f 1147/142/1 1132/142/1 1131/142/1
f 1148/142/1 1132/142/1 1147/142/1
f 1149/84/1 1137/84/1 1136/84/1
f 1150/84/1 1137/84/1 1149/84/1
f 1151/221/1 1139/221/1 1138/221/1
f 1152/221/1 1139/221/1 1151/221/1
f 1153/105/1 1141/105/1 1140/105/1
f 1154/105/1 1141/105/1 1153/105/1
f 1155/146/1 1148/146/1 1147/146/1
f 1156/146/1 1148/146/1 1155/146/1
f 1157/147/1 1150/147/1 1149/147/1
f 1158/147/1 1150/147/1 1157/147/1
f 1159/47/1 1152/47/1 1151/47/1
f 1160/47/1 1152/47/1 1159/47/1
f 1161/97/1 1154/97/1 1153/97/1
f 1162/97/1 1154/97/1 1161/97/1
f 1169/137/1 1156/137/1 1155/137/1
f 1170/137/1 1156/137/1 1169/137/1
f 1171/100/1 1158/100/1 1157/100/1
f 1172/100/1 1158/100/1 1171/100/1
f 1173/96/1 1160/96/1 1159/96/1
f 1174/96/1 1160/96/1 1173/96/1
f 1175/134/1 1162/134/1 1161/134/1
f 1176/127/1 1163/127/1 1162/127/1
f 1176/134/1 1162/134/1 1175/134/1
f 1177/90/1 1164/90/1 1163/90/1
f 1177/127/1 1163/127/1 1176/127/1
f 1178/148/1 1165/148/1 1164/148/1
f 1178/90/1 1164/90/1 1177/90/1
f 1179/147/1 1166/147/1 1165/147/1
f 1179/148/1 1165/148/1 1178/148/1
f 1180/227/1 1167/227/1 1166/227/1
f 1180/147/1 1166/147/1 1179/147/1
f 1181/183/1 1168/183/1 1167/183/1
f 1181/227/1 1167/227/1 1180/227/1
f 1182/183/1 1168/183/1 1181/183/1
f 1185/178/1 1172/178/1 1171/178/1
f 1186/178/1 1172/178/1 1185/178/1
f 1187/32/1 1182/32/1 1181/32/1
f 1188/32/1 1182/32/1 1187/32/1
f 1189/136/1 1184/136/1 1183/136/1
f 1190/136/1 1184/136/1 1189/136/1
f 1193/77/1 1186/77/1 1185/77/1
f 1194/77/1 1186/77/1 1193/77/1
f 1203/207/1 1188/207/1 1187/207/1
f 1204/207/1 1188/207/1 1203/207/1
f 1205/141/1 1190/141/1 1189/141/1
f 1206/141/1 1190/141/1 1205/141/1
f 1207/216/1 1192/216/1 1191/216/1
f 1208/117/1 1193/117/1 1192/117/1
f 1208/216/1 1192/216/1 1207/216/1
f 1209/122/1 1194/122/1 1193/122/1
f 1209/117/1 1193/117/1 1208/117/1
f 1210/77/1 1195/77/1 1194/77/1
f 1210/122/1 1194/122/1 1209/122/1
f 1211/3/1 1196/3/1 1195/3/1
f 1211/77/1 1195/77/1 1210/77/1
f 1212/3/1 1196/3/1 1211/3/1
f 1213/79/1 1198/79/1 1197/79/1
f 1214/223/1 1199/223/1 1198/223/1
f 1214/79/1 1198/79/1 1213/79/1
f 1215/129/1 1200/129/1 1199/129/1
f 1215/223/1 1199/223/1 1214/223/1
f 1216/14/1 1201/14/1 1200/14/1
f 1216/129/1 1200/129/1 1215/129/1
f 1217/151/1 1202/151/1 1201/151/1
f 1217/14/1 1201/14/1 1216/14/1
f 1218/114/1 1203/114/1 1202/114/1
f 1218/151/1 1202/151/1 1217/151/1
f 1219/114/1 1203/114/1 1218/114/1
f 1220/196/1 1206/196/1 1205/196/1
f 1221/196/1 1206/196/1 1220/196/1
f 1239/10/1 1223/10/1 1222/10/1
f 1240/220/1 1224/220/1 1223/220/1
f 1240/10/1 1223/10/1 1239/10/1
f 1241/190/1 1225/190/1 1224/190/1
f 1241/220/1 1224/220/1 1240/220/1
f 1242/99/1 1226/99/1 1225/99/1
f 1242/190/1 1225/190/1 1241/190/1
f 1243/164/1 1227/164/1 1226/164/1
f 1243/99/1 1226/99/1 1242/99/1
f 1244/215/1 1228/215/1 1227/215/1
f 1244/164/1 1227/164/1 1243/164/1
f 1245/215/1 1228/215/1 1244/215/1
f 1246/1/1 1230/1/1 1229/1/1
f 1247/115/1 1231/115/1 1230/115/1
f 1247/1/1 1230/1/1 1246/1/1
f 1248/243/1 1232/243/1 1231/243/1
f 1248/115/1 1231/115/1 1247/115/1
f 1249/29/1 1233/29/1 1232/29/1
f 1249/243/1 1232/243/1 1248/243/1
f 1250/123/1 1234/123/1 1233/123/1
f 1250/29/1 1233/29/1 1249/29/1
f 1251/186/1 1235/186/1 1234/186/1
f 1251/123/1 1234/123/1 1250/123/1
f 1252/148/1 1236/148/1 1235/148/1
f 1252/186/1 1235/186/1 1251/186/1
f 1253/51/1 1237/51/1 1236/51/1
f 1253/148/1 1236/148/1 1252/148/1
f 1254/33/1 1238/33/1 1237/33/1
f 1254/51/1 1237/51/1 1253/51/1
f 1255/33/1 1238/33/1 1254/33/1
f 1256/191/1 1249/191/1 1248/191/1
f 1257/191/1 1249/191/1 1256/191/1
f 1258/212/1 1255/212/1 1254/212/1
f 1259/212/1 1255/212/1 1258/212/1
f 1268/149/1 1257/149/1 1256/149/1
f 1269/149/1 1257/149/1 1268/149/1
f 1273/214/1 1259/214/1 1258/214/1
f 1274/214/1 1259/214/1 1273/214/1
f 1277/98/1 1261/98/1 1260/98/1
f 1278/152/1 1262/152/1 1261/152/1
f 1278/98/1 1261/98/1 1277/98/1
f 1279/22/1 1263/22/1 1262/22/1
f 1279/152/1 1262/152/1 1278/152/1
f 1280/180/1 1264/180/1 1263/180/1
f 1280/22/1 1263/22/1 1279/22/1
f 1281/180/1 1264/180/1 1280/180/1
f 1282/53/1 1266/53/1 1265/53/1
f 1283/107/1 1267/107/1 1266/107/1
f 1283/53/1 1266/53/1 1282/53/1
f 1284/231/1 1268/231/1 1267/231/1
f 1284/107/1 1267/107/1 1283/107/1
f 1285/132/1 1269/132/1 1268/132/1
f 1285/231/1 1268/231/1 1284/231/1
f 1286/132/1 1269/132/1 1285/132/1
f 1287/235/1 1271/235/1 1270/235/1
f 1288/109/1 1272/109/1 1271/109/1
f 1288/235/1 1271/235/1 1287/235/1
f 1289/147/1 1273/147/1 1272/147/1
f 1289/109/1 1272/109/1 1288/109/1
f 1290/147/1 1273/147/1 1289/147/1
f 1291/171/1 1276/171/1 1275/171/1
f 1292/171/1 1276/171/1 1291/171/1
f 1293/185/1 1281/185/1 1280/185/1
f 1294/185/1 1281/185/1 1293/185/1
f 1295/243/1 1292/243/1 1291/243/1
f 1296/243/1 1292/243/1 1295/243/1
f 1299/82/1 1294/82/1 1293/82/1
f 1300/82/1 1294/82/1 1299/82/1
f 1305/180/1 1296/180/1 1295/180/1
f 1306/180/1 1296/180/1 1305/180/1
f 1307/43/1 1298/43/1 1297/43/1
f 1308/43/1 1298/43/1 1307/43/1
f 1309/48/1 1302/48/1 1301/48/1
f 1310/48/1 1302/48/1 1309/48/1
f 1311/21/1 1304/21/1 1303/21/1
f 1312/21/1 1304/21/1 1311/21/1
f 1313/249/1 1306/249/1 1305/249/1
f 1314/249/1 1306/249/1 1313/249/1
f 1315/131/1 1314/131/1 1313/131/1
f 1316/131/1 1314/131/1 1315/131/1
f 1326/168/1 1316/168/1 1315/168/1
f 1327/168/1 1316/168/1 1326/168/1
f 1330/90/1 1318/90/1 1317/90/1
f 1331/90/1 1318/90/1 1330/90/1
f 1332/150/1 1320/150/1 1319/150/1
f 1333/150/1 1320/150/1 1332/150/1
f 1334/37/1 1322/37/1 1321/37/1
f 1335/37/1 1322/37/1 1334/37/1
f 1336/68/1 1324/68/1 1323/68/1
f 1337/166/1 1325/166/1 1324/166/1
f 1337/68/1 1324/68/1 1336/68/1
f 1338/220/1 1326/220/1 1325/220/1
f 1338/166/1 1325/166/1 1337/166/1
f 1339/220/1 1326/220/1 1338/220/1
f 1340/172/1 1329/172/1 1328/172/1
f 1341/172/1 1329/172/1 1340/172/1
f 1342/217/1 1331/217/1 1330/217/1
f 1343/217/1 1331/217/1 1342/217/1
f 1344/201/1 1333/201/1 1332/201/1
f 1345/201/1 1333/201/1 1344/201/1
f 1346/4/1 1341/4/1 1340/4/1
f 1347/4/1 1341/4/1 1346/4/1
f 1348/75/1 1343/75/1 1342/75/1
f 1349/75/1 1343/75/1 1348/75/1
f 1351/190/1 1345/190/1 1344/190/1
f 1352/190/1 1345/190/1 1351/190/1
f 1357/252/1 1347/252/1 1346/252/1
f 1358/252/1 1347/252/1 1357/252/1
f 1359/118/1 1349/118/1 1348/118/1
f 1360/32/1 1350/32/1 1349/32/1
f 1360/118/1 1349/118/1 1359/118/1
f 1361/4/1 1351/4/1 1350/4/1
f 1361/32/1 1350/32/1 1360/32/1
f 1362/178/1 1352/178/1 1351/178/1
f 1362/4/1 1351/4/1 1361/4/1
f 1363/178/1 1352/178/1 1362/178/1
f 1364/184/1 1354/184/1 1353/184/1
f 1365/184/1 1354/184/1 1364/184/1
f 1366/86/1 1356/86/1 1355/86/1
f 1367/86/1 1356/86/1 1366/86/1
f 1368/225/1 1358/225/1 1357/225/1
f 1369/225/1 1358/225/1 1368/225/1
f 1370/164/1 1363/164/1 1362/164/1
f 1371/164/1 1363/164/1 1370/164/1
f 1372/3/1 1365/3/1 1364/3/1
f 1373/3/1 1365/3/1 1372/3/1
f 1374/120/1 1367/120/1 1366/120/1
f 1375/120/1 1367/120/1 1374/120/1
f 1376/34/1 1369/34/1 1368/34/1
f 1377/34/1 1369/34/1 1376/34/1
f 1380/13/1 1371/13/1 1370/13/1
f 1381/13/1 1371/13/1 1380/13/1
f 1382/138/1 1373/138/1 1372/138/1
f 1383/138/1 1373/138/1 1382/138/1
f 1386/11/1 1375/11/1 1374/11/1
f 1387/11/1 1375/11/1 1386/11/1
f 1388/251/1 1377/251/1 1376/251/1
f 1389/251/1 1377/251/1 1388/251/1
f 1390/37/1 1379/37/1 1378/37/1
f 1391/37/1 1379/37/1 1390/37/1
f 1394/216/1 1383/216/1 1382/216/1
f 1395/184/1 1384/184/1 1383/184/1
f 1395/216/1 1383/216/1 1394/216/1
f 1396/174/1 1385/174/1 1384/174/1
f 1396/184/1 1384/184/1 1395/184/1
f 1397/174/1 1385/174/1 1396/174/1
f 1398/47/1 1389/47/1 1388/47/1
f 1399/47/1 1389/47/1 1398/47/1
f 1400/88/1 1391/88/1 1390/88/1
f 1401/88/1 1391/88/1 1400/88/1
f 1402/196/1 1393/196/1 1392/196/1
f 1403/196/1 1393/196/1 1402/196/1
f 1404/155/1 1399/155/1 1398/155/1
f 1405/155/1 1399/155/1 1404/155/1
f 1407/57/1 1401/57/1 1400/57/1
f 1408/57/1 1401/57/1 1407/57/1
f 1409/130/1 1403/130/1 1402/130/1
f 1410/130/1 1403/130/1 1409/130/1
f 1415/70/1 1405/70/1 1404/70/1
f 1416/143/1 1406/143/1 1405/143/1
f 1416/70/1 1405/70/1 1415/70/1
f 1417/245/1 1407/245/1 1406/245/1
f 1417/143/1 1406/143/1 1416/143/1
f 1418/245/1 1407/245/1 1417/245/1
f 1419/103/1 1412/103/1 1411/103/1
f 1420/103/1 1412/103/1 1419/103/1
f 1421/154/1 1414/154/1 1413/154/1
f 1422/154/1 1414/154/1 1421/154/1
f 1438/142/1 1424/142/1 1423/142/1
f 1439/142/1 1424/142/1 1438/142/1
f 1440/102/1 1426/102/1 1425/102/1
f 1441/167/1 1427/167/1 1426/167/1
f 1441/102/1 1426/102/1 1440/102/1
f 1442/28/1 1428/28/1 1427/28/1
f 1442/167/1 1427/167/1 1441/167/1
f 1443/145/1 1429/145/1 1428/145/1
f 1443/28/1 1428/28/1 1442/28/1
f 1444/145/1 1429/145/1 1443/145/1
f 1445/59/1 1431/59/1 1430/59/1
f 1446/162/1 1432/162/1 1431/162/1
f 1446/59/1 1431/59/1 1445/59/1
f 1447/235/1 1433/235/1 1432/235/1
f 1447/162/1 1432/162/1 1446/162/1
f 1448/235/1 1433/235/1 1447/235/1
f 1450/210/1 1435/210/1 1434/210/1
f 1451/189/1 1436/189/1 1435/189/1
f 1451/210/1 1435/210/1 1450/210/1
f 1452/53/1 1437/53/1 1436/53/1
f 1452/189/1 1436/189/1 1451/189/1
f 1453/53/1 1437/53/1 1452/53/1
f 1454/237/1 1439/237/1 1438/237/1
f 1455/237/1 1439/237/1 1454/237/1
f 1456/211/1 1444/211/1 1443/211/1
f 1457/211/1 1444/211/1 1456/211/1
f 1458/191/1 1449/191/1 1448/191/1
f 1459/191/1 1449/191/1 1458/191/1
f 1460/234/1 1455/234/1 1454/234/1
f 1461/234/1 1455/234/1 1460/234/1
f 1465/149/1 1457/149/1 1456/149/1
f 1466/149/1 1457/149/1 1465/149/1
f 1471/217/1 1459/217/1 1458/217/1
f 1472/217/1 1459/217/1 1471/217/1
f 1476/88/1 1463/88/1 1462/88/1
f 1477/139/1 1464/139/1 1463/139/1
f 1477/88/1 1463/88/1 1476/88/1
f 1478/244/1 1465/244/1 1464/244/1
f 1478/139/1 1464/139/1 1477/139/1
f 1479/50/1 1466/50/1 1465/50/1
f 1479/244/1 1465/244/1 1478/244/1
f 1480/39/1 1467/39/1 1466/39/1
f 1480/50/1 1466/50/1 1479/50/1
f 1481/1/1 1468/1/1 1467/1/1
f 1481/39/1 1467/39/1 1480/39/1
f 1482/78/1 1469/78/1 1468/78/1
f 1482/1/1 1468/1/1 1481/1/1
f 1483/178/1 1470/178/1 1469/178/1
f 1483/78/1 1469/78/1 1482/78/1
f 1484/202/1 1471/202/1 1470/202/1
f 1484/178/1 1470/178/1 1483/178/1
f 1485/94/1 1472/94/1 1471/94/1
f 1485/202/1 1471/202/1 1484/202/1
f 1486/13/1 1473/13/1 1472/13/1
f 1486/94/1 1472/94/1 1485/94/1
f 1487/31/1 1474/31/1 1473/31/1
f 1487/13/1 1473/13/1 1486/13/1
f 1488/224/1 1475/224/1 1474/224/1
f 1488/31/1 1474/31/1 1487/31/1
f 1489/224/1 1475/224/1 1488/224/1
f 1490/141/1 1480/141/1 1479/141/1
f 1491/141/1 1480/141/1 1490/141/1
f 1492/102/1 1486/102/1 1485/102/1
f 1493/102/1 1486/102/1 1492/102/1
f 1497/226/1 1491/226/1 1490/226/1
f 1498/226/1 1491/226/1 1497/226/1
f 1502/113/1 1493/113/1 1492/113/1
f 1503/113/1 1493/113/1 1502/113/1
f 1506/89/1 1495/89/1 1494/89/1
f 1507/231/1 1496/231/1 1495/231/1
f 1507/89/1 1495/89/1 1506/89/1
f 1508/231/1 1496/231/1 1507/231/1
f 1509/93/1 1499/93/1 1498/93/1
f 1510/222/1 1500/222/1 1499/222/1
f 1510/93/1 1499/93/1 1509/93/1
f 1511/160/1 1501/160/1 1500/160/1
f 1511/222/1 1500/222/1 1510/222/1
f 1512/160/1 1501/160/1 1511/160/1
f 1513/118/1 1505/118/1 1504/118/1
f 1514/118/1 1505/118/1 1513/118/1
f 1515/194/1 1514/194/1 1513/194/1
f 1516/194/1 1514/194/1 1515/194/1
f 1528/75/1 1516/75/1 1515/75/1
f 1529/75/1 1516/75/1 1528/75/1
f 1532/114/1 1518/114/1 1517/114/1
f 1533/110/1 1519/110/1 1518/110/1
f 1533/114/1 1518/114/1 1532/114/1
f 1534/64/1 1520/64/1 1519/64/1
f 1534/110/1 1519/110/1 1533/110/1
f 1535/64/1 1520/64/1 1534/64/1
f 1536/31/1 1522/31/1 1521/31/1
f 1537/64/1 1523/64/1 1522/64/1
f 1537/31/1 1522/31/1 1536/31/1
f 1538/22/1 1524/22/1 1523/22/1
f 1538/64/1 1523/64/1 1537/64/1
f 1539/203/1 1525/203/1 1524/203/1
f 1539/22/1 1524/22/1 1538/22/1
f 1540/203/1 1525/203/1 1539/203/1
f 1542/230/1 1527/230/1 1526/230/1
f 1543/159/1 1528/159/1 1527/159/1
f 1543/230/1 1527/230/1 1542/230/1
f 1544/81/1 1529/81/1 1528/81/1
f 1544/159/1 1528/159/1 1543/159/1
f 1545/81/1 1529/81/1 1544/81/1
f 1546/220/1 1531/220/1 1530/220/1
f 1547/220/1 1531/220/1 1546/220/1
f 1548/216/1 1533/216/1 1532/216/1
f 1549/216/1 1533/216/1 1548/216/1
f 1550/192/1 1537/192/1 1536/192/1
f 1551/192/1 1537/192/1 1550/192/1
f 1552/112/1 1542/112/1 1541/112/1
f 1553/112/1 1542/112/1 1552/112/1
f 1554/249/1 1547/249/1 1546/249/1
f 1555/249/1 1547/249/1 1554/249/1
f 1556/144/1 1549/144/1 1548/144/1
f 1557/144/1 1549/144/1 1556/144/1
f 1561/253/1 1551/253/1 1550/253/1
f 1562/253/1 1551/253/1 1561/253/1
f 1566/188/1 1553/188/1 1552/188/1
f 1567/188/1 1553/188/1 1566/188/1
f 1571/119/1 1555/119/1 1554/119/1
f 1572/119/1 1555/119/1 1571/119/1
f 1573/176/1 1557/176/1 1556/176/1
f 1574/203/1 1558/203/1 1557/203/1
f 1574/176/1 1557/176/1 1573/176/1
f 1575/246/1 1559/246/1 1558/246/1
f 1575/203/1 1558/203/1 1574/203/1
f 1576/74/1 1560/74/1 1559/74/1
f 1576/246/1 1559/246/1 1575/246/1
f 1577/74/1 1560/74/1 1576/74/1
f 1578/9/1 1563/9/1 1562/9/1
f 1579/28/1 1564/28/1 1563/28/1
f 1579/9/1 1563/9/1 1578/9/1
f 1580/205/1 1565/205/1 1564/205/1
f 1580/28/1 1564/28/1 1579/28/1
f 1581/205/1 1565/205/1 1580/205/1
f 1582/145/1 1567/145/1 1566/145/1
f 1583/51/1 1568/51/1 1567/51/1
f 1583/145/1 1567/145/1 1582/145/1
f 1584/120/1 1569/120/1 1568/120/1
f 1584/51/1 1568/51/1 1583/51/1
f 1585/241/1 1570/241/1 1569/241/1
f 1585/120/1 1569/120/1 1584/120/1
f 1586/241/1 1570/241/1 1585/241/1
f 1587/89/1 1581/89/1 1580/89/1
f 1588/89/1 1581/89/1 1587/89/1
f 1589/28/1 1586/28/1 1585/28/1
f 1590/28/1 1586/28/1 1589/28/1
f 1597/83/1 1588/83/1 1587/83/1
f 1598/83/1 1588/83/1 1597/83/1
f 1602/81/1 1590/81/1 1589/81/1
f 1603/81/1 1590/81/1 1602/81/1
f 1607/53/1 1592/53/1 1591/53/1
f 1608/183/1 1593/183/1 1592/183/1
f 1608/53/1 1592/53/1 1607/53/1
f 1609/185/1 1594/185/1 1593/185/1
f 1609/183/1 1593/183/1 1608/183/1
f 1610/202/1 1595/202/1 1594/202/1
f 1610/185/1 1594/185/1 1609/185/1
f 1611/82/1 1596/82/1 1595/82/1
f 1611/202/1 1595/202/1 1610/202/1
f 1612/113/1 1597/113/1 1596/113/1
f 1612/82/1 1596/82/1 1611/82/1
f 1613/252/1 1598/252/1 1597/252/1
f 1613/113/1 1597/113/1 1612/113/1
f 1614/233/1 1599/233/1 1598/233/1
f 1614/252/1 1598/252/1 1613/252/1
f 1615/230/1 1600/230/1 1599/230/1
f 1615/233/1 1599/233/1 1614/233/1
f 1616/110/1 1601/110/1 1600/110/1
f 1616/230/1 1600/230/1 1615/230/1
f 1617/110/1 1601/110/1 1616/110/1
f 1618/26/1 1604/26/1 1603/26/1
f 1619/204/1 1605/204/1 1604/204/1
f 1619/26/1 1604/26/1 1618/26/1
f 1620/209/1 1606/209/1 1605/209/1
f 1620/204/1 1605/204/1 1619/204/1
f 1621/209/1 1606/209/1 1620/209/1
f 1622/251/1 1608/251/1 1607/251/1
f 1623/251/1 1608/251/1 1622/251/1
f 1624/85/1 1617/85/1 1616/85/1
f 1625/85/1 1617/85/1 1624/85/1
f 1626/12/1 1623/12/1 1622/12/1
f 1627/12/1 1623/12/1 1626/12/1
f 1633/148/1 1625/148/1 1624/148/1
f 1634/148/1 1625/148/1 1633/148/1
f 1641/190/1 1627/190/1 1626/190/1
f 1642/202/1 1628/202/1 1627/202/1
f 1642/190/1 1627/190/1 1641/190/1
f 1643/201/1 1629/201/1 1628/201/1
f 1643/202/1 1628/202/1 1642/202/1
f 1644/11/1 1630/11/1 1629/11/1
f 1644/201/1 1629/201/1 1643/201/1
f 1645/101/1 1631/101/1 1630/101/1
f 1645/11/1 1630/11/1 1644/11/1
f 1646/213/1 1632/213/1 1631/213/1
f 1646/101/1 1631/101/1 1645/101/1
f 1647/213/1 1632/213/1 1646/213/1
f 1648/28/1 1634/28/1 1633/28/1
f 1649/75/1 1635/75/1 1634/75/1
f 1649/28/1 1634/28/1 1648/28/1
f 1650/24/1 1636/24/1 1635/24/1
f 1650/75/1 1635/75/1 1649/75/1
f 1651/24/1 1636/24/1 1650/24/1
f 1652/93/1 1638/93/1 1637/93/1
f 1653/40/1 1639/40/1 1638/40/1
f 1653/93/1 1638/93/1 1652/93/1
f 1654/79/1 1640/79/1 1639/79/1
f 1654/40/1 1639/40/1 1653/40/1
f 1655/79/1 1640/79/1 1654/79/1
f 1656/16/2 1657/16/2 1673/16/2
f 1657/21/2 1658/21/2 1674/21/2
f 1673/16/2 1657/16/2 1674/16/2
f 1658/199/2 1659/199/2 1675/199/2
f 1674/21/2 1658/21/2 1675/21/2
f 1659/173/2 1660/173/2 1676/173/2
f 1675/199/2 1659/199/2 1676/199/2
f 1660/130/2 1661/130/2 1677/130/2
f 1676/173/2 1660/173/2 1677/173/2
f 1661/215/2 1662/215/2 1678/215/2
f 1677/130/2 1661/130/2 1678/130/2
f 1678/215/2 1662/215/2 1679/215/2
f 1663/24/2 1664/24/2 1680/24/2
f 1664/22/2 1665/22/2 1681/22/2
f 1680/24/2 1664/24/2 1681/24/2
f 1665/196/2 1666/196/2 1682/196/2
f 1681/22/2 1665/22/2 1682/22/2
f 1666/194/2 1667/194/2 1683/194/2
f 1682/196/2 1666/196/2 1683/196/2
f 1667/13/2 1668/13/2 1684/13/2
f 1683/194/2 1667/194/2 1684/194/2
f 1684/13/2 1668/13/2 1685/13/2
f 1669/174/2 1670/174/2 1686/174/2
f 1670/170/2 1671/170/2 1687/170/2
f 1686/174/2 1670/174/2 1687/174/2
f 1671/181/2 1672/181/2 1688/181/2
f 1687/170/2 1671/170/2 1688/170/2
f 1688/181/2 1672/181/2 1689/181/2
f 1682/144/2 1683/144/2 1690/144/2
f 1690/144/2 1683/144/2 1691/144/2
f 1686/148/2 1687/148/2 1692/148/2
f 1692/148/2 1687/148/2 1693/148/2
f 1690/204/2 1691/204/2 1703/204/2
f 1703/204/2 1691/204/2 1704/204/2
f 1692/6/2 1693/6/2 1709/6/2
f 1709/6/2 1693/6/2 1710/6/2
f 1694/229/2 1695/229/2 1714/229/2
f 1695/44/2 1696/44/2 1715/44/2
f 1714/229/2 1695/229/2 1715/229/2
f 1696/130/2 1697/130/2 1716/130/2
f 1715/44/2 1696/44/2 1716/44/2
f 1697/237/2 1698/237/2 1717/237/2
f 1716/130/2 1697/130/2 1717/130/2
f 1698/71/2 1699/71/2 1718/71/2
f 1717/237/2 1698/237/2 1718/237/2
f 1699/110/2 1700/110/2 1719/110/2
f 1718/71/2 1699/71/2 1719/71/2
f 1700/196/2 1701/196/2 1720/196/2
f 1719/110/2 1700/110/2 1720/110/2
f 1701/233/2 1702/233/2 1721/233/2
f 1720/196/2 1701/196/2 1721/196/2
f 1702/245/2 1703/245/2 1722/245/2
f 1721/233/2 1702/233/2 1722/233/2
f 1722/245/2 1703/245/2 1723/245/2
f 1704/194/2 1705/194/2 1724/194/2
f 1705/208/2 1706/208/2 1725/208/2
f 1724/194/2 1705/194/2 1725/194/2
f 1725/208/2 1706/208/2 1726/208/2
f 1707/126/2 1708/126/2 1727/126/2
f 1708/107/2 1709/107/2 1728/107/2
f 1727/126/2 1708/126/2 1728/126/2
f 1709/136/2 1710/136/2 1729/136/2
f 1728/107/2 1709/107/2 1729/107/2
f 1710/172/2 1711/172/2 1730/172/2
f 1729/136/2 1710/136/2 1730/136/2
f 1711/112/2 1712/112/2 1731/112/2
f 1730/172/2 1711/172/2 1731/172/2
f 1712/204/2 1713/204/2 1732/204/2
f 1731/112/2 1712/112/2 1732/112/2
f 1732/204/2 1713/204/2 1733/204/2
f 1723/122/2 1724/122/2 1734/122/2
f 1734/122/2 1724/122/2 1735/122/2
f 1734/2/2 1735/2/2 1741/2/2
f 1741/2/2 1735/2/2 1742/2/2
f 1736/219/2 1737/219/2 1749/219/2
f 1749/219/2 1737/219/2 1750/219/2
f 1738/141/2 1739/141/2 1751/141/2
f 1739/117/2 1740/117/2 1752/117/2
f 1751/141/2 1739/141/2 1752/141/2
f 1740/3/2 1741/3/2 1753/3/2
f 1752/117/2 1740/117/2 1753/117/2
f 1741/127/2 1742/127/2 1754/127/2
f 1753/3/2 1741/3/2 1754/3/2
f 1742/14/2 1743/14/2 1755/14/2
f 1754/127/2 1742/127/2 1755/127/2
f 1743/199/2 1744/199/2 1756/199/2
f 1755/14/2 1743/14/2 1756/14/2
f 1756/199/2 1744/199/2 1757/199/2
f 1745/46/2 1746/46/2 1758/46/2
f 1758/46/2 1746/46/2 1759/46/2
f 1747/186/2 1748/186/2 1760/186/2
f 1760/186/2 1748/186/2 1761/186/2
f 1749/128/2 1750/128/2 1762/128/2
f 1762/128/2 1750/128/2 1763/128/2
f 1758/116/2 1759/116/2 1764/116/2
f 1764/116/2 1759/116/2 1765/116/2
f 1760/112/2 1761/112/2 1766/112/2
f 1766/112/2 1761/112/2 1767/112/2
f 1762/113/2 1763/113/2 1768/113/2
f 1768/113/2 1763/113/2 1769/113/2
f 1764/157/2 1765/157/2 1776/157/2
f 1776/157/2 1765/157/2 1777/157/2
f 1766/81/2 1767/81/2 1778/81/2
f 1778/81/2 1767/81/2 1779/81/2
f 1768/64/2 1769/64/2 1782/64/2
f 1782/64/2 1769/64/2 1783/64/2
f 1770/89/2 1771/89/2 1784/89/2
f 1771/28/2 1772/28/2 1785/28/2
f 1784/89/2 1771/89/2 1785/89/2
f 1772/134/2 1773/134/2 1786/134/2
f 1785/28/2 1772/28/2 1786/28/2
f 1786/134/2 1773/134/2 1787/134/2
f 1774/238/2 1775/238/2 1789/238/2
f 1789/238/2 1775/238/2 1790/238/2
f 1776/58/2 1777/58/2 1791/58/2
f 1791/58/2 1777/58/2 1792/58/2
f 1778/178/2 1779/178/2 1793/178/2
f 1793/178/2 1779/178/2 1794/178/2
f 1780/145/2 1781/145/2 1795/145/2
f 1795/145/2 1781/145/2 1796/145/2
f 1782/198/2 1783/198/2 1797/198/2
f 1797/198/2 1783/198/2 1798/198/2
f 1784/77/2 1785/77/2 1799/77/2
f 1799/77/2 1785/77/2 1800/77/2
f 1787/89/2 1788/89/2 1801/89/2
f 1801/89/2 1788/89/2 1802/89/2
f 1789/253/2 1790/253/2 1803/253/2
f 1803/253/2 1790/253/2 1804/253/2
f 1791/20/2 1792/20/2 1805/20/2
f 1805/20/2 1792/20/2 1806/20/2
f 1793/214/2 1794/214/2 1807/214/2
f 1807/214/2 1794/214/2 1808/214/2
f 1795/75/2 1796/75/2 1809/75/2
f 1809/75/2 1796/75/2 1810/75/2
f 1797/222/2 1798/222/2 1811/222/2
f 1811/222/2 1798/222/2 1812/222/2
f 1799/172/2 1800/172/2 1814/172/2
f 1814/172/2 1800/172/2 1815/172/2
f 1801/130/2 1802/130/2 1816/130/2
f 1816/130/2 1802/130/2 1817/130/2
f 1803/198/2 1804/198/2 1818/198/2
f 1818/198/2 1804/198/2 1819/198/2
f 1805/145/2 1806/145/2 1821/145/2
f 1821/145/2 1806/145/2 1822/145/2
f 1807/233/2 1808/233/2 1824/233/2
f 1824/233/2 1808/233/2 1825/233/2
f 1809/12/2 1810/12/2 1826/12/2
f 1826/12/2 1810/12/2 1827/12/2
f 1812/200/2 1813/200/2 1828/200/2
f 1813/253/2 1814/253/2 1829/253/2
f 1828/200/2 1813/200/2 1829/200/2
f 1814/81/2 1815/81/2 1830/81/2
f 1829/253/2 1814/253/2 1830/253/2
f 1830/81/2 1815/81/2 1831/81/2
f 1816/208/2 1817/208/2 1832/208/2
f 1832/208/2 1817/208/2 1833/208/2
f 1818/172/2 1819/172/2 1834/172/2
f 1819/68/2 1820/68/2 1835/68/2
f 1834/172/2 1819/172/2 1835/172/2
f 1820/29/2 1821/29/2 1836/29/2
f 1835/68/2 1820/68/2 1836/68/2
f 1821/16/2 1822/16/2 1837/16/2
f 1836/29/2 1821/29/2 1837/29/2
f 1822/111/2 1823/111/2 1838/111/2
f 1837/16/2 1822/16/2 1838/16/2
f 1823/112/2 1824/112/2 1839/112/2
f 1838/111/2 1823/111/2 1839/111/2
f 1839/112/2 1824/112/2 1840/112/2
f 1837/76/2 1838/76/2 1842/76/2
f 1842/76/2 1838/76/2 1843/76/2
f 1840/215/2 1841/215/2 1844/215/2
f 1844/215/2 1841/215/2 1845/215/2
f 1842/90/2 1843/90/2 1860/90/2
f 1860/90/2 1843/90/2 1861/90/2
f 1844/9/2 1845/9/2 1862/9/2
f 1862/9/2 1845/9/2 1863/9/2
f 1846/210/2 1847/210/2 1864/210/2
f 1847/184/2 1848/184/2 1865/184/2
f 1864/210/2 1847/210/2 1865/210/2
f 1848/206/2 1849/206/2 1866/206/2
f 1865/184/2 1848/184/2 1866/184/2
f 1849/222/2 1850/222/2 1867/222/2
f 1866/206/2 1849/206/2 1867/206/2
f 1850/182/2 1851/182/2 1868/182/2
f 1867/222/2 1850/222/2 1868/222/2
f 1851/93/2 1852/93/2 1869/93/2
f 1868/182/2 1851/182/2 1869/182/2
f 1852/239/2 1853/239/2 1870/239/2
f 1869/93/2 1852/93/2 1870/93/2
f 1870/239/2 1853/239/2 1871/239/2
f 1854/210/2 1855/210/2 1872/210/2
f 1855/104/2 1856/104/2 1873/104/2
f 1872/210/2 1855/210/2 1873/210/2
f 1856/246/2 1857/246/2 1874/246/2
f 1873/104/2 1856/104/2 1874/104/2
f 1857/95/2 1858/95/2 1875/95/2
f 1874/246/2 1857/246/2 1875/246/2
f 1858/166/2 1859/166/2 1876/166/2
f 1875/95/2 1858/95/2 1876/95/2
f 1859/78/2 1860/78/2 1877/78/2
f 1876/166/2 1859/166/2 1877/166/2
f 1860/207/2 1861/207/2 1878/207/2
f 1877/78/2 1860/78/2 1878/78/2
f 1878/207/2 1861/207/2 1879/207/2
f 1862/47/2 1863/47/2 1880/47/2
f 1880/47/2 1863/47/2 1881/47/2
f 1864/71/2 1865/71/2 1882/71/2
f 1882/71/2 1865/71/2 1883/71/2
f 1867/35/2 1868/35/2 1884/35/2
f 1884/35/2 1868/35/2 1885/35/2
f 1875/103/2 1876/103/2 1886/103/2
f 1886/103/2 1876/103/2 1887/103/2
f 1880/45/2 1881/45/2 1888/45/2
f 1888/45/2 1881/45/2 1889/45/2
f 1882/9/2 1883/9/2 1890/9/2
f 1890/9/2 1883/9/2 1891/9/2
f 1884/31/2 1885/31/2 1892/31/2
f 1892/31/2 1885/31/2 1893/31/2
f 1886/111/2 1887/111/2 1896/111/2
f 1896/111/2 1887/111/2 1897/111/2
f 1888/130/2 1889/130/2 1900/130/2
f 1900/130/2 1889/130/2 1901/130/2
f 1890/238/2 1891/238/2 1902/238/2
f 1902/238/2 1891/238/2 1903/238/2
f 1892/107/2 1893/107/2 1904/107/2
f 1893/113/2 1894/113/2 1905/113/2
f 1904/107/2 1893/107/2 1905/107/2
f 1894/16/2 1895/16/2 1906/16/2
f 1905/113/2 1894/113/2 1906/113/2
f 1906/16/2 1895/16/2 1907/16/2
f 1896/154/2 1897/154/2 1908/154/2
f 1908/154/2 1897/154/2 1909/154/2
f 1898/53/2 1899/53/2 1910/53/2
f 1899/84/2 1900/84/2 1911/84/2
f 1910/53/2 1899/53/2 1911/53/2
f 1900/126/2 1901/126/2 1912/126/2
f 1911/84/2 1900/84/2 1912/84/2
f 1912/126/2 1901/126/2 1913/126/2
f 1914/2/2 1915/2/2 1926/2/2
f 1915/63/2 1916/63/2 1927/63/2
f 1926/2/2 1915/2/2 1927/2/2
f 1916/47/2 1917/47/2 1928/47/2
f 1927/63/2 1916/63/2 1928/63/2
f 1928/47/2 1917/47/2 1929/47/2
f 1918/47/2 1919/47/2 1930/47/2
f 1930/47/2 1919/47/2 1931/47/2
f 1920/87/2 1921/87/2 1932/87/2
f 1932/87/2 1921/87/2 1933/87/2
f 1922/35/2 1923/35/2 1934/35/2
f 1923/107/2 1924/107/2 1935/107/2
f 1934/35/2 1923/35/2 1935/35/2
f 1924/26/2 1925/26/2 1936/26/2
f 1935/107/2 1924/107/2 1936/107/2
f 1936/26/2 1925/26/2 1937/26/2
f 1926/22/2 1927/22/2 1938/22/2
f 1938/22/2 1927/22/2 1939/22/2
f 1930/188/2 1931/188/2 1940/188/2
f 1940/188/2 1931/188/2 1941/188/2
f 1938/234/2 1939/234/2 1944/234/2
f 1944/234/2 1939/234/2 1945/234/2
f 1940/143/2 1941/143/2 1946/143/2
f 1946/143/2 1941/143/2 1947/143/2
f 1942/251/2 1943/251/2 1954/251/2
f 1954/251/2 1943/251/2 1955/251/2
f 1944/36/2 1945/36/2 1956/36/2
f 1956/36/2 1945/36/2 1957/36/2
f 1946/253/2 1947/253/2 1960/253/2
f 1960/253/2 1947/253/2 1961/253/2
f 1948/159/2 1949/159/2 1962/159/2
f 1962/159/2 1949/159/2 1963/159/2
f 1950/8/2 1951/8/2 1964/8/2
f 1964/8/2 1951/8/2 1965/8/2
f 1952/82/2 1953/82/2 1966/82/2
f 1966/82/2 1953/82/2 1967/82/2
f 1954/66/2 1955/66/2 1968/66/2
f 1968/66/2 1955/66/2 1969/66/2
f 1958/35/2 1959/35/2 1970/35/2
f 1970/35/2 1959/35/2 1971/35/2
f 1964/157/2 1965/157/2 1972/157/2
f 1972/157/2 1965/157/2 1973/157/2
f 1966/236/2 1967/236/2 1974/236/2
f 1974/236/2 1967/236/2 1975/236/2
f 1968/52/2 1969/52/2 1976/52/2
f 1976/52/2 1969/52/2 1977/52/2
f 1970/58/2 1971/58/2 1981/58/2
f 1981/58/2 1971/58/2 1982/58/2
f 1972/21/2 1973/21/2 1990/21/2
f 1990/21/2 1973/21/2 1991/21/2
f 1974/124/2 1975/124/2 1992/124/2
f 1992/124/2 1975/124/2 1993/124/2
f 1976/63/2 1977/63/2 1994/63/2
f 1994/63/2 1977/63/2 1995/63/2
f 1978/20/2 1979/20/2 1996/20/2
f 1979/200/2 1980/200/2 1997/200/2
f 1996/20/2 1979/20/2 1997/20/2
f 1980/64/2 1981/64/2 1998/64/2
f 1997/200/2 1980/200/2 1998/200/2
f 1981/40/2 1982/40/2 1999/40/2
f 1998/64/2 1981/64/2 1999/64/2
f 1982/185/2 1983/185/2 2000/185/2
f 1999/40/2 1982/40/2 2000/40/2
f 1983/78/2 1984/78/2 2001/78/2
f 2000/185/2 1983/185/2 2001/185/2
f 1984/146/2 1985/146/2 2002/146/2
f 2001/78/2 1984/78/2 2002/78/2
f 1985/142/2 1986/142/2 2003/142/2
f 2002/146/2 1985/146/2 2003/146/2
f 1986/99/2 1987/99/2 2004/99/2
f 2003/142/2 1986/142/2 2004/142/2
f 2004/99/2 1987/99/2 2005/99/2
f 1988/178/2 1989/178/2 2006/178/2
f 1989/211/2 1990/211/2 2007/211/2
f 2006/178/2 1989/178/2 2007/178/2
f 2007/211/2 1990/211/2 2008/211/2
f 1992/200/2 1993/200/2 2010/200/2
f 2010/200/2 1993/200/2 2011/200/2
f 2002/154/2 2003/154/2 2012/154/2
f 2012/154/2 2003/154/2 2013/154/2
f 2008/217/2 2009/217/2 2014/217/2
f 2014/217/2 2009/217/2 2015/217/2
f 2010/178/2 2011/178/2 2016/178/2
f 2016/178/2 2011/178/2 2017/178/2
f 1994/97/2 1995/97/2 2018/97/2
f 2018/97/2 1995/97/2 2019/97/2
f 2012/108/2 2013/108/2 2024/108/2
f 2024/108/2 2013/108/2 2025/108/2
f 2014/7/2 2015/7/2 2028/7/2
f 2028/7/2 2015/7/2 2029/7/2
f 2016/1/2 2017/1/2 2030/1/2
f 2030/1/2 2017/1/2 2031/1/2
f 2018/81/2 2019/81/2 2032/81/2
f 2032/81/2 2019/81/2 2033/81/2
f 2020/94/2 2021/94/2 2034/94/2
f 2021/179/2 2022/179/2 2035/179/2
f 2034/94/2 2021/94/2 2035/94/2
f 2022/33/2 2023/33/2 2036/33/2
f 2035/179/2 2022/179/2 2036/179/2
f 2036/33/2 2023/33/2 2037/33/2
f 2024/15/2 2025/15/2 2038/15/2
f 2038/15/2 2025/15/2 2039/15/2
f 2026/201/2 2027/201/2 2041/201/2
f 2027/88/2 2028/88/2 2042/88/2
f 2041/201/2 2027/201/2 2042/201/2
f 2042/88/2 2028/88/2 2043/88/2
f 2030/102/2 2031/102/2 2045/102/2
f 2045/102/2 2031/102/2 2046/102/2
f 2032/130/2 2033/130/2 2047/130/2
f 2047/130/2 2033/130/2 2048/130/2
f 2036/23/2 2037/23/2 2049/23/2
f 2049/23/2 2037/23/2 2050/23/2
f 2040/216/2 2041/216/2 2051/216/2
f 2051/216/2 2041/216/2 2052/216/2
f 2043/94/2 2044/94/2 2053/94/2
f 2053/94/2 2044/94/2 2054/94/2
f 2045/55/2 2046/55/2 2055/55/2
f 2055/55/2 2046/55/2 2056/55/2
f 2047/200/2 2048/200/2 2057/200/2
f 2057/200/2 2048/200/2 2058/200/2
f 2049/171/2 2050/171/2 2061/171/2
f 2061/171/2 2050/171/2 2062/171/2
f 2051/224/2 2052/224/2 2067/224/2
f 2067/224/2 2052/224/2 2068/224/2
f 2053/176/2 2054/176/2 2069/176/2
f 2069/176/2 2054/176/2 2070/176/2
f 2055/246/2 2056/246/2 2072/246/2
f 2072/246/2 2056/246/2 2073/246/2
f 2057/148/2 2058/148/2 2074/148/2
f 2058/146/2 2059/146/2 2075/146/2
f 2074/148/2 2058/148/2 2075/148/2
f 2059/20/2 2060/20/2 2076/20/2
f 2075/146/2 2059/146/2 2076/146/2
f 2076/20/2 2060/20/2 2077/20/2
f 2062/117/2 2063/117/2 2078/117/2
f 2063/116/2 2064/116/2 2079/116/2
f 2078/117/2 2063/117/2 2079/117/2
f 2064/41/2 2065/41/2 2080/41/2
f 2079/116/2 2064/116/2 2080/116/2
f 2065/248/2 2066/248/2 2081/248/2
f 2080/41/2 2065/41/2 2081/41/2
f 2066/126/2 2067/126/2 2082/126/2
f 2081/248/2 2066/248/2 2082/248/2
f 2082/126/2 2067/126/2 2083/126/2
f 2069/113/2 2070/113/2 2085/113/2
f 2070/210/2 2071/210/2 2086/210/2
f 2085/113/2 2070/113/2 2086/113/2
f 2071/151/2 2072/151/2 2087/151/2
f 2086/210/2 2071/210/2 2087/210/2
f 2087/151/2 2072/151/2 2088/151/2
f 2083/241/2 2084/241/2 2090/241/2
f 2090/241/2 2084/241/2 2091/241/2
f 2085/172/2 2086/172/2 2092/172/2
f 2092/172/2 2086/172/2 2093/172/2
f 2088/187/2 2089/187/2 2094/187/2
f 2094/187/2 2089/187/2 2095/187/2
f 2090/156/2 2091/156/2 2106/156/2
f 2106/156/2 2091/156/2 2107/156/2
f 2092/14/2 2093/14/2 2108/14/2
f 2108/14/2 2093/14/2 2109/14/2
f 2094/250/2 2095/250/2 2110/250/2
f 2110/250/2 2095/250/2 2111/250/2
f 2096/135/2 2097/135/2 2112/135/2
f 2097/227/2 2098/227/2 2113/227/2
f 2112/135/2 2097/135/2 2113/135/2
f 2098/158/2 2099/158/2 2114/158/2
f 2113/227/2 2098/227/2 2114/227/2
f 2114/158/2 2099/158/2 2115/158/2
f 2100/89/2 2101/89/2 2116/89/2
f 2101/177/2 2102/177/2 2117/177/2
f 2116/89/2 2101/89/2 2117/89/2
f 2102/202/2 2103/202/2 2118/202/2
f 2117/177/2 2102/177/2 2118/177/2
f 2103/224/2 2104/224/2 2119/224/2
f 2118/202/2 2103/202/2 2119/202/2
f 2104/169/2 2105/169/2 2120/169/2
f 2119/224/2 2104/224/2 2120/224/2
f 2105/18/2 2106/18/2 2121/18/2
f 2120/169/2 2105/169/2 2121/169/2
f 2106/189/2 2107/189/2 2122/189/2
f 2121/18/2 2106/18/2 2122/18/2
f 2122/189/2 2107/189/2 2123/189/2
f 2108/16/2 2109/16/2 2124/16/2
f 2124/16/2 2109/16/2 2125/16/2
f 2126/140/2 2127/140/2 2128/140/2
f 2128/140/2 2127/140/2 2129/140/2
f 2128/160/2 2129/160/2 2141/160/2
f 2141/160/2 2129/160/2 2142/160/2
f 2130/237/2 2131/237/2 2143/237/2
f 2131/158/2 2132/158/2 2144/158/2
f 2143/237/2 2131/237/2 2144/237/2
f 2132/247/2 2133/247/2 2145/247/2
f 2144/158/2 2132/158/2 2145/158/2
f 2145/247/2 2133/247/2 2146/247/2
f 2134/25/2 2135/25/2 2147/25/2
f 2135/37/2 2136/37/2 2148/37/2
f 2147/25/2 2135/25/2 2148/25/2
f 2136/118/2 2137/118/2 2149/118/2
f 2148/37/2 2136/37/2 2149/37/2
f 2137/62/2 2138/62/2 2150/62/2
f 2149/118/2 2137/118/2 2150/118/2
f 2138/209/2 2139/209/2 2151/209/2
f 2150/62/2 2138/62/2 2151/62/2
f 2139/158/2 2140/158/2 2152/158/2
f 2151/209/2 2139/209/2 2152/209/2
f 2152/158/2 2140/158/2 2153/158/2
f 2141/178/2 2142/178/2 2154/178/2
f 2154/178/2 2142/178/2 2155/178/2
f 2156/87/2 2157/87/2 2171/87/2
f 2157/168/2 2158/168/2 2172/168/2
f 2171/87/2 2157/87/2 2172/87/2
f 2158/241/2 2159/241/2 2173/241/2
f 2172/168/2 2158/168/2 2173/168/2
f 2159/247/2 2160/247/2 2174/247/2
f 2173/241/2 2159/241/2 2174/241/2
f 2160/51/2 2161/51/2 2175/51/2
f 2174/247/2 2160/247/2 2175/247/2
f 2161/155/2 2162/155/2 2176/155/2
f 2175/51/2 2161/51/2 2176/51/2
f 2162/91/2 2163/91/2 2177/91/2
f 2176/155/2 2162/155/2 2177/155/2
f 2177/91/2 2163/91/2 2178/91/2
f 2164/152/2 2165/152/2 2179/152/2
f 2165/19/2 2166/19/2 2180/19/2
f 2179/152/2 2165/152/2 2180/152/2
f 2166/139/2 2167/139/2 2181/139/2
f 2180/19/2 2166/19/2 2181/19/2
f 2167/170/2 2168/170/2 2182/170/2
f 2181/139/2 2167/139/2 2182/139/2
f 2168/151/2 2169/151/2 2183/151/2
f 2182/170/2 2168/170/2 2183/170/2
f 2169/108/2 2170/108/2 2184/108/2
f 2183/151/2 2169/151/2 2184/151/2
f 2184/108/2 2170/108/2 2185/108/2
f 2174/126/2 2175/126/2 2188/126/2
f 2188/126/2 2175/126/2 2189/126/2
f 2186/216/2 2187/216/2 2190/216/2
f 2190/216/2 2187/216/2 2191/216/2
f 2188/80/2 2189/80/2 2195/80/2
f 2195/80/2 2189/80/2 2196/80/2
f 2190/65/2 2191/65/2 2207/65/2
f 2207/65/2 2191/65/2 2208/65/2
f 2192/33/2 2193/33/2 2209/33/2
f 2193/205/2 2194/205/2 2210/205/2
f 2209/33/2 2193/33/2 2210/33/2
f 2194/212/2 2195/212/2 2211/212/2
f 2210/205/2 2194/205/2 2211/205/2
f 2211/212/2 2195/212/2 2212/212/2
f 2197/8/2 2198/8/2 2214/8/2
f 2198/220/2 2199/220/2 2215/220/2
f 2214/8/2 2198/8/2 2215/8/2
f 2199/13/2 2200/13/2 2216/13/2
f 2215/220/2 2199/220/2 2216/220/2
f 2200/32/2 2201/32/2 2217/32/2
f 2216/13/2 2200/13/2 2217/13/2
f 2217/32/2 2201/32/2 2218/32/2
f 2202/246/2 2203/246/2 2220/246/2
f 2203/193/2 2204/193/2 2221/193/2
f 2220/246/2 2203/246/2 2221/246/2
f 2204/215/2 2205/215/2 2222/215/2
f 2221/193/2 2204/193/2 2222/193/2
f 2205/109/2 2206/109/2 2223/109/2
f 2222/215/2 2205/215/2 2223/215/2
f 2206/184/2 2207/184/2 2224/184/2
f 2223/109/2 2206/109/2 2224/109/2
f 2207/247/2 2208/247/2 2225/247/2
f 2224/184/2 2207/184/2 2225/184/2
f 2225/247/2 2208/247/2 2226/247/2
f 2212/99/2 2213/99/2 2227/99/2
f 2227/99/2 2213/99/2 2228/99/2
f 2219/245/2 2220/245/2 2229/245/2
f 2229/245/2 2220/245/2 2230/245/2
f 2227/219/2 2228/219/2 2231/219/2
f 2231/219/2 2228/219/2 2232/219/2
f 2229/126/2 2230/126/2 2238/126/2
f 2238/126/2 2230/126/2 2239/126/2
f 2231/82/2 2232/82/2 2242/82/2
f 2242/82/2 2232/82/2 2243/82/2
f 2233/148/2 2234/148/2 2244/148/2
f 2234/60/2 2235/60/2 2245/60/2
f 2244/148/2 2234/148/2 2245/148/2
f 2235/250/2 2236/250/2 2246/250/2
f 2245/60/2 2235/60/2 2246/60/2
f 2236/205/2 2237/205/2 2247/205/2
f 2246/250/2 2236/250/2 2247/250/2
f 2247/205/2 2237/205/2 2248/205/2
f 2238/215/2 2239/215/2 2249/215/2
f 2249/215/2 2239/215/2 2250/215/2
f 2240/17/2 2241/17/2 2251/17/2
f 2251/17/2 2241/17/2 2252/17/2
f 2244/208/2 2245/208/2 2253/208/2
f 2253/208/2 2245/208/2 2254/208/2
f 2247/248/2 2248/248/2 2255/248/2
f 2255/248/2 2248/248/2 2256/248/2
f 2253/129/2 2254/129/2 2261/129/2
f 2261/129/2 2254/129/2 2262/129/2
f 2255/116/2 2256/116/2 2263/116/2
f 2263/116/2 2256/116/2 2264/116/2
f 2257/80/2 2258/80/2 2270/80/2
f 2258/232/2 2259/232/2 2271/232/2
f 2270/80/2 2258/80/2 2271/80/2
f 2259/103/2 2260/103/2 2272/103/2
f 2271/232/2 2259/232/2 2272/232/2
f 2272/103/2 2260/103/2 2273/103/2
f 2261/55/2 2262/55/2 2274/55/2
f 2274/55/2 2262/55/2 2275/55/2
f 2263/236/2 2264/236/2 2276/236/2
f 2264/158/2 2265/158/2 2277/158/2
f 2276/236/2 2264/236/2 2277/236/2
f 2265/83/2 2266/83/2 2278/83/2
f 2277/158/2 2265/158/2 2278/158/2
f 2266/229/2 2267/229/2 2279/229/2
f 2278/83/2 2266/83/2 2279/83/2
f 2279/229/2 2267/229/2 2280/229/2
f 2268/111/2 2269/111/2 2281/111/2
f 2281/111/2 2269/111/2 2282/111/2
f 2283/43/2 2284/43/2 2285/43/2
f 2285/43/2 2284/43/2 2286/43/2
f 2285/70/2 2286/70/2 2301/70/2
f 2301/70/2 2286/70/2 2302/70/2
f 2287/171/2 2288/171/2 2303/171/2
f 2288/46/2 2289/46/2 2304/46/2
f 2303/171/2 2288/171/2 2304/171/2
f 2289/204/2 2290/204/2 2305/204/2
f 2304/46/2 2289/46/2 2305/46/2
f 2290/221/2 2291/221/2 2306/221/2
f 2305/204/2 2290/204/2 2306/204/2
f 2306/221/2 2291/221/2 2307/221/2
f 2292/52/2 2293/52/2 2308/52/2
f 2308/52/2 2293/52/2 2309/52/2
f 2294/165/2 2295/165/2 2310/165/2
f 2295/123/2 2296/123/2 2311/123/2
f 2310/165/2 2295/165/2 2311/165/2
f 2296/22/2 2297/22/2 2312/22/2
f 2311/123/2 2296/123/2 2312/123/2
f 2297/239/2 2298/239/2 2313/239/2
f 2312/22/2 2297/22/2 2313/22/2
f 2313/239/2 2298/239/2 2314/239/2
f 2299/199/2 2300/199/2 2315/199/2
f 2300/35/2 2301/35/2 2316/35/2
f 2315/199/2 2300/199/2 2316/199/2
f 2301/218/2 2302/218/2 2317/218/2
f 2316/35/2 2301/35/2 2317/35/2
f 2317/218/2 2302/218/2 2318/218/2
f 2303/80/2 2304/80/2 2319/80/2
f 2319/80/2 2304/80/2 2320/80/2
f 2306/56/2 2307/56/2 2321/56/2
f 2321/56/2 2307/56/2 2322/56/2
f 2308/109/2 2309/109/2 2323/109/2
f 2323/109/2 2309/109/2 2324/109/2
f 2313/243/2 2314/243/2 2325/243/2
f 2325/243/2 2314/243/2 2326/243/2
f 2319/246/2 2320/246/2 2327/246/2
f 2327/246/2 2320/246/2 2328/246/2
f 2321/162/2 2322/162/2 2329/162/2
f 2329/162/2 2322/162/2 2330/162/2
f 2323/13/2 2324/13/2 2331/13/2
f 2331/13/2 2324/13/2 2332/13/2
f 2325/162/2 2326/162/2 2333/162/2
f 2333/162/2 2326/162/2 2334/162/2
f 2327/145/2 2328/145/2 2340/145/2
f 2340/145/2 2328/145/2 2341/145/2
f 2329/219/2 2330/219/2 2342/219/2
f 2342/219/2 2330/219/2 2343/219/2
f 2335/188/2 2336/188/2 2346/188/2
f 2336/9/2 2337/9/2 2347/9/2
f 2346/188/2 2336/188/2 2347/188/2
f 2337/203/2 2338/203/2 2348/203/2
f 2347/9/2 2337/9/2 2348/9/2
f 2338/230/2 2339/230/2 2349/230/2
f 2348/203/2 2338/203/2 2349/203/2
f 2349/230/2 2339/230/2 2350/230/2
f 2340/252/2 2341/252/2 2351/252/2
f 2351/252/2 2341/252/2 2352/252/2
f 2344/172/2 2345/172/2 2353/172/2
f 2353/172/2 2345/172/2 2354/172/2
f 2351/113/2 2352/113/2 2355/113/2
f 2355/113/2 2352/113/2 2356/113/2
f 2353/119/2 2354/119/2 2361/119/2
f 2361/119/2 2354/119/2 2362/119/2
f 2355/253/2 2356/253/2 2370/253/2
f 2370/253/2 2356/253/2 2371/253/2
f 2357/71/2 2358/71/2 2372/71/2
f 2358/197/2 2359/197/2 2373/197/2
f 2372/71/2 2358/71/2 2373/71/2
f 2359/182/2 2360/182/2 2374/182/2
f 2373/197/2 2359/197/2 2374/197/2
f 2374/182/2 2360/182/2 2375/182/2
f 2361/122/2 2362/122/2 2376/122/2
f 2376/122/2 2362/122/2 2377/122/2
f 2363/184/2 2364/184/2 2378/184/2
f 2364/49/2 2365/49/2 2379/49/2
f 2378/184/2 2364/184/2 2379/184/2
f 2365/79/2 2366/79/2 2380/79/2
f 2379/49/2 2365/49/2 2380/49/2
f 2366/124/2 2367/124/2 2381/124/2
f 2380/79/2 2366/79/2 2381/79/2
f 2367/188/2 2368/188/2 2382/188/2
f 2381/124/2 2367/124/2 2382/124/2
f 2368/78/2 2369/78/2 2383/78/2
f 2382/188/2 2368/188/2 2383/188/2
f 2383/78/2 2369/78/2 2384/78/2
f 2385/250/2 2386/250/2 2396/250/2
f 2386/84/2 2387/84/2 2397/84/2
f 2396/250/2 2386/250/2 2397/250/2
f 2387/29/2 2388/29/2 2398/29/2
f 2397/84/2 2387/84/2 2398/84/2
f 2398/29/2 2388/29/2 2399/29/2
f 2389/126/2 2390/126/2 2401/126/2
f 2401/126/2 2390/126/2 2402/126/2
f 2391/150/2 2392/150/2 2403/150/2
f 2392/78/2 2393/78/2 2404/78/2
f 2403/150/2 2392/150/2 2404/150/2
f 2393/186/2 2394/186/2 2405/186/2
f 2404/78/2 2393/78/2 2405/78/2
f 2394/29/2 2395/29/2 2406/29/2
f 2405/186/2 2394/186/2 2406/186/2
f 2406/29/2 2395/29/2 2407/29/2
f 2399/236/2 2400/236/2 2408/236/2
f 2408/236/2 2400/236/2 2409/236/2
f 2401/223/2 2402/223/2 2410/223/2
f 2410/223/2 2402/223/2 2411/223/2
f 2406/168/2 2407/168/2 2412/168/2
f 2412/168/2 2407/168/2 2413/168/2
f 2408/127/2 2409/127/2 2417/127/2
f 2417/127/2 2409/127/2 2418/127/2
f 2410/16/2 2411/16/2 2422/16/2
f 2422/16/2 2411/16/2 2423/16/2
f 2412/79/2 2413/79/2 2427/79/2
f 2427/79/2 2413/79/2 2428/79/2
f 2414/2/2 2415/2/2 2431/2/2
f 2415/166/2 2416/166/2 2432/166/2
f 2431/2/2 2415/2/2 2432/2/2
f 2416/82/2 2417/82/2 2433/82/2
f 2432/166/2 2416/166/2 2433/166/2
f 2417/184/2 2418/184/2 2434/184/2
f 2433/82/2 2417/82/2 2434/82/2
f 2434/184/2 2418/184/2 2435/184/2
f 2419/15/2 2420/15/2 2436/15/2
f 2420/5/2 2421/5/2 2437/5/2
f 2436/15/2 2420/15/2 2437/15/2
f 2421/54/2 2422/54/2 2438/54/2
f 2437/5/2 2421/5/2 2438/5/2
f 2438/54/2 2422/54/2 2439/54/2
f 2423/168/2 2424/168/2 2440/168/2
f 2424/205/2 2425/205/2 2441/205/2
f 2440/168/2 2424/168/2 2441/168/2
f 2425/249/2 2426/249/2 2442/249/2
f 2441/205/2 2425/205/2 2442/205/2
f 2442/249/2 2426/249/2 2443/249/2
f 2427/113/2 2428/113/2 2444/113/2
f 2428/235/2 2429/235/2 2445/235/2
f 2444/113/2 2428/113/2 2445/113/2
f 2429/70/2 2430/70/2 2446/70/2
f 2445/235/2 2429/235/2 2446/235/2
f 2446/70/2 2430/70/2 2447/70/2
f 2447/29/2 2448/29/2 2449/29/2
f 2449/29/2 2448/29/2 2450/29/2
f 2449/241/2 2450/241/2 2466/241/2
f 2466/241/2 2450/241/2 2467/241/2
f 2451/78/2 2452/78/2 2468/78/2
f 2468/78/2 2452/78/2 2469/78/2
f 2453/240/2 2454/240/2 2471/240/2
f 2454/236/2 2455/236/2 2472/236/2
f 2471/240/2 2454/240/2 2472/240/2
f 2472/236/2 2455/236/2 2473/236/2
f 2456/106/2 2457/106/2 2474/106/2
f 2457/3/2 2458/3/2 2475/3/2
f 2474/106/2 2457/106/2 2475/106/2
f 2458/100/2 2459/100/2 2476/100/2
f 2475/3/2 2458/3/2 2476/3/2
f 2459/14/2 2460/14/2 2477/14/2
f 2476/100/2 2459/100/2 2477/100/2
f 2460/157/2 2461/157/2 2478/157/2
f 2477/14/2 2460/14/2 2478/14/2
f 2461/213/2 2462/213/2 2479/213/2
f 2478/157/2 2461/157/2 2479/157/2
f 2462/208/2 2463/208/2 2480/208/2
f 2479/213/2 2462/213/2 2480/213/2
f 2463/219/2 2464/219/2 2481/219/2
f 2480/208/2 2463/208/2 2481/208/2
f 2464/127/2 2465/127/2 2482/127/2
f 2481/219/2 2464/219/2 2482/219/2
f 2482/127/2 2465/127/2 2483/127/2
f 2466/230/2 2467/230/2 2484/230/2
f 2484/230/2 2467/230/2 2485/230/2
f 2468/223/2 2469/223/2 2486/223/2
f 2486/223/2 2469/223/2 2487/223/2
f 2470/116/2 2471/116/2 2488/116/2
f 2488/116/2 2471/116/2 2489/116/2
f 2482/190/2 2483/190/2 2490/190/2
f 2490/190/2 2483/190/2 2491/190/2
f 2486/71/2 2487/71/2 2492/71/2
f 2492/71/2 2487/71/2 2493/71/2
f 2488/68/2 2489/68/2 2494/68/2
f 2494/68/2 2489/68/2 2495/68/2
f 2490/126/2 2491/126/2 2504/126/2
f 2504/126/2 2491/126/2 2505/126/2
f 2492/7/2 2493/7/2 2509/7/2
f 2509/7/2 2493/7/2 2510/7/2
f 2495/18/2 2496/18/2 2512/18/2
f 2496/16/2 2497/16/2 2513/16/2
f 2512/18/2 2496/18/2 2513/18/2
f 2497/18/2 2498/18/2 2514/18/2
f 2513/16/2 2497/16/2 2514/16/2
f 2514/18/2 2498/18/2 2515/18/2
f 2499/61/2 2500/61/2 2516/61/2
f 2500/172/2 2501/172/2 2517/172/2
f 2516/61/2 2500/61/2 2517/61/2
f 2501/5/2 2502/5/2 2518/5/2
f 2517/172/2 2501/172/2 2518/172/2
f 2502/97/2 2503/97/2 2519/97/2
f 2518/5/2 2502/5/2 2519/5/2
f 2503/15/2 2504/15/2 2520/15/2
f 2519/97/2 2503/97/2 2520/97/2
f 2520/15/2 2504/15/2 2521/15/2
f 2505/199/2 2506/199/2 2522/199/2
f 2506/36/2 2507/36/2 2523/36/2
f 2522/199/2 2506/199/2 2523/199/2
f 2507/119/2 2508/119/2 2524/119/2
f 2523/36/2 2507/36/2 2524/36/2
f 2524/119/2 2508/119/2 2525/119/2
f 2511/207/2 2512/207/2 2526/207/2
f 2526/207/2 2512/207/2 2527/207/2
f 2514/9/2 2515/9/2 2528/9/2
f 2528/9/2 2515/9/2 2529/9/2
f 2524/132/2 2525/132/2 2530/132/2
f 2530/132/2 2525/132/2 2531/132/2
f 2526/90/2 2527/90/2 2535/90/2
f 2535/90/2 2527/90/2 2536/90/2
f 2528/55/2 2529/55/2 2537/55/2
f 2537/55/2 2529/55/2 2538/55/2
f 2530/229/2 2531/229/2 2547/229/2
f 2547/229/2 2531/229/2 2548/229/2
f 2532/187/2 2533/187/2 2549/187/2
f 2533/209/2 2534/209/2 2550/209/2
f 2549/187/2 2533/187/2 2550/187/2
f 2534/221/2 2535/221/2 2551/221/2
f 2550/209/2 2534/209/2 2551/209/2
f 2535/130/2 2536/130/2 2552/130/2
f 2551/221/2 2535/221/2 2552/221/2
f 2552/130/2 2536/130/2 2553/130/2
f 2537/178/2 2538/178/2 2554/178/2
f 2538/4/2 2539/4/2 2555/4/2
f 2554/178/2 2538/178/2 2555/178/2
f 2539/12/2 2540/12/2 2556/12/2
f 2555/4/2 2539/4/2 2556/4/2
f 2540/180/2 2541/180/2 2557/180/2
f 2556/12/2 2540/12/2 2557/12/2
f 2557/180/2 2541/180/2 2558/180/2
f 2542/61/2 2543/61/2 2559/61/2
f 2543/251/2 2544/251/2 2560/251/2
f 2559/61/2 2543/61/2 2560/61/2
f 2544/23/2 2545/23/2 2561/23/2
f 2560/251/2 2544/251/2 2561/251/2
f 2545/99/2 2546/99/2 2562/99/2
f 2561/23/2 2545/23/2 2562/23/2
f 2562/99/2 2546/99/2 2563/99/2
f 2547/10/2 2548/10/2 2564/10/2
f 2564/10/2 2548/10/2 2565/10/2
f 2549/12/2 2550/12/2 2566/12/2
f 2566/12/2 2550/12/2 2567/12/2
f 2562/149/2 2563/149/2 2568/149/2
f 2568/149/2 2563/149/2 2569/149/2
f 2564/3/2 2565/3/2 2570/3/2
f 2570/3/2 2565/3/2 2571/3/2
f 2566/225/2 2567/225/2 2572/225/2
f 2572/225/2 2567/225/2 2573/225/2
f 2568/172/2 2569/172/2 2583/172/2
f 2583/172/2 2569/172/2 2584/172/2
f 2570/239/2 2571/239/2 2585/239/2
f 2585/239/2 2571/239/2 2586/239/2
f 2573/184/2 2574/184/2 2587/184/2
f 2574/66/2 2575/66/2 2588/66/2
f 2587/184/2 2574/184/2 2588/184/2
f 2575/33/2 2576/33/2 2589/33/2
f 2588/66/2 2575/66/2 2589/66/2
f 2589/33/2 2576/33/2 2590/33/2
f 2577/53/2 2578/53/2 2591/53/2
f 2591/53/2 2578/53/2 2592/53/2
f 2579/201/2 2580/201/2 2593/201/2
f 2593/201/2 2580/201/2 2594/201/2
f 2581/90/2 2582/90/2 2595/90/2
f 2595/90/2 2582/90/2 2596/90/2
f 2583/133/2 2584/133/2 2597/133/2
f 2597/133/2 2584/133/2 2598/133/2
f 2589/229/2 2590/229/2 2601/229/2
f 2601/229/2 2590/229/2 2602/229/2
f 2591/148/2 2592/148/2 2603/148/2
f 2603/148/2 2592/148/2 2604/148/2
f 2595/47/2 2596/47/2 2605/47/2
f 2605/47/2 2596/47/2 2606/47/2
f 2599/236/2 2600/236/2 2607/236/2
f 2607/236/2 2600/236/2 2608/236/2
f 2601/250/2 2602/250/2 2609/250/2
f 2609/250/2 2602/250/2 2610/250/2
f 2603/154/2 2604/154/2 2611/154/2
f 2611/154/2 2604/154/2 2612/154/2
f 2605/19/2 2606/19/2 2616/19/2
f 2616/19/2 2606/19/2 2617/19/2
f 2607/203/2 2608/203/2 2620/203/2
f 2620/203/2 2608/203/2 2621/203/2
f 2609/160/2 2610/160/2 2622/160/2
f 2622/160/2 2610/160/2 2623/160/2
f 2613/70/2 2614/70/2 2624/70/2
f 2614/119/2 2615/119/2 2625/119/2
f 2624/70/2 2614/70/2 2625/70/2
f 2615/102/2 2616/102/2 2626/102/2
f 2625/119/2 2615/119/2 2626/119/2
f 2616/78/2 2617/78/2 2627/78/2
f 2626/102/2 2616/102/2 2627/102/2
f 2627/78/2 2617/78/2 2628/78/2
f 2618/126/2 2619/126/2 2629/126/2
f 2619/44/2 2620/44/2 2630/44/2
f 2629/126/2 2619/126/2 2630/126/2
f 2620/78/2 2621/78/2 2631/78/2
f 2630/44/2 2620/44/2 2631/44/2
f 2631/78/2 2621/78/2 2632/78/2
f 2633/72/2 2634/72/2 2647/72/2
f 2634/182/2 2635/182/2 2648/182/2
f 2647/72/2 2634/72/2 2648/72/2
f 2635/213/2 2636/213/2 2649/213/2
f 2648/182/2 2635/182/2 2649/182/2
f 2636/83/2 2637/83/2 2650/83/2
f 2649/213/2 2636/213/2 2650/213/2
f 2650/83/2 2637/83/2 2651/83/2
f 2638/21/2 2639/21/2 2654/21/2
f 2639/7/2 2640/7/2 2655/7/2
f 2654/21/2 2639/21/2 2655/21/2
f 2640/189/2 2641/189/2 2656/189/2
f 2655/7/2 2640/7/2 2656/7/2
f 2641/58/2 2642/58/2 2657/58/2
f 2656/189/2 2641/189/2 2657/189/2
f 2657/58/2 2642/58/2 2658/58/2
f 2643/119/2 2644/119/2 2659/119/2
f 2644/198/2 2645/198/2 2660/198/2
f 2659/119/2 2644/119/2 2660/119/2
f 2645/183/2 2646/183/2 2661/183/2
f 2660/198/2 2645/198/2 2661/198/2
f 2661/183/2 2646/183/2 2662/183/2
f 2652/182/2 2653/182/2 2663/182/2
f 2663/182/2 2653/182/2 2664/182/2
f 2654/70/2 2655/70/2 2665/70/2
f 2665/70/2 2655/70/2 2666/70/2
f 2657/6/2 2658/6/2 2667/6/2
f 2667/6/2 2658/6/2 2668/6/2
f 2663/21/2 2664/21/2 2675/21/2
f 2675/21/2 2664/21/2 2676/21/2
f 2665/141/2 2666/141/2 2677/141/2
f 2677/141/2 2666/141/2 2678/141/2
f 2667/143/2 2668/143/2 2679/143/2
f 2679/143/2 2668/143/2 2680/143/2
f 2669/38/2 2670/38/2 2685/38/2
f 2670/111/2 2671/111/2 2686/111/2
f 2685/38/2 2670/38/2 2686/38/2
f 2671/231/2 2672/231/2 2687/231/2
f 2686/111/2 2671/111/2 2687/111/2
f 2672/186/2 2673/186/2 2688/186/2
f 2687/231/2 2672/231/2 2688/231/2
f 2673/56/2 2674/56/2 2689/56/2
f 2688/186/2 2673/186/2 2689/186/2
f 2674/85/2 2675/85/2 2690/85/2
f 2689/56/2 2674/56/2 2690/56/2
f 2675/52/2 2676/52/2 2691/52/2
f 2690/85/2 2675/85/2 2691/85/2
f 2691/52/2 2676/52/2 2692/52/2
f 2677/96/2 2678/96/2 2693/96/2
f 2693/96/2 2678/96/2 2694/96/2
f 2679/24/2 2680/24/2 2695/24/2
f 2695/24/2 2680/24/2 2696/24/2
f 2681/76/2 2682/76/2 2697/76/2
f 2682/164/2 2683/164/2 2698/164/2
f 2697/76/2 2682/76/2 2698/76/2
f 2683/201/2 2684/201/2 2699/201/2
f 2698/164/2 2683/164/2 2699/164/2
f 2699/201/2 2684/201/2 2700/201/2
f 2693/21/2 2694/21/2 2701/21/2
f 2701/21/2 2694/21/2 2702/21/2
f 2701/82/2 2702/82/2 2709/82/2
f 2709/82/2 2702/82/2 2710/82/2
f 2703/120/2 2704/120/2 2717/120/2
f 2704/149/2 2705/149/2 2718/149/2
f 2717/120/2 2704/120/2 2718/120/2
f 2705/193/2 2706/193/2 2719/193/2
f 2718/149/2 2705/149/2 2719/149/2
f 2719/193/2 2706/193/2 2720/193/2
f 2707/154/2 2708/154/2 2721/154/2
f 2721/154/2 2708/154/2 2722/154/2
f 2711/88/2 2712/88/2 2723/88/2
f 2712/220/2 2713/220/2 2724/220/2
f 2723/88/2 2712/88/2 2724/88/2
f 2713/160/2 2714/160/2 2725/160/2
f 2724/220/2 2713/220/2 2725/220/2
f 2725/160/2 2714/160/2 2726/160/2
f 2715/121/2 2716/121/2 2728/121/2
f 2728/121/2 2716/121/2 2729/121/2
f 2723/137/2 2724/137/2 2730/137/2
f 2730/137/2 2724/137/2 2731/137/2
f 2726/110/2 2727/110/2 2732/110/2
f 2732/110/2 2727/110/2 2733/110/2
f 2728/247/2 2729/247/2 2734/247/2
f 2734/247/2 2729/247/2 2735/247/2
f 2730/72/2 2731/72/2 2742/72/2
f 2742/72/2 2731/72/2 2743/72/2
f 2732/90/2 2733/90/2 2744/90/2
f 2744/90/2 2733/90/2 2745/90/2
f 2734/145/2 2735/145/2 2746/145/2
f 2746/145/2 2735/145/2 2747/145/2
f 2736/7/2 2737/7/2 2748/7/2
f 2748/7/2 2737/7/2 2749/7/2
f 2738/105/2 2739/105/2 2750/105/2
f 2739/242/2 2740/242/2 2751/242/2
f 2750/105/2 2739/105/2 2751/105/2
f 2740/27/2 2741/27/2 2752/27/2
f 2751/242/2 2740/242/2 2752/242/2
f 2752/27/2 2741/27/2 2753/27/2
f 2742/147/2 2743/147/2 2754/147/2
f 2754/147/2 2743/147/2 2755/147/2
f 2744/45/2 2745/45/2 2756/45/2
f 2756/45/2 2745/45/2 2757/45/2
f 2756/229/2 2757/229/2 2760/229/2
f 2760/229/2 2757/229/2 2761/229/2
f 2758/253/2 2759/253/2 2762/253/2
f 2762/253/2 2759/253/2 2763/253/2
f 2760/219/2 2761/219/2 2775/219/2
f 2775/219/2 2761/219/2 2776/219/2
f 2762/245/2 2763/245/2 2777/245/2
f 2777/245/2 2763/245/2 2778/245/2
f 2764/23/2 2765/23/2 2779/23/2
f 2765/198/2 2766/198/2 2780/198/2
f 2779/23/2 2765/23/2 2780/23/2
f 2766/119/2 2767/119/2 2781/119/2
f 2780/198/2 2766/198/2 2781/198/2
f 2767/223/2 2768/223/2 2782/223/2
f 2781/119/2 2767/119/2 2782/119/2
f 2782/223/2 2768/223/2 2783/223/2
f 2769/63/2 2770/63/2 2784/63/2
f 2784/63/2 2770/63/2 2785/63/2
f 2771/160/2 2772/160/2 2786/160/2
f 2786/160/2 2772/160/2 2787/160/2
f 2773/248/2 2774/248/2 2788/248/2
f 2774/203/2 2775/203/2 2789/203/2
f 2788/248/2 2774/248/2 2789/248/2
f 2775/61/2 2776/61/2 2790/61/2
f 2789/203/2 2775/203/2 2790/203/2
f 2790/61/2 2776/61/2 2791/61/2
f 2782/84/2 2783/84/2 2794/84/2
f 2794/84/2 2783/84/2 2795/84/2
f 2784/221/2 2785/221/2 2796/221/2
f 2796/221/2 2785/221/2 2797/221/2
f 2786/105/2 2787/105/2 2798/105/2
f 2798/105/2 2787/105/2 2799/105/2
f 2792/146/2 2793/146/2 2800/146/2
f 2800/146/2 2793/146/2 2801/146/2
f 2794/147/2 2795/147/2 2804/147/2
f 2804/147/2 2795/147/2 2805/147/2
f 2796/47/2 2797/47/2 2806/47/2
f 2806/47/2 2797/47/2 2807/47/2
f 2798/97/2 2799/97/2 2808/97/2
f 2808/97/2 2799/97/2 2809/97/2
f 2800/137/2 2801/137/2 2815/137/2
f 2815/137/2 2801/137/2 2816/137/2
f 2802/216/2 2803/216/2 2817/216/2
f 2817/216/2 2803/216/2 2818/216/2
f 2804/100/2 2805/100/2 2819/100/2
f 2819/100/2 2805/100/2 2820/100/2
f 2808/134/2 2809/134/2 2821/134/2
f 2809/127/2 2810/127/2 2822/127/2
f 2821/134/2 2809/134/2 2822/134/2
f 2810/90/2 2811/90/2 2823/90/2
f 2822/127/2 2810/127/2 2823/127/2
f 2823/90/2 2811/90/2 2824/90/2
f 2812/147/2 2813/147/2 2825/147/2
f 2813/227/2 2814/227/2 2826/227/2
f 2825/147/2 2813/147/2 2826/147/2
f 2826/227/2 2814/227/2 2827/227/2
f 2819/178/2 2820/178/2 2831/178/2
f 2831/178/2 2820/178/2 2832/178/2
f 2827/32/2 2828/32/2 2833/32/2
f 2833/32/2 2828/32/2 2834/32/2
f 2829/136/2 2830/136/2 2835/136/2
f 2835/136/2 2830/136/2 2836/136/2
f 2831/77/2 2832/77/2 2840/77/2
f 2840/77/2 2832/77/2 2841/77/2
f 2833/207/2 2834/207/2 2850/207/2
f 2850/207/2 2834/207/2 2851/207/2
f 2835/141/2 2836/141/2 2852/141/2
f 2852/141/2 2836/141/2 2853/141/2
f 2837/96/2 2838/96/2 2854/96/2
f 2838/216/2 2839/216/2 2855/216/2
f 2854/96/2 2838/96/2 2855/96/2
f 2839/117/2 2840/117/2 2856/117/2
f 2855/216/2 2839/216/2 2856/216/2
f 2856/117/2 2840/117/2 2857/117/2
f 2841/77/2 2842/77/2 2858/77/2
f 2842/3/2 2843/3/2 2859/3/2
f 2858/77/2 2842/77/2 2859/77/2
f 2859/3/2 2843/3/2 2860/3/2
f 2844/79/2 2845/79/2 2861/79/2
f 2845/223/2 2846/223/2 2862/223/2
f 2861/79/2 2845/79/2 2862/79/2
f 2846/129/2 2847/129/2 2863/129/2
f 2862/223/2 2846/223/2 2863/223/2
f 2863/129/2 2847/129/2 2864/129/2
f 2848/151/2 2849/151/2 2865/151/2
f 2849/114/2 2850/114/2 2866/114/2
f 2865/151/2 2849/151/2 2866/151/2
f 2850/49/2 2851/49/2 2867/49/2
f 2866/114/2 2850/114/2 2867/114/2
f 2867/49/2 2851/49/2 2868/49/2
f 2869/10/2 2870/10/2 2886/10/2
f 2870/220/2 2871/220/2 2887/220/2
f 2886/10/2 2870/10/2 2887/10/2
f 2871/190/2 2872/190/2 2888/190/2
f 2887/220/2 2871/220/2 2888/220/2
f 2872/99/2 2873/99/2 2889/99/2
f 2888/190/2 2872/190/2 2889/190/2
f 2873/164/2 2874/164/2 2890/164/2
f 2889/99/2 2873/99/2 2890/99/2
f 2874/215/2 2875/215/2 2891/215/2
f 2890/164/2 2874/164/2 2891/164/2
f 2875/96/2 2876/96/2 2892/96/2
f 2891/215/2 2875/215/2 2892/215/2
f 2876/1/2 2877/1/2 2893/1/2
f 2892/96/2 2876/96/2 2893/96/2
f 2877/115/2 2878/115/2 2894/115/2
f 2893/1/2 2877/1/2 2894/1/2
f 2878/243/2 2879/243/2 2895/243/2
f 2894/115/2 2878/115/2 2895/115/2
f 2879/29/2 2880/29/2 2896/29/2
f 2895/243/2 2879/243/2 2896/243/2
f 2880/123/2 2881/123/2 2897/123/2
f 2896/29/2 2880/29/2 2897/29/2
f 2897/123/2 2881/123/2 2898/123/2
f 2882/148/2 2883/148/2 2899/148/2
f 2883/51/2 2884/51/2 2900/51/2
f 2899/148/2 2883/148/2 2900/148/2
f 2884/33/2 2885/33/2 2901/33/2
f 2900/51/2 2884/51/2 2901/51/2
f 2901/33/2 2885/33/2 2902/33/2
f 2895/191/2 2896/191/2 2903/191/2
f 2903/191/2 2896/191/2 2904/191/2
f 2901/212/2 2902/212/2 2905/212/2
f 2905/212/2 2902/212/2 2906/212/2
f 2903/149/2 2904/149/2 2914/149/2
f 2914/149/2 2904/149/2 2915/149/2
f 2905/214/2 2906/214/2 2919/214/2
f 2919/214/2 2906/214/2 2920/214/2
f 2907/152/2 2908/152/2 2921/152/2
f 2908/22/2 2909/22/2 2922/22/2
f 2921/152/2 2908/152/2 2922/152/2
f 2909/180/2 2910/180/2 2923/180/2
f 2922/22/2 2909/22/2 2923/22/2
f 2923/180/2 2910/180/2 2924/180/2
f 2911/53/2 2912/53/2 2925/53/2
f 2912/107/2 2913/107/2 2926/107/2
f 2925/53/2 2912/53/2 2926/53/2
f 2913/231/2 2914/231/2 2927/231/2
f 2926/107/2 2913/107/2 2927/107/2
f 2914/132/2 2915/132/2 2928/132/2
f 2927/231/2 2914/231/2 2928/231/2
f 2928/132/2 2915/132/2 2929/132/2
f 2916/235/2 2917/235/2 2930/235/2
f 2917/109/2 2918/109/2 2931/109/2
f 2930/235/2 2917/235/2 2931/235/2
f 2918/147/2 2919/147/2 2932/147/2
f 2931/109/2 2918/109/2 2932/109/2
f 2919/22/2 2920/22/2 2933/22/2
f 2932/147/2 2919/147/2 2933/147/2
f 2933/22/2 2920/22/2 2934/22/2
f 2923/185/2 2924/185/2 2937/185/2
f 2937/185/2 2924/185/2 2938/185/2
f 2935/243/2 2936/243/2 2939/243/2
f 2939/243/2 2936/243/2 2940/243/2
f 2937/82/2 2938/82/2 2941/82/2
f 2941/82/2 2938/82/2 2942/82/2
f 2939/180/2 2940/180/2 2947/180/2
f 2947/180/2 2940/180/2 2948/180/2
f 2943/37/2 2944/37/2 2949/37/2
f 2949/37/2 2944/37/2 2950/37/2
f 2945/161/2 2946/161/2 2951/161/2
f 2951/161/2 2946/161/2 2952/161/2
f 2953/131/2 2954/131/2 2955/131/2
f 2955/131/2 2954/131/2 2956/131/2
f 2955/168/2 2956/168/2 2966/168/2
f 2966/168/2 2956/168/2 2967/168/2
f 2957/97/2 2958/97/2 2968/97/2
f 2968/97/2 2958/97/2 2969/97/2
f 2959/150/2 2960/150/2 2972/150/2
f 2972/150/2 2960/150/2 2973/150/2
f 2961/221/2 2962/221/2 2974/221/2
f 2974/221/2 2962/221/2 2975/221/2
f 2963/68/2 2964/68/2 2976/68/2
f 2964/166/2 2965/166/2 2977/166/2
f 2976/68/2 2964/68/2 2977/68/2
f 2965/220/2 2966/220/2 2978/220/2
f 2977/166/2 2965/166/2 2978/166/2
f 2966/102/2 2967/102/2 2979/102/2
f 2978/220/2 2966/220/2 2979/220/2
f 2979/102/2 2967/102/2 2980/102/2
f 2968/172/2 2969/172/2 2981/172/2
f 2981/172/2 2969/172/2 2982/172/2
f 2970/217/2 2971/217/2 2983/217/2
f 2983/217/2 2971/217/2 2984/217/2
f 2972/201/2 2973/201/2 2985/201/2
f 2985/201/2 2973/201/2 2986/201/2
f 2981/4/2 2982/4/2 2987/4/2
f 2987/4/2 2982/4/2 2988/4/2
f 2983/75/2 2984/75/2 2989/75/2
f 2989/75/2 2984/75/2 2990/75/2
f 2985/190/2 2986/190/2 2992/190/2
f 2992/190/2 2986/190/2 2993/190/2
f 2987/252/2 2988/252/2 3000/252/2
f 3000/252/2 2988/252/2 3001/252/2
f 2989/118/2 2990/118/2 3002/118/2
f 2990/32/2 2991/32/2 3003/32/2
f 3002/118/2 2990/118/2 3003/118/2
f 2991/4/2 2992/4/2 3004/4/2
f 3003/32/2 2991/32/2 3004/32/2
f 3004/4/2 2992/4/2 3005/4/2
f 2994/184/2 2995/184/2 3007/184/2
f 3007/184/2 2995/184/2 3008/184/2
f 2996/107/2 2997/107/2 3009/107/2
f 3009/107/2 2997/107/2 3010/107/2
f 2998/86/2 2999/86/2 3011/86/2
f 3011/86/2 2999/86/2 3012/86/2
f 3000/225/2 3001/225/2 3013/225/2
f 3013/225/2 3001/225/2 3014/225/2
f 3005/164/2 3006/164/2 3015/164/2
f 3015/164/2 3006/164/2 3016/164/2
f 3007/3/2 3008/3/2 3017/3/2
f 3017/3/2 3008/3/2 3018/3/2
f 3011/120/2 3012/120/2 3019/120/2
f 3019/120/2 3012/120/2 3020/120/2
f 3013/34/2 3014/34/2 3021/34/2
f 3021/34/2 3014/34/2 3022/34/2
f 3015/13/2 3016/13/2 3025/13/2
f 3025/13/2 3016/13/2 3026/13/2
f 3017/138/2 3018/138/2 3027/138/2
f 3027/138/2 3018/138/2 3028/138/2
f 3019/11/2 3020/11/2 3032/11/2
f 3032/11/2 3020/11/2 3033/11/2
f 3023/37/2 3024/37/2 3038/37/2
f 3038/37/2 3024/37/2 3039/37/2
f 3025/122/2 3026/122/2 3040/122/2
f 3040/122/2 3026/122/2 3041/122/2
f 3027/216/2 3028/216/2 3042/216/2
f 3028/184/2 3029/184/2 3043/184/2
f 3042/216/2 3028/216/2 3043/216/2
f 3029/174/2 3030/174/2 3044/174/2
f 3043/184/2 3029/184/2 3044/184/2
f 3030/141/2 3031/141/2 3045/141/2
f 3044/174/2 3030/174/2 3045/174/2
f 3045/141/2 3031/141/2 3046/141/2
f 3034/95/2 3035/95/2 3047/95/2
f 3047/95/2 3035/95/2 3048/95/2
f 3036/47/2 3037/47/2 3049/47/2
f 3049/47/2 3037/47/2 3050/47/2
f 3038/88/2 3039/88/2 3051/88/2
f 3051/88/2 3039/88/2 3052/88/2
f 3040/196/2 3041/196/2 3053/196/2
f 3053/196/2 3041/196/2 3054/196/2
f 3049/155/2 3050/155/2 3055/155/2
f 3055/155/2 3050/155/2 3056/155/2
f 3051/57/2 3052/57/2 3058/57/2
f 3058/57/2 3052/57/2 3059/57/2
f 3053/130/2 3054/130/2 3060/130/2
f 3060/130/2 3054/130/2 3061/130/2
f 3056/143/2 3057/143/2 3066/143/2
f 3057/245/2 3058/245/2 3067/245/2
f 3066/143/2 3057/143/2 3067/143/2
f 3058/94/2 3059/94/2 3068/94/2
f 3067/245/2 3058/245/2 3068/245/2
f 3068/94/2 3059/94/2 3069/94/2
f 3060/66/2 3061/66/2 3070/66/2
f 3070/66/2 3061/66/2 3071/66/2
f 3062/76/2 3063/76/2 3072/76/2
f 3072/76/2 3063/76/2 3073/76/2
f 3064/252/2 3065/252/2 3074/252/2
f 3074/252/2 3065/252/2 3075/252/2
f 3076/142/2 3077/142/2 3093/142/2
f 3093/142/2 3077/142/2 3094/142/2
f 3078/102/2 3079/102/2 3095/102/2
f 3079/167/2 3080/167/2 3096/167/2
f 3095/102/2 3079/102/2 3096/102/2
f 3080/28/2 3081/28/2 3097/28/2
f 3096/167/2 3080/167/2 3097/167/2
f 3081/145/2 3082/145/2 3098/145/2
f 3097/28/2 3081/28/2 3098/28/2
f 3098/145/2 3082/145/2 3099/145/2
f 3083/59/2 3084/59/2 3100/59/2
f 3084/162/2 3085/162/2 3101/162/2
f 3100/59/2 3084/59/2 3101/59/2
f 3085/235/2 3086/235/2 3102/235/2
f 3101/162/2 3085/162/2 3102/162/2
f 3086/16/2 3087/16/2 3103/16/2
f 3102/235/2 3086/235/2 3103/235/2
f 3103/16/2 3087/16/2 3104/16/2
f 3088/210/2 3089/210/2 3105/210/2
f 3089/189/2 3090/189/2 3106/189/2
f 3105/210/2 3089/210/2 3106/210/2
f 3090/53/2 3091/53/2 3107/53/2
f 3106/189/2 3090/189/2 3107/189/2
f 3091/17/2 3092/17/2 3108/17/2
f 3107/53/2 3091/53/2 3108/53/2
f 3108/17/2 3092/17/2 3109/17/2
f 3093/237/2 3094/237/2 3110/237/2
f 3110/237/2 3094/237/2 3111/237/2
f 3098/211/2 3099/211/2 3112/211/2
f 3112/211/2 3099/211/2 3113/211/2
f 3103/191/2 3104/191/2 3114/191/2
f 3114/191/2 3104/191/2 3115/191/2
f 3110/234/2 3111/234/2 3116/234/2
f 3116/234/2 3111/234/2 3117/234/2
f 3112/149/2 3113/149/2 3121/149/2
f 3121/149/2 3113/149/2 3122/149/2
f 3114/217/2 3115/217/2 3127/217/2
f 3127/217/2 3115/217/2 3128/217/2
f 3116/173/2 3117/173/2 3134/173/2
f 3134/173/2 3117/173/2 3135/173/2
f 3118/88/2 3119/88/2 3136/88/2
f 3119/139/2 3120/139/2 3137/139/2
f 3136/88/2 3119/88/2 3137/88/2
f 3120/244/2 3121/244/2 3138/244/2
f 3137/139/2 3120/139/2 3138/139/2
f 3121/50/2 3122/50/2 3139/50/2
f 3138/244/2 3121/244/2 3139/244/2
f 3122/39/2 3123/39/2 3140/39/2
f 3139/50/2 3122/50/2 3140/50/2
f 3123/1/2 3124/1/2 3141/1/2
f 3140/39/2 3123/39/2 3141/39/2
f 3124/78/2 3125/78/2 3142/78/2
f 3141/1/2 3124/1/2 3142/1/2
f 3125/178/2 3126/178/2 3143/178/2
f 3142/78/2 3125/78/2 3143/78/2
f 3126/202/2 3127/202/2 3144/202/2
f 3143/178/2 3126/178/2 3144/178/2
f 3127/94/2 3128/94/2 3145/94/2
f 3144/202/2 3127/202/2 3145/202/2
f 3128/13/2 3129/13/2 3146/13/2
f 3145/94/2 3128/94/2 3146/94/2
f 3129/31/2 3130/31/2 3147/31/2
f 3146/13/2 3129/13/2 3147/13/2
f 3130/224/2 3131/224/2 3148/224/2
f 3147/31/2 3130/31/2 3148/31/2
f 3148/224/2 3131/224/2 3149/224/2
f 3132/206/2 3133/206/2 3150/206/2
f 3150/206/2 3133/206/2 3151/206/2
f 3139/141/2 3140/141/2 3152/141/2
f 3152/141/2 3140/141/2 3153/141/2
f 3145/102/2 3146/102/2 3154/102/2
f 3154/102/2 3146/102/2 3155/102/2
f 3152/226/2 3153/226/2 3161/226/2
f 3161/226/2 3153/226/2 3162/226/2
f 3154/113/2 3155/113/2 3166/113/2
f 3166/113/2 3155/113/2 3167/113/2
f 3156/13/2 3157/13/2 3172/13/2
f 3157/89/2 3158/89/2 3173/89/2
f 3172/13/2 3157/13/2 3173/13/2
f 3158/231/2 3159/231/2 3174/231/2
f 3173/89/2 3158/89/2 3174/89/2
f 3159/219/2 3160/219/2 3175/219/2
f 3174/231/2 3159/231/2 3175/231/2
f 3175/219/2 3160/219/2 3176/219/2
f 3161/249/2 3162/249/2 3177/249/2
f 3162/93/2 3163/93/2 3178/93/2
f 3177/249/2 3162/249/2 3178/249/2
f 3163/222/2 3164/222/2 3179/222/2
f 3178/93/2 3163/93/2 3179/93/2
f 3164/160/2 3165/160/2 3180/160/2
f 3179/222/2 3164/222/2 3180/222/2
f 3180/160/2 3165/160/2 3181/160/2
f 3166/187/2 3167/187/2 3182/187/2
f 3182/187/2 3167/187/2 3183/187/2
f 3168/118/2 3169/118/2 3184/118/2
f 3184/118/2 3169/118/2 3185/118/2
f 3170/250/2 3171/250/2 3186/250/2
f 3186/250/2 3171/250/2 3187/250/2
f 3184/194/2 3185/194/2 3188/194/2
f 3188/194/2 3185/194/2 3189/194/2
f 3188/75/2 3189/75/2 3203/75/2
f 3203/75/2 3189/75/2 3204/75/2
f 3190/114/2 3191/114/2 3207/114/2
f 3191/110/2 3192/110/2 3208/110/2
f 3207/114/2 3191/114/2 3208/114/2
f 3192/64/2 3193/64/2 3209/64/2
f 3208/110/2 3192/110/2 3209/110/2
f 3193/147/2 3194/147/2 3210/147/2
f 3209/64/2 3193/64/2 3210/64/2
f 3210/147/2 3194/147/2 3211/147/2
f 3195/31/2 3196/31/2 3212/31/2
f 3196/64/2 3197/64/2 3213/64/2
f 3212/31/2 3196/31/2 3213/31/2
f 3197/22/2 3198/22/2 3214/22/2
f 3213/64/2 3197/64/2 3214/64/2
f 3198/203/2 3199/203/2 3215/203/2
f 3214/22/2 3198/22/2 3215/22/2
f 3215/203/2 3199/203/2 3216/203/2
f 3200/194/2 3201/194/2 3217/194/2
f 3201/230/2 3202/230/2 3218/230/2
f 3217/194/2 3201/194/2 3218/194/2
f 3202/159/2 3203/159/2 3219/159/2
f 3218/230/2 3202/230/2 3219/230/2
f 3203/81/2 3204/81/2 3220/81/2
f 3219/159/2 3203/159/2 3220/159/2
f 3220/81/2 3204/81/2 3221/81/2
f 3205/220/2 3206/220/2 3222/220/2
f 3222/220/2 3206/220/2 3223/220/2
f 3207/216/2 3208/216/2 3224/216/2
f 3224/216/2 3208/216/2 3225/216/2
f 3212/192/2 3213/192/2 3226/192/2
f 3226/192/2 3213/192/2 3227/192/2
f 3217/112/2 3218/112/2 3228/112/2
f 3228/112/2 3218/112/2 3229/112/2
f 3222/249/2 3223/249/2 3230/249/2
f 3230/249/2 3223/249/2 3231/249/2
f 3224/144/2 3225/144/2 3232/144/2
f 3232/144/2 3225/144/2 3233/144/2
f 3226/253/2 3227/253/2 3237/253/2
f 3237/253/2 3227/253/2 3238/253/2
f 3228/188/2 3229/188/2 3242/188/2
f 3242/188/2 3229/188/2 3243/188/2
f 3230/119/2 3231/119/2 3247/119/2
f 3247/119/2 3231/119/2 3248/119/2
f 3232/176/2 3233/176/2 3249/176/2
f 3233/203/2 3234/203/2 3250/203/2
f 3249/176/2 3233/176/2 3250/176/2
f 3234/246/2 3235/246/2 3251/246/2
f 3250/203/2 3234/203/2 3251/203/2
f 3235/74/2 3236/74/2 3252/74/2
f 3251/246/2 3235/246/2 3252/246/2
f 3252/74/2 3236/74/2 3253/74/2
f 3237/215/2 3238/215/2 3254/215/2
f 3238/9/2 3239/9/2 3255/9/2
f 3254/215/2 3238/215/2 3255/215/2
f 3239/28/2 3240/28/2 3256/28/2
f 3255/9/2 3239/9/2 3256/9/2
f 3240/205/2 3241/205/2 3257/205/2
f 3256/28/2 3240/28/2 3257/28/2
f 3257/205/2 3241/205/2 3258/205/2
f 3242/145/2 3243/145/2 3259/145/2
f 3243/51/2 3244/51/2 3260/51/2
f 3259/145/2 3243/145/2 3260/145/2
f 3244/120/2 3245/120/2 3261/120/2
f 3260/51/2 3244/51/2 3261/51/2
f 3245/241/2 3246/241/2 3262/241/2
f 3261/120/2 3245/120/2 3262/120/2
f 3262/241/2 3246/241/2 3263/241/2
f 3247/157/2 3248/157/2 3264/157/2
f 3264/157/2 3248/157/2 3265/157/2
f 3257/89/2 3258/89/2 3266/89/2
f 3266/89/2 3258/89/2 3267/89/2
f 3262/28/2 3263/28/2 3268/28/2
f 3268/28/2 3263/28/2 3269/28/2
f 3266/83/2 3267/83/2 3278/83/2
f 3278/83/2 3267/83/2 3279/83/2
f 3268/81/2 3269/81/2 3283/81/2
f 3283/81/2 3269/81/2 3284/81/2
f 3270/46/2 3271/46/2 3288/46/2
f 3288/46/2 3271/46/2 3289/46/2
f 3272/53/2 3273/53/2 3290/53/2
f 3273/183/2 3274/183/2 3291/183/2
f 3290/53/2 3273/53/2 3291/53/2
f 3274/185/2 3275/185/2 3292/185/2
f 3291/183/2 3274/183/2 3292/183/2
f 3275/202/2 3276/202/2 3293/202/2
f 3292/185/2 3275/185/2 3293/185/2
f 3276/82/2 3277/82/2 3294/82/2
f 3293/202/2 3276/202/2 3294/202/2
f 3277/113/2 3278/113/2 3295/113/2
f 3294/82/2 3277/82/2 3295/82/2
f 3278/252/2 3279/252/2 3296/252/2
f 3295/113/2 3278/113/2 3296/113/2
f 3279/233/2 3280/233/2 3297/233/2
f 3296/252/2 3279/252/2 3297/252/2
f 3280/230/2 3281/230/2 3298/230/2
f 3297/233/2 3280/233/2 3298/233/2
f 3281/110/2 3282/110/2 3299/110/2
f 3298/230/2 3281/230/2 3299/230/2
f 3299/110/2 3282/110/2 3300/110/2
f 3283/240/2 3284/240/2 3301/240/2
f 3284/26/2 3285/26/2 3302/26/2
f 3301/240/2 3284/240/2 3302/240/2
f 3285/204/2 3286/204/2 3303/204/2
f 3302/26/2 3285/26/2 3303/26/2
f 3286/209/2 3287/209/2 3304/209/2
f 3303/204/2 3286/204/2 3304/204/2
f 3304/209/2 3287/209/2 3305/209/2
f 3290/251/2 3291/251/2 3306/251/2
f 3306/251/2 3291/251/2 3307/251/2
f 3299/85/2 3300/85/2 3308/85/2
f 3308/85/2 3300/85/2 3309/85/2
f 3306/12/2 3307/12/2 3312/12/2
f 3312/12/2 3307/12/2 3313/12/2
f 3308/148/2 3309/148/2 3320/148/2
f 3320/148/2 3309/148/2 3321/148/2
f 3310/71/2 3311/71/2 3328/71/2
f 3328/71/2 3311/71/2 3329/71/2
f 3312/190/2 3313/190/2 3330/190/2
f 3313/202/2 3314/202/2 3331/202/2
f 3330/190/2 3313/190/2 3331/190/2
f 3314/201/2 3315/201/2 3332/201/2
f 3331/202/2 3314/202/2 3332/202/2
f 3315/11/2 3316/11/2 3333/11/2
f 3332/201/2 3315/201/2 3333/201/2
f 3316/101/2 3317/101/2 3334/101/2
f 3333/11/2 3316/11/2 3334/11/2
f 3317/213/2 3318/213/2 3335/213/2
f 3334/101/2 3317/101/2 3335/101/2
f 3318/31/2 3319/31/2 3336/31/2
f 3335/213/2 3318/213/2 3336/213/2
f 3336/31/2 3319/31/2 3337/31/2
f 3320/28/2 3321/28/2 3338/28/2
f 3321/75/2 3322/75/2 3339/75/2
f 3338/28/2 3321/28/2 3339/28/2
f 3322/24/2 3323/24/2 3340/24/2
f 3339/75/2 3322/75/2 3340/75/2
f 3323/207/2 3324/207/2 3341/207/2
f 3340/24/2 3323/24/2 3341/24/2
f 3324/93/2 3325/93/2 3342/93/2
f 3341/207/2 3324/207/2 3342/207/2
f 3325/40/2 3326/40/2 3343/40/2
f 3342/93/2 3325/93/2 3343/93/2
f 3326/79/2 3327/79/2 3344/79/2
f 3343/40/2 3326/40/2 3344/40/2
f 3344/79/2 3327/79/2 3345/79/2
f 3362/16/3 3347/16/3 3346/16/3
f 3363/16/3 3347/16/3 3362/16/3
f 3364/229/3 3349/229/3 3348/229/3
f 3365/229/3 3349/229/3 3364/229/3
f 3366/184/3 3351/184/3 3350/184/3
f 3367/184/3 3351/184/3 3366/184/3
f 3368/78/3 3353/78/3 3352/78/3
f 3369/145/3 3354/145/3 3353/145/3
f 3369/78/3 3353/78/3 3368/78/3
f 3370/75/3 3355/75/3 3354/75/3
f 3370/145/3 3354/145/3 3369/145/3
f 3371/12/3 3356/12/3 3355/12/3
f 3371/75/3 3355/75/3 3370/75/3
f 3372/12/3 3356/12/3 3371/12/3
f 3373/210/3 3358/210/3 3357/210/3
f 3374/71/3 3359/71/3 3358/71/3
f 3374/210/3 3358/210/3 3373/210/3
f 3375/9/3 3360/9/3 3359/9/3
f 3375/71/3 3359/71/3 3374/71/3
f 3376/238/3 3361/238/3 3360/238/3
f 3376/9/3 3360/9/3 3375/9/3
f 3377/238/3 3361/238/3 3376/238/3
f 3378/58/3 3367/58/3 3366/58/3
f 3379/58/3 3367/58/3 3378/58/3
f 3380/216/3 3369/216/3 3368/216/3
f 3381/216/3 3369/216/3 3380/216/3
f 3387/214/3 3379/214/3 3378/214/3
f 3388/214/3 3379/214/3 3387/214/3
f 3389/111/3 3381/111/3 3380/111/3
f 3390/111/3 3381/111/3 3389/111/3
f 3398/159/3 3383/159/3 3382/159/3
f 3399/159/3 3383/159/3 3398/159/3
f 3400/251/3 3385/251/3 3384/251/3
f 3401/66/3 3386/66/3 3385/66/3
f 3401/251/3 3385/251/3 3400/251/3
f 3402/52/3 3387/52/3 3386/52/3
f 3402/66/3 3386/66/3 3401/66/3
f 3403/63/3 3388/63/3 3387/63/3
f 3403/52/3 3387/52/3 3402/52/3
f 3404/97/3 3389/97/3 3388/97/3
f 3404/63/3 3388/63/3 3403/63/3
f 3405/81/3 3390/81/3 3389/81/3
f 3405/97/3 3389/97/3 3404/97/3
f 3406/130/3 3391/130/3 3390/130/3
f 3406/81/3 3390/81/3 3405/81/3
f 3407/200/3 3392/200/3 3391/200/3
f 3407/130/3 3391/130/3 3406/130/3
f 3408/148/3 3393/148/3 3392/148/3
f 3408/200/3 3392/200/3 3407/200/3
f 3409/148/3 3393/148/3 3408/148/3
f 3410/199/3 3395/199/3 3394/199/3
f 3411/199/3 3395/199/3 3410/199/3
f 3412/237/3 3397/237/3 3396/237/3
f 3413/237/3 3397/237/3 3412/237/3
f 3414/184/3 3399/184/3 3398/184/3
f 3415/184/3 3399/184/3 3414/184/3
f 3416/17/3 3411/17/3 3410/17/3
f 3417/17/3 3411/17/3 3416/17/3
f 3418/33/3 3415/33/3 3414/33/3
f 3419/33/3 3415/33/3 3418/33/3
f 3429/91/3 3417/91/3 3416/91/3
f 3430/91/3 3417/91/3 3429/91/3
f 3434/87/3 3419/87/3 3418/87/3
f 3435/87/3 3419/87/3 3434/87/3
f 3436/33/3 3421/33/3 3420/33/3
f 3437/33/3 3421/33/3 3436/33/3
f 3438/61/3 3423/61/3 3422/61/3
f 3439/61/3 3423/61/3 3438/61/3
f 3440/13/3 3425/13/3 3424/13/3
f 3441/13/3 3425/13/3 3440/13/3
f 3442/171/3 3427/171/3 3426/171/3
f 3443/80/3 3428/80/3 3427/80/3
f 3443/171/3 3427/171/3 3442/171/3
f 3444/246/3 3429/246/3 3428/246/3
f 3444/80/3 3428/80/3 3443/80/3
f 3445/145/3 3430/145/3 3429/145/3
f 3445/246/3 3429/246/3 3444/246/3
f 3446/252/3 3431/252/3 3430/252/3
f 3446/145/3 3430/145/3 3445/145/3
f 3447/113/3 3432/113/3 3431/113/3
f 3447/252/3 3431/252/3 3446/252/3
f 3448/253/3 3433/253/3 3432/253/3
f 3448/113/3 3432/113/3 3447/113/3
f 3449/253/3 3433/253/3 3448/253/3
f 3450/75/3 3439/75/3 3438/75/3
f 3451/75/3 3439/75/3 3450/75/3
f 3452/249/3 3441/249/3 3440/249/3
f 3453/249/3 3441/249/3 3452/249/3
f 3458/159/3 3451/159/3 3450/159/3
f 3459/159/3 3451/159/3 3458/159/3
f 3461/251/3 3453/251/3 3452/251/3
f 3462/251/3 3453/251/3 3461/251/3
f 3470/250/3 3455/250/3 3454/250/3
f 3471/250/3 3455/250/3 3470/250/3
f 3472/2/3 3457/2/3 3456/2/3
f 3473/2/3 3457/2/3 3472/2/3
f 3474/78/3 3459/78/3 3458/78/3
f 3475/223/3 3460/223/3 3459/223/3
f 3475/78/3 3459/78/3 3474/78/3
f 3476/71/3 3461/71/3 3460/71/3
f 3476/223/3 3460/223/3 3475/223/3
f 3477/7/3 3462/7/3 3461/7/3
f 3477/71/3 3461/71/3 3476/71/3
f 3478/7/3 3462/7/3 3477/7/3
f 3479/187/3 3464/187/3 3463/187/3
f 3480/12/3 3465/12/3 3464/12/3
f 3480/187/3 3464/187/3 3479/187/3
f 3481/225/3 3466/225/3 3465/225/3
f 3481/12/3 3465/12/3 3480/12/3
f 3482/82/3 3467/82/3 3466/82/3
f 3482/225/3 3466/225/3 3481/225/3
f 3483/82/3 3467/82/3 3482/82/3
f 3484/130/3 3469/130/3 3468/130/3
f 3485/130/3 3469/130/3 3484/130/3
f 3486/120/3 3483/120/3 3482/120/3
f 3487/120/3 3483/120/3 3486/120/3
f 3488/92/3 3485/92/3 3484/92/3
f 3489/92/3 3485/92/3 3488/92/3
f 3500/238/3 3487/238/3 3486/238/3
f 3501/238/3 3487/238/3 3500/238/3
f 3502/188/3 3489/188/3 3488/188/3
f 3503/188/3 3489/188/3 3502/188/3
f 3504/72/3 3491/72/3 3490/72/3
f 3505/72/3 3491/72/3 3504/72/3
f 3506/38/3 3493/38/3 3492/38/3
f 3507/38/3 3493/38/3 3506/38/3
f 3508/120/3 3495/120/3 3494/120/3
f 3509/120/3 3495/120/3 3508/120/3
f 3510/56/3 3497/56/3 3496/56/3
f 3511/56/3 3497/56/3 3510/56/3
f 3512/23/3 3499/23/3 3498/23/3
f 3513/23/3 3499/23/3 3512/23/3
f 3514/216/3 3501/216/3 3500/216/3
f 3515/216/3 3501/216/3 3514/216/3
f 3516/96/3 3503/96/3 3502/96/3
f 3517/96/3 3503/96/3 3516/96/3
f 3518/168/3 3511/168/3 3510/168/3
f 3519/168/3 3511/168/3 3518/168/3
f 3526/96/3 3519/96/3 3518/96/3
f 3527/96/3 3519/96/3 3526/96/3
f 3537/10/3 3521/10/3 3520/10/3
f 3538/10/3 3521/10/3 3537/10/3
f 3539/98/3 3523/98/3 3522/98/3
f 3540/98/3 3523/98/3 3539/98/3
f 3541/43/3 3525/43/3 3524/43/3
f 3542/43/3 3525/43/3 3541/43/3
f 3543/97/3 3527/97/3 3526/97/3
f 3544/172/3 3528/172/3 3527/172/3
f 3544/97/3 3527/97/3 3543/97/3
f 3545/4/3 3529/4/3 3528/4/3
f 3545/172/3 3528/172/3 3544/172/3
f 3546/252/3 3530/252/3 3529/252/3
f 3546/4/3 3529/4/3 3545/4/3
f 3547/225/3 3531/225/3 3530/225/3
f 3547/252/3 3530/252/3 3546/252/3
f 3548/34/3 3532/34/3 3531/34/3
f 3548/225/3 3531/225/3 3547/225/3
f 3549/251/3 3533/251/3 3532/251/3
f 3549/34/3 3532/34/3 3548/34/3
f 3550/47/3 3534/47/3 3533/47/3
f 3550/251/3 3533/251/3 3549/251/3
f 3551/155/3 3535/155/3 3534/155/3
f 3551/47/3 3534/47/3 3550/47/3
f 3552/70/3 3536/70/3 3535/70/3
f 3552/155/3 3535/155/3 3551/155/3
f 3553/70/3 3536/70/3 3552/70/3
f 3554/157/3 3540/157/3 3539/157/3
f 3555/157/3 3540/157/3 3554/157/3
f 3556/97/3 3542/97/3 3541/97/3
f 3557/97/3 3542/97/3 3556/97/3
f 3558/39/3 3550/39/3 3549/39/3
f 3559/39/3 3550/39/3 3558/39/3
f 3560/43/3 3553/43/3 3552/43/3
f 3561/43/3 3553/43/3 3560/43/3
f 3565/170/3 3555/170/3 3554/170/3
f 3566/170/3 3555/170/3 3565/170/3
f 3567/150/3 3557/150/3 3556/150/3
f 3568/150/3 3557/150/3 3567/150/3
f 3574/211/3 3559/211/3 3558/211/3
f 3575/211/3 3559/211/3 3574/211/3
f 3576/153/3 3561/153/3 3560/153/3
f 3577/153/3 3561/153/3 3576/153/3
f 3578/142/3 3563/142/3 3562/142/3
f 3579/237/3 3564/237/3 3563/237/3
f 3579/142/3 3563/142/3 3578/142/3
f 3580/234/3 3565/234/3 3564/234/3
f 3580/237/3 3564/237/3 3579/237/3
f 3581/173/3 3566/173/3 3565/173/3
f 3581/234/3 3565/234/3 3580/234/3
f 3582/173/3 3566/173/3 3581/173/3
f 3583/13/3 3568/13/3 3567/13/3
f 3584/13/3 3568/13/3 3583/13/3
f 3585/114/3 3570/114/3 3569/114/3
f 3586/216/3 3571/216/3 3570/216/3
f 3586/114/3 3570/114/3 3585/114/3
f 3587/144/3 3572/144/3 3571/144/3
f 3587/216/3 3571/216/3 3586/216/3
f 3588/176/3 3573/176/3 3572/176/3
f 3588/144/3 3572/144/3 3587/144/3
f 3589/176/3 3573/176/3 3588/176/3
f 3590/46/3 3575/46/3 3574/46/3
f 3591/46/3 3575/46/3 3590/46/3
f 3592/71/3 3577/71/3 3576/71/3
f 3593/71/3 3577/71/3 3592/71/3
f 3606/219/3 3595/219/3 3594/219/3
f 3607/128/3 3596/128/3 3595/128/3
f 3607/219/3 3595/219/3 3606/219/3
f 3608/113/3 3597/113/3 3596/113/3
f 3608/128/3 3596/128/3 3607/128/3
f 3609/64/3 3598/64/3 3597/64/3
f 3609/113/3 3597/113/3 3608/113/3
f 3610/198/3 3599/198/3 3598/198/3
f 3610/64/3 3598/64/3 3609/64/3
f 3611/222/3 3600/222/3 3599/222/3
f 3611/198/3 3599/198/3 3610/198/3
f 3612/97/3 3601/97/3 3600/97/3
f 3612/222/3 3600/222/3 3611/222/3
f 3613/97/3 3601/97/3 3612/97/3
f 3614/35/3 3603/35/3 3602/35/3
f 3615/31/3 3604/31/3 3603/31/3
f 3615/35/3 3603/35/3 3614/35/3
f 3616/107/3 3605/107/3 3604/107/3
f 3616/31/3 3604/31/3 3615/31/3
f 3617/107/3 3605/107/3 3616/107/3
f 3618/95/3 3613/95/3 3612/95/3
f 3619/95/3 3613/95/3 3618/95/3
f 3629/205/3 3619/205/3 3618/205/3
f 3630/205/3 3619/205/3 3629/205/3
f 3631/2/3 3621/2/3 3620/2/3
f 3632/22/3 3622/22/3 3621/22/3
f 3632/2/3 3621/2/3 3631/2/3
f 3633/234/3 3623/234/3 3622/234/3
f 3633/22/3 3622/22/3 3632/22/3
f 3634/36/3 3624/36/3 3623/36/3
f 3634/234/3 3623/234/3 3633/234/3
f 3635/36/3 3624/36/3 3634/36/3
f 3636/20/3 3626/20/3 3625/20/3
f 3637/20/3 3626/20/3 3636/20/3
f 3638/16/3 3628/16/3 3627/16/3
f 3639/16/3 3628/16/3 3638/16/3
f 3644/101/3 3639/101/3 3638/101/3
f 3645/101/3 3639/101/3 3644/101/3
f 3646/127/3 3641/127/3 3640/127/3
f 3647/127/3 3641/127/3 3646/127/3
f 3648/86/3 3643/86/3 3642/86/3
f 3649/86/3 3643/86/3 3648/86/3
f 3657/38/3 3645/38/3 3644/38/3
f 3658/38/3 3645/38/3 3657/38/3
f 3659/89/3 3647/89/3 3646/89/3
f 3660/89/3 3647/89/3 3659/89/3
f 3664/209/3 3649/209/3 3648/209/3
f 3665/209/3 3649/209/3 3664/209/3
f 3666/126/3 3651/126/3 3650/126/3
f 3667/80/3 3652/80/3 3651/80/3
f 3667/126/3 3651/126/3 3666/126/3
f 3668/80/3 3652/80/3 3667/80/3
f 3669/99/3 3654/99/3 3653/99/3
f 3670/219/3 3655/219/3 3654/219/3
f 3670/99/3 3654/99/3 3669/99/3
f 3671/82/3 3656/82/3 3655/82/3
f 3671/219/3 3655/219/3 3670/219/3
f 3672/82/3 3656/82/3 3671/82/3
f 3673/56/3 3661/56/3 3660/56/3
f 3674/162/3 3662/162/3 3661/162/3
f 3674/56/3 3661/56/3 3673/56/3
f 3675/219/3 3663/219/3 3662/219/3
f 3675/162/3 3662/162/3 3674/162/3
f 3676/219/3 3663/219/3 3675/219/3
f 3677/121/3 3665/121/3 3664/121/3
f 3678/121/3 3665/121/3 3677/121/3
f 3679/218/3 3669/218/3 3668/218/3
f 3680/218/3 3669/218/3 3679/218/3
f 3681/174/3 3678/174/3 3677/174/3
f 3682/174/3 3678/174/3 3681/174/3
f 3685/203/3 3680/203/3 3679/203/3
f 3686/203/3 3680/203/3 3685/203/3
f 3696/121/3 3682/121/3 3681/121/3
f 3697/121/3 3682/121/3 3696/121/3
f 3699/236/3 3684/236/3 3683/236/3
f 3700/127/3 3685/127/3 3684/127/3
f 3700/236/3 3684/236/3 3699/236/3
f 3701/127/3 3685/127/3 3700/127/3
f 3702/135/3 3688/135/3 3687/135/3
f 3703/116/3 3689/116/3 3688/116/3
f 3703/135/3 3688/135/3 3702/135/3
f 3704/68/3 3690/68/3 3689/68/3
f 3704/116/3 3689/116/3 3703/116/3
f 3705/99/3 3691/99/3 3690/99/3
f 3705/68/3 3690/68/3 3704/68/3
f 3706/207/3 3692/207/3 3691/207/3
f 3706/99/3 3691/99/3 3705/99/3
f 3707/90/3 3693/90/3 3692/90/3
f 3707/207/3 3692/207/3 3706/207/3
f 3708/90/3 3693/90/3 3707/90/3
f 3709/229/3 3695/229/3 3694/229/3
f 3710/250/3 3696/250/3 3695/250/3
f 3710/229/3 3695/229/3 3709/229/3
f 3711/160/3 3697/160/3 3696/160/3
f 3711/250/3 3696/250/3 3710/250/3
f 3712/160/3 3697/160/3 3711/160/3
f 3713/23/3 3699/23/3 3698/23/3
f 3714/23/3 3699/23/3 3713/23/3
f 3715/97/3 3703/97/3 3702/97/3
f 3716/97/3 3703/97/3 3715/97/3
f 3717/10/3 3706/10/3 3705/10/3
f 3718/10/3 3706/10/3 3717/10/3
f 3719/68/3 3714/68/3 3713/68/3
f 3720/68/3 3714/68/3 3719/68/3
f 3721/196/3 3716/196/3 3715/196/3
f 3722/196/3 3716/196/3 3721/196/3
f 3723/146/3 3718/146/3 3717/146/3
f 3724/146/3 3718/146/3 3723/146/3
f 3733/7/3 3724/7/3 3723/7/3
f 3734/7/3 3724/7/3 3733/7/3
f 3735/84/3 3726/84/3 3725/84/3
f 3736/147/3 3727/147/3 3726/147/3
f 3736/84/3 3726/84/3 3735/84/3
f 3737/100/3 3728/100/3 3727/100/3
f 3737/147/3 3727/147/3 3736/147/3
f 3738/178/3 3729/178/3 3728/178/3
f 3738/100/3 3728/100/3 3737/100/3
f 3739/77/3 3730/77/3 3729/77/3
f 3739/178/3 3729/178/3 3738/178/3
f 3740/77/3 3730/77/3 3739/77/3
f 3742/191/3 3732/191/3 3731/191/3
f 3743/191/3 3732/191/3 3742/191/3
f 3744/119/3 3741/119/3 3740/119/3
f 3745/119/3 3741/119/3 3744/119/3
f 3748/161/3 3743/161/3 3742/161/3
f 3749/161/3 3743/161/3 3748/161/3
f 3758/97/3 3745/97/3 3744/97/3
f 3759/97/3 3745/97/3 3758/97/3
f 3760/185/3 3747/185/3 3746/185/3
f 3761/82/3 3748/82/3 3747/82/3
f 3761/185/3 3747/185/3 3760/185/3
f 3762/23/3 3749/23/3 3748/23/3
f 3762/82/3 3748/82/3 3761/82/3
f 3763/23/3 3749/23/3 3762/23/3
f 3764/90/3 3751/90/3 3750/90/3
f 3765/217/3 3752/217/3 3751/217/3
f 3765/90/3 3751/90/3 3764/90/3
f 3766/75/3 3753/75/3 3752/75/3
f 3766/217/3 3752/217/3 3765/217/3
f 3767/118/3 3754/118/3 3753/118/3
f 3767/75/3 3753/75/3 3766/75/3
f 3768/118/3 3754/118/3 3767/118/3
f 3769/37/3 3756/37/3 3755/37/3
f 3770/88/3 3757/88/3 3756/88/3
f 3770/37/3 3756/37/3 3769/37/3
f 3771/57/3 3758/57/3 3757/57/3
f 3771/88/3 3757/88/3 3770/88/3
f 3772/57/3 3758/57/3 3771/57/3
f 3773/66/3 3763/66/3 3762/66/3
f 3774/66/3 3763/66/3 3773/66/3
f 3775/234/3 3765/234/3 3764/234/3
f 3776/234/3 3765/234/3 3775/234/3
f 3781/144/3 3774/144/3 3773/144/3
f 3782/144/3 3774/144/3 3781/144/3
f 3783/183/3 3776/183/3 3775/183/3
f 3784/183/3 3776/183/3 3783/183/3
f 3790/102/3 3778/102/3 3777/102/3
f 3791/102/3 3778/102/3 3790/102/3
f 3792/88/3 3780/88/3 3779/88/3
f 3793/88/3 3780/88/3 3792/88/3
f 3794/53/3 3786/53/3 3785/53/3
f 3795/251/3 3787/251/3 3786/251/3
f 3795/53/3 3786/53/3 3794/53/3
f 3796/12/3 3788/12/3 3787/12/3
f 3796/251/3 3787/251/3 3795/251/3
f 3797/190/3 3789/190/3 3788/190/3
f 3797/12/3 3788/12/3 3796/12/3
f 3798/190/3 3789/190/3 3797/190/3
f 3807/141/3 3800/141/3 3799/141/3
f 3808/141/3 3800/141/3 3807/141/3
f 3809/89/3 3802/89/3 3801/89/3
f 3810/77/3 3803/77/3 3802/77/3
f 3810/89/3 3802/89/3 3809/89/3
f 3811/172/3 3804/172/3 3803/172/3
f 3811/77/3 3803/77/3 3810/77/3
f 3812/172/3 3804/172/3 3811/172/3
f 3815/85/3 3806/85/3 3805/85/3
f 3816/85/3 3806/85/3 3815/85/3
f 3817/158/3 3814/158/3 3813/158/3
f 3818/158/3 3814/158/3 3817/158/3
f 3819/153/3 3816/153/3 3815/153/3
f 3820/153/3 3816/153/3 3819/153/3
f 3831/91/3 3818/91/3 3817/91/3
f 3832/91/3 3818/91/3 3831/91/3
f 3835/83/3 3822/83/3 3821/83/3
f 3836/35/3 3823/35/3 3822/35/3
f 3836/83/3 3822/83/3 3835/83/3
f 3837/58/3 3824/58/3 3823/58/3
f 3837/35/3 3823/35/3 3836/35/3
f 3838/58/3 3824/58/3 3837/58/3
f 3839/23/3 3826/23/3 3825/23/3
f 3840/171/3 3827/171/3 3826/171/3
f 3840/23/3 3826/23/3 3839/23/3
f 3841/129/3 3828/129/3 3827/129/3
f 3841/171/3 3827/171/3 3840/171/3
f 3842/129/3 3828/129/3 3841/129/3
f 3843/89/3 3830/89/3 3829/89/3
f 3844/89/3 3830/89/3 3843/89/3
f 3845/34/3 3832/34/3 3831/34/3
f 3846/34/3 3832/34/3 3845/34/3
f 3847/151/3 3834/151/3 3833/151/3
f 3848/151/3 3834/151/3 3847/151/3
f 3849/43/3 3836/43/3 3835/43/3
f 3850/43/3 3836/43/3 3849/43/3
f 3851/115/3 3842/115/3 3841/115/3
f 3852/115/3 3842/115/3 3851/115/3
f 3853/199/3 3846/199/3 3845/199/3
f 3854/199/3 3846/199/3 3853/199/3
f 3855/156/3 3848/156/3 3847/156/3
f 3856/156/3 3848/156/3 3855/156/3
f 3857/174/3 3850/174/3 3849/174/3
f 3858/174/3 3850/174/3 3857/174/3
f 3864/215/3 3852/215/3 3851/215/3
f 3865/215/3 3852/215/3 3864/215/3
f 3869/68/3 3854/68/3 3853/68/3
f 3870/68/3 3854/68/3 3869/68/3
f 3871/8/3 3858/8/3 3857/8/3
f 3872/8/3 3858/8/3 3871/8/3
f 3873/148/3 3860/148/3 3859/148/3
f 3874/208/3 3861/208/3 3860/208/3
f 3874/148/3 3860/148/3 3873/148/3
f 3875/129/3 3862/129/3 3861/129/3
f 3875/208/3 3861/208/3 3874/208/3
f 3876/55/3 3863/55/3 3862/55/3
f 3876/129/3 3862/129/3 3875/129/3
f 3877/55/3 3863/55/3 3876/55/3
f 3878/52/3 3865/52/3 3864/52/3
f 3879/109/3 3866/109/3 3865/109/3
f 3879/52/3 3865/52/3 3878/52/3
f 3880/13/3 3867/13/3 3866/13/3
f 3880/109/3 3866/109/3 3879/109/3
f 3881/245/3 3868/245/3 3867/245/3
f 3881/13/3 3867/13/3 3880/13/3
f 3882/245/3 3868/245/3 3881/245/3
f 3883/76/3 3882/76/3 3881/76/3
f 3884/76/3 3882/76/3 3883/76/3
f 3893/159/3 3884/159/3 3883/159/3
f 3894/159/3 3884/159/3 3893/159/3
f 3898/131/3 3886/131/3 3885/131/3
f 3899/131/3 3886/131/3 3898/131/3
f 3900/15/3 3888/15/3 3887/15/3
f 3901/15/3 3888/15/3 3900/15/3
f 3904/9/3 3890/9/3 3889/9/3
f 3905/55/3 3891/55/3 3890/55/3
f 3905/9/3 3890/9/3 3904/9/3
f 3906/178/3 3892/178/3 3891/178/3
f 3906/55/3 3891/55/3 3905/55/3
f 3907/178/3 3892/178/3 3906/178/3
f 3908/53/3 3894/53/3 3893/53/3
f 3909/148/3 3895/148/3 3894/148/3
f 3909/53/3 3894/53/3 3908/53/3
f 3910/154/3 3896/154/3 3895/154/3
f 3910/148/3 3895/148/3 3909/148/3
f 3911/197/3 3897/197/3 3896/197/3
f 3911/154/3 3896/154/3 3910/154/3
f 3912/197/3 3897/197/3 3911/197/3
f 3913/88/3 3899/88/3 3898/88/3
f 3914/88/3 3899/88/3 3913/88/3
f 3915/57/3 3903/57/3 3902/57/3
f 3916/57/3 3903/57/3 3915/57/3
f 3917/172/3 3912/172/3 3911/172/3
f 3918/172/3 3912/172/3 3917/172/3
f 3919/64/3 3914/64/3 3913/64/3
f 3920/64/3 3914/64/3 3919/64/3
f 3923/48/3 3916/48/3 3915/48/3
f 3924/48/3 3916/48/3 3923/48/3
f 3932/236/3 3918/236/3 3917/236/3
f 3933/236/3 3918/236/3 3932/236/3
f 3934/171/3 3920/171/3 3919/171/3
f 3935/182/3 3921/182/3 3920/182/3
f 3935/171/3 3920/171/3 3934/171/3
f 3936/21/3 3922/21/3 3921/21/3
f 3936/182/3 3921/182/3 3935/182/3
f 3937/21/3 3922/21/3 3936/21/3
f 3938/154/3 3924/154/3 3923/154/3
f 3939/154/3 3924/154/3 3938/154/3
f 3940/105/3 3926/105/3 3925/105/3
f 3941/105/3 3926/105/3 3940/105/3
f 3942/63/3 3928/63/3 3927/63/3
f 3943/221/3 3929/221/3 3928/221/3
f 3943/63/3 3928/63/3 3942/63/3
f 3944/47/3 3930/47/3 3929/47/3
f 3944/221/3 3929/221/3 3943/221/3
f 3945/96/3 3931/96/3 3930/96/3
f 3945/47/3 3930/47/3 3944/47/3
f 3946/96/3 3931/96/3 3945/96/3
f 3949/63/3 3935/63/3 3934/63/3
f 3950/63/3 3935/63/3 3949/63/3
f 3951/73/3 3946/73/3 3945/73/3
f 3952/73/3 3946/73/3 3951/73/3
f 3953/131/3 3948/131/3 3947/131/3
f 3954/131/3 3948/131/3 3953/131/3
f 3955/126/3 3950/126/3 3949/126/3
f 3956/126/3 3950/126/3 3955/126/3
f 3967/221/3 3952/221/3 3951/221/3
f 3968/221/3 3952/221/3 3967/221/3
f 3970/232/3 3954/232/3 3953/232/3
f 3971/232/3 3954/232/3 3970/232/3
f 3972/53/3 3958/53/3 3957/53/3
f 3973/53/3 3958/53/3 3972/53/3
f 3974/48/3 3960/48/3 3959/48/3
f 3975/48/3 3960/48/3 3974/48/3
f 3976/150/3 3962/150/3 3961/150/3
f 3977/201/3 3963/201/3 3962/201/3
f 3977/150/3 3962/150/3 3976/150/3
f 3978/190/3 3964/190/3 3963/190/3
f 3978/201/3 3963/201/3 3977/201/3
f 3979/190/3 3964/190/3 3978/190/3
f 3980/164/3 3966/164/3 3965/164/3
f 3981/13/3 3967/13/3 3966/13/3
f 3981/164/3 3966/164/3 3980/164/3
f 3982/122/3 3968/122/3 3967/122/3
f 3982/13/3 3967/13/3 3981/13/3
f 3983/196/3 3969/196/3 3968/196/3
f 3983/122/3 3968/122/3 3982/122/3
f 3984/130/3 3970/130/3 3969/130/3
f 3984/196/3 3969/196/3 3983/196/3
f 3985/66/3 3971/66/3 3970/66/3
f 3985/130/3 3970/130/3 3984/130/3
f 3986/66/3 3971/66/3 3985/66/3
f 3987/100/3 3975/100/3 3974/100/3
f 3988/100/3 3975/100/3 3987/100/3
f 3989/137/3 3980/137/3 3979/137/3
f 3990/137/3 3980/137/3 3989/137/3
f 3996/81/3 3988/81/3 3987/81/3
f 3997/81/3 3988/81/3 3996/81/3
f 4001/156/3 3990/156/3 3989/156/3
f 4002/156/3 3990/156/3 4001/156/3
f 4003/211/3 3992/211/3 3991/211/3
f 4004/149/3 3993/149/3 3992/149/3
f 4004/211/3 3992/211/3 4003/211/3
f 4005/149/3 3993/149/3 4004/149/3
f 4006/141/3 3995/141/3 3994/141/3
f 4007/226/3 3996/226/3 3995/226/3
f 4007/141/3 3995/141/3 4006/141/3
f 4008/249/3 3997/249/3 3996/249/3
f 4008/226/3 3996/226/3 4007/226/3
f 4009/249/3 3997/249/3 4008/249/3
f 4010/31/3 3999/31/3 3998/31/3
f 4011/192/3 4000/192/3 3999/192/3
f 4011/31/3 3999/31/3 4010/31/3
f 4012/253/3 4001/253/3 4000/253/3
f 4012/192/3 4000/192/3 4011/192/3
f 4013/215/3 4002/215/3 4001/215/3
f 4013/253/3 4001/253/3 4012/253/3
f 4014/215/3 4002/215/3 4013/215/3
f 4029/144/3 4016/144/3 4015/144/3
f 4030/204/3 4017/204/3 4016/204/3
f 4030/144/3 4016/144/3 4029/144/3
f 4031/204/3 4017/204/3 4030/204/3
f 4032/122/3 4019/122/3 4018/122/3
f 4033/2/3 4020/2/3 4019/2/3
f 4033/122/3 4019/122/3 4032/122/3
f 4034/2/3 4020/2/3 4033/2/3
f 4036/89/3 4022/89/3 4021/89/3
f 4037/130/3 4023/130/3 4022/130/3
f 4037/89/3 4022/89/3 4036/89/3
f 4038/208/3 4024/208/3 4023/208/3
f 4038/130/3 4023/130/3 4037/130/3
f 4039/208/3 4024/208/3 4038/208/3
f 4040/210/3 4026/210/3 4025/210/3
f 4041/210/3 4026/210/3 4040/210/3
f 4042/125/3 4028/125/3 4027/125/3
f 4043/125/3 4028/125/3 4042/125/3
f 4044/153/3 4032/153/3 4031/153/3
f 4045/153/3 4032/153/3 4044/153/3
f 4046/98/3 4036/98/3 4035/98/3
f 4047/98/3 4036/98/3 4046/98/3
f 4048/140/3 4043/140/3 4042/140/3
f 4049/140/3 4043/140/3 4048/140/3
f 4053/216/3 4045/216/3 4044/216/3
f 4054/216/3 4045/216/3 4053/216/3
f 4057/52/3 4047/52/3 4046/52/3
f 4058/52/3 4047/52/3 4057/52/3
f 4059/40/3 4049/40/3 4048/40/3
f 4060/40/3 4049/40/3 4059/40/3
f 4061/47/3 4051/47/3 4050/47/3
f 4062/188/3 4052/188/3 4051/188/3
f 4062/47/3 4051/47/3 4061/47/3
f 4063/143/3 4053/143/3 4052/143/3
f 4063/188/3 4052/188/3 4062/188/3
f 4064/253/3 4054/253/3 4053/253/3
f 4064/143/3 4053/143/3 4063/143/3
f 4065/253/3 4054/253/3 4064/253/3
f 4066/154/3 4056/154/3 4055/154/3
f 4067/108/3 4057/108/3 4056/108/3
f 4067/154/3 4056/154/3 4066/154/3
f 4068/15/3 4058/15/3 4057/15/3
f 4068/108/3 4057/108/3 4067/108/3
f 4069/15/3 4058/15/3 4068/15/3
f 4070/24/3 4060/24/3 4059/24/3
f 4071/24/3 4060/24/3 4070/24/3
f 4072/58/3 4071/58/3 4070/58/3
f 4073/58/3 4071/58/3 4072/58/3
f 4085/19/3 4073/19/3 4072/19/3
f 4086/19/3 4073/19/3 4085/19/3
f 4087/152/3 4075/152/3 4074/152/3
f 4088/152/3 4075/152/3 4087/152/3
f 4089/248/3 4077/248/3 4076/248/3
f 4090/116/3 4078/116/3 4077/116/3
f 4090/248/3 4077/248/3 4089/248/3
f 4091/236/3 4079/236/3 4078/236/3
f 4091/116/3 4078/116/3 4090/116/3
f 4092/236/3 4079/236/3 4091/236/3
f 4093/165/3 4081/165/3 4080/165/3
f 4094/165/3 4081/165/3 4093/165/3
f 4095/69/3 4083/69/3 4082/69/3
f 4096/172/3 4084/172/3 4083/172/3
f 4096/69/3 4083/69/3 4095/69/3
f 4097/119/3 4085/119/3 4084/119/3
f 4097/172/3 4084/172/3 4096/172/3
f 4098/122/3 4086/122/3 4085/122/3
f 4098/119/3 4085/119/3 4097/119/3
f 4099/122/3 4086/122/3 4098/122/3
f 4100/168/3 4096/168/3 4095/168/3
f 4101/168/3 4096/168/3 4100/168/3
f 4108/48/3 4101/48/3 4100/48/3
f 4109/48/3 4101/48/3 4108/48/3
f 4112/126/3 4103/126/3 4102/126/3
f 4113/223/3 4104/223/3 4103/223/3
f 4113/126/3 4103/126/3 4112/126/3
f 4114/16/3 4105/16/3 4104/16/3
f 4114/223/3 4104/223/3 4113/223/3
f 4115/16/3 4105/16/3 4114/16/3
f 4117/175/3 4107/175/3 4106/175/3
f 4118/175/3 4107/175/3 4117/175/3
f 4119/201/3 4109/201/3 4108/201/3
f 4120/201/3 4109/201/3 4119/201/3
f 4121/70/3 4111/70/3 4110/70/3
f 4122/70/3 4111/70/3 4121/70/3
f 4123/240/3 4116/240/3 4115/240/3
f 4124/240/3 4116/240/3 4123/240/3
f 4125/125/3 4118/125/3 4117/125/3
f 4126/125/3 4118/125/3 4125/125/3
f 4130/170/3 4124/170/3 4123/170/3
f 4131/170/3 4124/170/3 4130/170/3
f 4135/197/3 4126/197/3 4125/197/3
f 4136/197/3 4126/197/3 4135/197/3
f 4144/21/3 4128/21/3 4127/21/3
f 4145/70/3 4129/70/3 4128/70/3
f 4145/21/3 4128/21/3 4144/21/3
f 4146/141/3 4130/141/3 4129/141/3
f 4146/70/3 4129/70/3 4145/70/3
f 4147/96/3 4131/96/3 4130/96/3
f 4147/141/3 4130/141/3 4146/141/3
f 4148/21/3 4132/21/3 4131/21/3
f 4148/96/3 4131/96/3 4147/96/3
f 4149/82/3 4133/82/3 4132/82/3
f 4149/21/3 4132/21/3 4148/21/3
f 4150/140/3 4134/140/3 4133/140/3
f 4150/82/3 4133/82/3 4149/82/3
f 4151/140/3 4134/140/3 4150/140/3
f 4154/160/3 4138/160/3 4137/160/3
f 4155/105/3 4139/105/3 4138/105/3
f 4155/160/3 4138/160/3 4154/160/3
f 4156/97/3 4140/97/3 4139/97/3
f 4156/105/3 4139/105/3 4155/105/3
f 4157/134/3 4141/134/3 4140/134/3
f 4157/97/3 4140/97/3 4156/97/3
f 4158/134/3 4141/134/3 4157/134/3
f 4159/79/3 4143/79/3 4142/79/3
f 4160/79/3 4143/79/3 4159/79/3
f 4161/30/3 4151/30/3 4150/30/3
f 4162/30/3 4151/30/3 4161/30/3
f 4163/197/3 4153/197/3 4152/197/3
f 4164/197/3 4153/197/3 4163/197/3
f 4168/160/3 4162/160/3 4161/160/3
f 4169/160/3 4162/160/3 4168/160/3
f 4170/53/3 4164/53/3 4163/53/3
f 4171/53/3 4164/53/3 4170/53/3
f 4179/191/3 4166/191/3 4165/191/3
f 4180/149/3 4167/149/3 4166/149/3
f 4180/191/3 4166/191/3 4179/191/3
f 4181/149/3 4167/149/3 4180/149/3
f 4182/37/3 4169/37/3 4168/37/3
f 4183/37/3 4169/37/3 4182/37/3
f 4184/221/3 4171/221/3 4170/221/3
f 4185/221/3 4171/221/3 4184/221/3
f 4186/184/3 4173/184/3 4172/184/3
f 4187/3/3 4174/3/3 4173/3/3
f 4187/184/3 4173/184/3 4186/184/3
f 4188/138/3 4175/138/3 4174/138/3
f 4188/3/3 4174/3/3 4187/3/3
f 4189/216/3 4176/216/3 4175/216/3
f 4189/138/3 4175/138/3 4188/138/3
f 4190/216/3 4176/216/3 4189/216/3
f 4191/103/3 4178/103/3 4177/103/3
f 4192/103/3 4178/103/3 4191/103/3
f 4193/100/3 4192/100/3 4191/100/3
f 4194/100/3 4192/100/3 4193/100/3
f 4200/209/3 4194/209/3 4193/209/3
f 4201/209/3 4194/209/3 4200/209/3
f 4202/59/3 4196/59/3 4195/59/3
f 4203/59/3 4196/59/3 4202/59/3
f 4204/89/3 4198/89/3 4197/89/3
f 4205/83/3 4199/83/3 4198/83/3
f 4205/89/3 4198/89/3 4204/89/3
f 4206/83/3 4199/83/3 4205/83/3
f 4222/238/3 4208/238/3 4207/238/3
f 4223/253/3 4209/253/3 4208/253/3
f 4223/238/3 4208/238/3 4222/238/3
f 4224/198/3 4210/198/3 4209/198/3
f 4224/253/3 4209/253/3 4223/253/3
f 4225/172/3 4211/172/3 4210/172/3
f 4225/198/3 4210/198/3 4224/198/3
f 4226/172/3 4211/172/3 4225/172/3
f 4227/103/3 4213/103/3 4212/103/3
f 4228/111/3 4214/111/3 4213/111/3
f 4228/103/3 4213/103/3 4227/103/3
f 4229/154/3 4215/154/3 4214/154/3
f 4229/111/3 4214/111/3 4228/111/3
f 4230/154/3 4215/154/3 4229/154/3
f 4231/95/3 4217/95/3 4216/95/3
f 4232/95/3 4217/95/3 4231/95/3
f 4233/131/3 4219/131/3 4218/131/3
f 4234/131/3 4219/131/3 4233/131/3
f 4235/62/3 4221/62/3 4220/62/3
f 4236/62/3 4221/62/3 4235/62/3
f 4237/163/3 4232/163/3 4231/163/3
f 4238/163/3 4232/163/3 4237/163/3
f 4239/50/3 4234/50/3 4233/50/3
f 4240/50/3 4234/50/3 4239/50/3
f 4241/196/3 4236/196/3 4235/196/3
f 4242/196/3 4236/196/3 4241/196/3
f 4250/87/3 4238/87/3 4237/87/3
f 4251/87/3 4238/87/3 4250/87/3
f 4252/159/3 4240/159/3 4239/159/3
f 4253/159/3 4240/159/3 4252/159/3
f 4256/111/3 4244/111/3 4243/111/3
f 4257/216/3 4245/216/3 4244/216/3
f 4257/111/3 4244/111/3 4256/111/3
f 4258/224/3 4246/224/3 4245/224/3
f 4258/216/3 4245/216/3 4257/216/3
f 4259/224/3 4246/224/3 4258/224/3
f 4260/241/3 4248/241/3 4247/241/3
f 4261/156/3 4249/156/3 4248/156/3
f 4261/241/3 4248/241/3 4260/241/3
f 4262/156/3 4249/156/3 4261/156/3
f 4263/176/3 4255/176/3 4254/176/3
f 4264/176/3 4255/176/3 4263/176/3
f 4265/156/3 4257/156/3 4256/156/3
f 4266/156/3 4257/156/3 4265/156/3
f 4267/117/3 4260/117/3 4259/117/3
f 4268/117/3 4260/117/3 4267/117/3
f 4272/209/3 4264/209/3 4263/209/3
f 4273/209/3 4264/209/3 4272/209/3
f 4274/149/3 4266/149/3 4265/149/3
f 4275/149/3 4266/149/3 4274/149/3
f 4276/206/3 4268/206/3 4267/206/3
f 4277/206/3 4268/206/3 4276/206/3
f 4283/82/3 4270/82/3 4269/82/3
f 4284/245/3 4271/245/3 4270/245/3
f 4284/82/3 4270/82/3 4283/82/3
f 4285/126/3 4272/126/3 4271/126/3
f 4285/245/3 4271/245/3 4284/245/3
f 4286/215/3 4273/215/3 4272/215/3
f 4286/126/3 4272/126/3 4285/126/3
f 4287/215/3 4273/215/3 4286/215/3
f 4288/243/3 4278/243/3 4277/243/3
f 4289/162/3 4279/162/3 4278/162/3
f 4289/243/3 4278/243/3 4288/243/3
f 4290/193/3 4280/193/3 4279/193/3
f 4290/162/3 4279/162/3 4289/162/3
f 4291/193/3 4280/193/3 4290/193/3
f 4292/4/3 4282/4/3 4281/4/3
f 4293/4/3 4282/4/3 4292/4/3
f 4294/38/3 4284/38/3 4283/38/3
f 4295/38/3 4284/38/3 4294/38/3
f 4296/7/3 4291/7/3 4290/7/3
f 4297/7/3 4291/7/3 4296/7/3
f 4298/127/3 4293/127/3 4292/127/3
f 4299/127/3 4293/127/3 4298/127/3
f 4302/140/3 4295/140/3 4294/140/3
f 4303/140/3 4295/140/3 4302/140/3
f 4306/162/3 4297/162/3 4296/162/3
f 4307/162/3 4297/162/3 4306/162/3
f 4309/144/3 4299/144/3 4298/144/3
f 4310/144/3 4299/144/3 4309/144/3
f 4311/150/3 4301/150/3 4300/150/3
f 4312/150/3 4301/150/3 4311/150/3
f 4313/61/3 4305/61/3 4304/61/3
f 4314/61/3 4305/61/3 4313/61/3
f 4315/90/3 4307/90/3 4306/90/3
f 4316/47/3 4308/47/3 4307/47/3
f 4316/90/3 4307/90/3 4315/90/3
f 4317/19/3 4309/19/3 4308/19/3
f 4317/47/3 4308/47/3 4316/47/3
f 4318/19/3 4309/19/3 4317/19/3
f 4330/6/3 4320/6/3 4319/6/3
f 4331/143/3 4321/143/3 4320/143/3
f 4331/6/3 4320/6/3 4330/6/3
f 4332/24/3 4322/24/3 4321/24/3
f 4332/143/3 4321/143/3 4331/143/3
f 4333/24/3 4322/24/3 4332/24/3
f 4334/88/3 4324/88/3 4323/88/3
f 4335/137/3 4325/137/3 4324/137/3
f 4335/88/3 4324/88/3 4334/88/3
f 4336/72/3 4326/72/3 4325/72/3
f 4336/137/3 4325/137/3 4335/137/3
f 4337/147/3 4327/147/3 4326/147/3
f 4337/72/3 4326/72/3 4336/72/3
f 4338/147/3 4327/147/3 4337/147/3
f 4339/73/3 4329/73/3 4328/73/3
f 4340/73/3 4329/73/3 4339/73/3
f 4345/226/3 4340/226/3 4339/226/3
f 4346/226/3 4340/226/3 4345/226/3
f 4347/61/3 4342/61/3 4341/61/3
f 4348/61/3 4342/61/3 4347/61/3
f 4349/172/3 4344/172/3 4343/172/3
f 4350/172/3 4344/172/3 4349/172/3
f 4357/3/3 4346/3/3 4345/3/3
f 4358/3/3 4346/3/3 4357/3/3
f 4359/65/3 4348/65/3 4347/65/3
f 4360/65/3 4348/65/3 4359/65/3
f 4361/219/3 4350/219/3 4349/219/3
f 4362/219/3 4350/219/3 4361/219/3
f 4365/235/3 4352/235/3 4351/235/3
f 4366/235/3 4352/235/3 4365/235/3
f 4367/21/3 4354/21/3 4353/21/3
f 4368/21/3 4354/21/3 4367/21/3
f 4369/37/3 4356/37/3 4355/37/3
f 4370/37/3 4356/37/3 4369/37/3
f 4371/107/3 4358/107/3 4357/107/3
f 4372/107/3 4358/107/3 4371/107/3
f 4373/76/3 4362/76/3 4361/76/3
f 4374/76/3 4362/76/3 4373/76/3
f 4375/241/3 4364/241/3 4363/241/3
f 4376/241/3 4364/241/3 4375/241/3
f 4377/231/3 4368/231/3 4367/231/3
f 4378/231/3 4368/231/3 4377/231/3
f 4379/247/3 4370/247/3 4369/247/3
f 4380/247/3 4370/247/3 4379/247/3
f 4381/205/3 4376/205/3 4375/205/3
f 4382/205/3 4376/205/3 4381/205/3
f 4387/71/3 4378/71/3 4377/71/3
f 4388/71/3 4378/71/3 4387/71/3
f 4389/23/3 4380/23/3 4379/23/3
f 4390/23/3 4380/23/3 4389/23/3
f 4398/191/3 4383/191/3 4382/191/3
f 4399/217/3 4384/217/3 4383/217/3
f 4399/191/3 4383/191/3 4398/191/3
f 4400/217/3 4384/217/3 4399/217/3
f 4401/102/3 4386/102/3 4385/102/3
f 4402/113/3 4387/113/3 4386/113/3
f 4402/102/3 4386/102/3 4401/102/3
f 4403/187/3 4388/187/3 4387/187/3
f 4403/113/3 4387/113/3 4402/113/3
f 4404/187/3 4388/187/3 4403/187/3
f 4405/194/3 4390/194/3 4389/194/3
f 4406/112/3 4391/112/3 4390/112/3
f 4406/194/3 4390/194/3 4405/194/3
f 4407/188/3 4392/188/3 4391/188/3
f 4407/112/3 4391/112/3 4406/112/3
f 4408/145/3 4393/145/3 4392/145/3
f 4408/188/3 4392/188/3 4407/188/3
f 4409/145/3 4393/145/3 4408/145/3
f 4410/85/3 4395/85/3 4394/85/3
f 4411/148/3 4396/148/3 4395/148/3
f 4411/85/3 4395/85/3 4410/85/3
f 4412/28/3 4397/28/3 4396/28/3
f 4412/148/3 4396/148/3 4411/148/3
f 4413/28/3 4397/28/3 4412/28/3
f 4430/174/3 4415/174/3 4414/174/3
f 4431/148/3 4416/148/3 4415/148/3
f 4431/174/3 4415/174/3 4430/174/3
f 4432/6/3 4417/6/3 4416/6/3
f 4432/148/3 4416/148/3 4431/148/3
f 4433/6/3 4417/6/3 4432/6/3
f 4434/46/3 4419/46/3 4418/46/3
f 4435/116/3 4420/116/3 4419/116/3
f 4435/46/3 4419/46/3 4434/46/3
f 4436/157/3 4421/157/3 4420/157/3
f 4436/116/3 4420/116/3 4435/116/3
f 4437/58/3 4422/58/3 4421/58/3
f 4437/157/3 4421/157/3 4436/157/3
f 4438/20/3 4423/20/3 4422/20/3
f 4438/58/3 4422/58/3 4437/58/3
f 4439/145/3 4424/145/3 4423/145/3
f 4439/20/3 4423/20/3 4438/20/3
f 4440/145/3 4424/145/3 4439/145/3
f 4441/76/3 4426/76/3 4425/76/3
f 4442/90/3 4427/90/3 4426/90/3
f 4442/76/3 4426/76/3 4441/76/3
f 4443/90/3 4427/90/3 4442/90/3
f 4444/63/3 4429/63/3 4428/63/3
f 4445/63/3 4429/63/3 4444/63/3
f 4446/161/3 4445/161/3 4444/161/3
f 4447/161/3 4445/161/3 4446/161/3
f 4464/203/3 4447/203/3 4446/203/3
f 4465/203/3 4447/203/3 4464/203/3
f 4466/8/3 4449/8/3 4448/8/3
f 4467/8/3 4449/8/3 4466/8/3
f 4468/8/3 4451/8/3 4450/8/3
f 4469/157/3 4452/157/3 4451/157/3
f 4469/8/3 4451/8/3 4468/8/3
f 4470/21/3 4453/21/3 4452/21/3
f 4470/157/3 4452/157/3 4469/157/3
f 4471/21/3 4453/21/3 4470/21/3
f 4472/217/3 4455/217/3 4454/217/3
f 4473/7/3 4456/7/3 4455/7/3
f 4473/217/3 4455/217/3 4472/217/3
f 4474/7/3 4456/7/3 4473/7/3
f 4475/94/3 4458/94/3 4457/94/3
f 4476/176/3 4459/176/3 4458/176/3
f 4476/94/3 4458/94/3 4475/94/3
f 4477/113/3 4460/113/3 4459/113/3
f 4477/176/3 4459/176/3 4476/176/3
f 4478/172/3 4461/172/3 4460/172/3
f 4478/113/3 4460/113/3 4477/113/3
f 4479/14/3 4462/14/3 4461/14/3
f 4479/172/3 4461/172/3 4478/172/3
f 4480/16/3 4463/16/3 4462/16/3
f 4480/14/3 4462/14/3 4479/14/3
f 4481/16/3 4463/16/3 4480/16/3
f 4482/158/3 4467/158/3 4466/158/3
f 4483/158/3 4467/158/3 4482/158/3
f 4484/89/3 4472/89/3 4471/89/3
f 4485/89/3 4472/89/3 4484/89/3
f 4486/89/3 4475/89/3 4474/89/3
f 4487/89/3 4475/89/3 4486/89/3
f 4488/220/3 4483/220/3 4482/220/3
f 4489/220/3 4483/220/3 4488/220/3
f 4490/223/3 4485/223/3 4484/223/3
f 4491/223/3 4485/223/3 4490/223/3
f 4492/51/3 4487/51/3 4486/51/3
f 4493/51/3 4487/51/3 4492/51/3
f 4500/17/3 4491/17/3 4490/17/3
f 4501/17/3 4491/17/3 4500/17/3
f 4502/111/3 4493/111/3 4492/111/3
f 4503/111/3 4493/111/3 4502/111/3
f 4504/11/3 4495/11/3 4494/11/3
f 4505/11/3 4495/11/3 4504/11/3
f 4506/188/3 4497/188/3 4496/188/3
f 4507/188/3 4497/188/3 4506/188/3
f 4508/226/3 4499/226/3 4498/226/3
f 4509/226/3 4499/226/3 4508/226/3
f 4510/27/3 4505/27/3 4504/27/3
f 4511/27/3 4505/27/3 4510/27/3
f 4512/195/3 4509/195/3 4508/195/3
f 4513/195/3 4509/195/3 4512/195/3
f 4520/57/3 4511/57/3 4510/57/3
f 4521/57/3 4511/57/3 4520/57/3
f 4527/168/3 4514/168/3 4513/168/3
f 4528/79/3 4515/79/3 4514/79/3
f 4528/168/3 4514/168/3 4527/168/3
f 4529/113/3 4516/113/3 4515/113/3
f 4529/79/3 4515/79/3 4528/79/3
f 4530/113/3 4516/113/3 4529/113/3
f 4531/190/3 4518/190/3 4517/190/3
f 4532/126/3 4519/126/3 4518/126/3
f 4532/190/3 4518/190/3 4531/190/3
f 4533/126/3 4519/126/3 4532/126/3
f 4535/149/3 4522/149/3 4521/149/3
f 4536/172/3 4523/172/3 4522/172/3
f 4536/149/3 4522/149/3 4535/149/3
f 4537/133/3 4524/133/3 4523/133/3
f 4537/172/3 4523/172/3 4536/172/3
f 4538/133/3 4524/133/3 4537/133/3
f 4539/205/3 4526/205/3 4525/205/3
f 4540/205/3 4526/205/3 4539/205/3
f 4541/238/3 4534/238/3 4533/238/3
f 4542/238/3 4534/238/3 4541/238/3
f 4543/3/3 4540/3/3 4539/3/3
f 4544/3/3 4540/3/3 4543/3/3
f 4551/189/3 4542/189/3 4541/189/3
f 4552/189/3 4542/189/3 4551/189/3
f 4557/72/3 4544/72/3 4543/72/3
f 4558/72/3 4544/72/3 4557/72/3
f 4559/119/3 4546/119/3 4545/119/3
f 4560/119/3 4546/119/3 4559/119/3
f 4561/42/3 4548/42/3 4547/42/3
f 4562/42/3 4548/42/3 4561/42/3
f 4564/110/3 4550/110/3 4549/110/3
f 4565/90/3 4551/90/3 4550/90/3
f 4565/110/3 4550/110/3 4564/110/3
f 4566/45/3 4552/45/3 4551/45/3
f 4566/90/3 4551/90/3 4565/90/3
f 4567/229/3 4553/229/3 4552/229/3
f 4567/45/3 4552/45/3 4566/45/3
f 4568/219/3 4554/219/3 4553/219/3
f 4568/229/3 4553/229/3 4567/229/3
f 4569/219/3 4554/219/3 4568/219/3
f 4571/32/3 4556/32/3 4555/32/3
f 4572/207/3 4557/207/3 4556/207/3
f 4572/32/3 4556/32/3 4571/32/3
f 4573/207/3 4557/207/3 4572/207/3
f 4574/78/3 4562/78/3 4561/78/3
f 4575/78/3 4562/78/3 4574/78/3
f 4576/212/3 4564/212/3 4563/212/3
f 4577/212/3 4564/212/3 4576/212/3
f 4578/62/3 4571/62/3 4570/62/3
f 4579/62/3 4571/62/3 4578/62/3
f 4582/13/3 4575/13/3 4574/13/3
f 4583/13/3 4575/13/3 4582/13/3
f 4584/63/3 4577/63/3 4576/63/3
f 4585/63/3 4577/63/3 4584/63/3
f 4591/78/3 4579/78/3 4578/78/3
f 4592/78/3 4579/78/3 4591/78/3
f 4595/212/3 4581/212/3 4580/212/3
f 4596/214/3 4582/214/3 4581/214/3
f 4596/212/3 4581/212/3 4595/212/3
f 4597/214/3 4582/214/3 4596/214/3
f 4598/161/3 4585/161/3 4584/161/3
f 4599/161/3 4585/161/3 4598/161/3
f 4600/68/3 4587/68/3 4586/68/3
f 4601/68/3 4587/68/3 4600/68/3
f 4602/86/3 4589/86/3 4588/86/3
f 4603/120/3 4590/120/3 4589/120/3
f 4603/86/3 4589/86/3 4602/86/3
f 4604/11/3 4591/11/3 4590/11/3
f 4604/120/3 4590/120/3 4603/120/3
f 4605/105/3 4592/105/3 4591/105/3
f 4605/11/3 4591/11/3 4604/11/3
f 4606/105/3 4592/105/3 4605/105/3
f 4607/154/3 4594/154/3 4593/154/3
f 4608/154/3 4594/154/3 4607/154/3
f 4609/92/3 4606/92/3 4605/92/3
f 4610/92/3 4606/92/3 4609/92/3
f 4611/145/3 4608/145/3 4607/145/3
f 4612/145/3 4608/145/3 4611/145/3
f 4621/47/3 4610/47/3 4609/47/3
f 4622/47/3 4610/47/3 4621/47/3
f 4623/143/3 4612/143/3 4611/143/3
f 4624/143/3 4612/143/3 4623/143/3
f 4625/210/3 4614/210/3 4613/210/3
f 4626/210/3 4614/210/3 4625/210/3
f 4627/118/3 4616/118/3 4615/118/3
f 4628/194/3 4617/194/3 4616/194/3
f 4628/118/3 4616/118/3 4627/118/3
f 4629/75/3 4618/75/3 4617/75/3
f 4629/194/3 4617/194/3 4628/194/3
f 4630/75/3 4618/75/3 4629/75/3
f 4631/28/3 4620/28/3 4619/28/3
f 4632/81/3 4621/81/3 4620/81/3
f 4632/28/3 4620/28/3 4631/28/3
f 4633/240/3 4622/240/3 4621/240/3
f 4633/81/3 4621/81/3 4632/81/3
f 4634/240/3 4622/240/3 4633/240/3
f 4650/186/3 4636/186/3 4635/186/3
f 4651/112/3 4637/112/3 4636/112/3
f 4651/186/3 4636/186/3 4650/186/3
f 4652/81/3 4638/81/3 4637/81/3
f 4652/112/3 4637/112/3 4651/112/3
f 4653/178/3 4639/178/3 4638/178/3
f 4653/81/3 4638/81/3 4652/81/3
f 4654/214/3 4640/214/3 4639/214/3
f 4654/178/3 4639/178/3 4653/178/3
f 4655/233/3 4641/233/3 4640/233/3
f 4655/214/3 4640/214/3 4654/214/3
f 4656/233/3 4641/233/3 4655/233/3
f 4657/215/3 4643/215/3 4642/215/3
f 4658/9/3 4644/9/3 4643/9/3
f 4658/215/3 4643/215/3 4657/215/3
f 4659/47/3 4645/47/3 4644/47/3
f 4659/9/3 4644/9/3 4658/9/3
f 4660/45/3 4646/45/3 4645/45/3
f 4660/47/3 4645/47/3 4659/47/3
f 4661/130/3 4647/130/3 4646/130/3
f 4661/45/3 4646/45/3 4660/45/3
f 4662/130/3 4647/130/3 4661/130/3
f 4663/252/3 4649/252/3 4648/252/3
f 4664/252/3 4649/252/3 4663/252/3
f 4665/153/3 4657/153/3 4656/153/3
f 4666/153/3 4657/153/3 4665/153/3
f 4667/124/3 4664/124/3 4663/124/3
f 4668/124/3 4664/124/3 4667/124/3
f 4678/182/3 4666/182/3 4665/182/3
f 4679/182/3 4666/182/3 4678/182/3
f 4686/82/3 4670/82/3 4669/82/3
f 4687/236/3 4671/236/3 4670/236/3
f 4687/82/3 4670/82/3 4686/82/3
f 4688/124/3 4672/124/3 4671/124/3
f 4688/236/3 4671/236/3 4687/236/3
f 4689/200/3 4673/200/3 4672/200/3
f 4689/124/3 4672/124/3 4688/124/3
f 4690/178/3 4674/178/3 4673/178/3
f 4690/200/3 4673/200/3 4689/200/3
f 4691/1/3 4675/1/3 4674/1/3
f 4691/178/3 4674/178/3 4690/178/3
f 4692/102/3 4676/102/3 4675/102/3
f 4692/1/3 4675/1/3 4691/1/3
f 4693/55/3 4677/55/3 4676/55/3
f 4693/102/3 4676/102/3 4692/102/3
f 4694/246/3 4678/246/3 4677/246/3
f 4694/55/3 4677/55/3 4693/55/3
f 4695/246/3 4678/246/3 4694/246/3
f 4696/187/3 4680/187/3 4679/187/3
f 4697/250/3 4681/250/3 4680/250/3
f 4697/187/3 4680/187/3 4696/187/3
f 4698/231/3 4682/231/3 4681/231/3
f 4698/250/3 4681/250/3 4697/250/3
f 4699/140/3 4683/140/3 4682/140/3
f 4699/231/3 4682/231/3 4698/231/3
f 4700/160/3 4684/160/3 4683/160/3
f 4700/140/3 4683/140/3 4699/140/3
f 4701/178/3 4685/178/3 4684/178/3
f 4701/160/3 4684/160/3 4700/160/3
f 4702/178/3 4685/178/3 4701/178/3
f 4703/154/3 4696/154/3 4695/154/3
f 4704/154/3 4696/154/3 4703/154/3
f 4705/195/3 4699/195/3 4698/195/3
f 4706/195/3 4699/195/3 4705/195/3
f 4716/102/3 4704/102/3 4703/102/3
f 4717/102/3 4704/102/3 4716/102/3
f 4718/67/3 4706/67/3 4705/67/3
f 4719/67/3 4706/67/3 4718/67/3
f 4720/196/3 4708/196/3 4707/196/3
f 4721/216/3 4709/216/3 4708/216/3
f 4721/196/3 4708/196/3 4720/196/3
f 4722/65/3 4710/65/3 4709/65/3
f 4722/216/3 4709/216/3 4721/216/3
f 4723/65/3 4710/65/3 4722/65/3
f 4724/225/3 4712/225/3 4711/225/3
f 4725/225/3 4712/225/3 4724/225/3
f 4726/159/3 4714/159/3 4713/159/3
f 4727/43/3 4715/43/3 4714/43/3
f 4727/159/3 4714/159/3 4726/159/3
f 4728/70/3 4716/70/3 4715/70/3
f 4728/43/3 4715/43/3 4727/43/3
f 4729/70/3 4716/70/3 4728/70/3
f 4730/159/3 4721/159/3 4720/159/3
f 4731/159/3 4721/159/3 4730/159/3
f 4732/251/3 4725/251/3 4724/251/3
f 4733/251/3 4725/251/3 4732/251/3
f 4734/76/3 4727/76/3 4726/76/3
f 4735/76/3 4727/76/3 4734/76/3
f 4736/220/3 4731/220/3 4730/220/3
f 4737/220/3 4731/220/3 4736/220/3
f 4740/228/3 4733/228/3 4732/228/3
f 4741/228/3 4733/228/3 4740/228/3
f 4742/162/3 4735/162/3 4734/162/3
f 4743/162/3 4735/162/3 4742/162/3
f 4752/172/3 4737/172/3 4736/172/3
f 4753/172/3 4737/172/3 4752/172/3
f 4755/29/3 4739/29/3 4738/29/3
f 4756/241/3 4740/241/3 4739/241/3
f 4756/29/3 4739/29/3 4755/29/3
f 4757/230/3 4741/230/3 4740/230/3
f 4757/241/3 4740/241/3 4756/241/3
f 4758/230/3 4741/230/3 4757/230/3
f 4759/132/3 4744/132/3 4743/132/3
f 4760/229/3 4745/229/3 4744/229/3
f 4760/132/3 4744/132/3 4759/132/3
f 4761/10/3 4746/10/3 4745/10/3
f 4761/229/3 4745/229/3 4760/229/3
f 4762/3/3 4747/3/3 4746/3/3
f 4762/10/3 4746/10/3 4761/10/3
f 4763/239/3 4748/239/3 4747/239/3
f 4763/3/3 4747/3/3 4762/3/3
f 4764/235/3 4749/235/3 4748/235/3
f 4764/239/3 4748/239/3 4763/239/3
f 4765/236/3 4750/236/3 4749/236/3
f 4765/235/3 4749/235/3 4764/235/3
f 4766/203/3 4751/203/3 4750/203/3
f 4766/236/3 4750/236/3 4765/236/3
f 4767/203/3 4751/203/3 4766/203/3
f 4768/210/3 4753/210/3 4752/210/3
f 4769/210/3 4753/210/3 4768/210/3
f 4770/48/3 4755/48/3 4754/48/3
f 4771/48/3 4755/48/3 4770/48/3
f 4772/68/3 4765/68/3 4764/68/3
f 4773/68/3 4765/68/3 4772/68/3
f 4774/107/3 4769/107/3 4768/107/3
f 4775/107/3 4769/107/3 4774/107/3
f 4776/73/3 4771/73/3 4770/73/3
f 4777/73/3 4771/73/3 4776/73/3
f 4787/20/3 4773/20/3 4772/20/3
f 4788/20/3 4773/20/3 4787/20/3
f 4794/121/3 4779/121/3 4778/121/3
f 4795/247/3 4780/247/3 4779/247/3
f 4795/121/3 4779/121/3 4794/121/3
f 4796/145/3 4781/145/3 4780/145/3
f 4796/247/3 4780/247/3 4795/247/3
f 4797/181/3 4782/181/3 4781/181/3
f 4797/145/3 4781/145/3 4796/145/3
f 4798/253/3 4783/253/3 4782/253/3
f 4798/181/3 4782/181/3 4797/181/3
f 4799/245/3 4784/245/3 4783/245/3
f 4799/253/3 4783/253/3 4798/253/3
f 4800/142/3 4785/142/3 4784/142/3
f 4800/245/3 4784/245/3 4799/245/3
f 4801/146/3 4786/146/3 4785/146/3
f 4801/142/3 4785/142/3 4800/142/3
f 4802/137/3 4787/137/3 4786/137/3
f 4802/146/3 4786/146/3 4801/146/3
f 4803/2/3 4788/2/3 4787/2/3
f 4803/137/3 4787/137/3 4802/137/3
f 4804/136/3 4789/136/3 4788/136/3
f 4804/2/3 4788/2/3 4803/2/3
f 4805/141/3 4790/141/3 4789/141/3
f 4805/136/3 4789/136/3 4804/136/3
f 4806/196/3 4791/196/3 4790/196/3
f 4806/141/3 4790/141/3 4805/141/3
f 4807/196/3 4791/196/3 4806/196/3
f 4808/249/3 4793/249/3 4792/249/3
f 4809/249/3 4793/249/3 4808/249/3
f 4810/227/3 4798/227/3 4797/227/3
f 4811/227/3 4798/227/3 4810/227/3
f 4812/39/3 4801/39/3 4800/39/3
f 4813/39/3 4801/39/3 4812/39/3
f 4814/35/3 4804/35/3 4803/35/3
f 4815/35/3 4804/35/3 4814/35/3
f 4816/187/3 4807/187/3 4806/187/3
f 4817/187/3 4807/187/3 4816/187/3
f 4818/38/3 4809/38/3 4808/38/3
f 4819/38/3 4809/38/3 4818/38/3
f 4826/235/3 4811/235/3 4810/235/3
f 4827/235/3 4811/235/3 4826/235/3
f 4828/170/3 4813/170/3 4812/170/3
f 4829/170/3 4813/170/3 4828/170/3
f 4830/226/3 4815/226/3 4814/226/3
f 4831/226/3 4815/226/3 4830/226/3
f 4832/43/3 4817/43/3 4816/43/3
f 4833/43/3 4817/43/3 4832/43/3
f 4834/149/3 4819/149/3 4818/149/3
f 4835/149/3 4819/149/3 4834/149/3
f 4836/171/3 4821/171/3 4820/171/3
f 4837/243/3 4822/243/3 4821/243/3
f 4837/171/3 4821/171/3 4836/171/3
f 4838/180/3 4823/180/3 4822/180/3
f 4838/243/3 4822/243/3 4837/243/3
f 4839/249/3 4824/249/3 4823/249/3
f 4839/180/3 4823/180/3 4838/180/3
f 4840/131/3 4825/131/3 4824/131/3
f 4840/249/3 4824/249/3 4839/249/3
f 4841/168/3 4826/168/3 4825/168/3
f 4841/131/3 4825/131/3 4840/131/3
f 4842/168/3 4826/168/3 4841/168/3
f 4843/5/3 4829/5/3 4828/5/3
f 4844/5/3 4829/5/3 4843/5/3
f 4845/95/3 4831/95/3 4830/95/3
f 4846/95/3 4831/95/3 4845/95/3
f 4847/252/3 4833/252/3 4832/252/3
f 4848/252/3 4833/252/3 4847/252/3
f 4849/46/3 4835/46/3 4834/46/3
f 4850/46/3 4835/46/3 4849/46/3
f 4851/174/3 4837/174/3 4836/174/3
f 4852/174/3 4837/174/3 4851/174/3
f 4853/82/3 4840/82/3 4839/82/3
f 4854/82/3 4840/82/3 4853/82/3
f 4855/4/3 4844/4/3 4843/4/3
f 4856/4/3 4844/4/3 4855/4/3
f 4857/167/3 4850/167/3 4849/167/3
f 4858/167/3 4850/167/3 4857/167/3
f 4859/46/3 4852/46/3 4851/46/3
f 4860/46/3 4852/46/3 4859/46/3
f 4861/229/3 4854/229/3 4853/229/3
f 4862/229/3 4854/229/3 4861/229/3
f 4866/135/3 4856/135/3 4855/135/3
f 4867/135/3 4856/135/3 4866/135/3
f 4868/206/3 4860/206/3 4859/206/3
f 4869/206/3 4860/206/3 4868/206/3
f 4870/250/3 4862/250/3 4861/250/3
f 4871/250/3 4862/250/3 4870/250/3
f 4872/220/3 4864/220/3 4863/220/3
f 4873/249/3 4865/249/3 4864/249/3
f 4873/220/3 4864/220/3 4872/220/3
f 4874/119/3 4866/119/3 4865/119/3
f 4874/249/3 4865/249/3 4873/249/3
f 4875/157/3 4867/157/3 4866/157/3
f 4875/119/3 4866/119/3 4874/119/3
f 4876/157/3 4867/157/3 4875/157/3
f 4877/184/4 4878/184/4 4888/184/4
f 4888/184/4 4878/184/4 4889/184/4
f 4879/78/4 4880/78/4 4890/78/4
f 4880/145/4 4881/145/4 4891/145/4
f 4890/78/4 4880/78/4 4891/78/4
f 4881/75/4 4882/75/4 4892/75/4
f 4891/145/4 4881/145/4 4892/145/4
f 4882/12/4 4883/12/4 4893/12/4
f 4892/75/4 4882/75/4 4893/75/4
f 4893/12/4 4883/12/4 4894/12/4
f 4884/71/4 4885/71/4 4895/71/4
f 4885/9/4 4886/9/4 4896/9/4
f 4895/71/4 4885/71/4 4896/71/4
f 4886/238/4 4887/238/4 4897/238/4
f 4896/9/4 4886/9/4 4897/9/4
f 4897/238/4 4887/238/4 4898/238/4
f 4888/58/4 4889/58/4 4899/58/4
f 4899/58/4 4889/58/4 4900/58/4
f 4890/216/4 4891/216/4 4901/216/4
f 4901/216/4 4891/216/4 4902/216/4
f 4899/214/4 4900/214/4 4908/214/4
f 4908/214/4 4900/214/4 4909/214/4
f 4901/111/4 4902/111/4 4910/111/4
f 4910/111/4 4902/111/4 4911/111/4
f 4903/159/4 4904/159/4 4914/159/4
f 4914/159/4 4904/159/4 4915/159/4
f 4905/251/4 4906/251/4 4916/251/4
f 4906/66/4 4907/66/4 4917/66/4
f 4916/251/4 4906/251/4 4917/251/4
f 4907/52/4 4908/52/4 4918/52/4
f 4917/66/4 4907/66/4 4918/66/4
f 4908/63/4 4909/63/4 4919/63/4
f 4918/52/4 4908/52/4 4919/52/4
f 4909/97/4 4910/97/4 4920/97/4
f 4919/63/4 4909/63/4 4920/63/4
f 4910/81/4 4911/81/4 4921/81/4
f 4920/97/4 4910/97/4 4921/97/4
f 4911/130/4 4912/130/4 4922/130/4
f 4921/81/4 4911/81/4 4922/81/4
f 4912/200/4 4913/200/4 4923/200/4
f 4922/130/4 4912/130/4 4923/130/4
f 4923/200/4 4913/200/4 4924/200/4
f 4914/184/4 4915/184/4 4927/184/4
f 4927/184/4 4915/184/4 4928/184/4
f 4925/17/4 4926/17/4 4929/17/4
f 4929/17/4 4926/17/4 4930/17/4
f 4927/33/4 4928/33/4 4931/33/4
f 4931/33/4 4928/33/4 4932/33/4
f 4929/91/4 4930/91/4 4937/91/4
f 4937/91/4 4930/91/4 4938/91/4
f 4933/61/4 4934/61/4 4942/61/4
f 4942/61/4 4934/61/4 4943/61/4
f 4935/80/4 4936/80/4 4946/80/4
f 4936/246/4 4937/246/4 4947/246/4
f 4946/80/4 4936/80/4 4947/80/4
f 4937/145/4 4938/145/4 4948/145/4
f 4947/246/4 4937/246/4 4948/246/4
f 4938/252/4 4939/252/4 4949/252/4
f 4948/145/4 4938/145/4 4949/145/4
f 4939/113/4 4940/113/4 4950/113/4
f 4949/252/4 4939/252/4 4950/252/4
f 4940/253/4 4941/253/4 4951/253/4
f 4950/113/4 4940/113/4 4951/113/4
f 4951/253/4 4941/253/4 4952/253/4
f 4942/75/4 4943/75/4 4953/75/4
f 4953/75/4 4943/75/4 4954/75/4
f 4944/249/4 4945/249/4 4955/249/4
f 4955/249/4 4945/249/4 4956/249/4
f 4953/159/4 4954/159/4 4957/159/4
f 4957/159/4 4954/159/4 4958/159/4
f 4955/251/4 4956/251/4 4960/251/4
f 4960/251/4 4956/251/4 4961/251/4
f 4957/78/4 4958/78/4 4967/78/4
f 4958/223/4 4959/223/4 4968/223/4
f 4967/78/4 4958/78/4 4968/78/4
f 4959/71/4 4960/71/4 4969/71/4
f 4968/223/4 4959/223/4 4969/223/4
f 4960/7/4 4961/7/4 4970/7/4
f 4969/71/4 4960/71/4 4970/71/4
f 4970/7/4 4961/7/4 4971/7/4
f 4962/12/4 4963/12/4 4972/12/4
f 4963/225/4 4964/225/4 4973/225/4
f 4972/12/4 4963/12/4 4973/12/4
f 4973/225/4 4964/225/4 4974/225/4
f 4965/130/4 4966/130/4 4976/130/4
f 4976/130/4 4966/130/4 4977/130/4
f 4974/120/4 4975/120/4 4978/120/4
f 4978/120/4 4975/120/4 4979/120/4
f 4976/92/4 4977/92/4 4980/92/4
f 4980/92/4 4977/92/4 4981/92/4
f 4978/238/4 4979/238/4 4984/238/4
f 4984/238/4 4979/238/4 4985/238/4
f 4980/188/4 4981/188/4 4986/188/4
f 4986/188/4 4981/188/4 4987/188/4
f 4982/56/4 4983/56/4 4988/56/4
f 4988/56/4 4983/56/4 4989/56/4
f 4984/216/4 4985/216/4 4990/216/4
f 4990/216/4 4985/216/4 4991/216/4
f 4988/168/4 4989/168/4 4992/168/4
f 4992/168/4 4989/168/4 4993/168/4
f 4992/96/4 4993/96/4 4996/96/4
f 4996/96/4 4993/96/4 4997/96/4
f 4994/43/4 4995/43/4 5008/43/4
f 5008/43/4 4995/43/4 5009/43/4
f 4996/97/4 4997/97/4 5010/97/4
f 4997/172/4 4998/172/4 5011/172/4
f 5010/97/4 4997/97/4 5011/97/4
f 4998/4/4 4999/4/4 5012/4/4
f 5011/172/4 4998/172/4 5012/172/4
f 4999/252/4 5000/252/4 5013/252/4
f 5012/4/4 4999/4/4 5013/4/4
f 5000/225/4 5001/225/4 5014/225/4
f 5013/252/4 5000/252/4 5014/252/4
f 5001/34/4 5002/34/4 5015/34/4
f 5014/225/4 5001/225/4 5015/225/4
f 5002/251/4 5003/251/4 5016/251/4
f 5015/34/4 5002/34/4 5016/34/4
f 5003/47/4 5004/47/4 5017/47/4
f 5016/251/4 5003/251/4 5017/251/4
f 5004/155/4 5005/155/4 5018/155/4
f 5017/47/4 5004/47/4 5018/47/4
f 5018/155/4 5005/155/4 5019/155/4
f 5006/157/4 5007/157/4 5021/157/4
f 5021/157/4 5007/157/4 5022/157/4
f 5008/97/4 5009/97/4 5023/97/4
f 5023/97/4 5009/97/4 5024/97/4
f 5016/39/4 5017/39/4 5025/39/4
f 5025/39/4 5017/39/4 5026/39/4
f 5019/43/4 5020/43/4 5027/43/4
f 5027/43/4 5020/43/4 5028/43/4
f 5021/170/4 5022/170/4 5032/170/4
f 5032/170/4 5022/170/4 5033/170/4
f 5023/150/4 5024/150/4 5034/150/4
f 5034/150/4 5024/150/4 5035/150/4
f 5025/211/4 5026/211/4 5039/211/4
f 5039/211/4 5026/211/4 5040/211/4
f 5027/153/4 5028/153/4 5041/153/4
f 5041/153/4 5028/153/4 5042/153/4
f 5029/142/4 5030/142/4 5043/142/4
f 5030/237/4 5031/237/4 5044/237/4
f 5043/142/4 5030/142/4 5044/142/4
f 5031/234/4 5032/234/4 5045/234/4
f 5044/237/4 5031/237/4 5045/237/4
f 5032/173/4 5033/173/4 5046/173/4
f 5045/234/4 5032/234/4 5046/234/4
f 5046/173/4 5033/173/4 5047/173/4
f 5036/216/4 5037/216/4 5048/216/4
f 5037/144/4 5038/144/4 5049/144/4
f 5048/216/4 5037/216/4 5049/216/4
f 5049/144/4 5038/144/4 5050/144/4
f 5039/46/4 5040/46/4 5051/46/4
f 5051/46/4 5040/46/4 5052/46/4
f 5041/71/4 5042/71/4 5053/71/4
f 5053/71/4 5042/71/4 5054/71/4
f 5055/219/4 5056/219/4 5065/219/4
f 5056/128/4 5057/128/4 5066/128/4
f 5065/219/4 5056/219/4 5066/219/4
f 5057/113/4 5058/113/4 5067/113/4
f 5066/128/4 5057/128/4 5067/128/4
f 5058/64/4 5059/64/4 5068/64/4
f 5067/113/4 5058/113/4 5068/113/4
f 5059/198/4 5060/198/4 5069/198/4
f 5068/64/4 5059/64/4 5069/64/4
f 5060/222/4 5061/222/4 5070/222/4
f 5069/198/4 5060/198/4 5070/198/4
f 5070/222/4 5061/222/4 5071/222/4
f 5062/35/4 5063/35/4 5073/35/4
f 5063/31/4 5064/31/4 5074/31/4
f 5073/35/4 5063/35/4 5074/35/4
f 5074/31/4 5064/31/4 5075/31/4
f 5071/95/4 5072/95/4 5076/95/4
f 5076/95/4 5072/95/4 5077/95/4
f 5076/205/4 5077/205/4 5082/205/4
f 5082/205/4 5077/205/4 5083/205/4
f 5078/22/4 5079/22/4 5088/22/4
f 5079/234/4 5080/234/4 5089/234/4
f 5088/22/4 5079/22/4 5089/22/4
f 5080/36/4 5081/36/4 5090/36/4
f 5089/234/4 5080/234/4 5090/234/4
f 5090/36/4 5081/36/4 5091/36/4
f 5082/157/4 5083/157/4 5094/157/4
f 5094/157/4 5083/157/4 5095/157/4
f 5084/158/4 5085/158/4 5096/158/4
f 5096/158/4 5085/158/4 5097/158/4
f 5086/146/4 5087/146/4 5098/146/4
f 5098/146/4 5087/146/4 5099/146/4
f 5092/101/4 5093/101/4 5100/101/4
f 5100/101/4 5093/101/4 5101/101/4
f 5094/127/4 5095/127/4 5102/127/4
f 5102/127/4 5095/127/4 5103/127/4
f 5098/86/4 5099/86/4 5104/86/4
f 5104/86/4 5099/86/4 5105/86/4
f 5100/38/4 5101/38/4 5113/38/4
f 5113/38/4 5101/38/4 5114/38/4
f 5102/89/4 5103/89/4 5115/89/4
f 5115/89/4 5103/89/4 5116/89/4
f 5104/209/4 5105/209/4 5120/209/4
f 5120/209/4 5105/209/4 5121/209/4
f 5106/126/4 5107/126/4 5122/126/4
f 5107/80/4 5108/80/4 5123/80/4
f 5122/126/4 5107/126/4 5123/126/4
f 5108/177/4 5109/177/4 5124/177/4
f 5123/80/4 5108/80/4 5124/80/4
f 5109/99/4 5110/99/4 5125/99/4
f 5124/177/4 5109/177/4 5125/177/4
f 5110/219/4 5111/219/4 5126/219/4
f 5125/99/4 5110/99/4 5126/99/4
f 5111/82/4 5112/82/4 5127/82/4
f 5126/219/4 5111/219/4 5127/219/4
f 5127/82/4 5112/82/4 5128/82/4
f 5113/103/4 5114/103/4 5129/103/4
f 5129/103/4 5114/103/4 5130/103/4
f 5115/221/4 5116/221/4 5131/221/4
f 5116/56/4 5117/56/4 5132/56/4
f 5131/221/4 5116/221/4 5132/221/4
f 5117/162/4 5118/162/4 5133/162/4
f 5132/56/4 5117/56/4 5133/56/4
f 5118/219/4 5119/219/4 5134/219/4
f 5133/162/4 5118/162/4 5134/162/4
f 5134/219/4 5119/219/4 5135/219/4
f 5124/218/4 5125/218/4 5138/218/4
f 5138/218/4 5125/218/4 5139/218/4
f 5136/174/4 5137/174/4 5140/174/4
f 5140/174/4 5137/174/4 5141/174/4
f 5138/203/4 5139/203/4 5145/203/4
f 5145/203/4 5139/203/4 5146/203/4
f 5140/121/4 5141/121/4 5157/121/4
f 5157/121/4 5141/121/4 5158/121/4
f 5142/146/4 5143/146/4 5159/146/4
f 5143/236/4 5144/236/4 5160/236/4
f 5159/146/4 5143/146/4 5160/146/4
f 5144/127/4 5145/127/4 5161/127/4
f 5160/236/4 5144/236/4 5161/236/4
f 5145/184/4 5146/184/4 5162/184/4
f 5161/127/4 5145/127/4 5162/127/4
f 5162/184/4 5146/184/4 5163/184/4
f 5147/116/4 5148/116/4 5165/116/4
f 5148/68/4 5149/68/4 5166/68/4
f 5165/116/4 5148/116/4 5166/116/4
f 5166/68/4 5149/68/4 5167/68/4
f 5150/207/4 5151/207/4 5168/207/4
f 5151/90/4 5152/90/4 5169/90/4
f 5168/207/4 5151/207/4 5169/207/4
f 5152/130/4 5153/130/4 5170/130/4
f 5169/90/4 5152/90/4 5170/90/4
f 5170/130/4 5153/130/4 5171/130/4
f 5154/33/4 5155/33/4 5172/33/4
f 5155/229/4 5156/229/4 5173/229/4
f 5172/33/4 5155/33/4 5173/33/4
f 5156/250/4 5157/250/4 5174/250/4
f 5173/229/4 5156/229/4 5174/229/4
f 5157/160/4 5158/160/4 5175/160/4
f 5174/250/4 5157/250/4 5175/250/4
f 5175/160/4 5158/160/4 5176/160/4
f 5159/23/4 5160/23/4 5177/23/4
f 5177/23/4 5160/23/4 5178/23/4
f 5164/97/4 5165/97/4 5179/97/4
f 5179/97/4 5165/97/4 5180/97/4
f 5167/10/4 5168/10/4 5181/10/4
f 5181/10/4 5168/10/4 5182/10/4
f 5177/68/4 5178/68/4 5183/68/4
f 5183/68/4 5178/68/4 5184/68/4
f 5179/196/4 5180/196/4 5185/196/4
f 5185/196/4 5180/196/4 5186/196/4
f 5181/146/4 5182/146/4 5187/146/4
f 5187/146/4 5182/146/4 5188/146/4
f 5183/83/4 5184/83/4 5196/83/4
f 5196/83/4 5184/83/4 5197/83/4
f 5185/249/4 5186/249/4 5198/249/4
f 5198/249/4 5186/249/4 5199/249/4
f 5187/7/4 5188/7/4 5200/7/4
f 5200/7/4 5188/7/4 5201/7/4
f 5189/223/4 5190/223/4 5202/223/4
f 5190/84/4 5191/84/4 5203/84/4
f 5202/223/4 5190/223/4 5203/223/4
f 5191/147/4 5192/147/4 5204/147/4
f 5203/84/4 5191/84/4 5204/84/4
f 5192/100/4 5193/100/4 5205/100/4
f 5204/147/4 5192/147/4 5205/147/4
f 5193/178/4 5194/178/4 5206/178/4
f 5205/100/4 5193/100/4 5206/100/4
f 5194/77/4 5195/77/4 5207/77/4
f 5206/178/4 5194/178/4 5207/178/4
f 5207/77/4 5195/77/4 5208/77/4
f 5198/191/4 5199/191/4 5210/191/4
f 5210/191/4 5199/191/4 5211/191/4
f 5208/119/4 5209/119/4 5212/119/4
f 5212/119/4 5209/119/4 5213/119/4
f 5210/161/4 5211/161/4 5217/161/4
f 5217/161/4 5211/161/4 5218/161/4
f 5212/97/4 5213/97/4 5226/97/4
f 5226/97/4 5213/97/4 5227/97/4
f 5214/180/4 5215/180/4 5228/180/4
f 5215/185/4 5216/185/4 5229/185/4
f 5228/180/4 5215/180/4 5229/180/4
f 5216/82/4 5217/82/4 5230/82/4
f 5229/185/4 5216/185/4 5230/185/4
f 5217/23/4 5218/23/4 5231/23/4
f 5230/82/4 5217/82/4 5231/82/4
f 5231/23/4 5218/23/4 5232/23/4
f 5219/90/4 5220/90/4 5233/90/4
f 5220/217/4 5221/217/4 5234/217/4
f 5233/90/4 5220/90/4 5234/90/4
f 5221/75/4 5222/75/4 5235/75/4
f 5234/217/4 5221/217/4 5235/217/4
f 5235/75/4 5222/75/4 5236/75/4
f 5223/37/4 5224/37/4 5237/37/4
f 5224/88/4 5225/88/4 5238/88/4
f 5237/37/4 5224/37/4 5238/37/4
f 5225/57/4 5226/57/4 5239/57/4
f 5238/88/4 5225/88/4 5239/88/4
f 5226/94/4 5227/94/4 5240/94/4
f 5239/57/4 5226/57/4 5240/57/4
f 5240/94/4 5227/94/4 5241/94/4
f 5231/66/4 5232/66/4 5242/66/4
f 5242/66/4 5232/66/4 5243/66/4
f 5233/234/4 5234/234/4 5244/234/4
f 5244/234/4 5234/234/4 5245/234/4
f 5242/144/4 5243/144/4 5246/144/4
f 5246/144/4 5243/144/4 5247/144/4
f 5244/183/4 5245/183/4 5248/183/4
f 5248/183/4 5245/183/4 5249/183/4
f 5246/219/4 5247/219/4 5255/219/4
f 5255/219/4 5247/219/4 5256/219/4
f 5248/147/4 5249/147/4 5257/147/4
f 5257/147/4 5249/147/4 5258/147/4
f 5250/74/4 5251/74/4 5259/74/4
f 5259/74/4 5251/74/4 5260/74/4
f 5252/251/4 5253/251/4 5261/251/4
f 5253/12/4 5254/12/4 5262/12/4
f 5261/251/4 5253/251/4 5262/251/4
f 5262/12/4 5254/12/4 5263/12/4
f 5264/77/4 5265/77/4 5274/77/4
f 5265/172/4 5266/172/4 5275/172/4
f 5274/77/4 5265/77/4 5275/77/4
f 5266/81/4 5267/81/4 5276/81/4
f 5275/172/4 5266/172/4 5276/172/4
f 5276/81/4 5267/81/4 5277/81/4
f 5268/239/4 5269/239/4 5278/239/4
f 5278/239/4 5269/239/4 5279/239/4
f 5270/52/4 5271/52/4 5280/52/4
f 5280/52/4 5271/52/4 5281/52/4
f 5272/85/4 5273/85/4 5282/85/4
f 5282/85/4 5273/85/4 5283/85/4
f 5280/158/4 5281/158/4 5284/158/4
f 5284/158/4 5281/158/4 5285/158/4
f 5282/153/4 5283/153/4 5286/153/4
f 5286/153/4 5283/153/4 5287/153/4
f 5284/91/4 5285/91/4 5296/91/4
f 5296/91/4 5285/91/4 5297/91/4
f 5286/118/4 5287/118/4 5298/118/4
f 5298/118/4 5287/118/4 5299/118/4
f 5288/83/4 5289/83/4 5300/83/4
f 5289/35/4 5290/35/4 5301/35/4
f 5300/83/4 5289/83/4 5301/83/4
f 5290/58/4 5291/58/4 5302/58/4
f 5301/35/4 5290/35/4 5302/35/4
f 5302/58/4 5291/58/4 5303/58/4
f 5292/33/4 5293/33/4 5304/33/4
f 5293/23/4 5294/23/4 5305/23/4
f 5304/33/4 5293/33/4 5305/33/4
f 5294/171/4 5295/171/4 5306/171/4
f 5305/23/4 5294/23/4 5306/23/4
f 5306/171/4 5295/171/4 5307/171/4
f 5296/34/4 5297/34/4 5309/34/4
f 5309/34/4 5297/34/4 5310/34/4
f 5298/151/4 5299/151/4 5311/151/4
f 5311/151/4 5299/151/4 5312/151/4
f 5300/43/4 5301/43/4 5313/43/4
f 5313/43/4 5301/43/4 5314/43/4
f 5307/115/4 5308/115/4 5315/115/4
f 5315/115/4 5308/115/4 5316/115/4
f 5309/199/4 5310/199/4 5317/199/4
f 5317/199/4 5310/199/4 5318/199/4
f 5311/156/4 5312/156/4 5319/156/4
f 5319/156/4 5312/156/4 5320/156/4
f 5313/174/4 5314/174/4 5321/174/4
f 5321/174/4 5314/174/4 5322/174/4
f 5315/215/4 5316/215/4 5327/215/4
f 5327/215/4 5316/215/4 5328/215/4
f 5317/68/4 5318/68/4 5332/68/4
f 5332/68/4 5318/68/4 5333/68/4
f 5319/91/4 5320/91/4 5334/91/4
f 5334/91/4 5320/91/4 5335/91/4
f 5323/208/4 5324/208/4 5336/208/4
f 5324/129/4 5325/129/4 5337/129/4
f 5336/208/4 5324/208/4 5337/208/4
f 5325/55/4 5326/55/4 5338/55/4
f 5337/129/4 5325/129/4 5338/129/4
f 5338/55/4 5326/55/4 5339/55/4
f 5327/52/4 5328/52/4 5340/52/4
f 5328/109/4 5329/109/4 5341/109/4
f 5340/52/4 5328/52/4 5341/52/4
f 5329/13/4 5330/13/4 5342/13/4
f 5341/109/4 5329/109/4 5342/109/4
f 5330/245/4 5331/245/4 5343/245/4
f 5342/13/4 5330/13/4 5343/13/4
f 5343/245/4 5331/245/4 5344/245/4
f 5332/182/4 5333/182/4 5345/182/4
f 5345/182/4 5333/182/4 5346/182/4
f 5343/76/4 5344/76/4 5347/76/4
f 5347/76/4 5344/76/4 5348/76/4
f 5347/159/4 5348/159/4 5355/159/4
f 5355/159/4 5348/159/4 5356/159/4
f 5349/131/4 5350/131/4 5360/131/4
f 5360/131/4 5350/131/4 5361/131/4
f 5351/18/4 5352/18/4 5364/18/4
f 5352/9/4 5353/9/4 5365/9/4
f 5364/18/4 5352/18/4 5365/18/4
f 5353/55/4 5354/55/4 5366/55/4
f 5365/9/4 5353/9/4 5366/9/4
f 5366/55/4 5354/55/4 5367/55/4
f 5355/53/4 5356/53/4 5368/53/4
f 5356/148/4 5357/148/4 5369/148/4
f 5368/53/4 5356/53/4 5369/53/4
f 5357/154/4 5358/154/4 5370/154/4
f 5369/148/4 5357/148/4 5370/148/4
f 5358/197/4 5359/197/4 5371/197/4
f 5370/154/4 5358/154/4 5371/154/4
f 5371/197/4 5359/197/4 5372/197/4
f 5360/88/4 5361/88/4 5373/88/4
f 5373/88/4 5361/88/4 5374/88/4
f 5362/57/4 5363/57/4 5375/57/4
f 5375/57/4 5363/57/4 5376/57/4
f 5371/172/4 5372/172/4 5377/172/4
f 5377/172/4 5372/172/4 5378/172/4
f 5373/64/4 5374/64/4 5379/64/4
f 5379/64/4 5374/64/4 5380/64/4
f 5375/48/4 5376/48/4 5384/48/4
f 5384/48/4 5376/48/4 5385/48/4
f 5377/236/4 5378/236/4 5391/236/4
f 5391/236/4 5378/236/4 5392/236/4
f 5379/171/4 5380/171/4 5393/171/4
f 5380/182/4 5381/182/4 5394/182/4
f 5393/171/4 5380/171/4 5394/171/4
f 5381/21/4 5382/21/4 5395/21/4
f 5394/182/4 5381/182/4 5395/182/4
f 5382/52/4 5383/52/4 5396/52/4
f 5395/21/4 5382/21/4 5396/21/4
f 5396/52/4 5383/52/4 5397/52/4
f 5384/154/4 5385/154/4 5398/154/4
f 5398/154/4 5385/154/4 5399/154/4
f 5386/63/4 5387/63/4 5400/63/4
f 5387/221/4 5388/221/4 5401/221/4
f 5400/63/4 5387/63/4 5401/63/4
f 5388/47/4 5389/47/4 5402/47/4
f 5401/221/4 5388/221/4 5402/221/4
f 5389/96/4 5390/96/4 5403/96/4
f 5402/47/4 5389/47/4 5403/47/4
f 5403/96/4 5390/96/4 5404/96/4
f 5391/51/4 5392/51/4 5405/51/4
f 5405/51/4 5392/51/4 5406/51/4
f 5393/63/4 5394/63/4 5407/63/4
f 5407/63/4 5394/63/4 5408/63/4
f 5403/73/4 5404/73/4 5409/73/4
f 5409/73/4 5404/73/4 5410/73/4
f 5405/131/4 5406/131/4 5411/131/4
f 5411/131/4 5406/131/4 5412/131/4
f 5407/126/4 5408/126/4 5413/126/4
f 5413/126/4 5408/126/4 5414/126/4
f 5409/221/4 5410/221/4 5423/221/4
f 5423/221/4 5410/221/4 5424/221/4
f 5411/232/4 5412/232/4 5426/232/4
f 5426/232/4 5412/232/4 5427/232/4
f 5415/48/4 5416/48/4 5428/48/4
f 5428/48/4 5416/48/4 5429/48/4
f 5417/150/4 5418/150/4 5430/150/4
f 5418/201/4 5419/201/4 5431/201/4
f 5430/150/4 5418/150/4 5431/150/4
f 5419/190/4 5420/190/4 5432/190/4
f 5431/201/4 5419/201/4 5432/201/4
f 5420/178/4 5421/178/4 5433/178/4
f 5432/190/4 5420/190/4 5433/190/4
f 5421/164/4 5422/164/4 5434/164/4
f 5433/178/4 5421/178/4 5434/178/4
f 5422/13/4 5423/13/4 5435/13/4
f 5434/164/4 5422/164/4 5435/164/4
f 5423/122/4 5424/122/4 5436/122/4
f 5435/13/4 5423/13/4 5436/13/4
f 5424/196/4 5425/196/4 5437/196/4
f 5436/122/4 5424/122/4 5437/122/4
f 5425/130/4 5426/130/4 5438/130/4
f 5437/196/4 5425/196/4 5438/196/4
f 5426/66/4 5427/66/4 5439/66/4
f 5438/130/4 5426/130/4 5439/130/4
f 5439/66/4 5427/66/4 5440/66/4
f 5428/100/4 5429/100/4 5441/100/4
f 5441/100/4 5429/100/4 5442/100/4
f 5433/137/4 5434/137/4 5443/137/4
f 5443/137/4 5434/137/4 5444/137/4
f 5441/81/4 5442/81/4 5451/81/4
f 5451/81/4 5442/81/4 5452/81/4
f 5443/156/4 5444/156/4 5455/156/4
f 5455/156/4 5444/156/4 5456/156/4
f 5445/145/4 5446/145/4 5457/145/4
f 5446/211/4 5447/211/4 5458/211/4
f 5457/145/4 5446/145/4 5458/145/4
f 5447/149/4 5448/149/4 5459/149/4
f 5458/211/4 5447/211/4 5459/211/4
f 5459/149/4 5448/149/4 5460/149/4
f 5449/141/4 5450/141/4 5461/141/4
f 5450/226/4 5451/226/4 5462/226/4
f 5461/141/4 5450/141/4 5462/141/4
f 5462/226/4 5451/226/4 5463/226/4
f 5453/192/4 5454/192/4 5464/192/4
f 5454/253/4 5455/253/4 5465/253/4
f 5464/192/4 5454/192/4 5465/192/4
f 5465/253/4 5455/253/4 5466/253/4
f 5467/144/4 5468/144/4 5480/144/4
f 5468/204/4 5469/204/4 5481/204/4
f 5480/144/4 5468/144/4 5481/144/4
f 5481/204/4 5469/204/4 5482/204/4
f 5470/122/4 5471/122/4 5483/122/4
f 5471/2/4 5472/2/4 5484/2/4
f 5483/122/4 5471/122/4 5484/122/4
f 5484/2/4 5472/2/4 5485/2/4
f 5473/88/4 5474/88/4 5486/88/4
f 5474/89/4 5475/89/4 5487/89/4
f 5486/88/4 5474/88/4 5487/88/4
f 5475/130/4 5476/130/4 5488/130/4
f 5487/89/4 5475/89/4 5488/89/4
f 5476/208/4 5477/208/4 5489/208/4
f 5488/130/4 5476/130/4 5489/130/4
f 5489/208/4 5477/208/4 5490/208/4
f 5478/125/4 5479/125/4 5491/125/4
f 5491/125/4 5479/125/4 5492/125/4
f 5482/153/4 5483/153/4 5493/153/4
f 5493/153/4 5483/153/4 5494/153/4
f 5486/98/4 5487/98/4 5495/98/4
f 5495/98/4 5487/98/4 5496/98/4
f 5491/140/4 5492/140/4 5497/140/4
f 5497/140/4 5492/140/4 5498/140/4
f 5493/216/4 5494/216/4 5502/216/4
f 5502/216/4 5494/216/4 5503/216/4
f 5495/52/4 5496/52/4 5506/52/4
f 5506/52/4 5496/52/4 5507/52/4
f 5497/40/4 5498/40/4 5508/40/4
f 5508/40/4 5498/40/4 5509/40/4
f 5499/47/4 5500/47/4 5510/47/4
f 5500/188/4 5501/188/4 5511/188/4
f 5510/47/4 5500/47/4 5511/47/4
f 5501/143/4 5502/143/4 5512/143/4
f 5511/188/4 5501/188/4 5512/188/4
f 5502/253/4 5503/253/4 5513/253/4
f 5512/143/4 5502/143/4 5513/143/4
f 5513/253/4 5503/253/4 5514/253/4
f 5504/154/4 5505/154/4 5515/154/4
f 5505/108/4 5506/108/4 5516/108/4
f 5515/154/4 5505/154/4 5516/154/4
f 5506/15/4 5507/15/4 5517/15/4
f 5516/108/4 5506/108/4 5517/108/4
f 5517/15/4 5507/15/4 5518/15/4
f 5519/58/4 5520/58/4 5521/58/4
f 5521/58/4 5520/58/4 5522/58/4
f 5521/19/4 5522/19/4 5532/19/4
f 5532/19/4 5522/19/4 5533/19/4
f 5523/32/4 5524/32/4 5534/32/4
f 5534/32/4 5524/32/4 5535/32/4
f 5525/205/4 5526/205/4 5536/205/4
f 5526/248/4 5527/248/4 5537/248/4
f 5536/205/4 5526/205/4 5537/205/4
f 5527/116/4 5528/116/4 5538/116/4
f 5537/248/4 5527/248/4 5538/248/4
f 5538/116/4 5528/116/4 5539/116/4
f 5529/69/4 5530/69/4 5540/69/4
f 5530/172/4 5531/172/4 5541/172/4
f 5540/69/4 5530/69/4 5541/69/4
f 5531/119/4 5532/119/4 5542/119/4
f 5541/172/4 5531/172/4 5542/172/4
f 5532/122/4 5533/122/4 5543/122/4
f 5542/119/4 5532/119/4 5543/119/4
f 5543/122/4 5533/122/4 5544/122/4
f 5540/168/4 5541/168/4 5545/168/4
f 5545/168/4 5541/168/4 5546/168/4
f 5545/48/4 5546/48/4 5553/48/4
f 5553/48/4 5546/48/4 5554/48/4
f 5547/126/4 5548/126/4 5555/126/4
f 5548/223/4 5549/223/4 5556/223/4
f 5555/126/4 5548/126/4 5556/126/4
f 5549/16/4 5550/16/4 5557/16/4
f 5556/223/4 5549/223/4 5557/223/4
f 5557/16/4 5550/16/4 5558/16/4
f 5551/180/4 5552/180/4 5562/180/4
f 5562/180/4 5552/180/4 5563/180/4
f 5553/201/4 5554/201/4 5564/201/4
f 5564/201/4 5554/201/4 5565/201/4
f 5558/240/4 5559/240/4 5566/240/4
f 5566/240/4 5559/240/4 5567/240/4
f 5560/125/4 5561/125/4 5568/125/4
f 5568/125/4 5561/125/4 5569/125/4
f 5566/170/4 5567/170/4 5572/170/4
f 5572/170/4 5567/170/4 5573/170/4
f 5568/197/4 5569/197/4 5577/197/4
f 5577/197/4 5569/197/4 5578/197/4
f 5570/70/4 5571/70/4 5583/70/4
f 5571/141/4 5572/141/4 5584/141/4
f 5583/70/4 5571/70/4 5584/70/4
f 5572/96/4 5573/96/4 5585/96/4
f 5584/141/4 5572/141/4 5585/141/4
f 5573/21/4 5574/21/4 5586/21/4
f 5585/96/4 5573/96/4 5586/96/4
f 5574/82/4 5575/82/4 5587/82/4
f 5586/21/4 5574/21/4 5587/21/4
f 5575/140/4 5576/140/4 5588/140/4
f 5587/82/4 5575/82/4 5588/82/4
f 5588/140/4 5576/140/4 5589/140/4
f 5577/34/4 5578/34/4 5590/34/4
f 5590/34/4 5578/34/4 5591/34/4
f 5579/160/4 5580/160/4 5592/160/4
f 5580/105/4 5581/105/4 5593/105/4
f 5592/160/4 5580/160/4 5593/160/4
f 5581/97/4 5582/97/4 5594/97/4
f 5593/105/4 5581/105/4 5594/105/4
f 5594/97/4 5582/97/4 5595/97/4
f 5588/30/4 5589/30/4 5596/30/4
f 5596/30/4 5589/30/4 5597/30/4
f 5590/197/4 5591/197/4 5598/197/4
f 5598/197/4 5591/197/4 5599/197/4
f 5596/160/4 5597/160/4 5604/160/4
f 5604/160/4 5597/160/4 5605/160/4
f 5598/53/4 5599/53/4 5606/53/4
f 5606/53/4 5599/53/4 5607/53/4
f 5600/191/4 5601/191/4 5614/191/4
f 5601/149/4 5602/149/4 5615/149/4
f 5614/191/4 5601/191/4 5615/191/4
f 5602/132/4 5603/132/4 5616/132/4
f 5615/149/4 5602/149/4 5616/149/4
f 5616/132/4 5603/132/4 5617/132/4
f 5604/37/4 5605/37/4 5618/37/4
f 5618/37/4 5605/37/4 5619/37/4
f 5606/221/4 5607/221/4 5620/221/4
f 5620/221/4 5607/221/4 5621/221/4
f 5608/184/4 5609/184/4 5622/184/4
f 5609/3/4 5610/3/4 5623/3/4
f 5622/184/4 5609/184/4 5623/184/4
f 5610/138/4 5611/138/4 5624/138/4
f 5623/3/4 5610/3/4 5624/3/4
f 5624/138/4 5611/138/4 5625/138/4
f 5612/103/4 5613/103/4 5626/103/4
f 5626/103/4 5613/103/4 5627/103/4
f 5626/100/4 5627/100/4 5628/100/4
f 5628/100/4 5627/100/4 5629/100/4
f 5628/209/4 5629/209/4 5638/209/4
f 5638/209/4 5629/209/4 5639/209/4
f 5630/160/4 5631/160/4 5640/160/4
f 5640/160/4 5631/160/4 5641/160/4
f 5632/203/4 5633/203/4 5642/203/4
f 5642/203/4 5633/203/4 5643/203/4
f 5634/205/4 5635/205/4 5644/205/4
f 5635/89/4 5636/89/4 5645/89/4
f 5644/205/4 5635/205/4 5645/205/4
f 5636/83/4 5637/83/4 5646/83/4
f 5645/89/4 5636/89/4 5646/89/4
f 5646/83/4 5637/83/4 5647/83/4
f 5638/31/4 5639/31/4 5648/31/4
f 5648/31/4 5639/31/4 5649/31/4
f 5650/126/4 5651/126/4 5662/126/4
f 5662/126/4 5651/126/4 5663/126/4
f 5652/198/4 5653/198/4 5666/198/4
f 5666/198/4 5653/198/4 5667/198/4
f 5654/238/4 5655/238/4 5668/238/4
f 5655/253/4 5656/253/4 5669/253/4
f 5668/238/4 5655/238/4 5669/238/4
f 5656/198/4 5657/198/4 5670/198/4
f 5669/253/4 5656/253/4 5670/253/4
f 5670/198/4 5657/198/4 5671/198/4
f 5658/103/4 5659/103/4 5672/103/4
f 5659/111/4 5660/111/4 5673/111/4
f 5672/103/4 5659/103/4 5673/103/4
f 5660/154/4 5661/154/4 5674/154/4
f 5673/111/4 5660/111/4 5674/111/4
f 5674/154/4 5661/154/4 5675/154/4
f 5662/95/4 5663/95/4 5676/95/4
f 5676/95/4 5663/95/4 5677/95/4
f 5664/131/4 5665/131/4 5678/131/4
f 5678/131/4 5665/131/4 5679/131/4
f 5666/62/4 5667/62/4 5680/62/4
f 5680/62/4 5667/62/4 5681/62/4
f 5676/163/4 5677/163/4 5682/163/4
f 5682/163/4 5677/163/4 5683/163/4
f 5678/50/4 5679/50/4 5684/50/4
f 5684/50/4 5679/50/4 5685/50/4
f 5680/196/4 5681/196/4 5686/196/4
f 5686/196/4 5681/196/4 5687/196/4
f 5682/87/4 5683/87/4 5695/87/4
f 5695/87/4 5683/87/4 5696/87/4
f 5684/159/4 5685/159/4 5697/159/4
f 5697/159/4 5685/159/4 5698/159/4
f 5688/216/4 5689/216/4 5702/216/4
f 5689/224/4 5690/224/4 5703/224/4
f 5702/216/4 5689/216/4 5703/216/4
f 5690/250/4 5691/250/4 5704/250/4
f 5703/224/4 5690/224/4 5704/224/4
f 5691/241/4 5692/241/4 5705/241/4
f 5704/250/4 5691/250/4 5705/250/4
f 5692/156/4 5693/156/4 5706/156/4
f 5705/241/4 5692/241/4 5706/241/4
f 5693/189/4 5694/189/4 5707/189/4
f 5706/156/4 5693/156/4 5707/156/4
f 5707/189/4 5694/189/4 5708/189/4
f 5699/176/4 5700/176/4 5709/176/4
f 5709/176/4 5700/176/4 5710/176/4
f 5701/156/4 5702/156/4 5711/156/4
f 5711/156/4 5702/156/4 5712/156/4
f 5704/117/4 5705/117/4 5713/117/4
f 5713/117/4 5705/117/4 5714/117/4
f 5709/209/4 5710/209/4 5717/209/4
f 5717/209/4 5710/209/4 5718/209/4
f 5711/149/4 5712/149/4 5719/149/4
f 5719/149/4 5712/149/4 5720/149/4
f 5713/206/4 5714/206/4 5721/206/4
f 5721/206/4 5714/206/4 5722/206/4
f 5715/245/4 5716/245/4 5727/245/4
f 5716/126/4 5717/126/4 5728/126/4
f 5727/245/4 5716/245/4 5728/245/4
f 5717/215/4 5718/215/4 5729/215/4
f 5728/126/4 5717/126/4 5729/126/4
f 5729/215/4 5718/215/4 5730/215/4
f 5719/229/4 5720/229/4 5731/229/4
f 5731/229/4 5720/229/4 5732/229/4
f 5721/239/4 5722/239/4 5733/239/4
f 5722/243/4 5723/243/4 5734/243/4
f 5733/239/4 5722/239/4 5734/239/4
f 5723/162/4 5724/162/4 5735/162/4
f 5734/243/4 5723/243/4 5735/243/4
f 5724/193/4 5725/193/4 5736/193/4
f 5735/162/4 5724/162/4 5736/162/4
f 5736/193/4 5725/193/4 5737/193/4
f 5726/38/4 5727/38/4 5740/38/4
f 5740/38/4 5727/38/4 5741/38/4
f 5736/7/4 5737/7/4 5742/7/4
f 5742/7/4 5737/7/4 5743/7/4
f 5738/127/4 5739/127/4 5744/127/4
f 5744/127/4 5739/127/4 5745/127/4
f 5740/140/4 5741/140/4 5746/140/4
f 5746/140/4 5741/140/4 5747/140/4
f 5742/162/4 5743/162/4 5748/162/4
f 5748/162/4 5743/162/4 5749/162/4
f 5744/144/4 5745/144/4 5751/144/4
f 5751/144/4 5745/144/4 5752/144/4
f 5746/249/4 5747/249/4 5753/249/4
f 5753/249/4 5747/249/4 5754/249/4
f 5748/90/4 5749/90/4 5755/90/4
f 5749/47/4 5750/47/4 5756/47/4
f 5755/90/4 5749/90/4 5756/90/4
f 5750/19/4 5751/19/4 5757/19/4
f 5756/47/4 5750/47/4 5757/47/4
f 5751/78/4 5752/78/4 5758/78/4
f 5757/19/4 5751/19/4 5758/19/4
f 5758/78/4 5752/78/4 5759/78/4
f 5760/58/4 5761/58/4 5769/58/4
f 5761/6/4 5762/6/4 5770/6/4
f 5769/58/4 5761/58/4 5770/58/4
f 5762/143/4 5763/143/4 5771/143/4
f 5770/6/4 5762/6/4 5771/6/4
f 5763/24/4 5764/24/4 5772/24/4
f 5771/143/4 5763/143/4 5772/143/4
f 5772/24/4 5764/24/4 5773/24/4
f 5765/137/4 5766/137/4 5774/137/4
f 5766/72/4 5767/72/4 5775/72/4
f 5774/137/4 5766/137/4 5775/137/4
f 5767/147/4 5768/147/4 5776/147/4
f 5775/72/4 5767/72/4 5776/72/4
f 5776/147/4 5768/147/4 5777/147/4
f 5778/226/4 5779/226/4 5784/226/4
f 5784/226/4 5779/226/4 5785/226/4
f 5780/61/4 5781/61/4 5786/61/4
f 5786/61/4 5781/61/4 5787/61/4
f 5782/172/4 5783/172/4 5788/172/4
f 5788/172/4 5783/172/4 5789/172/4
f 5784/3/4 5785/3/4 5794/3/4
f 5794/3/4 5785/3/4 5795/3/4
f 5786/65/4 5787/65/4 5796/65/4
f 5796/65/4 5787/65/4 5797/65/4
f 5788/219/4 5789/219/4 5798/219/4
f 5798/219/4 5789/219/4 5799/219/4
f 5790/21/4 5791/21/4 5802/21/4
f 5802/21/4 5791/21/4 5803/21/4
f 5792/37/4 5793/37/4 5804/37/4
f 5804/37/4 5793/37/4 5805/37/4
f 5794/107/4 5795/107/4 5806/107/4
f 5806/107/4 5795/107/4 5807/107/4
f 5796/141/4 5797/141/4 5808/141/4
f 5808/141/4 5797/141/4 5809/141/4
f 5798/76/4 5799/76/4 5810/76/4
f 5810/76/4 5799/76/4 5811/76/4
f 5800/241/4 5801/241/4 5812/241/4
f 5812/241/4 5801/241/4 5813/241/4
f 5802/231/4 5803/231/4 5814/231/4
f 5814/231/4 5803/231/4 5815/231/4
f 5804/247/4 5805/247/4 5816/247/4
f 5816/247/4 5805/247/4 5817/247/4
f 5812/205/4 5813/205/4 5818/205/4
f 5818/205/4 5813/205/4 5819/205/4
f 5814/71/4 5815/71/4 5824/71/4
f 5824/71/4 5815/71/4 5825/71/4
f 5816/23/4 5817/23/4 5826/23/4
f 5826/23/4 5817/23/4 5827/23/4
f 5818/16/4 5819/16/4 5834/16/4
f 5819/191/4 5820/191/4 5835/191/4
f 5834/16/4 5819/16/4 5835/16/4
f 5820/217/4 5821/217/4 5836/217/4
f 5835/191/4 5820/191/4 5836/191/4
f 5836/217/4 5821/217/4 5837/217/4
f 5822/102/4 5823/102/4 5838/102/4
f 5823/113/4 5824/113/4 5839/113/4
f 5838/102/4 5823/102/4 5839/102/4
f 5824/187/4 5825/187/4 5840/187/4
f 5839/113/4 5824/113/4 5840/113/4
f 5840/187/4 5825/187/4 5841/187/4
f 5827/112/4 5828/112/4 5842/112/4
f 5828/188/4 5829/188/4 5843/188/4
f 5842/112/4 5828/112/4 5843/112/4
f 5843/188/4 5829/188/4 5844/188/4
f 5830/110/4 5831/110/4 5845/110/4
f 5831/85/4 5832/85/4 5846/85/4
f 5845/110/4 5831/110/4 5846/110/4
f 5832/148/4 5833/148/4 5847/148/4
f 5846/85/4 5832/85/4 5847/85/4
f 5847/148/4 5833/148/4 5848/148/4
f 5849/148/4 5850/148/4 5863/148/4
f 5850/6/4 5851/6/4 5864/6/4
f 5863/148/4 5850/148/4 5864/148/4
f 5864/6/4 5851/6/4 5865/6/4
f 5852/46/4 5853/46/4 5866/46/4
f 5853/116/4 5854/116/4 5867/116/4
f 5866/46/4 5853/46/4 5867/46/4
f 5854/157/4 5855/157/4 5868/157/4
f 5867/116/4 5854/116/4 5868/116/4
f 5855/58/4 5856/58/4 5869/58/4
f 5868/157/4 5855/157/4 5869/157/4
f 5856/20/4 5857/20/4 5870/20/4
f 5869/58/4 5856/58/4 5870/58/4
f 5857/145/4 5858/145/4 5871/145/4
f 5870/20/4 5857/20/4 5871/20/4
f 5871/145/4 5858/145/4 5872/145/4
f 5859/76/4 5860/76/4 5873/76/4
f 5860/90/4 5861/90/4 5874/90/4
f 5873/76/4 5860/76/4 5874/76/4
f 5861/207/4 5862/207/4 5875/207/4
f 5874/90/4 5861/90/4 5875/90/4
f 5875/207/4 5862/207/4 5876/207/4
f 5877/161/4 5878/161/4 5879/161/4
f 5879/161/4 5878/161/4 5880/161/4
f 5879/203/4 5880/203/4 5895/203/4
f 5895/203/4 5880/203/4 5896/203/4
f 5881/8/4 5882/8/4 5899/8/4
f 5882/157/4 5883/157/4 5900/157/4
f 5899/8/4 5882/8/4 5900/8/4
f 5883/21/4 5884/21/4 5901/21/4
f 5900/157/4 5883/157/4 5901/157/4
f 5884/47/4 5885/47/4 5902/47/4
f 5901/21/4 5884/21/4 5902/21/4
f 5885/217/4 5886/217/4 5903/217/4
f 5902/47/4 5885/47/4 5903/47/4
f 5886/7/4 5887/7/4 5904/7/4
f 5903/217/4 5886/217/4 5904/217/4
f 5887/58/4 5888/58/4 5905/58/4
f 5904/7/4 5887/7/4 5905/7/4
f 5888/94/4 5889/94/4 5906/94/4
f 5905/58/4 5888/58/4 5906/58/4
f 5889/176/4 5890/176/4 5907/176/4
f 5906/94/4 5889/94/4 5907/94/4
f 5907/176/4 5890/176/4 5908/176/4
f 5891/172/4 5892/172/4 5909/172/4
f 5892/14/4 5893/14/4 5910/14/4
f 5909/172/4 5892/172/4 5910/172/4
f 5893/16/4 5894/16/4 5911/16/4
f 5910/14/4 5893/14/4 5911/14/4
f 5911/16/4 5894/16/4 5912/16/4
f 5895/158/4 5896/158/4 5913/158/4
f 5913/158/4 5896/158/4 5914/158/4
f 5897/158/4 5898/158/4 5915/158/4
f 5915/158/4 5898/158/4 5916/158/4
f 5902/89/4 5903/89/4 5917/89/4
f 5917/89/4 5903/89/4 5918/89/4
f 5905/89/4 5906/89/4 5919/89/4
f 5919/89/4 5906/89/4 5920/89/4
f 5915/220/4 5916/220/4 5921/220/4
f 5921/220/4 5916/220/4 5922/220/4
f 5917/223/4 5918/223/4 5923/223/4
f 5923/223/4 5918/223/4 5924/223/4
f 5919/51/4 5920/51/4 5925/51/4
f 5925/51/4 5920/51/4 5926/51/4
f 5921/178/4 5922/178/4 5927/178/4
f 5927/178/4 5922/178/4 5928/178/4
f 5923/17/4 5924/17/4 5929/17/4
f 5929/17/4 5924/17/4 5930/17/4
f 5925/111/4 5926/111/4 5931/111/4
f 5931/111/4 5926/111/4 5932/111/4
f 5927/226/4 5928/226/4 5935/226/4
f 5935/226/4 5928/226/4 5936/226/4
f 5933/27/4 5934/27/4 5937/27/4
f 5937/27/4 5934/27/4 5938/27/4
f 5935/195/4 5936/195/4 5939/195/4
f 5939/195/4 5936/195/4 5940/195/4
f 5937/57/4 5938/57/4 5947/57/4
f 5947/57/4 5938/57/4 5948/57/4
f 5939/29/4 5940/29/4 5952/29/4
f 5940/168/4 5941/168/4 5953/168/4
f 5952/29/4 5940/29/4 5953/29/4
f 5941/79/4 5942/79/4 5954/79/4
f 5953/168/4 5941/168/4 5954/168/4
f 5954/79/4 5942/79/4 5955/79/4
f 5943/127/4 5944/127/4 5956/127/4
f 5944/190/4 5945/190/4 5957/190/4
f 5956/127/4 5944/127/4 5957/127/4
f 5945/126/4 5946/126/4 5958/126/4
f 5957/190/4 5945/190/4 5958/190/4
f 5958/126/4 5946/126/4 5959/126/4
f 5947/99/4 5948/99/4 5961/99/4
f 5948/149/4 5949/149/4 5962/149/4
f 5961/99/4 5948/99/4 5962/99/4
f 5949/172/4 5950/172/4 5963/172/4
f 5962/149/4 5949/149/4 5963/149/4
f 5950/133/4 5951/133/4 5964/133/4
f 5963/172/4 5950/172/4 5964/172/4
f 5964/133/4 5951/133/4 5965/133/4
f 5959/238/4 5960/238/4 5968/238/4
f 5968/238/4 5960/238/4 5969/238/4
f 5966/3/4 5967/3/4 5970/3/4
f 5970/3/4 5967/3/4 5971/3/4
f 5968/189/4 5969/189/4 5975/189/4
f 5975/189/4 5969/189/4 5976/189/4
f 5970/72/4 5971/72/4 5983/72/4
f 5983/72/4 5971/72/4 5984/72/4
f 5972/182/4 5973/182/4 5987/182/4
f 5973/110/4 5974/110/4 5988/110/4
f 5987/182/4 5973/182/4 5988/182/4
f 5974/90/4 5975/90/4 5989/90/4
f 5988/110/4 5974/110/4 5989/110/4
f 5975/45/4 5976/45/4 5990/45/4
f 5989/90/4 5975/90/4 5990/90/4
f 5976/229/4 5977/229/4 5991/229/4
f 5990/45/4 5976/45/4 5991/45/4
f 5977/219/4 5978/219/4 5992/219/4
f 5991/229/4 5977/229/4 5992/229/4
f 5978/61/4 5979/61/4 5993/61/4
f 5992/219/4 5978/219/4 5993/219/4
f 5993/61/4 5979/61/4 5994/61/4
f 5980/183/4 5981/183/4 5995/183/4
f 5981/32/4 5982/32/4 5996/32/4
f 5995/183/4 5981/183/4 5996/183/4
f 5982/207/4 5983/207/4 5997/207/4
f 5996/32/4 5982/32/4 5997/32/4
f 5983/49/4 5984/49/4 5998/49/4
f 5997/207/4 5983/207/4 5998/207/4
f 5998/49/4 5984/49/4 5999/49/4
f 5985/78/4 5986/78/4 6000/78/4
f 6000/78/4 5986/78/4 6001/78/4
f 5987/212/4 5988/212/4 6002/212/4
f 6002/212/4 5988/212/4 6003/212/4
f 5995/62/4 5996/62/4 6004/62/4
f 6004/62/4 5996/62/4 6005/62/4
f 6000/13/4 6001/13/4 6009/13/4
f 6009/13/4 6001/13/4 6010/13/4
f 6002/63/4 6003/63/4 6011/63/4
f 6011/63/4 6003/63/4 6012/63/4
f 6004/78/4 6005/78/4 6016/78/4
f 6016/78/4 6005/78/4 6017/78/4
f 6006/33/4 6007/33/4 6020/33/4
f 6007/212/4 6008/212/4 6021/212/4
f 6020/33/4 6007/33/4 6021/33/4
f 6008/214/4 6009/214/4 6022/214/4
f 6021/212/4 6008/212/4 6022/212/4
f 6009/22/4 6010/22/4 6023/22/4
f 6022/214/4 6009/214/4 6023/214/4
f 6023/22/4 6010/22/4 6024/22/4
f 6011/161/4 6012/161/4 6025/161/4
f 6025/161/4 6012/161/4 6026/161/4
f 6013/86/4 6014/86/4 6027/86/4
f 6014/120/4 6015/120/4 6028/120/4
f 6027/86/4 6014/86/4 6028/86/4
f 6015/11/4 6016/11/4 6029/11/4
f 6028/120/4 6015/120/4 6029/120/4
f 6016/105/4 6017/105/4 6030/105/4
f 6029/11/4 6016/11/4 6030/11/4
f 6030/105/4 6017/105/4 6031/105/4
f 6018/154/4 6019/154/4 6032/154/4
f 6032/154/4 6019/154/4 6033/154/4
f 6030/92/4 6031/92/4 6034/92/4
f 6034/92/4 6031/92/4 6035/92/4
f 6032/145/4 6033/145/4 6036/145/4
f 6036/145/4 6033/145/4 6037/145/4
f 6034/47/4 6035/47/4 6048/47/4
f 6048/47/4 6035/47/4 6049/47/4
f 6036/143/4 6037/143/4 6050/143/4
f 6050/143/4 6037/143/4 6051/143/4
f 6038/224/4 6039/224/4 6052/224/4
f 6052/224/4 6039/224/4 6053/224/4
f 6040/118/4 6041/118/4 6054/118/4
f 6041/194/4 6042/194/4 6055/194/4
f 6054/118/4 6041/118/4 6055/118/4
f 6042/75/4 6043/75/4 6056/75/4
f 6055/194/4 6042/194/4 6056/194/4
f 6043/81/4 6044/81/4 6057/81/4
f 6056/75/4 6043/75/4 6057/75/4
f 6057/81/4 6044/81/4 6058/81/4
f 6045/241/4 6046/241/4 6059/241/4
f 6046/28/4 6047/28/4 6060/28/4
f 6059/241/4 6046/241/4 6060/241/4
f 6047/81/4 6048/81/4 6061/81/4
f 6060/28/4 6047/28/4 6061/28/4
f 6061/81/4 6048/81/4 6062/81/4
f 6063/129/4 6064/129/4 6081/129/4
f 6081/129/4 6064/129/4 6082/129/4
f 6065/204/4 6066/204/4 6083/204/4
f 6083/204/4 6066/204/4 6084/204/4
f 6067/186/4 6068/186/4 6085/186/4
f 6068/112/4 6069/112/4 6086/112/4
f 6085/186/4 6068/186/4 6086/186/4
f 6069/81/4 6070/81/4 6087/81/4
f 6086/112/4 6069/112/4 6087/112/4
f 6070/178/4 6071/178/4 6088/178/4
f 6087/81/4 6070/81/4 6088/81/4
f 6071/214/4 6072/214/4 6089/214/4
f 6088/178/4 6071/178/4 6089/178/4
f 6072/233/4 6073/233/4 6090/233/4
f 6089/214/4 6072/214/4 6090/214/4
f 6073/165/4 6074/165/4 6091/165/4
f 6090/233/4 6073/233/4 6091/233/4
f 6074/215/4 6075/215/4 6092/215/4
f 6091/165/4 6074/165/4 6092/165/4
f 6075/9/4 6076/9/4 6093/9/4
f 6092/215/4 6075/215/4 6093/215/4
f 6076/47/4 6077/47/4 6094/47/4
f 6093/9/4 6076/9/4 6094/9/4
f 6077/45/4 6078/45/4 6095/45/4
f 6094/47/4 6077/47/4 6095/47/4
f 6078/130/4 6079/130/4 6096/130/4
f 6095/45/4 6078/45/4 6096/45/4
f 6079/126/4 6080/126/4 6097/126/4
f 6096/130/4 6079/130/4 6097/130/4
f 6097/126/4 6080/126/4 6098/126/4
f 6081/252/4 6082/252/4 6099/252/4
f 6099/252/4 6082/252/4 6100/252/4
f 6091/153/4 6092/153/4 6101/153/4
f 6101/153/4 6092/153/4 6102/153/4
f 6099/124/4 6100/124/4 6103/124/4
f 6103/124/4 6100/124/4 6104/124/4
f 6101/182/4 6102/182/4 6114/182/4
f 6114/182/4 6102/182/4 6115/182/4
f 6103/26/4 6104/26/4 6122/26/4
f 6122/26/4 6104/26/4 6123/26/4
f 6105/82/4 6106/82/4 6124/82/4
f 6106/236/4 6107/236/4 6125/236/4
f 6124/82/4 6106/82/4 6125/82/4
f 6107/124/4 6108/124/4 6126/124/4
f 6125/236/4 6107/236/4 6126/236/4
f 6108/200/4 6109/200/4 6127/200/4
f 6126/124/4 6108/124/4 6127/124/4
f 6109/178/4 6110/178/4 6128/178/4
f 6127/200/4 6109/200/4 6128/200/4
f 6110/1/4 6111/1/4 6129/1/4
f 6128/178/4 6110/178/4 6129/178/4
f 6111/102/4 6112/102/4 6130/102/4
f 6129/1/4 6111/1/4 6130/1/4
f 6112/55/4 6113/55/4 6131/55/4
f 6130/102/4 6112/102/4 6131/102/4
f 6113/246/4 6114/246/4 6132/246/4
f 6131/55/4 6113/55/4 6132/55/4
f 6114/181/4 6115/181/4 6133/181/4
f 6132/246/4 6114/246/4 6133/246/4
f 6115/187/4 6116/187/4 6134/187/4
f 6133/181/4 6115/181/4 6134/181/4
f 6116/250/4 6117/250/4 6135/250/4
f 6134/187/4 6116/187/4 6135/187/4
f 6117/231/4 6118/231/4 6136/231/4
f 6135/250/4 6117/250/4 6136/250/4
f 6118/140/4 6119/140/4 6137/140/4
f 6136/231/4 6118/231/4 6137/231/4
f 6119/160/4 6120/160/4 6138/160/4
f 6137/140/4 6119/140/4 6138/140/4
f 6120/178/4 6121/178/4 6139/178/4
f 6138/160/4 6120/160/4 6139/160/4
f 6139/178/4 6121/178/4 6140/178/4
f 6133/154/4 6134/154/4 6141/154/4
f 6141/154/4 6134/154/4 6142/154/4
f 6136/195/4 6137/195/4 6143/195/4
f 6143/195/4 6137/195/4 6144/195/4
f 6141/102/4 6142/102/4 6155/102/4
f 6155/102/4 6142/102/4 6156/102/4
f 6143/67/4 6144/67/4 6157/67/4
f 6157/67/4 6144/67/4 6158/67/4
f 6145/196/4 6146/196/4 6161/196/4
f 6146/216/4 6147/216/4 6162/216/4
f 6161/196/4 6146/196/4 6162/196/4
f 6147/65/4 6148/65/4 6163/65/4
f 6162/216/4 6147/216/4 6163/216/4
f 6148/247/4 6149/247/4 6164/247/4
f 6163/65/4 6148/65/4 6164/65/4
f 6164/247/4 6149/247/4 6165/247/4
f 6150/225/4 6151/225/4 6166/225/4
f 6166/225/4 6151/225/4 6167/225/4
f 6152/159/4 6153/159/4 6168/159/4
f 6153/43/4 6154/43/4 6169/43/4
f 6168/159/4 6153/159/4 6169/159/4
f 6154/70/4 6155/70/4 6170/70/4
f 6169/43/4 6154/43/4 6170/43/4
f 6155/218/4 6156/218/4 6171/218/4
f 6170/70/4 6155/70/4 6171/70/4
f 6171/218/4 6156/218/4 6172/218/4
f 6157/230/4 6158/230/4 6173/230/4
f 6173/230/4 6158/230/4 6174/230/4
f 6159/78/4 6160/78/4 6175/78/4
f 6175/78/4 6160/78/4 6176/78/4
f 6161/159/4 6162/159/4 6177/159/4
f 6177/159/4 6162/159/4 6178/159/4
f 6166/251/4 6167/251/4 6179/251/4
f 6179/251/4 6167/251/4 6180/251/4
f 6168/76/4 6169/76/4 6181/76/4
f 6181/76/4 6169/76/4 6182/76/4
f 6177/220/4 6178/220/4 6183/220/4
f 6183/220/4 6178/220/4 6184/220/4
f 6179/228/4 6180/228/4 6188/228/4
f 6188/228/4 6180/228/4 6189/228/4
f 6181/162/4 6182/162/4 6190/162/4
f 6190/162/4 6182/162/4 6191/162/4
f 6183/172/4 6184/172/4 6201/172/4
f 6201/172/4 6184/172/4 6202/172/4
f 6185/174/4 6186/174/4 6203/174/4
f 6186/29/4 6187/29/4 6204/29/4
f 6203/174/4 6186/174/4 6204/174/4
f 6187/241/4 6188/241/4 6205/241/4
f 6204/29/4 6187/29/4 6205/29/4
f 6188/230/4 6189/230/4 6206/230/4
f 6205/241/4 6188/241/4 6206/241/4
f 6206/230/4 6189/230/4 6207/230/4
f 6190/119/4 6191/119/4 6208/119/4
f 6191/132/4 6192/132/4 6209/132/4
f 6208/119/4 6191/119/4 6209/119/4
f 6192/229/4 6193/229/4 6210/229/4
f 6209/132/4 6192/132/4 6210/132/4
f 6193/10/4 6194/10/4 6211/10/4
f 6210/229/4 6193/229/4 6211/229/4
f 6194/3/4 6195/3/4 6212/3/4
f 6211/10/4 6194/10/4 6212/10/4
f 6195/239/4 6196/239/4 6213/239/4
f 6212/3/4 6195/3/4 6213/3/4
f 6196/235/4 6197/235/4 6214/235/4
f 6213/239/4 6196/239/4 6214/239/4
f 6197/236/4 6198/236/4 6215/236/4
f 6214/235/4 6197/235/4 6215/235/4
f 6198/203/4 6199/203/4 6216/203/4
f 6215/236/4 6198/236/4 6216/236/4
f 6199/78/4 6200/78/4 6217/78/4
f 6216/203/4 6199/203/4 6217/203/4
f 6217/78/4 6200/78/4 6218/78/4
f 6201/210/4 6202/210/4 6219/210/4
f 6219/210/4 6202/210/4 6220/210/4
f 6203/48/4 6204/48/4 6221/48/4
f 6221/48/4 6204/48/4 6222/48/4
f 6214/68/4 6215/68/4 6223/68/4
f 6223/68/4 6215/68/4 6224/68/4
f 6219/107/4 6220/107/4 6225/107/4
f 6225/107/4 6220/107/4 6226/107/4
f 6221/73/4 6222/73/4 6227/73/4
f 6227/73/4 6222/73/4 6228/73/4
f 6223/20/4 6224/20/4 6238/20/4
f 6238/20/4 6224/20/4 6239/20/4
f 6225/233/4 6226/233/4 6243/233/4
f 6243/233/4 6226/233/4 6244/233/4
f 6227/201/4 6228/201/4 6245/201/4
f 6245/201/4 6228/201/4 6246/201/4
f 6229/121/4 6230/121/4 6247/121/4
f 6230/247/4 6231/247/4 6248/247/4
f 6247/121/4 6230/121/4 6248/121/4
f 6231/145/4 6232/145/4 6249/145/4
f 6248/247/4 6231/247/4 6249/247/4
f 6232/181/4 6233/181/4 6250/181/4
f 6249/145/4 6232/145/4 6250/145/4
f 6233/253/4 6234/253/4 6251/253/4
f 6250/181/4 6233/181/4 6251/181/4
f 6234/245/4 6235/245/4 6252/245/4
f 6251/253/4 6234/253/4 6252/253/4
f 6235/142/4 6236/142/4 6253/142/4
f 6252/245/4 6235/245/4 6253/245/4
f 6236/146/4 6237/146/4 6254/146/4
f 6253/142/4 6236/142/4 6254/142/4
f 6237/137/4 6238/137/4 6255/137/4
f 6254/146/4 6237/146/4 6255/146/4
f 6238/2/4 6239/2/4 6256/2/4
f 6255/137/4 6238/137/4 6256/137/4
f 6239/136/4 6240/136/4 6257/136/4
f 6256/2/4 6239/2/4 6257/2/4
f 6240/141/4 6241/141/4 6258/141/4
f 6257/136/4 6240/136/4 6258/136/4
f 6241/196/4 6242/196/4 6259/196/4
f 6258/141/4 6241/141/4 6259/141/4
f 6259/196/4 6242/196/4 6260/196/4
f 6243/249/4 6244/249/4 6261/249/4
f 6261/249/4 6244/249/4 6262/249/4
f 6250/227/4 6251/227/4 6263/227/4
f 6263/227/4 6251/227/4 6264/227/4
f 6253/39/4 6254/39/4 6265/39/4
f 6265/39/4 6254/39/4 6266/39/4
f 6256/35/4 6257/35/4 6267/35/4
f 6267/35/4 6257/35/4 6268/35/4
f 6259/187/4 6260/187/4 6269/187/4
f 6269/187/4 6260/187/4 6270/187/4
f 6261/38/4 6262/38/4 6271/38/4
f 6271/38/4 6262/38/4 6272/38/4
f 6263/235/4 6264/235/4 6279/235/4
f 6279/235/4 6264/235/4 6280/235/4
f 6265/170/4 6266/170/4 6281/170/4
f 6281/170/4 6266/170/4 6282/170/4
f 6267/226/4 6268/226/4 6283/226/4
f 6283/226/4 6268/226/4 6284/226/4
f 6269/43/4 6270/43/4 6285/43/4
f 6285/43/4 6270/43/4 6286/43/4
f 6271/149/4 6272/149/4 6287/149/4
f 6287/149/4 6272/149/4 6288/149/4
f 6273/171/4 6274/171/4 6289/171/4
f 6274/243/4 6275/243/4 6290/243/4
f 6289/171/4 6274/171/4 6290/171/4
f 6275/180/4 6276/180/4 6291/180/4
f 6290/243/4 6275/243/4 6291/243/4
f 6276/249/4 6277/249/4 6292/249/4
f 6291/180/4 6276/180/4 6292/180/4
f 6277/131/4 6278/131/4 6293/131/4
f 6292/249/4 6277/249/4 6293/249/4
f 6278/168/4 6279/168/4 6294/168/4
f 6293/131/4 6278/131/4 6294/131/4
f 6279/102/4 6280/102/4 6295/102/4
f 6294/168/4 6279/168/4 6295/168/4
f 6295/102/4 6280/102/4 6296/102/4
f 6281/5/4 6282/5/4 6297/5/4
f 6297/5/4 6282/5/4 6298/5/4
f 6283/95/4 6284/95/4 6299/95/4
f 6299/95/4 6284/95/4 6300/95/4
f 6285/252/4 6286/252/4 6301/252/4
f 6301/252/4 6286/252/4 6302/252/4
f 6287/46/4 6288/46/4 6303/46/4
f 6303/46/4 6288/46/4 6304/46/4
f 6289/174/4 6290/174/4 6305/174/4
f 6305/174/4 6290/174/4 6306/174/4
f 6292/82/4 6293/82/4 6307/82/4
f 6307/82/4 6293/82/4 6308/82/4
f 6297/4/4 6298/4/4 6309/4/4
f 6309/4/4 6298/4/4 6310/4/4
f 6303/167/4 6304/167/4 6311/167/4
f 6311/167/4 6304/167/4 6312/167/4
f 6305/46/4 6306/46/4 6313/46/4
f 6313/46/4 6306/46/4 6314/46/4
f 6307/229/4 6308/229/4 6315/229/4
f 6315/229/4 6308/229/4 6316/229/4
f 6309/135/4 6310/135/4 6320/135/4
f 6320/135/4 6310/135/4 6321/135/4
f 6311/17/4 6312/17/4 6326/17/4
f 6326/17/4 6312/17/4 6327/17/4
f 6313/206/4 6314/206/4 6328/206/4
f 6328/206/4 6314/206/4 6329/206/4
f 6315/250/4 6316/250/4 6330/250/4
f 6330/250/4 6316/250/4 6331/250/4
f 6317/220/4 6318/220/4 6332/220/4
f 6318/249/4 6319/249/4 6333/249/4
f 6332/220/4 6318/220/4 6333/220/4
f 6319/119/4 6320/119/4 6334/119/4
f 6333/249/4 6319/249/4 6334/249/4
f 6320/157/4 6321/157/4 6335/157/4
f 6334/119/4 6320/119/4 6335/119/4
f 6335/157/4 6321/157/4 6336/157/4
f 6322/209/4 6323/209/4 6337/209/4
f 6337/209/4 6323/209/4 6338/209/4
f 6324/79/4 6325/79/4 6339/79/4
f 6339/79/4 6325/79/4 6340/79/4
f 6356/16/5 6342/16/5 6341/16/5
f 6357/16/5 6342/16/5 6356/16/5
f 6358/159/5 6344/159/5 6343/159/5
f 6359/184/5 6345/184/5 6344/184/5
f 6359/159/5 6344/159/5 6358/159/5
f 6360/33/5 6346/33/5 6345/33/5
f 6360/184/5 6345/184/5 6359/184/5
f 6361/87/5 6347/87/5 6346/87/5
f 6361/33/5 6346/33/5 6360/33/5
f 6362/87/5 6347/87/5 6361/87/5
f 6363/250/5 6349/250/5 6348/250/5
f 6364/250/5 6349/250/5 6363/250/5
f 6365/72/5 6351/72/5 6350/72/5
f 6366/72/5 6351/72/5 6365/72/5
f 6367/10/5 6353/10/5 6352/10/5
f 6368/10/5 6353/10/5 6367/10/5
f 6369/142/5 6355/142/5 6354/142/5
f 6370/142/5 6355/142/5 6369/142/5
f 6371/21/5 6357/21/5 6356/21/5
f 6372/21/5 6357/21/5 6371/21/5
f 6373/168/5 6362/168/5 6361/168/5
f 6374/168/5 6362/168/5 6373/168/5
f 6375/84/5 6364/84/5 6363/84/5
f 6376/84/5 6364/84/5 6375/84/5
f 6377/182/5 6366/182/5 6365/182/5
f 6378/182/5 6366/182/5 6377/182/5
f 6379/220/5 6368/220/5 6367/220/5
f 6380/220/5 6368/220/5 6379/220/5
f 6381/199/5 6372/199/5 6371/199/5
f 6382/199/5 6372/199/5 6381/199/5
f 6385/241/5 6374/241/5 6373/241/5
f 6386/241/5 6374/241/5 6385/241/5
f 6387/29/5 6376/29/5 6375/29/5
f 6388/29/5 6376/29/5 6387/29/5
f 6390/213/5 6378/213/5 6377/213/5
f 6391/213/5 6378/213/5 6390/213/5
f 6392/190/5 6380/190/5 6379/190/5
f 6393/190/5 6380/190/5 6392/190/5
f 6396/173/5 6382/173/5 6381/173/5
f 6397/173/5 6382/173/5 6396/173/5
f 6398/2/5 6384/2/5 6383/2/5
f 6399/2/5 6384/2/5 6398/2/5
f 6400/247/5 6386/247/5 6385/247/5
f 6401/247/5 6386/247/5 6400/247/5
f 6402/146/5 6388/146/5 6387/146/5
f 6403/23/5 6389/23/5 6388/23/5
f 6403/146/5 6388/146/5 6402/146/5
f 6404/68/5 6390/68/5 6389/68/5
f 6404/23/5 6389/23/5 6403/23/5
f 6405/83/5 6391/83/5 6390/83/5
f 6405/68/5 6390/68/5 6404/68/5
f 6406/83/5 6391/83/5 6405/83/5
f 6407/99/5 6393/99/5 6392/99/5
f 6408/99/5 6393/99/5 6407/99/5
f 6409/102/5 6395/102/5 6394/102/5
f 6410/102/5 6395/102/5 6409/102/5
f 6411/130/5 6397/130/5 6396/130/5
f 6412/130/5 6397/130/5 6411/130/5
f 6413/63/5 6399/63/5 6398/63/5
f 6414/63/5 6399/63/5 6413/63/5
f 6415/51/5 6401/51/5 6400/51/5
f 6416/51/5 6401/51/5 6415/51/5
f 6417/164/5 6408/164/5 6407/164/5
f 6418/164/5 6408/164/5 6417/164/5
f 6419/167/5 6410/167/5 6409/167/5
f 6420/167/5 6410/167/5 6419/167/5
f 6421/215/5 6412/215/5 6411/215/5
f 6422/215/5 6412/215/5 6421/215/5
f 6424/47/5 6414/47/5 6413/47/5
f 6425/47/5 6414/47/5 6424/47/5
f 6427/155/5 6416/155/5 6415/155/5
f 6428/155/5 6416/155/5 6427/155/5
f 6435/215/5 6418/215/5 6417/215/5
f 6436/215/5 6418/215/5 6435/215/5
f 6437/28/5 6420/28/5 6419/28/5
f 6438/28/5 6420/28/5 6437/28/5
f 6439/228/5 6422/228/5 6421/228/5
f 6440/85/5 6423/85/5 6422/85/5
f 6440/228/5 6422/228/5 6439/228/5
f 6441/153/5 6424/153/5 6423/153/5
f 6441/85/5 6423/85/5 6440/85/5
f 6442/118/5 6425/118/5 6424/118/5
f 6442/153/5 6424/153/5 6441/153/5
f 6443/151/5 6426/151/5 6425/151/5
f 6443/118/5 6425/118/5 6442/118/5
f 6444/156/5 6427/156/5 6426/156/5
f 6444/151/5 6426/151/5 6443/151/5
f 6445/91/5 6428/91/5 6427/91/5
f 6445/156/5 6427/156/5 6444/156/5
f 6446/91/5 6428/91/5 6445/91/5
f 6447/131/5 6430/131/5 6429/131/5
f 6448/88/5 6431/88/5 6430/88/5
f 6448/131/5 6430/131/5 6447/131/5
f 6449/64/5 6432/64/5 6431/64/5
f 6449/88/5 6431/88/5 6448/88/5
f 6450/171/5 6433/171/5 6432/171/5
f 6450/64/5 6432/64/5 6449/64/5
f 6451/63/5 6434/63/5 6433/63/5
f 6451/171/5 6433/171/5 6450/171/5
f 6452/126/5 6435/126/5 6434/126/5
f 6452/63/5 6434/63/5 6451/63/5
f 6453/96/5 6436/96/5 6435/96/5
f 6453/126/5 6435/126/5 6452/126/5
f 6454/96/5 6436/96/5 6453/96/5
f 6455/145/5 6438/145/5 6437/145/5
f 6456/145/5 6438/145/5 6455/145/5
f 6457/24/5 6440/24/5 6439/24/5
f 6458/24/5 6440/24/5 6457/24/5
f 6459/1/5 6454/1/5 6453/1/5
f 6460/1/5 6454/1/5 6459/1/5
f 6461/22/5 6458/22/5 6457/22/5
f 6462/22/5 6458/22/5 6461/22/5
f 6471/115/5 6460/115/5 6459/115/5
f 6472/115/5 6460/115/5 6471/115/5
f 6475/196/5 6462/196/5 6461/196/5
f 6476/196/5 6462/196/5 6475/196/5
f 6477/47/5 6464/47/5 6463/47/5
f 6478/47/5 6464/47/5 6477/47/5
f 6479/152/5 6466/152/5 6465/152/5
f 6480/152/5 6466/152/5 6479/152/5
f 6481/126/5 6468/126/5 6467/126/5
f 6482/126/5 6468/126/5 6481/126/5
f 6483/21/5 6470/21/5 6469/21/5
f 6484/21/5 6470/21/5 6483/21/5
f 6485/243/5 6472/243/5 6471/243/5
f 6486/243/5 6472/243/5 6485/243/5
f 6487/59/5 6474/59/5 6473/59/5
f 6488/59/5 6474/59/5 6487/59/5
f 6489/194/5 6476/194/5 6475/194/5
f 6490/194/5 6476/194/5 6489/194/5
f 6491/19/5 6480/19/5 6479/19/5
f 6492/19/5 6480/19/5 6491/19/5
f 6493/7/5 6484/7/5 6483/7/5
f 6494/7/5 6484/7/5 6493/7/5
f 6495/29/5 6486/29/5 6485/29/5
f 6496/29/5 6486/29/5 6495/29/5
f 6497/162/5 6488/162/5 6487/162/5
f 6498/162/5 6488/162/5 6497/162/5
f 6499/13/5 6490/13/5 6489/13/5
f 6500/13/5 6490/13/5 6499/13/5
f 6504/139/5 6492/139/5 6491/139/5
f 6505/139/5 6492/139/5 6504/139/5
f 6508/189/5 6494/189/5 6493/189/5
f 6509/189/5 6494/189/5 6508/189/5
f 6510/123/5 6496/123/5 6495/123/5
f 6511/123/5 6496/123/5 6510/123/5
f 6513/235/5 6498/235/5 6497/235/5
f 6514/235/5 6498/235/5 6513/235/5
f 6515/126/5 6500/126/5 6499/126/5
f 6516/95/5 6501/95/5 6500/95/5
f 6516/126/5 6500/126/5 6515/126/5
f 6517/163/5 6502/163/5 6501/163/5
f 6517/95/5 6501/95/5 6516/95/5
f 6518/87/5 6503/87/5 6502/87/5
f 6518/163/5 6502/163/5 6517/163/5
f 6519/87/5 6503/87/5 6518/87/5
f 6520/170/5 6505/170/5 6504/170/5
f 6521/170/5 6505/170/5 6520/170/5
f 6522/150/5 6507/150/5 6506/150/5
f 6523/150/5 6507/150/5 6522/150/5
f 6524/58/5 6509/58/5 6508/58/5
f 6525/58/5 6509/58/5 6524/58/5
f 6526/186/5 6511/186/5 6510/186/5
f 6527/241/5 6512/241/5 6511/241/5
f 6527/186/5 6511/186/5 6526/186/5
f 6528/205/5 6513/205/5 6512/205/5
f 6528/241/5 6512/241/5 6527/241/5
f 6529/16/5 6514/16/5 6513/16/5
f 6529/205/5 6513/205/5 6528/205/5
f 6530/16/5 6514/16/5 6529/16/5
f 6531/151/5 6521/151/5 6520/151/5
f 6532/151/5 6521/151/5 6531/151/5
f 6533/78/5 6523/78/5 6522/78/5
f 6534/78/5 6523/78/5 6533/78/5
f 6535/148/5 6527/148/5 6526/148/5
f 6536/148/5 6527/148/5 6535/148/5
f 6542/108/5 6532/108/5 6531/108/5
f 6543/108/5 6532/108/5 6542/108/5
f 6545/186/5 6534/186/5 6533/186/5
f 6546/186/5 6534/186/5 6545/186/5
f 6549/51/5 6536/51/5 6535/51/5
f 6550/51/5 6536/51/5 6549/51/5
f 6553/174/5 6538/174/5 6537/174/5
f 6554/174/5 6538/174/5 6553/174/5
f 6555/8/5 6540/8/5 6539/8/5
f 6556/158/5 6541/158/5 6540/158/5
f 6556/8/5 6540/8/5 6555/8/5
f 6557/220/5 6542/220/5 6541/220/5
f 6557/158/5 6541/158/5 6556/158/5
f 6558/178/5 6543/178/5 6542/178/5
f 6558/220/5 6542/220/5 6557/220/5
f 6559/226/5 6544/226/5 6543/226/5
f 6559/178/5 6543/178/5 6558/178/5
f 6560/195/5 6545/195/5 6544/195/5
f 6560/226/5 6544/226/5 6559/226/5
f 6561/29/5 6546/29/5 6545/29/5
f 6561/195/5 6545/195/5 6560/195/5
f 6562/29/5 6546/29/5 6561/29/5
f 6563/119/5 6548/119/5 6547/119/5
f 6564/119/5 6548/119/5 6563/119/5
f 6565/33/5 6550/33/5 6549/33/5
f 6566/33/5 6550/33/5 6565/33/5
f 6567/210/5 6552/210/5 6551/210/5
f 6568/210/5 6552/210/5 6567/210/5
f 6569/170/5 6554/170/5 6553/170/5
f 6570/170/5 6554/170/5 6569/170/5
f 6571/35/5 6556/35/5 6555/35/5
f 6572/35/5 6556/35/5 6571/35/5
f 6573/198/5 6564/198/5 6563/198/5
f 6574/198/5 6564/198/5 6573/198/5
f 6575/189/5 6568/189/5 6567/189/5
f 6576/189/5 6568/189/5 6575/189/5
f 6577/181/5 6570/181/5 6569/181/5
f 6578/181/5 6570/181/5 6577/181/5
f 6580/107/5 6572/107/5 6571/107/5
f 6581/107/5 6572/107/5 6580/107/5
f 6588/183/5 6574/183/5 6573/183/5
f 6589/183/5 6574/183/5 6588/183/5
f 6594/53/5 6576/53/5 6575/53/5
f 6595/53/5 6576/53/5 6594/53/5
f 6596/129/5 6578/129/5 6577/129/5
f 6597/252/5 6579/252/5 6578/252/5
f 6597/129/5 6578/129/5 6596/129/5
f 6598/124/5 6580/124/5 6579/124/5
f 6598/252/5 6579/252/5 6597/252/5
f 6599/26/5 6581/26/5 6580/26/5
f 6599/124/5 6580/124/5 6598/124/5
f 6600/26/5 6581/26/5 6599/26/5
f 6601/196/5 6583/196/5 6582/196/5
f 6602/159/5 6584/159/5 6583/159/5
f 6602/196/5 6583/196/5 6601/196/5
f 6603/220/5 6585/220/5 6584/220/5
f 6603/159/5 6584/159/5 6602/159/5
f 6604/172/5 6586/172/5 6585/172/5
f 6604/220/5 6585/220/5 6603/220/5
f 6605/210/5 6587/210/5 6586/210/5
f 6605/172/5 6586/172/5 6604/172/5
f 6606/107/5 6588/107/5 6587/107/5
f 6606/210/5 6587/210/5 6605/210/5
f 6607/233/5 6589/233/5 6588/233/5
f 6607/107/5 6588/107/5 6606/107/5
f 6608/249/5 6590/249/5 6589/249/5
f 6608/233/5 6589/233/5 6607/233/5
f 6609/38/5 6591/38/5 6590/38/5
f 6609/249/5 6590/249/5 6608/249/5
f 6610/149/5 6592/149/5 6591/149/5
f 6610/38/5 6591/38/5 6609/38/5
f 6611/46/5 6593/46/5 6592/46/5
f 6611/149/5 6592/149/5 6610/149/5
f 6612/167/5 6594/167/5 6593/167/5
f 6612/46/5 6593/46/5 6611/46/5
f 6613/17/5 6595/17/5 6594/17/5
f 6613/167/5 6594/167/5 6612/167/5
f 6614/17/5 6595/17/5 6613/17/5
f 6629/229/5 6616/229/5 6615/229/5
f 6630/229/5 6616/229/5 6629/229/5
f 6631/251/5 6618/251/5 6617/251/5
f 6632/251/5 6618/251/5 6631/251/5
f 6633/33/5 6620/33/5 6619/33/5
f 6634/33/5 6620/33/5 6633/33/5
f 6635/2/5 6622/2/5 6621/2/5
f 6636/2/5 6622/2/5 6635/2/5
f 6637/38/5 6624/38/5 6623/38/5
f 6638/38/5 6624/38/5 6637/38/5
f 6639/98/5 6626/98/5 6625/98/5
f 6640/157/5 6627/157/5 6626/157/5
f 6640/98/5 6626/98/5 6639/98/5
f 6641/170/5 6628/170/5 6627/170/5
f 6641/157/5 6627/157/5 6640/157/5
f 6642/170/5 6628/170/5 6641/170/5
f 6643/44/5 6630/44/5 6629/44/5
f 6644/44/5 6630/44/5 6643/44/5
f 6645/205/5 6634/205/5 6633/205/5
f 6646/205/5 6634/205/5 6645/205/5
f 6647/166/5 6636/166/5 6635/166/5
f 6648/166/5 6636/166/5 6647/166/5
f 6649/111/5 6638/111/5 6637/111/5
f 6650/111/5 6638/111/5 6649/111/5
f 6651/152/5 6640/152/5 6639/152/5
f 6652/152/5 6640/152/5 6651/152/5
f 6653/130/5 6644/130/5 6643/130/5
f 6654/130/5 6644/130/5 6653/130/5
f 6655/212/5 6646/212/5 6645/212/5
f 6656/212/5 6646/212/5 6655/212/5
f 6658/82/5 6648/82/5 6647/82/5
f 6659/82/5 6648/82/5 6658/82/5
f 6660/231/5 6650/231/5 6649/231/5
f 6661/231/5 6650/231/5 6660/231/5
f 6662/22/5 6652/22/5 6651/22/5
f 6663/22/5 6652/22/5 6662/22/5
f 6666/237/5 6654/237/5 6653/237/5
f 6667/237/5 6654/237/5 6666/237/5
f 6668/218/5 6657/218/5 6656/218/5
f 6669/203/5 6658/203/5 6657/203/5
f 6669/218/5 6657/218/5 6668/218/5
f 6670/203/5 6658/203/5 6669/203/5
f 6671/186/5 6661/186/5 6660/186/5
f 6672/186/5 6661/186/5 6671/186/5
f 6673/180/5 6663/180/5 6662/180/5
f 6674/180/5 6663/180/5 6673/180/5
f 6675/88/5 6665/88/5 6664/88/5
f 6676/88/5 6665/88/5 6675/88/5
f 6677/71/5 6667/71/5 6666/71/5
f 6678/71/5 6667/71/5 6677/71/5
f 6679/56/5 6672/56/5 6671/56/5
f 6680/56/5 6672/56/5 6679/56/5
f 6681/139/5 6676/139/5 6675/139/5
f 6682/139/5 6676/139/5 6681/139/5
f 6683/110/5 6678/110/5 6677/110/5
f 6684/110/5 6678/110/5 6683/110/5
f 6692/85/5 6680/85/5 6679/85/5
f 6693/85/5 6680/85/5 6692/85/5
f 6696/244/5 6682/244/5 6681/244/5
f 6697/244/5 6682/244/5 6696/244/5
f 6698/196/5 6684/196/5 6683/196/5
f 6699/196/5 6684/196/5 6698/196/5
f 6700/83/5 6686/83/5 6685/83/5
f 6701/43/5 6687/43/5 6686/43/5
f 6701/83/5 6686/83/5 6700/83/5
f 6702/174/5 6688/174/5 6687/174/5
f 6702/43/5 6687/43/5 6701/43/5
f 6703/8/5 6689/8/5 6688/8/5
f 6703/174/5 6688/174/5 6702/174/5
f 6704/8/5 6689/8/5 6703/8/5
f 6705/15/5 6691/15/5 6690/15/5
f 6706/15/5 6691/15/5 6705/15/5
f 6707/53/5 6695/53/5 6694/53/5
f 6708/53/5 6695/53/5 6707/53/5
f 6711/233/5 6699/233/5 6698/233/5
f 6712/233/5 6699/233/5 6711/233/5
f 6713/220/5 6704/220/5 6703/220/5
f 6714/220/5 6704/220/5 6713/220/5
f 6715/5/5 6706/5/5 6705/5/5
f 6716/5/5 6706/5/5 6715/5/5
f 6717/107/5 6708/107/5 6707/107/5
f 6718/107/5 6708/107/5 6717/107/5
f 6719/39/5 6710/39/5 6709/39/5
f 6720/39/5 6710/39/5 6719/39/5
f 6721/245/5 6712/245/5 6711/245/5
f 6722/245/5 6712/245/5 6721/245/5
f 6725/13/5 6714/13/5 6713/13/5
f 6726/13/5 6714/13/5 6725/13/5
f 6727/54/5 6716/54/5 6715/54/5
f 6728/54/5 6716/54/5 6727/54/5
f 6731/231/5 6718/231/5 6717/231/5
f 6732/231/5 6718/231/5 6731/231/5
f 6733/1/5 6720/1/5 6719/1/5
f 6734/1/5 6720/1/5 6733/1/5
f 6736/153/5 6723/153/5 6722/153/5
f 6737/216/5 6724/216/5 6723/216/5
f 6737/153/5 6723/153/5 6736/153/5
f 6738/216/5 6724/216/5 6737/216/5
f 6739/32/5 6726/32/5 6725/32/5
f 6740/32/5 6726/32/5 6739/32/5
f 6742/240/5 6729/240/5 6728/240/5
f 6743/170/5 6730/170/5 6729/170/5
f 6743/240/5 6729/240/5 6742/240/5
f 6744/170/5 6730/170/5 6743/170/5
f 6745/78/5 6734/78/5 6733/78/5
f 6746/78/5 6734/78/5 6745/78/5
f 6747/194/5 6736/194/5 6735/194/5
f 6748/194/5 6736/194/5 6747/194/5
f 6749/168/5 6742/168/5 6741/168/5
f 6750/168/5 6742/168/5 6749/168/5
f 6751/178/5 6746/178/5 6745/178/5
f 6752/178/5 6746/178/5 6751/178/5
f 6753/208/5 6748/208/5 6747/208/5
f 6754/208/5 6748/208/5 6753/208/5
f 6761/205/5 6750/205/5 6749/205/5
f 6762/205/5 6750/205/5 6761/205/5
f 6765/202/5 6752/202/5 6751/202/5
f 6766/202/5 6752/202/5 6765/202/5
f 6767/133/5 6754/133/5 6753/133/5
f 6768/131/5 6755/131/5 6754/131/5
f 6768/133/5 6754/133/5 6767/133/5
f 6769/50/5 6756/50/5 6755/50/5
f 6769/131/5 6755/131/5 6768/131/5
f 6770/159/5 6757/159/5 6756/159/5
f 6770/50/5 6756/50/5 6769/50/5
f 6771/159/5 6757/159/5 6770/159/5
f 6772/82/5 6759/82/5 6758/82/5
f 6773/38/5 6760/38/5 6759/38/5
f 6773/82/5 6759/82/5 6772/82/5
f 6774/140/5 6761/140/5 6760/140/5
f 6774/38/5 6760/38/5 6773/38/5
f 6775/249/5 6762/249/5 6761/249/5
f 6775/140/5 6761/140/5 6774/140/5
f 6776/249/5 6762/249/5 6775/249/5
f 6777/235/5 6764/235/5 6763/235/5
f 6778/235/5 6764/235/5 6777/235/5
f 6781/126/5 6768/126/5 6767/126/5
f 6782/126/5 6768/126/5 6781/126/5
f 6783/246/5 6773/246/5 6772/246/5
f 6784/246/5 6773/246/5 6783/246/5
f 6785/109/5 6778/109/5 6777/109/5
f 6786/109/5 6778/109/5 6785/109/5
f 6787/13/5 6780/13/5 6779/13/5
f 6788/13/5 6780/13/5 6787/13/5
f 6789/107/5 6782/107/5 6781/107/5
f 6790/107/5 6782/107/5 6789/107/5
f 6793/193/5 6784/193/5 6783/193/5
f 6794/193/5 6784/193/5 6793/193/5
f 6798/147/5 6786/147/5 6785/147/5
f 6799/147/5 6786/147/5 6798/147/5
f 6800/31/5 6788/31/5 6787/31/5
f 6801/31/5 6788/31/5 6800/31/5
f 6804/8/5 6792/8/5 6791/8/5
f 6805/8/5 6792/8/5 6804/8/5
f 6806/215/5 6794/215/5 6793/215/5
f 6807/215/5 6794/215/5 6806/215/5
f 6810/42/5 6796/42/5 6795/42/5
f 6811/78/5 6797/78/5 6796/78/5
f 6811/42/5 6796/42/5 6810/42/5
f 6812/13/5 6798/13/5 6797/13/5
f 6812/78/5 6797/78/5 6811/78/5
f 6813/13/5 6798/13/5 6812/13/5
f 6814/224/5 6801/224/5 6800/224/5
f 6815/224/5 6801/224/5 6814/224/5
f 6816/172/5 6803/172/5 6802/172/5
f 6817/172/5 6803/172/5 6816/172/5
f 6818/109/5 6807/109/5 6806/109/5
f 6819/109/5 6807/109/5 6818/109/5
f 6820/235/5 6809/235/5 6808/235/5
f 6821/235/5 6809/235/5 6820/235/5
f 6822/76/5 6811/76/5 6810/76/5
f 6823/76/5 6811/76/5 6822/76/5
f 6824/112/5 6817/112/5 6816/112/5
f 6825/112/5 6817/112/5 6824/112/5
f 6828/184/5 6819/184/5 6818/184/5
f 6829/184/5 6819/184/5 6828/184/5
f 6830/70/5 6821/70/5 6820/70/5
f 6831/70/5 6821/70/5 6830/70/5
f 6833/164/5 6823/164/5 6822/164/5
f 6834/164/5 6823/164/5 6833/164/5
f 6840/204/5 6825/204/5 6824/204/5
f 6841/204/5 6825/204/5 6840/204/5
f 6842/82/5 6827/82/5 6826/82/5
f 6843/82/5 6827/82/5 6842/82/5
f 6844/174/5 6831/174/5 6830/174/5
f 6845/48/5 6832/48/5 6831/48/5
f 6845/174/5 6831/174/5 6844/174/5
f 6846/73/5 6833/73/5 6832/73/5
f 6846/48/5 6832/48/5 6845/48/5
f 6847/201/5 6834/201/5 6833/201/5
f 6847/73/5 6833/73/5 6846/73/5
f 6848/201/5 6834/201/5 6847/201/5
f 6849/171/5 6836/171/5 6835/171/5
f 6850/174/5 6837/174/5 6836/174/5
f 6850/171/5 6836/171/5 6849/171/5
f 6851/46/5 6838/46/5 6837/46/5
f 6851/174/5 6837/174/5 6850/174/5
f 6852/206/5 6839/206/5 6838/206/5
f 6852/46/5 6838/46/5 6851/46/5
f 6853/206/5 6839/206/5 6852/206/5
f 6870/184/5 6855/184/5 6854/184/5
f 6871/58/5 6856/58/5 6855/58/5
f 6871/184/5 6855/184/5 6870/184/5
f 6872/214/5 6857/214/5 6856/214/5
f 6872/58/5 6856/58/5 6871/58/5
f 6873/214/5 6857/214/5 6872/214/5
f 6874/61/5 6859/61/5 6858/61/5
f 6875/75/5 6860/75/5 6859/75/5
f 6875/61/5 6859/61/5 6874/61/5
f 6876/159/5 6861/159/5 6860/159/5
f 6876/75/5 6860/75/5 6875/75/5
f 6877/78/5 6862/78/5 6861/78/5
f 6877/159/5 6861/159/5 6876/159/5
f 6878/78/5 6862/78/5 6877/78/5
f 6879/120/5 6864/120/5 6863/120/5
f 6880/120/5 6864/120/5 6879/120/5
f 6881/43/5 6866/43/5 6865/43/5
f 6882/97/5 6867/97/5 6866/97/5
f 6882/43/5 6866/43/5 6881/43/5
f 6883/150/5 6868/150/5 6867/150/5
f 6883/97/5 6867/97/5 6882/97/5
f 6884/13/5 6869/13/5 6868/13/5
f 6884/150/5 6868/150/5 6883/150/5
f 6885/13/5 6869/13/5 6884/13/5
f 6886/149/5 6880/149/5 6879/149/5
f 6887/149/5 6880/149/5 6886/149/5
f 6888/89/5 6885/89/5 6884/89/5
f 6889/89/5 6885/89/5 6888/89/5
f 6897/193/5 6887/193/5 6886/193/5
f 6898/193/5 6887/193/5 6897/193/5
f 6903/231/5 6889/231/5 6888/231/5
f 6904/231/5 6889/231/5 6903/231/5
f 6905/219/5 6891/219/5 6890/219/5
f 6906/219/5 6891/219/5 6905/219/5
f 6907/20/5 6893/20/5 6892/20/5
f 6908/20/5 6893/20/5 6907/20/5
f 6909/135/5 6895/135/5 6894/135/5
f 6910/97/5 6896/97/5 6895/97/5
f 6910/135/5 6895/135/5 6909/135/5
f 6911/196/5 6897/196/5 6896/196/5
f 6911/97/5 6896/97/5 6910/97/5
f 6912/249/5 6898/249/5 6897/249/5
f 6912/196/5 6897/196/5 6911/196/5
f 6913/191/5 6899/191/5 6898/191/5
f 6913/249/5 6898/249/5 6912/249/5
f 6914/161/5 6900/161/5 6899/161/5
f 6914/191/5 6899/191/5 6913/191/5
f 6915/161/5 6900/161/5 6914/161/5
f 6916/66/5 6902/66/5 6901/66/5
f 6917/144/5 6903/144/5 6902/144/5
f 6917/66/5 6902/66/5 6916/66/5
f 6918/219/5 6904/219/5 6903/219/5
f 6918/144/5 6903/144/5 6917/144/5
f 6919/219/5 6904/219/5 6918/219/5
f 6920/200/5 6908/200/5 6907/200/5
f 6921/200/5 6908/200/5 6920/200/5
f 6922/240/5 6910/240/5 6909/240/5
f 6923/240/5 6910/240/5 6922/240/5
f 6926/64/5 6921/64/5 6920/64/5
f 6927/64/5 6921/64/5 6926/64/5
f 6930/236/5 6923/236/5 6922/236/5
f 6931/236/5 6923/236/5 6930/236/5
f 6939/141/5 6925/141/5 6924/141/5
f 6940/141/5 6925/141/5 6939/141/5
f 6943/148/5 6929/148/5 6928/148/5
f 6944/148/5 6929/148/5 6943/148/5
f 6945/210/5 6931/210/5 6930/210/5
f 6946/57/5 6932/57/5 6931/57/5
f 6946/210/5 6931/210/5 6945/210/5
f 6947/48/5 6933/48/5 6932/48/5
f 6947/57/5 6932/57/5 6946/57/5
f 6948/154/5 6934/154/5 6933/154/5
f 6948/48/5 6933/48/5 6947/48/5
f 6949/154/5 6934/154/5 6948/154/5
f 6950/48/5 6936/48/5 6935/48/5
f 6951/100/5 6937/100/5 6936/100/5
f 6951/48/5 6936/48/5 6950/48/5
f 6952/81/5 6938/81/5 6937/81/5
f 6952/100/5 6937/100/5 6951/100/5
f 6953/81/5 6938/81/5 6952/81/5
f 6955/117/5 6940/117/5 6939/117/5
f 6956/117/5 6940/117/5 6955/117/5
f 6957/185/5 6942/185/5 6941/185/5
f 6958/185/5 6942/185/5 6957/185/5
f 6959/60/5 6944/60/5 6943/60/5
f 6960/60/5 6944/60/5 6959/60/5
f 6961/106/5 6946/106/5 6945/106/5
f 6962/106/5 6946/106/5 6961/106/5
f 6963/93/5 6954/93/5 6953/93/5
f 6964/93/5 6954/93/5 6963/93/5
f 6965/3/5 6956/3/5 6955/3/5
f 6966/3/5 6956/3/5 6965/3/5
f 6967/78/5 6958/78/5 6957/78/5
f 6968/78/5 6958/78/5 6967/78/5
f 6969/250/5 6960/250/5 6959/250/5
f 6970/250/5 6960/250/5 6969/250/5
f 6971/3/5 6962/3/5 6961/3/5
f 6972/3/5 6962/3/5 6971/3/5
f 6977/222/5 6964/222/5 6963/222/5
f 6978/222/5 6964/222/5 6977/222/5
f 6981/146/5 6968/146/5 6967/146/5
f 6982/146/5 6968/146/5 6981/146/5
f 6983/205/5 6970/205/5 6969/205/5
f 6984/205/5 6970/205/5 6983/205/5
f 6985/100/5 6972/100/5 6971/100/5
f 6986/100/5 6972/100/5 6985/100/5
f 6987/30/5 6974/30/5 6973/30/5
f 6988/160/5 6975/160/5 6974/160/5
f 6988/30/5 6974/30/5 6987/30/5
f 6989/37/5 6976/37/5 6975/37/5
f 6989/160/5 6975/160/5 6988/160/5
f 6990/37/5 6976/37/5 6989/37/5
f 6991/160/5 6978/160/5 6977/160/5
f 6992/160/5 6978/160/5 6991/160/5
f 6993/14/5 6980/14/5 6979/14/5
f 6994/14/5 6980/14/5 6993/14/5
f 6995/142/5 6982/142/5 6981/142/5
f 6996/142/5 6982/142/5 6995/142/5
f 6997/14/5 6986/14/5 6985/14/5
f 6998/14/5 6986/14/5 6997/14/5
f 6999/199/5 6994/199/5 6993/199/5
f 7000/199/5 6994/199/5 6999/199/5
f 7002/99/5 6996/99/5 6995/99/5
f 7003/99/5 6996/99/5 7002/99/5
f 7006/157/5 6998/157/5 6997/157/5
f 7007/157/5 6998/157/5 7006/157/5
f 7014/198/5 7000/198/5 6999/198/5
f 7015/62/5 7001/62/5 7000/62/5
f 7015/198/5 7000/198/5 7014/198/5
f 7016/196/5 7002/196/5 7001/196/5
f 7016/62/5 7001/62/5 7015/62/5
f 7017/6/5 7003/6/5 7002/6/5
f 7017/196/5 7002/196/5 7016/196/5
f 7018/176/5 7004/176/5 7003/176/5
f 7018/6/5 7003/6/5 7017/6/5
f 7019/209/5 7005/209/5 7004/209/5
f 7019/176/5 7004/176/5 7018/176/5
f 7020/209/5 7005/209/5 7019/209/5
f 7021/213/5 7007/213/5 7006/213/5
f 7022/213/5 7007/213/5 7021/213/5
f 7023/88/5 7009/88/5 7008/88/5
f 7024/88/5 7009/88/5 7023/88/5
f 7025/21/5 7011/21/5 7010/21/5
f 7026/231/5 7012/231/5 7011/231/5
f 7026/21/5 7011/21/5 7025/21/5
f 7027/71/5 7013/71/5 7012/71/5
f 7027/231/5 7012/231/5 7026/231/5
f 7028/71/5 7013/71/5 7027/71/5
f 7029/178/5 7018/178/5 7017/178/5
f 7030/178/5 7018/178/5 7029/178/5
f 7031/208/5 7022/208/5 7021/208/5
f 7032/208/5 7022/208/5 7031/208/5
f 7033/220/5 7024/220/5 7023/220/5
f 7034/220/5 7024/220/5 7033/220/5
f 7037/211/5 7030/211/5 7029/211/5
f 7038/211/5 7030/211/5 7037/211/5
f 7042/219/5 7032/219/5 7031/219/5
f 7043/219/5 7032/219/5 7042/219/5
f 7044/160/5 7034/160/5 7033/160/5
f 7045/160/5 7034/160/5 7044/160/5
f 7051/46/5 7036/46/5 7035/46/5
f 7052/46/5 7036/46/5 7051/46/5
f 7053/89/5 7039/89/5 7038/89/5
f 7054/223/5 7040/223/5 7039/223/5
f 7054/89/5 7039/89/5 7053/89/5
f 7055/17/5 7041/17/5 7040/17/5
f 7055/223/5 7040/223/5 7054/223/5
f 7056/17/5 7041/17/5 7055/17/5
f 7057/127/5 7043/127/5 7042/127/5
f 7058/127/5 7043/127/5 7057/127/5
f 7059/182/5 7045/182/5 7044/182/5
f 7060/212/5 7046/212/5 7045/212/5
f 7060/182/5 7045/182/5 7059/182/5
f 7061/63/5 7047/63/5 7046/63/5
f 7061/212/5 7046/212/5 7060/212/5
f 7062/161/5 7048/161/5 7047/161/5
f 7062/63/5 7047/63/5 7061/63/5
f 7063/161/5 7048/161/5 7062/161/5
f 7064/118/5 7050/118/5 7049/118/5
f 7065/118/5 7050/118/5 7064/118/5
f 7078/186/5 7067/186/5 7066/186/5
f 7079/186/5 7067/186/5 7078/186/5
f 7080/225/5 7069/225/5 7068/225/5
f 7081/251/5 7070/251/5 7069/251/5
f 7081/225/5 7069/225/5 7080/225/5
f 7082/228/5 7071/228/5 7070/228/5
f 7082/251/5 7070/251/5 7081/251/5
f 7083/228/5 7071/228/5 7082/228/5
f 7084/121/5 7073/121/5 7072/121/5
f 7085/121/5 7073/121/5 7084/121/5
f 7086/82/5 7075/82/5 7074/82/5
f 7087/229/5 7076/229/5 7075/229/5
f 7087/82/5 7075/82/5 7086/82/5
f 7088/250/5 7077/250/5 7076/250/5
f 7088/229/5 7076/229/5 7087/229/5
f 7089/250/5 7077/250/5 7088/250/5
f 7105/78/5 7091/78/5 7090/78/5
f 7106/216/5 7092/216/5 7091/216/5
f 7106/78/5 7091/78/5 7105/78/5
f 7107/111/5 7093/111/5 7092/111/5
f 7107/216/5 7092/216/5 7106/216/5
f 7108/111/5 7093/111/5 7107/111/5
f 7109/13/5 7095/13/5 7094/13/5
f 7110/249/5 7096/249/5 7095/249/5
f 7110/13/5 7095/13/5 7109/13/5
f 7111/251/5 7097/251/5 7096/251/5
f 7111/249/5 7096/249/5 7110/249/5
f 7112/251/5 7097/251/5 7111/251/5
f 7113/56/5 7099/56/5 7098/56/5
f 7114/168/5 7100/168/5 7099/168/5
f 7114/56/5 7099/56/5 7113/56/5
f 7115/96/5 7101/96/5 7100/96/5
f 7115/168/5 7100/168/5 7114/168/5
f 7116/97/5 7102/97/5 7101/97/5
f 7116/96/5 7101/96/5 7115/96/5
f 7117/97/5 7102/97/5 7116/97/5
f 7118/114/5 7104/114/5 7103/114/5
f 7119/114/5 7104/114/5 7118/114/5
f 7120/80/5 7110/80/5 7109/80/5
f 7121/80/5 7110/80/5 7120/80/5
f 7122/110/5 7119/110/5 7118/110/5
f 7123/110/5 7119/110/5 7122/110/5
f 7127/232/5 7121/232/5 7120/232/5
f 7128/232/5 7121/232/5 7127/232/5
f 7136/64/5 7123/64/5 7122/64/5
f 7137/64/5 7123/64/5 7136/64/5
f 7138/16/5 7125/16/5 7124/16/5
f 7139/101/5 7126/101/5 7125/101/5
f 7139/16/5 7125/16/5 7138/16/5
f 7140/38/5 7127/38/5 7126/38/5
f 7140/101/5 7126/101/5 7139/101/5
f 7141/103/5 7128/103/5 7127/103/5
f 7141/38/5 7127/38/5 7140/38/5
f 7142/103/5 7128/103/5 7141/103/5
f 7144/10/5 7130/10/5 7129/10/5
f 7145/146/5 7131/146/5 7130/146/5
f 7145/10/5 7130/10/5 7144/10/5
f 7146/7/5 7132/7/5 7131/7/5
f 7146/146/5 7131/146/5 7145/146/5
f 7147/7/5 7132/7/5 7146/7/5
f 7148/90/5 7134/90/5 7133/90/5
f 7149/234/5 7135/234/5 7134/234/5
f 7149/90/5 7134/90/5 7148/90/5
f 7150/183/5 7136/183/5 7135/183/5
f 7150/234/5 7135/234/5 7149/234/5
f 7151/147/5 7137/147/5 7136/147/5
f 7151/183/5 7136/183/5 7150/183/5
f 7152/147/5 7137/147/5 7151/147/5
f 7153/94/5 7139/94/5 7138/94/5
f 7154/94/5 7139/94/5 7153/94/5
f 7155/18/5 7144/18/5 7143/18/5
f 7156/18/5 7144/18/5 7155/18/5
f 7159/179/5 7154/179/5 7153/179/5
f 7160/179/5 7154/179/5 7159/179/5
f 7161/16/5 7156/16/5 7155/16/5
f 7162/16/5 7156/16/5 7161/16/5
f 7169/89/5 7158/89/5 7157/89/5
f 7170/89/5 7158/89/5 7169/89/5
f 7171/33/5 7160/33/5 7159/33/5
f 7172/33/5 7160/33/5 7171/33/5
f 7173/18/5 7162/18/5 7161/18/5
f 7174/18/5 7162/18/5 7173/18/5
f 7175/105/5 7164/105/5 7163/105/5
f 7176/105/5 7164/105/5 7175/105/5
f 7177/150/5 7166/150/5 7165/150/5
f 7178/150/5 7166/150/5 7177/150/5
f 7179/31/5 7168/31/5 7167/31/5
f 7180/31/5 7168/31/5 7179/31/5
f 7181/28/5 7170/28/5 7169/28/5
f 7182/28/5 7170/28/5 7181/28/5
f 7183/242/5 7176/242/5 7175/242/5
f 7184/242/5 7176/242/5 7183/242/5
f 7185/64/5 7180/64/5 7179/64/5
f 7186/64/5 7180/64/5 7185/64/5
f 7187/134/5 7182/134/5 7181/134/5
f 7188/134/5 7182/134/5 7187/134/5
f 7194/27/5 7184/27/5 7183/27/5
f 7195/27/5 7184/27/5 7194/27/5
f 7199/22/5 7186/22/5 7185/22/5
f 7200/22/5 7186/22/5 7199/22/5
f 7201/88/5 7188/88/5 7187/88/5
f 7202/98/5 7189/98/5 7188/98/5
f 7202/88/5 7188/88/5 7201/88/5
f 7203/52/5 7190/52/5 7189/52/5
f 7203/98/5 7189/98/5 7202/98/5
f 7204/52/5 7190/52/5 7203/52/5
f 7207/175/5 7192/175/5 7191/175/5
f 7208/125/5 7193/125/5 7192/125/5
f 7208/175/5 7192/175/5 7207/175/5
f 7209/197/5 7194/197/5 7193/197/5
f 7209/125/5 7193/125/5 7208/125/5
f 7210/34/5 7195/34/5 7194/34/5
f 7210/197/5 7194/197/5 7209/197/5
f 7211/197/5 7196/197/5 7195/197/5
f 7211/34/5 7195/34/5 7210/34/5
f 7212/53/5 7197/53/5 7196/53/5
f 7212/197/5 7196/197/5 7211/197/5
f 7213/221/5 7198/221/5 7197/221/5
f 7213/53/5 7197/53/5 7212/53/5
f 7214/221/5 7198/221/5 7213/221/5
f 7215/203/5 7200/203/5 7199/203/5
f 7216/203/5 7200/203/5 7215/203/5
f 7217/158/5 7206/158/5 7205/158/5
f 7218/158/5 7206/158/5 7217/158/5
f 7219/61/5 7208/61/5 7207/61/5
f 7220/61/5 7208/61/5 7219/61/5
f 7226/83/5 7218/83/5 7217/83/5
f 7227/83/5 7218/83/5 7226/83/5
f 7228/172/5 7220/172/5 7219/172/5
f 7229/172/5 7220/172/5 7228/172/5
f 7235/238/5 7222/238/5 7221/238/5
f 7236/238/5 7222/238/5 7235/238/5
f 7237/111/5 7224/111/5 7223/111/5
f 7238/156/5 7225/156/5 7224/156/5
f 7238/111/5 7224/111/5 7237/111/5
f 7239/149/5 7226/149/5 7225/149/5
f 7239/156/5 7225/156/5 7238/156/5
f 7240/229/5 7227/229/5 7226/229/5
f 7240/149/5 7226/149/5 7239/149/5
f 7241/229/5 7227/229/5 7240/229/5
f 7242/5/5 7229/5/5 7228/5/5
f 7243/5/5 7229/5/5 7242/5/5
f 7244/37/5 7231/37/5 7230/37/5
f 7245/247/5 7232/247/5 7231/247/5
f 7245/37/5 7231/37/5 7244/37/5
f 7246/23/5 7233/23/5 7232/23/5
f 7246/247/5 7232/247/5 7245/247/5
f 7247/194/5 7234/194/5 7233/194/5
f 7247/23/5 7233/23/5 7246/23/5
f 7248/194/5 7234/194/5 7247/194/5
f 7249/201/5 7238/201/5 7237/201/5
f 7250/201/5 7238/201/5 7249/201/5
f 7251/97/5 7243/97/5 7242/97/5
f 7252/97/5 7243/97/5 7251/97/5
f 7253/230/5 7248/230/5 7247/230/5
f 7254/230/5 7248/230/5 7253/230/5
f 7255/88/5 7250/88/5 7249/88/5
f 7256/88/5 7250/88/5 7255/88/5
f 7260/15/5 7252/15/5 7251/15/5
f 7261/15/5 7252/15/5 7260/15/5
f 7266/159/5 7254/159/5 7253/159/5
f 7267/159/5 7254/159/5 7266/159/5
f 7268/89/5 7257/89/5 7256/89/5
f 7269/51/5 7258/51/5 7257/51/5
f 7269/89/5 7257/89/5 7268/89/5
f 7270/111/5 7259/111/5 7258/111/5
f 7270/51/5 7258/51/5 7269/51/5
f 7271/111/5 7259/111/5 7270/111/5
f 7273/238/5 7262/238/5 7261/238/5
f 7274/189/5 7263/189/5 7262/189/5
f 7274/238/5 7262/238/5 7273/238/5
f 7275/189/5 7263/189/5 7274/189/5
f 7276/68/5 7265/68/5 7264/68/5
f 7277/68/5 7265/68/5 7276/68/5
f 7278/199/5 7273/199/5 7272/199/5
f 7279/199/5 7273/199/5 7278/199/5
f 7280/166/5 7277/166/5 7276/166/5
f 7281/166/5 7277/166/5 7280/166/5
f 7285/36/5 7279/36/5 7278/36/5
f 7286/36/5 7279/36/5 7285/36/5
f 7289/220/5 7281/220/5 7280/220/5
f 7290/220/5 7281/220/5 7289/220/5
f 7293/159/5 7283/159/5 7282/159/5
f 7294/76/5 7284/76/5 7283/76/5
f 7294/159/5 7283/159/5 7293/159/5
f 7295/162/5 7285/162/5 7284/162/5
f 7295/76/5 7284/76/5 7294/76/5
f 7296/119/5 7286/119/5 7285/119/5
f 7296/162/5 7285/162/5 7295/162/5
f 7297/119/5 7286/119/5 7296/119/5
f 7298/227/5 7288/227/5 7287/227/5
f 7299/235/5 7289/235/5 7288/235/5
f 7299/227/5 7288/227/5 7298/227/5
f 7300/235/5 7289/235/5 7299/235/5
f 7301/220/5 7292/220/5 7291/220/5
f 7302/220/5 7292/220/5 7301/220/5
f 7311/171/5 7304/171/5 7303/171/5
f 7312/171/5 7304/171/5 7311/171/5
f 7313/187/5 7306/187/5 7305/187/5
f 7314/187/5 7306/187/5 7313/187/5
f 7315/23/5 7308/23/5 7307/23/5
f 7316/23/5 7308/23/5 7315/23/5
f 7319/146/5 7310/146/5 7309/146/5
f 7320/146/5 7310/146/5 7319/146/5
f 7321/46/5 7312/46/5 7311/46/5
f 7322/46/5 7312/46/5 7321/46/5
f 7323/209/5 7314/209/5 7313/209/5
f 7324/209/5 7314/209/5 7323/209/5
f 7325/198/5 7316/198/5 7315/198/5
f 7326/198/5 7316/198/5 7325/198/5
f 7327/203/5 7318/203/5 7317/203/5
f 7328/203/5 7318/203/5 7327/203/5
f 7331/20/5 7320/20/5 7319/20/5
f 7332/20/5 7320/20/5 7331/20/5
f 7334/204/5 7322/204/5 7321/204/5
f 7335/204/5 7322/204/5 7334/204/5
f 7336/221/5 7324/221/5 7323/221/5
f 7337/221/5 7324/221/5 7336/221/5
f 7338/119/5 7326/119/5 7325/119/5
f 7339/119/5 7326/119/5 7338/119/5
f 7340/246/5 7328/246/5 7327/246/5
f 7341/246/5 7328/246/5 7340/246/5
f 7343/95/5 7330/95/5 7329/95/5
f 7344/205/5 7331/205/5 7330/205/5
f 7344/95/5 7330/95/5 7343/95/5
f 7345/157/5 7332/157/5 7331/157/5
f 7345/205/5 7331/205/5 7344/205/5
f 7346/127/5 7333/127/5 7332/127/5
f 7346/157/5 7332/157/5 7345/157/5
f 7347/89/5 7334/89/5 7333/89/5
f 7347/127/5 7333/127/5 7346/127/5
f 7348/221/5 7335/221/5 7334/221/5
f 7348/89/5 7334/89/5 7347/89/5
f 7349/221/5 7335/221/5 7348/221/5
f 7350/223/5 7339/223/5 7338/223/5
f 7351/223/5 7339/223/5 7350/223/5
f 7354/74/5 7341/74/5 7340/74/5
f 7355/74/5 7341/74/5 7354/74/5
f 7356/200/5 7343/200/5 7342/200/5
f 7357/200/5 7343/200/5 7356/200/5
f 7358/32/5 7353/32/5 7352/32/5
f 7359/32/5 7353/32/5 7358/32/5
f 7360/253/5 7357/253/5 7356/253/5
f 7361/253/5 7357/253/5 7360/253/5
f 7368/4/5 7359/4/5 7358/4/5
f 7369/4/5 7359/4/5 7368/4/5
f 7373/115/5 7363/115/5 7362/115/5
f 7374/215/5 7364/215/5 7363/215/5
f 7374/115/5 7363/115/5 7373/115/5
f 7375/52/5 7365/52/5 7364/52/5
f 7375/215/5 7364/215/5 7374/215/5
f 7376/52/5 7365/52/5 7375/52/5
f 7379/63/5 7367/63/5 7366/63/5
f 7380/63/5 7367/63/5 7379/63/5
f 7381/137/5 7370/137/5 7369/137/5
f 7382/156/5 7371/156/5 7370/156/5
f 7382/137/5 7370/137/5 7381/137/5
f 7383/156/5 7371/156/5 7382/156/5
f 7385/117/5 7373/117/5 7372/117/5
f 7386/117/5 7373/117/5 7385/117/5
f 7387/4/5 7378/4/5 7377/4/5
f 7388/4/5 7378/4/5 7387/4/5
f 7389/9/5 7384/9/5 7383/9/5
f 7390/9/5 7384/9/5 7389/9/5
f 7391/116/5 7386/116/5 7385/116/5
f 7392/116/5 7386/116/5 7391/116/5
f 7395/12/5 7388/12/5 7387/12/5
f 7396/12/5 7388/12/5 7395/12/5
f 7401/28/5 7390/28/5 7389/28/5
f 7402/28/5 7390/28/5 7401/28/5
f 7403/41/5 7392/41/5 7391/41/5
f 7404/41/5 7392/41/5 7403/41/5
f 7405/165/5 7394/165/5 7393/165/5
f 7406/165/5 7394/165/5 7405/165/5
f 7407/180/5 7396/180/5 7395/180/5
f 7408/180/5 7396/180/5 7407/180/5
f 7409/160/5 7398/160/5 7397/160/5
f 7410/160/5 7398/160/5 7409/160/5
f 7411/184/5 7400/184/5 7399/184/5
f 7412/184/5 7400/184/5 7411/184/5
f 7413/205/5 7402/205/5 7401/205/5
f 7414/205/5 7402/205/5 7413/205/5
f 7415/248/5 7404/248/5 7403/248/5
f 7416/248/5 7404/248/5 7415/248/5
f 7417/123/5 7406/123/5 7405/123/5
f 7418/123/5 7406/123/5 7417/123/5
f 7419/126/5 7416/126/5 7415/126/5
f 7420/126/5 7416/126/5 7419/126/5
f 7422/22/5 7418/22/5 7417/22/5
f 7423/22/5 7418/22/5 7422/22/5
f 7433/117/5 7421/117/5 7420/117/5
f 7434/206/5 7422/206/5 7421/206/5
f 7434/117/5 7421/117/5 7433/117/5
f 7435/239/5 7423/239/5 7422/239/5
f 7435/206/5 7422/206/5 7434/206/5
f 7436/239/5 7423/239/5 7435/239/5
f 7437/61/5 7425/61/5 7424/61/5
f 7438/61/5 7425/61/5 7437/61/5
f 7439/73/5 7427/73/5 7426/73/5
f 7440/226/5 7428/226/5 7427/226/5
f 7440/73/5 7427/73/5 7439/73/5
f 7441/3/5 7429/3/5 7428/3/5
f 7441/226/5 7428/226/5 7440/226/5
f 7442/107/5 7430/107/5 7429/107/5
f 7442/3/5 7429/3/5 7441/3/5
f 7443/107/5 7430/107/5 7442/107/5
f 7446/68/5 7432/68/5 7431/68/5
f 7447/68/5 7432/68/5 7446/68/5
f 7448/251/5 7438/251/5 7437/251/5
f 7449/251/5 7438/251/5 7448/251/5
f 7450/248/5 7440/248/5 7439/248/5
f 7451/248/5 7440/248/5 7450/248/5
f 7452/51/5 7445/51/5 7444/51/5
f 7453/51/5 7445/51/5 7452/51/5
f 7454/29/5 7447/29/5 7446/29/5
f 7455/29/5 7447/29/5 7454/29/5
f 7459/23/5 7449/23/5 7448/23/5
f 7460/23/5 7449/23/5 7459/23/5
f 7461/203/5 7451/203/5 7450/203/5
f 7462/203/5 7451/203/5 7461/203/5
f 7465/120/5 7453/120/5 7452/120/5
f 7466/120/5 7453/120/5 7465/120/5
f 7471/11/5 7457/11/5 7456/11/5
f 7472/27/5 7458/27/5 7457/27/5
f 7472/11/5 7457/11/5 7471/11/5
f 7473/57/5 7459/57/5 7458/57/5
f 7473/27/5 7458/27/5 7472/27/5
f 7474/99/5 7460/99/5 7459/99/5
f 7474/57/5 7459/57/5 7473/57/5
f 7475/99/5 7460/99/5 7474/99/5
f 7476/86/5 7464/86/5 7463/86/5
f 7477/86/5 7464/86/5 7476/86/5
f 7478/241/5 7466/241/5 7465/241/5
f 7479/241/5 7466/241/5 7478/241/5
f 7480/111/5 7468/111/5 7467/111/5
f 7481/111/5 7468/111/5 7480/111/5
f 7482/210/5 7470/210/5 7469/210/5
f 7483/210/5 7470/210/5 7482/210/5
f 7484/199/5 7472/199/5 7471/199/5
f 7485/199/5 7472/199/5 7484/199/5
f 7486/112/5 7481/112/5 7480/112/5
f 7487/112/5 7481/112/5 7486/112/5
f 7489/151/5 7483/151/5 7482/151/5
f 7490/151/5 7483/151/5 7489/151/5
f 7492/35/5 7485/35/5 7484/35/5
f 7493/35/5 7485/35/5 7492/35/5
f 7500/153/5 7488/153/5 7487/153/5
f 7501/182/5 7489/182/5 7488/182/5
f 7501/153/5 7488/153/5 7500/153/5
f 7502/182/5 7489/182/5 7501/182/5
f 7503/154/5 7491/154/5 7490/154/5
f 7504/102/5 7492/102/5 7491/102/5
f 7504/154/5 7491/154/5 7503/154/5
f 7505/102/5 7492/102/5 7504/102/5
f 7506/39/5 7495/39/5 7494/39/5
f 7507/170/5 7496/170/5 7495/170/5
f 7507/39/5 7495/39/5 7506/39/5
f 7508/5/5 7497/5/5 7496/5/5
f 7508/170/5 7496/170/5 7507/170/5
f 7509/4/5 7498/4/5 7497/4/5
f 7509/5/5 7497/5/5 7508/5/5
f 7510/135/5 7499/135/5 7498/135/5
f 7510/4/5 7498/4/5 7509/4/5
f 7511/135/5 7499/135/5 7510/135/5
f 7526/210/5 7513/210/5 7512/210/5
f 7527/210/5 7513/210/5 7526/210/5
f 7528/199/5 7515/199/5 7514/199/5
f 7529/17/5 7516/17/5 7515/17/5
f 7529/199/5 7515/199/5 7528/199/5
f 7530/91/5 7517/91/5 7516/91/5
f 7530/17/5 7516/17/5 7529/17/5
f 7531/91/5 7517/91/5 7530/91/5
f 7533/120/5 7519/120/5 7518/120/5
f 7534/238/5 7520/238/5 7519/238/5
f 7534/120/5 7519/120/5 7533/120/5
f 7535/216/5 7521/216/5 7520/216/5
f 7535/238/5 7520/238/5 7534/238/5
f 7536/216/5 7521/216/5 7535/216/5
f 7537/39/5 7523/39/5 7522/39/5
f 7538/211/5 7524/211/5 7523/211/5
f 7538/39/5 7523/39/5 7537/39/5
f 7539/46/5 7525/46/5 7524/46/5
f 7539/211/5 7524/211/5 7538/211/5
f 7540/46/5 7525/46/5 7539/46/5
f 7541/184/5 7527/184/5 7526/184/5
f 7542/184/5 7527/184/5 7541/184/5
f 7543/135/5 7529/135/5 7528/135/5
f 7544/135/5 7529/135/5 7543/135/5
f 7545/184/5 7533/184/5 7532/184/5
f 7546/184/5 7533/184/5 7545/184/5
f 7547/206/5 7542/206/5 7541/206/5
f 7548/206/5 7542/206/5 7547/206/5
f 7549/227/5 7544/227/5 7543/227/5
f 7550/227/5 7544/227/5 7549/227/5
f 7551/66/5 7546/66/5 7545/66/5
f 7552/66/5 7546/66/5 7551/66/5
f 7557/222/5 7548/222/5 7547/222/5
f 7558/222/5 7548/222/5 7557/222/5
f 7559/158/5 7550/158/5 7549/158/5
f 7560/158/5 7550/158/5 7559/158/5
f 7561/33/5 7552/33/5 7551/33/5
f 7562/33/5 7552/33/5 7561/33/5
f 7563/37/5 7554/37/5 7553/37/5
f 7564/37/5 7554/37/5 7563/37/5
f 7565/53/5 7556/53/5 7555/53/5
f 7566/53/5 7556/53/5 7565/53/5
f 7567/182/5 7558/182/5 7557/182/5
f 7568/182/5 7558/182/5 7567/182/5
f 7569/183/5 7566/183/5 7565/183/5
f 7570/183/5 7566/183/5 7569/183/5
f 7571/93/5 7568/93/5 7567/93/5
f 7572/93/5 7568/93/5 7571/93/5
f 7582/185/5 7570/185/5 7569/185/5
f 7583/185/5 7570/185/5 7582/185/5
f 7584/239/5 7572/239/5 7571/239/5
f 7585/239/5 7572/239/5 7584/239/5
f 7586/89/5 7574/89/5 7573/89/5
f 7587/89/5 7574/89/5 7586/89/5
f 7588/76/5 7576/76/5 7575/76/5
f 7589/159/5 7577/159/5 7576/159/5
f 7589/76/5 7576/76/5 7588/76/5
f 7590/53/5 7578/53/5 7577/53/5
f 7590/159/5 7577/159/5 7589/159/5
f 7591/53/5 7578/53/5 7590/53/5
f 7592/73/5 7580/73/5 7579/73/5
f 7593/221/5 7581/221/5 7580/221/5
f 7593/73/5 7580/73/5 7592/73/5
f 7594/221/5 7581/221/5 7593/221/5
f 7595/202/5 7583/202/5 7582/202/5
f 7596/202/5 7583/202/5 7595/202/5
f 7597/177/5 7587/177/5 7586/177/5
f 7598/177/5 7587/177/5 7597/177/5
f 7599/82/5 7596/82/5 7595/82/5
f 7600/82/5 7596/82/5 7599/82/5
f 7603/202/5 7598/202/5 7597/202/5
f 7604/202/5 7598/202/5 7603/202/5
f 7610/113/5 7600/113/5 7599/113/5
f 7611/113/5 7600/113/5 7610/113/5
f 7612/210/5 7602/210/5 7601/210/5
f 7613/210/5 7602/210/5 7612/210/5
f 7614/224/5 7604/224/5 7603/224/5
f 7615/224/5 7604/224/5 7614/224/5
f 7616/69/5 7606/69/5 7605/69/5
f 7617/168/5 7607/168/5 7606/168/5
f 7617/69/5 7606/69/5 7616/69/5
f 7618/48/5 7608/48/5 7607/48/5
f 7618/168/5 7607/168/5 7617/168/5
f 7619/201/5 7609/201/5 7608/201/5
f 7619/48/5 7608/48/5 7618/48/5
f 7620/201/5 7609/201/5 7619/201/5
f 7627/104/5 7613/104/5 7612/104/5
f 7628/104/5 7613/104/5 7627/104/5
f 7629/169/5 7615/169/5 7614/169/5
f 7630/169/5 7615/169/5 7629/169/5
f 7631/127/5 7622/127/5 7621/127/5
f 7632/127/5 7622/127/5 7631/127/5
f 7633/184/5 7624/184/5 7623/184/5
f 7634/184/5 7624/184/5 7633/184/5
f 7635/233/5 7626/233/5 7625/233/5
f 7636/233/5 7626/233/5 7635/233/5
f 7637/246/5 7628/246/5 7627/246/5
f 7638/246/5 7628/246/5 7637/246/5
f 7639/18/5 7630/18/5 7629/18/5
f 7640/18/5 7630/18/5 7639/18/5
f 7645/90/5 7632/90/5 7631/90/5
f 7646/90/5 7632/90/5 7645/90/5
f 7648/174/5 7634/174/5 7633/174/5
f 7649/174/5 7634/174/5 7648/174/5
f 7650/230/5 7636/230/5 7635/230/5
f 7651/230/5 7636/230/5 7650/230/5
f 7652/95/5 7638/95/5 7637/95/5
f 7653/95/5 7638/95/5 7652/95/5
f 7654/7/5 7642/7/5 7641/7/5
f 7655/162/5 7643/162/5 7642/162/5
f 7655/7/5 7642/7/5 7654/7/5
f 7656/90/5 7644/90/5 7643/90/5
f 7656/162/5 7643/162/5 7655/162/5
f 7657/90/5 7644/90/5 7656/90/5
f 7658/148/5 7646/148/5 7645/148/5
f 7659/61/5 7647/61/5 7646/61/5
f 7659/148/5 7646/148/5 7658/148/5
f 7660/65/5 7648/65/5 7647/65/5
f 7660/61/5 7647/61/5 7659/61/5
f 7661/141/5 7649/141/5 7648/141/5
f 7661/65/5 7648/65/5 7660/65/5
f 7662/141/5 7649/141/5 7661/141/5
f 7663/110/5 7651/110/5 7650/110/5
f 7664/110/5 7651/110/5 7663/110/5
f 7665/166/5 7653/166/5 7652/166/5
f 7666/166/5 7653/166/5 7665/166/5
f 7667/147/5 7659/147/5 7658/147/5
f 7668/147/5 7659/147/5 7667/147/5
f 7669/78/5 7666/78/5 7665/78/5
f 7670/78/5 7666/78/5 7669/78/5
f 7673/227/5 7668/227/5 7667/227/5
f 7674/227/5 7668/227/5 7673/227/5
f 7680/188/5 7672/188/5 7671/188/5
f 7681/188/5 7672/188/5 7680/188/5
f 7682/183/5 7674/183/5 7673/183/5
f 7683/62/5 7675/62/5 7674/62/5
f 7683/183/5 7674/183/5 7682/183/5
f 7684/78/5 7676/78/5 7675/78/5
f 7684/62/5 7675/62/5 7683/62/5
f 7685/78/5 7676/78/5 7684/78/5
f 7686/92/5 7678/92/5 7677/92/5
f 7687/47/5 7679/47/5 7678/47/5
f 7687/92/5 7678/92/5 7686/92/5
f 7688/47/5 7679/47/5 7687/47/5
f 7690/9/5 7681/9/5 7680/9/5
f 7691/9/5 7681/9/5 7690/9/5
f 7692/26/5 7689/26/5 7688/26/5
f 7693/26/5 7689/26/5 7692/26/5
f 7696/203/5 7691/203/5 7690/203/5
f 7697/203/5 7691/203/5 7696/203/5
f 7705/204/5 7693/204/5 7692/204/5
f 7706/204/5 7693/204/5 7705/204/5
f 7707/195/5 7695/195/5 7694/195/5
f 7708/67/5 7696/67/5 7695/67/5
f 7708/195/5 7695/195/5 7707/195/5
f 7709/230/5 7697/230/5 7696/230/5
f 7709/67/5 7696/67/5 7708/67/5
f 7710/230/5 7697/230/5 7709/230/5
f 7711/68/5 7699/68/5 7698/68/5
f 7712/20/5 7700/20/5 7699/20/5
f 7712/68/5 7699/68/5 7711/68/5
f 7713/20/5 7700/20/5 7712/20/5
f 7714/35/5 7702/35/5 7701/35/5
f 7715/226/5 7703/226/5 7702/226/5
f 7715/35/5 7702/35/5 7714/35/5
f 7716/95/5 7704/95/5 7703/95/5
f 7716/226/5 7703/226/5 7715/226/5
f 7717/95/5 7704/95/5 7716/95/5
f 7718/209/5 7706/209/5 7705/209/5
f 7719/209/5 7706/209/5 7718/209/5
f 7731/237/5 7721/237/5 7720/237/5
f 7732/237/5 7721/237/5 7731/237/5
f 7733/130/5 7723/130/5 7722/130/5
f 7734/92/5 7724/92/5 7723/92/5
f 7734/130/5 7723/130/5 7733/130/5
f 7735/188/5 7725/188/5 7724/188/5
f 7735/92/5 7724/92/5 7734/92/5
f 7736/96/5 7726/96/5 7725/96/5
f 7736/188/5 7725/188/5 7735/188/5
f 7737/96/5 7726/96/5 7736/96/5
f 7739/43/5 7728/43/5 7727/43/5
f 7740/153/5 7729/153/5 7728/153/5
f 7740/43/5 7728/43/5 7739/43/5
f 7741/71/5 7730/71/5 7729/71/5
f 7741/153/5 7729/153/5 7740/153/5
f 7742/71/5 7730/71/5 7741/71/5
f 7743/158/5 7732/158/5 7731/158/5
f 7744/158/5 7732/158/5 7743/158/5
f 7745/216/5 7737/216/5 7736/216/5
f 7746/216/5 7737/216/5 7745/216/5
f 7747/143/5 7739/143/5 7738/143/5
f 7748/143/5 7739/143/5 7747/143/5
f 7749/247/5 7744/247/5 7743/247/5
f 7750/247/5 7744/247/5 7749/247/5
f 7756/117/5 7746/117/5 7745/117/5
f 7757/117/5 7746/117/5 7756/117/5
f 7759/245/5 7748/245/5 7747/245/5
f 7760/245/5 7748/245/5 7759/245/5
f 7763/146/5 7750/146/5 7749/146/5
f 7764/86/5 7751/86/5 7750/86/5
f 7764/146/5 7750/146/5 7763/146/5
f 7765/209/5 7752/209/5 7751/209/5
f 7765/86/5 7751/86/5 7764/86/5
f 7766/121/5 7753/121/5 7752/121/5
f 7766/209/5 7752/209/5 7765/209/5
f 7767/174/5 7754/174/5 7753/174/5
f 7767/121/5 7753/121/5 7766/121/5
f 7768/121/5 7755/121/5 7754/121/5
f 7768/174/5 7754/174/5 7767/174/5
f 7769/121/5 7755/121/5 7768/121/5
f 7771/119/5 7758/119/5 7757/119/5
f 7772/97/5 7759/97/5 7758/97/5
f 7772/119/5 7758/119/5 7771/119/5
f 7773/97/5 7759/97/5 7772/97/5
f 7776/113/5 7762/113/5 7761/113/5
f 7777/113/5 7762/113/5 7776/113/5
f 7778/71/5 7767/71/5 7766/71/5
f 7779/71/5 7767/71/5 7778/71/5
f 7780/77/5 7771/77/5 7770/77/5
f 7781/77/5 7771/77/5 7780/77/5
f 7782/202/5 7775/202/5 7774/202/5
f 7783/202/5 7775/202/5 7782/202/5
f 7784/16/5 7777/16/5 7776/16/5
f 7785/16/5 7777/16/5 7784/16/5
f 7790/197/5 7779/197/5 7778/197/5
f 7791/197/5 7779/197/5 7790/197/5
f 7794/3/5 7781/3/5 7780/3/5
f 7795/3/5 7781/3/5 7794/3/5
f 7798/201/5 7783/201/5 7782/201/5
f 7799/201/5 7783/201/5 7798/201/5
f 7800/52/5 7785/52/5 7784/52/5
f 7801/158/5 7786/158/5 7785/158/5
f 7801/52/5 7785/52/5 7800/52/5
f 7802/91/5 7787/91/5 7786/91/5
f 7802/158/5 7786/158/5 7801/158/5
f 7803/34/5 7788/34/5 7787/34/5
f 7803/91/5 7787/91/5 7802/91/5
f 7804/199/5 7789/199/5 7788/199/5
f 7804/34/5 7788/34/5 7803/34/5
f 7805/68/5 7790/68/5 7789/68/5
f 7805/199/5 7789/199/5 7804/199/5
f 7806/182/5 7791/182/5 7790/182/5
f 7806/68/5 7790/68/5 7805/68/5
f 7807/182/5 7791/182/5 7806/182/5
f 7808/172/5 7793/172/5 7792/172/5
f 7809/236/5 7794/236/5 7793/236/5
f 7809/172/5 7793/172/5 7808/172/5
f 7810/51/5 7795/51/5 7794/51/5
f 7810/236/5 7794/236/5 7809/236/5
f 7811/131/5 7796/131/5 7795/131/5
f 7811/51/5 7795/51/5 7810/51/5
f 7812/232/5 7797/232/5 7796/232/5
f 7812/131/5 7796/131/5 7811/131/5
f 7813/232/5 7797/232/5 7812/232/5
f 7814/11/5 7799/11/5 7798/11/5
f 7815/11/5 7799/11/5 7814/11/5
f 7816/101/5 7815/101/5 7814/101/5
f 7817/101/5 7815/101/5 7816/101/5
f 7832/213/5 7817/213/5 7816/213/5
f 7833/213/5 7817/213/5 7832/213/5
f 7834/125/5 7819/125/5 7818/125/5
f 7835/140/5 7820/140/5 7819/140/5
f 7835/125/5 7819/125/5 7834/125/5
f 7836/40/5 7821/40/5 7820/40/5
f 7836/140/5 7820/140/5 7835/140/5
f 7837/24/5 7822/24/5 7821/24/5
f 7837/40/5 7821/40/5 7836/40/5
f 7838/58/5 7823/58/5 7822/58/5
f 7838/24/5 7822/24/5 7837/24/5
f 7839/19/5 7824/19/5 7823/19/5
f 7839/58/5 7823/58/5 7838/58/5
f 7840/19/5 7824/19/5 7839/19/5
f 7841/70/5 7826/70/5 7825/70/5
f 7842/70/5 7826/70/5 7841/70/5
f 7843/79/5 7828/79/5 7827/79/5
f 7844/79/5 7828/79/5 7843/79/5
f 7845/103/5 7830/103/5 7829/103/5
f 7846/100/5 7831/100/5 7830/100/5
f 7846/103/5 7830/103/5 7845/103/5
f 7847/209/5 7832/209/5 7831/209/5
f 7847/100/5 7831/100/5 7846/100/5
f 7848/31/5 7833/31/5 7832/31/5
f 7848/209/5 7832/209/5 7847/209/5
f 7849/31/5 7833/31/5 7848/31/5
f 7850/25/5 7838/25/5 7837/25/5
f 7851/25/5 7838/25/5 7850/25/5
f 7852/119/5 7842/119/5 7841/119/5
f 7853/119/5 7842/119/5 7852/119/5
f 7854/223/5 7844/223/5 7843/223/5
f 7855/223/5 7844/223/5 7854/223/5
f 7856/37/5 7851/37/5 7850/37/5
f 7857/37/5 7851/37/5 7856/37/5
f 7861/102/5 7853/102/5 7852/102/5
f 7862/102/5 7853/102/5 7861/102/5
f 7863/129/5 7855/129/5 7854/129/5
f 7864/129/5 7855/129/5 7863/129/5
f 7868/118/5 7857/118/5 7856/118/5
f 7869/118/5 7857/118/5 7868/118/5
f 7870/4/5 7859/4/5 7858/4/5
f 7871/127/5 7860/127/5 7859/127/5
f 7871/4/5 7859/4/5 7870/4/5
f 7872/144/5 7861/144/5 7860/144/5
f 7872/127/5 7860/127/5 7871/127/5
f 7873/144/5 7861/144/5 7872/144/5
f 7874/14/5 7864/14/5 7863/14/5
f 7875/172/5 7865/172/5 7864/172/5
f 7875/14/5 7864/14/5 7874/14/5
f 7876/219/5 7866/219/5 7865/219/5
f 7876/172/5 7865/172/5 7875/172/5
f 7877/76/5 7867/76/5 7866/76/5
f 7877/219/5 7866/219/5 7876/219/5
f 7878/76/5 7867/76/5 7877/76/5
f 7881/62/5 7869/62/5 7868/62/5
f 7882/62/5 7869/62/5 7881/62/5
f 7883/184/5 7871/184/5 7870/184/5
f 7884/184/5 7871/184/5 7883/184/5
f 7885/151/5 7875/151/5 7874/151/5
f 7886/151/5 7875/151/5 7885/151/5
f 7887/75/5 7880/75/5 7879/75/5
f 7888/75/5 7880/75/5 7887/75/5
f 7892/209/5 7882/209/5 7881/209/5
f 7893/209/5 7882/209/5 7892/209/5
f 7894/49/5 7884/49/5 7883/49/5
f 7895/49/5 7884/49/5 7894/49/5
f 7899/114/5 7886/114/5 7885/114/5
f 7900/114/5 7886/114/5 7899/114/5
f 7904/24/5 7888/24/5 7887/24/5
f 7905/24/5 7888/24/5 7904/24/5
f 7906/63/5 7890/63/5 7889/63/5
f 7907/161/5 7891/161/5 7890/161/5
f 7907/63/5 7890/63/5 7906/63/5
f 7908/203/5 7892/203/5 7891/203/5
f 7908/161/5 7891/161/5 7907/161/5
f 7909/158/5 7893/158/5 7892/158/5
f 7909/203/5 7892/203/5 7908/203/5
f 7910/158/5 7893/158/5 7909/158/5
f 7911/79/5 7895/79/5 7894/79/5
f 7912/79/5 7895/79/5 7911/79/5
f 7913/205/5 7897/205/5 7896/205/5
f 7914/3/5 7898/3/5 7897/3/5
f 7914/205/5 7897/205/5 7913/205/5
f 7915/72/5 7899/72/5 7898/72/5
f 7915/3/5 7898/3/5 7914/3/5
f 7916/72/5 7899/72/5 7915/72/5
f 7917/154/5 7902/154/5 7901/154/5
f 7918/145/5 7903/145/5 7902/145/5
f 7918/154/5 7902/154/5 7917/154/5
f 7919/143/5 7904/143/5 7903/143/5
f 7919/145/5 7903/145/5 7918/145/5
f 7920/207/5 7905/207/5 7904/207/5
f 7920/143/5 7904/143/5 7919/143/5
f 7921/207/5 7905/207/5 7920/207/5
f 7922/53/5 7907/53/5 7906/53/5
f 7923/53/5 7907/53/5 7922/53/5
f 7924/124/5 7912/124/5 7911/124/5
f 7925/124/5 7912/124/5 7924/124/5
f 7926/126/5 7914/126/5 7913/126/5
f 7927/126/5 7914/126/5 7926/126/5
f 7928/93/5 7921/93/5 7920/93/5
f 7929/93/5 7921/93/5 7928/93/5
f 7930/84/5 7923/84/5 7922/84/5
f 7931/84/5 7923/84/5 7930/84/5
f 7932/188/5 7925/188/5 7924/188/5
f 7933/188/5 7925/188/5 7932/188/5
f 7934/44/5 7927/44/5 7926/44/5
f 7935/44/5 7927/44/5 7934/44/5
f 7940/40/5 7929/40/5 7928/40/5
f 7941/40/5 7929/40/5 7940/40/5
f 7942/78/5 7933/78/5 7932/78/5
f 7943/78/5 7933/78/5 7942/78/5
f 7944/187/5 7937/187/5 7936/187/5
f 7945/43/5 7938/43/5 7937/43/5
f 7945/187/5 7937/187/5 7944/187/5
f 7946/252/5 7939/252/5 7938/252/5
f 7946/43/5 7938/43/5 7945/43/5
f 7947/252/5 7939/252/5 7946/252/5
f 7948/79/5 7941/79/5 7940/79/5
f 7949/79/5 7941/79/5 7948/79/5
f 7950/16/6 7951/16/6 7963/16/6
f 7963/16/6 7951/16/6 7964/16/6
f 7952/159/6 7953/159/6 7965/159/6
f 7953/184/6 7954/184/6 7966/184/6
f 7965/159/6 7953/159/6 7966/159/6
f 7954/33/6 7955/33/6 7967/33/6
f 7966/184/6 7954/184/6 7967/184/6
f 7955/87/6 7956/87/6 7968/87/6
f 7967/33/6 7955/33/6 7968/33/6
f 7968/87/6 7956/87/6 7969/87/6
f 7957/250/6 7958/250/6 7970/250/6
f 7970/250/6 7958/250/6 7971/250/6
f 7959/72/6 7960/72/6 7972/72/6
f 7972/72/6 7960/72/6 7973/72/6
f 7961/10/6 7962/10/6 7974/10/6
f 7974/10/6 7962/10/6 7975/10/6
f 7963/21/6 7964/21/6 7976/21/6
f 7976/21/6 7964/21/6 7977/21/6
f 7968/168/6 7969/168/6 7978/168/6
f 7978/168/6 7969/168/6 7979/168/6
f 7970/84/6 7971/84/6 7980/84/6
f 7980/84/6 7971/84/6 7981/84/6
f 7972/182/6 7973/182/6 7982/182/6
f 7982/182/6 7973/182/6 7983/182/6
f 7974/220/6 7975/220/6 7984/220/6
f 7984/220/6 7975/220/6 7985/220/6
f 7976/199/6 7977/199/6 7986/199/6
f 7986/199/6 7977/199/6 7987/199/6
f 7978/241/6 7979/241/6 7988/241/6
f 7988/241/6 7979/241/6 7989/241/6
f 7980/29/6 7981/29/6 7990/29/6
f 7990/29/6 7981/29/6 7991/29/6
f 7982/213/6 7983/213/6 7993/213/6
f 7993/213/6 7983/213/6 7994/213/6
f 7984/190/6 7985/190/6 7995/190/6
f 7995/190/6 7985/190/6 7996/190/6
f 7986/173/6 7987/173/6 7999/173/6
f 7999/173/6 7987/173/6 8000/173/6
f 7991/23/6 7992/23/6 8005/23/6
f 7992/68/6 7993/68/6 8006/68/6
f 8005/23/6 7992/23/6 8006/23/6
f 7993/83/6 7994/83/6 8007/83/6
f 8006/68/6 7993/68/6 8007/68/6
f 8007/83/6 7994/83/6 8008/83/6
f 7995/99/6 7996/99/6 8009/99/6
f 8009/99/6 7996/99/6 8010/99/6
f 7997/102/6 7998/102/6 8011/102/6
f 8011/102/6 7998/102/6 8012/102/6
f 7999/130/6 8000/130/6 8013/130/6
f 8013/130/6 8000/130/6 8014/130/6
f 8001/63/6 8002/63/6 8015/63/6
f 8015/63/6 8002/63/6 8016/63/6
f 8003/51/6 8004/51/6 8017/51/6
f 8017/51/6 8004/51/6 8018/51/6
f 8009/164/6 8010/164/6 8019/164/6
f 8019/164/6 8010/164/6 8020/164/6
f 8011/167/6 8012/167/6 8021/167/6
f 8021/167/6 8012/167/6 8022/167/6
f 8013/215/6 8014/215/6 8023/215/6
f 8023/215/6 8014/215/6 8024/215/6
f 8015/47/6 8016/47/6 8026/47/6
f 8026/47/6 8016/47/6 8027/47/6
f 8017/155/6 8018/155/6 8029/155/6
f 8029/155/6 8018/155/6 8030/155/6
f 8019/215/6 8020/215/6 8037/215/6
f 8037/215/6 8020/215/6 8038/215/6
f 8021/28/6 8022/28/6 8039/28/6
f 8039/28/6 8022/28/6 8040/28/6
f 8023/228/6 8024/228/6 8041/228/6
f 8024/85/6 8025/85/6 8042/85/6
f 8041/228/6 8024/228/6 8042/228/6
f 8025/153/6 8026/153/6 8043/153/6
f 8042/85/6 8025/85/6 8043/85/6
f 8026/118/6 8027/118/6 8044/118/6
f 8043/153/6 8026/153/6 8044/153/6
f 8027/151/6 8028/151/6 8045/151/6
f 8044/118/6 8027/118/6 8045/118/6
f 8028/156/6 8029/156/6 8046/156/6
f 8045/151/6 8028/151/6 8046/151/6
f 8029/91/6 8030/91/6 8047/91/6
f 8046/156/6 8029/156/6 8047/156/6
f 8047/91/6 8030/91/6 8048/91/6
f 8031/131/6 8032/131/6 8049/131/6
f 8032/88/6 8033/88/6 8050/88/6
f 8049/131/6 8032/131/6 8050/131/6
f 8033/64/6 8034/64/6 8051/64/6
f 8050/88/6 8033/88/6 8051/88/6
f 8051/64/6 8034/64/6 8052/64/6
f 8035/63/6 8036/63/6 8053/63/6
f 8036/126/6 8037/126/6 8054/126/6
f 8053/63/6 8036/63/6 8054/63/6
f 8037/96/6 8038/96/6 8055/96/6
f 8054/126/6 8037/126/6 8055/126/6
f 8055/96/6 8038/96/6 8056/96/6
f 8041/24/6 8042/24/6 8057/24/6
f 8057/24/6 8042/24/6 8058/24/6
f 8055/1/6 8056/1/6 8059/1/6
f 8059/1/6 8056/1/6 8060/1/6
f 8057/22/6 8058/22/6 8061/22/6
f 8061/22/6 8058/22/6 8062/22/6
f 8059/115/6 8060/115/6 8065/115/6
f 8065/115/6 8060/115/6 8066/115/6
f 8063/152/6 8064/152/6 8071/152/6
f 8071/152/6 8064/152/6 8072/152/6
f 8067/59/6 8068/59/6 8077/59/6
f 8077/59/6 8068/59/6 8078/59/6
f 8069/194/6 8070/194/6 8079/194/6
f 8079/194/6 8070/194/6 8080/194/6
f 8071/19/6 8072/19/6 8081/19/6
f 8081/19/6 8072/19/6 8082/19/6
f 8073/7/6 8074/7/6 8083/7/6
f 8083/7/6 8074/7/6 8084/7/6
f 8075/29/6 8076/29/6 8085/29/6
f 8085/29/6 8076/29/6 8086/29/6
f 8077/162/6 8078/162/6 8087/162/6
f 8087/162/6 8078/162/6 8088/162/6
f 8079/13/6 8080/13/6 8089/13/6
f 8089/13/6 8080/13/6 8090/13/6
f 8081/139/6 8082/139/6 8094/139/6
f 8094/139/6 8082/139/6 8095/139/6
f 8083/189/6 8084/189/6 8098/189/6
f 8098/189/6 8084/189/6 8099/189/6
f 8085/123/6 8086/123/6 8100/123/6
f 8100/123/6 8086/123/6 8101/123/6
f 8087/235/6 8088/235/6 8103/235/6
f 8103/235/6 8088/235/6 8104/235/6
f 8089/126/6 8090/126/6 8105/126/6
f 8090/95/6 8091/95/6 8106/95/6
f 8105/126/6 8090/126/6 8106/126/6
f 8091/163/6 8092/163/6 8107/163/6
f 8106/95/6 8091/95/6 8107/95/6
f 8092/87/6 8093/87/6 8108/87/6
f 8107/163/6 8092/163/6 8108/163/6
f 8108/87/6 8093/87/6 8109/87/6
f 8094/170/6 8095/170/6 8110/170/6
f 8110/170/6 8095/170/6 8111/170/6
f 8096/150/6 8097/150/6 8112/150/6
f 8112/150/6 8097/150/6 8113/150/6
f 8100/186/6 8101/186/6 8114/186/6
f 8101/241/6 8102/241/6 8115/241/6
f 8114/186/6 8101/186/6 8115/186/6
f 8102/205/6 8103/205/6 8116/205/6
f 8115/241/6 8102/241/6 8116/241/6
f 8116/205/6 8103/205/6 8117/205/6
f 8110/151/6 8111/151/6 8118/151/6
f 8118/151/6 8111/151/6 8119/151/6
f 8112/78/6 8113/78/6 8120/78/6
f 8120/78/6 8113/78/6 8121/78/6
f 8114/148/6 8115/148/6 8122/148/6
f 8122/148/6 8115/148/6 8123/148/6
f 8118/108/6 8119/108/6 8127/108/6
f 8127/108/6 8119/108/6 8128/108/6
f 8120/186/6 8121/186/6 8130/186/6
f 8130/186/6 8121/186/6 8131/186/6
f 8122/51/6 8123/51/6 8134/51/6
f 8134/51/6 8123/51/6 8135/51/6
f 8124/8/6 8125/8/6 8140/8/6
f 8125/158/6 8126/158/6 8141/158/6
f 8140/8/6 8125/8/6 8141/8/6
f 8126/220/6 8127/220/6 8142/220/6
f 8141/158/6 8126/158/6 8142/158/6
f 8127/178/6 8128/178/6 8143/178/6
f 8142/220/6 8127/220/6 8143/220/6
f 8128/226/6 8129/226/6 8144/226/6
f 8143/178/6 8128/178/6 8144/178/6
f 8129/195/6 8130/195/6 8145/195/6
f 8144/226/6 8129/226/6 8145/226/6
f 8145/195/6 8130/195/6 8146/195/6
f 8132/119/6 8133/119/6 8147/119/6
f 8147/119/6 8133/119/6 8148/119/6
f 8136/210/6 8137/210/6 8149/210/6
f 8149/210/6 8137/210/6 8150/210/6
f 8138/170/6 8139/170/6 8151/170/6
f 8151/170/6 8139/170/6 8152/170/6
f 8140/35/6 8141/35/6 8153/35/6
f 8153/35/6 8141/35/6 8154/35/6
f 8147/198/6 8148/198/6 8155/198/6
f 8155/198/6 8148/198/6 8156/198/6
f 8149/189/6 8150/189/6 8157/189/6
f 8157/189/6 8150/189/6 8158/189/6
f 8151/181/6 8152/181/6 8159/181/6
f 8159/181/6 8152/181/6 8160/181/6
f 8153/107/6 8154/107/6 8162/107/6
f 8162/107/6 8154/107/6 8163/107/6
f 8155/183/6 8156/183/6 8169/183/6
f 8169/183/6 8156/183/6 8170/183/6
f 8157/53/6 8158/53/6 8175/53/6
f 8175/53/6 8158/53/6 8176/53/6
f 8159/129/6 8160/129/6 8177/129/6
f 8160/252/6 8161/252/6 8178/252/6
f 8177/129/6 8160/129/6 8178/129/6
f 8161/124/6 8162/124/6 8179/124/6
f 8178/252/6 8161/252/6 8179/252/6
f 8162/26/6 8163/26/6 8180/26/6
f 8179/124/6 8162/124/6 8180/124/6
f 8180/26/6 8163/26/6 8181/26/6
f 8164/159/6 8165/159/6 8182/159/6
f 8165/220/6 8166/220/6 8183/220/6
f 8182/159/6 8165/159/6 8183/159/6
f 8166/172/6 8167/172/6 8184/172/6
f 8183/220/6 8166/220/6 8184/220/6
f 8167/210/6 8168/210/6 8185/210/6
f 8184/172/6 8167/172/6 8185/172/6
f 8168/107/6 8169/107/6 8186/107/6
f 8185/210/6 8168/210/6 8186/210/6
f 8169/233/6 8170/233/6 8187/233/6
f 8186/107/6 8169/107/6 8187/107/6
f 8170/249/6 8171/249/6 8188/249/6
f 8187/233/6 8170/233/6 8188/233/6
f 8171/38/6 8172/38/6 8189/38/6
f 8188/249/6 8171/249/6 8189/249/6
f 8172/149/6 8173/149/6 8190/149/6
f 8189/38/6 8172/38/6 8190/38/6
f 8173/46/6 8174/46/6 8191/46/6
f 8190/149/6 8173/149/6 8191/149/6
f 8174/167/6 8175/167/6 8192/167/6
f 8191/46/6 8174/46/6 8192/46/6
f 8175/17/6 8176/17/6 8193/17/6
f 8192/167/6 8175/167/6 8193/167/6
f 8193/17/6 8176/17/6 8194/17/6
f 8195/229/6 8196/229/6 8208/229/6
f 8208/229/6 8196/229/6 8209/229/6
f 8197/33/6 8198/33/6 8210/33/6
f 8210/33/6 8198/33/6 8211/33/6
f 8199/2/6 8200/2/6 8212/2/6
f 8212/2/6 8200/2/6 8213/2/6
f 8201/38/6 8202/38/6 8214/38/6
f 8214/38/6 8202/38/6 8215/38/6
f 8203/98/6 8204/98/6 8216/98/6
f 8204/157/6 8205/157/6 8217/157/6
f 8216/98/6 8204/98/6 8217/98/6
f 8205/170/6 8206/170/6 8218/170/6
f 8217/157/6 8205/157/6 8218/157/6
f 8206/173/6 8207/173/6 8219/173/6
f 8218/170/6 8206/170/6 8219/170/6
f 8219/173/6 8207/173/6 8220/173/6
f 8208/44/6 8209/44/6 8221/44/6
f 8221/44/6 8209/44/6 8222/44/6
f 8210/205/6 8211/205/6 8223/205/6
f 8223/205/6 8211/205/6 8224/205/6
f 8212/166/6 8213/166/6 8225/166/6
f 8225/166/6 8213/166/6 8226/166/6
f 8214/111/6 8215/111/6 8227/111/6
f 8227/111/6 8215/111/6 8228/111/6
f 8216/152/6 8217/152/6 8229/152/6
f 8229/152/6 8217/152/6 8230/152/6
f 8221/130/6 8222/130/6 8231/130/6
f 8231/130/6 8222/130/6 8232/130/6
f 8223/212/6 8224/212/6 8235/212/6
f 8235/212/6 8224/212/6 8236/212/6
f 8225/82/6 8226/82/6 8238/82/6
f 8238/82/6 8226/82/6 8239/82/6
f 8227/231/6 8228/231/6 8240/231/6
f 8240/231/6 8228/231/6 8241/231/6
f 8229/22/6 8230/22/6 8242/22/6
f 8242/22/6 8230/22/6 8243/22/6
f 8231/237/6 8232/237/6 8246/237/6
f 8246/237/6 8232/237/6 8247/237/6
f 8233/36/6 8234/36/6 8248/36/6
f 8248/36/6 8234/36/6 8249/36/6
f 8236/218/6 8237/218/6 8250/218/6
f 8237/203/6 8238/203/6 8251/203/6
f 8250/218/6 8237/218/6 8251/218/6
f 8238/184/6 8239/184/6 8252/184/6
f 8251/203/6 8238/203/6 8252/203/6
f 8252/184/6 8239/184/6 8253/184/6
f 8240/186/6 8241/186/6 8254/186/6
f 8254/186/6 8241/186/6 8255/186/6
f 8244/88/6 8245/88/6 8256/88/6
f 8256/88/6 8245/88/6 8257/88/6
f 8246/71/6 8247/71/6 8258/71/6
f 8258/71/6 8247/71/6 8259/71/6
f 8254/56/6 8255/56/6 8260/56/6
f 8260/56/6 8255/56/6 8261/56/6
f 8256/139/6 8257/139/6 8262/139/6
f 8262/139/6 8257/139/6 8263/139/6
f 8258/110/6 8259/110/6 8264/110/6
f 8264/110/6 8259/110/6 8265/110/6
f 8260/85/6 8261/85/6 8272/85/6
f 8272/85/6 8261/85/6 8273/85/6
f 8262/244/6 8263/244/6 8276/244/6
f 8276/244/6 8263/244/6 8277/244/6
f 8264/196/6 8265/196/6 8278/196/6
f 8278/196/6 8265/196/6 8279/196/6
f 8266/43/6 8267/43/6 8280/43/6
f 8267/174/6 8268/174/6 8281/174/6
f 8280/43/6 8267/43/6 8281/43/6
f 8268/8/6 8269/8/6 8282/8/6
f 8281/174/6 8268/174/6 8282/174/6
f 8282/8/6 8269/8/6 8283/8/6
f 8270/15/6 8271/15/6 8284/15/6
f 8284/15/6 8271/15/6 8285/15/6
f 8272/52/6 8273/52/6 8286/52/6
f 8286/52/6 8273/52/6 8287/52/6
f 8274/53/6 8275/53/6 8288/53/6
f 8288/53/6 8275/53/6 8289/53/6
f 8278/233/6 8279/233/6 8292/233/6
f 8292/233/6 8279/233/6 8293/233/6
f 8282/220/6 8283/220/6 8294/220/6
f 8294/220/6 8283/220/6 8295/220/6
f 8284/5/6 8285/5/6 8296/5/6
f 8296/5/6 8285/5/6 8297/5/6
f 8288/107/6 8289/107/6 8298/107/6
f 8298/107/6 8289/107/6 8299/107/6
f 8290/39/6 8291/39/6 8300/39/6
f 8300/39/6 8291/39/6 8301/39/6
f 8292/245/6 8293/245/6 8302/245/6
f 8302/245/6 8293/245/6 8303/245/6
f 8294/13/6 8295/13/6 8307/13/6
f 8307/13/6 8295/13/6 8308/13/6
f 8296/54/6 8297/54/6 8309/54/6
f 8309/54/6 8297/54/6 8310/54/6
f 8298/231/6 8299/231/6 8313/231/6
f 8313/231/6 8299/231/6 8314/231/6
f 8300/1/6 8301/1/6 8315/1/6
f 8315/1/6 8301/1/6 8316/1/6
f 8303/153/6 8304/153/6 8318/153/6
f 8304/216/6 8305/216/6 8319/216/6
f 8318/153/6 8304/153/6 8319/153/6
f 8305/253/6 8306/253/6 8320/253/6
f 8319/216/6 8305/216/6 8320/216/6
f 8320/253/6 8306/253/6 8321/253/6
f 8307/32/6 8308/32/6 8322/32/6
f 8322/32/6 8308/32/6 8323/32/6
f 8309/6/6 8310/6/6 8324/6/6
f 8310/240/6 8311/240/6 8325/240/6
f 8324/6/6 8310/6/6 8325/6/6
f 8311/170/6 8312/170/6 8326/170/6
f 8325/240/6 8311/240/6 8326/240/6
f 8326/170/6 8312/170/6 8327/170/6
f 8313/132/6 8314/132/6 8328/132/6
f 8328/132/6 8314/132/6 8329/132/6
f 8315/78/6 8316/78/6 8330/78/6
f 8330/78/6 8316/78/6 8331/78/6
f 8317/194/6 8318/194/6 8332/194/6
f 8332/194/6 8318/194/6 8333/194/6
f 8324/168/6 8325/168/6 8334/168/6
f 8334/168/6 8325/168/6 8335/168/6
f 8330/178/6 8331/178/6 8336/178/6
f 8336/178/6 8331/178/6 8337/178/6
f 8332/208/6 8333/208/6 8338/208/6
f 8338/208/6 8333/208/6 8339/208/6
f 8334/205/6 8335/205/6 8345/205/6
f 8345/205/6 8335/205/6 8346/205/6
f 8336/202/6 8337/202/6 8351/202/6
f 8351/202/6 8337/202/6 8352/202/6
f 8338/133/6 8339/133/6 8353/133/6
f 8339/131/6 8340/131/6 8354/131/6
f 8353/133/6 8339/133/6 8354/133/6
f 8340/50/6 8341/50/6 8355/50/6
f 8354/131/6 8340/131/6 8355/131/6
f 8341/159/6 8342/159/6 8356/159/6
f 8355/50/6 8341/50/6 8356/50/6
f 8356/159/6 8342/159/6 8357/159/6
f 8343/38/6 8344/38/6 8359/38/6
f 8344/140/6 8345/140/6 8360/140/6
f 8359/38/6 8344/38/6 8360/38/6
f 8345/249/6 8346/249/6 8361/249/6
f 8360/140/6 8345/140/6 8361/140/6
f 8361/249/6 8346/249/6 8362/249/6
f 8347/24/6 8348/24/6 8363/24/6
f 8363/24/6 8348/24/6 8364/24/6
f 8349/235/6 8350/235/6 8365/235/6
f 8365/235/6 8350/235/6 8366/235/6
f 8353/126/6 8354/126/6 8369/126/6
f 8369/126/6 8354/126/6 8370/126/6
f 8358/246/6 8359/246/6 8371/246/6
f 8371/246/6 8359/246/6 8372/246/6
f 8365/109/6 8366/109/6 8373/109/6
f 8373/109/6 8366/109/6 8374/109/6
f 8367/13/6 8368/13/6 8375/13/6
f 8375/13/6 8368/13/6 8376/13/6
f 8369/107/6 8370/107/6 8377/107/6
f 8377/107/6 8370/107/6 8378/107/6
f 8371/193/6 8372/193/6 8379/193/6
f 8379/193/6 8372/193/6 8380/193/6
f 8373/147/6 8374/147/6 8386/147/6
f 8386/147/6 8374/147/6 8387/147/6
f 8375/31/6 8376/31/6 8388/31/6
f 8388/31/6 8376/31/6 8389/31/6
f 8377/136/6 8378/136/6 8390/136/6
f 8390/136/6 8378/136/6 8391/136/6
f 8379/215/6 8380/215/6 8392/215/6
f 8392/215/6 8380/215/6 8393/215/6
f 8381/113/6 8382/113/6 8394/113/6
f 8394/113/6 8382/113/6 8395/113/6
f 8383/42/6 8384/42/6 8396/42/6
f 8384/78/6 8385/78/6 8397/78/6
f 8396/42/6 8384/42/6 8397/42/6
f 8385/13/6 8386/13/6 8398/13/6
f 8397/78/6 8385/78/6 8398/78/6
f 8386/22/6 8387/22/6 8399/22/6
f 8398/13/6 8386/13/6 8399/13/6
f 8399/22/6 8387/22/6 8400/22/6
f 8388/224/6 8389/224/6 8401/224/6
f 8401/224/6 8389/224/6 8402/224/6
f 8390/172/6 8391/172/6 8403/172/6
f 8403/172/6 8391/172/6 8404/172/6
f 8392/109/6 8393/109/6 8405/109/6
f 8405/109/6 8393/109/6 8406/109/6
f 8394/235/6 8395/235/6 8407/235/6
f 8407/235/6 8395/235/6 8408/235/6
f 8396/76/6 8397/76/6 8409/76/6
f 8409/76/6 8397/76/6 8410/76/6
f 8403/112/6 8404/112/6 8411/112/6
f 8411/112/6 8404/112/6 8412/112/6
f 8405/184/6 8406/184/6 8413/184/6
f 8413/184/6 8406/184/6 8414/184/6
f 8407/70/6 8408/70/6 8415/70/6
f 8415/70/6 8408/70/6 8416/70/6
f 8409/164/6 8410/164/6 8418/164/6
f 8418/164/6 8410/164/6 8419/164/6
f 8411/204/6 8412/204/6 8424/204/6
f 8424/204/6 8412/204/6 8425/204/6
f 8413/247/6 8414/247/6 8426/247/6
f 8426/247/6 8414/247/6 8427/247/6
f 8416/48/6 8417/48/6 8428/48/6
f 8417/73/6 8418/73/6 8429/73/6
f 8428/48/6 8417/48/6 8429/48/6
f 8418/201/6 8419/201/6 8430/201/6
f 8429/73/6 8418/73/6 8430/73/6
f 8430/201/6 8419/201/6 8431/201/6
f 8420/174/6 8421/174/6 8432/174/6
f 8421/46/6 8422/46/6 8433/46/6
f 8432/174/6 8421/174/6 8433/174/6
f 8422/206/6 8423/206/6 8434/206/6
f 8433/46/6 8422/46/6 8434/46/6
f 8434/206/6 8423/206/6 8435/206/6
f 8436/184/6 8437/184/6 8451/184/6
f 8437/58/6 8438/58/6 8452/58/6
f 8451/184/6 8437/184/6 8452/184/6
f 8438/214/6 8439/214/6 8453/214/6
f 8452/58/6 8438/58/6 8453/58/6
f 8453/214/6 8439/214/6 8454/214/6
f 8440/61/6 8441/61/6 8455/61/6
f 8441/75/6 8442/75/6 8456/75/6
f 8455/61/6 8441/61/6 8456/61/6
f 8442/159/6 8443/159/6 8457/159/6
f 8456/75/6 8442/75/6 8457/75/6
f 8457/159/6 8443/159/6 8458/159/6
f 8444/120/6 8445/120/6 8459/120/6
f 8459/120/6 8445/120/6 8460/120/6
f 8446/43/6 8447/43/6 8461/43/6
f 8447/97/6 8448/97/6 8462/97/6
f 8461/43/6 8447/43/6 8462/43/6
f 8448/150/6 8449/150/6 8463/150/6
f 8462/97/6 8448/97/6 8463/97/6
f 8449/13/6 8450/13/6 8464/13/6
f 8463/150/6 8449/150/6 8464/150/6
f 8464/13/6 8450/13/6 8465/13/6
f 8459/149/6 8460/149/6 8466/149/6
f 8466/149/6 8460/149/6 8467/149/6
f 8464/89/6 8465/89/6 8468/89/6
f 8468/89/6 8465/89/6 8469/89/6
f 8466/193/6 8467/193/6 8476/193/6
f 8476/193/6 8467/193/6 8477/193/6
f 8468/231/6 8469/231/6 8482/231/6
f 8482/231/6 8469/231/6 8483/231/6
f 8470/20/6 8471/20/6 8484/20/6
f 8484/20/6 8471/20/6 8485/20/6
f 8472/82/6 8473/82/6 8486/82/6
f 8486/82/6 8473/82/6 8487/82/6
f 8474/97/6 8475/97/6 8489/97/6
f 8475/196/6 8476/196/6 8490/196/6
f 8489/97/6 8475/97/6 8490/97/6
f 8476/249/6 8477/249/6 8491/249/6
f 8490/196/6 8476/196/6 8491/196/6
f 8477/191/6 8478/191/6 8492/191/6
f 8491/249/6 8477/249/6 8492/249/6
f 8478/161/6 8479/161/6 8493/161/6
f 8492/191/6 8478/191/6 8493/191/6
f 8479/23/6 8480/23/6 8494/23/6
f 8493/161/6 8479/161/6 8494/161/6
f 8480/66/6 8481/66/6 8495/66/6
f 8494/23/6 8480/23/6 8495/23/6
f 8481/144/6 8482/144/6 8496/144/6
f 8495/66/6 8481/66/6 8496/66/6
f 8482/219/6 8483/219/6 8497/219/6
f 8496/144/6 8482/144/6 8497/144/6
f 8497/219/6 8483/219/6 8498/219/6
f 8484/200/6 8485/200/6 8499/200/6
f 8499/200/6 8485/200/6 8500/200/6
f 8488/240/6 8489/240/6 8501/240/6
f 8501/240/6 8489/240/6 8502/240/6
f 8499/64/6 8500/64/6 8505/64/6
f 8505/64/6 8500/64/6 8506/64/6
f 8501/236/6 8502/236/6 8507/236/6
f 8507/236/6 8502/236/6 8508/236/6
f 8503/141/6 8504/141/6 8517/141/6
f 8517/141/6 8504/141/6 8518/141/6
f 8505/40/6 8506/40/6 8519/40/6
f 8519/40/6 8506/40/6 8520/40/6
f 8507/210/6 8508/210/6 8523/210/6
f 8508/57/6 8509/57/6 8524/57/6
f 8523/210/6 8508/210/6 8524/210/6
f 8509/48/6 8510/48/6 8525/48/6
f 8524/57/6 8509/57/6 8525/57/6
f 8510/154/6 8511/154/6 8526/154/6
f 8525/48/6 8510/48/6 8526/48/6
f 8526/154/6 8511/154/6 8527/154/6
f 8512/48/6 8513/48/6 8528/48/6
f 8513/100/6 8514/100/6 8529/100/6
f 8528/48/6 8513/48/6 8529/48/6
f 8514/81/6 8515/81/6 8530/81/6
f 8529/100/6 8514/100/6 8530/100/6
f 8515/249/6 8516/249/6 8531/249/6
f 8530/81/6 8515/81/6 8531/81/6
f 8531/249/6 8516/249/6 8532/249/6
f 8517/117/6 8518/117/6 8533/117/6
f 8533/117/6 8518/117/6 8534/117/6
f 8519/185/6 8520/185/6 8535/185/6
f 8535/185/6 8520/185/6 8536/185/6
f 8521/60/6 8522/60/6 8537/60/6
f 8537/60/6 8522/60/6 8538/60/6
f 8523/106/6 8524/106/6 8539/106/6
f 8539/106/6 8524/106/6 8540/106/6
f 8531/93/6 8532/93/6 8541/93/6
f 8541/93/6 8532/93/6 8542/93/6
f 8533/3/6 8534/3/6 8543/3/6
f 8543/3/6 8534/3/6 8544/3/6
f 8535/78/6 8536/78/6 8545/78/6
f 8545/78/6 8536/78/6 8546/78/6
f 8537/250/6 8538/250/6 8547/250/6
f 8547/250/6 8538/250/6 8548/250/6
f 8539/3/6 8540/3/6 8549/3/6
f 8549/3/6 8540/3/6 8550/3/6
f 8541/222/6 8542/222/6 8556/222/6
f 8556/222/6 8542/222/6 8557/222/6
f 8543/127/6 8544/127/6 8558/127/6
f 8558/127/6 8544/127/6 8559/127/6
f 8549/100/6 8550/100/6 8562/100/6
f 8562/100/6 8550/100/6 8563/100/6
f 8551/140/6 8552/140/6 8564/140/6
f 8552/30/6 8553/30/6 8565/30/6
f 8564/140/6 8552/140/6 8565/140/6
f 8553/160/6 8554/160/6 8566/160/6
f 8565/30/6 8553/30/6 8566/30/6
f 8554/37/6 8555/37/6 8567/37/6
f 8566/160/6 8554/160/6 8567/160/6
f 8567/37/6 8555/37/6 8568/37/6
f 8556/160/6 8557/160/6 8569/160/6
f 8569/160/6 8557/160/6 8570/160/6
f 8558/14/6 8559/14/6 8571/14/6
f 8571/14/6 8559/14/6 8572/14/6
f 8560/142/6 8561/142/6 8573/142/6
f 8573/142/6 8561/142/6 8574/142/6
f 8562/14/6 8563/14/6 8575/14/6
f 8575/14/6 8563/14/6 8576/14/6
f 8571/199/6 8572/199/6 8577/199/6
f 8577/199/6 8572/199/6 8578/199/6
f 8573/99/6 8574/99/6 8580/99/6
f 8580/99/6 8574/99/6 8581/99/6
f 8575/157/6 8576/157/6 8585/157/6
f 8585/157/6 8576/157/6 8586/157/6
f 8577/198/6 8578/198/6 8592/198/6
f 8578/62/6 8579/62/6 8593/62/6
f 8592/198/6 8578/198/6 8593/198/6
f 8579/196/6 8580/196/6 8594/196/6
f 8593/62/6 8579/62/6 8594/62/6
f 8580/6/6 8581/6/6 8595/6/6
f 8594/196/6 8580/196/6 8595/196/6
f 8581/176/6 8582/176/6 8596/176/6
f 8595/6/6 8581/6/6 8596/6/6
f 8582/209/6 8583/209/6 8597/209/6
f 8596/176/6 8582/176/6 8597/176/6
f 8583/215/6 8584/215/6 8598/215/6
f 8597/209/6 8583/209/6 8598/209/6
f 8598/215/6 8584/215/6 8599/215/6
f 8585/213/6 8586/213/6 8600/213/6
f 8600/213/6 8586/213/6 8601/213/6
f 8587/21/6 8588/21/6 8604/21/6
f 8588/231/6 8589/231/6 8605/231/6
f 8604/21/6 8588/21/6 8605/21/6
f 8589/71/6 8590/71/6 8606/71/6
f 8605/231/6 8589/231/6 8606/231/6
f 8590/187/6 8591/187/6 8607/187/6
f 8606/71/6 8590/71/6 8607/71/6
f 8607/187/6 8591/187/6 8608/187/6
f 8595/178/6 8596/178/6 8609/178/6
f 8609/178/6 8596/178/6 8610/178/6
f 8600/208/6 8601/208/6 8611/208/6
f 8611/208/6 8601/208/6 8612/208/6
f 8602/220/6 8603/220/6 8613/220/6
f 8613/220/6 8603/220/6 8614/220/6
f 8609/211/6 8610/211/6 8615/211/6
f 8615/211/6 8610/211/6 8616/211/6
f 8611/219/6 8612/219/6 8620/219/6
f 8620/219/6 8612/219/6 8621/219/6
f 8613/160/6 8614/160/6 8622/160/6
f 8622/160/6 8614/160/6 8623/160/6
f 8616/89/6 8617/89/6 8627/89/6
f 8617/223/6 8618/223/6 8628/223/6
f 8627/89/6 8617/89/6 8628/89/6
f 8618/17/6 8619/17/6 8629/17/6
f 8628/223/6 8618/223/6 8629/223/6
f 8629/17/6 8619/17/6 8630/17/6
f 8623/212/6 8624/212/6 8631/212/6
f 8624/63/6 8625/63/6 8632/63/6
f 8631/212/6 8624/212/6 8632/212/6
f 8625/161/6 8626/161/6 8633/161/6
f 8632/63/6 8625/63/6 8633/63/6
f 8633/161/6 8626/161/6 8634/161/6
f 8635/225/6 8636/225/6 8644/225/6
f 8636/251/6 8637/251/6 8645/251/6
f 8644/225/6 8636/225/6 8645/225/6
f 8637/228/6 8638/228/6 8646/228/6
f 8645/251/6 8637/251/6 8646/251/6
f 8638/230/6 8639/230/6 8647/230/6
f 8646/228/6 8638/228/6 8647/228/6
f 8647/230/6 8639/230/6 8648/230/6
f 8640/82/6 8641/82/6 8649/82/6
f 8641/229/6 8642/229/6 8650/229/6
f 8649/82/6 8641/82/6 8650/82/6
f 8642/250/6 8643/250/6 8651/250/6
f 8650/229/6 8642/229/6 8651/229/6
f 8651/250/6 8643/250/6 8652/250/6
f 8653/216/6 8654/216/6 8665/216/6
f 8654/111/6 8655/111/6 8666/111/6
f 8665/216/6 8654/216/6 8666/216/6
f 8666/111/6 8655/111/6 8667/111/6
f 8656/13/6 8657/13/6 8668/13/6
f 8657/249/6 8658/249/6 8669/249/6
f 8668/13/6 8657/13/6 8669/13/6
f 8658/251/6 8659/251/6 8670/251/6
f 8669/249/6 8658/249/6 8670/249/6
f 8659/7/6 8660/7/6 8671/7/6
f 8670/251/6 8659/251/6 8671/251/6
f 8671/7/6 8660/7/6 8672/7/6
f 8661/56/6 8662/56/6 8673/56/6
f 8662/168/6 8663/168/6 8674/168/6
f 8673/56/6 8662/56/6 8674/56/6
f 8663/96/6 8664/96/6 8675/96/6
f 8674/168/6 8663/168/6 8675/168/6
f 8675/96/6 8664/96/6 8676/96/6
f 8668/80/6 8669/80/6 8679/80/6
f 8679/80/6 8669/80/6 8680/80/6
f 8677/110/6 8678/110/6 8681/110/6
f 8681/110/6 8678/110/6 8682/110/6
f 8679/232/6 8680/232/6 8686/232/6
f 8686/232/6 8680/232/6 8687/232/6
f 8681/64/6 8682/64/6 8694/64/6
f 8694/64/6 8682/64/6 8695/64/6
f 8683/16/6 8684/16/6 8696/16/6
f 8684/101/6 8685/101/6 8697/101/6
f 8696/16/6 8684/16/6 8697/16/6
f 8685/38/6 8686/38/6 8698/38/6
f 8697/101/6 8685/101/6 8698/101/6
f 8686/103/6 8687/103/6 8699/103/6
f 8698/38/6 8686/38/6 8699/38/6
f 8699/103/6 8687/103/6 8700/103/6
f 8688/10/6 8689/10/6 8702/10/6
f 8689/146/6 8690/146/6 8703/146/6
f 8702/10/6 8689/10/6 8703/10/6
f 8690/7/6 8691/7/6 8704/7/6
f 8703/146/6 8690/146/6 8704/146/6
f 8704/7/6 8691/7/6 8705/7/6
f 8692/234/6 8693/234/6 8706/234/6
f 8693/183/6 8694/183/6 8707/183/6
f 8706/234/6 8693/234/6 8707/234/6
f 8694/147/6 8695/147/6 8708/147/6
f 8707/183/6 8694/183/6 8708/183/6
f 8708/147/6 8695/147/6 8709/147/6
f 8696/94/6 8697/94/6 8710/94/6
f 8710/94/6 8697/94/6 8711/94/6
f 8701/18/6 8702/18/6 8712/18/6
f 8712/18/6 8702/18/6 8713/18/6
f 8710/179/6 8711/179/6 8714/179/6
f 8714/179/6 8711/179/6 8715/179/6
f 8712/16/6 8713/16/6 8718/16/6
f 8718/16/6 8713/16/6 8719/16/6
f 8716/55/6 8717/55/6 8724/55/6
f 8724/55/6 8717/55/6 8725/55/6
f 8720/105/6 8721/105/6 8726/105/6
f 8726/105/6 8721/105/6 8727/105/6
f 8722/28/6 8723/28/6 8730/28/6
f 8730/28/6 8723/28/6 8731/28/6
f 8726/242/6 8727/242/6 8732/242/6
f 8732/242/6 8727/242/6 8733/242/6
f 8728/64/6 8729/64/6 8734/64/6
f 8734/64/6 8729/64/6 8735/64/6
f 8730/134/6 8731/134/6 8736/134/6
f 8736/134/6 8731/134/6 8737/134/6
f 8732/27/6 8733/27/6 8746/27/6
f 8746/27/6 8733/27/6 8747/27/6
f 8734/22/6 8735/22/6 8751/22/6
f 8751/22/6 8735/22/6 8752/22/6
f 8737/98/6 8738/98/6 8753/98/6
f 8738/52/6 8739/52/6 8754/52/6
f 8753/98/6 8738/98/6 8754/98/6
f 8739/15/6 8740/15/6 8755/15/6
f 8754/52/6 8739/52/6 8755/52/6
f 8755/15/6 8740/15/6 8756/15/6
f 8741/236/6 8742/236/6 8757/236/6
f 8757/236/6 8742/236/6 8758/236/6
f 8743/175/6 8744/175/6 8759/175/6
f 8744/125/6 8745/125/6 8760/125/6
f 8759/175/6 8744/175/6 8760/175/6
f 8745/197/6 8746/197/6 8761/197/6
f 8760/125/6 8745/125/6 8761/125/6
f 8746/34/6 8747/34/6 8762/34/6
f 8761/197/6 8746/197/6 8762/197/6
f 8747/197/6 8748/197/6 8763/197/6
f 8762/34/6 8747/34/6 8763/34/6
f 8748/53/6 8749/53/6 8764/53/6
f 8763/197/6 8748/197/6 8764/197/6
f 8749/221/6 8750/221/6 8765/221/6
f 8764/53/6 8749/53/6 8765/53/6
f 8765/221/6 8750/221/6 8766/221/6
f 8751/203/6 8752/203/6 8767/203/6
f 8767/203/6 8752/203/6 8768/203/6
f 8757/158/6 8758/158/6 8769/158/6
f 8769/158/6 8758/158/6 8770/158/6
f 8759/61/6 8760/61/6 8771/61/6
f 8771/61/6 8760/61/6 8772/61/6
f 8769/83/6 8770/83/6 8775/83/6
f 8775/83/6 8770/83/6 8776/83/6
f 8771/172/6 8772/172/6 8777/172/6
f 8777/172/6 8772/172/6 8778/172/6
f 8773/156/6 8774/156/6 8786/156/6
f 8774/149/6 8775/149/6 8787/149/6
f 8786/156/6 8774/156/6 8787/156/6
f 8775/229/6 8776/229/6 8788/229/6
f 8787/149/6 8775/149/6 8788/149/6
f 8788/229/6 8776/229/6 8789/229/6
f 8777/5/6 8778/5/6 8790/5/6
f 8790/5/6 8778/5/6 8791/5/6
f 8779/147/6 8780/147/6 8792/147/6
f 8792/147/6 8780/147/6 8793/147/6
f 8781/37/6 8782/37/6 8794/37/6
f 8782/247/6 8783/247/6 8795/247/6
f 8794/37/6 8782/37/6 8795/37/6
f 8783/23/6 8784/23/6 8796/23/6
f 8795/247/6 8783/247/6 8796/247/6
f 8796/23/6 8784/23/6 8797/23/6
f 8785/201/6 8786/201/6 8799/201/6
f 8799/201/6 8786/201/6 8800/201/6
f 8790/97/6 8791/97/6 8801/97/6
f 8801/97/6 8791/97/6 8802/97/6
f 8797/230/6 8798/230/6 8803/230/6
f 8803/230/6 8798/230/6 8804/230/6
f 8799/88/6 8800/88/6 8805/88/6
f 8805/88/6 8800/88/6 8806/88/6
f 8801/15/6 8802/15/6 8810/15/6
f 8810/15/6 8802/15/6 8811/15/6
f 8803/159/6 8804/159/6 8816/159/6
f 8816/159/6 8804/159/6 8817/159/6
f 8806/89/6 8807/89/6 8818/89/6
f 8807/51/6 8808/51/6 8819/51/6
f 8818/89/6 8807/89/6 8819/89/6
f 8808/111/6 8809/111/6 8820/111/6
f 8819/51/6 8808/51/6 8820/51/6
f 8820/111/6 8809/111/6 8821/111/6
f 8810/98/6 8811/98/6 8822/98/6
f 8811/238/6 8812/238/6 8823/238/6
f 8822/98/6 8811/98/6 8823/98/6
f 8812/189/6 8813/189/6 8824/189/6
f 8823/238/6 8812/238/6 8824/238/6
f 8824/189/6 8813/189/6 8825/189/6
f 8814/68/6 8815/68/6 8826/68/6
f 8826/68/6 8815/68/6 8827/68/6
f 8816/81/6 8817/81/6 8828/81/6
f 8828/81/6 8817/81/6 8829/81/6
f 8822/199/6 8823/199/6 8830/199/6
f 8830/199/6 8823/199/6 8831/199/6
f 8826/166/6 8827/166/6 8832/166/6
f 8832/166/6 8827/166/6 8833/166/6
f 8830/36/6 8831/36/6 8836/36/6
f 8836/36/6 8831/36/6 8837/36/6
f 8832/220/6 8833/220/6 8840/220/6
f 8840/220/6 8833/220/6 8841/220/6
f 8834/76/6 8835/76/6 8842/76/6
f 8835/162/6 8836/162/6 8843/162/6
f 8842/76/6 8835/76/6 8843/76/6
f 8843/162/6 8836/162/6 8844/162/6
f 8838/227/6 8839/227/6 8845/227/6
f 8839/235/6 8840/235/6 8846/235/6
f 8845/227/6 8839/227/6 8846/227/6
f 8840/102/6 8841/102/6 8847/102/6
f 8846/235/6 8840/235/6 8847/235/6
f 8847/102/6 8841/102/6 8848/102/6
f 8849/12/6 8850/12/6 8857/12/6
f 8857/12/6 8850/12/6 8858/12/6
f 8851/148/6 8852/148/6 8859/148/6
f 8859/148/6 8852/148/6 8860/148/6
f 8853/23/6 8854/23/6 8865/23/6
f 8865/23/6 8854/23/6 8866/23/6
f 8855/176/6 8856/176/6 8867/176/6
f 8867/176/6 8856/176/6 8868/176/6
f 8859/146/6 8860/146/6 8869/146/6
f 8869/146/6 8860/146/6 8870/146/6
f 8861/46/6 8862/46/6 8871/46/6
f 8871/46/6 8862/46/6 8872/46/6
f 8863/209/6 8864/209/6 8873/209/6
f 8873/209/6 8864/209/6 8874/209/6
f 8865/198/6 8866/198/6 8875/198/6
f 8875/198/6 8866/198/6 8876/198/6
f 8867/203/6 8868/203/6 8877/203/6
f 8877/203/6 8868/203/6 8878/203/6
f 8869/20/6 8870/20/6 8882/20/6
f 8882/20/6 8870/20/6 8883/20/6
f 8871/204/6 8872/204/6 8885/204/6
f 8885/204/6 8872/204/6 8886/204/6
f 8873/221/6 8874/221/6 8887/221/6
f 8887/221/6 8874/221/6 8888/221/6
f 8875/119/6 8876/119/6 8889/119/6
f 8889/119/6 8876/119/6 8890/119/6
f 8877/246/6 8878/246/6 8893/246/6
f 8893/246/6 8878/246/6 8894/246/6
f 8879/97/6 8880/97/6 8895/97/6
f 8880/95/6 8881/95/6 8896/95/6
f 8895/97/6 8880/97/6 8896/97/6
f 8881/205/6 8882/205/6 8897/205/6
f 8896/95/6 8881/95/6 8897/95/6
f 8882/157/6 8883/157/6 8898/157/6
f 8897/205/6 8882/205/6 8898/205/6
f 8883/127/6 8884/127/6 8899/127/6
f 8898/157/6 8883/157/6 8899/157/6
f 8884/89/6 8885/89/6 8900/89/6
f 8899/127/6 8884/127/6 8900/127/6
f 8900/89/6 8885/89/6 8901/89/6
f 8887/130/6 8888/130/6 8902/130/6
f 8902/130/6 8888/130/6 8903/130/6
f 8891/118/6 8892/118/6 8904/118/6
f 8904/118/6 8892/118/6 8905/118/6
f 8893/74/6 8894/74/6 8906/74/6
f 8906/74/6 8894/74/6 8907/74/6
f 8895/200/6 8896/200/6 8908/200/6
f 8908/200/6 8896/200/6 8909/200/6
f 8904/32/6 8905/32/6 8910/32/6
f 8910/32/6 8905/32/6 8911/32/6
f 8908/253/6 8909/253/6 8912/253/6
f 8912/253/6 8909/253/6 8913/253/6
f 8910/4/6 8911/4/6 8920/4/6
f 8920/4/6 8911/4/6 8921/4/6
f 8912/81/6 8913/81/6 8925/81/6
f 8925/81/6 8913/81/6 8926/81/6
f 8914/129/6 8915/129/6 8927/129/6
f 8915/115/6 8916/115/6 8928/115/6
f 8927/129/6 8915/129/6 8928/129/6
f 8916/215/6 8917/215/6 8929/215/6
f 8928/115/6 8916/115/6 8929/115/6
f 8929/215/6 8917/215/6 8930/215/6
f 8918/178/6 8919/178/6 8931/178/6
f 8931/178/6 8919/178/6 8932/178/6
f 8921/137/6 8922/137/6 8933/137/6
f 8922/156/6 8923/156/6 8934/156/6
f 8933/137/6 8922/137/6 8934/137/6
f 8923/215/6 8924/215/6 8935/215/6
f 8934/156/6 8923/156/6 8935/156/6
f 8935/215/6 8924/215/6 8936/215/6
f 8927/117/6 8928/117/6 8937/117/6
f 8937/117/6 8928/117/6 8938/117/6
f 8931/4/6 8932/4/6 8939/4/6
f 8939/4/6 8932/4/6 8940/4/6
f 8935/9/6 8936/9/6 8941/9/6
f 8941/9/6 8936/9/6 8942/9/6
f 8937/116/6 8938/116/6 8945/116/6
f 8945/116/6 8938/116/6 8946/116/6
f 8939/12/6 8940/12/6 8949/12/6
f 8949/12/6 8940/12/6 8950/12/6
f 8941/28/6 8942/28/6 8951/28/6
f 8951/28/6 8942/28/6 8952/28/6
f 8943/208/6 8944/208/6 8953/208/6
f 8953/208/6 8944/208/6 8954/208/6
f 8945/41/6 8946/41/6 8955/41/6
f 8955/41/6 8946/41/6 8956/41/6
f 8947/165/6 8948/165/6 8957/165/6
f 8957/165/6 8948/165/6 8958/165/6
f 8949/180/6 8950/180/6 8959/180/6
f 8959/180/6 8950/180/6 8960/180/6
f 8955/248/6 8956/248/6 8961/248/6
f 8961/248/6 8956/248/6 8962/248/6
f 8957/123/6 8958/123/6 8963/123/6
f 8963/123/6 8958/123/6 8964/123/6
f 8961/126/6 8962/126/6 8967/126/6
f 8967/126/6 8962/126/6 8968/126/6
f 8963/22/6 8964/22/6 8970/22/6
f 8970/22/6 8964/22/6 8971/22/6
f 8965/172/6 8966/172/6 8981/172/6
f 8981/172/6 8966/172/6 8982/172/6
f 8968/117/6 8969/117/6 8983/117/6
f 8969/206/6 8970/206/6 8984/206/6
f 8983/117/6 8969/117/6 8984/117/6
f 8984/206/6 8970/206/6 8985/206/6
f 8972/61/6 8973/61/6 8986/61/6
f 8986/61/6 8973/61/6 8987/61/6
f 8974/73/6 8975/73/6 8988/73/6
f 8975/226/6 8976/226/6 8989/226/6
f 8988/73/6 8975/73/6 8989/73/6
f 8976/3/6 8977/3/6 8990/3/6
f 8989/226/6 8976/226/6 8990/226/6
f 8977/107/6 8978/107/6 8991/107/6
f 8990/3/6 8977/3/6 8991/3/6
f 8991/107/6 8978/107/6 8992/107/6
f 8979/145/6 8980/145/6 8993/145/6
f 8993/145/6 8980/145/6 8994/145/6
f 8981/68/6 8982/68/6 8995/68/6
f 8995/68/6 8982/68/6 8996/68/6
f 8986/251/6 8987/251/6 8997/251/6
f 8997/251/6 8987/251/6 8998/251/6
f 8988/248/6 8989/248/6 8999/248/6
f 8999/248/6 8989/248/6 9000/248/6
f 8993/51/6 8994/51/6 9001/51/6
f 9001/51/6 8994/51/6 9002/51/6
f 8995/29/6 8996/29/6 9003/29/6
f 9003/29/6 8996/29/6 9004/29/6
f 8997/23/6 8998/23/6 9008/23/6
f 9008/23/6 8998/23/6 9009/23/6
f 8999/203/6 9000/203/6 9010/203/6
f 9010/203/6 9000/203/6 9011/203/6
f 9001/120/6 9002/120/6 9012/120/6
f 9012/120/6 9002/120/6 9013/120/6
f 9005/11/6 9006/11/6 9018/11/6
f 9006/27/6 9007/27/6 9019/27/6
f 9018/11/6 9006/11/6 9019/11/6
f 9007/57/6 9008/57/6 9020/57/6
f 9019/27/6 9007/27/6 9020/27/6
f 9020/57/6 9008/57/6 9021/57/6
f 9010/61/6 9011/61/6 9022/61/6
f 9022/61/6 9011/61/6 9023/61/6
f 9014/111/6 9015/111/6 9024/111/6
f 9024/111/6 9015/111/6 9025/111/6
f 9016/210/6 9017/210/6 9026/210/6
f 9026/210/6 9017/210/6 9027/210/6
f 9018/199/6 9019/199/6 9028/199/6
f 9028/199/6 9019/199/6 9029/199/6
f 9024/112/6 9025/112/6 9030/112/6
f 9030/112/6 9025/112/6 9031/112/6
f 9026/151/6 9027/151/6 9033/151/6
f 9033/151/6 9027/151/6 9034/151/6
f 9028/35/6 9029/35/6 9036/35/6
f 9036/35/6 9029/35/6 9037/35/6
f 9031/153/6 9032/153/6 9045/153/6
f 9032/182/6 9033/182/6 9046/182/6
f 9045/153/6 9032/153/6 9046/153/6
f 9046/182/6 9033/182/6 9047/182/6
f 9034/154/6 9035/154/6 9048/154/6
f 9035/102/6 9036/102/6 9049/102/6
f 9048/154/6 9035/154/6 9049/154/6
f 9036/218/6 9037/218/6 9050/218/6
f 9049/102/6 9036/102/6 9050/102/6
f 9050/218/6 9037/218/6 9051/218/6
f 9038/39/6 9039/39/6 9052/39/6
f 9039/170/6 9040/170/6 9053/170/6
f 9052/39/6 9039/39/6 9053/39/6
f 9040/5/6 9041/5/6 9054/5/6
f 9053/170/6 9040/170/6 9054/170/6
f 9041/4/6 9042/4/6 9055/4/6
f 9054/5/6 9041/5/6 9055/5/6
f 9042/135/6 9043/135/6 9056/135/6
f 9055/4/6 9042/4/6 9056/4/6
f 9043/157/6 9044/157/6 9057/157/6
f 9056/135/6 9043/135/6 9057/135/6
f 9057/157/6 9044/157/6 9058/157/6
f 9059/199/6 9060/199/6 9074/199/6
f 9060/17/6 9061/17/6 9075/17/6
f 9074/199/6 9060/199/6 9075/199/6
f 9061/91/6 9062/91/6 9076/91/6
f 9075/17/6 9061/17/6 9076/17/6
f 9076/91/6 9062/91/6 9077/91/6
f 9063/82/6 9064/82/6 9078/82/6
f 9064/120/6 9065/120/6 9079/120/6
f 9078/82/6 9064/82/6 9079/82/6
f 9065/238/6 9066/238/6 9080/238/6
f 9079/120/6 9065/120/6 9080/120/6
f 9066/216/6 9067/216/6 9081/216/6
f 9080/238/6 9066/238/6 9081/238/6
f 9081/216/6 9067/216/6 9082/216/6
f 9068/39/6 9069/39/6 9083/39/6
f 9069/211/6 9070/211/6 9084/211/6
f 9083/39/6 9069/39/6 9084/39/6
f 9070/46/6 9071/46/6 9085/46/6
f 9084/211/6 9070/211/6 9085/211/6
f 9085/46/6 9071/46/6 9086/46/6
f 9072/184/6 9073/184/6 9087/184/6
f 9087/184/6 9073/184/6 9088/184/6
f 9074/135/6 9075/135/6 9089/135/6
f 9089/135/6 9075/135/6 9090/135/6
f 9078/184/6 9079/184/6 9091/184/6
f 9091/184/6 9079/184/6 9092/184/6
f 9087/206/6 9088/206/6 9093/206/6
f 9093/206/6 9088/206/6 9094/206/6
f 9089/227/6 9090/227/6 9095/227/6
f 9095/227/6 9090/227/6 9096/227/6
f 9091/66/6 9092/66/6 9099/66/6
f 9099/66/6 9092/66/6 9100/66/6
f 9095/158/6 9096/158/6 9103/158/6
f 9103/158/6 9096/158/6 9104/158/6
f 9097/219/6 9098/219/6 9105/219/6
f 9105/219/6 9098/219/6 9106/219/6
f 9101/182/6 9102/182/6 9109/182/6
f 9109/182/6 9102/182/6 9110/182/6
f 9107/183/6 9108/183/6 9111/183/6
f 9111/183/6 9108/183/6 9112/183/6
f 9109/93/6 9110/93/6 9113/93/6
f 9113/93/6 9110/93/6 9114/93/6
f 9111/185/6 9112/185/6 9125/185/6
f 9125/185/6 9112/185/6 9126/185/6
f 9113/239/6 9114/239/6 9127/239/6
f 9127/239/6 9114/239/6 9128/239/6
f 9115/89/6 9116/89/6 9129/89/6
f 9129/89/6 9116/89/6 9130/89/6
f 9117/245/6 9118/245/6 9131/245/6
f 9118/76/6 9119/76/6 9132/76/6
f 9131/245/6 9118/245/6 9132/245/6
f 9119/159/6 9120/159/6 9133/159/6
f 9132/76/6 9119/76/6 9133/76/6
f 9133/159/6 9120/159/6 9134/159/6
f 9121/96/6 9122/96/6 9135/96/6
f 9122/73/6 9123/73/6 9136/73/6
f 9135/96/6 9122/96/6 9136/96/6
f 9123/221/6 9124/221/6 9137/221/6
f 9136/73/6 9123/73/6 9137/73/6
f 9137/221/6 9124/221/6 9138/221/6
f 9125/202/6 9126/202/6 9139/202/6
f 9139/202/6 9126/202/6 9140/202/6
f 9129/177/6 9130/177/6 9141/177/6
f 9141/177/6 9130/177/6 9142/177/6
f 9139/82/6 9140/82/6 9143/82/6
f 9143/82/6 9140/82/6 9144/82/6
f 9141/202/6 9142/202/6 9147/202/6
f 9147/202/6 9142/202/6 9148/202/6
f 9143/113/6 9144/113/6 9157/113/6
f 9157/113/6 9144/113/6 9158/113/6
f 9145/210/6 9146/210/6 9159/210/6
f 9159/210/6 9146/210/6 9160/210/6
f 9147/224/6 9148/224/6 9161/224/6
f 9161/224/6 9148/224/6 9162/224/6
f 9149/168/6 9150/168/6 9163/168/6
f 9150/48/6 9151/48/6 9164/48/6
f 9163/168/6 9150/168/6 9164/168/6
f 9151/201/6 9152/201/6 9165/201/6
f 9164/48/6 9151/48/6 9165/48/6
f 9165/201/6 9152/201/6 9166/201/6
f 9153/134/6 9154/134/6 9167/134/6
f 9167/134/6 9154/134/6 9168/134/6
f 9155/216/6 9156/216/6 9169/216/6
f 9169/216/6 9156/216/6 9170/216/6
f 9157/252/6 9158/252/6 9171/252/6
f 9171/252/6 9158/252/6 9172/252/6
f 9159/104/6 9160/104/6 9173/104/6
f 9173/104/6 9160/104/6 9174/104/6
f 9161/169/6 9162/169/6 9175/169/6
f 9175/169/6 9162/169/6 9176/169/6
f 9167/127/6 9168/127/6 9177/127/6
f 9177/127/6 9168/127/6 9178/127/6
f 9169/184/6 9170/184/6 9179/184/6
f 9179/184/6 9170/184/6 9180/184/6
f 9171/233/6 9172/233/6 9181/233/6
f 9181/233/6 9172/233/6 9182/233/6
f 9173/246/6 9174/246/6 9183/246/6
f 9183/246/6 9174/246/6 9184/246/6
f 9175/18/6 9176/18/6 9185/18/6
f 9185/18/6 9176/18/6 9186/18/6
f 9177/90/6 9178/90/6 9191/90/6
f 9191/90/6 9178/90/6 9192/90/6
f 9179/174/6 9180/174/6 9194/174/6
f 9194/174/6 9180/174/6 9195/174/6
f 9181/230/6 9182/230/6 9196/230/6
f 9196/230/6 9182/230/6 9197/230/6
f 9185/189/6 9186/189/6 9200/189/6
f 9200/189/6 9186/189/6 9201/189/6
f 9187/193/6 9188/193/6 9202/193/6
f 9188/7/6 9189/7/6 9203/7/6
f 9202/193/6 9188/193/6 9203/193/6
f 9189/162/6 9190/162/6 9204/162/6
f 9203/7/6 9189/7/6 9204/7/6
f 9204/162/6 9190/162/6 9205/162/6
f 9191/148/6 9192/148/6 9206/148/6
f 9192/61/6 9193/61/6 9207/61/6
f 9206/148/6 9192/148/6 9207/148/6
f 9193/65/6 9194/65/6 9208/65/6
f 9207/61/6 9193/61/6 9208/61/6
f 9194/141/6 9195/141/6 9209/141/6
f 9208/65/6 9194/65/6 9209/65/6
f 9209/141/6 9195/141/6 9210/141/6
f 9198/166/6 9199/166/6 9211/166/6
f 9211/166/6 9199/166/6 9212/166/6
f 9206/147/6 9207/147/6 9213/147/6
f 9213/147/6 9207/147/6 9214/147/6
f 9211/78/6 9212/78/6 9215/78/6
f 9215/78/6 9212/78/6 9216/78/6
f 9213/227/6 9214/227/6 9223/227/6
f 9223/227/6 9214/227/6 9224/227/6
f 9215/207/6 9216/207/6 9231/207/6
f 9231/207/6 9216/207/6 9232/207/6
f 9217/16/6 9218/16/6 9233/16/6
f 9233/16/6 9218/16/6 9234/16/6
f 9219/188/6 9220/188/6 9235/188/6
f 9235/188/6 9220/188/6 9236/188/6
f 9221/133/6 9222/133/6 9237/133/6
f 9237/133/6 9222/133/6 9238/133/6
f 9224/62/6 9225/62/6 9239/62/6
f 9225/78/6 9226/78/6 9240/78/6
f 9239/62/6 9225/62/6 9240/62/6
f 9226/105/6 9227/105/6 9241/105/6
f 9240/78/6 9226/78/6 9241/78/6
f 9227/92/6 9228/92/6 9242/92/6
f 9241/105/6 9227/105/6 9242/105/6
f 9228/47/6 9229/47/6 9243/47/6
f 9242/92/6 9228/92/6 9243/92/6
f 9229/240/6 9230/240/6 9244/240/6
f 9243/47/6 9229/47/6 9244/47/6
f 9244/240/6 9230/240/6 9245/240/6
f 9235/9/6 9236/9/6 9246/9/6
f 9246/9/6 9236/9/6 9247/9/6
f 9244/26/6 9245/26/6 9248/26/6
f 9248/26/6 9245/26/6 9249/26/6
f 9246/203/6 9247/203/6 9252/203/6
f 9252/203/6 9247/203/6 9253/203/6
f 9248/204/6 9249/204/6 9261/204/6
f 9261/204/6 9249/204/6 9262/204/6
f 9250/195/6 9251/195/6 9263/195/6
f 9251/67/6 9252/67/6 9264/67/6
f 9263/195/6 9251/195/6 9264/195/6
f 9252/230/6 9253/230/6 9265/230/6
f 9264/67/6 9252/67/6 9265/67/6
f 9265/230/6 9253/230/6 9266/230/6
f 9254/68/6 9255/68/6 9267/68/6
f 9255/20/6 9256/20/6 9268/20/6
f 9267/68/6 9255/68/6 9268/68/6
f 9268/20/6 9256/20/6 9269/20/6
f 9257/35/6 9258/35/6 9270/35/6
f 9258/226/6 9259/226/6 9271/226/6
f 9270/35/6 9258/35/6 9271/35/6
f 9259/95/6 9260/95/6 9272/95/6
f 9271/226/6 9259/226/6 9272/226/6
f 9272/95/6 9260/95/6 9273/95/6
f 9261/209/6 9262/209/6 9274/209/6
f 9274/209/6 9262/209/6 9275/209/6
f 9276/238/6 9277/238/6 9292/238/6
f 9292/238/6 9277/238/6 9293/238/6
f 9278/237/6 9279/237/6 9294/237/6
f 9294/237/6 9279/237/6 9295/237/6
f 9280/253/6 9281/253/6 9296/253/6
f 9296/253/6 9281/253/6 9297/253/6
f 9282/130/6 9283/130/6 9298/130/6
f 9283/92/6 9284/92/6 9299/92/6
f 9298/130/6 9283/130/6 9299/130/6
f 9284/188/6 9285/188/6 9300/188/6
f 9299/92/6 9284/92/6 9300/92/6
f 9285/96/6 9286/96/6 9301/96/6
f 9300/188/6 9285/188/6 9301/188/6
f 9301/96/6 9286/96/6 9302/96/6
f 9287/70/6 9288/70/6 9303/70/6
f 9288/43/6 9289/43/6 9304/43/6
f 9303/70/6 9288/70/6 9304/70/6
f 9289/153/6 9290/153/6 9305/153/6
f 9304/43/6 9289/43/6 9305/43/6
f 9290/71/6 9291/71/6 9306/71/6
f 9305/153/6 9290/153/6 9306/153/6
f 9306/71/6 9291/71/6 9307/71/6
f 9294/158/6 9295/158/6 9308/158/6
f 9308/158/6 9295/158/6 9309/158/6
f 9301/216/6 9302/216/6 9310/216/6
f 9310/216/6 9302/216/6 9311/216/6
f 9303/143/6 9304/143/6 9312/143/6
f 9312/143/6 9304/143/6 9313/143/6
f 9308/247/6 9309/247/6 9316/247/6
f 9316/247/6 9309/247/6 9317/247/6
f 9310/117/6 9311/117/6 9324/117/6
f 9324/117/6 9311/117/6 9325/117/6
f 9312/245/6 9313/245/6 9327/245/6
f 9327/245/6 9313/245/6 9328/245/6
f 9314/107/6 9315/107/6 9331/107/6
f 9331/107/6 9315/107/6 9332/107/6
f 9316/146/6 9317/146/6 9333/146/6
f 9317/86/6 9318/86/6 9334/86/6
f 9333/146/6 9317/146/6 9334/146/6
f 9318/209/6 9319/209/6 9335/209/6
f 9334/86/6 9318/86/6 9335/86/6
f 9319/121/6 9320/121/6 9336/121/6
f 9335/209/6 9319/209/6 9336/209/6
f 9320/174/6 9321/174/6 9337/174/6
f 9336/121/6 9320/121/6 9337/121/6
f 9321/121/6 9322/121/6 9338/121/6
f 9337/174/6 9321/174/6 9338/174/6
f 9322/160/6 9323/160/6 9339/160/6
f 9338/121/6 9322/121/6 9339/121/6
f 9339/160/6 9323/160/6 9340/160/6
f 9324/122/6 9325/122/6 9341/122/6
f 9325/119/6 9326/119/6 9342/119/6
f 9341/122/6 9325/122/6 9342/122/6
f 9326/97/6 9327/97/6 9343/97/6
f 9342/119/6 9326/119/6 9343/119/6
f 9327/94/6 9328/94/6 9344/94/6
f 9343/97/6 9327/97/6 9344/97/6
f 9344/94/6 9328/94/6 9345/94/6
f 9329/190/6 9330/190/6 9346/190/6
f 9346/190/6 9330/190/6 9347/190/6
f 9331/113/6 9332/113/6 9348/113/6
f 9348/113/6 9332/113/6 9349/113/6
f 9336/71/6 9337/71/6 9350/71/6
f 9350/71/6 9337/71/6 9351/71/6
f 9341/77/6 9342/77/6 9352/77/6
f 9352/77/6 9342/77/6 9353/77/6
f 9346/202/6 9347/202/6 9354/202/6
f 9354/202/6 9347/202/6 9355/202/6
f 9348/16/6 9349/16/6 9356/16/6
f 9356/16/6 9349/16/6 9357/16/6
f 9350/197/6 9351/197/6 9362/197/6
f 9362/197/6 9351/197/6 9363/197/6
f 9352/3/6 9353/3/6 9367/3/6
f 9367/3/6 9353/3/6 9368/3/6
f 9354/201/6 9355/201/6 9372/201/6
f 9372/201/6 9355/201/6 9373/201/6
f 9356/52/6 9357/52/6 9374/52/6
f 9357/158/6 9358/158/6 9375/158/6
f 9374/52/6 9357/52/6 9375/52/6
f 9358/91/6 9359/91/6 9376/91/6
f 9375/158/6 9358/158/6 9376/158/6
f 9359/34/6 9360/34/6 9377/34/6
f 9376/91/6 9359/91/6 9377/91/6
f 9360/199/6 9361/199/6 9378/199/6
f 9377/34/6 9360/34/6 9378/34/6
f 9361/68/6 9362/68/6 9379/68/6
f 9378/199/6 9361/199/6 9379/199/6
f 9362/182/6 9363/182/6 9380/182/6
f 9379/68/6 9362/68/6 9380/68/6
f 9380/182/6 9363/182/6 9381/182/6
f 9364/197/6 9365/197/6 9382/197/6
f 9365/172/6 9366/172/6 9383/172/6
f 9382/197/6 9365/197/6 9383/197/6
f 9366/236/6 9367/236/6 9384/236/6
f 9383/172/6 9366/172/6 9384/172/6
f 9367/51/6 9368/51/6 9385/51/6
f 9384/236/6 9367/236/6 9385/236/6
f 9368/131/6 9369/131/6 9386/131/6
f 9385/51/6 9368/51/6 9386/51/6
f 9369/232/6 9370/232/6 9387/232/6
f 9386/131/6 9369/131/6 9387/131/6
f 9370/66/6 9371/66/6 9388/66/6
f 9387/232/6 9370/232/6 9388/232/6
f 9388/66/6 9371/66/6 9389/66/6
f 9372/11/6 9373/11/6 9390/11/6
f 9390/11/6 9373/11/6 9391/11/6
f 9390/101/6 9391/101/6 9392/101/6
f 9392/101/6 9391/101/6 9393/101/6
f 9392/213/6 9393/213/6 9409/213/6
f 9409/213/6 9393/213/6 9410/213/6
f 9394/125/6 9395/125/6 9411/125/6
f 9395/140/6 9396/140/6 9412/140/6
f 9411/125/6 9395/125/6 9412/125/6
f 9396/40/6 9397/40/6 9413/40/6
f 9412/140/6 9396/140/6 9413/140/6
f 9397/24/6 9398/24/6 9414/24/6
f 9413/40/6 9397/40/6 9414/40/6
f 9398/58/6 9399/58/6 9415/58/6
f 9414/24/6 9398/24/6 9415/24/6
f 9399/19/6 9400/19/6 9416/19/6
f 9415/58/6 9399/58/6 9416/58/6
f 9400/122/6 9401/122/6 9417/122/6
f 9416/19/6 9400/19/6 9417/19/6
f 9417/122/6 9401/122/6 9418/122/6
f 9402/70/6 9403/70/6 9419/70/6
f 9419/70/6 9403/70/6 9420/70/6
f 9404/79/6 9405/79/6 9421/79/6
f 9421/79/6 9405/79/6 9422/79/6
f 9406/103/6 9407/103/6 9423/103/6
f 9407/100/6 9408/100/6 9424/100/6
f 9423/103/6 9407/103/6 9424/103/6
f 9408/209/6 9409/209/6 9425/209/6
f 9424/100/6 9408/100/6 9425/100/6
f 9409/31/6 9410/31/6 9426/31/6
f 9425/209/6 9409/209/6 9426/209/6
f 9426/31/6 9410/31/6 9427/31/6
f 9414/25/6 9415/25/6 9428/25/6
f 9428/25/6 9415/25/6 9429/25/6
f 9419/119/6 9420/119/6 9430/119/6
f 9430/119/6 9420/119/6 9431/119/6
f 9421/223/6 9422/223/6 9432/223/6
f 9432/223/6 9422/223/6 9433/223/6
f 9428/37/6 9429/37/6 9436/37/6
f 9436/37/6 9429/37/6 9437/37/6
f 9430/102/6 9431/102/6 9441/102/6
f 9441/102/6 9431/102/6 9442/102/6
f 9432/129/6 9433/129/6 9443/129/6
f 9443/129/6 9433/129/6 9444/129/6
f 9434/154/6 9435/154/6 9450/154/6
f 9450/154/6 9435/154/6 9451/154/6
f 9436/118/6 9437/118/6 9452/118/6
f 9452/118/6 9437/118/6 9453/118/6
f 9438/4/6 9439/4/6 9454/4/6
f 9439/127/6 9440/127/6 9455/127/6
f 9454/4/6 9439/4/6 9455/4/6
f 9440/144/6 9441/144/6 9456/144/6
f 9455/127/6 9440/127/6 9456/127/6
f 9441/78/6 9442/78/6 9457/78/6
f 9456/144/6 9441/144/6 9457/144/6
f 9457/78/6 9442/78/6 9458/78/6
f 9443/14/6 9444/14/6 9459/14/6
f 9444/172/6 9445/172/6 9460/172/6
f 9459/14/6 9444/14/6 9460/14/6
f 9445/219/6 9446/219/6 9461/219/6
f 9460/172/6 9445/172/6 9461/172/6
f 9446/76/6 9447/76/6 9462/76/6
f 9461/219/6 9446/219/6 9462/219/6
f 9462/76/6 9447/76/6 9463/76/6
f 9448/28/6 9449/28/6 9464/28/6
f 9464/28/6 9449/28/6 9465/28/6
f 9452/62/6 9453/62/6 9466/62/6
f 9466/62/6 9453/62/6 9467/62/6
f 9454/184/6 9455/184/6 9468/184/6
f 9468/184/6 9455/184/6 9469/184/6
f 9459/151/6 9460/151/6 9470/151/6
f 9470/151/6 9460/151/6 9471/151/6
f 9464/75/6 9465/75/6 9472/75/6
f 9472/75/6 9465/75/6 9473/75/6
f 9466/209/6 9467/209/6 9477/209/6
f 9477/209/6 9467/209/6 9478/209/6
f 9468/49/6 9469/49/6 9479/49/6
f 9479/49/6 9469/49/6 9480/49/6
f 9470/114/6 9471/114/6 9484/114/6
f 9484/114/6 9471/114/6 9485/114/6
f 9472/24/6 9473/24/6 9489/24/6
f 9489/24/6 9473/24/6 9490/24/6
f 9474/63/6 9475/63/6 9491/63/6
f 9475/161/6 9476/161/6 9492/161/6
f 9491/63/6 9475/63/6 9492/63/6
f 9476/203/6 9477/203/6 9493/203/6
f 9492/161/6 9476/161/6 9493/161/6
f 9477/158/6 9478/158/6 9494/158/6
f 9493/203/6 9477/203/6 9494/203/6
f 9494/158/6 9478/158/6 9495/158/6
f 9479/79/6 9480/79/6 9496/79/6
f 9496/79/6 9480/79/6 9497/79/6
f 9481/205/6 9482/205/6 9498/205/6
f 9482/3/6 9483/3/6 9499/3/6
f 9498/205/6 9482/205/6 9499/205/6
f 9483/72/6 9484/72/6 9500/72/6
f 9499/3/6 9483/3/6 9500/3/6
f 9484/49/6 9485/49/6 9501/49/6
f 9500/72/6 9484/72/6 9501/72/6
f 9501/49/6 9485/49/6 9502/49/6
f 9486/154/6 9487/154/6 9503/154/6
f 9487/145/6 9488/145/6 9504/145/6
f 9503/154/6 9487/154/6 9504/154/6
f 9488/143/6 9489/143/6 9505/143/6
f 9504/145/6 9488/145/6 9505/145/6
f 9489/207/6 9490/207/6 9506/207/6
f 9505/143/6 9489/143/6 9506/143/6
f 9506/207/6 9490/207/6 9507/207/6
f 9491/53/6 9492/53/6 9508/53/6
f 9508/53/6 9492/53/6 9509/53/6
f 9496/124/6 9497/124/6 9510/124/6
f 9510/124/6 9497/124/6 9511/124/6
f 9498/126/6 9499/126/6 9512/126/6
f 9512/126/6 9499/126/6 9513/126/6
f 9506/93/6 9507/93/6 9514/93/6
f 9514/93/6 9507/93/6 9515/93/6
f 9508/84/6 9509/84/6 9516/84/6
f 9516/84/6 9509/84/6 9517/84/6
f 9510/188/6 9511/188/6 9520/188/6
f 9520/188/6 9511/188/6 9521/188/6
f 9512/44/6 9513/44/6 9522/44/6
f 9522/44/6 9513/44/6 9523/44/6
f 9514/40/6 9515/40/6 9529/40/6
f 9529/40/6 9515/40/6 9530/40/6
f 9516/126/6 9517/126/6 9531/126/6
f 9531/126/6 9517/126/6 9532/126/6
f 9518/178/6 9519/178/6 9533/178/6
f 9533/178/6 9519/178/6 9534/178/6
f 9520/78/6 9521/78/6 9535/78/6
f 9535/78/6 9521/78/6 9536/78/6
f 9522/78/6 9523/78/6 9537/78/6
f 9537/78/6 9523/78/6 9538/78/6
f 9524/196/6 9525/196/6 9539/196/6
f 9525/187/6 9526/187/6 9540/187/6
f 9539/196/6 9525/196/6 9540/196/6
f 9526/43/6 9527/43/6 9541/43/6
f 9540/187/6 9526/187/6 9541/187/6
f 9527/252/6 9528/252/6 9542/252/6
f 9541/43/6 9527/43/6 9542/43/6
f 9542/252/6 9528/252/6 9543/252/6
f 9529/79/6 9530/79/6 9544/79/6
f 9544/79/6 9530/79/6 9545/79/6
