# MagicaVoxel @ Ephtracy

# group
o 

# material
mtllib spaceship_inside-11.mtl
usemtl palette

# normals
vn -1 0 0
vn 1 0 0
vn 0 0 1
vn 0 0 -1
vn 0 -1 0
vn 0 1 0

# texcoords
vt 0.865234 0.5
vt 0.869141 0.5
vt 0.873047 0.5
vt 0.876953 0.5
vt 0.951172 0.5
vt 0.958984 0.5
vt 0.962891 0.5
vt 0.966797 0.5
vt 0.970703 0.5
vt 0.974609 0.5
vt 0.978516 0.5
vt 0.982422 0.5
vt 0.986328 0.5
vt 0.990234 0.5
vt 0.994141 0.5

# verts
v -2 -0.3 2
v -2 -0.3 -2
v -2 -0.1 2
v -2 -0.1 -2
v -1.8 -0.1 -0.0999999
v -1.8 -0.1 -0.3
v -1.8 0 -0.0999999
v -1.8 0 -0.3
v -1.7 -0.1 0
v -1.7 -0.1 -0.0999999
v -1.7 -0.1 -0.3
v -1.7 -0.1 -0.4
v -1.7 0 0
v -1.7 0 -0.0999999
v -1.7 0 -0.3
v -1.7 0 -0.4
v -1.7 0.1 -0.0999999
v -1.7 0.1 -0.3
v -1.5 -0.2 1.8
v -1.5 -0.2 1.7
v -1.5 -0.2 1.5
v -1.5 -0.2 1.4
v -1.5 -0.2 1.2
v -1.5 -0.2 1.1
v -1.5 -0.2 0.9
v -1.5 -0.2 0.8
v -1.5 -0.2 0.6
v -1.5 -0.2 0.5
v -1.5 -0.2 0.3
v -1.5 -0.2 0.2
v -1.5 -0.1 1.8
v -1.5 -0.1 1.7
v -1.5 -0.1 1.5
v -1.5 -0.1 1.4
v -1.5 -0.1 1.2
v -1.5 -0.1 1.1
v -1.5 -0.1 0.9
v -1.5 -0.1 0.8
v -1.5 -0.1 0.6
v -1.5 -0.1 0.5
v -1.5 -0.1 0.3
v -1.5 -0.1 0.2
v -1.4 -0.2 1.7
v -1.4 -0.2 1.5
v -1.4 -0.2 1.1
v -1.4 -0.2 0.9
v -1.4 -0.2 0.5
v -1.4 -0.2 0.3
v -1.4 -0.1 1.7
v -1.4 -0.1 1.5
v -1.4 -0.1 1.1
v -1.4 -0.1 0.9
v -1.4 -0.1 0.5
v -1.4 -0.1 0.3
v -0.8 -0.2 1.8
v -0.8 -0.2 1.7
v -0.8 -0.2 1.6
v -0.8 -0.2 1.5
v -0.8 -0.2 1.1
v -0.8 -0.2 1
v -0.8 -0.2 0.5
v -0.8 -0.2 0.4
v -0.8 -0.2 -0.3
v -0.8 -0.2 -0.4
v -0.8 -0.1 1.8
v -0.8 -0.1 1.7
v -0.8 -0.1 1.6
v -0.8 -0.1 1.5
v -0.8 -0.1 1.1
v -0.8 -0.1 1
v -0.8 -0.1 0.5
v -0.8 -0.1 0.4
v -0.8 -0.1 -0.3
v -0.8 -0.1 -0.4
v -0.6 -0.2 1.8
v -0.6 -0.2 1.7
v -0.6 -0.2 1.6
v -0.6 -0.2 1.5
v -0.6 -0.1 1.8
v -0.6 -0.1 1.7
v -0.6 -0.1 1.6
v -0.6 -0.1 1.5
v -0.4 -0.2 1.8
v -0.4 -0.2 1.7
v -0.4 -0.2 1.6
v -0.4 -0.2 1.5
v -0.4 -0.1 1.8
v -0.4 -0.1 1.7
v -0.4 -0.1 1.6
v -0.4 -0.1 1.5
v -0.2 -0.2 1.8
v -0.2 -0.2 1.7
v -0.2 -0.2 1.6
v -0.2 -0.2 1.5
v -0.2 -0.1 1.8
v -0.2 -0.1 1.7
v -0.2 -0.1 1.6
v -0.2 -0.1 1.5
v 0 -0.2 1.8
v 0 -0.2 1.7
v 0 -0.2 1.6
v 0 -0.2 1.5
v 0 -0.1 1.8
v 0 -0.1 1.7
v 0 -0.1 1.6
v 0 -0.1 1.5
v 0.0999999 -0.2 1.2
v 0.0999999 -0.2 -0.7
v 0.0999999 -0.2 -1
v 0.0999999 -0.2 -1.1
v 0.0999999 -0.2 -1.2
v 0.0999999 -0.2 -1.3
v 0.0999999 -0.2 -1.4
v 0.0999999 -0.2 -1.5
v 0.0999999 -0.2 -1.6
v 0.0999999 -0.2 -1.7
v 0.0999999 -0.2 -1.8
v 0.0999999 -0.2 -1.9
v 0.0999999 -0.1 1.2
v 0.0999999 -0.1 -0.7
v 0.0999999 -0.1 -1
v 0.0999999 -0.1 -1.1
v 0.0999999 -0.1 -1.2
v 0.0999999 -0.1 -1.3
v 0.0999999 -0.1 -1.4
v 0.0999999 -0.1 -1.5
v 0.0999999 -0.1 -1.6
v 0.0999999 -0.1 -1.7
v 0.0999999 -0.1 -1.8
v 0.0999999 -0.1 -1.9
v 0.2 -0.2 1.8
v 0.2 -0.2 1.7
v 0.2 -0.2 1.6
v 0.2 -0.2 1.5
v 0.2 -0.1 1.8
v 0.2 -0.1 1.7
v 0.2 -0.1 1.6
v 0.2 -0.1 1.5
v 0.5 -0.1 -0.5
v 0.5 -0.1 -0.7
v 0.5 0.1 -0.5
v 0.5 0.1 -0.7
v 0.7 -0.1 1.7
v 0.7 -0.1 1.6
v 0.7 -0.1 1.5
v 0.7 -0.1 1.3
v 0.7 -0.1 1.1
v 0.7 -0.1 0.9
v 0.7 -0.1 0.8
v 0.7 -0.1 0.7
v 0.7 -0.1 -1.5
v 0.7 -0.1 -1.6
v 0.7 0 1.7
v 0.7 0 1.6
v 0.7 0 1.3
v 0.7 0 1.2
v 0.7 0 0.9
v 0.7 0 0.8
v 0.7 0 -1.5
v 0.7 0 -1.6
v 0.7 0.1 1.7
v 0.7 0.1 1.6
v 0.7 0.1 1.5
v 0.7 0.1 1.3
v 0.7 0.1 1.2
v 0.7 0.1 1.1
v 0.7 0.1 0.9
v 0.7 0.1 0.8
v 0.7 0.1 0.7
v 0.8 -0.2 -1.6
v 0.8 -0.2 -1.8
v 0.8 -0.1 -1.6
v 0.8 -0.1 -1.8
v 0.8 0 0.5
v 0.8 0 0.3
v 0.8 0.1 1.7
v 0.8 0.1 1.6
v 0.8 0.1 1.5
v 0.8 0.1 1.3
v 0.8 0.1 1.2
v 0.8 0.1 1.1
v 0.8 0.1 0.9
v 0.8 0.1 0.8
v 0.8 0.1 0.7
v 0.8 0.2 1.7
v 0.8 0.2 1.6
v 0.8 0.2 1.5
v 0.8 0.2 1.3
v 0.8 0.2 1.1
v 0.8 0.2 0.9
v 0.8 0.2 0.8
v 0.8 0.2 0.7
v 0.8 0.2 0.5
v 0.8 0.2 0.3
v 0.9 -0.2 0.5
v 0.9 -0.2 0.3
v 0.9 -0.2 0.1
v 0.9 -0.2 -0.0999999
v 0.9 -0.1 0.5
v 0.9 -0.1 0.3
v 0.9 -0.1 0.1
v 0.9 -0.1 -0.0999999
v 0.9 -0.1 -1.6
v 0.9 -0.1 -1.7
v 0.9 0 -1.6
v 0.9 0 -1.7
v 0.9 0.2 1.7
v 0.9 0.2 1.6
v 0.9 0.2 1.5
v 0.9 0.2 1.3
v 0.9 0.2 1.2
v 0.9 0.2 1.1
v 0.9 0.2 0.9
v 0.9 0.2 0.8
v 0.9 0.2 0.7
v 0.9 0.3 1.7
v 0.9 0.3 1.6
v 0.9 0.3 1.5
v 0.9 0.3 1.3
v 0.9 0.3 1.2
v 0.9 0.3 1.1
v 0.9 0.3 0.9
v 0.9 0.3 0.7
v 1 -0.2 -1.5
v 1 -0.2 -1.6
v 1 -0.2 -1.7
v 1 -0.2 -1.8
v 1 -0.1 0.5
v 1 -0.1 0.4
v 1 -0.1 0.3
v 1 -0.1 -0.4
v 1 -0.1 -0.5
v 1 -0.1 -1.5
v 1 -0.1 -1.6
v 1 -0.1 -1.7
v 1 -0.1 -1.8
v 1 0 0.5
v 1 0 0.4
v 1 0 0.3
v 1 0 -0.4
v 1 0 -0.5
v 1 0.1 -0.4
v 1 0.1 -0.5
v 1.1 -0.1 -1.6
v 1.1 -0.1 -1.7
v 1.1 0 -1.6
v 1.1 0 -1.7
v 1.2 -0.2 -1.5
v 1.2 -0.2 -1.6
v 1.2 -0.2 -1.7
v 1.2 -0.2 -1.8
v 1.2 -0.1 -1.5
v 1.2 -0.1 -1.6
v 1.2 -0.1 -1.7
v 1.2 -0.1 -1.8
v 1.3 -0.1 -1.7
v 1.3 -0.1 -1.8
v 1.3 0 -1.7
v 1.3 0 -1.8
v 1.3 0.1 0.5
v 1.3 0.1 0.4
v 1.3 0.1 0.3
v 1.3 0.2 0.5
v 1.3 0.2 0.4
v 1.3 0.2 0.3
v 1.4 -0.2 -1.5
v 1.4 -0.2 -1.7
v 1.4 -0.1 -1.5
v 1.4 -0.1 -1.7
v 1.5 -0.1 -0.3
v 1.5 -0.1 -0.4
v 1.5 -0.1 -1.5
v 1.5 -0.1 -1.6
v 1.5 0 1.7
v 1.5 0 1.5
v 1.5 0 1.3
v 1.5 0 1.2
v 1.5 0 1.1
v 1.5 0 0.9
v 1.5 0 0.7
v 1.5 0 -0.3
v 1.5 0 -0.4
v 1.5 0 -1.5
v 1.5 0 -1.6
v 1.5 0.1 1.7
v 1.5 0.1 1.5
v 1.5 0.1 1.3
v 1.5 0.1 1.2
v 1.5 0.1 1.1
v 1.5 0.1 0.9
v 1.5 0.1 0.8
v 1.5 0.1 0.7
v 1.5 0.1 -0.3
v 1.5 0.1 -0.4
v 1.6 -0.2 -1.6
v 1.6 -0.2 -1.8
v 1.6 -0.1 1.7
v 1.6 -0.1 1.6
v 1.6 -0.1 1.5
v 1.6 -0.1 1.3
v 1.6 -0.1 1.2
v 1.6 -0.1 1.1
v 1.6 -0.1 0.9
v 1.6 -0.1 0.8
v 1.6 -0.1 0.7
v 1.6 -0.1 0.5
v 1.6 -0.1 0.4
v 1.6 -0.1 0.3
v 1.6 -0.1 -0.2
v 1.6 -0.1 -0.3
v 1.6 -0.1 -1.6
v 1.6 -0.1 -1.8
v 1.6 0 1.7
v 1.6 0 1.6
v 1.6 0 1.5
v 1.6 0 1.3
v 1.6 0 1.2
v 1.6 0 1.1
v 1.6 0 0.9
v 1.6 0 0.8
v 1.6 0 0.7
v 1.6 0 0.5
v 1.6 0 0.4
v 1.6 0 0.3
v 1.6 0 -0.3
v 1.6 0.1 -0.2
v 1.6 0.1 -0.3
v 1.7 -0.1 -1.5
v 1.7 -0.1 -1.6
v 1.7 0 -1.5
v 1.7 0 -1.6
v 1.8 -0.2 0.1
v 1.8 -0.2 -0.0999999
v 1.8 -0.2 -1.6
v 1.8 -0.2 -1.8
v 1.8 -0.1 0.1
v 1.8 -0.1 -0.0999999
v 1.8 -0.1 -1.6
v 1.8 -0.1 -1.8
v -1.9 -0.2 -1
v -1.9 -0.2 -1.1
v -1.9 -0.2 -1.2
v -1.9 -0.2 -1.3
v -1.9 -0.2 -1.4
v -1.9 -0.2 -1.5
v -1.9 -0.2 -1.6
v -1.9 -0.2 -1.7
v -1.9 -0.2 -1.8
v -1.9 -0.2 -1.9
v -1.9 -0.1 -1
v -1.9 -0.1 -1.1
v -1.9 -0.1 -1.2
v -1.9 -0.1 -1.3
v -1.9 -0.1 -1.4
v -1.9 -0.1 -1.5
v -1.9 -0.1 -1.6
v -1.9 -0.1 -1.7
v -1.9 -0.1 -1.8
v -1.9 -0.1 -1.9
v -1.8 -0.2 1.7
v -1.8 -0.2 1.5
v -1.8 -0.2 1.1
v -1.8 -0.2 0.9
v -1.8 -0.2 0.5
v -1.8 -0.2 0.3
v -1.8 -0.1 1.7
v -1.8 -0.1 1.5
v -1.8 -0.1 1.1
v -1.8 -0.1 0.9
v -1.8 -0.1 0.5
v -1.8 -0.1 0.3
v -1.7 -0.2 1.8
v -1.7 -0.2 1.7
v -1.7 -0.2 1.5
v -1.7 -0.2 1.4
v -1.7 -0.2 1.2
v -1.7 -0.2 1.1
v -1.7 -0.2 0.9
v -1.7 -0.2 0.8
v -1.7 -0.2 0.6
v -1.7 -0.2 0.5
v -1.7 -0.2 0.3
v -1.7 -0.2 0.2
v -1.7 -0.1 1.8
v -1.7 -0.1 1.7
v -1.7 -0.1 1.5
v -1.7 -0.1 1.4
v -1.7 -0.1 1.2
v -1.7 -0.1 1.1
v -1.7 -0.1 0.9
v -1.7 -0.1 0.8
v -1.7 -0.1 0.6
v -1.7 -0.1 0.5
v -1.7 -0.1 0.3
v -1.7 -0.1 0.2
v -1.5 -0.1 0
v -1.5 -0.1 -0.0999999
v -1.5 -0.1 -0.3
v -1.5 -0.1 -0.4
v -1.5 0 0
v -1.5 0 -0.0999999
v -1.5 0 -0.3
v -1.5 0 -0.4
v -1.5 0.1 -0.0999999
v -1.5 0.1 -0.3
v -1.4 -0.1 -0.0999999
v -1.4 -0.1 -0.3
v -1.4 0 -0.0999999
v -1.4 0 -0.3
v -0.9 -0.2 1.8
v -0.9 -0.2 1.7
v -0.9 -0.2 1.6
v -0.9 -0.2 1.5
v -0.9 -0.2 1.2
v -0.9 -0.2 -0.7
v -0.9 -0.1 1.8
v -0.9 -0.1 1.7
v -0.9 -0.1 1.6
v -0.9 -0.1 1.5
v -0.9 -0.1 1.2
v -0.9 -0.1 -0.7
v -0.7 -0.2 1.8
v -0.7 -0.2 1.7
v -0.7 -0.2 1.6
v -0.7 -0.2 1.5
v -0.7 -0.1 1.8
v -0.7 -0.1 1.7
v -0.7 -0.1 1.6
v -0.7 -0.1 1.5
v -0.5 -0.2 1.8
v -0.5 -0.2 1.7
v -0.5 -0.2 1.6
v -0.5 -0.2 1.5
v -0.5 -0.1 1.8
v -0.5 -0.1 1.7
v -0.5 -0.1 1.6
v -0.5 -0.1 1.5
v -0.3 -0.2 1.8
v -0.3 -0.2 1.7
v -0.3 -0.2 1.6
v -0.3 -0.2 1.5
v -0.3 -0.1 1.8
v -0.3 -0.1 1.7
v -0.3 -0.1 1.6
v -0.3 -0.1 1.5
v -0.1 -0.2 1.8
v -0.1 -0.2 1.7
v -0.1 -0.2 1.6
v -0.1 -0.2 1.5
v -0.1 -0.1 1.8
v -0.1 -0.1 1.7
v -0.1 -0.1 1.6
v -0.1 -0.1 1.5
v 0 -0.2 1.1
v 0 -0.2 1
v 0 -0.2 0.5
v 0 -0.2 0.4
v 0 -0.2 -0.3
v 0 -0.2 -0.4
v 0 -0.1 1.1
v 0 -0.1 1
v 0 -0.1 0.5
v 0 -0.1 0.4
v 0 -0.1 -0.3
v 0 -0.1 -0.4
v 0.0999999 -0.2 1.8
v 0.0999999 -0.2 1.7
v 0.0999999 -0.2 1.6
v 0.0999999 -0.2 1.5
v 0.0999999 -0.1 1.8
v 0.0999999 -0.1 1.7
v 0.0999999 -0.1 1.6
v 0.0999999 -0.1 1.5
v 0.7 -0.2 0.5
v 0.7 -0.2 0.3
v 0.7 -0.2 0.1
v 0.7 -0.2 -0.0999999
v 0.7 -0.2 -1.6
v 0.7 -0.2 -1.8
v 0.7 -0.1 0.5
v 0.7 -0.1 0.3
v 0.7 -0.1 0.1
v 0.7 -0.1 -0.0999999
v 0.7 -0.1 -1.6
v 0.7 -0.1 -1.8
v 0.8 -0.1 -1.5
v 0.8 -0.1 -1.6
v 0.8 0 -1.5
v 0.8 0 -1.6
v 0.9 -0.2 -1.5
v 0.9 -0.2 -1.6
v 0.9 -0.2 -1.7
v 0.9 -0.2 -1.8
v 0.9 -0.1 1.7
v 0.9 -0.1 1.5
v 0.9 -0.1 1.3
v 0.9 -0.1 1.1
v 0.9 -0.1 0.9
v 0.9 -0.1 0.8
v 0.9 -0.1 0.7
v 0.9 -0.1 -1.5
v 0.9 -0.1 -1.6
v 0.9 -0.1 -1.7
v 0.9 -0.1 -1.8
v 0.9 0 1.7
v 0.9 0 1.6
v 0.9 0 1.5
v 0.9 0 1.3
v 0.9 0 1.2
v 0.9 0 1.1
v 0.9 0 0.9
v 0.9 0 0.8
v 0.9 0 0.7
v 1 -0.1 -1.6
v 1 -0.1 -1.7
v 1 0 1.7
v 1 0 1.6
v 1 0 1.5
v 1 0 1.3
v 1 0 1.2
v 1 0 1.1
v 1 0 0.9
v 1 0 0.8
v 1 0 0.7
v 1 0 -1.6
v 1 0 -1.7
v 1 0.1 1.7
v 1 0.1 1.6
v 1 0.1 1.5
v 1 0.1 1.3
v 1 0.1 1.2
v 1 0.1 1.1
v 1 0.1 0.9
v 1 0.1 0.8
v 1 0.1 0.7
v 1 0.1 0.5
v 1 0.1 0.4
v 1 0.1 0.3
v 1 0.2 0.5
v 1 0.2 0.4
v 1 0.2 0.3
v 1.1 -0.2 -1.5
v 1.1 -0.2 -1.6
v 1.1 -0.2 -1.7
v 1.1 -0.2 -1.8
v 1.1 -0.1 -0.6
v 1.1 -0.1 -0.7
v 1.1 -0.1 -1.5
v 1.1 -0.1 -1.6
v 1.1 -0.1 -1.7
v 1.1 -0.1 -1.8
v 1.1 0 -0.6
v 1.1 0 -0.7
v 1.1 0.1 -0.6
v 1.1 0.1 -0.7
v 1.2 -0.1 -1.6
v 1.2 -0.1 -1.7
v 1.2 0 -1.6
v 1.2 0 -1.7
v 1.3 -0.2 -1.5
v 1.3 -0.2 -1.7
v 1.3 -0.1 -1.5
v 1.3 -0.1 -1.7
v 1.4 -0.1 0.5
v 1.4 -0.1 0.4
v 1.4 -0.1 0.3
v 1.4 -0.1 -1.7
v 1.4 -0.1 -1.8
v 1.4 0 0.5
v 1.4 0 0.4
v 1.4 0 0.3
v 1.4 0 -1.7
v 1.4 0 -1.8
v 1.5 -0.2 -1.6
v 1.5 -0.2 -1.8
v 1.5 -0.1 -1.6
v 1.5 -0.1 -1.8
v 1.6 -0.2 0.1
v 1.6 -0.2 -0.0999999
v 1.6 -0.1 0.1
v 1.6 -0.1 -0.0999999
v 1.6 -0.1 -0.5
v 1.6 -0.1 -0.6
v 1.6 -0.1 -1.5
v 1.6 -0.1 -1.6
v 1.6 0 -0.5
v 1.6 0 -0.6
v 1.6 0 -1.5
v 1.6 0 -1.6
v 1.6 0.1 -0.5
v 1.6 0.1 -0.6
v 1.6 0.2 1.7
v 1.6 0.2 1.6
v 1.6 0.2 1.5
v 1.6 0.2 1.3
v 1.6 0.2 1.2
v 1.6 0.2 1.1
v 1.6 0.2 0.9
v 1.6 0.2 0.8
v 1.6 0.2 0.7
v 1.6 0.3 1.7
v 1.6 0.3 1.5
v 1.6 0.3 1.3
v 1.6 0.3 1.2
v 1.6 0.3 1.1
v 1.6 0.3 0.9
v 1.6 0.3 0.8
v 1.6 0.3 0.7
v 1.7 -0.2 -1.6
v 1.7 -0.2 -1.8
v 1.7 -0.1 -0.4
v 1.7 -0.1 -0.5
v 1.7 -0.1 -1.6
v 1.7 -0.1 -1.8
v 1.7 0 -0.4
v 1.7 0 -0.5
v 1.7 0.1 1.7
v 1.7 0.1 1.6
v 1.7 0.1 1.5
v 1.7 0.1 1.3
v 1.7 0.1 1.2
v 1.7 0.1 1.1
v 1.7 0.1 0.9
v 1.7 0.1 0.8
v 1.7 0.1 0.7
v 1.7 0.1 0.5
v 1.7 0.1 0.4
v 1.7 0.1 0.3
v 1.7 0.1 -0.4
v 1.7 0.1 -0.5
v 1.7 0.2 1.7
v 1.7 0.2 1.6
v 1.7 0.2 1.5
v 1.7 0.2 1.3
v 1.7 0.2 1.2
v 1.7 0.2 1.1
v 1.7 0.2 0.9
v 1.7 0.2 0.8
v 1.7 0.2 0.7
v 1.7 0.2 0.5
v 1.7 0.2 0.4
v 1.7 0.2 0.3
v 1.8 -0.1 1.7
v 1.8 -0.1 1.6
v 1.8 -0.1 1.5
v 1.8 -0.1 1.3
v 1.8 -0.1 1.2
v 1.8 -0.1 1.1
v 1.8 -0.1 0.9
v 1.8 -0.1 0.8
v 1.8 -0.1 0.7
v 1.8 -0.1 0.5
v 1.8 -0.1 0.4
v 1.8 -0.1 0.3
v 1.8 -0.1 -0.2
v 1.8 -0.1 -0.3
v 1.8 -0.1 -0.4
v 1.8 -0.1 -1.5
v 1.8 -0.1 -1.6
v 1.8 0 1.6
v 1.8 0 1.5
v 1.8 0 1.3
v 1.8 0 1.2
v 1.8 0 1.1
v 1.8 0 0.9
v 1.8 0 0.8
v 1.8 0 0.7
v 1.8 0 0.5
v 1.8 0 0.4
v 1.8 0 0.3
v 1.8 0 -0.3
v 1.8 0 -0.4
v 1.8 0 -1.5
v 1.8 0 -1.6
v 1.8 0.1 1.7
v 1.8 0.1 1.5
v 1.8 0.1 1.3
v 1.8 0.1 1.1
v 1.8 0.1 0.9
v 1.8 0.1 0.8
v 1.8 0.1 0.7
v 1.8 0.1 0.5
v 1.8 0.1 0.4
v 1.8 0.1 0.3
v 1.8 0.1 -0.2
v 1.8 0.1 -0.3
v 1.8 0.1 -0.4
v 2 -0.3 2
v 2 -0.3 -2
v 2 -0.1 2
v 2 -0.1 -2
v -2 -0.3 2
v -2 -0.1 2
v 2 -0.3 2
v 2 -0.1 2
v -0.9 -0.2 1.7
v -0.9 -0.1 1.7
v -0.8 -0.2 1.7
v -0.8 -0.1 1.7
v -0.7 -0.2 1.7
v -0.7 -0.1 1.7
v -0.6 -0.2 1.7
v -0.6 -0.1 1.7
v -0.5 -0.2 1.7
v -0.5 -0.1 1.7
v -0.4 -0.2 1.7
v -0.4 -0.1 1.7
v -0.3 -0.2 1.7
v -0.3 -0.1 1.7
v -0.2 -0.2 1.7
v -0.2 -0.1 1.7
v -0.1 -0.2 1.7
v -0.1 -0.1 1.7
v 0 -0.2 1.7
v 0 -0.1 1.7
v 0.0999999 -0.2 1.7
v 0.0999999 -0.1 1.7
v 0.2 -0.2 1.7
v 0.2 -0.1 1.7
v 0.7 -0.1 1.7
v 0.7 0 1.7
v 0.7 0.1 1.7
v 0.8 0 1.7
v 0.8 0.1 1.7
v 0.8 0.2 1.7
v 0.9 -0.1 1.7
v 0.9 0 1.7
v 0.9 0.1 1.7
v 0.9 0.2 1.7
v 0.9 0.3 1.7
v 1 0 1.7
v 1 0.1 1.7
v 1 0.2 1.7
v 1 0.3 1.7
v 1.1 0.1 1.7
v 1.1 0.2 1.7
v 1.1 0.3 1.7
v 1.2 0.1 1.7
v 1.2 0.2 1.7
v 1.2 0.3 1.7
v 1.3 0.2 1.7
v 1.3 0.3 1.7
v 1.4 0.2 1.7
v 1.4 0.3 1.7
v 1.5 0 1.7
v 1.5 0.1 1.7
v 1.6 -0.1 1.7
v 1.6 0 1.7
v 1.6 0.1 1.7
v 1.6 0.2 1.7
v 1.6 0.3 1.7
v 1.7 0.1 1.7
v 1.7 0.2 1.7
v 1.8 -0.1 1.7
v 1.8 0.1 1.7
v -1.8 -0.2 1.5
v -1.8 -0.1 1.5
v -1.7 -0.2 1.5
v -1.7 -0.1 1.5
v -1.5 -0.2 1.5
v -1.5 -0.1 1.5
v -1.4 -0.2 1.5
v -1.4 -0.1 1.5
v -0.9 -0.2 1.5
v -0.9 -0.1 1.5
v -0.8 -0.2 1.5
v -0.8 -0.1 1.5
v -0.7 -0.2 1.5
v -0.7 -0.1 1.5
v -0.6 -0.2 1.5
v -0.6 -0.1 1.5
v -0.5 -0.2 1.5
v -0.5 -0.1 1.5
v -0.4 -0.2 1.5
v -0.4 -0.1 1.5
v -0.3 -0.2 1.5
v -0.3 -0.1 1.5
v -0.2 -0.2 1.5
v -0.2 -0.1 1.5
v -0.1 -0.2 1.5
v -0.1 -0.1 1.5
v 0 -0.2 1.5
v 0 -0.1 1.5
v 0.0999999 -0.2 1.5
v 0.0999999 -0.1 1.5
v 0.2 -0.2 1.5
v 0.2 -0.1 1.5
v -1.7 -0.2 1.4
v -1.7 -0.1 1.4
v -1.5 -0.2 1.4
v -1.5 -0.1 1.4
v 0.7 -0.1 1.3
v 0.7 0 1.3
v 0.7 0.1 1.3
v 0.8 -0.1 1.3
v 0.8 0 1.3
v 0.8 0.1 1.3
v 0.8 0.2 1.3
v 0.9 -0.1 1.3
v 0.9 0 1.3
v 0.9 0.1 1.3
v 0.9 0.2 1.3
v 0.9 0.3 1.3
v 1 0 1.3
v 1 0.1 1.3
v 1 0.2 1.3
v 1 0.3 1.3
v 1.1 0.1 1.3
v 1.1 0.2 1.3
v 1.1 0.3 1.3
v 1.2 0.2 1.3
v 1.2 0.3 1.3
v 1.3 0.2 1.3
v 1.3 0.3 1.3
v 1.4 0.1 1.3
v 1.4 0.2 1.3
v 1.4 0.3 1.3
v 1.5 0 1.3
v 1.5 0.1 1.3
v 1.5 0.2 1.3
v 1.5 0.3 1.3
v 1.6 -0.1 1.3
v 1.6 0 1.3
v 1.6 0.1 1.3
v 1.6 0.2 1.3
v 1.6 0.3 1.3
v 1.7 -0.1 1.3
v 1.7 0 1.3
v 1.7 0.1 1.3
v 1.7 0.2 1.3
v 1.8 -0.1 1.3
v 1.8 0 1.3
v 1.8 0.1 1.3
v -0.8 -0.2 1.1
v -0.8 -0.1 1.1
v 0 -0.2 1.1
v 0 -0.1 1.1
v -1.8 -0.2 0.9
v -1.8 -0.1 0.9
v -1.7 -0.2 0.9
v -1.7 -0.1 0.9
v -1.5 -0.2 0.9
v -1.5 -0.1 0.9
v -1.4 -0.2 0.9
v -1.4 -0.1 0.9
v 0.7 -0.1 0.9
v 0.7 0 0.9
v 0.7 0.1 0.9
v 0.8 0 0.9
v 0.8 0.1 0.9
v 0.8 0.2 0.9
v 0.9 -0.1 0.9
v 0.9 0 0.9
v 0.9 0.1 0.9
v 0.9 0.2 0.9
v 0.9 0.3 0.9
v 1 0 0.9
v 1 0.1 0.9
v 1 0.2 0.9
v 1 0.3 0.9
v 1.1 0.1 0.9
v 1.1 0.2 0.9
v 1.2 0.1 0.9
v 1.2 0.2 0.9
v 1.2 0.3 0.9
v 1.3 0.1 0.9
v 1.3 0.2 0.9
v 1.3 0.3 0.9
v 1.4 0.1 0.9
v 1.4 0.2 0.9
v 1.4 0.3 0.9
v 1.5 0 0.9
v 1.5 0.1 0.9
v 1.6 -0.1 0.9
v 1.6 0 0.9
v 1.6 0.1 0.9
v 1.6 0.2 0.9
v 1.6 0.3 0.9
v 1.7 -0.1 0.9
v 1.7 0 0.9
v 1.7 0.1 0.9
v 1.7 0.2 0.9
v 1.8 -0.1 0.9
v 1.8 0 0.9
v 1.8 0.1 0.9
v -1.7 -0.2 0.8
v -1.7 -0.1 0.8
v -1.5 -0.2 0.8
v -1.5 -0.1 0.8
v -0.8 -0.2 0.5
v -0.8 -0.1 0.5
v 0 -0.2 0.5
v 0 -0.1 0.5
v 0.8 0 0.5
v 0.8 0.2 0.5
v 0.9 0 0.5
v 0.9 0.1 0.5
v 0.9 0.2 0.5
v 1 -0.1 0.5
v 1 0 0.5
v 1 0.1 0.5
v 1 0.2 0.5
v 1.1 -0.1 0.5
v 1.1 0 0.5
v 1.2 -0.1 0.5
v 1.2 0 0.5
v 1.2 0.1 0.5
v 1.3 -0.1 0.5
v 1.3 0 0.5
v 1.3 0.1 0.5
v 1.3 0.2 0.5
v 1.4 -0.1 0.5
v 1.4 0 0.5
v 1.4 0.1 0.5
v 1.4 0.2 0.5
v 1.5 0 0.5
v 1.5 0.1 0.5
v 1.5 0.2 0.5
v 1.6 -0.1 0.5
v 1.6 0 0.5
v 1.6 0.1 0.5
v 1.6 0.2 0.5
v 1.7 -0.1 0.5
v 1.7 0 0.5
v 1.7 0.1 0.5
v 1.7 0.2 0.5
v 1.8 -0.1 0.5
v 1.8 0 0.5
v 1.8 0.1 0.5
v -1.8 -0.2 0.3
v -1.8 -0.1 0.3
v -1.7 -0.2 0.3
v -1.7 -0.1 0.3
v -1.5 -0.2 0.3
v -1.5 -0.1 0.3
v -1.4 -0.2 0.3
v -1.4 -0.1 0.3
v 0.7 -0.2 0.3
v 0.7 -0.1 0.3
v 0.9 -0.2 0.3
v 0.9 -0.1 0.3
v -1.7 -0.2 0.2
v -1.7 -0.1 0.2
v -1.5 -0.2 0.2
v -1.5 -0.1 0.2
v -1.7 -0.1 0
v -1.7 0 0
v -1.5 -0.1 0
v -1.5 0 0
v -1.8 -0.1 -0.0999999
v -1.8 0 -0.0999999
v -1.7 -0.1 -0.0999999
v -1.7 0 -0.0999999
v -1.7 0.1 -0.0999999
v -1.5 -0.1 -0.0999999
v -1.5 0 -0.0999999
v -1.5 0.1 -0.0999999
v -1.4 -0.1 -0.0999999
v -1.4 0 -0.0999999
v 0.7 -0.2 -0.0999999
v 0.7 -0.1 -0.0999999
v 0.9 -0.2 -0.0999999
v 0.9 -0.1 -0.0999999
v 1.6 -0.2 -0.0999999
v 1.6 -0.1 -0.0999999
v 1.8 -0.2 -0.0999999
v 1.8 -0.1 -0.0999999
v 1.6 -0.1 -0.2
v 1.6 0.1 -0.2
v 1.8 -0.1 -0.2
v 1.8 0.1 -0.2
v -0.8 -0.2 -0.3
v -0.8 -0.1 -0.3
v 0 -0.2 -0.3
v 0 -0.1 -0.3
v 1.5 -0.1 -0.3
v 1.5 0 -0.3
v 1.5 0.1 -0.3
v 1.6 -0.1 -0.3
v 1.6 0 -0.3
v 1.6 0.1 -0.3
v 1 -0.1 -0.4
v 1 0 -0.4
v 1 0.1 -0.4
v 1.1 -0.1 -0.4
v 1.1 0 -0.4
v 1.1 0.1 -0.4
v 1.3 0 -0.4
v 1.3 0.1 -0.4
v 1.4 -0.1 -0.4
v 1.4 0 -0.4
v 1.5 -0.1 -0.4
v 1.5 0 -0.4
v 1.5 0.1 -0.4
v 0.5 -0.1 -0.5
v 0.5 0.1 -0.5
v 0.6 -0.1 -0.5
v 0.6 0.1 -0.5
v 0.7 -0.1 -0.5
v 0.7 0 -0.5
v 0.7 0.1 -0.5
v 0.8 -0.1 -0.5
v 0.8 0 -0.5
v 0.8 0.1 -0.5
v 0.9 -0.1 -0.5
v 0.9 0 -0.5
v 0.9 0.1 -0.5
v 1 -0.1 -0.5
v 1 0 -0.5
v 1 0.1 -0.5
v -0.9 -0.2 -0.7
v -0.9 -0.1 -0.7
v 0.0999999 -0.2 -0.7
v 0.0999999 -0.1 -0.7
v -1.9 -0.2 -1.1
v -1.9 -0.1 -1.1
v -1.8 -0.2 -1.1
v 0 -0.2 -1.1
v 0.0999999 -0.2 -1.1
v 0.0999999 -0.1 -1.1
v -1.9 -0.2 -1.3
v -1.9 -0.1 -1.3
v -1.1 -0.2 -1.3
v -0.9 -0.2 -1.3
v 0.0999999 -0.2 -1.3
v 0.0999999 -0.1 -1.3
v -1.9 -0.2 -1.5
v -1.9 -0.1 -1.5
v -1.6 -0.2 -1.5
v -1.5 -0.2 -1.5
v 0.0999999 -0.2 -1.5
v 0.0999999 -0.1 -1.5
v 0.7 -0.1 -1.5
v 0.7 0 -1.5
v 0.8 -0.1 -1.5
v 0.8 0 -1.5
v 1.5 -0.1 -1.5
v 1.5 0 -1.5
v 1.6 -0.1 -1.5
v 1.6 0 -1.5
v 1.7 -0.1 -1.5
v 1.7 0 -1.5
v 1.8 -0.1 -1.5
v 1.8 0 -1.5
v 0.9 -0.2 -1.6
v 0.9 -0.1 -1.6
v 0.9 0 -1.6
v 1 -0.2 -1.6
v 1 -0.1 -1.6
v 1 0 -1.6
v 1.1 -0.2 -1.6
v 1.1 -0.1 -1.6
v 1.1 0 -1.6
v 1.2 -0.2 -1.6
v 1.2 -0.1 -1.6
v 1.2 0 -1.6
v -1.9 -0.2 -1.7
v -1.9 -0.1 -1.7
v -0.7 -0.2 -1.7
v -0.4 -0.2 -1.7
v 0.0999999 -0.2 -1.7
v 0.0999999 -0.1 -1.7
v 1.3 -0.2 -1.7
v 1.3 -0.1 -1.7
v 1.3 0 -1.7
v 1.4 -0.2 -1.7
v 1.4 -0.1 -1.7
v 1.4 0 -1.7
v 0.7 -0.2 -1.8
v 0.7 -0.1 -1.8
v 0.8 -0.2 -1.8
v 0.8 -0.1 -1.8
v 0.9 -0.2 -1.8
v 0.9 -0.1 -1.8
v 1 -0.2 -1.8
v 1 -0.1 -1.8
v 1.1 -0.2 -1.8
v 1.1 -0.1 -1.8
v 1.2 -0.2 -1.8
v 1.2 -0.1 -1.8
v 1.5 -0.2 -1.8
v 1.5 -0.1 -1.8
v 1.6 -0.2 -1.8
v 1.6 -0.1 -1.8
v 1.7 -0.2 -1.8
v 1.7 -0.1 -1.8
v 1.8 -0.2 -1.8
v 1.8 -0.1 -1.8
v -1.9 -0.2 -1.9
v -1.9 -0.1 -1.9
v -0.1 -0.2 -1.9
v 0 -0.2 -1.9
v 0.0999999 -0.2 -1.9
v 0.0999999 -0.1 -1.9
v -1.7 -0.2 1.8
v -1.7 -0.1 1.8
v -1.5 -0.2 1.8
v -1.5 -0.1 1.8
v -0.9 -0.2 1.8
v -0.9 -0.1 1.8
v -0.8 -0.2 1.8
v -0.8 -0.1 1.8
v -0.7 -0.2 1.8
v -0.7 -0.1 1.8
v -0.6 -0.2 1.8
v -0.6 -0.1 1.8
v -0.5 -0.2 1.8
v -0.5 -0.1 1.8
v -0.4 -0.2 1.8
v -0.4 -0.1 1.8
v -0.3 -0.2 1.8
v -0.3 -0.1 1.8
v -0.2 -0.2 1.8
v -0.2 -0.1 1.8
v -0.1 -0.2 1.8
v -0.1 -0.1 1.8
v 0 -0.2 1.8
v 0 -0.1 1.8
v 0.0999999 -0.2 1.8
v 0.0999999 -0.1 1.8
v 0.2 -0.2 1.8
v 0.2 -0.1 1.8
v -1.8 -0.2 1.7
v -1.8 -0.1 1.7
v -1.7 -0.2 1.7
v -1.7 -0.1 1.7
v -1.5 -0.2 1.7
v -1.5 -0.1 1.7
v -1.4 -0.2 1.7
v -1.4 -0.1 1.7
v -0.9 -0.2 1.6
v -0.9 -0.1 1.6
v -0.8 -0.2 1.6
v -0.8 -0.1 1.6
v -0.7 -0.2 1.6
v -0.7 -0.1 1.6
v -0.6 -0.2 1.6
v -0.6 -0.1 1.6
v -0.5 -0.2 1.6
v -0.5 -0.1 1.6
v -0.4 -0.2 1.6
v -0.4 -0.1 1.6
v -0.3 -0.2 1.6
v -0.3 -0.1 1.6
v -0.2 -0.2 1.6
v -0.2 -0.1 1.6
v -0.1 -0.2 1.6
v -0.1 -0.1 1.6
v 0 -0.2 1.6
v 0 -0.1 1.6
v 0.0999999 -0.2 1.6
v 0.0999999 -0.1 1.6
v 0.2 -0.2 1.6
v 0.2 -0.1 1.6
v 0.7 -0.1 1.5
v 0.7 0.1 1.5
v 0.8 -0.1 1.5
v 0.8 0 1.5
v 0.8 0.1 1.5
v 0.8 0.2 1.5
v 0.9 -0.1 1.5
v 0.9 0 1.5
v 0.9 0.1 1.5
v 0.9 0.2 1.5
v 0.9 0.3 1.5
v 1 0 1.5
v 1 0.1 1.5
v 1 0.2 1.5
v 1 0.3 1.5
v 1.1 0.1 1.5
v 1.1 0.2 1.5
v 1.1 0.3 1.5
v 1.2 0.1 1.5
v 1.2 0.2 1.5
v 1.3 0.1 1.5
v 1.3 0.2 1.5
v 1.3 0.3 1.5
v 1.4 0.1 1.5
v 1.4 0.2 1.5
v 1.4 0.3 1.5
v 1.5 0 1.5
v 1.5 0.1 1.5
v 1.5 0.2 1.5
v 1.6 -0.1 1.5
v 1.6 0 1.5
v 1.6 0.1 1.5
v 1.6 0.2 1.5
v 1.6 0.3 1.5
v 1.7 -0.1 1.5
v 1.7 0 1.5
v 1.7 0.1 1.5
v 1.7 0.2 1.5
v 1.8 -0.1 1.5
v 1.8 0 1.5
v 1.8 0.1 1.5
v -1.7 -0.2 1.2
v -1.7 -0.1 1.2
v -1.5 -0.2 1.2
v -1.5 -0.1 1.2
v -0.9 -0.2 1.2
v -0.9 -0.1 1.2
v 0.0999999 -0.2 1.2
v 0.0999999 -0.1 1.2
v -1.8 -0.2 1.1
v -1.8 -0.1 1.1
v -1.7 -0.2 1.1
v -1.7 -0.1 1.1
v -1.5 -0.2 1.1
v -1.5 -0.1 1.1
v -1.4 -0.2 1.1
v -1.4 -0.1 1.1
v 0.7 -0.1 1.1
v 0.7 0.1 1.1
v 0.8 -0.1 1.1
v 0.8 0 1.1
v 0.8 0.1 1.1
v 0.8 0.2 1.1
v 0.9 -0.1 1.1
v 0.9 0 1.1
v 0.9 0.1 1.1
v 0.9 0.2 1.1
v 0.9 0.3 1.1
v 1 0 1.1
v 1 0.1 1.1
v 1 0.2 1.1
v 1.1 0.1 1.1
v 1.1 0.2 1.1
v 1.2 0.1 1.1
v 1.2 0.2 1.1
v 1.2 0.3 1.1
v 1.3 0.1 1.1
v 1.3 0.2 1.1
v 1.3 0.3 1.1
v 1.4 0.1 1.1
v 1.4 0.2 1.1
v 1.4 0.3 1.1
v 1.5 0 1.1
v 1.5 0.1 1.1
v 1.5 0.2 1.1
v 1.5 0.3 1.1
v 1.6 -0.1 1.1
v 1.6 0 1.1
v 1.6 0.1 1.1
v 1.6 0.2 1.1
v 1.6 0.3 1.1
v 1.7 -0.1 1.1
v 1.7 0 1.1
v 1.7 0.1 1.1
v 1.7 0.2 1.1
v 1.8 -0.1 1.1
v 1.8 0 1.1
v 1.8 0.1 1.1
v -0.8 -0.2 1
v -0.8 -0.1 1
v 0 -0.2 1
v 0 -0.1 1
v 0.7 -0.1 0.7
v 0.7 0.1 0.7
v 0.8 0 0.7
v 0.8 0.1 0.7
v 0.8 0.2 0.7
v 0.9 -0.1 0.7
v 0.9 0 0.7
v 0.9 0.1 0.7
v 0.9 0.2 0.7
v 0.9 0.3 0.7
v 1 0 0.7
v 1 0.1 0.7
v 1 0.2 0.7
v 1 0.3 0.7
v 1.1 0.1 0.7
v 1.1 0.2 0.7
v 1.1 0.3 0.7
v 1.2 0.1 0.7
v 1.2 0.2 0.7
v 1.2 0.3 0.7
v 1.3 0.1 0.7
v 1.3 0.3 0.7
v 1.5 0 0.7
v 1.5 0.1 0.7
v 1.5 0.3 0.7
v 1.6 -0.1 0.7
v 1.6 0 0.7
v 1.6 0.1 0.7
v 1.6 0.2 0.7
v 1.6 0.3 0.7
v 1.7 -0.1 0.7
v 1.7 0 0.7
v 1.7 0.1 0.7
v 1.7 0.2 0.7
v 1.8 -0.1 0.7
v 1.8 0 0.7
v 1.8 0.1 0.7
v -1.7 -0.2 0.6
v -1.7 -0.1 0.6
v -1.5 -0.2 0.6
v -1.5 -0.1 0.6
v -1.8 -0.2 0.5
v -1.8 -0.1 0.5
v -1.7 -0.2 0.5
v -1.7 -0.1 0.5
v -1.5 -0.2 0.5
v -1.5 -0.1 0.5
v -1.4 -0.2 0.5
v -1.4 -0.1 0.5
v 0.7 -0.2 0.5
v 0.7 -0.1 0.5
v 0.9 -0.2 0.5
v 0.9 -0.1 0.5
v -0.8 -0.2 0.4
v -0.8 -0.1 0.4
v 0 -0.2 0.4
v 0 -0.1 0.4
v 0.8 0 0.3
v 0.8 0.2 0.3
v 0.9 0 0.3
v 0.9 0.1 0.3
v 0.9 0.2 0.3
v 1 -0.1 0.3
v 1 0 0.3
v 1 0.1 0.3
v 1 0.2 0.3
v 1.1 -0.1 0.3
v 1.1 0 0.3
v 1.2 0 0.3
v 1.2 0.1 0.3
v 1.3 -0.1 0.3
v 1.3 0 0.3
v 1.3 0.1 0.3
v 1.3 0.2 0.3
v 1.4 -0.1 0.3
v 1.4 0 0.3
v 1.4 0.1 0.3
v 1.4 0.2 0.3
v 1.5 0.1 0.3
v 1.5 0.2 0.3
v 1.6 -0.1 0.3
v 1.6 0 0.3
v 1.6 0.1 0.3
v 1.6 0.2 0.3
v 1.7 -0.1 0.3
v 1.7 0 0.3
v 1.7 0.1 0.3
v 1.7 0.2 0.3
v 1.8 -0.1 0.3
v 1.8 0 0.3
v 1.8 0.1 0.3
v 0.7 -0.2 0.1
v 0.7 -0.1 0.1
v 0.9 -0.2 0.1
v 0.9 -0.1 0.1
v 1.6 -0.2 0.1
v 1.6 -0.1 0.1
v 1.8 -0.2 0.1
v 1.8 -0.1 0.1
v -1.8 -0.1 -0.3
v -1.8 0 -0.3
v -1.7 -0.1 -0.3
v -1.7 0 -0.3
v -1.7 0.1 -0.3
v -1.5 -0.1 -0.3
v -1.5 0 -0.3
v -1.5 0.1 -0.3
v -1.4 -0.1 -0.3
v -1.4 0 -0.3
v -1.7 -0.1 -0.4
v -1.7 0 -0.4
v -1.5 -0.1 -0.4
v -1.5 0 -0.4
v -0.8 -0.2 -0.4
v -0.8 -0.1 -0.4
v 0 -0.2 -0.4
v 0 -0.1 -0.4
v 1.7 -0.1 -0.4
v 1.7 0 -0.4
v 1.7 0.1 -0.4
v 1.8 -0.1 -0.4
v 1.8 0 -0.4
v 1.8 0.1 -0.4
v 1.6 -0.1 -0.5
v 1.6 0 -0.5
v 1.6 0.1 -0.5
v 1.7 -0.1 -0.5
v 1.7 0 -0.5
v 1.7 0.1 -0.5
v 1.1 -0.1 -0.6
v 1.1 0 -0.6
v 1.1 0.1 -0.6
v 1.2 -0.1 -0.6
v 1.2 0 -0.6
v 1.2 0.1 -0.6
v 1.3 -0.1 -0.6
v 1.3 0 -0.6
v 1.3 0.1 -0.6
v 1.4 -0.1 -0.6
v 1.4 0 -0.6
v 1.4 0.1 -0.6
v 1.6 -0.1 -0.6
v 1.6 0 -0.6
v 1.6 0.1 -0.6
v 0.5 -0.1 -0.7
v 0.5 0.1 -0.7
v 0.6 -0.1 -0.7
v 0.6 0 -0.7
v 0.6 0.1 -0.7
v 0.7 -0.1 -0.7
v 0.7 0 -0.7
v 0.7 0.1 -0.7
v 0.8 0 -0.7
v 0.8 0.1 -0.7
v 0.9 -0.1 -0.7
v 0.9 0 -0.7
v 1 -0.1 -0.7
v 1 0 -0.7
v 1 0.1 -0.7
v 1.1 -0.1 -0.7
v 1.1 0 -0.7
v 1.1 0.1 -0.7
v -1.9 -0.2 -1
v -1.9 -0.1 -1
v -1.8 -0.2 -1
v 0 -0.2 -1
v 0.0999999 -0.2 -1
v 0.0999999 -0.1 -1
v -1.9 -0.2 -1.2
v -1.9 -0.1 -1.2
v -1.1 -0.2 -1.2
v -0.9 -0.2 -1.2
v 0.0999999 -0.2 -1.2
v 0.0999999 -0.1 -1.2
v -1.9 -0.2 -1.4
v -1.9 -0.1 -1.4
v -1.6 -0.2 -1.4
v -1.5 -0.2 -1.4
v 0.0999999 -0.2 -1.4
v 0.0999999 -0.1 -1.4
v 0.9 -0.2 -1.5
v 0.9 -0.1 -1.5
v 1 -0.2 -1.5
v 1 -0.1 -1.5
v 1.1 -0.2 -1.5
v 1.1 -0.1 -1.5
v 1.2 -0.2 -1.5
v 1.2 -0.1 -1.5
v 1.3 -0.2 -1.5
v 1.3 -0.1 -1.5
v 1.4 -0.2 -1.5
v 1.4 -0.1 -1.5
v -1.9 -0.2 -1.6
v -1.9 -0.1 -1.6
v -0.7 -0.2 -1.6
v -0.4 -0.2 -1.6
v 0.0999999 -0.2 -1.6
v 0.0999999 -0.1 -1.6
v 0.7 -0.2 -1.6
v 0.7 -0.1 -1.6
v 0.7 0 -1.6
v 0.8 -0.2 -1.6
v 0.8 -0.1 -1.6
v 0.8 0 -1.6
v 1.5 -0.2 -1.6
v 1.5 -0.1 -1.6
v 1.5 0 -1.6
v 1.6 -0.2 -1.6
v 1.6 -0.1 -1.6
v 1.6 0 -1.6
v 1.7 -0.2 -1.6
v 1.7 -0.1 -1.6
v 1.7 0 -1.6
v 1.8 -0.2 -1.6
v 1.8 -0.1 -1.6
v 1.8 0 -1.6
v 0.9 -0.2 -1.7
v 0.9 -0.1 -1.7
v 0.9 0 -1.7
v 1 -0.2 -1.7
v 1 -0.1 -1.7
v 1 0 -1.7
v 1.1 -0.2 -1.7
v 1.1 -0.1 -1.7
v 1.1 0 -1.7
v 1.2 -0.2 -1.7
v 1.2 -0.1 -1.7
v 1.2 0 -1.7
v -1.9 -0.2 -1.8
v -1.9 -0.1 -1.8
v -0.1 -0.2 -1.8
v 0 -0.2 -1.8
v 0.0999999 -0.2 -1.8
v 0.0999999 -0.1 -1.8
v 1.3 -0.1 -1.8
v 1.3 0 -1.8
v 1.4 -0.1 -1.8
v 1.4 0 -1.8
v -2 -0.3 -2
v -2 -0.1 -2
v 2 -0.3 -2
v 2 -0.1 -2
v -2 -0.3 2
v 2 -0.3 2
v -1.7 -0.3 1.8
v -1.5 -0.3 1.8
v -0.9 -0.3 1.8
v -0.8 -0.3 1.8
v -0.5 -0.3 1.8
v -0.4 -0.3 1.8
v 0.0999999 -0.3 1.8
v 0.2 -0.3 1.8
v -1.8 -0.3 1.7
v -1.7 -0.3 1.7
v -1.5 -0.3 1.7
v -1.4 -0.3 1.7
v -0.9 -0.3 1.7
v -0.8 -0.3 1.7
v -0.5 -0.3 1.7
v -0.4 -0.3 1.7
v 0.0999999 -0.3 1.7
v 0.2 -0.3 1.7
v -0.9 -0.3 1.6
v -0.8 -0.3 1.6
v -0.3 -0.3 1.6
v -0.2 -0.3 1.6
v 0.0999999 -0.3 1.6
v 0.2 -0.3 1.6
v -1.8 -0.3 1.5
v -1.7 -0.3 1.5
v -1.5 -0.3 1.5
v -1.4 -0.3 1.5
v -0.9 -0.3 1.5
v -0.8 -0.3 1.5
v -0.3 -0.3 1.5
v -0.2 -0.3 1.5
v 0.0999999 -0.3 1.5
v 0.2 -0.3 1.5
v -1.7 -0.3 1.4
v -1.5 -0.3 1.4
v -1.7 -0.3 1.2
v -1.5 -0.3 1.2
v -1.8 -0.3 1.1
v -1.7 -0.3 1.1
v -1.5 -0.3 1.1
v -1.4 -0.3 1.1
v -0.8 -0.3 1.1
v 0 -0.3 1.1
v -0.8 -0.3 1
v 0 -0.3 1
v -1.8 -0.3 0.9
v -1.7 -0.3 0.9
v -1.5 -0.3 0.9
v -1.4 -0.3 0.9
v -0.8 -0.3 0.9
v 0 -0.3 0.9
v -1.7 -0.3 0.8
v -1.5 -0.3 0.8
v -0.8 -0.3 0.8
v 0 -0.3 0.8
v -0.8 -0.3 0.7
v 0 -0.3 0.7
v -1.7 -0.3 0.6
v -1.5 -0.3 0.6
v -0.8 -0.3 0.6
v 0 -0.3 0.6
v -1.8 -0.3 0.5
v -1.7 -0.3 0.5
v -1.5 -0.3 0.5
v -1.4 -0.3 0.5
v -0.8 -0.3 0.5
v 0 -0.3 0.5
v 0.7 -0.3 0.5
v 0.9 -0.3 0.5
v -0.8 -0.3 0.4
v 0 -0.3 0.4
v -1.8 -0.3 0.3
v -1.7 -0.3 0.3
v -1.5 -0.3 0.3
v -1.4 -0.3 0.3
v -0.8 -0.3 0.3
v 0 -0.3 0.3
v 0.7 -0.3 0.3
v 0.9 -0.3 0.3
v -1.7 -0.3 0.2
v -1.5 -0.3 0.2
v -0.8 -0.3 0.2
v 0 -0.3 0.2
v -0.8 -0.3 0.1
v 0 -0.3 0.1
v 0.7 -0.3 0.1
v 0.9 -0.3 0.1
v 1.6 -0.3 0.1
v 1.8 -0.3 0.1
v -1.7 -0.3 0
v -1.5 -0.3 0
v -0.8 -0.3 0
v 0 -0.3 0
v -1.8 -0.3 -0.0999999
v -1.7 -0.3 -0.0999999
v -1.5 -0.3 -0.0999999
v -1.4 -0.3 -0.0999999
v -0.8 -0.3 -0.0999999
v 0 -0.3 -0.0999999
v 0.7 -0.3 -0.0999999
v 0.9 -0.3 -0.0999999
v 1.6 -0.3 -0.0999999
v 1.8 -0.3 -0.0999999
v -0.8 -0.3 -0.2
v 0 -0.3 -0.2
v -1.8 -0.3 -0.3
v -1.7 -0.3 -0.3
v -1.5 -0.3 -0.3
v -1.4 -0.3 -0.3
v -0.8 -0.3 -0.3
v 0 -0.3 -0.3
v -1.7 -0.3 -0.4
v -1.5 -0.3 -0.4
v -0.8 -0.3 -0.4
v 0 -0.3 -0.4
v -0.8 -0.3 -0.5
v 0 -0.3 -0.5
v -0.8 -0.3 -0.6
v 0 -0.3 -0.6
v -1.9 -0.3 -1
v -1.8 -0.3 -1
v 0 -0.3 -1
v 0.0999999 -0.3 -1
v -1.9 -0.3 -1.1
v -1.8 -0.3 -1.1
v 0 -0.3 -1.1
v 0.0999999 -0.3 -1.1
v -1.1 -0.3 -1.2
v -0.9 -0.3 -1.2
v -1.1 -0.3 -1.3
v -0.9 -0.3 -1.3
v -1.6 -0.3 -1.4
v -1.5 -0.3 -1.4
v -1.6 -0.3 -1.5
v -1.5 -0.3 -1.5
v 0.7 -0.3 -1.5
v 0.8 -0.3 -1.5
v 0.9 -0.3 -1.5
v 1 -0.3 -1.5
v 1.1 -0.3 -1.5
v 1.2 -0.3 -1.5
v 1.3 -0.3 -1.5
v 1.4 -0.3 -1.5
v 1.5 -0.3 -1.5
v 1.6 -0.3 -1.5
v 1.7 -0.3 -1.5
v 1.8 -0.3 -1.5
v -0.7 -0.3 -1.6
v -0.4 -0.3 -1.6
v -0.7 -0.3 -1.7
v -0.4 -0.3 -1.7
v -0.1 -0.3 -1.8
v 0 -0.3 -1.8
v 0.7 -0.3 -1.8
v 0.8 -0.3 -1.8
v 0.9 -0.3 -1.8
v 1 -0.3 -1.8
v 1.1 -0.3 -1.8
v 1.2 -0.3 -1.8
v 1.3 -0.3 -1.8
v 1.4 -0.3 -1.8
v 1.5 -0.3 -1.8
v 1.6 -0.3 -1.8
v 1.7 -0.3 -1.8
v 1.8 -0.3 -1.8
v -0.1 -0.3 -1.9
v 0 -0.3 -1.9
v -2 -0.3 -2
v 2 -0.3 -2
v 0.9 0 1.7
v 1 0 1.7
v 1.5 0 1.7
v 1.6 0 1.7
v 0.9 0 1.6
v 1 0 1.6
v 1.6 0 1.6
v 0.9 0 1.5
v 1 0 1.5
v 1.5 0 1.5
v 1.6 0 1.5
v 0.9 0 1.3
v 1 0 1.3
v 1.5 0 1.3
v 1.6 0 1.3
v 0.9 0 1.2
v 1 0 1.2
v 1.5 0 1.2
v 1.6 0 1.2
v 0.9 0 1.1
v 1 0 1.1
v 1.5 0 1.1
v 1.6 0 1.1
v 0.9 0 0.9
v 1 0 0.9
v 1.5 0 0.9
v 1.6 0 0.9
v 0.9 0 0.8
v 1 0 0.8
v 1.6 0 0.8
v 0.9 0 0.7
v 1 0 0.7
v 1.5 0 0.7
v 1.6 0 0.7
v 0.8 0 0.5
v 0.9 0 0.5
v 1 0 0.5
v 1.4 0 0.5
v 1.5 0 0.5
v 1.6 0 0.5
v 0.9 0 0.4
v 1 0 0.4
v 1.4 0 0.4
v 1.5 0 0.4
v 1.6 0 0.4
v 0.8 0 0.3
v 0.9 0 0.3
v 1 0 0.3
v 1.4 0 0.3
v 1.6 0 0.3
v 1 0.1 1.7
v 1.1 0.1 1.7
v 1.2 0.1 1.7
v 1.5 0.1 1.7
v 1 0.1 1.6
v 1.1 0.1 1.6
v 1.2 0.1 1.6
v 1.3 0.1 1.6
v 1.4 0.1 1.6
v 1 0.1 1.5
v 1.1 0.1 1.5
v 1.2 0.1 1.5
v 1.3 0.1 1.5
v 1.4 0.1 1.5
v 1.5 0.1 1.5
v 1 0.1 1.3
v 1.1 0.1 1.3
v 1.4 0.1 1.3
v 1.5 0.1 1.3
v 1 0.1 1.2
v 1.1 0.1 1.2
v 1.2 0.1 1.2
v 1.3 0.1 1.2
v 1.4 0.1 1.2
v 1.5 0.1 1.2
v 1 0.1 1.1
v 1.1 0.1 1.1
v 1.2 0.1 1.1
v 1.3 0.1 1.1
v 1.4 0.1 1.1
v 1.5 0.1 1.1
v 1 0.1 0.9
v 1.1 0.1 0.9
v 1.2 0.1 0.9
v 1.3 0.1 0.9
v 1.4 0.1 0.9
v 1.5 0.1 0.9
v 1 0.1 0.8
v 1.1 0.1 0.8
v 1.2 0.1 0.8
v 1.3 0.1 0.8
v 1.4 0.1 0.8
v 1.5 0.1 0.8
v 1 0.1 0.7
v 1.1 0.1 0.7
v 1.2 0.1 0.7
v 1.3 0.1 0.7
v 1.5 0.1 0.7
v -1.7 -0.2 1.8
v -1.5 -0.2 1.8
v -0.9 -0.2 1.8
v -0.8 -0.2 1.8
v -0.7 -0.2 1.8
v -0.6 -0.2 1.8
v -0.5 -0.2 1.8
v -0.4 -0.2 1.8
v -0.3 -0.2 1.8
v -0.2 -0.2 1.8
v -0.1 -0.2 1.8
v 0 -0.2 1.8
v 0.0999999 -0.2 1.8
v 0.2 -0.2 1.8
v -1.8 -0.2 1.7
v -1.7 -0.2 1.7
v -1.5 -0.2 1.7
v -1.4 -0.2 1.7
v -0.9 -0.2 1.7
v -0.8 -0.2 1.7
v -0.7 -0.2 1.7
v -0.6 -0.2 1.7
v -0.5 -0.2 1.7
v -0.4 -0.2 1.7
v -0.3 -0.2 1.7
v -0.2 -0.2 1.7
v -0.1 -0.2 1.7
v 0 -0.2 1.7
v 0.0999999 -0.2 1.7
v 0.2 -0.2 1.7
v -0.9 -0.2 1.6
v -0.8 -0.2 1.6
v -0.7 -0.2 1.6
v -0.6 -0.2 1.6
v -0.5 -0.2 1.6
v -0.4 -0.2 1.6
v -0.3 -0.2 1.6
v -0.2 -0.2 1.6
v -0.1 -0.2 1.6
v 0 -0.2 1.6
v 0.0999999 -0.2 1.6
v 0.2 -0.2 1.6
v -1.8 -0.2 1.5
v -1.7 -0.2 1.5
v -1.5 -0.2 1.5
v -1.4 -0.2 1.5
v -0.9 -0.2 1.5
v -0.8 -0.2 1.5
v -0.7 -0.2 1.5
v -0.6 -0.2 1.5
v -0.5 -0.2 1.5
v -0.4 -0.2 1.5
v -0.3 -0.2 1.5
v -0.2 -0.2 1.5
v -0.1 -0.2 1.5
v 0 -0.2 1.5
v 0.0999999 -0.2 1.5
v 0.2 -0.2 1.5
v -1.7 -0.2 1.4
v -1.5 -0.2 1.4
v -1.7 -0.2 1.2
v -1.5 -0.2 1.2
v -0.9 -0.2 1.2
v 0.0999999 -0.2 1.2
v -1.8 -0.2 1.1
v -1.7 -0.2 1.1
v -1.5 -0.2 1.1
v -1.4 -0.2 1.1
v -0.8 -0.2 1.1
v 0 -0.2 1.1
v -0.8 -0.2 1
v 0 -0.2 1
v -1.8 -0.2 0.9
v -1.7 -0.2 0.9
v -1.5 -0.2 0.9
v -1.4 -0.2 0.9
v -0.8 -0.2 0.9
v 0 -0.2 0.9
v -1.7 -0.2 0.8
v -1.5 -0.2 0.8
v -0.8 -0.2 0.8
v 0 -0.2 0.8
v -0.8 -0.2 0.7
v 0 -0.2 0.7
v -1.7 -0.2 0.6
v -1.5 -0.2 0.6
v -0.8 -0.2 0.6
v 0 -0.2 0.6
v -1.8 -0.2 0.5
v -1.7 -0.2 0.5
v -1.5 -0.2 0.5
v -1.4 -0.2 0.5
v -0.8 -0.2 0.5
v 0 -0.2 0.5
v 0.7 -0.2 0.5
v 0.9 -0.2 0.5
v -0.8 -0.2 0.4
v 0 -0.2 0.4
v -1.8 -0.2 0.3
v -1.7 -0.2 0.3
v -1.5 -0.2 0.3
v -1.4 -0.2 0.3
v -0.8 -0.2 0.3
v 0 -0.2 0.3
v 0.7 -0.2 0.3
v 0.9 -0.2 0.3
v -1.7 -0.2 0.2
v -1.5 -0.2 0.2
v -0.8 -0.2 0.2
v 0 -0.2 0.2
v -0.8 -0.2 0.1
v 0 -0.2 0.1
v 0.7 -0.2 0.1
v 0.9 -0.2 0.1
v 1.6 -0.2 0.1
v 1.8 -0.2 0.1
v -0.8 -0.2 0
v 0 -0.2 0
v -0.8 -0.2 -0.0999999
v 0 -0.2 -0.0999999
v 0.7 -0.2 -0.0999999
v 0.9 -0.2 -0.0999999
v 1.6 -0.2 -0.0999999
v 1.8 -0.2 -0.0999999
v -0.8 -0.2 -0.2
v 0 -0.2 -0.2
v -0.8 -0.2 -0.3
v 0 -0.2 -0.3
v -0.8 -0.2 -0.4
v 0 -0.2 -0.4
v -0.8 -0.2 -0.5
v 0 -0.2 -0.5
v -0.8 -0.2 -0.6
v 0 -0.2 -0.6
v -0.9 -0.2 -0.7
v 0.0999999 -0.2 -0.7
v -1.9 -0.2 -1
v -1.8 -0.2 -1
v 0 -0.2 -1
v 0.0999999 -0.2 -1
v -1.9 -0.2 -1.1
v -1.8 -0.2 -1.1
v 0 -0.2 -1.1
v 0.0999999 -0.2 -1.1
v -1.9 -0.2 -1.2
v -1.1 -0.2 -1.2
v -0.9 -0.2 -1.2
v 0.0999999 -0.2 -1.2
v -1.9 -0.2 -1.3
v -1.1 -0.2 -1.3
v -0.9 -0.2 -1.3
v 0.0999999 -0.2 -1.3
v -1.9 -0.2 -1.4
v -1.6 -0.2 -1.4
v -1.5 -0.2 -1.4
v 0.0999999 -0.2 -1.4
v -1.9 -0.2 -1.5
v -1.6 -0.2 -1.5
v -1.5 -0.2 -1.5
v 0.0999999 -0.2 -1.5
v 0.9 -0.2 -1.5
v 1 -0.2 -1.5
v 1.1 -0.2 -1.5
v 1.2 -0.2 -1.5
v 1.3 -0.2 -1.5
v 1.4 -0.2 -1.5
v -1.9 -0.2 -1.6
v -0.7 -0.2 -1.6
v -0.4 -0.2 -1.6
v 0.0999999 -0.2 -1.6
v 0.7 -0.2 -1.6
v 0.8 -0.2 -1.6
v 0.9 -0.2 -1.6
v 1 -0.2 -1.6
v 1.1 -0.2 -1.6
v 1.2 -0.2 -1.6
v 1.5 -0.2 -1.6
v 1.6 -0.2 -1.6
v 1.7 -0.2 -1.6
v 1.8 -0.2 -1.6
v -1.9 -0.2 -1.7
v -0.7 -0.2 -1.7
v -0.4 -0.2 -1.7
v 0.0999999 -0.2 -1.7
v 0.9 -0.2 -1.7
v 1 -0.2 -1.7
v 1.1 -0.2 -1.7
v 1.2 -0.2 -1.7
v 1.3 -0.2 -1.7
v 1.4 -0.2 -1.7
v -1.9 -0.2 -1.8
v -0.1 -0.2 -1.8
v 0 -0.2 -1.8
v 0.0999999 -0.2 -1.8
v 0.7 -0.2 -1.8
v 0.8 -0.2 -1.8
v 0.9 -0.2 -1.8
v 1 -0.2 -1.8
v 1.1 -0.2 -1.8
v 1.2 -0.2 -1.8
v 1.5 -0.2 -1.8
v 1.6 -0.2 -1.8
v 1.7 -0.2 -1.8
v 1.8 -0.2 -1.8
v -1.9 -0.2 -1.9
v -0.1 -0.2 -1.9
v 0 -0.2 -1.9
v 0.0999999 -0.2 -1.9
v -2 -0.1 2
v 2 -0.1 2
v -1.7 -0.1 1.8
v -1.5 -0.1 1.8
v -0.9 -0.1 1.8
v -0.8 -0.1 1.8
v -0.7 -0.1 1.8
v -0.6 -0.1 1.8
v -0.5 -0.1 1.8
v -0.4 -0.1 1.8
v -0.3 -0.1 1.8
v -0.2 -0.1 1.8
v -0.1 -0.1 1.8
v 0 -0.1 1.8
v 0.0999999 -0.1 1.8
v 0.2 -0.1 1.8
v -1.8 -0.1 1.7
v -1.7 -0.1 1.7
v -1.5 -0.1 1.7
v -1.4 -0.1 1.7
v -0.9 -0.1 1.7
v -0.8 -0.1 1.7
v -0.7 -0.1 1.7
v -0.6 -0.1 1.7
v -0.5 -0.1 1.7
v -0.4 -0.1 1.7
v -0.3 -0.1 1.7
v -0.2 -0.1 1.7
v -0.1 -0.1 1.7
v 0 -0.1 1.7
v 0.0999999 -0.1 1.7
v 0.2 -0.1 1.7
v 0.7 -0.1 1.7
v 0.9 -0.1 1.7
v 1.6 -0.1 1.7
v 1.8 -0.1 1.7
v -0.9 -0.1 1.6
v -0.8 -0.1 1.6
v -0.7 -0.1 1.6
v -0.6 -0.1 1.6
v -0.5 -0.1 1.6
v -0.4 -0.1 1.6
v -0.3 -0.1 1.6
v -0.2 -0.1 1.6
v -0.1 -0.1 1.6
v 0 -0.1 1.6
v 0.0999999 -0.1 1.6
v 0.2 -0.1 1.6
v 0.7 -0.1 1.6
v 1.6 -0.1 1.6
v 1.8 -0.1 1.6
v -1.8 -0.1 1.5
v -1.7 -0.1 1.5
v -1.5 -0.1 1.5
v -1.4 -0.1 1.5
v -0.9 -0.1 1.5
v -0.8 -0.1 1.5
v -0.7 -0.1 1.5
v -0.6 -0.1 1.5
v -0.5 -0.1 1.5
v -0.4 -0.1 1.5
v -0.3 -0.1 1.5
v -0.2 -0.1 1.5
v -0.1 -0.1 1.5
v 0 -0.1 1.5
v 0.0999999 -0.1 1.5
v 0.2 -0.1 1.5
v 0.7 -0.1 1.5
v 0.8 -0.1 1.5
v 0.9 -0.1 1.5
v 1.6 -0.1 1.5
v 1.7 -0.1 1.5
v 1.8 -0.1 1.5
v -1.7 -0.1 1.4
v -1.5 -0.1 1.4
v 0.7 -0.1 1.3
v 0.8 -0.1 1.3
v 0.9 -0.1 1.3
v 1.6 -0.1 1.3
v 1.7 -0.1 1.3
v 1.8 -0.1 1.3
v -1.7 -0.1 1.2
v -1.5 -0.1 1.2
v -0.9 -0.1 1.2
v 0.0999999 -0.1 1.2
v 1.6 -0.1 1.2
v 1.8 -0.1 1.2
v -1.8 -0.1 1.1
v -1.7 -0.1 1.1
v -1.5 -0.1 1.1
v -1.4 -0.1 1.1
v -0.8 -0.1 1.1
v 0 -0.1 1.1
v 0.7 -0.1 1.1
v 0.8 -0.1 1.1
v 0.9 -0.1 1.1
v 1.6 -0.1 1.1
v 1.7 -0.1 1.1
v 1.8 -0.1 1.1
v -0.8 -0.1 1
v 0 -0.1 1
v -1.8 -0.1 0.9
v -1.7 -0.1 0.9
v -1.5 -0.1 0.9
v -1.4 -0.1 0.9
v 0.7 -0.1 0.9
v 0.9 -0.1 0.9
v 1.6 -0.1 0.9
v 1.7 -0.1 0.9
v 1.8 -0.1 0.9
v -1.7 -0.1 0.8
v -1.5 -0.1 0.8
v 0.7 -0.1 0.8
v 0.9 -0.1 0.8
v 1.6 -0.1 0.8
v 1.8 -0.1 0.8
v 0.7 -0.1 0.7
v 0.9 -0.1 0.7
v 1.6 -0.1 0.7
v 1.7 -0.1 0.7
v 1.8 -0.1 0.7
v -1.7 -0.1 0.6
v -1.5 -0.1 0.6
v -1.8 -0.1 0.5
v -1.7 -0.1 0.5
v -1.5 -0.1 0.5
v -1.4 -0.1 0.5
v -0.8 -0.1 0.5
v 0 -0.1 0.5
v 0.7 -0.1 0.5
v 0.9 -0.1 0.5
v 1 -0.1 0.5
v 1.1 -0.1 0.5
v 1.2 -0.1 0.5
v 1.3 -0.1 0.5
v 1.4 -0.1 0.5
v 1.6 -0.1 0.5
v 1.7 -0.1 0.5
v 1.8 -0.1 0.5
v -0.8 -0.1 0.4
v 0 -0.1 0.4
v 1 -0.1 0.4
v 1.4 -0.1 0.4
v 1.6 -0.1 0.4
v 1.8 -0.1 0.4
v -1.8 -0.1 0.3
v -1.7 -0.1 0.3
v -1.5 -0.1 0.3
v -1.4 -0.1 0.3
v 0.7 -0.1 0.3
v 0.9 -0.1 0.3
v 1 -0.1 0.3
v 1.1 -0.1 0.3
v 1.3 -0.1 0.3
v 1.4 -0.1 0.3
v 1.6 -0.1 0.3
v 1.7 -0.1 0.3
v 1.8 -0.1 0.3
v -1.7 -0.1 0.2
v -1.5 -0.1 0.2
v 0.7 -0.1 0.1
v 0.9 -0.1 0.1
v 1.6 -0.1 0.1
v 1.8 -0.1 0.1
v -1.7 -0.1 0
v -1.5 -0.1 0
v -1.8 -0.1 -0.0999999
v -1.7 -0.1 -0.0999999
v -1.5 -0.1 -0.0999999
v -1.4 -0.1 -0.0999999
v 0.7 -0.1 -0.0999999
v 0.9 -0.1 -0.0999999
v 1.6 -0.1 -0.0999999
v 1.8 -0.1 -0.0999999
v 1.6 -0.1 -0.2
v 1.8 -0.1 -0.2
v -1.8 -0.1 -0.3
v -1.7 -0.1 -0.3
v -1.5 -0.1 -0.3
v -1.4 -0.1 -0.3
v -0.8 -0.1 -0.3
v 0 -0.1 -0.3
v 1.5 -0.1 -0.3
v 1.6 -0.1 -0.3
v 1.8 -0.1 -0.3
v -1.7 -0.1 -0.4
v -1.5 -0.1 -0.4
v -0.8 -0.1 -0.4
v 0 -0.1 -0.4
v 1 -0.1 -0.4
v 1.1 -0.1 -0.4
v 1.4 -0.1 -0.4
v 1.5 -0.1 -0.4
v 1.7 -0.1 -0.4
v 1.8 -0.1 -0.4
v 0.5 -0.1 -0.5
v 0.6 -0.1 -0.5
v 0.7 -0.1 -0.5
v 0.8 -0.1 -0.5
v 0.9 -0.1 -0.5
v 1 -0.1 -0.5
v 1.6 -0.1 -0.5
v 1.7 -0.1 -0.5
v 1.1 -0.1 -0.6
v 1.2 -0.1 -0.6
v 1.3 -0.1 -0.6
v 1.4 -0.1 -0.6
v 1.6 -0.1 -0.6
v -0.9 -0.1 -0.7
v 0.0999999 -0.1 -0.7
v 0.5 -0.1 -0.7
v 0.6 -0.1 -0.7
v 0.7 -0.1 -0.7
v 0.9 -0.1 -0.7
v 1 -0.1 -0.7
v 1.1 -0.1 -0.7
v -1.9 -0.1 -1
v 0.0999999 -0.1 -1
v -1.9 -0.1 -1.1
v 0.0999999 -0.1 -1.1
v -1.9 -0.1 -1.2
v 0.0999999 -0.1 -1.2
v -1.9 -0.1 -1.3
v 0.0999999 -0.1 -1.3
v -1.9 -0.1 -1.4
v 0.0999999 -0.1 -1.4
v 0.6 -0.1 -1.4
v 1.9 -0.1 -1.4
v -1.9 -0.1 -1.5
v 0.0999999 -0.1 -1.5
v 0.7 -0.1 -1.5
v 0.8 -0.1 -1.5
v 0.9 -0.1 -1.5
v 1 -0.1 -1.5
v 1.1 -0.1 -1.5
v 1.2 -0.1 -1.5
v 1.3 -0.1 -1.5
v 1.4 -0.1 -1.5
v 1.5 -0.1 -1.5
v 1.6 -0.1 -1.5
v 1.7 -0.1 -1.5
v 1.8 -0.1 -1.5
v -1.9 -0.1 -1.6
v 0.0999999 -0.1 -1.6
v 0.7 -0.1 -1.6
v 0.8 -0.1 -1.6
v 0.9 -0.1 -1.6
v 1 -0.1 -1.6
v 1.1 -0.1 -1.6
v 1.2 -0.1 -1.6
v 1.5 -0.1 -1.6
v 1.6 -0.1 -1.6
v 1.7 -0.1 -1.6
v 1.8 -0.1 -1.6
v -1.9 -0.1 -1.7
v 0.0999999 -0.1 -1.7
v 0.9 -0.1 -1.7
v 1 -0.1 -1.7
v 1.1 -0.1 -1.7
v 1.2 -0.1 -1.7
v 1.3 -0.1 -1.7
v 1.4 -0.1 -1.7
v -1.9 -0.1 -1.8
v 0.0999999 -0.1 -1.8
v 0.7 -0.1 -1.8
v 0.8 -0.1 -1.8
v 0.9 -0.1 -1.8
v 1 -0.1 -1.8
v 1.1 -0.1 -1.8
v 1.2 -0.1 -1.8
v 1.3 -0.1 -1.8
v 1.4 -0.1 -1.8
v 1.5 -0.1 -1.8
v 1.6 -0.1 -1.8
v 1.7 -0.1 -1.8
v 1.8 -0.1 -1.8
v -1.9 -0.1 -1.9
v 0.0999999 -0.1 -1.9
v 0.6 -0.1 -1.9
v 1.9 -0.1 -1.9
v -2 -0.1 -2
v 2 -0.1 -2
v -1.7 0 0
v -1.5 0 0
v -1.8 0 -0.0999999
v -1.7 0 -0.0999999
v -1.5 0 -0.0999999
v -1.4 0 -0.0999999
v -1.8 0 -0.3
v -1.7 0 -0.3
v -1.5 0 -0.3
v -1.4 0 -0.3
v -1.7 0 -0.4
v -1.5 0 -0.4
v 0.7 0 -1.5
v 0.8 0 -1.5
v 1.5 0 -1.5
v 1.6 0 -1.5
v 1.7 0 -1.5
v 1.8 0 -1.5
v 0.7 0 -1.6
v 0.8 0 -1.6
v 0.9 0 -1.6
v 1 0 -1.6
v 1.1 0 -1.6
v 1.2 0 -1.6
v 1.5 0 -1.6
v 1.6 0 -1.6
v 1.7 0 -1.6
v 1.8 0 -1.6
v 0.9 0 -1.7
v 1 0 -1.7
v 1.1 0 -1.7
v 1.2 0 -1.7
v 1.3 0 -1.7
v 1.4 0 -1.7
v 1.3 0 -1.8
v 1.4 0 -1.8
v 0.7 0.1 1.7
v 0.8 0.1 1.7
v 1.7 0.1 1.7
v 1.8 0.1 1.7
v 0.7 0.1 1.6
v 0.8 0.1 1.6
v 1.7 0.1 1.6
v 0.7 0.1 1.5
v 0.8 0.1 1.5
v 1.7 0.1 1.5
v 1.8 0.1 1.5
v 0.7 0.1 1.3
v 0.8 0.1 1.3
v 1.7 0.1 1.3
v 1.8 0.1 1.3
v 0.7 0.1 1.2
v 0.8 0.1 1.2
v 1.7 0.1 1.2
v 0.7 0.1 1.1
v 0.8 0.1 1.1
v 1.7 0.1 1.1
v 1.8 0.1 1.1
v 0.7 0.1 0.9
v 0.8 0.1 0.9
v 1.7 0.1 0.9
v 1.8 0.1 0.9
v 0.7 0.1 0.8
v 0.8 0.1 0.8
v 1.7 0.1 0.8
v 1.8 0.1 0.8
v 0.7 0.1 0.7
v 0.8 0.1 0.7
v 1.7 0.1 0.7
v 1.8 0.1 0.7
v 1 0.1 0.5
v 1.2 0.1 0.5
v 1.3 0.1 0.5
v 1.7 0.1 0.5
v 1.8 0.1 0.5
v 1 0.1 0.4
v 1.2 0.1 0.4
v 1.3 0.1 0.4
v 1.7 0.1 0.4
v 1.8 0.1 0.4
v 1 0.1 0.3
v 1.2 0.1 0.3
v 1.3 0.1 0.3
v 1.7 0.1 0.3
v 1.8 0.1 0.3
v -1.7 0.1 -0.0999999
v -1.5 0.1 -0.0999999
v 1.6 0.1 -0.2
v 1.8 0.1 -0.2
v -1.7 0.1 -0.3
v -1.5 0.1 -0.3
v 1.5 0.1 -0.3
v 1.6 0.1 -0.3
v 1.7 0.1 -0.3
v 1.8 0.1 -0.3
v 1 0.1 -0.4
v 1.1 0.1 -0.4
v 1.3 0.1 -0.4
v 1.5 0.1 -0.4
v 1.6 0.1 -0.4
v 1.7 0.1 -0.4
v 1.8 0.1 -0.4
v 0.5 0.1 -0.5
v 0.6 0.1 -0.5
v 0.7 0.1 -0.5
v 0.8 0.1 -0.5
v 0.9 0.1 -0.5
v 1 0.1 -0.5
v 1.1 0.1 -0.5
v 1.2 0.1 -0.5
v 1.3 0.1 -0.5
v 1.4 0.1 -0.5
v 1.5 0.1 -0.5
v 1.6 0.1 -0.5
v 1.7 0.1 -0.5
v 0.6 0.1 -0.6
v 0.7 0.1 -0.6
v 0.8 0.1 -0.6
v 0.9 0.1 -0.6
v 1 0.1 -0.6
v 1.1 0.1 -0.6
v 1.2 0.1 -0.6
v 1.3 0.1 -0.6
v 1.4 0.1 -0.6
v 1.6 0.1 -0.6
v 0.5 0.1 -0.7
v 0.6 0.1 -0.7
v 0.7 0.1 -0.7
v 0.8 0.1 -0.7
v 1 0.1 -0.7
v 1.1 0.1 -0.7
v 0.8 0.2 1.7
v 0.9 0.2 1.7
v 1.6 0.2 1.7
v 1.7 0.2 1.7
v 0.8 0.2 1.6
v 0.9 0.2 1.6
v 1.6 0.2 1.6
v 1.7 0.2 1.6
v 0.8 0.2 1.5
v 0.9 0.2 1.5
v 1.6 0.2 1.5
v 1.7 0.2 1.5
v 0.8 0.2 1.3
v 0.9 0.2 1.3
v 1.6 0.2 1.3
v 1.7 0.2 1.3
v 0.9 0.2 1.2
v 1.6 0.2 1.2
v 1.7 0.2 1.2
v 0.8 0.2 1.1
v 0.9 0.2 1.1
v 1.6 0.2 1.1
v 1.7 0.2 1.1
v 0.8 0.2 0.9
v 0.9 0.2 0.9
v 1.6 0.2 0.9
v 1.7 0.2 0.9
v 0.8 0.2 0.8
v 0.9 0.2 0.8
v 1.6 0.2 0.8
v 1.7 0.2 0.8
v 0.8 0.2 0.7
v 0.9 0.2 0.7
v 1.6 0.2 0.7
v 1.7 0.2 0.7
v 0.8 0.2 0.5
v 0.9 0.2 0.5
v 1 0.2 0.5
v 1.3 0.2 0.5
v 1.4 0.2 0.5
v 1.5 0.2 0.5
v 1.6 0.2 0.5
v 1.7 0.2 0.5
v 0.9 0.2 0.4
v 1 0.2 0.4
v 1.3 0.2 0.4
v 1.4 0.2 0.4
v 1.5 0.2 0.4
v 1.6 0.2 0.4
v 1.7 0.2 0.4
v 0.8 0.2 0.3
v 0.9 0.2 0.3
v 1 0.2 0.3
v 1.3 0.2 0.3
v 1.4 0.2 0.3
v 1.5 0.2 0.3
v 1.6 0.2 0.3
v 1.7 0.2 0.3
v 0.9 0.3 1.7
v 1 0.3 1.7
v 1.1 0.3 1.7
v 1.2 0.3 1.7
v 1.3 0.3 1.7
v 1.4 0.3 1.7
v 1.6 0.3 1.7
v 0.9 0.3 1.6
v 1 0.3 1.6
v 1.1 0.3 1.6
v 1.2 0.3 1.6
v 1.3 0.3 1.6
v 1.4 0.3 1.6
v 0.9 0.3 1.5
v 1 0.3 1.5
v 1.1 0.3 1.5
v 1.3 0.3 1.5
v 1.4 0.3 1.5
v 1.6 0.3 1.5
v 0.9 0.3 1.3
v 1 0.3 1.3
v 1.1 0.3 1.3
v 1.2 0.3 1.3
v 1.3 0.3 1.3
v 1.4 0.3 1.3
v 1.5 0.3 1.3
v 1.6 0.3 1.3
v 0.9 0.3 1.2
v 1 0.3 1.2
v 1.1 0.3 1.2
v 1.2 0.3 1.2
v 1.3 0.3 1.2
v 1.5 0.3 1.2
v 1.6 0.3 1.2
v 0.9 0.3 1.1
v 1.2 0.3 1.1
v 1.3 0.3 1.1
v 1.4 0.3 1.1
v 1.5 0.3 1.1
v 1.6 0.3 1.1
v 0.9 0.3 0.9
v 1 0.3 0.9
v 1.2 0.3 0.9
v 1.3 0.3 0.9
v 1.4 0.3 0.9
v 1.6 0.3 0.9
v 1 0.3 0.8
v 1.1 0.3 0.8
v 1.2 0.3 0.8
v 1.3 0.3 0.8
v 1.4 0.3 0.8
v 1.5 0.3 0.8
v 1.6 0.3 0.8
v 0.9 0.3 0.7
v 1 0.3 0.7
v 1.1 0.3 0.7
v 1.2 0.3 0.7
v 1.3 0.3 0.7
v 1.5 0.3 0.7
v 1.6 0.3 0.7

# faces
f 3/14/1 2/14/1 1/14/1
f 4/14/1 2/14/1 3/14/1
f 7/4/1 6/4/1 5/4/1
f 8/4/1 6/4/1 7/4/1
f 13/4/1 10/4/1 9/4/1
f 14/4/1 10/4/1 13/4/1
f 15/4/1 12/4/1 11/4/1
f 16/4/1 12/4/1 15/4/1
f 17/3/1 15/3/1 14/3/1
f 18/3/1 15/3/1 17/3/1
f 31/14/1 20/14/1 19/14/1
f 32/14/1 20/14/1 31/14/1
f 33/14/1 22/14/1 21/14/1
f 34/14/1 22/14/1 33/14/1
f 35/14/1 24/14/1 23/14/1
f 36/14/1 24/14/1 35/14/1
f 37/14/1 26/14/1 25/14/1
f 38/14/1 26/14/1 37/14/1
f 39/14/1 28/14/1 27/14/1
f 40/14/1 28/14/1 39/14/1
f 41/14/1 30/14/1 29/14/1
f 42/14/1 30/14/1 41/14/1
f 49/14/1 44/14/1 43/14/1
f 50/14/1 44/14/1 49/14/1
f 51/14/1 46/14/1 45/14/1
f 52/14/1 46/14/1 51/14/1
f 53/14/1 48/14/1 47/14/1
f 54/14/1 48/14/1 53/14/1
f 65/14/1 56/14/1 55/14/1
f 66/14/1 56/14/1 65/14/1
f 67/14/1 58/14/1 57/14/1
f 68/14/1 58/14/1 67/14/1
f 69/6/1 60/6/1 59/6/1
f 70/6/1 60/6/1 69/6/1
f 71/6/1 62/6/1 61/6/1
f 72/6/1 62/6/1 71/6/1
f 73/6/1 64/6/1 63/6/1
f 74/6/1 64/6/1 73/6/1
f 79/14/1 76/14/1 75/14/1
f 80/14/1 76/14/1 79/14/1
f 81/14/1 78/14/1 77/14/1
f 82/14/1 78/14/1 81/14/1
f 87/14/1 84/14/1 83/14/1
f 88/14/1 84/14/1 87/14/1
f 89/14/1 86/14/1 85/14/1
f 90/14/1 86/14/1 89/14/1
f 95/14/1 92/14/1 91/14/1
f 96/14/1 92/14/1 95/14/1
f 97/14/1 94/14/1 93/14/1
f 98/14/1 94/14/1 97/14/1
f 103/14/1 100/14/1 99/14/1
f 104/14/1 100/14/1 103/14/1
f 105/14/1 102/14/1 101/14/1
f 106/14/1 102/14/1 105/14/1
f 119/14/1 108/14/1 107/14/1
f 120/14/1 108/14/1 119/14/1
f 121/14/1 110/14/1 109/14/1
f 122/14/1 110/14/1 121/14/1
f 123/14/1 112/14/1 111/14/1
f 124/14/1 112/14/1 123/14/1
f 125/14/1 114/14/1 113/14/1
f 126/14/1 114/14/1 125/14/1
f 127/14/1 116/14/1 115/14/1
f 128/14/1 116/14/1 127/14/1
f 129/14/1 118/14/1 117/14/1
f 130/14/1 118/14/1 129/14/1
f 135/14/1 132/14/1 131/14/1
f 136/14/1 132/14/1 135/14/1
f 137/14/1 134/14/1 133/14/1
f 138/14/1 134/14/1 137/14/1
f 141/1/1 140/1/1 139/1/1
f 142/1/1 140/1/1 141/1/1
f 153/7/1 144/7/1 143/7/1
f 154/9/1 145/9/1 144/9/1
f 154/7/1 144/7/1 153/7/1
f 155/8/1 147/8/1 146/8/1
f 156/8/1 147/8/1 155/8/1
f 157/8/1 149/8/1 148/8/1
f 158/9/1 150/9/1 149/9/1
f 158/8/1 149/8/1 157/8/1
f 159/12/1 152/12/1 151/12/1
f 160/12/1 152/12/1 159/12/1
f 161/6/1 154/6/1 153/6/1
f 162/9/1 145/9/1 154/9/1
f 162/6/1 154/6/1 161/6/1
f 163/9/1 145/9/1 162/9/1
f 164/9/1 156/9/1 155/9/1
f 165/8/1 147/8/1 156/8/1
f 165/9/1 156/9/1 164/9/1
f 166/8/1 147/8/1 165/8/1
f 167/6/1 158/6/1 157/6/1
f 168/9/1 150/9/1 158/9/1
f 168/6/1 158/6/1 167/6/1
f 169/9/1 150/9/1 168/9/1
f 172/2/1 171/2/1 170/2/1
f 173/2/1 171/2/1 172/2/1
f 185/9/1 177/9/1 176/9/1
f 186/6/1 178/6/1 177/6/1
f 186/9/1 177/9/1 185/9/1
f 187/6/1 178/6/1 186/6/1
f 188/7/1 180/7/1 179/7/1
f 188/7/1 181/7/1 180/7/1
f 189/7/1 181/7/1 188/7/1
f 190/8/1 183/8/1 182/8/1
f 191/6/1 184/6/1 183/6/1
f 191/8/1 183/8/1 190/8/1
f 192/6/1 184/6/1 191/6/1
f 193/1/1 175/1/1 174/1/1
f 194/1/1 175/1/1 193/1/1
f 199/14/1 196/14/1 195/14/1
f 200/14/1 196/14/1 199/14/1
f 201/14/1 198/14/1 197/14/1
f 202/14/1 198/14/1 201/14/1
f 205/12/1 204/12/1 203/12/1
f 206/12/1 204/12/1 205/12/1
f 216/6/1 208/6/1 207/6/1
f 217/9/1 209/9/1 208/9/1
f 217/6/1 208/6/1 216/6/1
f 218/9/1 209/9/1 217/9/1
f 219/9/1 211/9/1 210/9/1
f 220/8/1 212/8/1 211/8/1
f 220/9/1 211/9/1 219/9/1
f 221/8/1 212/8/1 220/8/1
f 222/7/1 215/7/1 214/7/1
f 222/7/1 214/7/1 213/7/1
f 223/7/1 215/7/1 222/7/1
f 233/2/1 225/2/1 224/2/1
f 234/2/1 225/2/1 233/2/1
f 235/2/1 227/2/1 226/2/1
f 236/2/1 227/2/1 235/2/1
f 237/9/1 229/9/1 228/9/1
f 238/6/1 230/6/1 229/6/1
f 238/9/1 229/9/1 237/9/1
f 239/6/1 230/6/1 238/6/1
f 240/8/1 232/8/1 231/8/1
f 241/8/1 232/8/1 240/8/1
f 242/6/1 241/6/1 240/6/1
f 243/6/1 241/6/1 242/6/1
f 246/12/1 245/12/1 244/12/1
f 247/12/1 245/12/1 246/12/1
f 252/2/1 249/2/1 248/2/1
f 253/2/1 249/2/1 252/2/1
f 254/2/1 251/2/1 250/2/1
f 255/2/1 251/2/1 254/2/1
f 258/12/1 257/12/1 256/12/1
f 259/12/1 257/12/1 258/12/1
f 263/6/1 261/6/1 260/6/1
f 264/7/1 262/7/1 261/7/1
f 264/6/1 261/6/1 263/6/1
f 265/7/1 262/7/1 264/7/1
f 268/2/1 267/2/1 266/2/1
f 269/2/1 267/2/1 268/2/1
f 281/6/1 271/6/1 270/6/1
f 282/6/1 271/6/1 281/6/1
f 283/12/1 273/12/1 272/12/1
f 284/12/1 273/12/1 283/12/1
f 285/6/1 275/6/1 274/6/1
f 286/6/1 275/6/1 285/6/1
f 287/8/1 277/8/1 276/8/1
f 288/7/1 278/7/1 277/7/1
f 288/8/1 277/8/1 287/8/1
f 289/7/1 278/7/1 288/7/1
f 290/8/1 280/8/1 279/8/1
f 291/8/1 280/8/1 290/8/1
f 292/8/1 280/8/1 291/8/1
f 293/9/1 282/9/1 281/9/1
f 294/9/1 282/9/1 293/9/1
f 311/2/1 296/2/1 295/2/1
f 312/2/1 296/2/1 311/2/1
f 313/8/1 298/8/1 297/8/1
f 314/9/1 299/9/1 298/9/1
f 314/8/1 298/8/1 313/8/1
f 315/9/1 299/9/1 314/9/1
f 316/7/1 301/7/1 300/7/1
f 317/9/1 302/9/1 301/9/1
f 317/7/1 301/7/1 316/7/1
f 318/9/1 302/9/1 317/9/1
f 319/7/1 304/7/1 303/7/1
f 320/6/1 305/6/1 304/6/1
f 320/7/1 304/7/1 319/7/1
f 321/6/1 305/6/1 320/6/1
f 322/8/1 307/8/1 306/8/1
f 323/9/1 308/9/1 307/9/1
f 323/8/1 307/8/1 322/8/1
f 324/9/1 308/9/1 323/9/1
f 325/1/1 310/1/1 309/1/1
f 326/1/1 325/1/1 309/1/1
f 327/1/1 325/1/1 326/1/1
f 330/12/1 329/12/1 328/12/1
f 331/12/1 329/12/1 330/12/1
f 336/14/1 333/14/1 332/14/1
f 337/14/1 333/14/1 336/14/1
f 338/2/1 335/2/1 334/2/1
f 339/2/1 335/2/1 338/2/1
f 340/14/2 341/14/2 350/14/2
f 350/14/2 341/14/2 351/14/2
f 342/14/2 343/14/2 352/14/2
f 352/14/2 343/14/2 353/14/2
f 344/14/2 345/14/2 354/14/2
f 354/14/2 345/14/2 355/14/2
f 346/14/2 347/14/2 356/14/2
f 356/14/2 347/14/2 357/14/2
f 348/14/2 349/14/2 358/14/2
f 358/14/2 349/14/2 359/14/2
f 360/14/2 361/14/2 366/14/2
f 366/14/2 361/14/2 367/14/2
f 362/14/2 363/14/2 368/14/2
f 368/14/2 363/14/2 369/14/2
f 364/14/2 365/14/2 370/14/2
f 370/14/2 365/14/2 371/14/2
f 372/14/2 373/14/2 384/14/2
f 384/14/2 373/14/2 385/14/2
f 374/14/2 375/14/2 386/14/2
f 386/14/2 375/14/2 387/14/2
f 376/14/2 377/14/2 388/14/2
f 388/14/2 377/14/2 389/14/2
f 378/14/2 379/14/2 390/14/2
f 390/14/2 379/14/2 391/14/2
f 380/14/2 381/14/2 392/14/2
f 392/14/2 381/14/2 393/14/2
f 382/14/2 383/14/2 394/14/2
f 394/14/2 383/14/2 395/14/2
f 396/4/2 397/4/2 400/4/2
f 400/4/2 397/4/2 401/4/2
f 398/4/2 399/4/2 402/4/2
f 402/4/2 399/4/2 403/4/2
f 401/3/2 402/3/2 404/3/2
f 404/3/2 402/3/2 405/3/2
f 406/4/2 407/4/2 408/4/2
f 408/4/2 407/4/2 409/4/2
f 410/14/2 411/14/2 416/14/2
f 416/14/2 411/14/2 417/14/2
f 412/14/2 413/14/2 418/14/2
f 418/14/2 413/14/2 419/14/2
f 414/14/2 415/14/2 420/14/2
f 420/14/2 415/14/2 421/14/2
f 422/14/2 423/14/2 426/14/2
f 426/14/2 423/14/2 427/14/2
f 424/14/2 425/14/2 428/14/2
f 428/14/2 425/14/2 429/14/2
f 430/14/2 431/14/2 434/14/2
f 434/14/2 431/14/2 435/14/2
f 432/14/2 433/14/2 436/14/2
f 436/14/2 433/14/2 437/14/2
f 438/14/2 439/14/2 442/14/2
f 442/14/2 439/14/2 443/14/2
f 440/14/2 441/14/2 444/14/2
f 444/14/2 441/14/2 445/14/2
f 446/14/2 447/14/2 450/14/2
f 450/14/2 447/14/2 451/14/2
f 448/14/2 449/14/2 452/14/2
f 452/14/2 449/14/2 453/14/2
f 454/6/2 455/6/2 460/6/2
f 460/6/2 455/6/2 461/6/2
f 456/6/2 457/6/2 462/6/2
f 462/6/2 457/6/2 463/6/2
f 458/6/2 459/6/2 464/6/2
f 464/6/2 459/6/2 465/6/2
f 466/14/2 467/14/2 470/14/2
f 470/14/2 467/14/2 471/14/2
f 468/14/2 469/14/2 472/14/2
f 472/14/2 469/14/2 473/14/2
f 474/14/2 475/14/2 480/14/2
f 480/14/2 475/14/2 481/14/2
f 476/14/2 477/14/2 482/14/2
f 482/14/2 477/14/2 483/14/2
f 478/2/2 479/2/2 484/2/2
f 484/2/2 479/2/2 485/2/2
f 486/12/2 487/12/2 488/12/2
f 488/12/2 487/12/2 489/12/2
f 490/2/2 491/2/2 501/2/2
f 501/2/2 491/2/2 502/2/2
f 492/2/2 493/2/2 503/2/2
f 503/2/2 493/2/2 504/2/2
f 494/7/2 495/7/2 505/7/2
f 505/7/2 495/7/2 506/7/2
f 506/7/2 495/7/2 507/7/2
f 496/9/2 497/9/2 508/9/2
f 508/9/2 497/9/2 509/9/2
f 509/9/2 497/9/2 510/9/2
f 498/8/2 499/8/2 511/8/2
f 499/9/2 500/9/2 512/9/2
f 511/8/2 499/8/2 512/8/2
f 512/9/2 500/9/2 513/9/2
f 514/12/2 515/12/2 525/12/2
f 525/12/2 515/12/2 526/12/2
f 516/8/2 517/8/2 527/8/2
f 517/9/2 518/9/2 528/9/2
f 527/8/2 517/8/2 528/8/2
f 528/9/2 518/9/2 529/9/2
f 519/8/2 520/8/2 530/8/2
f 520/6/2 521/6/2 531/6/2
f 530/8/2 520/8/2 531/8/2
f 531/6/2 521/6/2 532/6/2
f 522/9/2 523/9/2 533/9/2
f 523/6/2 524/6/2 534/6/2
f 533/9/2 523/9/2 534/9/2
f 534/6/2 524/6/2 535/6/2
f 536/6/2 537/6/2 539/6/2
f 537/9/2 538/9/2 540/9/2
f 539/6/2 537/6/2 540/6/2
f 540/9/2 538/9/2 541/9/2
f 542/2/2 543/2/2 548/2/2
f 548/2/2 543/2/2 549/2/2
f 544/2/2 545/2/2 550/2/2
f 550/2/2 545/2/2 551/2/2
f 546/7/2 547/7/2 552/7/2
f 552/7/2 547/7/2 553/7/2
f 552/6/2 553/6/2 554/6/2
f 554/6/2 553/6/2 555/6/2
f 556/12/2 557/12/2 558/12/2
f 558/12/2 557/12/2 559/12/2
f 560/2/2 561/2/2 562/2/2
f 562/2/2 561/2/2 563/2/2
f 564/7/2 565/7/2 569/7/2
f 565/6/2 566/6/2 570/6/2
f 569/7/2 565/7/2 570/7/2
f 570/6/2 566/6/2 571/6/2
f 567/12/2 568/12/2 572/12/2
f 572/12/2 568/12/2 573/12/2
f 574/2/2 575/2/2 576/2/2
f 576/2/2 575/2/2 577/2/2
f 578/14/2 579/14/2 580/14/2
f 580/14/2 579/14/2 581/14/2
f 582/8/2 583/8/2 586/8/2
f 586/8/2 583/8/2 587/8/2
f 584/12/2 585/12/2 588/12/2
f 588/12/2 585/12/2 589/12/2
f 586/9/2 587/9/2 590/9/2
f 590/9/2 587/9/2 591/9/2
f 592/7/2 593/7/2 601/7/2
f 593/7/2 594/7/2 601/7/2
f 601/7/2 594/7/2 602/7/2
f 595/8/2 596/8/2 603/8/2
f 596/9/2 597/9/2 604/9/2
f 603/8/2 596/8/2 604/8/2
f 604/9/2 597/9/2 605/9/2
f 598/6/2 599/6/2 606/6/2
f 599/7/2 600/7/2 607/7/2
f 606/6/2 599/6/2 607/6/2
f 607/7/2 600/7/2 608/7/2
f 609/2/2 610/2/2 613/2/2
f 613/2/2 610/2/2 614/2/2
f 611/6/2 612/6/2 615/6/2
f 615/6/2 612/6/2 616/6/2
f 615/7/2 616/7/2 629/7/2
f 629/7/2 616/7/2 630/7/2
f 617/7/2 618/7/2 631/7/2
f 618/9/2 619/9/2 632/9/2
f 631/7/2 618/7/2 632/7/2
f 632/9/2 619/9/2 633/9/2
f 620/8/2 621/8/2 634/8/2
f 621/7/2 622/7/2 635/7/2
f 634/8/2 621/8/2 635/8/2
f 635/7/2 622/7/2 636/7/2
f 623/7/2 624/7/2 637/7/2
f 624/9/2 625/9/2 638/9/2
f 637/7/2 624/7/2 638/7/2
f 638/9/2 625/9/2 639/9/2
f 626/7/2 627/7/2 640/7/2
f 627/9/2 628/9/2 641/9/2
f 640/7/2 627/7/2 641/7/2
f 641/9/2 628/9/2 642/9/2
f 643/8/2 644/8/2 660/8/2
f 644/7/2 645/7/2 660/7/2
f 660/7/2 645/7/2 661/7/2
f 646/8/2 647/8/2 662/8/2
f 647/7/2 648/7/2 663/7/2
f 662/8/2 647/8/2 663/8/2
f 663/7/2 648/7/2 664/7/2
f 649/6/2 650/6/2 665/6/2
f 650/8/2 651/8/2 666/8/2
f 665/6/2 650/6/2 666/6/2
f 666/8/2 651/8/2 667/8/2
f 652/6/2 653/6/2 668/6/2
f 653/8/2 654/8/2 669/8/2
f 668/6/2 653/6/2 669/6/2
f 669/8/2 654/8/2 670/8/2
f 656/7/2 657/7/2 671/7/2
f 655/1/2 656/1/2 671/1/2
f 671/7/2 657/7/2 672/7/2
f 658/12/2 659/12/2 673/12/2
f 673/12/2 659/12/2 674/12/2
f 660/8/2 661/8/2 675/8/2
f 643/8/2 660/8/2 675/8/2
f 675/8/2 661/8/2 676/8/2
f 663/9/2 664/9/2 677/9/2
f 662/9/2 663/9/2 677/9/2
f 677/9/2 664/9/2 678/9/2
f 665/8/2 666/8/2 679/8/2
f 666/7/2 667/7/2 680/7/2
f 679/8/2 666/8/2 680/8/2
f 680/7/2 667/7/2 681/7/2
f 668/9/2 669/9/2 682/9/2
f 669/6/2 670/6/2 683/6/2
f 682/9/2 669/9/2 683/9/2
f 683/6/2 670/6/2 684/6/2
f 655/1/2 671/1/2 685/1/2
f 671/6/2 672/6/2 686/6/2
f 685/1/2 671/1/2 686/1/2
f 686/6/2 672/6/2 687/6/2
f 688/14/2 689/14/2 690/14/2
f 690/14/2 689/14/2 691/14/2
f 694/14/3 693/14/3 692/14/3
f 695/14/3 693/14/3 694/14/3
f 698/14/3 697/14/3 696/14/3
f 699/14/3 697/14/3 698/14/3
f 702/14/3 701/14/3 700/14/3
f 703/14/3 701/14/3 702/14/3
f 706/14/3 705/14/3 704/14/3
f 707/14/3 705/14/3 706/14/3
f 710/14/3 709/14/3 708/14/3
f 711/14/3 709/14/3 710/14/3
f 714/14/3 713/14/3 712/14/3
f 715/14/3 713/14/3 714/14/3
f 718/14/3 717/14/3 716/14/3
f 719/14/3 717/14/3 718/14/3
f 723/7/3 721/7/3 720/7/3
f 723/6/3 722/6/3 721/6/3
f 724/6/3 722/6/3 723/6/3
f 726/7/3 723/7/3 720/7/3
f 727/8/3 724/8/3 723/8/3
f 727/7/3 723/7/3 726/7/3
f 728/9/3 725/9/3 724/9/3
f 728/8/3 724/8/3 727/8/3
f 729/9/3 725/9/3 728/9/3
f 731/8/3 728/8/3 727/8/3
f 732/7/3 729/7/3 728/7/3
f 732/8/3 728/8/3 731/8/3
f 733/6/3 730/6/3 729/6/3
f 733/7/3 729/7/3 732/7/3
f 734/6/3 730/6/3 733/6/3
f 735/6/3 733/6/3 732/6/3
f 736/9/3 734/9/3 733/9/3
f 736/6/3 733/6/3 735/6/3
f 737/9/3 734/9/3 736/9/3
f 738/8/3 736/8/3 735/8/3
f 739/7/3 737/7/3 736/7/3
f 739/8/3 736/8/3 738/8/3
f 740/7/3 737/7/3 739/7/3
f 741/6/3 739/6/3 738/6/3
f 741/6/3 740/6/3 739/6/3
f 742/6/3 740/6/3 741/6/3
f 743/6/3 741/6/3 738/6/3
f 743/9/3 742/9/3 741/9/3
f 744/9/3 742/9/3 743/9/3
f 746/6/3 743/6/3 738/6/3
f 748/6/3 746/6/3 745/6/3
f 749/6/3 743/6/3 746/6/3
f 749/6/3 746/6/3 748/6/3
f 750/7/3 744/7/3 743/7/3
f 750/6/3 743/6/3 749/6/3
f 751/7/3 744/7/3 750/7/3
f 752/8/3 749/8/3 748/8/3
f 752/8/3 748/8/3 747/8/3
f 752/7/3 750/7/3 749/7/3
f 753/7/3 750/7/3 752/7/3
f 754/8/3 752/8/3 747/8/3
f 755/8/3 752/8/3 754/8/3
f 758/14/3 757/14/3 756/14/3
f 759/14/3 757/14/3 758/14/3
f 762/14/3 761/14/3 760/14/3
f 763/14/3 761/14/3 762/14/3
f 766/14/3 765/14/3 764/14/3
f 767/14/3 765/14/3 766/14/3
f 770/14/3 769/14/3 768/14/3
f 771/14/3 769/14/3 770/14/3
f 774/14/3 773/14/3 772/14/3
f 775/14/3 773/14/3 774/14/3
f 778/14/3 777/14/3 776/14/3
f 779/14/3 777/14/3 778/14/3
f 782/14/3 781/14/3 780/14/3
f 783/14/3 781/14/3 782/14/3
f 786/14/3 785/14/3 784/14/3
f 787/14/3 785/14/3 786/14/3
f 790/14/3 789/14/3 788/14/3
f 791/14/3 789/14/3 790/14/3
f 795/8/3 793/8/3 792/8/3
f 796/9/3 794/9/3 793/9/3
f 796/8/3 793/8/3 795/8/3
f 797/9/3 794/9/3 796/9/3
f 799/9/3 796/9/3 795/9/3
f 800/6/3 797/6/3 796/6/3
f 800/9/3 796/9/3 799/9/3
f 801/7/3 798/7/3 797/7/3
f 801/6/3 797/6/3 800/6/3
f 802/7/3 798/7/3 801/7/3
f 804/8/3 801/8/3 800/8/3
f 805/9/3 803/9/3 802/9/3
f 805/8/3 801/8/3 804/8/3
f 805/9/3 802/9/3 801/9/3
f 806/9/3 803/9/3 805/9/3
f 807/9/3 803/9/3 806/9/3
f 808/9/3 806/9/3 805/9/3
f 809/6/3 807/6/3 806/6/3
f 809/9/3 806/9/3 808/9/3
f 810/6/3 807/6/3 809/6/3
f 811/6/3 809/6/3 808/6/3
f 811/7/3 810/7/3 809/7/3
f 812/7/3 810/7/3 811/7/3
f 813/6/3 811/6/3 808/6/3
f 813/9/3 812/9/3 811/9/3
f 814/9/3 812/9/3 813/9/3
f 815/6/3 813/6/3 808/6/3
f 816/8/3 814/8/3 813/8/3
f 816/6/3 813/6/3 815/6/3
f 817/8/3 814/8/3 816/8/3
f 819/9/3 816/9/3 815/9/3
f 820/6/3 817/6/3 816/6/3
f 820/9/3 816/9/3 819/9/3
f 821/6/3 817/6/3 820/6/3
f 823/8/3 819/8/3 818/8/3
f 823/8/3 820/8/3 819/8/3
f 823/8/3 821/8/3 820/8/3
f 824/8/3 821/8/3 823/8/3
f 825/8/3 821/8/3 824/8/3
f 826/8/3 821/8/3 825/8/3
f 827/7/3 823/7/3 822/7/3
f 828/9/3 824/9/3 823/9/3
f 828/7/3 823/7/3 827/7/3
f 829/8/3 825/8/3 824/8/3
f 829/9/3 824/9/3 828/9/3
f 830/8/3 825/8/3 829/8/3
f 831/8/3 828/8/3 827/8/3
f 832/9/3 829/9/3 828/9/3
f 832/8/3 828/8/3 831/8/3
f 833/9/3 829/9/3 832/9/3
f 836/6/3 835/6/3 834/6/3
f 837/6/3 835/6/3 836/6/3
f 840/14/3 839/14/3 838/14/3
f 841/14/3 839/14/3 840/14/3
f 844/14/3 843/14/3 842/14/3
f 845/14/3 843/14/3 844/14/3
f 849/8/3 847/8/3 846/8/3
f 849/6/3 848/6/3 847/6/3
f 850/6/3 848/6/3 849/6/3
f 852/8/3 849/8/3 846/8/3
f 853/7/3 850/7/3 849/7/3
f 853/8/3 849/8/3 852/8/3
f 854/8/3 851/8/3 850/8/3
f 854/7/3 850/7/3 853/7/3
f 855/8/3 851/8/3 854/8/3
f 857/9/3 854/9/3 853/9/3
f 858/6/3 855/6/3 854/6/3
f 858/9/3 854/9/3 857/9/3
f 859/7/3 856/7/3 855/7/3
f 859/6/3 855/6/3 858/6/3
f 860/7/3 856/7/3 859/7/3
f 861/7/3 859/7/3 858/7/3
f 862/6/3 860/6/3 859/6/3
f 862/7/3 859/7/3 861/7/3
f 863/6/3 862/6/3 861/6/3
f 864/6/3 860/6/3 862/6/3
f 864/6/3 862/6/3 863/6/3
f 865/6/3 860/6/3 864/6/3
f 866/9/3 864/9/3 863/9/3
f 867/7/3 865/7/3 864/7/3
f 867/9/3 864/9/3 866/9/3
f 868/7/3 865/7/3 867/7/3
f 869/6/3 867/6/3 866/6/3
f 870/8/3 868/8/3 867/8/3
f 870/6/3 867/6/3 869/6/3
f 871/8/3 868/8/3 870/8/3
f 873/9/3 870/9/3 869/9/3
f 875/8/3 873/8/3 872/8/3
f 876/9/3 870/9/3 873/9/3
f 876/8/3 873/8/3 875/8/3
f 877/6/3 871/6/3 870/6/3
f 877/9/3 870/9/3 876/9/3
f 878/6/3 871/6/3 877/6/3
f 879/7/3 875/7/3 874/7/3
f 880/8/3 876/8/3 875/8/3
f 880/7/3 875/7/3 879/7/3
f 881/7/3 877/7/3 876/7/3
f 881/8/3 876/8/3 880/8/3
f 882/7/3 877/7/3 881/7/3
f 883/6/3 880/6/3 879/6/3
f 884/8/3 881/8/3 880/8/3
f 884/6/3 880/6/3 883/6/3
f 885/8/3 881/8/3 884/8/3
f 888/14/3 887/14/3 886/14/3
f 889/14/3 887/14/3 888/14/3
f 892/6/3 891/6/3 890/6/3
f 893/6/3 891/6/3 892/6/3
f 896/1/3 895/1/3 894/1/3
f 897/1/3 895/1/3 896/1/3
f 898/1/3 895/1/3 897/1/3
f 900/9/3 897/9/3 896/9/3
f 901/6/3 898/6/3 897/6/3
f 901/9/3 897/9/3 900/9/3
f 902/6/3 898/6/3 901/6/3
f 903/9/3 900/9/3 899/9/3
f 904/8/3 901/8/3 900/8/3
f 904/9/3 900/9/3 903/9/3
f 905/7/3 904/7/3 903/7/3
f 906/8/3 901/8/3 904/8/3
f 906/7/3 904/7/3 905/7/3
f 907/8/3 901/8/3 906/8/3
f 908/6/3 906/6/3 905/6/3
f 909/7/3 907/7/3 906/7/3
f 909/6/3 906/6/3 908/6/3
f 910/7/3 907/7/3 909/7/3
f 912/7/3 909/7/3 908/7/3
f 913/6/3 910/6/3 909/6/3
f 913/7/3 909/7/3 912/7/3
f 913/6/3 911/6/3 910/6/3
f 914/6/3 911/6/3 913/6/3
f 915/6/3 911/6/3 914/6/3
f 916/6/3 914/6/3 913/6/3
f 917/7/3 915/7/3 914/7/3
f 917/6/3 914/6/3 916/6/3
f 918/7/3 915/7/3 917/7/3
f 920/7/3 917/7/3 916/7/3
f 921/8/3 918/8/3 917/8/3
f 921/7/3 917/7/3 920/7/3
f 922/8/3 918/8/3 921/8/3
f 923/8/3 920/8/3 919/8/3
f 924/9/3 921/9/3 920/9/3
f 924/8/3 920/8/3 923/8/3
f 925/7/3 922/7/3 921/7/3
f 925/9/3 921/9/3 924/9/3
f 926/7/3 922/7/3 925/7/3
f 927/6/3 924/6/3 923/6/3
f 928/9/3 925/9/3 924/9/3
f 928/6/3 924/6/3 927/6/3
f 929/9/3 925/9/3 928/9/3
f 932/14/3 931/14/3 930/14/3
f 933/14/3 931/14/3 932/14/3
f 936/14/3 935/14/3 934/14/3
f 937/14/3 935/14/3 936/14/3
f 940/14/3 939/14/3 938/14/3
f 941/14/3 939/14/3 940/14/3
f 944/14/3 943/14/3 942/14/3
f 945/14/3 943/14/3 944/14/3
f 948/4/3 947/4/3 946/4/3
f 949/4/3 947/4/3 948/4/3
f 952/4/3 951/4/3 950/4/3
f 953/4/3 951/4/3 952/4/3
f 956/3/3 954/3/3 953/3/3
f 957/3/3 954/3/3 956/3/3
f 958/4/3 956/4/3 955/4/3
f 959/4/3 956/4/3 958/4/3
f 962/14/3 961/14/3 960/14/3
f 963/14/3 961/14/3 962/14/3
f 966/14/3 965/14/3 964/14/3
f 967/14/3 965/14/3 966/14/3
f 970/1/3 969/1/3 968/1/3
f 971/1/3 969/1/3 970/1/3
f 974/6/3 973/6/3 972/6/3
f 975/6/3 973/6/3 974/6/3
f 979/6/3 977/6/3 976/6/3
f 980/9/3 978/9/3 977/9/3
f 980/6/3 977/6/3 979/6/3
f 981/9/3 978/9/3 980/9/3
f 985/8/3 983/8/3 982/8/3
f 986/6/3 984/6/3 983/6/3
f 986/8/3 983/8/3 985/8/3
f 987/6/3 984/6/3 986/6/3
f 988/6/3 986/6/3 985/6/3
f 988/8/3 987/8/3 986/8/3
f 989/8/3 987/8/3 988/8/3
f 990/6/3 988/6/3 985/6/3
f 990/6/3 989/6/3 988/6/3
f 991/6/3 989/6/3 990/6/3
f 992/9/3 991/9/3 990/9/3
f 993/6/3 989/6/3 991/6/3
f 993/9/3 991/9/3 992/9/3
f 994/6/3 989/6/3 993/6/3
f 997/1/3 996/1/3 995/1/3
f 998/1/3 996/1/3 997/1/3
f 999/8/3 998/8/3 997/8/3
f 1000/8/3 998/8/3 999/8/3
f 1001/8/3 998/8/3 1000/8/3
f 1002/7/3 1000/7/3 999/7/3
f 1003/9/3 1001/9/3 1000/9/3
f 1003/7/3 1000/7/3 1002/7/3
f 1004/9/3 1001/9/3 1003/9/3
f 1005/6/3 1003/6/3 1002/6/3
f 1005/6/3 1004/6/3 1003/6/3
f 1006/6/3 1004/6/3 1005/6/3
f 1007/6/3 1004/6/3 1006/6/3
f 1008/9/3 1006/9/3 1005/9/3
f 1009/8/3 1007/8/3 1006/8/3
f 1009/9/3 1006/9/3 1008/9/3
f 1010/8/3 1007/8/3 1009/8/3
f 1013/14/3 1012/14/3 1011/14/3
f 1014/14/3 1012/14/3 1013/14/3
f 1017/14/3 1016/14/3 1015/14/3
f 1018/14/3 1016/14/3 1017/14/3
f 1019/14/3 1016/14/3 1018/14/3
f 1020/14/3 1016/14/3 1019/14/3
f 1023/14/3 1022/14/3 1021/14/3
f 1024/14/3 1022/14/3 1023/14/3
f 1025/14/3 1022/14/3 1024/14/3
f 1026/14/3 1022/14/3 1025/14/3
f 1029/14/3 1028/14/3 1027/14/3
f 1030/14/3 1028/14/3 1029/14/3
f 1031/14/3 1028/14/3 1030/14/3
f 1032/14/3 1028/14/3 1031/14/3
f 1035/12/3 1034/12/3 1033/12/3
f 1036/12/3 1034/12/3 1035/12/3
f 1039/12/3 1038/12/3 1037/12/3
f 1040/12/3 1038/12/3 1039/12/3
f 1043/12/3 1042/12/3 1041/12/3
f 1044/12/3 1042/12/3 1043/12/3
f 1048/12/3 1046/12/3 1045/12/3
f 1048/12/3 1047/12/3 1046/12/3
f 1049/12/3 1047/12/3 1048/12/3
f 1050/12/3 1047/12/3 1049/12/3
f 1054/12/3 1052/12/3 1051/12/3
f 1054/12/3 1053/12/3 1052/12/3
f 1055/12/3 1053/12/3 1054/12/3
f 1056/12/3 1053/12/3 1055/12/3
f 1059/14/3 1058/14/3 1057/14/3
f 1060/14/3 1058/14/3 1059/14/3
f 1061/14/3 1058/14/3 1060/14/3
f 1062/14/3 1058/14/3 1061/14/3
f 1066/12/3 1064/12/3 1063/12/3
f 1066/12/3 1065/12/3 1064/12/3
f 1067/12/3 1065/12/3 1066/12/3
f 1068/12/3 1065/12/3 1067/12/3
f 1071/2/3 1070/2/3 1069/2/3
f 1072/2/3 1070/2/3 1071/2/3
f 1075/2/3 1074/2/3 1073/2/3
f 1076/2/3 1074/2/3 1075/2/3
f 1079/2/3 1078/2/3 1077/2/3
f 1080/2/3 1078/2/3 1079/2/3
f 1083/2/3 1082/2/3 1081/2/3
f 1084/2/3 1082/2/3 1083/2/3
f 1087/2/3 1086/2/3 1085/2/3
f 1088/2/3 1086/2/3 1087/2/3
f 1091/14/3 1090/14/3 1089/14/3
f 1092/14/3 1090/14/3 1091/14/3
f 1093/14/3 1090/14/3 1092/14/3
f 1094/14/3 1090/14/3 1093/14/3
f 1095/14/4 1096/14/4 1097/14/4
f 1097/14/4 1096/14/4 1098/14/4
f 1099/14/4 1100/14/4 1101/14/4
f 1101/14/4 1100/14/4 1102/14/4
f 1103/14/4 1104/14/4 1105/14/4
f 1105/14/4 1104/14/4 1106/14/4
f 1107/14/4 1108/14/4 1109/14/4
f 1109/14/4 1108/14/4 1110/14/4
f 1111/14/4 1112/14/4 1113/14/4
f 1113/14/4 1112/14/4 1114/14/4
f 1115/14/4 1116/14/4 1117/14/4
f 1117/14/4 1116/14/4 1118/14/4
f 1119/14/4 1120/14/4 1121/14/4
f 1121/14/4 1120/14/4 1122/14/4
f 1123/14/4 1124/14/4 1125/14/4
f 1125/14/4 1124/14/4 1126/14/4
f 1127/14/4 1128/14/4 1129/14/4
f 1129/14/4 1128/14/4 1130/14/4
f 1131/14/4 1132/14/4 1133/14/4
f 1133/14/4 1132/14/4 1134/14/4
f 1135/14/4 1136/14/4 1137/14/4
f 1137/14/4 1136/14/4 1138/14/4
f 1139/14/4 1140/14/4 1141/14/4
f 1141/14/4 1140/14/4 1142/14/4
f 1143/14/4 1144/14/4 1145/14/4
f 1145/14/4 1144/14/4 1146/14/4
f 1147/14/4 1148/14/4 1149/14/4
f 1149/14/4 1148/14/4 1150/14/4
f 1151/14/4 1152/14/4 1153/14/4
f 1153/14/4 1152/14/4 1154/14/4
f 1155/9/4 1156/9/4 1157/9/4
f 1157/9/4 1156/9/4 1158/9/4
f 1158/9/4 1156/9/4 1159/9/4
f 1157/7/4 1158/7/4 1161/7/4
f 1158/9/4 1159/9/4 1162/9/4
f 1161/7/4 1158/7/4 1162/7/4
f 1159/6/4 1160/6/4 1163/6/4
f 1162/9/4 1159/9/4 1163/9/4
f 1163/6/4 1160/6/4 1164/6/4
f 1162/9/4 1163/9/4 1166/9/4
f 1163/8/4 1164/8/4 1167/8/4
f 1166/9/4 1163/9/4 1167/9/4
f 1164/9/4 1165/9/4 1168/9/4
f 1167/8/4 1164/8/4 1168/8/4
f 1168/9/4 1165/9/4 1169/9/4
f 1167/6/4 1168/6/4 1170/6/4
f 1168/7/4 1169/7/4 1171/7/4
f 1170/6/4 1168/6/4 1171/6/4
f 1171/7/4 1169/7/4 1172/7/4
f 1170/9/4 1171/9/4 1173/9/4
f 1171/9/4 1172/9/4 1173/9/4
f 1173/9/4 1172/9/4 1174/9/4
f 1173/8/4 1174/8/4 1175/8/4
f 1174/9/4 1172/9/4 1176/9/4
f 1175/8/4 1174/8/4 1176/8/4
f 1176/9/4 1172/9/4 1177/9/4
f 1175/7/4 1176/7/4 1178/7/4
f 1176/6/4 1177/6/4 1179/6/4
f 1178/7/4 1176/7/4 1179/7/4
f 1179/6/4 1177/6/4 1180/6/4
f 1178/6/4 1179/6/4 1182/6/4
f 1179/7/4 1180/7/4 1183/7/4
f 1182/6/4 1179/6/4 1183/6/4
f 1181/6/4 1182/6/4 1185/6/4
f 1182/9/4 1183/9/4 1186/9/4
f 1185/6/4 1182/6/4 1186/6/4
f 1183/7/4 1180/7/4 1187/7/4
f 1186/9/4 1183/9/4 1187/9/4
f 1187/7/4 1180/7/4 1188/7/4
f 1185/9/4 1186/9/4 1189/9/4
f 1184/9/4 1185/9/4 1189/9/4
f 1186/9/4 1187/9/4 1189/9/4
f 1189/9/4 1187/9/4 1190/9/4
f 1190/9/4 1187/9/4 1191/9/4
f 1191/9/4 1187/9/4 1192/9/4
f 1189/7/4 1190/7/4 1193/7/4
f 1190/8/4 1191/8/4 1194/8/4
f 1193/7/4 1190/7/4 1194/7/4
f 1194/8/4 1191/8/4 1195/8/4
f 1196/14/4 1197/14/4 1198/14/4
f 1198/14/4 1197/14/4 1199/14/4
f 1200/14/4 1201/14/4 1202/14/4
f 1202/14/4 1201/14/4 1203/14/4
f 1204/14/4 1205/14/4 1206/14/4
f 1206/14/4 1205/14/4 1207/14/4
f 1208/14/4 1209/14/4 1210/14/4
f 1210/14/4 1209/14/4 1211/14/4
f 1212/8/4 1213/8/4 1214/8/4
f 1214/8/4 1213/8/4 1215/8/4
f 1215/8/4 1213/8/4 1216/8/4
f 1214/9/4 1215/9/4 1218/9/4
f 1215/6/4 1216/6/4 1219/6/4
f 1218/9/4 1215/9/4 1219/9/4
f 1216/7/4 1217/7/4 1220/7/4
f 1219/6/4 1216/6/4 1220/6/4
f 1220/7/4 1217/7/4 1221/7/4
f 1219/6/4 1220/6/4 1223/6/4
f 1220/6/4 1221/6/4 1223/6/4
f 1223/6/4 1221/6/4 1224/6/4
f 1221/8/4 1222/8/4 1225/8/4
f 1224/6/4 1221/6/4 1225/6/4
f 1224/7/4 1225/7/4 1226/7/4
f 1225/8/4 1222/8/4 1227/8/4
f 1226/7/4 1225/7/4 1227/7/4
f 1226/8/4 1227/8/4 1228/8/4
f 1227/8/4 1222/8/4 1229/8/4
f 1228/8/4 1227/8/4 1229/8/4
f 1229/8/4 1222/8/4 1230/8/4
f 1228/9/4 1229/9/4 1231/9/4
f 1229/6/4 1230/6/4 1232/6/4
f 1231/9/4 1229/9/4 1232/9/4
f 1232/6/4 1230/6/4 1233/6/4
f 1231/7/4 1232/7/4 1234/7/4
f 1232/8/4 1233/8/4 1235/8/4
f 1234/7/4 1232/7/4 1235/7/4
f 1235/8/4 1233/8/4 1236/8/4
f 1234/9/4 1235/9/4 1238/9/4
f 1235/6/4 1236/6/4 1239/6/4
f 1238/9/4 1235/9/4 1239/9/4
f 1239/6/4 1236/6/4 1240/6/4
f 1237/7/4 1238/7/4 1242/7/4
f 1238/6/4 1239/6/4 1243/6/4
f 1242/7/4 1238/7/4 1243/7/4
f 1239/9/4 1240/9/4 1244/9/4
f 1243/6/4 1239/6/4 1244/6/4
f 1244/9/4 1240/9/4 1245/9/4
f 1241/9/4 1242/9/4 1246/9/4
f 1242/9/4 1243/9/4 1246/9/4
f 1246/9/4 1243/9/4 1247/9/4
f 1243/7/4 1244/7/4 1248/7/4
f 1247/9/4 1243/9/4 1248/9/4
f 1248/7/4 1244/7/4 1249/7/4
f 1246/7/4 1247/7/4 1250/7/4
f 1247/9/4 1248/9/4 1251/9/4
f 1250/7/4 1247/7/4 1251/7/4
f 1251/9/4 1248/9/4 1252/9/4
f 1253/6/4 1254/6/4 1255/6/4
f 1255/6/4 1254/6/4 1256/6/4
f 1257/9/4 1258/9/4 1259/9/4
f 1259/9/4 1258/9/4 1260/9/4
f 1257/9/4 1259/9/4 1262/9/4
f 1259/8/4 1260/8/4 1263/8/4
f 1262/9/4 1259/9/4 1263/9/4
f 1260/6/4 1261/6/4 1264/6/4
f 1263/8/4 1260/8/4 1264/8/4
f 1264/6/4 1261/6/4 1265/6/4
f 1263/6/4 1264/6/4 1267/6/4
f 1264/9/4 1265/9/4 1268/9/4
f 1267/6/4 1264/6/4 1268/6/4
f 1265/7/4 1266/7/4 1269/7/4
f 1268/9/4 1265/9/4 1269/9/4
f 1269/7/4 1266/7/4 1270/7/4
f 1268/9/4 1269/9/4 1271/9/4
f 1269/9/4 1270/9/4 1271/9/4
f 1271/9/4 1270/9/4 1272/9/4
f 1272/9/4 1270/9/4 1273/9/4
f 1271/7/4 1272/7/4 1274/7/4
f 1272/6/4 1273/6/4 1275/6/4
f 1274/7/4 1272/7/4 1275/7/4
f 1275/6/4 1273/6/4 1276/6/4
f 1274/9/4 1275/9/4 1277/9/4
f 1275/9/4 1276/9/4 1277/9/4
f 1277/9/4 1276/9/4 1278/9/4
f 1277/8/4 1278/8/4 1280/8/4
f 1280/8/4 1278/8/4 1281/8/4
f 1279/8/4 1280/8/4 1283/8/4
f 1280/7/4 1281/7/4 1284/7/4
f 1283/8/4 1280/8/4 1284/8/4
f 1284/7/4 1281/7/4 1285/7/4
f 1285/7/4 1281/7/4 1286/7/4
f 1282/6/4 1283/6/4 1287/6/4
f 1283/8/4 1284/8/4 1288/8/4
f 1287/6/4 1283/6/4 1288/6/4
f 1284/9/4 1285/9/4 1289/9/4
f 1288/8/4 1284/8/4 1289/8/4
f 1289/9/4 1285/9/4 1290/9/4
f 1287/8/4 1288/8/4 1291/8/4
f 1288/7/4 1289/7/4 1292/7/4
f 1291/8/4 1288/8/4 1292/8/4
f 1292/7/4 1289/7/4 1293/7/4
f 1294/14/4 1295/14/4 1296/14/4
f 1296/14/4 1295/14/4 1297/14/4
f 1298/14/4 1299/14/4 1300/14/4
f 1300/14/4 1299/14/4 1301/14/4
f 1302/14/4 1303/14/4 1304/14/4
f 1304/14/4 1303/14/4 1305/14/4
f 1306/14/4 1307/14/4 1308/14/4
f 1308/14/4 1307/14/4 1309/14/4
f 1310/6/4 1311/6/4 1312/6/4
f 1312/6/4 1311/6/4 1313/6/4
f 1314/1/4 1315/1/4 1316/1/4
f 1316/1/4 1315/1/4 1317/1/4
f 1317/1/4 1315/1/4 1318/1/4
f 1316/8/4 1317/8/4 1320/8/4
f 1317/9/4 1318/9/4 1321/9/4
f 1320/8/4 1317/8/4 1321/8/4
f 1321/9/4 1318/9/4 1322/9/4
f 1319/6/4 1320/6/4 1323/6/4
f 1320/8/4 1321/8/4 1324/8/4
f 1323/6/4 1320/6/4 1324/6/4
f 1323/7/4 1324/7/4 1325/7/4
f 1324/8/4 1321/8/4 1325/8/4
f 1325/8/4 1321/8/4 1326/8/4
f 1323/7/4 1325/7/4 1327/7/4
f 1325/9/4 1326/9/4 1328/9/4
f 1327/7/4 1325/7/4 1328/7/4
f 1328/9/4 1326/9/4 1329/9/4
f 1327/6/4 1328/6/4 1331/6/4
f 1328/8/4 1329/8/4 1332/8/4
f 1331/6/4 1328/6/4 1332/6/4
f 1329/7/4 1330/7/4 1333/7/4
f 1332/8/4 1329/8/4 1333/8/4
f 1333/7/4 1330/7/4 1334/7/4
f 1332/6/4 1333/6/4 1335/6/4
f 1333/6/4 1334/6/4 1335/6/4
f 1335/6/4 1334/6/4 1336/6/4
f 1332/6/4 1335/6/4 1338/6/4
f 1335/7/4 1336/7/4 1339/7/4
f 1338/6/4 1335/6/4 1339/6/4
f 1339/7/4 1336/7/4 1340/7/4
f 1337/9/4 1338/9/4 1341/9/4
f 1338/7/4 1339/7/4 1342/7/4
f 1341/9/4 1338/9/4 1342/9/4
f 1339/9/4 1340/9/4 1343/9/4
f 1342/7/4 1339/7/4 1343/7/4
f 1343/9/4 1340/9/4 1344/9/4
f 1341/8/4 1342/8/4 1345/8/4
f 1342/6/4 1343/6/4 1346/6/4
f 1345/8/4 1342/8/4 1346/8/4
f 1346/6/4 1343/6/4 1347/6/4
f 1348/14/4 1349/14/4 1350/14/4
f 1350/14/4 1349/14/4 1351/14/4
f 1352/14/4 1353/14/4 1354/14/4
f 1354/14/4 1353/14/4 1355/14/4
f 1356/4/4 1357/4/4 1358/4/4
f 1358/4/4 1357/4/4 1359/4/4
f 1359/3/4 1360/3/4 1362/3/4
f 1362/3/4 1360/3/4 1363/3/4
f 1361/4/4 1362/4/4 1364/4/4
f 1364/4/4 1362/4/4 1365/4/4
f 1366/4/4 1367/4/4 1368/4/4
f 1368/4/4 1367/4/4 1369/4/4
f 1370/6/4 1371/6/4 1372/6/4
f 1372/6/4 1371/6/4 1373/6/4
f 1374/7/4 1375/7/4 1377/7/4
f 1375/6/4 1376/6/4 1378/6/4
f 1377/7/4 1375/7/4 1378/7/4
f 1378/6/4 1376/6/4 1379/6/4
f 1380/6/4 1381/6/4 1383/6/4
f 1381/7/4 1382/7/4 1384/7/4
f 1383/6/4 1381/6/4 1384/6/4
f 1384/7/4 1382/7/4 1385/7/4
f 1386/7/4 1387/7/4 1389/7/4
f 1387/9/4 1388/9/4 1390/9/4
f 1389/7/4 1387/7/4 1390/7/4
f 1390/9/4 1388/9/4 1391/9/4
f 1389/8/4 1390/8/4 1392/8/4
f 1390/7/4 1391/7/4 1393/7/4
f 1392/8/4 1390/8/4 1393/8/4
f 1393/7/4 1391/7/4 1394/7/4
f 1392/6/4 1393/6/4 1395/6/4
f 1393/6/4 1394/6/4 1395/6/4
f 1395/6/4 1394/6/4 1396/6/4
f 1396/6/4 1394/6/4 1397/6/4
f 1395/8/4 1396/8/4 1398/8/4
f 1396/9/4 1397/9/4 1399/9/4
f 1398/8/4 1396/8/4 1399/8/4
f 1399/9/4 1397/9/4 1400/9/4
f 1401/1/4 1402/1/4 1403/1/4
f 1403/1/4 1402/1/4 1404/1/4
f 1404/1/4 1402/1/4 1405/1/4
f 1403/7/4 1404/7/4 1406/7/4
f 1404/6/4 1405/6/4 1407/6/4
f 1406/7/4 1404/7/4 1407/7/4
f 1407/6/4 1405/6/4 1408/6/4
f 1406/8/4 1407/8/4 1409/8/4
f 1407/8/4 1408/8/4 1409/8/4
f 1409/8/4 1408/8/4 1410/8/4
f 1406/8/4 1409/8/4 1411/8/4
f 1409/9/4 1410/9/4 1412/9/4
f 1411/8/4 1409/8/4 1412/8/4
f 1411/9/4 1412/9/4 1413/9/4
f 1412/9/4 1410/9/4 1414/9/4
f 1413/9/4 1412/9/4 1414/9/4
f 1414/9/4 1410/9/4 1415/9/4
f 1413/7/4 1414/7/4 1416/7/4
f 1414/6/4 1415/6/4 1417/6/4
f 1416/7/4 1414/7/4 1417/7/4
f 1417/6/4 1415/6/4 1418/6/4
f 1419/14/4 1420/14/4 1421/14/4
f 1421/14/4 1420/14/4 1422/14/4
f 1422/14/4 1420/14/4 1423/14/4
f 1423/14/4 1420/14/4 1424/14/4
f 1425/14/4 1426/14/4 1427/14/4
f 1427/14/4 1426/14/4 1428/14/4
f 1428/14/4 1426/14/4 1429/14/4
f 1429/14/4 1426/14/4 1430/14/4
f 1431/14/4 1432/14/4 1433/14/4
f 1433/14/4 1432/14/4 1434/14/4
f 1434/14/4 1432/14/4 1435/14/4
f 1435/14/4 1432/14/4 1436/14/4
f 1437/2/4 1438/2/4 1439/2/4
f 1439/2/4 1438/2/4 1440/2/4
f 1441/2/4 1442/2/4 1443/2/4
f 1443/2/4 1442/2/4 1444/2/4
f 1445/2/4 1446/2/4 1447/2/4
f 1447/2/4 1446/2/4 1448/2/4
f 1449/14/4 1450/14/4 1451/14/4
f 1451/14/4 1450/14/4 1452/14/4
f 1452/14/4 1450/14/4 1453/14/4
f 1453/14/4 1450/14/4 1454/14/4
f 1455/12/4 1456/12/4 1458/12/4
f 1456/12/4 1457/12/4 1458/12/4
f 1458/12/4 1457/12/4 1459/12/4
f 1459/12/4 1457/12/4 1460/12/4
f 1461/12/4 1462/12/4 1464/12/4
f 1462/12/4 1463/12/4 1464/12/4
f 1464/12/4 1463/12/4 1465/12/4
f 1465/12/4 1463/12/4 1466/12/4
f 1467/12/4 1468/12/4 1470/12/4
f 1468/12/4 1469/12/4 1470/12/4
f 1470/12/4 1469/12/4 1471/12/4
f 1471/12/4 1469/12/4 1472/12/4
f 1473/12/4 1474/12/4 1476/12/4
f 1474/12/4 1475/12/4 1476/12/4
f 1476/12/4 1475/12/4 1477/12/4
f 1477/12/4 1475/12/4 1478/12/4
f 1479/12/4 1480/12/4 1482/12/4
f 1480/12/4 1481/12/4 1482/12/4
f 1482/12/4 1481/12/4 1483/12/4
f 1483/12/4 1481/12/4 1484/12/4
f 1485/14/4 1486/14/4 1487/14/4
f 1487/14/4 1486/14/4 1488/14/4
f 1488/14/4 1486/14/4 1489/14/4
f 1489/14/4 1486/14/4 1490/14/4
f 1491/12/4 1492/12/4 1493/12/4
f 1493/12/4 1492/12/4 1494/12/4
f 1495/14/4 1496/14/4 1497/14/4
f 1497/14/4 1496/14/4 1498/14/4
f 1501/14/5 1500/14/5 1499/14/5
f 1502/14/5 1500/14/5 1501/14/5
f 1503/14/5 1500/14/5 1502/14/5
f 1504/14/5 1500/14/5 1503/14/5
f 1505/14/5 1500/14/5 1504/14/5
f 1506/14/5 1500/14/5 1505/14/5
f 1507/14/5 1500/14/5 1506/14/5
f 1508/14/5 1500/14/5 1507/14/5
f 1509/14/5 1501/14/5 1499/14/5
f 1510/15/5 1502/15/5 1501/15/5
f 1510/14/5 1501/14/5 1509/14/5
f 1511/14/5 1503/14/5 1502/14/5
f 1511/15/5 1502/15/5 1510/15/5
f 1512/14/5 1503/14/5 1511/14/5
f 1513/3/5 1504/3/5 1503/3/5
f 1513/14/5 1503/14/5 1512/14/5
f 1514/14/5 1505/14/5 1504/14/5
f 1514/3/5 1504/3/5 1513/3/5
f 1515/3/5 1506/3/5 1505/3/5
f 1515/14/5 1505/14/5 1514/14/5
f 1516/14/5 1507/14/5 1506/14/5
f 1516/3/5 1506/3/5 1515/3/5
f 1517/3/5 1508/3/5 1507/3/5
f 1517/14/5 1507/14/5 1516/14/5
f 1518/14/5 1500/14/5 1508/14/5
f 1518/3/5 1508/3/5 1517/3/5
f 1519/14/5 1517/14/5 1516/14/5
f 1519/14/5 1513/14/5 1512/14/5
f 1519/14/5 1518/14/5 1517/14/5
f 1519/14/5 1514/14/5 1513/14/5
f 1519/14/5 1516/14/5 1515/14/5
f 1519/14/5 1515/14/5 1514/14/5
f 1520/14/5 1518/14/5 1519/14/5
f 1521/14/5 1518/14/5 1520/14/5
f 1522/14/5 1518/14/5 1521/14/5
f 1523/14/5 1518/14/5 1522/14/5
f 1524/14/5 1500/14/5 1518/14/5
f 1524/14/5 1518/14/5 1523/14/5
f 1525/14/5 1509/14/5 1499/14/5
f 1525/15/5 1510/15/5 1509/15/5
f 1525/15/5 1512/15/5 1511/15/5
f 1525/15/5 1511/15/5 1510/15/5
f 1526/15/5 1512/15/5 1525/15/5
f 1527/15/5 1512/15/5 1526/15/5
f 1528/14/5 1519/14/5 1512/14/5
f 1528/15/5 1512/15/5 1527/15/5
f 1529/3/5 1520/3/5 1519/3/5
f 1529/14/5 1519/14/5 1528/14/5
f 1530/14/5 1521/14/5 1520/14/5
f 1530/3/5 1520/3/5 1529/3/5
f 1531/3/5 1522/3/5 1521/3/5
f 1531/14/5 1521/14/5 1530/14/5
f 1532/14/5 1523/14/5 1522/14/5
f 1532/3/5 1522/3/5 1531/3/5
f 1533/3/5 1524/3/5 1523/3/5
f 1533/14/5 1523/14/5 1532/14/5
f 1534/14/5 1500/14/5 1524/14/5
f 1534/3/5 1524/3/5 1533/3/5
f 1535/15/5 1527/15/5 1526/15/5
f 1535/14/5 1526/14/5 1525/14/5
f 1536/14/5 1531/14/5 1530/14/5
f 1536/15/5 1527/15/5 1535/15/5
f 1536/14/5 1533/14/5 1532/14/5
f 1536/14/5 1534/14/5 1533/14/5
f 1536/14/5 1532/14/5 1531/14/5
f 1536/14/5 1528/14/5 1527/14/5
f 1536/14/5 1530/14/5 1529/14/5
f 1536/14/5 1529/14/5 1528/14/5
f 1537/14/5 1535/14/5 1525/14/5
f 1537/14/5 1536/14/5 1535/14/5
f 1538/14/5 1534/14/5 1536/14/5
f 1538/14/5 1536/14/5 1537/14/5
f 1539/14/5 1537/14/5 1525/14/5
f 1539/14/5 1525/14/5 1499/14/5
f 1540/15/5 1538/15/5 1537/15/5
f 1540/14/5 1537/14/5 1539/14/5
f 1541/14/5 1534/14/5 1538/14/5
f 1541/15/5 1538/15/5 1540/15/5
f 1542/14/5 1534/14/5 1541/14/5
f 1543/14/5 1534/14/5 1542/14/5
f 1544/14/5 1534/14/5 1543/14/5
f 1545/14/5 1543/14/5 1542/14/5
f 1545/6/5 1544/6/5 1543/6/5
f 1546/14/5 1534/14/5 1544/14/5
f 1546/6/5 1544/6/5 1545/6/5
f 1547/15/5 1540/15/5 1539/15/5
f 1547/14/5 1539/14/5 1499/14/5
f 1547/15/5 1541/15/5 1540/15/5
f 1547/15/5 1542/15/5 1541/15/5
f 1548/15/5 1542/15/5 1547/15/5
f 1549/15/5 1542/15/5 1548/15/5
f 1550/14/5 1546/14/5 1545/14/5
f 1550/15/5 1542/15/5 1549/15/5
f 1550/14/5 1545/14/5 1542/14/5
f 1551/14/5 1546/14/5 1550/14/5
f 1552/14/5 1534/14/5 1546/14/5
f 1552/14/5 1546/14/5 1551/14/5
f 1553/15/5 1549/15/5 1548/15/5
f 1553/14/5 1548/14/5 1547/14/5
f 1554/14/5 1551/14/5 1550/14/5
f 1554/15/5 1549/15/5 1553/15/5
f 1554/14/5 1550/14/5 1549/14/5
f 1555/6/5 1552/6/5 1551/6/5
f 1555/14/5 1551/14/5 1554/14/5
f 1556/14/5 1534/14/5 1552/14/5
f 1556/6/5 1552/6/5 1555/6/5
f 1557/14/5 1555/14/5 1554/14/5
f 1557/14/5 1554/14/5 1553/14/5
f 1557/14/5 1556/14/5 1555/14/5
f 1558/14/5 1534/14/5 1556/14/5
f 1558/14/5 1556/14/5 1557/14/5
f 1559/14/5 1553/14/5 1547/14/5
f 1559/14/5 1557/14/5 1553/14/5
f 1560/14/5 1557/14/5 1559/14/5
f 1561/6/5 1558/6/5 1557/6/5
f 1561/14/5 1557/14/5 1560/14/5
f 1562/14/5 1534/14/5 1558/14/5
f 1562/6/5 1558/6/5 1561/6/5
f 1563/14/5 1547/14/5 1499/14/5
f 1563/14/5 1559/14/5 1547/14/5
f 1564/15/5 1560/15/5 1559/15/5
f 1564/14/5 1559/14/5 1563/14/5
f 1565/14/5 1561/14/5 1560/14/5
f 1565/15/5 1560/15/5 1564/15/5
f 1565/14/5 1562/14/5 1561/14/5
f 1566/14/5 1562/14/5 1565/14/5
f 1567/14/5 1562/14/5 1566/14/5
f 1568/14/5 1534/14/5 1562/14/5
f 1568/14/5 1562/14/5 1567/14/5
f 1569/14/5 1500/14/5 1534/14/5
f 1569/14/5 1534/14/5 1568/14/5
f 1570/14/5 1500/14/5 1569/14/5
f 1571/6/5 1568/6/5 1567/6/5
f 1571/14/5 1567/14/5 1566/14/5
f 1572/14/5 1569/14/5 1568/14/5
f 1572/6/5 1568/6/5 1571/6/5
f 1573/15/5 1564/15/5 1563/15/5
f 1573/14/5 1563/14/5 1499/14/5
f 1573/15/5 1565/15/5 1564/15/5
f 1573/15/5 1566/15/5 1565/15/5
f 1574/15/5 1566/15/5 1573/15/5
f 1575/15/5 1566/15/5 1574/15/5
f 1576/14/5 1572/14/5 1571/14/5
f 1576/15/5 1566/15/5 1575/15/5
f 1576/14/5 1571/14/5 1566/14/5
f 1577/14/5 1572/14/5 1576/14/5
f 1578/14/5 1569/14/5 1572/14/5
f 1578/14/5 1572/14/5 1577/14/5
f 1579/15/5 1570/15/5 1569/15/5
f 1579/14/5 1569/14/5 1578/14/5
f 1580/14/5 1500/14/5 1570/14/5
f 1580/15/5 1570/15/5 1579/15/5
f 1581/15/5 1575/15/5 1574/15/5
f 1581/14/5 1574/14/5 1573/14/5
f 1582/14/5 1577/14/5 1576/14/5
f 1582/15/5 1575/15/5 1581/15/5
f 1582/14/5 1576/14/5 1575/14/5
f 1583/6/5 1578/6/5 1577/6/5
f 1583/14/5 1577/14/5 1582/14/5
f 1584/14/5 1579/14/5 1578/14/5
f 1584/6/5 1578/6/5 1583/6/5
f 1584/14/5 1580/14/5 1579/14/5
f 1585/14/5 1583/14/5 1582/14/5
f 1585/14/5 1582/14/5 1581/14/5
f 1585/14/5 1584/14/5 1583/14/5
f 1586/14/5 1580/14/5 1584/14/5
f 1586/14/5 1584/14/5 1585/14/5
f 1587/14/5 1580/14/5 1586/14/5
f 1588/14/5 1500/14/5 1580/14/5
f 1588/14/5 1580/14/5 1587/14/5
f 1589/14/5 1500/14/5 1588/14/5
f 1590/14/5 1500/14/5 1589/14/5
f 1591/14/5 1581/14/5 1573/14/5
f 1591/14/5 1585/14/5 1581/14/5
f 1592/14/5 1585/14/5 1591/14/5
f 1593/6/5 1586/6/5 1585/6/5
f 1593/14/5 1585/14/5 1592/14/5
f 1594/14/5 1587/14/5 1586/14/5
f 1594/6/5 1586/6/5 1593/6/5
f 1595/14/5 1573/14/5 1499/14/5
f 1595/14/5 1591/14/5 1573/14/5
f 1596/15/5 1592/15/5 1591/15/5
f 1596/14/5 1591/14/5 1595/14/5
f 1597/14/5 1593/14/5 1592/14/5
f 1597/15/5 1592/15/5 1596/15/5
f 1597/14/5 1594/14/5 1593/14/5
f 1598/14/5 1594/14/5 1597/14/5
f 1599/14/5 1594/14/5 1598/14/5
f 1600/14/5 1587/14/5 1594/14/5
f 1600/14/5 1594/14/5 1599/14/5
f 1601/15/5 1588/15/5 1587/15/5
f 1601/14/5 1587/14/5 1600/14/5
f 1602/14/5 1589/14/5 1588/14/5
f 1602/15/5 1588/15/5 1601/15/5
f 1603/15/5 1590/15/5 1589/15/5
f 1603/14/5 1589/14/5 1602/14/5
f 1604/14/5 1500/14/5 1590/14/5
f 1604/15/5 1590/15/5 1603/15/5
f 1605/14/5 1599/14/5 1598/14/5
f 1605/6/5 1600/6/5 1599/6/5
f 1606/14/5 1603/14/5 1602/14/5
f 1606/6/5 1600/6/5 1605/6/5
f 1606/14/5 1602/14/5 1601/14/5
f 1606/14/5 1604/14/5 1603/14/5
f 1606/14/5 1601/14/5 1600/14/5
f 1607/15/5 1596/15/5 1595/15/5
f 1607/15/5 1598/15/5 1597/15/5
f 1607/14/5 1595/14/5 1499/14/5
f 1607/15/5 1597/15/5 1596/15/5
f 1608/15/5 1598/15/5 1607/15/5
f 1609/15/5 1598/15/5 1608/15/5
f 1610/14/5 1605/14/5 1598/14/5
f 1610/15/5 1598/15/5 1609/15/5
f 1610/14/5 1606/14/5 1605/14/5
f 1611/14/5 1606/14/5 1610/14/5
f 1612/14/5 1604/14/5 1606/14/5
f 1612/14/5 1606/14/5 1611/14/5
f 1613/15/5 1609/15/5 1608/15/5
f 1613/14/5 1608/14/5 1607/14/5
f 1614/14/5 1611/14/5 1610/14/5
f 1614/15/5 1609/15/5 1613/15/5
f 1614/14/5 1610/14/5 1609/14/5
f 1615/6/5 1612/6/5 1611/6/5
f 1615/14/5 1611/14/5 1614/14/5
f 1616/14/5 1604/14/5 1612/14/5
f 1616/6/5 1612/6/5 1615/6/5
f 1617/14/5 1615/14/5 1614/14/5
f 1617/14/5 1614/14/5 1613/14/5
f 1617/14/5 1616/14/5 1615/14/5
f 1618/14/5 1604/14/5 1616/14/5
f 1618/14/5 1616/14/5 1617/14/5
f 1619/14/5 1617/14/5 1613/14/5
f 1619/6/5 1618/6/5 1617/6/5
f 1620/14/5 1604/14/5 1618/14/5
f 1620/6/5 1618/6/5 1619/6/5
f 1621/14/5 1619/14/5 1613/14/5
f 1621/14/5 1613/14/5 1607/14/5
f 1621/14/5 1620/14/5 1619/14/5
f 1621/14/5 1607/14/5 1499/14/5
f 1622/14/5 1620/14/5 1621/14/5
f 1623/14/5 1604/14/5 1620/14/5
f 1623/14/5 1620/14/5 1622/14/5
f 1624/14/5 1604/14/5 1623/14/5
f 1625/3/5 1622/3/5 1621/3/5
f 1625/14/5 1621/14/5 1499/14/5
f 1626/14/5 1623/14/5 1622/14/5
f 1626/3/5 1622/3/5 1625/3/5
f 1627/3/5 1624/3/5 1623/3/5
f 1627/14/5 1623/14/5 1626/14/5
f 1628/14/5 1604/14/5 1624/14/5
f 1628/3/5 1624/3/5 1627/3/5
f 1629/14/5 1627/14/5 1626/14/5
f 1629/14/5 1626/14/5 1625/14/5
f 1629/14/5 1628/14/5 1627/14/5
f 1630/14/5 1628/14/5 1629/14/5
f 1631/14/5 1629/14/5 1625/14/5
f 1631/3/5 1630/3/5 1629/3/5
f 1632/14/5 1628/14/5 1630/14/5
f 1632/3/5 1630/3/5 1631/3/5
f 1633/14/5 1631/14/5 1625/14/5
f 1633/14/5 1632/14/5 1631/14/5
f 1634/14/5 1632/14/5 1633/14/5
f 1635/14/5 1633/14/5 1625/14/5
f 1635/3/5 1634/3/5 1633/3/5
f 1636/14/5 1632/14/5 1634/14/5
f 1636/3/5 1634/3/5 1635/3/5
f 1637/14/5 1604/14/5 1628/14/5
f 1637/14/5 1632/14/5 1636/14/5
f 1637/14/5 1628/14/5 1632/14/5
f 1638/14/5 1604/14/5 1637/14/5
f 1639/14/5 1604/14/5 1638/14/5
f 1640/14/5 1604/14/5 1639/14/5
f 1641/14/5 1604/14/5 1640/14/5
f 1642/14/5 1604/14/5 1641/14/5
f 1643/14/5 1604/14/5 1642/14/5
f 1644/14/5 1604/14/5 1643/14/5
f 1645/14/5 1604/14/5 1644/14/5
f 1646/14/5 1604/14/5 1645/14/5
f 1647/14/5 1604/14/5 1646/14/5
f 1648/14/5 1500/14/5 1604/14/5
f 1648/14/5 1604/14/5 1647/14/5
f 1649/14/5 1636/14/5 1635/14/5
f 1649/14/5 1637/14/5 1636/14/5
f 1650/14/5 1637/14/5 1649/14/5
f 1651/14/5 1649/14/5 1635/14/5
f 1651/3/5 1650/3/5 1649/3/5
f 1652/14/5 1637/14/5 1650/14/5
f 1652/3/5 1650/3/5 1651/3/5
f 1653/14/5 1652/14/5 1651/14/5
f 1653/14/5 1637/14/5 1652/14/5
f 1654/14/5 1637/14/5 1653/14/5
f 1655/15/5 1638/15/5 1637/15/5
f 1655/14/5 1637/14/5 1654/14/5
f 1656/14/5 1639/14/5 1638/14/5
f 1656/15/5 1638/15/5 1655/15/5
f 1657/15/5 1640/15/5 1639/15/5
f 1657/14/5 1639/14/5 1656/14/5
f 1658/14/5 1641/14/5 1640/14/5
f 1658/15/5 1640/15/5 1657/15/5
f 1659/15/5 1642/15/5 1641/15/5
f 1659/14/5 1641/14/5 1658/14/5
f 1660/14/5 1643/14/5 1642/14/5
f 1660/15/5 1642/15/5 1659/15/5
f 1661/15/5 1644/15/5 1643/15/5
f 1661/14/5 1643/14/5 1660/14/5
f 1662/14/5 1645/14/5 1644/14/5
f 1662/15/5 1644/15/5 1661/15/5
f 1663/15/5 1646/15/5 1645/15/5
f 1663/14/5 1645/14/5 1662/14/5
f 1664/14/5 1647/14/5 1646/14/5
f 1664/15/5 1646/15/5 1663/15/5
f 1665/15/5 1648/15/5 1647/15/5
f 1665/14/5 1647/14/5 1664/14/5
f 1666/14/5 1500/14/5 1648/14/5
f 1666/15/5 1648/15/5 1665/15/5
f 1667/3/5 1654/3/5 1653/3/5
f 1667/14/5 1653/14/5 1651/14/5
f 1668/14/5 1665/14/5 1664/14/5
f 1668/3/5 1654/3/5 1667/3/5
f 1668/14/5 1663/14/5 1662/14/5
f 1668/14/5 1666/14/5 1665/14/5
f 1668/14/5 1664/14/5 1663/14/5
f 1668/14/5 1662/14/5 1661/14/5
f 1668/14/5 1661/14/5 1660/14/5
f 1668/14/5 1660/14/5 1659/14/5
f 1668/14/5 1659/14/5 1658/14/5
f 1668/14/5 1658/14/5 1657/14/5
f 1668/14/5 1657/14/5 1656/14/5
f 1668/14/5 1656/14/5 1655/14/5
f 1668/14/5 1655/14/5 1654/14/5
f 1669/14/5 1667/14/5 1651/14/5
f 1669/14/5 1651/14/5 1635/14/5
f 1669/14/5 1668/14/5 1667/14/5
f 1669/14/5 1625/14/5 1499/14/5
f 1669/14/5 1635/14/5 1625/14/5
f 1670/14/5 1666/14/5 1668/14/5
f 1670/14/5 1668/14/5 1669/14/5
f 1670/14/5 1500/14/5 1666/14/5
f 1675/8/5 1672/8/5 1671/8/5
f 1676/8/5 1672/8/5 1675/8/5
f 1677/6/5 1674/6/5 1673/6/5
f 1678/9/5 1676/9/5 1675/9/5
f 1679/9/5 1676/9/5 1678/9/5
f 1680/6/5 1677/6/5 1673/6/5
f 1681/6/5 1677/6/5 1680/6/5
f 1686/8/5 1683/8/5 1682/8/5
f 1687/8/5 1683/8/5 1686/8/5
f 1688/8/5 1685/8/5 1684/8/5
f 1689/8/5 1685/8/5 1688/8/5
f 1690/6/5 1687/6/5 1686/6/5
f 1691/6/5 1687/6/5 1690/6/5
f 1692/7/5 1689/7/5 1688/7/5
f 1693/7/5 1689/7/5 1692/7/5
f 1698/9/5 1695/9/5 1694/9/5
f 1699/9/5 1695/9/5 1698/9/5
f 1700/8/5 1697/8/5 1696/8/5
f 1701/6/5 1699/6/5 1698/6/5
f 1702/6/5 1699/6/5 1701/6/5
f 1703/8/5 1700/8/5 1696/8/5
f 1704/8/5 1700/8/5 1703/8/5
f 1711/1/5 1706/1/5 1705/1/5
f 1711/9/5 1707/9/5 1706/9/5
f 1712/9/5 1707/9/5 1711/9/5
f 1713/6/5 1709/6/5 1708/6/5
f 1714/7/5 1710/7/5 1709/7/5
f 1714/6/5 1709/6/5 1713/6/5
f 1715/7/5 1710/7/5 1714/7/5
f 1716/1/5 1711/1/5 1705/1/5
f 1717/8/5 1712/8/5 1711/8/5
f 1717/1/5 1711/1/5 1716/1/5
f 1718/8/5 1712/8/5 1717/8/5
f 1719/6/5 1714/6/5 1713/6/5
f 1719/6/5 1715/6/5 1714/6/5
f 1720/6/5 1715/6/5 1719/6/5
f 1725/6/5 1722/6/5 1721/6/5
f 1726/8/5 1723/8/5 1722/8/5
f 1726/6/5 1722/6/5 1725/6/5
f 1727/6/5 1724/6/5 1723/6/5
f 1727/8/5 1723/8/5 1726/8/5
f 1728/6/5 1724/6/5 1727/6/5
f 1729/6/5 1724/6/5 1728/6/5
f 1730/6/5 1726/6/5 1725/6/5
f 1731/9/5 1727/9/5 1726/9/5
f 1731/6/5 1726/6/5 1730/6/5
f 1732/8/5 1728/8/5 1727/8/5
f 1732/9/5 1727/9/5 1731/9/5
f 1733/7/5 1729/7/5 1728/7/5
f 1733/8/5 1728/8/5 1732/8/5
f 1734/6/5 1724/6/5 1729/6/5
f 1734/7/5 1729/7/5 1733/7/5
f 1735/6/5 1724/6/5 1734/6/5
f 1740/9/5 1737/9/5 1736/9/5
f 1741/6/5 1738/6/5 1737/6/5
f 1741/9/5 1737/9/5 1740/9/5
f 1742/6/5 1738/6/5 1741/6/5
f 1743/6/5 1738/6/5 1742/6/5
f 1744/9/5 1739/9/5 1738/9/5
f 1744/6/5 1738/6/5 1743/6/5
f 1745/9/5 1739/9/5 1744/9/5
f 1746/7/5 1741/7/5 1740/7/5
f 1747/8/5 1742/8/5 1741/8/5
f 1747/7/5 1741/7/5 1746/7/5
f 1748/9/5 1743/9/5 1742/9/5
f 1748/8/5 1742/8/5 1747/8/5
f 1749/7/5 1744/7/5 1743/7/5
f 1749/9/5 1743/9/5 1748/9/5
f 1750/9/5 1745/9/5 1744/9/5
f 1750/7/5 1744/7/5 1749/7/5
f 1751/9/5 1745/9/5 1750/9/5
f 1758/7/5 1753/7/5 1752/7/5
f 1759/6/5 1754/6/5 1753/6/5
f 1759/7/5 1753/7/5 1758/7/5
f 1760/9/5 1755/9/5 1754/9/5
f 1760/6/5 1754/6/5 1759/6/5
f 1761/6/5 1756/6/5 1755/6/5
f 1761/9/5 1755/9/5 1760/9/5
f 1762/9/5 1757/9/5 1756/9/5
f 1762/6/5 1756/6/5 1761/6/5
f 1763/9/5 1757/9/5 1762/9/5
f 1764/9/5 1759/9/5 1758/9/5
f 1765/7/5 1760/7/5 1759/7/5
f 1765/9/5 1759/9/5 1764/9/5
f 1766/9/5 1761/9/5 1760/9/5
f 1766/7/5 1760/7/5 1765/7/5
f 1767/8/5 1762/8/5 1761/8/5
f 1767/9/5 1761/9/5 1766/9/5
f 1767/8/5 1763/8/5 1762/8/5
f 1768/8/5 1763/8/5 1767/8/5
f 1769/15/6 1770/15/6 1784/15/6
f 1784/15/6 1770/15/6 1785/15/6
f 1771/3/6 1772/3/6 1787/3/6
f 1787/3/6 1772/3/6 1788/3/6
f 1773/14/6 1774/14/6 1789/14/6
f 1789/14/6 1774/14/6 1790/14/6
f 1775/3/6 1776/3/6 1791/3/6
f 1791/3/6 1776/3/6 1792/3/6
f 1777/14/6 1778/14/6 1793/14/6
f 1793/14/6 1778/14/6 1794/14/6
f 1779/14/6 1780/14/6 1795/14/6
f 1795/14/6 1780/14/6 1796/14/6
f 1781/3/6 1782/3/6 1797/3/6
f 1797/3/6 1782/3/6 1798/3/6
f 1785/15/6 1786/15/6 1811/15/6
f 1783/15/6 1784/15/6 1811/15/6
f 1784/15/6 1785/15/6 1811/15/6
f 1811/15/6 1786/15/6 1812/15/6
f 1812/15/6 1786/15/6 1813/15/6
f 1813/15/6 1786/15/6 1814/15/6
f 1799/3/6 1800/3/6 1815/3/6
f 1815/3/6 1800/3/6 1816/3/6
f 1801/14/6 1802/14/6 1817/14/6
f 1817/14/6 1802/14/6 1818/14/6
f 1803/14/6 1804/14/6 1819/14/6
f 1819/14/6 1804/14/6 1820/14/6
f 1805/3/6 1806/3/6 1821/3/6
f 1821/3/6 1806/3/6 1822/3/6
f 1807/14/6 1808/14/6 1823/14/6
f 1823/14/6 1808/14/6 1824/14/6
f 1809/3/6 1810/3/6 1825/3/6
f 1825/3/6 1810/3/6 1826/3/6
f 1812/15/6 1813/15/6 1827/15/6
f 1827/15/6 1813/15/6 1828/15/6
f 1829/15/6 1830/15/6 1834/15/6
f 1834/15/6 1830/15/6 1835/15/6
f 1831/14/6 1832/14/6 1837/14/6
f 1837/14/6 1832/14/6 1838/14/6
f 1831/14/6 1837/14/6 1839/14/6
f 1838/14/6 1832/14/6 1840/14/6
f 1835/15/6 1836/15/6 1841/15/6
f 1833/15/6 1834/15/6 1841/15/6
f 1834/15/6 1835/15/6 1841/15/6
f 1841/15/6 1836/15/6 1842/15/6
f 1842/15/6 1836/15/6 1843/15/6
f 1843/15/6 1836/15/6 1844/15/6
f 1839/14/6 1840/14/6 1845/14/6
f 1831/14/6 1839/14/6 1845/14/6
f 1840/14/6 1832/14/6 1846/14/6
f 1845/14/6 1840/14/6 1846/14/6
f 1842/15/6 1843/15/6 1847/15/6
f 1847/15/6 1843/15/6 1848/15/6
f 1831/14/6 1845/14/6 1849/14/6
f 1845/6/6 1846/6/6 1849/6/6
f 1846/14/6 1832/14/6 1850/14/6
f 1849/6/6 1846/6/6 1850/6/6
f 1831/14/6 1849/14/6 1851/14/6
f 1849/14/6 1850/14/6 1851/14/6
f 1850/14/6 1832/14/6 1852/14/6
f 1851/14/6 1850/14/6 1852/14/6
f 1831/14/6 1851/14/6 1855/14/6
f 1851/6/6 1852/6/6 1855/6/6
f 1852/14/6 1832/14/6 1856/14/6
f 1855/6/6 1852/6/6 1856/6/6
f 1853/15/6 1854/15/6 1858/15/6
f 1858/15/6 1854/15/6 1859/15/6
f 1831/14/6 1855/14/6 1861/14/6
f 1855/14/6 1856/14/6 1861/14/6
f 1856/14/6 1832/14/6 1862/14/6
f 1861/14/6 1856/14/6 1862/14/6
f 1831/14/6 1861/14/6 1865/14/6
f 1862/14/6 1832/14/6 1866/14/6
f 1857/15/6 1858/15/6 1867/15/6
f 1859/15/6 1860/15/6 1867/15/6
f 1858/15/6 1859/15/6 1867/15/6
f 1867/15/6 1860/15/6 1868/15/6
f 1868/15/6 1860/15/6 1869/15/6
f 1869/15/6 1860/15/6 1870/15/6
f 1831/14/6 1865/14/6 1871/14/6
f 1865/14/6 1866/14/6 1871/14/6
f 1866/14/6 1832/14/6 1872/14/6
f 1871/14/6 1866/14/6 1872/14/6
f 1863/15/6 1864/15/6 1873/15/6
f 1873/15/6 1864/15/6 1874/15/6
f 1868/15/6 1869/15/6 1875/15/6
f 1875/15/6 1869/15/6 1876/15/6
f 1831/14/6 1871/14/6 1877/14/6
f 1871/6/6 1872/6/6 1877/6/6
f 1872/14/6 1832/14/6 1878/14/6
f 1877/6/6 1872/6/6 1878/6/6
f 1831/14/6 1877/14/6 1879/14/6
f 1877/14/6 1878/14/6 1879/14/6
f 1878/14/6 1832/14/6 1880/14/6
f 1879/14/6 1878/14/6 1880/14/6
f 1831/14/6 1879/14/6 1885/14/6
f 1879/6/6 1880/6/6 1885/6/6
f 1880/14/6 1832/14/6 1886/14/6
f 1885/6/6 1880/6/6 1886/6/6
f 1831/14/6 1885/14/6 1887/14/6
f 1885/14/6 1886/14/6 1887/14/6
f 1886/14/6 1832/14/6 1888/14/6
f 1887/14/6 1886/14/6 1888/14/6
f 1881/15/6 1882/15/6 1889/15/6
f 1889/15/6 1882/15/6 1890/15/6
f 1883/15/6 1884/15/6 1891/15/6
f 1891/15/6 1884/15/6 1892/15/6
f 1831/14/6 1887/14/6 1893/14/6
f 1887/6/6 1888/6/6 1893/6/6
f 1888/14/6 1832/14/6 1894/14/6
f 1893/6/6 1888/6/6 1894/6/6
f 1831/14/6 1893/14/6 1895/14/6
f 1893/14/6 1894/14/6 1895/14/6
f 1894/14/6 1832/14/6 1896/14/6
f 1895/14/6 1894/14/6 1896/14/6
f 1831/14/6 1895/14/6 1897/14/6
f 1896/14/6 1832/14/6 1898/14/6
f 1831/14/6 1897/14/6 1899/14/6
f 1897/14/6 1898/14/6 1899/14/6
f 1898/14/6 1832/14/6 1900/14/6
f 1899/14/6 1898/14/6 1900/14/6
f 1831/14/6 1899/14/6 1901/14/6
f 1899/6/6 1900/6/6 1901/6/6
f 1900/14/6 1832/14/6 1902/14/6
f 1901/6/6 1900/6/6 1902/6/6
f 1831/14/6 1901/14/6 1903/14/6
f 1901/14/6 1902/14/6 1903/14/6
f 1902/14/6 1832/14/6 1904/14/6
f 1903/14/6 1902/14/6 1904/14/6
f 1905/3/6 1906/3/6 1909/3/6
f 1906/14/6 1907/14/6 1910/14/6
f 1909/3/6 1906/3/6 1910/3/6
f 1907/3/6 1908/3/6 1911/3/6
f 1910/14/6 1907/14/6 1911/14/6
f 1911/3/6 1908/3/6 1912/3/6
f 1913/14/6 1914/14/6 1917/14/6
f 1914/3/6 1915/3/6 1918/3/6
f 1917/14/6 1914/14/6 1918/14/6
f 1915/14/6 1916/14/6 1919/14/6
f 1918/3/6 1915/3/6 1919/3/6
f 1919/14/6 1916/14/6 1920/14/6
f 1921/14/6 1922/14/6 1925/14/6
f 1922/3/6 1923/3/6 1926/3/6
f 1925/14/6 1922/14/6 1926/14/6
f 1923/14/6 1924/14/6 1927/14/6
f 1926/3/6 1923/3/6 1927/3/6
f 1927/14/6 1924/14/6 1928/14/6
f 1929/15/6 1930/15/6 1941/15/6
f 1941/15/6 1930/15/6 1942/15/6
f 1931/15/6 1932/15/6 1943/15/6
f 1943/15/6 1932/15/6 1944/15/6
f 1935/14/6 1936/14/6 1949/14/6
f 1936/3/6 1937/3/6 1950/3/6
f 1949/14/6 1936/14/6 1950/14/6
f 1937/14/6 1938/14/6 1951/14/6
f 1950/3/6 1937/3/6 1951/3/6
f 1951/14/6 1938/14/6 1952/14/6
f 1933/15/6 1934/15/6 1957/15/6
f 1957/15/6 1934/15/6 1958/15/6
f 1939/15/6 1940/15/6 1963/15/6
f 1963/15/6 1940/15/6 1964/15/6
f 1953/15/6 1954/15/6 1965/15/6
f 1965/15/6 1954/15/6 1966/15/6
f 1955/15/6 1956/15/6 1967/15/6
f 1967/15/6 1956/15/6 1968/15/6
f 1945/15/6 1946/15/6 1969/15/6
f 1969/15/6 1946/15/6 1970/15/6
f 1947/15/6 1948/15/6 1971/15/6
f 1971/15/6 1948/15/6 1972/15/6
f 1959/14/6 1960/14/6 1973/14/6
f 1960/3/6 1961/3/6 1974/3/6
f 1973/14/6 1960/14/6 1974/14/6
f 1961/14/6 1962/14/6 1975/14/6
f 1974/3/6 1961/3/6 1975/3/6
f 1975/14/6 1962/14/6 1976/14/6
f 1977/14/6 1978/14/6 1979/14/6
f 1979/14/6 1978/14/6 1980/14/6
f 1980/14/6 1978/14/6 1981/14/6
f 1981/14/6 1978/14/6 1982/14/6
f 1982/14/6 1978/14/6 1983/14/6
f 1983/14/6 1978/14/6 1984/14/6
f 1984/14/6 1978/14/6 1985/14/6
f 1985/14/6 1978/14/6 1986/14/6
f 1986/14/6 1978/14/6 1987/14/6
f 1987/14/6 1978/14/6 1988/14/6
f 1988/14/6 1978/14/6 1989/14/6
f 1989/14/6 1978/14/6 1990/14/6
f 1990/14/6 1978/14/6 1991/14/6
f 1991/14/6 1978/14/6 1992/14/6
f 1977/14/6 1979/14/6 1993/14/6
f 1993/14/6 1979/14/6 1994/14/6
f 1980/14/6 1981/14/6 1995/14/6
f 1995/14/6 1981/14/6 1996/14/6
f 1996/14/6 1981/14/6 1997/14/6
f 1982/14/6 1983/14/6 1998/14/6
f 1998/14/6 1983/14/6 1999/14/6
f 1984/14/6 1985/14/6 2000/14/6
f 2000/14/6 1985/14/6 2001/14/6
f 1986/14/6 1987/14/6 2002/14/6
f 2002/14/6 1987/14/6 2003/14/6
f 1988/14/6 1989/14/6 2004/14/6
f 2004/14/6 1989/14/6 2005/14/6
f 1990/14/6 1991/14/6 2006/14/6
f 2006/14/6 1991/14/6 2007/14/6
f 1992/14/6 1978/14/6 2008/14/6
f 2008/14/6 1978/14/6 2009/14/6
f 2009/14/6 1978/14/6 2010/14/6
f 2010/14/6 1978/14/6 2011/14/6
f 2011/14/6 1978/14/6 2012/14/6
f 2006/14/6 2007/14/6 2013/14/6
f 2004/14/6 2005/14/6 2013/14/6
f 2008/14/6 2009/14/6 2013/14/6
f 2007/14/6 2008/14/6 2013/14/6
f 2002/14/6 2003/14/6 2013/14/6
f 2005/14/6 2006/14/6 2013/14/6
f 1996/14/6 1997/14/6 2013/14/6
f 2003/14/6 2004/14/6 2013/14/6
f 2000/14/6 2001/14/6 2013/14/6
f 2001/14/6 2002/14/6 2013/14/6
f 1998/14/6 1999/14/6 2013/14/6
f 1999/14/6 2000/14/6 2013/14/6
f 1997/14/6 1998/14/6 2013/14/6
f 2013/14/6 2009/14/6 2014/14/6
f 2014/14/6 2009/14/6 2015/14/6
f 2015/14/6 2009/14/6 2016/14/6
f 2016/14/6 2009/14/6 2017/14/6
f 2017/14/6 2009/14/6 2018/14/6
f 2018/14/6 2009/14/6 2019/14/6
f 2019/14/6 2009/14/6 2020/14/6
f 2020/14/6 2009/14/6 2021/14/6
f 2021/14/6 2009/14/6 2022/14/6
f 2022/14/6 2009/14/6 2023/14/6
f 2023/14/6 2009/14/6 2024/14/6
f 2024/14/6 2009/14/6 2025/14/6
f 2010/14/6 2011/14/6 2026/14/6
f 2012/14/6 1978/14/6 2027/14/6
f 1977/14/6 1993/14/6 2028/14/6
f 1996/14/6 2013/14/6 2031/14/6
f 2031/14/6 2013/14/6 2032/14/6
f 2014/14/6 2015/14/6 2033/14/6
f 2033/14/6 2015/14/6 2034/14/6
f 2016/14/6 2017/14/6 2035/14/6
f 2035/14/6 2017/14/6 2036/14/6
f 2018/14/6 2019/14/6 2037/14/6
f 2037/14/6 2019/14/6 2038/14/6
f 2020/14/6 2021/14/6 2039/14/6
f 2039/14/6 2021/14/6 2040/14/6
f 2022/14/6 2023/14/6 2041/14/6
f 2041/14/6 2023/14/6 2042/14/6
f 2024/14/6 2025/14/6 2043/14/6
f 2043/14/6 2025/14/6 2044/14/6
f 2010/14/6 2026/14/6 2046/14/6
f 2046/14/6 2026/14/6 2047/14/6
f 2027/14/6 1978/14/6 2049/14/6
f 2028/14/6 2029/14/6 2050/14/6
f 2044/14/6 2045/14/6 2051/14/6
f 2041/14/6 2042/14/6 2051/14/6
f 2047/14/6 2048/14/6 2051/14/6
f 2048/14/6 2049/14/6 2051/14/6
f 2046/14/6 2047/14/6 2051/14/6
f 2045/14/6 2046/14/6 2051/14/6
f 2031/14/6 2032/14/6 2051/14/6
f 2043/14/6 2044/14/6 2051/14/6
f 2042/14/6 2043/14/6 2051/14/6
f 2039/14/6 2040/14/6 2051/14/6
f 2040/14/6 2041/14/6 2051/14/6
f 2033/14/6 2034/14/6 2051/14/6
f 2038/14/6 2039/14/6 2051/14/6
f 2037/14/6 2038/14/6 2051/14/6
f 2036/14/6 2037/14/6 2051/14/6
f 2035/14/6 2036/14/6 2051/14/6
f 2034/14/6 2035/14/6 2051/14/6
f 2030/14/6 2031/14/6 2051/14/6
f 2032/14/6 2033/14/6 2051/14/6
f 2051/14/6 2049/14/6 2052/14/6
f 2050/14/6 2051/14/6 2052/14/6
f 2052/14/6 2049/14/6 2053/14/6
f 2053/14/6 2049/14/6 2054/14/6
f 2054/14/6 2049/14/6 2055/14/6
f 2055/14/6 2049/14/6 2056/14/6
f 2049/14/6 1978/14/6 2057/14/6
f 2056/14/6 2049/14/6 2057/14/6
f 2028/14/6 2050/14/6 2058/14/6
f 2050/14/6 2052/14/6 2058/14/6
f 2058/14/6 2052/14/6 2059/14/6
f 2059/14/6 2052/14/6 2060/14/6
f 2060/14/6 2052/14/6 2061/14/6
f 2054/14/6 2055/14/6 2062/14/6
f 2057/14/6 1978/14/6 2063/14/6
f 1977/14/6 2028/14/6 2064/14/6
f 2028/14/6 2058/14/6 2064/14/6
f 2064/14/6 2058/14/6 2065/14/6
f 2059/14/6 2060/14/6 2066/14/6
f 2066/14/6 2060/14/6 2067/14/6
f 2061/14/6 2052/14/6 2070/14/6
f 2054/14/6 2062/14/6 2072/14/6
f 2072/14/6 2062/14/6 2073/14/6
f 2063/14/6 1978/14/6 2075/14/6
f 2068/6/6 2069/6/6 2076/6/6
f 2076/6/6 2069/6/6 2077/6/6
f 1977/14/6 2064/14/6 2078/14/6
f 2067/14/6 2060/14/6 2081/14/6
f 2070/14/6 2071/14/6 2082/14/6
f 2074/14/6 2075/14/6 2082/14/6
f 2073/14/6 2074/14/6 2082/14/6
f 2061/14/6 2070/14/6 2082/14/6
f 2071/14/6 2072/14/6 2082/14/6
f 2072/14/6 2073/14/6 2082/14/6
f 2082/14/6 2075/14/6 2083/14/6
f 2083/14/6 2075/14/6 2084/14/6
f 2084/14/6 2075/14/6 2085/14/6
f 2075/14/6 1978/14/6 2086/14/6
f 2085/14/6 2075/14/6 2086/14/6
f 2078/14/6 2079/14/6 2087/14/6
f 2080/14/6 2081/14/6 2088/14/6
f 2061/14/6 2082/14/6 2089/14/6
f 2083/14/6 2084/14/6 2090/14/6
f 2090/14/6 2084/14/6 2091/14/6
f 2086/14/6 1978/14/6 2092/14/6
f 2061/14/6 2089/14/6 2093/14/6
f 2090/14/6 2091/14/6 2094/14/6
f 2094/14/6 2091/14/6 2095/14/6
f 2092/14/6 1978/14/6 2097/14/6
f 2078/14/6 2087/14/6 2098/14/6
f 2087/14/6 2088/14/6 2098/14/6
f 2088/14/6 2081/14/6 2099/14/6
f 2098/14/6 2088/14/6 2099/14/6
f 1977/14/6 2078/14/6 2100/14/6
f 2078/14/6 2098/14/6 2100/14/6
f 2100/14/6 2098/14/6 2101/14/6
f 2099/14/6 2081/14/6 2102/14/6
f 2081/14/6 2060/14/6 2103/14/6
f 2102/14/6 2081/14/6 2103/14/6
f 2096/14/6 2097/14/6 2106/14/6
f 2061/14/6 2093/14/6 2106/14/6
f 2095/14/6 2096/14/6 2106/14/6
f 2093/14/6 2094/14/6 2106/14/6
f 2094/14/6 2095/14/6 2106/14/6
f 2106/14/6 2097/14/6 2107/14/6
f 2107/14/6 2097/14/6 2108/14/6
f 2108/14/6 2097/14/6 2109/14/6
f 2109/14/6 2097/14/6 2110/14/6
f 2110/14/6 2097/14/6 2111/14/6
f 2111/14/6 2097/14/6 2112/14/6
f 2112/14/6 2097/14/6 2113/14/6
f 2113/14/6 2097/14/6 2114/14/6
f 2097/14/6 1978/14/6 2115/14/6
f 2114/14/6 2097/14/6 2115/14/6
f 2104/6/6 2105/6/6 2116/6/6
f 2116/6/6 2105/6/6 2117/6/6
f 2107/14/6 2108/14/6 2118/14/6
f 2112/14/6 2113/14/6 2119/14/6
f 2119/14/6 2113/14/6 2120/14/6
f 2115/14/6 1978/14/6 2121/14/6
f 1977/14/6 2100/14/6 2122/14/6
f 2103/14/6 2060/14/6 2125/14/6
f 2061/14/6 2106/14/6 2126/14/6
f 2107/14/6 2118/14/6 2127/14/6
f 2127/14/6 2118/14/6 2128/14/6
f 2119/14/6 2120/14/6 2131/14/6
f 2131/14/6 2120/14/6 2132/14/6
f 2121/14/6 1978/14/6 2134/14/6
f 2122/14/6 2123/14/6 2135/14/6
f 2124/14/6 2125/14/6 2136/14/6
f 2129/14/6 2130/14/6 2137/14/6
f 2133/14/6 2134/14/6 2137/14/6
f 2061/14/6 2126/14/6 2137/14/6
f 2132/14/6 2133/14/6 2137/14/6
f 2126/14/6 2127/14/6 2137/14/6
f 2127/14/6 2128/14/6 2137/14/6
f 2131/14/6 2132/14/6 2137/14/6
f 2130/14/6 2131/14/6 2137/14/6
f 2128/14/6 2129/14/6 2137/14/6
f 2137/14/6 2134/14/6 2138/14/6
f 2138/14/6 2134/14/6 2139/14/6
f 2134/14/6 1978/14/6 2140/14/6
f 2139/14/6 2134/14/6 2140/14/6
f 2135/14/6 2136/14/6 2141/14/6
f 2122/14/6 2135/14/6 2141/14/6
f 2136/14/6 2125/14/6 2142/14/6
f 2141/14/6 2136/14/6 2142/14/6
f 2122/14/6 2141/14/6 2143/14/6
f 1977/14/6 2122/14/6 2143/14/6
f 2143/14/6 2141/14/6 2144/14/6
f 2142/14/6 2125/14/6 2145/14/6
f 2125/14/6 2060/14/6 2146/14/6
f 2145/14/6 2125/14/6 2146/14/6
f 2061/14/6 2137/14/6 2147/14/6
f 2138/14/6 2139/14/6 2148/14/6
f 2148/14/6 2139/14/6 2149/14/6
f 2140/14/6 1978/14/6 2150/14/6
f 2148/14/6 2149/14/6 2151/14/6
f 2149/14/6 2150/14/6 2151/14/6
f 2147/14/6 2148/14/6 2151/14/6
f 2150/14/6 1978/14/6 2152/14/6
f 2151/14/6 2150/14/6 2152/14/6
f 1977/14/6 2143/14/6 2153/14/6
f 2146/14/6 2060/14/6 2156/14/6
f 2147/14/6 2151/14/6 2159/14/6
f 2159/14/6 2151/14/6 2160/14/6
f 2152/14/6 1978/14/6 2161/14/6
f 2153/14/6 2154/14/6 2162/14/6
f 2155/14/6 2156/14/6 2163/14/6
f 2157/6/6 2158/6/6 2164/6/6
f 2164/6/6 2158/6/6 2165/6/6
f 2147/14/6 2159/14/6 2166/14/6
f 2166/14/6 2159/14/6 2167/14/6
f 2167/14/6 2159/14/6 2168/14/6
f 2168/14/6 2159/14/6 2169/14/6
f 2161/14/6 1978/14/6 2171/14/6
f 2061/14/6 2147/14/6 2172/14/6
f 2147/14/6 2166/14/6 2172/14/6
f 2172/14/6 2166/14/6 2173/14/6
f 2173/14/6 2166/14/6 2174/14/6
f 2174/14/6 2166/14/6 2175/14/6
f 2175/14/6 2166/14/6 2176/14/6
f 2176/14/6 2166/14/6 2177/14/6
f 2170/14/6 2171/14/6 2179/14/6
f 2178/14/6 2179/14/6 2184/14/6
f 2162/14/6 2163/14/6 2185/14/6
f 2156/14/6 2060/14/6 2185/14/6
f 2163/14/6 2156/14/6 2185/14/6
f 2061/14/6 2172/14/6 2186/14/6
f 2186/14/6 2172/14/6 2187/14/6
f 2183/14/6 2184/14/6 2192/14/6
f 2182/14/6 2183/14/6 2192/14/6
f 2180/14/6 2181/14/6 2192/14/6
f 2181/14/6 2182/14/6 2192/14/6
f 2190/14/6 2191/14/6 2193/14/6
f 2191/14/6 2192/14/6 2193/14/6
f 2189/14/6 2190/14/6 2193/14/6
f 1977/14/6 2153/14/6 2193/14/6
f 2186/14/6 2187/14/6 2193/14/6
f 2185/14/6 2186/14/6 2193/14/6
f 2153/14/6 2162/14/6 2193/14/6
f 2187/14/6 2188/14/6 2193/14/6
f 2188/14/6 2189/14/6 2193/14/6
f 2162/14/6 2185/14/6 2193/14/6
f 2193/14/6 2192/14/6 2194/14/6
f 1977/14/6 2193/14/6 2195/14/6
f 2194/14/6 2192/14/6 2196/14/6
f 1977/14/6 2195/14/6 2197/14/6
f 2195/14/6 2196/14/6 2197/14/6
f 2196/14/6 2192/14/6 2198/14/6
f 2197/14/6 2196/14/6 2198/14/6
f 1977/14/6 2197/14/6 2199/14/6
f 2198/14/6 2192/14/6 2200/14/6
f 1977/14/6 2199/14/6 2201/14/6
f 2199/14/6 2200/14/6 2201/14/6
f 2200/14/6 2192/14/6 2202/14/6
f 2201/14/6 2200/14/6 2202/14/6
f 2202/14/6 2192/14/6 2203/14/6
f 2192/14/6 2184/14/6 2204/14/6
f 2203/14/6 2192/14/6 2204/14/6
f 2171/14/6 1978/14/6 2204/14/6
f 2184/14/6 2179/14/6 2204/14/6
f 2179/14/6 2171/14/6 2204/14/6
f 1977/14/6 2201/14/6 2205/14/6
f 2202/14/6 2203/14/6 2206/14/6
f 2203/2/6 2204/2/6 2207/2/6
f 2207/2/6 2204/2/6 2208/2/6
f 2208/2/6 2204/2/6 2209/2/6
f 2209/2/6 2204/2/6 2210/2/6
f 2210/2/6 2204/2/6 2211/2/6
f 2211/2/6 2204/2/6 2212/2/6
f 2212/2/6 2204/2/6 2213/2/6
f 2213/2/6 2204/2/6 2214/2/6
f 2214/2/6 2204/2/6 2215/2/6
f 2215/2/6 2204/2/6 2216/2/6
f 2216/2/6 2204/2/6 2217/2/6
f 2217/2/6 2204/2/6 2218/2/6
f 1977/14/6 2205/14/6 2219/14/6
f 2205/14/6 2206/14/6 2219/14/6
f 2206/14/6 2203/14/6 2220/14/6
f 2219/14/6 2206/14/6 2220/14/6
f 2203/2/6 2207/2/6 2221/2/6
f 2208/2/6 2209/2/6 2222/2/6
f 2222/2/6 2209/2/6 2223/2/6
f 2210/2/6 2211/2/6 2224/2/6
f 2224/2/6 2211/2/6 2225/2/6
f 2212/2/6 2213/2/6 2226/2/6
f 2214/2/6 2215/2/6 2227/2/6
f 2216/2/6 2217/2/6 2228/2/6
f 2228/2/6 2217/2/6 2229/2/6
f 2218/2/6 2204/2/6 2230/2/6
f 1977/14/6 2219/14/6 2231/14/6
f 2220/14/6 2203/14/6 2232/14/6
f 2222/2/6 2223/2/6 2233/2/6
f 2224/2/6 2225/2/6 2234/2/6
f 2234/2/6 2225/2/6 2235/2/6
f 2226/2/6 2213/2/6 2236/2/6
f 2236/2/6 2213/2/6 2237/2/6
f 2214/2/6 2227/2/6 2238/2/6
f 1977/14/6 2231/14/6 2239/14/6
f 2231/14/6 2232/14/6 2239/14/6
f 2232/14/6 2203/14/6 2240/14/6
f 2239/14/6 2232/14/6 2240/14/6
f 2203/2/6 2221/2/6 2241/2/6
f 2222/2/6 2233/2/6 2242/2/6
f 2242/2/6 2233/2/6 2243/2/6
f 2234/2/6 2235/2/6 2244/2/6
f 2244/2/6 2235/2/6 2245/2/6
f 2236/2/6 2237/2/6 2246/2/6
f 2246/2/6 2237/2/6 2247/2/6
f 2238/2/6 2227/2/6 2248/2/6
f 2248/2/6 2227/2/6 2249/2/6
f 2228/2/6 2229/2/6 2250/2/6
f 2250/2/6 2229/2/6 2251/2/6
f 2230/2/6 2204/2/6 2252/2/6
f 1977/14/6 2239/14/6 2253/14/6
f 2240/14/6 2203/14/6 2254/14/6
f 2248/2/6 2249/2/6 2255/2/6
f 2244/2/6 2245/2/6 2255/2/6
f 2254/14/6 2203/14/6 2255/14/6
f 2250/2/6 2251/2/6 2255/2/6
f 2246/2/6 2247/2/6 2255/2/6
f 2249/2/6 2250/2/6 2255/2/6
f 2242/2/6 2243/2/6 2255/2/6
f 2247/2/6 2248/2/6 2255/2/6
f 2203/2/6 2241/2/6 2255/2/6
f 2245/2/6 2246/2/6 2255/2/6
f 2251/2/6 2252/2/6 2255/2/6
f 2243/2/6 2244/2/6 2255/2/6
f 2241/2/6 2242/2/6 2255/2/6
f 2204/14/6 1978/14/6 2256/14/6
f 2255/2/6 2252/2/6 2256/2/6
f 2252/2/6 2204/2/6 2256/2/6
f 2253/14/6 2254/14/6 2257/14/6
f 2254/14/6 2255/14/6 2257/14/6
f 2255/14/6 2256/14/6 2257/14/6
f 1977/14/6 2253/14/6 2257/14/6
f 2256/14/6 1978/14/6 2258/14/6
f 2257/14/6 2256/14/6 2258/14/6
f 2259/4/6 2260/4/6 2262/4/6
f 2262/4/6 2260/4/6 2263/4/6
f 2261/4/6 2262/4/6 2265/4/6
f 2265/4/6 2262/4/6 2266/4/6
f 2263/4/6 2264/4/6 2267/4/6
f 2267/4/6 2264/4/6 2268/4/6
f 2266/4/6 2267/4/6 2269/4/6
f 2269/4/6 2267/4/6 2270/4/6
f 2271/12/6 2272/12/6 2277/12/6
f 2277/12/6 2272/12/6 2278/12/6
f 2273/12/6 2274/12/6 2283/12/6
f 2283/12/6 2274/12/6 2284/12/6
f 2275/12/6 2276/12/6 2285/12/6
f 2285/12/6 2276/12/6 2286/12/6
f 2279/12/6 2280/12/6 2287/12/6
f 2287/12/6 2280/12/6 2288/12/6
f 2281/12/6 2282/12/6 2289/12/6
f 2289/12/6 2282/12/6 2290/12/6
f 2291/12/6 2292/12/6 2293/12/6
f 2293/12/6 2292/12/6 2294/12/6
f 2295/6/6 2296/6/6 2299/6/6
f 2299/6/6 2296/6/6 2300/6/6
f 2297/8/6 2298/8/6 2301/8/6
f 2299/9/6 2300/9/6 2302/9/6
f 2302/9/6 2300/9/6 2303/9/6
f 2301/8/6 2298/8/6 2304/8/6
f 2304/8/6 2298/8/6 2305/8/6
f 2306/9/6 2307/9/6 2310/9/6
f 2310/9/6 2307/9/6 2311/9/6
f 2308/9/6 2309/9/6 2312/9/6
f 2310/8/6 2311/8/6 2313/8/6
f 2313/8/6 2311/8/6 2314/8/6
f 2312/9/6 2309/9/6 2315/9/6
f 2315/9/6 2309/9/6 2316/9/6
f 2317/6/6 2318/6/6 2321/6/6
f 2321/6/6 2318/6/6 2322/6/6
f 2319/8/6 2320/8/6 2323/8/6
f 2323/8/6 2320/8/6 2324/8/6
f 2321/9/6 2322/9/6 2325/9/6
f 2325/9/6 2322/9/6 2326/9/6
f 2323/7/6 2324/7/6 2327/7/6
f 2327/7/6 2324/7/6 2328/7/6
f 2329/8/6 2330/8/6 2334/8/6
f 2330/7/6 2331/7/6 2335/7/6
f 2334/8/6 2330/8/6 2335/8/6
f 2335/7/6 2331/7/6 2336/7/6
f 2332/9/6 2333/9/6 2337/9/6
f 2337/9/6 2333/9/6 2338/9/6
f 2334/8/6 2335/8/6 2339/8/6
f 2335/9/6 2336/9/6 2340/9/6
f 2339/8/6 2335/8/6 2340/8/6
f 2340/9/6 2336/9/6 2341/9/6
f 2337/6/6 2338/6/6 2342/6/6
f 2342/6/6 2338/6/6 2343/6/6
f 2344/3/6 2345/3/6 2348/3/6
f 2348/3/6 2345/3/6 2349/3/6
f 2346/1/6 2347/1/6 2351/1/6
f 2351/1/6 2347/1/6 2352/1/6
f 2352/1/6 2347/1/6 2353/1/6
f 2350/9/6 2351/9/6 2357/9/6
f 2351/8/6 2352/8/6 2358/8/6
f 2357/9/6 2351/9/6 2358/9/6
f 2352/6/6 2353/6/6 2359/6/6
f 2358/8/6 2352/8/6 2359/8/6
f 2359/6/6 2353/6/6 2360/6/6
f 2354/6/6 2355/6/6 2366/6/6
f 2355/8/6 2356/8/6 2367/8/6
f 2366/6/6 2355/6/6 2367/6/6
f 2367/8/6 2356/8/6 2368/8/6
f 2356/6/6 2357/6/6 2369/6/6
f 2368/8/6 2356/8/6 2369/8/6
f 2369/6/6 2357/6/6 2370/6/6
f 2357/8/6 2358/8/6 2371/8/6
f 2370/6/6 2357/6/6 2371/6/6
f 2358/7/6 2359/7/6 2372/7/6
f 2371/8/6 2358/8/6 2372/8/6
f 2372/7/6 2359/7/6 2373/7/6
f 2361/1/6 2362/1/6 2374/1/6
f 2362/8/6 2363/8/6 2374/8/6
f 2363/9/6 2364/9/6 2375/9/6
f 2374/8/6 2363/8/6 2375/8/6
f 2364/6/6 2365/6/6 2376/6/6
f 2375/9/6 2364/9/6 2376/9/6
f 2365/8/6 2366/8/6 2377/8/6
f 2376/6/6 2365/6/6 2377/6/6
f 2366/8/6 2367/8/6 2377/8/6
f 2377/8/6 2367/8/6 2378/8/6
f 2367/9/6 2368/9/6 2379/9/6
f 2378/8/6 2367/8/6 2379/8/6
f 2368/7/6 2369/7/6 2380/7/6
f 2379/9/6 2368/9/6 2380/9/6
f 2369/6/6 2370/6/6 2381/6/6
f 2380/7/6 2369/7/6 2381/7/6
f 2370/9/6 2371/9/6 2382/9/6
f 2381/6/6 2370/6/6 2382/6/6
f 2371/9/6 2372/9/6 2382/9/6
f 2382/9/6 2372/9/6 2383/9/6
f 2361/1/6 2374/1/6 2384/1/6
f 2374/6/6 2375/6/6 2385/6/6
f 2384/1/6 2374/1/6 2385/1/6
f 2375/8/6 2376/8/6 2386/8/6
f 2385/6/6 2375/6/6 2386/6/6
f 2377/9/6 2378/9/6 2387/9/6
f 2386/8/6 2376/8/6 2387/8/6
f 2376/9/6 2377/9/6 2387/9/6
f 2378/6/6 2379/6/6 2388/6/6
f 2387/9/6 2378/9/6 2388/9/6
f 2388/6/6 2379/6/6 2389/6/6
f 2390/9/6 2391/9/6 2394/9/6
f 2394/9/6 2391/9/6 2395/9/6
f 2392/7/6 2393/7/6 2396/7/6
f 2396/7/6 2393/7/6 2397/7/6
f 2394/6/6 2395/6/6 2398/6/6
f 2398/6/6 2395/6/6 2399/6/6
f 2396/9/6 2397/9/6 2400/9/6
f 2400/9/6 2397/9/6 2401/9/6
f 2402/7/6 2403/7/6 2406/7/6
f 2404/8/6 2405/8/6 2407/8/6
f 2407/8/6 2405/8/6 2408/8/6
f 2402/7/6 2406/7/6 2409/7/6
f 2409/7/6 2406/7/6 2410/7/6
f 2407/7/6 2408/7/6 2411/7/6
f 2411/7/6 2408/7/6 2412/7/6
f 2413/8/6 2414/8/6 2417/8/6
f 2417/8/6 2414/8/6 2418/8/6
f 2415/7/6 2416/7/6 2419/7/6
f 2419/7/6 2416/7/6 2420/7/6
f 2417/6/6 2418/6/6 2421/6/6
f 2421/6/6 2418/6/6 2422/6/6
f 2419/9/6 2420/9/6 2423/9/6
f 2423/9/6 2420/9/6 2424/9/6
f 2425/1/6 2426/1/6 2433/1/6
f 2426/6/6 2427/6/6 2433/6/6
f 2433/6/6 2427/6/6 2434/6/6
f 2428/6/6 2429/6/6 2435/6/6
f 2429/7/6 2430/7/6 2436/7/6
f 2435/6/6 2429/6/6 2436/6/6
f 2430/8/6 2431/8/6 2437/8/6
f 2436/7/6 2430/7/6 2437/7/6
f 2431/7/6 2432/7/6 2438/7/6
f 2437/8/6 2431/8/6 2438/8/6
f 2438/7/6 2432/7/6 2439/7/6
f 2425/1/6 2433/1/6 2440/1/6
f 2433/9/6 2434/9/6 2441/9/6
f 2440/1/6 2433/1/6 2441/1/6
f 2441/9/6 2434/9/6 2442/9/6
f 2435/7/6 2436/7/6 2443/7/6
f 2436/6/6 2437/6/6 2444/6/6
f 2443/7/6 2436/7/6 2444/7/6
f 2437/7/6 2438/7/6 2445/7/6
f 2444/6/6 2437/6/6 2445/6/6
f 2438/9/6 2439/9/6 2446/9/6
f 2445/7/6 2438/7/6 2446/7/6
f 2446/9/6 2439/9/6 2447/9/6
f 2448/6/6 2449/6/6 2455/6/6
f 2449/9/6 2450/9/6 2456/9/6
f 2455/6/6 2449/6/6 2456/6/6
f 2450/7/6 2451/7/6 2457/7/6
f 2456/9/6 2450/9/6 2457/9/6
f 2451/6/6 2452/6/6 2458/6/6
f 2457/7/6 2451/7/6 2458/7/6
f 2452/9/6 2453/9/6 2459/9/6
f 2458/6/6 2452/6/6 2459/6/6
f 2453/7/6 2454/7/6 2460/7/6
f 2459/9/6 2453/9/6 2460/9/6
f 2455/9/6 2456/9/6 2461/9/6
f 2456/7/6 2457/7/6 2462/7/6
f 2461/9/6 2456/9/6 2462/9/6
f 2458/9/6 2459/9/6 2463/9/6
f 2462/7/6 2457/7/6 2463/7/6
f 2457/9/6 2458/9/6 2463/9/6
f 2459/6/6 2460/6/6 2464/6/6
f 2463/9/6 2459/9/6 2464/9/6
f 2460/7/6 2454/7/6 2465/7/6
f 2464/6/6 2460/6/6 2465/6/6
f 2465/7/6 2454/7/6 2466/7/6
f 2467/9/6 2468/9/6 2475/9/6
f 2468/6/6 2469/6/6 2476/6/6
f 2475/9/6 2468/9/6 2476/9/6
f 2469/7/6 2470/7/6 2477/7/6
f 2476/6/6 2469/6/6 2477/6/6
f 2470/9/6 2471/9/6 2478/9/6
f 2477/7/6 2470/7/6 2478/7/6
f 2471/8/6 2472/8/6 2479/8/6
f 2478/9/6 2471/9/6 2479/9/6
f 2473/8/6 2474/8/6 2480/8/6
f 2472/6/6 2473/6/6 2480/6/6
f 2480/8/6 2474/8/6 2481/8/6
f 2475/8/6 2476/8/6 2482/8/6
f 2476/8/6 2477/8/6 2482/8/6
f 2477/8/6 2478/8/6 2482/8/6
f 2478/6/6 2479/6/6 2483/6/6
f 2482/8/6 2478/8/6 2483/8/6
f 2479/8/6 2472/8/6 2484/8/6
f 2483/6/6 2479/6/6 2484/6/6
f 2472/6/6 2480/6/6 2485/6/6
f 2484/8/6 2472/8/6 2485/8/6
f 2480/9/6 2481/9/6 2486/9/6
f 2485/6/6 2480/6/6 2486/6/6
f 2486/9/6 2481/9/6 2487/9/6
f 2488/7/6 2489/7/6 2494/7/6
f 2489/6/6 2490/6/6 2494/6/6
f 2494/6/6 2490/6/6 2495/6/6
f 2490/7/6 2491/7/6 2496/7/6
f 2495/6/6 2490/6/6 2496/6/6
f 2491/8/6 2492/8/6 2497/8/6
f 2496/7/6 2491/7/6 2497/7/6
f 2492/6/6 2493/6/6 2498/6/6
f 2497/8/6 2492/8/6 2498/8/6
f 2498/6/6 2493/6/6 2499/6/6
f 2499/6/6 2493/6/6 2500/6/6
f 2488/7/6 2494/7/6 2501/7/6
f 2494/9/6 2495/9/6 2502/9/6
f 2501/7/6 2494/7/6 2502/7/6
f 2495/6/6 2496/6/6 2503/6/6
f 2502/9/6 2495/9/6 2503/9/6
f 2496/9/6 2497/9/6 2504/9/6
f 2503/6/6 2496/6/6 2504/6/6
f 2497/8/6 2498/8/6 2505/8/6
f 2504/9/6 2497/9/6 2505/9/6
f 2498/8/6 2499/8/6 2505/8/6
f 2499/7/6 2500/7/6 2506/7/6
f 2505/8/6 2499/8/6 2506/8/6
f 2506/7/6 2500/7/6 2507/7/6
