# MagicaVoxel @ Ephtracy

# group
o 

# material
mtllib spaceship_inside-23.mtl
usemtl palette

# normals
vn -1 0 0
vn 1 0 0
vn 0 0 1
vn 0 0 -1
vn 0 -1 0
vn 0 1 0

# texcoords
vt 0.845703 0.5
vt 0.857422 0.5
vt 0.861328 0.5
vt 0.865234 0.5
vt 0.869141 0.5
vt 0.880859 0.5
vt 0.884766 0.5
vt 0.888672 0.5
vt 0.892578 0.5

# verts
v -0.8 -2 0.85
v -0.8 -2 0.75
v -0.8 -2 0.65
v -0.8 -2 -0.65
v -0.8 -2 -0.75
v -0.8 -2 -0.85
v -0.8 -1.9 0.85
v -0.8 -1.9 0.75
v -0.8 -1.9 0.65
v -0.8 -1.9 -0.65
v -0.8 -1.9 -0.75
v -0.8 -1.9 -0.85
v -0.8 -1.8 0.85
v -0.8 -1.8 0.75
v -0.8 -1.8 0.65
v -0.8 -1.8 -0.65
v -0.8 -1.8 -0.75
v -0.8 -1.8 -0.85
v -0.8 -1.7 0.85
v -0.8 -1.7 0.75
v -0.8 -1.7 0.65
v -0.8 -1.7 -0.65
v -0.8 -1.7 -0.75
v -0.8 -1.7 -0.85
v -0.8 -1.6 0.85
v -0.8 -1.6 0.75
v -0.8 -1.6 0.65
v -0.8 -1.6 -0.75
v -0.8 -1.6 -0.85
v -0.8 -1.5 0.85
v -0.8 -1.5 0.75
v -0.8 -1.5 0.65
v -0.8 -1.5 -0.65
v -0.8 -1.5 -0.75
v -0.8 -1.4 0.85
v -0.8 -1.4 0.75
v -0.8 -1.4 0.65
v -0.8 -1.4 -0.65
v -0.8 -1.4 -0.75
v -0.8 -1.3 0.85
v -0.8 -1.3 0.75
v -0.8 -1.3 0.65
v -0.8 -1.2 0.85
v -0.8 -1.2 0.75
v -0.8 -1.2 0.65
v -0.8 -1.2 -0.75
v -0.8 -1.2 -0.85
v -0.8 -1.1 0.85
v -0.8 -1.1 0.75
v -0.8 -1.1 0.65
v -0.8 -1.1 -0.65
v -0.8 -1.1 -0.75
v -0.8 -1 0.75
v -0.8 -1 0.65
v -0.8 -1 -0.65
v -0.8 -1 -0.75
v -0.8 -0.9 0.85
v -0.8 -0.9 0.75
v -0.8 -0.9 -0.65
v -0.8 -0.9 -0.75
v -0.8 -0.9 -0.85
v -0.8 -0.8 0.75
v -0.8 -0.8 0.65
v -0.8 -0.8 -0.65
v -0.8 -0.8 -0.75
v -0.8 -0.8 -0.85
v -0.8 -0.7 0.85
v -0.8 -0.7 0.75
v -0.8 -0.7 -0.65
v -0.8 -0.7 -0.85
v -0.8 -0.6 0.85
v -0.8 -0.6 0.75
v -0.8 -0.6 0.65
v -0.8 -0.6 -0.65
v -0.8 -0.6 -0.75
v -0.8 -0.5 0.85
v -0.8 -0.5 0.75
v -0.8 -0.5 0.65
v -0.8 -0.5 -0.65
v -0.8 -0.5 -0.75
v -0.8 -0.5 -0.85
v -0.8 -0.4 0.85
v -0.8 -0.4 0.75
v -0.8 -0.4 0.65
v -0.8 -0.4 0.45
v -0.8 -0.4 0.35
v -0.8 -0.4 0.05
v -0.8 -0.4 -0.05
v -0.8 -0.4 -0.15
v -0.8 -0.4 -0.25
v -0.8 -0.4 -0.35
v -0.8 -0.4 -0.45
v -0.8 -0.4 -0.55
v -0.8 -0.4 -0.65
v -0.8 -0.4 -0.75
v -0.8 -0.3 0.85
v -0.8 -0.3 0.75
v -0.8 -0.3 0.65
v -0.8 -0.3 0.55
v -0.8 -0.3 0.45
v -0.8 -0.3 0.35
v -0.8 -0.3 0.05
v -0.8 -0.3 -0.05
v -0.8 -0.3 -0.15
v -0.8 -0.3 -0.25
v -0.8 -0.3 -0.35
v -0.8 -0.3 -0.45
v -0.8 -0.3 -0.55
v -0.8 -0.3 -0.65
v -0.8 -0.3 -0.75
v -0.8 -0.3 -0.85
v -0.8 -0.2 0.85
v -0.8 -0.2 0.75
v -0.8 -0.2 0.65
v -0.8 -0.2 0.55
v -0.8 -0.2 0.35
v -0.8 -0.2 0.05
v -0.8 -0.2 -0.15
v -0.8 -0.2 -0.25
v -0.8 -0.2 -0.45
v -0.8 -0.2 -0.55
v -0.8 -0.2 -0.65
v -0.8 -0.2 -0.75
v -0.8 -0.1 -0.75
v -0.8 -0.1 -0.85
v -0.8 0 -0.75
v -0.8 0 -0.85
v -0.8 0.0999999 -0.75
v -0.8 0.0999999 -0.85
v -0.8 0.2 -0.75
v -0.8 0.2 -0.85
v -0.8 0.6 -0.75
v -0.8 0.6 -0.85
v -0.8 0.7 -0.75
v -0.8 0.7 -0.85
v -0.8 0.8 -0.75
v -0.8 0.8 -0.85
v -0.8 0.9 -0.75
v -0.8 0.9 -0.85
v -0.8 1 -0.75
v -0.8 1 -0.85
v -0.8 1.2 -0.75
v -0.8 1.2 -0.85
v -0.8 1.3 -0.75
v -0.8 1.3 -0.85
v -0.8 1.4 -0.75
v -0.8 1.4 -0.85
v -0.8 1.6 -0.75
v -0.8 1.6 -0.85
v -0.8 1.7 -0.75
v -0.8 1.7 -0.85
v -0.8 1.8 -0.75
v -0.8 1.8 -0.85
v -0.8 1.9 -0.75
v -0.8 1.9 -0.85
v -0.8 2 -0.75
v -0.8 2 -0.85
v -0.7 -0.2 0.65
v -0.7 -0.2 0.55
v -0.7 -0.2 0.35
v -0.7 -0.2 0.05
v -0.7 -0.2 -0.05
v -0.7 -0.2 -0.15
v -0.7 -0.2 -0.25
v -0.7 -0.2 -0.45
v -0.7 -0.2 -0.55
v -0.7 -0.1 0.65
v -0.7 -0.1 0.05
v -0.7 -0.1 -0.05
v -0.7 -0.1 -0.55
v -0.7 0.2 -0.65
v -0.7 0.2 -0.75
v -0.7 0.6 -0.75
v -0.7 0.7 -0.75
v -0.7 0.8 -0.75
v -0.7 0.9 -0.75
v -0.7 1 -0.75
v -0.7 1.2 -0.65
v -0.7 1.2 -0.75
v -0.7 1.6 -0.65
v -0.7 1.6 -0.75
v -0.7 1.7 -0.75
v -0.7 1.8 -0.65
v -0.7 1.8 -0.75
v -0.6 -0.2 0.75
v -0.6 -0.2 0.65
v -0.6 -0.2 0.05
v -0.6 -0.2 -0.05
v -0.6 -0.2 -0.55
v -0.6 -0.2 -0.65
v -0.6 -0.1 0.75
v -0.6 -0.1 0.65
v -0.6 -0.1 0.05
v -0.6 -0.1 -0.05
v -0.6 -0.1 -0.55
v -0.6 -0.1 -0.65
v -0.6 0.0999999 -0.65
v -0.6 0.0999999 -0.75
v -0.6 0.2 -0.65
v -0.6 0.2 -0.75
v -0.6 1.2 -0.65
v -0.6 1.2 -0.75
v -0.6 1.3 -0.65
v -0.6 1.3 -0.75
v -0.6 1.5 -0.65
v -0.6 1.5 -0.75
v -0.6 1.6 -0.65
v -0.6 1.6 -0.75
v -0.6 1.8 -0.65
v -0.6 1.8 -0.75
v -0.6 1.9 -0.65
v -0.6 1.9 -0.75
v 0.6 -2 0.85
v 0.6 -2 0.75
v 0.6 -2 0.65
v 0.6 -2 -0.65
v 0.6 -2 -0.85
v 0.6 -1.9 0.85
v 0.6 -1.9 0.75
v 0.6 -1.9 0.65
v 0.6 -1.9 -0.75
v 0.6 -1.9 -0.85
v 0.6 -1.8 -0.65
v 0.6 -1.8 -0.75
v 0.6 -1.7 0.85
v 0.6 -1.7 0.75
v 0.6 -1.7 -0.75
v 0.6 -1.7 -0.85
v 0.6 -1.6 0.85
v 0.6 -1.6 0.75
v 0.6 -1.6 0.65
v 0.6 -1.6 -0.65
v 0.6 -1.6 -0.75
v 0.6 -1.6 -0.85
v 0.6 -1.5 0.85
v 0.6 -1.5 0.75
v 0.6 -1.5 0.65
v 0.6 -1.5 -0.65
v 0.6 -1.5 -0.75
v 0.6 -1.5 -0.85
v 0.6 -1.4 -0.65
v 0.6 -1.4 -0.75
v 0.6 -1.4 -0.85
v 0.6 -1.3 0.85
v 0.6 -1.3 0.75
v 0.6 -1.3 -0.65
v 0.6 -1.3 -0.75
v 0.6 -1.2 0.75
v 0.6 -1.2 0.65
v 0.6 -1.2 -0.65
v 0.6 -1.2 -0.75
v 0.6 -1.2 -0.85
v 0.6 -1.1 0.85
v 0.6 -1.1 0.75
v 0.6 -1.1 0.65
v 0.6 -1.1 -0.65
v 0.6 -1.1 -0.75
v 0.6 -1 0.85
v 0.6 -1 0.75
v 0.6 -1 0.65
v 0.6 -1 -0.65
v 0.6 -1 -0.75
v 0.6 -1 -0.85
v 0.6 -0.9 0.75
v 0.6 -0.9 0.65
v 0.6 -0.8 0.75
v 0.6 -0.8 0.65
v 0.6 -0.8 -0.65
v 0.6 -0.8 -0.75
v 0.6 -0.7 0.75
v 0.6 -0.7 0.65
v 0.6 -0.7 -0.65
v 0.6 -0.7 -0.75
v 0.6 -0.7 -0.85
v 0.6 -0.6 0.85
v 0.6 -0.6 0.75
v 0.6 -0.6 0.65
v 0.6 -0.6 -0.65
v 0.6 -0.6 -0.75
v 0.6 -0.5 0.85
v 0.6 -0.5 0.75
v 0.6 -0.5 0.65
v 0.6 -0.5 -0.75
v 0.6 -0.5 -0.85
v 0.6 -0.4 0.85
v 0.6 -0.4 0.75
v 0.6 -0.4 0.65
v 0.6 -0.4 -0.65
v 0.6 -0.4 -0.85
v -0.6 -2 0.85
v -0.6 -2 0.75
v -0.6 -2 0.65
v -0.6 -2 -0.65
v -0.6 -2 -0.75
v -0.6 -2 -0.85
v -0.6 -1.9 0.75
v -0.6 -1.9 0.65
v -0.6 -1.9 -0.65
v -0.6 -1.9 -0.75
v -0.6 -1.8 0.85
v -0.6 -1.8 0.75
v -0.6 -1.8 0.65
v -0.6 -1.8 -0.65
v -0.6 -1.8 -0.75
v -0.6 -1.8 -0.85
v -0.6 -1.7 0.85
v -0.6 -1.7 0.65
v -0.6 -1.7 -0.65
v -0.6 -1.7 -0.75
v -0.6 -1.6 0.85
v -0.6 -1.6 0.65
v -0.6 -1.6 -0.65
v -0.6 -1.6 -0.75
v -0.6 -1.6 -0.85
v -0.6 -1.5 -0.75
v -0.6 -1.5 -0.85
v -0.6 -1.4 0.85
v -0.6 -1.4 0.75
v -0.6 -1.4 -0.65
v -0.6 -1.4 -0.75
v -0.6 -1.4 -0.85
v -0.6 -1.3 0.85
v -0.6 -1.3 0.75
v -0.6 -1.3 0.65
v -0.6 -1.3 -0.75
v -0.6 -1.3 -0.85
v -0.6 -1.2 0.85
v -0.6 -1.2 0.75
v -0.6 -1.2 0.65
v -0.6 -1.2 -0.65
v -0.6 -1.2 -0.75
v -0.6 -1.2 -0.85
v -0.6 -1.1 0.85
v -0.6 -1.1 0.75
v -0.6 -1.1 0.65
v -0.6 -1.1 -0.75
v -0.6 -1.1 -0.85
v -0.6 -1 0.85
v -0.6 -1 0.75
v -0.6 -1 0.65
v -0.6 -1 -0.65
v -0.6 -1 -0.75
v -0.6 -0.9 0.85
v -0.6 -0.9 0.75
v -0.6 -0.9 0.65
v -0.6 -0.8 0.85
v -0.6 -0.8 0.75
v -0.6 -0.8 -0.65
v -0.6 -0.8 -0.75
v -0.6 -0.8 -0.85
v -0.6 -0.7 0.85
v -0.6 -0.7 0.75
v -0.6 -0.7 0.65
v -0.6 -0.6 0.75
v -0.6 -0.6 0.65
v -0.6 -0.6 -0.75
v -0.6 -0.6 -0.85
v -0.6 -0.5 0.85
v -0.6 -0.5 0.65
v -0.6 -0.5 -0.65
v -0.6 -0.5 -0.75
v -0.6 -0.5 -0.85
v -0.6 -0.4 0.85
v -0.6 -0.4 0.65
v -0.6 -0.4 -0.65
v -0.6 -0.4 -0.75
v -0.6 -0.4 -0.85
v 0.6 -0.2 0.75
v 0.6 -0.2 0.65
v 0.6 -0.2 0.05
v 0.6 -0.2 -0.05
v 0.6 -0.2 -0.55
v 0.6 -0.2 -0.65
v 0.6 -0.1 0.75
v 0.6 -0.1 0.65
v 0.6 -0.1 0.05
v 0.6 -0.1 -0.05
v 0.6 -0.1 -0.55
v 0.6 -0.1 -0.65
v 0.6 0.0999999 -0.65
v 0.6 0.0999999 -0.75
v 0.6 0.2 -0.65
v 0.6 0.2 -0.75
v 0.6 1.2 -0.65
v 0.6 1.2 -0.75
v 0.6 1.3 -0.65
v 0.6 1.3 -0.75
v 0.6 1.5 -0.65
v 0.6 1.5 -0.75
v 0.6 1.6 -0.65
v 0.6 1.6 -0.75
v 0.6 1.8 -0.65
v 0.6 1.8 -0.75
v 0.6 1.9 -0.65
v 0.6 1.9 -0.75
v 0.7 -0.2 0.65
v 0.7 -0.2 0.55
v 0.7 -0.2 0.45
v 0.7 -0.2 0.35
v 0.7 -0.2 0.25
v 0.7 -0.2 0.15
v 0.7 -0.2 0.05
v 0.7 -0.2 -0.05
v 0.7 -0.2 -0.25
v 0.7 -0.2 -0.35
v 0.7 -0.2 -0.55
v 0.7 -0.1 0.65
v 0.7 -0.1 0.05
v 0.7 -0.1 -0.05
v 0.7 -0.1 -0.55
v 0.7 0.2 -0.65
v 0.7 0.2 -0.75
v 0.7 0.3 -0.75
v 0.7 0.4 -0.75
v 0.7 0.6 -0.75
v 0.7 0.7 -0.75
v 0.7 0.9 -0.75
v 0.7 1 -0.75
v 0.7 1.1 -0.75
v 0.7 1.2 -0.65
v 0.7 1.2 -0.75
v 0.7 1.6 -0.65
v 0.7 1.6 -0.75
v 0.7 1.7 -0.75
v 0.7 1.8 -0.65
v 0.7 1.8 -0.75
v 0.8 -2 0.85
v 0.8 -2 0.75
v 0.8 -2 0.65
v 0.8 -2 -0.65
v 0.8 -2 -0.75
v 0.8 -2 -0.85
v 0.8 -1.9 0.85
v 0.8 -1.9 0.75
v 0.8 -1.9 -0.65
v 0.8 -1.9 -0.75
v 0.8 -1.9 -0.85
v 0.8 -1.8 0.85
v 0.8 -1.8 0.65
v 0.8 -1.8 -0.65
v 0.8 -1.8 -0.75
v 0.8 -1.8 -0.85
v 0.8 -1.7 0.85
v 0.8 -1.7 0.75
v 0.8 -1.7 0.65
v 0.8 -1.7 -0.65
v 0.8 -1.7 -0.75
v 0.8 -1.7 -0.85
v 0.8 -1.6 0.85
v 0.8 -1.6 0.75
v 0.8 -1.6 -0.65
v 0.8 -1.6 -0.75
v 0.8 -1.5 0.85
v 0.8 -1.5 0.75
v 0.8 -1.5 0.65
v 0.8 -1.5 -0.65
v 0.8 -1.5 -0.75
v 0.8 -1.5 -0.85
v 0.8 -1.4 0.85
v 0.8 -1.4 0.75
v 0.8 -1.4 0.65
v 0.8 -1.4 -0.65
v 0.8 -1.4 -0.75
v 0.8 -1.4 -0.85
v 0.8 -1.3 0.75
v 0.8 -1.3 0.65
v 0.8 -1.3 -0.65
v 0.8 -1.3 -0.75
v 0.8 -1.2 -0.65
v 0.8 -1.2 -0.75
v 0.8 -1.2 -0.85
v 0.8 -1.1 0.75
v 0.8 -1.1 0.65
v 0.8 -1.1 -0.65
v 0.8 -1.1 -0.75
v 0.8 -1 0.75
v 0.8 -1 0.65
v 0.8 -1 -0.65
v 0.8 -1 -0.75
v 0.8 -1 -0.85
v 0.8 -0.9 0.85
v 0.8 -0.9 0.75
v 0.8 -0.9 0.65
v 0.8 -0.9 -0.65
v 0.8 -0.9 -0.75
v 0.8 -0.9 -0.85
v 0.8 -0.8 0.85
v 0.8 -0.8 0.75
v 0.8 -0.8 -0.65
v 0.8 -0.8 -0.75
v 0.8 -0.8 -0.85
v 0.8 -0.7 0.75
v 0.8 -0.7 0.65
v 0.8 -0.7 -0.65
v 0.8 -0.7 -0.75
v 0.8 -0.6 -0.65
v 0.8 -0.6 -0.75
v 0.8 -0.6 -0.85
v 0.8 -0.5 0.85
v 0.8 -0.5 0.75
v 0.8 -0.5 0.65
v 0.8 -0.5 -0.65
v 0.8 -0.5 -0.75
v 0.8 -0.5 -0.85
v 0.8 -0.4 0.85
v 0.8 -0.4 0.75
v 0.8 -0.4 0.65
v 0.8 -0.4 0.45
v 0.8 -0.4 0.35
v 0.8 -0.4 0.25
v 0.8 -0.4 0.15
v 0.8 -0.4 0.05
v 0.8 -0.4 -0.05
v 0.8 -0.4 -0.15
v 0.8 -0.4 -0.55
v 0.8 -0.4 -0.65
v 0.8 -0.4 -0.85
v 0.8 -0.3 0.85
v 0.8 -0.3 0.75
v 0.8 -0.3 0.65
v 0.8 -0.3 0.55
v 0.8 -0.3 0.35
v 0.8 -0.3 0.25
v 0.8 -0.3 0.15
v 0.8 -0.3 0.05
v 0.8 -0.3 -0.05
v 0.8 -0.3 -0.15
v 0.8 -0.3 -0.25
v 0.8 -0.3 -0.35
v 0.8 -0.3 -0.55
v 0.8 -0.3 -0.65
v 0.8 -0.3 -0.75
v 0.8 -0.3 -0.85
v 0.8 -0.2 0.85
v 0.8 -0.2 0.75
v 0.8 -0.2 0.55
v 0.8 -0.2 0.45
v 0.8 -0.2 0.35
v 0.8 -0.2 0.25
v 0.8 -0.2 0.15
v 0.8 -0.2 0.05
v 0.8 -0.2 -0.05
v 0.8 -0.2 -0.25
v 0.8 -0.2 -0.35
v 0.8 -0.2 -0.65
v 0.8 -0.2 -0.75
v 0.8 -0.2 -0.85
v 0.8 -0.1 -0.75
v 0.8 -0.1 -0.85
v 0.8 0.0999999 -0.75
v 0.8 0.0999999 -0.85
v 0.8 0.2 -0.75
v 0.8 0.2 -0.85
v 0.8 0.3 -0.75
v 0.8 0.3 -0.85
v 0.8 0.4 -0.75
v 0.8 0.4 -0.85
v 0.8 0.6 -0.75
v 0.8 0.6 -0.85
v 0.8 0.7 -0.75
v 0.8 0.7 -0.85
v 0.8 0.9 -0.75
v 0.8 0.9 -0.85
v 0.8 1 -0.75
v 0.8 1 -0.85
v 0.8 1.1 -0.75
v 0.8 1.1 -0.85
v 0.8 1.2 -0.75
v 0.8 1.2 -0.85
v 0.8 1.3 -0.75
v 0.8 1.3 -0.85
v 0.8 1.4 -0.75
v 0.8 1.4 -0.85
v 0.8 1.5 -0.75
v 0.8 1.5 -0.85
v 0.8 1.6 -0.75
v 0.8 1.6 -0.85
v 0.8 1.7 -0.75
v 0.8 1.7 -0.85
v 0.8 1.9 -0.75
v 0.8 1.9 -0.85
v 0.8 2 -0.75
v 0.8 2 -0.85
v -0.8 -2 0.85
v -0.8 -1.9 0.85
v -0.8 -1.8 0.85
v -0.8 -1.7 0.85
v -0.8 -1.6 0.85
v -0.8 -1.5 0.85
v -0.8 -1.4 0.85
v -0.8 -1.3 0.85
v -0.8 -1.2 0.85
v -0.8 -1.1 0.85
v -0.8 -0.9 0.85
v -0.8 -0.7 0.85
v -0.8 -0.6 0.85
v -0.8 -0.5 0.85
v -0.8 -0.4 0.85
v -0.8 -0.3 0.85
v -0.8 -0.2 0.85
v -0.7 -2 0.85
v -0.7 -1.9 0.85
v -0.7 -1.8 0.85
v -0.7 -1.7 0.85
v -0.7 -1.6 0.85
v -0.7 -1.5 0.85
v -0.7 -1.3 0.85
v -0.7 -1.2 0.85
v -0.7 -1.1 0.85
v -0.7 -1 0.85
v -0.7 -0.9 0.85
v -0.7 -0.8 0.85
v -0.7 -0.7 0.85
v -0.7 -0.6 0.85
v -0.7 -0.4 0.85
v -0.7 -0.3 0.85
v -0.6 -2 0.85
v -0.6 -1.8 0.85
v -0.6 -1.7 0.85
v -0.6 -1.6 0.85
v -0.6 -1.4 0.85
v -0.6 -1.3 0.85
v -0.6 -1.2 0.85
v -0.6 -1.1 0.85
v -0.6 -1 0.85
v -0.6 -0.9 0.85
v -0.6 -0.8 0.85
v -0.6 -0.7 0.85
v -0.6 -0.5 0.85
v -0.6 -0.4 0.85
v -0.6 -0.3 0.85
v -0.6 -0.2 0.85
v -0.5 -0.4 0.85
v -0.5 -0.3 0.85
v -0.4 -0.3 0.85
v -0.4 -0.2 0.85
v -0.3 -0.4 0.85
v -0.3 -0.3 0.85
v -0.2 -0.4 0.85
v -0.2 -0.3 0.85
v -0.2 -0.2 0.85
v -0.1 -0.4 0.85
v -0.1 -0.3 0.85
v -0.1 -0.2 0.85
v 0.1 -0.4 0.85
v 0.1 -0.3 0.85
v 0.1 -0.2 0.85
v 0.2 -0.4 0.85
v 0.2 -0.3 0.85
v 0.2 -0.2 0.85
v 0.3 -0.4 0.85
v 0.3 -0.3 0.85
v 0.3 -0.2 0.85
v 0.4 -0.4 0.85
v 0.4 -0.3 0.85
v 0.5 -0.4 0.85
v 0.5 -0.3 0.85
v 0.6 -2 0.85
v 0.6 -1.9 0.85
v 0.6 -1.7 0.85
v 0.6 -1.6 0.85
v 0.6 -1.5 0.85
v 0.6 -1.3 0.85
v 0.6 -1.1 0.85
v 0.6 -1 0.85
v 0.6 -0.6 0.85
v 0.6 -0.5 0.85
v 0.6 -0.4 0.85
v 0.6 -0.3 0.85
v 0.6 -0.2 0.85
v 0.7 -2 0.85
v 0.7 -1.9 0.85
v 0.7 -1.8 0.85
v 0.7 -1.7 0.85
v 0.7 -1.6 0.85
v 0.7 -1.5 0.85
v 0.7 -1.4 0.85
v 0.7 -1.3 0.85
v 0.7 -1.1 0.85
v 0.7 -1 0.85
v 0.7 -0.9 0.85
v 0.7 -0.8 0.85
v 0.7 -0.6 0.85
v 0.7 -0.5 0.85
v 0.7 -0.4 0.85
v 0.7 -0.3 0.85
v 0.7 -0.2 0.85
v 0.8 -2 0.85
v 0.8 -1.9 0.85
v 0.8 -1.8 0.85
v 0.8 -1.7 0.85
v 0.8 -1.6 0.85
v 0.8 -1.5 0.85
v 0.8 -1.4 0.85
v 0.8 -0.9 0.85
v 0.8 -0.8 0.85
v 0.8 -0.5 0.85
v 0.8 -0.4 0.85
v 0.8 -0.3 0.85
v 0.8 -0.2 0.85
v -0.6 -0.2 0.75
v -0.6 -0.1 0.75
v -0.4 -0.2 0.75
v -0.2 -0.2 0.75
v -0.1 -0.2 0.75
v 0.1 -0.2 0.75
v 0.2 -0.2 0.75
v 0.3 -0.2 0.75
v 0.6 -0.2 0.75
v 0.6 -0.1 0.75
v -0.7 -0.2 0.65
v -0.7 -0.1 0.65
v -0.6 -0.2 0.65
v -0.6 -0.1 0.65
v 0.6 -0.2 0.65
v 0.6 -0.1 0.65
v 0.7 -0.2 0.65
v 0.7 -0.1 0.65
v -0.7 -0.2 -0.05
v -0.7 -0.1 -0.05
v -0.6 -0.2 -0.05
v -0.6 -0.1 -0.05
v 0.6 -0.2 -0.05
v 0.6 -0.1 -0.05
v 0.7 -0.2 -0.05
v 0.7 -0.1 -0.05
v -0.8 -2 -0.65
v -0.8 -1.9 -0.65
v -0.8 -1.8 -0.65
v -0.8 -1.7 -0.65
v -0.8 -1.5 -0.65
v -0.8 -1.4 -0.65
v -0.8 -1.1 -0.65
v -0.8 -1 -0.65
v -0.8 -0.9 -0.65
v -0.8 -0.8 -0.65
v -0.8 -0.7 -0.65
v -0.8 -0.6 -0.65
v -0.8 -0.5 -0.65
v -0.8 -0.4 -0.65
v -0.7 -2 -0.65
v -0.7 -1.9 -0.65
v -0.7 -1.8 -0.65
v -0.7 -1.7 -0.65
v -0.7 -1.6 -0.65
v -0.7 -1.5 -0.65
v -0.7 -1.4 -0.65
v -0.7 -1.2 -0.65
v -0.7 -1.1 -0.65
v -0.7 -1 -0.65
v -0.7 -0.9 -0.65
v -0.7 -0.8 -0.65
v -0.7 -0.7 -0.65
v -0.7 -0.6 -0.65
v -0.7 -0.4 -0.65
v -0.7 0.2 -0.65
v -0.7 1.2 -0.65
v -0.7 1.6 -0.65
v -0.7 1.8 -0.65
v -0.6 -2 -0.65
v -0.6 -1.9 -0.65
v -0.6 -1.8 -0.65
v -0.6 -1.7 -0.65
v -0.6 -1.6 -0.65
v -0.6 -1.4 -0.65
v -0.6 -1.2 -0.65
v -0.6 -1 -0.65
v -0.6 -0.8 -0.65
v -0.6 -0.5 -0.65
v -0.6 -0.4 -0.65
v -0.6 0.0999999 -0.65
v -0.6 0.2 -0.65
v -0.6 0.3 -0.65
v -0.6 1.1 -0.65
v -0.6 1.2 -0.65
v -0.6 1.3 -0.65
v -0.6 1.5 -0.65
v -0.6 1.6 -0.65
v -0.6 1.8 -0.65
v -0.6 1.9 -0.65
v -0.5 0.2 -0.65
v -0.5 0.3 -0.65
v -0.5 0.5 -0.65
v -0.5 0.9 -0.65
v -0.5 1.1 -0.65
v -0.5 1.2 -0.65
v -0.5 1.7 -0.65
v -0.5 1.8 -0.65
v -0.4 0.4 -0.65
v -0.4 0.5 -0.65
v -0.4 0.9 -0.65
v -0.4 1 -0.65
v -0.4 1.6 -0.65
v -0.4 1.7 -0.65
v -0.3 0.7 -0.65
v -0.3 0.9 -0.65
v -0.3 1 -0.65
v -0.3 1.1 -0.65
v -0.2 0.6 -0.65
v -0.2 0.7 -0.65
v -0.2 1.7 -0.65
v -0.2 1.8 -0.65
v -0.1 0.7 -0.65
v -0.1 0.8 -0.65
v 0.1 0.7 -0.65
v 0.1 0.8 -0.65
v 0.2 0.6 -0.65
v 0.2 0.7 -0.65
v 0.2 1.7 -0.65
v 0.2 1.8 -0.65
v 0.3 0.7 -0.65
v 0.3 0.9 -0.65
v 0.3 1 -0.65
v 0.3 1.1 -0.65
v 0.4 0.4 -0.65
v 0.4 0.5 -0.65
v 0.4 0.9 -0.65
v 0.4 1 -0.65
v 0.4 1.6 -0.65
v 0.4 1.7 -0.65
v 0.5 0.2 -0.65
v 0.5 0.3 -0.65
v 0.5 0.5 -0.65
v 0.5 0.9 -0.65
v 0.5 1.1 -0.65
v 0.5 1.2 -0.65
v 0.5 1.7 -0.65
v 0.5 1.8 -0.65
v 0.6 -2 -0.65
v 0.6 -1.8 -0.65
v 0.6 -1.6 -0.65
v 0.6 -1.5 -0.65
v 0.6 -1.4 -0.65
v 0.6 -1.3 -0.65
v 0.6 -1.2 -0.65
v 0.6 -1.1 -0.65
v 0.6 -1 -0.65
v 0.6 -0.8 -0.65
v 0.6 -0.7 -0.65
v 0.6 -0.6 -0.65
v 0.6 -0.4 -0.65
v 0.6 0.0999999 -0.65
v 0.6 0.2 -0.65
v 0.6 0.3 -0.65
v 0.6 1.1 -0.65
v 0.6 1.2 -0.65
v 0.6 1.3 -0.65
v 0.6 1.5 -0.65
v 0.6 1.6 -0.65
v 0.6 1.8 -0.65
v 0.6 1.9 -0.65
v 0.7 -2 -0.65
v 0.7 -1.9 -0.65
v 0.7 -1.8 -0.65
v 0.7 -1.7 -0.65
v 0.7 -1.6 -0.65
v 0.7 -1.5 -0.65
v 0.7 -1.4 -0.65
v 0.7 -1.3 -0.65
v 0.7 -1.2 -0.65
v 0.7 -1.1 -0.65
v 0.7 -1 -0.65
v 0.7 -0.9 -0.65
v 0.7 -0.8 -0.65
v 0.7 -0.7 -0.65
v 0.7 -0.6 -0.65
v 0.7 -0.5 -0.65
v 0.7 -0.4 -0.65
v 0.7 0.2 -0.65
v 0.7 1.2 -0.65
v 0.7 1.6 -0.65
v 0.7 1.8 -0.65
v 0.8 -2 -0.65
v 0.8 -1.9 -0.65
v 0.8 -1.8 -0.65
v 0.8 -1.7 -0.65
v 0.8 -1.6 -0.65
v 0.8 -1.5 -0.65
v 0.8 -1.4 -0.65
v 0.8 -1.3 -0.65
v 0.8 -1.2 -0.65
v 0.8 -1.1 -0.65
v 0.8 -1 -0.65
v 0.8 -0.9 -0.65
v 0.8 -0.8 -0.65
v 0.8 -0.7 -0.65
v 0.8 -0.6 -0.65
v 0.8 -0.5 -0.65
v 0.8 -0.4 -0.65
v -0.8 -0.2 -0.75
v -0.8 -0.1 -0.75
v -0.8 0 -0.75
v -0.8 0.0999999 -0.75
v -0.8 0.2 -0.75
v -0.8 0.6 -0.75
v -0.8 0.7 -0.75
v -0.8 0.8 -0.75
v -0.8 0.9 -0.75
v -0.8 1 -0.75
v -0.8 1.2 -0.75
v -0.8 1.3 -0.75
v -0.8 1.4 -0.75
v -0.8 1.6 -0.75
v -0.8 1.7 -0.75
v -0.8 1.8 -0.75
v -0.8 1.9 -0.75
v -0.8 2 -0.75
v -0.7 -0.2 -0.75
v -0.7 -0.1 -0.75
v -0.7 0 -0.75
v -0.7 0.0999999 -0.75
v -0.7 0.2 -0.75
v -0.7 0.6 -0.75
v -0.7 0.7 -0.75
v -0.7 0.8 -0.75
v -0.7 0.9 -0.75
v -0.7 1 -0.75
v -0.7 1.2 -0.75
v -0.7 1.3 -0.75
v -0.7 1.5 -0.75
v -0.7 1.6 -0.75
v -0.7 1.7 -0.75
v -0.7 1.8 -0.75
v -0.7 1.9 -0.75
v -0.7 2 -0.75
v -0.6 -0.2 -0.75
v -0.6 -0.1 -0.75
v -0.6 0 -0.75
v -0.6 0.0999999 -0.75
v -0.6 0.2 -0.75
v -0.6 1.2 -0.75
v -0.6 1.3 -0.75
v -0.6 1.4 -0.75
v -0.6 1.5 -0.75
v -0.6 1.6 -0.75
v -0.6 1.8 -0.75
v -0.6 1.9 -0.75
v -0.5 -0.2 -0.75
v -0.5 -0.1 -0.75
v -0.5 0 -0.75
v -0.5 0.0999999 -0.75
v -0.5 1.9 -0.75
v -0.5 2 -0.75
v -0.4 -0.2 -0.75
v -0.4 -0.1 -0.75
v -0.4 0 -0.75
v -0.4 0.0999999 -0.75
v -0.4 1.3 -0.75
v -0.4 1.4 -0.75
v -0.4 1.9 -0.75
v -0.4 2 -0.75
v -0.3 -0.2 -0.75
v -0.3 -0.1 -0.75
v -0.3 0 -0.75
v -0.3 0.0999999 -0.75
v -0.3 1.3 -0.75
v -0.3 1.4 -0.75
v -0.2 -0.2 -0.75
v -0.2 -0.1 -0.75
v -0.2 0.0999999 -0.75
v -0.2 1.3 -0.75
v -0.2 1.4 -0.75
v -0.2 1.5 -0.75
v -0.2 1.9 -0.75
v -0.2 2 -0.75
v -0.1 -0.2 -0.75
v -0.1 -0.1 -0.75
v -0.1 0.0999999 -0.75
v -0.1 1.3 -0.75
v -0.1 1.4 -0.75
v -0.1 1.5 -0.75
v -0.1 1.9 -0.75
v -0.1 2 -0.75
v 0 -0.2 -0.75
v 0 -0.1 -0.75
v 0 0 -0.75
v 0 0.0999999 -0.75
v 0 1.3 -0.75
v 0 1.4 -0.75
v 0 1.9 -0.75
v 0 2 -0.75
v 0.1 -0.2 -0.75
v 0.1 -0.1 -0.75
v 0.1 0 -0.75
v 0.1 0.0999999 -0.75
v 0.1 1.3 -0.75
v 0.1 1.5 -0.75
v 0.2 -0.2 -0.75
v 0.2 -0.1 -0.75
v 0.2 0 -0.75
v 0.2 0.0999999 -0.75
v 0.2 1.3 -0.75
v 0.2 1.5 -0.75
v 0.2 1.9 -0.75
v 0.2 2 -0.75
v 0.3 -0.2 -0.75
v 0.3 -0.1 -0.75
v 0.3 0 -0.75
v 0.3 1.3 -0.75
v 0.3 1.5 -0.75
v 0.3 1.9 -0.75
v 0.3 2 -0.75
v 0.4 -0.2 -0.75
v 0.4 1.3 -0.75
v 0.4 1.4 -0.75
v 0.4 1.5 -0.75
v 0.4 1.9 -0.75
v 0.4 2 -0.75
v 0.5 -0.2 -0.75
v 0.5 -0.1 -0.75
v 0.5 0 -0.75
v 0.5 0.0999999 -0.75
v 0.5 1.3 -0.75
v 0.5 1.4 -0.75
v 0.5 1.9 -0.75
v 0.5 2 -0.75
v 0.6 -0.2 -0.75
v 0.6 -0.1 -0.75
v 0.6 0.0999999 -0.75
v 0.6 0.2 -0.75
v 0.6 1.2 -0.75
v 0.6 1.3 -0.75
v 0.6 1.4 -0.75
v 0.6 1.5 -0.75
v 0.6 1.6 -0.75
v 0.6 1.8 -0.75
v 0.6 1.9 -0.75
v 0.6 2 -0.75
v 0.7 -0.2 -0.75
v 0.7 -0.1 -0.75
v 0.7 0.0999999 -0.75
v 0.7 0.2 -0.75
v 0.7 0.3 -0.75
v 0.7 0.4 -0.75
v 0.7 0.6 -0.75
v 0.7 0.7 -0.75
v 0.7 0.9 -0.75
v 0.7 1 -0.75
v 0.7 1.1 -0.75
v 0.7 1.2 -0.75
v 0.7 1.3 -0.75
v 0.7 1.4 -0.75
v 0.7 1.5 -0.75
v 0.7 1.6 -0.75
v 0.7 1.7 -0.75
v 0.7 1.8 -0.75
v 0.8 -0.2 -0.75
v 0.8 -0.1 -0.75
v 0.8 0.0999999 -0.75
v 0.8 0.2 -0.75
v 0.8 0.3 -0.75
v 0.8 0.4 -0.75
v 0.8 0.6 -0.75
v 0.8 0.7 -0.75
v 0.8 0.9 -0.75
v 0.8 1 -0.75
v 0.8 1.1 -0.75
v 0.8 1.2 -0.75
v 0.8 1.3 -0.75
v 0.8 1.4 -0.75
v 0.8 1.5 -0.75
v 0.8 1.6 -0.75
v 0.8 1.7 -0.75
v 0.8 1.9 -0.75
v 0.8 2 -0.75
v -0.8 -2 0.65
v -0.8 -1.9 0.65
v -0.8 -1.8 0.65
v -0.8 -1.7 0.65
v -0.8 -1.6 0.65
v -0.8 -1.5 0.65
v -0.8 -1.4 0.65
v -0.8 -1.3 0.65
v -0.8 -1.2 0.65
v -0.8 -1.1 0.65
v -0.8 -1 0.65
v -0.8 -0.8 0.65
v -0.8 -0.6 0.65
v -0.8 -0.5 0.65
v -0.8 -0.4 0.65
v -0.7 -2 0.65
v -0.7 -1.9 0.65
v -0.7 -1.8 0.65
v -0.7 -1.7 0.65
v -0.7 -1.6 0.65
v -0.7 -1.5 0.65
v -0.7 -1.4 0.65
v -0.7 -1.3 0.65
v -0.7 -1.2 0.65
v -0.7 -1.1 0.65
v -0.7 -1 0.65
v -0.7 -0.9 0.65
v -0.7 -0.8 0.65
v -0.7 -0.7 0.65
v -0.7 -0.6 0.65
v -0.7 -0.5 0.65
v -0.7 -0.4 0.65
v -0.6 -2 0.65
v -0.6 -1.9 0.65
v -0.6 -1.8 0.65
v -0.6 -1.7 0.65
v -0.6 -1.6 0.65
v -0.6 -1.3 0.65
v -0.6 -1.2 0.65
v -0.6 -1.1 0.65
v -0.6 -1 0.65
v -0.6 -0.9 0.65
v -0.6 -0.7 0.65
v -0.6 -0.6 0.65
v -0.6 -0.5 0.65
v -0.6 -0.4 0.65
v 0.6 -2 0.65
v 0.6 -1.9 0.65
v 0.6 -1.6 0.65
v 0.6 -1.5 0.65
v 0.6 -1.2 0.65
v 0.6 -1.1 0.65
v 0.6 -1 0.65
v 0.6 -0.9 0.65
v 0.6 -0.8 0.65
v 0.6 -0.7 0.65
v 0.6 -0.6 0.65
v 0.6 -0.5 0.65
v 0.6 -0.4 0.65
v 0.7 -1.9 0.65
v 0.7 -1.8 0.65
v 0.7 -1.7 0.65
v 0.7 -1.6 0.65
v 0.7 -1.5 0.65
v 0.7 -1.4 0.65
v 0.7 -1.3 0.65
v 0.7 -1.2 0.65
v 0.7 -1.1 0.65
v 0.7 -1 0.65
v 0.7 -0.9 0.65
v 0.7 -0.8 0.65
v 0.7 -0.7 0.65
v 0.7 -0.6 0.65
v 0.7 -0.5 0.65
v 0.7 -0.4 0.65
v 0.8 -2 0.65
v 0.8 -1.8 0.65
v 0.8 -1.7 0.65
v 0.8 -1.5 0.65
v 0.8 -1.4 0.65
v 0.8 -1.3 0.65
v 0.8 -1.1 0.65
v 0.8 -1 0.65
v 0.8 -0.9 0.65
v 0.8 -0.7 0.65
v 0.8 -0.5 0.65
v 0.8 -0.4 0.65
v -0.7 -0.2 0.05
v -0.7 -0.1 0.05
v -0.6 -0.2 0.05
v -0.6 -0.1 0.05
v 0.6 -0.2 0.05
v 0.6 -0.1 0.05
v 0.7 -0.2 0.05
v 0.7 -0.1 0.05
v -0.7 -0.2 -0.55
v -0.7 -0.1 -0.55
v -0.6 -0.2 -0.55
v -0.6 -0.1 -0.55
v 0.6 -0.2 -0.55
v 0.6 -0.1 -0.55
v 0.7 -0.2 -0.55
v 0.7 -0.1 -0.55
v -0.6 -0.2 -0.65
v -0.6 -0.1 -0.65
v -0.5 -0.2 -0.65
v -0.4 -0.2 -0.65
v -0.2 -0.2 -0.65
v -0.1 -0.2 -0.65
v 0 -0.2 -0.65
v 0.2 -0.2 -0.65
v 0.4 -0.2 -0.65
v 0.5 -0.2 -0.65
v 0.6 -0.2 -0.65
v 0.6 -0.1 -0.65
v -0.8 -2 -0.85
v -0.8 -1.9 -0.85
v -0.8 -1.8 -0.85
v -0.8 -1.7 -0.85
v -0.8 -1.6 -0.85
v -0.8 -1.2 -0.85
v -0.8 -0.9 -0.85
v -0.8 -0.8 -0.85
v -0.8 -0.7 -0.85
v -0.8 -0.5 -0.85
v -0.8 -0.3 -0.85
v -0.8 -0.1 -0.85
v -0.8 0 -0.85
v -0.8 0.0999999 -0.85
v -0.8 0.2 -0.85
v -0.8 0.6 -0.85
v -0.8 0.7 -0.85
v -0.8 0.8 -0.85
v -0.8 0.9 -0.85
v -0.8 1 -0.85
v -0.8 1.2 -0.85
v -0.8 1.3 -0.85
v -0.8 1.4 -0.85
v -0.8 1.6 -0.85
v -0.8 1.7 -0.85
v -0.8 1.8 -0.85
v -0.8 1.9 -0.85
v -0.8 2 -0.85
v -0.7 -2 -0.85
v -0.7 -1.9 -0.85
v -0.7 -1.8 -0.85
v -0.7 -1.7 -0.85
v -0.7 -1.6 -0.85
v -0.7 -1.5 -0.85
v -0.7 -1.4 -0.85
v -0.7 -1.3 -0.85
v -0.7 -1.2 -0.85
v -0.7 -1.1 -0.85
v -0.7 -0.9 -0.85
v -0.7 -0.8 -0.85
v -0.7 -0.7 -0.85
v -0.7 -0.6 -0.85
v -0.7 -0.5 -0.85
v -0.7 -0.4 -0.85
v -0.7 -0.3 -0.85
v -0.7 -0.2 -0.85
v -0.7 -0.1 -0.85
v -0.7 0 -0.85
v -0.7 0.0999999 -0.85
v -0.7 0.2 -0.85
v -0.7 0.3 -0.85
v -0.7 0.5 -0.85
v -0.7 0.8 -0.85
v -0.7 0.9 -0.85
v -0.7 1 -0.85
v -0.7 1.1 -0.85
v -0.7 1.2 -0.85
v -0.7 1.3 -0.85
v -0.7 1.5 -0.85
v -0.7 1.6 -0.85
v -0.7 1.7 -0.85
v -0.7 1.8 -0.85
v -0.7 1.9 -0.85
v -0.7 2 -0.85
v -0.6 -2 -0.85
v -0.6 -1.8 -0.85
v -0.6 -1.6 -0.85
v -0.6 -1.5 -0.85
v -0.6 -1.4 -0.85
v -0.6 -1.3 -0.85
v -0.6 -1.2 -0.85
v -0.6 -1.1 -0.85
v -0.6 -0.8 -0.85
v -0.6 -0.6 -0.85
v -0.6 -0.5 -0.85
v -0.6 -0.4 -0.85
v -0.6 -0.3 -0.85
v -0.6 -0.2 -0.85
v -0.6 -0.1 -0.85
v -0.6 0 -0.85
v -0.6 0.0999999 -0.85
v -0.6 0.2 -0.85
v -0.6 0.3 -0.85
v -0.6 0.4 -0.85
v -0.6 0.6 -0.85
v -0.6 0.7 -0.85
v -0.6 0.8 -0.85
v -0.6 1 -0.85
v -0.6 1.1 -0.85
v -0.6 1.2 -0.85
v -0.6 1.3 -0.85
v -0.6 1.4 -0.85
v -0.6 1.5 -0.85
v -0.6 1.6 -0.85
v -0.6 1.7 -0.85
v -0.6 1.8 -0.85
v -0.6 1.9 -0.85
v -0.5 -0.4 -0.85
v -0.5 -0.3 -0.85
v -0.5 -0.2 -0.85
v -0.5 -0.1 -0.85
v -0.5 0 -0.85
v -0.5 0.0999999 -0.85
v -0.5 0.2 -0.85
v -0.5 0.3 -0.85
v -0.5 0.4 -0.85
v -0.5 0.5 -0.85
v -0.5 0.6 -0.85
v -0.5 0.7 -0.85
v -0.5 0.8 -0.85
v -0.5 0.9 -0.85
v -0.5 1 -0.85
v -0.5 1.1 -0.85
v -0.5 1.2 -0.85
v -0.5 1.3 -0.85
v -0.5 1.6 -0.85
v -0.5 1.7 -0.85
v -0.5 1.9 -0.85
v -0.5 2 -0.85
v -0.4 -0.4 -0.85
v -0.4 -0.3 -0.85
v -0.4 -0.2 -0.85
v -0.4 -0.1 -0.85
v -0.4 0 -0.85
v -0.4 0.0999999 -0.85
v -0.4 0.2 -0.85
v -0.4 0.3 -0.85
v -0.4 0.4 -0.85
v -0.4 0.5 -0.85
v -0.4 0.6 -0.85
v -0.4 0.7 -0.85
v -0.4 0.8 -0.85
v -0.4 0.9 -0.85
v -0.4 1 -0.85
v -0.4 1.1 -0.85
v -0.4 1.2 -0.85
v -0.4 1.3 -0.85
v -0.4 1.4 -0.85
v -0.4 1.5 -0.85
v -0.4 1.6 -0.85
v -0.4 1.7 -0.85
v -0.4 1.8 -0.85
v -0.4 1.9 -0.85
v -0.4 2 -0.85
v -0.3 -0.3 -0.85
v -0.3 -0.2 -0.85
v -0.3 -0.1 -0.85
v -0.3 0 -0.85
v -0.3 0.0999999 -0.85
v -0.3 0.2 -0.85
v -0.3 0.3 -0.85
v -0.3 0.4 -0.85
v -0.3 0.5 -0.85
v -0.3 0.6 -0.85
v -0.3 0.8 -0.85
v -0.3 0.9 -0.85
v -0.3 1 -0.85
v -0.3 1.1 -0.85
v -0.3 1.2 -0.85
v -0.3 1.3 -0.85
v -0.3 1.4 -0.85
v -0.3 1.5 -0.85
v -0.3 1.6 -0.85
v -0.3 1.7 -0.85
v -0.3 1.8 -0.85
v -0.3 1.9 -0.85
v -0.2 -0.4 -0.85
v -0.2 -0.3 -0.85
v -0.2 -0.1 -0.85
v -0.2 0.0999999 -0.85
v -0.2 0.2 -0.85
v -0.2 0.3 -0.85
v -0.2 0.4 -0.85
v -0.2 0.5 -0.85
v -0.2 0.6 -0.85
v -0.2 0.7 -0.85
v -0.2 0.8 -0.85
v -0.2 0.9 -0.85
v -0.2 1 -0.85
v -0.2 1.1 -0.85
v -0.2 1.2 -0.85
v -0.2 1.3 -0.85
v -0.2 1.4 -0.85
v -0.2 1.5 -0.85
v -0.2 1.6 -0.85
v -0.2 1.7 -0.85
v -0.2 1.8 -0.85
v -0.2 1.9 -0.85
v -0.2 2 -0.85
v -0.1 -0.4 -0.85
v -0.1 -0.3 -0.85
v -0.1 -0.2 -0.85
v -0.1 -0.1 -0.85
v -0.1 0.0999999 -0.85
v -0.1 0.2 -0.85
v -0.1 0.3 -0.85
v -0.1 0.4 -0.85
v -0.1 0.5 -0.85
v -0.1 0.6 -0.85
v -0.1 0.7 -0.85
v -0.1 0.8 -0.85
v -0.1 0.9 -0.85
v -0.1 1 -0.85
v -0.1 1.1 -0.85
v -0.1 1.3 -0.85
v -0.1 1.4 -0.85
v -0.1 1.5 -0.85
v -0.1 1.6 -0.85
v -0.1 1.7 -0.85
v -0.1 1.9 -0.85
v -0.1 2 -0.85
v 0 -0.4 -0.85
v 0 -0.3 -0.85
v 0 -0.2 -0.85
v 0 -0.1 -0.85
v 0 0 -0.85
v 0 0.0999999 -0.85
v 0 0.3 -0.85
v 0 0.4 -0.85
v 0 0.5 -0.85
v 0 0.6 -0.85
v 0 0.7 -0.85
v 0 0.9 -0.85
v 0 1 -0.85
v 0 1.1 -0.85
v 0 1.2 -0.85
v 0 1.3 -0.85
v 0 1.4 -0.85
v 0 1.6 -0.85
v 0 1.7 -0.85
v 0 1.8 -0.85
v 0 1.9 -0.85
v 0 2 -0.85
v 0.1 -0.3 -0.85
v 0.1 -0.2 -0.85
v 0.1 -0.1 -0.85
v 0.1 0 -0.85
v 0.1 0.0999999 -0.85
v 0.1 0.2 -0.85
v 0.1 0.3 -0.85
v 0.1 0.6 -0.85
v 0.1 0.7 -0.85
v 0.1 0.8 -0.85
v 0.1 0.9 -0.85
v 0.1 1 -0.85
v 0.1 1.1 -0.85
v 0.1 1.3 -0.85
v 0.1 1.5 -0.85
v 0.1 1.6 -0.85
v 0.1 1.7 -0.85
v 0.1 1.8 -0.85
v 0.1 1.9 -0.85
v 0.2 -0.3 -0.85
v 0.2 -0.2 -0.85
v 0.2 -0.1 -0.85
v 0.2 0 -0.85
v 0.2 0.0999999 -0.85
v 0.2 0.2 -0.85
v 0.2 0.3 -0.85
v 0.2 0.5 -0.85
v 0.2 0.6 -0.85
v 0.2 0.7 -0.85
v 0.2 0.8 -0.85
v 0.2 0.9 -0.85
v 0.2 1 -0.85
v 0.2 1.1 -0.85
v 0.2 1.2 -0.85
v 0.2 1.3 -0.85
v 0.2 1.5 -0.85
v 0.2 1.6 -0.85
v 0.2 1.8 -0.85
v 0.2 1.9 -0.85
v 0.2 2 -0.85
v 0.3 -0.4 -0.85
v 0.3 -0.3 -0.85
v 0.3 -0.2 -0.85
v 0.3 -0.1 -0.85
v 0.3 0 -0.85
v 0.3 0.2 -0.85
v 0.3 0.3 -0.85
v 0.3 0.4 -0.85
v 0.3 0.5 -0.85
v 0.3 0.6 -0.85
v 0.3 0.7 -0.85
v 0.3 0.8 -0.85
v 0.3 1 -0.85
v 0.3 1.1 -0.85
v 0.3 1.2 -0.85
v 0.3 1.3 -0.85
v 0.3 1.5 -0.85
v 0.3 1.7 -0.85
v 0.3 1.8 -0.85
v 0.3 1.9 -0.85
v 0.3 2 -0.85
v 0.4 -0.3 -0.85
v 0.4 -0.2 -0.85
v 0.4 0.0999999 -0.85
v 0.4 0.2 -0.85
v 0.4 0.3 -0.85
v 0.4 0.4 -0.85
v 0.4 0.5 -0.85
v 0.4 0.6 -0.85
v 0.4 0.7 -0.85
v 0.4 0.9 -0.85
v 0.4 1 -0.85
v 0.4 1.1 -0.85
v 0.4 1.2 -0.85
v 0.4 1.3 -0.85
v 0.4 1.4 -0.85
v 0.4 1.5 -0.85
v 0.4 1.6 -0.85
v 0.4 1.7 -0.85
v 0.4 1.8 -0.85
v 0.4 1.9 -0.85
v 0.4 2 -0.85
v 0.5 -0.3 -0.85
v 0.5 -0.2 -0.85
v 0.5 -0.1 -0.85
v 0.5 0 -0.85
v 0.5 0.0999999 -0.85
v 0.5 0.2 -0.85
v 0.5 0.3 -0.85
v 0.5 0.5 -0.85
v 0.5 0.6 -0.85
v 0.5 0.8 -0.85
v 0.5 0.9 -0.85
v 0.5 1 -0.85
v 0.5 1.1 -0.85
v 0.5 1.2 -0.85
v 0.5 1.3 -0.85
v 0.5 1.4 -0.85
v 0.5 1.8 -0.85
v 0.5 1.9 -0.85
v 0.5 2 -0.85
v 0.6 -2 -0.85
v 0.6 -1.9 -0.85
v 0.6 -1.7 -0.85
v 0.6 -1.6 -0.85
v 0.6 -1.5 -0.85
v 0.6 -1.4 -0.85
v 0.6 -1.2 -0.85
v 0.6 -1 -0.85
v 0.6 -0.7 -0.85
v 0.6 -0.5 -0.85
v 0.6 -0.4 -0.85
v 0.6 -0.2 -0.85
v 0.6 -0.1 -0.85
v 0.6 0.2 -0.85
v 0.6 0.3 -0.85
v 0.6 0.4 -0.85
v 0.6 0.5 -0.85
v 0.6 0.6 -0.85
v 0.6 0.7 -0.85
v 0.6 0.8 -0.85
v 0.6 0.9 -0.85
v 0.6 1 -0.85
v 0.6 1.1 -0.85
v 0.6 1.2 -0.85
v 0.6 1.3 -0.85
v 0.6 1.4 -0.85
v 0.6 1.5 -0.85
v 0.6 1.6 -0.85
v 0.6 1.7 -0.85
v 0.6 1.8 -0.85
v 0.6 1.9 -0.85
v 0.6 2 -0.85
v 0.7 -2 -0.85
v 0.7 -1.9 -0.85
v 0.7 -1.8 -0.85
v 0.7 -1.7 -0.85
v 0.7 -1.6 -0.85
v 0.7 -1.4 -0.85
v 0.7 -1.2 -0.85
v 0.7 -0.9 -0.85
v 0.7 -0.8 -0.85
v 0.7 -0.7 -0.85
v 0.7 -0.6 -0.85
v 0.7 -0.5 -0.85
v 0.7 -0.4 -0.85
v 0.7 -0.3 -0.85
v 0.7 -0.2 -0.85
v 0.7 -0.1 -0.85
v 0.7 0.0999999 -0.85
v 0.7 0.2 -0.85
v 0.7 0.3 -0.85
v 0.7 0.4 -0.85
v 0.7 0.6 -0.85
v 0.7 0.7 -0.85
v 0.7 0.8 -0.85
v 0.7 0.9 -0.85
v 0.7 1 -0.85
v 0.7 1.1 -0.85
v 0.7 1.2 -0.85
v 0.7 1.3 -0.85
v 0.7 1.4 -0.85
v 0.7 1.5 -0.85
v 0.7 1.6 -0.85
v 0.7 1.7 -0.85
v 0.8 -2 -0.85
v 0.8 -1.9 -0.85
v 0.8 -1.8 -0.85
v 0.8 -1.7 -0.85
v 0.8 -1.5 -0.85
v 0.8 -1.4 -0.85
v 0.8 -1.2 -0.85
v 0.8 -1 -0.85
v 0.8 -0.9 -0.85
v 0.8 -0.8 -0.85
v 0.8 -0.6 -0.85
v 0.8 -0.5 -0.85
v 0.8 -0.4 -0.85
v 0.8 -0.3 -0.85
v 0.8 -0.2 -0.85
v 0.8 -0.1 -0.85
v 0.8 0.0999999 -0.85
v 0.8 0.2 -0.85
v 0.8 0.3 -0.85
v 0.8 0.4 -0.85
v 0.8 0.6 -0.85
v 0.8 0.7 -0.85
v 0.8 0.9 -0.85
v 0.8 1 -0.85
v 0.8 1.1 -0.85
v 0.8 1.2 -0.85
v 0.8 1.3 -0.85
v 0.8 1.4 -0.85
v 0.8 1.5 -0.85
v 0.8 1.6 -0.85
v 0.8 1.7 -0.85
v 0.8 1.9 -0.85
v 0.8 2 -0.85
v -0.8 -2 0.85
v -0.7 -2 0.85
v -0.6 -2 0.85
v 0.6 -2 0.85
v 0.7 -2 0.85
v 0.8 -2 0.85
v -0.8 -2 0.75
v -0.7 -2 0.75
v -0.6 -2 0.75
v 0.6 -2 0.75
v 0.7 -2 0.75
v 0.8 -2 0.75
v -0.8 -2 0.65
v -0.7 -2 0.65
v -0.6 -2 0.65
v 0.6 -2 0.65
v 0.8 -2 0.65
v -0.8 -2 -0.65
v -0.7 -2 -0.65
v -0.6 -2 -0.65
v 0.6 -2 -0.65
v 0.7 -2 -0.65
v 0.8 -2 -0.65
v -0.8 -2 -0.75
v -0.7 -2 -0.75
v -0.6 -2 -0.75
v 0.7 -2 -0.75
v 0.8 -2 -0.75
v -0.8 -2 -0.85
v -0.7 -2 -0.85
v -0.6 -2 -0.85
v 0.6 -2 -0.85
v 0.7 -2 -0.85
v 0.8 -2 -0.85
v -0.6 -0.4 0.85
v -0.5 -0.4 0.85
v -0.3 -0.4 0.85
v -0.2 -0.4 0.85
v -0.1 -0.4 0.85
v 0.1 -0.4 0.85
v 0.2 -0.4 0.85
v 0.3 -0.4 0.85
v 0.4 -0.4 0.85
v 0.5 -0.4 0.85
v 0.6 -0.4 0.85
v -0.5 -0.4 0.75
v -0.4 -0.4 0.75
v -0.3 -0.4 0.75
v -0.2 -0.4 0.75
v -0.1 -0.4 0.75
v 0.1 -0.4 0.75
v 0.2 -0.4 0.75
v 0.3 -0.4 0.75
v 0.4 -0.4 0.75
v 0.5 -0.4 0.75
v 0.6 -0.4 0.75
v -0.8 -0.4 0.65
v -0.7 -0.4 0.65
v -0.6 -0.4 0.65
v -0.5 -0.4 0.65
v -0.4 -0.4 0.65
v -0.3 -0.4 0.65
v -0.2 -0.4 0.65
v -0.1 -0.4 0.65
v 0 -0.4 0.65
v 0.2 -0.4 0.65
v 0.3 -0.4 0.65
v 0.4 -0.4 0.65
v 0.5 -0.4 0.65
v 0.6 -0.4 0.65
v 0.7 -0.4 0.65
v 0.8 -0.4 0.65
v -0.7 -0.4 0.55
v -0.6 -0.4 0.55
v -0.5 -0.4 0.55
v -0.4 -0.4 0.55
v -0.3 -0.4 0.55
v -0.2 -0.4 0.55
v 0 -0.4 0.55
v 0.1 -0.4 0.55
v 0.2 -0.4 0.55
v 0.3 -0.4 0.55
v 0.4 -0.4 0.55
v 0.5 -0.4 0.55
v 0.7 -0.4 0.55
v -0.8 -0.4 0.45
v -0.7 -0.4 0.45
v -0.6 -0.4 0.45
v -0.5 -0.4 0.45
v -0.4 -0.4 0.45
v -0.3 -0.4 0.45
v -0.2 -0.4 0.45
v -0.1 -0.4 0.45
v 0 -0.4 0.45
v 0.1 -0.4 0.45
v 0.2 -0.4 0.45
v 0.4 -0.4 0.45
v 0.5 -0.4 0.45
v 0.6 -0.4 0.45
v 0.7 -0.4 0.45
v 0.8 -0.4 0.45
v -0.8 -0.4 0.35
v -0.7 -0.4 0.35
v -0.6 -0.4 0.35
v -0.5 -0.4 0.35
v -0.4 -0.4 0.35
v -0.3 -0.4 0.35
v -0.2 -0.4 0.35
v -0.1 -0.4 0.35
v 0 -0.4 0.35
v 0.1 -0.4 0.35
v 0.2 -0.4 0.35
v 0.3 -0.4 0.35
v 0.4 -0.4 0.35
v 0.5 -0.4 0.35
v 0.6 -0.4 0.35
v 0.7 -0.4 0.35
v 0.8 -0.4 0.35
v -0.7 -0.4 0.25
v -0.6 -0.4 0.25
v -0.3 -0.4 0.25
v -0.2 -0.4 0.25
v -0.1 -0.4 0.25
v 0 -0.4 0.25
v 0.1 -0.4 0.25
v 0.2 -0.4 0.25
v 0.3 -0.4 0.25
v 0.4 -0.4 0.25
v 0.5 -0.4 0.25
v 0.6 -0.4 0.25
v 0.7 -0.4 0.25
v 0.8 -0.4 0.25
v -0.7 -0.4 0.15
v -0.6 -0.4 0.15
v -0.4 -0.4 0.15
v -0.3 -0.4 0.15
v -0.2 -0.4 0.15
v -0.1 -0.4 0.15
v 0 -0.4 0.15
v 0.1 -0.4 0.15
v 0.2 -0.4 0.15
v 0.3 -0.4 0.15
v 0.4 -0.4 0.15
v 0.5 -0.4 0.15
v 0.6 -0.4 0.15
v 0.7 -0.4 0.15
v 0.8 -0.4 0.15
v -0.8 -0.4 0.05
v -0.7 -0.4 0.05
v -0.6 -0.4 0.05
v -0.5 -0.4 0.05
v -0.4 -0.4 0.05
v -0.3 -0.4 0.05
v -0.2 -0.4 0.05
v -0.1 -0.4 0.05
v 0 -0.4 0.05
v 0.1 -0.4 0.05
v 0.2 -0.4 0.05
v 0.3 -0.4 0.05
v 0.5 -0.4 0.05
v 0.6 -0.4 0.05
v 0.7 -0.4 0.05
v 0.8 -0.4 0.05
v -0.8 -0.4 -0.05
v -0.7 -0.4 -0.05
v -0.5 -0.4 -0.05
v -0.4 -0.4 -0.05
v -0.3 -0.4 -0.05
v -0.2 -0.4 -0.05
v -0.1 -0.4 -0.05
v 0 -0.4 -0.05
v 0.1 -0.4 -0.05
v 0.2 -0.4 -0.05
v 0.3 -0.4 -0.05
v 0.4 -0.4 -0.05
v 0.5 -0.4 -0.05
v 0.6 -0.4 -0.05
v 0.8 -0.4 -0.05
v -0.8 -0.4 -0.15
v -0.7 -0.4 -0.15
v -0.6 -0.4 -0.15
v -0.5 -0.4 -0.15
v -0.4 -0.4 -0.15
v -0.3 -0.4 -0.15
v -0.2 -0.4 -0.15
v -0.1 -0.4 -0.15
v 0 -0.4 -0.15
v 0.1 -0.4 -0.15
v 0.2 -0.4 -0.15
v 0.3 -0.4 -0.15
v 0.4 -0.4 -0.15
v 0.5 -0.4 -0.15
v 0.6 -0.4 -0.15
v 0.7 -0.4 -0.15
v 0.8 -0.4 -0.15
v -0.8 -0.4 -0.25
v -0.7 -0.4 -0.25
v -0.6 -0.4 -0.25
v -0.5 -0.4 -0.25
v -0.4 -0.4 -0.25
v -0.3 -0.4 -0.25
v -0.2 -0.4 -0.25
v -0.1 -0.4 -0.25
v 0 -0.4 -0.25
v 0.1 -0.4 -0.25
v 0.2 -0.4 -0.25
v 0.3 -0.4 -0.25
v 0.4 -0.4 -0.25
v 0.5 -0.4 -0.25
v 0.6 -0.4 -0.25
v -0.8 -0.4 -0.35
v -0.7 -0.4 -0.35
v -0.6 -0.4 -0.35
v -0.5 -0.4 -0.35
v -0.4 -0.4 -0.35
v -0.3 -0.4 -0.35
v -0.1 -0.4 -0.35
v 0 -0.4 -0.35
v 0.1 -0.4 -0.35
v 0.2 -0.4 -0.35
v 0.3 -0.4 -0.35
v 0.4 -0.4 -0.35
v 0.5 -0.4 -0.35
v 0.6 -0.4 -0.35
v -0.8 -0.4 -0.45
v -0.7 -0.4 -0.45
v -0.6 -0.4 -0.45
v -0.5 -0.4 -0.45
v -0.4 -0.4 -0.45
v -0.3 -0.4 -0.45
v -0.2 -0.4 -0.45
v -0.1 -0.4 -0.45
v 0 -0.4 -0.45
v 0.1 -0.4 -0.45
v 0.2 -0.4 -0.45
v 0.3 -0.4 -0.45
v 0.4 -0.4 -0.45
v 0.6 -0.4 -0.45
v -0.8 -0.4 -0.55
v -0.7 -0.4 -0.55
v -0.6 -0.4 -0.55
v -0.5 -0.4 -0.55
v -0.4 -0.4 -0.55
v -0.2 -0.4 -0.55
v -0.1 -0.4 -0.55
v 0 -0.4 -0.55
v 0.1 -0.4 -0.55
v 0.2 -0.4 -0.55
v 0.4 -0.4 -0.55
v 0.5 -0.4 -0.55
v 0.6 -0.4 -0.55
v 0.7 -0.4 -0.55
v 0.8 -0.4 -0.55
v -0.8 -0.4 -0.65
v -0.7 -0.4 -0.65
v -0.6 -0.4 -0.65
v -0.4 -0.4 -0.65
v -0.3 -0.4 -0.65
v -0.2 -0.4 -0.65
v -0.1 -0.4 -0.65
v 0 -0.4 -0.65
v 0.1 -0.4 -0.65
v 0.2 -0.4 -0.65
v 0.3 -0.4 -0.65
v 0.5 -0.4 -0.65
v 0.6 -0.4 -0.65
v 0.7 -0.4 -0.65
v 0.8 -0.4 -0.65
v -0.6 -0.4 -0.75
v -0.5 -0.4 -0.75
v -0.4 -0.4 -0.75
v -0.3 -0.4 -0.75
v -0.2 -0.4 -0.75
v -0.1 -0.4 -0.75
v 0 -0.4 -0.75
v 0.2 -0.4 -0.75
v 0.3 -0.4 -0.75
v 0.4 -0.4 -0.75
v -0.6 -0.4 -0.85
v -0.5 -0.4 -0.85
v -0.4 -0.4 -0.85
v -0.2 -0.4 -0.85
v -0.1 -0.4 -0.85
v 0 -0.4 -0.85
v 0.3 -0.4 -0.85
v 0.6 -0.4 -0.85
v -0.6 0.0999999 -0.65
v 0.6 0.0999999 -0.65
v -0.6 0.0999999 -0.75
v -0.5 0.0999999 -0.75
v -0.4 0.0999999 -0.75
v -0.3 0.0999999 -0.75
v -0.2 0.0999999 -0.75
v -0.1 0.0999999 -0.75
v 0 0.0999999 -0.75
v 0.1 0.0999999 -0.75
v 0.2 0.0999999 -0.75
v 0.5 0.0999999 -0.75
v 0.6 0.0999999 -0.75
v -0.7 0.2 -0.65
v -0.6 0.2 -0.65
v 0.6 0.2 -0.65
v 0.7 0.2 -0.65
v -0.7 0.2 -0.75
v -0.6 0.2 -0.75
v 0.6 0.2 -0.75
v 0.7 0.2 -0.75
v -0.6 1.5 -0.65
v 0.6 1.5 -0.65
v -0.6 1.5 -0.75
v -0.2 1.5 -0.75
v -0.1 1.5 -0.75
v 0.1 1.5 -0.75
v 0.2 1.5 -0.75
v 0.3 1.5 -0.75
v 0.4 1.5 -0.75
v 0.6 1.5 -0.75
v -0.7 1.6 -0.65
v -0.6 1.6 -0.65
v 0.6 1.6 -0.65
v 0.7 1.6 -0.65
v -0.7 1.6 -0.75
v -0.6 1.6 -0.75
v 0.6 1.6 -0.75
v 0.7 1.6 -0.75
v -0.8 -0.2 0.85
v -0.6 -0.2 0.85
v -0.4 -0.2 0.85
v -0.2 -0.2 0.85
v -0.1 -0.2 0.85
v 0.1 -0.2 0.85
v 0.2 -0.2 0.85
v 0.3 -0.2 0.85
v 0.6 -0.2 0.85
v 0.7 -0.2 0.85
v 0.8 -0.2 0.85
v -0.8 -0.2 0.75
v -0.7 -0.2 0.75
v -0.6 -0.2 0.75
v -0.4 -0.2 0.75
v -0.2 -0.2 0.75
v -0.1 -0.2 0.75
v 0.1 -0.2 0.75
v 0.2 -0.2 0.75
v 0.3 -0.2 0.75
v 0.6 -0.2 0.75
v 0.7 -0.2 0.75
v 0.8 -0.2 0.75
v -0.8 -0.2 0.65
v -0.7 -0.2 0.65
v -0.6 -0.2 0.65
v 0.6 -0.2 0.65
v 0.7 -0.2 0.65
v -0.8 -0.2 0.55
v -0.7 -0.2 0.55
v 0.7 -0.2 0.55
v 0.8 -0.2 0.55
v 0.7 -0.2 0.45
v 0.8 -0.2 0.45
v -0.8 -0.2 0.35
v -0.7 -0.2 0.35
v 0.7 -0.2 0.35
v 0.8 -0.2 0.35
v 0.7 -0.2 0.25
v 0.8 -0.2 0.25
v 0.7 -0.2 0.15
v 0.8 -0.2 0.15
v -0.8 -0.2 0.05
v -0.7 -0.2 0.05
v -0.6 -0.2 0.05
v 0.6 -0.2 0.05
v 0.7 -0.2 0.05
v 0.8 -0.2 0.05
v -0.7 -0.2 -0.05
v -0.6 -0.2 -0.05
v 0.6 -0.2 -0.05
v 0.7 -0.2 -0.05
v 0.8 -0.2 -0.05
v -0.8 -0.2 -0.15
v -0.7 -0.2 -0.15
v -0.8 -0.2 -0.25
v -0.7 -0.2 -0.25
v 0.7 -0.2 -0.25
v 0.8 -0.2 -0.25
v 0.7 -0.2 -0.35
v 0.8 -0.2 -0.35
v -0.8 -0.2 -0.45
v -0.7 -0.2 -0.45
v -0.8 -0.2 -0.55
v -0.7 -0.2 -0.55
v -0.6 -0.2 -0.55
v 0.6 -0.2 -0.55
v 0.7 -0.2 -0.55
v -0.8 -0.2 -0.65
v -0.7 -0.2 -0.65
v -0.6 -0.2 -0.65
v -0.5 -0.2 -0.65
v -0.4 -0.2 -0.65
v -0.2 -0.2 -0.65
v -0.1 -0.2 -0.65
v 0 -0.2 -0.65
v 0.2 -0.2 -0.65
v 0.4 -0.2 -0.65
v 0.5 -0.2 -0.65
v 0.6 -0.2 -0.65
v 0.7 -0.2 -0.65
v 0.8 -0.2 -0.65
v -0.8 -0.2 -0.75
v -0.7 -0.2 -0.75
v -0.6 -0.2 -0.75
v -0.5 -0.2 -0.75
v -0.4 -0.2 -0.75
v -0.3 -0.2 -0.75
v -0.2 -0.2 -0.75
v -0.1 -0.2 -0.75
v 0 -0.2 -0.75
v 0.1 -0.2 -0.75
v 0.2 -0.2 -0.75
v 0.3 -0.2 -0.75
v 0.4 -0.2 -0.75
v 0.5 -0.2 -0.75
v 0.6 -0.2 -0.75
v 0.7 -0.2 -0.75
v 0.8 -0.2 -0.75
v -0.6 -0.1 0.75
v 0.6 -0.1 0.75
v -0.7 -0.1 0.65
v -0.6 -0.1 0.65
v -0.2 -0.1 0.65
v 0.2 -0.1 0.65
v 0.6 -0.1 0.65
v 0.7 -0.1 0.65
v -0.5 -0.1 0.55
v -0.2 -0.1 0.55
v 0.2 -0.1 0.55
v 0.5 -0.1 0.55
v -0.6 -0.1 0.45
v -0.5 -0.1 0.45
v -0.2 -0.1 0.45
v 0.2 -0.1 0.45
v 0.5 -0.1 0.45
v 0.6 -0.1 0.45
v -0.4 -0.1 0.35
v -0.2 -0.1 0.35
v 0.2 -0.1 0.35
v 0.4 -0.1 0.35
v -0.6 -0.1 0.25
v -0.5 -0.1 0.25
v -0.4 -0.1 0.25
v -0.3 -0.1 0.25
v 0.3 -0.1 0.25
v 0.4 -0.1 0.25
v 0.5 -0.1 0.25
v 0.6 -0.1 0.25
v -0.3 -0.1 0.15
v -0.1 -0.1 0.15
v 0.1 -0.1 0.15
v 0.3 -0.1 0.15
v -0.7 -0.1 0.05
v -0.6 -0.1 0.05
v -0.5 -0.1 0.05
v -0.4 -0.1 0.05
v -0.1 -0.1 0.05
v 0.1 -0.1 0.05
v 0.4 -0.1 0.05
v 0.5 -0.1 0.05
v 0.6 -0.1 0.05
v 0.7 -0.1 0.05
v -0.7 -0.1 -0.05
v -0.6 -0.1 -0.05
v -0.5 -0.1 -0.05
v -0.4 -0.1 -0.05
v 0.4 -0.1 -0.05
v 0.5 -0.1 -0.05
v 0.6 -0.1 -0.05
v 0.7 -0.1 -0.05
v -0.3 -0.1 -0.15
v 0.3 -0.1 -0.15
v -0.6 -0.1 -0.25
v -0.5 -0.1 -0.25
v -0.4 -0.1 -0.25
v -0.3 -0.1 -0.25
v 0.3 -0.1 -0.25
v 0.4 -0.1 -0.25
v 0.5 -0.1 -0.25
v 0.6 -0.1 -0.25
v -0.4 -0.1 -0.35
v -0.2 -0.1 -0.35
v 0.2 -0.1 -0.35
v 0.4 -0.1 -0.35
v -0.6 -0.1 -0.45
v -0.4 -0.1 -0.45
v -0.2 -0.1 -0.45
v 0.2 -0.1 -0.45
v 0.4 -0.1 -0.45
v 0.6 -0.1 -0.45
v -0.7 -0.1 -0.55
v -0.6 -0.1 -0.55
v -0.4 -0.1 -0.55
v 0.4 -0.1 -0.55
v 0.6 -0.1 -0.55
v 0.7 -0.1 -0.55
v -0.6 -0.1 -0.65
v 0.6 -0.1 -0.65
v -0.7 1.2 -0.65
v -0.6 1.2 -0.65
v 0.6 1.2 -0.65
v 0.7 1.2 -0.65
v -0.7 1.2 -0.75
v -0.6 1.2 -0.75
v 0.6 1.2 -0.75
v 0.7 1.2 -0.75
v -0.6 1.3 -0.65
v 0.6 1.3 -0.65
v -0.6 1.3 -0.75
v -0.4 1.3 -0.75
v -0.3 1.3 -0.75
v -0.2 1.3 -0.75
v -0.1 1.3 -0.75
v 0 1.3 -0.75
v 0.1 1.3 -0.75
v 0.2 1.3 -0.75
v 0.3 1.3 -0.75
v 0.4 1.3 -0.75
v 0.5 1.3 -0.75
v 0.6 1.3 -0.75
v -0.7 1.8 -0.65
v -0.6 1.8 -0.65
v 0.6 1.8 -0.65
v 0.7 1.8 -0.65
v -0.7 1.8 -0.75
v -0.6 1.8 -0.75
v 0.6 1.8 -0.75
v 0.7 1.8 -0.75
v -0.6 1.9 -0.65
v 0.6 1.9 -0.65
v -0.6 1.9 -0.75
v -0.5 1.9 -0.75
v -0.4 1.9 -0.75
v -0.2 1.9 -0.75
v -0.1 1.9 -0.75
v 0 1.9 -0.75
v 0.2 1.9 -0.75
v 0.3 1.9 -0.75
v 0.4 1.9 -0.75
v 0.5 1.9 -0.75
v 0.6 1.9 -0.75
v -0.8 2 -0.75
v -0.7 2 -0.75
v -0.5 2 -0.75
v -0.4 2 -0.75
v -0.2 2 -0.75
v -0.1 2 -0.75
v 0 2 -0.75
v 0.2 2 -0.75
v 0.3 2 -0.75
v 0.4 2 -0.75
v 0.5 2 -0.75
v 0.6 2 -0.75
v 0.8 2 -0.75
v -0.8 2 -0.85
v -0.7 2 -0.85
v -0.5 2 -0.85
v -0.4 2 -0.85
v -0.2 2 -0.85
v -0.1 2 -0.85
v 0 2 -0.85
v 0.2 2 -0.85
v 0.3 2 -0.85
v 0.4 2 -0.85
v 0.5 2 -0.85
v 0.6 2 -0.85
v 0.8 2 -0.85

# faces
f 7/9/1 2/9/1 1/9/1
f 8/6/1 3/6/1 2/6/1
f 8/9/1 2/9/1 7/9/1
f 9/6/1 3/6/1 8/6/1
f 10/8/1 5/8/1 4/8/1
f 11/9/1 6/9/1 5/9/1
f 11/8/1 5/8/1 10/8/1
f 12/9/1 6/9/1 11/9/1
f 13/7/1 8/7/1 7/7/1
f 14/9/1 9/9/1 8/9/1
f 14/7/1 8/7/1 13/7/1
f 15/9/1 9/9/1 14/9/1
f 16/9/1 11/9/1 10/9/1
f 17/6/1 12/6/1 11/6/1
f 17/9/1 11/9/1 16/9/1
f 18/6/1 12/6/1 17/6/1
f 19/9/1 14/9/1 13/9/1
f 20/8/1 15/8/1 14/8/1
f 20/9/1 14/9/1 19/9/1
f 21/8/1 15/8/1 20/8/1
f 22/8/1 17/8/1 16/8/1
f 23/9/1 18/9/1 17/9/1
f 23/8/1 17/8/1 22/8/1
f 24/9/1 18/9/1 23/9/1
f 25/8/1 20/8/1 19/8/1
f 26/6/1 21/6/1 20/6/1
f 26/8/1 20/8/1 25/8/1
f 27/6/1 21/6/1 26/6/1
f 28/7/1 23/7/1 22/7/1
f 28/6/1 24/6/1 23/6/1
f 29/6/1 24/6/1 28/6/1
f 30/9/1 26/9/1 25/9/1
f 31/7/1 27/7/1 26/7/1
f 31/9/1 26/9/1 30/9/1
f 32/7/1 27/7/1 31/7/1
f 33/7/1 28/7/1 22/7/1
f 33/7/1 29/7/1 28/7/1
f 34/7/1 29/7/1 33/7/1
f 35/8/1 32/8/1 31/8/1
f 35/8/1 31/8/1 30/8/1
f 36/8/1 32/8/1 35/8/1
f 37/8/1 32/8/1 36/8/1
f 38/6/1 34/6/1 33/6/1
f 39/7/1 29/7/1 34/7/1
f 39/6/1 34/6/1 38/6/1
f 40/6/1 36/6/1 35/6/1
f 41/7/1 37/7/1 36/7/1
f 41/6/1 36/6/1 40/6/1
f 42/7/1 37/7/1 41/7/1
f 43/8/1 41/8/1 40/8/1
f 44/9/1 42/9/1 41/9/1
f 44/8/1 41/8/1 43/8/1
f 45/9/1 42/9/1 44/9/1
f 46/7/1 29/7/1 39/7/1
f 46/8/1 39/8/1 38/8/1
f 47/7/1 29/7/1 46/7/1
f 48/6/1 44/6/1 43/6/1
f 49/7/1 45/7/1 44/7/1
f 49/6/1 44/6/1 48/6/1
f 50/7/1 45/7/1 49/7/1
f 51/8/1 46/8/1 38/8/1
f 52/6/1 47/6/1 46/6/1
f 52/8/1 46/8/1 51/8/1
f 53/9/1 50/9/1 49/9/1
f 53/8/1 49/8/1 48/8/1
f 54/9/1 50/9/1 53/9/1
f 55/9/1 52/9/1 51/9/1
f 56/6/1 47/6/1 52/6/1
f 56/9/1 52/9/1 55/9/1
f 57/8/1 53/8/1 48/8/1
f 58/7/1 54/7/1 53/7/1
f 58/8/1 53/8/1 57/8/1
f 59/8/1 56/8/1 55/8/1
f 60/6/1 47/6/1 56/6/1
f 60/8/1 56/8/1 59/8/1
f 61/6/1 47/6/1 60/6/1
f 62/7/1 54/7/1 58/7/1
f 62/9/1 58/9/1 57/9/1
f 63/7/1 54/7/1 62/7/1
f 64/6/1 60/6/1 59/6/1
f 65/8/1 61/8/1 60/8/1
f 65/6/1 60/6/1 64/6/1
f 66/8/1 61/8/1 65/8/1
f 67/9/1 62/9/1 57/9/1
f 68/8/1 63/8/1 62/8/1
f 68/9/1 62/9/1 67/9/1
f 69/9/1 65/9/1 64/9/1
f 69/9/1 66/9/1 65/9/1
f 70/9/1 66/9/1 69/9/1
f 71/6/1 68/6/1 67/6/1
f 72/8/1 63/8/1 68/8/1
f 72/6/1 68/6/1 71/6/1
f 73/8/1 63/8/1 72/8/1
f 74/7/1 70/7/1 69/7/1
f 75/7/1 70/7/1 74/7/1
f 76/8/1 72/8/1 71/8/1
f 77/6/1 73/6/1 72/6/1
f 77/8/1 72/8/1 76/8/1
f 78/6/1 73/6/1 77/6/1
f 79/8/1 75/8/1 74/8/1
f 80/7/1 70/7/1 75/7/1
f 80/8/1 75/8/1 79/8/1
f 81/7/1 70/7/1 80/7/1
f 82/6/1 77/6/1 76/6/1
f 83/8/1 78/8/1 77/8/1
f 83/6/1 77/6/1 82/6/1
f 84/8/1 78/8/1 83/8/1
f 94/6/1 80/6/1 79/6/1
f 94/6/1 81/6/1 80/6/1
f 95/6/1 81/6/1 94/6/1
f 96/7/1 83/7/1 82/7/1
f 97/6/1 84/6/1 83/6/1
f 97/7/1 83/7/1 96/7/1
f 98/8/1 85/8/1 84/8/1
f 98/6/1 84/6/1 97/6/1
f 99/8/1 85/8/1 98/8/1
f 100/9/1 86/9/1 85/9/1
f 100/8/1 85/8/1 99/8/1
f 101/8/1 87/8/1 86/8/1
f 101/9/1 86/9/1 100/9/1
f 102/6/1 88/6/1 87/6/1
f 102/8/1 87/8/1 101/8/1
f 103/7/1 89/7/1 88/7/1
f 103/6/1 88/6/1 102/6/1
f 104/6/1 90/6/1 89/6/1
f 104/7/1 89/7/1 103/7/1
f 105/8/1 91/8/1 90/8/1
f 105/6/1 90/6/1 104/6/1
f 106/6/1 92/6/1 91/6/1
f 106/8/1 91/8/1 105/8/1
f 107/8/1 93/8/1 92/8/1
f 107/6/1 92/6/1 106/6/1
f 108/7/1 94/7/1 93/7/1
f 108/8/1 93/8/1 107/8/1
f 109/9/1 95/9/1 94/9/1
f 109/7/1 94/7/1 108/7/1
f 110/6/1 81/6/1 95/6/1
f 110/9/1 95/9/1 109/9/1
f 111/6/1 81/6/1 110/6/1
f 112/8/1 97/8/1 96/8/1
f 113/7/1 98/7/1 97/7/1
f 113/8/1 97/8/1 112/8/1
f 114/6/1 99/6/1 98/6/1
f 114/7/1 98/7/1 113/7/1
f 115/9/1 100/9/1 99/9/1
f 115/6/1 99/6/1 114/6/1
f 115/9/1 101/9/1 100/9/1
f 116/6/1 102/6/1 101/6/1
f 116/9/1 101/9/1 115/9/1
f 117/7/1 103/7/1 102/7/1
f 117/6/1 102/6/1 116/6/1
f 117/7/1 104/7/1 103/7/1
f 118/9/1 105/9/1 104/9/1
f 118/7/1 104/7/1 117/7/1
f 119/6/1 106/6/1 105/6/1
f 119/9/1 105/9/1 118/9/1
f 119/6/1 107/6/1 106/6/1
f 120/7/1 108/7/1 107/7/1
f 120/6/1 107/6/1 119/6/1
f 121/8/1 109/8/1 108/8/1
f 121/7/1 108/7/1 120/7/1
f 122/6/1 110/6/1 109/6/1
f 122/8/1 109/8/1 121/8/1
f 123/9/1 111/9/1 110/9/1
f 123/6/1 110/6/1 122/6/1
f 124/9/1 111/9/1 123/9/1
f 125/9/1 111/9/1 124/9/1
f 126/8/1 125/8/1 124/8/1
f 127/8/1 125/8/1 126/8/1
f 128/7/1 127/7/1 126/7/1
f 129/7/1 127/7/1 128/7/1
f 130/8/1 129/8/1 128/8/1
f 131/8/1 129/8/1 130/8/1
f 132/6/1 131/6/1 130/6/1
f 133/6/1 131/6/1 132/6/1
f 134/8/1 133/8/1 132/8/1
f 135/8/1 133/8/1 134/8/1
f 136/9/1 135/9/1 134/9/1
f 137/9/1 135/9/1 136/9/1
f 138/7/1 137/7/1 136/7/1
f 139/7/1 137/7/1 138/7/1
f 140/8/1 139/8/1 138/8/1
f 141/8/1 139/8/1 140/8/1
f 142/6/1 141/6/1 140/6/1
f 143/6/1 141/6/1 142/6/1
f 144/7/1 143/7/1 142/7/1
f 145/7/1 143/7/1 144/7/1
f 146/8/1 145/8/1 144/8/1
f 147/8/1 145/8/1 146/8/1
f 148/9/1 147/9/1 146/9/1
f 149/9/1 147/9/1 148/9/1
f 150/7/1 149/7/1 148/7/1
f 151/7/1 149/7/1 150/7/1
f 152/6/1 151/6/1 150/6/1
f 153/6/1 151/6/1 152/6/1
f 154/7/1 153/7/1 152/7/1
f 155/7/1 153/7/1 154/7/1
f 156/6/1 155/6/1 154/6/1
f 157/6/1 155/6/1 156/6/1
f 167/5/1 159/5/1 158/5/1
f 167/5/1 160/5/1 159/5/1
f 167/5/1 161/5/1 160/5/1
f 168/5/1 161/5/1 167/5/1
f 169/5/1 166/5/1 165/5/1
f 169/5/1 165/5/1 164/5/1
f 169/5/1 164/5/1 163/5/1
f 169/5/1 163/5/1 162/5/1
f 170/5/1 166/5/1 169/5/1
f 173/5/1 172/5/1 171/5/1
f 174/5/1 173/5/1 171/5/1
f 175/5/1 174/5/1 171/5/1
f 176/5/1 175/5/1 171/5/1
f 177/5/1 176/5/1 171/5/1
f 178/5/1 177/5/1 171/5/1
f 179/5/1 177/5/1 178/5/1
f 182/5/1 181/5/1 180/5/1
f 183/5/1 182/5/1 180/5/1
f 184/5/1 182/5/1 183/5/1
f 191/5/1 186/5/1 185/5/1
f 192/5/1 186/5/1 191/5/1
f 193/5/1 188/5/1 187/5/1
f 194/5/1 188/5/1 193/5/1
f 195/5/1 190/5/1 189/5/1
f 196/5/1 190/5/1 195/5/1
f 199/5/1 198/5/1 197/5/1
f 200/5/1 198/5/1 199/5/1
f 203/5/1 202/5/1 201/5/1
f 204/5/1 202/5/1 203/5/1
f 207/5/1 206/5/1 205/5/1
f 208/5/1 206/5/1 207/5/1
f 211/5/1 210/5/1 209/5/1
f 212/5/1 210/5/1 211/5/1
f 218/8/1 214/8/1 213/8/1
f 219/6/1 215/6/1 214/6/1
f 219/8/1 214/8/1 218/8/1
f 220/6/1 215/6/1 219/6/1
f 221/7/1 217/7/1 216/7/1
f 222/7/1 217/7/1 221/7/1
f 223/7/1 221/7/1 216/7/1
f 224/6/1 222/6/1 221/6/1
f 224/7/1 221/7/1 223/7/1
f 225/7/1 219/7/1 218/7/1
f 226/8/1 220/8/1 219/8/1
f 226/7/1 219/7/1 225/7/1
f 227/6/1 222/6/1 224/6/1
f 227/6/1 224/6/1 223/6/1
f 228/6/1 222/6/1 227/6/1
f 229/9/1 226/9/1 225/9/1
f 230/8/1 220/8/1 226/8/1
f 230/9/1 226/9/1 229/9/1
f 231/8/1 220/8/1 230/8/1
f 232/6/1 227/6/1 223/6/1
f 233/8/1 228/8/1 227/8/1
f 233/6/1 227/6/1 232/6/1
f 234/8/1 228/8/1 233/8/1
f 235/8/1 230/8/1 229/8/1
f 236/9/1 231/9/1 230/9/1
f 236/8/1 230/8/1 235/8/1
f 237/9/1 231/9/1 236/9/1
f 238/7/1 233/7/1 232/7/1
f 239/6/1 234/6/1 233/6/1
f 239/7/1 233/7/1 238/7/1
f 240/6/1 234/6/1 239/6/1
f 241/8/1 239/8/1 238/8/1
f 242/9/1 240/9/1 239/9/1
f 242/8/1 239/8/1 241/8/1
f 243/9/1 240/9/1 242/9/1
f 244/7/1 236/7/1 235/7/1
f 245/6/1 237/6/1 236/6/1
f 245/7/1 236/7/1 244/7/1
f 246/6/1 242/6/1 241/6/1
f 247/7/1 243/7/1 242/7/1
f 247/6/1 242/6/1 246/6/1
f 248/6/1 237/6/1 245/6/1
f 248/8/1 245/8/1 244/8/1
f 249/6/1 237/6/1 248/6/1
f 250/7/1 247/7/1 246/7/1
f 251/7/1 243/7/1 247/7/1
f 251/7/1 247/7/1 250/7/1
f 252/7/1 243/7/1 251/7/1
f 253/8/1 248/8/1 244/8/1
f 254/9/1 249/9/1 248/9/1
f 254/8/1 248/8/1 253/8/1
f 255/9/1 249/9/1 254/9/1
f 256/6/1 251/6/1 250/6/1
f 257/8/1 252/8/1 251/8/1
f 257/6/1 251/6/1 256/6/1
f 258/9/1 254/9/1 253/9/1
f 259/6/1 255/6/1 254/6/1
f 259/9/1 254/9/1 258/9/1
f 260/6/1 255/6/1 259/6/1
f 261/7/1 257/7/1 256/7/1
f 262/8/1 252/8/1 257/8/1
f 262/7/1 257/7/1 261/7/1
f 263/8/1 252/8/1 262/8/1
f 264/7/1 260/7/1 259/7/1
f 264/7/1 259/7/1 258/7/1
f 265/7/1 260/7/1 264/7/1
f 266/7/1 264/7/1 258/7/1
f 266/8/1 265/8/1 264/8/1
f 267/8/1 265/8/1 266/8/1
f 268/9/1 263/9/1 262/9/1
f 268/9/1 262/9/1 261/9/1
f 269/9/1 263/9/1 268/9/1
f 270/7/1 267/7/1 266/7/1
f 270/7/1 266/7/1 258/7/1
f 271/7/1 267/7/1 270/7/1
f 272/7/1 269/7/1 268/7/1
f 273/9/1 263/9/1 269/9/1
f 273/7/1 269/7/1 272/7/1
f 274/9/1 263/9/1 273/9/1
f 275/7/1 270/7/1 258/7/1
f 276/8/1 271/8/1 270/8/1
f 276/7/1 270/7/1 275/7/1
f 277/8/1 271/8/1 276/8/1
f 278/8/1 273/8/1 272/8/1
f 279/7/1 274/7/1 273/7/1
f 279/8/1 273/8/1 278/8/1
f 280/8/1 276/8/1 275/8/1
f 281/6/1 277/6/1 276/6/1
f 281/8/1 276/8/1 280/8/1
f 282/6/1 277/6/1 281/6/1
f 283/7/1 274/7/1 279/7/1
f 283/9/1 279/9/1 278/9/1
f 284/7/1 274/7/1 283/7/1
f 285/7/1 281/7/1 280/7/1
f 286/8/1 282/8/1 281/8/1
f 286/7/1 281/7/1 285/7/1
f 287/8/1 282/8/1 286/8/1
f 288/9/1 283/9/1 278/9/1
f 288/9/1 284/9/1 283/9/1
f 289/9/1 284/9/1 288/9/1
f 290/6/2 291/6/2 296/6/2
f 291/9/2 292/9/2 296/9/2
f 296/9/2 292/9/2 297/9/2
f 293/9/2 294/9/2 298/9/2
f 294/6/2 295/6/2 299/6/2
f 298/9/2 294/9/2 299/9/2
f 290/6/2 296/6/2 300/6/2
f 296/8/2 297/8/2 301/8/2
f 300/6/2 296/6/2 301/6/2
f 301/8/2 297/8/2 302/8/2
f 298/8/2 299/8/2 303/8/2
f 299/6/2 295/6/2 304/6/2
f 303/8/2 299/8/2 304/8/2
f 304/6/2 295/6/2 305/6/2
f 301/9/2 302/9/2 306/9/2
f 300/9/2 301/9/2 306/9/2
f 306/9/2 302/9/2 307/9/2
f 303/9/2 304/9/2 308/9/2
f 304/8/2 305/8/2 309/8/2
f 308/9/2 304/9/2 309/9/2
f 306/6/2 307/6/2 310/6/2
f 310/6/2 307/6/2 311/6/2
f 308/8/2 309/8/2 312/8/2
f 309/8/2 305/8/2 313/8/2
f 312/8/2 309/8/2 313/8/2
f 313/8/2 305/8/2 314/8/2
f 312/7/2 313/7/2 315/7/2
f 313/9/2 314/9/2 315/9/2
f 315/9/2 314/9/2 316/9/2
f 310/8/2 311/8/2 317/8/2
f 317/8/2 311/8/2 318/8/2
f 312/7/2 315/7/2 319/7/2
f 315/6/2 316/6/2 320/6/2
f 319/7/2 315/7/2 320/7/2
f 320/6/2 316/6/2 321/6/2
f 317/6/2 318/6/2 322/6/2
f 318/8/2 311/8/2 323/8/2
f 322/6/2 318/6/2 323/6/2
f 323/8/2 311/8/2 324/8/2
f 319/8/2 320/8/2 325/8/2
f 320/9/2 321/9/2 325/9/2
f 325/9/2 321/9/2 326/9/2
f 322/9/2 323/9/2 327/9/2
f 323/7/2 324/7/2 328/7/2
f 327/9/2 323/9/2 328/9/2
f 328/7/2 324/7/2 329/7/2
f 319/8/2 325/8/2 330/8/2
f 325/8/2 326/8/2 330/8/2
f 330/8/2 326/8/2 331/8/2
f 331/8/2 326/8/2 332/8/2
f 327/6/2 328/6/2 333/6/2
f 328/9/2 329/9/2 334/9/2
f 333/6/2 328/6/2 334/6/2
f 334/9/2 329/9/2 335/9/2
f 330/6/2 331/6/2 336/6/2
f 331/7/2 332/7/2 336/7/2
f 336/7/2 332/7/2 337/7/2
f 333/9/2 334/9/2 338/9/2
f 334/7/2 335/7/2 339/7/2
f 338/9/2 334/9/2 339/9/2
f 339/7/2 335/7/2 340/7/2
f 330/6/2 336/6/2 341/6/2
f 336/6/2 337/6/2 341/6/2
f 341/6/2 337/6/2 342/6/2
f 339/6/2 340/6/2 343/6/2
f 338/6/2 339/6/2 343/6/2
f 343/6/2 340/6/2 344/6/2
f 344/6/2 340/6/2 345/6/2
f 343/8/2 344/8/2 346/8/2
f 344/7/2 345/7/2 347/7/2
f 346/8/2 344/8/2 347/8/2
f 341/7/2 342/7/2 348/7/2
f 342/6/2 337/6/2 349/6/2
f 348/7/2 342/7/2 349/7/2
f 349/6/2 337/6/2 350/6/2
f 346/7/2 347/7/2 351/7/2
f 347/7/2 345/7/2 352/7/2
f 351/7/2 347/7/2 352/7/2
f 352/7/2 345/7/2 353/7/2
f 351/8/2 352/8/2 354/8/2
f 352/6/2 353/6/2 354/6/2
f 354/6/2 353/6/2 355/6/2
f 348/8/2 349/8/2 356/8/2
f 349/9/2 350/9/2 356/9/2
f 356/9/2 350/9/2 357/9/2
f 354/8/2 355/8/2 358/8/2
f 351/8/2 354/8/2 358/8/2
f 358/8/2 355/8/2 359/8/2
f 348/8/2 356/8/2 360/8/2
f 356/7/2 357/7/2 361/7/2
f 360/8/2 356/8/2 361/8/2
f 361/7/2 357/7/2 362/7/2
f 358/6/2 359/6/2 363/6/2
f 363/6/2 359/6/2 364/6/2
f 360/6/2 361/6/2 365/6/2
f 361/9/2 362/9/2 366/9/2
f 365/6/2 361/6/2 366/6/2
f 366/9/2 362/9/2 367/9/2
f 368/5/2 369/5/2 374/5/2
f 374/5/2 369/5/2 375/5/2
f 370/5/2 371/5/2 376/5/2
f 376/5/2 371/5/2 377/5/2
f 372/5/2 373/5/2 378/5/2
f 378/5/2 373/5/2 379/5/2
f 380/5/2 381/5/2 382/5/2
f 382/5/2 381/5/2 383/5/2
f 384/5/2 385/5/2 386/5/2
f 386/5/2 385/5/2 387/5/2
f 388/5/2 389/5/2 390/5/2
f 390/5/2 389/5/2 391/5/2
f 392/5/2 393/5/2 394/5/2
f 394/5/2 393/5/2 395/5/2
f 396/5/2 397/5/2 407/5/2
f 397/5/2 398/5/2 407/5/2
f 398/5/2 399/5/2 407/5/2
f 399/5/2 400/5/2 407/5/2
f 401/5/2 402/5/2 407/5/2
f 400/5/2 401/5/2 407/5/2
f 407/5/2 402/5/2 408/5/2
f 405/5/2 406/5/2 409/5/2
f 404/5/2 405/5/2 409/5/2
f 403/5/2 404/5/2 409/5/2
f 409/5/2 406/5/2 410/5/2
f 411/5/2 412/5/2 413/5/2
f 411/5/2 413/5/2 414/5/2
f 411/5/2 414/5/2 415/5/2
f 411/5/2 415/5/2 416/5/2
f 411/5/2 416/5/2 417/5/2
f 411/5/2 417/5/2 418/5/2
f 411/5/2 418/5/2 419/5/2
f 411/5/2 419/5/2 420/5/2
f 420/5/2 419/5/2 421/5/2
f 422/5/2 423/5/2 424/5/2
f 422/5/2 424/5/2 425/5/2
f 425/5/2 424/5/2 426/5/2
f 427/7/2 428/7/2 433/7/2
f 428/6/2 429/6/2 434/6/2
f 433/7/2 428/7/2 434/7/2
f 430/8/2 431/8/2 435/8/2
f 431/9/2 432/9/2 436/9/2
f 435/8/2 431/8/2 436/8/2
f 436/9/2 432/9/2 437/9/2
f 433/6/2 434/6/2 438/6/2
f 434/6/2 429/6/2 439/6/2
f 438/6/2 434/6/2 439/6/2
f 435/7/2 436/7/2 440/7/2
f 436/6/2 437/6/2 441/6/2
f 440/7/2 436/7/2 441/7/2
f 441/6/2 437/6/2 442/6/2
f 438/8/2 439/8/2 443/8/2
f 443/8/2 439/8/2 444/8/2
f 444/8/2 439/8/2 445/8/2
f 440/8/2 441/8/2 446/8/2
f 441/9/2 442/9/2 447/9/2
f 446/8/2 441/8/2 447/8/2
f 447/9/2 442/9/2 448/9/2
f 443/6/2 444/6/2 449/6/2
f 444/7/2 445/7/2 450/7/2
f 449/6/2 444/6/2 450/6/2
f 446/6/2 447/6/2 451/6/2
f 447/6/2 448/6/2 451/6/2
f 451/6/2 448/6/2 452/6/2
f 449/7/2 450/7/2 453/7/2
f 450/7/2 445/7/2 454/7/2
f 453/7/2 450/7/2 454/7/2
f 454/7/2 445/7/2 455/7/2
f 451/9/2 452/9/2 456/9/2
f 452/6/2 448/6/2 457/6/2
f 456/9/2 452/9/2 457/9/2
f 457/6/2 448/6/2 458/6/2
f 453/9/2 454/9/2 459/9/2
f 454/8/2 455/8/2 460/8/2
f 459/9/2 454/9/2 460/9/2
f 460/8/2 455/8/2 461/8/2
f 456/6/2 457/6/2 462/6/2
f 457/9/2 458/9/2 463/9/2
f 462/6/2 457/6/2 463/6/2
f 463/9/2 458/9/2 464/9/2
f 460/7/2 461/7/2 465/7/2
f 459/6/2 460/6/2 465/6/2
f 465/7/2 461/7/2 466/7/2
f 462/8/2 463/8/2 467/8/2
f 463/6/2 464/6/2 468/6/2
f 467/8/2 463/8/2 468/8/2
f 467/7/2 468/7/2 469/7/2
f 468/6/2 464/6/2 470/6/2
f 469/7/2 468/7/2 470/7/2
f 470/6/2 464/6/2 471/6/2
f 465/6/2 466/6/2 472/6/2
f 459/6/2 465/6/2 472/6/2
f 472/6/2 466/6/2 473/6/2
f 470/8/2 471/8/2 474/8/2
f 469/8/2 470/8/2 474/8/2
f 474/8/2 471/8/2 475/8/2
f 472/7/2 473/7/2 476/7/2
f 459/6/2 472/6/2 476/6/2
f 476/7/2 473/7/2 477/7/2
f 474/7/2 475/7/2 478/7/2
f 475/8/2 471/8/2 479/8/2
f 478/7/2 475/7/2 479/7/2
f 479/8/2 471/8/2 480/8/2
f 459/6/2 476/6/2 481/6/2
f 476/9/2 477/9/2 482/9/2
f 481/6/2 476/6/2 482/6/2
f 482/9/2 477/9/2 483/9/2
f 478/8/2 479/8/2 484/8/2
f 479/9/2 480/9/2 485/9/2
f 484/8/2 479/8/2 485/8/2
f 485/9/2 480/9/2 486/9/2
f 482/8/2 483/8/2 487/8/2
f 481/8/2 482/8/2 487/8/2
f 487/8/2 483/8/2 488/8/2
f 485/7/2 486/7/2 489/7/2
f 484/7/2 485/7/2 489/7/2
f 489/7/2 486/7/2 490/7/2
f 490/7/2 486/7/2 491/7/2
f 488/8/2 483/8/2 492/8/2
f 487/7/2 488/7/2 492/7/2
f 492/8/2 483/8/2 493/8/2
f 489/8/2 490/8/2 494/8/2
f 490/9/2 491/9/2 495/9/2
f 494/8/2 490/8/2 495/8/2
f 494/7/2 495/7/2 496/7/2
f 495/9/2 491/9/2 497/9/2
f 496/7/2 495/7/2 497/7/2
f 497/9/2 491/9/2 498/9/2
f 487/7/2 492/7/2 499/7/2
f 492/9/2 493/9/2 500/9/2
f 499/7/2 492/7/2 500/7/2
f 500/9/2 493/9/2 501/9/2
f 496/8/2 497/8/2 502/8/2
f 497/6/2 498/6/2 503/6/2
f 502/8/2 497/8/2 503/8/2
f 503/6/2 498/6/2 504/6/2
f 500/6/2 501/6/2 505/6/2
f 499/6/2 500/6/2 505/6/2
f 505/6/2 501/6/2 506/6/2
f 506/6/2 501/6/2 507/6/2
f 503/7/2 504/7/2 516/7/2
f 502/7/2 503/7/2 516/7/2
f 516/7/2 504/7/2 517/7/2
f 505/7/2 506/7/2 518/7/2
f 506/6/2 507/6/2 519/6/2
f 518/7/2 506/7/2 519/7/2
f 507/9/2 508/9/2 520/9/2
f 519/6/2 507/6/2 520/6/2
f 520/9/2 508/9/2 521/9/2
f 508/6/2 509/6/2 522/6/2
f 509/9/2 510/9/2 522/9/2
f 510/6/2 511/6/2 523/6/2
f 522/9/2 510/9/2 523/9/2
f 511/8/2 512/8/2 524/8/2
f 523/6/2 511/6/2 524/6/2
f 512/9/2 513/9/2 525/9/2
f 524/8/2 512/8/2 525/8/2
f 513/6/2 514/6/2 526/6/2
f 525/9/2 513/9/2 526/9/2
f 514/9/2 515/9/2 527/9/2
f 526/6/2 514/6/2 527/6/2
f 527/9/2 515/9/2 528/9/2
f 528/9/2 515/9/2 529/9/2
f 515/8/2 516/8/2 530/8/2
f 529/9/2 515/9/2 530/9/2
f 516/8/2 517/8/2 530/8/2
f 530/8/2 517/8/2 531/8/2
f 531/8/2 517/8/2 532/8/2
f 532/8/2 517/8/2 533/8/2
f 518/9/2 519/9/2 534/9/2
f 520/7/2 521/7/2 535/7/2
f 534/9/2 519/9/2 535/9/2
f 519/7/2 520/7/2 535/7/2
f 521/9/2 508/9/2 536/9/2
f 535/7/2 521/7/2 536/7/2
f 508/6/2 522/6/2 537/6/2
f 536/9/2 508/9/2 537/9/2
f 522/8/2 523/8/2 538/8/2
f 537/6/2 522/6/2 538/6/2
f 523/9/2 524/9/2 539/9/2
f 538/8/2 523/8/2 539/8/2
f 524/8/2 525/8/2 540/8/2
f 539/9/2 524/9/2 540/9/2
f 525/6/2 526/6/2 541/6/2
f 540/8/2 525/8/2 541/8/2
f 527/8/2 528/8/2 542/8/2
f 541/6/2 526/6/2 542/6/2
f 526/8/2 527/8/2 542/8/2
f 528/7/2 529/7/2 543/7/2
f 542/8/2 528/8/2 543/8/2
f 529/6/2 530/6/2 544/6/2
f 543/7/2 529/7/2 544/7/2
f 530/6/2 531/6/2 544/6/2
f 531/9/2 532/9/2 545/9/2
f 544/6/2 531/6/2 545/6/2
f 532/6/2 533/6/2 546/6/2
f 545/9/2 532/9/2 546/9/2
f 546/6/2 533/6/2 547/6/2
f 546/8/2 547/8/2 548/8/2
f 548/8/2 547/8/2 549/8/2
f 548/6/2 549/6/2 550/6/2
f 550/6/2 549/6/2 551/6/2
f 550/9/2 551/9/2 552/9/2
f 552/9/2 551/9/2 553/9/2
f 552/8/2 553/8/2 554/8/2
f 554/8/2 553/8/2 555/8/2
f 554/9/2 555/9/2 556/9/2
f 556/9/2 555/9/2 557/9/2
f 556/8/2 557/8/2 558/8/2
f 558/8/2 557/8/2 559/8/2
f 558/7/2 559/7/2 560/7/2
f 560/7/2 559/7/2 561/7/2
f 560/9/2 561/9/2 562/9/2
f 562/9/2 561/9/2 563/9/2
f 562/8/2 563/8/2 564/8/2
f 564/8/2 563/8/2 565/8/2
f 564/6/2 565/6/2 566/6/2
f 566/6/2 565/6/2 567/6/2
f 566/7/2 567/7/2 568/7/2
f 568/7/2 567/7/2 569/7/2
f 568/9/2 569/9/2 570/9/2
f 570/9/2 569/9/2 571/9/2
f 570/8/2 571/8/2 572/8/2
f 572/8/2 571/8/2 573/8/2
f 572/6/2 573/6/2 574/6/2
f 574/6/2 573/6/2 575/6/2
f 574/8/2 575/8/2 576/8/2
f 576/8/2 575/8/2 577/8/2
f 576/6/2 577/6/2 578/6/2
f 578/6/2 577/6/2 579/6/2
f 578/8/2 579/8/2 580/8/2
f 580/8/2 579/8/2 581/8/2
f 580/7/2 581/7/2 582/7/2
f 582/7/2 581/7/2 583/7/2
f 601/9/3 585/9/3 584/9/3
f 602/7/3 586/7/3 585/7/3
f 602/9/3 585/9/3 601/9/3
f 603/9/3 587/9/3 586/9/3
f 603/7/3 586/7/3 602/7/3
f 604/8/3 588/8/3 587/8/3
f 604/9/3 587/9/3 603/9/3
f 605/9/3 589/9/3 588/9/3
f 605/8/3 588/8/3 604/8/3
f 606/8/3 590/8/3 589/8/3
f 606/9/3 589/9/3 605/9/3
f 607/6/3 591/6/3 590/6/3
f 607/8/3 592/8/3 591/8/3
f 608/6/3 593/6/3 592/6/3
f 608/8/3 592/8/3 607/8/3
f 609/8/3 594/8/3 593/8/3
f 609/6/3 593/6/3 608/6/3
f 610/8/3 594/8/3 609/8/3
f 611/9/3 595/9/3 594/9/3
f 611/8/3 594/8/3 610/8/3
f 612/9/3 595/9/3 611/9/3
f 613/6/3 596/6/3 595/6/3
f 613/9/3 595/9/3 612/9/3
f 614/8/3 597/8/3 596/8/3
f 614/6/3 596/6/3 613/6/3
f 615/6/3 598/6/3 597/6/3
f 615/7/3 599/7/3 598/7/3
f 616/8/3 600/8/3 599/8/3
f 616/7/3 599/7/3 615/7/3
f 617/6/3 602/6/3 601/6/3
f 617/6/3 603/6/3 602/6/3
f 618/9/3 604/9/3 603/9/3
f 618/6/3 603/6/3 617/6/3
f 619/6/3 605/6/3 604/6/3
f 619/9/3 604/9/3 618/9/3
f 620/8/3 606/8/3 605/8/3
f 620/6/3 605/6/3 619/6/3
f 621/8/3 590/8/3 606/8/3
f 621/8/3 606/8/3 620/8/3
f 621/6/3 607/6/3 590/6/3
f 622/9/3 608/9/3 607/9/3
f 622/6/3 607/6/3 621/6/3
f 623/6/3 609/6/3 608/6/3
f 623/9/3 608/9/3 622/9/3
f 624/9/3 610/9/3 609/9/3
f 624/6/3 609/6/3 623/6/3
f 625/6/3 611/6/3 610/6/3
f 625/9/3 610/9/3 624/9/3
f 626/8/3 612/8/3 611/8/3
f 626/6/3 611/6/3 625/6/3
f 627/7/3 613/7/3 612/7/3
f 627/8/3 612/8/3 626/8/3
f 628/8/3 614/8/3 613/8/3
f 628/7/3 613/7/3 627/7/3
f 629/6/3 615/6/3 597/6/3
f 629/8/3 614/8/3 628/8/3
f 629/8/3 597/8/3 614/8/3
f 630/8/3 616/8/3 615/8/3
f 630/6/3 615/6/3 629/6/3
f 631/8/3 600/8/3 616/8/3
f 631/8/3 616/8/3 630/8/3
f 632/8/3 600/8/3 631/8/3
f 633/9/3 631/9/3 630/9/3
f 634/6/3 632/6/3 631/6/3
f 634/9/3 631/9/3 633/9/3
f 635/7/3 634/7/3 633/7/3
f 635/6/3 632/6/3 634/6/3
f 636/6/3 632/6/3 635/6/3
f 637/7/3 635/7/3 633/7/3
f 637/7/3 636/7/3 635/7/3
f 638/7/3 636/7/3 637/7/3
f 639/9/3 638/9/3 637/9/3
f 640/7/3 636/7/3 638/7/3
f 640/9/3 638/9/3 639/9/3
f 641/7/3 636/7/3 640/7/3
f 642/6/3 640/6/3 639/6/3
f 643/8/3 641/8/3 640/8/3
f 643/6/3 640/6/3 642/6/3
f 644/8/3 641/8/3 643/8/3
f 645/9/3 643/9/3 642/9/3
f 646/7/3 644/7/3 643/7/3
f 646/9/3 643/9/3 645/9/3
f 647/7/3 644/7/3 646/7/3
f 648/8/3 646/8/3 645/8/3
f 648/8/3 647/8/3 646/8/3
f 649/8/3 647/8/3 648/8/3
f 650/8/3 647/8/3 649/8/3
f 651/9/3 649/9/3 648/9/3
f 652/6/3 650/6/3 649/6/3
f 652/9/3 649/9/3 651/9/3
f 653/6/3 650/6/3 652/6/3
f 654/7/3 652/7/3 651/7/3
f 655/8/3 653/8/3 652/8/3
f 655/7/3 652/7/3 654/7/3
f 656/6/3 655/6/3 654/6/3
f 657/8/3 653/8/3 655/8/3
f 657/6/3 655/6/3 656/6/3
f 668/9/3 657/9/3 656/9/3
f 669/8/3 653/8/3 657/8/3
f 669/9/3 657/9/3 668/9/3
f 670/8/3 653/8/3 669/8/3
f 671/8/3 659/8/3 658/8/3
f 672/7/3 660/7/3 659/7/3
f 672/8/3 659/8/3 671/8/3
f 673/7/3 660/7/3 672/7/3
f 674/9/3 661/9/3 660/9/3
f 674/7/3 660/7/3 673/7/3
f 675/8/3 662/8/3 661/8/3
f 675/9/3 661/9/3 674/9/3
f 676/7/3 663/7/3 662/7/3
f 676/8/3 662/8/3 675/8/3
f 677/7/3 663/7/3 676/7/3
f 678/8/3 664/8/3 663/8/3
f 678/7/3 663/7/3 677/7/3
f 679/9/3 665/9/3 664/9/3
f 679/8/3 664/8/3 678/8/3
f 680/7/3 666/7/3 665/7/3
f 680/9/3 665/9/3 679/9/3
f 681/7/3 666/7/3 680/7/3
f 682/7/3 666/7/3 681/7/3
f 683/8/3 667/8/3 666/8/3
f 683/7/3 666/7/3 682/7/3
f 684/7/3 668/7/3 667/7/3
f 684/8/3 667/8/3 683/8/3
f 685/9/3 669/9/3 668/9/3
f 685/7/3 668/7/3 684/7/3
f 686/6/3 670/6/3 669/6/3
f 686/9/3 669/9/3 685/9/3
f 687/6/3 670/6/3 686/6/3
f 688/7/3 672/7/3 671/7/3
f 689/6/3 673/6/3 672/6/3
f 689/7/3 672/7/3 688/7/3
f 690/8/3 674/8/3 673/8/3
f 690/6/3 673/6/3 689/6/3
f 691/6/3 675/6/3 674/6/3
f 691/8/3 674/8/3 690/8/3
f 692/7/3 676/7/3 675/7/3
f 692/6/3 675/6/3 691/6/3
f 693/9/3 677/9/3 676/9/3
f 693/7/3 676/7/3 692/7/3
f 694/6/3 678/6/3 677/6/3
f 694/9/3 677/9/3 693/9/3
f 694/6/3 679/6/3 678/6/3
f 694/6/3 680/6/3 679/6/3
f 694/6/3 681/6/3 680/6/3
f 695/8/3 682/8/3 681/8/3
f 695/6/3 681/6/3 694/6/3
f 696/7/3 683/7/3 682/7/3
f 696/8/3 682/8/3 695/8/3
f 696/7/3 684/7/3 683/7/3
f 697/6/3 685/6/3 684/6/3
f 697/7/3 684/7/3 696/7/3
f 698/7/3 686/7/3 685/7/3
f 698/6/3 685/6/3 697/6/3
f 699/9/3 687/9/3 686/9/3
f 699/7/3 686/7/3 698/7/3
f 700/9/3 687/9/3 699/9/3
f 703/5/3 702/5/3 701/5/3
f 704/5/3 702/5/3 703/5/3
f 705/5/3 702/5/3 704/5/3
f 706/5/3 702/5/3 705/5/3
f 707/5/3 702/5/3 706/5/3
f 708/5/3 702/5/3 707/5/3
f 709/5/3 702/5/3 708/5/3
f 710/5/3 702/5/3 709/5/3
f 713/5/3 712/5/3 711/5/3
f 714/5/3 712/5/3 713/5/3
f 717/5/3 716/5/3 715/5/3
f 718/5/3 716/5/3 717/5/3
f 721/5/3 720/5/3 719/5/3
f 722/5/3 720/5/3 721/5/3
f 725/5/3 724/5/3 723/5/3
f 726/5/3 724/5/3 725/5/3
f 741/8/3 728/8/3 727/8/3
f 742/9/3 729/9/3 728/9/3
f 742/8/3 728/8/3 741/8/3
f 743/8/3 730/8/3 729/8/3
f 743/9/3 729/9/3 742/9/3
f 744/7/3 731/7/3 730/7/3
f 744/8/3 730/8/3 743/8/3
f 745/7/3 731/7/3 744/7/3
f 746/6/3 732/6/3 731/6/3
f 746/7/3 731/7/3 745/7/3
f 747/8/3 733/8/3 732/8/3
f 747/6/3 732/6/3 746/6/3
f 748/8/3 733/8/3 747/8/3
f 749/9/3 734/9/3 733/9/3
f 749/8/3 733/8/3 748/8/3
f 750/8/3 735/8/3 734/8/3
f 750/9/3 734/9/3 749/9/3
f 751/6/3 736/6/3 735/6/3
f 751/8/3 735/8/3 750/8/3
f 752/9/3 737/9/3 736/9/3
f 752/6/3 736/6/3 751/6/3
f 753/7/3 738/7/3 737/7/3
f 753/9/3 737/9/3 752/9/3
f 754/8/3 739/8/3 738/8/3
f 754/7/3 738/7/3 753/7/3
f 755/6/3 740/6/3 739/6/3
f 760/9/3 742/9/3 741/9/3
f 761/8/3 743/8/3 742/8/3
f 761/9/3 742/9/3 760/9/3
f 762/9/3 744/9/3 743/9/3
f 762/8/3 743/8/3 761/8/3
f 763/8/3 745/8/3 744/8/3
f 763/9/3 744/9/3 762/9/3
f 764/7/3 746/7/3 745/7/3
f 764/8/3 745/8/3 763/8/3
f 764/7/3 747/7/3 746/7/3
f 765/8/3 748/8/3 747/8/3
f 765/7/3 747/7/3 764/7/3
f 766/6/3 749/6/3 748/6/3
f 766/8/3 748/8/3 765/8/3
f 766/6/3 750/6/3 749/6/3
f 767/7/3 751/7/3 750/7/3
f 767/6/3 750/6/3 766/6/3
f 767/7/3 752/7/3 751/7/3
f 768/8/3 754/8/3 753/8/3
f 768/7/3 752/7/3 767/7/3
f 768/8/3 753/8/3 752/8/3
f 769/8/3 739/8/3 754/8/3
f 769/8/3 754/8/3 768/8/3
f 769/6/3 755/6/3 739/6/3
f 770/6/3 755/6/3 769/6/3
f 772/5/3 757/5/3 756/5/3
f 773/5/3 757/5/3 772/5/3
f 774/5/3 757/5/3 773/5/3
f 775/5/3 757/5/3 774/5/3
f 778/5/3 759/5/3 758/5/3
f 779/5/3 759/5/3 778/5/3
f 781/5/3 773/5/3 772/5/3
f 781/5/3 772/5/3 771/5/3
f 782/4/3 774/4/3 773/4/3
f 782/5/3 773/5/3 781/5/3
f 783/4/3 774/4/3 782/4/3
f 784/4/3 774/4/3 783/4/3
f 785/5/3 776/5/3 775/5/3
f 785/4/3 774/4/3 784/4/3
f 785/5/3 775/5/3 774/5/3
f 786/5/3 776/5/3 785/5/3
f 787/5/3 780/5/3 779/5/3
f 787/5/3 779/5/3 778/5/3
f 787/5/3 778/5/3 777/5/3
f 788/5/3 780/5/3 787/5/3
f 789/4/3 783/4/3 782/4/3
f 789/4/3 782/4/3 781/4/3
f 790/1/3 784/1/3 783/1/3
f 790/4/3 783/4/3 789/4/3
f 791/4/3 786/4/3 785/4/3
f 791/1/3 784/1/3 790/1/3
f 791/4/3 785/4/3 784/4/3
f 792/4/3 786/4/3 791/4/3
f 793/5/3 787/5/3 777/5/3
f 794/4/3 788/4/3 787/4/3
f 794/5/3 787/5/3 793/5/3
f 795/1/3 790/1/3 789/1/3
f 795/1/3 791/1/3 790/1/3
f 795/1/3 792/1/3 791/1/3
f 796/1/3 792/1/3 795/1/3
f 797/4/3 786/4/3 792/4/3
f 797/1/3 792/1/3 796/1/3
f 798/4/3 786/4/3 797/4/3
f 799/1/3 795/1/3 789/1/3
f 800/3/3 796/3/3 795/3/3
f 800/1/3 795/1/3 799/1/3
f 801/4/3 788/4/3 794/4/3
f 801/4/3 794/4/3 793/4/3
f 802/5/3 780/5/3 788/5/3
f 802/4/3 788/4/3 801/4/3
f 803/3/3 796/3/3 800/3/3
f 803/3/3 800/3/3 799/3/3
f 804/3/3 796/3/3 803/3/3
f 805/3/3 803/3/3 799/3/3
f 805/2/3 804/2/3 803/2/3
f 806/3/3 796/3/3 804/3/3
f 806/2/3 804/2/3 805/2/3
f 807/1/3 799/1/3 789/1/3
f 807/3/3 805/3/3 799/3/3
f 807/3/3 806/3/3 805/3/3
f 808/3/3 806/3/3 807/3/3
f 809/4/3 801/4/3 793/4/3
f 809/1/3 802/1/3 801/1/3
f 810/5/3 780/5/3 802/5/3
f 810/1/3 802/1/3 809/1/3
f 811/3/3 806/3/3 808/3/3
f 811/1/3 808/1/3 807/1/3
f 812/3/3 796/3/3 806/3/3
f 812/3/3 806/3/3 811/3/3
f 812/1/3 797/1/3 796/1/3
f 812/1/3 798/1/3 797/1/3
f 813/1/3 798/1/3 812/1/3
f 814/4/3 786/4/3 798/4/3
f 814/1/3 798/1/3 813/1/3
f 815/4/3 789/4/3 781/4/3
f 815/1/3 811/1/3 807/1/3
f 815/1/3 813/1/3 812/1/3
f 815/1/3 812/1/3 811/1/3
f 815/1/3 807/1/3 789/1/3
f 816/1/3 813/1/3 815/1/3
f 817/1/3 813/1/3 816/1/3
f 818/4/3 814/4/3 813/4/3
f 818/1/3 813/1/3 817/1/3
f 819/4/3 809/4/3 793/4/3
f 819/5/3 793/5/3 777/5/3
f 819/4/3 810/4/3 809/4/3
f 820/4/3 810/4/3 819/4/3
f 821/5/3 781/5/3 771/5/3
f 821/4/3 816/4/3 815/4/3
f 821/4/3 815/4/3 781/4/3
f 822/4/3 816/4/3 821/4/3
f 823/1/3 817/1/3 816/1/3
f 823/4/3 816/4/3 822/4/3
f 824/4/3 818/4/3 817/4/3
f 824/1/3 817/1/3 823/1/3
f 825/4/3 786/4/3 814/4/3
f 825/4/3 818/4/3 824/4/3
f 825/4/3 814/4/3 818/4/3
f 826/5/3 776/5/3 786/5/3
f 826/4/3 786/4/3 825/4/3
f 827/4/3 810/4/3 820/4/3
f 827/5/3 820/5/3 819/5/3
f 828/5/3 780/5/3 810/5/3
f 828/4/3 810/4/3 827/4/3
f 842/5/3 821/5/3 771/5/3
f 842/5/3 822/5/3 821/5/3
f 843/5/3 822/5/3 842/5/3
f 844/4/3 825/4/3 824/4/3
f 844/5/3 822/5/3 843/5/3
f 844/4/3 824/4/3 823/4/3
f 844/4/3 823/4/3 822/4/3
f 845/5/3 826/5/3 825/5/3
f 845/4/3 825/4/3 844/4/3
f 846/5/3 776/5/3 826/5/3
f 846/5/3 826/5/3 845/5/3
f 847/5/3 776/5/3 846/5/3
f 848/5/3 827/5/3 819/5/3
f 848/5/3 819/5/3 777/5/3
f 848/5/3 828/5/3 827/5/3
f 849/5/3 828/5/3 848/5/3
f 850/5/3 780/5/3 828/5/3
f 850/5/3 828/5/3 849/5/3
f 851/5/3 780/5/3 850/5/3
f 852/7/3 830/7/3 829/7/3
f 853/7/3 830/7/3 852/7/3
f 854/6/3 831/6/3 830/6/3
f 854/7/3 830/7/3 853/7/3
f 855/6/3 831/6/3 854/6/3
f 856/7/3 832/7/3 831/7/3
f 856/6/3 831/6/3 855/6/3
f 857/8/3 833/8/3 832/8/3
f 857/7/3 832/7/3 856/7/3
f 858/6/3 834/6/3 833/6/3
f 858/8/3 833/8/3 857/8/3
f 859/7/3 835/7/3 834/7/3
f 859/6/3 834/6/3 858/6/3
f 860/6/3 836/6/3 835/6/3
f 860/7/3 835/7/3 859/7/3
f 861/7/3 837/7/3 836/7/3
f 861/6/3 836/6/3 860/6/3
f 862/9/3 838/9/3 837/9/3
f 862/7/3 837/7/3 861/7/3
f 863/9/3 838/9/3 862/9/3
f 864/7/3 839/7/3 838/7/3
f 864/9/3 838/9/3 863/9/3
f 865/8/3 840/8/3 839/8/3
f 865/7/3 839/7/3 864/7/3
f 866/9/3 841/9/3 840/9/3
f 866/8/3 840/8/3 865/8/3
f 867/9/3 841/9/3 866/9/3
f 868/9/3 841/9/3 867/9/3
f 869/5/3 845/5/3 844/5/3
f 869/5/3 844/5/3 843/5/3
f 869/5/3 846/5/3 845/5/3
f 870/5/3 846/5/3 869/5/3
f 871/5/3 850/5/3 849/5/3
f 872/5/3 850/5/3 871/5/3
f 873/8/3 853/8/3 852/8/3
f 874/7/3 854/7/3 853/7/3
f 874/8/3 853/8/3 873/8/3
f 875/8/3 855/8/3 854/8/3
f 875/7/3 854/7/3 874/7/3
f 876/6/3 856/6/3 855/6/3
f 876/8/3 855/8/3 875/8/3
f 877/9/3 857/9/3 856/9/3
f 877/6/3 856/6/3 876/6/3
f 878/6/3 858/6/3 857/6/3
f 878/9/3 857/9/3 877/9/3
f 879/8/3 859/8/3 858/8/3
f 879/6/3 858/6/3 878/6/3
f 880/7/3 860/7/3 859/7/3
f 880/8/3 859/8/3 879/8/3
f 881/8/3 861/8/3 860/8/3
f 881/7/3 860/7/3 880/7/3
f 882/7/3 862/7/3 861/7/3
f 882/8/3 861/8/3 881/8/3
f 883/8/3 863/8/3 862/8/3
f 883/7/3 862/7/3 882/7/3
f 884/7/3 864/7/3 863/7/3
f 884/8/3 863/8/3 883/8/3
f 885/8/3 865/8/3 864/8/3
f 885/7/3 864/7/3 884/7/3
f 886/7/3 866/7/3 865/7/3
f 886/8/3 865/8/3 885/8/3
f 887/8/3 867/8/3 866/8/3
f 887/7/3 866/7/3 886/7/3
f 888/7/3 868/7/3 867/7/3
f 888/8/3 867/8/3 887/8/3
f 889/7/3 868/7/3 888/7/3
f 908/9/3 891/9/3 890/9/3
f 909/8/3 892/8/3 891/8/3
f 909/9/3 891/9/3 908/9/3
f 910/7/3 893/7/3 892/7/3
f 910/8/3 892/8/3 909/8/3
f 911/8/3 894/8/3 893/8/3
f 911/7/3 893/7/3 910/7/3
f 912/6/3 895/6/3 894/6/3
f 912/8/3 894/8/3 911/8/3
f 913/8/3 896/8/3 895/8/3
f 913/6/3 895/6/3 912/6/3
f 914/9/3 897/9/3 896/9/3
f 914/8/3 896/8/3 913/8/3
f 915/7/3 898/7/3 897/7/3
f 915/9/3 897/9/3 914/9/3
f 916/8/3 899/8/3 898/8/3
f 916/7/3 898/7/3 915/7/3
f 917/6/3 900/6/3 899/6/3
f 917/8/3 899/8/3 916/8/3
f 918/7/3 901/7/3 900/7/3
f 918/6/3 900/6/3 917/6/3
f 919/8/3 902/8/3 901/8/3
f 919/7/3 901/7/3 918/7/3
f 920/9/3 903/9/3 902/9/3
f 921/7/3 904/7/3 903/7/3
f 921/9/3 903/9/3 920/9/3
f 922/6/3 905/6/3 904/6/3
f 922/7/3 904/7/3 921/7/3
f 923/7/3 906/7/3 905/7/3
f 923/6/3 905/6/3 922/6/3
f 924/6/3 907/6/3 906/6/3
f 924/7/3 906/7/3 923/7/3
f 925/6/3 907/6/3 924/6/3
f 926/6/3 909/6/3 908/6/3
f 927/7/3 910/7/3 909/7/3
f 927/6/3 909/6/3 926/6/3
f 927/7/3 911/7/3 910/7/3
f 928/7/3 911/7/3 927/7/3
f 929/6/3 912/6/3 911/6/3
f 929/7/3 911/7/3 928/7/3
f 930/6/3 912/6/3 929/6/3
f 931/9/3 919/9/3 918/9/3
f 932/8/3 902/8/3 919/8/3
f 932/9/3 919/9/3 931/9/3
f 933/9/3 920/9/3 902/9/3
f 933/8/3 902/8/3 932/8/3
f 934/8/3 921/8/3 920/8/3
f 934/9/3 920/9/3 933/9/3
f 935/8/3 921/8/3 934/8/3
f 936/6/3 924/6/3 923/6/3
f 937/9/3 925/9/3 924/9/3
f 937/6/3 924/6/3 936/6/3
f 938/9/3 927/9/3 926/9/3
f 939/6/3 928/6/3 927/6/3
f 939/9/3 927/9/3 938/9/3
f 940/8/3 929/8/3 928/8/3
f 940/6/3 928/6/3 939/6/3
f 941/8/3 929/8/3 940/8/3
f 942/9/3 925/9/3 937/9/3
f 943/9/3 925/9/3 942/9/3
f 944/8/3 939/8/3 938/8/3
f 945/9/3 940/9/3 939/9/3
f 945/8/3 939/8/3 944/8/3
f 946/7/3 941/7/3 940/7/3
f 946/9/3 940/9/3 945/9/3
f 947/7/3 941/7/3 946/7/3
f 948/7/3 934/7/3 933/7/3
f 948/7/3 933/7/3 932/7/3
f 949/7/3 934/7/3 948/7/3
f 950/7/3 943/7/3 942/7/3
f 951/7/3 943/7/3 950/7/3
f 952/7/3 945/7/3 944/7/3
f 953/9/3 946/9/3 945/9/3
f 953/7/3 945/7/3 952/7/3
f 954/6/3 947/6/3 946/6/3
f 954/9/3 946/9/3 953/9/3
f 955/6/3 947/6/3 954/6/3
f 956/8/3 949/8/3 948/8/3
f 957/7/3 934/7/3 949/7/3
f 957/8/3 949/8/3 956/8/3
f 958/8/3 953/8/3 952/8/3
f 959/7/3 955/7/3 954/7/3
f 959/8/3 953/8/3 958/8/3
f 959/7/3 954/7/3 953/7/3
f 960/7/3 955/7/3 959/7/3
f 961/9/3 957/9/3 956/9/3
f 962/7/3 934/7/3 957/7/3
f 962/9/3 957/9/3 961/9/3
f 963/7/3 934/7/3 962/7/3
f 964/9/3 951/9/3 950/9/3
f 965/9/3 951/9/3 964/9/3
f 966/8/3 959/8/3 958/8/3
f 967/9/3 960/9/3 959/9/3
f 967/8/3 959/8/3 966/8/3
f 968/9/3 960/9/3 967/9/3
f 969/6/3 963/6/3 962/6/3
f 969/6/3 962/6/3 961/6/3
f 970/6/3 963/6/3 969/6/3
f 971/6/3 963/6/3 970/6/3
f 972/6/3 965/6/3 964/6/3
f 973/6/3 965/6/3 972/6/3
f 974/7/3 967/7/3 966/7/3
f 975/8/3 968/8/3 967/8/3
f 975/7/3 967/7/3 974/7/3
f 976/8/3 968/8/3 975/8/3
f 977/8/3 968/8/3 976/8/3
f 978/8/3 970/8/3 969/8/3
f 979/9/3 971/9/3 970/9/3
f 979/8/3 970/8/3 978/8/3
f 980/7/3 973/7/3 972/7/3
f 981/7/3 973/7/3 980/7/3
f 982/6/3 975/6/3 974/6/3
f 983/8/3 976/8/3 975/8/3
f 983/6/3 975/6/3 982/6/3
f 984/9/3 977/9/3 976/9/3
f 984/8/3 976/8/3 983/8/3
f 985/9/3 977/9/3 984/9/3
f 986/9/3 979/9/3 978/9/3
f 987/9/3 971/9/3 979/9/3
f 987/9/3 979/9/3 986/9/3
f 988/9/3 983/9/3 982/9/3
f 989/7/3 984/7/3 983/7/3
f 989/9/3 983/9/3 988/9/3
f 990/8/3 985/8/3 984/8/3
f 990/7/3 984/7/3 989/7/3
f 991/8/3 985/8/3 990/8/3
f 992/8/3 987/8/3 986/8/3
f 993/8/3 987/8/3 992/8/3
f 994/8/3 981/8/3 980/8/3
f 995/8/3 981/8/3 994/8/3
f 996/8/3 989/8/3 988/8/3
f 996/8/3 990/8/3 989/8/3
f 997/8/3 990/8/3 996/8/3
f 998/6/3 991/6/3 990/6/3
f 998/8/3 990/8/3 997/8/3
f 999/9/3 993/9/3 992/9/3
f 1000/9/3 993/9/3 999/9/3
f 1001/9/3 995/9/3 994/9/3
f 1002/9/3 995/9/3 1001/9/3
f 1003/6/3 997/6/3 996/6/3
f 1004/8/3 1000/8/3 999/8/3
f 1005/8/3 1000/8/3 1004/8/3
f 1006/8/3 1000/8/3 1005/8/3
f 1007/6/3 1002/6/3 1001/6/3
f 1008/6/3 1002/6/3 1007/6/3
f 1009/6/3 997/6/3 1003/6/3
f 1010/9/3 998/9/3 997/9/3
f 1010/6/3 997/6/3 1009/6/3
f 1011/6/3 991/6/3 998/6/3
f 1011/9/3 998/9/3 1010/9/3
f 1012/6/3 991/6/3 1011/6/3
f 1013/9/3 1005/9/3 1004/9/3
f 1014/7/3 1006/7/3 1005/7/3
f 1014/9/3 1005/9/3 1013/9/3
f 1015/9/3 1008/9/3 1007/9/3
f 1016/9/3 1008/9/3 1015/9/3
f 1017/7/3 1010/7/3 1009/7/3
f 1018/9/3 1012/9/3 1011/9/3
f 1018/7/3 1010/7/3 1017/7/3
f 1018/9/3 1011/9/3 1010/9/3
f 1019/9/3 1012/9/3 1018/9/3
f 1022/6/3 1014/6/3 1013/6/3
f 1023/7/3 1006/7/3 1014/7/3
f 1023/6/3 1014/6/3 1022/6/3
f 1024/7/3 1006/7/3 1023/7/3
f 1027/6/3 1016/6/3 1015/6/3
f 1028/6/3 1016/6/3 1027/6/3
f 1029/6/3 1018/6/3 1017/6/3
f 1030/9/3 1019/9/3 1018/9/3
f 1030/6/3 1018/6/3 1029/6/3
f 1031/6/3 1020/6/3 1019/6/3
f 1031/9/3 1019/9/3 1030/9/3
f 1032/6/3 1020/6/3 1031/6/3
f 1040/6/3 1022/6/3 1021/6/3
f 1041/7/3 1023/7/3 1022/7/3
f 1041/6/3 1022/6/3 1040/6/3
f 1042/8/3 1024/8/3 1023/8/3
f 1042/7/3 1023/7/3 1041/7/3
f 1043/7/3 1025/7/3 1024/7/3
f 1043/8/3 1024/8/3 1042/8/3
f 1044/7/3 1025/7/3 1043/7/3
f 1046/8/3 1027/8/3 1026/8/3
f 1047/8/3 1030/8/3 1029/8/3
f 1048/6/3 1031/6/3 1030/6/3
f 1048/8/3 1030/8/3 1047/8/3
f 1049/9/3 1032/9/3 1031/9/3
f 1049/6/3 1031/6/3 1048/6/3
f 1050/8/3 1033/8/3 1032/8/3
f 1050/9/3 1032/9/3 1049/9/3
f 1051/9/3 1034/9/3 1033/9/3
f 1051/8/3 1033/8/3 1050/8/3
f 1052/8/3 1035/8/3 1034/8/3
f 1052/9/3 1034/9/3 1051/9/3
f 1053/7/3 1036/7/3 1035/7/3
f 1053/8/3 1035/8/3 1052/8/3
f 1054/9/3 1037/9/3 1036/9/3
f 1054/7/3 1036/7/3 1053/7/3
f 1055/8/3 1038/8/3 1037/8/3
f 1055/9/3 1037/9/3 1054/9/3
f 1056/6/3 1039/6/3 1038/6/3
f 1056/8/3 1038/8/3 1055/8/3
f 1057/7/3 1040/7/3 1039/7/3
f 1057/6/3 1039/6/3 1056/6/3
f 1058/9/3 1041/9/3 1040/9/3
f 1058/7/3 1040/7/3 1057/7/3
f 1059/8/3 1042/8/3 1041/8/3
f 1059/9/3 1041/9/3 1058/9/3
f 1060/6/3 1043/6/3 1042/6/3
f 1060/8/3 1042/8/3 1059/8/3
f 1061/8/3 1044/8/3 1043/8/3
f 1061/6/3 1043/6/3 1060/6/3
f 1062/6/3 1045/6/3 1044/6/3
f 1062/8/3 1044/8/3 1061/8/3
f 1063/8/3 1046/8/3 1045/8/3
f 1063/6/3 1045/6/3 1062/6/3
f 1064/7/3 1028/7/3 1027/7/3
f 1064/8/3 1046/8/3 1063/8/3
f 1064/8/3 1027/8/3 1046/8/3
f 1065/7/3 1028/7/3 1064/7/3
f 1066/6/4 1067/6/4 1081/6/4
f 1067/9/4 1068/9/4 1082/9/4
f 1081/6/4 1067/6/4 1082/6/4
f 1068/8/4 1069/8/4 1083/8/4
f 1082/9/4 1068/9/4 1083/9/4
f 1069/6/4 1070/6/4 1084/6/4
f 1083/8/4 1069/8/4 1084/8/4
f 1070/7/4 1071/7/4 1085/7/4
f 1084/6/4 1070/6/4 1085/6/4
f 1071/8/4 1072/8/4 1086/8/4
f 1085/7/4 1071/7/4 1086/7/4
f 1072/7/4 1073/7/4 1087/7/4
f 1086/8/4 1072/8/4 1087/8/4
f 1073/9/4 1074/9/4 1088/9/4
f 1087/7/4 1073/7/4 1088/7/4
f 1074/7/4 1075/7/4 1089/7/4
f 1088/9/4 1074/9/4 1089/9/4
f 1075/9/4 1076/9/4 1090/9/4
f 1089/7/4 1075/7/4 1090/7/4
f 1076/7/4 1077/7/4 1091/7/4
f 1090/9/4 1076/9/4 1091/9/4
f 1091/7/4 1077/7/4 1092/7/4
f 1077/8/4 1078/8/4 1093/8/4
f 1092/7/4 1077/7/4 1093/7/4
f 1093/8/4 1078/8/4 1094/8/4
f 1078/6/4 1079/6/4 1095/6/4
f 1094/8/4 1078/8/4 1095/8/4
f 1079/8/4 1080/8/4 1096/8/4
f 1095/6/4 1079/6/4 1096/6/4
f 1096/8/4 1080/8/4 1097/8/4
f 1081/9/4 1082/9/4 1098/9/4
f 1082/8/4 1083/8/4 1099/8/4
f 1098/9/4 1082/9/4 1099/9/4
f 1083/9/4 1084/9/4 1100/9/4
f 1099/8/4 1083/8/4 1100/8/4
f 1084/6/4 1085/6/4 1101/6/4
f 1100/9/4 1084/9/4 1101/9/4
f 1085/8/4 1086/8/4 1102/8/4
f 1101/6/4 1085/6/4 1102/6/4
f 1086/8/4 1087/8/4 1102/8/4
f 1087/8/4 1088/8/4 1102/8/4
f 1088/7/4 1089/7/4 1103/7/4
f 1102/8/4 1088/8/4 1103/8/4
f 1089/9/4 1090/9/4 1104/9/4
f 1103/7/4 1089/7/4 1104/7/4
f 1090/7/4 1091/7/4 1105/7/4
f 1104/9/4 1090/9/4 1105/9/4
f 1091/6/4 1092/6/4 1106/6/4
f 1105/7/4 1091/7/4 1106/7/4
f 1093/7/4 1094/7/4 1107/7/4
f 1106/6/4 1092/6/4 1107/6/4
f 1092/7/4 1093/7/4 1107/7/4
f 1094/6/4 1095/6/4 1108/6/4
f 1107/7/4 1094/7/4 1108/7/4
f 1095/8/4 1096/8/4 1109/8/4
f 1108/6/4 1095/6/4 1109/6/4
f 1096/6/4 1097/6/4 1110/6/4
f 1109/8/4 1096/8/4 1110/8/4
f 1110/6/4 1097/6/4 1111/6/4
f 1112/6/4 1113/6/4 1125/6/4
f 1113/8/4 1114/8/4 1125/8/4
f 1125/8/4 1114/8/4 1126/8/4
f 1126/8/4 1114/8/4 1127/8/4
f 1114/9/4 1115/9/4 1128/9/4
f 1127/8/4 1114/8/4 1128/8/4
f 1115/6/4 1116/6/4 1129/6/4
f 1128/9/4 1115/9/4 1129/9/4
f 1129/6/4 1116/6/4 1130/6/4
f 1130/6/4 1116/6/4 1131/6/4
f 1116/9/4 1117/9/4 1132/9/4
f 1131/6/4 1116/6/4 1132/6/4
f 1117/6/4 1118/6/4 1133/6/4
f 1132/9/4 1117/9/4 1133/9/4
f 1118/7/4 1119/7/4 1134/7/4
f 1133/6/4 1118/6/4 1134/6/4
f 1119/8/4 1120/8/4 1135/8/4
f 1134/7/4 1119/7/4 1135/7/4
f 1120/7/4 1121/7/4 1136/7/4
f 1135/8/4 1120/8/4 1136/8/4
f 1121/8/4 1122/8/4 1137/8/4
f 1136/7/4 1121/7/4 1137/7/4
f 1122/6/4 1123/6/4 1138/6/4
f 1137/8/4 1122/8/4 1138/8/4
f 1123/8/4 1124/8/4 1139/8/4
f 1138/6/4 1123/6/4 1139/6/4
f 1139/8/4 1124/8/4 1140/8/4
f 1112/6/4 1125/6/4 1141/6/4
f 1125/6/4 1126/6/4 1141/6/4
f 1126/8/4 1127/8/4 1142/8/4
f 1141/6/4 1126/6/4 1142/6/4
f 1127/7/4 1128/7/4 1143/7/4
f 1142/8/4 1127/8/4 1143/8/4
f 1128/7/4 1129/7/4 1143/7/4
f 1129/8/4 1130/8/4 1144/8/4
f 1143/7/4 1129/7/4 1144/7/4
f 1130/7/4 1131/7/4 1145/7/4
f 1144/8/4 1130/8/4 1145/8/4
f 1131/6/4 1132/6/4 1146/6/4
f 1145/7/4 1131/7/4 1146/7/4
f 1132/6/4 1133/6/4 1146/6/4
f 1133/7/4 1134/7/4 1147/7/4
f 1146/6/4 1133/6/4 1147/6/4
f 1134/9/4 1135/9/4 1148/9/4
f 1147/7/4 1134/7/4 1148/7/4
f 1136/8/4 1137/8/4 1149/8/4
f 1148/9/4 1135/9/4 1149/9/4
f 1135/8/4 1136/8/4 1149/8/4
f 1137/9/4 1138/9/4 1150/9/4
f 1149/8/4 1137/8/4 1150/8/4
f 1138/9/4 1139/9/4 1150/9/4
f 1139/6/4 1140/6/4 1151/6/4
f 1150/9/4 1139/9/4 1151/9/4
f 1151/6/4 1140/6/4 1152/6/4
f 1153/5/4 1154/5/4 1155/5/4
f 1155/5/4 1154/5/4 1156/5/4
f 1157/5/4 1158/5/4 1159/5/4
f 1159/5/4 1158/5/4 1160/5/4
f 1161/5/4 1162/5/4 1163/5/4
f 1163/5/4 1162/5/4 1164/5/4
f 1165/5/4 1166/5/4 1167/5/4
f 1167/5/4 1166/5/4 1168/5/4
f 1169/5/4 1170/5/4 1171/5/4
f 1171/5/4 1170/5/4 1172/5/4
f 1172/5/4 1170/5/4 1173/5/4
f 1173/5/4 1170/5/4 1174/5/4
f 1174/5/4 1170/5/4 1175/5/4
f 1175/5/4 1170/5/4 1176/5/4
f 1176/5/4 1170/5/4 1177/5/4
f 1177/5/4 1170/5/4 1178/5/4
f 1178/5/4 1170/5/4 1179/5/4
f 1179/5/4 1170/5/4 1180/5/4
f 1181/9/4 1182/9/4 1209/9/4
f 1182/6/4 1183/6/4 1210/6/4
f 1209/9/4 1182/9/4 1210/9/4
f 1183/9/4 1184/9/4 1211/9/4
f 1210/6/4 1183/6/4 1211/6/4
f 1184/6/4 1185/6/4 1212/6/4
f 1211/9/4 1184/9/4 1212/9/4
f 1185/7/4 1186/7/4 1213/7/4
f 1212/6/4 1185/6/4 1213/6/4
f 1213/7/4 1186/7/4 1214/7/4
f 1214/7/4 1186/7/4 1215/7/4
f 1215/7/4 1186/7/4 1216/7/4
f 1186/6/4 1187/6/4 1217/6/4
f 1216/7/4 1186/7/4 1217/7/4
f 1217/6/4 1187/6/4 1218/6/4
f 1187/8/4 1188/8/4 1219/8/4
f 1218/6/4 1187/6/4 1219/6/4
f 1188/9/4 1189/9/4 1220/9/4
f 1219/8/4 1188/8/4 1220/8/4
f 1189/7/4 1190/7/4 1221/7/4
f 1220/9/4 1189/9/4 1221/9/4
f 1221/7/4 1190/7/4 1222/7/4
f 1190/6/4 1191/6/4 1223/6/4
f 1222/7/4 1190/7/4 1223/7/4
f 1223/6/4 1191/6/4 1224/6/4
f 1191/9/4 1192/9/4 1225/9/4
f 1224/6/4 1191/6/4 1225/6/4
f 1225/9/4 1192/9/4 1226/9/4
f 1192/8/4 1193/8/4 1227/8/4
f 1226/9/4 1192/9/4 1227/9/4
f 1193/7/4 1194/7/4 1228/7/4
f 1227/8/4 1193/8/4 1228/8/4
f 1194/8/4 1195/8/4 1229/8/4
f 1228/7/4 1194/7/4 1229/7/4
f 1195/6/4 1196/6/4 1230/6/4
f 1229/8/4 1195/8/4 1230/8/4
f 1230/6/4 1196/6/4 1231/6/4
f 1231/6/4 1196/6/4 1232/6/4
f 1197/9/4 1198/9/4 1233/9/4
f 1198/7/4 1199/7/4 1233/7/4
f 1199/8/4 1200/8/4 1234/8/4
f 1233/7/4 1199/7/4 1234/7/4
f 1200/6/4 1201/6/4 1235/6/4
f 1234/8/4 1200/8/4 1235/8/4
f 1235/6/4 1201/6/4 1236/6/4
f 1201/7/4 1202/7/4 1237/7/4
f 1236/6/4 1201/6/4 1237/6/4
f 1202/8/4 1203/8/4 1238/8/4
f 1237/7/4 1202/7/4 1238/7/4
f 1203/9/4 1204/9/4 1239/9/4
f 1204/7/4 1205/7/4 1240/7/4
f 1239/9/4 1204/9/4 1240/9/4
f 1205/6/4 1206/6/4 1241/6/4
f 1240/7/4 1205/7/4 1241/7/4
f 1206/7/4 1207/7/4 1242/7/4
f 1241/6/4 1206/6/4 1242/6/4
f 1207/6/4 1208/6/4 1243/6/4
f 1242/7/4 1207/7/4 1243/7/4
f 1243/6/4 1208/6/4 1244/6/4
f 1209/6/4 1210/6/4 1245/6/4
f 1210/6/4 1211/6/4 1245/6/4
f 1211/8/4 1212/8/4 1246/8/4
f 1245/6/4 1211/6/4 1246/6/4
f 1212/8/4 1213/8/4 1246/8/4
f 1213/9/4 1214/9/4 1247/9/4
f 1246/8/4 1213/8/4 1247/8/4
f 1214/6/4 1215/6/4 1248/6/4
f 1247/9/4 1214/9/4 1248/9/4
f 1215/9/4 1216/9/4 1249/9/4
f 1248/6/4 1215/6/4 1249/6/4
f 1216/8/4 1217/8/4 1250/8/4
f 1249/9/4 1216/9/4 1250/9/4
f 1217/7/4 1218/7/4 1251/7/4
f 1250/8/4 1217/8/4 1251/8/4
f 1218/6/4 1219/6/4 1252/6/4
f 1251/7/4 1218/7/4 1252/7/4
f 1219/6/4 1220/6/4 1252/6/4
f 1221/9/4 1222/9/4 1253/9/4
f 1252/6/4 1220/6/4 1253/6/4
f 1220/9/4 1221/9/4 1253/9/4
f 1222/7/4 1223/7/4 1254/7/4
f 1253/9/4 1222/9/4 1254/9/4
f 1223/9/4 1224/9/4 1255/9/4
f 1254/7/4 1223/7/4 1255/7/4
f 1225/7/4 1226/7/4 1256/7/4
f 1255/9/4 1224/9/4 1256/9/4
f 1224/7/4 1225/7/4 1256/7/4
f 1256/7/4 1226/7/4 1257/7/4
f 1226/6/4 1227/6/4 1258/6/4
f 1257/7/4 1226/7/4 1258/7/4
f 1227/7/4 1228/7/4 1259/7/4
f 1258/6/4 1227/6/4 1259/6/4
f 1228/7/4 1229/7/4 1259/7/4
f 1259/7/4 1229/7/4 1260/7/4
f 1229/6/4 1230/6/4 1261/6/4
f 1260/7/4 1229/7/4 1261/7/4
f 1230/7/4 1231/7/4 1262/7/4
f 1261/6/4 1230/6/4 1262/6/4
f 1231/8/4 1232/8/4 1263/8/4
f 1262/7/4 1231/7/4 1263/7/4
f 1263/8/4 1232/8/4 1264/8/4
f 1196/8/4 1197/8/4 1265/8/4
f 1232/6/4 1196/6/4 1265/6/4
f 1197/9/4 1233/9/4 1266/9/4
f 1265/8/4 1197/8/4 1266/8/4
f 1233/8/4 1234/8/4 1267/8/4
f 1266/9/4 1233/9/4 1267/9/4
f 1235/8/4 1236/8/4 1268/8/4
f 1234/7/4 1235/7/4 1268/7/4
f 1237/9/4 1238/9/4 1269/9/4
f 1268/8/4 1236/8/4 1269/8/4
f 1236/9/4 1237/9/4 1269/9/4
f 1269/9/4 1238/9/4 1270/9/4
f 1238/8/4 1203/8/4 1271/8/4
f 1270/9/4 1238/9/4 1271/9/4
f 1203/9/4 1239/9/4 1272/9/4
f 1271/8/4 1203/8/4 1272/8/4
f 1239/8/4 1240/8/4 1273/8/4
f 1272/9/4 1239/9/4 1273/9/4
f 1240/9/4 1241/9/4 1274/9/4
f 1273/8/4 1240/8/4 1274/8/4
f 1241/6/4 1242/6/4 1275/6/4
f 1274/9/4 1241/9/4 1275/9/4
f 1242/6/4 1243/6/4 1275/6/4
f 1275/6/4 1243/6/4 1276/6/4
f 1243/9/4 1244/9/4 1277/9/4
f 1276/6/4 1243/6/4 1277/6/4
f 1256/9/4 1257/9/4 1278/9/4
f 1257/8/4 1258/8/4 1279/8/4
f 1278/9/4 1257/9/4 1279/9/4
f 1258/9/4 1259/9/4 1280/9/4
f 1279/8/4 1258/8/4 1280/8/4
f 1259/6/4 1260/6/4 1281/6/4
f 1280/9/4 1259/9/4 1281/9/4
f 1260/8/4 1261/8/4 1282/8/4
f 1281/6/4 1260/6/4 1282/6/4
f 1261/7/4 1262/7/4 1283/7/4
f 1282/8/4 1261/8/4 1283/8/4
f 1262/7/4 1263/7/4 1283/7/4
f 1283/7/4 1263/7/4 1284/7/4
f 1263/6/4 1264/6/4 1285/6/4
f 1284/7/4 1263/7/4 1285/7/4
f 1264/8/4 1232/8/4 1286/8/4
f 1285/6/4 1264/6/4 1286/6/4
f 1232/6/4 1265/6/4 1287/6/4
f 1286/8/4 1232/8/4 1287/8/4
f 1265/9/4 1266/9/4 1288/9/4
f 1287/6/4 1265/6/4 1288/6/4
f 1266/7/4 1267/7/4 1289/7/4
f 1288/9/4 1266/9/4 1289/9/4
f 1267/8/4 1234/8/4 1290/8/4
f 1289/7/4 1267/7/4 1290/7/4
f 1234/7/4 1268/7/4 1291/7/4
f 1290/8/4 1234/8/4 1291/8/4
f 1268/6/4 1269/6/4 1292/6/4
f 1291/7/4 1268/7/4 1292/7/4
f 1269/7/4 1270/7/4 1293/7/4
f 1292/6/4 1269/6/4 1293/6/4
f 1270/6/4 1271/6/4 1294/6/4
f 1293/7/4 1270/7/4 1294/7/4
f 1272/7/4 1273/7/4 1295/7/4
f 1294/6/4 1271/6/4 1295/6/4
f 1271/7/4 1272/7/4 1295/7/4
f 1273/9/4 1274/9/4 1296/9/4
f 1274/7/4 1275/7/4 1296/7/4
f 1275/6/4 1276/6/4 1297/6/4
f 1296/7/4 1275/7/4 1297/7/4
f 1277/9/4 1244/9/4 1298/9/4
f 1276/8/4 1277/8/4 1298/8/4
f 1298/9/4 1244/9/4 1299/9/4
f 1278/6/4 1279/6/4 1300/6/4
f 1279/8/4 1280/8/4 1301/8/4
f 1300/6/4 1279/6/4 1301/6/4
f 1280/8/4 1281/8/4 1301/8/4
f 1301/8/4 1281/8/4 1302/8/4
f 1281/9/4 1282/9/4 1303/9/4
f 1302/8/4 1281/8/4 1303/8/4
f 1283/7/4 1284/7/4 1304/7/4
f 1303/9/4 1282/9/4 1304/9/4
f 1282/7/4 1283/7/4 1304/7/4
f 1304/7/4 1284/7/4 1305/7/4
f 1284/8/4 1285/8/4 1306/8/4
f 1305/7/4 1284/7/4 1306/7/4
f 1285/7/4 1286/7/4 1307/7/4
f 1306/8/4 1285/8/4 1307/8/4
f 1286/9/4 1287/9/4 1308/9/4
f 1307/7/4 1286/7/4 1308/7/4
f 1287/8/4 1288/8/4 1309/8/4
f 1308/9/4 1287/9/4 1309/9/4
f 1288/6/4 1289/6/4 1310/6/4
f 1309/8/4 1288/8/4 1310/8/4
f 1289/8/4 1290/8/4 1311/8/4
f 1310/6/4 1289/6/4 1311/6/4
f 1290/7/4 1291/7/4 1312/7/4
f 1311/8/4 1290/8/4 1312/8/4
f 1291/9/4 1292/9/4 1313/9/4
f 1312/7/4 1291/7/4 1313/7/4
f 1292/8/4 1293/8/4 1314/8/4
f 1313/9/4 1292/9/4 1314/9/4
f 1293/6/4 1294/6/4 1315/6/4
f 1314/8/4 1293/8/4 1315/8/4
f 1294/8/4 1295/8/4 1316/8/4
f 1315/6/4 1294/6/4 1316/6/4
f 1295/7/4 1273/7/4 1317/7/4
f 1316/8/4 1295/8/4 1317/8/4
f 1317/7/4 1273/7/4 1318/7/4
f 1273/9/4 1296/9/4 1319/9/4
f 1318/7/4 1273/7/4 1319/7/4
f 1296/6/4 1297/6/4 1320/6/4
f 1319/9/4 1296/9/4 1320/9/4
f 1297/6/4 1276/6/4 1321/6/4
f 1320/6/4 1297/6/4 1321/6/4
f 1276/8/4 1298/8/4 1322/8/4
f 1321/6/4 1276/6/4 1322/6/4
f 1298/7/4 1299/7/4 1323/7/4
f 1322/8/4 1298/8/4 1323/8/4
f 1323/7/4 1299/7/4 1324/7/4
f 1301/8/4 1302/8/4 1325/8/4
f 1300/7/4 1301/7/4 1325/7/4
f 1302/7/4 1303/7/4 1326/7/4
f 1325/8/4 1302/8/4 1326/8/4
f 1303/9/4 1304/9/4 1327/9/4
f 1326/7/4 1303/7/4 1327/7/4
f 1304/6/4 1305/6/4 1328/6/4
f 1327/9/4 1304/9/4 1328/9/4
f 1305/7/4 1306/7/4 1329/7/4
f 1328/6/4 1305/6/4 1329/6/4
f 1307/6/4 1308/6/4 1330/6/4
f 1329/7/4 1306/7/4 1330/7/4
f 1306/6/4 1307/6/4 1330/6/4
f 1330/6/4 1308/6/4 1331/6/4
f 1308/8/4 1309/8/4 1332/8/4
f 1331/6/4 1308/6/4 1332/6/4
f 1309/7/4 1310/7/4 1333/7/4
f 1332/8/4 1309/8/4 1333/8/4
f 1310/6/4 1311/6/4 1334/6/4
f 1333/7/4 1310/7/4 1334/7/4
f 1311/6/4 1312/6/4 1334/6/4
f 1312/9/4 1313/9/4 1335/9/4
f 1334/6/4 1312/6/4 1335/6/4
f 1313/6/4 1314/6/4 1336/6/4
f 1335/9/4 1313/9/4 1336/9/4
f 1314/7/4 1315/7/4 1337/7/4
f 1336/6/4 1314/6/4 1337/6/4
f 1315/9/4 1316/9/4 1338/9/4
f 1337/7/4 1315/7/4 1338/7/4
f 1316/6/4 1317/6/4 1339/6/4
f 1338/9/4 1316/9/4 1339/9/4
f 1317/8/4 1318/8/4 1340/8/4
f 1339/6/4 1317/6/4 1340/6/4
f 1318/7/4 1319/7/4 1341/7/4
f 1340/8/4 1318/8/4 1341/8/4
f 1319/6/4 1320/6/4 1342/6/4
f 1341/7/4 1319/7/4 1342/7/4
f 1320/8/4 1321/8/4 1343/8/4
f 1342/6/4 1320/6/4 1343/6/4
f 1321/6/4 1322/6/4 1344/6/4
f 1343/8/4 1321/8/4 1344/8/4
f 1322/9/4 1323/9/4 1345/9/4
f 1344/6/4 1322/6/4 1345/6/4
f 1323/9/4 1324/9/4 1345/9/4
f 1345/9/4 1324/9/4 1346/9/4
f 1300/7/4 1325/7/4 1347/7/4
f 1325/6/4 1326/6/4 1348/6/4
f 1347/7/4 1325/7/4 1348/7/4
f 1328/7/4 1329/7/4 1349/7/4
f 1326/8/4 1327/8/4 1349/8/4
f 1327/7/4 1328/7/4 1349/7/4
f 1329/8/4 1330/8/4 1350/8/4
f 1349/7/4 1329/7/4 1350/7/4
f 1330/7/4 1331/7/4 1351/7/4
f 1350/8/4 1330/8/4 1351/8/4
f 1331/8/4 1332/8/4 1352/8/4
f 1351/7/4 1331/7/4 1352/7/4
f 1332/6/4 1333/6/4 1353/6/4
f 1352/8/4 1332/8/4 1353/8/4
f 1333/6/4 1334/6/4 1353/6/4
f 1353/6/4 1334/6/4 1354/6/4
f 1334/8/4 1335/8/4 1355/8/4
f 1354/6/4 1334/6/4 1355/6/4
f 1355/8/4 1335/8/4 1356/8/4
f 1335/7/4 1336/7/4 1357/7/4
f 1356/8/4 1335/8/4 1357/8/4
f 1336/8/4 1337/8/4 1358/8/4
f 1357/7/4 1336/7/4 1358/7/4
f 1337/7/4 1338/7/4 1359/7/4
f 1358/8/4 1337/8/4 1359/8/4
f 1338/6/4 1339/6/4 1360/6/4
f 1359/7/4 1338/7/4 1360/7/4
f 1339/8/4 1340/8/4 1361/8/4
f 1360/6/4 1339/6/4 1361/6/4
f 1340/9/4 1341/9/4 1362/9/4
f 1361/8/4 1340/8/4 1362/8/4
f 1341/7/4 1342/7/4 1363/7/4
f 1362/9/4 1341/9/4 1363/9/4
f 1342/9/4 1343/9/4 1364/9/4
f 1363/7/4 1342/7/4 1364/7/4
f 1343/6/4 1344/6/4 1365/6/4
f 1364/9/4 1343/9/4 1365/9/4
f 1344/6/4 1345/6/4 1365/6/4
f 1365/6/4 1345/6/4 1366/6/4
f 1345/7/4 1346/7/4 1367/7/4
f 1366/6/4 1345/6/4 1367/6/4
f 1346/9/4 1324/9/4 1368/9/4
f 1367/7/4 1346/7/4 1368/7/4
f 1368/9/4 1324/9/4 1369/9/4
f 1347/9/4 1348/9/4 1370/9/4
f 1348/6/4 1326/6/4 1371/6/4
f 1370/9/4 1348/9/4 1371/9/4
f 1326/8/4 1349/8/4 1372/8/4
f 1371/6/4 1326/6/4 1372/6/4
f 1349/9/4 1350/9/4 1373/9/4
f 1372/8/4 1349/8/4 1373/8/4
f 1350/6/4 1351/6/4 1374/6/4
f 1373/9/4 1350/9/4 1374/9/4
f 1351/7/4 1352/7/4 1375/7/4
f 1374/6/4 1351/6/4 1375/6/4
f 1352/6/4 1353/6/4 1376/6/4
f 1375/7/4 1352/7/4 1376/7/4
f 1353/9/4 1354/9/4 1377/9/4
f 1376/6/4 1353/6/4 1377/6/4
f 1354/7/4 1355/7/4 1378/7/4
f 1377/9/4 1354/9/4 1378/9/4
f 1355/6/4 1356/6/4 1379/6/4
f 1378/7/4 1355/7/4 1379/7/4
f 1356/9/4 1357/9/4 1380/9/4
f 1379/6/4 1356/6/4 1380/6/4
f 1357/7/4 1358/7/4 1381/7/4
f 1380/9/4 1357/9/4 1381/9/4
f 1358/6/4 1359/6/4 1382/6/4
f 1381/7/4 1358/7/4 1382/7/4
f 1359/9/4 1360/9/4 1383/9/4
f 1382/6/4 1359/6/4 1383/6/4
f 1360/8/4 1361/8/4 1384/8/4
f 1383/9/4 1360/9/4 1384/9/4
f 1362/6/4 1363/6/4 1385/6/4
f 1363/6/4 1364/6/4 1385/6/4
f 1361/7/4 1362/7/4 1385/7/4
f 1385/6/4 1364/6/4 1386/6/4
f 1364/9/4 1365/9/4 1387/9/4
f 1386/6/4 1364/6/4 1387/6/4
f 1365/7/4 1366/7/4 1388/7/4
f 1387/9/4 1365/9/4 1388/9/4
f 1366/9/4 1367/9/4 1389/9/4
f 1388/7/4 1366/7/4 1389/7/4
f 1367/9/4 1368/9/4 1389/9/4
f 1368/6/4 1369/6/4 1390/6/4
f 1389/9/4 1368/9/4 1390/9/4
f 1390/6/4 1369/6/4 1391/6/4
f 1372/7/4 1373/7/4 1392/7/4
f 1371/7/4 1372/7/4 1392/7/4
f 1370/7/4 1371/7/4 1392/7/4
f 1392/7/4 1373/7/4 1393/7/4
f 1393/7/4 1373/7/4 1394/7/4
f 1373/8/4 1374/8/4 1395/8/4
f 1394/7/4 1373/7/4 1395/7/4
f 1395/8/4 1374/8/4 1396/8/4
f 1375/6/4 1376/6/4 1397/6/4
f 1396/8/4 1374/8/4 1397/8/4
f 1374/6/4 1375/6/4 1397/6/4
f 1376/7/4 1377/7/4 1398/7/4
f 1397/6/4 1376/6/4 1398/6/4
f 1377/8/4 1378/8/4 1399/8/4
f 1398/7/4 1377/7/4 1399/7/4
f 1378/7/4 1379/7/4 1400/7/4
f 1399/8/4 1378/8/4 1400/8/4
f 1379/8/4 1380/8/4 1401/8/4
f 1400/7/4 1379/7/4 1401/7/4
f 1380/7/4 1381/7/4 1402/7/4
f 1401/8/4 1380/8/4 1402/8/4
f 1382/7/4 1383/7/4 1403/7/4
f 1381/9/4 1382/9/4 1403/9/4
f 1383/8/4 1384/8/4 1404/8/4
f 1403/7/4 1383/7/4 1404/7/4
f 1384/8/4 1361/8/4 1405/8/4
f 1404/8/4 1384/8/4 1405/8/4
f 1361/7/4 1385/7/4 1406/7/4
f 1405/8/4 1361/8/4 1406/8/4
f 1385/8/4 1386/8/4 1407/8/4
f 1406/7/4 1385/7/4 1407/7/4
f 1386/9/4 1387/9/4 1408/9/4
f 1407/8/4 1386/8/4 1408/8/4
f 1387/7/4 1388/7/4 1409/7/4
f 1388/6/4 1389/6/4 1409/6/4
f 1389/8/4 1390/8/4 1410/8/4
f 1409/6/4 1389/6/4 1410/6/4
f 1410/8/4 1390/8/4 1411/8/4
f 1390/7/4 1391/7/4 1412/7/4
f 1411/8/4 1390/8/4 1412/8/4
f 1412/7/4 1391/7/4 1413/7/4
f 1393/7/4 1394/7/4 1414/7/4
f 1392/6/4 1393/6/4 1414/6/4
f 1394/6/4 1395/6/4 1415/6/4
f 1414/7/4 1394/7/4 1415/7/4
f 1395/8/4 1396/8/4 1416/8/4
f 1415/6/4 1395/6/4 1416/6/4
f 1396/9/4 1397/9/4 1417/9/4
f 1416/8/4 1396/8/4 1417/8/4
f 1397/8/4 1398/8/4 1418/8/4
f 1417/9/4 1397/9/4 1418/9/4
f 1418/8/4 1398/8/4 1419/8/4
f 1398/9/4 1399/9/4 1420/9/4
f 1419/8/4 1398/8/4 1420/8/4
f 1400/9/4 1401/9/4 1420/9/4
f 1401/9/4 1402/9/4 1420/9/4
f 1399/9/4 1400/9/4 1420/9/4
f 1420/9/4 1402/9/4 1421/9/4
f 1402/7/4 1381/7/4 1422/7/4
f 1421/9/4 1402/9/4 1422/9/4
f 1381/9/4 1403/9/4 1423/9/4
f 1422/7/4 1381/7/4 1423/7/4
f 1403/6/4 1404/6/4 1424/6/4
f 1423/9/4 1403/9/4 1424/9/4
f 1404/7/4 1405/7/4 1425/7/4
f 1424/6/4 1404/6/4 1425/6/4
f 1405/9/4 1406/9/4 1426/9/4
f 1425/7/4 1405/7/4 1426/7/4
f 1406/7/4 1407/7/4 1427/7/4
f 1407/9/4 1408/9/4 1427/9/4
f 1408/9/4 1387/9/4 1428/9/4
f 1427/9/4 1408/9/4 1428/9/4
f 1387/7/4 1409/7/4 1428/7/4
f 1410/9/4 1411/9/4 1429/9/4
f 1428/7/4 1409/7/4 1429/7/4
f 1409/9/4 1410/9/4 1429/9/4
f 1429/9/4 1411/9/4 1430/9/4
f 1411/8/4 1412/8/4 1431/8/4
f 1430/9/4 1411/9/4 1431/9/4
f 1412/8/4 1413/8/4 1431/8/4
f 1431/8/4 1413/8/4 1432/8/4
f 1414/8/4 1415/8/4 1433/8/4
f 1392/6/4 1414/6/4 1433/6/4
f 1415/9/4 1416/9/4 1434/9/4
f 1433/8/4 1415/8/4 1434/8/4
f 1416/7/4 1417/7/4 1435/7/4
f 1434/9/4 1416/9/4 1435/9/4
f 1417/8/4 1418/8/4 1436/8/4
f 1435/7/4 1417/7/4 1436/7/4
f 1418/7/4 1419/7/4 1437/7/4
f 1436/8/4 1418/8/4 1437/8/4
f 1419/6/4 1420/6/4 1438/6/4
f 1437/7/4 1419/7/4 1438/7/4
f 1420/9/4 1421/9/4 1439/9/4
f 1438/6/4 1420/6/4 1439/6/4
f 1439/9/4 1421/9/4 1440/9/4
f 1421/6/4 1422/6/4 1441/6/4
f 1440/9/4 1421/9/4 1441/9/4
f 1422/7/4 1423/7/4 1442/7/4
f 1441/6/4 1422/6/4 1442/6/4
f 1423/7/4 1424/7/4 1442/7/4
f 1442/7/4 1424/7/4 1443/7/4
f 1424/8/4 1425/8/4 1444/8/4
f 1443/7/4 1424/7/4 1444/7/4
f 1425/6/4 1426/6/4 1445/6/4
f 1444/8/4 1425/8/4 1445/8/4
f 1426/9/4 1406/9/4 1446/9/4
f 1445/6/4 1426/6/4 1446/6/4
f 1406/7/4 1427/7/4 1447/7/4
f 1446/9/4 1406/9/4 1447/9/4
f 1427/8/4 1428/8/4 1448/8/4
f 1447/7/4 1427/7/4 1448/7/4
f 1428/6/4 1429/6/4 1449/6/4
f 1448/8/4 1428/8/4 1449/8/4
f 1429/7/4 1430/7/4 1450/7/4
f 1449/6/4 1429/6/4 1450/6/4
f 1431/7/4 1432/7/4 1451/7/4
f 1430/8/4 1431/8/4 1451/8/4
f 1432/8/4 1413/8/4 1452/8/4
f 1451/7/4 1432/7/4 1452/7/4
f 1452/8/4 1413/8/4 1453/8/4
f 1392/6/4 1433/6/4 1454/6/4
f 1433/7/4 1434/7/4 1455/7/4
f 1454/6/4 1433/6/4 1455/6/4
f 1435/8/4 1436/8/4 1456/8/4
f 1455/7/4 1434/7/4 1456/7/4
f 1434/8/4 1435/8/4 1456/8/4
f 1456/8/4 1436/8/4 1457/8/4
f 1437/6/4 1438/6/4 1458/6/4
f 1457/8/4 1436/8/4 1458/8/4
f 1436/6/4 1437/6/4 1458/6/4
f 1438/7/4 1439/7/4 1459/7/4
f 1458/6/4 1438/6/4 1459/6/4
f 1439/9/4 1440/9/4 1460/9/4
f 1459/7/4 1439/7/4 1460/7/4
f 1460/9/4 1440/9/4 1461/9/4
f 1440/6/4 1441/6/4 1462/6/4
f 1461/9/4 1440/9/4 1462/9/4
f 1441/7/4 1442/7/4 1463/7/4
f 1462/6/4 1441/6/4 1463/6/4
f 1442/8/4 1443/8/4 1464/8/4
f 1463/7/4 1442/7/4 1464/7/4
f 1444/6/4 1445/6/4 1465/6/4
f 1464/8/4 1443/8/4 1465/8/4
f 1443/6/4 1444/6/4 1465/6/4
f 1445/7/4 1446/7/4 1466/7/4
f 1465/6/4 1445/6/4 1466/6/4
f 1446/7/4 1447/7/4 1466/7/4
f 1466/7/4 1447/7/4 1467/7/4
f 1448/9/4 1449/9/4 1468/9/4
f 1467/7/4 1447/7/4 1468/7/4
f 1447/9/4 1448/9/4 1468/9/4
f 1468/9/4 1449/9/4 1469/9/4
f 1449/7/4 1450/7/4 1470/7/4
f 1469/9/4 1449/9/4 1470/9/4
f 1430/8/4 1451/8/4 1471/8/4
f 1470/7/4 1450/7/4 1471/7/4
f 1450/7/4 1430/7/4 1471/7/4
f 1452/9/4 1453/9/4 1472/9/4
f 1471/8/4 1451/8/4 1472/8/4
f 1451/9/4 1452/9/4 1472/9/4
f 1472/9/4 1453/9/4 1473/9/4
f 1473/9/4 1453/9/4 1474/9/4
f 1454/9/4 1455/9/4 1475/9/4
f 1456/6/4 1457/6/4 1475/6/4
f 1455/6/4 1456/6/4 1475/6/4
f 1475/6/4 1457/6/4 1476/6/4
f 1458/6/4 1459/6/4 1477/6/4
f 1459/9/4 1460/9/4 1478/9/4
f 1477/6/4 1459/6/4 1478/6/4
f 1460/6/4 1461/6/4 1479/6/4
f 1478/9/4 1460/9/4 1479/9/4
f 1461/9/4 1462/9/4 1480/9/4
f 1479/6/4 1461/6/4 1480/6/4
f 1463/8/4 1464/8/4 1481/8/4
f 1480/9/4 1462/9/4 1481/9/4
f 1462/8/4 1463/8/4 1481/8/4
f 1481/8/4 1464/8/4 1482/8/4
f 1464/6/4 1465/6/4 1483/6/4
f 1482/8/4 1464/8/4 1483/8/4
f 1465/6/4 1466/6/4 1483/6/4
f 1483/6/4 1466/6/4 1484/6/4
f 1466/8/4 1467/8/4 1485/8/4
f 1484/6/4 1466/6/4 1485/6/4
f 1467/6/4 1468/6/4 1486/6/4
f 1485/8/4 1467/8/4 1486/8/4
f 1468/6/4 1469/6/4 1486/6/4
f 1486/6/4 1469/6/4 1487/6/4
f 1469/8/4 1470/8/4 1488/8/4
f 1487/6/4 1469/6/4 1488/6/4
f 1488/8/4 1470/8/4 1489/8/4
f 1470/6/4 1471/6/4 1490/6/4
f 1489/8/4 1470/8/4 1490/8/4
f 1471/6/4 1472/6/4 1490/6/4
f 1490/6/4 1472/6/4 1491/6/4
f 1491/6/4 1472/6/4 1492/6/4
f 1472/7/4 1473/7/4 1493/7/4
f 1492/6/4 1472/6/4 1493/6/4
f 1473/6/4 1474/6/4 1494/6/4
f 1493/7/4 1473/7/4 1494/7/4
f 1494/6/4 1474/6/4 1495/6/4
f 1475/9/4 1476/9/4 1496/9/4
f 1454/9/4 1475/9/4 1496/9/4
f 1476/6/4 1457/6/4 1497/6/4
f 1496/9/4 1476/9/4 1497/9/4
f 1457/9/4 1458/9/4 1498/9/4
f 1497/6/4 1457/6/4 1498/6/4
f 1458/6/4 1477/6/4 1499/6/4
f 1498/9/4 1458/9/4 1499/9/4
f 1477/8/4 1478/8/4 1500/8/4
f 1499/6/4 1477/6/4 1500/6/4
f 1479/9/4 1480/9/4 1501/9/4
f 1500/8/4 1478/8/4 1501/8/4
f 1478/9/4 1479/9/4 1501/9/4
f 1501/9/4 1480/9/4 1502/9/4
f 1481/9/4 1482/9/4 1503/9/4
f 1480/8/4 1481/8/4 1503/8/4
f 1483/8/4 1484/8/4 1504/8/4
f 1503/9/4 1482/9/4 1504/9/4
f 1482/8/4 1483/8/4 1504/8/4
f 1504/8/4 1484/8/4 1505/8/4
f 1484/7/4 1485/7/4 1506/7/4
f 1505/8/4 1484/8/4 1506/8/4
f 1485/6/4 1486/6/4 1507/6/4
f 1506/7/4 1485/7/4 1507/7/4
f 1486/7/4 1487/7/4 1508/7/4
f 1507/6/4 1486/6/4 1508/6/4
f 1488/9/4 1489/9/4 1509/9/4
f 1508/7/4 1487/7/4 1509/7/4
f 1487/9/4 1488/9/4 1509/9/4
f 1509/9/4 1489/9/4 1510/9/4
f 1489/7/4 1490/7/4 1511/7/4
f 1510/9/4 1489/9/4 1511/9/4
f 1492/8/4 1493/8/4 1512/8/4
f 1493/7/4 1494/7/4 1512/7/4
f 1494/9/4 1495/9/4 1513/9/4
f 1512/7/4 1494/7/4 1513/7/4
f 1513/9/4 1495/9/4 1514/9/4
f 1454/9/4 1496/9/4 1525/9/4
f 1497/7/4 1498/7/4 1526/7/4
f 1496/8/4 1497/8/4 1526/8/4
f 1498/9/4 1499/9/4 1527/9/4
f 1526/7/4 1498/7/4 1527/7/4
f 1499/9/4 1500/9/4 1527/9/4
f 1501/6/4 1502/6/4 1528/6/4
f 1500/6/4 1501/6/4 1528/6/4
f 1502/9/4 1480/9/4 1529/9/4
f 1528/6/4 1502/6/4 1529/6/4
f 1480/8/4 1503/8/4 1530/8/4
f 1529/9/4 1480/9/4 1530/9/4
f 1503/7/4 1504/7/4 1531/7/4
f 1530/8/4 1503/8/4 1531/8/4
f 1504/6/4 1505/6/4 1532/6/4
f 1531/7/4 1504/7/4 1532/7/4
f 1532/6/4 1505/6/4 1533/6/4
f 1507/9/4 1508/9/4 1534/9/4
f 1533/6/4 1505/6/4 1534/6/4
f 1506/9/4 1507/9/4 1534/9/4
f 1505/9/4 1506/9/4 1534/9/4
f 1508/9/4 1509/9/4 1534/9/4
f 1534/9/4 1509/9/4 1535/9/4
f 1535/9/4 1509/9/4 1536/9/4
f 1536/9/4 1509/9/4 1537/9/4
f 1509/8/4 1510/8/4 1538/8/4
f 1537/9/4 1509/9/4 1538/9/4
f 1510/6/4 1511/6/4 1539/6/4
f 1538/8/4 1510/8/4 1539/8/4
f 1511/7/4 1490/7/4 1540/7/4
f 1539/6/4 1511/6/4 1540/6/4
f 1490/9/4 1491/9/4 1541/9/4
f 1540/7/4 1490/7/4 1541/7/4
f 1491/6/4 1492/6/4 1542/6/4
f 1541/9/4 1491/9/4 1542/9/4
f 1492/8/4 1512/8/4 1543/8/4
f 1542/6/4 1492/6/4 1543/6/4
f 1512/9/4 1513/9/4 1544/9/4
f 1543/8/4 1512/8/4 1544/8/4
f 1513/6/4 1514/6/4 1545/6/4
f 1544/9/4 1513/9/4 1545/9/4
f 1545/6/4 1514/6/4 1546/6/4
f 1515/7/4 1516/7/4 1547/7/4
f 1516/6/4 1517/6/4 1548/6/4
f 1547/7/4 1516/7/4 1548/7/4
f 1548/6/4 1517/6/4 1549/6/4
f 1517/8/4 1518/8/4 1550/8/4
f 1549/6/4 1517/6/4 1550/6/4
f 1518/6/4 1519/6/4 1551/6/4
f 1550/8/4 1518/8/4 1551/8/4
f 1519/9/4 1520/9/4 1552/9/4
f 1520/7/4 1521/7/4 1552/7/4
f 1521/8/4 1522/8/4 1553/8/4
f 1552/7/4 1521/7/4 1553/7/4
f 1522/9/4 1523/9/4 1554/9/4
f 1554/9/4 1523/9/4 1555/9/4
f 1523/7/4 1524/7/4 1556/7/4
f 1555/9/4 1523/9/4 1556/9/4
f 1556/7/4 1524/7/4 1557/7/4
f 1524/9/4 1525/9/4 1558/9/4
f 1557/7/4 1524/7/4 1558/7/4
f 1525/9/4 1496/9/4 1559/9/4
f 1558/9/4 1525/9/4 1559/9/4
f 1496/8/4 1526/8/4 1560/8/4
f 1559/9/4 1496/9/4 1560/9/4
f 1526/6/4 1527/6/4 1561/6/4
f 1560/8/4 1526/8/4 1561/8/4
f 1527/9/4 1500/9/4 1562/9/4
f 1561/6/4 1527/6/4 1562/6/4
f 1500/6/4 1528/6/4 1563/6/4
f 1562/9/4 1500/9/4 1563/9/4
f 1528/9/4 1529/9/4 1564/9/4
f 1563/6/4 1528/6/4 1564/6/4
f 1529/9/4 1530/9/4 1564/9/4
f 1564/9/4 1530/9/4 1565/9/4
f 1531/6/4 1532/6/4 1566/6/4
f 1565/9/4 1530/9/4 1566/9/4
f 1530/6/4 1531/6/4 1566/6/4
f 1532/8/4 1533/8/4 1567/8/4
f 1566/6/4 1532/6/4 1567/6/4
f 1533/9/4 1534/9/4 1568/9/4
f 1567/8/4 1533/8/4 1568/8/4
f 1534/7/4 1535/7/4 1569/7/4
f 1568/9/4 1534/9/4 1569/9/4
f 1535/9/4 1536/9/4 1570/9/4
f 1569/7/4 1535/7/4 1570/7/4
f 1536/7/4 1537/7/4 1571/7/4
f 1570/9/4 1536/9/4 1571/9/4
f 1538/6/4 1539/6/4 1572/6/4
f 1571/7/4 1537/7/4 1572/7/4
f 1537/6/4 1538/6/4 1572/6/4
f 1572/6/4 1539/6/4 1573/6/4
f 1539/7/4 1540/7/4 1574/7/4
f 1573/6/4 1539/6/4 1574/6/4
f 1540/8/4 1541/8/4 1575/8/4
f 1574/7/4 1540/7/4 1575/7/4
f 1541/7/4 1542/7/4 1576/7/4
f 1575/8/4 1541/8/4 1576/8/4
f 1542/9/4 1543/9/4 1577/9/4
f 1576/7/4 1542/7/4 1577/7/4
f 1543/8/4 1544/8/4 1578/8/4
f 1577/9/4 1543/9/4 1578/9/4
f 1544/8/4 1545/8/4 1578/8/4
f 1547/9/4 1548/9/4 1579/9/4
f 1548/6/4 1549/6/4 1580/6/4
f 1579/9/4 1548/9/4 1580/9/4
f 1549/9/4 1550/9/4 1581/9/4
f 1580/6/4 1549/6/4 1581/6/4
f 1550/6/4 1551/6/4 1582/6/4
f 1581/9/4 1550/9/4 1582/9/4
f 1519/9/4 1552/9/4 1583/9/4
f 1582/6/4 1551/6/4 1583/6/4
f 1551/6/4 1519/6/4 1583/6/4
f 1552/6/4 1553/6/4 1584/6/4
f 1583/9/4 1552/9/4 1584/9/4
f 1553/8/4 1522/8/4 1585/8/4
f 1584/6/4 1553/6/4 1585/6/4
f 1522/9/4 1554/9/4 1586/9/4
f 1585/8/4 1522/8/4 1586/8/4
f 1554/7/4 1555/7/4 1587/7/4
f 1586/9/4 1554/9/4 1587/9/4
f 1556/9/4 1557/9/4 1588/9/4
f 1587/7/4 1555/7/4 1588/7/4
f 1555/9/4 1556/9/4 1588/9/4
f 1557/6/4 1558/6/4 1589/6/4
f 1588/9/4 1557/9/4 1589/9/4
f 1558/7/4 1559/7/4 1590/7/4
f 1589/6/4 1558/6/4 1590/6/4
f 1559/8/4 1560/8/4 1591/8/4
f 1590/7/4 1559/7/4 1591/7/4
f 1560/6/4 1561/6/4 1592/6/4
f 1591/8/4 1560/8/4 1592/8/4
f 1561/8/4 1562/8/4 1593/8/4
f 1592/6/4 1561/6/4 1593/6/4
f 1562/6/4 1563/6/4 1594/6/4
f 1593/8/4 1562/8/4 1594/8/4
f 1563/9/4 1564/9/4 1595/9/4
f 1594/6/4 1563/6/4 1595/6/4
f 1564/8/4 1565/8/4 1596/8/4
f 1595/9/4 1564/9/4 1596/9/4
f 1565/9/4 1566/9/4 1597/9/4
f 1596/8/4 1565/8/4 1597/8/4
f 1566/8/4 1567/8/4 1598/8/4
f 1597/9/4 1566/9/4 1598/9/4
f 1567/7/4 1568/7/4 1599/7/4
f 1598/8/4 1567/8/4 1599/8/4
f 1569/9/4 1570/9/4 1600/9/4
f 1599/7/4 1568/7/4 1600/7/4
f 1568/9/4 1569/9/4 1600/9/4
f 1570/8/4 1571/8/4 1601/8/4
f 1600/9/4 1570/9/4 1601/9/4
f 1571/6/4 1572/6/4 1602/6/4
f 1601/8/4 1571/8/4 1602/8/4
f 1572/7/4 1573/7/4 1603/7/4
f 1602/6/4 1572/6/4 1603/6/4
f 1573/9/4 1574/9/4 1604/9/4
f 1603/7/4 1573/7/4 1604/7/4
f 1574/8/4 1575/8/4 1605/8/4
f 1604/9/4 1574/9/4 1605/9/4
f 1575/6/4 1576/6/4 1606/6/4
f 1605/8/4 1575/8/4 1606/8/4
f 1576/8/4 1577/8/4 1607/8/4
f 1606/6/4 1576/6/4 1607/6/4
f 1577/6/4 1578/6/4 1608/6/4
f 1607/8/4 1577/8/4 1608/8/4
f 1578/8/4 1545/8/4 1609/8/4
f 1608/6/4 1578/6/4 1609/6/4
f 1545/7/4 1546/7/4 1610/7/4
f 1609/8/4 1545/8/4 1610/8/4
f 1610/7/4 1546/7/4 1611/7/4
f 1618/9/5 1613/9/5 1612/9/5
f 1619/6/5 1614/6/5 1613/6/5
f 1619/9/5 1613/9/5 1618/9/5
f 1620/6/5 1614/6/5 1619/6/5
f 1621/8/5 1616/8/5 1615/8/5
f 1622/7/5 1617/7/5 1616/7/5
f 1622/8/5 1616/8/5 1621/8/5
f 1623/7/5 1617/7/5 1622/7/5
f 1624/6/5 1619/6/5 1618/6/5
f 1625/9/5 1620/9/5 1619/9/5
f 1625/6/5 1619/6/5 1624/6/5
f 1626/9/5 1620/9/5 1625/9/5
f 1627/6/5 1622/6/5 1621/6/5
f 1627/6/5 1623/6/5 1622/6/5
f 1628/6/5 1623/6/5 1627/6/5
f 1635/8/5 1630/8/5 1629/8/5
f 1636/9/5 1631/9/5 1630/9/5
f 1636/8/5 1630/8/5 1635/8/5
f 1637/9/5 1631/9/5 1636/9/5
f 1638/8/5 1634/8/5 1633/8/5
f 1638/7/5 1633/7/5 1632/7/5
f 1639/8/5 1634/8/5 1638/8/5
f 1640/9/5 1636/9/5 1635/9/5
f 1641/6/5 1637/6/5 1636/6/5
f 1641/9/5 1636/9/5 1640/9/5
f 1642/6/5 1637/6/5 1641/6/5
f 1643/7/5 1638/7/5 1632/7/5
f 1644/9/5 1639/9/5 1638/9/5
f 1644/7/5 1638/7/5 1643/7/5
f 1645/9/5 1639/9/5 1644/9/5
f 1657/9/5 1647/9/5 1646/9/5
f 1657/7/5 1648/7/5 1647/7/5
f 1658/7/5 1648/7/5 1657/7/5
f 1659/9/5 1649/9/5 1648/9/5
f 1659/7/5 1648/7/5 1658/7/5
f 1660/6/5 1650/6/5 1649/6/5
f 1660/9/5 1649/9/5 1659/9/5
f 1661/9/5 1651/9/5 1650/9/5
f 1661/6/5 1650/6/5 1660/6/5
f 1662/8/5 1652/8/5 1651/8/5
f 1662/9/5 1651/9/5 1661/9/5
f 1663/9/5 1653/9/5 1652/9/5
f 1663/8/5 1652/8/5 1662/8/5
f 1664/7/5 1654/7/5 1653/7/5
f 1664/9/5 1653/9/5 1663/9/5
f 1665/6/5 1655/6/5 1654/6/5
f 1665/7/5 1654/7/5 1664/7/5
f 1666/9/5 1656/9/5 1655/9/5
f 1666/6/5 1655/6/5 1665/6/5
f 1667/9/5 1656/9/5 1666/9/5
f 1670/9/5 1657/9/5 1646/9/5
f 1671/8/5 1658/8/5 1657/8/5
f 1671/9/5 1657/9/5 1670/9/5
f 1672/7/5 1659/7/5 1658/7/5
f 1672/8/5 1658/8/5 1671/8/5
f 1673/8/5 1660/8/5 1659/8/5
f 1673/7/5 1659/7/5 1672/7/5
f 1674/6/5 1661/6/5 1660/6/5
f 1674/8/5 1660/8/5 1673/8/5
f 1675/7/5 1664/7/5 1663/7/5
f 1675/6/5 1661/6/5 1674/6/5
f 1675/7/5 1662/7/5 1661/7/5
f 1675/7/5 1663/7/5 1662/7/5
f 1676/7/5 1664/7/5 1675/7/5
f 1677/7/5 1664/7/5 1676/7/5
f 1678/9/5 1665/9/5 1664/9/5
f 1678/7/5 1664/7/5 1677/7/5
f 1679/7/5 1666/7/5 1665/7/5
f 1679/9/5 1665/9/5 1678/9/5
f 1680/6/5 1667/6/5 1666/6/5
f 1680/7/5 1666/7/5 1679/7/5
f 1681/6/5 1667/6/5 1680/6/5
f 1684/8/5 1670/8/5 1669/8/5
f 1684/8/5 1671/8/5 1670/8/5
f 1684/8/5 1669/8/5 1668/8/5
f 1685/8/5 1671/8/5 1684/8/5
f 1686/7/5 1672/7/5 1671/7/5
f 1686/8/5 1671/8/5 1685/8/5
f 1687/9/5 1673/9/5 1672/9/5
f 1687/7/5 1672/7/5 1686/7/5
f 1688/8/5 1674/8/5 1673/8/5
f 1688/9/5 1673/9/5 1687/9/5
f 1689/9/5 1675/9/5 1674/9/5
f 1689/8/5 1674/8/5 1688/8/5
f 1690/6/5 1677/6/5 1676/6/5
f 1690/8/5 1676/8/5 1675/8/5
f 1691/6/5 1677/6/5 1690/6/5
f 1692/9/5 1678/9/5 1677/9/5
f 1692/6/5 1677/6/5 1691/6/5
f 1693/6/5 1679/6/5 1678/6/5
f 1693/9/5 1678/9/5 1692/9/5
f 1694/7/5 1682/7/5 1681/7/5
f 1694/6/5 1679/6/5 1693/6/5
f 1694/7/5 1681/7/5 1680/7/5
f 1694/7/5 1680/7/5 1679/7/5
f 1695/7/5 1682/7/5 1694/7/5
f 1696/9/5 1683/9/5 1682/9/5
f 1696/7/5 1682/7/5 1695/7/5
f 1697/8/5 1684/8/5 1668/8/5
f 1698/9/5 1685/9/5 1684/9/5
f 1698/8/5 1684/8/5 1697/8/5
f 1699/6/5 1686/6/5 1685/6/5
f 1699/9/5 1685/9/5 1698/9/5
f 1700/9/5 1687/9/5 1686/9/5
f 1700/6/5 1686/6/5 1699/6/5
f 1701/8/5 1688/8/5 1687/8/5
f 1701/9/5 1687/9/5 1700/9/5
f 1702/9/5 1689/9/5 1688/9/5
f 1702/8/5 1688/8/5 1701/8/5
f 1703/9/5 1675/9/5 1689/9/5
f 1703/9/5 1689/9/5 1702/9/5
f 1704/8/5 1690/8/5 1675/8/5
f 1704/9/5 1675/9/5 1703/9/5
f 1704/8/5 1691/8/5 1690/8/5
f 1705/8/5 1691/8/5 1704/8/5
f 1706/6/5 1692/6/5 1691/6/5
f 1706/8/5 1691/8/5 1705/8/5
f 1707/8/5 1693/8/5 1692/8/5
f 1707/6/5 1692/6/5 1706/6/5
f 1707/8/5 1694/8/5 1693/8/5
f 1708/7/5 1695/7/5 1694/7/5
f 1708/8/5 1694/8/5 1707/8/5
f 1709/8/5 1696/8/5 1695/8/5
f 1709/7/5 1695/7/5 1708/7/5
f 1710/8/5 1696/8/5 1709/8/5
f 1711/9/5 1683/9/5 1696/9/5
f 1711/8/5 1696/8/5 1710/8/5
f 1712/9/5 1683/9/5 1711/9/5
f 1713/9/5 1698/9/5 1697/9/5
f 1714/6/5 1699/6/5 1698/6/5
f 1714/9/5 1698/9/5 1713/9/5
f 1715/8/5 1700/8/5 1699/8/5
f 1715/6/5 1699/6/5 1714/6/5
f 1716/6/5 1701/6/5 1700/6/5
f 1716/8/5 1700/8/5 1715/8/5
f 1717/9/5 1702/9/5 1701/9/5
f 1717/6/5 1701/6/5 1716/6/5
f 1718/6/5 1703/6/5 1702/6/5
f 1718/9/5 1702/9/5 1717/9/5
f 1719/9/5 1704/9/5 1703/9/5
f 1719/6/5 1703/6/5 1718/6/5
f 1720/6/5 1705/6/5 1704/6/5
f 1720/9/5 1704/9/5 1719/9/5
f 1721/8/5 1706/8/5 1705/8/5
f 1721/6/5 1705/6/5 1720/6/5
f 1722/9/5 1707/9/5 1706/9/5
f 1722/8/5 1706/8/5 1721/8/5
f 1723/8/5 1708/8/5 1707/8/5
f 1723/9/5 1707/9/5 1722/9/5
f 1724/8/5 1708/8/5 1723/8/5
f 1725/6/5 1709/6/5 1708/6/5
f 1725/8/5 1708/8/5 1724/8/5
f 1726/9/5 1710/9/5 1709/9/5
f 1726/6/5 1709/6/5 1725/6/5
f 1727/8/5 1711/8/5 1710/8/5
f 1727/9/5 1710/9/5 1726/9/5
f 1728/6/5 1712/6/5 1711/6/5
f 1728/8/5 1711/8/5 1727/8/5
f 1729/6/5 1712/6/5 1728/6/5
f 1730/8/5 1714/8/5 1713/8/5
f 1730/8/5 1715/8/5 1714/8/5
f 1731/6/5 1716/6/5 1715/6/5
f 1731/8/5 1715/8/5 1730/8/5
f 1731/6/5 1717/6/5 1716/6/5
f 1731/6/5 1718/6/5 1717/6/5
f 1732/7/5 1719/7/5 1718/7/5
f 1732/6/5 1718/6/5 1731/6/5
f 1733/6/5 1720/6/5 1719/6/5
f 1733/7/5 1719/7/5 1732/7/5
f 1734/9/5 1721/9/5 1720/9/5
f 1734/6/5 1720/6/5 1733/6/5
f 1734/9/5 1722/9/5 1721/9/5
f 1735/9/5 1722/9/5 1734/9/5
f 1736/8/5 1723/8/5 1722/8/5
f 1736/9/5 1722/9/5 1735/9/5
f 1737/6/5 1724/6/5 1723/6/5
f 1737/8/5 1723/8/5 1736/8/5
f 1738/9/5 1725/9/5 1724/9/5
f 1738/6/5 1724/6/5 1737/6/5
f 1739/8/5 1726/8/5 1725/8/5
f 1739/9/5 1725/9/5 1738/9/5
f 1740/6/5 1728/6/5 1727/6/5
f 1740/8/5 1726/8/5 1739/8/5
f 1740/6/5 1727/6/5 1726/6/5
f 1741/6/5 1728/6/5 1740/6/5
f 1742/9/5 1729/9/5 1728/9/5
f 1742/6/5 1728/6/5 1741/6/5
f 1743/9/5 1729/9/5 1742/9/5
f 1744/8/5 1730/8/5 1713/8/5
f 1744/9/5 1732/9/5 1731/9/5
f 1744/9/5 1731/9/5 1730/9/5
f 1745/9/5 1732/9/5 1744/9/5
f 1746/9/5 1732/9/5 1745/9/5
f 1747/8/5 1733/8/5 1732/8/5
f 1747/9/5 1732/9/5 1746/9/5
f 1748/7/5 1734/7/5 1733/7/5
f 1748/8/5 1733/8/5 1747/8/5
f 1749/8/5 1735/8/5 1734/8/5
f 1749/7/5 1734/7/5 1748/7/5
f 1750/6/5 1736/6/5 1735/6/5
f 1750/8/5 1735/8/5 1749/8/5
f 1751/7/5 1737/7/5 1736/7/5
f 1751/6/5 1736/6/5 1750/6/5
f 1751/7/5 1738/7/5 1737/7/5
f 1752/7/5 1738/7/5 1751/7/5
f 1753/6/5 1739/6/5 1738/6/5
f 1753/7/5 1738/7/5 1752/7/5
f 1753/6/5 1740/6/5 1739/6/5
f 1754/6/5 1740/6/5 1753/6/5
f 1755/9/5 1741/9/5 1740/9/5
f 1755/6/5 1740/6/5 1754/6/5
f 1756/6/5 1743/6/5 1742/6/5
f 1756/9/5 1741/9/5 1755/9/5
f 1756/6/5 1742/6/5 1741/6/5
f 1757/6/5 1743/6/5 1756/6/5
f 1758/6/5 1743/6/5 1757/6/5
f 1759/8/5 1745/8/5 1744/8/5
f 1759/8/5 1744/8/5 1713/8/5
f 1760/8/5 1745/8/5 1759/8/5
f 1761/6/5 1746/6/5 1745/6/5
f 1761/8/5 1745/8/5 1760/8/5
f 1762/6/5 1746/6/5 1761/6/5
f 1763/8/5 1747/8/5 1746/8/5
f 1763/6/5 1746/6/5 1762/6/5
f 1764/6/5 1748/6/5 1747/6/5
f 1764/8/5 1747/8/5 1763/8/5
f 1765/7/5 1749/7/5 1748/7/5
f 1765/6/5 1748/6/5 1764/6/5
f 1766/6/5 1750/6/5 1749/6/5
f 1766/7/5 1749/7/5 1765/7/5
f 1767/8/5 1751/8/5 1750/8/5
f 1767/6/5 1750/6/5 1766/6/5
f 1768/9/5 1752/9/5 1751/9/5
f 1768/8/5 1751/8/5 1767/8/5
f 1769/8/5 1753/8/5 1752/8/5
f 1769/9/5 1752/9/5 1768/9/5
f 1770/6/5 1754/6/5 1753/6/5
f 1770/8/5 1753/8/5 1769/8/5
f 1771/9/5 1755/9/5 1754/9/5
f 1771/7/5 1756/7/5 1755/7/5
f 1772/6/5 1757/6/5 1756/6/5
f 1772/7/5 1756/7/5 1771/7/5
f 1773/8/5 1758/8/5 1757/8/5
f 1773/6/5 1757/6/5 1772/6/5
f 1774/8/5 1758/8/5 1773/8/5
f 1775/6/5 1760/6/5 1759/6/5
f 1776/9/5 1762/9/5 1761/9/5
f 1776/6/5 1760/6/5 1775/6/5
f 1776/9/5 1761/9/5 1760/9/5
f 1777/8/5 1763/8/5 1762/8/5
f 1777/9/5 1762/9/5 1776/9/5
f 1778/9/5 1764/9/5 1763/9/5
f 1778/8/5 1763/8/5 1777/8/5
f 1779/7/5 1765/7/5 1764/7/5
f 1779/9/5 1764/9/5 1778/9/5
f 1780/6/5 1766/6/5 1765/6/5
f 1780/7/5 1765/7/5 1779/7/5
f 1781/7/5 1767/7/5 1766/7/5
f 1781/6/5 1766/6/5 1780/6/5
f 1782/6/5 1768/6/5 1767/6/5
f 1782/7/5 1767/7/5 1781/7/5
f 1783/8/5 1769/8/5 1768/8/5
f 1783/6/5 1768/6/5 1782/6/5
f 1784/7/5 1770/7/5 1769/7/5
f 1784/8/5 1769/8/5 1783/8/5
f 1785/6/5 1754/6/5 1770/6/5
f 1785/7/5 1770/7/5 1784/7/5
f 1786/9/5 1771/9/5 1754/9/5
f 1786/6/5 1754/6/5 1785/6/5
f 1787/8/5 1772/8/5 1771/8/5
f 1787/9/5 1771/9/5 1786/9/5
f 1788/9/5 1774/9/5 1773/9/5
f 1788/8/5 1772/8/5 1787/8/5
f 1788/9/5 1773/9/5 1772/9/5
f 1789/9/5 1774/9/5 1788/9/5
f 1790/7/5 1778/7/5 1777/7/5
f 1790/7/5 1776/7/5 1775/7/5
f 1790/7/5 1777/7/5 1776/7/5
f 1790/7/5 1779/7/5 1778/7/5
f 1791/7/5 1779/7/5 1790/7/5
f 1792/7/5 1779/7/5 1791/7/5
f 1793/7/5 1779/7/5 1792/7/5
f 1794/7/5 1779/7/5 1793/7/5
f 1795/8/5 1780/8/5 1779/8/5
f 1795/7/5 1779/7/5 1794/7/5
f 1796/9/5 1784/9/5 1783/9/5
f 1796/8/5 1780/8/5 1795/8/5
f 1796/9/5 1781/9/5 1780/9/5
f 1796/9/5 1782/9/5 1781/9/5
f 1796/9/5 1783/9/5 1782/9/5
f 1797/9/5 1784/9/5 1796/9/5
f 1798/9/5 1784/9/5 1797/9/5
f 1799/9/5 1784/9/5 1798/9/5
f 1800/6/5 1786/6/5 1785/6/5
f 1800/9/5 1784/9/5 1799/9/5
f 1800/6/5 1785/6/5 1784/6/5
f 1801/6/5 1786/6/5 1800/6/5
f 1802/7/5 1787/7/5 1786/7/5
f 1802/6/5 1786/6/5 1801/6/5
f 1803/8/5 1788/8/5 1787/8/5
f 1803/7/5 1787/7/5 1802/7/5
f 1804/6/5 1789/6/5 1788/6/5
f 1804/8/5 1788/8/5 1803/8/5
f 1805/6/5 1789/6/5 1804/6/5
f 1806/6/5 1789/6/5 1805/6/5
f 1807/6/5 1791/6/5 1790/6/5
f 1808/9/5 1792/9/5 1791/9/5
f 1808/6/5 1791/6/5 1807/6/5
f 1809/6/5 1793/6/5 1792/6/5
f 1809/9/5 1792/9/5 1808/9/5
f 1810/8/5 1794/8/5 1793/8/5
f 1810/6/5 1793/6/5 1809/6/5
f 1811/6/5 1795/6/5 1794/6/5
f 1811/8/5 1794/8/5 1810/8/5
f 1812/8/5 1796/8/5 1795/8/5
f 1812/6/5 1795/6/5 1811/6/5
f 1813/6/5 1797/6/5 1796/6/5
f 1813/8/5 1796/8/5 1812/8/5
f 1814/8/5 1798/8/5 1797/8/5
f 1814/6/5 1797/6/5 1813/6/5
f 1815/7/5 1799/7/5 1798/7/5
f 1815/8/5 1798/8/5 1814/8/5
f 1816/9/5 1801/9/5 1800/9/5
f 1816/7/5 1799/7/5 1815/7/5
f 1816/9/5 1800/9/5 1799/9/5
f 1817/9/5 1801/9/5 1816/9/5
f 1818/6/5 1803/6/5 1802/6/5
f 1818/9/5 1801/9/5 1817/9/5
f 1818/6/5 1802/6/5 1801/6/5
f 1819/6/5 1803/6/5 1818/6/5
f 1820/9/5 1804/9/5 1803/9/5
f 1820/6/5 1803/6/5 1819/6/5
f 1821/6/5 1805/6/5 1804/6/5
f 1821/9/5 1804/9/5 1820/9/5
f 1822/8/5 1808/8/5 1807/8/5
f 1823/6/5 1809/6/5 1808/6/5
f 1823/8/5 1808/8/5 1822/8/5
f 1824/8/5 1810/8/5 1809/8/5
f 1824/6/5 1809/6/5 1823/6/5
f 1825/9/5 1811/9/5 1810/9/5
f 1825/8/5 1810/8/5 1824/8/5
f 1826/8/5 1812/8/5 1811/8/5
f 1826/9/5 1811/9/5 1825/9/5
f 1827/9/5 1813/9/5 1812/9/5
f 1827/8/5 1812/8/5 1826/8/5
f 1828/9/5 1816/9/5 1815/9/5
f 1828/9/5 1815/9/5 1814/9/5
f 1828/7/5 1814/7/5 1813/7/5
f 1829/9/5 1816/9/5 1828/9/5
f 1830/6/5 1817/6/5 1816/6/5
f 1830/9/5 1816/9/5 1829/9/5
f 1831/7/5 1818/7/5 1817/7/5
f 1831/6/5 1817/6/5 1830/6/5
f 1832/9/5 1819/9/5 1818/9/5
f 1832/7/5 1818/7/5 1831/7/5
f 1833/7/5 1820/7/5 1819/7/5
f 1833/9/5 1819/9/5 1832/9/5
f 1834/8/5 1821/8/5 1820/8/5
f 1834/7/5 1820/7/5 1833/7/5
f 1835/6/5 1805/6/5 1821/6/5
f 1835/8/5 1821/8/5 1834/8/5
f 1836/6/5 1823/6/5 1822/6/5
f 1836/6/5 1824/6/5 1823/6/5
f 1837/6/5 1824/6/5 1836/6/5
f 1838/7/5 1826/7/5 1825/7/5
f 1838/6/5 1824/6/5 1837/6/5
f 1838/7/5 1825/7/5 1824/7/5
f 1839/7/5 1826/7/5 1838/7/5
f 1840/6/5 1827/6/5 1826/6/5
f 1840/7/5 1826/7/5 1839/7/5
f 1841/9/5 1813/9/5 1827/9/5
f 1841/6/5 1827/6/5 1840/6/5
f 1842/7/5 1829/7/5 1828/7/5
f 1842/9/5 1813/9/5 1841/9/5
f 1842/7/5 1828/7/5 1813/7/5
f 1843/7/5 1829/7/5 1842/7/5
f 1844/6/5 1830/6/5 1829/6/5
f 1844/7/5 1829/7/5 1843/7/5
f 1845/8/5 1831/8/5 1830/8/5
f 1845/6/5 1830/6/5 1844/6/5
f 1846/9/5 1832/9/5 1831/9/5
f 1846/8/5 1831/8/5 1845/8/5
f 1847/8/5 1833/8/5 1832/8/5
f 1847/9/5 1832/9/5 1846/9/5
f 1848/9/5 1834/9/5 1833/9/5
f 1848/8/5 1833/8/5 1847/8/5
f 1848/9/5 1835/9/5 1834/9/5
f 1849/6/5 1805/6/5 1835/6/5
f 1849/9/5 1835/9/5 1848/9/5
f 1850/8/5 1837/8/5 1836/8/5
f 1851/6/5 1839/6/5 1838/6/5
f 1851/8/5 1837/8/5 1850/8/5
f 1851/6/5 1838/6/5 1837/6/5
f 1852/6/5 1839/6/5 1851/6/5
f 1853/9/5 1841/9/5 1840/9/5
f 1853/6/5 1839/6/5 1852/6/5
f 1853/9/5 1840/9/5 1839/9/5
f 1854/9/5 1841/9/5 1853/9/5
f 1855/8/5 1842/8/5 1841/8/5
f 1855/6/5 1843/6/5 1842/6/5
f 1856/7/5 1844/7/5 1843/7/5
f 1856/6/5 1843/6/5 1855/6/5
f 1856/7/5 1845/7/5 1844/7/5
f 1857/7/5 1845/7/5 1856/7/5
f 1858/6/5 1846/6/5 1845/6/5
f 1858/7/5 1845/7/5 1857/7/5
f 1859/9/5 1848/9/5 1847/9/5
f 1859/6/5 1846/6/5 1858/6/5
f 1859/9/5 1847/9/5 1846/9/5
f 1860/6/5 1849/6/5 1848/6/5
f 1860/9/5 1848/9/5 1859/9/5
f 1861/6/5 1849/6/5 1860/6/5
f 1862/6/5 1805/6/5 1849/6/5
f 1862/6/5 1849/6/5 1861/6/5
f 1863/9/5 1806/9/5 1805/9/5
f 1863/6/5 1805/6/5 1862/6/5
f 1864/9/5 1806/9/5 1863/9/5
f 1865/7/5 1851/7/5 1850/7/5
f 1866/8/5 1852/8/5 1851/8/5
f 1866/7/5 1851/7/5 1865/7/5
f 1867/9/5 1853/9/5 1852/9/5
f 1867/8/5 1852/8/5 1866/8/5
f 1868/9/5 1841/9/5 1854/9/5
f 1868/7/5 1854/7/5 1853/7/5
f 1869/8/5 1855/8/5 1841/8/5
f 1869/9/5 1841/9/5 1868/9/5
f 1870/9/5 1856/9/5 1855/9/5
f 1870/8/5 1855/8/5 1869/8/5
f 1870/9/5 1857/9/5 1856/9/5
f 1871/9/5 1857/9/5 1870/9/5
f 1872/7/5 1858/7/5 1857/7/5
f 1872/9/5 1857/9/5 1871/9/5
f 1873/8/5 1859/8/5 1858/8/5
f 1873/7/5 1858/7/5 1872/7/5
f 1874/7/5 1860/7/5 1859/7/5
f 1874/8/5 1859/8/5 1873/8/5
f 1875/7/5 1860/7/5 1874/7/5
f 1876/9/5 1861/9/5 1860/9/5
f 1876/7/5 1862/7/5 1861/7/5
f 1877/9/5 1863/9/5 1862/9/5
f 1877/7/5 1862/7/5 1876/7/5
f 1878/8/5 1864/8/5 1863/8/5
f 1878/9/5 1863/9/5 1877/9/5
f 1879/8/5 1864/8/5 1878/8/5
f 1880/9/5 1853/9/5 1867/9/5
f 1881/7/5 1868/7/5 1853/7/5
f 1881/9/5 1853/9/5 1880/9/5
f 1882/6/5 1869/6/5 1868/6/5
f 1882/7/5 1868/7/5 1881/7/5
f 1883/9/5 1870/9/5 1869/9/5
f 1883/6/5 1869/6/5 1882/6/5
f 1884/6/5 1871/6/5 1870/6/5
f 1884/9/5 1870/9/5 1883/9/5
f 1885/9/5 1872/9/5 1871/9/5
f 1885/6/5 1871/6/5 1884/6/5
f 1886/6/5 1874/6/5 1873/6/5
f 1886/9/5 1872/9/5 1885/9/5
f 1886/6/5 1873/6/5 1872/6/5
f 1887/8/5 1875/8/5 1874/8/5
f 1887/6/5 1874/6/5 1886/6/5
f 1888/7/5 1860/7/5 1875/7/5
f 1888/8/5 1875/8/5 1887/8/5
f 1889/9/5 1877/9/5 1876/9/5
f 1889/7/5 1860/7/5 1888/7/5
f 1889/9/5 1876/9/5 1860/9/5
f 1890/9/5 1881/9/5 1880/9/5
f 1891/6/5 1882/6/5 1881/6/5
f 1891/9/5 1881/9/5 1890/9/5
f 1892/7/5 1883/7/5 1882/7/5
f 1892/6/5 1882/6/5 1891/6/5
f 1892/7/5 1884/7/5 1883/7/5
f 1893/9/5 1885/9/5 1884/9/5
f 1893/7/5 1884/7/5 1892/7/5
f 1894/7/5 1886/7/5 1885/7/5
f 1894/9/5 1885/9/5 1893/9/5
f 1895/6/5 1888/6/5 1887/6/5
f 1895/7/5 1886/7/5 1894/7/5
f 1895/6/5 1887/6/5 1886/6/5
f 1896/9/5 1889/9/5 1888/9/5
f 1896/6/5 1888/6/5 1895/6/5
f 1897/9/5 1877/9/5 1889/9/5
f 1897/9/5 1889/9/5 1896/9/5
f 1900/5/5 1899/5/5 1898/5/5
f 1901/5/5 1899/5/5 1900/5/5
f 1902/5/5 1899/5/5 1901/5/5
f 1903/5/5 1899/5/5 1902/5/5
f 1904/5/5 1899/5/5 1903/5/5
f 1905/5/5 1899/5/5 1904/5/5
f 1906/5/5 1899/5/5 1905/5/5
f 1907/5/5 1899/5/5 1906/5/5
f 1908/5/5 1899/5/5 1907/5/5
f 1909/5/5 1899/5/5 1908/5/5
f 1910/5/5 1899/5/5 1909/5/5
f 1915/5/5 1912/5/5 1911/5/5
f 1916/5/5 1912/5/5 1915/5/5
f 1917/5/5 1914/5/5 1913/5/5
f 1918/5/5 1914/5/5 1917/5/5
f 1921/5/5 1920/5/5 1919/5/5
f 1922/5/5 1920/5/5 1921/5/5
f 1923/5/5 1920/5/5 1922/5/5
f 1924/5/5 1920/5/5 1923/5/5
f 1925/5/5 1920/5/5 1924/5/5
f 1926/5/5 1920/5/5 1925/5/5
f 1927/5/5 1920/5/5 1926/5/5
f 1928/5/5 1920/5/5 1927/5/5
f 1933/5/5 1930/5/5 1929/5/5
f 1934/5/5 1930/5/5 1933/5/5
f 1935/5/5 1932/5/5 1931/5/5
f 1936/5/5 1932/5/5 1935/5/5
f 1937/8/6 1938/8/6 1948/8/6
f 1948/8/6 1938/8/6 1949/8/6
f 1938/6/6 1939/6/6 1950/6/6
f 1949/8/6 1938/8/6 1950/8/6
f 1939/7/6 1940/7/6 1951/7/6
f 1950/6/6 1939/6/6 1951/6/6
f 1940/8/6 1941/8/6 1952/8/6
f 1951/7/6 1940/7/6 1952/7/6
f 1941/7/6 1942/7/6 1953/7/6
f 1952/8/6 1941/8/6 1953/8/6
f 1942/8/6 1943/8/6 1954/8/6
f 1953/7/6 1942/7/6 1954/7/6
f 1943/6/6 1944/6/6 1955/6/6
f 1954/8/6 1943/8/6 1955/8/6
f 1944/8/6 1945/8/6 1956/8/6
f 1955/6/6 1944/6/6 1956/6/6
f 1945/6/6 1946/6/6 1957/6/6
f 1956/8/6 1945/8/6 1957/8/6
f 1946/9/6 1947/9/6 1958/9/6
f 1957/6/6 1946/6/6 1958/6/6
f 1958/9/6 1947/9/6 1959/9/6
f 1948/7/6 1949/7/6 1960/7/6
f 1949/8/6 1950/8/6 1961/8/6
f 1960/7/6 1949/7/6 1961/7/6
f 1961/8/6 1950/8/6 1962/8/6
f 1957/9/6 1958/9/6 1963/9/6
f 1958/7/6 1959/7/6 1964/7/6
f 1963/9/6 1958/9/6 1964/9/6
f 1960/6/6 1961/6/6 1965/6/6
f 1965/6/6 1961/6/6 1966/6/6
f 1964/7/6 1959/7/6 1967/7/6
f 1967/7/6 1959/7/6 1968/7/6
f 1967/9/6 1968/9/6 1969/9/6
f 1969/9/6 1968/9/6 1970/9/6
f 1965/9/6 1966/9/6 1971/9/6
f 1971/9/6 1966/9/6 1972/9/6
f 1969/6/6 1970/6/6 1973/6/6
f 1973/6/6 1970/6/6 1974/6/6
f 1973/8/6 1974/8/6 1975/8/6
f 1975/8/6 1974/8/6 1976/8/6
f 1975/9/6 1976/9/6 1977/9/6
f 1977/9/6 1976/9/6 1978/9/6
f 1971/6/6 1972/6/6 1979/6/6
f 1979/6/6 1972/6/6 1980/6/6
f 1977/8/6 1978/8/6 1983/8/6
f 1983/8/6 1978/8/6 1984/8/6
f 1980/8/6 1981/8/6 1985/8/6
f 1979/7/6 1980/7/6 1985/7/6
f 1985/8/6 1981/8/6 1986/8/6
f 1983/6/6 1984/6/6 1987/6/6
f 1982/6/6 1983/6/6 1987/6/6
f 1987/6/6 1984/6/6 1988/6/6
f 1988/6/6 1984/6/6 1989/6/6
f 1979/7/6 1985/7/6 1990/7/6
f 1990/7/6 1985/7/6 1991/7/6
f 1990/9/6 1991/9/6 1992/9/6
f 1992/9/6 1991/9/6 1993/9/6
f 1988/8/6 1989/8/6 1994/8/6
f 1994/8/6 1989/8/6 1995/8/6
f 1994/7/6 1995/7/6 1996/7/6
f 1996/7/6 1995/7/6 1997/7/6
f 1992/6/6 1993/6/6 1998/6/6
f 1998/6/6 1993/6/6 1999/6/6
f 1998/7/6 1999/7/6 2000/7/6
f 2000/7/6 1999/7/6 2001/7/6
f 1996/6/6 1997/6/6 2004/6/6
f 2000/8/6 2001/8/6 2005/8/6
f 2001/9/6 2002/9/6 2006/9/6
f 2005/8/6 2001/8/6 2006/8/6
f 2006/9/6 2002/9/6 2007/9/6
f 2003/6/6 2004/6/6 2016/6/6
f 2004/6/6 1997/6/6 2017/6/6
f 2016/6/6 2004/6/6 2017/6/6
f 2017/6/6 1997/6/6 2018/6/6
f 2005/6/6 2006/6/6 2019/6/6
f 2006/7/6 2007/7/6 2020/7/6
f 2019/6/6 2006/6/6 2020/6/6
f 2007/9/6 2008/9/6 2021/9/6
f 2020/7/6 2007/7/6 2021/7/6
f 2008/6/6 2009/6/6 2022/6/6
f 2021/9/6 2008/9/6 2022/9/6
f 2009/8/6 2010/8/6 2023/8/6
f 2022/6/6 2009/6/6 2023/6/6
f 2023/8/6 2010/8/6 2024/8/6
f 2010/7/6 2011/7/6 2025/7/6
f 2024/8/6 2010/8/6 2025/8/6
f 2011/6/6 2012/6/6 2026/6/6
f 2025/7/6 2011/7/6 2026/7/6
f 2012/9/6 2013/9/6 2027/9/6
f 2026/6/6 2012/6/6 2027/6/6
f 2027/9/6 2013/9/6 2028/9/6
f 2013/6/6 2014/6/6 2029/6/6
f 2028/9/6 2013/9/6 2029/9/6
f 2029/6/6 2014/6/6 2030/6/6
f 2014/8/6 2015/8/6 2031/8/6
f 2030/6/6 2014/6/6 2031/6/6
f 2015/6/6 2016/6/6 2032/6/6
f 2031/8/6 2015/8/6 2032/8/6
f 2016/6/6 2017/6/6 2032/6/6
f 2032/6/6 2017/6/6 2033/6/6
f 2017/9/6 2018/9/6 2034/9/6
f 2033/6/6 2017/6/6 2034/6/6
f 2034/9/6 2018/9/6 2035/9/6
f 2036/5/6 2037/5/6 2039/5/6
f 2039/5/6 2037/5/6 2040/5/6
f 2040/5/6 2037/5/6 2041/5/6
f 2041/5/6 2037/5/6 2042/5/6
f 2038/5/6 2039/5/6 2044/5/6
f 2039/5/6 2040/5/6 2044/5/6
f 2040/4/6 2041/4/6 2045/4/6
f 2044/5/6 2040/5/6 2045/5/6
f 2042/5/6 2043/5/6 2046/5/6
f 2045/4/6 2041/4/6 2046/4/6
f 2041/5/6 2042/5/6 2046/5/6
f 2046/5/6 2043/5/6 2047/5/6
f 2038/5/6 2044/5/6 2048/5/6
f 2044/4/6 2045/4/6 2049/4/6
f 2048/5/6 2044/5/6 2049/5/6
f 2045/4/6 2046/4/6 2049/4/6
f 2046/4/6 2047/4/6 2049/4/6
f 2049/4/6 2047/4/6 2050/4/6
f 2050/4/6 2047/4/6 2051/4/6
f 2047/5/6 2043/5/6 2052/5/6
f 2051/4/6 2047/4/6 2052/4/6
f 2052/5/6 2043/5/6 2053/5/6
f 2048/4/6 2049/4/6 2054/4/6
f 2049/4/6 2050/4/6 2054/4/6
f 2050/1/6 2051/1/6 2055/1/6
f 2054/4/6 2050/4/6 2055/4/6
f 2052/4/6 2053/4/6 2056/4/6
f 2055/1/6 2051/1/6 2056/1/6
f 2051/4/6 2052/4/6 2056/4/6
f 2056/4/6 2053/4/6 2057/4/6
f 2038/5/6 2048/5/6 2058/5/6
f 2048/4/6 2054/4/6 2058/4/6
f 2058/4/6 2054/4/6 2059/4/6
f 2056/1/6 2057/1/6 2060/1/6
f 2059/4/6 2054/4/6 2060/4/6
f 2054/1/6 2055/1/6 2060/1/6
f 2055/1/6 2056/1/6 2060/1/6
f 2060/1/6 2057/1/6 2061/1/6
f 2061/1/6 2057/1/6 2062/1/6
f 2057/4/6 2053/4/6 2063/4/6
f 2062/1/6 2057/1/6 2063/1/6
f 2063/4/6 2053/4/6 2064/4/6
f 2053/5/6 2043/5/6 2065/5/6
f 2064/4/6 2053/4/6 2065/4/6
f 2061/1/6 2062/1/6 2066/1/6
f 2059/4/6 2060/4/6 2066/4/6
f 2060/4/6 2061/4/6 2066/4/6
f 2066/1/6 2062/1/6 2067/1/6
f 2067/1/6 2062/1/6 2068/1/6
f 2063/4/6 2064/4/6 2069/4/6
f 2068/1/6 2062/1/6 2069/1/6
f 2062/4/6 2063/4/6 2069/4/6
f 2058/5/6 2059/5/6 2070/5/6
f 2038/5/6 2058/5/6 2070/5/6
f 2070/5/6 2059/5/6 2071/5/6
f 2066/4/6 2067/4/6 2072/4/6
f 2071/5/6 2059/5/6 2072/5/6
f 2059/4/6 2066/4/6 2072/4/6
f 2072/4/6 2067/4/6 2073/4/6
f 2067/1/6 2068/1/6 2074/1/6
f 2073/4/6 2067/4/6 2074/4/6
f 2068/4/6 2069/4/6 2075/4/6
f 2074/1/6 2068/1/6 2075/1/6
f 2069/4/6 2064/4/6 2076/4/6
f 2075/4/6 2069/4/6 2076/4/6
f 2064/5/6 2065/5/6 2077/5/6
f 2076/4/6 2064/4/6 2077/4/6
f 2065/5/6 2043/5/6 2078/5/6
f 2077/5/6 2065/5/6 2078/5/6
f 2078/5/6 2043/5/6 2079/5/6
f 2072/5/6 2073/5/6 2081/5/6
f 2071/5/6 2072/5/6 2081/5/6
f 2081/5/6 2073/5/6 2082/5/6
f 2074/4/6 2075/4/6 2083/4/6
f 2082/5/6 2073/5/6 2083/5/6
f 2073/4/6 2074/4/6 2083/4/6
f 2075/4/6 2076/4/6 2083/4/6
f 2076/5/6 2077/5/6 2084/5/6
f 2083/4/6 2076/4/6 2084/4/6
f 2077/5/6 2078/5/6 2084/5/6
f 2084/5/6 2078/5/6 2085/5/6
f 2085/5/6 2078/5/6 2086/5/6
f 2082/4/6 2083/4/6 2088/4/6
f 2083/4/6 2084/4/6 2088/4/6
f 2084/4/6 2085/4/6 2088/4/6
f 2088/4/6 2085/4/6 2089/4/6
f 2081/5/6 2082/5/6 2090/5/6
f 2080/5/6 2081/5/6 2090/5/6
f 2082/4/6 2088/4/6 2091/4/6
f 2090/5/6 2082/5/6 2091/5/6
f 2091/4/6 2088/4/6 2092/4/6
f 2088/1/6 2089/1/6 2093/1/6
f 2092/4/6 2088/4/6 2093/4/6
f 2089/4/6 2085/4/6 2094/4/6
f 2093/1/6 2089/1/6 2094/1/6
f 2094/4/6 2085/4/6 2095/4/6
f 2086/5/6 2087/5/6 2096/5/6
f 2095/4/6 2085/4/6 2096/4/6
f 2085/5/6 2086/5/6 2096/5/6
f 2096/5/6 2087/5/6 2097/5/6
f 2094/1/6 2095/1/6 2098/1/6
f 2092/1/6 2093/1/6 2098/1/6
f 2091/4/6 2092/4/6 2098/4/6
f 2093/1/6 2094/1/6 2098/1/6
f 2090/4/6 2091/4/6 2098/4/6
f 2098/1/6 2095/1/6 2099/1/6
f 2099/1/6 2095/1/6 2100/1/6
f 2096/4/6 2097/4/6 2101/4/6
f 2100/1/6 2095/1/6 2101/1/6
f 2095/4/6 2096/4/6 2101/4/6
f 2098/4/6 2099/4/6 2102/4/6
f 2080/5/6 2090/5/6 2102/5/6
f 2090/4/6 2098/4/6 2102/4/6
f 2102/4/6 2099/4/6 2103/4/6
f 2099/1/6 2100/1/6 2104/1/6
f 2103/4/6 2099/4/6 2104/4/6
f 2100/4/6 2101/4/6 2105/4/6
f 2104/1/6 2100/1/6 2105/1/6
f 2101/4/6 2097/4/6 2106/4/6
f 2105/4/6 2101/4/6 2106/4/6
f 2097/5/6 2087/5/6 2107/5/6
f 2106/4/6 2097/4/6 2107/4/6
f 2102/5/6 2103/5/6 2108/5/6
f 2080/5/6 2102/5/6 2108/5/6
f 2108/5/6 2103/5/6 2109/5/6
f 2105/4/6 2106/4/6 2110/4/6
f 2109/5/6 2103/5/6 2110/5/6
f 2104/4/6 2105/4/6 2110/4/6
f 2103/4/6 2104/4/6 2110/4/6
f 2106/5/6 2107/5/6 2111/5/6
f 2110/4/6 2106/4/6 2111/4/6
f 2107/5/6 2087/5/6 2112/5/6
f 2111/5/6 2107/5/6 2112/5/6
f 2112/5/6 2087/5/6 2113/5/6
f 2110/5/6 2111/5/6 2114/5/6
f 2111/5/6 2112/5/6 2114/5/6
f 2109/5/6 2110/5/6 2114/5/6
f 2114/5/6 2112/5/6 2115/5/6
f 2116/5/6 2117/5/6 2120/5/6
f 2120/5/6 2117/5/6 2121/5/6
f 2118/5/6 2119/5/6 2122/5/6
f 2122/5/6 2119/5/6 2123/5/6
f 2124/5/6 2125/5/6 2126/5/6
f 2126/5/6 2125/5/6 2127/5/6
f 2127/5/6 2125/5/6 2128/5/6
f 2128/5/6 2125/5/6 2129/5/6
f 2129/5/6 2125/5/6 2130/5/6
f 2130/5/6 2125/5/6 2131/5/6
f 2131/5/6 2125/5/6 2132/5/6
f 2132/5/6 2125/5/6 2133/5/6
f 2133/5/6 2125/5/6 2134/5/6
f 2134/5/6 2125/5/6 2135/5/6
f 2135/5/6 2125/5/6 2136/5/6
f 2136/5/6 2125/5/6 2137/5/6
f 2138/5/6 2139/5/6 2142/5/6
f 2142/5/6 2139/5/6 2143/5/6
f 2140/5/6 2141/5/6 2144/5/6
f 2144/5/6 2141/5/6 2145/5/6
f 2146/5/6 2147/5/6 2148/5/6
f 2148/5/6 2147/5/6 2149/5/6
f 2149/5/6 2147/5/6 2150/5/6
f 2150/5/6 2147/5/6 2151/5/6
f 2151/5/6 2147/5/6 2152/5/6
f 2152/5/6 2147/5/6 2153/5/6
f 2153/5/6 2147/5/6 2154/5/6
f 2154/5/6 2147/5/6 2155/5/6
f 2155/5/6 2147/5/6 2156/5/6
f 2156/5/6 2147/5/6 2157/5/6
f 2157/5/6 2147/5/6 2158/5/6
f 2159/6/6 2160/6/6 2172/6/6
f 2160/9/6 2161/9/6 2173/9/6
f 2172/6/6 2160/6/6 2173/6/6
f 2161/7/6 2162/7/6 2174/7/6
f 2173/9/6 2161/9/6 2174/9/6
f 2162/9/6 2163/9/6 2175/9/6
f 2174/7/6 2162/7/6 2175/7/6
f 2163/6/6 2164/6/6 2176/6/6
f 2175/9/6 2163/9/6 2176/9/6
f 2164/7/6 2165/7/6 2177/7/6
f 2176/6/6 2164/6/6 2177/6/6
f 2165/8/6 2166/8/6 2178/8/6
f 2177/7/6 2165/7/6 2178/7/6
f 2166/9/6 2167/9/6 2179/9/6
f 2178/8/6 2166/8/6 2179/8/6
f 2167/6/6 2168/6/6 2180/6/6
f 2179/9/6 2167/9/6 2180/9/6
f 2168/9/6 2169/9/6 2181/9/6
f 2180/6/6 2168/6/6 2181/6/6
f 2169/6/6 2170/6/6 2182/6/6
f 2181/9/6 2169/9/6 2182/9/6
f 2170/7/6 2171/7/6 2183/7/6
f 2182/6/6 2170/6/6 2183/6/6
f 2183/7/6 2171/7/6 2184/7/6
