# MagicaVoxel @ Ephtracy

# group
o 

# material
mtllib cave_decorations-0.mtl
usemtl palette

# normals
vn -1 0 0
vn 1 0 0
vn 0 0 1
vn 0 0 -1
vn 0 -1 0
vn 0 1 0

# texcoords
vt 0.197266 0.5
vt 0.208984 0.5
vt 0.244141 0.5

# verts
v -0.6 -1 0
v -0.6 -1 -0.1
v -0.6 -0.8 0.1
v -0.6 -0.8 0
v -0.6 -0.7 -0.1
v -0.6 -0.7 -0.2
v -0.6 -0.5 0.2
v -0.6 -0.5 0.1
v -0.6 -0.5 -0.1
v -0.6 -0.5 -0.2
v -0.6 -0.3 0
v -0.6 -0.3 -0.1
v -0.6 0 0.2
v -0.6 0 0
v -0.6 0.5 0
v -0.6 0.5 -0.2
v -0.6 0.7 0.1
v -0.6 0.7 0
v -0.6 1 0.2
v -0.6 1 0.1
v -0.6 1 -0.1
v -0.6 1 -0.2
v -0.6 1.2 0
v -0.6 1.2 -0.1
v -0.6 1.5 0.2
v -0.6 1.5 0
v -0.6 2 0
v -0.6 2 -0.2
v -0.6 2.2 0.1
v -0.6 2.2 0
v -0.6 2.5 0.2
v -0.6 2.5 0.1
v -0.6 2.5 -0.1
v -0.6 2.5 -0.2
v -0.6 2.7 0
v -0.6 2.7 -0.1
v -0.6 3 0.2
v -0.6 3 0
v -0.5 -1.1 -0.1
v -0.5 -1.1 -0.2
v -0.5 -1 -0.1
v -0.5 -0.7 -0.1
v -0.5 -0.7 -0.2
v -0.5 0 0.2
v -0.5 0 0.1
v -0.5 0.2 0.2
v -0.5 0.2 0.1
v -0.5 0.2 -0.1
v -0.5 0.2 -0.2
v -0.5 0.5 -0.1
v -0.5 0.5 -0.2
v -0.5 1.5 0.2
v -0.5 1.5 0.1
v -0.5 1.7 0.2
v -0.5 1.7 0.1
v -0.5 1.7 -0.1
v -0.5 1.7 -0.2
v -0.5 2 -0.1
v -0.5 2 -0.2
v -0.4 -1.7 0.2
v -0.4 -1.7 0.1
v -0.4 -1.6 0.6
v -0.4 -1.6 0.5
v -0.4 -1.6 0.2
v -0.4 -1.6 0.1
v -0.4 -1.5 0.6
v -0.4 -1.5 0.5
v -0.4 -1.2 -0.2
v -0.4 -1.2 -0.3
v -0.4 -1.1 -0.2
v -0.4 -1 0.1
v -0.4 -1 0
v -0.4 -0.9 0.1
v -0.4 -0.9 0
v -0.4 -0.9 -0.2
v -0.4 -0.9 -0.3
v -0.4 -0.3 0.3
v -0.4 -0.3 0.2
v -0.4 0 0.4
v -0.4 0 0.3
v -0.4 0 -0.2
v -0.4 0 -0.4
v -0.4 0.2 0.2
v -0.4 0.2 -0.2
v -0.4 0.5 0.4
v -0.4 0.5 0.2
v -0.4 0.5 -0.3
v -0.4 0.5 -0.4
v -0.4 0.7 -0.2
v -0.4 0.7 -0.3
v -0.4 1.2 0.3
v -0.4 1.2 0.2
v -0.4 1.5 0.4
v -0.4 1.5 0.3
v -0.4 1.5 -0.2
v -0.4 1.5 -0.4
v -0.4 1.7 0.2
v -0.4 1.7 -0.2
v -0.4 2 0.4
v -0.4 2 0.2
v -0.4 2 -0.3
v -0.4 2 -0.4
v -0.4 2.2 -0.2
v -0.4 2.2 -0.3
v -0.4 2.7 0.3
v -0.4 2.7 0.2
v -0.4 3 0.3
v -0.4 3 0.2
v -0.3 -1.6 0.3
v -0.3 -1.6 0.2
v -0.3 -1.5 0.6
v -0.3 -1.5 0.5
v -0.3 -1.5 0.3
v -0.3 -1.5 0.2
v -0.3 -1.4 0.6
v -0.3 -1.4 0.5
v -0.3 -1.3 -0.2
v -0.3 -1.3 -0.3
v -0.3 -1.2 0.1
v -0.3 -1.2 0
v -0.3 -1.2 -0.2
v -0.3 -1.2 -0.3
v -0.3 -1.1 0
v -0.3 -1.1 -0.1
v -0.3 -1 0.4
v -0.3 -1 0.3
v -0.3 -1 0.1
v -0.3 -1 0
v -0.3 -0.9 0.1
v -0.3 -0.9 0
v -0.3 -0.9 -0.1
v -0.3 -0.9 -0.2
v -0.3 -0.9 -0.3
v -0.3 -0.8 0.4
v -0.3 -0.8 0.3
v -0.3 -0.8 0
v -0.3 -0.8 -0.1
v -0.3 -0.8 -0.2
v -0.3 -0.8 -0.3
v -0.3 -0.7 -0.1
v -0.3 -0.3 -0.3
v -0.3 -0.3 -0.4
v -0.3 0 -0.3
v -0.3 0 -0.4
v -0.3 0.5 0.4
v -0.3 0.5 0.3
v -0.3 0.7 0.4
v -0.3 0.7 0.3
v -0.3 1.2 -0.3
v -0.3 1.2 -0.4
v -0.3 1.5 -0.3
v -0.3 1.5 -0.4
v -0.3 2 0.4
v -0.3 2 0.3
v -0.3 2.2 0.4
v -0.3 2.2 0.3
v -0.3 2.7 -0.3
v -0.3 2.7 -0.4
v -0.3 3 0.1
v -0.3 3 -0.1
v -0.3 3 -0.3
v -0.3 3 -0.4
v -0.2 -1.5 0.4
v -0.2 -1.5 0.3
v -0.2 -1.4 0.6
v -0.2 -1.4 0.5
v -0.2 -1.4 0.4
v -0.2 -1.4 -0.2
v -0.2 -1.4 -0.3
v -0.2 -1.3 0.6
v -0.2 -1.3 0.5
v -0.2 -1.3 0.2
v -0.2 -1.3 0.1
v -0.2 -1.3 -0.2
v -0.2 -1.3 -0.3
v -0.2 -1.2 0.1
v -0.2 -1.1 0.4
v -0.2 -1.1 0.3
v -0.2 -1 0.6
v -0.2 -1 0.5
v -0.2 -1 0.4
v -0.2 -1 -0.1
v -0.2 -1 -0.2
v -0.2 -0.9 -0.1
v -0.2 -0.9 -0.2
v -0.2 -0.8 0.4
v -0.2 -0.8 -0.1
v -0.2 -0.8 -0.2
v -0.2 -0.5 0.6
v -0.2 -0.5 0.4
v -0.2 -0.5 -0.4
v -0.2 -0.5 -0.6
v -0.2 -0.3 -0.4
v -0.2 0 0.2
v -0.2 0 -0.2
v -0.2 0 -0.5
v -0.2 0 -0.6
v -0.2 0.2 0.5
v -0.2 0.2 0.4
v -0.2 0.2 -0.4
v -0.2 0.2 -0.5
v -0.2 0.5 0.6
v -0.2 0.5 0.5
v -0.2 0.5 0.2
v -0.2 0.5 -0.2
v -0.2 0.7 0.4
v -0.2 1 0.6
v -0.2 1 0.4
v -0.2 1 -0.4
v -0.2 1 -0.6
v -0.2 1.2 -0.4
v -0.2 1.5 0.2
v -0.2 1.5 -0.2
v -0.2 1.5 -0.5
v -0.2 1.5 -0.6
v -0.2 1.7 0.5
v -0.2 1.7 0.4
v -0.2 1.7 -0.4
v -0.2 1.7 -0.5
v -0.2 2 0.6
v -0.2 2 0.5
v -0.2 2 0.2
v -0.2 2 -0.2
v -0.2 2.2 0.4
v -0.2 2.5 0.6
v -0.2 2.5 0.4
v -0.2 2.5 -0.4
v -0.2 2.5 -0.6
v -0.2 2.7 -0.4
v -0.2 3 0.2
v -0.2 3 0.1
v -0.2 3 -0.1
v -0.2 3 -0.2
v -0.2 3 -0.4
v -0.2 3 -0.6
v -0.1 -1.3 0.3
v -0.1 -1.3 0.2
v -0.1 -1.1 0.4
v -0.1 -1.1 0.3
v -0.1 -1 0.4
v -0.1 -1 0.3
v -0.1 -0.8 -0.2
v -0.1 -0.8 -0.3
v -0.1 -0.8 -0.5
v -0.1 -0.8 -0.6
v -0.1 -0.5 0.6
v -0.1 -0.5 0.5
v -0.1 -0.5 -0.5
v -0.1 -0.5 -0.6
v -0.1 -0.3 0.6
v -0.1 -0.3 0.5
v -0.1 0.7 -0.5
v -0.1 0.7 -0.6
v -0.1 1 0.6
v -0.1 1 0.5
v -0.1 1 -0.5
v -0.1 1 -0.6
v -0.1 1.2 0.6
v -0.1 1.2 0.5
v -0.1 2.2 -0.5
v -0.1 2.2 -0.6
v -0.1 2.5 0.6
v -0.1 2.5 0.5
v -0.1 2.5 -0.5
v -0.1 2.5 -0.6
v -0.1 2.7 0.6
v -0.1 2.7 0.5
v -0.1 3 0.3
v -0.1 3 0.2
v -0.1 3 -0.2
v -0.1 3 -0.3
v 0 -1.5 0.5
v 0 -1.5 0.4
v 0 -1.5 0.3
v 0 -1.5 0.2
v 0 -1.4 0.5
v 0 -1.4 0.4
v 0 -1.3 0.3
v 0 -1.3 0.2
v 0 -0.8 -0.4
v 0 -0.8 -0.5
v 0 -0.5 0.5
v 0 -0.5 0.4
v 0 -0.5 -0.4
v 0 -0.5 -0.5
v 0 -0.3 0.6
v 0 -0.3 0.5
v 0 0 0.6
v 0 0 0.4
v 0 0.5 -0.4
v 0 0.5 -0.6
v 0 0.7 -0.5
v 0 0.7 -0.6
v 0 1 0.5
v 0 1 0.4
v 0 1 -0.4
v 0 1 -0.5
v 0 1.2 0.6
v 0 1.2 0.5
v 0 1.5 0.6
v 0 1.5 0.4
v 0 2 -0.4
v 0 2 -0.6
v 0 2.2 -0.5
v 0 2.2 -0.6
v 0 2.5 0.5
v 0 2.5 0.4
v 0 2.5 -0.4
v 0 2.5 -0.5
v 0 2.7 0.6
v 0 2.7 0.5
v 0 3 0.6
v 0 3 0.4
v 0.1 -2.2 0.6
v 0.1 -2.2 0.5
v 0.1 -2.1 0.6
v 0.1 -2.1 0.5
v 0.1 -1.6 0.5
v 0.1 -1.6 0.4
v 0.1 -1.5 0.5
v 0.1 -1.5 0.4
v 0.1 -1.4 0.2
v 0.1 -1.4 0.1
v 0.1 -1.2 0.2
v 0.1 -1.2 0.1
v 0.1 -1.1 0.1
v 0.1 -1.1 0
v 0.1 -1 0.1
v 0.1 -1 0
v 0.1 -1 -0.1
v 0.1 -1 -0.2
v 0.1 -0.9 -0.1
v 0.1 -0.9 -0.2
v 0.1 -0.9 -0.4
v 0.1 -0.9 -0.6
v 0.1 -0.8 -0.4
v 0.1 -0.8 -0.6
v 0.1 0 0.5
v 0.1 0 0.4
v 0.1 0.2 0.5
v 0.1 0.2 0.4
v 0.1 0.2 -0.4
v 0.1 0.2 -0.5
v 0.1 0.5 -0.4
v 0.1 0.5 -0.5
v 0.1 1.5 0.5
v 0.1 1.5 0.4
v 0.1 1.7 0.5
v 0.1 1.7 0.4
v 0.1 1.7 -0.4
v 0.1 1.7 -0.5
v 0.1 2 -0.4
v 0.1 2 -0.5
v 0.2 -2.1 0.5
v 0.2 -2.1 0.4
v 0.2 -2 0.5
v 0.2 -2 0.4
v 0.2 -2 0.3
v 0.2 -1.9 0.4
v 0.2 -1.9 0.3
v 0.2 -1.2 0.1
v 0.2 -1.2 0
v 0.2 -1.1 0.1
v 0.2 -1.1 0
v 0.2 -1.1 -0.1
v 0.2 -1 -0.1
v 0.2 -1 -0.4
v 0.2 -1 -0.6
v 0.2 -0.9 0
v 0.2 -0.9 -0.1
v 0.2 -0.9 -0.4
v 0.2 -0.9 -0.6
v 0.2 -0.3 0.4
v 0.2 -0.3 0.3
v 0.2 0 0.3
v 0.2 0 0.2
v 0.2 0 -0.2
v 0.2 0 -0.4
v 0.2 0.2 0.4
v 0.2 0.2 -0.4
v 0.2 0.5 0.4
v 0.2 0.5 0.2
v 0.2 0.5 -0.2
v 0.2 0.5 -0.3
v 0.2 0.7 -0.3
v 0.2 0.7 -0.4
v 0.2 1.2 0.4
v 0.2 1.2 0.3
v 0.2 1.5 0.3
v 0.2 1.5 0.2
v 0.2 1.5 -0.2
v 0.2 1.5 -0.4
v 0.2 1.7 0.4
v 0.2 1.7 -0.4
v 0.2 2 0.4
v 0.2 2 0.2
v 0.2 2 -0.2
v 0.2 2 -0.3
v 0.2 2.2 -0.3
v 0.2 2.2 -0.4
v 0.2 2.7 0.4
v 0.2 2.7 0.3
v 0.2 3 0.4
v 0.2 3 0.3
v 0.3 -1.9 0.4
v 0.3 -1.9 0.3
v 0.3 -1.8 0.4
v 0.3 -1.8 0.3
v 0.3 -1.2 -0.4
v 0.3 -1.2 -0.5
v 0.3 -1.1 -0.5
v 0.3 -1.1 -0.6
v 0.3 -1 0.3
v 0.3 -1 0.2
v 0.3 -1 -0.4
v 0.3 -1 -0.6
v 0.3 -0.8 0.3
v 0.3 -0.8 0.2
v 0.3 -0.3 -0.2
v 0.3 -0.3 -0.3
v 0.3 0 -0.2
v 0.3 0 -0.3
v 0.3 0.5 0.3
v 0.3 0.5 0.2
v 0.3 0.7 0.3
v 0.3 0.7 0.2
v 0.3 1.2 -0.2
v 0.3 1.2 -0.3
v 0.3 1.5 -0.2
v 0.3 1.5 -0.3
v 0.3 2 0.3
v 0.3 2 0.2
v 0.3 2.2 0.3
v 0.3 2.2 0.2
v 0.3 2.7 -0.2
v 0.3 2.7 -0.3
v 0.3 3 -0.2
v 0.3 3 -0.3
v 0.4 -1.8 0.4
v 0.4 -1.8 0.3
v 0.4 -1.6 0.3
v 0.4 -1.6 0.2
v 0.4 -1.4 0.4
v 0.4 -1.4 0.3
v 0.4 -1.4 0.2
v 0.4 -1.4 0.1
v 0.4 -1.3 0.3
v 0.4 -1.3 0.2
v 0.4 -1.2 0.1
v 0.4 -1.2 0
v 0.4 -1.2 -0.5
v 0.4 -1.2 -0.6
v 0.4 -1.1 -0.5
v 0.4 -1.1 -0.6
v 0.4 -1 0.2
v 0.4 -0.8 0.2
v 0.4 -0.5 0.2
v 0.4 -0.5 0
v 0.4 -0.5 -0.2
v 0.4 -0.3 -0.2
v 0.4 0 0
v 0.4 0 -0.1
v 0.4 0.2 0.2
v 0.4 0.2 0.1
v 0.4 0.2 -0.1
v 0.4 0.2 -0.2
v 0.4 0.5 0.1
v 0.4 0.5 0
v 0.4 0.7 0.2
v 0.4 1 0.2
v 0.4 1 0
v 0.4 1 -0.2
v 0.4 1.2 -0.2
v 0.4 1.5 0
v 0.4 1.5 -0.1
v 0.4 1.7 0.2
v 0.4 1.7 0.1
v 0.4 1.7 -0.1
v 0.4 1.7 -0.2
v 0.4 2 0.1
v 0.4 2 0
v 0.4 2.2 0.2
v 0.4 2.5 0.2
v 0.4 2.5 0
v 0.4 2.5 -0.2
v 0.4 2.7 -0.2
v 0.4 3 0
v 0.4 3 -0.2
v 0.5 -2.1 0.1
v 0.5 -2.1 0
v 0.5 -2 0.6
v 0.5 -2 0.5
v 0.5 -2 0.2
v 0.5 -2 0.1
v 0.5 -2 0
v 0.5 -1.9 0.6
v 0.5 -1.9 0.5
v 0.5 -1.9 0.4
v 0.5 -1.8 0.4
v 0.5 -1.8 0.3
v 0.5 -1.8 0.2
v 0.5 -1.8 0.1
v 0.5 -1.8 -0.4
v 0.5 -1.8 -0.5
v 0.5 -1.7 0.5
v 0.5 -1.7 0.4
v 0.5 -1.6 0.3
v 0.5 -1.6 0.2
v 0.5 -1.5 -0.4
v 0.5 -1.5 -0.5
v 0.5 -1.5 -0.6
v 0.5 -1.4 0.4
v 0.5 -1.4 0.3
v 0.5 -1.3 0.3
v 0.5 -1.3 0.2
v 0.5 -1.3 0.1
v 0.5 -1.3 0
v 0.5 -1.3 -0.2
v 0.5 -1.3 -0.3
v 0.5 -1.3 -0.4
v 0.5 -1.3 -0.5
v 0.5 -1.2 0.4
v 0.5 -1.2 0.3
v 0.5 -1.2 0.1
v 0.5 -1.2 0
v 0.5 -1.2 -0.1
v 0.5 -1.2 -0.2
v 0.5 -1.2 -0.3
v 0.5 -1.2 -0.4
v 0.5 -1.2 -0.6
v 0.5 -1.1 0
v 0.5 -1.1 -0.1
v 0.5 -1.1 -0.2
v 0.5 -1.1 -0.3
v 0.5 -1.1 -0.4
v 0.5 -1 0.3
v 0.5 -1 0.2
v 0.5 -1 0
v 0.5 -1 -0.1
v 0.5 -1 -0.4
v 0.5 -0.9 -0.2
v 0.5 -0.9 -0.3
v 0.5 -0.9 -0.4
v 0.5 -0.8 0
v 0.5 -0.8 -0.1
v 0.5 -0.8 -0.2
v 0.5 -0.8 -0.3
v 0.5 -0.5 0.1
v 0.5 -0.5 0
v 0.5 -0.5 -0.1
v 0.5 -0.3 0.1
v 0.5 -0.3 0
v 0.5 0.7 0
v 0.5 0.7 -0.1
v 0.5 1 0.1
v 0.5 1 0
v 0.5 1 -0.1
v 0.5 1.2 0.1
v 0.5 1.2 0
v 0.5 2.2 0
v 0.5 2.2 -0.1
v 0.5 2.5 0.1
v 0.5 2.5 0
v 0.5 2.5 -0.1
v 0.5 2.7 0.1
v 0.5 2.7 0
v -0.5 -0.8 0.1
v -0.5 -0.8 0
v -0.5 -0.5 0.1
v -0.5 -0.5 0
v -0.5 -0.5 -0.1
v -0.5 -0.3 0
v -0.5 -0.3 -0.1
v -0.5 0.7 0.1
v -0.5 0.7 0
v -0.5 1 0.1
v -0.5 1 0
v -0.5 1 -0.1
v -0.5 1.2 0
v -0.5 1.2 -0.1
v -0.5 2.2 0.1
v -0.5 2.2 0
v -0.5 2.5 0.1
v -0.5 2.5 0
v -0.5 2.5 -0.1
v -0.5 2.7 0
v -0.5 2.7 -0.1
v -0.4 -1.1 -0.1
v -0.4 -1.1 -0.2
v -0.4 -1 0
v -0.4 -1 -0.1
v -0.4 -0.9 0
v -0.4 -0.9 -0.2
v -0.4 -0.8 0
v -0.4 -0.8 -0.1
v -0.4 -0.7 -0.1
v -0.4 -0.7 -0.2
v -0.4 -0.5 0.2
v -0.4 -0.5 0
v -0.4 -0.5 -0.2
v -0.4 -0.3 0.2
v -0.4 0 0.1
v -0.4 0 0
v -0.4 0.2 0.2
v -0.4 0.2 0.1
v -0.4 0.2 -0.1
v -0.4 0.2 -0.2
v -0.4 0.5 0
v -0.4 0.5 -0.1
v -0.4 0.7 -0.2
v -0.4 1 0.2
v -0.4 1 0
v -0.4 1 -0.2
v -0.4 1.2 0.2
v -0.4 1.5 0.1
v -0.4 1.5 0
v -0.4 1.7 0.2
v -0.4 1.7 0.1
v -0.4 1.7 -0.1
v -0.4 1.7 -0.2
v -0.4 2 0
v -0.4 2 -0.1
v -0.4 2.2 -0.2
v -0.4 2.5 0.2
v -0.4 2.5 0
v -0.4 2.5 -0.2
v -0.4 2.7 0.2
v -0.4 3 0.2
v -0.4 3 0
v -0.3 -1.7 0.2
v -0.3 -1.7 0.1
v -0.3 -1.6 0.6
v -0.3 -1.6 0.5
v -0.3 -1.6 0.2
v -0.3 -1.6 0.1
v -0.3 -1.5 0.6
v -0.3 -1.5 0.5
v -0.3 -1.2 -0.2
v -0.3 -1.2 -0.3
v -0.3 -1.1 -0.2
v -0.3 -1.1 -0.3
v -0.3 -0.8 -0.1
v -0.3 -0.8 -0.2
v -0.3 -0.7 -0.1
v -0.3 -0.7 -0.2
v -0.3 -0.3 0.3
v -0.3 -0.3 0.2
v -0.3 0 0.3
v -0.3 0 0.2
v -0.3 0.5 -0.2
v -0.3 0.5 -0.3
v -0.3 0.7 -0.2
v -0.3 0.7 -0.3
v -0.3 1.2 0.3
v -0.3 1.2 0.2
v -0.3 1.5 0.3
v -0.3 1.5 0.2
v -0.3 2 -0.2
v -0.3 2 -0.3
v -0.3 2.2 -0.2
v -0.3 2.2 -0.3
v -0.3 2.7 0.3
v -0.3 2.7 0.2
v -0.3 3 0.3
v -0.3 3 0.2
v -0.2 -1.6 0.3
v -0.2 -1.6 0.2
v -0.2 -1.5 0.6
v -0.2 -1.5 0.5
v -0.2 -1.5 0.3
v -0.2 -1.5 0.2
v -0.2 -1.4 0.6
v -0.2 -1.4 0.5
v -0.2 -1.3 -0.2
v -0.2 -1.3 -0.3
v -0.2 -1.2 0.1
v -0.2 -1.2 0
v -0.2 -1.2 -0.2
v -0.2 -1.2 -0.3
v -0.2 -1.1 0.1
v -0.2 -1.1 0
v -0.2 -1.1 -0.1
v -0.2 -1.1 -0.2
v -0.2 -1.1 -0.3
v -0.2 -1 0.4
v -0.2 -1 0.3
v -0.2 -1 0
v -0.2 -1 -0.1
v -0.2 -1 -0.2
v -0.2 -1 -0.3
v -0.2 -0.8 0.4
v -0.2 -0.8 0.3
v -0.2 -0.3 -0.3
v -0.2 -0.3 -0.4
v -0.2 0 0.4
v -0.2 0 0.2
v -0.2 0 -0.2
v -0.2 0 -0.3
v -0.2 0.2 0.4
v -0.2 0.2 -0.4
v -0.2 0.5 0.3
v -0.2 0.5 0.2
v -0.2 0.5 -0.2
v -0.2 0.5 -0.4
v -0.2 0.7 0.4
v -0.2 0.7 0.3
v -0.2 1.2 -0.3
v -0.2 1.2 -0.4
v -0.2 1.5 0.4
v -0.2 1.5 0.2
v -0.2 1.5 -0.2
v -0.2 1.5 -0.3
v -0.2 1.7 0.4
v -0.2 1.7 -0.4
v -0.2 2 0.3
v -0.2 2 0.2
v -0.2 2 -0.2
v -0.2 2 -0.4
v -0.2 2.2 0.4
v -0.2 2.2 0.3
v -0.2 2.7 -0.3
v -0.2 2.7 -0.4
v -0.2 3 -0.3
v -0.2 3 -0.4
v -0.1 -1.5 0.4
v -0.1 -1.5 0.3
v -0.1 -1.4 0.6
v -0.1 -1.4 0.5
v -0.1 -1.4 0.4
v -0.1 -1.4 -0.2
v -0.1 -1.4 -0.3
v -0.1 -1.3 0.6
v -0.1 -1.3 0.5
v -0.1 -1.3 0.3
v -0.1 -1.3 0.2
v -0.1 -1.3 0.1
v -0.1 -1.3 -0.2
v -0.1 -1.3 -0.3
v -0.1 -1.2 0.4
v -0.1 -1.2 0.3
v -0.1 -1.2 0.2
v -0.1 -1.2 0.1
v -0.1 -1.1 0.1
v -0.1 -1.1 0
v -0.1 -1 0.1
v -0.1 -1 0
v -0.1 -1 -0.2
v -0.1 -0.9 0
v -0.1 -0.9 -0.2
v -0.1 0 -0.4
v -0.1 0 -0.5
v -0.1 0.2 0.5
v -0.1 0.2 0.4
v -0.1 0.2 -0.4
v -0.1 0.2 -0.5
v -0.1 0.5 0.5
v -0.1 0.5 0.4
v -0.1 1.5 -0.4
v -0.1 1.5 -0.5
v -0.1 1.7 0.5
v -0.1 1.7 0.4
v -0.1 1.7 -0.4
v -0.1 1.7 -0.5
v -0.1 2 0.5
v -0.1 2 0.4
v 0 -1.4 0.5
v 0 -1.4 0.4
v 0 -1.2 0.4
v 0 -1.2 0.3
v 0 -1 0.6
v 0 -1 0.5
v 0 -1 0.4
v 0 -1 0.3
v 0 -0.8 0.6
v 0 -0.8 0.5
v 0 -0.5 0.5
v 0 -0.5 0.4
v 0 -0.5 -0.4
v 0 -0.5 -0.5
v 0 -0.3 -0.5
v 0 -0.3 -0.6
v 0 0 -0.4
v 0 0 -0.6
v 0 0.5 0.6
v 0 0.5 0.4
v 0 0.7 0.6
v 0 0.7 0.5
v 0 1 0.5
v 0 1 0.4
v 0 1 -0.4
v 0 1 -0.5
v 0 1.2 -0.5
v 0 1.2 -0.6
v 0 1.5 -0.4
v 0 1.5 -0.6
v 0 2 0.6
v 0 2 0.4
v 0 2.2 0.6
v 0 2.2 0.5
v 0 2.5 0.5
v 0 2.5 0.4
v 0 2.5 -0.4
v 0 2.5 -0.5
v 0 2.7 -0.5
v 0 2.7 -0.6
v 0 3 -0.4
v 0 3 -0.6
v 0.1 -1.5 0.5
v 0.1 -1.5 0.4
v 0.1 -1.5 0.3
v 0.1 -1.5 0.2
v 0.1 -1.4 0.5
v 0.1 -1.4 0.4
v 0.1 -1.4 0.2
v 0.1 -1 -0.2
v 0.1 -1 -0.3
v 0.1 -0.8 0.6
v 0.1 -0.8 0.5
v 0.1 -0.5 0.6
v 0.1 -0.5 0.5
v 0.1 -0.5 -0.5
v 0.1 -0.5 -0.6
v 0.1 -0.3 -0.5
v 0.1 -0.3 -0.6
v 0.1 0.7 0.6
v 0.1 0.7 0.5
v 0.1 1 0.6
v 0.1 1 0.5
v 0.1 1 -0.5
v 0.1 1 -0.6
v 0.1 1.2 -0.5
v 0.1 1.2 -0.6
v 0.1 2.2 0.6
v 0.1 2.2 0.5
v 0.1 2.5 0.6
v 0.1 2.5 0.5
v 0.1 2.5 -0.5
v 0.1 2.5 -0.6
v 0.1 2.7 -0.5
v 0.1 2.7 -0.6
v 0.1 3 0.3
v 0.1 3 0.2
v 0.1 3 -0.2
v 0.1 3 -0.3
v 0.2 -2.2 0.6
v 0.2 -2.2 0.5
v 0.2 -2.1 0.6
v 0.2 -2.1 0.5
v 0.2 -1.6 0.5
v 0.2 -1.6 0.4
v 0.2 -1.5 0.5
v 0.2 -1.5 0.4
v 0.2 -1.4 0.2
v 0.2 -1.4 0.1
v 0.2 -1.2 0.1
v 0.2 -1 -0.1
v 0.2 -1 -0.2
v 0.2 -0.8 -0.4
v 0.2 -0.8 -0.6
v 0.2 -0.5 0.6
v 0.2 -0.5 0.4
v 0.2 -0.5 -0.4
v 0.2 -0.5 -0.6
v 0.2 -0.3 0.4
v 0.2 0 0.6
v 0.2 0 0.5
v 0.2 0 0.2
v 0.2 0 -0.2
v 0.2 0.2 0.5
v 0.2 0.2 0.4
v 0.2 0.2 -0.4
v 0.2 0.2 -0.5
v 0.2 0.5 0.2
v 0.2 0.5 -0.2
v 0.2 0.5 -0.5
v 0.2 0.5 -0.6
v 0.2 0.7 -0.4
v 0.2 1 0.6
v 0.2 1 0.4
v 0.2 1 -0.4
v 0.2 1 -0.6
v 0.2 1.2 0.4
v 0.2 1.5 0.6
v 0.2 1.5 0.5
v 0.2 1.5 0.2
v 0.2 1.5 -0.2
v 0.2 1.7 0.5
v 0.2 1.7 0.4
v 0.2 1.7 -0.4
v 0.2 1.7 -0.5
v 0.2 2 0.2
v 0.2 2 -0.2
v 0.2 2 -0.5
v 0.2 2 -0.6
v 0.2 2.2 -0.4
v 0.2 2.5 0.6
v 0.2 2.5 0.4
v 0.2 2.5 -0.4
v 0.2 2.5 -0.6
v 0.2 2.7 0.4
v 0.2 3 0.6
v 0.2 3 0.4
v 0.2 3 0.2
v 0.2 3 0.1
v 0.2 3 -0.1
v 0.2 3 -0.2
v 0.3 -2.1 0.5
v 0.3 -2.1 0.4
v 0.3 -2 0.5
v 0.3 -2 0.4
v 0.3 -2 0.3
v 0.3 -1.9 0.4
v 0.3 -1.9 0.3
v 0.3 -1.2 0.1
v 0.3 -1.2 0
v 0.3 -1.1 0
v 0.3 -1.1 -0.1
v 0.3 -0.9 -0.4
v 0.3 -0.9 -0.6
v 0.3 -0.8 -0.4
v 0.3 -0.8 -0.6
v 0.3 -0.3 0.4
v 0.3 -0.3 0.3
v 0.3 0 0.4
v 0.3 0 0.3
v 0.3 0.5 -0.3
v 0.3 0.5 -0.4
v 0.3 0.7 -0.3
v 0.3 0.7 -0.4
v 0.3 1.2 0.4
v 0.3 1.2 0.3
v 0.3 1.5 0.4
v 0.3 1.5 0.3
v 0.3 2 -0.3
v 0.3 2 -0.4
v 0.3 2.2 -0.3
v 0.3 2.2 -0.4
v 0.3 2.7 0.4
v 0.3 2.7 0.3
v 0.3 3 0.4
v 0.3 3 0.3
v 0.3 3 0.1
v 0.3 3 -0.1
v 0.4 -1.9 0.4
v 0.4 -1.9 0.3
v 0.4 -1.8 0.4
v 0.4 -1.8 0.3
v 0.4 -1 0.3
v 0.4 -1 0.2
v 0.4 -1 -0.4
v 0.4 -1 -0.6
v 0.4 -0.9 -0.4
v 0.4 -0.9 -0.6
v 0.4 -0.8 0.3
v 0.4 -0.8 0.2
v 0.4 -0.3 -0.2
v 0.4 -0.3 -0.3
v 0.4 0 0.4
v 0.4 0 0.2
v 0.4 0 -0.3
v 0.4 0 -0.4
v 0.4 0.2 0.2
v 0.4 0.2 -0.2
v 0.4 0.5 0.4
v 0.4 0.5 0.3
v 0.4 0.5 -0.2
v 0.4 0.5 -0.4
v 0.4 0.7 0.3
v 0.4 0.7 0.2
v 0.4 1.2 -0.2
v 0.4 1.2 -0.3
v 0.4 1.5 0.4
v 0.4 1.5 0.2
v 0.4 1.5 -0.3
v 0.4 1.5 -0.4
v 0.4 1.7 0.2
v 0.4 1.7 -0.2
v 0.4 2 0.4
v 0.4 2 0.3
v 0.4 2 -0.2
v 0.4 2 -0.4
v 0.4 2.2 0.3
v 0.4 2.2 0.2
v 0.4 2.7 -0.2
v 0.4 2.7 -0.3
v 0.4 3 -0.2
v 0.4 3 -0.3
v 0.5 -1.8 0.4
v 0.5 -1.8 0.3
v 0.5 -1.7 0.4
v 0.5 -1.7 0.3
v 0.5 -1.1 -0.5
v 0.5 -1.1 -0.6
v 0.5 -1 -0.5
v 0.5 -1 -0.6
v 0.5 0 -0.1
v 0.5 0 -0.2
v 0.5 0.2 0.2
v 0.5 0.2 0.1
v 0.5 0.2 -0.1
v 0.5 0.2 -0.2
v 0.5 0.5 0.2
v 0.5 0.5 0.1
v 0.5 1.5 -0.1
v 0.5 1.5 -0.2
v 0.5 1.7 0.2
v 0.5 1.7 0.1
v 0.5 1.7 -0.1
v 0.5 1.7 -0.2
v 0.5 2 0.2
v 0.5 2 0.1
v 0.6 -2.1 0.1
v 0.6 -2.1 0
v 0.6 -2 0.6
v 0.6 -2 0.5
v 0.6 -2 0.2
v 0.6 -2 0.1
v 0.6 -2 0
v 0.6 -1.9 0.6
v 0.6 -1.9 0.5
v 0.6 -1.9 0.4
v 0.6 -1.8 0.3
v 0.6 -1.8 0.2
v 0.6 -1.8 0.1
v 0.6 -1.8 -0.4
v 0.6 -1.8 -0.5
v 0.6 -1.7 0.5
v 0.6 -1.7 0.4
v 0.6 -1.7 0.3
v 0.6 -1.5 -0.4
v 0.6 -1.5 -0.5
v 0.6 -1.5 -0.6
v 0.6 -1.4 0.2
v 0.6 -1.4 0.1
v 0.6 -1.3 0.1
v 0.6 -1.3 0
v 0.6 -1.3 -0.2
v 0.6 -1.3 -0.3
v 0.6 -1.3 -0.4
v 0.6 -1.3 -0.5
v 0.6 -1.2 0.4
v 0.6 -1.2 0.3
v 0.6 -1.2 -0.1
v 0.6 -1.2 -0.2
v 0.6 -1.2 -0.3
v 0.6 -1.1 0
v 0.6 -1.1 -0.1
v 0.6 -1.1 -0.2
v 0.6 -1.1 -0.3
v 0.6 -1.1 -0.4
v 0.6 -1.1 -0.5
v 0.6 -1.1 -0.6
v 0.6 -1 0.3
v 0.6 -1 0.2
v 0.6 -1 0
v 0.6 -1 -0.1
v 0.6 -1 -0.4
v 0.6 -1 -0.5
v 0.6 -0.9 -0.2
v 0.6 -0.9 -0.3
v 0.6 -0.9 -0.4
v 0.6 -0.8 0
v 0.6 -0.8 -0.1
v 0.6 -0.8 -0.2
v 0.6 -0.8 -0.3
v 0.6 -0.5 0.2
v 0.6 -0.5 0.1
v 0.6 -0.5 -0.1
v 0.6 -0.5 -0.2
v 0.6 -0.3 0.1
v 0.6 -0.3 0
v 0.6 0 0
v 0.6 0 -0.2
v 0.6 0.5 0.2
v 0.6 0.5 0
v 0.6 0.7 0
v 0.6 0.7 -0.1
v 0.6 1 0.2
v 0.6 1 0.1
v 0.6 1 -0.1
v 0.6 1 -0.2
v 0.6 1.2 0.1
v 0.6 1.2 0
v 0.6 1.5 0
v 0.6 1.5 -0.2
v 0.6 2 0.2
v 0.6 2 0
v 0.6 2.2 0
v 0.6 2.2 -0.1
v 0.6 2.5 0.2
v 0.6 2.5 0.1
v 0.6 2.5 -0.1
v 0.6 2.5 -0.2
v 0.6 2.7 0.1
v 0.6 2.7 0
v 0.6 3 0
v 0.6 3 -0.2
v -0.4 -1.6 0.6
v -0.4 -1.5 0.6
v -0.3 -1.6 0.6
v -0.3 -1.5 0.6
v -0.3 -1.4 0.6
v -0.2 -1.5 0.6
v -0.2 -1.4 0.6
v -0.2 -1.3 0.6
v -0.2 -1 0.6
v -0.2 -0.5 0.6
v -0.2 0.5 0.6
v -0.2 1 0.6
v -0.2 2 0.6
v -0.2 2.5 0.6
v -0.1 -1.4 0.6
v -0.1 -1.3 0.6
v -0.1 -0.5 0.6
v -0.1 -0.3 0.6
v -0.1 1 0.6
v -0.1 1.2 0.6
v -0.1 2.5 0.6
v -0.1 2.7 0.6
v 0 -1 0.6
v 0 -0.8 0.6
v 0 -0.3 0.6
v 0 0 0.6
v 0 0.5 0.6
v 0 0.7 0.6
v 0 1.2 0.6
v 0 1.5 0.6
v 0 2 0.6
v 0 2.2 0.6
v 0 2.7 0.6
v 0 3 0.6
v 0.1 -2.2 0.6
v 0.1 -2.1 0.6
v 0.1 -0.8 0.6
v 0.1 -0.5 0.6
v 0.1 0.7 0.6
v 0.1 1 0.6
v 0.1 2.2 0.6
v 0.1 2.5 0.6
v 0.2 -2.2 0.6
v 0.2 -2.1 0.6
v 0.2 -0.5 0.6
v 0.2 0 0.6
v 0.2 1 0.6
v 0.2 1.5 0.6
v 0.2 2.5 0.6
v 0.2 3 0.6
v 0.5 -2 0.6
v 0.5 -1.9 0.6
v 0.6 -2 0.6
v 0.6 -1.9 0.6
v -0.2 -1.3 0.5
v -0.2 -1 0.5
v -0.2 0.2 0.5
v -0.2 0.5 0.5
v -0.2 1.7 0.5
v -0.2 2 0.5
v -0.1 -1.4 0.5
v -0.1 -1.3 0.5
v -0.1 0.2 0.5
v -0.1 0.5 0.5
v -0.1 1.7 0.5
v -0.1 2 0.5
v 0 -1.5 0.5
v 0 -1.4 0.5
v 0 -1 0.5
v 0.1 -1.6 0.5
v 0.1 -1.5 0.5
v 0.1 -1.4 0.5
v 0.1 0 0.5
v 0.1 0.2 0.5
v 0.1 1.5 0.5
v 0.1 1.7 0.5
v 0.2 -2.1 0.5
v 0.2 -2 0.5
v 0.2 -1.6 0.5
v 0.2 -1.5 0.5
v 0.2 0 0.5
v 0.2 0.2 0.5
v 0.2 1.5 0.5
v 0.2 1.7 0.5
v 0.3 -2.1 0.5
v 0.3 -2 0.5
v 0.5 -1.9 0.5
v 0.5 -1.7 0.5
v 0.6 -1.9 0.5
v 0.6 -1.7 0.5
v -0.4 0 0.4
v -0.4 0.5 0.4
v -0.4 1.5 0.4
v -0.4 2 0.4
v -0.3 -1 0.4
v -0.3 -0.8 0.4
v -0.3 0.5 0.4
v -0.3 0.7 0.4
v -0.3 2 0.4
v -0.3 2.2 0.4
v -0.2 -1.5 0.4
v -0.2 -1.4 0.4
v -0.2 -1 0.4
v -0.2 -0.8 0.4
v -0.2 0 0.4
v -0.2 0.2 0.4
v -0.2 0.7 0.4
v -0.2 1.5 0.4
v -0.2 1.7 0.4
v -0.2 2.2 0.4
v -0.1 -1.5 0.4
v -0.1 -1.4 0.4
v 0.2 -2 0.4
v 0.2 -1.9 0.4
v 0.2 -0.3 0.4
v 0.2 0.2 0.4
v 0.2 0.5 0.4
v 0.2 1.2 0.4
v 0.2 1.7 0.4
v 0.2 2 0.4
v 0.2 2.7 0.4
v 0.2 3 0.4
v 0.3 -2 0.4
v 0.3 -1.9 0.4
v 0.3 -1.8 0.4
v 0.3 -0.3 0.4
v 0.3 0 0.4
v 0.3 1.2 0.4
v 0.3 1.5 0.4
v 0.3 2.7 0.4
v 0.3 3 0.4
v 0.4 -1.9 0.4
v 0.4 -1.8 0.4
v 0.4 -1.4 0.4
v 0.4 0 0.4
v 0.4 0.5 0.4
v 0.4 1.5 0.4
v 0.4 2 0.4
v 0.5 -1.8 0.4
v 0.5 -1.7 0.4
v 0.5 -1.4 0.4
v 0.5 -1.2 0.4
v 0.6 -1.7 0.4
v 0.6 -1.2 0.4
v -0.4 -0.3 0.3
v -0.4 0 0.3
v -0.4 1.2 0.3
v -0.4 1.5 0.3
v -0.4 2.7 0.3
v -0.4 3 0.3
v -0.3 -1.6 0.3
v -0.3 -1.5 0.3
v -0.3 -0.3 0.3
v -0.3 0 0.3
v -0.3 1.2 0.3
v -0.3 1.5 0.3
v -0.3 2.7 0.3
v -0.3 3 0.3
v -0.2 -1.6 0.3
v -0.2 -1.5 0.3
v -0.1 -1.3 0.3
v -0.1 -1.2 0.3
v -0.1 -1 0.3
v -0.1 3 0.3
v 0 -1.5 0.3
v 0 -1.3 0.3
v 0 -1.2 0.3
v 0 -1 0.3
v 0.1 -1.5 0.3
v 0.1 3 0.3
v 0.3 -1 0.3
v 0.3 -0.8 0.3
v 0.3 0.5 0.3
v 0.3 0.7 0.3
v 0.3 2 0.3
v 0.3 2.2 0.3
v 0.4 -1.4 0.3
v 0.4 -1.3 0.3
v 0.4 -1 0.3
v 0.4 -0.8 0.3
v 0.4 0.5 0.3
v 0.4 0.7 0.3
v 0.4 2 0.3
v 0.4 2.2 0.3
v 0.5 -1.8 0.3
v 0.5 -1.7 0.3
v 0.5 -1.4 0.3
v 0.5 -1.3 0.3
v 0.5 -1.2 0.3
v 0.5 -1 0.3
v 0.6 -1.8 0.3
v 0.6 -1.7 0.3
v 0.6 -1.2 0.3
v 0.6 -1 0.3
v -0.6 -0.5 0.2
v -0.6 0 0.2
v -0.6 1 0.2
v -0.6 1.5 0.2
v -0.6 2.5 0.2
v -0.6 3 0.2
v -0.5 0 0.2
v -0.5 0.2 0.2
v -0.5 1.5 0.2
v -0.5 1.7 0.2
v -0.4 -1.7 0.2
v -0.4 -1.6 0.2
v -0.4 -0.5 0.2
v -0.4 -0.3 0.2
v -0.4 0.2 0.2
v -0.4 1 0.2
v -0.4 1.2 0.2
v -0.4 1.7 0.2
v -0.4 2.5 0.2
v -0.4 2.7 0.2
v -0.4 3 0.2
v -0.3 -1.7 0.2
v -0.3 -1.6 0.2
v -0.2 -1.3 0.2
v -0.2 0 0.2
v -0.2 0.5 0.2
v -0.2 1.5 0.2
v -0.2 2 0.2
v -0.2 3 0.2
v -0.1 -1.3 0.2
v -0.1 3 0.2
v 0.1 -1.4 0.2
v 0.1 3 0.2
v 0.2 -1.4 0.2
v 0.2 0 0.2
v 0.2 0.5 0.2
v 0.2 1.5 0.2
v 0.2 2 0.2
v 0.2 3 0.2
v 0.4 -1.3 0.2
v 0.4 -1 0.2
v 0.4 -0.8 0.2
v 0.4 -0.5 0.2
v 0.4 0.2 0.2
v 0.4 0.7 0.2
v 0.4 1 0.2
v 0.4 1.7 0.2
v 0.4 2.2 0.2
v 0.4 2.5 0.2
v 0.5 -2 0.2
v 0.5 -1.8 0.2
v 0.5 -1.3 0.2
v 0.5 -1 0.2
v 0.5 0.2 0.2
v 0.5 0.5 0.2
v 0.5 1.7 0.2
v 0.5 2 0.2
v 0.6 -2 0.2
v 0.6 -1.8 0.2
v 0.6 -1 0.2
v 0.6 -0.5 0.2
v 0.6 0.5 0.2
v 0.6 1 0.2
v 0.6 2 0.2
v 0.6 2.5 0.2
v -0.6 -0.8 0.1
v -0.6 -0.5 0.1
v -0.6 0.7 0.1
v -0.6 1 0.1
v -0.6 2.2 0.1
v -0.6 2.5 0.1
v -0.5 -0.8 0.1
v -0.5 -0.5 0.1
v -0.5 0.7 0.1
v -0.5 1 0.1
v -0.5 2.2 0.1
v -0.5 2.5 0.1
v -0.4 -1 0.1
v -0.4 -0.9 0.1
v -0.3 -1.2 0.1
v -0.3 -1 0.1
v -0.3 -0.9 0.1
v -0.3 3 0.1
v -0.2 -1.2 0.1
v -0.2 3 0.1
v 0.2 -1.2 0.1
v 0.2 3 0.1
v 0.3 -1.2 0.1
v 0.3 3 0.1
v 0.5 -2.1 0.1
v 0.5 -2 0.1
v 0.5 -0.5 0.1
v 0.5 -0.3 0.1
v 0.5 1 0.1
v 0.5 1.2 0.1
v 0.5 2.5 0.1
v 0.5 2.7 0.1
v 0.6 -2.1 0.1
v 0.6 -2 0.1
v 0.6 -0.5 0.1
v 0.6 -0.3 0.1
v 0.6 1 0.1
v 0.6 1.2 0.1
v 0.6 2.5 0.1
v 0.6 2.7 0.1
v -0.6 -1 0
v -0.6 -0.8 0
v -0.6 0.5 0
v -0.6 0.7 0
v -0.6 2 0
v -0.6 2.2 0
v -0.5 -0.8 0
v -0.5 -0.5 0
v -0.5 0.7 0
v -0.5 1 0
v -0.5 2.2 0
v -0.5 2.5 0
v -0.4 -1 0
v -0.4 -0.9 0
v -0.4 -0.8 0
v -0.4 -0.5 0
v -0.4 0.5 0
v -0.4 1 0
v -0.4 2 0
v -0.4 2.5 0
v -0.3 -0.9 0
v -0.3 -0.8 0
v 0.4 -0.5 0
v 0.4 0 0
v 0.4 1 0
v 0.4 1.5 0
v 0.4 2.5 0
v 0.4 3 0
v 0.5 -0.5 0
v 0.5 -0.3 0
v 0.5 1 0
v 0.5 1.2 0
v 0.5 2.5 0
v 0.5 2.7 0
v 0.6 -0.3 0
v 0.6 0 0
v 0.6 1.2 0
v 0.6 1.5 0
v 0.6 2.7 0
v 0.6 3 0
v -0.5 -1.1 -0.1
v -0.5 -1 -0.1
v -0.5 0.2 -0.1
v -0.5 0.5 -0.1
v -0.5 1.7 -0.1
v -0.5 2 -0.1
v -0.4 -1.1 -0.1
v -0.4 -1 -0.1
v -0.4 -0.8 -0.1
v -0.4 -0.7 -0.1
v -0.4 0.2 -0.1
v -0.4 0.5 -0.1
v -0.4 1.7 -0.1
v -0.4 2 -0.1
v -0.3 -0.8 -0.1
v -0.3 -0.7 -0.1
v 0.1 -1 -0.1
v 0.1 -0.9 -0.1
v 0.2 -1 -0.1
v 0.2 -0.9 -0.1
v 0.4 0 -0.1
v 0.4 0.2 -0.1
v 0.4 1.5 -0.1
v 0.4 1.7 -0.1
v 0.5 -1.2 -0.1
v 0.5 -1.1 -0.1
v 0.5 0 -0.1
v 0.5 0.2 -0.1
v 0.5 1.5 -0.1
v 0.5 1.7 -0.1
v 0.6 -1.2 -0.1
v 0.6 -1.1 -0.1
v -0.4 -1.2 -0.2
v -0.4 -1.1 -0.2
v -0.4 -0.9 -0.2
v -0.4 0 -0.2
v -0.4 0.2 -0.2
v -0.4 0.7 -0.2
v -0.4 1.5 -0.2
v -0.4 1.7 -0.2
v -0.4 2.2 -0.2
v -0.3 -1.3 -0.2
v -0.3 -1.2 -0.2
v -0.3 -1.1 -0.2
v -0.3 0.5 -0.2
v -0.3 0.7 -0.2
v -0.3 2 -0.2
v -0.3 2.2 -0.2
v -0.2 -1.4 -0.2
v -0.2 -1.3 -0.2
v -0.2 -1.2 -0.2
v -0.2 -1.1 -0.2
v -0.2 -1 -0.2
v -0.2 -0.9 -0.2
v -0.2 0 -0.2
v -0.2 0.5 -0.2
v -0.2 1.5 -0.2
v -0.2 2 -0.2
v -0.1 -1.4 -0.2
v -0.1 -1.3 -0.2
v -0.1 -1 -0.2
v -0.1 -0.9 -0.2
v 0.1 -1 -0.2
v 0.1 -0.9 -0.2
v 0.2 0 -0.2
v 0.2 0.5 -0.2
v 0.2 1.5 -0.2
v 0.2 2 -0.2
v 0.3 -0.3 -0.2
v 0.3 0 -0.2
v 0.3 1.2 -0.2
v 0.3 1.5 -0.2
v 0.3 2.7 -0.2
v 0.3 3 -0.2
v 0.4 -0.3 -0.2
v 0.4 0.2 -0.2
v 0.4 0.5 -0.2
v 0.4 1.2 -0.2
v 0.4 1.7 -0.2
v 0.4 2 -0.2
v 0.4 2.7 -0.2
v 0.4 3 -0.2
v 0.5 -1.3 -0.2
v 0.5 -1.2 -0.2
v 0.5 -0.9 -0.2
v 0.5 -0.8 -0.2
v 0.6 -1.3 -0.2
v 0.6 -1.2 -0.2
v 0.6 -0.9 -0.2
v 0.6 -0.8 -0.2
v -0.3 -0.3 -0.3
v -0.3 0 -0.3
v -0.3 1.2 -0.3
v -0.3 1.5 -0.3
v -0.3 2.7 -0.3
v -0.3 3 -0.3
v -0.2 -0.3 -0.3
v -0.2 0 -0.3
v -0.2 1.2 -0.3
v -0.2 1.5 -0.3
v -0.2 2.7 -0.3
v -0.2 3 -0.3
v 0.2 0.5 -0.3
v 0.2 0.7 -0.3
v 0.2 2 -0.3
v 0.2 2.2 -0.3
v 0.3 0.5 -0.3
v 0.3 0.7 -0.3
v 0.3 2 -0.3
v 0.3 2.2 -0.3
v 0.5 -1.1 -0.3
v 0.5 -0.9 -0.3
v 0.6 -1.1 -0.3
v 0.6 -0.9 -0.3
v -0.2 -0.5 -0.4
v -0.2 -0.3 -0.4
v -0.2 0.2 -0.4
v -0.2 1 -0.4
v -0.2 1.2 -0.4
v -0.2 1.7 -0.4
v -0.2 2.5 -0.4
v -0.2 2.7 -0.4
v -0.2 3 -0.4
v -0.1 0 -0.4
v -0.1 0.2 -0.4
v -0.1 1.5 -0.4
v -0.1 1.7 -0.4
v 0 -0.8 -0.4
v 0 -0.5 -0.4
v 0 0 -0.4
v 0 0.5 -0.4
v 0 1 -0.4
v 0 1.5 -0.4
v 0 2 -0.4
v 0 2.5 -0.4
v 0 3 -0.4
v 0.1 -0.9 -0.4
v 0.1 -0.8 -0.4
v 0.1 0.2 -0.4
v 0.1 0.5 -0.4
v 0.1 1.7 -0.4
v 0.1 2 -0.4
v 0.2 -1 -0.4
v 0.2 -0.9 -0.4
v 0.2 -0.8 -0.4
v 0.2 -0.5 -0.4
v 0.2 0.2 -0.4
v 0.2 0.7 -0.4
v 0.2 1 -0.4
v 0.2 1.7 -0.4
v 0.2 2.2 -0.4
v 0.2 2.5 -0.4
v 0.3 -1.2 -0.4
v 0.3 -1 -0.4
v 0.3 -0.9 -0.4
v 0.3 -0.8 -0.4
v 0.4 -1 -0.4
v 0.4 -0.9 -0.4
v 0.5 -1.8 -0.4
v 0.5 -1.5 -0.4
v 0.5 -1.3 -0.4
v 0.5 -1.2 -0.4
v 0.5 -1.1 -0.4
v 0.5 -1 -0.4
v 0.6 -1.8 -0.4
v 0.6 -1.5 -0.4
v 0.6 -1.3 -0.4
v 0.6 -1.1 -0.4
v -0.1 -0.8 -0.5
v -0.1 -0.5 -0.5
v -0.1 0.7 -0.5
v -0.1 1 -0.5
v -0.1 2.2 -0.5
v -0.1 2.5 -0.5
v 0 -0.8 -0.5
v 0 -0.5 -0.5
v 0 -0.3 -0.5
v 0 0.7 -0.5
v 0 1 -0.5
v 0 1.2 -0.5
v 0 2.2 -0.5
v 0 2.5 -0.5
v 0 2.7 -0.5
v 0.1 -0.5 -0.5
v 0.1 -0.3 -0.5
v 0.1 1 -0.5
v 0.1 1.2 -0.5
v 0.1 2.5 -0.5
v 0.1 2.7 -0.5
v 0.5 -1.5 -0.5
v 0.5 -1.3 -0.5
v 0.6 -1.5 -0.5
v 0.6 -1.3 -0.5
v -0.4 -1.6 0.5
v -0.4 -1.5 0.5
v -0.3 -1.6 0.5
v -0.3 -1.5 0.5
v -0.3 -1.4 0.5
v -0.2 -1.5 0.5
v -0.2 -1.4 0.5
v -0.1 -0.5 0.5
v -0.1 -0.3 0.5
v -0.1 1 0.5
v -0.1 1.2 0.5
v -0.1 2.5 0.5
v -0.1 2.7 0.5
v 0 -0.8 0.5
v 0 -0.5 0.5
v 0 -0.3 0.5
v 0 0.7 0.5
v 0 1 0.5
v 0 1.2 0.5
v 0 2.2 0.5
v 0 2.5 0.5
v 0 2.7 0.5
v 0.1 -2.2 0.5
v 0.1 -2.1 0.5
v 0.1 -0.8 0.5
v 0.1 -0.5 0.5
v 0.1 0.7 0.5
v 0.1 1 0.5
v 0.1 2.2 0.5
v 0.1 2.5 0.5
v 0.2 -2.2 0.5
v 0.2 -2.1 0.5
v 0.5 -2 0.5
v 0.5 -1.9 0.5
v 0.6 -2 0.5
v 0.6 -1.9 0.5
v -0.2 -1.1 0.4
v -0.2 -1 0.4
v -0.2 -0.8 0.4
v -0.2 -0.5 0.4
v -0.2 0.2 0.4
v -0.2 0.7 0.4
v -0.2 1 0.4
v -0.2 1.7 0.4
v -0.2 2.2 0.4
v -0.2 2.5 0.4
v -0.1 -1.4 0.4
v -0.1 -1.2 0.4
v -0.1 -1.1 0.4
v -0.1 -1 0.4
v -0.1 0.2 0.4
v -0.1 0.5 0.4
v -0.1 1.7 0.4
v -0.1 2 0.4
v 0 -1.5 0.4
v 0 -1.4 0.4
v 0 -1.2 0.4
v 0 -1 0.4
v 0 -0.5 0.4
v 0 0 0.4
v 0 0.5 0.4
v 0 1 0.4
v 0 1.5 0.4
v 0 2 0.4
v 0 2.5 0.4
v 0 3 0.4
v 0.1 -1.6 0.4
v 0.1 -1.5 0.4
v 0.1 -1.4 0.4
v 0.1 0 0.4
v 0.1 0.2 0.4
v 0.1 1.5 0.4
v 0.1 1.7 0.4
v 0.2 -2.1 0.4
v 0.2 -2 0.4
v 0.2 -1.6 0.4
v 0.2 -1.5 0.4
v 0.2 -0.5 0.4
v 0.2 -0.3 0.4
v 0.2 0.2 0.4
v 0.2 1 0.4
v 0.2 1.2 0.4
v 0.2 1.7 0.4
v 0.2 2.5 0.4
v 0.2 2.7 0.4
v 0.2 3 0.4
v 0.3 -2.1 0.4
v 0.3 -2 0.4
v 0.5 -1.9 0.4
v 0.5 -1.8 0.4
v 0.5 -1.7 0.4
v 0.6 -1.9 0.4
v 0.6 -1.7 0.4
v -0.3 -1 0.3
v -0.3 -0.8 0.3
v -0.3 0.5 0.3
v -0.3 0.7 0.3
v -0.3 2 0.3
v -0.3 2.2 0.3
v -0.2 -1.5 0.3
v -0.2 -1.1 0.3
v -0.2 -1 0.3
v -0.2 -0.8 0.3
v -0.2 0.5 0.3
v -0.2 0.7 0.3
v -0.2 2 0.3
v -0.2 2.2 0.3
v -0.1 -1.5 0.3
v -0.1 -1.3 0.3
v -0.1 -1.1 0.3
v 0.2 -2 0.3
v 0.2 -1.9 0.3
v 0.2 -0.3 0.3
v 0.2 0 0.3
v 0.2 1.2 0.3
v 0.2 1.5 0.3
v 0.2 2.7 0.3
v 0.2 3 0.3
v 0.3 -2 0.3
v 0.3 -1.9 0.3
v 0.3 -1.8 0.3
v 0.3 -0.3 0.3
v 0.3 0 0.3
v 0.3 1.2 0.3
v 0.3 1.5 0.3
v 0.3 2.7 0.3
v 0.3 3 0.3
v 0.4 -1.9 0.3
v 0.4 -1.8 0.3
v 0.4 -1.6 0.3
v 0.5 -1.8 0.3
v 0.5 -1.6 0.3
v -0.4 -0.3 0.2
v -0.4 0.2 0.2
v -0.4 0.5 0.2
v -0.4 1.2 0.2
v -0.4 1.7 0.2
v -0.4 2 0.2
v -0.4 2.7 0.2
v -0.4 3 0.2
v -0.3 -1.6 0.2
v -0.3 -1.5 0.2
v -0.3 -0.3 0.2
v -0.3 0 0.2
v -0.3 1.2 0.2
v -0.3 1.5 0.2
v -0.3 2.7 0.2
v -0.3 3 0.2
v -0.2 -1.6 0.2
v -0.2 -1.5 0.2
v -0.2 0 0.2
v -0.2 0.5 0.2
v -0.2 1.5 0.2
v -0.2 2 0.2
v -0.1 -1.3 0.2
v -0.1 -1.2 0.2
v 0 -1.5 0.2
v 0 -1.3 0.2
v 0.1 -1.5 0.2
v 0.1 -1.4 0.2
v 0.1 -1.2 0.2
v 0.2 0 0.2
v 0.2 0.5 0.2
v 0.2 1.5 0.2
v 0.2 2 0.2
v 0.3 -1 0.2
v 0.3 -0.8 0.2
v 0.3 0.5 0.2
v 0.3 0.7 0.2
v 0.3 2 0.2
v 0.3 2.2 0.2
v 0.4 -1.6 0.2
v 0.4 -1.4 0.2
v 0.4 -1 0.2
v 0.4 -0.8 0.2
v 0.4 0 0.2
v 0.4 0.2 0.2
v 0.4 0.7 0.2
v 0.4 1.5 0.2
v 0.4 1.7 0.2
v 0.4 2.2 0.2
v 0.5 -1.8 0.2
v 0.5 -1.6 0.2
v 0.6 -1.8 0.2
v 0.6 -1.4 0.2
v -0.5 0 0.1
v -0.5 0.2 0.1
v -0.5 1.5 0.1
v -0.5 1.7 0.1
v -0.4 -1.7 0.1
v -0.4 -1.6 0.1
v -0.4 0 0.1
v -0.4 0.2 0.1
v -0.4 1.5 0.1
v -0.4 1.7 0.1
v -0.3 -1.7 0.1
v -0.3 -1.6 0.1
v -0.2 -1.3 0.1
v -0.2 -1.2 0.1
v -0.2 -1.1 0.1
v -0.1 -1.3 0.1
v -0.1 -1.2 0.1
v -0.1 -1.1 0.1
v -0.1 -1 0.1
v 0.1 -1.4 0.1
v 0.1 -1.2 0.1
v 0.1 -1.1 0.1
v 0.1 -1 0.1
v 0.2 -1.4 0.1
v 0.2 -1.2 0.1
v 0.2 -1.1 0.1
v 0.4 -1.4 0.1
v 0.4 -1.2 0.1
v 0.4 0.2 0.1
v 0.4 0.5 0.1
v 0.4 1.7 0.1
v 0.4 2 0.1
v 0.5 -2 0.1
v 0.5 -1.8 0.1
v 0.5 -1.3 0.1
v 0.5 -1.2 0.1
v 0.5 0.2 0.1
v 0.5 0.5 0.1
v 0.5 1.7 0.1
v 0.5 2 0.1
v 0.6 -2 0.1
v 0.6 -1.8 0.1
v 0.6 -1.4 0.1
v 0.6 -1.3 0.1
v -0.6 -0.3 0
v -0.6 0 0
v -0.6 1.2 0
v -0.6 1.5 0
v -0.6 2.7 0
v -0.6 3 0
v -0.5 -0.5 0
v -0.5 -0.3 0
v -0.5 1 0
v -0.5 1.2 0
v -0.5 2.5 0
v -0.5 2.7 0
v -0.4 -1 0
v -0.4 -0.9 0
v -0.4 -0.5 0
v -0.4 0 0
v -0.4 1 0
v -0.4 1.5 0
v -0.4 2.5 0
v -0.4 3 0
v -0.3 -1.2 0
v -0.3 -1.1 0
v -0.3 -1 0
v -0.3 -0.9 0
v -0.2 -1.2 0
v -0.2 -1.1 0
v -0.2 -1 0
v -0.1 -1.1 0
v -0.1 -1 0
v -0.1 -0.9 0
v 0.1 -1.1 0
v 0.1 -1 0
v 0.2 -1.2 0
v 0.2 -1.1 0
v 0.2 -0.9 0
v 0.3 -1.2 0
v 0.3 -1.1 0
v 0.4 -1.2 0
v 0.4 -0.5 0
v 0.4 0.5 0
v 0.4 1 0
v 0.4 2 0
v 0.4 2.5 0
v 0.5 -2.1 0
v 0.5 -2 0
v 0.5 -1.3 0
v 0.5 -1.2 0
v 0.5 -1.1 0
v 0.5 -1 0
v 0.5 -0.8 0
v 0.5 -0.5 0
v 0.5 0.7 0
v 0.5 1 0
v 0.5 2.2 0
v 0.5 2.5 0
v 0.6 -2.1 0
v 0.6 -2 0
v 0.6 -1.3 0
v 0.6 -1.1 0
v 0.6 -1 0
v 0.6 -0.8 0
v 0.6 0.5 0
v 0.6 0.7 0
v 0.6 2 0
v 0.6 2.2 0
v -0.6 -1 -0.1
v -0.6 -0.7 -0.1
v -0.6 -0.5 -0.1
v -0.6 -0.3 -0.1
v -0.6 1 -0.1
v -0.6 1.2 -0.1
v -0.6 2.5 -0.1
v -0.6 2.7 -0.1
v -0.5 -1 -0.1
v -0.5 -0.7 -0.1
v -0.5 -0.5 -0.1
v -0.5 -0.3 -0.1
v -0.5 1 -0.1
v -0.5 1.2 -0.1
v -0.5 2.5 -0.1
v -0.5 2.7 -0.1
v -0.3 -1.1 -0.1
v -0.3 -0.9 -0.1
v -0.3 -0.8 -0.1
v -0.3 -0.7 -0.1
v -0.3 3 -0.1
v -0.2 -1.1 -0.1
v -0.2 -1 -0.1
v -0.2 -0.9 -0.1
v -0.2 -0.8 -0.1
v -0.2 3 -0.1
v 0.2 -1.1 -0.1
v 0.2 -1 -0.1
v 0.2 3 -0.1
v 0.3 -1.1 -0.1
v 0.3 3 -0.1
v 0.5 -1.1 -0.1
v 0.5 -1 -0.1
v 0.5 -0.8 -0.1
v 0.5 -0.5 -0.1
v 0.5 0.7 -0.1
v 0.5 1 -0.1
v 0.5 2.2 -0.1
v 0.5 2.5 -0.1
v 0.6 -1.1 -0.1
v 0.6 -1 -0.1
v 0.6 -0.8 -0.1
v 0.6 -0.5 -0.1
v 0.6 0.7 -0.1
v 0.6 1 -0.1
v 0.6 2.2 -0.1
v 0.6 2.5 -0.1
v -0.6 -0.7 -0.2
v -0.6 -0.5 -0.2
v -0.6 0.5 -0.2
v -0.6 1 -0.2
v -0.6 2 -0.2
v -0.6 2.5 -0.2
v -0.5 -1.1 -0.2
v -0.5 -0.7 -0.2
v -0.5 0.2 -0.2
v -0.5 0.5 -0.2
v -0.5 1.7 -0.2
v -0.5 2 -0.2
v -0.4 -1.1 -0.2
v -0.4 -0.9 -0.2
v -0.4 -0.7 -0.2
v -0.4 -0.5 -0.2
v -0.4 0.2 -0.2
v -0.4 0.7 -0.2
v -0.4 1 -0.2
v -0.4 1.7 -0.2
v -0.4 2.2 -0.2
v -0.4 2.5 -0.2
v -0.3 -0.9 -0.2
v -0.3 -0.8 -0.2
v -0.3 -0.7 -0.2
v -0.2 -0.8 -0.2
v -0.2 0 -0.2
v -0.2 0.5 -0.2
v -0.2 1.5 -0.2
v -0.2 2 -0.2
v -0.2 3 -0.2
v -0.1 -0.8 -0.2
v -0.1 3 -0.2
v 0.1 -1 -0.2
v 0.1 3 -0.2
v 0.2 -1 -0.2
v 0.2 0 -0.2
v 0.2 0.5 -0.2
v 0.2 1.5 -0.2
v 0.2 2 -0.2
v 0.2 3 -0.2
v 0.4 -0.5 -0.2
v 0.4 -0.3 -0.2
v 0.4 0.2 -0.2
v 0.4 1 -0.2
v 0.4 1.2 -0.2
v 0.4 1.7 -0.2
v 0.4 2.5 -0.2
v 0.4 2.7 -0.2
v 0.4 3 -0.2
v 0.5 -1.2 -0.2
v 0.5 -1.1 -0.2
v 0.5 0 -0.2
v 0.5 0.2 -0.2
v 0.5 1.5 -0.2
v 0.5 1.7 -0.2
v 0.6 -1.2 -0.2
v 0.6 -1.1 -0.2
v 0.6 -0.5 -0.2
v 0.6 0 -0.2
v 0.6 1 -0.2
v 0.6 1.5 -0.2
v 0.6 2.5 -0.2
v 0.6 3 -0.2
v -0.4 -1.2 -0.3
v -0.4 -0.9 -0.3
v -0.4 0.5 -0.3
v -0.4 0.7 -0.3
v -0.4 2 -0.3
v -0.4 2.2 -0.3
v -0.3 -1.3 -0.3
v -0.3 -1.2 -0.3
v -0.3 -1.1 -0.3
v -0.3 -0.9 -0.3
v -0.3 -0.8 -0.3
v -0.3 0.5 -0.3
v -0.3 0.7 -0.3
v -0.3 2 -0.3
v -0.3 2.2 -0.3
v -0.2 -1.4 -0.3
v -0.2 -1.3 -0.3
v -0.2 -1.2 -0.3
v -0.2 -1.1 -0.3
v -0.2 -1 -0.3
v -0.1 -1.4 -0.3
v -0.1 -1.3 -0.3
v -0.1 -1 -0.3
v -0.1 -0.8 -0.3
v -0.1 3 -0.3
v 0.1 -1 -0.3
v 0.1 3 -0.3
v 0.3 -0.3 -0.3
v 0.3 0 -0.3
v 0.3 1.2 -0.3
v 0.3 1.5 -0.3
v 0.3 2.7 -0.3
v 0.3 3 -0.3
v 0.4 -0.3 -0.3
v 0.4 0 -0.3
v 0.4 1.2 -0.3
v 0.4 1.5 -0.3
v 0.4 2.7 -0.3
v 0.4 3 -0.3
v 0.5 -1.3 -0.3
v 0.5 -1.2 -0.3
v 0.5 -0.9 -0.3
v 0.5 -0.8 -0.3
v 0.6 -1.3 -0.3
v 0.6 -1.2 -0.3
v 0.6 -0.9 -0.3
v 0.6 -0.8 -0.3
v -0.4 0 -0.4
v -0.4 0.5 -0.4
v -0.4 1.5 -0.4
v -0.4 2 -0.4
v -0.3 -0.3 -0.4
v -0.3 0 -0.4
v -0.3 1.2 -0.4
v -0.3 1.5 -0.4
v -0.3 2.7 -0.4
v -0.3 3 -0.4
v -0.2 -0.3 -0.4
v -0.2 0.2 -0.4
v -0.2 0.5 -0.4
v -0.2 1.2 -0.4
v -0.2 1.7 -0.4
v -0.2 2 -0.4
v -0.2 2.7 -0.4
v -0.2 3 -0.4
v 0.2 0 -0.4
v 0.2 0.2 -0.4
v 0.2 0.7 -0.4
v 0.2 1.5 -0.4
v 0.2 1.7 -0.4
v 0.2 2.2 -0.4
v 0.3 0.5 -0.4
v 0.3 0.7 -0.4
v 0.3 2 -0.4
v 0.3 2.2 -0.4
v 0.4 0 -0.4
v 0.4 0.5 -0.4
v 0.4 1.5 -0.4
v 0.4 2 -0.4
v 0.5 -1 -0.4
v 0.5 -0.9 -0.4
v 0.6 -1 -0.4
v 0.6 -0.9 -0.4
v -0.2 0 -0.5
v -0.2 0.2 -0.5
v -0.2 1.5 -0.5
v -0.2 1.7 -0.5
v -0.1 0 -0.5
v -0.1 0.2 -0.5
v -0.1 1.5 -0.5
v -0.1 1.7 -0.5
v 0.1 0.2 -0.5
v 0.1 0.5 -0.5
v 0.1 1.7 -0.5
v 0.1 2 -0.5
v 0.2 0.2 -0.5
v 0.2 0.5 -0.5
v 0.2 1.7 -0.5
v 0.2 2 -0.5
v 0.3 -1.2 -0.5
v 0.3 -1.1 -0.5
v 0.4 -1.2 -0.5
v 0.4 -1.1 -0.5
v 0.5 -1.8 -0.5
v 0.5 -1.5 -0.5
v 0.5 -1.1 -0.5
v 0.5 -1 -0.5
v 0.6 -1.8 -0.5
v 0.6 -1.5 -0.5
v 0.6 -1.1 -0.5
v 0.6 -1 -0.5
v -0.2 -0.5 -0.6
v -0.2 0 -0.6
v -0.2 1 -0.6
v -0.2 1.5 -0.6
v -0.2 2.5 -0.6
v -0.2 3 -0.6
v -0.1 -0.8 -0.6
v -0.1 -0.5 -0.6
v -0.1 0.7 -0.6
v -0.1 1 -0.6
v -0.1 2.2 -0.6
v -0.1 2.5 -0.6
v 0 -0.3 -0.6
v 0 0 -0.6
v 0 0.5 -0.6
v 0 0.7 -0.6
v 0 1.2 -0.6
v 0 1.5 -0.6
v 0 2 -0.6
v 0 2.2 -0.6
v 0 2.7 -0.6
v 0 3 -0.6
v 0.1 -0.9 -0.6
v 0.1 -0.8 -0.6
v 0.1 -0.5 -0.6
v 0.1 -0.3 -0.6
v 0.1 1 -0.6
v 0.1 1.2 -0.6
v 0.1 2.5 -0.6
v 0.1 2.7 -0.6
v 0.2 -1 -0.6
v 0.2 -0.9 -0.6
v 0.2 -0.8 -0.6
v 0.2 -0.5 -0.6
v 0.2 0.5 -0.6
v 0.2 1 -0.6
v 0.2 2 -0.6
v 0.2 2.5 -0.6
v 0.3 -1.1 -0.6
v 0.3 -1 -0.6
v 0.3 -0.9 -0.6
v 0.3 -0.8 -0.6
v 0.4 -1.2 -0.6
v 0.4 -1.1 -0.6
v 0.4 -1 -0.6
v 0.4 -0.9 -0.6
v 0.5 -1.5 -0.6
v 0.5 -1.2 -0.6
v 0.5 -1.1 -0.6
v 0.5 -1 -0.6
v 0.6 -1.5 -0.6
v 0.6 -1.1 -0.6
v 0.1 -2.2 0.6
v 0.2 -2.2 0.6
v 0.1 -2.2 0.5
v 0.2 -2.2 0.5
v 0.2 -2.1 0.5
v 0.3 -2.1 0.5
v 0.2 -2.1 0.4
v 0.3 -2.1 0.4
v 0.5 -2.1 0.1
v 0.6 -2.1 0.1
v 0.5 -2.1 0
v 0.6 -2.1 0
v 0.5 -2 0.6
v 0.6 -2 0.6
v 0.5 -2 0.5
v 0.6 -2 0.5
v 0.2 -2 0.4
v 0.3 -2 0.4
v 0.2 -2 0.3
v 0.3 -2 0.3
v 0.5 -2 0.2
v 0.6 -2 0.2
v 0.5 -2 0.1
v 0.6 -2 0.1
v 0.5 -1.9 0.5
v 0.6 -1.9 0.5
v 0.3 -1.9 0.4
v 0.4 -1.9 0.4
v 0.5 -1.9 0.4
v 0.6 -1.9 0.4
v 0.3 -1.9 0.3
v 0.4 -1.9 0.3
v 0.4 -1.8 0.4
v 0.5 -1.8 0.4
v 0.4 -1.8 0.3
v 0.5 -1.8 0.3
v 0.6 -1.8 0.3
v 0.5 -1.8 0.2
v 0.6 -1.8 0.2
v 0.5 -1.8 -0.4
v 0.6 -1.8 -0.4
v 0.5 -1.8 -0.5
v 0.6 -1.8 -0.5
v 0.5 -1.7 0.4
v 0.6 -1.7 0.4
v 0.5 -1.7 0.3
v 0.6 -1.7 0.3
v -0.4 -1.7 0.2
v -0.3 -1.7 0.2
v -0.4 -1.7 0.1
v -0.3 -1.7 0.1
v -0.4 -1.6 0.6
v -0.3 -1.6 0.6
v -0.4 -1.6 0.5
v -0.3 -1.6 0.5
v 0.1 -1.6 0.5
v 0.2 -1.6 0.5
v 0.1 -1.6 0.4
v 0.2 -1.6 0.4
v -0.3 -1.6 0.3
v -0.2 -1.6 0.3
v 0.4 -1.6 0.3
v 0.5 -1.6 0.3
v -0.3 -1.6 0.2
v -0.2 -1.6 0.2
v 0.4 -1.6 0.2
v 0.5 -1.6 0.2
v -0.3 -1.5 0.6
v -0.2 -1.5 0.6
v -0.3 -1.5 0.5
v -0.2 -1.5 0.5
v 0 -1.5 0.5
v 0.1 -1.5 0.5
v -0.2 -1.5 0.4
v -0.1 -1.5 0.4
v 0 -1.5 0.4
v 0.1 -1.5 0.4
v -0.2 -1.5 0.3
v -0.1 -1.5 0.3
v 0 -1.5 0.3
v 0.1 -1.5 0.3
v 0 -1.5 0.2
v 0.1 -1.5 0.2
v 0.5 -1.5 -0.5
v 0.6 -1.5 -0.5
v 0.5 -1.5 -0.6
v 0.6 -1.5 -0.6
v -0.2 -1.4 0.6
v -0.1 -1.4 0.6
v -0.2 -1.4 0.5
v -0.1 -1.4 0.5
v 0 -1.4 0.5
v -0.2 -1.4 0.4
v -0.1 -1.4 0.4
v 0 -1.4 0.4
v 0.1 -1.4 0.2
v 0.2 -1.4 0.2
v 0.4 -1.4 0.2
v 0.6 -1.4 0.2
v 0.1 -1.4 0.1
v 0.2 -1.4 0.1
v 0.4 -1.4 0.1
v 0.6 -1.4 0.1
v -0.2 -1.4 -0.2
v -0.1 -1.4 -0.2
v -0.2 -1.4 -0.3
v -0.1 -1.4 -0.3
v -0.1 -1.3 0.3
v 0 -1.3 0.3
v -0.2 -1.3 0.2
v -0.1 -1.3 0.2
v 0 -1.3 0.2
v -0.2 -1.3 0.1
v -0.1 -1.3 0.1
v 0.5 -1.3 0.1
v 0.6 -1.3 0.1
v 0.5 -1.3 0
v 0.6 -1.3 0
v -0.3 -1.3 -0.2
v -0.2 -1.3 -0.2
v 0.5 -1.3 -0.2
v 0.6 -1.3 -0.2
v -0.3 -1.3 -0.3
v -0.2 -1.3 -0.3
v 0.5 -1.3 -0.3
v 0.6 -1.3 -0.3
v 0.5 -1.3 -0.4
v 0.6 -1.3 -0.4
v 0.5 -1.3 -0.5
v 0.6 -1.3 -0.5
v -0.1 -1.2 0.4
v 0 -1.2 0.4
v -0.1 -1.2 0.3
v 0 -1.2 0.3
v -0.1 -1.2 0.2
v 0.1 -1.2 0.2
v -0.3 -1.2 0.1
v -0.2 -1.2 0.1
v -0.1 -1.2 0.1
v 0.1 -1.2 0.1
v 0.2 -1.2 0.1
v 0.3 -1.2 0.1
v 0.4 -1.2 0.1
v 0.5 -1.2 0.1
v -0.3 -1.2 0
v -0.2 -1.2 0
v 0.2 -1.2 0
v 0.3 -1.2 0
v 0.4 -1.2 0
v 0.5 -1.2 0
v 0.5 -1.2 -0.1
v 0.6 -1.2 -0.1
v -0.4 -1.2 -0.2
v -0.3 -1.2 -0.2
v 0.5 -1.2 -0.2
v 0.6 -1.2 -0.2
v -0.4 -1.2 -0.3
v -0.3 -1.2 -0.3
v 0.3 -1.2 -0.4
v 0.5 -1.2 -0.4
v 0.3 -1.2 -0.5
v 0.4 -1.2 -0.5
v 0.4 -1.2 -0.6
v 0.5 -1.2 -0.6
v -0.2 -1.1 0.1
v -0.1 -1.1 0.1
v 0.1 -1.1 0.1
v 0.2 -1.1 0.1
v -0.3 -1.1 0
v -0.2 -1.1 0
v -0.1 -1.1 0
v 0.1 -1.1 0
v 0.2 -1.1 0
v 0.3 -1.1 0
v 0.5 -1.1 0
v 0.6 -1.1 0
v -0.5 -1.1 -0.1
v -0.4 -1.1 -0.1
v -0.3 -1.1 -0.1
v -0.2 -1.1 -0.1
v 0.2 -1.1 -0.1
v 0.3 -1.1 -0.1
v 0.5 -1.1 -0.1
v 0.6 -1.1 -0.1
v -0.5 -1.1 -0.2
v -0.4 -1.1 -0.2
v -0.3 -1.1 -0.2
v -0.2 -1.1 -0.2
v -0.3 -1.1 -0.3
v -0.2 -1.1 -0.3
v 0.5 -1.1 -0.3
v 0.6 -1.1 -0.3
v 0.5 -1.1 -0.4
v 0.6 -1.1 -0.4
v 0.3 -1.1 -0.5
v 0.4 -1.1 -0.5
v 0.3 -1.1 -0.6
v 0.4 -1.1 -0.6
v -0.2 -1 0.6
v 0 -1 0.6
v -0.2 -1 0.5
v 0 -1 0.5
v -0.3 -1 0.4
v -0.2 -1 0.4
v -0.3 -1 0.3
v -0.2 -1 0.3
v 0.3 -1 0.3
v 0.4 -1 0.3
v 0.3 -1 0.2
v 0.4 -1 0.2
v -0.4 -1 0.1
v -0.3 -1 0.1
v -0.1 -1 0.1
v 0.1 -1 0.1
v -0.6 -1 0
v -0.4 -1 0
v -0.3 -1 0
v -0.2 -1 0
v -0.1 -1 0
v 0.1 -1 0
v -0.6 -1 -0.1
v -0.5 -1 -0.1
v -0.4 -1 -0.1
v -0.2 -1 -0.1
v 0.1 -1 -0.1
v 0.2 -1 -0.1
v -0.2 -1 -0.2
v -0.1 -1 -0.2
v 0.1 -1 -0.2
v 0.2 -1 -0.2
v -0.2 -1 -0.3
v -0.1 -1 -0.3
v 0.1 -1 -0.3
v 0.2 -1 -0.4
v 0.3 -1 -0.4
v 0.2 -1 -0.6
v 0.3 -1 -0.6
v -0.4 -0.9 0
v -0.3 -0.9 0
v -0.1 -0.9 0
v 0.2 -0.9 0
v -0.3 -0.9 -0.1
v -0.2 -0.9 -0.1
v 0.1 -0.9 -0.1
v 0.2 -0.9 -0.1
v -0.4 -0.9 -0.2
v -0.2 -0.9 -0.2
v -0.1 -0.9 -0.2
v 0.1 -0.9 -0.2
v 0.5 -0.9 -0.2
v 0.6 -0.9 -0.2
v 0.5 -0.9 -0.3
v 0.6 -0.9 -0.3
v 0.1 -0.9 -0.4
v 0.2 -0.9 -0.4
v 0.1 -0.9 -0.6
v 0.2 -0.9 -0.6
v 0 -0.8 0.6
v 0.1 -0.8 0.6
v 0 -0.8 0.5
v 0.1 -0.8 0.5
v -0.6 -0.8 0.1
v -0.5 -0.8 0.1
v -0.6 -0.8 0
v -0.5 -0.8 0
v 0.5 -0.8 0
v 0.6 -0.8 0
v 0.5 -0.8 -0.1
v 0.6 -0.8 -0.1
v 0 -0.8 -0.4
v 0.1 -0.8 -0.4
v -0.1 -0.8 -0.5
v 0 -0.8 -0.5
v -0.1 -0.8 -0.6
v 0.1 -0.8 -0.6
v -0.6 -0.7 -0.1
v -0.5 -0.7 -0.1
v -0.6 -0.7 -0.2
v -0.5 -0.7 -0.2
v 0.1 -0.5 0.6
v 0.2 -0.5 0.6
v 0 -0.5 0.5
v 0.1 -0.5 0.5
v 0 -0.5 0.4
v 0.2 -0.5 0.4
v -0.6 -0.5 0.2
v -0.4 -0.5 0.2
v -0.6 -0.5 0.1
v -0.5 -0.5 0.1
v -0.5 -0.5 0
v -0.4 -0.5 0
v 0.4 -0.5 0
v 0.5 -0.5 0
v 0.5 -0.5 -0.1
v 0.6 -0.5 -0.1
v 0.4 -0.5 -0.2
v 0.6 -0.5 -0.2
v -0.2 -0.5 -0.4
v 0 -0.5 -0.4
v -0.1 -0.5 -0.5
v 0 -0.5 -0.5
v -0.2 -0.5 -0.6
v -0.1 -0.5 -0.6
v 0.2 -0.3 0.4
v 0.3 -0.3 0.4
v -0.4 -0.3 0.3
v -0.3 -0.3 0.3
v 0.2 -0.3 0.3
v 0.3 -0.3 0.3
v -0.4 -0.3 0.2
v -0.3 -0.3 0.2
v 0.3 -0.3 -0.2
v 0.4 -0.3 -0.2
v -0.3 -0.3 -0.3
v -0.2 -0.3 -0.3
v 0.3 -0.3 -0.3
v 0.4 -0.3 -0.3
v -0.3 -0.3 -0.4
v -0.2 -0.3 -0.4
v -0.4 0 0.4
v -0.2 0 0.4
v 0.3 0 0.4
v 0.4 0 0.4
v -0.4 0 0.3
v -0.3 0 0.3
v 0.2 0 0.3
v 0.3 0 0.3
v -0.3 0 0.2
v -0.2 0 0.2
v 0.2 0 0.2
v 0.4 0 0.2
v -0.4 0 -0.2
v -0.2 0 -0.2
v 0.2 0 -0.2
v 0.3 0 -0.2
v -0.3 0 -0.3
v -0.2 0 -0.3
v 0.3 0 -0.3
v 0.4 0 -0.3
v -0.4 0 -0.4
v -0.3 0 -0.4
v 0.2 0 -0.4
v 0.4 0 -0.4
v -0.2 0.2 0.5
v -0.1 0.2 0.5
v -0.2 0.2 0.4
v -0.1 0.2 0.4
v 0.4 0.2 0.2
v 0.5 0.2 0.2
v 0.4 0.2 0.1
v 0.5 0.2 0.1
v -0.5 0.2 -0.1
v -0.4 0.2 -0.1
v -0.5 0.2 -0.2
v -0.4 0.2 -0.2
v 0.1 0.2 -0.4
v 0.2 0.2 -0.4
v 0.1 0.2 -0.5
v 0.2 0.2 -0.5
v -0.2 0.5 0.6
v 0 0.5 0.6
v -0.2 0.5 0.5
v -0.1 0.5 0.5
v -0.1 0.5 0.4
v 0 0.5 0.4
v 0.5 0.5 0.2
v 0.6 0.5 0.2
v 0.4 0.5 0.1
v 0.5 0.5 0.1
v -0.6 0.5 0
v -0.4 0.5 0
v 0.4 0.5 0
v 0.6 0.5 0
v -0.5 0.5 -0.1
v -0.4 0.5 -0.1
v -0.6 0.5 -0.2
v -0.5 0.5 -0.2
v 0 0.5 -0.4
v 0.1 0.5 -0.4
v 0.1 0.5 -0.5
v 0.2 0.5 -0.5
v 0 0.5 -0.6
v 0.2 0.5 -0.6
v 0 0.7 0.6
v 0.1 0.7 0.6
v 0 0.7 0.5
v 0.1 0.7 0.5
v -0.6 0.7 0.1
v -0.5 0.7 0.1
v -0.6 0.7 0
v -0.5 0.7 0
v 0.5 0.7 0
v 0.6 0.7 0
v 0.5 0.7 -0.1
v 0.6 0.7 -0.1
v -0.1 0.7 -0.5
v 0 0.7 -0.5
v -0.1 0.7 -0.6
v 0 0.7 -0.6
v 0.1 1 0.6
v 0.2 1 0.6
v 0 1 0.5
v 0.1 1 0.5
v 0 1 0.4
v 0.2 1 0.4
v -0.6 1 0.2
v -0.4 1 0.2
v -0.6 1 0.1
v -0.5 1 0.1
v -0.5 1 0
v -0.4 1 0
v 0.4 1 0
v 0.5 1 0
v 0.5 1 -0.1
v 0.6 1 -0.1
v 0.4 1 -0.2
v 0.6 1 -0.2
v -0.2 1 -0.4
v 0 1 -0.4
v -0.1 1 -0.5
v 0 1 -0.5
v -0.2 1 -0.6
v -0.1 1 -0.6
v 0.2 1.2 0.4
v 0.3 1.2 0.4
v -0.4 1.2 0.3
v -0.3 1.2 0.3
v 0.2 1.2 0.3
v 0.3 1.2 0.3
v -0.4 1.2 0.2
v -0.3 1.2 0.2
v 0.3 1.2 -0.2
v 0.4 1.2 -0.2
v -0.3 1.2 -0.3
v -0.2 1.2 -0.3
v 0.3 1.2 -0.3
v 0.4 1.2 -0.3
v -0.3 1.2 -0.4
v -0.2 1.2 -0.4
v -0.4 1.5 0.4
v -0.2 1.5 0.4
v 0.3 1.5 0.4
v 0.4 1.5 0.4
v -0.4 1.5 0.3
v -0.3 1.5 0.3
v 0.2 1.5 0.3
v 0.3 1.5 0.3
v -0.3 1.5 0.2
v -0.2 1.5 0.2
v 0.2 1.5 0.2
v 0.4 1.5 0.2
v -0.4 1.5 -0.2
v -0.2 1.5 -0.2
v 0.2 1.5 -0.2
v 0.3 1.5 -0.2
v -0.3 1.5 -0.3
v -0.2 1.5 -0.3
v 0.3 1.5 -0.3
v 0.4 1.5 -0.3
v -0.4 1.5 -0.4
v -0.3 1.5 -0.4
v 0.2 1.5 -0.4
v 0.4 1.5 -0.4
v -0.2 1.7 0.5
v -0.1 1.7 0.5
v -0.2 1.7 0.4
v -0.1 1.7 0.4
v 0.4 1.7 0.2
v 0.5 1.7 0.2
v 0.4 1.7 0.1
v 0.5 1.7 0.1
v -0.5 1.7 -0.1
v -0.4 1.7 -0.1
v -0.5 1.7 -0.2
v -0.4 1.7 -0.2
v 0.1 1.7 -0.4
v 0.2 1.7 -0.4
v 0.1 1.7 -0.5
v 0.2 1.7 -0.5
v -0.2 2 0.6
v 0 2 0.6
v -0.2 2 0.5
v -0.1 2 0.5
v -0.1 2 0.4
v 0 2 0.4
v 0.5 2 0.2
v 0.6 2 0.2
v 0.4 2 0.1
v 0.5 2 0.1
v -0.6 2 0
v -0.4 2 0
v 0.4 2 0
v 0.6 2 0
v -0.5 2 -0.1
v -0.4 2 -0.1
v -0.6 2 -0.2
v -0.5 2 -0.2
v 0 2 -0.4
v 0.1 2 -0.4
v 0.1 2 -0.5
v 0.2 2 -0.5
v 0 2 -0.6
v 0.2 2 -0.6
v 0 2.2 0.6
v 0.1 2.2 0.6
v 0 2.2 0.5
v 0.1 2.2 0.5
v -0.6 2.2 0.1
v -0.5 2.2 0.1
v -0.6 2.2 0
v -0.5 2.2 0
v 0.5 2.2 0
v 0.6 2.2 0
v 0.5 2.2 -0.1
v 0.6 2.2 -0.1
v -0.1 2.2 -0.5
v 0 2.2 -0.5
v -0.1 2.2 -0.6
v 0 2.2 -0.6
v 0.1 2.5 0.6
v 0.2 2.5 0.6
v 0 2.5 0.5
v 0.1 2.5 0.5
v 0 2.5 0.4
v 0.2 2.5 0.4
v -0.6 2.5 0.2
v -0.4 2.5 0.2
v -0.6 2.5 0.1
v -0.5 2.5 0.1
v -0.5 2.5 0
v -0.4 2.5 0
v 0.4 2.5 0
v 0.5 2.5 0
v 0.5 2.5 -0.1
v 0.6 2.5 -0.1
v 0.4 2.5 -0.2
v 0.6 2.5 -0.2
v -0.2 2.5 -0.4
v 0 2.5 -0.4
v -0.1 2.5 -0.5
v 0 2.5 -0.5
v -0.2 2.5 -0.6
v -0.1 2.5 -0.6
v 0.2 2.7 0.4
v 0.3 2.7 0.4
v -0.4 2.7 0.3
v -0.3 2.7 0.3
v 0.2 2.7 0.3
v 0.3 2.7 0.3
v -0.4 2.7 0.2
v -0.3 2.7 0.2
v 0.3 2.7 -0.2
v 0.4 2.7 -0.2
v -0.3 2.7 -0.3
v -0.2 2.7 -0.3
v 0.3 2.7 -0.3
v 0.4 2.7 -0.3
v -0.3 2.7 -0.4
v -0.2 2.7 -0.4
v 0.1 -2.1 0.6
v 0.2 -2.1 0.6
v 0.1 -2.1 0.5
v 0.2 -2.1 0.5
v 0.2 -2 0.5
v 0.3 -2 0.5
v 0.2 -2 0.4
v 0.3 -2 0.4
v 0.5 -2 0.1
v 0.6 -2 0.1
v 0.5 -2 0
v 0.6 -2 0
v 0.5 -1.9 0.6
v 0.6 -1.9 0.6
v 0.5 -1.9 0.5
v 0.6 -1.9 0.5
v 0.2 -1.9 0.4
v 0.3 -1.9 0.4
v 0.2 -1.9 0.3
v 0.3 -1.9 0.3
v 0.3 -1.8 0.4
v 0.4 -1.8 0.4
v 0.3 -1.8 0.3
v 0.4 -1.8 0.3
v 0.5 -1.8 0.2
v 0.6 -1.8 0.2
v 0.5 -1.8 0.1
v 0.6 -1.8 0.1
v 0.5 -1.7 0.5
v 0.6 -1.7 0.5
v 0.5 -1.7 0.4
v 0.6 -1.7 0.4
v -0.4 -1.6 0.2
v -0.3 -1.6 0.2
v -0.4 -1.6 0.1
v -0.3 -1.6 0.1
v -0.4 -1.5 0.6
v -0.3 -1.5 0.6
v -0.4 -1.5 0.5
v -0.3 -1.5 0.5
v 0.1 -1.5 0.5
v 0.2 -1.5 0.5
v 0.1 -1.5 0.4
v 0.2 -1.5 0.4
v -0.3 -1.5 0.3
v -0.2 -1.5 0.3
v -0.3 -1.5 0.2
v -0.2 -1.5 0.2
v 0.5 -1.5 -0.4
v 0.6 -1.5 -0.4
v 0.5 -1.5 -0.5
v 0.6 -1.5 -0.5
v -0.3 -1.4 0.6
v -0.2 -1.4 0.6
v -0.3 -1.4 0.5
v -0.2 -1.4 0.5
v 0 -1.4 0.5
v 0.1 -1.4 0.5
v 0 -1.4 0.4
v 0.1 -1.4 0.4
v 0.4 -1.4 0.4
v 0.5 -1.4 0.4
v 0.4 -1.4 0.3
v 0.5 -1.4 0.3
v -0.2 -1.3 0.6
v -0.1 -1.3 0.6
v -0.2 -1.3 0.5
v -0.1 -1.3 0.5
v 0.4 -1.3 0.3
v 0.5 -1.3 0.3
v 0.4 -1.3 0.2
v 0.5 -1.3 0.2
v -0.2 -1.3 -0.2
v -0.1 -1.3 -0.2
v -0.2 -1.3 -0.3
v -0.1 -1.3 -0.3
v 0.5 -1.2 0.4
v 0.6 -1.2 0.4
v 0.5 -1.2 0.3
v 0.6 -1.2 0.3
v -0.3 -1.2 -0.2
v -0.2 -1.2 -0.2
v 0.5 -1.2 -0.2
v 0.6 -1.2 -0.2
v -0.3 -1.2 -0.3
v -0.2 -1.2 -0.3
v 0.5 -1.2 -0.3
v 0.6 -1.2 -0.3
v -0.2 -1.1 0.4
v -0.1 -1.1 0.4
v -0.2 -1.1 0.3
v -0.1 -1.1 0.3
v 0.5 -1.1 -0.1
v 0.6 -1.1 -0.1
v 0.5 -1.1 -0.2
v 0.6 -1.1 -0.2
v 0.5 -1.1 -0.5
v 0.6 -1.1 -0.5
v 0.5 -1.1 -0.6
v 0.6 -1.1 -0.6
v -0.1 -1 0.4
v 0 -1 0.4
v -0.1 -1 0.3
v 0 -1 0.3
v 0.5 -1 0.3
v 0.6 -1 0.3
v 0.5 -1 0.2
v 0.6 -1 0.2
v 0.5 -1 0
v 0.6 -1 0
v 0.5 -1 -0.1
v 0.6 -1 -0.1
v 0.4 -1 -0.4
v 0.5 -1 -0.4
v 0.6 -1 -0.4
v 0.5 -1 -0.5
v 0.6 -1 -0.5
v 0.4 -1 -0.6
v 0.5 -1 -0.6
v -0.4 -0.9 0.1
v -0.3 -0.9 0.1
v -0.4 -0.9 0
v -0.3 -0.9 0
v -0.4 -0.9 -0.2
v -0.3 -0.9 -0.2
v -0.4 -0.9 -0.3
v -0.3 -0.9 -0.3
v 0.5 -0.9 -0.3
v 0.6 -0.9 -0.3
v 0.3 -0.9 -0.4
v 0.4 -0.9 -0.4
v 0.5 -0.9 -0.4
v 0.6 -0.9 -0.4
v 0.3 -0.9 -0.6
v 0.4 -0.9 -0.6
v -0.3 -0.8 0.4
v -0.2 -0.8 0.4
v -0.3 -0.8 0.3
v -0.2 -0.8 0.3
v 0.3 -0.8 0.3
v 0.4 -0.8 0.3
v 0.3 -0.8 0.2
v 0.4 -0.8 0.2
v -0.4 -0.8 0
v -0.3 -0.8 0
v -0.4 -0.8 -0.1
v -0.3 -0.8 -0.1
v -0.2 -0.8 -0.1
v -0.3 -0.8 -0.2
v -0.2 -0.8 -0.2
v -0.1 -0.8 -0.2
v 0.5 -0.8 -0.2
v 0.6 -0.8 -0.2
v -0.3 -0.8 -0.3
v -0.1 -0.8 -0.3
v 0.5 -0.8 -0.3
v 0.6 -0.8 -0.3
v 0.2 -0.8 -0.4
v 0.3 -0.8 -0.4
v 0.2 -0.8 -0.6
v 0.3 -0.8 -0.6
v -0.4 -0.7 -0.1
v -0.3 -0.7 -0.1
v -0.4 -0.7 -0.2
v -0.3 -0.7 -0.2
v -0.2 -0.5 0.6
v -0.1 -0.5 0.6
v -0.1 -0.5 0.5
v 0 -0.5 0.5
v -0.2 -0.5 0.4
v 0 -0.5 0.4
v 0.4 -0.5 0.2
v 0.6 -0.5 0.2
v 0.5 -0.5 0.1
v 0.6 -0.5 0.1
v -0.5 -0.5 0
v -0.4 -0.5 0
v 0.4 -0.5 0
v 0.5 -0.5 0
v -0.6 -0.5 -0.1
v -0.5 -0.5 -0.1
v -0.6 -0.5 -0.2
v -0.4 -0.5 -0.2
v 0 -0.5 -0.4
v 0.2 -0.5 -0.4
v 0 -0.5 -0.5
v 0.1 -0.5 -0.5
v 0.1 -0.5 -0.6
v 0.2 -0.5 -0.6
v -0.1 -0.3 0.6
v 0 -0.3 0.6
v -0.1 -0.3 0.5
v 0 -0.3 0.5
v 0.5 -0.3 0.1
v 0.6 -0.3 0.1
v -0.6 -0.3 0
v -0.5 -0.3 0
v 0.5 -0.3 0
v 0.6 -0.3 0
v -0.6 -0.3 -0.1
v -0.5 -0.3 -0.1
v 0 -0.3 -0.5
v 0.1 -0.3 -0.5
v 0 -0.3 -0.6
v 0.1 -0.3 -0.6
v 0 0 0.6
v 0.2 0 0.6
v 0.1 0 0.5
v 0.2 0 0.5
v 0 0 0.4
v 0.1 0 0.4
v -0.6 0 0.2
v -0.5 0 0.2
v -0.5 0 0.1
v -0.4 0 0.1
v -0.6 0 0
v -0.4 0 0
v 0.4 0 0
v 0.6 0 0
v 0.4 0 -0.1
v 0.5 0 -0.1
v 0.5 0 -0.2
v 0.6 0 -0.2
v -0.1 0 -0.4
v 0 0 -0.4
v -0.2 0 -0.5
v -0.1 0 -0.5
v -0.2 0 -0.6
v 0 0 -0.6
v 0.1 0.2 0.5
v 0.2 0.2 0.5
v 0.1 0.2 0.4
v 0.2 0.2 0.4
v -0.5 0.2 0.2
v -0.4 0.2 0.2
v -0.5 0.2 0.1
v -0.4 0.2 0.1
v 0.4 0.2 -0.1
v 0.5 0.2 -0.1
v 0.4 0.2 -0.2
v 0.5 0.2 -0.2
v -0.2 0.2 -0.4
v -0.1 0.2 -0.4
v -0.2 0.2 -0.5
v -0.1 0.2 -0.5
v -0.4 0.5 0.4
v -0.3 0.5 0.4
v 0.2 0.5 0.4
v 0.4 0.5 0.4
v -0.3 0.5 0.3
v -0.2 0.5 0.3
v 0.3 0.5 0.3
v 0.4 0.5 0.3
v -0.4 0.5 0.2
v -0.2 0.5 0.2
v 0.2 0.5 0.2
v 0.3 0.5 0.2
v -0.3 0.5 -0.2
v -0.2 0.5 -0.2
v 0.2 0.5 -0.2
v 0.4 0.5 -0.2
v -0.4 0.5 -0.3
v -0.3 0.5 -0.3
v 0.2 0.5 -0.3
v 0.3 0.5 -0.3
v -0.4 0.5 -0.4
v -0.2 0.5 -0.4
v 0.3 0.5 -0.4
v 0.4 0.5 -0.4
v -0.3 0.7 0.4
v -0.2 0.7 0.4
v -0.3 0.7 0.3
v -0.2 0.7 0.3
v 0.3 0.7 0.3
v 0.4 0.7 0.3
v 0.3 0.7 0.2
v 0.4 0.7 0.2
v -0.4 0.7 -0.2
v -0.3 0.7 -0.2
v -0.4 0.7 -0.3
v -0.3 0.7 -0.3
v 0.2 0.7 -0.3
v 0.3 0.7 -0.3
v 0.2 0.7 -0.4
v 0.3 0.7 -0.4
v -0.2 1 0.6
v -0.1 1 0.6
v -0.1 1 0.5
v 0 1 0.5
v -0.2 1 0.4
v 0 1 0.4
v 0.4 1 0.2
v 0.6 1 0.2
v 0.5 1 0.1
v 0.6 1 0.1
v -0.5 1 0
v -0.4 1 0
v 0.4 1 0
v 0.5 1 0
v -0.6 1 -0.1
v -0.5 1 -0.1
v -0.6 1 -0.2
v -0.4 1 -0.2
v 0 1 -0.4
v 0.2 1 -0.4
v 0 1 -0.5
v 0.1 1 -0.5
v 0.1 1 -0.6
v 0.2 1 -0.6
v -0.1 1.2 0.6
v 0 1.2 0.6
v -0.1 1.2 0.5
v 0 1.2 0.5
v 0.5 1.2 0.1
v 0.6 1.2 0.1
v -0.6 1.2 0
v -0.5 1.2 0
v 0.5 1.2 0
v 0.6 1.2 0
v -0.6 1.2 -0.1
v -0.5 1.2 -0.1
v 0 1.2 -0.5
v 0.1 1.2 -0.5
v 0 1.2 -0.6
v 0.1 1.2 -0.6
v 0 1.5 0.6
v 0.2 1.5 0.6
v 0.1 1.5 0.5
v 0.2 1.5 0.5
v 0 1.5 0.4
v 0.1 1.5 0.4
v -0.6 1.5 0.2
v -0.5 1.5 0.2
v -0.5 1.5 0.1
v -0.4 1.5 0.1
v -0.6 1.5 0
v -0.4 1.5 0
v 0.4 1.5 0
v 0.6 1.5 0
v 0.4 1.5 -0.1
v 0.5 1.5 -0.1
v 0.5 1.5 -0.2
v 0.6 1.5 -0.2
v -0.1 1.5 -0.4
v 0 1.5 -0.4
v -0.2 1.5 -0.5
v -0.1 1.5 -0.5
v -0.2 1.5 -0.6
v 0 1.5 -0.6
v 0.1 1.7 0.5
v 0.2 1.7 0.5
v 0.1 1.7 0.4
v 0.2 1.7 0.4
v -0.5 1.7 0.2
v -0.4 1.7 0.2
v -0.5 1.7 0.1
v -0.4 1.7 0.1
v 0.4 1.7 -0.1
v 0.5 1.7 -0.1
v 0.4 1.7 -0.2
v 0.5 1.7 -0.2
v -0.2 1.7 -0.4
v -0.1 1.7 -0.4
v -0.2 1.7 -0.5
v -0.1 1.7 -0.5
v -0.4 2 0.4
v -0.3 2 0.4
v 0.2 2 0.4
v 0.4 2 0.4
v -0.3 2 0.3
v -0.2 2 0.3
v 0.3 2 0.3
v 0.4 2 0.3
v -0.4 2 0.2
v -0.2 2 0.2
v 0.2 2 0.2
v 0.3 2 0.2
v -0.3 2 -0.2
v -0.2 2 -0.2
v 0.2 2 -0.2
v 0.4 2 -0.2
v -0.4 2 -0.3
v -0.3 2 -0.3
v 0.2 2 -0.3
v 0.3 2 -0.3
v -0.4 2 -0.4
v -0.2 2 -0.4
v 0.3 2 -0.4
v 0.4 2 -0.4
v -0.3 2.2 0.4
v -0.2 2.2 0.4
v -0.3 2.2 0.3
v -0.2 2.2 0.3
v 0.3 2.2 0.3
v 0.4 2.2 0.3
v 0.3 2.2 0.2
v 0.4 2.2 0.2
v -0.4 2.2 -0.2
v -0.3 2.2 -0.2
v -0.4 2.2 -0.3
v -0.3 2.2 -0.3
v 0.2 2.2 -0.3
v 0.3 2.2 -0.3
v 0.2 2.2 -0.4
v 0.3 2.2 -0.4
v -0.2 2.5 0.6
v -0.1 2.5 0.6
v -0.1 2.5 0.5
v 0 2.5 0.5
v -0.2 2.5 0.4
v 0 2.5 0.4
v 0.4 2.5 0.2
v 0.6 2.5 0.2
v 0.5 2.5 0.1
v 0.6 2.5 0.1
v -0.5 2.5 0
v -0.4 2.5 0
v 0.4 2.5 0
v 0.5 2.5 0
v -0.6 2.5 -0.1
v -0.5 2.5 -0.1
v -0.6 2.5 -0.2
v -0.4 2.5 -0.2
v 0 2.5 -0.4
v 0.2 2.5 -0.4
v 0 2.5 -0.5
v 0.1 2.5 -0.5
v 0.1 2.5 -0.6
v 0.2 2.5 -0.6
v -0.1 2.7 0.6
v 0 2.7 0.6
v -0.1 2.7 0.5
v 0 2.7 0.5
v 0.5 2.7 0.1
v 0.6 2.7 0.1
v -0.6 2.7 0
v -0.5 2.7 0
v 0.5 2.7 0
v 0.6 2.7 0
v -0.6 2.7 -0.1
v -0.5 2.7 -0.1
v 0 2.7 -0.5
v 0.1 2.7 -0.5
v 0 2.7 -0.6
v 0.1 2.7 -0.6
v 0 3 0.6
v 0.2 3 0.6
v 0 3 0.4
v 0.2 3 0.4
v 0.3 3 0.4
v -0.4 3 0.3
v -0.3 3 0.3
v -0.1 3 0.3
v 0.1 3 0.3
v 0.2 3 0.3
v 0.3 3 0.3
v -0.6 3 0.2
v -0.4 3 0.2
v -0.3 3 0.2
v -0.2 3 0.2
v -0.1 3 0.2
v 0.1 3 0.2
v 0.2 3 0.2
v -0.3 3 0.1
v -0.2 3 0.1
v 0.2 3 0.1
v 0.3 3 0.1
v -0.6 3 0
v -0.4 3 0
v 0.4 3 0
v 0.6 3 0
v -0.3 3 -0.1
v -0.2 3 -0.1
v 0.2 3 -0.1
v 0.3 3 -0.1
v -0.2 3 -0.2
v -0.1 3 -0.2
v 0.1 3 -0.2
v 0.2 3 -0.2
v 0.3 3 -0.2
v 0.4 3 -0.2
v 0.6 3 -0.2
v -0.3 3 -0.3
v -0.2 3 -0.3
v -0.1 3 -0.3
v 0.1 3 -0.3
v 0.3 3 -0.3
v 0.4 3 -0.3
v -0.3 3 -0.4
v -0.2 3 -0.4
v 0 3 -0.4
v -0.2 3 -0.6
v 0 3 -0.6

# faces
f 4/2/1 2/2/1 1/2/1
f 5/2/1 2/2/1 4/2/1
f 5/2/1 4/2/1 3/2/1
f 8/2/1 5/2/1 3/2/1
f 8/2/1 6/2/1 5/2/1
f 9/2/1 6/2/1 8/2/1
f 10/2/1 6/2/1 9/2/1
f 11/2/1 8/2/1 7/2/1
f 11/2/1 9/2/1 8/2/1
f 12/2/1 9/2/1 11/2/1
f 13/2/1 11/2/1 7/2/1
f 14/2/1 11/2/1 13/2/1
f 18/3/1 16/3/1 15/3/1
f 20/3/1 18/3/1 17/3/1
f 21/3/1 16/3/1 18/3/1
f 21/3/1 18/3/1 20/3/1
f 22/3/1 16/3/1 21/3/1
f 23/3/1 20/3/1 19/3/1
f 23/3/1 21/3/1 20/3/1
f 24/3/1 21/3/1 23/3/1
f 25/3/1 23/3/1 19/3/1
f 26/3/1 23/3/1 25/3/1
f 30/2/1 28/2/1 27/2/1
f 32/2/1 30/2/1 29/2/1
f 33/2/1 28/2/1 30/2/1
f 33/2/1 30/2/1 32/2/1
f 34/2/1 28/2/1 33/2/1
f 35/2/1 32/2/1 31/2/1
f 35/2/1 33/2/1 32/2/1
f 36/2/1 33/2/1 35/2/1
f 37/2/1 35/2/1 31/2/1
f 38/2/1 35/2/1 37/2/1
f 41/2/1 40/2/1 39/2/1
f 42/2/1 40/2/1 41/2/1
f 43/2/1 40/2/1 42/2/1
f 46/2/1 45/2/1 44/2/1
f 47/2/1 45/2/1 46/2/1
f 50/3/1 49/3/1 48/3/1
f 51/3/1 49/3/1 50/3/1
f 54/3/1 53/3/1 52/3/1
f 55/3/1 53/3/1 54/3/1
f 58/2/1 57/2/1 56/2/1
f 59/2/1 57/2/1 58/2/1
f 64/3/1 61/3/1 60/3/1
f 65/3/1 61/3/1 64/3/1
f 66/3/1 63/3/1 62/3/1
f 67/3/1 63/3/1 66/3/1
f 70/2/1 69/2/1 68/2/1
f 73/2/1 72/2/1 71/2/1
f 74/2/1 72/2/1 73/2/1
f 75/2/1 69/2/1 70/2/1
f 76/2/1 69/2/1 75/2/1
f 80/2/1 78/2/1 77/2/1
f 83/2/1 80/2/1 79/2/1
f 83/2/1 78/2/1 80/2/1
f 84/3/1 82/3/1 81/3/1
f 85/2/1 83/2/1 79/2/1
f 86/2/1 83/2/1 85/2/1
f 87/3/1 82/3/1 84/3/1
f 88/3/1 82/3/1 87/3/1
f 89/3/1 87/3/1 84/3/1
f 90/3/1 87/3/1 89/3/1
f 94/3/1 92/3/1 91/3/1
f 97/3/1 94/3/1 93/3/1
f 97/3/1 92/3/1 94/3/1
f 98/2/1 96/2/1 95/2/1
f 99/3/1 97/3/1 93/3/1
f 100/3/1 97/3/1 99/3/1
f 101/2/1 96/2/1 98/2/1
f 102/2/1 96/2/1 101/2/1
f 103/2/1 101/2/1 98/2/1
f 104/2/1 101/2/1 103/2/1
f 107/2/1 106/2/1 105/2/1
f 108/2/1 106/2/1 107/2/1
f 113/3/1 110/3/1 109/3/1
f 114/3/1 110/3/1 113/3/1
f 115/3/1 112/3/1 111/3/1
f 116/3/1 112/3/1 115/3/1
f 121/2/1 118/2/1 117/2/1
f 122/2/1 118/2/1 121/2/1
f 123/1/1 120/1/1 119/1/1
f 127/1/1 123/1/1 119/1/1
f 127/1/1 124/1/1 123/1/1
f 128/1/1 124/1/1 127/1/1
f 130/1/1 124/1/1 128/1/1
f 131/1/1 124/1/1 130/1/1
f 134/3/1 126/3/1 125/3/1
f 135/3/1 126/3/1 134/3/1
f 136/1/1 130/1/1 129/1/1
f 138/2/1 133/2/1 132/2/1
f 139/2/1 133/2/1 138/2/1
f 140/1/1 137/1/1 136/1/1
f 143/3/1 142/3/1 141/3/1
f 144/3/1 142/3/1 143/3/1
f 147/2/1 146/2/1 145/2/1
f 148/2/1 146/2/1 147/2/1
f 151/2/1 150/2/1 149/2/1
f 152/2/1 150/2/1 151/2/1
f 155/3/1 154/3/1 153/3/1
f 156/3/1 154/3/1 155/3/1
f 159/1/1 140/1/1 136/1/1
f 159/1/1 136/1/1 129/1/1
f 160/1/1 140/1/1 159/1/1
f 161/3/1 158/3/1 157/3/1
f 162/3/1 158/3/1 161/3/1
f 167/3/1 164/3/1 163/3/1
f 170/3/1 166/3/1 165/3/1
f 170/3/1 167/3/1 166/3/1
f 171/3/1 167/3/1 170/3/1
f 174/2/1 169/2/1 168/2/1
f 175/2/1 169/2/1 174/2/1
f 176/1/1 173/1/1 172/1/1
f 177/3/1 164/3/1 167/3/1
f 177/3/1 167/3/1 171/3/1
f 178/3/1 164/3/1 177/3/1
f 180/3/1 177/3/1 171/3/1
f 181/3/1 177/3/1 180/3/1
f 184/1/1 183/1/1 182/1/1
f 185/1/1 183/1/1 184/1/1
f 186/3/1 181/3/1 180/3/1
f 186/3/1 180/3/1 179/3/1
f 189/3/1 186/3/1 179/3/1
f 190/3/1 186/3/1 189/3/1
f 193/3/1 192/3/1 191/3/1
f 194/1/1 176/1/1 172/1/1
f 195/1/1 188/1/1 187/1/1
f 196/3/1 192/3/1 193/3/1
f 197/3/1 192/3/1 196/3/1
f 200/3/1 196/3/1 193/3/1
f 201/3/1 196/3/1 200/3/1
f 203/2/1 199/2/1 198/2/1
f 204/1/1 176/1/1 194/1/1
f 205/1/1 195/1/1 187/1/1
f 206/2/1 203/2/1 202/2/1
f 206/2/1 199/2/1 203/2/1
f 207/2/1 206/2/1 202/2/1
f 208/2/1 206/2/1 207/2/1
f 211/2/1 210/2/1 209/2/1
f 212/1/1 176/1/1 204/1/1
f 213/1/1 205/1/1 187/1/1
f 214/2/1 210/2/1 211/2/1
f 215/2/1 210/2/1 214/2/1
f 218/2/1 214/2/1 211/2/1
f 219/2/1 214/2/1 218/2/1
f 221/3/1 217/3/1 216/3/1
f 222/1/1 176/1/1 212/1/1
f 223/1/1 213/1/1 187/1/1
f 224/3/1 221/3/1 220/3/1
f 224/3/1 217/3/1 221/3/1
f 225/3/1 224/3/1 220/3/1
f 226/3/1 224/3/1 225/3/1
f 229/3/1 228/3/1 227/3/1
f 230/1/1 176/1/1 222/1/1
f 231/1/1 176/1/1 230/1/1
f 232/1/1 223/1/1 187/1/1
f 233/1/1 223/1/1 232/1/1
f 234/3/1 228/3/1 229/3/1
f 235/3/1 228/3/1 234/3/1
f 239/1/1 237/1/1 236/1/1
f 240/3/1 239/3/1 238/3/1
f 241/1/1 237/1/1 239/1/1
f 241/3/1 239/3/1 240/3/1
f 248/3/1 245/3/1 244/3/1
f 249/3/1 245/3/1 248/3/1
f 250/3/1 247/3/1 246/3/1
f 251/3/1 247/3/1 250/3/1
f 256/2/1 253/2/1 252/2/1
f 257/2/1 253/2/1 256/2/1
f 258/2/1 255/2/1 254/2/1
f 259/2/1 255/2/1 258/2/1
f 264/3/1 261/3/1 260/3/1
f 265/3/1 261/3/1 264/3/1
f 266/3/1 263/3/1 262/3/1
f 267/3/1 263/3/1 266/3/1
f 268/1/1 237/1/1 241/1/1
f 269/1/1 237/1/1 268/1/1
f 270/1/1 243/1/1 242/1/1
f 271/1/1 243/1/1 270/1/1
f 276/3/1 273/3/1 272/3/1
f 277/3/1 273/3/1 276/3/1
f 278/1/1 275/1/1 274/1/1
f 279/1/1 275/1/1 278/1/1
f 284/3/1 281/3/1 280/3/1
f 285/3/1 281/3/1 284/3/1
f 287/3/1 283/3/1 282/3/1
f 288/3/1 287/3/1 286/3/1
f 289/3/1 283/3/1 287/3/1
f 289/3/1 287/3/1 288/3/1
f 292/2/1 291/2/1 290/2/1
f 293/2/1 291/2/1 292/2/1
f 296/2/1 292/2/1 290/2/1
f 297/2/1 292/2/1 296/2/1
f 299/2/1 295/2/1 294/2/1
f 300/2/1 299/2/1 298/2/1
f 301/2/1 295/2/1 299/2/1
f 301/2/1 299/2/1 300/2/1
f 304/3/1 303/3/1 302/3/1
f 305/3/1 303/3/1 304/3/1
f 308/3/1 304/3/1 302/3/1
f 309/3/1 304/3/1 308/3/1
f 311/3/1 307/3/1 306/3/1
f 312/3/1 311/3/1 310/3/1
f 313/3/1 307/3/1 311/3/1
f 313/3/1 311/3/1 312/3/1
f 316/2/1 315/2/1 314/2/1
f 317/2/1 315/2/1 316/2/1
f 320/3/1 319/3/1 318/3/1
f 321/3/1 319/3/1 320/3/1
f 324/1/1 323/1/1 322/1/1
f 325/1/1 323/1/1 324/1/1
f 328/1/1 327/1/1 326/1/1
f 329/1/1 327/1/1 328/1/1
f 332/1/1 331/1/1 330/1/1
f 333/1/1 331/1/1 332/1/1
f 336/3/1 335/3/1 334/3/1
f 337/3/1 335/3/1 336/3/1
f 340/3/1 339/3/1 338/3/1
f 341/3/1 339/3/1 340/3/1
f 344/2/1 343/2/1 342/2/1
f 345/2/1 343/2/1 344/2/1
f 348/2/1 347/2/1 346/2/1
f 349/2/1 347/2/1 348/2/1
f 352/3/1 351/3/1 350/3/1
f 353/3/1 351/3/1 352/3/1
f 356/2/1 355/2/1 354/2/1
f 357/2/1 355/2/1 356/2/1
f 359/2/1 358/2/1 357/2/1
f 360/2/1 358/2/1 359/2/1
f 363/1/1 362/1/1 361/1/1
f 364/1/1 362/1/1 363/1/1
f 366/1/1 365/1/1 364/1/1
f 369/1/1 366/1/1 364/1/1
f 370/1/1 366/1/1 369/1/1
f 371/3/1 368/3/1 367/3/1
f 372/3/1 368/3/1 371/3/1
f 375/3/1 374/3/1 373/3/1
f 379/3/1 375/3/1 373/3/1
f 379/3/1 376/3/1 375/3/1
f 380/2/1 378/2/1 377/2/1
f 381/3/1 376/3/1 379/3/1
f 382/3/1 376/3/1 381/3/1
f 383/2/1 380/2/1 377/2/1
f 384/2/1 380/2/1 383/2/1
f 385/2/1 380/2/1 384/2/1
f 386/2/1 380/2/1 385/2/1
f 389/2/1 388/2/1 387/2/1
f 393/2/1 389/2/1 387/2/1
f 393/2/1 390/2/1 389/2/1
f 394/3/1 392/3/1 391/3/1
f 395/2/1 390/2/1 393/2/1
f 396/2/1 390/2/1 395/2/1
f 397/3/1 394/3/1 391/3/1
f 398/3/1 394/3/1 397/3/1
f 399/3/1 394/3/1 398/3/1
f 400/3/1 394/3/1 399/3/1
f 403/3/1 402/3/1 401/3/1
f 404/3/1 402/3/1 403/3/1
f 407/2/1 406/2/1 405/2/1
f 408/2/1 406/2/1 407/2/1
f 411/3/1 410/3/1 409/3/1
f 415/3/1 411/3/1 409/3/1
f 415/3/1 412/3/1 411/3/1
f 416/3/1 412/3/1 415/3/1
f 417/2/1 414/2/1 413/2/1
f 418/2/1 414/2/1 417/2/1
f 421/2/1 420/2/1 419/2/1
f 422/2/1 420/2/1 421/2/1
f 425/3/1 424/3/1 423/3/1
f 426/3/1 424/3/1 425/3/1
f 429/3/1 428/3/1 427/3/1
f 430/3/1 428/3/1 429/3/1
f 433/2/1 432/2/1 431/2/1
f 434/2/1 432/2/1 433/2/1
f 437/2/1 436/2/1 435/2/1
f 438/2/1 436/2/1 437/2/1
f 441/2/1 440/2/1 439/2/1
f 443/2/1 441/2/1 439/2/1
f 443/2/1 442/2/1 441/2/1
f 444/2/1 442/2/1 443/2/1
f 445/2/1 442/2/1 444/2/1
f 447/2/1 446/2/1 445/2/1
f 447/2/1 445/2/1 444/2/1
f 448/2/1 446/2/1 447/2/1
f 449/2/1 446/2/1 448/2/1
f 453/3/1 452/3/1 451/3/1
f 454/3/1 452/3/1 453/3/1
f 455/2/1 449/2/1 448/2/1
f 455/2/1 450/2/1 449/2/1
f 456/2/1 450/2/1 455/2/1
f 457/2/1 450/2/1 456/2/1
f 458/2/1 450/2/1 457/2/1
f 460/2/1 459/2/1 458/2/1
f 461/2/1 460/2/1 458/2/1
f 462/2/1 460/2/1 461/2/1
f 465/2/1 460/2/1 462/2/1
f 466/2/1 460/2/1 465/2/1
f 467/3/1 464/3/1 463/3/1
f 469/3/1 467/3/1 463/3/1
f 469/3/1 468/3/1 467/3/1
f 470/3/1 468/3/1 469/3/1
f 471/3/1 468/3/1 470/3/1
f 473/3/1 472/3/1 471/3/1
f 474/3/1 473/3/1 471/3/1
f 475/3/1 473/3/1 474/3/1
f 478/3/1 473/3/1 475/3/1
f 479/3/1 473/3/1 478/3/1
f 480/2/1 477/2/1 476/2/1
f 482/2/1 480/2/1 476/2/1
f 482/2/1 481/2/1 480/2/1
f 483/2/1 481/2/1 482/2/1
f 484/2/1 481/2/1 483/2/1
f 486/2/1 485/2/1 484/2/1
f 487/2/1 486/2/1 484/2/1
f 488/2/1 486/2/1 487/2/1
f 494/2/1 490/2/1 489/2/1
f 495/2/1 490/2/1 494/2/1
f 496/2/1 492/2/1 491/2/1
f 497/2/1 492/2/1 496/2/1
f 499/2/1 498/2/1 497/2/1
f 501/2/1 494/2/1 493/2/1
f 502/2/1 494/2/1 501/2/1
f 505/2/1 499/2/1 497/2/1
f 506/2/1 499/2/1 505/2/1
f 507/2/1 501/2/1 500/2/1
f 508/2/1 501/2/1 507/2/1
f 509/3/1 504/3/1 503/3/1
f 510/3/1 504/3/1 509/3/1
f 514/2/1 513/2/1 512/2/1
f 521/3/1 511/3/1 510/3/1
f 522/2/1 514/2/1 512/2/1
f 522/2/1 515/2/1 514/2/1
f 523/2/1 515/2/1 522/2/1
f 524/2/1 517/2/1 516/2/1
f 525/2/1 517/2/1 524/2/1
f 527/2/1 519/2/1 518/2/1
f 528/2/1 519/2/1 527/2/1
f 529/3/1 521/3/1 520/3/1
f 530/3/1 511/3/1 521/3/1
f 530/3/1 521/3/1 529/3/1
f 532/2/1 527/2/1 526/2/1
f 533/2/1 527/2/1 532/2/1
f 536/2/1 515/2/1 523/2/1
f 537/2/1 515/2/1 536/2/1
f 538/2/1 532/2/1 531/2/1
f 539/2/1 532/2/1 538/2/1
f 540/3/1 535/3/1 534/3/1
f 542/3/1 540/3/1 534/3/1
f 543/3/1 540/3/1 542/3/1
f 546/3/1 542/3/1 541/3/1
f 547/3/1 542/3/1 546/3/1
f 549/2/1 545/2/1 544/2/1
f 550/2/1 545/2/1 549/2/1
f 551/2/1 549/2/1 548/2/1
f 552/2/1 549/2/1 551/2/1
f 556/3/1 554/3/1 553/3/1
f 557/3/1 554/3/1 556/3/1
f 558/3/1 556/3/1 555/3/1
f 559/3/1 556/3/1 558/3/1
f 563/2/1 561/2/1 560/2/1
f 564/2/1 561/2/1 563/2/1
f 565/2/1 563/2/1 562/2/1
f 566/2/1 563/2/1 565/2/1
f 567/2/2 568/2/2 569/2/2
f 569/2/2 568/2/2 570/2/2
f 570/2/2 571/2/2 572/2/2
f 572/2/2 571/2/2 573/2/2
f 574/3/2 575/3/2 576/3/2
f 576/3/2 575/3/2 577/3/2
f 577/3/2 578/3/2 579/3/2
f 579/3/2 578/3/2 580/3/2
f 581/2/2 582/2/2 583/2/2
f 583/2/2 582/2/2 584/2/2
f 584/2/2 585/2/2 586/2/2
f 586/2/2 585/2/2 587/2/2
f 588/2/2 589/2/2 591/2/2
f 590/2/2 591/2/2 592/2/2
f 591/2/2 589/2/2 593/2/2
f 592/2/2 591/2/2 593/2/2
f 594/2/2 595/2/2 596/2/2
f 594/2/2 596/2/2 599/2/2
f 596/2/2 597/2/2 599/2/2
f 599/2/2 597/2/2 600/2/2
f 598/2/2 599/2/2 601/2/2
f 601/2/2 599/2/2 602/2/2
f 602/2/2 599/2/2 603/2/2
f 601/2/2 602/2/2 604/2/2
f 604/2/2 602/2/2 605/2/2
f 606/3/2 607/3/2 609/3/2
f 609/3/2 607/3/2 610/3/2
f 608/3/2 609/3/2 610/3/2
f 608/3/2 610/3/2 612/3/2
f 612/3/2 610/3/2 613/3/2
f 611/3/2 612/3/2 614/3/2
f 614/3/2 612/3/2 615/3/2
f 615/3/2 612/3/2 616/3/2
f 614/3/2 615/3/2 617/3/2
f 617/3/2 615/3/2 618/3/2
f 619/2/2 620/2/2 622/2/2
f 622/2/2 620/2/2 623/2/2
f 621/2/2 622/2/2 623/2/2
f 621/2/2 623/2/2 625/2/2
f 625/2/2 623/2/2 626/2/2
f 624/2/2 625/2/2 627/2/2
f 627/2/2 625/2/2 628/2/2
f 628/2/2 625/2/2 629/2/2
f 630/3/2 631/3/2 634/3/2
f 634/3/2 631/3/2 635/3/2
f 632/3/2 633/3/2 636/3/2
f 636/3/2 633/3/2 637/3/2
f 638/2/2 639/2/2 640/2/2
f 640/2/2 639/2/2 641/2/2
f 642/2/2 643/2/2 644/2/2
f 644/2/2 643/2/2 645/2/2
f 646/2/2 647/2/2 648/2/2
f 648/2/2 647/2/2 649/2/2
f 650/3/2 651/3/2 652/3/2
f 652/3/2 651/3/2 653/3/2
f 654/3/2 655/3/2 656/3/2
f 656/3/2 655/3/2 657/3/2
f 658/2/2 659/2/2 660/2/2
f 660/2/2 659/2/2 661/2/2
f 662/2/2 663/2/2 664/2/2
f 664/2/2 663/2/2 665/2/2
f 666/3/2 667/3/2 670/3/2
f 670/3/2 667/3/2 671/3/2
f 668/3/2 669/3/2 672/3/2
f 672/3/2 669/3/2 673/3/2
f 674/2/2 675/2/2 678/2/2
f 678/2/2 675/2/2 679/2/2
f 676/1/2 677/1/2 680/1/2
f 680/1/2 677/1/2 681/1/2
f 681/1/2 682/1/2 687/1/2
f 687/1/2 682/1/2 688/1/2
f 683/2/2 684/2/2 689/2/2
f 689/2/2 684/2/2 690/2/2
f 685/3/2 686/3/2 691/3/2
f 691/3/2 686/3/2 692/3/2
f 693/3/2 694/3/2 698/3/2
f 695/2/2 696/2/2 699/2/2
f 697/3/2 698/3/2 700/3/2
f 698/3/2 694/3/2 700/3/2
f 699/2/2 696/2/2 701/2/2
f 701/2/2 696/2/2 702/2/2
f 697/3/2 700/3/2 703/3/2
f 703/3/2 700/3/2 704/3/2
f 699/2/2 701/2/2 705/2/2
f 705/2/2 701/2/2 706/2/2
f 707/2/2 708/2/2 712/2/2
f 709/3/2 710/3/2 713/3/2
f 711/2/2 712/2/2 714/2/2
f 712/2/2 708/2/2 714/2/2
f 713/3/2 710/3/2 715/3/2
f 715/3/2 710/3/2 716/3/2
f 711/2/2 714/2/2 717/2/2
f 717/2/2 714/2/2 718/2/2
f 713/3/2 715/3/2 719/3/2
f 719/3/2 715/3/2 720/3/2
f 721/3/2 722/3/2 723/3/2
f 723/3/2 722/3/2 724/3/2
f 725/3/2 726/3/2 729/3/2
f 727/3/2 728/3/2 732/3/2
f 732/3/2 728/3/2 733/3/2
f 729/3/2 726/3/2 734/3/2
f 730/2/2 731/2/2 737/2/2
f 737/2/2 731/2/2 738/2/2
f 729/3/2 734/3/2 739/3/2
f 739/3/2 734/3/2 740/3/2
f 735/1/2 736/1/2 741/1/2
f 741/1/2 736/1/2 742/1/2
f 743/1/2 744/1/2 745/1/2
f 745/1/2 744/1/2 746/1/2
f 746/1/2 747/1/2 748/1/2
f 748/1/2 747/1/2 749/1/2
f 750/3/2 751/3/2 754/3/2
f 754/3/2 751/3/2 755/3/2
f 752/2/2 753/2/2 756/2/2
f 756/2/2 753/2/2 757/2/2
f 758/2/2 759/2/2 762/2/2
f 762/2/2 759/2/2 763/2/2
f 760/3/2 761/3/2 764/3/2
f 764/3/2 761/3/2 765/3/2
f 766/3/2 767/3/2 768/3/2
f 766/3/2 768/3/2 771/3/2
f 768/3/2 769/3/2 771/3/2
f 771/3/2 769/3/2 772/3/2
f 772/3/2 769/3/2 773/3/2
f 770/3/2 771/3/2 774/3/2
f 771/3/2 772/3/2 774/3/2
f 774/3/2 772/3/2 775/3/2
f 775/3/2 772/3/2 776/3/2
f 776/3/2 772/3/2 777/3/2
f 778/3/2 779/3/2 780/3/2
f 778/3/2 780/3/2 782/3/2
f 780/3/2 781/3/2 782/3/2
f 782/3/2 781/3/2 783/3/2
f 784/2/2 785/2/2 786/2/2
f 786/2/2 785/2/2 787/2/2
f 787/2/2 785/2/2 788/2/2
f 788/2/2 785/2/2 789/2/2
f 790/2/2 791/2/2 792/2/2
f 790/2/2 792/2/2 794/2/2
f 792/2/2 793/2/2 794/2/2
f 794/2/2 793/2/2 795/2/2
f 796/3/2 797/3/2 798/3/2
f 798/3/2 797/3/2 799/3/2
f 799/3/2 797/3/2 800/3/2
f 800/3/2 797/3/2 801/3/2
f 802/3/2 803/3/2 804/3/2
f 802/3/2 804/3/2 806/3/2
f 804/3/2 805/3/2 806/3/2
f 806/3/2 805/3/2 807/3/2
f 808/3/2 809/3/2 812/3/2
f 812/3/2 809/3/2 813/3/2
f 810/1/2 811/1/2 814/1/2
f 817/3/2 818/3/2 819/3/2
f 819/3/2 818/3/2 820/3/2
f 821/3/2 822/3/2 823/3/2
f 823/3/2 822/3/2 824/3/2
f 825/2/2 826/2/2 827/2/2
f 827/2/2 826/2/2 828/2/2
f 829/2/2 830/2/2 831/2/2
f 831/2/2 830/2/2 832/2/2
f 833/3/2 834/3/2 835/3/2
f 835/3/2 834/3/2 836/3/2
f 837/3/2 838/3/2 839/3/2
f 839/3/2 838/3/2 840/3/2
f 810/1/2 814/1/2 841/1/2
f 841/1/2 814/1/2 842/1/2
f 815/1/2 816/1/2 843/1/2
f 843/1/2 816/1/2 844/1/2
f 845/2/2 846/2/2 847/2/2
f 847/2/2 846/2/2 848/2/2
f 849/3/2 850/3/2 851/3/2
f 851/3/2 850/3/2 852/3/2
f 853/1/2 854/1/2 855/1/2
f 858/3/2 859/3/2 862/3/2
f 862/3/2 859/3/2 863/3/2
f 860/3/2 861/3/2 864/3/2
f 860/3/2 864/3/2 865/3/2
f 865/3/2 864/3/2 866/3/2
f 853/1/2 855/1/2 867/1/2
f 856/1/2 857/1/2 868/1/2
f 866/3/2 864/3/2 869/3/2
f 869/3/2 864/3/2 870/3/2
f 867/1/2 855/1/2 873/1/2
f 856/1/2 868/1/2 874/1/2
f 871/2/2 872/2/2 875/2/2
f 871/2/2 875/2/2 877/2/2
f 875/2/2 876/2/2 877/2/2
f 877/2/2 876/2/2 880/2/2
f 880/2/2 876/2/2 881/2/2
f 878/2/2 879/2/2 882/2/2
f 878/2/2 882/2/2 883/2/2
f 883/2/2 882/2/2 884/2/2
f 873/1/2 855/1/2 885/1/2
f 856/1/2 874/1/2 886/1/2
f 884/2/2 882/2/2 887/2/2
f 887/2/2 882/2/2 888/2/2
f 885/1/2 855/1/2 891/1/2
f 856/1/2 886/1/2 892/1/2
f 889/3/2 890/3/2 893/3/2
f 889/3/2 893/3/2 895/3/2
f 893/3/2 894/3/2 895/3/2
f 895/3/2 894/3/2 898/3/2
f 898/3/2 894/3/2 899/3/2
f 896/3/2 897/3/2 900/3/2
f 896/3/2 900/3/2 901/3/2
f 901/3/2 900/3/2 902/3/2
f 891/1/2 855/1/2 903/1/2
f 903/1/2 855/1/2 904/1/2
f 856/1/2 892/1/2 905/1/2
f 905/1/2 892/1/2 906/1/2
f 907/2/2 908/2/2 909/2/2
f 909/2/2 908/2/2 910/2/2
f 910/2/2 911/2/2 912/2/2
f 912/2/2 911/2/2 913/2/2
f 914/1/2 915/1/2 916/1/2
f 918/3/2 919/3/2 920/3/2
f 920/3/2 919/3/2 921/3/2
f 922/3/2 923/3/2 924/3/2
f 924/3/2 923/3/2 925/3/2
f 926/2/2 927/2/2 928/2/2
f 928/2/2 927/2/2 929/2/2
f 930/2/2 931/2/2 932/2/2
f 932/2/2 931/2/2 933/2/2
f 934/3/2 935/3/2 936/3/2
f 936/3/2 935/3/2 937/3/2
f 938/3/2 939/3/2 940/3/2
f 940/3/2 939/3/2 941/3/2
f 914/1/2 916/1/2 942/1/2
f 916/1/2 917/1/2 942/1/2
f 942/1/2 917/1/2 943/1/2
f 944/2/2 945/2/2 946/2/2
f 946/2/2 945/2/2 947/2/2
f 950/3/2 951/3/2 952/3/2
f 952/3/2 951/3/2 953/3/2
f 948/2/2 949/2/2 954/2/2
f 954/2/2 949/2/2 955/2/2
f 956/2/2 957/2/2 960/2/2
f 958/3/2 959/3/2 962/3/2
f 960/2/2 961/2/2 963/2/2
f 956/2/2 960/2/2 963/2/2
f 958/3/2 962/3/2 964/3/2
f 964/3/2 962/3/2 965/3/2
f 963/2/2 961/2/2 966/2/2
f 966/2/2 961/2/2 967/2/2
f 965/3/2 962/3/2 968/3/2
f 968/3/2 962/3/2 969/3/2
f 970/3/2 971/3/2 974/3/2
f 972/2/2 973/2/2 976/2/2
f 974/3/2 975/3/2 977/3/2
f 970/3/2 974/3/2 977/3/2
f 972/2/2 976/2/2 978/2/2
f 978/2/2 976/2/2 979/2/2
f 977/3/2 975/3/2 980/3/2
f 980/3/2 975/3/2 981/3/2
f 979/2/2 976/2/2 982/2/2
f 982/2/2 976/2/2 983/2/2
f 984/2/2 985/2/2 986/2/2
f 986/2/2 985/2/2 987/2/2
f 988/2/2 989/2/2 990/2/2
f 990/2/2 989/2/2 991/2/2
f 992/3/2 993/3/2 994/3/2
f 994/3/2 993/3/2 995/3/2
f 996/2/2 997/2/2 1000/2/2
f 1000/2/2 997/2/2 1001/2/2
f 998/3/2 999/3/2 1002/3/2
f 1002/3/2 999/3/2 1003/3/2
f 1004/3/2 1005/3/2 1008/3/2
f 1008/3/2 1005/3/2 1009/3/2
f 1006/2/2 1007/2/2 1010/2/2
f 1010/2/2 1007/2/2 1011/2/2
f 1012/2/2 1013/2/2 1017/2/2
f 1017/2/2 1013/2/2 1018/2/2
f 1014/2/2 1015/2/2 1019/2/2
f 1019/2/2 1015/2/2 1020/2/2
f 1016/2/2 1017/2/2 1023/2/2
f 1023/2/2 1017/2/2 1024/2/2
f 1020/2/2 1021/2/2 1027/2/2
f 1027/2/2 1021/2/2 1028/2/2
f 1022/2/2 1023/2/2 1029/2/2
f 1025/3/2 1026/3/2 1030/3/2
f 1030/3/2 1026/3/2 1031/3/2
f 1028/2/2 1029/2/2 1033/2/2
f 1029/2/2 1023/2/2 1033/2/2
f 1033/2/2 1034/2/2 1035/2/2
f 1031/3/2 1032/3/2 1040/3/2
f 1028/2/2 1033/2/2 1041/2/2
f 1033/2/2 1035/2/2 1041/2/2
f 1035/2/2 1036/2/2 1041/2/2
f 1041/2/2 1036/2/2 1042/2/2
f 1037/2/2 1038/2/2 1044/2/2
f 1044/2/2 1038/2/2 1045/2/2
f 1042/2/2 1036/2/2 1046/2/2
f 1043/2/2 1044/2/2 1047/2/2
f 1047/2/2 1044/2/2 1048/2/2
f 1039/3/2 1040/3/2 1050/3/2
f 1040/3/2 1032/3/2 1051/3/2
f 1050/3/2 1040/3/2 1051/3/2
f 1051/3/2 1032/3/2 1052/3/2
f 1046/2/2 1047/2/2 1053/2/2
f 1042/2/2 1046/2/2 1053/2/2
f 1053/2/2 1047/2/2 1054/2/2
f 1054/2/2 1047/2/2 1055/2/2
f 1055/2/2 1047/2/2 1056/2/2
f 1050/3/2 1051/3/2 1057/3/2
f 1049/3/2 1050/3/2 1057/3/2
f 1057/3/2 1051/3/2 1058/3/2
f 1049/3/2 1057/3/2 1060/3/2
f 1060/3/2 1057/3/2 1061/3/2
f 1054/2/2 1055/2/2 1062/2/2
f 1059/3/2 1060/3/2 1064/3/2
f 1064/3/2 1060/3/2 1065/3/2
f 1062/2/2 1063/2/2 1066/2/2
f 1054/2/2 1062/2/2 1066/2/2
f 1066/2/2 1063/2/2 1067/2/2
f 1067/2/2 1063/2/2 1068/2/2
f 1068/2/2 1069/2/2 1070/2/2
f 1067/2/2 1068/2/2 1070/2/2
f 1070/2/2 1069/2/2 1071/2/2
f 1071/2/2 1069/2/2 1072/2/2
f 1072/2/2 1069/2/2 1073/2/2
f 1074/3/2 1075/3/2 1076/3/2
f 1074/3/2 1076/3/2 1078/3/2
f 1076/3/2 1077/3/2 1078/3/2
f 1078/3/2 1077/3/2 1079/3/2
f 1079/3/2 1077/3/2 1080/3/2
f 1080/3/2 1081/3/2 1082/3/2
f 1079/3/2 1080/3/2 1082/3/2
f 1082/3/2 1081/3/2 1083/3/2
f 1083/3/2 1081/3/2 1084/3/2
f 1084/3/2 1081/3/2 1085/3/2
f 1086/2/2 1087/2/2 1088/2/2
f 1086/2/2 1088/2/2 1090/2/2
f 1088/2/2 1089/2/2 1090/2/2
f 1090/2/2 1089/2/2 1091/2/2
f 1091/2/2 1089/2/2 1092/2/2
f 1092/2/2 1093/2/2 1094/2/2
f 1091/2/2 1092/2/2 1094/2/2
f 1094/2/2 1093/2/2 1095/2/2
f 1095/2/2 1093/2/2 1096/2/2
f 1096/2/2 1093/2/2 1097/2/2
f 1100/3/3 1099/3/3 1098/3/3
f 1101/3/3 1099/3/3 1100/3/3
f 1103/3/3 1102/3/3 1101/3/3
f 1104/3/3 1102/3/3 1103/3/3
f 1112/3/3 1105/3/3 1104/3/3
f 1113/3/3 1105/3/3 1112/3/3
f 1114/3/3 1107/3/3 1106/3/3
f 1116/2/3 1109/2/3 1108/2/3
f 1118/3/3 1111/3/3 1110/3/3
f 1120/3/3 1115/3/3 1114/3/3
f 1120/3/3 1114/3/3 1106/3/3
f 1121/3/3 1115/3/3 1120/3/3
f 1122/3/3 1115/3/3 1121/3/3
f 1124/2/3 1117/2/3 1116/2/3
f 1124/2/3 1116/2/3 1108/2/3
f 1125/2/3 1117/2/3 1124/2/3
f 1126/2/3 1117/2/3 1125/2/3
f 1128/3/3 1119/3/3 1118/3/3
f 1128/3/3 1118/3/3 1110/3/3
f 1129/3/3 1119/3/3 1128/3/3
f 1130/3/3 1119/3/3 1129/3/3
f 1134/3/3 1123/3/3 1122/3/3
f 1134/3/3 1122/3/3 1121/3/3
f 1135/3/3 1123/3/3 1134/3/3
f 1136/2/3 1127/2/3 1126/2/3
f 1136/2/3 1126/2/3 1125/2/3
f 1137/2/3 1127/2/3 1136/2/3
f 1138/3/3 1131/3/3 1130/3/3
f 1138/3/3 1130/3/3 1129/3/3
f 1139/3/3 1131/3/3 1138/3/3
f 1140/2/3 1133/2/3 1132/2/3
f 1141/2/3 1133/2/3 1140/2/3
f 1142/3/3 1123/3/3 1135/3/3
f 1143/3/3 1123/3/3 1142/3/3
f 1144/2/3 1127/2/3 1137/2/3
f 1145/2/3 1127/2/3 1144/2/3
f 1146/3/3 1131/3/3 1139/3/3
f 1147/3/3 1131/3/3 1146/3/3
f 1150/2/3 1149/2/3 1148/2/3
f 1151/2/3 1149/2/3 1150/2/3
f 1159/3/3 1153/3/3 1152/3/3
f 1160/2/3 1155/2/3 1154/2/3
f 1161/2/3 1155/2/3 1160/2/3
f 1162/3/3 1157/3/3 1156/3/3
f 1163/3/3 1157/3/3 1162/3/3
f 1165/3/3 1159/3/3 1158/3/3
f 1166/3/3 1153/3/3 1159/3/3
f 1166/3/3 1159/3/3 1165/3/3
f 1168/3/3 1165/3/3 1164/3/3
f 1169/3/3 1165/3/3 1168/3/3
f 1176/3/3 1168/3/3 1167/3/3
f 1177/3/3 1168/3/3 1176/3/3
f 1178/3/3 1171/3/3 1170/3/3
f 1179/3/3 1171/3/3 1178/3/3
f 1180/2/3 1173/2/3 1172/2/3
f 1181/2/3 1173/2/3 1180/2/3
f 1182/2/3 1175/2/3 1174/2/3
f 1183/2/3 1175/2/3 1182/2/3
f 1186/2/3 1185/2/3 1184/2/3
f 1187/2/3 1185/2/3 1186/2/3
f 1194/2/3 1189/2/3 1188/2/3
f 1196/3/3 1191/3/3 1190/3/3
f 1200/3/3 1193/3/3 1192/3/3
f 1201/3/3 1193/3/3 1200/3/3
f 1202/2/3 1195/2/3 1194/2/3
f 1202/2/3 1194/2/3 1188/2/3
f 1203/2/3 1195/2/3 1202/2/3
f 1204/2/3 1195/2/3 1203/2/3
f 1205/3/3 1196/3/3 1190/3/3
f 1205/3/3 1197/3/3 1196/3/3
f 1206/3/3 1197/3/3 1205/3/3
f 1207/3/3 1197/3/3 1206/3/3
f 1208/3/3 1199/3/3 1198/3/3
f 1209/3/3 1199/3/3 1208/3/3
f 1220/2/3 1211/2/3 1210/2/3
f 1221/2/3 1211/2/3 1220/2/3
f 1223/3/3 1213/3/3 1212/3/3
f 1223/3/3 1214/3/3 1213/3/3
f 1224/3/3 1214/3/3 1223/3/3
f 1225/2/3 1217/2/3 1216/2/3
f 1225/2/3 1216/2/3 1215/2/3
f 1226/2/3 1217/2/3 1225/2/3
f 1227/3/3 1219/3/3 1218/3/3
f 1228/3/3 1219/3/3 1227/3/3
f 1229/2/3 1222/2/3 1221/2/3
f 1230/2/3 1222/2/3 1229/2/3
f 1232/3/3 1214/3/3 1224/3/3
f 1233/3/3 1214/3/3 1232/3/3
f 1234/2/3 1217/2/3 1226/2/3
f 1235/2/3 1217/2/3 1234/2/3
f 1236/2/3 1231/2/3 1230/2/3
f 1237/2/3 1231/2/3 1236/2/3
f 1238/2/3 1231/2/3 1237/2/3
f 1240/2/3 1239/2/3 1238/2/3
f 1240/2/3 1238/2/3 1237/2/3
f 1241/2/3 1239/2/3 1240/2/3
f 1250/2/3 1243/2/3 1242/2/3
f 1251/2/3 1243/2/3 1250/2/3
f 1252/3/3 1245/3/3 1244/3/3
f 1253/3/3 1245/3/3 1252/3/3
f 1254/2/3 1247/2/3 1246/2/3
f 1255/2/3 1247/2/3 1254/2/3
f 1256/3/3 1249/3/3 1248/3/3
f 1257/3/3 1249/3/3 1256/3/3
f 1263/1/3 1259/1/3 1258/1/3
f 1264/1/3 1259/1/3 1263/1/3
f 1265/1/3 1261/1/3 1260/1/3
f 1266/1/3 1264/1/3 1263/1/3
f 1266/1/3 1265/1/3 1264/1/3
f 1266/1/3 1263/1/3 1262/1/3
f 1267/1/3 1261/1/3 1265/1/3
f 1267/1/3 1265/1/3 1266/1/3
f 1276/2/3 1269/2/3 1268/2/3
f 1277/2/3 1269/2/3 1276/2/3
f 1278/3/3 1271/3/3 1270/3/3
f 1279/3/3 1271/3/3 1278/3/3
f 1280/2/3 1273/2/3 1272/2/3
f 1281/2/3 1273/2/3 1280/2/3
f 1284/2/3 1275/2/3 1274/2/3
f 1285/2/3 1275/2/3 1284/2/3
f 1288/2/3 1283/2/3 1282/2/3
f 1289/2/3 1283/2/3 1288/2/3
f 1290/2/3 1287/2/3 1286/2/3
f 1291/2/3 1287/2/3 1290/2/3
f 1298/2/3 1293/2/3 1292/2/3
f 1300/3/3 1295/3/3 1294/3/3
f 1304/2/3 1299/2/3 1298/2/3
f 1304/2/3 1298/2/3 1292/2/3
f 1305/2/3 1299/2/3 1304/2/3
f 1306/2/3 1299/2/3 1305/2/3
f 1307/3/3 1301/3/3 1300/3/3
f 1307/3/3 1300/3/3 1294/3/3
f 1308/3/3 1301/3/3 1307/3/3
f 1309/3/3 1301/3/3 1308/3/3
f 1310/2/3 1297/2/3 1296/2/3
f 1311/2/3 1297/2/3 1310/2/3
f 1312/2/3 1297/2/3 1311/2/3
f 1313/3/3 1303/3/3 1302/3/3
f 1314/3/3 1303/3/3 1313/3/3
f 1321/1/3 1316/1/3 1315/1/3
f 1321/1/3 1320/1/3 1319/1/3
f 1321/1/3 1319/1/3 1318/1/3
f 1321/1/3 1318/1/3 1317/1/3
f 1321/1/3 1317/1/3 1316/1/3
f 1322/1/3 1320/1/3 1321/1/3
f 1325/1/3 1324/1/3 1323/1/3
f 1326/1/3 1324/1/3 1325/1/3
f 1327/1/3 1324/1/3 1326/1/3
f 1328/1/3 1324/1/3 1327/1/3
f 1329/1/3 1324/1/3 1328/1/3
f 1330/1/3 1324/1/3 1329/1/3
f 1343/2/3 1332/2/3 1331/2/3
f 1343/2/3 1333/2/3 1332/2/3
f 1343/2/3 1334/2/3 1333/2/3
f 1344/2/3 1334/2/3 1343/2/3
f 1345/3/3 1336/3/3 1335/3/3
f 1345/3/3 1337/3/3 1336/3/3
f 1346/3/3 1337/3/3 1345/3/3
f 1347/2/3 1340/2/3 1339/2/3
f 1347/2/3 1339/2/3 1338/2/3
f 1348/2/3 1340/2/3 1347/2/3
f 1349/2/3 1342/2/3 1341/2/3
f 1350/2/3 1342/2/3 1349/2/3
f 1351/2/3 1334/2/3 1344/2/3
f 1352/2/3 1334/2/3 1351/2/3
f 1353/3/3 1337/3/3 1346/3/3
f 1354/3/3 1337/3/3 1353/3/3
f 1355/2/3 1340/2/3 1348/2/3
f 1356/2/3 1340/2/3 1355/2/3
f 1363/2/3 1358/2/3 1357/2/3
f 1364/2/3 1358/2/3 1363/2/3
f 1365/3/3 1360/3/3 1359/3/3
f 1366/3/3 1360/3/3 1365/3/3
f 1367/2/3 1362/2/3 1361/2/3
f 1368/2/3 1362/2/3 1367/2/3
f 1372/2/3 1370/2/3 1369/2/3
f 1373/2/3 1370/2/3 1372/2/3
f 1375/1/3 1373/1/3 1372/1/3
f 1375/1/3 1374/1/3 1373/1/3
f 1375/1/3 1372/1/3 1371/1/3
f 1376/1/3 1374/1/3 1375/1/3
f 1379/1/3 1378/1/3 1377/1/3
f 1380/1/3 1378/1/3 1379/1/3
f 1389/2/3 1382/2/3 1381/2/3
f 1390/2/3 1382/2/3 1389/2/3
f 1391/2/3 1384/2/3 1383/2/3
f 1392/2/3 1384/2/3 1391/2/3
f 1393/3/3 1386/3/3 1385/3/3
f 1394/3/3 1386/3/3 1393/3/3
f 1395/2/3 1388/2/3 1387/2/3
f 1396/2/3 1388/2/3 1395/2/3
f 1403/2/3 1398/2/3 1397/2/3
f 1405/3/3 1400/3/3 1399/3/3
f 1407/2/3 1402/2/3 1401/2/3
f 1409/2/3 1404/2/3 1403/2/3
f 1409/2/3 1403/2/3 1397/2/3
f 1410/2/3 1404/2/3 1409/2/3
f 1411/2/3 1404/2/3 1410/2/3
f 1412/2/3 1404/2/3 1411/2/3
f 1413/3/3 1406/3/3 1405/3/3
f 1413/3/3 1405/3/3 1399/3/3
f 1414/3/3 1406/3/3 1413/3/3
f 1415/2/3 1408/2/3 1407/2/3
f 1415/2/3 1407/2/3 1401/2/3
f 1416/2/3 1408/2/3 1415/2/3
f 1417/2/3 1411/2/3 1410/2/3
f 1418/2/3 1411/2/3 1417/2/3
f 1425/2/3 1420/2/3 1419/2/3
f 1426/2/3 1420/2/3 1425/2/3
f 1427/3/3 1422/3/3 1421/3/3
f 1428/3/3 1422/3/3 1427/3/3
f 1429/2/3 1424/2/3 1423/2/3
f 1430/2/3 1424/2/3 1429/2/3
f 1431/2/3 1420/2/3 1426/2/3
f 1432/2/3 1420/2/3 1431/2/3
f 1433/3/3 1422/3/3 1428/3/3
f 1434/3/3 1422/3/3 1433/3/3
f 1435/2/3 1424/2/3 1430/2/3
f 1436/2/3 1424/2/3 1435/2/3
f 1443/2/3 1438/2/3 1437/2/3
f 1444/2/3 1438/2/3 1443/2/3
f 1447/3/3 1440/3/3 1439/3/3
f 1448/3/3 1440/3/3 1447/3/3
f 1449/2/3 1442/2/3 1441/2/3
f 1450/2/3 1442/2/3 1449/2/3
f 1451/2/3 1446/2/3 1445/2/3
f 1452/2/3 1446/2/3 1451/2/3
f 1455/1/3 1454/1/3 1453/1/3
f 1456/1/3 1454/1/3 1455/1/3
f 1463/2/3 1458/2/3 1457/2/3
f 1464/2/3 1458/2/3 1463/2/3
f 1465/3/3 1460/3/3 1459/3/3
f 1466/3/3 1460/3/3 1465/3/3
f 1467/2/3 1462/2/3 1461/2/3
f 1468/2/3 1462/2/3 1467/2/3
f 1479/2/3 1470/2/3 1469/2/3
f 1479/2/3 1471/2/3 1470/2/3
f 1480/2/3 1471/2/3 1479/2/3
f 1481/3/3 1473/3/3 1472/3/3
f 1481/3/3 1474/3/3 1473/3/3
f 1482/3/3 1474/3/3 1481/3/3
f 1483/2/3 1477/2/3 1476/2/3
f 1483/2/3 1476/2/3 1475/2/3
f 1484/2/3 1477/2/3 1483/2/3
f 1486/2/3 1479/2/3 1478/2/3
f 1487/2/3 1479/2/3 1486/2/3
f 1488/2/3 1471/2/3 1480/2/3
f 1489/2/3 1471/2/3 1488/2/3
f 1490/2/3 1471/2/3 1489/2/3
f 1491/3/3 1481/3/3 1472/3/3
f 1492/3/3 1481/3/3 1491/3/3
f 1493/2/3 1483/2/3 1475/2/3
f 1494/2/3 1483/2/3 1493/2/3
f 1495/2/3 1486/2/3 1485/2/3
f 1496/2/3 1486/2/3 1495/2/3
f 1499/1/3 1498/1/3 1497/1/3
f 1500/1/3 1498/1/3 1499/1/3
f 1506/2/3 1502/2/3 1501/2/3
f 1508/3/3 1504/3/3 1503/3/3
f 1511/2/3 1506/2/3 1505/2/3
f 1512/2/3 1502/2/3 1506/2/3
f 1512/2/3 1506/2/3 1511/2/3
f 1513/2/3 1502/2/3 1512/2/3
f 1514/3/3 1508/3/3 1507/3/3
f 1515/3/3 1504/3/3 1508/3/3
f 1515/3/3 1508/3/3 1514/3/3
f 1516/3/3 1504/3/3 1515/3/3
f 1517/2/3 1510/2/3 1509/2/3
f 1518/2/3 1510/2/3 1517/2/3
f 1523/2/3 1520/2/3 1519/2/3
f 1524/2/3 1520/2/3 1523/2/3
f 1525/3/3 1522/3/3 1521/3/3
f 1526/3/3 1522/3/3 1525/3/3
f 1533/3/3 1528/3/3 1527/3/3
f 1534/3/3 1528/3/3 1533/3/3
f 1535/2/3 1530/2/3 1529/2/3
f 1536/2/3 1530/2/3 1535/2/3
f 1537/3/3 1532/3/3 1531/3/3
f 1538/3/3 1532/3/3 1537/3/3
f 1543/2/3 1540/2/3 1539/2/3
f 1544/2/3 1540/2/3 1543/2/3
f 1545/3/3 1542/3/3 1541/3/3
f 1546/3/3 1542/3/3 1545/3/3
f 1549/3/3 1548/3/3 1547/3/3
f 1550/3/3 1548/3/3 1549/3/3
f 1560/3/3 1552/3/3 1551/3/3
f 1560/3/3 1553/3/3 1552/3/3
f 1561/3/3 1553/3/3 1560/3/3
f 1562/2/3 1555/2/3 1554/2/3
f 1562/2/3 1556/2/3 1555/2/3
f 1563/2/3 1556/2/3 1562/2/3
f 1565/3/3 1560/3/3 1551/3/3
f 1566/3/3 1560/3/3 1565/3/3
f 1568/2/3 1562/2/3 1554/2/3
f 1569/2/3 1562/2/3 1568/2/3
f 1571/3/3 1559/3/3 1558/3/3
f 1571/3/3 1558/3/3 1557/3/3
f 1572/3/3 1559/3/3 1571/3/3
f 1574/3/3 1565/3/3 1564/3/3
f 1576/2/3 1568/2/3 1567/2/3
f 1578/3/3 1571/3/3 1570/3/3
f 1580/3/3 1574/3/3 1573/3/3
f 1581/3/3 1565/3/3 1574/3/3
f 1581/3/3 1574/3/3 1580/3/3
f 1582/3/3 1565/3/3 1581/3/3
f 1583/2/3 1576/2/3 1575/2/3
f 1584/2/3 1568/2/3 1576/2/3
f 1584/2/3 1576/2/3 1583/2/3
f 1585/2/3 1568/2/3 1584/2/3
f 1586/3/3 1578/3/3 1577/3/3
f 1587/3/3 1571/3/3 1578/3/3
f 1587/3/3 1578/3/3 1586/3/3
f 1588/3/3 1571/3/3 1587/3/3
f 1590/3/3 1581/3/3 1580/3/3
f 1590/3/3 1580/3/3 1579/3/3
f 1591/3/3 1581/3/3 1590/3/3
f 1592/3/3 1581/3/3 1591/3/3
f 1593/3/3 1590/3/3 1589/3/3
f 1593/3/3 1591/3/3 1590/3/3
f 1594/3/3 1591/3/3 1593/3/3
f 1598/3/3 1593/3/3 1589/3/3
f 1599/3/3 1593/3/3 1598/3/3
f 1600/3/3 1593/3/3 1599/3/3
f 1601/3/3 1596/3/3 1595/3/3
f 1602/3/3 1596/3/3 1601/3/3
f 1603/3/3 1598/3/3 1597/3/3
f 1603/3/3 1599/3/3 1598/3/3
f 1604/3/3 1599/3/3 1603/3/3
f 1611/3/3 1606/3/3 1605/3/3
f 1612/3/3 1606/3/3 1611/3/3
f 1614/2/3 1608/2/3 1607/2/3
f 1615/2/3 1608/2/3 1614/2/3
f 1617/3/3 1610/3/3 1609/3/3
f 1618/3/3 1610/3/3 1617/3/3
f 1620/3/3 1613/3/3 1612/3/3
f 1621/3/3 1613/3/3 1620/3/3
f 1622/2/3 1616/2/3 1615/2/3
f 1623/2/3 1616/2/3 1622/2/3
f 1624/3/3 1619/3/3 1618/3/3
f 1625/3/3 1619/3/3 1624/3/3
f 1628/3/3 1627/3/3 1626/3/3
f 1629/3/3 1627/3/3 1628/3/3
f 1630/3/4 1631/3/4 1632/3/4
f 1632/3/4 1631/3/4 1633/3/4
f 1633/3/4 1634/3/4 1635/3/4
f 1635/3/4 1634/3/4 1636/3/4
f 1637/3/4 1638/3/4 1644/3/4
f 1644/3/4 1638/3/4 1645/3/4
f 1639/2/4 1640/2/4 1647/2/4
f 1647/2/4 1640/2/4 1648/2/4
f 1641/3/4 1642/3/4 1650/3/4
f 1650/3/4 1642/3/4 1651/3/4
f 1643/3/4 1644/3/4 1654/3/4
f 1654/3/4 1644/3/4 1655/3/4
f 1646/2/4 1647/2/4 1656/2/4
f 1656/2/4 1647/2/4 1657/2/4
f 1649/3/4 1650/3/4 1658/3/4
f 1658/3/4 1650/3/4 1659/3/4
f 1652/2/4 1653/2/4 1660/2/4
f 1660/2/4 1653/2/4 1661/2/4
f 1662/2/4 1663/2/4 1664/2/4
f 1664/2/4 1663/2/4 1665/2/4
f 1666/3/4 1667/3/4 1678/3/4
f 1667/3/4 1668/3/4 1678/3/4
f 1668/3/4 1669/3/4 1678/3/4
f 1678/3/4 1669/3/4 1679/3/4
f 1670/2/4 1671/2/4 1680/2/4
f 1671/2/4 1672/2/4 1680/2/4
f 1680/2/4 1672/2/4 1681/2/4
f 1674/3/4 1675/3/4 1682/3/4
f 1673/3/4 1674/3/4 1682/3/4
f 1682/3/4 1675/3/4 1683/3/4
f 1676/3/4 1677/3/4 1685/3/4
f 1685/3/4 1677/3/4 1686/3/4
f 1679/3/4 1669/3/4 1687/3/4
f 1687/3/4 1669/3/4 1688/3/4
f 1681/2/4 1672/2/4 1690/2/4
f 1690/2/4 1672/2/4 1691/2/4
f 1683/3/4 1675/3/4 1693/3/4
f 1693/3/4 1675/3/4 1694/3/4
f 1684/3/4 1685/3/4 1697/3/4
f 1697/3/4 1685/3/4 1698/3/4
f 1688/3/4 1689/3/4 1699/3/4
f 1691/2/4 1692/2/4 1701/2/4
f 1696/3/4 1697/3/4 1705/3/4
f 1705/3/4 1697/3/4 1706/3/4
f 1699/3/4 1700/3/4 1707/3/4
f 1688/3/4 1699/3/4 1707/3/4
f 1707/3/4 1700/3/4 1708/3/4
f 1708/3/4 1700/3/4 1709/3/4
f 1701/2/4 1702/2/4 1710/2/4
f 1691/2/4 1701/2/4 1710/2/4
f 1710/2/4 1702/2/4 1711/2/4
f 1711/2/4 1702/2/4 1712/2/4
f 1694/3/4 1695/3/4 1713/3/4
f 1713/3/4 1695/3/4 1714/3/4
f 1714/3/4 1695/3/4 1715/3/4
f 1703/2/4 1704/2/4 1716/2/4
f 1716/2/4 1704/2/4 1717/2/4
f 1718/2/4 1719/2/4 1721/2/4
f 1719/2/4 1720/2/4 1721/2/4
f 1721/2/4 1720/2/4 1722/2/4
f 1723/3/4 1724/3/4 1731/3/4
f 1731/3/4 1724/3/4 1732/3/4
f 1725/2/4 1726/2/4 1733/2/4
f 1733/2/4 1726/2/4 1734/2/4
f 1727/3/4 1728/3/4 1735/3/4
f 1735/3/4 1728/3/4 1736/3/4
f 1729/3/4 1730/3/4 1737/3/4
f 1737/3/4 1730/3/4 1738/3/4
f 1738/3/4 1730/3/4 1739/3/4
f 1740/2/4 1741/2/4 1748/2/4
f 1748/2/4 1741/2/4 1749/2/4
f 1742/3/4 1743/3/4 1751/3/4
f 1751/3/4 1743/3/4 1752/3/4
f 1744/2/4 1745/2/4 1753/2/4
f 1753/2/4 1745/2/4 1754/2/4
f 1746/3/4 1747/3/4 1755/3/4
f 1755/3/4 1747/3/4 1756/3/4
f 1749/2/4 1750/2/4 1757/2/4
f 1757/2/4 1750/2/4 1758/2/4
f 1758/2/4 1759/2/4 1760/2/4
f 1760/2/4 1759/2/4 1761/2/4
f 1762/2/4 1763/2/4 1772/2/4
f 1763/2/4 1764/2/4 1772/2/4
f 1772/2/4 1764/2/4 1773/2/4
f 1765/3/4 1766/3/4 1774/3/4
f 1766/3/4 1767/3/4 1774/3/4
f 1774/3/4 1767/3/4 1775/3/4
f 1768/2/4 1769/2/4 1776/2/4
f 1776/2/4 1769/2/4 1777/2/4
f 1770/3/4 1771/3/4 1778/3/4
f 1778/3/4 1771/3/4 1779/3/4
f 1773/2/4 1764/2/4 1780/2/4
f 1780/2/4 1764/2/4 1781/2/4
f 1775/3/4 1767/3/4 1782/3/4
f 1782/3/4 1767/3/4 1783/3/4
f 1784/1/4 1785/1/4 1787/1/4
f 1786/1/4 1787/1/4 1788/1/4
f 1788/1/4 1787/1/4 1789/1/4
f 1787/1/4 1785/1/4 1790/1/4
f 1789/1/4 1787/1/4 1790/1/4
f 1791/3/4 1792/3/4 1797/3/4
f 1793/2/4 1794/2/4 1799/2/4
f 1795/2/4 1796/2/4 1803/2/4
f 1803/2/4 1796/2/4 1804/2/4
f 1797/3/4 1798/3/4 1805/3/4
f 1791/3/4 1797/3/4 1805/3/4
f 1805/3/4 1798/3/4 1806/3/4
f 1806/3/4 1798/3/4 1807/3/4
f 1793/2/4 1799/2/4 1808/2/4
f 1799/2/4 1800/2/4 1808/2/4
f 1808/2/4 1800/2/4 1809/2/4
f 1809/2/4 1800/2/4 1810/2/4
f 1801/2/4 1802/2/4 1812/2/4
f 1811/2/4 1812/2/4 1813/2/4
f 1812/2/4 1802/2/4 1814/2/4
f 1813/2/4 1812/2/4 1814/2/4
f 1815/2/4 1816/2/4 1821/2/4
f 1821/2/4 1816/2/4 1822/2/4
f 1817/3/4 1818/3/4 1823/3/4
f 1823/3/4 1818/3/4 1824/3/4
f 1819/3/4 1820/3/4 1825/3/4
f 1825/3/4 1820/3/4 1826/3/4
f 1827/1/4 1828/1/4 1830/1/4
f 1828/1/4 1829/1/4 1830/1/4
f 1830/1/4 1829/1/4 1831/1/4
f 1831/1/4 1829/1/4 1832/1/4
f 1832/1/4 1833/1/4 1835/1/4
f 1831/1/4 1832/1/4 1835/1/4
f 1835/1/4 1833/1/4 1836/1/4
f 1836/1/4 1833/1/4 1837/1/4
f 1834/1/4 1835/1/4 1838/1/4
f 1835/1/4 1836/1/4 1838/1/4
f 1838/1/4 1836/1/4 1839/1/4
f 1839/1/4 1836/1/4 1840/1/4
f 1841/2/4 1842/2/4 1849/2/4
f 1849/2/4 1842/2/4 1850/2/4
f 1843/3/4 1844/3/4 1851/3/4
f 1851/3/4 1844/3/4 1852/3/4
f 1845/2/4 1846/2/4 1853/2/4
f 1853/2/4 1846/2/4 1854/2/4
f 1847/2/4 1848/2/4 1855/2/4
f 1855/2/4 1848/2/4 1856/2/4
f 1841/2/4 1849/2/4 1857/2/4
f 1857/2/4 1849/2/4 1858/2/4
f 1859/2/4 1860/2/4 1866/2/4
f 1861/3/4 1862/3/4 1868/3/4
f 1863/2/4 1864/2/4 1870/2/4
f 1865/2/4 1866/2/4 1873/2/4
f 1866/2/4 1860/2/4 1874/2/4
f 1873/2/4 1866/2/4 1874/2/4
f 1867/3/4 1868/3/4 1875/3/4
f 1868/3/4 1862/3/4 1876/3/4
f 1875/3/4 1868/3/4 1876/3/4
f 1869/2/4 1870/2/4 1877/2/4
f 1870/2/4 1864/2/4 1878/2/4
f 1877/2/4 1870/2/4 1878/2/4
f 1871/2/4 1872/2/4 1881/2/4
f 1881/2/4 1872/2/4 1882/2/4
f 1879/1/4 1880/1/4 1883/1/4
f 1883/1/4 1880/1/4 1884/1/4
f 1884/1/4 1885/1/4 1886/1/4
f 1886/1/4 1885/1/4 1887/1/4
f 1887/1/4 1888/1/4 1890/1/4
f 1889/1/4 1890/1/4 1892/1/4
f 1890/1/4 1888/1/4 1893/1/4
f 1892/1/4 1890/1/4 1893/1/4
f 1891/1/4 1892/1/4 1894/1/4
f 1894/1/4 1892/1/4 1895/1/4
f 1896/2/4 1897/2/4 1905/2/4
f 1905/2/4 1897/2/4 1906/2/4
f 1906/2/4 1897/2/4 1907/2/4
f 1907/2/4 1897/2/4 1908/2/4
f 1908/2/4 1897/2/4 1909/2/4
f 1898/3/4 1899/3/4 1910/3/4
f 1910/3/4 1899/3/4 1911/3/4
f 1900/2/4 1901/2/4 1912/2/4
f 1912/2/4 1901/2/4 1913/2/4
f 1902/2/4 1903/2/4 1914/2/4
f 1914/2/4 1903/2/4 1915/2/4
f 1904/2/4 1905/2/4 1916/2/4
f 1905/2/4 1906/2/4 1916/2/4
f 1916/2/4 1906/2/4 1917/2/4
f 1907/2/4 1908/2/4 1918/2/4
f 1918/2/4 1908/2/4 1919/2/4
f 1898/3/4 1910/3/4 1920/3/4
f 1920/3/4 1910/3/4 1921/3/4
f 1900/2/4 1912/2/4 1922/2/4
f 1922/2/4 1912/2/4 1923/2/4
f 1924/2/4 1925/2/4 1932/2/4
f 1932/2/4 1925/2/4 1933/2/4
f 1926/2/4 1927/2/4 1934/2/4
f 1934/2/4 1927/2/4 1935/2/4
f 1928/3/4 1929/3/4 1936/3/4
f 1936/3/4 1929/3/4 1937/3/4
f 1930/2/4 1931/2/4 1938/2/4
f 1938/2/4 1931/2/4 1939/2/4
f 1940/1/4 1941/1/4 1945/1/4
f 1945/1/4 1941/1/4 1946/1/4
f 1946/1/4 1941/1/4 1947/1/4
f 1942/1/4 1943/1/4 1948/1/4
f 1943/1/4 1944/1/4 1948/1/4
f 1948/1/4 1944/1/4 1949/1/4
f 1950/1/4 1951/1/4 1953/1/4
f 1951/1/4 1952/1/4 1953/1/4
f 1953/1/4 1952/1/4 1954/1/4
f 1955/2/4 1956/2/4 1963/2/4
f 1963/2/4 1956/2/4 1964/2/4
f 1957/2/4 1958/2/4 1965/2/4
f 1965/2/4 1958/2/4 1966/2/4
f 1959/3/4 1960/3/4 1967/3/4
f 1967/3/4 1960/3/4 1968/3/4
f 1961/2/4 1962/2/4 1969/2/4
f 1969/2/4 1962/2/4 1970/2/4
f 1971/2/4 1972/2/4 1978/2/4
f 1973/3/4 1974/3/4 1980/3/4
f 1975/2/4 1976/2/4 1982/2/4
f 1977/2/4 1978/2/4 1983/2/4
f 1983/2/4 1978/2/4 1984/2/4
f 1978/2/4 1972/2/4 1985/2/4
f 1984/2/4 1978/2/4 1985/2/4
f 1985/2/4 1972/2/4 1986/2/4
f 1979/3/4 1980/3/4 1987/3/4
f 1980/3/4 1974/3/4 1988/3/4
f 1987/3/4 1980/3/4 1988/3/4
f 1988/3/4 1974/3/4 1989/3/4
f 1981/2/4 1982/2/4 1990/2/4
f 1982/2/4 1976/2/4 1991/2/4
f 1990/2/4 1982/2/4 1991/2/4
f 1991/2/4 1976/2/4 1992/2/4
f 1984/2/4 1985/2/4 1993/2/4
f 1993/2/4 1985/2/4 1994/2/4
f 1994/2/4 1985/2/4 1995/2/4
f 1999/1/4 2000/1/4 2002/1/4
f 2000/1/4 2001/1/4 2002/1/4
f 1998/1/4 1999/1/4 2002/1/4
f 1997/1/4 1998/1/4 2002/1/4
f 1996/1/4 1997/1/4 2002/1/4
f 2002/1/4 2001/1/4 2003/1/4
f 2004/1/4 2005/1/4 2006/1/4
f 2006/1/4 2005/1/4 2007/1/4
f 2007/1/4 2005/1/4 2008/1/4
f 2008/1/4 2005/1/4 2009/1/4
f 2009/1/4 2005/1/4 2010/1/4
f 2010/1/4 2005/1/4 2011/1/4
f 2012/2/4 2013/2/4 2023/2/4
f 2013/2/4 2014/2/4 2023/2/4
f 2023/2/4 2014/2/4 2024/2/4
f 2015/3/4 2016/3/4 2025/3/4
f 2016/3/4 2017/3/4 2025/3/4
f 2025/3/4 2017/3/4 2026/3/4
f 2021/2/4 2022/2/4 2027/2/4
f 2027/2/4 2022/2/4 2028/2/4
f 2012/2/4 2023/2/4 2029/2/4
f 2029/2/4 2023/2/4 2030/2/4
f 2015/3/4 2025/3/4 2031/3/4
f 2031/3/4 2025/3/4 2032/3/4
f 2019/2/4 2020/2/4 2033/2/4
f 2018/2/4 2019/2/4 2033/2/4
f 2033/2/4 2020/2/4 2034/2/4
f 2035/2/4 2036/2/4 2042/2/4
f 2042/2/4 2036/2/4 2043/2/4
f 2043/2/4 2036/2/4 2044/2/4
f 2037/3/4 2038/3/4 2046/3/4
f 2046/3/4 2038/3/4 2047/3/4
f 2039/2/4 2040/2/4 2048/2/4
f 2048/2/4 2040/2/4 2049/2/4
f 2041/2/4 2042/2/4 2051/2/4
f 2051/2/4 2042/2/4 2052/2/4
f 2044/2/4 2045/2/4 2053/2/4
f 2043/2/4 2044/2/4 2053/2/4
f 2053/2/4 2045/2/4 2054/2/4
f 2050/2/4 2051/2/4 2055/2/4
f 2055/2/4 2051/2/4 2056/2/4
f 2054/2/4 2045/2/4 2057/2/4
f 2057/2/4 2045/2/4 2058/2/4
f 2057/1/4 2058/1/4 2060/1/4
f 2058/1/4 2059/1/4 2060/1/4
f 2060/1/4 2059/1/4 2061/1/4
f 2062/2/4 2063/2/4 2068/2/4
f 2068/2/4 2063/2/4 2069/2/4
f 2064/3/4 2065/3/4 2070/3/4
f 2070/3/4 2065/3/4 2071/3/4
f 2066/2/4 2067/2/4 2072/2/4
f 2072/2/4 2067/2/4 2073/2/4
f 2074/2/4 2075/2/4 2078/2/4
f 2078/2/4 2075/2/4 2079/2/4
f 2076/3/4 2077/3/4 2080/3/4
f 2080/3/4 2077/3/4 2081/3/4
f 2082/3/4 2083/3/4 2087/3/4
f 2084/2/4 2085/2/4 2089/2/4
f 2086/3/4 2087/3/4 2092/3/4
f 2087/3/4 2083/3/4 2093/3/4
f 2092/3/4 2087/3/4 2093/3/4
f 2093/3/4 2083/3/4 2094/3/4
f 2088/2/4 2089/2/4 2095/2/4
f 2089/2/4 2085/2/4 2096/2/4
f 2095/2/4 2089/2/4 2096/2/4
f 2096/2/4 2085/2/4 2097/2/4
f 2090/3/4 2091/3/4 2098/3/4
f 2098/3/4 2091/3/4 2099/3/4
f 2100/2/4 2101/2/4 2106/2/4
f 2101/2/4 2102/2/4 2106/2/4
f 2106/2/4 2102/2/4 2107/2/4
f 2104/3/4 2105/3/4 2108/3/4
f 2103/3/4 2104/3/4 2108/3/4
f 2108/3/4 2105/3/4 2109/3/4
f 2100/2/4 2106/2/4 2110/2/4
f 2110/2/4 2106/2/4 2111/2/4
f 2103/3/4 2108/3/4 2112/3/4
f 2112/3/4 2108/3/4 2113/3/4
f 2114/3/4 2115/3/4 2116/3/4
f 2116/3/4 2115/3/4 2117/3/4
f 2118/3/4 2119/3/4 2122/3/4
f 2122/3/4 2119/3/4 2123/3/4
f 2120/2/4 2121/2/4 2124/2/4
f 2124/2/4 2121/2/4 2125/2/4
f 2126/2/4 2127/2/4 2130/2/4
f 2130/2/4 2127/2/4 2131/2/4
f 2128/3/4 2129/3/4 2132/3/4
f 2132/3/4 2129/3/4 2133/3/4
f 2134/3/4 2135/3/4 2136/3/4
f 2136/3/4 2135/3/4 2137/3/4
f 2138/3/4 2139/3/4 2142/3/4
f 2142/3/4 2139/3/4 2143/3/4
f 2140/3/4 2141/3/4 2144/3/4
f 2144/3/4 2141/3/4 2145/3/4
f 2146/3/4 2147/3/4 2153/3/4
f 2148/2/4 2149/2/4 2155/2/4
f 2150/3/4 2151/3/4 2157/3/4
f 2152/3/4 2153/3/4 2158/3/4
f 2153/3/4 2147/3/4 2158/3/4
f 2158/3/4 2147/3/4 2159/3/4
f 2154/2/4 2155/2/4 2161/2/4
f 2155/2/4 2149/2/4 2162/2/4
f 2161/2/4 2155/2/4 2162/2/4
f 2162/2/4 2149/2/4 2163/2/4
f 2156/3/4 2157/3/4 2165/3/4
f 2157/3/4 2151/3/4 2166/3/4
f 2165/3/4 2157/3/4 2166/3/4
f 2166/3/4 2151/3/4 2167/3/4
f 2152/3/4 2158/3/4 2169/3/4
f 2169/3/4 2158/3/4 2170/3/4
f 2170/3/4 2158/3/4 2171/3/4
f 2160/2/4 2161/2/4 2172/2/4
f 2161/2/4 2162/2/4 2172/2/4
f 2172/2/4 2162/2/4 2173/2/4
f 2165/3/4 2166/3/4 2174/3/4
f 2164/3/4 2165/3/4 2174/3/4
f 2174/3/4 2166/3/4 2175/3/4
f 2169/3/4 2170/3/4 2177/3/4
f 2168/3/4 2169/3/4 2177/3/4
f 2177/3/4 2170/3/4 2178/3/4
f 2178/3/4 2170/3/4 2179/3/4
f 2160/2/4 2172/2/4 2180/2/4
f 2180/2/4 2172/2/4 2181/2/4
f 2164/3/4 2174/3/4 2182/3/4
f 2182/3/4 2174/3/4 2183/3/4
f 2176/3/4 2177/3/4 2185/3/4
f 2177/3/4 2178/3/4 2185/3/4
f 2185/3/4 2178/3/4 2186/3/4
f 2186/3/4 2178/3/4 2187/3/4
f 2184/3/4 2185/3/4 2189/3/4
f 2185/3/4 2186/3/4 2189/3/4
f 2189/3/4 2186/3/4 2190/3/4
f 2190/3/4 2186/3/4 2191/3/4
f 2188/3/4 2189/3/4 2193/3/4
f 2189/3/4 2190/3/4 2193/3/4
f 2193/3/4 2190/3/4 2194/3/4
f 2194/3/4 2190/3/4 2195/3/4
f 2192/3/4 2193/3/4 2196/3/4
f 2193/3/4 2194/3/4 2196/3/4
f 2196/3/4 2194/3/4 2197/3/4
f 2200/2/5 2199/2/5 2198/2/5
f 2201/2/5 2199/2/5 2200/2/5
f 2204/2/5 2203/2/5 2202/2/5
f 2205/2/5 2203/2/5 2204/2/5
f 2208/2/5 2207/2/5 2206/2/5
f 2209/2/5 2207/2/5 2208/2/5
f 2212/2/5 2211/2/5 2210/2/5
f 2213/2/5 2211/2/5 2212/2/5
f 2216/2/5 2215/2/5 2214/2/5
f 2217/2/5 2215/2/5 2216/2/5
f 2220/2/5 2219/2/5 2218/2/5
f 2221/2/5 2219/2/5 2220/2/5
f 2226/2/5 2223/2/5 2222/2/5
f 2227/2/5 2223/2/5 2226/2/5
f 2228/2/5 2225/2/5 2224/2/5
f 2229/2/5 2225/2/5 2228/2/5
f 2232/2/5 2231/2/5 2230/2/5
f 2233/2/5 2231/2/5 2232/2/5
f 2235/2/5 2234/2/5 2233/2/5
f 2236/2/5 2234/2/5 2235/2/5
f 2239/3/5 2238/3/5 2237/3/5
f 2240/3/5 2238/3/5 2239/3/5
f 2243/2/5 2242/2/5 2241/2/5
f 2244/2/5 2242/2/5 2243/2/5
f 2247/3/5 2246/3/5 2245/3/5
f 2248/3/5 2246/3/5 2247/3/5
f 2251/3/5 2250/3/5 2249/3/5
f 2252/3/5 2250/3/5 2251/3/5
f 2255/3/5 2254/3/5 2253/3/5
f 2256/3/5 2254/3/5 2255/3/5
f 2261/3/5 2258/3/5 2257/3/5
f 2262/3/5 2258/3/5 2261/3/5
f 2263/2/5 2260/2/5 2259/2/5
f 2264/2/5 2260/2/5 2263/2/5
f 2267/3/5 2266/3/5 2265/3/5
f 2268/3/5 2266/3/5 2267/3/5
f 2273/3/5 2270/3/5 2269/3/5
f 2274/3/5 2270/3/5 2273/3/5
f 2275/3/5 2272/3/5 2271/3/5
f 2276/3/5 2272/3/5 2275/3/5
f 2279/1/5 2278/1/5 2277/1/5
f 2280/1/5 2278/1/5 2279/1/5
f 2283/3/5 2282/3/5 2281/3/5
f 2284/3/5 2282/3/5 2283/3/5
f 2287/3/5 2286/3/5 2285/3/5
f 2288/3/5 2286/3/5 2287/3/5
f 2290/3/5 2288/3/5 2287/3/5
f 2290/3/5 2289/3/5 2288/3/5
f 2291/3/5 2289/3/5 2290/3/5
f 2292/3/5 2289/3/5 2291/3/5
f 2297/1/5 2294/1/5 2293/1/5
f 2298/1/5 2294/1/5 2297/1/5
f 2299/2/5 2296/2/5 2295/2/5
f 2300/2/5 2296/2/5 2299/2/5
f 2303/2/5 2302/2/5 2301/2/5
f 2304/2/5 2302/2/5 2303/2/5
f 2308/1/5 2306/1/5 2305/1/5
f 2309/1/5 2306/1/5 2308/1/5
f 2310/1/5 2308/1/5 2307/1/5
f 2311/1/5 2308/1/5 2310/1/5
f 2314/2/5 2313/2/5 2312/2/5
f 2315/2/5 2313/2/5 2314/2/5
f 2320/2/5 2317/2/5 2316/2/5
f 2321/2/5 2317/2/5 2320/2/5
f 2322/2/5 2319/2/5 2318/2/5
f 2323/2/5 2319/2/5 2322/2/5
f 2326/3/5 2325/3/5 2324/3/5
f 2327/3/5 2325/3/5 2326/3/5
f 2330/3/5 2329/3/5 2328/3/5
f 2331/3/5 2329/3/5 2330/3/5
f 2336/1/5 2333/1/5 2332/1/5
f 2337/1/5 2333/1/5 2336/1/5
f 2342/1/5 2335/1/5 2334/1/5
f 2343/1/5 2335/1/5 2342/1/5
f 2344/1/5 2339/1/5 2338/1/5
f 2345/1/5 2339/1/5 2344/1/5
f 2346/2/5 2341/2/5 2340/2/5
f 2347/2/5 2341/2/5 2346/2/5
f 2352/2/5 2349/2/5 2348/2/5
f 2353/2/5 2349/2/5 2352/2/5
f 2354/2/5 2351/2/5 2350/2/5
f 2355/2/5 2351/2/5 2354/2/5
f 2358/3/5 2357/3/5 2356/3/5
f 2359/3/5 2357/3/5 2358/3/5
f 2360/3/5 2357/3/5 2359/3/5
f 2361/3/5 2357/3/5 2360/3/5
f 2367/1/5 2363/1/5 2362/1/5
f 2368/1/5 2363/1/5 2367/1/5
f 2369/1/5 2365/1/5 2364/1/5
f 2370/1/5 2365/1/5 2369/1/5
f 2376/1/5 2367/1/5 2366/1/5
f 2377/1/5 2367/1/5 2376/1/5
f 2378/1/5 2371/1/5 2370/1/5
f 2379/1/5 2371/1/5 2378/1/5
f 2380/2/5 2373/2/5 2372/2/5
f 2381/2/5 2373/2/5 2380/2/5
f 2382/2/5 2375/2/5 2374/2/5
f 2383/2/5 2375/2/5 2382/2/5
f 2386/2/5 2385/2/5 2384/2/5
f 2387/2/5 2385/2/5 2386/2/5
f 2390/3/5 2389/3/5 2388/3/5
f 2391/3/5 2389/3/5 2390/3/5
f 2394/3/5 2393/3/5 2392/3/5
f 2395/3/5 2393/3/5 2394/3/5
f 2398/3/5 2397/3/5 2396/3/5
f 2399/3/5 2397/3/5 2398/3/5
f 2402/3/5 2401/3/5 2400/3/5
f 2403/3/5 2401/3/5 2402/3/5
f 2406/2/5 2405/2/5 2404/2/5
f 2407/2/5 2405/2/5 2406/2/5
f 2413/2/5 2409/2/5 2408/2/5
f 2414/2/5 2409/2/5 2413/2/5
f 2416/1/5 2411/1/5 2410/1/5
f 2417/1/5 2411/1/5 2416/1/5
f 2418/2/5 2413/2/5 2412/2/5
f 2419/2/5 2413/2/5 2418/2/5
f 2420/2/5 2413/2/5 2419/2/5
f 2421/1/5 2416/1/5 2415/1/5
f 2424/1/5 2416/1/5 2421/1/5
f 2425/1/5 2416/1/5 2424/1/5
f 2426/1/5 2423/1/5 2422/1/5
f 2427/1/5 2423/1/5 2426/1/5
f 2428/2/5 2425/2/5 2424/2/5
f 2429/1/5 2426/1/5 2425/1/5
f 2429/2/5 2425/2/5 2428/2/5
f 2430/1/5 2426/1/5 2429/1/5
f 2433/3/5 2432/3/5 2431/3/5
f 2434/3/5 2432/3/5 2433/3/5
f 2439/2/5 2436/2/5 2435/2/5
f 2441/1/5 2438/1/5 2437/1/5
f 2442/1/5 2438/1/5 2441/1/5
f 2443/2/5 2440/2/5 2439/2/5
f 2443/2/5 2439/2/5 2435/2/5
f 2444/2/5 2440/2/5 2443/2/5
f 2445/1/5 2441/1/5 2437/1/5
f 2446/1/5 2441/1/5 2445/1/5
f 2449/3/5 2448/3/5 2447/3/5
f 2450/3/5 2448/3/5 2449/3/5
f 2453/3/5 2452/3/5 2451/3/5
f 2454/3/5 2452/3/5 2453/3/5
f 2457/3/5 2456/3/5 2455/3/5
f 2458/3/5 2456/3/5 2457/3/5
f 2461/2/5 2460/2/5 2459/2/5
f 2462/2/5 2460/2/5 2461/2/5
f 2465/2/5 2464/2/5 2463/2/5
f 2466/2/5 2464/2/5 2465/2/5
f 2470/3/5 2468/3/5 2467/3/5
f 2471/3/5 2470/3/5 2469/3/5
f 2472/3/5 2468/3/5 2470/3/5
f 2472/3/5 2470/3/5 2471/3/5
f 2475/2/5 2474/2/5 2473/2/5
f 2476/2/5 2474/2/5 2475/2/5
f 2480/3/5 2478/3/5 2477/3/5
f 2481/3/5 2480/3/5 2479/3/5
f 2482/3/5 2478/3/5 2480/3/5
f 2482/3/5 2480/3/5 2481/3/5
f 2485/2/5 2484/2/5 2483/2/5
f 2486/2/5 2484/2/5 2485/2/5
f 2487/2/5 2484/2/5 2486/2/5
f 2488/2/5 2484/2/5 2487/2/5
f 2491/2/5 2490/2/5 2489/2/5
f 2493/2/5 2491/2/5 2489/2/5
f 2493/2/5 2492/2/5 2491/2/5
f 2494/2/5 2492/2/5 2493/2/5
f 2497/3/5 2496/3/5 2495/3/5
f 2498/3/5 2496/3/5 2497/3/5
f 2499/3/5 2497/3/5 2495/3/5
f 2500/3/5 2497/3/5 2499/3/5
f 2505/3/5 2502/3/5 2501/3/5
f 2506/3/5 2502/3/5 2505/3/5
f 2507/2/5 2504/2/5 2503/2/5
f 2508/2/5 2504/2/5 2507/2/5
f 2513/2/5 2510/2/5 2509/2/5
f 2514/2/5 2510/2/5 2513/2/5
f 2515/3/5 2512/3/5 2511/3/5
f 2516/3/5 2512/3/5 2515/3/5
f 2521/2/5 2518/2/5 2517/2/5
f 2522/2/5 2518/2/5 2521/2/5
f 2524/3/5 2520/3/5 2519/3/5
f 2525/2/5 2518/2/5 2522/2/5
f 2526/2/5 2518/2/5 2525/2/5
f 2527/3/5 2524/3/5 2523/3/5
f 2528/3/5 2520/3/5 2524/3/5
f 2528/3/5 2524/3/5 2527/3/5
f 2533/3/5 2530/3/5 2529/3/5
f 2534/3/5 2530/3/5 2533/3/5
f 2535/2/5 2532/2/5 2531/2/5
f 2537/3/5 2533/3/5 2529/3/5
f 2538/3/5 2533/3/5 2537/3/5
f 2539/2/5 2536/2/5 2535/2/5
f 2539/2/5 2535/2/5 2531/2/5
f 2540/2/5 2536/2/5 2539/2/5
f 2543/2/5 2542/2/5 2541/2/5
f 2544/2/5 2542/2/5 2543/2/5
f 2547/3/5 2546/3/5 2545/3/5
f 2548/3/5 2546/3/5 2547/3/5
f 2551/3/5 2550/3/5 2549/3/5
f 2552/3/5 2550/3/5 2551/3/5
f 2555/2/5 2554/2/5 2553/2/5
f 2556/2/5 2554/2/5 2555/2/5
f 2559/2/5 2558/2/5 2557/2/5
f 2560/2/5 2558/2/5 2559/2/5
f 2561/2/5 2558/2/5 2560/2/5
f 2562/2/5 2558/2/5 2561/2/5
f 2566/3/5 2564/3/5 2563/3/5
f 2569/3/5 2566/3/5 2565/3/5
f 2570/3/5 2564/3/5 2566/3/5
f 2570/3/5 2566/3/5 2569/3/5
f 2571/3/5 2568/3/5 2567/3/5
f 2572/3/5 2568/3/5 2571/3/5
f 2573/3/5 2571/3/5 2567/3/5
f 2574/3/5 2571/3/5 2573/3/5
f 2577/2/5 2576/2/5 2575/2/5
f 2579/2/5 2577/2/5 2575/2/5
f 2579/2/5 2578/2/5 2577/2/5
f 2580/2/5 2578/2/5 2579/2/5
f 2583/2/5 2582/2/5 2581/2/5
f 2584/2/5 2582/2/5 2583/2/5
f 2587/3/5 2586/3/5 2585/3/5
f 2588/3/5 2586/3/5 2587/3/5
f 2591/3/5 2590/3/5 2589/3/5
f 2592/3/5 2590/3/5 2591/3/5
f 2595/2/5 2594/2/5 2593/2/5
f 2596/2/5 2594/2/5 2595/2/5
f 2600/2/5 2598/2/5 2597/2/5
f 2601/2/5 2600/2/5 2599/2/5
f 2602/2/5 2598/2/5 2600/2/5
f 2602/2/5 2600/2/5 2601/2/5
f 2605/3/5 2604/3/5 2603/3/5
f 2606/3/5 2604/3/5 2605/3/5
f 2607/3/5 2604/3/5 2606/3/5
f 2608/3/5 2604/3/5 2607/3/5
f 2611/3/5 2610/3/5 2609/3/5
f 2613/3/5 2611/3/5 2609/3/5
f 2613/3/5 2612/3/5 2611/3/5
f 2614/3/5 2612/3/5 2613/3/5
f 2617/2/5 2616/2/5 2615/2/5
f 2618/2/5 2616/2/5 2617/2/5
f 2619/2/5 2617/2/5 2615/2/5
f 2620/2/5 2617/2/5 2619/2/5
f 2625/2/5 2622/2/5 2621/2/5
f 2626/2/5 2622/2/5 2625/2/5
f 2627/3/5 2624/3/5 2623/3/5
f 2628/3/5 2624/3/5 2627/3/5
f 2633/3/5 2630/3/5 2629/3/5
f 2634/3/5 2630/3/5 2633/3/5
f 2635/2/5 2632/2/5 2631/2/5
f 2636/2/5 2632/2/5 2635/2/5
f 2641/3/5 2638/3/5 2637/3/5
f 2642/3/5 2638/3/5 2641/3/5
f 2644/2/5 2640/2/5 2639/2/5
f 2645/3/5 2638/3/5 2642/3/5
f 2646/3/5 2638/3/5 2645/3/5
f 2647/2/5 2644/2/5 2643/2/5
f 2648/2/5 2640/2/5 2644/2/5
f 2648/2/5 2644/2/5 2647/2/5
f 2653/2/5 2650/2/5 2649/2/5
f 2654/2/5 2650/2/5 2653/2/5
f 2655/3/5 2652/3/5 2651/3/5
f 2657/2/5 2653/2/5 2649/2/5
f 2658/2/5 2653/2/5 2657/2/5
f 2659/3/5 2656/3/5 2655/3/5
f 2659/3/5 2655/3/5 2651/3/5
f 2660/3/5 2656/3/5 2659/3/5
f 2663/3/5 2662/3/5 2661/3/5
f 2664/3/5 2662/3/5 2663/3/5
f 2667/2/5 2666/2/5 2665/2/5
f 2668/2/5 2666/2/5 2667/2/5
f 2671/2/5 2670/2/5 2669/2/5
f 2672/2/5 2670/2/5 2671/2/5
f 2675/3/5 2674/3/5 2673/3/5
f 2676/3/5 2674/3/5 2675/3/5
f 2679/3/5 2678/3/5 2677/3/5
f 2680/3/5 2678/3/5 2679/3/5
f 2681/3/5 2678/3/5 2680/3/5
f 2682/3/5 2678/3/5 2681/3/5
f 2686/2/5 2684/2/5 2683/2/5
f 2689/2/5 2686/2/5 2685/2/5
f 2690/2/5 2684/2/5 2686/2/5
f 2690/2/5 2686/2/5 2689/2/5
f 2691/2/5 2688/2/5 2687/2/5
f 2692/2/5 2688/2/5 2691/2/5
f 2693/2/5 2691/2/5 2687/2/5
f 2694/2/5 2691/2/5 2693/2/5
f 2697/3/5 2696/3/5 2695/3/5
f 2699/3/5 2697/3/5 2695/3/5
f 2699/3/5 2698/3/5 2697/3/5
f 2700/3/5 2698/3/5 2699/3/5
f 2703/3/5 2702/3/5 2701/3/5
f 2704/3/5 2702/3/5 2703/3/5
f 2707/2/5 2706/2/5 2705/2/5
f 2708/2/5 2706/2/5 2707/2/5
f 2711/2/5 2710/2/5 2709/2/5
f 2712/2/5 2710/2/5 2711/2/5
f 2715/3/5 2714/3/5 2713/3/5
f 2716/3/5 2714/3/5 2715/3/5
f 2720/3/5 2718/3/5 2717/3/5
f 2721/3/5 2720/3/5 2719/3/5
f 2722/3/5 2718/3/5 2720/3/5
f 2722/3/5 2720/3/5 2721/3/5
f 2725/2/5 2724/2/5 2723/2/5
f 2726/2/5 2724/2/5 2725/2/5
f 2727/2/5 2724/2/5 2726/2/5
f 2728/2/5 2724/2/5 2727/2/5
f 2731/2/5 2730/2/5 2729/2/5
f 2733/2/5 2731/2/5 2729/2/5
f 2733/2/5 2732/2/5 2731/2/5
f 2734/2/5 2732/2/5 2733/2/5
f 2737/3/5 2736/3/5 2735/3/5
f 2738/3/5 2736/3/5 2737/3/5
f 2739/3/5 2737/3/5 2735/3/5
f 2740/3/5 2737/3/5 2739/3/5
f 2745/3/5 2742/3/5 2741/3/5
f 2746/3/5 2742/3/5 2745/3/5
f 2747/2/5 2744/2/5 2743/2/5
f 2748/2/5 2744/2/5 2747/2/5
f 2753/2/5 2750/2/5 2749/2/5
f 2754/2/5 2750/2/5 2753/2/5
f 2755/3/5 2752/3/5 2751/3/5
f 2756/3/5 2752/3/5 2755/3/5
f 2757/2/6 2758/2/6 2759/2/6
f 2759/2/6 2758/2/6 2760/2/6
f 2761/2/6 2762/2/6 2763/2/6
f 2763/2/6 2762/2/6 2764/2/6
f 2765/2/6 2766/2/6 2767/2/6
f 2767/2/6 2766/2/6 2768/2/6
f 2769/2/6 2770/2/6 2771/2/6
f 2771/2/6 2770/2/6 2772/2/6
f 2773/2/6 2774/2/6 2775/2/6
f 2775/2/6 2774/2/6 2776/2/6
f 2777/2/6 2778/2/6 2779/2/6
f 2779/2/6 2778/2/6 2780/2/6
f 2781/2/6 2782/2/6 2783/2/6
f 2783/2/6 2782/2/6 2784/2/6
f 2785/2/6 2786/2/6 2787/2/6
f 2787/2/6 2786/2/6 2788/2/6
f 2789/3/6 2790/3/6 2791/3/6
f 2791/3/6 2790/3/6 2792/3/6
f 2793/3/6 2794/3/6 2795/3/6
f 2795/3/6 2794/3/6 2796/3/6
f 2797/3/6 2798/3/6 2799/3/6
f 2799/3/6 2798/3/6 2800/3/6
f 2801/3/6 2802/3/6 2803/3/6
f 2803/3/6 2802/3/6 2804/3/6
f 2805/3/6 2806/3/6 2807/3/6
f 2807/3/6 2806/3/6 2808/3/6
f 2809/3/6 2810/3/6 2811/3/6
f 2811/3/6 2810/3/6 2812/3/6
f 2813/3/6 2814/3/6 2815/3/6
f 2815/3/6 2814/3/6 2816/3/6
f 2817/2/6 2818/2/6 2819/2/6
f 2819/2/6 2818/2/6 2820/2/6
f 2821/3/6 2822/3/6 2823/3/6
f 2823/3/6 2822/3/6 2824/3/6
f 2825/2/6 2826/2/6 2827/2/6
f 2827/2/6 2826/2/6 2828/2/6
f 2829/2/6 2830/2/6 2831/2/6
f 2831/2/6 2830/2/6 2832/2/6
f 2833/2/6 2834/2/6 2835/2/6
f 2835/2/6 2834/2/6 2836/2/6
f 2837/2/6 2838/2/6 2841/2/6
f 2841/2/6 2838/2/6 2842/2/6
f 2839/2/6 2840/2/6 2843/2/6
f 2843/2/6 2840/2/6 2844/2/6
f 2845/3/6 2846/3/6 2847/3/6
f 2847/3/6 2846/3/6 2848/3/6
f 2849/2/6 2850/2/6 2851/2/6
f 2851/2/6 2850/2/6 2852/2/6
f 2853/3/6 2854/3/6 2855/3/6
f 2855/3/6 2854/3/6 2856/3/6
f 2857/3/6 2858/3/6 2859/3/6
f 2859/3/6 2858/3/6 2860/3/6
f 2861/2/6 2862/2/6 2863/2/6
f 2863/2/6 2862/2/6 2864/2/6
f 2865/2/6 2866/2/6 2867/2/6
f 2867/2/6 2866/2/6 2868/2/6
f 2869/3/6 2870/3/6 2872/3/6
f 2870/3/6 2871/3/6 2872/3/6
f 2872/3/6 2871/3/6 2873/3/6
f 2869/3/6 2872/3/6 2874/3/6
f 2874/3/6 2872/3/6 2875/3/6
f 2876/2/6 2877/2/6 2878/2/6
f 2878/2/6 2877/2/6 2879/2/6
f 2880/2/6 2881/2/6 2882/2/6
f 2882/2/6 2881/2/6 2883/2/6
f 2884/3/6 2885/3/6 2888/3/6
f 2888/3/6 2885/3/6 2889/3/6
f 2886/3/6 2887/3/6 2890/3/6
f 2890/3/6 2887/3/6 2891/3/6
f 2892/3/6 2893/3/6 2894/3/6
f 2894/3/6 2893/3/6 2895/3/6
f 2896/2/6 2897/2/6 2898/2/6
f 2898/2/6 2897/2/6 2899/2/6
f 2900/2/6 2901/2/6 2902/2/6
f 2902/2/6 2901/2/6 2903/2/6
f 2903/2/6 2904/2/6 2905/2/6
f 2905/2/6 2904/2/6 2906/2/6
f 2906/2/6 2907/2/6 2910/2/6
f 2905/2/6 2906/2/6 2910/2/6
f 2910/2/6 2907/2/6 2911/2/6
f 2908/3/6 2909/3/6 2912/3/6
f 2912/3/6 2909/3/6 2913/3/6
f 2914/3/6 2915/3/6 2916/3/6
f 2916/3/6 2915/3/6 2917/3/6
f 2918/2/6 2919/2/6 2920/2/6
f 2920/2/6 2919/2/6 2921/2/6
f 2922/3/6 2923/3/6 2924/3/6
f 2922/3/6 2924/3/6 2926/3/6
f 2924/3/6 2925/3/6 2926/3/6
f 2926/3/6 2925/3/6 2927/3/6
f 2928/2/6 2929/2/6 2930/2/6
f 2930/2/6 2929/2/6 2931/2/6
f 2928/2/6 2930/2/6 2934/2/6
f 2934/2/6 2930/2/6 2935/2/6
f 2932/2/6 2933/2/6 2937/2/6
f 2936/2/6 2937/2/6 2938/2/6
f 2937/2/6 2933/2/6 2939/2/6
f 2938/2/6 2937/2/6 2939/2/6
f 2940/3/6 2941/3/6 2942/3/6
f 2942/3/6 2941/3/6 2943/3/6
f 2943/3/6 2941/3/6 2944/3/6
f 2944/3/6 2941/3/6 2945/3/6
f 2946/3/6 2947/3/6 2948/3/6
f 2948/3/6 2947/3/6 2949/3/6
f 2950/2/6 2951/2/6 2954/2/6
f 2954/2/6 2951/2/6 2955/2/6
f 2952/2/6 2953/2/6 2956/2/6
f 2956/2/6 2953/2/6 2957/2/6
f 2958/3/6 2959/3/6 2960/3/6
f 2960/3/6 2959/3/6 2961/3/6
f 2962/3/6 2963/3/6 2964/3/6
f 2964/3/6 2963/3/6 2965/3/6
f 2962/3/6 2964/3/6 2966/3/6
f 2966/3/6 2964/3/6 2967/3/6
f 2968/2/6 2969/2/6 2970/2/6
f 2968/2/6 2970/2/6 2972/2/6
f 2970/2/6 2971/2/6 2972/2/6
f 2972/2/6 2971/2/6 2973/2/6
f 2974/2/6 2975/2/6 2976/2/6
f 2976/2/6 2975/2/6 2977/2/6
f 2977/2/6 2975/2/6 2978/2/6
f 2978/2/6 2975/2/6 2979/2/6
f 2980/3/6 2981/3/6 2983/3/6
f 2982/3/6 2983/3/6 2984/3/6
f 2983/3/6 2981/3/6 2985/3/6
f 2984/3/6 2983/3/6 2985/3/6
f 2986/3/6 2987/3/6 2988/3/6
f 2988/3/6 2987/3/6 2989/3/6
f 2990/2/6 2991/2/6 2992/2/6
f 2992/2/6 2991/2/6 2993/2/6
f 2994/2/6 2995/2/6 2996/2/6
f 2996/2/6 2995/2/6 2997/2/6
f 2998/3/6 2999/3/6 3000/3/6
f 3000/3/6 2999/3/6 3001/3/6
f 3002/2/6 3003/2/6 3006/2/6
f 3004/3/6 3005/3/6 3008/3/6
f 3008/3/6 3005/3/6 3009/3/6
f 3006/2/6 3007/2/6 3010/2/6
f 3002/2/6 3006/2/6 3010/2/6
f 3010/2/6 3007/2/6 3011/2/6
f 3004/3/6 3008/3/6 3012/3/6
f 3012/3/6 3008/3/6 3013/3/6
f 3014/3/6 3015/3/6 3019/3/6
f 3016/2/6 3017/2/6 3020/2/6
f 3020/2/6 3017/2/6 3021/2/6
f 3018/3/6 3019/3/6 3022/3/6
f 3019/3/6 3015/3/6 3023/3/6
f 3022/3/6 3019/3/6 3023/3/6
f 3021/2/6 3017/2/6 3024/2/6
f 3024/2/6 3017/2/6 3025/2/6
f 3026/2/6 3027/2/6 3028/2/6
f 3028/2/6 3027/2/6 3029/2/6
f 3030/3/6 3031/3/6 3032/3/6
f 3032/3/6 3031/3/6 3033/3/6
f 3034/3/6 3035/3/6 3036/3/6
f 3036/3/6 3035/3/6 3037/3/6
f 3038/2/6 3039/2/6 3040/2/6
f 3040/2/6 3039/2/6 3041/2/6
f 3042/2/6 3043/2/6 3044/2/6
f 3042/2/6 3044/2/6 3046/2/6
f 3044/2/6 3045/2/6 3046/2/6
f 3046/2/6 3045/2/6 3047/2/6
f 3048/3/6 3049/3/6 3050/3/6
f 3050/3/6 3049/3/6 3051/3/6
f 3048/3/6 3050/3/6 3054/3/6
f 3054/3/6 3050/3/6 3055/3/6
f 3052/3/6 3053/3/6 3057/3/6
f 3056/3/6 3057/3/6 3058/3/6
f 3057/3/6 3053/3/6 3059/3/6
f 3058/3/6 3057/3/6 3059/3/6
f 3060/2/6 3061/2/6 3062/2/6
f 3062/2/6 3061/2/6 3063/2/6
f 3063/2/6 3061/2/6 3064/2/6
f 3064/2/6 3061/2/6 3065/2/6
f 3066/2/6 3067/2/6 3068/2/6
f 3068/2/6 3067/2/6 3069/2/6
f 3070/3/6 3071/3/6 3074/3/6
f 3074/3/6 3071/3/6 3075/3/6
f 3072/3/6 3073/3/6 3076/3/6
f 3076/3/6 3073/3/6 3077/3/6
f 3078/2/6 3079/2/6 3080/2/6
f 3080/2/6 3079/2/6 3081/2/6
f 3082/2/6 3083/2/6 3084/2/6
f 3084/2/6 3083/2/6 3085/2/6
f 3082/2/6 3084/2/6 3086/2/6
f 3086/2/6 3084/2/6 3087/2/6
f 3088/3/6 3089/3/6 3090/3/6
f 3088/3/6 3090/3/6 3092/3/6
f 3090/3/6 3091/3/6 3092/3/6
f 3092/3/6 3091/3/6 3093/3/6
f 3094/3/6 3095/3/6 3096/3/6
f 3096/3/6 3095/3/6 3097/3/6
f 3097/3/6 3095/3/6 3098/3/6
f 3098/3/6 3095/3/6 3099/3/6
f 3100/2/6 3101/2/6 3103/2/6
f 3102/2/6 3103/2/6 3104/2/6
f 3103/2/6 3101/2/6 3105/2/6
f 3104/2/6 3103/2/6 3105/2/6
f 3106/2/6 3107/2/6 3108/2/6
f 3108/2/6 3107/2/6 3109/2/6
f 3110/3/6 3111/3/6 3112/3/6
f 3112/3/6 3111/3/6 3113/3/6
f 3114/3/6 3115/3/6 3116/3/6
f 3116/3/6 3115/3/6 3117/3/6
f 3118/2/6 3119/2/6 3120/2/6
f 3120/2/6 3119/2/6 3121/2/6
f 3122/3/6 3123/3/6 3126/3/6
f 3124/2/6 3125/2/6 3128/2/6
f 3128/2/6 3125/2/6 3129/2/6
f 3126/3/6 3127/3/6 3130/3/6
f 3122/3/6 3126/3/6 3130/3/6
f 3130/3/6 3127/3/6 3131/3/6
f 3124/2/6 3128/2/6 3132/2/6
f 3132/2/6 3128/2/6 3133/2/6
f 3134/2/6 3135/2/6 3139/2/6
f 3136/3/6 3137/3/6 3140/3/6
f 3140/3/6 3137/3/6 3141/3/6
f 3138/2/6 3139/2/6 3142/2/6
f 3139/2/6 3135/2/6 3143/2/6
f 3142/2/6 3139/2/6 3143/2/6
f 3141/3/6 3137/3/6 3144/3/6
f 3144/3/6 3137/3/6 3145/3/6
f 3146/3/6 3147/3/6 3148/3/6
f 3148/3/6 3147/3/6 3149/3/6
f 3150/2/6 3151/2/6 3152/2/6
f 3152/2/6 3151/2/6 3153/2/6
f 3154/2/6 3155/2/6 3156/2/6
f 3156/2/6 3155/2/6 3157/2/6
f 3158/3/6 3159/3/6 3160/3/6
f 3160/3/6 3159/3/6 3161/3/6
f 3162/3/6 3163/3/6 3164/3/6
f 3162/3/6 3164/3/6 3166/3/6
f 3164/3/6 3165/3/6 3166/3/6
f 3166/3/6 3165/3/6 3167/3/6
f 3168/2/6 3169/2/6 3170/2/6
f 3170/2/6 3169/2/6 3171/2/6
f 3168/2/6 3170/2/6 3174/2/6
f 3174/2/6 3170/2/6 3175/2/6
f 3172/2/6 3173/2/6 3177/2/6
f 3176/2/6 3177/2/6 3178/2/6
f 3177/2/6 3173/2/6 3179/2/6
f 3178/2/6 3177/2/6 3179/2/6
f 3180/3/6 3181/3/6 3182/3/6
f 3182/3/6 3181/3/6 3183/3/6
f 3183/3/6 3181/3/6 3184/3/6
f 3184/3/6 3181/3/6 3185/3/6
f 3186/3/6 3187/3/6 3188/3/6
f 3188/3/6 3187/3/6 3189/3/6
f 3190/2/6 3191/2/6 3194/2/6
f 3194/2/6 3191/2/6 3195/2/6
f 3192/2/6 3193/2/6 3196/2/6
f 3196/2/6 3193/2/6 3197/2/6
f 3198/3/6 3199/3/6 3200/3/6
f 3200/3/6 3199/3/6 3201/3/6
f 3202/3/6 3203/3/6 3204/3/6
f 3204/3/6 3203/3/6 3205/3/6
f 3205/3/6 3206/3/6 3211/3/6
f 3211/3/6 3206/3/6 3212/3/6
f 3207/2/6 3208/2/6 3214/2/6
f 3214/2/6 3208/2/6 3215/2/6
f 3209/1/6 3210/1/6 3217/1/6
f 3217/1/6 3210/1/6 3218/1/6
f 3218/1/6 3219/1/6 3221/1/6
f 3217/1/6 3218/1/6 3221/1/6
f 3216/1/6 3217/1/6 3221/1/6
f 3221/1/6 3219/1/6 3222/1/6
f 3213/2/6 3214/2/6 3224/2/6
f 3224/2/6 3214/2/6 3225/2/6
f 3222/1/6 3223/1/6 3228/1/6
f 3220/1/6 3221/1/6 3228/1/6
f 3221/1/6 3222/1/6 3228/1/6
f 3228/1/6 3223/1/6 3229/1/6
f 3229/1/6 3223/1/6 3230/1/6
f 3230/1/6 3223/1/6 3231/1/6
f 3229/1/6 3230/1/6 3232/1/6
f 3232/1/6 3230/1/6 3233/1/6
f 3233/1/6 3230/1/6 3234/1/6
f 3234/1/6 3230/1/6 3235/1/6
f 3226/2/6 3227/2/6 3237/2/6
f 3237/2/6 3227/2/6 3238/2/6
f 3233/1/6 3234/1/6 3241/1/6
f 3241/1/6 3234/1/6 3242/1/6
f 3236/2/6 3237/2/6 3243/2/6
f 3243/2/6 3237/2/6 3244/2/6
f 3239/3/6 3240/3/6 3245/3/6
f 3245/3/6 3240/3/6 3246/3/6
f 3246/3/6 3247/3/6 3248/3/6
f 3248/3/6 3247/3/6 3249/3/6
