# MagicaVoxel @ Ephtracy

# group
o 

# material
mtllib cup-0.mtl
usemtl palette

# normals
vn -1 0 0
vn 1 0 0
vn 0 0 1
vn 0 0 -1
vn 0 -1 0
vn 0 1 0

# texcoords
vt 0.853516 0.5
vt 0.857422 0.5
vt 0.861328 0.5
vt 0.873047 0.5
vt 0.876953 0.5

# verts
v -0.75 -0.75 0.5
v -0.75 -0.75 0.4
v -0.75 -0.75 0.3
v -0.75 -0.75 0
v -0.75 -0.65 0.5
v -0.75 -0.65 0.4
v -0.75 -0.65 0.2
v -0.75 -0.65 0
v -0.75 -0.55 0.5
v -0.75 -0.55 0.4
v -0.75 -0.55 0.3
v -0.75 -0.55 0.2
v -0.75 -0.55 0.1
v -0.75 -0.55 0
v -0.75 -0.45 0.5
v -0.75 -0.45 0.3
v -0.75 -0.45 0.2
v -0.75 -0.45 0.1
v -0.75 -0.35 0.5
v -0.75 -0.35 0.4
v -0.75 -0.35 0.3
v -0.75 -0.35 0.2
v -0.75 -0.35 0.1
v -0.75 -0.25 0.5
v -0.75 -0.25 0.4
v -0.75 -0.25 0.3
v -0.75 -0.25 0.2
v -0.75 -0.25 0.1
v -0.75 -0.15 0.5
v -0.75 -0.15 0.4
v -0.75 -0.15 0.3
v -0.75 -0.15 0.2
v -0.75 -0.15 0.1
v -0.75 -0.05 0.4
v -0.75 -0.05 0.3
v -0.75 -0.05 0.2
v -0.75 0.05 0.5
v -0.75 0.05 0.4
v -0.75 0.05 0.2
v -0.75 0.05 0.1
v -0.75 0.15 0.5
v -0.75 0.15 0.4
v -0.75 0.15 0.3
v -0.75 0.15 0
v -0.75 0.25 0.5
v -0.75 0.25 0.4
v -0.75 0.25 0.3
v -0.75 0.25 0.2
v -0.75 0.35 0.5
v -0.75 0.35 0.4
v -0.75 0.35 0.3
v -0.75 0.35 0.2
v -0.75 0.35 0.1
v -0.75 0.45 0.4
v -0.75 0.45 0.3
v -0.75 0.45 0.2
v -0.75 0.45 0.1
v -0.75 0.45 0
v -0.75 0.55 0.5
v -0.75 0.55 0.4
v -0.75 0.55 0.3
v -0.75 0.55 0.2
v -0.75 0.55 0.1
v -0.75 0.65 0.3
v -0.75 0.65 0.2
v -0.75 0.65 0
v -0.75 0.75 0.5
v -0.75 0.75 0.4
v -0.75 0.75 0.2
v -0.75 0.75 0
v -0.65 -0.75 0.7
v -0.65 -0.75 0.6
v -0.65 -0.75 0.5
v -0.65 -0.75 0
v -0.65 -0.75 -0.1
v -0.65 -0.75 -0.2
v -0.65 -0.65 0.5
v -0.65 -0.65 0
v -0.65 -0.65 -0.1
v -0.65 -0.65 -0.2
v -0.65 -0.55 0.5
v -0.65 -0.55 0
v -0.65 -0.55 -0.2
v -0.65 -0.45 0.7
v -0.65 -0.45 0.6
v -0.65 -0.45 0.5
v -0.65 -0.45 -0.1
v -0.65 -0.45 -0.2
v -0.65 -0.35 0.6
v -0.65 -0.35 0.5
v -0.65 -0.35 -0.1
v -0.65 -0.35 -0.2
v -0.65 -0.25 0.7
v -0.65 -0.25 0.6
v -0.65 -0.25 0.5
v -0.65 -0.25 0
v -0.65 -0.25 -0.1
v -0.65 -0.25 -0.2
v -0.65 -0.15 0.5
v -0.65 -0.05 0.7
v -0.65 -0.05 0.6
v -0.65 -0.05 0.5
v -0.65 -0.05 0
v -0.65 -0.05 -0.1
v -0.65 -0.05 -0.2
v -0.65 0.05 0.7
v -0.65 0.05 0.6
v -0.65 0.05 0.5
v -0.65 0.05 0
v -0.65 0.05 -0.1
v -0.65 0.05 -0.2
v -0.65 0.15 0.7
v -0.65 0.15 0.6
v -0.65 0.15 0.5
v -0.65 0.15 0
v -0.65 0.15 -0.1
v -0.65 0.25 0.5
v -0.65 0.25 0
v -0.65 0.25 -0.1
v -0.65 0.25 -0.2
v -0.65 0.35 0.7
v -0.65 0.35 0.6
v -0.65 0.35 0.5
v -0.65 0.35 0
v -0.65 0.35 -0.2
v -0.65 0.45 0.7
v -0.65 0.45 0.6
v -0.65 0.45 0
v -0.65 0.45 -0.2
v -0.65 0.55 0.5
v -0.65 0.55 0
v -0.65 0.55 -0.1
v -0.65 0.55 -0.2
v -0.65 0.65 0.7
v -0.65 0.65 0.6
v -0.65 0.65 0.5
v -0.65 0.65 0
v -0.65 0.65 -0.1
v -0.65 0.65 -0.2
v -0.65 0.75 0.7
v -0.65 0.75 0.6
v -0.65 0.75 0.5
v -0.65 0.75 0
v -0.65 0.75 -0.1
v -0.65 0.75 -0.2
v -0.55 -0.75 0.8
v -0.55 -0.75 0.7
v -0.55 -0.75 -0.2
v -0.55 -0.75 -0.3
v -0.55 -0.65 -0.2
v -0.55 -0.65 -0.3
v -0.55 -0.55 -0.2
v -0.55 -0.55 -0.3
v -0.55 -0.45 0.8
v -0.55 -0.45 0.7
v -0.55 -0.45 -0.2
v -0.55 -0.35 0.8
v -0.55 -0.35 0.7
v -0.55 -0.35 -0.2
v -0.55 -0.25 0.8
v -0.55 -0.25 0.7
v -0.55 -0.25 -0.2
v -0.55 -0.25 -0.3
v -0.55 -0.05 0.8
v -0.55 -0.05 0.7
v -0.55 -0.05 -0.2
v -0.55 -0.05 -0.3
v -0.55 0.05 0.8
v -0.55 0.05 0.7
v -0.55 0.05 -0.2
v -0.55 0.15 0.7
v -0.55 0.15 -0.2
v -0.55 0.15 -0.3
v -0.55 0.25 -0.2
v -0.55 0.25 -0.3
v -0.55 0.35 0.8
v -0.55 0.35 0.7
v -0.55 0.35 -0.2
v -0.55 0.35 -0.3
v -0.55 0.45 0.7
v -0.55 0.45 -0.2
v -0.55 0.55 -0.2
v -0.55 0.55 -0.3
v -0.55 0.65 0.8
v -0.55 0.65 0.7
v -0.55 0.65 -0.2
v -0.55 0.75 0.8
v -0.55 0.75 0.7
v -0.55 0.75 -0.2
v -0.55 0.75 -0.3
v -0.45 -0.75 0.9
v -0.45 -0.75 0.8
v -0.45 -0.75 -0.3
v -0.45 -0.75 -0.4
v -0.45 -0.65 -0.3
v -0.45 -0.65 -0.4
v -0.45 -0.55 0.9
v -0.45 -0.55 0.8
v -0.45 -0.55 -0.3
v -0.45 -0.45 0.9
v -0.45 -0.45 0.8
v -0.45 -0.45 -0.3
v -0.45 -0.45 -0.4
v -0.45 -0.35 0.8
v -0.45 -0.35 -0.3
v -0.45 -0.35 -0.4
v -0.45 -0.25 0.9
v -0.45 -0.25 0.8
v -0.45 -0.25 -0.3
v -0.45 -0.15 0.9
v -0.45 -0.15 0.8
v -0.45 -0.05 0.9
v -0.45 -0.05 0.8
v -0.45 -0.05 -0.3
v -0.45 -0.05 -0.4
v -0.45 0.05 0.8
v -0.45 0.15 -0.3
v -0.45 0.25 0.9
v -0.45 0.25 0.8
v -0.45 0.25 -0.3
v -0.45 0.25 -0.4
v -0.45 0.35 0.9
v -0.45 0.35 0.8
v -0.45 0.35 -0.3
v -0.45 0.35 -0.4
v -0.45 0.45 0.9
v -0.45 0.45 0.8
v -0.45 0.45 -0.3
v -0.45 0.45 -0.4
v -0.45 0.55 -0.3
v -0.45 0.55 -0.4
v -0.45 0.65 0.9
v -0.45 0.65 0.8
v -0.45 0.65 -0.3
v -0.45 0.65 -0.4
v -0.45 0.75 0.9
v -0.45 0.75 0.8
v -0.45 0.75 -0.3
v -0.45 0.75 -0.4
v -0.25 -0.75 1
v -0.25 -0.75 0.9
v -0.25 -0.75 -0.4
v -0.25 -0.75 -0.5
v -0.25 -0.65 0.9
v -0.25 -0.65 -0.4
v -0.25 -0.55 0.9
v -0.25 -0.55 -0.4
v -0.25 -0.55 -0.5
v -0.25 -0.45 -0.4
v -0.25 -0.45 -0.5
v -0.25 -0.35 0.9
v -0.25 -0.35 -0.4
v -0.25 -0.25 0.9
v -0.25 -0.25 -0.4
v -0.25 -0.25 -0.5
v -0.25 -0.15 1
v -0.25 -0.15 0.9
v -0.25 -0.15 -0.4
v -0.25 -0.15 -0.5
v -0.25 -0.05 1
v -0.25 -0.05 0.9
v -0.25 -0.05 -0.4
v -0.25 -0.05 -0.5
v -0.25 0.05 0.9
v -0.25 0.05 -0.4
v -0.25 0.05 -0.5
v -0.25 0.15 1
v -0.25 0.15 0.9
v -0.25 0.15 -0.4
v -0.25 0.15 -0.5
v -0.25 0.25 1
v -0.25 0.25 0.9
v -0.25 0.25 -0.4
v -0.25 0.35 1
v -0.25 0.35 0.9
v -0.25 0.45 -0.4
v -0.25 0.55 0.9
v -0.25 0.55 -0.4
v -0.25 0.65 0.9
v -0.25 0.65 -0.4
v -0.25 0.75 1
v -0.25 0.75 0.9
v -0.25 0.75 -0.4
v -0.25 0.75 -0.5
v -0.15 -0.55 -0.5
v -0.15 -0.55 -0.7
v -0.15 -0.45 -0.5
v -0.15 -0.45 -0.6
v -0.15 -0.45 -0.7
v -0.15 -0.45 -0.8
v -0.15 -0.35 -0.5
v -0.15 -0.35 -0.6
v -0.15 -0.35 -0.8
v -0.15 -0.35 -0.9
v -0.15 -0.25 -0.6
v -0.15 -0.25 -0.7
v -0.15 -0.25 -0.8
v -0.15 -0.25 -0.9
v -0.15 -0.25 -1
v -0.15 -0.15 -0.7
v -0.15 -0.15 -0.8
v -0.15 -0.15 -0.9
v -0.15 -0.15 -1
v -0.15 0.05 -0.8
v -0.15 0.05 -0.9
v -0.15 0.05 -1
v -0.15 0.15 -0.9
v -0.15 0.15 -1
v -0.15 0.25 -0.7
v -0.15 0.25 -0.8
v -0.15 0.25 -0.9
v -0.15 0.25 -1
v -0.15 0.35 -0.5
v -0.15 0.35 -0.6
v -0.15 0.35 -0.7
v -0.15 0.35 -0.8
v -0.15 0.35 -0.9
v -0.15 0.45 -0.5
v -0.15 0.45 -0.6
v -0.15 0.45 -0.7
v -0.15 0.45 -0.8
v -0.15 0.45 -0.9
v -0.15 0.55 -0.6
v -0.15 0.55 -0.8
v -0.15 0.65 -0.5
v -0.15 0.65 -0.6
v 0.15 0.35 0.9
v 0.15 0.35 0.8
v 0.15 0.35 -0.3
v 0.15 0.35 -0.4
v 0.15 0.45 0.9
v 0.15 0.45 0.8
v 0.15 0.45 -0.4
v 0.15 0.55 0.9
v 0.15 0.55 0.8
v 0.15 0.55 -0.3
v 0.15 0.55 -0.4
v 0.15 0.65 0.9
v 0.15 0.65 0.8
v 0.15 0.65 -0.3
v 0.15 0.65 -0.4
v 0.15 0.75 0.9
v 0.15 0.75 0.8
v 0.15 0.75 -0.3
v 0.15 0.75 -0.4
v 0.35 0.35 0.8
v 0.35 0.35 0.7
v 0.35 0.35 -0.2
v 0.35 0.35 -0.3
v 0.35 0.45 0.8
v 0.35 0.45 0.7
v 0.35 0.45 -0.2
v 0.35 0.45 -0.3
v 0.35 0.55 0.8
v 0.35 0.55 0.7
v 0.35 0.55 -0.2
v 0.35 0.55 -0.3
v 0.35 0.65 -0.3
v 0.35 0.75 0.8
v 0.35 0.75 0.7
v 0.35 0.75 -0.2
v 0.35 0.75 -0.3
v 0.45 0.35 0.7
v 0.45 0.35 0.6
v 0.45 0.35 -0.1
v 0.45 0.35 -0.2
v 0.45 0.45 0.7
v 0.45 0.45 0.6
v 0.45 0.45 -0.1
v 0.45 0.45 -0.2
v 0.45 0.55 0.7
v 0.45 0.55 -0.2
v 0.45 0.65 -0.1
v 0.45 0.65 -0.2
v 0.45 0.75 0.7
v 0.45 0.75 0.6
v 0.45 0.75 -0.1
v 0.45 0.75 -0.2
v 0.55 0.35 0.6
v 0.55 0.35 0.5
v 0.55 0.35 0.4
v 0.55 0.35 0.1
v 0.55 0.35 0
v 0.55 0.35 -0.1
v 0.55 0.45 0.6
v 0.55 0.45 0.5
v 0.55 0.45 0.4
v 0.55 0.45 0
v 0.55 0.45 -0.1
v 0.55 0.55 0.6
v 0.55 0.55 0.5
v 0.55 0.55 0.1
v 0.55 0.55 0
v 0.55 0.55 -0.1
v 0.55 0.65 -0.1
v 0.55 0.75 0.6
v 0.55 0.75 0.5
v 0.55 0.75 0.4
v 0.55 0.75 0.1
v 0.55 0.75 0
v 0.55 0.75 -0.1
v 0.65 0.35 0.4
v 0.65 0.35 0.3
v 0.65 0.35 0.2
v 0.65 0.35 0.1
v 0.65 0.45 0.4
v 0.65 0.45 0.3
v 0.65 0.45 0.2
v 0.65 0.45 0.1
v 0.65 0.55 0.2
v 0.65 0.55 0.1
v 0.65 0.65 0.2
v 0.65 0.65 0.1
v 0.65 0.75 0.4
v 0.65 0.75 0.3
v 0.65 0.75 0.1
v -0.65 0.35 0.4
v -0.65 0.35 0.3
v -0.65 0.35 0.2
v -0.65 0.35 0.1
v -0.65 0.45 0.4
v -0.65 0.45 0.3
v -0.65 0.45 0.2
v -0.65 0.45 0.1
v -0.65 0.55 0.4
v -0.65 0.55 0.3
v -0.65 0.55 0.2
v -0.65 0.55 0.1
v -0.65 0.65 0.4
v -0.65 0.65 0.3
v -0.65 0.65 0.2
v -0.65 0.65 0.1
v -0.65 0.75 0.4
v -0.65 0.75 0.2
v -0.65 0.75 0.1
v -0.55 0.35 0.6
v -0.55 0.35 0.5
v -0.55 0.35 0.4
v -0.55 0.35 0.1
v -0.55 0.35 0
v -0.55 0.35 -0.1
v -0.55 0.45 0.6
v -0.55 0.45 0
v -0.55 0.45 -0.1
v -0.55 0.55 0.6
v -0.55 0.55 0.5
v -0.55 0.55 0.4
v -0.55 0.55 0.1
v -0.55 0.55 -0.1
v -0.55 0.65 0.6
v -0.55 0.65 0.5
v -0.55 0.65 0.4
v -0.55 0.65 0.1
v -0.55 0.65 0
v -0.55 0.65 -0.1
v -0.55 0.75 0.6
v -0.55 0.75 0.5
v -0.55 0.75 0.4
v -0.55 0.75 0.1
v -0.55 0.75 0
v -0.55 0.75 -0.1
v -0.45 0.35 0.7
v -0.45 0.35 0.6
v -0.45 0.35 -0.1
v -0.45 0.35 -0.2
v -0.45 0.45 0.7
v -0.45 0.45 0.6
v -0.45 0.55 0.7
v -0.45 0.55 0.6
v -0.45 0.55 -0.2
v -0.45 0.65 0.7
v -0.45 0.65 0.6
v -0.45 0.65 -0.2
v -0.45 0.75 0.7
v -0.45 0.75 0.6
v -0.45 0.75 -0.1
v -0.45 0.75 -0.2
v -0.35 0.35 0.8
v -0.35 0.35 0.7
v -0.35 0.35 -0.2
v -0.35 0.35 -0.3
v -0.35 0.45 0.8
v -0.35 0.45 0.7
v -0.35 0.45 -0.3
v -0.35 0.55 0.8
v -0.35 0.55 0.7
v -0.35 0.55 -0.2
v -0.35 0.55 -0.3
v -0.35 0.65 0.8
v -0.35 0.65 0.7
v -0.35 0.65 -0.2
v -0.35 0.65 -0.3
v -0.35 0.75 0.8
v -0.35 0.75 0.7
v -0.35 0.75 -0.2
v -0.35 0.75 -0.3
v -0.15 0.35 0.9
v -0.15 0.35 0.8
v -0.15 0.35 -0.3
v -0.15 0.35 -0.4
v -0.15 0.45 0.9
v -0.15 0.45 0.8
v -0.15 0.45 -0.4
v -0.15 0.55 0.9
v -0.15 0.55 0.8
v -0.15 0.55 -0.3
v -0.15 0.55 -0.4
v -0.15 0.65 0.9
v -0.15 0.65 0.8
v -0.15 0.65 -0.3
v -0.15 0.65 -0.4
v -0.15 0.75 0.9
v -0.15 0.75 0.8
v -0.15 0.75 -0.3
v -0.15 0.75 -0.4
v 0.15 -0.55 -0.5
v 0.15 -0.55 -0.6
v 0.15 -0.55 -0.7
v 0.15 -0.45 -0.5
v 0.15 -0.45 -0.6
v 0.15 -0.45 -0.7
v 0.15 -0.45 -0.8
v 0.15 -0.35 -0.5
v 0.15 -0.35 -0.6
v 0.15 -0.35 -0.8
v 0.15 -0.35 -0.9
v 0.15 -0.25 -0.6
v 0.15 -0.25 -0.7
v 0.15 -0.25 -0.8
v 0.15 -0.25 -0.9
v 0.15 -0.25 -1
v 0.15 -0.15 -0.7
v 0.15 -0.15 -0.8
v 0.15 -0.15 -1
v 0.15 -0.05 -0.8
v 0.15 -0.05 -0.9
v 0.15 -0.05 -1
v 0.15 0.05 -0.9
v 0.15 0.05 -1
v 0.15 0.15 -0.8
v 0.15 0.15 -1
v 0.15 0.25 -0.7
v 0.15 0.25 -0.8
v 0.15 0.25 -0.9
v 0.15 0.25 -1
v 0.15 0.35 -0.5
v 0.15 0.35 -0.6
v 0.15 0.35 -0.7
v 0.15 0.35 -0.8
v 0.15 0.45 -0.5
v 0.15 0.45 -0.6
v 0.15 0.45 -0.7
v 0.15 0.45 -0.8
v 0.15 0.45 -0.9
v 0.15 0.55 -0.5
v 0.15 0.55 -0.6
v 0.15 0.55 -0.7
v 0.15 0.55 -0.8
v 0.15 0.65 -0.5
v 0.15 0.65 -0.6
v 0.25 -0.75 1
v 0.25 -0.75 0.9
v 0.25 -0.75 -0.4
v 0.25 -0.75 -0.5
v 0.25 -0.65 -0.4
v 0.25 -0.65 -0.5
v 0.25 -0.55 1
v 0.25 -0.55 0.9
v 0.25 -0.55 -0.4
v 0.25 -0.45 0.9
v 0.25 -0.45 -0.4
v 0.25 -0.45 -0.5
v 0.25 -0.35 1
v 0.25 -0.35 0.9
v 0.25 -0.35 -0.4
v 0.25 -0.25 1
v 0.25 -0.25 0.9
v 0.25 -0.25 -0.4
v 0.25 -0.25 -0.5
v 0.25 -0.15 1
v 0.25 -0.15 0.9
v 0.25 -0.15 -0.4
v 0.25 -0.15 -0.5
v 0.25 -0.05 1
v 0.25 -0.05 0.9
v 0.25 -0.05 -0.4
v 0.25 -0.05 -0.5
v 0.25 0.05 -0.4
v 0.25 0.05 -0.5
v 0.25 0.15 1
v 0.25 0.15 0.9
v 0.25 0.15 -0.4
v 0.25 0.25 -0.4
v 0.25 0.35 1
v 0.25 0.35 0.9
v 0.25 0.35 -0.4
v 0.25 0.35 -0.5
v 0.25 0.45 0.9
v 0.25 0.45 -0.4
v 0.25 0.55 1
v 0.25 0.55 0.9
v 0.25 0.55 -0.4
v 0.25 0.55 -0.5
v 0.25 0.65 -0.4
v 0.25 0.65 -0.5
v 0.25 0.75 1
v 0.25 0.75 0.9
v 0.25 0.75 -0.4
v 0.25 0.75 -0.5
v 0.45 -0.75 0.9
v 0.45 -0.75 0.8
v 0.45 -0.75 -0.3
v 0.45 -0.75 -0.4
v 0.45 -0.65 0.8
v 0.45 -0.65 -0.3
v 0.45 -0.65 -0.4
v 0.45 -0.55 0.9
v 0.45 -0.55 0.8
v 0.45 -0.55 -0.3
v 0.45 -0.55 -0.4
v 0.45 -0.45 0.8
v 0.45 -0.45 -0.3
v 0.45 -0.45 -0.4
v 0.45 -0.35 0.9
v 0.45 -0.35 0.8
v 0.45 -0.35 -0.3
v 0.45 -0.35 -0.4
v 0.45 -0.25 0.9
v 0.45 -0.25 0.8
v 0.45 -0.25 -0.3
v 0.45 -0.25 -0.4
v 0.45 -0.15 0.9
v 0.45 -0.15 0.8
v 0.45 -0.15 -0.3
v 0.45 -0.15 -0.4
v 0.45 -0.05 0.9
v 0.45 -0.05 0.8
v 0.45 -0.05 -0.3
v 0.45 -0.05 -0.4
v 0.45 0.05 0.9
v 0.45 0.05 0.8
v 0.45 0.15 0.8
v 0.45 0.15 -0.3
v 0.45 0.15 -0.4
v 0.45 0.25 0.9
v 0.45 0.25 0.8
v 0.45 0.25 -0.3
v 0.45 0.25 -0.4
v 0.45 0.35 0.9
v 0.45 0.35 0.8
v 0.45 0.35 -0.3
v 0.45 0.35 -0.4
v 0.45 0.45 0.9
v 0.45 0.45 0.8
v 0.45 0.45 -0.3
v 0.45 0.45 -0.4
v 0.45 0.55 0.9
v 0.45 0.55 0.8
v 0.45 0.55 -0.3
v 0.45 0.65 0.9
v 0.45 0.65 0.8
v 0.45 0.65 -0.3
v 0.45 0.65 -0.4
v 0.45 0.75 0.9
v 0.45 0.75 0.8
v 0.45 0.75 -0.3
v 0.45 0.75 -0.4
v 0.55 -0.75 0.8
v 0.55 -0.75 0.7
v 0.55 -0.75 -0.2
v 0.55 -0.75 -0.3
v 0.55 -0.65 0.8
v 0.55 -0.65 0.7
v 0.55 -0.65 -0.2
v 0.55 -0.65 -0.3
v 0.55 -0.55 0.8
v 0.55 -0.55 0.7
v 0.55 -0.45 0.8
v 0.55 -0.45 0.7
v 0.55 -0.45 -0.2
v 0.55 -0.45 -0.3
v 0.55 -0.35 0.8
v 0.55 -0.35 0.7
v 0.55 -0.35 -0.2
v 0.55 -0.35 -0.3
v 0.55 -0.25 0.8
v 0.55 -0.25 0.7
v 0.55 -0.15 -0.2
v 0.55 -0.15 -0.3
v 0.55 -0.05 0.8
v 0.55 -0.05 0.7
v 0.55 -0.05 -0.2
v 0.55 0.05 0.8
v 0.55 0.05 0.7
v 0.55 0.05 -0.2
v 0.55 0.15 0.8
v 0.55 0.15 0.7
v 0.55 0.15 -0.2
v 0.55 0.25 0.7
v 0.55 0.25 -0.2
v 0.55 0.25 -0.3
v 0.55 0.35 0.7
v 0.55 0.35 -0.2
v 0.55 0.35 -0.3
v 0.55 0.45 -0.2
v 0.55 0.45 -0.3
v 0.55 0.55 0.7
v 0.55 0.55 -0.2
v 0.55 0.55 -0.3
v 0.55 0.65 0.8
v 0.55 0.65 0.7
v 0.55 0.65 -0.2
v 0.55 0.65 -0.3
v 0.55 0.75 0.8
v 0.55 0.75 0.7
v 0.55 0.75 -0.2
v 0.55 0.75 -0.3
v 0.65 -0.75 0.7
v 0.65 -0.75 0.5
v 0.65 -0.75 0
v 0.65 -0.75 -0.1
v 0.65 -0.75 -0.2
v 0.65 -0.65 0.7
v 0.65 -0.65 0.6
v 0.65 -0.65 0.5
v 0.65 -0.65 0
v 0.65 -0.65 -0.1
v 0.65 -0.65 -0.2
v 0.65 -0.55 0.7
v 0.65 -0.55 0.6
v 0.65 -0.55 0.5
v 0.65 -0.55 0
v 0.65 -0.55 -0.1
v 0.65 -0.45 0.7
v 0.65 -0.45 0.6
v 0.65 -0.45 0.5
v 0.65 -0.45 0
v 0.65 -0.45 -0.1
v 0.65 -0.45 -0.2
v 0.65 -0.35 0.7
v 0.65 -0.35 0.6
v 0.65 -0.35 0.5
v 0.65 -0.35 0
v 0.65 -0.35 -0.1
v 0.65 -0.35 -0.2
v 0.65 -0.25 0.7
v 0.65 -0.25 0.5
v 0.65 -0.25 0
v 0.65 -0.25 -0.1
v 0.65 -0.15 0.6
v 0.65 -0.15 0.5
v 0.65 -0.15 -0.1
v 0.65 -0.15 -0.2
v 0.65 -0.05 0.7
v 0.65 -0.05 0.6
v 0.65 -0.05 0.5
v 0.65 -0.05 0
v 0.65 -0.05 -0.1
v 0.65 -0.05 -0.2
v 0.65 0.05 0.7
v 0.65 0.05 0.6
v 0.65 0.05 0
v 0.65 0.05 -0.1
v 0.65 0.05 -0.2
v 0.65 0.15 0.7
v 0.65 0.15 0.6
v 0.65 0.15 0.5
v 0.65 0.15 0
v 0.65 0.15 -0.1
v 0.65 0.15 -0.2
v 0.65 0.25 0.7
v 0.65 0.25 0.6
v 0.65 0.25 0.5
v 0.65 0.25 0
v 0.65 0.25 -0.1
v 0.65 0.25 -0.2
v 0.65 0.35 0.7
v 0.65 0.35 0.6
v 0.65 0.35 0.5
v 0.65 0.35 0
v 0.65 0.35 -0.1
v 0.65 0.45 0.6
v 0.65 0.45 0.5
v 0.65 0.45 0
v 0.65 0.45 -0.1
v 0.65 0.45 -0.2
v 0.65 0.55 0.7
v 0.65 0.55 0.6
v 0.65 0.55 0.5
v 0.65 0.55 0
v 0.65 0.55 -0.1
v 0.65 0.55 -0.2
v 0.65 0.65 0.7
v 0.65 0.65 0.6
v 0.65 0.65 0.5
v 0.65 0.65 0
v 0.65 0.65 -0.1
v 0.65 0.65 -0.2
v 0.65 0.75 0.7
v 0.65 0.75 0.5
v 0.65 0.75 0
v 0.65 0.75 -0.2
v 0.75 -0.75 0.5
v 0.75 -0.75 0.4
v 0.75 -0.75 0.3
v 0.75 -0.75 0.2
v 0.75 -0.75 0
v 0.75 -0.65 0.5
v 0.75 -0.65 0.4
v 0.75 -0.65 0.3
v 0.75 -0.55 0.5
v 0.75 -0.55 0.4
v 0.75 -0.55 0.3
v 0.75 -0.55 0.2
v 0.75 -0.55 0
v 0.75 -0.45 0.1
v 0.75 -0.45 0
v 0.75 -0.35 0.5
v 0.75 -0.35 0.4
v 0.75 -0.35 0.3
v 0.75 -0.35 0.2
v 0.75 -0.35 0.1
v 0.75 -0.35 0
v 0.75 -0.25 0.5
v 0.75 -0.25 0.4
v 0.75 -0.25 0.3
v 0.75 -0.25 0.2
v 0.75 -0.25 0.1
v 0.75 -0.25 0
v 0.75 -0.15 0.5
v 0.75 -0.15 0.4
v 0.75 -0.15 0.2
v 0.75 -0.15 0.1
v 0.75 -0.05 0.5
v 0.75 -0.05 0.3
v 0.75 -0.05 0.1
v 0.75 -0.05 0
v 0.75 0.05 0.4
v 0.75 0.05 0.3
v 0.75 0.05 0.2
v 0.75 0.05 0.1
v 0.75 0.05 0
v 0.75 0.15 0.5
v 0.75 0.15 0.4
v 0.75 0.15 0.3
v 0.75 0.15 0.1
v 0.75 0.15 0
v 0.75 0.25 0.2
v 0.75 0.25 0.1
v 0.75 0.35 0.5
v 0.75 0.35 0.4
v 0.75 0.35 0.1
v 0.75 0.35 0
v 0.75 0.45 0.5
v 0.75 0.45 0.3
v 0.75 0.45 0.2
v 0.75 0.45 0.1
v 0.75 0.55 0.5
v 0.75 0.55 0.4
v 0.75 0.55 0.2
v 0.75 0.55 0.1
v 0.75 0.55 0
v 0.75 0.65 0.5
v 0.75 0.65 0.4
v 0.75 0.65 0.2
v 0.75 0.65 0.1
v 0.75 0.65 0
v 0.75 0.75 0.5
v 0.75 0.75 0.4
v 0.75 0.75 0.3
v 0.75 0.75 0.1
v 0.75 0.75 0
v -0.25 -0.75 1
v -0.25 -0.15 1
v -0.25 -0.05 1
v -0.25 0.15 1
v -0.25 0.25 1
v -0.25 0.35 1
v -0.25 0.75 1
v -0.15 -0.75 1
v -0.15 -0.45 1
v -0.15 -0.25 1
v -0.15 -0.15 1
v -0.15 -0.05 1
v -0.15 0.05 1
v -0.15 0.25 1
v -0.15 0.35 1
v -0.15 0.45 1
v -0.15 0.55 1
v -0.15 0.65 1
v -0.15 0.75 1
v -0.05 -0.35 1
v -0.05 -0.25 1
v -0.05 -0.05 1
v -0.05 0.05 1
v -0.05 0.15 1
v -0.05 0.25 1
v -0.05 0.35 1
v -0.05 0.55 1
v -0.05 0.65 1
v 0.05 -0.75 1
v 0.05 -0.65 1
v 0.05 -0.45 1
v 0.05 -0.35 1
v 0.05 -0.05 1
v 0.05 0.05 1
v 0.05 0.15 1
v 0.05 0.25 1
v 0.05 0.35 1
v 0.05 0.65 1
v 0.05 0.75 1
v 0.15 -0.65 1
v 0.15 -0.55 1
v 0.15 -0.25 1
v 0.15 -0.15 1
v 0.15 -0.05 1
v 0.15 0.05 1
v 0.15 0.25 1
v 0.15 0.35 1
v 0.15 0.45 1
v 0.15 0.55 1
v 0.15 0.65 1
v 0.25 -0.75 1
v 0.25 -0.55 1
v 0.25 -0.35 1
v 0.25 -0.25 1
v 0.25 -0.15 1
v 0.25 -0.05 1
v 0.25 0.15 1
v 0.25 0.35 1
v 0.25 0.55 1
v 0.25 0.75 1
v -0.45 -0.75 0.9
v -0.45 -0.55 0.9
v -0.45 -0.45 0.9
v -0.45 -0.25 0.9
v -0.45 -0.15 0.9
v -0.45 -0.05 0.9
v -0.45 0.25 0.9
v -0.45 0.35 0.9
v -0.45 0.45 0.9
v -0.45 0.65 0.9
v -0.45 0.75 0.9
v -0.35 -0.75 0.9
v -0.35 -0.65 0.9
v -0.35 -0.55 0.9
v -0.35 -0.45 0.9
v -0.35 -0.35 0.9
v -0.35 -0.25 0.9
v -0.35 -0.15 0.9
v -0.35 -0.05 0.9
v -0.35 0.05 0.9
v -0.35 0.25 0.9
v -0.35 0.35 0.9
v -0.35 0.45 0.9
v -0.35 0.55 0.9
v -0.25 -0.75 0.9
v -0.25 -0.65 0.9
v -0.25 -0.55 0.9
v -0.25 -0.35 0.9
v -0.25 -0.25 0.9
v -0.25 -0.15 0.9
v -0.25 -0.05 0.9
v -0.25 0.05 0.9
v -0.25 0.15 0.9
v -0.25 0.25 0.9
v -0.25 0.35 0.9
v -0.25 0.55 0.9
v -0.25 0.65 0.9
v -0.25 0.75 0.9
v 0.25 -0.75 0.9
v 0.25 -0.55 0.9
v 0.25 -0.45 0.9
v 0.25 -0.35 0.9
v 0.25 -0.25 0.9
v 0.25 -0.15 0.9
v 0.25 -0.05 0.9
v 0.25 0.15 0.9
v 0.25 0.35 0.9
v 0.25 0.45 0.9
v 0.25 0.55 0.9
v 0.25 0.75 0.9
v 0.35 -0.75 0.9
v 0.35 -0.55 0.9
v 0.35 -0.45 0.9
v 0.35 -0.35 0.9
v 0.35 -0.25 0.9
v 0.35 -0.15 0.9
v 0.35 -0.05 0.9
v 0.35 0.05 0.9
v 0.35 0.25 0.9
v 0.35 0.35 0.9
v 0.35 0.45 0.9
v 0.35 0.55 0.9
v 0.35 0.65 0.9
v 0.35 0.75 0.9
v 0.45 -0.75 0.9
v 0.45 -0.55 0.9
v 0.45 -0.35 0.9
v 0.45 -0.25 0.9
v 0.45 -0.15 0.9
v 0.45 -0.05 0.9
v 0.45 0.05 0.9
v 0.45 0.25 0.9
v 0.45 0.35 0.9
v 0.45 0.45 0.9
v 0.45 0.55 0.9
v 0.45 0.65 0.9
v 0.45 0.75 0.9
v -0.55 -0.75 0.8
v -0.55 -0.45 0.8
v -0.55 -0.35 0.8
v -0.55 -0.25 0.8
v -0.55 -0.05 0.8
v -0.55 0.05 0.8
v -0.55 0.35 0.8
v -0.55 0.65 0.8
v -0.55 0.75 0.8
v -0.45 -0.75 0.8
v -0.45 -0.55 0.8
v -0.45 -0.45 0.8
v -0.45 -0.35 0.8
v -0.45 -0.25 0.8
v -0.45 -0.15 0.8
v -0.45 -0.05 0.8
v -0.45 0.05 0.8
v -0.45 0.25 0.8
v -0.45 0.35 0.8
v -0.45 0.45 0.8
v -0.45 0.65 0.8
v -0.45 0.75 0.8
v 0.45 -0.75 0.8
v 0.45 -0.65 0.8
v 0.45 -0.55 0.8
v 0.45 -0.45 0.8
v 0.45 -0.35 0.8
v 0.45 -0.25 0.8
v 0.45 -0.15 0.8
v 0.45 -0.05 0.8
v 0.45 0.05 0.8
v 0.45 0.15 0.8
v 0.45 0.25 0.8
v 0.45 0.35 0.8
v 0.45 0.45 0.8
v 0.45 0.55 0.8
v 0.45 0.65 0.8
v 0.45 0.75 0.8
v 0.55 -0.75 0.8
v 0.55 -0.65 0.8
v 0.55 -0.55 0.8
v 0.55 -0.45 0.8
v 0.55 -0.35 0.8
v 0.55 -0.25 0.8
v 0.55 -0.05 0.8
v 0.55 0.05 0.8
v 0.55 0.15 0.8
v 0.55 0.65 0.8
v 0.55 0.75 0.8
v -0.65 -0.75 0.7
v -0.65 -0.45 0.7
v -0.65 -0.25 0.7
v -0.65 -0.05 0.7
v -0.65 0.05 0.7
v -0.65 0.15 0.7
v -0.65 0.35 0.7
v -0.65 0.45 0.7
v -0.65 0.65 0.7
v -0.65 0.75 0.7
v -0.55 -0.75 0.7
v -0.55 -0.45 0.7
v -0.55 -0.35 0.7
v -0.55 -0.25 0.7
v -0.55 -0.05 0.7
v -0.55 0.05 0.7
v -0.55 0.15 0.7
v -0.55 0.35 0.7
v -0.55 0.45 0.7
v -0.55 0.65 0.7
v -0.55 0.75 0.7
v 0.55 -0.75 0.7
v 0.55 -0.65 0.7
v 0.55 -0.55 0.7
v 0.55 -0.45 0.7
v 0.55 -0.35 0.7
v 0.55 -0.25 0.7
v 0.55 -0.05 0.7
v 0.55 0.05 0.7
v 0.55 0.15 0.7
v 0.55 0.25 0.7
v 0.55 0.35 0.7
v 0.55 0.55 0.7
v 0.55 0.65 0.7
v 0.55 0.75 0.7
v 0.65 -0.75 0.7
v 0.65 -0.65 0.7
v 0.65 -0.55 0.7
v 0.65 -0.45 0.7
v 0.65 -0.35 0.7
v 0.65 -0.25 0.7
v 0.65 -0.05 0.7
v 0.65 0.05 0.7
v 0.65 0.15 0.7
v 0.65 0.25 0.7
v 0.65 0.35 0.7
v 0.65 0.55 0.7
v 0.65 0.65 0.7
v 0.65 0.75 0.7
v -0.75 -0.75 0.5
v -0.75 -0.65 0.5
v -0.75 -0.55 0.5
v -0.75 -0.45 0.5
v -0.75 -0.35 0.5
v -0.75 -0.25 0.5
v -0.75 -0.15 0.5
v -0.75 0.05 0.5
v -0.75 0.15 0.5
v -0.75 0.25 0.5
v -0.75 0.35 0.5
v -0.75 0.55 0.5
v -0.75 0.75 0.5
v -0.65 -0.75 0.5
v -0.65 -0.65 0.5
v -0.65 -0.55 0.5
v -0.65 -0.45 0.5
v -0.65 -0.35 0.5
v -0.65 -0.25 0.5
v -0.65 -0.15 0.5
v -0.65 -0.05 0.5
v -0.65 0.05 0.5
v -0.65 0.15 0.5
v -0.65 0.25 0.5
v -0.65 0.35 0.5
v -0.65 0.55 0.5
v -0.65 0.65 0.5
v -0.65 0.75 0.5
v 0.65 -0.75 0.5
v 0.65 -0.65 0.5
v 0.65 -0.55 0.5
v 0.65 -0.45 0.5
v 0.65 -0.35 0.5
v 0.65 -0.25 0.5
v 0.65 -0.15 0.5
v 0.65 -0.05 0.5
v 0.65 0.15 0.5
v 0.65 0.25 0.5
v 0.65 0.35 0.5
v 0.65 0.45 0.5
v 0.65 0.55 0.5
v 0.65 0.65 0.5
v 0.65 0.75 0.5
v 0.75 -0.75 0.5
v 0.75 -0.65 0.5
v 0.75 -0.55 0.5
v 0.75 -0.35 0.5
v 0.75 -0.25 0.5
v 0.75 -0.15 0.5
v 0.75 -0.05 0.5
v 0.75 0.15 0.5
v 0.75 0.35 0.5
v 0.75 0.45 0.5
v 0.75 0.55 0.5
v 0.75 0.65 0.5
v 0.75 0.75 0.5
v -0.65 0.35 0.1
v -0.65 0.45 0.1
v -0.65 0.55 0.1
v -0.65 0.65 0.1
v -0.65 0.75 0.1
v -0.55 0.35 0.1
v -0.55 0.55 0.1
v -0.55 0.65 0.1
v -0.55 0.75 0.1
v 0.55 0.35 0.1
v 0.55 0.55 0.1
v 0.55 0.75 0.1
v 0.65 0.35 0.1
v 0.65 0.45 0.1
v 0.65 0.55 0.1
v 0.65 0.65 0.1
v 0.65 0.75 0.1
v -0.55 0.35 -0.1
v -0.55 0.45 -0.1
v -0.55 0.55 -0.1
v -0.55 0.65 -0.1
v -0.55 0.75 -0.1
v -0.45 0.35 -0.1
v -0.45 0.75 -0.1
v 0.45 0.35 -0.1
v 0.45 0.45 -0.1
v 0.45 0.65 -0.1
v 0.45 0.75 -0.1
v 0.55 0.35 -0.1
v 0.55 0.45 -0.1
v 0.55 0.55 -0.1
v 0.55 0.65 -0.1
v 0.55 0.75 -0.1
v -0.45 0.35 -0.2
v -0.45 0.55 -0.2
v -0.45 0.65 -0.2
v -0.45 0.75 -0.2
v -0.35 0.35 -0.2
v -0.35 0.55 -0.2
v -0.35 0.65 -0.2
v -0.35 0.75 -0.2
v 0.35 0.35 -0.2
v 0.35 0.45 -0.2
v 0.35 0.55 -0.2
v 0.35 0.75 -0.2
v 0.45 0.35 -0.2
v 0.45 0.45 -0.2
v 0.45 0.55 -0.2
v 0.45 0.65 -0.2
v 0.45 0.75 -0.2
v -0.35 0.35 -0.3
v -0.35 0.45 -0.3
v -0.35 0.55 -0.3
v -0.35 0.65 -0.3
v -0.35 0.75 -0.3
v -0.25 0.35 -0.3
v -0.25 0.45 -0.3
v -0.25 0.55 -0.3
v -0.25 0.65 -0.3
v -0.25 0.75 -0.3
v -0.15 0.35 -0.3
v -0.15 0.55 -0.3
v -0.15 0.65 -0.3
v -0.15 0.75 -0.3
v 0.15 0.35 -0.3
v 0.15 0.55 -0.3
v 0.15 0.65 -0.3
v 0.15 0.75 -0.3
v 0.25 0.35 -0.3
v 0.25 0.45 -0.3
v 0.25 0.55 -0.3
v 0.25 0.65 -0.3
v 0.25 0.75 -0.3
v 0.35 0.35 -0.3
v 0.35 0.45 -0.3
v 0.35 0.55 -0.3
v 0.35 0.65 -0.3
v 0.35 0.75 -0.3
v -0.15 0.35 -0.4
v -0.15 0.45 -0.4
v -0.15 0.55 -0.4
v -0.15 0.65 -0.4
v -0.15 0.75 -0.4
v -0.05 0.35 -0.4
v -0.05 0.45 -0.4
v -0.05 0.55 -0.4
v -0.05 0.65 -0.4
v -0.05 0.75 -0.4
v 0.05 0.35 -0.4
v 0.05 0.45 -0.4
v 0.05 0.55 -0.4
v 0.05 0.65 -0.4
v 0.05 0.75 -0.4
v 0.15 0.35 -0.4
v 0.15 0.45 -0.4
v 0.15 0.55 -0.4
v 0.15 0.65 -0.4
v 0.15 0.75 -0.4
v -0.15 -0.35 -0.6
v -0.15 -0.25 -0.6
v -0.05 -0.35 -0.6
v -0.05 -0.25 -0.6
v 0.05 -0.35 -0.6
v 0.05 -0.25 -0.6
v 0.15 -0.35 -0.6
v 0.15 -0.25 -0.6
v -0.15 -0.25 -0.7
v -0.15 -0.15 -0.7
v -0.15 0.25 -0.7
v -0.15 0.35 -0.7
v -0.05 -0.25 -0.7
v -0.05 0.25 -0.7
v -0.05 0.35 -0.7
v 0.05 -0.25 -0.7
v 0.05 -0.15 -0.7
v 0.05 0.35 -0.7
v 0.15 -0.25 -0.7
v 0.15 -0.15 -0.7
v 0.15 0.25 -0.7
v 0.15 0.35 -0.7
v -0.15 -0.15 -0.8
v -0.15 0.05 -0.8
v -0.15 0.25 -0.8
v -0.05 -0.15 -0.8
v -0.05 0.05 -0.8
v -0.05 0.25 -0.8
v 0.05 -0.15 -0.8
v 0.05 -0.05 -0.8
v 0.05 0.15 -0.8
v 0.05 0.25 -0.8
v 0.15 -0.15 -0.8
v 0.15 -0.05 -0.8
v 0.15 0.15 -0.8
v 0.15 0.25 -0.8
v -0.15 0.35 0.9
v -0.15 0.45 0.9
v -0.15 0.55 0.9
v -0.15 0.65 0.9
v -0.15 0.75 0.9
v -0.05 0.35 0.9
v -0.05 0.55 0.9
v -0.05 0.65 0.9
v 0.05 0.35 0.9
v 0.05 0.65 0.9
v 0.05 0.75 0.9
v 0.15 0.35 0.9
v 0.15 0.45 0.9
v 0.15 0.55 0.9
v 0.15 0.65 0.9
v 0.15 0.75 0.9
v -0.35 0.35 0.8
v -0.35 0.45 0.8
v -0.35 0.55 0.8
v -0.35 0.65 0.8
v -0.35 0.75 0.8
v -0.25 0.45 0.8
v -0.25 0.55 0.8
v -0.25 0.65 0.8
v -0.25 0.75 0.8
v -0.15 0.35 0.8
v -0.15 0.45 0.8
v -0.15 0.55 0.8
v -0.15 0.65 0.8
v -0.15 0.75 0.8
v 0.15 0.35 0.8
v 0.15 0.45 0.8
v 0.15 0.55 0.8
v 0.15 0.65 0.8
v 0.15 0.75 0.8
v 0.25 0.35 0.8
v 0.25 0.45 0.8
v 0.25 0.55 0.8
v 0.25 0.65 0.8
v 0.25 0.75 0.8
v 0.35 0.35 0.8
v 0.35 0.45 0.8
v 0.35 0.55 0.8
v 0.35 0.75 0.8
v -0.45 0.35 0.7
v -0.45 0.45 0.7
v -0.45 0.55 0.7
v -0.45 0.65 0.7
v -0.45 0.75 0.7
v -0.35 0.35 0.7
v -0.35 0.45 0.7
v -0.35 0.55 0.7
v -0.35 0.65 0.7
v -0.35 0.75 0.7
v 0.35 0.35 0.7
v 0.35 0.45 0.7
v 0.35 0.55 0.7
v 0.35 0.75 0.7
v 0.45 0.35 0.7
v 0.45 0.45 0.7
v 0.45 0.55 0.7
v 0.45 0.75 0.7
v -0.55 0.35 0.6
v -0.55 0.45 0.6
v -0.55 0.55 0.6
v -0.55 0.65 0.6
v -0.55 0.75 0.6
v -0.45 0.35 0.6
v -0.45 0.45 0.6
v -0.45 0.55 0.6
v -0.45 0.65 0.6
v -0.45 0.75 0.6
v 0.45 0.35 0.6
v 0.45 0.45 0.6
v 0.45 0.75 0.6
v 0.55 0.35 0.6
v 0.55 0.45 0.6
v 0.55 0.55 0.6
v 0.55 0.75 0.6
v -0.65 0.35 0.4
v -0.65 0.45 0.4
v -0.65 0.55 0.4
v -0.65 0.65 0.4
v -0.65 0.75 0.4
v -0.55 0.35 0.4
v -0.55 0.55 0.4
v -0.55 0.65 0.4
v -0.55 0.75 0.4
v 0.55 0.35 0.4
v 0.55 0.45 0.4
v 0.55 0.75 0.4
v 0.65 0.35 0.4
v 0.65 0.45 0.4
v 0.65 0.75 0.4
v -0.75 -0.75 0
v -0.75 -0.65 0
v -0.75 -0.55 0
v -0.75 0.15 0
v -0.75 0.45 0
v -0.75 0.65 0
v -0.75 0.75 0
v -0.65 -0.75 0
v -0.65 -0.65 0
v -0.65 -0.55 0
v -0.65 -0.25 0
v -0.65 -0.05 0
v -0.65 0.05 0
v -0.65 0.15 0
v -0.65 0.25 0
v -0.65 0.35 0
v -0.65 0.45 0
v -0.65 0.55 0
v -0.65 0.65 0
v -0.65 0.75 0
v 0.65 -0.75 0
v 0.65 -0.65 0
v 0.65 -0.55 0
v 0.65 -0.45 0
v 0.65 -0.35 0
v 0.65 -0.25 0
v 0.65 -0.05 0
v 0.65 0.05 0
v 0.65 0.15 0
v 0.65 0.25 0
v 0.65 0.35 0
v 0.65 0.45 0
v 0.65 0.55 0
v 0.65 0.65 0
v 0.65 0.75 0
v 0.75 -0.75 0
v 0.75 -0.55 0
v 0.75 -0.45 0
v 0.75 -0.35 0
v 0.75 -0.25 0
v 0.75 -0.05 0
v 0.75 0.05 0
v 0.75 0.15 0
v 0.75 0.35 0
v 0.75 0.55 0
v 0.75 0.65 0
v 0.75 0.75 0
v -0.65 -0.75 -0.2
v -0.65 -0.65 -0.2
v -0.65 -0.55 -0.2
v -0.65 -0.45 -0.2
v -0.65 -0.35 -0.2
v -0.65 -0.25 -0.2
v -0.65 -0.05 -0.2
v -0.65 0.05 -0.2
v -0.65 0.25 -0.2
v -0.65 0.35 -0.2
v -0.65 0.45 -0.2
v -0.65 0.55 -0.2
v -0.65 0.65 -0.2
v -0.65 0.75 -0.2
v -0.55 -0.75 -0.2
v -0.55 -0.65 -0.2
v -0.55 -0.55 -0.2
v -0.55 -0.45 -0.2
v -0.55 -0.35 -0.2
v -0.55 -0.25 -0.2
v -0.55 -0.05 -0.2
v -0.55 0.05 -0.2
v -0.55 0.15 -0.2
v -0.55 0.25 -0.2
v -0.55 0.35 -0.2
v -0.55 0.45 -0.2
v -0.55 0.55 -0.2
v -0.55 0.65 -0.2
v -0.55 0.75 -0.2
v 0.55 -0.75 -0.2
v 0.55 -0.65 -0.2
v 0.55 -0.45 -0.2
v 0.55 -0.35 -0.2
v 0.55 -0.15 -0.2
v 0.55 -0.05 -0.2
v 0.55 0.05 -0.2
v 0.55 0.15 -0.2
v 0.55 0.25 -0.2
v 0.55 0.35 -0.2
v 0.55 0.45 -0.2
v 0.55 0.55 -0.2
v 0.55 0.65 -0.2
v 0.55 0.75 -0.2
v 0.65 -0.75 -0.2
v 0.65 -0.65 -0.2
v 0.65 -0.45 -0.2
v 0.65 -0.35 -0.2
v 0.65 -0.15 -0.2
v 0.65 -0.05 -0.2
v 0.65 0.05 -0.2
v 0.65 0.15 -0.2
v 0.65 0.25 -0.2
v 0.65 0.45 -0.2
v 0.65 0.55 -0.2
v 0.65 0.65 -0.2
v 0.65 0.75 -0.2
v -0.55 -0.75 -0.3
v -0.55 -0.65 -0.3
v -0.55 -0.55 -0.3
v -0.55 -0.25 -0.3
v -0.55 -0.05 -0.3
v -0.55 0.15 -0.3
v -0.55 0.25 -0.3
v -0.55 0.35 -0.3
v -0.55 0.55 -0.3
v -0.55 0.75 -0.3
v -0.45 -0.75 -0.3
v -0.45 -0.65 -0.3
v -0.45 -0.55 -0.3
v -0.45 -0.45 -0.3
v -0.45 -0.35 -0.3
v -0.45 -0.25 -0.3
v -0.45 -0.05 -0.3
v -0.45 0.15 -0.3
v -0.45 0.25 -0.3
v -0.45 0.35 -0.3
v -0.45 0.45 -0.3
v -0.45 0.55 -0.3
v -0.45 0.65 -0.3
v -0.45 0.75 -0.3
v 0.45 -0.75 -0.3
v 0.45 -0.65 -0.3
v 0.45 -0.55 -0.3
v 0.45 -0.45 -0.3
v 0.45 -0.35 -0.3
v 0.45 -0.25 -0.3
v 0.45 -0.15 -0.3
v 0.45 -0.05 -0.3
v 0.45 0.15 -0.3
v 0.45 0.25 -0.3
v 0.45 0.35 -0.3
v 0.45 0.45 -0.3
v 0.45 0.55 -0.3
v 0.45 0.65 -0.3
v 0.45 0.75 -0.3
v 0.55 -0.75 -0.3
v 0.55 -0.65 -0.3
v 0.55 -0.45 -0.3
v 0.55 -0.35 -0.3
v 0.55 -0.15 -0.3
v 0.55 0.25 -0.3
v 0.55 0.35 -0.3
v 0.55 0.45 -0.3
v 0.55 0.55 -0.3
v 0.55 0.65 -0.3
v 0.55 0.75 -0.3
v -0.45 -0.75 -0.4
v -0.45 -0.65 -0.4
v -0.45 -0.45 -0.4
v -0.45 -0.35 -0.4
v -0.45 -0.05 -0.4
v -0.45 0.25 -0.4
v -0.45 0.35 -0.4
v -0.45 0.45 -0.4
v -0.45 0.55 -0.4
v -0.45 0.65 -0.4
v -0.45 0.75 -0.4
v -0.35 -0.65 -0.4
v -0.35 -0.55 -0.4
v -0.35 -0.45 -0.4
v -0.35 -0.35 -0.4
v -0.35 -0.15 -0.4
v -0.35 0.15 -0.4
v -0.35 0.25 -0.4
v -0.35 0.35 -0.4
v -0.35 0.45 -0.4
v -0.35 0.55 -0.4
v -0.35 0.65 -0.4
v -0.35 0.75 -0.4
v -0.25 -0.75 -0.4
v -0.25 -0.65 -0.4
v -0.25 -0.55 -0.4
v -0.25 -0.45 -0.4
v -0.25 -0.35 -0.4
v -0.25 -0.25 -0.4
v -0.25 -0.15 -0.4
v -0.25 -0.05 -0.4
v -0.25 0.05 -0.4
v -0.25 0.15 -0.4
v -0.25 0.25 -0.4
v -0.25 0.45 -0.4
v -0.25 0.55 -0.4
v -0.25 0.65 -0.4
v -0.25 0.75 -0.4
v 0.25 -0.75 -0.4
v 0.25 -0.65 -0.4
v 0.25 -0.55 -0.4
v 0.25 -0.45 -0.4
v 0.25 -0.35 -0.4
v 0.25 -0.25 -0.4
v 0.25 -0.15 -0.4
v 0.25 -0.05 -0.4
v 0.25 0.05 -0.4
v 0.25 0.15 -0.4
v 0.25 0.25 -0.4
v 0.25 0.35 -0.4
v 0.25 0.45 -0.4
v 0.25 0.55 -0.4
v 0.25 0.65 -0.4
v 0.25 0.75 -0.4
v 0.35 -0.75 -0.4
v 0.35 -0.65 -0.4
v 0.35 -0.15 -0.4
v 0.35 -0.05 -0.4
v 0.35 0.05 -0.4
v 0.35 0.15 -0.4
v 0.35 0.25 -0.4
v 0.35 0.35 -0.4
v 0.35 0.45 -0.4
v 0.35 0.55 -0.4
v 0.35 0.65 -0.4
v 0.35 0.75 -0.4
v 0.45 -0.75 -0.4
v 0.45 -0.65 -0.4
v 0.45 -0.55 -0.4
v 0.45 -0.45 -0.4
v 0.45 -0.35 -0.4
v 0.45 -0.25 -0.4
v 0.45 -0.15 -0.4
v 0.45 -0.05 -0.4
v 0.45 0.15 -0.4
v 0.45 0.25 -0.4
v 0.45 0.35 -0.4
v 0.45 0.45 -0.4
v 0.45 0.65 -0.4
v 0.45 0.75 -0.4
v -0.25 -0.75 -0.5
v -0.25 -0.55 -0.5
v -0.25 -0.45 -0.5
v -0.25 -0.25 -0.5
v -0.25 -0.15 -0.5
v -0.25 -0.05 -0.5
v -0.25 0.05 -0.5
v -0.25 0.15 -0.5
v -0.25 0.75 -0.5
v -0.15 -0.75 -0.5
v -0.15 -0.65 -0.5
v -0.15 -0.55 -0.5
v -0.15 -0.45 -0.5
v -0.15 -0.35 -0.5
v -0.15 -0.25 -0.5
v -0.15 -0.15 -0.5
v -0.15 0.05 -0.5
v -0.15 0.15 -0.5
v -0.15 0.25 -0.5
v -0.15 0.35 -0.5
v -0.15 0.45 -0.5
v -0.15 0.65 -0.5
v -0.05 -0.75 -0.5
v -0.05 -0.65 -0.5
v -0.05 -0.55 -0.5
v -0.05 -0.35 -0.5
v -0.05 -0.15 -0.5
v -0.05 -0.05 -0.5
v -0.05 0.05 -0.5
v -0.05 0.15 -0.5
v -0.05 0.25 -0.5
v -0.05 0.35 -0.5
v -0.05 0.65 -0.5
v -0.05 0.75 -0.5
v 0.05 -0.65 -0.5
v 0.05 -0.55 -0.5
v 0.05 -0.35 -0.5
v 0.05 -0.25 -0.5
v 0.05 -0.15 -0.5
v 0.05 -0.05 -0.5
v 0.05 0.05 -0.5
v 0.05 0.35 -0.5
v 0.05 0.65 -0.5
v 0.05 0.75 -0.5
v 0.15 -0.75 -0.5
v 0.15 -0.65 -0.5
v 0.15 -0.55 -0.5
v 0.15 -0.45 -0.5
v 0.15 -0.35 -0.5
v 0.15 -0.25 -0.5
v 0.15 -0.15 -0.5
v 0.15 -0.05 -0.5
v 0.15 0.05 -0.5
v 0.15 0.35 -0.5
v 0.15 0.45 -0.5
v 0.15 0.55 -0.5
v 0.15 0.65 -0.5
v 0.25 -0.75 -0.5
v 0.25 -0.65 -0.5
v 0.25 -0.45 -0.5
v 0.25 -0.25 -0.5
v 0.25 -0.15 -0.5
v 0.25 -0.05 -0.5
v 0.25 0.05 -0.5
v 0.25 0.35 -0.5
v 0.25 0.55 -0.5
v 0.25 0.65 -0.5
v 0.25 0.75 -0.5
v -0.15 0.55 -0.6
v -0.15 0.65 -0.6
v 0.05 0.55 -0.6
v 0.05 0.65 -0.6
v 0.15 0.55 -0.6
v 0.15 0.65 -0.6
v -0.15 -0.55 -0.7
v -0.15 -0.45 -0.7
v -0.05 -0.45 -0.7
v 0.05 -0.55 -0.7
v 0.05 -0.45 -0.7
v 0.15 -0.55 -0.7
v 0.15 -0.45 -0.7
v -0.15 -0.45 -0.8
v -0.15 -0.35 -0.8
v -0.15 0.45 -0.8
v -0.15 0.55 -0.8
v -0.05 -0.45 -0.8
v -0.05 -0.35 -0.8
v 0.05 -0.35 -0.8
v 0.05 0.45 -0.8
v 0.05 0.55 -0.8
v 0.15 -0.45 -0.8
v 0.15 -0.35 -0.8
v 0.15 0.45 -0.8
v 0.15 0.55 -0.8
v -0.15 -0.35 -0.9
v -0.15 -0.25 -0.9
v -0.15 0.25 -0.9
v -0.15 0.35 -0.9
v -0.15 0.45 -0.9
v -0.05 0.25 -0.9
v -0.05 0.35 -0.9
v 0.05 -0.35 -0.9
v 0.05 -0.25 -0.9
v 0.05 0.25 -0.9
v 0.05 0.45 -0.9
v 0.15 -0.35 -0.9
v 0.15 -0.25 -0.9
v 0.15 0.25 -0.9
v 0.15 0.45 -0.9
v -0.15 -0.25 -1
v -0.15 -0.15 -1
v -0.15 0.05 -1
v -0.15 0.15 -1
v -0.15 0.25 -1
v -0.05 0.05 -1
v -0.05 0.15 -1
v 0.05 -0.25 -1
v 0.05 -0.15 -1
v 0.05 -0.05 -1
v 0.05 0.05 -1
v 0.05 0.15 -1
v 0.05 0.25 -1
v 0.15 -0.25 -1
v 0.15 -0.15 -1
v 0.15 -0.05 -1
v 0.15 0.05 -1
v 0.15 0.15 -1
v 0.15 0.25 -1
v -0.25 -0.75 1
v -0.15 -0.75 1
v 0.05 -0.75 1
v 0.25 -0.75 1
v -0.45 -0.75 0.9
v -0.35 -0.75 0.9
v -0.25 -0.75 0.9
v -0.15 -0.75 0.9
v -0.05 -0.75 0.9
v 0.15 -0.75 0.9
v 0.25 -0.75 0.9
v 0.35 -0.75 0.9
v 0.45 -0.75 0.9
v -0.55 -0.75 0.8
v -0.45 -0.75 0.8
v -0.35 -0.75 0.8
v -0.25 -0.75 0.8
v -0.05 -0.75 0.8
v 0.05 -0.75 0.8
v 0.15 -0.75 0.8
v 0.25 -0.75 0.8
v 0.35 -0.75 0.8
v 0.45 -0.75 0.8
v 0.55 -0.75 0.8
v -0.65 -0.75 0.7
v -0.55 -0.75 0.7
v -0.35 -0.75 0.7
v -0.25 -0.75 0.7
v -0.15 -0.75 0.7
v -0.05 -0.75 0.7
v 0.05 -0.75 0.7
v 0.25 -0.75 0.7
v 0.35 -0.75 0.7
v 0.45 -0.75 0.7
v 0.55 -0.75 0.7
v 0.65 -0.75 0.7
v -0.65 -0.75 0.6
v -0.55 -0.75 0.6
v -0.45 -0.75 0.6
v -0.35 -0.75 0.6
v -0.25 -0.75 0.6
v -0.15 -0.75 0.6
v -0.05 -0.75 0.6
v 0.05 -0.75 0.6
v 0.15 -0.75 0.6
v 0.25 -0.75 0.6
v 0.35 -0.75 0.6
v 0.45 -0.75 0.6
v 0.55 -0.75 0.6
v -0.75 -0.75 0.5
v -0.65 -0.75 0.5
v -0.55 -0.75 0.5
v -0.45 -0.75 0.5
v -0.35 -0.75 0.5
v -0.15 -0.75 0.5
v 0.05 -0.75 0.5
v 0.25 -0.75 0.5
v 0.35 -0.75 0.5
v 0.45 -0.75 0.5
v 0.55 -0.75 0.5
v 0.65 -0.75 0.5
v 0.75 -0.75 0.5
v -0.75 -0.75 0.4
v -0.65 -0.75 0.4
v -0.55 -0.75 0.4
v -0.45 -0.75 0.4
v -0.35 -0.75 0.4
v -0.25 -0.75 0.4
v -0.15 -0.75 0.4
v 0.05 -0.75 0.4
v 0.25 -0.75 0.4
v 0.35 -0.75 0.4
v 0.45 -0.75 0.4
v 0.55 -0.75 0.4
v 0.65 -0.75 0.4
v 0.75 -0.75 0.4
v -0.75 -0.75 0.3
v -0.65 -0.75 0.3
v -0.55 -0.75 0.3
v -0.45 -0.75 0.3
v -0.25 -0.75 0.3
v -0.15 -0.75 0.3
v -0.05 -0.75 0.3
v 0.15 -0.75 0.3
v 0.35 -0.75 0.3
v 0.45 -0.75 0.3
v 0.55 -0.75 0.3
v 0.65 -0.75 0.3
v 0.75 -0.75 0.3
v -0.55 -0.75 0.2
v -0.45 -0.75 0.2
v -0.25 -0.75 0.2
v -0.15 -0.75 0.2
v -0.05 -0.75 0.2
v 0.05 -0.75 0.2
v 0.15 -0.75 0.2
v 0.35 -0.75 0.2
v 0.45 -0.75 0.2
v 0.65 -0.75 0.2
v 0.75 -0.75 0.2
v -0.65 -0.75 0.1
v -0.55 -0.75 0.1
v -0.45 -0.75 0.1
v -0.35 -0.75 0.1
v -0.25 -0.75 0.1
v -0.15 -0.75 0.1
v -0.05 -0.75 0.1
v 0.05 -0.75 0.1
v 0.15 -0.75 0.1
v 0.25 -0.75 0.1
v 0.35 -0.75 0.1
v 0.45 -0.75 0.1
v 0.55 -0.75 0.1
v 0.65 -0.75 0.1
v -0.75 -0.75 0
v -0.65 -0.75 0
v -0.55 -0.75 0
v -0.45 -0.75 0
v -0.35 -0.75 0
v -0.25 -0.75 0
v -0.15 -0.75 0
v 0.05 -0.75 0
v 0.15 -0.75 0
v 0.25 -0.75 0
v 0.35 -0.75 0
v 0.65 -0.75 0
v 0.75 -0.75 0
v -0.65 -0.75 -0.1
v -0.45 -0.75 -0.1
v -0.35 -0.75 -0.1
v -0.25 -0.75 -0.1
v -0.15 -0.75 -0.1
v -0.05 -0.75 -0.1
v 0.15 -0.75 -0.1
v 0.25 -0.75 -0.1
v 0.35 -0.75 -0.1
v 0.55 -0.75 -0.1
v 0.65 -0.75 -0.1
v -0.65 -0.75 -0.2
v -0.55 -0.75 -0.2
v -0.35 -0.75 -0.2
v -0.15 -0.75 -0.2
v -0.05 -0.75 -0.2
v 0.25 -0.75 -0.2
v 0.35 -0.75 -0.2
v 0.45 -0.75 -0.2
v 0.55 -0.75 -0.2
v 0.65 -0.75 -0.2
v -0.55 -0.75 -0.3
v -0.45 -0.75 -0.3
v -0.15 -0.75 -0.3
v -0.05 -0.75 -0.3
v 0.05 -0.75 -0.3
v 0.15 -0.75 -0.3
v 0.25 -0.75 -0.3
v 0.45 -0.75 -0.3
v 0.55 -0.75 -0.3
v -0.45 -0.75 -0.4
v -0.25 -0.75 -0.4
v -0.15 -0.75 -0.4
v -0.05 -0.75 -0.4
v 0.05 -0.75 -0.4
v 0.15 -0.75 -0.4
v 0.25 -0.75 -0.4
v 0.35 -0.75 -0.4
v 0.45 -0.75 -0.4
v -0.25 -0.75 -0.5
v -0.15 -0.75 -0.5
v -0.05 -0.75 -0.5
v 0.15 -0.75 -0.5
v 0.25 -0.75 -0.5
v -0.15 -0.55 -0.5
v -0.05 -0.55 -0.5
v 0.05 -0.55 -0.5
v 0.15 -0.55 -0.5
v -0.05 -0.55 -0.6
v 0.05 -0.55 -0.6
v 0.15 -0.55 -0.6
v -0.15 -0.55 -0.7
v 0.05 -0.55 -0.7
v 0.15 -0.55 -0.7
v -0.15 -0.45 -0.7
v -0.05 -0.45 -0.7
v 0.05 -0.45 -0.7
v 0.15 -0.45 -0.7
v -0.15 -0.45 -0.8
v -0.05 -0.45 -0.8
v 0.15 -0.45 -0.8
v -0.15 -0.35 -0.8
v -0.05 -0.35 -0.8
v 0.05 -0.35 -0.8
v 0.15 -0.35 -0.8
v -0.15 -0.35 -0.9
v 0.05 -0.35 -0.9
v 0.15 -0.35 -0.9
v -0.15 -0.25 -0.9
v 0.05 -0.25 -0.9
v 0.15 -0.25 -0.9
v -0.15 -0.25 -1
v 0.05 -0.25 -1
v 0.15 -0.25 -1
v -0.15 0.25 -0.7
v -0.05 0.25 -0.7
v 0.15 0.25 -0.7
v -0.15 0.25 -0.8
v -0.05 0.25 -0.8
v 0.05 0.25 -0.8
v 0.15 0.25 -0.8
v -0.15 0.35 -0.5
v -0.05 0.35 -0.5
v 0.05 0.35 -0.5
v 0.15 0.35 -0.5
v -0.15 0.35 -0.6
v -0.05 0.35 -0.6
v 0.05 0.35 -0.6
v 0.15 0.35 -0.6
v -0.15 0.35 -0.7
v -0.05 0.35 -0.7
v 0.05 0.35 -0.7
v 0.15 0.35 -0.7
v -0.15 -0.35 -0.5
v -0.05 -0.35 -0.5
v 0.05 -0.35 -0.5
v 0.15 -0.35 -0.5
v -0.15 -0.35 -0.6
v -0.05 -0.35 -0.6
v 0.05 -0.35 -0.6
v 0.15 -0.35 -0.6
v -0.15 -0.25 -0.6
v -0.05 -0.25 -0.6
v 0.05 -0.25 -0.6
v 0.15 -0.25 -0.6
v -0.15 -0.25 -0.7
v -0.05 -0.25 -0.7
v 0.05 -0.25 -0.7
v 0.15 -0.25 -0.7
v -0.15 -0.15 -0.7
v 0.05 -0.15 -0.7
v 0.15 -0.15 -0.7
v -0.15 -0.15 -0.8
v -0.05 -0.15 -0.8
v 0.05 -0.15 -0.8
v 0.15 -0.15 -0.8
v -0.15 0.25 -0.9
v -0.05 0.25 -0.9
v 0.05 0.25 -0.9
v 0.15 0.25 -0.9
v -0.15 0.25 -1
v 0.05 0.25 -1
v 0.15 0.25 -1
v -0.15 0.35 0.9
v -0.05 0.35 0.9
v 0.05 0.35 0.9
v 0.15 0.35 0.9
v -0.35 0.35 0.8
v -0.15 0.35 0.8
v -0.05 0.35 0.8
v 0.05 0.35 0.8
v 0.15 0.35 0.8
v 0.25 0.35 0.8
v 0.35 0.35 0.8
v -0.45 0.35 0.7
v -0.35 0.35 0.7
v -0.15 0.35 0.7
v -0.05 0.35 0.7
v 0.35 0.35 0.7
v 0.45 0.35 0.7
v -0.55 0.35 0.6
v -0.45 0.35 0.6
v -0.35 0.35 0.6
v -0.25 0.35 0.6
v -0.05 0.35 0.6
v 0.05 0.35 0.6
v 0.15 0.35 0.6
v 0.25 0.35 0.6
v 0.35 0.35 0.6
v 0.45 0.35 0.6
v 0.55 0.35 0.6
v -0.55 0.35 0.5
v -0.45 0.35 0.5
v -0.35 0.35 0.5
v -0.25 0.35 0.5
v 0.05 0.35 0.5
v 0.25 0.35 0.5
v 0.45 0.35 0.5
v 0.55 0.35 0.5
v -0.65 0.35 0.4
v -0.55 0.35 0.4
v -0.45 0.35 0.4
v -0.35 0.35 0.4
v -0.25 0.35 0.4
v -0.15 0.35 0.4
v -0.05 0.35 0.4
v 0.05 0.35 0.4
v 0.25 0.35 0.4
v 0.35 0.35 0.4
v 0.45 0.35 0.4
v 0.55 0.35 0.4
v 0.65 0.35 0.4
v -0.65 0.35 0.3
v -0.55 0.35 0.3
v -0.45 0.35 0.3
v -0.15 0.35 0.3
v -0.05 0.35 0.3
v 0.35 0.35 0.3
v 0.45 0.35 0.3
v 0.65 0.35 0.3
v -0.65 0.35 0.2
v -0.55 0.35 0.2
v -0.45 0.35 0.2
v -0.35 0.35 0.2
v -0.05 0.35 0.2
v 0.05 0.35 0.2
v 0.15 0.35 0.2
v 0.25 0.35 0.2
v 0.45 0.35 0.2
v 0.55 0.35 0.2
v 0.65 0.35 0.2
v -0.65 0.35 0.1
v -0.55 0.35 0.1
v -0.45 0.35 0.1
v -0.25 0.35 0.1
v -0.15 0.35 0.1
v -0.05 0.35 0.1
v 0.55 0.35 0.1
v 0.65 0.35 0.1
v -0.55 0.35 0
v -0.45 0.35 0
v -0.25 0.35 0
v -0.15 0.35 0
v 0.05 0.35 0
v 0.25 0.35 0
v 0.35 0.35 0
v 0.45 0.35 0
v 0.55 0.35 0
v -0.55 0.35 -0.1
v -0.45 0.35 -0.1
v -0.35 0.35 -0.1
v -0.05 0.35 -0.1
v 0.15 0.35 -0.1
v 0.35 0.35 -0.1
v 0.45 0.35 -0.1
v 0.55 0.35 -0.1
v -0.45 0.35 -0.2
v -0.35 0.35 -0.2
v -0.25 0.35 -0.2
v -0.15 0.35 -0.2
v -0.05 0.35 -0.2
v 0.15 0.35 -0.2
v 0.25 0.35 -0.2
v 0.35 0.35 -0.2
v 0.45 0.35 -0.2
v -0.35 0.35 -0.3
v -0.25 0.35 -0.3
v -0.15 0.35 -0.3
v -0.05 0.35 -0.3
v 0.15 0.35 -0.3
v 0.25 0.35 -0.3
v 0.35 0.35 -0.3
v -0.15 0.35 -0.4
v -0.05 0.35 -0.4
v 0.05 0.35 -0.4
v 0.15 0.35 -0.4
v -0.15 0.45 -0.8
v 0.05 0.45 -0.8
v 0.15 0.45 -0.8
v -0.15 0.45 -0.9
v 0.05 0.45 -0.9
v 0.15 0.45 -0.9
v -0.15 0.55 -0.6
v 0.05 0.55 -0.6
v 0.15 0.55 -0.6
v 0.05 0.55 -0.7
v 0.15 0.55 -0.7
v -0.15 0.55 -0.8
v 0.05 0.55 -0.8
v 0.15 0.55 -0.8
v -0.15 0.65 -0.5
v -0.05 0.65 -0.5
v 0.05 0.65 -0.5
v 0.15 0.65 -0.5
v -0.15 0.65 -0.6
v 0.05 0.65 -0.6
v 0.15 0.65 -0.6
v -0.25 0.75 1
v -0.15 0.75 1
v 0.05 0.75 1
v 0.25 0.75 1
v -0.45 0.75 0.9
v -0.25 0.75 0.9
v -0.15 0.75 0.9
v 0.05 0.75 0.9
v 0.15 0.75 0.9
v 0.25 0.75 0.9
v 0.35 0.75 0.9
v 0.45 0.75 0.9
v -0.55 0.75 0.8
v -0.45 0.75 0.8
v -0.35 0.75 0.8
v -0.25 0.75 0.8
v -0.15 0.75 0.8
v 0.15 0.75 0.8
v 0.25 0.75 0.8
v 0.35 0.75 0.8
v 0.45 0.75 0.8
v 0.55 0.75 0.8
v -0.65 0.75 0.7
v -0.55 0.75 0.7
v -0.45 0.75 0.7
v -0.35 0.75 0.7
v 0.35 0.75 0.7
v 0.45 0.75 0.7
v 0.55 0.75 0.7
v 0.65 0.75 0.7
v -0.65 0.75 0.6
v -0.55 0.75 0.6
v -0.45 0.75 0.6
v 0.45 0.75 0.6
v 0.55 0.75 0.6
v -0.75 0.75 0.5
v -0.65 0.75 0.5
v -0.55 0.75 0.5
v 0.55 0.75 0.5
v 0.65 0.75 0.5
v 0.75 0.75 0.5
v -0.75 0.75 0.4
v -0.65 0.75 0.4
v -0.55 0.75 0.4
v 0.55 0.75 0.4
v 0.65 0.75 0.4
v 0.75 0.75 0.4
v 0.65 0.75 0.3
v 0.75 0.75 0.3
v -0.75 0.75 0.2
v -0.65 0.75 0.2
v -0.65 0.75 0.1
v -0.55 0.75 0.1
v 0.55 0.75 0.1
v 0.65 0.75 0.1
v 0.75 0.75 0.1
v -0.75 0.75 0
v -0.65 0.75 0
v -0.55 0.75 0
v 0.55 0.75 0
v 0.65 0.75 0
v 0.75 0.75 0
v -0.65 0.75 -0.1
v -0.55 0.75 -0.1
v -0.45 0.75 -0.1
v 0.45 0.75 -0.1
v 0.55 0.75 -0.1
v -0.65 0.75 -0.2
v -0.55 0.75 -0.2
v -0.45 0.75 -0.2
v -0.35 0.75 -0.2
v 0.35 0.75 -0.2
v 0.45 0.75 -0.2
v 0.55 0.75 -0.2
v 0.65 0.75 -0.2
v -0.55 0.75 -0.3
v -0.45 0.75 -0.3
v -0.35 0.75 -0.3
v -0.25 0.75 -0.3
v -0.15 0.75 -0.3
v 0.15 0.75 -0.3
v 0.25 0.75 -0.3
v 0.35 0.75 -0.3
v 0.45 0.75 -0.3
v 0.55 0.75 -0.3
v -0.45 0.75 -0.4
v -0.35 0.75 -0.4
v -0.25 0.75 -0.4
v -0.15 0.75 -0.4
v -0.05 0.75 -0.4
v 0.05 0.75 -0.4
v 0.15 0.75 -0.4
v 0.25 0.75 -0.4
v 0.35 0.75 -0.4
v 0.45 0.75 -0.4
v -0.25 0.75 -0.5
v -0.05 0.75 -0.5
v 0.05 0.75 -0.5
v 0.25 0.75 -0.5

# faces
f 5/1/1 2/1/1 1/1/1
f 6/3/1 3/3/1 2/3/1
f 6/1/1 2/1/1 5/1/1
f 7/1/1 4/1/1 3/1/1
f 8/1/1 4/1/1 7/1/1
f 9/2/1 6/2/1 5/2/1
f 10/3/1 3/3/1 6/3/1
f 10/2/1 6/2/1 9/2/1
f 11/1/1 7/1/1 3/1/1
f 11/3/1 3/3/1 10/3/1
f 12/3/1 8/3/1 7/3/1
f 12/1/1 7/1/1 11/1/1
f 13/3/1 8/3/1 12/3/1
f 14/3/1 8/3/1 13/3/1
f 15/1/1 10/1/1 9/1/1
f 15/1/1 11/1/1 10/1/1
f 16/2/1 12/2/1 11/2/1
f 16/1/1 11/1/1 15/1/1
f 17/3/1 13/3/1 12/3/1
f 17/2/1 12/2/1 16/2/1
f 18/2/1 14/2/1 13/2/1
f 18/3/1 13/3/1 17/3/1
f 19/3/1 16/3/1 15/3/1
f 20/3/1 16/3/1 19/3/1
f 21/2/1 17/2/1 16/2/1
f 21/3/1 16/3/1 20/3/1
f 21/2/1 18/2/1 17/2/1
f 22/2/1 18/2/1 21/2/1
f 23/2/1 14/2/1 18/2/1
f 23/2/1 18/2/1 22/2/1
f 24/2/1 20/2/1 19/2/1
f 25/1/1 22/1/1 21/1/1
f 25/2/1 20/2/1 24/2/1
f 25/1/1 21/1/1 20/1/1
f 26/1/1 22/1/1 25/1/1
f 27/3/1 23/3/1 22/3/1
f 27/1/1 22/1/1 26/1/1
f 28/2/1 14/2/1 23/2/1
f 28/3/1 23/3/1 27/3/1
f 29/1/1 26/1/1 25/1/1
f 29/1/1 25/1/1 24/1/1
f 30/1/1 26/1/1 29/1/1
f 31/2/1 27/2/1 26/2/1
f 31/1/1 26/1/1 30/1/1
f 31/2/1 28/2/1 27/2/1
f 32/2/1 28/2/1 31/2/1
f 33/2/1 14/2/1 28/2/1
f 33/2/1 28/2/1 32/2/1
f 34/3/1 30/3/1 29/3/1
f 34/2/1 31/2/1 30/2/1
f 35/1/1 32/1/1 31/1/1
f 35/2/1 31/2/1 34/2/1
f 36/3/1 33/3/1 32/3/1
f 36/1/1 32/1/1 35/1/1
f 37/3/1 34/3/1 29/3/1
f 38/1/1 35/1/1 34/1/1
f 38/3/1 34/3/1 37/3/1
f 39/3/1 33/3/1 36/3/1
f 39/2/1 36/2/1 35/2/1
f 40/2/1 14/2/1 33/2/1
f 40/3/1 33/3/1 39/3/1
f 41/1/1 38/1/1 37/1/1
f 42/1/1 35/1/1 38/1/1
f 42/1/1 38/1/1 41/1/1
f 43/2/1 39/2/1 35/2/1
f 43/1/1 35/1/1 42/1/1
f 43/2/1 40/2/1 39/2/1
f 44/2/1 14/2/1 40/2/1
f 44/2/1 40/2/1 43/2/1
f 45/3/1 42/3/1 41/3/1
f 46/1/1 43/1/1 42/1/1
f 46/3/1 42/3/1 45/3/1
f 47/3/1 44/3/1 43/3/1
f 47/1/1 43/1/1 46/1/1
f 48/3/1 44/3/1 47/3/1
f 49/2/1 46/2/1 45/2/1
f 49/2/1 47/2/1 46/2/1
f 50/2/1 47/2/1 49/2/1
f 51/1/1 48/1/1 47/1/1
f 51/2/1 47/2/1 50/2/1
f 52/3/1 44/3/1 48/3/1
f 52/1/1 48/1/1 51/1/1
f 53/3/1 44/3/1 52/3/1
f 54/1/1 51/1/1 50/1/1
f 54/3/1 50/3/1 49/3/1
f 55/2/1 52/2/1 51/2/1
f 55/1/1 51/1/1 54/1/1
f 56/1/1 53/1/1 52/1/1
f 56/2/1 52/2/1 55/2/1
f 57/3/1 44/3/1 53/3/1
f 57/1/1 53/1/1 56/1/1
f 58/3/1 44/3/1 57/3/1
f 59/3/1 56/3/1 55/3/1
f 59/3/1 55/3/1 54/3/1
f 59/3/1 54/3/1 49/3/1
f 59/3/1 57/3/1 56/3/1
f 60/3/1 57/3/1 59/3/1
f 61/3/1 57/3/1 60/3/1
f 62/3/1 57/3/1 61/3/1
f 63/2/1 58/2/1 57/2/1
f 63/3/1 57/3/1 62/3/1
f 64/1/1 62/1/1 61/1/1
f 64/2/1 61/2/1 60/2/1
f 65/2/1 63/2/1 62/2/1
f 65/1/1 62/1/1 64/1/1
f 66/2/1 58/2/1 63/2/1
f 66/2/1 63/2/1 65/2/1
f 67/1/1 60/1/1 59/1/1
f 68/2/1 65/2/1 64/2/1
f 68/1/1 60/1/1 67/1/1
f 68/2/1 64/2/1 60/2/1
f 69/1/1 66/1/1 65/1/1
f 69/2/1 65/2/1 68/2/1
f 70/1/1 66/1/1 69/1/1
f 77/3/1 73/3/1 72/3/1
f 78/2/1 75/2/1 74/2/1
f 79/1/1 76/1/1 75/1/1
f 79/2/1 75/2/1 78/2/1
f 80/1/1 76/1/1 79/1/1
f 81/3/1 77/3/1 72/3/1
f 82/3/1 79/3/1 78/3/1
f 82/3/1 80/3/1 79/3/1
f 83/3/1 80/3/1 82/3/1
f 84/1/1 72/1/1 71/1/1
f 85/3/1 81/3/1 72/3/1
f 85/1/1 72/1/1 84/1/1
f 86/3/1 81/3/1 85/3/1
f 87/1/1 83/1/1 82/1/1
f 88/1/1 83/1/1 87/1/1
f 89/2/1 86/2/1 85/2/1
f 89/3/1 85/3/1 84/3/1
f 90/2/1 86/2/1 89/2/1
f 91/2/1 88/2/1 87/2/1
f 91/1/1 87/1/1 82/1/1
f 92/2/1 88/2/1 91/2/1
f 93/3/1 89/3/1 84/3/1
f 94/1/1 90/1/1 89/1/1
f 94/3/1 89/3/1 93/3/1
f 95/1/1 90/1/1 94/1/1
f 96/1/1 91/1/1 82/1/1
f 97/3/1 92/3/1 91/3/1
f 97/1/1 91/1/1 96/1/1
f 98/3/1 92/3/1 97/3/1
f 99/3/1 95/3/1 94/3/1
f 100/1/1 94/1/1 93/1/1
f 101/3/1 99/3/1 94/3/1
f 101/1/1 94/1/1 100/1/1
f 102/3/1 99/3/1 101/3/1
f 103/3/1 97/3/1 96/3/1
f 104/2/1 98/2/1 97/2/1
f 104/3/1 97/3/1 103/3/1
f 105/2/1 98/2/1 104/2/1
f 106/3/1 101/3/1 100/3/1
f 107/1/1 102/1/1 101/1/1
f 107/3/1 101/3/1 106/3/1
f 108/1/1 102/1/1 107/1/1
f 109/1/1 104/1/1 103/1/1
f 109/1/1 105/1/1 104/1/1
f 110/1/1 105/1/1 109/1/1
f 111/1/1 105/1/1 110/1/1
f 112/2/1 107/2/1 106/2/1
f 113/1/1 108/1/1 107/1/1
f 113/2/1 107/2/1 112/2/1
f 114/1/1 108/1/1 113/1/1
f 115/2/1 110/2/1 109/2/1
f 116/3/1 111/3/1 110/3/1
f 116/2/1 110/2/1 115/2/1
f 117/1/1 114/1/1 113/1/1
f 118/1/1 116/1/1 115/1/1
f 119/3/1 111/3/1 116/3/1
f 119/1/1 116/1/1 118/1/1
f 120/3/1 111/3/1 119/3/1
f 121/3/1 113/3/1 112/3/1
f 122/1/1 117/1/1 113/1/1
f 122/3/1 113/3/1 121/3/1
f 123/1/1 117/1/1 122/1/1
f 124/2/1 119/2/1 118/2/1
f 124/2/1 120/2/1 119/2/1
f 125/2/1 120/2/1 124/2/1
f 126/1/1 123/1/1 122/1/1
f 126/1/1 122/1/1 121/1/1
f 127/1/1 123/1/1 126/1/1
f 128/1/1 125/1/1 124/1/1
f 129/1/1 125/1/1 128/1/1
f 130/1/1 123/1/1 127/1/1
f 131/3/1 129/3/1 128/3/1
f 132/3/1 129/3/1 131/3/1
f 133/3/1 129/3/1 132/3/1
f 134/2/1 127/2/1 126/2/1
f 135/1/1 130/1/1 127/1/1
f 135/2/1 127/2/1 134/2/1
f 136/1/1 130/1/1 135/1/1
f 137/2/1 132/2/1 131/2/1
f 138/1/1 133/1/1 132/1/1
f 138/2/1 132/2/1 137/2/1
f 139/1/1 133/1/1 138/1/1
f 140/1/1 135/1/1 134/1/1
f 141/2/1 136/2/1 135/2/1
f 141/1/1 135/1/1 140/1/1
f 142/2/1 136/2/1 141/2/1
f 143/1/1 138/1/1 137/1/1
f 144/3/1 139/3/1 138/3/1
f 144/1/1 138/1/1 143/1/1
f 145/3/1 139/3/1 144/3/1
f 150/3/1 149/3/1 148/3/1
f 151/3/1 149/3/1 150/3/1
f 152/1/1 151/1/1 150/1/1
f 153/1/1 151/1/1 152/1/1
f 154/3/1 147/3/1 146/3/1
f 155/3/1 147/3/1 154/3/1
f 156/2/1 153/2/1 152/2/1
f 157/1/1 155/1/1 154/1/1
f 158/1/1 155/1/1 157/1/1
f 159/2/1 153/2/1 156/2/1
f 160/3/1 158/3/1 157/3/1
f 161/3/1 158/3/1 160/3/1
f 162/2/1 153/2/1 159/2/1
f 163/2/1 153/2/1 162/2/1
f 164/2/1 161/2/1 160/2/1
f 165/2/1 161/2/1 164/2/1
f 166/1/1 163/1/1 162/1/1
f 167/1/1 163/1/1 166/1/1
f 168/3/1 165/3/1 164/3/1
f 169/3/1 165/3/1 168/3/1
f 170/2/1 167/2/1 166/2/1
f 171/2/1 169/2/1 168/2/1
f 172/2/1 167/2/1 170/2/1
f 173/2/1 167/2/1 172/2/1
f 174/1/1 173/1/1 172/1/1
f 175/1/1 173/1/1 174/1/1
f 176/2/1 171/2/1 168/2/1
f 177/2/1 171/2/1 176/2/1
f 178/2/1 175/2/1 174/2/1
f 179/2/1 175/2/1 178/2/1
f 180/3/1 177/3/1 176/3/1
f 181/3/1 179/3/1 178/3/1
f 182/3/1 179/3/1 181/3/1
f 183/3/1 179/3/1 182/3/1
f 184/3/1 180/3/1 176/3/1
f 185/3/1 180/3/1 184/3/1
f 186/2/1 183/2/1 182/2/1
f 187/1/1 185/1/1 184/1/1
f 188/1/1 185/1/1 187/1/1
f 189/2/1 183/2/1 186/2/1
f 190/2/1 183/2/1 189/2/1
f 195/3/1 194/3/1 193/3/1
f 196/3/1 194/3/1 195/3/1
f 197/3/1 192/3/1 191/3/1
f 198/3/1 192/3/1 197/3/1
f 199/2/1 196/2/1 195/2/1
f 200/1/1 198/1/1 197/1/1
f 201/1/1 198/1/1 200/1/1
f 202/2/1 196/2/1 199/2/1
f 203/2/1 196/2/1 202/2/1
f 204/2/1 201/2/1 200/2/1
f 205/1/1 203/1/1 202/1/1
f 206/1/1 203/1/1 205/1/1
f 207/2/1 204/2/1 200/2/1
f 208/2/1 204/2/1 207/2/1
f 209/2/1 206/2/1 205/2/1
f 210/3/1 208/3/1 207/3/1
f 211/3/1 208/3/1 210/3/1
f 212/1/1 211/1/1 210/1/1
f 213/1/1 211/1/1 212/1/1
f 214/2/1 206/2/1 209/2/1
f 215/2/1 206/2/1 214/2/1
f 216/3/1 213/3/1 212/3/1
f 217/1/1 215/1/1 214/1/1
f 218/3/1 216/3/1 212/3/1
f 219/3/1 216/3/1 218/3/1
f 220/1/1 215/1/1 217/1/1
f 221/1/1 215/1/1 220/1/1
f 222/1/1 219/1/1 218/1/1
f 223/1/1 219/1/1 222/1/1
f 224/2/1 221/2/1 220/2/1
f 225/2/1 221/2/1 224/2/1
f 226/3/1 223/3/1 222/3/1
f 227/3/1 223/3/1 226/3/1
f 228/3/1 225/3/1 224/3/1
f 229/3/1 225/3/1 228/3/1
f 230/2/1 229/2/1 228/2/1
f 231/2/1 229/2/1 230/2/1
f 232/1/1 227/1/1 226/1/1
f 233/1/1 227/1/1 232/1/1
f 234/1/1 231/1/1 230/1/1
f 235/1/1 231/1/1 234/1/1
f 236/3/1 233/3/1 232/3/1
f 237/3/1 233/3/1 236/3/1
f 238/2/1 235/2/1 234/2/1
f 239/2/1 235/2/1 238/2/1
f 244/3/1 241/3/1 240/3/1
f 245/2/1 243/2/1 242/2/1
f 246/3/1 244/3/1 240/3/1
f 247/2/1 243/2/1 245/2/1
f 248/2/1 243/2/1 247/2/1
f 249/3/1 248/3/1 247/3/1
f 250/3/1 248/3/1 249/3/1
f 251/3/1 246/3/1 240/3/1
f 252/2/1 250/2/1 249/2/1
f 253/3/1 251/3/1 240/3/1
f 254/2/1 250/2/1 252/2/1
f 255/2/1 250/2/1 254/2/1
f 256/3/1 253/3/1 240/3/1
f 257/3/1 253/3/1 256/3/1
f 258/3/1 255/3/1 254/3/1
f 259/3/1 255/3/1 258/3/1
f 260/2/1 257/2/1 256/2/1
f 261/2/1 257/2/1 260/2/1
f 262/1/1 259/1/1 258/1/1
f 263/1/1 259/1/1 262/1/1
f 264/1/1 261/1/1 260/1/1
f 265/2/1 263/2/1 262/2/1
f 266/2/1 263/2/1 265/2/1
f 267/1/1 264/1/1 260/1/1
f 268/1/1 264/1/1 267/1/1
f 269/1/1 266/1/1 265/1/1
f 270/1/1 266/1/1 269/1/1
f 271/2/1 268/2/1 267/2/1
f 272/2/1 268/2/1 271/2/1
f 273/3/1 270/3/1 269/3/1
f 274/1/1 272/1/1 271/1/1
f 275/1/1 272/1/1 274/1/1
f 276/3/1 270/3/1 273/3/1
f 277/3/1 275/3/1 274/3/1
f 278/3/1 270/3/1 276/3/1
f 279/3/1 277/3/1 274/3/1
f 280/3/1 270/3/1 278/3/1
f 281/3/1 279/3/1 274/3/1
f 282/3/1 279/3/1 281/3/1
f 283/3/1 270/3/1 280/3/1
f 284/3/1 270/3/1 283/3/1
f 287/1/1 286/1/1 285/1/1
f 288/1/1 286/1/1 287/1/1
f 289/1/1 286/1/1 288/1/1
f 291/2/1 288/2/1 287/2/1
f 292/3/1 290/3/1 289/3/1
f 292/2/1 288/2/1 291/2/1
f 292/3/1 289/3/1 288/3/1
f 293/3/1 290/3/1 292/3/1
f 295/3/1 294/3/1 293/3/1
f 295/3/1 293/3/1 292/3/1
f 296/3/1 294/3/1 295/3/1
f 297/3/1 294/3/1 296/3/1
f 298/3/1 294/3/1 297/3/1
f 300/1/1 297/1/1 296/1/1
f 301/3/1 298/3/1 297/3/1
f 301/1/1 297/1/1 300/1/1
f 302/2/1 299/2/1 298/2/1
f 302/3/1 298/3/1 301/3/1
f 303/2/1 299/2/1 302/2/1
f 304/1/1 302/1/1 301/1/1
f 305/3/1 303/3/1 302/3/1
f 305/1/1 302/1/1 304/1/1
f 306/3/1 303/3/1 305/3/1
f 307/3/1 305/3/1 304/3/1
f 307/2/1 306/2/1 305/2/1
f 308/2/1 306/2/1 307/2/1
f 310/3/1 307/3/1 304/3/1
f 310/3/1 308/3/1 307/3/1
f 311/3/1 308/3/1 310/3/1
f 312/3/1 308/3/1 311/3/1
f 315/3/1 310/3/1 309/3/1
f 316/1/1 311/1/1 310/1/1
f 316/3/1 310/3/1 315/3/1
f 317/1/1 311/1/1 316/1/1
f 318/1/1 314/1/1 313/1/1
f 319/3/1 315/3/1 314/3/1
f 319/1/1 314/1/1 318/1/1
f 320/1/1 316/1/1 315/1/1
f 320/3/1 315/3/1 319/3/1
f 321/3/1 317/3/1 316/3/1
f 321/1/1 316/1/1 320/1/1
f 322/3/1 317/3/1 321/3/1
f 323/2/1 319/2/1 318/2/1
f 323/1/1 320/1/1 319/1/1
f 323/1/1 321/1/1 320/1/1
f 324/1/1 321/1/1 323/1/1
f 325/2/1 323/2/1 318/2/1
f 326/2/1 323/2/1 325/2/1
f 331/1/1 328/1/1 327/1/1
f 332/1/1 328/1/1 331/1/1
f 333/2/1 330/2/1 329/2/1
f 334/2/1 332/2/1 331/2/1
f 335/2/1 332/2/1 334/2/1
f 336/2/1 333/2/1 329/2/1
f 337/2/1 333/2/1 336/2/1
f 338/3/1 335/3/1 334/3/1
f 339/3/1 335/3/1 338/3/1
f 340/1/1 337/1/1 336/1/1
f 341/1/1 337/1/1 340/1/1
f 342/1/1 339/1/1 338/1/1
f 343/1/1 339/1/1 342/1/1
f 344/2/1 341/2/1 340/2/1
f 345/2/1 341/2/1 344/2/1
f 350/3/1 347/3/1 346/3/1
f 351/3/1 347/3/1 350/3/1
f 352/2/1 349/2/1 348/2/1
f 353/2/1 349/2/1 352/2/1
f 354/1/1 351/1/1 350/1/1
f 355/1/1 351/1/1 354/1/1
f 356/1/1 353/1/1 352/1/1
f 357/1/1 353/1/1 356/1/1
f 358/3/1 357/3/1 356/3/1
f 359/3/1 355/3/1 354/3/1
f 360/3/1 355/3/1 359/3/1
f 361/3/1 358/3/1 356/3/1
f 362/3/1 358/3/1 361/3/1
f 367/2/1 364/2/1 363/2/1
f 368/2/1 364/2/1 367/2/1
f 369/1/1 366/1/1 365/1/1
f 370/1/1 366/1/1 369/1/1
f 371/3/1 368/3/1 367/3/1
f 372/2/1 370/2/1 369/2/1
f 373/2/1 372/2/1 369/2/1
f 374/2/1 372/2/1 373/2/1
f 375/3/1 368/3/1 371/3/1
f 376/3/1 368/3/1 375/3/1
f 377/1/1 374/1/1 373/1/1
f 378/1/1 374/1/1 377/1/1
f 385/1/1 380/1/1 379/1/1
f 386/2/1 381/2/1 380/2/1
f 386/1/1 380/1/1 385/1/1
f 387/2/1 381/2/1 386/2/1
f 388/1/1 384/1/1 383/1/1
f 388/3/1 383/3/1 382/3/1
f 389/1/1 384/1/1 388/1/1
f 390/3/1 387/3/1 386/3/1
f 390/3/1 386/3/1 385/3/1
f 391/3/1 387/3/1 390/3/1
f 392/3/1 389/3/1 388/3/1
f 392/3/1 388/3/1 382/3/1
f 393/3/1 389/3/1 392/3/1
f 394/3/1 389/3/1 393/3/1
f 395/1/1 394/1/1 393/1/1
f 396/1/1 391/1/1 390/1/1
f 397/3/1 387/3/1 391/3/1
f 397/1/1 391/1/1 396/1/1
f 398/3/1 387/3/1 397/3/1
f 399/2/1 393/2/1 392/2/1
f 400/1/1 395/1/1 393/1/1
f 400/2/1 393/2/1 399/2/1
f 401/1/1 395/1/1 400/1/1
f 406/3/1 403/3/1 402/3/1
f 407/1/1 404/1/1 403/1/1
f 407/3/1 403/3/1 406/3/1
f 408/3/1 405/3/1 404/3/1
f 408/1/1 404/1/1 407/1/1
f 409/3/1 405/3/1 408/3/1
f 410/3/1 408/3/1 407/3/1
f 410/2/1 409/2/1 408/2/1
f 411/2/1 409/2/1 410/2/1
f 412/3/1 410/3/1 407/3/1
f 412/1/1 411/1/1 410/1/1
f 413/1/1 411/1/1 412/1/1
f 414/2/1 407/2/1 406/2/1
f 415/3/1 412/3/1 407/3/1
f 415/2/1 407/2/1 414/2/1
f 415/3/1 413/3/1 412/3/1
f 416/3/1 413/3/1 415/3/1
f 417/1/2 418/1/2 421/1/2
f 418/2/2 419/2/2 422/2/2
f 421/1/2 418/1/2 422/1/2
f 419/1/2 420/1/2 423/1/2
f 422/2/2 419/2/2 423/2/2
f 423/1/2 420/1/2 424/1/2
f 421/3/2 422/3/2 425/3/2
f 422/3/2 423/3/2 425/3/2
f 423/3/2 424/3/2 425/3/2
f 425/3/2 424/3/2 426/3/2
f 426/3/2 424/3/2 427/3/2
f 427/3/2 424/3/2 428/3/2
f 425/2/2 426/2/2 429/2/2
f 426/1/2 427/1/2 430/1/2
f 429/2/2 426/2/2 430/2/2
f 427/2/2 428/2/2 431/2/2
f 430/1/2 427/1/2 431/1/2
f 431/2/2 428/2/2 432/2/2
f 429/2/2 430/2/2 433/2/2
f 430/2/2 431/2/2 433/2/2
f 431/1/2 432/1/2 434/1/2
f 433/2/2 431/2/2 434/2/2
f 434/1/2 432/1/2 435/1/2
f 436/1/2 437/1/2 442/1/2
f 440/1/2 441/1/2 443/1/2
f 439/3/2 440/3/2 443/3/2
f 443/1/2 441/1/2 444/1/2
f 442/1/2 437/1/2 445/1/2
f 437/3/2 438/3/2 446/3/2
f 445/1/2 437/1/2 446/1/2
f 446/3/2 438/3/2 447/3/2
f 439/3/2 443/3/2 448/3/2
f 443/3/2 444/3/2 448/3/2
f 448/3/2 444/3/2 449/3/2
f 445/1/2 446/1/2 450/1/2
f 446/2/2 447/2/2 451/2/2
f 450/1/2 446/1/2 451/1/2
f 451/2/2 447/2/2 452/2/2
f 448/2/2 449/2/2 453/2/2
f 453/2/2 449/2/2 454/2/2
f 454/2/2 449/2/2 455/2/2
f 450/2/2 451/2/2 456/2/2
f 451/3/2 452/3/2 457/3/2
f 456/2/2 451/2/2 457/2/2
f 457/3/2 452/3/2 458/3/2
f 453/3/2 454/3/2 459/3/2
f 454/1/2 455/1/2 460/1/2
f 459/3/2 454/3/2 460/3/2
f 460/1/2 455/1/2 461/1/2
f 462/2/2 463/2/2 466/2/2
f 466/2/2 463/2/2 467/2/2
f 466/3/2 467/3/2 468/3/2
f 468/3/2 467/3/2 469/3/2
f 464/2/2 465/2/2 470/2/2
f 468/2/2 469/2/2 471/2/2
f 471/2/2 469/2/2 472/2/2
f 464/2/2 470/2/2 473/2/2
f 471/3/2 472/3/2 474/3/2
f 474/3/2 472/3/2 475/3/2
f 464/2/2 473/2/2 476/2/2
f 476/2/2 473/2/2 477/2/2
f 478/1/2 479/1/2 482/1/2
f 482/1/2 479/1/2 483/1/2
f 480/2/2 481/2/2 484/2/2
f 482/3/2 483/3/2 485/3/2
f 485/3/2 483/3/2 486/3/2
f 480/2/2 484/2/2 487/2/2
f 487/2/2 484/2/2 488/2/2
f 485/1/2 486/1/2 489/1/2
f 489/1/2 486/1/2 490/1/2
f 487/1/2 488/1/2 491/1/2
f 491/1/2 488/1/2 492/1/2
f 489/3/2 490/3/2 493/3/2
f 493/3/2 490/3/2 494/3/2
f 491/2/2 492/2/2 495/2/2
f 495/2/2 492/2/2 496/2/2
f 497/2/2 498/2/2 501/2/2
f 501/2/2 498/2/2 502/2/2
f 499/1/2 500/1/2 503/1/2
f 501/3/2 502/3/2 504/3/2
f 504/3/2 502/3/2 505/3/2
f 499/1/2 503/1/2 506/1/2
f 506/1/2 503/1/2 507/1/2
f 504/1/2 505/1/2 508/1/2
f 508/1/2 505/1/2 509/1/2
f 506/3/2 507/3/2 510/3/2
f 510/3/2 507/3/2 511/3/2
f 508/2/2 509/2/2 512/2/2
f 512/2/2 509/2/2 513/2/2
f 510/2/2 511/2/2 514/2/2
f 514/2/2 511/2/2 515/2/2
f 516/2/2 517/2/2 519/2/2
f 517/3/2 518/3/2 520/3/2
f 519/2/2 517/2/2 520/2/2
f 520/3/2 518/3/2 521/3/2
f 519/1/2 520/1/2 523/1/2
f 520/3/2 521/3/2 524/3/2
f 523/1/2 520/1/2 524/1/2
f 521/1/2 522/1/2 525/1/2
f 524/3/2 521/3/2 527/3/2
f 521/1/2 525/1/2 528/1/2
f 527/3/2 521/3/2 528/3/2
f 525/2/2 526/2/2 529/2/2
f 528/1/2 525/1/2 529/1/2
f 529/2/2 526/2/2 530/2/2
f 528/2/2 529/2/2 532/2/2
f 530/3/2 531/3/2 533/3/2
f 532/2/2 529/2/2 533/2/2
f 529/3/2 530/3/2 533/3/2
f 533/3/2 531/3/2 534/3/2
f 533/1/2 534/1/2 535/1/2
f 535/1/2 534/1/2 536/1/2
f 536/1/2 534/1/2 537/1/2
f 535/3/2 536/3/2 538/3/2
f 536/2/2 537/2/2 538/2/2
f 538/2/2 537/2/2 539/2/2
f 535/3/2 538/3/2 540/3/2
f 538/3/2 539/3/2 540/3/2
f 540/3/2 539/3/2 541/3/2
f 540/2/2 541/2/2 543/2/2
f 543/2/2 541/2/2 544/2/2
f 544/2/2 541/2/2 545/2/2
f 542/2/2 543/2/2 548/2/2
f 543/1/2 544/1/2 549/1/2
f 548/2/2 543/2/2 549/2/2
f 546/3/2 547/3/2 550/3/2
f 547/1/2 548/1/2 551/1/2
f 550/3/2 547/3/2 551/3/2
f 548/1/2 549/1/2 551/1/2
f 551/1/2 549/1/2 552/1/2
f 549/1/2 544/1/2 553/1/2
f 552/1/2 549/1/2 553/1/2
f 553/1/2 544/1/2 554/1/2
f 550/2/2 551/2/2 555/2/2
f 551/1/2 552/1/2 556/1/2
f 555/2/2 551/2/2 556/2/2
f 552/2/2 553/2/2 557/2/2
f 556/1/2 552/1/2 557/1/2
f 557/2/2 553/2/2 558/2/2
f 555/3/2 556/3/2 559/3/2
f 559/3/2 556/3/2 560/3/2
f 563/1/2 564/1/2 565/1/2
f 565/1/2 564/1/2 566/1/2
f 561/3/2 562/3/2 567/3/2
f 567/3/2 562/3/2 568/3/2
f 565/2/2 566/2/2 569/2/2
f 567/1/2 568/1/2 570/1/2
f 569/2/2 566/2/2 571/2/2
f 571/2/2 566/2/2 572/2/2
f 567/1/2 570/1/2 573/1/2
f 573/1/2 570/1/2 574/1/2
f 571/1/2 572/1/2 575/1/2
f 573/2/2 574/2/2 576/2/2
f 576/2/2 574/2/2 577/2/2
f 575/1/2 572/1/2 578/1/2
f 578/1/2 572/1/2 579/1/2
f 576/3/2 577/3/2 580/3/2
f 580/3/2 577/3/2 581/3/2
f 578/2/2 579/2/2 582/2/2
f 582/2/2 579/2/2 583/2/2
f 580/1/2 581/1/2 584/1/2
f 584/1/2 581/1/2 585/1/2
f 582/3/2 583/3/2 586/3/2
f 586/3/2 583/3/2 587/3/2
f 586/2/2 587/2/2 588/2/2
f 588/2/2 587/2/2 589/2/2
f 584/2/2 585/2/2 590/2/2
f 590/2/2 585/2/2 591/2/2
f 588/3/2 589/3/2 592/3/2
f 592/3/2 589/3/2 593/3/2
f 590/3/2 591/3/2 594/3/2
f 594/3/2 591/3/2 595/3/2
f 593/3/2 589/3/2 596/3/2
f 596/3/2 589/3/2 597/3/2
f 594/1/2 595/1/2 598/1/2
f 596/1/2 597/1/2 599/1/2
f 594/1/2 598/1/2 600/1/2
f 600/1/2 598/1/2 601/1/2
f 599/1/2 597/1/2 602/1/2
f 602/1/2 597/1/2 603/1/2
f 602/2/2 603/2/2 604/2/2
f 604/2/2 603/2/2 605/2/2
f 600/3/2 601/3/2 606/3/2
f 606/3/2 601/3/2 607/3/2
f 604/3/2 605/3/2 608/3/2
f 608/3/2 605/3/2 609/3/2
f 610/3/2 611/3/2 614/3/2
f 612/1/2 613/1/2 615/1/2
f 615/1/2 613/1/2 616/1/2
f 610/3/2 614/3/2 617/3/2
f 617/3/2 614/3/2 618/3/2
f 615/2/2 616/2/2 619/2/2
f 619/2/2 616/2/2 620/2/2
f 617/2/2 618/2/2 621/2/2
f 619/3/2 620/3/2 622/3/2
f 622/3/2 620/3/2 623/3/2
f 617/2/2 621/2/2 624/2/2
f 624/2/2 621/2/2 625/2/2
f 622/2/2 623/2/2 626/2/2
f 626/2/2 623/2/2 627/2/2
f 624/3/2 625/3/2 628/3/2
f 628/3/2 625/3/2 629/3/2
f 626/3/2 627/3/2 630/3/2
f 630/3/2 627/3/2 631/3/2
f 628/1/2 629/1/2 632/1/2
f 632/1/2 629/1/2 633/1/2
f 630/1/2 631/1/2 634/1/2
f 634/1/2 631/1/2 635/1/2
f 632/3/2 633/3/2 636/3/2
f 636/3/2 633/3/2 637/3/2
f 634/3/2 635/3/2 638/3/2
f 638/3/2 635/3/2 639/3/2
f 636/1/2 637/1/2 640/1/2
f 640/1/2 637/1/2 641/1/2
f 640/2/2 641/2/2 642/2/2
f 638/2/2 639/2/2 643/2/2
f 643/2/2 639/2/2 644/2/2
f 640/2/2 642/2/2 645/2/2
f 645/2/2 642/2/2 646/2/2
f 643/3/2 644/3/2 647/3/2
f 647/3/2 644/3/2 648/3/2
f 645/1/2 646/1/2 649/1/2
f 649/1/2 646/1/2 650/1/2
f 647/1/2 648/1/2 651/1/2
f 651/1/2 648/1/2 652/1/2
f 649/3/2 650/3/2 653/3/2
f 653/3/2 650/3/2 654/3/2
f 651/3/2 652/3/2 655/3/2
f 655/3/2 652/3/2 656/3/2
f 653/1/2 654/1/2 657/1/2
f 657/1/2 654/1/2 658/1/2
f 655/2/2 656/2/2 659/2/2
f 657/3/2 658/3/2 660/3/2
f 660/3/2 658/3/2 661/3/2
f 659/2/2 656/2/2 662/2/2
f 662/2/2 656/2/2 663/2/2
f 660/1/2 661/1/2 664/1/2
f 664/1/2 661/1/2 665/1/2
f 662/1/2 663/1/2 666/1/2
f 666/1/2 663/1/2 667/1/2
f 668/2/2 669/2/2 672/2/2
f 672/2/2 669/2/2 673/2/2
f 670/2/2 671/2/2 674/2/2
f 674/2/2 671/2/2 675/2/2
f 672/3/2 673/3/2 676/3/2
f 676/3/2 673/3/2 677/3/2
f 676/2/2 677/2/2 678/2/2
f 678/2/2 677/2/2 679/2/2
f 674/1/2 675/1/2 680/1/2
f 680/1/2 675/1/2 681/1/2
f 678/3/2 679/3/2 682/3/2
f 682/3/2 679/3/2 683/3/2
f 680/3/2 681/3/2 684/3/2
f 684/3/2 681/3/2 685/3/2
f 682/1/2 683/1/2 686/1/2
f 686/1/2 683/1/2 687/1/2
f 684/1/2 685/1/2 688/1/2
f 688/1/2 685/1/2 689/1/2
f 686/3/2 687/3/2 690/3/2
f 690/3/2 687/3/2 691/3/2
f 688/3/2 689/3/2 692/3/2
f 690/2/2 691/2/2 693/2/2
f 693/2/2 691/2/2 694/2/2
f 692/3/2 689/3/2 695/3/2
f 693/3/2 694/3/2 696/3/2
f 696/3/2 694/3/2 697/3/2
f 695/3/2 689/3/2 698/3/2
f 696/1/2 697/1/2 699/1/2
f 698/3/2 689/3/2 700/3/2
f 700/3/2 689/3/2 701/3/2
f 696/1/2 699/1/2 702/1/2
f 700/2/2 701/2/2 703/2/2
f 703/2/2 701/2/2 704/2/2
f 703/1/2 704/1/2 705/1/2
f 705/1/2 704/1/2 706/1/2
f 696/1/2 702/1/2 707/1/2
f 705/3/2 706/3/2 708/3/2
f 708/3/2 706/3/2 709/3/2
f 696/1/2 707/1/2 710/1/2
f 710/1/2 707/1/2 711/1/2
f 708/2/2 709/2/2 712/2/2
f 712/2/2 709/2/2 713/2/2
f 710/2/2 711/2/2 714/2/2
f 714/2/2 711/2/2 715/2/2
f 712/3/2 713/3/2 716/3/2
f 716/3/2 713/3/2 717/3/2
f 718/2/2 719/2/2 723/2/2
f 723/2/2 719/2/2 724/2/2
f 724/2/2 719/2/2 725/2/2
f 720/2/2 721/2/2 726/2/2
f 721/3/2 722/3/2 727/3/2
f 726/2/2 721/2/2 727/2/2
f 727/3/2 722/3/2 728/3/2
f 723/3/2 724/3/2 729/3/2
f 724/1/2 725/1/2 730/1/2
f 729/3/2 724/3/2 730/3/2
f 730/1/2 725/1/2 731/1/2
f 726/1/2 727/1/2 732/1/2
f 727/1/2 728/1/2 732/1/2
f 732/1/2 728/1/2 733/1/2
f 729/2/2 730/2/2 734/2/2
f 730/3/2 731/3/2 735/3/2
f 734/2/2 730/2/2 735/2/2
f 735/3/2 731/3/2 736/3/2
f 732/2/2 733/2/2 737/2/2
f 733/1/2 728/1/2 738/1/2
f 737/2/2 733/2/2 738/2/2
f 738/1/2 728/1/2 739/1/2
f 734/3/2 735/3/2 740/3/2
f 735/2/2 736/2/2 741/2/2
f 740/3/2 735/3/2 741/3/2
f 741/2/2 736/2/2 742/2/2
f 737/1/2 738/1/2 743/1/2
f 738/2/2 739/2/2 744/2/2
f 743/1/2 738/1/2 744/1/2
f 744/2/2 739/2/2 745/2/2
f 741/1/2 742/1/2 746/1/2
f 740/1/2 741/1/2 746/1/2
f 746/1/2 742/1/2 747/1/2
f 743/2/2 744/2/2 748/2/2
f 744/1/2 745/1/2 749/1/2
f 748/2/2 744/2/2 749/2/2
f 746/3/2 747/3/2 750/3/2
f 750/3/2 747/3/2 751/3/2
f 749/1/2 745/1/2 752/1/2
f 748/3/2 749/3/2 752/3/2
f 752/1/2 745/1/2 753/1/2
f 746/3/2 750/3/2 754/3/2
f 750/1/2 751/1/2 755/1/2
f 754/3/2 750/3/2 755/3/2
f 755/1/2 751/1/2 756/1/2
f 748/3/2 752/3/2 757/3/2
f 752/2/2 753/2/2 758/2/2
f 757/3/2 752/3/2 758/3/2
f 758/2/2 753/2/2 759/2/2
f 754/2/2 755/2/2 760/2/2
f 755/1/2 756/1/2 761/1/2
f 760/2/2 755/2/2 761/2/2
f 757/1/2 758/1/2 762/1/2
f 758/3/2 759/3/2 763/3/2
f 762/1/2 758/1/2 763/1/2
f 763/3/2 759/3/2 764/3/2
f 760/3/2 761/3/2 765/3/2
f 761/1/2 756/1/2 766/1/2
f 765/3/2 761/3/2 766/3/2
f 766/1/2 756/1/2 767/1/2
f 762/3/2 763/3/2 768/3/2
f 763/1/2 764/1/2 769/1/2
f 768/3/2 763/3/2 769/3/2
f 769/1/2 764/1/2 770/1/2
f 765/2/2 766/2/2 771/2/2
f 766/3/2 767/3/2 772/3/2
f 771/2/2 766/2/2 772/2/2
f 772/3/2 767/3/2 773/3/2
f 768/1/2 769/1/2 774/1/2
f 769/2/2 770/2/2 775/2/2
f 774/1/2 769/1/2 775/1/2
f 775/2/2 770/2/2 776/2/2
f 771/1/2 772/1/2 777/1/2
f 772/2/2 773/2/2 778/2/2
f 777/1/2 772/1/2 778/1/2
f 778/2/2 773/2/2 779/2/2
f 774/3/2 775/3/2 780/3/2
f 775/3/2 776/3/2 780/3/2
f 780/3/2 776/3/2 781/3/2
f 778/1/2 779/1/2 782/1/2
f 777/3/2 778/3/2 782/3/2
f 782/1/2 779/1/2 783/1/2
f 780/1/2 781/1/2 784/1/2
f 781/3/2 776/3/2 785/3/2
f 784/1/2 781/1/2 785/1/2
f 785/3/2 776/3/2 786/3/2
f 782/3/2 783/3/2 787/3/2
f 777/3/2 782/3/2 787/3/2
f 787/3/2 783/3/2 788/3/2
f 788/3/2 783/3/2 789/3/2
f 784/3/2 785/3/2 790/3/2
f 785/1/2 786/1/2 791/1/2
f 790/3/2 785/3/2 791/3/2
f 791/1/2 786/1/2 792/1/2
f 787/2/2 788/2/2 793/2/2
f 788/1/2 789/1/2 794/1/2
f 793/2/2 788/2/2 794/2/2
f 794/1/2 789/1/2 795/1/2
f 790/1/2 791/1/2 796/1/2
f 791/2/2 792/2/2 797/2/2
f 796/1/2 791/1/2 797/1/2
f 797/2/2 792/2/2 798/2/2
f 794/1/2 795/1/2 799/1/2
f 793/1/2 794/1/2 799/1/2
f 799/1/2 795/1/2 800/1/2
f 797/1/2 798/1/2 801/1/2
f 796/1/2 797/1/2 801/1/2
f 801/1/2 798/1/2 802/1/2
f 803/2/2 804/2/2 808/2/2
f 804/1/2 805/1/2 809/1/2
f 808/2/2 804/2/2 809/2/2
f 805/2/2 806/2/2 810/2/2
f 809/1/2 805/1/2 810/1/2
f 808/1/2 809/1/2 811/1/2
f 809/3/2 810/3/2 812/3/2
f 811/1/2 809/1/2 812/1/2
f 810/2/2 806/2/2 813/2/2
f 812/3/2 810/3/2 813/3/2
f 806/1/2 807/1/2 814/1/2
f 813/2/2 806/2/2 814/2/2
f 814/1/2 807/1/2 815/1/2
f 812/3/2 813/3/2 816/3/2
f 813/3/2 814/3/2 816/3/2
f 814/3/2 815/3/2 816/3/2
f 816/3/2 815/3/2 817/3/2
f 811/2/2 812/2/2 818/2/2
f 812/3/2 816/3/2 819/3/2
f 818/2/2 812/2/2 819/2/2
f 819/3/2 816/3/2 820/3/2
f 820/3/2 816/3/2 821/3/2
f 816/1/2 817/1/2 822/1/2
f 821/3/2 816/3/2 822/3/2
f 822/1/2 817/1/2 823/1/2
f 818/1/2 819/1/2 824/1/2
f 819/3/2 820/3/2 825/3/2
f 824/1/2 819/1/2 825/1/2
f 820/1/2 821/1/2 826/1/2
f 825/3/2 820/3/2 826/3/2
f 821/3/2 822/3/2 827/3/2
f 826/1/2 821/1/2 827/1/2
f 822/2/2 823/2/2 828/2/2
f 827/3/2 822/3/2 828/3/2
f 828/2/2 823/2/2 829/2/2
f 824/3/2 825/3/2 830/3/2
f 825/1/2 826/1/2 831/1/2
f 830/3/2 825/3/2 831/3/2
f 826/2/2 827/2/2 832/2/2
f 827/2/2 828/2/2 832/2/2
f 828/1/2 829/1/2 833/1/2
f 832/2/2 828/2/2 833/2/2
f 830/1/2 831/1/2 834/1/2
f 831/1/2 826/1/2 835/1/2
f 834/1/2 831/1/2 835/1/2
f 826/2/2 832/2/2 835/2/2
f 833/1/2 829/1/2 836/1/2
f 832/1/2 833/1/2 836/1/2
f 836/1/2 829/1/2 837/1/2
f 834/3/2 835/3/2 838/3/2
f 835/2/2 832/2/2 839/2/2
f 838/3/2 835/3/2 839/3/2
f 832/1/2 836/1/2 840/1/2
f 839/2/2 832/2/2 840/2/2
f 836/3/2 837/3/2 841/3/2
f 840/1/2 836/1/2 841/1/2
f 841/3/2 837/3/2 842/3/2
f 834/3/2 838/3/2 843/3/2
f 838/2/2 839/2/2 844/2/2
f 843/3/2 838/3/2 844/3/2
f 839/3/2 840/3/2 845/3/2
f 844/2/2 839/2/2 845/2/2
f 840/3/2 841/3/2 845/3/2
f 841/1/2 842/1/2 846/1/2
f 845/3/2 841/3/2 846/3/2
f 846/1/2 842/1/2 847/1/2
f 845/1/2 846/1/2 848/1/2
f 846/3/2 847/3/2 849/3/2
f 848/1/2 846/1/2 849/1/2
f 843/2/2 844/2/2 850/2/2
f 844/3/2 845/3/2 851/3/2
f 850/2/2 844/2/2 851/2/2
f 849/3/2 847/3/2 852/3/2
f 848/3/2 849/3/2 852/3/2
f 852/3/2 847/3/2 853/3/2
f 850/3/2 851/3/2 854/3/2
f 851/3/2 845/3/2 855/3/2
f 854/3/2 851/3/2 855/3/2
f 845/1/2 848/1/2 855/1/2
f 848/3/2 852/3/2 856/3/2
f 855/1/2 848/1/2 856/1/2
f 852/1/2 853/1/2 857/1/2
f 856/3/2 852/3/2 857/3/2
f 854/2/2 855/2/2 858/2/2
f 858/2/2 855/2/2 859/2/2
f 855/3/2 856/3/2 860/3/2
f 856/2/2 857/2/2 860/2/2
f 857/1/2 853/1/2 861/1/2
f 860/2/2 857/2/2 861/2/2
f 861/1/2 853/1/2 862/1/2
f 858/1/2 859/1/2 863/1/2
f 859/2/2 855/2/2 864/2/2
f 863/1/2 859/1/2 864/1/2
f 855/3/2 860/3/2 865/3/2
f 860/1/2 861/1/2 865/1/2
f 861/3/2 862/3/2 866/3/2
f 865/1/2 861/1/2 866/1/2
f 866/3/2 862/3/2 867/3/2
f 863/3/2 864/3/2 868/3/2
f 864/2/2 855/2/2 869/2/2
f 868/3/2 864/3/2 869/3/2
f 855/3/2 865/3/2 870/3/2
f 869/2/2 855/2/2 870/2/2
f 865/3/2 866/3/2 870/3/2
f 866/1/2 867/1/2 871/1/2
f 870/3/2 866/3/2 871/3/2
f 871/1/2 867/1/2 872/1/2
f 880/3/3 874/3/3 873/3/3
f 881/3/3 874/3/3 880/3/3
f 882/3/3 874/3/3 881/3/3
f 883/2/3 875/2/3 874/2/3
f 883/3/3 874/3/3 882/3/3
f 884/1/3 876/1/3 875/1/3
f 884/2/3 875/2/3 883/2/3
f 885/1/3 876/1/3 884/1/3
f 886/2/3 877/2/3 876/2/3
f 886/1/3 878/1/3 877/1/3
f 887/3/3 879/3/3 878/3/3
f 887/1/3 878/1/3 886/1/3
f 888/3/3 879/3/3 887/3/3
f 889/3/3 879/3/3 888/3/3
f 890/3/3 879/3/3 889/3/3
f 891/3/3 879/3/3 890/3/3
f 892/3/3 882/3/3 881/3/3
f 893/1/3 883/1/3 882/1/3
f 893/3/3 882/3/3 892/3/3
f 894/2/3 885/2/3 884/2/3
f 894/3/3 884/3/3 883/3/3
f 895/1/3 876/1/3 885/1/3
f 895/2/3 885/2/3 894/2/3
f 896/2/3 886/2/3 876/2/3
f 896/1/3 876/1/3 895/1/3
f 896/2/3 887/2/3 886/2/3
f 897/2/3 887/2/3 896/2/3
f 898/3/3 888/3/3 887/3/3
f 898/2/3 887/2/3 897/2/3
f 899/2/3 889/2/3 888/2/3
f 899/3/3 890/3/3 889/3/3
f 900/2/3 891/2/3 890/2/3
f 900/3/3 890/3/3 899/3/3
f 901/2/3 881/2/3 880/2/3
f 902/2/3 881/2/3 901/2/3
f 903/3/3 892/3/3 881/3/3
f 903/2/3 881/2/3 902/2/3
f 904/2/3 893/2/3 892/2/3
f 904/3/3 892/3/3 903/3/3
f 905/1/3 895/1/3 894/1/3
f 905/3/3 894/3/3 883/3/3
f 906/3/3 896/3/3 895/3/3
f 906/1/3 895/1/3 905/1/3
f 907/2/3 897/2/3 896/2/3
f 907/3/3 896/3/3 906/3/3
f 908/3/3 898/3/3 897/3/3
f 908/2/3 897/2/3 907/2/3
f 909/3/3 888/3/3 898/3/3
f 909/3/3 898/3/3 908/3/3
f 910/2/3 891/2/3 900/2/3
f 910/2/3 900/2/3 899/2/3
f 911/2/3 891/2/3 910/2/3
f 912/3/3 902/3/3 901/3/3
f 912/1/3 904/1/3 903/1/3
f 912/1/3 903/1/3 902/1/3
f 913/1/3 904/1/3 912/1/3
f 914/2/3 893/2/3 904/2/3
f 914/1/3 883/1/3 893/1/3
f 915/3/3 906/3/3 905/3/3
f 915/1/3 883/1/3 914/1/3
f 915/3/3 905/3/3 883/3/3
f 916/3/3 906/3/3 915/3/3
f 917/2/3 907/2/3 906/2/3
f 917/3/3 906/3/3 916/3/3
f 918/3/3 908/3/3 907/3/3
f 918/1/3 909/1/3 908/1/3
f 919/3/3 888/3/3 909/3/3
f 919/1/3 909/1/3 918/1/3
f 920/2/3 910/2/3 899/2/3
f 920/3/3 888/3/3 919/3/3
f 920/2/3 899/2/3 888/2/3
f 921/2/3 910/2/3 920/2/3
f 922/3/3 911/3/3 910/3/3
f 922/2/3 910/2/3 921/2/3
f 923/3/3 913/3/3 912/3/3
f 923/3/3 912/3/3 901/3/3
f 924/1/3 904/1/3 913/1/3
f 924/3/3 913/3/3 923/3/3
f 925/2/3 914/2/3 904/2/3
f 925/1/3 904/1/3 924/1/3
f 926/3/3 915/3/3 914/3/3
f 926/2/3 914/2/3 925/2/3
f 927/1/3 916/1/3 915/1/3
f 927/3/3 915/3/3 926/3/3
f 928/2/3 917/2/3 916/2/3
f 928/1/3 916/1/3 927/1/3
f 929/3/3 918/3/3 907/3/3
f 929/2/3 917/2/3 928/2/3
f 929/3/3 919/3/3 918/3/3
f 929/2/3 907/2/3 917/2/3
f 930/1/3 921/1/3 920/1/3
f 930/3/3 919/3/3 929/3/3
f 930/1/3 920/1/3 919/1/3
f 931/3/3 922/3/3 921/3/3
f 931/1/3 921/1/3 930/1/3
f 932/3/3 911/3/3 922/3/3
f 932/3/3 922/3/3 931/3/3
f 944/3/3 934/3/3 933/3/3
f 945/3/3 934/3/3 944/3/3
f 946/1/3 935/1/3 934/1/3
f 946/3/3 934/3/3 945/3/3
f 947/2/3 936/2/3 935/2/3
f 947/1/3 935/1/3 946/1/3
f 948/2/3 936/2/3 947/2/3
f 949/3/3 937/3/3 936/3/3
f 949/2/3 936/2/3 948/2/3
f 950/1/3 938/1/3 937/1/3
f 950/3/3 937/3/3 949/3/3
f 951/3/3 939/3/3 938/3/3
f 951/1/3 938/1/3 950/1/3
f 952/3/3 939/3/3 951/3/3
f 953/1/3 940/1/3 939/1/3
f 953/3/3 939/3/3 952/3/3
f 954/3/3 941/3/3 940/3/3
f 954/1/3 940/1/3 953/1/3
f 955/1/3 942/1/3 941/1/3
f 955/3/3 941/3/3 954/3/3
f 956/1/3 942/1/3 955/1/3
f 957/1/3 945/1/3 944/1/3
f 958/2/3 946/2/3 945/2/3
f 958/1/3 945/1/3 957/1/3
f 959/1/3 948/1/3 947/1/3
f 959/2/3 946/2/3 958/2/3
f 959/1/3 947/1/3 946/1/3
f 960/3/3 949/3/3 948/3/3
f 960/1/3 948/1/3 959/1/3
f 961/2/3 950/2/3 949/2/3
f 961/3/3 949/3/3 960/3/3
f 962/3/3 951/3/3 950/3/3
f 962/2/3 950/2/3 961/2/3
f 963/1/3 952/1/3 951/1/3
f 963/3/3 951/3/3 962/3/3
f 964/2/3 953/2/3 952/2/3
f 964/1/3 952/1/3 963/1/3
f 965/2/3 953/2/3 964/2/3
f 966/1/3 954/1/3 953/1/3
f 966/2/3 953/2/3 965/2/3
f 967/2/3 956/2/3 955/2/3
f 967/1/3 954/1/3 966/1/3
f 967/2/3 955/2/3 954/2/3
f 968/1/3 942/1/3 956/1/3
f 968/2/3 956/2/3 967/2/3
f 969/3/3 943/3/3 942/3/3
f 969/1/3 942/1/3 968/1/3
f 970/3/3 943/3/3 969/3/3
f 983/2/3 972/2/3 971/2/3
f 984/3/3 973/3/3 972/3/3
f 984/2/3 972/2/3 983/2/3
f 985/2/3 974/2/3 973/2/3
f 985/3/3 973/3/3 984/3/3
f 985/2/3 975/2/3 974/2/3
f 986/2/3 975/2/3 985/2/3
f 987/3/3 976/3/3 975/3/3
f 987/2/3 975/2/3 986/2/3
f 988/2/3 977/2/3 976/2/3
f 988/3/3 976/3/3 987/3/3
f 989/1/3 978/1/3 977/1/3
f 989/2/3 977/2/3 988/2/3
f 989/1/3 979/1/3 978/1/3
f 989/1/3 980/1/3 979/1/3
f 990/1/3 980/1/3 989/1/3
f 991/1/3 980/1/3 990/1/3
f 992/1/3 980/1/3 991/1/3
f 993/3/3 981/3/3 980/3/3
f 993/1/3 980/1/3 992/1/3
f 994/2/3 982/2/3 981/2/3
f 994/3/3 981/3/3 993/3/3
f 995/2/3 982/2/3 994/2/3
f 996/2/3 982/2/3 995/2/3
f 997/3/3 984/3/3 983/3/3
f 998/2/3 986/2/3 985/2/3
f 998/3/3 984/3/3 997/3/3
f 998/2/3 985/2/3 984/2/3
f 999/3/3 987/3/3 986/3/3
f 999/2/3 986/2/3 998/2/3
f 1000/1/3 988/1/3 987/1/3
f 1000/3/3 987/3/3 999/3/3
f 1001/3/3 989/3/3 988/3/3
f 1001/1/3 988/1/3 1000/1/3
f 1002/1/3 990/1/3 989/1/3
f 1002/3/3 989/3/3 1001/3/3
f 1003/2/3 991/2/3 990/2/3
f 1003/1/3 990/1/3 1002/1/3
f 1004/1/3 992/1/3 991/1/3
f 1004/2/3 991/2/3 1003/2/3
f 1005/3/3 993/3/3 992/3/3
f 1005/1/3 992/1/3 1004/1/3
f 1006/1/3 994/1/3 993/1/3
f 1006/3/3 993/3/3 1005/3/3
f 1007/3/3 995/3/3 994/3/3
f 1007/1/3 994/1/3 1006/1/3
f 1008/1/3 996/1/3 995/1/3
f 1008/3/3 995/3/3 1007/3/3
f 1009/1/3 996/1/3 1008/1/3
f 1019/3/3 1011/3/3 1010/3/3
f 1020/3/3 1011/3/3 1019/3/3
f 1021/1/3 1012/1/3 1011/1/3
f 1021/3/3 1011/3/3 1020/3/3
f 1022/3/3 1013/3/3 1012/3/3
f 1022/1/3 1012/1/3 1021/1/3
f 1023/2/3 1014/2/3 1013/2/3
f 1023/3/3 1013/3/3 1022/3/3
f 1024/2/3 1014/2/3 1023/2/3
f 1025/3/3 1015/3/3 1014/3/3
f 1025/2/3 1014/2/3 1024/2/3
f 1026/2/3 1016/2/3 1015/2/3
f 1026/3/3 1015/3/3 1025/3/3
f 1027/2/3 1016/2/3 1026/2/3
f 1028/3/3 1017/3/3 1016/3/3
f 1028/2/3 1016/2/3 1027/2/3
f 1029/3/3 1017/3/3 1028/3/3
f 1030/1/3 1018/1/3 1017/1/3
f 1030/3/3 1017/3/3 1029/3/3
f 1031/1/3 1018/1/3 1030/1/3
f 1048/2/3 1033/2/3 1032/2/3
f 1049/3/3 1034/3/3 1033/3/3
f 1049/2/3 1033/2/3 1048/2/3
f 1050/2/3 1035/2/3 1034/2/3
f 1050/3/3 1034/3/3 1049/3/3
f 1051/3/3 1036/3/3 1035/3/3
f 1051/2/3 1035/2/3 1050/2/3
f 1052/1/3 1037/1/3 1036/1/3
f 1052/3/3 1036/3/3 1051/3/3
f 1053/3/3 1038/3/3 1037/3/3
f 1053/1/3 1037/1/3 1052/1/3
f 1053/3/3 1039/3/3 1038/3/3
f 1054/2/3 1040/2/3 1039/2/3
f 1054/3/3 1039/3/3 1053/3/3
f 1055/3/3 1041/3/3 1040/3/3
f 1055/2/3 1040/2/3 1054/2/3
f 1056/1/3 1046/1/3 1045/1/3
f 1056/3/3 1041/3/3 1055/3/3
f 1056/1/3 1042/1/3 1041/1/3
f 1056/1/3 1045/1/3 1044/1/3
f 1056/1/3 1044/1/3 1043/1/3
f 1056/1/3 1043/1/3 1042/1/3
f 1057/2/3 1047/2/3 1046/2/3
f 1057/1/3 1046/1/3 1056/1/3
f 1058/2/3 1047/2/3 1057/2/3
f 1069/1/3 1060/1/3 1059/1/3
f 1070/3/3 1061/3/3 1060/3/3
f 1070/1/3 1060/1/3 1069/1/3
f 1071/3/3 1061/3/3 1070/3/3
f 1072/1/3 1062/1/3 1061/1/3
f 1072/3/3 1061/3/3 1071/3/3
f 1073/3/3 1063/3/3 1062/3/3
f 1073/1/3 1062/1/3 1072/1/3
f 1074/2/3 1064/2/3 1063/2/3
f 1074/3/3 1063/3/3 1073/3/3
f 1075/3/3 1065/3/3 1064/3/3
f 1075/2/3 1064/2/3 1074/2/3
f 1076/1/3 1066/1/3 1065/1/3
f 1076/3/3 1065/3/3 1075/3/3
f 1077/2/3 1067/2/3 1066/2/3
f 1077/1/3 1066/1/3 1076/1/3
f 1078/1/3 1068/1/3 1067/1/3
f 1078/2/3 1067/2/3 1077/2/3
f 1079/1/3 1068/1/3 1078/1/3
f 1094/2/3 1081/2/3 1080/2/3
f 1095/3/3 1082/3/3 1081/3/3
f 1095/2/3 1081/2/3 1094/2/3
f 1096/2/3 1083/2/3 1082/2/3
f 1096/3/3 1082/3/3 1095/3/3
f 1097/3/3 1084/3/3 1083/3/3
f 1097/2/3 1083/2/3 1096/2/3
f 1098/1/3 1085/1/3 1084/1/3
f 1098/3/3 1084/3/3 1097/3/3
f 1099/3/3 1086/3/3 1085/3/3
f 1099/1/3 1085/1/3 1098/1/3
f 1100/2/3 1087/2/3 1086/2/3
f 1100/3/3 1086/3/3 1099/3/3
f 1101/3/3 1088/3/3 1087/3/3
f 1101/2/3 1087/2/3 1100/2/3
f 1102/2/3 1089/2/3 1088/2/3
f 1102/3/3 1088/3/3 1101/3/3
f 1103/1/3 1090/1/3 1089/1/3
f 1103/2/3 1089/2/3 1102/2/3
f 1104/3/3 1091/3/3 1090/3/3
f 1104/1/3 1090/1/3 1103/1/3
f 1105/2/3 1092/2/3 1091/2/3
f 1105/3/3 1091/3/3 1104/3/3
f 1106/1/3 1093/1/3 1092/1/3
f 1106/2/3 1092/2/3 1105/2/3
f 1107/1/3 1093/1/3 1106/1/3
f 1121/1/3 1109/1/3 1108/1/3
f 1122/2/3 1110/2/3 1109/2/3
f 1122/1/3 1109/1/3 1121/1/3
f 1123/1/3 1111/1/3 1110/1/3
f 1123/2/3 1110/2/3 1122/2/3
f 1124/3/3 1112/3/3 1111/3/3
f 1124/1/3 1111/1/3 1123/1/3
f 1125/2/3 1113/2/3 1112/2/3
f 1125/3/3 1112/3/3 1124/3/3
f 1126/1/3 1114/1/3 1113/1/3
f 1126/2/3 1113/2/3 1125/2/3
f 1127/3/3 1115/3/3 1114/3/3
f 1127/1/3 1114/1/3 1126/1/3
f 1128/3/3 1115/3/3 1127/3/3
f 1129/1/3 1116/1/3 1115/1/3
f 1129/3/3 1115/3/3 1128/3/3
f 1130/3/3 1117/3/3 1116/3/3
f 1130/1/3 1116/1/3 1129/1/3
f 1131/2/3 1118/2/3 1117/2/3
f 1131/3/3 1117/3/3 1130/3/3
f 1132/3/3 1119/3/3 1118/3/3
f 1132/2/3 1118/2/3 1131/2/3
f 1133/1/3 1120/1/3 1119/1/3
f 1133/3/3 1119/3/3 1132/3/3
f 1134/1/3 1120/1/3 1133/1/3
f 1135/1/3 1120/1/3 1134/1/3
f 1151/2/3 1137/2/3 1136/2/3
f 1152/1/3 1138/1/3 1137/1/3
f 1152/2/3 1137/2/3 1151/2/3
f 1153/2/3 1139/2/3 1138/2/3
f 1153/1/3 1138/1/3 1152/1/3
f 1153/2/3 1140/2/3 1139/2/3
f 1154/1/3 1141/1/3 1140/1/3
f 1154/2/3 1140/2/3 1153/2/3
f 1155/3/3 1142/3/3 1141/3/3
f 1155/1/3 1141/1/3 1154/1/3
f 1156/1/3 1143/1/3 1142/1/3
f 1156/3/3 1142/3/3 1155/3/3
f 1157/3/3 1144/3/3 1143/3/3
f 1157/1/3 1143/1/3 1156/1/3
f 1158/2/3 1145/2/3 1144/2/3
f 1158/3/3 1144/3/3 1157/3/3
f 1158/2/3 1146/2/3 1145/2/3
f 1159/3/3 1147/3/3 1146/3/3
f 1159/2/3 1146/2/3 1158/2/3
f 1160/2/3 1148/2/3 1147/2/3
f 1160/3/3 1147/3/3 1159/3/3
f 1161/1/3 1149/1/3 1148/1/3
f 1161/2/3 1148/2/3 1160/2/3
f 1162/3/3 1150/3/3 1149/3/3
f 1162/1/3 1149/1/3 1161/1/3
f 1163/3/3 1150/3/3 1162/3/3
f 1169/3/3 1165/3/3 1164/3/3
f 1169/3/3 1166/3/3 1165/3/3
f 1170/2/3 1167/2/3 1166/2/3
f 1170/3/3 1166/3/3 1169/3/3
f 1171/3/3 1168/3/3 1167/3/3
f 1171/2/3 1167/2/3 1170/2/3
f 1172/3/3 1168/3/3 1171/3/3
f 1176/3/3 1174/3/3 1173/3/3
f 1177/3/3 1174/3/3 1176/3/3
f 1178/2/3 1175/2/3 1174/2/3
f 1178/3/3 1174/3/3 1177/3/3
f 1179/2/3 1175/2/3 1178/2/3
f 1180/2/3 1175/2/3 1179/2/3
f 1186/2/3 1182/2/3 1181/2/3
f 1186/2/3 1185/2/3 1184/2/3
f 1186/2/3 1184/2/3 1183/2/3
f 1186/2/3 1183/2/3 1182/2/3
f 1187/2/3 1185/2/3 1186/2/3
f 1192/1/3 1189/1/3 1188/1/3
f 1193/2/3 1190/2/3 1189/2/3
f 1193/1/3 1189/1/3 1192/1/3
f 1194/2/3 1190/2/3 1193/2/3
f 1195/1/3 1191/1/3 1190/1/3
f 1195/2/3 1190/2/3 1194/2/3
f 1196/1/3 1191/1/3 1195/1/3
f 1201/2/3 1198/2/3 1197/2/3
f 1202/1/3 1199/1/3 1198/1/3
f 1202/2/3 1198/2/3 1201/2/3
f 1203/2/3 1200/2/3 1199/2/3
f 1203/1/3 1199/1/3 1202/1/3
f 1204/2/3 1200/2/3 1203/2/3
f 1209/2/3 1206/2/3 1205/2/3
f 1210/1/3 1207/1/3 1206/1/3
f 1210/2/3 1206/2/3 1209/2/3
f 1211/3/3 1208/3/3 1207/3/3
f 1211/1/3 1207/1/3 1210/1/3
f 1212/3/3 1208/3/3 1211/3/3
f 1213/3/3 1208/3/3 1212/3/3
f 1219/2/3 1215/2/3 1214/2/3
f 1220/3/3 1216/3/3 1215/3/3
f 1220/2/3 1215/2/3 1219/2/3
f 1221/2/3 1217/2/3 1216/2/3
f 1221/3/3 1216/3/3 1220/3/3
f 1222/1/3 1218/1/3 1217/1/3
f 1222/2/3 1217/2/3 1221/2/3
f 1223/1/3 1218/1/3 1222/1/3
f 1224/1/3 1221/1/3 1220/1/3
f 1224/1/3 1220/1/3 1219/1/3
f 1225/3/3 1222/3/3 1221/3/3
f 1225/1/3 1221/1/3 1224/1/3
f 1226/2/3 1223/2/3 1222/2/3
f 1226/3/3 1222/3/3 1225/3/3
f 1227/2/3 1223/2/3 1226/2/3
f 1232/2/3 1229/2/3 1228/2/3
f 1233/2/3 1229/2/3 1232/2/3
f 1234/1/3 1230/1/3 1229/1/3
f 1234/2/3 1229/2/3 1233/2/3
f 1235/2/3 1231/2/3 1230/2/3
f 1235/1/3 1230/1/3 1234/1/3
f 1236/2/3 1231/2/3 1235/2/3
f 1237/1/3 1233/1/3 1232/1/3
f 1238/3/3 1234/3/3 1233/3/3
f 1238/1/3 1233/1/3 1237/1/3
f 1239/2/3 1235/2/3 1234/2/3
f 1239/3/3 1234/3/3 1238/3/3
f 1240/3/3 1236/3/3 1235/3/3
f 1240/2/3 1235/2/3 1239/2/3
f 1241/3/3 1236/3/3 1240/3/3
f 1247/2/3 1243/2/3 1242/2/3
f 1248/1/3 1244/1/3 1243/1/3
f 1248/2/3 1243/2/3 1247/2/3
f 1248/1/3 1245/1/3 1244/1/3
f 1249/1/3 1245/1/3 1248/1/3
f 1250/3/3 1246/3/3 1245/3/3
f 1250/1/3 1245/1/3 1249/1/3
f 1251/3/3 1246/3/3 1250/3/3
f 1252/1/3 1248/1/3 1247/1/3
f 1253/2/3 1249/2/3 1248/2/3
f 1253/1/3 1248/1/3 1252/1/3
f 1254/1/3 1250/1/3 1249/1/3
f 1254/2/3 1249/2/3 1253/2/3
f 1255/2/3 1251/2/3 1250/2/3
f 1255/1/3 1250/1/3 1254/1/3
f 1256/2/3 1251/2/3 1255/2/3
f 1257/3/3 1253/3/3 1252/3/3
f 1258/1/3 1254/1/3 1253/1/3
f 1258/3/3 1253/3/3 1257/3/3
f 1259/2/3 1255/2/3 1254/2/3
f 1259/1/3 1254/1/3 1258/1/3
f 1260/3/3 1256/3/3 1255/3/3
f 1260/2/3 1255/2/3 1259/2/3
f 1261/3/3 1256/3/3 1260/3/3
f 1264/3/3 1263/3/3 1262/3/3
f 1265/3/3 1263/3/3 1264/3/3
f 1266/1/3 1265/1/3 1264/1/3
f 1267/1/3 1265/1/3 1266/1/3
f 1268/3/3 1267/3/3 1266/3/3
f 1269/3/3 1267/3/3 1268/3/3
f 1274/1/3 1271/1/3 1270/1/3
f 1275/3/3 1273/3/3 1272/3/3
f 1276/3/3 1273/3/3 1275/3/3
f 1277/1/3 1271/1/3 1274/1/3
f 1278/1/3 1271/1/3 1277/1/3
f 1279/2/3 1276/2/3 1275/2/3
f 1280/2/3 1278/2/3 1277/2/3
f 1281/2/3 1278/2/3 1280/2/3
f 1282/2/3 1279/2/3 1275/2/3
f 1283/2/3 1279/2/3 1282/2/3
f 1287/1/3 1285/1/3 1284/1/3
f 1288/3/3 1286/3/3 1285/3/3
f 1288/1/3 1285/1/3 1287/1/3
f 1289/3/3 1286/3/3 1288/3/3
f 1290/3/3 1288/3/3 1287/3/3
f 1290/3/3 1289/3/3 1288/3/3
f 1291/3/3 1289/3/3 1290/3/3
f 1292/3/3 1289/3/3 1291/3/3
f 1293/3/3 1289/3/3 1292/3/3
f 1294/1/3 1291/1/3 1290/1/3
f 1295/3/3 1292/3/3 1291/3/3
f 1295/1/3 1291/1/3 1294/1/3
f 1296/2/3 1293/2/3 1292/2/3
f 1296/3/3 1292/3/3 1295/3/3
f 1297/2/3 1293/2/3 1296/2/3
f 1298/3/4 1299/3/4 1303/3/4
f 1299/2/4 1300/2/4 1304/2/4
f 1300/3/4 1301/3/4 1304/3/4
f 1301/2/4 1302/2/4 1305/2/4
f 1304/3/4 1301/3/4 1305/3/4
f 1303/3/4 1299/3/4 1306/3/4
f 1305/2/4 1302/2/4 1307/2/4
f 1304/2/4 1305/2/4 1307/2/4
f 1307/2/4 1302/2/4 1308/2/4
f 1306/3/4 1299/3/4 1309/3/4
f 1299/2/4 1304/2/4 1310/2/4
f 1309/3/4 1299/3/4 1310/3/4
f 1304/2/4 1307/2/4 1310/2/4
f 1310/2/4 1307/2/4 1311/2/4
f 1307/3/4 1308/3/4 1312/3/4
f 1311/2/4 1307/2/4 1312/2/4
f 1312/3/4 1308/3/4 1313/3/4
f 1314/2/4 1315/2/4 1319/2/4
f 1315/2/4 1316/2/4 1319/2/4
f 1316/1/4 1317/1/4 1320/1/4
f 1319/2/4 1316/2/4 1320/2/4
f 1317/3/4 1318/3/4 1321/3/4
f 1320/1/4 1317/1/4 1321/1/4
f 1321/3/4 1318/3/4 1322/3/4
f 1314/2/4 1319/2/4 1323/2/4
f 1319/3/4 1320/3/4 1324/3/4
f 1323/2/4 1319/2/4 1324/2/4
f 1320/1/4 1321/1/4 1325/1/4
f 1324/3/4 1320/3/4 1325/3/4
f 1321/2/4 1322/2/4 1326/2/4
f 1325/1/4 1321/1/4 1326/1/4
f 1326/2/4 1322/2/4 1327/2/4
f 1328/1/4 1329/1/4 1333/1/4
f 1329/2/4 1330/2/4 1334/2/4
f 1333/1/4 1329/1/4 1334/1/4
f 1330/3/4 1331/3/4 1335/3/4
f 1334/2/4 1330/2/4 1335/2/4
f 1331/1/4 1332/1/4 1336/1/4
f 1335/3/4 1331/3/4 1336/3/4
f 1336/1/4 1332/1/4 1337/1/4
f 1333/1/4 1334/1/4 1338/1/4
f 1334/3/4 1335/3/4 1339/3/4
f 1338/1/4 1334/1/4 1339/1/4
f 1335/2/4 1336/2/4 1340/2/4
f 1339/3/4 1335/3/4 1340/3/4
f 1336/2/4 1337/2/4 1340/2/4
f 1340/2/4 1337/2/4 1341/2/4
f 1342/1/4 1343/1/4 1347/1/4
f 1343/3/4 1344/3/4 1348/3/4
f 1347/1/4 1343/1/4 1348/1/4
f 1344/1/4 1345/1/4 1349/1/4
f 1348/3/4 1344/3/4 1349/3/4
f 1345/3/4 1346/3/4 1350/3/4
f 1349/1/4 1345/1/4 1350/1/4
f 1350/3/4 1346/3/4 1351/3/4
f 1352/3/4 1353/3/4 1356/3/4
f 1353/1/4 1354/1/4 1357/1/4
f 1356/3/4 1353/3/4 1357/3/4
f 1354/3/4 1355/3/4 1358/3/4
f 1357/1/4 1354/1/4 1358/1/4
f 1358/3/4 1355/3/4 1359/3/4
f 1360/2/4 1361/2/4 1365/2/4
f 1361/3/4 1362/3/4 1366/3/4
f 1365/2/4 1361/2/4 1366/2/4
f 1362/2/4 1363/2/4 1367/2/4
f 1366/3/4 1362/3/4 1367/3/4
f 1363/3/4 1364/3/4 1368/3/4
f 1367/2/4 1363/2/4 1368/2/4
f 1368/3/4 1364/3/4 1369/3/4
f 1370/2/4 1371/2/4 1373/2/4
f 1371/3/4 1372/3/4 1374/3/4
f 1373/2/4 1371/2/4 1374/2/4
f 1374/3/4 1372/3/4 1375/3/4
f 1375/3/4 1372/3/4 1376/3/4
f 1377/3/4 1378/3/4 1382/3/4
f 1378/3/4 1379/3/4 1382/3/4
f 1379/2/4 1380/2/4 1383/2/4
f 1382/3/4 1379/3/4 1383/3/4
f 1380/3/4 1381/3/4 1384/3/4
f 1383/2/4 1380/2/4 1384/2/4
f 1384/3/4 1381/3/4 1385/3/4
f 1386/2/4 1387/2/4 1389/2/4
f 1387/3/4 1388/3/4 1390/3/4
f 1389/2/4 1387/2/4 1390/2/4
f 1390/3/4 1388/3/4 1391/3/4
f 1392/1/4 1393/1/4 1399/1/4
f 1393/3/4 1394/3/4 1400/3/4
f 1399/1/4 1393/1/4 1400/1/4
f 1394/2/4 1395/2/4 1401/2/4
f 1400/3/4 1394/3/4 1401/3/4
f 1401/2/4 1395/2/4 1402/2/4
f 1402/2/4 1395/2/4 1403/2/4
f 1403/2/4 1395/2/4 1404/2/4
f 1395/3/4 1396/3/4 1405/3/4
f 1404/2/4 1395/2/4 1405/2/4
f 1405/3/4 1396/3/4 1406/3/4
f 1406/3/4 1396/3/4 1407/3/4
f 1396/2/4 1397/2/4 1408/2/4
f 1407/3/4 1396/3/4 1408/3/4
f 1408/2/4 1397/2/4 1409/2/4
f 1397/1/4 1398/1/4 1410/1/4
f 1409/2/4 1397/2/4 1410/2/4
f 1410/1/4 1398/1/4 1411/1/4
f 1412/1/4 1413/1/4 1427/1/4
f 1413/1/4 1414/1/4 1427/1/4
f 1414/3/4 1415/3/4 1428/3/4
f 1427/1/4 1414/1/4 1428/1/4
f 1415/1/4 1416/1/4 1429/1/4
f 1428/3/4 1415/3/4 1429/3/4
f 1416/2/4 1417/2/4 1430/2/4
f 1429/1/4 1416/1/4 1430/1/4
f 1417/1/4 1418/1/4 1431/1/4
f 1430/2/4 1417/2/4 1431/2/4
f 1418/3/4 1419/3/4 1432/3/4
f 1431/1/4 1418/1/4 1432/1/4
f 1419/1/4 1420/1/4 1433/1/4
f 1432/3/4 1419/3/4 1433/3/4
f 1420/3/4 1421/3/4 1434/3/4
f 1433/1/4 1420/1/4 1434/1/4
f 1421/3/4 1422/3/4 1434/3/4
f 1423/1/4 1424/1/4 1435/1/4
f 1434/3/4 1422/3/4 1435/3/4
f 1422/1/4 1423/1/4 1435/1/4
f 1424/3/4 1425/3/4 1436/3/4
f 1435/1/4 1424/1/4 1436/1/4
f 1425/1/4 1426/1/4 1437/1/4
f 1436/3/4 1425/3/4 1437/3/4
f 1437/1/4 1426/1/4 1438/1/4
f 1439/1/4 1440/1/4 1453/1/4
f 1440/3/4 1441/3/4 1454/3/4
f 1453/1/4 1440/1/4 1454/1/4
f 1441/1/4 1442/1/4 1455/1/4
f 1454/3/4 1441/3/4 1455/3/4
f 1442/2/4 1443/2/4 1456/2/4
f 1455/1/4 1442/1/4 1456/1/4
f 1443/3/4 1444/3/4 1457/3/4
f 1456/2/4 1443/2/4 1457/2/4
f 1444/2/4 1445/2/4 1458/2/4
f 1457/3/4 1444/3/4 1458/3/4
f 1445/1/4 1446/1/4 1459/1/4
f 1458/2/4 1445/2/4 1459/2/4
f 1446/3/4 1447/3/4 1460/3/4
f 1459/1/4 1446/1/4 1460/1/4
f 1460/3/4 1447/3/4 1461/3/4
f 1447/2/4 1448/2/4 1462/2/4
f 1461/3/4 1447/3/4 1462/3/4
f 1448/1/4 1449/1/4 1463/1/4
f 1462/2/4 1448/2/4 1463/2/4
f 1449/3/4 1450/3/4 1464/3/4
f 1463/1/4 1449/1/4 1464/1/4
f 1450/1/4 1451/1/4 1465/1/4
f 1464/3/4 1450/3/4 1465/3/4
f 1451/3/4 1452/3/4 1466/3/4
f 1465/1/4 1451/1/4 1466/1/4
f 1466/3/4 1452/3/4 1467/3/4
f 1468/3/4 1469/3/4 1482/3/4
f 1469/1/4 1470/1/4 1483/1/4
f 1482/3/4 1469/3/4 1483/3/4
f 1470/2/4 1471/2/4 1484/2/4
f 1483/1/4 1470/1/4 1484/1/4
f 1471/1/4 1472/1/4 1485/1/4
f 1484/2/4 1471/2/4 1485/2/4
f 1472/2/4 1473/2/4 1486/2/4
f 1485/1/4 1472/1/4 1486/1/4
f 1473/3/4 1474/3/4 1487/3/4
f 1486/2/4 1473/2/4 1487/2/4
f 1474/1/4 1475/1/4 1488/1/4
f 1487/3/4 1474/3/4 1488/3/4
f 1475/2/4 1476/2/4 1489/2/4
f 1488/1/4 1475/1/4 1489/1/4
f 1476/3/4 1477/3/4 1490/3/4
f 1489/2/4 1476/2/4 1490/2/4
f 1477/3/4 1478/3/4 1490/3/4
f 1478/1/4 1479/1/4 1491/1/4
f 1490/3/4 1478/3/4 1491/3/4
f 1479/2/4 1480/2/4 1492/2/4
f 1491/1/4 1479/1/4 1492/1/4
f 1480/1/4 1481/1/4 1493/1/4
f 1492/2/4 1480/2/4 1493/2/4
f 1493/1/4 1481/1/4 1494/1/4
f 1495/3/4 1496/3/4 1505/3/4
f 1496/1/4 1497/1/4 1506/1/4
f 1505/3/4 1496/3/4 1506/3/4
f 1497/2/4 1498/2/4 1507/2/4
f 1506/1/4 1497/1/4 1507/1/4
f 1507/2/4 1498/2/4 1508/2/4
f 1508/2/4 1498/2/4 1509/2/4
f 1498/1/4 1499/1/4 1510/1/4
f 1509/2/4 1498/2/4 1510/2/4
f 1499/2/4 1500/2/4 1511/2/4
f 1510/1/4 1499/1/4 1511/1/4
f 1500/1/4 1501/1/4 1512/1/4
f 1511/2/4 1500/2/4 1512/2/4
f 1501/2/4 1502/2/4 1513/2/4
f 1512/1/4 1501/1/4 1513/1/4
f 1502/3/4 1503/3/4 1514/3/4
f 1513/2/4 1502/2/4 1514/2/4
f 1514/3/4 1503/3/4 1515/3/4
f 1503/2/4 1504/2/4 1516/2/4
f 1515/3/4 1503/3/4 1516/3/4
f 1516/2/4 1504/2/4 1517/2/4
f 1517/2/4 1504/2/4 1518/2/4
f 1519/2/4 1520/2/4 1534/2/4
f 1520/1/4 1521/1/4 1535/1/4
f 1534/2/4 1520/2/4 1535/2/4
f 1521/1/4 1522/1/4 1535/1/4
f 1522/3/4 1523/3/4 1536/3/4
f 1535/1/4 1522/1/4 1536/1/4
f 1523/1/4 1524/1/4 1537/1/4
f 1536/3/4 1523/3/4 1537/3/4
f 1524/1/4 1525/1/4 1537/1/4
f 1525/3/4 1526/3/4 1538/3/4
f 1537/1/4 1525/1/4 1538/1/4
f 1526/3/4 1527/3/4 1538/3/4
f 1527/3/4 1528/3/4 1538/3/4
f 1528/2/4 1529/2/4 1539/2/4
f 1538/3/4 1528/3/4 1539/3/4
f 1529/1/4 1530/1/4 1540/1/4
f 1539/2/4 1529/2/4 1540/2/4
f 1530/3/4 1531/3/4 1541/3/4
f 1540/1/4 1530/1/4 1541/1/4
f 1531/2/4 1532/2/4 1542/2/4
f 1541/3/4 1531/3/4 1542/3/4
f 1532/3/4 1533/3/4 1543/3/4
f 1542/2/4 1532/2/4 1543/2/4
f 1543/3/4 1533/3/4 1544/3/4
f 1545/3/4 1546/3/4 1556/3/4
f 1546/2/4 1547/2/4 1556/2/4
f 1556/2/4 1547/2/4 1557/2/4
f 1547/1/4 1548/1/4 1558/1/4
f 1557/2/4 1547/2/4 1558/2/4
f 1548/2/4 1549/2/4 1559/2/4
f 1558/1/4 1548/1/4 1559/1/4
f 1559/2/4 1549/2/4 1560/2/4
f 1549/1/4 1550/1/4 1561/1/4
f 1550/2/4 1551/2/4 1562/2/4
f 1561/1/4 1550/1/4 1562/1/4
f 1551/3/4 1552/3/4 1563/3/4
f 1562/2/4 1551/2/4 1563/2/4
f 1552/2/4 1553/2/4 1564/2/4
f 1563/3/4 1552/3/4 1564/3/4
f 1553/1/4 1554/1/4 1565/1/4
f 1564/2/4 1553/2/4 1565/2/4
f 1554/2/4 1555/2/4 1566/2/4
f 1565/1/4 1554/1/4 1566/1/4
f 1566/2/4 1555/2/4 1567/2/4
f 1545/3/4 1556/3/4 1568/3/4
f 1556/1/4 1557/1/4 1569/1/4
f 1568/3/4 1556/3/4 1569/3/4
f 1557/3/4 1558/3/4 1570/3/4
f 1569/1/4 1557/1/4 1570/1/4
f 1558/3/4 1559/3/4 1570/3/4
f 1570/3/4 1559/3/4 1571/3/4
f 1559/1/4 1560/1/4 1572/1/4
f 1571/3/4 1559/3/4 1572/3/4
f 1572/1/4 1560/1/4 1573/1/4
f 1560/2/4 1549/2/4 1574/2/4
f 1573/1/4 1560/1/4 1574/1/4
f 1549/1/4 1561/1/4 1575/1/4
f 1574/2/4 1549/2/4 1575/2/4
f 1575/1/4 1561/1/4 1576/1/4
f 1561/3/4 1562/3/4 1577/3/4
f 1576/1/4 1561/1/4 1577/1/4
f 1563/2/4 1564/2/4 1578/2/4
f 1577/3/4 1562/3/4 1578/3/4
f 1562/2/4 1563/2/4 1578/2/4
f 1564/3/4 1565/3/4 1579/3/4
f 1578/2/4 1564/2/4 1579/2/4
f 1565/2/4 1566/2/4 1580/2/4
f 1579/3/4 1565/3/4 1580/3/4
f 1566/1/4 1567/1/4 1581/1/4
f 1580/2/4 1566/2/4 1581/2/4
f 1581/1/4 1567/1/4 1582/1/4
f 1583/3/4 1584/3/4 1599/3/4
f 1584/2/4 1585/2/4 1600/2/4
f 1599/3/4 1584/3/4 1600/3/4
f 1588/1/4 1589/1/4 1601/1/4
f 1589/2/4 1590/2/4 1601/2/4
f 1590/1/4 1591/1/4 1602/1/4
f 1601/2/4 1590/2/4 1602/2/4
f 1591/3/4 1592/3/4 1603/3/4
f 1602/1/4 1591/1/4 1603/1/4
f 1592/2/4 1593/2/4 1604/2/4
f 1603/3/4 1592/3/4 1604/3/4
f 1593/3/4 1594/3/4 1605/3/4
f 1604/2/4 1593/2/4 1605/2/4
f 1594/1/4 1595/1/4 1606/1/4
f 1605/3/4 1594/3/4 1606/3/4
f 1595/3/4 1596/3/4 1607/3/4
f 1606/1/4 1595/1/4 1607/1/4
f 1596/2/4 1597/2/4 1608/2/4
f 1607/3/4 1596/3/4 1608/3/4
f 1597/3/4 1598/3/4 1609/3/4
f 1608/2/4 1597/2/4 1609/2/4
f 1609/3/4 1598/3/4 1610/3/4
f 1599/1/4 1600/1/4 1611/1/4
f 1600/2/4 1585/2/4 1612/2/4
f 1611/1/4 1600/1/4 1612/1/4
f 1585/3/4 1586/3/4 1613/3/4
f 1612/2/4 1585/2/4 1613/2/4
f 1586/2/4 1587/2/4 1614/2/4
f 1613/3/4 1586/3/4 1614/3/4
f 1587/3/4 1588/3/4 1615/3/4
f 1614/2/4 1587/2/4 1615/2/4
f 1588/1/4 1601/1/4 1616/1/4
f 1615/3/4 1588/3/4 1616/3/4
f 1601/3/4 1602/3/4 1617/3/4
f 1616/1/4 1601/1/4 1617/1/4
f 1602/2/4 1603/2/4 1618/2/4
f 1617/3/4 1602/3/4 1618/3/4
f 1603/2/4 1604/2/4 1618/2/4
f 1604/3/4 1605/3/4 1619/3/4
f 1618/2/4 1604/2/4 1619/2/4
f 1605/1/4 1606/1/4 1620/1/4
f 1619/3/4 1605/3/4 1620/3/4
f 1606/3/4 1607/3/4 1621/3/4
f 1620/1/4 1606/1/4 1621/1/4
f 1607/2/4 1608/2/4 1622/2/4
f 1621/3/4 1607/3/4 1622/3/4
f 1608/2/4 1609/2/4 1622/2/4
f 1609/1/4 1610/1/4 1623/1/4
f 1622/2/4 1609/2/4 1623/2/4
f 1623/1/4 1610/1/4 1624/1/4
f 1625/2/4 1626/2/4 1634/2/4
f 1634/2/4 1626/2/4 1635/2/4
f 1626/3/4 1627/3/4 1636/3/4
f 1635/2/4 1626/2/4 1636/2/4
f 1627/2/4 1628/2/4 1637/2/4
f 1636/3/4 1627/3/4 1637/3/4
f 1637/2/4 1628/2/4 1638/2/4
f 1628/3/4 1629/3/4 1639/3/4
f 1638/2/4 1628/2/4 1639/2/4
f 1629/1/4 1630/1/4 1640/1/4
f 1639/3/4 1629/3/4 1640/3/4
f 1630/2/4 1631/2/4 1641/2/4
f 1631/1/4 1632/1/4 1641/1/4
f 1632/3/4 1633/3/4 1642/3/4
f 1641/1/4 1632/1/4 1642/1/4
f 1642/3/4 1633/3/4 1643/3/4
f 1643/3/4 1633/3/4 1644/3/4
f 1644/3/4 1633/3/4 1645/3/4
f 1645/3/4 1633/3/4 1646/3/4
f 1634/3/4 1635/3/4 1647/3/4
f 1635/2/4 1636/2/4 1648/2/4
f 1647/3/4 1635/3/4 1648/3/4
f 1648/2/4 1636/2/4 1649/2/4
f 1638/1/4 1639/1/4 1650/1/4
f 1639/1/4 1640/1/4 1650/1/4
f 1640/1/4 1630/1/4 1651/1/4
f 1650/1/4 1640/1/4 1651/1/4
f 1630/2/4 1641/2/4 1652/2/4
f 1651/1/4 1630/1/4 1652/1/4
f 1641/2/4 1642/2/4 1652/2/4
f 1652/2/4 1642/2/4 1653/2/4
f 1642/3/4 1643/3/4 1654/3/4
f 1653/2/4 1642/2/4 1654/2/4
f 1643/1/4 1644/1/4 1655/1/4
f 1654/3/4 1643/3/4 1655/3/4
f 1655/1/4 1644/1/4 1656/1/4
f 1646/3/4 1633/3/4 1657/3/4
f 1657/3/4 1633/3/4 1658/3/4
f 1648/2/4 1649/2/4 1659/2/4
f 1647/2/4 1648/2/4 1659/2/4
f 1659/2/4 1649/2/4 1660/2/4
f 1650/1/4 1651/1/4 1661/1/4
f 1661/1/4 1651/1/4 1662/1/4
f 1651/3/4 1652/3/4 1663/3/4
f 1662/1/4 1651/1/4 1663/1/4
f 1652/2/4 1653/2/4 1664/2/4
f 1663/3/4 1652/3/4 1664/3/4
f 1655/3/4 1656/3/4 1665/3/4
f 1664/2/4 1653/2/4 1665/2/4
f 1653/3/4 1654/3/4 1665/3/4
f 1654/3/4 1655/3/4 1665/3/4
f 1665/3/4 1656/3/4 1666/3/4
f 1657/2/4 1658/2/4 1667/2/4
f 1667/2/4 1658/2/4 1668/2/4
f 1647/2/4 1659/2/4 1669/2/4
f 1659/1/4 1660/1/4 1670/1/4
f 1669/2/4 1659/2/4 1670/2/4
f 1670/1/4 1660/1/4 1671/1/4
f 1661/1/4 1662/1/4 1673/1/4
f 1662/3/4 1663/3/4 1674/3/4
f 1673/1/4 1662/1/4 1674/1/4
f 1663/1/4 1664/1/4 1675/1/4
f 1674/3/4 1663/3/4 1675/3/4
f 1664/1/4 1665/1/4 1675/1/4
f 1675/1/4 1665/1/4 1676/1/4
f 1665/2/4 1666/2/4 1677/2/4
f 1676/1/4 1665/1/4 1677/1/4
f 1677/2/4 1666/2/4 1678/2/4
f 1667/3/4 1668/3/4 1681/3/4
f 1669/1/4 1670/1/4 1682/1/4
f 1671/2/4 1672/2/4 1683/2/4
f 1682/1/4 1670/1/4 1683/1/4
f 1670/2/4 1671/2/4 1683/2/4
f 1673/1/4 1674/1/4 1684/1/4
f 1683/2/4 1672/2/4 1684/2/4
f 1672/1/4 1673/1/4 1684/1/4
f 1674/2/4 1675/2/4 1685/2/4
f 1684/1/4 1674/1/4 1685/1/4
f 1675/3/4 1676/3/4 1686/3/4
f 1685/2/4 1675/2/4 1686/2/4
f 1676/2/4 1677/2/4 1687/2/4
f 1686/3/4 1676/3/4 1687/3/4
f 1677/3/4 1678/3/4 1688/3/4
f 1687/2/4 1677/2/4 1688/2/4
f 1679/1/4 1680/1/4 1689/1/4
f 1688/3/4 1678/3/4 1689/3/4
f 1678/1/4 1679/1/4 1689/1/4
f 1680/2/4 1681/2/4 1690/2/4
f 1689/1/4 1680/1/4 1690/1/4
f 1681/3/4 1668/3/4 1691/3/4
f 1690/2/4 1681/2/4 1691/2/4
f 1691/3/4 1668/3/4 1692/3/4
f 1693/2/4 1694/2/4 1695/2/4
f 1695/2/4 1694/2/4 1696/2/4
f 1695/3/4 1696/3/4 1697/3/4
f 1697/3/4 1696/3/4 1698/3/4
f 1699/1/4 1700/1/4 1701/1/4
f 1699/1/4 1701/1/4 1702/1/4
f 1702/1/4 1701/1/4 1703/1/4
f 1702/3/4 1703/3/4 1704/3/4
f 1704/3/4 1703/3/4 1705/3/4
f 1706/3/4 1707/3/4 1710/3/4
f 1710/3/4 1707/3/4 1711/3/4
f 1710/1/4 1711/1/4 1712/1/4
f 1708/1/4 1709/1/4 1713/1/4
f 1713/1/4 1709/1/4 1714/1/4
f 1710/1/4 1712/1/4 1715/1/4
f 1715/1/4 1712/1/4 1716/1/4
f 1713/2/4 1714/2/4 1717/2/4
f 1717/2/4 1714/2/4 1718/2/4
f 1721/1/4 1722/1/4 1724/1/4
f 1722/3/4 1723/3/4 1725/3/4
f 1724/1/4 1722/1/4 1725/1/4
f 1719/3/4 1720/3/4 1726/3/4
f 1726/3/4 1720/3/4 1727/3/4
f 1724/3/4 1725/3/4 1728/3/4
f 1725/3/4 1723/3/4 1729/3/4
f 1728/3/4 1725/3/4 1729/3/4
f 1726/2/4 1727/2/4 1730/2/4
f 1730/2/4 1727/2/4 1731/2/4
f 1728/1/4 1729/1/4 1732/1/4
f 1732/1/4 1729/1/4 1733/1/4
f 1735/3/4 1736/3/4 1739/3/4
f 1736/2/4 1737/2/4 1739/2/4
f 1737/3/4 1738/3/4 1740/3/4
f 1739/2/4 1737/2/4 1740/2/4
f 1734/2/4 1735/2/4 1741/2/4
f 1735/3/4 1739/3/4 1742/3/4
f 1741/2/4 1735/2/4 1742/2/4
f 1742/3/4 1739/3/4 1743/3/4
f 1739/1/4 1740/1/4 1744/1/4
f 1743/3/4 1739/3/4 1744/3/4
f 1740/3/4 1738/3/4 1745/3/4
f 1744/1/4 1740/1/4 1745/1/4
f 1745/3/4 1738/3/4 1746/3/4
f 1741/3/4 1742/3/4 1747/3/4
f 1742/1/4 1743/1/4 1748/1/4
f 1747/3/4 1742/3/4 1748/3/4
f 1743/2/4 1744/2/4 1749/2/4
f 1748/1/4 1743/1/4 1749/1/4
f 1744/3/4 1745/3/4 1750/3/4
f 1749/2/4 1744/2/4 1750/2/4
f 1745/2/4 1746/2/4 1751/2/4
f 1750/3/4 1745/3/4 1751/3/4
f 1751/2/4 1746/2/4 1752/2/4
f 1759/3/5 1754/3/5 1753/3/5
f 1760/2/5 1755/2/5 1754/2/5
f 1760/3/5 1754/3/5 1759/3/5
f 1761/2/5 1755/2/5 1760/2/5
f 1762/3/5 1756/3/5 1755/3/5
f 1763/3/5 1756/3/5 1762/3/5
f 1767/3/5 1758/3/5 1757/3/5
f 1768/1/5 1759/1/5 1758/1/5
f 1768/1/5 1760/1/5 1759/1/5
f 1768/3/5 1758/3/5 1767/3/5
f 1768/1/5 1761/1/5 1760/1/5
f 1769/1/5 1761/1/5 1768/1/5
f 1770/2/5 1755/2/5 1761/2/5
f 1770/1/5 1761/1/5 1769/1/5
f 1771/3/5 1762/3/5 1755/3/5
f 1771/2/5 1755/2/5 1770/2/5
f 1772/1/5 1763/1/5 1762/1/5
f 1772/3/5 1762/3/5 1771/3/5
f 1773/2/5 1764/2/5 1763/2/5
f 1773/1/5 1763/1/5 1772/1/5
f 1774/3/5 1765/3/5 1764/3/5
f 1774/2/5 1764/2/5 1773/2/5
f 1775/3/5 1765/3/5 1774/3/5
f 1778/3/5 1767/3/5 1766/3/5
f 1778/3/5 1768/3/5 1767/3/5
f 1779/2/5 1769/2/5 1768/2/5
f 1779/3/5 1768/3/5 1778/3/5
f 1780/1/5 1770/1/5 1769/1/5
f 1780/2/5 1769/2/5 1779/2/5
f 1781/1/5 1770/1/5 1780/1/5
f 1782/3/5 1773/3/5 1772/3/5
f 1782/1/5 1770/1/5 1781/1/5
f 1782/3/5 1772/3/5 1771/3/5
f 1782/3/5 1771/3/5 1770/3/5
f 1783/3/5 1773/3/5 1782/3/5
f 1784/1/5 1775/1/5 1774/1/5
f 1784/3/5 1773/3/5 1783/3/5
f 1784/1/5 1774/1/5 1773/1/5
f 1785/1/5 1775/1/5 1784/1/5
f 1786/2/5 1776/2/5 1775/2/5
f 1786/1/5 1775/1/5 1785/1/5
f 1787/2/5 1776/2/5 1786/2/5
f 1789/1/5 1778/1/5 1777/1/5
f 1790/2/5 1779/2/5 1778/2/5
f 1790/1/5 1778/1/5 1789/1/5
f 1791/2/5 1779/2/5 1790/2/5
f 1792/3/5 1780/3/5 1779/3/5
f 1792/2/5 1779/2/5 1791/2/5
f 1793/1/5 1781/1/5 1780/1/5
f 1793/3/5 1780/3/5 1792/3/5
f 1794/2/5 1782/2/5 1781/2/5
f 1794/1/5 1781/1/5 1793/1/5
f 1795/3/5 1783/3/5 1782/3/5
f 1795/2/5 1782/2/5 1794/2/5
f 1796/2/5 1784/2/5 1783/2/5
f 1796/3/5 1783/3/5 1795/3/5
f 1797/2/5 1784/2/5 1796/2/5
f 1798/3/5 1785/3/5 1784/3/5
f 1798/2/5 1784/2/5 1797/2/5
f 1799/2/5 1786/2/5 1785/2/5
f 1799/3/5 1785/3/5 1798/3/5
f 1800/3/5 1787/3/5 1786/3/5
f 1800/2/5 1786/2/5 1799/2/5
f 1801/2/5 1788/2/5 1787/2/5
f 1801/3/5 1787/3/5 1800/3/5
f 1803/3/5 1791/3/5 1790/3/5
f 1803/3/5 1790/3/5 1789/3/5
f 1804/3/5 1791/3/5 1803/3/5
f 1805/1/5 1792/1/5 1791/1/5
f 1805/3/5 1791/3/5 1804/3/5
f 1806/2/5 1794/2/5 1793/2/5
f 1806/1/5 1792/1/5 1805/1/5
f 1806/2/5 1793/2/5 1792/2/5
f 1807/1/5 1797/1/5 1796/1/5
f 1807/2/5 1794/2/5 1806/2/5
f 1807/1/5 1795/1/5 1794/1/5
f 1807/1/5 1796/1/5 1795/1/5
f 1808/1/5 1797/1/5 1807/1/5
f 1809/3/5 1798/3/5 1797/3/5
f 1809/2/5 1799/2/5 1798/2/5
f 1810/1/5 1800/1/5 1799/1/5
f 1810/2/5 1799/2/5 1809/2/5
f 1810/1/5 1801/1/5 1800/1/5
f 1811/1/5 1801/1/5 1810/1/5
f 1812/2/5 1788/2/5 1801/2/5
f 1812/1/5 1801/1/5 1811/1/5
f 1813/2/5 1788/2/5 1812/2/5
f 1815/1/5 1803/1/5 1802/1/5
f 1816/2/5 1804/2/5 1803/2/5
f 1816/1/5 1803/1/5 1815/1/5
f 1817/1/5 1806/1/5 1805/1/5
f 1817/2/5 1804/2/5 1816/2/5
f 1817/1/5 1805/1/5 1804/1/5
f 1818/1/5 1806/1/5 1817/1/5
f 1819/3/5 1808/3/5 1807/3/5
f 1819/1/5 1806/1/5 1818/1/5
f 1819/3/5 1807/3/5 1806/3/5
f 1820/3/5 1808/3/5 1819/3/5
f 1821/3/5 1808/3/5 1820/3/5
f 1822/1/5 1797/1/5 1808/1/5
f 1822/3/5 1808/3/5 1821/3/5
f 1823/3/5 1809/3/5 1797/3/5
f 1823/1/5 1810/1/5 1809/1/5
f 1824/2/5 1811/2/5 1810/2/5
f 1824/1/5 1810/1/5 1823/1/5
f 1825/3/5 1813/3/5 1812/3/5
f 1825/2/5 1811/2/5 1824/2/5
f 1825/3/5 1812/3/5 1811/3/5
f 1826/3/5 1813/3/5 1825/3/5
f 1827/2/5 1814/2/5 1813/2/5
f 1827/3/5 1813/3/5 1826/3/5
f 1828/2/5 1814/2/5 1827/2/5
f 1829/3/5 1816/3/5 1815/3/5
f 1830/2/5 1818/2/5 1817/2/5
f 1830/3/5 1816/3/5 1829/3/5
f 1830/2/5 1817/2/5 1816/2/5
f 1831/2/5 1818/2/5 1830/2/5
f 1832/1/5 1820/1/5 1819/1/5
f 1832/2/5 1818/2/5 1831/2/5
f 1832/1/5 1819/1/5 1818/1/5
f 1833/3/5 1821/3/5 1820/3/5
f 1833/1/5 1820/1/5 1832/1/5
f 1834/1/5 1822/1/5 1821/1/5
f 1834/3/5 1821/3/5 1833/3/5
f 1835/1/5 1822/1/5 1834/1/5
f 1836/1/5 1797/1/5 1822/1/5
f 1836/1/5 1822/1/5 1835/1/5
f 1836/3/5 1823/3/5 1797/3/5
f 1836/3/5 1824/3/5 1823/3/5
f 1836/3/5 1825/3/5 1824/3/5
f 1837/3/5 1825/3/5 1836/3/5
f 1838/2/5 1826/2/5 1825/2/5
f 1838/3/5 1825/3/5 1837/3/5
f 1839/3/5 1827/3/5 1826/3/5
f 1839/2/5 1826/2/5 1838/2/5
f 1840/1/5 1828/1/5 1827/1/5
f 1840/3/5 1827/3/5 1839/3/5
f 1841/1/5 1828/1/5 1840/1/5
f 1842/2/5 1832/2/5 1831/2/5
f 1842/2/5 1833/2/5 1832/2/5
f 1842/1/5 1831/1/5 1830/1/5
f 1842/1/5 1830/1/5 1829/1/5
f 1843/2/5 1833/2/5 1842/2/5
f 1844/1/5 1835/1/5 1834/1/5
f 1844/2/5 1833/2/5 1843/2/5
f 1844/1/5 1834/1/5 1833/1/5
f 1845/1/5 1835/1/5 1844/1/5
f 1846/2/5 1836/2/5 1835/2/5
f 1846/1/5 1835/1/5 1845/1/5
f 1847/2/5 1836/2/5 1846/2/5
f 1848/3/5 1837/3/5 1836/3/5
f 1848/2/5 1836/2/5 1847/2/5
f 1849/1/5 1838/1/5 1837/1/5
f 1849/3/5 1837/3/5 1848/3/5
f 1849/1/5 1839/1/5 1838/1/5
f 1850/1/5 1839/1/5 1849/1/5
f 1851/2/5 1841/2/5 1840/2/5
f 1851/3/5 1840/3/5 1839/3/5
f 1852/2/5 1841/2/5 1851/2/5
f 1853/1/5 1843/1/5 1842/1/5
f 1853/1/5 1842/1/5 1829/1/5
f 1854/1/5 1843/1/5 1853/1/5
f 1855/3/5 1844/3/5 1843/3/5
f 1855/1/5 1843/1/5 1854/1/5
f 1856/3/5 1844/3/5 1855/3/5
f 1857/1/5 1845/1/5 1844/1/5
f 1857/3/5 1844/3/5 1856/3/5
f 1858/3/5 1846/3/5 1845/3/5
f 1858/1/5 1845/1/5 1857/1/5
f 1859/2/5 1847/2/5 1846/2/5
f 1859/3/5 1846/3/5 1858/3/5
f 1860/3/5 1848/3/5 1847/3/5
f 1860/2/5 1847/2/5 1859/2/5
f 1860/3/5 1849/3/5 1848/3/5
f 1861/3/5 1849/3/5 1860/3/5
f 1862/3/5 1849/3/5 1861/3/5
f 1863/2/5 1850/2/5 1849/2/5
f 1863/3/5 1849/3/5 1862/3/5
f 1864/1/5 1839/1/5 1850/1/5
f 1864/2/5 1850/2/5 1863/2/5
f 1865/3/5 1851/3/5 1839/3/5
f 1865/1/5 1839/1/5 1864/1/5
f 1866/1/5 1852/1/5 1851/1/5
f 1866/3/5 1851/3/5 1865/3/5
f 1867/1/5 1853/1/5 1829/1/5
f 1868/2/5 1854/2/5 1853/2/5
f 1868/1/5 1853/1/5 1867/1/5
f 1869/1/5 1855/1/5 1854/1/5
f 1869/2/5 1854/2/5 1868/2/5
f 1870/2/5 1856/2/5 1855/2/5
f 1870/1/5 1855/1/5 1869/1/5
f 1871/3/5 1857/3/5 1856/3/5
f 1871/2/5 1856/2/5 1870/2/5
f 1872/2/5 1859/2/5 1858/2/5
f 1872/3/5 1857/3/5 1871/3/5
f 1872/2/5 1858/2/5 1857/2/5
f 1873/2/5 1859/2/5 1872/2/5
f 1874/3/5 1860/3/5 1859/3/5
f 1874/2/5 1861/2/5 1860/2/5
f 1875/3/5 1862/3/5 1861/3/5
f 1875/2/5 1861/2/5 1874/2/5
f 1876/2/5 1863/2/5 1862/2/5
f 1876/3/5 1862/3/5 1875/3/5
f 1877/1/5 1865/1/5 1864/1/5
f 1877/2/5 1863/2/5 1876/2/5
f 1877/1/5 1866/1/5 1865/1/5
f 1877/1/5 1864/1/5 1863/1/5
f 1878/1/5 1852/1/5 1866/1/5
f 1878/1/5 1866/1/5 1877/1/5
f 1879/1/5 1852/1/5 1878/1/5
f 1880/2/5 1870/2/5 1869/2/5
f 1880/2/5 1869/2/5 1868/2/5
f 1881/1/5 1871/1/5 1870/1/5
f 1881/2/5 1870/2/5 1880/2/5
f 1881/1/5 1872/1/5 1871/1/5
f 1882/1/5 1872/1/5 1881/1/5
f 1883/3/5 1873/3/5 1872/3/5
f 1883/1/5 1872/1/5 1882/1/5
f 1884/2/5 1859/2/5 1873/2/5
f 1884/3/5 1873/3/5 1883/3/5
f 1885/3/5 1875/3/5 1874/3/5
f 1885/2/5 1859/2/5 1884/2/5
f 1885/3/5 1874/3/5 1859/3/5
f 1886/2/5 1876/2/5 1875/2/5
f 1886/3/5 1875/3/5 1885/3/5
f 1887/1/5 1877/1/5 1876/1/5
f 1887/2/5 1876/2/5 1886/2/5
f 1888/2/5 1878/2/5 1877/2/5
f 1888/1/5 1877/1/5 1887/1/5
f 1889/2/5 1878/2/5 1888/2/5
f 1890/2/5 1878/2/5 1889/2/5
f 1891/1/5 1881/1/5 1880/1/5
f 1891/1/5 1882/1/5 1881/1/5
f 1892/1/5 1882/1/5 1891/1/5
f 1893/3/5 1885/3/5 1884/3/5
f 1893/1/5 1882/1/5 1892/1/5
f 1893/3/5 1884/3/5 1883/3/5
f 1893/3/5 1883/3/5 1882/3/5
f 1894/3/5 1885/3/5 1893/3/5
f 1895/1/5 1886/1/5 1885/1/5
f 1895/3/5 1885/3/5 1894/3/5
f 1895/1/5 1887/1/5 1886/1/5
f 1896/2/5 1888/2/5 1887/2/5
f 1896/1/5 1887/1/5 1895/1/5
f 1897/1/5 1889/1/5 1888/1/5
f 1897/2/5 1888/2/5 1896/2/5
f 1898/1/5 1889/1/5 1897/1/5
f 1899/3/5 1890/3/5 1889/3/5
f 1899/1/5 1889/1/5 1898/1/5
f 1900/3/5 1890/3/5 1899/3/5
f 1901/3/5 1894/3/5 1893/3/5
f 1901/3/5 1893/3/5 1892/3/5
f 1902/3/5 1894/3/5 1901/3/5
f 1903/2/5 1896/2/5 1895/2/5
f 1903/3/5 1894/3/5 1902/3/5
f 1903/2/5 1895/2/5 1894/2/5
f 1904/2/5 1896/2/5 1903/2/5
f 1905/2/5 1896/2/5 1904/2/5
f 1906/2/5 1896/2/5 1905/2/5
f 1907/3/5 1897/3/5 1896/3/5
f 1907/2/5 1896/2/5 1906/2/5
f 1908/2/5 1899/2/5 1898/2/5
f 1908/1/5 1898/1/5 1897/1/5
f 1909/2/5 1899/2/5 1908/2/5
f 1910/3/5 1903/3/5 1902/3/5
f 1911/3/5 1903/3/5 1910/3/5
f 1912/1/5 1904/1/5 1903/1/5
f 1912/3/5 1903/3/5 1911/3/5
f 1913/2/5 1905/2/5 1904/2/5
f 1913/1/5 1904/1/5 1912/1/5
f 1914/1/5 1906/1/5 1905/1/5
f 1914/2/5 1905/2/5 1913/2/5
f 1915/3/5 1907/3/5 1906/3/5
f 1915/1/5 1906/1/5 1914/1/5
f 1916/3/5 1897/3/5 1907/3/5
f 1916/3/5 1907/3/5 1915/3/5
f 1917/1/5 1908/1/5 1897/1/5
f 1917/3/5 1897/3/5 1916/3/5
f 1918/1/5 1908/1/5 1917/1/5
f 1919/2/5 1912/2/5 1911/2/5
f 1920/3/5 1913/3/5 1912/3/5
f 1920/2/5 1912/2/5 1919/2/5
f 1921/2/5 1915/2/5 1914/2/5
f 1921/3/5 1913/3/5 1920/3/5
f 1921/2/5 1914/2/5 1913/2/5
f 1922/1/5 1916/1/5 1915/1/5
f 1922/2/5 1915/2/5 1921/2/5
f 1923/1/5 1916/1/5 1922/1/5
f 1928/1/5 1925/1/5 1924/1/5
f 1928/3/5 1926/3/5 1925/3/5
f 1929/2/5 1927/2/5 1926/2/5
f 1929/3/5 1926/3/5 1928/3/5
f 1930/2/5 1927/2/5 1929/2/5
f 1931/1/5 1928/1/5 1924/1/5
f 1931/1/5 1929/1/5 1928/1/5
f 1932/3/5 1930/3/5 1929/3/5
f 1932/1/5 1929/1/5 1931/1/5
f 1933/3/5 1930/3/5 1932/3/5
f 1938/3/5 1935/3/5 1934/3/5
f 1939/1/5 1937/1/5 1936/1/5
f 1939/3/5 1935/3/5 1938/3/5
f 1939/1/5 1936/1/5 1935/1/5
f 1940/1/5 1937/1/5 1939/1/5
f 1945/3/5 1942/3/5 1941/3/5
f 1945/3/5 1943/3/5 1942/3/5
f 1946/2/5 1944/2/5 1943/2/5
f 1946/3/5 1943/3/5 1945/3/5
f 1947/2/5 1944/2/5 1946/2/5
f 1951/2/5 1949/2/5 1948/2/5
f 1952/3/5 1950/3/5 1949/3/5
f 1952/2/5 1949/2/5 1951/2/5
f 1953/3/5 1950/3/5 1952/3/5
f 1957/3/5 1955/3/5 1954/3/5
f 1958/2/5 1956/2/5 1955/2/5
f 1958/3/5 1955/3/5 1957/3/5
f 1959/2/5 1956/2/5 1958/2/5
f 1960/2/5 1956/2/5 1959/2/5
f 1965/1/5 1962/1/5 1961/1/5
f 1966/3/5 1964/3/5 1963/3/5
f 1966/1/5 1962/1/5 1965/1/5
f 1966/3/5 1963/3/5 1962/3/5
f 1967/3/5 1964/3/5 1966/3/5
f 1968/3/5 1964/3/5 1967/3/5
f 1969/3/5 1966/3/5 1965/3/5
f 1970/2/5 1967/2/5 1966/2/5
f 1970/3/5 1966/3/5 1969/3/5
f 1971/1/5 1968/1/5 1967/1/5
f 1971/2/5 1967/2/5 1970/2/5
f 1972/1/5 1968/1/5 1971/1/5
f 1973/2/6 1974/2/6 1977/2/6
f 1974/3/6 1975/3/6 1978/3/6
f 1977/2/6 1974/2/6 1978/2/6
f 1975/1/6 1976/1/6 1979/1/6
f 1978/3/6 1975/3/6 1979/3/6
f 1979/1/6 1976/1/6 1980/1/6
f 1981/3/6 1982/3/6 1985/3/6
f 1982/1/6 1983/1/6 1986/1/6
f 1985/3/6 1982/3/6 1986/3/6
f 1983/3/6 1984/3/6 1987/3/6
f 1986/1/6 1983/1/6 1987/1/6
f 1987/3/6 1984/3/6 1988/3/6
f 1989/1/6 1990/1/6 1992/1/6
f 1992/1/6 1990/1/6 1993/1/6
f 1990/2/6 1991/2/6 1994/2/6
f 1993/1/6 1990/1/6 1994/1/6
f 1994/2/6 1991/2/6 1995/2/6
f 1996/3/6 1997/3/6 2000/3/6
f 1997/3/6 1998/3/6 2000/3/6
f 1998/2/6 1999/2/6 2001/2/6
f 2000/3/6 1998/3/6 2001/3/6
f 2001/2/6 1999/2/6 2002/2/6
f 2003/4/6 2004/4/6 2008/4/6
f 2004/5/6 2005/5/6 2009/5/6
f 2008/4/6 2004/4/6 2009/4/6
f 2005/4/6 2006/4/6 2010/4/6
f 2009/5/6 2005/5/6 2010/5/6
f 2010/4/6 2006/4/6 2011/4/6
f 2007/5/6 2008/5/6 2015/5/6
f 2008/4/6 2009/4/6 2016/4/6
f 2009/4/6 2010/4/6 2016/4/6
f 2015/5/6 2008/5/6 2016/5/6
f 2016/4/6 2010/4/6 2017/4/6
f 2012/5/6 2013/5/6 2018/5/6
f 2014/4/6 2015/4/6 2021/4/6
f 2015/4/6 2016/4/6 2021/4/6
f 2021/4/6 2016/4/6 2022/4/6
f 2022/4/6 2016/4/6 2023/4/6
f 2017/4/6 2010/4/6 2024/4/6
f 2016/5/6 2017/5/6 2024/5/6
f 2010/5/6 2011/5/6 2025/5/6
f 2024/4/6 2010/4/6 2025/4/6
f 2011/4/6 2012/4/6 2026/4/6
f 2025/5/6 2011/5/6 2026/5/6
f 2012/5/6 2018/5/6 2027/5/6
f 2026/4/6 2012/4/6 2027/4/6
f 2018/4/6 2019/4/6 2028/4/6
f 2027/5/6 2018/5/6 2028/5/6
f 2028/4/6 2019/4/6 2029/4/6
f 2020/4/6 2021/4/6 2031/4/6
f 2021/4/6 2022/4/6 2031/4/6
f 2031/4/6 2022/4/6 2032/4/6
f 2022/5/6 2023/5/6 2033/5/6
f 2032/4/6 2022/4/6 2033/4/6
f 2023/4/6 2016/4/6 2034/4/6
f 2033/5/6 2023/5/6 2034/5/6
f 2026/5/6 2027/5/6 2035/5/6
f 2024/5/6 2025/5/6 2035/5/6
f 2025/5/6 2026/5/6 2035/5/6
f 2029/4/6 2030/4/6 2036/4/6
f 2035/5/6 2027/5/6 2036/5/6
f 2028/4/6 2029/4/6 2036/4/6
f 2027/4/6 2028/4/6 2036/4/6
f 2036/4/6 2030/4/6 2037/4/6
f 2037/4/6 2030/4/6 2038/4/6
f 2031/5/6 2032/5/6 2040/5/6
f 2032/4/6 2033/4/6 2041/4/6
f 2033/4/6 2034/4/6 2041/4/6
f 2040/5/6 2032/5/6 2041/5/6
f 2041/4/6 2034/4/6 2042/4/6
f 2034/4/6 2016/4/6 2043/4/6
f 2042/4/6 2034/4/6 2043/4/6
f 2016/5/6 2024/5/6 2044/5/6
f 2043/4/6 2016/4/6 2044/4/6
f 2024/5/6 2035/5/6 2044/5/6
f 2044/5/6 2035/5/6 2045/5/6
f 2035/4/6 2036/4/6 2046/4/6
f 2045/5/6 2035/5/6 2046/5/6
f 2036/4/6 2037/4/6 2046/4/6
f 2046/4/6 2037/4/6 2047/4/6
f 2047/4/6 2037/4/6 2048/4/6
f 2037/5/6 2038/5/6 2049/5/6
f 2048/4/6 2037/4/6 2049/4/6
f 2049/5/6 2038/5/6 2050/5/6
f 2039/5/6 2040/5/6 2052/5/6
f 2041/4/6 2042/4/6 2053/4/6
f 2052/5/6 2040/5/6 2053/5/6
f 2040/4/6 2041/4/6 2053/4/6
f 2053/4/6 2042/4/6 2054/4/6
f 2044/4/6 2045/4/6 2055/4/6
f 2043/4/6 2044/4/6 2055/4/6
f 2045/5/6 2046/5/6 2056/5/6
f 2055/4/6 2045/4/6 2056/4/6
f 2046/5/6 2047/5/6 2056/5/6
f 2050/5/6 2051/5/6 2057/5/6
f 2049/5/6 2050/5/6 2057/5/6
f 2048/5/6 2049/5/6 2057/5/6
f 2047/4/6 2048/4/6 2057/4/6
f 2057/5/6 2051/5/6 2058/5/6
f 2058/5/6 2051/5/6 2059/5/6
f 2052/4/6 2053/4/6 2060/4/6
f 2053/5/6 2054/5/6 2061/5/6
f 2060/4/6 2053/4/6 2061/4/6
f 2054/4/6 2042/4/6 2062/4/6
f 2061/5/6 2054/5/6 2062/5/6
f 2042/5/6 2043/5/6 2063/5/6
f 2062/4/6 2042/4/6 2063/4/6
f 2056/5/6 2047/5/6 2064/5/6
f 2055/5/6 2056/5/6 2064/5/6
f 2064/5/6 2047/5/6 2065/5/6
f 2065/5/6 2047/5/6 2066/5/6
f 2047/4/6 2057/4/6 2067/4/6
f 2066/5/6 2047/5/6 2067/5/6
f 2057/4/6 2058/4/6 2067/4/6
f 2058/5/6 2059/5/6 2068/5/6
f 2067/4/6 2058/4/6 2068/4/6
f 2068/5/6 2059/5/6 2069/5/6
f 2069/5/6 2059/5/6 2070/5/6
f 2061/5/6 2062/5/6 2071/5/6
f 2062/5/6 2063/5/6 2071/5/6
f 2060/5/6 2061/5/6 2071/5/6
f 2071/5/6 2063/5/6 2072/5/6
f 2072/5/6 2063/5/6 2073/5/6
f 2063/5/6 2043/5/6 2074/5/6
f 2073/5/6 2063/5/6 2074/5/6
f 2043/4/6 2055/4/6 2074/4/6
f 2055/5/6 2064/5/6 2075/5/6
f 2074/4/6 2055/4/6 2075/4/6
f 2064/4/6 2065/4/6 2076/4/6
f 2075/5/6 2064/5/6 2076/5/6
f 2069/4/6 2070/4/6 2077/4/6
f 2068/5/6 2069/5/6 2077/5/6
f 2067/5/6 2068/5/6 2077/5/6
f 2077/4/6 2070/4/6 2078/4/6
f 2072/5/6 2073/5/6 2079/5/6
f 2073/4/6 2074/4/6 2080/4/6
f 2079/5/6 2073/5/6 2080/5/6
f 2074/5/6 2075/5/6 2081/5/6
f 2080/4/6 2074/4/6 2081/4/6
f 2075/4/6 2076/4/6 2082/4/6
f 2081/5/6 2075/5/6 2082/5/6
f 2076/4/6 2065/4/6 2083/4/6
f 2082/4/6 2076/4/6 2083/4/6
f 2065/5/6 2066/5/6 2083/5/6
f 2067/5/6 2077/5/6 2084/5/6
f 2066/4/6 2067/4/6 2084/4/6
f 2084/5/6 2077/5/6 2085/5/6
f 2085/5/6 2077/5/6 2086/5/6
f 2086/5/6 2077/5/6 2087/5/6
f 2079/4/6 2080/4/6 2088/4/6
f 2080/5/6 2081/5/6 2089/5/6
f 2088/4/6 2080/4/6 2089/4/6
f 2089/5/6 2081/5/6 2090/5/6
f 2082/5/6 2083/5/6 2091/5/6
f 2083/5/6 2066/5/6 2092/5/6
f 2091/5/6 2083/5/6 2092/5/6
f 2066/4/6 2084/4/6 2092/4/6
f 2084/4/6 2085/4/6 2092/4/6
f 2085/5/6 2086/5/6 2093/5/6
f 2092/4/6 2085/4/6 2093/4/6
f 2086/4/6 2087/4/6 2094/4/6
f 2093/5/6 2086/5/6 2094/5/6
f 2094/4/6 2087/4/6 2095/4/6
f 2089/4/6 2090/4/6 2096/4/6
f 2090/5/6 2081/5/6 2097/5/6
f 2096/4/6 2090/4/6 2097/4/6
f 2081/4/6 2082/4/6 2098/4/6
f 2097/5/6 2081/5/6 2098/5/6
f 2082/5/6 2091/5/6 2099/5/6
f 2098/4/6 2082/4/6 2099/4/6
f 2091/4/6 2092/4/6 2100/4/6
f 2099/5/6 2091/5/6 2100/5/6
f 2092/5/6 2093/5/6 2101/5/6
f 2100/4/6 2092/4/6 2101/4/6
f 2101/5/6 2093/5/6 2102/5/6
f 2093/4/6 2094/4/6 2103/4/6
f 2102/5/6 2093/5/6 2103/5/6
f 2103/4/6 2094/4/6 2104/4/6
f 2097/4/6 2098/4/6 2105/4/6
f 2098/5/6 2099/5/6 2106/5/6
f 2105/4/6 2098/4/6 2106/4/6
f 2099/4/6 2100/4/6 2107/4/6
f 2106/5/6 2099/5/6 2107/5/6
f 2101/5/6 2102/5/6 2108/5/6
f 2107/4/6 2100/4/6 2108/4/6
f 2100/5/6 2101/5/6 2108/5/6
f 2108/5/6 2102/5/6 2109/5/6
f 2102/4/6 2103/4/6 2110/4/6
f 2109/5/6 2102/5/6 2110/5/6
f 2110/4/6 2103/4/6 2111/4/6
f 2107/5/6 2108/5/6 2112/5/6
f 2108/4/6 2109/4/6 2113/4/6
f 2112/5/6 2108/5/6 2113/5/6
f 2113/4/6 2109/4/6 2114/4/6
f 2114/4/6 2109/4/6 2115/4/6
f 2116/3/6 2117/3/6 2119/3/6
f 2117/1/6 2118/1/6 2120/1/6
f 2119/3/6 2117/3/6 2120/3/6
f 2120/1/6 2118/1/6 2121/1/6
f 2122/1/6 2123/1/6 2125/1/6
f 2123/1/6 2124/1/6 2125/1/6
f 2125/1/6 2124/1/6 2126/1/6
f 2122/1/6 2125/1/6 2127/1/6
f 2125/2/6 2126/2/6 2128/2/6
f 2127/1/6 2125/1/6 2128/1/6
f 2128/2/6 2126/2/6 2129/2/6
f 2130/2/6 2131/2/6 2134/2/6
f 2131/2/6 2132/2/6 2134/2/6
f 2132/3/6 2133/3/6 2135/3/6
f 2134/2/6 2132/2/6 2135/2/6
f 2135/3/6 2133/3/6 2136/3/6
f 2137/3/6 2138/3/6 2142/3/6
f 2138/2/6 2139/2/6 2143/2/6
f 2142/3/6 2138/3/6 2143/3/6
f 2139/3/6 2140/3/6 2144/3/6
f 2143/2/6 2139/2/6 2144/2/6
f 2144/3/6 2140/3/6 2145/3/6
f 2145/3/6 2140/3/6 2146/3/6
f 2141/3/6 2142/3/6 2150/3/6
f 2150/3/6 2142/3/6 2151/3/6
f 2142/2/6 2143/2/6 2152/2/6
f 2151/3/6 2142/3/6 2152/3/6
f 2152/2/6 2143/2/6 2153/2/6
f 2145/1/6 2146/1/6 2154/1/6
f 2146/2/6 2147/2/6 2155/2/6
f 2154/1/6 2146/1/6 2155/1/6
f 2147/1/6 2148/1/6 2156/1/6
f 2155/2/6 2147/2/6 2156/2/6
f 2156/1/6 2148/1/6 2157/1/6
f 2149/1/6 2150/1/6 2160/1/6
f 2150/3/6 2151/3/6 2161/3/6
f 2160/1/6 2150/1/6 2161/1/6
f 2161/3/6 2151/3/6 2162/3/6
f 2156/3/6 2157/3/6 2163/3/6
f 2157/2/6 2158/2/6 2164/2/6
f 2163/3/6 2157/3/6 2164/3/6
f 2164/2/6 2158/2/6 2165/2/6
f 2159/1/6 2160/1/6 2167/1/6
f 2160/3/6 2161/3/6 2168/3/6
f 2167/1/6 2160/1/6 2168/1/6
f 2168/3/6 2161/3/6 2169/3/6
f 2164/3/6 2165/3/6 2170/3/6
f 2165/1/6 2166/1/6 2171/1/6
f 2170/3/6 2165/3/6 2171/3/6
f 2167/2/6 2168/2/6 2173/2/6
f 2173/2/6 2168/2/6 2174/2/6
f 2171/1/6 2166/1/6 2175/1/6
f 2175/1/6 2166/1/6 2176/1/6
f 2172/1/6 2173/1/6 2178/1/6
f 2173/3/6 2174/3/6 2179/3/6
f 2178/1/6 2173/1/6 2179/1/6
f 2179/3/6 2174/3/6 2180/3/6
f 2176/3/6 2177/3/6 2181/3/6
f 2175/3/6 2176/3/6 2181/3/6
f 2181/3/6 2177/3/6 2182/3/6
f 2182/3/6 2177/3/6 2183/3/6
f 2182/2/6 2183/2/6 2184/2/6
f 2184/2/6 2183/2/6 2185/2/6
f 2178/2/6 2179/2/6 2186/2/6
f 2186/2/6 2179/2/6 2187/2/6
f 2186/1/6 2187/1/6 2188/1/6
f 2184/3/6 2185/3/6 2191/3/6
f 2191/3/6 2185/3/6 2192/3/6
f 2186/1/6 2188/1/6 2193/1/6
f 2188/3/6 2189/3/6 2194/3/6
f 2193/1/6 2188/1/6 2194/1/6
f 2194/3/6 2189/3/6 2195/3/6
f 2190/2/6 2191/2/6 2196/2/6
f 2191/1/6 2192/1/6 2197/1/6
f 2196/2/6 2191/2/6 2197/2/6
f 2197/1/6 2192/1/6 2198/1/6
f 2194/1/6 2195/1/6 2199/1/6
f 2199/1/6 2195/1/6 2200/1/6
f 2196/1/6 2197/1/6 2203/1/6
f 2199/3/6 2200/3/6 2204/3/6
f 2200/2/6 2201/2/6 2205/2/6
f 2204/3/6 2200/3/6 2205/3/6
f 2205/2/6 2201/2/6 2206/2/6
f 2202/1/6 2203/1/6 2209/1/6
f 2203/1/6 2197/1/6 2210/1/6
f 2209/1/6 2203/1/6 2210/1/6
f 2210/1/6 2197/1/6 2211/1/6
f 2206/2/6 2207/2/6 2212/2/6
f 2205/2/6 2206/2/6 2212/2/6
f 2212/2/6 2207/2/6 2213/2/6
f 2213/2/6 2207/2/6 2214/2/6
f 2208/3/6 2209/3/6 2219/3/6
f 2209/3/6 2210/3/6 2219/3/6
f 2219/3/6 2210/3/6 2220/3/6
f 2220/3/6 2210/3/6 2221/3/6
f 2213/2/6 2214/2/6 2222/2/6
f 2214/1/6 2215/1/6 2223/1/6
f 2222/2/6 2214/2/6 2223/2/6
f 2215/2/6 2216/2/6 2224/2/6
f 2223/1/6 2215/1/6 2224/1/6
f 2224/2/6 2216/2/6 2225/2/6
f 2217/2/6 2218/2/6 2228/2/6
f 2218/3/6 2219/3/6 2229/3/6
f 2228/2/6 2218/2/6 2229/2/6
f 2219/1/6 2220/1/6 2230/1/6
f 2229/3/6 2219/3/6 2230/3/6
f 2230/1/6 2220/1/6 2231/1/6
f 2224/3/6 2225/3/6 2232/3/6
f 2225/3/6 2226/3/6 2232/3/6
f 2226/2/6 2227/2/6 2233/2/6
f 2232/3/6 2226/3/6 2233/3/6
f 2228/3/6 2229/3/6 2234/3/6
f 2233/2/6 2227/2/6 2234/2/6
f 2227/3/6 2228/3/6 2234/3/6
f 2234/3/6 2229/3/6 2235/3/6
