# MagicaVoxel @ Ephtracy

# group
o 

# material
mtllib spaceship_inside-19.mtl
usemtl palette

# normals
vn -1 0 0
vn 1 0 0
vn 0 0 1
vn 0 0 -1
vn 0 -1 0
vn 0 1 0

# texcoords
vt 0.00585938 0.5
vt 0.990234 0.5

# verts
v -2.8 -0.05 1
v -2.8 -0.05 0.9
v -2.8 0.05 1
v -2.8 0.05 0.9
v -2.7 -0.05 0.9
v -2.7 -0.05 0.8
v -2.7 0.05 0.9
v -2.7 0.05 0.8
v -2.6 -0.05 1.1
v -2.6 -0.05 1
v -2.6 -0.05 0.8
v -2.6 -0.05 0.7
v -2.6 0.05 1.1
v -2.6 0.05 1
v -2.6 0.05 0.8
v -2.6 0.05 0.7
v -2.5 -0.05 1.2
v -2.5 -0.05 1.1
v -2.5 -0.05 0.7
v -2.5 -0.05 0.6
v -2.5 0.05 1.2
v -2.5 0.05 1.1
v -2.5 0.05 0.7
v -2.5 0.05 0.6
v -2.4 -0.05 1.3
v -2.4 -0.05 1.2
v -2.4 -0.05 0.6
v -2.4 -0.05 0.5
v -2.4 0.05 1.3
v -2.4 0.05 1.2
v -2.4 0.05 0.6
v -2.4 0.05 0.5
v -2.3 -0.05 1.4
v -2.3 -0.05 1.3
v -2.3 -0.05 0.5
v -2.3 -0.05 0.3
v -2.3 0.05 1.4
v -2.3 0.05 1.3
v -2.3 0.05 0.5
v -2.3 0.05 0.3
v -2.2 -0.05 1.5
v -2.2 -0.05 1.4
v -2.2 -0.05 0.3
v -2.2 -0.05 0.2
v -2.2 0.05 1.5
v -2.2 0.05 1.4
v -2.2 0.05 0.3
v -2.2 0.05 0.2
v -2.1 -0.05 0.2
v -2.1 -0.05 0.0999999
v -2.1 0.05 0.2
v -2.1 0.05 0.0999999
v -2 -0.05 1.6
v -2 -0.05 1.5
v -2 -0.05 0.0999999
v -2 -0.05 0
v -2 0.05 1.6
v -2 0.05 1.5
v -2 0.05 0.0999999
v -2 0.05 0
v -1.9 -0.05 1.7
v -1.9 -0.05 1.6
v -1.9 -0.05 0
v -1.9 -0.05 -0.1
v -1.9 0.05 1.7
v -1.9 0.05 1.6
v -1.9 0.05 0
v -1.9 0.05 -0.1
v -1.8 -0.05 1.8
v -1.8 -0.05 1.7
v -1.8 -0.05 -0.1
v -1.8 -0.05 -0.2
v -1.8 0.05 1.8
v -1.8 0.05 1.7
v -1.8 0.05 -0.1
v -1.8 0.05 -0.2
v -1.7 -0.05 1.9
v -1.7 -0.05 1.8
v -1.7 -0.05 -0.2
v -1.7 -0.05 -0.4
v -1.7 0.05 1.9
v -1.7 0.05 1.8
v -1.7 0.05 -0.2
v -1.7 0.05 -0.4
v -1.6 -0.05 2
v -1.6 -0.05 1.9
v -1.6 -0.05 -0.4
v -1.6 -0.05 -0.5
v -1.6 0.05 2
v -1.6 0.05 1.9
v -1.6 0.05 -0.4
v -1.6 0.05 -0.5
v -1.5 -0.05 -0.5
v -1.5 -0.05 -0.6
v -1.5 0.05 -0.5
v -1.5 0.05 -0.6
v -1.4 -0.05 2.1
v -1.4 -0.05 2
v -1.4 -0.05 -0.6
v -1.4 -0.05 -0.7
v -1.4 0.05 2.1
v -1.4 0.05 2
v -1.4 0.05 -0.6
v -1.4 0.05 -0.7
v -1.3 -0.05 2.2
v -1.3 -0.05 2.1
v -1.3 -0.05 -0.7
v -1.3 -0.05 -0.8
v -1.3 0.05 2.2
v -1.3 0.05 2.1
v -1.3 0.05 -0.7
v -1.3 0.05 -0.8
v -1.2 -0.05 2.3
v -1.2 -0.05 2.2
v -1.2 -0.05 -0.8
v -1.2 -0.05 -1
v -1.2 0.05 2.3
v -1.2 0.05 2.2
v -1.2 0.05 -0.8
v -1.2 0.05 -1
v -1.1 -0.05 2.4
v -1.1 -0.05 2.3
v -1.1 -0.05 -1
v -1.1 -0.05 -1.1
v -1.1 0.05 2.4
v -1.1 0.05 2.3
v -1.1 0.05 -1
v -1.1 0.05 -1.1
v -1 -0.05 2.5
v -1 -0.05 2.4
v -1 -0.05 -1.1
v -1 -0.05 -1.2
v -1 0.05 2.5
v -1 0.05 2.4
v -1 0.05 -1.1
v -1 0.05 -1.2
v -0.9 -0.05 2.6
v -0.9 -0.05 2.5
v -0.9 -0.05 -1.2
v -0.9 -0.05 -1.3
v -0.9 0.05 2.6
v -0.9 0.05 2.5
v -0.9 0.05 -1.2
v -0.9 0.05 -1.3
v -0.8 -0.05 -1.3
v -0.8 -0.05 -1.4
v -0.8 0.05 -1.3
v -0.8 0.05 -1.4
v -0.7 -0.05 2.7
v -0.7 -0.05 2.6
v -0.7 -0.05 -1.4
v -0.7 -0.05 -1.6
v -0.7 0.05 2.7
v -0.7 0.05 2.6
v -0.7 0.05 -1.4
v -0.7 0.05 -1.6
v -0.6 -0.05 2.8
v -0.6 -0.05 2.7
v -0.6 -0.05 -1.6
v -0.6 -0.05 -1.7
v -0.6 0.05 2.8
v -0.6 0.05 2.7
v -0.6 0.05 -1.6
v -0.6 0.05 -1.7
v -0.5 -0.05 2.9
v -0.5 -0.05 2.8
v -0.5 -0.05 -1.7
v -0.5 -0.05 -1.8
v -0.5 0.05 2.9
v -0.5 0.05 2.8
v -0.5 0.05 -1.7
v -0.5 0.05 -1.8
v -0.4 -0.05 -1.8
v -0.4 -0.05 -1.9
v -0.4 0.05 -1.8
v -0.4 0.05 -1.9
v -0.3 -0.05 -1.9
v -0.3 -0.05 -2
v -0.3 0.05 -1.9
v -0.3 0.05 -2
v -0.2 -0.05 -2
v -0.2 -0.05 -2.2
v -0.2 0.05 -2
v -0.2 0.05 -2.2
v -0.1 -0.05 -2.2
v -0.1 -0.05 -2.3
v -0.1 0.05 -2.2
v -0.1 0.05 -2.3
v 0 -0.05 -2.3
v 0 -0.05 -2.4
v 0 0.05 -2.3
v 0 0.05 -2.4
v 0.0999999 -0.05 -2.4
v 0.0999999 -0.05 -2.5
v 0.0999999 0.05 -2.4
v 0.0999999 0.05 -2.5
v 0.2 -0.05 -2.5
v 0.2 -0.05 -2.6
v 0.2 0.05 -2.5
v 0.2 0.05 -2.6
v 0.3 -0.05 -2.6
v 0.3 -0.05 -2.8
v 0.3 0.05 -2.6
v 0.3 0.05 -2.8
v 0.4 -0.05 -2.8
v 0.4 -0.05 -2.9
v 0.4 0.05 -2.8
v 0.4 0.05 -2.9
v -0.4 -0.05 2.9
v -0.4 -0.05 2.8
v -0.4 0.05 2.9
v -0.4 0.05 2.8
v -0.3 -0.05 2.8
v -0.3 -0.05 2.6
v -0.3 0.05 2.8
v -0.3 0.05 2.6
v -0.2 -0.05 2.6
v -0.2 -0.05 2.5
v -0.2 0.05 2.6
v -0.2 0.05 2.5
v -0.1 -0.05 2.5
v -0.1 -0.05 2.4
v -0.1 0.05 2.5
v -0.1 0.05 2.4
v 0 -0.05 2.4
v 0 -0.05 2.3
v 0 0.05 2.4
v 0 0.05 2.3
v 0.0999999 -0.05 2.3
v 0.0999999 -0.05 2.2
v 0.0999999 0.05 2.3
v 0.0999999 0.05 2.2
v 0.2 -0.05 2.2
v 0.2 -0.05 2
v 0.2 0.05 2.2
v 0.2 0.05 2
v 0.3 -0.05 2
v 0.3 -0.05 1.9
v 0.3 0.05 2
v 0.3 0.05 1.9
v 0.4 -0.05 1.9
v 0.4 -0.05 1.8
v 0.4 0.05 1.9
v 0.4 0.05 1.8
v 0.5 -0.05 1.8
v 0.5 -0.05 1.7
v 0.5 -0.05 -2.8
v 0.5 -0.05 -2.9
v 0.5 0.05 1.8
v 0.5 0.05 1.7
v 0.5 0.05 -2.8
v 0.5 0.05 -2.9
v 0.6 -0.05 1.7
v 0.6 -0.05 1.6
v 0.6 -0.05 -2.7
v 0.6 -0.05 -2.8
v 0.6 0.05 1.7
v 0.6 0.05 1.6
v 0.6 0.05 -2.7
v 0.6 0.05 -2.8
v 0.7 -0.05 1.6
v 0.7 -0.05 1.4
v 0.7 -0.05 -2.6
v 0.7 -0.05 -2.7
v 0.7 0.05 1.6
v 0.7 0.05 1.4
v 0.7 0.05 -2.6
v 0.7 0.05 -2.7
v 0.8 -0.05 1.4
v 0.8 -0.05 1.3
v 0.8 0.05 1.4
v 0.8 0.05 1.3
v 0.9 -0.05 1.3
v 0.9 -0.05 1.2
v 0.9 -0.05 -2.5
v 0.9 -0.05 -2.6
v 0.9 0.05 1.3
v 0.9 0.05 1.2
v 0.9 0.05 -2.5
v 0.9 0.05 -2.6
v 1 -0.05 1.2
v 1 -0.05 1.1
v 1 -0.05 -2.4
v 1 -0.05 -2.5
v 1 0.05 1.2
v 1 0.05 1.1
v 1 0.05 -2.4
v 1 0.05 -2.5
v 1.1 -0.05 1.1
v 1.1 -0.05 1
v 1.1 -0.05 -2.3
v 1.1 -0.05 -2.4
v 1.1 0.05 1.1
v 1.1 0.05 1
v 1.1 0.05 -2.3
v 1.1 0.05 -2.4
v 1.2 -0.05 1
v 1.2 -0.05 0.8
v 1.2 -0.05 -2.2
v 1.2 -0.05 -2.3
v 1.2 0.05 1
v 1.2 0.05 0.8
v 1.2 0.05 -2.2
v 1.2 0.05 -2.3
v 1.3 -0.05 0.8
v 1.3 -0.05 0.7
v 1.3 -0.05 -2.1
v 1.3 -0.05 -2.2
v 1.3 0.05 0.8
v 1.3 0.05 0.7
v 1.3 0.05 -2.1
v 1.3 0.05 -2.2
v 1.4 -0.05 0.7
v 1.4 -0.05 0.6
v 1.4 -0.05 -2
v 1.4 -0.05 -2.1
v 1.4 0.05 0.7
v 1.4 0.05 0.6
v 1.4 0.05 -2
v 1.4 0.05 -2.1
v 1.5 -0.05 0.6
v 1.5 -0.05 0.5
v 1.5 0.05 0.6
v 1.5 0.05 0.5
v 1.6 -0.05 0.5
v 1.6 -0.05 0.4
v 1.6 -0.05 -1.9
v 1.6 -0.05 -2
v 1.6 0.05 0.5
v 1.6 0.05 0.4
v 1.6 0.05 -1.9
v 1.6 0.05 -2
v 1.7 -0.05 0.4
v 1.7 -0.05 0.2
v 1.7 -0.05 -1.8
v 1.7 -0.05 -1.9
v 1.7 0.05 0.4
v 1.7 0.05 0.2
v 1.7 0.05 -1.8
v 1.7 0.05 -1.9
v 1.8 -0.05 0.2
v 1.8 -0.05 0.0999999
v 1.8 -0.05 -1.7
v 1.8 -0.05 -1.8
v 1.8 0.05 0.2
v 1.8 0.05 0.0999999
v 1.8 0.05 -1.7
v 1.8 0.05 -1.8
v 1.9 -0.05 0.0999999
v 1.9 -0.05 0
v 1.9 -0.05 -1.6
v 1.9 -0.05 -1.7
v 1.9 0.05 0.0999999
v 1.9 0.05 0
v 1.9 0.05 -1.6
v 1.9 0.05 -1.7
v 2 -0.05 0
v 2 -0.05 -0.1
v 2 -0.05 -1.5
v 2 -0.05 -1.6
v 2 0.05 0
v 2 0.05 -0.1
v 2 0.05 -1.5
v 2 0.05 -1.6
v 2.1 -0.05 -0.1
v 2.1 -0.05 -0.2
v 2.1 0.05 -0.1
v 2.1 0.05 -0.2
v 2.2 -0.05 -0.2
v 2.2 -0.05 -0.3
v 2.2 -0.05 -1.4
v 2.2 -0.05 -1.5
v 2.2 0.05 -0.2
v 2.2 0.05 -0.3
v 2.2 0.05 -1.4
v 2.2 0.05 -1.5
v 2.3 -0.05 -0.3
v 2.3 -0.05 -0.5
v 2.3 -0.05 -1.3
v 2.3 -0.05 -1.4
v 2.3 0.05 -0.3
v 2.3 0.05 -0.5
v 2.3 0.05 -1.3
v 2.3 0.05 -1.4
v 2.4 -0.05 -0.5
v 2.4 -0.05 -0.6
v 2.4 -0.05 -1.2
v 2.4 -0.05 -1.3
v 2.4 0.05 -0.5
v 2.4 0.05 -0.6
v 2.4 0.05 -1.2
v 2.4 0.05 -1.3
v 2.5 -0.05 -0.6
v 2.5 -0.05 -0.7
v 2.5 -0.05 -1.1
v 2.5 -0.05 -1.2
v 2.5 0.05 -0.6
v 2.5 0.05 -0.7
v 2.5 0.05 -1.1
v 2.5 0.05 -1.2
v 2.6 -0.05 -0.7
v 2.6 -0.05 -0.8
v 2.6 -0.05 -1
v 2.6 -0.05 -1.1
v 2.6 0.05 -0.7
v 2.6 0.05 -0.8
v 2.6 0.05 -1
v 2.6 0.05 -1.1
v 2.7 -0.05 -0.8
v 2.7 -0.05 -0.9
v 2.7 0.05 -0.8
v 2.7 0.05 -0.9
v 2.8 -0.05 -0.9
v 2.8 -0.05 -1
v 2.8 0.05 -0.9
v 2.8 0.05 -1
v -0.5 -0.05 2.9
v -0.5 0.05 2.9
v -0.4 -0.05 2.9
v -0.4 0.05 2.9
v -0.6 -0.05 2.8
v -0.6 0.05 2.8
v -0.5 -0.05 2.8
v -0.5 0.05 2.8
v -0.4 -0.05 2.8
v -0.4 0.05 2.8
v -0.3 -0.05 2.8
v -0.3 0.05 2.8
v -0.7 -0.05 2.7
v -0.7 0.05 2.7
v -0.6 -0.05 2.7
v -0.6 0.05 2.7
v -0.9 -0.05 2.6
v -0.9 0.05 2.6
v -0.7 -0.05 2.6
v -0.7 0.05 2.6
v -0.3 -0.05 2.6
v -0.3 0.05 2.6
v -0.2 -0.05 2.6
v -0.2 0.05 2.6
v -1 -0.05 2.5
v -1 0.05 2.5
v -0.9 -0.05 2.5
v -0.9 0.05 2.5
v -0.2 -0.05 2.5
v -0.2 0.05 2.5
v -0.1 -0.05 2.5
v -0.1 0.05 2.5
v -1.1 -0.05 2.4
v -1.1 0.05 2.4
v -1 -0.05 2.4
v -1 0.05 2.4
v -0.1 -0.05 2.4
v -0.1 0.05 2.4
v 0 -0.05 2.4
v 0 0.05 2.4
v -1.2 -0.05 2.3
v -1.2 0.05 2.3
v -1.1 -0.05 2.3
v -1.1 0.05 2.3
v 0 -0.05 2.3
v 0 0.05 2.3
v 0.0999999 -0.05 2.3
v 0.0999999 0.05 2.3
v -1.3 -0.05 2.2
v -1.3 0.05 2.2
v -1.2 -0.05 2.2
v -1.2 0.05 2.2
v 0.0999999 -0.05 2.2
v 0.0999999 0.05 2.2
v 0.2 -0.05 2.2
v 0.2 0.05 2.2
v -1.4 -0.05 2.1
v -1.4 0.05 2.1
v -1.3 -0.05 2.1
v -1.3 0.05 2.1
v -1.6 -0.05 2
v -1.6 0.05 2
v -1.4 -0.05 2
v -1.4 0.05 2
v 0.2 -0.05 2
v 0.2 0.05 2
v 0.3 -0.05 2
v 0.3 0.05 2
v -1.7 -0.05 1.9
v -1.7 0.05 1.9
v -1.6 -0.05 1.9
v -1.6 0.05 1.9
v 0.3 -0.05 1.9
v 0.3 0.05 1.9
v 0.4 -0.05 1.9
v 0.4 0.05 1.9
v -1.8 -0.05 1.8
v -1.8 0.05 1.8
v -1.7 -0.05 1.8
v -1.7 0.05 1.8
v 0.4 -0.05 1.8
v 0.4 0.05 1.8
v 0.5 -0.05 1.8
v 0.5 0.05 1.8
v -1.9 -0.05 1.7
v -1.9 0.05 1.7
v -1.8 -0.05 1.7
v -1.8 0.05 1.7
v 0.5 -0.05 1.7
v 0.5 0.05 1.7
v 0.6 -0.05 1.7
v 0.6 0.05 1.7
v -2 -0.05 1.6
v -2 0.05 1.6
v -1.9 -0.05 1.6
v -1.9 0.05 1.6
v 0.6 -0.05 1.6
v 0.6 0.05 1.6
v 0.7 -0.05 1.6
v 0.7 0.05 1.6
v -2.2 -0.05 1.5
v -2.2 0.05 1.5
v -2 -0.05 1.5
v -2 0.05 1.5
v -2.3 -0.05 1.4
v -2.3 0.05 1.4
v -2.2 -0.05 1.4
v -2.2 0.05 1.4
v 0.7 -0.05 1.4
v 0.7 0.05 1.4
v 0.8 -0.05 1.4
v 0.8 0.05 1.4
v -2.4 -0.05 1.3
v -2.4 0.05 1.3
v -2.3 -0.05 1.3
v -2.3 0.05 1.3
v 0.8 -0.05 1.3
v 0.8 0.05 1.3
v 0.9 -0.05 1.3
v 0.9 0.05 1.3
v -2.5 -0.05 1.2
v -2.5 0.05 1.2
v -2.4 -0.05 1.2
v -2.4 0.05 1.2
v 0.9 -0.05 1.2
v 0.9 0.05 1.2
v 1 -0.05 1.2
v 1 0.05 1.2
v -2.6 -0.05 1.1
v -2.6 0.05 1.1
v -2.5 -0.05 1.1
v -2.5 0.05 1.1
v 1 -0.05 1.1
v 1 0.05 1.1
v 1.1 -0.05 1.1
v 1.1 0.05 1.1
v -2.8 -0.05 1
v -2.8 0.05 1
v -2.6 -0.05 1
v -2.6 0.05 1
v 1.1 -0.05 1
v 1.1 0.05 1
v 1.2 -0.05 1
v 1.2 0.05 1
v 1.2 -0.05 0.8
v 1.2 0.05 0.8
v 1.3 -0.05 0.8
v 1.3 0.05 0.8
v 1.3 -0.05 0.7
v 1.3 0.05 0.7
v 1.4 -0.05 0.7
v 1.4 0.05 0.7
v 1.4 -0.05 0.6
v 1.4 0.05 0.6
v 1.5 -0.05 0.6
v 1.5 0.05 0.6
v 1.5 -0.05 0.5
v 1.5 0.05 0.5
v 1.6 -0.05 0.5
v 1.6 0.05 0.5
v 1.6 -0.05 0.4
v 1.6 0.05 0.4
v 1.7 -0.05 0.4
v 1.7 0.05 0.4
v 1.7 -0.05 0.2
v 1.7 0.05 0.2
v 1.8 -0.05 0.2
v 1.8 0.05 0.2
v 1.8 -0.05 0.0999999
v 1.8 0.05 0.0999999
v 1.9 -0.05 0.0999999
v 1.9 0.05 0.0999999
v 1.9 -0.05 0
v 1.9 0.05 0
v 2 -0.05 0
v 2 0.05 0
v 2 -0.05 -0.1
v 2 0.05 -0.1
v 2.1 -0.05 -0.1
v 2.1 0.05 -0.1
v 2.1 -0.05 -0.2
v 2.1 0.05 -0.2
v 2.2 -0.05 -0.2
v 2.2 0.05 -0.2
v 2.2 -0.05 -0.3
v 2.2 0.05 -0.3
v 2.3 -0.05 -0.3
v 2.3 0.05 -0.3
v 2.3 -0.05 -0.5
v 2.3 0.05 -0.5
v 2.4 -0.05 -0.5
v 2.4 0.05 -0.5
v 2.4 -0.05 -0.6
v 2.4 0.05 -0.6
v 2.5 -0.05 -0.6
v 2.5 0.05 -0.6
v 2.5 -0.05 -0.7
v 2.5 0.05 -0.7
v 2.6 -0.05 -0.7
v 2.6 0.05 -0.7
v 2.6 -0.05 -0.8
v 2.6 0.05 -0.8
v 2.7 -0.05 -0.8
v 2.7 0.05 -0.8
v 2.7 -0.05 -0.9
v 2.7 0.05 -0.9
v 2.8 -0.05 -0.9
v 2.8 0.05 -0.9
v -2.8 -0.05 0.9
v -2.8 0.05 0.9
v -2.7 -0.05 0.9
v -2.7 0.05 0.9
v -2.7 -0.05 0.8
v -2.7 0.05 0.8
v -2.6 -0.05 0.8
v -2.6 0.05 0.8
v -2.6 -0.05 0.7
v -2.6 0.05 0.7
v -2.5 -0.05 0.7
v -2.5 0.05 0.7
v -2.5 -0.05 0.6
v -2.5 0.05 0.6
v -2.4 -0.05 0.6
v -2.4 0.05 0.6
v -2.4 -0.05 0.5
v -2.4 0.05 0.5
v -2.3 -0.05 0.5
v -2.3 0.05 0.5
v -2.3 -0.05 0.3
v -2.3 0.05 0.3
v -2.2 -0.05 0.3
v -2.2 0.05 0.3
v -2.2 -0.05 0.2
v -2.2 0.05 0.2
v -2.1 -0.05 0.2
v -2.1 0.05 0.2
v -2.1 -0.05 0.0999999
v -2.1 0.05 0.0999999
v -2 -0.05 0.0999999
v -2 0.05 0.0999999
v -2 -0.05 0
v -2 0.05 0
v -1.9 -0.05 0
v -1.9 0.05 0
v -1.9 -0.05 -0.1
v -1.9 0.05 -0.1
v -1.8 -0.05 -0.1
v -1.8 0.05 -0.1
v -1.8 -0.05 -0.2
v -1.8 0.05 -0.2
v -1.7 -0.05 -0.2
v -1.7 0.05 -0.2
v -1.7 -0.05 -0.4
v -1.7 0.05 -0.4
v -1.6 -0.05 -0.4
v -1.6 0.05 -0.4
v -1.6 -0.05 -0.5
v -1.6 0.05 -0.5
v -1.5 -0.05 -0.5
v -1.5 0.05 -0.5
v -1.5 -0.05 -0.6
v -1.5 0.05 -0.6
v -1.4 -0.05 -0.6
v -1.4 0.05 -0.6
v -1.4 -0.05 -0.7
v -1.4 0.05 -0.7
v -1.3 -0.05 -0.7
v -1.3 0.05 -0.7
v -1.3 -0.05 -0.8
v -1.3 0.05 -0.8
v -1.2 -0.05 -0.8
v -1.2 0.05 -0.8
v -1.2 -0.05 -1
v -1.2 0.05 -1
v -1.1 -0.05 -1
v -1.1 0.05 -1
v 2.6 -0.05 -1
v 2.6 0.05 -1
v 2.8 -0.05 -1
v 2.8 0.05 -1
v -1.1 -0.05 -1.1
v -1.1 0.05 -1.1
v -1 -0.05 -1.1
v -1 0.05 -1.1
v 2.5 -0.05 -1.1
v 2.5 0.05 -1.1
v 2.6 -0.05 -1.1
v 2.6 0.05 -1.1
v -1 -0.05 -1.2
v -1 0.05 -1.2
v -0.9 -0.05 -1.2
v -0.9 0.05 -1.2
v 2.4 -0.05 -1.2
v 2.4 0.05 -1.2
v 2.5 -0.05 -1.2
v 2.5 0.05 -1.2
v -0.9 -0.05 -1.3
v -0.9 0.05 -1.3
v -0.8 -0.05 -1.3
v -0.8 0.05 -1.3
v 2.3 -0.05 -1.3
v 2.3 0.05 -1.3
v 2.4 -0.05 -1.3
v 2.4 0.05 -1.3
v -0.8 -0.05 -1.4
v -0.8 0.05 -1.4
v -0.7 -0.05 -1.4
v -0.7 0.05 -1.4
v 2.2 -0.05 -1.4
v 2.2 0.05 -1.4
v 2.3 -0.05 -1.4
v 2.3 0.05 -1.4
v 2 -0.05 -1.5
v 2 0.05 -1.5
v 2.2 -0.05 -1.5
v 2.2 0.05 -1.5
v -0.7 -0.05 -1.6
v -0.7 0.05 -1.6
v -0.6 -0.05 -1.6
v -0.6 0.05 -1.6
v 1.9 -0.05 -1.6
v 1.9 0.05 -1.6
v 2 -0.05 -1.6
v 2 0.05 -1.6
v -0.6 -0.05 -1.7
v -0.6 0.05 -1.7
v -0.5 -0.05 -1.7
v -0.5 0.05 -1.7
v 1.8 -0.05 -1.7
v 1.8 0.05 -1.7
v 1.9 -0.05 -1.7
v 1.9 0.05 -1.7
v -0.5 -0.05 -1.8
v -0.5 0.05 -1.8
v -0.4 -0.05 -1.8
v -0.4 0.05 -1.8
v 1.7 -0.05 -1.8
v 1.7 0.05 -1.8
v 1.8 -0.05 -1.8
v 1.8 0.05 -1.8
v -0.4 -0.05 -1.9
v -0.4 0.05 -1.9
v -0.3 -0.05 -1.9
v -0.3 0.05 -1.9
v 1.6 -0.05 -1.9
v 1.6 0.05 -1.9
v 1.7 -0.05 -1.9
v 1.7 0.05 -1.9
v -0.3 -0.05 -2
v -0.3 0.05 -2
v -0.2 -0.05 -2
v -0.2 0.05 -2
v 1.4 -0.05 -2
v 1.4 0.05 -2
v 1.6 -0.05 -2
v 1.6 0.05 -2
v 1.3 -0.05 -2.1
v 1.3 0.05 -2.1
v 1.4 -0.05 -2.1
v 1.4 0.05 -2.1
v -0.2 -0.05 -2.2
v -0.2 0.05 -2.2
v -0.1 -0.05 -2.2
v -0.1 0.05 -2.2
v 1.2 -0.05 -2.2
v 1.2 0.05 -2.2
v 1.3 -0.05 -2.2
v 1.3 0.05 -2.2
v -0.1 -0.05 -2.3
v -0.1 0.05 -2.3
v 0 -0.05 -2.3
v 0 0.05 -2.3
v 1.1 -0.05 -2.3
v 1.1 0.05 -2.3
v 1.2 -0.05 -2.3
v 1.2 0.05 -2.3
v 0 -0.05 -2.4
v 0 0.05 -2.4
v 0.0999999 -0.05 -2.4
v 0.0999999 0.05 -2.4
v 1 -0.05 -2.4
v 1 0.05 -2.4
v 1.1 -0.05 -2.4
v 1.1 0.05 -2.4
v 0.0999999 -0.05 -2.5
v 0.0999999 0.05 -2.5
v 0.2 -0.05 -2.5
v 0.2 0.05 -2.5
v 0.9 -0.05 -2.5
v 0.9 0.05 -2.5
v 1 -0.05 -2.5
v 1 0.05 -2.5
v 0.2 -0.05 -2.6
v 0.2 0.05 -2.6
v 0.3 -0.05 -2.6
v 0.3 0.05 -2.6
v 0.7 -0.05 -2.6
v 0.7 0.05 -2.6
v 0.9 -0.05 -2.6
v 0.9 0.05 -2.6
v 0.6 -0.05 -2.7
v 0.6 0.05 -2.7
v 0.7 -0.05 -2.7
v 0.7 0.05 -2.7
v 0.3 -0.05 -2.8
v 0.3 0.05 -2.8
v 0.4 -0.05 -2.8
v 0.4 0.05 -2.8
v 0.5 -0.05 -2.8
v 0.5 0.05 -2.8
v 0.6 -0.05 -2.8
v 0.6 0.05 -2.8
v 0.4 -0.05 -2.9
v 0.4 0.05 -2.9
v 0.5 -0.05 -2.9
v 0.5 0.05 -2.9
v -0.5 -0.05 2.9
v -0.4 -0.05 2.9
v -0.6 -0.05 2.8
v -0.5 -0.05 2.8
v -0.4 -0.05 2.8
v -0.3 -0.05 2.8
v -0.7 -0.05 2.7
v -0.6 -0.05 2.7
v -0.9 -0.05 2.6
v -0.7 -0.05 2.6
v -0.3 -0.05 2.6
v -0.2 -0.05 2.6
v -1 -0.05 2.5
v -0.9 -0.05 2.5
v -0.5 -0.05 2.5
v -0.4 -0.05 2.5
v -0.2 -0.05 2.5
v -0.1 -0.05 2.5
v -1.1 -0.05 2.4
v -1 -0.05 2.4
v -0.5 -0.05 2.4
v -0.4 -0.05 2.4
v -0.3 -0.05 2.4
v -0.1 -0.05 2.4
v 0 -0.05 2.4
v -1.2 -0.05 2.3
v -1.1 -0.05 2.3
v -0.5 -0.05 2.3
v -0.4 -0.05 2.3
v -0.3 -0.05 2.3
v -0.2 -0.05 2.3
v 0 -0.05 2.3
v 0.0999999 -0.05 2.3
v -1.3 -0.05 2.2
v -1.2 -0.05 2.2
v -0.8 -0.05 2.2
v -0.7 -0.05 2.2
v -0.3 -0.05 2.2
v -0.2 -0.05 2.2
v -0.1 -0.05 2.2
v 0.0999999 -0.05 2.2
v 0.2 -0.05 2.2
v -1.4 -0.05 2.1
v -1.3 -0.05 2.1
v -0.8 -0.05 2.1
v -0.7 -0.05 2.1
v -0.6 -0.05 2.1
v -0.2 -0.05 2.1
v -0.1 -0.05 2.1
v 0 -0.05 2.1
v -1.6 -0.05 2
v -1.4 -0.05 2
v -0.7 -0.05 2
v -0.6 -0.05 2
v -0.5 -0.05 2
v -0.4 -0.05 2
v -0.1 -0.05 2
v 0 -0.05 2
v 0.0999999 -0.05 2
v 0.2 -0.05 2
v 0.3 -0.05 2
v -1.7 -0.05 1.9
v -1.6 -0.05 1.9
v -0.6 -0.05 1.9
v -0.5 -0.05 1.9
v -0.4 -0.05 1.9
v -0.1 -0.05 1.9
v 0 -0.05 1.9
v 0.0999999 -0.05 1.9
v 0.3 -0.05 1.9
v 0.4 -0.05 1.9
v -1.8 -0.05 1.8
v -1.7 -0.05 1.8
v -0.5 -0.05 1.8
v -0.4 -0.05 1.8
v -0.3 -0.05 1.8
v 0.4 -0.05 1.8
v 0.5 -0.05 1.8
v -1.9 -0.05 1.7
v -1.8 -0.05 1.7
v -1.6 -0.05 1.7
v -1.4 -0.05 1.7
v -0.4 -0.05 1.7
v -0.3 -0.05 1.7
v -0.2 -0.05 1.7
v 0.5 -0.05 1.7
v 0.6 -0.05 1.7
v -2 -0.05 1.6
v -1.9 -0.05 1.6
v -1.7 -0.05 1.6
v -1.6 -0.05 1.6
v -1.5 -0.05 1.6
v -1.4 -0.05 1.6
v -1.1 -0.05 1.6
v -1 -0.05 1.6
v -0.3 -0.05 1.6
v -0.2 -0.05 1.6
v 0 -0.05 1.6
v 0.2 -0.05 1.6
v 0.6 -0.05 1.6
v 0.7 -0.05 1.6
v -2.2 -0.05 1.5
v -2 -0.05 1.5
v -1.8 -0.05 1.5
v -1.7 -0.05 1.5
v -1.6 -0.05 1.5
v -1.5 -0.05 1.5
v -1 -0.05 1.5
v -0.9 -0.05 1.5
v -0.1 -0.05 1.5
v 0 -0.05 1.5
v 0.0999999 -0.05 1.5
v 0.2 -0.05 1.5
v -2.3 -0.05 1.4
v -2.2 -0.05 1.4
v -1.7 -0.05 1.4
v -1.6 -0.05 1.4
v -1.1 -0.05 1.4
v -1 -0.05 1.4
v -0.9 -0.05 1.4
v -0.8 -0.05 1.4
v 0 -0.05 1.4
v 0.0999999 -0.05 1.4
v 0.3 -0.05 1.4
v 0.4 -0.05 1.4
v 0.7 -0.05 1.4
v 0.8 -0.05 1.4
v -2.4 -0.05 1.3
v -2.3 -0.05 1.3
v -1.8 -0.05 1.3
v -1.7 -0.05 1.3
v -1 -0.05 1.3
v -0.9 -0.05 1.3
v -0.8 -0.05 1.3
v -0.7 -0.05 1.3
v -0.1 -0.05 1.3
v 0 -0.05 1.3
v 0.2 -0.05 1.3
v 0.3 -0.05 1.3
v 0.8 -0.05 1.3
v 0.9 -0.05 1.3
v -2.5 -0.05 1.2
v -2.4 -0.05 1.2
v -0.9 -0.05 1.2
v -0.8 -0.05 1.2
v -0.7 -0.05 1.2
v -0.6 -0.05 1.2
v 0.0999999 -0.05 1.2
v 0.2 -0.05 1.2
v 0.3 -0.05 1.2
v 0.4 -0.05 1.2
v 0.9 -0.05 1.2
v 1 -0.05 1.2
v -2.6 -0.05 1.1
v -2.5 -0.05 1.1
v -2.1 -0.05 1.1
v -1.3 -0.05 1.1
v -0.8 -0.05 1.1
v -0.7 -0.05 1.1
v -0.6 -0.05 1.1
v -0.5 -0.05 1.1
v 0.0999999 -0.05 1.1
v 0.3 -0.05 1.1
v 1 -0.05 1.1
v 1.1 -0.05 1.1
v -2.8 -0.05 1
v -2.6 -0.05 1
v -2.2 -0.05 1
v -2.1 -0.05 1
v -2 -0.05 1
v -1.4 -0.05 1
v -0.5 -0.05 1
v -0.4 -0.05 1
v 0.8 -0.05 1
v 1 -0.05 1
v 1.1 -0.05 1
v 1.2 -0.05 1
v -2.8 -0.05 0.9
v -2.7 -0.05 0.9
v -2.3 -0.05 0.9
v -2.2 -0.05 0.9
v -2.1 -0.05 0.9
v -2 -0.05 0.9
v -1.9 -0.05 0.9
v -1.8 -0.05 0.9
v -1.7 -0.05 0.9
v -1.6 -0.05 0.9
v -1.5 -0.05 0.9
v -0.7 -0.05 0.9
v -0.6 -0.05 0.9
v -0.4 -0.05 0.9
v -0.2 -0.05 0.9
v 0.7 -0.05 0.9
v 0.8 -0.05 0.9
v 0.9 -0.05 0.9
v 1 -0.05 0.9
v -2.7 -0.05 0.8
v -2.6 -0.05 0.8
v -2.3 -0.05 0.8
v -2.2 -0.05 0.8
v -2.1 -0.05 0.8
v -2 -0.05 0.8
v -1.9 -0.05 0.8
v -1.8 -0.05 0.8
v -1.7 -0.05 0.8
v -1.6 -0.05 0.8
v -1.5 -0.05 0.8
v -0.2 -0.05 0.8
v -0.1 -0.05 0.8
v 0.6 -0.05 0.8
v 0.7 -0.05 0.8
v 0.8 -0.05 0.8
v 0.9 -0.05 0.8
v 1.2 -0.05 0.8
v 1.3 -0.05 0.8
v -2.6 -0.05 0.7
v -2.5 -0.05 0.7
v -2.2 -0.05 0.7
v -2.1 -0.05 0.7
v -2 -0.05 0.7
v -1.4 -0.05 0.7
v -0.1 -0.05 0.7
v 0.0999999 -0.05 0.7
v 0.7 -0.05 0.7
v 0.8 -0.05 0.7
v 0.9 -0.05 0.7
v 1.1 -0.05 0.7
v 1.3 -0.05 0.7
v 1.4 -0.05 0.7
v -2.5 -0.05 0.6
v -2.4 -0.05 0.6
v -2.1 -0.05 0.6
v -1.3 -0.05 0.6
v -0.6 -0.05 0.6
v -0.5 -0.05 0.6
v 0.0999999 -0.05 0.6
v 0.3 -0.05 0.6
v 0.6 -0.05 0.6
v 0.7 -0.05 0.6
v 0.8 -0.05 0.6
v 0.9 -0.05 0.6
v 1 -0.05 0.6
v 1.1 -0.05 0.6
v 1.4 -0.05 0.6
v 1.5 -0.05 0.6
v -2.4 -0.05 0.5
v -2.3 -0.05 0.5
v 0.3 -0.05 0.5
v 0.5 -0.05 0.5
v 0.9 -0.05 0.5
v 1 -0.05 0.5
v 1.5 -0.05 0.5
v 1.6 -0.05 0.5
v 0.2 -0.05 0.4
v 0.4 -0.05 0.4
v 0.5 -0.05 0.4
v 0.6 -0.05 0.4
v 0.8 -0.05 0.4
v 0.9 -0.05 0.4
v 1.6 -0.05 0.4
v 1.7 -0.05 0.4
v -2.3 -0.05 0.3
v -2.2 -0.05 0.3
v -1.1 -0.05 0.3
v -0.9 -0.05 0.3
v 0 -0.05 0.3
v 0.2 -0.05 0.3
v 0.4 -0.05 0.3
v 0.5 -0.05 0.3
v 0.6 -0.05 0.3
v 0.7 -0.05 0.3
v -2.2 -0.05 0.2
v -2.1 -0.05 0.2
v -1.2 -0.05 0.2
v -1.1 -0.05 0.2
v -1 -0.05 0.2
v -0.9 -0.05 0.2
v -0.1 -0.05 0.2
v 0 -0.05 0.2
v 0.5 -0.05 0.2
v 0.6 -0.05 0.2
v 0.7 -0.05 0.2
v 0.8 -0.05 0.2
v 1.7 -0.05 0.2
v 1.8 -0.05 0.2
v -2.1 -0.05 0.0999999
v -2 -0.05 0.0999999
v -1.3 -0.05 0.0999999
v -1.2 -0.05 0.0999999
v -1.1 -0.05 0.0999999
v -1 -0.05 0.0999999
v -0.2 -0.05 0.0999999
v -0.1 -0.05 0.0999999
v 0 -0.05 0.0999999
v 0.2 -0.05 0.0999999
v 0.6 -0.05 0.0999999
v 0.7 -0.05 0.0999999
v 0.8 -0.05 0.0999999
v 0.9 -0.05 0.0999999
v 1.8 -0.05 0.0999999
v 1.9 -0.05 0.0999999
v -2 -0.05 0
v -1.9 -0.05 0
v -1.4 -0.05 0
v -1.3 -0.05 0
v -1.2 -0.05 0
v -1.1 -0.05 0
v -0.3 -0.05 0
v -0.2 -0.05 0
v 0 -0.05 0
v 0.0999999 -0.05 0
v 0.2 -0.05 0
v 0.3 -0.05 0
v 0.7 -0.05 0
v 0.8 -0.05 0
v 0.9 -0.05 0
v 1 -0.05 0
v 1.9 -0.05 0
v 2 -0.05 0
v -1.9 -0.05 -0.1
v -1.8 -0.05 -0.1
v -1.3 -0.05 -0.1
v -1.2 -0.05 -0.1
v -0.5 -0.05 -0.1
v -0.4 -0.05 -0.1
v 0.0999999 -0.05 -0.1
v 0.2 -0.05 -0.1
v 0.3 -0.05 -0.1
v 0.4 -0.05 -0.1
v 0.8 -0.05 -0.1
v 0.9 -0.05 -0.1
v 1.4 -0.05 -0.1
v 1.5 -0.05 -0.1
v 2 -0.05 -0.1
v 2.1 -0.05 -0.1
v -1.8 -0.05 -0.2
v -1.7 -0.05 -0.2
v -1.4 -0.05 -0.2
v -1.3 -0.05 -0.2
v -1 -0.05 -0.2
v -0.8 -0.05 -0.2
v -0.3 -0.05 -0.2
v -0.2 -0.05 -0.2
v 0.2 -0.05 -0.2
v 0.3 -0.05 -0.2
v 0.4 -0.05 -0.2
v 0.5 -0.05 -0.2
v 1.3 -0.05 -0.2
v 1.4 -0.05 -0.2
v 1.5 -0.05 -0.2
v 2.1 -0.05 -0.2
v 2.2 -0.05 -0.2
v -1.1 -0.05 -0.3
v -1 -0.05 -0.3
v -0.9 -0.05 -0.3
v -0.8 -0.05 -0.3
v -0.4 -0.05 -0.3
v -0.3 -0.05 -0.3
v -0.2 -0.05 -0.3
v -0.1 -0.05 -0.3
v 0.3 -0.05 -0.3
v 0.4 -0.05 -0.3
v 0.5 -0.05 -0.3
v 0.6 -0.05 -0.3
v 1.2 -0.05 -0.3
v 1.3 -0.05 -0.3
v 1.4 -0.05 -0.3
v 2.2 -0.05 -0.3
v 2.3 -0.05 -0.3
v -1.7 -0.05 -0.4
v -1.6 -0.05 -0.4
v -1.2 -0.05 -0.4
v -1.1 -0.05 -0.4
v -1 -0.05 -0.4
v -0.9 -0.05 -0.4
v -0.3 -0.05 -0.4
v -0.2 -0.05 -0.4
v -0.1 -0.05 -0.4
v 0 -0.05 -0.4
v 0.4 -0.05 -0.4
v 0.5 -0.05 -0.4
v 0.6 -0.05 -0.4
v 0.7 -0.05 -0.4
v 1.1 -0.05 -0.4
v 1.2 -0.05 -0.4
v 1.3 -0.05 -0.4
v 1.9 -0.05 -0.4
v -1.6 -0.05 -0.5
v -1.5 -0.05 -0.5
v -1.1 -0.05 -0.5
v -1 -0.05 -0.5
v -0.2 -0.05 -0.5
v -0.1 -0.05 -0.5
v 0 -0.05 -0.5
v 0.0999999 -0.05 -0.5
v 0.5 -0.05 -0.5
v 0.6 -0.05 -0.5
v 1.1 -0.05 -0.5
v 1.2 -0.05 -0.5
v 1.3 -0.05 -0.5
v 1.8 -0.05 -0.5
v 1.9 -0.05 -0.5
v 2 -0.05 -0.5
v 2.3 -0.05 -0.5
v 2.4 -0.05 -0.5
v -1.5 -0.05 -0.6
v -1.4 -0.05 -0.6
v -1.2 -0.05 -0.6
v -1.1 -0.05 -0.6
v -0.9 -0.05 -0.6
v -0.7 -0.05 -0.6
v -0.1 -0.05 -0.6
v 0 -0.05 -0.6
v 0.0999999 -0.05 -0.6
v 0.2 -0.05 -0.6
v 0.6 -0.05 -0.6
v 0.7 -0.05 -0.6
v 1.2 -0.05 -0.6
v 1.3 -0.05 -0.6
v 1.4 -0.05 -0.6
v 1.8 -0.05 -0.6
v 1.9 -0.05 -0.6
v 2 -0.05 -0.6
v 2.1 -0.05 -0.6
v 2.4 -0.05 -0.6
v 2.5 -0.05 -0.6
v -1.4 -0.05 -0.7
v -1.3 -0.05 -0.7
v -1 -0.05 -0.7
v -0.9 -0.05 -0.7
v -0.8 -0.05 -0.7
v -0.7 -0.05 -0.7
v 0 -0.05 -0.7
v 0.0999999 -0.05 -0.7
v 0.2 -0.05 -0.7
v 0.3 -0.05 -0.7
v 0.8 -0.05 -0.7
v 0.9 -0.05 -0.7
v 1.3 -0.05 -0.7
v 1.4 -0.05 -0.7
v 1.5 -0.05 -0.7
v 1.9 -0.05 -0.7
v 2 -0.05 -0.7
v 2.5 -0.05 -0.7
v 2.6 -0.05 -0.7
v -1.3 -0.05 -0.8
v -1.2 -0.05 -0.8
v -0.9 -0.05 -0.8
v -0.8 -0.05 -0.8
v 0.0999999 -0.05 -0.8
v 0.2 -0.05 -0.8
v 0.3 -0.05 -0.8
v 0.8 -0.05 -0.8
v 0.9 -0.05 -0.8
v 1 -0.05 -0.8
v 1.4 -0.05 -0.8
v 1.5 -0.05 -0.8
v 2 -0.05 -0.8
v 2.1 -0.05 -0.8
v 2.6 -0.05 -0.8
v 2.7 -0.05 -0.8
v -1 -0.05 -0.9
v -0.9 -0.05 -0.9
v 0.2 -0.05 -0.9
v 0.9 -0.05 -0.9
v 2.7 -0.05 -0.9
v 2.8 -0.05 -0.9
v -1.2 -0.05 -1
v -1.1 -0.05 -1
v 1.7 -0.05 -1
v 1.9 -0.05 -1
v 2.6 -0.05 -1
v 2.8 -0.05 -1
v -1.1 -0.05 -1.1
v -1 -0.05 -1.1
v 1.6 -0.05 -1.1
v 1.7 -0.05 -1.1
v 1.8 -0.05 -1.1
v 1.9 -0.05 -1.1
v 2.5 -0.05 -1.1
v 2.6 -0.05 -1.1
v -1 -0.05 -1.2
v -0.9 -0.05 -1.2
v 1.5 -0.05 -1.2
v 1.6 -0.05 -1.2
v 1.7 -0.05 -1.2
v 1.8 -0.05 -1.2
v 1.9 -0.05 -1.2
v 2.1 -0.05 -1.2
v 2.4 -0.05 -1.2
v 2.5 -0.05 -1.2
v -0.9 -0.05 -1.3
v -0.8 -0.05 -1.3
v 1.6 -0.05 -1.3
v 1.7 -0.05 -1.3
v 1.8 -0.05 -1.3
v 1.9 -0.05 -1.3
v 2 -0.05 -1.3
v 2.1 -0.05 -1.3
v 2.3 -0.05 -1.3
v 2.4 -0.05 -1.3
v -0.8 -0.05 -1.4
v -0.7 -0.05 -1.4
v 1.5 -0.05 -1.4
v 1.6 -0.05 -1.4
v 1.7 -0.05 -1.4
v 1.8 -0.05 -1.4
v 1.9 -0.05 -1.4
v 2 -0.05 -1.4
v 2.2 -0.05 -1.4
v 2.3 -0.05 -1.4
v 1.6 -0.05 -1.5
v 1.7 -0.05 -1.5
v 1.8 -0.05 -1.5
v 1.9 -0.05 -1.5
v 2 -0.05 -1.5
v 2.2 -0.05 -1.5
v -0.7 -0.05 -1.6
v -0.6 -0.05 -1.6
v 0.2 -0.05 -1.6
v 0.4 -0.05 -1.6
v 0.6 -0.05 -1.6
v 0.8 -0.05 -1.6
v 1.5 -0.05 -1.6
v 1.6 -0.05 -1.6
v 1.7 -0.05 -1.6
v 1.8 -0.05 -1.6
v 1.9 -0.05 -1.6
v 2 -0.05 -1.6
v -0.6 -0.05 -1.7
v -0.5 -0.05 -1.7
v 0.0999999 -0.05 -1.7
v 0.2 -0.05 -1.7
v 0.3 -0.05 -1.7
v 0.4 -0.05 -1.7
v 0.5 -0.05 -1.7
v 0.6 -0.05 -1.7
v 0.7 -0.05 -1.7
v 0.8 -0.05 -1.7
v 1.5 -0.05 -1.7
v 1.7 -0.05 -1.7
v 1.8 -0.05 -1.7
v 1.9 -0.05 -1.7
v -0.5 -0.05 -1.8
v -0.4 -0.05 -1.8
v 0 -0.05 -1.8
v 0.0999999 -0.05 -1.8
v 0.2 -0.05 -1.8
v 0.3 -0.05 -1.8
v 0.4 -0.05 -1.8
v 0.5 -0.05 -1.8
v 0.6 -0.05 -1.8
v 0.7 -0.05 -1.8
v 1.7 -0.05 -1.8
v 1.8 -0.05 -1.8
v -0.4 -0.05 -1.9
v -0.3 -0.05 -1.9
v 0.0999999 -0.05 -1.9
v 0.2 -0.05 -1.9
v 0.5 -0.05 -1.9
v 0.6 -0.05 -1.9
v 1.6 -0.05 -1.9
v 1.7 -0.05 -1.9
v -0.3 -0.05 -2
v -0.2 -0.05 -2
v 0 -0.05 -2
v 0.0999999 -0.05 -2
v 0.4 -0.05 -2
v 0.5 -0.05 -2
v 1.4 -0.05 -2
v 1.6 -0.05 -2
v 0.6 -0.05 -2.1
v 0.8 -0.05 -2.1
v 1.3 -0.05 -2.1
v 1.4 -0.05 -2.1
v -0.2 -0.05 -2.2
v -0.1 -0.05 -2.2
v 0.5 -0.05 -2.2
v 0.6 -0.05 -2.2
v 0.7 -0.05 -2.2
v 0.8 -0.05 -2.2
v 1.2 -0.05 -2.2
v 1.3 -0.05 -2.2
v -0.1 -0.05 -2.3
v 0 -0.05 -2.3
v 0.4 -0.05 -2.3
v 0.5 -0.05 -2.3
v 0.6 -0.05 -2.3
v 0.7 -0.05 -2.3
v 1.1 -0.05 -2.3
v 1.2 -0.05 -2.3
v 0 -0.05 -2.4
v 0.0999999 -0.05 -2.4
v 0.3 -0.05 -2.4
v 0.4 -0.05 -2.4
v 0.5 -0.05 -2.4
v 0.6 -0.05 -2.4
v 1 -0.05 -2.4
v 1.1 -0.05 -2.4
v 0.0999999 -0.05 -2.5
v 0.2 -0.05 -2.5
v 0.3 -0.05 -2.5
v 0.5 -0.05 -2.5
v 0.9 -0.05 -2.5
v 1 -0.05 -2.5
v 0.2 -0.05 -2.6
v 0.3 -0.05 -2.6
v 0.7 -0.05 -2.6
v 0.9 -0.05 -2.6
v 0.6 -0.05 -2.7
v 0.7 -0.05 -2.7
v 0.3 -0.05 -2.8
v 0.4 -0.05 -2.8
v 0.5 -0.05 -2.8
v 0.6 -0.05 -2.8
v 0.4 -0.05 -2.9
v 0.5 -0.05 -2.9
v -0.5 0.05 2.9
v -0.4 0.05 2.9
v -0.6 0.05 2.8
v -0.5 0.05 2.8
v -0.4 0.05 2.8
v -0.3 0.05 2.8
v -0.7 0.05 2.7
v -0.6 0.05 2.7
v -0.9 0.05 2.6
v -0.7 0.05 2.6
v -0.3 0.05 2.6
v -0.2 0.05 2.6
v -1 0.05 2.5
v -0.9 0.05 2.5
v -0.5 0.05 2.5
v -0.4 0.05 2.5
v -0.2 0.05 2.5
v -0.1 0.05 2.5
v -1.1 0.05 2.4
v -1 0.05 2.4
v -0.5 0.05 2.4
v -0.4 0.05 2.4
v -0.3 0.05 2.4
v -0.1 0.05 2.4
v 0 0.05 2.4
v -1.2 0.05 2.3
v -1.1 0.05 2.3
v -0.5 0.05 2.3
v -0.4 0.05 2.3
v -0.3 0.05 2.3
v -0.2 0.05 2.3
v 0 0.05 2.3
v 0.0999999 0.05 2.3
v -1.3 0.05 2.2
v -1.2 0.05 2.2
v -0.8 0.05 2.2
v -0.7 0.05 2.2
v -0.3 0.05 2.2
v -0.2 0.05 2.2
v -0.1 0.05 2.2
v 0.0999999 0.05 2.2
v 0.2 0.05 2.2
v -1.4 0.05 2.1
v -1.3 0.05 2.1
v -0.8 0.05 2.1
v -0.7 0.05 2.1
v -0.6 0.05 2.1
v -0.2 0.05 2.1
v -0.1 0.05 2.1
v 0 0.05 2.1
v -1.6 0.05 2
v -1.4 0.05 2
v -0.7 0.05 2
v -0.6 0.05 2
v -0.5 0.05 2
v -0.4 0.05 2
v -0.1 0.05 2
v 0 0.05 2
v 0.0999999 0.05 2
v 0.2 0.05 2
v 0.3 0.05 2
v -1.7 0.05 1.9
v -1.6 0.05 1.9
v -0.6 0.05 1.9
v -0.5 0.05 1.9
v -0.4 0.05 1.9
v -0.1 0.05 1.9
v 0 0.05 1.9
v 0.0999999 0.05 1.9
v 0.3 0.05 1.9
v 0.4 0.05 1.9
v -1.8 0.05 1.8
v -1.7 0.05 1.8
v -0.5 0.05 1.8
v -0.4 0.05 1.8
v -0.3 0.05 1.8
v 0.4 0.05 1.8
v 0.5 0.05 1.8
v -1.9 0.05 1.7
v -1.8 0.05 1.7
v -1.6 0.05 1.7
v -1.4 0.05 1.7
v -0.4 0.05 1.7
v -0.3 0.05 1.7
v -0.2 0.05 1.7
v 0.5 0.05 1.7
v 0.6 0.05 1.7
v -2 0.05 1.6
v -1.9 0.05 1.6
v -1.7 0.05 1.6
v -1.6 0.05 1.6
v -1.5 0.05 1.6
v -1.4 0.05 1.6
v -1.1 0.05 1.6
v -1 0.05 1.6
v -0.3 0.05 1.6
v -0.2 0.05 1.6
v 0 0.05 1.6
v 0.2 0.05 1.6
v 0.6 0.05 1.6
v 0.7 0.05 1.6
v -2.2 0.05 1.5
v -2 0.05 1.5
v -1.8 0.05 1.5
v -1.7 0.05 1.5
v -1.6 0.05 1.5
v -1.5 0.05 1.5
v -1 0.05 1.5
v -0.9 0.05 1.5
v -0.1 0.05 1.5
v 0 0.05 1.5
v 0.0999999 0.05 1.5
v 0.2 0.05 1.5
v -2.3 0.05 1.4
v -2.2 0.05 1.4
v -1.7 0.05 1.4
v -1.6 0.05 1.4
v -1.1 0.05 1.4
v -1 0.05 1.4
v -0.9 0.05 1.4
v -0.8 0.05 1.4
v 0 0.05 1.4
v 0.0999999 0.05 1.4
v 0.3 0.05 1.4
v 0.4 0.05 1.4
v 0.7 0.05 1.4
v 0.8 0.05 1.4
v -2.4 0.05 1.3
v -2.3 0.05 1.3
v -1.8 0.05 1.3
v -1.7 0.05 1.3
v -1 0.05 1.3
v -0.9 0.05 1.3
v -0.8 0.05 1.3
v -0.7 0.05 1.3
v -0.1 0.05 1.3
v 0 0.05 1.3
v 0.2 0.05 1.3
v 0.3 0.05 1.3
v 0.8 0.05 1.3
v 0.9 0.05 1.3
v -2.5 0.05 1.2
v -2.4 0.05 1.2
v -0.9 0.05 1.2
v -0.8 0.05 1.2
v -0.7 0.05 1.2
v -0.6 0.05 1.2
v 0.0999999 0.05 1.2
v 0.2 0.05 1.2
v 0.3 0.05 1.2
v 0.4 0.05 1.2
v 0.9 0.05 1.2
v 1 0.05 1.2
v -2.6 0.05 1.1
v -2.5 0.05 1.1
v -2.1 0.05 1.1
v -1.3 0.05 1.1
v -0.8 0.05 1.1
v -0.7 0.05 1.1
v -0.6 0.05 1.1
v -0.5 0.05 1.1
v 0.0999999 0.05 1.1
v 0.3 0.05 1.1
v 1 0.05 1.1
v 1.1 0.05 1.1
v -2.8 0.05 1
v -2.6 0.05 1
v -2.2 0.05 1
v -2.1 0.05 1
v -2 0.05 1
v -1.4 0.05 1
v -0.5 0.05 1
v -0.4 0.05 1
v 0.8 0.05 1
v 1 0.05 1
v 1.1 0.05 1
v 1.2 0.05 1
v -2.8 0.05 0.9
v -2.7 0.05 0.9
v -2.3 0.05 0.9
v -2.2 0.05 0.9
v -2.1 0.05 0.9
v -2 0.05 0.9
v -1.9 0.05 0.9
v -1.8 0.05 0.9
v -1.7 0.05 0.9
v -1.6 0.05 0.9
v -1.5 0.05 0.9
v -0.7 0.05 0.9
v -0.6 0.05 0.9
v -0.4 0.05 0.9
v -0.2 0.05 0.9
v 0.7 0.05 0.9
v 0.8 0.05 0.9
v 0.9 0.05 0.9
v 1 0.05 0.9
v -2.7 0.05 0.8
v -2.6 0.05 0.8
v -2.3 0.05 0.8
v -2.2 0.05 0.8
v -2.1 0.05 0.8
v -2 0.05 0.8
v -1.9 0.05 0.8
v -1.8 0.05 0.8
v -1.7 0.05 0.8
v -1.6 0.05 0.8
v -1.5 0.05 0.8
v -0.2 0.05 0.8
v -0.1 0.05 0.8
v 0.6 0.05 0.8
v 0.7 0.05 0.8
v 0.8 0.05 0.8
v 0.9 0.05 0.8
v 1.2 0.05 0.8
v 1.3 0.05 0.8
v -2.6 0.05 0.7
v -2.5 0.05 0.7
v -2.2 0.05 0.7
v -2.1 0.05 0.7
v -2 0.05 0.7
v -1.4 0.05 0.7
v -0.1 0.05 0.7
v 0.0999999 0.05 0.7
v 0.7 0.05 0.7
v 0.8 0.05 0.7
v 0.9 0.05 0.7
v 1.1 0.05 0.7
v 1.3 0.05 0.7
v 1.4 0.05 0.7
v -2.5 0.05 0.6
v -2.4 0.05 0.6
v -2.1 0.05 0.6
v -1.3 0.05 0.6
v -0.6 0.05 0.6
v -0.5 0.05 0.6
v 0.0999999 0.05 0.6
v 0.3 0.05 0.6
v 0.6 0.05 0.6
v 0.7 0.05 0.6
v 0.8 0.05 0.6
v 0.9 0.05 0.6
v 1 0.05 0.6
v 1.1 0.05 0.6
v 1.4 0.05 0.6
v 1.5 0.05 0.6
v -2.4 0.05 0.5
v -2.3 0.05 0.5
v 0.3 0.05 0.5
v 0.5 0.05 0.5
v 0.9 0.05 0.5
v 1 0.05 0.5
v 1.5 0.05 0.5
v 1.6 0.05 0.5
v 0.2 0.05 0.4
v 0.4 0.05 0.4
v 0.5 0.05 0.4
v 0.6 0.05 0.4
v 0.8 0.05 0.4
v 0.9 0.05 0.4
v 1.6 0.05 0.4
v 1.7 0.05 0.4
v -2.3 0.05 0.3
v -2.2 0.05 0.3
v -1.1 0.05 0.3
v -0.9 0.05 0.3
v 0 0.05 0.3
v 0.2 0.05 0.3
v 0.4 0.05 0.3
v 0.5 0.05 0.3
v 0.6 0.05 0.3
v 0.7 0.05 0.3
v -2.2 0.05 0.2
v -2.1 0.05 0.2
v -1.2 0.05 0.2
v -1.1 0.05 0.2
v -1 0.05 0.2
v -0.9 0.05 0.2
v -0.1 0.05 0.2
v 0 0.05 0.2
v 0.5 0.05 0.2
v 0.6 0.05 0.2
v 0.7 0.05 0.2
v 0.8 0.05 0.2
v 1.7 0.05 0.2
v 1.8 0.05 0.2
v -2.1 0.05 0.0999999
v -2 0.05 0.0999999
v -1.3 0.05 0.0999999
v -1.2 0.05 0.0999999
v -1.1 0.05 0.0999999
v -1 0.05 0.0999999
v -0.2 0.05 0.0999999
v -0.1 0.05 0.0999999
v 0 0.05 0.0999999
v 0.2 0.05 0.0999999
v 0.6 0.05 0.0999999
v 0.7 0.05 0.0999999
v 0.8 0.05 0.0999999
v 0.9 0.05 0.0999999
v 1.8 0.05 0.0999999
v 1.9 0.05 0.0999999
v -2 0.05 0
v -1.9 0.05 0
v -1.4 0.05 0
v -1.3 0.05 0
v -1.2 0.05 0
v -1.1 0.05 0
v -0.3 0.05 0
v -0.2 0.05 0
v 0 0.05 0
v 0.0999999 0.05 0
v 0.2 0.05 0
v 0.3 0.05 0
v 0.7 0.05 0
v 0.8 0.05 0
v 0.9 0.05 0
v 1 0.05 0
v 1.9 0.05 0
v 2 0.05 0
v -1.9 0.05 -0.1
v -1.8 0.05 -0.1
v -1.3 0.05 -0.1
v -1.2 0.05 -0.1
v -0.5 0.05 -0.1
v -0.4 0.05 -0.1
v 0.0999999 0.05 -0.1
v 0.2 0.05 -0.1
v 0.3 0.05 -0.1
v 0.4 0.05 -0.1
v 0.8 0.05 -0.1
v 0.9 0.05 -0.1
v 1.4 0.05 -0.1
v 1.5 0.05 -0.1
v 2 0.05 -0.1
v 2.1 0.05 -0.1
v -1.8 0.05 -0.2
v -1.7 0.05 -0.2
v -1.4 0.05 -0.2
v -1.3 0.05 -0.2
v -1 0.05 -0.2
v -0.8 0.05 -0.2
v -0.3 0.05 -0.2
v -0.2 0.05 -0.2
v 0.2 0.05 -0.2
v 0.3 0.05 -0.2
v 0.4 0.05 -0.2
v 0.5 0.05 -0.2
v 1.3 0.05 -0.2
v 1.4 0.05 -0.2
v 1.5 0.05 -0.2
v 2.1 0.05 -0.2
v 2.2 0.05 -0.2
v -1.1 0.05 -0.3
v -1 0.05 -0.3
v -0.9 0.05 -0.3
v -0.8 0.05 -0.3
v -0.4 0.05 -0.3
v -0.3 0.05 -0.3
v -0.2 0.05 -0.3
v -0.1 0.05 -0.3
v 0.3 0.05 -0.3
v 0.4 0.05 -0.3
v 0.5 0.05 -0.3
v 0.6 0.05 -0.3
v 1.2 0.05 -0.3
v 1.3 0.05 -0.3
v 1.4 0.05 -0.3
v 2.2 0.05 -0.3
v 2.3 0.05 -0.3
v -1.7 0.05 -0.4
v -1.6 0.05 -0.4
v -1.2 0.05 -0.4
v -1.1 0.05 -0.4
v -1 0.05 -0.4
v -0.9 0.05 -0.4
v -0.3 0.05 -0.4
v -0.2 0.05 -0.4
v -0.1 0.05 -0.4
v 0 0.05 -0.4
v 0.4 0.05 -0.4
v 0.5 0.05 -0.4
v 0.6 0.05 -0.4
v 0.7 0.05 -0.4
v 1.1 0.05 -0.4
v 1.2 0.05 -0.4
v 1.3 0.05 -0.4
v 1.9 0.05 -0.4
v -1.6 0.05 -0.5
v -1.5 0.05 -0.5
v -1.1 0.05 -0.5
v -1 0.05 -0.5
v -0.2 0.05 -0.5
v -0.1 0.05 -0.5
v 0 0.05 -0.5
v 0.0999999 0.05 -0.5
v 0.5 0.05 -0.5
v 0.6 0.05 -0.5
v 1.1 0.05 -0.5
v 1.2 0.05 -0.5
v 1.3 0.05 -0.5
v 1.8 0.05 -0.5
v 1.9 0.05 -0.5
v 2 0.05 -0.5
v 2.3 0.05 -0.5
v 2.4 0.05 -0.5
v -1.5 0.05 -0.6
v -1.4 0.05 -0.6
v -1.2 0.05 -0.6
v -1.1 0.05 -0.6
v -0.9 0.05 -0.6
v -0.7 0.05 -0.6
v -0.1 0.05 -0.6
v 0 0.05 -0.6
v 0.0999999 0.05 -0.6
v 0.2 0.05 -0.6
v 0.6 0.05 -0.6
v 0.7 0.05 -0.6
v 1.2 0.05 -0.6
v 1.3 0.05 -0.6
v 1.4 0.05 -0.6
v 1.8 0.05 -0.6
v 1.9 0.05 -0.6
v 2 0.05 -0.6
v 2.1 0.05 -0.6
v 2.4 0.05 -0.6
v 2.5 0.05 -0.6
v -1.4 0.05 -0.7
v -1.3 0.05 -0.7
v -1 0.05 -0.7
v -0.9 0.05 -0.7
v -0.8 0.05 -0.7
v -0.7 0.05 -0.7
v 0 0.05 -0.7
v 0.0999999 0.05 -0.7
v 0.2 0.05 -0.7
v 0.3 0.05 -0.7
v 0.8 0.05 -0.7
v 0.9 0.05 -0.7
v 1.3 0.05 -0.7
v 1.4 0.05 -0.7
v 1.5 0.05 -0.7
v 1.9 0.05 -0.7
v 2 0.05 -0.7
v 2.5 0.05 -0.7
v 2.6 0.05 -0.7
v -1.3 0.05 -0.8
v -1.2 0.05 -0.8
v -0.9 0.05 -0.8
v -0.8 0.05 -0.8
v 0.0999999 0.05 -0.8
v 0.2 0.05 -0.8
v 0.3 0.05 -0.8
v 0.8 0.05 -0.8
v 0.9 0.05 -0.8
v 1 0.05 -0.8
v 1.4 0.05 -0.8
v 1.5 0.05 -0.8
v 2 0.05 -0.8
v 2.1 0.05 -0.8
v 2.6 0.05 -0.8
v 2.7 0.05 -0.8
v -1 0.05 -0.9
v -0.9 0.05 -0.9
v 0.2 0.05 -0.9
v 0.9 0.05 -0.9
v 2.7 0.05 -0.9
v 2.8 0.05 -0.9
v -1.2 0.05 -1
v -1.1 0.05 -1
v 1.7 0.05 -1
v 1.9 0.05 -1
v 2.6 0.05 -1
v 2.8 0.05 -1
v -1.1 0.05 -1.1
v -1 0.05 -1.1
v 1.6 0.05 -1.1
v 1.7 0.05 -1.1
v 1.8 0.05 -1.1
v 1.9 0.05 -1.1
v 2.5 0.05 -1.1
v 2.6 0.05 -1.1
v -1 0.05 -1.2
v -0.9 0.05 -1.2
v 1.5 0.05 -1.2
v 1.6 0.05 -1.2
v 1.7 0.05 -1.2
v 1.8 0.05 -1.2
v 1.9 0.05 -1.2
v 2.1 0.05 -1.2
v 2.4 0.05 -1.2
v 2.5 0.05 -1.2
v -0.9 0.05 -1.3
v -0.8 0.05 -1.3
v 1.6 0.05 -1.3
v 1.7 0.05 -1.3
v 1.8 0.05 -1.3
v 1.9 0.05 -1.3
v 2 0.05 -1.3
v 2.1 0.05 -1.3
v 2.3 0.05 -1.3
v 2.4 0.05 -1.3
v -0.8 0.05 -1.4
v -0.7 0.05 -1.4
v 1.5 0.05 -1.4
v 1.6 0.05 -1.4
v 1.7 0.05 -1.4
v 1.8 0.05 -1.4
v 1.9 0.05 -1.4
v 2 0.05 -1.4
v 2.2 0.05 -1.4
v 2.3 0.05 -1.4
v 1.6 0.05 -1.5
v 1.7 0.05 -1.5
v 1.8 0.05 -1.5
v 1.9 0.05 -1.5
v 2 0.05 -1.5
v 2.2 0.05 -1.5
v -0.7 0.05 -1.6
v -0.6 0.05 -1.6
v 0.2 0.05 -1.6
v 0.4 0.05 -1.6
v 0.6 0.05 -1.6
v 0.8 0.05 -1.6
v 1.5 0.05 -1.6
v 1.6 0.05 -1.6
v 1.7 0.05 -1.6
v 1.8 0.05 -1.6
v 1.9 0.05 -1.6
v 2 0.05 -1.6
v -0.6 0.05 -1.7
v -0.5 0.05 -1.7
v 0.0999999 0.05 -1.7
v 0.2 0.05 -1.7
v 0.3 0.05 -1.7
v 0.4 0.05 -1.7
v 0.5 0.05 -1.7
v 0.6 0.05 -1.7
v 0.7 0.05 -1.7
v 0.8 0.05 -1.7
v 1.5 0.05 -1.7
v 1.7 0.05 -1.7
v 1.8 0.05 -1.7
v 1.9 0.05 -1.7
v -0.5 0.05 -1.8
v -0.4 0.05 -1.8
v 0 0.05 -1.8
v 0.0999999 0.05 -1.8
v 0.2 0.05 -1.8
v 0.3 0.05 -1.8
v 0.4 0.05 -1.8
v 0.5 0.05 -1.8
v 0.6 0.05 -1.8
v 0.7 0.05 -1.8
v 1.7 0.05 -1.8
v 1.8 0.05 -1.8
v -0.4 0.05 -1.9
v -0.3 0.05 -1.9
v 0.0999999 0.05 -1.9
v 0.2 0.05 -1.9
v 0.5 0.05 -1.9
v 0.6 0.05 -1.9
v 1.6 0.05 -1.9
v 1.7 0.05 -1.9
v -0.3 0.05 -2
v -0.2 0.05 -2
v 0 0.05 -2
v 0.0999999 0.05 -2
v 0.4 0.05 -2
v 0.5 0.05 -2
v 1.4 0.05 -2
v 1.6 0.05 -2
v 0.6 0.05 -2.1
v 0.8 0.05 -2.1
v 1.3 0.05 -2.1
v 1.4 0.05 -2.1
v -0.2 0.05 -2.2
v -0.1 0.05 -2.2
v 0.5 0.05 -2.2
v 0.6 0.05 -2.2
v 0.7 0.05 -2.2
v 0.8 0.05 -2.2
v 1.2 0.05 -2.2
v 1.3 0.05 -2.2
v -0.1 0.05 -2.3
v 0 0.05 -2.3
v 0.4 0.05 -2.3
v 0.5 0.05 -2.3
v 0.6 0.05 -2.3
v 0.7 0.05 -2.3
v 1.1 0.05 -2.3
v 1.2 0.05 -2.3
v 0 0.05 -2.4
v 0.0999999 0.05 -2.4
v 0.3 0.05 -2.4
v 0.4 0.05 -2.4
v 0.5 0.05 -2.4
v 0.6 0.05 -2.4
v 1 0.05 -2.4
v 1.1 0.05 -2.4
v 0.0999999 0.05 -2.5
v 0.2 0.05 -2.5
v 0.3 0.05 -2.5
v 0.5 0.05 -2.5
v 0.9 0.05 -2.5
v 1 0.05 -2.5
v 0.2 0.05 -2.6
v 0.3 0.05 -2.6
v 0.7 0.05 -2.6
v 0.9 0.05 -2.6
v 0.6 0.05 -2.7
v 0.7 0.05 -2.7
v 0.3 0.05 -2.8
v 0.4 0.05 -2.8
v 0.5 0.05 -2.8
v 0.6 0.05 -2.8
v 0.4 0.05 -2.9
v 0.5 0.05 -2.9

# faces
f 3/1/1 2/1/1 1/1/1
f 4/1/1 2/1/1 3/1/1
f 7/1/1 6/1/1 5/1/1
f 8/1/1 6/1/1 7/1/1
f 13/1/1 10/1/1 9/1/1
f 14/1/1 10/1/1 13/1/1
f 15/1/1 12/1/1 11/1/1
f 16/1/1 12/1/1 15/1/1
f 21/1/1 18/1/1 17/1/1
f 22/1/1 18/1/1 21/1/1
f 23/1/1 20/1/1 19/1/1
f 24/1/1 20/1/1 23/1/1
f 29/1/1 26/1/1 25/1/1
f 30/1/1 26/1/1 29/1/1
f 31/1/1 28/1/1 27/1/1
f 32/1/1 28/1/1 31/1/1
f 37/1/1 34/1/1 33/1/1
f 38/1/1 34/1/1 37/1/1
f 39/1/1 36/1/1 35/1/1
f 40/1/1 36/1/1 39/1/1
f 45/1/1 42/1/1 41/1/1
f 46/1/1 42/1/1 45/1/1
f 47/1/1 44/1/1 43/1/1
f 48/1/1 44/1/1 47/1/1
f 51/1/1 50/1/1 49/1/1
f 52/1/1 50/1/1 51/1/1
f 57/1/1 54/1/1 53/1/1
f 58/1/1 54/1/1 57/1/1
f 59/1/1 56/1/1 55/1/1
f 60/1/1 56/1/1 59/1/1
f 65/1/1 62/1/1 61/1/1
f 66/1/1 62/1/1 65/1/1
f 67/1/1 64/1/1 63/1/1
f 68/1/1 64/1/1 67/1/1
f 73/1/1 70/1/1 69/1/1
f 74/1/1 70/1/1 73/1/1
f 75/1/1 72/1/1 71/1/1
f 76/1/1 72/1/1 75/1/1
f 81/1/1 78/1/1 77/1/1
f 82/1/1 78/1/1 81/1/1
f 83/1/1 80/1/1 79/1/1
f 84/1/1 80/1/1 83/1/1
f 89/1/1 86/1/1 85/1/1
f 90/1/1 86/1/1 89/1/1
f 91/1/1 88/1/1 87/1/1
f 92/1/1 88/1/1 91/1/1
f 95/1/1 94/1/1 93/1/1
f 96/1/1 94/1/1 95/1/1
f 101/1/1 98/1/1 97/1/1
f 102/1/1 98/1/1 101/1/1
f 103/1/1 100/1/1 99/1/1
f 104/1/1 100/1/1 103/1/1
f 109/1/1 106/1/1 105/1/1
f 110/1/1 106/1/1 109/1/1
f 111/1/1 108/1/1 107/1/1
f 112/1/1 108/1/1 111/1/1
f 117/1/1 114/1/1 113/1/1
f 118/1/1 114/1/1 117/1/1
f 119/1/1 116/1/1 115/1/1
f 120/1/1 116/1/1 119/1/1
f 125/1/1 122/1/1 121/1/1
f 126/1/1 122/1/1 125/1/1
f 127/1/1 124/1/1 123/1/1
f 128/1/1 124/1/1 127/1/1
f 133/1/1 130/1/1 129/1/1
f 134/1/1 130/1/1 133/1/1
f 135/1/1 132/1/1 131/1/1
f 136/1/1 132/1/1 135/1/1
f 141/1/1 138/1/1 137/1/1
f 142/1/1 138/1/1 141/1/1
f 143/1/1 140/1/1 139/1/1
f 144/1/1 140/1/1 143/1/1
f 147/1/1 146/1/1 145/1/1
f 148/1/1 146/1/1 147/1/1
f 153/1/1 150/1/1 149/1/1
f 154/1/1 150/1/1 153/1/1
f 155/1/1 152/1/1 151/1/1
f 156/1/1 152/1/1 155/1/1
f 161/1/1 158/1/1 157/1/1
f 162/1/1 158/1/1 161/1/1
f 163/1/1 160/1/1 159/1/1
f 164/1/1 160/1/1 163/1/1
f 169/1/1 166/1/1 165/1/1
f 170/1/1 166/1/1 169/1/1
f 171/1/1 168/1/1 167/1/1
f 172/1/1 168/1/1 171/1/1
f 175/1/1 174/1/1 173/1/1
f 176/1/1 174/1/1 175/1/1
f 179/1/1 178/1/1 177/1/1
f 180/1/1 178/1/1 179/1/1
f 183/1/1 182/1/1 181/1/1
f 184/1/1 182/1/1 183/1/1
f 187/1/1 186/1/1 185/1/1
f 188/1/1 186/1/1 187/1/1
f 191/1/1 190/1/1 189/1/1
f 192/1/1 190/1/1 191/1/1
f 195/1/1 194/1/1 193/1/1
f 196/1/1 194/1/1 195/1/1
f 199/1/1 198/1/1 197/1/1
f 200/1/1 198/1/1 199/1/1
f 203/1/1 202/1/1 201/1/1
f 204/1/1 202/1/1 203/1/1
f 207/1/1 206/1/1 205/1/1
f 208/1/1 206/1/1 207/1/1
f 209/1/2 210/1/2 211/1/2
f 211/1/2 210/1/2 212/1/2
f 213/1/2 214/1/2 215/1/2
f 215/1/2 214/1/2 216/1/2
f 217/1/2 218/1/2 219/1/2
f 219/1/2 218/1/2 220/1/2
f 221/1/2 222/1/2 223/1/2
f 223/1/2 222/1/2 224/1/2
f 225/1/2 226/1/2 227/1/2
f 227/1/2 226/1/2 228/1/2
f 229/1/2 230/1/2 231/1/2
f 231/1/2 230/1/2 232/1/2
f 233/1/2 234/1/2 235/1/2
f 235/1/2 234/1/2 236/1/2
f 237/1/2 238/1/2 239/1/2
f 239/1/2 238/1/2 240/1/2
f 241/1/2 242/1/2 243/1/2
f 243/1/2 242/1/2 244/1/2
f 245/1/2 246/1/2 249/1/2
f 249/1/2 246/1/2 250/1/2
f 247/1/2 248/1/2 251/1/2
f 251/1/2 248/1/2 252/1/2
f 253/1/2 254/1/2 257/1/2
f 257/1/2 254/1/2 258/1/2
f 255/1/2 256/1/2 259/1/2
f 259/1/2 256/1/2 260/1/2
f 261/1/2 262/1/2 265/1/2
f 265/1/2 262/1/2 266/1/2
f 263/1/2 264/1/2 267/1/2
f 267/1/2 264/1/2 268/1/2
f 269/1/2 270/1/2 271/1/2
f 271/1/2 270/1/2 272/1/2
f 273/1/2 274/1/2 277/1/2
f 277/1/2 274/1/2 278/1/2
f 275/1/2 276/1/2 279/1/2
f 279/1/2 276/1/2 280/1/2
f 281/1/2 282/1/2 285/1/2
f 285/1/2 282/1/2 286/1/2
f 283/1/2 284/1/2 287/1/2
f 287/1/2 284/1/2 288/1/2
f 289/1/2 290/1/2 293/1/2
f 293/1/2 290/1/2 294/1/2
f 291/1/2 292/1/2 295/1/2
f 295/1/2 292/1/2 296/1/2
f 297/1/2 298/1/2 301/1/2
f 301/1/2 298/1/2 302/1/2
f 299/1/2 300/1/2 303/1/2
f 303/1/2 300/1/2 304/1/2
f 305/1/2 306/1/2 309/1/2
f 309/1/2 306/1/2 310/1/2
f 307/1/2 308/1/2 311/1/2
f 311/1/2 308/1/2 312/1/2
f 313/1/2 314/1/2 317/1/2
f 317/1/2 314/1/2 318/1/2
f 315/1/2 316/1/2 319/1/2
f 319/1/2 316/1/2 320/1/2
f 321/1/2 322/1/2 323/1/2
f 323/1/2 322/1/2 324/1/2
f 325/1/2 326/1/2 329/1/2
f 329/1/2 326/1/2 330/1/2
f 327/1/2 328/1/2 331/1/2
f 331/1/2 328/1/2 332/1/2
f 333/1/2 334/1/2 337/1/2
f 337/1/2 334/1/2 338/1/2
f 335/1/2 336/1/2 339/1/2
f 339/1/2 336/1/2 340/1/2
f 341/1/2 342/1/2 345/1/2
f 345/1/2 342/1/2 346/1/2
f 343/1/2 344/1/2 347/1/2
f 347/1/2 344/1/2 348/1/2
f 349/1/2 350/1/2 353/1/2
f 353/1/2 350/1/2 354/1/2
f 351/1/2 352/1/2 355/1/2
f 355/1/2 352/1/2 356/1/2
f 357/1/2 358/1/2 361/1/2
f 361/1/2 358/1/2 362/1/2
f 359/1/2 360/1/2 363/1/2
f 363/1/2 360/1/2 364/1/2
f 365/1/2 366/1/2 367/1/2
f 367/1/2 366/1/2 368/1/2
f 369/1/2 370/1/2 373/1/2
f 373/1/2 370/1/2 374/1/2
f 371/1/2 372/1/2 375/1/2
f 375/1/2 372/1/2 376/1/2
f 377/1/2 378/1/2 381/1/2
f 381/1/2 378/1/2 382/1/2
f 379/1/2 380/1/2 383/1/2
f 383/1/2 380/1/2 384/1/2
f 385/1/2 386/1/2 389/1/2
f 389/1/2 386/1/2 390/1/2
f 387/1/2 388/1/2 391/1/2
f 391/1/2 388/1/2 392/1/2
f 393/1/2 394/1/2 397/1/2
f 397/1/2 394/1/2 398/1/2
f 395/1/2 396/1/2 399/1/2
f 399/1/2 396/1/2 400/1/2
f 401/1/2 402/1/2 405/1/2
f 405/1/2 402/1/2 406/1/2
f 403/1/2 404/1/2 407/1/2
f 407/1/2 404/1/2 408/1/2
f 409/1/2 410/1/2 411/1/2
f 411/1/2 410/1/2 412/1/2
f 413/1/2 414/1/2 415/1/2
f 415/1/2 414/1/2 416/1/2
f 419/1/3 418/1/3 417/1/3
f 420/1/3 418/1/3 419/1/3
f 423/1/3 422/1/3 421/1/3
f 424/1/3 422/1/3 423/1/3
f 427/1/3 426/1/3 425/1/3
f 428/1/3 426/1/3 427/1/3
f 431/1/3 430/1/3 429/1/3
f 432/1/3 430/1/3 431/1/3
f 435/1/3 434/1/3 433/1/3
f 436/1/3 434/1/3 435/1/3
f 439/1/3 438/1/3 437/1/3
f 440/1/3 438/1/3 439/1/3
f 443/1/3 442/1/3 441/1/3
f 444/1/3 442/1/3 443/1/3
f 447/1/3 446/1/3 445/1/3
f 448/1/3 446/1/3 447/1/3
f 451/1/3 450/1/3 449/1/3
f 452/1/3 450/1/3 451/1/3
f 455/1/3 454/1/3 453/1/3
f 456/1/3 454/1/3 455/1/3
f 459/1/3 458/1/3 457/1/3
f 460/1/3 458/1/3 459/1/3
f 463/1/3 462/1/3 461/1/3
f 464/1/3 462/1/3 463/1/3
f 467/1/3 466/1/3 465/1/3
f 468/1/3 466/1/3 467/1/3
f 471/1/3 470/1/3 469/1/3
f 472/1/3 470/1/3 471/1/3
f 475/1/3 474/1/3 473/1/3
f 476/1/3 474/1/3 475/1/3
f 479/1/3 478/1/3 477/1/3
f 480/1/3 478/1/3 479/1/3
f 483/1/3 482/1/3 481/1/3
f 484/1/3 482/1/3 483/1/3
f 487/1/3 486/1/3 485/1/3
f 488/1/3 486/1/3 487/1/3
f 491/1/3 490/1/3 489/1/3
f 492/1/3 490/1/3 491/1/3
f 495/1/3 494/1/3 493/1/3
f 496/1/3 494/1/3 495/1/3
f 499/1/3 498/1/3 497/1/3
f 500/1/3 498/1/3 499/1/3
f 503/1/3 502/1/3 501/1/3
f 504/1/3 502/1/3 503/1/3
f 507/1/3 506/1/3 505/1/3
f 508/1/3 506/1/3 507/1/3
f 511/1/3 510/1/3 509/1/3
f 512/1/3 510/1/3 511/1/3
f 515/1/3 514/1/3 513/1/3
f 516/1/3 514/1/3 515/1/3
f 519/1/3 518/1/3 517/1/3
f 520/1/3 518/1/3 519/1/3
f 523/1/3 522/1/3 521/1/3
f 524/1/3 522/1/3 523/1/3
f 527/1/3 526/1/3 525/1/3
f 528/1/3 526/1/3 527/1/3
f 531/1/3 530/1/3 529/1/3
f 532/1/3 530/1/3 531/1/3
f 535/1/3 534/1/3 533/1/3
f 536/1/3 534/1/3 535/1/3
f 539/1/3 538/1/3 537/1/3
f 540/1/3 538/1/3 539/1/3
f 543/1/3 542/1/3 541/1/3
f 544/1/3 542/1/3 543/1/3
f 547/1/3 546/1/3 545/1/3
f 548/1/3 546/1/3 547/1/3
f 551/1/3 550/1/3 549/1/3
f 552/1/3 550/1/3 551/1/3
f 555/1/3 554/1/3 553/1/3
f 556/1/3 554/1/3 555/1/3
f 559/1/3 558/1/3 557/1/3
f 560/1/3 558/1/3 559/1/3
f 563/1/3 562/1/3 561/1/3
f 564/1/3 562/1/3 563/1/3
f 567/1/3 566/1/3 565/1/3
f 568/1/3 566/1/3 567/1/3
f 571/1/3 570/1/3 569/1/3
f 572/1/3 570/1/3 571/1/3
f 575/1/3 574/1/3 573/1/3
f 576/1/3 574/1/3 575/1/3
f 579/1/3 578/1/3 577/1/3
f 580/1/3 578/1/3 579/1/3
f 583/1/3 582/1/3 581/1/3
f 584/1/3 582/1/3 583/1/3
f 587/1/3 586/1/3 585/1/3
f 588/1/3 586/1/3 587/1/3
f 591/1/3 590/1/3 589/1/3
f 592/1/3 590/1/3 591/1/3
f 595/1/3 594/1/3 593/1/3
f 596/1/3 594/1/3 595/1/3
f 599/1/3 598/1/3 597/1/3
f 600/1/3 598/1/3 599/1/3
f 603/1/3 602/1/3 601/1/3
f 604/1/3 602/1/3 603/1/3
f 607/1/3 606/1/3 605/1/3
f 608/1/3 606/1/3 607/1/3
f 611/1/3 610/1/3 609/1/3
f 612/1/3 610/1/3 611/1/3
f 615/1/3 614/1/3 613/1/3
f 616/1/3 614/1/3 615/1/3
f 619/1/3 618/1/3 617/1/3
f 620/1/3 618/1/3 619/1/3
f 623/1/3 622/1/3 621/1/3
f 624/1/3 622/1/3 623/1/3
f 625/1/4 626/1/4 627/1/4
f 627/1/4 626/1/4 628/1/4
f 629/1/4 630/1/4 631/1/4
f 631/1/4 630/1/4 632/1/4
f 633/1/4 634/1/4 635/1/4
f 635/1/4 634/1/4 636/1/4
f 637/1/4 638/1/4 639/1/4
f 639/1/4 638/1/4 640/1/4
f 641/1/4 642/1/4 643/1/4
f 643/1/4 642/1/4 644/1/4
f 645/1/4 646/1/4 647/1/4
f 647/1/4 646/1/4 648/1/4
f 649/1/4 650/1/4 651/1/4
f 651/1/4 650/1/4 652/1/4
f 653/1/4 654/1/4 655/1/4
f 655/1/4 654/1/4 656/1/4
f 657/1/4 658/1/4 659/1/4
f 659/1/4 658/1/4 660/1/4
f 661/1/4 662/1/4 663/1/4
f 663/1/4 662/1/4 664/1/4
f 665/1/4 666/1/4 667/1/4
f 667/1/4 666/1/4 668/1/4
f 669/1/4 670/1/4 671/1/4
f 671/1/4 670/1/4 672/1/4
f 673/1/4 674/1/4 675/1/4
f 675/1/4 674/1/4 676/1/4
f 677/1/4 678/1/4 679/1/4
f 679/1/4 678/1/4 680/1/4
f 681/1/4 682/1/4 683/1/4
f 683/1/4 682/1/4 684/1/4
f 685/1/4 686/1/4 687/1/4
f 687/1/4 686/1/4 688/1/4
f 689/1/4 690/1/4 691/1/4
f 691/1/4 690/1/4 692/1/4
f 693/1/4 694/1/4 695/1/4
f 695/1/4 694/1/4 696/1/4
f 697/1/4 698/1/4 699/1/4
f 699/1/4 698/1/4 700/1/4
f 701/1/4 702/1/4 703/1/4
f 703/1/4 702/1/4 704/1/4
f 705/1/4 706/1/4 707/1/4
f 707/1/4 706/1/4 708/1/4
f 709/1/4 710/1/4 711/1/4
f 711/1/4 710/1/4 712/1/4
f 713/1/4 714/1/4 715/1/4
f 715/1/4 714/1/4 716/1/4
f 717/1/4 718/1/4 719/1/4
f 719/1/4 718/1/4 720/1/4
f 721/1/4 722/1/4 723/1/4
f 723/1/4 722/1/4 724/1/4
f 725/1/4 726/1/4 727/1/4
f 727/1/4 726/1/4 728/1/4
f 729/1/4 730/1/4 731/1/4
f 731/1/4 730/1/4 732/1/4
f 733/1/4 734/1/4 735/1/4
f 735/1/4 734/1/4 736/1/4
f 737/1/4 738/1/4 739/1/4
f 739/1/4 738/1/4 740/1/4
f 741/1/4 742/1/4 743/1/4
f 743/1/4 742/1/4 744/1/4
f 745/1/4 746/1/4 747/1/4
f 747/1/4 746/1/4 748/1/4
f 749/1/4 750/1/4 751/1/4
f 751/1/4 750/1/4 752/1/4
f 753/1/4 754/1/4 755/1/4
f 755/1/4 754/1/4 756/1/4
f 757/1/4 758/1/4 759/1/4
f 759/1/4 758/1/4 760/1/4
f 761/1/4 762/1/4 763/1/4
f 763/1/4 762/1/4 764/1/4
f 765/1/4 766/1/4 767/1/4
f 767/1/4 766/1/4 768/1/4
f 769/1/4 770/1/4 771/1/4
f 771/1/4 770/1/4 772/1/4
f 773/1/4 774/1/4 775/1/4
f 775/1/4 774/1/4 776/1/4
f 777/1/4 778/1/4 779/1/4
f 779/1/4 778/1/4 780/1/4
f 781/1/4 782/1/4 783/1/4
f 783/1/4 782/1/4 784/1/4
f 785/1/4 786/1/4 787/1/4
f 787/1/4 786/1/4 788/1/4
f 789/1/4 790/1/4 791/1/4
f 791/1/4 790/1/4 792/1/4
f 793/1/4 794/1/4 795/1/4
f 795/1/4 794/1/4 796/1/4
f 797/1/4 798/1/4 799/1/4
f 799/1/4 798/1/4 800/1/4
f 801/1/4 802/1/4 803/1/4
f 803/1/4 802/1/4 804/1/4
f 805/1/4 806/1/4 807/1/4
f 807/1/4 806/1/4 808/1/4
f 809/1/4 810/1/4 811/1/4
f 811/1/4 810/1/4 812/1/4
f 813/1/4 814/1/4 815/1/4
f 815/1/4 814/1/4 816/1/4
f 817/1/4 818/1/4 819/1/4
f 819/1/4 818/1/4 820/1/4
f 821/1/4 822/1/4 823/1/4
f 823/1/4 822/1/4 824/1/4
f 825/1/4 826/1/4 827/1/4
f 827/1/4 826/1/4 828/1/4
f 829/1/4 830/1/4 831/1/4
f 831/1/4 830/1/4 832/1/4
f 836/1/5 834/1/5 833/1/5
f 837/1/5 834/1/5 836/1/5
f 840/1/5 836/1/5 835/1/5
f 840/1/5 838/1/5 837/1/5
f 840/1/5 837/1/5 836/1/5
f 842/1/5 840/1/5 839/1/5
f 843/1/5 838/1/5 840/1/5
f 843/1/5 840/1/5 842/1/5
f 846/1/5 842/1/5 841/1/5
f 846/1/5 844/1/5 843/1/5
f 846/1/5 843/1/5 842/1/5
f 847/1/5 844/1/5 846/1/5
f 848/1/5 844/1/5 847/1/5
f 849/1/5 844/1/5 848/1/5
f 852/1/5 846/1/5 845/1/5
f 852/1/5 847/1/5 846/1/5
f 853/2/5 848/2/5 847/2/5
f 853/1/5 847/1/5 852/1/5
f 854/1/5 850/1/5 849/1/5
f 854/2/5 848/2/5 853/2/5
f 854/1/5 849/1/5 848/1/5
f 855/1/5 850/1/5 854/1/5
f 856/1/5 850/1/5 855/1/5
f 859/1/5 853/1/5 852/1/5
f 859/1/5 852/1/5 851/1/5
f 859/1/5 854/1/5 853/1/5
f 860/1/5 854/1/5 859/1/5
f 861/2/5 855/2/5 854/2/5
f 861/1/5 854/1/5 860/1/5
f 862/1/5 857/1/5 856/1/5
f 862/2/5 855/2/5 861/2/5
f 862/1/5 856/1/5 855/1/5
f 863/1/5 857/1/5 862/1/5
f 864/1/5 857/1/5 863/1/5
f 867/1/5 859/1/5 858/1/5
f 867/1/5 860/1/5 859/1/5
f 868/1/5 860/1/5 867/1/5
f 869/1/5 860/1/5 868/1/5
f 870/1/5 862/1/5 861/1/5
f 870/2/5 863/2/5 862/2/5
f 871/1/5 865/1/5 864/1/5
f 871/2/5 863/2/5 870/2/5
f 871/1/5 864/1/5 863/1/5
f 872/1/5 865/1/5 871/1/5
f 873/1/5 865/1/5 872/1/5
f 876/1/5 868/1/5 867/1/5
f 876/1/5 867/1/5 866/1/5
f 877/2/5 869/2/5 868/2/5
f 877/1/5 868/1/5 876/1/5
f 878/1/5 860/1/5 869/1/5
f 878/2/5 869/2/5 877/2/5
f 879/1/5 860/1/5 878/1/5
f 880/1/5 871/1/5 870/1/5
f 880/2/5 872/2/5 871/2/5
f 881/1/5 874/1/5 873/1/5
f 881/2/5 872/2/5 880/2/5
f 881/1/5 873/1/5 872/1/5
f 882/1/5 874/1/5 881/1/5
f 884/1/5 877/1/5 876/1/5
f 884/1/5 876/1/5 875/1/5
f 884/1/5 878/1/5 877/1/5
f 885/2/5 879/2/5 878/2/5
f 885/1/5 878/1/5 884/1/5
f 886/1/5 860/1/5 879/1/5
f 886/2/5 879/2/5 885/2/5
f 887/2/5 861/2/5 860/2/5
f 887/1/5 860/1/5 886/1/5
f 888/1/5 870/1/5 861/1/5
f 888/2/5 861/2/5 887/2/5
f 888/1/5 880/1/5 870/1/5
f 888/1/5 881/1/5 880/1/5
f 889/2/5 882/2/5 881/2/5
f 889/1/5 881/1/5 888/1/5
f 890/1/5 874/1/5 882/1/5
f 890/2/5 882/2/5 889/2/5
f 891/1/5 874/1/5 890/1/5
f 892/1/5 874/1/5 891/1/5
f 895/1/5 886/1/5 885/1/5
f 895/1/5 885/1/5 884/1/5
f 895/1/5 884/1/5 883/1/5
f 896/2/5 887/2/5 886/2/5
f 896/1/5 886/1/5 895/1/5
f 897/1/5 888/1/5 887/1/5
f 897/2/5 887/2/5 896/2/5
f 898/2/5 889/2/5 888/2/5
f 898/1/5 888/1/5 897/1/5
f 899/1/5 890/1/5 889/1/5
f 899/2/5 889/2/5 898/2/5
f 900/2/5 891/2/5 890/2/5
f 900/1/5 890/1/5 899/1/5
f 901/1/5 893/1/5 892/1/5
f 901/2/5 891/2/5 900/2/5
f 901/1/5 892/1/5 891/1/5
f 902/1/5 893/1/5 901/1/5
f 905/1/5 895/1/5 894/1/5
f 905/1/5 897/1/5 896/1/5
f 905/1/5 896/1/5 895/1/5
f 906/2/5 898/2/5 897/2/5
f 906/1/5 897/1/5 905/1/5
f 907/1/5 900/1/5 899/1/5
f 907/2/5 898/2/5 906/2/5
f 907/1/5 903/1/5 902/1/5
f 907/1/5 902/1/5 901/1/5
f 907/1/5 901/1/5 900/1/5
f 907/1/5 899/1/5 898/1/5
f 908/1/5 903/1/5 907/1/5
f 909/1/5 903/1/5 908/1/5
f 912/1/5 906/1/5 905/1/5
f 912/1/5 905/1/5 904/1/5
f 912/1/5 907/1/5 906/1/5
f 913/1/5 907/1/5 912/1/5
f 914/1/5 907/1/5 913/1/5
f 915/2/5 908/2/5 907/2/5
f 915/1/5 907/1/5 914/1/5
f 916/1/5 910/1/5 909/1/5
f 916/2/5 908/2/5 915/2/5
f 916/1/5 909/1/5 908/1/5
f 917/1/5 910/1/5 916/1/5
f 918/1/5 910/1/5 917/1/5
f 921/1/5 913/1/5 912/1/5
f 921/1/5 912/1/5 911/1/5
f 922/1/5 913/1/5 921/1/5
f 923/2/5 914/2/5 913/2/5
f 923/1/5 913/1/5 922/1/5
f 924/2/5 914/2/5 923/2/5
f 925/1/5 915/1/5 914/1/5
f 925/2/5 914/2/5 924/2/5
f 925/1/5 916/1/5 915/1/5
f 926/1/5 916/1/5 925/1/5
f 927/1/5 916/1/5 926/1/5
f 928/2/5 917/2/5 916/2/5
f 928/1/5 916/1/5 927/1/5
f 929/1/5 919/1/5 918/1/5
f 929/2/5 917/2/5 928/2/5
f 929/1/5 918/1/5 917/1/5
f 930/1/5 919/1/5 929/1/5
f 931/1/5 919/1/5 930/1/5
f 932/1/5 919/1/5 931/1/5
f 935/1/5 922/1/5 921/1/5
f 935/1/5 921/1/5 920/1/5
f 936/1/5 922/1/5 935/1/5
f 937/2/5 924/2/5 923/2/5
f 937/1/5 922/1/5 936/1/5
f 937/2/5 923/2/5 922/2/5
f 938/2/5 924/2/5 937/2/5
f 939/1/5 926/1/5 925/1/5
f 939/2/5 924/2/5 938/2/5
f 939/1/5 925/1/5 924/1/5
f 940/1/5 928/1/5 927/1/5
f 940/2/5 927/2/5 926/2/5
f 940/1/5 929/1/5 928/1/5
f 940/1/5 930/1/5 929/1/5
f 941/1/5 930/1/5 940/1/5
f 942/1/5 930/1/5 941/1/5
f 943/2/5 931/2/5 930/2/5
f 943/1/5 930/1/5 942/1/5
f 944/2/5 931/2/5 943/2/5
f 945/1/5 933/1/5 932/1/5
f 945/2/5 931/2/5 944/2/5
f 945/1/5 932/1/5 931/1/5
f 947/1/5 936/1/5 935/1/5
f 947/1/5 935/1/5 934/1/5
f 948/2/5 938/2/5 937/2/5
f 948/2/5 937/2/5 936/2/5
f 949/1/5 939/1/5 938/1/5
f 949/2/5 938/2/5 948/2/5
f 950/1/5 926/1/5 939/1/5
f 950/1/5 939/1/5 949/1/5
f 950/2/5 940/2/5 926/2/5
f 950/2/5 941/2/5 940/2/5
f 951/2/5 941/2/5 950/2/5
f 952/1/5 942/1/5 941/1/5
f 952/2/5 941/2/5 951/2/5
f 953/1/5 942/1/5 952/1/5
f 954/2/5 944/2/5 943/2/5
f 954/2/5 943/2/5 942/2/5
f 955/1/5 945/1/5 944/1/5
f 955/2/5 944/2/5 954/2/5
f 956/1/5 933/1/5 945/1/5
f 956/1/5 945/1/5 955/1/5
f 957/1/5 933/1/5 956/1/5
f 958/1/5 933/1/5 957/1/5
f 961/1/5 947/1/5 946/1/5
f 962/2/5 948/2/5 936/2/5
f 962/1/5 936/1/5 947/1/5
f 962/1/5 947/1/5 961/1/5
f 963/1/5 949/1/5 948/1/5
f 963/2/5 948/2/5 962/2/5
f 963/1/5 951/1/5 950/1/5
f 963/1/5 950/1/5 949/1/5
f 964/2/5 953/2/5 952/2/5
f 964/1/5 951/1/5 963/1/5
f 964/2/5 952/2/5 951/2/5
f 965/2/5 953/2/5 964/2/5
f 966/1/5 942/1/5 953/1/5
f 966/2/5 953/2/5 965/2/5
f 967/1/5 942/1/5 966/1/5
f 968/2/5 954/2/5 942/2/5
f 968/1/5 942/1/5 967/1/5
f 969/1/5 955/1/5 954/1/5
f 969/2/5 954/2/5 968/2/5
f 969/1/5 956/1/5 955/1/5
f 970/1/5 956/1/5 969/1/5
f 971/2/5 957/2/5 956/2/5
f 971/1/5 956/1/5 970/1/5
f 972/1/5 959/1/5 958/1/5
f 972/1/5 958/1/5 957/1/5
f 975/1/5 962/1/5 961/1/5
f 975/1/5 965/1/5 964/1/5
f 975/1/5 961/1/5 960/1/5
f 975/1/5 963/1/5 962/1/5
f 975/1/5 964/1/5 963/1/5
f 976/2/5 967/2/5 966/2/5
f 976/2/5 966/2/5 965/2/5
f 976/1/5 965/1/5 975/1/5
f 977/2/5 967/2/5 976/2/5
f 978/1/5 968/1/5 967/1/5
f 978/2/5 967/2/5 977/2/5
f 978/1/5 969/1/5 968/1/5
f 978/1/5 970/1/5 969/1/5
f 979/1/5 970/1/5 978/1/5
f 980/1/5 970/1/5 979/1/5
f 981/2/5 971/2/5 970/2/5
f 981/1/5 970/1/5 980/1/5
f 982/2/5 957/2/5 971/2/5
f 982/2/5 971/2/5 981/2/5
f 983/1/5 973/1/5 972/1/5
f 983/2/5 957/2/5 982/2/5
f 983/1/5 972/1/5 957/1/5
f 984/1/5 973/1/5 983/1/5
f 987/1/5 977/1/5 976/1/5
f 987/1/5 975/1/5 974/1/5
f 987/1/5 976/1/5 975/1/5
f 988/1/5 977/1/5 987/1/5
f 989/1/5 977/1/5 988/1/5
f 990/2/5 979/2/5 978/2/5
f 990/1/5 977/1/5 989/1/5
f 990/2/5 978/2/5 977/2/5
f 991/2/5 979/2/5 990/2/5
f 992/1/5 980/1/5 979/1/5
f 992/2/5 979/2/5 991/2/5
f 993/1/5 980/1/5 992/1/5
f 994/2/5 982/2/5 981/2/5
f 994/1/5 980/1/5 993/1/5
f 994/2/5 981/2/5 980/2/5
f 995/1/5 985/1/5 984/1/5
f 995/2/5 982/2/5 994/2/5
f 995/1/5 984/1/5 983/1/5
f 995/1/5 983/1/5 982/1/5
f 996/1/5 985/1/5 995/1/5
f 999/1/5 987/1/5 986/1/5
f 999/1/5 988/1/5 987/1/5
f 1000/1/5 988/1/5 999/1/5
f 1001/2/5 989/2/5 988/2/5
f 1001/1/5 988/1/5 1000/1/5
f 1002/2/5 989/2/5 1001/2/5
f 1003/2/5 989/2/5 1002/2/5
f 1004/1/5 994/1/5 993/1/5
f 1004/2/5 993/2/5 992/2/5
f 1004/2/5 992/2/5 991/2/5
f 1004/1/5 997/1/5 996/1/5
f 1004/1/5 996/1/5 995/1/5
f 1004/1/5 995/1/5 994/1/5
f 1005/1/5 997/1/5 1004/1/5
f 1006/1/5 997/1/5 1005/1/5
f 1007/1/5 997/1/5 1006/1/5
f 1008/1/5 997/1/5 1007/1/5
f 1010/1/5 1000/1/5 999/1/5
f 1010/1/5 999/1/5 998/1/5
f 1011/1/5 1000/1/5 1010/1/5
f 1012/1/5 1000/1/5 1011/1/5
f 1013/2/5 1002/2/5 1001/2/5
f 1013/1/5 1000/1/5 1012/1/5
f 1013/2/5 1001/2/5 1000/2/5
f 1014/2/5 1002/2/5 1013/2/5
f 1015/1/5 1003/1/5 1002/1/5
f 1015/2/5 1002/2/5 1014/2/5
f 1016/1/5 1003/1/5 1015/1/5
f 1017/1/5 1003/1/5 1016/1/5
f 1018/1/5 1003/1/5 1017/1/5
f 1019/1/5 1003/1/5 1018/1/5
f 1020/1/5 1003/1/5 1019/1/5
f 1021/1/5 990/1/5 989/1/5
f 1021/1/5 991/1/5 990/1/5
f 1021/2/5 1004/2/5 991/2/5
f 1021/2/5 1005/2/5 1004/2/5
f 1022/2/5 1005/2/5 1021/2/5
f 1023/1/5 1006/1/5 1005/1/5
f 1023/2/5 1005/2/5 1022/2/5
f 1024/1/5 1006/1/5 1023/1/5
f 1025/1/5 1006/1/5 1024/1/5
f 1026/2/5 1007/2/5 1006/2/5
f 1026/1/5 1006/1/5 1025/1/5
f 1027/2/5 1007/2/5 1026/2/5
f 1028/1/5 1009/1/5 1008/1/5
f 1028/2/5 1007/2/5 1027/2/5
f 1028/1/5 1008/1/5 1007/1/5
f 1029/1/5 1012/1/5 1011/1/5
f 1030/1/5 1012/1/5 1029/1/5
f 1031/2/5 1014/2/5 1013/2/5
f 1031/1/5 1012/1/5 1030/1/5
f 1031/2/5 1013/2/5 1012/2/5
f 1032/2/5 1014/2/5 1031/2/5
f 1033/1/5 1015/1/5 1014/1/5
f 1033/2/5 1014/2/5 1032/2/5
f 1034/2/5 1016/2/5 1015/2/5
f 1034/1/5 1015/1/5 1033/1/5
f 1035/1/5 1017/1/5 1016/1/5
f 1035/2/5 1016/2/5 1034/2/5
f 1036/2/5 1018/2/5 1017/2/5
f 1036/1/5 1017/1/5 1035/1/5
f 1037/1/5 1019/1/5 1018/1/5
f 1037/2/5 1018/2/5 1036/2/5
f 1038/2/5 1020/2/5 1019/2/5
f 1038/1/5 1019/1/5 1037/1/5
f 1039/1/5 1003/1/5 1020/1/5
f 1039/2/5 1020/2/5 1038/2/5
f 1040/1/5 1025/1/5 1024/1/5
f 1040/2/5 1023/2/5 1022/2/5
f 1040/2/5 1024/2/5 1023/2/5
f 1041/1/5 1025/1/5 1040/1/5
f 1042/1/5 1025/1/5 1041/1/5
f 1043/2/5 1027/2/5 1026/2/5
f 1043/1/5 1025/1/5 1042/1/5
f 1043/2/5 1026/2/5 1025/2/5
f 1044/2/5 1027/2/5 1043/2/5
f 1045/1/5 1028/1/5 1027/1/5
f 1045/2/5 1027/2/5 1044/2/5
f 1046/1/5 1009/1/5 1028/1/5
f 1046/1/5 1028/1/5 1045/1/5
f 1048/1/5 1032/1/5 1031/1/5
f 1048/1/5 1031/1/5 1030/1/5
f 1049/1/5 1032/1/5 1048/1/5
f 1050/2/5 1033/2/5 1032/2/5
f 1050/1/5 1032/1/5 1049/1/5
f 1050/2/5 1034/2/5 1033/2/5
f 1051/2/5 1034/2/5 1050/2/5
f 1052/1/5 1038/1/5 1037/1/5
f 1052/2/5 1034/2/5 1051/2/5
f 1052/1/5 1037/1/5 1036/1/5
f 1052/1/5 1036/1/5 1035/1/5
f 1052/1/5 1035/1/5 1034/1/5
f 1052/1/5 1039/1/5 1038/1/5
f 1053/2/5 989/2/5 1003/2/5
f 1053/1/5 1039/1/5 1052/1/5
f 1053/1/5 1003/1/5 1039/1/5
f 1054/1/5 1042/1/5 1041/1/5
f 1054/2/5 1041/2/5 1040/2/5
f 1055/1/5 1042/1/5 1054/1/5
f 1056/2/5 1044/2/5 1043/2/5
f 1056/2/5 1043/2/5 1042/2/5
f 1057/1/5 1047/1/5 1046/1/5
f 1057/2/5 1044/2/5 1056/2/5
f 1057/1/5 1045/1/5 1044/1/5
f 1057/1/5 1046/1/5 1045/1/5
f 1058/1/5 1047/1/5 1057/1/5
f 1059/1/5 1047/1/5 1058/1/5
f 1060/1/5 1047/1/5 1059/1/5
f 1062/1/5 1051/1/5 1050/1/5
f 1062/1/5 1050/1/5 1049/1/5
f 1063/1/5 1051/1/5 1062/1/5
f 1064/2/5 1052/2/5 1051/2/5
f 1064/1/5 1051/1/5 1063/1/5
f 1064/2/5 1053/2/5 1052/2/5
f 1065/2/5 989/2/5 1053/2/5
f 1065/2/5 1053/2/5 1064/2/5
f 1065/1/5 1022/1/5 1021/1/5
f 1065/1/5 1021/1/5 989/1/5
f 1066/2/5 1054/2/5 1040/2/5
f 1066/1/5 1022/1/5 1065/1/5
f 1066/2/5 1040/2/5 1022/2/5
f 1066/2/5 1055/2/5 1054/2/5
f 1067/2/5 1055/2/5 1066/2/5
f 1068/1/5 1042/1/5 1055/1/5
f 1068/2/5 1055/2/5 1067/2/5
f 1069/1/5 1042/1/5 1068/1/5
f 1070/2/5 1056/2/5 1042/2/5
f 1070/1/5 1042/1/5 1069/1/5
f 1071/1/5 1058/1/5 1057/1/5
f 1071/2/5 1056/2/5 1070/2/5
f 1071/1/5 1057/1/5 1056/1/5
f 1072/1/5 1058/1/5 1071/1/5
f 1073/2/5 1059/2/5 1058/2/5
f 1073/1/5 1058/1/5 1072/1/5
f 1074/2/5 1059/2/5 1073/2/5
f 1075/1/5 1061/1/5 1060/1/5
f 1075/2/5 1059/2/5 1074/2/5
f 1075/1/5 1060/1/5 1059/1/5
f 1076/1/5 1061/1/5 1075/1/5
f 1078/1/5 1064/1/5 1063/1/5
f 1078/1/5 1065/1/5 1064/1/5
f 1078/1/5 1067/1/5 1066/1/5
f 1078/1/5 1066/1/5 1065/1/5
f 1079/1/5 1067/1/5 1078/1/5
f 1080/2/5 1069/2/5 1068/2/5
f 1080/1/5 1071/1/5 1070/1/5
f 1080/1/5 1072/1/5 1071/1/5
f 1080/1/5 1070/1/5 1069/1/5
f 1080/2/5 1068/2/5 1067/2/5
f 1081/1/5 1072/1/5 1080/1/5
f 1082/2/5 1074/2/5 1073/2/5
f 1082/2/5 1073/2/5 1072/2/5
f 1083/1/5 1077/1/5 1076/1/5
f 1083/2/5 1074/2/5 1082/2/5
f 1083/1/5 1076/1/5 1075/1/5
f 1083/1/5 1075/1/5 1074/1/5
f 1084/1/5 1077/1/5 1083/1/5
f 1086/2/5 1080/2/5 1067/2/5
f 1086/2/5 1081/2/5 1080/2/5
f 1087/2/5 1081/2/5 1086/2/5
f 1088/1/5 1072/1/5 1081/1/5
f 1088/2/5 1081/2/5 1087/2/5
f 1089/1/5 1072/1/5 1088/1/5
f 1090/2/5 1082/2/5 1072/2/5
f 1090/1/5 1072/1/5 1089/1/5
f 1091/1/5 1085/1/5 1084/1/5
f 1091/2/5 1082/2/5 1090/2/5
f 1091/1/5 1084/1/5 1083/1/5
f 1091/1/5 1083/1/5 1082/1/5
f 1092/1/5 1085/1/5 1091/1/5
f 1094/1/5 1067/1/5 1079/1/5
f 1095/1/5 1067/1/5 1094/1/5
f 1096/1/5 1067/1/5 1095/1/5
f 1097/1/5 1067/1/5 1096/1/5
f 1098/2/5 1086/2/5 1067/2/5
f 1099/1/5 1087/1/5 1086/1/5
f 1099/2/5 1086/2/5 1098/2/5
f 1100/2/5 1089/2/5 1088/2/5
f 1100/1/5 1087/1/5 1099/1/5
f 1100/2/5 1088/2/5 1087/2/5
f 1101/2/5 1089/2/5 1100/2/5
f 1102/1/5 1093/1/5 1092/1/5
f 1102/2/5 1089/2/5 1101/2/5
f 1102/1/5 1090/1/5 1089/1/5
f 1102/1/5 1091/1/5 1090/1/5
f 1102/1/5 1092/1/5 1091/1/5
f 1103/1/5 1093/1/5 1102/1/5
f 1104/1/5 1096/1/5 1095/1/5
f 1105/1/5 1096/1/5 1104/1/5
f 1106/1/5 1096/1/5 1105/1/5
f 1107/2/5 1097/2/5 1096/2/5
f 1107/1/5 1096/1/5 1106/1/5
f 1108/2/5 1097/2/5 1107/2/5
f 1109/1/5 1067/1/5 1097/1/5
f 1109/2/5 1097/2/5 1108/2/5
f 1110/2/5 1098/2/5 1067/2/5
f 1111/1/5 1099/1/5 1098/1/5
f 1111/2/5 1098/2/5 1110/2/5
f 1111/1/5 1101/1/5 1100/1/5
f 1111/1/5 1100/1/5 1099/1/5
f 1112/2/5 1103/2/5 1102/2/5
f 1112/1/5 1101/1/5 1111/1/5
f 1112/2/5 1102/2/5 1101/2/5
f 1113/2/5 1103/2/5 1112/2/5
f 1114/1/5 1093/1/5 1103/1/5
f 1114/2/5 1103/2/5 1113/2/5
f 1115/1/5 1093/1/5 1114/1/5
f 1116/1/5 1093/1/5 1115/1/5
f 1118/1/5 1106/1/5 1105/1/5
f 1119/1/5 1106/1/5 1118/1/5
f 1120/1/5 1106/1/5 1119/1/5
f 1121/2/5 1107/2/5 1106/2/5
f 1121/1/5 1106/1/5 1120/1/5
f 1121/2/5 1108/2/5 1107/2/5
f 1122/2/5 1108/2/5 1121/2/5
f 1123/1/5 1109/1/5 1108/1/5
f 1123/2/5 1108/2/5 1122/2/5
f 1124/2/5 1110/2/5 1067/2/5
f 1125/1/5 1113/1/5 1112/1/5
f 1125/2/5 1110/2/5 1124/2/5
f 1125/1/5 1111/1/5 1110/1/5
f 1125/1/5 1112/1/5 1111/1/5
f 1126/1/5 1113/1/5 1125/1/5
f 1127/1/5 1113/1/5 1126/1/5
f 1128/2/5 1114/2/5 1113/2/5
f 1128/1/5 1113/1/5 1127/1/5
f 1128/2/5 1115/2/5 1114/2/5
f 1129/2/5 1115/2/5 1128/2/5
f 1130/1/5 1117/1/5 1116/1/5
f 1130/2/5 1115/2/5 1129/2/5
f 1130/1/5 1116/1/5 1115/1/5
f 1131/1/5 1117/1/5 1130/1/5
f 1132/1/5 1117/1/5 1131/1/5
f 1134/1/5 1120/1/5 1119/1/5
f 1135/1/5 1120/1/5 1134/1/5
f 1136/1/5 1120/1/5 1135/1/5
f 1137/2/5 1122/2/5 1121/2/5
f 1137/1/5 1120/1/5 1136/1/5
f 1137/2/5 1121/2/5 1120/2/5
f 1138/2/5 1122/2/5 1137/2/5
f 1139/1/5 1123/1/5 1122/1/5
f 1139/2/5 1122/2/5 1138/2/5
f 1140/2/5 1124/2/5 1067/2/5
f 1141/1/5 1126/1/5 1125/1/5
f 1141/2/5 1124/2/5 1140/2/5
f 1141/1/5 1125/1/5 1124/1/5
f 1142/2/5 1127/2/5 1126/2/5
f 1142/1/5 1126/1/5 1141/1/5
f 1143/2/5 1127/2/5 1142/2/5
f 1144/1/5 1129/1/5 1128/1/5
f 1144/2/5 1127/2/5 1143/2/5
f 1144/1/5 1128/1/5 1127/1/5
f 1145/1/5 1129/1/5 1144/1/5
f 1146/2/5 1130/2/5 1129/2/5
f 1146/1/5 1129/1/5 1145/1/5
f 1146/2/5 1131/2/5 1130/2/5
f 1147/2/5 1131/2/5 1146/2/5
f 1148/1/5 1133/1/5 1132/1/5
f 1148/2/5 1131/2/5 1147/2/5
f 1148/1/5 1132/1/5 1131/1/5
f 1149/1/5 1133/1/5 1148/1/5
f 1150/1/5 1133/1/5 1149/1/5
f 1152/1/5 1136/1/5 1135/1/5
f 1153/1/5 1136/1/5 1152/1/5
f 1154/2/5 1138/2/5 1137/2/5
f 1154/2/5 1137/2/5 1136/2/5
f 1155/1/5 1139/1/5 1138/1/5
f 1155/2/5 1138/2/5 1154/2/5
f 1156/1/5 1109/1/5 1123/1/5
f 1156/1/5 1139/1/5 1155/1/5
f 1156/1/5 1067/1/5 1109/1/5
f 1156/1/5 1123/1/5 1139/1/5
f 1156/2/5 1140/2/5 1067/2/5
f 1157/2/5 1140/2/5 1156/2/5
f 1158/1/5 1143/1/5 1142/1/5
f 1158/1/5 1142/1/5 1141/1/5
f 1158/1/5 1141/1/5 1140/1/5
f 1158/2/5 1145/2/5 1144/2/5
f 1158/2/5 1144/2/5 1143/2/5
f 1159/2/5 1145/2/5 1158/2/5
f 1160/1/5 1147/1/5 1146/1/5
f 1160/2/5 1145/2/5 1159/2/5
f 1160/1/5 1146/1/5 1145/1/5
f 1161/1/5 1147/1/5 1160/1/5
f 1162/2/5 1149/2/5 1148/2/5
f 1162/1/5 1147/1/5 1161/1/5
f 1162/2/5 1148/2/5 1147/2/5
f 1163/2/5 1149/2/5 1162/2/5
f 1164/1/5 1151/1/5 1150/1/5
f 1164/1/5 1150/1/5 1149/1/5
f 1165/1/5 1151/1/5 1164/1/5
f 1166/1/5 1151/1/5 1165/1/5
f 1168/1/5 1136/1/5 1153/1/5
f 1169/1/5 1136/1/5 1168/1/5
f 1170/2/5 1154/2/5 1136/2/5
f 1170/1/5 1136/1/5 1169/1/5
f 1171/1/5 1155/1/5 1154/1/5
f 1171/2/5 1154/2/5 1170/2/5
f 1171/1/5 1157/1/5 1156/1/5
f 1171/1/5 1156/1/5 1155/1/5
f 1172/1/5 1157/1/5 1171/1/5
f 1173/1/5 1157/1/5 1172/1/5
f 1174/1/5 1159/1/5 1158/1/5
f 1174/2/5 1140/2/5 1157/2/5
f 1174/1/5 1158/1/5 1140/1/5
f 1175/1/5 1159/1/5 1174/1/5
f 1176/2/5 1161/2/5 1160/2/5
f 1176/1/5 1159/1/5 1175/1/5
f 1176/2/5 1160/2/5 1159/2/5
f 1177/2/5 1161/2/5 1176/2/5
f 1178/1/5 1163/1/5 1162/1/5
f 1178/2/5 1161/2/5 1177/2/5
f 1178/1/5 1162/1/5 1161/1/5
f 1179/1/5 1163/1/5 1178/1/5
f 1180/1/5 1164/1/5 1149/1/5
f 1181/2/5 1165/2/5 1164/2/5
f 1181/1/5 1164/1/5 1180/1/5
f 1182/1/5 1167/1/5 1166/1/5
f 1182/2/5 1165/2/5 1181/2/5
f 1182/1/5 1166/1/5 1165/1/5
f 1183/1/5 1167/1/5 1182/1/5
f 1185/1/5 1170/1/5 1169/1/5
f 1185/1/5 1172/1/5 1171/1/5
f 1185/1/5 1171/1/5 1170/1/5
f 1186/2/5 1173/2/5 1172/2/5
f 1186/1/5 1172/1/5 1185/1/5
f 1187/2/5 1173/2/5 1186/2/5
f 1188/1/5 1157/1/5 1173/1/5
f 1188/2/5 1173/2/5 1187/2/5
f 1189/2/5 1175/2/5 1174/2/5
f 1189/1/5 1157/1/5 1188/1/5
f 1189/2/5 1174/2/5 1157/2/5
f 1190/2/5 1175/2/5 1189/2/5
f 1191/1/5 1177/1/5 1176/1/5
f 1191/2/5 1175/2/5 1190/2/5
f 1191/1/5 1176/1/5 1175/1/5
f 1192/1/5 1177/1/5 1191/1/5
f 1193/2/5 1179/2/5 1178/2/5
f 1193/1/5 1177/1/5 1192/1/5
f 1193/2/5 1178/2/5 1177/2/5
f 1194/2/5 1179/2/5 1193/2/5
f 1195/1/5 1163/1/5 1179/1/5
f 1195/2/5 1179/2/5 1194/2/5
f 1196/1/5 1163/1/5 1195/1/5
f 1197/1/5 1180/1/5 1149/1/5
f 1198/2/5 1181/2/5 1180/2/5
f 1198/1/5 1180/1/5 1197/1/5
f 1199/1/5 1184/1/5 1183/1/5
f 1199/2/5 1181/2/5 1198/2/5
f 1199/1/5 1183/1/5 1182/1/5
f 1199/1/5 1182/1/5 1181/1/5
f 1200/1/5 1184/1/5 1199/1/5
f 1202/1/5 1185/1/5 1169/1/5
f 1203/1/5 1185/1/5 1202/1/5
f 1204/1/5 1185/1/5 1203/1/5
f 1205/2/5 1187/2/5 1186/2/5
f 1205/1/5 1185/1/5 1204/1/5
f 1205/2/5 1186/2/5 1185/2/5
f 1206/2/5 1187/2/5 1205/2/5
f 1207/1/5 1188/1/5 1187/1/5
f 1207/2/5 1187/2/5 1206/2/5
f 1207/1/5 1190/1/5 1189/1/5
f 1207/1/5 1189/1/5 1188/1/5
f 1208/2/5 1192/2/5 1191/2/5
f 1208/1/5 1190/1/5 1207/1/5
f 1208/2/5 1191/2/5 1190/2/5
f 1209/2/5 1192/2/5 1208/2/5
f 1210/1/5 1194/1/5 1193/1/5
f 1210/2/5 1192/2/5 1209/2/5
f 1210/1/5 1193/1/5 1192/1/5
f 1211/1/5 1194/1/5 1210/1/5
f 1212/2/5 1196/2/5 1195/2/5
f 1212/1/5 1194/1/5 1211/1/5
f 1212/2/5 1195/2/5 1194/2/5
f 1213/2/5 1196/2/5 1212/2/5
f 1214/1/5 1163/1/5 1196/1/5
f 1214/2/5 1196/2/5 1213/2/5
f 1215/1/5 1163/1/5 1214/1/5
f 1216/1/5 1197/1/5 1149/1/5
f 1217/2/5 1198/2/5 1197/2/5
f 1217/1/5 1197/1/5 1216/1/5
f 1218/1/5 1201/1/5 1200/1/5
f 1218/2/5 1198/2/5 1217/2/5
f 1218/1/5 1200/1/5 1199/1/5
f 1218/1/5 1199/1/5 1198/1/5
f 1219/1/5 1201/1/5 1218/1/5
f 1220/1/5 1204/1/5 1203/1/5
f 1221/1/5 1204/1/5 1220/1/5
f 1222/2/5 1206/2/5 1205/2/5
f 1222/2/5 1205/2/5 1204/2/5
f 1223/1/5 1207/1/5 1206/1/5
f 1223/2/5 1206/2/5 1222/2/5
f 1223/1/5 1209/1/5 1208/1/5
f 1223/1/5 1208/1/5 1207/1/5
f 1224/2/5 1211/2/5 1210/2/5
f 1224/1/5 1209/1/5 1223/1/5
f 1224/2/5 1210/2/5 1209/2/5
f 1225/2/5 1211/2/5 1224/2/5
f 1226/1/5 1213/1/5 1212/1/5
f 1226/2/5 1211/2/5 1225/2/5
f 1226/1/5 1212/1/5 1211/1/5
f 1227/1/5 1213/1/5 1226/1/5
f 1228/2/5 1215/2/5 1214/2/5
f 1228/1/5 1213/1/5 1227/1/5
f 1228/2/5 1214/2/5 1213/2/5
f 1229/2/5 1215/2/5 1228/2/5
f 1230/1/5 1216/1/5 1149/1/5
f 1230/2/5 1217/2/5 1216/2/5
f 1230/2/5 1219/2/5 1218/2/5
f 1230/2/5 1218/2/5 1217/2/5
f 1231/2/5 1219/2/5 1230/2/5
f 1232/2/5 1219/2/5 1231/2/5
f 1233/2/5 1219/2/5 1232/2/5
f 1234/1/5 1201/1/5 1219/1/5
f 1234/2/5 1219/2/5 1233/2/5
f 1235/1/5 1201/1/5 1234/1/5
f 1236/1/5 1201/1/5 1235/1/5
f 1238/1/5 1204/1/5 1221/1/5
f 1239/1/5 1204/1/5 1238/1/5
f 1240/2/5 1222/2/5 1204/2/5
f 1240/1/5 1204/1/5 1239/1/5
f 1241/1/5 1223/1/5 1222/1/5
f 1241/2/5 1222/2/5 1240/2/5
f 1241/1/5 1225/1/5 1224/1/5
f 1241/1/5 1224/1/5 1223/1/5
f 1242/1/5 1225/1/5 1241/1/5
f 1243/1/5 1225/1/5 1242/1/5
f 1244/2/5 1227/2/5 1226/2/5
f 1244/1/5 1225/1/5 1243/1/5
f 1244/2/5 1226/2/5 1225/2/5
f 1245/2/5 1227/2/5 1244/2/5
f 1246/1/5 1229/1/5 1228/1/5
f 1246/2/5 1227/2/5 1245/2/5
f 1246/1/5 1228/1/5 1227/1/5
f 1247/1/5 1229/1/5 1246/1/5
f 1248/2/5 1215/2/5 1229/2/5
f 1248/1/5 1229/1/5 1247/1/5
f 1249/1/5 1163/1/5 1215/1/5
f 1249/2/5 1215/2/5 1248/2/5
f 1250/1/5 1231/1/5 1230/1/5
f 1250/2/5 1232/2/5 1231/2/5
f 1251/1/5 1233/1/5 1232/1/5
f 1251/2/5 1232/2/5 1250/2/5
f 1252/1/5 1233/1/5 1251/1/5
f 1253/2/5 1235/2/5 1234/2/5
f 1253/1/5 1233/1/5 1252/1/5
f 1253/2/5 1234/2/5 1233/2/5
f 1254/2/5 1235/2/5 1253/2/5
f 1255/1/5 1237/1/5 1236/1/5
f 1255/2/5 1235/2/5 1254/2/5
f 1255/1/5 1236/1/5 1235/1/5
f 1256/1/5 1237/1/5 1255/1/5
f 1257/1/5 1237/1/5 1256/1/5
f 1259/1/5 1240/1/5 1239/1/5
f 1259/1/5 1242/1/5 1241/1/5
f 1259/1/5 1241/1/5 1240/1/5
f 1260/1/5 1242/1/5 1259/1/5
f 1261/1/5 1242/1/5 1260/1/5
f 1262/2/5 1243/2/5 1242/2/5
f 1262/1/5 1242/1/5 1261/1/5
f 1263/2/5 1243/2/5 1262/2/5
f 1264/1/5 1245/1/5 1244/1/5
f 1264/2/5 1243/2/5 1263/2/5
f 1264/1/5 1244/1/5 1243/1/5
f 1265/2/5 1247/2/5 1246/2/5
f 1265/1/5 1245/1/5 1264/1/5
f 1265/2/5 1246/2/5 1245/2/5
f 1266/2/5 1247/2/5 1265/2/5
f 1267/1/5 1248/1/5 1247/1/5
f 1267/2/5 1247/2/5 1266/2/5
f 1267/1/5 1249/1/5 1248/1/5
f 1268/1/5 1249/1/5 1267/1/5
f 1269/1/5 1163/1/5 1249/1/5
f 1269/1/5 1249/1/5 1268/1/5
f 1270/2/5 1149/2/5 1163/2/5
f 1270/1/5 1163/1/5 1269/1/5
f 1271/2/5 1252/2/5 1251/2/5
f 1271/1/5 1251/1/5 1250/1/5
f 1272/1/5 1254/1/5 1253/1/5
f 1272/2/5 1252/2/5 1271/2/5
f 1272/1/5 1253/1/5 1252/1/5
f 1273/1/5 1254/1/5 1272/1/5
f 1274/2/5 1256/2/5 1255/2/5
f 1274/1/5 1254/1/5 1273/1/5
f 1274/2/5 1255/2/5 1254/2/5
f 1275/2/5 1256/2/5 1274/2/5
f 1276/1/5 1258/1/5 1257/1/5
f 1276/1/5 1257/1/5 1256/1/5
f 1278/1/5 1261/1/5 1260/1/5
f 1279/1/5 1261/1/5 1278/1/5
f 1280/2/5 1263/2/5 1262/2/5
f 1280/2/5 1262/2/5 1261/2/5
f 1281/1/5 1264/1/5 1263/1/5
f 1281/2/5 1263/2/5 1280/2/5
f 1281/1/5 1266/1/5 1265/1/5
f 1281/1/5 1265/1/5 1264/1/5
f 1282/2/5 1267/2/5 1266/2/5
f 1282/1/5 1266/1/5 1281/1/5
f 1282/2/5 1268/2/5 1267/2/5
f 1283/2/5 1268/2/5 1282/2/5
f 1284/1/5 1269/1/5 1268/1/5
f 1284/2/5 1268/2/5 1283/2/5
f 1285/2/5 1270/2/5 1269/2/5
f 1285/1/5 1269/1/5 1284/1/5
f 1286/2/5 1149/2/5 1270/2/5
f 1286/2/5 1270/2/5 1285/2/5
f 1287/1/5 1250/1/5 1230/1/5
f 1287/2/5 1149/2/5 1286/2/5
f 1287/1/5 1271/1/5 1250/1/5
f 1287/1/5 1230/1/5 1149/1/5
f 1287/1/5 1272/1/5 1271/1/5
f 1288/2/5 1273/2/5 1272/2/5
f 1288/1/5 1272/1/5 1287/1/5
f 1289/1/5 1275/1/5 1274/1/5
f 1289/2/5 1273/2/5 1288/2/5
f 1289/1/5 1274/1/5 1273/1/5
f 1290/2/5 1256/2/5 1275/2/5
f 1290/1/5 1275/1/5 1289/1/5
f 1291/1/5 1277/1/5 1276/1/5
f 1291/2/5 1256/2/5 1290/2/5
f 1291/1/5 1276/1/5 1256/1/5
f 1292/1/5 1277/1/5 1291/1/5
f 1294/2/5 1280/2/5 1261/2/5
f 1294/1/5 1261/1/5 1279/1/5
f 1295/1/5 1283/1/5 1282/1/5
f 1295/2/5 1280/2/5 1294/2/5
f 1295/1/5 1282/1/5 1281/1/5
f 1295/1/5 1281/1/5 1280/1/5
f 1296/2/5 1286/2/5 1285/2/5
f 1296/1/5 1283/1/5 1295/1/5
f 1296/2/5 1284/2/5 1283/2/5
f 1296/2/5 1285/2/5 1284/2/5
f 1297/1/5 1293/1/5 1292/1/5
f 1297/2/5 1286/2/5 1296/2/5
f 1297/1/5 1292/1/5 1291/1/5
f 1297/1/5 1289/1/5 1288/1/5
f 1297/1/5 1287/1/5 1286/1/5
f 1297/1/5 1291/1/5 1290/1/5
f 1297/1/5 1288/1/5 1287/1/5
f 1297/1/5 1290/1/5 1289/1/5
f 1298/1/5 1293/1/5 1297/1/5
f 1300/1/5 1296/1/5 1295/1/5
f 1300/1/5 1299/1/5 1298/1/5
f 1300/1/5 1298/1/5 1297/1/5
f 1300/1/5 1297/1/5 1296/1/5
f 1300/1/5 1294/1/5 1279/1/5
f 1300/1/5 1295/1/5 1294/1/5
f 1301/1/5 1299/1/5 1300/1/5
f 1302/1/5 1299/1/5 1301/1/5
f 1303/1/5 1299/1/5 1302/1/5
f 1304/1/5 1299/1/5 1303/1/5
f 1305/1/5 1299/1/5 1304/1/5
f 1306/1/5 1302/1/5 1301/1/5
f 1307/1/5 1302/1/5 1306/1/5
f 1308/1/5 1302/1/5 1307/1/5
f 1309/2/5 1303/2/5 1302/2/5
f 1309/1/5 1302/1/5 1308/1/5
f 1310/2/5 1303/2/5 1309/2/5
f 1311/1/5 1304/1/5 1303/1/5
f 1311/2/5 1303/2/5 1310/2/5
f 1312/1/5 1304/1/5 1311/1/5
f 1313/1/5 1304/1/5 1312/1/5
f 1314/1/5 1308/1/5 1307/1/5
f 1315/1/5 1308/1/5 1314/1/5
f 1316/1/5 1308/1/5 1315/1/5
f 1317/2/5 1310/2/5 1309/2/5
f 1317/1/5 1308/1/5 1316/1/5
f 1317/2/5 1309/2/5 1308/2/5
f 1318/2/5 1310/2/5 1317/2/5
f 1319/1/5 1312/1/5 1311/1/5
f 1319/2/5 1310/2/5 1318/2/5
f 1319/1/5 1311/1/5 1310/1/5
f 1320/1/5 1312/1/5 1319/1/5
f 1321/1/5 1312/1/5 1320/1/5
f 1322/1/5 1312/1/5 1321/1/5
f 1323/1/5 1312/1/5 1322/1/5
f 1324/1/5 1316/1/5 1315/1/5
f 1325/1/5 1316/1/5 1324/1/5
f 1326/2/5 1318/2/5 1317/2/5
f 1326/2/5 1317/2/5 1316/2/5
f 1327/1/5 1319/1/5 1318/1/5
f 1327/2/5 1318/2/5 1326/2/5
f 1327/1/5 1320/1/5 1319/1/5
f 1328/1/5 1320/1/5 1327/1/5
f 1329/2/5 1321/2/5 1320/2/5
f 1329/1/5 1320/1/5 1328/1/5
f 1330/2/5 1321/2/5 1329/2/5
f 1331/1/5 1322/1/5 1321/1/5
f 1331/2/5 1321/2/5 1330/2/5
f 1332/1/5 1322/1/5 1331/1/5
f 1333/1/5 1322/1/5 1332/1/5
f 1334/1/5 1316/1/5 1325/1/5
f 1335/1/5 1316/1/5 1334/1/5
f 1336/2/5 1326/2/5 1316/2/5
f 1336/1/5 1316/1/5 1335/1/5
f 1337/1/5 1328/1/5 1327/1/5
f 1337/2/5 1326/2/5 1336/2/5
f 1337/1/5 1327/1/5 1326/1/5
f 1338/1/5 1328/1/5 1337/1/5
f 1339/2/5 1330/2/5 1329/2/5
f 1339/1/5 1328/1/5 1338/1/5
f 1339/2/5 1329/2/5 1328/2/5
f 1340/2/5 1330/2/5 1339/2/5
f 1341/1/5 1332/1/5 1331/1/5
f 1341/2/5 1330/2/5 1340/2/5
f 1341/1/5 1331/1/5 1330/1/5
f 1342/1/5 1332/1/5 1341/1/5
f 1343/1/5 1332/1/5 1342/1/5
f 1344/1/5 1338/1/5 1337/1/5
f 1344/1/5 1336/1/5 1335/1/5
f 1344/1/5 1337/1/5 1336/1/5
f 1345/2/5 1340/2/5 1339/2/5
f 1345/1/5 1338/1/5 1344/1/5
f 1345/2/5 1339/2/5 1338/2/5
f 1346/2/5 1340/2/5 1345/2/5
f 1347/1/5 1342/1/5 1341/1/5
f 1347/2/5 1340/2/5 1346/2/5
f 1347/1/5 1341/1/5 1340/1/5
f 1348/1/5 1342/1/5 1347/1/5
f 1349/1/5 1342/1/5 1348/1/5
f 1350/1/5 1344/1/5 1335/1/5
f 1351/1/5 1344/1/5 1350/1/5
f 1352/1/5 1344/1/5 1351/1/5
f 1353/1/5 1344/1/5 1352/1/5
f 1354/1/5 1344/1/5 1353/1/5
f 1355/1/5 1344/1/5 1354/1/5
f 1356/1/5 1344/1/5 1355/1/5
f 1357/2/5 1346/2/5 1345/2/5
f 1357/1/5 1344/1/5 1356/1/5
f 1357/2/5 1345/2/5 1344/2/5
f 1358/2/5 1346/2/5 1357/2/5
f 1359/1/5 1347/1/5 1346/1/5
f 1359/2/5 1346/2/5 1358/2/5
f 1359/1/5 1348/1/5 1347/1/5
f 1360/1/5 1348/1/5 1359/1/5
f 1361/1/5 1348/1/5 1360/1/5
f 1362/1/5 1352/1/5 1351/1/5
f 1363/1/5 1352/1/5 1362/1/5
f 1364/1/5 1352/1/5 1363/1/5
f 1365/2/5 1353/2/5 1352/2/5
f 1365/1/5 1352/1/5 1364/1/5
f 1366/2/5 1353/2/5 1365/2/5
f 1367/1/5 1354/1/5 1353/1/5
f 1367/2/5 1353/2/5 1366/2/5
f 1368/1/5 1354/1/5 1367/1/5
f 1369/2/5 1355/2/5 1354/2/5
f 1369/1/5 1354/1/5 1368/1/5
f 1370/2/5 1355/2/5 1369/2/5
f 1371/1/5 1356/1/5 1355/1/5
f 1371/2/5 1355/2/5 1370/2/5
f 1372/2/5 1358/2/5 1357/2/5
f 1372/1/5 1356/1/5 1371/1/5
f 1372/2/5 1357/2/5 1356/2/5
f 1373/1/5 1360/1/5 1359/1/5
f 1373/2/5 1358/2/5 1372/2/5
f 1373/1/5 1359/1/5 1358/1/5
f 1374/1/5 1360/1/5 1373/1/5
f 1375/1/5 1360/1/5 1374/1/5
f 1376/1/5 1364/1/5 1363/1/5
f 1377/1/5 1364/1/5 1376/1/5
f 1378/1/5 1364/1/5 1377/1/5
f 1379/2/5 1366/2/5 1365/2/5
f 1379/1/5 1364/1/5 1378/1/5
f 1379/2/5 1365/2/5 1364/2/5
f 1380/2/5 1366/2/5 1379/2/5
f 1381/1/5 1368/1/5 1367/1/5
f 1381/2/5 1366/2/5 1380/2/5
f 1381/1/5 1367/1/5 1366/1/5
f 1382/1/5 1368/1/5 1381/1/5
f 1383/2/5 1370/2/5 1369/2/5
f 1383/1/5 1368/1/5 1382/1/5
f 1383/2/5 1369/2/5 1368/2/5
f 1384/2/5 1370/2/5 1383/2/5
f 1385/1/5 1371/1/5 1370/1/5
f 1385/2/5 1370/2/5 1384/2/5
f 1385/1/5 1372/1/5 1371/1/5
f 1385/1/5 1374/1/5 1373/1/5
f 1385/1/5 1373/1/5 1372/1/5
f 1386/1/5 1374/1/5 1385/1/5
f 1387/1/5 1374/1/5 1386/1/5
f 1388/1/5 1378/1/5 1377/1/5
f 1389/1/5 1378/1/5 1388/1/5
f 1390/2/5 1380/2/5 1379/2/5
f 1390/2/5 1379/2/5 1378/2/5
f 1391/1/5 1382/1/5 1381/1/5
f 1391/2/5 1380/2/5 1390/2/5
f 1391/1/5 1381/1/5 1380/1/5
f 1392/2/5 1384/2/5 1383/2/5
f 1392/2/5 1383/2/5 1382/2/5
f 1393/1/5 1386/1/5 1385/1/5
f 1393/2/5 1384/2/5 1392/2/5
f 1393/1/5 1385/1/5 1384/1/5
f 1394/1/5 1386/1/5 1393/1/5
f 1395/1/5 1386/1/5 1394/1/5
f 1396/1/5 1378/1/5 1389/1/5
f 1397/1/5 1378/1/5 1396/1/5
f 1398/2/5 1390/2/5 1378/2/5
f 1398/1/5 1378/1/5 1397/1/5
f 1399/1/5 1391/1/5 1390/1/5
f 1399/2/5 1390/2/5 1398/2/5
f 1400/1/5 1382/1/5 1391/1/5
f 1400/1/5 1391/1/5 1399/1/5
f 1400/2/5 1392/2/5 1382/2/5
f 1401/1/5 1394/1/5 1393/1/5
f 1401/2/5 1392/2/5 1400/2/5
f 1401/1/5 1393/1/5 1392/1/5
f 1402/1/5 1394/1/5 1401/1/5
f 1403/1/5 1394/1/5 1402/1/5
f 1404/1/5 1399/1/5 1398/1/5
f 1404/1/5 1402/1/5 1401/1/5
f 1404/1/5 1401/1/5 1400/1/5
f 1404/1/5 1398/1/5 1397/1/5
f 1404/1/5 1400/1/5 1399/1/5
f 1405/1/5 1402/1/5 1404/1/5
f 1406/1/5 1402/1/5 1405/1/5
f 1407/1/5 1402/1/5 1406/1/5
f 1408/1/5 1404/1/5 1397/1/5
f 1409/1/5 1404/1/5 1408/1/5
f 1410/1/5 1404/1/5 1409/1/5
f 1411/2/5 1405/2/5 1404/2/5
f 1411/1/5 1404/1/5 1410/1/5
f 1412/2/5 1405/2/5 1411/2/5
f 1413/1/5 1406/1/5 1405/1/5
f 1413/2/5 1405/2/5 1412/2/5
f 1414/1/5 1406/1/5 1413/1/5
f 1415/1/5 1406/1/5 1414/1/5
f 1416/1/5 1410/1/5 1409/1/5
f 1417/1/5 1410/1/5 1416/1/5
f 1418/1/5 1410/1/5 1417/1/5
f 1419/2/5 1412/2/5 1411/2/5
f 1419/1/5 1410/1/5 1418/1/5
f 1419/2/5 1411/2/5 1410/2/5
f 1420/2/5 1412/2/5 1419/2/5
f 1421/1/5 1414/1/5 1413/1/5
f 1421/2/5 1412/2/5 1420/2/5
f 1421/1/5 1413/1/5 1412/1/5
f 1422/1/5 1414/1/5 1421/1/5
f 1423/1/5 1414/1/5 1422/1/5
f 1424/1/5 1418/1/5 1417/1/5
f 1425/1/5 1418/1/5 1424/1/5
f 1426/1/5 1418/1/5 1425/1/5
f 1427/2/5 1420/2/5 1419/2/5
f 1427/1/5 1418/1/5 1426/1/5
f 1427/2/5 1419/2/5 1418/2/5
f 1428/2/5 1420/2/5 1427/2/5
f 1429/1/5 1422/1/5 1421/1/5
f 1429/2/5 1420/2/5 1428/2/5
f 1429/1/5 1421/1/5 1420/1/5
f 1430/1/5 1422/1/5 1429/1/5
f 1431/1/5 1422/1/5 1430/1/5
f 1432/1/5 1426/1/5 1425/1/5
f 1433/1/5 1426/1/5 1432/1/5
f 1434/2/5 1428/2/5 1427/2/5
f 1434/1/5 1426/1/5 1433/1/5
f 1434/2/5 1427/2/5 1426/2/5
f 1435/1/5 1430/1/5 1429/1/5
f 1435/2/5 1428/2/5 1434/2/5
f 1435/1/5 1429/1/5 1428/1/5
f 1436/1/5 1430/1/5 1435/1/5
f 1437/1/5 1430/1/5 1436/1/5
f 1438/1/5 1434/1/5 1433/1/5
f 1438/1/5 1436/1/5 1435/1/5
f 1438/1/5 1435/1/5 1434/1/5
f 1439/1/5 1436/1/5 1438/1/5
f 1440/1/5 1436/1/5 1439/1/5
f 1441/1/5 1436/1/5 1440/1/5
f 1442/1/5 1440/1/5 1439/1/5
f 1443/1/5 1440/1/5 1442/1/5
f 1444/1/5 1442/1/5 1439/1/5
f 1445/1/5 1442/1/5 1444/1/5
f 1446/1/5 1442/1/5 1445/1/5
f 1447/1/5 1442/1/5 1446/1/5
f 1448/1/5 1446/1/5 1445/1/5
f 1449/1/5 1446/1/5 1448/1/5
f 1450/1/6 1451/1/6 1453/1/6
f 1453/1/6 1451/1/6 1454/1/6
f 1452/1/6 1453/1/6 1457/1/6
f 1454/1/6 1455/1/6 1457/1/6
f 1453/1/6 1454/1/6 1457/1/6
f 1456/1/6 1457/1/6 1459/1/6
f 1457/1/6 1455/1/6 1460/1/6
f 1459/1/6 1457/1/6 1460/1/6
f 1458/1/6 1459/1/6 1463/1/6
f 1460/1/6 1461/1/6 1463/1/6
f 1459/1/6 1460/1/6 1463/1/6
f 1463/1/6 1461/1/6 1464/1/6
f 1464/1/6 1461/1/6 1465/1/6
f 1465/1/6 1461/1/6 1466/1/6
f 1462/1/6 1463/1/6 1469/1/6
f 1463/1/6 1464/1/6 1469/1/6
f 1464/2/6 1465/2/6 1470/2/6
f 1469/1/6 1464/1/6 1470/1/6
f 1466/1/6 1467/1/6 1471/1/6
f 1470/2/6 1465/2/6 1471/2/6
f 1465/1/6 1466/1/6 1471/1/6
f 1471/1/6 1467/1/6 1472/1/6
f 1472/1/6 1467/1/6 1473/1/6
f 1469/1/6 1470/1/6 1476/1/6
f 1468/1/6 1469/1/6 1476/1/6
f 1470/1/6 1471/1/6 1476/1/6
f 1476/1/6 1471/1/6 1477/1/6
f 1471/2/6 1472/2/6 1478/2/6
f 1477/1/6 1471/1/6 1478/1/6
f 1473/1/6 1474/1/6 1479/1/6
f 1478/2/6 1472/2/6 1479/2/6
f 1472/1/6 1473/1/6 1479/1/6
f 1479/1/6 1474/1/6 1480/1/6
f 1480/1/6 1474/1/6 1481/1/6
f 1475/1/6 1476/1/6 1484/1/6
f 1476/1/6 1477/1/6 1484/1/6
f 1484/1/6 1477/1/6 1485/1/6
f 1485/1/6 1477/1/6 1486/1/6
f 1478/1/6 1479/1/6 1487/1/6
f 1479/2/6 1480/2/6 1487/2/6
f 1481/1/6 1482/1/6 1488/1/6
f 1487/2/6 1480/2/6 1488/2/6
f 1480/1/6 1481/1/6 1488/1/6
f 1488/1/6 1482/1/6 1489/1/6
f 1489/1/6 1482/1/6 1490/1/6
f 1484/1/6 1485/1/6 1493/1/6
f 1483/1/6 1484/1/6 1493/1/6
f 1485/2/6 1486/2/6 1494/2/6
f 1493/1/6 1485/1/6 1494/1/6
f 1486/1/6 1477/1/6 1495/1/6
f 1494/2/6 1486/2/6 1495/2/6
f 1495/1/6 1477/1/6 1496/1/6
f 1487/1/6 1488/1/6 1497/1/6
f 1488/2/6 1489/2/6 1497/2/6
f 1490/1/6 1491/1/6 1498/1/6
f 1497/2/6 1489/2/6 1498/2/6
f 1489/1/6 1490/1/6 1498/1/6
f 1498/1/6 1491/1/6 1499/1/6
f 1493/1/6 1494/1/6 1501/1/6
f 1492/1/6 1493/1/6 1501/1/6
f 1494/1/6 1495/1/6 1501/1/6
f 1495/2/6 1496/2/6 1502/2/6
f 1501/1/6 1495/1/6 1502/1/6
f 1496/1/6 1477/1/6 1503/1/6
f 1502/2/6 1496/2/6 1503/2/6
f 1477/2/6 1478/2/6 1504/2/6
f 1503/1/6 1477/1/6 1504/1/6
f 1478/1/6 1487/1/6 1505/1/6
f 1504/2/6 1478/2/6 1505/2/6
f 1487/1/6 1497/1/6 1505/1/6
f 1497/1/6 1498/1/6 1505/1/6
f 1498/2/6 1499/2/6 1506/2/6
f 1505/1/6 1498/1/6 1506/1/6
f 1499/1/6 1491/1/6 1507/1/6
f 1506/2/6 1499/2/6 1507/2/6
f 1507/1/6 1491/1/6 1508/1/6
f 1508/1/6 1491/1/6 1509/1/6
f 1502/1/6 1503/1/6 1512/1/6
f 1501/1/6 1502/1/6 1512/1/6
f 1500/1/6 1501/1/6 1512/1/6
f 1503/2/6 1504/2/6 1513/2/6
f 1512/1/6 1503/1/6 1513/1/6
f 1504/1/6 1505/1/6 1514/1/6
f 1513/2/6 1504/2/6 1514/2/6
f 1505/2/6 1506/2/6 1515/2/6
f 1514/1/6 1505/1/6 1515/1/6
f 1506/1/6 1507/1/6 1516/1/6
f 1515/2/6 1506/2/6 1516/2/6
f 1507/2/6 1508/2/6 1517/2/6
f 1516/1/6 1507/1/6 1517/1/6
f 1509/1/6 1510/1/6 1518/1/6
f 1517/2/6 1508/2/6 1518/2/6
f 1508/1/6 1509/1/6 1518/1/6
f 1518/1/6 1510/1/6 1519/1/6
f 1511/1/6 1512/1/6 1522/1/6
f 1513/1/6 1514/1/6 1522/1/6
f 1512/1/6 1513/1/6 1522/1/6
f 1514/2/6 1515/2/6 1523/2/6
f 1522/1/6 1514/1/6 1523/1/6
f 1516/1/6 1517/1/6 1524/1/6
f 1523/2/6 1515/2/6 1524/2/6
f 1519/1/6 1520/1/6 1524/1/6
f 1518/1/6 1519/1/6 1524/1/6
f 1517/1/6 1518/1/6 1524/1/6
f 1515/1/6 1516/1/6 1524/1/6
f 1524/1/6 1520/1/6 1525/1/6
f 1525/1/6 1520/1/6 1526/1/6
f 1522/1/6 1523/1/6 1529/1/6
f 1521/1/6 1522/1/6 1529/1/6
f 1523/1/6 1524/1/6 1529/1/6
f 1529/1/6 1524/1/6 1530/1/6
f 1530/1/6 1524/1/6 1531/1/6
f 1524/2/6 1525/2/6 1532/2/6
f 1531/1/6 1524/1/6 1532/1/6
f 1526/1/6 1527/1/6 1533/1/6
f 1532/2/6 1525/2/6 1533/2/6
f 1525/1/6 1526/1/6 1533/1/6
f 1533/1/6 1527/1/6 1534/1/6
f 1534/1/6 1527/1/6 1535/1/6
f 1529/1/6 1530/1/6 1538/1/6
f 1528/1/6 1529/1/6 1538/1/6
f 1538/1/6 1530/1/6 1539/1/6
f 1530/2/6 1531/2/6 1540/2/6
f 1539/1/6 1530/1/6 1540/1/6
f 1540/2/6 1531/2/6 1541/2/6
f 1531/1/6 1532/1/6 1542/1/6
f 1541/2/6 1531/2/6 1542/2/6
f 1532/1/6 1533/1/6 1542/1/6
f 1542/1/6 1533/1/6 1543/1/6
f 1543/1/6 1533/1/6 1544/1/6
f 1533/2/6 1534/2/6 1545/2/6
f 1544/1/6 1533/1/6 1545/1/6
f 1535/1/6 1536/1/6 1546/1/6
f 1545/2/6 1534/2/6 1546/2/6
f 1534/1/6 1535/1/6 1546/1/6
f 1546/1/6 1536/1/6 1547/1/6
f 1547/1/6 1536/1/6 1548/1/6
f 1548/1/6 1536/1/6 1549/1/6
f 1538/1/6 1539/1/6 1552/1/6
f 1537/1/6 1538/1/6 1552/1/6
f 1552/1/6 1539/1/6 1553/1/6
f 1540/2/6 1541/2/6 1554/2/6
f 1553/1/6 1539/1/6 1554/1/6
f 1539/2/6 1540/2/6 1554/2/6
f 1554/2/6 1541/2/6 1555/2/6
f 1542/1/6 1543/1/6 1556/1/6
f 1555/2/6 1541/2/6 1556/2/6
f 1541/1/6 1542/1/6 1556/1/6
f 1544/1/6 1545/1/6 1557/1/6
f 1543/2/6 1544/2/6 1557/2/6
f 1545/1/6 1546/1/6 1557/1/6
f 1546/1/6 1547/1/6 1557/1/6
f 1557/1/6 1547/1/6 1558/1/6
f 1558/1/6 1547/1/6 1559/1/6
f 1547/2/6 1548/2/6 1560/2/6
f 1559/1/6 1547/1/6 1560/1/6
f 1560/2/6 1548/2/6 1561/2/6
f 1549/1/6 1550/1/6 1562/1/6
f 1561/2/6 1548/2/6 1562/2/6
f 1548/1/6 1549/1/6 1562/1/6
f 1552/1/6 1553/1/6 1564/1/6
f 1551/1/6 1552/1/6 1564/1/6
f 1554/2/6 1555/2/6 1565/2/6
f 1553/2/6 1554/2/6 1565/2/6
f 1555/1/6 1556/1/6 1566/1/6
f 1565/2/6 1555/2/6 1566/2/6
f 1556/1/6 1543/1/6 1567/1/6
f 1566/1/6 1556/1/6 1567/1/6
f 1543/2/6 1557/2/6 1567/2/6
f 1557/2/6 1558/2/6 1567/2/6
f 1567/2/6 1558/2/6 1568/2/6
f 1558/1/6 1559/1/6 1569/1/6
f 1568/2/6 1558/2/6 1569/2/6
f 1569/1/6 1559/1/6 1570/1/6
f 1560/2/6 1561/2/6 1571/2/6
f 1559/2/6 1560/2/6 1571/2/6
f 1561/1/6 1562/1/6 1572/1/6
f 1571/2/6 1561/2/6 1572/2/6
f 1562/1/6 1550/1/6 1573/1/6
f 1572/1/6 1562/1/6 1573/1/6
f 1573/1/6 1550/1/6 1574/1/6
f 1574/1/6 1550/1/6 1575/1/6
f 1563/1/6 1564/1/6 1578/1/6
f 1553/2/6 1565/2/6 1579/2/6
f 1564/1/6 1553/1/6 1579/1/6
f 1578/1/6 1564/1/6 1579/1/6
f 1565/1/6 1566/1/6 1580/1/6
f 1579/2/6 1565/2/6 1580/2/6
f 1567/1/6 1568/1/6 1580/1/6
f 1566/1/6 1567/1/6 1580/1/6
f 1569/2/6 1570/2/6 1581/2/6
f 1580/1/6 1568/1/6 1581/1/6
f 1568/2/6 1569/2/6 1581/2/6
f 1581/2/6 1570/2/6 1582/2/6
f 1570/1/6 1559/1/6 1583/1/6
f 1582/2/6 1570/2/6 1583/2/6
f 1583/1/6 1559/1/6 1584/1/6
f 1559/2/6 1571/2/6 1585/2/6
f 1584/1/6 1559/1/6 1585/1/6
f 1571/1/6 1572/1/6 1586/1/6
f 1585/2/6 1571/2/6 1586/2/6
f 1572/1/6 1573/1/6 1586/1/6
f 1586/1/6 1573/1/6 1587/1/6
f 1573/2/6 1574/2/6 1588/2/6
f 1587/1/6 1573/1/6 1588/1/6
f 1575/1/6 1576/1/6 1589/1/6
f 1574/1/6 1575/1/6 1589/1/6
f 1578/1/6 1579/1/6 1592/1/6
f 1581/1/6 1582/1/6 1592/1/6
f 1577/1/6 1578/1/6 1592/1/6
f 1579/1/6 1580/1/6 1592/1/6
f 1580/1/6 1581/1/6 1592/1/6
f 1583/2/6 1584/2/6 1593/2/6
f 1582/2/6 1583/2/6 1593/2/6
f 1592/1/6 1582/1/6 1593/1/6
f 1593/2/6 1584/2/6 1594/2/6
f 1584/1/6 1585/1/6 1595/1/6
f 1594/2/6 1584/2/6 1595/2/6
f 1585/1/6 1586/1/6 1595/1/6
f 1586/1/6 1587/1/6 1595/1/6
f 1595/1/6 1587/1/6 1596/1/6
f 1596/1/6 1587/1/6 1597/1/6
f 1587/2/6 1588/2/6 1598/2/6
f 1597/1/6 1587/1/6 1598/1/6
f 1588/2/6 1574/2/6 1599/2/6
f 1598/2/6 1588/2/6 1599/2/6
f 1589/1/6 1590/1/6 1600/1/6
f 1599/2/6 1574/2/6 1600/2/6
f 1574/1/6 1589/1/6 1600/1/6
f 1600/1/6 1590/1/6 1601/1/6
f 1593/1/6 1594/1/6 1604/1/6
f 1591/1/6 1592/1/6 1604/1/6
f 1592/1/6 1593/1/6 1604/1/6
f 1604/1/6 1594/1/6 1605/1/6
f 1605/1/6 1594/1/6 1606/1/6
f 1595/2/6 1596/2/6 1607/2/6
f 1606/1/6 1594/1/6 1607/1/6
f 1594/2/6 1595/2/6 1607/2/6
f 1607/2/6 1596/2/6 1608/2/6
f 1596/1/6 1597/1/6 1609/1/6
f 1608/2/6 1596/2/6 1609/2/6
f 1609/1/6 1597/1/6 1610/1/6
f 1598/2/6 1599/2/6 1611/2/6
f 1610/1/6 1597/1/6 1611/1/6
f 1597/2/6 1598/2/6 1611/2/6
f 1601/1/6 1602/1/6 1612/1/6
f 1611/2/6 1599/2/6 1612/2/6
f 1600/1/6 1601/1/6 1612/1/6
f 1599/1/6 1600/1/6 1612/1/6
f 1612/1/6 1602/1/6 1613/1/6
f 1603/1/6 1604/1/6 1616/1/6
f 1604/1/6 1605/1/6 1616/1/6
f 1616/1/6 1605/1/6 1617/1/6
f 1605/2/6 1606/2/6 1618/2/6
f 1617/1/6 1605/1/6 1618/1/6
f 1618/2/6 1606/2/6 1619/2/6
f 1619/2/6 1606/2/6 1620/2/6
f 1610/1/6 1611/1/6 1621/1/6
f 1609/2/6 1610/2/6 1621/2/6
f 1608/2/6 1609/2/6 1621/2/6
f 1613/1/6 1614/1/6 1621/1/6
f 1612/1/6 1613/1/6 1621/1/6
f 1611/1/6 1612/1/6 1621/1/6
f 1621/1/6 1614/1/6 1622/1/6
f 1622/1/6 1614/1/6 1623/1/6
f 1623/1/6 1614/1/6 1624/1/6
f 1624/1/6 1614/1/6 1625/1/6
f 1616/1/6 1617/1/6 1627/1/6
f 1615/1/6 1616/1/6 1627/1/6
f 1627/1/6 1617/1/6 1628/1/6
f 1628/1/6 1617/1/6 1629/1/6
f 1618/2/6 1619/2/6 1630/2/6
f 1629/1/6 1617/1/6 1630/1/6
f 1617/2/6 1618/2/6 1630/2/6
f 1630/2/6 1619/2/6 1631/2/6
f 1619/1/6 1620/1/6 1632/1/6
f 1631/2/6 1619/2/6 1632/2/6
f 1632/1/6 1620/1/6 1633/1/6
f 1633/1/6 1620/1/6 1634/1/6
f 1634/1/6 1620/1/6 1635/1/6
f 1635/1/6 1620/1/6 1636/1/6
f 1636/1/6 1620/1/6 1637/1/6
f 1606/1/6 1607/1/6 1638/1/6
f 1607/1/6 1608/1/6 1638/1/6
f 1608/2/6 1621/2/6 1638/2/6
f 1621/2/6 1622/2/6 1638/2/6
f 1638/2/6 1622/2/6 1639/2/6
f 1622/1/6 1623/1/6 1640/1/6
f 1639/2/6 1622/2/6 1640/2/6
f 1640/1/6 1623/1/6 1641/1/6
f 1641/1/6 1623/1/6 1642/1/6
f 1623/2/6 1624/2/6 1643/2/6
f 1642/1/6 1623/1/6 1643/1/6
f 1643/2/6 1624/2/6 1644/2/6
f 1625/1/6 1626/1/6 1645/1/6
f 1644/2/6 1624/2/6 1645/2/6
f 1624/1/6 1625/1/6 1645/1/6
f 1628/1/6 1629/1/6 1646/1/6
f 1646/1/6 1629/1/6 1647/1/6
f 1630/2/6 1631/2/6 1648/2/6
f 1647/1/6 1629/1/6 1648/1/6
f 1629/2/6 1630/2/6 1648/2/6
f 1648/2/6 1631/2/6 1649/2/6
f 1631/1/6 1632/1/6 1650/1/6
f 1649/2/6 1631/2/6 1650/2/6
f 1632/2/6 1633/2/6 1651/2/6
f 1650/1/6 1632/1/6 1651/1/6
f 1633/1/6 1634/1/6 1652/1/6
f 1651/2/6 1633/2/6 1652/2/6
f 1634/2/6 1635/2/6 1653/2/6
f 1652/1/6 1634/1/6 1653/1/6
f 1635/1/6 1636/1/6 1654/1/6
f 1653/2/6 1635/2/6 1654/2/6
f 1636/2/6 1637/2/6 1655/2/6
f 1654/1/6 1636/1/6 1655/1/6
f 1637/1/6 1620/1/6 1656/1/6
f 1655/2/6 1637/2/6 1656/2/6
f 1641/1/6 1642/1/6 1657/1/6
f 1639/2/6 1640/2/6 1657/2/6
f 1640/2/6 1641/2/6 1657/2/6
f 1657/1/6 1642/1/6 1658/1/6
f 1658/1/6 1642/1/6 1659/1/6
f 1643/2/6 1644/2/6 1660/2/6
f 1659/1/6 1642/1/6 1660/1/6
f 1642/2/6 1643/2/6 1660/2/6
f 1660/2/6 1644/2/6 1661/2/6
f 1644/1/6 1645/1/6 1662/1/6
f 1661/2/6 1644/2/6 1662/2/6
f 1645/1/6 1626/1/6 1663/1/6
f 1662/1/6 1645/1/6 1663/1/6
f 1648/1/6 1649/1/6 1665/1/6
f 1647/1/6 1648/1/6 1665/1/6
f 1665/1/6 1649/1/6 1666/1/6
f 1649/2/6 1650/2/6 1667/2/6
f 1666/1/6 1649/1/6 1667/1/6
f 1650/2/6 1651/2/6 1667/2/6
f 1667/2/6 1651/2/6 1668/2/6
f 1654/1/6 1655/1/6 1669/1/6
f 1668/2/6 1651/2/6 1669/2/6
f 1653/1/6 1654/1/6 1669/1/6
f 1652/1/6 1653/1/6 1669/1/6
f 1651/1/6 1652/1/6 1669/1/6
f 1655/1/6 1656/1/6 1669/1/6
f 1620/2/6 1606/2/6 1670/2/6
f 1669/1/6 1656/1/6 1670/1/6
f 1656/1/6 1620/1/6 1670/1/6
f 1658/1/6 1659/1/6 1671/1/6
f 1657/2/6 1658/2/6 1671/2/6
f 1671/1/6 1659/1/6 1672/1/6
f 1660/2/6 1661/2/6 1673/2/6
f 1659/2/6 1660/2/6 1673/2/6
f 1663/1/6 1664/1/6 1674/1/6
f 1673/2/6 1661/2/6 1674/2/6
f 1661/1/6 1662/1/6 1674/1/6
f 1662/1/6 1663/1/6 1674/1/6
f 1674/1/6 1664/1/6 1675/1/6
f 1675/1/6 1664/1/6 1676/1/6
f 1676/1/6 1664/1/6 1677/1/6
f 1667/1/6 1668/1/6 1679/1/6
f 1666/1/6 1667/1/6 1679/1/6
f 1679/1/6 1668/1/6 1680/1/6
f 1668/2/6 1669/2/6 1681/2/6
f 1680/1/6 1668/1/6 1681/1/6
f 1669/2/6 1670/2/6 1681/2/6
f 1670/2/6 1606/2/6 1682/2/6
f 1681/2/6 1670/2/6 1682/2/6
f 1638/1/6 1639/1/6 1682/1/6
f 1606/1/6 1638/1/6 1682/1/6
f 1657/2/6 1671/2/6 1683/2/6
f 1682/1/6 1639/1/6 1683/1/6
f 1639/2/6 1657/2/6 1683/2/6
f 1671/2/6 1672/2/6 1683/2/6
f 1683/2/6 1672/2/6 1684/2/6
f 1672/1/6 1659/1/6 1685/1/6
f 1684/2/6 1672/2/6 1685/2/6
f 1685/1/6 1659/1/6 1686/1/6
f 1659/2/6 1673/2/6 1687/2/6
f 1686/1/6 1659/1/6 1687/1/6
f 1674/1/6 1675/1/6 1688/1/6
f 1687/2/6 1673/2/6 1688/2/6
f 1673/1/6 1674/1/6 1688/1/6
f 1688/1/6 1675/1/6 1689/1/6
f 1675/2/6 1676/2/6 1690/2/6
f 1689/1/6 1675/1/6 1690/1/6
f 1690/2/6 1676/2/6 1691/2/6
f 1677/1/6 1678/1/6 1692/1/6
f 1691/2/6 1676/2/6 1692/2/6
f 1676/1/6 1677/1/6 1692/1/6
f 1692/1/6 1678/1/6 1693/1/6
f 1680/1/6 1681/1/6 1695/1/6
f 1681/1/6 1682/1/6 1695/1/6
f 1683/1/6 1684/1/6 1695/1/6
f 1682/1/6 1683/1/6 1695/1/6
f 1695/1/6 1684/1/6 1696/1/6
f 1685/2/6 1686/2/6 1697/2/6
f 1687/1/6 1688/1/6 1697/1/6
f 1688/1/6 1689/1/6 1697/1/6
f 1686/1/6 1687/1/6 1697/1/6
f 1684/2/6 1685/2/6 1697/2/6
f 1697/1/6 1689/1/6 1698/1/6
f 1690/2/6 1691/2/6 1699/2/6
f 1689/2/6 1690/2/6 1699/2/6
f 1693/1/6 1694/1/6 1700/1/6
f 1699/2/6 1691/2/6 1700/2/6
f 1692/1/6 1693/1/6 1700/1/6
f 1691/1/6 1692/1/6 1700/1/6
f 1700/1/6 1694/1/6 1701/1/6
f 1684/2/6 1697/2/6 1703/2/6
f 1697/2/6 1698/2/6 1703/2/6
f 1703/2/6 1698/2/6 1704/2/6
f 1698/1/6 1689/1/6 1705/1/6
f 1704/2/6 1698/2/6 1705/2/6
f 1705/1/6 1689/1/6 1706/1/6
f 1689/2/6 1699/2/6 1707/2/6
f 1706/1/6 1689/1/6 1707/1/6
f 1701/1/6 1702/1/6 1708/1/6
f 1707/2/6 1699/2/6 1708/2/6
f 1700/1/6 1701/1/6 1708/1/6
f 1699/1/6 1700/1/6 1708/1/6
f 1708/1/6 1702/1/6 1709/1/6
f 1696/1/6 1684/1/6 1711/1/6
f 1711/1/6 1684/1/6 1712/1/6
f 1712/1/6 1684/1/6 1713/1/6
f 1713/1/6 1684/1/6 1714/1/6
f 1684/2/6 1703/2/6 1715/2/6
f 1703/1/6 1704/1/6 1716/1/6
f 1715/2/6 1703/2/6 1716/2/6
f 1705/2/6 1706/2/6 1717/2/6
f 1716/1/6 1704/1/6 1717/1/6
f 1704/2/6 1705/2/6 1717/2/6
f 1717/2/6 1706/2/6 1718/2/6
f 1709/1/6 1710/1/6 1719/1/6
f 1718/2/6 1706/2/6 1719/2/6
f 1706/1/6 1707/1/6 1719/1/6
f 1707/1/6 1708/1/6 1719/1/6
f 1708/1/6 1709/1/6 1719/1/6
f 1719/1/6 1710/1/6 1720/1/6
f 1712/1/6 1713/1/6 1721/1/6
f 1721/1/6 1713/1/6 1722/1/6
f 1722/1/6 1713/1/6 1723/1/6
f 1713/2/6 1714/2/6 1724/2/6
f 1723/1/6 1713/1/6 1724/1/6
f 1724/2/6 1714/2/6 1725/2/6
f 1714/1/6 1684/1/6 1726/1/6
f 1725/2/6 1714/2/6 1726/2/6
f 1684/2/6 1715/2/6 1727/2/6
f 1715/1/6 1716/1/6 1728/1/6
f 1727/2/6 1715/2/6 1728/2/6
f 1717/1/6 1718/1/6 1728/1/6
f 1716/1/6 1717/1/6 1728/1/6
f 1719/2/6 1720/2/6 1729/2/6
f 1728/1/6 1718/1/6 1729/1/6
f 1718/2/6 1719/2/6 1729/2/6
f 1729/2/6 1720/2/6 1730/2/6
f 1720/1/6 1710/1/6 1731/1/6
f 1730/2/6 1720/2/6 1731/2/6
f 1731/1/6 1710/1/6 1732/1/6
f 1732/1/6 1710/1/6 1733/1/6
f 1722/1/6 1723/1/6 1735/1/6
f 1735/1/6 1723/1/6 1736/1/6
f 1736/1/6 1723/1/6 1737/1/6
f 1723/2/6 1724/2/6 1738/2/6
f 1737/1/6 1723/1/6 1738/1/6
f 1724/2/6 1725/2/6 1738/2/6
f 1738/2/6 1725/2/6 1739/2/6
f 1725/1/6 1726/1/6 1740/1/6
f 1739/2/6 1725/2/6 1740/2/6
f 1684/2/6 1727/2/6 1741/2/6
f 1729/1/6 1730/1/6 1742/1/6
f 1741/2/6 1727/2/6 1742/2/6
f 1727/1/6 1728/1/6 1742/1/6
f 1728/1/6 1729/1/6 1742/1/6
f 1742/1/6 1730/1/6 1743/1/6
f 1743/1/6 1730/1/6 1744/1/6
f 1730/2/6 1731/2/6 1745/2/6
f 1744/1/6 1730/1/6 1745/1/6
f 1731/2/6 1732/2/6 1745/2/6
f 1745/2/6 1732/2/6 1746/2/6
f 1733/1/6 1734/1/6 1747/1/6
f 1746/2/6 1732/2/6 1747/2/6
f 1732/1/6 1733/1/6 1747/1/6
f 1747/1/6 1734/1/6 1748/1/6
f 1748/1/6 1734/1/6 1749/1/6
f 1736/1/6 1737/1/6 1751/1/6
f 1751/1/6 1737/1/6 1752/1/6
f 1752/1/6 1737/1/6 1753/1/6
f 1738/2/6 1739/2/6 1754/2/6
f 1753/1/6 1737/1/6 1754/1/6
f 1737/2/6 1738/2/6 1754/2/6
f 1754/2/6 1739/2/6 1755/2/6
f 1739/1/6 1740/1/6 1756/1/6
f 1755/2/6 1739/2/6 1756/2/6
f 1684/2/6 1741/2/6 1757/2/6
f 1742/1/6 1743/1/6 1758/1/6
f 1757/2/6 1741/2/6 1758/2/6
f 1741/1/6 1742/1/6 1758/1/6
f 1743/2/6 1744/2/6 1759/2/6
f 1758/1/6 1743/1/6 1759/1/6
f 1759/2/6 1744/2/6 1760/2/6
f 1745/1/6 1746/1/6 1761/1/6
f 1760/2/6 1744/2/6 1761/2/6
f 1744/1/6 1745/1/6 1761/1/6
f 1761/1/6 1746/1/6 1762/1/6
f 1746/2/6 1747/2/6 1763/2/6
f 1762/1/6 1746/1/6 1763/1/6
f 1747/2/6 1748/2/6 1763/2/6
f 1763/2/6 1748/2/6 1764/2/6
f 1749/1/6 1750/1/6 1765/1/6
f 1764/2/6 1748/2/6 1765/2/6
f 1748/1/6 1749/1/6 1765/1/6
f 1765/1/6 1750/1/6 1766/1/6
f 1766/1/6 1750/1/6 1767/1/6
f 1752/1/6 1753/1/6 1769/1/6
f 1769/1/6 1753/1/6 1770/1/6
f 1754/2/6 1755/2/6 1771/2/6
f 1753/2/6 1754/2/6 1771/2/6
f 1755/1/6 1756/1/6 1772/1/6
f 1771/2/6 1755/2/6 1772/2/6
f 1740/1/6 1726/1/6 1773/1/6
f 1772/1/6 1756/1/6 1773/1/6
f 1726/1/6 1684/1/6 1773/1/6
f 1756/1/6 1740/1/6 1773/1/6
f 1684/2/6 1757/2/6 1773/2/6
f 1773/2/6 1757/2/6 1774/2/6
f 1759/1/6 1760/1/6 1775/1/6
f 1758/1/6 1759/1/6 1775/1/6
f 1757/1/6 1758/1/6 1775/1/6
f 1761/2/6 1762/2/6 1775/2/6
f 1760/2/6 1761/2/6 1775/2/6
f 1775/2/6 1762/2/6 1776/2/6
f 1763/1/6 1764/1/6 1777/1/6
f 1776/2/6 1762/2/6 1777/2/6
f 1762/1/6 1763/1/6 1777/1/6
f 1777/1/6 1764/1/6 1778/1/6
f 1765/2/6 1766/2/6 1779/2/6
f 1778/1/6 1764/1/6 1779/1/6
f 1764/2/6 1765/2/6 1779/2/6
f 1779/2/6 1766/2/6 1780/2/6
f 1767/1/6 1768/1/6 1781/1/6
f 1766/1/6 1767/1/6 1781/1/6
f 1781/1/6 1768/1/6 1782/1/6
f 1782/1/6 1768/1/6 1783/1/6
f 1770/1/6 1753/1/6 1785/1/6
f 1785/1/6 1753/1/6 1786/1/6
f 1753/2/6 1771/2/6 1787/2/6
f 1786/1/6 1753/1/6 1787/1/6
f 1771/1/6 1772/1/6 1788/1/6
f 1787/2/6 1771/2/6 1788/2/6
f 1773/1/6 1774/1/6 1788/1/6
f 1772/1/6 1773/1/6 1788/1/6
f 1788/1/6 1774/1/6 1789/1/6
f 1789/1/6 1774/1/6 1790/1/6
f 1775/1/6 1776/1/6 1791/1/6
f 1774/2/6 1757/2/6 1791/2/6
f 1757/1/6 1775/1/6 1791/1/6
f 1791/1/6 1776/1/6 1792/1/6
f 1777/2/6 1778/2/6 1793/2/6
f 1792/1/6 1776/1/6 1793/1/6
f 1776/2/6 1777/2/6 1793/2/6
f 1793/2/6 1778/2/6 1794/2/6
f 1779/1/6 1780/1/6 1795/1/6
f 1794/2/6 1778/2/6 1795/2/6
f 1778/1/6 1779/1/6 1795/1/6
f 1795/1/6 1780/1/6 1796/1/6
f 1766/1/6 1781/1/6 1797/1/6
f 1781/2/6 1782/2/6 1798/2/6
f 1797/1/6 1781/1/6 1798/1/6
f 1783/1/6 1784/1/6 1799/1/6
f 1798/2/6 1782/2/6 1799/2/6
f 1782/1/6 1783/1/6 1799/1/6
f 1799/1/6 1784/1/6 1800/1/6
f 1786/1/6 1787/1/6 1802/1/6
f 1788/1/6 1789/1/6 1802/1/6
f 1787/1/6 1788/1/6 1802/1/6
f 1789/2/6 1790/2/6 1803/2/6
f 1802/1/6 1789/1/6 1803/1/6
f 1803/2/6 1790/2/6 1804/2/6
f 1790/1/6 1774/1/6 1805/1/6
f 1804/2/6 1790/2/6 1805/2/6
f 1791/2/6 1792/2/6 1806/2/6
f 1805/1/6 1774/1/6 1806/1/6
f 1774/2/6 1791/2/6 1806/2/6
f 1806/2/6 1792/2/6 1807/2/6
f 1793/1/6 1794/1/6 1808/1/6
f 1807/2/6 1792/2/6 1808/2/6
f 1792/1/6 1793/1/6 1808/1/6
f 1808/1/6 1794/1/6 1809/1/6
f 1795/2/6 1796/2/6 1810/2/6
f 1809/1/6 1794/1/6 1810/1/6
f 1794/2/6 1795/2/6 1810/2/6
f 1810/2/6 1796/2/6 1811/2/6
f 1796/1/6 1780/1/6 1812/1/6
f 1811/2/6 1796/2/6 1812/2/6
f 1812/1/6 1780/1/6 1813/1/6
f 1766/1/6 1797/1/6 1814/1/6
f 1797/2/6 1798/2/6 1815/2/6
f 1814/1/6 1797/1/6 1815/1/6
f 1800/1/6 1801/1/6 1816/1/6
f 1815/2/6 1798/2/6 1816/2/6
f 1799/1/6 1800/1/6 1816/1/6
f 1798/1/6 1799/1/6 1816/1/6
f 1816/1/6 1801/1/6 1817/1/6
f 1786/1/6 1802/1/6 1819/1/6
f 1819/1/6 1802/1/6 1820/1/6
f 1820/1/6 1802/1/6 1821/1/6
f 1803/2/6 1804/2/6 1822/2/6
f 1821/1/6 1802/1/6 1822/1/6
f 1802/2/6 1803/2/6 1822/2/6
f 1822/2/6 1804/2/6 1823/2/6
f 1804/1/6 1805/1/6 1824/1/6
f 1823/2/6 1804/2/6 1824/2/6
f 1806/1/6 1807/1/6 1824/1/6
f 1805/1/6 1806/1/6 1824/1/6
f 1808/2/6 1809/2/6 1825/2/6
f 1824/1/6 1807/1/6 1825/1/6
f 1807/2/6 1808/2/6 1825/2/6
f 1825/2/6 1809/2/6 1826/2/6
f 1810/1/6 1811/1/6 1827/1/6
f 1826/2/6 1809/2/6 1827/2/6
f 1809/1/6 1810/1/6 1827/1/6
f 1827/1/6 1811/1/6 1828/1/6
f 1812/2/6 1813/2/6 1829/2/6
f 1828/1/6 1811/1/6 1829/1/6
f 1811/2/6 1812/2/6 1829/2/6
f 1829/2/6 1813/2/6 1830/2/6
f 1813/1/6 1780/1/6 1831/1/6
f 1830/2/6 1813/2/6 1831/2/6
f 1831/1/6 1780/1/6 1832/1/6
f 1766/1/6 1814/1/6 1833/1/6
f 1814/2/6 1815/2/6 1834/2/6
f 1833/1/6 1814/1/6 1834/1/6
f 1817/1/6 1818/1/6 1835/1/6
f 1834/2/6 1815/2/6 1835/2/6
f 1816/1/6 1817/1/6 1835/1/6
f 1815/1/6 1816/1/6 1835/1/6
f 1835/1/6 1818/1/6 1836/1/6
f 1820/1/6 1821/1/6 1837/1/6
f 1837/1/6 1821/1/6 1838/1/6
f 1822/2/6 1823/2/6 1839/2/6
f 1821/2/6 1822/2/6 1839/2/6
f 1823/1/6 1824/1/6 1840/1/6
f 1839/2/6 1823/2/6 1840/2/6
f 1825/1/6 1826/1/6 1840/1/6
f 1824/1/6 1825/1/6 1840/1/6
f 1827/2/6 1828/2/6 1841/2/6
f 1840/1/6 1826/1/6 1841/1/6
f 1826/2/6 1827/2/6 1841/2/6
f 1841/2/6 1828/2/6 1842/2/6
f 1829/1/6 1830/1/6 1843/1/6
f 1842/2/6 1828/2/6 1843/2/6
f 1828/1/6 1829/1/6 1843/1/6
f 1843/1/6 1830/1/6 1844/1/6
f 1831/2/6 1832/2/6 1845/2/6
f 1844/1/6 1830/1/6 1845/1/6
f 1830/2/6 1831/2/6 1845/2/6
f 1845/2/6 1832/2/6 1846/2/6
f 1766/1/6 1833/1/6 1847/1/6
f 1833/2/6 1834/2/6 1847/2/6
f 1835/2/6 1836/2/6 1847/2/6
f 1834/2/6 1835/2/6 1847/2/6
f 1847/2/6 1836/2/6 1848/2/6
f 1848/2/6 1836/2/6 1849/2/6
f 1849/2/6 1836/2/6 1850/2/6
f 1836/1/6 1818/1/6 1851/1/6
f 1850/2/6 1836/2/6 1851/2/6
f 1851/1/6 1818/1/6 1852/1/6
f 1852/1/6 1818/1/6 1853/1/6
f 1838/1/6 1821/1/6 1855/1/6
f 1855/1/6 1821/1/6 1856/1/6
f 1821/2/6 1839/2/6 1857/2/6
f 1856/1/6 1821/1/6 1857/1/6
f 1839/1/6 1840/1/6 1858/1/6
f 1857/2/6 1839/2/6 1858/2/6
f 1841/1/6 1842/1/6 1858/1/6
f 1840/1/6 1841/1/6 1858/1/6
f 1858/1/6 1842/1/6 1859/1/6
f 1859/1/6 1842/1/6 1860/1/6
f 1843/2/6 1844/2/6 1861/2/6
f 1860/1/6 1842/1/6 1861/1/6
f 1842/2/6 1843/2/6 1861/2/6
f 1861/2/6 1844/2/6 1862/2/6
f 1845/1/6 1846/1/6 1863/1/6
f 1862/2/6 1844/2/6 1863/2/6
f 1844/1/6 1845/1/6 1863/1/6
f 1863/1/6 1846/1/6 1864/1/6
f 1846/2/6 1832/2/6 1865/2/6
f 1864/1/6 1846/1/6 1865/1/6
f 1832/1/6 1780/1/6 1866/1/6
f 1865/2/6 1832/2/6 1866/2/6
f 1847/1/6 1848/1/6 1867/1/6
f 1848/2/6 1849/2/6 1867/2/6
f 1849/1/6 1850/1/6 1868/1/6
f 1867/2/6 1849/2/6 1868/2/6
f 1868/1/6 1850/1/6 1869/1/6
f 1851/2/6 1852/2/6 1870/2/6
f 1869/1/6 1850/1/6 1870/1/6
f 1850/2/6 1851/2/6 1870/2/6
f 1870/2/6 1852/2/6 1871/2/6
f 1853/1/6 1854/1/6 1872/1/6
f 1871/2/6 1852/2/6 1872/2/6
f 1852/1/6 1853/1/6 1872/1/6
f 1872/1/6 1854/1/6 1873/1/6
f 1873/1/6 1854/1/6 1874/1/6
f 1856/1/6 1857/1/6 1876/1/6
f 1858/1/6 1859/1/6 1876/1/6
f 1857/1/6 1858/1/6 1876/1/6
f 1876/1/6 1859/1/6 1877/1/6
f 1877/1/6 1859/1/6 1878/1/6
f 1859/2/6 1860/2/6 1879/2/6
f 1878/1/6 1859/1/6 1879/1/6
f 1879/2/6 1860/2/6 1880/2/6
f 1861/1/6 1862/1/6 1881/1/6
f 1880/2/6 1860/2/6 1881/2/6
f 1860/1/6 1861/1/6 1881/1/6
f 1863/2/6 1864/2/6 1882/2/6
f 1881/1/6 1862/1/6 1882/1/6
f 1862/2/6 1863/2/6 1882/2/6
f 1882/2/6 1864/2/6 1883/2/6
f 1864/1/6 1865/1/6 1884/1/6
f 1883/2/6 1864/2/6 1884/2/6
f 1865/1/6 1866/1/6 1884/1/6
f 1884/1/6 1866/1/6 1885/1/6
f 1866/1/6 1780/1/6 1886/1/6
f 1885/1/6 1866/1/6 1886/1/6
f 1780/2/6 1766/2/6 1887/2/6
f 1886/1/6 1780/1/6 1887/1/6
f 1868/2/6 1869/2/6 1888/2/6
f 1867/1/6 1868/1/6 1888/1/6
f 1870/1/6 1871/1/6 1889/1/6
f 1888/2/6 1869/2/6 1889/2/6
f 1869/1/6 1870/1/6 1889/1/6
f 1889/1/6 1871/1/6 1890/1/6
f 1872/2/6 1873/2/6 1891/2/6
f 1890/1/6 1871/1/6 1891/1/6
f 1871/2/6 1872/2/6 1891/2/6
f 1891/2/6 1873/2/6 1892/2/6
f 1874/1/6 1875/1/6 1893/1/6
f 1873/1/6 1874/1/6 1893/1/6
f 1877/1/6 1878/1/6 1895/1/6
f 1895/1/6 1878/1/6 1896/1/6
f 1879/2/6 1880/2/6 1897/2/6
f 1878/2/6 1879/2/6 1897/2/6
f 1880/1/6 1881/1/6 1898/1/6
f 1897/2/6 1880/2/6 1898/2/6
f 1882/1/6 1883/1/6 1898/1/6
f 1881/1/6 1882/1/6 1898/1/6
f 1883/2/6 1884/2/6 1899/2/6
f 1898/1/6 1883/1/6 1899/1/6
f 1884/2/6 1885/2/6 1899/2/6
f 1899/2/6 1885/2/6 1900/2/6
f 1885/1/6 1886/1/6 1901/1/6
f 1900/2/6 1885/2/6 1901/2/6
f 1886/2/6 1887/2/6 1902/2/6
f 1901/1/6 1886/1/6 1902/1/6
f 1887/2/6 1766/2/6 1903/2/6
f 1902/2/6 1887/2/6 1903/2/6
f 1847/1/6 1867/1/6 1904/1/6
f 1903/2/6 1766/2/6 1904/2/6
f 1867/1/6 1888/1/6 1904/1/6
f 1766/1/6 1847/1/6 1904/1/6
f 1888/1/6 1889/1/6 1904/1/6
f 1889/2/6 1890/2/6 1905/2/6
f 1904/1/6 1889/1/6 1905/1/6
f 1891/1/6 1892/1/6 1906/1/6
f 1905/2/6 1890/2/6 1906/2/6
f 1890/1/6 1891/1/6 1906/1/6
f 1892/2/6 1873/2/6 1907/2/6
f 1906/1/6 1892/1/6 1907/1/6
f 1893/1/6 1894/1/6 1908/1/6
f 1907/2/6 1873/2/6 1908/2/6
f 1873/1/6 1893/1/6 1908/1/6
f 1908/1/6 1894/1/6 1909/1/6
f 1878/2/6 1897/2/6 1911/2/6
f 1896/1/6 1878/1/6 1911/1/6
f 1899/1/6 1900/1/6 1912/1/6
f 1911/2/6 1897/2/6 1912/2/6
f 1898/1/6 1899/1/6 1912/1/6
f 1897/1/6 1898/1/6 1912/1/6
f 1902/2/6 1903/2/6 1913/2/6
f 1912/1/6 1900/1/6 1913/1/6
f 1900/2/6 1901/2/6 1913/2/6
f 1901/2/6 1902/2/6 1913/2/6
f 1909/1/6 1910/1/6 1914/1/6
f 1913/2/6 1903/2/6 1914/2/6
f 1908/1/6 1909/1/6 1914/1/6
f 1905/1/6 1906/1/6 1914/1/6
f 1903/1/6 1904/1/6 1914/1/6
f 1907/1/6 1908/1/6 1914/1/6
f 1904/1/6 1905/1/6 1914/1/6
f 1906/1/6 1907/1/6 1914/1/6
f 1914/1/6 1910/1/6 1915/1/6
f 1912/1/6 1913/1/6 1917/1/6
f 1915/1/6 1916/1/6 1917/1/6
f 1914/1/6 1915/1/6 1917/1/6
f 1913/1/6 1914/1/6 1917/1/6
f 1896/1/6 1911/1/6 1917/1/6
f 1911/1/6 1912/1/6 1917/1/6
f 1917/1/6 1916/1/6 1918/1/6
f 1918/1/6 1916/1/6 1919/1/6
f 1919/1/6 1916/1/6 1920/1/6
f 1920/1/6 1916/1/6 1921/1/6
f 1921/1/6 1916/1/6 1922/1/6
f 1918/1/6 1919/1/6 1923/1/6
f 1923/1/6 1919/1/6 1924/1/6
f 1924/1/6 1919/1/6 1925/1/6
f 1919/2/6 1920/2/6 1926/2/6
f 1925/1/6 1919/1/6 1926/1/6
f 1926/2/6 1920/2/6 1927/2/6
f 1920/1/6 1921/1/6 1928/1/6
f 1927/2/6 1920/2/6 1928/2/6
f 1928/1/6 1921/1/6 1929/1/6
f 1929/1/6 1921/1/6 1930/1/6
f 1924/1/6 1925/1/6 1931/1/6
f 1931/1/6 1925/1/6 1932/1/6
f 1932/1/6 1925/1/6 1933/1/6
f 1926/2/6 1927/2/6 1934/2/6
f 1933/1/6 1925/1/6 1934/1/6
f 1925/2/6 1926/2/6 1934/2/6
f 1934/2/6 1927/2/6 1935/2/6
f 1928/1/6 1929/1/6 1936/1/6
f 1935/2/6 1927/2/6 1936/2/6
f 1927/1/6 1928/1/6 1936/1/6
f 1936/1/6 1929/1/6 1937/1/6
f 1937/1/6 1929/1/6 1938/1/6
f 1938/1/6 1929/1/6 1939/1/6
f 1939/1/6 1929/1/6 1940/1/6
f 1932/1/6 1933/1/6 1941/1/6
f 1941/1/6 1933/1/6 1942/1/6
f 1934/2/6 1935/2/6 1943/2/6
f 1933/2/6 1934/2/6 1943/2/6
f 1935/1/6 1936/1/6 1944/1/6
f 1943/2/6 1935/2/6 1944/2/6
f 1936/1/6 1937/1/6 1944/1/6
f 1944/1/6 1937/1/6 1945/1/6
f 1937/2/6 1938/2/6 1946/2/6
f 1945/1/6 1937/1/6 1946/1/6
f 1946/2/6 1938/2/6 1947/2/6
f 1938/1/6 1939/1/6 1948/1/6
f 1947/2/6 1938/2/6 1948/2/6
f 1948/1/6 1939/1/6 1949/1/6
f 1949/1/6 1939/1/6 1950/1/6
f 1942/1/6 1933/1/6 1951/1/6
f 1951/1/6 1933/1/6 1952/1/6
f 1933/2/6 1943/2/6 1953/2/6
f 1952/1/6 1933/1/6 1953/1/6
f 1944/1/6 1945/1/6 1954/1/6
f 1953/2/6 1943/2/6 1954/2/6
f 1943/1/6 1944/1/6 1954/1/6
f 1954/1/6 1945/1/6 1955/1/6
f 1946/2/6 1947/2/6 1956/2/6
f 1955/1/6 1945/1/6 1956/1/6
f 1945/2/6 1946/2/6 1956/2/6
f 1956/2/6 1947/2/6 1957/2/6
f 1948/1/6 1949/1/6 1958/1/6
f 1957/2/6 1947/2/6 1958/2/6
f 1947/1/6 1948/1/6 1958/1/6
f 1958/1/6 1949/1/6 1959/1/6
f 1959/1/6 1949/1/6 1960/1/6
f 1954/1/6 1955/1/6 1961/1/6
f 1952/1/6 1953/1/6 1961/1/6
f 1953/1/6 1954/1/6 1961/1/6
f 1956/2/6 1957/2/6 1962/2/6
f 1961/1/6 1955/1/6 1962/1/6
f 1955/2/6 1956/2/6 1962/2/6
f 1962/2/6 1957/2/6 1963/2/6
f 1958/1/6 1959/1/6 1964/1/6
f 1963/2/6 1957/2/6 1964/2/6
f 1957/1/6 1958/1/6 1964/1/6
f 1964/1/6 1959/1/6 1965/1/6
f 1965/1/6 1959/1/6 1966/1/6
f 1952/1/6 1961/1/6 1967/1/6
f 1967/1/6 1961/1/6 1968/1/6
f 1968/1/6 1961/1/6 1969/1/6
f 1969/1/6 1961/1/6 1970/1/6
f 1970/1/6 1961/1/6 1971/1/6
f 1971/1/6 1961/1/6 1972/1/6
f 1972/1/6 1961/1/6 1973/1/6
f 1962/2/6 1963/2/6 1974/2/6
f 1973/1/6 1961/1/6 1974/1/6
f 1961/2/6 1962/2/6 1974/2/6
f 1974/2/6 1963/2/6 1975/2/6
f 1963/1/6 1964/1/6 1976/1/6
f 1975/2/6 1963/2/6 1976/2/6
f 1964/1/6 1965/1/6 1976/1/6
f 1976/1/6 1965/1/6 1977/1/6
f 1977/1/6 1965/1/6 1978/1/6
f 1968/1/6 1969/1/6 1979/1/6
f 1979/1/6 1969/1/6 1980/1/6
f 1980/1/6 1969/1/6 1981/1/6
f 1969/2/6 1970/2/6 1982/2/6
f 1981/1/6 1969/1/6 1982/1/6
f 1982/2/6 1970/2/6 1983/2/6
f 1970/1/6 1971/1/6 1984/1/6
f 1983/2/6 1970/2/6 1984/2/6
f 1984/1/6 1971/1/6 1985/1/6
f 1971/2/6 1972/2/6 1986/2/6
f 1985/1/6 1971/1/6 1986/1/6
f 1986/2/6 1972/2/6 1987/2/6
f 1972/1/6 1973/1/6 1988/1/6
f 1987/2/6 1972/2/6 1988/2/6
f 1974/2/6 1975/2/6 1989/2/6
f 1988/1/6 1973/1/6 1989/1/6
f 1973/2/6 1974/2/6 1989/2/6
f 1976/1/6 1977/1/6 1990/1/6
f 1989/2/6 1975/2/6 1990/2/6
f 1975/1/6 1976/1/6 1990/1/6
f 1990/1/6 1977/1/6 1991/1/6
f 1991/1/6 1977/1/6 1992/1/6
f 1980/1/6 1981/1/6 1993/1/6
f 1993/1/6 1981/1/6 1994/1/6
f 1994/1/6 1981/1/6 1995/1/6
f 1982/2/6 1983/2/6 1996/2/6
f 1995/1/6 1981/1/6 1996/1/6
f 1981/2/6 1982/2/6 1996/2/6
f 1996/2/6 1983/2/6 1997/2/6
f 1984/1/6 1985/1/6 1998/1/6
f 1997/2/6 1983/2/6 1998/2/6
f 1983/1/6 1984/1/6 1998/1/6
f 1998/1/6 1985/1/6 1999/1/6
f 1986/2/6 1987/2/6 2000/2/6
f 1999/1/6 1985/1/6 2000/1/6
f 1985/2/6 1986/2/6 2000/2/6
f 2000/2/6 1987/2/6 2001/2/6
f 1987/1/6 1988/1/6 2002/1/6
f 2001/2/6 1987/2/6 2002/2/6
f 1988/1/6 1989/1/6 2002/1/6
f 1990/1/6 1991/1/6 2002/1/6
f 1989/1/6 1990/1/6 2002/1/6
f 2002/1/6 1991/1/6 2003/1/6
f 2003/1/6 1991/1/6 2004/1/6
f 1994/1/6 1995/1/6 2005/1/6
f 2005/1/6 1995/1/6 2006/1/6
f 1996/2/6 1997/2/6 2007/2/6
f 1995/2/6 1996/2/6 2007/2/6
f 1998/1/6 1999/1/6 2008/1/6
f 2007/2/6 1997/2/6 2008/2/6
f 1997/1/6 1998/1/6 2008/1/6
f 2000/2/6 2001/2/6 2009/2/6
f 1999/2/6 2000/2/6 2009/2/6
f 2002/1/6 2003/1/6 2010/1/6
f 2009/2/6 2001/2/6 2010/2/6
f 2001/1/6 2002/1/6 2010/1/6
f 2010/1/6 2003/1/6 2011/1/6
f 2011/1/6 2003/1/6 2012/1/6
f 2006/1/6 1995/1/6 2013/1/6
f 2013/1/6 1995/1/6 2014/1/6
f 1995/2/6 2007/2/6 2015/2/6
f 2014/1/6 1995/1/6 2015/1/6
f 2007/1/6 2008/1/6 2016/1/6
f 2015/2/6 2007/2/6 2016/2/6
f 2008/1/6 1999/1/6 2017/1/6
f 2016/1/6 2008/1/6 2017/1/6
f 1999/2/6 2009/2/6 2017/2/6
f 2010/1/6 2011/1/6 2018/1/6
f 2017/2/6 2009/2/6 2018/2/6
f 2009/1/6 2010/1/6 2018/1/6
f 2018/1/6 2011/1/6 2019/1/6
f 2019/1/6 2011/1/6 2020/1/6
f 2015/1/6 2016/1/6 2021/1/6
f 2018/1/6 2019/1/6 2021/1/6
f 2017/1/6 2018/1/6 2021/1/6
f 2014/1/6 2015/1/6 2021/1/6
f 2016/1/6 2017/1/6 2021/1/6
f 2021/1/6 2019/1/6 2022/1/6
f 2022/1/6 2019/1/6 2023/1/6
f 2023/1/6 2019/1/6 2024/1/6
f 2014/1/6 2021/1/6 2025/1/6
f 2025/1/6 2021/1/6 2026/1/6
f 2026/1/6 2021/1/6 2027/1/6
f 2021/2/6 2022/2/6 2028/2/6
f 2027/1/6 2021/1/6 2028/1/6
f 2028/2/6 2022/2/6 2029/2/6
f 2022/1/6 2023/1/6 2030/1/6
f 2029/2/6 2022/2/6 2030/2/6
f 2030/1/6 2023/1/6 2031/1/6
f 2031/1/6 2023/1/6 2032/1/6
f 2026/1/6 2027/1/6 2033/1/6
f 2033/1/6 2027/1/6 2034/1/6
f 2034/1/6 2027/1/6 2035/1/6
f 2028/2/6 2029/2/6 2036/2/6
f 2035/1/6 2027/1/6 2036/1/6
f 2027/2/6 2028/2/6 2036/2/6
f 2036/2/6 2029/2/6 2037/2/6
f 2030/1/6 2031/1/6 2038/1/6
f 2037/2/6 2029/2/6 2038/2/6
f 2029/1/6 2030/1/6 2038/1/6
f 2038/1/6 2031/1/6 2039/1/6
f 2039/1/6 2031/1/6 2040/1/6
f 2034/1/6 2035/1/6 2041/1/6
f 2041/1/6 2035/1/6 2042/1/6
f 2042/1/6 2035/1/6 2043/1/6
f 2036/2/6 2037/2/6 2044/2/6
f 2043/1/6 2035/1/6 2044/1/6
f 2035/2/6 2036/2/6 2044/2/6
f 2044/2/6 2037/2/6 2045/2/6
f 2038/1/6 2039/1/6 2046/1/6
f 2045/2/6 2037/2/6 2046/2/6
f 2037/1/6 2038/1/6 2046/1/6
f 2046/1/6 2039/1/6 2047/1/6
f 2047/1/6 2039/1/6 2048/1/6
f 2042/1/6 2043/1/6 2049/1/6
f 2049/1/6 2043/1/6 2050/1/6
f 2044/2/6 2045/2/6 2051/2/6
f 2050/1/6 2043/1/6 2051/1/6
f 2043/2/6 2044/2/6 2051/2/6
f 2046/1/6 2047/1/6 2052/1/6
f 2051/2/6 2045/2/6 2052/2/6
f 2045/1/6 2046/1/6 2052/1/6
f 2052/1/6 2047/1/6 2053/1/6
f 2053/1/6 2047/1/6 2054/1/6
f 2050/1/6 2051/1/6 2055/1/6
f 2052/1/6 2053/1/6 2055/1/6
f 2051/1/6 2052/1/6 2055/1/6
f 2055/1/6 2053/1/6 2056/1/6
f 2056/1/6 2053/1/6 2057/1/6
f 2057/1/6 2053/1/6 2058/1/6
f 2056/1/6 2057/1/6 2059/1/6
f 2059/1/6 2057/1/6 2060/1/6
f 2056/1/6 2059/1/6 2061/1/6
f 2061/1/6 2059/1/6 2062/1/6
f 2062/1/6 2059/1/6 2063/1/6
f 2063/1/6 2059/1/6 2064/1/6
f 2062/1/6 2063/1/6 2065/1/6
f 2065/1/6 2063/1/6 2066/1/6
