# MagicaVoxel @ Ephtracy

# group
o 

# material
mtllib spaceship_inside-25.mtl
usemtl palette

# normals
vn -1 0 0
vn 1 0 0
vn 0 0 1
vn 0 0 -1
vn 0 -1 0
vn 0 1 0

# texcoords
vt 0.751953 0.5
vt 0.822266 0.5
vt 0.833984 0.5
vt 0.841797 0.5
vt 0.845703 0.5
vt 0.849609 0.5
vt 0.853516 0.5
vt 0.857422 0.5
vt 0.861328 0.5
vt 0.880859 0.5
vt 0.884766 0.5
vt 0.888672 0.5
vt 0.892578 0.5
vt 0.955078 0.5
vt 0.958984 0.5
vt 0.962891 0.5
vt 0.982422 0.5
vt 0.986328 0.5
vt 0.990234 0.5
vt 0.994141 0.5

# verts
v -1 -1 1
v -1 -1 0.9
v -1 -1 0.6
v -1 -1 0.5
v -1 -1 0.4
v -1 -1 0.3
v -1 -1 0.2
v -1 -1 0.1
v -1 -1 -0.2
v -1 -1 -0.5
v -1 -1 -0.6
v -1 -1 -0.7
v -1 -1 -0.8
v -1 -1 -0.9
v -1 -1 -1
v -1 -0.9 0.9
v -1 -0.9 0.6
v -1 -0.9 0.5
v -1 -0.9 0.4
v -1 -0.9 0.3
v -1 -0.9 0.2
v -1 -0.9 0.1
v -1 -0.9 -0.2
v -1 -0.9 -0.5
v -1 -0.9 -0.6
v -1 -0.9 -0.7
v -1 -0.9 -0.8
v -1 -0.9 -0.9
v -1 -0.9 -1
v -1 -0.8 1
v -1 -0.8 0.9
v -1 -0.8 0.8
v -1 -0.8 0.7
v -1 -0.8 0.2
v -1 -0.8 0.1
v -1 -0.8 0
v -1 -0.8 -0.1
v -1 -0.8 -0.3
v -1 -0.8 -0.4
v -1 -0.8 -0.5
v -1 -0.8 -0.8
v -1 -0.8 -0.9
v -1 -0.8 -1
v -1 -0.7 1
v -1 -0.7 0.9
v -1 -0.7 0.8
v -1 -0.7 0.7
v -1 -0.7 0.6
v -1 -0.7 0.4
v -1 -0.7 0.3
v -1 -0.7 0.2
v -1 -0.7 0.1
v -1 -0.7 0
v -1 -0.7 -0.1
v -1 -0.7 -0.2
v -1 -0.7 -0.3
v -1 -0.7 -0.4
v -1 -0.7 -0.6
v -1 -0.7 -0.7
v -1 -0.7 -0.8
v -1 -0.6 1
v -1 -0.6 0.9
v -1 -0.6 0.8
v -1 -0.6 0.7
v -1 -0.6 0.6
v -1 -0.6 0.5
v -1 -0.6 0.4
v -1 -0.6 0.3
v -1 -0.6 0.2
v -1 -0.6 0.1
v -1 -0.6 0
v -1 -0.6 -0.1
v -1 -0.6 -0.2
v -1 -0.6 -0.3
v -1 -0.6 -0.4
v -1 -0.6 -0.5
v -1 -0.6 -0.7
v -1 -0.6 -0.8
v -1 -0.6 -0.9
v -1 -0.6 -1
v -1 -0.5 1
v -1 -0.5 0.9
v -1 -0.5 0.7
v -1 -0.5 0.6
v -1 -0.5 0.5
v -1 -0.5 0.4
v -1 -0.5 0.2
v -1 -0.5 0.1
v -1 -0.5 0
v -1 -0.5 -0.1
v -1 -0.5 -0.2
v -1 -0.5 -0.4
v -1 -0.5 -0.5
v -1 -0.5 -0.6
v -1 -0.5 -0.7
v -1 -0.5 -0.8
v -1 -0.5 -0.9
v -1 -0.5 -1
v -1 -0.4 1
v -1 -0.4 0.9
v -1 -0.4 0.7
v -1 -0.4 0.6
v -1 -0.4 0.5
v -1 -0.4 0.4
v -1 -0.4 0.3
v -1 -0.4 0.2
v -1 -0.4 0.1
v -1 -0.4 0
v -1 -0.4 -0.1
v -1 -0.4 -0.2
v -1 -0.4 -0.3
v -1 -0.4 -0.4
v -1 -0.4 -0.5
v -1 -0.4 -0.6
v -1 -0.4 -0.8
v -1 -0.3 0.8
v -1 -0.3 0.7
v -1 -0.3 0.6
v -1 -0.3 0.5
v -1 -0.3 0.4
v -1 -0.3 0.2
v -1 -0.3 0.1
v -1 -0.3 0
v -1 -0.3 -0.1
v -1 -0.3 -0.2
v -1 -0.3 -0.4
v -1 -0.3 -0.5
v -1 -0.3 -0.6
v -1 -0.3 -0.7
v -1 -0.2 1
v -1 -0.2 0.9
v -1 -0.2 0.8
v -1 -0.2 0.7
v -1 -0.2 0.6
v -1 -0.2 0.5
v -1 -0.2 0.2
v -1 -0.2 0.1
v -1 -0.2 0
v -1 -0.2 -0.1
v -1 -0.2 -0.2
v -1 -0.2 -0.3
v -1 -0.2 -0.4
v -1 -0.2 -0.5
v -1 -0.2 -0.6
v -1 -0.2 -0.7
v -1 -0.2 -0.8
v -1 -0.1 0.8
v -1 -0.1 0.6
v -1 -0.1 0.5
v -1 -0.1 0.4
v -1 -0.1 0.3
v -1 -0.1 0.2
v -1 -0.1 0.1
v -1 -0.1 0
v -1 -0.1 -0.1
v -1 -0.1 -0.3
v -1 -0.1 -0.4
v -1 -0.1 -0.5
v -1 -0.1 -0.6
v -1 -0.1 -0.7
v -1 -0.1 -0.8
v -1 -0.1 -0.9
v -1 -0.1 -1
v -1 0 1
v -1 0 0.9
v -1 0 0.8
v -1 0 0.6
v -1 0 0.5
v -1 0 0.4
v -1 0 0.3
v -1 0 0.2
v -1 0 0.1
v -1 0 0
v -1 0 -0.1
v -1 0 -0.2
v -1 0 -0.3
v -1 0 -0.5
v -1 0 -0.6
v -1 0 -0.7
v -1 0 -0.8
v -1 0 -0.9
v -1 0 -1
v -1 0.1 0.8
v -1 0.1 0.7
v -1 0.1 0.6
v -1 0.1 0.5
v -1 0.1 0.4
v -1 0.1 0.3
v -1 0.1 0.1
v -1 0.1 0
v -1 0.1 -0.1
v -1 0.1 -0.2
v -1 0.1 -0.5
v -1 0.1 -0.6
v -1 0.1 -0.7
v -1 0.1 -0.8
v -1 0.1 -0.9
v -1 0.1 -1
v -1 0.2 0.8
v -1 0.2 0.7
v -1 0.2 0.6
v -1 0.2 0.5
v -1 0.2 0.4
v -1 0.2 0.3
v -1 0.2 0.2
v -1 0.2 0.1
v -1 0.2 0
v -1 0.2 -0.1
v -1 0.2 -0.2
v -1 0.2 -0.3
v -1 0.2 -0.4
v -1 0.2 -0.5
v -1 0.2 -0.6
v -1 0.2 -0.8
v -1 0.2 -0.9
v -1 0.2 -1
v -1 0.3 1
v -1 0.3 0.9
v -1 0.3 0.8
v -1 0.3 0.6
v -1 0.3 0.5
v -1 0.3 0.4
v -1 0.3 0.3
v -1 0.3 0.2
v -1 0.3 0.1
v -1 0.3 0
v -1 0.3 -0.1
v -1 0.3 -0.3
v -1 0.3 -0.4
v -1 0.3 -0.5
v -1 0.3 -0.6
v -1 0.3 -0.7
v -1 0.4 1
v -1 0.4 0.9
v -1 0.4 0.8
v -1 0.4 0.7
v -1 0.4 0.6
v -1 0.4 0.4
v -1 0.4 0.3
v -1 0.4 0.2
v -1 0.4 0.1
v -1 0.4 0
v -1 0.4 -0.1
v -1 0.4 -0.2
v -1 0.4 -0.3
v -1 0.4 -0.4
v -1 0.4 -0.6
v -1 0.4 -0.7
v -1 0.4 -0.9
v -1 0.4 -1
v -1 0.5 0.8
v -1 0.5 0.7
v -1 0.5 0.5
v -1 0.5 0.4
v -1 0.5 0.3
v -1 0.5 0.2
v -1 0.5 0.1
v -1 0.5 0
v -1 0.5 -0.1
v -1 0.5 -0.2
v -1 0.5 -0.3
v -1 0.5 -0.4
v -1 0.5 -0.5
v -1 0.5 -0.6
v -1 0.5 -0.7
v -1 0.5 -0.8
v -1 0.5 -0.9
v -1 0.5 -1
v -1 0.6 1
v -1 0.6 0.9
v -1 0.6 0.7
v -1 0.6 0.6
v -1 0.6 0.5
v -1 0.6 0.4
v -1 0.6 0.3
v -1 0.6 0.2
v -1 0.6 0
v -1 0.6 -0.1
v -1 0.6 -0.2
v -1 0.6 -0.3
v -1 0.6 -0.4
v -1 0.6 -0.5
v -1 0.6 -0.7
v -1 0.6 -0.8
v -1 0.7 0.8
v -1 0.7 0.7
v -1 0.7 0.6
v -1 0.7 0.5
v -1 0.7 0.4
v -1 0.7 0.2
v -1 0.7 0.1
v -1 0.7 0
v -1 0.7 -0.1
v -1 0.7 -0.2
v -1 0.7 -0.3
v -1 0.7 -0.4
v -1 0.7 -0.5
v -1 0.7 -0.6
v -1 0.7 -0.7
v -1 0.7 -0.8
v -1 0.7 -0.9
v -1 0.7 -1
v -1 0.8 1
v -1 0.8 0.9
v -1 0.8 0.8
v -1 0.8 0.7
v -1 0.8 0.6
v -1 0.8 0.5
v -1 0.8 0.4
v -1 0.8 0.2
v -1 0.8 0.1
v -1 0.8 0
v -1 0.8 -0.1
v -1 0.8 -0.2
v -1 0.8 -0.3
v -1 0.8 -0.4
v -1 0.8 -0.5
v -1 0.8 -0.6
v -1 0.8 -0.7
v -1 0.8 -0.8
v -1 0.8 -0.9
v -1 0.8 -1
v -1 0.9 1
v -1 0.9 0.9
v -1 0.9 0.8
v -1 0.9 0.7
v -1 0.9 0.6
v -1 0.9 0.4
v -1 0.9 0.3
v -1 0.9 0.1
v -1 0.9 0
v -1 0.9 -0.1
v -1 0.9 -0.2
v -1 0.9 -0.6
v -1 0.9 -0.8
v -1 0.9 -0.9
v -1 0.9 -1
v -1 1 1
v -1 1 0.9
v -1 1 0.8
v -1 1 0.7
v -1 1 0.6
v -1 1 0.4
v -1 1 0.3
v -1 1 0.1
v -1 1 0
v -1 1 -0.1
v -1 1 -0.2
v -1 1 -0.6
v -1 1 -0.8
v -1 1 -1
v -0.9 -0.9 0.9
v -0.9 -0.9 0.8
v -0.9 -0.9 0.7
v -0.9 -0.9 0.6
v -0.9 -0.9 0.5
v -0.9 -0.9 0.4
v -0.9 -0.9 0.3
v -0.9 -0.9 0.2
v -0.9 -0.9 0.1
v -0.9 -0.9 0
v -0.9 -0.9 -0.2
v -0.9 -0.9 -0.3
v -0.9 -0.9 -0.4
v -0.9 -0.9 -0.5
v -0.9 -0.9 -0.6
v -0.9 -0.9 -0.7
v -0.9 -0.9 -0.8
v -0.9 -0.9 -0.9
v -0.9 -0.8 0.9
v -0.9 -0.8 0.8
v -0.9 -0.8 0.7
v -0.9 -0.8 0.6
v -0.9 -0.8 0.5
v -0.9 -0.8 0.2
v -0.9 -0.8 0.1
v -0.9 -0.8 0
v -0.9 -0.8 -0.1
v -0.9 -0.8 -0.2
v -0.9 -0.8 -0.3
v -0.9 -0.8 -0.4
v -0.9 -0.8 -0.5
v -0.9 -0.8 -0.8
v -0.9 -0.8 -0.9
v -0.9 -0.7 0.9
v -0.9 -0.7 0.8
v -0.9 -0.7 -0.8
v -0.9 -0.6 0.9
v -0.9 -0.6 0.8
v -0.9 -0.6 -0.8
v -0.9 -0.6 -0.9
v -0.9 -0.5 0.9
v -0.9 -0.5 0.8
v -0.9 -0.5 -0.8
v -0.9 -0.5 -0.9
v -0.9 -0.4 0.9
v -0.9 -0.4 0.8
v -0.9 -0.4 -0.8
v -0.9 -0.4 -0.9
v -0.9 -0.3 0.9
v -0.9 -0.3 0.8
v -0.9 -0.3 -0.8
v -0.9 -0.3 -0.9
v -0.9 -0.2 0.9
v -0.9 -0.2 0.8
v -0.9 -0.2 -0.8
v -0.9 -0.2 -0.9
v -0.9 -0.1 0.8
v -0.9 -0.1 -0.8
v -0.9 -0.1 -0.9
v -0.9 0 0.9
v -0.9 0 0.8
v -0.9 0 -0.8
v -0.9 0 -0.9
v -0.9 0.1 0.9
v -0.9 0.1 0.8
v -0.9 0.1 -0.8
v -0.9 0.1 -0.9
v -0.9 0.2 0.9
v -0.9 0.2 0.8
v -0.9 0.2 -0.8
v -0.9 0.2 -0.9
v -0.9 0.3 0.9
v -0.9 0.3 0.8
v -0.9 0.4 0.9
v -0.9 0.4 0.8
v -0.9 0.4 -0.8
v -0.9 0.4 -0.9
v -0.9 0.5 0.9
v -0.9 0.5 0.8
v -0.9 0.5 -0.8
v -0.9 0.5 -0.9
v -0.9 0.6 0.9
v -0.9 0.6 0.8
v -0.9 0.6 -0.8
v -0.9 0.6 -0.9
v -0.9 0.7 0.8
v -0.9 0.7 -0.8
v -0.9 0.7 -0.9
v -0.9 0.8 0.9
v -0.9 0.8 0.8
v -0.9 0.8 0.7
v -0.9 0.8 0.6
v -0.9 0.8 0.5
v -0.9 0.8 0.4
v -0.9 0.8 0.3
v -0.9 0.8 0.2
v -0.9 0.8 0.1
v -0.9 0.8 0
v -0.9 0.8 -0.1
v -0.9 0.8 -0.2
v -0.9 0.8 -0.3
v -0.9 0.8 -0.4
v -0.9 0.8 -0.5
v -0.9 0.8 -0.6
v -0.9 0.8 -0.7
v -0.9 0.8 -0.8
v -0.9 0.8 -0.9
v -0.9 0.9 0.9
v -0.9 0.9 0.8
v -0.9 0.9 0.7
v -0.9 0.9 0.6
v -0.9 0.9 0.5
v -0.9 0.9 0.4
v -0.9 0.9 0.3
v -0.9 0.9 0.2
v -0.9 0.9 0.1
v -0.9 0.9 0
v -0.9 0.9 -0.1
v -0.9 0.9 -0.2
v -0.9 0.9 -0.3
v -0.9 0.9 -0.6
v -0.9 0.9 -0.7
v -0.9 0.9 -0.8
v -0.9 0.9 -0.9
v -0.8 -1 0.8
v -0.8 -1 0.6
v -0.8 -1 0.5
v -0.8 -1 0.4
v -0.8 -1 0.3
v -0.8 -1 0.2
v -0.8 -1 0.1
v -0.8 -1 0
v -0.8 -1 -0.2
v -0.8 -1 -0.3
v -0.8 -1 -0.6
v -0.8 -1 -0.7
v -0.8 -1 -0.8
v -0.8 -0.9 0.8
v -0.8 -0.9 0.7
v -0.8 -0.9 0.6
v -0.8 -0.9 0.5
v -0.8 -0.9 0.4
v -0.8 -0.9 0.3
v -0.8 -0.9 0.2
v -0.8 -0.9 0.1
v -0.8 -0.9 0
v -0.8 -0.9 -0.2
v -0.8 -0.9 -0.3
v -0.8 -0.9 -0.4
v -0.8 -0.9 -0.5
v -0.8 -0.9 -0.6
v -0.8 -0.9 -0.7
v -0.8 -0.9 -0.8
v -0.8 -0.8 1
v -0.8 -0.8 0.9
v -0.8 -0.8 -0.9
v -0.8 -0.8 -1
v -0.8 -0.7 1
v -0.8 -0.7 0.9
v -0.8 -0.7 -0.9
v -0.8 -0.7 -1
v -0.8 -0.6 1
v -0.8 -0.6 0.9
v -0.8 -0.6 -0.9
v -0.8 -0.5 1
v -0.8 -0.5 0.9
v -0.8 -0.5 -0.9
v -0.8 -0.4 1
v -0.8 -0.4 0.9
v -0.8 -0.4 -0.9
v -0.8 -0.4 -1
v -0.8 -0.3 1
v -0.8 -0.3 0.9
v -0.8 -0.3 -0.9
v -0.8 -0.3 -1
v -0.8 -0.2 0.9
v -0.8 -0.2 -0.9
v -0.8 -0.2 -1
v -0.8 -0.1 1
v -0.8 -0.1 0.9
v -0.8 -0.1 -0.9
v -0.8 -0.1 -1
v -0.8 0 1
v -0.8 0 0.9
v -0.8 0 -0.9
v -0.8 0.1 0.9
v -0.8 0.2 1
v -0.8 0.2 0.9
v -0.8 0.2 -0.9
v -0.8 0.2 -1
v -0.8 0.3 1
v -0.8 0.3 0.9
v -0.8 0.4 1
v -0.8 0.4 0.9
v -0.8 0.4 -0.9
v -0.8 0.4 -1
v -0.8 0.5 0.9
v -0.8 0.5 -0.9
v -0.8 0.5 -1
v -0.8 0.6 1
v -0.8 0.6 0.9
v -0.8 0.6 -0.9
v -0.8 0.6 -1
v -0.8 0.7 1
v -0.8 0.7 0.9
v -0.8 0.7 -0.9
v -0.8 0.8 1
v -0.8 0.8 0.9
v -0.8 0.8 -0.9
v -0.8 0.8 -1
v -0.7 -0.9 0.6
v -0.7 -0.9 0.5
v -0.7 -0.9 -0.4
v -0.7 -0.9 -0.6
v -0.7 -0.9 -0.7
v -0.7 -0.8 0.6
v -0.7 -0.8 0.5
v -0.7 -0.8 0.4
v -0.7 -0.7 0.6
v -0.7 -0.7 0.5
v -0.7 -0.7 0.4
v -0.7 -0.6 0.6
v -0.7 -0.6 0.5
v -0.7 -0.4 -0.4
v -0.7 -0.4 -0.7
v -0.6 -0.9 0.7
v -0.6 -0.9 0.6
v -0.6 -0.9 0.4
v -0.6 -0.9 0.3
v -0.6 -0.8 0.7
v -0.6 -0.8 0.6
v -0.6 -0.8 0.4
v -0.6 -0.8 0.3
v -0.6 -0.7 0.7
v -0.6 -0.7 0.6
v -0.6 -0.7 0.4
v -0.6 -0.7 0.3
v -0.6 -0.6 0.7
v -0.6 -0.6 0.6
v -0.6 -0.4 -0.5
v -0.6 -0.4 -0.6
v -0.6 -0.3 -0.5
v -0.6 -0.3 -0.6
v -0.5 -0.9 0.3
v -0.5 -0.9 0.2
v -0.5 -0.8 0.3
v -0.5 -0.8 0.2
v -0.5 -0.7 0.3
v -0.5 -0.7 0.2
v -0.3 -0.9 0.6
v -0.3 -0.9 0.4
v -0.3 -0.9 0.3
v -0.3 -0.9 -0.4
v -0.3 -0.9 -0.6
v -0.3 -0.9 -0.7
v -0.3 -0.8 0.6
v -0.3 -0.8 0.3
v -0.3 -0.7 0.6
v -0.3 -0.7 0.4
v -0.3 -0.7 0.3
v -0.3 -0.6 0.6
v -0.3 -0.6 0.4
v -0.3 -0.6 -0.4
v -0.3 -0.6 -0.7
v -0.1 -0.9 0.4
v -0.1 -0.9 0.3
v -0.1 -0.9 0.2
v -0.1 -0.8 0.4
v -0.1 -0.8 0.3
v -0.1 -0.8 0.2
v 0.2 -0.9 0.7
v 0.2 -0.9 0.4
v 0.2 -0.8 0.7
v 0.2 -0.8 0.4
v 0.2 -0.7 0.7
v 0.2 -0.7 0.4
v 0.2 -0.6 0.7
v 0.2 -0.6 0.4
v 0.2 -0.5 0.7
v 0.2 -0.5 0.4
v 0.2 -0.4 0.7
v 0.2 -0.4 0.4
v 0.2 -0.3 0.7
v 0.2 -0.3 0.4
v 0.2 -0.2 0.7
v 0.2 -0.2 0.4
v 0.2 -0.1 0.7
v 0.2 -0.1 0.4
v 0.2 0 0.7
v 0.2 0 0.4
v 0.2 0.1 0.7
v 0.2 0.1 0.4
v 0.3 -0.9 0.8
v 0.3 -0.9 0.7
v 0.3 -0.9 0.4
v 0.3 -0.9 0.3
v 0.3 -0.8 0.8
v 0.3 -0.8 0.7
v 0.3 -0.8 0.4
v 0.3 -0.8 0.3
v 0.3 -0.7 0.8
v 0.3 -0.7 0.7
v 0.3 -0.7 0.4
v 0.3 -0.7 0.3
v 0.3 -0.6 0.8
v 0.3 -0.6 0.7
v 0.3 -0.6 0.4
v 0.3 -0.6 0.3
v 0.3 -0.5 0.8
v 0.3 -0.5 0.7
v 0.3 -0.5 0.4
v 0.3 -0.5 0.3
v 0.3 -0.4 0.8
v 0.3 -0.4 0.7
v 0.3 -0.4 0.4
v 0.3 -0.4 0.3
v 0.3 -0.3 0.8
v 0.3 -0.3 0.7
v 0.3 -0.3 0.4
v 0.3 -0.3 0.3
v 0.3 -0.2 0.8
v 0.3 -0.2 0.7
v 0.3 -0.2 0.4
v 0.3 -0.2 0.3
v 0.3 -0.1 0.8
v 0.3 -0.1 0.7
v 0.3 -0.1 0.4
v 0.3 -0.1 0.3
v 0.3 0 0.8
v 0.3 0 0.7
v 0.3 0 0.4
v 0.3 0 0.3
v 0.3 0.1 0.8
v 0.3 0.1 0.7
v 0.3 0.1 0.4
v 0.3 0.1 0.3
v 0.5 -0.1 0.6
v 0.5 -0.1 0.5
v 0.5 0 0.7
v 0.5 0 0.6
v 0.5 0 0.5
v 0.5 0 0.4
v 0.5 0.1 0.7
v 0.5 0.1 0.6
v 0.5 0.1 0.5
v 0.5 0.1 0.4
v 0.5 0.5 0.1
v 0.5 0.5 0
v 0.5 0.5 -0.4
v 0.5 0.5 -0.5
v 0.5 0.6 0.1
v 0.5 0.6 0
v 0.5 0.6 -0.4
v 0.5 0.6 -0.5
v 0.6 -0.2 0.1
v 0.6 -0.2 0
v 0.6 -0.1 0.2
v 0.6 -0.1 0.1
v 0.6 -0.1 0
v 0.6 -0.1 -0.1
v 0.6 -0.1 -0.5
v 0.6 -0.1 -0.6
v 0.6 0 0.6
v 0.6 0 0.5
v 0.6 0 -0.5
v 0.6 0 -0.6
v 0.6 0.1 0.6
v 0.6 0.1 0.5
v 0.6 0.2 -0.3
v 0.6 0.2 -0.4
v 0.6 0.5 0.1
v 0.6 0.5 0
v 0.6 0.5 -0.4
v 0.6 0.5 -0.5
v 0.6 0.6 0.2
v 0.6 0.6 0.1
v 0.6 0.6 0
v 0.6 0.6 -0.1
v 0.6 0.6 -0.3
v 0.6 0.6 -0.4
v 0.6 0.6 -0.5
v 0.6 0.6 -0.6
v 0.6 0.7 0.1
v 0.6 0.7 0
v 0.6 0.7 -0.4
v 0.6 0.7 -0.5
v 0.8 -0.9 0.8
v 0.8 -0.9 0.7
v 0.8 -0.9 0.6
v 0.8 -0.9 0.5
v 0.8 -0.9 0.4
v 0.8 -0.9 0.3
v 0.8 -0.9 0.2
v 0.8 -0.9 0.1
v 0.8 -0.9 0
v 0.8 -0.9 -0.1
v 0.8 -0.9 -0.2
v 0.8 -0.9 -0.3
v 0.8 -0.9 -0.4
v 0.8 -0.9 -0.5
v 0.8 -0.9 -0.6
v 0.8 -0.9 -0.7
v 0.8 -0.9 -0.8
v 0.8 -0.8 0.7
v 0.8 -0.8 0.6
v 0.8 -0.8 0.4
v 0.8 -0.8 0.3
v 0.8 -0.8 0.2
v 0.8 -0.8 0.1
v 0.8 -0.8 -0.1
v 0.8 -0.8 -0.2
v 0.8 -0.8 -0.3
v 0.8 -0.8 -0.4
v 0.8 -0.8 -0.5
v 0.8 -0.8 -0.6
v 0.8 -0.8 -0.7
v 0.8 -0.8 -0.8
v 0.8 -0.7 0.8
v 0.8 -0.7 0.7
v 0.8 -0.7 0.6
v 0.8 -0.7 0.4
v 0.8 -0.7 0.3
v 0.8 -0.7 0.2
v 0.8 -0.7 0.1
v 0.8 -0.7 0
v 0.8 -0.7 -0.1
v 0.8 -0.7 -0.2
v 0.8 -0.7 -0.4
v 0.8 -0.7 -0.5
v 0.8 -0.7 -0.6
v 0.8 -0.7 -0.7
v 0.8 -0.7 -0.8
v 0.8 -0.6 0.8
v 0.8 -0.6 0.7
v 0.8 -0.6 0.6
v 0.8 -0.6 0.5
v 0.8 -0.6 0.4
v 0.8 -0.6 0.3
v 0.8 -0.6 0.2
v 0.8 -0.6 0.1
v 0.8 -0.6 0
v 0.8 -0.6 -0.1
v 0.8 -0.6 -0.2
v 0.8 -0.6 -0.3
v 0.8 -0.6 -0.4
v 0.8 -0.6 -0.5
v 0.8 -0.6 -0.6
v 0.8 -0.6 -0.8
v 0.8 -0.5 0.8
v 0.8 -0.5 0.7
v 0.8 -0.5 0.6
v 0.8 -0.5 0.5
v 0.8 -0.5 0.4
v 0.8 -0.5 0.3
v 0.8 -0.5 0.2
v 0.8 -0.5 0
v 0.8 -0.5 -0.1
v 0.8 -0.5 -0.2
v 0.8 -0.5 -0.3
v 0.8 -0.5 -0.4
v 0.8 -0.5 -0.5
v 0.8 -0.5 -0.6
v 0.8 -0.5 -0.7
v 0.8 -0.5 -0.8
v 0.8 -0.4 0.8
v 0.8 -0.4 0.7
v 0.8 -0.4 0.6
v 0.8 -0.4 0.5
v 0.8 -0.4 0.4
v 0.8 -0.4 0.3
v 0.8 -0.4 0.2
v 0.8 -0.4 0.1
v 0.8 -0.4 0
v 0.8 -0.4 -0.1
v 0.8 -0.4 -0.2
v 0.8 -0.4 -0.3
v 0.8 -0.4 -0.4
v 0.8 -0.4 -0.5
v 0.8 -0.4 -0.6
v 0.8 -0.4 -0.7
v 0.8 -0.4 -0.8
v 0.8 -0.3 0.8
v 0.8 -0.3 0.7
v 0.8 -0.3 0.6
v 0.8 -0.3 0.5
v 0.8 -0.3 0.3
v 0.8 -0.3 0.2
v 0.8 -0.3 0.1
v 0.8 -0.3 0
v 0.8 -0.3 -0.1
v 0.8 -0.3 -0.2
v 0.8 -0.3 -0.3
v 0.8 -0.3 -0.4
v 0.8 -0.3 -0.5
v 0.8 -0.3 -0.6
v 0.8 -0.3 -0.7
v 0.8 -0.3 -0.8
v 0.8 -0.2 0.8
v 0.8 -0.2 0.7
v 0.8 -0.2 0.6
v 0.8 -0.2 0.5
v 0.8 -0.2 0.4
v 0.8 -0.2 0.3
v 0.8 -0.2 0.2
v 0.8 -0.2 0.1
v 0.8 -0.2 -0.1
v 0.8 -0.2 -0.2
v 0.8 -0.2 -0.3
v 0.8 -0.2 -0.4
v 0.8 -0.2 -0.5
v 0.8 -0.2 -0.6
v 0.8 -0.2 -0.7
v 0.8 -0.2 -0.8
v 0.8 -0.1 0.8
v 0.8 -0.1 0.7
v 0.8 -0.1 0.6
v 0.8 -0.1 0.5
v 0.8 -0.1 0.4
v 0.8 -0.1 0.3
v 0.8 -0.1 0.2
v 0.8 -0.1 0.1
v 0.8 -0.1 0
v 0.8 -0.1 -0.1
v 0.8 -0.1 -0.2
v 0.8 -0.1 -0.3
v 0.8 -0.1 -0.4
v 0.8 -0.1 -0.6
v 0.8 -0.1 -0.7
v 0.8 -0.1 -0.8
v 0.8 0 0.7
v 0.8 0 0.6
v 0.8 0 0.5
v 0.8 0 0.4
v 0.8 0 0.3
v 0.8 0 0.2
v 0.8 0 0.1
v 0.8 0 0
v 0.8 0 -0.1
v 0.8 0 -0.4
v 0.8 0 -0.5
v 0.8 0 -0.6
v 0.8 0 -0.7
v 0.8 0.1 0.8
v 0.8 0.1 0.7
v 0.8 0.1 0.6
v 0.8 0.1 0.5
v 0.8 0.1 0.4
v 0.8 0.1 0.3
v 0.8 0.1 0.2
v 0.8 0.1 0.1
v 0.8 0.1 0
v 0.8 0.1 -0.1
v 0.8 0.1 -0.2
v 0.8 0.1 -0.3
v 0.8 0.1 -0.4
v 0.8 0.1 -0.5
v 0.8 0.1 -0.6
v 0.8 0.1 -0.7
v 0.8 0.2 0.8
v 0.8 0.2 0.7
v 0.8 0.2 0.6
v 0.8 0.2 0.5
v 0.8 0.2 0.4
v 0.8 0.2 0.3
v 0.8 0.2 0.2
v 0.8 0.2 0.1
v 0.8 0.2 0
v 0.8 0.2 -0.1
v 0.8 0.2 -0.2
v 0.8 0.2 -0.3
v 0.8 0.2 -0.4
v 0.8 0.2 -0.5
v 0.8 0.2 -0.6
v 0.8 0.2 -0.7
v 0.8 0.2 -0.8
v 0.8 0.3 0.8
v 0.8 0.3 0.7
v 0.8 0.3 0.6
v 0.8 0.3 0.5
v 0.8 0.3 0.4
v 0.8 0.3 0.3
v 0.8 0.3 0.2
v 0.8 0.3 0.1
v 0.8 0.3 0
v 0.8 0.3 -0.1
v 0.8 0.3 -0.2
v 0.8 0.3 -0.3
v 0.8 0.3 -0.4
v 0.8 0.3 -0.5
v 0.8 0.3 -0.6
v 0.8 0.3 -0.7
v 0.8 0.3 -0.8
v 0.8 0.4 0.8
v 0.8 0.4 0.7
v 0.8 0.4 0.6
v 0.8 0.4 0.5
v 0.8 0.4 0.4
v 0.8 0.4 0.3
v 0.8 0.4 0.2
v 0.8 0.4 0.1
v 0.8 0.4 0
v 0.8 0.4 -0.1
v 0.8 0.4 -0.2
v 0.8 0.4 -0.3
v 0.8 0.4 -0.4
v 0.8 0.4 -0.5
v 0.8 0.4 -0.6
v 0.8 0.4 -0.7
v 0.8 0.4 -0.8
v 0.8 0.5 0.8
v 0.8 0.5 0.7
v 0.8 0.5 0.6
v 0.8 0.5 0.5
v 0.8 0.5 0.4
v 0.8 0.5 0.3
v 0.8 0.5 0.2
v 0.8 0.5 0.1
v 0.8 0.5 0
v 0.8 0.5 -0.1
v 0.8 0.5 -0.2
v 0.8 0.5 -0.3
v 0.8 0.5 -0.4
v 0.8 0.5 -0.5
v 0.8 0.5 -0.6
v 0.8 0.5 -0.7
v 0.8 0.5 -0.8
v 0.8 0.6 0.8
v 0.8 0.6 0.7
v 0.8 0.6 0.6
v 0.8 0.6 0.5
v 0.8 0.6 0.4
v 0.8 0.6 0.3
v 0.8 0.6 0.2
v 0.8 0.6 0.1
v 0.8 0.6 0
v 0.8 0.6 -0.1
v 0.8 0.6 -0.2
v 0.8 0.6 -0.3
v 0.8 0.6 -0.4
v 0.8 0.6 -0.5
v 0.8 0.6 -0.6
v 0.8 0.7 0.8
v 0.8 0.7 0.7
v 0.8 0.7 0.6
v 0.8 0.7 0.4
v 0.8 0.7 0.3
v 0.8 0.7 0.2
v 0.8 0.7 0.1
v 0.8 0.7 0
v 0.8 0.7 -0.1
v 0.8 0.7 -0.2
v 0.8 0.7 -0.3
v 0.8 0.7 -0.4
v 0.8 0.7 -0.6
v 0.8 0.7 -0.7
v 0.8 0.7 -0.8
v 0.8 0.8 0.8
v 0.8 0.8 0.7
v 0.8 0.8 0.5
v 0.8 0.8 0.3
v 0.8 0.8 0.2
v 0.8 0.8 0.1
v 0.8 0.8 0
v 0.8 0.8 -0.2
v 0.8 0.8 -0.3
v 0.8 0.8 -0.4
v 0.8 0.8 -0.5
v 0.8 0.8 -0.6
v 0.8 0.8 -0.7
v 0.8 0.8 -0.8
v 0.8 0.9 0.8
v 0.8 0.9 0.7
v 0.8 0.9 0.5
v 0.8 0.9 0.3
v 0.8 0.9 -0.2
v 0.8 0.9 -0.4
v 0.8 0.9 -0.5
v 0.8 0.9 -0.6
v 0.8 0.9 -0.7
v 0.8 0.9 -0.8
v 0.9 -1 0.9
v 0.9 -1 0.8
v 0.9 -1 0.5
v 0.9 -1 0.4
v 0.9 -1 0.3
v 0.9 -1 0.1
v 0.9 -1 -0.1
v 0.9 -1 -0.5
v 0.9 -1 -0.6
v 0.9 -1 -0.7
v 0.9 -1 -0.8
v 0.9 -1 -0.9
v 0.9 -0.9 1
v 0.9 -0.9 0.9
v 0.9 -0.9 0.8
v 0.9 -0.9 0.7
v 0.9 -0.9 0.5
v 0.9 -0.9 0.4
v 0.9 -0.9 0.3
v 0.9 -0.9 0.2
v 0.9 -0.9 0.1
v 0.9 -0.9 -0.1
v 0.9 -0.9 -0.3
v 0.9 -0.9 -0.5
v 0.9 -0.9 -0.6
v 0.9 -0.9 -0.7
v 0.9 -0.9 -0.8
v 0.9 -0.9 -0.9
v 0.9 -0.9 -1
v 0.9 -0.8 1
v 0.9 -0.8 0.9
v 0.9 -0.8 -0.9
v 0.9 -0.8 -1
v 0.9 -0.7 0.9
v 0.9 -0.7 -0.9
v 0.9 -0.7 -1
v 0.9 -0.6 0.9
v 0.9 -0.6 -0.9
v 0.9 -0.6 -1
v 0.9 -0.5 0.9
v 0.9 -0.5 -0.9
v 0.9 -0.4 1
v 0.9 -0.4 0.9
v 0.9 -0.4 -0.9
v 0.9 -0.4 -1
v 0.9 -0.3 1
v 0.9 -0.3 0.9
v 0.9 -0.3 -0.9
v 0.9 -0.3 -1
v 0.9 -0.2 1
v 0.9 -0.2 0.9
v 0.9 -0.2 -0.9
v 0.9 -0.2 -1
v 0.9 -0.1 1
v 0.9 -0.1 0.9
v 0.9 -0.1 -0.9
v 0.9 -0.1 -1
v 0.9 0 1
v 0.9 0 0.9
v 0.9 0 -0.9
v 0.9 0 -1
v 0.9 0.1 0.9
v 0.9 0.1 -0.9
v 0.9 0.2 1
v 0.9 0.2 0.9
v 0.9 0.2 -0.9
v 0.9 0.2 -1
v 0.9 0.3 1
v 0.9 0.3 0.9
v 0.9 0.3 -0.9
v 0.9 0.3 -1
v 0.9 0.4 0.9
v 0.9 0.4 -0.9
v 0.9 0.4 -1
v 0.9 0.5 1
v 0.9 0.5 0.9
v 0.9 0.5 -0.9
v 0.9 0.6 1
v 0.9 0.6 0.9
v 0.9 0.6 -0.9
v 0.9 0.6 -1
v 0.9 0.7 0.9
v 0.9 0.7 -0.9
v 0.9 0.7 -1
v 0.9 0.8 1
v 0.9 0.8 0.9
v 0.9 0.8 -0.9
v 0.9 0.8 -1
v 0.9 0.9 1
v 0.9 0.9 0.9
v 0.9 0.9 0.7
v 0.9 0.9 0.6
v 0.9 0.9 0.5
v 0.9 0.9 0.4
v 0.9 0.9 0.3
v 0.9 0.9 0.1
v 0.9 0.9 0
v 0.9 0.9 -0.2
v 0.9 0.9 -0.4
v 0.9 0.9 -0.5
v 0.9 0.9 -0.6
v 0.9 0.9 -0.7
v 0.9 0.9 -0.8
v 0.9 0.9 -0.9
v 0.9 0.9 -1
v 0.9 1 0.9
v 0.9 1 0.7
v 0.9 1 0.6
v 0.9 1 0.4
v 0.9 1 0.3
v 0.9 1 0.1
v 0.9 1 0
v 0.9 1 -0.2
v 0.9 1 -0.4
v 0.9 1 -0.5
v 0.9 1 -0.6
v 0.9 1 -0.8
v 0.9 1 -0.9
v -0.9 -1 0.9
v -0.9 -1 0.6
v -0.9 -1 0.5
v -0.9 -1 0.4
v -0.9 -1 0.3
v -0.9 -1 0.2
v -0.9 -1 0.1
v -0.9 -1 -0.2
v -0.9 -1 -0.5
v -0.9 -1 -0.6
v -0.9 -1 -0.7
v -0.9 -1 -0.8
v -0.9 -1 -0.9
v -0.9 -0.9 1
v -0.9 -0.9 0.9
v -0.9 -0.9 0.8
v -0.9 -0.9 0.7
v -0.9 -0.9 0.6
v -0.9 -0.9 0.5
v -0.9 -0.9 0.4
v -0.9 -0.9 0.3
v -0.9 -0.9 0.2
v -0.9 -0.9 0.1
v -0.9 -0.9 0
v -0.9 -0.9 -0.2
v -0.9 -0.9 -0.3
v -0.9 -0.9 -0.4
v -0.9 -0.9 -0.5
v -0.9 -0.9 -0.6
v -0.9 -0.9 -0.7
v -0.9 -0.9 -0.8
v -0.9 -0.9 -0.9
v -0.9 -0.9 -1
v -0.9 -0.8 1
v -0.9 -0.8 0.9
v -0.9 -0.8 -0.9
v -0.9 -0.8 -1
v -0.9 -0.7 1
v -0.9 -0.7 0.9
v -0.9 -0.6 1
v -0.9 -0.6 0.9
v -0.9 -0.6 -0.9
v -0.9 -0.6 -1
v -0.9 -0.5 1
v -0.9 -0.5 0.9
v -0.9 -0.5 -0.9
v -0.9 -0.5 -1
v -0.9 -0.4 1
v -0.9 -0.4 0.9
v -0.9 -0.4 -0.9
v -0.9 -0.3 0.9
v -0.9 -0.3 -0.9
v -0.9 -0.2 1
v -0.9 -0.2 0.9
v -0.9 -0.2 -0.9
v -0.9 -0.1 -0.9
v -0.9 -0.1 -1
v -0.9 0 1
v -0.9 0 0.9
v -0.9 0 -0.9
v -0.9 0 -1
v -0.9 0.1 0.9
v -0.9 0.1 -0.9
v -0.9 0.1 -1
v -0.9 0.2 0.9
v -0.9 0.2 -0.9
v -0.9 0.2 -1
v -0.9 0.3 1
v -0.9 0.3 0.9
v -0.9 0.4 1
v -0.9 0.4 0.9
v -0.9 0.4 -0.9
v -0.9 0.4 -1
v -0.9 0.5 0.9
v -0.9 0.5 -0.9
v -0.9 0.5 -1
v -0.9 0.6 1
v -0.9 0.6 0.9
v -0.9 0.6 -0.9
v -0.9 0.7 -0.9
v -0.9 0.7 -1
v -0.9 0.8 1
v -0.9 0.8 0.9
v -0.9 0.8 -0.9
v -0.9 0.8 -1
v -0.9 0.9 1
v -0.9 0.9 0.9
v -0.9 0.9 0.8
v -0.9 0.9 0.7
v -0.9 0.9 0.6
v -0.9 0.9 0.5
v -0.9 0.9 0.4
v -0.9 0.9 0.3
v -0.9 0.9 0.2
v -0.9 0.9 0.1
v -0.9 0.9 0
v -0.9 0.9 -0.1
v -0.9 0.9 -0.2
v -0.9 0.9 -0.3
v -0.9 0.9 -0.6
v -0.9 0.9 -0.7
v -0.9 0.9 -0.8
v -0.9 0.9 -0.9
v -0.9 0.9 -1
v -0.9 1 0.9
v -0.9 1 0.8
v -0.9 1 0.7
v -0.9 1 0.6
v -0.9 1 0.4
v -0.9 1 0.3
v -0.9 1 0.1
v -0.9 1 0
v -0.9 1 -0.1
v -0.9 1 -0.2
v -0.9 1 -0.6
v -0.9 1 -0.8
v -0.9 1 -0.9
v -0.8 -0.9 0.8
v -0.8 -0.9 0.7
v -0.8 -0.9 0.6
v -0.8 -0.9 0.5
v -0.8 -0.9 0.4
v -0.8 -0.9 0.3
v -0.8 -0.9 0.2
v -0.8 -0.9 0.1
v -0.8 -0.9 0
v -0.8 -0.9 -0.2
v -0.8 -0.9 -0.3
v -0.8 -0.9 -0.4
v -0.8 -0.9 -0.5
v -0.8 -0.9 -0.6
v -0.8 -0.9 -0.7
v -0.8 -0.9 -0.8
v -0.8 -0.8 0.8
v -0.8 -0.8 0.7
v -0.8 -0.8 0.6
v -0.8 -0.8 0.5
v -0.8 -0.8 0.4
v -0.8 -0.8 0.3
v -0.8 -0.8 0.2
v -0.8 -0.8 0.1
v -0.8 -0.8 0
v -0.8 -0.8 -0.1
v -0.8 -0.8 -0.2
v -0.8 -0.8 -0.3
v -0.8 -0.8 -0.4
v -0.8 -0.8 -0.5
v -0.8 -0.8 -0.6
v -0.8 -0.8 -0.7
v -0.8 -0.8 -0.8
v -0.8 -0.7 0.8
v -0.8 -0.7 0.6
v -0.8 -0.7 0.5
v -0.8 -0.7 0.4
v -0.8 -0.7 0.3
v -0.8 -0.7 0.2
v -0.8 -0.7 0.1
v -0.8 -0.7 0
v -0.8 -0.7 -0.1
v -0.8 -0.7 -0.2
v -0.8 -0.7 -0.3
v -0.8 -0.7 -0.4
v -0.8 -0.7 -0.5
v -0.8 -0.7 -0.6
v -0.8 -0.7 -0.7
v -0.8 -0.7 -0.8
v -0.8 -0.6 0.8
v -0.8 -0.6 0.7
v -0.8 -0.6 0.6
v -0.8 -0.6 0.5
v -0.8 -0.6 0.4
v -0.8 -0.6 0.3
v -0.8 -0.6 0.2
v -0.8 -0.6 0.1
v -0.8 -0.6 0
v -0.8 -0.6 -0.2
v -0.8 -0.6 -0.3
v -0.8 -0.6 -0.4
v -0.8 -0.6 -0.5
v -0.8 -0.6 -0.6
v -0.8 -0.6 -0.7
v -0.8 -0.6 -0.8
v -0.8 -0.5 0.8
v -0.8 -0.5 0.7
v -0.8 -0.5 0.6
v -0.8 -0.5 0.5
v -0.8 -0.5 0.4
v -0.8 -0.5 0.3
v -0.8 -0.5 0.2
v -0.8 -0.5 0.1
v -0.8 -0.5 0
v -0.8 -0.5 -0.1
v -0.8 -0.5 -0.2
v -0.8 -0.5 -0.3
v -0.8 -0.5 -0.4
v -0.8 -0.5 -0.5
v -0.8 -0.5 -0.6
v -0.8 -0.5 -0.8
v -0.8 -0.4 0.8
v -0.8 -0.4 0.7
v -0.8 -0.4 0.6
v -0.8 -0.4 0.5
v -0.8 -0.4 0.4
v -0.8 -0.4 0.3
v -0.8 -0.4 0.2
v -0.8 -0.4 0
v -0.8 -0.4 -0.1
v -0.8 -0.4 -0.2
v -0.8 -0.4 -0.3
v -0.8 -0.4 -0.4
v -0.8 -0.4 -0.5
v -0.8 -0.4 -0.6
v -0.8 -0.4 -0.7
v -0.8 -0.4 -0.8
v -0.8 -0.3 0.8
v -0.8 -0.3 0.7
v -0.8 -0.3 0.6
v -0.8 -0.3 0.5
v -0.8 -0.3 0.4
v -0.8 -0.3 0.3
v -0.8 -0.3 0.2
v -0.8 -0.3 0
v -0.8 -0.3 -0.1
v -0.8 -0.3 -0.2
v -0.8 -0.3 -0.3
v -0.8 -0.3 -0.4
v -0.8 -0.3 -0.5
v -0.8 -0.3 -0.6
v -0.8 -0.3 -0.7
v -0.8 -0.3 -0.8
v -0.8 -0.2 0.8
v -0.8 -0.2 0.7
v -0.8 -0.2 0.6
v -0.8 -0.2 0.5
v -0.8 -0.2 0.4
v -0.8 -0.2 0.3
v -0.8 -0.2 0.2
v -0.8 -0.2 0.1
v -0.8 -0.2 0
v -0.8 -0.2 -0.1
v -0.8 -0.2 -0.2
v -0.8 -0.2 -0.3
v -0.8 -0.2 -0.4
v -0.8 -0.2 -0.5
v -0.8 -0.2 -0.6
v -0.8 -0.2 -0.7
v -0.8 -0.2 -0.8
v -0.8 -0.1 0.8
v -0.8 -0.1 0.7
v -0.8 -0.1 0.6
v -0.8 -0.1 0.5
v -0.8 -0.1 0.4
v -0.8 -0.1 0.3
v -0.8 -0.1 0.2
v -0.8 -0.1 0.1
v -0.8 -0.1 0
v -0.8 -0.1 -0.1
v -0.8 -0.1 -0.2
v -0.8 -0.1 -0.3
v -0.8 -0.1 -0.4
v -0.8 -0.1 -0.5
v -0.8 -0.1 -0.6
v -0.8 -0.1 -0.7
v -0.8 -0.1 -0.8
v -0.8 0 0.8
v -0.8 0 0.7
v -0.8 0 0.6
v -0.8 0 0.5
v -0.8 0 0.4
v -0.8 0 0.3
v -0.8 0 0.2
v -0.8 0 0.1
v -0.8 0 0
v -0.8 0 -0.1
v -0.8 0 -0.2
v -0.8 0 -0.3
v -0.8 0 -0.4
v -0.8 0 -0.5
v -0.8 0 -0.6
v -0.8 0 -0.7
v -0.8 0 -0.8
v -0.8 0.1 0.8
v -0.8 0.1 0.7
v -0.8 0.1 0.6
v -0.8 0.1 0.4
v -0.8 0.1 0.2
v -0.8 0.1 0.1
v -0.8 0.1 0
v -0.8 0.1 -0.2
v -0.8 0.1 -0.3
v -0.8 0.1 -0.4
v -0.8 0.1 -0.5
v -0.8 0.1 -0.6
v -0.8 0.1 -0.7
v -0.8 0.1 -0.8
v -0.8 0.2 0.8
v -0.8 0.2 0.7
v -0.8 0.2 0.6
v -0.8 0.2 0.5
v -0.8 0.2 0.4
v -0.8 0.2 0.3
v -0.8 0.2 0.2
v -0.8 0.2 0.1
v -0.8 0.2 -0.1
v -0.8 0.2 -0.2
v -0.8 0.2 -0.3
v -0.8 0.2 -0.4
v -0.8 0.2 -0.5
v -0.8 0.2 -0.6
v -0.8 0.2 -0.7
v -0.8 0.2 -0.8
v -0.8 0.3 0.8
v -0.8 0.3 0.6
v -0.8 0.3 0.5
v -0.8 0.3 0.4
v -0.8 0.3 0.3
v -0.8 0.3 0.1
v -0.8 0.3 -0.1
v -0.8 0.3 -0.2
v -0.8 0.3 -0.3
v -0.8 0.3 -0.4
v -0.8 0.3 -0.5
v -0.8 0.3 -0.6
v -0.8 0.3 -0.7
v -0.8 0.3 -0.8
v -0.8 0.4 0.8
v -0.8 0.4 0.7
v -0.8 0.4 0.6
v -0.8 0.4 0.5
v -0.8 0.4 0.4
v -0.8 0.4 0.3
v -0.8 0.4 0.2
v -0.8 0.4 0.1
v -0.8 0.4 0
v -0.8 0.4 -0.1
v -0.8 0.4 -0.2
v -0.8 0.4 -0.3
v -0.8 0.4 -0.4
v -0.8 0.4 -0.5
v -0.8 0.4 -0.6
v -0.8 0.4 -0.7
v -0.8 0.4 -0.8
v -0.8 0.5 0.8
v -0.8 0.5 0.7
v -0.8 0.5 0.6
v -0.8 0.5 0.4
v -0.8 0.5 0.3
v -0.8 0.5 0.2
v -0.8 0.5 0.1
v -0.8 0.5 0
v -0.8 0.5 -0.1
v -0.8 0.5 -0.2
v -0.8 0.5 -0.3
v -0.8 0.5 -0.4
v -0.8 0.5 -0.6
v -0.8 0.5 -0.7
v -0.8 0.5 -0.8
v -0.8 0.6 0.8
v -0.8 0.6 0.7
v -0.8 0.6 0.6
v -0.8 0.6 0.5
v -0.8 0.6 0.4
v -0.8 0.6 0.2
v -0.8 0.6 0.1
v -0.8 0.6 0
v -0.8 0.6 -0.2
v -0.8 0.6 -0.3
v -0.8 0.6 -0.4
v -0.8 0.6 -0.5
v -0.8 0.6 -0.7
v -0.8 0.6 -0.8
v -0.8 0.7 0.8
v -0.8 0.7 0.7
v -0.8 0.7 0.6
v -0.8 0.7 0.5
v -0.8 0.7 0.4
v -0.8 0.7 0.3
v -0.8 0.7 0.2
v -0.8 0.7 0.1
v -0.8 0.7 0
v -0.8 0.7 -0.1
v -0.8 0.7 -0.2
v -0.8 0.7 -0.3
v -0.8 0.7 -0.5
v -0.8 0.7 -0.7
v -0.8 0.7 -0.8
v -0.8 0.8 0.8
v -0.8 0.8 0.7
v -0.8 0.8 0.6
v -0.8 0.8 0.5
v -0.8 0.8 0.4
v -0.8 0.8 0.3
v -0.8 0.8 0.2
v -0.8 0.8 0.1
v -0.8 0.8 0
v -0.8 0.8 -0.1
v -0.8 0.8 -0.2
v -0.8 0.8 -0.3
v -0.8 0.8 -0.5
v -0.8 0.8 -0.6
v -0.8 0.8 -0.7
v -0.8 0.8 -0.8
v -0.8 0.9 0.8
v -0.8 0.9 0.7
v -0.8 0.9 0.6
v -0.8 0.9 0.5
v -0.8 0.9 0.4
v -0.8 0.9 0.3
v -0.8 0.9 0.2
v -0.8 0.9 0.1
v -0.8 0.9 -0.1
v -0.8 0.9 -0.3
v -0.8 0.9 -0.6
v -0.8 0.9 -0.7
v -0.8 0.9 -0.8
v -0.6 -0.9 0.6
v -0.6 -0.9 0.5
v -0.6 -0.8 0.6
v -0.6 -0.8 0.5
v -0.6 -0.8 0.4
v -0.6 -0.7 0.6
v -0.6 -0.7 0.5
v -0.6 -0.7 0.4
v -0.6 -0.6 0.6
v -0.6 -0.6 0.5
v -0.5 -0.9 0.4
v -0.5 -0.9 0.3
v -0.5 -0.8 0.4
v -0.5 -0.8 0.3
v -0.5 -0.7 0.4
v -0.5 -0.7 0.3
v -0.5 -0.4 -0.5
v -0.5 -0.4 -0.6
v -0.5 -0.3 -0.5
v -0.5 -0.3 -0.6
v -0.4 -0.9 -0.4
v -0.4 -0.9 -0.6
v -0.4 -0.9 -0.7
v -0.4 -0.4 -0.4
v -0.4 -0.4 -0.7
v -0.3 -0.9 0.7
v -0.3 -0.9 0.6
v -0.3 -0.9 0.3
v -0.3 -0.9 0.2
v -0.3 -0.8 0.7
v -0.3 -0.8 0.6
v -0.3 -0.8 0.3
v -0.3 -0.8 0.2
v -0.3 -0.7 0.7
v -0.3 -0.7 0.6
v -0.3 -0.7 0.3
v -0.3 -0.7 0.2
v -0.3 -0.6 0.7
v -0.3 -0.6 0.6
v -0.2 -0.9 0.6
v -0.2 -0.9 0.5
v -0.2 -0.9 0.4
v -0.2 -0.9 0.3
v -0.2 -0.8 0.6
v -0.2 -0.8 0.5
v -0.2 -0.8 0.4
v -0.2 -0.8 0.3
v -0.2 -0.7 0.6
v -0.2 -0.7 0.5
v -0.2 -0.7 0.4
v -0.2 -0.7 0.3
v -0.2 -0.6 0.6
v -0.2 -0.6 0.4
v -0.1 -0.8 0.5
v -0.1 -0.8 0.4
v -0.1 -0.7 0.5
v -0.1 -0.7 0.4
v 0 -0.9 0.4
v 0 -0.9 0.3
v 0 -0.9 0.2
v 0 -0.8 0.4
v 0 -0.8 0.3
v 0 -0.8 0.2
v 0.2 -0.9 -0.4
v 0.2 -0.9 -0.6
v 0.2 -0.9 -0.7
v 0.2 -0.8 -0.5
v 0.2 -0.8 -0.6
v 0.2 -0.7 -0.5
v 0.2 -0.7 -0.6
v 0.2 -0.6 -0.4
v 0.2 -0.6 -0.7
v 0.3 -0.8 -0.5
v 0.3 -0.8 -0.6
v 0.3 -0.7 -0.5
v 0.3 -0.7 -0.6
v 0.3 0 0.6
v 0.3 0 0.5
v 0.3 0.1 0.6
v 0.3 0.1 0.5
v 0.4 -0.1 0.6
v 0.4 -0.1 0.5
v 0.4 0 0.7
v 0.4 0 0.6
v 0.4 0 0.5
v 0.4 0 0.4
v 0.4 0.1 0.7
v 0.4 0.1 0.6
v 0.4 0.1 0.5
v 0.4 0.1 0.4
v 0.6 -0.9 0.8
v 0.6 -0.9 0.7
v 0.6 -0.9 0.4
v 0.6 -0.9 0.3
v 0.6 -0.8 0.8
v 0.6 -0.8 0.7
v 0.6 -0.8 0.4
v 0.6 -0.8 0.3
v 0.6 -0.7 0.8
v 0.6 -0.7 0.7
v 0.6 -0.7 0.4
v 0.6 -0.7 0.3
v 0.6 -0.6 0.8
v 0.6 -0.6 0.7
v 0.6 -0.6 0.4
v 0.6 -0.6 0.3
v 0.6 -0.5 0.7
v 0.6 -0.5 0.4
v 0.6 -0.5 0.3
v 0.6 -0.4 0.8
v 0.6 -0.4 0.7
v 0.6 -0.4 0.4
v 0.6 -0.4 0.3
v 0.6 -0.3 0.8
v 0.6 -0.3 0.7
v 0.6 -0.3 0.4
v 0.6 -0.3 0.3
v 0.6 -0.2 0.7
v 0.6 -0.2 0.4
v 0.6 -0.2 0.3
v 0.6 -0.1 0.8
v 0.6 -0.1 0.7
v 0.6 -0.1 0.4
v 0.6 -0.1 0.3
v 0.6 0 0.8
v 0.6 0 0.7
v 0.6 0 0.4
v 0.6 0 0.3
v 0.6 0.1 0.8
v 0.6 0.1 0.7
v 0.6 0.1 0.4
v 0.6 0.1 0.3
v 0.7 -0.9 0.7
v 0.7 -0.9 0.6
v 0.7 -0.9 0.5
v 0.7 -0.9 0.4
v 0.7 -0.8 0.7
v 0.7 -0.8 0.4
v 0.7 -0.7 0.7
v 0.7 -0.7 0.4
v 0.7 -0.6 0.7
v 0.7 -0.6 0.4
v 0.7 -0.5 0.7
v 0.7 -0.5 0.4
v 0.7 -0.4 0.7
v 0.7 -0.4 0.4
v 0.7 -0.3 0.7
v 0.7 -0.3 0.4
v 0.7 -0.2 0.7
v 0.7 -0.2 0.4
v 0.7 -0.2 0.1
v 0.7 -0.2 0
v 0.7 -0.1 0.7
v 0.7 -0.1 0.4
v 0.7 -0.1 0.2
v 0.7 -0.1 0.1
v 0.7 -0.1 0
v 0.7 -0.1 -0.1
v 0.7 -0.1 -0.5
v 0.7 -0.1 -0.6
v 0.7 0 0.7
v 0.7 0 0.4
v 0.7 0 -0.5
v 0.7 0 -0.6
v 0.7 0.1 0.7
v 0.7 0.1 0.4
v 0.7 0.2 -0.3
v 0.7 0.2 -0.4
v 0.7 0.5 0.1
v 0.7 0.5 0
v 0.7 0.5 -0.4
v 0.7 0.5 -0.5
v 0.7 0.6 0.2
v 0.7 0.6 0.1
v 0.7 0.6 0
v 0.7 0.6 -0.1
v 0.7 0.6 -0.3
v 0.7 0.6 -0.4
v 0.7 0.6 -0.5
v 0.7 0.6 -0.6
v 0.7 0.7 0.1
v 0.7 0.7 0
v 0.7 0.7 -0.4
v 0.7 0.7 -0.5
v 0.8 -1 0.8
v 0.8 -1 0.6
v 0.8 -1 0.5
v 0.8 -1 0.4
v 0.8 -1 0.3
v 0.8 -1 0.2
v 0.8 -1 0.1
v 0.8 -1 0
v 0.8 -1 -0.1
v 0.8 -1 -0.2
v 0.8 -1 -0.3
v 0.8 -1 -0.4
v 0.8 -1 -0.6
v 0.8 -1 -0.7
v 0.8 -1 -0.8
v 0.8 -0.9 0.8
v 0.8 -0.9 0.7
v 0.8 -0.9 0.6
v 0.8 -0.9 0.5
v 0.8 -0.9 0.4
v 0.8 -0.9 0.3
v 0.8 -0.9 0.2
v 0.8 -0.9 0.1
v 0.8 -0.9 0
v 0.8 -0.9 -0.1
v 0.8 -0.9 -0.2
v 0.8 -0.9 -0.3
v 0.8 -0.9 -0.4
v 0.8 -0.9 -0.5
v 0.8 -0.9 -0.6
v 0.8 -0.9 -0.7
v 0.8 -0.9 -0.8
v 0.8 -0.8 1
v 0.8 -0.8 0.9
v 0.8 -0.8 -0.9
v 0.8 -0.8 -1
v 0.8 -0.7 0.9
v 0.8 -0.7 -0.9
v 0.8 -0.7 -1
v 0.8 -0.6 1
v 0.8 -0.6 0.9
v 0.8 -0.6 -0.9
v 0.8 -0.5 0.9
v 0.8 -0.5 -0.9
v 0.8 -0.5 -1
v 0.8 -0.4 1
v 0.8 -0.4 0.9
v 0.8 -0.4 -0.9
v 0.8 -0.4 -1
v 0.8 -0.3 1
v 0.8 -0.3 0.9
v 0.8 -0.2 1
v 0.8 -0.2 0.9
v 0.8 -0.2 -0.9
v 0.8 -0.2 -1
v 0.8 -0.1 0.9
v 0.8 -0.1 -0.9
v 0.8 -0.1 -1
v 0.8 0 1
v 0.8 0 0.9
v 0.8 0 -0.9
v 0.8 0.1 1
v 0.8 0.1 0.9
v 0.8 0.1 -0.9
v 0.8 0.1 -1
v 0.8 0.2 1
v 0.8 0.2 0.9
v 0.8 0.2 -0.9
v 0.8 0.2 -1
v 0.8 0.3 1
v 0.8 0.3 0.9
v 0.8 0.3 -0.9
v 0.8 0.3 -1
v 0.8 0.4 1
v 0.8 0.4 0.9
v 0.8 0.4 -0.9
v 0.8 0.4 -1
v 0.8 0.5 1
v 0.8 0.5 0.9
v 0.8 0.5 -0.9
v 0.8 0.5 -1
v 0.8 0.6 0.9
v 0.8 0.6 -0.9
v 0.8 0.6 -1
v 0.8 0.7 1
v 0.8 0.7 0.9
v 0.8 0.7 -0.9
v 0.8 0.7 -1
v 0.8 0.8 1
v 0.8 0.8 0.9
v 0.8 0.8 -0.9
v 0.8 0.8 -1
v 0.9 -0.9 0.9
v 0.9 -0.9 0.8
v 0.9 -0.9 0.7
v 0.9 -0.9 0.5
v 0.9 -0.9 0.4
v 0.9 -0.9 0.3
v 0.9 -0.9 0.2
v 0.9 -0.9 0.1
v 0.9 -0.9 -0.1
v 0.9 -0.9 -0.3
v 0.9 -0.9 -0.5
v 0.9 -0.9 -0.6
v 0.9 -0.9 -0.7
v 0.9 -0.9 -0.8
v 0.9 -0.9 -0.9
v 0.9 -0.8 0.9
v 0.9 -0.8 0.8
v 0.9 -0.8 0.7
v 0.9 -0.8 0.6
v 0.9 -0.8 0.5
v 0.9 -0.8 0.4
v 0.9 -0.8 0.3
v 0.9 -0.8 0.2
v 0.9 -0.8 0.1
v 0.9 -0.8 0
v 0.9 -0.8 -0.1
v 0.9 -0.8 -0.2
v 0.9 -0.8 -0.3
v 0.9 -0.8 -0.5
v 0.9 -0.8 -0.6
v 0.9 -0.8 -0.7
v 0.9 -0.8 -0.8
v 0.9 -0.8 -0.9
v 0.9 -0.7 0.9
v 0.9 -0.7 0.8
v 0.9 -0.7 -0.8
v 0.9 -0.7 -0.9
v 0.9 -0.6 0.9
v 0.9 -0.6 0.8
v 0.9 -0.6 -0.8
v 0.9 -0.6 -0.9
v 0.9 -0.5 0.9
v 0.9 -0.5 0.8
v 0.9 -0.5 -0.8
v 0.9 -0.5 -0.9
v 0.9 -0.4 0.9
v 0.9 -0.4 0.8
v 0.9 -0.4 -0.8
v 0.9 -0.4 -0.9
v 0.9 -0.3 0.9
v 0.9 -0.3 0.8
v 0.9 -0.3 -0.8
v 0.9 -0.3 -0.9
v 0.9 -0.2 0.9
v 0.9 -0.2 0.8
v 0.9 -0.2 -0.8
v 0.9 -0.2 -0.9
v 0.9 -0.1 0.9
v 0.9 -0.1 0.8
v 0.9 -0.1 -0.8
v 0.9 -0.1 -0.9
v 0.9 0 0.9
v 0.9 0 0.8
v 0.9 0 -0.8
v 0.9 0 -0.9
v 0.9 0.1 0.9
v 0.9 0.1 0.8
v 0.9 0.1 -0.8
v 0.9 0.1 -0.9
v 0.9 0.2 0.9
v 0.9 0.2 0.8
v 0.9 0.2 -0.8
v 0.9 0.2 -0.9
v 0.9 0.3 0.9
v 0.9 0.3 0.8
v 0.9 0.3 -0.9
v 0.9 0.4 0.9
v 0.9 0.4 0.8
v 0.9 0.4 -0.8
v 0.9 0.4 -0.9
v 0.9 0.5 0.9
v 0.9 0.5 0.8
v 0.9 0.5 -0.8
v 0.9 0.5 -0.9
v 0.9 0.6 0.9
v 0.9 0.6 0.8
v 0.9 0.6 -0.8
v 0.9 0.6 -0.9
v 0.9 0.7 0.9
v 0.9 0.7 0.8
v 0.9 0.7 -0.8
v 0.9 0.7 -0.9
v 0.9 0.8 0.9
v 0.9 0.8 0.8
v 0.9 0.8 0.7
v 0.9 0.8 0.5
v 0.9 0.8 0.4
v 0.9 0.8 0.3
v 0.9 0.8 0.2
v 0.9 0.8 0
v 0.9 0.8 -0.1
v 0.9 0.8 -0.2
v 0.9 0.8 -0.4
v 0.9 0.8 -0.5
v 0.9 0.8 -0.6
v 0.9 0.8 -0.7
v 0.9 0.8 -0.8
v 0.9 0.8 -0.9
v 0.9 0.9 0.9
v 0.9 0.9 0.7
v 0.9 0.9 0.6
v 0.9 0.9 0.5
v 0.9 0.9 0.4
v 0.9 0.9 0.3
v 0.9 0.9 0.1
v 0.9 0.9 0
v 0.9 0.9 -0.2
v 0.9 0.9 -0.4
v 0.9 0.9 -0.5
v 0.9 0.9 -0.6
v 0.9 0.9 -0.7
v 0.9 0.9 -0.8
v 0.9 0.9 -0.9
v 1 -1 1
v 1 -1 0.9
v 1 -1 0.8
v 1 -1 0.5
v 1 -1 0.4
v 1 -1 0.3
v 1 -1 0.1
v 1 -1 -0.1
v 1 -1 -0.5
v 1 -1 -0.6
v 1 -1 -0.7
v 1 -1 -0.8
v 1 -1 -0.9
v 1 -1 -1
v 1 -0.9 1
v 1 -0.9 0.9
v 1 -0.9 0.8
v 1 -0.9 0.5
v 1 -0.9 0.4
v 1 -0.9 0.3
v 1 -0.9 0.1
v 1 -0.9 -0.1
v 1 -0.9 -0.5
v 1 -0.9 -0.6
v 1 -0.9 -0.7
v 1 -0.9 -0.8
v 1 -0.9 -0.9
v 1 -0.8 1
v 1 -0.8 0.9
v 1 -0.8 0.8
v 1 -0.8 0.7
v 1 -0.8 0.6
v 1 -0.8 0.5
v 1 -0.8 0.3
v 1 -0.8 0.2
v 1 -0.8 0.1
v 1 -0.8 0
v 1 -0.8 -0.1
v 1 -0.8 -0.2
v 1 -0.8 -0.3
v 1 -0.8 -0.7
v 1 -0.8 -0.8
v 1 -0.8 -0.9
v 1 -0.8 -1
v 1 -0.7 0.8
v 1 -0.7 0.7
v 1 -0.7 0.6
v 1 -0.7 0.5
v 1 -0.7 0.3
v 1 -0.7 0.2
v 1 -0.7 0.1
v 1 -0.7 0
v 1 -0.7 -0.1
v 1 -0.7 -0.2
v 1 -0.7 -0.3
v 1 -0.7 -0.5
v 1 -0.7 -0.7
v 1 -0.7 -0.8
v 1 -0.7 -0.9
v 1 -0.7 -1
v 1 -0.6 0.8
v 1 -0.6 0.7
v 1 -0.6 0.5
v 1 -0.6 0.4
v 1 -0.6 0.3
v 1 -0.6 0.2
v 1 -0.6 0.1
v 1 -0.6 0
v 1 -0.6 -0.1
v 1 -0.6 -0.2
v 1 -0.6 -0.3
v 1 -0.6 -0.4
v 1 -0.6 -0.5
v 1 -0.6 -0.7
v 1 -0.6 -0.8
v 1 -0.6 -0.9
v 1 -0.6 -1
v 1 -0.5 0.8
v 1 -0.5 0.7
v 1 -0.5 0.6
v 1 -0.5 0.5
v 1 -0.5 0.4
v 1 -0.5 0.3
v 1 -0.5 0.2
v 1 -0.5 0.1
v 1 -0.5 0
v 1 -0.5 -0.1
v 1 -0.5 -0.2
v 1 -0.5 -0.3
v 1 -0.5 -0.4
v 1 -0.5 -0.5
v 1 -0.5 -0.7
v 1 -0.4 1
v 1 -0.4 0.9
v 1 -0.4 0.8
v 1 -0.4 0.7
v 1 -0.4 0.6
v 1 -0.4 0.5
v 1 -0.4 0.4
v 1 -0.4 0.3
v 1 -0.4 0.2
v 1 -0.4 0.1
v 1 -0.4 0
v 1 -0.4 -0.1
v 1 -0.4 -0.2
v 1 -0.4 -0.3
v 1 -0.4 -0.4
v 1 -0.4 -0.5
v 1 -0.4 -0.6
v 1 -0.4 -0.7
v 1 -0.4 -0.9
v 1 -0.4 -1
v 1 -0.3 1
v 1 -0.3 0.9
v 1 -0.3 0.8
v 1 -0.3 0.7
v 1 -0.3 0.6
v 1 -0.3 0.5
v 1 -0.3 0.4
v 1 -0.3 0.3
v 1 -0.3 0.2
v 1 -0.3 0.1
v 1 -0.3 0
v 1 -0.3 -0.1
v 1 -0.3 -0.2
v 1 -0.3 -0.3
v 1 -0.3 -0.4
v 1 -0.3 -0.5
v 1 -0.3 -0.6
v 1 -0.3 -0.7
v 1 -0.3 -0.8
v 1 -0.3 -0.9
v 1 -0.3 -1
v 1 -0.2 1
v 1 -0.2 0.9
v 1 -0.2 0.8
v 1 -0.2 0.7
v 1 -0.2 0.6
v 1 -0.2 0.5
v 1 -0.2 0.2
v 1 -0.2 0.1
v 1 -0.2 0
v 1 -0.2 -0.1
v 1 -0.2 -0.2
v 1 -0.2 -0.3
v 1 -0.2 -0.4
v 1 -0.2 -0.5
v 1 -0.2 -0.6
v 1 -0.2 -0.7
v 1 -0.2 -0.8
v 1 -0.2 -0.9
v 1 -0.2 -1
v 1 -0.1 1
v 1 -0.1 0.9
v 1 -0.1 0.8
v 1 -0.1 0.7
v 1 -0.1 0.6
v 1 -0.1 0.5
v 1 -0.1 0.4
v 1 -0.1 0.3
v 1 -0.1 0.2
v 1 -0.1 0.1
v 1 -0.1 0
v 1 -0.1 -0.1
v 1 -0.1 -0.2
v 1 -0.1 -0.4
v 1 -0.1 -0.5
v 1 -0.1 -0.6
v 1 -0.1 -0.7
v 1 -0.1 -0.8
v 1 -0.1 -0.9
v 1 -0.1 -1
v 1 0 1
v 1 0 0.9
v 1 0 0.7
v 1 0 0.6
v 1 0 0.5
v 1 0 0.4
v 1 0 0.3
v 1 0 0.2
v 1 0 0.1
v 1 0 0
v 1 0 -0.1
v 1 0 -0.2
v 1 0 -0.3
v 1 0 -0.4
v 1 0 -0.5
v 1 0 -0.6
v 1 0 -0.7
v 1 0 -0.8
v 1 0 -0.9
v 1 0 -1
v 1 0.1 0.8
v 1 0.1 0.7
v 1 0.1 0.6
v 1 0.1 0.4
v 1 0.1 0.3
v 1 0.1 0.2
v 1 0.1 0
v 1 0.1 -0.1
v 1 0.1 -0.2
v 1 0.1 -0.3
v 1 0.1 -0.4
v 1 0.1 -0.5
v 1 0.1 -0.6
v 1 0.1 -0.7
v 1 0.1 -0.8
v 1 0.2 1
v 1 0.2 0.9
v 1 0.2 0.7
v 1 0.2 0.5
v 1 0.2 0.4
v 1 0.2 0.3
v 1 0.2 0.2
v 1 0.2 0.1
v 1 0.2 -0.1
v 1 0.2 -0.2
v 1 0.2 -0.4
v 1 0.2 -0.5
v 1 0.2 -0.6
v 1 0.2 -0.8
v 1 0.2 -0.9
v 1 0.2 -1
v 1 0.3 1
v 1 0.3 0.9
v 1 0.3 0.7
v 1 0.3 0.6
v 1 0.3 0.5
v 1 0.3 0.4
v 1 0.3 0.3
v 1 0.3 0.2
v 1 0.3 0.1
v 1 0.3 -0.1
v 1 0.3 -0.2
v 1 0.3 -0.3
v 1 0.3 -0.4
v 1 0.3 -0.5
v 1 0.3 -0.6
v 1 0.3 -0.7
v 1 0.3 -0.9
v 1 0.3 -1
v 1 0.4 0.8
v 1 0.4 0.7
v 1 0.4 0.6
v 1 0.4 0.5
v 1 0.4 0.4
v 1 0.4 0.3
v 1 0.4 0.2
v 1 0.4 0.1
v 1 0.4 0
v 1 0.4 -0.1
v 1 0.4 -0.2
v 1 0.4 -0.3
v 1 0.4 -0.4
v 1 0.4 -0.5
v 1 0.4 -0.6
v 1 0.4 -0.7
v 1 0.4 -0.8
v 1 0.4 -0.9
v 1 0.4 -1
v 1 0.5 1
v 1 0.5 0.9
v 1 0.5 0.8
v 1 0.5 0.7
v 1 0.5 0.4
v 1 0.5 0.3
v 1 0.5 0.2
v 1 0.5 0
v 1 0.5 -0.1
v 1 0.5 -0.2
v 1 0.5 -0.3
v 1 0.5 -0.4
v 1 0.5 -0.5
v 1 0.5 -0.6
v 1 0.5 -0.7
v 1 0.5 -0.8
v 1 0.6 1
v 1 0.6 0.9
v 1 0.6 0.8
v 1 0.6 0.7
v 1 0.6 0.6
v 1 0.6 0.5
v 1 0.6 0.4
v 1 0.6 0.1
v 1 0.6 0
v 1 0.6 -0.1
v 1 0.6 -0.2
v 1 0.6 -0.3
v 1 0.6 -0.4
v 1 0.6 -0.5
v 1 0.6 -0.6
v 1 0.6 -0.7
v 1 0.6 -0.8
v 1 0.6 -0.9
v 1 0.6 -1
v 1 0.7 0.8
v 1 0.7 0.7
v 1 0.7 0.6
v 1 0.7 0.5
v 1 0.7 0.4
v 1 0.7 0.3
v 1 0.7 0.2
v 1 0.7 0.1
v 1 0.7 0
v 1 0.7 -0.1
v 1 0.7 -0.2
v 1 0.7 -0.3
v 1 0.7 -0.4
v 1 0.7 -0.5
v 1 0.7 -0.6
v 1 0.7 -0.7
v 1 0.7 -0.8
v 1 0.7 -0.9
v 1 0.7 -1
v 1 0.8 1
v 1 0.8 0.9
v 1 0.8 0.8
v 1 0.8 0.7
v 1 0.8 0.5
v 1 0.8 0.4
v 1 0.8 0.3
v 1 0.8 0.2
v 1 0.8 0
v 1 0.8 -0.1
v 1 0.8 -0.2
v 1 0.8 -0.4
v 1 0.8 -0.5
v 1 0.8 -0.6
v 1 0.8 -0.8
v 1 0.8 -0.9
v 1 0.8 -1
v 1 0.9 0.9
v 1 0.9 0.7
v 1 0.9 0.6
v 1 0.9 0.4
v 1 0.9 0.3
v 1 0.9 0.1
v 1 0.9 0
v 1 0.9 -0.2
v 1 0.9 -0.4
v 1 0.9 -0.5
v 1 0.9 -0.6
v 1 0.9 -0.8
v 1 0.9 -0.9
v 1 0.9 -1
v 1 1 1
v 1 1 0.9
v 1 1 0.7
v 1 1 0.6
v 1 1 0.4
v 1 1 0.3
v 1 1 0.1
v 1 1 0
v 1 1 -0.2
v 1 1 -0.4
v 1 1 -0.5
v 1 1 -0.6
v 1 1 -0.8
v 1 1 -1
v -1 -1 1
v -1 -0.8 1
v -1 -0.7 1
v -1 -0.6 1
v -1 -0.5 1
v -1 -0.4 1
v -1 -0.2 1
v -1 0 1
v -1 0.3 1
v -1 0.4 1
v -1 0.6 1
v -1 0.8 1
v -1 0.9 1
v -1 1 1
v -0.9 -1 1
v -0.9 -0.9 1
v -0.9 -0.8 1
v -0.9 -0.7 1
v -0.9 -0.6 1
v -0.9 -0.5 1
v -0.9 -0.4 1
v -0.9 -0.2 1
v -0.9 0 1
v -0.9 0.3 1
v -0.9 0.4 1
v -0.9 0.6 1
v -0.9 0.8 1
v -0.9 0.9 1
v -0.9 1 1
v -0.8 -1 1
v -0.8 -0.9 1
v -0.8 -0.8 1
v -0.8 -0.7 1
v -0.8 -0.6 1
v -0.8 -0.5 1
v -0.8 -0.4 1
v -0.8 -0.3 1
v -0.8 -0.1 1
v -0.8 0 1
v -0.8 0.2 1
v -0.8 0.3 1
v -0.8 0.4 1
v -0.8 0.6 1
v -0.8 0.7 1
v -0.8 0.8 1
v -0.8 0.9 1
v -0.8 1 1
v -0.7 -1 1
v -0.7 -0.9 1
v -0.7 -0.6 1
v -0.7 -0.5 1
v -0.7 -0.4 1
v -0.7 -0.3 1
v -0.7 -0.2 1
v -0.7 -0.1 1
v -0.7 0 1
v -0.7 0.2 1
v -0.7 0.3 1
v -0.7 0.4 1
v -0.7 0.5 1
v -0.7 0.6 1
v -0.7 0.7 1
v -0.7 0.8 1
v -0.7 0.9 1
v -0.7 1 1
v -0.6 -0.8 1
v -0.6 -0.7 1
v -0.6 -0.6 1
v -0.6 -0.5 1
v -0.6 -0.4 1
v -0.6 -0.3 1
v -0.6 -0.2 1
v -0.6 -0.1 1
v -0.6 0 1
v -0.6 0.1 1
v -0.6 0.2 1
v -0.6 0.3 1
v -0.6 0.4 1
v -0.6 0.5 1
v -0.6 0.6 1
v -0.6 0.7 1
v -0.6 0.8 1
v -0.5 -1 1
v -0.5 -0.9 1
v -0.5 -0.8 1
v -0.5 -0.7 1
v -0.5 -0.6 1
v -0.5 -0.5 1
v -0.5 -0.1 1
v -0.5 0 1
v -0.5 0.1 1
v -0.5 0.2 1
v -0.5 0.3 1
v -0.5 0.4 1
v -0.5 0.5 1
v -0.5 0.6 1
v -0.4 -0.8 1
v -0.4 -0.7 1
v -0.4 -0.6 1
v -0.4 -0.5 1
v -0.4 -0.4 1
v -0.4 -0.3 1
v -0.4 -0.2 1
v -0.4 -0.1 1
v -0.4 0 1
v -0.4 0.1 1
v -0.4 0.3 1
v -0.4 0.4 1
v -0.4 0.6 1
v -0.4 0.7 1
v -0.4 0.8 1
v -0.3 -0.8 1
v -0.3 -0.7 1
v -0.3 -0.6 1
v -0.3 -0.5 1
v -0.3 -0.4 1
v -0.3 -0.3 1
v -0.3 -0.2 1
v -0.3 -0.1 1
v -0.3 0 1
v -0.3 0.1 1
v -0.3 0.2 1
v -0.3 0.3 1
v -0.3 0.4 1
v -0.3 0.5 1
v -0.3 0.6 1
v -0.3 0.7 1
v -0.3 0.8 1
v -0.2 -1 1
v -0.2 -0.9 1
v -0.2 -0.8 1
v -0.2 -0.7 1
v -0.2 -0.6 1
v -0.2 -0.5 1
v -0.2 -0.4 1
v -0.2 -0.3 1
v -0.2 -0.2 1
v -0.2 -0.1 1
v -0.2 0 1
v -0.2 0.2 1
v -0.2 0.3 1
v -0.2 0.4 1
v -0.2 0.5 1
v -0.2 0.6 1
v -0.2 0.7 1
v -0.2 0.8 1
v -0.1 -0.8 1
v -0.1 -0.7 1
v -0.1 -0.6 1
v -0.1 -0.5 1
v -0.1 -0.4 1
v -0.1 -0.3 1
v -0.1 -0.2 1
v -0.1 -0.1 1
v -0.1 0 1
v -0.1 0.1 1
v -0.1 0.2 1
v -0.1 0.3 1
v -0.1 0.5 1
v -0.1 0.6 1
v -0.1 0.7 1
v -0.1 0.8 1
v -0.1 0.9 1
v -0.1 1 1
v 0 -1 1
v 0 -0.9 1
v 0 -0.8 1
v 0 -0.7 1
v 0 -0.6 1
v 0 -0.4 1
v 0 -0.3 1
v 0 -0.2 1
v 0 0 1
v 0 0.1 1
v 0 0.2 1
v 0 0.4 1
v 0 0.5 1
v 0 0.6 1
v 0 0.7 1
v 0 0.8 1
v 0 0.9 1
v 0 1 1
v 0.1 -0.8 1
v 0.1 -0.7 1
v 0.1 -0.6 1
v 0.1 -0.4 1
v 0.1 -0.3 1
v 0.1 -0.1 1
v 0.1 0 1
v 0.1 0.1 1
v 0.1 0.2 1
v 0.1 0.3 1
v 0.1 0.4 1
v 0.1 0.5 1
v 0.1 0.6 1
v 0.1 0.7 1
v 0.1 0.8 1
v 0.2 -1 1
v 0.2 -0.9 1
v 0.2 -0.8 1
v 0.2 -0.7 1
v 0.2 -0.6 1
v 0.2 -0.5 1
v 0.2 -0.4 1
v 0.2 -0.3 1
v 0.2 -0.1 1
v 0.2 0 1
v 0.2 0.1 1
v 0.2 0.2 1
v 0.2 0.3 1
v 0.2 0.4 1
v 0.2 0.7 1
v 0.2 0.8 1
v 0.2 0.9 1
v 0.2 1 1
v 0.3 -1 1
v 0.3 -0.9 1
v 0.3 -0.8 1
v 0.3 -0.7 1
v 0.3 -0.6 1
v 0.3 -0.5 1
v 0.3 -0.4 1
v 0.3 -0.3 1
v 0.3 -0.2 1
v 0.3 -0.1 1
v 0.3 0 1
v 0.3 0.1 1
v 0.3 0.2 1
v 0.3 0.4 1
v 0.3 0.5 1
v 0.3 0.7 1
v 0.3 0.8 1
v 0.3 0.9 1
v 0.3 1 1
v 0.4 -0.8 1
v 0.4 -0.7 1
v 0.4 -0.6 1
v 0.4 -0.4 1
v 0.4 -0.3 1
v 0.4 -0.1 1
v 0.4 0 1
v 0.4 0.1 1
v 0.4 0.2 1
v 0.4 0.4 1
v 0.4 0.5 1
v 0.4 0.6 1
v 0.4 0.7 1
v 0.4 0.8 1
v 0.4 0.9 1
v 0.4 1 1
v 0.5 -0.8 1
v 0.5 -0.7 1
v 0.5 -0.6 1
v 0.5 -0.4 1
v 0.5 -0.3 1
v 0.5 -0.2 1
v 0.5 -0.1 1
v 0.5 0 1
v 0.5 0.1 1
v 0.5 0.2 1
v 0.5 0.3 1
v 0.5 0.5 1
v 0.5 0.6 1
v 0.5 0.7 1
v 0.5 0.8 1
v 0.6 -0.7 1
v 0.6 -0.6 1
v 0.6 -0.5 1
v 0.6 -0.4 1
v 0.6 -0.3 1
v 0.6 -0.2 1
v 0.6 -0.1 1
v 0.6 0 1
v 0.6 0.1 1
v 0.6 0.2 1
v 0.6 0.3 1
v 0.6 0.4 1
v 0.6 0.5 1
v 0.6 0.6 1
v 0.6 0.7 1
v 0.6 0.9 1
v 0.6 1 1
v 0.7 -1 1
v 0.7 -0.9 1
v 0.7 -0.8 1
v 0.7 -0.7 1
v 0.7 -0.6 1
v 0.7 -0.5 1
v 0.7 -0.4 1
v 0.7 -0.3 1
v 0.7 -0.2 1
v 0.7 -0.1 1
v 0.7 0 1
v 0.7 0.1 1
v 0.7 0.2 1
v 0.7 0.3 1
v 0.7 0.4 1
v 0.7 0.5 1
v 0.7 0.6 1
v 0.7 0.7 1
v 0.7 0.8 1
v 0.8 -0.8 1
v 0.8 -0.6 1
v 0.8 -0.4 1
v 0.8 -0.3 1
v 0.8 -0.2 1
v 0.8 0 1
v 0.8 0.1 1
v 0.8 0.2 1
v 0.8 0.3 1
v 0.8 0.4 1
v 0.8 0.5 1
v 0.8 0.7 1
v 0.8 0.8 1
v 0.8 0.9 1
v 0.8 1 1
v 0.9 -1 1
v 0.9 -0.9 1
v 0.9 -0.8 1
v 0.9 -0.4 1
v 0.9 -0.3 1
v 0.9 -0.2 1
v 0.9 -0.1 1
v 0.9 0 1
v 0.9 0.2 1
v 0.9 0.3 1
v 0.9 0.5 1
v 0.9 0.6 1
v 0.9 0.8 1
v 0.9 0.9 1
v 0.9 1 1
v 1 -1 1
v 1 -0.9 1
v 1 -0.8 1
v 1 -0.4 1
v 1 -0.3 1
v 1 -0.2 1
v 1 -0.1 1
v 1 0 1
v 1 0.2 1
v 1 0.3 1
v 1 0.5 1
v 1 0.6 1
v 1 0.8 1
v 1 1 1
v -0.9 -0.9 0.9
v -0.9 -0.8 0.9
v -0.9 -0.7 0.9
v -0.9 -0.6 0.9
v -0.9 -0.5 0.9
v -0.9 -0.4 0.9
v -0.9 -0.3 0.9
v -0.9 -0.2 0.9
v -0.9 0 0.9
v -0.9 0.1 0.9
v -0.9 0.2 0.9
v -0.9 0.3 0.9
v -0.9 0.4 0.9
v -0.9 0.5 0.9
v -0.9 0.6 0.9
v -0.9 0.8 0.9
v -0.9 0.9 0.9
v -0.8 -0.9 0.9
v -0.8 -0.8 0.9
v -0.8 -0.7 0.9
v -0.8 -0.6 0.9
v -0.8 -0.5 0.9
v -0.8 -0.4 0.9
v -0.8 -0.3 0.9
v -0.8 -0.2 0.9
v -0.8 -0.1 0.9
v -0.8 0 0.9
v -0.8 0.1 0.9
v -0.8 0.2 0.9
v -0.8 0.3 0.9
v -0.8 0.4 0.9
v -0.8 0.5 0.9
v -0.8 0.6 0.9
v -0.8 0.7 0.9
v -0.8 0.8 0.9
v -0.8 0.9 0.9
v -0.7 -0.9 0.9
v -0.7 0.8 0.9
v -0.7 0.9 0.9
v -0.6 -0.9 0.9
v -0.6 -0.8 0.9
v -0.6 0.8 0.9
v -0.6 0.9 0.9
v -0.5 -0.9 0.9
v -0.5 -0.8 0.9
v -0.5 0.8 0.9
v -0.5 0.9 0.9
v -0.4 -0.9 0.9
v -0.4 -0.8 0.9
v -0.4 0.8 0.9
v -0.4 0.9 0.9
v -0.3 -0.9 0.9
v -0.3 -0.8 0.9
v -0.3 0.8 0.9
v -0.3 0.9 0.9
v -0.2 -0.9 0.9
v -0.2 -0.8 0.9
v -0.2 0.8 0.9
v -0.1 -0.9 0.9
v -0.1 -0.8 0.9
v -0.1 0.8 0.9
v -0.1 0.9 0.9
v 0 -0.9 0.9
v 0 -0.8 0.9
v 0 0.8 0.9
v 0 0.9 0.9
v 0.1 -0.8 0.9
v 0.1 0.8 0.9
v 0.1 0.9 0.9
v 0.2 -0.9 0.9
v 0.2 -0.8 0.9
v 0.2 0.8 0.9
v 0.2 0.9 0.9
v 0.3 -0.9 0.9
v 0.3 -0.8 0.9
v 0.3 0.8 0.9
v 0.3 0.9 0.9
v 0.4 -0.9 0.9
v 0.4 -0.8 0.9
v 0.4 0.8 0.9
v 0.4 0.9 0.9
v 0.5 -0.9 0.9
v 0.5 -0.8 0.9
v 0.5 0.8 0.9
v 0.5 0.9 0.9
v 0.6 -0.9 0.9
v 0.6 -0.8 0.9
v 0.6 0.8 0.9
v 0.6 0.9 0.9
v 0.7 -0.9 0.9
v 0.7 -0.8 0.9
v 0.7 0.8 0.9
v 0.7 0.9 0.9
v 0.8 -0.9 0.9
v 0.8 -0.8 0.9
v 0.8 -0.7 0.9
v 0.8 -0.6 0.9
v 0.8 -0.5 0.9
v 0.8 -0.4 0.9
v 0.8 -0.3 0.9
v 0.8 -0.2 0.9
v 0.8 -0.1 0.9
v 0.8 0 0.9
v 0.8 0.1 0.9
v 0.8 0.2 0.9
v 0.8 0.3 0.9
v 0.8 0.4 0.9
v 0.8 0.5 0.9
v 0.8 0.6 0.9
v 0.8 0.7 0.9
v 0.8 0.8 0.9
v 0.8 0.9 0.9
v 0.9 -0.9 0.9
v 0.9 -0.8 0.9
v 0.9 -0.7 0.9
v 0.9 -0.6 0.9
v 0.9 -0.5 0.9
v 0.9 -0.4 0.9
v 0.9 -0.3 0.9
v 0.9 -0.2 0.9
v 0.9 -0.1 0.9
v 0.9 0 0.9
v 0.9 0.1 0.9
v 0.9 0.2 0.9
v 0.9 0.3 0.9
v 0.9 0.4 0.9
v 0.9 0.5 0.9
v 0.9 0.6 0.9
v 0.9 0.7 0.9
v 0.9 0.8 0.9
v 0.9 0.9 0.9
v -1 -0.8 0.8
v -1 -0.7 0.8
v -1 -0.6 0.8
v -1 -0.3 0.8
v -1 -0.2 0.8
v -1 -0.1 0.8
v -1 0 0.8
v -1 0.1 0.8
v -1 0.2 0.8
v -1 0.3 0.8
v -1 0.4 0.8
v -1 0.5 0.8
v -1 0.7 0.8
v -1 0.8 0.8
v -0.9 -0.8 0.8
v -0.9 -0.7 0.8
v -0.9 -0.6 0.8
v -0.9 -0.5 0.8
v -0.9 -0.4 0.8
v -0.9 -0.3 0.8
v -0.9 -0.2 0.8
v -0.9 -0.1 0.8
v -0.9 0 0.8
v -0.9 0.1 0.8
v -0.9 0.2 0.8
v -0.9 0.3 0.8
v -0.9 0.4 0.8
v -0.9 0.5 0.8
v -0.9 0.6 0.8
v -0.9 0.7 0.8
v -0.9 0.8 0.8
v -0.8 -1 0.8
v -0.8 -0.9 0.8
v -0.7 -1 0.8
v -0.7 -0.9 0.8
v -0.6 -0.9 0.8
v -0.5 -1 0.8
v -0.5 -0.9 0.8
v -0.4 -1 0.8
v -0.4 -0.9 0.8
v -0.3 -0.9 0.8
v -0.2 -0.9 0.8
v -0.1 -1 0.8
v -0.1 -0.9 0.8
v 0 -1 0.8
v 0 -0.9 0.8
v 0.1 -1 0.8
v 0.1 -0.9 0.8
v 0.2 -1 0.8
v 0.2 -0.9 0.8
v 0.3 -1 0.8
v 0.3 -0.9 0.8
v 0.4 -1 0.8
v 0.4 -0.9 0.8
v 0.5 -1 0.8
v 0.5 -0.9 0.8
v 0.6 -1 0.8
v 0.6 -0.9 0.8
v 0.7 -0.9 0.8
v 0.8 -1 0.8
v 0.8 -0.9 0.8
v 0.9 -0.8 0.8
v 0.9 -0.7 0.8
v 0.9 -0.6 0.8
v 0.9 -0.5 0.8
v 0.9 -0.4 0.8
v 0.9 -0.3 0.8
v 0.9 -0.2 0.8
v 0.9 -0.1 0.8
v 0.9 0 0.8
v 0.9 0.1 0.8
v 0.9 0.2 0.8
v 0.9 0.3 0.8
v 0.9 0.4 0.8
v 0.9 0.5 0.8
v 0.9 0.6 0.8
v 0.9 0.7 0.8
v 0.9 0.8 0.8
v 1 -0.8 0.8
v 1 -0.7 0.8
v 1 -0.6 0.8
v 1 -0.5 0.8
v 1 -0.4 0.8
v 1 -0.3 0.8
v 1 -0.2 0.8
v 1 -0.1 0.8
v 1 0.1 0.8
v 1 0.4 0.8
v 1 0.5 0.8
v 1 0.6 0.8
v 1 0.7 0.8
v 1 0.8 0.8
v -0.6 -0.9 0.7
v -0.6 -0.8 0.7
v -0.6 -0.7 0.7
v -0.6 -0.6 0.7
v -0.5 -0.9 0.7
v -0.4 -0.9 0.7
v -0.3 -0.9 0.7
v -0.3 -0.8 0.7
v -0.3 -0.7 0.7
v -0.3 -0.6 0.7
v 0.2 -0.9 0.7
v 0.2 -0.8 0.7
v 0.2 -0.7 0.7
v 0.2 -0.6 0.7
v 0.2 -0.5 0.7
v 0.2 -0.4 0.7
v 0.2 -0.3 0.7
v 0.2 -0.2 0.7
v 0.2 -0.1 0.7
v 0.2 0 0.7
v 0.2 0.1 0.7
v 0.3 -0.9 0.7
v 0.3 -0.8 0.7
v 0.3 -0.7 0.7
v 0.3 -0.6 0.7
v 0.3 -0.5 0.7
v 0.3 -0.4 0.7
v 0.3 -0.3 0.7
v 0.3 -0.2 0.7
v 0.3 -0.1 0.7
v 0.3 0 0.7
v 0.3 0.1 0.7
v 0.6 -0.9 0.7
v 0.6 -0.8 0.7
v 0.6 -0.7 0.7
v 0.6 -0.6 0.7
v 0.6 -0.5 0.7
v 0.6 -0.4 0.7
v 0.6 -0.3 0.7
v 0.6 -0.2 0.7
v 0.6 -0.1 0.7
v 0.6 0 0.7
v 0.6 0.1 0.7
v 0.7 -0.9 0.7
v 0.7 -0.8 0.7
v 0.7 -0.7 0.7
v 0.7 -0.6 0.7
v 0.7 -0.5 0.7
v 0.7 -0.4 0.7
v 0.7 -0.3 0.7
v 0.7 -0.2 0.7
v 0.7 -0.1 0.7
v 0.7 0 0.7
v 0.7 0.1 0.7
v -0.7 -0.9 0.6
v -0.7 -0.8 0.6
v -0.7 -0.7 0.6
v -0.7 -0.6 0.6
v -0.6 -0.9 0.6
v -0.6 -0.8 0.6
v -0.6 -0.7 0.6
v -0.6 -0.6 0.6
v -0.3 -0.9 0.6
v -0.3 -0.8 0.6
v -0.3 -0.7 0.6
v -0.3 -0.6 0.6
v -0.2 -0.9 0.6
v -0.2 -0.8 0.6
v -0.2 -0.7 0.6
v -0.2 -0.6 0.6
v -0.2 -0.8 0.5
v -0.2 -0.7 0.5
v -0.1 -0.8 0.5
v -0.1 -0.7 0.5
v 0.3 0 0.5
v 0.3 0.1 0.5
v 0.4 -0.1 0.5
v 0.4 0 0.5
v 0.4 0.1 0.5
v 0.5 -0.1 0.5
v 0.5 0 0.5
v 0.5 0.1 0.5
v 0.6 0 0.5
v 0.6 0.1 0.5
v -0.6 -0.9 0.4
v -0.6 -0.8 0.4
v -0.6 -0.7 0.4
v -0.5 -0.9 0.4
v -0.5 -0.8 0.4
v -0.5 -0.7 0.4
v -0.1 -0.9 0.4
v -0.1 -0.8 0.4
v 0 -0.9 0.4
v 0 -0.8 0.4
v 0.4 0 0.4
v 0.4 0.1 0.4
v 0.5 0 0.4
v 0.5 0.1 0.4
v -0.5 -0.9 0.3
v -0.5 -0.8 0.3
v -0.5 -0.7 0.3
v -0.4 -0.9 0.3
v -0.3 -0.9 0.3
v -0.3 -0.8 0.3
v -0.3 -0.7 0.3
v 0.6 -0.1 0.2
v 0.6 0.6 0.2
v 0.7 -0.1 0.2
v 0.7 0.6 0.2
v 0.5 0.5 0.1
v 0.5 0.6 0.1
v 0.6 -0.2 0.1
v 0.6 -0.1 0.1
v 0.6 0.5 0.1
v 0.6 0.6 0.1
v 0.6 0.7 0.1
v 0.7 -0.2 0.1
v 0.7 -0.1 0.1
v 0.7 0.5 0.1
v 0.7 0.6 0.1
v 0.7 0.7 0.1
v 0.8 0.5 0.1
v 0.8 0.6 0.1
v 0.6 -0.1 0
v 0.6 0.5 0
v 0.7 -0.1 0
v 0.7 0.5 0
v 0.6 0.2 -0.3
v 0.6 0.6 -0.3
v 0.7 0.2 -0.3
v 0.7 0.6 -0.3
v -0.7 -0.9 -0.4
v -0.7 -0.4 -0.4
v -0.5 -0.9 -0.4
v -0.4 -0.9 -0.4
v -0.4 -0.4 -0.4
v -0.3 -0.9 -0.4
v -0.3 -0.6 -0.4
v 0 -0.9 -0.4
v 0.1 -0.9 -0.4
v 0.2 -0.9 -0.4
v 0.2 -0.6 -0.4
v 0.5 0.5 -0.4
v 0.5 0.6 -0.4
v 0.6 0.5 -0.4
v 0.6 0.6 -0.4
v 0.6 0.7 -0.4
v 0.7 0.5 -0.4
v 0.7 0.6 -0.4
v 0.7 0.7 -0.4
v 0.8 0.5 -0.4
v 0.8 0.6 -0.4
v -0.6 -0.4 -0.5
v -0.6 -0.3 -0.5
v -0.5 -0.4 -0.5
v -0.5 -0.3 -0.5
v 0.2 -0.8 -0.5
v 0.2 -0.7 -0.5
v 0.3 -0.8 -0.5
v 0.3 -0.7 -0.5
v 0.6 -0.1 -0.5
v 0.6 0 -0.5
v 0.6 0.5 -0.5
v 0.7 -0.1 -0.5
v 0.7 0 -0.5
v 0.7 0.5 -0.5
v -0.8 -0.9 -0.8
v -0.8 -0.8 -0.8
v -0.8 -0.7 -0.8
v -0.8 -0.6 -0.8
v -0.8 -0.5 -0.8
v -0.8 -0.4 -0.8
v -0.8 -0.3 -0.8
v -0.8 -0.2 -0.8
v -0.8 -0.1 -0.8
v -0.8 0 -0.8
v -0.8 0.1 -0.8
v -0.8 0.2 -0.8
v -0.8 0.3 -0.8
v -0.8 0.4 -0.8
v -0.8 0.5 -0.8
v -0.8 0.6 -0.8
v -0.8 0.7 -0.8
v -0.8 0.8 -0.8
v -0.8 0.9 -0.8
v -0.7 -0.9 -0.8
v -0.7 -0.8 -0.8
v -0.7 -0.7 -0.8
v -0.7 -0.6 -0.8
v -0.7 -0.5 -0.8
v -0.7 -0.4 -0.8
v -0.7 -0.3 -0.8
v -0.7 -0.2 -0.8
v -0.7 -0.1 -0.8
v -0.7 0 -0.8
v -0.7 0.1 -0.8
v -0.7 0.2 -0.8
v -0.7 0.3 -0.8
v -0.7 0.4 -0.8
v -0.7 0.5 -0.8
v -0.7 0.6 -0.8
v -0.7 0.7 -0.8
v -0.7 0.8 -0.8
v -0.7 0.9 -0.8
v -0.6 -0.9 -0.8
v -0.6 -0.8 -0.8
v -0.6 -0.7 -0.8
v -0.6 -0.6 -0.8
v -0.6 -0.4 -0.8
v -0.6 -0.3 -0.8
v -0.6 -0.2 -0.8
v -0.6 -0.1 -0.8
v -0.6 0 -0.8
v -0.6 0.1 -0.8
v -0.6 0.2 -0.8
v -0.6 0.3 -0.8
v -0.6 0.4 -0.8
v -0.6 0.6 -0.8
v -0.6 0.7 -0.8
v -0.6 0.9 -0.8
v -0.5 -0.9 -0.8
v -0.5 -0.8 -0.8
v -0.5 -0.7 -0.8
v -0.5 -0.6 -0.8
v -0.5 -0.5 -0.8
v -0.5 -0.4 -0.8
v -0.5 -0.3 -0.8
v -0.5 -0.2 -0.8
v -0.5 -0.1 -0.8
v -0.5 0 -0.8
v -0.5 0.1 -0.8
v -0.5 0.2 -0.8
v -0.5 0.3 -0.8
v -0.5 0.4 -0.8
v -0.5 0.6 -0.8
v -0.5 0.7 -0.8
v -0.5 0.8 -0.8
v -0.5 0.9 -0.8
v -0.4 -0.8 -0.8
v -0.4 -0.7 -0.8
v -0.4 -0.6 -0.8
v -0.4 -0.5 -0.8
v -0.4 -0.4 -0.8
v -0.4 -0.3 -0.8
v -0.4 -0.2 -0.8
v -0.4 -0.1 -0.8
v -0.4 0 -0.8
v -0.4 0.1 -0.8
v -0.4 0.2 -0.8
v -0.4 0.3 -0.8
v -0.4 0.4 -0.8
v -0.4 0.5 -0.8
v -0.4 0.6 -0.8
v -0.4 0.7 -0.8
v -0.4 0.8 -0.8
v -0.3 -0.9 -0.8
v -0.3 -0.8 -0.8
v -0.3 -0.6 -0.8
v -0.3 -0.5 -0.8
v -0.3 -0.4 -0.8
v -0.3 -0.3 -0.8
v -0.3 -0.2 -0.8
v -0.3 -0.1 -0.8
v -0.3 0 -0.8
v -0.3 0.1 -0.8
v -0.3 0.2 -0.8
v -0.3 0.3 -0.8
v -0.3 0.4 -0.8
v -0.3 0.6 -0.8
v -0.3 0.7 -0.8
v -0.3 0.8 -0.8
v -0.3 0.9 -0.8
v -0.2 -0.9 -0.8
v -0.2 -0.8 -0.8
v -0.2 -0.7 -0.8
v -0.2 -0.6 -0.8
v -0.2 -0.5 -0.8
v -0.2 -0.4 -0.8
v -0.2 -0.2 -0.8
v -0.2 -0.1 -0.8
v -0.2 0 -0.8
v -0.2 0.1 -0.8
v -0.2 0.2 -0.8
v -0.2 0.3 -0.8
v -0.2 0.4 -0.8
v -0.2 0.5 -0.8
v -0.2 0.6 -0.8
v -0.1 -0.9 -0.8
v -0.1 -0.8 -0.8
v -0.1 -0.7 -0.8
v -0.1 -0.6 -0.8
v -0.1 -0.5 -0.8
v -0.1 -0.4 -0.8
v -0.1 -0.3 -0.8
v -0.1 -0.2 -0.8
v -0.1 -0.1 -0.8
v -0.1 0 -0.8
v -0.1 0.1 -0.8
v -0.1 0.2 -0.8
v -0.1 0.3 -0.8
v -0.1 0.5 -0.8
v -0.1 0.6 -0.8
v -0.1 0.8 -0.8
v -0.1 0.9 -0.8
v 0 -0.9 -0.8
v 0 -0.8 -0.8
v 0 -0.7 -0.8
v 0 -0.6 -0.8
v 0 -0.5 -0.8
v 0 -0.4 -0.8
v 0 -0.3 -0.8
v 0 -0.2 -0.8
v 0 -0.1 -0.8
v 0 0 -0.8
v 0 0.1 -0.8
v 0 0.2 -0.8
v 0 0.3 -0.8
v 0 0.4 -0.8
v 0 0.5 -0.8
v 0 0.6 -0.8
v 0 0.7 -0.8
v 0 0.8 -0.8
v 0.1 -0.9 -0.8
v 0.1 -0.8 -0.8
v 0.1 -0.7 -0.8
v 0.1 -0.6 -0.8
v 0.1 -0.5 -0.8
v 0.1 -0.4 -0.8
v 0.1 -0.3 -0.8
v 0.1 -0.2 -0.8
v 0.1 -0.1 -0.8
v 0.1 0 -0.8
v 0.1 0.2 -0.8
v 0.1 0.3 -0.8
v 0.1 0.4 -0.8
v 0.1 0.5 -0.8
v 0.1 0.6 -0.8
v 0.1 0.7 -0.8
v 0.1 0.8 -0.8
v 0.1 0.9 -0.8
v 0.2 -0.9 -0.8
v 0.2 -0.8 -0.8
v 0.2 -0.7 -0.8
v 0.2 -0.5 -0.8
v 0.2 -0.3 -0.8
v 0.2 -0.2 -0.8
v 0.2 -0.1 -0.8
v 0.2 0 -0.8
v 0.2 0.1 -0.8
v 0.2 0.2 -0.8
v 0.2 0.3 -0.8
v 0.2 0.4 -0.8
v 0.2 0.5 -0.8
v 0.2 0.6 -0.8
v 0.2 0.7 -0.8
v 0.2 0.8 -0.8
v 0.3 -0.9 -0.8
v 0.3 -0.8 -0.8
v 0.3 -0.7 -0.8
v 0.3 -0.6 -0.8
v 0.3 -0.4 -0.8
v 0.3 -0.3 -0.8
v 0.3 -0.2 -0.8
v 0.3 -0.1 -0.8
v 0.3 0 -0.8
v 0.3 0.1 -0.8
v 0.3 0.4 -0.8
v 0.3 0.5 -0.8
v 0.3 0.6 -0.8
v 0.3 0.7 -0.8
v 0.3 0.8 -0.8
v 0.3 0.9 -0.8
v 0.4 -0.9 -0.8
v 0.4 -0.8 -0.8
v 0.4 -0.7 -0.8
v 0.4 -0.6 -0.8
v 0.4 -0.5 -0.8
v 0.4 -0.4 -0.8
v 0.4 -0.3 -0.8
v 0.4 -0.2 -0.8
v 0.4 -0.1 -0.8
v 0.4 0.1 -0.8
v 0.4 0.2 -0.8
v 0.4 0.3 -0.8
v 0.4 0.4 -0.8
v 0.4 0.5 -0.8
v 0.4 0.6 -0.8
v 0.4 0.7 -0.8
v 0.4 0.8 -0.8
v 0.4 0.9 -0.8
v 0.5 -0.9 -0.8
v 0.5 -0.8 -0.8
v 0.5 -0.7 -0.8
v 0.5 -0.6 -0.8
v 0.5 -0.5 -0.8
v 0.5 -0.4 -0.8
v 0.5 -0.3 -0.8
v 0.5 -0.2 -0.8
v 0.5 0 -0.8
v 0.5 0.1 -0.8
v 0.5 0.2 -0.8
v 0.5 0.3 -0.8
v 0.5 0.4 -0.8
v 0.5 0.5 -0.8
v 0.5 0.6 -0.8
v 0.5 0.7 -0.8
v 0.5 0.8 -0.8
v 0.5 0.9 -0.8
v 0.6 -0.9 -0.8
v 0.6 -0.8 -0.8
v 0.6 -0.6 -0.8
v 0.6 -0.5 -0.8
v 0.6 -0.4 -0.8
v 0.6 -0.3 -0.8
v 0.6 -0.2 -0.8
v 0.6 -0.1 -0.8
v 0.6 0 -0.8
v 0.6 0.1 -0.8
v 0.6 0.2 -0.8
v 0.6 0.3 -0.8
v 0.6 0.4 -0.8
v 0.6 0.5 -0.8
v 0.6 0.6 -0.8
v 0.6 0.7 -0.8
v 0.6 0.8 -0.8
v 0.6 0.9 -0.8
v 0.7 -0.9 -0.8
v 0.7 -0.8 -0.8
v 0.7 -0.7 -0.8
v 0.7 -0.6 -0.8
v 0.7 -0.5 -0.8
v 0.7 -0.4 -0.8
v 0.7 -0.3 -0.8
v 0.7 -0.2 -0.8
v 0.7 -0.1 -0.8
v 0.7 0.1 -0.8
v 0.7 0.2 -0.8
v 0.7 0.3 -0.8
v 0.7 0.4 -0.8
v 0.7 0.5 -0.8
v 0.7 0.6 -0.8
v 0.7 0.8 -0.8
v 0.7 0.9 -0.8
v 0.8 -0.9 -0.8
v 0.8 -0.8 -0.8
v 0.8 -0.7 -0.8
v 0.8 -0.6 -0.8
v 0.8 -0.5 -0.8
v 0.8 -0.4 -0.8
v 0.8 -0.3 -0.8
v 0.8 -0.2 -0.8
v 0.8 -0.1 -0.8
v 0.8 0.2 -0.8
v 0.8 0.3 -0.8
v 0.8 0.4 -0.8
v 0.8 0.5 -0.8
v 0.8 0.7 -0.8
v 0.8 0.8 -0.8
v 0.8 0.9 -0.8
v -1 -0.9 -0.9
v -1 -0.8 -0.9
v -1 -0.6 -0.9
v -1 -0.5 -0.9
v -1 -0.1 -0.9
v -1 0 -0.9
v -1 0.1 -0.9
v -1 0.2 -0.9
v -1 0.4 -0.9
v -1 0.5 -0.9
v -1 0.7 -0.9
v -1 0.8 -0.9
v -1 0.9 -0.9
v -0.9 -1 -0.9
v -0.9 -0.9 -0.9
v -0.9 -0.8 -0.9
v -0.9 -0.6 -0.9
v -0.9 -0.5 -0.9
v -0.9 -0.4 -0.9
v -0.9 -0.3 -0.9
v -0.9 -0.2 -0.9
v -0.9 -0.1 -0.9
v -0.9 0 -0.9
v -0.9 0.1 -0.9
v -0.9 0.2 -0.9
v -0.9 0.4 -0.9
v -0.9 0.5 -0.9
v -0.9 0.6 -0.9
v -0.9 0.7 -0.9
v -0.9 0.8 -0.9
v -0.9 0.9 -0.9
v -0.9 1 -0.9
v -0.8 -1 -0.9
v -0.8 -0.9 -0.9
v -0.8 0.9 -0.9
v -0.7 -0.9 -0.9
v -0.7 0.9 -0.9
v -0.7 1 -0.9
v -0.6 -1 -0.9
v -0.6 -0.9 -0.9
v -0.6 0.9 -0.9
v -0.6 1 -0.9
v -0.5 -1 -0.9
v -0.5 -0.9 -0.9
v -0.5 0.9 -0.9
v -0.5 1 -0.9
v -0.4 -1 -0.9
v -0.4 -0.9 -0.9
v -0.4 0.9 -0.9
v -0.4 1 -0.9
v -0.3 -1 -0.9
v -0.3 -0.9 -0.9
v -0.3 0.9 -0.9
v -0.2 -1 -0.9
v -0.2 -0.9 -0.9
v -0.2 0.9 -0.9
v -0.2 1 -0.9
v -0.1 -0.9 -0.9
v -0.1 0.9 -0.9
v 0 -1 -0.9
v 0 -0.9 -0.9
v 0 0.9 -0.9
v 0 1 -0.9
v 0.1 -1 -0.9
v 0.1 -0.9 -0.9
v 0.1 0.9 -0.9
v 0.1 1 -0.9
v 0.2 -0.9 -0.9
v 0.3 -1 -0.9
v 0.3 -0.9 -0.9
v 0.3 0.9 -0.9
v 0.3 1 -0.9
v 0.4 -1 -0.9
v 0.4 -0.9 -0.9
v 0.4 0.9 -0.9
v 0.4 1 -0.9
v 0.5 -1 -0.9
v 0.5 -0.9 -0.9
v 0.5 0.9 -0.9
v 0.5 1 -0.9
v 0.6 -1 -0.9
v 0.6 -0.9 -0.9
v 0.6 0.9 -0.9
v 0.6 1 -0.9
v 0.7 -0.9 -0.9
v 0.7 0.9 -0.9
v 0.7 1 -0.9
v 0.8 -1 -0.9
v 0.8 -0.9 -0.9
v 0.8 0.9 -0.9
v 0.8 1 -0.9
v 0.9 -1 -0.9
v 0.9 -0.9 -0.9
v 0.9 -0.8 -0.9
v 0.9 -0.7 -0.9
v 0.9 -0.6 -0.9
v 0.9 -0.5 -0.9
v 0.9 -0.4 -0.9
v 0.9 -0.3 -0.9
v 0.9 -0.2 -0.9
v 0.9 -0.1 -0.9
v 0.9 0 -0.9
v 0.9 0.1 -0.9
v 0.9 0.2 -0.9
v 0.9 0.3 -0.9
v 0.9 0.4 -0.9
v 0.9 0.5 -0.9
v 0.9 0.6 -0.9
v 0.9 0.7 -0.9
v 0.9 0.8 -0.9
v 0.9 0.9 -0.9
v 0.9 1 -0.9
v 1 -0.9 -0.9
v 1 -0.8 -0.9
v 1 -0.7 -0.9
v 1 -0.6 -0.9
v 1 -0.4 -0.9
v 1 -0.3 -0.9
v 1 -0.2 -0.9
v 1 -0.1 -0.9
v 1 0 -0.9
v 1 0.2 -0.9
v 1 0.3 -0.9
v 1 0.4 -0.9
v 1 0.6 -0.9
v 1 0.7 -0.9
v 1 0.8 -0.9
v 1 0.9 -0.9
v -1 -0.9 0.9
v -1 -0.8 0.9
v -1 -0.7 0.9
v -1 -0.6 0.9
v -1 -0.5 0.9
v -1 -0.4 0.9
v -1 -0.2 0.9
v -1 0 0.9
v -1 0.3 0.9
v -1 0.4 0.9
v -1 0.6 0.9
v -1 0.8 0.9
v -1 0.9 0.9
v -0.9 -1 0.9
v -0.9 -0.9 0.9
v -0.9 -0.8 0.9
v -0.9 -0.7 0.9
v -0.9 -0.6 0.9
v -0.9 -0.5 0.9
v -0.9 -0.4 0.9
v -0.9 -0.3 0.9
v -0.9 -0.2 0.9
v -0.9 0 0.9
v -0.9 0.1 0.9
v -0.9 0.2 0.9
v -0.9 0.3 0.9
v -0.9 0.4 0.9
v -0.9 0.5 0.9
v -0.9 0.6 0.9
v -0.9 0.8 0.9
v -0.9 0.9 0.9
v -0.9 1 0.9
v -0.8 -1 0.9
v -0.8 -0.9 0.9
v -0.8 0.9 0.9
v -0.8 1 0.9
v -0.7 -1 0.9
v -0.7 -0.9 0.9
v -0.7 0.9 0.9
v -0.7 1 0.9
v -0.6 -0.9 0.9
v -0.6 0.9 0.9
v -0.5 -1 0.9
v -0.5 -0.9 0.9
v -0.5 0.9 0.9
v -0.4 -0.9 0.9
v -0.4 0.9 0.9
v -0.3 -0.9 0.9
v -0.3 0.9 0.9
v -0.2 -1 0.9
v -0.2 -0.9 0.9
v -0.1 -0.9 0.9
v -0.1 0.9 0.9
v -0.1 1 0.9
v 0 -1 0.9
v 0 -0.9 0.9
v 0 0.9 0.9
v 0 1 0.9
v 0.1 0.9 0.9
v 0.2 -1 0.9
v 0.2 -0.9 0.9
v 0.2 0.9 0.9
v 0.2 1 0.9
v 0.3 -1 0.9
v 0.3 -0.9 0.9
v 0.3 0.9 0.9
v 0.3 1 0.9
v 0.4 -0.9 0.9
v 0.4 0.9 0.9
v 0.4 1 0.9
v 0.5 -0.9 0.9
v 0.5 0.9 0.9
v 0.6 -0.9 0.9
v 0.6 0.9 0.9
v 0.6 1 0.9
v 0.7 -1 0.9
v 0.7 -0.9 0.9
v 0.7 0.9 0.9
v 0.8 -0.9 0.9
v 0.8 0.9 0.9
v 0.8 1 0.9
v 0.9 -1 0.9
v 0.9 -0.9 0.9
v 0.9 -0.8 0.9
v 0.9 -0.7 0.9
v 0.9 -0.6 0.9
v 0.9 -0.5 0.9
v 0.9 -0.4 0.9
v 0.9 -0.3 0.9
v 0.9 -0.2 0.9
v 0.9 -0.1 0.9
v 0.9 0 0.9
v 0.9 0.1 0.9
v 0.9 0.2 0.9
v 0.9 0.3 0.9
v 0.9 0.4 0.9
v 0.9 0.5 0.9
v 0.9 0.6 0.9
v 0.9 0.7 0.9
v 0.9 0.8 0.9
v 0.9 0.9 0.9
v 0.9 1 0.9
v 1 -0.9 0.9
v 1 -0.8 0.9
v 1 -0.4 0.9
v 1 -0.3 0.9
v 1 -0.2 0.9
v 1 -0.1 0.9
v 1 0 0.9
v 1 0.2 0.9
v 1 0.3 0.9
v 1 0.5 0.9
v 1 0.6 0.9
v 1 0.8 0.9
v 1 0.9 0.9
v -0.8 -0.9 0.8
v -0.8 -0.8 0.8
v -0.8 -0.7 0.8
v -0.8 -0.6 0.8
v -0.8 -0.5 0.8
v -0.8 -0.4 0.8
v -0.8 -0.3 0.8
v -0.8 -0.2 0.8
v -0.8 -0.1 0.8
v -0.8 0 0.8
v -0.8 0.1 0.8
v -0.8 0.2 0.8
v -0.8 0.3 0.8
v -0.8 0.4 0.8
v -0.8 0.5 0.8
v -0.8 0.6 0.8
v -0.8 0.7 0.8
v -0.8 0.8 0.8
v -0.8 0.9 0.8
v -0.7 -0.9 0.8
v -0.7 -0.8 0.8
v -0.7 -0.7 0.8
v -0.7 -0.6 0.8
v -0.7 -0.5 0.8
v -0.7 -0.4 0.8
v -0.7 -0.3 0.8
v -0.7 -0.2 0.8
v -0.7 0 0.8
v -0.7 0.2 0.8
v -0.7 0.3 0.8
v -0.7 0.4 0.8
v -0.7 0.5 0.8
v -0.7 0.6 0.8
v -0.7 0.7 0.8
v -0.7 0.8 0.8
v -0.7 0.9 0.8
v -0.6 -0.9 0.8
v -0.6 -0.8 0.8
v -0.6 -0.7 0.8
v -0.6 -0.6 0.8
v -0.6 -0.5 0.8
v -0.6 -0.4 0.8
v -0.6 -0.3 0.8
v -0.6 -0.1 0.8
v -0.6 0 0.8
v -0.6 0.4 0.8
v -0.6 0.5 0.8
v -0.6 0.6 0.8
v -0.6 0.7 0.8
v -0.6 0.9 0.8
v -0.5 -0.9 0.8
v -0.5 -0.8 0.8
v -0.5 -0.6 0.8
v -0.5 -0.5 0.8
v -0.5 -0.4 0.8
v -0.5 -0.3 0.8
v -0.5 -0.2 0.8
v -0.5 -0.1 0.8
v -0.5 0.4 0.8
v -0.5 0.5 0.8
v -0.5 0.6 0.8
v -0.5 0.7 0.8
v -0.5 0.9 0.8
v -0.4 -0.9 0.8
v -0.4 -0.8 0.8
v -0.4 -0.4 0.8
v -0.4 -0.3 0.8
v -0.4 -0.2 0.8
v -0.4 -0.1 0.8
v -0.4 0 0.8
v -0.4 0.1 0.8
v -0.4 0.2 0.8
v -0.4 0.3 0.8
v -0.4 0.5 0.8
v -0.4 0.6 0.8
v -0.4 0.7 0.8
v -0.4 0.8 0.8
v -0.4 0.9 0.8
v -0.3 -0.9 0.8
v -0.3 -0.8 0.8
v -0.3 -0.7 0.8
v -0.3 -0.6 0.8
v -0.3 -0.5 0.8
v -0.3 -0.4 0.8
v -0.3 -0.3 0.8
v -0.3 -0.2 0.8
v -0.3 -0.1 0.8
v -0.3 0 0.8
v -0.3 0.1 0.8
v -0.3 0.2 0.8
v -0.3 0.3 0.8
v -0.3 0.4 0.8
v -0.3 0.5 0.8
v -0.3 0.6 0.8
v -0.3 0.7 0.8
v -0.3 0.8 0.8
v -0.3 0.9 0.8
v -0.2 -0.9 0.8
v -0.2 -0.8 0.8
v -0.2 -0.7 0.8
v -0.2 -0.6 0.8
v -0.2 -0.5 0.8
v -0.2 -0.4 0.8
v -0.2 -0.3 0.8
v -0.2 -0.2 0.8
v -0.2 -0.1 0.8
v -0.2 0.1 0.8
v -0.2 0.2 0.8
v -0.2 0.3 0.8
v -0.2 0.4 0.8
v -0.2 0.5 0.8
v -0.2 0.6 0.8
v -0.2 0.7 0.8
v -0.2 0.8 0.8
v -0.1 -0.9 0.8
v -0.1 -0.8 0.8
v -0.1 -0.7 0.8
v -0.1 -0.6 0.8
v -0.1 -0.5 0.8
v -0.1 -0.3 0.8
v -0.1 -0.2 0.8
v -0.1 0.1 0.8
v -0.1 0.2 0.8
v -0.1 0.3 0.8
v -0.1 0.4 0.8
v -0.1 0.5 0.8
v -0.1 0.8 0.8
v -0.1 0.9 0.8
v 0 -0.9 0.8
v 0 -0.8 0.8
v 0 -0.7 0.8
v 0 -0.6 0.8
v 0 -0.5 0.8
v 0 -0.4 0.8
v 0 -0.2 0.8
v 0 -0.1 0.8
v 0 0 0.8
v 0 0.1 0.8
v 0 0.2 0.8
v 0 0.3 0.8
v 0 0.4 0.8
v 0 0.5 0.8
v 0 0.8 0.8
v 0 0.9 0.8
v 0.1 -0.9 0.8
v 0.1 -0.8 0.8
v 0.1 -0.7 0.8
v 0.1 -0.5 0.8
v 0.1 -0.4 0.8
v 0.1 -0.3 0.8
v 0.1 -0.2 0.8
v 0.1 -0.1 0.8
v 0.1 0 0.8
v 0.1 0.1 0.8
v 0.1 0.2 0.8
v 0.1 0.3 0.8
v 0.1 0.4 0.8
v 0.1 0.5 0.8
v 0.1 0.6 0.8
v 0.1 0.8 0.8
v 0.1 0.9 0.8
v 0.2 -0.9 0.8
v 0.2 -0.8 0.8
v 0.2 -0.7 0.8
v 0.2 -0.6 0.8
v 0.2 -0.5 0.8
v 0.2 -0.3 0.8
v 0.2 -0.1 0.8
v 0.2 0 0.8
v 0.2 0.1 0.8
v 0.2 0.2 0.8
v 0.2 0.3 0.8
v 0.2 0.4 0.8
v 0.2 0.5 0.8
v 0.2 0.6 0.8
v 0.2 0.7 0.8
v 0.2 0.9 0.8
v 0.3 -0.9 0.8
v 0.3 -0.8 0.8
v 0.3 -0.7 0.8
v 0.3 -0.6 0.8
v 0.3 -0.5 0.8
v 0.3 -0.4 0.8
v 0.3 -0.3 0.8
v 0.3 -0.2 0.8
v 0.3 -0.1 0.8
v 0.3 0 0.8
v 0.3 0.1 0.8
v 0.3 0.2 0.8
v 0.3 0.3 0.8
v 0.3 0.4 0.8
v 0.3 0.5 0.8
v 0.3 0.6 0.8
v 0.3 0.7 0.8
v 0.3 0.8 0.8
v 0.3 0.9 0.8
v 0.4 0.2 0.8
v 0.4 0.3 0.8
v 0.4 0.4 0.8
v 0.4 0.5 0.8
v 0.4 0.6 0.8
v 0.4 0.7 0.8
v 0.4 0.8 0.8
v 0.4 0.9 0.8
v 0.5 0.1 0.8
v 0.5 0.2 0.8
v 0.5 0.3 0.8
v 0.5 0.4 0.8
v 0.5 0.5 0.8
v 0.5 0.6 0.8
v 0.5 0.7 0.8
v 0.5 0.8 0.8
v 0.5 0.9 0.8
v 0.6 -0.9 0.8
v 0.6 -0.8 0.8
v 0.6 -0.7 0.8
v 0.6 -0.6 0.8
v 0.6 -0.4 0.8
v 0.6 -0.3 0.8
v 0.6 -0.1 0.8
v 0.6 0 0.8
v 0.6 0.1 0.8
v 0.6 0.2 0.8
v 0.6 0.3 0.8
v 0.6 0.4 0.8
v 0.6 0.5 0.8
v 0.6 0.7 0.8
v 0.6 0.8 0.8
v 0.6 0.9 0.8
v 0.7 -0.9 0.8
v 0.7 -0.8 0.8
v 0.7 -0.7 0.8
v 0.7 -0.6 0.8
v 0.7 -0.4 0.8
v 0.7 -0.3 0.8
v 0.7 -0.1 0.8
v 0.7 0 0.8
v 0.7 0.1 0.8
v 0.7 0.3 0.8
v 0.7 0.4 0.8
v 0.7 0.5 0.8
v 0.7 0.6 0.8
v 0.7 0.7 0.8
v 0.7 0.8 0.8
v 0.7 0.9 0.8
v 0.8 -0.9 0.8
v 0.8 -0.7 0.8
v 0.8 -0.6 0.8
v 0.8 -0.5 0.8
v 0.8 -0.4 0.8
v 0.8 -0.3 0.8
v 0.8 -0.2 0.8
v 0.8 -0.1 0.8
v 0.8 0.1 0.8
v 0.8 0.2 0.8
v 0.8 0.3 0.8
v 0.8 0.4 0.8
v 0.8 0.5 0.8
v 0.8 0.6 0.8
v 0.8 0.7 0.8
v 0.8 0.8 0.8
v 0.8 0.9 0.8
v 0.4 0 0.7
v 0.4 0.1 0.7
v 0.5 0 0.7
v 0.5 0.1 0.7
v -0.6 -0.9 0.6
v -0.6 -0.8 0.6
v -0.6 -0.7 0.6
v -0.6 -0.6 0.6
v -0.5 -0.9 0.6
v -0.4 -0.9 0.6
v -0.3 -0.9 0.6
v -0.3 -0.8 0.6
v -0.3 -0.7 0.6
v -0.3 -0.6 0.6
v 0.3 0 0.6
v 0.3 0.1 0.6
v 0.4 -0.1 0.6
v 0.4 0 0.6
v 0.4 0.1 0.6
v 0.5 -0.1 0.6
v 0.5 0 0.6
v 0.5 0.1 0.6
v 0.6 0 0.6
v 0.6 0.1 0.6
v -0.7 -0.9 0.5
v -0.7 -0.8 0.5
v -0.7 -0.7 0.5
v -0.7 -0.6 0.5
v -0.6 -0.9 0.5
v -0.6 -0.8 0.5
v -0.6 -0.7 0.5
v -0.6 -0.6 0.5
v -0.7 -0.8 0.4
v -0.7 -0.7 0.4
v -0.6 -0.8 0.4
v -0.6 -0.7 0.4
v -0.3 -0.7 0.4
v -0.3 -0.6 0.4
v -0.2 -0.8 0.4
v -0.2 -0.7 0.4
v -0.2 -0.6 0.4
v -0.1 -0.8 0.4
v -0.1 -0.7 0.4
v 0.2 -0.9 0.4
v 0.2 -0.8 0.4
v 0.2 -0.7 0.4
v 0.2 -0.6 0.4
v 0.2 -0.5 0.4
v 0.2 -0.4 0.4
v 0.2 -0.3 0.4
v 0.2 -0.2 0.4
v 0.2 -0.1 0.4
v 0.2 0 0.4
v 0.2 0.1 0.4
v 0.3 -0.9 0.4
v 0.3 -0.8 0.4
v 0.3 -0.7 0.4
v 0.3 -0.6 0.4
v 0.3 -0.5 0.4
v 0.3 -0.4 0.4
v 0.3 -0.3 0.4
v 0.3 -0.2 0.4
v 0.3 -0.1 0.4
v 0.3 0 0.4
v 0.3 0.1 0.4
v 0.6 -0.9 0.4
v 0.6 -0.8 0.4
v 0.6 -0.7 0.4
v 0.6 -0.6 0.4
v 0.6 -0.5 0.4
v 0.6 -0.4 0.4
v 0.6 -0.3 0.4
v 0.6 -0.2 0.4
v 0.6 -0.1 0.4
v 0.6 0 0.4
v 0.6 0.1 0.4
v 0.7 -0.9 0.4
v 0.7 -0.8 0.4
v 0.7 -0.7 0.4
v 0.7 -0.6 0.4
v 0.7 -0.5 0.4
v 0.7 -0.4 0.4
v 0.7 -0.3 0.4
v 0.7 -0.2 0.4
v 0.7 -0.1 0.4
v 0.7 0 0.4
v 0.7 0.1 0.4
v -0.6 -0.9 0.3
v -0.6 -0.8 0.3
v -0.6 -0.7 0.3
v -0.5 -0.9 0.3
v -0.5 -0.8 0.3
v -0.5 -0.7 0.3
v -0.3 -0.9 0.3
v -0.3 -0.8 0.3
v -0.3 -0.7 0.3
v -0.2 -0.9 0.3
v -0.2 -0.8 0.3
v -0.2 -0.7 0.3
v 0.3 -0.9 0.3
v 0.3 -0.8 0.3
v 0.3 -0.7 0.3
v 0.3 -0.6 0.3
v 0.3 -0.5 0.3
v 0.3 -0.4 0.3
v 0.3 -0.3 0.3
v 0.3 -0.2 0.3
v 0.3 -0.1 0.3
v 0.3 0 0.3
v 0.3 0.1 0.3
v 0.5 -0.9 0.3
v 0.6 -0.9 0.3
v 0.6 -0.8 0.3
v 0.6 -0.7 0.3
v 0.6 -0.6 0.3
v 0.6 -0.5 0.3
v 0.6 -0.4 0.3
v 0.6 -0.3 0.3
v 0.6 -0.2 0.3
v 0.6 -0.1 0.3
v 0.6 0 0.3
v 0.6 0.1 0.3
v -0.5 -0.9 0.2
v -0.5 -0.8 0.2
v -0.5 -0.7 0.2
v -0.4 -0.9 0.2
v -0.3 -0.9 0.2
v -0.3 -0.8 0.2
v -0.3 -0.7 0.2
v -0.1 -0.9 0.2
v -0.1 -0.8 0.2
v 0 -0.9 0.2
v 0 -0.8 0.2
v 0.6 -0.1 0.1
v 0.6 0.5 0.1
v 0.7 -0.1 0.1
v 0.7 0.5 0.1
v 0.5 0.5 0
v 0.5 0.6 0
v 0.6 -0.2 0
v 0.6 -0.1 0
v 0.6 0.5 0
v 0.6 0.6 0
v 0.6 0.7 0
v 0.7 -0.2 0
v 0.7 -0.1 0
v 0.7 0.5 0
v 0.7 0.6 0
v 0.7 0.7 0
v 0.8 0.5 0
v 0.8 0.6 0
v 0.6 -0.1 -0.1
v 0.6 0.6 -0.1
v 0.7 -0.1 -0.1
v 0.7 0.6 -0.1
v 0.6 0.2 -0.4
v 0.6 0.5 -0.4
v 0.7 0.2 -0.4
v 0.7 0.5 -0.4
v 0.5 0.5 -0.5
v 0.5 0.6 -0.5
v 0.6 0.5 -0.5
v 0.6 0.6 -0.5
v 0.6 0.7 -0.5
v 0.7 0.5 -0.5
v 0.7 0.6 -0.5
v 0.7 0.7 -0.5
v 0.8 0.5 -0.5
v 0.8 0.6 -0.5
v -0.6 -0.4 -0.6
v -0.6 -0.3 -0.6
v -0.5 -0.4 -0.6
v -0.5 -0.3 -0.6
v 0.2 -0.8 -0.6
v 0.2 -0.7 -0.6
v 0.3 -0.8 -0.6
v 0.3 -0.7 -0.6
v 0.6 -0.1 -0.6
v 0.6 0 -0.6
v 0.6 0.6 -0.6
v 0.7 -0.1 -0.6
v 0.7 0 -0.6
v 0.7 0.6 -0.6
v -0.7 -0.9 -0.7
v -0.7 -0.4 -0.7
v -0.6 -0.9 -0.7
v -0.5 -0.9 -0.7
v -0.4 -0.9 -0.7
v -0.4 -0.4 -0.7
v -0.3 -0.9 -0.7
v -0.3 -0.6 -0.7
v -0.1 -0.9 -0.7
v 0.1 -0.9 -0.7
v 0.2 -0.9 -0.7
v 0.2 -0.6 -0.7
v -1 -0.8 -0.8
v -1 -0.7 -0.8
v -1 -0.6 -0.8
v -1 -0.5 -0.8
v -1 -0.4 -0.8
v -1 -0.2 -0.8
v -1 -0.1 -0.8
v -1 0 -0.8
v -1 0.1 -0.8
v -1 0.2 -0.8
v -1 0.5 -0.8
v -1 0.6 -0.8
v -1 0.7 -0.8
v -1 0.8 -0.8
v -0.9 -0.8 -0.8
v -0.9 -0.7 -0.8
v -0.9 -0.6 -0.8
v -0.9 -0.5 -0.8
v -0.9 -0.4 -0.8
v -0.9 -0.3 -0.8
v -0.9 -0.2 -0.8
v -0.9 -0.1 -0.8
v -0.9 0 -0.8
v -0.9 0.1 -0.8
v -0.9 0.2 -0.8
v -0.9 0.4 -0.8
v -0.9 0.5 -0.8
v -0.9 0.6 -0.8
v -0.9 0.7 -0.8
v -0.9 0.8 -0.8
v -0.8 -1 -0.8
v -0.8 -0.9 -0.8
v -0.7 -1 -0.8
v -0.7 -0.9 -0.8
v -0.6 -1 -0.8
v -0.6 -0.9 -0.8
v -0.5 -1 -0.8
v -0.5 -0.9 -0.8
v -0.3 -0.9 -0.8
v -0.2 -0.9 -0.8
v -0.1 -1 -0.8
v -0.1 -0.9 -0.8
v 0 -0.9 -0.8
v 0.1 -1 -0.8
v 0.1 -0.9 -0.8
v 0.2 -1 -0.8
v 0.2 -0.9 -0.8
v 0.3 -0.9 -0.8
v 0.4 -1 -0.8
v 0.4 -0.9 -0.8
v 0.5 -1 -0.8
v 0.5 -0.9 -0.8
v 0.6 -0.9 -0.8
v 0.7 -1 -0.8
v 0.7 -0.9 -0.8
v 0.8 -1 -0.8
v 0.8 -0.9 -0.8
v 0.9 -0.8 -0.8
v 0.9 -0.7 -0.8
v 0.9 -0.6 -0.8
v 0.9 -0.5 -0.8
v 0.9 -0.4 -0.8
v 0.9 -0.3 -0.8
v 0.9 -0.2 -0.8
v 0.9 -0.1 -0.8
v 0.9 0 -0.8
v 0.9 0.1 -0.8
v 0.9 0.2 -0.8
v 0.9 0.4 -0.8
v 0.9 0.5 -0.8
v 0.9 0.6 -0.8
v 0.9 0.7 -0.8
v 0.9 0.8 -0.8
v 1 -0.8 -0.8
v 1 -0.7 -0.8
v 1 -0.6 -0.8
v 1 -0.3 -0.8
v 1 -0.2 -0.8
v 1 -0.1 -0.8
v 1 0 -0.8
v 1 0.1 -0.8
v 1 0.2 -0.8
v 1 0.4 -0.8
v 1 0.5 -0.8
v 1 0.6 -0.8
v 1 0.7 -0.8
v 1 0.8 -0.8
v -0.9 -0.9 -0.9
v -0.9 -0.8 -0.9
v -0.9 -0.6 -0.9
v -0.9 -0.5 -0.9
v -0.9 -0.4 -0.9
v -0.9 -0.3 -0.9
v -0.9 -0.2 -0.9
v -0.9 -0.1 -0.9
v -0.9 0 -0.9
v -0.9 0.1 -0.9
v -0.9 0.2 -0.9
v -0.9 0.4 -0.9
v -0.9 0.5 -0.9
v -0.9 0.6 -0.9
v -0.9 0.7 -0.9
v -0.9 0.8 -0.9
v -0.9 0.9 -0.9
v -0.8 -0.9 -0.9
v -0.8 -0.8 -0.9
v -0.8 -0.7 -0.9
v -0.8 -0.6 -0.9
v -0.8 -0.5 -0.9
v -0.8 -0.4 -0.9
v -0.8 -0.3 -0.9
v -0.8 -0.2 -0.9
v -0.8 -0.1 -0.9
v -0.8 0 -0.9
v -0.8 0.2 -0.9
v -0.8 0.4 -0.9
v -0.8 0.5 -0.9
v -0.8 0.6 -0.9
v -0.8 0.7 -0.9
v -0.8 0.8 -0.9
v -0.8 0.9 -0.9
v -0.7 -0.9 -0.9
v -0.7 -0.8 -0.9
v -0.7 0.8 -0.9
v -0.7 0.9 -0.9
v -0.6 -0.9 -0.9
v -0.6 -0.8 -0.9
v -0.6 0.8 -0.9
v -0.6 0.9 -0.9
v -0.5 -0.9 -0.9
v -0.5 -0.8 -0.9
v -0.5 0.8 -0.9
v -0.5 0.9 -0.9
v -0.4 -0.9 -0.9
v -0.4 -0.8 -0.9
v -0.4 0.8 -0.9
v -0.4 0.9 -0.9
v -0.3 -0.9 -0.9
v -0.3 -0.8 -0.9
v -0.3 0.8 -0.9
v -0.3 0.9 -0.9
v -0.2 -0.9 -0.9
v -0.2 -0.8 -0.9
v -0.2 0.8 -0.9
v -0.2 0.9 -0.9
v -0.1 -0.9 -0.9
v -0.1 -0.8 -0.9
v -0.1 0.8 -0.9
v -0.1 0.9 -0.9
v 0 -0.9 -0.9
v 0 -0.8 -0.9
v 0 0.8 -0.9
v 0 0.9 -0.9
v 0.1 -0.9 -0.9
v 0.1 -0.8 -0.9
v 0.1 0.8 -0.9
v 0.1 0.9 -0.9
v 0.2 -0.9 -0.9
v 0.2 -0.8 -0.9
v 0.2 0.8 -0.9
v 0.3 -0.9 -0.9
v 0.3 -0.8 -0.9
v 0.3 0.8 -0.9
v 0.3 0.9 -0.9
v 0.4 -0.9 -0.9
v 0.4 -0.8 -0.9
v 0.4 0.8 -0.9
v 0.4 0.9 -0.9
v 0.5 -0.9 -0.9
v 0.5 -0.8 -0.9
v 0.5 0.8 -0.9
v 0.5 0.9 -0.9
v 0.6 -0.9 -0.9
v 0.6 -0.8 -0.9
v 0.6 0.8 -0.9
v 0.6 0.9 -0.9
v 0.7 -0.9 -0.9
v 0.7 -0.8 -0.9
v 0.7 0.8 -0.9
v 0.7 0.9 -0.9
v 0.8 -0.9 -0.9
v 0.8 -0.8 -0.9
v 0.8 -0.7 -0.9
v 0.8 -0.6 -0.9
v 0.8 -0.5 -0.9
v 0.8 -0.4 -0.9
v 0.8 -0.2 -0.9
v 0.8 -0.1 -0.9
v 0.8 0 -0.9
v 0.8 0.1 -0.9
v 0.8 0.2 -0.9
v 0.8 0.3 -0.9
v 0.8 0.4 -0.9
v 0.8 0.5 -0.9
v 0.8 0.6 -0.9
v 0.8 0.7 -0.9
v 0.8 0.8 -0.9
v 0.8 0.9 -0.9
v 0.9 -0.9 -0.9
v 0.9 -0.8 -0.9
v 0.9 -0.7 -0.9
v 0.9 -0.6 -0.9
v 0.9 -0.5 -0.9
v 0.9 -0.4 -0.9
v 0.9 -0.3 -0.9
v 0.9 -0.2 -0.9
v 0.9 -0.1 -0.9
v 0.9 0 -0.9
v 0.9 0.1 -0.9
v 0.9 0.2 -0.9
v 0.9 0.3 -0.9
v 0.9 0.4 -0.9
v 0.9 0.5 -0.9
v 0.9 0.6 -0.9
v 0.9 0.7 -0.9
v 0.9 0.8 -0.9
v 0.9 0.9 -0.9
v -1 -1 -1
v -1 -0.9 -1
v -1 -0.8 -1
v -1 -0.6 -1
v -1 -0.5 -1
v -1 -0.1 -1
v -1 0 -1
v -1 0.1 -1
v -1 0.2 -1
v -1 0.4 -1
v -1 0.5 -1
v -1 0.7 -1
v -1 0.8 -1
v -1 0.9 -1
v -1 1 -1
v -0.9 -1 -1
v -0.9 -0.9 -1
v -0.9 -0.8 -1
v -0.9 -0.6 -1
v -0.9 -0.5 -1
v -0.9 -0.1 -1
v -0.9 0 -1
v -0.9 0.1 -1
v -0.9 0.2 -1
v -0.9 0.4 -1
v -0.9 0.5 -1
v -0.9 0.7 -1
v -0.9 0.8 -1
v -0.9 0.9 -1
v -0.9 1 -1
v -0.8 -1 -1
v -0.8 -0.9 -1
v -0.8 -0.8 -1
v -0.8 -0.7 -1
v -0.8 -0.4 -1
v -0.8 -0.3 -1
v -0.8 -0.2 -1
v -0.8 -0.1 -1
v -0.8 0.2 -1
v -0.8 0.4 -1
v -0.8 0.5 -1
v -0.8 0.6 -1
v -0.8 0.8 -1
v -0.7 -0.7 -1
v -0.7 -0.5 -1
v -0.7 -0.4 -1
v -0.7 0.1 -1
v -0.7 0.2 -1
v -0.7 0.4 -1
v -0.7 0.6 -1
v -0.7 0.8 -1
v -0.7 0.9 -1
v -0.7 1 -1
v -0.6 -1 -1
v -0.6 -0.9 -1
v -0.6 -0.8 -1
v -0.6 -0.7 -1
v -0.6 -0.5 -1
v -0.6 -0.4 -1
v -0.6 -0.3 -1
v -0.6 -0.2 -1
v -0.6 -0.1 -1
v -0.6 0 -1
v -0.6 0.1 -1
v -0.6 0.2 -1
v -0.6 0.4 -1
v -0.6 0.5 -1
v -0.6 0.6 -1
v -0.6 0.7 -1
v -0.6 0.8 -1
v -0.6 0.9 -1
v -0.6 1 -1
v -0.5 -1 -1
v -0.5 -0.9 -1
v -0.5 -0.8 -1
v -0.5 -0.7 -1
v -0.5 -0.6 -1
v -0.5 -0.5 -1
v -0.5 -0.4 -1
v -0.5 -0.3 -1
v -0.5 -0.2 -1
v -0.5 -0.1 -1
v -0.5 0 -1
v -0.5 0.1 -1
v -0.5 0.3 -1
v -0.5 0.4 -1
v -0.5 0.6 -1
v -0.5 0.7 -1
v -0.5 0.8 -1
v -0.5 0.9 -1
v -0.5 1 -1
v -0.4 -1 -1
v -0.4 -0.9 -1
v -0.4 -0.8 -1
v -0.4 -0.7 -1
v -0.4 -0.6 -1
v -0.4 -0.5 -1
v -0.4 -0.4 -1
v -0.4 -0.3 -1
v -0.4 -0.1 -1
v -0.4 0 -1
v -0.4 0.1 -1
v -0.4 0.2 -1
v -0.4 0.3 -1
v -0.4 0.4 -1
v -0.4 0.5 -1
v -0.4 0.6 -1
v -0.4 0.7 -1
v -0.4 0.8 -1
v -0.4 0.9 -1
v -0.4 1 -1
v -0.3 -1 -1
v -0.3 -0.9 -1
v -0.3 -0.7 -1
v -0.3 -0.6 -1
v -0.3 -0.5 -1
v -0.3 -0.4 -1
v -0.3 -0.3 -1
v -0.3 -0.2 -1
v -0.3 -0.1 -1
v -0.3 0 -1
v -0.3 0.1 -1
v -0.3 0.2 -1
v -0.3 0.3 -1
v -0.3 0.4 -1
v -0.3 0.5 -1
v -0.3 0.6 -1
v -0.3 0.7 -1
v -0.3 0.8 -1
v -0.2 -1 -1
v -0.2 -0.9 -1
v -0.2 -0.7 -1
v -0.2 -0.6 -1
v -0.2 -0.5 -1
v -0.2 -0.4 -1
v -0.2 -0.3 -1
v -0.2 -0.2 -1
v -0.2 -0.1 -1
v -0.2 0 -1
v -0.2 0.1 -1
v -0.2 0.2 -1
v -0.2 0.3 -1
v -0.2 0.4 -1
v -0.2 0.6 -1
v -0.2 0.7 -1
v -0.2 0.8 -1
v -0.2 0.9 -1
v -0.2 1 -1
v -0.1 -0.6 -1
v -0.1 -0.5 -1
v -0.1 -0.3 -1
v -0.1 -0.2 -1
v -0.1 -0.1 -1
v -0.1 0 -1
v -0.1 0.1 -1
v -0.1 0.2 -1
v -0.1 0.3 -1
v -0.1 0.4 -1
v -0.1 0.5 -1
v -0.1 0.6 -1
v -0.1 0.7 -1
v -0.1 0.8 -1
v 0 -1 -1
v 0 -0.9 -1
v 0 -0.8 -1
v 0 -0.7 -1
v 0 -0.6 -1
v 0 -0.5 -1
v 0 -0.4 -1
v 0 -0.3 -1
v 0 -0.2 -1
v 0 -0.1 -1
v 0 0 -1
v 0 0.1 -1
v 0 0.2 -1
v 0 0.4 -1
v 0 0.5 -1
v 0 0.6 -1
v 0 0.7 -1
v 0 0.8 -1
v 0 0.9 -1
v 0 1 -1
v 0.1 -1 -1
v 0.1 -0.9 -1
v 0.1 -0.8 -1
v 0.1 -0.7 -1
v 0.1 -0.6 -1
v 0.1 -0.5 -1
v 0.1 -0.4 -1
v 0.1 -0.3 -1
v 0.1 -0.2 -1
v 0.1 -0.1 -1
v 0.1 0 -1
v 0.1 0.1 -1
v 0.1 0.2 -1
v 0.1 0.3 -1
v 0.1 0.4 -1
v 0.1 0.5 -1
v 0.1 0.7 -1
v 0.1 0.8 -1
v 0.1 0.9 -1
v 0.1 1 -1
v 0.2 -0.8 -1
v 0.2 -0.7 -1
v 0.2 -0.6 -1
v 0.2 -0.5 -1
v 0.2 -0.4 -1
v 0.2 -0.3 -1
v 0.2 -0.2 -1
v 0.2 -0.1 -1
v 0.2 0 -1
v 0.2 0.1 -1
v 0.2 0.3 -1
v 0.2 0.4 -1
v 0.2 0.5 -1
v 0.2 0.6 -1
v 0.2 0.7 -1
v 0.2 0.8 -1
v 0.3 -1 -1
v 0.3 -0.9 -1
v 0.3 -0.7 -1
v 0.3 -0.6 -1
v 0.3 -0.4 -1
v 0.3 -0.3 -1
v 0.3 -0.2 -1
v 0.3 -0.1 -1
v 0.3 0 -1
v 0.3 0.1 -1
v 0.3 0.2 -1
v 0.3 0.3 -1
v 0.3 0.4 -1
v 0.3 0.7 -1
v 0.3 0.8 -1
v 0.3 0.9 -1
v 0.3 1 -1
v 0.4 -1 -1
v 0.4 -0.9 -1
v 0.4 -0.8 -1
v 0.4 -0.7 -1
v 0.4 -0.6 -1
v 0.4 -0.4 -1
v 0.4 -0.3 -1
v 0.4 -0.2 -1
v 0.4 -0.1 -1
v 0.4 0 -1
v 0.4 0.1 -1
v 0.4 0.2 -1
v 0.4 0.3 -1
v 0.4 0.4 -1
v 0.4 0.5 -1
v 0.4 0.6 -1
v 0.4 0.7 -1
v 0.4 0.8 -1
v 0.4 0.9 -1
v 0.4 1 -1
v 0.5 -1 -1
v 0.5 -0.9 -1
v 0.5 -0.8 -1
v 0.5 -0.7 -1
v 0.5 -0.6 -1
v 0.5 -0.4 -1
v 0.5 -0.3 -1
v 0.5 -0.2 -1
v 0.5 0 -1
v 0.5 0.1 -1
v 0.5 0.2 -1
v 0.5 0.3 -1
v 0.5 0.4 -1
v 0.5 0.5 -1
v 0.5 0.6 -1
v 0.5 0.7 -1
v 0.5 0.8 -1
v 0.5 0.9 -1
v 0.5 1 -1
v 0.6 -1 -1
v 0.6 -0.9 -1
v 0.6 -0.8 -1
v 0.6 -0.7 -1
v 0.6 -0.6 -1
v 0.6 -0.4 -1
v 0.6 -0.3 -1
v 0.6 0 -1
v 0.6 0.1 -1
v 0.6 0.2 -1
v 0.6 0.3 -1
v 0.6 0.4 -1
v 0.6 0.5 -1
v 0.6 0.6 -1
v 0.6 0.7 -1
v 0.6 0.8 -1
v 0.6 0.9 -1
v 0.6 1 -1
v 0.7 -0.8 -1
v 0.7 -0.7 -1
v 0.7 -0.6 -1
v 0.7 -0.5 -1
v 0.7 -0.4 -1
v 0.7 -0.3 -1
v 0.7 -0.2 -1
v 0.7 -0.1 -1
v 0.7 0 -1
v 0.7 0.1 -1
v 0.7 0.2 -1
v 0.7 0.3 -1
v 0.7 0.4 -1
v 0.7 0.5 -1
v 0.7 0.6 -1
v 0.7 0.7 -1
v 0.7 0.9 -1
v 0.7 1 -1
v 0.8 -1 -1
v 0.8 -0.9 -1
v 0.8 -0.8 -1
v 0.8 -0.7 -1
v 0.8 -0.5 -1
v 0.8 -0.4 -1
v 0.8 -0.2 -1
v 0.8 -0.1 -1
v 0.8 0.1 -1
v 0.8 0.2 -1
v 0.8 0.3 -1
v 0.8 0.4 -1
v 0.8 0.5 -1
v 0.8 0.6 -1
v 0.8 0.7 -1
v 0.8 0.8 -1
v 0.8 0.9 -1
v 0.8 1 -1
v 0.9 -1 -1
v 0.9 -0.9 -1
v 0.9 -0.8 -1
v 0.9 -0.7 -1
v 0.9 -0.6 -1
v 0.9 -0.4 -1
v 0.9 -0.3 -1
v 0.9 -0.2 -1
v 0.9 -0.1 -1
v 0.9 0 -1
v 0.9 0.2 -1
v 0.9 0.3 -1
v 0.9 0.4 -1
v 0.9 0.6 -1
v 0.9 0.7 -1
v 0.9 0.8 -1
v 0.9 0.9 -1
v 0.9 1 -1
v 1 -1 -1
v 1 -0.8 -1
v 1 -0.7 -1
v 1 -0.6 -1
v 1 -0.4 -1
v 1 -0.3 -1
v 1 -0.2 -1
v 1 -0.1 -1
v 1 0 -1
v 1 0.2 -1
v 1 0.3 -1
v 1 0.4 -1
v 1 0.6 -1
v 1 0.7 -1
v 1 0.8 -1
v 1 0.9 -1
v 1 1 -1
v -1 -1 1
v -0.9 -1 1
v -0.8 -1 1
v -0.7 -1 1
v -0.5 -1 1
v -0.2 -1 1
v 0 -1 1
v 0.2 -1 1
v 0.3 -1 1
v 0.7 -1 1
v 0.9 -1 1
v 1 -1 1
v -1 -1 0.9
v -0.9 -1 0.9
v -0.8 -1 0.9
v -0.7 -1 0.9
v -0.5 -1 0.9
v -0.2 -1 0.9
v 0 -1 0.9
v 0.2 -1 0.9
v 0.3 -1 0.9
v 0.7 -1 0.9
v 0.9 -1 0.9
v 1 -1 0.9
v -0.8 -1 0.8
v -0.7 -1 0.8
v -0.5 -1 0.8
v -0.4 -1 0.8
v -0.1 -1 0.8
v 0 -1 0.8
v 0.1 -1 0.8
v 0.2 -1 0.8
v 0.3 -1 0.8
v 0.4 -1 0.8
v 0.5 -1 0.8
v 0.6 -1 0.8
v 0.8 -1 0.8
v 0.9 -1 0.8
v 1 -1 0.8
v -0.7 -1 0.7
v -0.6 -1 0.7
v -0.5 -1 0.7
v -0.4 -1 0.7
v -0.3 -1 0.7
v -0.2 -1 0.7
v -0.1 -1 0.7
v 0 -1 0.7
v 0.1 -1 0.7
v 0.2 -1 0.7
v 0.3 -1 0.7
v 0.4 -1 0.7
v 0.5 -1 0.7
v 0.6 -1 0.7
v 0.7 -1 0.7
v -1 -1 0.6
v -0.9 -1 0.6
v -0.8 -1 0.6
v -0.7 -1 0.6
v -0.6 -1 0.6
v -0.5 -1 0.6
v -0.4 -1 0.6
v -0.3 -1 0.6
v -0.2 -1 0.6
v -0.1 -1 0.6
v 0 -1 0.6
v 0.1 -1 0.6
v 0.2 -1 0.6
v 0.3 -1 0.6
v 0.4 -1 0.6
v 0.5 -1 0.6
v 0.6 -1 0.6
v 0.7 -1 0.6
v 0.8 -1 0.6
v -1 -1 0.5
v -0.9 -1 0.5
v -0.8 -1 0.5
v -0.7 -1 0.5
v -0.6 -1 0.5
v -0.5 -1 0.5
v -0.4 -1 0.5
v -0.3 -1 0.5
v -0.2 -1 0.5
v -0.1 -1 0.5
v 0 -1 0.5
v 0.3 -1 0.5
v 0.4 -1 0.5
v 0.5 -1 0.5
v 0.6 -1 0.5
v 0.7 -1 0.5
v 0.8 -1 0.5
v 0.9 -1 0.5
v 1 -1 0.5
v -1 -1 0.4
v -0.9 -1 0.4
v -0.8 -1 0.4
v -0.7 -1 0.4
v -0.6 -1 0.4
v -0.5 -1 0.4
v -0.4 -1 0.4
v -0.3 -1 0.4
v -0.2 -1 0.4
v -0.1 -1 0.4
v 0 -1 0.4
v 0.1 -1 0.4
v 0.2 -1 0.4
v 0.3 -1 0.4
v 0.4 -1 0.4
v 0.5 -1 0.4
v 0.6 -1 0.4
v 0.7 -1 0.4
v 0.8 -1 0.4
v 0.9 -1 0.4
v 1 -1 0.4
v -1 -1 0.3
v -0.9 -1 0.3
v -0.8 -1 0.3
v -0.7 -1 0.3
v -0.6 -1 0.3
v -0.5 -1 0.3
v -0.4 -1 0.3
v -0.3 -1 0.3
v -0.2 -1 0.3
v -0.1 -1 0.3
v 0.1 -1 0.3
v 0.2 -1 0.3
v 0.5 -1 0.3
v 0.6 -1 0.3
v 0.7 -1 0.3
v 0.8 -1 0.3
v 0.9 -1 0.3
v 1 -1 0.3
v -1 -1 0.2
v -0.9 -1 0.2
v -0.8 -1 0.2
v -0.7 -1 0.2
v -0.6 -1 0.2
v -0.5 -1 0.2
v -0.4 -1 0.2
v -0.3 -1 0.2
v -0.2 -1 0.2
v -0.1 -1 0.2
v 0 -1 0.2
v 0.1 -1 0.2
v 0.2 -1 0.2
v 0.3 -1 0.2
v 0.4 -1 0.2
v 0.5 -1 0.2
v 0.6 -1 0.2
v 0.7 -1 0.2
v 0.8 -1 0.2
v -1 -1 0.1
v -0.9 -1 0.1
v -0.8 -1 0.1
v -0.7 -1 0.1
v -0.6 -1 0.1
v -0.5 -1 0.1
v -0.4 -1 0.1
v -0.3 -1 0.1
v -0.2 -1 0.1
v -0.1 -1 0.1
v 0 -1 0.1
v 0.1 -1 0.1
v 0.2 -1 0.1
v 0.3 -1 0.1
v 0.4 -1 0.1
v 0.5 -1 0.1
v 0.6 -1 0.1
v 0.7 -1 0.1
v 0.8 -1 0.1
v 0.9 -1 0.1
v 1 -1 0.1
v -0.8 -1 0
v -0.7 -1 0
v -0.6 -1 0
v -0.5 -1 0
v -0.4 -1 0
v -0.2 -1 0
v -0.1 -1 0
v 0 -1 0
v 0.1 -1 0
v 0.2 -1 0
v 0.3 -1 0
v 0.4 -1 0
v 0.5 -1 0
v 0.6 -1 0
v 0.7 -1 0
v 0.8 -1 0
v -0.6 -1 -0.1
v -0.5 -1 -0.1
v -0.4 -1 -0.1
v -0.2 -1 -0.1
v -0.1 -1 -0.1
v 0 -1 -0.1
v 0.1 -1 -0.1
v 0.2 -1 -0.1
v 0.3 -1 -0.1
v 0.4 -1 -0.1
v 0.5 -1 -0.1
v 0.6 -1 -0.1
v 0.7 -1 -0.1
v 0.8 -1 -0.1
v 0.9 -1 -0.1
v 1 -1 -0.1
v -1 -1 -0.2
v -0.9 -1 -0.2
v -0.8 -1 -0.2
v -0.7 -1 -0.2
v -0.5 -1 -0.2
v -0.4 -1 -0.2
v -0.2 -1 -0.2
v -0.1 -1 -0.2
v 0.1 -1 -0.2
v 0.2 -1 -0.2
v 0.3 -1 -0.2
v 0.5 -1 -0.2
v 0.6 -1 -0.2
v 0.7 -1 -0.2
v 0.8 -1 -0.2
v -0.8 -1 -0.3
v -0.5 -1 -0.3
v -0.4 -1 -0.3
v -0.3 -1 -0.3
v -0.2 -1 -0.3
v -0.1 -1 -0.3
v 0 -1 -0.3
v 0.1 -1 -0.3
v 0.2 -1 -0.3
v 0.3 -1 -0.3
v 0.4 -1 -0.3
v 0.5 -1 -0.3
v 0.6 -1 -0.3
v 0.8 -1 -0.3
v -0.7 -1 -0.4
v -0.5 -1 -0.4
v -0.4 -1 -0.4
v -0.3 -1 -0.4
v -0.2 -1 -0.4
v -0.1 -1 -0.4
v 0 -1 -0.4
v 0.1 -1 -0.4
v 0.2 -1 -0.4
v 0.3 -1 -0.4
v 0.4 -1 -0.4
v 0.5 -1 -0.4
v 0.6 -1 -0.4
v 0.7 -1 -0.4
v 0.8 -1 -0.4
v -1 -1 -0.5
v -0.9 -1 -0.5
v -0.7 -1 -0.5
v -0.5 -1 -0.5
v -0.3 -1 -0.5
v -0.2 -1 -0.5
v -0.1 -1 -0.5
v 0 -1 -0.5
v 0.1 -1 -0.5
v 0.2 -1 -0.5
v 0.3 -1 -0.5
v 0.4 -1 -0.5
v 0.9 -1 -0.5
v 1 -1 -0.5
v -1 -1 -0.6
v -0.9 -1 -0.6
v -0.8 -1 -0.6
v -0.7 -1 -0.6
v -0.6 -1 -0.6
v -0.5 -1 -0.6
v -0.4 -1 -0.6
v -0.3 -1 -0.6
v -0.2 -1 -0.6
v -0.1 -1 -0.6
v 0 -1 -0.6
v 0.1 -1 -0.6
v 0.2 -1 -0.6
v 0.3 -1 -0.6
v 0.4 -1 -0.6
v 0.6 -1 -0.6
v 0.7 -1 -0.6
v 0.8 -1 -0.6
v 0.9 -1 -0.6
v 1 -1 -0.6
v -1 -1 -0.7
v -0.9 -1 -0.7
v -0.8 -1 -0.7
v -0.7 -1 -0.7
v -0.6 -1 -0.7
v -0.5 -1 -0.7
v -0.4 -1 -0.7
v -0.2 -1 -0.7
v -0.1 -1 -0.7
v 0 -1 -0.7
v 0.1 -1 -0.7
v 0.2 -1 -0.7
v 0.3 -1 -0.7
v 0.4 -1 -0.7
v 0.5 -1 -0.7
v 0.6 -1 -0.7
v 0.7 -1 -0.7
v 0.8 -1 -0.7
v 0.9 -1 -0.7
v 1 -1 -0.7
v -1 -1 -0.8
v -0.9 -1 -0.8
v -0.8 -1 -0.8
v -0.7 -1 -0.8
v -0.6 -1 -0.8
v -0.5 -1 -0.8
v -0.1 -1 -0.8
v 0.1 -1 -0.8
v 0.2 -1 -0.8
v 0.4 -1 -0.8
v 0.5 -1 -0.8
v 0.7 -1 -0.8
v 0.8 -1 -0.8
v 0.9 -1 -0.8
v 1 -1 -0.8
v -1 -1 -0.9
v -0.9 -1 -0.9
v -0.8 -1 -0.9
v -0.6 -1 -0.9
v -0.5 -1 -0.9
v -0.4 -1 -0.9
v -0.3 -1 -0.9
v -0.2 -1 -0.9
v 0 -1 -0.9
v 0.1 -1 -0.9
v 0.3 -1 -0.9
v 0.4 -1 -0.9
v 0.5 -1 -0.9
v 0.6 -1 -0.9
v 0.8 -1 -0.9
v 0.9 -1 -0.9
v 1 -1 -0.9
v -1 -1 -1
v -0.9 -1 -1
v -0.8 -1 -1
v -0.6 -1 -1
v -0.5 -1 -1
v -0.4 -1 -1
v -0.3 -1 -1
v -0.2 -1 -1
v 0 -1 -1
v 0.1 -1 -1
v 0.3 -1 -1
v 0.4 -1 -1
v 0.5 -1 -1
v 0.6 -1 -1
v 0.8 -1 -1
v 0.9 -1 -1
v 1 -1 -1
v -0.9 -0.9 0.9
v -0.8 -0.9 0.9
v -0.7 -0.9 0.9
v -0.6 -0.9 0.9
v -0.5 -0.9 0.9
v -0.4 -0.9 0.9
v -0.3 -0.9 0.9
v -0.2 -0.9 0.9
v -0.1 -0.9 0.9
v 0 -0.9 0.9
v 0.2 -0.9 0.9
v 0.3 -0.9 0.9
v 0.4 -0.9 0.9
v 0.5 -0.9 0.9
v 0.6 -0.9 0.9
v 0.7 -0.9 0.9
v 0.8 -0.9 0.9
v 0.9 -0.9 0.9
v -0.9 -0.9 0.8
v -0.8 -0.9 0.8
v -0.7 -0.9 0.8
v -0.6 -0.9 0.8
v -0.5 -0.9 0.8
v -0.4 -0.9 0.8
v -0.3 -0.9 0.8
v -0.2 -0.9 0.8
v -0.1 -0.9 0.8
v 0 -0.9 0.8
v 0.1 -0.9 0.8
v 0.2 -0.9 0.8
v 0.3 -0.9 0.8
v 0.4 -0.9 0.8
v 0.5 -0.9 0.8
v 0.6 -0.9 0.8
v 0.7 -0.9 0.8
v 0.8 -0.9 0.8
v 0.9 -0.9 0.8
v -0.9 -0.9 0.7
v -0.8 -0.9 0.7
v 0.8 -0.9 0.7
v 0.9 -0.9 0.7
v -0.9 -0.9 0.6
v -0.8 -0.9 0.6
v 0.8 -0.9 0.6
v -0.9 -0.9 0.5
v -0.8 -0.9 0.5
v 0.8 -0.9 0.5
v 0.9 -0.9 0.5
v -0.9 -0.9 0.4
v -0.8 -0.9 0.4
v 0.8 -0.9 0.4
v 0.9 -0.9 0.4
v -0.9 -0.9 0.3
v -0.8 -0.9 0.3
v 0.8 -0.9 0.3
v 0.9 -0.9 0.3
v -0.9 -0.9 0.2
v -0.8 -0.9 0.2
v 0.8 -0.9 0.2
v 0.9 -0.9 0.2
v -0.9 -0.9 0.1
v -0.8 -0.9 0.1
v 0.8 -0.9 0.1
v 0.9 -0.9 0.1
v -0.9 -0.9 0
v -0.8 -0.9 0
v 0.8 -0.9 0
v 0.8 -0.9 -0.1
v 0.9 -0.9 -0.1
v -0.9 -0.9 -0.2
v -0.8 -0.9 -0.2
v 0.8 -0.9 -0.2
v -0.9 -0.9 -0.3
v -0.8 -0.9 -0.3
v 0.8 -0.9 -0.3
v 0.9 -0.9 -0.3
v -0.9 -0.9 -0.4
v -0.8 -0.9 -0.4
v 0.8 -0.9 -0.4
v -0.9 -0.9 -0.5
v -0.8 -0.9 -0.5
v 0.8 -0.9 -0.5
v 0.9 -0.9 -0.5
v -0.9 -0.9 -0.6
v -0.8 -0.9 -0.6
v 0.8 -0.9 -0.6
v 0.9 -0.9 -0.6
v -0.9 -0.9 -0.7
v -0.8 -0.9 -0.7
v 0.8 -0.9 -0.7
v 0.9 -0.9 -0.7
v -0.9 -0.9 -0.8
v -0.8 -0.9 -0.8
v -0.7 -0.9 -0.8
v -0.6 -0.9 -0.8
v -0.5 -0.9 -0.8
v -0.3 -0.9 -0.8
v -0.2 -0.9 -0.8
v -0.1 -0.9 -0.8
v 0 -0.9 -0.8
v 0.1 -0.9 -0.8
v 0.2 -0.9 -0.8
v 0.3 -0.9 -0.8
v 0.4 -0.9 -0.8
v 0.5 -0.9 -0.8
v 0.6 -0.9 -0.8
v 0.7 -0.9 -0.8
v 0.8 -0.9 -0.8
v 0.9 -0.9 -0.8
v -0.9 -0.9 -0.9
v -0.8 -0.9 -0.9
v -0.7 -0.9 -0.9
v -0.6 -0.9 -0.9
v -0.5 -0.9 -0.9
v -0.4 -0.9 -0.9
v -0.3 -0.9 -0.9
v -0.2 -0.9 -0.9
v -0.1 -0.9 -0.9
v 0 -0.9 -0.9
v 0.1 -0.9 -0.9
v 0.2 -0.9 -0.9
v 0.3 -0.9 -0.9
v 0.4 -0.9 -0.9
v 0.5 -0.9 -0.9
v 0.6 -0.9 -0.9
v 0.7 -0.9 -0.9
v 0.8 -0.9 -0.9
v 0.9 -0.9 -0.9
v -0.8 -0.8 1
v -0.6 -0.8 1
v -0.5 -0.8 1
v -0.4 -0.8 1
v -0.3 -0.8 1
v -0.2 -0.8 1
v -0.1 -0.8 1
v 0 -0.8 1
v 0.1 -0.8 1
v 0.2 -0.8 1
v 0.3 -0.8 1
v 0.4 -0.8 1
v 0.5 -0.8 1
v 0.7 -0.8 1
v 0.8 -0.8 1
v -0.8 -0.8 0.9
v -0.6 -0.8 0.9
v -0.5 -0.8 0.9
v -0.4 -0.8 0.9
v -0.3 -0.8 0.9
v -0.2 -0.8 0.9
v -0.1 -0.8 0.9
v 0 -0.8 0.9
v 0.1 -0.8 0.9
v 0.2 -0.8 0.9
v 0.3 -0.8 0.9
v 0.4 -0.8 0.9
v 0.5 -0.8 0.9
v 0.6 -0.8 0.9
v 0.7 -0.8 0.9
v 0.8 -0.8 0.9
v -1 -0.8 0.8
v -0.9 -0.8 0.8
v 0.9 -0.8 0.8
v 1 -0.8 0.8
v -1 -0.8 0.7
v -0.9 -0.8 0.7
v 0.9 -0.8 0.7
v 1 -0.8 0.7
v -0.9 -0.8 0.6
v 0.9 -0.8 0.6
v 1 -0.8 0.6
v -0.9 -0.8 0.5
v -0.7 -0.8 0.5
v -0.6 -0.8 0.5
v -0.2 -0.8 0.5
v -0.1 -0.8 0.5
v 0.9 -0.8 0.5
v 1 -0.8 0.5
v -0.7 -0.8 0.4
v -0.6 -0.8 0.4
v -0.2 -0.8 0.4
v -0.1 -0.8 0.4
v 0.9 -0.8 0.4
v 0.9 -0.8 0.3
v 1 -0.8 0.3
v -1 -0.8 0.2
v -0.9 -0.8 0.2
v 0.9 -0.8 0.2
v 1 -0.8 0.2
v -1 -0.8 0.1
v -0.9 -0.8 0.1
v 0.9 -0.8 0.1
v 1 -0.8 0.1
v -1 -0.8 0
v -0.9 -0.8 0
v 0.9 -0.8 0
v 1 -0.8 0
v -1 -0.8 -0.1
v -0.9 -0.8 -0.1
v 0.9 -0.8 -0.1
v 1 -0.8 -0.1
v -0.9 -0.8 -0.2
v 0.9 -0.8 -0.2
v 1 -0.8 -0.2
v -1 -0.8 -0.3
v -0.9 -0.8 -0.3
v 0.9 -0.8 -0.3
v 1 -0.8 -0.3
v -1 -0.8 -0.4
v -0.9 -0.8 -0.4
v -1 -0.8 -0.5
v -0.9 -0.8 -0.5
v 0.2 -0.8 -0.5
v 0.3 -0.8 -0.5
v 0.9 -0.8 -0.5
v 0.2 -0.8 -0.6
v 0.3 -0.8 -0.6
v 0.9 -0.8 -0.6
v 0.9 -0.8 -0.7
v 1 -0.8 -0.7
v -1 -0.8 -0.8
v -0.9 -0.8 -0.8
v 0.9 -0.8 -0.8
v 1 -0.8 -0.8
v -0.8 -0.8 -0.9
v -0.7 -0.8 -0.9
v -0.6 -0.8 -0.9
v -0.5 -0.8 -0.9
v -0.4 -0.8 -0.9
v -0.3 -0.8 -0.9
v -0.2 -0.8 -0.9
v -0.1 -0.8 -0.9
v 0 -0.8 -0.9
v 0.1 -0.8 -0.9
v 0.2 -0.8 -0.9
v 0.3 -0.8 -0.9
v 0.4 -0.8 -0.9
v 0.5 -0.8 -0.9
v 0.6 -0.8 -0.9
v 0.7 -0.8 -0.9
v 0.8 -0.8 -0.9
v -0.8 -0.8 -1
v -0.6 -0.8 -1
v -0.5 -0.8 -1
v -0.4 -0.8 -1
v 0 -0.8 -1
v 0.1 -0.8 -1
v 0.2 -0.8 -1
v 0.4 -0.8 -1
v 0.5 -0.8 -1
v 0.6 -0.8 -1
v 0.7 -0.8 -1
v 0.8 -0.8 -1
v 0.6 -0.2 0.1
v 0.7 -0.2 0.1
v 0.6 -0.2 0
v 0.7 -0.2 0
v 0.6 -0.1 0.2
v 0.7 -0.1 0.2
v 0.6 -0.1 0.1
v 0.7 -0.1 0.1
v 0.6 -0.1 0
v 0.7 -0.1 0
v 0.6 -0.1 -0.1
v 0.7 -0.1 -0.1
v 0.6 -0.1 -0.5
v 0.7 -0.1 -0.5
v 0.6 -0.1 -0.6
v 0.7 -0.1 -0.6
v 0.6 0.2 -0.3
v 0.7 0.2 -0.3
v 0.6 0.2 -0.4
v 0.7 0.2 -0.4
v 0.5 0.5 0.1
v 0.6 0.5 0.1
v 0.7 0.5 0.1
v 0.8 0.5 0.1
v 0.5 0.5 0
v 0.6 0.5 0
v 0.7 0.5 0
v 0.8 0.5 0
v 0.5 0.5 -0.4
v 0.6 0.5 -0.4
v 0.7 0.5 -0.4
v 0.8 0.5 -0.4
v 0.5 0.5 -0.5
v 0.6 0.5 -0.5
v 0.7 0.5 -0.5
v 0.8 0.5 -0.5
v -0.9 0.9 1
v -0.8 0.9 1
v -0.7 0.9 1
v -0.1 0.9 1
v 0 0.9 1
v 0.2 0.9 1
v 0.3 0.9 1
v 0.4 0.9 1
v 0.6 0.9 1
v 0.8 0.9 1
v 0.9 0.9 1
v -1 0.9 0.9
v -0.9 0.9 0.9
v -0.8 0.9 0.9
v -0.7 0.9 0.9
v -0.6 0.9 0.9
v -0.5 0.9 0.9
v -0.4 0.9 0.9
v -0.3 0.9 0.9
v -0.1 0.9 0.9
v 0 0.9 0.9
v 0.1 0.9 0.9
v 0.2 0.9 0.9
v 0.3 0.9 0.9
v 0.4 0.9 0.9
v 0.5 0.9 0.9
v 0.6 0.9 0.9
v 0.7 0.9 0.9
v 0.8 0.9 0.9
v 0.9 0.9 0.9
v 1 0.9 0.9
v -1 0.9 0.8
v -0.9 0.9 0.8
v -1 0.9 0.7
v -0.9 0.9 0.7
v 0.9 0.9 0.7
v 1 0.9 0.7
v -1 0.9 0.6
v -0.9 0.9 0.6
v 0.9 0.9 0.6
v 1 0.9 0.6
v -0.9 0.9 0.5
v 0.9 0.9 0.5
v -1 0.9 0.4
v -0.9 0.9 0.4
v 0.9 0.9 0.4
v 1 0.9 0.4
v -1 0.9 0.3
v -0.9 0.9 0.3
v 0.9 0.9 0.3
v 1 0.9 0.3
v -0.9 0.9 0.2
v -1 0.9 0.1
v -0.9 0.9 0.1
v 0.9 0.9 0.1
v 1 0.9 0.1
v -1 0.9 0
v -0.9 0.9 0
v 0.9 0.9 0
v 1 0.9 0
v -1 0.9 -0.1
v -0.9 0.9 -0.1
v -1 0.9 -0.2
v -0.9 0.9 -0.2
v 0.9 0.9 -0.2
v 1 0.9 -0.2
v -0.9 0.9 -0.3
v 0.9 0.9 -0.4
v 1 0.9 -0.4
v 0.9 0.9 -0.5
v 1 0.9 -0.5
v -1 0.9 -0.6
v -0.9 0.9 -0.6
v 0.9 0.9 -0.6
v 1 0.9 -0.6
v -0.9 0.9 -0.7
v 0.9 0.9 -0.7
v -1 0.9 -0.8
v -0.9 0.9 -0.8
v 0.9 0.9 -0.8
v 1 0.9 -0.8
v -1 0.9 -0.9
v -0.9 0.9 -0.9
v -0.8 0.9 -0.9
v -0.7 0.9 -0.9
v -0.6 0.9 -0.9
v -0.5 0.9 -0.9
v -0.4 0.9 -0.9
v -0.3 0.9 -0.9
v -0.2 0.9 -0.9
v -0.1 0.9 -0.9
v 0 0.9 -0.9
v 0.1 0.9 -0.9
v 0.3 0.9 -0.9
v 0.4 0.9 -0.9
v 0.5 0.9 -0.9
v 0.6 0.9 -0.9
v 0.7 0.9 -0.9
v 0.8 0.9 -0.9
v 0.9 0.9 -0.9
v 1 0.9 -0.9
v -0.9 0.9 -1
v -0.7 0.9 -1
v -0.6 0.9 -1
v -0.5 0.9 -1
v -0.4 0.9 -1
v -0.2 0.9 -1
v 0 0.9 -1
v 0.1 0.9 -1
v 0.3 0.9 -1
v 0.4 0.9 -1
v 0.5 0.9 -1
v 0.6 0.9 -1
v 0.7 0.9 -1
v 0.8 0.9 -1
v 0.9 0.9 -1
v -0.9 -0.9 1
v -0.8 -0.9 1
v -0.7 -0.9 1
v -0.5 -0.9 1
v -0.2 -0.9 1
v 0 -0.9 1
v 0.2 -0.9 1
v 0.3 -0.9 1
v 0.7 -0.9 1
v 0.9 -0.9 1
v -1 -0.9 0.9
v -0.9 -0.9 0.9
v -0.8 -0.9 0.9
v -0.7 -0.9 0.9
v -0.6 -0.9 0.9
v -0.5 -0.9 0.9
v -0.4 -0.9 0.9
v -0.3 -0.9 0.9
v -0.2 -0.9 0.9
v -0.1 -0.9 0.9
v 0 -0.9 0.9
v 0.2 -0.9 0.9
v 0.3 -0.9 0.9
v 0.4 -0.9 0.9
v 0.5 -0.9 0.9
v 0.6 -0.9 0.9
v 0.7 -0.9 0.9
v 0.8 -0.9 0.9
v 0.9 -0.9 0.9
v 1 -0.9 0.9
v -0.9 -0.9 0.8
v -0.8 -0.9 0.8
v -0.7 -0.9 0.8
v -0.6 -0.9 0.8
v -0.5 -0.9 0.8
v -0.4 -0.9 0.8
v -0.3 -0.9 0.8
v -0.2 -0.9 0.8
v -0.1 -0.9 0.8
v 0 -0.9 0.8
v 0.1 -0.9 0.8
v 0.2 -0.9 0.8
v 0.3 -0.9 0.8
v 0.6 -0.9 0.8
v 0.7 -0.9 0.8
v 0.8 -0.9 0.8
v 0.9 -0.9 0.8
v 1 -0.9 0.8
v -0.9 -0.9 0.7
v -0.8 -0.9 0.7
v -0.7 -0.9 0.7
v -0.6 -0.9 0.7
v -0.5 -0.9 0.7
v -0.4 -0.9 0.7
v -0.3 -0.9 0.7
v -0.2 -0.9 0.7
v -0.1 -0.9 0.7
v 0 -0.9 0.7
v 0.1 -0.9 0.7
v 0.2 -0.9 0.7
v 0.3 -0.9 0.7
v 0.6 -0.9 0.7
v 0.7 -0.9 0.7
v 0.8 -0.9 0.7
v 0.9 -0.9 0.7
v -1 -0.9 0.6
v -0.9 -0.9 0.6
v -0.8 -0.9 0.6
v -0.7 -0.9 0.6
v -0.6 -0.9 0.6
v -0.5 -0.9 0.6
v -0.4 -0.9 0.6
v -0.3 -0.9 0.6
v -0.2 -0.9 0.6
v -0.1 -0.9 0.6
v 0 -0.9 0.6
v 0.1 -0.9 0.6
v 0.7 -0.9 0.6
v 0.8 -0.9 0.6
v -1 -0.9 0.5
v -0.9 -0.9 0.5
v -0.8 -0.9 0.5
v -0.7 -0.9 0.5
v -0.6 -0.9 0.5
v -0.5 -0.9 0.5
v -0.4 -0.9 0.5
v -0.2 -0.9 0.5
v -0.1 -0.9 0.5
v 0 -0.9 0.5
v 0.7 -0.9 0.5
v 0.8 -0.9 0.5
v 0.9 -0.9 0.5
v 1 -0.9 0.5
v -1 -0.9 0.4
v -0.9 -0.9 0.4
v -0.8 -0.9 0.4
v -0.7 -0.9 0.4
v -0.6 -0.9 0.4
v -0.5 -0.9 0.4
v -0.4 -0.9 0.4
v -0.3 -0.9 0.4
v -0.2 -0.9 0.4
v -0.1 -0.9 0.4
v 0 -0.9 0.4
v 0.1 -0.9 0.4
v 0.2 -0.9 0.4
v 0.3 -0.9 0.4
v 0.6 -0.9 0.4
v 0.7 -0.9 0.4
v 0.8 -0.9 0.4
v 0.9 -0.9 0.4
v 1 -0.9 0.4
v -1 -0.9 0.3
v -0.9 -0.9 0.3
v -0.8 -0.9 0.3
v -0.7 -0.9 0.3
v -0.6 -0.9 0.3
v -0.5 -0.9 0.3
v -0.4 -0.9 0.3
v -0.3 -0.9 0.3
v -0.2 -0.9 0.3
v -0.1 -0.9 0.3
v 0 -0.9 0.3
v 0.1 -0.9 0.3
v 0.2 -0.9 0.3
v 0.3 -0.9 0.3
v 0.5 -0.9 0.3
v 0.6 -0.9 0.3
v 0.7 -0.9 0.3
v 0.8 -0.9 0.3
v 0.9 -0.9 0.3
v 1 -0.9 0.3
v -1 -0.9 0.2
v -0.9 -0.9 0.2
v -0.8 -0.9 0.2
v -0.7 -0.9 0.2
v -0.6 -0.9 0.2
v -0.5 -0.9 0.2
v -0.4 -0.9 0.2
v -0.3 -0.9 0.2
v -0.2 -0.9 0.2
v -0.1 -0.9 0.2
v 0 -0.9 0.2
v 0.1 -0.9 0.2
v 0.2 -0.9 0.2
v 0.3 -0.9 0.2
v 0.4 -0.9 0.2
v 0.5 -0.9 0.2
v 0.6 -0.9 0.2
v 0.7 -0.9 0.2
v 0.8 -0.9 0.2
v 0.9 -0.9 0.2
v -1 -0.9 0.1
v -0.9 -0.9 0.1
v -0.8 -0.9 0.1
v -0.7 -0.9 0.1
v -0.6 -0.9 0.1
v -0.5 -0.9 0.1
v -0.4 -0.9 0.1
v -0.3 -0.9 0.1
v -0.2 -0.9 0.1
v -0.1 -0.9 0.1
v 0 -0.9 0.1
v 0.1 -0.9 0.1
v 0.2 -0.9 0.1
v 0.3 -0.9 0.1
v 0.4 -0.9 0.1
v 0.5 -0.9 0.1
v 0.6 -0.9 0.1
v 0.7 -0.9 0.1
v 0.8 -0.9 0.1
v 0.9 -0.9 0.1
v 1 -0.9 0.1
v -0.9 -0.9 0
v -0.8 -0.9 0
v -0.7 -0.9 0
v -0.6 -0.9 0
v -0.5 -0.9 0
v -0.4 -0.9 0
v -0.2 -0.9 0
v -0.1 -0.9 0
v 0 -0.9 0
v 0.1 -0.9 0
v 0.2 -0.9 0
v 0.3 -0.9 0
v 0.4 -0.9 0
v 0.5 -0.9 0
v 0.6 -0.9 0
v 0.7 -0.9 0
v 0.8 -0.9 0
v -0.6 -0.9 -0.1
v -0.5 -0.9 -0.1
v -0.4 -0.9 -0.1
v -0.2 -0.9 -0.1
v -0.1 -0.9 -0.1
v 0 -0.9 -0.1
v 0.1 -0.9 -0.1
v 0.2 -0.9 -0.1
v 0.3 -0.9 -0.1
v 0.4 -0.9 -0.1
v 0.5 -0.9 -0.1
v 0.6 -0.9 -0.1
v 0.7 -0.9 -0.1
v 0.8 -0.9 -0.1
v 0.9 -0.9 -0.1
v 1 -0.9 -0.1
v -1 -0.9 -0.2
v -0.9 -0.9 -0.2
v -0.8 -0.9 -0.2
v -0.7 -0.9 -0.2
v -0.5 -0.9 -0.2
v -0.4 -0.9 -0.2
v -0.2 -0.9 -0.2
v -0.1 -0.9 -0.2
v 0.1 -0.9 -0.2
v 0.2 -0.9 -0.2
v 0.3 -0.9 -0.2
v 0.5 -0.9 -0.2
v 0.6 -0.9 -0.2
v 0.7 -0.9 -0.2
v 0.8 -0.9 -0.2
v -0.9 -0.9 -0.3
v -0.8 -0.9 -0.3
v -0.5 -0.9 -0.3
v -0.4 -0.9 -0.3
v -0.3 -0.9 -0.3
v -0.2 -0.9 -0.3
v -0.1 -0.9 -0.3
v 0 -0.9 -0.3
v 0.1 -0.9 -0.3
v 0.2 -0.9 -0.3
v 0.3 -0.9 -0.3
v 0.4 -0.9 -0.3
v 0.5 -0.9 -0.3
v 0.6 -0.9 -0.3
v 0.8 -0.9 -0.3
v 0.9 -0.9 -0.3
v -0.9 -0.9 -0.4
v -0.8 -0.9 -0.4
v -0.7 -0.9 -0.4
v -0.5 -0.9 -0.4
v -0.4 -0.9 -0.4
v -0.3 -0.9 -0.4
v 0 -0.9 -0.4
v 0.1 -0.9 -0.4
v 0.2 -0.9 -0.4
v 0.3 -0.9 -0.4
v 0.4 -0.9 -0.4
v 0.5 -0.9 -0.4
v 0.6 -0.9 -0.4
v 0.7 -0.9 -0.4
v 0.8 -0.9 -0.4
v -1 -0.9 -0.5
v -0.9 -0.9 -0.5
v -0.8 -0.9 -0.5
v 0.3 -0.9 -0.5
v 0.4 -0.9 -0.5
v 0.8 -0.9 -0.5
v 0.9 -0.9 -0.5
v 1 -0.9 -0.5
v -1 -0.9 -0.6
v -0.9 -0.9 -0.6
v -0.8 -0.9 -0.6
v -0.7 -0.9 -0.6
v -0.4 -0.9 -0.6
v -0.3 -0.9 -0.6
v 0.2 -0.9 -0.6
v 0.3 -0.9 -0.6
v 0.4 -0.9 -0.6
v 0.6 -0.9 -0.6
v 0.7 -0.9 -0.6
v 0.8 -0.9 -0.6
v 0.9 -0.9 -0.6
v 1 -0.9 -0.6
v -1 -0.9 -0.7
v -0.9 -0.9 -0.7
v -0.8 -0.9 -0.7
v -0.7 -0.9 -0.7
v -0.6 -0.9 -0.7
v -0.5 -0.9 -0.7
v -0.4 -0.9 -0.7
v -0.3 -0.9 -0.7
v -0.1 -0.9 -0.7
v 0.1 -0.9 -0.7
v 0.2 -0.9 -0.7
v 0.3 -0.9 -0.7
v 0.4 -0.9 -0.7
v 0.5 -0.9 -0.7
v 0.6 -0.9 -0.7
v 0.7 -0.9 -0.7
v 0.8 -0.9 -0.7
v 0.9 -0.9 -0.7
v 1 -0.9 -0.7
v -1 -0.9 -0.8
v -0.9 -0.9 -0.8
v -0.8 -0.9 -0.8
v -0.7 -0.9 -0.8
v -0.6 -0.9 -0.8
v -0.5 -0.9 -0.8
v -0.3 -0.9 -0.8
v -0.2 -0.9 -0.8
v -0.1 -0.9 -0.8
v 0 -0.9 -0.8
v 0.1 -0.9 -0.8
v 0.2 -0.9 -0.8
v 0.3 -0.9 -0.8
v 0.4 -0.9 -0.8
v 0.5 -0.9 -0.8
v 0.6 -0.9 -0.8
v 0.7 -0.9 -0.8
v 0.8 -0.9 -0.8
v 0.9 -0.9 -0.8
v 1 -0.9 -0.8
v -1 -0.9 -0.9
v -0.9 -0.9 -0.9
v -0.8 -0.9 -0.9
v -0.7 -0.9 -0.9
v -0.6 -0.9 -0.9
v -0.5 -0.9 -0.9
v -0.4 -0.9 -0.9
v -0.3 -0.9 -0.9
v -0.2 -0.9 -0.9
v -0.1 -0.9 -0.9
v 0 -0.9 -0.9
v 0.1 -0.9 -0.9
v 0.2 -0.9 -0.9
v 0.3 -0.9 -0.9
v 0.4 -0.9 -0.9
v 0.5 -0.9 -0.9
v 0.6 -0.9 -0.9
v 0.7 -0.9 -0.9
v 0.8 -0.9 -0.9
v 0.9 -0.9 -0.9
v 1 -0.9 -0.9
v -0.9 -0.9 -1
v -0.8 -0.9 -1
v -0.6 -0.9 -1
v -0.5 -0.9 -1
v -0.4 -0.9 -1
v -0.3 -0.9 -1
v -0.2 -0.9 -1
v 0 -0.9 -1
v 0.1 -0.9 -1
v 0.3 -0.9 -1
v 0.4 -0.9 -1
v 0.5 -0.9 -1
v 0.6 -0.9 -1
v 0.8 -0.9 -1
v 0.9 -0.9 -1
v -0.1 -0.8 0.4
v 0 -0.8 0.4
v -0.1 -0.8 0.3
v 0 -0.8 0.3
v -0.1 -0.8 0.2
v 0 -0.8 0.2
v -0.7 -0.7 0.5
v -0.6 -0.7 0.5
v -0.2 -0.7 0.5
v -0.1 -0.7 0.5
v -0.7 -0.7 0.4
v -0.6 -0.7 0.4
v -0.5 -0.7 0.4
v -0.3 -0.7 0.4
v -0.2 -0.7 0.4
v -0.1 -0.7 0.4
v -0.6 -0.7 0.3
v -0.5 -0.7 0.3
v -0.3 -0.7 0.3
v -0.2 -0.7 0.3
v -0.5 -0.7 0.2
v -0.3 -0.7 0.2
v 0.2 -0.7 -0.5
v 0.3 -0.7 -0.5
v 0.2 -0.7 -0.6
v 0.3 -0.7 -0.6
v -0.6 -0.6 0.7
v -0.3 -0.6 0.7
v -0.7 -0.6 0.6
v -0.6 -0.6 0.6
v -0.3 -0.6 0.6
v -0.2 -0.6 0.6
v -0.7 -0.6 0.5
v -0.6 -0.6 0.5
v -0.3 -0.6 0.4
v -0.2 -0.6 0.4
v -0.3 -0.6 -0.4
v 0.2 -0.6 -0.4
v -0.3 -0.6 -0.7
v 0.2 -0.6 -0.7
v -0.7 -0.4 -0.4
v -0.4 -0.4 -0.4
v -0.6 -0.4 -0.5
v -0.5 -0.4 -0.5
v -0.6 -0.4 -0.6
v -0.5 -0.4 -0.6
v -0.7 -0.4 -0.7
v -0.4 -0.4 -0.7
v -0.6 -0.3 -0.5
v -0.5 -0.3 -0.5
v -0.6 -0.3 -0.6
v -0.5 -0.3 -0.6
v 0.4 -0.1 0.6
v 0.5 -0.1 0.6
v 0.4 -0.1 0.5
v 0.5 -0.1 0.5
v 0.6 -0.1 0.1
v 0.7 -0.1 0.1
v 0.6 -0.1 0
v 0.7 -0.1 0
v 0.4 0 0.7
v 0.5 0 0.7
v 0.3 0 0.6
v 0.4 0 0.6
v 0.5 0 0.6
v 0.6 0 0.6
v 0.3 0 0.5
v 0.4 0 0.5
v 0.5 0 0.5
v 0.6 0 0.5
v 0.4 0 0.4
v 0.5 0 0.4
v 0.3 0.1 0.8
v 0.5 0.1 0.8
v 0.6 0.1 0.8
v 0.2 0.1 0.7
v 0.3 0.1 0.7
v 0.4 0.1 0.7
v 0.5 0.1 0.7
v 0.6 0.1 0.7
v 0.7 0.1 0.7
v 0.3 0.1 0.6
v 0.4 0.1 0.6
v 0.5 0.1 0.6
v 0.6 0.1 0.6
v 0.3 0.1 0.5
v 0.4 0.1 0.5
v 0.5 0.1 0.5
v 0.6 0.1 0.5
v 0.2 0.1 0.4
v 0.3 0.1 0.4
v 0.4 0.1 0.4
v 0.5 0.1 0.4
v 0.6 0.1 0.4
v 0.7 0.1 0.4
v 0.3 0.1 0.3
v 0.6 0.1 0.3
v 0.6 0.6 0.2
v 0.7 0.6 0.2
v 0.5 0.6 0.1
v 0.6 0.6 0.1
v 0.7 0.6 0.1
v 0.8 0.6 0.1
v 0.5 0.6 0
v 0.6 0.6 0
v 0.7 0.6 0
v 0.8 0.6 0
v 0.6 0.6 -0.1
v 0.7 0.6 -0.1
v 0.6 0.6 -0.3
v 0.7 0.6 -0.3
v 0.5 0.6 -0.4
v 0.6 0.6 -0.4
v 0.7 0.6 -0.4
v 0.8 0.6 -0.4
v 0.5 0.6 -0.5
v 0.6 0.6 -0.5
v 0.7 0.6 -0.5
v 0.8 0.6 -0.5
v 0.6 0.6 -0.6
v 0.7 0.6 -0.6
v 0.6 0.7 0.1
v 0.7 0.7 0.1
v 0.6 0.7 0
v 0.7 0.7 0
v 0.6 0.7 -0.4
v 0.7 0.7 -0.4
v 0.6 0.7 -0.5
v 0.7 0.7 -0.5
v -0.8 0.8 1
v -0.7 0.8 1
v -0.6 0.8 1
v -0.4 0.8 1
v -0.3 0.8 1
v -0.2 0.8 1
v -0.1 0.8 1
v 0 0.8 1
v 0.1 0.8 1
v 0.2 0.8 1
v 0.3 0.8 1
v 0.4 0.8 1
v 0.5 0.8 1
v 0.7 0.8 1
v 0.8 0.8 1
v -0.8 0.8 0.9
v -0.7 0.8 0.9
v -0.6 0.8 0.9
v -0.5 0.8 0.9
v -0.4 0.8 0.9
v -0.3 0.8 0.9
v -0.2 0.8 0.9
v -0.1 0.8 0.9
v 0 0.8 0.9
v 0.1 0.8 0.9
v 0.2 0.8 0.9
v 0.3 0.8 0.9
v 0.4 0.8 0.9
v 0.5 0.8 0.9
v 0.6 0.8 0.9
v 0.7 0.8 0.9
v 0.8 0.8 0.9
v -1 0.8 0.8
v -0.9 0.8 0.8
v 0.9 0.8 0.8
v 1 0.8 0.8
v -1 0.8 0.7
v -0.9 0.8 0.7
v 0.9 0.8 0.7
v 1 0.8 0.7
v -1 0.8 0.6
v -0.9 0.8 0.6
v -1 0.8 0.5
v -0.9 0.8 0.5
v 0.9 0.8 0.5
v 1 0.8 0.5
v -1 0.8 0.4
v -0.9 0.8 0.4
v 0.9 0.8 0.4
v 1 0.8 0.4
v -0.9 0.8 0.3
v 0.9 0.8 0.3
v 1 0.8 0.3
v -1 0.8 0.2
v -0.9 0.8 0.2
v 0.9 0.8 0.2
v 1 0.8 0.2
v -1 0.8 0.1
v -0.9 0.8 0.1
v -1 0.8 0
v -0.9 0.8 0
v 0.9 0.8 0
v 1 0.8 0
v -1 0.8 -0.1
v -0.9 0.8 -0.1
v 0.9 0.8 -0.1
v 1 0.8 -0.1
v -1 0.8 -0.2
v -0.9 0.8 -0.2
v 0.9 0.8 -0.2
v 1 0.8 -0.2
v -1 0.8 -0.3
v -0.9 0.8 -0.3
v -1 0.8 -0.4
v -0.9 0.8 -0.4
v 0.9 0.8 -0.4
v 1 0.8 -0.4
v -1 0.8 -0.5
v -0.9 0.8 -0.5
v 0.9 0.8 -0.5
v 1 0.8 -0.5
v -1 0.8 -0.6
v -0.9 0.8 -0.6
v 0.9 0.8 -0.6
v 1 0.8 -0.6
v -1 0.8 -0.7
v -0.9 0.8 -0.7
v 0.9 0.8 -0.7
v -1 0.8 -0.8
v -0.9 0.8 -0.8
v 0.9 0.8 -0.8
v 1 0.8 -0.8
v -0.8 0.8 -0.9
v -0.7 0.8 -0.9
v -0.6 0.8 -0.9
v -0.5 0.8 -0.9
v -0.4 0.8 -0.9
v -0.3 0.8 -0.9
v -0.2 0.8 -0.9
v -0.1 0.8 -0.9
v 0 0.8 -0.9
v 0.1 0.8 -0.9
v 0.2 0.8 -0.9
v 0.3 0.8 -0.9
v 0.4 0.8 -0.9
v 0.5 0.8 -0.9
v 0.6 0.8 -0.9
v 0.7 0.8 -0.9
v 0.8 0.8 -0.9
v -0.8 0.8 -1
v -0.7 0.8 -1
v -0.6 0.8 -1
v -0.5 0.8 -1
v -0.4 0.8 -1
v -0.3 0.8 -1
v -0.2 0.8 -1
v -0.1 0.8 -1
v 0 0.8 -1
v 0.1 0.8 -1
v 0.2 0.8 -1
v 0.3 0.8 -1
v 0.4 0.8 -1
v 0.5 0.8 -1
v 0.6 0.8 -1
v 0.8 0.8 -1
v -0.9 0.9 0.9
v -0.8 0.9 0.9
v -0.7 0.9 0.9
v -0.6 0.9 0.9
v -0.5 0.9 0.9
v -0.4 0.9 0.9
v -0.3 0.9 0.9
v -0.1 0.9 0.9
v 0 0.9 0.9
v 0.1 0.9 0.9
v 0.2 0.9 0.9
v 0.3 0.9 0.9
v 0.4 0.9 0.9
v 0.5 0.9 0.9
v 0.6 0.9 0.9
v 0.7 0.9 0.9
v 0.8 0.9 0.9
v 0.9 0.9 0.9
v -0.9 0.9 0.8
v -0.8 0.9 0.8
v -0.7 0.9 0.8
v -0.6 0.9 0.8
v -0.5 0.9 0.8
v -0.4 0.9 0.8
v -0.3 0.9 0.8
v -0.1 0.9 0.8
v 0 0.9 0.8
v 0.1 0.9 0.8
v 0.2 0.9 0.8
v 0.3 0.9 0.8
v 0.4 0.9 0.8
v 0.5 0.9 0.8
v 0.6 0.9 0.8
v 0.7 0.9 0.8
v 0.8 0.9 0.8
v -0.9 0.9 0.7
v -0.8 0.9 0.7
v 0.8 0.9 0.7
v 0.9 0.9 0.7
v -0.9 0.9 0.6
v -0.8 0.9 0.6
v 0.9 0.9 0.6
v -0.9 0.9 0.5
v -0.8 0.9 0.5
v 0.8 0.9 0.5
v 0.9 0.9 0.5
v -0.9 0.9 0.4
v -0.8 0.9 0.4
v 0.9 0.9 0.4
v -0.9 0.9 0.3
v -0.8 0.9 0.3
v 0.8 0.9 0.3
v 0.9 0.9 0.3
v -0.9 0.9 0.2
v -0.8 0.9 0.2
v -0.9 0.9 0.1
v -0.8 0.9 0.1
v 0.9 0.9 0.1
v -0.9 0.9 0
v 0.9 0.9 0
v -0.9 0.9 -0.1
v -0.8 0.9 -0.1
v -0.9 0.9 -0.2
v 0.8 0.9 -0.2
v 0.9 0.9 -0.2
v -0.9 0.9 -0.3
v -0.8 0.9 -0.3
v 0.8 0.9 -0.4
v 0.9 0.9 -0.4
v 0.8 0.9 -0.5
v 0.9 0.9 -0.5
v -0.9 0.9 -0.6
v -0.8 0.9 -0.6
v 0.8 0.9 -0.6
v 0.9 0.9 -0.6
v -0.9 0.9 -0.7
v -0.8 0.9 -0.7
v 0.8 0.9 -0.7
v 0.9 0.9 -0.7
v -0.9 0.9 -0.8
v -0.8 0.9 -0.8
v -0.7 0.9 -0.8
v -0.6 0.9 -0.8
v -0.5 0.9 -0.8
v -0.3 0.9 -0.8
v -0.1 0.9 -0.8
v 0.1 0.9 -0.8
v 0.3 0.9 -0.8
v 0.4 0.9 -0.8
v 0.5 0.9 -0.8
v 0.6 0.9 -0.8
v 0.7 0.9 -0.8
v 0.8 0.9 -0.8
v 0.9 0.9 -0.8
v -0.9 0.9 -0.9
v -0.8 0.9 -0.9
v -0.7 0.9 -0.9
v -0.6 0.9 -0.9
v -0.5 0.9 -0.9
v -0.4 0.9 -0.9
v -0.3 0.9 -0.9
v -0.2 0.9 -0.9
v -0.1 0.9 -0.9
v 0 0.9 -0.9
v 0.1 0.9 -0.9
v 0.3 0.9 -0.9
v 0.4 0.9 -0.9
v 0.5 0.9 -0.9
v 0.6 0.9 -0.9
v 0.7 0.9 -0.9
v 0.8 0.9 -0.9
v 0.9 0.9 -0.9
v -1 1 1
v -0.9 1 1
v -0.8 1 1
v -0.7 1 1
v -0.1 1 1
v 0 1 1
v 0.2 1 1
v 0.3 1 1
v 0.4 1 1
v 0.6 1 1
v 0.8 1 1
v 0.9 1 1
v 1 1 1
v -1 1 0.9
v -0.9 1 0.9
v -0.8 1 0.9
v -0.7 1 0.9
v -0.1 1 0.9
v 0 1 0.9
v 0.2 1 0.9
v 0.3 1 0.9
v 0.4 1 0.9
v 0.6 1 0.9
v 0.8 1 0.9
v 0.9 1 0.9
v 1 1 0.9
v -1 1 0.8
v -0.9 1 0.8
v -1 1 0.7
v -0.9 1 0.7
v 0.9 1 0.7
v 1 1 0.7
v -1 1 0.6
v -0.9 1 0.6
v 0.9 1 0.6
v 1 1 0.6
v -1 1 0.4
v -0.9 1 0.4
v 0.9 1 0.4
v 1 1 0.4
v -1 1 0.3
v -0.9 1 0.3
v 0.9 1 0.3
v 1 1 0.3
v -1 1 0.1
v -0.9 1 0.1
v 0.9 1 0.1
v 1 1 0.1
v -1 1 0
v -0.9 1 0
v 0.9 1 0
v 1 1 0
v -1 1 -0.1
v -0.9 1 -0.1
v -1 1 -0.2
v -0.9 1 -0.2
v 0.9 1 -0.2
v 1 1 -0.2
v 0.9 1 -0.4
v 1 1 -0.4
v 0.9 1 -0.5
v 1 1 -0.5
v -1 1 -0.6
v -0.9 1 -0.6
v 0.9 1 -0.6
v 1 1 -0.6
v -1 1 -0.8
v -0.9 1 -0.8
v 0.9 1 -0.8
v 1 1 -0.8
v -0.9 1 -0.9
v -0.7 1 -0.9
v -0.6 1 -0.9
v -0.5 1 -0.9
v -0.4 1 -0.9
v -0.2 1 -0.9
v 0 1 -0.9
v 0.1 1 -0.9
v 0.3 1 -0.9
v 0.4 1 -0.9
v 0.5 1 -0.9
v 0.6 1 -0.9
v 0.7 1 -0.9
v 0.8 1 -0.9
v 0.9 1 -0.9
v -1 1 -1
v -0.9 1 -1
v -0.7 1 -1
v -0.6 1 -1
v -0.5 1 -1
v -0.4 1 -1
v -0.2 1 -1
v 0 1 -1
v 0.1 1 -1
v 0.3 1 -1
v 0.4 1 -1
v 0.5 1 -1
v 0.6 1 -1
v 0.7 1 -1
v 0.8 1 -1
v 0.9 1 -1
v 1 1 -1

# faces
f 16/19/1 2/19/1 1/19/1
f 16/18/1 3/18/1 2/18/1
f 17/19/1 4/19/1 3/19/1
f 17/18/1 3/18/1 16/18/1
f 18/17/1 5/17/1 4/17/1
f 18/19/1 4/19/1 17/19/1
f 19/18/1 6/18/1 5/18/1
f 19/17/1 5/17/1 18/17/1
f 20/19/1 7/19/1 6/19/1
f 20/18/1 6/18/1 19/18/1
f 21/18/1 8/18/1 7/18/1
f 21/19/1 7/19/1 20/19/1
f 22/17/1 9/17/1 8/17/1
f 22/18/1 8/18/1 21/18/1
f 23/18/1 10/18/1 9/18/1
f 23/17/1 9/17/1 22/17/1
f 24/19/1 11/19/1 10/19/1
f 24/18/1 10/18/1 23/18/1
f 25/18/1 12/18/1 11/18/1
f 25/19/1 11/19/1 24/19/1
f 26/19/1 13/19/1 12/19/1
f 26/18/1 12/18/1 25/18/1
f 27/18/1 14/18/1 13/18/1
f 27/19/1 13/19/1 26/19/1
f 28/19/1 15/19/1 14/19/1
f 28/18/1 14/18/1 27/18/1
f 29/19/1 15/19/1 28/19/1
f 30/19/1 16/19/1 1/19/1
f 31/19/1 16/19/1 30/19/1
f 42/18/1 29/18/1 28/18/1
f 43/18/1 29/18/1 42/18/1
f 44/17/1 31/17/1 30/17/1
f 45/17/1 31/17/1 44/17/1
f 46/10/1 33/10/1 32/10/1
f 47/11/1 34/11/1 33/11/1
f 47/10/1 33/10/1 46/10/1
f 48/11/1 34/11/1 47/11/1
f 49/11/1 34/11/1 48/11/1
f 50/11/1 34/11/1 49/11/1
f 51/13/1 35/13/1 34/13/1
f 51/11/1 34/11/1 50/11/1
f 52/12/1 36/12/1 35/12/1
f 52/13/1 35/13/1 51/13/1
f 53/13/1 37/13/1 36/13/1
f 53/12/1 36/12/1 52/12/1
f 54/12/1 38/12/1 37/12/1
f 54/13/1 37/13/1 53/13/1
f 55/12/1 38/12/1 54/12/1
f 56/11/1 39/11/1 38/11/1
f 56/12/1 38/12/1 55/12/1
f 57/10/1 40/10/1 39/10/1
f 57/11/1 39/11/1 56/11/1
f 58/12/1 41/12/1 40/12/1
f 59/12/1 41/12/1 58/12/1
f 60/12/1 41/12/1 59/12/1
f 61/19/1 45/19/1 44/19/1
f 62/19/1 45/19/1 61/19/1
f 63/12/1 47/12/1 46/12/1
f 64/13/1 48/13/1 47/13/1
f 64/12/1 47/12/1 63/12/1
f 65/12/1 49/12/1 48/12/1
f 65/13/1 48/13/1 64/13/1
f 66/12/1 49/12/1 65/12/1
f 67/10/1 50/10/1 49/10/1
f 67/12/1 49/12/1 66/12/1
f 68/11/1 51/11/1 50/11/1
f 68/10/1 50/10/1 67/10/1
f 68/11/1 52/11/1 51/11/1
f 69/11/1 52/11/1 68/11/1
f 70/10/1 53/10/1 52/10/1
f 70/11/1 52/11/1 69/11/1
f 70/10/1 54/10/1 53/10/1
f 71/10/1 54/10/1 70/10/1
f 72/11/1 55/11/1 54/11/1
f 72/10/1 54/10/1 71/10/1
f 73/12/1 56/12/1 55/12/1
f 73/11/1 55/11/1 72/11/1
f 74/13/1 57/13/1 56/13/1
f 74/12/1 56/12/1 73/12/1
f 75/10/1 40/10/1 57/10/1
f 75/13/1 57/13/1 74/13/1
f 76/12/1 58/12/1 40/12/1
f 76/10/1 40/10/1 75/10/1
f 77/10/1 59/10/1 58/10/1
f 77/13/1 60/13/1 59/13/1
f 78/13/1 60/13/1 77/13/1
f 79/17/1 43/17/1 42/17/1
f 80/17/1 43/17/1 79/17/1
f 81/18/1 62/18/1 61/18/1
f 82/18/1 62/18/1 81/18/1
f 83/12/1 65/12/1 64/12/1
f 83/13/1 64/13/1 63/13/1
f 84/11/1 66/11/1 65/11/1
f 84/12/1 65/12/1 83/12/1
f 85/10/1 67/10/1 66/10/1
f 85/11/1 66/11/1 84/11/1
f 86/13/1 68/13/1 67/13/1
f 86/10/1 67/10/1 85/10/1
f 87/12/1 69/12/1 68/12/1
f 87/13/1 71/13/1 70/13/1
f 87/13/1 70/13/1 69/13/1
f 88/13/1 71/13/1 87/13/1
f 89/10/1 72/10/1 71/10/1
f 89/13/1 71/13/1 88/13/1
f 90/13/1 73/13/1 72/13/1
f 90/10/1 72/10/1 89/10/1
f 91/11/1 74/11/1 73/11/1
f 91/13/1 73/13/1 90/13/1
f 92/13/1 75/13/1 74/13/1
f 92/12/1 76/12/1 75/12/1
f 93/12/1 58/12/1 76/12/1
f 93/12/1 76/12/1 92/12/1
f 94/10/1 77/10/1 58/10/1
f 94/12/1 58/12/1 93/12/1
f 95/11/1 78/11/1 77/11/1
f 95/10/1 77/10/1 94/10/1
f 96/11/1 78/11/1 95/11/1
f 97/19/1 80/19/1 79/19/1
f 98/19/1 80/19/1 97/19/1
f 99/19/1 82/19/1 81/19/1
f 100/19/1 82/19/1 99/19/1
f 101/13/1 83/13/1 63/13/1
f 101/13/1 84/13/1 83/13/1
f 101/13/1 85/13/1 84/13/1
f 102/13/1 85/13/1 101/13/1
f 103/12/1 86/12/1 85/12/1
f 103/13/1 85/13/1 102/13/1
f 104/13/1 68/13/1 86/13/1
f 104/12/1 86/12/1 103/12/1
f 105/12/1 88/12/1 87/12/1
f 105/13/1 68/13/1 104/13/1
f 105/12/1 87/12/1 68/12/1
f 106/12/1 88/12/1 105/12/1
f 107/11/1 90/11/1 89/11/1
f 107/12/1 88/12/1 106/12/1
f 107/11/1 89/11/1 88/11/1
f 107/11/1 91/11/1 90/11/1
f 108/11/1 91/11/1 107/11/1
f 109/11/1 91/11/1 108/11/1
f 110/11/1 74/11/1 91/11/1
f 110/11/1 91/11/1 109/11/1
f 111/13/1 93/13/1 92/13/1
f 111/11/1 74/11/1 110/11/1
f 111/13/1 92/13/1 74/13/1
f 112/13/1 93/13/1 111/13/1
f 113/11/1 94/11/1 93/11/1
f 113/13/1 93/13/1 112/13/1
f 114/12/1 96/12/1 95/12/1
f 114/11/1 94/11/1 113/11/1
f 114/12/1 95/12/1 94/12/1
f 115/12/1 96/12/1 114/12/1
f 116/13/1 101/13/1 63/13/1
f 117/12/1 102/12/1 101/12/1
f 117/13/1 101/13/1 116/13/1
f 118/11/1 103/11/1 102/11/1
f 118/12/1 102/12/1 117/12/1
f 119/13/1 104/13/1 103/13/1
f 119/11/1 103/11/1 118/11/1
f 120/12/1 106/12/1 105/12/1
f 120/13/1 104/13/1 119/13/1
f 120/12/1 105/12/1 104/12/1
f 121/10/1 107/10/1 106/10/1
f 121/12/1 106/12/1 120/12/1
f 122/13/1 108/13/1 107/13/1
f 122/10/1 107/10/1 121/10/1
f 123/10/1 109/10/1 108/10/1
f 123/13/1 108/13/1 122/13/1
f 124/12/1 110/12/1 109/12/1
f 124/10/1 109/10/1 123/10/1
f 125/10/1 111/10/1 110/10/1
f 125/12/1 110/12/1 124/12/1
f 126/11/1 112/11/1 111/11/1
f 126/12/1 113/12/1 112/12/1
f 126/12/1 114/12/1 113/12/1
f 127/12/1 114/12/1 126/12/1
f 128/11/1 115/11/1 114/11/1
f 128/12/1 114/12/1 127/12/1
f 129/11/1 115/11/1 128/11/1
f 130/18/1 100/18/1 99/18/1
f 131/18/1 100/18/1 130/18/1
f 132/11/1 117/11/1 116/11/1
f 133/13/1 118/13/1 117/13/1
f 133/11/1 117/11/1 132/11/1
f 134/11/1 119/11/1 118/11/1
f 134/13/1 118/13/1 133/13/1
f 135/12/1 121/12/1 120/12/1
f 135/11/1 119/11/1 134/11/1
f 135/12/1 120/12/1 119/12/1
f 136/13/1 122/13/1 121/13/1
f 136/12/1 121/12/1 135/12/1
f 137/12/1 123/12/1 122/12/1
f 137/13/1 122/13/1 136/13/1
f 138/10/1 124/10/1 123/10/1
f 138/12/1 123/12/1 137/12/1
f 139/13/1 125/13/1 124/13/1
f 139/10/1 124/10/1 138/10/1
f 140/10/1 111/10/1 125/10/1
f 140/13/1 125/13/1 139/13/1
f 141/11/1 126/11/1 111/11/1
f 141/10/1 111/10/1 140/10/1
f 142/10/1 127/10/1 126/10/1
f 142/11/1 126/11/1 141/11/1
f 143/11/1 128/11/1 127/11/1
f 143/10/1 127/10/1 142/10/1
f 144/12/1 129/12/1 128/12/1
f 144/11/1 128/11/1 143/11/1
f 145/11/1 115/11/1 129/11/1
f 145/12/1 129/12/1 144/12/1
f 146/11/1 115/11/1 145/11/1
f 147/13/1 133/13/1 132/13/1
f 147/13/1 135/13/1 134/13/1
f 147/13/1 134/13/1 133/13/1
f 148/13/1 135/13/1 147/13/1
f 149/10/1 136/10/1 135/10/1
f 149/13/1 135/13/1 148/13/1
f 150/10/1 136/10/1 149/10/1
f 151/10/1 136/10/1 150/10/1
f 152/13/1 137/13/1 136/13/1
f 152/10/1 136/10/1 151/10/1
f 153/11/1 139/11/1 138/11/1
f 153/13/1 137/13/1 152/13/1
f 153/11/1 138/11/1 137/11/1
f 154/11/1 139/11/1 153/11/1
f 155/12/1 141/12/1 140/12/1
f 155/11/1 139/11/1 154/11/1
f 155/12/1 140/12/1 139/12/1
f 156/11/1 142/11/1 141/11/1
f 156/12/1 141/12/1 155/12/1
f 157/13/1 143/13/1 142/13/1
f 157/11/1 142/11/1 156/11/1
f 158/10/1 144/10/1 143/10/1
f 158/13/1 143/13/1 157/13/1
f 158/10/1 145/10/1 144/10/1
f 159/10/1 145/10/1 158/10/1
f 160/12/1 146/12/1 145/12/1
f 160/10/1 145/10/1 159/10/1
f 161/12/1 146/12/1 160/12/1
f 162/17/1 98/17/1 97/17/1
f 163/17/1 98/17/1 162/17/1
f 164/19/1 131/19/1 130/19/1
f 165/19/1 131/19/1 164/19/1
f 166/11/1 148/11/1 147/11/1
f 167/13/1 149/13/1 148/13/1
f 167/11/1 148/11/1 166/11/1
f 167/13/1 150/13/1 149/13/1
f 168/13/1 150/13/1 167/13/1
f 169/12/1 151/12/1 150/12/1
f 169/13/1 150/13/1 168/13/1
f 170/11/1 152/11/1 151/11/1
f 170/12/1 151/12/1 169/12/1
f 171/12/1 153/12/1 152/12/1
f 171/11/1 152/11/1 170/11/1
f 172/13/1 154/13/1 153/13/1
f 172/12/1 153/12/1 171/12/1
f 173/12/1 155/12/1 154/12/1
f 173/13/1 154/13/1 172/13/1
f 174/13/1 156/13/1 155/13/1
f 174/12/1 155/12/1 173/12/1
f 175/13/1 156/13/1 174/13/1
f 176/12/1 157/12/1 156/12/1
f 176/13/1 156/13/1 175/13/1
f 177/10/1 159/10/1 158/10/1
f 177/11/1 158/11/1 157/11/1
f 178/12/1 160/12/1 159/12/1
f 178/10/1 159/10/1 177/10/1
f 179/11/1 161/11/1 160/11/1
f 179/12/1 160/12/1 178/12/1
f 180/11/1 161/11/1 179/11/1
f 181/18/1 163/18/1 162/18/1
f 182/18/1 163/18/1 181/18/1
f 183/13/1 167/13/1 166/13/1
f 184/13/1 167/13/1 183/13/1
f 185/11/1 168/11/1 167/11/1
f 185/13/1 167/13/1 184/13/1
f 186/10/1 169/10/1 168/10/1
f 186/11/1 168/11/1 185/11/1
f 187/11/1 170/11/1 169/11/1
f 187/10/1 169/10/1 186/10/1
f 188/12/1 175/12/1 174/12/1
f 188/11/1 170/11/1 187/11/1
f 188/12/1 171/12/1 170/12/1
f 188/12/1 172/12/1 171/12/1
f 188/12/1 173/12/1 172/12/1
f 188/12/1 174/12/1 173/12/1
f 189/12/1 175/12/1 188/12/1
f 190/12/1 175/12/1 189/12/1
f 191/12/1 175/12/1 190/12/1
f 192/11/1 176/11/1 175/11/1
f 192/12/1 175/12/1 191/12/1
f 193/13/1 178/13/1 177/13/1
f 193/11/1 177/11/1 157/11/1
f 193/13/1 179/13/1 178/13/1
f 194/13/1 179/13/1 193/13/1
f 195/10/1 180/10/1 179/10/1
f 195/13/1 179/13/1 194/13/1
f 196/10/1 180/10/1 195/10/1
f 197/19/1 182/19/1 181/19/1
f 198/19/1 182/19/1 197/19/1
f 199/12/1 184/12/1 183/12/1
f 200/13/1 185/13/1 184/13/1
f 200/12/1 184/12/1 199/12/1
f 201/12/1 186/12/1 185/12/1
f 201/13/1 185/13/1 200/13/1
f 202/11/1 187/11/1 186/11/1
f 202/12/1 186/12/1 201/12/1
f 202/11/1 188/11/1 187/11/1
f 203/11/1 188/11/1 202/11/1
f 204/10/1 189/10/1 188/10/1
f 204/11/1 188/11/1 203/11/1
f 205/10/1 189/10/1 204/10/1
f 206/11/1 190/11/1 189/11/1
f 206/10/1 189/10/1 205/10/1
f 207/10/1 191/10/1 190/10/1
f 207/11/1 190/11/1 206/11/1
f 208/13/1 192/13/1 191/13/1
f 208/10/1 191/10/1 207/10/1
f 209/11/1 176/11/1 192/11/1
f 209/13/1 192/13/1 208/13/1
f 210/12/1 157/12/1 176/12/1
f 210/11/1 176/11/1 209/11/1
f 211/11/1 193/11/1 157/11/1
f 211/12/1 157/12/1 210/12/1
f 212/12/1 194/12/1 193/12/1
f 212/11/1 193/11/1 211/11/1
f 213/13/1 196/13/1 195/13/1
f 213/12/1 194/12/1 212/12/1
f 213/13/1 195/13/1 194/13/1
f 214/13/1 196/13/1 213/13/1
f 215/17/1 198/17/1 197/17/1
f 216/17/1 198/17/1 215/17/1
f 217/18/1 165/18/1 164/18/1
f 218/18/1 165/18/1 217/18/1
f 219/13/1 201/13/1 200/13/1
f 219/13/1 200/13/1 199/13/1
f 220/10/1 202/10/1 201/10/1
f 220/13/1 201/13/1 219/13/1
f 221/11/1 203/11/1 202/11/1
f 221/10/1 202/10/1 220/10/1
f 222/12/1 205/12/1 204/12/1
f 222/11/1 203/11/1 221/11/1
f 222/12/1 204/12/1 203/12/1
f 223/12/1 205/12/1 222/12/1
f 224/10/1 207/10/1 206/10/1
f 224/12/1 205/12/1 223/12/1
f 224/10/1 206/10/1 205/10/1
f 225/10/1 207/10/1 224/10/1
f 226/11/1 208/11/1 207/11/1
f 226/10/1 207/10/1 225/10/1
f 227/13/1 209/13/1 208/13/1
f 227/11/1 208/11/1 226/11/1
f 227/13/1 210/13/1 209/13/1
f 228/12/1 211/12/1 210/12/1
f 228/13/1 210/13/1 227/13/1
f 229/13/1 212/13/1 211/13/1
f 229/12/1 211/12/1 228/12/1
f 230/10/1 213/10/1 212/10/1
f 230/13/1 212/13/1 229/13/1
f 231/11/1 214/11/1 213/11/1
f 231/10/1 213/10/1 230/10/1
f 232/11/1 214/11/1 231/11/1
f 233/19/1 218/19/1 217/19/1
f 234/19/1 218/19/1 233/19/1
f 235/10/1 220/10/1 219/10/1
f 236/10/1 220/10/1 235/10/1
f 237/12/1 222/12/1 221/12/1
f 237/10/1 220/10/1 236/10/1
f 237/12/1 221/12/1 220/12/1
f 238/11/1 223/11/1 222/11/1
f 238/12/1 222/12/1 237/12/1
f 239/12/1 225/12/1 224/12/1
f 239/11/1 223/11/1 238/11/1
f 239/12/1 224/12/1 223/12/1
f 240/12/1 225/12/1 239/12/1
f 241/13/1 226/13/1 225/13/1
f 241/12/1 225/12/1 240/12/1
f 242/12/1 227/12/1 226/12/1
f 242/13/1 226/13/1 241/13/1
f 243/10/1 228/10/1 227/10/1
f 243/12/1 227/12/1 242/12/1
f 244/10/1 228/10/1 243/10/1
f 245/11/1 230/11/1 229/11/1
f 245/10/1 228/10/1 244/10/1
f 245/11/1 229/11/1 228/11/1
f 245/11/1 231/11/1 230/11/1
f 246/11/1 231/11/1 245/11/1
f 247/13/1 232/13/1 231/13/1
f 247/11/1 231/11/1 246/11/1
f 248/11/1 214/11/1 232/11/1
f 248/13/1 232/13/1 247/13/1
f 249/18/1 216/18/1 215/18/1
f 250/18/1 216/18/1 249/18/1
f 251/13/1 236/13/1 235/13/1
f 252/11/1 238/11/1 237/11/1
f 252/13/1 236/13/1 251/13/1
f 252/11/1 237/11/1 236/11/1
f 253/11/1 238/11/1 252/11/1
f 254/10/1 239/10/1 238/10/1
f 254/11/1 238/11/1 253/11/1
f 255/12/1 240/12/1 239/12/1
f 255/10/1 239/10/1 254/10/1
f 256/13/1 241/13/1 240/13/1
f 256/12/1 240/12/1 255/12/1
f 257/12/1 242/12/1 241/12/1
f 257/13/1 241/13/1 256/13/1
f 258/13/1 243/13/1 242/13/1
f 258/12/1 242/12/1 257/12/1
f 259/11/1 244/11/1 243/11/1
f 259/13/1 243/13/1 258/13/1
f 260/12/1 245/12/1 244/12/1
f 260/11/1 244/11/1 259/11/1
f 261/10/1 246/10/1 245/10/1
f 261/12/1 245/12/1 260/12/1
f 262/12/1 247/12/1 246/12/1
f 262/10/1 246/10/1 261/10/1
f 262/12/1 248/12/1 247/12/1
f 263/12/1 248/12/1 262/12/1
f 264/12/1 248/12/1 263/12/1
f 265/11/1 214/11/1 248/11/1
f 265/12/1 248/12/1 264/12/1
f 266/11/1 214/11/1 265/11/1
f 267/19/1 250/19/1 249/19/1
f 268/19/1 250/19/1 267/19/1
f 269/18/1 234/18/1 233/18/1
f 270/18/1 234/18/1 269/18/1
f 271/11/1 253/11/1 252/11/1
f 271/11/1 252/11/1 251/11/1
f 272/11/1 253/11/1 271/11/1
f 273/12/1 254/12/1 253/12/1
f 273/11/1 253/11/1 272/11/1
f 274/11/1 255/11/1 254/11/1
f 274/12/1 254/12/1 273/12/1
f 275/12/1 256/12/1 255/12/1
f 275/11/1 255/11/1 274/11/1
f 276/10/1 258/10/1 257/10/1
f 276/12/1 256/12/1 275/12/1
f 276/10/1 257/10/1 256/10/1
f 277/13/1 259/13/1 258/13/1
f 277/10/1 258/10/1 276/10/1
f 278/12/1 261/12/1 260/12/1
f 278/13/1 259/13/1 277/13/1
f 278/12/1 260/12/1 259/12/1
f 279/12/1 261/12/1 278/12/1
f 280/11/1 262/11/1 261/11/1
f 280/12/1 261/12/1 279/12/1
f 280/11/1 263/11/1 262/11/1
f 281/11/1 263/11/1 280/11/1
f 282/13/1 264/13/1 263/13/1
f 282/11/1 263/11/1 281/11/1
f 283/10/1 266/10/1 265/10/1
f 283/10/1 265/10/1 264/10/1
f 284/10/1 266/10/1 283/10/1
f 285/11/1 271/11/1 251/11/1
f 286/10/1 272/10/1 271/10/1
f 286/11/1 271/11/1 285/11/1
f 287/11/1 273/11/1 272/11/1
f 287/10/1 272/10/1 286/10/1
f 288/13/1 274/13/1 273/13/1
f 288/11/1 273/11/1 287/11/1
f 289/12/1 275/12/1 274/12/1
f 289/13/1 274/13/1 288/13/1
f 289/12/1 276/12/1 275/12/1
f 290/13/1 277/13/1 276/13/1
f 290/12/1 276/12/1 289/12/1
f 291/13/1 277/13/1 290/13/1
f 292/11/1 278/11/1 277/11/1
f 292/13/1 277/13/1 291/13/1
f 293/13/1 279/13/1 278/13/1
f 293/11/1 278/11/1 292/11/1
f 294/12/1 281/12/1 280/12/1
f 294/13/1 279/13/1 293/13/1
f 294/12/1 280/12/1 279/12/1
f 295/12/1 281/12/1 294/12/1
f 296/13/1 282/13/1 281/13/1
f 296/12/1 281/12/1 295/12/1
f 297/13/1 264/13/1 282/13/1
f 297/13/1 282/13/1 296/13/1
f 298/10/1 283/10/1 264/10/1
f 298/13/1 264/13/1 297/13/1
f 299/12/1 284/12/1 283/12/1
f 299/10/1 283/10/1 298/10/1
f 300/12/1 284/12/1 299/12/1
f 301/18/1 268/18/1 267/18/1
f 302/18/1 268/18/1 301/18/1
f 303/19/1 270/19/1 269/19/1
f 304/19/1 270/19/1 303/19/1
f 305/13/1 286/13/1 285/13/1
f 306/10/1 287/10/1 286/10/1
f 306/13/1 286/13/1 305/13/1
f 307/13/1 288/13/1 287/13/1
f 307/10/1 287/10/1 306/10/1
f 308/12/1 289/12/1 288/12/1
f 308/13/1 288/13/1 307/13/1
f 309/13/1 290/13/1 289/13/1
f 309/12/1 289/12/1 308/12/1
f 310/11/1 291/11/1 290/11/1
f 310/13/1 290/13/1 309/13/1
f 311/13/1 292/13/1 291/13/1
f 311/11/1 291/11/1 310/11/1
f 312/12/1 293/12/1 292/12/1
f 312/13/1 292/13/1 311/13/1
f 313/13/1 294/13/1 293/13/1
f 313/12/1 293/12/1 312/12/1
f 314/11/1 295/11/1 294/11/1
f 314/13/1 294/13/1 313/13/1
f 315/13/1 296/13/1 295/13/1
f 315/11/1 295/11/1 314/11/1
f 316/12/1 297/12/1 296/12/1
f 316/13/1 296/13/1 315/13/1
f 317/10/1 298/10/1 297/10/1
f 317/12/1 297/12/1 316/12/1
f 318/12/1 299/12/1 298/12/1
f 318/10/1 298/10/1 317/10/1
f 319/13/1 300/13/1 299/13/1
f 319/12/1 299/12/1 318/12/1
f 320/13/1 300/13/1 319/13/1
f 321/17/1 302/17/1 301/17/1
f 322/17/1 302/17/1 321/17/1
f 323/17/1 304/17/1 303/17/1
f 324/17/1 304/17/1 323/17/1
f 336/19/1 322/19/1 321/19/1
f 337/19/1 322/19/1 336/19/1
f 338/19/1 324/19/1 323/19/1
f 339/18/1 325/18/1 324/18/1
f 339/19/1 324/19/1 338/19/1
f 340/19/1 326/19/1 325/19/1
f 340/18/1 325/18/1 339/18/1
f 341/18/1 327/18/1 326/18/1
f 341/19/1 326/19/1 340/19/1
f 342/19/1 328/19/1 327/19/1
f 342/18/1 327/18/1 341/18/1
f 343/18/1 329/18/1 328/18/1
f 343/19/1 328/19/1 342/19/1
f 344/19/1 330/19/1 329/19/1
f 344/18/1 329/18/1 343/18/1
f 345/17/1 331/17/1 330/17/1
f 345/19/1 330/19/1 344/19/1
f 346/18/1 332/18/1 331/18/1
f 346/17/1 331/17/1 345/17/1
f 347/19/1 333/19/1 332/19/1
f 347/18/1 332/18/1 346/18/1
f 348/18/1 334/18/1 333/18/1
f 348/19/1 333/19/1 347/19/1
f 349/17/1 335/17/1 334/17/1
f 349/18/1 334/18/1 348/18/1
f 350/18/1 336/18/1 335/18/1
f 350/17/1 335/17/1 349/17/1
f 350/18/1 337/18/1 336/18/1
f 351/18/1 337/18/1 350/18/1
f 370/11/1 353/11/1 352/11/1
f 371/12/1 354/12/1 353/12/1
f 371/11/1 353/11/1 370/11/1
f 372/11/1 355/11/1 354/11/1
f 372/12/1 354/12/1 371/12/1
f 373/12/1 356/12/1 355/12/1
f 373/11/1 355/11/1 372/11/1
f 374/13/1 357/13/1 356/13/1
f 374/12/1 356/12/1 373/12/1
f 374/13/1 358/13/1 357/13/1
f 374/13/1 359/13/1 358/13/1
f 375/11/1 360/11/1 359/11/1
f 375/13/1 359/13/1 374/13/1
f 376/10/1 361/10/1 360/10/1
f 376/11/1 360/11/1 375/11/1
f 377/12/1 362/12/1 361/12/1
f 377/10/1 361/10/1 376/10/1
f 378/12/1 362/12/1 377/12/1
f 379/11/1 363/11/1 362/11/1
f 379/12/1 362/12/1 378/12/1
f 380/10/1 364/10/1 363/10/1
f 380/11/1 363/11/1 379/11/1
f 381/13/1 365/13/1 364/13/1
f 381/10/1 364/10/1 380/10/1
f 382/12/1 369/12/1 368/12/1
f 382/13/1 365/13/1 381/13/1
f 382/12/1 368/12/1 367/12/1
f 382/12/1 367/12/1 366/12/1
f 382/12/1 366/12/1 365/12/1
f 383/12/1 369/12/1 382/12/1
f 384/12/1 369/12/1 383/12/1
f 385/12/1 371/12/1 370/12/1
f 386/12/1 371/12/1 385/12/1
f 387/12/1 384/12/1 383/12/1
f 388/13/1 386/13/1 385/13/1
f 389/13/1 386/13/1 388/13/1
f 390/12/1 384/12/1 387/12/1
f 391/12/1 384/12/1 390/12/1
f 392/11/1 389/11/1 388/11/1
f 393/11/1 389/11/1 392/11/1
f 394/11/1 391/11/1 390/11/1
f 395/11/1 391/11/1 394/11/1
f 396/10/1 393/10/1 392/10/1
f 397/10/1 393/10/1 396/10/1
f 398/12/1 395/12/1 394/12/1
f 399/12/1 395/12/1 398/12/1
f 400/11/1 397/11/1 396/11/1
f 401/11/1 397/11/1 400/11/1
f 402/10/1 399/10/1 398/10/1
f 403/10/1 399/10/1 402/10/1
f 404/12/1 401/12/1 400/12/1
f 405/12/1 401/12/1 404/12/1
f 406/11/1 403/11/1 402/11/1
f 407/11/1 403/11/1 406/11/1
f 408/10/1 405/10/1 404/10/1
f 409/13/1 407/13/1 406/13/1
f 410/13/1 407/13/1 409/13/1
f 411/10/1 408/10/1 404/10/1
f 412/10/1 408/10/1 411/10/1
f 413/13/1 410/13/1 409/13/1
f 414/13/1 410/13/1 413/13/1
f 415/11/1 412/11/1 411/11/1
f 416/11/1 412/11/1 415/11/1
f 417/12/1 414/12/1 413/12/1
f 418/12/1 414/12/1 417/12/1
f 419/10/1 416/10/1 415/10/1
f 420/10/1 416/10/1 419/10/1
f 421/12/1 418/12/1 417/12/1
f 422/12/1 418/12/1 421/12/1
f 423/11/1 420/11/1 419/11/1
f 424/11/1 420/11/1 423/11/1
f 425/13/1 424/13/1 423/13/1
f 426/13/1 424/13/1 425/13/1
f 427/13/1 422/13/1 421/13/1
f 428/13/1 422/13/1 427/13/1
f 429/10/1 426/10/1 425/10/1
f 430/10/1 426/10/1 429/10/1
f 431/11/1 428/11/1 427/11/1
f 432/11/1 428/11/1 431/11/1
f 433/11/1 430/11/1 429/11/1
f 434/11/1 430/11/1 433/11/1
f 435/13/1 432/13/1 431/13/1
f 436/13/1 432/13/1 435/13/1
f 437/12/1 434/12/1 433/12/1
f 438/12/1 436/12/1 435/12/1
f 439/12/1 436/12/1 438/12/1
f 440/12/1 437/12/1 433/12/1
f 441/12/1 437/12/1 440/12/1
f 457/11/1 439/11/1 438/11/1
f 458/11/1 439/11/1 457/11/1
f 459/11/1 441/11/1 440/11/1
f 459/11/1 442/11/1 441/11/1
f 460/11/1 442/11/1 459/11/1
f 461/12/1 443/12/1 442/12/1
f 461/11/1 442/11/1 460/11/1
f 462/13/1 444/13/1 443/13/1
f 462/12/1 443/12/1 461/12/1
f 463/11/1 445/11/1 444/11/1
f 463/13/1 444/13/1 462/13/1
f 464/10/1 446/10/1 445/10/1
f 464/11/1 445/11/1 463/11/1
f 465/13/1 447/13/1 446/13/1
f 465/10/1 446/10/1 464/10/1
f 466/10/1 448/10/1 447/10/1
f 466/13/1 447/13/1 465/13/1
f 467/13/1 449/13/1 448/13/1
f 467/10/1 448/10/1 466/10/1
f 467/13/1 450/13/1 449/13/1
f 468/13/1 450/13/1 467/13/1
f 469/12/1 451/12/1 450/12/1
f 469/13/1 450/13/1 468/13/1
f 469/12/1 452/12/1 451/12/1
f 470/12/1 452/12/1 469/12/1
f 471/10/1 453/10/1 452/10/1
f 471/12/1 452/12/1 470/12/1
f 471/10/1 454/10/1 453/10/1
f 471/10/1 455/10/1 454/10/1
f 472/12/1 456/12/1 455/12/1
f 472/10/1 455/10/1 471/10/1
f 473/13/1 458/13/1 457/13/1
f 473/12/1 456/12/1 472/12/1
f 473/13/1 457/13/1 456/13/1
f 474/13/1 458/13/1 473/13/1
f 475/13/1 458/13/1 474/13/1
f 489/12/1 477/12/1 476/12/1
f 490/12/1 477/12/1 489/12/1
f 491/10/1 478/10/1 477/10/1
f 491/12/1 477/12/1 490/12/1
f 492/11/1 479/11/1 478/11/1
f 492/10/1 478/10/1 491/10/1
f 493/13/1 480/13/1 479/13/1
f 493/11/1 479/11/1 492/11/1
f 494/12/1 481/12/1 480/12/1
f 494/13/1 480/13/1 493/13/1
f 495/10/1 482/10/1 481/10/1
f 495/12/1 481/12/1 494/12/1
f 496/12/1 483/12/1 482/12/1
f 496/10/1 482/10/1 495/10/1
f 497/10/1 484/10/1 483/10/1
f 497/12/1 483/12/1 496/12/1
f 498/12/1 485/12/1 484/12/1
f 498/10/1 484/10/1 497/10/1
f 499/13/1 486/13/1 485/13/1
f 499/12/1 485/12/1 498/12/1
f 500/13/1 486/13/1 499/13/1
f 501/13/1 486/13/1 500/13/1
f 502/10/1 487/10/1 486/10/1
f 502/13/1 486/13/1 501/13/1
f 503/13/1 488/13/1 487/13/1
f 503/10/1 487/10/1 502/10/1
f 504/13/1 488/13/1 503/13/1
f 509/12/1 506/12/1 505/12/1
f 510/12/1 506/12/1 509/12/1
f 511/11/1 508/11/1 507/11/1
f 512/11/1 508/11/1 511/11/1
f 513/11/1 510/11/1 509/11/1
f 514/11/1 510/11/1 513/11/1
f 515/13/1 512/13/1 511/13/1
f 516/12/1 514/12/1 513/12/1
f 517/12/1 514/12/1 516/12/1
f 518/13/1 512/13/1 515/13/1
f 519/10/1 517/10/1 516/10/1
f 520/10/1 517/10/1 519/10/1
f 521/13/1 512/13/1 518/13/1
f 522/13/1 512/13/1 521/13/1
f 523/11/1 520/11/1 519/11/1
f 524/11/1 520/11/1 523/11/1
f 525/11/1 522/11/1 521/11/1
f 526/11/1 522/11/1 525/11/1
f 527/10/1 524/10/1 523/10/1
f 528/12/1 526/12/1 525/12/1
f 529/12/1 526/12/1 528/12/1
f 530/10/1 527/10/1 523/10/1
f 531/10/1 527/10/1 530/10/1
f 532/13/1 529/13/1 528/13/1
f 533/13/1 529/13/1 532/13/1
f 534/11/1 531/11/1 530/11/1
f 535/11/1 531/11/1 534/11/1
f 536/10/1 533/10/1 532/10/1
f 537/13/1 535/13/1 534/13/1
f 538/13/1 537/13/1 534/13/1
f 539/13/1 537/13/1 538/13/1
f 540/10/1 533/10/1 536/10/1
f 541/10/1 533/10/1 540/10/1
f 542/11/1 539/11/1 538/11/1
f 543/11/1 539/11/1 542/11/1
f 544/12/1 543/12/1 542/12/1
f 545/12/1 543/12/1 544/12/1
f 546/13/1 541/13/1 540/13/1
f 547/13/1 541/13/1 546/13/1
f 548/13/1 545/13/1 544/13/1
f 549/11/1 547/11/1 546/11/1
f 550/11/1 547/11/1 549/11/1
f 551/13/1 548/13/1 544/13/1
f 552/13/1 548/13/1 551/13/1
f 553/10/1 550/10/1 549/10/1
f 554/10/1 550/10/1 553/10/1
f 555/11/1 552/11/1 551/11/1
f 556/11/1 552/11/1 555/11/1
f 557/12/1 554/12/1 553/12/1
f 558/12/1 556/12/1 555/12/1
f 559/12/1 556/12/1 558/12/1
f 560/12/1 554/12/1 557/12/1
f 561/12/1 554/12/1 560/12/1
f 567/5/1 563/5/1 562/5/1
f 568/5/1 563/5/1 567/5/1
f 570/9/1 568/9/1 567/9/1
f 570/9/1 569/9/1 568/9/1
f 571/9/1 569/9/1 570/9/1
f 572/9/1 569/9/1 571/9/1
f 573/8/1 571/8/1 570/8/1
f 574/8/1 571/8/1 573/8/1
f 575/20/1 566/20/1 565/20/1
f 575/20/1 565/20/1 564/20/1
f 576/20/1 566/20/1 575/20/1
f 581/5/1 578/5/1 577/5/1
f 582/5/1 578/5/1 581/5/1
f 583/5/1 580/5/1 579/5/1
f 584/5/1 580/5/1 583/5/1
f 585/9/1 582/9/1 581/9/1
f 586/9/1 582/9/1 585/9/1
f 587/9/1 584/9/1 583/9/1
f 588/9/1 584/9/1 587/9/1
f 589/8/1 586/8/1 585/8/1
f 590/8/1 586/8/1 589/8/1
f 593/17/1 592/17/1 591/17/1
f 594/17/1 592/17/1 593/17/1
f 597/5/1 596/5/1 595/5/1
f 598/5/1 596/5/1 597/5/1
f 599/9/1 598/9/1 597/9/1
f 600/9/1 598/9/1 599/9/1
f 607/5/1 602/5/1 601/5/1
f 607/5/1 603/5/1 602/5/1
f 608/5/1 603/5/1 607/5/1
f 609/9/1 608/9/1 607/9/1
f 610/9/1 608/9/1 609/9/1
f 611/9/1 608/9/1 610/9/1
f 612/7/1 610/7/1 609/7/1
f 613/7/1 610/7/1 612/7/1
f 614/20/1 606/20/1 605/20/1
f 614/20/1 605/20/1 604/20/1
f 615/20/1 606/20/1 614/20/1
f 619/6/1 617/6/1 616/6/1
f 620/14/1 618/14/1 617/14/1
f 620/6/1 617/6/1 619/6/1
f 621/14/1 618/14/1 620/14/1
f 624/16/1 623/16/1 622/16/1
f 625/16/1 623/16/1 624/16/1
f 626/1/1 625/1/1 624/1/1
f 627/1/1 625/1/1 626/1/1
f 628/16/1 627/16/1 626/16/1
f 629/16/1 627/16/1 628/16/1
f 630/1/1 629/1/1 628/1/1
f 631/1/1 629/1/1 630/1/1
f 632/16/1 631/16/1 630/16/1
f 633/16/1 631/16/1 632/16/1
f 634/1/1 633/1/1 632/1/1
f 635/1/1 633/1/1 634/1/1
f 636/16/1 635/16/1 634/16/1
f 637/16/1 635/16/1 636/16/1
f 638/1/1 637/1/1 636/1/1
f 639/1/1 637/1/1 638/1/1
f 640/16/1 639/16/1 638/16/1
f 641/16/1 639/16/1 640/16/1
f 642/15/1 641/15/1 640/15/1
f 643/15/1 641/15/1 642/15/1
f 648/16/1 645/16/1 644/16/1
f 649/16/1 645/16/1 648/16/1
f 650/16/1 647/16/1 646/16/1
f 651/16/1 647/16/1 650/16/1
f 652/1/1 649/1/1 648/1/1
f 653/1/1 649/1/1 652/1/1
f 654/1/1 651/1/1 650/1/1
f 655/1/1 651/1/1 654/1/1
f 656/16/1 653/16/1 652/16/1
f 657/16/1 653/16/1 656/16/1
f 658/16/1 655/16/1 654/16/1
f 659/16/1 655/16/1 658/16/1
f 660/1/1 657/1/1 656/1/1
f 661/1/1 657/1/1 660/1/1
f 662/1/1 659/1/1 658/1/1
f 663/1/1 659/1/1 662/1/1
f 664/16/1 661/16/1 660/16/1
f 665/16/1 661/16/1 664/16/1
f 666/16/1 663/16/1 662/16/1
f 667/16/1 663/16/1 666/16/1
f 668/1/1 665/1/1 664/1/1
f 669/1/1 665/1/1 668/1/1
f 670/1/1 667/1/1 666/1/1
f 671/1/1 667/1/1 670/1/1
f 672/16/1 669/16/1 668/16/1
f 673/16/1 669/16/1 672/16/1
f 674/16/1 671/16/1 670/16/1
f 675/16/1 671/16/1 674/16/1
f 676/1/1 673/1/1 672/1/1
f 677/1/1 673/1/1 676/1/1
f 678/1/1 675/1/1 674/1/1
f 679/1/1 675/1/1 678/1/1
f 680/16/1 677/16/1 676/16/1
f 681/16/1 677/16/1 680/16/1
f 682/16/1 679/16/1 678/16/1
f 683/16/1 679/16/1 682/16/1
f 684/15/1 681/15/1 680/15/1
f 685/15/1 681/15/1 684/15/1
f 686/15/1 683/15/1 682/15/1
f 687/15/1 683/15/1 686/15/1
f 691/2/1 689/2/1 688/2/1
f 692/2/1 689/2/1 691/2/1
f 694/15/1 691/15/1 690/15/1
f 695/15/1 691/15/1 694/15/1
f 696/15/1 693/15/1 692/15/1
f 697/15/1 693/15/1 696/15/1
f 702/17/1 699/17/1 698/17/1
f 703/17/1 699/17/1 702/17/1
f 704/17/1 701/17/1 700/17/1
f 705/17/1 701/17/1 704/17/1
f 709/4/1 707/4/1 706/4/1
f 710/4/1 707/4/1 709/4/1
f 716/20/1 713/20/1 712/20/1
f 717/20/1 713/20/1 716/20/1
f 718/15/1 715/15/1 714/15/1
f 719/15/1 715/15/1 718/15/1
f 722/4/1 709/4/1 708/4/1
f 723/4/1 711/4/1 710/4/1
f 724/8/1 721/8/1 720/8/1
f 725/8/1 717/8/1 716/8/1
f 726/4/1 722/4/1 708/4/1
f 727/4/1 722/4/1 726/4/1
f 728/4/1 711/4/1 723/4/1
f 729/4/1 711/4/1 728/4/1
f 730/8/1 724/8/1 720/8/1
f 731/8/1 724/8/1 730/8/1
f 732/8/1 717/8/1 725/8/1
f 733/8/1 717/8/1 732/8/1
f 734/4/1 728/4/1 727/4/1
f 735/4/1 728/4/1 734/4/1
f 736/8/1 732/8/1 731/8/1
f 737/8/1 732/8/1 736/8/1
f 755/12/1 739/12/1 738/12/1
f 755/10/1 740/10/1 739/10/1
f 755/10/1 741/10/1 740/10/1
f 756/10/1 741/10/1 755/10/1
f 757/12/1 742/12/1 741/12/1
f 757/10/1 743/10/1 742/10/1
f 758/13/1 744/13/1 743/13/1
f 758/10/1 743/10/1 757/10/1
f 759/12/1 745/12/1 744/12/1
f 759/13/1 744/13/1 758/13/1
f 760/10/1 746/10/1 745/10/1
f 760/12/1 745/12/1 759/12/1
f 760/10/1 747/10/1 746/10/1
f 761/11/1 748/11/1 747/11/1
f 761/10/1 747/10/1 760/10/1
f 761/11/1 749/11/1 748/11/1
f 762/11/1 749/11/1 761/11/1
f 763/13/1 751/13/1 750/13/1
f 763/11/1 749/11/1 762/11/1
f 763/13/1 750/13/1 749/13/1
f 764/13/1 751/13/1 763/13/1
f 765/10/1 752/10/1 751/10/1
f 765/13/1 751/13/1 764/13/1
f 766/12/1 753/12/1 752/12/1
f 766/10/1 752/10/1 765/10/1
f 767/10/1 754/10/1 753/10/1
f 767/12/1 753/12/1 766/12/1
f 768/10/1 754/10/1 767/10/1
f 769/12/1 755/12/1 738/12/1
f 770/11/1 756/11/1 755/11/1
f 770/12/1 755/12/1 769/12/1
f 771/10/1 741/10/1 756/10/1
f 771/11/1 756/11/1 770/11/1
f 772/12/1 757/12/1 741/12/1
f 772/13/1 758/13/1 757/13/1
f 773/11/1 759/11/1 758/11/1
f 773/13/1 758/13/1 772/13/1
f 774/13/1 760/13/1 759/13/1
f 774/11/1 759/11/1 773/11/1
f 775/11/1 761/11/1 760/11/1
f 775/13/1 760/13/1 774/13/1
f 776/11/1 761/11/1 775/11/1
f 777/13/1 762/13/1 761/13/1
f 777/11/1 761/11/1 776/11/1
f 778/11/1 764/11/1 763/11/1
f 778/13/1 762/13/1 777/13/1
f 778/11/1 763/11/1 762/11/1
f 779/13/1 766/13/1 765/13/1
f 779/11/1 764/11/1 778/11/1
f 779/13/1 765/13/1 764/13/1
f 780/13/1 766/13/1 779/13/1
f 781/12/1 768/12/1 767/12/1
f 781/13/1 766/13/1 780/13/1
f 781/12/1 767/12/1 766/12/1
f 782/12/1 768/12/1 781/12/1
f 783/12/1 768/12/1 782/12/1
f 784/11/1 770/11/1 769/11/1
f 785/10/1 771/10/1 770/10/1
f 785/11/1 770/11/1 784/11/1
f 786/10/1 741/10/1 771/10/1
f 786/10/1 771/10/1 785/10/1
f 787/12/1 772/12/1 741/12/1
f 787/10/1 741/10/1 786/10/1
f 788/11/1 773/11/1 772/11/1
f 788/12/1 772/12/1 787/12/1
f 789/12/1 774/12/1 773/12/1
f 789/11/1 773/11/1 788/11/1
f 790/13/1 775/13/1 774/13/1
f 790/12/1 774/12/1 789/12/1
f 791/10/1 776/10/1 775/10/1
f 791/13/1 775/13/1 790/13/1
f 792/12/1 777/12/1 776/12/1
f 792/10/1 776/10/1 791/10/1
f 793/11/1 778/11/1 777/11/1
f 793/12/1 777/12/1 792/12/1
f 794/12/1 779/12/1 778/12/1
f 794/11/1 778/11/1 793/11/1
f 795/12/1 779/12/1 794/12/1
f 796/10/1 780/10/1 779/10/1
f 796/12/1 779/12/1 795/12/1
f 797/11/1 781/11/1 780/11/1
f 797/10/1 780/10/1 796/10/1
f 798/12/1 782/12/1 781/12/1
f 798/11/1 781/11/1 797/11/1
f 799/13/1 783/13/1 782/13/1
f 800/12/1 785/12/1 784/12/1
f 801/10/1 786/10/1 785/10/1
f 801/12/1 785/12/1 800/12/1
f 802/13/1 787/13/1 786/13/1
f 802/10/1 786/10/1 801/10/1
f 802/13/1 788/13/1 787/13/1
f 802/13/1 789/13/1 788/13/1
f 803/13/1 789/13/1 802/13/1
f 804/13/1 789/13/1 803/13/1
f 805/11/1 790/11/1 789/11/1
f 805/13/1 789/13/1 804/13/1
f 806/12/1 792/12/1 791/12/1
f 806/11/1 790/11/1 805/11/1
f 806/12/1 791/12/1 790/12/1
f 807/13/1 793/13/1 792/13/1
f 807/12/1 792/12/1 806/12/1
f 807/13/1 794/13/1 793/13/1
f 808/13/1 794/13/1 807/13/1
f 809/12/1 795/12/1 794/12/1
f 809/13/1 794/13/1 808/13/1
f 810/10/1 796/10/1 795/10/1
f 810/12/1 795/12/1 809/12/1
f 811/13/1 797/13/1 796/13/1
f 811/10/1 796/10/1 810/10/1
f 812/12/1 798/12/1 797/12/1
f 812/13/1 797/13/1 811/13/1
f 813/12/1 782/12/1 798/12/1
f 813/12/1 798/12/1 812/12/1
f 814/13/1 799/13/1 782/13/1
f 814/12/1 782/12/1 813/12/1
f 815/13/1 799/13/1 814/13/1
f 816/11/1 801/11/1 800/11/1
f 817/10/1 803/10/1 802/10/1
f 817/11/1 801/11/1 816/11/1
f 817/10/1 802/10/1 801/10/1
f 818/10/1 803/10/1 817/10/1
f 819/12/1 804/12/1 803/12/1
f 819/10/1 803/10/1 818/10/1
f 820/13/1 805/13/1 804/13/1
f 820/12/1 804/12/1 819/12/1
f 820/13/1 806/13/1 805/13/1
f 820/13/1 807/13/1 806/13/1
f 821/13/1 807/13/1 820/13/1
f 822/13/1 807/13/1 821/13/1
f 823/13/1 807/13/1 822/13/1
f 824/10/1 808/10/1 807/10/1
f 824/13/1 807/13/1 823/13/1
f 825/12/1 809/12/1 808/12/1
f 825/10/1 808/10/1 824/10/1
f 826/10/1 810/10/1 809/10/1
f 826/12/1 809/12/1 825/12/1
f 827/12/1 811/12/1 810/12/1
f 827/10/1 810/10/1 826/10/1
f 828/13/1 812/13/1 811/13/1
f 828/12/1 811/12/1 827/12/1
f 829/10/1 813/10/1 812/10/1
f 829/13/1 812/13/1 828/13/1
f 830/12/1 814/12/1 813/12/1
f 830/10/1 813/10/1 829/10/1
f 831/10/1 815/10/1 814/10/1
f 831/12/1 814/12/1 830/12/1
f 832/10/1 815/10/1 831/10/1
f 833/13/1 817/13/1 816/13/1
f 834/12/1 818/12/1 817/12/1
f 834/13/1 817/13/1 833/13/1
f 835/13/1 819/13/1 818/13/1
f 835/12/1 818/12/1 834/12/1
f 836/10/1 820/10/1 819/10/1
f 836/13/1 819/13/1 835/13/1
f 837/12/1 821/12/1 820/12/1
f 837/10/1 822/10/1 821/10/1
f 838/12/1 823/12/1 822/12/1
f 838/10/1 822/10/1 837/10/1
f 839/11/1 824/11/1 823/11/1
f 839/12/1 823/12/1 838/12/1
f 840/13/1 825/13/1 824/13/1
f 840/11/1 824/11/1 839/11/1
f 841/11/1 826/11/1 825/11/1
f 841/13/1 825/13/1 840/13/1
f 842/10/1 828/10/1 827/10/1
f 842/11/1 826/11/1 841/11/1
f 842/10/1 827/10/1 826/10/1
f 843/10/1 828/10/1 842/10/1
f 844/13/1 829/13/1 828/13/1
f 844/10/1 828/10/1 843/10/1
f 845/12/1 830/12/1 829/12/1
f 845/13/1 829/13/1 844/13/1
f 845/12/1 831/12/1 830/12/1
f 846/12/1 831/12/1 845/12/1
f 847/13/1 832/13/1 831/13/1
f 847/12/1 831/12/1 846/12/1
f 848/13/1 832/13/1 847/13/1
f 849/11/1 834/11/1 833/11/1
f 850/13/1 835/13/1 834/13/1
f 850/11/1 834/11/1 849/11/1
f 851/10/1 836/10/1 835/10/1
f 851/13/1 835/13/1 850/13/1
f 852/10/1 820/10/1 836/10/1
f 852/10/1 836/10/1 851/10/1
f 853/12/1 837/12/1 820/12/1
f 853/10/1 820/10/1 852/10/1
f 854/13/1 838/13/1 837/13/1
f 854/12/1 837/12/1 853/12/1
f 855/12/1 839/12/1 838/12/1
f 855/13/1 838/13/1 854/13/1
f 856/10/1 841/10/1 840/10/1
f 856/12/1 839/12/1 855/12/1
f 856/10/1 840/10/1 839/10/1
f 857/13/1 842/13/1 841/13/1
f 857/10/1 841/10/1 856/10/1
f 858/12/1 843/12/1 842/12/1
f 858/13/1 842/13/1 857/13/1
f 859/13/1 844/13/1 843/13/1
f 859/12/1 843/12/1 858/12/1
f 860/11/1 845/11/1 844/11/1
f 860/13/1 844/13/1 859/13/1
f 861/13/1 846/13/1 845/13/1
f 861/11/1 845/11/1 860/11/1
f 862/10/1 847/10/1 846/10/1
f 862/13/1 846/13/1 861/13/1
f 863/12/1 848/12/1 847/12/1
f 863/10/1 847/10/1 862/10/1
f 864/12/1 848/12/1 863/12/1
f 865/12/1 850/12/1 849/12/1
f 866/10/1 851/10/1 850/10/1
f 866/12/1 850/12/1 865/12/1
f 867/13/1 852/13/1 851/13/1
f 867/10/1 851/10/1 866/10/1
f 868/12/1 853/12/1 852/12/1
f 868/13/1 852/13/1 867/13/1
f 869/11/1 855/11/1 854/11/1
f 869/12/1 853/12/1 868/12/1
f 869/11/1 854/11/1 853/11/1
f 870/11/1 855/11/1 869/11/1
f 871/12/1 856/12/1 855/12/1
f 871/11/1 855/11/1 870/11/1
f 872/11/1 857/11/1 856/11/1
f 872/12/1 856/12/1 871/12/1
f 873/11/1 857/11/1 872/11/1
f 874/10/1 858/10/1 857/10/1
f 874/11/1 857/11/1 873/11/1
f 875/12/1 859/12/1 858/12/1
f 875/10/1 858/10/1 874/10/1
f 876/11/1 860/11/1 859/11/1
f 876/12/1 859/12/1 875/12/1
f 877/13/1 861/13/1 860/13/1
f 877/11/1 860/11/1 876/11/1
f 878/10/1 862/10/1 861/10/1
f 878/13/1 863/13/1 862/13/1
f 879/12/1 864/12/1 863/12/1
f 879/13/1 863/13/1 878/13/1
f 880/12/1 864/12/1 879/12/1
f 881/13/1 866/13/1 865/13/1
f 881/10/1 867/10/1 866/10/1
f 882/11/1 868/11/1 867/11/1
f 882/10/1 867/10/1 881/10/1
f 883/13/1 869/13/1 868/13/1
f 883/11/1 868/11/1 882/11/1
f 884/10/1 870/10/1 869/10/1
f 884/13/1 869/13/1 883/13/1
f 885/12/1 871/12/1 870/12/1
f 885/10/1 870/10/1 884/10/1
f 886/13/1 872/13/1 871/13/1
f 886/12/1 871/12/1 885/12/1
f 887/10/1 873/10/1 872/10/1
f 887/13/1 872/13/1 886/13/1
f 888/11/1 874/11/1 873/11/1
f 888/10/1 873/10/1 887/10/1
f 889/12/1 875/12/1 874/12/1
f 889/11/1 874/11/1 888/11/1
f 890/13/1 861/13/1 877/13/1
f 890/13/1 877/13/1 876/13/1
f 891/10/1 878/10/1 861/10/1
f 891/13/1 861/13/1 890/13/1
f 891/10/1 879/10/1 878/10/1
f 892/10/1 879/10/1 891/10/1
f 893/12/1 880/12/1 879/12/1
f 893/10/1 879/10/1 892/10/1
f 894/13/1 881/13/1 865/13/1
f 894/13/1 882/13/1 881/13/1
f 895/13/1 882/13/1 894/13/1
f 896/10/1 884/10/1 883/10/1
f 896/13/1 882/13/1 895/13/1
f 896/10/1 883/10/1 882/10/1
f 897/10/1 884/10/1 896/10/1
f 898/12/1 885/12/1 884/12/1
f 898/10/1 884/10/1 897/10/1
f 899/11/1 886/11/1 885/11/1
f 899/12/1 885/12/1 898/12/1
f 900/12/1 887/12/1 886/12/1
f 900/11/1 886/11/1 899/11/1
f 901/13/1 888/13/1 887/13/1
f 901/12/1 887/12/1 900/12/1
f 902/10/1 889/10/1 888/10/1
f 902/13/1 888/13/1 901/13/1
f 903/12/1 875/12/1 889/12/1
f 903/10/1 889/10/1 902/10/1
f 904/11/1 876/11/1 875/11/1
f 904/12/1 875/12/1 903/12/1
f 905/13/1 890/13/1 876/13/1
f 905/11/1 876/11/1 904/11/1
f 906/10/1 891/10/1 890/10/1
f 906/13/1 890/13/1 905/13/1
f 907/13/1 892/13/1 891/13/1
f 907/10/1 891/10/1 906/10/1
f 908/11/1 893/11/1 892/11/1
f 908/13/1 892/13/1 907/13/1
f 909/12/1 880/12/1 893/12/1
f 909/11/1 893/11/1 908/11/1
f 910/11/1 895/11/1 894/11/1
f 911/10/1 896/10/1 895/10/1
f 911/11/1 895/11/1 910/11/1
f 912/12/1 897/12/1 896/12/1
f 912/10/1 896/10/1 911/10/1
f 913/13/1 900/13/1 899/13/1
f 913/12/1 897/12/1 912/12/1
f 913/13/1 898/13/1 897/13/1
f 913/13/1 899/13/1 898/13/1
f 914/13/1 900/13/1 913/13/1
f 915/13/1 900/13/1 914/13/1
f 916/10/1 901/10/1 900/10/1
f 916/13/1 900/13/1 915/13/1
f 917/11/1 902/11/1 901/11/1
f 917/10/1 901/10/1 916/10/1
f 918/12/1 906/12/1 905/12/1
f 918/11/1 902/11/1 917/11/1
f 918/12/1 904/12/1 903/12/1
f 918/12/1 903/12/1 902/12/1
f 918/12/1 905/12/1 904/12/1
f 919/12/1 906/12/1 918/12/1
f 920/12/1 906/12/1 919/12/1
f 921/12/1 906/12/1 920/12/1
f 922/11/1 907/11/1 906/11/1
f 922/12/1 906/12/1 921/12/1
f 923/10/1 908/10/1 907/10/1
f 923/11/1 907/11/1 922/11/1
f 924/13/1 909/13/1 908/13/1
f 924/10/1 908/10/1 923/10/1
f 925/12/1 880/12/1 909/12/1
f 925/13/1 909/13/1 924/13/1
f 926/12/1 880/12/1 925/12/1
f 927/13/1 911/13/1 910/13/1
f 928/12/1 912/12/1 911/12/1
f 928/13/1 911/13/1 927/13/1
f 929/11/1 913/11/1 912/11/1
f 929/12/1 912/12/1 928/12/1
f 930/13/1 914/13/1 913/13/1
f 930/11/1 913/11/1 929/11/1
f 931/10/1 915/10/1 914/10/1
f 931/13/1 914/13/1 930/13/1
f 932/13/1 916/13/1 915/13/1
f 932/10/1 915/10/1 931/10/1
f 933/12/1 917/12/1 916/12/1
f 933/13/1 916/13/1 932/13/1
f 934/13/1 918/13/1 917/13/1
f 934/12/1 917/12/1 933/12/1
f 935/10/1 919/10/1 918/10/1
f 935/13/1 918/13/1 934/13/1
f 936/11/1 920/11/1 919/11/1
f 936/10/1 919/10/1 935/10/1
f 937/12/1 921/12/1 920/12/1
f 937/11/1 920/11/1 936/11/1
f 938/13/1 922/13/1 921/13/1
f 938/12/1 921/12/1 937/12/1
f 939/11/1 923/11/1 922/11/1
f 939/13/1 922/13/1 938/13/1
f 939/11/1 924/11/1 923/11/1
f 940/11/1 924/11/1 939/11/1
f 941/13/1 925/13/1 924/13/1
f 941/11/1 924/11/1 940/11/1
f 942/10/1 926/10/1 925/10/1
f 942/13/1 925/13/1 941/13/1
f 943/10/1 926/10/1 942/10/1
f 944/12/1 928/12/1 927/12/1
f 945/13/1 929/13/1 928/13/1
f 945/12/1 928/12/1 944/12/1
f 945/13/1 930/13/1 929/13/1
f 946/13/1 930/13/1 945/13/1
f 947/10/1 931/10/1 930/10/1
f 947/13/1 930/13/1 946/13/1
f 948/13/1 932/13/1 931/13/1
f 948/10/1 931/10/1 947/10/1
f 949/11/1 933/11/1 932/11/1
f 949/13/1 932/13/1 948/13/1
f 950/10/1 934/10/1 933/10/1
f 950/11/1 933/11/1 949/11/1
f 951/13/1 935/13/1 934/13/1
f 951/10/1 934/10/1 950/10/1
f 952/12/1 937/12/1 936/12/1
f 952/13/1 935/13/1 951/13/1
f 952/12/1 936/12/1 935/12/1
f 953/12/1 937/12/1 952/12/1
f 954/11/1 938/11/1 937/11/1
f 954/12/1 937/12/1 953/12/1
f 954/11/1 939/11/1 938/11/1
f 955/11/1 939/11/1 954/11/1
f 956/10/1 940/10/1 939/10/1
f 956/11/1 939/11/1 955/11/1
f 957/11/1 941/11/1 940/11/1
f 957/10/1 940/10/1 956/10/1
f 958/12/1 942/12/1 941/12/1
f 958/11/1 941/11/1 957/11/1
f 959/11/1 943/11/1 942/11/1
f 959/12/1 942/12/1 958/12/1
f 960/11/1 943/11/1 959/11/1
f 961/13/1 945/13/1 944/13/1
f 962/10/1 946/10/1 945/10/1
f 962/13/1 945/13/1 961/13/1
f 963/11/1 947/11/1 946/11/1
f 963/10/1 946/10/1 962/10/1
f 963/11/1 948/11/1 947/11/1
f 963/11/1 949/11/1 948/11/1
f 964/11/1 949/11/1 963/11/1
f 965/11/1 949/11/1 964/11/1
f 966/12/1 950/12/1 949/12/1
f 966/11/1 949/11/1 965/11/1
f 967/13/1 951/13/1 950/13/1
f 967/12/1 950/12/1 966/12/1
f 968/10/1 953/10/1 952/10/1
f 968/13/1 951/13/1 967/13/1
f 968/10/1 952/10/1 951/10/1
f 969/10/1 953/10/1 968/10/1
f 970/11/1 955/11/1 954/11/1
f 970/10/1 953/10/1 969/10/1
f 970/11/1 954/11/1 953/11/1
f 971/11/1 955/11/1 970/11/1
f 972/10/1 956/10/1 955/10/1
f 972/11/1 955/11/1 971/11/1
f 972/10/1 957/10/1 956/10/1
f 973/10/1 957/10/1 972/10/1
f 974/12/1 958/12/1 957/12/1
f 974/10/1 957/10/1 973/10/1
f 975/10/1 959/10/1 958/10/1
f 975/12/1 958/12/1 974/12/1
f 976/13/1 960/13/1 959/13/1
f 976/10/1 959/10/1 975/10/1
f 977/13/1 960/13/1 976/13/1
f 978/13/1 962/13/1 961/13/1
f 979/11/1 964/11/1 963/11/1
f 979/13/1 962/13/1 978/13/1
f 979/11/1 963/11/1 962/11/1
f 980/11/1 964/11/1 979/11/1
f 981/12/1 965/12/1 964/12/1
f 981/11/1 964/11/1 980/11/1
f 982/11/1 966/11/1 965/11/1
f 982/12/1 965/12/1 981/12/1
f 982/11/1 967/11/1 966/11/1
f 983/11/1 967/11/1 982/11/1
f 984/10/1 968/10/1 967/10/1
f 984/11/1 967/11/1 983/11/1
f 985/10/1 968/10/1 984/10/1
f 986/11/1 971/11/1 970/11/1
f 986/11/1 970/11/1 969/11/1
f 987/11/1 971/11/1 986/11/1
f 988/12/1 972/12/1 971/12/1
f 988/11/1 971/11/1 987/11/1
f 989/11/1 973/11/1 972/11/1
f 989/12/1 972/12/1 988/12/1
f 990/11/1 973/11/1 989/11/1
f 991/11/1 975/11/1 974/11/1
f 991/11/1 976/11/1 975/11/1
f 992/11/1 976/11/1 991/11/1
f 993/11/1 979/11/1 978/11/1
f 994/10/1 980/10/1 979/10/1
f 994/11/1 979/11/1 993/11/1
f 995/13/1 981/13/1 980/13/1
f 995/10/1 980/10/1 994/10/1
f 995/13/1 982/13/1 981/13/1
f 996/10/1 983/10/1 982/10/1
f 996/13/1 982/13/1 995/13/1
f 997/13/1 984/13/1 983/13/1
f 997/10/1 983/10/1 996/10/1
f 998/12/1 985/12/1 984/12/1
f 998/13/1 984/13/1 997/13/1
f 999/13/1 986/13/1 985/13/1
f 999/12/1 985/12/1 998/12/1
f 1000/12/1 987/12/1 986/12/1
f 1000/13/1 986/13/1 999/13/1
f 1001/11/1 988/11/1 987/11/1
f 1001/12/1 987/12/1 1000/12/1
f 1002/13/1 989/13/1 988/13/1
f 1002/11/1 988/11/1 1001/11/1
f 1003/12/1 990/12/1 989/12/1
f 1003/13/1 989/13/1 1002/13/1
f 1004/13/1 992/13/1 991/13/1
f 1004/12/1 990/12/1 1003/12/1
f 1004/13/1 991/13/1 990/13/1
f 1005/11/1 976/11/1 992/11/1
f 1005/13/1 992/13/1 1004/13/1
f 1006/10/1 977/10/1 976/10/1
f 1006/11/1 976/11/1 1005/11/1
f 1007/10/1 977/10/1 1006/10/1
f 1008/13/1 994/13/1 993/13/1
f 1008/13/1 997/13/1 996/13/1
f 1008/13/1 996/13/1 995/13/1
f 1008/13/1 995/13/1 994/13/1
f 1009/13/1 997/13/1 1008/13/1
f 1010/13/1 997/13/1 1009/13/1
f 1011/10/1 998/10/1 997/10/1
f 1011/13/1 997/13/1 1010/13/1
f 1012/13/1 999/13/1 998/13/1
f 1012/10/1 998/10/1 1011/10/1
f 1013/11/1 1000/11/1 999/11/1
f 1013/13/1 999/13/1 1012/13/1
f 1014/12/1 1002/12/1 1001/12/1
f 1014/11/1 1000/11/1 1013/11/1
f 1014/12/1 1001/12/1 1000/12/1
f 1015/10/1 1003/10/1 1002/10/1
f 1015/12/1 1002/12/1 1014/12/1
f 1016/12/1 1004/12/1 1003/12/1
f 1016/10/1 1003/10/1 1015/10/1
f 1017/10/1 1005/10/1 1004/10/1
f 1017/12/1 1004/12/1 1016/12/1
f 1017/10/1 1006/10/1 1005/10/1
f 1018/10/1 1006/10/1 1017/10/1
f 1019/10/1 1006/10/1 1018/10/1
f 1020/12/1 1007/12/1 1006/12/1
f 1020/10/1 1006/10/1 1019/10/1
f 1021/12/1 1007/12/1 1020/12/1
f 1022/13/1 1009/13/1 1008/13/1
f 1023/12/1 1010/12/1 1009/12/1
f 1023/13/1 1009/13/1 1022/13/1
f 1024/10/1 1011/10/1 1010/10/1
f 1024/12/1 1010/12/1 1023/12/1
f 1025/12/1 1015/12/1 1014/12/1
f 1025/10/1 1011/10/1 1024/10/1
f 1025/12/1 1012/12/1 1011/12/1
f 1025/12/1 1013/12/1 1012/12/1
f 1025/12/1 1014/12/1 1013/12/1
f 1026/13/1 1016/13/1 1015/13/1
f 1026/12/1 1015/12/1 1025/12/1
f 1026/13/1 1017/13/1 1016/13/1
f 1027/11/1 1018/11/1 1017/11/1
f 1027/13/1 1017/13/1 1026/13/1
f 1028/12/1 1019/12/1 1018/12/1
f 1028/11/1 1018/11/1 1027/11/1
f 1029/11/1 1020/11/1 1019/11/1
f 1029/12/1 1019/12/1 1028/12/1
f 1030/10/1 1021/10/1 1020/10/1
f 1030/11/1 1020/11/1 1029/11/1
f 1031/10/1 1021/10/1 1030/10/1
f 1045/17/1 1033/17/1 1032/17/1
f 1046/19/1 1034/19/1 1033/19/1
f 1046/17/1 1033/17/1 1045/17/1
f 1047/19/1 1034/19/1 1046/19/1
f 1048/18/1 1035/18/1 1034/18/1
f 1048/19/1 1034/19/1 1047/19/1
f 1049/17/1 1036/17/1 1035/17/1
f 1049/18/1 1035/18/1 1048/18/1
f 1050/18/1 1037/18/1 1036/18/1
f 1050/17/1 1036/17/1 1049/17/1
f 1051/18/1 1037/18/1 1050/18/1
f 1052/19/1 1038/19/1 1037/19/1
f 1052/18/1 1037/18/1 1051/18/1
f 1053/18/1 1039/18/1 1038/18/1
f 1053/19/1 1038/19/1 1052/19/1
f 1054/18/1 1039/18/1 1053/18/1
f 1055/19/1 1040/19/1 1039/19/1
f 1055/18/1 1039/18/1 1054/18/1
f 1056/18/1 1041/18/1 1040/18/1
f 1056/19/1 1040/19/1 1055/19/1
f 1057/17/1 1042/17/1 1041/17/1
f 1057/18/1 1041/18/1 1056/18/1
f 1058/19/1 1043/19/1 1042/19/1
f 1058/17/1 1042/17/1 1057/17/1
f 1059/19/1 1043/19/1 1058/19/1
f 1061/19/1 1045/19/1 1044/19/1
f 1062/19/1 1045/19/1 1061/19/1
f 1063/17/1 1060/17/1 1059/17/1
f 1064/17/1 1060/17/1 1063/17/1
f 1065/18/1 1062/18/1 1061/18/1
f 1066/18/1 1064/18/1 1063/18/1
f 1067/18/1 1064/18/1 1066/18/1
f 1068/18/1 1065/18/1 1061/18/1
f 1069/17/1 1067/17/1 1066/17/1
f 1070/17/1 1067/17/1 1069/17/1
f 1071/18/1 1068/18/1 1061/18/1
f 1072/19/1 1070/19/1 1069/19/1
f 1073/18/1 1071/18/1 1061/18/1
f 1074/18/1 1071/18/1 1073/18/1
f 1075/19/1 1070/19/1 1072/19/1
f 1076/19/1 1070/19/1 1075/19/1
f 1077/19/1 1074/19/1 1073/19/1
f 1078/19/1 1074/19/1 1077/19/1
f 1079/17/1 1076/17/1 1075/17/1
f 1080/17/1 1076/17/1 1079/17/1
f 1081/17/1 1078/17/1 1077/17/1
f 1082/17/1 1078/17/1 1081/17/1
f 1083/18/1 1080/18/1 1079/18/1
f 1084/18/1 1080/18/1 1083/18/1
f 1085/19/1 1082/19/1 1081/19/1
f 1086/19/1 1082/19/1 1085/19/1
f 1087/19/1 1084/19/1 1083/19/1
f 1088/19/1 1084/19/1 1087/19/1
f 1089/18/1 1086/18/1 1085/18/1
f 1090/18/1 1086/18/1 1089/18/1
f 1091/18/1 1088/18/1 1087/18/1
f 1092/18/1 1088/18/1 1091/18/1
f 1093/17/1 1090/17/1 1089/17/1
f 1094/19/1 1092/19/1 1091/19/1
f 1095/17/1 1093/17/1 1089/17/1
f 1096/17/1 1093/17/1 1095/17/1
f 1097/19/1 1092/19/1 1094/19/1
f 1098/19/1 1092/19/1 1097/19/1
f 1099/18/1 1096/18/1 1095/18/1
f 1100/18/1 1096/18/1 1099/18/1
f 1101/18/1 1098/18/1 1097/18/1
f 1102/18/1 1098/18/1 1101/18/1
f 1103/17/1 1100/17/1 1099/17/1
f 1104/17/1 1102/17/1 1101/17/1
f 1105/17/1 1102/17/1 1104/17/1
f 1106/17/1 1103/17/1 1099/17/1
f 1107/17/1 1103/17/1 1106/17/1
f 1108/18/1 1105/18/1 1104/18/1
f 1109/19/1 1107/19/1 1106/19/1
f 1110/19/1 1107/19/1 1109/19/1
f 1111/18/1 1105/18/1 1108/18/1
f 1112/18/1 1105/18/1 1111/18/1
f 1113/17/1 1110/17/1 1109/17/1
f 1114/17/1 1112/17/1 1111/17/1
f 1115/17/1 1112/17/1 1114/17/1
f 1116/17/1 1113/17/1 1109/17/1
f 1117/17/1 1113/17/1 1116/17/1
f 1118/19/1 1115/19/1 1114/19/1
f 1119/19/1 1115/19/1 1118/19/1
f 1120/18/1 1117/18/1 1116/18/1
f 1121/18/1 1117/18/1 1120/18/1
f 1135/17/1 1119/17/1 1118/17/1
f 1136/17/1 1119/17/1 1135/17/1
f 1137/19/1 1122/19/1 1121/19/1
f 1138/18/1 1123/18/1 1122/18/1
f 1138/19/1 1122/19/1 1137/19/1
f 1139/17/1 1124/17/1 1123/17/1
f 1139/18/1 1123/18/1 1138/18/1
f 1139/17/1 1125/17/1 1124/17/1
f 1140/18/1 1126/18/1 1125/18/1
f 1140/17/1 1125/17/1 1139/17/1
f 1141/17/1 1127/17/1 1126/17/1
f 1141/18/1 1126/18/1 1140/18/1
f 1142/18/1 1128/18/1 1127/18/1
f 1142/17/1 1127/17/1 1141/17/1
f 1143/17/1 1129/17/1 1128/17/1
f 1143/18/1 1128/18/1 1142/18/1
f 1144/18/1 1130/18/1 1129/18/1
f 1144/17/1 1129/17/1 1143/17/1
f 1145/17/1 1131/17/1 1130/17/1
f 1145/18/1 1130/18/1 1144/18/1
f 1146/18/1 1132/18/1 1131/18/1
f 1146/17/1 1131/17/1 1145/17/1
f 1147/17/1 1134/17/1 1133/17/1
f 1147/18/1 1132/18/1 1146/18/1
f 1147/17/1 1133/17/1 1132/17/1
f 1148/19/1 1135/19/1 1134/19/1
f 1148/17/1 1134/17/1 1147/17/1
f 1149/19/1 1135/19/1 1148/19/1
f 1150/18/2 1151/18/2 1164/18/2
f 1164/18/2 1151/18/2 1165/18/2
f 1165/18/2 1151/18/2 1166/18/2
f 1151/19/2 1152/19/2 1167/19/2
f 1166/18/2 1151/18/2 1167/18/2
f 1152/17/2 1153/17/2 1168/17/2
f 1167/19/2 1152/19/2 1168/19/2
f 1153/18/2 1154/18/2 1169/18/2
f 1168/17/2 1153/17/2 1169/17/2
f 1154/19/2 1155/19/2 1170/19/2
f 1169/18/2 1154/18/2 1170/18/2
f 1155/18/2 1156/18/2 1171/18/2
f 1170/19/2 1155/19/2 1171/19/2
f 1156/17/2 1157/17/2 1172/17/2
f 1171/18/2 1156/18/2 1172/18/2
f 1172/17/2 1157/17/2 1173/17/2
f 1157/18/2 1158/18/2 1174/18/2
f 1173/17/2 1157/17/2 1174/17/2
f 1174/18/2 1158/18/2 1175/18/2
f 1175/18/2 1158/18/2 1176/18/2
f 1158/19/2 1159/19/2 1177/19/2
f 1176/18/2 1158/18/2 1177/18/2
f 1159/18/2 1160/18/2 1178/18/2
f 1177/19/2 1159/19/2 1178/19/2
f 1160/19/2 1161/19/2 1179/19/2
f 1178/18/2 1160/18/2 1179/18/2
f 1161/18/2 1162/18/2 1180/18/2
f 1179/19/2 1161/19/2 1180/19/2
f 1180/18/2 1162/18/2 1181/18/2
f 1163/19/2 1164/19/2 1183/19/2
f 1183/19/2 1164/19/2 1184/19/2
f 1181/18/2 1182/18/2 1185/18/2
f 1185/18/2 1182/18/2 1186/18/2
f 1183/17/2 1184/17/2 1187/17/2
f 1187/17/2 1184/17/2 1188/17/2
f 1187/19/2 1188/19/2 1189/19/2
f 1189/19/2 1188/19/2 1190/19/2
f 1185/17/2 1186/17/2 1191/17/2
f 1191/17/2 1186/17/2 1192/17/2
f 1189/18/2 1190/18/2 1193/18/2
f 1193/18/2 1190/18/2 1194/18/2
f 1191/19/2 1192/19/2 1195/19/2
f 1195/19/2 1192/19/2 1196/19/2
f 1193/19/2 1194/19/2 1197/19/2
f 1197/19/2 1194/19/2 1198/19/2
f 1195/17/2 1196/17/2 1199/17/2
f 1197/18/2 1198/18/2 1200/18/2
f 1199/17/2 1196/17/2 1201/17/2
f 1197/18/2 1200/18/2 1202/18/2
f 1202/18/2 1200/18/2 1203/18/2
f 1201/17/2 1196/17/2 1204/17/2
f 1204/17/2 1196/17/2 1205/17/2
f 1205/17/2 1196/17/2 1206/17/2
f 1202/19/2 1203/19/2 1207/19/2
f 1207/19/2 1203/19/2 1208/19/2
f 1205/18/2 1206/18/2 1209/18/2
f 1209/18/2 1206/18/2 1210/18/2
f 1207/18/2 1208/18/2 1211/18/2
f 1209/19/2 1210/19/2 1212/19/2
f 1212/19/2 1210/19/2 1213/19/2
f 1207/18/2 1211/18/2 1214/18/2
f 1212/17/2 1213/17/2 1215/17/2
f 1215/17/2 1213/17/2 1216/17/2
f 1207/18/2 1214/18/2 1217/18/2
f 1217/18/2 1214/18/2 1218/18/2
f 1217/19/2 1218/19/2 1219/19/2
f 1219/19/2 1218/19/2 1220/19/2
f 1215/18/2 1216/18/2 1221/18/2
f 1221/18/2 1216/18/2 1222/18/2
f 1219/18/2 1220/18/2 1223/18/2
f 1221/19/2 1222/19/2 1224/19/2
f 1224/19/2 1222/19/2 1225/19/2
f 1219/18/2 1223/18/2 1226/18/2
f 1226/18/2 1223/18/2 1227/18/2
f 1224/18/2 1225/18/2 1228/18/2
f 1228/18/2 1225/18/2 1229/18/2
f 1229/18/2 1225/18/2 1230/18/2
f 1226/19/2 1227/19/2 1231/19/2
f 1231/19/2 1227/19/2 1232/19/2
f 1229/17/2 1230/17/2 1233/17/2
f 1233/17/2 1230/17/2 1234/17/2
f 1231/17/2 1232/17/2 1235/17/2
f 1235/17/2 1232/17/2 1236/17/2
f 1233/19/2 1234/19/2 1252/19/2
f 1252/19/2 1234/19/2 1253/19/2
f 1236/18/2 1237/18/2 1254/18/2
f 1237/19/2 1238/19/2 1255/19/2
f 1254/18/2 1237/18/2 1255/18/2
f 1238/18/2 1239/18/2 1256/18/2
f 1255/19/2 1238/19/2 1256/19/2
f 1239/19/2 1240/19/2 1257/19/2
f 1256/18/2 1239/18/2 1257/18/2
f 1240/19/2 1241/19/2 1257/19/2
f 1241/18/2 1242/18/2 1258/18/2
f 1257/19/2 1241/19/2 1258/19/2
f 1242/19/2 1243/19/2 1259/19/2
f 1258/18/2 1242/18/2 1259/18/2
f 1243/19/2 1244/19/2 1259/19/2
f 1244/17/2 1245/17/2 1260/17/2
f 1259/19/2 1244/19/2 1260/19/2
f 1245/18/2 1246/18/2 1261/18/2
f 1260/17/2 1245/17/2 1261/17/2
f 1246/19/2 1247/19/2 1262/19/2
f 1261/18/2 1246/18/2 1262/18/2
f 1247/18/2 1248/18/2 1263/18/2
f 1262/19/2 1247/19/2 1263/19/2
f 1248/18/2 1249/18/2 1263/18/2
f 1250/17/2 1251/17/2 1264/17/2
f 1263/18/2 1249/18/2 1264/18/2
f 1249/17/2 1250/17/2 1264/17/2
f 1251/18/2 1252/18/2 1265/18/2
f 1264/17/2 1251/17/2 1265/17/2
f 1265/18/2 1252/18/2 1266/18/2
f 1267/12/2 1268/12/2 1283/12/2
f 1268/11/2 1269/11/2 1284/11/2
f 1283/12/2 1268/12/2 1284/12/2
f 1269/12/2 1270/12/2 1285/12/2
f 1284/11/2 1269/11/2 1285/11/2
f 1270/13/2 1271/13/2 1286/13/2
f 1285/12/2 1270/12/2 1286/12/2
f 1271/13/2 1272/13/2 1286/13/2
f 1272/13/2 1273/13/2 1286/13/2
f 1286/13/2 1273/13/2 1287/13/2
f 1287/13/2 1273/13/2 1288/13/2
f 1273/11/2 1274/11/2 1289/11/2
f 1288/13/2 1273/13/2 1289/13/2
f 1274/10/2 1275/10/2 1290/10/2
f 1289/11/2 1274/11/2 1290/11/2
f 1275/12/2 1276/12/2 1291/12/2
f 1290/10/2 1275/10/2 1291/10/2
f 1291/12/2 1276/12/2 1292/12/2
f 1276/11/2 1277/11/2 1293/11/2
f 1292/12/2 1276/12/2 1293/12/2
f 1277/10/2 1278/10/2 1294/10/2
f 1293/11/2 1277/11/2 1294/11/2
f 1278/13/2 1279/13/2 1295/13/2
f 1294/10/2 1278/10/2 1295/10/2
f 1281/12/2 1282/12/2 1296/12/2
f 1295/13/2 1279/13/2 1296/13/2
f 1280/12/2 1281/12/2 1296/12/2
f 1279/12/2 1280/12/2 1296/12/2
f 1296/12/2 1282/12/2 1297/12/2
f 1297/12/2 1282/12/2 1298/12/2
f 1298/12/2 1282/12/2 1299/12/2
f 1283/11/2 1284/11/2 1300/11/2
f 1284/11/2 1285/11/2 1300/11/2
f 1285/11/2 1286/11/2 1300/11/2
f 1300/11/2 1286/11/2 1301/11/2
f 1286/12/2 1287/12/2 1302/12/2
f 1301/11/2 1286/11/2 1302/11/2
f 1287/11/2 1288/11/2 1303/11/2
f 1302/12/2 1287/12/2 1303/12/2
f 1288/13/2 1289/13/2 1304/13/2
f 1303/11/2 1288/11/2 1304/11/2
f 1289/12/2 1290/12/2 1305/12/2
f 1304/13/2 1289/13/2 1305/13/2
f 1290/10/2 1291/10/2 1306/10/2
f 1305/12/2 1290/12/2 1306/12/2
f 1291/13/2 1292/13/2 1307/13/2
f 1306/10/2 1291/10/2 1307/10/2
f 1292/12/2 1293/12/2 1308/12/2
f 1307/13/2 1292/13/2 1308/13/2
f 1293/10/2 1294/10/2 1309/10/2
f 1308/12/2 1293/12/2 1309/12/2
f 1294/12/2 1295/12/2 1310/12/2
f 1309/10/2 1294/10/2 1310/10/2
f 1295/10/2 1296/10/2 1311/10/2
f 1310/12/2 1295/12/2 1311/12/2
f 1296/13/2 1297/13/2 1312/13/2
f 1311/10/2 1296/10/2 1312/10/2
f 1297/12/2 1298/12/2 1313/12/2
f 1312/13/2 1297/13/2 1313/13/2
f 1298/10/2 1299/10/2 1314/10/2
f 1313/12/2 1298/12/2 1314/12/2
f 1314/10/2 1299/10/2 1315/10/2
f 1300/12/2 1301/12/2 1316/12/2
f 1316/12/2 1301/12/2 1317/12/2
f 1301/11/2 1302/11/2 1318/11/2
f 1317/12/2 1301/12/2 1318/12/2
f 1302/10/2 1303/10/2 1319/10/2
f 1318/11/2 1302/11/2 1319/11/2
f 1303/10/2 1304/10/2 1319/10/2
f 1319/10/2 1304/10/2 1320/10/2
f 1304/11/2 1305/11/2 1321/11/2
f 1320/10/2 1304/10/2 1321/10/2
f 1305/10/2 1306/10/2 1322/10/2
f 1321/11/2 1305/11/2 1322/11/2
f 1306/12/2 1307/12/2 1323/12/2
f 1322/10/2 1306/10/2 1323/10/2
f 1307/12/2 1308/12/2 1323/12/2
f 1323/12/2 1308/12/2 1324/12/2
f 1308/13/2 1309/13/2 1325/13/2
f 1309/11/2 1310/11/2 1325/11/2
f 1310/11/2 1311/11/2 1325/11/2
f 1325/11/2 1311/11/2 1326/11/2
f 1311/10/2 1312/10/2 1327/10/2
f 1326/11/2 1311/11/2 1327/11/2
f 1312/12/2 1313/12/2 1328/12/2
f 1327/10/2 1312/10/2 1328/10/2
f 1313/13/2 1314/13/2 1329/13/2
f 1328/12/2 1313/12/2 1329/12/2
f 1314/11/2 1315/11/2 1330/11/2
f 1329/13/2 1314/13/2 1330/13/2
f 1330/11/2 1315/11/2 1331/11/2
f 1316/10/2 1317/10/2 1332/10/2
f 1317/13/2 1318/13/2 1333/13/2
f 1332/10/2 1317/10/2 1333/10/2
f 1319/10/2 1320/10/2 1334/10/2
f 1333/13/2 1318/13/2 1334/13/2
f 1318/10/2 1319/10/2 1334/10/2
f 1334/10/2 1320/10/2 1335/10/2
f 1320/13/2 1321/13/2 1336/13/2
f 1335/10/2 1320/10/2 1336/10/2
f 1321/13/2 1322/13/2 1336/13/2
f 1336/13/2 1322/13/2 1337/13/2
f 1322/12/2 1323/12/2 1338/12/2
f 1337/13/2 1322/13/2 1338/13/2
f 1323/10/2 1324/10/2 1339/10/2
f 1338/12/2 1323/12/2 1339/12/2
f 1324/12/2 1308/12/2 1340/12/2
f 1339/10/2 1324/10/2 1340/10/2
f 1308/13/2 1325/13/2 1341/13/2
f 1340/12/2 1308/12/2 1341/12/2
f 1325/10/2 1326/10/2 1342/10/2
f 1341/13/2 1325/13/2 1342/13/2
f 1326/11/2 1327/11/2 1343/11/2
f 1342/10/2 1326/10/2 1343/10/2
f 1330/13/2 1331/13/2 1344/13/2
f 1343/11/2 1327/11/2 1344/11/2
f 1327/13/2 1328/13/2 1344/13/2
f 1328/13/2 1329/13/2 1344/13/2
f 1329/13/2 1330/13/2 1344/13/2
f 1344/13/2 1331/13/2 1345/13/2
f 1345/13/2 1331/13/2 1346/13/2
f 1346/13/2 1331/13/2 1347/13/2
f 1332/11/2 1333/11/2 1348/11/2
f 1334/10/2 1335/10/2 1349/10/2
f 1348/11/2 1333/11/2 1349/11/2
f 1333/10/2 1334/10/2 1349/10/2
f 1349/10/2 1335/10/2 1350/10/2
f 1336/13/2 1337/13/2 1351/13/2
f 1350/10/2 1335/10/2 1351/10/2
f 1335/13/2 1336/13/2 1351/13/2
f 1351/13/2 1337/13/2 1352/13/2
f 1338/10/2 1339/10/2 1353/10/2
f 1352/13/2 1337/13/2 1353/13/2
f 1337/10/2 1338/10/2 1353/10/2
f 1339/10/2 1340/10/2 1353/10/2
f 1353/10/2 1340/10/2 1354/10/2
f 1340/11/2 1341/11/2 1355/11/2
f 1354/10/2 1340/10/2 1355/10/2
f 1341/10/2 1342/10/2 1356/10/2
f 1355/11/2 1341/11/2 1356/11/2
f 1342/10/2 1343/10/2 1356/10/2
f 1356/10/2 1343/10/2 1357/10/2
f 1343/12/2 1344/12/2 1358/12/2
f 1357/10/2 1343/10/2 1358/10/2
f 1344/10/2 1345/10/2 1359/10/2
f 1358/12/2 1344/12/2 1359/12/2
f 1345/12/2 1346/12/2 1360/12/2
f 1359/10/2 1345/10/2 1360/10/2
f 1346/11/2 1347/11/2 1361/11/2
f 1360/12/2 1346/12/2 1361/12/2
f 1361/11/2 1347/11/2 1362/11/2
f 1362/11/2 1347/11/2 1363/11/2
f 1348/12/2 1349/12/2 1364/12/2
f 1349/10/2 1350/10/2 1365/10/2
f 1364/12/2 1349/12/2 1365/12/2
f 1351/13/2 1352/13/2 1366/13/2
f 1365/10/2 1350/10/2 1366/10/2
f 1350/13/2 1351/13/2 1366/13/2
f 1366/13/2 1352/13/2 1367/13/2
f 1352/12/2 1353/12/2 1368/12/2
f 1367/13/2 1352/13/2 1368/13/2
f 1353/11/2 1354/11/2 1369/11/2
f 1368/12/2 1353/12/2 1369/12/2
f 1354/10/2 1355/10/2 1370/10/2
f 1369/11/2 1354/11/2 1370/11/2
f 1355/12/2 1356/12/2 1371/12/2
f 1370/10/2 1355/10/2 1371/10/2
f 1356/13/2 1357/13/2 1372/13/2
f 1371/12/2 1356/12/2 1372/12/2
f 1359/12/2 1360/12/2 1373/12/2
f 1372/13/2 1357/13/2 1373/13/2
f 1358/12/2 1359/12/2 1373/12/2
f 1357/12/2 1358/12/2 1373/12/2
f 1360/12/2 1361/12/2 1373/12/2
f 1373/12/2 1361/12/2 1374/12/2
f 1374/12/2 1361/12/2 1375/12/2
f 1375/12/2 1361/12/2 1376/12/2
f 1361/13/2 1362/13/2 1377/13/2
f 1376/12/2 1361/12/2 1377/12/2
f 1362/11/2 1363/11/2 1378/11/2
f 1377/13/2 1362/13/2 1378/13/2
f 1378/11/2 1363/11/2 1379/11/2
f 1364/10/2 1365/10/2 1380/10/2
f 1366/13/2 1367/13/2 1381/13/2
f 1380/10/2 1365/10/2 1381/10/2
f 1365/13/2 1366/13/2 1381/13/2
f 1381/13/2 1367/13/2 1382/13/2
f 1367/12/2 1368/12/2 1383/12/2
f 1382/13/2 1367/13/2 1383/13/2
f 1368/11/2 1369/11/2 1384/11/2
f 1383/12/2 1368/12/2 1384/12/2
f 1369/13/2 1370/13/2 1385/13/2
f 1384/11/2 1369/11/2 1385/11/2
f 1370/12/2 1371/12/2 1386/12/2
f 1385/13/2 1370/13/2 1386/13/2
f 1386/12/2 1371/12/2 1387/12/2
f 1371/10/2 1372/10/2 1388/10/2
f 1387/12/2 1371/12/2 1388/12/2
f 1372/13/2 1373/13/2 1389/13/2
f 1388/10/2 1372/10/2 1389/10/2
f 1373/13/2 1374/13/2 1389/13/2
f 1389/13/2 1374/13/2 1390/13/2
f 1374/11/2 1375/11/2 1391/11/2
f 1390/13/2 1374/13/2 1391/13/2
f 1375/12/2 1376/12/2 1392/12/2
f 1391/11/2 1375/11/2 1392/11/2
f 1376/10/2 1377/10/2 1393/10/2
f 1392/12/2 1376/12/2 1393/12/2
f 1377/13/2 1378/13/2 1394/13/2
f 1393/10/2 1377/10/2 1394/10/2
f 1378/10/2 1379/10/2 1395/10/2
f 1394/13/2 1378/13/2 1395/13/2
f 1395/10/2 1379/10/2 1396/10/2
f 1380/13/2 1381/13/2 1397/13/2
f 1381/11/2 1382/11/2 1398/11/2
f 1397/13/2 1381/13/2 1398/13/2
f 1382/13/2 1383/13/2 1399/13/2
f 1398/11/2 1382/11/2 1399/11/2
f 1383/13/2 1384/13/2 1399/13/2
f 1399/13/2 1384/13/2 1400/13/2
f 1384/10/2 1385/10/2 1401/10/2
f 1400/13/2 1384/13/2 1401/13/2
f 1385/11/2 1386/11/2 1402/11/2
f 1401/10/2 1385/10/2 1402/10/2
f 1386/12/2 1387/12/2 1403/12/2
f 1402/11/2 1386/11/2 1403/11/2
f 1387/11/2 1388/11/2 1404/11/2
f 1403/12/2 1387/12/2 1404/12/2
f 1388/11/2 1389/11/2 1404/11/2
f 1404/11/2 1389/11/2 1405/11/2
f 1389/10/2 1390/10/2 1406/10/2
f 1405/11/2 1389/11/2 1406/11/2
f 1390/13/2 1391/13/2 1407/13/2
f 1406/10/2 1390/10/2 1407/10/2
f 1391/12/2 1392/12/2 1408/12/2
f 1407/13/2 1391/13/2 1408/13/2
f 1392/10/2 1393/10/2 1409/10/2
f 1408/12/2 1392/12/2 1409/12/2
f 1393/12/2 1394/12/2 1410/12/2
f 1409/10/2 1393/10/2 1410/10/2
f 1395/12/2 1396/12/2 1410/12/2
f 1394/12/2 1395/12/2 1410/12/2
f 1410/12/2 1396/12/2 1411/12/2
f 1411/12/2 1396/12/2 1412/12/2
f 1412/12/2 1396/12/2 1413/12/2
f 1397/10/2 1398/10/2 1414/10/2
f 1399/11/2 1400/11/2 1415/11/2
f 1414/10/2 1398/10/2 1415/10/2
f 1398/11/2 1399/11/2 1415/11/2
f 1415/11/2 1400/11/2 1416/11/2
f 1400/13/2 1401/13/2 1417/13/2
f 1416/11/2 1400/11/2 1417/11/2
f 1401/11/2 1402/11/2 1418/11/2
f 1417/13/2 1401/13/2 1418/13/2
f 1402/12/2 1403/12/2 1419/12/2
f 1418/11/2 1402/11/2 1419/11/2
f 1403/10/2 1404/10/2 1420/10/2
f 1419/12/2 1403/12/2 1420/12/2
f 1404/11/2 1405/11/2 1421/11/2
f 1420/10/2 1404/10/2 1421/10/2
f 1405/13/2 1406/13/2 1422/13/2
f 1421/11/2 1405/11/2 1422/11/2
f 1406/11/2 1407/11/2 1423/11/2
f 1422/13/2 1406/13/2 1423/13/2
f 1408/11/2 1409/11/2 1423/11/2
f 1407/11/2 1408/11/2 1423/11/2
f 1423/11/2 1409/11/2 1424/11/2
f 1424/11/2 1409/11/2 1425/11/2
f 1409/10/2 1410/10/2 1426/10/2
f 1425/11/2 1409/11/2 1426/11/2
f 1410/13/2 1411/13/2 1427/13/2
f 1426/10/2 1410/10/2 1427/10/2
f 1411/11/2 1412/11/2 1428/11/2
f 1427/13/2 1411/13/2 1428/13/2
f 1412/10/2 1413/10/2 1429/10/2
f 1428/11/2 1412/11/2 1429/11/2
f 1429/10/2 1413/10/2 1430/10/2
f 1414/11/2 1415/11/2 1431/11/2
f 1415/10/2 1416/10/2 1432/10/2
f 1431/11/2 1415/11/2 1432/11/2
f 1416/11/2 1417/11/2 1433/11/2
f 1432/10/2 1416/10/2 1433/10/2
f 1420/11/2 1421/11/2 1433/11/2
f 1418/11/2 1419/11/2 1433/11/2
f 1417/11/2 1418/11/2 1433/11/2
f 1419/11/2 1420/11/2 1433/11/2
f 1433/11/2 1421/11/2 1434/11/2
f 1434/11/2 1421/11/2 1435/11/2
f 1421/10/2 1422/10/2 1436/10/2
f 1435/11/2 1421/11/2 1436/11/2
f 1423/12/2 1424/12/2 1437/12/2
f 1436/10/2 1422/10/2 1437/10/2
f 1422/12/2 1423/12/2 1437/12/2
f 1424/10/2 1425/10/2 1438/10/2
f 1437/12/2 1424/12/2 1438/12/2
f 1425/11/2 1426/11/2 1439/11/2
f 1438/10/2 1425/10/2 1439/10/2
f 1426/12/2 1427/12/2 1440/12/2
f 1439/11/2 1426/11/2 1440/11/2
f 1427/10/2 1428/10/2 1441/10/2
f 1440/12/2 1427/12/2 1441/12/2
f 1428/13/2 1429/13/2 1442/13/2
f 1441/10/2 1428/10/2 1442/10/2
f 1429/12/2 1430/12/2 1443/12/2
f 1442/13/2 1429/13/2 1443/13/2
f 1443/12/2 1430/12/2 1444/12/2
f 1431/13/2 1432/13/2 1445/13/2
f 1432/11/2 1433/11/2 1446/11/2
f 1445/13/2 1432/13/2 1446/13/2
f 1433/12/2 1434/12/2 1447/12/2
f 1446/11/2 1433/11/2 1447/11/2
f 1447/12/2 1434/12/2 1448/12/2
f 1434/10/2 1435/10/2 1449/10/2
f 1448/12/2 1434/12/2 1449/12/2
f 1449/10/2 1435/10/2 1450/10/2
f 1435/13/2 1436/13/2 1451/13/2
f 1450/10/2 1435/10/2 1451/10/2
f 1436/10/2 1437/10/2 1452/10/2
f 1451/13/2 1436/13/2 1452/13/2
f 1437/10/2 1438/10/2 1452/10/2
f 1452/10/2 1438/10/2 1453/10/2
f 1438/11/2 1439/11/2 1454/11/2
f 1453/10/2 1438/10/2 1454/10/2
f 1440/12/2 1441/12/2 1455/12/2
f 1454/11/2 1439/11/2 1455/11/2
f 1439/12/2 1440/12/2 1455/12/2
f 1455/12/2 1441/12/2 1456/12/2
f 1441/11/2 1442/11/2 1457/11/2
f 1456/12/2 1441/12/2 1457/12/2
f 1442/11/2 1443/11/2 1457/11/2
f 1443/11/2 1444/11/2 1457/11/2
f 1457/11/2 1444/11/2 1458/11/2
f 1458/11/2 1444/11/2 1459/11/2
f 1459/11/2 1444/11/2 1460/11/2
f 1445/13/2 1446/13/2 1461/13/2
f 1446/13/2 1447/13/2 1461/13/2
f 1447/12/2 1448/12/2 1462/12/2
f 1461/13/2 1447/13/2 1462/13/2
f 1448/11/2 1449/11/2 1463/11/2
f 1462/12/2 1448/12/2 1463/12/2
f 1449/12/2 1450/12/2 1464/12/2
f 1463/11/2 1449/11/2 1464/11/2
f 1450/13/2 1451/13/2 1465/13/2
f 1464/12/2 1450/12/2 1465/12/2
f 1452/12/2 1453/12/2 1466/12/2
f 1451/11/2 1452/11/2 1466/11/2
f 1453/10/2 1454/10/2 1467/10/2
f 1466/12/2 1453/12/2 1467/12/2
f 1454/13/2 1455/13/2 1468/13/2
f 1467/10/2 1454/10/2 1468/10/2
f 1455/12/2 1456/12/2 1469/12/2
f 1468/13/2 1455/13/2 1469/13/2
f 1456/10/2 1457/10/2 1470/10/2
f 1469/12/2 1456/12/2 1470/12/2
f 1457/13/2 1458/13/2 1471/13/2
f 1470/10/2 1457/10/2 1471/10/2
f 1458/12/2 1459/12/2 1472/12/2
f 1471/13/2 1458/13/2 1472/13/2
f 1459/13/2 1460/13/2 1473/13/2
f 1472/12/2 1459/12/2 1473/12/2
f 1473/13/2 1460/13/2 1474/13/2
f 1461/10/2 1462/10/2 1475/10/2
f 1475/10/2 1462/10/2 1476/10/2
f 1462/11/2 1463/11/2 1477/11/2
f 1476/10/2 1462/10/2 1477/10/2
f 1464/13/2 1465/13/2 1478/13/2
f 1477/11/2 1463/11/2 1478/11/2
f 1463/13/2 1464/13/2 1478/13/2
f 1478/13/2 1465/13/2 1479/13/2
f 1465/13/2 1451/13/2 1480/13/2
f 1479/13/2 1465/13/2 1480/13/2
f 1451/11/2 1466/11/2 1481/11/2
f 1480/13/2 1451/13/2 1481/13/2
f 1466/13/2 1467/13/2 1482/13/2
f 1481/11/2 1466/11/2 1482/11/2
f 1482/13/2 1467/13/2 1483/13/2
f 1467/10/2 1468/10/2 1484/10/2
f 1483/13/2 1467/13/2 1484/13/2
f 1468/12/2 1469/12/2 1485/12/2
f 1484/10/2 1468/10/2 1485/10/2
f 1469/12/2 1470/12/2 1485/12/2
f 1470/12/2 1471/12/2 1485/12/2
f 1485/12/2 1471/12/2 1486/12/2
f 1486/12/2 1471/12/2 1487/12/2
f 1471/10/2 1472/10/2 1488/10/2
f 1487/12/2 1471/12/2 1488/12/2
f 1472/10/2 1473/10/2 1488/10/2
f 1488/10/2 1473/10/2 1489/10/2
f 1473/11/2 1474/11/2 1490/11/2
f 1489/10/2 1473/10/2 1490/10/2
f 1490/11/2 1474/11/2 1491/11/2
f 1475/13/2 1476/13/2 1492/13/2
f 1476/11/2 1477/11/2 1493/11/2
f 1492/13/2 1476/13/2 1493/13/2
f 1478/12/2 1479/12/2 1494/12/2
f 1493/11/2 1477/11/2 1494/11/2
f 1477/12/2 1478/12/2 1494/12/2
f 1479/10/2 1480/10/2 1495/10/2
f 1494/12/2 1479/12/2 1495/12/2
f 1480/11/2 1481/11/2 1496/11/2
f 1495/10/2 1480/10/2 1496/10/2
f 1481/13/2 1482/13/2 1497/13/2
f 1496/11/2 1481/11/2 1497/11/2
f 1482/10/2 1483/10/2 1498/10/2
f 1497/13/2 1482/13/2 1498/13/2
f 1483/13/2 1484/13/2 1499/13/2
f 1498/10/2 1483/10/2 1499/10/2
f 1484/13/2 1485/13/2 1499/13/2
f 1499/13/2 1485/13/2 1500/13/2
f 1485/11/2 1486/11/2 1501/11/2
f 1500/13/2 1485/13/2 1501/13/2
f 1486/13/2 1487/13/2 1502/13/2
f 1501/11/2 1486/11/2 1502/11/2
f 1488/10/2 1489/10/2 1503/10/2
f 1502/13/2 1487/13/2 1503/13/2
f 1487/10/2 1488/10/2 1503/10/2
f 1489/13/2 1490/13/2 1504/13/2
f 1503/10/2 1489/10/2 1504/10/2
f 1490/10/2 1491/10/2 1505/10/2
f 1504/13/2 1490/13/2 1505/13/2
f 1505/10/2 1491/10/2 1506/10/2
f 1493/13/2 1494/13/2 1507/13/2
f 1492/13/2 1493/13/2 1507/13/2
f 1507/13/2 1494/13/2 1508/13/2
f 1494/11/2 1495/11/2 1509/11/2
f 1508/13/2 1494/13/2 1509/13/2
f 1509/11/2 1495/11/2 1510/11/2
f 1495/10/2 1496/10/2 1511/10/2
f 1510/11/2 1495/11/2 1511/11/2
f 1496/13/2 1497/13/2 1512/13/2
f 1497/12/2 1498/12/2 1512/12/2
f 1498/12/2 1499/12/2 1512/12/2
f 1512/12/2 1499/12/2 1513/12/2
f 1499/10/2 1500/10/2 1514/10/2
f 1513/12/2 1499/12/2 1514/12/2
f 1500/11/2 1501/11/2 1515/11/2
f 1501/12/2 1502/12/2 1515/12/2
f 1502/10/2 1503/10/2 1516/10/2
f 1515/12/2 1502/12/2 1516/12/2
f 1505/11/2 1506/11/2 1517/11/2
f 1516/10/2 1503/10/2 1517/10/2
f 1503/11/2 1504/11/2 1517/11/2
f 1504/11/2 1505/11/2 1517/11/2
f 1517/11/2 1506/11/2 1518/11/2
f 1518/11/2 1506/11/2 1519/11/2
f 1519/11/2 1506/11/2 1520/11/2
f 1507/11/2 1508/11/2 1521/11/2
f 1508/10/2 1509/10/2 1522/10/2
f 1521/11/2 1508/11/2 1522/11/2
f 1509/11/2 1510/11/2 1523/11/2
f 1522/10/2 1509/10/2 1523/10/2
f 1510/13/2 1511/13/2 1524/13/2
f 1523/11/2 1510/11/2 1524/11/2
f 1511/10/2 1496/10/2 1525/10/2
f 1524/13/2 1511/13/2 1525/13/2
f 1496/13/2 1512/13/2 1526/13/2
f 1525/10/2 1496/10/2 1526/10/2
f 1512/10/2 1513/10/2 1527/10/2
f 1526/13/2 1512/13/2 1527/13/2
f 1513/11/2 1514/11/2 1528/11/2
f 1527/10/2 1513/10/2 1528/10/2
f 1514/10/2 1500/10/2 1529/10/2
f 1528/11/2 1514/11/2 1529/11/2
f 1515/11/2 1516/11/2 1530/11/2
f 1529/10/2 1500/10/2 1530/10/2
f 1500/11/2 1515/11/2 1530/11/2
f 1530/11/2 1516/11/2 1531/11/2
f 1516/10/2 1517/10/2 1532/10/2
f 1531/11/2 1516/11/2 1532/11/2
f 1517/10/2 1518/10/2 1532/10/2
f 1518/13/2 1519/13/2 1533/13/2
f 1532/10/2 1518/10/2 1533/10/2
f 1519/12/2 1520/12/2 1534/12/2
f 1533/13/2 1519/13/2 1534/13/2
f 1534/12/2 1520/12/2 1535/12/2
f 1523/13/2 1524/13/2 1536/13/2
f 1522/13/2 1523/13/2 1536/13/2
f 1521/13/2 1522/13/2 1536/13/2
f 1536/13/2 1524/13/2 1537/13/2
f 1537/13/2 1524/13/2 1538/13/2
f 1524/12/2 1525/12/2 1539/12/2
f 1538/13/2 1524/13/2 1539/13/2
f 1525/13/2 1526/13/2 1540/13/2
f 1539/12/2 1525/12/2 1540/12/2
f 1526/10/2 1527/10/2 1541/10/2
f 1540/13/2 1526/13/2 1541/13/2
f 1528/12/2 1529/12/2 1542/12/2
f 1541/10/2 1527/10/2 1542/10/2
f 1527/12/2 1528/12/2 1542/12/2
f 1542/12/2 1529/12/2 1543/12/2
f 1529/11/2 1530/11/2 1544/11/2
f 1543/12/2 1529/12/2 1544/12/2
f 1530/13/2 1531/13/2 1545/13/2
f 1544/11/2 1530/11/2 1545/11/2
f 1531/12/2 1532/12/2 1546/12/2
f 1545/13/2 1531/13/2 1546/13/2
f 1532/13/2 1533/13/2 1547/13/2
f 1546/12/2 1532/12/2 1547/12/2
f 1533/12/2 1534/12/2 1548/12/2
f 1547/13/2 1533/13/2 1548/13/2
f 1548/12/2 1534/12/2 1549/12/2
f 1534/11/2 1535/11/2 1550/11/2
f 1549/12/2 1534/12/2 1550/12/2
f 1550/11/2 1535/11/2 1551/11/2
f 1536/11/2 1537/11/2 1552/11/2
f 1537/12/2 1538/12/2 1553/12/2
f 1552/11/2 1537/11/2 1553/11/2
f 1538/13/2 1539/13/2 1554/13/2
f 1553/12/2 1538/12/2 1554/12/2
f 1539/11/2 1540/11/2 1555/11/2
f 1554/13/2 1539/13/2 1555/13/2
f 1540/10/2 1541/10/2 1556/10/2
f 1555/11/2 1540/11/2 1556/11/2
f 1541/13/2 1542/13/2 1557/13/2
f 1556/10/2 1541/10/2 1557/10/2
f 1542/10/2 1543/10/2 1558/10/2
f 1557/13/2 1542/13/2 1558/13/2
f 1543/13/2 1544/13/2 1559/13/2
f 1558/10/2 1543/10/2 1559/10/2
f 1544/13/2 1545/13/2 1559/13/2
f 1546/12/2 1547/12/2 1560/12/2
f 1559/13/2 1545/13/2 1560/13/2
f 1545/12/2 1546/12/2 1560/12/2
f 1548/10/2 1549/10/2 1561/10/2
f 1560/12/2 1547/12/2 1561/12/2
f 1547/10/2 1548/10/2 1561/10/2
f 1549/12/2 1550/12/2 1562/12/2
f 1561/10/2 1549/10/2 1562/10/2
f 1550/13/2 1551/13/2 1563/13/2
f 1562/12/2 1550/12/2 1563/12/2
f 1563/13/2 1551/13/2 1564/13/2
f 1565/5/2 1566/5/2 1567/5/2
f 1567/5/2 1566/5/2 1568/5/2
f 1567/9/2 1568/9/2 1570/9/2
f 1568/9/2 1569/9/2 1570/9/2
f 1570/9/2 1569/9/2 1571/9/2
f 1571/9/2 1569/9/2 1572/9/2
f 1570/8/2 1571/8/2 1573/8/2
f 1573/8/2 1571/8/2 1574/8/2
f 1575/5/2 1576/5/2 1577/5/2
f 1577/5/2 1576/5/2 1578/5/2
f 1577/9/2 1578/9/2 1579/9/2
f 1579/9/2 1578/9/2 1580/9/2
f 1581/17/2 1582/17/2 1583/17/2
f 1583/17/2 1582/17/2 1584/17/2
f 1585/20/2 1586/20/2 1588/20/2
f 1586/20/2 1587/20/2 1588/20/2
f 1588/20/2 1587/20/2 1589/20/2
f 1590/5/2 1591/5/2 1594/5/2
f 1594/5/2 1591/5/2 1595/5/2
f 1592/5/2 1593/5/2 1596/5/2
f 1596/5/2 1593/5/2 1597/5/2
f 1594/9/2 1595/9/2 1598/9/2
f 1598/9/2 1595/9/2 1599/9/2
f 1596/9/2 1597/9/2 1600/9/2
f 1600/9/2 1597/9/2 1601/9/2
f 1598/8/2 1599/8/2 1602/8/2
f 1602/8/2 1599/8/2 1603/8/2
f 1604/5/2 1605/5/2 1608/5/2
f 1606/5/2 1607/5/2 1608/5/2
f 1605/5/2 1606/5/2 1608/5/2
f 1608/5/2 1607/5/2 1609/5/2
f 1609/5/2 1607/5/2 1610/5/2
f 1610/5/2 1607/5/2 1611/5/2
f 1608/9/2 1609/9/2 1612/9/2
f 1612/9/2 1609/9/2 1613/9/2
f 1610/9/2 1611/9/2 1614/9/2
f 1614/9/2 1611/9/2 1615/9/2
f 1612/7/2 1613/7/2 1616/7/2
f 1613/7/2 1614/7/2 1616/7/2
f 1616/7/2 1614/7/2 1617/7/2
f 1618/6/2 1619/6/2 1620/6/2
f 1620/6/2 1619/6/2 1621/6/2
f 1622/6/2 1623/6/2 1625/6/2
f 1623/14/2 1624/14/2 1626/14/2
f 1625/6/2 1623/6/2 1626/6/2
f 1626/14/2 1624/14/2 1627/14/2
f 1628/20/2 1629/20/2 1631/20/2
f 1629/20/2 1630/20/2 1631/20/2
f 1631/20/2 1630/20/2 1632/20/2
f 1628/20/2 1631/20/2 1633/20/2
f 1632/20/2 1630/20/2 1634/20/2
f 1628/20/2 1633/20/2 1635/20/2
f 1633/20/2 1634/20/2 1635/20/2
f 1634/20/2 1630/20/2 1636/20/2
f 1635/20/2 1634/20/2 1636/20/2
f 1637/17/2 1638/17/2 1639/17/2
f 1639/17/2 1638/17/2 1640/17/2
f 1641/15/2 1642/15/2 1643/15/2
f 1643/15/2 1642/15/2 1644/15/2
f 1645/2/2 1646/2/2 1648/2/2
f 1648/2/2 1646/2/2 1649/2/2
f 1647/15/2 1648/15/2 1651/15/2
f 1651/15/2 1648/15/2 1652/15/2
f 1649/15/2 1650/15/2 1653/15/2
f 1653/15/2 1650/15/2 1654/15/2
f 1655/16/2 1656/16/2 1659/16/2
f 1659/16/2 1656/16/2 1660/16/2
f 1657/16/2 1658/16/2 1661/16/2
f 1661/16/2 1658/16/2 1662/16/2
f 1659/1/2 1660/1/2 1663/1/2
f 1663/1/2 1660/1/2 1664/1/2
f 1661/1/2 1662/1/2 1665/1/2
f 1665/1/2 1662/1/2 1666/1/2
f 1663/16/2 1664/16/2 1667/16/2
f 1667/16/2 1664/16/2 1668/16/2
f 1665/16/2 1666/16/2 1669/16/2
f 1669/16/2 1666/16/2 1670/16/2
f 1667/16/2 1668/16/2 1671/16/2
f 1669/1/2 1670/1/2 1672/1/2
f 1672/1/2 1670/1/2 1673/1/2
f 1667/16/2 1671/16/2 1674/16/2
f 1674/16/2 1671/16/2 1675/16/2
f 1672/16/2 1673/16/2 1676/16/2
f 1676/16/2 1673/16/2 1677/16/2
f 1674/16/2 1675/16/2 1678/16/2
f 1678/16/2 1675/16/2 1679/16/2
f 1676/1/2 1677/1/2 1680/1/2
f 1680/1/2 1677/1/2 1681/1/2
f 1678/16/2 1679/16/2 1682/16/2
f 1680/16/2 1681/16/2 1683/16/2
f 1683/16/2 1681/16/2 1684/16/2
f 1678/16/2 1682/16/2 1685/16/2
f 1685/16/2 1682/16/2 1686/16/2
f 1683/1/2 1684/1/2 1687/1/2
f 1687/1/2 1684/1/2 1688/1/2
f 1685/16/2 1686/16/2 1689/16/2
f 1689/16/2 1686/16/2 1690/16/2
f 1687/16/2 1688/16/2 1691/16/2
f 1691/16/2 1688/16/2 1692/16/2
f 1689/15/2 1690/15/2 1693/15/2
f 1693/15/2 1690/15/2 1694/15/2
f 1691/15/2 1692/15/2 1695/15/2
f 1695/15/2 1692/15/2 1696/15/2
f 1697/16/2 1698/16/2 1701/16/2
f 1699/16/2 1700/16/2 1701/16/2
f 1698/16/2 1699/16/2 1701/16/2
f 1701/16/2 1700/16/2 1702/16/2
f 1701/1/2 1702/1/2 1703/1/2
f 1703/1/2 1702/1/2 1704/1/2
f 1703/16/2 1704/16/2 1705/16/2
f 1705/16/2 1704/16/2 1706/16/2
f 1705/1/2 1706/1/2 1707/1/2
f 1707/1/2 1706/1/2 1708/1/2
f 1707/16/2 1708/16/2 1709/16/2
f 1709/16/2 1708/16/2 1710/16/2
f 1709/1/2 1710/1/2 1711/1/2
f 1711/1/2 1710/1/2 1712/1/2
f 1711/16/2 1712/16/2 1713/16/2
f 1713/16/2 1712/16/2 1714/16/2
f 1713/1/2 1714/1/2 1717/1/2
f 1717/1/2 1714/1/2 1718/1/2
f 1715/4/2 1716/4/2 1720/4/2
f 1720/4/2 1716/4/2 1721/4/2
f 1717/16/2 1718/16/2 1725/16/2
f 1725/16/2 1718/16/2 1726/16/2
f 1723/20/2 1724/20/2 1727/20/2
f 1727/20/2 1724/20/2 1728/20/2
f 1725/15/2 1726/15/2 1729/15/2
f 1729/15/2 1726/15/2 1730/15/2
f 1719/4/2 1720/4/2 1733/4/2
f 1721/4/2 1722/4/2 1734/4/2
f 1731/8/2 1732/8/2 1735/8/2
f 1727/8/2 1728/8/2 1736/8/2
f 1719/4/2 1733/4/2 1737/4/2
f 1737/4/2 1733/4/2 1738/4/2
f 1734/4/2 1722/4/2 1739/4/2
f 1739/4/2 1722/4/2 1740/4/2
f 1731/8/2 1735/8/2 1741/8/2
f 1741/8/2 1735/8/2 1742/8/2
f 1736/8/2 1728/8/2 1743/8/2
f 1743/8/2 1728/8/2 1744/8/2
f 1738/4/2 1739/4/2 1745/4/2
f 1745/4/2 1739/4/2 1746/4/2
f 1742/8/2 1743/8/2 1747/8/2
f 1747/8/2 1743/8/2 1748/8/2
f 1749/10/2 1750/10/2 1764/10/2
f 1764/10/2 1750/10/2 1765/10/2
f 1750/11/2 1751/11/2 1766/11/2
f 1765/10/2 1750/10/2 1766/10/2
f 1751/10/2 1752/10/2 1767/10/2
f 1766/11/2 1751/11/2 1767/11/2
f 1752/11/2 1753/11/2 1768/11/2
f 1767/10/2 1752/10/2 1768/10/2
f 1753/12/2 1754/12/2 1769/12/2
f 1768/11/2 1753/11/2 1769/11/2
f 1754/13/2 1755/13/2 1770/13/2
f 1769/12/2 1754/12/2 1770/12/2
f 1755/11/2 1756/11/2 1771/11/2
f 1770/13/2 1755/13/2 1771/13/2
f 1756/12/2 1757/12/2 1772/12/2
f 1771/11/2 1756/11/2 1772/11/2
f 1757/13/2 1758/13/2 1773/13/2
f 1772/12/2 1757/12/2 1773/12/2
f 1758/12/2 1759/12/2 1774/12/2
f 1773/13/2 1758/13/2 1774/13/2
f 1759/10/2 1760/10/2 1775/10/2
f 1774/12/2 1759/12/2 1775/12/2
f 1760/12/2 1761/12/2 1776/12/2
f 1775/10/2 1760/10/2 1776/10/2
f 1776/12/2 1761/12/2 1777/12/2
f 1761/13/2 1762/13/2 1778/13/2
f 1777/12/2 1761/12/2 1778/12/2
f 1762/11/2 1763/11/2 1779/11/2
f 1778/13/2 1762/13/2 1779/13/2
f 1779/11/2 1763/11/2 1780/11/2
f 1781/13/2 1782/13/2 1785/13/2
f 1783/13/2 1784/13/2 1786/13/2
f 1786/13/2 1784/13/2 1787/13/2
f 1781/13/2 1785/13/2 1788/13/2
f 1788/13/2 1785/13/2 1789/13/2
f 1786/10/2 1787/10/2 1790/10/2
f 1788/10/2 1789/10/2 1791/10/2
f 1790/10/2 1787/10/2 1792/10/2
f 1792/10/2 1787/10/2 1793/10/2
f 1788/10/2 1791/10/2 1794/10/2
f 1794/10/2 1791/10/2 1795/10/2
f 1792/12/2 1793/12/2 1796/12/2
f 1796/12/2 1793/12/2 1797/12/2
f 1794/12/2 1795/12/2 1798/12/2
f 1798/12/2 1795/12/2 1799/12/2
f 1798/10/2 1799/10/2 1800/10/2
f 1800/10/2 1799/10/2 1801/10/2
f 1796/13/2 1797/13/2 1802/13/2
f 1802/13/2 1797/13/2 1803/13/2
f 1800/12/2 1801/12/2 1804/12/2
f 1802/11/2 1803/11/2 1805/11/2
f 1805/11/2 1803/11/2 1806/11/2
f 1800/12/2 1804/12/2 1807/12/2
f 1807/12/2 1804/12/2 1808/12/2
f 1805/12/2 1806/12/2 1809/12/2
f 1807/13/2 1808/13/2 1810/13/2
f 1810/13/2 1808/13/2 1811/13/2
f 1809/12/2 1806/12/2 1812/12/2
f 1812/12/2 1806/12/2 1813/12/2
f 1810/12/2 1811/12/2 1814/12/2
f 1814/12/2 1811/12/2 1815/12/2
f 1812/10/2 1813/10/2 1816/10/2
f 1816/10/2 1813/10/2 1817/10/2
f 1814/11/2 1815/11/2 1818/11/2
f 1818/11/2 1815/11/2 1819/11/2
f 1816/12/2 1817/12/2 1820/12/2
f 1820/12/2 1817/12/2 1821/12/2
f 1818/13/2 1819/13/2 1822/13/2
f 1822/13/2 1819/13/2 1823/13/2
f 1820/13/2 1821/13/2 1824/13/2
f 1824/13/2 1821/13/2 1825/13/2
f 1822/11/2 1823/11/2 1826/11/2
f 1826/11/2 1823/11/2 1827/11/2
f 1824/12/2 1825/12/2 1828/12/2
f 1828/12/2 1825/12/2 1829/12/2
f 1826/12/2 1827/12/2 1830/12/2
f 1828/11/2 1829/11/2 1831/11/2
f 1831/11/2 1829/11/2 1832/11/2
f 1826/12/2 1830/12/2 1833/12/2
f 1833/12/2 1830/12/2 1834/12/2
f 1831/10/2 1832/10/2 1835/10/2
f 1835/10/2 1832/10/2 1836/10/2
f 1833/13/2 1834/13/2 1837/13/2
f 1837/13/2 1834/13/2 1838/13/2
f 1835/12/2 1836/12/2 1839/12/2
f 1839/12/2 1836/12/2 1840/12/2
f 1841/10/2 1842/10/2 1856/10/2
f 1842/12/2 1843/12/2 1857/12/2
f 1856/10/2 1842/10/2 1857/10/2
f 1843/10/2 1844/10/2 1858/10/2
f 1857/12/2 1843/12/2 1858/12/2
f 1858/10/2 1844/10/2 1859/10/2
f 1844/12/2 1845/12/2 1860/12/2
f 1859/10/2 1844/10/2 1860/10/2
f 1845/10/2 1846/10/2 1861/10/2
f 1860/12/2 1845/12/2 1861/12/2
f 1846/13/2 1847/13/2 1862/13/2
f 1861/10/2 1846/10/2 1862/10/2
f 1847/12/2 1848/12/2 1863/12/2
f 1862/13/2 1847/13/2 1863/13/2
f 1848/10/2 1849/10/2 1864/10/2
f 1863/12/2 1848/12/2 1864/12/2
f 1864/10/2 1849/10/2 1865/10/2
f 1849/11/2 1850/11/2 1866/11/2
f 1865/10/2 1849/10/2 1866/10/2
f 1866/11/2 1850/11/2 1867/11/2
f 1850/13/2 1851/13/2 1868/13/2
f 1867/11/2 1850/11/2 1868/11/2
f 1851/10/2 1852/10/2 1869/10/2
f 1868/13/2 1851/13/2 1869/13/2
f 1852/12/2 1853/12/2 1870/12/2
f 1869/10/2 1852/10/2 1870/10/2
f 1853/10/2 1854/10/2 1871/10/2
f 1870/12/2 1853/12/2 1871/12/2
f 1854/12/2 1855/12/2 1872/12/2
f 1871/10/2 1854/10/2 1872/10/2
f 1872/12/2 1855/12/2 1873/12/2
f 1856/13/2 1857/13/2 1874/13/2
f 1874/13/2 1857/13/2 1875/13/2
f 1872/12/2 1873/12/2 1876/12/2
f 1876/12/2 1873/12/2 1877/12/2
f 1874/12/2 1875/12/2 1878/12/2
f 1878/12/2 1875/12/2 1879/12/2
f 1876/10/2 1877/10/2 1880/10/2
f 1880/10/2 1877/10/2 1881/10/2
f 1878/11/2 1879/11/2 1882/11/2
f 1882/11/2 1879/11/2 1883/11/2
f 1880/11/2 1881/11/2 1884/11/2
f 1884/11/2 1881/11/2 1885/11/2
f 1882/12/2 1883/12/2 1886/12/2
f 1886/12/2 1883/12/2 1887/12/2
f 1884/10/2 1885/10/2 1888/10/2
f 1888/10/2 1885/10/2 1889/10/2
f 1886/10/2 1887/10/2 1890/10/2
f 1890/10/2 1887/10/2 1891/10/2
f 1888/12/2 1889/12/2 1892/12/2
f 1892/12/2 1889/12/2 1893/12/2
f 1890/13/2 1891/13/2 1894/13/2
f 1894/13/2 1891/13/2 1895/13/2
f 1892/12/2 1893/12/2 1896/12/2
f 1896/12/2 1893/12/2 1897/12/2
f 1894/11/2 1895/11/2 1898/11/2
f 1898/11/2 1895/11/2 1899/11/2
f 1896/10/2 1897/10/2 1900/10/2
f 1900/10/2 1897/10/2 1901/10/2
f 1898/13/2 1899/13/2 1902/13/2
f 1902/13/2 1899/13/2 1903/13/2
f 1900/10/2 1901/10/2 1904/10/2
f 1904/10/2 1901/10/2 1905/10/2
f 1902/11/2 1903/11/2 1906/11/2
f 1906/11/2 1903/11/2 1907/11/2
f 1904/13/2 1905/13/2 1908/13/2
f 1908/13/2 1905/13/2 1909/13/2
f 1906/10/2 1907/10/2 1910/10/2
f 1910/10/2 1907/10/2 1911/10/2
f 1908/10/2 1909/10/2 1912/10/2
f 1912/10/2 1909/10/2 1913/10/2
f 1910/12/2 1911/12/2 1914/12/2
f 1914/12/2 1911/12/2 1915/12/2
f 1912/10/2 1913/10/2 1916/10/2
f 1914/13/2 1915/13/2 1917/13/2
f 1917/13/2 1915/13/2 1918/13/2
f 1912/10/2 1916/10/2 1919/10/2
f 1919/10/2 1916/10/2 1920/10/2
f 1917/12/2 1918/12/2 1921/12/2
f 1921/12/2 1918/12/2 1922/12/2
f 1919/10/2 1920/10/2 1923/10/2
f 1923/10/2 1920/10/2 1924/10/2
f 1921/10/2 1922/10/2 1925/10/2
f 1925/10/2 1922/10/2 1926/10/2
f 1923/12/2 1924/12/2 1927/12/2
f 1927/12/2 1924/12/2 1928/12/2
f 1925/12/2 1926/12/2 1929/12/2
f 1929/12/2 1926/12/2 1930/12/2
f 1927/10/2 1928/10/2 1931/10/2
f 1931/10/2 1928/10/2 1932/10/2
f 1929/13/2 1930/13/2 1933/13/2
f 1933/13/2 1930/13/2 1934/13/2
f 1931/11/2 1932/11/2 1947/11/2
f 1947/11/2 1932/11/2 1948/11/2
f 1933/13/2 1934/13/2 1949/13/2
f 1934/13/2 1935/13/2 1949/13/2
f 1935/12/2 1936/12/2 1950/12/2
f 1949/13/2 1935/13/2 1950/13/2
f 1950/12/2 1936/12/2 1951/12/2
f 1936/10/2 1937/10/2 1952/10/2
f 1951/12/2 1936/12/2 1952/12/2
f 1937/10/2 1938/10/2 1952/10/2
f 1952/10/2 1938/10/2 1953/10/2
f 1938/12/2 1939/12/2 1954/12/2
f 1953/10/2 1938/10/2 1954/10/2
f 1939/12/2 1940/12/2 1954/12/2
f 1940/12/2 1941/12/2 1954/12/2
f 1941/12/2 1942/12/2 1954/12/2
f 1954/12/2 1942/12/2 1955/12/2
f 1955/12/2 1942/12/2 1956/12/2
f 1942/13/2 1943/13/2 1957/13/2
f 1956/12/2 1942/12/2 1957/12/2
f 1943/11/2 1944/11/2 1958/11/2
f 1957/13/2 1943/13/2 1958/13/2
f 1944/12/2 1945/12/2 1959/12/2
f 1958/11/2 1944/11/2 1959/11/2
f 1945/11/2 1946/11/2 1960/11/2
f 1959/12/2 1945/12/2 1960/12/2
f 1946/10/2 1947/10/2 1961/10/2
f 1960/11/2 1946/11/2 1961/11/2
f 1947/13/2 1948/13/2 1962/13/2
f 1961/10/2 1947/10/2 1962/10/2
f 1962/13/2 1948/13/2 1963/13/2
f 1964/18/2 1965/18/2 1978/18/2
f 1965/17/2 1966/17/2 1979/17/2
f 1978/18/2 1965/18/2 1979/18/2
f 1966/19/2 1967/19/2 1980/19/2
f 1979/17/2 1966/17/2 1980/17/2
f 1967/18/2 1968/18/2 1981/18/2
f 1980/19/2 1967/19/2 1981/19/2
f 1968/17/2 1969/17/2 1982/17/2
f 1981/18/2 1968/18/2 1982/18/2
f 1969/18/2 1970/18/2 1983/18/2
f 1982/17/2 1969/17/2 1983/17/2
f 1970/19/2 1971/19/2 1984/19/2
f 1983/18/2 1970/18/2 1984/18/2
f 1971/18/2 1972/18/2 1985/18/2
f 1984/19/2 1971/19/2 1985/19/2
f 1972/19/2 1973/19/2 1986/19/2
f 1985/18/2 1972/18/2 1986/18/2
f 1973/18/2 1974/18/2 1987/18/2
f 1986/19/2 1973/19/2 1987/19/2
f 1974/17/2 1975/17/2 1988/17/2
f 1987/18/2 1974/18/2 1988/18/2
f 1975/19/2 1976/19/2 1989/19/2
f 1988/17/2 1975/17/2 1989/17/2
f 1976/17/2 1977/17/2 1990/17/2
f 1989/19/2 1976/19/2 1990/19/2
f 1978/19/2 1979/19/2 1991/19/2
f 1991/19/2 1979/19/2 1992/19/2
f 1990/17/2 1977/17/2 2006/17/2
f 2006/17/2 1977/17/2 2007/17/2
f 1993/13/2 1994/13/2 2008/13/2
f 1994/12/2 1995/12/2 2009/12/2
f 2008/13/2 1994/13/2 2009/13/2
f 1995/11/2 1996/11/2 2010/11/2
f 2009/12/2 1995/12/2 2010/12/2
f 1996/13/2 1997/13/2 2011/13/2
f 2010/11/2 1996/11/2 2011/11/2
f 1997/11/2 1998/11/2 2012/11/2
f 2011/13/2 1997/13/2 2012/13/2
f 1998/10/2 1999/10/2 2013/10/2
f 2012/11/2 1998/11/2 2013/11/2
f 1999/12/2 2000/12/2 2014/12/2
f 2013/10/2 1999/10/2 2014/10/2
f 2000/11/2 2001/11/2 2015/11/2
f 2014/12/2 2000/12/2 2015/12/2
f 2001/12/2 2002/12/2 2016/12/2
f 2015/11/2 2001/11/2 2016/11/2
f 2002/11/2 2003/11/2 2017/11/2
f 2016/12/2 2002/12/2 2017/12/2
f 2003/13/2 2004/13/2 2018/13/2
f 2017/11/2 2003/11/2 2018/11/2
f 2018/13/2 2004/13/2 2019/13/2
f 2004/10/2 2005/10/2 2020/10/2
f 2019/13/2 2004/13/2 2020/13/2
f 2020/10/2 2005/10/2 2021/10/2
f 2006/18/2 2007/18/2 2022/18/2
f 2022/18/2 2007/18/2 2023/18/2
f 2008/12/2 2009/12/2 2024/12/2
f 2009/11/2 2010/11/2 2025/11/2
f 2024/12/2 2009/12/2 2025/12/2
f 2010/11/2 2011/11/2 2025/11/2
f 2011/11/2 2012/11/2 2025/11/2
f 2025/11/2 2012/11/2 2026/11/2
f 2026/11/2 2012/11/2 2027/11/2
f 2012/10/2 2013/10/2 2028/10/2
f 2027/11/2 2012/11/2 2028/11/2
f 2013/12/2 2014/12/2 2029/12/2
f 2028/10/2 2013/10/2 2029/10/2
f 2014/11/2 2015/11/2 2030/11/2
f 2029/12/2 2014/12/2 2030/12/2
f 2015/13/2 2016/13/2 2031/13/2
f 2030/11/2 2015/11/2 2031/11/2
f 2016/13/2 2017/13/2 2031/13/2
f 2031/13/2 2017/13/2 2032/13/2
f 2017/10/2 2018/10/2 2033/10/2
f 2032/13/2 2017/13/2 2033/13/2
f 2018/13/2 2019/13/2 2034/13/2
f 2033/10/2 2018/10/2 2034/10/2
f 2034/13/2 2019/13/2 2035/13/2
f 2019/12/2 2020/12/2 2036/12/2
f 2035/13/2 2019/13/2 2036/13/2
f 2020/13/2 2021/13/2 2037/13/2
f 2036/12/2 2020/12/2 2037/12/2
f 2037/13/2 2021/13/2 2038/13/2
f 2022/17/2 2023/17/2 2039/17/2
f 2039/17/2 2023/17/2 2040/17/2
f 2024/13/2 2025/13/2 2041/13/2
f 2025/11/2 2026/11/2 2042/11/2
f 2041/13/2 2025/13/2 2042/13/2
f 2042/11/2 2026/11/2 2043/11/2
f 2026/13/2 2027/13/2 2044/13/2
f 2043/11/2 2026/11/2 2044/11/2
f 2027/12/2 2028/12/2 2045/12/2
f 2044/13/2 2027/13/2 2045/13/2
f 2028/12/2 2029/12/2 2045/12/2
f 2045/12/2 2029/12/2 2046/12/2
f 2029/10/2 2030/10/2 2047/10/2
f 2046/12/2 2029/12/2 2047/12/2
f 2030/13/2 2031/13/2 2048/13/2
f 2047/10/2 2030/10/2 2048/10/2
f 2031/12/2 2032/12/2 2049/12/2
f 2048/13/2 2031/13/2 2049/13/2
f 2032/13/2 2033/13/2 2050/13/2
f 2049/12/2 2032/12/2 2050/12/2
f 2033/13/2 2034/13/2 2050/13/2
f 2050/13/2 2034/13/2 2051/13/2
f 2034/10/2 2035/10/2 2052/10/2
f 2051/13/2 2034/13/2 2052/13/2
f 2035/12/2 2036/12/2 2053/12/2
f 2052/10/2 2035/10/2 2053/10/2
f 2036/11/2 2037/11/2 2054/11/2
f 2053/12/2 2036/12/2 2054/12/2
f 2037/12/2 2038/12/2 2055/12/2
f 2054/11/2 2037/11/2 2055/11/2
f 1991/18/2 1992/18/2 2056/18/2
f 2056/18/2 1992/18/2 2057/18/2
f 2041/12/2 2042/12/2 2058/12/2
f 2042/10/2 2043/10/2 2059/10/2
f 2058/12/2 2042/12/2 2059/12/2
f 2043/13/2 2044/13/2 2060/13/2
f 2059/10/2 2043/10/2 2060/10/2
f 2044/10/2 2045/10/2 2061/10/2
f 2060/13/2 2044/13/2 2061/13/2
f 2045/12/2 2046/12/2 2062/12/2
f 2061/10/2 2045/10/2 2062/10/2
f 2046/10/2 2047/10/2 2063/10/2
f 2062/12/2 2046/12/2 2063/12/2
f 2047/13/2 2048/13/2 2064/13/2
f 2063/10/2 2047/10/2 2064/10/2
f 2048/11/2 2049/11/2 2065/11/2
f 2064/13/2 2048/13/2 2065/13/2
f 2049/13/2 2050/13/2 2066/13/2
f 2065/11/2 2049/11/2 2066/11/2
f 2050/11/2 2051/11/2 2067/11/2
f 2066/13/2 2050/13/2 2067/13/2
f 2051/13/2 2052/13/2 2068/13/2
f 2067/11/2 2051/11/2 2068/11/2
f 2052/11/2 2053/11/2 2069/11/2
f 2068/13/2 2052/13/2 2069/13/2
f 2053/13/2 2054/13/2 2070/13/2
f 2069/11/2 2053/11/2 2070/11/2
f 2054/13/2 2055/13/2 2070/13/2
f 2070/13/2 2055/13/2 2071/13/2
f 2071/13/2 2055/13/2 2072/13/2
f 2055/12/2 2038/12/2 2073/12/2
f 2072/13/2 2055/13/2 2073/13/2
f 2039/19/2 2040/19/2 2074/19/2
f 2074/19/2 2040/19/2 2075/19/2
f 2056/19/2 2057/19/2 2076/19/2
f 2076/19/2 2057/19/2 2077/19/2
f 2058/10/2 2059/10/2 2078/10/2
f 2059/11/2 2060/11/2 2079/11/2
f 2078/10/2 2059/10/2 2079/10/2
f 2060/10/2 2061/10/2 2080/10/2
f 2079/11/2 2060/11/2 2080/11/2
f 2061/10/2 2062/10/2 2080/10/2
f 2080/10/2 2062/10/2 2081/10/2
f 2062/11/2 2063/11/2 2082/11/2
f 2081/10/2 2062/10/2 2082/10/2
f 2063/13/2 2064/13/2 2083/13/2
f 2082/11/2 2063/11/2 2083/11/2
f 2066/10/2 2067/10/2 2084/10/2
f 2083/13/2 2064/13/2 2084/13/2
f 2065/10/2 2066/10/2 2084/10/2
f 2064/10/2 2065/10/2 2084/10/2
f 2084/10/2 2067/10/2 2085/10/2
f 2085/10/2 2067/10/2 2086/10/2
f 2068/13/2 2069/13/2 2087/13/2
f 2086/10/2 2067/10/2 2087/10/2
f 2067/13/2 2068/13/2 2087/13/2
f 2087/13/2 2069/13/2 2088/13/2
f 2069/12/2 2070/12/2 2089/12/2
f 2088/13/2 2069/13/2 2089/13/2
f 2070/13/2 2071/13/2 2090/13/2
f 2089/12/2 2070/12/2 2090/12/2
f 2071/12/2 2072/12/2 2091/12/2
f 2090/13/2 2071/13/2 2091/13/2
f 2072/11/2 2073/11/2 2092/11/2
f 2091/12/2 2072/12/2 2092/12/2
f 2073/12/2 2038/12/2 2093/12/2
f 2092/11/2 2073/11/2 2093/11/2
f 2093/12/2 2038/12/2 2094/12/2
f 2074/17/2 2075/17/2 2095/17/2
f 2095/17/2 2075/17/2 2096/17/2
f 2076/17/2 2077/17/2 2097/17/2
f 2097/17/2 2077/17/2 2098/17/2
f 2078/13/2 2079/13/2 2099/13/2
f 2080/13/2 2081/13/2 2099/13/2
f 2079/13/2 2080/13/2 2099/13/2
f 2099/13/2 2081/13/2 2100/13/2
f 2100/13/2 2081/13/2 2101/13/2
f 2081/11/2 2082/11/2 2102/11/2
f 2101/13/2 2081/13/2 2102/13/2
f 2082/11/2 2083/11/2 2102/11/2
f 2084/10/2 2085/10/2 2103/10/2
f 2083/12/2 2084/12/2 2103/12/2
f 2085/12/2 2086/12/2 2104/12/2
f 2103/10/2 2085/10/2 2104/10/2
f 2087/10/2 2088/10/2 2105/10/2
f 2104/12/2 2086/12/2 2105/12/2
f 2086/10/2 2087/10/2 2105/10/2
f 2105/10/2 2088/10/2 2106/10/2
f 2088/13/2 2089/13/2 2107/13/2
f 2106/10/2 2088/10/2 2107/10/2
f 2089/10/2 2090/10/2 2108/10/2
f 2107/13/2 2089/13/2 2108/13/2
f 2090/12/2 2091/12/2 2109/12/2
f 2108/10/2 2090/10/2 2109/10/2
f 2091/11/2 2092/11/2 2110/11/2
f 2109/12/2 2091/12/2 2110/12/2
f 2092/11/2 2093/11/2 2110/11/2
f 2110/11/2 2093/11/2 2111/11/2
f 2093/13/2 2094/13/2 2112/13/2
f 2111/11/2 2093/11/2 2112/11/2
f 2112/13/2 2094/13/2 2113/13/2
f 2095/18/2 2096/18/2 2114/18/2
f 2114/18/2 2096/18/2 2115/18/2
f 2097/19/2 2098/19/2 2116/19/2
f 2116/19/2 2098/19/2 2117/19/2
f 2099/11/2 2100/11/2 2118/11/2
f 2100/12/2 2101/12/2 2119/12/2
f 2118/11/2 2100/11/2 2119/11/2
f 2101/11/2 2102/11/2 2120/11/2
f 2119/12/2 2101/12/2 2120/12/2
f 2102/11/2 2083/11/2 2121/11/2
f 2120/11/2 2102/11/2 2121/11/2
f 2121/11/2 2083/11/2 2122/11/2
f 2083/12/2 2103/12/2 2123/12/2
f 2122/11/2 2083/11/2 2123/11/2
f 2103/12/2 2104/12/2 2123/12/2
f 2123/12/2 2104/12/2 2124/12/2
f 2104/13/2 2105/13/2 2125/13/2
f 2124/12/2 2104/12/2 2125/12/2
f 2105/11/2 2106/11/2 2126/11/2
f 2125/13/2 2105/13/2 2126/13/2
f 2106/12/2 2107/12/2 2127/12/2
f 2126/11/2 2106/11/2 2127/11/2
f 2108/10/2 2109/10/2 2128/10/2
f 2127/12/2 2107/12/2 2128/12/2
f 2107/10/2 2108/10/2 2128/10/2
f 2109/10/2 2110/10/2 2128/10/2
f 2128/10/2 2110/10/2 2129/10/2
f 2110/11/2 2111/11/2 2130/11/2
f 2129/10/2 2110/10/2 2130/10/2
f 2111/12/2 2112/12/2 2131/12/2
f 2130/11/2 2111/11/2 2131/11/2
f 2112/10/2 2113/10/2 2132/10/2
f 2131/12/2 2112/12/2 2132/12/2
f 2132/10/2 2113/10/2 2133/10/2
f 2114/19/2 2115/19/2 2134/19/2
f 2134/19/2 2115/19/2 2135/19/2
f 2116/18/2 2117/18/2 2136/18/2
f 2136/18/2 2117/18/2 2137/18/2
f 2119/10/2 2120/10/2 2138/10/2
f 2118/10/2 2119/10/2 2138/10/2
f 2120/12/2 2121/12/2 2139/12/2
f 2138/10/2 2120/10/2 2139/10/2
f 2121/10/2 2122/10/2 2140/10/2
f 2139/12/2 2121/12/2 2140/12/2
f 2122/13/2 2123/13/2 2141/13/2
f 2140/10/2 2122/10/2 2141/10/2
f 2123/12/2 2124/12/2 2142/12/2
f 2141/13/2 2123/13/2 2142/13/2
f 2124/10/2 2125/10/2 2143/10/2
f 2142/12/2 2124/12/2 2143/12/2
f 2125/11/2 2126/11/2 2144/11/2
f 2143/10/2 2125/10/2 2144/10/2
f 2126/12/2 2127/12/2 2145/12/2
f 2144/11/2 2126/11/2 2145/11/2
f 2127/12/2 2128/12/2 2145/12/2
f 2145/12/2 2128/12/2 2146/12/2
f 2128/13/2 2129/13/2 2147/13/2
f 2146/12/2 2128/12/2 2147/12/2
f 2147/13/2 2129/13/2 2148/13/2
f 2129/11/2 2130/11/2 2149/11/2
f 2148/13/2 2129/13/2 2149/13/2
f 2130/12/2 2131/12/2 2150/12/2
f 2149/11/2 2130/11/2 2150/11/2
f 2131/10/2 2132/10/2 2151/10/2
f 2150/12/2 2131/12/2 2151/12/2
f 2132/12/2 2133/12/2 2152/12/2
f 2151/10/2 2132/10/2 2152/10/2
f 2152/12/2 2133/12/2 2153/12/2
f 2134/18/2 2135/18/2 2154/18/2
f 2154/18/2 2135/18/2 2155/18/2
f 2118/10/2 2138/10/2 2156/10/2
f 2138/12/2 2139/12/2 2157/12/2
f 2156/10/2 2138/10/2 2157/10/2
f 2139/13/2 2140/13/2 2158/13/2
f 2157/12/2 2139/12/2 2158/12/2
f 2140/13/2 2141/13/2 2158/13/2
f 2142/10/2 2143/10/2 2159/10/2
f 2158/13/2 2141/13/2 2159/13/2
f 2141/10/2 2142/10/2 2159/10/2
f 2159/10/2 2143/10/2 2160/10/2
f 2143/11/2 2144/11/2 2161/11/2
f 2160/10/2 2143/10/2 2161/10/2
f 2144/11/2 2145/11/2 2161/11/2
f 2145/13/2 2146/13/2 2162/13/2
f 2161/11/2 2145/11/2 2162/11/2
f 2146/12/2 2147/12/2 2163/12/2
f 2162/13/2 2146/13/2 2163/13/2
f 2147/10/2 2148/10/2 2164/10/2
f 2163/12/2 2147/12/2 2164/12/2
f 2148/12/2 2149/12/2 2165/12/2
f 2164/10/2 2148/10/2 2165/10/2
f 2149/13/2 2150/13/2 2166/13/2
f 2165/12/2 2149/12/2 2166/12/2
f 2150/12/2 2151/12/2 2167/12/2
f 2166/13/2 2150/13/2 2167/13/2
f 2151/12/2 2152/12/2 2167/12/2
f 2167/12/2 2152/12/2 2168/12/2
f 2152/13/2 2153/13/2 2169/13/2
f 2168/12/2 2152/12/2 2169/12/2
f 2169/13/2 2153/13/2 2170/13/2
f 2136/17/2 2137/17/2 2171/17/2
f 2171/17/2 2137/17/2 2172/17/2
f 2157/10/2 2158/10/2 2173/10/2
f 2159/10/2 2160/10/2 2173/10/2
f 2156/13/2 2157/13/2 2173/13/2
f 2158/10/2 2159/10/2 2173/10/2
f 2173/10/2 2160/10/2 2174/10/2
f 2174/10/2 2160/10/2 2175/10/2
f 2160/13/2 2161/13/2 2176/13/2
f 2175/10/2 2160/10/2 2176/10/2
f 2162/12/2 2163/12/2 2177/12/2
f 2176/13/2 2161/13/2 2177/13/2
f 2161/12/2 2162/12/2 2177/12/2
f 2177/12/2 2163/12/2 2178/12/2
f 2163/10/2 2164/10/2 2179/10/2
f 2178/12/2 2163/12/2 2179/12/2
f 2165/13/2 2166/13/2 2180/13/2
f 2179/10/2 2164/10/2 2180/10/2
f 2164/13/2 2165/13/2 2180/13/2
f 2166/13/2 2167/13/2 2180/13/2
f 2180/13/2 2167/13/2 2181/13/2
f 2167/11/2 2168/11/2 2182/11/2
f 2181/13/2 2167/13/2 2182/13/2
f 2169/12/2 2170/12/2 2183/12/2
f 2182/11/2 2168/11/2 2183/11/2
f 2168/12/2 2169/12/2 2183/12/2
f 2183/12/2 2170/12/2 2184/12/2
f 2154/19/2 2155/19/2 2185/19/2
f 2185/19/2 2155/19/2 2186/19/2
f 2171/18/2 2172/18/2 2187/18/2
f 2187/18/2 2172/18/2 2188/18/2
f 2173/13/2 2174/13/2 2189/13/2
f 2156/13/2 2173/13/2 2189/13/2
f 2189/13/2 2174/13/2 2190/13/2
f 2174/11/2 2175/11/2 2191/11/2
f 2190/13/2 2174/13/2 2191/13/2
f 2175/10/2 2176/10/2 2192/10/2
f 2191/11/2 2175/11/2 2192/11/2
f 2177/12/2 2178/12/2 2193/12/2
f 2192/10/2 2176/10/2 2193/10/2
f 2176/12/2 2177/12/2 2193/12/2
f 2193/12/2 2178/12/2 2194/12/2
f 2178/11/2 2179/11/2 2195/11/2
f 2194/12/2 2178/12/2 2195/12/2
f 2179/13/2 2180/13/2 2196/13/2
f 2195/11/2 2179/11/2 2196/11/2
f 2180/10/2 2181/10/2 2197/10/2
f 2196/13/2 2180/13/2 2197/13/2
f 2197/10/2 2181/10/2 2198/10/2
f 2181/11/2 2182/11/2 2199/11/2
f 2198/10/2 2181/10/2 2199/10/2
f 2182/11/2 2183/11/2 2199/11/2
f 2199/11/2 2183/11/2 2200/11/2
f 2183/13/2 2184/13/2 2201/13/2
f 2200/11/2 2183/11/2 2201/11/2
f 2201/13/2 2184/13/2 2202/13/2
f 2185/18/2 2186/18/2 2203/18/2
f 2203/18/2 2186/18/2 2204/18/2
f 2156/13/2 2189/13/2 2205/13/2
f 2189/11/2 2190/11/2 2206/11/2
f 2205/13/2 2189/13/2 2206/13/2
f 2190/10/2 2191/10/2 2207/10/2
f 2206/11/2 2190/11/2 2207/11/2
f 2191/12/2 2192/12/2 2208/12/2
f 2207/10/2 2191/10/2 2208/10/2
f 2192/13/2 2193/13/2 2209/13/2
f 2208/12/2 2192/12/2 2209/12/2
f 2193/10/2 2194/10/2 2210/10/2
f 2209/13/2 2193/13/2 2210/13/2
f 2194/12/2 2195/12/2 2211/12/2
f 2210/10/2 2194/10/2 2211/10/2
f 2195/10/2 2196/10/2 2212/10/2
f 2211/12/2 2195/12/2 2212/12/2
f 2212/10/2 2196/10/2 2213/10/2
f 2196/12/2 2197/12/2 2214/12/2
f 2213/10/2 2196/10/2 2214/10/2
f 2197/10/2 2198/10/2 2215/10/2
f 2214/12/2 2197/12/2 2215/12/2
f 2198/11/2 2199/11/2 2216/11/2
f 2215/10/2 2198/10/2 2216/10/2
f 2199/13/2 2200/13/2 2217/13/2
f 2216/11/2 2199/11/2 2217/11/2
f 2200/11/2 2201/11/2 2218/11/2
f 2217/13/2 2200/13/2 2218/13/2
f 2201/12/2 2202/12/2 2219/12/2
f 2218/11/2 2201/11/2 2219/11/2
f 2202/13/2 2184/13/2 2220/13/2
f 2219/12/2 2202/12/2 2220/12/2
f 2220/13/2 2184/13/2 2221/13/2
f 2203/17/2 2204/17/2 2222/17/2
f 2222/17/2 2204/17/2 2223/17/2
f 2187/17/2 2188/17/2 2224/17/2
f 2224/17/2 2188/17/2 2225/17/2
f 2205/10/2 2206/10/2 2226/10/2
f 2206/13/2 2207/13/2 2227/13/2
f 2226/10/2 2206/10/2 2227/10/2
f 2208/11/2 2209/11/2 2228/11/2
f 2209/13/2 2210/13/2 2228/13/2
f 2207/11/2 2208/11/2 2228/11/2
f 2210/12/2 2211/12/2 2229/12/2
f 2228/13/2 2210/13/2 2229/13/2
f 2211/12/2 2212/12/2 2229/12/2
f 2229/12/2 2212/12/2 2230/12/2
f 2213/10/2 2214/10/2 2231/10/2
f 2212/11/2 2213/11/2 2231/11/2
f 2214/11/2 2215/11/2 2232/11/2
f 2231/10/2 2214/10/2 2232/10/2
f 2215/13/2 2216/13/2 2233/13/2
f 2232/11/2 2215/11/2 2233/11/2
f 2216/12/2 2217/12/2 2234/12/2
f 2233/13/2 2216/13/2 2234/13/2
f 2217/11/2 2218/11/2 2235/11/2
f 2234/12/2 2217/12/2 2235/12/2
f 2218/10/2 2219/10/2 2236/10/2
f 2235/11/2 2218/11/2 2236/11/2
f 2219/11/2 2220/11/2 2237/11/2
f 2236/10/2 2219/10/2 2237/10/2
f 2220/10/2 2221/10/2 2238/10/2
f 2237/11/2 2220/11/2 2238/11/2
f 2238/10/2 2221/10/2 2239/10/2
f 2224/19/2 2225/19/2 2240/19/2
f 2240/19/2 2225/19/2 2241/19/2
f 2226/12/2 2227/12/2 2242/12/2
f 2227/13/2 2207/13/2 2243/13/2
f 2242/12/2 2227/12/2 2243/12/2
f 2207/11/2 2228/11/2 2244/11/2
f 2243/13/2 2207/13/2 2244/13/2
f 2244/11/2 2228/11/2 2245/11/2
f 2228/12/2 2229/12/2 2246/12/2
f 2245/11/2 2228/11/2 2246/11/2
f 2231/11/2 2232/11/2 2247/11/2
f 2230/12/2 2212/12/2 2247/12/2
f 2212/11/2 2231/11/2 2247/11/2
f 2247/11/2 2232/11/2 2248/11/2
f 2232/13/2 2233/13/2 2249/13/2
f 2248/11/2 2232/11/2 2249/11/2
f 2233/12/2 2234/12/2 2250/12/2
f 2249/13/2 2233/13/2 2250/13/2
f 2234/13/2 2235/13/2 2251/13/2
f 2250/12/2 2234/12/2 2251/12/2
f 2235/12/2 2236/12/2 2252/12/2
f 2251/13/2 2235/13/2 2252/13/2
f 2236/13/2 2237/13/2 2253/13/2
f 2252/12/2 2236/12/2 2253/12/2
f 2237/13/2 2238/13/2 2253/13/2
f 2253/13/2 2238/13/2 2254/13/2
f 2238/11/2 2239/11/2 2255/11/2
f 2254/13/2 2238/13/2 2255/13/2
f 2255/11/2 2239/11/2 2256/11/2
f 2222/18/2 2223/18/2 2257/18/2
f 2257/18/2 2223/18/2 2258/18/2
f 2242/13/2 2243/13/2 2259/13/2
f 2243/10/2 2244/10/2 2260/10/2
f 2259/13/2 2243/13/2 2260/13/2
f 2244/12/2 2245/12/2 2261/12/2
f 2260/10/2 2244/10/2 2261/10/2
f 2245/13/2 2246/13/2 2262/13/2
f 2261/12/2 2245/12/2 2262/12/2
f 2246/12/2 2229/12/2 2263/12/2
f 2262/13/2 2246/13/2 2263/13/2
f 2229/10/2 2230/10/2 2264/10/2
f 2263/12/2 2229/12/2 2264/12/2
f 2230/12/2 2247/12/2 2265/12/2
f 2264/10/2 2230/10/2 2265/10/2
f 2247/10/2 2248/10/2 2266/10/2
f 2265/12/2 2247/12/2 2266/12/2
f 2248/11/2 2249/11/2 2267/11/2
f 2266/10/2 2248/10/2 2267/10/2
f 2249/12/2 2250/12/2 2268/12/2
f 2267/11/2 2249/11/2 2268/11/2
f 2250/11/2 2251/11/2 2269/11/2
f 2268/12/2 2250/12/2 2269/12/2
f 2251/10/2 2252/10/2 2270/10/2
f 2269/11/2 2251/11/2 2270/11/2
f 2252/11/2 2253/11/2 2271/11/2
f 2270/10/2 2252/10/2 2271/10/2
f 2253/10/2 2254/10/2 2272/10/2
f 2271/11/2 2253/11/2 2272/11/2
f 2254/11/2 2255/11/2 2273/11/2
f 2272/10/2 2254/10/2 2273/10/2
f 2255/10/2 2256/10/2 2274/10/2
f 2273/11/2 2255/11/2 2274/11/2
f 2274/10/2 2256/10/2 2275/10/2
f 2257/17/2 2258/17/2 2276/17/2
f 2276/17/2 2258/17/2 2277/17/2
f 2240/17/2 2241/17/2 2278/17/2
f 2278/17/2 2241/17/2 2279/17/2
f 2259/11/2 2260/11/2 2280/11/2
f 2261/13/2 2262/13/2 2281/13/2
f 2280/11/2 2260/11/2 2281/11/2
f 2260/13/2 2261/13/2 2281/13/2
f 2262/10/2 2263/10/2 2282/10/2
f 2281/13/2 2262/13/2 2282/13/2
f 2263/13/2 2264/13/2 2283/13/2
f 2282/10/2 2263/10/2 2283/10/2
f 2264/10/2 2265/10/2 2284/10/2
f 2283/13/2 2264/13/2 2284/13/2
f 2266/13/2 2267/13/2 2285/13/2
f 2284/10/2 2265/10/2 2285/10/2
f 2265/13/2 2266/13/2 2285/13/2
f 2267/12/2 2268/12/2 2286/12/2
f 2285/13/2 2267/13/2 2286/13/2
f 2268/10/2 2269/10/2 2287/10/2
f 2286/12/2 2268/12/2 2287/12/2
f 2270/11/2 2271/11/2 2288/11/2
f 2287/10/2 2269/10/2 2288/10/2
f 2269/11/2 2270/11/2 2288/11/2
f 2271/10/2 2272/10/2 2289/10/2
f 2288/11/2 2271/11/2 2289/11/2
f 2272/12/2 2273/12/2 2290/12/2
f 2289/10/2 2272/10/2 2290/10/2
f 2274/13/2 2275/13/2 2291/13/2
f 2290/12/2 2273/12/2 2291/12/2
f 2273/13/2 2274/13/2 2291/13/2
f 2291/13/2 2275/13/2 2292/13/2
f 2276/19/2 2277/19/2 2293/19/2
f 2293/19/2 2277/19/2 2294/19/2
f 2278/18/2 2279/18/2 2295/18/2
f 2293/17/2 2294/17/2 2307/17/2
f 2307/17/2 2294/17/2 2308/17/2
f 2278/18/2 2295/18/2 2309/18/2
f 2295/19/2 2296/19/2 2310/19/2
f 2309/18/2 2295/18/2 2310/18/2
f 2296/18/2 2297/18/2 2311/18/2
f 2310/19/2 2296/19/2 2311/19/2
f 2297/17/2 2298/17/2 2312/17/2
f 2311/18/2 2297/18/2 2312/18/2
f 2298/18/2 2299/18/2 2313/18/2
f 2312/17/2 2298/17/2 2313/17/2
f 2299/17/2 2300/17/2 2314/17/2
f 2313/18/2 2299/18/2 2314/18/2
f 2300/18/2 2301/18/2 2315/18/2
f 2314/17/2 2300/17/2 2315/17/2
f 2301/17/2 2302/17/2 2316/17/2
f 2315/18/2 2301/18/2 2316/18/2
f 2302/18/2 2303/18/2 2317/18/2
f 2316/17/2 2302/17/2 2317/17/2
f 2303/17/2 2304/17/2 2318/17/2
f 2317/18/2 2303/18/2 2318/18/2
f 2304/18/2 2305/18/2 2319/18/2
f 2318/17/2 2304/17/2 2319/17/2
f 2305/17/2 2306/17/2 2320/17/2
f 2319/18/2 2305/18/2 2320/18/2
f 2306/19/2 2307/19/2 2321/19/2
f 2320/17/2 2306/17/2 2321/17/2
f 2307/19/2 2308/19/2 2321/19/2
f 2321/19/2 2308/19/2 2322/19/2
f 2337/19/3 2324/19/3 2323/19/3
f 2338/19/3 2324/19/3 2337/19/3
f 2339/17/3 2325/17/3 2324/17/3
f 2339/19/3 2324/19/3 2338/19/3
f 2340/19/3 2326/19/3 2325/19/3
f 2340/17/3 2325/17/3 2339/17/3
f 2341/18/3 2327/18/3 2326/18/3
f 2341/19/3 2326/19/3 2340/19/3
f 2342/19/3 2328/19/3 2327/19/3
f 2342/18/3 2327/18/3 2341/18/3
f 2343/18/3 2329/18/3 2328/18/3
f 2343/19/3 2328/19/3 2342/19/3
f 2344/19/3 2330/19/3 2329/19/3
f 2344/18/3 2329/18/3 2343/18/3
f 2345/18/3 2331/18/3 2330/18/3
f 2345/19/3 2330/19/3 2344/19/3
f 2346/19/3 2332/19/3 2331/19/3
f 2346/18/3 2331/18/3 2345/18/3
f 2347/18/3 2333/18/3 2332/18/3
f 2347/19/3 2332/19/3 2346/19/3
f 2348/19/3 2334/19/3 2333/19/3
f 2348/18/3 2333/18/3 2347/18/3
f 2349/17/3 2335/17/3 2334/17/3
f 2349/19/3 2334/19/3 2348/19/3
f 2350/19/3 2336/19/3 2335/19/3
f 2350/17/3 2335/17/3 2349/17/3
f 2351/19/3 2336/19/3 2350/19/3
f 2352/18/3 2338/18/3 2337/18/3
f 2353/18/3 2338/18/3 2352/18/3
f 2368/18/3 2351/18/3 2350/18/3
f 2369/18/3 2351/18/3 2368/18/3
f 2370/19/3 2353/19/3 2352/19/3
f 2371/19/3 2353/19/3 2370/19/3
f 2372/11/3 2356/11/3 2355/11/3
f 2372/12/3 2357/12/3 2356/12/3
f 2373/10/3 2358/10/3 2357/10/3
f 2373/12/3 2357/12/3 2372/12/3
f 2374/11/3 2359/11/3 2358/11/3
f 2374/10/3 2358/10/3 2373/10/3
f 2375/10/3 2360/10/3 2359/10/3
f 2375/11/3 2359/11/3 2374/11/3
f 2376/10/3 2360/10/3 2375/10/3
f 2377/11/3 2361/11/3 2360/11/3
f 2377/10/3 2360/10/3 2376/10/3
f 2378/13/3 2362/13/3 2361/13/3
f 2378/11/3 2361/11/3 2377/11/3
f 2379/11/3 2363/11/3 2362/11/3
f 2379/13/3 2362/13/3 2378/13/3
f 2380/12/3 2364/12/3 2363/12/3
f 2380/11/3 2363/11/3 2379/11/3
f 2381/13/3 2365/13/3 2364/13/3
f 2381/12/3 2364/12/3 2380/12/3
f 2382/13/3 2365/13/3 2381/13/3
f 2383/11/3 2366/11/3 2365/11/3
f 2383/13/3 2365/13/3 2382/13/3
f 2384/12/3 2367/12/3 2366/12/3
f 2384/11/3 2366/11/3 2383/11/3
f 2385/12/3 2367/12/3 2384/12/3
f 2386/19/3 2369/19/3 2368/19/3
f 2387/19/3 2369/19/3 2386/19/3
f 2388/12/3 2355/12/3 2354/12/3
f 2389/11/3 2372/11/3 2355/11/3
f 2389/12/3 2355/12/3 2388/12/3
f 2390/10/3 2373/10/3 2372/10/3
f 2390/11/3 2372/11/3 2389/11/3
f 2391/11/3 2374/11/3 2373/11/3
f 2391/10/3 2373/10/3 2390/10/3
f 2392/12/3 2375/12/3 2374/12/3
f 2392/11/3 2374/11/3 2391/11/3
f 2393/11/3 2376/11/3 2375/11/3
f 2393/12/3 2375/12/3 2392/12/3
f 2394/10/3 2377/10/3 2376/10/3
f 2394/11/3 2376/11/3 2393/11/3
f 2395/12/3 2378/12/3 2377/12/3
f 2395/10/3 2377/10/3 2394/10/3
f 2396/13/3 2379/13/3 2378/13/3
f 2396/12/3 2378/12/3 2395/12/3
f 2397/13/3 2379/13/3 2396/13/3
f 2398/12/3 2380/12/3 2379/12/3
f 2398/13/3 2379/13/3 2397/13/3
f 2399/11/3 2381/11/3 2380/11/3
f 2399/12/3 2380/12/3 2398/12/3
f 2400/13/3 2382/13/3 2381/13/3
f 2400/11/3 2381/11/3 2399/11/3
f 2401/12/3 2383/12/3 2382/12/3
f 2401/13/3 2382/13/3 2400/13/3
f 2402/11/3 2384/11/3 2383/11/3
f 2402/12/3 2383/12/3 2401/12/3
f 2403/10/3 2385/10/3 2384/10/3
f 2403/11/3 2384/11/3 2402/11/3
f 2404/10/3 2385/10/3 2403/10/3
f 2405/18/3 2371/18/3 2370/18/3
f 2406/18/3 2371/18/3 2405/18/3
f 2407/11/3 2389/11/3 2388/11/3
f 2408/10/3 2390/10/3 2389/10/3
f 2408/11/3 2389/11/3 2407/11/3
f 2409/12/3 2391/12/3 2390/12/3
f 2409/10/3 2390/10/3 2408/10/3
f 2410/11/3 2392/11/3 2391/11/3
f 2410/12/3 2391/12/3 2409/12/3
f 2411/11/3 2395/11/3 2394/11/3
f 2411/12/3 2396/12/3 2395/12/3
f 2412/10/3 2397/10/3 2396/10/3
f 2412/12/3 2396/12/3 2411/12/3
f 2413/11/3 2398/11/3 2397/11/3
f 2413/10/3 2397/10/3 2412/10/3
f 2414/10/3 2399/10/3 2398/10/3
f 2414/11/3 2398/11/3 2413/11/3
f 2415/12/3 2400/12/3 2399/12/3
f 2415/10/3 2399/10/3 2414/10/3
f 2415/12/3 2401/12/3 2400/12/3
f 2416/12/3 2401/12/3 2415/12/3
f 2417/13/3 2402/13/3 2401/13/3
f 2417/12/3 2401/12/3 2416/12/3
f 2417/13/3 2403/13/3 2402/13/3
f 2418/13/3 2403/13/3 2417/13/3
f 2419/12/3 2409/12/3 2408/12/3
f 2419/12/3 2408/12/3 2407/12/3
f 2420/12/3 2409/12/3 2419/12/3
f 2421/11/3 2410/11/3 2409/11/3
f 2421/12/3 2409/12/3 2420/12/3
f 2422/11/3 2392/11/3 2410/11/3
f 2422/11/3 2410/11/3 2421/11/3
f 2423/13/3 2393/13/3 2392/13/3
f 2423/11/3 2392/11/3 2422/11/3
f 2424/10/3 2394/10/3 2393/10/3
f 2424/13/3 2393/13/3 2423/13/3
f 2425/11/3 2411/11/3 2394/11/3
f 2425/10/3 2394/10/3 2424/10/3
f 2426/13/3 2412/13/3 2411/13/3
f 2426/11/3 2411/11/3 2425/11/3
f 2427/12/3 2413/12/3 2412/12/3
f 2427/13/3 2412/13/3 2426/13/3
f 2428/13/3 2414/13/3 2413/13/3
f 2428/12/3 2413/12/3 2427/12/3
f 2429/11/3 2416/11/3 2415/11/3
f 2429/11/3 2415/11/3 2414/11/3
f 2430/13/3 2417/13/3 2416/13/3
f 2430/11/3 2416/11/3 2429/11/3
f 2431/13/3 2403/13/3 2418/13/3
f 2431/10/3 2418/10/3 2417/10/3
f 2432/11/3 2404/11/3 2403/11/3
f 2432/13/3 2403/13/3 2431/13/3
f 2433/11/3 2404/11/3 2432/11/3
f 2434/13/3 2420/13/3 2419/13/3
f 2435/12/3 2421/12/3 2420/12/3
f 2435/13/3 2420/13/3 2434/13/3
f 2436/13/3 2422/13/3 2421/13/3
f 2436/12/3 2421/12/3 2435/12/3
f 2437/11/3 2423/11/3 2422/11/3
f 2437/13/3 2422/13/3 2436/13/3
f 2438/12/3 2424/12/3 2423/12/3
f 2438/11/3 2423/11/3 2437/11/3
f 2438/12/3 2425/12/3 2424/12/3
f 2439/12/3 2425/12/3 2438/12/3
f 2440/10/3 2426/10/3 2425/10/3
f 2440/12/3 2425/12/3 2439/12/3
f 2441/12/3 2427/12/3 2426/12/3
f 2441/10/3 2426/10/3 2440/10/3
f 2442/11/3 2428/11/3 2427/11/3
f 2442/12/3 2427/12/3 2441/12/3
f 2443/13/3 2414/13/3 2428/13/3
f 2443/11/3 2428/11/3 2442/11/3
f 2444/11/3 2429/11/3 2414/11/3
f 2444/13/3 2414/13/3 2443/13/3
f 2445/12/3 2430/12/3 2429/12/3
f 2445/11/3 2429/11/3 2444/11/3
f 2446/13/3 2417/13/3 2430/13/3
f 2446/12/3 2430/12/3 2445/12/3
f 2447/10/3 2431/10/3 2417/10/3
f 2447/13/3 2417/13/3 2446/13/3
f 2448/12/3 2433/12/3 2432/12/3
f 2448/10/3 2431/10/3 2447/10/3
f 2448/12/3 2432/12/3 2431/12/3
f 2449/12/3 2433/12/3 2448/12/3
f 2450/12/3 2433/12/3 2449/12/3
f 2451/17/3 2406/17/3 2405/17/3
f 2452/17/3 2406/17/3 2451/17/3
f 2453/11/3 2435/11/3 2434/11/3
f 2453/11/3 2436/11/3 2435/11/3
f 2454/11/3 2436/11/3 2453/11/3
f 2455/10/3 2437/10/3 2436/10/3
f 2455/11/3 2436/11/3 2454/11/3
f 2456/11/3 2438/11/3 2437/11/3
f 2456/10/3 2437/10/3 2455/10/3
f 2457/13/3 2439/13/3 2438/13/3
f 2457/11/3 2438/11/3 2456/11/3
f 2458/11/3 2440/11/3 2439/11/3
f 2458/13/3 2439/13/3 2457/13/3
f 2459/12/3 2441/12/3 2440/12/3
f 2459/11/3 2440/11/3 2458/11/3
f 2460/11/3 2442/11/3 2441/11/3
f 2460/12/3 2441/12/3 2459/12/3
f 2460/11/3 2444/11/3 2443/11/3
f 2460/11/3 2443/11/3 2442/11/3
f 2461/11/3 2444/11/3 2460/11/3
f 2462/12/3 2445/12/3 2444/12/3
f 2462/11/3 2444/11/3 2461/11/3
f 2463/10/3 2446/10/3 2445/10/3
f 2463/12/3 2445/12/3 2462/12/3
f 2464/11/3 2447/11/3 2446/11/3
f 2464/10/3 2446/10/3 2463/10/3
f 2465/12/3 2448/12/3 2447/12/3
f 2465/11/3 2447/11/3 2464/11/3
f 2465/12/3 2449/12/3 2448/12/3
f 2466/12/3 2449/12/3 2465/12/3
f 2467/11/3 2450/11/3 2449/11/3
f 2467/12/3 2449/12/3 2466/12/3
f 2468/11/3 2450/11/3 2467/11/3
f 2469/13/3 2454/13/3 2453/13/3
f 2470/10/3 2455/10/3 2454/10/3
f 2470/13/3 2454/13/3 2469/13/3
f 2471/13/3 2456/13/3 2455/13/3
f 2471/10/3 2455/10/3 2470/10/3
f 2472/11/3 2457/11/3 2456/11/3
f 2472/13/3 2456/13/3 2471/13/3
f 2473/12/3 2458/12/3 2457/12/3
f 2473/11/3 2457/11/3 2472/11/3
f 2474/10/3 2459/10/3 2458/10/3
f 2474/12/3 2458/12/3 2473/12/3
f 2475/11/3 2460/11/3 2459/11/3
f 2475/10/3 2459/10/3 2474/10/3
f 2476/10/3 2461/10/3 2460/10/3
f 2476/11/3 2460/11/3 2475/11/3
f 2477/12/3 2462/12/3 2461/12/3
f 2477/10/3 2461/10/3 2476/10/3
f 2478/12/3 2462/12/3 2477/12/3
f 2479/10/3 2463/10/3 2462/10/3
f 2479/12/3 2462/12/3 2478/12/3
f 2480/12/3 2464/12/3 2463/12/3
f 2480/10/3 2463/10/3 2479/10/3
f 2481/13/3 2466/13/3 2465/13/3
f 2481/11/3 2465/11/3 2464/11/3
f 2482/10/3 2467/10/3 2466/10/3
f 2482/13/3 2466/13/3 2481/13/3
f 2482/10/3 2468/10/3 2467/10/3
f 2483/10/3 2468/10/3 2482/10/3
f 2484/10/3 2468/10/3 2483/10/3
f 2485/18/3 2387/18/3 2386/18/3
f 2486/18/3 2387/18/3 2485/18/3
f 2487/18/3 2452/18/3 2451/18/3
f 2488/18/3 2452/18/3 2487/18/3
f 2489/10/3 2470/10/3 2469/10/3
f 2490/11/3 2471/11/3 2470/11/3
f 2490/10/3 2470/10/3 2489/10/3
f 2491/10/3 2473/10/3 2472/10/3
f 2491/11/3 2471/11/3 2490/11/3
f 2491/10/3 2472/10/3 2471/10/3
f 2492/11/3 2474/11/3 2473/11/3
f 2492/10/3 2473/10/3 2491/10/3
f 2493/12/3 2475/12/3 2474/12/3
f 2493/11/3 2474/11/3 2492/11/3
f 2494/13/3 2477/13/3 2476/13/3
f 2494/12/3 2475/12/3 2493/12/3
f 2494/13/3 2476/13/3 2475/13/3
f 2495/11/3 2478/11/3 2477/11/3
f 2495/13/3 2477/13/3 2494/13/3
f 2496/10/3 2479/10/3 2478/10/3
f 2496/11/3 2478/11/3 2495/11/3
f 2497/12/3 2480/12/3 2479/12/3
f 2497/10/3 2479/10/3 2496/10/3
f 2498/11/3 2482/11/3 2481/11/3
f 2498/12/3 2480/12/3 2497/12/3
f 2498/11/3 2481/11/3 2464/11/3
f 2498/12/3 2464/12/3 2480/12/3
f 2499/11/3 2482/11/3 2498/11/3
f 2500/10/3 2483/10/3 2482/10/3
f 2500/11/3 2482/11/3 2499/11/3
f 2501/13/3 2484/13/3 2483/13/3
f 2501/10/3 2483/10/3 2500/10/3
f 2502/13/3 2484/13/3 2501/13/3
f 2503/17/3 2486/17/3 2485/17/3
f 2504/17/3 2486/17/3 2503/17/3
f 2505/13/3 2490/13/3 2489/13/3
f 2505/13/3 2491/13/3 2490/13/3
f 2506/13/3 2491/13/3 2505/13/3
f 2507/12/3 2492/12/3 2491/12/3
f 2507/13/3 2491/13/3 2506/13/3
f 2508/10/3 2493/10/3 2492/10/3
f 2508/12/3 2492/12/3 2507/12/3
f 2509/13/3 2494/13/3 2493/13/3
f 2509/10/3 2493/10/3 2508/10/3
f 2509/13/3 2495/13/3 2494/13/3
f 2510/13/3 2495/13/3 2509/13/3
f 2511/12/3 2496/12/3 2495/12/3
f 2511/13/3 2495/13/3 2510/13/3
f 2512/11/3 2497/11/3 2496/11/3
f 2512/12/3 2496/12/3 2511/12/3
f 2512/11/3 2498/11/3 2497/11/3
f 2513/11/3 2498/11/3 2512/11/3
f 2514/11/3 2498/11/3 2513/11/3
f 2515/12/3 2499/12/3 2498/12/3
f 2515/11/3 2498/11/3 2514/11/3
f 2516/13/3 2500/13/3 2499/13/3
f 2516/12/3 2499/12/3 2515/12/3
f 2517/11/3 2501/11/3 2500/11/3
f 2517/13/3 2500/13/3 2516/13/3
f 2518/12/3 2502/12/3 2501/12/3
f 2518/11/3 2501/11/3 2517/11/3
f 2519/12/3 2502/12/3 2518/12/3
f 2520/19/3 2488/19/3 2487/19/3
f 2521/19/3 2488/19/3 2520/19/3
f 2522/10/3 2506/10/3 2505/10/3
f 2523/11/3 2507/11/3 2506/11/3
f 2523/10/3 2506/10/3 2522/10/3
f 2524/12/3 2508/12/3 2507/12/3
f 2524/11/3 2507/11/3 2523/11/3
f 2525/12/3 2508/12/3 2524/12/3
f 2526/11/3 2509/11/3 2508/11/3
f 2526/12/3 2508/12/3 2525/12/3
f 2527/13/3 2510/13/3 2509/13/3
f 2527/11/3 2509/11/3 2526/11/3
f 2528/10/3 2511/10/3 2510/10/3
f 2528/13/3 2510/13/3 2527/13/3
f 2529/11/3 2512/11/3 2511/11/3
f 2529/10/3 2511/10/3 2528/10/3
f 2530/12/3 2513/12/3 2512/12/3
f 2530/11/3 2512/11/3 2529/11/3
f 2531/13/3 2514/13/3 2513/13/3
f 2531/12/3 2513/12/3 2530/12/3
f 2532/10/3 2515/10/3 2514/10/3
f 2532/13/3 2514/13/3 2531/13/3
f 2532/10/3 2516/10/3 2515/10/3
f 2533/10/3 2516/10/3 2532/10/3
f 2534/12/3 2517/12/3 2516/12/3
f 2534/12/3 2518/12/3 2517/12/3
f 2534/11/3 2519/11/3 2518/11/3
f 2535/11/3 2519/11/3 2534/11/3
f 2536/18/3 2504/18/3 2503/18/3
f 2537/18/3 2504/18/3 2536/18/3
f 2538/17/3 2521/17/3 2520/17/3
f 2539/17/3 2521/17/3 2538/17/3
f 2540/13/3 2523/13/3 2522/13/3
f 2541/11/3 2524/11/3 2523/11/3
f 2541/13/3 2523/13/3 2540/13/3
f 2542/10/3 2525/10/3 2524/10/3
f 2542/11/3 2524/11/3 2541/11/3
f 2543/11/3 2526/11/3 2525/11/3
f 2543/10/3 2525/10/3 2542/10/3
f 2544/10/3 2527/10/3 2526/10/3
f 2544/11/3 2526/11/3 2543/11/3
f 2545/12/3 2528/12/3 2527/12/3
f 2545/10/3 2527/10/3 2544/10/3
f 2545/12/3 2529/12/3 2528/12/3
f 2546/12/3 2529/12/3 2545/12/3
f 2547/12/3 2529/12/3 2546/12/3
f 2548/11/3 2530/11/3 2529/11/3
f 2548/12/3 2529/12/3 2547/12/3
f 2549/13/3 2531/13/3 2530/13/3
f 2549/11/3 2530/11/3 2548/11/3
f 2549/13/3 2533/13/3 2532/13/3
f 2549/13/3 2532/13/3 2531/13/3
f 2550/13/3 2533/13/3 2549/13/3
f 2551/10/3 2516/10/3 2533/10/3
f 2551/13/3 2533/13/3 2550/13/3
f 2552/12/3 2534/12/3 2516/12/3
f 2552/10/3 2516/10/3 2551/10/3
f 2553/13/3 2535/13/3 2534/13/3
f 2553/12/3 2534/12/3 2552/12/3
f 2554/13/3 2535/13/3 2553/13/3
f 2555/17/3 2537/17/3 2536/17/3
f 2556/17/3 2537/17/3 2555/17/3
f 2557/12/3 2541/12/3 2540/12/3
f 2558/11/3 2542/11/3 2541/11/3
f 2558/12/3 2541/12/3 2557/12/3
f 2559/13/3 2543/13/3 2542/13/3
f 2559/11/3 2542/11/3 2558/11/3
f 2559/13/3 2544/13/3 2543/13/3
f 2560/10/3 2546/10/3 2545/10/3
f 2560/13/3 2544/13/3 2559/13/3
f 2560/10/3 2545/10/3 2544/10/3
f 2561/10/3 2546/10/3 2560/10/3
f 2562/12/3 2548/12/3 2547/12/3
f 2562/13/3 2547/13/3 2546/13/3
f 2562/12/3 2549/12/3 2548/12/3
f 2563/12/3 2549/12/3 2562/12/3
f 2564/10/3 2550/10/3 2549/10/3
f 2564/12/3 2549/12/3 2563/12/3
f 2565/11/3 2551/11/3 2550/11/3
f 2565/10/3 2550/10/3 2564/10/3
f 2566/12/3 2552/12/3 2551/12/3
f 2566/11/3 2551/11/3 2565/11/3
f 2567/13/3 2553/13/3 2552/13/3
f 2567/12/3 2552/12/3 2566/12/3
f 2568/13/3 2553/13/3 2567/13/3
f 2569/12/3 2554/12/3 2553/12/3
f 2569/13/3 2553/13/3 2568/13/3
f 2570/12/3 2554/12/3 2569/12/3
f 2571/19/3 2556/19/3 2555/19/3
f 2572/19/3 2556/19/3 2571/19/3
f 2573/13/3 2558/13/3 2557/13/3
f 2574/10/3 2559/10/3 2558/10/3
f 2574/13/3 2558/13/3 2573/13/3
f 2575/11/3 2560/11/3 2559/11/3
f 2575/10/3 2559/10/3 2574/10/3
f 2576/12/3 2561/12/3 2560/12/3
f 2576/11/3 2560/11/3 2575/11/3
f 2577/10/3 2546/10/3 2561/10/3
f 2577/12/3 2561/12/3 2576/12/3
f 2578/13/3 2562/13/3 2546/13/3
f 2578/10/3 2546/10/3 2577/10/3
f 2579/10/3 2563/10/3 2562/10/3
f 2579/13/3 2562/13/3 2578/13/3
f 2580/13/3 2565/13/3 2564/13/3
f 2580/10/3 2563/10/3 2579/10/3
f 2580/13/3 2564/13/3 2563/13/3
f 2581/13/3 2565/13/3 2580/13/3
f 2582/11/3 2566/11/3 2565/11/3
f 2582/13/3 2565/13/3 2581/13/3
f 2582/11/3 2567/11/3 2566/11/3
f 2583/11/3 2567/11/3 2582/11/3
f 2584/13/3 2568/13/3 2567/13/3
f 2584/11/3 2567/11/3 2583/11/3
f 2585/10/3 2569/10/3 2568/10/3
f 2585/13/3 2568/13/3 2584/13/3
f 2586/11/3 2570/11/3 2569/11/3
f 2586/10/3 2569/10/3 2585/10/3
f 2587/11/3 2570/11/3 2586/11/3
f 2588/12/3 2575/12/3 2574/12/3
f 2588/12/3 2574/12/3 2573/12/3
f 2589/13/3 2576/13/3 2575/13/3
f 2589/12/3 2575/12/3 2588/12/3
f 2590/13/3 2576/13/3 2589/13/3
f 2591/10/3 2577/10/3 2576/10/3
f 2591/13/3 2576/13/3 2590/13/3
f 2592/13/3 2579/13/3 2578/13/3
f 2592/10/3 2577/10/3 2591/10/3
f 2592/13/3 2578/13/3 2577/13/3
f 2592/13/3 2580/13/3 2579/13/3
f 2593/13/3 2580/13/3 2592/13/3
f 2594/13/3 2580/13/3 2593/13/3
f 2595/11/3 2581/11/3 2580/11/3
f 2595/13/3 2580/13/3 2594/13/3
f 2596/10/3 2583/10/3 2582/10/3
f 2596/11/3 2581/11/3 2595/11/3
f 2596/10/3 2582/10/3 2581/10/3
f 2597/10/3 2583/10/3 2596/10/3
f 2598/12/3 2584/12/3 2583/12/3
f 2598/10/3 2583/10/3 2597/10/3
f 2599/12/3 2584/12/3 2598/12/3
f 2600/10/3 2585/10/3 2584/10/3
f 2600/12/3 2584/12/3 2599/12/3
f 2601/13/3 2586/13/3 2585/13/3
f 2601/10/3 2585/10/3 2600/10/3
f 2602/12/3 2587/12/3 2586/12/3
f 2602/13/3 2586/13/3 2601/13/3
f 2603/18/3 2572/18/3 2571/18/3
f 2604/18/3 2572/18/3 2603/18/3
f 2605/19/3 2539/19/3 2538/19/3
f 2606/19/3 2539/19/3 2605/19/3
f 2607/12/3 2588/12/3 2573/12/3
f 2608/13/3 2589/13/3 2588/13/3
f 2608/12/3 2588/12/3 2607/12/3
f 2609/11/3 2590/11/3 2589/11/3
f 2609/13/3 2589/13/3 2608/13/3
f 2610/12/3 2591/12/3 2590/12/3
f 2610/11/3 2590/11/3 2609/11/3
f 2610/12/3 2592/12/3 2591/12/3
f 2611/12/3 2592/12/3 2610/12/3
f 2612/13/3 2593/13/3 2592/13/3
f 2612/12/3 2592/12/3 2611/12/3
f 2613/11/3 2594/11/3 2593/11/3
f 2613/13/3 2593/13/3 2612/13/3
f 2614/10/3 2595/10/3 2594/10/3
f 2614/11/3 2594/11/3 2613/11/3
f 2614/10/3 2596/10/3 2595/10/3
f 2615/10/3 2596/10/3 2614/10/3
f 2616/11/3 2597/11/3 2596/11/3
f 2616/10/3 2596/10/3 2615/10/3
f 2617/12/3 2598/12/3 2597/12/3
f 2617/11/3 2597/11/3 2616/11/3
f 2618/10/3 2599/10/3 2598/10/3
f 2618/12/3 2598/12/3 2617/12/3
f 2619/11/3 2600/11/3 2599/11/3
f 2619/10/3 2599/10/3 2618/10/3
f 2620/13/3 2601/13/3 2600/13/3
f 2620/11/3 2600/11/3 2619/11/3
f 2621/12/3 2602/12/3 2601/12/3
f 2621/13/3 2601/13/3 2620/13/3
f 2622/12/3 2587/12/3 2602/12/3
f 2622/12/3 2602/12/3 2621/12/3
f 2623/12/3 2587/12/3 2622/12/3
f 2624/13/3 2609/13/3 2608/13/3
f 2624/13/3 2608/13/3 2607/13/3
f 2625/10/3 2611/10/3 2610/10/3
f 2625/13/3 2609/13/3 2624/13/3
f 2625/10/3 2610/10/3 2609/10/3
f 2626/12/3 2612/12/3 2611/12/3
f 2626/10/3 2611/10/3 2625/10/3
f 2627/10/3 2613/10/3 2612/10/3
f 2627/12/3 2612/12/3 2626/12/3
f 2628/12/3 2615/12/3 2614/12/3
f 2628/10/3 2613/10/3 2627/10/3
f 2628/12/3 2614/12/3 2613/12/3
f 2629/13/3 2616/13/3 2615/13/3
f 2629/12/3 2615/12/3 2628/12/3
f 2630/12/3 2617/12/3 2616/12/3
f 2630/13/3 2616/13/3 2629/13/3
f 2631/11/3 2618/11/3 2617/11/3
f 2631/12/3 2617/12/3 2630/12/3
f 2632/13/3 2619/13/3 2618/13/3
f 2632/11/3 2618/11/3 2631/11/3
f 2633/11/3 2620/11/3 2619/11/3
f 2633/13/3 2619/13/3 2632/13/3
f 2634/12/3 2621/12/3 2620/12/3
f 2634/11/3 2620/11/3 2633/11/3
f 2634/12/3 2622/12/3 2621/12/3
f 2635/13/3 2623/13/3 2622/13/3
f 2635/12/3 2622/12/3 2634/12/3
f 2636/13/3 2623/13/3 2635/13/3
f 2637/17/3 2604/17/3 2603/17/3
f 2638/17/3 2604/17/3 2637/17/3
f 2639/17/3 2606/17/3 2605/17/3
f 2640/17/3 2606/17/3 2639/17/3
f 2652/19/3 2638/19/3 2637/19/3
f 2653/19/3 2638/19/3 2652/19/3
f 2654/18/3 2640/18/3 2639/18/3
f 2655/19/3 2641/19/3 2640/19/3
f 2655/18/3 2640/18/3 2654/18/3
f 2656/18/3 2642/18/3 2641/18/3
f 2656/19/3 2641/19/3 2655/19/3
f 2657/19/3 2643/19/3 2642/19/3
f 2657/18/3 2642/18/3 2656/18/3
f 2658/17/3 2644/17/3 2643/17/3
f 2658/19/3 2643/19/3 2657/19/3
f 2659/19/3 2645/19/3 2644/19/3
f 2659/17/3 2644/17/3 2658/17/3
f 2660/18/3 2646/18/3 2645/18/3
f 2660/19/3 2645/19/3 2659/19/3
f 2661/17/3 2647/17/3 2646/17/3
f 2661/18/3 2646/18/3 2660/18/3
f 2662/18/3 2648/18/3 2647/18/3
f 2662/17/3 2647/17/3 2661/17/3
f 2663/17/3 2649/17/3 2648/17/3
f 2663/18/3 2648/18/3 2662/18/3
f 2664/19/3 2650/19/3 2649/19/3
f 2664/17/3 2649/17/3 2663/17/3
f 2665/17/3 2651/17/3 2650/17/3
f 2665/19/3 2650/19/3 2664/19/3
f 2666/18/3 2652/18/3 2651/18/3
f 2666/17/3 2651/17/3 2665/17/3
f 2666/18/3 2653/18/3 2652/18/3
f 2667/18/3 2653/18/3 2666/18/3
f 2685/11/3 2669/11/3 2668/11/3
f 2686/12/3 2670/12/3 2669/12/3
f 2686/11/3 2669/11/3 2685/11/3
f 2687/13/3 2671/13/3 2670/13/3
f 2687/12/3 2670/12/3 2686/12/3
f 2688/11/3 2672/11/3 2671/11/3
f 2688/13/3 2671/13/3 2687/13/3
f 2689/10/3 2673/10/3 2672/10/3
f 2689/11/3 2672/11/3 2688/11/3
f 2690/11/3 2674/11/3 2673/11/3
f 2690/10/3 2673/10/3 2689/10/3
f 2691/12/3 2675/12/3 2674/12/3
f 2691/11/3 2674/11/3 2690/11/3
f 2692/10/3 2676/10/3 2675/10/3
f 2692/12/3 2675/12/3 2691/12/3
f 2693/10/3 2676/10/3 2692/10/3
f 2694/11/3 2677/11/3 2676/11/3
f 2694/10/3 2676/10/3 2693/10/3
f 2695/10/3 2678/10/3 2677/10/3
f 2695/11/3 2677/11/3 2694/11/3
f 2696/11/3 2679/11/3 2678/11/3
f 2696/10/3 2678/10/3 2695/10/3
f 2697/13/3 2680/13/3 2679/13/3
f 2697/11/3 2679/11/3 2696/11/3
f 2698/10/3 2681/10/3 2680/10/3
f 2698/13/3 2680/13/3 2697/13/3
f 2699/11/3 2682/11/3 2681/11/3
f 2699/10/3 2681/10/3 2698/10/3
f 2700/12/3 2683/12/3 2682/12/3
f 2700/11/3 2682/11/3 2699/11/3
f 2701/12/3 2683/12/3 2700/12/3
f 2702/11/3 2684/11/3 2683/11/3
f 2702/12/3 2683/12/3 2701/12/3
f 2703/11/3 2684/11/3 2702/11/3
f 2704/13/3 2686/13/3 2685/13/3
f 2705/11/3 2703/11/3 2702/11/3
f 2706/11/3 2703/11/3 2705/11/3
f 2707/13/3 2686/13/3 2704/13/3
f 2708/13/3 2686/13/3 2707/13/3
f 2709/12/3 2706/12/3 2705/12/3
f 2710/12/3 2706/12/3 2709/12/3
f 2711/11/3 2708/11/3 2707/11/3
f 2712/11/3 2708/11/3 2711/11/3
f 2713/13/3 2710/13/3 2709/13/3
f 2714/13/3 2710/13/3 2713/13/3
f 2715/12/3 2712/12/3 2711/12/3
f 2716/12/3 2712/12/3 2715/12/3
f 2717/10/3 2714/10/3 2713/10/3
f 2718/10/3 2714/10/3 2717/10/3
f 2719/11/3 2716/11/3 2715/11/3
f 2720/11/3 2716/11/3 2719/11/3
f 2721/13/3 2718/13/3 2717/13/3
f 2722/13/3 2718/13/3 2721/13/3
f 2723/12/3 2720/12/3 2719/12/3
f 2724/12/3 2720/12/3 2723/12/3
f 2725/10/3 2722/10/3 2721/10/3
f 2726/13/3 2724/13/3 2723/13/3
f 2727/13/3 2724/13/3 2726/13/3
f 2728/10/3 2722/10/3 2725/10/3
f 2729/10/3 2722/10/3 2728/10/3
f 2730/10/3 2727/10/3 2726/10/3
f 2731/10/3 2727/10/3 2730/10/3
f 2732/11/3 2729/11/3 2728/11/3
f 2733/11/3 2729/11/3 2732/11/3
f 2734/13/3 2731/13/3 2730/13/3
f 2735/12/3 2733/12/3 2732/12/3
f 2736/12/3 2733/12/3 2735/12/3
f 2737/13/3 2734/13/3 2730/13/3
f 2738/13/3 2734/13/3 2737/13/3
f 2739/10/3 2736/10/3 2735/10/3
f 2740/10/3 2736/10/3 2739/10/3
f 2741/11/3 2738/11/3 2737/11/3
f 2742/11/3 2738/11/3 2741/11/3
f 2743/11/3 2740/11/3 2739/11/3
f 2744/11/3 2740/11/3 2743/11/3
f 2745/12/3 2742/12/3 2741/12/3
f 2746/12/3 2742/12/3 2745/12/3
f 2747/12/3 2744/12/3 2743/12/3
f 2748/12/3 2744/12/3 2747/12/3
f 2749/13/3 2746/13/3 2745/13/3
f 2750/13/3 2746/13/3 2749/13/3
f 2751/13/3 2748/13/3 2747/13/3
f 2752/13/3 2748/13/3 2751/13/3
f 2753/10/3 2750/10/3 2749/10/3
f 2754/10/3 2750/10/3 2753/10/3
f 2755/11/3 2752/11/3 2751/11/3
f 2756/11/3 2752/11/3 2755/11/3
f 2757/11/3 2754/11/3 2753/11/3
f 2758/11/3 2754/11/3 2757/11/3
f 2759/12/3 2756/12/3 2755/12/3
f 2760/12/3 2756/12/3 2759/12/3
f 2761/13/3 2758/13/3 2757/13/3
f 2762/13/3 2758/13/3 2761/13/3
f 2778/13/3 2760/13/3 2759/13/3
f 2779/13/3 2760/13/3 2778/13/3
f 2780/10/3 2762/10/3 2761/10/3
f 2781/13/3 2763/13/3 2762/13/3
f 2781/10/3 2762/10/3 2780/10/3
f 2782/12/3 2764/12/3 2763/12/3
f 2782/13/3 2763/13/3 2781/13/3
f 2783/11/3 2765/11/3 2764/11/3
f 2783/12/3 2764/12/3 2782/12/3
f 2784/12/3 2766/12/3 2765/12/3
f 2784/11/3 2765/11/3 2783/11/3
f 2785/10/3 2767/10/3 2766/10/3
f 2785/12/3 2766/12/3 2784/12/3
f 2786/13/3 2768/13/3 2767/13/3
f 2786/10/3 2767/10/3 2785/10/3
f 2787/11/3 2769/11/3 2768/11/3
f 2787/13/3 2768/13/3 2786/13/3
f 2788/13/3 2770/13/3 2769/13/3
f 2788/11/3 2769/11/3 2787/11/3
f 2789/11/3 2771/11/3 2770/11/3
f 2789/13/3 2770/13/3 2788/13/3
f 2790/10/3 2772/10/3 2771/10/3
f 2790/11/3 2771/11/3 2789/11/3
f 2791/12/3 2773/12/3 2772/12/3
f 2791/10/3 2772/10/3 2790/10/3
f 2792/13/3 2774/13/3 2773/13/3
f 2792/12/3 2773/12/3 2791/12/3
f 2793/12/3 2775/12/3 2774/12/3
f 2793/13/3 2774/13/3 2792/13/3
f 2794/10/3 2776/10/3 2775/10/3
f 2794/12/3 2775/12/3 2793/12/3
f 2795/12/3 2777/12/3 2776/12/3
f 2795/10/3 2776/10/3 2794/10/3
f 2796/13/3 2778/13/3 2777/13/3
f 2796/12/3 2777/12/3 2795/12/3
f 2796/13/3 2779/13/3 2778/13/3
f 2797/13/3 2779/13/3 2796/13/3
f 2798/13/3 2779/13/3 2797/13/3
f 2813/10/3 2800/10/3 2799/10/3
f 2814/12/3 2801/12/3 2800/12/3
f 2814/10/3 2800/10/3 2813/10/3
f 2815/13/3 2802/13/3 2801/13/3
f 2815/12/3 2801/12/3 2814/12/3
f 2816/13/3 2802/13/3 2815/13/3
f 2817/13/3 2802/13/3 2816/13/3
f 2818/11/3 2803/11/3 2802/11/3
f 2818/13/3 2802/13/3 2817/13/3
f 2819/13/3 2804/13/3 2803/13/3
f 2819/11/3 2803/11/3 2818/11/3
f 2820/11/3 2805/11/3 2804/11/3
f 2820/13/3 2804/13/3 2819/13/3
f 2821/13/3 2806/13/3 2805/13/3
f 2821/11/3 2805/11/3 2820/11/3
f 2822/12/3 2807/12/3 2806/12/3
f 2822/13/3 2806/13/3 2821/13/3
f 2823/13/3 2808/13/3 2807/13/3
f 2823/12/3 2807/12/3 2822/12/3
f 2824/10/3 2809/10/3 2808/10/3
f 2824/13/3 2808/13/3 2823/13/3
f 2825/13/3 2810/13/3 2809/13/3
f 2825/10/3 2809/10/3 2824/10/3
f 2826/11/3 2811/11/3 2810/11/3
f 2826/13/3 2810/13/3 2825/13/3
f 2827/11/3 2811/11/3 2826/11/3
f 2828/13/3 2812/13/3 2811/13/3
f 2828/11/3 2811/11/3 2827/11/3
f 2829/13/3 2812/13/3 2828/13/3
f 2832/12/3 2831/12/3 2830/12/3
f 2833/12/3 2831/12/3 2832/12/3
f 2834/13/3 2833/13/3 2832/13/3
f 2835/13/3 2834/13/3 2832/13/3
f 2836/13/3 2834/13/3 2835/13/3
f 2837/10/3 2836/10/3 2835/10/3
f 2838/10/3 2836/10/3 2837/10/3
f 2839/13/3 2838/13/3 2837/13/3
f 2840/13/3 2839/13/3 2837/13/3
f 2841/13/3 2840/13/3 2837/13/3
f 2842/13/3 2840/13/3 2841/13/3
f 2843/12/3 2842/12/3 2841/12/3
f 2844/12/3 2842/12/3 2843/12/3
f 2845/11/3 2844/11/3 2843/11/3
f 2846/11/3 2844/11/3 2845/11/3
f 2847/10/3 2846/10/3 2845/10/3
f 2848/10/3 2846/10/3 2847/10/3
f 2849/11/3 2848/11/3 2847/11/3
f 2850/11/3 2848/11/3 2849/11/3
f 2851/12/3 2850/12/3 2849/12/3
f 2852/12/3 2850/12/3 2851/12/3
f 2853/10/3 2852/10/3 2851/10/3
f 2854/10/3 2852/10/3 2853/10/3
f 2855/11/3 2854/11/3 2853/11/3
f 2856/11/3 2854/11/3 2855/11/3
f 2857/10/3 2856/10/3 2855/10/3
f 2858/10/3 2857/10/3 2855/10/3
f 2859/10/3 2857/10/3 2858/10/3
f 2877/13/3 2861/13/3 2860/13/3
f 2878/12/3 2862/12/3 2861/12/3
f 2878/13/3 2861/13/3 2877/13/3
f 2879/13/3 2863/13/3 2862/13/3
f 2879/12/3 2862/12/3 2878/12/3
f 2880/12/3 2864/12/3 2863/12/3
f 2880/13/3 2863/13/3 2879/13/3
f 2881/10/3 2865/10/3 2864/10/3
f 2881/12/3 2864/12/3 2880/12/3
f 2882/13/3 2866/13/3 2865/13/3
f 2882/10/3 2865/10/3 2881/10/3
f 2883/11/3 2867/11/3 2866/11/3
f 2883/13/3 2866/13/3 2882/13/3
f 2884/10/3 2868/10/3 2867/10/3
f 2884/11/3 2867/11/3 2883/11/3
f 2884/10/3 2869/10/3 2868/10/3
f 2885/13/3 2870/13/3 2869/13/3
f 2885/10/3 2869/10/3 2884/10/3
f 2885/13/3 2871/13/3 2870/13/3
f 2885/13/3 2872/13/3 2871/13/3
f 2886/10/3 2873/10/3 2872/10/3
f 2886/13/3 2872/13/3 2885/13/3
f 2887/12/3 2874/12/3 2873/12/3
f 2887/10/3 2873/10/3 2886/10/3
f 2888/13/3 2875/13/3 2874/13/3
f 2888/12/3 2874/12/3 2887/12/3
f 2889/11/3 2876/11/3 2875/11/3
f 2889/13/3 2875/13/3 2888/13/3
f 2890/11/3 2876/11/3 2889/11/3
f 2895/5/3 2892/5/3 2891/5/3
f 2896/5/3 2892/5/3 2895/5/3
f 2897/5/3 2892/5/3 2896/5/3
f 2898/9/3 2893/9/3 2892/9/3
f 2898/5/3 2892/5/3 2897/5/3
f 2899/8/3 2894/8/3 2893/8/3
f 2899/9/3 2893/9/3 2898/9/3
f 2900/8/3 2894/8/3 2899/8/3
f 2912/16/3 2902/16/3 2901/16/3
f 2913/1/3 2903/1/3 2902/1/3
f 2913/16/3 2902/16/3 2912/16/3
f 2914/16/3 2904/16/3 2903/16/3
f 2914/1/3 2903/1/3 2913/1/3
f 2915/1/3 2905/1/3 2904/1/3
f 2915/16/3 2904/16/3 2914/16/3
f 2916/16/3 2906/16/3 2905/16/3
f 2916/1/3 2905/1/3 2915/1/3
f 2917/1/3 2907/1/3 2906/1/3
f 2917/16/3 2906/16/3 2916/16/3
f 2918/16/3 2908/16/3 2907/16/3
f 2918/1/3 2907/1/3 2917/1/3
f 2919/1/3 2909/1/3 2908/1/3
f 2919/16/3 2908/16/3 2918/16/3
f 2920/16/3 2910/16/3 2909/16/3
f 2920/1/3 2909/1/3 2919/1/3
f 2921/15/3 2911/15/3 2910/15/3
f 2921/16/3 2910/16/3 2920/16/3
f 2922/15/3 2911/15/3 2921/15/3
f 2934/16/3 2924/16/3 2923/16/3
f 2935/1/3 2925/1/3 2924/1/3
f 2935/16/3 2924/16/3 2934/16/3
f 2936/16/3 2926/16/3 2925/16/3
f 2936/1/3 2925/1/3 2935/1/3
f 2937/1/3 2927/1/3 2926/1/3
f 2937/16/3 2926/16/3 2936/16/3
f 2938/16/3 2928/16/3 2927/16/3
f 2938/1/3 2927/1/3 2937/1/3
f 2939/1/3 2929/1/3 2928/1/3
f 2939/16/3 2928/16/3 2938/16/3
f 2940/16/3 2930/16/3 2929/16/3
f 2940/1/3 2929/1/3 2939/1/3
f 2941/1/3 2931/1/3 2930/1/3
f 2941/16/3 2930/16/3 2940/16/3
f 2942/16/3 2932/16/3 2931/16/3
f 2942/1/3 2931/1/3 2941/1/3
f 2943/15/3 2933/15/3 2932/15/3
f 2943/16/3 2932/16/3 2942/16/3
f 2944/15/3 2933/15/3 2943/15/3
f 2949/5/3 2946/5/3 2945/5/3
f 2950/9/3 2947/9/3 2946/9/3
f 2950/5/3 2946/5/3 2949/5/3
f 2951/8/3 2948/8/3 2947/8/3
f 2951/9/3 2947/9/3 2950/9/3
f 2952/8/3 2948/8/3 2951/8/3
f 2957/5/3 2954/5/3 2953/5/3
f 2958/9/3 2955/9/3 2954/9/3
f 2958/5/3 2954/5/3 2957/5/3
f 2959/7/3 2956/7/3 2955/7/3
f 2959/9/3 2955/9/3 2958/9/3
f 2960/7/3 2956/7/3 2959/7/3
f 2963/6/3 2962/6/3 2961/6/3
f 2964/6/3 2962/6/3 2963/6/3
f 2968/15/3 2966/15/3 2965/15/3
f 2969/15/3 2966/15/3 2968/15/3
f 2970/2/3 2968/2/3 2967/2/3
f 2971/2/3 2968/2/3 2970/2/3
f 2973/15/3 2972/15/3 2971/15/3
f 2974/15/3 2972/15/3 2973/15/3
f 2978/5/3 2976/5/3 2975/5/3
f 2979/9/3 2977/9/3 2976/9/3
f 2979/5/3 2976/5/3 2978/5/3
f 2980/9/3 2977/9/3 2979/9/3
f 2983/6/3 2982/6/3 2981/6/3
f 2984/6/3 2982/6/3 2983/6/3
f 2987/15/3 2986/15/3 2985/15/3
f 2988/15/3 2986/15/3 2987/15/3
f 2992/5/3 2990/5/3 2989/5/3
f 2993/5/3 2990/5/3 2992/5/3
f 2994/9/3 2991/9/3 2990/9/3
f 2994/5/3 2990/5/3 2993/5/3
f 2995/9/3 2991/9/3 2994/9/3
f 2998/4/3 2997/4/3 2996/4/3
f 2999/4/3 2997/4/3 2998/4/3
f 3004/17/3 3001/17/3 3000/17/3
f 3005/17/3 3001/17/3 3004/17/3
f 3007/4/3 3003/4/3 3002/4/3
f 3008/4/3 3003/4/3 3007/4/3
f 3010/4/3 3006/4/3 3005/4/3
f 3011/4/3 3006/4/3 3010/4/3
f 3012/17/3 3010/17/3 3009/17/3
f 3013/17/3 3010/17/3 3012/17/3
f 3016/4/3 3015/4/3 3014/4/3
f 3017/4/3 3015/4/3 3016/4/3
f 3020/8/3 3019/8/3 3018/8/3
f 3021/8/3 3019/8/3 3020/8/3
f 3024/20/3 3023/20/3 3022/20/3
f 3025/20/3 3023/20/3 3024/20/3
f 3026/20/3 3023/20/3 3025/20/3
f 3029/20/3 3028/20/3 3027/20/3
f 3030/20/3 3028/20/3 3029/20/3
f 3031/20/3 3028/20/3 3030/20/3
f 3032/20/3 3028/20/3 3031/20/3
f 3035/17/3 3034/17/3 3033/17/3
f 3036/17/3 3034/17/3 3035/17/3
f 3039/8/3 3037/8/3 3036/8/3
f 3040/8/3 3037/8/3 3039/8/3
f 3041/17/3 3039/17/3 3038/17/3
f 3042/17/3 3039/17/3 3041/17/3
f 3045/17/3 3044/17/3 3043/17/3
f 3046/17/3 3044/17/3 3045/17/3
f 3049/17/3 3048/17/3 3047/17/3
f 3050/17/3 3048/17/3 3049/17/3
f 3054/20/3 3052/20/3 3051/20/3
f 3055/8/3 3053/8/3 3052/8/3
f 3055/20/3 3052/20/3 3054/20/3
f 3056/8/3 3053/8/3 3055/8/3
f 3076/13/3 3058/13/3 3057/13/3
f 3077/12/3 3059/12/3 3058/12/3
f 3077/13/3 3058/13/3 3076/13/3
f 3078/13/3 3060/13/3 3059/13/3
f 3078/12/3 3059/12/3 3077/12/3
f 3079/12/3 3061/12/3 3060/12/3
f 3079/13/3 3060/13/3 3078/13/3
f 3080/11/3 3062/11/3 3061/11/3
f 3080/12/3 3061/12/3 3079/12/3
f 3081/10/3 3063/10/3 3062/10/3
f 3081/11/3 3062/11/3 3080/11/3
f 3082/11/3 3064/11/3 3063/11/3
f 3082/10/3 3063/10/3 3081/10/3
f 3083/13/3 3065/13/3 3064/13/3
f 3083/11/3 3064/11/3 3082/11/3
f 3083/13/3 3066/13/3 3065/13/3
f 3084/13/3 3066/13/3 3083/13/3
f 3085/12/3 3067/12/3 3066/12/3
f 3085/13/3 3066/13/3 3084/13/3
f 3086/10/3 3068/10/3 3067/10/3
f 3086/12/3 3067/12/3 3085/12/3
f 3087/12/3 3069/12/3 3068/12/3
f 3087/10/3 3068/10/3 3086/10/3
f 3088/10/3 3070/10/3 3069/10/3
f 3088/12/3 3069/12/3 3087/12/3
f 3089/11/3 3071/11/3 3070/11/3
f 3089/10/3 3070/10/3 3088/10/3
f 3090/10/3 3072/10/3 3071/10/3
f 3090/11/3 3071/11/3 3089/11/3
f 3091/12/3 3073/12/3 3072/12/3
f 3091/10/3 3072/10/3 3090/10/3
f 3092/10/3 3074/10/3 3073/10/3
f 3092/12/3 3073/12/3 3091/12/3
f 3093/11/3 3075/11/3 3074/11/3
f 3093/10/3 3074/10/3 3092/10/3
f 3094/11/3 3075/11/3 3093/11/3
f 3095/11/3 3077/11/3 3076/11/3
f 3096/12/3 3078/12/3 3077/12/3
f 3096/11/3 3077/11/3 3095/11/3
f 3097/10/3 3079/10/3 3078/10/3
f 3097/12/3 3078/12/3 3096/12/3
f 3098/13/3 3080/13/3 3079/13/3
f 3098/10/3 3079/10/3 3097/10/3
f 3098/13/3 3081/13/3 3080/13/3
f 3099/11/3 3082/11/3 3081/11/3
f 3099/13/3 3081/13/3 3098/13/3
f 3100/12/3 3084/12/3 3083/12/3
f 3100/11/3 3082/11/3 3099/11/3
f 3100/12/3 3083/12/3 3082/12/3
f 3101/12/3 3084/12/3 3100/12/3
f 3102/13/3 3085/13/3 3084/13/3
f 3102/12/3 3084/12/3 3101/12/3
f 3103/11/3 3086/11/3 3085/11/3
f 3103/13/3 3085/13/3 3102/13/3
f 3104/13/3 3087/13/3 3086/13/3
f 3104/11/3 3086/11/3 3103/11/3
f 3105/10/3 3088/10/3 3087/10/3
f 3105/13/3 3087/13/3 3104/13/3
f 3106/11/3 3089/11/3 3088/11/3
f 3106/10/3 3088/10/3 3105/10/3
f 3106/11/3 3090/11/3 3089/11/3
f 3107/11/3 3090/11/3 3106/11/3
f 3108/10/3 3092/10/3 3091/10/3
f 3108/12/3 3091/12/3 3090/12/3
f 3109/12/3 3094/12/3 3093/12/3
f 3109/10/3 3092/10/3 3108/10/3
f 3109/12/3 3093/12/3 3092/12/3
f 3110/12/3 3094/12/3 3109/12/3
f 3111/13/3 3096/13/3 3095/13/3
f 3112/10/3 3097/10/3 3096/10/3
f 3112/13/3 3096/13/3 3111/13/3
f 3113/13/3 3098/13/3 3097/13/3
f 3113/10/3 3097/10/3 3112/10/3
f 3114/10/3 3099/10/3 3098/10/3
f 3114/13/3 3098/13/3 3113/13/3
f 3115/10/3 3099/10/3 3114/10/3
f 3116/11/3 3100/11/3 3099/11/3
f 3116/10/3 3099/10/3 3115/10/3
f 3117/10/3 3101/10/3 3100/10/3
f 3117/11/3 3100/11/3 3116/11/3
f 3118/11/3 3102/11/3 3101/11/3
f 3118/10/3 3101/10/3 3117/10/3
f 3119/13/3 3103/13/3 3102/13/3
f 3119/11/3 3102/11/3 3118/11/3
f 3120/10/3 3104/10/3 3103/10/3
f 3120/13/3 3103/13/3 3119/13/3
f 3121/12/3 3107/12/3 3106/12/3
f 3121/10/3 3104/10/3 3120/10/3
f 3121/12/3 3105/12/3 3104/12/3
f 3121/12/3 3106/12/3 3105/12/3
f 3122/12/3 3107/12/3 3121/12/3
f 3123/12/3 3107/12/3 3122/12/3
f 3124/11/3 3090/11/3 3107/11/3
f 3124/12/3 3107/12/3 3123/12/3
f 3125/12/3 3108/12/3 3090/12/3
f 3125/11/3 3110/11/3 3109/11/3
f 3125/11/3 3109/11/3 3108/11/3
f 3126/11/3 3110/11/3 3125/11/3
f 3127/11/3 3110/11/3 3126/11/3
f 3128/11/3 3110/11/3 3127/11/3
f 3129/13/3 3112/13/3 3111/13/3
f 3129/11/3 3113/11/3 3112/11/3
f 3130/12/3 3114/12/3 3113/12/3
f 3130/11/3 3113/11/3 3129/11/3
f 3131/11/3 3115/11/3 3114/11/3
f 3131/12/3 3114/12/3 3130/12/3
f 3132/13/3 3116/13/3 3115/13/3
f 3132/11/3 3115/11/3 3131/11/3
f 3133/11/3 3117/11/3 3116/11/3
f 3133/13/3 3116/13/3 3132/13/3
f 3133/11/3 3118/11/3 3117/11/3
f 3134/11/3 3118/11/3 3133/11/3
f 3135/12/3 3119/12/3 3118/12/3
f 3135/11/3 3118/11/3 3134/11/3
f 3136/10/3 3120/10/3 3119/10/3
f 3136/12/3 3119/12/3 3135/12/3
f 3137/13/3 3121/13/3 3120/13/3
f 3137/10/3 3120/10/3 3136/10/3
f 3138/11/3 3122/11/3 3121/11/3
f 3138/13/3 3121/13/3 3137/13/3
f 3139/10/3 3123/10/3 3122/10/3
f 3139/11/3 3122/11/3 3138/11/3
f 3140/11/3 3124/11/3 3123/11/3
f 3140/10/3 3123/10/3 3139/10/3
f 3141/11/3 3090/11/3 3124/11/3
f 3141/11/3 3124/11/3 3140/11/3
f 3142/12/3 3125/12/3 3090/12/3
f 3142/11/3 3090/11/3 3141/11/3
f 3143/10/3 3126/10/3 3125/10/3
f 3143/12/3 3125/12/3 3142/12/3
f 3144/11/3 3127/11/3 3126/11/3
f 3144/10/3 3126/10/3 3143/10/3
f 3145/13/3 3128/13/3 3127/13/3
f 3145/11/3 3127/11/3 3144/11/3
f 3146/13/3 3129/13/3 3111/13/3
f 3147/10/3 3131/10/3 3130/10/3
f 3147/13/3 3129/13/3 3146/13/3
f 3147/10/3 3130/10/3 3129/10/3
f 3148/11/3 3132/11/3 3131/11/3
f 3148/10/3 3131/10/3 3147/10/3
f 3148/11/3 3133/11/3 3132/11/3
f 3149/11/3 3133/11/3 3148/11/3
f 3150/13/3 3134/13/3 3133/13/3
f 3150/11/3 3133/11/3 3149/11/3
f 3151/11/3 3135/11/3 3134/11/3
f 3151/13/3 3134/13/3 3150/13/3
f 3152/10/3 3136/10/3 3135/10/3
f 3152/11/3 3135/11/3 3151/11/3
f 3153/12/3 3137/12/3 3136/12/3
f 3153/10/3 3136/10/3 3152/10/3
f 3154/10/3 3138/10/3 3137/10/3
f 3154/12/3 3137/12/3 3153/12/3
f 3154/10/3 3139/10/3 3138/10/3
f 3155/10/3 3139/10/3 3154/10/3
f 3156/13/3 3140/13/3 3139/13/3
f 3156/10/3 3139/10/3 3155/10/3
f 3157/12/3 3141/12/3 3140/12/3
f 3157/13/3 3140/13/3 3156/13/3
f 3158/11/3 3143/11/3 3142/11/3
f 3158/12/3 3141/12/3 3157/12/3
f 3158/11/3 3142/11/3 3141/11/3
f 3159/12/3 3144/12/3 3143/12/3
f 3159/11/3 3143/11/3 3158/11/3
f 3160/13/3 3145/13/3 3144/13/3
f 3160/12/3 3144/12/3 3159/12/3
f 3161/13/3 3128/13/3 3145/13/3
f 3161/13/3 3145/13/3 3160/13/3
f 3162/13/3 3128/13/3 3161/13/3
f 3163/10/3 3147/10/3 3146/10/3
f 3164/11/3 3148/11/3 3147/11/3
f 3164/10/3 3147/10/3 3163/10/3
f 3165/11/3 3148/11/3 3164/11/3
f 3166/10/3 3149/10/3 3148/10/3
f 3166/11/3 3148/11/3 3165/11/3
f 3167/12/3 3150/12/3 3149/12/3
f 3167/10/3 3149/10/3 3166/10/3
f 3168/10/3 3151/10/3 3150/10/3
f 3168/12/3 3150/12/3 3167/12/3
f 3169/13/3 3153/13/3 3152/13/3
f 3169/13/3 3152/13/3 3151/13/3
f 3169/13/3 3154/13/3 3153/13/3
f 3170/13/3 3154/13/3 3169/13/3
f 3171/12/3 3155/12/3 3154/12/3
f 3171/13/3 3154/13/3 3170/13/3
f 3172/11/3 3156/11/3 3155/11/3
f 3172/12/3 3155/12/3 3171/12/3
f 3173/13/3 3157/13/3 3156/13/3
f 3173/11/3 3156/11/3 3172/11/3
f 3174/10/3 3158/10/3 3157/10/3
f 3174/13/3 3157/13/3 3173/13/3
f 3175/13/3 3159/13/3 3158/13/3
f 3175/10/3 3158/10/3 3174/10/3
f 3176/13/3 3159/13/3 3175/13/3
f 3177/12/3 3160/12/3 3159/12/3
f 3177/13/3 3159/13/3 3176/13/3
f 3177/12/3 3161/12/3 3160/12/3
f 3178/13/3 3164/13/3 3163/13/3
f 3179/12/3 3165/12/3 3164/12/3
f 3179/13/3 3164/13/3 3178/13/3
f 3180/11/3 3166/11/3 3165/11/3
f 3180/12/3 3165/12/3 3179/12/3
f 3181/12/3 3167/12/3 3166/12/3
f 3181/11/3 3166/11/3 3180/11/3
f 3182/13/3 3168/13/3 3167/13/3
f 3182/12/3 3167/12/3 3181/12/3
f 3183/10/3 3151/10/3 3168/10/3
f 3183/13/3 3168/13/3 3182/13/3
f 3184/13/3 3169/13/3 3151/13/3
f 3184/10/3 3151/10/3 3183/10/3
f 3185/10/3 3170/10/3 3169/10/3
f 3185/13/3 3169/13/3 3184/13/3
f 3186/13/3 3171/13/3 3170/13/3
f 3186/10/3 3170/10/3 3185/10/3
f 3187/11/3 3172/11/3 3171/11/3
f 3187/13/3 3171/13/3 3186/13/3
f 3188/13/3 3173/13/3 3172/13/3
f 3188/11/3 3172/11/3 3187/11/3
f 3189/12/3 3174/12/3 3173/12/3
f 3189/13/3 3173/13/3 3188/13/3
f 3190/10/3 3176/10/3 3175/10/3
f 3190/12/3 3174/12/3 3189/12/3
f 3190/10/3 3175/10/3 3174/10/3
f 3191/11/3 3177/11/3 3176/11/3
f 3191/10/3 3176/10/3 3190/10/3
f 3192/12/3 3161/12/3 3177/12/3
f 3192/11/3 3177/11/3 3191/11/3
f 3193/10/3 3162/10/3 3161/10/3
f 3193/12/3 3161/12/3 3192/12/3
f 3194/10/3 3162/10/3 3193/10/3
f 3195/11/3 3179/11/3 3178/11/3
f 3196/13/3 3180/13/3 3179/13/3
f 3196/11/3 3179/11/3 3195/11/3
f 3197/11/3 3182/11/3 3181/11/3
f 3197/13/3 3180/13/3 3196/13/3
f 3197/11/3 3181/11/3 3180/11/3
f 3198/11/3 3182/11/3 3197/11/3
f 3199/10/3 3184/10/3 3183/10/3
f 3199/11/3 3182/11/3 3198/11/3
f 3199/10/3 3183/10/3 3182/10/3
f 3200/10/3 3184/10/3 3199/10/3
f 3201/11/3 3185/11/3 3184/11/3
f 3201/10/3 3184/10/3 3200/10/3
f 3202/13/3 3186/13/3 3185/13/3
f 3202/11/3 3185/11/3 3201/11/3
f 3203/11/3 3187/11/3 3186/11/3
f 3203/13/3 3186/13/3 3202/13/3
f 3204/10/3 3188/10/3 3187/10/3
f 3204/11/3 3187/11/3 3203/11/3
f 3205/11/3 3189/11/3 3188/11/3
f 3205/10/3 3188/10/3 3204/10/3
f 3206/13/3 3191/13/3 3190/13/3
f 3206/11/3 3189/11/3 3205/11/3
f 3206/13/3 3190/13/3 3189/13/3
f 3207/13/3 3191/13/3 3206/13/3
f 3208/13/3 3191/13/3 3207/13/3
f 3209/10/3 3192/10/3 3191/10/3
f 3209/13/3 3191/13/3 3208/13/3
f 3210/11/3 3194/11/3 3193/11/3
f 3210/10/3 3192/10/3 3209/10/3
f 3210/11/3 3193/11/3 3192/11/3
f 3211/11/3 3194/11/3 3210/11/3
f 3212/11/3 3194/11/3 3211/11/3
f 3213/13/3 3196/13/3 3195/13/3
f 3214/11/3 3197/11/3 3196/11/3
f 3214/13/3 3196/13/3 3213/13/3
f 3215/10/3 3198/10/3 3197/10/3
f 3215/11/3 3197/11/3 3214/11/3
f 3216/12/3 3199/12/3 3198/12/3
f 3216/10/3 3198/10/3 3215/10/3
f 3217/13/3 3200/13/3 3199/13/3
f 3217/12/3 3199/12/3 3216/12/3
f 3218/10/3 3201/10/3 3200/10/3
f 3218/13/3 3200/13/3 3217/13/3
f 3219/13/3 3202/13/3 3201/13/3
f 3219/10/3 3201/10/3 3218/10/3
f 3220/10/3 3203/10/3 3202/10/3
f 3220/13/3 3202/13/3 3219/13/3
f 3221/11/3 3204/11/3 3203/11/3
f 3221/10/3 3203/10/3 3220/10/3
f 3222/13/3 3205/13/3 3204/13/3
f 3222/11/3 3204/11/3 3221/11/3
f 3223/13/3 3207/13/3 3206/13/3
f 3223/10/3 3206/10/3 3205/10/3
f 3224/10/3 3208/10/3 3207/10/3
f 3224/13/3 3207/13/3 3223/13/3
f 3225/13/3 3209/13/3 3208/13/3
f 3225/10/3 3208/10/3 3224/10/3
f 3226/11/3 3210/11/3 3209/11/3
f 3226/13/3 3209/13/3 3225/13/3
f 3227/10/3 3211/10/3 3210/10/3
f 3227/11/3 3210/11/3 3226/11/3
f 3228/13/3 3212/13/3 3211/13/3
f 3228/10/3 3211/10/3 3227/10/3
f 3229/11/3 3194/11/3 3212/11/3
f 3229/13/3 3212/13/3 3228/13/3
f 3230/11/3 3194/11/3 3229/11/3
f 3231/12/3 3214/12/3 3213/12/3
f 3232/13/3 3217/13/3 3216/13/3
f 3232/12/3 3214/12/3 3231/12/3
f 3232/13/3 3216/13/3 3215/13/3
f 3232/13/3 3215/13/3 3214/13/3
f 3233/13/3 3217/13/3 3232/13/3
f 3234/10/3 3218/10/3 3217/10/3
f 3234/13/3 3217/13/3 3233/13/3
f 3234/10/3 3219/10/3 3218/10/3
f 3235/12/3 3220/12/3 3219/12/3
f 3235/10/3 3219/10/3 3234/10/3
f 3236/10/3 3221/10/3 3220/10/3
f 3236/12/3 3220/12/3 3235/12/3
f 3236/10/3 3222/10/3 3221/10/3
f 3237/10/3 3222/10/3 3236/10/3
f 3238/13/3 3205/13/3 3222/13/3
f 3238/10/3 3222/10/3 3237/10/3
f 3239/10/3 3223/10/3 3205/10/3
f 3239/13/3 3205/13/3 3238/13/3
f 3240/11/3 3224/11/3 3223/11/3
f 3240/10/3 3223/10/3 3239/10/3
f 3240/11/3 3225/11/3 3224/11/3
f 3241/11/3 3225/11/3 3240/11/3
f 3242/13/3 3228/13/3 3227/13/3
f 3242/11/3 3225/11/3 3241/11/3
f 3242/13/3 3227/13/3 3226/13/3
f 3242/13/3 3226/13/3 3225/13/3
f 3243/13/3 3228/13/3 3242/13/3
f 3244/13/3 3228/13/3 3243/13/3
f 3245/10/3 3229/10/3 3228/10/3
f 3245/13/3 3228/13/3 3244/13/3
f 3246/13/3 3230/13/3 3229/13/3
f 3246/10/3 3229/10/3 3245/10/3
f 3247/11/3 3232/11/3 3231/11/3
f 3248/13/3 3233/13/3 3232/13/3
f 3248/11/3 3232/11/3 3247/11/3
f 3249/12/3 3234/12/3 3233/12/3
f 3249/13/3 3233/13/3 3248/13/3
f 3249/12/3 3235/12/3 3234/12/3
f 3250/12/3 3235/12/3 3249/12/3
f 3251/12/3 3235/12/3 3250/12/3
f 3252/10/3 3236/10/3 3235/10/3
f 3252/12/3 3235/12/3 3251/12/3
f 3253/13/3 3237/13/3 3236/13/3
f 3253/10/3 3236/10/3 3252/10/3
f 3254/11/3 3239/11/3 3238/11/3
f 3254/13/3 3237/13/3 3253/13/3
f 3254/11/3 3238/11/3 3237/11/3
f 3255/11/3 3239/11/3 3254/11/3
f 3256/12/3 3240/12/3 3239/12/3
f 3256/11/3 3239/11/3 3255/11/3
f 3257/11/3 3242/11/3 3241/11/3
f 3257/10/3 3243/10/3 3242/10/3
f 3258/11/3 3244/11/3 3243/11/3
f 3258/10/3 3243/10/3 3257/10/3
f 3259/13/3 3245/13/3 3244/13/3
f 3259/11/3 3244/11/3 3258/11/3
f 3260/12/3 3246/12/3 3245/12/3
f 3260/13/3 3245/13/3 3259/13/3
f 3261/13/3 3230/13/3 3246/13/3
f 3261/12/3 3246/12/3 3260/12/3
f 3262/13/3 3230/13/3 3261/13/3
f 3263/10/3 3248/10/3 3247/10/3
f 3264/13/3 3250/13/3 3249/13/3
f 3264/10/3 3248/10/3 3263/10/3
f 3264/13/3 3249/13/3 3248/13/3
f 3265/13/3 3250/13/3 3264/13/3
f 3266/10/3 3251/10/3 3250/10/3
f 3266/13/3 3250/13/3 3265/13/3
f 3267/10/3 3251/10/3 3266/10/3
f 3268/13/3 3252/13/3 3251/13/3
f 3268/10/3 3251/10/3 3267/10/3
f 3269/12/3 3253/12/3 3252/12/3
f 3269/13/3 3252/13/3 3268/13/3
f 3270/10/3 3254/10/3 3253/10/3
f 3270/12/3 3253/12/3 3269/12/3
f 3271/11/3 3255/11/3 3254/11/3
f 3271/10/3 3254/10/3 3270/10/3
f 3272/12/3 3240/12/3 3256/12/3
f 3272/10/3 3256/10/3 3255/10/3
f 3273/13/3 3241/13/3 3240/13/3
f 3273/12/3 3240/12/3 3272/12/3
f 3274/11/3 3257/11/3 3241/11/3
f 3274/13/3 3241/13/3 3273/13/3
f 3275/13/3 3258/13/3 3257/13/3
f 3275/11/3 3257/11/3 3274/11/3
f 3276/10/3 3259/10/3 3258/10/3
f 3276/13/3 3258/13/3 3275/13/3
f 3277/12/3 3260/12/3 3259/12/3
f 3277/10/3 3259/10/3 3276/10/3
f 3278/13/3 3261/13/3 3260/13/3
f 3278/12/3 3260/12/3 3277/12/3
f 3279/11/3 3262/11/3 3261/11/3
f 3279/13/3 3261/13/3 3278/13/3
f 3280/11/3 3262/11/3 3279/11/3
f 3281/13/3 3264/13/3 3263/13/3
f 3282/10/3 3265/10/3 3264/10/3
f 3282/13/3 3264/13/3 3281/13/3
f 3283/13/3 3267/13/3 3266/13/3
f 3283/10/3 3265/10/3 3282/10/3
f 3283/13/3 3266/13/3 3265/13/3
f 3284/13/3 3267/13/3 3283/13/3
f 3285/10/3 3268/10/3 3267/10/3
f 3285/13/3 3267/13/3 3284/13/3
f 3286/12/3 3269/12/3 3268/12/3
f 3286/10/3 3268/10/3 3285/10/3
f 3287/13/3 3270/13/3 3269/13/3
f 3287/12/3 3269/12/3 3286/12/3
f 3288/12/3 3271/12/3 3270/12/3
f 3288/13/3 3270/13/3 3287/13/3
f 3289/10/3 3272/10/3 3255/10/3
f 3289/11/3 3255/11/3 3271/11/3
f 3290/11/3 3273/11/3 3272/11/3
f 3290/10/3 3272/10/3 3289/10/3
f 3291/10/3 3274/10/3 3273/10/3
f 3291/11/3 3273/11/3 3290/11/3
f 3292/12/3 3275/12/3 3274/12/3
f 3292/10/3 3274/10/3 3291/10/3
f 3293/13/3 3276/13/3 3275/13/3
f 3293/12/3 3275/12/3 3292/12/3
f 3294/11/3 3278/11/3 3277/11/3
f 3294/13/3 3276/13/3 3293/13/3
f 3294/11/3 3277/11/3 3276/11/3
f 3295/11/3 3278/11/3 3294/11/3
f 3296/10/3 3279/10/3 3278/10/3
f 3296/11/3 3278/11/3 3295/11/3
f 3297/13/3 3280/13/3 3279/13/3
f 3297/10/3 3279/10/3 3296/10/3
f 3298/13/3 3280/13/3 3297/13/3
f 3299/11/3 3282/11/3 3281/11/3
f 3300/10/3 3284/10/3 3283/10/3
f 3300/11/3 3282/11/3 3299/11/3
f 3300/10/3 3283/10/3 3282/10/3
f 3301/11/3 3285/11/3 3284/11/3
f 3301/10/3 3284/10/3 3300/10/3
f 3302/13/3 3286/13/3 3285/13/3
f 3302/11/3 3285/11/3 3301/11/3
f 3303/10/3 3287/10/3 3286/10/3
f 3303/13/3 3286/13/3 3302/13/3
f 3304/11/3 3288/11/3 3287/11/3
f 3304/10/3 3287/10/3 3303/10/3
f 3305/12/3 3271/12/3 3288/12/3
f 3305/11/3 3288/11/3 3304/11/3
f 3306/11/3 3289/11/3 3271/11/3
f 3306/12/3 3271/12/3 3305/12/3
f 3307/13/3 3290/13/3 3289/13/3
f 3307/11/3 3289/11/3 3306/11/3
f 3308/10/3 3292/10/3 3291/10/3
f 3308/13/3 3290/13/3 3307/13/3
f 3308/10/3 3291/10/3 3290/10/3
f 3309/10/3 3292/10/3 3308/10/3
f 3310/13/3 3293/13/3 3292/13/3
f 3310/10/3 3292/10/3 3309/10/3
f 3311/11/3 3294/11/3 3293/11/3
f 3311/13/3 3293/13/3 3310/13/3
f 3312/13/3 3295/13/3 3294/13/3
f 3312/11/3 3294/11/3 3311/11/3
f 3313/11/3 3297/11/3 3296/11/3
f 3313/13/3 3295/13/3 3312/13/3
f 3313/11/3 3296/11/3 3295/11/3
f 3314/11/3 3297/11/3 3313/11/3
f 3315/12/3 3298/12/3 3297/12/3
f 3315/11/3 3297/11/3 3314/11/3
f 3316/12/3 3298/12/3 3315/12/3
f 3317/10/3 3301/10/3 3300/10/3
f 3317/10/3 3300/10/3 3299/10/3
f 3318/10/3 3301/10/3 3317/10/3
f 3319/10/3 3301/10/3 3318/10/3
f 3320/12/3 3302/12/3 3301/12/3
f 3320/10/3 3301/10/3 3319/10/3
f 3321/13/3 3304/13/3 3303/13/3
f 3321/12/3 3302/12/3 3320/12/3
f 3321/13/3 3303/13/3 3302/13/3
f 3322/13/3 3304/13/3 3321/13/3
f 3323/12/3 3307/12/3 3306/12/3
f 3323/13/3 3304/13/3 3322/13/3
f 3323/12/3 3306/12/3 3305/12/3
f 3323/12/3 3305/12/3 3304/12/3
f 3323/12/3 3308/12/3 3307/12/3
f 3324/12/3 3308/12/3 3323/12/3
f 3325/12/3 3308/12/3 3324/12/3
f 3326/10/3 3309/10/3 3308/10/3
f 3326/12/3 3308/12/3 3325/12/3
f 3327/13/3 3311/13/3 3310/13/3
f 3327/10/3 3309/10/3 3326/10/3
f 3327/13/3 3310/13/3 3309/13/3
f 3328/13/3 3311/13/3 3327/13/3
f 3329/10/3 3312/10/3 3311/10/3
f 3329/13/3 3311/13/3 3328/13/3
f 3330/12/3 3313/12/3 3312/12/3
f 3330/10/3 3312/10/3 3329/10/3
f 3331/13/3 3314/13/3 3313/13/3
f 3331/12/3 3313/12/3 3330/12/3
f 3332/11/3 3316/11/3 3315/11/3
f 3332/11/3 3315/11/3 3314/11/3
f 3333/11/3 3316/11/3 3332/11/3
f 3334/13/3 3318/13/3 3317/13/3
f 3335/11/3 3319/11/3 3318/11/3
f 3335/13/3 3318/13/3 3334/13/3
f 3336/13/3 3320/13/3 3319/13/3
f 3336/11/3 3319/11/3 3335/11/3
f 3337/12/3 3321/12/3 3320/12/3
f 3337/13/3 3320/13/3 3336/13/3
f 3338/10/3 3322/10/3 3321/10/3
f 3338/12/3 3321/12/3 3337/12/3
f 3339/13/3 3323/13/3 3322/13/3
f 3339/10/3 3322/10/3 3338/10/3
f 3340/11/3 3324/11/3 3323/11/3
f 3340/13/3 3323/13/3 3339/13/3
f 3341/12/3 3325/12/3 3324/12/3
f 3341/11/3 3324/11/3 3340/11/3
f 3342/13/3 3326/13/3 3325/13/3
f 3342/12/3 3325/12/3 3341/12/3
f 3342/13/3 3327/13/3 3326/13/3
f 3343/12/3 3328/12/3 3327/12/3
f 3343/13/3 3327/13/3 3342/13/3
f 3344/11/3 3329/11/3 3328/11/3
f 3344/12/3 3328/12/3 3343/12/3
f 3345/13/3 3330/13/3 3329/13/3
f 3345/11/3 3329/11/3 3344/11/3
f 3345/13/3 3331/13/3 3330/13/3
f 3346/13/3 3331/13/3 3345/13/3
f 3347/13/3 3314/13/3 3331/13/3
f 3347/13/3 3331/13/3 3346/13/3
f 3347/11/3 3332/11/3 3314/11/3
f 3348/12/3 3333/12/3 3332/12/3
f 3348/11/3 3332/11/3 3347/11/3
f 3349/12/3 3333/12/3 3348/12/3
f 3364/18/3 3351/18/3 3350/18/3
f 3365/17/3 3352/17/3 3351/17/3
f 3365/18/3 3351/18/3 3364/18/3
f 3366/19/3 3353/19/3 3352/19/3
f 3366/17/3 3352/17/3 3365/17/3
f 3367/17/3 3354/17/3 3353/17/3
f 3367/19/3 3353/19/3 3366/19/3
f 3368/17/3 3354/17/3 3367/17/3
f 3369/17/3 3354/17/3 3368/17/3
f 3370/17/3 3354/17/3 3369/17/3
f 3371/18/3 3355/18/3 3354/18/3
f 3371/17/3 3354/17/3 3370/17/3
f 3372/19/3 3356/19/3 3355/19/3
f 3372/18/3 3355/18/3 3371/18/3
f 3373/17/3 3357/17/3 3356/17/3
f 3373/19/3 3356/19/3 3372/19/3
f 3374/18/3 3358/18/3 3357/18/3
f 3374/17/3 3357/17/3 3373/17/3
f 3375/19/3 3359/19/3 3358/19/3
f 3375/18/3 3358/18/3 3374/18/3
f 3376/18/3 3360/18/3 3359/18/3
f 3376/19/3 3359/19/3 3375/19/3
f 3377/18/3 3360/18/3 3376/18/3
f 3378/17/3 3361/17/3 3360/17/3
f 3378/18/3 3360/18/3 3377/18/3
f 3379/19/3 3362/19/3 3361/19/3
f 3379/17/3 3361/17/3 3378/17/3
f 3380/19/3 3362/19/3 3379/19/3
f 3382/18/3 3364/18/3 3363/18/3
f 3383/18/3 3364/18/3 3382/18/3
f 3384/19/3 3381/19/3 3380/19/3
f 3385/19/3 3383/19/3 3382/19/3
f 3386/19/3 3381/19/3 3384/19/3
f 3387/19/3 3381/19/3 3386/19/3
f 3388/19/3 3385/19/3 3382/19/3
f 3389/19/3 3385/19/3 3388/19/3
f 3390/18/3 3387/18/3 3386/18/3
f 3391/18/3 3387/18/3 3390/18/3
f 3392/18/3 3389/18/3 3388/18/3
f 3393/18/3 3389/18/3 3392/18/3
f 3394/19/3 3391/19/3 3390/19/3
f 3395/19/3 3391/19/3 3394/19/3
f 3396/19/3 3393/19/3 3392/19/3
f 3397/19/3 3393/19/3 3396/19/3
f 3398/18/3 3395/18/3 3394/18/3
f 3399/18/3 3395/18/3 3398/18/3
f 3400/18/3 3397/18/3 3396/18/3
f 3401/18/3 3397/18/3 3400/18/3
f 3402/17/3 3399/17/3 3398/17/3
f 3403/19/3 3401/19/3 3400/19/3
f 3404/19/3 3401/19/3 3403/19/3
f 3405/17/3 3399/17/3 3402/17/3
f 3406/17/3 3399/17/3 3405/17/3
f 3407/17/3 3404/17/3 3403/17/3
f 3408/18/3 3406/18/3 3405/18/3
f 3409/17/3 3407/17/3 3403/17/3
f 3410/17/3 3407/17/3 3409/17/3
f 3411/18/3 3406/18/3 3408/18/3
f 3412/18/3 3406/18/3 3411/18/3
f 3413/18/3 3410/18/3 3409/18/3
f 3414/18/3 3410/18/3 3413/18/3
f 3415/17/3 3412/17/3 3411/17/3
f 3416/17/3 3412/17/3 3415/17/3
f 3417/19/3 3414/19/3 3413/19/3
f 3418/19/3 3417/19/3 3413/19/3
f 3419/19/3 3417/19/3 3418/19/3
f 3420/19/3 3416/19/3 3415/19/3
f 3421/19/3 3416/19/3 3420/19/3
f 3422/18/3 3419/18/3 3418/18/3
f 3423/18/3 3419/18/3 3422/18/3
f 3424/18/3 3421/18/3 3420/18/3
f 3425/18/3 3421/18/3 3424/18/3
f 3426/19/3 3423/19/3 3422/19/3
f 3427/19/3 3423/19/3 3426/19/3
f 3428/19/3 3425/19/3 3424/19/3
f 3429/19/3 3425/19/3 3428/19/3
f 3430/18/3 3427/18/3 3426/18/3
f 3431/18/3 3427/18/3 3430/18/3
f 3432/18/3 3429/18/3 3428/18/3
f 3433/18/3 3429/18/3 3432/18/3
f 3434/17/3 3431/17/3 3430/17/3
f 3435/19/3 3433/19/3 3432/19/3
f 3436/19/3 3433/19/3 3435/19/3
f 3437/17/3 3434/17/3 3430/17/3
f 3438/17/3 3434/17/3 3437/17/3
f 3439/17/3 3436/17/3 3435/17/3
f 3440/17/3 3436/17/3 3439/17/3
f 3441/19/3 3438/19/3 3437/19/3
f 3442/19/3 3438/19/3 3441/19/3
f 3460/18/3 3440/18/3 3439/18/3
f 3461/18/3 3440/18/3 3460/18/3
f 3462/17/3 3443/17/3 3442/17/3
f 3463/18/3 3444/18/3 3443/18/3
f 3463/17/3 3443/17/3 3462/17/3
f 3464/17/3 3445/17/3 3444/17/3
f 3464/18/3 3444/18/3 3463/18/3
f 3465/19/3 3446/19/3 3445/19/3
f 3465/17/3 3445/17/3 3464/17/3
f 3465/19/3 3447/19/3 3446/19/3
f 3466/17/3 3448/17/3 3447/17/3
f 3466/19/3 3447/19/3 3465/19/3
f 3467/18/3 3449/18/3 3448/18/3
f 3467/17/3 3448/17/3 3466/17/3
f 3468/19/3 3450/19/3 3449/19/3
f 3468/18/3 3449/18/3 3467/18/3
f 3469/18/3 3451/18/3 3450/18/3
f 3469/19/3 3450/19/3 3468/19/3
f 3470/19/3 3452/19/3 3451/19/3
f 3470/18/3 3451/18/3 3469/18/3
f 3470/19/3 3453/19/3 3452/19/3
f 3471/18/3 3454/18/3 3453/18/3
f 3471/19/3 3453/19/3 3470/19/3
f 3472/17/3 3455/17/3 3454/17/3
f 3472/18/3 3454/18/3 3471/18/3
f 3473/18/3 3456/18/3 3455/18/3
f 3473/17/3 3455/17/3 3472/17/3
f 3473/18/3 3457/18/3 3456/18/3
f 3474/17/3 3458/17/3 3457/17/3
f 3474/18/3 3457/18/3 3473/18/3
f 3475/19/3 3459/19/3 3458/19/3
f 3475/17/3 3458/17/3 3474/17/3
f 3476/17/3 3460/17/3 3459/17/3
f 3476/19/3 3459/19/3 3475/19/3
f 3477/17/3 3460/17/3 3476/17/3
f 3478/19/4 3479/19/4 3492/19/4
f 3479/17/4 3480/17/4 3493/17/4
f 3492/19/4 3479/19/4 3493/19/4
f 3480/19/4 3481/19/4 3494/19/4
f 3493/17/4 3480/17/4 3494/17/4
f 3481/18/4 3482/18/4 3495/18/4
f 3494/19/4 3481/19/4 3495/19/4
f 3482/19/4 3483/19/4 3496/19/4
f 3495/18/4 3482/18/4 3496/18/4
f 3483/18/4 3484/18/4 3497/18/4
f 3496/19/4 3483/19/4 3497/19/4
f 3497/18/4 3484/18/4 3498/18/4
f 3484/19/4 3485/19/4 3499/19/4
f 3498/18/4 3484/18/4 3499/18/4
f 3485/18/4 3486/18/4 3500/18/4
f 3499/19/4 3485/19/4 3500/19/4
f 3500/18/4 3486/18/4 3501/18/4
f 3501/18/4 3486/18/4 3502/18/4
f 3486/19/4 3487/19/4 3503/19/4
f 3502/18/4 3486/18/4 3503/18/4
f 3487/18/4 3488/18/4 3504/18/4
f 3503/19/4 3487/19/4 3504/19/4
f 3504/18/4 3488/18/4 3505/18/4
f 3488/19/4 3489/19/4 3506/19/4
f 3505/18/4 3488/18/4 3506/18/4
f 3489/17/4 3490/17/4 3507/17/4
f 3506/19/4 3489/19/4 3507/19/4
f 3507/17/4 3490/17/4 3508/17/4
f 3491/18/4 3492/18/4 3510/18/4
f 3510/18/4 3492/18/4 3511/18/4
f 3508/18/4 3509/18/4 3512/18/4
f 3512/18/4 3509/18/4 3513/18/4
f 3510/19/4 3511/19/4 3514/19/4
f 3514/19/4 3511/19/4 3515/19/4
f 3512/19/4 3513/19/4 3516/19/4
f 3516/19/4 3513/19/4 3517/19/4
f 3514/18/4 3515/18/4 3518/18/4
f 3516/18/4 3517/18/4 3519/18/4
f 3514/18/4 3518/18/4 3520/18/4
f 3520/18/4 3518/18/4 3521/18/4
f 3519/18/4 3517/18/4 3522/18/4
f 3520/17/4 3521/17/4 3523/17/4
f 3522/18/4 3517/18/4 3524/18/4
f 3520/17/4 3523/17/4 3525/17/4
f 3524/18/4 3517/18/4 3526/18/4
f 3520/17/4 3525/17/4 3527/17/4
f 3527/17/4 3525/17/4 3528/17/4
f 3527/18/4 3528/18/4 3529/18/4
f 3526/18/4 3517/18/4 3530/18/4
f 3530/18/4 3517/18/4 3531/18/4
f 3527/18/4 3529/18/4 3532/18/4
f 3532/18/4 3529/18/4 3533/18/4
f 3530/17/4 3531/17/4 3534/17/4
f 3534/17/4 3531/17/4 3535/17/4
f 3534/18/4 3535/18/4 3536/18/4
f 3532/19/4 3533/19/4 3537/19/4
f 3537/19/4 3533/19/4 3538/19/4
f 3536/18/4 3535/18/4 3539/18/4
f 3539/18/4 3535/18/4 3540/18/4
f 3537/17/4 3538/17/4 3541/17/4
f 3541/17/4 3538/17/4 3542/17/4
f 3539/17/4 3540/17/4 3543/17/4
f 3543/17/4 3540/17/4 3544/17/4
f 3541/19/4 3542/19/4 3545/19/4
f 3543/19/4 3544/19/4 3546/19/4
f 3546/19/4 3544/19/4 3547/19/4
f 3541/19/4 3545/19/4 3548/19/4
f 3546/18/4 3547/18/4 3549/18/4
f 3541/19/4 3548/19/4 3550/19/4
f 3549/18/4 3547/18/4 3551/18/4
f 3551/18/4 3547/18/4 3552/18/4
f 3541/19/4 3550/19/4 3553/19/4
f 3553/19/4 3550/19/4 3554/19/4
f 3551/17/4 3552/17/4 3555/17/4
f 3553/17/4 3554/17/4 3556/17/4
f 3555/17/4 3552/17/4 3557/17/4
f 3557/17/4 3552/17/4 3558/17/4
f 3553/17/4 3556/17/4 3559/17/4
f 3559/17/4 3556/17/4 3560/17/4
f 3557/19/4 3558/19/4 3578/19/4
f 3578/19/4 3558/19/4 3579/19/4
f 3560/19/4 3561/19/4 3580/19/4
f 3561/18/4 3562/18/4 3581/18/4
f 3580/19/4 3561/19/4 3581/19/4
f 3562/18/4 3563/18/4 3581/18/4
f 3563/18/4 3564/18/4 3581/18/4
f 3564/18/4 3565/18/4 3581/18/4
f 3565/19/4 3566/19/4 3582/19/4
f 3581/18/4 3565/18/4 3582/18/4
f 3566/17/4 3567/17/4 3583/17/4
f 3582/19/4 3566/19/4 3583/19/4
f 3567/19/4 3568/19/4 3584/19/4
f 3583/17/4 3567/17/4 3584/17/4
f 3568/18/4 3569/18/4 3585/18/4
f 3584/19/4 3568/19/4 3585/19/4
f 3569/17/4 3570/17/4 3586/17/4
f 3585/18/4 3569/18/4 3586/18/4
f 3570/17/4 3571/17/4 3586/17/4
f 3571/18/4 3572/18/4 3587/18/4
f 3586/17/4 3571/17/4 3587/17/4
f 3573/17/4 3574/17/4 3588/17/4
f 3587/18/4 3572/18/4 3588/18/4
f 3572/17/4 3573/17/4 3588/17/4
f 3574/19/4 3575/19/4 3589/19/4
f 3588/17/4 3574/17/4 3589/17/4
f 3576/17/4 3577/17/4 3590/17/4
f 3589/19/4 3575/19/4 3590/19/4
f 3575/17/4 3576/17/4 3590/17/4
f 3577/18/4 3578/18/4 3591/18/4
f 3590/17/4 3577/17/4 3591/17/4
f 3591/18/4 3578/18/4 3592/18/4
f 3593/13/4 3594/13/4 3612/13/4
f 3594/10/4 3595/10/4 3613/10/4
f 3612/13/4 3594/13/4 3613/13/4
f 3595/11/4 3596/11/4 3614/11/4
f 3613/10/4 3595/10/4 3614/10/4
f 3596/10/4 3597/10/4 3615/10/4
f 3614/11/4 3596/11/4 3615/11/4
f 3597/11/4 3598/11/4 3616/11/4
f 3615/10/4 3597/10/4 3616/10/4
f 3598/10/4 3599/10/4 3617/10/4
f 3616/11/4 3598/11/4 3617/11/4
f 3599/10/4 3600/10/4 3617/10/4
f 3600/10/4 3601/10/4 3617/10/4
f 3617/10/4 3601/10/4 3618/10/4
f 3618/10/4 3601/10/4 3619/10/4
f 3601/11/4 3602/11/4 3620/11/4
f 3602/10/4 3603/10/4 3620/10/4
f 3603/10/4 3604/10/4 3620/10/4
f 3604/11/4 3605/11/4 3621/11/4
f 3620/10/4 3604/10/4 3621/10/4
f 3605/12/4 3606/12/4 3622/12/4
f 3621/11/4 3605/11/4 3622/11/4
f 3606/11/4 3607/11/4 3623/11/4
f 3622/12/4 3606/12/4 3623/12/4
f 3609/10/4 3610/10/4 3624/10/4
f 3623/11/4 3607/11/4 3624/11/4
f 3608/10/4 3609/10/4 3624/10/4
f 3607/10/4 3608/10/4 3624/10/4
f 3624/10/4 3610/10/4 3625/10/4
f 3625/10/4 3610/10/4 3626/10/4
f 3610/11/4 3611/11/4 3627/11/4
f 3626/10/4 3610/10/4 3627/10/4
f 3627/11/4 3611/11/4 3628/11/4
f 3612/13/4 3613/13/4 3629/13/4
f 3613/11/4 3614/11/4 3630/11/4
f 3629/13/4 3613/13/4 3630/13/4
f 3614/11/4 3615/11/4 3630/11/4
f 3630/11/4 3615/11/4 3631/11/4
f 3615/13/4 3616/13/4 3632/13/4
f 3631/11/4 3615/11/4 3632/11/4
f 3616/11/4 3617/11/4 3633/11/4
f 3632/13/4 3616/13/4 3633/13/4
f 3617/13/4 3618/13/4 3634/13/4
f 3633/11/4 3617/11/4 3634/11/4
f 3618/11/4 3619/11/4 3635/11/4
f 3634/13/4 3618/13/4 3635/13/4
f 3622/11/4 3623/11/4 3636/11/4
f 3619/10/4 3601/10/4 3636/10/4
f 3601/11/4 3620/11/4 3636/11/4
f 3620/11/4 3621/11/4 3636/11/4
f 3621/11/4 3622/11/4 3636/11/4
f 3636/11/4 3623/11/4 3637/11/4
f 3623/12/4 3624/12/4 3638/12/4
f 3637/11/4 3623/11/4 3638/11/4
f 3624/10/4 3625/10/4 3639/10/4
f 3638/12/4 3624/12/4 3639/12/4
f 3625/11/4 3626/11/4 3640/11/4
f 3639/10/4 3625/10/4 3640/10/4
f 3627/12/4 3628/12/4 3641/12/4
f 3640/11/4 3626/11/4 3641/11/4
f 3626/12/4 3627/12/4 3641/12/4
f 3641/12/4 3628/12/4 3642/12/4
f 3629/11/4 3630/11/4 3643/11/4
f 3630/10/4 3631/10/4 3644/10/4
f 3643/11/4 3630/11/4 3644/11/4
f 3631/13/4 3632/13/4 3645/13/4
f 3632/10/4 3633/10/4 3645/10/4
f 3633/13/4 3634/13/4 3646/13/4
f 3645/10/4 3633/10/4 3646/10/4
f 3634/10/4 3635/10/4 3647/10/4
f 3646/13/4 3634/13/4 3647/13/4
f 3635/11/4 3619/11/4 3648/11/4
f 3647/10/4 3635/10/4 3648/10/4
f 3619/10/4 3636/10/4 3649/10/4
f 3648/11/4 3619/11/4 3649/11/4
f 3636/13/4 3637/13/4 3650/13/4
f 3649/10/4 3636/10/4 3650/10/4
f 3638/11/4 3639/11/4 3651/11/4
f 3637/12/4 3638/12/4 3651/12/4
f 3639/13/4 3640/13/4 3652/13/4
f 3651/11/4 3639/11/4 3652/11/4
f 3640/10/4 3641/10/4 3653/10/4
f 3652/13/4 3640/13/4 3653/13/4
f 3641/13/4 3642/13/4 3654/13/4
f 3653/10/4 3641/10/4 3654/10/4
f 3654/13/4 3642/13/4 3655/13/4
f 3643/12/4 3644/12/4 3656/12/4
f 3644/10/4 3631/10/4 3657/10/4
f 3656/12/4 3644/12/4 3657/12/4
f 3646/10/4 3647/10/4 3658/10/4
f 3647/13/4 3648/13/4 3658/13/4
f 3648/10/4 3649/10/4 3659/10/4
f 3658/13/4 3648/13/4 3659/13/4
f 3649/12/4 3650/12/4 3660/12/4
f 3659/10/4 3649/10/4 3660/10/4
f 3650/13/4 3637/13/4 3661/13/4
f 3660/12/4 3650/12/4 3661/12/4
f 3637/12/4 3651/12/4 3662/12/4
f 3661/13/4 3637/13/4 3662/13/4
f 3662/12/4 3651/12/4 3663/12/4
f 3663/12/4 3651/12/4 3664/12/4
f 3664/12/4 3651/12/4 3665/12/4
f 3651/13/4 3652/13/4 3666/13/4
f 3652/12/4 3653/12/4 3666/12/4
f 3653/11/4 3654/11/4 3667/11/4
f 3666/12/4 3653/12/4 3667/12/4
f 3654/10/4 3655/10/4 3668/10/4
f 3667/11/4 3654/11/4 3668/11/4
f 3668/10/4 3655/10/4 3669/10/4
f 3669/10/4 3655/10/4 3670/10/4
f 3656/11/4 3657/11/4 3671/11/4
f 3657/10/4 3631/10/4 3672/10/4
f 3671/11/4 3657/11/4 3672/11/4
f 3631/13/4 3645/13/4 3673/13/4
f 3672/10/4 3631/10/4 3673/10/4
f 3645/12/4 3646/12/4 3674/12/4
f 3673/13/4 3645/13/4 3674/13/4
f 3646/10/4 3658/10/4 3675/10/4
f 3674/12/4 3646/12/4 3675/12/4
f 3659/12/4 3660/12/4 3676/12/4
f 3675/10/4 3658/10/4 3676/10/4
f 3658/12/4 3659/12/4 3676/12/4
f 3676/12/4 3660/12/4 3677/12/4
f 3660/10/4 3661/10/4 3678/10/4
f 3677/12/4 3660/12/4 3678/12/4
f 3661/10/4 3662/10/4 3678/10/4
f 3678/10/4 3662/10/4 3679/10/4
f 3662/11/4 3663/11/4 3680/11/4
f 3679/10/4 3662/10/4 3680/10/4
f 3663/12/4 3664/12/4 3681/12/4
f 3680/11/4 3663/11/4 3681/11/4
f 3664/11/4 3665/11/4 3682/11/4
f 3681/12/4 3664/12/4 3682/12/4
f 3665/12/4 3651/12/4 3683/12/4
f 3682/11/4 3665/11/4 3683/11/4
f 3651/13/4 3666/13/4 3684/13/4
f 3683/12/4 3651/12/4 3684/12/4
f 3666/10/4 3667/10/4 3685/10/4
f 3684/13/4 3666/13/4 3685/13/4
f 3667/12/4 3668/12/4 3686/12/4
f 3685/10/4 3667/10/4 3686/10/4
f 3668/10/4 3669/10/4 3687/10/4
f 3686/12/4 3668/12/4 3687/12/4
f 3669/13/4 3670/13/4 3688/13/4
f 3687/10/4 3669/10/4 3688/10/4
f 3688/13/4 3670/13/4 3689/13/4
f 3671/12/4 3672/12/4 3690/12/4
f 3672/13/4 3673/13/4 3691/13/4
f 3690/12/4 3672/12/4 3691/12/4
f 3673/12/4 3674/12/4 3692/12/4
f 3691/13/4 3673/13/4 3692/13/4
f 3674/10/4 3675/10/4 3693/10/4
f 3692/12/4 3674/12/4 3693/12/4
f 3675/13/4 3676/13/4 3694/13/4
f 3693/10/4 3675/10/4 3694/10/4
f 3676/10/4 3677/10/4 3695/10/4
f 3694/13/4 3676/13/4 3695/13/4
f 3677/13/4 3678/13/4 3696/13/4
f 3695/10/4 3677/10/4 3696/10/4
f 3678/11/4 3679/11/4 3697/11/4
f 3696/13/4 3678/13/4 3697/13/4
f 3680/13/4 3681/13/4 3698/13/4
f 3697/11/4 3679/11/4 3698/11/4
f 3679/13/4 3680/13/4 3698/13/4
f 3681/10/4 3682/10/4 3699/10/4
f 3698/13/4 3681/13/4 3699/13/4
f 3682/11/4 3683/11/4 3700/11/4
f 3699/10/4 3682/10/4 3700/10/4
f 3683/10/4 3684/10/4 3701/10/4
f 3700/11/4 3683/11/4 3701/11/4
f 3684/10/4 3685/10/4 3701/10/4
f 3701/10/4 3685/10/4 3702/10/4
f 3685/13/4 3686/13/4 3703/13/4
f 3702/10/4 3685/10/4 3703/10/4
f 3686/12/4 3687/12/4 3704/12/4
f 3703/13/4 3686/13/4 3704/13/4
f 3687/11/4 3688/11/4 3705/11/4
f 3704/12/4 3687/12/4 3705/12/4
f 3688/10/4 3689/10/4 3706/10/4
f 3705/11/4 3688/11/4 3706/11/4
f 3691/13/4 3692/13/4 3707/13/4
f 3690/13/4 3691/13/4 3707/13/4
f 3707/13/4 3692/13/4 3708/13/4
f 3693/11/4 3694/11/4 3709/11/4
f 3708/13/4 3692/13/4 3709/13/4
f 3692/11/4 3693/11/4 3709/11/4
f 3709/11/4 3694/11/4 3710/11/4
f 3694/12/4 3695/12/4 3711/12/4
f 3710/11/4 3694/11/4 3711/11/4
f 3696/11/4 3697/11/4 3712/11/4
f 3695/13/4 3696/13/4 3712/13/4
f 3697/10/4 3698/10/4 3713/10/4
f 3712/11/4 3697/11/4 3713/11/4
f 3698/12/4 3699/12/4 3714/12/4
f 3699/12/4 3700/12/4 3714/12/4
f 3700/10/4 3701/10/4 3715/10/4
f 3714/12/4 3700/12/4 3715/12/4
f 3701/11/4 3702/11/4 3716/11/4
f 3715/10/4 3701/10/4 3716/10/4
f 3702/13/4 3703/13/4 3717/13/4
f 3716/11/4 3702/11/4 3717/11/4
f 3703/10/4 3704/10/4 3718/10/4
f 3717/13/4 3703/13/4 3718/13/4
f 3706/10/4 3689/10/4 3719/10/4
f 3705/13/4 3706/13/4 3719/13/4
f 3704/13/4 3705/13/4 3719/13/4
f 3719/10/4 3689/10/4 3720/10/4
f 3707/10/4 3708/10/4 3721/10/4
f 3708/12/4 3709/12/4 3722/12/4
f 3721/10/4 3708/10/4 3722/10/4
f 3709/10/4 3710/10/4 3723/10/4
f 3722/12/4 3709/12/4 3723/12/4
f 3710/13/4 3711/13/4 3724/13/4
f 3723/10/4 3710/10/4 3724/10/4
f 3711/12/4 3695/12/4 3725/12/4
f 3724/13/4 3711/13/4 3725/13/4
f 3695/13/4 3712/13/4 3726/13/4
f 3725/12/4 3695/12/4 3726/12/4
f 3712/13/4 3713/13/4 3726/13/4
f 3713/10/4 3698/10/4 3727/10/4
f 3726/13/4 3713/13/4 3727/13/4
f 3698/12/4 3714/12/4 3728/12/4
f 3727/10/4 3698/10/4 3728/10/4
f 3728/12/4 3714/12/4 3729/12/4
f 3714/10/4 3715/10/4 3730/10/4
f 3729/12/4 3714/12/4 3730/12/4
f 3715/13/4 3716/13/4 3731/13/4
f 3730/10/4 3715/10/4 3731/10/4
f 3716/13/4 3717/13/4 3731/13/4
f 3731/13/4 3717/13/4 3732/13/4
f 3717/10/4 3718/10/4 3733/10/4
f 3732/13/4 3717/13/4 3733/13/4
f 3718/10/4 3704/10/4 3734/10/4
f 3733/10/4 3718/10/4 3734/10/4
f 3719/11/4 3720/11/4 3735/11/4
f 3704/13/4 3719/13/4 3735/13/4
f 3735/11/4 3720/11/4 3736/11/4
f 3721/13/4 3722/13/4 3737/13/4
f 3722/10/4 3723/10/4 3738/10/4
f 3737/13/4 3722/13/4 3738/13/4
f 3724/11/4 3725/11/4 3739/11/4
f 3738/10/4 3723/10/4 3739/10/4
f 3723/11/4 3724/11/4 3739/11/4
f 3725/11/4 3726/11/4 3739/11/4
f 3739/11/4 3726/11/4 3740/11/4
f 3726/10/4 3727/10/4 3741/10/4
f 3740/11/4 3726/11/4 3741/11/4
f 3741/10/4 3727/10/4 3742/10/4
f 3727/11/4 3728/11/4 3743/11/4
f 3742/10/4 3727/10/4 3743/10/4
f 3728/11/4 3729/11/4 3743/11/4
f 3743/11/4 3729/11/4 3744/11/4
f 3729/13/4 3730/13/4 3745/13/4
f 3744/11/4 3729/11/4 3745/11/4
f 3730/13/4 3731/13/4 3745/13/4
f 3745/13/4 3731/13/4 3746/13/4
f 3731/12/4 3732/12/4 3747/12/4
f 3746/13/4 3731/13/4 3747/13/4
f 3732/13/4 3733/13/4 3748/13/4
f 3747/12/4 3732/12/4 3748/12/4
f 3733/11/4 3734/11/4 3749/11/4
f 3748/13/4 3733/13/4 3749/13/4
f 3734/10/4 3704/10/4 3750/10/4
f 3749/11/4 3734/11/4 3750/11/4
f 3704/13/4 3735/13/4 3751/13/4
f 3750/10/4 3704/10/4 3751/10/4
f 3735/12/4 3736/12/4 3752/12/4
f 3751/13/4 3735/13/4 3752/13/4
f 3752/12/4 3736/12/4 3753/12/4
f 3737/13/4 3738/13/4 3754/13/4
f 3738/11/4 3739/11/4 3755/11/4
f 3754/13/4 3738/13/4 3755/13/4
f 3739/10/4 3740/10/4 3756/10/4
f 3755/11/4 3739/11/4 3756/11/4
f 3756/10/4 3740/10/4 3757/10/4
f 3741/11/4 3742/11/4 3758/11/4
f 3757/10/4 3740/10/4 3758/10/4
f 3740/11/4 3741/11/4 3758/11/4
f 3743/12/4 3744/12/4 3759/12/4
f 3758/11/4 3742/11/4 3759/11/4
f 3742/12/4 3743/12/4 3759/12/4
f 3745/10/4 3746/10/4 3760/10/4
f 3759/12/4 3744/12/4 3760/12/4
f 3744/10/4 3745/10/4 3760/10/4
f 3760/10/4 3746/10/4 3761/10/4
f 3746/13/4 3747/13/4 3762/13/4
f 3761/10/4 3746/10/4 3762/10/4
f 3749/11/4 3750/11/4 3763/11/4
f 3762/13/4 3747/13/4 3763/13/4
f 3748/11/4 3749/11/4 3763/11/4
f 3747/11/4 3748/11/4 3763/11/4
f 3763/11/4 3750/11/4 3764/11/4
f 3764/11/4 3750/11/4 3765/11/4
f 3750/12/4 3751/12/4 3766/12/4
f 3765/11/4 3750/11/4 3766/11/4
f 3751/10/4 3752/10/4 3767/10/4
f 3766/12/4 3751/12/4 3767/12/4
f 3752/10/4 3753/10/4 3767/10/4
f 3767/10/4 3753/10/4 3768/10/4
f 3768/10/4 3753/10/4 3769/10/4
f 3754/11/4 3755/11/4 3770/11/4
f 3756/10/4 3757/10/4 3771/10/4
f 3770/11/4 3755/11/4 3771/11/4
f 3755/10/4 3756/10/4 3771/10/4
f 3771/10/4 3757/10/4 3772/10/4
f 3757/11/4 3758/11/4 3773/11/4
f 3772/10/4 3757/10/4 3773/10/4
f 3760/13/4 3761/13/4 3774/13/4
f 3773/11/4 3758/11/4 3774/11/4
f 3758/13/4 3759/13/4 3774/13/4
f 3759/13/4 3760/13/4 3774/13/4
f 3774/13/4 3761/13/4 3775/13/4
f 3775/13/4 3761/13/4 3776/13/4
f 3776/13/4 3761/13/4 3777/13/4
f 3777/13/4 3761/13/4 3778/13/4
f 3761/12/4 3762/12/4 3779/12/4
f 3778/13/4 3761/13/4 3779/13/4
f 3762/12/4 3763/12/4 3779/12/4
f 3779/12/4 3763/12/4 3780/12/4
f 3763/10/4 3764/10/4 3781/10/4
f 3780/12/4 3763/12/4 3781/12/4
f 3764/12/4 3765/12/4 3782/12/4
f 3781/10/4 3764/10/4 3782/10/4
f 3765/10/4 3766/10/4 3783/10/4
f 3782/12/4 3765/12/4 3783/12/4
f 3766/10/4 3767/10/4 3783/10/4
f 3783/10/4 3767/10/4 3784/10/4
f 3767/12/4 3768/12/4 3785/12/4
f 3784/10/4 3767/10/4 3785/10/4
f 3768/11/4 3769/11/4 3786/11/4
f 3785/12/4 3768/12/4 3786/12/4
f 3786/11/4 3769/11/4 3787/11/4
f 3787/11/4 3769/11/4 3788/11/4
f 3780/13/4 3781/13/4 3789/13/4
f 3781/10/4 3782/10/4 3789/10/4
f 3782/13/4 3783/13/4 3790/13/4
f 3789/10/4 3782/10/4 3790/10/4
f 3783/12/4 3784/12/4 3791/12/4
f 3790/13/4 3783/13/4 3791/13/4
f 3784/13/4 3785/13/4 3792/13/4
f 3791/12/4 3784/12/4 3792/12/4
f 3785/10/4 3786/10/4 3793/10/4
f 3792/13/4 3785/13/4 3793/13/4
f 3786/13/4 3787/13/4 3794/13/4
f 3793/10/4 3786/10/4 3794/10/4
f 3787/12/4 3788/12/4 3795/12/4
f 3794/13/4 3787/13/4 3795/13/4
f 3795/12/4 3788/12/4 3796/12/4
f 3780/13/4 3789/13/4 3797/13/4
f 3789/11/4 3790/11/4 3798/11/4
f 3797/13/4 3789/13/4 3798/13/4
f 3790/13/4 3791/13/4 3799/13/4
f 3798/11/4 3790/11/4 3799/11/4
f 3791/10/4 3792/10/4 3800/10/4
f 3799/13/4 3791/13/4 3800/13/4
f 3792/12/4 3793/12/4 3801/12/4
f 3800/10/4 3792/10/4 3801/10/4
f 3793/13/4 3794/13/4 3802/13/4
f 3801/12/4 3793/12/4 3802/12/4
f 3794/11/4 3795/11/4 3803/11/4
f 3802/13/4 3794/13/4 3803/13/4
f 3795/13/4 3796/13/4 3804/13/4
f 3803/11/4 3795/11/4 3804/11/4
f 3804/13/4 3796/13/4 3805/13/4
f 3797/12/4 3798/12/4 3814/12/4
f 3798/10/4 3799/10/4 3815/10/4
f 3814/12/4 3798/12/4 3815/12/4
f 3799/13/4 3800/13/4 3816/13/4
f 3815/10/4 3799/10/4 3816/10/4
f 3800/11/4 3801/11/4 3817/11/4
f 3816/13/4 3800/13/4 3817/13/4
f 3801/10/4 3802/10/4 3818/10/4
f 3817/11/4 3801/11/4 3818/11/4
f 3802/10/4 3803/10/4 3818/10/4
f 3803/13/4 3804/13/4 3819/13/4
f 3818/10/4 3803/10/4 3819/10/4
f 3804/11/4 3805/11/4 3820/11/4
f 3819/13/4 3804/13/4 3820/13/4
f 3820/11/4 3805/11/4 3821/11/4
f 3806/11/4 3807/11/4 3822/11/4
f 3807/10/4 3808/10/4 3823/10/4
f 3822/11/4 3807/11/4 3823/11/4
f 3808/12/4 3809/12/4 3824/12/4
f 3823/10/4 3808/10/4 3824/10/4
f 3809/13/4 3810/13/4 3825/13/4
f 3824/12/4 3809/12/4 3825/12/4
f 3810/11/4 3811/11/4 3826/11/4
f 3825/13/4 3810/13/4 3826/13/4
f 3811/12/4 3812/12/4 3827/12/4
f 3826/11/4 3811/11/4 3827/11/4
f 3812/11/4 3813/11/4 3828/11/4
f 3827/12/4 3812/12/4 3828/12/4
f 3813/12/4 3814/12/4 3829/12/4
f 3828/11/4 3813/11/4 3829/11/4
f 3815/11/4 3816/11/4 3830/11/4
f 3829/12/4 3814/12/4 3830/12/4
f 3814/11/4 3815/11/4 3830/11/4
f 3816/10/4 3817/10/4 3831/10/4
f 3830/11/4 3816/11/4 3831/11/4
f 3817/13/4 3818/13/4 3832/13/4
f 3831/10/4 3817/10/4 3832/10/4
f 3818/13/4 3819/13/4 3832/13/4
f 3832/13/4 3819/13/4 3833/13/4
f 3833/13/4 3819/13/4 3834/13/4
f 3820/12/4 3821/12/4 3835/12/4
f 3834/13/4 3819/13/4 3835/13/4
f 3819/12/4 3820/12/4 3835/12/4
f 3835/12/4 3821/12/4 3836/12/4
f 3836/12/4 3821/12/4 3837/12/4
f 3822/13/4 3823/13/4 3838/13/4
f 3823/13/4 3824/13/4 3838/13/4
f 3824/10/4 3825/10/4 3839/10/4
f 3838/13/4 3824/13/4 3839/13/4
f 3825/13/4 3826/13/4 3840/13/4
f 3839/10/4 3825/10/4 3840/10/4
f 3840/13/4 3826/13/4 3841/13/4
f 3828/12/4 3829/12/4 3842/12/4
f 3841/13/4 3826/13/4 3842/13/4
f 3827/12/4 3828/12/4 3842/12/4
f 3826/12/4 3827/12/4 3842/12/4
f 3829/12/4 3830/12/4 3842/12/4
f 3842/12/4 3830/12/4 3843/12/4
f 3843/12/4 3830/12/4 3844/12/4
f 3844/12/4 3830/12/4 3845/12/4
f 3830/13/4 3831/13/4 3846/13/4
f 3845/12/4 3830/12/4 3846/12/4
f 3846/13/4 3831/13/4 3847/13/4
f 3831/12/4 3832/12/4 3848/12/4
f 3847/13/4 3831/13/4 3848/13/4
f 3832/13/4 3833/13/4 3849/13/4
f 3848/12/4 3832/12/4 3849/12/4
f 3833/12/4 3834/12/4 3850/12/4
f 3849/13/4 3833/13/4 3850/13/4
f 3834/11/4 3835/11/4 3851/11/4
f 3850/12/4 3834/12/4 3851/12/4
f 3835/10/4 3836/10/4 3852/10/4
f 3851/11/4 3835/11/4 3852/11/4
f 3836/13/4 3837/13/4 3853/13/4
f 3852/10/4 3836/10/4 3853/10/4
f 3853/13/4 3837/13/4 3854/13/4
f 3855/15/4 3856/15/4 3857/15/4
f 3857/15/4 3856/15/4 3858/15/4
f 3859/5/4 3860/5/4 3863/5/4
f 3863/5/4 3860/5/4 3864/5/4
f 3864/5/4 3860/5/4 3865/5/4
f 3860/9/4 3861/9/4 3866/9/4
f 3865/5/4 3860/5/4 3866/5/4
f 3861/8/4 3862/8/4 3867/8/4
f 3866/9/4 3861/9/4 3867/9/4
f 3867/8/4 3862/8/4 3868/8/4
f 3869/15/4 3870/15/4 3872/15/4
f 3872/15/4 3870/15/4 3873/15/4
f 3871/2/4 3872/2/4 3874/2/4
f 3874/2/4 3872/2/4 3875/2/4
f 3875/15/4 3876/15/4 3877/15/4
f 3877/15/4 3876/15/4 3878/15/4
f 3879/5/4 3880/5/4 3883/5/4
f 3883/5/4 3880/5/4 3884/5/4
f 3881/8/4 3882/8/4 3885/8/4
f 3885/8/4 3882/8/4 3886/8/4
f 3887/9/4 3888/9/4 3889/9/4
f 3889/9/4 3888/9/4 3890/9/4
f 3891/7/4 3892/7/4 3894/7/4
f 3894/7/4 3892/7/4 3895/7/4
f 3893/6/4 3894/6/4 3896/6/4
f 3896/6/4 3894/6/4 3897/6/4
f 3898/16/4 3899/16/4 3909/16/4
f 3899/1/4 3900/1/4 3910/1/4
f 3909/16/4 3899/16/4 3910/16/4
f 3900/16/4 3901/16/4 3911/16/4
f 3910/1/4 3900/1/4 3911/1/4
f 3901/1/4 3902/1/4 3912/1/4
f 3911/16/4 3901/16/4 3912/16/4
f 3902/16/4 3903/16/4 3913/16/4
f 3912/1/4 3902/1/4 3913/1/4
f 3903/1/4 3904/1/4 3914/1/4
f 3913/16/4 3903/16/4 3914/16/4
f 3904/16/4 3905/16/4 3915/16/4
f 3914/1/4 3904/1/4 3915/1/4
f 3905/1/4 3906/1/4 3916/1/4
f 3915/16/4 3905/16/4 3916/16/4
f 3906/16/4 3907/16/4 3917/16/4
f 3916/1/4 3906/1/4 3917/1/4
f 3907/15/4 3908/15/4 3918/15/4
f 3917/16/4 3907/16/4 3918/16/4
f 3918/15/4 3908/15/4 3919/15/4
f 3920/16/4 3921/16/4 3931/16/4
f 3921/1/4 3922/1/4 3932/1/4
f 3931/16/4 3921/16/4 3932/16/4
f 3922/16/4 3923/16/4 3933/16/4
f 3932/1/4 3922/1/4 3933/1/4
f 3923/1/4 3924/1/4 3934/1/4
f 3933/16/4 3923/16/4 3934/16/4
f 3924/16/4 3925/16/4 3935/16/4
f 3934/1/4 3924/1/4 3935/1/4
f 3925/1/4 3926/1/4 3936/1/4
f 3935/16/4 3925/16/4 3936/16/4
f 3926/16/4 3927/16/4 3937/16/4
f 3936/1/4 3926/1/4 3937/1/4
f 3927/1/4 3928/1/4 3938/1/4
f 3937/16/4 3927/16/4 3938/16/4
f 3928/16/4 3929/16/4 3939/16/4
f 3938/1/4 3928/1/4 3939/1/4
f 3929/15/4 3930/15/4 3940/15/4
f 3939/16/4 3929/16/4 3940/16/4
f 3940/15/4 3930/15/4 3941/15/4
f 3942/5/4 3943/5/4 3945/5/4
f 3943/9/4 3944/9/4 3946/9/4
f 3945/5/4 3943/5/4 3946/5/4
f 3946/9/4 3944/9/4 3947/9/4
f 3948/5/4 3949/5/4 3951/5/4
f 3949/9/4 3950/9/4 3952/9/4
f 3951/5/4 3949/5/4 3952/5/4
f 3952/9/4 3950/9/4 3953/9/4
f 3954/16/4 3955/16/4 3965/16/4
f 3965/16/4 3955/16/4 3966/16/4
f 3955/1/4 3956/1/4 3967/1/4
f 3966/16/4 3955/16/4 3967/16/4
f 3956/16/4 3957/16/4 3968/16/4
f 3967/1/4 3956/1/4 3968/1/4
f 3957/1/4 3958/1/4 3969/1/4
f 3968/16/4 3957/16/4 3969/16/4
f 3958/16/4 3959/16/4 3970/16/4
f 3969/1/4 3958/1/4 3970/1/4
f 3959/1/4 3960/1/4 3971/1/4
f 3970/16/4 3959/16/4 3971/16/4
f 3960/16/4 3961/16/4 3972/16/4
f 3971/1/4 3960/1/4 3972/1/4
f 3961/1/4 3962/1/4 3973/1/4
f 3972/16/4 3961/16/4 3973/16/4
f 3962/16/4 3963/16/4 3974/16/4
f 3973/1/4 3962/1/4 3974/1/4
f 3963/15/4 3964/15/4 3975/15/4
f 3974/16/4 3963/16/4 3975/16/4
f 3975/15/4 3964/15/4 3976/15/4
f 3977/5/4 3978/5/4 3980/5/4
f 3980/5/4 3978/5/4 3981/5/4
f 3978/9/4 3979/9/4 3982/9/4
f 3981/5/4 3978/5/4 3982/5/4
f 3982/9/4 3979/9/4 3983/9/4
f 3984/14/4 3985/14/4 3986/14/4
f 3986/14/4 3985/14/4 3987/14/4
f 3988/4/4 3989/4/4 3990/4/4
f 3990/4/4 3989/4/4 3991/4/4
f 3992/17/4 3993/17/4 3996/17/4
f 3996/17/4 3993/17/4 3997/17/4
f 3994/4/4 3995/4/4 3999/4/4
f 3999/4/4 3995/4/4 4000/4/4
f 3997/4/4 3998/4/4 4002/4/4
f 4002/4/4 3998/4/4 4003/4/4
f 4001/17/4 4002/17/4 4004/17/4
f 4004/17/4 4002/17/4 4005/17/4
f 4006/4/4 4007/4/4 4008/4/4
f 4008/4/4 4007/4/4 4009/4/4
f 4010/8/4 4011/8/4 4012/8/4
f 4012/8/4 4011/8/4 4013/8/4
f 4014/17/4 4015/17/4 4016/17/4
f 4016/17/4 4015/17/4 4017/17/4
f 4017/8/4 4018/8/4 4020/8/4
f 4020/8/4 4018/8/4 4021/8/4
f 4019/17/4 4020/17/4 4022/17/4
f 4022/17/4 4020/17/4 4023/17/4
f 4024/17/4 4025/17/4 4026/17/4
f 4026/17/4 4025/17/4 4027/17/4
f 4028/17/4 4029/17/4 4030/17/4
f 4030/17/4 4029/17/4 4031/17/4
f 4032/20/4 4033/20/4 4035/20/4
f 4033/8/4 4034/8/4 4036/8/4
f 4035/20/4 4033/20/4 4036/20/4
f 4036/8/4 4034/8/4 4037/8/4
f 4038/20/4 4039/20/4 4040/20/4
f 4040/20/4 4039/20/4 4041/20/4
f 4041/20/4 4039/20/4 4042/20/4
f 4042/20/4 4039/20/4 4043/20/4
f 4044/20/4 4045/20/4 4046/20/4
f 4046/20/4 4045/20/4 4047/20/4
f 4047/20/4 4045/20/4 4048/20/4
f 4048/20/4 4045/20/4 4049/20/4
f 4050/12/4 4051/12/4 4064/12/4
f 4051/13/4 4052/13/4 4065/13/4
f 4064/12/4 4051/12/4 4065/12/4
f 4052/11/4 4053/11/4 4066/11/4
f 4065/13/4 4052/13/4 4066/13/4
f 4053/12/4 4054/12/4 4067/12/4
f 4066/11/4 4053/11/4 4067/11/4
f 4054/11/4 4055/11/4 4068/11/4
f 4067/12/4 4054/12/4 4068/12/4
f 4068/11/4 4055/11/4 4069/11/4
f 4055/12/4 4056/12/4 4070/12/4
f 4069/11/4 4055/11/4 4070/11/4
f 4056/11/4 4057/11/4 4071/11/4
f 4070/12/4 4056/12/4 4071/12/4
f 4057/10/4 4058/10/4 4072/10/4
f 4071/11/4 4057/11/4 4072/11/4
f 4058/13/4 4059/13/4 4073/13/4
f 4072/10/4 4058/10/4 4073/10/4
f 4059/11/4 4060/11/4 4074/11/4
f 4073/13/4 4059/13/4 4074/13/4
f 4074/11/4 4060/11/4 4075/11/4
f 4060/10/4 4061/10/4 4076/10/4
f 4075/11/4 4060/11/4 4076/11/4
f 4061/12/4 4062/12/4 4077/12/4
f 4076/10/4 4061/10/4 4077/10/4
f 4062/13/4 4063/13/4 4078/13/4
f 4077/12/4 4062/12/4 4078/12/4
f 4078/13/4 4063/13/4 4079/13/4
f 4080/13/4 4081/13/4 4082/13/4
f 4082/13/4 4081/13/4 4083/13/4
f 4082/11/4 4083/11/4 4084/11/4
f 4084/11/4 4083/11/4 4085/11/4
f 4084/10/4 4085/10/4 4086/10/4
f 4086/10/4 4085/10/4 4087/10/4
f 4086/12/4 4087/12/4 4088/12/4
f 4086/12/4 4088/12/4 4089/12/4
f 4086/12/4 4089/12/4 4090/12/4
f 4090/12/4 4089/12/4 4091/12/4
f 4090/13/4 4091/13/4 4092/13/4
f 4090/13/4 4092/13/4 4093/13/4
f 4093/13/4 4092/13/4 4094/13/4
f 4093/12/4 4094/12/4 4095/12/4
f 4095/12/4 4094/12/4 4096/12/4
f 4095/10/4 4096/10/4 4097/10/4
f 4095/10/4 4097/10/4 4098/10/4
f 4098/10/4 4097/10/4 4099/10/4
f 4098/13/4 4099/13/4 4100/13/4
f 4100/13/4 4099/13/4 4101/13/4
f 4100/10/4 4101/10/4 4102/10/4
f 4100/10/4 4102/10/4 4103/10/4
f 4103/10/4 4102/10/4 4104/10/4
f 4103/11/4 4104/11/4 4105/11/4
f 4105/11/4 4104/11/4 4106/11/4
f 4107/10/4 4108/10/4 4123/10/4
f 4108/13/4 4109/13/4 4124/13/4
f 4123/10/4 4108/10/4 4124/10/4
f 4109/12/4 4110/12/4 4125/12/4
f 4124/13/4 4109/13/4 4125/13/4
f 4110/12/4 4111/12/4 4125/12/4
f 4111/12/4 4112/12/4 4125/12/4
f 4112/13/4 4113/13/4 4126/13/4
f 4125/12/4 4112/12/4 4126/12/4
f 4113/10/4 4114/10/4 4127/10/4
f 4126/13/4 4113/13/4 4127/13/4
f 4114/12/4 4115/12/4 4128/12/4
f 4127/10/4 4114/10/4 4128/10/4
f 4115/13/4 4116/13/4 4129/13/4
f 4128/12/4 4115/12/4 4129/12/4
f 4116/12/4 4117/12/4 4130/12/4
f 4129/13/4 4116/13/4 4130/13/4
f 4117/13/4 4118/13/4 4131/13/4
f 4130/12/4 4117/12/4 4131/12/4
f 4118/10/4 4119/10/4 4132/10/4
f 4131/13/4 4118/13/4 4132/13/4
f 4119/11/4 4120/11/4 4133/11/4
f 4132/10/4 4119/10/4 4133/10/4
f 4120/10/4 4121/10/4 4134/10/4
f 4133/11/4 4120/11/4 4134/11/4
f 4121/13/4 4122/13/4 4135/13/4
f 4134/10/4 4121/10/4 4135/10/4
f 4135/13/4 4122/13/4 4136/13/4
f 4137/12/4 4138/12/4 4154/12/4
f 4138/12/4 4139/12/4 4154/12/4
f 4154/12/4 4139/12/4 4155/12/4
f 4155/12/4 4139/12/4 4156/12/4
f 4139/11/4 4140/11/4 4157/11/4
f 4156/12/4 4139/12/4 4157/12/4
f 4140/12/4 4141/12/4 4158/12/4
f 4157/11/4 4140/11/4 4158/11/4
f 4141/10/4 4142/10/4 4159/10/4
f 4158/12/4 4141/12/4 4159/12/4
f 4142/11/4 4143/11/4 4160/11/4
f 4159/10/4 4142/10/4 4160/10/4
f 4143/13/4 4144/13/4 4161/13/4
f 4160/11/4 4143/11/4 4161/11/4
f 4144/13/4 4145/13/4 4161/13/4
f 4161/13/4 4145/13/4 4162/13/4
f 4145/12/4 4146/12/4 4163/12/4
f 4162/13/4 4145/13/4 4163/13/4
f 4146/12/4 4147/12/4 4163/12/4
f 4147/13/4 4148/13/4 4164/13/4
f 4163/12/4 4147/12/4 4164/12/4
f 4148/11/4 4149/11/4 4165/11/4
f 4164/13/4 4148/13/4 4165/13/4
f 4149/13/4 4150/13/4 4166/13/4
f 4165/11/4 4149/11/4 4166/11/4
f 4150/12/4 4151/12/4 4167/12/4
f 4166/13/4 4150/13/4 4167/13/4
f 4151/11/4 4152/11/4 4168/11/4
f 4167/12/4 4151/12/4 4168/12/4
f 4152/13/4 4153/13/4 4169/13/4
f 4168/11/4 4152/11/4 4169/11/4
f 4169/13/4 4153/13/4 4170/13/4
f 4154/13/4 4155/13/4 4171/13/4
f 4171/13/4 4155/13/4 4172/13/4
f 4169/11/4 4170/11/4 4173/11/4
f 4173/11/4 4170/11/4 4174/11/4
f 4171/11/4 4172/11/4 4175/11/4
f 4175/11/4 4172/11/4 4176/11/4
f 4173/12/4 4174/12/4 4177/12/4
f 4177/12/4 4174/12/4 4178/12/4
f 4175/13/4 4176/13/4 4179/13/4
f 4179/13/4 4176/13/4 4180/13/4
f 4177/11/4 4178/11/4 4181/11/4
f 4181/11/4 4178/11/4 4182/11/4
f 4179/13/4 4180/13/4 4183/13/4
f 4183/13/4 4180/13/4 4184/13/4
f 4181/13/4 4182/13/4 4185/13/4
f 4185/13/4 4182/13/4 4186/13/4
f 4183/13/4 4184/13/4 4187/13/4
f 4187/13/4 4184/13/4 4188/13/4
f 4185/13/4 4186/13/4 4189/13/4
f 4189/13/4 4186/13/4 4190/13/4
f 4187/10/4 4188/10/4 4191/10/4
f 4191/10/4 4188/10/4 4192/10/4
f 4189/10/4 4190/10/4 4193/10/4
f 4193/10/4 4190/10/4 4194/10/4
f 4191/13/4 4192/13/4 4195/13/4
f 4195/13/4 4192/13/4 4196/13/4
f 4193/10/4 4194/10/4 4197/10/4
f 4197/10/4 4194/10/4 4198/10/4
f 4195/11/4 4196/11/4 4199/11/4
f 4199/11/4 4196/11/4 4200/11/4
f 4197/11/4 4198/11/4 4201/11/4
f 4201/11/4 4198/11/4 4202/11/4
f 4199/13/4 4200/13/4 4203/13/4
f 4203/13/4 4200/13/4 4204/13/4
f 4201/11/4 4202/11/4 4205/11/4
f 4205/11/4 4202/11/4 4206/11/4
f 4203/12/4 4204/12/4 4207/12/4
f 4207/12/4 4204/12/4 4208/12/4
f 4205/13/4 4206/13/4 4209/13/4
f 4207/11/4 4208/11/4 4210/11/4
f 4210/11/4 4208/11/4 4211/11/4
f 4209/13/4 4206/13/4 4212/13/4
f 4212/13/4 4206/13/4 4213/13/4
f 4210/10/4 4211/10/4 4214/10/4
f 4214/10/4 4211/10/4 4215/10/4
f 4212/11/4 4213/11/4 4216/11/4
f 4216/11/4 4213/11/4 4217/11/4
f 4214/13/4 4215/13/4 4218/13/4
f 4218/13/4 4215/13/4 4219/13/4
f 4216/13/4 4217/13/4 4220/13/4
f 4220/13/4 4217/13/4 4221/13/4
f 4218/11/4 4219/11/4 4222/11/4
f 4222/11/4 4219/11/4 4223/11/4
f 4220/12/4 4221/12/4 4224/12/4
f 4224/12/4 4221/12/4 4225/12/4
f 4222/10/4 4223/10/4 4226/10/4
f 4226/10/4 4223/10/4 4227/10/4
f 4224/11/4 4225/11/4 4228/11/4
f 4228/11/4 4225/11/4 4229/11/4
f 4226/13/4 4227/13/4 4230/13/4
f 4230/13/4 4227/13/4 4231/13/4
f 4228/12/4 4229/12/4 4246/12/4
f 4246/12/4 4229/12/4 4247/12/4
f 4230/12/4 4231/12/4 4248/12/4
f 4231/12/4 4232/12/4 4248/12/4
f 4248/12/4 4232/12/4 4249/12/4
f 4232/10/4 4233/10/4 4250/10/4
f 4249/12/4 4232/12/4 4250/12/4
f 4233/11/4 4234/11/4 4251/11/4
f 4250/10/4 4233/10/4 4251/10/4
f 4234/10/4 4235/10/4 4252/10/4
f 4251/11/4 4234/11/4 4252/11/4
f 4235/12/4 4236/12/4 4253/12/4
f 4252/10/4 4235/10/4 4253/10/4
f 4253/12/4 4236/12/4 4254/12/4
f 4236/10/4 4237/10/4 4255/10/4
f 4254/12/4 4236/12/4 4255/12/4
f 4237/10/4 4238/10/4 4255/10/4
f 4255/10/4 4238/10/4 4256/10/4
f 4238/13/4 4239/13/4 4257/13/4
f 4256/10/4 4238/10/4 4257/10/4
f 4239/10/4 4240/10/4 4258/10/4
f 4257/13/4 4239/13/4 4258/13/4
f 4240/10/4 4241/10/4 4258/10/4
f 4241/10/4 4242/10/4 4258/10/4
f 4242/10/4 4243/10/4 4258/10/4
f 4258/10/4 4243/10/4 4259/10/4
f 4259/10/4 4243/10/4 4260/10/4
f 4260/10/4 4243/10/4 4261/10/4
f 4243/12/4 4244/12/4 4262/12/4
f 4261/10/4 4243/10/4 4262/10/4
f 4244/10/4 4245/10/4 4263/10/4
f 4262/12/4 4244/12/4 4263/12/4
f 4245/11/4 4246/11/4 4264/11/4
f 4263/10/4 4245/10/4 4264/10/4
f 4246/13/4 4247/13/4 4265/13/4
f 4264/11/4 4246/11/4 4265/11/4
f 4265/13/4 4247/13/4 4266/13/4
f 4267/19/4 4268/19/4 4282/19/4
f 4268/18/4 4269/18/4 4283/18/4
f 4282/19/4 4268/19/4 4283/19/4
f 4269/17/4 4270/17/4 4284/17/4
f 4283/18/4 4269/18/4 4284/18/4
f 4270/19/4 4271/19/4 4285/19/4
f 4284/17/4 4270/17/4 4285/17/4
f 4271/17/4 4272/17/4 4286/17/4
f 4285/19/4 4271/19/4 4286/19/4
f 4272/18/4 4273/18/4 4287/18/4
f 4286/17/4 4272/17/4 4287/17/4
f 4273/19/4 4274/19/4 4288/19/4
f 4287/18/4 4273/18/4 4288/18/4
f 4274/17/4 4275/17/4 4289/17/4
f 4288/19/4 4274/19/4 4289/19/4
f 4275/18/4 4276/18/4 4290/18/4
f 4289/17/4 4275/17/4 4290/17/4
f 4276/19/4 4277/19/4 4291/19/4
f 4290/18/4 4276/18/4 4291/18/4
f 4277/18/4 4278/18/4 4292/18/4
f 4291/19/4 4277/19/4 4292/19/4
f 4278/17/4 4279/17/4 4293/17/4
f 4292/18/4 4278/18/4 4293/18/4
f 4279/19/4 4280/19/4 4294/19/4
f 4293/17/4 4279/17/4 4294/17/4
f 4280/18/4 4281/18/4 4295/18/4
f 4294/19/4 4280/19/4 4295/19/4
f 4295/18/4 4281/18/4 4296/18/4
f 4282/18/4 4283/18/4 4297/18/4
f 4297/18/4 4283/18/4 4298/18/4
f 4299/11/4 4300/11/4 4310/11/4
f 4300/13/4 4301/13/4 4310/13/4
f 4310/13/4 4301/13/4 4311/13/4
f 4301/11/4 4302/11/4 4312/11/4
f 4311/13/4 4301/13/4 4312/13/4
f 4304/10/4 4305/10/4 4313/10/4
f 4305/13/4 4306/13/4 4314/13/4
f 4313/10/4 4305/10/4 4314/10/4
f 4306/11/4 4307/11/4 4315/11/4
f 4314/13/4 4306/13/4 4315/13/4
f 4308/12/4 4309/12/4 4316/12/4
f 4307/10/4 4308/10/4 4316/10/4
f 4316/12/4 4309/12/4 4317/12/4
f 4295/19/4 4296/19/4 4318/19/4
f 4318/19/4 4296/19/4 4319/19/4
f 4297/19/4 4298/19/4 4320/19/4
f 4320/19/4 4298/19/4 4321/19/4
f 4299/11/4 4310/11/4 4322/11/4
f 4310/12/4 4311/12/4 4323/12/4
f 4322/11/4 4310/11/4 4323/11/4
f 4311/11/4 4312/11/4 4324/11/4
f 4323/12/4 4311/12/4 4324/12/4
f 4312/11/4 4302/11/4 4325/11/4
f 4324/11/4 4312/11/4 4325/11/4
f 4302/12/4 4303/12/4 4326/12/4
f 4325/11/4 4302/11/4 4326/11/4
f 4303/13/4 4304/13/4 4327/13/4
f 4326/12/4 4303/12/4 4327/12/4
f 4304/10/4 4313/10/4 4328/10/4
f 4327/13/4 4304/13/4 4328/13/4
f 4328/10/4 4313/10/4 4329/10/4
f 4313/12/4 4314/12/4 4330/12/4
f 4329/10/4 4313/10/4 4330/10/4
f 4314/11/4 4315/11/4 4331/11/4
f 4330/12/4 4314/12/4 4331/12/4
f 4315/11/4 4307/11/4 4332/11/4
f 4331/11/4 4315/11/4 4332/11/4
f 4307/10/4 4316/10/4 4333/10/4
f 4332/11/4 4307/11/4 4333/11/4
f 4316/13/4 4317/13/4 4334/13/4
f 4333/10/4 4316/10/4 4334/10/4
f 4334/13/4 4317/13/4 4335/13/4
f 4335/13/4 4317/13/4 4336/13/4
f 4318/18/4 4319/18/4 4337/18/4
f 4337/18/4 4319/18/4 4338/18/4
f 4320/18/4 4321/18/4 4339/18/4
f 4339/18/4 4321/18/4 4340/18/4
f 4322/13/4 4323/13/4 4341/13/4
f 4323/12/4 4324/12/4 4342/12/4
f 4341/13/4 4323/13/4 4342/13/4
f 4342/12/4 4324/12/4 4343/12/4
f 4324/13/4 4325/13/4 4344/13/4
f 4343/12/4 4324/12/4 4344/12/4
f 4325/10/4 4326/10/4 4345/10/4
f 4344/13/4 4325/13/4 4345/13/4
f 4326/13/4 4327/13/4 4346/13/4
f 4345/10/4 4326/10/4 4346/10/4
f 4327/12/4 4328/12/4 4347/12/4
f 4346/13/4 4327/13/4 4347/13/4
f 4328/13/4 4329/13/4 4348/13/4
f 4347/12/4 4328/12/4 4348/12/4
f 4329/12/4 4330/12/4 4349/12/4
f 4348/13/4 4329/13/4 4349/13/4
f 4330/10/4 4331/10/4 4350/10/4
f 4349/12/4 4330/12/4 4350/12/4
f 4331/10/4 4332/10/4 4350/10/4
f 4350/10/4 4332/10/4 4351/10/4
f 4332/12/4 4333/12/4 4352/12/4
f 4351/10/4 4332/10/4 4352/10/4
f 4333/12/4 4334/12/4 4352/12/4
f 4334/12/4 4335/12/4 4352/12/4
f 4352/12/4 4335/12/4 4353/12/4
f 4335/11/4 4336/11/4 4354/11/4
f 4353/12/4 4335/12/4 4354/12/4
f 4354/11/4 4336/11/4 4355/11/4
f 4337/19/4 4338/19/4 4356/19/4
f 4356/19/4 4338/19/4 4357/19/4
f 4339/19/4 4340/19/4 4358/19/4
f 4358/19/4 4340/19/4 4359/19/4
f 4342/10/4 4343/10/4 4360/10/4
f 4341/10/4 4342/10/4 4360/10/4
f 4360/10/4 4343/10/4 4361/10/4
f 4343/11/4 4344/11/4 4362/11/4
f 4361/10/4 4343/10/4 4362/10/4
f 4344/13/4 4345/13/4 4363/13/4
f 4362/11/4 4344/11/4 4363/11/4
f 4345/12/4 4346/12/4 4364/12/4
f 4363/13/4 4345/13/4 4364/13/4
f 4347/11/4 4348/11/4 4365/11/4
f 4364/12/4 4346/12/4 4365/12/4
f 4346/11/4 4347/11/4 4365/11/4
f 4348/10/4 4349/10/4 4366/10/4
f 4365/11/4 4348/11/4 4366/11/4
f 4349/12/4 4350/12/4 4367/12/4
f 4366/10/4 4349/10/4 4367/10/4
f 4350/11/4 4351/11/4 4368/11/4
f 4367/12/4 4350/12/4 4368/12/4
f 4368/11/4 4351/11/4 4369/11/4
f 4352/12/4 4353/12/4 4370/12/4
f 4369/11/4 4351/11/4 4370/11/4
f 4351/12/4 4352/12/4 4370/12/4
f 4370/12/4 4353/12/4 4371/12/4
f 4371/12/4 4353/12/4 4372/12/4
f 4353/10/4 4354/10/4 4373/10/4
f 4372/12/4 4353/12/4 4373/12/4
f 4354/12/4 4355/12/4 4374/12/4
f 4373/10/4 4354/10/4 4374/10/4
f 4374/12/4 4355/12/4 4375/12/4
f 4356/18/4 4357/18/4 4376/18/4
f 4376/18/4 4357/18/4 4377/18/4
f 4358/18/4 4359/18/4 4378/18/4
f 4378/18/4 4359/18/4 4379/18/4
f 4360/12/4 4361/12/4 4380/12/4
f 4361/11/4 4362/11/4 4380/11/4
f 4363/13/4 4364/13/4 4381/13/4
f 4380/11/4 4362/11/4 4381/11/4
f 4362/13/4 4363/13/4 4381/13/4
f 4381/13/4 4364/13/4 4382/13/4
f 4364/11/4 4365/11/4 4383/11/4
f 4382/13/4 4364/13/4 4383/13/4
f 4365/10/4 4366/10/4 4384/10/4
f 4383/11/4 4365/11/4 4384/11/4
f 4384/10/4 4366/10/4 4385/10/4
f 4366/13/4 4367/13/4 4386/13/4
f 4385/10/4 4366/10/4 4386/10/4
f 4367/11/4 4368/11/4 4387/11/4
f 4386/13/4 4367/13/4 4387/13/4
f 4368/13/4 4369/13/4 4388/13/4
f 4387/11/4 4368/11/4 4388/11/4
f 4369/11/4 4370/11/4 4389/11/4
f 4388/13/4 4369/13/4 4389/13/4
f 4370/10/4 4371/10/4 4390/10/4
f 4389/11/4 4370/11/4 4390/11/4
f 4371/13/4 4372/13/4 4391/13/4
f 4390/10/4 4371/10/4 4391/10/4
f 4372/11/4 4373/11/4 4392/11/4
f 4391/13/4 4372/13/4 4392/13/4
f 4374/10/4 4375/10/4 4393/10/4
f 4392/11/4 4373/11/4 4393/11/4
f 4373/10/4 4374/10/4 4393/10/4
f 4393/10/4 4375/10/4 4394/10/4
f 4394/10/4 4375/10/4 4395/10/4
f 4378/19/4 4379/19/4 4396/19/4
f 4396/19/4 4379/19/4 4397/19/4
f 4360/12/4 4380/12/4 4398/12/4
f 4380/13/4 4381/13/4 4398/13/4
f 4381/10/4 4382/10/4 4399/10/4
f 4398/13/4 4381/13/4 4399/13/4
f 4382/12/4 4383/12/4 4400/12/4
f 4399/10/4 4382/10/4 4400/10/4
f 4383/10/4 4384/10/4 4401/10/4
f 4400/12/4 4383/12/4 4401/12/4
f 4384/13/4 4385/13/4 4402/13/4
f 4401/10/4 4384/10/4 4402/10/4
f 4385/11/4 4386/11/4 4403/11/4
f 4402/13/4 4385/13/4 4403/13/4
f 4386/10/4 4387/10/4 4404/10/4
f 4403/11/4 4386/11/4 4404/11/4
f 4387/13/4 4388/13/4 4405/13/4
f 4404/10/4 4387/10/4 4405/10/4
f 4388/13/4 4389/13/4 4405/13/4
f 4405/13/4 4389/13/4 4406/13/4
f 4389/10/4 4390/10/4 4407/10/4
f 4406/13/4 4389/13/4 4407/13/4
f 4390/11/4 4391/11/4 4408/11/4
f 4407/10/4 4390/10/4 4408/10/4
f 4391/10/4 4392/10/4 4409/10/4
f 4408/11/4 4391/11/4 4409/11/4
f 4392/10/4 4393/10/4 4409/10/4
f 4393/11/4 4394/11/4 4410/11/4
f 4409/10/4 4393/10/4 4410/10/4
f 4394/12/4 4395/12/4 4411/12/4
f 4410/11/4 4394/11/4 4411/11/4
f 4411/12/4 4395/12/4 4412/12/4
f 4376/17/4 4377/17/4 4413/17/4
f 4413/17/4 4377/17/4 4414/17/4
f 4400/11/4 4401/11/4 4415/11/4
f 4398/10/4 4399/10/4 4415/10/4
f 4401/11/4 4402/11/4 4415/11/4
f 4399/11/4 4400/11/4 4415/11/4
f 4415/11/4 4402/11/4 4416/11/4
f 4402/10/4 4403/10/4 4417/10/4
f 4416/11/4 4402/11/4 4417/11/4
f 4403/11/4 4404/11/4 4418/11/4
f 4417/10/4 4403/10/4 4418/10/4
f 4405/12/4 4406/12/4 4419/12/4
f 4418/11/4 4404/11/4 4419/11/4
f 4404/12/4 4405/12/4 4419/12/4
f 4419/12/4 4406/12/4 4420/12/4
f 4406/11/4 4407/11/4 4421/11/4
f 4420/12/4 4406/12/4 4421/12/4
f 4407/11/4 4408/11/4 4421/11/4
f 4421/11/4 4408/11/4 4422/11/4
f 4408/10/4 4409/10/4 4423/10/4
f 4422/11/4 4408/11/4 4423/11/4
f 4410/11/4 4411/11/4 4424/11/4
f 4423/10/4 4409/10/4 4424/10/4
f 4409/11/4 4410/11/4 4424/11/4
f 4424/11/4 4411/11/4 4425/11/4
f 4425/11/4 4411/11/4 4426/11/4
f 4411/13/4 4412/13/4 4427/13/4
f 4426/11/4 4411/11/4 4427/11/4
f 4427/13/4 4412/13/4 4428/13/4
f 4396/17/4 4397/17/4 4429/17/4
f 4429/17/4 4397/17/4 4430/17/4
f 4360/12/4 4398/12/4 4431/12/4
f 4398/10/4 4415/10/4 4432/10/4
f 4431/12/4 4398/12/4 4432/12/4
f 4415/13/4 4416/13/4 4433/13/4
f 4432/10/4 4415/10/4 4433/10/4
f 4416/10/4 4417/10/4 4434/10/4
f 4433/13/4 4416/13/4 4434/13/4
f 4434/10/4 4417/10/4 4435/10/4
f 4417/12/4 4418/12/4 4436/12/4
f 4435/10/4 4417/10/4 4436/10/4
f 4418/12/4 4419/12/4 4436/12/4
f 4436/12/4 4419/12/4 4437/12/4
f 4419/11/4 4420/11/4 4438/11/4
f 4437/12/4 4419/12/4 4438/12/4
f 4420/12/4 4421/12/4 4439/12/4
f 4438/11/4 4420/11/4 4439/11/4
f 4421/12/4 4422/12/4 4439/12/4
f 4439/12/4 4422/12/4 4440/12/4
f 4422/11/4 4423/11/4 4441/11/4
f 4440/12/4 4422/12/4 4441/12/4
f 4423/11/4 4424/11/4 4441/11/4
f 4424/11/4 4425/11/4 4441/11/4
f 4441/11/4 4425/11/4 4442/11/4
f 4425/12/4 4426/12/4 4443/12/4
f 4442/11/4 4425/11/4 4443/11/4
f 4426/13/4 4427/13/4 4444/13/4
f 4443/12/4 4426/12/4 4444/12/4
f 4427/10/4 4428/10/4 4445/10/4
f 4444/13/4 4427/13/4 4445/13/4
f 4445/10/4 4428/10/4 4446/10/4
f 4413/18/4 4414/18/4 4447/18/4
f 4447/18/4 4414/18/4 4448/18/4
f 4429/18/4 4430/18/4 4449/18/4
f 4449/18/4 4430/18/4 4450/18/4
f 4431/11/4 4432/11/4 4451/11/4
f 4432/12/4 4433/12/4 4452/12/4
f 4451/11/4 4432/11/4 4452/11/4
f 4433/10/4 4434/10/4 4453/10/4
f 4452/12/4 4433/12/4 4453/12/4
f 4434/13/4 4435/13/4 4454/13/4
f 4453/10/4 4434/10/4 4454/10/4
f 4435/11/4 4436/11/4 4455/11/4
f 4454/13/4 4435/13/4 4455/13/4
f 4436/10/4 4437/10/4 4456/10/4
f 4455/11/4 4436/11/4 4456/11/4
f 4437/13/4 4438/13/4 4457/13/4
f 4456/10/4 4437/10/4 4457/10/4
f 4438/10/4 4439/10/4 4458/10/4
f 4457/13/4 4438/13/4 4458/13/4
f 4439/13/4 4440/13/4 4459/13/4
f 4458/10/4 4439/10/4 4459/10/4
f 4440/10/4 4441/10/4 4460/10/4
f 4459/13/4 4440/13/4 4460/13/4
f 4441/11/4 4442/11/4 4461/11/4
f 4460/10/4 4441/10/4 4461/10/4
f 4461/11/4 4442/11/4 4462/11/4
f 4442/13/4 4443/13/4 4463/13/4
f 4462/11/4 4442/11/4 4463/11/4
f 4443/12/4 4444/12/4 4464/12/4
f 4463/13/4 4443/13/4 4464/13/4
f 4445/12/4 4446/12/4 4465/12/4
f 4444/10/4 4445/10/4 4465/10/4
f 4465/12/4 4446/12/4 4466/12/4
f 4447/17/4 4448/17/4 4467/17/4
f 4467/17/4 4448/17/4 4468/17/4
f 4452/13/4 4453/13/4 4469/13/4
f 4451/13/4 4452/13/4 4469/13/4
f 4469/13/4 4453/13/4 4470/13/4
f 4453/10/4 4454/10/4 4471/10/4
f 4470/13/4 4453/13/4 4471/13/4
f 4454/12/4 4455/12/4 4472/12/4
f 4471/10/4 4454/10/4 4472/10/4
f 4455/13/4 4456/13/4 4473/13/4
f 4472/12/4 4455/12/4 4473/12/4
f 4456/12/4 4457/12/4 4474/12/4
f 4473/13/4 4456/13/4 4474/13/4
f 4457/13/4 4458/13/4 4475/13/4
f 4474/12/4 4457/12/4 4475/12/4
f 4458/11/4 4459/11/4 4476/11/4
f 4475/13/4 4458/13/4 4476/13/4
f 4459/12/4 4460/12/4 4477/12/4
f 4476/11/4 4459/11/4 4477/11/4
f 4461/13/4 4462/13/4 4478/13/4
f 4477/12/4 4460/12/4 4478/12/4
f 4460/13/4 4461/13/4 4478/13/4
f 4462/12/4 4463/12/4 4479/12/4
f 4478/13/4 4462/13/4 4479/13/4
f 4463/10/4 4464/10/4 4480/10/4
f 4479/12/4 4463/12/4 4480/12/4
f 4464/12/4 4444/12/4 4481/12/4
f 4480/10/4 4464/10/4 4481/10/4
f 4444/10/4 4465/10/4 4482/10/4
f 4481/12/4 4444/12/4 4482/12/4
f 4465/11/4 4466/11/4 4483/11/4
f 4482/10/4 4465/10/4 4483/10/4
f 4483/11/4 4466/11/4 4484/11/4
f 4449/19/4 4450/19/4 4485/19/4
f 4485/19/4 4450/19/4 4486/19/4
f 4470/12/4 4471/12/4 4487/12/4
f 4471/12/4 4472/12/4 4487/12/4
f 4469/11/4 4470/11/4 4487/11/4
f 4472/12/4 4473/12/4 4487/12/4
f 4487/12/4 4473/12/4 4488/12/4
f 4473/10/4 4474/10/4 4489/10/4
f 4488/12/4 4473/12/4 4489/12/4
f 4474/10/4 4475/10/4 4489/10/4
f 4489/10/4 4475/10/4 4490/10/4
f 4475/12/4 4476/12/4 4491/12/4
f 4490/10/4 4475/10/4 4491/10/4
f 4476/12/4 4477/12/4 4491/12/4
f 4491/12/4 4477/12/4 4492/12/4
f 4477/10/4 4478/10/4 4493/10/4
f 4492/12/4 4477/12/4 4493/12/4
f 4478/12/4 4479/12/4 4494/12/4
f 4493/10/4 4478/10/4 4494/10/4
f 4494/12/4 4479/12/4 4495/12/4
f 4479/13/4 4480/13/4 4496/13/4
f 4495/12/4 4479/12/4 4496/12/4
f 4480/12/4 4481/12/4 4497/12/4
f 4496/13/4 4480/13/4 4497/13/4
f 4483/13/4 4484/13/4 4498/13/4
f 4482/11/4 4483/11/4 4498/11/4
f 4498/13/4 4484/13/4 4499/13/4
f 4467/19/4 4468/19/4 4500/19/4
f 4500/19/4 4468/19/4 4501/19/4
f 4485/18/4 4486/18/4 4502/18/4
f 4502/18/4 4486/18/4 4503/18/4
f 4487/11/4 4488/11/4 4504/11/4
f 4469/11/4 4487/11/4 4504/11/4
f 4504/11/4 4488/11/4 4505/11/4
f 4488/10/4 4489/10/4 4506/10/4
f 4505/11/4 4488/11/4 4506/11/4
f 4489/12/4 4490/12/4 4507/12/4
f 4506/10/4 4489/10/4 4507/10/4
f 4491/11/4 4492/11/4 4508/11/4
f 4507/12/4 4490/12/4 4508/12/4
f 4490/11/4 4491/11/4 4508/11/4
f 4508/11/4 4492/11/4 4509/11/4
f 4492/12/4 4493/12/4 4510/12/4
f 4509/11/4 4492/11/4 4510/11/4
f 4493/12/4 4494/12/4 4510/12/4
f 4510/12/4 4494/12/4 4511/12/4
f 4494/13/4 4495/13/4 4512/13/4
f 4511/12/4 4494/12/4 4512/12/4
f 4496/11/4 4497/11/4 4513/11/4
f 4512/13/4 4495/13/4 4513/13/4
f 4495/11/4 4496/11/4 4513/11/4
f 4513/11/4 4497/11/4 4514/11/4
f 4497/12/4 4481/12/4 4515/12/4
f 4514/11/4 4497/11/4 4515/11/4
f 4481/10/4 4482/10/4 4516/10/4
f 4515/12/4 4481/12/4 4516/12/4
f 4482/11/4 4498/11/4 4517/11/4
f 4516/10/4 4482/10/4 4517/10/4
f 4498/12/4 4499/12/4 4518/12/4
f 4517/11/4 4498/11/4 4518/11/4
f 4518/12/4 4499/12/4 4519/12/4
f 4500/18/4 4501/18/4 4520/18/4
f 4520/18/4 4501/18/4 4521/18/4
f 4502/19/4 4503/19/4 4522/19/4
f 4522/19/4 4503/19/4 4523/19/4
f 4504/12/4 4505/12/4 4524/12/4
f 4505/10/4 4506/10/4 4525/10/4
f 4524/12/4 4505/12/4 4525/12/4
f 4506/12/4 4507/12/4 4526/12/4
f 4525/10/4 4506/10/4 4526/10/4
f 4507/13/4 4508/13/4 4527/13/4
f 4526/12/4 4507/12/4 4527/12/4
f 4508/12/4 4509/12/4 4528/12/4
f 4527/13/4 4508/13/4 4528/13/4
f 4510/10/4 4511/10/4 4529/10/4
f 4528/12/4 4509/12/4 4529/12/4
f 4509/10/4 4510/10/4 4529/10/4
f 4511/11/4 4512/11/4 4530/11/4
f 4529/10/4 4511/10/4 4530/10/4
f 4512/11/4 4513/11/4 4530/11/4
f 4530/11/4 4513/11/4 4531/11/4
f 4513/13/4 4514/13/4 4532/13/4
f 4531/11/4 4513/11/4 4532/11/4
f 4514/10/4 4515/10/4 4533/10/4
f 4532/13/4 4514/13/4 4533/13/4
f 4516/11/4 4517/11/4 4534/11/4
f 4533/10/4 4515/10/4 4534/10/4
f 4515/11/4 4516/11/4 4534/11/4
f 4534/11/4 4517/11/4 4535/11/4
f 4517/13/4 4518/13/4 4536/13/4
f 4535/11/4 4517/11/4 4536/11/4
f 4518/11/4 4519/11/4 4537/11/4
f 4536/13/4 4518/13/4 4537/13/4
f 4537/11/4 4519/11/4 4538/11/4
f 4520/19/4 4521/19/4 4539/19/4
f 4539/19/4 4521/19/4 4540/19/4
f 4522/18/4 4523/18/4 4541/18/4
f 4541/18/4 4523/18/4 4542/18/4
f 4524/13/4 4525/13/4 4543/13/4
f 4526/10/4 4527/10/4 4544/10/4
f 4543/13/4 4525/13/4 4544/13/4
f 4525/10/4 4526/10/4 4544/10/4
f 4544/10/4 4527/10/4 4545/10/4
f 4527/11/4 4528/11/4 4546/11/4
f 4545/10/4 4527/10/4 4546/10/4
f 4528/11/4 4529/11/4 4546/11/4
f 4546/11/4 4529/11/4 4547/11/4
f 4529/12/4 4530/12/4 4548/12/4
f 4530/11/4 4531/11/4 4548/11/4
f 4531/13/4 4532/13/4 4549/13/4
f 4548/11/4 4531/11/4 4549/11/4
f 4532/12/4 4533/12/4 4550/12/4
f 4549/13/4 4532/13/4 4550/13/4
f 4533/13/4 4534/13/4 4551/13/4
f 4550/12/4 4533/12/4 4551/12/4
f 4534/10/4 4535/10/4 4552/10/4
f 4551/13/4 4534/13/4 4552/13/4
f 4535/12/4 4536/12/4 4553/12/4
f 4552/10/4 4535/10/4 4553/10/4
f 4536/13/4 4537/13/4 4554/13/4
f 4553/12/4 4536/12/4 4554/12/4
f 4537/10/4 4538/10/4 4555/10/4
f 4554/13/4 4537/13/4 4555/13/4
f 4555/10/4 4538/10/4 4556/10/4
f 4539/18/4 4540/18/4 4557/18/4
f 4557/18/4 4540/18/4 4558/18/4
f 4543/10/4 4544/10/4 4559/10/4
f 4544/12/4 4545/12/4 4560/12/4
f 4559/10/4 4544/10/4 4560/10/4
f 4546/13/4 4547/13/4 4561/13/4
f 4560/12/4 4545/12/4 4561/12/4
f 4545/13/4 4546/13/4 4561/13/4
f 4561/13/4 4547/13/4 4562/13/4
f 4562/13/4 4547/13/4 4563/13/4
f 4547/11/4 4529/11/4 4564/11/4
f 4563/13/4 4547/13/4 4564/13/4
f 4529/12/4 4548/12/4 4565/12/4
f 4564/11/4 4529/11/4 4565/11/4
f 4565/12/4 4548/12/4 4566/12/4
f 4548/10/4 4549/10/4 4567/10/4
f 4566/12/4 4548/12/4 4567/12/4
f 4549/11/4 4550/11/4 4568/11/4
f 4567/10/4 4549/10/4 4568/10/4
f 4551/13/4 4552/13/4 4569/13/4
f 4568/11/4 4550/11/4 4569/11/4
f 4550/13/4 4551/13/4 4569/13/4
f 4552/13/4 4553/13/4 4569/13/4
f 4569/13/4 4553/13/4 4570/13/4
f 4570/13/4 4553/13/4 4571/13/4
f 4553/10/4 4554/10/4 4572/10/4
f 4571/13/4 4553/13/4 4572/13/4
f 4555/12/4 4556/12/4 4573/12/4
f 4572/10/4 4554/10/4 4573/10/4
f 4554/12/4 4555/12/4 4573/12/4
f 4573/12/4 4556/12/4 4574/12/4
f 4557/19/4 4558/19/4 4575/19/4
f 4575/19/4 4558/19/4 4576/19/4
f 4541/17/4 4542/17/4 4577/17/4
f 4577/17/4 4542/17/4 4578/17/4
f 4559/13/4 4560/13/4 4579/13/4
f 4561/10/4 4562/10/4 4580/10/4
f 4579/13/4 4560/13/4 4580/13/4
f 4560/10/4 4561/10/4 4580/10/4
f 4562/12/4 4563/12/4 4581/12/4
f 4580/10/4 4562/10/4 4581/10/4
f 4563/13/4 4564/13/4 4582/13/4
f 4581/12/4 4563/12/4 4582/12/4
f 4564/13/4 4565/13/4 4582/13/4
f 4565/11/4 4566/11/4 4583/11/4
f 4582/13/4 4565/13/4 4583/13/4
f 4567/12/4 4568/12/4 4584/12/4
f 4583/11/4 4566/11/4 4584/11/4
f 4566/12/4 4567/12/4 4584/12/4
f 4568/10/4 4569/10/4 4585/10/4
f 4584/12/4 4568/12/4 4585/12/4
f 4569/12/4 4570/12/4 4586/12/4
f 4585/10/4 4569/10/4 4586/10/4
f 4570/13/4 4571/13/4 4587/13/4
f 4586/12/4 4570/12/4 4587/12/4
f 4571/12/4 4572/12/4 4588/12/4
f 4587/13/4 4571/13/4 4588/13/4
f 4572/11/4 4573/11/4 4589/11/4
f 4588/12/4 4572/12/4 4589/12/4
f 4573/10/4 4574/10/4 4590/10/4
f 4589/11/4 4573/11/4 4590/11/4
f 4574/12/4 4556/12/4 4591/12/4
f 4590/10/4 4574/10/4 4591/10/4
f 4591/12/4 4556/12/4 4592/12/4
f 4575/17/4 4576/17/4 4593/17/4
f 4593/17/4 4576/17/4 4594/17/4
f 4577/19/4 4578/19/4 4595/19/4
f 4595/19/4 4578/19/4 4596/19/4
f 4593/18/4 4594/18/4 4611/18/4
f 4611/18/4 4594/18/4 4612/18/4
f 4595/17/4 4596/17/4 4613/17/4
f 4596/17/4 4597/17/4 4613/17/4
f 4597/18/4 4598/18/4 4614/18/4
f 4613/17/4 4597/17/4 4614/17/4
f 4598/17/4 4599/17/4 4615/17/4
f 4614/18/4 4598/18/4 4615/18/4
f 4599/19/4 4600/19/4 4616/19/4
f 4615/17/4 4599/17/4 4616/17/4
f 4600/17/4 4601/17/4 4617/17/4
f 4616/19/4 4600/19/4 4617/19/4
f 4601/18/4 4602/18/4 4618/18/4
f 4617/17/4 4601/17/4 4618/17/4
f 4602/19/4 4603/19/4 4619/19/4
f 4618/18/4 4602/18/4 4619/18/4
f 4603/18/4 4604/18/4 4620/18/4
f 4619/19/4 4603/19/4 4620/19/4
f 4604/19/4 4605/19/4 4621/19/4
f 4620/18/4 4604/18/4 4621/18/4
f 4605/18/4 4606/18/4 4622/18/4
f 4621/19/4 4605/19/4 4622/19/4
f 4606/17/4 4607/17/4 4623/17/4
f 4622/18/4 4606/18/4 4623/18/4
f 4607/18/4 4608/18/4 4624/18/4
f 4623/17/4 4607/17/4 4624/17/4
f 4608/17/4 4609/17/4 4625/17/4
f 4624/18/4 4608/18/4 4625/18/4
f 4609/19/4 4610/19/4 4626/19/4
f 4625/17/4 4609/17/4 4626/17/4
f 4610/17/4 4611/17/4 4627/17/4
f 4626/19/4 4610/19/4 4627/19/4
f 4611/19/4 4612/19/4 4628/19/4
f 4627/17/4 4611/17/4 4628/17/4
f 4628/19/4 4612/19/4 4629/19/4
f 4642/19/5 4631/19/5 4630/19/5
f 4643/18/5 4632/18/5 4631/18/5
f 4643/19/5 4631/19/5 4642/19/5
f 4644/19/5 4633/19/5 4632/19/5
f 4644/18/5 4632/18/5 4643/18/5
f 4645/18/5 4634/18/5 4633/18/5
f 4645/19/5 4633/19/5 4644/19/5
f 4646/17/5 4635/17/5 4634/17/5
f 4646/18/5 4634/18/5 4645/18/5
f 4647/18/5 4636/18/5 4635/18/5
f 4647/17/5 4635/17/5 4646/17/5
f 4648/19/5 4637/19/5 4636/19/5
f 4648/18/5 4636/18/5 4647/18/5
f 4649/17/5 4638/17/5 4637/17/5
f 4649/19/5 4637/19/5 4648/19/5
f 4650/19/5 4639/19/5 4638/19/5
f 4650/17/5 4638/17/5 4649/17/5
f 4651/17/5 4640/17/5 4639/17/5
f 4651/19/5 4639/19/5 4650/19/5
f 4652/18/5 4641/18/5 4640/18/5
f 4652/17/5 4640/17/5 4651/17/5
f 4653/18/5 4641/18/5 4652/18/5
f 4667/17/5 4653/17/5 4652/17/5
f 4668/17/5 4653/17/5 4667/17/5
f 4669/12/5 4655/12/5 4654/12/5
f 4669/13/5 4656/13/5 4655/13/5
f 4670/13/5 4656/13/5 4669/13/5
f 4671/10/5 4657/10/5 4656/10/5
f 4671/13/5 4656/13/5 4670/13/5
f 4672/13/5 4658/13/5 4657/13/5
f 4672/10/5 4657/10/5 4671/10/5
f 4673/13/5 4658/13/5 4672/13/5
f 4674/13/5 4658/13/5 4673/13/5
f 4675/12/5 4659/12/5 4658/12/5
f 4675/13/5 4658/13/5 4674/13/5
f 4676/11/5 4660/11/5 4659/11/5
f 4676/12/5 4659/12/5 4675/12/5
f 4677/10/5 4661/10/5 4660/10/5
f 4677/11/5 4660/11/5 4676/11/5
f 4678/11/5 4662/11/5 4661/11/5
f 4678/10/5 4661/10/5 4677/10/5
f 4679/12/5 4663/12/5 4662/12/5
f 4679/11/5 4662/11/5 4678/11/5
f 4680/10/5 4664/10/5 4663/10/5
f 4680/12/5 4663/12/5 4679/12/5
f 4681/11/5 4665/11/5 4664/11/5
f 4681/10/5 4664/10/5 4680/10/5
f 4682/10/5 4666/10/5 4665/10/5
f 4682/11/5 4665/11/5 4681/11/5
f 4683/10/5 4666/10/5 4682/10/5
f 4684/18/5 4643/18/5 4642/18/5
f 4685/18/5 4643/18/5 4684/18/5
f 4686/12/5 4670/12/5 4669/12/5
f 4686/12/5 4669/12/5 4654/12/5
f 4687/12/5 4670/12/5 4686/12/5
f 4688/11/5 4671/11/5 4670/11/5
f 4688/12/5 4670/12/5 4687/12/5
f 4689/12/5 4672/12/5 4671/12/5
f 4689/11/5 4671/11/5 4688/11/5
f 4689/12/5 4673/12/5 4672/12/5
f 4690/12/5 4673/12/5 4689/12/5
f 4691/10/5 4674/10/5 4673/10/5
f 4691/12/5 4673/12/5 4690/12/5
f 4692/11/5 4675/11/5 4674/11/5
f 4692/10/5 4674/10/5 4691/10/5
f 4692/11/5 4676/11/5 4675/11/5
f 4693/11/5 4676/11/5 4692/11/5
f 4694/12/5 4677/12/5 4676/12/5
f 4694/11/5 4676/11/5 4693/11/5
f 4695/10/5 4678/10/5 4677/10/5
f 4695/12/5 4677/12/5 4694/12/5
f 4696/13/5 4681/13/5 4680/13/5
f 4696/10/5 4678/10/5 4695/10/5
f 4696/13/5 4679/13/5 4678/13/5
f 4696/13/5 4680/13/5 4679/13/5
f 4697/13/5 4681/13/5 4696/13/5
f 4698/13/5 4681/13/5 4697/13/5
f 4699/10/5 4682/10/5 4681/10/5
f 4699/13/5 4681/13/5 4698/13/5
f 4700/11/5 4683/11/5 4682/11/5
f 4700/10/5 4682/10/5 4699/10/5
f 4701/10/5 4666/10/5 4683/10/5
f 4701/11/5 4683/11/5 4700/11/5
f 4702/10/5 4666/10/5 4701/10/5
f 4703/19/5 4685/19/5 4684/19/5
f 4704/19/5 4685/19/5 4703/19/5
f 4705/10/5 4687/10/5 4686/10/5
f 4706/13/5 4688/13/5 4687/13/5
f 4706/10/5 4687/10/5 4705/10/5
f 4707/11/5 4689/11/5 4688/11/5
f 4707/13/5 4688/13/5 4706/13/5
f 4708/13/5 4690/13/5 4689/13/5
f 4708/11/5 4689/11/5 4707/11/5
f 4709/10/5 4691/10/5 4690/10/5
f 4709/13/5 4690/13/5 4708/13/5
f 4710/13/5 4692/13/5 4691/13/5
f 4710/10/5 4691/10/5 4709/10/5
f 4711/10/5 4693/10/5 4692/10/5
f 4711/13/5 4692/13/5 4710/13/5
f 4712/11/5 4694/11/5 4693/11/5
f 4712/10/5 4693/10/5 4711/10/5
f 4713/10/5 4695/10/5 4694/10/5
f 4713/11/5 4694/11/5 4712/11/5
f 4713/10/5 4696/10/5 4695/10/5
f 4714/13/5 4698/13/5 4697/13/5
f 4714/11/5 4697/11/5 4696/11/5
f 4715/11/5 4700/11/5 4699/11/5
f 4715/13/5 4698/13/5 4714/13/5
f 4715/11/5 4699/11/5 4698/11/5
f 4716/11/5 4700/11/5 4715/11/5
f 4717/13/5 4701/13/5 4700/13/5
f 4717/11/5 4700/11/5 4716/11/5
f 4718/11/5 4702/11/5 4701/11/5
f 4718/13/5 4701/13/5 4717/13/5
f 4719/11/5 4702/11/5 4718/11/5
f 4720/19/5 4668/19/5 4667/19/5
f 4721/19/5 4668/19/5 4720/19/5
f 4722/17/5 4704/17/5 4703/17/5
f 4723/17/5 4704/17/5 4722/17/5
f 4724/11/5 4707/11/5 4706/11/5
f 4724/11/5 4706/11/5 4705/11/5
f 4725/11/5 4707/11/5 4724/11/5
f 4726/12/5 4708/12/5 4707/12/5
f 4726/11/5 4707/11/5 4725/11/5
f 4727/10/5 4710/10/5 4709/10/5
f 4727/12/5 4708/12/5 4726/12/5
f 4727/10/5 4709/10/5 4708/10/5
f 4728/10/5 4710/10/5 4727/10/5
f 4729/12/5 4711/12/5 4710/12/5
f 4729/10/5 4710/10/5 4728/10/5
f 4730/11/5 4712/11/5 4711/11/5
f 4730/12/5 4711/12/5 4729/12/5
f 4731/12/5 4713/12/5 4712/12/5
f 4731/11/5 4712/11/5 4730/11/5
f 4732/10/5 4696/10/5 4713/10/5
f 4732/12/5 4713/12/5 4731/12/5
f 4733/10/5 4696/10/5 4732/10/5
f 4734/11/5 4714/11/5 4696/11/5
f 4734/10/5 4696/10/5 4733/10/5
f 4735/10/5 4715/10/5 4714/10/5
f 4735/11/5 4714/11/5 4734/11/5
f 4736/13/5 4716/13/5 4715/13/5
f 4736/10/5 4715/10/5 4735/10/5
f 4737/12/5 4717/12/5 4716/12/5
f 4737/13/5 4716/13/5 4736/13/5
f 4738/13/5 4718/13/5 4717/13/5
f 4738/12/5 4717/12/5 4737/12/5
f 4739/10/5 4719/10/5 4718/10/5
f 4739/13/5 4718/13/5 4738/13/5
f 4740/10/5 4719/10/5 4739/10/5
f 4741/18/5 4721/18/5 4720/18/5
f 4742/18/5 4721/18/5 4741/18/5
f 4743/18/5 4723/18/5 4722/18/5
f 4744/18/5 4723/18/5 4743/18/5
f 4745/13/5 4725/13/5 4724/13/5
f 4746/12/5 4726/12/5 4725/12/5
f 4746/13/5 4725/13/5 4745/13/5
f 4746/12/5 4728/12/5 4727/12/5
f 4746/12/5 4727/12/5 4726/12/5
f 4747/12/5 4728/12/5 4746/12/5
f 4748/12/5 4728/12/5 4747/12/5
f 4749/13/5 4729/13/5 4728/13/5
f 4749/12/5 4728/12/5 4748/12/5
f 4750/10/5 4730/10/5 4729/10/5
f 4750/13/5 4729/13/5 4749/13/5
f 4751/13/5 4731/13/5 4730/13/5
f 4751/10/5 4730/10/5 4750/10/5
f 4752/12/5 4733/12/5 4732/12/5
f 4752/13/5 4731/13/5 4751/13/5
f 4752/12/5 4732/12/5 4731/12/5
f 4753/13/5 4734/13/5 4733/13/5
f 4753/12/5 4733/12/5 4752/12/5
f 4754/12/5 4737/12/5 4736/12/5
f 4754/13/5 4734/13/5 4753/13/5
f 4754/12/5 4736/12/5 4735/12/5
f 4754/12/5 4735/12/5 4734/12/5
f 4755/11/5 4738/11/5 4737/11/5
f 4755/12/5 4737/12/5 4754/12/5
f 4756/10/5 4739/10/5 4738/10/5
f 4756/11/5 4738/11/5 4755/11/5
f 4757/11/5 4740/11/5 4739/11/5
f 4757/10/5 4739/10/5 4756/10/5
f 4758/11/5 4740/11/5 4757/11/5
f 4759/17/5 4742/17/5 4741/17/5
f 4760/17/5 4742/17/5 4759/17/5
f 4761/19/5 4744/19/5 4743/19/5
f 4762/19/5 4744/19/5 4761/19/5
f 4763/12/5 4746/12/5 4745/12/5
f 4764/11/5 4747/11/5 4746/11/5
f 4764/12/5 4746/12/5 4763/12/5
f 4765/12/5 4748/12/5 4747/12/5
f 4765/11/5 4747/11/5 4764/11/5
f 4766/13/5 4749/13/5 4748/13/5
f 4766/12/5 4748/12/5 4765/12/5
f 4767/11/5 4750/11/5 4749/11/5
f 4767/13/5 4749/13/5 4766/13/5
f 4768/10/5 4751/10/5 4750/10/5
f 4768/11/5 4750/11/5 4767/11/5
f 4769/11/5 4753/11/5 4752/11/5
f 4769/10/5 4751/10/5 4768/10/5
f 4769/11/5 4752/11/5 4751/11/5
f 4770/11/5 4753/11/5 4769/11/5
f 4771/11/5 4753/11/5 4770/11/5
f 4772/10/5 4754/10/5 4753/10/5
f 4772/11/5 4753/11/5 4771/11/5
f 4772/10/5 4755/10/5 4754/10/5
f 4773/10/5 4755/10/5 4772/10/5
f 4774/10/5 4755/10/5 4773/10/5
f 4775/10/5 4755/10/5 4774/10/5
f 4776/11/5 4756/11/5 4755/11/5
f 4776/10/5 4755/10/5 4775/10/5
f 4777/13/5 4757/13/5 4756/13/5
f 4777/11/5 4756/11/5 4776/11/5
f 4778/12/5 4758/12/5 4757/12/5
f 4778/13/5 4757/13/5 4777/13/5
f 4779/12/5 4758/12/5 4778/12/5
f 4780/18/5 4762/18/5 4761/18/5
f 4781/18/5 4762/18/5 4780/18/5
f 4782/10/5 4764/10/5 4763/10/5
f 4783/11/5 4765/11/5 4764/11/5
f 4783/10/5 4764/10/5 4782/10/5
f 4784/13/5 4766/13/5 4765/13/5
f 4784/11/5 4765/11/5 4783/11/5
f 4785/12/5 4767/12/5 4766/12/5
f 4785/13/5 4766/13/5 4784/13/5
f 4786/10/5 4768/10/5 4767/10/5
f 4786/12/5 4767/12/5 4785/12/5
f 4787/12/5 4770/12/5 4769/12/5
f 4787/10/5 4768/10/5 4786/10/5
f 4787/12/5 4769/12/5 4768/12/5
f 4788/12/5 4770/12/5 4787/12/5
f 4789/13/5 4771/13/5 4770/13/5
f 4789/12/5 4770/12/5 4788/12/5
f 4790/10/5 4772/10/5 4771/10/5
f 4790/13/5 4771/13/5 4789/13/5
f 4791/11/5 4773/11/5 4772/11/5
f 4791/10/5 4772/10/5 4790/10/5
f 4792/13/5 4774/13/5 4773/13/5
f 4792/11/5 4773/11/5 4791/11/5
f 4793/12/5 4775/12/5 4774/12/5
f 4793/13/5 4774/13/5 4792/13/5
f 4794/13/5 4776/13/5 4775/13/5
f 4794/12/5 4775/12/5 4793/12/5
f 4795/11/5 4777/11/5 4776/11/5
f 4795/13/5 4776/13/5 4794/13/5
f 4796/12/5 4778/12/5 4777/12/5
f 4796/11/5 4777/11/5 4795/11/5
f 4797/13/5 4779/13/5 4778/13/5
f 4797/12/5 4778/12/5 4796/12/5
f 4798/13/5 4779/13/5 4797/13/5
f 4799/18/5 4760/18/5 4759/18/5
f 4800/18/5 4760/18/5 4799/18/5
f 4801/12/5 4783/12/5 4782/12/5
f 4802/13/5 4784/13/5 4783/13/5
f 4802/12/5 4783/12/5 4801/12/5
f 4803/11/5 4785/11/5 4784/11/5
f 4803/13/5 4784/13/5 4802/13/5
f 4804/13/5 4788/13/5 4787/13/5
f 4804/11/5 4785/11/5 4803/11/5
f 4804/13/5 4786/13/5 4785/13/5
f 4804/13/5 4787/13/5 4786/13/5
f 4805/13/5 4788/13/5 4804/13/5
f 4806/11/5 4789/11/5 4788/11/5
f 4806/13/5 4788/13/5 4805/13/5
f 4807/12/5 4790/12/5 4789/12/5
f 4807/11/5 4789/11/5 4806/11/5
f 4808/13/5 4792/13/5 4791/13/5
f 4808/12/5 4790/12/5 4807/12/5
f 4808/13/5 4791/13/5 4790/13/5
f 4809/13/5 4792/13/5 4808/13/5
f 4810/12/5 4793/12/5 4792/12/5
f 4810/13/5 4792/13/5 4809/13/5
f 4811/11/5 4794/11/5 4793/11/5
f 4811/12/5 4793/12/5 4810/12/5
f 4812/10/5 4795/10/5 4794/10/5
f 4812/11/5 4794/11/5 4811/11/5
f 4813/13/5 4796/13/5 4795/13/5
f 4813/10/5 4795/10/5 4812/10/5
f 4814/11/5 4798/11/5 4797/11/5
f 4814/13/5 4796/13/5 4813/13/5
f 4814/11/5 4797/11/5 4796/11/5
f 4815/11/5 4798/11/5 4814/11/5
f 4816/11/5 4798/11/5 4815/11/5
f 4817/11/5 4803/11/5 4802/11/5
f 4817/12/5 4804/12/5 4803/12/5
f 4818/11/5 4805/11/5 4804/11/5
f 4818/12/5 4804/12/5 4817/12/5
f 4819/12/5 4807/12/5 4806/12/5
f 4819/11/5 4805/11/5 4818/11/5
f 4819/12/5 4806/12/5 4805/12/5
f 4820/12/5 4807/12/5 4819/12/5
f 4821/11/5 4808/11/5 4807/11/5
f 4821/12/5 4807/12/5 4820/12/5
f 4822/13/5 4809/13/5 4808/13/5
f 4822/11/5 4808/11/5 4821/11/5
f 4823/11/5 4810/11/5 4809/11/5
f 4823/13/5 4809/13/5 4822/13/5
f 4824/10/5 4811/10/5 4810/10/5
f 4824/11/5 4810/11/5 4823/11/5
f 4825/12/5 4813/12/5 4812/12/5
f 4825/10/5 4811/10/5 4824/10/5
f 4825/12/5 4812/12/5 4811/12/5
f 4826/12/5 4813/12/5 4825/12/5
f 4827/10/5 4814/10/5 4813/10/5
f 4827/12/5 4813/12/5 4826/12/5
f 4828/13/5 4815/13/5 4814/13/5
f 4828/10/5 4814/10/5 4827/10/5
f 4829/12/5 4816/12/5 4815/12/5
f 4829/13/5 4815/13/5 4828/13/5
f 4830/12/5 4816/12/5 4829/12/5
f 4831/19/5 4800/19/5 4799/19/5
f 4832/19/5 4800/19/5 4831/19/5
f 4833/17/5 4781/17/5 4780/17/5
f 4834/17/5 4781/17/5 4833/17/5
f 4835/10/5 4802/10/5 4801/10/5
f 4836/11/5 4818/11/5 4817/11/5
f 4836/10/5 4802/10/5 4835/10/5
f 4836/11/5 4817/11/5 4802/11/5
f 4837/10/5 4819/10/5 4818/10/5
f 4837/11/5 4818/11/5 4836/11/5
f 4838/13/5 4820/13/5 4819/13/5
f 4838/10/5 4819/10/5 4837/10/5
f 4839/11/5 4821/11/5 4820/11/5
f 4839/13/5 4820/13/5 4838/13/5
f 4840/13/5 4822/13/5 4821/13/5
f 4840/11/5 4821/11/5 4839/11/5
f 4840/13/5 4823/13/5 4822/13/5
f 4841/10/5 4824/10/5 4823/10/5
f 4841/13/5 4823/13/5 4840/13/5
f 4842/13/5 4825/13/5 4824/13/5
f 4842/10/5 4824/10/5 4841/10/5
f 4843/11/5 4826/11/5 4825/11/5
f 4843/13/5 4825/13/5 4842/13/5
f 4844/10/5 4827/10/5 4826/10/5
f 4844/11/5 4828/11/5 4827/11/5
f 4845/12/5 4829/12/5 4828/12/5
f 4845/11/5 4828/11/5 4844/11/5
f 4846/13/5 4830/13/5 4829/13/5
f 4846/12/5 4829/12/5 4845/12/5
f 4847/13/5 4830/13/5 4846/13/5
f 4848/12/5 4837/12/5 4836/12/5
f 4848/12/5 4836/12/5 4835/12/5
f 4849/13/5 4838/13/5 4837/13/5
f 4849/12/5 4837/12/5 4848/12/5
f 4850/10/5 4839/10/5 4838/10/5
f 4850/13/5 4838/13/5 4849/13/5
f 4851/10/5 4839/10/5 4850/10/5
f 4852/12/5 4840/12/5 4839/12/5
f 4852/10/5 4839/10/5 4851/10/5
f 4853/10/5 4841/10/5 4840/10/5
f 4853/12/5 4840/12/5 4852/12/5
f 4854/10/5 4841/10/5 4853/10/5
f 4855/11/5 4843/11/5 4842/11/5
f 4855/10/5 4841/10/5 4854/10/5
f 4855/11/5 4842/11/5 4841/11/5
f 4856/11/5 4843/11/5 4855/11/5
f 4857/11/5 4826/11/5 4843/11/5
f 4857/11/5 4843/11/5 4856/11/5
f 4858/10/5 4845/10/5 4844/10/5
f 4858/11/5 4826/11/5 4857/11/5
f 4858/10/5 4844/10/5 4826/10/5
f 4859/10/5 4845/10/5 4858/10/5
f 4860/12/5 4847/12/5 4846/12/5
f 4860/10/5 4845/10/5 4859/10/5
f 4860/12/5 4846/12/5 4845/12/5
f 4861/12/5 4847/12/5 4860/12/5
f 4862/13/5 4849/13/5 4848/13/5
f 4863/10/5 4850/10/5 4849/10/5
f 4863/13/5 4849/13/5 4862/13/5
f 4864/13/5 4851/13/5 4850/13/5
f 4864/10/5 4850/10/5 4863/10/5
f 4865/10/5 4854/10/5 4853/10/5
f 4865/13/5 4851/13/5 4864/13/5
f 4865/10/5 4853/10/5 4852/10/5
f 4865/10/5 4852/10/5 4851/10/5
f 4866/10/5 4854/10/5 4865/10/5
f 4867/10/5 4854/10/5 4866/10/5
f 4868/13/5 4855/13/5 4854/13/5
f 4868/10/5 4854/10/5 4867/10/5
f 4869/11/5 4856/11/5 4855/11/5
f 4869/13/5 4855/13/5 4868/13/5
f 4870/10/5 4857/10/5 4856/10/5
f 4870/11/5 4856/11/5 4869/11/5
f 4871/12/5 4858/12/5 4857/12/5
f 4871/10/5 4857/10/5 4870/10/5
f 4872/10/5 4859/10/5 4858/10/5
f 4872/12/5 4858/12/5 4871/12/5
f 4873/12/5 4860/12/5 4859/12/5
f 4873/10/5 4859/10/5 4872/10/5
f 4874/10/5 4861/10/5 4860/10/5
f 4874/12/5 4860/12/5 4873/12/5
f 4875/10/5 4861/10/5 4874/10/5
f 4876/10/5 4861/10/5 4875/10/5
f 4877/18/5 4834/18/5 4833/18/5
f 4878/18/5 4834/18/5 4877/18/5
f 4879/10/5 4863/10/5 4862/10/5
f 4879/13/5 4862/13/5 4848/13/5
f 4880/13/5 4864/13/5 4863/13/5
f 4880/10/5 4863/10/5 4879/10/5
f 4881/11/5 4865/11/5 4864/11/5
f 4881/10/5 4866/10/5 4865/10/5
f 4882/12/5 4867/12/5 4866/12/5
f 4882/10/5 4866/10/5 4881/10/5
f 4883/13/5 4869/13/5 4868/13/5
f 4883/12/5 4867/12/5 4882/12/5
f 4883/13/5 4868/13/5 4867/13/5
f 4884/13/5 4869/13/5 4883/13/5
f 4885/10/5 4870/10/5 4869/10/5
f 4885/13/5 4869/13/5 4884/13/5
f 4886/12/5 4871/12/5 4870/12/5
f 4886/10/5 4870/10/5 4885/10/5
f 4887/10/5 4872/10/5 4871/10/5
f 4887/12/5 4871/12/5 4886/12/5
f 4888/12/5 4873/12/5 4872/12/5
f 4888/10/5 4872/10/5 4887/10/5
f 4889/18/5 4832/18/5 4831/18/5
f 4890/18/5 4832/18/5 4889/18/5
f 4891/19/5 4878/19/5 4877/19/5
f 4892/19/5 4878/19/5 4891/19/5
f 4893/13/5 4879/13/5 4848/13/5
f 4894/11/5 4880/11/5 4879/11/5
f 4894/13/5 4879/13/5 4893/13/5
f 4895/11/5 4880/11/5 4894/11/5
f 4896/13/5 4864/13/5 4880/13/5
f 4896/11/5 4880/11/5 4895/11/5
f 4897/11/5 4881/11/5 4864/11/5
f 4897/13/5 4864/13/5 4896/13/5
f 4898/13/5 4882/13/5 4881/13/5
f 4898/11/5 4881/11/5 4897/11/5
f 4898/13/5 4883/13/5 4882/13/5
f 4899/13/5 4883/13/5 4898/13/5
f 4900/11/5 4884/11/5 4883/11/5
f 4900/13/5 4883/13/5 4899/13/5
f 4901/10/5 4885/10/5 4884/10/5
f 4901/11/5 4884/11/5 4900/11/5
f 4902/11/5 4886/11/5 4885/11/5
f 4902/10/5 4885/10/5 4901/10/5
f 4903/12/5 4887/12/5 4886/12/5
f 4903/11/5 4886/11/5 4902/11/5
f 4904/13/5 4888/13/5 4887/13/5
f 4904/12/5 4887/12/5 4903/12/5
f 4905/12/5 4873/12/5 4888/12/5
f 4905/13/5 4888/13/5 4904/13/5
f 4906/11/5 4875/11/5 4874/11/5
f 4906/10/5 4874/10/5 4873/10/5
f 4907/12/5 4876/12/5 4875/12/5
f 4907/11/5 4875/11/5 4906/11/5
f 4908/12/5 4876/12/5 4907/12/5
f 4909/19/5 4890/19/5 4889/19/5
f 4910/19/5 4890/19/5 4909/19/5
f 4911/18/5 4892/18/5 4891/18/5
f 4912/18/5 4892/18/5 4911/18/5
f 4913/10/5 4894/10/5 4893/10/5
f 4914/13/5 4895/13/5 4894/13/5
f 4914/10/5 4894/10/5 4913/10/5
f 4915/12/5 4896/12/5 4895/12/5
f 4915/13/5 4895/13/5 4914/13/5
f 4916/13/5 4897/13/5 4896/13/5
f 4916/12/5 4896/12/5 4915/12/5
f 4917/12/5 4899/12/5 4898/12/5
f 4917/13/5 4897/13/5 4916/13/5
f 4917/12/5 4898/12/5 4897/12/5
f 4918/13/5 4900/13/5 4899/13/5
f 4918/12/5 4899/12/5 4917/12/5
f 4918/13/5 4901/13/5 4900/13/5
f 4919/13/5 4901/13/5 4918/13/5
f 4920/10/5 4904/10/5 4903/10/5
f 4920/13/5 4901/13/5 4919/13/5
f 4920/10/5 4903/10/5 4902/10/5
f 4920/10/5 4902/10/5 4901/10/5
f 4921/10/5 4904/10/5 4920/10/5
f 4922/10/5 4904/10/5 4921/10/5
f 4923/12/5 4905/12/5 4904/12/5
f 4923/10/5 4904/10/5 4922/10/5
f 4924/12/5 4873/12/5 4905/12/5
f 4924/12/5 4905/12/5 4923/12/5
f 4925/10/5 4906/10/5 4873/10/5
f 4925/12/5 4873/12/5 4924/12/5
f 4926/13/5 4908/13/5 4907/13/5
f 4926/10/5 4906/10/5 4925/10/5
f 4926/13/5 4907/13/5 4906/13/5
f 4927/13/5 4908/13/5 4926/13/5
f 4928/13/5 4908/13/5 4927/13/5
f 4929/18/5 4910/18/5 4909/18/5
f 4930/18/5 4910/18/5 4929/18/5
f 4931/19/5 4912/19/5 4911/19/5
f 4932/19/5 4912/19/5 4931/19/5
f 4933/13/5 4914/13/5 4913/13/5
f 4934/11/5 4915/11/5 4914/11/5
f 4934/13/5 4914/13/5 4933/13/5
f 4935/10/5 4916/10/5 4915/10/5
f 4935/11/5 4915/11/5 4934/11/5
f 4936/12/5 4919/12/5 4918/12/5
f 4936/10/5 4916/10/5 4935/10/5
f 4936/12/5 4918/12/5 4917/12/5
f 4936/12/5 4917/12/5 4916/12/5
f 4937/13/5 4921/13/5 4920/13/5
f 4937/12/5 4919/12/5 4936/12/5
f 4937/13/5 4920/13/5 4919/13/5
f 4938/12/5 4922/12/5 4921/12/5
f 4938/13/5 4921/13/5 4937/13/5
f 4939/10/5 4924/10/5 4923/10/5
f 4939/12/5 4922/12/5 4938/12/5
f 4939/10/5 4923/10/5 4922/10/5
f 4940/13/5 4925/13/5 4924/13/5
f 4940/10/5 4924/10/5 4939/10/5
f 4941/10/5 4927/10/5 4926/10/5
f 4941/13/5 4925/13/5 4940/13/5
f 4941/10/5 4926/10/5 4925/10/5
f 4942/11/5 4928/11/5 4927/11/5
f 4942/10/5 4927/10/5 4941/10/5
f 4943/11/5 4928/11/5 4942/11/5
f 4944/17/5 4930/17/5 4929/17/5
f 4945/17/5 4930/17/5 4944/17/5
f 4946/18/5 4932/18/5 4931/18/5
f 4947/18/5 4932/18/5 4946/18/5
f 4961/19/5 4945/19/5 4944/19/5
f 4962/19/5 4945/19/5 4961/19/5
f 4963/19/5 4947/19/5 4946/19/5
f 4964/18/5 4948/18/5 4947/18/5
f 4964/19/5 4947/19/5 4963/19/5
f 4965/19/5 4949/19/5 4948/19/5
f 4965/18/5 4948/18/5 4964/18/5
f 4966/18/5 4950/18/5 4949/18/5
f 4966/19/5 4949/19/5 4965/19/5
f 4967/19/5 4951/19/5 4950/19/5
f 4967/18/5 4950/18/5 4966/18/5
f 4968/18/5 4952/18/5 4951/18/5
f 4968/19/5 4951/19/5 4967/19/5
f 4969/19/5 4953/19/5 4952/19/5
f 4969/18/5 4952/18/5 4968/18/5
f 4970/17/5 4954/17/5 4953/17/5
f 4970/19/5 4953/19/5 4969/19/5
f 4971/18/5 4955/18/5 4954/18/5
f 4971/17/5 4954/17/5 4970/17/5
f 4972/19/5 4956/19/5 4955/19/5
f 4972/18/5 4955/18/5 4971/18/5
f 4973/18/5 4957/18/5 4956/18/5
f 4973/19/5 4956/19/5 4972/19/5
f 4974/19/5 4958/19/5 4957/19/5
f 4974/18/5 4957/18/5 4973/18/5
f 4975/18/5 4959/18/5 4958/18/5
f 4975/19/5 4958/19/5 4974/19/5
f 4976/17/5 4960/17/5 4959/17/5
f 4976/18/5 4959/18/5 4975/18/5
f 4977/19/5 4961/19/5 4960/19/5
f 4977/17/5 4960/17/5 4976/17/5
f 4978/17/5 4962/17/5 4961/17/5
f 4978/19/5 4961/19/5 4977/19/5
f 4979/17/5 4962/17/5 4978/17/5
f 4998/11/5 4981/11/5 4980/11/5
f 4999/13/5 4982/13/5 4981/13/5
f 4999/11/5 4981/11/5 4998/11/5
f 4999/13/5 4983/13/5 4982/13/5
f 5000/13/5 4983/13/5 4999/13/5
f 5001/11/5 4984/11/5 4983/11/5
f 5001/13/5 4983/13/5 5000/13/5
f 5002/12/5 4985/12/5 4984/12/5
f 5002/11/5 4984/11/5 5001/11/5
f 5003/11/5 4986/11/5 4985/11/5
f 5003/12/5 4985/12/5 5002/12/5
f 5004/12/5 4987/12/5 4986/12/5
f 5004/11/5 4986/11/5 5003/11/5
f 5005/13/5 4988/13/5 4987/13/5
f 5005/12/5 4987/12/5 5004/12/5
f 5006/10/5 4989/10/5 4988/10/5
f 5006/13/5 4988/13/5 5005/13/5
f 5007/13/5 4990/13/5 4989/13/5
f 5007/10/5 4989/10/5 5006/10/5
f 5008/13/5 4990/13/5 5007/13/5
f 5009/11/5 4991/11/5 4990/11/5
f 5009/13/5 4990/13/5 5008/13/5
f 5010/12/5 4992/12/5 4991/12/5
f 5010/11/5 4991/11/5 5009/11/5
f 5011/13/5 4993/13/5 4992/13/5
f 5011/12/5 4992/12/5 5010/12/5
f 5012/10/5 4994/10/5 4993/10/5
f 5012/13/5 4993/13/5 5011/13/5
f 5013/11/5 4995/11/5 4994/11/5
f 5013/10/5 4994/10/5 5012/10/5
f 5014/13/5 4996/13/5 4995/13/5
f 5014/11/5 4995/11/5 5013/11/5
f 5015/10/5 4997/10/5 4996/10/5
f 5015/13/5 4996/13/5 5014/13/5
f 5016/10/5 4997/10/5 5015/10/5
f 5017/12/5 4999/12/5 4998/12/5
f 5018/12/5 4999/12/5 5017/12/5
f 5019/12/5 5016/12/5 5015/12/5
f 5020/12/5 5016/12/5 5019/12/5
f 5021/11/5 5018/11/5 5017/11/5
f 5022/11/5 5018/11/5 5021/11/5
f 5023/10/5 5020/10/5 5019/10/5
f 5024/12/5 5022/12/5 5021/12/5
f 5025/12/5 5022/12/5 5024/12/5
f 5026/10/5 5020/10/5 5023/10/5
f 5027/10/5 5020/10/5 5026/10/5
f 5028/13/5 5025/13/5 5024/13/5
f 5029/13/5 5025/13/5 5028/13/5
f 5030/12/5 5027/12/5 5026/12/5
f 5031/12/5 5027/12/5 5030/12/5
f 5032/13/5 5029/13/5 5028/13/5
f 5033/13/5 5029/13/5 5032/13/5
f 5034/10/5 5031/10/5 5030/10/5
f 5035/10/5 5031/10/5 5034/10/5
f 5036/13/5 5033/13/5 5032/13/5
f 5037/13/5 5033/13/5 5036/13/5
f 5038/13/5 5035/13/5 5034/13/5
f 5039/13/5 5035/13/5 5038/13/5
f 5040/11/5 5037/11/5 5036/11/5
f 5041/11/5 5037/11/5 5040/11/5
f 5042/12/5 5039/12/5 5038/12/5
f 5043/12/5 5039/12/5 5042/12/5
f 5044/10/5 5041/10/5 5040/10/5
f 5045/10/5 5041/10/5 5044/10/5
f 5046/10/5 5043/10/5 5042/10/5
f 5047/10/5 5043/10/5 5046/10/5
f 5048/10/5 5043/10/5 5047/10/5
f 5049/12/5 5045/12/5 5044/12/5
f 5050/12/5 5045/12/5 5049/12/5
f 5051/11/5 5048/11/5 5047/11/5
f 5052/11/5 5050/11/5 5049/11/5
f 5053/11/5 5050/11/5 5052/11/5
f 5054/11/5 5048/11/5 5051/11/5
f 5055/11/5 5048/11/5 5054/11/5
f 5056/10/5 5053/10/5 5052/10/5
f 5057/10/5 5053/10/5 5056/10/5
f 5058/13/5 5055/13/5 5054/13/5
f 5059/13/5 5057/13/5 5056/13/5
f 5060/13/5 5057/13/5 5059/13/5
f 5061/13/5 5055/13/5 5058/13/5
f 5062/13/5 5055/13/5 5061/13/5
f 5063/12/5 5060/12/5 5059/12/5
f 5064/12/5 5060/12/5 5063/12/5
f 5065/10/5 5062/10/5 5061/10/5
f 5066/10/5 5062/10/5 5065/10/5
f 5067/12/5 5064/12/5 5063/12/5
f 5068/12/5 5064/12/5 5067/12/5
f 5069/12/5 5066/12/5 5065/12/5
f 5070/12/5 5066/12/5 5069/12/5
f 5071/12/5 5068/12/5 5067/12/5
f 5072/12/5 5068/12/5 5071/12/5
f 5087/10/5 5070/10/5 5069/10/5
f 5088/10/5 5070/10/5 5087/10/5
f 5089/12/5 5072/12/5 5071/12/5
f 5090/13/5 5073/13/5 5072/13/5
f 5090/12/5 5072/12/5 5089/12/5
f 5091/11/5 5074/11/5 5073/11/5
f 5091/13/5 5073/13/5 5090/13/5
f 5092/13/5 5075/13/5 5074/13/5
f 5092/11/5 5074/11/5 5091/11/5
f 5092/13/5 5076/13/5 5075/13/5
f 5093/13/5 5076/13/5 5092/13/5
f 5094/13/5 5076/13/5 5093/13/5
f 5095/10/5 5077/10/5 5076/10/5
f 5095/13/5 5076/13/5 5094/13/5
f 5096/13/5 5078/13/5 5077/13/5
f 5096/10/5 5077/10/5 5095/10/5
f 5097/11/5 5079/11/5 5078/11/5
f 5097/13/5 5078/13/5 5096/13/5
f 5098/13/5 5080/13/5 5079/13/5
f 5098/11/5 5079/11/5 5097/11/5
f 5099/12/5 5081/12/5 5080/12/5
f 5099/13/5 5080/13/5 5098/13/5
f 5100/11/5 5082/11/5 5081/11/5
f 5100/12/5 5081/12/5 5099/12/5
f 5101/10/5 5083/10/5 5082/10/5
f 5101/11/5 5082/11/5 5100/11/5
f 5102/13/5 5084/13/5 5083/13/5
f 5102/10/5 5083/10/5 5101/10/5
f 5103/11/5 5085/11/5 5084/11/5
f 5103/13/5 5084/13/5 5102/13/5
f 5104/10/5 5086/10/5 5085/10/5
f 5104/11/5 5085/11/5 5103/11/5
f 5105/13/5 5087/13/5 5086/13/5
f 5105/10/5 5086/10/5 5104/10/5
f 5106/12/5 5088/12/5 5087/12/5
f 5106/13/5 5087/13/5 5105/13/5
f 5107/12/5 5088/12/5 5106/12/5
f 5123/12/5 5109/12/5 5108/12/5
f 5124/11/5 5110/11/5 5109/11/5
f 5124/12/5 5109/12/5 5123/12/5
f 5125/12/5 5111/12/5 5110/12/5
f 5125/11/5 5110/11/5 5124/11/5
f 5126/13/5 5112/13/5 5111/13/5
f 5126/12/5 5111/12/5 5125/12/5
f 5127/11/5 5113/11/5 5112/11/5
f 5127/13/5 5112/13/5 5126/13/5
f 5128/13/5 5114/13/5 5113/13/5
f 5128/11/5 5113/11/5 5127/11/5
f 5129/10/5 5115/10/5 5114/10/5
f 5129/13/5 5114/13/5 5128/13/5
f 5130/13/5 5116/13/5 5115/13/5
f 5130/10/5 5115/10/5 5129/10/5
f 5131/10/5 5117/10/5 5116/10/5
f 5131/13/5 5116/13/5 5130/13/5
f 5132/13/5 5118/13/5 5117/13/5
f 5132/10/5 5117/10/5 5131/10/5
f 5133/12/5 5119/12/5 5118/12/5
f 5133/13/5 5118/13/5 5132/13/5
f 5134/13/5 5120/13/5 5119/13/5
f 5134/12/5 5119/12/5 5133/12/5
f 5135/12/5 5121/12/5 5120/12/5
f 5135/13/5 5120/13/5 5134/13/5
f 5136/12/5 5121/12/5 5135/12/5
f 5137/13/5 5122/13/5 5121/13/5
f 5137/12/5 5121/12/5 5136/12/5
f 5138/13/5 5122/13/5 5137/13/5
f 5143/10/5 5140/10/5 5139/10/5
f 5144/10/5 5140/10/5 5143/10/5
f 5145/13/5 5142/13/5 5141/13/5
f 5146/13/5 5142/13/5 5145/13/5
f 5147/11/5 5144/11/5 5143/11/5
f 5148/12/5 5146/12/5 5145/12/5
f 5149/12/5 5146/12/5 5148/12/5
f 5150/11/5 5147/11/5 5143/11/5
f 5155/11/5 5149/11/5 5148/11/5
f 5156/11/5 5149/11/5 5155/11/5
f 5157/9/5 5152/9/5 5151/9/5
f 5158/9/5 5152/9/5 5157/9/5
f 5159/6/5 5154/6/5 5153/6/5
f 5160/6/5 5154/6/5 5159/6/5
f 5161/13/5 5156/13/5 5155/13/5
f 5162/13/5 5156/13/5 5161/13/5
f 5163/13/5 5156/13/5 5162/13/5
f 5164/11/5 5150/11/5 5143/11/5
f 5165/11/5 5150/11/5 5164/11/5
f 5166/11/5 5163/11/5 5162/11/5
f 5167/11/5 5163/11/5 5166/11/5
f 5168/13/5 5165/13/5 5164/13/5
f 5169/13/5 5165/13/5 5168/13/5
f 5170/10/5 5167/10/5 5166/10/5
f 5171/10/5 5167/10/5 5170/10/5
f 5172/12/5 5169/12/5 5168/12/5
f 5173/12/5 5169/12/5 5172/12/5
f 5174/12/5 5171/12/5 5170/12/5
f 5175/12/5 5171/12/5 5174/12/5
f 5176/13/5 5173/13/5 5172/13/5
f 5177/13/5 5173/13/5 5176/13/5
f 5178/11/5 5175/11/5 5174/11/5
f 5179/11/5 5175/11/5 5178/11/5
f 5180/12/5 5177/12/5 5176/12/5
f 5181/12/5 5179/12/5 5178/12/5
f 5182/12/5 5179/12/5 5181/12/5
f 5183/12/5 5180/12/5 5176/12/5
f 5184/12/5 5180/12/5 5183/12/5
f 5185/11/5 5182/11/5 5181/11/5
f 5186/11/5 5182/11/5 5185/11/5
f 5187/11/5 5184/11/5 5183/11/5
f 5188/11/5 5184/11/5 5187/11/5
f 5189/10/5 5188/10/5 5187/10/5
f 5190/10/5 5188/10/5 5189/10/5
f 5193/13/5 5186/13/5 5185/13/5
f 5194/17/5 5192/17/5 5191/17/5
f 5195/17/5 5192/17/5 5194/17/5
f 5196/13/5 5186/13/5 5193/13/5
f 5197/13/5 5186/13/5 5196/13/5
f 5198/13/5 5186/13/5 5197/13/5
f 5199/12/5 5190/12/5 5189/12/5
f 5200/12/5 5190/12/5 5199/12/5
f 5201/10/5 5198/10/5 5197/10/5
f 5202/10/5 5198/10/5 5201/10/5
f 5220/11/5 5204/11/5 5203/11/5
f 5220/11/5 5205/11/5 5204/11/5
f 5221/13/5 5206/13/5 5205/13/5
f 5221/11/5 5205/11/5 5220/11/5
f 5222/10/5 5207/10/5 5206/10/5
f 5222/13/5 5206/13/5 5221/13/5
f 5223/12/5 5208/12/5 5207/12/5
f 5223/10/5 5207/10/5 5222/10/5
f 5223/12/5 5209/12/5 5208/12/5
f 5223/12/5 5210/12/5 5209/12/5
f 5223/12/5 5211/12/5 5210/12/5
f 5224/11/5 5212/11/5 5211/11/5
f 5224/12/5 5211/12/5 5223/12/5
f 5225/13/5 5213/13/5 5212/13/5
f 5225/11/5 5212/11/5 5224/11/5
f 5226/11/5 5215/11/5 5214/11/5
f 5226/13/5 5213/13/5 5225/13/5
f 5226/11/5 5214/11/5 5213/11/5
f 5227/12/5 5216/12/5 5215/12/5
f 5227/11/5 5215/11/5 5226/11/5
f 5228/13/5 5217/13/5 5216/13/5
f 5228/12/5 5216/12/5 5227/12/5
f 5229/10/5 5218/10/5 5217/10/5
f 5229/13/5 5217/13/5 5228/13/5
f 5230/13/5 5219/13/5 5218/13/5
f 5230/10/5 5218/10/5 5229/10/5
f 5231/13/5 5219/13/5 5230/13/5
f 5234/4/5 5233/4/5 5232/4/5
f 5235/4/5 5233/4/5 5234/4/5
f 5238/4/5 5237/4/5 5236/4/5
f 5239/4/5 5237/4/5 5238/4/5
f 5242/4/5 5241/4/5 5240/4/5
f 5243/4/5 5241/4/5 5242/4/5
f 5246/20/5 5245/20/5 5244/20/5
f 5247/20/5 5245/20/5 5246/20/5
f 5250/8/5 5249/8/5 5248/8/5
f 5251/8/5 5249/8/5 5250/8/5
f 5256/17/5 5253/17/5 5252/17/5
f 5256/17/5 5255/17/5 5254/17/5
f 5256/17/5 5254/17/5 5253/17/5
f 5257/17/5 5255/17/5 5256/17/5
f 5258/17/5 5255/17/5 5257/17/5
f 5259/17/5 5255/17/5 5258/17/5
f 5264/17/5 5261/17/5 5260/17/5
f 5264/17/5 5263/17/5 5262/17/5
f 5264/17/5 5262/17/5 5261/17/5
f 5265/17/5 5263/17/5 5264/17/5
f 5266/17/5 5263/17/5 5265/17/5
f 5267/17/5 5263/17/5 5266/17/5
f 5280/18/5 5269/18/5 5268/18/5
f 5281/19/5 5270/19/5 5269/19/5
f 5281/18/5 5269/18/5 5280/18/5
f 5282/18/5 5271/18/5 5270/18/5
f 5282/19/5 5270/19/5 5281/19/5
f 5283/18/5 5271/18/5 5282/18/5
f 5284/18/5 5271/18/5 5283/18/5
f 5285/18/5 5271/18/5 5284/18/5
f 5286/18/5 5271/18/5 5285/18/5
f 5287/17/5 5272/17/5 5271/17/5
f 5287/18/5 5271/18/5 5286/18/5
f 5288/18/5 5273/18/5 5272/18/5
f 5288/17/5 5272/17/5 5287/17/5
f 5289/18/5 5273/18/5 5288/18/5
f 5290/17/5 5274/17/5 5273/17/5
f 5290/18/5 5273/18/5 5289/18/5
f 5291/19/5 5275/19/5 5274/19/5
f 5291/17/5 5274/17/5 5290/17/5
f 5292/18/5 5276/18/5 5275/18/5
f 5292/19/5 5275/19/5 5291/19/5
f 5293/18/5 5276/18/5 5292/18/5
f 5294/17/5 5277/17/5 5276/17/5
f 5294/18/5 5276/18/5 5293/18/5
f 5295/17/5 5277/17/5 5294/17/5
f 5296/19/5 5278/19/5 5277/19/5
f 5296/17/5 5277/17/5 5295/17/5
f 5297/19/5 5278/19/5 5296/19/5
f 5299/18/5 5280/18/5 5279/18/5
f 5300/18/5 5280/18/5 5299/18/5
f 5301/19/5 5300/19/5 5299/19/5
f 5302/19/5 5300/19/5 5301/19/5
f 5303/19/5 5298/19/5 5297/19/5
f 5304/19/5 5298/19/5 5303/19/5
f 5305/18/5 5302/18/5 5301/18/5
f 5306/18/5 5302/18/5 5305/18/5
f 5307/18/5 5304/18/5 5303/18/5
f 5308/18/5 5304/18/5 5307/18/5
f 5309/19/5 5306/19/5 5305/19/5
f 5310/17/5 5308/17/5 5307/17/5
f 5311/19/5 5309/19/5 5305/19/5
f 5312/19/5 5309/19/5 5311/19/5
f 5313/17/5 5308/17/5 5310/17/5
f 5314/17/5 5308/17/5 5313/17/5
f 5315/18/5 5312/18/5 5311/18/5
f 5316/18/5 5312/18/5 5315/18/5
f 5317/18/5 5314/18/5 5313/18/5
f 5318/18/5 5314/18/5 5317/18/5
f 5319/19/5 5316/19/5 5315/19/5
f 5320/19/5 5319/19/5 5315/19/5
f 5321/19/5 5319/19/5 5320/19/5
f 5322/17/5 5318/17/5 5317/17/5
f 5323/17/5 5318/17/5 5322/17/5
f 5324/17/5 5321/17/5 5320/17/5
f 5325/17/5 5321/17/5 5324/17/5
f 5326/18/5 5323/18/5 5322/18/5
f 5327/18/5 5323/18/5 5326/18/5
f 5328/18/5 5325/18/5 5324/18/5
f 5329/18/5 5325/18/5 5328/18/5
f 5330/19/5 5329/19/5 5328/19/5
f 5331/19/5 5329/19/5 5330/19/5
f 5332/17/5 5327/17/5 5326/17/5
f 5333/17/5 5327/17/5 5332/17/5
f 5334/18/5 5331/18/5 5330/18/5
f 5335/18/5 5333/18/5 5332/18/5
f 5336/18/5 5333/18/5 5335/18/5
f 5337/17/5 5336/17/5 5335/17/5
f 5338/17/5 5336/17/5 5337/17/5
f 5339/18/5 5334/18/5 5330/18/5
f 5340/18/5 5334/18/5 5339/18/5
f 5341/18/5 5338/18/5 5337/18/5
f 5342/18/5 5338/18/5 5341/18/5
f 5343/17/5 5340/17/5 5339/17/5
f 5344/17/5 5342/17/5 5341/17/5
f 5345/17/5 5343/17/5 5339/17/5
f 5346/17/5 5343/17/5 5345/17/5
f 5347/17/5 5342/17/5 5344/17/5
f 5348/17/5 5342/17/5 5347/17/5
f 5349/18/5 5346/18/5 5345/18/5
f 5350/18/5 5346/18/5 5349/18/5
f 5367/19/5 5348/19/5 5347/19/5
f 5368/19/5 5348/19/5 5367/19/5
f 5369/19/5 5351/19/5 5350/19/5
f 5369/19/5 5352/19/5 5351/19/5
f 5370/18/5 5353/18/5 5352/18/5
f 5370/19/5 5352/19/5 5369/19/5
f 5371/19/5 5354/19/5 5353/19/5
f 5371/18/5 5353/18/5 5370/18/5
f 5372/18/5 5355/18/5 5354/18/5
f 5372/19/5 5354/19/5 5371/19/5
f 5373/17/5 5356/17/5 5355/17/5
f 5373/18/5 5355/18/5 5372/18/5
f 5373/17/5 5357/17/5 5356/17/5
f 5374/18/5 5358/18/5 5357/18/5
f 5374/17/5 5357/17/5 5373/17/5
f 5374/18/5 5359/18/5 5358/18/5
f 5375/17/5 5360/17/5 5359/17/5
f 5375/18/5 5359/18/5 5374/18/5
f 5376/19/5 5361/19/5 5360/19/5
f 5376/17/5 5360/17/5 5375/17/5
f 5377/18/5 5362/18/5 5361/18/5
f 5377/19/5 5361/19/5 5376/19/5
f 5378/19/5 5363/19/5 5362/19/5
f 5378/18/5 5362/18/5 5377/18/5
f 5379/18/5 5364/18/5 5363/18/5
f 5379/19/5 5363/19/5 5378/19/5
f 5380/19/5 5365/19/5 5364/19/5
f 5380/18/5 5364/18/5 5379/18/5
f 5381/17/5 5366/17/5 5365/17/5
f 5381/19/5 5365/19/5 5380/19/5
f 5382/18/5 5367/18/5 5366/18/5
f 5382/17/5 5366/17/5 5381/17/5
f 5383/18/5 5367/18/5 5382/18/5
f 5384/18/6 5385/18/6 5395/18/6
f 5385/19/6 5386/19/6 5396/19/6
f 5395/18/6 5385/18/6 5396/18/6
f 5386/18/6 5387/18/6 5397/18/6
f 5396/19/6 5386/19/6 5397/19/6
f 5397/18/6 5387/18/6 5398/18/6
f 5387/17/6 5388/17/6 5399/17/6
f 5398/18/6 5387/18/6 5399/18/6
f 5399/17/6 5388/17/6 5400/17/6
f 5400/17/6 5388/17/6 5401/17/6
f 5388/18/6 5389/18/6 5402/18/6
f 5401/17/6 5388/17/6 5402/17/6
f 5402/18/6 5389/18/6 5403/18/6
f 5389/19/6 5390/19/6 5404/19/6
f 5403/18/6 5389/18/6 5404/18/6
f 5390/17/6 5391/17/6 5405/17/6
f 5404/19/6 5390/19/6 5405/19/6
f 5391/19/6 5392/19/6 5406/19/6
f 5405/17/6 5391/17/6 5406/17/6
f 5406/19/6 5392/19/6 5407/19/6
f 5407/19/6 5392/19/6 5408/19/6
f 5408/19/6 5392/19/6 5409/19/6
f 5392/17/6 5393/17/6 5410/17/6
f 5409/19/6 5392/19/6 5410/19/6
f 5410/17/6 5393/17/6 5411/17/6
f 5411/17/6 5393/17/6 5412/17/6
f 5394/18/6 5395/18/6 5414/18/6
f 5412/17/6 5413/17/6 5430/17/6
f 5430/17/6 5413/17/6 5431/17/6
f 5394/18/6 5414/18/6 5432/18/6
f 5415/12/6 5416/12/6 5433/12/6
f 5416/13/6 5417/13/6 5434/13/6
f 5433/12/6 5416/12/6 5434/12/6
f 5417/13/6 5418/13/6 5434/13/6
f 5434/13/6 5418/13/6 5435/13/6
f 5418/10/6 5419/10/6 5436/10/6
f 5435/13/6 5418/13/6 5436/13/6
f 5419/13/6 5420/13/6 5437/13/6
f 5436/10/6 5419/10/6 5437/10/6
f 5420/13/6 5421/13/6 5437/13/6
f 5421/13/6 5422/13/6 5437/13/6
f 5437/13/6 5422/13/6 5438/13/6
f 5438/13/6 5422/13/6 5439/13/6
f 5422/12/6 5423/12/6 5440/12/6
f 5439/13/6 5422/13/6 5440/13/6
f 5423/11/6 5424/11/6 5441/11/6
f 5440/12/6 5423/12/6 5441/12/6
f 5424/10/6 5425/10/6 5442/10/6
f 5441/11/6 5424/11/6 5442/11/6
f 5425/11/6 5426/11/6 5443/11/6
f 5442/10/6 5425/10/6 5443/10/6
f 5443/11/6 5426/11/6 5444/11/6
f 5428/10/6 5429/10/6 5445/10/6
f 5427/10/6 5428/10/6 5445/10/6
f 5445/10/6 5429/10/6 5446/10/6
f 5446/10/6 5429/10/6 5447/10/6
f 5430/19/6 5431/19/6 5448/19/6
f 5394/18/6 5432/18/6 5449/18/6
f 5449/18/6 5432/18/6 5450/18/6
f 5434/12/6 5435/12/6 5451/12/6
f 5433/12/6 5434/12/6 5451/12/6
f 5451/12/6 5435/12/6 5452/12/6
f 5452/12/6 5435/12/6 5453/12/6
f 5438/10/6 5439/10/6 5456/10/6
f 5439/11/6 5440/11/6 5457/11/6
f 5440/11/6 5441/11/6 5457/11/6
f 5456/10/6 5439/10/6 5457/10/6
f 5457/11/6 5441/11/6 5458/11/6
f 5441/12/6 5442/12/6 5459/12/6
f 5458/11/6 5441/11/6 5459/11/6
f 5442/10/6 5443/10/6 5460/10/6
f 5459/12/6 5442/12/6 5460/12/6
f 5446/10/6 5447/10/6 5461/10/6
f 5461/10/6 5447/10/6 5462/10/6
f 5449/19/6 5450/19/6 5463/19/6
f 5463/19/6 5450/19/6 5464/19/6
f 5451/10/6 5452/10/6 5465/10/6
f 5465/10/6 5452/10/6 5466/10/6
f 5453/11/6 5454/11/6 5467/11/6
f 5454/13/6 5455/13/6 5468/13/6
f 5467/11/6 5454/11/6 5468/11/6
f 5455/10/6 5456/10/6 5469/10/6
f 5468/13/6 5455/13/6 5469/13/6
f 5457/10/6 5458/10/6 5470/10/6
f 5458/11/6 5459/11/6 5471/11/6
f 5470/10/6 5458/10/6 5471/10/6
f 5459/10/6 5460/10/6 5472/10/6
f 5471/11/6 5459/11/6 5472/11/6
f 5461/11/6 5462/11/6 5473/11/6
f 5473/11/6 5462/11/6 5474/11/6
f 5448/19/6 5431/19/6 5475/19/6
f 5475/19/6 5431/19/6 5476/19/6
f 5463/17/6 5464/17/6 5477/17/6
f 5477/17/6 5464/17/6 5478/17/6
f 5466/11/6 5467/11/6 5479/11/6
f 5465/11/6 5466/11/6 5479/11/6
f 5479/11/6 5467/11/6 5480/11/6
f 5467/12/6 5468/12/6 5481/12/6
f 5480/11/6 5467/11/6 5481/11/6
f 5468/10/6 5469/10/6 5482/10/6
f 5481/12/6 5468/12/6 5482/12/6
f 5469/10/6 5456/10/6 5483/10/6
f 5482/10/6 5469/10/6 5483/10/6
f 5483/10/6 5456/10/6 5484/10/6
f 5470/11/6 5471/11/6 5485/11/6
f 5471/12/6 5472/12/6 5486/12/6
f 5485/11/6 5471/11/6 5486/11/6
f 5472/10/6 5460/10/6 5487/10/6
f 5486/12/6 5472/12/6 5487/12/6
f 5460/10/6 5443/10/6 5488/10/6
f 5487/10/6 5460/10/6 5488/10/6
f 5488/10/6 5443/10/6 5489/10/6
f 5473/10/6 5474/10/6 5492/10/6
f 5492/10/6 5474/10/6 5493/10/6
f 5475/18/6 5476/18/6 5494/18/6
f 5494/18/6 5476/18/6 5495/18/6
f 5477/18/6 5478/18/6 5496/18/6
f 5496/18/6 5478/18/6 5497/18/6
f 5479/13/6 5480/13/6 5498/13/6
f 5480/12/6 5481/12/6 5499/12/6
f 5498/13/6 5480/13/6 5499/13/6
f 5499/12/6 5481/12/6 5500/12/6
f 5482/12/6 5483/12/6 5501/12/6
f 5483/13/6 5484/13/6 5502/13/6
f 5501/12/6 5483/12/6 5502/12/6
f 5502/13/6 5484/13/6 5503/13/6
f 5485/13/6 5486/13/6 5504/13/6
f 5504/13/6 5486/13/6 5505/13/6
f 5487/12/6 5488/12/6 5506/12/6
f 5488/13/6 5489/13/6 5507/13/6
f 5506/12/6 5488/12/6 5507/12/6
f 5489/12/6 5490/12/6 5508/12/6
f 5507/13/6 5489/13/6 5508/13/6
f 5508/12/6 5490/12/6 5509/12/6
f 5491/10/6 5492/10/6 5511/10/6
f 5492/11/6 5493/11/6 5512/11/6
f 5511/10/6 5492/10/6 5512/10/6
f 5512/11/6 5493/11/6 5513/11/6
f 5494/17/6 5495/17/6 5514/17/6
f 5514/17/6 5495/17/6 5515/17/6
f 5496/19/6 5497/19/6 5516/19/6
f 5516/19/6 5497/19/6 5517/19/6
f 5498/12/6 5499/12/6 5518/12/6
f 5499/11/6 5500/11/6 5519/11/6
f 5518/12/6 5499/12/6 5519/12/6
f 5500/12/6 5501/12/6 5520/12/6
f 5519/11/6 5500/11/6 5520/11/6
f 5520/12/6 5501/12/6 5521/12/6
f 5503/10/6 5504/10/6 5523/10/6
f 5504/11/6 5505/11/6 5524/11/6
f 5523/10/6 5504/10/6 5524/10/6
f 5524/11/6 5505/11/6 5525/11/6
f 5506/11/6 5507/11/6 5526/11/6
f 5509/10/6 5510/10/6 5527/10/6
f 5507/10/6 5508/10/6 5527/10/6
f 5526/11/6 5507/11/6 5527/11/6
f 5508/10/6 5509/10/6 5527/10/6
f 5527/10/6 5510/10/6 5528/10/6
f 5528/10/6 5510/10/6 5529/10/6
f 5529/10/6 5510/10/6 5530/10/6
f 5510/11/6 5511/11/6 5531/11/6
f 5530/10/6 5510/10/6 5531/10/6
f 5511/13/6 5512/13/6 5532/13/6
f 5531/11/6 5511/11/6 5532/11/6
f 5512/12/6 5513/12/6 5533/12/6
f 5532/13/6 5512/13/6 5533/13/6
f 5533/12/6 5513/12/6 5534/12/6
f 5514/18/6 5515/18/6 5535/18/6
f 5516/18/6 5517/18/6 5536/18/6
f 5536/18/6 5517/18/6 5537/18/6
f 5518/10/6 5519/10/6 5538/10/6
f 5519/11/6 5520/11/6 5539/11/6
f 5538/10/6 5519/10/6 5539/10/6
f 5520/13/6 5521/13/6 5540/13/6
f 5539/11/6 5520/11/6 5540/11/6
f 5521/12/6 5522/12/6 5541/12/6
f 5540/13/6 5521/13/6 5541/13/6
f 5522/10/6 5523/10/6 5542/10/6
f 5541/12/6 5522/12/6 5542/12/6
f 5524/12/6 5525/12/6 5543/12/6
f 5542/10/6 5523/10/6 5543/10/6
f 5523/12/6 5524/12/6 5543/12/6
f 5543/12/6 5525/12/6 5544/12/6
f 5525/13/6 5526/13/6 5545/13/6
f 5544/12/6 5525/12/6 5545/12/6
f 5526/10/6 5527/10/6 5546/10/6
f 5545/13/6 5526/13/6 5546/13/6
f 5527/11/6 5528/11/6 5547/11/6
f 5546/10/6 5527/10/6 5547/10/6
f 5528/13/6 5529/13/6 5548/13/6
f 5547/11/6 5528/11/6 5548/11/6
f 5529/12/6 5530/12/6 5549/12/6
f 5548/13/6 5529/13/6 5549/13/6
f 5530/13/6 5531/13/6 5550/13/6
f 5549/12/6 5530/12/6 5550/12/6
f 5531/11/6 5532/11/6 5551/11/6
f 5550/13/6 5531/13/6 5551/13/6
f 5532/12/6 5533/12/6 5552/12/6
f 5551/11/6 5532/11/6 5552/11/6
f 5533/13/6 5534/13/6 5553/13/6
f 5552/12/6 5533/12/6 5553/12/6
f 5553/13/6 5534/13/6 5554/13/6
f 5535/18/6 5515/18/6 5555/18/6
f 5555/18/6 5515/18/6 5556/18/6
f 5536/17/6 5537/17/6 5557/17/6
f 5538/12/6 5539/12/6 5558/12/6
f 5539/13/6 5540/13/6 5559/13/6
f 5558/12/6 5539/12/6 5559/12/6
f 5540/11/6 5541/11/6 5560/11/6
f 5559/13/6 5540/13/6 5560/13/6
f 5541/13/6 5542/13/6 5561/13/6
f 5560/11/6 5541/11/6 5561/11/6
f 5543/13/6 5544/13/6 5561/13/6
f 5542/13/6 5543/13/6 5561/13/6
f 5561/13/6 5544/13/6 5562/13/6
f 5544/11/6 5545/11/6 5563/11/6
f 5562/13/6 5544/13/6 5563/13/6
f 5545/12/6 5546/12/6 5564/12/6
f 5563/11/6 5545/11/6 5564/11/6
f 5547/13/6 5548/13/6 5565/13/6
f 5564/12/6 5546/12/6 5565/12/6
f 5546/13/6 5547/13/6 5565/13/6
f 5565/13/6 5548/13/6 5566/13/6
f 5548/12/6 5549/12/6 5567/12/6
f 5566/13/6 5548/13/6 5567/13/6
f 5549/11/6 5550/11/6 5568/11/6
f 5567/12/6 5549/12/6 5568/12/6
f 5550/10/6 5551/10/6 5569/10/6
f 5568/11/6 5550/11/6 5569/11/6
f 5551/13/6 5552/13/6 5570/13/6
f 5569/10/6 5551/10/6 5570/10/6
f 5553/11/6 5554/11/6 5571/11/6
f 5570/13/6 5552/13/6 5571/13/6
f 5552/11/6 5553/11/6 5571/11/6
f 5571/11/6 5554/11/6 5572/11/6
f 5572/11/6 5554/11/6 5573/11/6
f 5559/11/6 5560/11/6 5574/11/6
f 5560/12/6 5561/12/6 5574/12/6
f 5561/11/6 5562/11/6 5575/11/6
f 5574/12/6 5561/12/6 5575/12/6
f 5563/12/6 5564/12/6 5576/12/6
f 5575/11/6 5562/11/6 5576/11/6
f 5562/12/6 5563/12/6 5576/12/6
f 5576/12/6 5564/12/6 5577/12/6
f 5564/11/6 5565/11/6 5578/11/6
f 5577/12/6 5564/12/6 5578/12/6
f 5565/13/6 5566/13/6 5579/13/6
f 5578/11/6 5565/11/6 5579/11/6
f 5566/11/6 5567/11/6 5580/11/6
f 5579/13/6 5566/13/6 5580/13/6
f 5567/10/6 5568/10/6 5581/10/6
f 5580/11/6 5567/11/6 5581/11/6
f 5568/12/6 5569/12/6 5582/12/6
f 5581/10/6 5568/10/6 5582/10/6
f 5569/12/6 5570/12/6 5582/12/6
f 5582/12/6 5570/12/6 5583/12/6
f 5570/10/6 5571/10/6 5584/10/6
f 5583/12/6 5570/12/6 5584/12/6
f 5571/13/6 5572/13/6 5585/13/6
f 5584/10/6 5571/10/6 5585/10/6
f 5572/12/6 5573/12/6 5586/12/6
f 5585/13/6 5572/13/6 5586/13/6
f 5586/12/6 5573/12/6 5587/12/6
f 5555/19/6 5556/19/6 5588/19/6
f 5588/19/6 5556/19/6 5589/19/6
f 5536/17/6 5557/17/6 5590/17/6
f 5590/17/6 5557/17/6 5591/17/6
f 5558/10/6 5559/10/6 5592/10/6
f 5574/11/6 5575/11/6 5593/11/6
f 5592/10/6 5559/10/6 5593/10/6
f 5559/11/6 5574/11/6 5593/11/6
f 5575/10/6 5576/10/6 5594/10/6
f 5593/11/6 5575/11/6 5594/11/6
f 5576/13/6 5577/13/6 5595/13/6
f 5594/10/6 5576/10/6 5595/10/6
f 5577/11/6 5578/11/6 5596/11/6
f 5595/13/6 5577/13/6 5596/13/6
f 5578/13/6 5579/13/6 5597/13/6
f 5596/11/6 5578/11/6 5597/11/6
f 5579/13/6 5580/13/6 5597/13/6
f 5580/10/6 5581/10/6 5598/10/6
f 5597/13/6 5580/13/6 5598/13/6
f 5581/13/6 5582/13/6 5599/13/6
f 5598/10/6 5581/10/6 5599/10/6
f 5582/11/6 5583/11/6 5600/11/6
f 5599/13/6 5582/13/6 5600/13/6
f 5583/10/6 5584/10/6 5601/10/6
f 5584/11/6 5585/11/6 5601/11/6
f 5585/12/6 5586/12/6 5602/12/6
f 5601/11/6 5585/11/6 5602/11/6
f 5586/13/6 5587/13/6 5603/13/6
f 5602/12/6 5586/12/6 5603/12/6
f 5603/13/6 5587/13/6 5604/13/6
f 5590/18/6 5591/18/6 5605/18/6
f 5592/12/6 5593/12/6 5606/12/6
f 5593/12/6 5594/12/6 5606/12/6
f 5594/13/6 5595/13/6 5607/13/6
f 5606/12/6 5594/12/6 5607/12/6
f 5595/10/6 5596/10/6 5608/10/6
f 5607/13/6 5595/13/6 5608/13/6
f 5608/10/6 5596/10/6 5609/10/6
f 5596/12/6 5597/12/6 5610/12/6
f 5609/10/6 5596/10/6 5610/10/6
f 5597/10/6 5598/10/6 5611/10/6
f 5610/12/6 5597/12/6 5611/12/6
f 5611/10/6 5598/10/6 5612/10/6
f 5599/11/6 5600/11/6 5613/11/6
f 5612/10/6 5598/10/6 5613/10/6
f 5598/11/6 5599/11/6 5613/11/6
f 5613/11/6 5600/11/6 5614/11/6
f 5600/11/6 5583/11/6 5615/11/6
f 5614/11/6 5600/11/6 5615/11/6
f 5601/10/6 5602/10/6 5616/10/6
f 5615/11/6 5583/11/6 5616/11/6
f 5583/10/6 5601/10/6 5616/10/6
f 5616/10/6 5602/10/6 5617/10/6
f 5603/12/6 5604/12/6 5618/12/6
f 5617/10/6 5602/10/6 5618/10/6
f 5602/12/6 5603/12/6 5618/12/6
f 5618/12/6 5604/12/6 5619/12/6
f 5588/18/6 5589/18/6 5620/18/6
f 5590/18/6 5605/18/6 5621/18/6
f 5606/13/6 5607/13/6 5622/13/6
f 5622/13/6 5607/13/6 5623/13/6
f 5607/10/6 5608/10/6 5624/10/6
f 5623/13/6 5607/13/6 5624/13/6
f 5608/13/6 5609/13/6 5625/13/6
f 5624/10/6 5608/10/6 5625/10/6
f 5611/10/6 5612/10/6 5626/10/6
f 5625/13/6 5609/13/6 5626/13/6
f 5610/10/6 5611/10/6 5626/10/6
f 5609/10/6 5610/10/6 5626/10/6
f 5612/13/6 5613/13/6 5627/13/6
f 5626/10/6 5612/10/6 5627/10/6
f 5613/11/6 5614/11/6 5628/11/6
f 5627/13/6 5613/13/6 5628/13/6
f 5614/10/6 5615/10/6 5629/10/6
f 5628/11/6 5614/11/6 5629/11/6
f 5615/12/6 5616/12/6 5630/12/6
f 5629/10/6 5615/10/6 5630/10/6
f 5616/10/6 5617/10/6 5631/10/6
f 5630/12/6 5616/12/6 5631/12/6
f 5617/12/6 5618/12/6 5632/12/6
f 5631/10/6 5617/10/6 5632/10/6
f 5618/10/6 5619/10/6 5633/10/6
f 5632/12/6 5618/12/6 5633/12/6
f 5633/10/6 5619/10/6 5634/10/6
f 5634/10/6 5619/10/6 5635/10/6
f 5590/18/6 5621/18/6 5636/18/6
f 5636/18/6 5621/18/6 5637/18/6
f 5622/13/6 5623/13/6 5638/13/6
f 5630/10/6 5631/10/6 5639/10/6
f 5629/12/6 5630/12/6 5639/12/6
f 5631/12/6 5632/12/6 5640/12/6
f 5639/10/6 5631/10/6 5640/10/6
f 5634/12/6 5635/12/6 5641/12/6
f 5620/18/6 5589/18/6 5642/18/6
f 5642/18/6 5589/18/6 5643/18/6
f 5636/19/6 5637/19/6 5644/19/6
f 5644/19/6 5637/19/6 5645/19/6
f 5638/13/6 5623/13/6 5646/13/6
f 5646/13/6 5623/13/6 5647/13/6
f 5625/11/6 5626/11/6 5648/11/6
f 5648/11/6 5626/11/6 5649/11/6
f 5629/12/6 5639/12/6 5650/12/6
f 5639/13/6 5640/13/6 5651/13/6
f 5650/12/6 5639/12/6 5651/12/6
f 5640/12/6 5632/12/6 5652/12/6
f 5651/13/6 5640/13/6 5652/13/6
f 5633/11/6 5634/11/6 5653/11/6
f 5632/10/6 5633/10/6 5653/10/6
f 5634/12/6 5641/12/6 5654/12/6
f 5653/11/6 5634/11/6 5654/11/6
f 5654/12/6 5641/12/6 5655/12/6
f 5642/19/6 5643/19/6 5656/19/6
f 5656/19/6 5643/19/6 5657/19/6
f 5644/18/6 5645/18/6 5658/18/6
f 5658/18/6 5645/18/6 5659/18/6
f 5646/10/6 5647/10/6 5660/10/6
f 5660/10/6 5647/10/6 5661/10/6
f 5648/12/6 5649/12/6 5664/12/6
f 5664/12/6 5649/12/6 5665/12/6
f 5650/10/6 5651/10/6 5668/10/6
f 5651/12/6 5652/12/6 5669/12/6
f 5668/10/6 5651/10/6 5669/10/6
f 5652/12/6 5632/12/6 5670/12/6
f 5669/12/6 5652/12/6 5670/12/6
f 5632/10/6 5653/10/6 5671/10/6
f 5670/12/6 5632/12/6 5671/12/6
f 5654/13/6 5655/13/6 5672/13/6
f 5671/10/6 5653/10/6 5672/10/6
f 5653/13/6 5654/13/6 5672/13/6
f 5672/13/6 5655/13/6 5673/13/6
f 5673/13/6 5655/13/6 5674/13/6
f 5656/18/6 5657/18/6 5675/18/6
f 5675/18/6 5657/18/6 5676/18/6
f 5658/19/6 5659/19/6 5677/19/6
f 5677/19/6 5659/19/6 5678/19/6
f 5660/13/6 5661/13/6 5679/13/6
f 5661/11/6 5662/11/6 5680/11/6
f 5679/13/6 5661/13/6 5680/13/6
f 5662/10/6 5663/10/6 5681/10/6
f 5680/11/6 5662/11/6 5681/11/6
f 5663/12/6 5664/12/6 5682/12/6
f 5681/10/6 5663/10/6 5682/10/6
f 5664/12/6 5665/12/6 5682/12/6
f 5665/12/6 5666/12/6 5682/12/6
f 5682/12/6 5666/12/6 5683/12/6
f 5683/12/6 5666/12/6 5684/12/6
f 5666/13/6 5667/13/6 5685/13/6
f 5684/12/6 5666/12/6 5685/12/6
f 5685/13/6 5667/13/6 5686/13/6
f 5667/12/6 5668/12/6 5687/12/6
f 5686/13/6 5667/13/6 5687/13/6
f 5669/10/6 5670/10/6 5688/10/6
f 5687/12/6 5668/12/6 5688/12/6
f 5668/10/6 5669/10/6 5688/10/6
f 5688/10/6 5670/10/6 5689/10/6
f 5670/13/6 5671/13/6 5690/13/6
f 5689/10/6 5670/10/6 5690/10/6
f 5671/10/6 5672/10/6 5691/10/6
f 5690/13/6 5671/13/6 5691/13/6
f 5672/10/6 5673/10/6 5691/10/6
f 5691/10/6 5673/10/6 5692/10/6
f 5673/11/6 5674/11/6 5693/11/6
f 5692/10/6 5673/10/6 5693/10/6
f 5693/11/6 5674/11/6 5694/11/6
f 5675/17/6 5676/17/6 5695/17/6
f 5695/17/6 5676/17/6 5696/17/6
f 5677/18/6 5678/18/6 5697/18/6
f 5697/18/6 5678/18/6 5698/18/6
f 5695/19/6 5696/19/6 5716/19/6
f 5716/19/6 5696/19/6 5717/19/6
f 5698/18/6 5699/18/6 5718/18/6
f 5699/19/6 5700/19/6 5719/19/6
f 5718/18/6 5699/18/6 5719/18/6
f 5700/19/6 5701/19/6 5719/19/6
f 5701/18/6 5702/18/6 5720/18/6
f 5719/19/6 5701/19/6 5720/19/6
f 5702/19/6 5703/19/6 5721/19/6
f 5720/18/6 5702/18/6 5721/18/6
f 5703/18/6 5704/18/6 5722/18/6
f 5721/19/6 5703/19/6 5722/19/6
f 5704/19/6 5705/19/6 5723/19/6
f 5722/18/6 5704/18/6 5723/18/6
f 5705/17/6 5706/17/6 5724/17/6
f 5723/19/6 5705/19/6 5724/19/6
f 5706/17/6 5707/17/6 5724/17/6
f 5707/18/6 5708/18/6 5725/18/6
f 5724/17/6 5707/17/6 5725/17/6
f 5708/19/6 5709/19/6 5726/19/6
f 5725/18/6 5708/18/6 5726/18/6
f 5709/19/6 5710/19/6 5726/19/6
f 5710/18/6 5711/18/6 5727/18/6
f 5726/19/6 5710/19/6 5727/19/6
f 5711/19/6 5712/19/6 5728/19/6
f 5727/18/6 5711/18/6 5728/18/6
f 5712/18/6 5713/18/6 5729/18/6
f 5728/19/6 5712/19/6 5729/19/6
f 5714/17/6 5715/17/6 5730/17/6
f 5729/18/6 5713/18/6 5730/18/6
f 5713/17/6 5714/17/6 5730/17/6
f 5715/19/6 5716/19/6 5731/19/6
f 5730/17/6 5715/17/6 5731/17/6
f 5731/19/6 5716/19/6 5732/19/6
f 5733/6/6 5734/6/6 5735/6/6
f 5735/6/6 5734/6/6 5736/6/6
f 5735/14/6 5736/14/6 5737/14/6
f 5737/14/6 5736/14/6 5738/14/6
f 5739/9/6 5740/9/6 5743/9/6
f 5743/9/6 5740/9/6 5744/9/6
f 5741/6/6 5742/6/6 5747/6/6
f 5747/6/6 5742/6/6 5748/6/6
f 5744/9/6 5745/9/6 5749/9/6
f 5749/9/6 5745/9/6 5750/9/6
f 5746/9/6 5747/9/6 5751/9/6
f 5751/9/6 5747/9/6 5752/9/6
f 5750/9/6 5751/9/6 5753/9/6
f 5753/9/6 5751/9/6 5754/9/6
f 5755/17/6 5756/17/6 5757/17/6
f 5757/17/6 5756/17/6 5758/17/6
f 5759/8/6 5760/8/6 5762/8/6
f 5762/8/6 5760/8/6 5763/8/6
f 5761/8/6 5762/8/6 5765/8/6
f 5765/8/6 5762/8/6 5766/8/6
f 5763/7/6 5764/7/6 5767/7/6
f 5767/7/6 5764/7/6 5768/7/6
f 5769/20/6 5770/20/6 5771/20/6
f 5771/20/6 5770/20/6 5772/20/6
f 5773/20/6 5774/20/6 5775/20/6
f 5775/20/6 5774/20/6 5776/20/6
f 5773/20/6 5775/20/6 5777/20/6
f 5776/20/6 5774/20/6 5778/20/6
f 5773/20/6 5777/20/6 5779/20/6
f 5777/20/6 5778/20/6 5779/20/6
f 5778/20/6 5774/20/6 5780/20/6
f 5779/20/6 5778/20/6 5780/20/6
f 5781/17/6 5782/17/6 5783/17/6
f 5783/17/6 5782/17/6 5784/17/6
f 5785/3/6 5786/3/6 5787/3/6
f 5787/3/6 5786/3/6 5788/3/6
f 5789/4/6 5790/4/6 5791/4/6
f 5791/4/6 5790/4/6 5792/4/6
f 5793/2/6 5794/2/6 5796/2/6
f 5796/2/6 5794/2/6 5797/2/6
f 5795/2/6 5796/2/6 5799/2/6
f 5799/2/6 5796/2/6 5800/2/6
f 5797/2/6 5798/2/6 5801/2/6
f 5801/2/6 5798/2/6 5802/2/6
f 5800/2/6 5801/2/6 5803/2/6
f 5803/2/6 5801/2/6 5804/2/6
f 5805/15/6 5806/15/6 5809/15/6
f 5806/15/6 5807/15/6 5809/15/6
f 5809/15/6 5807/15/6 5810/15/6
f 5810/15/6 5807/15/6 5811/15/6
f 5811/15/6 5807/15/6 5812/15/6
f 5808/15/6 5809/15/6 5814/15/6
f 5809/15/6 5810/15/6 5814/15/6
f 5814/15/6 5810/15/6 5815/15/6
f 5812/15/6 5813/15/6 5816/15/6
f 5811/15/6 5812/15/6 5816/15/6
f 5816/15/6 5813/15/6 5817/15/6
f 5808/15/6 5814/15/6 5818/15/6
f 5817/15/6 5813/15/6 5821/15/6
f 5818/15/6 5819/15/6 5822/15/6
f 5808/15/6 5818/15/6 5822/15/6
f 5822/15/6 5819/15/6 5823/15/6
f 5823/15/6 5819/15/6 5824/15/6
f 5820/15/6 5821/15/6 5825/15/6
f 5821/15/6 5813/15/6 5826/15/6
f 5825/15/6 5821/15/6 5826/15/6
f 5826/15/6 5813/15/6 5827/15/6
f 5823/15/6 5824/15/6 5828/15/6
f 5824/15/6 5825/15/6 5828/15/6
f 5825/15/6 5826/15/6 5828/15/6
f 5828/15/6 5826/15/6 5829/15/6
f 5830/4/6 5831/4/6 5833/4/6
f 5833/4/6 5831/4/6 5834/4/6
f 5832/17/6 5833/17/6 5836/17/6
f 5836/17/6 5833/17/6 5837/17/6
f 5834/17/6 5835/17/6 5838/17/6
f 5838/17/6 5835/17/6 5839/17/6
f 5837/4/6 5838/4/6 5840/4/6
f 5840/4/6 5838/4/6 5841/4/6
f 5842/8/6 5843/8/6 5845/8/6
f 5845/8/6 5843/8/6 5846/8/6
f 5844/17/6 5845/17/6 5848/17/6
f 5848/17/6 5845/17/6 5849/17/6
f 5846/17/6 5847/17/6 5850/17/6
f 5850/17/6 5847/17/6 5851/17/6
f 5849/8/6 5850/8/6 5852/8/6
f 5852/8/6 5850/8/6 5853/8/6
f 5854/4/6 5855/4/6 5856/4/6
f 5856/4/6 5855/4/6 5857/4/6
f 5858/8/6 5859/8/6 5860/8/6
f 5860/8/6 5859/8/6 5861/8/6
f 5862/12/6 5863/12/6 5877/12/6
f 5863/10/6 5864/10/6 5878/10/6
f 5877/12/6 5863/12/6 5878/12/6
f 5864/11/6 5865/11/6 5879/11/6
f 5878/10/6 5864/10/6 5879/10/6
f 5879/11/6 5865/11/6 5880/11/6
f 5865/12/6 5866/12/6 5881/12/6
f 5880/11/6 5865/11/6 5881/11/6
f 5866/11/6 5867/11/6 5882/11/6
f 5881/12/6 5866/12/6 5882/12/6
f 5867/10/6 5868/10/6 5883/10/6
f 5882/11/6 5867/11/6 5883/11/6
f 5868/13/6 5869/13/6 5884/13/6
f 5883/10/6 5868/10/6 5884/10/6
f 5869/12/6 5870/12/6 5885/12/6
f 5884/13/6 5869/13/6 5885/13/6
f 5870/11/6 5871/11/6 5886/11/6
f 5885/12/6 5870/12/6 5886/12/6
f 5871/13/6 5872/13/6 5887/13/6
f 5886/11/6 5871/11/6 5887/11/6
f 5872/12/6 5873/12/6 5888/12/6
f 5887/13/6 5872/13/6 5888/13/6
f 5873/11/6 5874/11/6 5889/11/6
f 5888/12/6 5873/12/6 5889/12/6
f 5874/12/6 5875/12/6 5890/12/6
f 5889/11/6 5874/11/6 5890/11/6
f 5890/12/6 5875/12/6 5891/12/6
f 5875/13/6 5876/13/6 5892/13/6
f 5891/12/6 5875/12/6 5892/12/6
f 5892/13/6 5876/13/6 5893/13/6
f 5894/13/6 5895/13/6 5898/13/6
f 5898/13/6 5895/13/6 5899/13/6
f 5896/11/6 5897/11/6 5900/11/6
f 5900/11/6 5897/11/6 5901/11/6
f 5898/10/6 5899/10/6 5902/10/6
f 5902/10/6 5899/10/6 5903/10/6
f 5902/13/6 5903/13/6 5904/13/6
f 5904/13/6 5903/13/6 5905/13/6
f 5900/13/6 5901/13/6 5906/13/6
f 5906/13/6 5901/13/6 5907/13/6
f 5904/12/6 5905/12/6 5908/12/6
f 5908/12/6 5905/12/6 5909/12/6
f 5906/10/6 5907/10/6 5910/10/6
f 5910/10/6 5907/10/6 5911/10/6
f 5908/13/6 5909/13/6 5912/13/6
f 5910/13/6 5911/13/6 5913/13/6
f 5913/13/6 5911/13/6 5914/13/6
f 5908/13/6 5912/13/6 5915/13/6
f 5915/13/6 5912/13/6 5916/13/6
f 5913/10/6 5914/10/6 5917/10/6
f 5917/10/6 5914/10/6 5918/10/6
f 5915/11/6 5916/11/6 5919/11/6
f 5919/11/6 5916/11/6 5920/11/6
f 5919/13/6 5920/13/6 5921/13/6
f 5921/13/6 5920/13/6 5922/13/6
f 5917/13/6 5918/13/6 5923/13/6
f 5923/13/6 5918/13/6 5924/13/6
f 5921/12/6 5922/12/6 5925/12/6
f 5925/12/6 5922/12/6 5926/12/6
f 5923/12/6 5924/12/6 5927/12/6
f 5927/12/6 5924/12/6 5928/12/6
f 5925/13/6 5926/13/6 5929/13/6
f 5929/13/6 5926/13/6 5930/13/6
f 5927/10/6 5928/10/6 5931/10/6
f 5931/10/6 5928/10/6 5932/10/6
f 5929/11/6 5930/11/6 5933/11/6
f 5933/11/6 5930/11/6 5934/11/6
f 5933/13/6 5934/13/6 5935/13/6
f 5935/13/6 5934/13/6 5936/13/6
f 5931/11/6 5932/11/6 5937/11/6
f 5937/11/6 5932/11/6 5938/11/6
f 5935/12/6 5936/12/6 5939/12/6
f 5939/12/6 5936/12/6 5940/12/6
f 5937/10/6 5938/10/6 5941/10/6
f 5941/10/6 5938/10/6 5942/10/6
f 5939/10/6 5940/10/6 5943/10/6
f 5943/10/6 5940/10/6 5944/10/6
f 5941/12/6 5942/12/6 5945/12/6
f 5945/12/6 5942/12/6 5946/12/6
f 5943/12/6 5944/12/6 5947/12/6
f 5947/12/6 5944/12/6 5948/12/6
f 5945/13/6 5946/13/6 5949/13/6
f 5947/13/6 5948/13/6 5950/13/6
f 5950/13/6 5948/13/6 5951/13/6
f 5949/13/6 5946/13/6 5952/13/6
f 5952/13/6 5946/13/6 5953/13/6
f 5954/12/6 5955/12/6 5971/12/6
f 5955/13/6 5956/13/6 5972/13/6
f 5971/12/6 5955/12/6 5972/12/6
f 5956/11/6 5957/11/6 5973/11/6
f 5972/13/6 5956/13/6 5973/13/6
f 5957/12/6 5958/12/6 5974/12/6
f 5973/11/6 5957/11/6 5974/11/6
f 5958/10/6 5959/10/6 5975/10/6
f 5974/12/6 5958/12/6 5975/12/6
f 5959/12/6 5960/12/6 5976/12/6
f 5975/10/6 5959/10/6 5976/10/6
f 5960/13/6 5961/13/6 5977/13/6
f 5976/12/6 5960/12/6 5977/12/6
f 5961/10/6 5962/10/6 5978/10/6
f 5977/13/6 5961/13/6 5978/13/6
f 5962/12/6 5963/12/6 5979/12/6
f 5978/10/6 5962/10/6 5979/10/6
f 5963/11/6 5964/11/6 5980/11/6
f 5979/12/6 5963/12/6 5980/12/6
f 5964/13/6 5965/13/6 5981/13/6
f 5980/11/6 5964/11/6 5981/11/6
f 5965/12/6 5966/12/6 5982/12/6
f 5981/13/6 5965/13/6 5982/13/6
f 5966/11/6 5967/11/6 5983/11/6
f 5982/12/6 5966/12/6 5983/12/6
f 5967/10/6 5968/10/6 5984/10/6
f 5983/11/6 5967/11/6 5984/11/6
f 5969/12/6 5970/12/6 5985/12/6
f 5984/10/6 5968/10/6 5985/10/6
f 5968/12/6 5969/12/6 5985/12/6
f 5985/12/6 5970/12/6 5986/12/6
f 5987/11/6 5988/11/6 6005/11/6
f 5988/11/6 5989/11/6 6005/11/6
f 6005/11/6 5989/11/6 6006/11/6
f 5989/12/6 5990/12/6 6007/12/6
f 6006/11/6 5989/11/6 6007/11/6
f 5990/13/6 5991/13/6 6008/13/6
f 6007/12/6 5990/12/6 6008/12/6
f 5991/10/6 5992/10/6 6009/10/6
f 6008/13/6 5991/13/6 6009/13/6
f 5992/13/6 5993/13/6 6010/13/6
f 6009/10/6 5992/10/6 6010/10/6
f 5993/10/6 5994/10/6 6011/10/6
f 6010/13/6 5993/13/6 6011/13/6
f 5994/11/6 5995/11/6 6012/11/6
f 6011/10/6 5994/10/6 6012/10/6
f 5995/12/6 5996/12/6 6013/12/6
f 6012/11/6 5995/11/6 6013/11/6
f 5996/10/6 5997/10/6 6014/10/6
f 6013/12/6 5996/12/6 6014/12/6
f 5997/11/6 5998/11/6 6015/11/6
f 6014/10/6 5997/10/6 6015/10/6
f 5998/12/6 5999/12/6 6016/12/6
f 6015/11/6 5998/11/6 6016/11/6
f 5999/13/6 6000/13/6 6017/13/6
f 6016/12/6 5999/12/6 6017/12/6
f 6000/11/6 6001/11/6 6018/11/6
f 6017/13/6 6000/13/6 6018/13/6
f 6001/12/6 6002/12/6 6019/12/6
f 6018/11/6 6001/11/6 6019/11/6
f 6003/13/6 6004/13/6 6020/13/6
f 6019/12/6 6002/12/6 6020/12/6
f 6002/13/6 6003/13/6 6020/13/6
f 6020/13/6 6004/13/6 6021/13/6
f 6005/11/6 6006/11/6 6022/11/6
f 6022/11/6 6006/11/6 6023/11/6
f 6021/13/6 6004/13/6 6024/13/6
f 6024/13/6 6004/13/6 6025/13/6
f 6022/12/6 6023/12/6 6026/12/6
f 6026/12/6 6023/12/6 6027/12/6
f 6024/12/6 6025/12/6 6028/12/6
f 6026/13/6 6027/13/6 6029/13/6
f 6029/13/6 6027/13/6 6030/13/6
f 6024/12/6 6028/12/6 6031/12/6
f 6031/12/6 6028/12/6 6032/12/6
f 6029/11/6 6030/11/6 6033/11/6
f 6033/11/6 6030/11/6 6034/11/6
f 6031/10/6 6032/10/6 6035/10/6
f 6033/10/6 6034/10/6 6036/10/6
f 6036/10/6 6034/10/6 6037/10/6
f 6031/10/6 6035/10/6 6038/10/6
f 6038/10/6 6035/10/6 6039/10/6
f 6036/13/6 6037/13/6 6040/13/6
f 6040/13/6 6037/13/6 6041/13/6
f 6040/10/6 6041/10/6 6042/10/6
f 6042/10/6 6041/10/6 6043/10/6
f 6038/12/6 6039/12/6 6044/12/6
f 6042/13/6 6043/13/6 6045/13/6
f 6038/12/6 6044/12/6 6046/12/6
f 6045/13/6 6043/13/6 6047/13/6
f 6047/13/6 6043/13/6 6048/13/6
f 6047/12/6 6048/12/6 6049/12/6
f 6038/12/6 6046/12/6 6050/12/6
f 6050/12/6 6046/12/6 6051/12/6
f 6049/12/6 6048/12/6 6052/12/6
f 6052/12/6 6048/12/6 6053/12/6
f 6050/13/6 6051/13/6 6054/13/6
f 6054/13/6 6051/13/6 6055/13/6
f 6054/11/6 6055/11/6 6056/11/6
f 6056/11/6 6055/11/6 6057/11/6
f 6052/10/6 6053/10/6 6058/10/6
f 6058/10/6 6053/10/6 6059/10/6
f 6056/12/6 6057/12/6 6060/12/6
f 6060/12/6 6057/12/6 6061/12/6
f 6058/12/6 6059/12/6 6062/12/6
f 6062/12/6 6059/12/6 6063/12/6
f 6060/11/6 6061/11/6 6064/11/6
f 6064/11/6 6061/11/6 6065/11/6
f 6062/13/6 6063/13/6 6066/13/6
f 6066/13/6 6063/13/6 6067/13/6
f 6064/10/6 6065/10/6 6079/10/6
f 6079/10/6 6065/10/6 6080/10/6
f 6066/13/6 6067/13/6 6081/13/6
f 6067/11/6 6068/11/6 6082/11/6
f 6081/13/6 6067/13/6 6082/13/6
f 6068/12/6 6069/12/6 6083/12/6
f 6082/11/6 6068/11/6 6083/11/6
f 6069/11/6 6070/11/6 6084/11/6
f 6083/12/6 6069/12/6 6084/12/6
f 6070/13/6 6071/13/6 6085/13/6
f 6084/11/6 6070/11/6 6085/11/6
f 6085/13/6 6071/13/6 6086/13/6
f 6071/10/6 6072/10/6 6087/10/6
f 6086/13/6 6071/13/6 6087/13/6
f 6087/10/6 6072/10/6 6088/10/6
f 6072/11/6 6073/11/6 6089/11/6
f 6088/10/6 6072/10/6 6089/10/6
f 6089/11/6 6073/11/6 6090/11/6
f 6073/13/6 6074/13/6 6091/13/6
f 6090/11/6 6073/11/6 6091/11/6
f 6074/11/6 6075/11/6 6092/11/6
f 6091/13/6 6074/13/6 6092/13/6
f 6075/13/6 6076/13/6 6093/13/6
f 6092/11/6 6075/11/6 6093/11/6
f 6076/12/6 6077/12/6 6094/12/6
f 6093/13/6 6076/13/6 6094/13/6
f 6077/11/6 6078/11/6 6095/11/6
f 6094/12/6 6077/12/6 6095/12/6
f 6078/12/6 6079/12/6 6096/12/6
f 6095/11/6 6078/11/6 6096/11/6
f 6079/13/6 6080/13/6 6097/13/6
f 6096/12/6 6079/12/6 6097/12/6
f 6097/13/6 6080/13/6 6098/13/6
f 6099/19/6 6100/19/6 6112/19/6
f 6100/18/6 6101/18/6 6113/18/6
f 6112/19/6 6100/19/6 6113/19/6
f 6101/19/6 6102/19/6 6114/19/6
f 6113/18/6 6101/18/6 6114/18/6
f 6102/18/6 6103/18/6 6115/18/6
f 6114/19/6 6102/19/6 6115/19/6
f 6103/17/6 6104/17/6 6116/17/6
f 6115/18/6 6103/18/6 6116/18/6
f 6104/18/6 6105/18/6 6117/18/6
f 6116/17/6 6104/17/6 6117/17/6
f 6105/17/6 6106/17/6 6118/17/6
f 6117/18/6 6105/18/6 6118/18/6
f 6106/19/6 6107/19/6 6119/19/6
f 6118/17/6 6106/17/6 6119/17/6
f 6107/18/6 6108/18/6 6120/18/6
f 6119/19/6 6107/19/6 6120/19/6
f 6108/17/6 6109/17/6 6121/17/6
f 6120/18/6 6108/18/6 6121/18/6
f 6109/19/6 6110/19/6 6122/19/6
f 6121/17/6 6109/17/6 6122/17/6
f 6110/18/6 6111/18/6 6123/18/6
f 6122/19/6 6110/19/6 6123/19/6
f 6123/18/6 6111/18/6 6124/18/6
f 6112/18/6 6113/18/6 6125/18/6
f 6125/18/6 6113/18/6 6126/18/6
f 6125/19/6 6126/19/6 6127/19/6
f 6127/19/6 6126/19/6 6128/19/6
f 6123/19/6 6124/19/6 6129/19/6
f 6129/19/6 6124/19/6 6130/19/6
f 6127/18/6 6128/18/6 6131/18/6
f 6131/18/6 6128/18/6 6132/18/6
f 6129/18/6 6130/18/6 6133/18/6
f 6133/18/6 6130/18/6 6134/18/6
f 6131/19/6 6132/19/6 6135/19/6
f 6135/19/6 6132/19/6 6136/19/6
f 6133/17/6 6134/17/6 6137/17/6
f 6137/17/6 6134/17/6 6138/17/6
f 6135/18/6 6136/18/6 6139/18/6
f 6139/18/6 6136/18/6 6140/18/6
f 6137/18/6 6138/18/6 6141/18/6
f 6141/18/6 6138/18/6 6142/18/6
f 6139/19/6 6140/19/6 6143/19/6
f 6143/19/6 6140/19/6 6144/19/6
f 6141/17/6 6142/17/6 6145/17/6
f 6145/17/6 6142/17/6 6146/17/6
f 6143/17/6 6144/17/6 6147/17/6
f 6147/17/6 6144/17/6 6148/17/6
f 6145/18/6 6146/18/6 6149/18/6
f 6149/18/6 6146/18/6 6150/18/6
f 6147/18/6 6148/18/6 6151/18/6
f 6151/18/6 6148/18/6 6152/18/6
f 6151/19/6 6152/19/6 6153/19/6
f 6153/19/6 6152/19/6 6154/19/6
f 6149/17/6 6150/17/6 6155/17/6
f 6155/17/6 6150/17/6 6156/17/6
f 6155/18/6 6156/18/6 6157/18/6
f 6157/18/6 6156/18/6 6158/18/6
f 6157/17/6 6158/17/6 6159/17/6
f 6159/17/6 6158/17/6 6160/17/6
f 6153/18/6 6154/18/6 6161/18/6
f 6161/18/6 6154/18/6 6162/18/6
f 6159/18/6 6160/18/6 6163/18/6
f 6163/18/6 6160/18/6 6164/18/6
f 6161/17/6 6162/17/6 6165/17/6
f 6165/17/6 6162/17/6 6166/17/6
f 6163/17/6 6164/17/6 6167/17/6
f 6167/17/6 6164/17/6 6168/17/6
f 6165/18/6 6166/18/6 6169/18/6
f 6167/19/6 6168/19/6 6183/19/6
f 6165/18/6 6169/18/6 6184/18/6
f 6169/19/6 6170/19/6 6185/19/6
f 6184/18/6 6169/18/6 6185/18/6
f 6170/18/6 6171/18/6 6186/18/6
f 6185/19/6 6170/19/6 6186/19/6
f 6171/19/6 6172/19/6 6187/19/6
f 6186/18/6 6171/18/6 6187/18/6
f 6172/18/6 6173/18/6 6188/18/6
f 6187/19/6 6172/19/6 6188/19/6
f 6173/17/6 6174/17/6 6189/17/6
f 6188/18/6 6173/18/6 6189/18/6
f 6174/18/6 6175/18/6 6190/18/6
f 6189/17/6 6174/17/6 6190/17/6
f 6175/17/6 6176/17/6 6191/17/6
f 6190/18/6 6175/18/6 6191/18/6
f 6176/19/6 6177/19/6 6192/19/6
f 6191/17/6 6176/17/6 6192/17/6
f 6177/18/6 6178/18/6 6193/18/6
f 6192/19/6 6177/19/6 6193/19/6
f 6178/19/6 6179/19/6 6194/19/6
f 6193/18/6 6178/18/6 6194/18/6
f 6179/18/6 6180/18/6 6195/18/6
f 6194/19/6 6179/19/6 6195/19/6
f 6180/19/6 6181/19/6 6196/19/6
f 6195/18/6 6180/18/6 6196/18/6
f 6181/17/6 6182/17/6 6197/17/6
f 6196/19/6 6181/19/6 6197/19/6
f 6182/18/6 6183/18/6 6198/18/6
f 6197/17/6 6182/17/6 6198/17/6
f 6183/19/6 6168/19/6 6199/19/6
f 6198/18/6 6183/18/6 6199/18/6
f 6199/19/6 6168/19/6 6200/19/6
