# MagicaVoxel @ Ephtracy

# group
o 

# material
mtllib spaceship_inside-27.mtl
usemtl palette

# normals
vn -1 0 0
vn 1 0 0
vn 0 0 1
vn 0 0 -1
vn 0 -1 0
vn 0 1 0

# texcoords
vt 0.853516 0.5
vt 0.857422 0.5
vt 0.861328 0.5
vt 0.873047 0.5
vt 0.876953 0.5
vt 0.966797 0.5

# verts
v -0.75 -1.05 0.5
v -0.75 -1.05 0.4
v -0.75 -1.05 0.3
v -0.75 -1.05 0
v -0.75 -0.95 0.5
v -0.75 -0.95 0.4
v -0.75 -0.95 0.2
v -0.75 -0.95 0
v -0.75 -0.85 0.5
v -0.75 -0.85 0.4
v -0.75 -0.85 0.3
v -0.75 -0.85 0.2
v -0.75 -0.85 0.1
v -0.75 -0.85 0
v -0.75 -0.75 0.5
v -0.75 -0.75 0.3
v -0.75 -0.75 0.2
v -0.75 -0.75 0.1
v -0.75 -0.65 0.5
v -0.75 -0.65 0.4
v -0.75 -0.65 0.3
v -0.75 -0.65 0.2
v -0.75 -0.65 0.1
v -0.75 -0.55 0.5
v -0.75 -0.55 0.4
v -0.75 -0.55 0.3
v -0.75 -0.55 0.2
v -0.75 -0.55 0.1
v -0.75 -0.45 0.5
v -0.75 -0.45 0.4
v -0.75 -0.45 0.3
v -0.75 -0.45 0.2
v -0.75 -0.45 0.1
v -0.75 -0.35 0.4
v -0.75 -0.35 0.3
v -0.75 -0.35 0.2
v -0.75 -0.25 0.5
v -0.75 -0.25 0.4
v -0.75 -0.25 0.2
v -0.75 -0.25 0.1
v -0.75 -0.15 0.5
v -0.75 -0.15 0.4
v -0.75 -0.15 0.3
v -0.75 -0.15 0
v -0.75 -0.05 0.5
v -0.75 -0.05 0.4
v -0.75 -0.05 0.3
v -0.75 -0.05 0.2
v -0.75 0.0500001 0.5
v -0.75 0.0500001 0.4
v -0.75 0.0500001 0.3
v -0.75 0.0500001 0.2
v -0.75 0.0500001 0.1
v -0.75 0.15 0.4
v -0.75 0.15 0.3
v -0.75 0.15 0.2
v -0.75 0.15 0.1
v -0.75 0.15 0
v -0.75 0.25 0.5
v -0.75 0.25 0.4
v -0.75 0.25 0.3
v -0.75 0.25 0.2
v -0.75 0.25 0.1
v -0.75 0.35 0.3
v -0.75 0.35 0.2
v -0.75 0.35 0
v -0.75 0.45 0.5
v -0.75 0.45 0.4
v -0.75 0.45 0.2
v -0.75 0.45 0
v -0.65 -1.05 0.7
v -0.65 -1.05 0.6
v -0.65 -1.05 0.5
v -0.65 -1.05 0
v -0.65 -1.05 -0.1
v -0.65 -1.05 -0.2
v -0.65 -0.95 0.5
v -0.65 -0.95 0
v -0.65 -0.95 -0.1
v -0.65 -0.95 -0.2
v -0.65 -0.85 0.5
v -0.65 -0.85 0
v -0.65 -0.85 -0.2
v -0.65 -0.75 0.7
v -0.65 -0.75 0.6
v -0.65 -0.75 0.5
v -0.65 -0.75 -0.1
v -0.65 -0.75 -0.2
v -0.65 -0.65 0.6
v -0.65 -0.65 0.5
v -0.65 -0.65 -0.1
v -0.65 -0.65 -0.2
v -0.65 -0.55 0.7
v -0.65 -0.55 0.6
v -0.65 -0.55 0.5
v -0.65 -0.55 0
v -0.65 -0.55 -0.1
v -0.65 -0.55 -0.2
v -0.65 -0.45 0.5
v -0.65 -0.35 0.7
v -0.65 -0.35 0.6
v -0.65 -0.35 0.5
v -0.65 -0.35 0
v -0.65 -0.35 -0.1
v -0.65 -0.35 -0.2
v -0.65 -0.25 0.7
v -0.65 -0.25 0.6
v -0.65 -0.25 0.5
v -0.65 -0.25 0
v -0.65 -0.25 -0.1
v -0.65 -0.25 -0.2
v -0.65 -0.15 0.7
v -0.65 -0.15 0.6
v -0.65 -0.15 0.5
v -0.65 -0.15 0
v -0.65 -0.15 -0.1
v -0.65 -0.05 0.5
v -0.65 -0.05 0
v -0.65 -0.05 -0.1
v -0.65 -0.05 -0.2
v -0.65 0.0500001 0.7
v -0.65 0.0500001 0.6
v -0.65 0.0500001 0.5
v -0.65 0.0500001 0
v -0.65 0.0500001 -0.2
v -0.65 0.15 0.7
v -0.65 0.15 0.6
v -0.65 0.15 0
v -0.65 0.15 -0.2
v -0.65 0.25 0.5
v -0.65 0.25 0
v -0.65 0.25 -0.1
v -0.65 0.25 -0.2
v -0.65 0.35 0.7
v -0.65 0.35 0.6
v -0.65 0.35 0.5
v -0.65 0.35 0
v -0.65 0.35 -0.1
v -0.65 0.35 -0.2
v -0.65 0.45 0.7
v -0.65 0.45 0.6
v -0.65 0.45 0.5
v -0.65 0.45 0
v -0.65 0.45 -0.1
v -0.65 0.45 -0.2
v -0.55 -1.05 0.8
v -0.55 -1.05 0.7
v -0.55 -1.05 -0.2
v -0.55 -1.05 -0.3
v -0.55 -0.95 -0.2
v -0.55 -0.95 -0.3
v -0.55 -0.85 -0.2
v -0.55 -0.85 -0.3
v -0.55 -0.75 0.8
v -0.55 -0.75 0.7
v -0.55 -0.75 -0.2
v -0.55 -0.65 0.8
v -0.55 -0.65 0.7
v -0.55 -0.65 -0.2
v -0.55 -0.55 0.8
v -0.55 -0.55 0.7
v -0.55 -0.55 -0.2
v -0.55 -0.55 -0.3
v -0.55 -0.35 0.8
v -0.55 -0.35 0.7
v -0.55 -0.35 -0.2
v -0.55 -0.35 -0.3
v -0.55 -0.25 0.8
v -0.55 -0.25 0.7
v -0.55 -0.25 -0.2
v -0.55 -0.15 0.7
v -0.55 -0.15 -0.2
v -0.55 -0.15 -0.3
v -0.55 -0.05 -0.2
v -0.55 -0.05 -0.3
v -0.55 0.0500001 0.8
v -0.55 0.0500001 0.7
v -0.55 0.0500001 -0.2
v -0.55 0.0500001 -0.3
v -0.55 0.15 0.7
v -0.55 0.15 -0.2
v -0.55 0.25 -0.2
v -0.55 0.25 -0.3
v -0.55 0.35 0.8
v -0.55 0.35 0.7
v -0.55 0.35 -0.2
v -0.55 0.45 0.8
v -0.55 0.45 0.7
v -0.55 0.45 -0.2
v -0.55 0.45 -0.3
v -0.45 -1.05 0.9
v -0.45 -1.05 0.8
v -0.45 -1.05 -0.3
v -0.45 -1.05 -0.4
v -0.45 -0.95 -0.3
v -0.45 -0.95 -0.4
v -0.45 -0.85 0.9
v -0.45 -0.85 0.8
v -0.45 -0.85 -0.3
v -0.45 -0.75 0.9
v -0.45 -0.75 0.8
v -0.45 -0.75 -0.3
v -0.45 -0.75 -0.4
v -0.45 -0.65 0.8
v -0.45 -0.65 -0.3
v -0.45 -0.65 -0.4
v -0.45 -0.55 0.9
v -0.45 -0.55 0.8
v -0.45 -0.55 -0.3
v -0.45 -0.45 0.9
v -0.45 -0.45 0.8
v -0.45 -0.35 0.9
v -0.45 -0.35 0.8
v -0.45 -0.35 -0.3
v -0.45 -0.35 -0.4
v -0.45 -0.25 0.8
v -0.45 -0.15 -0.3
v -0.45 -0.05 0.9
v -0.45 -0.05 0.8
v -0.45 -0.05 -0.3
v -0.45 -0.05 -0.4
v -0.45 0.0500001 0.9
v -0.45 0.0500001 0.8
v -0.45 0.0500001 -0.3
v -0.45 0.0500001 -0.4
v -0.45 0.15 0.9
v -0.45 0.15 0.8
v -0.45 0.15 -0.3
v -0.45 0.15 -0.4
v -0.45 0.25 -0.3
v -0.45 0.25 -0.4
v -0.45 0.35 0.9
v -0.45 0.35 0.8
v -0.45 0.35 -0.3
v -0.45 0.35 -0.4
v -0.45 0.45 0.9
v -0.45 0.45 0.8
v -0.45 0.45 -0.3
v -0.45 0.45 -0.4
v -0.35 0.45 -0.2
v -0.35 0.45 -0.3
v -0.35 0.55 -0.2
v -0.35 0.55 -0.3
v -0.25 -1.05 1
v -0.25 -1.05 0.9
v -0.25 -1.05 -0.4
v -0.25 -1.05 -0.5
v -0.25 -0.95 0.9
v -0.25 -0.95 -0.4
v -0.25 -0.85 0.9
v -0.25 -0.85 -0.4
v -0.25 -0.85 -0.5
v -0.25 -0.75 -0.4
v -0.25 -0.75 -0.5
v -0.25 -0.65 0.9
v -0.25 -0.65 -0.4
v -0.25 -0.55 0.9
v -0.25 -0.55 -0.4
v -0.25 -0.55 -0.5
v -0.25 -0.45 1
v -0.25 -0.45 0.9
v -0.25 -0.45 -0.4
v -0.25 -0.45 -0.5
v -0.25 -0.35 1
v -0.25 -0.35 0.9
v -0.25 -0.35 -0.4
v -0.25 -0.35 -0.5
v -0.25 -0.25 0.9
v -0.25 -0.25 -0.4
v -0.25 -0.25 -0.5
v -0.25 -0.15 1
v -0.25 -0.15 0.9
v -0.25 -0.15 -0.4
v -0.25 -0.15 -0.5
v -0.25 -0.05 1
v -0.25 -0.05 0.9
v -0.25 -0.05 -0.4
v -0.25 0.0500001 1
v -0.25 0.0500001 0.9
v -0.25 0.15 -0.4
v -0.25 0.25 0.9
v -0.25 0.25 -0.2
v -0.25 0.25 -0.3
v -0.25 0.25 -0.4
v -0.25 0.35 0.9
v -0.25 0.35 -0.2
v -0.25 0.35 -0.3
v -0.25 0.35 -0.4
v -0.25 0.45 1
v -0.25 0.45 0.9
v -0.25 0.45 -0.4
v -0.25 0.45 -0.5
v -0.15 -0.85 -0.5
v -0.15 -0.85 -0.7
v -0.15 -0.75 -0.5
v -0.15 -0.75 -0.6
v -0.15 -0.75 -0.7
v -0.15 -0.75 -0.8
v -0.15 -0.65 -0.5
v -0.15 -0.65 -0.6
v -0.15 -0.65 -0.8
v -0.15 -0.65 -0.9
v -0.15 -0.55 -0.6
v -0.15 -0.55 -0.7
v -0.15 -0.55 -0.8
v -0.15 -0.55 -0.9
v -0.15 -0.55 -1
v -0.15 -0.45 -0.7
v -0.15 -0.45 -0.8
v -0.15 -0.45 -0.9
v -0.15 -0.45 -1
v -0.15 -0.25 -0.8
v -0.15 -0.25 -0.9
v -0.15 -0.25 -1
v -0.15 -0.15 -0.9
v -0.15 -0.15 -1
v -0.15 -0.05 -0.7
v -0.15 -0.05 -0.8
v -0.15 -0.05 -0.9
v -0.15 -0.05 -1
v -0.15 0.0500001 -0.5
v -0.15 0.0500001 -0.6
v -0.15 0.0500001 -0.7
v -0.15 0.0500001 -0.8
v -0.15 0.0500001 -0.9
v -0.15 0.15 -0.5
v -0.15 0.15 -0.6
v -0.15 0.15 -0.7
v -0.15 0.15 -0.8
v -0.15 0.15 -0.9
v -0.15 0.25 -0.6
v -0.15 0.25 -0.8
v -0.15 0.35 -0.5
v -0.15 0.35 -0.6
v -0.15 0.45 0.4
v -0.15 0.45 0.3
v -0.15 0.55 0.5
v -0.15 0.55 0.4
v -0.15 0.65 0.4
v -0.15 0.65 0.3
v -0.15 0.75 0.5
v -0.15 0.75 0.4
v 0.05 0.75 0
v 0.05 0.75 -0.1
v 0.05 0.85 0.1
v 0.05 0.85 0
v 0.05 0.95 0
v 0.05 0.95 -0.1
v 0.05 1.05 0.1
v 0.05 1.05 0
v 0.15 0.0500001 0.9
v 0.15 0.0500001 0.8
v 0.15 0.0500001 -0.3
v 0.15 0.0500001 -0.4
v 0.15 0.15 0.9
v 0.15 0.15 0.8
v 0.15 0.15 -0.4
v 0.15 0.25 0.9
v 0.15 0.25 0.8
v 0.15 0.25 -0.3
v 0.15 0.25 -0.4
v 0.15 0.35 0.9
v 0.15 0.35 0.8
v 0.15 0.35 -0.3
v 0.15 0.35 -0.4
v 0.15 0.45 0.9
v 0.15 0.45 0.8
v 0.15 0.45 -0.3
v 0.15 0.45 -0.4
v 0.35 0.0500001 0.8
v 0.35 0.0500001 0.7
v 0.35 0.0500001 0.5
v 0.35 0.0500001 0.4
v 0.35 0.0500001 -0.2
v 0.35 0.0500001 -0.3
v 0.35 0.15 0.8
v 0.35 0.15 0.7
v 0.35 0.15 0.6
v 0.35 0.15 0.5
v 0.35 0.15 -0.2
v 0.35 0.15 -0.3
v 0.35 0.25 0.8
v 0.35 0.25 0.7
v 0.35 0.25 0.5
v 0.35 0.25 0.4
v 0.35 0.25 -0.2
v 0.35 0.25 -0.3
v 0.35 0.35 0.6
v 0.35 0.35 0.5
v 0.35 0.35 -0.3
v 0.35 0.45 0.8
v 0.35 0.45 0.7
v 0.35 0.45 -0.2
v 0.35 0.45 -0.3
v 0.45 0.0500001 0.7
v 0.45 0.0500001 0.6
v 0.45 0.0500001 -0.1
v 0.45 0.0500001 -0.2
v 0.45 0.15 0.7
v 0.45 0.15 0.6
v 0.45 0.15 -0.1
v 0.45 0.15 -0.2
v 0.45 0.25 0.7
v 0.45 0.25 -0.2
v 0.45 0.35 0.6
v 0.45 0.35 -0.1
v 0.45 0.35 -0.2
v 0.45 0.45 0.7
v 0.45 0.45 0.6
v 0.45 0.45 -0.1
v 0.45 0.45 -0.2
v 0.55 0.0500001 0.6
v 0.55 0.0500001 0.5
v 0.55 0.0500001 0.4
v 0.55 0.0500001 0.1
v 0.55 0.0500001 0
v 0.55 0.0500001 -0.1
v 0.55 0.15 0.6
v 0.55 0.15 0.5
v 0.55 0.15 0.4
v 0.55 0.15 0
v 0.55 0.15 -0.1
v 0.55 0.25 0.6
v 0.55 0.25 0.5
v 0.55 0.25 0.1
v 0.55 0.25 0
v 0.55 0.25 -0.1
v 0.55 0.35 -0.1
v 0.55 0.45 0.6
v 0.55 0.45 0.5
v 0.55 0.45 0.4
v 0.55 0.45 0.1
v 0.55 0.45 0
v 0.55 0.45 -0.1
v 0.65 0.0500001 0.4
v 0.65 0.0500001 0.3
v 0.65 0.0500001 0.2
v 0.65 0.0500001 0.1
v 0.65 0.15 0.4
v 0.65 0.15 0.3
v 0.65 0.15 0.2
v 0.65 0.15 0.1
v 0.65 0.25 0.2
v 0.65 0.25 0.1
v 0.65 0.35 0.2
v 0.65 0.35 0.1
v 0.65 0.45 0.4
v 0.65 0.45 0.3
v 0.65 0.45 0.1
v -0.65 0.0500001 0.4
v -0.65 0.0500001 0.3
v -0.65 0.0500001 0.2
v -0.65 0.0500001 0.1
v -0.65 0.15 0.4
v -0.65 0.15 0.3
v -0.65 0.15 0.2
v -0.65 0.15 0.1
v -0.65 0.25 0.4
v -0.65 0.25 0.3
v -0.65 0.25 0.2
v -0.65 0.25 0.1
v -0.65 0.35 0.4
v -0.65 0.35 0.3
v -0.65 0.35 0.2
v -0.65 0.35 0.1
v -0.65 0.45 0.4
v -0.65 0.45 0.2
v -0.65 0.45 0.1
v -0.55 0.0500001 0.6
v -0.55 0.0500001 0.5
v -0.55 0.0500001 0.4
v -0.55 0.0500001 0.1
v -0.55 0.0500001 0
v -0.55 0.0500001 -0.1
v -0.55 0.15 0.6
v -0.55 0.15 0
v -0.55 0.15 -0.1
v -0.55 0.25 0.6
v -0.55 0.25 0.5
v -0.55 0.25 0.4
v -0.55 0.25 0.1
v -0.55 0.25 -0.1
v -0.55 0.35 0.6
v -0.55 0.35 0.5
v -0.55 0.35 0.4
v -0.55 0.35 0.1
v -0.55 0.35 0
v -0.55 0.35 -0.1
v -0.55 0.45 0.6
v -0.55 0.45 0.5
v -0.55 0.45 0.4
v -0.55 0.45 0.1
v -0.55 0.45 0
v -0.55 0.45 -0.1
v -0.45 0.0500001 0.7
v -0.45 0.0500001 0.6
v -0.45 0.0500001 -0.1
v -0.45 0.0500001 -0.2
v -0.45 0.15 0.7
v -0.45 0.15 0.6
v -0.45 0.25 0.7
v -0.45 0.25 0.6
v -0.45 0.25 -0.2
v -0.45 0.35 0.7
v -0.45 0.35 0.6
v -0.45 0.35 -0.2
v -0.45 0.45 0.7
v -0.45 0.45 0.6
v -0.45 0.45 -0.1
v -0.45 0.45 -0.2
v -0.35 0.0500001 0.8
v -0.35 0.0500001 0.7
v -0.35 0.0500001 -0.2
v -0.35 0.0500001 -0.3
v -0.35 0.15 0.8
v -0.35 0.15 0.7
v -0.35 0.15 -0.3
v -0.35 0.25 0.8
v -0.35 0.25 0.7
v -0.35 0.25 -0.2
v -0.35 0.25 -0.3
v -0.35 0.35 0.8
v -0.35 0.35 0.7
v -0.35 0.35 -0.2
v -0.35 0.35 -0.3
v -0.35 0.45 0.8
v -0.35 0.45 0.7
v -0.25 0.45 -0.2
v -0.25 0.45 -0.3
v -0.25 0.55 -0.2
v -0.25 0.55 -0.3
v -0.15 0.0500001 0.9
v -0.15 0.0500001 0.8
v -0.15 0.0500001 -0.3
v -0.15 0.0500001 -0.4
v -0.15 0.15 0.9
v -0.15 0.15 0.8
v -0.15 0.15 -0.4
v -0.15 0.25 0.9
v -0.15 0.25 0.8
v -0.15 0.25 -0.2
v -0.15 0.25 -0.3
v -0.15 0.25 -0.4
v -0.15 0.35 0.9
v -0.15 0.35 0.8
v -0.15 0.35 -0.3
v -0.15 0.35 -0.4
v -0.15 0.45 0.9
v -0.15 0.45 0.8
v -0.15 0.45 -0.2
v -0.15 0.45 -0.3
v -0.15 0.45 -0.4
v -0.05 0.45 0.4
v -0.05 0.45 0.3
v -0.05 0.55 0.5
v -0.05 0.55 0.4
v -0.05 0.65 0.4
v -0.05 0.65 0.3
v -0.05 0.75 0.5
v -0.05 0.75 0.4
v 0.15 -0.85 -0.5
v 0.15 -0.85 -0.6
v 0.15 -0.85 -0.7
v 0.15 -0.75 -0.5
v 0.15 -0.75 -0.6
v 0.15 -0.75 -0.7
v 0.15 -0.75 -0.8
v 0.15 -0.65 -0.5
v 0.15 -0.65 -0.6
v 0.15 -0.65 -0.8
v 0.15 -0.65 -0.9
v 0.15 -0.55 -0.6
v 0.15 -0.55 -0.7
v 0.15 -0.55 -0.8
v 0.15 -0.55 -0.9
v 0.15 -0.55 -1
v 0.15 -0.45 -0.7
v 0.15 -0.45 -0.8
v 0.15 -0.45 -1
v 0.15 -0.35 -0.8
v 0.15 -0.35 -0.9
v 0.15 -0.35 -1
v 0.15 -0.25 -0.9
v 0.15 -0.25 -1
v 0.15 -0.15 -0.8
v 0.15 -0.15 -1
v 0.15 -0.05 -0.7
v 0.15 -0.05 -0.8
v 0.15 -0.05 -0.9
v 0.15 -0.05 -1
v 0.15 0.0500001 -0.5
v 0.15 0.0500001 -0.6
v 0.15 0.0500001 -0.7
v 0.15 0.0500001 -0.8
v 0.15 0.15 -0.5
v 0.15 0.15 -0.6
v 0.15 0.15 -0.7
v 0.15 0.15 -0.8
v 0.15 0.15 -0.9
v 0.15 0.25 -0.5
v 0.15 0.25 -0.6
v 0.15 0.25 -0.7
v 0.15 0.25 -0.8
v 0.15 0.35 -0.5
v 0.15 0.35 -0.6
v 0.15 0.75 0
v 0.15 0.75 -0.1
v 0.15 0.85 0.1
v 0.15 0.85 0
v 0.15 0.95 0
v 0.15 0.95 -0.1
v 0.15 1.05 0.1
v 0.15 1.05 0
v 0.25 -1.05 1
v 0.25 -1.05 0.9
v 0.25 -1.05 -0.4
v 0.25 -1.05 -0.5
v 0.25 -0.95 -0.4
v 0.25 -0.95 -0.5
v 0.25 -0.85 1
v 0.25 -0.85 0.9
v 0.25 -0.85 -0.4
v 0.25 -0.75 0.9
v 0.25 -0.75 -0.4
v 0.25 -0.75 -0.5
v 0.25 -0.65 1
v 0.25 -0.65 0.9
v 0.25 -0.65 -0.4
v 0.25 -0.55 1
v 0.25 -0.55 0.9
v 0.25 -0.55 -0.4
v 0.25 -0.55 -0.5
v 0.25 -0.45 1
v 0.25 -0.45 0.9
v 0.25 -0.45 -0.4
v 0.25 -0.45 -0.5
v 0.25 -0.35 1
v 0.25 -0.35 0.9
v 0.25 -0.35 -0.4
v 0.25 -0.35 -0.5
v 0.25 -0.25 -0.4
v 0.25 -0.25 -0.5
v 0.25 -0.15 1
v 0.25 -0.15 0.9
v 0.25 -0.15 -0.4
v 0.25 -0.05 -0.4
v 0.25 0.0500001 1
v 0.25 0.0500001 0.9
v 0.25 0.0500001 -0.4
v 0.25 0.0500001 -0.5
v 0.25 0.15 0.9
v 0.25 0.15 -0.4
v 0.25 0.25 1
v 0.25 0.25 0.9
v 0.25 0.25 -0.4
v 0.25 0.25 -0.5
v 0.25 0.35 -0.4
v 0.25 0.35 -0.5
v 0.25 0.45 1
v 0.25 0.45 0.9
v 0.25 0.45 -0.4
v 0.25 0.45 -0.5
v 0.45 -1.05 0.9
v 0.45 -1.05 0.8
v 0.45 -1.05 -0.3
v 0.45 -1.05 -0.4
v 0.45 -0.95 0.8
v 0.45 -0.95 -0.3
v 0.45 -0.95 -0.4
v 0.45 -0.85 0.9
v 0.45 -0.85 0.8
v 0.45 -0.85 -0.3
v 0.45 -0.85 -0.4
v 0.45 -0.75 0.8
v 0.45 -0.75 -0.3
v 0.45 -0.75 -0.4
v 0.45 -0.65 0.9
v 0.45 -0.65 0.8
v 0.45 -0.65 -0.3
v 0.45 -0.65 -0.4
v 0.45 -0.55 0.9
v 0.45 -0.55 0.8
v 0.45 -0.55 -0.3
v 0.45 -0.55 -0.4
v 0.45 -0.45 0.9
v 0.45 -0.45 0.8
v 0.45 -0.45 -0.3
v 0.45 -0.45 -0.4
v 0.45 -0.35 0.9
v 0.45 -0.35 0.8
v 0.45 -0.35 -0.3
v 0.45 -0.35 -0.4
v 0.45 -0.25 0.9
v 0.45 -0.25 0.8
v 0.45 -0.15 0.8
v 0.45 -0.15 -0.3
v 0.45 -0.15 -0.4
v 0.45 -0.05 0.9
v 0.45 -0.05 0.8
v 0.45 -0.05 -0.3
v 0.45 -0.05 -0.4
v 0.45 0.0500001 0.9
v 0.45 0.0500001 0.8
v 0.45 0.0500001 0.5
v 0.45 0.0500001 0.4
v 0.45 0.0500001 -0.3
v 0.45 0.0500001 -0.4
v 0.45 0.15 0.9
v 0.45 0.15 0.8
v 0.45 0.15 0.6
v 0.45 0.15 0.5
v 0.45 0.15 -0.3
v 0.45 0.15 -0.4
v 0.45 0.25 0.9
v 0.45 0.25 0.8
v 0.45 0.25 0.5
v 0.45 0.25 0.4
v 0.45 0.25 -0.3
v 0.45 0.35 0.9
v 0.45 0.35 0.8
v 0.45 0.35 0.6
v 0.45 0.35 0.5
v 0.45 0.35 -0.3
v 0.45 0.35 -0.4
v 0.45 0.45 0.9
v 0.45 0.45 0.8
v 0.45 0.45 -0.3
v 0.45 0.45 -0.4
v 0.55 -1.05 0.8
v 0.55 -1.05 0.7
v 0.55 -1.05 -0.2
v 0.55 -1.05 -0.3
v 0.55 -0.95 0.8
v 0.55 -0.95 0.7
v 0.55 -0.95 -0.2
v 0.55 -0.95 -0.3
v 0.55 -0.85 0.8
v 0.55 -0.85 0.7
v 0.55 -0.75 0.8
v 0.55 -0.75 0.7
v 0.55 -0.75 -0.2
v 0.55 -0.75 -0.3
v 0.55 -0.65 0.8
v 0.55 -0.65 0.7
v 0.55 -0.65 -0.2
v 0.55 -0.65 -0.3
v 0.55 -0.55 0.8
v 0.55 -0.55 0.7
v 0.55 -0.45 -0.2
v 0.55 -0.45 -0.3
v 0.55 -0.35 0.8
v 0.55 -0.35 0.7
v 0.55 -0.35 -0.2
v 0.55 -0.25 0.8
v 0.55 -0.25 0.7
v 0.55 -0.25 -0.2
v 0.55 -0.15 0.8
v 0.55 -0.15 0.7
v 0.55 -0.15 -0.2
v 0.55 -0.05 0.7
v 0.55 -0.05 -0.2
v 0.55 -0.05 -0.3
v 0.55 0.0500001 0.7
v 0.55 0.0500001 -0.2
v 0.55 0.0500001 -0.3
v 0.55 0.15 -0.2
v 0.55 0.15 -0.3
v 0.55 0.25 0.7
v 0.55 0.25 -0.2
v 0.55 0.25 -0.3
v 0.55 0.35 0.8
v 0.55 0.35 0.7
v 0.55 0.35 -0.2
v 0.55 0.35 -0.3
v 0.55 0.45 0.8
v 0.55 0.45 0.7
v 0.55 0.45 -0.2
v 0.55 0.45 -0.3
v 0.65 -1.05 0.7
v 0.65 -1.05 0.5
v 0.65 -1.05 0
v 0.65 -1.05 -0.1
v 0.65 -1.05 -0.2
v 0.65 -0.95 0.7
v 0.65 -0.95 0.6
v 0.65 -0.95 0.5
v 0.65 -0.95 0
v 0.65 -0.95 -0.1
v 0.65 -0.95 -0.2
v 0.65 -0.85 0.7
v 0.65 -0.85 0.6
v 0.65 -0.85 0.5
v 0.65 -0.85 0
v 0.65 -0.85 -0.1
v 0.65 -0.75 0.7
v 0.65 -0.75 0.6
v 0.65 -0.75 0.5
v 0.65 -0.75 0
v 0.65 -0.75 -0.1
v 0.65 -0.75 -0.2
v 0.65 -0.65 0.7
v 0.65 -0.65 0.6
v 0.65 -0.65 0.5
v 0.65 -0.65 0
v 0.65 -0.65 -0.1
v 0.65 -0.65 -0.2
v 0.65 -0.55 0.7
v 0.65 -0.55 0.5
v 0.65 -0.55 0
v 0.65 -0.55 -0.1
v 0.65 -0.45 0.6
v 0.65 -0.45 0.5
v 0.65 -0.45 -0.1
v 0.65 -0.45 -0.2
v 0.65 -0.35 0.7
v 0.65 -0.35 0.6
v 0.65 -0.35 0.5
v 0.65 -0.35 0
v 0.65 -0.35 -0.1
v 0.65 -0.35 -0.2
v 0.65 -0.25 0.7
v 0.65 -0.25 0.6
v 0.65 -0.25 0
v 0.65 -0.25 -0.1
v 0.65 -0.25 -0.2
v 0.65 -0.15 0.7
v 0.65 -0.15 0.6
v 0.65 -0.15 0.5
v 0.65 -0.15 0
v 0.65 -0.15 -0.1
v 0.65 -0.15 -0.2
v 0.65 -0.05 0.7
v 0.65 -0.05 0.6
v 0.65 -0.05 0.5
v 0.65 -0.05 0
v 0.65 -0.05 -0.1
v 0.65 -0.05 -0.2
v 0.65 0.0500001 0.7
v 0.65 0.0500001 0.6
v 0.65 0.0500001 0.5
v 0.65 0.0500001 0
v 0.65 0.0500001 -0.1
v 0.65 0.15 0.6
v 0.65 0.15 0.5
v 0.65 0.15 0
v 0.65 0.15 -0.1
v 0.65 0.15 -0.2
v 0.65 0.25 0.7
v 0.65 0.25 0.6
v 0.65 0.25 0.5
v 0.65 0.25 0
v 0.65 0.25 -0.1
v 0.65 0.25 -0.2
v 0.65 0.35 0.7
v 0.65 0.35 0.6
v 0.65 0.35 0.5
v 0.65 0.35 0
v 0.65 0.35 -0.1
v 0.65 0.35 -0.2
v 0.65 0.45 0.7
v 0.65 0.45 0.5
v 0.65 0.45 0
v 0.65 0.45 -0.2
v 0.75 -1.05 0.5
v 0.75 -1.05 0.4
v 0.75 -1.05 0.3
v 0.75 -1.05 0.2
v 0.75 -1.05 0
v 0.75 -0.95 0.5
v 0.75 -0.95 0.4
v 0.75 -0.95 0.3
v 0.75 -0.85 0.5
v 0.75 -0.85 0.4
v 0.75 -0.85 0.3
v 0.75 -0.85 0.2
v 0.75 -0.85 0
v 0.75 -0.75 0.1
v 0.75 -0.75 0
v 0.75 -0.65 0.5
v 0.75 -0.65 0.4
v 0.75 -0.65 0.3
v 0.75 -0.65 0.2
v 0.75 -0.65 0.1
v 0.75 -0.65 0
v 0.75 -0.55 0.5
v 0.75 -0.55 0.4
v 0.75 -0.55 0.3
v 0.75 -0.55 0.2
v 0.75 -0.55 0.1
v 0.75 -0.55 0
v 0.75 -0.45 0.5
v 0.75 -0.45 0.4
v 0.75 -0.45 0.2
v 0.75 -0.45 0.1
v 0.75 -0.35 0.5
v 0.75 -0.35 0.3
v 0.75 -0.35 0.1
v 0.75 -0.35 0
v 0.75 -0.25 0.4
v 0.75 -0.25 0.3
v 0.75 -0.25 0.2
v 0.75 -0.25 0.1
v 0.75 -0.25 0
v 0.75 -0.15 0.5
v 0.75 -0.15 0.4
v 0.75 -0.15 0.3
v 0.75 -0.15 0.1
v 0.75 -0.15 0
v 0.75 -0.05 0.2
v 0.75 -0.05 0.1
v 0.75 0.0500001 0.5
v 0.75 0.0500001 0.4
v 0.75 0.0500001 0.1
v 0.75 0.0500001 0
v 0.75 0.15 0.5
v 0.75 0.15 0.3
v 0.75 0.15 0.2
v 0.75 0.15 0.1
v 0.75 0.25 0.5
v 0.75 0.25 0.4
v 0.75 0.25 0.2
v 0.75 0.25 0.1
v 0.75 0.25 0
v 0.75 0.35 0.5
v 0.75 0.35 0.4
v 0.75 0.35 0.2
v 0.75 0.35 0.1
v 0.75 0.35 0
v 0.75 0.45 0.5
v 0.75 0.45 0.4
v 0.75 0.45 0.3
v 0.75 0.45 0.1
v 0.75 0.45 0
v -0.25 -1.05 1
v -0.25 -0.45 1
v -0.25 -0.35 1
v -0.25 -0.15 1
v -0.25 -0.05 1
v -0.25 0.0500001 1
v -0.25 0.45 1
v -0.15 -1.05 1
v -0.15 -0.75 1
v -0.15 -0.55 1
v -0.15 -0.45 1
v -0.15 -0.35 1
v -0.15 -0.25 1
v -0.15 -0.05 1
v -0.15 0.0500001 1
v -0.15 0.15 1
v -0.15 0.25 1
v -0.15 0.35 1
v -0.15 0.45 1
v -0.05 -0.65 1
v -0.05 -0.55 1
v -0.05 -0.35 1
v -0.05 -0.25 1
v -0.05 -0.15 1
v -0.05 -0.05 1
v -0.05 0.0500001 1
v -0.05 0.25 1
v -0.05 0.35 1
v 0.05 -1.05 1
v 0.05 -0.95 1
v 0.05 -0.75 1
v 0.05 -0.65 1
v 0.05 -0.35 1
v 0.05 -0.25 1
v 0.05 -0.15 1
v 0.05 -0.05 1
v 0.05 0.0500001 1
v 0.05 0.35 1
v 0.05 0.45 1
v 0.15 -0.95 1
v 0.15 -0.85 1
v 0.15 -0.55 1
v 0.15 -0.45 1
v 0.15 -0.35 1
v 0.15 -0.25 1
v 0.15 -0.05 1
v 0.15 0.0500001 1
v 0.15 0.15 1
v 0.15 0.25 1
v 0.15 0.35 1
v 0.25 -1.05 1
v 0.25 -0.85 1
v 0.25 -0.65 1
v 0.25 -0.55 1
v 0.25 -0.45 1
v 0.25 -0.35 1
v 0.25 -0.15 1
v 0.25 0.0500001 1
v 0.25 0.25 1
v 0.25 0.45 1
v -0.45 -1.05 0.9
v -0.45 -0.85 0.9
v -0.45 -0.75 0.9
v -0.45 -0.55 0.9
v -0.45 -0.45 0.9
v -0.45 -0.35 0.9
v -0.45 -0.05 0.9
v -0.45 0.0500001 0.9
v -0.45 0.15 0.9
v -0.45 0.35 0.9
v -0.45 0.45 0.9
v -0.35 -1.05 0.9
v -0.35 -0.95 0.9
v -0.35 -0.85 0.9
v -0.35 -0.75 0.9
v -0.35 -0.65 0.9
v -0.35 -0.55 0.9
v -0.35 -0.45 0.9
v -0.35 -0.35 0.9
v -0.35 -0.25 0.9
v -0.35 -0.05 0.9
v -0.35 0.0500001 0.9
v -0.35 0.15 0.9
v -0.35 0.25 0.9
v -0.25 -1.05 0.9
v -0.25 -0.95 0.9
v -0.25 -0.85 0.9
v -0.25 -0.65 0.9
v -0.25 -0.55 0.9
v -0.25 -0.45 0.9
v -0.25 -0.35 0.9
v -0.25 -0.25 0.9
v -0.25 -0.15 0.9
v -0.25 -0.05 0.9
v -0.25 0.0500001 0.9
v -0.25 0.25 0.9
v -0.25 0.35 0.9
v -0.25 0.45 0.9
v 0.25 -1.05 0.9
v 0.25 -0.85 0.9
v 0.25 -0.75 0.9
v 0.25 -0.65 0.9
v 0.25 -0.55 0.9
v 0.25 -0.45 0.9
v 0.25 -0.35 0.9
v 0.25 -0.15 0.9
v 0.25 0.0500001 0.9
v 0.25 0.15 0.9
v 0.25 0.25 0.9
v 0.25 0.45 0.9
v 0.35 -1.05 0.9
v 0.35 -0.85 0.9
v 0.35 -0.75 0.9
v 0.35 -0.65 0.9
v 0.35 -0.55 0.9
v 0.35 -0.45 0.9
v 0.35 -0.35 0.9
v 0.35 -0.25 0.9
v 0.35 -0.05 0.9
v 0.35 0.0500001 0.9
v 0.35 0.15 0.9
v 0.35 0.25 0.9
v 0.35 0.35 0.9
v 0.35 0.45 0.9
v 0.45 -1.05 0.9
v 0.45 -0.85 0.9
v 0.45 -0.65 0.9
v 0.45 -0.55 0.9
v 0.45 -0.45 0.9
v 0.45 -0.35 0.9
v 0.45 -0.25 0.9
v 0.45 -0.05 0.9
v 0.45 0.0500001 0.9
v 0.45 0.15 0.9
v 0.45 0.25 0.9
v 0.45 0.35 0.9
v 0.45 0.45 0.9
v -0.55 -1.05 0.8
v -0.55 -0.75 0.8
v -0.55 -0.65 0.8
v -0.55 -0.55 0.8
v -0.55 -0.35 0.8
v -0.55 -0.25 0.8
v -0.55 0.0500001 0.8
v -0.55 0.35 0.8
v -0.55 0.45 0.8
v -0.45 -1.05 0.8
v -0.45 -0.85 0.8
v -0.45 -0.75 0.8
v -0.45 -0.65 0.8
v -0.45 -0.55 0.8
v -0.45 -0.45 0.8
v -0.45 -0.35 0.8
v -0.45 -0.25 0.8
v -0.45 -0.05 0.8
v -0.45 0.0500001 0.8
v -0.45 0.15 0.8
v -0.45 0.35 0.8
v -0.45 0.45 0.8
v 0.45 -1.05 0.8
v 0.45 -0.95 0.8
v 0.45 -0.85 0.8
v 0.45 -0.75 0.8
v 0.45 -0.65 0.8
v 0.45 -0.55 0.8
v 0.45 -0.45 0.8
v 0.45 -0.35 0.8
v 0.45 -0.25 0.8
v 0.45 -0.15 0.8
v 0.45 -0.05 0.8
v 0.45 0.0500001 0.8
v 0.45 0.15 0.8
v 0.45 0.25 0.8
v 0.45 0.35 0.8
v 0.45 0.45 0.8
v 0.55 -1.05 0.8
v 0.55 -0.95 0.8
v 0.55 -0.85 0.8
v 0.55 -0.75 0.8
v 0.55 -0.65 0.8
v 0.55 -0.55 0.8
v 0.55 -0.35 0.8
v 0.55 -0.25 0.8
v 0.55 -0.15 0.8
v 0.55 0.35 0.8
v 0.55 0.45 0.8
v -0.65 -1.05 0.7
v -0.65 -0.75 0.7
v -0.65 -0.55 0.7
v -0.65 -0.35 0.7
v -0.65 -0.25 0.7
v -0.65 -0.15 0.7
v -0.65 0.0500001 0.7
v -0.65 0.15 0.7
v -0.65 0.35 0.7
v -0.65 0.45 0.7
v -0.55 -1.05 0.7
v -0.55 -0.75 0.7
v -0.55 -0.65 0.7
v -0.55 -0.55 0.7
v -0.55 -0.35 0.7
v -0.55 -0.25 0.7
v -0.55 -0.15 0.7
v -0.55 0.0500001 0.7
v -0.55 0.15 0.7
v -0.55 0.35 0.7
v -0.55 0.45 0.7
v 0.55 -1.05 0.7
v 0.55 -0.95 0.7
v 0.55 -0.85 0.7
v 0.55 -0.75 0.7
v 0.55 -0.65 0.7
v 0.55 -0.55 0.7
v 0.55 -0.35 0.7
v 0.55 -0.25 0.7
v 0.55 -0.15 0.7
v 0.55 -0.05 0.7
v 0.55 0.0500001 0.7
v 0.55 0.25 0.7
v 0.55 0.35 0.7
v 0.55 0.45 0.7
v 0.65 -1.05 0.7
v 0.65 -0.95 0.7
v 0.65 -0.85 0.7
v 0.65 -0.75 0.7
v 0.65 -0.65 0.7
v 0.65 -0.55 0.7
v 0.65 -0.35 0.7
v 0.65 -0.25 0.7
v 0.65 -0.15 0.7
v 0.65 -0.05 0.7
v 0.65 0.0500001 0.7
v 0.65 0.25 0.7
v 0.65 0.35 0.7
v 0.65 0.45 0.7
v 0.35 0.15 0.6
v 0.35 0.35 0.6
v 0.45 0.15 0.6
v 0.45 0.35 0.6
v -0.75 -1.05 0.5
v -0.75 -0.95 0.5
v -0.75 -0.85 0.5
v -0.75 -0.75 0.5
v -0.75 -0.65 0.5
v -0.75 -0.55 0.5
v -0.75 -0.45 0.5
v -0.75 -0.25 0.5
v -0.75 -0.15 0.5
v -0.75 -0.05 0.5
v -0.75 0.0500001 0.5
v -0.75 0.25 0.5
v -0.75 0.45 0.5
v -0.65 -1.05 0.5
v -0.65 -0.95 0.5
v -0.65 -0.85 0.5
v -0.65 -0.75 0.5
v -0.65 -0.65 0.5
v -0.65 -0.55 0.5
v -0.65 -0.45 0.5
v -0.65 -0.35 0.5
v -0.65 -0.25 0.5
v -0.65 -0.15 0.5
v -0.65 -0.05 0.5
v -0.65 0.0500001 0.5
v -0.65 0.25 0.5
v -0.65 0.35 0.5
v -0.65 0.45 0.5
v -0.15 0.55 0.5
v -0.15 0.75 0.5
v -0.05 0.55 0.5
v -0.05 0.75 0.5
v 0.35 0.0500001 0.5
v 0.35 0.15 0.5
v 0.45 0.0500001 0.5
v 0.45 0.15 0.5
v 0.65 -1.05 0.5
v 0.65 -0.95 0.5
v 0.65 -0.85 0.5
v 0.65 -0.75 0.5
v 0.65 -0.65 0.5
v 0.65 -0.55 0.5
v 0.65 -0.45 0.5
v 0.65 -0.35 0.5
v 0.65 -0.15 0.5
v 0.65 -0.05 0.5
v 0.65 0.0500001 0.5
v 0.65 0.15 0.5
v 0.65 0.25 0.5
v 0.65 0.35 0.5
v 0.65 0.45 0.5
v 0.75 -1.05 0.5
v 0.75 -0.95 0.5
v 0.75 -0.85 0.5
v 0.75 -0.65 0.5
v 0.75 -0.55 0.5
v 0.75 -0.45 0.5
v 0.75 -0.35 0.5
v 0.75 -0.15 0.5
v 0.75 0.0500001 0.5
v 0.75 0.15 0.5
v 0.75 0.25 0.5
v 0.75 0.35 0.5
v 0.75 0.45 0.5
v -0.15 0.45 0.4
v -0.15 0.55 0.4
v -0.05 0.45 0.4
v -0.05 0.55 0.4
v -0.65 0.0500001 0.1
v -0.65 0.15 0.1
v -0.65 0.25 0.1
v -0.65 0.35 0.1
v -0.65 0.45 0.1
v -0.55 0.0500001 0.1
v -0.55 0.25 0.1
v -0.55 0.35 0.1
v -0.55 0.45 0.1
v 0.05 0.85 0.1
v 0.05 1.05 0.1
v 0.15 0.85 0.1
v 0.15 1.05 0.1
v 0.55 0.0500001 0.1
v 0.55 0.25 0.1
v 0.55 0.45 0.1
v 0.65 0.0500001 0.1
v 0.65 0.15 0.1
v 0.65 0.25 0.1
v 0.65 0.35 0.1
v 0.65 0.45 0.1
v 0.05 0.75 0
v 0.05 0.85 0
v 0.15 0.75 0
v 0.15 0.85 0
v -0.55 0.0500001 -0.1
v -0.55 0.15 -0.1
v -0.55 0.25 -0.1
v -0.55 0.35 -0.1
v -0.55 0.45 -0.1
v -0.45 0.0500001 -0.1
v -0.45 0.45 -0.1
v 0.45 0.0500001 -0.1
v 0.45 0.15 -0.1
v 0.45 0.35 -0.1
v 0.45 0.45 -0.1
v 0.55 0.0500001 -0.1
v 0.55 0.15 -0.1
v 0.55 0.25 -0.1
v 0.55 0.35 -0.1
v 0.55 0.45 -0.1
v -0.45 0.0500001 -0.2
v -0.45 0.25 -0.2
v -0.45 0.35 -0.2
v -0.45 0.45 -0.2
v -0.35 0.0500001 -0.2
v -0.35 0.25 -0.2
v -0.35 0.35 -0.2
v -0.35 0.45 -0.2
v -0.35 0.55 -0.2
v -0.25 0.25 -0.2
v -0.25 0.35 -0.2
v -0.25 0.45 -0.2
v -0.25 0.55 -0.2
v -0.15 0.25 -0.2
v -0.15 0.45 -0.2
v 0.35 0.0500001 -0.2
v 0.35 0.15 -0.2
v 0.35 0.25 -0.2
v 0.35 0.45 -0.2
v 0.45 0.0500001 -0.2
v 0.45 0.15 -0.2
v 0.45 0.25 -0.2
v 0.45 0.35 -0.2
v 0.45 0.45 -0.2
v -0.35 0.0500001 -0.3
v -0.35 0.15 -0.3
v -0.35 0.25 -0.3
v -0.35 0.35 -0.3
v -0.25 0.0500001 -0.3
v -0.25 0.15 -0.3
v -0.25 0.25 -0.3
v -0.25 0.35 -0.3
v -0.15 0.0500001 -0.3
v -0.15 0.25 -0.3
v 0.15 0.0500001 -0.3
v 0.15 0.25 -0.3
v 0.15 0.35 -0.3
v 0.15 0.45 -0.3
v 0.25 0.0500001 -0.3
v 0.25 0.15 -0.3
v 0.25 0.25 -0.3
v 0.25 0.35 -0.3
v 0.25 0.45 -0.3
v 0.35 0.0500001 -0.3
v 0.35 0.15 -0.3
v 0.35 0.25 -0.3
v 0.35 0.35 -0.3
v 0.35 0.45 -0.3
v -0.15 0.0500001 -0.4
v -0.15 0.15 -0.4
v -0.15 0.25 -0.4
v -0.15 0.35 -0.4
v -0.15 0.45 -0.4
v -0.05 0.0500001 -0.4
v -0.05 0.15 -0.4
v -0.05 0.25 -0.4
v -0.05 0.35 -0.4
v -0.05 0.45 -0.4
v 0.05 0.0500001 -0.4
v 0.05 0.15 -0.4
v 0.05 0.25 -0.4
v 0.05 0.35 -0.4
v 0.05 0.45 -0.4
v 0.15 0.0500001 -0.4
v 0.15 0.15 -0.4
v 0.15 0.25 -0.4
v 0.15 0.35 -0.4
v 0.15 0.45 -0.4
v -0.15 -0.65 -0.6
v -0.15 -0.55 -0.6
v -0.05 -0.65 -0.6
v -0.05 -0.55 -0.6
v 0.05 -0.65 -0.6
v 0.05 -0.55 -0.6
v 0.15 -0.65 -0.6
v 0.15 -0.55 -0.6
v -0.15 -0.55 -0.7
v -0.15 -0.45 -0.7
v -0.15 -0.05 -0.7
v -0.15 0.0500001 -0.7
v -0.05 -0.55 -0.7
v -0.05 -0.05 -0.7
v -0.05 0.0500001 -0.7
v 0.05 -0.55 -0.7
v 0.05 -0.45 -0.7
v 0.05 0.0500001 -0.7
v 0.15 -0.55 -0.7
v 0.15 -0.45 -0.7
v 0.15 -0.05 -0.7
v 0.15 0.0500001 -0.7
v -0.15 -0.45 -0.8
v -0.15 -0.25 -0.8
v -0.15 -0.05 -0.8
v -0.05 -0.45 -0.8
v -0.05 -0.25 -0.8
v -0.05 -0.05 -0.8
v 0.05 -0.45 -0.8
v 0.05 -0.35 -0.8
v 0.05 -0.15 -0.8
v 0.05 -0.05 -0.8
v 0.15 -0.45 -0.8
v 0.15 -0.35 -0.8
v 0.15 -0.15 -0.8
v 0.15 -0.05 -0.8
v -0.15 0.0500001 0.9
v -0.15 0.15 0.9
v -0.15 0.25 0.9
v -0.15 0.35 0.9
v -0.15 0.45 0.9
v -0.05 0.0500001 0.9
v -0.05 0.25 0.9
v -0.05 0.35 0.9
v 0.05 0.0500001 0.9
v 0.05 0.35 0.9
v 0.05 0.45 0.9
v 0.15 0.0500001 0.9
v 0.15 0.15 0.9
v 0.15 0.25 0.9
v 0.15 0.35 0.9
v 0.15 0.45 0.9
v -0.35 0.0500001 0.8
v -0.35 0.15 0.8
v -0.35 0.25 0.8
v -0.35 0.35 0.8
v -0.35 0.45 0.8
v -0.25 0.15 0.8
v -0.25 0.25 0.8
v -0.25 0.35 0.8
v -0.25 0.45 0.8
v -0.15 0.0500001 0.8
v -0.15 0.15 0.8
v -0.15 0.25 0.8
v -0.15 0.35 0.8
v -0.15 0.45 0.8
v 0.15 0.0500001 0.8
v 0.15 0.15 0.8
v 0.15 0.25 0.8
v 0.15 0.35 0.8
v 0.15 0.45 0.8
v 0.25 0.0500001 0.8
v 0.25 0.15 0.8
v 0.25 0.25 0.8
v 0.25 0.35 0.8
v 0.25 0.45 0.8
v 0.35 0.0500001 0.8
v 0.35 0.15 0.8
v 0.35 0.25 0.8
v 0.35 0.45 0.8
v -0.45 0.0500001 0.7
v -0.45 0.15 0.7
v -0.45 0.25 0.7
v -0.45 0.35 0.7
v -0.45 0.45 0.7
v -0.35 0.0500001 0.7
v -0.35 0.15 0.7
v -0.35 0.25 0.7
v -0.35 0.35 0.7
v -0.35 0.45 0.7
v 0.35 0.0500001 0.7
v 0.35 0.15 0.7
v 0.35 0.25 0.7
v 0.35 0.45 0.7
v 0.45 0.0500001 0.7
v 0.45 0.15 0.7
v 0.45 0.25 0.7
v 0.45 0.45 0.7
v -0.55 0.0500001 0.6
v -0.55 0.15 0.6
v -0.55 0.25 0.6
v -0.55 0.35 0.6
v -0.55 0.45 0.6
v -0.45 0.0500001 0.6
v -0.45 0.15 0.6
v -0.45 0.25 0.6
v -0.45 0.35 0.6
v -0.45 0.45 0.6
v 0.45 0.0500001 0.6
v 0.45 0.15 0.6
v 0.45 0.35 0.6
v 0.45 0.45 0.6
v 0.55 0.0500001 0.6
v 0.55 0.15 0.6
v 0.55 0.25 0.6
v 0.55 0.45 0.6
v 0.35 0.25 0.5
v 0.35 0.35 0.5
v 0.45 0.25 0.5
v 0.45 0.35 0.5
v -0.65 0.0500001 0.4
v -0.65 0.15 0.4
v -0.65 0.25 0.4
v -0.65 0.35 0.4
v -0.65 0.45 0.4
v -0.55 0.0500001 0.4
v -0.55 0.25 0.4
v -0.55 0.35 0.4
v -0.55 0.45 0.4
v -0.15 0.65 0.4
v -0.15 0.75 0.4
v -0.05 0.65 0.4
v -0.05 0.75 0.4
v 0.35 0.0500001 0.4
v 0.35 0.25 0.4
v 0.45 0.0500001 0.4
v 0.45 0.25 0.4
v 0.55 0.0500001 0.4
v 0.55 0.15 0.4
v 0.55 0.45 0.4
v 0.65 0.0500001 0.4
v 0.65 0.15 0.4
v 0.65 0.45 0.4
v -0.15 0.45 0.3
v -0.15 0.65 0.3
v -0.05 0.45 0.3
v -0.05 0.65 0.3
v -0.75 -1.05 0
v -0.75 -0.95 0
v -0.75 -0.85 0
v -0.75 -0.15 0
v -0.75 0.15 0
v -0.75 0.35 0
v -0.75 0.45 0
v -0.65 -1.05 0
v -0.65 -0.95 0
v -0.65 -0.85 0
v -0.65 -0.55 0
v -0.65 -0.35 0
v -0.65 -0.25 0
v -0.65 -0.15 0
v -0.65 -0.05 0
v -0.65 0.0500001 0
v -0.65 0.15 0
v -0.65 0.25 0
v -0.65 0.35 0
v -0.65 0.45 0
v 0.05 0.95 0
v 0.05 1.05 0
v 0.15 0.95 0
v 0.15 1.05 0
v 0.65 -1.05 0
v 0.65 -0.95 0
v 0.65 -0.85 0
v 0.65 -0.75 0
v 0.65 -0.65 0
v 0.65 -0.55 0
v 0.65 -0.35 0
v 0.65 -0.25 0
v 0.65 -0.15 0
v 0.65 -0.05 0
v 0.65 0.0500001 0
v 0.65 0.15 0
v 0.65 0.25 0
v 0.65 0.35 0
v 0.65 0.45 0
v 0.75 -1.05 0
v 0.75 -0.85 0
v 0.75 -0.75 0
v 0.75 -0.65 0
v 0.75 -0.55 0
v 0.75 -0.35 0
v 0.75 -0.25 0
v 0.75 -0.15 0
v 0.75 0.0500001 0
v 0.75 0.25 0
v 0.75 0.35 0
v 0.75 0.45 0
v 0.05 0.75 -0.1
v 0.05 0.95 -0.1
v 0.15 0.75 -0.1
v 0.15 0.95 -0.1
v -0.65 -1.05 -0.2
v -0.65 -0.95 -0.2
v -0.65 -0.85 -0.2
v -0.65 -0.75 -0.2
v -0.65 -0.65 -0.2
v -0.65 -0.55 -0.2
v -0.65 -0.35 -0.2
v -0.65 -0.25 -0.2
v -0.65 -0.05 -0.2
v -0.65 0.0500001 -0.2
v -0.65 0.15 -0.2
v -0.65 0.25 -0.2
v -0.65 0.35 -0.2
v -0.65 0.45 -0.2
v -0.55 -1.05 -0.2
v -0.55 -0.95 -0.2
v -0.55 -0.85 -0.2
v -0.55 -0.75 -0.2
v -0.55 -0.65 -0.2
v -0.55 -0.55 -0.2
v -0.55 -0.35 -0.2
v -0.55 -0.25 -0.2
v -0.55 -0.15 -0.2
v -0.55 -0.05 -0.2
v -0.55 0.0500001 -0.2
v -0.55 0.15 -0.2
v -0.55 0.25 -0.2
v -0.55 0.35 -0.2
v -0.55 0.45 -0.2
v 0.55 -1.05 -0.2
v 0.55 -0.95 -0.2
v 0.55 -0.75 -0.2
v 0.55 -0.65 -0.2
v 0.55 -0.45 -0.2
v 0.55 -0.35 -0.2
v 0.55 -0.25 -0.2
v 0.55 -0.15 -0.2
v 0.55 -0.05 -0.2
v 0.55 0.0500001 -0.2
v 0.55 0.15 -0.2
v 0.55 0.25 -0.2
v 0.55 0.35 -0.2
v 0.55 0.45 -0.2
v 0.65 -1.05 -0.2
v 0.65 -0.95 -0.2
v 0.65 -0.75 -0.2
v 0.65 -0.65 -0.2
v 0.65 -0.45 -0.2
v 0.65 -0.35 -0.2
v 0.65 -0.25 -0.2
v 0.65 -0.15 -0.2
v 0.65 -0.05 -0.2
v 0.65 0.15 -0.2
v 0.65 0.25 -0.2
v 0.65 0.35 -0.2
v 0.65 0.45 -0.2
v -0.55 -1.05 -0.3
v -0.55 -0.95 -0.3
v -0.55 -0.85 -0.3
v -0.55 -0.55 -0.3
v -0.55 -0.35 -0.3
v -0.55 -0.15 -0.3
v -0.55 -0.05 -0.3
v -0.55 0.0500001 -0.3
v -0.55 0.25 -0.3
v -0.55 0.45 -0.3
v -0.45 -1.05 -0.3
v -0.45 -0.95 -0.3
v -0.45 -0.85 -0.3
v -0.45 -0.75 -0.3
v -0.45 -0.65 -0.3
v -0.45 -0.55 -0.3
v -0.45 -0.35 -0.3
v -0.45 -0.15 -0.3
v -0.45 -0.05 -0.3
v -0.45 0.0500001 -0.3
v -0.45 0.15 -0.3
v -0.45 0.25 -0.3
v -0.45 0.35 -0.3
v -0.45 0.45 -0.3
v -0.35 0.45 -0.3
v -0.35 0.55 -0.3
v -0.25 0.45 -0.3
v -0.25 0.55 -0.3
v 0.45 -1.05 -0.3
v 0.45 -0.95 -0.3
v 0.45 -0.85 -0.3
v 0.45 -0.75 -0.3
v 0.45 -0.65 -0.3
v 0.45 -0.55 -0.3
v 0.45 -0.45 -0.3
v 0.45 -0.35 -0.3
v 0.45 -0.15 -0.3
v 0.45 -0.05 -0.3
v 0.45 0.0500001 -0.3
v 0.45 0.15 -0.3
v 0.45 0.25 -0.3
v 0.45 0.35 -0.3
v 0.45 0.45 -0.3
v 0.55 -1.05 -0.3
v 0.55 -0.95 -0.3
v 0.55 -0.75 -0.3
v 0.55 -0.65 -0.3
v 0.55 -0.45 -0.3
v 0.55 -0.05 -0.3
v 0.55 0.0500001 -0.3
v 0.55 0.15 -0.3
v 0.55 0.25 -0.3
v 0.55 0.35 -0.3
v 0.55 0.45 -0.3
v -0.45 -1.05 -0.4
v -0.45 -0.95 -0.4
v -0.45 -0.75 -0.4
v -0.45 -0.65 -0.4
v -0.45 -0.35 -0.4
v -0.45 -0.05 -0.4
v -0.45 0.0500001 -0.4
v -0.45 0.15 -0.4
v -0.45 0.25 -0.4
v -0.45 0.35 -0.4
v -0.45 0.45 -0.4
v -0.35 -0.95 -0.4
v -0.35 -0.85 -0.4
v -0.35 -0.75 -0.4
v -0.35 -0.65 -0.4
v -0.35 -0.45 -0.4
v -0.35 -0.15 -0.4
v -0.35 -0.05 -0.4
v -0.35 0.0500001 -0.4
v -0.35 0.15 -0.4
v -0.35 0.25 -0.4
v -0.35 0.35 -0.4
v -0.35 0.45 -0.4
v -0.25 -1.05 -0.4
v -0.25 -0.95 -0.4
v -0.25 -0.85 -0.4
v -0.25 -0.75 -0.4
v -0.25 -0.65 -0.4
v -0.25 -0.55 -0.4
v -0.25 -0.45 -0.4
v -0.25 -0.35 -0.4
v -0.25 -0.25 -0.4
v -0.25 -0.15 -0.4
v -0.25 -0.05 -0.4
v -0.25 0.15 -0.4
v -0.25 0.25 -0.4
v -0.25 0.35 -0.4
v -0.25 0.45 -0.4
v 0.25 -1.05 -0.4
v 0.25 -0.95 -0.4
v 0.25 -0.85 -0.4
v 0.25 -0.75 -0.4
v 0.25 -0.65 -0.4
v 0.25 -0.55 -0.4
v 0.25 -0.45 -0.4
v 0.25 -0.35 -0.4
v 0.25 -0.25 -0.4
v 0.25 -0.15 -0.4
v 0.25 -0.05 -0.4
v 0.25 0.0500001 -0.4
v 0.25 0.15 -0.4
v 0.25 0.25 -0.4
v 0.25 0.35 -0.4
v 0.25 0.45 -0.4
v 0.35 -1.05 -0.4
v 0.35 -0.95 -0.4
v 0.35 -0.45 -0.4
v 0.35 -0.35 -0.4
v 0.35 -0.25 -0.4
v 0.35 -0.15 -0.4
v 0.35 -0.05 -0.4
v 0.35 0.0500001 -0.4
v 0.35 0.15 -0.4
v 0.35 0.25 -0.4
v 0.35 0.35 -0.4
v 0.35 0.45 -0.4
v 0.45 -1.05 -0.4
v 0.45 -0.95 -0.4
v 0.45 -0.85 -0.4
v 0.45 -0.75 -0.4
v 0.45 -0.65 -0.4
v 0.45 -0.55 -0.4
v 0.45 -0.45 -0.4
v 0.45 -0.35 -0.4
v 0.45 -0.15 -0.4
v 0.45 -0.05 -0.4
v 0.45 0.0500001 -0.4
v 0.45 0.15 -0.4
v 0.45 0.35 -0.4
v 0.45 0.45 -0.4
v -0.25 -1.05 -0.5
v -0.25 -0.85 -0.5
v -0.25 -0.75 -0.5
v -0.25 -0.55 -0.5
v -0.25 -0.45 -0.5
v -0.25 -0.35 -0.5
v -0.25 -0.25 -0.5
v -0.25 -0.15 -0.5
v -0.25 0.45 -0.5
v -0.15 -1.05 -0.5
v -0.15 -0.95 -0.5
v -0.15 -0.85 -0.5
v -0.15 -0.75 -0.5
v -0.15 -0.65 -0.5
v -0.15 -0.55 -0.5
v -0.15 -0.45 -0.5
v -0.15 -0.25 -0.5
v -0.15 -0.15 -0.5
v -0.15 -0.05 -0.5
v -0.15 0.0500001 -0.5
v -0.15 0.15 -0.5
v -0.15 0.35 -0.5
v -0.05 -1.05 -0.5
v -0.05 -0.95 -0.5
v -0.05 -0.85 -0.5
v -0.05 -0.65 -0.5
v -0.05 -0.45 -0.5
v -0.05 -0.35 -0.5
v -0.05 -0.25 -0.5
v -0.05 -0.15 -0.5
v -0.05 -0.05 -0.5
v -0.05 0.0500001 -0.5
v -0.05 0.35 -0.5
v -0.05 0.45 -0.5
v 0.05 -0.95 -0.5
v 0.05 -0.85 -0.5
v 0.05 -0.65 -0.5
v 0.05 -0.55 -0.5
v 0.05 -0.45 -0.5
v 0.05 -0.35 -0.5
v 0.05 -0.25 -0.5
v 0.05 0.0500001 -0.5
v 0.05 0.35 -0.5
v 0.05 0.45 -0.5
v 0.15 -1.05 -0.5
v 0.15 -0.95 -0.5
v 0.15 -0.85 -0.5
v 0.15 -0.75 -0.5
v 0.15 -0.65 -0.5
v 0.15 -0.55 -0.5
v 0.15 -0.45 -0.5
v 0.15 -0.35 -0.5
v 0.15 -0.25 -0.5
v 0.15 0.0500001 -0.5
v 0.15 0.15 -0.5
v 0.15 0.25 -0.5
v 0.15 0.35 -0.5
v 0.25 -1.05 -0.5
v 0.25 -0.95 -0.5
v 0.25 -0.75 -0.5
v 0.25 -0.55 -0.5
v 0.25 -0.45 -0.5
v 0.25 -0.35 -0.5
v 0.25 -0.25 -0.5
v 0.25 0.0500001 -0.5
v 0.25 0.25 -0.5
v 0.25 0.35 -0.5
v 0.25 0.45 -0.5
v -0.15 0.25 -0.6
v -0.15 0.35 -0.6
v 0.05 0.25 -0.6
v 0.05 0.35 -0.6
v 0.15 0.25 -0.6
v 0.15 0.35 -0.6
v -0.15 -0.85 -0.7
v -0.15 -0.75 -0.7
v -0.05 -0.75 -0.7
v 0.05 -0.85 -0.7
v 0.05 -0.75 -0.7
v 0.15 -0.85 -0.7
v 0.15 -0.75 -0.7
v -0.15 -0.75 -0.8
v -0.15 -0.65 -0.8
v -0.15 0.15 -0.8
v -0.15 0.25 -0.8
v -0.05 -0.75 -0.8
v -0.05 -0.65 -0.8
v 0.05 -0.65 -0.8
v 0.05 0.15 -0.8
v 0.05 0.25 -0.8
v 0.15 -0.75 -0.8
v 0.15 -0.65 -0.8
v 0.15 0.15 -0.8
v 0.15 0.25 -0.8
v -0.15 -0.65 -0.9
v -0.15 -0.55 -0.9
v -0.15 -0.05 -0.9
v -0.15 0.0500001 -0.9
v -0.15 0.15 -0.9
v -0.05 -0.05 -0.9
v -0.05 0.0500001 -0.9
v 0.05 -0.65 -0.9
v 0.05 -0.55 -0.9
v 0.05 -0.05 -0.9
v 0.05 0.15 -0.9
v 0.15 -0.65 -0.9
v 0.15 -0.55 -0.9
v 0.15 -0.05 -0.9
v 0.15 0.15 -0.9
v -0.15 -0.55 -1
v -0.15 -0.45 -1
v -0.15 -0.25 -1
v -0.15 -0.15 -1
v -0.15 -0.05 -1
v -0.05 -0.25 -1
v -0.05 -0.15 -1
v 0.05 -0.55 -1
v 0.05 -0.45 -1
v 0.05 -0.35 -1
v 0.05 -0.25 -1
v 0.05 -0.15 -1
v 0.05 -0.05 -1
v 0.15 -0.55 -1
v 0.15 -0.45 -1
v 0.15 -0.35 -1
v 0.15 -0.25 -1
v 0.15 -0.15 -1
v 0.15 -0.05 -1
v -0.25 -1.05 1
v -0.15 -1.05 1
v 0.05 -1.05 1
v 0.25 -1.05 1
v -0.45 -1.05 0.9
v -0.35 -1.05 0.9
v -0.25 -1.05 0.9
v -0.15 -1.05 0.9
v -0.05 -1.05 0.9
v 0.15 -1.05 0.9
v 0.25 -1.05 0.9
v 0.35 -1.05 0.9
v 0.45 -1.05 0.9
v -0.55 -1.05 0.8
v -0.45 -1.05 0.8
v -0.35 -1.05 0.8
v -0.25 -1.05 0.8
v -0.05 -1.05 0.8
v 0.05 -1.05 0.8
v 0.15 -1.05 0.8
v 0.25 -1.05 0.8
v 0.35 -1.05 0.8
v 0.45 -1.05 0.8
v 0.55 -1.05 0.8
v -0.65 -1.05 0.7
v -0.55 -1.05 0.7
v -0.35 -1.05 0.7
v -0.25 -1.05 0.7
v -0.15 -1.05 0.7
v -0.05 -1.05 0.7
v 0.05 -1.05 0.7
v 0.25 -1.05 0.7
v 0.35 -1.05 0.7
v 0.45 -1.05 0.7
v 0.55 -1.05 0.7
v 0.65 -1.05 0.7
v -0.65 -1.05 0.6
v -0.55 -1.05 0.6
v -0.45 -1.05 0.6
v -0.35 -1.05 0.6
v -0.25 -1.05 0.6
v -0.15 -1.05 0.6
v -0.05 -1.05 0.6
v 0.05 -1.05 0.6
v 0.15 -1.05 0.6
v 0.25 -1.05 0.6
v 0.35 -1.05 0.6
v 0.45 -1.05 0.6
v 0.55 -1.05 0.6
v -0.75 -1.05 0.5
v -0.65 -1.05 0.5
v -0.55 -1.05 0.5
v -0.45 -1.05 0.5
v -0.35 -1.05 0.5
v -0.15 -1.05 0.5
v 0.05 -1.05 0.5
v 0.25 -1.05 0.5
v 0.35 -1.05 0.5
v 0.45 -1.05 0.5
v 0.55 -1.05 0.5
v 0.65 -1.05 0.5
v 0.75 -1.05 0.5
v -0.75 -1.05 0.4
v -0.65 -1.05 0.4
v -0.55 -1.05 0.4
v -0.45 -1.05 0.4
v -0.35 -1.05 0.4
v -0.25 -1.05 0.4
v -0.15 -1.05 0.4
v 0.05 -1.05 0.4
v 0.25 -1.05 0.4
v 0.35 -1.05 0.4
v 0.45 -1.05 0.4
v 0.55 -1.05 0.4
v 0.65 -1.05 0.4
v 0.75 -1.05 0.4
v -0.75 -1.05 0.3
v -0.65 -1.05 0.3
v -0.55 -1.05 0.3
v -0.45 -1.05 0.3
v -0.25 -1.05 0.3
v -0.15 -1.05 0.3
v -0.05 -1.05 0.3
v 0.15 -1.05 0.3
v 0.35 -1.05 0.3
v 0.45 -1.05 0.3
v 0.55 -1.05 0.3
v 0.65 -1.05 0.3
v 0.75 -1.05 0.3
v -0.55 -1.05 0.2
v -0.45 -1.05 0.2
v -0.25 -1.05 0.2
v -0.15 -1.05 0.2
v -0.05 -1.05 0.2
v 0.05 -1.05 0.2
v 0.15 -1.05 0.2
v 0.35 -1.05 0.2
v 0.45 -1.05 0.2
v 0.65 -1.05 0.2
v 0.75 -1.05 0.2
v -0.65 -1.05 0.1
v -0.55 -1.05 0.1
v -0.45 -1.05 0.1
v -0.35 -1.05 0.1
v -0.25 -1.05 0.1
v -0.15 -1.05 0.1
v -0.05 -1.05 0.1
v 0.05 -1.05 0.1
v 0.15 -1.05 0.1
v 0.25 -1.05 0.1
v 0.35 -1.05 0.1
v 0.45 -1.05 0.1
v 0.55 -1.05 0.1
v 0.65 -1.05 0.1
v -0.75 -1.05 0
v -0.65 -1.05 0
v -0.55 -1.05 0
v -0.45 -1.05 0
v -0.35 -1.05 0
v -0.25 -1.05 0
v -0.15 -1.05 0
v 0.05 -1.05 0
v 0.15 -1.05 0
v 0.25 -1.05 0
v 0.35 -1.05 0
v 0.65 -1.05 0
v 0.75 -1.05 0
v -0.65 -1.05 -0.1
v -0.45 -1.05 -0.1
v -0.35 -1.05 -0.1
v -0.25 -1.05 -0.1
v -0.15 -1.05 -0.1
v -0.05 -1.05 -0.1
v 0.15 -1.05 -0.1
v 0.25 -1.05 -0.1
v 0.35 -1.05 -0.1
v 0.55 -1.05 -0.1
v 0.65 -1.05 -0.1
v -0.65 -1.05 -0.2
v -0.55 -1.05 -0.2
v -0.35 -1.05 -0.2
v -0.15 -1.05 -0.2
v -0.05 -1.05 -0.2
v 0.25 -1.05 -0.2
v 0.35 -1.05 -0.2
v 0.45 -1.05 -0.2
v 0.55 -1.05 -0.2
v 0.65 -1.05 -0.2
v -0.55 -1.05 -0.3
v -0.45 -1.05 -0.3
v -0.15 -1.05 -0.3
v -0.05 -1.05 -0.3
v 0.05 -1.05 -0.3
v 0.15 -1.05 -0.3
v 0.25 -1.05 -0.3
v 0.45 -1.05 -0.3
v 0.55 -1.05 -0.3
v -0.45 -1.05 -0.4
v -0.25 -1.05 -0.4
v -0.15 -1.05 -0.4
v -0.05 -1.05 -0.4
v 0.05 -1.05 -0.4
v 0.15 -1.05 -0.4
v 0.25 -1.05 -0.4
v 0.35 -1.05 -0.4
v 0.45 -1.05 -0.4
v -0.25 -1.05 -0.5
v -0.15 -1.05 -0.5
v -0.05 -1.05 -0.5
v 0.15 -1.05 -0.5
v 0.25 -1.05 -0.5
v -0.15 -0.85 -0.5
v -0.05 -0.85 -0.5
v 0.05 -0.85 -0.5
v 0.15 -0.85 -0.5
v -0.05 -0.85 -0.6
v 0.05 -0.85 -0.6
v 0.15 -0.85 -0.6
v -0.15 -0.85 -0.7
v 0.05 -0.85 -0.7
v 0.15 -0.85 -0.7
v -0.15 -0.75 -0.7
v -0.05 -0.75 -0.7
v 0.05 -0.75 -0.7
v 0.15 -0.75 -0.7
v -0.15 -0.75 -0.8
v -0.05 -0.75 -0.8
v 0.15 -0.75 -0.8
v -0.15 -0.65 -0.8
v -0.05 -0.65 -0.8
v 0.05 -0.65 -0.8
v 0.15 -0.65 -0.8
v -0.15 -0.65 -0.9
v 0.05 -0.65 -0.9
v 0.15 -0.65 -0.9
v -0.15 -0.55 -0.9
v 0.05 -0.55 -0.9
v 0.15 -0.55 -0.9
v -0.15 -0.55 -1
v 0.05 -0.55 -1
v 0.15 -0.55 -1
v -0.15 -0.05 -0.7
v -0.05 -0.05 -0.7
v 0.15 -0.05 -0.7
v -0.15 -0.05 -0.8
v -0.05 -0.05 -0.8
v 0.05 -0.05 -0.8
v 0.15 -0.05 -0.8
v -0.15 0.0500001 -0.5
v -0.05 0.0500001 -0.5
v 0.05 0.0500001 -0.5
v 0.15 0.0500001 -0.5
v -0.15 0.0500001 -0.6
v -0.05 0.0500001 -0.6
v 0.05 0.0500001 -0.6
v 0.15 0.0500001 -0.6
v -0.15 0.0500001 -0.7
v -0.05 0.0500001 -0.7
v 0.05 0.0500001 -0.7
v 0.15 0.0500001 -0.7
v 0.35 0.15 0.6
v 0.45 0.15 0.6
v 0.35 0.15 0.5
v 0.45 0.15 0.5
v -0.25 0.25 -0.2
v -0.15 0.25 -0.2
v -0.25 0.25 -0.3
v -0.15 0.25 -0.3
v -0.35 0.35 -0.2
v -0.25 0.35 -0.2
v -0.35 0.35 -0.3
v -0.25 0.35 -0.3
v -0.15 0.45 0.4
v -0.05 0.45 0.4
v -0.15 0.45 0.3
v -0.05 0.45 0.3
v -0.15 0.55 0.5
v -0.05 0.55 0.5
v -0.15 0.55 0.4
v -0.05 0.55 0.4
v 0.05 0.75 0
v 0.15 0.75 0
v 0.05 0.75 -0.1
v 0.15 0.75 -0.1
v 0.05 0.85 0.1
v 0.15 0.85 0.1
v 0.05 0.85 0
v 0.15 0.85 0
v -0.15 -0.65 -0.5
v -0.05 -0.65 -0.5
v 0.05 -0.65 -0.5
v 0.15 -0.65 -0.5
v -0.15 -0.65 -0.6
v -0.05 -0.65 -0.6
v 0.05 -0.65 -0.6
v 0.15 -0.65 -0.6
v -0.15 -0.55 -0.6
v -0.05 -0.55 -0.6
v 0.05 -0.55 -0.6
v 0.15 -0.55 -0.6
v -0.15 -0.55 -0.7
v -0.05 -0.55 -0.7
v 0.05 -0.55 -0.7
v 0.15 -0.55 -0.7
v -0.15 -0.45 -0.7
v 0.05 -0.45 -0.7
v 0.15 -0.45 -0.7
v -0.15 -0.45 -0.8
v -0.05 -0.45 -0.8
v 0.05 -0.45 -0.8
v 0.15 -0.45 -0.8
v -0.15 -0.05 -0.9
v -0.05 -0.05 -0.9
v 0.05 -0.05 -0.9
v 0.15 -0.05 -0.9
v -0.15 -0.05 -1
v 0.05 -0.05 -1
v 0.15 -0.05 -1
v -0.15 0.0500001 0.9
v -0.05 0.0500001 0.9
v 0.05 0.0500001 0.9
v 0.15 0.0500001 0.9
v -0.35 0.0500001 0.8
v -0.15 0.0500001 0.8
v -0.05 0.0500001 0.8
v 0.05 0.0500001 0.8
v 0.15 0.0500001 0.8
v 0.25 0.0500001 0.8
v 0.35 0.0500001 0.8
v -0.45 0.0500001 0.7
v -0.35 0.0500001 0.7
v -0.15 0.0500001 0.7
v -0.05 0.0500001 0.7
v 0.35 0.0500001 0.7
v 0.45 0.0500001 0.7
v -0.55 0.0500001 0.6
v -0.45 0.0500001 0.6
v -0.35 0.0500001 0.6
v -0.25 0.0500001 0.6
v -0.05 0.0500001 0.6
v 0.05 0.0500001 0.6
v 0.15 0.0500001 0.6
v 0.25 0.0500001 0.6
v 0.35 0.0500001 0.6
v 0.45 0.0500001 0.6
v 0.55 0.0500001 0.6
v -0.55 0.0500001 0.5
v -0.45 0.0500001 0.5
v -0.35 0.0500001 0.5
v -0.25 0.0500001 0.5
v 0.05 0.0500001 0.5
v 0.25 0.0500001 0.5
v 0.35 0.0500001 0.5
v 0.45 0.0500001 0.5
v 0.55 0.0500001 0.5
v -0.65 0.0500001 0.4
v -0.55 0.0500001 0.4
v -0.45 0.0500001 0.4
v -0.35 0.0500001 0.4
v -0.25 0.0500001 0.4
v -0.15 0.0500001 0.4
v -0.05 0.0500001 0.4
v 0.05 0.0500001 0.4
v 0.25 0.0500001 0.4
v 0.35 0.0500001 0.4
v 0.45 0.0500001 0.4
v 0.55 0.0500001 0.4
v 0.65 0.0500001 0.4
v -0.65 0.0500001 0.3
v -0.55 0.0500001 0.3
v -0.45 0.0500001 0.3
v -0.15 0.0500001 0.3
v -0.05 0.0500001 0.3
v 0.35 0.0500001 0.3
v 0.45 0.0500001 0.3
v 0.65 0.0500001 0.3
v -0.65 0.0500001 0.2
v -0.55 0.0500001 0.2
v -0.45 0.0500001 0.2
v -0.35 0.0500001 0.2
v -0.05 0.0500001 0.2
v 0.05 0.0500001 0.2
v 0.15 0.0500001 0.2
v 0.25 0.0500001 0.2
v 0.45 0.0500001 0.2
v 0.55 0.0500001 0.2
v 0.65 0.0500001 0.2
v -0.65 0.0500001 0.1
v -0.55 0.0500001 0.1
v -0.45 0.0500001 0.1
v -0.25 0.0500001 0.1
v -0.15 0.0500001 0.1
v -0.05 0.0500001 0.1
v 0.55 0.0500001 0.1
v 0.65 0.0500001 0.1
v -0.55 0.0500001 0
v -0.45 0.0500001 0
v -0.25 0.0500001 0
v -0.15 0.0500001 0
v 0.05 0.0500001 0
v 0.25 0.0500001 0
v 0.35 0.0500001 0
v 0.45 0.0500001 0
v 0.55 0.0500001 0
v -0.55 0.0500001 -0.1
v -0.45 0.0500001 -0.1
v -0.35 0.0500001 -0.1
v -0.05 0.0500001 -0.1
v 0.15 0.0500001 -0.1
v 0.35 0.0500001 -0.1
v 0.45 0.0500001 -0.1
v 0.55 0.0500001 -0.1
v -0.45 0.0500001 -0.2
v -0.35 0.0500001 -0.2
v -0.25 0.0500001 -0.2
v -0.15 0.0500001 -0.2
v -0.05 0.0500001 -0.2
v 0.15 0.0500001 -0.2
v 0.25 0.0500001 -0.2
v 0.35 0.0500001 -0.2
v 0.45 0.0500001 -0.2
v -0.35 0.0500001 -0.3
v -0.25 0.0500001 -0.3
v -0.15 0.0500001 -0.3
v -0.05 0.0500001 -0.3
v 0.15 0.0500001 -0.3
v 0.25 0.0500001 -0.3
v 0.35 0.0500001 -0.3
v -0.15 0.0500001 -0.4
v -0.05 0.0500001 -0.4
v 0.05 0.0500001 -0.4
v 0.15 0.0500001 -0.4
v -0.15 0.15 -0.8
v 0.05 0.15 -0.8
v 0.15 0.15 -0.8
v -0.15 0.15 -0.9
v 0.05 0.15 -0.9
v 0.15 0.15 -0.9
v 0.35 0.25 0.5
v 0.45 0.25 0.5
v 0.35 0.25 0.4
v 0.45 0.25 0.4
v -0.15 0.25 -0.6
v 0.05 0.25 -0.6
v 0.15 0.25 -0.6
v 0.05 0.25 -0.7
v 0.15 0.25 -0.7
v -0.15 0.25 -0.8
v 0.05 0.25 -0.8
v 0.15 0.25 -0.8
v 0.35 0.35 0.6
v 0.45 0.35 0.6
v 0.35 0.35 0.5
v 0.45 0.35 0.5
v -0.15 0.35 -0.5
v -0.05 0.35 -0.5
v 0.05 0.35 -0.5
v 0.15 0.35 -0.5
v -0.15 0.35 -0.6
v 0.05 0.35 -0.6
v 0.15 0.35 -0.6
v -0.25 0.45 1
v -0.15 0.45 1
v 0.05 0.45 1
v 0.25 0.45 1
v -0.45 0.45 0.9
v -0.25 0.45 0.9
v -0.15 0.45 0.9
v 0.05 0.45 0.9
v 0.15 0.45 0.9
v 0.25 0.45 0.9
v 0.35 0.45 0.9
v 0.45 0.45 0.9
v -0.55 0.45 0.8
v -0.45 0.45 0.8
v -0.35 0.45 0.8
v -0.25 0.45 0.8
v -0.15 0.45 0.8
v 0.15 0.45 0.8
v 0.25 0.45 0.8
v 0.35 0.45 0.8
v 0.45 0.45 0.8
v 0.55 0.45 0.8
v -0.65 0.45 0.7
v -0.55 0.45 0.7
v -0.45 0.45 0.7
v -0.35 0.45 0.7
v 0.35 0.45 0.7
v 0.45 0.45 0.7
v 0.55 0.45 0.7
v 0.65 0.45 0.7
v -0.65 0.45 0.6
v -0.55 0.45 0.6
v -0.45 0.45 0.6
v 0.45 0.45 0.6
v 0.55 0.45 0.6
v -0.75 0.45 0.5
v -0.65 0.45 0.5
v -0.55 0.45 0.5
v 0.55 0.45 0.5
v 0.65 0.45 0.5
v 0.75 0.45 0.5
v -0.75 0.45 0.4
v -0.65 0.45 0.4
v -0.55 0.45 0.4
v 0.55 0.45 0.4
v 0.65 0.45 0.4
v 0.75 0.45 0.4
v 0.65 0.45 0.3
v 0.75 0.45 0.3
v -0.75 0.45 0.2
v -0.65 0.45 0.2
v -0.65 0.45 0.1
v -0.55 0.45 0.1
v 0.55 0.45 0.1
v 0.65 0.45 0.1
v 0.75 0.45 0.1
v -0.75 0.45 0
v -0.65 0.45 0
v -0.55 0.45 0
v 0.55 0.45 0
v 0.65 0.45 0
v 0.75 0.45 0
v -0.65 0.45 -0.1
v -0.55 0.45 -0.1
v -0.45 0.45 -0.1
v 0.45 0.45 -0.1
v 0.55 0.45 -0.1
v -0.65 0.45 -0.2
v -0.55 0.45 -0.2
v -0.45 0.45 -0.2
v -0.35 0.45 -0.2
v -0.25 0.45 -0.2
v -0.15 0.45 -0.2
v 0.35 0.45 -0.2
v 0.45 0.45 -0.2
v 0.55 0.45 -0.2
v 0.65 0.45 -0.2
v -0.55 0.45 -0.3
v -0.45 0.45 -0.3
v -0.35 0.45 -0.3
v -0.25 0.45 -0.3
v -0.15 0.45 -0.3
v 0.15 0.45 -0.3
v 0.25 0.45 -0.3
v 0.35 0.45 -0.3
v 0.45 0.45 -0.3
v 0.55 0.45 -0.3
v -0.45 0.45 -0.4
v -0.35 0.45 -0.4
v -0.25 0.45 -0.4
v -0.15 0.45 -0.4
v -0.05 0.45 -0.4
v 0.05 0.45 -0.4
v 0.15 0.45 -0.4
v 0.25 0.45 -0.4
v 0.35 0.45 -0.4
v 0.45 0.45 -0.4
v -0.25 0.45 -0.5
v -0.05 0.45 -0.5
v 0.05 0.45 -0.5
v 0.25 0.45 -0.5
v -0.35 0.55 -0.2
v -0.25 0.55 -0.2
v -0.35 0.55 -0.3
v -0.25 0.55 -0.3
v -0.15 0.65 0.4
v -0.05 0.65 0.4
v -0.15 0.65 0.3
v -0.05 0.65 0.3
v -0.15 0.75 0.5
v -0.05 0.75 0.5
v -0.15 0.75 0.4
v -0.05 0.75 0.4
v 0.05 0.95 0
v 0.15 0.95 0
v 0.05 0.95 -0.1
v 0.15 0.95 -0.1
v 0.05 1.05 0.1
v 0.15 1.05 0.1
v 0.05 1.05 0
v 0.15 1.05 0

# faces
f 5/1/1 2/1/1 1/1/1
f 6/3/1 3/3/1 2/3/1
f 6/1/1 2/1/1 5/1/1
f 7/1/1 4/1/1 3/1/1
f 8/1/1 4/1/1 7/1/1
f 9/2/1 6/2/1 5/2/1
f 10/3/1 3/3/1 6/3/1
f 10/2/1 6/2/1 9/2/1
f 11/1/1 7/1/1 3/1/1
f 11/3/1 3/3/1 10/3/1
f 12/3/1 8/3/1 7/3/1
f 12/1/1 7/1/1 11/1/1
f 13/3/1 8/3/1 12/3/1
f 14/3/1 8/3/1 13/3/1
f 15/1/1 10/1/1 9/1/1
f 15/1/1 11/1/1 10/1/1
f 16/2/1 12/2/1 11/2/1
f 16/1/1 11/1/1 15/1/1
f 17/3/1 13/3/1 12/3/1
f 17/2/1 12/2/1 16/2/1
f 18/2/1 14/2/1 13/2/1
f 18/3/1 13/3/1 17/3/1
f 19/3/1 16/3/1 15/3/1
f 20/3/1 16/3/1 19/3/1
f 21/2/1 17/2/1 16/2/1
f 21/3/1 16/3/1 20/3/1
f 21/2/1 18/2/1 17/2/1
f 22/2/1 18/2/1 21/2/1
f 23/2/1 14/2/1 18/2/1
f 23/2/1 18/2/1 22/2/1
f 24/2/1 20/2/1 19/2/1
f 25/1/1 22/1/1 21/1/1
f 25/2/1 20/2/1 24/2/1
f 25/1/1 21/1/1 20/1/1
f 26/1/1 22/1/1 25/1/1
f 27/3/1 23/3/1 22/3/1
f 27/1/1 22/1/1 26/1/1
f 28/2/1 14/2/1 23/2/1
f 28/3/1 23/3/1 27/3/1
f 29/1/1 26/1/1 25/1/1
f 29/1/1 25/1/1 24/1/1
f 30/1/1 26/1/1 29/1/1
f 31/2/1 27/2/1 26/2/1
f 31/1/1 26/1/1 30/1/1
f 31/2/1 28/2/1 27/2/1
f 32/2/1 28/2/1 31/2/1
f 33/2/1 14/2/1 28/2/1
f 33/2/1 28/2/1 32/2/1
f 34/3/1 30/3/1 29/3/1
f 34/2/1 31/2/1 30/2/1
f 35/1/1 32/1/1 31/1/1
f 35/2/1 31/2/1 34/2/1
f 36/3/1 33/3/1 32/3/1
f 36/1/1 32/1/1 35/1/1
f 37/3/1 34/3/1 29/3/1
f 38/1/1 35/1/1 34/1/1
f 38/3/1 34/3/1 37/3/1
f 39/3/1 33/3/1 36/3/1
f 39/2/1 36/2/1 35/2/1
f 40/2/1 14/2/1 33/2/1
f 40/3/1 33/3/1 39/3/1
f 41/1/1 38/1/1 37/1/1
f 42/1/1 35/1/1 38/1/1
f 42/1/1 38/1/1 41/1/1
f 43/2/1 39/2/1 35/2/1
f 43/1/1 35/1/1 42/1/1
f 43/2/1 40/2/1 39/2/1
f 44/2/1 14/2/1 40/2/1
f 44/2/1 40/2/1 43/2/1
f 45/3/1 42/3/1 41/3/1
f 46/1/1 43/1/1 42/1/1
f 46/3/1 42/3/1 45/3/1
f 47/3/1 44/3/1 43/3/1
f 47/1/1 43/1/1 46/1/1
f 48/3/1 44/3/1 47/3/1
f 49/2/1 46/2/1 45/2/1
f 49/2/1 47/2/1 46/2/1
f 50/2/1 47/2/1 49/2/1
f 51/1/1 48/1/1 47/1/1
f 51/2/1 47/2/1 50/2/1
f 52/3/1 44/3/1 48/3/1
f 52/1/1 48/1/1 51/1/1
f 53/3/1 44/3/1 52/3/1
f 54/1/1 51/1/1 50/1/1
f 54/3/1 50/3/1 49/3/1
f 55/2/1 52/2/1 51/2/1
f 55/1/1 51/1/1 54/1/1
f 56/1/1 53/1/1 52/1/1
f 56/2/1 52/2/1 55/2/1
f 57/3/1 44/3/1 53/3/1
f 57/1/1 53/1/1 56/1/1
f 58/3/1 44/3/1 57/3/1
f 59/3/1 56/3/1 55/3/1
f 59/3/1 55/3/1 54/3/1
f 59/3/1 54/3/1 49/3/1
f 59/3/1 57/3/1 56/3/1
f 60/3/1 57/3/1 59/3/1
f 61/3/1 57/3/1 60/3/1
f 62/3/1 57/3/1 61/3/1
f 63/2/1 58/2/1 57/2/1
f 63/3/1 57/3/1 62/3/1
f 64/1/1 62/1/1 61/1/1
f 64/2/1 61/2/1 60/2/1
f 65/2/1 63/2/1 62/2/1
f 65/1/1 62/1/1 64/1/1
f 66/2/1 58/2/1 63/2/1
f 66/2/1 63/2/1 65/2/1
f 67/1/1 60/1/1 59/1/1
f 68/2/1 65/2/1 64/2/1
f 68/1/1 60/1/1 67/1/1
f 68/2/1 64/2/1 60/2/1
f 69/1/1 66/1/1 65/1/1
f 69/2/1 65/2/1 68/2/1
f 70/1/1 66/1/1 69/1/1
f 77/3/1 73/3/1 72/3/1
f 78/2/1 75/2/1 74/2/1
f 79/1/1 76/1/1 75/1/1
f 79/2/1 75/2/1 78/2/1
f 80/1/1 76/1/1 79/1/1
f 81/3/1 77/3/1 72/3/1
f 82/3/1 79/3/1 78/3/1
f 82/3/1 80/3/1 79/3/1
f 83/3/1 80/3/1 82/3/1
f 84/1/1 72/1/1 71/1/1
f 85/3/1 81/3/1 72/3/1
f 85/1/1 72/1/1 84/1/1
f 86/3/1 81/3/1 85/3/1
f 87/1/1 83/1/1 82/1/1
f 88/1/1 83/1/1 87/1/1
f 89/2/1 86/2/1 85/2/1
f 89/3/1 85/3/1 84/3/1
f 90/2/1 86/2/1 89/2/1
f 91/2/1 88/2/1 87/2/1
f 91/1/1 87/1/1 82/1/1
f 92/2/1 88/2/1 91/2/1
f 93/3/1 89/3/1 84/3/1
f 94/1/1 90/1/1 89/1/1
f 94/3/1 89/3/1 93/3/1
f 95/1/1 90/1/1 94/1/1
f 96/1/1 91/1/1 82/1/1
f 97/3/1 92/3/1 91/3/1
f 97/1/1 91/1/1 96/1/1
f 98/3/1 92/3/1 97/3/1
f 99/3/1 95/3/1 94/3/1
f 100/1/1 94/1/1 93/1/1
f 101/3/1 99/3/1 94/3/1
f 101/1/1 94/1/1 100/1/1
f 102/3/1 99/3/1 101/3/1
f 103/3/1 97/3/1 96/3/1
f 104/2/1 98/2/1 97/2/1
f 104/3/1 97/3/1 103/3/1
f 105/2/1 98/2/1 104/2/1
f 106/3/1 101/3/1 100/3/1
f 107/1/1 102/1/1 101/1/1
f 107/3/1 101/3/1 106/3/1
f 108/1/1 102/1/1 107/1/1
f 109/1/1 104/1/1 103/1/1
f 109/1/1 105/1/1 104/1/1
f 110/1/1 105/1/1 109/1/1
f 111/1/1 105/1/1 110/1/1
f 112/2/1 107/2/1 106/2/1
f 113/1/1 108/1/1 107/1/1
f 113/2/1 107/2/1 112/2/1
f 114/1/1 108/1/1 113/1/1
f 115/2/1 110/2/1 109/2/1
f 116/3/1 111/3/1 110/3/1
f 116/2/1 110/2/1 115/2/1
f 117/1/1 114/1/1 113/1/1
f 118/1/1 116/1/1 115/1/1
f 119/3/1 111/3/1 116/3/1
f 119/1/1 116/1/1 118/1/1
f 120/3/1 111/3/1 119/3/1
f 121/3/1 113/3/1 112/3/1
f 122/1/1 117/1/1 113/1/1
f 122/3/1 113/3/1 121/3/1
f 123/1/1 117/1/1 122/1/1
f 124/2/1 119/2/1 118/2/1
f 124/2/1 120/2/1 119/2/1
f 125/2/1 120/2/1 124/2/1
f 126/1/1 123/1/1 122/1/1
f 126/1/1 122/1/1 121/1/1
f 127/1/1 123/1/1 126/1/1
f 128/1/1 125/1/1 124/1/1
f 129/1/1 125/1/1 128/1/1
f 130/1/1 123/1/1 127/1/1
f 131/3/1 129/3/1 128/3/1
f 132/3/1 129/3/1 131/3/1
f 133/3/1 129/3/1 132/3/1
f 134/2/1 127/2/1 126/2/1
f 135/1/1 130/1/1 127/1/1
f 135/2/1 127/2/1 134/2/1
f 136/1/1 130/1/1 135/1/1
f 137/2/1 132/2/1 131/2/1
f 138/1/1 133/1/1 132/1/1
f 138/2/1 132/2/1 137/2/1
f 139/1/1 133/1/1 138/1/1
f 140/1/1 135/1/1 134/1/1
f 141/2/1 136/2/1 135/2/1
f 141/1/1 135/1/1 140/1/1
f 142/2/1 136/2/1 141/2/1
f 143/1/1 138/1/1 137/1/1
f 144/3/1 139/3/1 138/3/1
f 144/1/1 138/1/1 143/1/1
f 145/3/1 139/3/1 144/3/1
f 150/3/1 149/3/1 148/3/1
f 151/3/1 149/3/1 150/3/1
f 152/1/1 151/1/1 150/1/1
f 153/1/1 151/1/1 152/1/1
f 154/3/1 147/3/1 146/3/1
f 155/3/1 147/3/1 154/3/1
f 156/2/1 153/2/1 152/2/1
f 157/1/1 155/1/1 154/1/1
f 158/1/1 155/1/1 157/1/1
f 159/2/1 153/2/1 156/2/1
f 160/3/1 158/3/1 157/3/1
f 161/3/1 158/3/1 160/3/1
f 162/2/1 153/2/1 159/2/1
f 163/2/1 153/2/1 162/2/1
f 164/2/1 161/2/1 160/2/1
f 165/2/1 161/2/1 164/2/1
f 166/1/1 163/1/1 162/1/1
f 167/1/1 163/1/1 166/1/1
f 168/3/1 165/3/1 164/3/1
f 169/3/1 165/3/1 168/3/1
f 170/2/1 167/2/1 166/2/1
f 171/2/1 169/2/1 168/2/1
f 172/2/1 167/2/1 170/2/1
f 173/2/1 167/2/1 172/2/1
f 174/1/1 173/1/1 172/1/1
f 175/1/1 173/1/1 174/1/1
f 176/2/1 171/2/1 168/2/1
f 177/2/1 171/2/1 176/2/1
f 178/2/1 175/2/1 174/2/1
f 179/2/1 175/2/1 178/2/1
f 180/3/1 177/3/1 176/3/1
f 181/3/1 179/3/1 178/3/1
f 182/3/1 179/3/1 181/3/1
f 183/3/1 179/3/1 182/3/1
f 184/3/1 180/3/1 176/3/1
f 185/3/1 180/3/1 184/3/1
f 186/2/1 183/2/1 182/2/1
f 187/1/1 185/1/1 184/1/1
f 188/1/1 185/1/1 187/1/1
f 189/2/1 183/2/1 186/2/1
f 190/2/1 183/2/1 189/2/1
f 195/3/1 194/3/1 193/3/1
f 196/3/1 194/3/1 195/3/1
f 197/3/1 192/3/1 191/3/1
f 198/3/1 192/3/1 197/3/1
f 199/2/1 196/2/1 195/2/1
f 200/1/1 198/1/1 197/1/1
f 201/1/1 198/1/1 200/1/1
f 202/2/1 196/2/1 199/2/1
f 203/2/1 196/2/1 202/2/1
f 204/2/1 201/2/1 200/2/1
f 205/1/1 203/1/1 202/1/1
f 206/1/1 203/1/1 205/1/1
f 207/2/1 204/2/1 200/2/1
f 208/2/1 204/2/1 207/2/1
f 209/2/1 206/2/1 205/2/1
f 210/3/1 208/3/1 207/3/1
f 211/3/1 208/3/1 210/3/1
f 212/1/1 211/1/1 210/1/1
f 213/1/1 211/1/1 212/1/1
f 214/2/1 206/2/1 209/2/1
f 215/2/1 206/2/1 214/2/1
f 216/3/1 213/3/1 212/3/1
f 217/1/1 215/1/1 214/1/1
f 218/3/1 216/3/1 212/3/1
f 219/3/1 216/3/1 218/3/1
f 220/1/1 215/1/1 217/1/1
f 221/1/1 215/1/1 220/1/1
f 222/1/1 219/1/1 218/1/1
f 223/1/1 219/1/1 222/1/1
f 224/2/1 221/2/1 220/2/1
f 225/2/1 221/2/1 224/2/1
f 226/3/1 223/3/1 222/3/1
f 227/3/1 223/3/1 226/3/1
f 228/3/1 225/3/1 224/3/1
f 229/3/1 225/3/1 228/3/1
f 230/2/1 229/2/1 228/2/1
f 231/2/1 229/2/1 230/2/1
f 232/1/1 227/1/1 226/1/1
f 233/1/1 227/1/1 232/1/1
f 234/1/1 231/1/1 230/1/1
f 235/1/1 231/1/1 234/1/1
f 236/3/1 233/3/1 232/3/1
f 237/3/1 233/3/1 236/3/1
f 238/2/1 235/2/1 234/2/1
f 239/2/1 235/2/1 238/2/1
f 242/6/1 241/6/1 240/6/1
f 243/6/1 241/6/1 242/6/1
f 248/3/1 245/3/1 244/3/1
f 249/2/1 247/2/1 246/2/1
f 250/3/1 248/3/1 244/3/1
f 251/2/1 247/2/1 249/2/1
f 252/2/1 247/2/1 251/2/1
f 253/3/1 252/3/1 251/3/1
f 254/3/1 252/3/1 253/3/1
f 255/3/1 250/3/1 244/3/1
f 256/2/1 254/2/1 253/2/1
f 257/3/1 255/3/1 244/3/1
f 258/2/1 254/2/1 256/2/1
f 259/2/1 254/2/1 258/2/1
f 260/3/1 257/3/1 244/3/1
f 261/3/1 257/3/1 260/3/1
f 262/3/1 259/3/1 258/3/1
f 263/3/1 259/3/1 262/3/1
f 264/2/1 261/2/1 260/2/1
f 265/2/1 261/2/1 264/2/1
f 266/1/1 263/1/1 262/1/1
f 267/1/1 263/1/1 266/1/1
f 268/1/1 265/1/1 264/1/1
f 269/2/1 267/2/1 266/2/1
f 270/2/1 267/2/1 269/2/1
f 271/1/1 268/1/1 264/1/1
f 272/1/1 268/1/1 271/1/1
f 273/1/1 270/1/1 269/1/1
f 274/1/1 270/1/1 273/1/1
f 275/2/1 272/2/1 271/2/1
f 276/2/1 272/2/1 275/2/1
f 277/3/1 274/3/1 273/3/1
f 278/1/1 276/1/1 275/1/1
f 279/1/1 276/1/1 278/1/1
f 280/3/1 274/3/1 277/3/1
f 281/3/1 279/3/1 278/3/1
f 284/3/1 274/3/1 280/3/1
f 285/3/1 281/3/1 278/3/1
f 286/6/1 283/6/1 282/6/1
f 287/6/1 283/6/1 286/6/1
f 288/3/1 274/3/1 284/3/1
f 289/3/1 285/3/1 278/3/1
f 290/3/1 285/3/1 289/3/1
f 291/3/1 274/3/1 288/3/1
f 292/3/1 274/3/1 291/3/1
f 295/1/1 294/1/1 293/1/1
f 296/1/1 294/1/1 295/1/1
f 297/1/1 294/1/1 296/1/1
f 299/2/1 296/2/1 295/2/1
f 300/3/1 298/3/1 297/3/1
f 300/2/1 296/2/1 299/2/1
f 300/3/1 297/3/1 296/3/1
f 301/3/1 298/3/1 300/3/1
f 303/3/1 302/3/1 301/3/1
f 303/3/1 301/3/1 300/3/1
f 304/3/1 302/3/1 303/3/1
f 305/3/1 302/3/1 304/3/1
f 306/3/1 302/3/1 305/3/1
f 308/1/1 305/1/1 304/1/1
f 309/3/1 306/3/1 305/3/1
f 309/1/1 305/1/1 308/1/1
f 310/2/1 307/2/1 306/2/1
f 310/3/1 306/3/1 309/3/1
f 311/2/1 307/2/1 310/2/1
f 312/1/1 310/1/1 309/1/1
f 313/3/1 311/3/1 310/3/1
f 313/1/1 310/1/1 312/1/1
f 314/3/1 311/3/1 313/3/1
f 315/3/1 313/3/1 312/3/1
f 315/2/1 314/2/1 313/2/1
f 316/2/1 314/2/1 315/2/1
f 318/3/1 315/3/1 312/3/1
f 318/3/1 316/3/1 315/3/1
f 319/3/1 316/3/1 318/3/1
f 320/3/1 316/3/1 319/3/1
f 323/3/1 318/3/1 317/3/1
f 324/1/1 319/1/1 318/1/1
f 324/3/1 318/3/1 323/3/1
f 325/1/1 319/1/1 324/1/1
f 326/1/1 322/1/1 321/1/1
f 327/3/1 323/3/1 322/3/1
f 327/1/1 322/1/1 326/1/1
f 328/1/1 324/1/1 323/1/1
f 328/3/1 323/3/1 327/3/1
f 329/3/1 325/3/1 324/3/1
f 329/1/1 324/1/1 328/1/1
f 330/3/1 325/3/1 329/3/1
f 331/2/1 327/2/1 326/2/1
f 331/1/1 328/1/1 327/1/1
f 331/1/1 329/1/1 328/1/1
f 332/1/1 329/1/1 331/1/1
f 333/2/1 331/2/1 326/2/1
f 334/2/1 331/2/1 333/2/1
f 338/6/1 336/6/1 335/6/1
f 339/6/1 336/6/1 338/6/1
f 339/6/1 338/6/1 337/6/1
f 340/6/1 336/6/1 339/6/1
f 341/6/1 339/6/1 337/6/1
f 342/6/1 339/6/1 341/6/1
f 346/6/1 344/6/1 343/6/1
f 347/6/1 344/6/1 346/6/1
f 347/6/1 346/6/1 345/6/1
f 348/6/1 344/6/1 347/6/1
f 349/6/1 347/6/1 345/6/1
f 350/6/1 347/6/1 349/6/1
f 355/1/1 352/1/1 351/1/1
f 356/1/1 352/1/1 355/1/1
f 357/2/1 354/2/1 353/2/1
f 358/2/1 356/2/1 355/2/1
f 359/2/1 356/2/1 358/2/1
f 360/2/1 357/2/1 353/2/1
f 361/2/1 357/2/1 360/2/1
f 362/3/1 359/3/1 358/3/1
f 363/3/1 359/3/1 362/3/1
f 364/1/1 361/1/1 360/1/1
f 365/1/1 361/1/1 364/1/1
f 366/1/1 363/1/1 362/1/1
f 367/1/1 363/1/1 366/1/1
f 368/2/1 365/2/1 364/2/1
f 369/2/1 365/2/1 368/2/1
f 376/3/1 371/3/1 370/3/1
f 377/3/1 371/3/1 376/3/1
f 379/6/1 373/6/1 372/6/1
f 380/2/1 375/2/1 374/2/1
f 381/2/1 375/2/1 380/2/1
f 382/1/1 377/1/1 376/1/1
f 383/1/1 377/1/1 382/1/1
f 384/6/1 379/6/1 378/6/1
f 384/6/1 373/6/1 379/6/1
f 385/6/1 373/6/1 384/6/1
f 386/1/1 381/1/1 380/1/1
f 387/1/1 381/1/1 386/1/1
f 388/6/1 384/6/1 378/6/1
f 389/6/1 384/6/1 388/6/1
f 390/3/1 387/3/1 386/3/1
f 391/3/1 383/3/1 382/3/1
f 392/3/1 383/3/1 391/3/1
f 393/3/1 390/3/1 386/3/1
f 394/3/1 390/3/1 393/3/1
f 399/2/1 396/2/1 395/2/1
f 400/2/1 396/2/1 399/2/1
f 401/1/1 398/1/1 397/1/1
f 402/1/1 398/1/1 401/1/1
f 403/3/1 400/3/1 399/3/1
f 404/2/1 402/2/1 401/2/1
f 405/3/1 400/3/1 403/3/1
f 406/2/1 404/2/1 401/2/1
f 407/2/1 404/2/1 406/2/1
f 408/3/1 405/3/1 403/3/1
f 409/3/1 405/3/1 408/3/1
f 410/1/1 407/1/1 406/1/1
f 411/1/1 407/1/1 410/1/1
f 418/1/1 413/1/1 412/1/1
f 419/2/1 414/2/1 413/2/1
f 419/1/1 413/1/1 418/1/1
f 420/2/1 414/2/1 419/2/1
f 421/1/1 417/1/1 416/1/1
f 421/3/1 416/3/1 415/3/1
f 422/1/1 417/1/1 421/1/1
f 423/3/1 420/3/1 419/3/1
f 423/3/1 419/3/1 418/3/1
f 424/3/1 420/3/1 423/3/1
f 425/3/1 422/3/1 421/3/1
f 425/3/1 421/3/1 415/3/1
f 426/3/1 422/3/1 425/3/1
f 427/3/1 422/3/1 426/3/1
f 428/1/1 427/1/1 426/1/1
f 429/1/1 424/1/1 423/1/1
f 430/3/1 420/3/1 424/3/1
f 430/1/1 424/1/1 429/1/1
f 431/3/1 420/3/1 430/3/1
f 432/2/1 426/2/1 425/2/1
f 433/1/1 428/1/1 426/1/1
f 433/2/1 426/2/1 432/2/1
f 434/1/1 428/1/1 433/1/1
f 439/3/1 436/3/1 435/3/1
f 440/1/1 437/1/1 436/1/1
f 440/3/1 436/3/1 439/3/1
f 441/3/1 438/3/1 437/3/1
f 441/1/1 437/1/1 440/1/1
f 442/3/1 438/3/1 441/3/1
f 443/3/1 441/3/1 440/3/1
f 443/2/1 442/2/1 441/2/1
f 444/2/1 442/2/1 443/2/1
f 445/3/1 443/3/1 440/3/1
f 445/1/1 444/1/1 443/1/1
f 446/1/1 444/1/1 445/1/1
f 447/2/1 440/2/1 439/2/1
f 448/3/1 445/3/1 440/3/1
f 448/2/1 440/2/1 447/2/1
f 448/3/1 446/3/1 445/3/1
f 449/3/1 446/3/1 448/3/1
f 450/1/2 451/1/2 454/1/2
f 451/2/2 452/2/2 455/2/2
f 454/1/2 451/1/2 455/1/2
f 452/1/2 453/1/2 456/1/2
f 455/2/2 452/2/2 456/2/2
f 456/1/2 453/1/2 457/1/2
f 454/3/2 455/3/2 458/3/2
f 455/3/2 456/3/2 458/3/2
f 456/3/2 457/3/2 458/3/2
f 458/3/2 457/3/2 459/3/2
f 459/3/2 457/3/2 460/3/2
f 460/3/2 457/3/2 461/3/2
f 458/2/2 459/2/2 462/2/2
f 459/1/2 460/1/2 463/1/2
f 462/2/2 459/2/2 463/2/2
f 460/2/2 461/2/2 464/2/2
f 463/1/2 460/1/2 464/1/2
f 464/2/2 461/2/2 465/2/2
f 462/2/2 463/2/2 466/2/2
f 463/2/2 464/2/2 466/2/2
f 464/1/2 465/1/2 467/1/2
f 466/2/2 464/2/2 467/2/2
f 467/1/2 465/1/2 468/1/2
f 469/1/2 470/1/2 475/1/2
f 473/1/2 474/1/2 476/1/2
f 472/3/2 473/3/2 476/3/2
f 476/1/2 474/1/2 477/1/2
f 475/1/2 470/1/2 478/1/2
f 470/3/2 471/3/2 479/3/2
f 478/1/2 470/1/2 479/1/2
f 479/3/2 471/3/2 480/3/2
f 472/3/2 476/3/2 481/3/2
f 476/3/2 477/3/2 481/3/2
f 481/3/2 477/3/2 482/3/2
f 478/1/2 479/1/2 483/1/2
f 479/2/2 480/2/2 484/2/2
f 483/1/2 479/1/2 484/1/2
f 484/2/2 480/2/2 485/2/2
f 481/2/2 482/2/2 486/2/2
f 486/2/2 482/2/2 487/2/2
f 487/2/2 482/2/2 488/2/2
f 483/2/2 484/2/2 489/2/2
f 484/3/2 485/3/2 490/3/2
f 489/2/2 484/2/2 490/2/2
f 490/3/2 485/3/2 491/3/2
f 486/3/2 487/3/2 492/3/2
f 487/1/2 488/1/2 493/1/2
f 492/3/2 487/3/2 493/3/2
f 493/1/2 488/1/2 494/1/2
f 495/2/2 496/2/2 499/2/2
f 499/2/2 496/2/2 500/2/2
f 499/3/2 500/3/2 501/3/2
f 501/3/2 500/3/2 502/3/2
f 497/2/2 498/2/2 503/2/2
f 501/2/2 502/2/2 504/2/2
f 504/2/2 502/2/2 505/2/2
f 497/2/2 503/2/2 506/2/2
f 504/3/2 505/3/2 507/3/2
f 507/3/2 505/3/2 508/3/2
f 497/2/2 506/2/2 509/2/2
f 509/2/2 506/2/2 510/2/2
f 511/1/2 512/1/2 515/1/2
f 515/1/2 512/1/2 516/1/2
f 513/2/2 514/2/2 517/2/2
f 515/3/2 516/3/2 518/3/2
f 518/3/2 516/3/2 519/3/2
f 513/2/2 517/2/2 520/2/2
f 520/2/2 517/2/2 521/2/2
f 518/1/2 519/1/2 522/1/2
f 522/1/2 519/1/2 523/1/2
f 520/1/2 521/1/2 524/1/2
f 524/1/2 521/1/2 525/1/2
f 522/3/2 523/3/2 526/3/2
f 526/3/2 523/3/2 527/3/2
f 528/6/2 529/6/2 530/6/2
f 530/6/2 529/6/2 531/6/2
f 532/2/2 533/2/2 536/2/2
f 536/2/2 533/2/2 537/2/2
f 534/1/2 535/1/2 538/1/2
f 536/3/2 537/3/2 539/3/2
f 539/3/2 537/3/2 540/3/2
f 534/1/2 538/1/2 542/1/2
f 542/1/2 538/1/2 543/1/2
f 539/1/2 540/1/2 544/1/2
f 544/1/2 540/1/2 545/1/2
f 541/6/2 542/6/2 546/6/2
f 542/3/2 543/3/2 546/3/2
f 546/3/2 543/3/2 547/3/2
f 544/2/2 545/2/2 548/2/2
f 548/2/2 545/2/2 549/2/2
f 541/6/2 546/6/2 550/6/2
f 546/2/2 547/2/2 551/2/2
f 550/6/2 546/6/2 551/6/2
f 551/2/2 547/2/2 552/2/2
f 553/6/2 554/6/2 556/6/2
f 556/6/2 554/6/2 557/6/2
f 555/6/2 556/6/2 557/6/2
f 557/6/2 554/6/2 558/6/2
f 555/6/2 557/6/2 559/6/2
f 559/6/2 557/6/2 560/6/2
f 561/2/2 562/2/2 564/2/2
f 562/3/2 563/3/2 565/3/2
f 564/2/2 562/2/2 565/2/2
f 565/3/2 563/3/2 566/3/2
f 564/1/2 565/1/2 568/1/2
f 565/3/2 566/3/2 569/3/2
f 568/1/2 565/1/2 569/1/2
f 566/1/2 567/1/2 570/1/2
f 569/3/2 566/3/2 572/3/2
f 566/1/2 570/1/2 573/1/2
f 572/3/2 566/3/2 573/3/2
f 570/2/2 571/2/2 574/2/2
f 573/1/2 570/1/2 574/1/2
f 574/2/2 571/2/2 575/2/2
f 573/2/2 574/2/2 577/2/2
f 575/3/2 576/3/2 578/3/2
f 577/2/2 574/2/2 578/2/2
f 574/3/2 575/3/2 578/3/2
f 578/3/2 576/3/2 579/3/2
f 578/1/2 579/1/2 580/1/2
f 580/1/2 579/1/2 581/1/2
f 581/1/2 579/1/2 582/1/2
f 580/3/2 581/3/2 583/3/2
f 581/2/2 582/2/2 583/2/2
f 583/2/2 582/2/2 584/2/2
f 580/3/2 583/3/2 585/3/2
f 583/3/2 584/3/2 585/3/2
f 585/3/2 584/3/2 586/3/2
f 585/2/2 586/2/2 588/2/2
f 588/2/2 586/2/2 589/2/2
f 589/2/2 586/2/2 590/2/2
f 587/2/2 588/2/2 593/2/2
f 588/1/2 589/1/2 594/1/2
f 593/2/2 588/2/2 594/2/2
f 591/3/2 592/3/2 595/3/2
f 592/1/2 593/1/2 596/1/2
f 595/3/2 592/3/2 596/3/2
f 593/1/2 594/1/2 596/1/2
f 596/1/2 594/1/2 597/1/2
f 594/1/2 589/1/2 598/1/2
f 597/1/2 594/1/2 598/1/2
f 598/1/2 589/1/2 599/1/2
f 595/2/2 596/2/2 600/2/2
f 596/1/2 597/1/2 601/1/2
f 600/2/2 596/2/2 601/2/2
f 597/2/2 598/2/2 602/2/2
f 601/1/2 597/1/2 602/1/2
f 602/2/2 598/2/2 603/2/2
f 600/3/2 601/3/2 604/3/2
f 604/3/2 601/3/2 605/3/2
f 606/6/2 607/6/2 609/6/2
f 609/6/2 607/6/2 610/6/2
f 608/6/2 609/6/2 610/6/2
f 610/6/2 607/6/2 611/6/2
f 608/6/2 610/6/2 612/6/2
f 612/6/2 610/6/2 613/6/2
f 616/1/2 617/1/2 618/1/2
f 618/1/2 617/1/2 619/1/2
f 614/3/2 615/3/2 620/3/2
f 620/3/2 615/3/2 621/3/2
f 618/2/2 619/2/2 622/2/2
f 620/1/2 621/1/2 623/1/2
f 622/2/2 619/2/2 624/2/2
f 624/2/2 619/2/2 625/2/2
f 620/1/2 623/1/2 626/1/2
f 626/1/2 623/1/2 627/1/2
f 624/1/2 625/1/2 628/1/2
f 626/2/2 627/2/2 629/2/2
f 629/2/2 627/2/2 630/2/2
f 628/1/2 625/1/2 631/1/2
f 631/1/2 625/1/2 632/1/2
f 629/3/2 630/3/2 633/3/2
f 633/3/2 630/3/2 634/3/2
f 631/2/2 632/2/2 635/2/2
f 635/2/2 632/2/2 636/2/2
f 633/1/2 634/1/2 637/1/2
f 637/1/2 634/1/2 638/1/2
f 635/3/2 636/3/2 639/3/2
f 639/3/2 636/3/2 640/3/2
f 639/2/2 640/2/2 641/2/2
f 641/2/2 640/2/2 642/2/2
f 637/2/2 638/2/2 643/2/2
f 643/2/2 638/2/2 644/2/2
f 641/3/2 642/3/2 645/3/2
f 645/3/2 642/3/2 646/3/2
f 643/3/2 644/3/2 647/3/2
f 647/3/2 644/3/2 648/3/2
f 646/3/2 642/3/2 649/3/2
f 649/3/2 642/3/2 650/3/2
f 647/1/2 648/1/2 651/1/2
f 649/1/2 650/1/2 652/1/2
f 647/1/2 651/1/2 653/1/2
f 653/1/2 651/1/2 654/1/2
f 652/1/2 650/1/2 655/1/2
f 655/1/2 650/1/2 656/1/2
f 655/2/2 656/2/2 657/2/2
f 657/2/2 656/2/2 658/2/2
f 653/3/2 654/3/2 659/3/2
f 659/3/2 654/3/2 660/3/2
f 657/3/2 658/3/2 661/3/2
f 661/3/2 658/3/2 662/3/2
f 663/3/2 664/3/2 667/3/2
f 665/1/2 666/1/2 668/1/2
f 668/1/2 666/1/2 669/1/2
f 663/3/2 667/3/2 670/3/2
f 670/3/2 667/3/2 671/3/2
f 668/2/2 669/2/2 672/2/2
f 672/2/2 669/2/2 673/2/2
f 670/2/2 671/2/2 674/2/2
f 672/3/2 673/3/2 675/3/2
f 675/3/2 673/3/2 676/3/2
f 670/2/2 674/2/2 677/2/2
f 677/2/2 674/2/2 678/2/2
f 675/2/2 676/2/2 679/2/2
f 679/2/2 676/2/2 680/2/2
f 677/3/2 678/3/2 681/3/2
f 681/3/2 678/3/2 682/3/2
f 679/3/2 680/3/2 683/3/2
f 683/3/2 680/3/2 684/3/2
f 681/1/2 682/1/2 685/1/2
f 685/1/2 682/1/2 686/1/2
f 683/1/2 684/1/2 687/1/2
f 687/1/2 684/1/2 688/1/2
f 685/3/2 686/3/2 689/3/2
f 689/3/2 686/3/2 690/3/2
f 687/3/2 688/3/2 691/3/2
f 691/3/2 688/3/2 692/3/2
f 689/1/2 690/1/2 693/1/2
f 693/1/2 690/1/2 694/1/2
f 693/2/2 694/2/2 695/2/2
f 691/2/2 692/2/2 696/2/2
f 696/2/2 692/2/2 697/2/2
f 693/2/2 695/2/2 698/2/2
f 698/2/2 695/2/2 699/2/2
f 696/3/2 697/3/2 700/3/2
f 700/3/2 697/3/2 701/3/2
f 698/1/2 699/1/2 702/1/2
f 702/1/2 699/1/2 703/1/2
f 700/1/2 701/1/2 706/1/2
f 706/1/2 701/1/2 707/1/2
f 702/3/2 703/3/2 708/3/2
f 708/3/2 703/3/2 709/3/2
f 704/6/2 705/6/2 711/6/2
f 706/3/2 707/3/2 712/3/2
f 712/3/2 707/3/2 713/3/2
f 708/1/2 709/1/2 714/1/2
f 714/1/2 709/1/2 715/1/2
f 710/6/2 711/6/2 716/6/2
f 711/6/2 705/6/2 716/6/2
f 716/6/2 705/6/2 717/6/2
f 712/2/2 713/2/2 718/2/2
f 714/3/2 715/3/2 719/3/2
f 719/3/2 715/3/2 720/3/2
f 710/6/2 716/6/2 721/6/2
f 721/6/2 716/6/2 722/6/2
f 718/2/2 713/2/2 723/2/2
f 723/2/2 713/2/2 724/2/2
f 719/1/2 720/1/2 725/1/2
f 725/1/2 720/1/2 726/1/2
f 723/1/2 724/1/2 727/1/2
f 727/1/2 724/1/2 728/1/2
f 729/2/2 730/2/2 733/2/2
f 733/2/2 730/2/2 734/2/2
f 731/2/2 732/2/2 735/2/2
f 735/2/2 732/2/2 736/2/2
f 733/3/2 734/3/2 737/3/2
f 737/3/2 734/3/2 738/3/2
f 737/2/2 738/2/2 739/2/2
f 739/2/2 738/2/2 740/2/2
f 735/1/2 736/1/2 741/1/2
f 741/1/2 736/1/2 742/1/2
f 739/3/2 740/3/2 743/3/2
f 743/3/2 740/3/2 744/3/2
f 741/3/2 742/3/2 745/3/2
f 745/3/2 742/3/2 746/3/2
f 743/1/2 744/1/2 747/1/2
f 747/1/2 744/1/2 748/1/2
f 745/1/2 746/1/2 749/1/2
f 749/1/2 746/1/2 750/1/2
f 747/3/2 748/3/2 751/3/2
f 751/3/2 748/3/2 752/3/2
f 749/3/2 750/3/2 753/3/2
f 751/2/2 752/2/2 754/2/2
f 754/2/2 752/2/2 755/2/2
f 753/3/2 750/3/2 756/3/2
f 754/3/2 755/3/2 757/3/2
f 757/3/2 755/3/2 758/3/2
f 756/3/2 750/3/2 759/3/2
f 757/1/2 758/1/2 760/1/2
f 759/3/2 750/3/2 761/3/2
f 761/3/2 750/3/2 762/3/2
f 757/1/2 760/1/2 763/1/2
f 761/2/2 762/2/2 764/2/2
f 764/2/2 762/2/2 765/2/2
f 764/1/2 765/1/2 766/1/2
f 766/1/2 765/1/2 767/1/2
f 757/1/2 763/1/2 768/1/2
f 766/3/2 767/3/2 769/3/2
f 769/3/2 767/3/2 770/3/2
f 757/1/2 768/1/2 771/1/2
f 771/1/2 768/1/2 772/1/2
f 769/2/2 770/2/2 773/2/2
f 773/2/2 770/2/2 774/2/2
f 771/2/2 772/2/2 775/2/2
f 775/2/2 772/2/2 776/2/2
f 773/3/2 774/3/2 777/3/2
f 777/3/2 774/3/2 778/3/2
f 779/2/2 780/2/2 784/2/2
f 784/2/2 780/2/2 785/2/2
f 785/2/2 780/2/2 786/2/2
f 781/2/2 782/2/2 787/2/2
f 782/3/2 783/3/2 788/3/2
f 787/2/2 782/2/2 788/2/2
f 788/3/2 783/3/2 789/3/2
f 784/3/2 785/3/2 790/3/2
f 785/1/2 786/1/2 791/1/2
f 790/3/2 785/3/2 791/3/2
f 791/1/2 786/1/2 792/1/2
f 787/1/2 788/1/2 793/1/2
f 788/1/2 789/1/2 793/1/2
f 793/1/2 789/1/2 794/1/2
f 790/2/2 791/2/2 795/2/2
f 791/3/2 792/3/2 796/3/2
f 795/2/2 791/2/2 796/2/2
f 796/3/2 792/3/2 797/3/2
f 793/2/2 794/2/2 798/2/2
f 794/1/2 789/1/2 799/1/2
f 798/2/2 794/2/2 799/2/2
f 799/1/2 789/1/2 800/1/2
f 795/3/2 796/3/2 801/3/2
f 796/2/2 797/2/2 802/2/2
f 801/3/2 796/3/2 802/3/2
f 802/2/2 797/2/2 803/2/2
f 798/1/2 799/1/2 804/1/2
f 799/2/2 800/2/2 805/2/2
f 804/1/2 799/1/2 805/1/2
f 805/2/2 800/2/2 806/2/2
f 802/1/2 803/1/2 807/1/2
f 801/1/2 802/1/2 807/1/2
f 807/1/2 803/1/2 808/1/2
f 804/2/2 805/2/2 809/2/2
f 805/1/2 806/1/2 810/1/2
f 809/2/2 805/2/2 810/2/2
f 807/3/2 808/3/2 811/3/2
f 811/3/2 808/3/2 812/3/2
f 810/1/2 806/1/2 813/1/2
f 809/3/2 810/3/2 813/3/2
f 813/1/2 806/1/2 814/1/2
f 807/3/2 811/3/2 815/3/2
f 811/1/2 812/1/2 816/1/2
f 815/3/2 811/3/2 816/3/2
f 816/1/2 812/1/2 817/1/2
f 809/3/2 813/3/2 818/3/2
f 813/2/2 814/2/2 819/2/2
f 818/3/2 813/3/2 819/3/2
f 819/2/2 814/2/2 820/2/2
f 815/2/2 816/2/2 821/2/2
f 816/1/2 817/1/2 822/1/2
f 821/2/2 816/2/2 822/2/2
f 818/1/2 819/1/2 823/1/2
f 819/3/2 820/3/2 824/3/2
f 823/1/2 819/1/2 824/1/2
f 824/3/2 820/3/2 825/3/2
f 821/3/2 822/3/2 826/3/2
f 822/1/2 817/1/2 827/1/2
f 826/3/2 822/3/2 827/3/2
f 827/1/2 817/1/2 828/1/2
f 823/3/2 824/3/2 829/3/2
f 824/1/2 825/1/2 830/1/2
f 829/3/2 824/3/2 830/3/2
f 830/1/2 825/1/2 831/1/2
f 826/2/2 827/2/2 832/2/2
f 827/3/2 828/3/2 833/3/2
f 832/2/2 827/2/2 833/2/2
f 833/3/2 828/3/2 834/3/2
f 829/1/2 830/1/2 835/1/2
f 830/2/2 831/2/2 836/2/2
f 835/1/2 830/1/2 836/1/2
f 836/2/2 831/2/2 837/2/2
f 832/1/2 833/1/2 838/1/2
f 833/2/2 834/2/2 839/2/2
f 838/1/2 833/1/2 839/1/2
f 839/2/2 834/2/2 840/2/2
f 835/3/2 836/3/2 841/3/2
f 836/3/2 837/3/2 841/3/2
f 841/3/2 837/3/2 842/3/2
f 839/1/2 840/1/2 843/1/2
f 838/3/2 839/3/2 843/3/2
f 843/1/2 840/1/2 844/1/2
f 841/1/2 842/1/2 845/1/2
f 842/3/2 837/3/2 846/3/2
f 845/1/2 842/1/2 846/1/2
f 846/3/2 837/3/2 847/3/2
f 843/3/2 844/3/2 848/3/2
f 838/3/2 843/3/2 848/3/2
f 848/3/2 844/3/2 849/3/2
f 849/3/2 844/3/2 850/3/2
f 845/3/2 846/3/2 851/3/2
f 846/1/2 847/1/2 852/1/2
f 851/3/2 846/3/2 852/3/2
f 852/1/2 847/1/2 853/1/2
f 848/2/2 849/2/2 854/2/2
f 849/1/2 850/1/2 855/1/2
f 854/2/2 849/2/2 855/2/2
f 855/1/2 850/1/2 856/1/2
f 851/1/2 852/1/2 857/1/2
f 852/2/2 853/2/2 858/2/2
f 857/1/2 852/1/2 858/1/2
f 858/2/2 853/2/2 859/2/2
f 855/1/2 856/1/2 860/1/2
f 854/1/2 855/1/2 860/1/2
f 860/1/2 856/1/2 861/1/2
f 858/1/2 859/1/2 862/1/2
f 857/1/2 858/1/2 862/1/2
f 862/1/2 859/1/2 863/1/2
f 864/2/2 865/2/2 869/2/2
f 865/1/2 866/1/2 870/1/2
f 869/2/2 865/2/2 870/2/2
f 866/2/2 867/2/2 871/2/2
f 870/1/2 866/1/2 871/1/2
f 869/1/2 870/1/2 872/1/2
f 870/3/2 871/3/2 873/3/2
f 872/1/2 870/1/2 873/1/2
f 871/2/2 867/2/2 874/2/2
f 873/3/2 871/3/2 874/3/2
f 867/1/2 868/1/2 875/1/2
f 874/2/2 867/2/2 875/2/2
f 875/1/2 868/1/2 876/1/2
f 873/3/2 874/3/2 877/3/2
f 874/3/2 875/3/2 877/3/2
f 875/3/2 876/3/2 877/3/2
f 877/3/2 876/3/2 878/3/2
f 872/2/2 873/2/2 879/2/2
f 873/3/2 877/3/2 880/3/2
f 879/2/2 873/2/2 880/2/2
f 880/3/2 877/3/2 881/3/2
f 881/3/2 877/3/2 882/3/2
f 877/1/2 878/1/2 883/1/2
f 882/3/2 877/3/2 883/3/2
f 883/1/2 878/1/2 884/1/2
f 879/1/2 880/1/2 885/1/2
f 880/3/2 881/3/2 886/3/2
f 885/1/2 880/1/2 886/1/2
f 881/1/2 882/1/2 887/1/2
f 886/3/2 881/3/2 887/3/2
f 882/3/2 883/3/2 888/3/2
f 887/1/2 882/1/2 888/1/2
f 883/2/2 884/2/2 889/2/2
f 888/3/2 883/3/2 889/3/2
f 889/2/2 884/2/2 890/2/2
f 885/3/2 886/3/2 891/3/2
f 886/1/2 887/1/2 892/1/2
f 891/3/2 886/3/2 892/3/2
f 887/2/2 888/2/2 893/2/2
f 888/2/2 889/2/2 893/2/2
f 889/1/2 890/1/2 894/1/2
f 893/2/2 889/2/2 894/2/2
f 891/1/2 892/1/2 895/1/2
f 892/1/2 887/1/2 896/1/2
f 895/1/2 892/1/2 896/1/2
f 887/2/2 893/2/2 896/2/2
f 894/1/2 890/1/2 897/1/2
f 893/1/2 894/1/2 897/1/2
f 897/1/2 890/1/2 898/1/2
f 895/3/2 896/3/2 899/3/2
f 896/2/2 893/2/2 900/2/2
f 899/3/2 896/3/2 900/3/2
f 893/1/2 897/1/2 901/1/2
f 900/2/2 893/2/2 901/2/2
f 897/3/2 898/3/2 902/3/2
f 901/1/2 897/1/2 902/1/2
f 902/3/2 898/3/2 903/3/2
f 895/3/2 899/3/2 904/3/2
f 899/2/2 900/2/2 905/2/2
f 904/3/2 899/3/2 905/3/2
f 900/3/2 901/3/2 906/3/2
f 905/2/2 900/2/2 906/2/2
f 901/3/2 902/3/2 906/3/2
f 902/1/2 903/1/2 907/1/2
f 906/3/2 902/3/2 907/3/2
f 907/1/2 903/1/2 908/1/2
f 906/1/2 907/1/2 909/1/2
f 907/3/2 908/3/2 910/3/2
f 909/1/2 907/1/2 910/1/2
f 904/2/2 905/2/2 911/2/2
f 905/3/2 906/3/2 912/3/2
f 911/2/2 905/2/2 912/2/2
f 910/3/2 908/3/2 913/3/2
f 909/3/2 910/3/2 913/3/2
f 913/3/2 908/3/2 914/3/2
f 911/3/2 912/3/2 915/3/2
f 912/3/2 906/3/2 916/3/2
f 915/3/2 912/3/2 916/3/2
f 906/1/2 909/1/2 916/1/2
f 909/3/2 913/3/2 917/3/2
f 916/1/2 909/1/2 917/1/2
f 913/1/2 914/1/2 918/1/2
f 917/3/2 913/3/2 918/3/2
f 915/2/2 916/2/2 919/2/2
f 919/2/2 916/2/2 920/2/2
f 916/3/2 917/3/2 921/3/2
f 917/2/2 918/2/2 921/2/2
f 918/1/2 914/1/2 922/1/2
f 921/2/2 918/2/2 922/2/2
f 922/1/2 914/1/2 923/1/2
f 919/1/2 920/1/2 924/1/2
f 920/2/2 916/2/2 925/2/2
f 924/1/2 920/1/2 925/1/2
f 916/3/2 921/3/2 926/3/2
f 921/1/2 922/1/2 926/1/2
f 922/3/2 923/3/2 927/3/2
f 926/1/2 922/1/2 927/1/2
f 927/3/2 923/3/2 928/3/2
f 924/3/2 925/3/2 929/3/2
f 925/2/2 916/2/2 930/2/2
f 929/3/2 925/3/2 930/3/2
f 916/3/2 926/3/2 931/3/2
f 930/2/2 916/2/2 931/2/2
f 926/3/2 927/3/2 931/3/2
f 927/1/2 928/1/2 932/1/2
f 931/3/2 927/3/2 932/3/2
f 932/1/2 928/1/2 933/1/2
f 941/3/3 935/3/3 934/3/3
f 942/3/3 935/3/3 941/3/3
f 943/3/3 935/3/3 942/3/3
f 944/2/3 936/2/3 935/2/3
f 944/3/3 935/3/3 943/3/3
f 945/1/3 937/1/3 936/1/3
f 945/2/3 936/2/3 944/2/3
f 946/1/3 937/1/3 945/1/3
f 947/2/3 938/2/3 937/2/3
f 947/1/3 939/1/3 938/1/3
f 948/3/3 940/3/3 939/3/3
f 948/1/3 939/1/3 947/1/3
f 949/3/3 940/3/3 948/3/3
f 950/3/3 940/3/3 949/3/3
f 951/3/3 940/3/3 950/3/3
f 952/3/3 940/3/3 951/3/3
f 953/3/3 943/3/3 942/3/3
f 954/1/3 944/1/3 943/1/3
f 954/3/3 943/3/3 953/3/3
f 955/2/3 946/2/3 945/2/3
f 955/3/3 945/3/3 944/3/3
f 956/1/3 937/1/3 946/1/3
f 956/2/3 946/2/3 955/2/3
f 957/2/3 947/2/3 937/2/3
f 957/1/3 937/1/3 956/1/3
f 957/2/3 948/2/3 947/2/3
f 958/2/3 948/2/3 957/2/3
f 959/3/3 949/3/3 948/3/3
f 959/2/3 948/2/3 958/2/3
f 960/2/3 950/2/3 949/2/3
f 960/3/3 951/3/3 950/3/3
f 961/2/3 952/2/3 951/2/3
f 961/3/3 951/3/3 960/3/3
f 962/2/3 942/2/3 941/2/3
f 963/2/3 942/2/3 962/2/3
f 964/3/3 953/3/3 942/3/3
f 964/2/3 942/2/3 963/2/3
f 965/2/3 954/2/3 953/2/3
f 965/3/3 953/3/3 964/3/3
f 966/1/3 956/1/3 955/1/3
f 966/3/3 955/3/3 944/3/3
f 967/3/3 957/3/3 956/3/3
f 967/1/3 956/1/3 966/1/3
f 968/2/3 958/2/3 957/2/3
f 968/3/3 957/3/3 967/3/3
f 969/3/3 959/3/3 958/3/3
f 969/2/3 958/2/3 968/2/3
f 970/3/3 949/3/3 959/3/3
f 970/3/3 959/3/3 969/3/3
f 971/2/3 952/2/3 961/2/3
f 971/2/3 961/2/3 960/2/3
f 972/2/3 952/2/3 971/2/3
f 973/3/3 963/3/3 962/3/3
f 973/1/3 965/1/3 964/1/3
f 973/1/3 964/1/3 963/1/3
f 974/1/3 965/1/3 973/1/3
f 975/2/3 954/2/3 965/2/3
f 975/1/3 944/1/3 954/1/3
f 976/3/3 967/3/3 966/3/3
f 976/1/3 944/1/3 975/1/3
f 976/3/3 966/3/3 944/3/3
f 977/3/3 967/3/3 976/3/3
f 978/2/3 968/2/3 967/2/3
f 978/3/3 967/3/3 977/3/3
f 979/3/3 969/3/3 968/3/3
f 979/1/3 970/1/3 969/1/3
f 980/3/3 949/3/3 970/3/3
f 980/1/3 970/1/3 979/1/3
f 981/2/3 971/2/3 960/2/3
f 981/3/3 949/3/3 980/3/3
f 981/2/3 960/2/3 949/2/3
f 982/2/3 971/2/3 981/2/3
f 983/3/3 972/3/3 971/3/3
f 983/2/3 971/2/3 982/2/3
f 984/3/3 974/3/3 973/3/3
f 984/3/3 973/3/3 962/3/3
f 985/1/3 965/1/3 974/1/3
f 985/3/3 974/3/3 984/3/3
f 986/2/3 975/2/3 965/2/3
f 986/1/3 965/1/3 985/1/3
f 987/3/3 976/3/3 975/3/3
f 987/2/3 975/2/3 986/2/3
f 988/1/3 977/1/3 976/1/3
f 988/3/3 976/3/3 987/3/3
f 989/2/3 978/2/3 977/2/3
f 989/1/3 977/1/3 988/1/3
f 990/3/3 979/3/3 968/3/3
f 990/2/3 978/2/3 989/2/3
f 990/3/3 980/3/3 979/3/3
f 990/2/3 968/2/3 978/2/3
f 991/1/3 982/1/3 981/1/3
f 991/3/3 980/3/3 990/3/3
f 991/1/3 981/1/3 980/1/3
f 992/3/3 983/3/3 982/3/3
f 992/1/3 982/1/3 991/1/3
f 993/3/3 972/3/3 983/3/3
f 993/3/3 983/3/3 992/3/3
f 1005/3/3 995/3/3 994/3/3
f 1006/3/3 995/3/3 1005/3/3
f 1007/1/3 996/1/3 995/1/3
f 1007/3/3 995/3/3 1006/3/3
f 1008/2/3 997/2/3 996/2/3
f 1008/1/3 996/1/3 1007/1/3
f 1009/2/3 997/2/3 1008/2/3
f 1010/3/3 998/3/3 997/3/3
f 1010/2/3 997/2/3 1009/2/3
f 1011/1/3 999/1/3 998/1/3
f 1011/3/3 998/3/3 1010/3/3
f 1012/3/3 1000/3/3 999/3/3
f 1012/1/3 999/1/3 1011/1/3
f 1013/3/3 1000/3/3 1012/3/3
f 1014/1/3 1001/1/3 1000/1/3
f 1014/3/3 1000/3/3 1013/3/3
f 1015/3/3 1002/3/3 1001/3/3
f 1015/1/3 1001/1/3 1014/1/3
f 1016/1/3 1003/1/3 1002/1/3
f 1016/3/3 1002/3/3 1015/3/3
f 1017/1/3 1003/1/3 1016/1/3
f 1018/1/3 1006/1/3 1005/1/3
f 1019/2/3 1007/2/3 1006/2/3
f 1019/1/3 1006/1/3 1018/1/3
f 1020/1/3 1009/1/3 1008/1/3
f 1020/2/3 1007/2/3 1019/2/3
f 1020/1/3 1008/1/3 1007/1/3
f 1021/3/3 1010/3/3 1009/3/3
f 1021/1/3 1009/1/3 1020/1/3
f 1022/2/3 1011/2/3 1010/2/3
f 1022/3/3 1010/3/3 1021/3/3
f 1023/3/3 1012/3/3 1011/3/3
f 1023/2/3 1011/2/3 1022/2/3
f 1024/1/3 1013/1/3 1012/1/3
f 1024/3/3 1012/3/3 1023/3/3
f 1025/2/3 1014/2/3 1013/2/3
f 1025/1/3 1013/1/3 1024/1/3
f 1026/2/3 1014/2/3 1025/2/3
f 1027/1/3 1015/1/3 1014/1/3
f 1027/2/3 1014/2/3 1026/2/3
f 1028/2/3 1017/2/3 1016/2/3
f 1028/1/3 1015/1/3 1027/1/3
f 1028/2/3 1016/2/3 1015/2/3
f 1029/1/3 1003/1/3 1017/1/3
f 1029/2/3 1017/2/3 1028/2/3
f 1030/3/3 1004/3/3 1003/3/3
f 1030/1/3 1003/1/3 1029/1/3
f 1031/3/3 1004/3/3 1030/3/3
f 1044/2/3 1033/2/3 1032/2/3
f 1045/3/3 1034/3/3 1033/3/3
f 1045/2/3 1033/2/3 1044/2/3
f 1046/2/3 1035/2/3 1034/2/3
f 1046/3/3 1034/3/3 1045/3/3
f 1046/2/3 1036/2/3 1035/2/3
f 1047/2/3 1036/2/3 1046/2/3
f 1048/3/3 1037/3/3 1036/3/3
f 1048/2/3 1036/2/3 1047/2/3
f 1049/2/3 1038/2/3 1037/2/3
f 1049/3/3 1037/3/3 1048/3/3
f 1050/1/3 1039/1/3 1038/1/3
f 1050/2/3 1038/2/3 1049/2/3
f 1050/1/3 1040/1/3 1039/1/3
f 1050/1/3 1041/1/3 1040/1/3
f 1051/1/3 1041/1/3 1050/1/3
f 1052/1/3 1041/1/3 1051/1/3
f 1053/1/3 1041/1/3 1052/1/3
f 1054/3/3 1042/3/3 1041/3/3
f 1054/1/3 1041/1/3 1053/1/3
f 1055/2/3 1043/2/3 1042/2/3
f 1055/3/3 1042/3/3 1054/3/3
f 1056/2/3 1043/2/3 1055/2/3
f 1057/2/3 1043/2/3 1056/2/3
f 1058/3/3 1045/3/3 1044/3/3
f 1059/2/3 1047/2/3 1046/2/3
f 1059/3/3 1045/3/3 1058/3/3
f 1059/2/3 1046/2/3 1045/2/3
f 1060/3/3 1048/3/3 1047/3/3
f 1060/2/3 1047/2/3 1059/2/3
f 1061/1/3 1049/1/3 1048/1/3
f 1061/3/3 1048/3/3 1060/3/3
f 1062/3/3 1050/3/3 1049/3/3
f 1062/1/3 1049/1/3 1061/1/3
f 1063/1/3 1051/1/3 1050/1/3
f 1063/3/3 1050/3/3 1062/3/3
f 1064/2/3 1052/2/3 1051/2/3
f 1064/1/3 1051/1/3 1063/1/3
f 1065/1/3 1053/1/3 1052/1/3
f 1065/2/3 1052/2/3 1064/2/3
f 1066/3/3 1054/3/3 1053/3/3
f 1066/1/3 1053/1/3 1065/1/3
f 1067/1/3 1055/1/3 1054/1/3
f 1067/3/3 1054/3/3 1066/3/3
f 1068/3/3 1056/3/3 1055/3/3
f 1068/1/3 1055/1/3 1067/1/3
f 1069/1/3 1057/1/3 1056/1/3
f 1069/3/3 1056/3/3 1068/3/3
f 1070/1/3 1057/1/3 1069/1/3
f 1080/3/3 1072/3/3 1071/3/3
f 1081/3/3 1072/3/3 1080/3/3
f 1082/1/3 1073/1/3 1072/1/3
f 1082/3/3 1072/3/3 1081/3/3
f 1083/3/3 1074/3/3 1073/3/3
f 1083/1/3 1073/1/3 1082/1/3
f 1084/2/3 1075/2/3 1074/2/3
f 1084/3/3 1074/3/3 1083/3/3
f 1085/2/3 1075/2/3 1084/2/3
f 1086/3/3 1076/3/3 1075/3/3
f 1086/2/3 1075/2/3 1085/2/3
f 1087/2/3 1077/2/3 1076/2/3
f 1087/3/3 1076/3/3 1086/3/3
f 1088/2/3 1077/2/3 1087/2/3
f 1089/3/3 1078/3/3 1077/3/3
f 1089/2/3 1077/2/3 1088/2/3
f 1090/3/3 1078/3/3 1089/3/3
f 1091/1/3 1079/1/3 1078/1/3
f 1091/3/3 1078/3/3 1090/3/3
f 1092/1/3 1079/1/3 1091/1/3
f 1109/2/3 1094/2/3 1093/2/3
f 1110/3/3 1095/3/3 1094/3/3
f 1110/2/3 1094/2/3 1109/2/3
f 1111/2/3 1096/2/3 1095/2/3
f 1111/3/3 1095/3/3 1110/3/3
f 1112/3/3 1097/3/3 1096/3/3
f 1112/2/3 1096/2/3 1111/2/3
f 1113/1/3 1098/1/3 1097/1/3
f 1113/3/3 1097/3/3 1112/3/3
f 1114/3/3 1099/3/3 1098/3/3
f 1114/1/3 1098/1/3 1113/1/3
f 1114/3/3 1100/3/3 1099/3/3
f 1115/2/3 1101/2/3 1100/2/3
f 1115/3/3 1100/3/3 1114/3/3
f 1116/3/3 1102/3/3 1101/3/3
f 1116/2/3 1101/2/3 1115/2/3
f 1117/1/3 1107/1/3 1106/1/3
f 1117/3/3 1102/3/3 1116/3/3
f 1117/1/3 1103/1/3 1102/1/3
f 1117/1/3 1106/1/3 1105/1/3
f 1117/1/3 1105/1/3 1104/1/3
f 1117/1/3 1104/1/3 1103/1/3
f 1118/2/3 1108/2/3 1107/2/3
f 1118/1/3 1107/1/3 1117/1/3
f 1119/2/3 1108/2/3 1118/2/3
f 1130/1/3 1121/1/3 1120/1/3
f 1131/3/3 1122/3/3 1121/3/3
f 1131/1/3 1121/1/3 1130/1/3
f 1132/3/3 1122/3/3 1131/3/3
f 1133/1/3 1123/1/3 1122/1/3
f 1133/3/3 1122/3/3 1132/3/3
f 1134/3/3 1124/3/3 1123/3/3
f 1134/1/3 1123/1/3 1133/1/3
f 1135/2/3 1125/2/3 1124/2/3
f 1135/3/3 1124/3/3 1134/3/3
f 1136/3/3 1126/3/3 1125/3/3
f 1136/2/3 1125/2/3 1135/2/3
f 1137/1/3 1127/1/3 1126/1/3
f 1137/3/3 1126/3/3 1136/3/3
f 1138/2/3 1128/2/3 1127/2/3
f 1138/1/3 1127/1/3 1137/1/3
f 1139/1/3 1129/1/3 1128/1/3
f 1139/2/3 1128/2/3 1138/2/3
f 1140/1/3 1129/1/3 1139/1/3
f 1155/2/3 1142/2/3 1141/2/3
f 1156/3/3 1143/3/3 1142/3/3
f 1156/2/3 1142/2/3 1155/2/3
f 1157/2/3 1144/2/3 1143/2/3
f 1157/3/3 1143/3/3 1156/3/3
f 1158/3/3 1145/3/3 1144/3/3
f 1158/2/3 1144/2/3 1157/2/3
f 1159/1/3 1146/1/3 1145/1/3
f 1159/3/3 1145/3/3 1158/3/3
f 1160/3/3 1147/3/3 1146/3/3
f 1160/1/3 1146/1/3 1159/1/3
f 1161/2/3 1148/2/3 1147/2/3
f 1161/3/3 1147/3/3 1160/3/3
f 1162/3/3 1149/3/3 1148/3/3
f 1162/2/3 1148/2/3 1161/2/3
f 1163/2/3 1150/2/3 1149/2/3
f 1163/3/3 1149/3/3 1162/3/3
f 1164/1/3 1151/1/3 1150/1/3
f 1164/2/3 1150/2/3 1163/2/3
f 1165/3/3 1152/3/3 1151/3/3
f 1165/1/3 1151/1/3 1164/1/3
f 1166/2/3 1153/2/3 1152/2/3
f 1166/3/3 1152/3/3 1165/3/3
f 1167/1/3 1154/1/3 1153/1/3
f 1167/2/3 1153/2/3 1166/2/3
f 1168/1/3 1154/1/3 1167/1/3
f 1171/6/3 1170/6/3 1169/6/3
f 1172/6/3 1170/6/3 1171/6/3
f 1186/1/3 1174/1/3 1173/1/3
f 1187/2/3 1175/2/3 1174/2/3
f 1187/1/3 1174/1/3 1186/1/3
f 1188/1/3 1176/1/3 1175/1/3
f 1188/2/3 1175/2/3 1187/2/3
f 1189/3/3 1177/3/3 1176/3/3
f 1189/1/3 1176/1/3 1188/1/3
f 1190/2/3 1178/2/3 1177/2/3
f 1190/3/3 1177/3/3 1189/3/3
f 1191/1/3 1179/1/3 1178/1/3
f 1191/2/3 1178/2/3 1190/2/3
f 1192/3/3 1180/3/3 1179/3/3
f 1192/1/3 1179/1/3 1191/1/3
f 1193/3/3 1180/3/3 1192/3/3
f 1194/1/3 1181/1/3 1180/1/3
f 1194/3/3 1180/3/3 1193/3/3
f 1195/3/3 1182/3/3 1181/3/3
f 1195/1/3 1181/1/3 1194/1/3
f 1196/2/3 1183/2/3 1182/2/3
f 1196/3/3 1182/3/3 1195/3/3
f 1197/3/3 1184/3/3 1183/3/3
f 1197/2/3 1183/2/3 1196/2/3
f 1198/1/3 1185/1/3 1184/1/3
f 1198/3/3 1184/3/3 1197/3/3
f 1199/1/3 1185/1/3 1198/1/3
f 1200/1/3 1185/1/3 1199/1/3
f 1203/6/3 1202/6/3 1201/6/3
f 1204/6/3 1202/6/3 1203/6/3
f 1207/6/3 1206/6/3 1205/6/3
f 1208/6/3 1206/6/3 1207/6/3
f 1224/2/3 1210/2/3 1209/2/3
f 1225/1/3 1211/1/3 1210/1/3
f 1225/2/3 1210/2/3 1224/2/3
f 1226/2/3 1212/2/3 1211/2/3
f 1226/1/3 1211/1/3 1225/1/3
f 1226/2/3 1213/2/3 1212/2/3
f 1227/1/3 1214/1/3 1213/1/3
f 1227/2/3 1213/2/3 1226/2/3
f 1228/3/3 1215/3/3 1214/3/3
f 1228/1/3 1214/1/3 1227/1/3
f 1229/1/3 1216/1/3 1215/1/3
f 1229/3/3 1215/3/3 1228/3/3
f 1230/3/3 1217/3/3 1216/3/3
f 1230/1/3 1216/1/3 1229/1/3
f 1231/2/3 1218/2/3 1217/2/3
f 1231/3/3 1217/3/3 1230/3/3
f 1231/2/3 1219/2/3 1218/2/3
f 1232/3/3 1220/3/3 1219/3/3
f 1232/2/3 1219/2/3 1231/2/3
f 1233/2/3 1221/2/3 1220/2/3
f 1233/3/3 1220/3/3 1232/3/3
f 1234/1/3 1222/1/3 1221/1/3
f 1234/2/3 1221/2/3 1233/2/3
f 1235/3/3 1223/3/3 1222/3/3
f 1235/1/3 1222/1/3 1234/1/3
f 1236/3/3 1223/3/3 1235/3/3
f 1239/6/3 1238/6/3 1237/6/3
f 1240/6/3 1238/6/3 1239/6/3
f 1246/3/3 1242/3/3 1241/3/3
f 1246/3/3 1243/3/3 1242/3/3
f 1247/2/3 1244/2/3 1243/2/3
f 1247/3/3 1243/3/3 1246/3/3
f 1248/3/3 1245/3/3 1244/3/3
f 1248/2/3 1244/2/3 1247/2/3
f 1249/3/3 1245/3/3 1248/3/3
f 1252/6/3 1251/6/3 1250/6/3
f 1253/6/3 1251/6/3 1252/6/3
f 1257/3/3 1255/3/3 1254/3/3
f 1258/3/3 1255/3/3 1257/3/3
f 1259/2/3 1256/2/3 1255/2/3
f 1259/3/3 1255/3/3 1258/3/3
f 1260/2/3 1256/2/3 1259/2/3
f 1261/2/3 1256/2/3 1260/2/3
f 1264/6/3 1263/6/3 1262/6/3
f 1265/6/3 1263/6/3 1264/6/3
f 1271/2/3 1267/2/3 1266/2/3
f 1271/2/3 1270/2/3 1269/2/3
f 1271/2/3 1269/2/3 1268/2/3
f 1271/2/3 1268/2/3 1267/2/3
f 1272/2/3 1270/2/3 1271/2/3
f 1277/1/3 1274/1/3 1273/1/3
f 1278/2/3 1275/2/3 1274/2/3
f 1278/1/3 1274/1/3 1277/1/3
f 1279/2/3 1275/2/3 1278/2/3
f 1280/1/3 1276/1/3 1275/1/3
f 1280/2/3 1275/2/3 1279/2/3
f 1281/1/3 1276/1/3 1280/1/3
f 1286/2/3 1283/2/3 1282/2/3
f 1287/1/3 1284/1/3 1283/1/3
f 1287/2/3 1283/2/3 1286/2/3
f 1288/2/3 1285/2/3 1284/2/3
f 1288/1/3 1284/1/3 1287/1/3
f 1289/2/3 1285/2/3 1288/2/3
f 1292/6/3 1290/6/3 1289/6/3
f 1292/6/3 1289/6/3 1288/6/3
f 1293/6/3 1290/6/3 1292/6/3
f 1294/6/3 1290/6/3 1293/6/3
f 1295/6/3 1292/6/3 1291/6/3
f 1295/6/3 1293/6/3 1292/6/3
f 1296/6/3 1293/6/3 1295/6/3
f 1301/2/3 1298/2/3 1297/2/3
f 1302/1/3 1299/1/3 1298/1/3
f 1302/2/3 1298/2/3 1301/2/3
f 1303/3/3 1300/3/3 1299/3/3
f 1303/1/3 1299/1/3 1302/1/3
f 1304/3/3 1300/3/3 1303/3/3
f 1305/3/3 1300/3/3 1304/3/3
f 1310/2/3 1307/2/3 1306/2/3
f 1311/3/3 1308/3/3 1307/3/3
f 1311/2/3 1307/2/3 1310/2/3
f 1312/2/3 1309/2/3 1308/2/3
f 1312/3/3 1308/3/3 1311/3/3
f 1313/2/3 1309/2/3 1312/2/3
f 1314/1/3 1311/1/3 1310/1/3
f 1314/1/3 1312/1/3 1311/1/3
f 1315/1/3 1312/1/3 1314/1/3
f 1320/2/3 1317/2/3 1316/2/3
f 1321/2/3 1317/2/3 1320/2/3
f 1322/1/3 1318/1/3 1317/1/3
f 1322/2/3 1317/2/3 1321/2/3
f 1323/2/3 1319/2/3 1318/2/3
f 1323/1/3 1318/1/3 1322/1/3
f 1324/2/3 1319/2/3 1323/2/3
f 1325/1/3 1321/1/3 1320/1/3
f 1326/3/3 1322/3/3 1321/3/3
f 1326/1/3 1321/1/3 1325/1/3
f 1327/2/3 1323/2/3 1322/2/3
f 1327/3/3 1322/3/3 1326/3/3
f 1328/3/3 1324/3/3 1323/3/3
f 1328/2/3 1323/2/3 1327/2/3
f 1329/3/3 1324/3/3 1328/3/3
f 1335/2/3 1331/2/3 1330/2/3
f 1336/1/3 1332/1/3 1331/1/3
f 1336/2/3 1331/2/3 1335/2/3
f 1336/1/3 1333/1/3 1332/1/3
f 1337/1/3 1333/1/3 1336/1/3
f 1338/3/3 1334/3/3 1333/3/3
f 1338/1/3 1333/1/3 1337/1/3
f 1339/3/3 1334/3/3 1338/3/3
f 1340/1/3 1336/1/3 1335/1/3
f 1341/2/3 1337/2/3 1336/2/3
f 1341/1/3 1336/1/3 1340/1/3
f 1342/1/3 1338/1/3 1337/1/3
f 1342/2/3 1337/2/3 1341/2/3
f 1343/2/3 1339/2/3 1338/2/3
f 1343/1/3 1338/1/3 1342/1/3
f 1344/2/3 1339/2/3 1343/2/3
f 1345/3/3 1341/3/3 1340/3/3
f 1346/1/3 1342/1/3 1341/1/3
f 1346/3/3 1341/3/3 1345/3/3
f 1347/2/3 1343/2/3 1342/2/3
f 1347/1/3 1342/1/3 1346/1/3
f 1348/3/3 1344/3/3 1343/3/3
f 1348/2/3 1343/2/3 1347/2/3
f 1349/3/3 1344/3/3 1348/3/3
f 1352/3/3 1351/3/3 1350/3/3
f 1353/3/3 1351/3/3 1352/3/3
f 1354/1/3 1353/1/3 1352/1/3
f 1355/1/3 1353/1/3 1354/1/3
f 1356/3/3 1355/3/3 1354/3/3
f 1357/3/3 1355/3/3 1356/3/3
f 1362/1/3 1359/1/3 1358/1/3
f 1363/3/3 1361/3/3 1360/3/3
f 1364/3/3 1361/3/3 1363/3/3
f 1365/1/3 1359/1/3 1362/1/3
f 1366/1/3 1359/1/3 1365/1/3
f 1367/2/3 1364/2/3 1363/2/3
f 1368/2/3 1366/2/3 1365/2/3
f 1369/2/3 1366/2/3 1368/2/3
f 1370/2/3 1367/2/3 1363/2/3
f 1371/2/3 1367/2/3 1370/2/3
f 1375/1/3 1373/1/3 1372/1/3
f 1376/3/3 1374/3/3 1373/3/3
f 1376/1/3 1373/1/3 1375/1/3
f 1377/3/3 1374/3/3 1376/3/3
f 1378/3/3 1376/3/3 1375/3/3
f 1378/3/3 1377/3/3 1376/3/3
f 1379/3/3 1377/3/3 1378/3/3
f 1380/3/3 1377/3/3 1379/3/3
f 1381/3/3 1377/3/3 1380/3/3
f 1382/1/3 1379/1/3 1378/1/3
f 1383/3/3 1380/3/3 1379/3/3
f 1383/1/3 1379/1/3 1382/1/3
f 1384/2/3 1381/2/3 1380/2/3
f 1384/3/3 1380/3/3 1383/3/3
f 1385/2/3 1381/2/3 1384/2/3
f 1386/3/4 1387/3/4 1391/3/4
f 1387/2/4 1388/2/4 1392/2/4
f 1388/3/4 1389/3/4 1392/3/4
f 1389/2/4 1390/2/4 1393/2/4
f 1392/3/4 1389/3/4 1393/3/4
f 1391/3/4 1387/3/4 1394/3/4
f 1393/2/4 1390/2/4 1395/2/4
f 1392/2/4 1393/2/4 1395/2/4
f 1395/2/4 1390/2/4 1396/2/4
f 1394/3/4 1387/3/4 1397/3/4
f 1387/2/4 1392/2/4 1398/2/4
f 1397/3/4 1387/3/4 1398/3/4
f 1392/2/4 1395/2/4 1398/2/4
f 1398/2/4 1395/2/4 1399/2/4
f 1395/3/4 1396/3/4 1400/3/4
f 1399/2/4 1395/2/4 1400/2/4
f 1400/3/4 1396/3/4 1401/3/4
f 1402/2/4 1403/2/4 1407/2/4
f 1403/2/4 1404/2/4 1407/2/4
f 1404/1/4 1405/1/4 1408/1/4
f 1407/2/4 1404/2/4 1408/2/4
f 1405/3/4 1406/3/4 1409/3/4
f 1408/1/4 1405/1/4 1409/1/4
f 1409/3/4 1406/3/4 1410/3/4
f 1402/2/4 1407/2/4 1411/2/4
f 1407/3/4 1408/3/4 1412/3/4
f 1411/2/4 1407/2/4 1412/2/4
f 1408/1/4 1409/1/4 1413/1/4
f 1412/3/4 1408/3/4 1413/3/4
f 1409/2/4 1410/2/4 1414/2/4
f 1413/1/4 1409/1/4 1414/1/4
f 1414/2/4 1410/2/4 1415/2/4
f 1416/1/4 1417/1/4 1421/1/4
f 1417/2/4 1418/2/4 1422/2/4
f 1421/1/4 1417/1/4 1422/1/4
f 1418/3/4 1419/3/4 1423/3/4
f 1422/2/4 1418/2/4 1423/2/4
f 1419/1/4 1420/1/4 1424/1/4
f 1423/3/4 1419/3/4 1424/3/4
f 1424/1/4 1420/1/4 1425/1/4
f 1421/1/4 1422/1/4 1426/1/4
f 1422/3/4 1423/3/4 1427/3/4
f 1426/1/4 1422/1/4 1427/1/4
f 1423/2/4 1424/2/4 1428/2/4
f 1427/3/4 1423/3/4 1428/3/4
f 1424/2/4 1425/2/4 1428/2/4
f 1428/2/4 1425/2/4 1429/2/4
f 1430/1/4 1431/1/4 1435/1/4
f 1431/3/4 1432/3/4 1436/3/4
f 1435/1/4 1431/1/4 1436/1/4
f 1432/1/4 1433/1/4 1437/1/4
f 1436/3/4 1432/3/4 1437/3/4
f 1433/3/4 1434/3/4 1438/3/4
f 1437/1/4 1433/1/4 1438/1/4
f 1438/3/4 1434/3/4 1439/3/4
f 1440/3/4 1441/3/4 1444/3/4
f 1441/1/4 1442/1/4 1445/1/4
f 1444/3/4 1441/3/4 1445/3/4
f 1442/3/4 1443/3/4 1446/3/4
f 1445/1/4 1442/1/4 1446/1/4
f 1446/3/4 1443/3/4 1447/3/4
f 1448/2/4 1449/2/4 1453/2/4
f 1449/3/4 1450/3/4 1454/3/4
f 1453/2/4 1449/2/4 1454/2/4
f 1450/2/4 1451/2/4 1455/2/4
f 1454/3/4 1450/3/4 1455/3/4
f 1451/3/4 1452/3/4 1456/3/4
f 1455/2/4 1451/2/4 1456/2/4
f 1456/3/4 1452/3/4 1457/3/4
f 1458/2/4 1459/2/4 1462/2/4
f 1460/3/4 1461/3/4 1463/3/4
f 1462/2/4 1459/2/4 1463/2/4
f 1459/3/4 1460/3/4 1463/3/4
f 1463/3/4 1461/3/4 1464/3/4
f 1464/3/4 1461/3/4 1465/3/4
f 1466/6/4 1467/6/4 1468/6/4
f 1468/6/4 1467/6/4 1469/6/4
f 1470/3/4 1471/3/4 1475/3/4
f 1471/3/4 1472/3/4 1475/3/4
f 1472/2/4 1473/2/4 1476/2/4
f 1475/3/4 1472/3/4 1476/3/4
f 1473/3/4 1474/3/4 1477/3/4
f 1476/2/4 1473/2/4 1477/2/4
f 1477/3/4 1474/3/4 1478/3/4
f 1479/6/4 1480/6/4 1481/6/4
f 1481/6/4 1480/6/4 1482/6/4
f 1483/6/4 1484/6/4 1485/6/4
f 1485/6/4 1484/6/4 1486/6/4
f 1487/2/4 1488/2/4 1490/2/4
f 1488/3/4 1489/3/4 1491/3/4
f 1490/2/4 1488/2/4 1491/2/4
f 1491/3/4 1489/3/4 1492/3/4
f 1493/6/4 1494/6/4 1495/6/4
f 1495/6/4 1494/6/4 1496/6/4
f 1497/1/4 1498/1/4 1504/1/4
f 1498/3/4 1499/3/4 1505/3/4
f 1504/1/4 1498/1/4 1505/1/4
f 1499/2/4 1500/2/4 1506/2/4
f 1505/3/4 1499/3/4 1506/3/4
f 1506/2/4 1500/2/4 1507/2/4
f 1507/2/4 1500/2/4 1508/2/4
f 1508/2/4 1500/2/4 1509/2/4
f 1500/3/4 1501/3/4 1510/3/4
f 1509/2/4 1500/2/4 1510/2/4
f 1510/3/4 1501/3/4 1511/3/4
f 1511/3/4 1501/3/4 1512/3/4
f 1501/2/4 1502/2/4 1513/2/4
f 1512/3/4 1501/3/4 1513/3/4
f 1513/2/4 1502/2/4 1514/2/4
f 1502/1/4 1503/1/4 1515/1/4
f 1514/2/4 1502/2/4 1515/2/4
f 1515/1/4 1503/1/4 1516/1/4
f 1517/6/4 1518/6/4 1519/6/4
f 1519/6/4 1518/6/4 1520/6/4
f 1521/1/4 1522/1/4 1536/1/4
f 1522/1/4 1523/1/4 1536/1/4
f 1523/3/4 1524/3/4 1537/3/4
f 1536/1/4 1523/1/4 1537/1/4
f 1524/1/4 1525/1/4 1538/1/4
f 1537/3/4 1524/3/4 1538/3/4
f 1525/2/4 1526/2/4 1539/2/4
f 1538/1/4 1525/1/4 1539/1/4
f 1526/1/4 1527/1/4 1540/1/4
f 1539/2/4 1526/2/4 1540/2/4
f 1527/3/4 1528/3/4 1541/3/4
f 1540/1/4 1527/1/4 1541/1/4
f 1528/1/4 1529/1/4 1542/1/4
f 1541/3/4 1528/3/4 1542/3/4
f 1529/3/4 1530/3/4 1543/3/4
f 1542/1/4 1529/1/4 1543/1/4
f 1530/3/4 1531/3/4 1543/3/4
f 1532/1/4 1533/1/4 1544/1/4
f 1543/3/4 1531/3/4 1544/3/4
f 1531/1/4 1532/1/4 1544/1/4
f 1533/3/4 1534/3/4 1545/3/4
f 1544/1/4 1533/1/4 1545/1/4
f 1534/1/4 1535/1/4 1546/1/4
f 1545/3/4 1534/3/4 1546/3/4
f 1546/1/4 1535/1/4 1547/1/4
f 1548/6/4 1549/6/4 1550/6/4
f 1550/6/4 1549/6/4 1551/6/4
f 1552/1/4 1553/1/4 1566/1/4
f 1553/3/4 1554/3/4 1567/3/4
f 1566/1/4 1553/1/4 1567/1/4
f 1554/1/4 1555/1/4 1568/1/4
f 1567/3/4 1554/3/4 1568/3/4
f 1555/2/4 1556/2/4 1569/2/4
f 1568/1/4 1555/1/4 1569/1/4
f 1556/3/4 1557/3/4 1570/3/4
f 1569/2/4 1556/2/4 1570/2/4
f 1557/2/4 1558/2/4 1571/2/4
f 1570/3/4 1557/3/4 1571/3/4
f 1558/1/4 1559/1/4 1572/1/4
f 1571/2/4 1558/2/4 1572/2/4
f 1559/3/4 1560/3/4 1573/3/4
f 1572/1/4 1559/1/4 1573/1/4
f 1573/3/4 1560/3/4 1574/3/4
f 1560/2/4 1561/2/4 1575/2/4
f 1574/3/4 1560/3/4 1575/3/4
f 1561/1/4 1562/1/4 1576/1/4
f 1575/2/4 1561/2/4 1576/2/4
f 1562/3/4 1563/3/4 1577/3/4
f 1576/1/4 1562/1/4 1577/1/4
f 1563/1/4 1564/1/4 1578/1/4
f 1577/3/4 1563/3/4 1578/3/4
f 1564/3/4 1565/3/4 1579/3/4
f 1578/1/4 1564/1/4 1579/1/4
f 1579/3/4 1565/3/4 1580/3/4
f 1581/3/4 1582/3/4 1595/3/4
f 1582/1/4 1583/1/4 1596/1/4
f 1595/3/4 1582/3/4 1596/3/4
f 1583/2/4 1584/2/4 1597/2/4
f 1596/1/4 1583/1/4 1597/1/4
f 1584/1/4 1585/1/4 1598/1/4
f 1597/2/4 1584/2/4 1598/2/4
f 1585/2/4 1586/2/4 1599/2/4
f 1598/1/4 1585/1/4 1599/1/4
f 1586/3/4 1587/3/4 1600/3/4
f 1599/2/4 1586/2/4 1600/2/4
f 1587/1/4 1588/1/4 1601/1/4
f 1600/3/4 1587/3/4 1601/3/4
f 1588/2/4 1589/2/4 1602/2/4
f 1601/1/4 1588/1/4 1602/1/4
f 1589/3/4 1590/3/4 1603/3/4
f 1602/2/4 1589/2/4 1603/2/4
f 1590/3/4 1591/3/4 1603/3/4
f 1591/1/4 1592/1/4 1604/1/4
f 1603/3/4 1591/3/4 1604/3/4
f 1592/2/4 1593/2/4 1605/2/4
f 1604/1/4 1592/1/4 1605/1/4
f 1593/1/4 1594/1/4 1606/1/4
f 1605/2/4 1593/2/4 1606/2/4
f 1606/1/4 1594/1/4 1607/1/4
f 1608/3/4 1609/3/4 1618/3/4
f 1609/1/4 1610/1/4 1619/1/4
f 1618/3/4 1609/3/4 1619/3/4
f 1610/2/4 1611/2/4 1620/2/4
f 1619/1/4 1610/1/4 1620/1/4
f 1620/2/4 1611/2/4 1621/2/4
f 1621/2/4 1611/2/4 1622/2/4
f 1611/1/4 1612/1/4 1623/1/4
f 1622/2/4 1611/2/4 1623/2/4
f 1612/2/4 1613/2/4 1624/2/4
f 1623/1/4 1612/1/4 1624/1/4
f 1613/1/4 1614/1/4 1625/1/4
f 1624/2/4 1613/2/4 1625/2/4
f 1614/2/4 1615/2/4 1626/2/4
f 1625/1/4 1614/1/4 1626/1/4
f 1615/3/4 1616/3/4 1627/3/4
f 1626/2/4 1615/2/4 1627/2/4
f 1627/3/4 1616/3/4 1628/3/4
f 1616/2/4 1617/2/4 1629/2/4
f 1628/3/4 1616/3/4 1629/3/4
f 1629/2/4 1617/2/4 1630/2/4
f 1630/2/4 1617/2/4 1631/2/4
f 1632/6/4 1633/6/4 1634/6/4
f 1634/6/4 1633/6/4 1635/6/4
f 1636/2/4 1637/2/4 1651/2/4
f 1637/1/4 1638/1/4 1652/1/4
f 1651/2/4 1637/2/4 1652/2/4
f 1638/1/4 1639/1/4 1652/1/4
f 1639/3/4 1640/3/4 1653/3/4
f 1652/1/4 1639/1/4 1653/1/4
f 1640/1/4 1641/1/4 1654/1/4
f 1653/3/4 1640/3/4 1654/3/4
f 1641/1/4 1642/1/4 1654/1/4
f 1642/3/4 1643/3/4 1655/3/4
f 1654/1/4 1642/1/4 1655/1/4
f 1643/3/4 1644/3/4 1655/3/4
f 1644/3/4 1645/3/4 1655/3/4
f 1645/2/4 1646/2/4 1656/2/4
f 1655/3/4 1645/3/4 1656/3/4
f 1646/1/4 1647/1/4 1657/1/4
f 1656/2/4 1646/2/4 1657/2/4
f 1647/3/4 1648/3/4 1658/3/4
f 1657/1/4 1647/1/4 1658/1/4
f 1648/2/4 1649/2/4 1659/2/4
f 1658/3/4 1648/3/4 1659/3/4
f 1649/3/4 1650/3/4 1660/3/4
f 1659/2/4 1649/2/4 1660/2/4
f 1660/3/4 1650/3/4 1661/3/4
f 1662/3/4 1663/3/4 1673/3/4
f 1663/2/4 1664/2/4 1673/2/4
f 1673/2/4 1664/2/4 1674/2/4
f 1664/1/4 1665/1/4 1675/1/4
f 1674/2/4 1664/2/4 1675/2/4
f 1665/2/4 1666/2/4 1676/2/4
f 1675/1/4 1665/1/4 1676/1/4
f 1676/2/4 1666/2/4 1677/2/4
f 1666/1/4 1667/1/4 1678/1/4
f 1667/2/4 1668/2/4 1679/2/4
f 1678/1/4 1667/1/4 1679/1/4
f 1668/3/4 1669/3/4 1680/3/4
f 1679/2/4 1668/2/4 1680/2/4
f 1669/2/4 1670/2/4 1681/2/4
f 1680/3/4 1669/3/4 1681/3/4
f 1670/1/4 1671/1/4 1682/1/4
f 1681/2/4 1670/2/4 1682/2/4
f 1671/2/4 1672/2/4 1683/2/4
f 1682/1/4 1671/1/4 1683/1/4
f 1683/2/4 1672/2/4 1684/2/4
f 1662/3/4 1673/3/4 1685/3/4
f 1673/1/4 1674/1/4 1686/1/4
f 1685/3/4 1673/3/4 1686/3/4
f 1674/3/4 1675/3/4 1687/3/4
f 1686/1/4 1674/1/4 1687/1/4
f 1675/3/4 1676/3/4 1687/3/4
f 1687/3/4 1676/3/4 1688/3/4
f 1676/1/4 1677/1/4 1689/1/4
f 1688/3/4 1676/3/4 1689/3/4
f 1689/1/4 1677/1/4 1690/1/4
f 1677/2/4 1666/2/4 1691/2/4
f 1690/1/4 1677/1/4 1691/1/4
f 1666/1/4 1678/1/4 1692/1/4
f 1691/2/4 1666/2/4 1692/2/4
f 1692/1/4 1678/1/4 1693/1/4
f 1678/3/4 1679/3/4 1694/3/4
f 1693/1/4 1678/1/4 1694/1/4
f 1680/2/4 1681/2/4 1695/2/4
f 1694/3/4 1679/3/4 1695/3/4
f 1679/2/4 1680/2/4 1695/2/4
f 1681/3/4 1682/3/4 1696/3/4
f 1695/2/4 1681/2/4 1696/2/4
f 1682/2/4 1683/2/4 1697/2/4
f 1696/3/4 1682/3/4 1697/3/4
f 1683/1/4 1684/1/4 1698/1/4
f 1697/2/4 1683/2/4 1698/2/4
f 1698/1/4 1684/1/4 1699/1/4
f 1700/3/4 1701/3/4 1716/3/4
f 1701/2/4 1702/2/4 1717/2/4
f 1716/3/4 1701/3/4 1717/3/4
f 1705/1/4 1706/1/4 1718/1/4
f 1706/2/4 1707/2/4 1718/2/4
f 1707/1/4 1708/1/4 1719/1/4
f 1718/2/4 1707/2/4 1719/2/4
f 1708/3/4 1709/3/4 1720/3/4
f 1719/1/4 1708/1/4 1720/1/4
f 1709/2/4 1710/2/4 1721/2/4
f 1720/3/4 1709/3/4 1721/3/4
f 1710/3/4 1711/3/4 1722/3/4
f 1721/2/4 1710/2/4 1722/2/4
f 1711/1/4 1712/1/4 1723/1/4
f 1722/3/4 1711/3/4 1723/3/4
f 1712/3/4 1713/3/4 1724/3/4
f 1723/1/4 1712/1/4 1724/1/4
f 1713/2/4 1714/2/4 1725/2/4
f 1724/3/4 1713/3/4 1725/3/4
f 1714/3/4 1715/3/4 1726/3/4
f 1725/2/4 1714/2/4 1726/2/4
f 1726/3/4 1715/3/4 1727/3/4
f 1716/1/4 1717/1/4 1728/1/4
f 1717/2/4 1702/2/4 1729/2/4
f 1728/1/4 1717/1/4 1729/1/4
f 1702/3/4 1703/3/4 1730/3/4
f 1729/2/4 1702/2/4 1730/2/4
f 1703/2/4 1704/2/4 1731/2/4
f 1730/3/4 1703/3/4 1731/3/4
f 1704/3/4 1705/3/4 1732/3/4
f 1731/2/4 1704/2/4 1732/2/4
f 1705/1/4 1718/1/4 1733/1/4
f 1732/3/4 1705/3/4 1733/3/4
f 1718/3/4 1719/3/4 1734/3/4
f 1733/1/4 1718/1/4 1734/1/4
f 1719/2/4 1720/2/4 1735/2/4
f 1734/3/4 1719/3/4 1735/3/4
f 1720/2/4 1721/2/4 1735/2/4
f 1721/3/4 1722/3/4 1736/3/4
f 1735/2/4 1721/2/4 1736/2/4
f 1722/1/4 1723/1/4 1737/1/4
f 1736/3/4 1722/3/4 1737/3/4
f 1723/3/4 1724/3/4 1738/3/4
f 1737/1/4 1723/1/4 1738/1/4
f 1724/2/4 1725/2/4 1739/2/4
f 1738/3/4 1724/3/4 1739/3/4
f 1725/2/4 1726/2/4 1739/2/4
f 1726/1/4 1727/1/4 1740/1/4
f 1739/2/4 1726/2/4 1740/2/4
f 1740/1/4 1727/1/4 1741/1/4
f 1742/2/4 1743/2/4 1751/2/4
f 1751/2/4 1743/2/4 1752/2/4
f 1743/3/4 1744/3/4 1753/3/4
f 1752/2/4 1743/2/4 1753/2/4
f 1744/2/4 1745/2/4 1754/2/4
f 1753/3/4 1744/3/4 1754/3/4
f 1754/2/4 1745/2/4 1755/2/4
f 1745/3/4 1746/3/4 1756/3/4
f 1755/2/4 1745/2/4 1756/2/4
f 1746/1/4 1747/1/4 1757/1/4
f 1756/3/4 1746/3/4 1757/3/4
f 1747/2/4 1748/2/4 1758/2/4
f 1748/1/4 1749/1/4 1758/1/4
f 1749/3/4 1750/3/4 1759/3/4
f 1758/1/4 1749/1/4 1759/1/4
f 1759/3/4 1750/3/4 1760/3/4
f 1760/3/4 1750/3/4 1761/3/4
f 1761/3/4 1750/3/4 1762/3/4
f 1762/3/4 1750/3/4 1763/3/4
f 1751/3/4 1752/3/4 1764/3/4
f 1752/2/4 1753/2/4 1765/2/4
f 1764/3/4 1752/3/4 1765/3/4
f 1765/2/4 1753/2/4 1766/2/4
f 1755/1/4 1756/1/4 1767/1/4
f 1756/1/4 1757/1/4 1767/1/4
f 1757/1/4 1747/1/4 1768/1/4
f 1767/1/4 1757/1/4 1768/1/4
f 1747/2/4 1758/2/4 1769/2/4
f 1768/1/4 1747/1/4 1769/1/4
f 1758/2/4 1759/2/4 1769/2/4
f 1769/2/4 1759/2/4 1770/2/4
f 1759/3/4 1760/3/4 1771/3/4
f 1770/2/4 1759/2/4 1771/2/4
f 1760/1/4 1761/1/4 1772/1/4
f 1771/3/4 1760/3/4 1772/3/4
f 1772/1/4 1761/1/4 1773/1/4
f 1763/3/4 1750/3/4 1774/3/4
f 1774/3/4 1750/3/4 1775/3/4
f 1765/2/4 1766/2/4 1776/2/4
f 1764/2/4 1765/2/4 1776/2/4
f 1776/2/4 1766/2/4 1777/2/4
f 1767/1/4 1768/1/4 1778/1/4
f 1778/1/4 1768/1/4 1779/1/4
f 1768/3/4 1769/3/4 1780/3/4
f 1779/1/4 1768/1/4 1780/1/4
f 1769/2/4 1770/2/4 1781/2/4
f 1780/3/4 1769/3/4 1781/3/4
f 1772/3/4 1773/3/4 1782/3/4
f 1781/2/4 1770/2/4 1782/2/4
f 1770/3/4 1771/3/4 1782/3/4
f 1771/3/4 1772/3/4 1782/3/4
f 1782/3/4 1773/3/4 1783/3/4
f 1774/2/4 1775/2/4 1784/2/4
f 1784/2/4 1775/2/4 1785/2/4
f 1764/2/4 1776/2/4 1786/2/4
f 1776/1/4 1777/1/4 1787/1/4
f 1786/2/4 1776/2/4 1787/2/4
f 1787/1/4 1777/1/4 1788/1/4
f 1778/1/4 1779/1/4 1790/1/4
f 1779/3/4 1780/3/4 1791/3/4
f 1790/1/4 1779/1/4 1791/1/4
f 1780/1/4 1781/1/4 1792/1/4
f 1791/3/4 1780/3/4 1792/3/4
f 1781/1/4 1782/1/4 1792/1/4
f 1792/1/4 1782/1/4 1793/1/4
f 1782/2/4 1783/2/4 1794/2/4
f 1793/1/4 1782/1/4 1794/1/4
f 1794/2/4 1783/2/4 1795/2/4
f 1784/3/4 1785/3/4 1798/3/4
f 1786/1/4 1787/1/4 1799/1/4
f 1788/2/4 1789/2/4 1800/2/4
f 1799/1/4 1787/1/4 1800/1/4
f 1787/2/4 1788/2/4 1800/2/4
f 1790/1/4 1791/1/4 1801/1/4
f 1800/2/4 1789/2/4 1801/2/4
f 1789/1/4 1790/1/4 1801/1/4
f 1791/2/4 1792/2/4 1802/2/4
f 1801/1/4 1791/1/4 1802/1/4
f 1792/3/4 1793/3/4 1803/3/4
f 1802/2/4 1792/2/4 1803/2/4
f 1793/2/4 1794/2/4 1804/2/4
f 1803/3/4 1793/3/4 1804/3/4
f 1794/3/4 1795/3/4 1805/3/4
f 1804/2/4 1794/2/4 1805/2/4
f 1796/1/4 1797/1/4 1806/1/4
f 1805/3/4 1795/3/4 1806/3/4
f 1795/1/4 1796/1/4 1806/1/4
f 1797/2/4 1798/2/4 1807/2/4
f 1806/1/4 1797/1/4 1807/1/4
f 1798/3/4 1785/3/4 1808/3/4
f 1807/2/4 1798/2/4 1808/2/4
f 1808/3/4 1785/3/4 1809/3/4
f 1810/2/4 1811/2/4 1812/2/4
f 1812/2/4 1811/2/4 1813/2/4
f 1812/3/4 1813/3/4 1814/3/4
f 1814/3/4 1813/3/4 1815/3/4
f 1816/1/4 1817/1/4 1818/1/4
f 1816/1/4 1818/1/4 1819/1/4
f 1819/1/4 1818/1/4 1820/1/4
f 1819/3/4 1820/3/4 1821/3/4
f 1821/3/4 1820/3/4 1822/3/4
f 1823/3/4 1824/3/4 1827/3/4
f 1827/3/4 1824/3/4 1828/3/4
f 1827/1/4 1828/1/4 1829/1/4
f 1825/1/4 1826/1/4 1830/1/4
f 1830/1/4 1826/1/4 1831/1/4
f 1827/1/4 1829/1/4 1832/1/4
f 1832/1/4 1829/1/4 1833/1/4
f 1830/2/4 1831/2/4 1834/2/4
f 1834/2/4 1831/2/4 1835/2/4
f 1838/1/4 1839/1/4 1841/1/4
f 1839/3/4 1840/3/4 1842/3/4
f 1841/1/4 1839/1/4 1842/1/4
f 1836/3/4 1837/3/4 1843/3/4
f 1843/3/4 1837/3/4 1844/3/4
f 1841/3/4 1842/3/4 1845/3/4
f 1842/3/4 1840/3/4 1846/3/4
f 1845/3/4 1842/3/4 1846/3/4
f 1843/2/4 1844/2/4 1847/2/4
f 1847/2/4 1844/2/4 1848/2/4
f 1845/1/4 1846/1/4 1849/1/4
f 1849/1/4 1846/1/4 1850/1/4
f 1852/3/4 1853/3/4 1856/3/4
f 1853/2/4 1854/2/4 1856/2/4
f 1854/3/4 1855/3/4 1857/3/4
f 1856/2/4 1854/2/4 1857/2/4
f 1851/2/4 1852/2/4 1858/2/4
f 1852/3/4 1856/3/4 1859/3/4
f 1858/2/4 1852/2/4 1859/2/4
f 1859/3/4 1856/3/4 1860/3/4
f 1856/1/4 1857/1/4 1861/1/4
f 1860/3/4 1856/3/4 1861/3/4
f 1857/3/4 1855/3/4 1862/3/4
f 1861/1/4 1857/1/4 1862/1/4
f 1862/3/4 1855/3/4 1863/3/4
f 1858/3/4 1859/3/4 1864/3/4
f 1859/1/4 1860/1/4 1865/1/4
f 1864/3/4 1859/3/4 1865/3/4
f 1860/2/4 1861/2/4 1866/2/4
f 1865/1/4 1860/1/4 1866/1/4
f 1861/3/4 1862/3/4 1867/3/4
f 1866/2/4 1861/2/4 1867/2/4
f 1862/2/4 1863/2/4 1868/2/4
f 1867/3/4 1862/3/4 1868/3/4
f 1868/2/4 1863/2/4 1869/2/4
f 1876/3/5 1871/3/5 1870/3/5
f 1877/2/5 1872/2/5 1871/2/5
f 1877/3/5 1871/3/5 1876/3/5
f 1878/2/5 1872/2/5 1877/2/5
f 1879/3/5 1873/3/5 1872/3/5
f 1880/3/5 1873/3/5 1879/3/5
f 1884/3/5 1875/3/5 1874/3/5
f 1885/1/5 1876/1/5 1875/1/5
f 1885/1/5 1877/1/5 1876/1/5
f 1885/3/5 1875/3/5 1884/3/5
f 1885/1/5 1878/1/5 1877/1/5
f 1886/1/5 1878/1/5 1885/1/5
f 1887/2/5 1872/2/5 1878/2/5
f 1887/1/5 1878/1/5 1886/1/5
f 1888/3/5 1879/3/5 1872/3/5
f 1888/2/5 1872/2/5 1887/2/5
f 1889/1/5 1880/1/5 1879/1/5
f 1889/3/5 1879/3/5 1888/3/5
f 1890/2/5 1881/2/5 1880/2/5
f 1890/1/5 1880/1/5 1889/1/5
f 1891/3/5 1882/3/5 1881/3/5
f 1891/2/5 1881/2/5 1890/2/5
f 1892/3/5 1882/3/5 1891/3/5
f 1895/3/5 1884/3/5 1883/3/5
f 1895/3/5 1885/3/5 1884/3/5
f 1896/2/5 1886/2/5 1885/2/5
f 1896/3/5 1885/3/5 1895/3/5
f 1897/1/5 1887/1/5 1886/1/5
f 1897/2/5 1886/2/5 1896/2/5
f 1898/1/5 1887/1/5 1897/1/5
f 1899/3/5 1890/3/5 1889/3/5
f 1899/1/5 1887/1/5 1898/1/5
f 1899/3/5 1889/3/5 1888/3/5
f 1899/3/5 1888/3/5 1887/3/5
f 1900/3/5 1890/3/5 1899/3/5
f 1901/1/5 1892/1/5 1891/1/5
f 1901/3/5 1890/3/5 1900/3/5
f 1901/1/5 1891/1/5 1890/1/5
f 1902/1/5 1892/1/5 1901/1/5
f 1903/2/5 1893/2/5 1892/2/5
f 1903/1/5 1892/1/5 1902/1/5
f 1904/2/5 1893/2/5 1903/2/5
f 1906/1/5 1895/1/5 1894/1/5
f 1907/2/5 1896/2/5 1895/2/5
f 1907/1/5 1895/1/5 1906/1/5
f 1908/2/5 1896/2/5 1907/2/5
f 1909/3/5 1897/3/5 1896/3/5
f 1909/2/5 1896/2/5 1908/2/5
f 1910/1/5 1898/1/5 1897/1/5
f 1910/3/5 1897/3/5 1909/3/5
f 1911/2/5 1899/2/5 1898/2/5
f 1911/1/5 1898/1/5 1910/1/5
f 1912/3/5 1900/3/5 1899/3/5
f 1912/2/5 1899/2/5 1911/2/5
f 1913/2/5 1901/2/5 1900/2/5
f 1913/3/5 1900/3/5 1912/3/5
f 1914/2/5 1901/2/5 1913/2/5
f 1915/3/5 1902/3/5 1901/3/5
f 1915/2/5 1901/2/5 1914/2/5
f 1916/2/5 1903/2/5 1902/2/5
f 1916/3/5 1902/3/5 1915/3/5
f 1917/3/5 1904/3/5 1903/3/5
f 1917/2/5 1903/2/5 1916/2/5
f 1918/2/5 1905/2/5 1904/2/5
f 1918/3/5 1904/3/5 1917/3/5
f 1920/3/5 1908/3/5 1907/3/5
f 1920/3/5 1907/3/5 1906/3/5
f 1921/3/5 1908/3/5 1920/3/5
f 1922/1/5 1909/1/5 1908/1/5
f 1922/3/5 1908/3/5 1921/3/5
f 1923/2/5 1911/2/5 1910/2/5
f 1923/1/5 1909/1/5 1922/1/5
f 1923/2/5 1910/2/5 1909/2/5
f 1924/1/5 1914/1/5 1913/1/5
f 1924/2/5 1911/2/5 1923/2/5
f 1924/1/5 1912/1/5 1911/1/5
f 1924/1/5 1913/1/5 1912/1/5
f 1925/1/5 1914/1/5 1924/1/5
f 1926/3/5 1915/3/5 1914/3/5
f 1926/2/5 1916/2/5 1915/2/5
f 1927/1/5 1917/1/5 1916/1/5
f 1927/2/5 1916/2/5 1926/2/5
f 1927/1/5 1918/1/5 1917/1/5
f 1928/1/5 1918/1/5 1927/1/5
f 1929/2/5 1905/2/5 1918/2/5
f 1929/1/5 1918/1/5 1928/1/5
f 1930/2/5 1905/2/5 1929/2/5
f 1932/1/5 1920/1/5 1919/1/5
f 1933/2/5 1921/2/5 1920/2/5
f 1933/1/5 1920/1/5 1932/1/5
f 1934/1/5 1923/1/5 1922/1/5
f 1934/2/5 1921/2/5 1933/2/5
f 1934/1/5 1922/1/5 1921/1/5
f 1935/1/5 1923/1/5 1934/1/5
f 1936/3/5 1925/3/5 1924/3/5
f 1936/1/5 1923/1/5 1935/1/5
f 1936/3/5 1924/3/5 1923/3/5
f 1937/3/5 1925/3/5 1936/3/5
f 1938/3/5 1925/3/5 1937/3/5
f 1939/1/5 1914/1/5 1925/1/5
f 1939/3/5 1925/3/5 1938/3/5
f 1940/3/5 1926/3/5 1914/3/5
f 1940/1/5 1927/1/5 1926/1/5
f 1941/2/5 1928/2/5 1927/2/5
f 1941/1/5 1927/1/5 1940/1/5
f 1942/3/5 1930/3/5 1929/3/5
f 1942/2/5 1928/2/5 1941/2/5
f 1942/3/5 1929/3/5 1928/3/5
f 1943/3/5 1930/3/5 1942/3/5
f 1944/2/5 1931/2/5 1930/2/5
f 1944/3/5 1930/3/5 1943/3/5
f 1945/2/5 1931/2/5 1944/2/5
f 1946/3/5 1933/3/5 1932/3/5
f 1947/2/5 1935/2/5 1934/2/5
f 1947/3/5 1933/3/5 1946/3/5
f 1947/2/5 1934/2/5 1933/2/5
f 1948/2/5 1935/2/5 1947/2/5
f 1949/1/5 1937/1/5 1936/1/5
f 1949/2/5 1935/2/5 1948/2/5
f 1949/1/5 1936/1/5 1935/1/5
f 1950/3/5 1938/3/5 1937/3/5
f 1950/1/5 1937/1/5 1949/1/5
f 1951/1/5 1939/1/5 1938/1/5
f 1951/3/5 1938/3/5 1950/3/5
f 1952/1/5 1939/1/5 1951/1/5
f 1953/1/5 1914/1/5 1939/1/5
f 1953/1/5 1939/1/5 1952/1/5
f 1953/3/5 1940/3/5 1914/3/5
f 1953/3/5 1941/3/5 1940/3/5
f 1953/3/5 1942/3/5 1941/3/5
f 1954/3/5 1942/3/5 1953/3/5
f 1955/2/5 1943/2/5 1942/2/5
f 1955/3/5 1942/3/5 1954/3/5
f 1956/3/5 1944/3/5 1943/3/5
f 1956/2/5 1943/2/5 1955/2/5
f 1957/1/5 1945/1/5 1944/1/5
f 1957/3/5 1944/3/5 1956/3/5
f 1958/1/5 1945/1/5 1957/1/5
f 1959/2/5 1949/2/5 1948/2/5
f 1959/2/5 1950/2/5 1949/2/5
f 1959/1/5 1948/1/5 1947/1/5
f 1959/1/5 1947/1/5 1946/1/5
f 1960/2/5 1950/2/5 1959/2/5
f 1961/1/5 1952/1/5 1951/1/5
f 1961/2/5 1950/2/5 1960/2/5
f 1961/1/5 1951/1/5 1950/1/5
f 1962/1/5 1952/1/5 1961/1/5
f 1963/2/5 1953/2/5 1952/2/5
f 1963/1/5 1952/1/5 1962/1/5
f 1964/2/5 1953/2/5 1963/2/5
f 1965/3/5 1954/3/5 1953/3/5
f 1965/2/5 1953/2/5 1964/2/5
f 1966/1/5 1955/1/5 1954/1/5
f 1966/3/5 1954/3/5 1965/3/5
f 1966/1/5 1956/1/5 1955/1/5
f 1967/1/5 1956/1/5 1966/1/5
f 1968/2/5 1958/2/5 1957/2/5
f 1968/3/5 1957/3/5 1956/3/5
f 1969/2/5 1958/2/5 1968/2/5
f 1970/1/5 1960/1/5 1959/1/5
f 1970/1/5 1959/1/5 1946/1/5
f 1971/1/5 1960/1/5 1970/1/5
f 1972/3/5 1961/3/5 1960/3/5
f 1972/1/5 1960/1/5 1971/1/5
f 1973/3/5 1961/3/5 1972/3/5
f 1974/1/5 1962/1/5 1961/1/5
f 1974/3/5 1961/3/5 1973/3/5
f 1975/3/5 1963/3/5 1962/3/5
f 1975/1/5 1962/1/5 1974/1/5
f 1976/2/5 1964/2/5 1963/2/5
f 1976/3/5 1963/3/5 1975/3/5
f 1977/3/5 1965/3/5 1964/3/5
f 1977/2/5 1964/2/5 1976/2/5
f 1977/3/5 1966/3/5 1965/3/5
f 1978/3/5 1966/3/5 1977/3/5
f 1979/3/5 1966/3/5 1978/3/5
f 1980/2/5 1967/2/5 1966/2/5
f 1980/3/5 1966/3/5 1979/3/5
f 1981/1/5 1956/1/5 1967/1/5
f 1981/2/5 1967/2/5 1980/2/5
f 1982/3/5 1968/3/5 1956/3/5
f 1982/1/5 1956/1/5 1981/1/5
f 1983/1/5 1969/1/5 1968/1/5
f 1983/3/5 1968/3/5 1982/3/5
f 1984/1/5 1970/1/5 1946/1/5
f 1985/2/5 1971/2/5 1970/2/5
f 1985/1/5 1970/1/5 1984/1/5
f 1986/1/5 1972/1/5 1971/1/5
f 1986/2/5 1971/2/5 1985/2/5
f 1987/2/5 1973/2/5 1972/2/5
f 1987/1/5 1972/1/5 1986/1/5
f 1988/3/5 1974/3/5 1973/3/5
f 1988/2/5 1973/2/5 1987/2/5
f 1989/2/5 1976/2/5 1975/2/5
f 1989/3/5 1974/3/5 1988/3/5
f 1989/2/5 1975/2/5 1974/2/5
f 1990/2/5 1976/2/5 1989/2/5
f 1991/3/5 1977/3/5 1976/3/5
f 1991/2/5 1978/2/5 1977/2/5
f 1992/3/5 1979/3/5 1978/3/5
f 1992/2/5 1978/2/5 1991/2/5
f 1993/2/5 1980/2/5 1979/2/5
f 1993/3/5 1979/3/5 1992/3/5
f 1994/1/5 1982/1/5 1981/1/5
f 1994/2/5 1980/2/5 1993/2/5
f 1994/1/5 1983/1/5 1982/1/5
f 1994/1/5 1981/1/5 1980/1/5
f 1995/1/5 1969/1/5 1983/1/5
f 1995/1/5 1983/1/5 1994/1/5
f 1996/1/5 1969/1/5 1995/1/5
f 1997/2/5 1987/2/5 1986/2/5
f 1997/2/5 1986/2/5 1985/2/5
f 1998/1/5 1988/1/5 1987/1/5
f 1998/2/5 1987/2/5 1997/2/5
f 1998/1/5 1989/1/5 1988/1/5
f 1999/1/5 1989/1/5 1998/1/5
f 2000/3/5 1990/3/5 1989/3/5
f 2000/1/5 1989/1/5 1999/1/5
f 2001/2/5 1976/2/5 1990/2/5
f 2001/3/5 1990/3/5 2000/3/5
f 2002/3/5 1992/3/5 1991/3/5
f 2002/2/5 1976/2/5 2001/2/5
f 2002/3/5 1991/3/5 1976/3/5
f 2003/2/5 1993/2/5 1992/2/5
f 2003/3/5 1992/3/5 2002/3/5
f 2004/1/5 1994/1/5 1993/1/5
f 2004/2/5 1993/2/5 2003/2/5
f 2005/2/5 1995/2/5 1994/2/5
f 2005/1/5 1994/1/5 2004/1/5
f 2006/2/5 1995/2/5 2005/2/5
f 2007/2/5 1995/2/5 2006/2/5
f 2008/1/5 1998/1/5 1997/1/5
f 2008/1/5 1999/1/5 1998/1/5
f 2009/1/5 1999/1/5 2008/1/5
f 2010/3/5 2002/3/5 2001/3/5
f 2010/1/5 1999/1/5 2009/1/5
f 2010/3/5 2001/3/5 2000/3/5
f 2010/3/5 2000/3/5 1999/3/5
f 2011/3/5 2002/3/5 2010/3/5
f 2012/1/5 2003/1/5 2002/1/5
f 2012/3/5 2002/3/5 2011/3/5
f 2012/1/5 2004/1/5 2003/1/5
f 2013/2/5 2005/2/5 2004/2/5
f 2013/1/5 2004/1/5 2012/1/5
f 2014/1/5 2006/1/5 2005/1/5
f 2014/2/5 2005/2/5 2013/2/5
f 2015/1/5 2006/1/5 2014/1/5
f 2016/3/5 2007/3/5 2006/3/5
f 2016/1/5 2006/1/5 2015/1/5
f 2017/3/5 2007/3/5 2016/3/5
f 2018/3/5 2011/3/5 2010/3/5
f 2018/3/5 2010/3/5 2009/3/5
f 2019/3/5 2011/3/5 2018/3/5
f 2020/2/5 2013/2/5 2012/2/5
f 2020/3/5 2011/3/5 2019/3/5
f 2020/2/5 2012/2/5 2011/2/5
f 2021/2/5 2013/2/5 2020/2/5
f 2022/2/5 2013/2/5 2021/2/5
f 2023/2/5 2013/2/5 2022/2/5
f 2024/3/5 2014/3/5 2013/3/5
f 2024/2/5 2013/2/5 2023/2/5
f 2025/2/5 2016/2/5 2015/2/5
f 2025/1/5 2015/1/5 2014/1/5
f 2026/2/5 2016/2/5 2025/2/5
f 2027/3/5 2020/3/5 2019/3/5
f 2028/3/5 2020/3/5 2027/3/5
f 2029/1/5 2021/1/5 2020/1/5
f 2029/3/5 2020/3/5 2028/3/5
f 2030/2/5 2022/2/5 2021/2/5
f 2030/1/5 2021/1/5 2029/1/5
f 2031/1/5 2023/1/5 2022/1/5
f 2031/2/5 2022/2/5 2030/2/5
f 2032/3/5 2024/3/5 2023/3/5
f 2032/1/5 2023/1/5 2031/1/5
f 2033/3/5 2014/3/5 2024/3/5
f 2033/3/5 2024/3/5 2032/3/5
f 2034/1/5 2025/1/5 2014/1/5
f 2034/3/5 2014/3/5 2033/3/5
f 2035/1/5 2025/1/5 2034/1/5
f 2036/2/5 2029/2/5 2028/2/5
f 2037/3/5 2030/3/5 2029/3/5
f 2037/2/5 2029/2/5 2036/2/5
f 2038/2/5 2032/2/5 2031/2/5
f 2038/3/5 2030/3/5 2037/3/5
f 2038/2/5 2031/2/5 2030/2/5
f 2039/1/5 2033/1/5 2032/1/5
f 2039/2/5 2032/2/5 2038/2/5
f 2040/1/5 2033/1/5 2039/1/5
f 2045/1/5 2042/1/5 2041/1/5
f 2045/3/5 2043/3/5 2042/3/5
f 2046/2/5 2044/2/5 2043/2/5
f 2046/3/5 2043/3/5 2045/3/5
f 2047/2/5 2044/2/5 2046/2/5
f 2048/1/5 2045/1/5 2041/1/5
f 2048/1/5 2046/1/5 2045/1/5
f 2049/3/5 2047/3/5 2046/3/5
f 2049/1/5 2046/1/5 2048/1/5
f 2050/3/5 2047/3/5 2049/3/5
f 2055/3/5 2052/3/5 2051/3/5
f 2056/1/5 2054/1/5 2053/1/5
f 2056/3/5 2052/3/5 2055/3/5
f 2056/1/5 2053/1/5 2052/1/5
f 2057/1/5 2054/1/5 2056/1/5
f 2062/3/5 2059/3/5 2058/3/5
f 2062/3/5 2060/3/5 2059/3/5
f 2063/2/5 2061/2/5 2060/2/5
f 2063/3/5 2060/3/5 2062/3/5
f 2064/2/5 2061/2/5 2063/2/5
f 2068/2/5 2066/2/5 2065/2/5
f 2069/3/5 2067/3/5 2066/3/5
f 2069/2/5 2066/2/5 2068/2/5
f 2070/3/5 2067/3/5 2069/3/5
f 2074/3/5 2072/3/5 2071/3/5
f 2075/2/5 2073/2/5 2072/2/5
f 2075/3/5 2072/3/5 2074/3/5
f 2076/2/5 2073/2/5 2075/2/5
f 2077/2/5 2073/2/5 2076/2/5
f 2082/1/5 2079/1/5 2078/1/5
f 2083/3/5 2081/3/5 2080/3/5
f 2083/1/5 2079/1/5 2082/1/5
f 2083/3/5 2080/3/5 2079/3/5
f 2084/3/5 2081/3/5 2083/3/5
f 2085/3/5 2081/3/5 2084/3/5
f 2086/3/5 2083/3/5 2082/3/5
f 2087/2/5 2084/2/5 2083/2/5
f 2087/3/5 2083/3/5 2086/3/5
f 2088/1/5 2085/1/5 2084/1/5
f 2088/2/5 2084/2/5 2087/2/5
f 2089/1/5 2085/1/5 2088/1/5
f 2092/6/5 2091/6/5 2090/6/5
f 2093/6/5 2091/6/5 2092/6/5
f 2096/6/5 2095/6/5 2094/6/5
f 2097/6/5 2095/6/5 2096/6/5
f 2100/6/5 2099/6/5 2098/6/5
f 2101/6/5 2099/6/5 2100/6/5
f 2104/6/5 2103/6/5 2102/6/5
f 2105/6/5 2103/6/5 2104/6/5
f 2108/6/5 2107/6/5 2106/6/5
f 2109/6/5 2107/6/5 2108/6/5
f 2112/6/5 2111/6/5 2110/6/5
f 2113/6/5 2111/6/5 2112/6/5
f 2116/6/5 2115/6/5 2114/6/5
f 2117/6/5 2115/6/5 2116/6/5
f 2118/2/6 2119/2/6 2122/2/6
f 2119/3/6 2120/3/6 2123/3/6
f 2122/2/6 2119/2/6 2123/2/6
f 2120/1/6 2121/1/6 2124/1/6
f 2123/3/6 2120/3/6 2124/3/6
f 2124/1/6 2121/1/6 2125/1/6
f 2126/3/6 2127/3/6 2130/3/6
f 2127/1/6 2128/1/6 2131/1/6
f 2130/3/6 2127/3/6 2131/3/6
f 2128/3/6 2129/3/6 2132/3/6
f 2131/1/6 2128/1/6 2132/1/6
f 2132/3/6 2129/3/6 2133/3/6
f 2134/1/6 2135/1/6 2137/1/6
f 2137/1/6 2135/1/6 2138/1/6
f 2135/2/6 2136/2/6 2139/2/6
f 2138/1/6 2135/1/6 2139/1/6
f 2139/2/6 2136/2/6 2140/2/6
f 2141/3/6 2142/3/6 2145/3/6
f 2142/3/6 2143/3/6 2145/3/6
f 2143/2/6 2144/2/6 2146/2/6
f 2145/3/6 2143/3/6 2146/3/6
f 2146/2/6 2144/2/6 2147/2/6
f 2148/4/6 2149/4/6 2153/4/6
f 2149/5/6 2150/5/6 2154/5/6
f 2153/4/6 2149/4/6 2154/4/6
f 2150/4/6 2151/4/6 2155/4/6
f 2154/5/6 2150/5/6 2155/5/6
f 2155/4/6 2151/4/6 2156/4/6
f 2152/5/6 2153/5/6 2160/5/6
f 2153/4/6 2154/4/6 2161/4/6
f 2154/4/6 2155/4/6 2161/4/6
f 2160/5/6 2153/5/6 2161/5/6
f 2161/4/6 2155/4/6 2162/4/6
f 2157/5/6 2158/5/6 2163/5/6
f 2159/4/6 2160/4/6 2166/4/6
f 2160/4/6 2161/4/6 2166/4/6
f 2166/4/6 2161/4/6 2167/4/6
f 2167/4/6 2161/4/6 2168/4/6
f 2162/4/6 2155/4/6 2169/4/6
f 2161/5/6 2162/5/6 2169/5/6
f 2155/5/6 2156/5/6 2170/5/6
f 2169/4/6 2155/4/6 2170/4/6
f 2156/4/6 2157/4/6 2171/4/6
f 2170/5/6 2156/5/6 2171/5/6
f 2157/5/6 2163/5/6 2172/5/6
f 2171/4/6 2157/4/6 2172/4/6
f 2163/4/6 2164/4/6 2173/4/6
f 2172/5/6 2163/5/6 2173/5/6
f 2173/4/6 2164/4/6 2174/4/6
f 2165/4/6 2166/4/6 2176/4/6
f 2166/4/6 2167/4/6 2176/4/6
f 2176/4/6 2167/4/6 2177/4/6
f 2167/5/6 2168/5/6 2178/5/6
f 2177/4/6 2167/4/6 2178/4/6
f 2168/4/6 2161/4/6 2179/4/6
f 2178/5/6 2168/5/6 2179/5/6
f 2171/5/6 2172/5/6 2180/5/6
f 2169/5/6 2170/5/6 2180/5/6
f 2170/5/6 2171/5/6 2180/5/6
f 2174/4/6 2175/4/6 2181/4/6
f 2180/5/6 2172/5/6 2181/5/6
f 2173/4/6 2174/4/6 2181/4/6
f 2172/4/6 2173/4/6 2181/4/6
f 2181/4/6 2175/4/6 2182/4/6
f 2182/4/6 2175/4/6 2183/4/6
f 2183/4/6 2175/4/6 2184/4/6
f 2176/5/6 2177/5/6 2186/5/6
f 2177/4/6 2178/4/6 2187/4/6
f 2178/4/6 2179/4/6 2187/4/6
f 2186/5/6 2177/5/6 2187/5/6
f 2187/4/6 2179/4/6 2188/4/6
f 2179/4/6 2161/4/6 2189/4/6
f 2188/4/6 2179/4/6 2189/4/6
f 2161/5/6 2169/5/6 2190/5/6
f 2189/4/6 2161/4/6 2190/4/6
f 2169/5/6 2180/5/6 2190/5/6
f 2190/5/6 2180/5/6 2191/5/6
f 2180/4/6 2181/4/6 2192/4/6
f 2191/5/6 2180/5/6 2192/5/6
f 2181/4/6 2182/4/6 2192/4/6
f 2192/4/6 2182/4/6 2193/4/6
f 2193/4/6 2182/4/6 2194/4/6
f 2183/5/6 2184/5/6 2195/5/6
f 2195/5/6 2184/5/6 2196/5/6
f 2185/5/6 2186/5/6 2198/5/6
f 2187/4/6 2188/4/6 2199/4/6
f 2198/5/6 2186/5/6 2199/5/6
f 2186/4/6 2187/4/6 2199/4/6
f 2199/4/6 2188/4/6 2200/4/6
f 2190/4/6 2191/4/6 2201/4/6
f 2189/4/6 2190/4/6 2201/4/6
f 2191/5/6 2192/5/6 2202/5/6
f 2201/4/6 2191/4/6 2202/4/6
f 2192/5/6 2193/5/6 2202/5/6
f 2196/5/6 2197/5/6 2203/5/6
f 2193/4/6 2194/4/6 2203/4/6
f 2194/5/6 2195/5/6 2203/5/6
f 2195/5/6 2196/5/6 2203/5/6
f 2203/5/6 2197/5/6 2204/5/6
f 2204/5/6 2197/5/6 2205/5/6
f 2198/4/6 2199/4/6 2206/4/6
f 2199/5/6 2200/5/6 2207/5/6
f 2206/4/6 2199/4/6 2207/4/6
f 2200/4/6 2188/4/6 2208/4/6
f 2207/5/6 2200/5/6 2208/5/6
f 2188/5/6 2189/5/6 2209/5/6
f 2208/4/6 2188/4/6 2209/4/6
f 2202/5/6 2193/5/6 2210/5/6
f 2201/5/6 2202/5/6 2210/5/6
f 2210/5/6 2193/5/6 2211/5/6
f 2211/5/6 2193/5/6 2212/5/6
f 2193/4/6 2203/4/6 2213/4/6
f 2212/5/6 2193/5/6 2213/5/6
f 2203/4/6 2204/4/6 2213/4/6
f 2204/5/6 2205/5/6 2214/5/6
f 2213/4/6 2204/4/6 2214/4/6
f 2214/5/6 2205/5/6 2215/5/6
f 2215/5/6 2205/5/6 2216/5/6
f 2207/5/6 2208/5/6 2217/5/6
f 2208/5/6 2209/5/6 2217/5/6
f 2206/5/6 2207/5/6 2217/5/6
f 2217/5/6 2209/5/6 2218/5/6
f 2218/5/6 2209/5/6 2219/5/6
f 2209/5/6 2189/5/6 2220/5/6
f 2219/5/6 2209/5/6 2220/5/6
f 2189/4/6 2201/4/6 2220/4/6
f 2201/5/6 2210/5/6 2221/5/6
f 2220/4/6 2201/4/6 2221/4/6
f 2210/4/6 2211/4/6 2222/4/6
f 2221/5/6 2210/5/6 2222/5/6
f 2215/4/6 2216/4/6 2223/4/6
f 2214/5/6 2215/5/6 2223/5/6
f 2213/5/6 2214/5/6 2223/5/6
f 2223/4/6 2216/4/6 2224/4/6
f 2218/5/6 2219/5/6 2225/5/6
f 2219/4/6 2220/4/6 2226/4/6
f 2225/5/6 2219/5/6 2226/5/6
f 2220/5/6 2221/5/6 2227/5/6
f 2226/4/6 2220/4/6 2227/4/6
f 2221/4/6 2222/4/6 2228/4/6
f 2227/5/6 2221/5/6 2228/5/6
f 2222/4/6 2211/4/6 2229/4/6
f 2228/4/6 2222/4/6 2229/4/6
f 2211/5/6 2212/5/6 2229/5/6
f 2213/5/6 2223/5/6 2230/5/6
f 2212/4/6 2213/4/6 2230/4/6
f 2230/5/6 2223/5/6 2231/5/6
f 2231/5/6 2223/5/6 2232/5/6
f 2232/5/6 2223/5/6 2233/5/6
f 2225/4/6 2226/4/6 2234/4/6
f 2226/5/6 2227/5/6 2235/5/6
f 2234/4/6 2226/4/6 2235/4/6
f 2235/5/6 2227/5/6 2236/5/6
f 2228/5/6 2229/5/6 2237/5/6
f 2229/5/6 2212/5/6 2238/5/6
f 2237/5/6 2229/5/6 2238/5/6
f 2212/4/6 2230/4/6 2238/4/6
f 2230/4/6 2231/4/6 2238/4/6
f 2231/5/6 2232/5/6 2239/5/6
f 2238/4/6 2231/4/6 2239/4/6
f 2232/4/6 2233/4/6 2240/4/6
f 2239/5/6 2232/5/6 2240/5/6
f 2240/4/6 2233/4/6 2241/4/6
f 2235/4/6 2236/4/6 2242/4/6
f 2236/5/6 2227/5/6 2243/5/6
f 2242/4/6 2236/4/6 2243/4/6
f 2227/4/6 2228/4/6 2244/4/6
f 2243/5/6 2227/5/6 2244/5/6
f 2228/5/6 2237/5/6 2245/5/6
f 2244/4/6 2228/4/6 2245/4/6
f 2237/4/6 2238/4/6 2246/4/6
f 2245/5/6 2237/5/6 2246/5/6
f 2238/5/6 2239/5/6 2247/5/6
f 2246/4/6 2238/4/6 2247/4/6
f 2247/5/6 2239/5/6 2248/5/6
f 2239/4/6 2240/4/6 2249/4/6
f 2248/5/6 2239/5/6 2249/5/6
f 2249/4/6 2240/4/6 2250/4/6
f 2243/4/6 2244/4/6 2251/4/6
f 2244/5/6 2245/5/6 2252/5/6
f 2251/4/6 2244/4/6 2252/4/6
f 2245/4/6 2246/4/6 2253/4/6
f 2252/5/6 2245/5/6 2253/5/6
f 2247/5/6 2248/5/6 2254/5/6
f 2253/4/6 2246/4/6 2254/4/6
f 2246/5/6 2247/5/6 2254/5/6
f 2254/5/6 2248/5/6 2255/5/6
f 2248/4/6 2249/4/6 2256/4/6
f 2255/5/6 2248/5/6 2256/5/6
f 2256/4/6 2249/4/6 2257/4/6
f 2253/5/6 2254/5/6 2258/5/6
f 2254/4/6 2255/4/6 2259/4/6
f 2258/5/6 2254/5/6 2259/5/6
f 2259/4/6 2255/4/6 2260/4/6
f 2260/4/6 2255/4/6 2261/4/6
f 2262/3/6 2263/3/6 2265/3/6
f 2263/1/6 2264/1/6 2266/1/6
f 2265/3/6 2263/3/6 2266/3/6
f 2266/1/6 2264/1/6 2267/1/6
f 2268/6/6 2269/6/6 2270/6/6
f 2270/6/6 2269/6/6 2271/6/6
f 2272/1/6 2273/1/6 2275/1/6
f 2273/1/6 2274/1/6 2275/1/6
f 2275/1/6 2274/1/6 2276/1/6
f 2272/1/6 2275/1/6 2277/1/6
f 2275/2/6 2276/2/6 2278/2/6
f 2277/1/6 2275/1/6 2278/1/6
f 2278/2/6 2276/2/6 2279/2/6
f 2280/6/6 2281/6/6 2282/6/6
f 2282/6/6 2281/6/6 2283/6/6
f 2284/2/6 2285/2/6 2288/2/6
f 2285/2/6 2286/2/6 2288/2/6
f 2286/3/6 2287/3/6 2289/3/6
f 2288/2/6 2286/2/6 2289/2/6
f 2289/3/6 2287/3/6 2290/3/6
f 2291/3/6 2292/3/6 2296/3/6
f 2292/2/6 2293/2/6 2297/2/6
f 2296/3/6 2292/3/6 2297/3/6
f 2293/3/6 2294/3/6 2298/3/6
f 2297/2/6 2293/2/6 2298/2/6
f 2298/3/6 2294/3/6 2299/3/6
f 2299/3/6 2294/3/6 2300/3/6
f 2295/3/6 2296/3/6 2304/3/6
f 2304/3/6 2296/3/6 2305/3/6
f 2296/2/6 2297/2/6 2306/2/6
f 2305/3/6 2296/3/6 2306/3/6
f 2306/2/6 2297/2/6 2307/2/6
f 2299/1/6 2300/1/6 2308/1/6
f 2300/2/6 2301/2/6 2309/2/6
f 2308/1/6 2300/1/6 2309/1/6
f 2301/1/6 2302/1/6 2310/1/6
f 2309/2/6 2301/2/6 2310/2/6
f 2310/1/6 2302/1/6 2311/1/6
f 2303/1/6 2304/1/6 2314/1/6
f 2304/3/6 2305/3/6 2315/3/6
f 2314/1/6 2304/1/6 2315/1/6
f 2315/3/6 2305/3/6 2316/3/6
f 2310/3/6 2311/3/6 2317/3/6
f 2311/2/6 2312/2/6 2318/2/6
f 2317/3/6 2311/3/6 2318/3/6
f 2318/2/6 2312/2/6 2319/2/6
f 2313/1/6 2314/1/6 2321/1/6
f 2314/3/6 2315/3/6 2322/3/6
f 2321/1/6 2314/1/6 2322/1/6
f 2322/3/6 2315/3/6 2323/3/6
f 2318/3/6 2319/3/6 2324/3/6
f 2319/1/6 2320/1/6 2325/1/6
f 2324/3/6 2319/3/6 2325/3/6
f 2321/2/6 2322/2/6 2327/2/6
f 2327/2/6 2322/2/6 2328/2/6
f 2325/1/6 2320/1/6 2329/1/6
f 2329/1/6 2320/1/6 2330/1/6
f 2326/1/6 2327/1/6 2332/1/6
f 2327/3/6 2328/3/6 2333/3/6
f 2332/1/6 2327/1/6 2333/1/6
f 2333/3/6 2328/3/6 2334/3/6
f 2330/3/6 2331/3/6 2335/3/6
f 2329/3/6 2330/3/6 2335/3/6
f 2335/3/6 2331/3/6 2336/3/6
f 2336/3/6 2331/3/6 2337/3/6
f 2336/2/6 2337/2/6 2338/2/6
f 2338/2/6 2337/2/6 2339/2/6
f 2332/2/6 2333/2/6 2340/2/6
f 2340/2/6 2333/2/6 2341/2/6
f 2340/1/6 2341/1/6 2342/1/6
f 2338/3/6 2339/3/6 2345/3/6
f 2345/3/6 2339/3/6 2346/3/6
f 2340/1/6 2342/1/6 2347/1/6
f 2342/3/6 2343/3/6 2348/3/6
f 2347/1/6 2342/1/6 2348/1/6
f 2348/3/6 2343/3/6 2349/3/6
f 2344/2/6 2345/2/6 2350/2/6
f 2345/1/6 2346/1/6 2351/1/6
f 2350/2/6 2345/2/6 2351/2/6
f 2351/1/6 2346/1/6 2352/1/6
f 2348/1/6 2349/1/6 2353/1/6
f 2353/1/6 2349/1/6 2354/1/6
f 2350/1/6 2351/1/6 2357/1/6
f 2353/3/6 2354/3/6 2358/3/6
f 2354/2/6 2355/2/6 2359/2/6
f 2358/3/6 2354/3/6 2359/3/6
f 2359/2/6 2355/2/6 2360/2/6
f 2356/1/6 2357/1/6 2365/1/6
f 2357/1/6 2351/1/6 2366/1/6
f 2365/1/6 2357/1/6 2366/1/6
f 2366/1/6 2351/1/6 2367/1/6
f 2359/2/6 2360/2/6 2368/2/6
f 2360/2/6 2361/2/6 2368/2/6
f 2368/2/6 2361/2/6 2369/2/6
f 2369/2/6 2361/2/6 2370/2/6
f 2362/6/6 2363/6/6 2371/6/6
f 2371/6/6 2363/6/6 2372/6/6
f 2364/3/6 2365/3/6 2375/3/6
f 2365/3/6 2366/3/6 2375/3/6
f 2375/3/6 2366/3/6 2376/3/6
f 2376/3/6 2366/3/6 2377/3/6
f 2369/2/6 2370/2/6 2378/2/6
f 2370/1/6 2371/1/6 2379/1/6
f 2378/2/6 2370/2/6 2379/2/6
f 2371/2/6 2372/2/6 2380/2/6
f 2379/1/6 2371/1/6 2380/1/6
f 2380/2/6 2372/2/6 2381/2/6
f 2373/2/6 2374/2/6 2384/2/6
f 2374/3/6 2375/3/6 2385/3/6
f 2384/2/6 2374/2/6 2385/2/6
f 2375/1/6 2376/1/6 2386/1/6
f 2385/3/6 2375/3/6 2386/3/6
f 2386/1/6 2376/1/6 2387/1/6
f 2380/3/6 2381/3/6 2388/3/6
f 2381/3/6 2382/3/6 2388/3/6
f 2382/2/6 2383/2/6 2389/2/6
f 2388/3/6 2382/3/6 2389/3/6
f 2384/3/6 2385/3/6 2390/3/6
f 2389/2/6 2383/2/6 2390/2/6
f 2383/3/6 2384/3/6 2390/3/6
f 2390/3/6 2385/3/6 2391/3/6
f 2392/6/6 2393/6/6 2394/6/6
f 2394/6/6 2393/6/6 2395/6/6
f 2396/6/6 2397/6/6 2398/6/6
f 2398/6/6 2397/6/6 2399/6/6
f 2400/6/6 2401/6/6 2402/6/6
f 2402/6/6 2401/6/6 2403/6/6
f 2404/6/6 2405/6/6 2406/6/6
f 2406/6/6 2405/6/6 2407/6/6
f 2408/6/6 2409/6/6 2410/6/6
f 2410/6/6 2409/6/6 2411/6/6
