# MagicaVoxel @ Ephtracy

# group
o 

# material
mtllib spaceship_inside-16.mtl
usemtl palette

# normals
vn -1 0 0
vn 1 0 0
vn 0 0 1
vn 0 0 -1
vn 0 -1 0
vn 0 1 0

# texcoords
vt 0.0488281 0.5
vt 0.0527344 0.5
vt 0.0566406 0.5
vt 0.0605469 0.5
vt 0.880859 0.5
vt 0.884766 0.5
vt 0.888672 0.5
vt 0.892578 0.5
vt 0.908203 0.5
vt 0.912109 0.5
vt 0.916016 0.5

# verts
v -0.55 -0.85 0.15
v -0.55 -0.85 0.0500001
v -0.55 -0.85 -0.05
v -0.55 -0.75 0.25
v -0.55 -0.75 0.15
v -0.55 -0.75 0.0500001
v -0.55 -0.75 -0.05
v -0.55 -0.75 -0.15
v -0.55 -0.75 -0.65
v -0.55 -0.75 -0.75
v -0.55 -0.65 0.35
v -0.55 -0.65 0.25
v -0.55 -0.65 0.15
v -0.55 -0.65 0.0500001
v -0.55 -0.65 -0.05
v -0.55 -0.65 -0.15
v -0.55 -0.65 -0.25
v -0.55 -0.65 -0.55
v -0.55 -0.65 -0.65
v -0.55 -0.65 -0.75
v -0.55 -0.55 0.45
v -0.55 -0.55 0.35
v -0.55 -0.55 0.25
v -0.55 -0.55 0.15
v -0.55 -0.55 0.0500001
v -0.55 -0.55 -0.05
v -0.55 -0.55 -0.15
v -0.55 -0.55 -0.25
v -0.55 -0.55 -0.35
v -0.55 -0.55 -0.55
v -0.55 -0.55 -0.65
v -0.55 -0.55 -0.75
v -0.55 -0.45 0.55
v -0.55 -0.45 0.45
v -0.55 -0.45 0.35
v -0.55 -0.45 0.25
v -0.55 -0.45 0.15
v -0.55 -0.45 0.0500001
v -0.55 -0.45 -0.05
v -0.55 -0.45 -0.15
v -0.55 -0.45 -0.25
v -0.55 -0.45 -0.35
v -0.55 -0.45 -0.45
v -0.55 -0.45 -0.65
v -0.55 -0.45 -0.75
v -0.55 -0.45 -0.85
v -0.55 -0.35 0.65
v -0.55 -0.35 0.55
v -0.55 -0.35 0.45
v -0.55 -0.35 0.25
v -0.55 -0.35 0.15
v -0.55 -0.35 -0.05
v -0.55 -0.35 -0.15
v -0.55 -0.35 -0.25
v -0.55 -0.35 -0.35
v -0.55 -0.35 -0.45
v -0.55 -0.35 -0.55
v -0.55 -0.35 -0.75
v -0.55 -0.35 -0.85
v -0.55 -0.35 -0.95
v -0.55 -0.25 0.75
v -0.55 -0.25 0.65
v -0.55 -0.25 0.55
v -0.55 -0.25 0.45
v -0.55 -0.25 0.35
v -0.55 -0.25 0.25
v -0.55 -0.25 0.15
v -0.55 -0.25 -0.05
v -0.55 -0.25 -0.15
v -0.55 -0.25 -0.25
v -0.55 -0.25 -0.35
v -0.55 -0.25 -0.45
v -0.55 -0.25 -0.55
v -0.55 -0.25 -0.65
v -0.55 -0.25 -0.75
v -0.55 -0.25 -0.85
v -0.55 -0.25 -0.95
v -0.55 -0.15 0.85
v -0.55 -0.15 0.75
v -0.55 -0.15 0.65
v -0.55 -0.15 0.45
v -0.55 -0.15 0.35
v -0.55 -0.15 0.25
v -0.55 -0.15 0.15
v -0.55 -0.15 0.0500001
v -0.55 -0.15 -0.05
v -0.55 -0.15 -0.15
v -0.55 -0.15 -0.25
v -0.55 -0.15 -0.35
v -0.55 -0.15 -0.45
v -0.55 -0.15 -0.55
v -0.55 -0.15 -0.65
v -0.55 -0.15 -0.75
v -0.55 -0.15 -0.85
v -0.55 -0.05 0.95
v -0.55 -0.05 0.85
v -0.55 -0.05 0.75
v -0.55 -0.05 0.65
v -0.55 -0.05 0.55
v -0.55 -0.05 0.45
v -0.55 -0.05 0.35
v -0.55 -0.05 0.25
v -0.55 -0.05 0.15
v -0.55 -0.05 0.0500001
v -0.55 -0.05 -0.05
v -0.55 -0.05 -0.15
v -0.55 -0.05 -0.25
v -0.55 -0.05 -0.35
v -0.55 -0.05 -0.45
v -0.55 -0.05 -0.55
v -0.55 -0.05 -0.65
v -0.55 -0.05 -0.75
v -0.55 -0.05 -0.85
v -0.55 0.05 0.95
v -0.55 0.05 0.85
v -0.55 0.05 0.75
v -0.55 0.05 0.55
v -0.55 0.05 0.45
v -0.55 0.05 0.35
v -0.55 0.05 0.25
v -0.55 0.05 0.15
v -0.55 0.05 0.0500001
v -0.55 0.05 -0.05
v -0.55 0.05 -0.15
v -0.55 0.05 -0.25
v -0.55 0.05 -0.35
v -0.55 0.05 -0.45
v -0.55 0.05 -0.55
v -0.55 0.05 -0.65
v -0.55 0.05 -0.75
v -0.55 0.05 -0.85
v -0.55 0.15 0.85
v -0.55 0.15 0.75
v -0.55 0.15 0.65
v -0.55 0.15 0.55
v -0.55 0.15 0.45
v -0.55 0.15 0.35
v -0.55 0.15 0.25
v -0.55 0.15 0.15
v -0.55 0.15 0.0500001
v -0.55 0.15 -0.05
v -0.55 0.15 -0.15
v -0.55 0.15 -0.25
v -0.55 0.15 -0.35
v -0.55 0.15 -0.45
v -0.55 0.15 -0.55
v -0.55 0.15 -0.65
v -0.55 0.15 -0.75
v -0.55 0.15 -0.85
v -0.55 0.25 0.95
v -0.55 0.25 0.85
v -0.55 0.25 0.75
v -0.55 0.25 0.65
v -0.55 0.25 0.55
v -0.55 0.25 0.45
v -0.55 0.25 0.35
v -0.55 0.25 0.25
v -0.55 0.25 0.15
v -0.55 0.25 -0.05
v -0.55 0.25 -0.15
v -0.55 0.25 -0.25
v -0.55 0.25 -0.45
v -0.55 0.25 -0.65
v -0.55 0.25 -0.75
v -0.55 0.25 -0.85
v -0.55 0.35 0.95
v -0.55 0.35 0.85
v -0.55 0.35 0.25
v -0.55 0.35 0.15
v -0.55 0.35 -0.05
v -0.55 0.35 -0.15
v -0.55 0.35 -0.25
v -0.55 0.35 -0.35
v -0.55 0.35 -0.75
v -0.55 0.35 -0.85
v -0.55 0.45 0.65
v -0.55 0.45 0.55
v -0.55 0.45 0.25
v -0.55 0.45 0.15
v -0.55 0.45 -0.05
v -0.55 0.45 -0.25
v -0.55 0.45 -0.35
v -0.55 0.45 -0.45
v -0.55 0.55 0.75
v -0.55 0.55 0.65
v -0.55 0.55 0.55
v -0.55 0.55 0.25
v -0.55 0.55 0.15
v -0.55 0.55 -0.05
v -0.55 0.55 -0.15
v -0.55 0.55 -0.25
v -0.55 0.55 -0.35
v -0.55 0.55 -0.45
v -0.55 0.65 0.75
v -0.55 0.65 0.65
v -0.55 0.65 0.55
v -0.55 0.65 0.35
v -0.55 0.65 0.25
v -0.55 0.65 0.15
v -0.55 0.65 -0.05
v -0.55 0.65 -0.15
v -0.55 0.65 -0.35
v -0.55 0.65 -0.45
v -0.55 0.75 0.35
v -0.55 0.75 0.25
v -0.55 0.75 0.15
v -0.55 0.85 0.25
v -0.55 0.85 0.15
v -0.45 -0.65 0.15
v -0.45 -0.65 0.0500001
v -0.45 -0.65 -0.05
v -0.45 -0.55 0.15
v -0.45 -0.55 0.0500001
v -0.45 -0.55 -0.05
v -0.45 -0.05 0.85
v -0.45 -0.05 0.75
v -0.45 -0.05 -0.65
v -0.45 -0.05 -0.75
v -0.45 0.05 0.85
v -0.45 0.05 0.75
v -0.45 0.05 -0.65
v -0.45 0.05 -0.75
v -0.45 0.25 0.75
v -0.45 0.25 0.65
v -0.45 0.25 0.55
v -0.45 0.25 0.45
v -0.45 0.25 0.35
v -0.45 0.25 0.25
v -0.45 0.25 -0.45
v -0.45 0.25 -0.55
v -0.45 0.25 -0.65
v -0.45 0.35 0.75
v -0.45 0.35 0.65
v -0.45 0.35 0.55
v -0.45 0.35 0.45
v -0.45 0.35 0.25
v -0.45 0.35 0.15
v -0.45 0.35 -0.45
v -0.45 0.35 -0.55
v -0.45 0.35 -0.65
v -0.45 0.45 0.45
v -0.45 0.45 0.35
v -0.45 0.45 0.25
v -0.45 0.45 0.15
v -0.35 -0.55 0.25
v -0.35 -0.55 0.15
v -0.35 -0.55 -0.05
v -0.35 -0.55 -0.15
v -0.35 -0.45 0.45
v -0.35 -0.45 0.35
v -0.35 -0.45 0.25
v -0.35 -0.45 0.15
v -0.35 -0.45 -0.05
v -0.35 -0.45 -0.15
v -0.35 -0.45 -0.25
v -0.35 -0.45 -0.35
v -0.35 -0.35 0.45
v -0.35 -0.35 0.35
v -0.35 -0.35 -0.25
v -0.35 -0.35 -0.35
v -0.35 0.35 -0.05
v -0.35 0.35 -0.25
v -0.35 0.35 -0.55
v -0.35 0.35 -0.65
v -0.35 0.45 -0.05
v -0.35 0.45 -0.25
v -0.35 0.45 -0.55
v -0.35 0.45 -0.65
v -0.25 -0.55 0.15
v -0.25 -0.55 0.0500001
v -0.25 -0.55 -0.05
v -0.25 -0.45 0.35
v -0.25 -0.45 0.25
v -0.25 -0.45 0.15
v -0.25 -0.45 0.0500001
v -0.25 -0.45 -0.05
v -0.25 -0.45 -0.15
v -0.25 -0.45 -0.25
v -0.25 -0.35 0.55
v -0.25 -0.35 0.45
v -0.25 -0.35 0.35
v -0.25 -0.35 0.25
v -0.25 -0.35 -0.15
v -0.25 -0.35 -0.25
v -0.25 -0.35 -0.35
v -0.25 -0.35 -0.45
v -0.25 -0.25 0.55
v -0.25 -0.25 0.45
v -0.25 -0.25 -0.35
v -0.25 -0.25 -0.45
v -0.25 -0.15 0.65
v -0.25 -0.15 0.55
v -0.25 -0.15 -0.45
v -0.25 -0.15 -0.55
v -0.25 -0.05 0.65
v -0.25 -0.05 0.55
v -0.25 -0.05 -0.45
v -0.25 -0.05 -0.55
v -0.25 0.05 0.75
v -0.25 0.05 0.65
v -0.25 0.05 -0.55
v -0.25 0.05 -0.65
v -0.25 0.05 -0.75
v -0.25 0.05 -0.85
v -0.25 0.15 0.75
v -0.25 0.15 0.65
v -0.25 0.15 -0.55
v -0.25 0.15 -0.65
v -0.25 0.15 -0.75
v -0.25 0.15 -0.85
v -0.25 0.25 0.85
v -0.25 0.25 0.75
v -0.25 0.25 0.15
v -0.25 0.25 0.0500001
v -0.25 0.25 -0.65
v -0.25 0.25 -0.75
v -0.25 0.35 0.85
v -0.25 0.35 0.75
v -0.25 0.35 0.65
v -0.25 0.35 0.15
v -0.25 0.35 0.0500001
v -0.25 0.35 -0.05
v -0.25 0.35 -0.65
v -0.25 0.35 -0.75
v -0.25 0.35 -0.85
v -0.25 0.45 0.75
v -0.25 0.45 0.65
v -0.25 0.45 0.0500001
v -0.25 0.45 -0.05
v -0.25 0.45 -0.65
v -0.25 0.45 -0.75
v -0.25 0.45 -0.85
v -0.15 -0.75 0.95
v -0.15 -0.75 0.85
v -0.15 -0.65 0.95
v -0.15 -0.65 0.85
v -0.15 -0.55 0.95
v -0.15 -0.55 0.85
v -0.15 -0.45 0.95
v -0.15 -0.45 0.85
v -0.15 -0.45 0.25
v -0.15 -0.45 0.15
v -0.15 -0.45 -0.05
v -0.15 -0.45 -0.15
v -0.15 -0.35 0.95
v -0.15 -0.35 0.85
v -0.15 -0.35 0.45
v -0.15 -0.35 0.35
v -0.15 -0.35 0.25
v -0.15 -0.35 0.15
v -0.15 -0.35 -0.05
v -0.15 -0.35 -0.15
v -0.15 -0.35 -0.25
v -0.15 -0.35 -0.35
v -0.15 -0.25 0.65
v -0.15 -0.25 0.55
v -0.15 -0.25 0.45
v -0.15 -0.25 0.35
v -0.15 -0.25 -0.25
v -0.15 -0.25 -0.35
v -0.15 -0.25 -0.45
v -0.15 -0.25 -0.55
v -0.15 -0.15 0.95
v -0.15 -0.15 0.85
v -0.15 -0.15 0.65
v -0.15 -0.15 0.55
v -0.15 -0.15 0.45
v -0.15 -0.15 -0.35
v -0.15 -0.15 -0.45
v -0.15 -0.15 -0.55
v -0.15 -0.05 0.95
v -0.15 -0.05 0.85
v -0.15 -0.05 0.75
v -0.15 -0.05 0.65
v -0.15 -0.05 0.55
v -0.15 -0.05 0.45
v -0.15 -0.05 -0.35
v -0.15 -0.05 -0.45
v -0.15 -0.05 -0.55
v -0.15 -0.05 -0.65
v -0.15 0.05 0.95
v -0.15 0.05 0.85
v -0.15 0.05 0.75
v -0.15 0.05 0.65
v -0.15 0.05 0.55
v -0.15 0.05 -0.45
v -0.15 0.05 -0.55
v -0.15 0.05 -0.65
v -0.15 0.15 0.95
v -0.15 0.15 0.85
v -0.15 0.15 0.75
v -0.15 0.15 0.65
v -0.15 0.15 0.55
v -0.15 0.15 -0.45
v -0.15 0.15 -0.55
v -0.15 0.15 -0.65
v -0.15 0.15 -0.75
v -0.15 0.25 0.85
v -0.15 0.25 0.75
v -0.15 0.25 0.55
v -0.15 0.25 0.45
v -0.15 0.25 -0.45
v -0.15 0.25 -0.55
v -0.15 0.25 -0.65
v -0.15 0.25 -0.75
v -0.15 0.35 0.85
v -0.15 0.35 0.75
v -0.15 0.35 0.55
v -0.15 0.35 0.45
v -0.15 0.35 -0.45
v -0.15 0.35 -0.55
v -0.15 0.35 -0.65
v -0.15 0.45 0.85
v -0.15 0.45 0.75
v -0.05 -0.45 0.15
v -0.05 -0.45 0.0500001
v -0.05 -0.45 -0.05
v -0.05 -0.35 0.35
v -0.05 -0.35 0.25
v -0.05 -0.35 0.15
v -0.05 -0.35 0.0500001
v -0.05 -0.35 -0.05
v -0.05 -0.35 -0.15
v -0.05 -0.35 -0.25
v -0.05 -0.25 0.55
v -0.05 -0.25 0.45
v -0.05 -0.25 0.35
v -0.05 -0.25 0.25
v -0.05 -0.25 -0.15
v -0.05 -0.25 -0.25
v -0.05 -0.25 -0.35
v -0.05 -0.25 -0.45
v -0.05 -0.15 0.55
v -0.05 -0.15 0.45
v -0.05 -0.15 0.35
v -0.05 -0.15 -0.25
v -0.05 -0.15 -0.35
v -0.05 -0.15 -0.45
v -0.05 -0.05 0.65
v -0.05 -0.05 0.55
v -0.05 -0.05 0.45
v -0.05 -0.05 0.35
v -0.05 -0.05 -0.25
v -0.05 -0.05 -0.35
v -0.05 -0.05 -0.45
v -0.05 -0.05 -0.55
v -0.05 0.05 0.65
v -0.05 0.05 0.55
v -0.05 0.05 0.45
v -0.05 0.05 -0.35
v -0.05 0.05 -0.45
v -0.05 0.05 -0.55
v -0.05 0.15 0.75
v -0.05 0.15 0.65
v -0.05 0.15 0.55
v -0.05 0.15 0.45
v -0.05 0.15 -0.35
v -0.05 0.15 -0.45
v -0.05 0.15 -0.55
v -0.05 0.15 -0.65
v -0.05 0.25 0.75
v -0.05 0.25 0.65
v -0.05 0.25 0.55
v -0.05 0.25 0.15
v -0.05 0.25 0.0500001
v -0.05 0.25 -0.15
v -0.05 0.25 -0.25
v -0.05 0.25 -0.55
v -0.05 0.25 -0.65
v -0.05 0.35 0.65
v -0.05 0.35 0.55
v -0.05 0.35 0.45
v -0.05 0.35 0.25
v -0.05 0.35 0.15
v -0.05 0.35 0.0500001
v -0.05 0.35 -0.05
v -0.05 0.35 -0.15
v -0.05 0.35 -0.25
v -0.05 0.35 -0.45
v -0.05 0.35 -0.55
v -0.05 0.45 0.55
v -0.05 0.45 0.45
v -0.05 0.45 0.25
v -0.05 0.45 0.0500001
v -0.05 0.45 -0.05
v -0.05 0.45 -0.15
v -0.05 0.45 -0.45
v -0.05 0.45 -0.55
v -0.05 0.65 -0.05
v -0.05 0.65 -0.15
v 0.05 -0.35 0.25
v 0.05 -0.35 0.15
v 0.05 -0.35 0.0500001
v 0.05 -0.35 -0.05
v 0.05 -0.35 -0.15
v 0.05 -0.25 0.45
v 0.05 -0.25 0.35
v 0.05 -0.25 0.25
v 0.05 -0.25 0.15
v 0.05 -0.25 -0.05
v 0.05 -0.25 -0.15
v 0.05 -0.25 -0.25
v 0.05 -0.25 -0.35
v 0.05 -0.15 0.45
v 0.05 -0.15 0.35
v 0.05 -0.15 0.25
v 0.05 -0.15 -0.15
v 0.05 -0.15 -0.25
v 0.05 -0.15 -0.35
v 0.05 -0.05 0.55
v 0.05 -0.05 0.45
v 0.05 -0.05 0.35
v 0.05 -0.05 0.25
v 0.05 -0.05 -0.15
v 0.05 -0.05 -0.25
v 0.05 -0.05 -0.35
v 0.05 -0.05 -0.45
v 0.05 0.05 0.55
v 0.05 0.05 0.45
v 0.05 0.05 0.35
v 0.05 0.05 -0.25
v 0.05 0.05 -0.35
v 0.05 0.05 -0.45
v 0.05 0.15 0.65
v 0.05 0.15 0.55
v 0.05 0.15 0.45
v 0.05 0.15 0.35
v 0.05 0.15 -0.25
v 0.05 0.15 -0.35
v 0.05 0.15 -0.45
v 0.05 0.15 -0.55
v 0.05 0.25 0.65
v 0.05 0.25 0.55
v 0.05 0.25 0.45
v 0.05 0.25 -0.35
v 0.05 0.25 -0.45
v 0.05 0.25 -0.55
v 0.05 0.35 0.65
v 0.05 0.35 0.55
v 0.05 0.35 0.45
v 0.05 0.35 -0.35
v 0.05 0.35 -0.45
v 0.05 0.35 -0.55
v 0.05 0.35 -0.65
v 0.05 0.45 0.65
v 0.05 0.45 0.55
v 0.05 0.45 -0.35
v 0.05 0.45 -0.45
v 0.05 0.45 -0.55
v 0.05 0.45 -0.65
v 0.15 -0.25 0.35
v 0.15 -0.25 0.25
v 0.15 -0.25 0.15
v 0.15 -0.25 0.0500001
v 0.15 -0.25 -0.05
v 0.15 -0.25 -0.15
v 0.15 -0.25 -0.25
v 0.15 -0.15 0.35
v 0.15 -0.15 0.25
v 0.15 -0.15 0.15
v 0.15 -0.15 0.0500001
v 0.15 -0.15 -0.05
v 0.15 -0.15 -0.15
v 0.15 -0.15 -0.25
v 0.15 -0.05 0.45
v 0.15 -0.05 0.35
v 0.15 -0.05 0.25
v 0.15 -0.05 0.0500001
v 0.15 -0.05 -0.05
v 0.15 -0.05 -0.15
v 0.15 -0.05 -0.25
v 0.15 -0.05 -0.35
v 0.15 0.05 0.45
v 0.15 0.05 0.35
v 0.15 0.05 0.25
v 0.15 0.05 -0.15
v 0.15 0.05 -0.25
v 0.15 0.05 -0.35
v 0.15 0.15 0.55
v 0.15 0.15 0.45
v 0.15 0.15 0.35
v 0.15 0.15 0.25
v 0.15 0.15 -0.15
v 0.15 0.15 -0.25
v 0.15 0.15 -0.35
v 0.15 0.15 -0.45
v 0.15 0.25 0.55
v 0.15 0.25 0.45
v 0.15 0.25 0.35
v 0.15 0.25 -0.25
v 0.15 0.25 -0.35
v 0.15 0.25 -0.45
v 0.15 0.35 0.45
v 0.15 0.35 0.35
v 0.15 0.35 -0.25
v 0.15 0.35 -0.35
v 0.25 -0.55 0.45
v 0.25 -0.55 0.35
v 0.25 -0.45 0.45
v 0.25 -0.45 0.35
v 0.25 -0.45 -0.05
v 0.25 -0.45 -0.15
v 0.25 -0.35 0.45
v 0.25 -0.35 0.35
v 0.25 -0.35 0.25
v 0.25 -0.35 -0.05
v 0.25 -0.35 -0.15
v 0.25 -0.25 0.35
v 0.25 -0.25 0.25
v 0.25 -0.25 -0.05
v 0.25 -0.25 -0.15
v 0.25 -0.05 0.35
v 0.25 -0.05 0.25
v 0.25 -0.05 0.15
v 0.25 -0.05 0.0500001
v 0.25 -0.05 -0.05
v 0.25 -0.05 -0.15
v 0.25 -0.05 -0.25
v 0.25 0.05 0.35
v 0.25 0.05 0.25
v 0.25 0.05 0.15
v 0.25 0.05 0.0500001
v 0.25 0.05 -0.05
v 0.25 0.05 -0.15
v 0.25 0.05 -0.25
v 0.25 0.15 0.45
v 0.25 0.15 0.35
v 0.25 0.15 0.25
v 0.25 0.15 0.15
v 0.25 0.15 0.0500001
v 0.25 0.15 -0.05
v 0.25 0.15 -0.15
v 0.25 0.15 -0.25
v 0.25 0.15 -0.35
v 0.25 0.25 0.45
v 0.25 0.25 0.35
v 0.25 0.25 -0.25
v 0.25 0.25 -0.35
v 0.25 0.35 0.35
v 0.25 0.35 0.25
v 0.25 0.35 -0.15
v 0.25 0.35 -0.25
v 0.25 0.35 -0.35
v 0.25 0.45 0.35
v 0.25 0.45 0.25
v 0.25 0.45 -0.15
v 0.25 0.45 -0.35
v 0.35 0.15 0.35
v 0.35 0.15 0.25
v 0.35 0.15 -0.15
v 0.35 0.15 -0.25
v 0.35 0.25 0.35
v 0.35 0.25 0.25
v 0.35 0.25 0.15
v 0.35 0.25 0.0500001
v 0.35 0.25 -0.05
v 0.35 0.25 -0.15
v 0.35 0.25 -0.25
v 0.35 0.35 0.25
v 0.35 0.35 0.15
v 0.35 0.35 0.0500001
v 0.35 0.35 -0.05
v 0.35 0.35 -0.15
v 0.35 0.45 0.0500001
v 0.35 0.45 -0.05
v -0.45 -0.85 0.15
v -0.45 -0.85 0.0500001
v -0.45 -0.85 -0.05
v -0.45 -0.75 0.25
v -0.45 -0.75 0.15
v -0.45 -0.75 0.0500001
v -0.45 -0.75 -0.05
v -0.45 -0.75 -0.15
v -0.45 -0.75 -0.65
v -0.45 -0.75 -0.75
v -0.45 -0.65 0.35
v -0.45 -0.65 0.25
v -0.45 -0.65 0.15
v -0.45 -0.65 -0.05
v -0.45 -0.65 -0.15
v -0.45 -0.65 -0.25
v -0.45 -0.65 -0.55
v -0.45 -0.65 -0.65
v -0.45 -0.65 -0.75
v -0.45 -0.55 0.35
v -0.45 -0.55 0.25
v -0.45 -0.55 0.15
v -0.45 -0.55 0.0500001
v -0.45 -0.55 -0.05
v -0.45 -0.55 -0.15
v -0.45 -0.55 -0.25
v -0.45 -0.55 -0.55
v -0.45 -0.55 -0.65
v -0.45 -0.55 -0.75
v -0.45 -0.45 0.45
v -0.45 -0.45 0.25
v -0.45 -0.45 0.15
v -0.45 -0.45 0.0500001
v -0.45 -0.45 -0.05
v -0.45 -0.45 -0.15
v -0.45 -0.45 -0.25
v -0.45 -0.45 -0.35
v -0.45 -0.45 -0.65
v -0.45 -0.45 -0.75
v -0.45 -0.45 -0.85
v -0.45 -0.35 0.55
v -0.45 -0.35 0.45
v -0.45 -0.35 0.25
v -0.45 -0.35 0.15
v -0.45 -0.35 -0.05
v -0.45 -0.35 -0.15
v -0.45 -0.35 -0.25
v -0.45 -0.35 -0.35
v -0.45 -0.35 -0.45
v -0.45 -0.35 -0.75
v -0.45 -0.35 -0.85
v -0.45 -0.35 -0.95
v -0.45 -0.25 0.65
v -0.45 -0.25 0.55
v -0.45 -0.25 0.45
v -0.45 -0.25 0.35
v -0.45 -0.25 0.25
v -0.45 -0.25 0.15
v -0.45 -0.25 -0.05
v -0.45 -0.25 -0.15
v -0.45 -0.25 -0.25
v -0.45 -0.25 -0.35
v -0.45 -0.25 -0.45
v -0.45 -0.25 -0.55
v -0.45 -0.25 -0.75
v -0.45 -0.25 -0.85
v -0.45 -0.25 -0.95
v -0.45 -0.15 0.85
v -0.45 -0.15 0.75
v -0.45 -0.15 0.65
v -0.45 -0.15 0.45
v -0.45 -0.15 0.35
v -0.45 -0.15 0.25
v -0.45 -0.15 0.15
v -0.45 -0.15 0.0500001
v -0.45 -0.15 -0.05
v -0.45 -0.15 -0.15
v -0.45 -0.15 -0.25
v -0.45 -0.15 -0.35
v -0.45 -0.15 -0.45
v -0.45 -0.15 -0.55
v -0.45 -0.15 -0.65
v -0.45 -0.15 -0.75
v -0.45 -0.15 -0.85
v -0.45 -0.05 0.95
v -0.45 -0.05 0.85
v -0.45 -0.05 0.75
v -0.45 -0.05 0.65
v -0.45 -0.05 0.55
v -0.45 -0.05 0.45
v -0.45 -0.05 0.35
v -0.45 -0.05 0.25
v -0.45 -0.05 0.15
v -0.45 -0.05 0.0500001
v -0.45 -0.05 -0.05
v -0.45 -0.05 -0.15
v -0.45 -0.05 -0.25
v -0.45 -0.05 -0.35
v -0.45 -0.05 -0.45
v -0.45 -0.05 -0.55
v -0.45 -0.05 -0.65
v -0.45 -0.05 -0.75
v -0.45 -0.05 -0.85
v -0.45 0.05 0.95
v -0.45 0.05 0.85
v -0.45 0.05 0.75
v -0.45 0.05 0.65
v -0.45 0.05 0.55
v -0.45 0.05 0.45
v -0.45 0.05 0.35
v -0.45 0.05 0.25
v -0.45 0.05 0.15
v -0.45 0.05 0.0500001
v -0.45 0.05 -0.05
v -0.45 0.05 -0.15
v -0.45 0.05 -0.25
v -0.45 0.05 -0.35
v -0.45 0.05 -0.45
v -0.45 0.05 -0.55
v -0.45 0.05 -0.65
v -0.45 0.05 -0.75
v -0.45 0.05 -0.85
v -0.45 0.15 0.95
v -0.45 0.15 0.85
v -0.45 0.15 0.75
v -0.45 0.15 0.65
v -0.45 0.15 0.55
v -0.45 0.15 0.45
v -0.45 0.15 0.35
v -0.45 0.15 0.25
v -0.45 0.15 0.15
v -0.45 0.15 0.0500001
v -0.45 0.15 -0.05
v -0.45 0.15 -0.15
v -0.45 0.15 -0.25
v -0.45 0.15 -0.35
v -0.45 0.15 -0.45
v -0.45 0.15 -0.55
v -0.45 0.15 -0.65
v -0.45 0.15 -0.75
v -0.45 0.15 -0.85
v -0.45 0.35 0.65
v -0.45 0.35 0.55
v -0.45 0.35 0.0500001
v -0.45 0.35 -0.05
v -0.45 0.35 -0.15
v -0.45 0.35 -0.35
v -0.45 0.35 -0.45
v -0.45 0.45 0.65
v -0.45 0.45 0.55
v -0.45 0.45 0.25
v -0.45 0.45 0.15
v -0.45 0.45 0.0500001
v -0.45 0.45 -0.05
v -0.45 0.45 -0.25
v -0.45 0.45 -0.35
v -0.45 0.45 -0.45
v -0.45 0.55 0.75
v -0.45 0.55 0.65
v -0.45 0.55 0.55
v -0.45 0.55 0.25
v -0.45 0.55 0.15
v -0.45 0.55 -0.05
v -0.45 0.55 -0.15
v -0.45 0.55 -0.25
v -0.45 0.55 -0.35
v -0.45 0.55 -0.45
v -0.45 0.65 0.75
v -0.45 0.65 0.65
v -0.45 0.65 0.55
v -0.45 0.65 0.35
v -0.45 0.65 0.25
v -0.45 0.65 0.15
v -0.45 0.65 -0.05
v -0.45 0.65 -0.15
v -0.45 0.65 -0.35
v -0.45 0.65 -0.45
v -0.45 0.75 0.35
v -0.45 0.75 0.25
v -0.45 0.75 0.15
v -0.45 0.85 0.25
v -0.45 0.85 0.15
v -0.35 -0.75 0.15
v -0.35 -0.75 0.0500001
v -0.35 -0.75 -0.05
v -0.35 -0.65 0.25
v -0.35 -0.65 0.15
v -0.35 -0.65 0.0500001
v -0.35 -0.65 -0.05
v -0.35 -0.65 -0.15
v -0.35 -0.55 0.45
v -0.35 -0.55 0.35
v -0.35 -0.55 0.25
v -0.35 -0.55 0.15
v -0.35 -0.55 -0.05
v -0.35 -0.55 -0.15
v -0.35 -0.55 -0.25
v -0.35 -0.55 -0.35
v -0.35 -0.45 0.45
v -0.35 -0.45 0.35
v -0.35 -0.45 -0.25
v -0.35 -0.45 -0.35
v -0.35 -0.05 0.75
v -0.35 -0.05 0.65
v -0.35 -0.05 -0.55
v -0.35 -0.05 -0.65
v -0.35 0.05 0.75
v -0.35 0.05 0.65
v -0.35 0.05 -0.55
v -0.35 0.05 -0.65
v -0.35 0.25 0.15
v -0.35 0.25 0.0500001
v -0.35 0.35 0.45
v -0.35 0.35 0.35
v -0.35 0.35 0.15
v -0.35 0.35 0.0500001
v -0.35 0.45 0.45
v -0.35 0.45 0.35
v -0.35 0.45 0.15
v -0.35 0.45 0.0500001
v -0.25 -0.65 0.15
v -0.25 -0.65 0.0500001
v -0.25 -0.65 -0.05
v -0.25 -0.55 0.35
v -0.25 -0.55 0.25
v -0.25 -0.55 0.15
v -0.25 -0.55 0.0500001
v -0.25 -0.55 -0.05
v -0.25 -0.55 -0.15
v -0.25 -0.55 -0.25
v -0.25 -0.45 0.55
v -0.25 -0.45 0.45
v -0.25 -0.45 0.35
v -0.25 -0.45 0.25
v -0.25 -0.45 -0.15
v -0.25 -0.45 -0.25
v -0.25 -0.45 -0.35
v -0.25 -0.45 -0.45
v -0.25 -0.35 0.55
v -0.25 -0.35 0.45
v -0.25 -0.35 -0.35
v -0.25 -0.35 -0.45
v -0.25 -0.05 -0.75
v -0.25 -0.05 -0.85
v -0.25 0.05 -0.75
v -0.25 0.05 -0.85
v -0.25 0.15 0.85
v -0.25 0.15 0.75
v -0.25 0.15 -0.65
v -0.25 0.15 -0.75
v -0.25 0.25 0.85
v -0.25 0.25 0.75
v -0.25 0.25 0.65
v -0.25 0.25 0.55
v -0.25 0.25 0.45
v -0.25 0.25 -0.45
v -0.25 0.25 -0.55
v -0.25 0.25 -0.65
v -0.25 0.25 -0.75
v -0.25 0.35 0.65
v -0.25 0.35 0.55
v -0.25 0.35 0.45
v -0.25 0.35 0.35
v -0.25 0.35 0.25
v -0.25 0.35 0.15
v -0.25 0.35 -0.25
v -0.25 0.35 -0.35
v -0.25 0.35 -0.45
v -0.25 0.35 -0.55
v -0.25 0.35 -0.65
v -0.25 0.45 0.35
v -0.25 0.45 0.25
v -0.25 0.45 0.15
v -0.25 0.45 -0.25
v -0.25 0.45 -0.35
v -0.15 -0.55 0.25
v -0.15 -0.55 0.15
v -0.15 -0.55 -0.05
v -0.15 -0.55 -0.15
v -0.15 -0.45 0.45
v -0.15 -0.45 0.35
v -0.15 -0.45 0.25
v -0.15 -0.45 0.15
v -0.15 -0.45 -0.05
v -0.15 -0.45 -0.15
v -0.15 -0.45 -0.25
v -0.15 -0.45 -0.35
v -0.15 -0.35 0.65
v -0.15 -0.35 0.55
v -0.15 -0.35 0.45
v -0.15 -0.35 0.35
v -0.15 -0.35 -0.25
v -0.15 -0.35 -0.35
v -0.15 -0.35 -0.45
v -0.15 -0.35 -0.55
v -0.15 -0.25 0.75
v -0.15 -0.25 0.65
v -0.15 -0.25 0.55
v -0.15 -0.25 -0.45
v -0.15 -0.25 -0.55
v -0.15 -0.25 -0.65
v -0.15 -0.15 0.75
v -0.15 -0.15 0.65
v -0.15 -0.15 -0.55
v -0.15 -0.15 -0.65
v -0.15 -0.05 0.85
v -0.15 -0.05 0.75
v -0.15 -0.05 0.65
v -0.15 -0.05 -0.55
v -0.15 -0.05 -0.65
v -0.15 -0.05 -0.75
v -0.15 0.05 0.85
v -0.15 0.05 0.75
v -0.15 0.05 -0.65
v -0.15 0.05 -0.75
v -0.15 0.05 -0.85
v -0.15 0.15 0.85
v -0.15 0.15 0.75
v -0.15 0.15 0.65
v -0.15 0.15 -0.55
v -0.15 0.15 -0.65
v -0.15 0.15 -0.75
v -0.15 0.15 -0.85
v -0.15 0.25 0.75
v -0.15 0.25 0.65
v -0.15 0.25 0.15
v -0.15 0.25 0.0500001
v -0.15 0.25 -0.15
v -0.15 0.25 -0.25
v -0.15 0.25 -0.35
v -0.15 0.25 -0.55
v -0.15 0.25 -0.65
v -0.15 0.35 0.15
v -0.15 0.35 0.0500001
v -0.15 0.35 -0.05
v -0.15 0.35 -0.15
v -0.15 0.35 -0.25
v -0.15 0.35 -0.35
v -0.15 0.35 -0.55
v -0.15 0.35 -0.65
v -0.15 0.35 -0.75
v -0.15 0.35 -0.85
v -0.15 0.45 -0.05
v -0.15 0.45 -0.15
v -0.15 0.45 -0.25
v -0.15 0.45 -0.55
v -0.15 0.45 -0.65
v -0.15 0.45 -0.75
v -0.15 0.45 -0.85
v -0.05 -0.75 0.95
v -0.05 -0.75 0.85
v -0.05 -0.65 0.95
v -0.05 -0.65 0.85
v -0.05 -0.55 0.95
v -0.05 -0.55 0.85
v -0.05 -0.55 0.15
v -0.05 -0.55 0.0500001
v -0.05 -0.55 -0.05
v -0.05 -0.45 0.95
v -0.05 -0.45 0.85
v -0.05 -0.45 0.35
v -0.05 -0.45 0.25
v -0.05 -0.45 0.15
v -0.05 -0.45 0.0500001
v -0.05 -0.45 -0.05
v -0.05 -0.45 -0.15
v -0.05 -0.45 -0.25
v -0.05 -0.35 0.95
v -0.05 -0.35 0.85
v -0.05 -0.35 0.55
v -0.05 -0.35 0.45
v -0.05 -0.35 0.35
v -0.05 -0.35 0.25
v -0.05 -0.35 -0.15
v -0.05 -0.35 -0.25
v -0.05 -0.35 -0.35
v -0.05 -0.35 -0.45
v -0.05 -0.25 0.65
v -0.05 -0.25 0.55
v -0.05 -0.25 0.45
v -0.05 -0.25 -0.35
v -0.05 -0.25 -0.45
v -0.05 -0.15 0.95
v -0.05 -0.15 0.85
v -0.05 -0.15 0.65
v -0.05 -0.15 0.55
v -0.05 -0.05 0.95
v -0.05 -0.05 0.85
v -0.05 -0.05 0.75
v -0.05 -0.05 0.65
v -0.05 -0.05 0.55
v -0.05 -0.05 -0.55
v -0.05 -0.05 -0.65
v -0.05 0.05 0.95
v -0.05 0.05 0.85
v -0.05 0.05 0.75
v -0.05 0.05 0.65
v -0.05 0.05 -0.55
v -0.05 0.05 -0.65
v -0.05 0.15 0.95
v -0.05 0.15 0.85
v -0.05 0.15 0.75
v -0.05 0.15 0.65
v -0.05 0.15 0.55
v -0.05 0.15 -0.45
v -0.05 0.15 -0.55
v -0.05 0.15 -0.65
v -0.05 0.15 -0.75
v -0.05 0.15 -0.85
v -0.05 0.25 0.95
v -0.05 0.25 0.85
v -0.05 0.25 0.75
v -0.05 0.25 0.65
v -0.05 0.25 0.55
v -0.05 0.25 0.35
v -0.05 0.25 -0.35
v -0.05 0.25 -0.45
v -0.05 0.25 -0.55
v -0.05 0.25 -0.65
v -0.05 0.25 -0.75
v -0.05 0.25 -0.85
v -0.05 0.35 0.95
v -0.05 0.35 0.85
v -0.05 0.35 0.75
v -0.05 0.35 0.65
v -0.05 0.35 0.55
v -0.05 0.35 0.45
v -0.05 0.35 0.35
v -0.05 0.35 -0.35
v -0.05 0.35 -0.45
v -0.05 0.35 -0.65
v -0.05 0.35 -0.75
v -0.05 0.35 -0.85
v -0.05 0.45 0.85
v -0.05 0.45 0.75
v -0.05 0.45 0.65
v -0.05 0.45 -0.65
v -0.05 0.45 -0.75
v 0.05 -0.45 0.25
v 0.05 -0.45 0.15
v 0.05 -0.45 0.0500001
v 0.05 -0.45 -0.05
v 0.05 -0.45 -0.15
v 0.05 -0.35 0.45
v 0.05 -0.35 0.35
v 0.05 -0.35 0.25
v 0.05 -0.35 0.15
v 0.05 -0.35 0.0500001
v 0.05 -0.35 -0.05
v 0.05 -0.35 -0.15
v 0.05 -0.35 -0.25
v 0.05 -0.35 -0.35
v 0.05 -0.25 0.55
v 0.05 -0.25 0.45
v 0.05 -0.25 0.35
v 0.05 -0.25 -0.25
v 0.05 -0.25 -0.35
v 0.05 -0.25 -0.45
v 0.05 -0.25 -0.55
v 0.05 -0.15 0.55
v 0.05 -0.15 0.45
v 0.05 -0.15 -0.35
v 0.05 -0.15 -0.45
v 0.05 -0.15 -0.55
v 0.05 -0.05 0.65
v 0.05 -0.05 0.55
v 0.05 -0.05 0.45
v 0.05 -0.05 -0.35
v 0.05 -0.05 -0.45
v 0.05 -0.05 -0.55
v 0.05 0.05 0.65
v 0.05 0.05 0.55
v 0.05 0.15 0.75
v 0.05 0.15 0.65
v 0.05 0.15 0.55
v 0.05 0.15 0.45
v 0.05 0.15 -0.35
v 0.05 0.15 -0.45
v 0.05 0.15 -0.55
v 0.05 0.15 -0.65
v 0.05 0.25 0.75
v 0.05 0.25 0.65
v 0.05 0.25 0.55
v 0.05 0.25 0.45
v 0.05 0.25 -0.35
v 0.05 0.25 -0.45
v 0.05 0.25 -0.55
v 0.05 0.25 -0.65
v 0.05 0.35 0.75
v 0.05 0.35 0.65
v 0.05 0.35 0.25
v 0.05 0.35 0.15
v 0.05 0.35 0.0500001
v 0.05 0.35 -0.05
v 0.05 0.35 -0.15
v 0.05 0.35 -0.55
v 0.05 0.35 -0.65
v 0.05 0.45 0.25
v 0.05 0.45 0.0500001
v 0.05 0.45 -0.05
v 0.05 0.45 -0.15
v 0.05 0.65 -0.05
v 0.05 0.65 -0.15
v 0.15 -0.35 0.35
v 0.15 -0.35 0.25
v 0.15 -0.35 0.15
v 0.15 -0.35 -0.05
v 0.15 -0.35 -0.25
v 0.15 -0.25 0.45
v 0.15 -0.25 0.35
v 0.15 -0.25 0.25
v 0.15 -0.25 0.15
v 0.15 -0.25 0.0500001
v 0.15 -0.25 -0.05
v 0.15 -0.25 -0.15
v 0.15 -0.25 -0.25
v 0.15 -0.25 -0.35
v 0.15 -0.15 0.35
v 0.15 -0.15 -0.25
v 0.15 -0.15 -0.35
v 0.15 -0.05 0.55
v 0.15 -0.05 0.45
v 0.15 -0.05 0.35
v 0.15 -0.05 -0.25
v 0.15 -0.05 -0.35
v 0.15 -0.05 -0.45
v 0.15 -0.05 -0.55
v 0.15 0.05 -0.35
v 0.15 0.05 -0.45
v 0.15 0.05 -0.55
v 0.15 0.15 0.65
v 0.15 0.15 0.55
v 0.15 0.15 0.45
v 0.15 0.15 0.35
v 0.15 0.15 -0.25
v 0.15 0.15 -0.35
v 0.15 0.15 -0.45
v 0.15 0.15 -0.55
v 0.15 0.25 0.65
v 0.15 0.25 0.55
v 0.15 0.25 0.45
v 0.15 0.25 0.35
v 0.15 0.25 0.25
v 0.15 0.25 0.15
v 0.15 0.25 -0.05
v 0.15 0.25 -0.15
v 0.15 0.25 -0.25
v 0.15 0.25 -0.35
v 0.15 0.35 0.65
v 0.15 0.35 0.55
v 0.15 0.35 0.45
v 0.15 0.35 0.25
v 0.15 0.35 0.15
v 0.15 0.35 -0.05
v 0.15 0.35 -0.15
v 0.15 0.35 -0.35
v 0.15 0.35 -0.45
v 0.15 0.35 -0.55
v 0.15 0.35 -0.65
v 0.15 0.45 0.65
v 0.15 0.45 0.55
v 0.15 0.45 0.45
v 0.15 0.45 -0.35
v 0.15 0.45 -0.45
v 0.15 0.45 -0.55
v 0.15 0.45 -0.65
v 0.25 -0.25 0.25
v 0.25 -0.25 0.15
v 0.25 -0.25 0.0500001
v 0.25 -0.25 -0.05
v 0.25 -0.25 -0.15
v 0.25 -0.25 -0.25
v 0.25 -0.15 0.25
v 0.25 -0.15 0.15
v 0.25 -0.15 0.0500001
v 0.25 -0.15 -0.05
v 0.25 -0.15 -0.15
v 0.25 -0.15 -0.25
v 0.25 -0.05 0.45
v 0.25 -0.05 0.35
v 0.25 -0.05 0.25
v 0.25 -0.05 0.15
v 0.25 -0.05 0.0500001
v 0.25 -0.05 -0.05
v 0.25 -0.05 -0.15
v 0.25 -0.05 -0.25
v 0.25 0.05 0.35
v 0.25 0.15 0.55
v 0.25 0.15 0.45
v 0.25 0.15 0.35
v 0.25 0.15 0.25
v 0.25 0.15 -0.15
v 0.25 0.15 -0.25
v 0.25 0.15 -0.35
v 0.25 0.15 -0.45
v 0.25 0.15 -0.55
v 0.25 0.25 0.65
v 0.25 0.25 0.55
v 0.25 0.25 0.45
v 0.25 0.25 0.35
v 0.25 0.25 0.25
v 0.25 0.25 0.15
v 0.25 0.25 0.0500001
v 0.25 0.25 -0.15
v 0.25 0.25 -0.25
v 0.25 0.25 -0.35
v 0.25 0.25 -0.45
v 0.25 0.25 -0.55
v 0.25 0.35 0.65
v 0.25 0.35 0.55
v 0.25 0.35 0.45
v 0.25 0.35 0.15
v 0.25 0.35 0.0500001
v 0.25 0.35 -0.35
v 0.25 0.35 -0.45
v 0.25 0.45 -0.45
v 0.25 0.45 -0.55
v 0.35 -0.55 0.45
v 0.35 -0.55 0.35
v 0.35 -0.45 0.45
v 0.35 -0.45 0.35
v 0.35 -0.45 -0.05
v 0.35 -0.45 -0.15
v 0.35 -0.35 0.45
v 0.35 -0.35 0.35
v 0.35 -0.35 0.25
v 0.35 -0.35 -0.05
v 0.35 -0.35 -0.15
v 0.35 -0.25 -0.05
v 0.35 -0.25 -0.15
v 0.35 -0.15 0.35
v 0.35 -0.15 0.25
v 0.35 -0.15 -0.05
v 0.35 -0.15 -0.15
v 0.35 -0.05 0.35
v 0.35 -0.05 0.25
v 0.35 -0.05 0.15
v 0.35 -0.05 0.0500001
v 0.35 -0.05 -0.05
v 0.35 -0.05 -0.15
v 0.35 -0.05 -0.25
v 0.35 -0.05 -0.35
v 0.35 0.05 0.25
v 0.35 0.05 0.15
v 0.35 0.05 0.0500001
v 0.35 0.05 -0.05
v 0.35 0.05 -0.15
v 0.35 0.15 0.45
v 0.35 0.15 0.35
v 0.35 0.15 0.15
v 0.35 0.15 0.0500001
v 0.35 0.15 -0.05
v 0.35 0.15 -0.15
v 0.35 0.15 -0.25
v 0.35 0.15 -0.35
v 0.35 0.25 0.45
v 0.35 0.25 0.35
v 0.35 0.35 0.45
v 0.35 0.35 0.35
v 0.35 0.35 -0.15
v 0.35 0.35 -0.25
v 0.35 0.35 -0.35
v 0.35 0.45 -0.15
v 0.35 0.45 -0.35
v 0.45 -0.05 0.35
v 0.45 -0.05 0.25
v 0.45 -0.05 0.0500001
v 0.45 -0.05 -0.05
v 0.45 -0.05 -0.15
v 0.45 0.05 0.35
v 0.45 0.05 0.25
v 0.45 0.05 0.15
v 0.45 0.05 -0.05
v 0.45 0.05 -0.15
v 0.45 0.15 0.35
v 0.45 0.15 0.25
v 0.45 0.15 0.15
v 0.45 0.15 0.0500001
v 0.45 0.15 -0.05
v 0.45 0.15 -0.15
v 0.45 0.15 -0.25
v 0.45 0.15 -0.35
v 0.45 0.25 0.15
v 0.45 0.25 0.0500001
v 0.45 0.25 -0.05
v 0.45 0.25 -0.15
v 0.45 0.25 -0.25
v 0.45 0.25 -0.35
v 0.45 0.35 0.35
v 0.45 0.35 0.25
v 0.45 0.35 0.15
v 0.45 0.35 0.0500001
v 0.45 0.35 -0.05
v 0.45 0.35 -0.15
v 0.45 0.35 -0.25
v 0.45 0.35 -0.35
v 0.45 0.45 0.35
v 0.45 0.45 0.25
v 0.45 0.45 0.0500001
v 0.45 0.45 -0.05
v 0.55 0.15 0.25
v 0.55 0.15 0.15
v 0.55 0.15 0.0500001
v 0.55 0.15 -0.05
v 0.55 0.25 0.0500001
v 0.55 0.25 -0.05
v 0.55 0.35 0.25
v 0.55 0.35 0.15
v 0.55 0.35 0.0500001
v 0.55 0.35 -0.05
v -0.55 -0.05 0.95
v -0.55 0.05 0.95
v -0.55 0.25 0.95
v -0.55 0.35 0.95
v -0.45 -0.05 0.95
v -0.45 0.05 0.95
v -0.45 0.15 0.95
v -0.45 0.25 0.95
v -0.45 0.35 0.95
v -0.35 0.15 0.95
v -0.35 0.25 0.95
v -0.15 -0.75 0.95
v -0.15 -0.65 0.95
v -0.15 -0.55 0.95
v -0.15 -0.45 0.95
v -0.15 -0.35 0.95
v -0.15 -0.15 0.95
v -0.15 -0.05 0.95
v -0.15 0.05 0.95
v -0.15 0.15 0.95
v -0.15 0.25 0.95
v -0.15 0.35 0.95
v -0.05 -0.75 0.95
v -0.05 -0.65 0.95
v -0.05 -0.55 0.95
v -0.05 -0.45 0.95
v -0.05 -0.35 0.95
v -0.05 -0.15 0.95
v -0.05 -0.05 0.95
v -0.05 0.05 0.95
v -0.05 0.15 0.95
v -0.05 0.25 0.95
v -0.05 0.35 0.95
v -0.55 -0.15 0.85
v -0.55 -0.05 0.85
v -0.45 -0.15 0.85
v -0.45 -0.05 0.85
v -0.45 0.05 0.85
v -0.45 0.15 0.85
v -0.35 -0.05 0.85
v -0.35 0.05 0.85
v -0.35 0.15 0.85
v -0.25 -0.05 0.85
v -0.25 0.05 0.85
v -0.15 -0.05 0.85
v -0.15 0.05 0.85
v -0.15 0.15 0.85
v -0.15 0.35 0.85
v -0.15 0.45 0.85
v -0.05 0.35 0.85
v -0.05 0.45 0.85
v -0.55 -0.25 0.75
v -0.55 -0.15 0.75
v -0.55 -0.05 0.75
v -0.55 0.05 0.75
v -0.55 0.55 0.75
v -0.55 0.65 0.75
v -0.45 -0.25 0.75
v -0.45 -0.15 0.75
v -0.45 -0.05 0.75
v -0.45 0.05 0.75
v -0.45 0.25 0.75
v -0.45 0.35 0.75
v -0.45 0.55 0.75
v -0.45 0.65 0.75
v -0.35 -0.25 0.75
v -0.35 -0.15 0.75
v -0.35 -0.05 0.75
v -0.35 0.25 0.75
v -0.35 0.35 0.75
v -0.25 -0.25 0.75
v -0.25 -0.15 0.75
v -0.25 -0.05 0.75
v -0.25 0.15 0.75
v -0.25 0.25 0.75
v -0.25 0.35 0.75
v -0.25 0.45 0.75
v -0.15 -0.25 0.75
v -0.15 -0.15 0.75
v -0.15 -0.05 0.75
v -0.15 0.05 0.75
v -0.15 0.15 0.75
v -0.15 0.25 0.75
v -0.15 0.35 0.75
v -0.15 0.45 0.75
v -0.05 -0.05 0.75
v -0.05 0.05 0.75
v -0.05 0.15 0.75
v -0.05 0.25 0.75
v -0.05 0.35 0.75
v 0.05 0.15 0.75
v 0.05 0.25 0.75
v 0.05 0.35 0.75
v -0.55 -0.35 0.65
v -0.55 -0.25 0.65
v -0.55 0.25 0.65
v -0.55 0.45 0.65
v -0.55 0.55 0.65
v -0.45 -0.35 0.65
v -0.45 -0.25 0.65
v -0.45 0.25 0.65
v -0.45 0.35 0.65
v -0.45 0.45 0.65
v -0.45 0.55 0.65
v -0.35 -0.35 0.65
v -0.35 -0.25 0.65
v -0.25 -0.35 0.65
v -0.25 -0.25 0.65
v -0.15 -0.35 0.65
v -0.15 -0.25 0.65
v -0.15 -0.15 0.65
v -0.15 -0.05 0.65
v -0.15 0.15 0.65
v -0.15 0.25 0.65
v -0.05 -0.25 0.65
v -0.05 -0.15 0.65
v -0.05 -0.05 0.65
v -0.05 0.05 0.65
v -0.05 0.15 0.65
v -0.05 0.25 0.65
v 0.05 -0.05 0.65
v 0.05 0.05 0.65
v 0.05 0.15 0.65
v 0.05 0.25 0.65
v 0.05 0.35 0.65
v 0.05 0.45 0.65
v 0.15 0.15 0.65
v 0.15 0.25 0.65
v 0.15 0.35 0.65
v 0.15 0.45 0.65
v 0.25 0.25 0.65
v 0.25 0.35 0.65
v -0.55 -0.45 0.55
v -0.55 -0.35 0.55
v -0.45 -0.35 0.55
v -0.35 -0.45 0.55
v -0.35 -0.35 0.55
v -0.25 -0.45 0.55
v -0.25 -0.35 0.55
v -0.15 -0.35 0.55
v -0.15 -0.25 0.55
v -0.15 0.25 0.55
v -0.15 0.35 0.55
v -0.05 -0.35 0.55
v -0.05 -0.25 0.55
v -0.05 -0.15 0.55
v -0.05 -0.05 0.55
v -0.05 0.15 0.55
v -0.05 0.25 0.55
v -0.05 0.35 0.55
v -0.05 0.45 0.55
v 0.05 -0.25 0.55
v 0.05 -0.15 0.55
v 0.05 -0.05 0.55
v 0.05 0.05 0.55
v 0.05 0.15 0.55
v 0.05 0.25 0.55
v 0.05 0.35 0.55
v 0.05 0.45 0.55
v 0.15 -0.05 0.55
v 0.15 0.15 0.55
v 0.15 0.25 0.55
v 0.25 0.15 0.55
v 0.25 0.25 0.55
v -0.55 -0.55 0.45
v -0.55 -0.45 0.45
v -0.45 -0.55 0.45
v -0.45 -0.45 0.45
v -0.45 0.35 0.45
v -0.45 0.45 0.45
v -0.35 -0.55 0.45
v -0.35 -0.45 0.45
v -0.35 0.35 0.45
v -0.35 0.45 0.45
v -0.25 -0.45 0.45
v -0.25 -0.35 0.45
v -0.25 0.25 0.45
v -0.25 0.35 0.45
v -0.15 -0.45 0.45
v -0.15 -0.35 0.45
v -0.15 0.25 0.45
v -0.15 0.35 0.45
v -0.05 -0.35 0.45
v -0.05 -0.25 0.45
v 0.05 -0.35 0.45
v 0.05 -0.25 0.45
v 0.05 -0.15 0.45
v 0.05 -0.05 0.45
v 0.05 0.15 0.45
v 0.05 0.25 0.45
v 0.15 -0.25 0.45
v 0.15 -0.05 0.45
v 0.15 0.15 0.45
v 0.15 0.25 0.45
v 0.25 -0.55 0.45
v 0.25 -0.45 0.45
v 0.25 -0.35 0.45
v 0.25 -0.05 0.45
v 0.25 0.15 0.45
v 0.25 0.25 0.45
v 0.25 0.35 0.45
v 0.35 -0.55 0.45
v 0.35 -0.45 0.45
v 0.35 -0.35 0.45
v 0.35 0.15 0.45
v 0.35 0.25 0.45
v 0.35 0.35 0.45
v -0.55 -0.65 0.35
v -0.55 -0.55 0.35
v -0.55 0.65 0.35
v -0.55 0.75 0.35
v -0.45 -0.65 0.35
v -0.45 -0.55 0.35
v -0.45 0.65 0.35
v -0.45 0.75 0.35
v -0.35 -0.55 0.35
v -0.35 -0.45 0.35
v -0.35 0.35 0.35
v -0.35 0.45 0.35
v -0.25 -0.55 0.35
v -0.25 -0.45 0.35
v -0.25 0.35 0.35
v -0.25 0.45 0.35
v -0.15 -0.45 0.35
v -0.15 -0.35 0.35
v -0.05 -0.45 0.35
v -0.05 -0.35 0.35
v -0.05 0.25 0.35
v -0.05 0.35 0.35
v 0.05 -0.35 0.35
v 0.05 -0.25 0.35
v 0.05 0.25 0.35
v 0.05 0.35 0.35
v 0.15 -0.35 0.35
v 0.15 -0.25 0.35
v 0.15 -0.15 0.35
v 0.15 -0.05 0.35
v 0.15 0.15 0.35
v 0.15 0.25 0.35
v 0.15 0.35 0.35
v 0.25 -0.35 0.35
v 0.25 -0.25 0.35
v 0.25 -0.15 0.35
v 0.25 -0.05 0.35
v 0.25 0.05 0.35
v 0.25 0.15 0.35
v 0.25 0.25 0.35
v 0.25 0.35 0.35
v 0.25 0.45 0.35
v 0.35 -0.35 0.35
v 0.35 -0.15 0.35
v 0.35 -0.05 0.35
v 0.35 0.05 0.35
v 0.35 0.15 0.35
v 0.35 0.25 0.35
v 0.35 0.35 0.35
v 0.35 0.45 0.35
v 0.45 -0.05 0.35
v 0.45 0.05 0.35
v 0.45 0.15 0.35
v 0.45 0.35 0.35
v 0.45 0.45 0.35
v -0.55 -0.75 0.25
v -0.55 -0.65 0.25
v -0.55 0.25 0.25
v -0.55 0.35 0.25
v -0.55 0.45 0.25
v -0.55 0.55 0.25
v -0.55 0.65 0.25
v -0.55 0.75 0.25
v -0.55 0.85 0.25
v -0.45 -0.75 0.25
v -0.45 -0.65 0.25
v -0.45 -0.55 0.25
v -0.45 0.25 0.25
v -0.45 0.35 0.25
v -0.45 0.45 0.25
v -0.45 0.55 0.25
v -0.45 0.65 0.25
v -0.45 0.75 0.25
v -0.45 0.85 0.25
v -0.35 -0.65 0.25
v -0.35 -0.55 0.25
v -0.25 -0.55 0.25
v -0.25 -0.45 0.25
v -0.15 -0.55 0.25
v -0.15 -0.45 0.25
v -0.05 -0.45 0.25
v -0.05 -0.35 0.25
v -0.05 0.35 0.25
v -0.05 0.45 0.25
v 0.05 -0.45 0.25
v 0.05 -0.35 0.25
v 0.05 0.35 0.25
v 0.05 0.45 0.25
v 0.25 0.15 0.25
v 0.25 0.25 0.25
v 0.35 0.15 0.25
v 0.35 0.25 0.25
v 0.45 0.15 0.25
v 0.45 0.35 0.25
v 0.55 0.15 0.25
v 0.55 0.35 0.25
v -0.55 -0.85 0.15
v -0.55 -0.75 0.15
v -0.55 0.35 0.15
v -0.55 0.45 0.15
v -0.45 -0.85 0.15
v -0.45 -0.75 0.15
v -0.45 -0.65 0.15
v -0.45 0.35 0.15
v -0.45 0.45 0.15
v -0.35 -0.75 0.15
v -0.35 -0.65 0.15
v -0.35 -0.55 0.15
v -0.25 -0.65 0.15
v -0.25 -0.55 0.15
v -0.15 -0.55 0.15
v -0.15 -0.45 0.15
v -0.05 -0.55 0.15
v -0.05 -0.45 0.15
v 0.15 0.25 0.15
v 0.15 0.35 0.15
v 0.25 0.25 0.15
v 0.25 0.35 0.15
v -0.35 0.25 0.0500001
v -0.35 0.35 0.0500001
v -0.25 0.25 0.0500001
v -0.25 0.35 0.0500001
v -0.25 0.45 0.0500001
v -0.15 0.25 0.0500001
v -0.15 0.35 0.0500001
v -0.15 0.45 0.0500001
v -0.05 0.25 0.0500001
v -0.05 0.35 0.0500001
v -0.05 0.45 0.0500001
v 0.25 0.25 0.0500001
v 0.25 0.35 0.0500001
v 0.35 -0.05 0.0500001
v 0.35 0.05 0.0500001
v 0.35 0.15 0.0500001
v 0.35 0.25 0.0500001
v 0.35 0.35 0.0500001
v 0.35 0.45 0.0500001
v 0.45 -0.05 0.0500001
v 0.45 0.15 0.0500001
v 0.45 0.25 0.0500001
v 0.45 0.35 0.0500001
v 0.45 0.45 0.0500001
v 0.55 0.15 0.0500001
v 0.55 0.25 0.0500001
v 0.55 0.35 0.0500001
v -0.55 -0.65 -0.05
v -0.55 -0.55 -0.05
v -0.55 0.45 -0.05
v -0.55 0.55 -0.05
v -0.55 0.65 -0.05
v -0.45 -0.65 -0.05
v -0.45 -0.55 -0.05
v -0.45 0.45 -0.05
v -0.45 0.55 -0.05
v -0.45 0.65 -0.05
v -0.35 -0.55 -0.05
v -0.35 -0.45 -0.05
v -0.35 0.35 -0.05
v -0.35 0.45 -0.05
v -0.25 -0.55 -0.05
v -0.25 -0.45 -0.05
v -0.25 0.35 -0.05
v -0.25 0.45 -0.05
v -0.15 -0.45 -0.05
v -0.15 -0.35 -0.05
v -0.05 -0.45 -0.05
v -0.05 -0.35 -0.05
v -0.05 0.45 -0.05
v -0.05 0.65 -0.05
v 0.05 0.45 -0.05
v 0.05 0.65 -0.05
v 0.25 -0.45 -0.05
v 0.25 -0.35 -0.05
v 0.25 -0.25 -0.05
v 0.25 -0.15 -0.05
v 0.25 -0.05 -0.05
v 0.35 -0.45 -0.05
v 0.35 -0.35 -0.05
v 0.35 -0.25 -0.05
v 0.35 -0.15 -0.05
v 0.35 -0.05 -0.05
v -0.45 -0.55 -0.15
v -0.45 -0.45 -0.15
v -0.35 -0.55 -0.15
v -0.35 -0.45 -0.15
v -0.25 -0.45 -0.15
v -0.25 -0.35 -0.15
v -0.15 -0.45 -0.15
v -0.15 -0.35 -0.15
v -0.05 -0.35 -0.15
v -0.05 -0.25 -0.15
v 0.05 -0.35 -0.15
v 0.05 -0.25 -0.15
v 0.05 -0.15 -0.15
v 0.05 -0.05 -0.15
v 0.15 -0.15 -0.15
v 0.15 -0.05 -0.15
v 0.15 0.05 -0.15
v 0.15 0.15 -0.15
v 0.15 0.25 -0.15
v 0.15 0.35 -0.15
v 0.25 0.05 -0.15
v 0.25 0.15 -0.15
v 0.25 0.25 -0.15
v 0.25 0.35 -0.15
v 0.25 0.45 -0.15
v 0.35 0.25 -0.15
v 0.35 0.35 -0.15
v 0.35 0.45 -0.15
v -0.55 0.35 -0.25
v -0.55 0.45 -0.25
v -0.55 0.55 -0.25
v -0.45 0.35 -0.25
v -0.45 0.45 -0.25
v -0.45 0.55 -0.25
v -0.35 -0.45 -0.25
v -0.35 -0.35 -0.25
v -0.35 0.35 -0.25
v -0.35 0.45 -0.25
v -0.25 -0.45 -0.25
v -0.25 -0.35 -0.25
v -0.15 -0.35 -0.25
v -0.15 -0.25 -0.25
v -0.05 -0.35 -0.25
v -0.05 -0.25 -0.25
v -0.05 -0.15 -0.25
v -0.05 -0.05 -0.25
v 0.05 -0.25 -0.25
v 0.05 -0.15 -0.25
v 0.05 -0.05 -0.25
v 0.05 0.05 -0.25
v 0.05 0.15 -0.25
v 0.15 -0.25 -0.25
v 0.15 -0.15 -0.25
v 0.15 -0.05 -0.25
v 0.15 0.05 -0.25
v 0.15 0.15 -0.25
v 0.25 -0.05 -0.25
v 0.25 0.05 -0.25
v 0.25 0.15 -0.25
v 0.25 0.25 -0.25
v 0.35 0.15 -0.25
v 0.35 0.25 -0.25
v -0.55 0.55 -0.35
v -0.55 0.65 -0.35
v -0.45 -0.45 -0.35
v -0.45 -0.35 -0.35
v -0.45 0.55 -0.35
v -0.45 0.65 -0.35
v -0.35 -0.45 -0.35
v -0.35 -0.35 -0.35
v -0.25 -0.35 -0.35
v -0.25 -0.25 -0.35
v -0.15 -0.35 -0.35
v -0.15 -0.25 -0.35
v -0.15 -0.15 -0.35
v -0.15 -0.05 -0.35
v -0.15 0.25 -0.35
v -0.15 0.35 -0.35
v -0.05 -0.25 -0.35
v -0.05 -0.15 -0.35
v -0.05 -0.05 -0.35
v -0.05 0.05 -0.35
v -0.05 0.15 -0.35
v -0.05 0.25 -0.35
v -0.05 0.35 -0.35
v 0.05 -0.25 -0.35
v 0.05 -0.15 -0.35
v 0.05 -0.05 -0.35
v 0.05 0.05 -0.35
v 0.05 0.15 -0.35
v 0.05 0.25 -0.35
v 0.05 0.35 -0.35
v 0.05 0.45 -0.35
v 0.15 -0.05 -0.35
v 0.15 0.05 -0.35
v 0.15 0.15 -0.35
v 0.15 0.25 -0.35
v 0.15 0.35 -0.35
v 0.15 0.45 -0.35
v 0.25 0.15 -0.35
v 0.25 0.25 -0.35
v -0.45 -0.35 -0.45
v -0.45 -0.25 -0.45
v -0.35 -0.35 -0.45
v -0.35 -0.25 -0.45
v -0.25 -0.35 -0.45
v -0.25 -0.25 -0.45
v -0.25 -0.15 -0.45
v -0.25 -0.05 -0.45
v -0.15 -0.25 -0.45
v -0.15 -0.15 -0.45
v -0.15 -0.05 -0.45
v -0.15 0.05 -0.45
v -0.15 0.15 -0.45
v -0.05 -0.25 -0.45
v -0.05 -0.15 -0.45
v -0.05 -0.05 -0.45
v -0.05 0.05 -0.45
v -0.05 0.15 -0.45
v -0.05 0.25 -0.45
v -0.05 0.35 -0.45
v -0.05 0.45 -0.45
v 0.05 -0.05 -0.45
v 0.05 0.05 -0.45
v 0.05 0.15 -0.45
v 0.05 0.25 -0.45
v 0.05 0.35 -0.45
v 0.05 0.45 -0.45
v 0.15 0.15 -0.45
v 0.15 0.25 -0.45
v 0.15 0.35 -0.45
v 0.15 0.45 -0.45
v 0.25 0.35 -0.45
v 0.25 0.45 -0.45
v -0.55 -0.65 -0.55
v -0.55 -0.55 -0.55
v -0.45 -0.65 -0.55
v -0.45 -0.55 -0.55
v -0.45 -0.25 -0.55
v -0.45 -0.15 -0.55
v -0.45 -0.05 -0.55
v -0.45 0.05 -0.55
v -0.35 -0.25 -0.55
v -0.35 -0.15 -0.55
v -0.35 -0.05 -0.55
v -0.35 0.05 -0.55
v -0.35 0.35 -0.55
v -0.35 0.45 -0.55
v -0.25 -0.25 -0.55
v -0.25 -0.15 -0.55
v -0.25 -0.05 -0.55
v -0.25 0.05 -0.55
v -0.25 0.15 -0.55
v -0.25 0.35 -0.55
v -0.15 -0.25 -0.55
v -0.15 -0.15 -0.55
v -0.15 -0.05 -0.55
v -0.15 0.05 -0.55
v -0.15 0.15 -0.55
v -0.15 0.35 -0.55
v -0.15 0.45 -0.55
v -0.05 -0.05 -0.55
v -0.05 0.05 -0.55
v -0.05 0.15 -0.55
v -0.05 0.25 -0.55
v 0.05 0.15 -0.55
v 0.05 0.25 -0.55
v -0.55 -0.75 -0.65
v -0.55 -0.65 -0.65
v -0.55 -0.55 -0.65
v -0.55 -0.45 -0.65
v -0.45 -0.75 -0.65
v -0.45 -0.65 -0.65
v -0.45 -0.55 -0.65
v -0.45 -0.45 -0.65
v -0.45 0.05 -0.65
v -0.45 0.15 -0.65
v -0.35 -0.05 -0.65
v -0.35 0.05 -0.65
v -0.35 0.15 -0.65
v -0.25 -0.05 -0.65
v -0.25 0.05 -0.65
v -0.25 0.15 -0.65
v -0.25 0.25 -0.65
v -0.25 0.35 -0.65
v -0.15 -0.05 -0.65
v -0.15 0.05 -0.65
v -0.15 0.15 -0.65
v -0.15 0.25 -0.65
v -0.15 0.35 -0.65
v -0.15 0.45 -0.65
v -0.05 0.15 -0.65
v -0.05 0.25 -0.65
v -0.05 0.35 -0.65
v -0.05 0.45 -0.65
v -0.55 -0.45 -0.75
v -0.55 -0.35 -0.75
v -0.55 -0.25 -0.75
v -0.55 -0.15 -0.75
v -0.55 -0.05 -0.75
v -0.55 0.05 -0.75
v -0.55 0.25 -0.75
v -0.55 0.35 -0.75
v -0.45 -0.45 -0.75
v -0.45 -0.35 -0.75
v -0.45 -0.25 -0.75
v -0.45 -0.15 -0.75
v -0.45 -0.05 -0.75
v -0.45 0.05 -0.75
v -0.45 0.25 -0.75
v -0.35 0.25 -0.75
v -0.35 0.35 -0.75
v -0.25 0.15 -0.75
v -0.25 0.25 -0.75
v -0.25 0.35 -0.75
v -0.15 0.15 -0.75
v -0.15 0.25 -0.75
v -0.55 -0.35 -0.85
v -0.55 -0.25 -0.85
v -0.45 -0.35 -0.85
v -0.45 -0.25 -0.85
v -0.55 -0.05 0.85
v -0.55 0.05 0.85
v -0.55 0.25 0.85
v -0.55 0.35 0.85
v -0.45 -0.05 0.85
v -0.45 0.05 0.85
v -0.45 0.25 0.85
v -0.45 0.35 0.85
v -0.35 0.25 0.85
v -0.25 0.15 0.85
v -0.25 0.25 0.85
v -0.25 0.35 0.85
v -0.15 -0.75 0.85
v -0.15 -0.65 0.85
v -0.15 -0.55 0.85
v -0.15 -0.45 0.85
v -0.15 -0.35 0.85
v -0.15 -0.15 0.85
v -0.15 -0.05 0.85
v -0.15 0.05 0.85
v -0.15 0.15 0.85
v -0.15 0.25 0.85
v -0.05 -0.75 0.85
v -0.05 -0.65 0.85
v -0.05 -0.55 0.85
v -0.05 -0.45 0.85
v -0.05 -0.35 0.85
v -0.05 -0.15 0.85
v -0.05 -0.05 0.85
v -0.05 0.05 0.85
v -0.05 0.15 0.85
v -0.45 0.05 0.75
v -0.45 0.15 0.75
v -0.35 -0.05 0.75
v -0.35 0.05 0.75
v -0.35 0.15 0.75
v -0.25 -0.05 0.75
v -0.25 0.05 0.75
v -0.25 0.15 0.75
v -0.15 -0.05 0.75
v -0.15 0.05 0.75
v -0.15 0.15 0.75
v -0.15 0.25 0.75
v -0.05 0.15 0.75
v -0.05 0.25 0.75
v -0.45 -0.25 0.65
v -0.45 -0.15 0.65
v -0.45 -0.05 0.65
v -0.45 0.05 0.65
v -0.35 -0.25 0.65
v -0.35 -0.15 0.65
v -0.35 -0.05 0.65
v -0.35 0.05 0.65
v -0.25 -0.25 0.65
v -0.25 -0.15 0.65
v -0.25 -0.05 0.65
v -0.25 0.05 0.65
v -0.25 0.15 0.65
v -0.25 0.25 0.65
v -0.25 0.35 0.65
v -0.25 0.45 0.65
v -0.15 -0.25 0.65
v -0.15 -0.15 0.65
v -0.15 -0.05 0.65
v -0.15 0.05 0.65
v -0.15 0.15 0.65
v -0.15 0.25 0.65
v -0.15 0.35 0.65
v -0.15 0.45 0.65
v -0.05 -0.05 0.65
v -0.05 0.05 0.65
v -0.05 0.15 0.65
v -0.05 0.25 0.65
v -0.05 0.35 0.65
v -0.05 0.45 0.65
v 0.05 0.15 0.65
v 0.05 0.25 0.65
v -0.55 0.25 0.55
v -0.55 0.45 0.55
v -0.55 0.55 0.55
v -0.55 0.65 0.55
v -0.45 -0.35 0.55
v -0.45 -0.25 0.55
v -0.45 0.25 0.55
v -0.45 0.35 0.55
v -0.45 0.45 0.55
v -0.45 0.55 0.55
v -0.45 0.65 0.55
v -0.35 -0.35 0.55
v -0.35 -0.25 0.55
v -0.25 -0.35 0.55
v -0.25 -0.25 0.55
v -0.25 -0.15 0.55
v -0.25 -0.05 0.55
v -0.15 -0.25 0.55
v -0.15 -0.15 0.55
v -0.15 -0.05 0.55
v -0.15 0.05 0.55
v -0.15 0.15 0.55
v -0.05 -0.25 0.55
v -0.05 -0.15 0.55
v -0.05 -0.05 0.55
v -0.05 0.05 0.55
v -0.05 0.15 0.55
v -0.05 0.25 0.55
v -0.05 0.35 0.55
v 0.05 -0.05 0.55
v 0.05 0.05 0.55
v 0.05 0.15 0.55
v 0.05 0.25 0.55
v 0.05 0.35 0.55
v 0.15 0.15 0.55
v 0.15 0.25 0.55
v -0.45 -0.45 0.45
v -0.45 -0.35 0.45
v -0.35 -0.45 0.45
v -0.35 -0.35 0.45
v -0.25 -0.35 0.45
v -0.25 -0.25 0.45
v -0.15 -0.35 0.45
v -0.15 -0.25 0.45
v -0.15 -0.15 0.45
v -0.15 -0.05 0.45
v -0.05 -0.25 0.45
v -0.05 -0.15 0.45
v -0.05 -0.05 0.45
v -0.05 0.05 0.45
v -0.05 0.15 0.45
v -0.05 0.35 0.45
v -0.05 0.45 0.45
v 0.05 -0.25 0.45
v 0.05 -0.15 0.45
v 0.05 -0.05 0.45
v 0.05 0.05 0.45
v 0.05 0.15 0.45
v 0.05 0.25 0.45
v 0.05 0.35 0.45
v 0.15 -0.05 0.45
v 0.15 0.05 0.45
v 0.15 0.15 0.45
v 0.15 0.25 0.45
v 0.15 0.35 0.45
v 0.15 0.45 0.45
v 0.25 0.15 0.45
v 0.25 0.25 0.45
v -0.35 -0.45 0.35
v -0.35 -0.35 0.35
v -0.25 -0.45 0.35
v -0.25 -0.35 0.35
v -0.15 -0.35 0.35
v -0.15 -0.25 0.35
v -0.05 -0.35 0.35
v -0.05 -0.25 0.35
v -0.05 -0.15 0.35
v -0.05 -0.05 0.35
v 0.05 -0.25 0.35
v 0.05 -0.15 0.35
v 0.05 -0.05 0.35
v 0.05 0.05 0.35
v 0.05 0.15 0.35
v 0.15 -0.25 0.35
v 0.15 -0.15 0.35
v 0.15 -0.05 0.35
v 0.15 0.05 0.35
v 0.15 0.15 0.35
v 0.25 -0.55 0.35
v 0.25 -0.45 0.35
v 0.25 -0.35 0.35
v 0.25 -0.05 0.35
v 0.25 0.05 0.35
v 0.25 0.15 0.35
v 0.25 0.25 0.35
v 0.35 -0.55 0.35
v 0.35 -0.45 0.35
v 0.35 -0.35 0.35
v 0.35 0.15 0.35
v 0.35 0.25 0.35
v -0.45 -0.55 0.25
v -0.45 -0.45 0.25
v -0.35 -0.55 0.25
v -0.35 -0.45 0.25
v -0.25 -0.45 0.25
v -0.25 -0.35 0.25
v -0.15 -0.45 0.25
v -0.15 -0.35 0.25
v -0.05 -0.35 0.25
v -0.05 -0.25 0.25
v 0.05 -0.35 0.25
v 0.05 -0.25 0.25
v 0.05 -0.15 0.25
v 0.05 -0.05 0.25
v 0.15 -0.15 0.25
v 0.15 -0.05 0.25
v 0.15 0.05 0.25
v 0.15 0.15 0.25
v 0.15 0.25 0.25
v 0.15 0.35 0.25
v 0.25 -0.35 0.25
v 0.25 -0.25 0.25
v 0.25 -0.15 0.25
v 0.25 -0.05 0.25
v 0.25 0.05 0.25
v 0.25 0.15 0.25
v 0.25 0.25 0.25
v 0.25 0.35 0.25
v 0.25 0.45 0.25
v 0.35 -0.35 0.25
v 0.35 -0.15 0.25
v 0.35 -0.05 0.25
v 0.35 0.05 0.25
v 0.35 0.25 0.25
v 0.35 0.35 0.25
v 0.35 0.45 0.25
v 0.45 -0.05 0.25
v 0.45 0.05 0.25
v 0.45 0.35 0.25
v 0.45 0.45 0.25
v -0.55 -0.65 0.15
v -0.55 -0.55 0.15
v -0.55 0.45 0.15
v -0.55 0.55 0.15
v -0.55 0.65 0.15
v -0.55 0.75 0.15
v -0.55 0.85 0.15
v -0.45 -0.65 0.15
v -0.45 -0.55 0.15
v -0.45 0.45 0.15
v -0.45 0.55 0.15
v -0.45 0.65 0.15
v -0.45 0.75 0.15
v -0.45 0.85 0.15
v -0.35 -0.55 0.15
v -0.35 -0.45 0.15
v -0.35 0.25 0.15
v -0.35 0.35 0.15
v -0.35 0.45 0.15
v -0.25 -0.55 0.15
v -0.25 -0.45 0.15
v -0.25 0.25 0.15
v -0.25 0.35 0.15
v -0.25 0.45 0.15
v -0.15 -0.45 0.15
v -0.15 -0.35 0.15
v -0.15 0.25 0.15
v -0.15 0.35 0.15
v -0.05 -0.45 0.15
v -0.05 -0.35 0.15
v -0.05 0.25 0.15
v -0.05 0.35 0.15
v 0.35 0.05 0.15
v 0.35 0.15 0.15
v 0.45 0.05 0.15
v 0.45 0.15 0.15
v 0.45 0.25 0.15
v 0.45 0.35 0.15
v 0.55 0.15 0.15
v 0.55 0.35 0.15
v -0.45 0.35 0.0500001
v -0.45 0.45 0.0500001
v -0.35 0.35 0.0500001
v -0.35 0.45 0.0500001
v -0.55 -0.85 -0.05
v -0.55 -0.75 -0.05
v -0.45 -0.85 -0.05
v -0.45 -0.75 -0.05
v -0.45 -0.65 -0.05
v -0.35 -0.75 -0.05
v -0.35 -0.65 -0.05
v -0.35 -0.55 -0.05
v -0.25 -0.65 -0.05
v -0.25 -0.55 -0.05
v -0.15 -0.55 -0.05
v -0.15 -0.45 -0.05
v -0.15 0.35 -0.05
v -0.15 0.45 -0.05
v -0.05 -0.55 -0.05
v -0.05 -0.45 -0.05
v -0.05 0.35 -0.05
v -0.05 0.45 -0.05
v 0.15 0.25 -0.05
v 0.15 0.35 -0.05
v 0.25 0.25 -0.05
v 0.35 0.05 -0.05
v 0.35 0.15 -0.05
v 0.35 0.25 -0.05
v 0.35 0.35 -0.05
v 0.35 0.45 -0.05
v 0.45 0.05 -0.05
v 0.45 0.15 -0.05
v 0.45 0.25 -0.05
v 0.45 0.35 -0.05
v 0.45 0.45 -0.05
v 0.55 0.15 -0.05
v 0.55 0.25 -0.05
v 0.55 0.35 -0.05
v -0.55 -0.75 -0.15
v -0.55 -0.65 -0.15
v -0.55 0.35 -0.15
v -0.55 0.55 -0.15
v -0.55 0.65 -0.15
v -0.45 -0.75 -0.15
v -0.45 -0.65 -0.15
v -0.45 -0.55 -0.15
v -0.45 0.35 -0.15
v -0.45 0.55 -0.15
v -0.45 0.65 -0.15
v -0.35 -0.65 -0.15
v -0.35 -0.55 -0.15
v -0.25 -0.55 -0.15
v -0.25 -0.45 -0.15
v -0.15 -0.55 -0.15
v -0.15 -0.45 -0.15
v -0.15 0.25 -0.15
v -0.15 0.35 -0.15
v -0.05 -0.45 -0.15
v -0.05 -0.35 -0.15
v -0.05 0.25 -0.15
v -0.05 0.35 -0.15
v -0.05 0.45 -0.15
v -0.05 0.65 -0.15
v 0.05 -0.45 -0.15
v 0.05 -0.35 -0.15
v 0.05 0.35 -0.15
v 0.05 0.45 -0.15
v 0.05 0.65 -0.15
v 0.25 -0.45 -0.15
v 0.25 -0.35 -0.15
v 0.25 -0.25 -0.15
v 0.25 -0.15 -0.15
v 0.25 -0.05 -0.15
v 0.25 0.15 -0.15
v 0.25 0.25 -0.15
v 0.35 -0.45 -0.15
v 0.35 -0.35 -0.15
v 0.35 -0.25 -0.15
v 0.35 -0.15 -0.15
v 0.35 -0.05 -0.15
v 0.35 0.05 -0.15
v 0.35 0.15 -0.15
v 0.35 0.25 -0.15
v 0.45 -0.05 -0.15
v 0.45 0.05 -0.15
v -0.55 -0.65 -0.25
v -0.55 -0.55 -0.25
v -0.45 -0.65 -0.25
v -0.45 -0.55 -0.25
v -0.35 -0.55 -0.25
v -0.35 -0.45 -0.25
v -0.25 -0.55 -0.25
v -0.25 -0.45 -0.25
v -0.25 0.35 -0.25
v -0.25 0.45 -0.25
v -0.15 -0.45 -0.25
v -0.15 -0.35 -0.25
v -0.15 0.35 -0.25
v -0.15 0.45 -0.25
v -0.05 -0.45 -0.25
v -0.05 -0.35 -0.25
v -0.05 0.25 -0.25
v -0.05 0.35 -0.25
v 0.05 -0.35 -0.25
v 0.05 -0.25 -0.25
v 0.05 0.25 -0.25
v 0.05 0.35 -0.25
v 0.15 -0.35 -0.25
v 0.15 -0.25 -0.25
v 0.15 -0.15 -0.25
v 0.15 -0.05 -0.25
v 0.15 0.15 -0.25
v 0.15 0.25 -0.25
v 0.15 0.35 -0.25
v 0.25 -0.25 -0.25
v 0.25 -0.15 -0.25
v 0.25 -0.05 -0.25
v 0.25 0.15 -0.25
v 0.25 0.25 -0.25
v -0.55 -0.55 -0.35
v -0.55 -0.45 -0.35
v -0.45 -0.55 -0.35
v -0.45 -0.45 -0.35
v -0.45 0.35 -0.35
v -0.45 0.45 -0.35
v -0.35 -0.55 -0.35
v -0.35 -0.45 -0.35
v -0.35 0.35 -0.35
v -0.35 0.45 -0.35
v -0.25 -0.45 -0.35
v -0.25 -0.35 -0.35
v -0.25 0.35 -0.35
v -0.25 0.45 -0.35
v -0.15 -0.45 -0.35
v -0.15 -0.35 -0.35
v -0.05 -0.35 -0.35
v -0.05 -0.25 -0.35
v 0.05 -0.35 -0.35
v 0.05 -0.25 -0.35
v 0.05 -0.15 -0.35
v 0.05 -0.05 -0.35
v 0.05 0.15 -0.35
v 0.05 0.25 -0.35
v 0.15 -0.25 -0.35
v 0.15 -0.15 -0.35
v 0.15 -0.05 -0.35
v 0.15 0.05 -0.35
v 0.15 0.15 -0.35
v 0.15 0.25 -0.35
v 0.25 -0.05 -0.35
v 0.25 0.05 -0.35
v 0.25 0.15 -0.35
v 0.25 0.25 -0.35
v 0.25 0.35 -0.35
v 0.25 0.45 -0.35
v 0.35 -0.05 -0.35
v 0.35 0.15 -0.35
v 0.35 0.25 -0.35
v 0.35 0.35 -0.35
v 0.35 0.45 -0.35
v 0.45 0.15 -0.35
v 0.45 0.25 -0.35
v 0.45 0.35 -0.35
v -0.55 -0.45 -0.45
v -0.55 -0.35 -0.45
v -0.55 0.25 -0.45
v -0.55 0.45 -0.45
v -0.55 0.55 -0.45
v -0.55 0.65 -0.45
v -0.45 -0.35 -0.45
v -0.45 0.25 -0.45
v -0.45 0.35 -0.45
v -0.45 0.45 -0.45
v -0.45 0.55 -0.45
v -0.45 0.65 -0.45
v -0.35 -0.45 -0.45
v -0.35 -0.35 -0.45
v -0.25 -0.45 -0.45
v -0.25 -0.35 -0.45
v -0.25 0.25 -0.45
v -0.25 0.35 -0.45
v -0.15 -0.35 -0.45
v -0.15 -0.25 -0.45
v -0.15 0.25 -0.45
v -0.15 0.35 -0.45
v -0.05 -0.35 -0.45
v -0.05 -0.25 -0.45
v -0.05 0.15 -0.45
v -0.05 0.25 -0.45
v 0.05 0.15 -0.45
v 0.05 0.25 -0.45
v -0.55 -0.35 -0.55
v -0.55 -0.25 -0.55
v -0.45 -0.35 -0.55
v -0.45 -0.25 -0.55
v -0.35 -0.35 -0.55
v -0.35 -0.25 -0.55
v -0.25 -0.35 -0.55
v -0.25 -0.25 -0.55
v -0.15 -0.35 -0.55
v -0.15 -0.25 -0.55
v -0.15 -0.15 -0.55
v -0.15 -0.05 -0.55
v -0.15 0.15 -0.55
v -0.15 0.25 -0.55
v -0.05 -0.25 -0.55
v -0.05 -0.15 -0.55
v -0.05 -0.05 -0.55
v -0.05 0.05 -0.55
v -0.05 0.15 -0.55
v -0.05 0.25 -0.55
v -0.05 0.35 -0.55
v -0.05 0.45 -0.55
v 0.05 -0.25 -0.55
v 0.05 -0.15 -0.55
v 0.05 -0.05 -0.55
v 0.05 0.05 -0.55
v 0.05 0.15 -0.55
v 0.05 0.25 -0.55
v 0.05 0.35 -0.55
v 0.05 0.45 -0.55
v 0.15 -0.05 -0.55
v 0.15 0.05 -0.55
v 0.15 0.15 -0.55
v 0.15 0.25 -0.55
v 0.15 0.35 -0.55
v 0.15 0.45 -0.55
v 0.25 0.15 -0.55
v 0.25 0.25 -0.55
v 0.25 0.45 -0.55
v -0.55 -0.65 -0.65
v -0.55 -0.55 -0.65
v -0.55 -0.25 -0.65
v -0.55 -0.15 -0.65
v -0.55 -0.05 -0.65
v -0.55 0.05 -0.65
v -0.45 -0.65 -0.65
v -0.45 -0.55 -0.65
v -0.45 -0.25 -0.65
v -0.45 -0.15 -0.65
v -0.45 -0.05 -0.65
v -0.45 0.05 -0.65
v -0.45 0.25 -0.65
v -0.45 0.35 -0.65
v -0.35 -0.15 -0.65
v -0.35 -0.05 -0.65
v -0.35 0.25 -0.65
v -0.35 0.35 -0.65
v -0.35 0.45 -0.65
v -0.25 -0.25 -0.65
v -0.25 -0.15 -0.65
v -0.25 -0.05 -0.65
v -0.25 0.15 -0.65
v -0.25 0.25 -0.65
v -0.25 0.35 -0.65
v -0.25 0.45 -0.65
v -0.15 -0.25 -0.65
v -0.15 -0.15 -0.65
v -0.15 -0.05 -0.65
v -0.15 0.05 -0.65
v -0.15 0.15 -0.65
v -0.15 0.25 -0.65
v -0.05 -0.05 -0.65
v -0.05 0.05 -0.65
v -0.05 0.15 -0.65
v -0.05 0.25 -0.65
v -0.05 0.35 -0.65
v 0.05 0.15 -0.65
v 0.05 0.25 -0.65
v 0.05 0.35 -0.65
v 0.05 0.45 -0.65
v 0.15 0.35 -0.65
v 0.15 0.45 -0.65
v -0.55 -0.75 -0.75
v -0.55 -0.65 -0.75
v -0.55 -0.55 -0.75
v -0.55 -0.45 -0.75
v -0.45 -0.75 -0.75
v -0.45 -0.65 -0.75
v -0.45 -0.55 -0.75
v -0.45 -0.45 -0.75
v -0.45 0.05 -0.75
v -0.45 0.15 -0.75
v -0.35 0.05 -0.75
v -0.35 0.15 -0.75
v -0.25 -0.05 -0.75
v -0.25 0.05 -0.75
v -0.25 0.15 -0.75
v -0.15 -0.05 -0.75
v -0.15 0.05 -0.75
v -0.15 0.35 -0.75
v -0.15 0.45 -0.75
v -0.05 0.35 -0.75
v -0.05 0.45 -0.75
v -0.55 -0.45 -0.85
v -0.55 -0.35 -0.85
v -0.55 -0.25 -0.85
v -0.55 -0.15 -0.85
v -0.55 -0.05 -0.85
v -0.55 0.05 -0.85
v -0.55 0.15 -0.85
v -0.55 0.25 -0.85
v -0.55 0.35 -0.85
v -0.45 -0.45 -0.85
v -0.45 -0.35 -0.85
v -0.45 -0.25 -0.85
v -0.45 -0.15 -0.85
v -0.45 -0.05 -0.85
v -0.45 0.05 -0.85
v -0.45 0.15 -0.85
v -0.45 0.25 -0.85
v -0.35 -0.05 -0.85
v -0.35 0.05 -0.85
v -0.35 0.25 -0.85
v -0.35 0.35 -0.85
v -0.25 -0.05 -0.85
v -0.25 0.05 -0.85
v -0.25 0.15 -0.85
v -0.25 0.25 -0.85
v -0.25 0.35 -0.85
v -0.25 0.45 -0.85
v -0.15 0.05 -0.85
v -0.15 0.15 -0.85
v -0.15 0.25 -0.85
v -0.15 0.35 -0.85
v -0.15 0.45 -0.85
v -0.05 0.15 -0.85
v -0.05 0.25 -0.85
v -0.05 0.35 -0.85
v -0.55 -0.35 -0.95
v -0.55 -0.25 -0.95
v -0.45 -0.35 -0.95
v -0.45 -0.25 -0.95
v -0.55 -0.85 0.15
v -0.45 -0.85 0.15
v -0.55 -0.85 0.0500001
v -0.45 -0.85 0.0500001
v -0.55 -0.85 -0.05
v -0.45 -0.85 -0.05
v -0.15 -0.75 0.95
v -0.05 -0.75 0.95
v -0.15 -0.75 0.85
v -0.05 -0.75 0.85
v -0.55 -0.75 0.25
v -0.45 -0.75 0.25
v -0.55 -0.75 0.15
v -0.45 -0.75 0.15
v -0.35 -0.75 0.15
v -0.45 -0.75 0.0500001
v -0.35 -0.75 0.0500001
v -0.55 -0.75 -0.05
v -0.45 -0.75 -0.05
v -0.35 -0.75 -0.05
v -0.55 -0.75 -0.15
v -0.45 -0.75 -0.15
v -0.55 -0.75 -0.65
v -0.45 -0.75 -0.65
v -0.55 -0.75 -0.75
v -0.45 -0.75 -0.75
v -0.55 -0.65 0.35
v -0.45 -0.65 0.35
v -0.55 -0.65 0.25
v -0.45 -0.65 0.25
v -0.35 -0.65 0.25
v -0.45 -0.65 0.15
v -0.35 -0.65 0.15
v -0.25 -0.65 0.15
v -0.35 -0.65 0.0500001
v -0.25 -0.65 0.0500001
v -0.45 -0.65 -0.05
v -0.35 -0.65 -0.05
v -0.25 -0.65 -0.05
v -0.55 -0.65 -0.15
v -0.45 -0.65 -0.15
v -0.35 -0.65 -0.15
v -0.55 -0.65 -0.25
v -0.45 -0.65 -0.25
v -0.55 -0.65 -0.55
v -0.45 -0.65 -0.55
v -0.55 -0.65 -0.65
v -0.45 -0.65 -0.65
v -0.55 -0.55 0.45
v -0.45 -0.55 0.45
v -0.35 -0.55 0.45
v 0.25 -0.55 0.45
v 0.35 -0.55 0.45
v -0.55 -0.55 0.35
v -0.45 -0.55 0.35
v -0.35 -0.55 0.35
v -0.25 -0.55 0.35
v 0.25 -0.55 0.35
v 0.35 -0.55 0.35
v -0.45 -0.55 0.25
v -0.35 -0.55 0.25
v -0.25 -0.55 0.25
v -0.15 -0.55 0.25
v -0.55 -0.55 0.15
v -0.45 -0.55 0.15
v -0.35 -0.55 0.15
v -0.25 -0.55 0.15
v -0.15 -0.55 0.15
v -0.05 -0.55 0.15
v -0.55 -0.55 0.0500001
v -0.45 -0.55 0.0500001
v -0.25 -0.55 0.0500001
v -0.15 -0.55 0.0500001
v -0.05 -0.55 0.0500001
v -0.55 -0.55 -0.05
v -0.45 -0.55 -0.05
v -0.35 -0.55 -0.05
v -0.25 -0.55 -0.05
v -0.15 -0.55 -0.05
v -0.05 -0.55 -0.05
v -0.45 -0.55 -0.15
v -0.35 -0.55 -0.15
v -0.25 -0.55 -0.15
v -0.15 -0.55 -0.15
v -0.55 -0.55 -0.25
v -0.45 -0.55 -0.25
v -0.35 -0.55 -0.25
v -0.25 -0.55 -0.25
v -0.55 -0.55 -0.35
v -0.45 -0.55 -0.35
v -0.35 -0.55 -0.35
v -0.55 -0.55 -0.65
v -0.45 -0.55 -0.65
v -0.55 -0.55 -0.75
v -0.45 -0.55 -0.75
v -0.55 -0.45 0.55
v -0.35 -0.45 0.55
v -0.25 -0.45 0.55
v -0.55 -0.45 0.45
v -0.45 -0.45 0.45
v -0.35 -0.45 0.45
v -0.25 -0.45 0.45
v -0.15 -0.45 0.45
v -0.35 -0.45 0.35
v -0.25 -0.45 0.35
v -0.15 -0.45 0.35
v -0.05 -0.45 0.35
v -0.25 -0.45 0.25
v -0.15 -0.45 0.25
v -0.05 -0.45 0.25
v 0.05 -0.45 0.25
v -0.15 -0.45 0.15
v -0.05 -0.45 0.15
v 0.05 -0.45 0.15
v -0.05 -0.45 0.0500001
v 0.05 -0.45 0.0500001
v -0.15 -0.45 -0.05
v -0.05 -0.45 -0.05
v 0.05 -0.45 -0.05
v 0.25 -0.45 -0.05
v 0.35 -0.45 -0.05
v -0.25 -0.45 -0.15
v -0.15 -0.45 -0.15
v -0.05 -0.45 -0.15
v 0.05 -0.45 -0.15
v 0.25 -0.45 -0.15
v 0.35 -0.45 -0.15
v -0.35 -0.45 -0.25
v -0.25 -0.45 -0.25
v -0.15 -0.45 -0.25
v -0.05 -0.45 -0.25
v -0.55 -0.45 -0.35
v -0.45 -0.45 -0.35
v -0.35 -0.45 -0.35
v -0.25 -0.45 -0.35
v -0.15 -0.45 -0.35
v -0.55 -0.45 -0.45
v -0.35 -0.45 -0.45
v -0.25 -0.45 -0.45
v -0.55 -0.45 -0.75
v -0.45 -0.45 -0.75
v -0.55 -0.45 -0.85
v -0.45 -0.45 -0.85
v -0.55 -0.35 0.65
v -0.45 -0.35 0.65
v -0.35 -0.35 0.65
v -0.25 -0.35 0.65
v -0.15 -0.35 0.65
v -0.55 -0.35 0.55
v -0.45 -0.35 0.55
v -0.35 -0.35 0.55
v -0.25 -0.35 0.55
v -0.15 -0.35 0.55
v -0.05 -0.35 0.55
v -0.25 -0.35 0.45
v -0.15 -0.35 0.45
v -0.05 -0.35 0.45
v 0.05 -0.35 0.45
v -0.15 -0.35 0.35
v -0.05 -0.35 0.35
v 0.05 -0.35 0.35
v 0.15 -0.35 0.35
v 0.25 -0.35 0.35
v 0.35 -0.35 0.35
v -0.05 -0.35 0.25
v 0.05 -0.35 0.25
v 0.15 -0.35 0.25
v 0.25 -0.35 0.25
v 0.35 -0.35 0.25
v 0.05 -0.35 0.15
v 0.15 -0.35 0.15
v 0.05 -0.35 0.0500001
v 0.05 -0.35 -0.05
v 0.15 -0.35 -0.05
v -0.05 -0.35 -0.15
v 0.05 -0.35 -0.15
v -0.15 -0.35 -0.25
v -0.05 -0.35 -0.25
v 0.05 -0.35 -0.25
v 0.15 -0.35 -0.25
v -0.25 -0.35 -0.35
v -0.15 -0.35 -0.35
v -0.05 -0.35 -0.35
v 0.05 -0.35 -0.35
v -0.55 -0.35 -0.45
v -0.45 -0.35 -0.45
v -0.35 -0.35 -0.45
v -0.25 -0.35 -0.45
v -0.15 -0.35 -0.45
v -0.05 -0.35 -0.45
v -0.55 -0.35 -0.55
v -0.45 -0.35 -0.55
v -0.35 -0.35 -0.55
v -0.25 -0.35 -0.55
v -0.15 -0.35 -0.55
v -0.55 -0.35 -0.85
v -0.45 -0.35 -0.85
v -0.55 -0.35 -0.95
v -0.45 -0.35 -0.95
v -0.55 -0.25 0.75
v -0.45 -0.25 0.75
v -0.35 -0.25 0.75
v -0.25 -0.25 0.75
v -0.15 -0.25 0.75
v -0.55 -0.25 0.65
v -0.45 -0.25 0.65
v -0.35 -0.25 0.65
v -0.25 -0.25 0.65
v -0.15 -0.25 0.65
v -0.05 -0.25 0.65
v -0.15 -0.25 0.55
v -0.05 -0.25 0.55
v 0.05 -0.25 0.55
v -0.05 -0.25 0.45
v 0.05 -0.25 0.45
v 0.15 -0.25 0.45
v 0.05 -0.25 0.35
v 0.15 -0.25 0.35
v 0.25 -0.25 0.35
v 0.15 -0.25 0.25
v 0.25 -0.25 0.25
v 0.15 -0.25 0.15
v 0.25 -0.25 0.15
v 0.15 -0.25 0.0500001
v 0.25 -0.25 0.0500001
v 0.15 -0.25 -0.05
v 0.25 -0.25 -0.05
v 0.15 -0.25 -0.15
v 0.25 -0.25 -0.15
v 0.05 -0.25 -0.25
v 0.15 -0.25 -0.25
v 0.25 -0.25 -0.25
v -0.05 -0.25 -0.35
v 0.05 -0.25 -0.35
v 0.15 -0.25 -0.35
v -0.15 -0.25 -0.45
v -0.05 -0.25 -0.45
v 0.05 -0.25 -0.45
v -0.55 -0.25 -0.55
v -0.45 -0.25 -0.55
v -0.35 -0.25 -0.55
v -0.25 -0.25 -0.55
v -0.15 -0.25 -0.55
v -0.05 -0.25 -0.55
v 0.05 -0.25 -0.55
v -0.55 -0.25 -0.65
v -0.45 -0.25 -0.65
v -0.25 -0.25 -0.65
v -0.15 -0.25 -0.65
v -0.55 -0.25 -0.75
v -0.45 -0.25 -0.75
v -0.55 -0.25 -0.85
v -0.45 -0.25 -0.85
v -0.55 -0.15 0.85
v -0.45 -0.15 0.85
v -0.55 -0.15 0.75
v -0.45 -0.15 0.75
v -0.25 -0.15 0.65
v -0.15 -0.15 0.65
v -0.25 -0.15 0.55
v -0.15 -0.15 0.55
v -0.05 -0.15 0.55
v -0.15 -0.15 0.45
v -0.05 -0.15 0.45
v 0.05 -0.15 0.45
v -0.05 -0.15 0.35
v 0.05 -0.15 0.35
v 0.15 -0.15 0.35
v 0.05 -0.15 0.25
v 0.15 -0.15 0.25
v 0.05 -0.15 -0.15
v 0.15 -0.15 -0.15
v -0.05 -0.15 -0.25
v 0.05 -0.15 -0.25
v 0.15 -0.15 -0.25
v -0.15 -0.15 -0.35
v -0.05 -0.15 -0.35
v 0.05 -0.15 -0.35
v -0.25 -0.15 -0.45
v -0.15 -0.15 -0.45
v -0.05 -0.15 -0.45
v -0.25 -0.15 -0.55
v -0.15 -0.15 -0.55
v -0.55 -0.15 -0.65
v -0.45 -0.15 -0.65
v -0.55 -0.15 -0.75
v -0.45 -0.15 -0.75
v -0.55 -0.05 0.95
v -0.45 -0.05 0.95
v -0.55 -0.05 0.85
v -0.45 -0.05 0.85
v -0.35 -0.05 0.85
v -0.25 -0.05 0.85
v -0.15 -0.05 0.85
v -0.45 -0.05 0.75
v -0.35 -0.05 0.75
v -0.25 -0.05 0.75
v -0.15 -0.05 0.75
v -0.05 -0.05 0.75
v -0.15 -0.05 0.65
v -0.05 -0.05 0.65
v 0.05 -0.05 0.65
v -0.05 -0.05 0.55
v 0.05 -0.05 0.55
v 0.15 -0.05 0.55
v 0.05 -0.05 0.45
v 0.15 -0.05 0.45
v 0.25 -0.05 0.45
v 0.15 -0.05 0.35
v 0.25 -0.05 0.35
v 0.35 -0.05 0.35
v 0.45 -0.05 0.35
v 0.25 -0.05 0.25
v 0.35 -0.05 0.25
v 0.45 -0.05 0.25
v 0.25 -0.05 0.15
v 0.35 -0.05 0.15
v 0.25 -0.05 0.0500001
v 0.35 -0.05 0.0500001
v 0.45 -0.05 0.0500001
v 0.25 -0.05 -0.05
v 0.35 -0.05 -0.05
v 0.45 -0.05 -0.05
v 0.25 -0.05 -0.15
v 0.35 -0.05 -0.15
v 0.45 -0.05 -0.15
v 0.15 -0.05 -0.25
v 0.25 -0.05 -0.25
v 0.35 -0.05 -0.25
v 0.05 -0.05 -0.35
v 0.15 -0.05 -0.35
v 0.25 -0.05 -0.35
v 0.35 -0.05 -0.35
v 0.05 -0.05 -0.45
v 0.15 -0.05 -0.45
v -0.15 -0.05 -0.55
v -0.05 -0.05 -0.55
v 0.05 -0.05 -0.55
v 0.15 -0.05 -0.55
v -0.45 -0.05 -0.65
v -0.35 -0.05 -0.65
v -0.25 -0.05 -0.65
v -0.15 -0.05 -0.65
v -0.05 -0.05 -0.65
v -0.45 -0.05 -0.75
v -0.35 -0.05 -0.75
v -0.25 -0.05 -0.75
v -0.15 -0.05 -0.75
v -0.45 -0.05 -0.85
v -0.35 -0.05 -0.85
v -0.25 -0.05 -0.85
v -0.55 0.05 0.85
v -0.45 0.05 0.85
v -0.55 0.05 0.75
v -0.45 0.05 0.75
v -0.25 0.05 0.75
v -0.15 0.05 0.75
v -0.25 0.05 0.65
v -0.15 0.05 0.65
v -0.05 0.05 0.65
v -0.15 0.05 0.55
v -0.05 0.05 0.55
v 0.05 0.05 0.55
v -0.05 0.05 0.45
v 0.05 0.05 0.45
v 0.15 0.05 0.45
v 0.05 0.05 0.35
v 0.15 0.05 0.35
v 0.25 0.05 0.35
v 0.15 0.05 0.25
v 0.25 0.05 0.25
v 0.35 0.05 0.25
v 0.45 0.05 0.25
v 0.35 0.05 0.15
v 0.45 0.05 0.15
v 0.15 0.05 -0.15
v 0.25 0.05 -0.15
v 0.05 0.05 -0.25
v 0.15 0.05 -0.25
v 0.25 0.05 -0.25
v -0.05 0.05 -0.35
v 0.05 0.05 -0.35
v 0.15 0.05 -0.35
v -0.15 0.05 -0.45
v -0.05 0.05 -0.45
v 0.05 0.05 -0.45
v -0.25 0.05 -0.55
v -0.15 0.05 -0.55
v -0.05 0.05 -0.55
v -0.55 0.05 -0.65
v -0.45 0.05 -0.65
v -0.25 0.05 -0.65
v -0.15 0.05 -0.65
v -0.55 0.05 -0.75
v -0.45 0.05 -0.75
v -0.25 0.05 -0.75
v -0.15 0.05 -0.75
v -0.25 0.05 -0.85
v -0.15 0.05 -0.85
v -0.45 0.15 0.95
v -0.35 0.15 0.95
v -0.15 0.15 0.95
v -0.45 0.15 0.85
v -0.35 0.15 0.85
v -0.15 0.15 0.85
v -0.05 0.15 0.85
v -0.45 0.15 0.75
v -0.35 0.15 0.75
v -0.25 0.15 0.75
v -0.15 0.15 0.75
v -0.05 0.15 0.75
v 0.05 0.15 0.75
v -0.45 0.15 0.65
v -0.35 0.15 0.65
v -0.25 0.15 0.65
v -0.15 0.15 0.65
v -0.05 0.15 0.65
v 0.05 0.15 0.65
v 0.15 0.15 0.65
v -0.45 0.15 0.55
v -0.35 0.15 0.55
v -0.25 0.15 0.55
v -0.15 0.15 0.55
v -0.05 0.15 0.55
v 0.05 0.15 0.55
v 0.15 0.15 0.55
v 0.25 0.15 0.55
v -0.45 0.15 0.45
v -0.35 0.15 0.45
v -0.25 0.15 0.45
v -0.05 0.15 0.45
v 0.05 0.15 0.45
v 0.15 0.15 0.45
v 0.25 0.15 0.45
v 0.35 0.15 0.45
v -0.45 0.15 0.35
v -0.25 0.15 0.35
v -0.15 0.15 0.35
v -0.05 0.15 0.35
v 0.05 0.15 0.35
v 0.15 0.15 0.35
v 0.25 0.15 0.35
v 0.35 0.15 0.35
v -0.45 0.15 0.25
v -0.35 0.15 0.25
v -0.25 0.15 0.25
v -0.15 0.15 0.25
v 0.05 0.15 0.25
v 0.15 0.15 0.25
v 0.25 0.15 0.25
v 0.45 0.15 0.25
v 0.55 0.15 0.25
v -0.45 0.15 0.15
v -0.35 0.15 0.15
v -0.25 0.15 0.15
v -0.15 0.15 0.15
v -0.05 0.15 0.15
v 0.05 0.15 0.15
v 0.15 0.15 0.15
v 0.25 0.15 0.15
v 0.35 0.15 0.15
v 0.45 0.15 0.15
v 0.55 0.15 0.15
v -0.45 0.15 0.0500001
v -0.35 0.15 0.0500001
v -0.25 0.15 0.0500001
v -0.15 0.15 0.0500001
v -0.05 0.15 0.0500001
v 0.05 0.15 0.0500001
v 0.15 0.15 0.0500001
v 0.25 0.15 0.0500001
v 0.35 0.15 0.0500001
v 0.45 0.15 0.0500001
v 0.55 0.15 0.0500001
v -0.45 0.15 -0.05
v -0.35 0.15 -0.05
v -0.25 0.15 -0.05
v -0.15 0.15 -0.05
v -0.05 0.15 -0.05
v 0.05 0.15 -0.05
v 0.15 0.15 -0.05
v 0.25 0.15 -0.05
v 0.35 0.15 -0.05
v 0.45 0.15 -0.05
v 0.55 0.15 -0.05
v -0.45 0.15 -0.15
v -0.35 0.15 -0.15
v -0.25 0.15 -0.15
v -0.05 0.15 -0.15
v 0.05 0.15 -0.15
v 0.15 0.15 -0.15
v 0.25 0.15 -0.15
v 0.35 0.15 -0.15
v 0.45 0.15 -0.15
v -0.45 0.15 -0.25
v -0.35 0.15 -0.25
v -0.25 0.15 -0.25
v -0.05 0.15 -0.25
v 0.05 0.15 -0.25
v 0.15 0.15 -0.25
v 0.35 0.15 -0.25
v 0.45 0.15 -0.25
v -0.45 0.15 -0.35
v -0.35 0.15 -0.35
v -0.25 0.15 -0.35
v -0.15 0.15 -0.35
v -0.05 0.15 -0.35
v 0.05 0.15 -0.35
v 0.15 0.15 -0.35
v 0.25 0.15 -0.35
v 0.35 0.15 -0.35
v 0.45 0.15 -0.35
v -0.45 0.15 -0.45
v -0.35 0.15 -0.45
v -0.25 0.15 -0.45
v -0.15 0.15 -0.45
v -0.05 0.15 -0.45
v 0.15 0.15 -0.45
v 0.25 0.15 -0.45
v -0.45 0.15 -0.55
v -0.35 0.15 -0.55
v -0.25 0.15 -0.55
v -0.15 0.15 -0.55
v -0.05 0.15 -0.55
v 0.05 0.15 -0.55
v 0.15 0.15 -0.55
v 0.25 0.15 -0.55
v -0.45 0.15 -0.65
v -0.35 0.15 -0.65
v -0.25 0.15 -0.65
v -0.15 0.15 -0.65
v -0.05 0.15 -0.65
v 0.05 0.15 -0.65
v -0.45 0.15 -0.75
v -0.35 0.15 -0.75
v -0.25 0.15 -0.75
v -0.15 0.15 -0.75
v -0.05 0.15 -0.75
v -0.45 0.15 -0.85
v -0.25 0.15 -0.85
v -0.15 0.15 -0.85
v -0.05 0.15 -0.85
v -0.25 0.25 0.85
v -0.15 0.25 0.85
v -0.25 0.25 0.75
v -0.15 0.25 0.75
v -0.05 0.25 0.75
v -0.15 0.25 0.65
v -0.05 0.25 0.65
v 0.05 0.25 0.65
v 0.15 0.25 0.65
v 0.25 0.25 0.65
v -0.05 0.25 0.55
v 0.05 0.25 0.55
v 0.15 0.25 0.55
v 0.25 0.25 0.55
v 0.05 0.25 0.45
v 0.15 0.25 0.45
v 0.25 0.25 0.45
v 0.15 0.25 0.35
v 0.25 0.25 0.35
v 0.35 0.25 0.35
v 0.25 0.25 0.25
v 0.35 0.25 0.25
v 0.25 0.25 -0.15
v 0.35 0.25 -0.15
v 0.15 0.25 -0.25
v 0.25 0.25 -0.25
v 0.35 0.25 -0.25
v 0.05 0.25 -0.35
v 0.15 0.25 -0.35
v 0.25 0.25 -0.35
v -0.05 0.25 -0.45
v 0.05 0.25 -0.45
v 0.15 0.25 -0.45
v -0.15 0.25 -0.55
v -0.05 0.25 -0.55
v 0.05 0.25 -0.55
v -0.25 0.25 -0.65
v -0.15 0.25 -0.65
v -0.05 0.25 -0.65
v -0.25 0.25 -0.75
v -0.15 0.25 -0.75
v -0.05 0.35 0.55
v 0.05 0.35 0.55
v -0.05 0.35 0.45
v 0.05 0.35 0.45
v -0.25 0.35 -0.55
v -0.15 0.35 -0.55
v 0.05 0.35 -0.55
v 0.15 0.35 -0.55
v -0.25 0.35 -0.65
v -0.15 0.35 -0.65
v 0.05 0.35 -0.65
v 0.15 0.35 -0.65
v -0.55 0.45 0.25
v -0.45 0.45 0.25
v -0.55 0.45 0.15
v -0.45 0.45 0.15
v -0.55 0.55 0.75
v -0.45 0.55 0.75
v -0.55 0.55 0.65
v -0.45 0.55 0.65
v -0.55 0.65 0.35
v -0.45 0.65 0.35
v -0.55 0.65 0.25
v -0.45 0.65 0.25
v -0.55 -0.65 0.15
v -0.45 -0.65 0.15
v -0.55 -0.65 0.0500001
v -0.45 -0.65 0.0500001
v -0.55 -0.65 -0.05
v -0.45 -0.65 -0.05
v -0.55 -0.65 -0.65
v -0.45 -0.65 -0.65
v -0.55 -0.65 -0.75
v -0.45 -0.65 -0.75
v -0.45 -0.55 0.25
v -0.35 -0.55 0.25
v -0.45 -0.55 0.15
v -0.35 -0.55 0.15
v -0.25 -0.55 0.15
v -0.45 -0.55 0.0500001
v -0.35 -0.55 0.0500001
v -0.25 -0.55 0.0500001
v -0.45 -0.55 -0.05
v -0.35 -0.55 -0.05
v -0.25 -0.55 -0.05
v -0.45 -0.55 -0.15
v -0.35 -0.55 -0.15
v -0.55 -0.55 -0.55
v -0.45 -0.55 -0.55
v -0.55 -0.55 -0.65
v -0.45 -0.55 -0.65
v -0.45 -0.45 0.45
v -0.35 -0.45 0.45
v -0.35 -0.45 0.35
v -0.25 -0.45 0.35
v -0.45 -0.45 0.25
v -0.35 -0.45 0.25
v -0.25 -0.45 0.25
v -0.15 -0.45 0.25
v -0.35 -0.45 0.15
v -0.25 -0.45 0.15
v -0.15 -0.45 0.15
v -0.05 -0.45 0.15
v -0.25 -0.45 0.0500001
v -0.15 -0.45 0.0500001
v -0.05 -0.45 0.0500001
v -0.35 -0.45 -0.05
v -0.25 -0.45 -0.05
v -0.15 -0.45 -0.05
v -0.05 -0.45 -0.05
v -0.45 -0.45 -0.15
v -0.35 -0.45 -0.15
v -0.25 -0.45 -0.15
v -0.15 -0.45 -0.15
v -0.45 -0.45 -0.25
v -0.35 -0.45 -0.25
v -0.25 -0.45 -0.25
v -0.45 -0.45 -0.35
v -0.35 -0.45 -0.35
v -0.55 -0.45 -0.65
v -0.45 -0.45 -0.65
v -0.55 -0.45 -0.75
v -0.45 -0.45 -0.75
v -0.45 -0.35 0.55
v -0.35 -0.35 0.55
v -0.25 -0.35 0.55
v -0.45 -0.35 0.45
v -0.35 -0.35 0.45
v -0.25 -0.35 0.45
v -0.15 -0.35 0.45
v 0.25 -0.35 0.45
v 0.35 -0.35 0.45
v -0.35 -0.35 0.35
v -0.25 -0.35 0.35
v -0.15 -0.35 0.35
v -0.05 -0.35 0.35
v 0.25 -0.35 0.35
v 0.35 -0.35 0.35
v -0.25 -0.35 0.25
v -0.15 -0.35 0.25
v -0.05 -0.35 0.25
v 0.05 -0.35 0.25
v -0.15 -0.35 0.15
v -0.05 -0.35 0.15
v 0.05 -0.35 0.15
v -0.05 -0.35 0.0500001
v 0.05 -0.35 0.0500001
v -0.15 -0.35 -0.05
v -0.05 -0.35 -0.05
v 0.05 -0.35 -0.05
v -0.25 -0.35 -0.15
v -0.15 -0.35 -0.15
v -0.05 -0.35 -0.15
v 0.05 -0.35 -0.15
v -0.35 -0.35 -0.25
v -0.25 -0.35 -0.25
v -0.15 -0.35 -0.25
v -0.05 -0.35 -0.25
v -0.45 -0.35 -0.35
v -0.35 -0.35 -0.35
v -0.25 -0.35 -0.35
v -0.15 -0.35 -0.35
v -0.45 -0.35 -0.45
v -0.35 -0.35 -0.45
v -0.25 -0.35 -0.45
v -0.55 -0.35 -0.75
v -0.45 -0.35 -0.75
v -0.55 -0.35 -0.85
v -0.45 -0.35 -0.85
v -0.45 -0.25 0.65
v -0.35 -0.25 0.65
v -0.25 -0.25 0.65
v -0.15 -0.25 0.65
v -0.45 -0.25 0.55
v -0.35 -0.25 0.55
v -0.25 -0.25 0.55
v -0.15 -0.25 0.55
v -0.05 -0.25 0.55
v -0.25 -0.25 0.45
v -0.15 -0.25 0.45
v -0.05 -0.25 0.45
v 0.05 -0.25 0.45
v -0.15 -0.25 0.35
v -0.05 -0.25 0.35
v 0.05 -0.25 0.35
v 0.15 -0.25 0.35
v -0.05 -0.25 0.25
v 0.05 -0.25 0.25
v 0.15 -0.25 0.25
v 0.05 -0.25 0.15
v 0.15 -0.25 0.15
v 0.15 -0.25 0.0500001
v 0.05 -0.25 -0.05
v 0.15 -0.25 -0.05
v -0.05 -0.25 -0.15
v 0.05 -0.25 -0.15
v 0.15 -0.25 -0.15
v -0.15 -0.25 -0.25
v -0.05 -0.25 -0.25
v 0.05 -0.25 -0.25
v 0.15 -0.25 -0.25
v -0.25 -0.25 -0.35
v -0.15 -0.25 -0.35
v -0.05 -0.25 -0.35
v 0.05 -0.25 -0.35
v -0.45 -0.25 -0.45
v -0.35 -0.25 -0.45
v -0.25 -0.25 -0.45
v -0.15 -0.25 -0.45
v -0.05 -0.25 -0.45
v -0.45 -0.25 -0.55
v -0.35 -0.25 -0.55
v -0.25 -0.25 -0.55
v -0.15 -0.25 -0.55
v -0.55 -0.25 -0.85
v -0.45 -0.25 -0.85
v -0.55 -0.25 -0.95
v -0.45 -0.25 -0.95
v -0.55 -0.05 0.85
v -0.45 -0.05 0.85
v -0.55 -0.05 0.75
v -0.45 -0.05 0.75
v -0.35 -0.05 0.75
v -0.25 -0.05 0.75
v -0.15 -0.05 0.75
v -0.35 -0.05 0.65
v -0.25 -0.05 0.65
v -0.15 -0.05 0.65
v -0.05 -0.05 0.65
v -0.25 -0.05 0.55
v -0.15 -0.05 0.55
v -0.05 -0.05 0.55
v 0.05 -0.05 0.55
v -0.15 -0.05 0.45
v -0.05 -0.05 0.45
v 0.05 -0.05 0.45
v 0.15 -0.05 0.45
v -0.05 -0.05 0.35
v 0.05 -0.05 0.35
v 0.15 -0.05 0.35
v 0.25 -0.05 0.35
v 0.05 -0.05 0.25
v 0.15 -0.05 0.25
v 0.25 -0.05 0.25
v 0.25 -0.05 0.15
v 0.15 -0.05 0.0500001
v 0.25 -0.05 0.0500001
v 0.15 -0.05 -0.05
v 0.25 -0.05 -0.05
v 0.05 -0.05 -0.15
v 0.15 -0.05 -0.15
v 0.25 -0.05 -0.15
v -0.05 -0.05 -0.25
v 0.05 -0.05 -0.25
v 0.15 -0.05 -0.25
v 0.25 -0.05 -0.25
v -0.15 -0.05 -0.35
v -0.05 -0.05 -0.35
v 0.05 -0.05 -0.35
v 0.15 -0.05 -0.35
v -0.25 -0.05 -0.45
v -0.15 -0.05 -0.45
v -0.05 -0.05 -0.45
v 0.05 -0.05 -0.45
v -0.35 -0.05 -0.55
v -0.25 -0.05 -0.55
v -0.15 -0.05 -0.55
v -0.05 -0.05 -0.55
v -0.55 -0.05 -0.65
v -0.45 -0.05 -0.65
v -0.35 -0.05 -0.65
v -0.25 -0.05 -0.65
v -0.15 -0.05 -0.65
v -0.55 -0.05 -0.75
v -0.45 -0.05 -0.75
v -0.45 0.05 0.75
v -0.35 0.05 0.75
v -0.45 0.05 0.65
v -0.35 0.05 0.65
v 0.35 0.05 -0.05
v 0.45 0.05 -0.05
v 0.35 0.05 -0.15
v 0.45 0.05 -0.15
v -0.45 0.05 -0.55
v -0.35 0.05 -0.55
v -0.45 0.05 -0.65
v -0.35 0.05 -0.65
v -0.45 0.05 -0.75
v -0.35 0.05 -0.75
v -0.25 0.05 -0.75
v -0.45 0.05 -0.85
v -0.35 0.05 -0.85
v -0.25 0.05 -0.85
v -0.25 0.15 0.85
v -0.15 0.15 0.85
v -0.25 0.15 0.75
v -0.15 0.15 0.75
v -0.05 0.15 0.75
v -0.15 0.15 0.65
v -0.05 0.15 0.65
v 0.05 0.15 0.65
v -0.05 0.15 0.55
v 0.05 0.15 0.55
v 0.15 0.15 0.55
v 0.05 0.15 0.45
v 0.15 0.15 0.45
v 0.25 0.15 0.45
v 0.15 0.15 0.35
v 0.25 0.15 0.35
v 0.35 0.15 0.35
v 0.25 0.15 0.25
v 0.35 0.15 0.25
v 0.25 0.15 -0.15
v 0.35 0.15 -0.15
v 0.15 0.15 -0.25
v 0.25 0.15 -0.25
v 0.35 0.15 -0.25
v 0.05 0.15 -0.35
v 0.15 0.15 -0.35
v 0.25 0.15 -0.35
v -0.05 0.15 -0.45
v 0.05 0.15 -0.45
v 0.15 0.15 -0.45
v -0.15 0.15 -0.55
v -0.05 0.15 -0.55
v 0.05 0.15 -0.55
v -0.25 0.15 -0.65
v -0.15 0.15 -0.65
v -0.05 0.15 -0.65
v -0.25 0.15 -0.75
v -0.15 0.15 -0.75
v -0.55 0.25 0.85
v -0.45 0.25 0.85
v -0.35 0.25 0.85
v -0.25 0.25 0.85
v -0.55 0.25 0.75
v -0.45 0.25 0.75
v -0.35 0.25 0.75
v -0.25 0.25 0.75
v -0.55 0.25 0.65
v -0.45 0.25 0.65
v -0.25 0.25 0.65
v -0.15 0.25 0.65
v -0.05 0.25 0.65
v -0.55 0.25 0.55
v -0.45 0.25 0.55
v -0.25 0.25 0.55
v -0.15 0.25 0.55
v -0.05 0.25 0.55
v 0.05 0.25 0.55
v -0.55 0.25 0.45
v -0.45 0.25 0.45
v -0.25 0.25 0.45
v -0.15 0.25 0.45
v 0.05 0.25 0.45
v 0.15 0.25 0.45
v -0.55 0.25 0.35
v -0.45 0.25 0.35
v -0.05 0.25 0.35
v 0.05 0.25 0.35
v 0.15 0.25 0.35
v -0.55 0.25 0.25
v -0.45 0.25 0.25
v 0.15 0.25 0.25
v 0.25 0.25 0.25
v 0.35 0.25 0.25
v -0.35 0.25 0.15
v -0.25 0.25 0.15
v -0.15 0.25 0.15
v -0.05 0.25 0.15
v 0.15 0.25 0.15
v 0.25 0.25 0.15
v 0.35 0.25 0.15
v -0.35 0.25 0.0500001
v -0.25 0.25 0.0500001
v -0.15 0.25 0.0500001
v -0.05 0.25 0.0500001
v 0.25 0.25 0.0500001
v 0.35 0.25 0.0500001
v 0.15 0.25 -0.05
v 0.25 0.25 -0.05
v 0.35 0.25 -0.05
v -0.15 0.25 -0.15
v -0.05 0.25 -0.15
v 0.15 0.25 -0.15
v 0.25 0.25 -0.15
v 0.35 0.25 -0.15
v -0.15 0.25 -0.25
v -0.05 0.25 -0.25
v 0.05 0.25 -0.25
v 0.15 0.25 -0.25
v -0.15 0.25 -0.35
v -0.05 0.25 -0.35
v 0.05 0.25 -0.35
v 0.15 0.25 -0.35
v -0.55 0.25 -0.45
v -0.45 0.25 -0.45
v -0.25 0.25 -0.45
v -0.15 0.25 -0.45
v -0.05 0.25 -0.45
v 0.05 0.25 -0.45
v -0.45 0.25 -0.55
v -0.25 0.25 -0.55
v -0.15 0.25 -0.55
v -0.55 0.25 -0.65
v -0.45 0.25 -0.65
v -0.35 0.25 -0.65
v -0.25 0.25 -0.65
v -0.15 0.25 -0.65
v -0.55 0.25 -0.75
v -0.45 0.25 -0.75
v -0.35 0.25 -0.75
v -0.25 0.25 -0.75
v -0.55 0.35 0.95
v -0.45 0.35 0.95
v -0.15 0.35 0.95
v -0.05 0.35 0.95
v -0.55 0.35 0.85
v -0.45 0.35 0.85
v -0.25 0.35 0.85
v -0.15 0.35 0.85
v -0.05 0.35 0.85
v -0.45 0.35 0.75
v -0.35 0.35 0.75
v -0.25 0.35 0.75
v -0.15 0.35 0.75
v -0.05 0.35 0.75
v 0.05 0.35 0.75
v -0.45 0.35 0.65
v -0.35 0.35 0.65
v -0.25 0.35 0.65
v -0.05 0.35 0.65
v 0.05 0.35 0.65
v 0.15 0.35 0.65
v 0.25 0.35 0.65
v -0.45 0.35 0.55
v -0.35 0.35 0.55
v -0.25 0.35 0.55
v -0.15 0.35 0.55
v -0.05 0.35 0.55
v 0.05 0.35 0.55
v 0.15 0.35 0.55
v 0.25 0.35 0.55
v -0.45 0.35 0.45
v -0.35 0.35 0.45
v -0.25 0.35 0.45
v -0.15 0.35 0.45
v -0.05 0.35 0.45
v 0.15 0.35 0.45
v 0.25 0.35 0.45
v 0.35 0.35 0.45
v -0.35 0.35 0.35
v -0.25 0.35 0.35
v -0.15 0.35 0.35
v -0.05 0.35 0.35
v 0.05 0.35 0.35
v 0.15 0.35 0.35
v 0.25 0.35 0.35
v 0.35 0.35 0.35
v -0.55 0.35 0.25
v -0.45 0.35 0.25
v -0.25 0.35 0.25
v -0.15 0.35 0.25
v -0.05 0.35 0.25
v 0.05 0.35 0.25
v 0.15 0.35 0.25
v 0.25 0.35 0.25
v 0.35 0.35 0.25
v 0.45 0.35 0.25
v 0.55 0.35 0.25
v -0.55 0.35 0.15
v -0.45 0.35 0.15
v -0.25 0.35 0.15
v -0.15 0.35 0.15
v -0.05 0.35 0.15
v 0.05 0.35 0.15
v 0.15 0.35 0.15
v 0.25 0.35 0.15
v 0.35 0.35 0.15
v 0.45 0.35 0.15
v 0.55 0.35 0.15
v -0.45 0.35 0.0500001
v -0.35 0.35 0.0500001
v -0.25 0.35 0.0500001
v -0.15 0.35 0.0500001
v 0.05 0.35 0.0500001
v 0.15 0.35 0.0500001
v 0.25 0.35 0.0500001
v 0.35 0.35 0.0500001
v 0.45 0.35 0.0500001
v 0.55 0.35 0.0500001
v -0.45 0.35 -0.05
v -0.35 0.35 -0.05
v -0.25 0.35 -0.05
v -0.15 0.35 -0.05
v -0.05 0.35 -0.05
v 0.05 0.35 -0.05
v 0.15 0.35 -0.05
v 0.35 0.35 -0.05
v 0.45 0.35 -0.05
v 0.55 0.35 -0.05
v -0.55 0.35 -0.15
v -0.45 0.35 -0.15
v -0.15 0.35 -0.15
v -0.05 0.35 -0.15
v 0.05 0.35 -0.15
v 0.15 0.35 -0.15
v 0.25 0.35 -0.15
v 0.35 0.35 -0.15
v 0.45 0.35 -0.15
v -0.55 0.35 -0.25
v -0.45 0.35 -0.25
v -0.35 0.35 -0.25
v -0.25 0.35 -0.25
v -0.15 0.35 -0.25
v -0.05 0.35 -0.25
v 0.05 0.35 -0.25
v 0.15 0.35 -0.25
v 0.25 0.35 -0.25
v 0.35 0.35 -0.25
v 0.45 0.35 -0.25
v -0.45 0.35 -0.35
v -0.35 0.35 -0.35
v -0.25 0.35 -0.35
v -0.15 0.35 -0.35
v -0.05 0.35 -0.35
v 0.15 0.35 -0.35
v 0.25 0.35 -0.35
v 0.35 0.35 -0.35
v 0.45 0.35 -0.35
v -0.45 0.35 -0.45
v -0.35 0.35 -0.45
v -0.25 0.35 -0.45
v -0.15 0.35 -0.45
v -0.05 0.35 -0.45
v 0.15 0.35 -0.45
v 0.25 0.35 -0.45
v -0.45 0.35 -0.55
v -0.35 0.35 -0.55
v -0.25 0.35 -0.55
v -0.15 0.35 -0.55
v -0.05 0.35 -0.55
v 0.05 0.35 -0.55
v -0.45 0.35 -0.65
v -0.35 0.35 -0.65
v -0.15 0.35 -0.65
v -0.05 0.35 -0.65
v 0.05 0.35 -0.65
v -0.55 0.35 -0.75
v -0.35 0.35 -0.75
v -0.25 0.35 -0.75
v -0.15 0.35 -0.75
v -0.05 0.35 -0.75
v -0.55 0.35 -0.85
v -0.35 0.35 -0.85
v -0.25 0.35 -0.85
v -0.15 0.35 -0.85
v -0.05 0.35 -0.85
v -0.15 0.45 0.85
v -0.05 0.45 0.85
v -0.25 0.45 0.75
v -0.15 0.45 0.75
v -0.05 0.45 0.75
v -0.25 0.45 0.65
v -0.15 0.45 0.65
v -0.05 0.45 0.65
v 0.05 0.45 0.65
v 0.15 0.45 0.65
v -0.05 0.45 0.55
v 0.05 0.45 0.55
v 0.15 0.45 0.55
v -0.45 0.45 0.45
v -0.35 0.45 0.45
v -0.05 0.45 0.45
v 0.15 0.45 0.45
v -0.45 0.45 0.35
v -0.35 0.45 0.35
v -0.25 0.45 0.35
v 0.25 0.45 0.35
v 0.35 0.45 0.35
v 0.45 0.45 0.35
v -0.45 0.45 0.25
v -0.25 0.45 0.25
v -0.05 0.45 0.25
v 0.05 0.45 0.25
v 0.25 0.45 0.25
v 0.35 0.45 0.25
v 0.45 0.45 0.25
v -0.55 0.45 0.15
v -0.45 0.45 0.15
v -0.35 0.45 0.15
v -0.25 0.45 0.15
v -0.45 0.45 0.0500001
v -0.35 0.45 0.0500001
v -0.25 0.45 0.0500001
v -0.15 0.45 0.0500001
v -0.05 0.45 0.0500001
v 0.05 0.45 0.0500001
v 0.35 0.45 0.0500001
v 0.45 0.45 0.0500001
v -0.55 0.45 -0.05
v -0.45 0.45 -0.05
v -0.35 0.45 -0.05
v -0.25 0.45 -0.05
v -0.15 0.45 -0.05
v -0.05 0.45 -0.05
v 0.05 0.45 -0.05
v 0.35 0.45 -0.05
v 0.45 0.45 -0.05
v -0.25 0.45 -0.15
v -0.15 0.45 -0.15
v 0.25 0.45 -0.15
v 0.35 0.45 -0.15
v -0.45 0.45 -0.25
v -0.35 0.45 -0.25
v -0.25 0.45 -0.25
v -0.15 0.45 -0.25
v -0.45 0.45 -0.35
v -0.35 0.45 -0.35
v -0.25 0.45 -0.35
v 0.05 0.45 -0.35
v 0.15 0.45 -0.35
v 0.25 0.45 -0.35
v 0.35 0.45 -0.35
v -0.05 0.45 -0.45
v 0.05 0.45 -0.45
v 0.15 0.45 -0.45
v 0.25 0.45 -0.45
v -0.35 0.45 -0.55
v -0.15 0.45 -0.55
v -0.05 0.45 -0.55
v 0.05 0.45 -0.55
v 0.15 0.45 -0.55
v 0.25 0.45 -0.55
v -0.35 0.45 -0.65
v -0.25 0.45 -0.65
v -0.15 0.45 -0.65
v -0.05 0.45 -0.65
v 0.05 0.45 -0.65
v 0.15 0.45 -0.65
v -0.25 0.45 -0.75
v -0.15 0.45 -0.75
v -0.05 0.45 -0.75
v -0.25 0.45 -0.85
v -0.15 0.45 -0.85
v -0.55 0.55 -0.25
v -0.45 0.55 -0.25
v -0.55 0.55 -0.35
v -0.45 0.55 -0.35
v -0.55 0.65 0.75
v -0.45 0.65 0.75
v -0.55 0.65 0.65
v -0.45 0.65 0.65
v -0.55 0.65 0.55
v -0.45 0.65 0.55
v -0.55 0.65 -0.05
v -0.45 0.65 -0.05
v -0.05 0.65 -0.05
v 0.05 0.65 -0.05
v -0.55 0.65 -0.15
v -0.45 0.65 -0.15
v -0.05 0.65 -0.15
v 0.05 0.65 -0.15
v -0.55 0.65 -0.35
v -0.45 0.65 -0.35
v -0.55 0.65 -0.45
v -0.45 0.65 -0.45
v -0.55 0.75 0.35
v -0.45 0.75 0.35
v -0.55 0.75 0.25
v -0.45 0.75 0.25
v -0.55 0.85 0.25
v -0.45 0.85 0.25
v -0.55 0.85 0.15
v -0.45 0.85 0.15

# faces
f 5/1/1 2/1/1 1/1/1
f 6/3/1 3/3/1 2/3/1
f 6/1/1 2/1/1 5/1/1
f 7/3/1 3/3/1 6/3/1
f 12/1/1 5/1/1 4/1/1
f 13/3/1 6/3/1 5/3/1
f 13/1/1 5/1/1 12/1/1
f 14/4/1 7/4/1 6/4/1
f 14/3/1 6/3/1 13/3/1
f 14/4/1 8/4/1 7/4/1
f 15/4/1 8/4/1 14/4/1
f 16/4/1 8/4/1 15/4/1
f 19/11/1 10/11/1 9/11/1
f 20/11/1 10/11/1 19/11/1
f 22/3/1 12/3/1 11/3/1
f 23/4/1 13/4/1 12/4/1
f 23/3/1 12/3/1 22/3/1
f 24/4/1 13/4/1 23/4/1
f 26/2/1 16/2/1 15/2/1
f 27/1/1 17/1/1 16/1/1
f 27/2/1 16/2/1 26/2/1
f 28/1/1 17/1/1 27/1/1
f 30/9/1 19/9/1 18/9/1
f 31/9/1 19/9/1 30/9/1
f 34/1/1 22/1/1 21/1/1
f 35/5/1 23/5/1 22/5/1
f 35/5/1 24/5/1 23/5/1
f 35/1/1 22/1/1 34/1/1
f 36/5/1 24/5/1 35/5/1
f 37/8/1 25/8/1 24/8/1
f 37/5/1 24/5/1 36/5/1
f 38/5/1 26/5/1 25/5/1
f 38/8/1 25/8/1 37/8/1
f 39/6/1 27/6/1 26/6/1
f 39/5/1 26/5/1 38/5/1
f 40/8/1 28/8/1 27/8/1
f 40/6/1 27/6/1 39/6/1
f 41/1/1 29/1/1 28/1/1
f 41/8/1 28/8/1 40/8/1
f 42/1/1 29/1/1 41/1/1
f 44/9/1 32/9/1 31/9/1
f 45/9/1 32/9/1 44/9/1
f 48/3/1 34/3/1 33/3/1
f 49/6/1 36/6/1 35/6/1
f 49/6/1 35/6/1 34/6/1
f 49/3/1 34/3/1 48/3/1
f 50/7/1 37/7/1 36/7/1
f 50/6/1 36/6/1 49/6/1
f 50/7/1 38/7/1 37/7/1
f 51/7/1 38/7/1 50/7/1
f 52/5/1 40/5/1 39/5/1
f 52/6/1 39/6/1 38/6/1
f 53/8/1 41/8/1 40/8/1
f 53/5/1 40/5/1 52/5/1
f 54/5/1 42/5/1 41/5/1
f 54/8/1 41/8/1 53/8/1
f 55/2/1 43/2/1 42/2/1
f 55/5/1 42/5/1 54/5/1
f 56/2/1 43/2/1 55/2/1
f 58/10/1 46/10/1 45/10/1
f 59/10/1 46/10/1 58/10/1
f 62/2/1 48/2/1 47/2/1
f 63/8/1 49/8/1 48/8/1
f 63/2/1 48/2/1 62/2/1
f 64/5/1 50/5/1 49/5/1
f 64/8/1 49/8/1 63/8/1
f 65/5/1 50/5/1 64/5/1
f 66/6/1 51/6/1 50/6/1
f 66/5/1 50/5/1 65/5/1
f 67/7/1 38/7/1 51/7/1
f 67/6/1 51/6/1 66/6/1
f 68/7/1 53/7/1 52/7/1
f 68/6/1 52/6/1 38/6/1
f 69/8/1 54/8/1 53/8/1
f 69/7/1 53/7/1 68/7/1
f 70/7/1 55/7/1 54/7/1
f 70/8/1 54/8/1 69/8/1
f 71/8/1 56/8/1 55/8/1
f 71/7/1 55/7/1 70/7/1
f 72/4/1 57/4/1 56/4/1
f 72/8/1 56/8/1 71/8/1
f 73/4/1 57/4/1 72/4/1
f 76/11/1 60/11/1 59/11/1
f 77/11/1 60/11/1 76/11/1
f 79/1/1 62/1/1 61/1/1
f 80/5/1 63/5/1 62/5/1
f 80/1/1 62/1/1 79/1/1
f 81/5/1 65/5/1 64/5/1
f 81/7/1 64/7/1 63/7/1
f 82/7/1 66/7/1 65/7/1
f 82/5/1 65/5/1 81/5/1
f 82/7/1 67/7/1 66/7/1
f 83/7/1 67/7/1 82/7/1
f 84/7/1 38/7/1 67/7/1
f 84/7/1 67/7/1 83/7/1
f 85/6/1 68/6/1 38/6/1
f 85/7/1 38/7/1 84/7/1
f 86/5/1 69/5/1 68/5/1
f 86/6/1 68/6/1 85/6/1
f 87/6/1 70/6/1 69/6/1
f 87/5/1 69/5/1 86/5/1
f 88/8/1 71/8/1 70/8/1
f 88/6/1 70/6/1 87/6/1
f 88/8/1 72/8/1 71/8/1
f 89/8/1 72/8/1 88/8/1
f 90/7/1 73/7/1 72/7/1
f 90/8/1 72/8/1 89/8/1
f 91/3/1 74/3/1 73/3/1
f 91/7/1 73/7/1 90/7/1
f 92/3/1 74/3/1 91/3/1
f 93/11/1 76/11/1 75/11/1
f 94/11/1 76/11/1 93/11/1
f 96/3/1 79/3/1 78/3/1
f 97/6/1 80/6/1 79/6/1
f 97/3/1 79/3/1 96/3/1
f 98/5/1 63/5/1 80/5/1
f 98/6/1 80/6/1 97/6/1
f 99/7/1 81/7/1 63/7/1
f 99/5/1 63/5/1 98/5/1
f 99/7/1 82/7/1 81/7/1
f 100/7/1 82/7/1 99/7/1
f 101/8/1 83/8/1 82/8/1
f 101/7/1 82/7/1 100/7/1
f 102/6/1 84/6/1 83/6/1
f 102/8/1 83/8/1 101/8/1
f 103/8/1 85/8/1 84/8/1
f 103/6/1 84/6/1 102/6/1
f 104/6/1 87/6/1 86/6/1
f 104/8/1 85/8/1 103/8/1
f 104/6/1 86/6/1 85/6/1
f 105/6/1 87/6/1 104/6/1
f 106/8/1 88/8/1 87/8/1
f 106/6/1 87/6/1 105/6/1
f 107/6/1 89/6/1 88/6/1
f 107/8/1 88/8/1 106/8/1
f 108/8/1 90/8/1 89/8/1
f 108/6/1 89/6/1 107/6/1
f 109/6/1 92/6/1 91/6/1
f 109/8/1 90/8/1 108/8/1
f 109/6/1 91/6/1 90/6/1
f 110/6/1 92/6/1 109/6/1
f 111/2/1 93/2/1 92/2/1
f 111/6/1 92/6/1 110/6/1
f 112/10/1 94/10/1 93/10/1
f 112/2/1 93/2/1 111/2/1
f 113/10/1 94/10/1 112/10/1
f 114/4/1 96/4/1 95/4/1
f 115/4/1 96/4/1 114/4/1
f 116/6/1 98/6/1 97/6/1
f 116/6/1 100/6/1 99/6/1
f 116/6/1 99/6/1 98/6/1
f 117/6/1 100/6/1 116/6/1
f 118/8/1 101/8/1 100/8/1
f 118/6/1 100/6/1 117/6/1
f 118/8/1 102/8/1 101/8/1
f 119/8/1 102/8/1 118/8/1
f 120/5/1 103/5/1 102/5/1
f 120/8/1 102/8/1 119/8/1
f 121/8/1 104/8/1 103/8/1
f 121/5/1 103/5/1 120/5/1
f 122/7/1 105/7/1 104/7/1
f 122/8/1 104/8/1 121/8/1
f 123/6/1 106/6/1 105/6/1
f 123/7/1 105/7/1 122/7/1
f 124/7/1 107/7/1 106/7/1
f 124/6/1 106/6/1 123/6/1
f 125/6/1 108/6/1 107/6/1
f 125/7/1 107/7/1 124/7/1
f 126/7/1 109/7/1 108/7/1
f 126/6/1 108/6/1 125/6/1
f 127/6/1 110/6/1 109/6/1
f 127/7/1 109/7/1 126/7/1
f 128/8/1 111/8/1 110/8/1
f 128/6/1 110/6/1 127/6/1
f 129/8/1 111/8/1 128/8/1
f 130/4/1 113/4/1 112/4/1
f 131/4/1 113/4/1 130/4/1
f 132/8/1 117/8/1 116/8/1
f 132/3/1 115/3/1 114/3/1
f 132/8/1 116/8/1 115/8/1
f 133/8/1 117/8/1 132/8/1
f 134/8/1 117/8/1 133/8/1
f 135/7/1 118/7/1 117/7/1
f 135/8/1 117/8/1 134/8/1
f 136/8/1 119/8/1 118/8/1
f 136/7/1 118/7/1 135/7/1
f 137/6/1 120/6/1 119/6/1
f 137/8/1 119/8/1 136/8/1
f 138/8/1 121/8/1 120/8/1
f 138/6/1 120/6/1 137/6/1
f 139/6/1 122/6/1 121/6/1
f 139/8/1 121/8/1 138/8/1
f 140/8/1 123/8/1 122/8/1
f 140/6/1 122/6/1 139/6/1
f 141/7/1 124/7/1 123/7/1
f 141/8/1 123/8/1 140/8/1
f 142/6/1 125/6/1 124/6/1
f 142/7/1 124/7/1 141/7/1
f 143/8/1 126/8/1 125/8/1
f 143/6/1 125/6/1 142/6/1
f 144/5/1 127/5/1 126/5/1
f 144/8/1 126/8/1 143/8/1
f 144/5/1 128/5/1 127/5/1
f 145/5/1 128/5/1 144/5/1
f 146/8/1 129/8/1 128/8/1
f 146/5/1 128/5/1 145/5/1
f 147/7/1 130/7/1 129/7/1
f 147/8/1 129/8/1 146/8/1
f 148/1/1 131/1/1 130/1/1
f 148/7/1 130/7/1 147/7/1
f 149/1/1 131/1/1 148/1/1
f 150/3/1 132/3/1 114/3/1
f 151/5/1 133/5/1 132/5/1
f 151/3/1 132/3/1 150/3/1
f 152/7/1 134/7/1 133/7/1
f 152/5/1 133/5/1 151/5/1
f 153/6/1 135/6/1 134/6/1
f 153/7/1 134/7/1 152/7/1
f 153/6/1 136/6/1 135/6/1
f 154/6/1 136/6/1 153/6/1
f 155/8/1 137/8/1 136/8/1
f 155/6/1 136/6/1 154/6/1
f 156/5/1 138/5/1 137/5/1
f 156/8/1 137/8/1 155/8/1
f 157/6/1 139/6/1 138/6/1
f 157/5/1 138/5/1 156/5/1
f 158/7/1 141/7/1 140/7/1
f 158/6/1 139/6/1 157/6/1
f 158/7/1 140/7/1 139/7/1
f 159/8/1 142/8/1 141/8/1
f 159/7/1 141/7/1 158/7/1
f 160/6/1 143/6/1 142/6/1
f 160/8/1 142/8/1 159/8/1
f 161/5/1 145/5/1 144/5/1
f 161/6/1 143/6/1 160/6/1
f 161/5/1 144/5/1 143/5/1
f 162/8/1 147/8/1 146/8/1
f 162/5/1 145/5/1 161/5/1
f 162/8/1 146/8/1 145/8/1
f 163/6/1 148/6/1 147/6/1
f 163/8/1 147/8/1 162/8/1
f 164/2/1 149/2/1 148/2/1
f 164/6/1 148/6/1 163/6/1
f 165/2/1 149/2/1 164/2/1
f 166/4/1 151/4/1 150/4/1
f 167/4/1 151/4/1 166/4/1
f 168/9/1 158/9/1 157/9/1
f 169/10/1 159/10/1 158/10/1
f 169/9/1 158/9/1 168/9/1
f 170/11/1 160/11/1 159/11/1
f 170/10/1 159/10/1 169/10/1
f 171/10/1 161/10/1 160/10/1
f 171/11/1 160/11/1 170/11/1
f 171/10/1 162/10/1 161/10/1
f 172/10/1 162/10/1 171/10/1
f 173/10/1 162/10/1 172/10/1
f 174/4/1 165/4/1 164/4/1
f 175/4/1 165/4/1 174/4/1
f 176/9/1 154/9/1 153/9/1
f 177/9/1 154/9/1 176/9/1
f 179/10/1 170/10/1 169/10/1
f 179/10/1 171/10/1 170/10/1
f 180/10/1 171/10/1 179/10/1
f 181/11/1 173/11/1 172/11/1
f 182/10/1 162/10/1 173/10/1
f 182/11/1 173/11/1 181/11/1
f 183/10/1 162/10/1 182/10/1
f 185/11/1 177/11/1 176/11/1
f 186/11/1 177/11/1 185/11/1
f 187/10/1 179/10/1 178/10/1
f 188/10/1 179/10/1 187/10/1
f 189/10/1 171/10/1 180/10/1
f 190/10/1 171/10/1 189/10/1
f 191/9/1 182/9/1 181/9/1
f 192/11/1 183/11/1 182/11/1
f 192/9/1 182/9/1 191/9/1
f 193/11/1 183/11/1 192/11/1
f 194/9/1 185/9/1 184/9/1
f 195/10/1 186/10/1 185/10/1
f 195/9/1 185/9/1 194/9/1
f 196/10/1 186/10/1 195/10/1
f 198/11/1 188/11/1 187/11/1
f 199/11/1 188/11/1 198/11/1
f 200/11/1 190/11/1 189/11/1
f 201/11/1 190/11/1 200/11/1
f 202/10/1 193/10/1 192/10/1
f 203/10/1 193/10/1 202/10/1
f 204/11/1 198/11/1 197/11/1
f 205/10/1 199/10/1 198/10/1
f 205/11/1 198/11/1 204/11/1
f 206/10/1 199/10/1 205/10/1
f 207/11/1 206/11/1 205/11/1
f 208/11/1 206/11/1 207/11/1
f 212/2/1 210/2/1 209/2/1
f 213/1/1 211/1/1 210/1/1
f 213/2/1 210/2/1 212/2/1
f 214/1/1 211/1/1 213/1/1
f 219/2/1 216/2/1 215/2/1
f 220/2/1 216/2/1 219/2/1
f 221/4/1 218/4/1 217/4/1
f 222/4/1 218/4/1 221/4/1
f 232/11/1 224/11/1 223/11/1
f 233/11/1 224/11/1 232/11/1
f 234/11/1 226/11/1 225/11/1
f 235/10/1 227/10/1 226/10/1
f 235/11/1 226/11/1 234/11/1
f 236/11/1 228/11/1 227/11/1
f 238/10/1 230/10/1 229/10/1
f 239/9/1 231/9/1 230/9/1
f 239/10/1 230/10/1 238/10/1
f 240/9/1 231/9/1 239/9/1
f 241/10/1 227/10/1 235/10/1
f 242/11/1 236/11/1 227/11/1
f 242/10/1 227/10/1 241/10/1
f 243/10/1 237/10/1 236/10/1
f 243/11/1 236/11/1 242/11/1
f 244/10/1 237/10/1 243/10/1
f 251/2/1 246/2/1 245/2/1
f 252/2/1 246/2/1 251/2/1
f 253/3/1 248/3/1 247/3/1
f 254/3/1 248/3/1 253/3/1
f 257/1/1 250/1/1 249/1/1
f 258/1/1 250/1/1 257/1/1
f 259/2/1 256/2/1 255/2/1
f 260/2/1 256/2/1 259/2/1
f 265/11/1 262/11/1 261/11/1
f 266/11/1 262/11/1 265/11/1
f 267/11/1 264/11/1 263/11/1
f 268/11/1 264/11/1 267/11/1
f 274/4/1 270/4/1 269/4/1
f 275/1/1 271/1/1 270/1/1
f 275/4/1 270/4/1 274/4/1
f 276/1/1 271/1/1 275/1/1
f 281/1/1 273/1/1 272/1/1
f 282/1/1 273/1/1 281/1/1
f 283/2/1 278/2/1 277/2/1
f 284/2/1 278/2/1 283/2/1
f 287/3/1 280/3/1 279/3/1
f 288/3/1 280/3/1 287/3/1
f 289/1/1 286/1/1 285/1/1
f 290/1/1 286/1/1 289/1/1
f 295/4/1 292/4/1 291/4/1
f 296/4/1 292/4/1 295/4/1
f 297/2/1 294/2/1 293/2/1
f 298/2/1 294/2/1 297/2/1
f 305/4/1 300/4/1 299/4/1
f 306/4/1 300/4/1 305/4/1
f 307/1/1 302/1/1 301/1/1
f 308/1/1 302/1/1 307/1/1
f 309/9/1 304/9/1 303/9/1
f 310/9/1 304/9/1 309/9/1
f 317/4/1 312/4/1 311/4/1
f 318/4/1 312/4/1 317/4/1
f 320/9/1 314/9/1 313/9/1
f 321/9/1 314/9/1 320/9/1
f 323/2/1 316/2/1 315/2/1
f 324/2/1 316/2/1 323/2/1
f 326/9/1 319/9/1 318/9/1
f 327/9/1 319/9/1 326/9/1
f 328/9/1 322/9/1 321/9/1
f 329/9/1 322/9/1 328/9/1
f 330/11/1 324/11/1 323/11/1
f 331/10/1 325/10/1 324/10/1
f 331/11/1 324/11/1 330/11/1
f 332/10/1 325/10/1 331/10/1
f 335/11/1 334/11/1 333/11/1
f 336/11/1 334/11/1 335/11/1
f 337/9/1 336/9/1 335/9/1
f 338/9/1 336/9/1 337/9/1
f 339/10/1 338/10/1 337/10/1
f 340/10/1 338/10/1 339/10/1
f 345/11/1 340/11/1 339/11/1
f 346/11/1 340/11/1 345/11/1
f 349/4/1 342/4/1 341/4/1
f 350/4/1 342/4/1 349/4/1
f 351/1/1 344/1/1 343/1/1
f 352/1/1 344/1/1 351/1/1
f 357/1/1 348/1/1 347/1/1
f 358/1/1 348/1/1 357/1/1
f 359/2/1 354/2/1 353/2/1
f 360/2/1 354/2/1 359/2/1
f 363/10/1 346/10/1 345/10/1
f 364/10/1 346/10/1 363/10/1
f 365/2/1 356/2/1 355/2/1
f 366/2/1 356/2/1 365/2/1
f 369/4/1 362/4/1 361/4/1
f 370/4/1 362/4/1 369/4/1
f 371/11/1 364/11/1 363/11/1
f 372/11/1 364/11/1 371/11/1
f 375/1/1 367/1/1 366/1/1
f 376/1/1 367/1/1 375/1/1
f 377/2/1 369/2/1 368/2/1
f 378/2/1 369/2/1 377/2/1
f 381/10/1 372/10/1 371/10/1
f 382/10/1 372/10/1 381/10/1
f 383/4/1 374/4/1 373/4/1
f 384/4/1 374/4/1 383/4/1
f 387/2/1 380/2/1 379/2/1
f 388/2/1 380/2/1 387/2/1
f 389/9/1 382/9/1 381/9/1
f 390/9/1 382/9/1 389/9/1
f 392/2/1 385/2/1 384/2/1
f 393/2/1 385/2/1 392/2/1
f 394/4/1 387/4/1 386/4/1
f 395/4/1 387/4/1 394/4/1
f 398/3/1 391/3/1 390/3/1
f 399/3/1 391/3/1 398/3/1
f 404/4/1 397/4/1 396/4/1
f 405/4/1 397/4/1 404/4/1
f 408/11/1 401/11/1 400/11/1
f 409/11/1 401/11/1 408/11/1
f 410/11/1 403/11/1 402/11/1
f 411/2/1 404/2/1 403/2/1
f 411/11/1 403/11/1 410/11/1
f 412/2/1 404/2/1 411/2/1
f 413/11/1 407/11/1 406/11/1
f 414/11/1 407/11/1 413/11/1
f 420/4/1 416/4/1 415/4/1
f 421/3/1 417/3/1 416/3/1
f 421/4/1 416/4/1 420/4/1
f 422/3/1 417/3/1 421/3/1
f 427/1/1 419/1/1 418/1/1
f 428/1/1 419/1/1 427/1/1
f 429/1/1 424/1/1 423/1/1
f 430/1/1 424/1/1 429/1/1
f 433/3/1 426/3/1 425/3/1
f 434/3/1 426/3/1 433/3/1
f 437/2/1 432/2/1 431/2/1
f 438/2/1 432/2/1 437/2/1
f 441/2/1 435/2/1 434/2/1
f 442/2/1 435/2/1 441/2/1
f 443/3/1 437/3/1 436/3/1
f 444/3/1 437/3/1 443/3/1
f 447/2/1 440/2/1 439/2/1
f 448/2/1 440/2/1 447/2/1
f 451/1/1 446/1/1 445/1/1
f 452/1/1 446/1/1 451/1/1
f 455/2/1 449/2/1 448/2/1
f 456/2/1 449/2/1 455/2/1
f 457/4/1 451/4/1 450/4/1
f 458/4/1 451/4/1 457/4/1
f 461/1/1 454/1/1 453/1/1
f 462/1/1 454/1/1 461/1/1
f 468/4/1 460/4/1 459/4/1
f 469/4/1 460/4/1 468/4/1
f 470/1/1 463/1/1 462/1/1
f 471/1/1 463/1/1 470/1/1
f 474/9/1 465/9/1 464/9/1
f 475/9/1 465/9/1 474/9/1
f 477/9/1 467/9/1 466/9/1
f 478/9/1 467/9/1 477/9/1
f 481/9/1 472/9/1 471/9/1
f 482/9/1 472/9/1 481/9/1
f 483/9/1 475/9/1 474/9/1
f 483/9/1 474/9/1 473/9/1
f 484/9/1 475/9/1 483/9/1
f 485/10/1 477/10/1 476/10/1
f 486/10/1 477/10/1 485/10/1
f 487/10/1 480/10/1 479/10/1
f 488/10/1 480/10/1 487/10/1
f 489/11/1 486/11/1 485/11/1
f 490/11/1 486/11/1 489/11/1
f 498/2/1 492/2/1 491/2/1
f 499/3/1 493/3/1 492/3/1
f 499/2/1 492/2/1 498/2/1
f 499/3/1 494/3/1 493/3/1
f 500/1/1 495/1/1 494/1/1
f 500/3/1 494/3/1 499/3/1
f 501/1/1 495/1/1 500/1/1
f 504/2/1 497/2/1 496/2/1
f 505/2/1 497/2/1 504/2/1
f 508/2/1 503/2/1 502/2/1
f 509/2/1 503/2/1 508/2/1
f 512/1/1 506/1/1 505/1/1
f 513/1/1 506/1/1 512/1/1
f 514/4/1 508/4/1 507/4/1
f 515/4/1 508/4/1 514/4/1
f 518/4/1 511/4/1 510/4/1
f 519/4/1 511/4/1 518/4/1
f 522/2/1 517/2/1 516/2/1
f 523/2/1 517/2/1 522/2/1
f 526/1/1 520/1/1 519/1/1
f 527/1/1 520/1/1 526/1/1
f 528/1/1 522/1/1 521/1/1
f 529/1/1 522/1/1 528/1/1
f 532/2/1 525/2/1 524/2/1
f 533/2/1 525/2/1 532/2/1
f 536/2/1 531/2/1 530/2/1
f 537/2/1 531/2/1 536/2/1
f 539/2/1 534/2/1 533/2/1
f 540/2/1 534/2/1 539/2/1
f 541/1/1 536/1/1 535/1/1
f 542/1/1 536/1/1 541/1/1
f 545/10/1 539/10/1 538/10/1
f 546/10/1 539/10/1 545/10/1
f 547/9/1 542/9/1 541/9/1
f 548/9/1 542/9/1 547/9/1
f 549/11/1 544/11/1 543/11/1
f 550/11/1 544/11/1 549/11/1
f 558/3/1 552/3/1 551/3/1
f 558/3/1 553/3/1 552/3/1
f 559/3/1 553/3/1 558/3/1
f 560/1/1 554/1/1 553/1/1
f 560/3/1 553/3/1 559/3/1
f 561/2/1 555/2/1 554/2/1
f 561/1/1 554/1/1 560/1/1
f 562/4/1 556/4/1 555/4/1
f 562/2/1 555/2/1 561/2/1
f 563/3/1 557/3/1 556/3/1
f 563/4/1 556/4/1 562/4/1
f 564/3/1 557/3/1 563/3/1
f 567/4/1 561/4/1 560/4/1
f 567/4/1 560/4/1 559/4/1
f 568/1/1 562/1/1 561/1/1
f 568/4/1 561/4/1 567/4/1
f 569/3/1 563/3/1 562/3/1
f 569/1/1 562/1/1 568/1/1
f 570/3/1 563/3/1 569/3/1
f 573/4/1 566/4/1 565/4/1
f 574/4/1 566/4/1 573/4/1
f 577/4/1 572/4/1 571/4/1
f 578/4/1 572/4/1 577/4/1
f 581/3/1 575/3/1 574/3/1
f 582/3/1 575/3/1 581/3/1
f 583/1/1 577/1/1 576/1/1
f 584/1/1 577/1/1 583/1/1
f 587/2/1 580/2/1 579/2/1
f 588/2/1 580/2/1 587/2/1
f 591/4/1 586/4/1 585/4/1
f 592/4/1 586/4/1 591/4/1
f 593/1/1 589/1/1 588/1/1
f 594/1/1 589/1/1 593/1/1
f 595/3/1 591/3/1 590/3/1
f 596/3/1 591/3/1 595/3/1
f 599/11/1 598/11/1 597/11/1
f 600/11/1 598/11/1 599/11/1
f 603/9/1 600/9/1 599/9/1
f 604/9/1 600/9/1 603/9/1
f 606/9/1 602/9/1 601/9/1
f 607/9/1 602/9/1 606/9/1
f 608/11/1 605/11/1 604/11/1
f 609/11/1 605/11/1 608/11/1
f 610/10/1 607/10/1 606/10/1
f 611/10/1 607/10/1 610/10/1
f 619/4/1 613/4/1 612/4/1
f 620/1/1 614/1/1 613/1/1
f 620/4/1 613/4/1 619/4/1
f 621/2/1 617/2/1 616/2/1
f 621/1/1 614/1/1 620/1/1
f 621/2/1 616/2/1 615/2/1
f 621/2/1 615/2/1 614/2/1
f 621/2/1 618/2/1 617/2/1
f 622/2/1 618/2/1 621/2/1
f 623/2/1 618/2/1 622/2/1
f 624/2/1 618/2/1 623/2/1
f 625/2/1 618/2/1 624/2/1
f 628/2/1 621/2/1 620/2/1
f 629/1/1 622/1/1 621/1/1
f 629/2/1 621/2/1 628/2/1
f 630/4/1 623/4/1 622/4/1
f 630/1/1 622/1/1 629/1/1
f 631/2/1 624/2/1 623/2/1
f 631/4/1 623/4/1 630/4/1
f 632/2/1 624/2/1 631/2/1
f 635/3/1 627/3/1 626/3/1
f 636/3/1 627/3/1 635/3/1
f 637/1/1 634/1/1 633/1/1
f 638/1/1 634/1/1 637/1/1
f 644/9/1 640/9/1 639/9/1
f 645/9/1 640/9/1 644/9/1
f 646/10/1 643/10/1 642/10/1
f 646/10/1 642/10/1 641/10/1
f 647/10/1 643/10/1 646/10/1
f 652/1/1 649/1/1 648/1/1
f 653/1/1 649/1/1 652/1/1
f 657/4/1 651/4/1 650/4/1
f 658/4/1 651/4/1 657/4/1
f 659/2/1 654/2/1 653/2/1
f 660/4/1 655/4/1 654/4/1
f 660/2/1 654/2/1 659/2/1
f 661/4/1 655/4/1 660/4/1
f 662/4/1 657/4/1 656/4/1
f 663/4/1 657/4/1 662/4/1
f 664/11/1 662/11/1 661/11/1
f 665/11/1 662/11/1 664/11/1
f 666/1/2 667/1/2 670/1/2
f 667/3/2 668/3/2 671/3/2
f 670/1/2 667/1/2 671/1/2
f 671/3/2 668/3/2 672/3/2
f 669/1/2 670/1/2 677/1/2
f 677/1/2 670/1/2 678/1/2
f 672/4/2 673/4/2 679/4/2
f 679/4/2 673/4/2 680/4/2
f 674/11/2 675/11/2 683/11/2
f 683/11/2 675/11/2 684/11/2
f 676/3/2 677/3/2 685/3/2
f 685/3/2 677/3/2 686/3/2
f 680/1/2 681/1/2 690/1/2
f 690/1/2 681/1/2 691/1/2
f 682/9/2 683/9/2 692/9/2
f 692/9/2 683/9/2 693/9/2
f 686/5/2 687/5/2 696/5/2
f 687/8/2 688/8/2 697/8/2
f 696/5/2 687/5/2 697/5/2
f 688/5/2 689/5/2 698/5/2
f 697/8/2 688/8/2 698/8/2
f 689/6/2 690/6/2 699/6/2
f 698/5/2 689/5/2 699/5/2
f 699/6/2 690/6/2 700/6/2
f 693/9/2 694/9/2 703/9/2
f 703/9/2 694/9/2 704/9/2
f 695/6/2 696/6/2 707/6/2
f 696/7/2 697/7/2 708/7/2
f 697/7/2 698/7/2 708/7/2
f 707/6/2 696/6/2 708/6/2
f 708/7/2 698/7/2 709/7/2
f 698/6/2 699/6/2 710/6/2
f 699/5/2 700/5/2 710/5/2
f 700/8/2 701/8/2 711/8/2
f 710/5/2 700/5/2 711/5/2
f 701/5/2 702/5/2 712/5/2
f 711/8/2 701/8/2 712/8/2
f 712/5/2 702/5/2 713/5/2
f 704/10/2 705/10/2 715/10/2
f 715/10/2 705/10/2 716/10/2
f 706/8/2 707/8/2 719/8/2
f 707/5/2 708/5/2 720/5/2
f 719/8/2 707/8/2 720/8/2
f 720/5/2 708/5/2 721/5/2
f 708/6/2 709/6/2 722/6/2
f 721/5/2 708/5/2 722/5/2
f 709/7/2 698/7/2 723/7/2
f 722/6/2 709/6/2 723/6/2
f 710/7/2 711/7/2 724/7/2
f 698/6/2 710/6/2 724/6/2
f 711/8/2 712/8/2 725/8/2
f 724/7/2 711/7/2 725/7/2
f 712/7/2 713/7/2 726/7/2
f 725/8/2 712/8/2 726/8/2
f 713/8/2 714/8/2 727/8/2
f 726/7/2 713/7/2 727/7/2
f 727/8/2 714/8/2 728/8/2
f 716/11/2 717/11/2 731/11/2
f 731/11/2 717/11/2 732/11/2
f 718/5/2 719/5/2 735/5/2
f 720/5/2 721/5/2 736/5/2
f 719/7/2 720/7/2 736/7/2
f 721/7/2 722/7/2 737/7/2
f 736/5/2 721/5/2 737/5/2
f 722/7/2 723/7/2 737/7/2
f 737/7/2 723/7/2 738/7/2
f 723/7/2 698/7/2 739/7/2
f 738/7/2 723/7/2 739/7/2
f 698/6/2 724/6/2 740/6/2
f 739/7/2 698/7/2 740/7/2
f 724/5/2 725/5/2 741/5/2
f 740/6/2 724/6/2 741/6/2
f 725/6/2 726/6/2 742/6/2
f 741/5/2 725/5/2 742/5/2
f 726/8/2 727/8/2 743/8/2
f 742/6/2 726/6/2 743/6/2
f 727/8/2 728/8/2 743/8/2
f 743/8/2 728/8/2 744/8/2
f 728/7/2 729/7/2 745/7/2
f 744/8/2 728/8/2 745/8/2
f 745/7/2 729/7/2 746/7/2
f 730/11/2 731/11/2 748/11/2
f 748/11/2 731/11/2 749/11/2
f 733/3/2 734/3/2 751/3/2
f 751/3/2 734/3/2 752/3/2
f 735/5/2 719/5/2 753/5/2
f 719/7/2 736/7/2 754/7/2
f 753/5/2 719/5/2 754/5/2
f 736/7/2 737/7/2 754/7/2
f 754/7/2 737/7/2 755/7/2
f 737/8/2 738/8/2 756/8/2
f 755/7/2 737/7/2 756/7/2
f 738/6/2 739/6/2 757/6/2
f 756/8/2 738/8/2 757/8/2
f 739/8/2 740/8/2 758/8/2
f 757/6/2 739/6/2 758/6/2
f 740/6/2 741/6/2 759/6/2
f 758/8/2 740/8/2 759/8/2
f 741/6/2 742/6/2 759/6/2
f 759/6/2 742/6/2 760/6/2
f 742/8/2 743/8/2 761/8/2
f 760/6/2 742/6/2 761/6/2
f 743/6/2 744/6/2 762/6/2
f 761/8/2 743/8/2 762/8/2
f 744/8/2 745/8/2 763/8/2
f 762/6/2 744/6/2 763/6/2
f 745/6/2 746/6/2 764/6/2
f 763/8/2 745/8/2 764/8/2
f 764/6/2 746/6/2 765/6/2
f 747/2/2 748/2/2 766/2/2
f 748/10/2 749/10/2 767/10/2
f 766/2/2 748/2/2 767/2/2
f 767/10/2 749/10/2 768/10/2
f 750/4/2 751/4/2 769/4/2
f 769/4/2 751/4/2 770/4/2
f 754/6/2 755/6/2 772/6/2
f 753/6/2 754/6/2 772/6/2
f 772/6/2 755/6/2 773/6/2
f 755/8/2 756/8/2 774/8/2
f 773/6/2 755/6/2 774/6/2
f 756/8/2 757/8/2 774/8/2
f 774/8/2 757/8/2 775/8/2
f 757/5/2 758/5/2 776/5/2
f 775/8/2 757/8/2 776/8/2
f 758/8/2 759/8/2 777/8/2
f 776/5/2 758/5/2 777/5/2
f 759/7/2 760/7/2 778/7/2
f 777/8/2 759/8/2 778/8/2
f 760/6/2 761/6/2 779/6/2
f 778/7/2 760/7/2 779/7/2
f 761/7/2 762/7/2 780/7/2
f 779/6/2 761/6/2 780/6/2
f 762/6/2 763/6/2 781/6/2
f 780/7/2 762/7/2 781/7/2
f 763/7/2 764/7/2 782/7/2
f 781/6/2 763/6/2 782/6/2
f 764/6/2 765/6/2 783/6/2
f 782/7/2 764/7/2 783/7/2
f 783/6/2 765/6/2 784/6/2
f 769/3/2 770/3/2 788/3/2
f 788/3/2 770/3/2 789/3/2
f 772/8/2 773/8/2 790/8/2
f 771/8/2 772/8/2 790/8/2
f 790/8/2 773/8/2 791/8/2
f 773/7/2 774/7/2 792/7/2
f 791/8/2 773/8/2 792/8/2
f 774/8/2 775/8/2 793/8/2
f 792/7/2 774/7/2 793/7/2
f 775/6/2 776/6/2 794/6/2
f 793/8/2 775/8/2 794/8/2
f 776/8/2 777/8/2 795/8/2
f 794/6/2 776/6/2 795/6/2
f 777/6/2 778/6/2 796/6/2
f 795/8/2 777/8/2 796/8/2
f 778/8/2 779/8/2 797/8/2
f 796/6/2 778/6/2 797/6/2
f 779/7/2 780/7/2 798/7/2
f 797/8/2 779/8/2 798/8/2
f 780/6/2 781/6/2 799/6/2
f 798/7/2 780/7/2 799/7/2
f 781/8/2 782/8/2 800/8/2
f 799/6/2 781/6/2 800/6/2
f 782/5/2 783/5/2 801/5/2
f 800/8/2 782/8/2 801/8/2
f 783/5/2 784/5/2 801/5/2
f 801/5/2 784/5/2 802/5/2
f 784/8/2 785/8/2 803/8/2
f 802/5/2 784/5/2 803/5/2
f 803/8/2 785/8/2 804/8/2
f 786/1/2 787/1/2 805/1/2
f 805/1/2 787/1/2 806/1/2
f 807/9/2 808/9/2 814/9/2
f 814/9/2 808/9/2 815/9/2
f 809/10/2 810/10/2 818/10/2
f 810/10/2 811/10/2 818/10/2
f 818/10/2 811/10/2 819/10/2
f 812/10/2 813/10/2 821/10/2
f 821/10/2 813/10/2 822/10/2
f 814/11/2 815/11/2 824/11/2
f 824/11/2 815/11/2 825/11/2
f 816/10/2 817/10/2 826/10/2
f 826/10/2 817/10/2 827/10/2
f 819/10/2 811/10/2 828/10/2
f 828/10/2 811/10/2 829/10/2
f 820/9/2 821/9/2 830/9/2
f 821/11/2 822/11/2 831/11/2
f 830/9/2 821/9/2 831/9/2
f 831/11/2 822/11/2 832/11/2
f 823/9/2 824/9/2 833/9/2
f 824/10/2 825/10/2 834/10/2
f 833/9/2 824/9/2 834/9/2
f 834/10/2 825/10/2 835/10/2
f 826/11/2 827/11/2 837/11/2
f 837/11/2 827/11/2 838/11/2
f 828/11/2 829/11/2 839/11/2
f 839/11/2 829/11/2 840/11/2
f 831/10/2 832/10/2 841/10/2
f 841/10/2 832/10/2 842/10/2
f 836/11/2 837/11/2 843/11/2
f 837/10/2 838/10/2 844/10/2
f 843/11/2 837/11/2 844/11/2
f 844/10/2 838/10/2 845/10/2
f 844/11/2 845/11/2 846/11/2
f 846/11/2 845/11/2 847/11/2
f 848/3/2 849/3/2 852/3/2
f 849/2/2 850/2/2 853/2/2
f 852/3/2 849/3/2 853/3/2
f 853/2/2 850/2/2 854/2/2
f 851/1/2 852/1/2 858/1/2
f 858/1/2 852/1/2 859/1/2
f 854/4/2 855/4/2 860/4/2
f 860/4/2 855/4/2 861/4/2
f 856/4/2 857/4/2 864/4/2
f 864/4/2 857/4/2 865/4/2
f 862/3/2 863/3/2 866/3/2
f 866/3/2 863/3/2 867/3/2
f 868/3/2 869/3/2 872/3/2
f 872/3/2 869/3/2 873/3/2
f 870/2/2 871/2/2 874/2/2
f 874/2/2 871/2/2 875/2/2
f 876/9/2 877/9/2 880/9/2
f 880/9/2 877/9/2 881/9/2
f 878/10/2 879/10/2 882/10/2
f 882/10/2 879/10/2 883/10/2
f 880/9/2 881/9/2 884/9/2
f 884/9/2 881/9/2 885/9/2
f 886/1/2 887/1/2 891/1/2
f 887/2/2 888/2/2 892/2/2
f 891/1/2 887/1/2 892/1/2
f 892/2/2 888/2/2 893/2/2
f 889/4/2 890/4/2 898/4/2
f 898/4/2 890/4/2 899/4/2
f 894/4/2 895/4/2 900/4/2
f 900/4/2 895/4/2 901/4/2
f 896/1/2 897/1/2 904/1/2
f 904/1/2 897/1/2 905/1/2
f 902/4/2 903/4/2 906/4/2
f 906/4/2 903/4/2 907/4/2
f 908/9/2 909/9/2 910/9/2
f 910/9/2 909/9/2 911/9/2
f 912/5/2 913/5/2 916/5/2
f 916/5/2 913/5/2 917/5/2
f 914/5/2 915/5/2 923/5/2
f 923/5/2 915/5/2 924/5/2
f 918/10/2 919/10/2 925/10/2
f 919/9/2 920/9/2 926/9/2
f 925/10/2 919/10/2 926/10/2
f 926/9/2 920/9/2 927/9/2
f 921/11/2 922/11/2 933/11/2
f 922/10/2 923/10/2 934/10/2
f 933/11/2 922/11/2 934/11/2
f 934/10/2 923/10/2 935/10/2
f 928/11/2 929/11/2 936/11/2
f 929/10/2 930/10/2 937/10/2
f 936/11/2 929/11/2 937/11/2
f 937/10/2 930/10/2 938/10/2
f 931/9/2 932/9/2 939/9/2
f 939/9/2 932/9/2 940/9/2
f 941/1/2 942/1/2 947/1/2
f 947/1/2 942/1/2 948/1/2
f 943/1/2 944/1/2 949/1/2
f 949/1/2 944/1/2 950/1/2
f 945/1/2 946/1/2 955/1/2
f 955/1/2 946/1/2 956/1/2
f 951/3/2 952/3/2 957/3/2
f 957/3/2 952/3/2 958/3/2
f 953/1/2 954/1/2 962/1/2
f 962/1/2 954/1/2 963/1/2
f 959/3/2 960/3/2 964/3/2
f 964/3/2 960/3/2 965/3/2
f 961/1/2 962/1/2 967/1/2
f 967/1/2 962/1/2 968/1/2
f 965/3/2 966/3/2 969/3/2
f 969/3/2 966/3/2 970/3/2
f 967/2/2 968/2/2 972/2/2
f 972/2/2 968/2/2 973/2/2
f 969/2/2 970/2/2 974/2/2
f 974/2/2 970/2/2 975/2/2
f 971/2/2 972/2/2 977/2/2
f 977/2/2 972/2/2 978/2/2
f 975/1/2 976/1/2 979/1/2
f 979/1/2 976/1/2 980/1/2
f 977/3/2 978/3/2 982/3/2
f 982/3/2 978/3/2 983/3/2
f 979/2/2 980/2/2 986/2/2
f 980/9/2 981/9/2 987/9/2
f 986/2/2 980/2/2 987/2/2
f 987/9/2 981/9/2 988/9/2
f 983/7/2 984/7/2 989/7/2
f 989/7/2 984/7/2 990/7/2
f 985/7/2 986/7/2 996/7/2
f 996/7/2 986/7/2 997/7/2
f 991/9/2 992/9/2 998/9/2
f 998/9/2 992/9/2 999/9/2
f 993/11/2 994/11/2 1001/11/2
f 994/10/2 995/10/2 1002/10/2
f 1001/11/2 994/11/2 1002/11/2
f 1002/10/2 995/10/2 1003/10/2
f 1000/11/2 1001/11/2 1008/11/2
f 1001/10/2 1002/10/2 1009/10/2
f 1008/11/2 1001/11/2 1009/11/2
f 1009/10/2 1002/10/2 1010/10/2
f 1004/11/2 1005/11/2 1011/11/2
f 1011/11/2 1005/11/2 1012/11/2
f 1006/10/2 1007/10/2 1013/10/2
f 1013/10/2 1007/10/2 1014/10/2
f 1015/11/2 1016/11/2 1017/11/2
f 1017/11/2 1016/11/2 1018/11/2
f 1017/9/2 1018/9/2 1019/9/2
f 1019/9/2 1018/9/2 1020/9/2
f 1019/10/2 1020/10/2 1024/10/2
f 1024/10/2 1020/10/2 1025/10/2
f 1021/2/2 1022/2/2 1028/2/2
f 1022/3/2 1023/3/2 1029/3/2
f 1028/2/2 1022/2/2 1029/2/2
f 1029/3/2 1023/3/2 1030/3/2
f 1024/11/2 1025/11/2 1033/11/2
f 1033/11/2 1025/11/2 1034/11/2
f 1026/4/2 1027/4/2 1037/4/2
f 1037/4/2 1027/4/2 1038/4/2
f 1031/1/2 1032/1/2 1039/1/2
f 1039/1/2 1032/1/2 1040/1/2
f 1035/3/2 1036/3/2 1044/3/2
f 1044/3/2 1036/3/2 1045/3/2
f 1041/1/2 1042/1/2 1046/1/2
f 1046/1/2 1042/1/2 1047/1/2
f 1033/10/2 1034/10/2 1048/10/2
f 1048/10/2 1034/10/2 1049/10/2
f 1043/2/2 1044/2/2 1050/2/2
f 1050/2/2 1044/2/2 1051/2/2
f 1048/11/2 1049/11/2 1052/11/2
f 1052/11/2 1049/11/2 1053/11/2
f 1050/4/2 1051/4/2 1055/4/2
f 1055/4/2 1051/4/2 1056/4/2
f 1052/10/2 1053/10/2 1059/10/2
f 1059/10/2 1053/10/2 1060/10/2
f 1054/4/2 1055/4/2 1061/4/2
f 1061/4/2 1055/4/2 1062/4/2
f 1057/2/2 1058/2/2 1063/2/2
f 1063/2/2 1058/2/2 1064/2/2
f 1059/9/2 1060/9/2 1065/9/2
f 1065/9/2 1060/9/2 1066/9/2
f 1061/1/2 1062/1/2 1067/1/2
f 1067/1/2 1062/1/2 1068/1/2
f 1063/1/2 1064/1/2 1071/1/2
f 1071/1/2 1064/1/2 1072/1/2
f 1065/11/2 1066/11/2 1075/11/2
f 1066/3/2 1067/3/2 1076/3/2
f 1075/11/2 1066/11/2 1076/11/2
f 1076/3/2 1067/3/2 1077/3/2
f 1068/7/2 1069/7/2 1078/7/2
f 1078/7/2 1069/7/2 1079/7/2
f 1070/5/2 1071/5/2 1082/5/2
f 1082/5/2 1071/5/2 1083/5/2
f 1072/4/2 1073/4/2 1084/4/2
f 1073/10/2 1074/10/2 1085/10/2
f 1084/4/2 1073/4/2 1085/4/2
f 1085/10/2 1074/10/2 1086/10/2
f 1075/9/2 1076/9/2 1087/9/2
f 1076/2/2 1077/2/2 1088/2/2
f 1087/9/2 1076/9/2 1088/9/2
f 1088/2/2 1077/2/2 1089/2/2
f 1079/11/2 1080/11/2 1091/11/2
f 1091/11/2 1080/11/2 1092/11/2
f 1092/11/2 1080/11/2 1093/11/2
f 1081/11/2 1082/11/2 1094/11/2
f 1094/11/2 1082/11/2 1095/11/2
f 1084/1/2 1085/1/2 1096/1/2
f 1085/11/2 1086/11/2 1097/11/2
f 1096/1/2 1085/1/2 1097/1/2
f 1097/11/2 1086/11/2 1098/11/2
f 1088/11/2 1089/11/2 1099/11/2
f 1089/10/2 1090/10/2 1100/10/2
f 1099/11/2 1089/11/2 1100/11/2
f 1100/10/2 1090/10/2 1101/10/2
f 1096/10/2 1097/10/2 1102/10/2
f 1102/10/2 1097/10/2 1103/10/2
f 1104/1/2 1105/1/2 1111/1/2
f 1105/4/2 1106/4/2 1112/4/2
f 1111/1/2 1105/1/2 1112/1/2
f 1106/3/2 1107/3/2 1113/3/2
f 1112/4/2 1106/4/2 1113/4/2
f 1107/2/2 1108/2/2 1114/2/2
f 1113/3/2 1107/3/2 1114/3/2
f 1114/2/2 1108/2/2 1115/2/2
f 1109/4/2 1110/4/2 1119/4/2
f 1119/4/2 1110/4/2 1120/4/2
f 1116/3/2 1117/3/2 1121/3/2
f 1121/3/2 1117/3/2 1122/3/2
f 1118/3/2 1119/3/2 1125/3/2
f 1125/3/2 1119/3/2 1126/3/2
f 1122/2/2 1123/2/2 1127/2/2
f 1123/11/2 1124/11/2 1128/11/2
f 1127/2/2 1123/2/2 1128/2/2
f 1128/11/2 1124/11/2 1129/11/2
f 1125/1/2 1126/1/2 1131/1/2
f 1131/1/2 1126/1/2 1132/1/2
f 1127/4/2 1128/4/2 1133/4/2
f 1128/10/2 1129/10/2 1134/10/2
f 1133/4/2 1128/4/2 1134/4/2
f 1134/10/2 1129/10/2 1135/10/2
f 1130/2/2 1131/2/2 1136/2/2
f 1136/2/2 1131/2/2 1137/2/2
f 1136/4/2 1137/4/2 1139/4/2
f 1139/4/2 1137/4/2 1140/4/2
f 1138/1/2 1139/1/2 1146/1/2
f 1146/1/2 1139/1/2 1147/1/2
f 1140/8/2 1141/8/2 1148/8/2
f 1148/8/2 1141/8/2 1149/8/2
f 1142/6/2 1143/6/2 1150/6/2
f 1150/6/2 1143/6/2 1151/6/2
f 1144/4/2 1145/4/2 1152/4/2
f 1152/4/2 1145/4/2 1153/4/2
f 1146/2/2 1147/2/2 1154/2/2
f 1154/2/2 1147/2/2 1155/2/2
f 1152/1/2 1153/1/2 1161/1/2
f 1161/1/2 1153/1/2 1162/1/2
f 1156/9/2 1157/9/2 1163/9/2
f 1157/9/2 1158/9/2 1163/9/2
f 1159/10/2 1160/10/2 1164/10/2
f 1163/9/2 1158/9/2 1164/9/2
f 1158/10/2 1159/10/2 1164/10/2
f 1164/10/2 1160/10/2 1165/10/2
f 1165/10/2 1160/10/2 1166/10/2
f 1165/11/2 1166/11/2 1167/11/2
f 1167/11/2 1166/11/2 1168/11/2
f 1169/4/2 1170/4/2 1175/4/2
f 1170/2/2 1171/2/2 1176/2/2
f 1175/4/2 1170/4/2 1176/4/2
f 1171/3/2 1172/3/2 1177/3/2
f 1176/2/2 1171/2/2 1177/2/2
f 1177/3/2 1172/3/2 1178/3/2
f 1172/1/2 1173/1/2 1179/1/2
f 1178/3/2 1172/3/2 1179/3/2
f 1179/1/2 1173/1/2 1180/1/2
f 1180/1/2 1173/1/2 1181/1/2
f 1174/2/2 1175/2/2 1183/2/2
f 1181/2/2 1182/2/2 1184/2/2
f 1184/2/2 1182/2/2 1185/2/2
f 1174/2/2 1183/2/2 1187/2/2
f 1187/2/2 1183/2/2 1188/2/2
f 1184/4/2 1185/4/2 1189/4/2
f 1189/4/2 1185/4/2 1190/4/2
f 1190/2/2 1191/2/2 1193/2/2
f 1191/9/2 1192/9/2 1194/9/2
f 1193/2/2 1191/2/2 1194/2/2
f 1194/9/2 1192/9/2 1195/9/2
f 1186/4/2 1187/4/2 1197/4/2
f 1197/4/2 1187/4/2 1198/4/2
f 1193/1/2 1194/1/2 1201/1/2
f 1194/10/2 1195/10/2 1202/10/2
f 1201/1/2 1194/1/2 1202/1/2
f 1202/10/2 1195/10/2 1203/10/2
f 1196/2/2 1197/2/2 1204/2/2
f 1204/2/2 1197/2/2 1205/2/2
f 1198/5/2 1199/5/2 1206/5/2
f 1206/5/2 1199/5/2 1207/5/2
f 1200/6/2 1201/6/2 1212/6/2
f 1212/6/2 1201/6/2 1213/6/2
f 1208/9/2 1209/9/2 1217/9/2
f 1217/9/2 1209/9/2 1218/9/2
f 1210/9/2 1211/9/2 1219/9/2
f 1219/9/2 1211/9/2 1220/9/2
f 1214/10/2 1215/10/2 1225/10/2
f 1215/9/2 1216/9/2 1226/9/2
f 1225/10/2 1215/10/2 1226/10/2
f 1226/9/2 1216/9/2 1227/9/2
f 1221/9/2 1222/9/2 1228/9/2
f 1228/9/2 1222/9/2 1229/9/2
f 1223/11/2 1224/11/2 1230/11/2
f 1230/11/2 1224/11/2 1231/11/2
f 1232/3/2 1233/3/2 1238/3/2
f 1233/1/2 1234/1/2 1239/1/2
f 1238/3/2 1233/3/2 1239/3/2
f 1234/2/2 1235/2/2 1240/2/2
f 1239/1/2 1234/1/2 1240/1/2
f 1240/2/2 1235/2/2 1241/2/2
f 1236/3/2 1237/3/2 1242/3/2
f 1242/3/2 1237/3/2 1243/3/2
f 1238/4/2 1239/4/2 1246/4/2
f 1239/4/2 1240/4/2 1246/4/2
f 1246/4/2 1240/4/2 1247/4/2
f 1240/1/2 1241/1/2 1248/1/2
f 1247/4/2 1240/4/2 1248/4/2
f 1248/1/2 1241/1/2 1249/1/2
f 1242/1/2 1243/1/2 1250/1/2
f 1250/1/2 1243/1/2 1251/1/2
f 1244/4/2 1245/4/2 1252/4/2
f 1244/4/2 1252/4/2 1254/4/2
f 1254/4/2 1252/4/2 1255/4/2
f 1253/2/2 1254/2/2 1263/2/2
f 1263/2/2 1254/2/2 1264/2/2
f 1255/8/2 1256/8/2 1265/8/2
f 1265/8/2 1256/8/2 1266/8/2
f 1257/5/2 1258/5/2 1269/5/2
f 1269/5/2 1258/5/2 1270/5/2
f 1259/4/2 1260/4/2 1271/4/2
f 1260/11/2 1261/11/2 1272/11/2
f 1271/4/2 1260/4/2 1272/4/2
f 1272/11/2 1261/11/2 1273/11/2
f 1262/9/2 1263/9/2 1274/9/2
f 1263/1/2 1264/1/2 1275/1/2
f 1274/9/2 1263/9/2 1275/9/2
f 1275/1/2 1264/1/2 1276/1/2
f 1267/10/2 1268/10/2 1277/10/2
f 1277/10/2 1268/10/2 1278/10/2
f 1271/1/2 1272/1/2 1279/1/2
f 1272/10/2 1273/10/2 1280/10/2
f 1279/1/2 1272/1/2 1280/1/2
f 1280/10/2 1273/10/2 1281/10/2
f 1281/10/2 1273/10/2 1282/10/2
f 1283/11/2 1284/11/2 1285/11/2
f 1285/11/2 1284/11/2 1286/11/2
f 1285/9/2 1286/9/2 1289/9/2
f 1289/9/2 1286/9/2 1290/9/2
f 1287/9/2 1288/9/2 1292/9/2
f 1292/9/2 1288/9/2 1293/9/2
f 1292/10/2 1293/10/2 1294/10/2
f 1294/10/2 1293/10/2 1295/10/2
f 1290/11/2 1291/11/2 1296/11/2
f 1296/11/2 1291/11/2 1297/11/2
f 1294/9/2 1295/9/2 1298/9/2
f 1298/9/2 1295/9/2 1299/9/2
f 1296/10/2 1297/10/2 1300/10/2
f 1300/10/2 1297/10/2 1301/10/2
f 1298/10/2 1299/10/2 1304/10/2
f 1304/10/2 1299/10/2 1305/10/2
f 1301/1/2 1302/1/2 1308/1/2
f 1302/2/2 1303/2/2 1309/2/2
f 1308/1/2 1302/1/2 1309/1/2
f 1309/2/2 1303/2/2 1310/2/2
f 1305/2/2 1306/2/2 1312/2/2
f 1309/1/2 1310/1/2 1315/1/2
f 1315/1/2 1310/1/2 1316/1/2
f 1311/2/2 1312/2/2 1317/2/2
f 1312/2/2 1306/2/2 1318/2/2
f 1317/2/2 1312/2/2 1318/2/2
f 1306/11/2 1307/11/2 1319/11/2
f 1318/2/2 1306/2/2 1319/2/2
f 1319/11/2 1307/11/2 1320/11/2
f 1313/3/2 1314/3/2 1321/3/2
f 1321/3/2 1314/3/2 1322/3/2
f 1321/4/2 1322/4/2 1323/4/2
f 1323/4/2 1322/4/2 1324/4/2
f 1326/10/2 1327/10/2 1328/10/2
f 1325/10/2 1326/10/2 1328/10/2
f 1328/10/2 1327/10/2 1329/10/2
f 1330/11/2 1331/11/2 1335/11/2
f 1335/11/2 1331/11/2 1336/11/2
f 1333/11/2 1334/11/2 1338/11/2
f 1332/10/2 1333/10/2 1338/10/2
f 1338/11/2 1334/11/2 1339/11/2
f 1336/9/2 1337/9/2 1340/9/2
f 1335/9/2 1336/9/2 1340/9/2
f 1340/9/2 1337/9/2 1341/9/2
f 1341/9/2 1337/9/2 1342/9/2
f 1332/10/2 1338/10/2 1343/10/2
f 1343/10/2 1338/10/2 1344/10/2
f 1342/3/2 1343/3/2 1348/3/2
f 1348/3/2 1343/3/2 1349/3/2
f 1344/3/2 1345/3/2 1350/3/2
f 1345/4/2 1346/4/2 1351/4/2
f 1350/3/2 1345/3/2 1351/3/2
f 1346/11/2 1347/11/2 1352/11/2
f 1351/4/2 1346/4/2 1352/4/2
f 1352/11/2 1347/11/2 1353/11/2
f 1340/1/2 1341/1/2 1354/1/2
f 1354/1/2 1341/1/2 1355/1/2
f 1348/4/2 1349/4/2 1356/4/2
f 1356/4/2 1349/4/2 1357/4/2
f 1350/4/2 1351/4/2 1358/4/2
f 1351/3/2 1352/3/2 1359/3/2
f 1358/4/2 1351/4/2 1359/4/2
f 1352/9/2 1353/9/2 1360/9/2
f 1359/3/2 1352/3/2 1360/3/2
f 1360/9/2 1353/9/2 1361/9/2
f 1354/10/2 1355/10/2 1362/10/2
f 1362/10/2 1355/10/2 1363/10/2
f 1357/11/2 1358/11/2 1364/11/2
f 1364/11/2 1358/11/2 1365/11/2
f 1368/10/2 1369/10/2 1370/10/2
f 1370/10/2 1369/10/2 1371/10/2
f 1366/10/2 1367/10/2 1372/10/2
f 1372/10/2 1367/10/2 1373/10/2
f 1370/9/2 1371/9/2 1374/9/2
f 1374/9/2 1371/9/2 1375/9/2
f 1380/4/3 1377/4/3 1376/4/3
f 1381/3/3 1378/3/3 1377/3/3
f 1381/4/3 1377/4/3 1380/4/3
f 1382/3/3 1378/3/3 1381/3/3
f 1383/4/3 1379/4/3 1378/4/3
f 1383/3/3 1378/3/3 1382/3/3
f 1384/4/3 1379/4/3 1383/4/3
f 1385/4/3 1383/4/3 1382/4/3
f 1386/1/3 1384/1/3 1383/1/3
f 1386/4/3 1383/4/3 1385/4/3
f 1395/1/3 1386/1/3 1385/1/3
f 1396/1/3 1384/1/3 1386/1/3
f 1396/1/3 1386/1/3 1395/1/3
f 1397/1/3 1384/1/3 1396/1/3
f 1398/11/3 1388/11/3 1387/11/3
f 1399/9/3 1389/9/3 1388/9/3
f 1399/11/3 1388/11/3 1398/11/3
f 1400/10/3 1390/10/3 1389/10/3
f 1400/9/3 1389/9/3 1399/9/3
f 1401/11/3 1391/11/3 1390/11/3
f 1401/10/3 1390/10/3 1400/10/3
f 1402/10/3 1392/10/3 1391/10/3
f 1402/11/3 1391/11/3 1401/11/3
f 1403/11/3 1393/11/3 1392/11/3
f 1403/10/3 1392/10/3 1402/10/3
f 1404/10/3 1394/10/3 1393/10/3
f 1404/11/3 1393/11/3 1403/11/3
f 1405/9/3 1395/9/3 1394/9/3
f 1405/10/3 1394/10/3 1404/10/3
f 1406/11/3 1396/11/3 1395/11/3
f 1406/9/3 1395/9/3 1405/9/3
f 1407/9/3 1397/9/3 1396/9/3
f 1407/11/3 1396/11/3 1406/11/3
f 1408/9/3 1397/9/3 1407/9/3
f 1411/3/3 1410/3/3 1409/3/3
f 1412/3/3 1410/3/3 1411/3/3
f 1415/2/3 1413/2/3 1412/2/3
f 1416/1/3 1414/1/3 1413/1/3
f 1416/2/3 1413/2/3 1415/2/3
f 1417/1/3 1414/1/3 1416/1/3
f 1418/3/3 1416/3/3 1415/3/3
f 1418/3/3 1417/3/3 1416/3/3
f 1419/3/3 1417/3/3 1418/3/3
f 1420/2/3 1419/2/3 1418/2/3
f 1421/3/3 1417/3/3 1419/3/3
f 1421/2/3 1419/2/3 1420/2/3
f 1422/3/3 1417/3/3 1421/3/3
f 1425/11/3 1424/11/3 1423/11/3
f 1426/11/3 1424/11/3 1425/11/3
f 1433/1/3 1428/1/3 1427/1/3
f 1434/1/3 1428/1/3 1433/1/3
f 1435/6/3 1430/6/3 1429/6/3
f 1436/6/3 1430/6/3 1435/6/3
f 1439/9/3 1432/9/3 1431/9/3
f 1440/9/3 1432/9/3 1439/9/3
f 1441/2/3 1434/2/3 1433/2/3
f 1442/1/3 1435/1/3 1434/1/3
f 1442/2/3 1434/2/3 1441/2/3
f 1443/1/3 1435/1/3 1442/1/3
f 1444/11/3 1438/11/3 1437/11/3
f 1445/11/3 1438/11/3 1444/11/3
f 1446/3/3 1442/3/3 1441/3/3
f 1447/4/3 1443/4/3 1442/4/3
f 1447/3/3 1442/3/3 1446/3/3
f 1448/4/3 1443/4/3 1447/4/3
f 1450/9/3 1445/9/3 1444/9/3
f 1451/9/3 1445/9/3 1450/9/3
f 1453/1/3 1447/1/3 1446/1/3
f 1454/2/3 1448/2/3 1447/2/3
f 1454/1/3 1447/1/3 1453/1/3
f 1455/2/3 1448/2/3 1454/2/3
f 1457/7/3 1450/7/3 1449/7/3
f 1458/7/3 1450/7/3 1457/7/3
f 1459/9/3 1452/9/3 1451/9/3
f 1460/9/3 1452/9/3 1459/9/3
f 1461/4/3 1456/4/3 1455/4/3
f 1462/1/3 1457/1/3 1456/1/3
f 1462/4/3 1456/4/3 1461/4/3
f 1463/1/3 1457/1/3 1462/1/3
f 1466/1/3 1464/1/3 1463/1/3
f 1467/2/3 1465/2/3 1464/2/3
f 1467/1/3 1464/1/3 1466/1/3
f 1468/2/3 1465/2/3 1467/2/3
f 1474/2/3 1470/2/3 1469/2/3
f 1475/2/3 1470/2/3 1474/2/3
f 1476/9/3 1472/9/3 1471/9/3
f 1477/9/3 1472/9/3 1476/9/3
f 1478/11/3 1473/11/3 1472/11/3
f 1478/9/3 1472/9/3 1477/9/3
f 1479/11/3 1473/11/3 1478/11/3
f 1480/3/3 1475/3/3 1474/3/3
f 1481/3/3 1475/3/3 1480/3/3
f 1482/2/3 1481/2/3 1480/2/3
f 1483/2/3 1481/2/3 1482/2/3
f 1484/1/3 1483/1/3 1482/1/3
f 1485/1/3 1483/1/3 1484/1/3
f 1490/2/3 1486/2/3 1485/2/3
f 1491/4/3 1487/4/3 1486/4/3
f 1491/2/3 1486/2/3 1490/2/3
f 1492/4/3 1487/4/3 1491/4/3
f 1494/7/3 1489/7/3 1488/7/3
f 1495/7/3 1489/7/3 1494/7/3
f 1496/2/3 1493/2/3 1492/2/3
f 1497/4/3 1494/4/3 1493/4/3
f 1497/2/3 1493/2/3 1496/2/3
f 1498/4/3 1494/4/3 1497/4/3
f 1502/2/3 1499/2/3 1498/2/3
f 1503/1/3 1500/1/3 1499/1/3
f 1503/2/3 1499/2/3 1502/2/3
f 1504/10/3 1501/10/3 1500/10/3
f 1504/1/3 1500/1/3 1503/1/3
f 1505/10/3 1501/10/3 1504/10/3
f 1506/9/3 1504/9/3 1503/9/3
f 1507/9/3 1504/9/3 1506/9/3
f 1510/3/3 1509/3/3 1508/3/3
f 1511/3/3 1510/3/3 1508/3/3
f 1512/3/3 1510/3/3 1511/3/3
f 1513/1/3 1512/1/3 1511/1/3
f 1514/1/3 1512/1/3 1513/1/3
f 1519/3/3 1516/3/3 1515/3/3
f 1520/3/3 1516/3/3 1519/3/3
f 1524/11/3 1518/11/3 1517/11/3
f 1525/11/3 1518/11/3 1524/11/3
f 1527/3/3 1521/3/3 1520/3/3
f 1528/1/3 1522/1/3 1521/1/3
f 1528/3/3 1521/3/3 1527/3/3
f 1529/1/3 1522/1/3 1528/1/3
f 1531/8/3 1524/8/3 1523/8/3
f 1532/8/3 1524/8/3 1531/8/3
f 1533/9/3 1526/9/3 1525/9/3
f 1534/9/3 1526/9/3 1533/9/3
f 1535/4/3 1530/4/3 1529/4/3
f 1535/4/3 1531/4/3 1530/4/3
f 1536/4/3 1531/4/3 1535/4/3
f 1538/2/3 1537/2/3 1536/2/3
f 1539/2/3 1537/2/3 1538/2/3
f 1542/1/3 1541/1/3 1540/1/3
f 1543/1/3 1541/1/3 1542/1/3
f 1546/4/3 1543/4/3 1542/4/3
f 1547/4/3 1543/4/3 1546/4/3
f 1548/10/3 1545/10/3 1544/10/3
f 1549/10/3 1545/10/3 1548/10/3
f 1554/1/3 1551/1/3 1550/1/3
f 1555/1/3 1551/1/3 1554/1/3
f 1556/9/3 1553/9/3 1552/9/3
f 1557/9/3 1553/9/3 1556/9/3
f 1560/4/3 1559/4/3 1558/4/3
f 1561/4/3 1559/4/3 1560/4/3
f 1566/2/3 1562/2/3 1561/2/3
f 1566/2/3 1563/2/3 1562/2/3
f 1567/2/3 1563/2/3 1566/2/3
f 1568/5/3 1565/5/3 1564/5/3
f 1569/5/3 1565/5/3 1568/5/3
f 1573/4/3 1568/4/3 1567/4/3
f 1574/4/3 1568/4/3 1573/4/3
f 1577/11/3 1571/11/3 1570/11/3
f 1578/9/3 1572/9/3 1571/9/3
f 1578/11/3 1571/11/3 1577/11/3
f 1579/9/3 1572/9/3 1578/9/3
f 1580/3/3 1575/3/3 1574/3/3
f 1581/4/3 1576/4/3 1575/4/3
f 1581/3/3 1575/3/3 1580/3/3
f 1582/4/3 1576/4/3 1581/4/3
f 1587/3/3 1584/3/3 1583/3/3
f 1588/3/3 1584/3/3 1587/3/3
f 1589/11/3 1586/11/3 1585/11/3
f 1590/11/3 1586/11/3 1589/11/3
f 1595/4/3 1592/4/3 1591/4/3
f 1596/4/3 1592/4/3 1595/4/3
f 1597/11/3 1594/11/3 1593/11/3
f 1598/11/3 1594/11/3 1597/11/3
f 1601/4/3 1600/4/3 1599/4/3
f 1602/4/3 1600/4/3 1601/4/3
f 1607/11/3 1604/11/3 1603/11/3
f 1608/11/3 1604/11/3 1607/11/3
f 1609/4/3 1606/4/3 1605/4/3
f 1610/4/3 1606/4/3 1609/4/3
f 1614/9/3 1608/9/3 1607/9/3
f 1615/9/3 1608/9/3 1614/9/3
f 1617/3/3 1611/3/3 1610/3/3
f 1618/2/3 1612/2/3 1611/2/3
f 1618/3/3 1611/3/3 1617/3/3
f 1619/2/3 1612/2/3 1618/2/3
f 1621/8/3 1614/8/3 1613/8/3
f 1622/8/3 1614/8/3 1621/8/3
f 1625/11/3 1617/11/3 1616/11/3
f 1625/11/3 1618/11/3 1617/11/3
f 1626/10/3 1619/10/3 1618/10/3
f 1626/11/3 1618/11/3 1625/11/3
f 1627/4/3 1620/4/3 1619/4/3
f 1627/10/3 1619/10/3 1626/10/3
f 1628/3/3 1621/3/3 1620/3/3
f 1628/4/3 1620/4/3 1627/4/3
f 1629/3/3 1621/3/3 1628/3/3
f 1631/9/3 1624/9/3 1623/9/3
f 1632/9/3 1624/9/3 1631/9/3
f 1633/11/3 1628/11/3 1627/11/3
f 1634/9/3 1629/9/3 1628/9/3
f 1634/11/3 1628/11/3 1633/11/3
f 1635/1/3 1630/1/3 1629/1/3
f 1635/9/3 1629/9/3 1634/9/3
f 1635/1/3 1631/1/3 1630/1/3
f 1636/10/3 1632/10/3 1631/10/3
f 1636/1/3 1631/1/3 1635/1/3
f 1637/10/3 1632/10/3 1636/10/3
f 1647/1/3 1639/1/3 1638/1/3
f 1648/1/3 1639/1/3 1647/1/3
f 1650/9/3 1641/9/3 1640/9/3
f 1651/9/3 1641/9/3 1650/9/3
f 1652/10/3 1643/10/3 1642/10/3
f 1653/11/3 1644/11/3 1643/11/3
f 1653/10/3 1643/10/3 1652/10/3
f 1654/11/3 1644/11/3 1653/11/3
f 1655/11/3 1646/11/3 1645/11/3
f 1656/11/3 1646/11/3 1655/11/3
f 1657/1/3 1649/1/3 1648/1/3
f 1658/1/3 1649/1/3 1657/1/3
f 1661/1/3 1660/1/3 1659/1/3
f 1662/1/3 1660/1/3 1661/1/3
f 1667/1/3 1664/1/3 1663/1/3
f 1668/1/3 1664/1/3 1667/1/3
f 1669/9/3 1666/9/3 1665/9/3
f 1670/9/3 1666/9/3 1669/9/3
f 1673/8/3 1672/8/3 1671/8/3
f 1674/8/3 1672/8/3 1673/8/3
f 1677/10/3 1676/10/3 1675/10/3
f 1678/10/3 1676/10/3 1677/10/3
f 1683/1/3 1680/1/3 1679/1/3
f 1684/1/3 1680/1/3 1683/1/3
f 1686/10/3 1682/10/3 1681/10/3
f 1687/10/3 1682/10/3 1686/10/3
f 1688/3/3 1685/3/3 1684/3/3
f 1689/3/3 1685/3/3 1688/3/3
f 1691/1/3 1690/1/3 1689/1/3
f 1692/1/3 1690/1/3 1691/1/3
f 1695/2/3 1694/2/3 1693/2/3
f 1696/2/3 1694/2/3 1695/2/3
f 1699/10/3 1698/10/3 1697/10/3
f 1700/10/3 1698/10/3 1699/10/3
f 1703/11/3 1702/11/3 1701/11/3
f 1704/11/3 1702/11/3 1703/11/3
f 1707/9/3 1705/9/3 1704/9/3
f 1708/9/3 1705/9/3 1707/9/3
f 1709/9/3 1707/9/3 1706/9/3
f 1710/10/3 1708/10/3 1707/10/3
f 1710/9/3 1707/9/3 1709/9/3
f 1711/10/3 1708/10/3 1710/10/3
f 1717/9/3 1713/9/3 1712/9/3
f 1718/9/3 1713/9/3 1717/9/3
f 1720/10/3 1716/10/3 1715/10/3
f 1720/10/3 1715/10/3 1714/10/3
f 1721/10/3 1716/10/3 1720/10/3
f 1723/11/3 1719/11/3 1718/11/3
f 1724/11/3 1719/11/3 1723/11/3
f 1725/10/3 1722/10/3 1721/10/3
f 1726/9/3 1723/9/3 1722/9/3
f 1726/10/3 1722/10/3 1725/10/3
f 1727/9/3 1723/9/3 1726/9/3
f 1733/2/3 1729/2/3 1728/2/3
f 1734/2/3 1729/2/3 1733/2/3
f 1735/10/3 1731/10/3 1730/10/3
f 1736/11/3 1732/11/3 1731/11/3
f 1736/10/3 1731/10/3 1735/10/3
f 1737/11/3 1732/11/3 1736/11/3
f 1742/3/3 1739/3/3 1738/3/3
f 1743/3/3 1739/3/3 1742/3/3
f 1744/11/3 1741/11/3 1740/11/3
f 1745/11/3 1741/11/3 1744/11/3
f 1748/1/3 1747/1/3 1746/1/3
f 1749/1/3 1747/1/3 1748/1/3
f 1752/11/3 1751/11/3 1750/11/3
f 1753/11/3 1751/11/3 1752/11/3
f 1759/9/3 1755/9/3 1754/9/3
f 1760/10/3 1756/10/3 1755/10/3
f 1760/9/3 1755/9/3 1759/9/3
f 1761/9/3 1757/9/3 1756/9/3
f 1761/10/3 1756/10/3 1760/10/3
f 1762/10/3 1758/10/3 1757/10/3
f 1762/9/3 1757/9/3 1761/9/3
f 1763/10/3 1758/10/3 1762/10/3
f 1766/2/3 1765/2/3 1764/2/3
f 1767/2/3 1765/2/3 1766/2/3
f 1770/2/3 1769/2/3 1768/2/3
f 1771/2/3 1769/2/3 1770/2/3
f 1774/1/3 1773/1/3 1772/1/3
f 1775/1/3 1773/1/3 1774/1/3
f 1778/4/3 1777/4/3 1776/4/3
f 1779/4/3 1777/4/3 1778/4/3
f 1784/1/3 1781/1/3 1780/1/3
f 1785/1/3 1781/1/3 1784/1/3
f 1786/11/3 1783/11/3 1782/11/3
f 1787/11/3 1783/11/3 1786/11/3
f 1789/2/3 1787/2/3 1786/2/3
f 1790/10/3 1788/10/3 1787/10/3
f 1790/2/3 1787/2/3 1789/2/3
f 1791/10/3 1788/10/3 1790/10/3
f 1795/11/3 1793/11/3 1792/11/3
f 1796/9/3 1794/9/3 1793/9/3
f 1796/11/3 1793/11/3 1795/11/3
f 1797/9/3 1794/9/3 1796/9/3
f 1800/11/3 1796/11/3 1795/11/3
f 1801/11/3 1796/11/3 1800/11/3
f 1802/2/3 1799/2/3 1798/2/3
f 1803/2/3 1799/2/3 1802/2/3
f 1806/2/3 1805/2/3 1804/2/3
f 1807/2/3 1805/2/3 1806/2/3
f 1811/3/3 1809/3/3 1808/3/3
f 1812/3/3 1809/3/3 1811/3/3
f 1815/2/3 1811/2/3 1810/2/3
f 1816/2/3 1811/2/3 1815/2/3
f 1818/1/3 1814/1/3 1813/1/3
f 1819/1/3 1814/1/3 1818/1/3
f 1820/4/3 1818/4/3 1817/4/3
f 1821/4/3 1818/4/3 1820/4/3
f 1824/1/3 1823/1/3 1822/1/3
f 1825/1/3 1823/1/3 1824/1/3
f 1830/10/3 1827/10/3 1826/10/3
f 1831/10/3 1827/10/3 1830/10/3
f 1832/2/3 1829/2/3 1828/2/3
f 1833/2/3 1829/2/3 1832/2/3
f 1836/1/3 1835/1/3 1834/1/3
f 1837/1/3 1835/1/3 1836/1/3
f 1843/2/3 1839/2/3 1838/2/3
f 1844/2/3 1839/2/3 1843/2/3
f 1847/11/3 1841/11/3 1840/11/3
f 1848/11/3 1841/11/3 1847/11/3
f 1849/2/3 1843/2/3 1842/2/3
f 1850/2/3 1843/2/3 1849/2/3
f 1852/4/3 1846/4/3 1845/4/3
f 1853/4/3 1846/4/3 1852/4/3
f 1857/2/3 1852/2/3 1851/2/3
f 1858/2/3 1852/2/3 1857/2/3
f 1860/1/3 1855/1/3 1854/1/3
f 1861/9/3 1856/9/3 1855/9/3
f 1861/1/3 1855/1/3 1860/1/3
f 1862/9/3 1856/9/3 1861/9/3
f 1863/4/3 1860/4/3 1859/4/3
f 1864/4/3 1860/4/3 1863/4/3
f 1867/2/3 1866/2/3 1865/2/3
f 1868/2/3 1866/2/3 1867/2/3
f 1869/1/3 1868/1/3 1867/1/3
f 1870/1/3 1868/1/3 1869/1/3
f 1874/2/3 1872/2/3 1871/2/3
f 1875/2/3 1872/2/3 1874/2/3
f 1878/4/3 1874/4/3 1873/4/3
f 1879/4/3 1874/4/3 1878/4/3
f 1881/4/3 1877/4/3 1876/4/3
f 1882/4/3 1877/4/3 1881/4/3
f 1886/1/3 1881/1/3 1880/1/3
f 1887/1/3 1881/1/3 1886/1/3
f 1889/1/3 1884/1/3 1883/1/3
f 1890/10/3 1885/10/3 1884/10/3
f 1890/1/3 1884/1/3 1889/1/3
f 1891/10/3 1885/10/3 1890/10/3
f 1892/2/3 1889/2/3 1888/2/3
f 1893/2/3 1889/2/3 1892/2/3
f 1896/10/3 1895/10/3 1894/10/3
f 1897/10/3 1895/10/3 1896/10/3
f 1900/9/3 1899/9/3 1898/9/3
f 1901/9/3 1899/9/3 1900/9/3
f 1906/4/3 1903/4/3 1902/4/3
f 1907/1/3 1904/1/3 1903/1/3
f 1907/4/3 1903/4/3 1906/4/3
f 1908/2/3 1905/2/3 1904/2/3
f 1908/1/3 1904/1/3 1907/1/3
f 1909/2/3 1905/2/3 1908/2/3
f 1912/4/3 1907/4/3 1906/4/3
f 1912/4/3 1908/4/3 1907/4/3
f 1913/4/3 1908/4/3 1912/4/3
f 1914/4/3 1908/4/3 1913/4/3
f 1917/11/3 1911/11/3 1910/11/3
f 1918/3/3 1913/3/3 1912/3/3
f 1919/3/3 1913/3/3 1918/3/3
f 1921/1/3 1916/1/3 1915/1/3
f 1922/1/3 1916/1/3 1921/1/3
f 1923/11/3 1911/11/3 1917/11/3
f 1924/11/3 1911/11/3 1923/11/3
f 1925/2/3 1921/2/3 1920/2/3
f 1926/2/3 1921/2/3 1925/2/3
f 1929/4/3 1928/4/3 1927/4/3
f 1930/4/3 1928/4/3 1929/4/3
f 1935/11/3 1932/11/3 1931/11/3
f 1936/11/3 1932/11/3 1935/11/3
f 1937/9/3 1934/9/3 1933/9/3
f 1938/9/3 1934/9/3 1937/9/3
f 1942/2/3 1940/2/3 1939/2/3
f 1943/2/3 1940/2/3 1942/2/3
f 1944/2/3 1942/2/3 1941/2/3
f 1945/4/3 1943/4/3 1942/4/3
f 1945/2/3 1942/2/3 1944/2/3
f 1946/4/3 1943/4/3 1945/4/3
f 1949/1/3 1945/1/3 1944/1/3
f 1950/1/3 1945/1/3 1949/1/3
f 1952/2/3 1948/2/3 1947/2/3
f 1953/2/3 1948/2/3 1952/2/3
f 1955/4/3 1952/4/3 1951/4/3
f 1956/4/3 1952/4/3 1955/4/3
f 1957/10/3 1954/10/3 1953/10/3
f 1958/10/3 1954/10/3 1957/10/3
f 1967/10/3 1960/10/3 1959/10/3
f 1968/10/3 1960/10/3 1967/10/3
f 1969/11/3 1962/11/3 1961/11/3
f 1970/11/3 1962/11/3 1969/11/3
f 1971/4/3 1964/4/3 1963/4/3
f 1972/4/3 1964/4/3 1971/4/3
f 1973/4/3 1966/4/3 1965/4/3
f 1974/4/3 1966/4/3 1973/4/3
f 1975/4/3 1966/4/3 1974/4/3
f 1977/2/3 1975/2/3 1974/2/3
f 1978/2/3 1975/2/3 1977/2/3
f 1979/4/3 1977/4/3 1976/4/3
f 1980/4/3 1977/4/3 1979/4/3
f 1983/11/3 1982/11/3 1981/11/3
f 1984/11/3 1982/11/3 1983/11/3
f 1985/4/4 1986/4/4 1989/4/4
f 1989/4/4 1986/4/4 1990/4/4
f 1987/4/4 1988/4/4 1991/4/4
f 1991/4/4 1988/4/4 1992/4/4
f 1991/1/4 1992/1/4 1993/1/4
f 1993/1/4 1992/1/4 1995/1/4
f 1995/1/4 1992/1/4 1996/1/4
f 1994/1/4 1995/1/4 2005/1/4
f 2005/1/4 1995/1/4 2006/1/4
f 1997/11/4 1998/11/4 2007/11/4
f 1998/9/4 1999/9/4 2008/9/4
f 2007/11/4 1998/11/4 2008/11/4
f 1999/10/4 2000/10/4 2009/10/4
f 2008/9/4 1999/9/4 2009/9/4
f 2000/11/4 2001/11/4 2010/11/4
f 2009/10/4 2000/10/4 2010/10/4
f 2001/10/4 2002/10/4 2011/10/4
f 2010/11/4 2001/11/4 2011/11/4
f 2002/11/4 2003/11/4 2012/11/4
f 2011/10/4 2002/10/4 2012/10/4
f 2003/10/4 2004/10/4 2013/10/4
f 2012/11/4 2003/11/4 2013/11/4
f 2004/9/4 2005/9/4 2014/9/4
f 2013/10/4 2004/10/4 2014/10/4
f 2014/9/4 2005/9/4 2015/9/4
f 2016/1/4 2017/1/4 2019/1/4
f 2019/1/4 2017/1/4 2020/1/4
f 2018/3/4 2019/3/4 2021/3/4
f 2019/3/4 2020/3/4 2021/3/4
f 2021/3/4 2020/3/4 2022/3/4
f 2022/3/4 2020/3/4 2023/3/4
f 2021/2/4 2022/2/4 2024/2/4
f 2024/2/4 2022/2/4 2025/2/4
f 2026/3/4 2027/3/4 2028/3/4
f 2028/3/4 2027/3/4 2029/3/4
f 2030/2/4 2031/2/4 2034/2/4
f 2031/1/4 2032/1/4 2035/1/4
f 2034/2/4 2031/2/4 2035/2/4
f 2032/3/4 2033/3/4 2036/3/4
f 2035/1/4 2032/1/4 2036/1/4
f 2036/3/4 2033/3/4 2037/3/4
f 2034/3/4 2035/3/4 2038/3/4
f 2035/4/4 2036/4/4 2039/4/4
f 2038/3/4 2035/3/4 2039/3/4
f 2039/4/4 2036/4/4 2040/4/4
f 2038/1/4 2039/1/4 2046/1/4
f 2046/1/4 2039/1/4 2047/1/4
f 2041/4/4 2042/4/4 2049/4/4
f 2049/4/4 2042/4/4 2050/4/4
f 2043/11/4 2044/11/4 2051/11/4
f 2044/9/4 2045/9/4 2052/9/4
f 2051/11/4 2044/11/4 2052/11/4
f 2052/9/4 2045/9/4 2053/9/4
f 2048/4/4 2049/4/4 2054/4/4
f 2054/4/4 2049/4/4 2055/4/4
f 2051/2/4 2052/2/4 2057/2/4
f 2052/10/4 2053/10/4 2058/10/4
f 2057/2/4 2052/2/4 2058/2/4
f 2058/10/4 2053/10/4 2059/10/4
f 2056/1/4 2057/1/4 2060/1/4
f 2060/1/4 2057/1/4 2061/1/4
f 2062/9/4 2063/9/4 2068/9/4
f 2068/9/4 2063/9/4 2069/9/4
f 2063/11/4 2064/11/4 2070/11/4
f 2069/9/4 2063/9/4 2070/9/4
f 2064/10/4 2065/10/4 2071/10/4
f 2070/11/4 2064/11/4 2071/11/4
f 2071/10/4 2065/10/4 2072/10/4
f 2066/3/4 2067/3/4 2073/3/4
f 2073/3/4 2067/3/4 2074/3/4
f 2073/2/4 2074/2/4 2075/2/4
f 2075/2/4 2074/2/4 2076/2/4
f 2077/4/4 2078/4/4 2080/4/4
f 2080/4/4 2078/4/4 2081/4/4
f 2079/2/4 2080/2/4 2084/2/4
f 2084/2/4 2080/2/4 2085/2/4
f 2082/2/4 2083/2/4 2087/2/4
f 2087/2/4 2083/2/4 2088/2/4
f 2086/2/4 2087/2/4 2091/2/4
f 2091/2/4 2087/2/4 2092/2/4
f 2089/1/4 2090/1/4 2094/1/4
f 2094/1/4 2090/1/4 2095/1/4
f 2093/2/4 2094/2/4 2096/2/4
f 2096/2/4 2094/2/4 2097/2/4
f 2098/3/4 2099/3/4 2100/3/4
f 2100/3/4 2099/3/4 2101/3/4
f 2102/3/4 2103/3/4 2104/3/4
f 2104/3/4 2103/3/4 2105/3/4
f 2106/1/4 2107/1/4 2109/1/4
f 2109/1/4 2107/1/4 2110/1/4
f 2108/3/4 2109/3/4 2115/3/4
f 2115/3/4 2109/3/4 2116/3/4
f 2111/2/4 2112/2/4 2118/2/4
f 2118/2/4 2112/2/4 2119/2/4
f 2113/9/4 2114/9/4 2121/9/4
f 2117/4/4 2118/4/4 2122/4/4
f 2122/4/4 2118/4/4 2123/4/4
f 2120/2/4 2121/2/4 2125/2/4
f 2121/9/4 2114/9/4 2126/9/4
f 2125/2/4 2121/2/4 2126/2/4
f 2126/9/4 2114/9/4 2127/9/4
f 2124/2/4 2125/2/4 2128/2/4
f 2128/2/4 2125/2/4 2129/2/4
f 2130/1/4 2131/1/4 2132/1/4
f 2132/1/4 2131/1/4 2133/1/4
f 2134/1/4 2135/1/4 2136/1/4
f 2136/1/4 2135/1/4 2137/1/4
f 2138/2/4 2139/2/4 2141/2/4
f 2141/2/4 2139/2/4 2142/2/4
f 2140/2/4 2141/2/4 2145/2/4
f 2145/2/4 2141/2/4 2146/2/4
f 2143/1/4 2144/1/4 2148/1/4
f 2148/1/4 2144/1/4 2149/1/4
f 2147/4/4 2148/4/4 2153/4/4
f 2153/4/4 2148/4/4 2154/4/4
f 2150/11/4 2151/11/4 2157/11/4
f 2151/9/4 2152/9/4 2158/9/4
f 2157/11/4 2151/11/4 2158/11/4
f 2158/9/4 2152/9/4 2159/9/4
f 2155/3/4 2156/3/4 2160/3/4
f 2160/3/4 2156/3/4 2161/3/4
f 2162/4/4 2163/4/4 2164/4/4
f 2164/4/4 2163/4/4 2165/4/4
f 2166/1/4 2167/1/4 2168/1/4
f 2168/1/4 2167/1/4 2169/1/4
f 2170/1/4 2171/1/4 2172/1/4
f 2172/1/4 2171/1/4 2173/1/4
f 2174/1/4 2175/1/4 2176/1/4
f 2176/1/4 2175/1/4 2177/1/4
f 2178/3/4 2179/3/4 2186/3/4
f 2186/3/4 2179/3/4 2187/3/4
f 2180/11/4 2181/11/4 2188/11/4
f 2188/11/4 2181/11/4 2189/11/4
f 2182/11/4 2183/11/4 2191/11/4
f 2183/11/4 2184/11/4 2191/11/4
f 2184/10/4 2185/10/4 2192/10/4
f 2191/11/4 2184/11/4 2192/11/4
f 2192/10/4 2185/10/4 2193/10/4
f 2188/4/4 2189/4/4 2195/4/4
f 2189/9/4 2190/9/4 2196/9/4
f 2195/4/4 2189/4/4 2196/4/4
f 2196/9/4 2190/9/4 2197/9/4
f 2193/11/4 2194/11/4 2198/11/4
f 2198/11/4 2194/11/4 2199/11/4
f 2196/10/4 2197/10/4 2200/10/4
f 2200/10/4 2197/10/4 2201/10/4
f 2202/4/4 2203/4/4 2209/4/4
f 2209/4/4 2203/4/4 2210/4/4
f 2204/10/4 2205/10/4 2211/10/4
f 2205/11/4 2206/11/4 2212/11/4
f 2211/10/4 2205/10/4 2212/10/4
f 2206/10/4 2207/10/4 2213/10/4
f 2212/11/4 2206/11/4 2213/11/4
f 2207/11/4 2208/11/4 2214/11/4
f 2213/10/4 2207/10/4 2214/10/4
f 2214/11/4 2208/11/4 2215/11/4
f 2216/2/4 2217/2/4 2221/2/4
f 2221/2/4 2217/2/4 2222/2/4
f 2218/9/4 2219/9/4 2223/9/4
f 2219/10/4 2220/10/4 2224/10/4
f 2223/9/4 2219/9/4 2224/9/4
f 2224/10/4 2220/10/4 2225/10/4
f 2226/4/4 2227/4/4 2230/4/4
f 2230/4/4 2227/4/4 2231/4/4
f 2228/11/4 2229/11/4 2232/11/4
f 2232/11/4 2229/11/4 2233/11/4
f 2234/9/4 2235/9/4 2236/9/4
f 2236/9/4 2235/9/4 2237/9/4
f 2238/10/4 2239/10/4 2240/10/4
f 2237/10/4 2238/10/4 2240/10/4
f 2240/10/4 2239/10/4 2241/10/4
f 2242/9/4 2243/9/4 2244/9/4
f 2244/9/4 2243/9/4 2245/9/4
f 2246/3/4 2247/3/4 2248/3/4
f 2248/3/4 2247/3/4 2249/3/4
f 2249/2/4 2250/2/4 2251/2/4
f 2251/2/4 2250/2/4 2252/2/4
f 2252/2/4 2253/2/4 2254/2/4
f 2254/2/4 2253/2/4 2255/2/4
f 2256/3/4 2257/3/4 2260/3/4
f 2260/3/4 2257/3/4 2261/3/4
f 2258/10/4 2259/10/4 2262/10/4
f 2262/10/4 2259/10/4 2263/10/4
f 2264/9/4 2265/9/4 2266/9/4
f 2266/9/4 2265/9/4 2269/9/4
f 2269/9/4 2265/9/4 2270/9/4
f 2267/10/4 2268/10/4 2272/10/4
f 2272/10/4 2268/10/4 2273/10/4
f 2270/11/4 2271/11/4 2275/11/4
f 2275/11/4 2271/11/4 2276/11/4
f 2273/10/4 2274/10/4 2277/10/4
f 2274/9/4 2275/9/4 2278/9/4
f 2277/10/4 2274/10/4 2278/10/4
f 2278/9/4 2275/9/4 2279/9/4
f 2280/4/4 2281/4/4 2285/4/4
f 2285/4/4 2281/4/4 2286/4/4
f 2282/10/4 2283/10/4 2288/10/4
f 2283/11/4 2284/11/4 2289/11/4
f 2288/10/4 2283/10/4 2289/10/4
f 2289/11/4 2284/11/4 2290/11/4
f 2286/4/4 2287/4/4 2291/4/4
f 2291/4/4 2287/4/4 2292/4/4
f 2293/1/4 2294/1/4 2295/1/4
f 2295/1/4 2294/1/4 2296/1/4
f 2297/10/4 2298/10/4 2301/10/4
f 2301/10/4 2298/10/4 2302/10/4
f 2299/2/4 2300/2/4 2305/2/4
f 2305/2/4 2300/2/4 2306/2/4
f 2302/10/4 2303/10/4 2307/10/4
f 2303/11/4 2304/11/4 2308/11/4
f 2307/10/4 2303/10/4 2308/10/4
f 2308/11/4 2304/11/4 2309/11/4
f 2310/9/4 2311/9/4 2317/9/4
f 2311/10/4 2312/10/4 2318/10/4
f 2317/9/4 2311/9/4 2318/9/4
f 2312/9/4 2313/9/4 2319/9/4
f 2318/10/4 2312/10/4 2319/10/4
f 2313/10/4 2314/10/4 2320/10/4
f 2319/9/4 2313/9/4 2320/9/4
f 2320/10/4 2314/10/4 2321/10/4
f 2315/6/4 2316/6/4 2323/6/4
f 2323/6/4 2316/6/4 2324/6/4
f 2321/11/4 2322/11/4 2325/11/4
f 2325/11/4 2322/11/4 2326/11/4
f 2327/1/4 2328/1/4 2329/1/4
f 2329/1/4 2328/1/4 2330/1/4
f 2331/4/4 2332/4/4 2333/4/4
f 2333/4/4 2332/4/4 2334/4/4
f 2335/10/4 2336/10/4 2339/10/4
f 2339/10/4 2336/10/4 2340/10/4
f 2337/1/4 2338/1/4 2341/1/4
f 2341/1/4 2338/1/4 2342/1/4
f 2343/9/4 2344/9/4 2347/9/4
f 2347/9/4 2344/9/4 2348/9/4
f 2345/1/4 2346/1/4 2349/1/4
f 2349/1/4 2346/1/4 2350/1/4
f 2347/10/4 2348/10/4 2354/10/4
f 2354/10/4 2348/10/4 2355/10/4
f 2350/3/4 2351/3/4 2356/3/4
f 2351/1/4 2352/1/4 2357/1/4
f 2356/3/4 2351/3/4 2357/3/4
f 2357/1/4 2352/1/4 2358/1/4
f 2353/5/4 2354/5/4 2359/5/4
f 2359/5/4 2354/5/4 2360/5/4
f 2361/1/4 2362/1/4 2363/1/4
f 2363/1/4 2362/1/4 2364/1/4
f 2363/3/4 2364/3/4 2367/3/4
f 2367/3/4 2364/3/4 2368/3/4
f 2365/11/4 2366/11/4 2369/11/4
f 2369/11/4 2366/11/4 2370/11/4
f 2369/9/4 2370/9/4 2373/9/4
f 2373/9/4 2370/9/4 2374/9/4
f 2371/3/4 2372/3/4 2375/3/4
f 2375/3/4 2372/3/4 2376/3/4
f 2377/3/4 2378/3/4 2379/3/4
f 2379/3/4 2378/3/4 2380/3/4
f 2380/2/4 2381/2/4 2385/2/4
f 2381/4/4 2382/4/4 2386/4/4
f 2385/2/4 2381/2/4 2386/2/4
f 2386/4/4 2382/4/4 2387/4/4
f 2383/6/4 2384/6/4 2389/6/4
f 2389/6/4 2384/6/4 2390/6/4
f 2387/4/4 2388/4/4 2391/4/4
f 2388/1/4 2389/1/4 2392/1/4
f 2391/4/4 2388/4/4 2392/4/4
f 2392/1/4 2389/1/4 2393/1/4
f 2391/11/4 2392/11/4 2397/11/4
f 2392/11/4 2393/11/4 2397/11/4
f 2393/1/4 2394/1/4 2398/1/4
f 2397/11/4 2393/11/4 2398/11/4
f 2394/4/4 2395/4/4 2399/4/4
f 2398/1/4 2394/1/4 2399/1/4
f 2395/10/4 2396/10/4 2400/10/4
f 2399/4/4 2395/4/4 2400/4/4
f 2400/10/4 2396/10/4 2401/10/4
f 2398/11/4 2399/11/4 2402/11/4
f 2399/9/4 2400/9/4 2403/9/4
f 2402/11/4 2399/11/4 2403/11/4
f 2403/9/4 2400/9/4 2404/9/4
f 2405/2/4 2406/2/4 2411/2/4
f 2407/10/4 2408/10/4 2412/10/4
f 2412/10/4 2408/10/4 2413/10/4
f 2408/11/4 2409/11/4 2414/11/4
f 2413/10/4 2408/10/4 2414/10/4
f 2409/10/4 2410/10/4 2415/10/4
f 2414/11/4 2409/11/4 2415/11/4
f 2415/10/4 2410/10/4 2416/10/4
f 2405/2/4 2411/2/4 2417/2/4
f 2417/2/4 2411/2/4 2418/2/4
f 2417/4/4 2418/4/4 2419/4/4
f 2419/4/4 2418/4/4 2420/4/4
f 2421/10/4 2422/10/4 2425/10/4
f 2425/10/4 2422/10/4 2426/10/4
f 2423/1/4 2424/1/4 2427/1/4
f 2427/1/4 2424/1/4 2428/1/4
f 2429/6/4 2430/6/4 2431/6/4
f 2431/6/4 2430/6/4 2432/6/4
f 2433/4/4 2434/4/4 2435/4/4
f 2435/4/4 2434/4/4 2436/4/4
f 2435/2/4 2436/2/4 2437/2/4
f 2437/2/4 2436/2/4 2438/2/4
f 2437/1/4 2438/1/4 2439/1/4
f 2439/1/4 2438/1/4 2440/1/4
f 2439/3/4 2440/3/4 2441/3/4
f 2441/3/4 2440/3/4 2442/3/4
f 2442/4/4 2443/4/4 2447/4/4
f 2443/3/4 2444/3/4 2448/3/4
f 2447/4/4 2443/4/4 2448/4/4
f 2448/3/4 2444/3/4 2449/3/4
f 2445/5/4 2446/5/4 2451/5/4
f 2451/5/4 2446/5/4 2452/5/4
f 2447/11/4 2448/11/4 2455/11/4
f 2448/10/4 2449/10/4 2456/10/4
f 2455/11/4 2448/11/4 2456/11/4
f 2449/1/4 2450/1/4 2457/1/4
f 2456/10/4 2449/10/4 2457/10/4
f 2450/2/4 2451/2/4 2458/2/4
f 2457/1/4 2450/1/4 2458/1/4
f 2458/2/4 2451/2/4 2459/2/4
f 2453/10/4 2454/10/4 2461/10/4
f 2461/10/4 2454/10/4 2462/10/4
f 2457/9/4 2458/9/4 2463/9/4
f 2458/10/4 2459/10/4 2464/10/4
f 2463/9/4 2458/9/4 2464/9/4
f 2459/2/4 2460/2/4 2465/2/4
f 2464/10/4 2459/10/4 2465/10/4
f 2460/3/4 2461/3/4 2466/3/4
f 2465/2/4 2460/2/4 2466/2/4
f 2466/3/4 2461/3/4 2467/3/4
f 2465/11/4 2466/11/4 2469/11/4
f 2467/10/4 2468/10/4 2470/10/4
f 2469/11/4 2466/11/4 2470/11/4
f 2466/10/4 2467/10/4 2470/10/4
f 2470/10/4 2468/10/4 2471/10/4
f 2472/9/4 2473/9/4 2478/9/4
f 2478/9/4 2473/9/4 2479/9/4
f 2474/3/4 2475/3/4 2480/3/4
f 2480/3/4 2475/3/4 2481/3/4
f 2476/8/4 2477/8/4 2482/8/4
f 2482/8/4 2477/8/4 2483/8/4
f 2480/4/4 2481/4/4 2486/4/4
f 2481/1/4 2482/1/4 2486/1/4
f 2486/1/4 2482/1/4 2487/1/4
f 2484/9/4 2485/9/4 2488/9/4
f 2488/9/4 2485/9/4 2489/9/4
f 2486/4/4 2487/4/4 2491/4/4
f 2480/4/4 2486/4/4 2491/4/4
f 2491/4/4 2487/4/4 2492/4/4
f 2492/4/4 2487/4/4 2493/4/4
f 2488/10/4 2489/10/4 2495/10/4
f 2489/11/4 2490/11/4 2496/11/4
f 2495/10/4 2489/10/4 2496/10/4
f 2496/11/4 2490/11/4 2497/11/4
f 2491/3/4 2492/3/4 2498/3/4
f 2492/2/4 2493/2/4 2499/2/4
f 2498/3/4 2492/3/4 2499/3/4
f 2499/2/4 2493/2/4 2500/2/4
f 2494/7/4 2495/7/4 2502/7/4
f 2502/7/4 2495/7/4 2503/7/4
f 2500/2/4 2501/2/4 2504/2/4
f 2501/1/4 2502/1/4 2505/1/4
f 2504/2/4 2501/2/4 2505/2/4
f 2505/1/4 2502/1/4 2506/1/4
f 2506/4/4 2507/4/4 2509/4/4
f 2507/1/4 2508/1/4 2510/1/4
f 2509/4/4 2507/4/4 2510/4/4
f 2510/1/4 2508/1/4 2511/1/4
f 2511/11/4 2512/11/4 2513/11/4
f 2513/11/4 2512/11/4 2514/11/4
f 2515/11/4 2516/11/4 2519/11/4
f 2519/11/4 2516/11/4 2520/11/4
f 2517/9/4 2518/9/4 2521/9/4
f 2521/9/4 2518/9/4 2522/9/4
f 2523/2/4 2524/2/4 2525/2/4
f 2525/2/4 2524/2/4 2526/2/4
f 2525/4/4 2526/4/4 2528/4/4
f 2528/4/4 2526/4/4 2529/4/4
f 2527/1/4 2528/1/4 2530/1/4
f 2530/1/4 2528/1/4 2531/1/4
f 2532/10/4 2533/10/4 2534/10/4
f 2534/10/4 2533/10/4 2535/10/4
f 2536/10/4 2537/10/4 2545/10/4
f 2545/10/4 2537/10/4 2546/10/4
f 2538/11/4 2539/11/4 2547/11/4
f 2539/10/4 2540/10/4 2548/10/4
f 2547/11/4 2539/11/4 2548/11/4
f 2540/4/4 2541/4/4 2549/4/4
f 2548/10/4 2540/10/4 2549/10/4
f 2541/1/4 2542/1/4 2550/1/4
f 2549/4/4 2541/4/4 2550/4/4
f 2542/2/4 2543/2/4 2551/2/4
f 2550/1/4 2542/1/4 2551/1/4
f 2543/4/4 2544/4/4 2552/4/4
f 2551/2/4 2543/2/4 2552/2/4
f 2549/10/4 2550/10/4 2553/10/4
f 2553/10/4 2550/10/4 2554/10/4
f 2552/4/4 2544/4/4 2555/4/4
f 2551/4/4 2552/4/4 2555/4/4
f 2555/4/4 2544/4/4 2556/4/4
f 2553/9/4 2554/9/4 2557/9/4
f 2557/9/4 2554/9/4 2558/9/4
f 2551/4/4 2555/4/4 2559/4/4
f 2555/2/4 2556/2/4 2560/2/4
f 2559/4/4 2555/4/4 2560/4/4
f 2560/2/4 2556/2/4 2561/2/4
f 2558/9/4 2559/9/4 2563/9/4
f 2559/4/4 2560/4/4 2564/4/4
f 2563/9/4 2559/9/4 2564/9/4
f 2560/3/4 2561/3/4 2565/3/4
f 2564/4/4 2560/4/4 2565/4/4
f 2561/10/4 2562/10/4 2566/10/4
f 2565/3/4 2561/3/4 2566/3/4
f 2566/10/4 2562/10/4 2567/10/4
f 2564/10/4 2565/10/4 2568/10/4
f 2565/11/4 2566/11/4 2569/11/4
f 2568/10/4 2565/10/4 2569/10/4
f 2569/11/4 2566/11/4 2570/11/4
f 2571/11/4 2572/11/4 2573/11/4
f 2573/11/4 2572/11/4 2574/11/4
f 2577/1/5 2576/1/5 2575/1/5
f 2578/1/5 2576/1/5 2577/1/5
f 2579/3/5 2578/3/5 2577/3/5
f 2580/3/5 2578/3/5 2579/3/5
f 2583/11/5 2582/11/5 2581/11/5
f 2584/11/5 2582/11/5 2583/11/5
f 2587/1/5 2586/1/5 2585/1/5
f 2588/1/5 2586/1/5 2587/1/5
f 2590/3/5 2589/3/5 2588/3/5
f 2591/3/5 2589/3/5 2590/3/5
f 2593/2/5 2591/2/5 2590/2/5
f 2594/2/5 2591/2/5 2593/2/5
f 2595/4/5 2593/4/5 2592/4/5
f 2596/4/5 2593/4/5 2595/4/5
f 2599/11/5 2598/11/5 2597/11/5
f 2600/11/5 2598/11/5 2599/11/5
f 2603/3/5 2602/3/5 2601/3/5
f 2604/3/5 2602/3/5 2603/3/5
f 2606/1/5 2605/1/5 2604/1/5
f 2607/1/5 2605/1/5 2606/1/5
f 2609/1/5 2608/1/5 2607/1/5
f 2610/1/5 2608/1/5 2609/1/5
f 2612/2/5 2610/2/5 2609/2/5
f 2613/2/5 2610/2/5 2612/2/5
f 2615/4/5 2612/4/5 2611/4/5
f 2616/4/5 2612/4/5 2615/4/5
f 2617/1/5 2615/1/5 2614/1/5
f 2618/1/5 2615/1/5 2617/1/5
f 2621/9/5 2620/9/5 2619/9/5
f 2622/9/5 2620/9/5 2621/9/5
f 2628/1/5 2624/1/5 2623/1/5
f 2629/4/5 2625/4/5 2624/4/5
f 2629/1/5 2624/1/5 2628/1/5
f 2630/4/5 2625/4/5 2629/4/5
f 2632/11/5 2627/11/5 2626/11/5
f 2633/11/5 2627/11/5 2632/11/5
f 2634/4/5 2631/4/5 2630/4/5
f 2634/4/5 2630/4/5 2629/4/5
f 2635/4/5 2631/4/5 2634/4/5
f 2636/4/5 2631/4/5 2635/4/5
f 2640/2/5 2636/2/5 2635/2/5
f 2641/1/5 2637/1/5 2636/1/5
f 2641/2/5 2636/2/5 2640/2/5
f 2642/1/5 2637/1/5 2641/1/5
f 2644/8/5 2639/8/5 2638/8/5
f 2645/8/5 2639/8/5 2644/8/5
f 2646/4/5 2642/4/5 2641/4/5
f 2647/2/5 2643/2/5 2642/2/5
f 2647/4/5 2642/4/5 2646/4/5
f 2648/2/5 2643/2/5 2647/2/5
f 2649/5/5 2645/5/5 2644/5/5
f 2650/5/5 2645/5/5 2649/5/5
f 2652/1/5 2647/1/5 2646/1/5
f 2653/3/5 2648/3/5 2647/3/5
f 2653/1/5 2647/1/5 2652/1/5
f 2654/3/5 2648/3/5 2653/3/5
f 2656/3/5 2652/3/5 2651/3/5
f 2657/1/5 2653/1/5 2652/1/5
f 2657/3/5 2652/3/5 2656/3/5
f 2658/1/5 2653/1/5 2657/1/5
f 2660/2/5 2656/2/5 2655/2/5
f 2661/4/5 2657/4/5 2656/4/5
f 2661/2/5 2656/2/5 2660/2/5
f 2662/4/5 2657/4/5 2661/4/5
f 2663/1/5 2660/1/5 2659/1/5
f 2664/3/5 2661/3/5 2660/3/5
f 2664/1/5 2660/1/5 2663/1/5
f 2665/3/5 2661/3/5 2664/3/5
f 2668/9/5 2667/9/5 2666/9/5
f 2669/9/5 2667/9/5 2668/9/5
f 2673/3/5 2671/3/5 2670/3/5
f 2674/3/5 2671/3/5 2673/3/5
f 2675/1/5 2672/1/5 2671/1/5
f 2675/3/5 2671/3/5 2674/3/5
f 2676/1/5 2672/1/5 2675/1/5
f 2678/1/5 2677/1/5 2676/1/5
f 2678/1/5 2676/1/5 2675/1/5
f 2679/1/5 2677/1/5 2678/1/5
f 2680/1/5 2677/1/5 2679/1/5
f 2682/1/5 2680/1/5 2679/1/5
f 2683/4/5 2681/4/5 2680/4/5
f 2683/1/5 2680/1/5 2682/1/5
f 2684/4/5 2681/4/5 2683/4/5
f 2686/4/5 2684/4/5 2683/4/5
f 2687/1/5 2685/1/5 2684/1/5
f 2687/4/5 2684/4/5 2686/4/5
f 2688/1/5 2685/1/5 2687/1/5
f 2689/4/5 2688/4/5 2687/4/5
f 2690/4/5 2688/4/5 2689/4/5
f 2692/3/5 2690/3/5 2689/3/5
f 2693/3/5 2690/3/5 2692/3/5
f 2697/1/5 2692/1/5 2691/1/5
f 2698/2/5 2693/2/5 2692/2/5
f 2698/1/5 2692/1/5 2697/1/5
f 2699/2/5 2693/2/5 2698/2/5
f 2700/9/5 2695/9/5 2694/9/5
f 2701/9/5 2695/9/5 2700/9/5
f 2703/2/5 2697/2/5 2696/2/5
f 2704/1/5 2698/1/5 2697/1/5
f 2704/2/5 2697/2/5 2703/2/5
f 2705/1/5 2698/1/5 2704/1/5
f 2708/2/5 2703/2/5 2702/2/5
f 2709/3/5 2704/3/5 2703/3/5
f 2709/2/5 2703/2/5 2708/2/5
f 2710/3/5 2704/3/5 2709/3/5
f 2711/2/5 2707/2/5 2706/2/5
f 2711/2/5 2708/2/5 2707/2/5
f 2712/4/5 2709/4/5 2708/4/5
f 2712/2/5 2708/2/5 2711/2/5
f 2713/4/5 2709/4/5 2712/4/5
f 2716/10/5 2715/10/5 2714/10/5
f 2717/10/5 2715/10/5 2716/10/5
f 2723/2/5 2719/2/5 2718/2/5
f 2724/3/5 2720/3/5 2719/3/5
f 2724/2/5 2719/2/5 2723/2/5
f 2725/2/5 2721/2/5 2720/2/5
f 2725/3/5 2720/3/5 2724/3/5
f 2726/1/5 2722/1/5 2721/1/5
f 2726/2/5 2721/2/5 2725/2/5
f 2727/1/5 2722/1/5 2726/1/5
f 2729/3/5 2728/3/5 2727/3/5
f 2729/3/5 2727/3/5 2726/3/5
f 2730/3/5 2728/3/5 2729/3/5
f 2731/3/5 2728/3/5 2730/3/5
f 2733/1/5 2731/1/5 2730/1/5
f 2734/4/5 2732/4/5 2731/4/5
f 2734/1/5 2731/1/5 2733/1/5
f 2735/4/5 2732/4/5 2734/4/5
f 2739/1/5 2735/1/5 2734/1/5
f 2740/4/5 2736/4/5 2735/4/5
f 2740/1/5 2735/1/5 2739/1/5
f 2741/4/5 2736/4/5 2740/4/5
f 2742/11/5 2738/11/5 2737/11/5
f 2743/11/5 2738/11/5 2742/11/5
f 2744/2/5 2741/2/5 2740/2/5
f 2745/2/5 2741/2/5 2744/2/5
f 2746/3/5 2745/3/5 2744/3/5
f 2747/3/5 2745/3/5 2746/3/5
f 2748/3/5 2745/3/5 2747/3/5
f 2750/1/5 2748/1/5 2747/1/5
f 2752/1/5 2750/1/5 2749/1/5
f 2753/1/5 2748/1/5 2750/1/5
f 2753/1/5 2750/1/5 2752/1/5
f 2754/1/5 2748/1/5 2753/1/5
f 2756/2/5 2752/2/5 2751/2/5
f 2757/3/5 2753/3/5 2752/3/5
f 2757/2/5 2752/2/5 2756/2/5
f 2758/3/5 2753/3/5 2757/3/5
f 2762/1/5 2756/1/5 2755/1/5
f 2762/1/5 2757/1/5 2756/1/5
f 2763/1/5 2757/1/5 2762/1/5
f 2764/1/5 2757/1/5 2763/1/5
f 2765/4/5 2760/4/5 2759/4/5
f 2766/2/5 2761/2/5 2760/2/5
f 2766/4/5 2760/4/5 2765/4/5
f 2767/1/5 2762/1/5 2761/1/5
f 2767/2/5 2761/2/5 2766/2/5
f 2768/3/5 2763/3/5 2762/3/5
f 2768/1/5 2762/1/5 2767/1/5
f 2769/3/5 2763/3/5 2768/3/5
f 2772/11/5 2771/11/5 2770/11/5
f 2773/11/5 2771/11/5 2772/11/5
f 2779/1/5 2775/1/5 2774/1/5
f 2780/2/5 2776/2/5 2775/2/5
f 2780/1/5 2775/1/5 2779/1/5
f 2781/3/5 2777/3/5 2776/3/5
f 2781/2/5 2776/2/5 2780/2/5
f 2782/1/5 2778/1/5 2777/1/5
f 2782/3/5 2777/3/5 2781/3/5
f 2783/1/5 2778/1/5 2782/1/5
f 2785/2/5 2784/2/5 2783/2/5
f 2786/2/5 2784/2/5 2785/2/5
f 2788/3/5 2787/3/5 2786/3/5
f 2789/3/5 2787/3/5 2788/3/5
f 2791/2/5 2790/2/5 2789/2/5
f 2792/2/5 2790/2/5 2791/2/5
f 2794/3/5 2793/3/5 2792/3/5
f 2795/3/5 2793/3/5 2794/3/5
f 2796/3/5 2795/3/5 2794/3/5
f 2797/3/5 2795/3/5 2796/3/5
f 2798/1/5 2797/1/5 2796/1/5
f 2799/1/5 2797/1/5 2798/1/5
f 2800/2/5 2799/2/5 2798/2/5
f 2801/2/5 2799/2/5 2800/2/5
f 2802/4/5 2801/4/5 2800/4/5
f 2803/4/5 2801/4/5 2802/4/5
f 2805/3/5 2803/3/5 2802/3/5
f 2806/3/5 2803/3/5 2805/3/5
f 2808/2/5 2805/2/5 2804/2/5
f 2809/2/5 2805/2/5 2808/2/5
f 2811/2/5 2808/2/5 2807/2/5
f 2812/2/5 2808/2/5 2811/2/5
f 2817/4/5 2811/4/5 2810/4/5
f 2818/11/5 2812/11/5 2811/11/5
f 2818/4/5 2811/4/5 2817/4/5
f 2819/11/5 2812/11/5 2818/11/5
f 2820/3/5 2814/3/5 2813/3/5
f 2821/4/5 2816/4/5 2815/4/5
f 2821/3/5 2814/3/5 2820/3/5
f 2821/4/5 2815/4/5 2814/4/5
f 2822/3/5 2817/3/5 2816/3/5
f 2822/4/5 2816/4/5 2821/4/5
f 2823/3/5 2817/3/5 2822/3/5
f 2826/11/5 2825/11/5 2824/11/5
f 2827/11/5 2825/11/5 2826/11/5
f 2830/3/5 2829/3/5 2828/3/5
f 2831/3/5 2829/3/5 2830/3/5
f 2834/4/5 2833/4/5 2832/4/5
f 2835/4/5 2833/4/5 2834/4/5
f 2837/1/5 2836/1/5 2835/1/5
f 2838/1/5 2836/1/5 2837/1/5
f 2840/2/5 2839/2/5 2838/2/5
f 2841/2/5 2839/2/5 2840/2/5
f 2843/1/5 2842/1/5 2841/1/5
f 2844/1/5 2842/1/5 2843/1/5
f 2848/4/5 2846/4/5 2845/4/5
f 2849/4/5 2846/4/5 2848/4/5
f 2851/3/5 2848/3/5 2847/3/5
f 2852/3/5 2848/3/5 2851/3/5
f 2854/2/5 2851/2/5 2850/2/5
f 2855/2/5 2851/2/5 2854/2/5
f 2856/2/5 2854/2/5 2853/2/5
f 2857/2/5 2854/2/5 2856/2/5
f 2860/2/5 2859/2/5 2858/2/5
f 2861/2/5 2859/2/5 2860/2/5
f 2864/4/5 2863/4/5 2862/4/5
f 2865/4/5 2863/4/5 2864/4/5
f 2869/2/5 2866/2/5 2865/2/5
f 2870/3/5 2867/3/5 2866/3/5
f 2870/2/5 2866/2/5 2869/2/5
f 2871/2/5 2868/2/5 2867/2/5
f 2871/3/5 2867/3/5 2870/3/5
f 2872/2/5 2868/2/5 2871/2/5
f 2874/4/5 2873/4/5 2872/4/5
f 2875/4/5 2873/4/5 2874/4/5
f 2877/2/5 2876/2/5 2875/2/5
f 2878/2/5 2876/2/5 2877/2/5
f 2880/4/5 2879/4/5 2878/4/5
f 2881/4/5 2879/4/5 2880/4/5
f 2883/4/5 2882/4/5 2881/4/5
f 2884/4/5 2882/4/5 2883/4/5
f 2888/11/5 2886/11/5 2885/11/5
f 2889/11/5 2886/11/5 2888/11/5
f 2890/1/5 2888/1/5 2887/1/5
f 2891/1/5 2888/1/5 2890/1/5
f 2892/2/5 2891/2/5 2890/2/5
f 2893/2/5 2891/2/5 2892/2/5
f 2895/2/5 2893/2/5 2892/2/5
f 2896/10/5 2894/10/5 2893/10/5
f 2896/2/5 2893/2/5 2895/2/5
f 2897/10/5 2894/10/5 2896/10/5
f 2899/11/5 2897/11/5 2896/11/5
f 2900/11/5 2897/11/5 2899/11/5
f 2902/2/5 2899/2/5 2898/2/5
f 2903/2/5 2899/2/5 2902/2/5
f 2905/4/5 2902/4/5 2901/4/5
f 2906/11/5 2903/11/5 2902/11/5
f 2906/4/5 2902/4/5 2905/4/5
f 2907/11/5 2903/11/5 2906/11/5
f 2908/2/5 2905/2/5 2904/2/5
f 2909/2/5 2905/2/5 2908/2/5
f 2912/9/5 2909/9/5 2908/9/5
f 2913/9/5 2909/9/5 2912/9/5
f 2917/2/5 2911/2/5 2910/2/5
f 2918/2/5 2911/2/5 2917/2/5
f 2919/4/5 2915/4/5 2914/4/5
f 2920/2/5 2916/2/5 2915/2/5
f 2920/4/5 2915/4/5 2919/4/5
f 2921/1/5 2917/1/5 2916/1/5
f 2921/2/5 2916/2/5 2920/2/5
f 2922/1/5 2917/1/5 2921/1/5
f 2923/10/5 2920/10/5 2919/10/5
f 2924/9/5 2921/9/5 2920/9/5
f 2924/10/5 2920/10/5 2923/10/5
f 2925/9/5 2921/9/5 2924/9/5
f 2928/8/5 2927/8/5 2926/8/5
f 2929/8/5 2927/8/5 2928/8/5
f 2932/4/5 2931/4/5 2930/4/5
f 2933/4/5 2931/4/5 2932/4/5
f 2935/2/5 2934/2/5 2933/2/5
f 2936/2/5 2934/2/5 2935/2/5
f 2938/2/5 2937/2/5 2936/2/5
f 2939/2/5 2937/2/5 2938/2/5
f 2941/1/5 2940/1/5 2939/1/5
f 2942/1/5 2940/1/5 2941/1/5
f 2944/3/5 2943/3/5 2942/3/5
f 2945/3/5 2943/3/5 2944/3/5
f 2948/9/5 2947/9/5 2946/9/5
f 2949/9/5 2947/9/5 2948/9/5
f 2953/1/5 2951/1/5 2950/1/5
f 2954/1/5 2951/1/5 2953/1/5
f 2956/1/5 2953/1/5 2952/1/5
f 2957/1/5 2953/1/5 2956/1/5
f 2959/4/5 2956/4/5 2955/4/5
f 2960/4/5 2956/4/5 2959/4/5
f 2962/4/5 2959/4/5 2958/4/5
f 2963/4/5 2959/4/5 2962/4/5
f 2966/1/5 2962/1/5 2961/1/5
f 2967/1/5 2962/1/5 2966/1/5
f 2968/7/5 2965/7/5 2964/7/5
f 2969/7/5 2965/7/5 2968/7/5
f 2972/9/5 2971/9/5 2970/9/5
f 2973/9/5 2971/9/5 2972/9/5
f 2977/4/5 2975/4/5 2974/4/5
f 2978/1/5 2976/1/5 2975/1/5
f 2978/4/5 2975/4/5 2977/4/5
f 2979/1/5 2976/1/5 2978/1/5
f 2984/3/5 2980/3/5 2979/3/5
f 2985/3/5 2980/3/5 2984/3/5
f 2987/5/5 2983/5/5 2982/5/5
f 2987/5/5 2982/5/5 2981/5/5
f 2988/5/5 2983/5/5 2987/5/5
f 2989/5/5 2983/5/5 2988/5/5
f 2991/1/5 2986/1/5 2985/1/5
f 2992/1/5 2986/1/5 2991/1/5
f 2994/7/5 2988/7/5 2987/7/5
f 2995/8/5 2989/8/5 2988/8/5
f 2995/7/5 2988/7/5 2994/7/5
f 2996/5/5 2990/5/5 2989/5/5
f 2996/8/5 2989/8/5 2995/8/5
f 2997/5/5 2990/5/5 2996/5/5
f 2999/2/5 2993/2/5 2992/2/5
f 3000/2/5 2993/2/5 2999/2/5
f 3002/7/5 2995/7/5 2994/7/5
f 3003/6/5 2996/6/5 2995/6/5
f 3003/7/5 2995/7/5 3002/7/5
f 3004/7/5 2998/7/5 2997/7/5
f 3004/6/5 2996/6/5 3003/6/5
f 3004/7/5 2997/7/5 2996/7/5
f 3005/7/5 2998/7/5 3004/7/5
f 3007/2/5 3001/2/5 3000/2/5
f 3008/2/5 3001/2/5 3007/2/5
f 3010/7/5 3003/7/5 3002/7/5
f 3011/5/5 3004/5/5 3003/5/5
f 3011/6/5 3005/6/5 3004/6/5
f 3012/6/5 3005/6/5 3011/6/5
f 3013/8/5 3006/8/5 3005/8/5
f 3013/6/5 3005/6/5 3012/6/5
f 3014/8/5 3006/8/5 3013/8/5
f 3016/3/5 3009/3/5 3008/3/5
f 3017/3/5 3009/3/5 3016/3/5
f 3018/7/5 3003/7/5 3010/7/5
f 3019/5/5 3011/5/5 3003/5/5
f 3019/7/5 3003/7/5 3018/7/5
f 3020/8/5 3012/8/5 3011/8/5
f 3020/5/5 3011/5/5 3019/5/5
f 3021/7/5 3013/7/5 3012/7/5
f 3021/8/5 3012/8/5 3020/8/5
f 3022/8/5 3015/8/5 3014/8/5
f 3022/6/5 3014/6/5 3013/6/5
f 3023/8/5 3015/8/5 3022/8/5
f 3027/6/5 3019/6/5 3018/6/5
f 3027/6/5 3020/6/5 3019/6/5
f 3028/6/5 3020/6/5 3027/6/5
f 3029/7/5 3021/7/5 3020/7/5
f 3029/6/5 3020/6/5 3028/6/5
f 3030/7/5 3013/7/5 3021/7/5
f 3030/7/5 3021/7/5 3029/7/5
f 3031/6/5 3022/6/5 3013/6/5
f 3031/7/5 3013/7/5 3030/7/5
f 3032/5/5 3024/5/5 3023/5/5
f 3032/6/5 3022/6/5 3031/6/5
f 3032/5/5 3023/5/5 3022/5/5
f 3033/5/5 3024/5/5 3032/5/5
f 3034/5/5 3024/5/5 3033/5/5
f 3036/10/5 3026/10/5 3025/10/5
f 3037/10/5 3026/10/5 3036/10/5
f 3038/6/5 3028/6/5 3027/6/5
f 3039/8/5 3029/8/5 3028/8/5
f 3039/6/5 3028/6/5 3038/6/5
f 3039/8/5 3030/8/5 3029/8/5
f 3040/8/5 3030/8/5 3039/8/5
f 3041/6/5 3031/6/5 3030/6/5
f 3041/8/5 3030/8/5 3040/8/5
f 3042/5/5 3032/5/5 3031/5/5
f 3042/6/5 3031/6/5 3041/6/5
f 3043/7/5 3033/7/5 3032/7/5
f 3043/5/5 3032/5/5 3042/5/5
f 3044/5/5 3034/5/5 3033/5/5
f 3044/7/5 3033/7/5 3043/7/5
f 3045/5/5 3034/5/5 3044/5/5
f 3046/3/5 3036/3/5 3035/3/5
f 3047/3/5 3036/3/5 3046/3/5
f 3049/5/5 3039/5/5 3038/5/5
f 3050/7/5 3040/7/5 3039/7/5
f 3050/5/5 3039/5/5 3049/5/5
f 3051/8/5 3041/8/5 3040/8/5
f 3051/7/5 3040/7/5 3050/7/5
f 3052/7/5 3042/7/5 3041/7/5
f 3052/8/5 3041/8/5 3051/8/5
f 3053/5/5 3043/5/5 3042/5/5
f 3053/7/5 3042/7/5 3052/7/5
f 3053/5/5 3044/5/5 3043/5/5
f 3054/5/5 3044/5/5 3053/5/5
f 3055/7/5 3045/7/5 3044/7/5
f 3055/5/5 3044/5/5 3054/5/5
f 3056/7/5 3045/7/5 3055/7/5
f 3058/10/5 3048/10/5 3047/10/5
f 3059/10/5 3048/10/5 3058/10/5
f 3060/8/5 3052/8/5 3051/8/5
f 3060/8/5 3050/8/5 3049/8/5
f 3060/8/5 3051/8/5 3050/8/5
f 3060/8/5 3053/8/5 3052/8/5
f 3061/8/5 3053/8/5 3060/8/5
f 3062/8/5 3053/8/5 3061/8/5
f 3063/5/5 3054/5/5 3053/5/5
f 3063/8/5 3053/8/5 3062/8/5
f 3064/6/5 3055/6/5 3054/6/5
f 3064/5/5 3054/5/5 3063/5/5
f 3065/8/5 3056/8/5 3055/8/5
f 3065/6/5 3055/6/5 3064/6/5
f 3066/8/5 3056/8/5 3065/8/5
f 3067/3/5 3058/3/5 3057/3/5
f 3068/3/5 3058/3/5 3067/3/5
f 3069/8/5 3061/8/5 3060/8/5
f 3070/5/5 3062/5/5 3061/5/5
f 3070/8/5 3061/8/5 3069/8/5
f 3071/8/5 3063/8/5 3062/8/5
f 3071/5/5 3062/5/5 3070/5/5
f 3072/6/5 3064/6/5 3063/6/5
f 3072/8/5 3063/8/5 3071/8/5
f 3073/7/5 3065/7/5 3064/7/5
f 3073/6/5 3064/6/5 3072/6/5
f 3074/7/5 3065/7/5 3073/7/5
f 3075/4/5 3068/4/5 3067/4/5
f 3076/4/5 3068/4/5 3075/4/5
f 3077/6/5 3070/6/5 3069/6/5
f 3078/5/5 3071/5/5 3070/5/5
f 3078/6/5 3070/6/5 3077/6/5
f 3079/7/5 3072/7/5 3071/7/5
f 3079/5/5 3071/5/5 3078/5/5
f 3080/7/5 3072/7/5 3079/7/5
f 3081/6/5 3073/6/5 3072/6/5
f 3081/7/5 3072/7/5 3080/7/5
f 3082/6/5 3073/6/5 3081/6/5
f 3085/11/5 3076/11/5 3075/11/5
f 3086/11/5 3076/11/5 3085/11/5
f 3087/8/5 3078/8/5 3077/8/5
f 3087/8/5 3079/8/5 3078/8/5
f 3088/8/5 3079/8/5 3087/8/5
f 3089/5/5 3080/5/5 3079/5/5
f 3089/8/5 3079/8/5 3088/8/5
f 3090/7/5 3081/7/5 3080/7/5
f 3090/5/5 3080/5/5 3089/5/5
f 3091/7/5 3081/7/5 3090/7/5
f 3092/4/5 3084/4/5 3083/4/5
f 3093/4/5 3084/4/5 3092/4/5
f 3094/5/5 3088/5/5 3087/5/5
f 3095/8/5 3089/8/5 3088/8/5
f 3095/5/5 3088/5/5 3094/5/5
f 3096/7/5 3090/7/5 3089/7/5
f 3096/8/5 3089/8/5 3095/8/5
f 3097/7/5 3090/7/5 3096/7/5
f 3100/11/5 3093/11/5 3092/11/5
f 3101/11/5 3093/11/5 3100/11/5
f 3102/8/5 3095/8/5 3094/8/5
f 3103/6/5 3096/6/5 3095/6/5
f 3103/8/5 3095/8/5 3102/8/5
f 3104/6/5 3096/6/5 3103/6/5
f 3106/4/5 3099/4/5 3098/4/5
f 3107/4/5 3099/4/5 3106/4/5
f 3111/4/5 3106/4/5 3105/4/5
f 3112/4/5 3106/4/5 3111/4/5
f 3113/4/5 3110/4/5 3109/4/5
f 3113/4/5 3109/4/5 3108/4/5
f 3114/4/5 3110/4/5 3113/4/5
f 3115/10/5 3112/10/5 3111/10/5
f 3116/10/5 3112/10/5 3115/10/5
f 3119/4/5 3118/4/5 3117/4/5
f 3120/4/5 3118/4/5 3119/4/5
f 3122/2/5 3121/2/5 3120/2/5
f 3123/2/5 3121/2/5 3122/2/5
f 3127/1/5 3124/1/5 3123/1/5
f 3128/1/5 3124/1/5 3127/1/5
f 3129/9/5 3126/9/5 3125/9/5
f 3130/9/5 3126/9/5 3129/9/5
f 3131/2/5 3129/2/5 3128/2/5
f 3132/2/5 3129/2/5 3131/2/5
f 3134/1/5 3133/1/5 3132/1/5
f 3135/1/5 3133/1/5 3134/1/5
f 3137/4/5 3136/4/5 3135/4/5
f 3138/4/5 3136/4/5 3137/4/5
f 3142/2/5 3140/2/5 3139/2/5
f 3143/2/5 3140/2/5 3142/2/5
f 3145/3/5 3142/3/5 3141/3/5
f 3146/3/5 3142/3/5 3145/3/5
f 3148/1/5 3145/1/5 3144/1/5
f 3149/1/5 3145/1/5 3148/1/5
f 3151/1/5 3148/1/5 3147/1/5
f 3152/1/5 3148/1/5 3151/1/5
f 3154/2/5 3151/2/5 3150/2/5
f 3155/2/5 3151/2/5 3154/2/5
f 3156/2/5 3154/2/5 3153/2/5
f 3157/2/5 3154/2/5 3156/2/5
f 3160/9/5 3159/9/5 3158/9/5
f 3161/9/5 3159/9/5 3160/9/5
f 3166/11/5 3163/11/5 3162/11/5
f 3167/11/5 3163/11/5 3166/11/5
f 3168/11/5 3165/11/5 3164/11/5
f 3169/11/5 3165/11/5 3168/11/5
f 3172/10/5 3171/10/5 3170/10/5
f 3173/10/5 3171/10/5 3172/10/5
f 3176/9/5 3175/9/5 3174/9/5
f 3177/9/5 3175/9/5 3176/9/5
f 3180/11/5 3179/11/5 3178/11/5
f 3181/11/5 3179/11/5 3180/11/5
f 3182/3/6 3183/3/6 3184/3/6
f 3184/3/6 3183/3/6 3185/3/6
f 3184/4/6 3185/4/6 3186/4/6
f 3186/4/6 3185/4/6 3187/4/6
f 3188/11/6 3189/11/6 3190/11/6
f 3190/11/6 3189/11/6 3191/11/6
f 3192/1/6 3193/1/6 3194/1/6
f 3194/1/6 3193/1/6 3195/1/6
f 3194/2/6 3195/2/6 3197/2/6
f 3195/1/6 3196/1/6 3198/1/6
f 3197/2/6 3195/2/6 3198/2/6
f 3198/1/6 3196/1/6 3199/1/6
f 3197/1/6 3198/1/6 3200/1/6
f 3198/2/6 3199/2/6 3201/2/6
f 3200/1/6 3198/1/6 3201/1/6
f 3201/2/6 3199/2/6 3202/2/6
f 3200/4/6 3201/4/6 3203/4/6
f 3203/4/6 3201/4/6 3204/4/6
f 3205/9/6 3206/9/6 3207/9/6
f 3207/9/6 3206/9/6 3208/9/6
f 3209/4/6 3210/4/6 3211/4/6
f 3209/4/6 3211/4/6 3213/4/6
f 3211/4/6 3212/4/6 3213/4/6
f 3213/4/6 3212/4/6 3214/4/6
f 3214/4/6 3212/4/6 3215/4/6
f 3214/2/6 3215/2/6 3217/2/6
f 3215/1/6 3216/1/6 3218/1/6
f 3217/2/6 3215/2/6 3218/2/6
f 3218/1/6 3216/1/6 3219/1/6
f 3218/4/6 3219/4/6 3221/4/6
f 3219/2/6 3220/2/6 3222/2/6
f 3221/4/6 3219/4/6 3222/4/6
f 3222/2/6 3220/2/6 3223/2/6
f 3221/1/6 3222/1/6 3225/1/6
f 3222/3/6 3223/3/6 3226/3/6
f 3225/1/6 3222/1/6 3226/1/6
f 3226/3/6 3223/3/6 3227/3/6
f 3224/3/6 3225/3/6 3229/3/6
f 3225/1/6 3226/1/6 3230/1/6
f 3229/3/6 3225/3/6 3230/3/6
f 3230/1/6 3226/1/6 3231/1/6
f 3228/2/6 3229/2/6 3232/2/6
f 3229/4/6 3230/4/6 3233/4/6
f 3232/2/6 3229/2/6 3233/2/6
f 3233/4/6 3230/4/6 3234/4/6
f 3232/3/6 3233/3/6 3235/3/6
f 3235/3/6 3233/3/6 3236/3/6
f 3237/9/6 3238/9/6 3239/9/6
f 3239/9/6 3238/9/6 3240/9/6
f 3241/3/6 3242/3/6 3244/3/6
f 3242/1/6 3243/1/6 3245/1/6
f 3244/3/6 3242/3/6 3245/3/6
f 3245/1/6 3243/1/6 3246/1/6
f 3245/1/6 3246/1/6 3250/1/6
f 3246/1/6 3247/1/6 3250/1/6
f 3250/1/6 3247/1/6 3251/1/6
f 3251/1/6 3247/1/6 3252/1/6
f 3248/9/6 3249/9/6 3254/9/6
f 3254/9/6 3249/9/6 3255/9/6
f 3251/1/6 3252/1/6 3256/1/6
f 3252/4/6 3253/4/6 3257/4/6
f 3256/1/6 3252/1/6 3257/1/6
f 3257/4/6 3253/4/6 3258/4/6
f 3257/4/6 3258/4/6 3260/4/6
f 3258/1/6 3259/1/6 3261/1/6
f 3260/4/6 3258/4/6 3261/4/6
f 3261/1/6 3259/1/6 3262/1/6
f 3261/4/6 3262/4/6 3263/4/6
f 3263/4/6 3262/4/6 3264/4/6
f 3263/3/6 3264/3/6 3266/3/6
f 3266/3/6 3264/3/6 3267/3/6
f 3265/1/6 3266/1/6 3269/1/6
f 3266/2/6 3267/2/6 3270/2/6
f 3269/1/6 3266/1/6 3270/1/6
f 3270/2/6 3267/2/6 3271/2/6
f 3268/2/6 3269/2/6 3273/2/6
f 3269/1/6 3270/1/6 3274/1/6
f 3273/2/6 3269/2/6 3274/2/6
f 3274/1/6 3270/1/6 3275/1/6
f 3272/2/6 3273/2/6 3277/2/6
f 3273/3/6 3274/3/6 3278/3/6
f 3277/2/6 3273/2/6 3278/2/6
f 3278/3/6 3274/3/6 3279/3/6
f 3276/2/6 3277/2/6 3280/2/6
f 3277/4/6 3278/4/6 3281/4/6
f 3280/2/6 3277/2/6 3281/2/6
f 3281/4/6 3278/4/6 3282/4/6
f 3283/10/6 3284/10/6 3285/10/6
f 3285/10/6 3284/10/6 3286/10/6
f 3287/3/6 3288/3/6 3291/3/6
f 3288/2/6 3289/2/6 3292/2/6
f 3291/3/6 3288/3/6 3292/3/6
f 3289/1/6 3290/1/6 3293/1/6
f 3292/2/6 3289/2/6 3293/2/6
f 3293/1/6 3290/1/6 3294/1/6
f 3294/3/6 3295/3/6 3296/3/6
f 3293/3/6 3294/3/6 3296/3/6
f 3296/3/6 3295/3/6 3297/3/6
f 3297/3/6 3295/3/6 3298/3/6
f 3297/1/6 3298/1/6 3300/1/6
f 3298/4/6 3299/4/6 3301/4/6
f 3300/1/6 3298/1/6 3301/1/6
f 3301/4/6 3299/4/6 3302/4/6
f 3301/1/6 3302/1/6 3304/1/6
f 3302/4/6 3303/4/6 3305/4/6
f 3304/1/6 3302/1/6 3305/1/6
f 3305/4/6 3303/4/6 3306/4/6
f 3305/2/6 3306/2/6 3307/2/6
f 3307/2/6 3306/2/6 3308/2/6
f 3307/3/6 3308/3/6 3309/3/6
f 3307/3/6 3309/3/6 3310/3/6
f 3310/3/6 3309/3/6 3311/3/6
f 3310/1/6 3311/1/6 3313/1/6
f 3313/1/6 3311/1/6 3314/1/6
f 3312/1/6 3313/1/6 3316/1/6
f 3313/1/6 3314/1/6 3316/1/6
f 3316/1/6 3314/1/6 3317/1/6
f 3317/1/6 3314/1/6 3318/1/6
f 3315/2/6 3316/2/6 3320/2/6
f 3316/3/6 3317/3/6 3321/3/6
f 3320/2/6 3316/2/6 3321/2/6
f 3321/3/6 3317/3/6 3322/3/6
f 3319/1/6 3320/1/6 3325/1/6
f 3320/1/6 3321/1/6 3325/1/6
f 3325/1/6 3321/1/6 3326/1/6
f 3326/1/6 3321/1/6 3327/1/6
f 3323/2/6 3324/2/6 3328/2/6
f 3324/1/6 3325/1/6 3329/1/6
f 3328/2/6 3324/2/6 3329/2/6
f 3325/3/6 3326/3/6 3330/3/6
f 3329/1/6 3325/1/6 3330/1/6
f 3330/3/6 3326/3/6 3331/3/6
f 3332/11/6 3333/11/6 3334/11/6
f 3334/11/6 3333/11/6 3335/11/6
f 3336/3/6 3337/3/6 3338/3/6
f 3338/3/6 3337/3/6 3339/3/6
f 3340/4/6 3341/4/6 3343/4/6
f 3341/2/6 3342/2/6 3344/2/6
f 3343/4/6 3341/4/6 3344/4/6
f 3344/2/6 3342/2/6 3345/2/6
f 3345/4/6 3346/4/6 3347/4/6
f 3344/4/6 3345/4/6 3347/4/6
f 3347/4/6 3346/4/6 3348/4/6
f 3348/4/6 3346/4/6 3349/4/6
f 3349/1/6 3350/1/6 3351/1/6
f 3348/1/6 3349/1/6 3351/1/6
f 3351/1/6 3350/1/6 3352/1/6
f 3352/1/6 3350/1/6 3353/1/6
f 3353/2/6 3354/2/6 3355/2/6
f 3352/2/6 3353/2/6 3355/2/6
f 3355/2/6 3354/2/6 3356/2/6
f 3356/2/6 3354/2/6 3357/2/6
f 3356/1/6 3357/1/6 3359/1/6
f 3357/2/6 3358/2/6 3360/2/6
f 3359/1/6 3357/1/6 3360/1/6
f 3360/2/6 3358/2/6 3361/2/6
f 3360/4/6 3361/4/6 3362/4/6
f 3360/4/6 3362/4/6 3363/4/6
f 3363/4/6 3362/4/6 3364/4/6
f 3363/1/6 3364/1/6 3365/1/6
f 3365/1/6 3364/1/6 3366/1/6
f 3365/3/6 3366/3/6 3368/3/6
f 3368/3/6 3366/3/6 3369/3/6
f 3367/4/6 3368/4/6 3371/4/6
f 3368/1/6 3369/1/6 3372/1/6
f 3371/4/6 3368/4/6 3372/4/6
f 3372/1/6 3369/1/6 3373/1/6
f 3370/3/6 3371/3/6 3375/3/6
f 3371/4/6 3372/4/6 3376/4/6
f 3375/3/6 3371/3/6 3376/3/6
f 3376/4/6 3372/4/6 3377/4/6
f 3374/2/6 3375/2/6 3379/2/6
f 3375/4/6 3376/4/6 3380/4/6
f 3379/2/6 3375/2/6 3380/2/6
f 3380/4/6 3376/4/6 3381/4/6
f 3378/2/6 3379/2/6 3383/2/6
f 3379/3/6 3380/3/6 3384/3/6
f 3383/2/6 3379/2/6 3384/2/6
f 3384/3/6 3380/3/6 3385/3/6
f 3382/4/6 3383/4/6 3388/4/6
f 3383/2/6 3384/2/6 3389/2/6
f 3388/4/6 3383/4/6 3389/4/6
f 3389/2/6 3384/2/6 3390/2/6
f 3386/2/6 3387/2/6 3391/2/6
f 3391/2/6 3387/2/6 3392/2/6
f 3393/3/6 3394/3/6 3395/3/6
f 3395/3/6 3394/3/6 3396/3/6
f 3397/11/6 3398/11/6 3399/11/6
f 3399/11/6 3398/11/6 3400/11/6
f 3401/2/6 3402/2/6 3403/2/6
f 3403/2/6 3402/2/6 3404/2/6
f 3405/10/6 3406/10/6 3408/10/6
f 3406/9/6 3407/9/6 3409/9/6
f 3408/10/6 3406/10/6 3409/10/6
f 3409/9/6 3407/9/6 3410/9/6
f 3411/3/6 3412/3/6 3413/3/6
f 3413/3/6 3412/3/6 3414/3/6
f 3414/1/6 3415/1/6 3416/1/6
f 3416/1/6 3415/1/6 3417/1/6
f 3417/4/6 3418/4/6 3419/4/6
f 3419/4/6 3418/4/6 3420/4/6
f 3420/4/6 3421/4/6 3422/4/6
f 3422/4/6 3421/4/6 3423/4/6
f 3423/4/6 3424/4/6 3425/4/6
f 3425/4/6 3424/4/6 3426/4/6
f 3426/3/6 3427/3/6 3428/3/6
f 3428/3/6 3427/3/6 3429/3/6
f 3430/2/6 3431/2/6 3433/2/6
f 3433/2/6 3431/2/6 3434/2/6
f 3432/1/6 3433/1/6 3436/1/6
f 3436/1/6 3433/1/6 3437/1/6
f 3435/1/6 3436/1/6 3439/1/6
f 3439/1/6 3436/1/6 3440/1/6
f 3438/2/6 3439/2/6 3442/2/6
f 3442/2/6 3439/2/6 3443/2/6
f 3441/1/6 3442/1/6 3445/1/6
f 3445/1/6 3442/1/6 3446/1/6
f 3444/2/6 3445/2/6 3447/2/6
f 3447/2/6 3445/2/6 3448/2/6
f 3449/5/6 3450/5/6 3453/5/6
f 3450/8/6 3451/8/6 3454/8/6
f 3453/5/6 3450/5/6 3454/5/6
f 3451/5/6 3452/5/6 3455/5/6
f 3454/8/6 3451/8/6 3455/8/6
f 3455/5/6 3452/5/6 3456/5/6
f 3453/7/6 3454/7/6 3457/7/6
f 3457/7/6 3454/7/6 3458/7/6
f 3459/5/6 3460/5/6 3464/5/6
f 3460/7/6 3461/7/6 3465/7/6
f 3464/5/6 3460/5/6 3465/5/6
f 3465/7/6 3461/7/6 3466/7/6
f 3462/6/6 3463/6/6 3468/6/6
f 3468/6/6 3463/6/6 3469/6/6
f 3464/7/6 3465/7/6 3470/7/6
f 3470/7/6 3465/7/6 3471/7/6
f 3466/8/6 3467/8/6 3472/8/6
f 3468/8/6 3469/8/6 3474/8/6
f 3474/8/6 3469/8/6 3475/8/6
f 3466/8/6 3472/8/6 3476/8/6
f 3472/5/6 3473/5/6 3477/5/6
f 3476/8/6 3472/8/6 3477/8/6
f 3477/5/6 3473/5/6 3478/5/6
f 3474/5/6 3475/5/6 3479/5/6
f 3479/5/6 3475/5/6 3480/5/6
f 3481/5/6 3482/5/6 3488/5/6
f 3482/8/6 3483/8/6 3489/8/6
f 3488/5/6 3482/5/6 3489/5/6
f 3489/8/6 3483/8/6 3490/8/6
f 3484/8/6 3485/8/6 3491/8/6
f 3491/8/6 3485/8/6 3492/8/6
f 3486/6/6 3487/6/6 3493/6/6
f 3493/6/6 3487/6/6 3494/6/6
f 3489/5/6 3490/5/6 3495/5/6
f 3495/5/6 3490/5/6 3496/5/6
f 3497/8/6 3498/8/6 3502/8/6
f 3498/6/6 3499/6/6 3503/6/6
f 3502/8/6 3498/8/6 3503/8/6
f 3503/6/6 3499/6/6 3504/6/6
f 3500/8/6 3501/8/6 3505/8/6
f 3505/8/6 3501/8/6 3506/8/6
f 3505/7/6 3506/7/6 3509/7/6
f 3507/6/6 3508/6/6 3510/6/6
f 3509/7/6 3506/7/6 3510/7/6
f 3506/6/6 3507/6/6 3510/6/6
f 3510/6/6 3508/6/6 3511/6/6
f 3511/6/6 3508/6/6 3512/6/6
f 3510/6/6 3511/6/6 3517/6/6
f 3517/6/6 3511/6/6 3518/6/6
f 3513/8/6 3514/8/6 3519/8/6
f 3515/7/6 3516/7/6 3520/7/6
f 3520/7/6 3516/7/6 3521/7/6
f 3513/8/6 3519/8/6 3522/8/6
f 3522/8/6 3519/8/6 3523/8/6
f 3520/7/6 3521/7/6 3525/7/6
f 3525/7/6 3521/7/6 3526/7/6
f 3522/6/6 3523/6/6 3527/6/6
f 3523/7/6 3524/7/6 3528/7/6
f 3527/6/6 3523/6/6 3528/6/6
f 3524/5/6 3525/5/6 3529/5/6
f 3528/7/6 3524/7/6 3529/7/6
f 3529/5/6 3525/5/6 3530/5/6
f 3531/4/6 3532/4/6 3535/4/6
f 3532/1/6 3533/1/6 3536/1/6
f 3535/4/6 3532/4/6 3536/4/6
f 3536/1/6 3533/1/6 3537/1/6
f 3533/9/6 3534/9/6 3538/9/6
f 3537/1/6 3533/1/6 3538/1/6
f 3538/9/6 3534/9/6 3539/9/6
f 3537/4/6 3538/4/6 3542/4/6
f 3542/4/6 3538/4/6 3543/4/6
f 3540/11/6 3541/11/6 3546/11/6
f 3541/9/6 3542/9/6 3547/9/6
f 3546/11/6 3541/11/6 3547/11/6
f 3547/9/6 3542/9/6 3548/9/6
f 3544/2/6 3545/2/6 3549/2/6
f 3549/2/6 3545/2/6 3550/2/6
f 3546/9/6 3547/9/6 3553/9/6
f 3547/10/6 3548/10/6 3554/10/6
f 3553/9/6 3547/9/6 3554/9/6
f 3554/10/6 3548/10/6 3555/10/6
f 3549/1/6 3550/1/6 3557/1/6
f 3557/1/6 3550/1/6 3558/1/6
f 3551/9/6 3552/9/6 3559/9/6
f 3559/9/6 3552/9/6 3560/9/6
f 3553/11/6 3554/11/6 3561/11/6
f 3554/9/6 3555/9/6 3562/9/6
f 3561/11/6 3554/11/6 3562/11/6
f 3562/9/6 3555/9/6 3563/9/6
f 3556/11/6 3557/11/6 3564/11/6
f 3564/11/6 3557/11/6 3565/11/6
f 3559/1/6 3560/1/6 3566/1/6
f 3566/1/6 3560/1/6 3567/1/6
f 3562/11/6 3563/11/6 3569/11/6
f 3563/9/6 3564/9/6 3570/9/6
f 3569/11/6 3563/11/6 3570/11/6
f 3564/11/6 3565/11/6 3571/11/6
f 3570/9/6 3564/9/6 3571/9/6
f 3571/11/6 3565/11/6 3572/11/6
f 3566/1/6 3567/1/6 3574/1/6
f 3567/4/6 3568/4/6 3575/4/6
f 3574/1/6 3567/1/6 3575/1/6
f 3575/4/6 3568/4/6 3576/4/6
f 3570/11/6 3571/11/6 3579/11/6
f 3571/9/6 3572/9/6 3580/9/6
f 3579/11/6 3571/11/6 3580/11/6
f 3572/11/6 3573/11/6 3581/11/6
f 3580/9/6 3572/9/6 3581/9/6
f 3573/9/6 3574/9/6 3582/9/6
f 3581/11/6 3573/11/6 3582/11/6
f 3574/11/6 3575/11/6 3583/11/6
f 3582/9/6 3574/9/6 3583/9/6
f 3583/11/6 3575/11/6 3584/11/6
f 3577/9/6 3578/9/6 3588/9/6
f 3588/9/6 3578/9/6 3589/9/6
f 3579/9/6 3580/9/6 3590/9/6
f 3580/11/6 3581/11/6 3591/11/6
f 3590/9/6 3580/9/6 3591/9/6
f 3591/11/6 3581/11/6 3592/11/6
f 3582/9/6 3583/9/6 3593/9/6
f 3593/9/6 3583/9/6 3594/9/6
f 3585/2/6 3586/2/6 3596/2/6
f 3586/10/6 3587/10/6 3597/10/6
f 3596/2/6 3586/2/6 3597/2/6
f 3597/10/6 3587/10/6 3598/10/6
f 3590/9/6 3591/9/6 3601/9/6
f 3601/9/6 3591/9/6 3602/9/6
f 3594/10/6 3595/10/6 3603/10/6
f 3593/10/6 3594/10/6 3603/10/6
f 3603/10/6 3595/10/6 3604/10/6
f 3604/10/6 3595/10/6 3605/10/6
f 3596/4/6 3597/4/6 3606/4/6
f 3606/4/6 3597/4/6 3607/4/6
f 3599/9/6 3600/9/6 3609/9/6
f 3600/11/6 3601/11/6 3610/11/6
f 3609/9/6 3600/9/6 3610/9/6
f 3610/11/6 3601/11/6 3611/11/6
f 3603/10/6 3604/10/6 3614/10/6
f 3604/9/6 3605/9/6 3615/9/6
f 3614/10/6 3604/10/6 3615/10/6
f 3605/9/6 3606/9/6 3615/9/6
f 3615/9/6 3606/9/6 3616/9/6
f 3607/9/6 3608/9/6 3617/9/6
f 3617/9/6 3608/9/6 3618/9/6
f 3609/11/6 3610/11/6 3620/11/6
f 3612/10/6 3613/10/6 3621/10/6
f 3621/10/6 3613/10/6 3622/10/6
f 3614/9/6 3615/9/6 3623/9/6
f 3623/9/6 3615/9/6 3624/9/6
f 3616/4/6 3617/4/6 3626/4/6
f 3626/4/6 3617/4/6 3627/4/6
f 3619/10/6 3620/10/6 3628/10/6
f 3620/11/6 3610/11/6 3629/11/6
f 3628/10/6 3620/10/6 3629/10/6
f 3629/11/6 3610/11/6 3630/11/6
f 3622/9/6 3623/9/6 3633/9/6
f 3623/10/6 3624/10/6 3634/10/6
f 3633/9/6 3623/9/6 3634/9/6
f 3624/11/6 3625/11/6 3635/11/6
f 3634/10/6 3624/10/6 3635/10/6
f 3635/11/6 3625/11/6 3636/11/6
f 3626/3/6 3627/3/6 3637/3/6
f 3637/3/6 3627/3/6 3638/3/6
f 3631/10/6 3632/10/6 3641/10/6
f 3641/10/6 3632/10/6 3642/10/6
f 3635/3/6 3636/3/6 3644/3/6
f 3644/3/6 3636/3/6 3645/3/6
f 3637/9/6 3638/9/6 3646/9/6
f 3646/9/6 3638/9/6 3647/9/6
f 3639/9/6 3640/9/6 3648/9/6
f 3640/9/6 3641/9/6 3648/9/6
f 3648/9/6 3641/9/6 3649/9/6
f 3641/10/6 3642/10/6 3650/10/6
f 3649/9/6 3641/9/6 3650/9/6
f 3642/11/6 3643/11/6 3651/11/6
f 3650/10/6 3642/10/6 3651/10/6
f 3651/11/6 3643/11/6 3652/11/6
f 3644/1/6 3645/1/6 3653/1/6
f 3653/1/6 3645/1/6 3654/1/6
f 3648/10/6 3649/10/6 3655/10/6
f 3649/11/6 3650/11/6 3656/11/6
f 3655/10/6 3649/10/6 3656/10/6
f 3656/11/6 3650/11/6 3657/11/6
f 3651/11/6 3652/11/6 3658/11/6
f 3658/11/6 3652/11/6 3659/11/6
f 3655/9/6 3656/9/6 3661/9/6
f 3661/9/6 3656/9/6 3662/9/6
f 3658/2/6 3659/2/6 3663/2/6
f 3659/1/6 3660/1/6 3664/1/6
f 3663/2/6 3659/2/6 3664/2/6
f 3664/1/6 3660/1/6 3665/1/6
f 3666/4/6 3667/4/6 3671/4/6
f 3667/2/6 3668/2/6 3672/2/6
f 3671/4/6 3667/4/6 3672/4/6
f 3672/2/6 3668/2/6 3673/2/6
f 3669/11/6 3670/11/6 3674/11/6
f 3674/11/6 3670/11/6 3675/11/6
f 3676/11/6 3677/11/6 3679/11/6
f 3679/11/6 3677/11/6 3680/11/6
f 3678/9/6 3679/9/6 3681/9/6
f 3679/10/6 3680/10/6 3682/10/6
f 3681/9/6 3679/9/6 3682/9/6
f 3682/10/6 3680/10/6 3683/10/6
f 3684/10/6 3685/10/6 3687/10/6
f 3687/10/6 3685/10/6 3688/10/6
f 3686/9/6 3687/9/6 3691/9/6
f 3687/9/6 3688/9/6 3691/9/6
f 3691/9/6 3688/9/6 3692/9/6
f 3689/10/6 3690/10/6 3693/10/6
f 3693/10/6 3690/10/6 3694/10/6
f 3694/11/6 3695/11/6 3699/11/6
f 3693/11/6 3694/11/6 3699/11/6
f 3699/11/6 3695/11/6 3700/11/6
f 3696/9/6 3697/9/6 3703/9/6
f 3697/10/6 3698/10/6 3704/10/6
f 3703/9/6 3697/9/6 3704/9/6
f 3704/10/6 3698/10/6 3705/10/6
f 3699/10/6 3700/10/6 3707/10/6
f 3707/10/6 3700/10/6 3708/10/6
f 3708/10/6 3700/10/6 3709/10/6
f 3706/10/6 3707/10/6 3710/10/6
f 3707/9/6 3708/9/6 3710/9/6
f 3710/9/6 3708/9/6 3711/9/6
f 3701/9/6 3702/9/6 3714/9/6
f 3714/9/6 3702/9/6 3715/9/6
f 3706/10/6 3710/10/6 3718/10/6
f 3718/10/6 3710/10/6 3719/10/6
f 3712/9/6 3713/9/6 3721/9/6
f 3714/10/6 3715/10/6 3722/10/6
f 3713/10/6 3714/10/6 3722/10/6
f 3721/9/6 3713/9/6 3722/9/6
f 3722/10/6 3715/10/6 3723/10/6
f 3723/10/6 3715/10/6 3724/10/6
f 3716/11/6 3717/11/6 3725/11/6
f 3725/11/6 3717/11/6 3726/11/6
f 3720/11/6 3721/11/6 3727/11/6
f 3721/11/6 3722/11/6 3727/11/6
f 3727/11/6 3722/11/6 3728/11/6
f 3720/11/6 3727/11/6 3732/11/6
f 3727/10/6 3728/10/6 3733/10/6
f 3732/11/6 3727/11/6 3733/11/6
f 3733/10/6 3728/10/6 3734/10/6
f 3731/11/6 3732/11/6 3735/11/6
f 3732/9/6 3733/9/6 3736/9/6
f 3735/11/6 3732/11/6 3736/11/6
f 3736/9/6 3733/9/6 3737/9/6
f 3729/10/6 3730/10/6 3740/10/6
f 3740/10/6 3730/10/6 3741/10/6
f 3738/9/6 3739/9/6 3743/9/6
f 3743/9/6 3739/9/6 3744/9/6
f 3742/10/6 3743/10/6 3748/10/6
f 3743/9/6 3744/9/6 3749/9/6
f 3748/10/6 3743/10/6 3749/10/6
f 3744/10/6 3745/10/6 3750/10/6
f 3749/9/6 3744/9/6 3750/9/6
f 3750/10/6 3745/10/6 3751/10/6
f 3746/11/6 3747/11/6 3752/11/6
f 3752/11/6 3747/11/6 3753/11/6
f 3753/11/6 3747/11/6 3754/11/6
f 3749/11/6 3750/11/6 3756/11/6
f 3756/11/6 3750/11/6 3757/11/6
f 3753/11/6 3754/11/6 3758/11/6
f 3754/10/6 3755/10/6 3759/10/6
f 3758/11/6 3754/11/6 3759/11/6
f 3759/10/6 3755/10/6 3760/10/6
f 3758/10/6 3759/10/6 3761/10/6
f 3761/10/6 3759/10/6 3762/10/6
f 3763/9/6 3764/9/6 3765/9/6
f 3765/9/6 3764/9/6 3766/9/6
f 3767/9/6 3768/9/6 3769/9/6
f 3769/9/6 3768/9/6 3770/9/6
f 3769/10/6 3770/10/6 3771/10/6
f 3771/10/6 3770/10/6 3772/10/6
f 3773/11/6 3774/11/6 3777/11/6
f 3777/11/6 3774/11/6 3778/11/6
f 3775/11/6 3776/11/6 3779/11/6
f 3779/11/6 3776/11/6 3780/11/6
f 3781/10/6 3782/10/6 3783/10/6
f 3783/10/6 3782/10/6 3784/10/6
f 3785/11/6 3786/11/6 3787/11/6
f 3787/11/6 3786/11/6 3788/11/6
f 3789/11/6 3790/11/6 3791/11/6
f 3791/11/6 3790/11/6 3792/11/6
