# MagicaVoxel @ Ephtracy

# group
o 

# material
mtllib cave_decorations-8.mtl
usemtl palette

# normals
vn -1 0 0
vn 1 0 0
vn 0 0 1
vn 0 0 -1
vn 0 -1 0
vn 0 1 0

# texcoords
vt 0.146484 0.5
vt 0.173828 0.5
vt 0.263672 0.5
vt 0.271484 0.5
vt 0.279297 0.5
vt 0.302734 0.5
vt 0.306641 0.5
vt 0.322266 0.5
vt 0.333984 0.5
vt 0.728516 0.5
vt 0.736328 0.5
vt 0.759766 0.5
vt 0.763672 0.5
vt 0.775391 0.5
vt 0.923828 0.5
vt 0.994141 0.5

# verts
v -1.4 0.3 0.1
v -1.4 0.3 -0.1
v -1.4 0.4 0.3
v -1.4 0.4 0.1
v -1.4 0.4 -0.1
v -1.4 0.4 -0.3
v -1.4 0.5 0.3
v -1.4 0.5 -0.3
v -1.4 0.6 0.4
v -1.4 0.6 0.3
v -1.4 0.6 -0.3
v -1.4 0.6 -0.4
v -1.4 0.7 0.4
v -1.4 0.7 -0.4
v -1.3 0.1 0.3
v -1.3 0.1 -0.3
v -1.3 0.2 0.4
v -1.3 0.2 0.3
v -1.3 0.2 -0.3
v -1.3 0.2 -0.4
v -1.3 0.3 0.5
v -1.3 0.3 0.4
v -1.3 0.3 0.1
v -1.3 0.3 -0.1
v -1.3 0.3 -0.4
v -1.3 0.3 -0.5
v -1.3 0.4 0.6
v -1.3 0.4 0.5
v -1.3 0.4 0.3
v -1.3 0.4 0.1
v -1.3 0.4 -0.1
v -1.3 0.4 -0.3
v -1.3 0.4 -0.5
v -1.3 0.4 -0.6
v -1.3 0.5 0.6
v -1.3 0.5 0.3
v -1.3 0.5 -0.3
v -1.3 0.5 -0.6
v -1.3 0.6 0.4
v -1.3 0.6 0.3
v -1.3 0.6 -0.3
v -1.3 0.6 -0.4
v -1.3 0.7 0.6
v -1.3 0.7 0.4
v -1.3 0.7 -0.4
v -1.3 0.7 -0.6
v -1.2 -0.7 1.1
v -1.2 -0.7 1
v -1.2 -0.7 -1.1
v -1.2 -0.7 -1.2
v -1.2 -0.1 0.3
v -1.2 -0.1 -0.3
v -1.2 0 0.5
v -1.2 0 0.3
v -1.2 0 -0.3
v -1.2 0 -0.5
v -1.2 0.1 0.6
v -1.2 0.1 0.5
v -1.2 0.1 0.3
v -1.2 0.1 -0.3
v -1.2 0.1 -0.5
v -1.2 0.1 -0.6
v -1.2 0.2 0.7
v -1.2 0.2 0.6
v -1.2 0.2 0.4
v -1.2 0.2 0.3
v -1.2 0.2 -0.3
v -1.2 0.2 -0.4
v -1.2 0.2 -0.6
v -1.2 0.2 -0.7
v -1.2 0.3 0.7
v -1.2 0.3 0.5
v -1.2 0.3 0.4
v -1.2 0.3 -0.4
v -1.2 0.3 -0.5
v -1.2 0.3 -0.7
v -1.2 0.4 0.8
v -1.2 0.4 0.7
v -1.2 0.4 0.6
v -1.2 0.4 0.5
v -1.2 0.4 -0.5
v -1.2 0.4 -0.6
v -1.2 0.4 -0.7
v -1.2 0.4 -0.8
v -1.2 0.5 0.8
v -1.2 0.5 0.6
v -1.2 0.5 -0.6
v -1.2 0.5 -0.8
v -1.2 0.6 1
v -1.2 0.6 0.8
v -1.2 0.6 -0.8
v -1.2 0.6 -1.1
v -1.2 0.7 1.1
v -1.2 0.7 0.8
v -1.2 0.7 0.6
v -1.2 0.7 -0.6
v -1.2 0.7 -0.8
v -1.2 0.7 -1.2
v -1.1 -0.2 0.4
v -1.1 -0.2 -0.4
v -1.1 -0.1 0.5
v -1.1 -0.1 0.4
v -1.1 -0.1 0.3
v -1.1 -0.1 -0.3
v -1.1 -0.1 -0.4
v -1.1 -0.1 -0.5
v -1.1 0 0.7
v -1.1 0 0.5
v -1.1 0 0.3
v -1.1 0 -0.3
v -1.1 0 -0.5
v -1.1 0 -0.7
v -1.1 0.1 0.7
v -1.1 0.1 0.6
v -1.1 0.1 0.5
v -1.1 0.1 -0.5
v -1.1 0.1 -0.6
v -1.1 0.1 -0.7
v -1.1 0.2 0.8
v -1.1 0.2 0.7
v -1.1 0.2 0.6
v -1.1 0.2 -0.6
v -1.1 0.2 -0.7
v -1.1 0.2 -0.8
v -1.1 0.3 0.9
v -1.1 0.3 0.8
v -1.1 0.3 0.7
v -1.1 0.3 -0.7
v -1.1 0.3 -0.8
v -1.1 0.3 -0.9
v -1.1 0.4 0.8
v -1.1 0.4 0.7
v -1.1 0.4 -0.7
v -1.1 0.4 -0.8
v -1.1 0.5 0.9
v -1.1 0.5 0.8
v -1.1 0.5 -0.8
v -1.1 0.5 -0.9
v -1.1 0.6 0.9
v -1.1 0.6 0.8
v -1.1 0.6 -0.8
v -1.1 0.6 -0.9
v -1 -0.3 0.4
v -1 -0.3 -0.4
v -1 -0.2 0.6
v -1 -0.2 0.4
v -1 -0.2 -0.4
v -1 -0.2 -0.6
v -1 -0.1 0.7
v -1 -0.1 0.6
v -1 -0.1 0.5
v -1 -0.1 0.4
v -1 -0.1 -0.4
v -1 -0.1 -0.5
v -1 -0.1 -0.6
v -1 -0.1 -0.7
v -1 0 0.8
v -1 0 0.7
v -1 0 0.5
v -1 0 -0.5
v -1 0 -0.7
v -1 0 -0.8
v -1 0.1 0.9
v -1 0.1 0.8
v -1 0.1 0.7
v -1 0.1 -0.7
v -1 0.1 -0.8
v -1 0.1 -0.9
v -1 0.2 0.8
v -1 0.2 0.7
v -1 0.2 -0.7
v -1 0.2 -0.8
v -1 0.3 1
v -1 0.3 0.9
v -1 0.3 0.8
v -1 0.3 -0.8
v -1 0.3 -0.9
v -1 0.3 -1
v -1 0.5 1
v -1 0.5 0.9
v -1 0.5 -0.9
v -1 0.5 -1
v -1 0.6 1
v -1 0.6 0.9
v -1 0.6 -0.9
v -1 0.6 -1
v -0.9 -0.4 0.4
v -0.9 -0.4 -0.4
v -0.9 -0.3 0.6
v -0.9 -0.3 0.4
v -0.9 -0.3 -0.4
v -0.9 -0.3 -0.6
v -0.9 -0.2 0.7
v -0.9 -0.2 0.6
v -0.9 -0.2 0.4
v -0.9 -0.2 -0.4
v -0.9 -0.2 -0.6
v -0.9 -0.2 -0.7
v -0.9 -0.1 0.8
v -0.9 -0.1 0.7
v -0.9 -0.1 0.6
v -0.9 -0.1 -0.6
v -0.9 -0.1 -0.7
v -0.9 -0.1 -0.8
v -0.9 0 0.9
v -0.9 0 0.8
v -0.9 0 0.7
v -0.9 0 -0.7
v -0.9 0 -0.8
v -0.9 0 -0.9
v -0.9 0.1 1
v -0.9 0.1 0.9
v -0.9 0.1 0.8
v -0.9 0.1 -0.8
v -0.9 0.1 -0.9
v -0.9 0.1 -1
v -0.9 0.3 1.1
v -0.9 0.3 1
v -0.9 0.3 0.9
v -0.9 0.3 -0.9
v -0.9 0.3 -1
v -0.9 0.3 -1.1
v -0.9 0.5 1.1
v -0.9 0.5 1
v -0.9 0.5 -1
v -0.9 0.5 -1.1
v -0.9 0.6 1.1
v -0.9 0.6 1
v -0.9 0.6 -1
v -0.9 0.6 -1.1
v -0.8 -0.5 0.3
v -0.8 -0.5 -0.3
v -0.8 -0.4 0.5
v -0.8 -0.4 0.4
v -0.8 -0.4 0.3
v -0.8 -0.4 -0.3
v -0.8 -0.4 -0.4
v -0.8 -0.4 -0.5
v -0.8 -0.3 0.7
v -0.8 -0.3 0.6
v -0.8 -0.3 0.5
v -0.8 -0.3 0.4
v -0.8 -0.3 -0.4
v -0.8 -0.3 -0.5
v -0.8 -0.3 -0.6
v -0.8 -0.3 -0.7
v -0.8 -0.2 0.8
v -0.8 -0.2 0.7
v -0.8 -0.2 0.6
v -0.8 -0.2 -0.6
v -0.8 -0.2 -0.7
v -0.8 -0.2 -0.8
v -0.8 -0.1 0.9
v -0.8 -0.1 0.8
v -0.8 -0.1 0.7
v -0.8 -0.1 -0.7
v -0.8 -0.1 -0.8
v -0.8 -0.1 -0.9
v -0.8 0 1
v -0.8 0 0.9
v -0.8 0 0.8
v -0.8 0 -0.8
v -0.8 0 -0.9
v -0.8 0 -1
v -0.8 0.1 1
v -0.8 0.1 0.9
v -0.8 0.1 -0.9
v -0.8 0.1 -1
v -0.8 0.2 1.1
v -0.8 0.2 1
v -0.8 0.2 -1
v -0.8 0.2 -1.1
v -0.8 0.3 1.1
v -0.8 0.3 1
v -0.8 0.3 -1
v -0.8 0.3 -1.1
v -0.8 0.4 1.2
v -0.8 0.4 1.1
v -0.8 0.4 -1.1
v -0.8 0.4 -1.2
v -0.8 0.5 1.2
v -0.8 0.5 1.1
v -0.8 0.5 -1.1
v -0.8 0.5 -1.2
v -0.8 0.6 -1.1
v -0.8 0.6 -1.2
v -0.8 0.7 1.2
v -0.8 0.7 1.1
v -0.7 -0.5 0.5
v -0.7 -0.5 0.3
v -0.7 -0.5 -0.3
v -0.7 -0.5 -0.5
v -0.7 -0.4 0.7
v -0.7 -0.4 0.5
v -0.7 -0.4 0.3
v -0.7 -0.4 -0.3
v -0.7 -0.4 -0.5
v -0.7 -0.4 -0.7
v -0.7 -0.3 0.8
v -0.7 -0.3 0.7
v -0.7 -0.3 0.5
v -0.7 -0.3 -0.4
v -0.7 -0.3 -0.5
v -0.7 -0.3 -0.7
v -0.7 -0.3 -0.8
v -0.7 -0.2 0.9
v -0.7 -0.2 0.8
v -0.7 -0.2 0.7
v -0.7 -0.2 -0.5
v -0.7 -0.2 -0.7
v -0.7 -0.2 -0.8
v -0.7 -0.2 -0.9
v -0.7 -0.1 1
v -0.7 -0.1 0.9
v -0.7 -0.1 0.8
v -0.7 -0.1 -0.8
v -0.7 -0.1 -0.9
v -0.7 -0.1 -1
v -0.7 0 1.1
v -0.7 0 1
v -0.7 0 0.9
v -0.7 0 -0.9
v -0.7 0 -1
v -0.7 0 -1.1
v -0.7 0.1 1.1
v -0.7 0.1 1
v -0.7 0.1 -1
v -0.7 0.1 -1.1
v -0.7 0.2 1.2
v -0.7 0.2 1.1
v -0.7 0.2 1
v -0.7 0.2 -0.4
v -0.7 0.2 -0.5
v -0.7 0.2 -1
v -0.7 0.2 -1.1
v -0.7 0.2 -1.2
v -0.7 0.3 1.2
v -0.7 0.3 1.1
v -0.7 0.3 -1.1
v -0.7 0.3 -1.2
v -0.7 0.4 1.2
v -0.7 0.4 1.1
v -0.7 0.4 -1.1
v -0.7 0.4 -1.2
v -0.6 -0.6 0.3
v -0.6 -0.6 -0.3
v -0.6 -0.5 0.6
v -0.6 -0.5 0.5
v -0.6 -0.5 0.3
v -0.6 -0.5 -0.3
v -0.6 -0.5 -0.5
v -0.6 -0.5 -0.6
v -0.6 -0.4 0.6
v -0.6 -0.4 0.5
v -0.6 -0.4 -0.5
v -0.6 -0.4 -0.6
v -0.6 -0.3 0.9
v -0.6 -0.3 0.8
v -0.6 -0.3 -0.8
v -0.6 -0.3 -0.9
v -0.6 -0.2 1
v -0.6 -0.2 0.9
v -0.6 -0.2 0.8
v -0.6 -0.2 -0.6
v -0.6 -0.2 -0.7
v -0.6 -0.2 -0.8
v -0.6 -0.2 -0.9
v -0.6 -0.2 -1
v -0.6 -0.1 1
v -0.6 -0.1 0.9
v -0.6 -0.1 -0.6
v -0.6 -0.1 -0.7
v -0.6 -0.1 -0.9
v -0.6 -0.1 -1
v -0.6 0.1 1.2
v -0.6 0.1 1.1
v -0.6 0.1 -1.1
v -0.6 0.1 -1.2
v -0.6 0.2 1.2
v -0.6 0.2 1.1
v -0.6 0.2 -1.1
v -0.6 0.2 -1.2
v -0.6 0.4 1.3
v -0.6 0.4 1.2
v -0.6 0.4 -1.2
v -0.6 0.4 -1.3
v -0.6 0.5 1.3
v -0.6 0.5 1.2
v -0.6 0.5 -1.2
v -0.6 0.5 -1.3
v -0.6 0.7 1.3
v -0.6 0.7 1.2
v -0.6 0.7 -1.2
v -0.6 0.7 -1.3
v -0.5 -0.6 0.4
v -0.5 -0.6 0.3
v -0.5 -0.6 -0.3
v -0.5 -0.6 -0.4
v -0.5 -0.5 0.7
v -0.5 -0.5 0.6
v -0.5 -0.5 0.4
v -0.5 -0.5 0.3
v -0.5 -0.5 -0.3
v -0.5 -0.5 -0.4
v -0.5 -0.5 -0.6
v -0.5 -0.5 -0.7
v -0.5 -0.4 0.8
v -0.5 -0.4 0.7
v -0.5 -0.4 0.6
v -0.5 -0.4 -0.4
v -0.5 -0.4 -0.5
v -0.5 -0.4 -0.6
v -0.5 -0.4 -0.7
v -0.5 -0.4 -0.8
v -0.5 -0.3 0.8
v -0.5 -0.3 0.7
v -0.5 -0.3 -0.5
v -0.5 -0.3 -0.7
v -0.5 -0.3 -0.8
v -0.5 -0.1 1.1
v -0.5 -0.1 1
v -0.5 -0.1 -0.4
v -0.5 -0.1 -0.5
v -0.5 -0.1 -1
v -0.5 -0.1 -1.1
v -0.5 0 1.2
v -0.5 0 1.1
v -0.5 0 1
v -0.5 0 -1
v -0.5 0 -1.1
v -0.5 0 -1.2
v -0.5 0.1 1.2
v -0.5 0.1 1.1
v -0.5 0.1 -1.1
v -0.5 0.1 -1.2
v -0.5 0.3 1.3
v -0.5 0.3 1.2
v -0.5 0.3 -1.2
v -0.5 0.3 -1.3
v -0.5 0.4 1.3
v -0.5 0.4 1.2
v -0.5 0.4 -1.2
v -0.5 0.4 -1.3
v -0.4 -0.7 0.1
v -0.4 -0.7 -0.1
v -0.4 -0.6 0.5
v -0.4 -0.6 0.4
v -0.4 -0.6 0.1
v -0.4 -0.6 -0.1
v -0.4 -0.6 -0.4
v -0.4 -0.6 -0.5
v -0.4 -0.5 0.5
v -0.4 -0.5 0.4
v -0.4 -0.5 -0.4
v -0.4 -0.5 -0.5
v -0.4 -0.4 0.9
v -0.4 -0.4 0.8
v -0.4 -0.4 -0.8
v -0.4 -0.4 -0.9
v -0.4 -0.3 1
v -0.4 -0.3 0.9
v -0.4 -0.3 0.8
v -0.4 -0.3 -0.8
v -0.4 -0.3 -0.9
v -0.4 -0.3 -1
v -0.4 -0.2 1.1
v -0.4 -0.2 1
v -0.4 -0.2 0.9
v -0.4 -0.2 -0.9
v -0.4 -0.2 -1
v -0.4 -0.2 -1.1
v -0.4 -0.1 1.1
v -0.4 -0.1 1
v -0.4 -0.1 -1
v -0.4 -0.1 -1.1
v -0.4 0.2 1.3
v -0.4 0.2 1.2
v -0.4 0.2 -1.2
v -0.4 0.2 -1.3
v -0.4 0.3 1.3
v -0.4 0.3 1.2
v -0.4 0.3 -1.2
v -0.4 0.3 -1.3
v -0.4 0.6 1.4
v -0.4 0.6 1.3
v -0.4 0.6 -1.3
v -0.4 0.6 -1.4
v -0.4 0.7 1.4
v -0.4 0.7 1.3
v -0.4 0.7 -1.3
v -0.4 0.7 -1.4
v -0.3 -0.7 0.3
v -0.3 -0.7 0.1
v -0.3 -0.7 -0.1
v -0.3 -0.7 -0.3
v -0.3 -0.6 0.6
v -0.3 -0.6 0.5
v -0.3 -0.6 0.3
v -0.3 -0.6 0.1
v -0.3 -0.6 -0.1
v -0.3 -0.6 -0.3
v -0.3 -0.6 -0.5
v -0.3 -0.6 -0.6
v -0.3 -0.5 0.8
v -0.3 -0.5 0.7
v -0.3 -0.5 0.6
v -0.3 -0.5 0.5
v -0.3 -0.5 -0.5
v -0.3 -0.5 -0.6
v -0.3 -0.5 -0.7
v -0.3 -0.5 -0.8
v -0.3 -0.4 0.8
v -0.3 -0.4 0.7
v -0.3 -0.4 -0.7
v -0.3 -0.4 -0.8
v -0.3 -0.1 1.2
v -0.3 -0.1 1.1
v -0.3 -0.1 -1.1
v -0.3 -0.1 -1.2
v -0.3 0 1.2
v -0.3 0 1.1
v -0.3 0 -1.1
v -0.3 0 -1.2
v -0.3 0.1 1.3
v -0.3 0.1 1.2
v -0.3 0.1 -1.2
v -0.3 0.1 -1.3
v -0.3 0.2 1.3
v -0.3 0.2 1.2
v -0.3 0.2 -1.2
v -0.3 0.2 -1.3
v -0.3 0.4 1.4
v -0.3 0.4 1.3
v -0.3 0.4 -1.3
v -0.3 0.4 -1.4
v -0.3 0.5 1.4
v -0.3 0.5 1.3
v -0.3 0.5 -1.3
v -0.3 0.5 -1.4
v -0.3 0.6 1.4
v -0.3 0.6 1.3
v -0.3 0.6 -1.3
v -0.3 0.6 -1.4
v -0.2 -0.6 0
v -0.2 -0.6 -0.2
v -0.2 -0.5 0
v -0.2 -0.5 -0.2
v -0.1 -0.7 0.4
v -0.1 -0.7 0.3
v -0.1 -0.7 -0.3
v -0.1 -0.7 -0.4
v -0.1 -0.6 0.4
v -0.1 -0.6 0.3
v -0.1 -0.6 -0.3
v -0.1 -0.6 -0.4
v -0.1 0.3 1.4
v -0.1 0.3 1.3
v -0.1 0.3 -1.3
v -0.1 0.3 -1.4
v -0.1 0.4 1.4
v -0.1 0.4 1.3
v -0.1 0.4 -1.3
v -0.1 0.4 -1.4
v 0.1 -0.6 0.4
v 0.1 -0.6 0.3
v 0.1 -0.6 0
v 0.1 -0.6 -0.1
v 0.1 -0.6 -0.3
v 0.1 -0.6 -0.4
v 0.1 -0.5 0.4
v 0.1 -0.5 0.3
v 0.1 -0.5 0
v 0.1 -0.5 -0.1
v 0.1 -0.5 -0.3
v 0.1 -0.5 -0.4
v 0.1 0.3 1.3
v 0.1 0.3 1.2
v 0.1 0.3 -1.2
v 0.1 0.3 -1.3
v 0.1 0.4 1.3
v 0.1 0.4 1.2
v 0.1 0.4 -1.2
v 0.1 0.4 -1.3
v 0.2 -0.4 0.8
v 0.2 -0.4 0.7
v 0.2 -0.4 -0.7
v 0.2 -0.4 -0.8
v 0.2 -0.3 0.8
v 0.2 -0.3 0.7
v 0.2 -0.3 -0.7
v 0.2 -0.3 -0.8
v 0.2 -0.1 1.1
v 0.2 -0.1 1
v 0.2 -0.1 -1
v 0.2 -0.1 -1.1
v 0.2 0 1.1
v 0.2 0 1
v 0.2 0 -1
v 0.2 0 -1.1
v 0.3 -0.6 0.3
v 0.3 -0.6 0.1
v 0.3 -0.6 -0.1
v 0.3 -0.6 -0.3
v 0.3 -0.5 0.6
v 0.3 -0.5 0.5
v 0.3 -0.5 0.3
v 0.3 -0.5 0.1
v 0.3 -0.5 -0.1
v 0.3 -0.5 -0.3
v 0.3 -0.5 -0.5
v 0.3 -0.5 -0.6
v 0.3 -0.4 0.6
v 0.3 -0.4 0.5
v 0.3 -0.4 -0.5
v 0.3 -0.4 -0.6
v 0.3 -0.3 0.9
v 0.3 -0.3 0.8
v 0.3 -0.3 -0.8
v 0.3 -0.3 -0.9
v 0.3 -0.2 1
v 0.3 -0.2 0.9
v 0.3 -0.2 0.8
v 0.3 -0.2 -0.8
v 0.3 -0.2 -0.9
v 0.3 -0.2 -1
v 0.3 -0.1 1
v 0.3 -0.1 0.9
v 0.3 -0.1 -0.9
v 0.3 -0.1 -1
v 0.3 0.1 1.2
v 0.3 0.1 1.1
v 0.3 0.1 -1.1
v 0.3 0.1 -1.2
v 0.3 0.2 1.2
v 0.3 0.2 1.1
v 0.3 0.2 -1.1
v 0.3 0.2 -1.2
v 0.3 0.4 1.3
v 0.3 0.4 1.2
v 0.3 0.4 -1.2
v 0.3 0.4 -1.3
v 0.3 0.5 1.3
v 0.3 0.5 1.2
v 0.3 0.5 -1.2
v 0.3 0.5 -1.3
v 0.3 0.6 1.3
v 0.3 0.6 1.2
v 0.3 0.6 -1.2
v 0.3 0.6 -1.3
v 0.4 -0.6 0.1
v 0.4 -0.6 -0.1
v 0.4 -0.5 0.5
v 0.4 -0.5 0.4
v 0.4 -0.5 0.1
v 0.4 -0.5 -0.1
v 0.4 -0.5 -0.4
v 0.4 -0.5 -0.5
v 0.4 -0.4 0.7
v 0.4 -0.4 0.6
v 0.4 -0.4 0.5
v 0.4 -0.4 0.4
v 0.4 -0.4 -0.4
v 0.4 -0.4 -0.5
v 0.4 -0.4 -0.6
v 0.4 -0.4 -0.7
v 0.4 -0.3 0.7
v 0.4 -0.3 0.6
v 0.4 -0.3 -0.6
v 0.4 -0.3 -0.7
v 0.4 0 1.1
v 0.4 0 1
v 0.4 0 -1
v 0.4 0 -1.1
v 0.4 0.1 1.1
v 0.4 0.1 1
v 0.4 0.1 -1
v 0.4 0.1 -1.1
v 0.4 0.2 1.2
v 0.4 0.2 1.1
v 0.4 0.2 -1.1
v 0.4 0.2 -1.2
v 0.4 0.3 1.2
v 0.4 0.3 1.1
v 0.4 0.3 -1.1
v 0.4 0.3 -1.2
v 0.4 0.6 1.3
v 0.4 0.6 1.2
v 0.4 0.6 -1.2
v 0.4 0.6 -1.3
v 0.4 0.7 1.3
v 0.4 0.7 1.2
v 0.4 0.7 -1.2
v 0.4 0.7 -1.3
v 0.5 -0.5 0.4
v 0.5 -0.5 0.3
v 0.5 -0.5 -0.3
v 0.5 -0.5 -0.4
v 0.5 -0.4 0.6
v 0.5 -0.4 0.5
v 0.5 -0.4 0.4
v 0.5 -0.4 0.3
v 0.5 -0.4 -0.3
v 0.5 -0.4 -0.4
v 0.5 -0.4 -0.5
v 0.5 -0.4 -0.6
v 0.5 -0.3 0.8
v 0.5 -0.3 0.7
v 0.5 -0.3 0.6
v 0.5 -0.3 0.5
v 0.5 -0.3 -0.5
v 0.5 -0.3 -0.6
v 0.5 -0.3 -0.7
v 0.5 -0.3 -0.8
v 0.5 -0.2 0.9
v 0.5 -0.2 0.8
v 0.5 -0.2 0.7
v 0.5 -0.2 -0.7
v 0.5 -0.2 -0.8
v 0.5 -0.2 -0.9
v 0.5 -0.1 1
v 0.5 -0.1 0.9
v 0.5 -0.1 0.8
v 0.5 -0.1 -0.8
v 0.5 -0.1 -0.9
v 0.5 -0.1 -1
v 0.5 0 1
v 0.5 0 0.9
v 0.5 0 -0.9
v 0.5 0 -1
v 0.5 0.1 1.1
v 0.5 0.1 1
v 0.5 0.1 -1
v 0.5 0.1 -1.1
v 0.5 0.2 1.1
v 0.5 0.2 1
v 0.5 0.2 -1
v 0.5 0.2 -1.1
v 0.5 0.3 1.2
v 0.5 0.3 1.1
v 0.5 0.3 -1.1
v 0.5 0.3 -1.2
v 0.5 0.4 1.2
v 0.5 0.4 1.1
v 0.5 0.4 -1.1
v 0.5 0.4 -1.2
v 0.6 -0.5 0.3
v 0.6 -0.5 -0.3
v 0.6 -0.4 0.5
v 0.6 -0.4 0.4
v 0.6 -0.4 0.3
v 0.6 -0.4 -0.3
v 0.6 -0.4 -0.4
v 0.6 -0.4 -0.5
v 0.6 -0.3 0.7
v 0.6 -0.3 0.6
v 0.6 -0.3 0.5
v 0.6 -0.3 0.4
v 0.6 -0.3 0.3
v 0.6 -0.3 -0.4
v 0.6 -0.3 -0.5
v 0.6 -0.3 -0.6
v 0.6 -0.3 -0.7
v 0.6 -0.2 0.8
v 0.6 -0.2 0.7
v 0.6 -0.2 0.6
v 0.6 -0.2 0.4
v 0.6 -0.2 0.3
v 0.6 -0.2 -0.6
v 0.6 -0.2 -0.7
v 0.6 -0.2 -0.8
v 0.6 -0.1 0.9
v 0.6 -0.1 0.8
v 0.6 -0.1 0.7
v 0.6 -0.1 0.4
v 0.6 -0.1 0.3
v 0.6 -0.1 -0.7
v 0.6 -0.1 -0.8
v 0.6 -0.1 -0.9
v 0.6 0 1
v 0.6 0 0.9
v 0.6 0 0.8
v 0.6 0 0.4
v 0.6 0 0.3
v 0.6 0 -0.7
v 0.6 0 -0.8
v 0.6 0 -0.9
v 0.6 0 -1
v 0.6 0.1 1
v 0.6 0.1 0.9
v 0.6 0.1 0.4
v 0.6 0.1 0.3
v 0.6 0.1 -0.9
v 0.6 0.1 -1
v 0.6 0.2 1.1
v 0.6 0.2 1
v 0.6 0.2 0.4
v 0.6 0.2 0.3
v 0.6 0.2 -1
v 0.6 0.2 -1.1
v 0.6 0.3 1.1
v 0.6 0.3 1
v 0.6 0.3 0.4
v 0.6 0.3 0.3
v 0.6 0.3 -1
v 0.6 0.3 -1.1
v 0.6 0.4 1.2
v 0.6 0.4 1.1
v 0.6 0.4 0.4
v 0.6 0.4 0.3
v 0.6 0.4 -1.1
v 0.6 0.4 -1.2
v 0.6 0.5 1.2
v 0.6 0.5 1.1
v 0.6 0.5 0.8
v 0.6 0.5 0.4
v 0.6 0.5 0.3
v 0.6 0.5 -1.1
v 0.6 0.5 -1.2
v 0.6 0.6 0.7
v 0.6 0.6 0.5
v 0.6 0.6 0.4
v 0.6 0.6 0.3
v 0.6 0.7 1.2
v 0.6 0.7 1.1
v 0.6 0.7 0.8
v 0.6 0.7 0.7
v 0.6 0.7 0.5
v 0.6 0.7 0.4
v 0.6 0.7 -1.1
v 0.6 0.7 -1.2
v 0.7 -0.4 0.3
v 0.7 -0.4 0.2
v 0.7 -0.4 -0.2
v 0.7 -0.4 -0.4
v 0.7 -0.3 0.6
v 0.7 -0.3 0.5
v 0.7 -0.3 0.3
v 0.7 -0.3 0.2
v 0.7 -0.3 -0.2
v 0.7 -0.3 -0.4
v 0.7 -0.3 -0.5
v 0.7 -0.3 -0.6
v 0.7 -0.2 0.7
v 0.7 -0.2 0.6
v 0.7 -0.2 0.5
v 0.7 -0.2 -0.5
v 0.7 -0.2 -0.6
v 0.7 -0.2 -0.7
v 0.7 -0.1 0.7
v 0.7 -0.1 0.6
v 0.7 -0.1 -0.6
v 0.7 -0.1 -0.7
v 0.7 0 0.9
v 0.7 0 0.8
v 0.7 0 -0.6
v 0.7 0 -0.7
v 0.7 0 -0.8
v 0.7 0 -0.9
v 0.7 0.1 1
v 0.7 0.1 0.9
v 0.7 0.1 0.8
v 0.7 0.1 -0.7
v 0.7 0.1 -0.8
v 0.7 0.1 -0.9
v 0.7 0.1 -1
v 0.7 0.2 1
v 0.7 0.2 0.9
v 0.7 0.2 -0.9
v 0.7 0.2 -1
v 0.7 0.3 1.1
v 0.7 0.3 1
v 0.7 0.3 -1
v 0.7 0.3 -1.1
v 0.7 0.5 1.1
v 0.7 0.5 1
v 0.7 0.5 0.9
v 0.7 0.5 0.8
v 0.7 0.5 -1
v 0.7 0.5 -1.1
v 0.7 0.6 0.9
v 0.7 0.6 0.8
v 0.7 0.6 0.4
v 0.7 0.6 0.3
v 0.7 0.7 0.4
v 0.7 0.7 0.3
v 0.8 -0.4 0.2
v 0.8 -0.4 -0.2
v 0.8 -0.3 0.5
v 0.8 -0.3 0.3
v 0.8 -0.3 0.2
v 0.8 -0.3 -0.2
v 0.8 -0.3 -0.3
v 0.8 -0.3 -0.5
v 0.8 -0.2 0.6
v 0.8 -0.2 0.5
v 0.8 -0.2 0.3
v 0.8 -0.2 -0.3
v 0.8 -0.2 -0.5
v 0.8 -0.2 -0.6
v 0.8 -0.1 0.8
v 0.8 -0.1 0.6
v 0.8 -0.1 0.5
v 0.8 -0.1 -0.5
v 0.8 -0.1 -0.6
v 0.8 0 0.7
v 0.8 0 0.6
v 0.8 0.1 0.9
v 0.8 0.1 0.8
v 0.8 0.1 0.7
v 0.8 0.1 -0.8
v 0.8 0.1 -0.9
v 0.8 0.2 1
v 0.8 0.2 0.9
v 0.8 0.2 0.8
v 0.8 0.2 -0.8
v 0.8 0.2 -0.9
v 0.8 0.2 -1
v 0.8 0.3 1
v 0.8 0.3 0.9
v 0.8 0.3 -0.9
v 0.8 0.3 -1
v 0.8 0.4 1
v 0.8 0.4 0.9
v 0.8 0.4 -0.9
v 0.8 0.4 -1
v 0.8 0.5 1.1
v 0.8 0.5 1
v 0.8 0.5 0.9
v 0.8 0.5 -1
v 0.8 0.5 -1.1
v 0.8 0.6 1
v 0.8 0.6 0.9
v 0.8 0.6 0.6
v 0.8 0.7 1.1
v 0.8 0.7 1
v 0.8 0.7 0.9
v 0.8 0.7 0.6
v 0.8 0.7 -1
v 0.8 0.7 -1.1
v 0.9 -0.3 0.3
v 0.9 -0.3 -0.3
v 0.9 -0.2 0.5
v 0.9 -0.2 0.3
v 0.9 -0.2 -0.3
v 0.9 -0.2 -0.5
v 0.9 -0.1 0.6
v 0.9 -0.1 0.5
v 0.9 -0.1 0.3
v 0.9 -0.1 -0.3
v 0.9 -0.1 -0.5
v 0.9 -0.1 -0.6
v 0.9 0 0.7
v 0.9 0 0.6
v 0.9 0 0.5
v 0.9 0 -0.5
v 0.9 0 -0.6
v 0.9 0 -0.7
v 0.9 0.1 0.8
v 0.9 0.1 0.7
v 0.9 0.1 0.6
v 0.9 0.1 -0.6
v 0.9 0.1 -0.7
v 0.9 0.1 -0.8
v 0.9 0.2 0.9
v 0.9 0.2 0.8
v 0.9 0.2 0.7
v 0.9 0.2 -0.7
v 0.9 0.2 -0.8
v 0.9 0.2 -0.9
v 0.9 0.3 0.9
v 0.9 0.3 0.8
v 0.9 0.3 -0.8
v 0.9 0.3 -0.9
v 0.9 0.4 1
v 0.9 0.4 0.9
v 0.9 0.4 0.8
v 0.9 0.4 -0.8
v 0.9 0.4 -0.9
v 0.9 0.4 -1
v 0.9 0.5 1
v 0.9 0.5 0.9
v 0.9 0.5 -0.9
v 0.9 0.5 -1
v 0.9 0.6 1
v 0.9 0.6 0.9
v 0.9 0.7 1
v 0.9 0.7 0.9
v 0.9 0.7 -0.9
v 0.9 0.7 -1
v 1 -0.2 0.3
v 1 -0.2 -0.3
v 1 -0.1 0.5
v 1 -0.1 0.3
v 1 -0.1 0.2
v 1 -0.1 -0.2
v 1 -0.1 -0.3
v 1 -0.1 -0.5
v 1 0 0.6
v 1 0 0.5
v 1 0 0.4
v 1 0 0.2
v 1 0 -0.2
v 1 0 -0.4
v 1 0 -0.5
v 1 0 -0.6
v 1 0.1 0.7
v 1 0.1 0.6
v 1 0.1 0.5
v 1 0.1 0.4
v 1 0.1 -0.4
v 1 0.1 -0.5
v 1 0.1 -0.6
v 1 0.1 -0.7
v 1 0.2 0.8
v 1 0.2 0.7
v 1 0.2 0.6
v 1 0.2 0.5
v 1 0.2 -0.5
v 1 0.2 -0.6
v 1 0.2 -0.7
v 1 0.2 -0.8
v 1 0.3 0.8
v 1 0.3 0.7
v 1 0.3 0.6
v 1 0.3 -0.6
v 1 0.3 -0.7
v 1 0.3 -0.8
v 1 0.4 0.9
v 1 0.4 0.8
v 1 0.4 -0.8
v 1 0.4 -0.9
v 1 0.5 0.9
v 1 0.5 0.7
v 1 0.5 -0.7
v 1 0.5 -0.8
v 1 0.5 -0.9
v 1 0.6 0.9
v 1 0.6 0.8
v 1 0.6 0.6
v 1 0.6 0.4
v 1 0.7 0.9
v 1 0.7 0.8
v 1 0.7 0.6
v 1 0.7 0.4
v 1 0.7 -0.8
v 1 0.7 -0.9
v 1.1 -0.7 1.1
v 1.1 -0.7 1
v 1.1 -0.7 -1
v 1.1 -0.7 -1.1
v 1.1 -0.1 0.2
v 1.1 -0.1 -0.2
v 1.1 0 0.4
v 1.1 0 0.2
v 1.1 0 -0.2
v 1.1 0 -0.4
v 1.1 0.1 0.5
v 1.1 0.1 0.4
v 1.1 0.1 0.3
v 1.1 0.1 -0.3
v 1.1 0.1 -0.4
v 1.1 0.1 -0.5
v 1.1 0.2 0.6
v 1.1 0.2 0.5
v 1.1 0.2 0.4
v 1.1 0.2 0.3
v 1.1 0.2 -0.3
v 1.1 0.2 -0.4
v 1.1 0.2 -0.5
v 1.1 0.2 -0.6
v 1.1 0.3 0.7
v 1.1 0.3 0.6
v 1.1 0.3 0.5
v 1.1 0.3 0.4
v 1.1 0.3 -0.4
v 1.1 0.3 -0.5
v 1.1 0.3 -0.6
v 1.1 0.3 -0.7
v 1.1 0.4 0.6
v 1.1 0.4 0.5
v 1.1 0.4 -0.5
v 1.1 0.4 -0.6
v 1.1 0.5 0.7
v 1.1 0.5 0.6
v 1.1 0.5 -0.6
v 1.1 0.5 -0.7
v 1.1 0.5 -0.8
v 1.1 0.6 1.1
v 1.1 0.6 1
v 1.1 0.6 0.8
v 1.1 0.6 0.6
v 1.1 0.6 -1
v 1.1 0.6 -1.1
v 1.1 0.7 0.8
v 1.1 0.7 0.6
v 1.1 0.7 -0.6
v 1.1 0.7 -0.8
v 1.2 0.1 0.3
v 1.2 0.1 -0.3
v 1.2 0.2 0.4
v 1.2 0.2 0.3
v 1.2 0.2 -0.3
v 1.2 0.2 -0.4
v 1.2 0.3 0.5
v 1.2 0.3 0.4
v 1.2 0.3 0.1
v 1.2 0.3 -0.1
v 1.2 0.3 -0.4
v 1.2 0.3 -0.5
v 1.2 0.4 0.6
v 1.2 0.4 0.5
v 1.2 0.4 0.3
v 1.2 0.4 0.1
v 1.2 0.4 -0.1
v 1.2 0.4 -0.3
v 1.2 0.4 -0.5
v 1.2 0.4 -0.6
v 1.2 0.5 0.6
v 1.2 0.5 0.5
v 1.2 0.5 0.3
v 1.2 0.5 -0.3
v 1.2 0.5 -0.6
v 1.2 0.6 0.6
v 1.2 0.6 0.5
v 1.2 0.6 0.4
v 1.2 0.6 0.3
v 1.2 0.6 -0.3
v 1.2 0.6 -0.4
v 1.2 0.7 0.6
v 1.2 0.7 0.4
v 1.2 0.7 -0.4
v 1.2 0.7 -0.6
v 1.3 0.3 0.1
v 1.3 0.3 -0.1
v 1.3 0.4 0.3
v 1.3 0.4 0.1
v 1.3 0.4 -0.1
v 1.3 0.4 -0.3
v 1.3 0.5 0.3
v 1.3 0.5 -0.3
v 1.3 0.6 0.4
v 1.3 0.6 0.3
v 1.3 0.6 -0.3
v 1.3 0.6 -0.4
v 1.3 0.7 0.4
v 1.3 0.7 -0.4
v -1.3 0.3 0.1
v -1.3 0.3 -0.1
v -1.3 0.4 0.3
v -1.3 0.4 0.1
v -1.3 0.4 -0.1
v -1.3 0.4 -0.3
v -1.3 0.5 0.3
v -1.3 0.5 -0.2
v -1.3 0.5 -0.3
v -1.3 0.6 0.4
v -1.3 0.6 0.3
v -1.3 0.6 -0.2
v -1.3 0.6 -0.3
v -1.3 0.6 -0.4
v -1.3 0.7 0.4
v -1.3 0.7 -0.4
v -1.2 0.1 0.3
v -1.2 0.1 -0.3
v -1.2 0.2 0.3
v -1.2 0.2 0
v -1.2 0.2 -0.3
v -1.2 0.2 -0.4
v -1.2 0.3 0.5
v -1.2 0.3 0.4
v -1.2 0.3 0.1
v -1.2 0.3 0
v -1.2 0.3 -0.1
v -1.2 0.3 -0.4
v -1.2 0.3 -0.5
v -1.2 0.4 0.6
v -1.2 0.4 0.5
v -1.2 0.4 0.3
v -1.2 0.4 0.1
v -1.2 0.4 -0.1
v -1.2 0.4 -0.3
v -1.2 0.4 -0.5
v -1.2 0.4 -0.6
v -1.2 0.5 0.6
v -1.2 0.5 0.5
v -1.2 0.5 0.3
v -1.2 0.5 -0.1
v -1.2 0.5 -0.2
v -1.2 0.5 -0.3
v -1.2 0.5 -0.6
v -1.2 0.6 0.5
v -1.2 0.6 0.4
v -1.2 0.6 -0.1
v -1.2 0.6 -0.2
v -1.2 0.6 -0.3
v -1.2 0.6 -0.4
v -1.2 0.7 0.6
v -1.2 0.7 0.4
v -1.2 0.7 -0.4
v -1.2 0.7 -0.6
v -1.1 -0.7 1.1
v -1.1 -0.7 1
v -1.1 -0.7 -1.1
v -1.1 -0.7 -1.2
v -1.1 -0.1 0.2
v -1.1 -0.1 -0.2
v -1.1 0 0.4
v -1.1 0 0.2
v -1.1 0 -0.2
v -1.1 0 -0.4
v -1.1 0.1 0.5
v -1.1 0.1 0.4
v -1.1 0.1 0.3
v -1.1 0.1 -0.3
v -1.1 0.1 -0.4
v -1.1 0.1 -0.5
v -1.1 0.2 0.6
v -1.1 0.2 0.5
v -1.1 0.2 0.4
v -1.1 0.2 0.3
v -1.1 0.2 0.1
v -1.1 0.2 0
v -1.1 0.2 -0.3
v -1.1 0.2 -0.4
v -1.1 0.2 -0.5
v -1.1 0.2 -0.6
v -1.1 0.3 0.7
v -1.1 0.3 0.6
v -1.1 0.3 0.5
v -1.1 0.3 0.4
v -1.1 0.3 0.3
v -1.1 0.3 0.1
v -1.1 0.3 0
v -1.1 0.3 -0.4
v -1.1 0.3 -0.5
v -1.1 0.3 -0.6
v -1.1 0.3 -0.7
v -1.1 0.4 0.6
v -1.1 0.4 0.5
v -1.1 0.4 -0.5
v -1.1 0.4 -0.6
v -1.1 0.5 0.8
v -1.1 0.5 0.7
v -1.1 0.5 0.6
v -1.1 0.5 0.5
v -1.1 0.5 0.4
v -1.1 0.5 0
v -1.1 0.5 -0.1
v -1.1 0.5 -0.6
v -1.1 0.5 -0.7
v -1.1 0.5 -0.8
v -1.1 0.6 1.1
v -1.1 0.6 1
v -1.1 0.6 0.5
v -1.1 0.6 0.4
v -1.1 0.6 0
v -1.1 0.6 -0.1
v -1.1 0.6 -1.1
v -1.1 0.6 -1.2
v -1.1 0.7 0.8
v -1.1 0.7 0.6
v -1.1 0.7 -0.6
v -1.1 0.7 -0.8
v -1 -0.2 0.3
v -1 -0.2 -0.3
v -1 -0.1 0.5
v -1 -0.1 0.3
v -1 -0.1 0.2
v -1 -0.1 -0.2
v -1 -0.1 -0.3
v -1 -0.1 -0.5
v -1 0 0.6
v -1 0 0.5
v -1 0 0.4
v -1 0 0.2
v -1 0 -0.2
v -1 0 -0.4
v -1 0 -0.5
v -1 0 -0.6
v -1 0.1 0.7
v -1 0.1 0.6
v -1 0.1 0.5
v -1 0.1 0.4
v -1 0.1 -0.4
v -1 0.1 -0.5
v -1 0.1 -0.6
v -1 0.1 -0.7
v -1 0.2 0.8
v -1 0.2 0.7
v -1 0.2 0.6
v -1 0.2 0.5
v -1 0.2 0.3
v -1 0.2 0.1
v -1 0.2 -0.5
v -1 0.2 -0.6
v -1 0.2 -0.7
v -1 0.2 -0.8
v -1 0.3 0.8
v -1 0.3 0.7
v -1 0.3 0.6
v -1 0.3 0.3
v -1 0.3 0.1
v -1 0.3 -0.6
v -1 0.3 -0.7
v -1 0.3 -0.8
v -1 0.4 0.9
v -1 0.4 0.8
v -1 0.4 -0.8
v -1 0.4 -0.9
v -1 0.5 0.9
v -1 0.5 0.8
v -1 0.5 0.7
v -1 0.5 0.4
v -1 0.5 0.3
v -1 0.5 0.1
v -1 0.5 0
v -1 0.5 -0.7
v -1 0.5 -0.8
v -1 0.5 -0.9
v -1 0.6 0.4
v -1 0.6 0.3
v -1 0.6 0.1
v -1 0.6 0
v -1 0.7 0.9
v -1 0.7 0.8
v -1 0.7 -0.8
v -1 0.7 -0.9
v -0.9 -0.3 0.3
v -0.9 -0.3 -0.3
v -0.9 -0.2 0.5
v -0.9 -0.2 0.3
v -0.9 -0.2 -0.3
v -0.9 -0.2 -0.5
v -0.9 -0.1 0.6
v -0.9 -0.1 0.5
v -0.9 -0.1 0.3
v -0.9 -0.1 -0.3
v -0.9 -0.1 -0.5
v -0.9 -0.1 -0.6
v -0.9 0 0.7
v -0.9 0 0.6
v -0.9 0 0.5
v -0.9 0 -0.5
v -0.9 0 -0.6
v -0.9 0 -0.7
v -0.9 0.1 0.8
v -0.9 0.1 0.7
v -0.9 0.1 0.6
v -0.9 0.1 -0.6
v -0.9 0.1 -0.7
v -0.9 0.1 -0.8
v -0.9 0.2 0.9
v -0.9 0.2 0.8
v -0.9 0.2 0.7
v -0.9 0.2 -0.7
v -0.9 0.2 -0.8
v -0.9 0.2 -0.9
v -0.9 0.3 0.9
v -0.9 0.3 0.8
v -0.9 0.3 -0.8
v -0.9 0.3 -0.9
v -0.9 0.4 1
v -0.9 0.4 0.9
v -0.9 0.4 0.8
v -0.9 0.4 -0.8
v -0.9 0.4 -0.9
v -0.9 0.4 -1
v -0.9 0.5 1
v -0.9 0.5 0.9
v -0.9 0.5 0.3
v -0.9 0.5 0.1
v -0.9 0.5 -0.9
v -0.9 0.5 -1
v -0.9 0.6 0.3
v -0.9 0.6 0.1
v -0.9 0.7 1
v -0.9 0.7 0.9
v -0.9 0.7 -0.9
v -0.9 0.7 -1
v -0.8 -0.4 0.2
v -0.8 -0.4 -0.2
v -0.8 -0.3 0.5
v -0.8 -0.3 0.3
v -0.8 -0.3 0.2
v -0.8 -0.3 -0.2
v -0.8 -0.3 -0.3
v -0.8 -0.3 -0.5
v -0.8 -0.2 0.6
v -0.8 -0.2 0.5
v -0.8 -0.2 0.3
v -0.8 -0.2 -0.3
v -0.8 -0.2 -0.5
v -0.8 -0.2 -0.6
v -0.8 -0.1 0.8
v -0.8 -0.1 0.6
v -0.8 -0.1 0.5
v -0.8 -0.1 -0.5
v -0.8 -0.1 -0.6
v -0.8 -0.1 -0.8
v -0.8 0 0.7
v -0.8 0 0.6
v -0.8 0 -0.6
v -0.8 0 -0.7
v -0.8 0.1 0.9
v -0.8 0.1 0.8
v -0.8 0.1 0.7
v -0.8 0.1 -0.7
v -0.8 0.1 -0.8
v -0.8 0.1 -0.9
v -0.8 0.2 1
v -0.8 0.2 0.9
v -0.8 0.2 0.8
v -0.8 0.2 -0.8
v -0.8 0.2 -0.9
v -0.8 0.2 -1
v -0.8 0.3 1
v -0.8 0.3 0.9
v -0.8 0.3 -0.9
v -0.8 0.3 -1
v -0.8 0.4 1
v -0.8 0.4 0.9
v -0.8 0.4 -0.9
v -0.8 0.4 -1
v -0.8 0.5 1.1
v -0.8 0.5 1
v -0.8 0.5 -1
v -0.8 0.5 -1.1
v -0.8 0.7 1.1
v -0.8 0.7 1
v -0.8 0.7 -1
v -0.8 0.7 -1.1
v -0.7 -0.4 0.4
v -0.7 -0.4 0.2
v -0.7 -0.4 -0.2
v -0.7 -0.4 -0.4
v -0.7 -0.3 0.6
v -0.7 -0.3 0.5
v -0.7 -0.3 0.4
v -0.7 -0.3 0.2
v -0.7 -0.3 -0.2
v -0.7 -0.3 -0.4
v -0.7 -0.3 -0.5
v -0.7 -0.3 -0.6
v -0.7 -0.2 0.7
v -0.7 -0.2 0.6
v -0.7 -0.2 0.5
v -0.7 -0.2 -0.5
v -0.7 -0.2 -0.6
v -0.7 -0.2 -0.7
v -0.7 -0.1 0.7
v -0.7 -0.1 0.6
v -0.7 -0.1 -0.6
v -0.7 -0.1 -0.7
v -0.7 0 0.9
v -0.7 0 0.8
v -0.7 0 -0.8
v -0.7 0 -0.9
v -0.7 0.1 1
v -0.7 0.1 0.9
v -0.7 0.1 0.8
v -0.7 0.1 -0.8
v -0.7 0.1 -0.9
v -0.7 0.1 -1
v -0.7 0.2 1
v -0.7 0.2 0.9
v -0.7 0.2 -0.9
v -0.7 0.2 -1
v -0.7 0.3 1.1
v -0.7 0.3 1
v -0.7 0.3 -1
v -0.7 0.3 -1.1
v -0.7 0.5 1.1
v -0.7 0.5 1
v -0.7 0.5 -1
v -0.7 0.5 -1.1
v -0.6 -0.5 0.3
v -0.6 -0.5 -0.3
v -0.6 -0.4 0.5
v -0.6 -0.4 0.4
v -0.6 -0.4 0.3
v -0.6 -0.4 -0.3
v -0.6 -0.4 -0.4
v -0.6 -0.4 -0.5
v -0.6 -0.3 0.7
v -0.6 -0.3 0.6
v -0.6 -0.3 0.5
v -0.6 -0.3 0.4
v -0.6 -0.3 -0.4
v -0.6 -0.3 -0.5
v -0.6 -0.2 0.8
v -0.6 -0.2 0.7
v -0.6 -0.2 0.6
v -0.6 -0.2 -0.7
v -0.6 -0.2 -0.8
v -0.6 -0.1 0.9
v -0.6 -0.1 0.8
v -0.6 -0.1 0.7
v -0.6 -0.1 -0.7
v -0.6 -0.1 -0.8
v -0.6 -0.1 -0.9
v -0.6 0 1
v -0.6 0 0.9
v -0.6 0 0.8
v -0.6 0 -0.8
v -0.6 0 -0.9
v -0.6 0 -1
v -0.6 0.1 1
v -0.6 0.1 0.9
v -0.6 0.1 -0.9
v -0.6 0.1 -1
v -0.6 0.2 1.1
v -0.6 0.2 1
v -0.6 0.2 -0.4
v -0.6 0.2 -0.5
v -0.6 0.2 -1
v -0.6 0.2 -1.1
v -0.6 0.3 1.1
v -0.6 0.3 1
v -0.6 0.3 -1
v -0.6 0.3 -1.1
v -0.6 0.4 1.2
v -0.6 0.4 1.1
v -0.6 0.4 -1.1
v -0.6 0.4 -1.2
v -0.6 0.5 1.2
v -0.6 0.5 1.1
v -0.6 0.5 -1.1
v -0.6 0.5 -1.2
v -0.6 0.7 1.2
v -0.6 0.7 1.1
v -0.6 0.7 -1.1
v -0.6 0.7 -1.2
v -0.5 -0.5 0.4
v -0.5 -0.5 0.3
v -0.5 -0.5 -0.3
v -0.5 -0.5 -0.4
v -0.5 -0.4 0.6
v -0.5 -0.4 0.5
v -0.5 -0.4 0.4
v -0.5 -0.4 0.3
v -0.5 -0.4 -0.3
v -0.5 -0.4 -0.4
v -0.5 -0.4 -0.5
v -0.5 -0.4 -0.6
v -0.5 -0.3 0.8
v -0.5 -0.3 0.7
v -0.5 -0.3 0.6
v -0.5 -0.3 0.5
v -0.5 -0.3 -0.5
v -0.5 -0.3 -0.6
v -0.5 -0.3 -0.7
v -0.5 -0.3 -0.8
v -0.5 -0.2 0.9
v -0.5 -0.2 0.8
v -0.5 -0.2 0.7
v -0.5 -0.2 -0.7
v -0.5 -0.2 -0.8
v -0.5 -0.2 -0.9
v -0.5 -0.1 1
v -0.5 -0.1 0.9
v -0.5 -0.1 0.8
v -0.5 -0.1 -0.6
v -0.5 -0.1 -0.7
v -0.5 -0.1 -0.8
v -0.5 -0.1 -0.9
v -0.5 -0.1 -1
v -0.5 0 1
v -0.5 0 0.9
v -0.5 0 -0.9
v -0.5 0 -1
v -0.5 0.1 1.1
v -0.5 0.1 1
v -0.5 0.1 -1
v -0.5 0.1 -1.1
v -0.5 0.2 1.1
v -0.5 0.2 1
v -0.5 0.2 -1
v -0.5 0.2 -1.1
v -0.5 0.3 1.2
v -0.5 0.3 1.1
v -0.5 0.3 -1.1
v -0.5 0.3 -1.2
v -0.5 0.4 1.2
v -0.5 0.4 1.1
v -0.5 0.4 -1.1
v -0.5 0.4 -1.2
v -0.4 -0.6 0.1
v -0.4 -0.6 -0.1
v -0.4 -0.5 0.5
v -0.4 -0.5 0.4
v -0.4 -0.5 0.1
v -0.4 -0.5 -0.1
v -0.4 -0.5 -0.4
v -0.4 -0.5 -0.5
v -0.4 -0.4 0.7
v -0.4 -0.4 0.6
v -0.4 -0.4 0.5
v -0.4 -0.4 0.4
v -0.4 -0.4 -0.4
v -0.4 -0.4 -0.5
v -0.4 -0.4 -0.6
v -0.4 -0.4 -0.7
v -0.4 -0.3 0.7
v -0.4 -0.3 0.6
v -0.4 -0.3 -0.6
v -0.4 -0.3 -0.7
v -0.4 -0.1 -0.4
v -0.4 -0.1 -0.5
v -0.4 0 1.1
v -0.4 0 1
v -0.4 0 -1
v -0.4 0 -1.1
v -0.4 0.1 1.1
v -0.4 0.1 1
v -0.4 0.1 -1
v -0.4 0.1 -1.1
v -0.4 0.2 1.2
v -0.4 0.2 1.1
v -0.4 0.2 -1.1
v -0.4 0.2 -1.2
v -0.4 0.3 1.2
v -0.4 0.3 1.1
v -0.4 0.3 -1.1
v -0.4 0.3 -1.2
v -0.4 0.6 1.3
v -0.4 0.6 1.2
v -0.4 0.6 -1.2
v -0.4 0.6 -1.3
v -0.4 0.7 1.3
v -0.4 0.7 1.2
v -0.4 0.7 -1.2
v -0.4 0.7 -1.3
v -0.3 -0.6 0.3
v -0.3 -0.6 0.1
v -0.3 -0.6 -0.1
v -0.3 -0.6 -0.3
v -0.3 -0.5 0.6
v -0.3 -0.5 0.5
v -0.3 -0.5 0.3
v -0.3 -0.5 0.1
v -0.3 -0.5 -0.1
v -0.3 -0.5 -0.3
v -0.3 -0.5 -0.5
v -0.3 -0.5 -0.6
v -0.3 -0.4 0.6
v -0.3 -0.4 0.5
v -0.3 -0.4 -0.5
v -0.3 -0.4 -0.6
v -0.3 -0.3 0.9
v -0.3 -0.3 0.8
v -0.3 -0.3 -0.8
v -0.3 -0.3 -0.9
v -0.3 -0.2 1
v -0.3 -0.2 0.9
v -0.3 -0.2 0.8
v -0.3 -0.2 -0.8
v -0.3 -0.2 -0.9
v -0.3 -0.2 -1
v -0.3 -0.1 1
v -0.3 -0.1 0.9
v -0.3 -0.1 -0.9
v -0.3 -0.1 -1
v -0.3 0.1 1.2
v -0.3 0.1 1.1
v -0.3 0.1 -1.1
v -0.3 0.1 -1.2
v -0.3 0.2 1.2
v -0.3 0.2 1.1
v -0.3 0.2 -1.1
v -0.3 0.2 -1.2
v -0.3 0.4 1.3
v -0.3 0.4 1.2
v -0.3 0.4 -1.2
v -0.3 0.4 -1.3
v -0.3 0.5 1.3
v -0.3 0.5 1.2
v -0.3 0.5 -1.2
v -0.3 0.5 -1.3
v -0.3 0.6 1.3
v -0.3 0.6 1.2
v -0.3 0.6 -1.2
v -0.3 0.6 -1.3
v -0.2 -0.4 0.8
v -0.2 -0.4 0.7
v -0.2 -0.4 -0.7
v -0.2 -0.4 -0.8
v -0.2 -0.3 0.8
v -0.2 -0.3 0.7
v -0.2 -0.3 -0.7
v -0.2 -0.3 -0.8
v -0.2 -0.1 1.1
v -0.2 -0.1 1
v -0.2 -0.1 -1
v -0.2 -0.1 -1.1
v -0.2 0 1.1
v -0.2 0 1
v -0.2 0 -1
v -0.2 0 -1.1
v -0.1 -0.6 0.4
v -0.1 -0.6 0.3
v -0.1 -0.6 0
v -0.1 -0.6 -0.1
v -0.1 -0.6 -0.3
v -0.1 -0.6 -0.4
v -0.1 -0.5 0.4
v -0.1 -0.5 0.3
v -0.1 -0.5 0
v -0.1 -0.5 -0.1
v -0.1 -0.5 -0.3
v -0.1 -0.5 -0.4
v -0.1 0.3 1.3
v -0.1 0.3 1.2
v -0.1 0.3 -1.2
v -0.1 0.3 -1.3
v -0.1 0.4 1.3
v -0.1 0.4 1.2
v -0.1 0.4 -1.2
v -0.1 0.4 -1.3
v 0.1 -0.7 0.4
v 0.1 -0.7 0.3
v 0.1 -0.7 -0.3
v 0.1 -0.7 -0.4
v 0.1 -0.6 0.4
v 0.1 -0.6 0.3
v 0.1 -0.6 -0.3
v 0.1 -0.6 -0.4
v 0.1 0.3 1.4
v 0.1 0.3 1.3
v 0.1 0.3 -1.3
v 0.1 0.3 -1.4
v 0.1 0.4 1.4
v 0.1 0.4 1.3
v 0.1 0.4 -1.3
v 0.1 0.4 -1.4
v 0.2 -0.6 0
v 0.2 -0.6 -0.2
v 0.2 -0.5 0
v 0.2 -0.5 -0.2
v 0.3 -0.7 0.3
v 0.3 -0.7 0.1
v 0.3 -0.7 -0.1
v 0.3 -0.7 -0.3
v 0.3 -0.6 0.6
v 0.3 -0.6 0.5
v 0.3 -0.6 0.3
v 0.3 -0.6 0.1
v 0.3 -0.6 -0.1
v 0.3 -0.6 -0.3
v 0.3 -0.6 -0.5
v 0.3 -0.6 -0.6
v 0.3 -0.5 0.8
v 0.3 -0.5 0.7
v 0.3 -0.5 0.6
v 0.3 -0.5 0.5
v 0.3 -0.5 -0.5
v 0.3 -0.5 -0.6
v 0.3 -0.5 -0.7
v 0.3 -0.5 -0.8
v 0.3 -0.4 0.8
v 0.3 -0.4 0.7
v 0.3 -0.4 -0.7
v 0.3 -0.4 -0.8
v 0.3 -0.1 1.2
v 0.3 -0.1 1.1
v 0.3 -0.1 -1.1
v 0.3 -0.1 -1.2
v 0.3 0 1.2
v 0.3 0 1.1
v 0.3 0 -1.1
v 0.3 0 -1.2
v 0.3 0.1 1.3
v 0.3 0.1 1.2
v 0.3 0.1 -1.2
v 0.3 0.1 -1.3
v 0.3 0.2 1.3
v 0.3 0.2 1.2
v 0.3 0.2 -1.2
v 0.3 0.2 -1.3
v 0.3 0.4 1.4
v 0.3 0.4 1.3
v 0.3 0.4 -1.3
v 0.3 0.4 -1.4
v 0.3 0.5 1.4
v 0.3 0.5 1.3
v 0.3 0.5 -1.3
v 0.3 0.5 -1.4
v 0.3 0.6 1.4
v 0.3 0.6 1.3
v 0.3 0.6 -1.3
v 0.3 0.6 -1.4
v 0.4 -0.7 0.1
v 0.4 -0.7 -0.1
v 0.4 -0.6 0.5
v 0.4 -0.6 0.4
v 0.4 -0.6 0.1
v 0.4 -0.6 -0.1
v 0.4 -0.6 -0.4
v 0.4 -0.6 -0.5
v 0.4 -0.5 0.5
v 0.4 -0.5 0.4
v 0.4 -0.5 -0.4
v 0.4 -0.5 -0.5
v 0.4 -0.4 0.9
v 0.4 -0.4 0.8
v 0.4 -0.4 -0.8
v 0.4 -0.4 -0.9
v 0.4 -0.3 1
v 0.4 -0.3 0.9
v 0.4 -0.3 0.8
v 0.4 -0.3 -0.8
v 0.4 -0.3 -0.9
v 0.4 -0.3 -1
v 0.4 -0.2 1.1
v 0.4 -0.2 1
v 0.4 -0.2 0.9
v 0.4 -0.2 -0.9
v 0.4 -0.2 -1
v 0.4 -0.2 -1.1
v 0.4 -0.1 1.1
v 0.4 -0.1 1
v 0.4 -0.1 -1
v 0.4 -0.1 -1.1
v 0.4 0.2 1.3
v 0.4 0.2 1.2
v 0.4 0.2 -1.2
v 0.4 0.2 -1.3
v 0.4 0.3 1.3
v 0.4 0.3 1.2
v 0.4 0.3 -1.2
v 0.4 0.3 -1.3
v 0.4 0.6 1.4
v 0.4 0.6 1.3
v 0.4 0.6 -1.3
v 0.4 0.6 -1.4
v 0.4 0.7 1.4
v 0.4 0.7 1.3
v 0.4 0.7 -1.3
v 0.4 0.7 -1.4
v 0.5 -0.6 0.4
v 0.5 -0.6 0.3
v 0.5 -0.6 -0.3
v 0.5 -0.6 -0.4
v 0.5 -0.5 0.7
v 0.5 -0.5 0.6
v 0.5 -0.5 0.4
v 0.5 -0.5 0.3
v 0.5 -0.5 -0.3
v 0.5 -0.5 -0.4
v 0.5 -0.5 -0.6
v 0.5 -0.5 -0.7
v 0.5 -0.4 0.8
v 0.5 -0.4 0.7
v 0.5 -0.4 0.6
v 0.5 -0.4 -0.6
v 0.5 -0.4 -0.7
v 0.5 -0.4 -0.8
v 0.5 -0.3 0.8
v 0.5 -0.3 0.7
v 0.5 -0.3 -0.7
v 0.5 -0.3 -0.8
v 0.5 -0.1 1.1
v 0.5 -0.1 1
v 0.5 -0.1 -1
v 0.5 -0.1 -1.1
v 0.5 0 1.2
v 0.5 0 1.1
v 0.5 0 1
v 0.5 0 -1
v 0.5 0 -1.1
v 0.5 0 -1.2
v 0.5 0.1 1.2
v 0.5 0.1 1.1
v 0.5 0.1 -1.1
v 0.5 0.1 -1.2
v 0.5 0.3 1.3
v 0.5 0.3 1.2
v 0.5 0.3 -1.2
v 0.5 0.3 -1.3
v 0.5 0.4 1.3
v 0.5 0.4 1.2
v 0.5 0.4 -1.2
v 0.5 0.4 -1.3
v 0.6 -0.6 0.3
v 0.6 -0.6 -0.3
v 0.6 -0.5 0.6
v 0.6 -0.5 0.5
v 0.6 -0.5 0.3
v 0.6 -0.5 -0.3
v 0.6 -0.5 -0.5
v 0.6 -0.5 -0.6
v 0.6 -0.4 0.6
v 0.6 -0.4 0.5
v 0.6 -0.4 -0.5
v 0.6 -0.4 -0.6
v 0.6 -0.3 0.9
v 0.6 -0.3 0.8
v 0.6 -0.3 -0.8
v 0.6 -0.3 -0.9
v 0.6 -0.2 1
v 0.6 -0.2 0.9
v 0.6 -0.2 0.8
v 0.6 -0.2 -0.8
v 0.6 -0.2 -0.9
v 0.6 -0.2 -1
v 0.6 -0.1 1
v 0.6 -0.1 0.9
v 0.6 -0.1 -0.9
v 0.6 -0.1 -1
v 0.6 0.1 1.2
v 0.6 0.1 1.1
v 0.6 0.1 -1.1
v 0.6 0.1 -1.2
v 0.6 0.2 1.2
v 0.6 0.2 1.1
v 0.6 0.2 -1.1
v 0.6 0.2 -1.2
v 0.6 0.4 1.3
v 0.6 0.4 1.2
v 0.6 0.4 -1.2
v 0.6 0.4 -1.3
v 0.6 0.5 1.3
v 0.6 0.5 1.2
v 0.6 0.5 -1.2
v 0.6 0.5 -1.3
v 0.6 0.7 1.3
v 0.6 0.7 1.2
v 0.6 0.7 -1.2
v 0.6 0.7 -1.3
v 0.7 -0.5 0.5
v 0.7 -0.5 0.3
v 0.7 -0.5 -0.3
v 0.7 -0.5 -0.5
v 0.7 -0.4 0.7
v 0.7 -0.4 0.5
v 0.7 -0.4 0.3
v 0.7 -0.4 -0.3
v 0.7 -0.4 -0.5
v 0.7 -0.4 -0.7
v 0.7 -0.3 0.8
v 0.7 -0.3 0.7
v 0.7 -0.3 0.5
v 0.7 -0.3 0.4
v 0.7 -0.3 0.3
v 0.7 -0.3 -0.5
v 0.7 -0.3 -0.7
v 0.7 -0.3 -0.8
v 0.7 -0.2 0.9
v 0.7 -0.2 0.8
v 0.7 -0.2 0.7
v 0.7 -0.2 0.4
v 0.7 -0.2 0.3
v 0.7 -0.2 -0.7
v 0.7 -0.2 -0.8
v 0.7 -0.2 -0.9
v 0.7 -0.1 1
v 0.7 -0.1 0.9
v 0.7 -0.1 0.8
v 0.7 -0.1 0.4
v 0.7 -0.1 0.3
v 0.7 -0.1 -0.8
v 0.7 -0.1 -0.9
v 0.7 -0.1 -1
v 0.7 0 1.1
v 0.7 0 1
v 0.7 0 0.9
v 0.7 0 0.4
v 0.7 0 0.3
v 0.7 0 -0.9
v 0.7 0 -1
v 0.7 0 -1.1
v 0.7 0.1 1.1
v 0.7 0.1 1
v 0.7 0.1 0.4
v 0.7 0.1 0.3
v 0.7 0.1 -1
v 0.7 0.1 -1.1
v 0.7 0.2 1.2
v 0.7 0.2 1.1
v 0.7 0.2 1
v 0.7 0.2 0.4
v 0.7 0.2 0.3
v 0.7 0.2 -1
v 0.7 0.2 -1.1
v 0.7 0.2 -1.2
v 0.7 0.3 1.2
v 0.7 0.3 1.1
v 0.7 0.3 0.4
v 0.7 0.3 0.3
v 0.7 0.3 -1.1
v 0.7 0.3 -1.2
v 0.7 0.4 1.2
v 0.7 0.4 1.1
v 0.7 0.4 0.4
v 0.7 0.4 0.3
v 0.7 0.4 -1.1
v 0.7 0.4 -1.2
v 0.7 0.5 0.4
v 0.7 0.5 0.3
v 0.7 0.6 0.8
v 0.7 0.6 0.7
v 0.7 0.6 0.5
v 0.7 0.6 0.4
v 0.7 0.7 0.8
v 0.7 0.7 0.7
v 0.7 0.7 0.5
v 0.7 0.7 0.4
v 0.8 -0.5 0.3
v 0.8 -0.5 -0.3
v 0.8 -0.4 0.5
v 0.8 -0.4 0.4
v 0.8 -0.4 0.3
v 0.8 -0.4 -0.3
v 0.8 -0.4 -0.4
v 0.8 -0.4 -0.5
v 0.8 -0.3 0.7
v 0.8 -0.3 0.6
v 0.8 -0.3 0.5
v 0.8 -0.3 0.4
v 0.8 -0.3 -0.4
v 0.8 -0.3 -0.5
v 0.8 -0.3 -0.6
v 0.8 -0.3 -0.7
v 0.8 -0.2 0.8
v 0.8 -0.2 0.7
v 0.8 -0.2 0.6
v 0.8 -0.2 -0.6
v 0.8 -0.2 -0.7
v 0.8 -0.2 -0.8
v 0.8 -0.1 0.9
v 0.8 -0.1 0.8
v 0.8 -0.1 0.7
v 0.8 -0.1 -0.7
v 0.8 -0.1 -0.8
v 0.8 -0.1 -0.9
v 0.8 0 1
v 0.8 0 0.9
v 0.8 0 0.8
v 0.8 0 -0.8
v 0.8 0 -0.9
v 0.8 0 -1
v 0.8 0.1 1
v 0.8 0.1 0.9
v 0.8 0.1 -0.9
v 0.8 0.1 -1
v 0.8 0.2 1.1
v 0.8 0.2 1
v 0.8 0.2 -1
v 0.8 0.2 -1.1
v 0.8 0.3 1.1
v 0.8 0.3 1
v 0.8 0.3 -1
v 0.8 0.3 -1.1
v 0.8 0.4 1.2
v 0.8 0.4 1.1
v 0.8 0.4 -1.1
v 0.8 0.4 -1.2
v 0.8 0.5 1.2
v 0.8 0.5 1.1
v 0.8 0.5 -1.1
v 0.8 0.5 -1.2
v 0.8 0.6 0.4
v 0.8 0.6 0.3
v 0.8 0.7 1.2
v 0.8 0.7 1.1
v 0.8 0.7 0.4
v 0.8 0.7 0.3
v 0.8 0.7 -1.1
v 0.8 0.7 -1.2
v 0.9 -0.4 0.4
v 0.9 -0.4 -0.4
v 0.9 -0.3 0.6
v 0.9 -0.3 0.4
v 0.9 -0.3 -0.4
v 0.9 -0.3 -0.6
v 0.9 -0.2 0.7
v 0.9 -0.2 0.6
v 0.9 -0.2 0.4
v 0.9 -0.2 -0.4
v 0.9 -0.2 -0.6
v 0.9 -0.2 -0.7
v 0.9 -0.1 0.8
v 0.9 -0.1 0.7
v 0.9 -0.1 0.6
v 0.9 -0.1 -0.6
v 0.9 -0.1 -0.7
v 0.9 -0.1 -0.8
v 0.9 0 0.9
v 0.9 0 0.8
v 0.9 0 0.7
v 0.9 0 -0.7
v 0.9 0 -0.8
v 0.9 0 -0.9
v 0.9 0.1 1
v 0.9 0.1 0.9
v 0.9 0.1 0.8
v 0.9 0.1 -0.8
v 0.9 0.1 -0.9
v 0.9 0.1 -1
v 0.9 0.3 1.1
v 0.9 0.3 1
v 0.9 0.3 0.9
v 0.9 0.3 -0.9
v 0.9 0.3 -1
v 0.9 0.3 -1.1
v 0.9 0.5 1.1
v 0.9 0.5 1
v 0.9 0.5 -1
v 0.9 0.5 -1.1
v 0.9 0.6 1.1
v 0.9 0.6 1
v 0.9 0.6 0.9
v 0.9 0.6 0.6
v 0.9 0.6 -1
v 0.9 0.6 -1.1
v 0.9 0.7 0.9
v 0.9 0.7 0.6
v 1 -0.3 0.4
v 1 -0.3 -0.4
v 1 -0.2 0.6
v 1 -0.2 0.4
v 1 -0.2 -0.4
v 1 -0.2 -0.6
v 1 -0.1 0.7
v 1 -0.1 0.6
v 1 -0.1 0.5
v 1 -0.1 0.4
v 1 -0.1 -0.4
v 1 -0.1 -0.5
v 1 -0.1 -0.6
v 1 -0.1 -0.7
v 1 0 0.8
v 1 0 0.7
v 1 0 0.5
v 1 0 -0.5
v 1 0 -0.7
v 1 0 -0.8
v 1 0.1 0.9
v 1 0.1 0.8
v 1 0.1 0.7
v 1 0.1 -0.7
v 1 0.1 -0.8
v 1 0.1 -0.9
v 1 0.2 0.8
v 1 0.2 0.7
v 1 0.2 -0.7
v 1 0.2 -0.8
v 1 0.3 1
v 1 0.3 0.9
v 1 0.3 0.8
v 1 0.3 -0.8
v 1 0.3 -0.9
v 1 0.3 -1
v 1 0.5 1
v 1 0.5 0.9
v 1 0.5 0.4
v 1 0.5 0.3
v 1 0.5 -0.9
v 1 0.5 -1
v 1 0.6 1
v 1 0.6 0.9
v 1 0.6 0.4
v 1 0.6 0.3
v 1 0.6 -0.9
v 1 0.6 -1
v 1.1 -0.2 0.4
v 1.1 -0.2 -0.4
v 1.1 -0.1 0.5
v 1.1 -0.1 0.4
v 1.1 -0.1 0.3
v 1.1 -0.1 -0.3
v 1.1 -0.1 -0.4
v 1.1 -0.1 -0.5
v 1.1 0 0.7
v 1.1 0 0.5
v 1.1 0 0.3
v 1.1 0 -0.3
v 1.1 0 -0.5
v 1.1 0 -0.7
v 1.1 0.1 0.7
v 1.1 0.1 0.6
v 1.1 0.1 0.5
v 1.1 0.1 -0.5
v 1.1 0.1 -0.6
v 1.1 0.1 -0.7
v 1.1 0.2 0.8
v 1.1 0.2 0.7
v 1.1 0.2 0.6
v 1.1 0.2 -0.6
v 1.1 0.2 -0.7
v 1.1 0.2 -0.8
v 1.1 0.3 0.9
v 1.1 0.3 0.8
v 1.1 0.3 0.7
v 1.1 0.3 -0.7
v 1.1 0.3 -0.8
v 1.1 0.3 -0.9
v 1.1 0.4 0.8
v 1.1 0.4 0.7
v 1.1 0.4 -0.7
v 1.1 0.4 -0.8
v 1.1 0.5 0.9
v 1.1 0.5 0.8
v 1.1 0.5 0.5
v 1.1 0.5 0.4
v 1.1 0.5 -0.8
v 1.1 0.5 -0.9
v 1.1 0.6 0.9
v 1.1 0.6 0.8
v 1.1 0.6 0.6
v 1.1 0.6 0.5
v 1.1 0.6 -0.8
v 1.1 0.6 -0.9
v 1.1 0.7 0.6
v 1.1 0.7 0.4
v 1.2 -0.7 1.1
v 1.2 -0.7 1
v 1.2 -0.7 -1
v 1.2 -0.7 -1.1
v 1.2 -0.1 0.3
v 1.2 -0.1 -0.3
v 1.2 0 0.5
v 1.2 0 0.3
v 1.2 0 -0.3
v 1.2 0 -0.5
v 1.2 0.1 0.6
v 1.2 0.1 0.5
v 1.2 0.1 0.3
v 1.2 0.1 -0.3
v 1.2 0.1 -0.5
v 1.2 0.1 -0.6
v 1.2 0.2 0.7
v 1.2 0.2 0.6
v 1.2 0.2 0.4
v 1.2 0.2 0.3
v 1.2 0.2 -0.3
v 1.2 0.2 -0.4
v 1.2 0.2 -0.6
v 1.2 0.2 -0.7
v 1.2 0.3 0.7
v 1.2 0.3 0.5
v 1.2 0.3 0.4
v 1.2 0.3 -0.4
v 1.2 0.3 -0.5
v 1.2 0.3 -0.7
v 1.2 0.4 0.8
v 1.2 0.4 0.7
v 1.2 0.4 0.6
v 1.2 0.4 0.5
v 1.2 0.4 -0.5
v 1.2 0.4 -0.6
v 1.2 0.4 -0.7
v 1.2 0.4 -0.8
v 1.2 0.5 0.8
v 1.2 0.5 0.6
v 1.2 0.5 -0.6
v 1.2 0.5 -0.8
v 1.2 0.6 1
v 1.2 0.6 0.8
v 1.2 0.6 -0.8
v 1.2 0.6 -1
v 1.2 0.7 1.1
v 1.2 0.7 0.8
v 1.2 0.7 0.6
v 1.2 0.7 -0.6
v 1.2 0.7 -0.8
v 1.2 0.7 -1.1
v 1.3 0.1 0.3
v 1.3 0.1 -0.3
v 1.3 0.2 0.4
v 1.3 0.2 0.3
v 1.3 0.2 -0.3
v 1.3 0.2 -0.4
v 1.3 0.3 0.5
v 1.3 0.3 0.4
v 1.3 0.3 0.1
v 1.3 0.3 -0.1
v 1.3 0.3 -0.4
v 1.3 0.3 -0.5
v 1.3 0.4 0.6
v 1.3 0.4 0.5
v 1.3 0.4 0.3
v 1.3 0.4 0.1
v 1.3 0.4 -0.1
v 1.3 0.4 -0.3
v 1.3 0.4 -0.5
v 1.3 0.4 -0.6
v 1.3 0.5 0.6
v 1.3 0.5 0.3
v 1.3 0.5 -0.3
v 1.3 0.5 -0.6
v 1.3 0.6 0.4
v 1.3 0.6 0.3
v 1.3 0.6 -0.3
v 1.3 0.6 -0.4
v 1.3 0.7 0.6
v 1.3 0.7 0.4
v 1.3 0.7 -0.4
v 1.3 0.7 -0.6
v 1.4 0.3 0.1
v 1.4 0.3 -0.1
v 1.4 0.4 0.3
v 1.4 0.4 0.1
v 1.4 0.4 -0.1
v 1.4 0.4 -0.3
v 1.4 0.5 0.3
v 1.4 0.5 -0.3
v 1.4 0.6 0.4
v 1.4 0.6 0.3
v 1.4 0.6 -0.3
v 1.4 0.6 -0.4
v 1.4 0.7 0.4
v 1.4 0.7 -0.4
v -0.4 0.6 1.4
v -0.4 0.7 1.4
v -0.3 0.4 1.4
v -0.3 0.5 1.4
v -0.3 0.6 1.4
v -0.2 0.5 1.4
v -0.2 0.6 1.4
v -0.1 0.3 1.4
v -0.1 0.4 1.4
v 0.1 0.3 1.4
v 0.1 0.4 1.4
v 0.2 0.5 1.4
v 0.2 0.6 1.4
v 0.3 0.4 1.4
v 0.3 0.5 1.4
v 0.3 0.6 1.4
v 0.4 0.6 1.4
v 0.4 0.7 1.4
v -0.6 0.4 1.3
v -0.6 0.5 1.3
v -0.6 0.7 1.3
v -0.5 0.3 1.3
v -0.5 0.4 1.3
v -0.4 0.2 1.3
v -0.4 0.3 1.3
v -0.4 0.6 1.3
v -0.4 0.7 1.3
v -0.3 0.1 1.3
v -0.3 0.2 1.3
v -0.3 0.4 1.3
v -0.3 0.5 1.3
v -0.3 0.6 1.3
v -0.2 0.1 1.3
v -0.2 0.2 1.3
v -0.1 0.3 1.3
v -0.1 0.4 1.3
v 0.1 0.3 1.3
v 0.1 0.4 1.3
v 0.2 0.1 1.3
v 0.2 0.2 1.3
v 0.3 0.1 1.3
v 0.3 0.2 1.3
v 0.3 0.4 1.3
v 0.3 0.5 1.3
v 0.3 0.6 1.3
v 0.4 0.2 1.3
v 0.4 0.3 1.3
v 0.4 0.6 1.3
v 0.4 0.7 1.3
v 0.5 0.3 1.3
v 0.5 0.4 1.3
v 0.6 0.4 1.3
v 0.6 0.5 1.3
v 0.6 0.7 1.3
v -0.8 0.4 1.2
v -0.8 0.5 1.2
v -0.8 0.7 1.2
v -0.7 0.2 1.2
v -0.7 0.3 1.2
v -0.7 0.4 1.2
v -0.6 0.1 1.2
v -0.6 0.2 1.2
v -0.6 0.4 1.2
v -0.6 0.5 1.2
v -0.6 0.7 1.2
v -0.5 0 1.2
v -0.5 0.1 1.2
v -0.5 0.3 1.2
v -0.5 0.4 1.2
v -0.4 0.2 1.2
v -0.4 0.3 1.2
v -0.3 -0.1 1.2
v -0.3 0 1.2
v -0.3 0.1 1.2
v -0.3 0.2 1.2
v -0.2 0.1 1.2
v 0.2 0.1 1.2
v 0.3 -0.1 1.2
v 0.3 0 1.2
v 0.3 0.1 1.2
v 0.3 0.2 1.2
v 0.4 0.2 1.2
v 0.4 0.3 1.2
v 0.5 0 1.2
v 0.5 0.1 1.2
v 0.5 0.3 1.2
v 0.5 0.4 1.2
v 0.6 0.1 1.2
v 0.6 0.2 1.2
v 0.6 0.4 1.2
v 0.6 0.5 1.2
v 0.6 0.7 1.2
v 0.7 0.2 1.2
v 0.7 0.3 1.2
v 0.7 0.4 1.2
v 0.8 0.4 1.2
v 0.8 0.5 1.2
v 0.8 0.7 1.2
v -1.2 -0.7 1.1
v -1.2 0.7 1.1
v -1.1 -0.7 1.1
v -1.1 0.6 1.1
v -0.9 0.3 1.1
v -0.9 0.5 1.1
v -0.9 0.6 1.1
v -0.9 0.7 1.1
v -0.8 0.2 1.1
v -0.8 0.3 1.1
v -0.8 0.4 1.1
v -0.8 0.5 1.1
v -0.8 0.7 1.1
v -0.7 0 1.1
v -0.7 0.1 1.1
v -0.7 0.2 1.1
v -0.7 0.3 1.1
v -0.7 0.4 1.1
v -0.6 0.1 1.1
v -0.6 0.2 1.1
v -0.5 -0.1 1.1
v -0.5 0 1.1
v -0.5 0.1 1.1
v -0.4 -0.2 1.1
v -0.4 -0.1 1.1
v -0.3 -0.1 1.1
v -0.3 0 1.1
v -0.2 -0.2 1.1
v -0.2 -0.1 1.1
v 0.2 -0.2 1.1
v 0.2 -0.1 1.1
v 0.3 -0.1 1.1
v 0.3 0 1.1
v 0.4 -0.2 1.1
v 0.4 -0.1 1.1
v 0.5 -0.1 1.1
v 0.5 0 1.1
v 0.5 0.1 1.1
v 0.6 0.1 1.1
v 0.6 0.2 1.1
v 0.7 0 1.1
v 0.7 0.1 1.1
v 0.7 0.2 1.1
v 0.7 0.3 1.1
v 0.7 0.4 1.1
v 0.8 0.2 1.1
v 0.8 0.3 1.1
v 0.8 0.4 1.1
v 0.8 0.5 1.1
v 0.8 0.7 1.1
v 0.9 0.3 1.1
v 0.9 0.5 1.1
v 0.9 0.6 1.1
v 0.9 0.7 1.1
v 1.1 -0.7 1.1
v 1.1 0.6 1.1
v 1.2 -0.7 1.1
v 1.2 0.7 1.1
v -1 0.3 1
v -1 0.5 1
v -1 0.6 1
v -0.9 0.1 1
v -0.9 0.3 1
v -0.9 0.5 1
v -0.9 0.6 1
v -0.8 0 1
v -0.8 0.1 1
v -0.8 0.2 1
v -0.8 0.3 1
v -0.7 -0.1 1
v -0.7 0 1
v -0.7 0.1 1
v -0.7 0.2 1
v -0.6 -0.2 1
v -0.6 -0.1 1
v -0.5 -0.1 1
v -0.5 0 1
v -0.4 -0.3 1
v -0.4 -0.2 1
v -0.4 -0.1 1
v -0.2 -0.2 1
v 0.2 -0.2 1
v 0.4 -0.3 1
v 0.4 -0.2 1
v 0.4 -0.1 1
v 0.5 -0.1 1
v 0.5 0 1
v 0.6 -0.2 1
v 0.6 -0.1 1
v 0.7 -0.1 1
v 0.7 0 1
v 0.7 0.1 1
v 0.7 0.2 1
v 0.8 0 1
v 0.8 0.1 1
v 0.8 0.2 1
v 0.8 0.3 1
v 0.9 0.1 1
v 0.9 0.3 1
v 0.9 0.5 1
v 0.9 0.6 1
v 1 0.3 1
v 1 0.5 1
v 1 0.6 1
v -1.1 0.3 0.9
v -1.1 0.5 0.9
v -1.1 0.6 0.9
v -1 0.1 0.9
v -1 0.3 0.9
v -1 0.5 0.9
v -1 0.6 0.9
v -0.9 0 0.9
v -0.9 0.1 0.9
v -0.9 0.3 0.9
v -0.8 -0.1 0.9
v -0.8 0 0.9
v -0.8 0.1 0.9
v -0.7 -0.2 0.9
v -0.7 -0.1 0.9
v -0.7 0 0.9
v -0.6 -0.3 0.9
v -0.6 -0.2 0.9
v -0.6 -0.1 0.9
v -0.4 -0.4 0.9
v -0.4 -0.3 0.9
v -0.4 -0.2 0.9
v -0.2 -0.4 0.9
v -0.2 -0.3 0.9
v 0.2 -0.4 0.9
v 0.2 -0.3 0.9
v 0.4 -0.4 0.9
v 0.4 -0.3 0.9
v 0.4 -0.2 0.9
v 0.6 -0.3 0.9
v 0.6 -0.2 0.9
v 0.6 -0.1 0.9
v 0.7 -0.2 0.9
v 0.7 -0.1 0.9
v 0.7 0 0.9
v 0.7 0.5 0.9
v 0.7 0.6 0.9
v 0.8 -0.1 0.9
v 0.8 0 0.9
v 0.8 0.1 0.9
v 0.8 0.5 0.9
v 0.8 0.6 0.9
v 0.8 0.7 0.9
v 0.9 0 0.9
v 0.9 0.1 0.9
v 0.9 0.3 0.9
v 0.9 0.6 0.9
v 0.9 0.7 0.9
v 1 0.1 0.9
v 1 0.3 0.9
v 1 0.5 0.9
v 1 0.6 0.9
v 1.1 0.3 0.9
v 1.1 0.5 0.9
v 1.1 0.6 0.9
v -1.2 0.4 0.8
v -1.2 0.5 0.8
v -1.2 0.6 0.8
v -1.1 0.2 0.8
v -1.1 0.3 0.8
v -1.1 0.4 0.8
v -1.1 0.5 0.8
v -1.1 0.6 0.8
v -1 0 0.8
v -1 0.1 0.8
v -1 0.2 0.8
v -1 0.3 0.8
v -0.9 -0.1 0.8
v -0.9 0 0.8
v -0.9 0.1 0.8
v -0.8 -0.2 0.8
v -0.8 -0.1 0.8
v -0.8 0 0.8
v -0.7 -0.3 0.8
v -0.7 -0.2 0.8
v -0.7 -0.1 0.8
v -0.6 -0.3 0.8
v -0.6 -0.2 0.8
v -0.5 -0.4 0.8
v -0.5 -0.3 0.8
v -0.4 -0.4 0.8
v -0.4 -0.3 0.8
v -0.3 -0.5 0.8
v -0.3 -0.4 0.8
v -0.2 -0.4 0.8
v 0.2 -0.4 0.8
v 0.3 -0.5 0.8
v 0.3 -0.4 0.8
v 0.4 -0.4 0.8
v 0.4 -0.3 0.8
v 0.5 -0.4 0.8
v 0.5 -0.3 0.8
v 0.6 -0.3 0.8
v 0.6 -0.2 0.8
v 0.6 0.5 0.8
v 0.6 0.7 0.8
v 0.7 -0.3 0.8
v 0.7 -0.2 0.8
v 0.7 -0.1 0.8
v 0.7 0.5 0.8
v 0.7 0.6 0.8
v 0.7 0.7 0.8
v 0.8 -0.2 0.8
v 0.8 -0.1 0.8
v 0.8 0 0.8
v 0.9 -0.1 0.8
v 0.9 0 0.8
v 0.9 0.1 0.8
v 1 0 0.8
v 1 0.1 0.8
v 1 0.2 0.8
v 1 0.3 0.8
v 1.1 0.2 0.8
v 1.1 0.3 0.8
v 1.1 0.4 0.8
v 1.1 0.5 0.8
v 1.1 0.6 0.8
v 1.2 0.4 0.8
v 1.2 0.5 0.8
v 1.2 0.6 0.8
v -1.2 0.2 0.7
v -1.2 0.3 0.7
v -1.2 0.4 0.7
v -1.1 0 0.7
v -1.1 0.1 0.7
v -1.1 0.2 0.7
v -1.1 0.3 0.7
v -1.1 0.4 0.7
v -1 -0.1 0.7
v -1 0 0.7
v -1 0.1 0.7
v -1 0.2 0.7
v -0.9 -0.2 0.7
v -0.9 -0.1 0.7
v -0.9 0 0.7
v -0.8 -0.3 0.7
v -0.8 -0.2 0.7
v -0.8 -0.1 0.7
v -0.7 -0.4 0.7
v -0.7 -0.3 0.7
v -0.7 -0.2 0.7
v -0.5 -0.5 0.7
v -0.5 -0.4 0.7
v -0.5 -0.3 0.7
v -0.3 -0.5 0.7
v -0.3 -0.4 0.7
v 0.3 -0.5 0.7
v 0.3 -0.4 0.7
v 0.5 -0.5 0.7
v 0.5 -0.4 0.7
v 0.5 -0.3 0.7
v 0.7 -0.4 0.7
v 0.7 -0.3 0.7
v 0.7 -0.2 0.7
v 0.8 -0.3 0.7
v 0.8 -0.2 0.7
v 0.8 -0.1 0.7
v 0.9 -0.2 0.7
v 0.9 -0.1 0.7
v 0.9 0 0.7
v 1 -0.1 0.7
v 1 0 0.7
v 1 0.1 0.7
v 1 0.2 0.7
v 1.1 0 0.7
v 1.1 0.1 0.7
v 1.1 0.2 0.7
v 1.1 0.3 0.7
v 1.1 0.4 0.7
v 1.2 0.2 0.7
v 1.2 0.3 0.7
v 1.2 0.4 0.7
v -1.3 0.4 0.6
v -1.3 0.5 0.6
v -1.3 0.7 0.6
v -1.2 0.1 0.6
v -1.2 0.2 0.6
v -1.2 0.4 0.6
v -1.2 0.5 0.6
v -1.2 0.7 0.6
v -1.1 0.1 0.6
v -1.1 0.2 0.6
v -1 -0.2 0.6
v -1 -0.1 0.6
v -0.9 -0.3 0.6
v -0.9 -0.2 0.6
v -0.9 -0.1 0.6
v -0.8 -0.3 0.6
v -0.8 -0.2 0.6
v -0.6 -0.5 0.6
v -0.6 -0.4 0.6
v -0.5 -0.5 0.6
v -0.5 -0.4 0.6
v -0.3 -0.6 0.6
v -0.3 -0.5 0.6
v -0.2 -0.6 0.6
v -0.2 -0.5 0.6
v 0.2 -0.6 0.6
v 0.2 -0.5 0.6
v 0.3 -0.6 0.6
v 0.3 -0.5 0.6
v 0.5 -0.5 0.6
v 0.5 -0.4 0.6
v 0.6 -0.5 0.6
v 0.6 -0.4 0.6
v 0.8 -0.3 0.6
v 0.8 -0.2 0.6
v 0.9 -0.3 0.6
v 0.9 -0.2 0.6
v 0.9 -0.1 0.6
v 1 -0.2 0.6
v 1 -0.1 0.6
v 1 0.6 0.6
v 1 0.7 0.6
v 1.1 0.1 0.6
v 1.1 0.2 0.6
v 1.1 0.6 0.6
v 1.1 0.7 0.6
v 1.2 0.1 0.6
v 1.2 0.2 0.6
v 1.2 0.4 0.6
v 1.2 0.5 0.6
v 1.2 0.7 0.6
v 1.3 0.4 0.6
v 1.3 0.5 0.6
v 1.3 0.7 0.6
v -1.3 0.3 0.5
v -1.3 0.4 0.5
v -1.2 0 0.5
v -1.2 0.1 0.5
v -1.2 0.3 0.5
v -1.2 0.4 0.5
v -1.2 0.5 0.5
v -1.2 0.6 0.5
v -1.1 -0.1 0.5
v -1.1 0 0.5
v -1.1 0.1 0.5
v -1.1 0.5 0.5
v -1.1 0.6 0.5
v -1 -0.1 0.5
v -1 0 0.5
v -0.8 -0.4 0.5
v -0.8 -0.3 0.5
v -0.7 -0.5 0.5
v -0.7 -0.4 0.5
v -0.7 -0.3 0.5
v -0.6 -0.5 0.5
v -0.6 -0.4 0.5
v -0.4 -0.6 0.5
v -0.4 -0.5 0.5
v -0.3 -0.6 0.5
v -0.3 -0.5 0.5
v 0.3 -0.6 0.5
v 0.3 -0.5 0.5
v 0.4 -0.6 0.5
v 0.4 -0.5 0.5
v 0.6 -0.5 0.5
v 0.6 -0.4 0.5
v 0.6 0.6 0.5
v 0.6 0.7 0.5
v 0.7 -0.5 0.5
v 0.7 -0.4 0.5
v 0.7 -0.3 0.5
v 0.7 0.6 0.5
v 0.7 0.7 0.5
v 0.8 -0.4 0.5
v 0.8 -0.3 0.5
v 1 -0.1 0.5
v 1 0 0.5
v 1.1 -0.1 0.5
v 1.1 0 0.5
v 1.1 0.1 0.5
v 1.2 0 0.5
v 1.2 0.1 0.5
v 1.2 0.3 0.5
v 1.2 0.4 0.5
v 1.3 0.3 0.5
v 1.3 0.4 0.5
v -1.4 0.6 0.4
v -1.4 0.7 0.4
v -1.3 0.2 0.4
v -1.3 0.3 0.4
v -1.3 0.6 0.4
v -1.3 0.7 0.4
v -1.2 0.2 0.4
v -1.2 0.3 0.4
v -1.1 -0.2 0.4
v -1.1 -0.1 0.4
v -1.1 0.5 0.4
v -1.1 0.6 0.4
v -1 -0.3 0.4
v -1 -0.2 0.4
v -1 -0.1 0.4
v -1 0.5 0.4
v -1 0.6 0.4
v -0.9 -0.4 0.4
v -0.9 -0.3 0.4
v -0.9 -0.2 0.4
v -0.8 -0.4 0.4
v -0.8 -0.3 0.4
v -0.5 -0.6 0.4
v -0.5 -0.5 0.4
v -0.4 -0.6 0.4
v -0.4 -0.5 0.4
v -0.1 -0.7 0.4
v -0.1 -0.6 0.4
v 0.1 -0.7 0.4
v 0.1 -0.6 0.4
v 0.4 -0.6 0.4
v 0.4 -0.5 0.4
v 0.5 -0.6 0.4
v 0.5 -0.5 0.4
v 0.6 -0.3 0.4
v 0.6 -0.2 0.4
v 0.6 -0.1 0.4
v 0.6 0 0.4
v 0.6 0.1 0.4
v 0.6 0.2 0.4
v 0.6 0.3 0.4
v 0.6 0.4 0.4
v 0.6 0.5 0.4
v 0.7 -0.3 0.4
v 0.7 -0.2 0.4
v 0.7 -0.1 0.4
v 0.7 0 0.4
v 0.7 0.1 0.4
v 0.7 0.2 0.4
v 0.7 0.3 0.4
v 0.7 0.4 0.4
v 0.7 0.5 0.4
v 0.7 0.6 0.4
v 0.7 0.7 0.4
v 0.8 -0.4 0.4
v 0.8 -0.3 0.4
v 0.8 0.6 0.4
v 0.8 0.7 0.4
v 0.9 -0.4 0.4
v 0.9 -0.3 0.4
v 0.9 -0.2 0.4
v 1 -0.3 0.4
v 1 -0.2 0.4
v 1 -0.1 0.4
v 1.1 -0.2 0.4
v 1.1 -0.1 0.4
v 1.2 0.2 0.4
v 1.2 0.3 0.4
v 1.3 0.2 0.4
v 1.3 0.3 0.4
v 1.3 0.6 0.4
v 1.3 0.7 0.4
v 1.4 0.6 0.4
v 1.4 0.7 0.4
v -1.4 0.4 0.3
v -1.4 0.5 0.3
v -1.4 0.6 0.3
v -1.3 0.1 0.3
v -1.3 0.2 0.3
v -1.3 0.4 0.3
v -1.3 0.5 0.3
v -1.3 0.6 0.3
v -1.2 -0.1 0.3
v -1.2 0 0.3
v -1.2 0.1 0.3
v -1.2 0.2 0.3
v -1.1 -0.1 0.3
v -1.1 0 0.3
v -1.1 0.2 0.3
v -1.1 0.3 0.3
v -1 0.2 0.3
v -1 0.3 0.3
v -1 0.5 0.3
v -1 0.6 0.3
v -0.9 0.5 0.3
v -0.9 0.6 0.3
v -0.8 -0.5 0.3
v -0.8 -0.4 0.3
v -0.7 -0.5 0.3
v -0.7 -0.4 0.3
v -0.6 -0.6 0.3
v -0.6 -0.5 0.3
v -0.5 -0.6 0.3
v -0.5 -0.5 0.3
v -0.3 -0.7 0.3
v -0.3 -0.6 0.3
v -0.1 -0.7 0.3
v -0.1 -0.6 0.3
v 0.1 -0.7 0.3
v 0.1 -0.6 0.3
v 0.3 -0.7 0.3
v 0.3 -0.6 0.3
v 0.5 -0.6 0.3
v 0.5 -0.5 0.3
v 0.6 -0.6 0.3
v 0.6 -0.5 0.3
v 0.7 -0.5 0.3
v 0.7 -0.4 0.3
v 0.8 -0.5 0.3
v 0.8 -0.4 0.3
v 1.1 -0.1 0.3
v 1.1 0 0.3
v 1.2 -0.1 0.3
v 1.2 0 0.3
v 1.2 0.1 0.3
v 1.2 0.2 0.3
v 1.3 0.1 0.3
v 1.3 0.2 0.3
v 1.3 0.4 0.3
v 1.3 0.5 0.3
v 1.3 0.6 0.3
v 1.4 0.4 0.3
v 1.4 0.5 0.3
v 1.4 0.6 0.3
v -1.4 0.3 0.1
v -1.4 0.4 0.1
v -1.3 0.3 0.1
v -1.3 0.4 0.1
v -0.4 -0.7 0.1
v -0.4 -0.6 0.1
v -0.3 -0.7 0.1
v -0.3 -0.6 0.1
v 0.3 -0.7 0.1
v 0.3 -0.6 0.1
v 0.4 -0.7 0.1
v 0.4 -0.6 0.1
v 1.3 0.3 0.1
v 1.3 0.4 0.1
v 1.4 0.3 0.1
v 1.4 0.4 0.1
v -0.2 -0.6 0
v -0.2 -0.5 0
v -0.1 -0.6 0
v -0.1 -0.5 0
v 0.1 -0.6 0
v 0.1 -0.5 0
v 0.2 -0.6 0
v 0.2 -0.5 0
v -1.3 0.3 -0.1
v -1.3 0.4 -0.1
v -1.2 0.3 -0.1
v -1.2 0.4 -0.1
v -0.4 -0.6 -0.1
v -0.4 -0.5 -0.1
v -0.3 -0.6 -0.1
v -0.3 -0.5 -0.1
v -0.1 -0.6 -0.1
v -0.1 -0.5 -0.1
v 0.1 -0.6 -0.1
v 0.1 -0.5 -0.1
v 0.3 -0.6 -0.1
v 0.3 -0.5 -0.1
v 0.4 -0.6 -0.1
v 0.4 -0.5 -0.1
v 1.2 0.3 -0.1
v 1.2 0.4 -0.1
v 1.3 0.3 -0.1
v 1.3 0.4 -0.1
v -1.1 -0.1 -0.2
v -1.1 0 -0.2
v -1 -0.1 -0.2
v -1 0 -0.2
v -0.8 -0.4 -0.2
v -0.8 -0.3 -0.2
v -0.7 -0.4 -0.2
v -0.7 -0.3 -0.2
v 0.7 -0.4 -0.2
v 0.7 -0.3 -0.2
v 0.8 -0.4 -0.2
v 0.8 -0.3 -0.2
v 1 -0.1 -0.2
v 1 0 -0.2
v 1.1 -0.1 -0.2
v 1.1 0 -0.2
v -1.3 0.4 -0.3
v -1.3 0.5 -0.3
v -1.3 0.6 -0.3
v -1.2 0.1 -0.3
v -1.2 0.2 -0.3
v -1.2 0.4 -0.3
v -1.2 0.5 -0.3
v -1.2 0.6 -0.3
v -1.1 0.1 -0.3
v -1.1 0.2 -0.3
v -1 -0.2 -0.3
v -1 -0.1 -0.3
v -0.9 -0.3 -0.3
v -0.9 -0.2 -0.3
v -0.9 -0.1 -0.3
v -0.8 -0.3 -0.3
v -0.8 -0.2 -0.3
v -0.6 -0.5 -0.3
v -0.6 -0.4 -0.3
v -0.5 -0.5 -0.3
v -0.5 -0.4 -0.3
v -0.3 -0.6 -0.3
v -0.3 -0.5 -0.3
v -0.1 -0.6 -0.3
v -0.1 -0.5 -0.3
v 0.1 -0.6 -0.3
v 0.1 -0.5 -0.3
v 0.3 -0.6 -0.3
v 0.3 -0.5 -0.3
v 0.5 -0.5 -0.3
v 0.5 -0.4 -0.3
v 0.6 -0.5 -0.3
v 0.6 -0.4 -0.3
v 0.8 -0.3 -0.3
v 0.8 -0.2 -0.3
v 0.9 -0.3 -0.3
v 0.9 -0.2 -0.3
v 0.9 -0.1 -0.3
v 1 -0.2 -0.3
v 1 -0.1 -0.3
v 1.1 0.1 -0.3
v 1.1 0.2 -0.3
v 1.2 0.1 -0.3
v 1.2 0.2 -0.3
v 1.2 0.4 -0.3
v 1.2 0.5 -0.3
v 1.2 0.6 -0.3
v 1.3 0.4 -0.3
v 1.3 0.5 -0.3
v 1.3 0.6 -0.3
v -1.3 0.6 -0.4
v -1.3 0.7 -0.4
v -1.2 0.2 -0.4
v -1.2 0.3 -0.4
v -1.2 0.6 -0.4
v -1.2 0.7 -0.4
v -1.1 0 -0.4
v -1.1 0.1 -0.4
v -1.1 0.2 -0.4
v -1.1 0.3 -0.4
v -1 0 -0.4
v -1 0.1 -0.4
v -0.7 -0.4 -0.4
v -0.7 -0.3 -0.4
v -0.7 0.2 -0.4
v -0.6 -0.4 -0.4
v -0.6 -0.3 -0.4
v -0.6 0.2 -0.4
v -0.5 -0.5 -0.4
v -0.5 -0.4 -0.4
v -0.5 -0.1 -0.4
v -0.4 -0.5 -0.4
v -0.4 -0.4 -0.4
v -0.4 -0.1 -0.4
v -0.1 -0.6 -0.4
v -0.1 -0.5 -0.4
v 0.1 -0.6 -0.4
v 0.1 -0.5 -0.4
v 0.4 -0.5 -0.4
v 0.4 -0.4 -0.4
v 0.5 -0.5 -0.4
v 0.5 -0.4 -0.4
v 0.6 -0.4 -0.4
v 0.6 -0.3 -0.4
v 0.7 -0.4 -0.4
v 0.7 -0.3 -0.4
v 1 0 -0.4
v 1 0.1 -0.4
v 1.1 0 -0.4
v 1.1 0.1 -0.4
v 1.1 0.2 -0.4
v 1.1 0.3 -0.4
v 1.2 0.2 -0.4
v 1.2 0.3 -0.4
v 1.2 0.6 -0.4
v 1.2 0.7 -0.4
v 1.3 0.6 -0.4
v 1.3 0.7 -0.4
v -1.2 0.3 -0.5
v -1.2 0.4 -0.5
v -1.1 0.1 -0.5
v -1.1 0.2 -0.5
v -1.1 0.3 -0.5
v -1.1 0.4 -0.5
v -1 -0.1 -0.5
v -1 0 -0.5
v -1 0.1 -0.5
v -1 0.2 -0.5
v -0.9 -0.2 -0.5
v -0.9 -0.1 -0.5
v -0.9 0 -0.5
v -0.8 -0.3 -0.5
v -0.8 -0.2 -0.5
v -0.8 -0.1 -0.5
v -0.7 -0.3 -0.5
v -0.7 -0.2 -0.5
v -0.6 -0.4 -0.5
v -0.6 -0.3 -0.5
v -0.5 -0.4 -0.5
v -0.5 -0.3 -0.5
v -0.4 -0.5 -0.5
v -0.4 -0.4 -0.5
v -0.3 -0.5 -0.5
v -0.3 -0.4 -0.5
v 0.3 -0.5 -0.5
v 0.3 -0.4 -0.5
v 0.4 -0.5 -0.5
v 0.4 -0.4 -0.5
v 0.5 -0.4 -0.5
v 0.5 -0.3 -0.5
v 0.6 -0.4 -0.5
v 0.6 -0.3 -0.5
v 0.7 -0.3 -0.5
v 0.7 -0.2 -0.5
v 0.8 -0.3 -0.5
v 0.8 -0.2 -0.5
v 0.8 -0.1 -0.5
v 0.9 -0.2 -0.5
v 0.9 -0.1 -0.5
v 0.9 0 -0.5
v 1 -0.1 -0.5
v 1 0 -0.5
v 1 0.1 -0.5
v 1 0.2 -0.5
v 1.1 0.1 -0.5
v 1.1 0.2 -0.5
v 1.1 0.3 -0.5
v 1.1 0.4 -0.5
v 1.2 0.3 -0.5
v 1.2 0.4 -0.5
v -1.2 0.4 -0.6
v -1.2 0.5 -0.6
v -1.2 0.7 -0.6
v -1.1 0.2 -0.6
v -1.1 0.3 -0.6
v -1.1 0.4 -0.6
v -1.1 0.5 -0.6
v -1.1 0.7 -0.6
v -1 0 -0.6
v -1 0.1 -0.6
v -1 0.2 -0.6
v -1 0.3 -0.6
v -0.9 -0.1 -0.6
v -0.9 0 -0.6
v -0.9 0.1 -0.6
v -0.8 -0.2 -0.6
v -0.8 -0.1 -0.6
v -0.8 0 -0.6
v -0.7 -0.3 -0.6
v -0.7 -0.2 -0.6
v -0.7 -0.1 -0.6
v -0.6 -0.3 -0.6
v -0.6 -0.2 -0.6
v -0.6 -0.1 -0.6
v -0.5 -0.4 -0.6
v -0.5 -0.3 -0.6
v -0.5 -0.1 -0.6
v -0.4 -0.4 -0.6
v -0.4 -0.3 -0.6
v -0.3 -0.5 -0.6
v -0.3 -0.4 -0.6
v 0.3 -0.5 -0.6
v 0.3 -0.4 -0.6
v 0.4 -0.4 -0.6
v 0.4 -0.3 -0.6
v 0.5 -0.4 -0.6
v 0.5 -0.3 -0.6
v 0.6 -0.3 -0.6
v 0.6 -0.2 -0.6
v 0.7 -0.3 -0.6
v 0.7 -0.2 -0.6
v 0.7 -0.1 -0.6
v 0.7 0 -0.6
v 0.8 -0.2 -0.6
v 0.8 -0.1 -0.6
v 0.8 0 -0.6
v 0.9 -0.1 -0.6
v 0.9 0 -0.6
v 0.9 0.1 -0.6
v 1 0 -0.6
v 1 0.1 -0.6
v 1 0.2 -0.6
v 1 0.3 -0.6
v 1.1 0.2 -0.6
v 1.1 0.3 -0.6
v 1.1 0.4 -0.6
v 1.1 0.5 -0.6
v 1.1 0.7 -0.6
v 1.2 0.4 -0.6
v 1.2 0.5 -0.6
v 1.2 0.7 -0.6
v -1.1 0.3 -0.7
v -1.1 0.5 -0.7
v -1 0.1 -0.7
v -1 0.2 -0.7
v -1 0.3 -0.7
v -1 0.5 -0.7
v -0.9 0 -0.7
v -0.9 0.1 -0.7
v -0.9 0.2 -0.7
v -0.8 0 -0.7
v -0.8 0.1 -0.7
v -0.7 -0.2 -0.7
v -0.7 -0.1 -0.7
v -0.6 -0.2 -0.7
v -0.6 -0.1 -0.7
v -0.4 -0.4 -0.7
v -0.4 -0.3 -0.7
v -0.2 -0.4 -0.7
v -0.2 -0.3 -0.7
v 0.2 -0.4 -0.7
v 0.2 -0.3 -0.7
v 0.4 -0.4 -0.7
v 0.4 -0.3 -0.7
v 0.5 -0.3 -0.7
v 0.5 -0.2 -0.7
v 0.6 -0.3 -0.7
v 0.6 -0.2 -0.7
v 0.6 -0.1 -0.7
v 0.6 0 -0.7
v 0.7 -0.2 -0.7
v 0.7 -0.1 -0.7
v 0.7 0 -0.7
v 0.7 0.1 -0.7
v 0.8 0 -0.7
v 0.8 0.1 -0.7
v 0.9 0 -0.7
v 0.9 0.1 -0.7
v 0.9 0.2 -0.7
v 1 0.1 -0.7
v 1 0.2 -0.7
v 1 0.3 -0.7
v 1 0.5 -0.7
v 1.1 0.3 -0.7
v 1.1 0.5 -0.7
v -1.1 0.5 -0.8
v -1.1 0.7 -0.8
v -1 0.2 -0.8
v -1 0.3 -0.8
v -1 0.4 -0.8
v -1 0.5 -0.8
v -1 0.7 -0.8
v -0.9 0.1 -0.8
v -0.9 0.2 -0.8
v -0.9 0.3 -0.8
v -0.9 0.4 -0.8
v -0.8 -0.1 -0.8
v -0.8 0.1 -0.8
v -0.8 0.2 -0.8
v -0.7 0 -0.8
v -0.7 0.1 -0.8
v -0.6 -0.2 -0.8
v -0.6 -0.1 -0.8
v -0.6 0 -0.8
v -0.5 -0.3 -0.8
v -0.5 -0.2 -0.8
v -0.5 -0.1 -0.8
v -0.3 -0.3 -0.8
v -0.3 -0.2 -0.8
v -0.2 -0.4 -0.8
v -0.2 -0.3 -0.8
v 0.2 -0.4 -0.8
v 0.2 -0.3 -0.8
v 0.3 -0.3 -0.8
v 0.3 -0.2 -0.8
v 0.5 -0.3 -0.8
v 0.5 -0.2 -0.8
v 0.5 -0.1 -0.8
v 0.6 -0.2 -0.8
v 0.6 -0.1 -0.8
v 0.8 0.1 -0.8
v 0.8 0.2 -0.8
v 0.9 0.1 -0.8
v 0.9 0.2 -0.8
v 0.9 0.3 -0.8
v 0.9 0.4 -0.8
v 1 0.2 -0.8
v 1 0.3 -0.8
v 1 0.4 -0.8
v 1 0.5 -0.8
v 1 0.7 -0.8
v 1.1 0.5 -0.8
v 1.1 0.7 -0.8
v -1 0.4 -0.9
v -1 0.5 -0.9
v -1 0.7 -0.9
v -0.9 0.2 -0.9
v -0.9 0.3 -0.9
v -0.9 0.4 -0.9
v -0.9 0.5 -0.9
v -0.9 0.7 -0.9
v -0.8 0.1 -0.9
v -0.8 0.2 -0.9
v -0.8 0.3 -0.9
v -0.8 0.4 -0.9
v -0.7 0 -0.9
v -0.7 0.1 -0.9
v -0.7 0.2 -0.9
v -0.6 -0.1 -0.9
v -0.6 0 -0.9
v -0.6 0.1 -0.9
v -0.5 -0.2 -0.9
v -0.5 -0.1 -0.9
v -0.5 0 -0.9
v -0.3 -0.3 -0.9
v -0.3 -0.2 -0.9
v -0.3 -0.1 -0.9
v 0.3 -0.3 -0.9
v 0.3 -0.2 -0.9
v 0.3 -0.1 -0.9
v 0.5 -0.2 -0.9
v 0.5 -0.1 -0.9
v 0.5 0 -0.9
v 0.6 -0.1 -0.9
v 0.6 0 -0.9
v 0.6 0.1 -0.9
v 0.7 0 -0.9
v 0.7 0.1 -0.9
v 0.7 0.2 -0.9
v 0.8 0.1 -0.9
v 0.8 0.2 -0.9
v 0.8 0.3 -0.9
v 0.8 0.4 -0.9
v 0.9 0.2 -0.9
v 0.9 0.3 -0.9
v 0.9 0.4 -0.9
v 0.9 0.5 -0.9
v 0.9 0.7 -0.9
v 1 0.4 -0.9
v 1 0.5 -0.9
v 1 0.7 -0.9
v -0.9 0.4 -1
v -0.9 0.5 -1
v -0.9 0.7 -1
v -0.8 0.2 -1
v -0.8 0.3 -1
v -0.8 0.4 -1
v -0.8 0.5 -1
v -0.8 0.7 -1
v -0.7 0.1 -1
v -0.7 0.2 -1
v -0.7 0.3 -1
v -0.7 0.5 -1
v -0.6 0 -1
v -0.6 0.1 -1
v -0.6 0.2 -1
v -0.6 0.3 -1
v -0.5 -0.1 -1
v -0.5 0 -1
v -0.5 0.1 -1
v -0.5 0.2 -1
v -0.4 0 -1
v -0.4 0.1 -1
v -0.3 -0.2 -1
v -0.3 -0.1 -1
v -0.2 -0.1 -1
v -0.2 0 -1
v 0.2 -0.1 -1
v 0.2 0 -1
v 0.3 -0.2 -1
v 0.3 -0.1 -1
v 0.4 0 -1
v 0.4 0.1 -1
v 0.5 -0.1 -1
v 0.5 0 -1
v 0.5 0.1 -1
v 0.5 0.2 -1
v 0.6 0 -1
v 0.6 0.1 -1
v 0.6 0.2 -1
v 0.6 0.3 -1
v 0.7 0.1 -1
v 0.7 0.2 -1
v 0.7 0.3 -1
v 0.7 0.5 -1
v 0.8 0.2 -1
v 0.8 0.3 -1
v 0.8 0.4 -1
v 0.8 0.5 -1
v 0.8 0.7 -1
v 0.9 0.4 -1
v 0.9 0.5 -1
v 0.9 0.7 -1
v 1.1 -0.7 -1
v 1.1 0.6 -1
v 1.2 -0.7 -1
v 1.2 0.6 -1
v -1.2 -0.7 -1.1
v -1.2 0.6 -1.1
v -1.1 -0.7 -1.1
v -1.1 0.6 -1.1
v -0.8 0.5 -1.1
v -0.8 0.7 -1.1
v -0.7 0.3 -1.1
v -0.7 0.5 -1.1
v -0.6 0.2 -1.1
v -0.6 0.3 -1.1
v -0.6 0.4 -1.1
v -0.6 0.5 -1.1
v -0.6 0.7 -1.1
v -0.5 0.1 -1.1
v -0.5 0.2 -1.1
v -0.5 0.3 -1.1
v -0.5 0.4 -1.1
v -0.4 0 -1.1
v -0.4 0.1 -1.1
v -0.4 0.2 -1.1
v -0.4 0.3 -1.1
v -0.3 0.1 -1.1
v -0.3 0.2 -1.1
v -0.2 -0.1 -1.1
v -0.2 0 -1.1
v 0.2 -0.1 -1.1
v 0.2 0 -1.1
v 0.3 0.1 -1.1
v 0.3 0.2 -1.1
v 0.4 0 -1.1
v 0.4 0.1 -1.1
v 0.4 0.2 -1.1
v 0.4 0.3 -1.1
v 0.5 0.1 -1.1
v 0.5 0.2 -1.1
v 0.5 0.3 -1.1
v 0.5 0.4 -1.1
v 0.6 0.2 -1.1
v 0.6 0.3 -1.1
v 0.6 0.4 -1.1
v 0.6 0.5 -1.1
v 0.6 0.7 -1.1
v 0.7 0.3 -1.1
v 0.7 0.5 -1.1
v 0.8 0.5 -1.1
v 0.8 0.7 -1.1
v -0.6 0.4 -1.2
v -0.6 0.5 -1.2
v -0.6 0.7 -1.2
v -0.5 0.3 -1.2
v -0.5 0.4 -1.2
v -0.4 0.2 -1.2
v -0.4 0.3 -1.2
v -0.4 0.6 -1.2
v -0.4 0.7 -1.2
v -0.3 0.1 -1.2
v -0.3 0.2 -1.2
v -0.3 0.4 -1.2
v -0.3 0.5 -1.2
v -0.3 0.6 -1.2
v -0.1 0.3 -1.2
v -0.1 0.4 -1.2
v 0.1 0.3 -1.2
v 0.1 0.4 -1.2
v 0.3 0.1 -1.2
v 0.3 0.2 -1.2
v 0.3 0.4 -1.2
v 0.3 0.5 -1.2
v 0.3 0.6 -1.2
v 0.4 0.2 -1.2
v 0.4 0.3 -1.2
v 0.4 0.6 -1.2
v 0.4 0.7 -1.2
v 0.5 0.3 -1.2
v 0.5 0.4 -1.2
v 0.6 0.4 -1.2
v 0.6 0.5 -1.2
v 0.6 0.7 -1.2
v -0.4 0.6 -1.3
v -0.4 0.7 -1.3
v -0.3 0.4 -1.3
v -0.3 0.5 -1.3
v -0.3 0.6 -1.3
v -0.1 0.3 -1.3
v -0.1 0.4 -1.3
v 0.1 0.3 -1.3
v 0.1 0.4 -1.3
v 0.3 0.4 -1.3
v 0.3 0.5 -1.3
v 0.3 0.6 -1.3
v 0.4 0.6 -1.3
v 0.4 0.7 -1.3
v -0.4 0.6 1.3
v -0.4 0.7 1.3
v -0.3 0.4 1.3
v -0.3 0.5 1.3
v -0.3 0.6 1.3
v -0.2 0.5 1.3
v -0.2 0.6 1.3
v -0.1 0.3 1.3
v -0.1 0.4 1.3
v 0.1 0.3 1.3
v 0.1 0.4 1.3
v 0.2 0.5 1.3
v 0.2 0.6 1.3
v 0.3 0.4 1.3
v 0.3 0.5 1.3
v 0.3 0.6 1.3
v 0.4 0.6 1.3
v 0.4 0.7 1.3
v -0.6 0.4 1.2
v -0.6 0.5 1.2
v -0.6 0.7 1.2
v -0.5 0.3 1.2
v -0.5 0.4 1.2
v -0.4 0.2 1.2
v -0.4 0.3 1.2
v -0.4 0.6 1.2
v -0.4 0.7 1.2
v -0.3 0.1 1.2
v -0.3 0.2 1.2
v -0.3 0.4 1.2
v -0.3 0.5 1.2
v -0.3 0.6 1.2
v -0.2 0.1 1.2
v -0.2 0.2 1.2
v -0.1 0.3 1.2
v -0.1 0.4 1.2
v 0.1 0.3 1.2
v 0.1 0.4 1.2
v 0.2 0.1 1.2
v 0.2 0.2 1.2
v 0.3 0.1 1.2
v 0.3 0.2 1.2
v 0.3 0.4 1.2
v 0.3 0.5 1.2
v 0.3 0.6 1.2
v 0.4 0.2 1.2
v 0.4 0.3 1.2
v 0.4 0.6 1.2
v 0.4 0.7 1.2
v 0.5 0.3 1.2
v 0.5 0.4 1.2
v 0.6 0.4 1.2
v 0.6 0.5 1.2
v 0.6 0.7 1.2
v -0.8 0.5 1.1
v -0.8 0.7 1.1
v -0.7 0.3 1.1
v -0.7 0.5 1.1
v -0.6 0.2 1.1
v -0.6 0.3 1.1
v -0.6 0.4 1.1
v -0.6 0.5 1.1
v -0.6 0.7 1.1
v -0.5 0.1 1.1
v -0.5 0.2 1.1
v -0.5 0.3 1.1
v -0.5 0.4 1.1
v -0.4 0 1.1
v -0.4 0.1 1.1
v -0.4 0.2 1.1
v -0.4 0.3 1.1
v -0.3 0.1 1.1
v -0.3 0.2 1.1
v -0.2 -0.1 1.1
v -0.2 0 1.1
v 0.2 -0.1 1.1
v 0.2 0 1.1
v 0.3 0.1 1.1
v 0.3 0.2 1.1
v 0.4 0 1.1
v 0.4 0.1 1.1
v 0.4 0.2 1.1
v 0.4 0.3 1.1
v 0.5 0.1 1.1
v 0.5 0.2 1.1
v 0.5 0.3 1.1
v 0.5 0.4 1.1
v 0.6 0.2 1.1
v 0.6 0.3 1.1
v 0.6 0.4 1.1
v 0.6 0.5 1.1
v 0.6 0.7 1.1
v 0.7 0.3 1.1
v 0.7 0.5 1.1
v 0.8 0.5 1.1
v 0.8 0.7 1.1
v -1.2 -0.7 1
v -1.2 0.6 1
v -1.1 -0.7 1
v -1.1 0.6 1
v -0.9 0.4 1
v -0.9 0.5 1
v -0.9 0.7 1
v -0.8 0.2 1
v -0.8 0.3 1
v -0.8 0.4 1
v -0.8 0.5 1
v -0.8 0.7 1
v -0.7 0.1 1
v -0.7 0.2 1
v -0.7 0.3 1
v -0.7 0.5 1
v -0.6 0 1
v -0.6 0.1 1
v -0.6 0.2 1
v -0.6 0.3 1
v -0.5 -0.1 1
v -0.5 0 1
v -0.5 0.1 1
v -0.5 0.2 1
v -0.4 0 1
v -0.4 0.1 1
v -0.3 -0.2 1
v -0.3 -0.1 1
v -0.2 -0.2 1
v -0.2 -0.1 1
v -0.2 0 1
v 0.2 -0.2 1
v 0.2 -0.1 1
v 0.2 0 1
v 0.3 -0.2 1
v 0.3 -0.1 1
v 0.4 0 1
v 0.4 0.1 1
v 0.5 -0.1 1
v 0.5 0 1
v 0.5 0.1 1
v 0.5 0.2 1
v 0.6 0 1
v 0.6 0.1 1
v 0.6 0.2 1
v 0.6 0.3 1
v 0.7 0.1 1
v 0.7 0.2 1
v 0.7 0.3 1
v 0.7 0.5 1
v 0.8 0.2 1
v 0.8 0.3 1
v 0.8 0.4 1
v 0.8 0.5 1
v 0.8 0.6 1
v 0.8 0.7 1
v 0.9 0.4 1
v 0.9 0.5 1
v 0.9 0.6 1
v 0.9 0.7 1
v 1.1 -0.7 1
v 1.1 0.6 1
v 1.2 -0.7 1
v 1.2 0.6 1
v -1 0.4 0.9
v -1 0.5 0.9
v -1 0.7 0.9
v -0.9 0.2 0.9
v -0.9 0.3 0.9
v -0.9 0.4 0.9
v -0.9 0.5 0.9
v -0.9 0.7 0.9
v -0.8 0.1 0.9
v -0.8 0.2 0.9
v -0.8 0.3 0.9
v -0.8 0.4 0.9
v -0.7 0 0.9
v -0.7 0.1 0.9
v -0.7 0.2 0.9
v -0.6 -0.1 0.9
v -0.6 0 0.9
v -0.6 0.1 0.9
v -0.5 -0.2 0.9
v -0.5 -0.1 0.9
v -0.5 0 0.9
v -0.3 -0.3 0.9
v -0.3 -0.2 0.9
v -0.3 -0.1 0.9
v -0.2 -0.3 0.9
v 0.2 -0.3 0.9
v 0.3 -0.3 0.9
v 0.3 -0.2 0.9
v 0.3 -0.1 0.9
v 0.5 -0.2 0.9
v 0.5 -0.1 0.9
v 0.5 0 0.9
v 0.6 -0.1 0.9
v 0.6 0 0.9
v 0.6 0.1 0.9
v 0.7 0 0.9
v 0.7 0.1 0.9
v 0.7 0.2 0.9
v 0.8 0.1 0.9
v 0.8 0.2 0.9
v 0.8 0.3 0.9
v 0.8 0.4 0.9
v 0.9 0.2 0.9
v 0.9 0.3 0.9
v 0.9 0.4 0.9
v 0.9 0.5 0.9
v 0.9 0.6 0.9
v 0.9 0.7 0.9
v 1 0.4 0.9
v 1 0.5 0.9
v 1 0.6 0.9
v 1 0.7 0.9
v -1.1 0.5 0.8
v -1.1 0.7 0.8
v -1 0.2 0.8
v -1 0.3 0.8
v -1 0.4 0.8
v -1 0.5 0.8
v -1 0.7 0.8
v -0.9 0.1 0.8
v -0.9 0.2 0.8
v -0.9 0.3 0.8
v -0.9 0.4 0.8
v -0.8 -0.1 0.8
v -0.8 0.1 0.8
v -0.8 0.2 0.8
v -0.7 0 0.8
v -0.7 0.1 0.8
v -0.6 -0.2 0.8
v -0.6 -0.1 0.8
v -0.6 0 0.8
v -0.5 -0.3 0.8
v -0.5 -0.2 0.8
v -0.5 -0.1 0.8
v -0.3 -0.3 0.8
v -0.3 -0.2 0.8
v -0.2 -0.4 0.8
v -0.2 -0.3 0.8
v 0.2 -0.4 0.8
v 0.2 -0.3 0.8
v 0.3 -0.3 0.8
v 0.3 -0.2 0.8
v 0.5 -0.3 0.8
v 0.5 -0.2 0.8
v 0.5 -0.1 0.8
v 0.6 -0.2 0.8
v 0.6 -0.1 0.8
v 0.6 0 0.8
v 0.7 0 0.8
v 0.7 0.1 0.8
v 0.8 -0.1 0.8
v 0.8 0.1 0.8
v 0.8 0.2 0.8
v 0.9 0.1 0.8
v 0.9 0.2 0.8
v 0.9 0.3 0.8
v 0.9 0.4 0.8
v 1 0.2 0.8
v 1 0.3 0.8
v 1 0.4 0.8
v 1 0.6 0.8
v 1 0.7 0.8
v 1.1 0.6 0.8
v 1.1 0.7 0.8
v -1.1 0.3 0.7
v -1.1 0.5 0.7
v -1 0.1 0.7
v -1 0.2 0.7
v -1 0.3 0.7
v -1 0.5 0.7
v -0.9 0 0.7
v -0.9 0.1 0.7
v -0.9 0.2 0.7
v -0.8 0 0.7
v -0.8 0.1 0.7
v -0.7 -0.2 0.7
v -0.7 -0.1 0.7
v -0.6 -0.3 0.7
v -0.6 -0.2 0.7
v -0.6 -0.1 0.7
v -0.5 -0.3 0.7
v -0.5 -0.2 0.7
v -0.4 -0.4 0.7
v -0.4 -0.3 0.7
v -0.2 -0.4 0.7
v -0.2 -0.3 0.7
v 0.2 -0.4 0.7
v 0.2 -0.3 0.7
v 0.4 -0.4 0.7
v 0.4 -0.3 0.7
v 0.5 -0.3 0.7
v 0.5 -0.2 0.7
v 0.6 -0.3 0.7
v 0.6 -0.2 0.7
v 0.6 -0.1 0.7
v 0.6 0.6 0.7
v 0.6 0.7 0.7
v 0.7 -0.2 0.7
v 0.7 -0.1 0.7
v 0.7 0.6 0.7
v 0.7 0.7 0.7
v 0.8 0 0.7
v 0.8 0.1 0.7
v 0.9 0 0.7
v 0.9 0.1 0.7
v 0.9 0.2 0.7
v 1 0.1 0.7
v 1 0.2 0.7
v 1 0.3 0.7
v 1 0.5 0.7
v 1.1 0.3 0.7
v 1.1 0.5 0.7
v -1.2 0.4 0.6
v -1.2 0.5 0.6
v -1.2 0.7 0.6
v -1.1 0.2 0.6
v -1.1 0.3 0.6
v -1.1 0.4 0.6
v -1.1 0.5 0.6
v -1.1 0.7 0.6
v -1 0 0.6
v -1 0.1 0.6
v -1 0.2 0.6
v -1 0.3 0.6
v -0.9 -0.1 0.6
v -0.9 0 0.6
v -0.9 0.1 0.6
v -0.8 -0.2 0.6
v -0.8 -0.1 0.6
v -0.8 0 0.6
v -0.7 -0.3 0.6
v -0.7 -0.2 0.6
v -0.7 -0.1 0.6
v -0.6 -0.3 0.6
v -0.6 -0.2 0.6
v -0.5 -0.4 0.6
v -0.5 -0.3 0.6
v -0.4 -0.4 0.6
v -0.4 -0.3 0.6
v -0.3 -0.5 0.6
v -0.3 -0.4 0.6
v -0.2 -0.5 0.6
v 0.2 -0.5 0.6
v 0.3 -0.5 0.6
v 0.3 -0.4 0.6
v 0.4 -0.4 0.6
v 0.4 -0.3 0.6
v 0.5 -0.4 0.6
v 0.5 -0.3 0.6
v 0.6 -0.3 0.6
v 0.6 -0.2 0.6
v 0.7 -0.3 0.6
v 0.7 -0.2 0.6
v 0.7 -0.1 0.6
v 0.8 -0.2 0.6
v 0.8 -0.1 0.6
v 0.8 0 0.6
v 0.8 0.6 0.6
v 0.8 0.7 0.6
v 0.9 -0.1 0.6
v 0.9 0 0.6
v 0.9 0.1 0.6
v 0.9 0.6 0.6
v 0.9 0.7 0.6
v 1 0 0.6
v 1 0.1 0.6
v 1 0.2 0.6
v 1 0.3 0.6
v 1.1 0.2 0.6
v 1.1 0.3 0.6
v 1.1 0.4 0.6
v 1.1 0.5 0.6
v 1.1 0.6 0.6
v 1.1 0.7 0.6
v 1.2 0.4 0.6
v 1.2 0.5 0.6
v 1.2 0.6 0.6
v 1.2 0.7 0.6
v -1.2 0.3 0.5
v -1.2 0.4 0.5
v -1.1 0.1 0.5
v -1.1 0.2 0.5
v -1.1 0.3 0.5
v -1.1 0.4 0.5
v -1 -0.1 0.5
v -1 0 0.5
v -1 0.1 0.5
v -1 0.2 0.5
v -0.9 -0.2 0.5
v -0.9 -0.1 0.5
v -0.9 0 0.5
v -0.8 -0.3 0.5
v -0.8 -0.2 0.5
v -0.8 -0.1 0.5
v -0.7 -0.3 0.5
v -0.7 -0.2 0.5
v -0.6 -0.4 0.5
v -0.6 -0.3 0.5
v -0.5 -0.4 0.5
v -0.5 -0.3 0.5
v -0.4 -0.5 0.5
v -0.4 -0.4 0.5
v -0.3 -0.5 0.5
v -0.3 -0.4 0.5
v 0.3 -0.5 0.5
v 0.3 -0.4 0.5
v 0.4 -0.5 0.5
v 0.4 -0.4 0.5
v 0.5 -0.4 0.5
v 0.5 -0.3 0.5
v 0.6 -0.4 0.5
v 0.6 -0.3 0.5
v 0.7 -0.3 0.5
v 0.7 -0.2 0.5
v 0.8 -0.3 0.5
v 0.8 -0.2 0.5
v 0.8 -0.1 0.5
v 0.9 -0.2 0.5
v 0.9 -0.1 0.5
v 0.9 0 0.5
v 1 -0.1 0.5
v 1 0 0.5
v 1 0.1 0.5
v 1 0.2 0.5
v 1.1 0.1 0.5
v 1.1 0.2 0.5
v 1.1 0.3 0.5
v 1.1 0.4 0.5
v 1.1 0.5 0.5
v 1.1 0.6 0.5
v 1.2 0.3 0.5
v 1.2 0.4 0.5
v 1.2 0.5 0.5
v 1.2 0.6 0.5
v -1.3 0.6 0.4
v -1.3 0.7 0.4
v -1.2 0.6 0.4
v -1.2 0.7 0.4
v -1.1 0 0.4
v -1.1 0.1 0.4
v -1 0 0.4
v -1 0.1 0.4
v -0.7 -0.4 0.4
v -0.7 -0.3 0.4
v -0.6 -0.4 0.4
v -0.6 -0.3 0.4
v -0.5 -0.5 0.4
v -0.5 -0.4 0.4
v -0.4 -0.5 0.4
v -0.4 -0.4 0.4
v -0.1 -0.6 0.4
v -0.1 -0.5 0.4
v 0.1 -0.6 0.4
v 0.1 -0.5 0.4
v 0.4 -0.5 0.4
v 0.4 -0.4 0.4
v 0.5 -0.5 0.4
v 0.5 -0.4 0.4
v 0.6 0.6 0.4
v 0.6 0.7 0.4
v 0.7 0.6 0.4
v 0.7 0.7 0.4
v 1 0 0.4
v 1 0.1 0.4
v 1 0.5 0.4
v 1 0.6 0.4
v 1 0.7 0.4
v 1.1 0 0.4
v 1.1 0.1 0.4
v 1.1 0.2 0.4
v 1.1 0.3 0.4
v 1.1 0.5 0.4
v 1.1 0.7 0.4
v 1.2 0.2 0.4
v 1.2 0.3 0.4
v 1.2 0.6 0.4
v 1.2 0.7 0.4
v 1.3 0.6 0.4
v 1.3 0.7 0.4
v -1.3 0.4 0.3
v -1.3 0.5 0.3
v -1.2 0.1 0.3
v -1.2 0.2 0.3
v -1.2 0.4 0.3
v -1.2 0.5 0.3
v -1.1 0.1 0.3
v -1.1 0.2 0.3
v -1 -0.2 0.3
v -1 -0.1 0.3
v -0.9 -0.3 0.3
v -0.9 -0.2 0.3
v -0.9 -0.1 0.3
v -0.8 -0.3 0.3
v -0.8 -0.2 0.3
v -0.6 -0.5 0.3
v -0.6 -0.4 0.3
v -0.5 -0.5 0.3
v -0.5 -0.4 0.3
v -0.3 -0.6 0.3
v -0.3 -0.5 0.3
v -0.1 -0.6 0.3
v -0.1 -0.5 0.3
v 0.1 -0.6 0.3
v 0.1 -0.5 0.3
v 0.3 -0.6 0.3
v 0.3 -0.5 0.3
v 0.5 -0.5 0.3
v 0.5 -0.4 0.3
v 0.6 -0.5 0.3
v 0.6 -0.4 0.3
v 0.6 -0.3 0.3
v 0.6 -0.2 0.3
v 0.6 -0.1 0.3
v 0.6 0 0.3
v 0.6 0.1 0.3
v 0.6 0.2 0.3
v 0.6 0.3 0.3
v 0.6 0.4 0.3
v 0.6 0.5 0.3
v 0.6 0.6 0.3
v 0.7 -0.4 0.3
v 0.7 -0.3 0.3
v 0.7 -0.2 0.3
v 0.7 -0.1 0.3
v 0.7 0 0.3
v 0.7 0.1 0.3
v 0.7 0.2 0.3
v 0.7 0.3 0.3
v 0.7 0.4 0.3
v 0.7 0.5 0.3
v 0.7 0.6 0.3
v 0.7 0.7 0.3
v 0.8 -0.3 0.3
v 0.8 -0.2 0.3
v 0.8 0.6 0.3
v 0.8 0.7 0.3
v 0.9 -0.3 0.3
v 0.9 -0.2 0.3
v 0.9 -0.1 0.3
v 1 -0.2 0.3
v 1 -0.1 0.3
v 1 0.5 0.3
v 1 0.6 0.3
v 1.1 0.1 0.3
v 1.1 0.2 0.3
v 1.2 0.1 0.3
v 1.2 0.2 0.3
v 1.2 0.4 0.3
v 1.2 0.5 0.3
v 1.2 0.6 0.3
v 1.3 0.4 0.3
v 1.3 0.5 0.3
v 1.3 0.6 0.3
v -1.1 -0.1 0.2
v -1.1 0 0.2
v -1 -0.1 0.2
v -1 0 0.2
v -0.8 -0.4 0.2
v -0.8 -0.3 0.2
v -0.7 -0.4 0.2
v -0.7 -0.3 0.2
v 0.7 -0.4 0.2
v 0.7 -0.3 0.2
v 0.8 -0.4 0.2
v 0.8 -0.3 0.2
v 1 -0.1 0.2
v 1 0 0.2
v 1.1 -0.1 0.2
v 1.1 0 0.2
v -1.3 0.3 0.1
v -1.3 0.4 0.1
v -1.2 0.3 0.1
v -1.2 0.4 0.1
v -1.1 0.2 0.1
v -1.1 0.3 0.1
v -1 0.2 0.1
v -1 0.3 0.1
v -1 0.5 0.1
v -1 0.6 0.1
v -0.9 0.5 0.1
v -0.9 0.6 0.1
v -0.4 -0.6 0.1
v -0.4 -0.5 0.1
v -0.3 -0.6 0.1
v -0.3 -0.5 0.1
v 0.3 -0.6 0.1
v 0.3 -0.5 0.1
v 0.4 -0.6 0.1
v 0.4 -0.5 0.1
v 1.2 0.3 0.1
v 1.2 0.4 0.1
v 1.3 0.3 0.1
v 1.3 0.4 0.1
v -1.2 0.2 0
v -1.2 0.3 0
v -1.1 0.2 0
v -1.1 0.3 0
v -1.1 0.5 0
v -1.1 0.6 0
v -1 0.5 0
v -1 0.6 0
v -1.4 0.3 -0.1
v -1.4 0.4 -0.1
v -1.3 0.3 -0.1
v -1.3 0.4 -0.1
v -1.2 0.5 -0.1
v -1.2 0.6 -0.1
v -1.1 0.5 -0.1
v -1.1 0.6 -0.1
v -0.4 -0.7 -0.1
v -0.4 -0.6 -0.1
v -0.3 -0.7 -0.1
v -0.3 -0.6 -0.1
v 0.3 -0.7 -0.1
v 0.3 -0.6 -0.1
v 0.4 -0.7 -0.1
v 0.4 -0.6 -0.1
v 1.3 0.3 -0.1
v 1.3 0.4 -0.1
v 1.4 0.3 -0.1
v 1.4 0.4 -0.1
v -1.3 0.5 -0.2
v -1.3 0.6 -0.2
v -1.2 0.5 -0.2
v -1.2 0.6 -0.2
v -0.2 -0.6 -0.2
v -0.2 -0.5 -0.2
v 0.2 -0.6 -0.2
v 0.2 -0.5 -0.2
v -1.4 0.4 -0.3
v -1.4 0.5 -0.3
v -1.4 0.6 -0.3
v -1.3 0.1 -0.3
v -1.3 0.2 -0.3
v -1.3 0.4 -0.3
v -1.3 0.5 -0.3
v -1.3 0.6 -0.3
v -1.2 -0.1 -0.3
v -1.2 0 -0.3
v -1.2 0.1 -0.3
v -1.2 0.2 -0.3
v -1.1 -0.1 -0.3
v -1.1 0 -0.3
v -0.8 -0.5 -0.3
v -0.8 -0.4 -0.3
v -0.7 -0.5 -0.3
v -0.7 -0.4 -0.3
v -0.6 -0.6 -0.3
v -0.6 -0.5 -0.3
v -0.5 -0.6 -0.3
v -0.5 -0.5 -0.3
v -0.3 -0.7 -0.3
v -0.3 -0.6 -0.3
v -0.1 -0.7 -0.3
v -0.1 -0.6 -0.3
v 0.1 -0.7 -0.3
v 0.1 -0.6 -0.3
v 0.3 -0.7 -0.3
v 0.3 -0.6 -0.3
v 0.5 -0.6 -0.3
v 0.5 -0.5 -0.3
v 0.6 -0.6 -0.3
v 0.6 -0.5 -0.3
v 0.7 -0.5 -0.3
v 0.7 -0.4 -0.3
v 0.8 -0.5 -0.3
v 0.8 -0.4 -0.3
v 1.1 -0.1 -0.3
v 1.1 0 -0.3
v 1.2 -0.1 -0.3
v 1.2 0 -0.3
v 1.2 0.1 -0.3
v 1.2 0.2 -0.3
v 1.3 0.1 -0.3
v 1.3 0.2 -0.3
v 1.3 0.4 -0.3
v 1.3 0.5 -0.3
v 1.3 0.6 -0.3
v 1.4 0.4 -0.3
v 1.4 0.5 -0.3
v 1.4 0.6 -0.3
v -1.4 0.6 -0.4
v -1.4 0.7 -0.4
v -1.3 0.2 -0.4
v -1.3 0.3 -0.4
v -1.3 0.6 -0.4
v -1.3 0.7 -0.4
v -1.2 0.2 -0.4
v -1.2 0.3 -0.4
v -1.1 -0.2 -0.4
v -1.1 -0.1 -0.4
v -1 -0.3 -0.4
v -1 -0.2 -0.4
v -1 -0.1 -0.4
v -0.9 -0.4 -0.4
v -0.9 -0.3 -0.4
v -0.9 -0.2 -0.4
v -0.8 -0.4 -0.4
v -0.8 -0.3 -0.4
v -0.5 -0.6 -0.4
v -0.5 -0.5 -0.4
v -0.4 -0.6 -0.4
v -0.4 -0.5 -0.4
v -0.1 -0.7 -0.4
v -0.1 -0.6 -0.4
v 0.1 -0.7 -0.4
v 0.1 -0.6 -0.4
v 0.4 -0.6 -0.4
v 0.4 -0.5 -0.4
v 0.5 -0.6 -0.4
v 0.5 -0.5 -0.4
v 0.8 -0.4 -0.4
v 0.8 -0.3 -0.4
v 0.9 -0.4 -0.4
v 0.9 -0.3 -0.4
v 0.9 -0.2 -0.4
v 1 -0.3 -0.4
v 1 -0.2 -0.4
v 1 -0.1 -0.4
v 1.1 -0.2 -0.4
v 1.1 -0.1 -0.4
v 1.2 0.2 -0.4
v 1.2 0.3 -0.4
v 1.3 0.2 -0.4
v 1.3 0.3 -0.4
v 1.3 0.6 -0.4
v 1.3 0.7 -0.4
v 1.4 0.6 -0.4
v 1.4 0.7 -0.4
v -1.3 0.3 -0.5
v -1.3 0.4 -0.5
v -1.2 0 -0.5
v -1.2 0.1 -0.5
v -1.2 0.3 -0.5
v -1.2 0.4 -0.5
v -1.1 -0.1 -0.5
v -1.1 0 -0.5
v -1.1 0.1 -0.5
v -1 -0.1 -0.5
v -1 0 -0.5
v -0.8 -0.4 -0.5
v -0.8 -0.3 -0.5
v -0.7 -0.5 -0.5
v -0.7 -0.4 -0.5
v -0.7 -0.3 -0.5
v -0.7 -0.2 -0.5
v -0.7 0.2 -0.5
v -0.6 -0.5 -0.5
v -0.6 -0.4 -0.5
v -0.6 -0.3 -0.5
v -0.6 0.2 -0.5
v -0.5 -0.4 -0.5
v -0.5 -0.3 -0.5
v -0.5 -0.1 -0.5
v -0.4 -0.6 -0.5
v -0.4 -0.5 -0.5
v -0.4 -0.4 -0.5
v -0.4 -0.1 -0.5
v -0.3 -0.6 -0.5
v -0.3 -0.5 -0.5
v 0.3 -0.6 -0.5
v 0.3 -0.5 -0.5
v 0.4 -0.6 -0.5
v 0.4 -0.5 -0.5
v 0.6 -0.5 -0.5
v 0.6 -0.4 -0.5
v 0.7 -0.5 -0.5
v 0.7 -0.4 -0.5
v 0.7 -0.3 -0.5
v 0.8 -0.4 -0.5
v 0.8 -0.3 -0.5
v 1 -0.1 -0.5
v 1 0 -0.5
v 1.1 -0.1 -0.5
v 1.1 0 -0.5
v 1.1 0.1 -0.5
v 1.2 0 -0.5
v 1.2 0.1 -0.5
v 1.2 0.3 -0.5
v 1.2 0.4 -0.5
v 1.3 0.3 -0.5
v 1.3 0.4 -0.5
v -1.3 0.4 -0.6
v -1.3 0.5 -0.6
v -1.3 0.7 -0.6
v -1.2 0.1 -0.6
v -1.2 0.2 -0.6
v -1.2 0.4 -0.6
v -1.2 0.5 -0.6
v -1.2 0.7 -0.6
v -1.1 0.1 -0.6
v -1.1 0.2 -0.6
v -1 -0.2 -0.6
v -1 -0.1 -0.6
v -0.9 -0.3 -0.6
v -0.9 -0.2 -0.6
v -0.9 -0.1 -0.6
v -0.8 -0.3 -0.6
v -0.8 -0.2 -0.6
v -0.6 -0.5 -0.6
v -0.6 -0.4 -0.6
v -0.5 -0.5 -0.6
v -0.5 -0.4 -0.6
v -0.3 -0.6 -0.6
v -0.3 -0.5 -0.6
v 0.3 -0.6 -0.6
v 0.3 -0.5 -0.6
v 0.5 -0.5 -0.6
v 0.5 -0.4 -0.6
v 0.6 -0.5 -0.6
v 0.6 -0.4 -0.6
v 0.8 -0.3 -0.6
v 0.8 -0.2 -0.6
v 0.9 -0.3 -0.6
v 0.9 -0.2 -0.6
v 0.9 -0.1 -0.6
v 1 -0.2 -0.6
v 1 -0.1 -0.6
v 1.1 0.1 -0.6
v 1.1 0.2 -0.6
v 1.2 0.1 -0.6
v 1.2 0.2 -0.6
v 1.2 0.4 -0.6
v 1.2 0.5 -0.6
v 1.2 0.7 -0.6
v 1.3 0.4 -0.6
v 1.3 0.5 -0.6
v 1.3 0.7 -0.6
v -1.2 0.2 -0.7
v -1.2 0.3 -0.7
v -1.2 0.4 -0.7
v -1.1 0 -0.7
v -1.1 0.1 -0.7
v -1.1 0.2 -0.7
v -1.1 0.3 -0.7
v -1.1 0.4 -0.7
v -1 -0.1 -0.7
v -1 0 -0.7
v -1 0.1 -0.7
v -1 0.2 -0.7
v -0.9 -0.2 -0.7
v -0.9 -0.1 -0.7
v -0.9 0 -0.7
v -0.8 -0.3 -0.7
v -0.8 -0.2 -0.7
v -0.8 -0.1 -0.7
v -0.7 -0.4 -0.7
v -0.7 -0.3 -0.7
v -0.7 -0.2 -0.7
v -0.6 -0.2 -0.7
v -0.6 -0.1 -0.7
v -0.5 -0.5 -0.7
v -0.5 -0.4 -0.7
v -0.5 -0.3 -0.7
v -0.5 -0.2 -0.7
v -0.5 -0.1 -0.7
v -0.3 -0.5 -0.7
v -0.3 -0.4 -0.7
v 0.3 -0.5 -0.7
v 0.3 -0.4 -0.7
v 0.5 -0.5 -0.7
v 0.5 -0.4 -0.7
v 0.5 -0.3 -0.7
v 0.7 -0.4 -0.7
v 0.7 -0.3 -0.7
v 0.7 -0.2 -0.7
v 0.8 -0.3 -0.7
v 0.8 -0.2 -0.7
v 0.8 -0.1 -0.7
v 0.9 -0.2 -0.7
v 0.9 -0.1 -0.7
v 0.9 0 -0.7
v 1 -0.1 -0.7
v 1 0 -0.7
v 1 0.1 -0.7
v 1 0.2 -0.7
v 1.1 0 -0.7
v 1.1 0.1 -0.7
v 1.1 0.2 -0.7
v 1.1 0.3 -0.7
v 1.1 0.4 -0.7
v 1.2 0.2 -0.7
v 1.2 0.3 -0.7
v 1.2 0.4 -0.7
v -1.2 0.4 -0.8
v -1.2 0.5 -0.8
v -1.2 0.6 -0.8
v -1.1 0.2 -0.8
v -1.1 0.3 -0.8
v -1.1 0.4 -0.8
v -1.1 0.5 -0.8
v -1.1 0.6 -0.8
v -1 0 -0.8
v -1 0.1 -0.8
v -1 0.2 -0.8
v -1 0.3 -0.8
v -0.9 -0.1 -0.8
v -0.9 0 -0.8
v -0.9 0.1 -0.8
v -0.8 -0.2 -0.8
v -0.8 -0.1 -0.8
v -0.8 0 -0.8
v -0.7 -0.3 -0.8
v -0.7 -0.2 -0.8
v -0.7 -0.1 -0.8
v -0.6 -0.3 -0.8
v -0.6 -0.2 -0.8
v -0.5 -0.4 -0.8
v -0.5 -0.3 -0.8
v -0.4 -0.4 -0.8
v -0.4 -0.3 -0.8
v -0.3 -0.5 -0.8
v -0.3 -0.4 -0.8
v 0.3 -0.5 -0.8
v 0.3 -0.4 -0.8
v 0.4 -0.4 -0.8
v 0.4 -0.3 -0.8
v 0.5 -0.4 -0.8
v 0.5 -0.3 -0.8
v 0.6 -0.3 -0.8
v 0.6 -0.2 -0.8
v 0.7 -0.3 -0.8
v 0.7 -0.2 -0.8
v 0.7 -0.1 -0.8
v 0.8 -0.2 -0.8
v 0.8 -0.1 -0.8
v 0.8 0 -0.8
v 0.9 -0.1 -0.8
v 0.9 0 -0.8
v 0.9 0.1 -0.8
v 1 0 -0.8
v 1 0.1 -0.8
v 1 0.2 -0.8
v 1 0.3 -0.8
v 1.1 0.2 -0.8
v 1.1 0.3 -0.8
v 1.1 0.4 -0.8
v 1.1 0.5 -0.8
v 1.1 0.6 -0.8
v 1.2 0.4 -0.8
v 1.2 0.5 -0.8
v 1.2 0.6 -0.8
v -1.1 0.3 -0.9
v -1.1 0.5 -0.9
v -1.1 0.6 -0.9
v -1 0.1 -0.9
v -1 0.3 -0.9
v -1 0.5 -0.9
v -1 0.6 -0.9
v -0.9 0 -0.9
v -0.9 0.1 -0.9
v -0.9 0.3 -0.9
v -0.8 -0.1 -0.9
v -0.8 0 -0.9
v -0.8 0.1 -0.9
v -0.7 -0.2 -0.9
v -0.7 -0.1 -0.9
v -0.7 0 -0.9
v -0.6 -0.3 -0.9
v -0.6 -0.2 -0.9
v -0.6 -0.1 -0.9
v -0.4 -0.4 -0.9
v -0.4 -0.3 -0.9
v -0.4 -0.2 -0.9
v 0.4 -0.4 -0.9
v 0.4 -0.3 -0.9
v 0.4 -0.2 -0.9
v 0.6 -0.3 -0.9
v 0.6 -0.2 -0.9
v 0.6 -0.1 -0.9
v 0.7 -0.2 -0.9
v 0.7 -0.1 -0.9
v 0.7 0 -0.9
v 0.8 -0.1 -0.9
v 0.8 0 -0.9
v 0.8 0.1 -0.9
v 0.9 0 -0.9
v 0.9 0.1 -0.9
v 0.9 0.3 -0.9
v 1 0.1 -0.9
v 1 0.3 -0.9
v 1 0.5 -0.9
v 1 0.6 -0.9
v 1.1 0.3 -0.9
v 1.1 0.5 -0.9
v 1.1 0.6 -0.9
v -1 0.3 -1
v -1 0.5 -1
v -1 0.6 -1
v -0.9 0.1 -1
v -0.9 0.3 -1
v -0.9 0.5 -1
v -0.9 0.6 -1
v -0.8 0 -1
v -0.8 0.1 -1
v -0.8 0.2 -1
v -0.8 0.3 -1
v -0.7 -0.1 -1
v -0.7 0 -1
v -0.7 0.1 -1
v -0.7 0.2 -1
v -0.6 -0.2 -1
v -0.6 -0.1 -1
v -0.5 -0.1 -1
v -0.5 0 -1
v -0.4 -0.3 -1
v -0.4 -0.2 -1
v -0.4 -0.1 -1
v 0.4 -0.3 -1
v 0.4 -0.2 -1
v 0.4 -0.1 -1
v 0.5 -0.1 -1
v 0.5 0 -1
v 0.6 -0.2 -1
v 0.6 -0.1 -1
v 0.7 -0.1 -1
v 0.7 0 -1
v 0.7 0.1 -1
v 0.7 0.2 -1
v 0.8 0 -1
v 0.8 0.1 -1
v 0.8 0.2 -1
v 0.8 0.3 -1
v 0.9 0.1 -1
v 0.9 0.3 -1
v 0.9 0.5 -1
v 0.9 0.6 -1
v 1 0.3 -1
v 1 0.5 -1
v 1 0.6 -1
v -0.9 0.3 -1.1
v -0.9 0.5 -1.1
v -0.9 0.6 -1.1
v -0.8 0.2 -1.1
v -0.8 0.3 -1.1
v -0.8 0.4 -1.1
v -0.8 0.5 -1.1
v -0.8 0.6 -1.1
v -0.7 0 -1.1
v -0.7 0.1 -1.1
v -0.7 0.2 -1.1
v -0.7 0.3 -1.1
v -0.7 0.4 -1.1
v -0.6 0.1 -1.1
v -0.6 0.2 -1.1
v -0.5 -0.1 -1.1
v -0.5 0 -1.1
v -0.5 0.1 -1.1
v -0.4 -0.2 -1.1
v -0.4 -0.1 -1.1
v -0.3 -0.1 -1.1
v -0.3 0 -1.1
v 0.3 -0.1 -1.1
v 0.3 0 -1.1
v 0.4 -0.2 -1.1
v 0.4 -0.1 -1.1
v 0.5 -0.1 -1.1
v 0.5 0 -1.1
v 0.5 0.1 -1.1
v 0.6 0.1 -1.1
v 0.6 0.2 -1.1
v 0.7 0 -1.1
v 0.7 0.1 -1.1
v 0.7 0.2 -1.1
v 0.7 0.3 -1.1
v 0.7 0.4 -1.1
v 0.8 0.2 -1.1
v 0.8 0.3 -1.1
v 0.8 0.4 -1.1
v 0.8 0.5 -1.1
v 0.8 0.7 -1.1
v 0.9 0.3 -1.1
v 0.9 0.5 -1.1
v 0.9 0.6 -1.1
v 0.9 0.7 -1.1
v 1.1 -0.7 -1.1
v 1.1 0.6 -1.1
v 1.2 -0.7 -1.1
v 1.2 0.7 -1.1
v -1.2 -0.7 -1.2
v -1.2 0.7 -1.2
v -1.1 -0.7 -1.2
v -1.1 0.6 -1.2
v -0.8 0.4 -1.2
v -0.8 0.5 -1.2
v -0.8 0.6 -1.2
v -0.8 0.7 -1.2
v -0.7 0.2 -1.2
v -0.7 0.3 -1.2
v -0.7 0.4 -1.2
v -0.6 0.1 -1.2
v -0.6 0.2 -1.2
v -0.6 0.4 -1.2
v -0.6 0.5 -1.2
v -0.6 0.7 -1.2
v -0.5 0 -1.2
v -0.5 0.1 -1.2
v -0.5 0.3 -1.2
v -0.5 0.4 -1.2
v -0.4 0.2 -1.2
v -0.4 0.3 -1.2
v -0.3 -0.1 -1.2
v -0.3 0 -1.2
v -0.3 0.1 -1.2
v -0.3 0.2 -1.2
v 0.3 -0.1 -1.2
v 0.3 0 -1.2
v 0.3 0.1 -1.2
v 0.3 0.2 -1.2
v 0.4 0.2 -1.2
v 0.4 0.3 -1.2
v 0.5 0 -1.2
v 0.5 0.1 -1.2
v 0.5 0.3 -1.2
v 0.5 0.4 -1.2
v 0.6 0.1 -1.2
v 0.6 0.2 -1.2
v 0.6 0.4 -1.2
v 0.6 0.5 -1.2
v 0.6 0.7 -1.2
v 0.7 0.2 -1.2
v 0.7 0.3 -1.2
v 0.7 0.4 -1.2
v 0.8 0.4 -1.2
v 0.8 0.5 -1.2
v 0.8 0.7 -1.2
v -0.6 0.4 -1.3
v -0.6 0.5 -1.3
v -0.6 0.7 -1.3
v -0.5 0.3 -1.3
v -0.5 0.4 -1.3
v -0.4 0.2 -1.3
v -0.4 0.3 -1.3
v -0.4 0.6 -1.3
v -0.4 0.7 -1.3
v -0.3 0.1 -1.3
v -0.3 0.2 -1.3
v -0.3 0.4 -1.3
v -0.3 0.5 -1.3
v -0.3 0.6 -1.3
v -0.1 0.3 -1.3
v -0.1 0.4 -1.3
v 0.1 0.3 -1.3
v 0.1 0.4 -1.3
v 0.3 0.1 -1.3
v 0.3 0.2 -1.3
v 0.3 0.4 -1.3
v 0.3 0.5 -1.3
v 0.3 0.6 -1.3
v 0.4 0.2 -1.3
v 0.4 0.3 -1.3
v 0.4 0.6 -1.3
v 0.4 0.7 -1.3
v 0.5 0.3 -1.3
v 0.5 0.4 -1.3
v 0.6 0.4 -1.3
v 0.6 0.5 -1.3
v 0.6 0.7 -1.3
v -0.4 0.6 -1.4
v -0.4 0.7 -1.4
v -0.3 0.4 -1.4
v -0.3 0.5 -1.4
v -0.3 0.6 -1.4
v -0.1 0.3 -1.4
v -0.1 0.4 -1.4
v 0.1 0.3 -1.4
v 0.1 0.4 -1.4
v 0.3 0.4 -1.4
v 0.3 0.5 -1.4
v 0.3 0.6 -1.4
v 0.4 0.6 -1.4
v 0.4 0.7 -1.4
v -1.2 -0.7 1.1
v -1.1 -0.7 1.1
v 1.1 -0.7 1.1
v 1.2 -0.7 1.1
v -1.2 -0.7 1
v -1.1 -0.7 1
v 1.1 -0.7 1
v 1.2 -0.7 1
v -0.1 -0.7 0.4
v 0.1 -0.7 0.4
v -0.3 -0.7 0.3
v -0.1 -0.7 0.3
v 0.1 -0.7 0.3
v 0.3 -0.7 0.3
v -0.4 -0.7 0.1
v -0.3 -0.7 0.1
v -0.1 -0.7 0.1
v 0.1 -0.7 0.1
v 0.3 -0.7 0.1
v 0.4 -0.7 0.1
v -0.4 -0.7 -0.1
v -0.3 -0.7 -0.1
v -0.1 -0.7 -0.1
v 0.1 -0.7 -0.1
v 0.3 -0.7 -0.1
v 0.4 -0.7 -0.1
v -0.3 -0.7 -0.3
v -0.1 -0.7 -0.3
v 0.1 -0.7 -0.3
v 0.3 -0.7 -0.3
v -0.1 -0.7 -0.4
v 0.1 -0.7 -0.4
v 1.1 -0.7 -1
v 1.2 -0.7 -1
v -1.2 -0.7 -1.1
v -1.1 -0.7 -1.1
v 1.1 -0.7 -1.1
v 1.2 -0.7 -1.1
v -1.2 -0.7 -1.2
v -1.1 -0.7 -1.2
v -0.3 -0.6 0.6
v -0.2 -0.6 0.6
v 0.2 -0.6 0.6
v 0.3 -0.6 0.6
v -0.4 -0.6 0.5
v -0.3 -0.6 0.5
v -0.2 -0.6 0.5
v 0.2 -0.6 0.5
v 0.3 -0.6 0.5
v 0.4 -0.6 0.5
v -0.5 -0.6 0.4
v -0.4 -0.6 0.4
v -0.1 -0.6 0.4
v 0.1 -0.6 0.4
v 0.4 -0.6 0.4
v 0.5 -0.6 0.4
v -0.6 -0.6 0.3
v -0.5 -0.6 0.3
v -0.3 -0.6 0.3
v -0.1 -0.6 0.3
v 0.1 -0.6 0.3
v 0.3 -0.6 0.3
v 0.5 -0.6 0.3
v 0.6 -0.6 0.3
v -0.4 -0.6 0.1
v -0.3 -0.6 0.1
v 0.3 -0.6 0.1
v 0.4 -0.6 0.1
v -0.4 -0.6 -0.1
v -0.3 -0.6 -0.1
v 0.3 -0.6 -0.1
v 0.4 -0.6 -0.1
v -0.6 -0.6 -0.3
v -0.5 -0.6 -0.3
v -0.3 -0.6 -0.3
v -0.1 -0.6 -0.3
v 0.1 -0.6 -0.3
v 0.3 -0.6 -0.3
v 0.5 -0.6 -0.3
v 0.6 -0.6 -0.3
v -0.5 -0.6 -0.4
v -0.4 -0.6 -0.4
v -0.1 -0.6 -0.4
v 0.1 -0.6 -0.4
v 0.4 -0.6 -0.4
v 0.5 -0.6 -0.4
v -0.4 -0.6 -0.5
v -0.3 -0.6 -0.5
v 0.3 -0.6 -0.5
v 0.4 -0.6 -0.5
v -0.3 -0.6 -0.6
v 0.3 -0.6 -0.6
v -0.3 -0.5 0.8
v 0.3 -0.5 0.8
v -0.5 -0.5 0.7
v -0.3 -0.5 0.7
v 0.3 -0.5 0.7
v 0.5 -0.5 0.7
v -0.6 -0.5 0.6
v -0.5 -0.5 0.6
v -0.3 -0.5 0.6
v -0.2 -0.5 0.6
v 0.2 -0.5 0.6
v 0.3 -0.5 0.6
v 0.5 -0.5 0.6
v 0.6 -0.5 0.6
v -0.7 -0.5 0.5
v -0.6 -0.5 0.5
v -0.4 -0.5 0.5
v -0.3 -0.5 0.5
v 0.3 -0.5 0.5
v 0.4 -0.5 0.5
v 0.6 -0.5 0.5
v 0.7 -0.5 0.5
v -0.5 -0.5 0.4
v -0.4 -0.5 0.4
v 0.4 -0.5 0.4
v 0.5 -0.5 0.4
v -0.8 -0.5 0.3
v -0.7 -0.5 0.3
v -0.6 -0.5 0.3
v -0.5 -0.5 0.3
v 0.5 -0.5 0.3
v 0.6 -0.5 0.3
v 0.7 -0.5 0.3
v 0.8 -0.5 0.3
v -0.8 -0.5 -0.3
v -0.7 -0.5 -0.3
v -0.6 -0.5 -0.3
v -0.5 -0.5 -0.3
v 0.5 -0.5 -0.3
v 0.6 -0.5 -0.3
v 0.7 -0.5 -0.3
v 0.8 -0.5 -0.3
v -0.5 -0.5 -0.4
v -0.4 -0.5 -0.4
v 0.4 -0.5 -0.4
v 0.5 -0.5 -0.4
v -0.7 -0.5 -0.5
v -0.6 -0.5 -0.5
v -0.4 -0.5 -0.5
v -0.3 -0.5 -0.5
v 0.3 -0.5 -0.5
v 0.4 -0.5 -0.5
v 0.6 -0.5 -0.5
v 0.7 -0.5 -0.5
v -0.6 -0.5 -0.6
v -0.5 -0.5 -0.6
v -0.3 -0.5 -0.6
v 0.3 -0.5 -0.6
v 0.5 -0.5 -0.6
v 0.6 -0.5 -0.6
v -0.5 -0.5 -0.7
v -0.3 -0.5 -0.7
v 0.3 -0.5 -0.7
v 0.5 -0.5 -0.7
v -0.3 -0.5 -0.8
v 0.3 -0.5 -0.8
v -0.4 -0.4 0.9
v -0.2 -0.4 0.9
v 0.2 -0.4 0.9
v 0.4 -0.4 0.9
v -0.5 -0.4 0.8
v -0.4 -0.4 0.8
v -0.3 -0.4 0.8
v -0.2 -0.4 0.8
v 0.2 -0.4 0.8
v 0.3 -0.4 0.8
v 0.4 -0.4 0.8
v 0.5 -0.4 0.8
v -0.7 -0.4 0.7
v -0.5 -0.4 0.7
v -0.3 -0.4 0.7
v 0.3 -0.4 0.7
v 0.5 -0.4 0.7
v 0.7 -0.4 0.7
v -0.6 -0.4 0.6
v -0.5 -0.4 0.6
v 0.5 -0.4 0.6
v 0.6 -0.4 0.6
v -0.8 -0.4 0.5
v -0.7 -0.4 0.5
v -0.6 -0.4 0.5
v 0.6 -0.4 0.5
v 0.7 -0.4 0.5
v 0.8 -0.4 0.5
v -0.9 -0.4 0.4
v -0.8 -0.4 0.4
v 0.8 -0.4 0.4
v 0.9 -0.4 0.4
v -0.8 -0.4 0.3
v -0.7 -0.4 0.3
v 0.7 -0.4 0.3
v 0.8 -0.4 0.3
v -0.8 -0.4 -0.3
v -0.7 -0.4 -0.3
v 0.7 -0.4 -0.3
v 0.8 -0.4 -0.3
v -0.9 -0.4 -0.4
v -0.8 -0.4 -0.4
v 0.8 -0.4 -0.4
v 0.9 -0.4 -0.4
v -0.8 -0.4 -0.5
v -0.7 -0.4 -0.5
v -0.6 -0.4 -0.5
v 0.6 -0.4 -0.5
v 0.7 -0.4 -0.5
v 0.8 -0.4 -0.5
v -0.6 -0.4 -0.6
v -0.5 -0.4 -0.6
v 0.5 -0.4 -0.6
v 0.6 -0.4 -0.6
v -0.7 -0.4 -0.7
v -0.5 -0.4 -0.7
v -0.3 -0.4 -0.7
v 0.3 -0.4 -0.7
v 0.5 -0.4 -0.7
v 0.7 -0.4 -0.7
v -0.5 -0.4 -0.8
v -0.4 -0.4 -0.8
v -0.3 -0.4 -0.8
v 0.3 -0.4 -0.8
v 0.4 -0.4 -0.8
v 0.5 -0.4 -0.8
v -0.4 -0.4 -0.9
v 0.4 -0.4 -0.9
v -0.4 -0.3 1
v 0.4 -0.3 1
v -0.6 -0.3 0.9
v -0.4 -0.3 0.9
v -0.2 -0.3 0.9
v 0.2 -0.3 0.9
v 0.4 -0.3 0.9
v 0.6 -0.3 0.9
v -0.7 -0.3 0.8
v -0.6 -0.3 0.8
v -0.5 -0.3 0.8
v -0.4 -0.3 0.8
v 0.4 -0.3 0.8
v 0.5 -0.3 0.8
v 0.6 -0.3 0.8
v 0.7 -0.3 0.8
v -0.8 -0.3 0.7
v -0.7 -0.3 0.7
v -0.5 -0.3 0.7
v 0.5 -0.3 0.7
v 0.7 -0.3 0.7
v 0.8 -0.3 0.7
v -0.9 -0.3 0.6
v -0.8 -0.3 0.6
v 0.8 -0.3 0.6
v 0.9 -0.3 0.6
v -0.8 -0.3 0.5
v -0.7 -0.3 0.5
v 0.7 -0.3 0.5
v 0.8 -0.3 0.5
v -1 -0.3 0.4
v -0.9 -0.3 0.4
v -0.8 -0.3 0.4
v 0.8 -0.3 0.4
v 0.9 -0.3 0.4
v 1 -0.3 0.4
v -1 -0.3 -0.4
v -0.9 -0.3 -0.4
v -0.8 -0.3 -0.4
v 0.8 -0.3 -0.4
v 0.9 -0.3 -0.4
v 1 -0.3 -0.4
v -0.8 -0.3 -0.5
v -0.7 -0.3 -0.5
v 0.7 -0.3 -0.5
v 0.8 -0.3 -0.5
v -0.9 -0.3 -0.6
v -0.8 -0.3 -0.6
v 0.8 -0.3 -0.6
v 0.9 -0.3 -0.6
v -0.8 -0.3 -0.7
v -0.7 -0.3 -0.7
v -0.5 -0.3 -0.7
v 0.5 -0.3 -0.7
v 0.7 -0.3 -0.7
v 0.8 -0.3 -0.7
v -0.7 -0.3 -0.8
v -0.6 -0.3 -0.8
v -0.5 -0.3 -0.8
v -0.4 -0.3 -0.8
v 0.4 -0.3 -0.8
v 0.5 -0.3 -0.8
v 0.6 -0.3 -0.8
v 0.7 -0.3 -0.8
v -0.6 -0.3 -0.9
v -0.4 -0.3 -0.9
v 0.4 -0.3 -0.9
v 0.6 -0.3 -0.9
v -0.4 -0.3 -1
v 0.4 -0.3 -1
v -0.4 -0.2 1.1
v -0.2 -0.2 1.1
v 0.2 -0.2 1.1
v 0.4 -0.2 1.1
v -0.6 -0.2 1
v -0.4 -0.2 1
v -0.2 -0.2 1
v 0.2 -0.2 1
v 0.4 -0.2 1
v 0.6 -0.2 1
v -0.7 -0.2 0.9
v -0.6 -0.2 0.9
v -0.4 -0.2 0.9
v 0.4 -0.2 0.9
v 0.6 -0.2 0.9
v 0.7 -0.2 0.9
v -0.8 -0.2 0.8
v -0.7 -0.2 0.8
v -0.6 -0.2 0.8
v 0.6 -0.2 0.8
v 0.7 -0.2 0.8
v 0.8 -0.2 0.8
v -0.9 -0.2 0.7
v -0.8 -0.2 0.7
v -0.7 -0.2 0.7
v 0.7 -0.2 0.7
v 0.8 -0.2 0.7
v 0.9 -0.2 0.7
v -1 -0.2 0.6
v -0.9 -0.2 0.6
v -0.8 -0.2 0.6
v 0.8 -0.2 0.6
v 0.9 -0.2 0.6
v 1 -0.2 0.6
v -1.1 -0.2 0.4
v -1 -0.2 0.4
v -0.9 -0.2 0.4
v 0.9 -0.2 0.4
v 1 -0.2 0.4
v 1.1 -0.2 0.4
v -1.1 -0.2 -0.4
v -1 -0.2 -0.4
v -0.9 -0.2 -0.4
v 0.9 -0.2 -0.4
v 1 -0.2 -0.4
v 1.1 -0.2 -0.4
v -1 -0.2 -0.6
v -0.9 -0.2 -0.6
v -0.8 -0.2 -0.6
v 0.8 -0.2 -0.6
v 0.9 -0.2 -0.6
v 1 -0.2 -0.6
v -0.9 -0.2 -0.7
v -0.8 -0.2 -0.7
v -0.7 -0.2 -0.7
v 0.7 -0.2 -0.7
v 0.8 -0.2 -0.7
v 0.9 -0.2 -0.7
v -0.8 -0.2 -0.8
v -0.7 -0.2 -0.8
v -0.6 -0.2 -0.8
v 0.6 -0.2 -0.8
v 0.7 -0.2 -0.8
v 0.8 -0.2 -0.8
v -0.7 -0.2 -0.9
v -0.6 -0.2 -0.9
v -0.4 -0.2 -0.9
v 0.4 -0.2 -0.9
v 0.6 -0.2 -0.9
v 0.7 -0.2 -0.9
v -0.6 -0.2 -1
v -0.4 -0.2 -1
v 0.4 -0.2 -1
v 0.6 -0.2 -1
v -0.4 -0.2 -1.1
v 0.4 -0.2 -1.1
v -0.3 -0.1 1.2
v 0.3 -0.1 1.2
v -0.5 -0.1 1.1
v -0.4 -0.1 1.1
v -0.3 -0.1 1.1
v -0.2 -0.1 1.1
v 0.2 -0.1 1.1
v 0.3 -0.1 1.1
v 0.4 -0.1 1.1
v 0.5 -0.1 1.1
v -0.7 -0.1 1
v -0.6 -0.1 1
v -0.5 -0.1 1
v -0.4 -0.1 1
v 0.4 -0.1 1
v 0.5 -0.1 1
v 0.6 -0.1 1
v 0.7 -0.1 1
v -0.8 -0.1 0.9
v -0.7 -0.1 0.9
v -0.6 -0.1 0.9
v 0.6 -0.1 0.9
v 0.7 -0.1 0.9
v 0.8 -0.1 0.9
v -0.9 -0.1 0.8
v -0.8 -0.1 0.8
v -0.7 -0.1 0.8
v 0.7 -0.1 0.8
v 0.8 -0.1 0.8
v 0.9 -0.1 0.8
v -1 -0.1 0.7
v -0.9 -0.1 0.7
v -0.8 -0.1 0.7
v 0.8 -0.1 0.7
v 0.9 -0.1 0.7
v 1 -0.1 0.7
v -1 -0.1 0.6
v -0.9 -0.1 0.6
v 0.9 -0.1 0.6
v 1 -0.1 0.6
v -1.1 -0.1 0.5
v -1 -0.1 0.5
v 1 -0.1 0.5
v 1.1 -0.1 0.5
v -1.1 -0.1 0.4
v -1 -0.1 0.4
v 1 -0.1 0.4
v 1.1 -0.1 0.4
v -1.2 -0.1 0.3
v -1.1 -0.1 0.3
v 1.1 -0.1 0.3
v 1.2 -0.1 0.3
v -1.2 -0.1 -0.3
v -1.1 -0.1 -0.3
v 1.1 -0.1 -0.3
v 1.2 -0.1 -0.3
v -1.1 -0.1 -0.4
v -1 -0.1 -0.4
v 1 -0.1 -0.4
v 1.1 -0.1 -0.4
v -1.1 -0.1 -0.5
v -1 -0.1 -0.5
v 1 -0.1 -0.5
v 1.1 -0.1 -0.5
v -1 -0.1 -0.6
v -0.9 -0.1 -0.6
v 0.9 -0.1 -0.6
v 1 -0.1 -0.6
v -1 -0.1 -0.7
v -0.9 -0.1 -0.7
v -0.8 -0.1 -0.7
v 0.8 -0.1 -0.7
v 0.9 -0.1 -0.7
v 1 -0.1 -0.7
v -0.9 -0.1 -0.8
v -0.8 -0.1 -0.8
v -0.7 -0.1 -0.8
v 0.7 -0.1 -0.8
v 0.8 -0.1 -0.8
v 0.9 -0.1 -0.8
v -0.8 -0.1 -0.9
v -0.7 -0.1 -0.9
v -0.6 -0.1 -0.9
v 0.6 -0.1 -0.9
v 0.7 -0.1 -0.9
v 0.8 -0.1 -0.9
v -0.7 -0.1 -1
v -0.6 -0.1 -1
v -0.5 -0.1 -1
v -0.4 -0.1 -1
v 0.4 -0.1 -1
v 0.5 -0.1 -1
v 0.6 -0.1 -1
v 0.7 -0.1 -1
v -0.5 -0.1 -1.1
v -0.4 -0.1 -1.1
v -0.3 -0.1 -1.1
v 0.3 -0.1 -1.1
v 0.4 -0.1 -1.1
v 0.5 -0.1 -1.1
v -0.3 -0.1 -1.2
v 0.3 -0.1 -1.2
v -0.5 0 1.2
v -0.3 0 1.2
v 0.3 0 1.2
v 0.5 0 1.2
v -0.7 0 1.1
v -0.5 0 1.1
v -0.3 0 1.1
v 0.3 0 1.1
v 0.5 0 1.1
v 0.7 0 1.1
v -0.8 0 1
v -0.7 0 1
v -0.5 0 1
v 0.5 0 1
v 0.7 0 1
v 0.8 0 1
v -0.9 0 0.9
v -0.8 0 0.9
v -0.7 0 0.9
v 0.7 0 0.9
v 0.8 0 0.9
v 0.9 0 0.9
v -1 0 0.8
v -0.9 0 0.8
v -0.8 0 0.8
v 0.8 0 0.8
v 0.9 0 0.8
v 1 0 0.8
v -1.1 0 0.7
v -1 0 0.7
v -0.9 0 0.7
v 0.9 0 0.7
v 1 0 0.7
v 1.1 0 0.7
v -1.2 0 0.5
v -1.1 0 0.5
v -1 0 0.5
v 1 0 0.5
v 1.1 0 0.5
v 1.2 0 0.5
v -1.2 0 0.3
v -1.1 0 0.3
v 1.1 0 0.3
v 1.2 0 0.3
v -1.2 0 -0.3
v -1.1 0 -0.3
v 1.1 0 -0.3
v 1.2 0 -0.3
v -1.2 0 -0.5
v -1.1 0 -0.5
v -1 0 -0.5
v 1 0 -0.5
v 1.1 0 -0.5
v 1.2 0 -0.5
v -1.1 0 -0.7
v -1 0 -0.7
v -0.9 0 -0.7
v 0.9 0 -0.7
v 1 0 -0.7
v 1.1 0 -0.7
v -1 0 -0.8
v -0.9 0 -0.8
v -0.8 0 -0.8
v 0.8 0 -0.8
v 0.9 0 -0.8
v 1 0 -0.8
v -0.9 0 -0.9
v -0.8 0 -0.9
v -0.7 0 -0.9
v 0.7 0 -0.9
v 0.8 0 -0.9
v 0.9 0 -0.9
v -0.8 0 -1
v -0.7 0 -1
v -0.5 0 -1
v 0.5 0 -1
v 0.7 0 -1
v 0.8 0 -1
v -0.7 0 -1.1
v -0.5 0 -1.1
v -0.3 0 -1.1
v 0.3 0 -1.1
v 0.5 0 -1.1
v 0.7 0 -1.1
v -0.5 0 -1.2
v -0.3 0 -1.2
v 0.3 0 -1.2
v 0.5 0 -1.2
v -0.3 0.1 1.3
v -0.2 0.1 1.3
v 0.2 0.1 1.3
v 0.3 0.1 1.3
v -0.6 0.1 1.2
v -0.5 0.1 1.2
v -0.3 0.1 1.2
v -0.2 0.1 1.2
v 0.2 0.1 1.2
v 0.3 0.1 1.2
v 0.5 0.1 1.2
v 0.6 0.1 1.2
v -0.6 0.1 1.1
v -0.5 0.1 1.1
v 0.5 0.1 1.1
v 0.6 0.1 1.1
v -0.9 0.1 1
v -0.8 0.1 1
v 0.8 0.1 1
v 0.9 0.1 1
v -1 0.1 0.9
v -0.9 0.1 0.9
v -0.8 0.1 0.9
v 0.8 0.1 0.9
v 0.9 0.1 0.9
v 1 0.1 0.9
v -1 0.1 0.8
v -0.9 0.1 0.8
v 0.9 0.1 0.8
v 1 0.1 0.8
v -1.2 0.1 0.6
v -1.1 0.1 0.6
v 1.1 0.1 0.6
v 1.2 0.1 0.6
v -1.2 0.1 0.5
v -1.1 0.1 0.5
v 1.1 0.1 0.5
v 1.2 0.1 0.5
v -1.3 0.1 0.3
v -1.2 0.1 0.3
v 1.2 0.1 0.3
v 1.3 0.1 0.3
v -1.3 0.1 -0.3
v -1.2 0.1 -0.3
v 1.2 0.1 -0.3
v 1.3 0.1 -0.3
v -1.2 0.1 -0.5
v -1.1 0.1 -0.5
v 1.1 0.1 -0.5
v 1.2 0.1 -0.5
v -1.2 0.1 -0.6
v -1.1 0.1 -0.6
v 1.1 0.1 -0.6
v 1.2 0.1 -0.6
v -1 0.1 -0.8
v -0.9 0.1 -0.8
v 0.9 0.1 -0.8
v 1 0.1 -0.8
v -1 0.1 -0.9
v -0.9 0.1 -0.9
v -0.8 0.1 -0.9
v 0.8 0.1 -0.9
v 0.9 0.1 -0.9
v 1 0.1 -0.9
v -0.9 0.1 -1
v -0.8 0.1 -1
v 0.8 0.1 -1
v 0.9 0.1 -1
v -0.6 0.1 -1.1
v -0.5 0.1 -1.1
v 0.5 0.1 -1.1
v 0.6 0.1 -1.1
v -0.6 0.1 -1.2
v -0.5 0.1 -1.2
v -0.3 0.1 -1.2
v 0.3 0.1 -1.2
v 0.5 0.1 -1.2
v 0.6 0.1 -1.2
v -0.3 0.1 -1.3
v 0.3 0.1 -1.3
v -0.4 0.2 1.3
v -0.3 0.2 1.3
v 0.3 0.2 1.3
v 0.4 0.2 1.3
v -0.7 0.2 1.2
v -0.6 0.2 1.2
v -0.4 0.2 1.2
v -0.3 0.2 1.2
v 0.3 0.2 1.2
v 0.4 0.2 1.2
v 0.6 0.2 1.2
v 0.7 0.2 1.2
v -0.8 0.2 1.1
v -0.7 0.2 1.1
v -0.6 0.2 1.1
v 0.6 0.2 1.1
v 0.7 0.2 1.1
v 0.8 0.2 1.1
v -0.8 0.2 1
v -0.7 0.2 1
v 0.7 0.2 1
v 0.8 0.2 1
v -1.1 0.2 0.8
v -1 0.2 0.8
v 1 0.2 0.8
v 1.1 0.2 0.8
v -1.2 0.2 0.7
v -1.1 0.2 0.7
v -1 0.2 0.7
v 1 0.2 0.7
v 1.1 0.2 0.7
v 1.2 0.2 0.7
v -1.2 0.2 0.6
v -1.1 0.2 0.6
v 1.1 0.2 0.6
v 1.2 0.2 0.6
v -1.3 0.2 0.4
v -1.2 0.2 0.4
v 1.2 0.2 0.4
v 1.3 0.2 0.4
v -1.3 0.2 0.3
v -1.2 0.2 0.3
v -1.1 0.2 0.3
v -1 0.2 0.3
v 1.2 0.2 0.3
v 1.3 0.2 0.3
v -1.1 0.2 0.1
v -1 0.2 0.1
v -1.2 0.2 0
v -1.1 0.2 0
v -1.3 0.2 -0.3
v -1.2 0.2 -0.3
v 1.2 0.2 -0.3
v 1.3 0.2 -0.3
v -1.3 0.2 -0.4
v -1.2 0.2 -0.4
v 1.2 0.2 -0.4
v 1.3 0.2 -0.4
v -1.2 0.2 -0.6
v -1.1 0.2 -0.6
v 1.1 0.2 -0.6
v 1.2 0.2 -0.6
v -1.2 0.2 -0.7
v -1.1 0.2 -0.7
v -1 0.2 -0.7
v 1 0.2 -0.7
v 1.1 0.2 -0.7
v 1.2 0.2 -0.7
v -1.1 0.2 -0.8
v -1 0.2 -0.8
v 1 0.2 -0.8
v 1.1 0.2 -0.8
v -0.8 0.2 -1
v -0.7 0.2 -1
v 0.7 0.2 -1
v 0.8 0.2 -1
v -0.8 0.2 -1.1
v -0.7 0.2 -1.1
v -0.6 0.2 -1.1
v 0.6 0.2 -1.1
v 0.7 0.2 -1.1
v 0.8 0.2 -1.1
v -0.7 0.2 -1.2
v -0.6 0.2 -1.2
v -0.4 0.2 -1.2
v -0.3 0.2 -1.2
v 0.3 0.2 -1.2
v 0.4 0.2 -1.2
v 0.6 0.2 -1.2
v 0.7 0.2 -1.2
v -0.4 0.2 -1.3
v -0.3 0.2 -1.3
v 0.3 0.2 -1.3
v 0.4 0.2 -1.3
v -0.1 0.3 1.4
v 0.1 0.3 1.4
v -0.5 0.3 1.3
v -0.4 0.3 1.3
v -0.1 0.3 1.3
v 0.1 0.3 1.3
v 0.4 0.3 1.3
v 0.5 0.3 1.3
v -0.5 0.3 1.2
v -0.4 0.3 1.2
v 0.4 0.3 1.2
v 0.5 0.3 1.2
v -0.9 0.3 1.1
v -0.8 0.3 1.1
v 0.8 0.3 1.1
v 0.9 0.3 1.1
v -1 0.3 1
v -0.9 0.3 1
v -0.8 0.3 1
v 0.8 0.3 1
v 0.9 0.3 1
v 1 0.3 1
v -1.1 0.3 0.9
v -1 0.3 0.9
v -0.9 0.3 0.9
v 0.9 0.3 0.9
v 1 0.3 0.9
v 1.1 0.3 0.9
v -1.1 0.3 0.8
v -1 0.3 0.8
v 1 0.3 0.8
v 1.1 0.3 0.8
v -1.3 0.3 0.5
v -1.2 0.3 0.5
v 1.2 0.3 0.5
v 1.3 0.3 0.5
v -1.3 0.3 0.4
v -1.2 0.3 0.4
v 1.2 0.3 0.4
v 1.3 0.3 0.4
v -1.4 0.3 0.1
v -1.3 0.3 0.1
v 1.3 0.3 0.1
v 1.4 0.3 0.1
v -1.4 0.3 -0.1
v -1.3 0.3 -0.1
v 1.3 0.3 -0.1
v 1.4 0.3 -0.1
v -1.3 0.3 -0.4
v -1.2 0.3 -0.4
v 1.2 0.3 -0.4
v 1.3 0.3 -0.4
v -1.3 0.3 -0.5
v -1.2 0.3 -0.5
v 1.2 0.3 -0.5
v 1.3 0.3 -0.5
v -1.1 0.3 -0.8
v -1 0.3 -0.8
v 1 0.3 -0.8
v 1.1 0.3 -0.8
v -1.1 0.3 -0.9
v -1 0.3 -0.9
v -0.9 0.3 -0.9
v 0.9 0.3 -0.9
v 1 0.3 -0.9
v 1.1 0.3 -0.9
v -1 0.3 -1
v -0.9 0.3 -1
v -0.8 0.3 -1
v 0.8 0.3 -1
v 0.9 0.3 -1
v 1 0.3 -1
v -0.9 0.3 -1.1
v -0.8 0.3 -1.1
v 0.8 0.3 -1.1
v 0.9 0.3 -1.1
v -0.5 0.3 -1.2
v -0.4 0.3 -1.2
v 0.4 0.3 -1.2
v 0.5 0.3 -1.2
v -0.5 0.3 -1.3
v -0.4 0.3 -1.3
v -0.1 0.3 -1.3
v 0.1 0.3 -1.3
v 0.4 0.3 -1.3
v 0.5 0.3 -1.3
v -0.1 0.3 -1.4
v 0.1 0.3 -1.4
v -0.3 0.4 1.4
v -0.1 0.4 1.4
v 0.1 0.4 1.4
v 0.3 0.4 1.4
v -0.6 0.4 1.3
v -0.5 0.4 1.3
v -0.3 0.4 1.3
v -0.1 0.4 1.3
v 0.1 0.4 1.3
v 0.3 0.4 1.3
v 0.5 0.4 1.3
v 0.6 0.4 1.3
v -0.8 0.4 1.2
v -0.7 0.4 1.2
v -0.6 0.4 1.2
v -0.5 0.4 1.2
v 0.5 0.4 1.2
v 0.6 0.4 1.2
v 0.7 0.4 1.2
v 0.8 0.4 1.2
v -0.8 0.4 1.1
v -0.7 0.4 1.1
v 0.7 0.4 1.1
v 0.8 0.4 1.1
v -1.2 0.4 0.8
v -1.1 0.4 0.8
v 1.1 0.4 0.8
v 1.2 0.4 0.8
v -1.2 0.4 0.7
v -1.1 0.4 0.7
v 1.1 0.4 0.7
v 1.2 0.4 0.7
v -1.3 0.4 0.6
v -1.2 0.4 0.6
v 1.2 0.4 0.6
v 1.3 0.4 0.6
v -1.3 0.4 0.5
v -1.2 0.4 0.5
v 1.2 0.4 0.5
v 1.3 0.4 0.5
v -1.4 0.4 0.3
v -1.3 0.4 0.3
v 1.3 0.4 0.3
v 1.4 0.4 0.3
v -1.4 0.4 0.1
v -1.3 0.4 0.1
v 1.3 0.4 0.1
v 1.4 0.4 0.1
v -1.4 0.4 -0.1
v -1.3 0.4 -0.1
v 1.3 0.4 -0.1
v 1.4 0.4 -0.1
v -1.4 0.4 -0.3
v -1.3 0.4 -0.3
v 1.3 0.4 -0.3
v 1.4 0.4 -0.3
v -1.3 0.4 -0.5
v -1.2 0.4 -0.5
v 1.2 0.4 -0.5
v 1.3 0.4 -0.5
v -1.3 0.4 -0.6
v -1.2 0.4 -0.6
v 1.2 0.4 -0.6
v 1.3 0.4 -0.6
v -1.2 0.4 -0.7
v -1.1 0.4 -0.7
v 1.1 0.4 -0.7
v 1.2 0.4 -0.7
v -1.2 0.4 -0.8
v -1.1 0.4 -0.8
v 1.1 0.4 -0.8
v 1.2 0.4 -0.8
v -0.8 0.4 -1.1
v -0.7 0.4 -1.1
v 0.7 0.4 -1.1
v 0.8 0.4 -1.1
v -0.8 0.4 -1.2
v -0.7 0.4 -1.2
v -0.6 0.4 -1.2
v -0.5 0.4 -1.2
v 0.5 0.4 -1.2
v 0.6 0.4 -1.2
v 0.7 0.4 -1.2
v 0.8 0.4 -1.2
v -0.6 0.4 -1.3
v -0.5 0.4 -1.3
v -0.3 0.4 -1.3
v -0.1 0.4 -1.3
v 0.1 0.4 -1.3
v 0.3 0.4 -1.3
v 0.5 0.4 -1.3
v 0.6 0.4 -1.3
v -0.3 0.4 -1.4
v -0.1 0.4 -1.4
v 0.1 0.4 -1.4
v 0.3 0.4 -1.4
v 0.8 0.5 1
v 0.9 0.5 1
v 0.7 0.5 0.9
v 0.8 0.5 0.9
v 0.9 0.5 0.9
v 1 0.5 0.9
v 0.6 0.5 0.8
v 0.7 0.5 0.8
v 1 0.5 0.7
v 1.1 0.5 0.7
v 1.1 0.5 0.6
v 1.2 0.5 0.6
v -1.2 0.5 0.5
v -1.1 0.5 0.5
v 1.1 0.5 0.5
v 1.2 0.5 0.5
v -1.1 0.5 0.4
v -1 0.5 0.4
v 0.6 0.5 0.4
v 0.7 0.5 0.4
v 1 0.5 0.4
v 1.1 0.5 0.4
v -1.3 0.5 0.3
v -1.2 0.5 0.3
v -1 0.5 0.3
v -0.9 0.5 0.3
v 0.7 0.5 0.3
v 1 0.5 0.3
v -1 0.5 0.1
v -0.9 0.5 0.1
v -1.1 0.5 0
v -1 0.5 0
v -1.2 0.5 -0.1
v -1.1 0.5 -0.1
v -1.3 0.5 -0.2
v -1.2 0.5 -0.2
v -0.4 0.6 1.4
v -0.3 0.6 1.4
v 0.3 0.6 1.4
v 0.4 0.6 1.4
v -0.4 0.6 1.3
v -0.3 0.6 1.3
v 0.3 0.6 1.3
v 0.4 0.6 1.3
v -1.1 0.6 1.1
v -0.9 0.6 1.1
v 0.9 0.6 1.1
v 1.1 0.6 1.1
v -1.2 0.6 1
v -1.1 0.6 1
v -1 0.6 1
v -0.9 0.6 1
v 0.9 0.6 1
v 1 0.6 1
v 1.1 0.6 1
v 1.2 0.6 1
v -1.1 0.6 0.9
v -1 0.6 0.9
v 1 0.6 0.9
v 1.1 0.6 0.9
v -1.2 0.6 0.8
v -1.1 0.6 0.8
v 1.1 0.6 0.8
v 1.2 0.6 0.8
v -1.4 0.6 0.4
v -1.3 0.6 0.4
v 1.3 0.6 0.4
v 1.4 0.6 0.4
v -1.4 0.6 0.3
v -1.3 0.6 0.3
v 1.3 0.6 0.3
v 1.4 0.6 0.3
v -1.4 0.6 -0.3
v -1.3 0.6 -0.3
v 1.3 0.6 -0.3
v 1.4 0.6 -0.3
v -1.4 0.6 -0.4
v -1.3 0.6 -0.4
v 1.3 0.6 -0.4
v 1.4 0.6 -0.4
v -1.2 0.6 -0.8
v -1.1 0.6 -0.8
v 1.1 0.6 -0.8
v 1.2 0.6 -0.8
v -1.1 0.6 -0.9
v -1 0.6 -0.9
v 1 0.6 -0.9
v 1.1 0.6 -0.9
v -1 0.6 -1
v -0.9 0.6 -1
v 0.9 0.6 -1
v 1 0.6 -1
v 1.1 0.6 -1
v 1.2 0.6 -1
v -1.2 0.6 -1.1
v -1.1 0.6 -1.1
v -0.9 0.6 -1.1
v -0.8 0.6 -1.1
v 0.9 0.6 -1.1
v 1.1 0.6 -1.1
v -1.1 0.6 -1.2
v -0.8 0.6 -1.2
v -0.4 0.6 -1.3
v -0.3 0.6 -1.3
v 0.3 0.6 -1.3
v 0.4 0.6 -1.3
v -0.4 0.6 -1.4
v -0.3 0.6 -1.4
v 0.3 0.6 -1.4
v 0.4 0.6 -1.4
v -0.1 -0.6 0.4
v 0.1 -0.6 0.4
v -0.3 -0.6 0.3
v -0.1 -0.6 0.3
v 0.1 -0.6 0.3
v 0.3 -0.6 0.3
v -0.4 -0.6 0.1
v -0.3 -0.6 0.1
v -0.1 -0.6 0.1
v 0.1 -0.6 0.1
v 0.3 -0.6 0.1
v 0.4 -0.6 0.1
v -0.2 -0.6 0
v -0.1 -0.6 0
v 0.1 -0.6 0
v 0.2 -0.6 0
v -0.4 -0.6 -0.1
v -0.3 -0.6 -0.1
v -0.1 -0.6 -0.1
v 0.1 -0.6 -0.1
v 0.3 -0.6 -0.1
v 0.4 -0.6 -0.1
v -0.2 -0.6 -0.2
v 0.2 -0.6 -0.2
v -0.3 -0.6 -0.3
v -0.1 -0.6 -0.3
v 0.1 -0.6 -0.3
v 0.3 -0.6 -0.3
v -0.1 -0.6 -0.4
v 0.1 -0.6 -0.4
v -0.3 -0.5 0.6
v -0.2 -0.5 0.6
v 0.2 -0.5 0.6
v 0.3 -0.5 0.6
v -0.4 -0.5 0.5
v -0.3 -0.5 0.5
v -0.2 -0.5 0.5
v 0.2 -0.5 0.5
v 0.3 -0.5 0.5
v 0.4 -0.5 0.5
v -0.5 -0.5 0.4
v -0.4 -0.5 0.4
v -0.1 -0.5 0.4
v 0.1 -0.5 0.4
v 0.4 -0.5 0.4
v 0.5 -0.5 0.4
v -0.6 -0.5 0.3
v -0.5 -0.5 0.3
v -0.3 -0.5 0.3
v -0.1 -0.5 0.3
v 0.1 -0.5 0.3
v 0.3 -0.5 0.3
v 0.5 -0.5 0.3
v 0.6 -0.5 0.3
v -0.4 -0.5 0.1
v -0.3 -0.5 0.1
v 0.3 -0.5 0.1
v 0.4 -0.5 0.1
v -0.2 -0.5 0
v -0.1 -0.5 0
v 0.1 -0.5 0
v 0.2 -0.5 0
v -0.4 -0.5 -0.1
v -0.3 -0.5 -0.1
v -0.1 -0.5 -0.1
v 0.1 -0.5 -0.1
v 0.3 -0.5 -0.1
v 0.4 -0.5 -0.1
v -0.2 -0.5 -0.2
v 0.2 -0.5 -0.2
v -0.6 -0.5 -0.3
v -0.5 -0.5 -0.3
v -0.3 -0.5 -0.3
v -0.1 -0.5 -0.3
v 0.1 -0.5 -0.3
v 0.3 -0.5 -0.3
v 0.5 -0.5 -0.3
v 0.6 -0.5 -0.3
v -0.5 -0.5 -0.4
v -0.4 -0.5 -0.4
v -0.1 -0.5 -0.4
v 0.1 -0.5 -0.4
v 0.4 -0.5 -0.4
v 0.5 -0.5 -0.4
v -0.4 -0.5 -0.5
v -0.3 -0.5 -0.5
v 0.3 -0.5 -0.5
v 0.4 -0.5 -0.5
v -0.3 -0.5 -0.6
v 0.3 -0.5 -0.6
v -0.2 -0.4 0.8
v 0.2 -0.4 0.8
v -0.4 -0.4 0.7
v -0.2 -0.4 0.7
v 0.2 -0.4 0.7
v 0.4 -0.4 0.7
v -0.5 -0.4 0.6
v -0.4 -0.4 0.6
v -0.3 -0.4 0.6
v 0.3 -0.4 0.6
v 0.4 -0.4 0.6
v 0.5 -0.4 0.6
v -0.6 -0.4 0.5
v -0.5 -0.4 0.5
v -0.4 -0.4 0.5
v -0.3 -0.4 0.5
v 0.3 -0.4 0.5
v 0.4 -0.4 0.5
v 0.5 -0.4 0.5
v 0.6 -0.4 0.5
v -0.7 -0.4 0.4
v -0.6 -0.4 0.4
v -0.5 -0.4 0.4
v -0.4 -0.4 0.4
v 0.4 -0.4 0.4
v 0.5 -0.4 0.4
v 0.6 -0.4 0.4
v -0.6 -0.4 0.3
v -0.5 -0.4 0.3
v 0.5 -0.4 0.3
v 0.6 -0.4 0.3
v 0.7 -0.4 0.3
v -0.8 -0.4 0.2
v -0.7 -0.4 0.2
v 0.7 -0.4 0.2
v 0.8 -0.4 0.2
v -0.8 -0.4 -0.2
v -0.7 -0.4 -0.2
v 0.7 -0.4 -0.2
v 0.8 -0.4 -0.2
v -0.6 -0.4 -0.3
v -0.5 -0.4 -0.3
v 0.5 -0.4 -0.3
v 0.6 -0.4 -0.3
v -0.7 -0.4 -0.4
v -0.6 -0.4 -0.4
v -0.5 -0.4 -0.4
v 0.4 -0.4 -0.4
v 0.5 -0.4 -0.4
v 0.6 -0.4 -0.4
v 0.7 -0.4 -0.4
v -0.6 -0.4 -0.5
v -0.5 -0.4 -0.5
v -0.4 -0.4 -0.5
v -0.3 -0.4 -0.5
v 0.3 -0.4 -0.5
v 0.4 -0.4 -0.5
v 0.5 -0.4 -0.5
v 0.6 -0.4 -0.5
v -0.5 -0.4 -0.6
v -0.4 -0.4 -0.6
v -0.3 -0.4 -0.6
v 0.3 -0.4 -0.6
v 0.4 -0.4 -0.6
v 0.5 -0.4 -0.6
v -0.4 -0.4 -0.7
v -0.2 -0.4 -0.7
v 0.2 -0.4 -0.7
v 0.4 -0.4 -0.7
v -0.2 -0.4 -0.8
v 0.2 -0.4 -0.8
v -0.3 -0.3 0.9
v -0.2 -0.3 0.9
v 0.2 -0.3 0.9
v 0.3 -0.3 0.9
v -0.5 -0.3 0.8
v -0.3 -0.3 0.8
v -0.2 -0.3 0.8
v 0.2 -0.3 0.8
v 0.3 -0.3 0.8
v 0.5 -0.3 0.8
v -0.6 -0.3 0.7
v -0.5 -0.3 0.7
v -0.4 -0.3 0.7
v -0.2 -0.3 0.7
v 0.2 -0.3 0.7
v 0.4 -0.3 0.7
v 0.5 -0.3 0.7
v 0.6 -0.3 0.7
v -0.7 -0.3 0.6
v -0.6 -0.3 0.6
v -0.5 -0.3 0.6
v -0.4 -0.3 0.6
v 0.4 -0.3 0.6
v 0.5 -0.3 0.6
v 0.6 -0.3 0.6
v 0.7 -0.3 0.6
v -0.8 -0.3 0.5
v -0.7 -0.3 0.5
v -0.6 -0.3 0.5
v -0.5 -0.3 0.5
v 0.5 -0.3 0.5
v 0.6 -0.3 0.5
v 0.7 -0.3 0.5
v 0.8 -0.3 0.5
v -0.7 -0.3 0.4
v -0.6 -0.3 0.4
v 0.6 -0.3 0.4
v 0.7 -0.3 0.4
v -0.9 -0.3 0.3
v -0.8 -0.3 0.3
v 0.7 -0.3 0.3
v 0.8 -0.3 0.3
v 0.9 -0.3 0.3
v -0.8 -0.3 0.2
v -0.7 -0.3 0.2
v 0.7 -0.3 0.2
v 0.8 -0.3 0.2
v -0.8 -0.3 -0.2
v -0.7 -0.3 -0.2
v 0.7 -0.3 -0.2
v 0.8 -0.3 -0.2
v -0.9 -0.3 -0.3
v -0.8 -0.3 -0.3
v 0.8 -0.3 -0.3
v 0.9 -0.3 -0.3
v -0.7 -0.3 -0.4
v 0.6 -0.3 -0.4
v 0.7 -0.3 -0.4
v -0.8 -0.3 -0.5
v -0.7 -0.3 -0.5
v -0.6 -0.3 -0.5
v -0.5 -0.3 -0.5
v 0.5 -0.3 -0.5
v 0.6 -0.3 -0.5
v 0.7 -0.3 -0.5
v 0.8 -0.3 -0.5
v -0.7 -0.3 -0.6
v -0.6 -0.3 -0.6
v -0.5 -0.3 -0.6
v -0.4 -0.3 -0.6
v 0.4 -0.3 -0.6
v 0.5 -0.3 -0.6
v 0.6 -0.3 -0.6
v 0.7 -0.3 -0.6
v -0.5 -0.3 -0.7
v -0.4 -0.3 -0.7
v -0.2 -0.3 -0.7
v 0.2 -0.3 -0.7
v 0.4 -0.3 -0.7
v 0.5 -0.3 -0.7
v 0.6 -0.3 -0.7
v -0.5 -0.3 -0.8
v -0.3 -0.3 -0.8
v -0.2 -0.3 -0.8
v 0.2 -0.3 -0.8
v 0.3 -0.3 -0.8
v 0.5 -0.3 -0.8
v -0.3 -0.3 -0.9
v 0.3 -0.3 -0.9
v -0.3 -0.2 1
v -0.2 -0.2 1
v 0.2 -0.2 1
v 0.3 -0.2 1
v -0.5 -0.2 0.9
v -0.3 -0.2 0.9
v 0.3 -0.2 0.9
v 0.5 -0.2 0.9
v -0.6 -0.2 0.8
v -0.5 -0.2 0.8
v -0.3 -0.2 0.8
v 0.3 -0.2 0.8
v 0.5 -0.2 0.8
v 0.6 -0.2 0.8
v -0.7 -0.2 0.7
v -0.6 -0.2 0.7
v -0.5 -0.2 0.7
v 0.5 -0.2 0.7
v 0.6 -0.2 0.7
v 0.7 -0.2 0.7
v -0.8 -0.2 0.6
v -0.7 -0.2 0.6
v -0.6 -0.2 0.6
v 0.6 -0.2 0.6
v 0.7 -0.2 0.6
v 0.8 -0.2 0.6
v -0.9 -0.2 0.5
v -0.8 -0.2 0.5
v -0.7 -0.2 0.5
v 0.7 -0.2 0.5
v 0.8 -0.2 0.5
v 0.9 -0.2 0.5
v -1 -0.2 0.3
v -0.9 -0.2 0.3
v -0.8 -0.2 0.3
v 0.8 -0.2 0.3
v 0.9 -0.2 0.3
v 1 -0.2 0.3
v -1 -0.2 -0.3
v -0.9 -0.2 -0.3
v -0.8 -0.2 -0.3
v 0.8 -0.2 -0.3
v 0.9 -0.2 -0.3
v 1 -0.2 -0.3
v -0.9 -0.2 -0.5
v -0.8 -0.2 -0.5
v -0.7 -0.2 -0.5
v 0.7 -0.2 -0.5
v 0.8 -0.2 -0.5
v 0.9 -0.2 -0.5
v -0.8 -0.2 -0.6
v -0.7 -0.2 -0.6
v -0.6 -0.2 -0.6
v 0.6 -0.2 -0.6
v 0.7 -0.2 -0.6
v 0.8 -0.2 -0.6
v -0.7 -0.2 -0.7
v -0.6 -0.2 -0.7
v -0.5 -0.2 -0.7
v 0.5 -0.2 -0.7
v 0.6 -0.2 -0.7
v 0.7 -0.2 -0.7
v -0.6 -0.2 -0.8
v -0.5 -0.2 -0.8
v -0.3 -0.2 -0.8
v 0.3 -0.2 -0.8
v 0.5 -0.2 -0.8
v 0.6 -0.2 -0.8
v -0.5 -0.2 -0.9
v -0.3 -0.2 -0.9
v 0.3 -0.2 -0.9
v 0.5 -0.2 -0.9
v -0.3 -0.2 -1
v 0.3 -0.2 -1
v -0.2 -0.1 1.1
v 0.2 -0.1 1.1
v -0.5 -0.1 1
v -0.3 -0.1 1
v -0.2 -0.1 1
v 0.2 -0.1 1
v 0.3 -0.1 1
v 0.5 -0.1 1
v -0.6 -0.1 0.9
v -0.5 -0.1 0.9
v -0.3 -0.1 0.9
v 0.3 -0.1 0.9
v 0.5 -0.1 0.9
v 0.6 -0.1 0.9
v -0.8 -0.1 0.8
v -0.6 -0.1 0.8
v -0.5 -0.1 0.8
v 0.5 -0.1 0.8
v 0.6 -0.1 0.8
v 0.8 -0.1 0.8
v -0.7 -0.1 0.7
v -0.6 -0.1 0.7
v 0.6 -0.1 0.7
v 0.7 -0.1 0.7
v -0.9 -0.1 0.6
v -0.8 -0.1 0.6
v -0.7 -0.1 0.6
v 0.7 -0.1 0.6
v 0.8 -0.1 0.6
v 0.9 -0.1 0.6
v -1 -0.1 0.5
v -0.9 -0.1 0.5
v -0.8 -0.1 0.5
v 0.8 -0.1 0.5
v 0.9 -0.1 0.5
v 1 -0.1 0.5
v -1 -0.1 0.3
v -0.9 -0.1 0.3
v 0.9 -0.1 0.3
v 1 -0.1 0.3
v -1.1 -0.1 0.2
v -1 -0.1 0.2
v 1 -0.1 0.2
v 1.1 -0.1 0.2
v -1.1 -0.1 -0.2
v -1 -0.1 -0.2
v 1 -0.1 -0.2
v 1.1 -0.1 -0.2
v -1 -0.1 -0.3
v -0.9 -0.1 -0.3
v 0.9 -0.1 -0.3
v 1 -0.1 -0.3
v -0.5 -0.1 -0.4
v -0.4 -0.1 -0.4
v -1 -0.1 -0.5
v -0.9 -0.1 -0.5
v -0.8 -0.1 -0.5
v -0.5 -0.1 -0.5
v -0.4 -0.1 -0.5
v 0.8 -0.1 -0.5
v 0.9 -0.1 -0.5
v 1 -0.1 -0.5
v -0.9 -0.1 -0.6
v -0.8 -0.1 -0.6
v -0.7 -0.1 -0.6
v -0.6 -0.1 -0.6
v -0.5 -0.1 -0.6
v 0.8 -0.1 -0.6
v 0.9 -0.1 -0.6
v -0.7 -0.1 -0.7
v -0.6 -0.1 -0.7
v -0.5 -0.1 -0.7
v -0.8 -0.1 -0.8
v -0.6 -0.1 -0.8
v -0.5 -0.1 -0.8
v 0.5 -0.1 -0.8
v 0.6 -0.1 -0.8
v -0.6 -0.1 -0.9
v -0.5 -0.1 -0.9
v -0.3 -0.1 -0.9
v 0.3 -0.1 -0.9
v 0.5 -0.1 -0.9
v 0.6 -0.1 -0.9
v -0.5 -0.1 -1
v -0.3 -0.1 -1
v -0.2 -0.1 -1
v 0.2 -0.1 -1
v 0.3 -0.1 -1
v 0.5 -0.1 -1
v -0.2 -0.1 -1.1
v 0.2 -0.1 -1.1
v -0.4 0 1.1
v -0.2 0 1.1
v 0.2 0 1.1
v 0.4 0 1.1
v -0.6 0 1
v -0.5 0 1
v -0.4 0 1
v -0.2 0 1
v 0.2 0 1
v 0.4 0 1
v 0.5 0 1
v 0.6 0 1
v -0.7 0 0.9
v -0.6 0 0.9
v -0.5 0 0.9
v 0.5 0 0.9
v 0.6 0 0.9
v 0.7 0 0.9
v -0.7 0 0.8
v -0.6 0 0.8
v 0.6 0 0.8
v 0.7 0 0.8
v -0.9 0 0.7
v -0.8 0 0.7
v 0.8 0 0.7
v 0.9 0 0.7
v -1 0 0.6
v -0.9 0 0.6
v -0.8 0 0.6
v 0.8 0 0.6
v 0.9 0 0.6
v 1 0 0.6
v -1 0 0.5
v -0.9 0 0.5
v 0.9 0 0.5
v 1 0 0.5
v -1.1 0 0.4
v -1 0 0.4
v 1 0 0.4
v 1.1 0 0.4
v -1.1 0 0.2
v -1 0 0.2
v 1 0 0.2
v 1.1 0 0.2
v -1.1 0 -0.2
v -1 0 -0.2
v 1 0 -0.2
v 1.1 0 -0.2
v -1.1 0 -0.4
v -1 0 -0.4
v 1 0 -0.4
v 1.1 0 -0.4
v -1 0 -0.5
v -0.9 0 -0.5
v 0.9 0 -0.5
v 1 0 -0.5
v -1 0 -0.6
v -0.9 0 -0.6
v -0.8 0 -0.6
v 0.7 0 -0.6
v 0.8 0 -0.6
v 0.9 0 -0.6
v 1 0 -0.6
v -0.9 0 -0.7
v -0.8 0 -0.7
v 0.6 0 -0.7
v 0.7 0 -0.7
v 0.8 0 -0.7
v 0.9 0 -0.7
v -0.7 0 -0.8
v -0.6 0 -0.8
v 0.6 0 -0.8
v 0.7 0 -0.8
v -0.7 0 -0.9
v -0.6 0 -0.9
v -0.5 0 -0.9
v 0.5 0 -0.9
v 0.6 0 -0.9
v 0.7 0 -0.9
v -0.6 0 -1
v -0.5 0 -1
v -0.4 0 -1
v -0.2 0 -1
v 0.2 0 -1
v 0.4 0 -1
v 0.5 0 -1
v 0.6 0 -1
v -0.4 0 -1.1
v -0.2 0 -1.1
v 0.2 0 -1.1
v 0.4 0 -1.1
v -0.3 0.1 1.2
v -0.2 0.1 1.2
v 0.2 0.1 1.2
v 0.3 0.1 1.2
v -0.5 0.1 1.1
v -0.4 0.1 1.1
v -0.3 0.1 1.1
v 0.3 0.1 1.1
v 0.4 0.1 1.1
v 0.5 0.1 1.1
v -0.7 0.1 1
v -0.6 0.1 1
v -0.5 0.1 1
v -0.4 0.1 1
v 0.4 0.1 1
v 0.5 0.1 1
v 0.6 0.1 1
v 0.7 0.1 1
v -0.8 0.1 0.9
v -0.7 0.1 0.9
v -0.6 0.1 0.9
v 0.6 0.1 0.9
v 0.7 0.1 0.9
v 0.8 0.1 0.9
v -0.9 0.1 0.8
v -0.8 0.1 0.8
v -0.7 0.1 0.8
v 0.7 0.1 0.8
v 0.8 0.1 0.8
v 0.9 0.1 0.8
v -1 0.1 0.7
v -0.9 0.1 0.7
v -0.8 0.1 0.7
v 0.8 0.1 0.7
v 0.9 0.1 0.7
v 1 0.1 0.7
v -1 0.1 0.6
v -0.9 0.1 0.6
v 0.9 0.1 0.6
v 1 0.1 0.6
v -1.1 0.1 0.5
v -1 0.1 0.5
v 1 0.1 0.5
v 1.1 0.1 0.5
v -1.1 0.1 0.4
v -1 0.1 0.4
v 1 0.1 0.4
v 1.1 0.1 0.4
v -1.2 0.1 0.3
v -1.1 0.1 0.3
v 1.1 0.1 0.3
v 1.2 0.1 0.3
v -1.2 0.1 -0.3
v -1.1 0.1 -0.3
v 1.1 0.1 -0.3
v 1.2 0.1 -0.3
v -1.1 0.1 -0.4
v -1 0.1 -0.4
v 1 0.1 -0.4
v 1.1 0.1 -0.4
v -1.1 0.1 -0.5
v -1 0.1 -0.5
v 1 0.1 -0.5
v 1.1 0.1 -0.5
v -1 0.1 -0.6
v -0.9 0.1 -0.6
v 0.9 0.1 -0.6
v 1 0.1 -0.6
v -1 0.1 -0.7
v -0.9 0.1 -0.7
v -0.8 0.1 -0.7
v 0.7 0.1 -0.7
v 0.8 0.1 -0.7
v 0.9 0.1 -0.7
v 1 0.1 -0.7
v -0.9 0.1 -0.8
v -0.8 0.1 -0.8
v -0.7 0.1 -0.8
v 0.7 0.1 -0.8
v 0.8 0.1 -0.8
v 0.9 0.1 -0.8
v -0.8 0.1 -0.9
v -0.7 0.1 -0.9
v -0.6 0.1 -0.9
v 0.6 0.1 -0.9
v 0.7 0.1 -0.9
v 0.8 0.1 -0.9
v -0.7 0.1 -1
v -0.6 0.1 -1
v -0.5 0.1 -1
v -0.4 0.1 -1
v 0.4 0.1 -1
v 0.5 0.1 -1
v 0.6 0.1 -1
v 0.7 0.1 -1
v -0.5 0.1 -1.1
v -0.4 0.1 -1.1
v -0.3 0.1 -1.1
v 0.3 0.1 -1.1
v 0.4 0.1 -1.1
v 0.5 0.1 -1.1
v -0.3 0.1 -1.2
v 0.3 0.1 -1.2
v -0.4 0.2 1.2
v -0.3 0.2 1.2
v 0.3 0.2 1.2
v 0.4 0.2 1.2
v -0.6 0.2 1.1
v -0.5 0.2 1.1
v -0.4 0.2 1.1
v -0.3 0.2 1.1
v 0.3 0.2 1.1
v 0.4 0.2 1.1
v 0.5 0.2 1.1
v 0.6 0.2 1.1
v -0.8 0.2 1
v -0.7 0.2 1
v -0.6 0.2 1
v -0.5 0.2 1
v 0.5 0.2 1
v 0.6 0.2 1
v 0.7 0.2 1
v 0.8 0.2 1
v -0.9 0.2 0.9
v -0.8 0.2 0.9
v -0.7 0.2 0.9
v 0.7 0.2 0.9
v 0.8 0.2 0.9
v 0.9 0.2 0.9
v -1 0.2 0.8
v -0.9 0.2 0.8
v -0.8 0.2 0.8
v 0.8 0.2 0.8
v 0.9 0.2 0.8
v 1 0.2 0.8
v -1 0.2 0.7
v -0.9 0.2 0.7
v 0.9 0.2 0.7
v 1 0.2 0.7
v -1.1 0.2 0.6
v -1 0.2 0.6
v 1 0.2 0.6
v 1.1 0.2 0.6
v -1.1 0.2 0.5
v -1 0.2 0.5
v 1 0.2 0.5
v 1.1 0.2 0.5
v 1.1 0.2 0.4
v 1.2 0.2 0.4
v 1.1 0.2 0.3
v 1.2 0.2 0.3
v -1.2 0.2 -0.3
v -1.1 0.2 -0.3
v 1.1 0.2 -0.3
v 1.2 0.2 -0.3
v -1.2 0.2 -0.4
v -1.1 0.2 -0.4
v -0.7 0.2 -0.4
v -0.6 0.2 -0.4
v 1.1 0.2 -0.4
v 1.2 0.2 -0.4
v -1.1 0.2 -0.5
v -1 0.2 -0.5
v -0.7 0.2 -0.5
v -0.6 0.2 -0.5
v 1 0.2 -0.5
v 1.1 0.2 -0.5
v -1.1 0.2 -0.6
v -1 0.2 -0.6
v 1 0.2 -0.6
v 1.1 0.2 -0.6
v -1 0.2 -0.7
v -0.9 0.2 -0.7
v 0.9 0.2 -0.7
v 1 0.2 -0.7
v -1 0.2 -0.8
v -0.9 0.2 -0.8
v -0.8 0.2 -0.8
v 0.8 0.2 -0.8
v 0.9 0.2 -0.8
v 1 0.2 -0.8
v -0.9 0.2 -0.9
v -0.8 0.2 -0.9
v -0.7 0.2 -0.9
v 0.7 0.2 -0.9
v 0.8 0.2 -0.9
v 0.9 0.2 -0.9
v -0.8 0.2 -1
v -0.7 0.2 -1
v -0.6 0.2 -1
v -0.5 0.2 -1
v 0.5 0.2 -1
v 0.6 0.2 -1
v 0.7 0.2 -1
v 0.8 0.2 -1
v -0.6 0.2 -1.1
v -0.5 0.2 -1.1
v -0.4 0.2 -1.1
v -0.3 0.2 -1.1
v 0.3 0.2 -1.1
v 0.4 0.2 -1.1
v 0.5 0.2 -1.1
v 0.6 0.2 -1.1
v -0.4 0.2 -1.2
v -0.3 0.2 -1.2
v 0.3 0.2 -1.2
v 0.4 0.2 -1.2
v -0.1 0.3 1.3
v 0.1 0.3 1.3
v -0.5 0.3 1.2
v -0.4 0.3 1.2
v -0.1 0.3 1.2
v 0.1 0.3 1.2
v 0.4 0.3 1.2
v 0.5 0.3 1.2
v -0.7 0.3 1.1
v -0.6 0.3 1.1
v -0.5 0.3 1.1
v -0.4 0.3 1.1
v 0.4 0.3 1.1
v 0.5 0.3 1.1
v 0.6 0.3 1.1
v 0.7 0.3 1.1
v -0.7 0.3 1
v -0.6 0.3 1
v 0.6 0.3 1
v 0.7 0.3 1
v -1.1 0.3 0.7
v -1 0.3 0.7
v 1 0.3 0.7
v 1.1 0.3 0.7
v -1.1 0.3 0.6
v -1 0.3 0.6
v 1 0.3 0.6
v 1.1 0.3 0.6
v -1.2 0.3 0.5
v -1.1 0.3 0.5
v 1.1 0.3 0.5
v 1.2 0.3 0.5
v -1.2 0.3 0.4
v -1.1 0.3 0.4
v 1.1 0.3 0.4
v 1.2 0.3 0.4
v -1.1 0.3 0.3
v -1 0.3 0.3
v -1.3 0.3 0.1
v -1.2 0.3 0.1
v -1.1 0.3 0.1
v -1 0.3 0.1
v 1.2 0.3 0.1
v 1.3 0.3 0.1
v -1.2 0.3 0
v -1.1 0.3 0
v -1.3 0.3 -0.1
v -1.2 0.3 -0.1
v 1.2 0.3 -0.1
v 1.3 0.3 -0.1
v -1.2 0.3 -0.4
v -1.1 0.3 -0.4
v 1.1 0.3 -0.4
v 1.2 0.3 -0.4
v -1.2 0.3 -0.5
v -1.1 0.3 -0.5
v 1.1 0.3 -0.5
v 1.2 0.3 -0.5
v -1.1 0.3 -0.6
v -1 0.3 -0.6
v 1 0.3 -0.6
v 1.1 0.3 -0.6
v -1.1 0.3 -0.7
v -1 0.3 -0.7
v 1 0.3 -0.7
v 1.1 0.3 -0.7
v -0.7 0.3 -1
v -0.6 0.3 -1
v 0.6 0.3 -1
v 0.7 0.3 -1
v -0.7 0.3 -1.1
v -0.6 0.3 -1.1
v -0.5 0.3 -1.1
v -0.4 0.3 -1.1
v 0.4 0.3 -1.1
v 0.5 0.3 -1.1
v 0.6 0.3 -1.1
v 0.7 0.3 -1.1
v -0.5 0.3 -1.2
v -0.4 0.3 -1.2
v -0.1 0.3 -1.2
v 0.1 0.3 -1.2
v 0.4 0.3 -1.2
v 0.5 0.3 -1.2
v -0.1 0.3 -1.3
v 0.1 0.3 -1.3
v -0.3 0.4 1.3
v -0.1 0.4 1.3
v 0.1 0.4 1.3
v 0.3 0.4 1.3
v -0.6 0.4 1.2
v -0.5 0.4 1.2
v -0.3 0.4 1.2
v -0.1 0.4 1.2
v 0.1 0.4 1.2
v 0.3 0.4 1.2
v 0.5 0.4 1.2
v 0.6 0.4 1.2
v -0.6 0.4 1.1
v -0.5 0.4 1.1
v 0.5 0.4 1.1
v 0.6 0.4 1.1
v -0.9 0.4 1
v -0.8 0.4 1
v 0.8 0.4 1
v 0.9 0.4 1
v -1 0.4 0.9
v -0.9 0.4 0.9
v -0.8 0.4 0.9
v 0.8 0.4 0.9
v 0.9 0.4 0.9
v 1 0.4 0.9
v -1 0.4 0.8
v -0.9 0.4 0.8
v 0.9 0.4 0.8
v 1 0.4 0.8
v -1.2 0.4 0.6
v -1.1 0.4 0.6
v 1.1 0.4 0.6
v 1.2 0.4 0.6
v -1.2 0.4 0.5
v -1.1 0.4 0.5
v 1.1 0.4 0.5
v 1.2 0.4 0.5
v -1.3 0.4 0.3
v -1.2 0.4 0.3
v 1.2 0.4 0.3
v 1.3 0.4 0.3
v -1.3 0.4 0.1
v -1.2 0.4 0.1
v 1.2 0.4 0.1
v 1.3 0.4 0.1
v -1.3 0.4 -0.1
v -1.2 0.4 -0.1
v 1.2 0.4 -0.1
v 1.3 0.4 -0.1
v -1.3 0.4 -0.3
v -1.2 0.4 -0.3
v 1.2 0.4 -0.3
v 1.3 0.4 -0.3
v -1.2 0.4 -0.5
v -1.1 0.4 -0.5
v 1.1 0.4 -0.5
v 1.2 0.4 -0.5
v -1.2 0.4 -0.6
v -1.1 0.4 -0.6
v 1.1 0.4 -0.6
v 1.2 0.4 -0.6
v -1 0.4 -0.8
v -0.9 0.4 -0.8
v 0.9 0.4 -0.8
v 1 0.4 -0.8
v -1 0.4 -0.9
v -0.9 0.4 -0.9
v -0.8 0.4 -0.9
v 0.8 0.4 -0.9
v 0.9 0.4 -0.9
v 1 0.4 -0.9
v -0.9 0.4 -1
v -0.8 0.4 -1
v 0.8 0.4 -1
v 0.9 0.4 -1
v -0.6 0.4 -1.1
v -0.5 0.4 -1.1
v 0.5 0.4 -1.1
v 0.6 0.4 -1.1
v -0.6 0.4 -1.2
v -0.5 0.4 -1.2
v -0.3 0.4 -1.2
v -0.1 0.4 -1.2
v 0.1 0.4 -1.2
v 0.3 0.4 -1.2
v 0.5 0.4 -1.2
v 0.6 0.4 -1.2
v -0.3 0.4 -1.3
v -0.1 0.4 -1.3
v 0.1 0.4 -1.3
v 0.3 0.4 -1.3
v -0.8 0.5 1.1
v -0.7 0.5 1.1
v 0.7 0.5 1.1
v 0.8 0.5 1.1
v -0.8 0.5 1
v -0.7 0.5 1
v 0.7 0.5 1
v 0.8 0.5 1
v -1.1 0.5 0.8
v -1 0.5 0.8
v -1.1 0.5 0.7
v -1 0.5 0.7
v -1.1 0.5 -0.7
v -1 0.5 -0.7
v 1 0.5 -0.7
v 1.1 0.5 -0.7
v -1.1 0.5 -0.8
v -1 0.5 -0.8
v 1 0.5 -0.8
v 1.1 0.5 -0.8
v -0.8 0.5 -1
v -0.7 0.5 -1
v 0.7 0.5 -1
v 0.8 0.5 -1
v -0.8 0.5 -1.1
v -0.7 0.5 -1.1
v 0.7 0.5 -1.1
v 0.8 0.5 -1.1
v -0.4 0.6 1.3
v -0.3 0.6 1.3
v 0.3 0.6 1.3
v 0.4 0.6 1.3
v -0.4 0.6 1.2
v -0.3 0.6 1.2
v 0.3 0.6 1.2
v 0.4 0.6 1.2
v 0.8 0.6 1
v 0.9 0.6 1
v 0.7 0.6 0.9
v 0.8 0.6 0.9
v 0.9 0.6 0.9
v 1 0.6 0.9
v 0.7 0.6 0.8
v 1 0.6 0.8
v 1.1 0.6 0.8
v 0.6 0.6 0.7
v 0.7 0.6 0.7
v 0.8 0.6 0.6
v 0.9 0.6 0.6
v 1 0.6 0.6
v 1.1 0.6 0.6
v 1.2 0.6 0.6
v -1.2 0.6 0.5
v -1.1 0.6 0.5
v 0.6 0.6 0.5
v 0.7 0.6 0.5
v 1.1 0.6 0.5
v 1.2 0.6 0.5
v -1.3 0.6 0.4
v -1.2 0.6 0.4
v -1.1 0.6 0.4
v -1 0.6 0.4
v 0.6 0.6 0.4
v 0.7 0.6 0.4
v 0.8 0.6 0.4
v 1 0.6 0.4
v 1.2 0.6 0.4
v 1.3 0.6 0.4
v -1.3 0.6 0.3
v -1.2 0.6 0.3
v -1 0.6 0.3
v -0.9 0.6 0.3
v 0.6 0.6 0.3
v 0.7 0.6 0.3
v 0.8 0.6 0.3
v 1 0.6 0.3
v 1.2 0.6 0.3
v 1.3 0.6 0.3
v -1 0.6 0.1
v -0.9 0.6 0.1
v -1.1 0.6 0
v -1 0.6 0
v -1.2 0.6 -0.1
v -1.1 0.6 -0.1
v -1.3 0.6 -0.2
v -1.2 0.6 -0.2
v -1.3 0.6 -0.3
v -1.2 0.6 -0.3
v 1.2 0.6 -0.3
v 1.3 0.6 -0.3
v -1.3 0.6 -0.4
v -1.2 0.6 -0.4
v 1.2 0.6 -0.4
v 1.3 0.6 -0.4
v -0.4 0.6 -1.2
v -0.3 0.6 -1.2
v 0.3 0.6 -1.2
v 0.4 0.6 -1.2
v -0.4 0.6 -1.3
v -0.3 0.6 -1.3
v 0.3 0.6 -1.3
v 0.4 0.6 -1.3
v -0.4 0.7 1.4
v 0.4 0.7 1.4
v -0.6 0.7 1.3
v -0.4 0.7 1.3
v 0.4 0.7 1.3
v 0.6 0.7 1.3
v -0.8 0.7 1.2
v -0.6 0.7 1.2
v -0.4 0.7 1.2
v 0.4 0.7 1.2
v 0.6 0.7 1.2
v 0.8 0.7 1.2
v -1.2 0.7 1.1
v -0.9 0.7 1.1
v -0.8 0.7 1.1
v -0.6 0.7 1.1
v 0.6 0.7 1.1
v 0.8 0.7 1.1
v 0.9 0.7 1.1
v 1.2 0.7 1.1
v -1 0.7 1
v -0.9 0.7 1
v -0.8 0.7 1
v 0.8 0.7 1
v 0.9 0.7 1
v 1 0.7 1
v -1.1 0.7 0.9
v -1 0.7 0.9
v -0.9 0.7 0.9
v 0.8 0.7 0.9
v 0.9 0.7 0.9
v 1 0.7 0.9
v 1.1 0.7 0.9
v -1.2 0.7 0.8
v -1.1 0.7 0.8
v -1 0.7 0.8
v 0.6 0.7 0.8
v 0.7 0.7 0.8
v 1 0.7 0.8
v 1.1 0.7 0.8
v 1.2 0.7 0.8
v 0.6 0.7 0.7
v 0.7 0.7 0.7
v -1.3 0.7 0.6
v -1.2 0.7 0.6
v -1.1 0.7 0.6
v 0.8 0.7 0.6
v 0.9 0.7 0.6
v 1 0.7 0.6
v 1.1 0.7 0.6
v 1.2 0.7 0.6
v 1.3 0.7 0.6
v 0.6 0.7 0.5
v 0.7 0.7 0.5
v -1.4 0.7 0.4
v -1.3 0.7 0.4
v -1.2 0.7 0.4
v 0.6 0.7 0.4
v 0.7 0.7 0.4
v 0.8 0.7 0.4
v 1 0.7 0.4
v 1.1 0.7 0.4
v 1.2 0.7 0.4
v 1.3 0.7 0.4
v 1.4 0.7 0.4
v 0.7 0.7 0.3
v 0.8 0.7 0.3
v -1.4 0.7 -0.4
v -1.3 0.7 -0.4
v -1.2 0.7 -0.4
v 1.2 0.7 -0.4
v 1.3 0.7 -0.4
v 1.4 0.7 -0.4
v -1.3 0.7 -0.6
v -1.2 0.7 -0.6
v -1.1 0.7 -0.6
v 1.1 0.7 -0.6
v 1.2 0.7 -0.6
v 1.3 0.7 -0.6
v -1.2 0.7 -0.8
v -1.1 0.7 -0.8
v -1 0.7 -0.8
v 1 0.7 -0.8
v 1.1 0.7 -0.8
v 1.2 0.7 -0.8
v -1.1 0.7 -0.9
v -1 0.7 -0.9
v -0.9 0.7 -0.9
v 0.9 0.7 -0.9
v 1 0.7 -0.9
v 1.1 0.7 -0.9
v -1 0.7 -1
v -0.9 0.7 -1
v -0.8 0.7 -1
v 0.8 0.7 -1
v 0.9 0.7 -1
v 1 0.7 -1
v -0.9 0.7 -1.1
v -0.8 0.7 -1.1
v -0.6 0.7 -1.1
v 0.6 0.7 -1.1
v 0.8 0.7 -1.1
v 0.9 0.7 -1.1
v 1.2 0.7 -1.1
v -1.2 0.7 -1.2
v -0.8 0.7 -1.2
v -0.6 0.7 -1.2
v -0.4 0.7 -1.2
v 0.4 0.7 -1.2
v 0.6 0.7 -1.2
v 0.8 0.7 -1.2
v -0.6 0.7 -1.3
v -0.4 0.7 -1.3
v 0.4 0.7 -1.3
v 0.6 0.7 -1.3
v -0.4 0.7 -1.4
v 0.4 0.7 -1.4

# faces
f 4/9/1 2/9/1 1/9/1
f 5/9/1 2/9/1 4/9/1
f 7/9/1 4/9/1 3/9/1
f 7/9/1 6/9/1 5/9/1
f 7/9/1 5/9/1 4/9/1
f 8/9/1 6/9/1 7/9/1
f 10/7/1 8/7/1 7/7/1
f 11/7/1 8/7/1 10/7/1
f 13/7/1 11/7/1 10/7/1
f 13/7/1 12/7/1 11/7/1
f 13/7/1 10/7/1 9/7/1
f 14/7/1 12/7/1 13/7/1
f 18/8/1 16/8/1 15/8/1
f 19/8/1 16/8/1 18/8/1
f 22/8/1 18/8/1 17/8/1
f 22/8/1 20/8/1 19/8/1
f 22/8/1 19/8/1 18/8/1
f 23/8/1 20/8/1 22/8/1
f 24/8/1 20/8/1 23/8/1
f 25/8/1 20/8/1 24/8/1
f 28/9/1 22/9/1 21/9/1
f 28/9/1 23/9/1 22/9/1
f 29/9/1 23/9/1 28/9/1
f 30/9/1 23/9/1 29/9/1
f 31/9/1 25/9/1 24/9/1
f 31/9/1 26/9/1 25/9/1
f 32/9/1 26/9/1 31/9/1
f 33/9/1 26/9/1 32/9/1
f 35/9/1 29/9/1 28/9/1
f 35/9/1 28/9/1 27/9/1
f 36/9/1 29/9/1 35/9/1
f 37/9/1 34/9/1 33/9/1
f 37/9/1 33/9/1 32/9/1
f 38/9/1 34/9/1 37/9/1
f 39/7/1 36/7/1 35/7/1
f 40/7/1 36/7/1 39/7/1
f 41/7/1 38/7/1 37/7/1
f 42/7/1 38/7/1 41/7/1
f 43/7/1 39/7/1 35/7/1
f 44/7/1 39/7/1 43/7/1
f 45/7/1 38/7/1 42/7/1
f 46/7/1 38/7/1 45/7/1
f 54/4/1 52/4/1 51/4/1
f 55/4/1 52/4/1 54/4/1
f 58/4/1 54/4/1 53/4/1
f 58/4/1 56/4/1 55/4/1
f 58/4/1 55/4/1 54/4/1
f 59/4/1 56/4/1 58/4/1
f 60/4/1 56/4/1 59/4/1
f 61/4/1 56/4/1 60/4/1
f 64/8/1 58/8/1 57/8/1
f 64/8/1 59/8/1 58/8/1
f 65/8/1 59/8/1 64/8/1
f 66/8/1 59/8/1 65/8/1
f 67/8/1 61/8/1 60/8/1
f 67/8/1 62/8/1 61/8/1
f 68/8/1 62/8/1 67/8/1
f 69/8/1 62/8/1 68/8/1
f 71/8/1 65/8/1 64/8/1
f 71/8/1 64/8/1 63/8/1
f 72/8/1 65/8/1 71/8/1
f 73/8/1 65/8/1 72/8/1
f 74/8/1 70/8/1 69/8/1
f 74/8/1 69/8/1 68/8/1
f 75/8/1 70/8/1 74/8/1
f 76/8/1 70/8/1 75/8/1
f 78/9/1 72/9/1 71/9/1
f 79/9/1 72/9/1 78/9/1
f 80/9/1 72/9/1 79/9/1
f 81/9/1 76/9/1 75/9/1
f 82/9/1 76/9/1 81/9/1
f 83/9/1 76/9/1 82/9/1
f 85/9/1 78/9/1 77/9/1
f 85/9/1 79/9/1 78/9/1
f 86/9/1 79/9/1 85/9/1
f 87/9/1 83/9/1 82/9/1
f 87/9/1 84/9/1 83/9/1
f 88/9/1 84/9/1 87/9/1
f 89/15/1 48/15/1 47/15/1
f 90/7/1 86/7/1 85/7/1
f 91/7/1 88/7/1 87/7/1
f 92/15/1 50/15/1 49/15/1
f 93/15/1 89/15/1 47/15/1
f 93/15/1 90/15/1 89/15/1
f 94/7/1 86/7/1 90/7/1
f 94/15/1 90/15/1 93/15/1
f 95/7/1 86/7/1 94/7/1
f 96/7/1 91/7/1 87/7/1
f 97/15/1 92/15/1 91/15/1
f 97/7/1 91/7/1 96/7/1
f 98/15/1 50/15/1 92/15/1
f 98/15/1 92/15/1 97/15/1
f 102/6/1 100/6/1 99/6/1
f 103/6/1 100/6/1 102/6/1
f 104/6/1 100/6/1 103/6/1
f 105/6/1 100/6/1 104/6/1
f 108/4/1 102/4/1 101/4/1
f 108/4/1 103/4/1 102/4/1
f 109/4/1 103/4/1 108/4/1
f 110/4/1 105/4/1 104/4/1
f 110/4/1 106/4/1 105/4/1
f 111/4/1 106/4/1 110/4/1
f 113/4/1 108/4/1 107/4/1
f 114/4/1 108/4/1 113/4/1
f 115/4/1 108/4/1 114/4/1
f 116/4/1 112/4/1 111/4/1
f 117/4/1 112/4/1 116/4/1
f 118/4/1 112/4/1 117/4/1
f 120/8/1 114/8/1 113/8/1
f 121/8/1 114/8/1 120/8/1
f 122/8/1 118/8/1 117/8/1
f 123/8/1 118/8/1 122/8/1
f 126/8/1 120/8/1 119/8/1
f 127/8/1 120/8/1 126/8/1
f 128/8/1 124/8/1 123/8/1
f 129/8/1 124/8/1 128/8/1
f 131/9/1 127/9/1 126/9/1
f 131/9/1 126/9/1 125/9/1
f 132/9/1 127/9/1 131/9/1
f 133/9/1 130/9/1 129/9/1
f 133/9/1 129/9/1 128/9/1
f 134/9/1 130/9/1 133/9/1
f 135/9/1 131/9/1 125/9/1
f 136/9/1 131/9/1 135/9/1
f 137/9/1 130/9/1 134/9/1
f 138/9/1 130/9/1 137/9/1
f 139/7/1 136/7/1 135/7/1
f 140/7/1 136/7/1 139/7/1
f 141/7/1 138/7/1 137/7/1
f 142/7/1 138/7/1 141/7/1
f 146/6/1 144/6/1 143/6/1
f 147/6/1 144/6/1 146/6/1
f 150/6/1 146/6/1 145/6/1
f 151/6/1 146/6/1 150/6/1
f 152/6/1 146/6/1 151/6/1
f 153/6/1 148/6/1 147/6/1
f 154/6/1 148/6/1 153/6/1
f 155/6/1 148/6/1 154/6/1
f 158/4/1 150/4/1 149/4/1
f 158/4/1 151/4/1 150/4/1
f 159/4/1 151/4/1 158/4/1
f 160/4/1 156/4/1 155/4/1
f 160/4/1 155/4/1 154/4/1
f 161/4/1 156/4/1 160/4/1
f 164/4/1 158/4/1 157/4/1
f 165/4/1 158/4/1 164/4/1
f 166/4/1 162/4/1 161/4/1
f 167/4/1 162/4/1 166/4/1
f 169/8/1 165/8/1 164/8/1
f 169/8/1 164/8/1 163/8/1
f 170/8/1 165/8/1 169/8/1
f 171/8/1 168/8/1 167/8/1
f 171/8/1 167/8/1 166/8/1
f 172/8/1 168/8/1 171/8/1
f 174/8/1 169/8/1 163/8/1
f 175/8/1 169/8/1 174/8/1
f 176/8/1 168/8/1 172/8/1
f 177/8/1 168/8/1 176/8/1
f 179/9/1 174/9/1 173/9/1
f 180/9/1 174/9/1 179/9/1
f 181/9/1 178/9/1 177/9/1
f 182/9/1 178/9/1 181/9/1
f 183/7/1 180/7/1 179/7/1
f 184/7/1 180/7/1 183/7/1
f 185/7/1 182/7/1 181/7/1
f 186/7/1 182/7/1 185/7/1
f 190/5/1 188/5/1 187/5/1
f 191/5/1 188/5/1 190/5/1
f 194/6/1 190/6/1 189/6/1
f 195/6/1 190/6/1 194/6/1
f 196/6/1 192/6/1 191/6/1
f 197/6/1 192/6/1 196/6/1
f 200/6/1 194/6/1 193/6/1
f 201/6/1 194/6/1 200/6/1
f 202/6/1 198/6/1 197/6/1
f 203/6/1 198/6/1 202/6/1
f 206/4/1 200/4/1 199/4/1
f 207/4/1 200/4/1 206/4/1
f 208/4/1 204/4/1 203/4/1
f 209/4/1 204/4/1 208/4/1
f 212/4/1 206/4/1 205/4/1
f 213/4/1 206/4/1 212/4/1
f 214/4/1 210/4/1 209/4/1
f 215/4/1 210/4/1 214/4/1
f 218/8/1 212/8/1 211/8/1
f 219/8/1 212/8/1 218/8/1
f 220/8/1 216/8/1 215/8/1
f 221/8/1 216/8/1 220/8/1
f 223/9/1 218/9/1 217/9/1
f 224/9/1 218/9/1 223/9/1
f 225/9/1 222/9/1 221/9/1
f 226/9/1 222/9/1 225/9/1
f 227/7/1 224/7/1 223/7/1
f 228/7/1 224/7/1 227/7/1
f 229/7/1 226/7/1 225/7/1
f 230/7/1 226/7/1 229/7/1
f 235/5/1 232/5/1 231/5/1
f 236/5/1 232/5/1 235/5/1
f 241/5/1 234/5/1 233/5/1
f 242/5/1 234/5/1 241/5/1
f 243/5/1 238/5/1 237/5/1
f 244/5/1 238/5/1 243/5/1
f 248/6/1 240/6/1 239/6/1
f 249/6/1 240/6/1 248/6/1
f 250/6/1 246/6/1 245/6/1
f 251/6/1 246/6/1 250/6/1
f 254/6/1 248/6/1 247/6/1
f 255/6/1 248/6/1 254/6/1
f 256/6/1 252/6/1 251/6/1
f 257/6/1 252/6/1 256/6/1
f 260/4/1 254/4/1 253/4/1
f 261/4/1 254/4/1 260/4/1
f 262/4/1 258/4/1 257/4/1
f 263/4/1 258/4/1 262/4/1
f 265/4/1 260/4/1 259/4/1
f 266/4/1 260/4/1 265/4/1
f 267/4/1 264/4/1 263/4/1
f 268/4/1 264/4/1 267/4/1
f 273/8/1 270/8/1 269/8/1
f 274/8/1 270/8/1 273/8/1
f 275/8/1 272/8/1 271/8/1
f 276/8/1 272/8/1 275/8/1
f 281/9/1 278/9/1 277/9/1
f 282/9/1 278/9/1 281/9/1
f 283/9/1 280/9/1 279/9/1
f 284/9/1 280/9/1 283/9/1
f 285/7/1 284/7/1 283/7/1
f 286/7/1 284/7/1 285/7/1
f 287/7/1 282/7/1 281/7/1
f 288/7/1 282/7/1 287/7/1
f 294/5/1 290/5/1 289/5/1
f 295/5/1 290/5/1 294/5/1
f 296/5/1 292/5/1 291/5/1
f 297/5/1 292/5/1 296/5/1
f 300/5/1 294/5/1 293/5/1
f 301/5/1 294/5/1 300/5/1
f 303/5/1 298/5/1 297/5/1
f 304/5/1 298/5/1 303/5/1
f 307/6/1 300/6/1 299/6/1
f 308/6/1 300/6/1 307/6/1
f 309/2/1 303/2/1 302/2/1
f 310/6/1 305/6/1 304/6/1
f 311/6/1 305/6/1 310/6/1
f 314/6/1 307/6/1 306/6/1
f 315/6/1 307/6/1 314/6/1
f 316/6/1 312/6/1 311/6/1
f 317/6/1 312/6/1 316/6/1
f 320/4/1 314/4/1 313/4/1
f 321/4/1 314/4/1 320/4/1
f 322/4/1 318/4/1 317/4/1
f 323/4/1 318/4/1 322/4/1
f 325/4/1 320/4/1 319/4/1
f 326/4/1 320/4/1 325/4/1
f 327/4/1 324/4/1 323/4/1
f 328/4/1 324/4/1 327/4/1
f 330/8/1 326/8/1 325/8/1
f 331/8/1 326/8/1 330/8/1
f 332/2/1 309/2/1 302/2/1
f 333/2/1 309/2/1 332/2/1
f 334/8/1 328/8/1 327/8/1
f 335/8/1 328/8/1 334/8/1
f 337/8/1 330/8/1 329/8/1
f 338/8/1 330/8/1 337/8/1
f 339/8/1 336/8/1 335/8/1
f 340/8/1 336/8/1 339/8/1
f 341/9/1 338/9/1 337/9/1
f 342/9/1 338/9/1 341/9/1
f 343/9/1 340/9/1 339/9/1
f 344/9/1 340/9/1 343/9/1
f 349/3/1 346/3/1 345/3/1
f 350/3/1 346/3/1 349/3/1
f 353/5/1 348/5/1 347/5/1
f 354/5/1 348/5/1 353/5/1
f 355/5/1 352/5/1 351/5/1
f 356/5/1 352/5/1 355/5/1
f 362/6/1 358/6/1 357/6/1
f 363/6/1 358/6/1 362/6/1
f 366/6/1 360/6/1 359/6/1
f 367/6/1 360/6/1 366/6/1
f 369/6/1 362/6/1 361/6/1
f 370/6/1 362/6/1 369/6/1
f 371/2/1 365/2/1 364/2/1
f 372/2/1 365/2/1 371/2/1
f 373/6/1 368/6/1 367/6/1
f 374/6/1 368/6/1 373/6/1
f 379/8/1 376/8/1 375/8/1
f 380/8/1 376/8/1 379/8/1
f 381/8/1 378/8/1 377/8/1
f 382/8/1 378/8/1 381/8/1
f 387/9/1 384/9/1 383/9/1
f 388/9/1 384/9/1 387/9/1
f 389/9/1 386/9/1 385/9/1
f 390/9/1 386/9/1 389/9/1
f 391/7/1 388/7/1 387/7/1
f 392/7/1 388/7/1 391/7/1
f 393/7/1 390/7/1 389/7/1
f 394/7/1 390/7/1 393/7/1
f 401/3/1 396/3/1 395/3/1
f 402/3/1 396/3/1 401/3/1
f 403/3/1 398/3/1 397/3/1
f 404/3/1 398/3/1 403/3/1
f 408/5/1 400/5/1 399/5/1
f 409/5/1 400/5/1 408/5/1
f 412/5/1 406/5/1 405/5/1
f 413/5/1 406/5/1 412/5/1
f 415/5/1 408/5/1 407/5/1
f 416/5/1 408/5/1 415/5/1
f 417/2/1 411/2/1 410/2/1
f 418/5/1 414/5/1 413/5/1
f 419/5/1 414/5/1 418/5/1
f 422/2/1 417/2/1 410/2/1
f 423/2/1 417/2/1 422/2/1
f 427/4/1 421/4/1 420/4/1
f 428/4/1 421/4/1 427/4/1
f 429/4/1 425/4/1 424/4/1
f 430/4/1 425/4/1 429/4/1
f 432/4/1 427/4/1 426/4/1
f 433/4/1 427/4/1 432/4/1
f 434/4/1 431/4/1 430/4/1
f 435/4/1 431/4/1 434/4/1
f 440/9/1 437/9/1 436/9/1
f 441/9/1 437/9/1 440/9/1
f 442/9/1 439/9/1 438/9/1
f 443/9/1 439/9/1 442/9/1
f 448/3/1 445/3/1 444/3/1
f 449/3/1 445/3/1 448/3/1
f 452/3/1 447/3/1 446/3/1
f 453/3/1 447/3/1 452/3/1
f 454/3/1 451/3/1 450/3/1
f 455/3/1 451/3/1 454/3/1
f 461/5/1 457/5/1 456/5/1
f 462/5/1 457/5/1 461/5/1
f 463/5/1 459/5/1 458/5/1
f 464/5/1 459/5/1 463/5/1
f 467/6/1 461/6/1 460/6/1
f 468/6/1 461/6/1 467/6/1
f 469/6/1 465/6/1 464/6/1
f 470/6/1 465/6/1 469/6/1
f 472/6/1 467/6/1 466/6/1
f 473/6/1 467/6/1 472/6/1
f 474/6/1 471/6/1 470/6/1
f 475/6/1 471/6/1 474/6/1
f 480/8/1 477/8/1 476/8/1
f 481/8/1 477/8/1 480/8/1
f 482/8/1 479/8/1 478/8/1
f 483/8/1 479/8/1 482/8/1
f 488/7/1 485/7/1 484/7/1
f 489/7/1 485/7/1 488/7/1
f 490/7/1 487/7/1 486/7/1
f 491/7/1 487/7/1 490/7/1
f 498/3/1 493/3/1 492/3/1
f 499/3/1 493/3/1 498/3/1
f 500/3/1 495/3/1 494/3/1
f 501/3/1 495/3/1 500/3/1
f 506/3/1 497/3/1 496/3/1
f 507/3/1 497/3/1 506/3/1
f 508/3/1 503/3/1 502/3/1
f 509/3/1 503/3/1 508/3/1
f 512/5/1 505/5/1 504/5/1
f 513/5/1 505/5/1 512/5/1
f 514/5/1 511/5/1 510/5/1
f 515/5/1 511/5/1 514/5/1
f 520/4/1 517/4/1 516/4/1
f 521/4/1 517/4/1 520/4/1
f 522/4/1 519/4/1 518/4/1
f 523/4/1 519/4/1 522/4/1
f 528/8/1 525/8/1 524/8/1
f 529/8/1 525/8/1 528/8/1
f 530/8/1 527/8/1 526/8/1
f 531/8/1 527/8/1 530/8/1
f 536/9/1 533/9/1 532/9/1
f 537/9/1 533/9/1 536/9/1
f 538/9/1 535/9/1 534/9/1
f 539/9/1 535/9/1 538/9/1
f 540/7/1 537/7/1 536/7/1
f 541/7/1 537/7/1 540/7/1
f 542/7/1 539/7/1 538/7/1
f 543/7/1 539/7/1 542/7/1
f 546/2/1 545/2/1 544/2/1
f 547/2/1 545/2/1 546/2/1
f 552/3/1 549/3/1 548/3/1
f 553/3/1 549/3/1 552/3/1
f 554/3/1 551/3/1 550/3/1
f 555/3/1 551/3/1 554/3/1
f 560/9/1 557/9/1 556/9/1
f 561/9/1 557/9/1 560/9/1
f 562/9/1 559/9/1 558/9/1
f 563/9/1 559/9/1 562/9/1
f 570/3/1 565/3/1 564/3/1
f 571/3/1 565/3/1 570/3/1
f 572/2/1 567/2/1 566/2/1
f 573/2/1 567/2/1 572/2/1
f 574/3/1 569/3/1 568/3/1
f 575/3/1 569/3/1 574/3/1
f 580/9/1 577/9/1 576/9/1
f 581/9/1 577/9/1 580/9/1
f 582/9/1 579/9/1 578/9/1
f 583/9/1 579/9/1 582/9/1
f 588/5/1 585/5/1 584/5/1
f 589/5/1 585/5/1 588/5/1
f 590/5/1 587/5/1 586/5/1
f 591/5/1 587/5/1 590/5/1
f 596/4/1 593/4/1 592/4/1
f 597/4/1 593/4/1 596/4/1
f 598/4/1 595/4/1 594/4/1
f 599/4/1 595/4/1 598/4/1
f 606/3/1 601/3/1 600/3/1
f 607/3/1 601/3/1 606/3/1
f 608/3/1 603/3/1 602/3/1
f 609/3/1 603/3/1 608/3/1
f 612/5/1 605/5/1 604/5/1
f 613/5/1 605/5/1 612/5/1
f 614/5/1 611/5/1 610/5/1
f 615/5/1 611/5/1 614/5/1
f 621/6/1 617/6/1 616/6/1
f 622/6/1 617/6/1 621/6/1
f 623/6/1 619/6/1 618/6/1
f 624/6/1 619/6/1 623/6/1
f 626/6/1 621/6/1 620/6/1
f 627/6/1 621/6/1 626/6/1
f 628/6/1 625/6/1 624/6/1
f 629/6/1 625/6/1 628/6/1
f 634/8/1 631/8/1 630/8/1
f 635/8/1 631/8/1 634/8/1
f 636/8/1 633/8/1 632/8/1
f 637/8/1 633/8/1 636/8/1
f 642/9/1 639/9/1 638/9/1
f 643/9/1 639/9/1 642/9/1
f 644/9/1 641/9/1 640/9/1
f 645/9/1 641/9/1 644/9/1
f 646/7/1 643/7/1 642/7/1
f 647/7/1 643/7/1 646/7/1
f 648/7/1 645/7/1 644/7/1
f 649/7/1 645/7/1 648/7/1
f 654/3/1 651/3/1 650/3/1
f 655/3/1 651/3/1 654/3/1
f 660/5/1 653/5/1 652/5/1
f 661/5/1 653/5/1 660/5/1
f 662/5/1 657/5/1 656/5/1
f 663/5/1 657/5/1 662/5/1
f 666/5/1 659/5/1 658/5/1
f 667/5/1 659/5/1 666/5/1
f 668/5/1 665/5/1 664/5/1
f 669/5/1 665/5/1 668/5/1
f 674/4/1 671/4/1 670/4/1
f 675/4/1 671/4/1 674/4/1
f 676/4/1 673/4/1 672/4/1
f 677/4/1 673/4/1 676/4/1
f 682/8/1 679/8/1 678/8/1
f 683/8/1 679/8/1 682/8/1
f 684/8/1 681/8/1 680/8/1
f 685/8/1 681/8/1 684/8/1
f 690/7/1 687/7/1 686/7/1
f 691/7/1 687/7/1 690/7/1
f 692/7/1 689/7/1 688/7/1
f 693/7/1 689/7/1 692/7/1
f 700/5/1 695/5/1 694/5/1
f 701/5/1 695/5/1 700/5/1
f 702/5/1 697/5/1 696/5/1
f 703/5/1 697/5/1 702/5/1
f 708/5/1 699/5/1 698/5/1
f 709/5/1 699/5/1 708/5/1
f 710/5/1 705/5/1 704/5/1
f 711/5/1 705/5/1 710/5/1
f 715/6/1 707/6/1 706/6/1
f 716/6/1 707/6/1 715/6/1
f 717/6/1 713/6/1 712/6/1
f 718/6/1 713/6/1 717/6/1
f 721/6/1 715/6/1 714/6/1
f 722/6/1 715/6/1 721/6/1
f 723/6/1 719/6/1 718/6/1
f 724/6/1 719/6/1 723/6/1
f 726/4/1 721/4/1 720/4/1
f 727/4/1 721/4/1 726/4/1
f 728/4/1 725/4/1 724/4/1
f 729/4/1 725/4/1 728/4/1
f 734/8/1 731/8/1 730/8/1
f 735/8/1 731/8/1 734/8/1
f 736/8/1 733/8/1 732/8/1
f 737/8/1 733/8/1 736/8/1
f 742/9/1 739/9/1 738/9/1
f 743/9/1 739/9/1 742/9/1
f 744/9/1 741/9/1 740/9/1
f 745/9/1 741/9/1 744/9/1
f 750/5/1 747/5/1 746/5/1
f 751/5/1 747/5/1 750/5/1
f 756/5/1 749/5/1 748/5/1
f 757/1/1 750/1/1 749/1/1
f 757/5/1 749/5/1 756/5/1
f 758/1/1 750/1/1 757/1/1
f 759/5/1 753/5/1 752/5/1
f 760/5/1 753/5/1 759/5/1
f 764/6/1 755/6/1 754/6/1
f 765/6/1 755/6/1 764/6/1
f 766/2/1 758/2/1 757/2/1
f 767/2/1 758/2/1 766/2/1
f 768/6/1 762/6/1 761/6/1
f 769/6/1 762/6/1 768/6/1
f 772/6/1 764/6/1 763/6/1
f 773/6/1 764/6/1 772/6/1
f 774/1/1 767/1/1 766/1/1
f 775/1/1 767/1/1 774/1/1
f 776/6/1 770/6/1 769/6/1
f 777/6/1 770/6/1 776/6/1
f 780/4/1 772/4/1 771/4/1
f 781/4/1 772/4/1 780/4/1
f 782/2/1 775/2/1 774/2/1
f 783/2/1 775/2/1 782/2/1
f 784/2/1 777/2/1 776/2/1
f 785/4/1 778/4/1 777/4/1
f 785/2/1 777/2/1 784/2/1
f 786/4/1 778/4/1 785/4/1
f 788/4/1 780/4/1 779/4/1
f 789/4/1 780/4/1 788/4/1
f 790/1/1 783/1/1 782/1/1
f 791/1/1 783/1/1 790/1/1
f 792/4/1 787/4/1 786/4/1
f 793/4/1 787/4/1 792/4/1
f 796/2/1 791/2/1 790/2/1
f 797/2/1 791/2/1 796/2/1
f 800/8/1 795/8/1 794/8/1
f 801/8/1 795/8/1 800/8/1
f 802/1/1 797/1/1 796/1/1
f 803/1/1 797/1/1 802/1/1
f 804/8/1 799/8/1 798/8/1
f 805/8/1 799/8/1 804/8/1
f 808/2/1 803/2/1 802/2/1
f 809/2/1 803/2/1 808/2/1
f 812/9/1 807/9/1 806/9/1
f 813/9/1 807/9/1 812/9/1
f 815/1/1 809/1/1 808/1/1
f 816/1/1 809/1/1 815/1/1
f 817/9/1 811/9/1 810/9/1
f 818/9/1 811/9/1 817/9/1
f 819/2/1 816/2/1 815/2/1
f 819/2/1 815/2/1 814/2/1
f 820/2/1 816/2/1 819/2/1
f 821/2/1 816/2/1 820/2/1
f 822/2/1 816/2/1 821/2/1
f 823/7/1 813/7/1 812/7/1
f 824/7/1 813/7/1 823/7/1
f 825/2/1 819/2/1 814/2/1
f 826/2/1 819/2/1 825/2/1
f 827/2/1 821/2/1 820/2/1
f 828/2/1 821/2/1 827/2/1
f 829/7/1 818/7/1 817/7/1
f 830/7/1 818/7/1 829/7/1
f 837/5/1 832/5/1 831/5/1
f 838/5/1 832/5/1 837/5/1
f 839/5/1 834/5/1 833/5/1
f 840/5/1 834/5/1 839/5/1
f 844/6/1 836/6/1 835/6/1
f 845/6/1 836/6/1 844/6/1
f 846/6/1 842/6/1 841/6/1
f 847/6/1 842/6/1 846/6/1
f 849/6/1 844/6/1 843/6/1
f 850/6/1 844/6/1 849/6/1
f 851/6/1 848/6/1 847/6/1
f 852/6/1 848/6/1 851/6/1
f 855/2/1 852/2/1 851/2/1
f 856/2/1 852/2/1 855/2/1
f 860/4/1 854/4/1 853/4/1
f 861/4/1 854/4/1 860/4/1
f 862/2/1 857/2/1 856/2/1
f 863/4/1 858/4/1 857/4/1
f 863/2/1 857/2/1 862/2/1
f 864/4/1 858/4/1 863/4/1
f 866/8/1 860/8/1 859/8/1
f 867/8/1 860/8/1 866/8/1
f 868/8/1 865/8/1 864/8/1
f 869/8/1 865/8/1 868/8/1
f 874/9/1 871/9/1 870/9/1
f 875/9/1 871/9/1 874/9/1
f 878/9/1 873/9/1 872/9/1
f 879/9/1 873/9/1 878/9/1
f 880/2/1 877/2/1 876/2/1
f 881/2/1 877/2/1 880/2/1
f 884/2/1 883/2/1 882/2/1
f 885/2/1 883/2/1 884/2/1
f 890/5/1 887/5/1 886/5/1
f 891/5/1 887/5/1 890/5/1
f 895/6/1 889/6/1 888/6/1
f 896/6/1 889/6/1 895/6/1
f 897/6/1 893/6/1 892/6/1
f 898/6/1 893/6/1 897/6/1
f 901/6/1 895/6/1 894/6/1
f 902/6/1 895/6/1 901/6/1
f 903/6/1 899/6/1 898/6/1
f 904/6/1 899/6/1 903/6/1
f 905/4/1 901/4/1 900/4/1
f 906/4/1 901/4/1 905/4/1
f 908/4/1 905/4/1 900/4/1
f 909/4/1 905/4/1 908/4/1
f 913/8/1 908/8/1 907/8/1
f 914/8/1 908/8/1 913/8/1
f 915/8/1 911/8/1 910/8/1
f 916/8/1 911/8/1 915/8/1
f 918/8/1 913/8/1 912/8/1
f 919/8/1 913/8/1 918/8/1
f 920/8/1 917/8/1 916/8/1
f 921/8/1 917/8/1 920/8/1
f 922/9/1 919/9/1 918/9/1
f 923/9/1 919/9/1 922/9/1
f 924/9/1 921/9/1 920/9/1
f 925/9/1 921/9/1 924/9/1
f 931/2/1 928/2/1 927/2/1
f 931/7/1 927/7/1 926/7/1
f 932/2/1 928/2/1 931/2/1
f 934/7/1 931/7/1 926/7/1
f 935/7/1 931/7/1 934/7/1
f 936/2/1 933/2/1 932/2/1
f 937/2/1 933/2/1 936/2/1
f 938/7/1 930/7/1 929/7/1
f 939/7/1 930/7/1 938/7/1
f 943/6/1 941/6/1 940/6/1
f 944/6/1 941/6/1 943/6/1
f 947/6/1 943/6/1 942/6/1
f 948/6/1 943/6/1 947/6/1
f 949/6/1 945/6/1 944/6/1
f 950/6/1 945/6/1 949/6/1
f 953/4/1 947/4/1 946/4/1
f 954/4/1 947/4/1 953/4/1
f 955/4/1 951/4/1 950/4/1
f 956/4/1 951/4/1 955/4/1
f 959/4/1 953/4/1 952/4/1
f 960/4/1 953/4/1 959/4/1
f 961/4/1 957/4/1 956/4/1
f 962/4/1 957/4/1 961/4/1
f 965/8/1 959/8/1 958/8/1
f 966/8/1 959/8/1 965/8/1
f 967/8/1 963/8/1 962/8/1
f 968/8/1 963/8/1 967/8/1
f 970/8/1 965/8/1 964/8/1
f 971/8/1 965/8/1 970/8/1
f 972/8/1 969/8/1 968/8/1
f 973/8/1 969/8/1 972/8/1
f 975/9/1 971/9/1 970/9/1
f 976/9/1 971/9/1 975/9/1
f 977/9/1 973/9/1 972/9/1
f 978/9/1 973/9/1 977/9/1
f 980/9/1 975/9/1 974/9/1
f 981/9/1 975/9/1 980/9/1
f 982/9/1 979/9/1 978/9/1
f 983/9/1 979/9/1 982/9/1
f 986/7/1 985/7/1 984/7/1
f 987/7/1 985/7/1 986/7/1
f 988/7/1 983/7/1 982/7/1
f 989/7/1 983/7/1 988/7/1
f 993/6/1 991/6/1 990/6/1
f 994/6/1 991/6/1 993/6/1
f 995/6/1 991/6/1 994/6/1
f 996/6/1 991/6/1 995/6/1
f 999/4/1 993/4/1 992/4/1
f 999/4/1 994/4/1 993/4/1
f 1000/4/1 994/4/1 999/4/1
f 1001/4/1 994/4/1 1000/4/1
f 1002/4/1 996/4/1 995/4/1
f 1002/4/1 997/4/1 996/4/1
f 1003/4/1 997/4/1 1002/4/1
f 1004/4/1 997/4/1 1003/4/1
f 1007/4/1 1000/4/1 999/4/1
f 1007/4/1 999/4/1 998/4/1
f 1008/4/1 1000/4/1 1007/4/1
f 1009/4/1 1000/4/1 1008/4/1
f 1010/4/1 1005/4/1 1004/4/1
f 1010/4/1 1004/4/1 1003/4/1
f 1011/4/1 1005/4/1 1010/4/1
f 1012/4/1 1005/4/1 1011/4/1
f 1015/8/1 1008/8/1 1007/8/1
f 1015/8/1 1007/8/1 1006/8/1
f 1016/8/1 1008/8/1 1015/8/1
f 1017/8/1 1008/8/1 1016/8/1
f 1018/8/1 1013/8/1 1012/8/1
f 1018/8/1 1012/8/1 1011/8/1
f 1019/8/1 1013/8/1 1018/8/1
f 1020/8/1 1013/8/1 1019/8/1
f 1022/8/1 1016/8/1 1015/8/1
f 1022/8/1 1015/8/1 1014/8/1
f 1023/8/1 1016/8/1 1022/8/1
f 1024/8/1 1016/8/1 1023/8/1
f 1025/8/1 1021/8/1 1020/8/1
f 1025/8/1 1020/8/1 1019/8/1
f 1026/8/1 1021/8/1 1025/8/1
f 1027/8/1 1021/8/1 1026/8/1
f 1029/9/1 1023/9/1 1022/9/1
f 1030/9/1 1027/9/1 1026/9/1
f 1032/9/1 1029/9/1 1028/9/1
f 1033/9/1 1023/9/1 1029/9/1
f 1033/9/1 1029/9/1 1032/9/1
f 1034/9/1 1030/9/1 1026/9/1
f 1034/9/1 1031/9/1 1030/9/1
f 1035/9/1 1031/9/1 1034/9/1
f 1036/9/1 1031/9/1 1035/9/1
f 1041/7/1 1038/7/1 1037/7/1
f 1042/7/1 1038/7/1 1041/7/1
f 1043/2/1 1040/2/1 1039/2/1
f 1044/2/1 1040/2/1 1043/2/1
f 1045/7/1 1036/7/1 1035/7/1
f 1046/7/1 1036/7/1 1045/7/1
f 1054/4/1 1052/4/1 1051/4/1
f 1055/4/1 1052/4/1 1054/4/1
f 1058/4/1 1054/4/1 1053/4/1
f 1058/4/1 1056/4/1 1055/4/1
f 1058/4/1 1055/4/1 1054/4/1
f 1059/4/1 1056/4/1 1058/4/1
f 1060/4/1 1056/4/1 1059/4/1
f 1061/4/1 1056/4/1 1060/4/1
f 1064/8/1 1058/8/1 1057/8/1
f 1064/8/1 1059/8/1 1058/8/1
f 1065/8/1 1059/8/1 1064/8/1
f 1066/8/1 1059/8/1 1065/8/1
f 1067/8/1 1061/8/1 1060/8/1
f 1067/8/1 1062/8/1 1061/8/1
f 1068/8/1 1062/8/1 1067/8/1
f 1069/8/1 1062/8/1 1068/8/1
f 1072/8/1 1065/8/1 1064/8/1
f 1072/8/1 1064/8/1 1063/8/1
f 1073/8/1 1065/8/1 1072/8/1
f 1074/8/1 1065/8/1 1073/8/1
f 1075/8/1 1070/8/1 1069/8/1
f 1075/8/1 1069/8/1 1068/8/1
f 1076/8/1 1070/8/1 1075/8/1
f 1077/8/1 1070/8/1 1076/8/1
f 1079/9/1 1073/9/1 1072/9/1
f 1079/9/1 1072/9/1 1071/9/1
f 1080/9/1 1073/9/1 1079/9/1
f 1081/9/1 1078/9/1 1077/9/1
f 1081/9/1 1077/9/1 1076/9/1
f 1082/9/1 1078/9/1 1081/9/1
f 1083/9/1 1079/9/1 1071/9/1
f 1084/9/1 1079/9/1 1083/9/1
f 1085/9/1 1078/9/1 1082/9/1
f 1086/9/1 1078/9/1 1085/9/1
f 1088/15/1 1048/15/1 1047/15/1
f 1089/15/1 1048/15/1 1088/15/1
f 1092/15/1 1050/15/1 1049/15/1
f 1093/15/1 1050/15/1 1092/15/1
f 1094/7/1 1091/7/1 1090/7/1
f 1095/7/1 1091/7/1 1094/7/1
f 1096/7/1 1087/7/1 1086/7/1
f 1096/7/1 1086/7/1 1085/7/1
f 1097/7/1 1087/7/1 1096/7/1
f 1101/8/1 1099/8/1 1098/8/1
f 1102/8/1 1099/8/1 1101/8/1
f 1105/8/1 1101/8/1 1100/8/1
f 1105/8/1 1103/8/1 1102/8/1
f 1105/8/1 1102/8/1 1101/8/1
f 1106/8/1 1103/8/1 1105/8/1
f 1107/8/1 1103/8/1 1106/8/1
f 1108/8/1 1103/8/1 1107/8/1
f 1111/9/1 1105/9/1 1104/9/1
f 1111/9/1 1106/9/1 1105/9/1
f 1112/9/1 1106/9/1 1111/9/1
f 1113/9/1 1106/9/1 1112/9/1
f 1114/9/1 1108/9/1 1107/9/1
f 1114/9/1 1109/9/1 1108/9/1
f 1115/9/1 1109/9/1 1114/9/1
f 1116/9/1 1109/9/1 1115/9/1
f 1118/9/1 1112/9/1 1111/9/1
f 1118/9/1 1111/9/1 1110/9/1
f 1119/9/1 1112/9/1 1118/9/1
f 1120/9/1 1112/9/1 1119/9/1
f 1121/9/1 1117/9/1 1116/9/1
f 1121/9/1 1116/9/1 1115/9/1
f 1122/9/1 1117/9/1 1121/9/1
f 1124/7/1 1120/7/1 1119/7/1
f 1125/7/1 1120/7/1 1124/7/1
f 1126/7/1 1120/7/1 1125/7/1
f 1127/7/1 1122/7/1 1121/7/1
f 1128/7/1 1122/7/1 1127/7/1
f 1129/7/1 1124/7/1 1123/7/1
f 1129/7/1 1125/7/1 1124/7/1
f 1130/7/1 1125/7/1 1129/7/1
f 1131/7/1 1122/7/1 1128/7/1
f 1132/7/1 1122/7/1 1131/7/1
f 1136/9/1 1134/9/1 1133/9/1
f 1137/9/1 1134/9/1 1136/9/1
f 1139/9/1 1136/9/1 1135/9/1
f 1139/9/1 1138/9/1 1137/9/1
f 1139/9/1 1137/9/1 1136/9/1
f 1140/9/1 1138/9/1 1139/9/1
f 1142/7/1 1140/7/1 1139/7/1
f 1143/7/1 1140/7/1 1142/7/1
f 1145/7/1 1143/7/1 1142/7/1
f 1145/7/1 1144/7/1 1143/7/1
f 1145/7/1 1142/7/1 1141/7/1
f 1146/7/1 1144/7/1 1145/7/1
f 1147/9/2 1148/9/2 1150/9/2
f 1150/9/2 1148/9/2 1151/9/2
f 1149/9/2 1150/9/2 1153/9/2
f 1151/9/2 1152/9/2 1153/9/2
f 1150/9/2 1151/9/2 1153/9/2
f 1153/9/2 1152/9/2 1154/9/2
f 1154/9/2 1152/9/2 1155/9/2
f 1154/7/2 1155/7/2 1158/7/2
f 1158/7/2 1155/7/2 1159/7/2
f 1158/7/2 1159/7/2 1161/7/2
f 1159/7/2 1160/7/2 1161/7/2
f 1157/7/2 1158/7/2 1161/7/2
f 1156/7/2 1157/7/2 1161/7/2
f 1161/7/2 1160/7/2 1162/7/2
f 1163/8/2 1164/8/2 1165/8/2
f 1165/8/2 1164/8/2 1166/8/2
f 1166/8/2 1164/8/2 1167/8/2
f 1167/8/2 1168/8/2 1172/8/2
f 1166/8/2 1167/8/2 1172/8/2
f 1172/8/2 1168/8/2 1173/8/2
f 1173/8/2 1168/8/2 1174/8/2
f 1170/9/2 1171/9/2 1177/9/2
f 1169/9/2 1170/9/2 1177/9/2
f 1177/9/2 1171/9/2 1178/9/2
f 1178/9/2 1171/9/2 1179/9/2
f 1173/9/2 1174/9/2 1180/9/2
f 1174/9/2 1175/9/2 1180/9/2
f 1180/9/2 1175/9/2 1181/9/2
f 1181/9/2 1175/9/2 1182/9/2
f 1177/9/2 1178/9/2 1184/9/2
f 1176/9/2 1177/9/2 1184/9/2
f 1184/9/2 1178/9/2 1185/9/2
f 1185/9/2 1178/9/2 1186/9/2
f 1182/9/2 1183/9/2 1189/9/2
f 1181/9/2 1182/9/2 1189/9/2
f 1189/9/2 1183/9/2 1190/9/2
f 1184/7/2 1185/7/2 1191/7/2
f 1187/2/2 1188/2/2 1193/2/2
f 1193/2/2 1188/2/2 1194/2/2
f 1189/7/2 1190/7/2 1195/7/2
f 1195/7/2 1190/7/2 1196/7/2
f 1191/7/2 1192/7/2 1197/7/2
f 1184/7/2 1191/7/2 1197/7/2
f 1197/7/2 1192/7/2 1198/7/2
f 1196/7/2 1190/7/2 1199/7/2
f 1199/7/2 1190/7/2 1200/7/2
f 1205/4/2 1206/4/2 1208/4/2
f 1208/4/2 1206/4/2 1209/4/2
f 1207/4/2 1208/4/2 1212/4/2
f 1209/4/2 1210/4/2 1212/4/2
f 1208/4/2 1209/4/2 1212/4/2
f 1212/4/2 1210/4/2 1213/4/2
f 1213/4/2 1210/4/2 1214/4/2
f 1214/4/2 1210/4/2 1215/4/2
f 1211/8/2 1212/8/2 1218/8/2
f 1212/8/2 1213/8/2 1218/8/2
f 1218/8/2 1213/8/2 1219/8/2
f 1219/8/2 1213/8/2 1220/8/2
f 1214/8/2 1215/8/2 1223/8/2
f 1215/8/2 1216/8/2 1223/8/2
f 1223/8/2 1216/8/2 1224/8/2
f 1224/8/2 1216/8/2 1225/8/2
f 1217/8/2 1218/8/2 1228/8/2
f 1218/8/2 1219/8/2 1228/8/2
f 1228/8/2 1219/8/2 1229/8/2
f 1219/2/2 1220/2/2 1230/2/2
f 1229/8/2 1219/8/2 1230/8/2
f 1230/2/2 1220/2/2 1231/2/2
f 1221/2/2 1222/2/2 1232/2/2
f 1232/2/2 1222/2/2 1233/2/2
f 1224/8/2 1225/8/2 1234/8/2
f 1225/8/2 1226/8/2 1234/8/2
f 1234/8/2 1226/8/2 1235/8/2
f 1235/8/2 1226/8/2 1236/8/2
f 1228/9/2 1229/9/2 1238/9/2
f 1227/9/2 1228/9/2 1238/9/2
f 1238/9/2 1229/9/2 1239/9/2
f 1236/9/2 1237/9/2 1240/9/2
f 1235/9/2 1236/9/2 1240/9/2
f 1240/9/2 1237/9/2 1241/9/2
f 1227/9/2 1238/9/2 1243/9/2
f 1243/9/2 1238/9/2 1244/9/2
f 1241/9/2 1237/9/2 1249/9/2
f 1249/9/2 1237/9/2 1250/9/2
f 1201/15/2 1202/15/2 1252/15/2
f 1252/15/2 1202/15/2 1253/15/2
f 1245/2/2 1246/2/2 1254/2/2
f 1254/2/2 1246/2/2 1255/2/2
f 1247/2/2 1248/2/2 1256/2/2
f 1256/2/2 1248/2/2 1257/2/2
f 1203/15/2 1204/15/2 1258/15/2
f 1258/15/2 1204/15/2 1259/15/2
f 1242/7/2 1243/7/2 1260/7/2
f 1243/7/2 1244/7/2 1260/7/2
f 1260/7/2 1244/7/2 1261/7/2
f 1250/7/2 1251/7/2 1262/7/2
f 1249/7/2 1250/7/2 1262/7/2
f 1262/7/2 1251/7/2 1263/7/2
f 1264/6/2 1265/6/2 1267/6/2
f 1267/6/2 1265/6/2 1268/6/2
f 1268/6/2 1265/6/2 1269/6/2
f 1269/6/2 1265/6/2 1270/6/2
f 1266/4/2 1267/4/2 1273/4/2
f 1267/4/2 1268/4/2 1273/4/2
f 1273/4/2 1268/4/2 1274/4/2
f 1274/4/2 1268/4/2 1275/4/2
f 1269/4/2 1270/4/2 1276/4/2
f 1270/4/2 1271/4/2 1276/4/2
f 1276/4/2 1271/4/2 1277/4/2
f 1277/4/2 1271/4/2 1278/4/2
f 1273/4/2 1274/4/2 1281/4/2
f 1272/4/2 1273/4/2 1281/4/2
f 1281/4/2 1274/4/2 1282/4/2
f 1282/4/2 1274/4/2 1283/4/2
f 1278/4/2 1279/4/2 1284/4/2
f 1277/4/2 1278/4/2 1284/4/2
f 1284/4/2 1279/4/2 1285/4/2
f 1285/4/2 1279/4/2 1286/4/2
f 1281/8/2 1282/8/2 1289/8/2
f 1280/8/2 1281/8/2 1289/8/2
f 1289/8/2 1282/8/2 1290/8/2
f 1290/8/2 1282/8/2 1291/8/2
f 1286/8/2 1287/8/2 1294/8/2
f 1285/8/2 1286/8/2 1294/8/2
f 1294/8/2 1287/8/2 1295/8/2
f 1295/8/2 1287/8/2 1296/8/2
f 1288/8/2 1289/8/2 1298/8/2
f 1289/8/2 1290/8/2 1298/8/2
f 1298/8/2 1290/8/2 1299/8/2
f 1299/8/2 1290/8/2 1300/8/2
f 1292/2/2 1293/2/2 1301/2/2
f 1301/2/2 1293/2/2 1302/2/2
f 1296/8/2 1297/8/2 1303/8/2
f 1295/8/2 1296/8/2 1303/8/2
f 1303/8/2 1297/8/2 1304/8/2
f 1304/8/2 1297/8/2 1305/8/2
f 1298/9/2 1299/9/2 1307/9/2
f 1304/9/2 1305/9/2 1308/9/2
f 1306/9/2 1307/9/2 1310/9/2
f 1307/9/2 1299/9/2 1311/9/2
f 1310/9/2 1307/9/2 1311/9/2
f 1311/9/2 1299/9/2 1312/9/2
f 1304/9/2 1308/9/2 1317/9/2
f 1308/9/2 1309/9/2 1317/9/2
f 1317/9/2 1309/9/2 1318/9/2
f 1318/9/2 1309/9/2 1319/9/2
f 1313/2/2 1314/2/2 1320/2/2
f 1320/2/2 1314/2/2 1321/2/2
f 1315/2/2 1316/2/2 1322/2/2
f 1322/2/2 1316/2/2 1323/2/2
f 1310/7/2 1311/7/2 1324/7/2
f 1324/7/2 1311/7/2 1325/7/2
f 1318/7/2 1319/7/2 1326/7/2
f 1326/7/2 1319/7/2 1327/7/2
f 1328/6/2 1329/6/2 1331/6/2
f 1331/6/2 1329/6/2 1332/6/2
f 1330/6/2 1331/6/2 1335/6/2
f 1335/6/2 1331/6/2 1336/6/2
f 1332/6/2 1333/6/2 1337/6/2
f 1337/6/2 1333/6/2 1338/6/2
f 1334/4/2 1335/4/2 1341/4/2
f 1341/4/2 1335/4/2 1342/4/2
f 1338/4/2 1339/4/2 1343/4/2
f 1343/4/2 1339/4/2 1344/4/2
f 1340/4/2 1341/4/2 1347/4/2
f 1347/4/2 1341/4/2 1348/4/2
f 1344/4/2 1345/4/2 1349/4/2
f 1349/4/2 1345/4/2 1350/4/2
f 1346/8/2 1347/8/2 1353/8/2
f 1353/8/2 1347/8/2 1354/8/2
f 1350/8/2 1351/8/2 1355/8/2
f 1355/8/2 1351/8/2 1356/8/2
f 1352/8/2 1353/8/2 1358/8/2
f 1358/8/2 1353/8/2 1359/8/2
f 1356/8/2 1357/8/2 1360/8/2
f 1360/8/2 1357/8/2 1361/8/2
f 1358/9/2 1359/9/2 1363/9/2
f 1363/9/2 1359/9/2 1364/9/2
f 1360/9/2 1361/9/2 1365/9/2
f 1365/9/2 1361/9/2 1366/9/2
f 1362/9/2 1363/9/2 1368/9/2
f 1368/9/2 1363/9/2 1369/9/2
f 1366/9/2 1367/9/2 1372/9/2
f 1372/9/2 1367/9/2 1373/9/2
f 1370/2/2 1371/2/2 1374/2/2
f 1374/2/2 1371/2/2 1375/2/2
f 1368/7/2 1369/7/2 1376/7/2
f 1376/7/2 1369/7/2 1377/7/2
f 1372/7/2 1373/7/2 1378/7/2
f 1378/7/2 1373/7/2 1379/7/2
f 1380/5/2 1381/5/2 1384/5/2
f 1384/5/2 1381/5/2 1385/5/2
f 1382/6/2 1383/6/2 1389/6/2
f 1389/6/2 1383/6/2 1390/6/2
f 1386/6/2 1387/6/2 1391/6/2
f 1391/6/2 1387/6/2 1392/6/2
f 1388/6/2 1389/6/2 1395/6/2
f 1395/6/2 1389/6/2 1396/6/2
f 1392/6/2 1393/6/2 1397/6/2
f 1397/6/2 1393/6/2 1398/6/2
f 1394/4/2 1395/4/2 1400/4/2
f 1400/4/2 1395/4/2 1401/4/2
f 1398/4/2 1399/4/2 1402/4/2
f 1402/4/2 1399/4/2 1403/4/2
f 1394/4/2 1400/4/2 1405/4/2
f 1405/4/2 1400/4/2 1406/4/2
f 1403/4/2 1399/4/2 1407/4/2
f 1407/4/2 1399/4/2 1408/4/2
f 1404/8/2 1405/8/2 1411/8/2
f 1411/8/2 1405/8/2 1412/8/2
f 1408/8/2 1409/8/2 1413/8/2
f 1413/8/2 1409/8/2 1414/8/2
f 1410/8/2 1411/8/2 1416/8/2
f 1416/8/2 1411/8/2 1417/8/2
f 1414/8/2 1415/8/2 1418/8/2
f 1418/8/2 1415/8/2 1419/8/2
f 1416/9/2 1417/9/2 1420/9/2
f 1420/9/2 1417/9/2 1421/9/2
f 1418/9/2 1419/9/2 1422/9/2
f 1422/9/2 1419/9/2 1423/9/2
f 1424/7/2 1425/7/2 1428/7/2
f 1428/7/2 1425/7/2 1429/7/2
f 1426/7/2 1427/7/2 1430/7/2
f 1430/7/2 1427/7/2 1431/7/2
f 1432/5/2 1433/5/2 1438/5/2
f 1438/5/2 1433/5/2 1439/5/2
f 1434/5/2 1435/5/2 1440/5/2
f 1440/5/2 1435/5/2 1441/5/2
f 1436/6/2 1437/6/2 1445/6/2
f 1445/6/2 1437/6/2 1446/6/2
f 1442/6/2 1443/6/2 1447/6/2
f 1447/6/2 1443/6/2 1448/6/2
f 1444/6/2 1445/6/2 1450/6/2
f 1450/6/2 1445/6/2 1451/6/2
f 1448/6/2 1449/6/2 1452/6/2
f 1452/6/2 1449/6/2 1453/6/2
f 1454/4/2 1455/4/2 1459/4/2
f 1459/4/2 1455/4/2 1460/4/2
f 1456/4/2 1457/4/2 1461/4/2
f 1461/4/2 1457/4/2 1462/4/2
f 1458/8/2 1459/8/2 1464/8/2
f 1464/8/2 1459/8/2 1465/8/2
f 1462/8/2 1463/8/2 1466/8/2
f 1466/8/2 1463/8/2 1467/8/2
f 1468/9/2 1469/9/2 1472/9/2
f 1472/9/2 1469/9/2 1473/9/2
f 1470/9/2 1471/9/2 1474/9/2
f 1474/9/2 1471/9/2 1475/9/2
f 1476/5/2 1477/5/2 1480/5/2
f 1480/5/2 1477/5/2 1481/5/2
f 1478/5/2 1479/5/2 1486/5/2
f 1486/5/2 1479/5/2 1487/5/2
f 1482/5/2 1483/5/2 1488/5/2
f 1488/5/2 1483/5/2 1489/5/2
f 1484/6/2 1485/6/2 1491/6/2
f 1491/6/2 1485/6/2 1492/6/2
f 1490/6/2 1491/6/2 1496/6/2
f 1496/6/2 1491/6/2 1497/6/2
f 1493/6/2 1494/6/2 1498/6/2
f 1498/6/2 1494/6/2 1499/6/2
f 1495/4/2 1496/4/2 1502/4/2
f 1502/4/2 1496/4/2 1503/4/2
f 1499/4/2 1500/4/2 1504/4/2
f 1504/4/2 1500/4/2 1505/4/2
f 1501/4/2 1502/4/2 1507/4/2
f 1507/4/2 1502/4/2 1508/4/2
f 1505/4/2 1506/4/2 1509/4/2
f 1509/4/2 1506/4/2 1510/4/2
f 1488/2/2 1489/2/2 1513/2/2
f 1513/2/2 1489/2/2 1514/2/2
f 1511/8/2 1512/8/2 1517/8/2
f 1517/8/2 1512/8/2 1518/8/2
f 1515/8/2 1516/8/2 1519/8/2
f 1519/8/2 1516/8/2 1520/8/2
f 1521/9/2 1522/9/2 1525/9/2
f 1525/9/2 1522/9/2 1526/9/2
f 1523/9/2 1524/9/2 1527/9/2
f 1527/9/2 1524/9/2 1528/9/2
f 1525/7/2 1526/7/2 1529/7/2
f 1529/7/2 1526/7/2 1530/7/2
f 1527/7/2 1528/7/2 1531/7/2
f 1531/7/2 1528/7/2 1532/7/2
f 1533/5/2 1534/5/2 1539/5/2
f 1539/5/2 1534/5/2 1540/5/2
f 1535/5/2 1536/5/2 1541/5/2
f 1541/5/2 1536/5/2 1542/5/2
f 1537/5/2 1538/5/2 1547/5/2
f 1547/5/2 1538/5/2 1548/5/2
f 1543/5/2 1544/5/2 1549/5/2
f 1549/5/2 1544/5/2 1550/5/2
f 1545/6/2 1546/6/2 1554/6/2
f 1554/6/2 1546/6/2 1555/6/2
f 1550/2/2 1551/2/2 1556/2/2
f 1551/6/2 1552/6/2 1556/6/2
f 1556/6/2 1552/6/2 1557/6/2
f 1553/6/2 1554/6/2 1560/6/2
f 1560/6/2 1554/6/2 1561/6/2
f 1550/2/2 1556/2/2 1562/2/2
f 1562/2/2 1556/2/2 1563/2/2
f 1557/6/2 1558/6/2 1564/6/2
f 1564/6/2 1558/6/2 1565/6/2
f 1559/4/2 1560/4/2 1567/4/2
f 1567/4/2 1560/4/2 1568/4/2
f 1565/4/2 1566/4/2 1569/4/2
f 1569/4/2 1566/4/2 1570/4/2
f 1571/8/2 1572/8/2 1575/8/2
f 1575/8/2 1572/8/2 1576/8/2
f 1573/8/2 1574/8/2 1577/8/2
f 1577/8/2 1574/8/2 1578/8/2
f 1579/9/2 1580/9/2 1583/9/2
f 1583/9/2 1580/9/2 1584/9/2
f 1581/9/2 1582/9/2 1585/9/2
f 1585/9/2 1582/9/2 1586/9/2
f 1587/3/2 1588/3/2 1591/3/2
f 1591/3/2 1588/3/2 1592/3/2
f 1589/5/2 1590/5/2 1597/5/2
f 1597/5/2 1590/5/2 1598/5/2
f 1593/5/2 1594/5/2 1599/5/2
f 1599/5/2 1594/5/2 1600/5/2
f 1595/5/2 1596/5/2 1603/5/2
f 1603/5/2 1596/5/2 1604/5/2
f 1601/5/2 1602/5/2 1605/5/2
f 1605/5/2 1602/5/2 1606/5/2
f 1599/2/2 1600/2/2 1607/2/2
f 1607/2/2 1600/2/2 1608/2/2
f 1609/4/2 1610/4/2 1613/4/2
f 1613/4/2 1610/4/2 1614/4/2
f 1611/4/2 1612/4/2 1615/4/2
f 1615/4/2 1612/4/2 1616/4/2
f 1617/8/2 1618/8/2 1621/8/2
f 1621/8/2 1618/8/2 1622/8/2
f 1619/8/2 1620/8/2 1623/8/2
f 1623/8/2 1620/8/2 1624/8/2
f 1625/7/2 1626/7/2 1629/7/2
f 1629/7/2 1626/7/2 1630/7/2
f 1627/7/2 1628/7/2 1631/7/2
f 1631/7/2 1628/7/2 1632/7/2
f 1633/3/2 1634/3/2 1639/3/2
f 1639/3/2 1634/3/2 1640/3/2
f 1635/3/2 1636/3/2 1641/3/2
f 1641/3/2 1636/3/2 1642/3/2
f 1637/5/2 1638/5/2 1645/5/2
f 1645/5/2 1638/5/2 1646/5/2
f 1643/5/2 1644/5/2 1647/5/2
f 1647/5/2 1644/5/2 1648/5/2
f 1649/6/2 1650/6/2 1654/6/2
f 1654/6/2 1650/6/2 1655/6/2
f 1651/6/2 1652/6/2 1656/6/2
f 1656/6/2 1652/6/2 1657/6/2
f 1653/6/2 1654/6/2 1659/6/2
f 1659/6/2 1654/6/2 1660/6/2
f 1657/6/2 1658/6/2 1661/6/2
f 1661/6/2 1658/6/2 1662/6/2
f 1663/8/2 1664/8/2 1667/8/2
f 1667/8/2 1664/8/2 1668/8/2
f 1665/8/2 1666/8/2 1669/8/2
f 1669/8/2 1666/8/2 1670/8/2
f 1671/9/2 1672/9/2 1675/9/2
f 1675/9/2 1672/9/2 1676/9/2
f 1673/9/2 1674/9/2 1677/9/2
f 1677/9/2 1674/9/2 1678/9/2
f 1675/7/2 1676/7/2 1679/7/2
f 1679/7/2 1676/7/2 1680/7/2
f 1677/7/2 1678/7/2 1681/7/2
f 1681/7/2 1678/7/2 1682/7/2
f 1683/5/2 1684/5/2 1687/5/2
f 1687/5/2 1684/5/2 1688/5/2
f 1685/5/2 1686/5/2 1689/5/2
f 1689/5/2 1686/5/2 1690/5/2
f 1691/4/2 1692/4/2 1695/4/2
f 1695/4/2 1692/4/2 1696/4/2
f 1693/4/2 1694/4/2 1697/4/2
f 1697/4/2 1694/4/2 1698/4/2
f 1699/3/2 1700/3/2 1705/3/2
f 1705/3/2 1700/3/2 1706/3/2
f 1701/2/2 1702/2/2 1707/2/2
f 1707/2/2 1702/2/2 1708/2/2
f 1703/3/2 1704/3/2 1709/3/2
f 1709/3/2 1704/3/2 1710/3/2
f 1711/9/2 1712/9/2 1715/9/2
f 1715/9/2 1712/9/2 1716/9/2
f 1713/9/2 1714/9/2 1717/9/2
f 1717/9/2 1714/9/2 1718/9/2
f 1719/3/2 1720/3/2 1723/3/2
f 1723/3/2 1720/3/2 1724/3/2
f 1721/3/2 1722/3/2 1725/3/2
f 1725/3/2 1722/3/2 1726/3/2
f 1727/9/2 1728/9/2 1731/9/2
f 1731/9/2 1728/9/2 1732/9/2
f 1729/9/2 1730/9/2 1733/9/2
f 1733/9/2 1730/9/2 1734/9/2
f 1735/2/2 1736/2/2 1737/2/2
f 1737/2/2 1736/2/2 1738/2/2
f 1739/3/2 1740/3/2 1745/3/2
f 1745/3/2 1740/3/2 1746/3/2
f 1741/3/2 1742/3/2 1747/3/2
f 1747/3/2 1742/3/2 1748/3/2
f 1743/3/2 1744/3/2 1753/3/2
f 1753/3/2 1744/3/2 1754/3/2
f 1749/3/2 1750/3/2 1755/3/2
f 1755/3/2 1750/3/2 1756/3/2
f 1751/5/2 1752/5/2 1759/5/2
f 1759/5/2 1752/5/2 1760/5/2
f 1757/5/2 1758/5/2 1761/5/2
f 1761/5/2 1758/5/2 1762/5/2
f 1763/4/2 1764/4/2 1767/4/2
f 1767/4/2 1764/4/2 1768/4/2
f 1765/4/2 1766/4/2 1769/4/2
f 1769/4/2 1766/4/2 1770/4/2
f 1771/8/2 1772/8/2 1775/8/2
f 1775/8/2 1772/8/2 1776/8/2
f 1773/8/2 1774/8/2 1777/8/2
f 1777/8/2 1774/8/2 1778/8/2
f 1779/9/2 1780/9/2 1783/9/2
f 1783/9/2 1780/9/2 1784/9/2
f 1781/9/2 1782/9/2 1785/9/2
f 1785/9/2 1782/9/2 1786/9/2
f 1783/7/2 1784/7/2 1787/7/2
f 1787/7/2 1784/7/2 1788/7/2
f 1785/7/2 1786/7/2 1789/7/2
f 1789/7/2 1786/7/2 1790/7/2
f 1791/3/2 1792/3/2 1795/3/2
f 1795/3/2 1792/3/2 1796/3/2
f 1793/3/2 1794/3/2 1799/3/2
f 1799/3/2 1794/3/2 1800/3/2
f 1797/3/2 1798/3/2 1801/3/2
f 1801/3/2 1798/3/2 1802/3/2
f 1803/5/2 1804/5/2 1808/5/2
f 1808/5/2 1804/5/2 1809/5/2
f 1805/5/2 1806/5/2 1810/5/2
f 1810/5/2 1806/5/2 1811/5/2
f 1807/6/2 1808/6/2 1814/6/2
f 1814/6/2 1808/6/2 1815/6/2
f 1811/6/2 1812/6/2 1816/6/2
f 1816/6/2 1812/6/2 1817/6/2
f 1813/6/2 1814/6/2 1819/6/2
f 1819/6/2 1814/6/2 1820/6/2
f 1817/6/2 1818/6/2 1821/6/2
f 1821/6/2 1818/6/2 1822/6/2
f 1823/8/2 1824/8/2 1827/8/2
f 1827/8/2 1824/8/2 1828/8/2
f 1825/8/2 1826/8/2 1829/8/2
f 1829/8/2 1826/8/2 1830/8/2
f 1831/7/2 1832/7/2 1835/7/2
f 1835/7/2 1832/7/2 1836/7/2
f 1833/7/2 1834/7/2 1837/7/2
f 1837/7/2 1834/7/2 1838/7/2
f 1839/3/2 1840/3/2 1845/3/2
f 1845/3/2 1840/3/2 1846/3/2
f 1841/3/2 1842/3/2 1847/3/2
f 1847/3/2 1842/3/2 1848/3/2
f 1843/5/2 1844/5/2 1852/5/2
f 1852/5/2 1844/5/2 1853/5/2
f 1849/5/2 1850/5/2 1854/5/2
f 1854/5/2 1850/5/2 1855/5/2
f 1851/5/2 1852/5/2 1857/5/2
f 1857/5/2 1852/5/2 1858/5/2
f 1855/5/2 1856/5/2 1859/5/2
f 1859/5/2 1856/5/2 1860/5/2
f 1861/4/2 1862/4/2 1866/4/2
f 1866/4/2 1862/4/2 1867/4/2
f 1863/4/2 1864/4/2 1868/4/2
f 1868/4/2 1864/4/2 1869/4/2
f 1865/4/2 1866/4/2 1871/4/2
f 1871/4/2 1866/4/2 1872/4/2
f 1869/4/2 1870/4/2 1873/4/2
f 1873/4/2 1870/4/2 1874/4/2
f 1875/9/2 1876/9/2 1879/9/2
f 1879/9/2 1876/9/2 1880/9/2
f 1877/9/2 1878/9/2 1881/9/2
f 1881/9/2 1878/9/2 1882/9/2
f 1883/3/2 1884/3/2 1887/3/2
f 1887/3/2 1884/3/2 1888/3/2
f 1885/5/2 1886/5/2 1891/5/2
f 1891/5/2 1886/5/2 1892/5/2
f 1889/5/2 1890/5/2 1893/5/2
f 1893/5/2 1890/5/2 1894/5/2
f 1895/6/2 1896/6/2 1900/6/2
f 1900/6/2 1896/6/2 1901/6/2
f 1897/6/2 1898/6/2 1902/6/2
f 1902/6/2 1898/6/2 1903/6/2
f 1899/6/2 1900/6/2 1905/6/2
f 1905/6/2 1900/6/2 1906/6/2
f 1903/6/2 1904/6/2 1907/6/2
f 1907/6/2 1904/6/2 1908/6/2
f 1909/8/2 1910/8/2 1913/8/2
f 1913/8/2 1910/8/2 1914/8/2
f 1911/8/2 1912/8/2 1915/8/2
f 1915/8/2 1912/8/2 1916/8/2
f 1917/9/2 1918/9/2 1921/9/2
f 1921/9/2 1918/9/2 1922/9/2
f 1919/9/2 1920/9/2 1923/9/2
f 1923/9/2 1920/9/2 1924/9/2
f 1921/7/2 1922/7/2 1925/7/2
f 1925/7/2 1922/7/2 1926/7/2
f 1923/7/2 1924/7/2 1927/7/2
f 1927/7/2 1924/7/2 1928/7/2
f 1929/5/2 1930/5/2 1934/5/2
f 1934/5/2 1930/5/2 1935/5/2
f 1931/5/2 1932/5/2 1936/5/2
f 1936/5/2 1932/5/2 1937/5/2
f 1933/5/2 1934/5/2 1940/5/2
f 1940/5/2 1934/5/2 1941/5/2
f 1937/5/2 1938/5/2 1944/5/2
f 1944/5/2 1938/5/2 1945/5/2
f 1939/6/2 1940/6/2 1948/6/2
f 1948/6/2 1940/6/2 1949/6/2
f 1942/2/2 1943/2/2 1950/2/2
f 1950/2/2 1943/2/2 1951/2/2
f 1945/6/2 1946/6/2 1952/6/2
f 1952/6/2 1946/6/2 1953/6/2
f 1947/6/2 1948/6/2 1956/6/2
f 1956/6/2 1948/6/2 1957/6/2
f 1950/1/2 1951/1/2 1958/1/2
f 1958/1/2 1951/1/2 1959/1/2
f 1953/6/2 1954/6/2 1960/6/2
f 1960/6/2 1954/6/2 1961/6/2
f 1955/4/2 1956/4/2 1964/4/2
f 1964/4/2 1956/4/2 1965/4/2
f 1958/2/2 1959/2/2 1966/2/2
f 1966/2/2 1959/2/2 1967/2/2
f 1961/4/2 1962/4/2 1968/4/2
f 1968/4/2 1962/4/2 1969/4/2
f 1963/4/2 1964/4/2 1971/4/2
f 1971/4/2 1964/4/2 1972/4/2
f 1966/1/2 1967/1/2 1973/1/2
f 1973/1/2 1967/1/2 1974/1/2
f 1969/4/2 1970/4/2 1975/4/2
f 1975/4/2 1970/4/2 1976/4/2
f 1971/8/2 1972/8/2 1978/8/2
f 1978/8/2 1972/8/2 1979/8/2
f 1973/2/2 1974/2/2 1980/2/2
f 1980/2/2 1974/2/2 1981/2/2
f 1975/8/2 1976/8/2 1982/8/2
f 1982/8/2 1976/8/2 1983/8/2
f 1977/8/2 1978/8/2 1985/8/2
f 1985/8/2 1978/8/2 1986/8/2
f 1980/1/2 1981/1/2 1987/1/2
f 1987/1/2 1981/1/2 1988/1/2
f 1983/8/2 1984/8/2 1989/8/2
f 1989/8/2 1984/8/2 1990/8/2
f 1985/9/2 1986/9/2 1991/9/2
f 1991/9/2 1986/9/2 1992/9/2
f 1987/2/2 1988/2/2 1993/2/2
f 1993/2/2 1988/2/2 1994/2/2
f 1989/9/2 1990/9/2 1995/9/2
f 1995/9/2 1990/9/2 1996/9/2
f 1993/1/2 1994/1/2 1997/1/2
f 1997/1/2 1994/1/2 1998/1/2
f 1999/2/2 2000/2/2 2003/2/2
f 2003/2/2 2000/2/2 2004/2/2
f 2001/2/2 2002/2/2 2005/2/2
f 2005/2/2 2002/2/2 2006/2/2
f 2007/5/2 2008/5/2 2011/5/2
f 2011/5/2 2008/5/2 2012/5/2
f 2009/5/2 2010/5/2 2017/5/2
f 2017/5/2 2010/5/2 2018/5/2
f 2013/5/2 2014/5/2 2019/5/2
f 2019/5/2 2014/5/2 2020/5/2
f 2015/6/2 2016/6/2 2024/6/2
f 2024/6/2 2016/6/2 2025/6/2
f 2021/6/2 2022/6/2 2026/6/2
f 2026/6/2 2022/6/2 2027/6/2
f 2023/6/2 2024/6/2 2030/6/2
f 2030/6/2 2024/6/2 2031/6/2
f 2027/6/2 2028/6/2 2032/6/2
f 2032/6/2 2028/6/2 2033/6/2
f 2029/4/2 2030/4/2 2036/4/2
f 2036/4/2 2030/4/2 2037/4/2
f 2033/4/2 2034/4/2 2038/4/2
f 2038/4/2 2034/4/2 2039/4/2
f 2035/4/2 2036/4/2 2041/4/2
f 2041/4/2 2036/4/2 2042/4/2
f 2039/4/2 2040/4/2 2043/4/2
f 2043/4/2 2040/4/2 2044/4/2
f 2045/8/2 2046/8/2 2049/8/2
f 2049/8/2 2046/8/2 2050/8/2
f 2047/8/2 2048/8/2 2051/8/2
f 2051/8/2 2048/8/2 2052/8/2
f 2053/9/2 2054/9/2 2057/9/2
f 2057/9/2 2054/9/2 2058/9/2
f 2055/9/2 2056/9/2 2059/9/2
f 2059/9/2 2056/9/2 2060/9/2
f 2057/7/2 2058/7/2 2063/7/2
f 2063/7/2 2058/7/2 2064/7/2
f 2061/2/2 2062/2/2 2065/2/2
f 2065/2/2 2062/2/2 2066/2/2
f 2059/7/2 2060/7/2 2067/7/2
f 2067/7/2 2060/7/2 2068/7/2
f 2069/5/2 2070/5/2 2072/5/2
f 2072/5/2 2070/5/2 2073/5/2
f 2071/6/2 2072/6/2 2076/6/2
f 2076/6/2 2072/6/2 2077/6/2
f 2073/6/2 2074/6/2 2078/6/2
f 2078/6/2 2074/6/2 2079/6/2
f 2075/6/2 2076/6/2 2082/6/2
f 2082/6/2 2076/6/2 2083/6/2
f 2079/6/2 2080/6/2 2084/6/2
f 2084/6/2 2080/6/2 2085/6/2
f 2081/4/2 2082/4/2 2088/4/2
f 2088/4/2 2082/4/2 2089/4/2
f 2085/4/2 2086/4/2 2090/4/2
f 2090/4/2 2086/4/2 2091/4/2
f 2087/4/2 2088/4/2 2094/4/2
f 2094/4/2 2088/4/2 2095/4/2
f 2091/4/2 2092/4/2 2096/4/2
f 2096/4/2 2092/4/2 2097/4/2
f 2093/8/2 2094/8/2 2100/8/2
f 2100/8/2 2094/8/2 2101/8/2
f 2097/8/2 2098/8/2 2102/8/2
f 2102/8/2 2098/8/2 2103/8/2
f 2099/9/2 2100/9/2 2105/9/2
f 2105/9/2 2100/9/2 2106/9/2
f 2103/9/2 2104/9/2 2107/9/2
f 2107/9/2 2104/9/2 2108/9/2
f 2105/7/2 2106/7/2 2109/7/2
f 2109/7/2 2106/7/2 2110/7/2
f 2107/7/2 2108/7/2 2113/7/2
f 2113/7/2 2108/7/2 2114/7/2
f 2111/2/2 2112/2/2 2115/2/2
f 2115/2/2 2112/2/2 2116/2/2
f 2117/6/2 2118/6/2 2120/6/2
f 2120/6/2 2118/6/2 2121/6/2
f 2119/6/2 2120/6/2 2124/6/2
f 2124/6/2 2120/6/2 2125/6/2
f 2125/6/2 2120/6/2 2126/6/2
f 2121/6/2 2122/6/2 2127/6/2
f 2127/6/2 2122/6/2 2128/6/2
f 2128/6/2 2122/6/2 2129/6/2
f 2123/4/2 2124/4/2 2132/4/2
f 2124/4/2 2125/4/2 2132/4/2
f 2132/4/2 2125/4/2 2133/4/2
f 2129/4/2 2130/4/2 2134/4/2
f 2128/4/2 2129/4/2 2134/4/2
f 2134/4/2 2130/4/2 2135/4/2
f 2131/4/2 2132/4/2 2138/4/2
f 2138/4/2 2132/4/2 2139/4/2
f 2135/4/2 2136/4/2 2140/4/2
f 2140/4/2 2136/4/2 2141/4/2
f 2138/8/2 2139/8/2 2143/8/2
f 2137/8/2 2138/8/2 2143/8/2
f 2143/8/2 2139/8/2 2144/8/2
f 2141/8/2 2142/8/2 2145/8/2
f 2140/8/2 2141/8/2 2145/8/2
f 2145/8/2 2142/8/2 2146/8/2
f 2137/8/2 2143/8/2 2148/8/2
f 2148/8/2 2143/8/2 2149/8/2
f 2146/8/2 2142/8/2 2150/8/2
f 2150/8/2 2142/8/2 2151/8/2
f 2147/9/2 2148/9/2 2153/9/2
f 2153/9/2 2148/9/2 2154/9/2
f 2151/9/2 2152/9/2 2157/9/2
f 2157/9/2 2152/9/2 2158/9/2
f 2153/7/2 2154/7/2 2159/7/2
f 2159/7/2 2154/7/2 2160/7/2
f 2155/2/2 2156/2/2 2161/2/2
f 2161/2/2 2156/2/2 2162/2/2
f 2157/7/2 2158/7/2 2163/7/2
f 2163/7/2 2158/7/2 2164/7/2
f 2165/6/2 2166/6/2 2168/6/2
f 2168/6/2 2166/6/2 2169/6/2
f 2169/6/2 2166/6/2 2170/6/2
f 2170/6/2 2166/6/2 2171/6/2
f 2167/4/2 2168/4/2 2174/4/2
f 2168/4/2 2169/4/2 2174/4/2
f 2174/4/2 2169/4/2 2175/4/2
f 2170/4/2 2171/4/2 2176/4/2
f 2171/4/2 2172/4/2 2176/4/2
f 2176/4/2 2172/4/2 2177/4/2
f 2173/4/2 2174/4/2 2179/4/2
f 2179/4/2 2174/4/2 2180/4/2
f 2180/4/2 2174/4/2 2181/4/2
f 2177/4/2 2178/4/2 2182/4/2
f 2182/4/2 2178/4/2 2183/4/2
f 2183/4/2 2178/4/2 2184/4/2
f 2179/8/2 2180/8/2 2186/8/2
f 2186/8/2 2180/8/2 2187/8/2
f 2183/8/2 2184/8/2 2188/8/2
f 2188/8/2 2184/8/2 2189/8/2
f 2185/8/2 2186/8/2 2192/8/2
f 2192/8/2 2186/8/2 2193/8/2
f 2189/8/2 2190/8/2 2194/8/2
f 2194/8/2 2190/8/2 2195/8/2
f 2192/9/2 2193/9/2 2197/9/2
f 2191/9/2 2192/9/2 2197/9/2
f 2197/9/2 2193/9/2 2198/9/2
f 2195/9/2 2196/9/2 2199/9/2
f 2194/9/2 2195/9/2 2199/9/2
f 2199/9/2 2196/9/2 2200/9/2
f 2191/9/2 2197/9/2 2201/9/2
f 2201/9/2 2197/9/2 2202/9/2
f 2200/9/2 2196/9/2 2205/9/2
f 2205/9/2 2196/9/2 2206/9/2
f 2201/7/2 2202/7/2 2207/7/2
f 2207/7/2 2202/7/2 2208/7/2
f 2203/2/2 2204/2/2 2210/2/2
f 2205/7/2 2206/7/2 2211/7/2
f 2211/7/2 2206/7/2 2212/7/2
f 2209/2/2 2210/2/2 2213/2/2
f 2210/2/2 2204/2/2 2214/2/2
f 2213/2/2 2210/2/2 2214/2/2
f 2219/4/2 2220/4/2 2222/4/2
f 2222/4/2 2220/4/2 2223/4/2
f 2221/4/2 2222/4/2 2226/4/2
f 2223/4/2 2224/4/2 2226/4/2
f 2222/4/2 2223/4/2 2226/4/2
f 2226/4/2 2224/4/2 2227/4/2
f 2227/4/2 2224/4/2 2228/4/2
f 2228/4/2 2224/4/2 2229/4/2
f 2225/8/2 2226/8/2 2232/8/2
f 2226/8/2 2227/8/2 2232/8/2
f 2232/8/2 2227/8/2 2233/8/2
f 2233/8/2 2227/8/2 2234/8/2
f 2228/8/2 2229/8/2 2235/8/2
f 2229/8/2 2230/8/2 2235/8/2
f 2235/8/2 2230/8/2 2236/8/2
f 2236/8/2 2230/8/2 2237/8/2
f 2232/8/2 2233/8/2 2239/8/2
f 2231/8/2 2232/8/2 2239/8/2
f 2239/8/2 2233/8/2 2240/8/2
f 2240/8/2 2233/8/2 2241/8/2
f 2237/8/2 2238/8/2 2242/8/2
f 2236/8/2 2237/8/2 2242/8/2
f 2242/8/2 2238/8/2 2243/8/2
f 2243/8/2 2238/8/2 2244/8/2
f 2239/9/2 2240/9/2 2246/9/2
f 2246/9/2 2240/9/2 2247/9/2
f 2247/9/2 2240/9/2 2248/9/2
f 2243/9/2 2244/9/2 2249/9/2
f 2249/9/2 2244/9/2 2250/9/2
f 2250/9/2 2244/9/2 2251/9/2
f 2245/9/2 2246/9/2 2253/9/2
f 2246/9/2 2247/9/2 2253/9/2
f 2253/9/2 2247/9/2 2254/9/2
f 2250/9/2 2251/9/2 2255/9/2
f 2251/9/2 2252/9/2 2255/9/2
f 2255/9/2 2252/9/2 2256/9/2
f 2215/15/2 2216/15/2 2257/15/2
f 2253/7/2 2254/7/2 2258/7/2
f 2255/7/2 2256/7/2 2259/7/2
f 2217/15/2 2218/15/2 2260/15/2
f 2215/15/2 2257/15/2 2261/15/2
f 2257/15/2 2258/15/2 2261/15/2
f 2258/7/2 2254/7/2 2262/7/2
f 2261/15/2 2258/15/2 2262/15/2
f 2262/7/2 2254/7/2 2263/7/2
f 2255/7/2 2259/7/2 2264/7/2
f 2259/15/2 2260/15/2 2265/15/2
f 2264/7/2 2259/7/2 2265/7/2
f 2260/15/2 2218/15/2 2266/15/2
f 2265/15/2 2260/15/2 2266/15/2
f 2267/8/2 2268/8/2 2270/8/2
f 2270/8/2 2268/8/2 2271/8/2
f 2269/8/2 2270/8/2 2274/8/2
f 2271/8/2 2272/8/2 2274/8/2
f 2270/8/2 2271/8/2 2274/8/2
f 2274/8/2 2272/8/2 2275/8/2
f 2275/8/2 2272/8/2 2276/8/2
f 2276/8/2 2272/8/2 2277/8/2
f 2273/9/2 2274/9/2 2280/9/2
f 2274/9/2 2275/9/2 2280/9/2
f 2280/9/2 2275/9/2 2281/9/2
f 2281/9/2 2275/9/2 2282/9/2
f 2276/9/2 2277/9/2 2283/9/2
f 2277/9/2 2278/9/2 2283/9/2
f 2283/9/2 2278/9/2 2284/9/2
f 2284/9/2 2278/9/2 2285/9/2
f 2280/9/2 2281/9/2 2287/9/2
f 2279/9/2 2280/9/2 2287/9/2
f 2287/9/2 2281/9/2 2288/9/2
f 2285/9/2 2286/9/2 2289/9/2
f 2284/9/2 2285/9/2 2289/9/2
f 2289/9/2 2286/9/2 2290/9/2
f 2287/7/2 2288/7/2 2291/7/2
f 2291/7/2 2288/7/2 2292/7/2
f 2289/7/2 2290/7/2 2293/7/2
f 2293/7/2 2290/7/2 2294/7/2
f 2287/7/2 2291/7/2 2295/7/2
f 2295/7/2 2291/7/2 2296/7/2
f 2294/7/2 2290/7/2 2297/7/2
f 2297/7/2 2290/7/2 2298/7/2
f 2299/9/2 2300/9/2 2302/9/2
f 2302/9/2 2300/9/2 2303/9/2
f 2301/9/2 2302/9/2 2305/9/2
f 2303/9/2 2304/9/2 2305/9/2
f 2302/9/2 2303/9/2 2305/9/2
f 2305/9/2 2304/9/2 2306/9/2
f 2305/7/2 2306/7/2 2308/7/2
f 2308/7/2 2306/7/2 2309/7/2
f 2308/7/2 2309/7/2 2311/7/2
f 2309/7/2 2310/7/2 2311/7/2
f 2307/7/2 2308/7/2 2311/7/2
f 2311/7/2 2310/7/2 2312/7/2
f 2317/7/3 2314/7/3 2313/7/3
f 2318/9/3 2316/9/3 2315/9/3
f 2318/7/3 2317/7/3 2316/7/3
f 2319/7/3 2314/7/3 2317/7/3
f 2319/7/3 2317/7/3 2318/7/3
f 2321/9/3 2318/9/3 2315/9/3
f 2322/9/3 2321/9/3 2320/9/3
f 2323/9/3 2318/9/3 2321/9/3
f 2323/9/3 2321/9/3 2322/9/3
f 2324/10/3 2319/10/3 2318/10/3
f 2324/9/3 2318/9/3 2323/9/3
f 2325/7/3 2314/7/3 2319/7/3
f 2325/10/3 2319/10/3 2324/10/3
f 2326/9/3 2324/9/3 2323/9/3
f 2327/7/3 2325/7/3 2324/7/3
f 2327/9/3 2324/9/3 2326/9/3
f 2328/7/3 2314/7/3 2325/7/3
f 2328/7/3 2325/7/3 2327/7/3
f 2329/7/3 2314/7/3 2328/7/3
f 2330/7/3 2314/7/3 2329/7/3
f 2335/9/3 2332/9/3 2331/9/3
f 2337/9/3 2335/9/3 2334/9/3
f 2338/7/3 2333/7/3 2332/7/3
f 2339/7/3 2333/7/3 2338/7/3
f 2341/8/3 2337/8/3 2336/8/3
f 2342/9/3 2332/9/3 2335/9/3
f 2342/9/3 2335/9/3 2337/9/3
f 2343/7/3 2338/7/3 2332/7/3
f 2343/9/3 2332/9/3 2342/9/3
f 2344/7/3 2338/7/3 2343/7/3
f 2345/8/3 2341/8/3 2340/8/3
f 2346/8/3 2337/8/3 2341/8/3
f 2346/8/3 2341/8/3 2345/8/3
f 2347/9/3 2342/9/3 2337/9/3
f 2347/8/3 2337/8/3 2346/8/3
f 2348/9/3 2342/9/3 2347/9/3
f 2349/8/3 2347/8/3 2346/8/3
f 2351/11/3 2346/11/3 2345/11/3
f 2352/8/3 2349/8/3 2346/8/3
f 2352/11/3 2346/11/3 2351/11/3
f 2353/8/3 2352/8/3 2351/8/3
f 2354/8/3 2349/8/3 2352/8/3
f 2354/8/3 2352/8/3 2353/8/3
f 2355/9/3 2350/9/3 2349/9/3
f 2358/8/3 2349/8/3 2354/8/3
f 2359/9/3 2355/9/3 2349/9/3
f 2359/8/3 2349/8/3 2358/8/3
f 2359/9/3 2356/9/3 2355/9/3
f 2360/7/3 2357/7/3 2356/7/3
f 2362/9/3 2356/9/3 2359/9/3
f 2363/9/3 2356/9/3 2362/9/3
f 2364/9/3 2356/9/3 2363/9/3
f 2365/7/3 2360/7/3 2356/7/3
f 2365/9/3 2356/9/3 2364/9/3
f 2365/7/3 2361/7/3 2360/7/3
f 2366/7/3 2361/7/3 2365/7/3
f 2372/9/3 2368/9/3 2367/9/3
f 2374/8/3 2371/8/3 2370/8/3
f 2375/9/3 2372/9/3 2371/9/3
f 2375/9/3 2368/9/3 2372/9/3
f 2376/7/3 2369/7/3 2368/7/3
f 2376/9/3 2368/9/3 2375/9/3
f 2377/7/3 2369/7/3 2376/7/3
f 2379/8/3 2374/8/3 2373/8/3
f 2380/9/3 2375/9/3 2371/9/3
f 2380/8/3 2371/8/3 2374/8/3
f 2380/8/3 2374/8/3 2379/8/3
f 2381/9/3 2375/9/3 2380/9/3
f 2382/8/3 2380/8/3 2379/8/3
f 2383/8/3 2380/8/3 2382/8/3
f 2385/4/3 2379/4/3 2378/4/3
f 2386/8/3 2382/8/3 2379/8/3
f 2386/4/3 2379/4/3 2385/4/3
f 2387/8/3 2382/8/3 2386/8/3
f 2388/4/3 2385/4/3 2384/4/3
f 2388/4/3 2386/4/3 2385/4/3
f 2389/4/3 2388/4/3 2384/4/3
f 2390/4/3 2389/4/3 2384/4/3
f 2391/4/3 2389/4/3 2390/4/3
f 2392/4/3 2389/4/3 2391/4/3
f 2394/8/3 2393/8/3 2392/8/3
f 2396/4/3 2392/4/3 2391/4/3
f 2397/8/3 2394/8/3 2392/8/3
f 2397/4/3 2392/4/3 2396/4/3
f 2397/8/3 2395/8/3 2394/8/3
f 2398/8/3 2395/8/3 2397/8/3
f 2400/8/3 2398/8/3 2397/8/3
f 2401/8/3 2398/8/3 2400/8/3
f 2402/9/3 2399/9/3 2398/9/3
f 2405/8/3 2398/8/3 2401/8/3
f 2406/9/3 2402/9/3 2398/9/3
f 2406/8/3 2398/8/3 2405/8/3
f 2406/9/3 2403/9/3 2402/9/3
f 2407/9/3 2403/9/3 2406/9/3
f 2408/9/3 2403/9/3 2407/9/3
f 2409/7/3 2404/7/3 2403/7/3
f 2409/9/3 2403/9/3 2408/9/3
f 2410/7/3 2404/7/3 2409/7/3
f 2413/15/3 2412/15/3 2411/15/3
f 2414/15/3 2412/15/3 2413/15/3
f 2417/15/3 2412/15/3 2414/15/3
f 2418/15/3 2412/15/3 2417/15/3
f 2420/9/3 2416/9/3 2415/9/3
f 2421/9/3 2416/9/3 2420/9/3
f 2422/7/3 2417/7/3 2416/7/3
f 2422/9/3 2416/9/3 2421/9/3
f 2422/7/3 2418/7/3 2417/7/3
f 2423/7/3 2418/7/3 2422/7/3
f 2426/8/3 2420/8/3 2419/8/3
f 2427/9/3 2421/9/3 2420/9/3
f 2427/8/3 2420/8/3 2426/8/3
f 2428/9/3 2421/9/3 2427/9/3
f 2429/8/3 2426/8/3 2425/8/3
f 2429/4/3 2425/4/3 2424/4/3
f 2430/8/3 2426/8/3 2429/8/3
f 2432/4/3 2429/4/3 2424/4/3
f 2433/4/3 2429/4/3 2432/4/3
f 2435/4/3 2432/4/3 2431/4/3
f 2436/4/3 2432/4/3 2435/4/3
f 2436/6/3 2435/6/3 2434/6/3
f 2437/4/3 2432/4/3 2436/4/3
f 2438/6/3 2436/6/3 2434/6/3
f 2439/6/3 2436/6/3 2438/6/3
f 2440/14/3 2439/14/3 2438/14/3
f 2441/14/3 2439/14/3 2440/14/3
f 2442/6/3 2441/6/3 2440/6/3
f 2444/6/3 2442/6/3 2440/6/3
f 2445/4/3 2443/4/3 2442/4/3
f 2445/6/3 2442/6/3 2444/6/3
f 2446/4/3 2443/4/3 2445/4/3
f 2447/4/3 2443/4/3 2446/4/3
f 2449/4/3 2448/4/3 2447/4/3
f 2451/4/3 2449/4/3 2447/4/3
f 2452/8/3 2450/8/3 2449/8/3
f 2452/4/3 2449/4/3 2451/4/3
f 2453/8/3 2450/8/3 2452/8/3
f 2456/8/3 2454/8/3 2453/8/3
f 2457/9/3 2455/9/3 2454/9/3
f 2457/8/3 2454/8/3 2456/8/3
f 2458/9/3 2455/9/3 2457/9/3
f 2461/9/3 2458/9/3 2457/9/3
f 2461/9/3 2459/9/3 2458/9/3
f 2462/7/3 2460/7/3 2459/7/3
f 2462/9/3 2459/9/3 2461/9/3
f 2463/7/3 2460/7/3 2462/7/3
f 2464/7/3 2460/7/3 2463/7/3
f 2466/15/3 2464/15/3 2463/15/3
f 2467/15/3 2466/15/3 2465/15/3
f 2468/15/3 2464/15/3 2466/15/3
f 2468/15/3 2466/15/3 2467/15/3
f 2473/9/3 2470/9/3 2469/9/3
f 2474/7/3 2471/7/3 2470/7/3
f 2474/9/3 2470/9/3 2473/9/3
f 2475/7/3 2471/7/3 2474/7/3
f 2477/8/3 2473/8/3 2472/8/3
f 2478/8/3 2473/8/3 2477/8/3
f 2479/8/3 2473/8/3 2478/8/3
f 2481/4/3 2477/4/3 2476/4/3
f 2482/8/3 2478/8/3 2477/8/3
f 2482/4/3 2477/4/3 2481/4/3
f 2483/8/3 2478/8/3 2482/8/3
f 2485/4/3 2481/4/3 2480/4/3
f 2486/4/3 2481/4/3 2485/4/3
f 2486/6/3 2485/6/3 2484/6/3
f 2487/4/3 2481/4/3 2486/4/3
f 2489/6/3 2486/6/3 2484/6/3
f 2490/6/3 2486/6/3 2489/6/3
f 2491/6/3 2489/6/3 2488/6/3
f 2492/6/3 2491/6/3 2488/6/3
f 2493/6/3 2492/6/3 2488/6/3
f 2494/6/3 2492/6/3 2493/6/3
f 2496/6/3 2495/6/3 2494/6/3
f 2498/6/3 2496/6/3 2494/6/3
f 2499/4/3 2497/4/3 2496/4/3
f 2499/6/3 2496/6/3 2498/6/3
f 2500/4/3 2497/4/3 2499/4/3
f 2501/4/3 2497/4/3 2500/4/3
f 2504/4/3 2502/4/3 2501/4/3
f 2505/8/3 2503/8/3 2502/8/3
f 2505/4/3 2502/4/3 2504/4/3
f 2506/8/3 2503/8/3 2505/8/3
f 2508/8/3 2506/8/3 2505/8/3
f 2508/8/3 2507/8/3 2506/8/3
f 2509/8/3 2507/8/3 2508/8/3
f 2512/9/3 2510/9/3 2509/9/3
f 2513/7/3 2511/7/3 2510/7/3
f 2513/9/3 2510/9/3 2512/9/3
f 2514/7/3 2511/7/3 2513/7/3
f 2519/9/3 2516/9/3 2515/9/3
f 2520/7/3 2517/7/3 2516/7/3
f 2520/9/3 2516/9/3 2519/9/3
f 2521/7/3 2517/7/3 2520/7/3
f 2523/8/3 2519/8/3 2518/8/3
f 2524/8/3 2519/8/3 2523/8/3
f 2526/4/3 2523/4/3 2522/4/3
f 2527/4/3 2523/4/3 2526/4/3
f 2529/4/3 2526/4/3 2525/4/3
f 2530/4/3 2526/4/3 2529/4/3
f 2532/6/3 2529/6/3 2528/6/3
f 2533/6/3 2529/6/3 2532/6/3
f 2535/6/3 2532/6/3 2531/6/3
f 2536/6/3 2532/6/3 2535/6/3
f 2537/5/3 2535/5/3 2534/5/3
f 2538/5/3 2535/5/3 2537/5/3
f 2539/13/3 2538/13/3 2537/13/3
f 2540/13/3 2538/13/3 2539/13/3
f 2541/5/3 2540/5/3 2539/5/3
f 2542/5/3 2540/5/3 2541/5/3
f 2544/6/3 2543/6/3 2542/6/3
f 2545/6/3 2543/6/3 2544/6/3
f 2547/6/3 2546/6/3 2545/6/3
f 2548/6/3 2546/6/3 2547/6/3
f 2552/4/3 2549/4/3 2548/4/3
f 2553/4/3 2549/4/3 2552/4/3
f 2555/2/3 2551/2/3 2550/2/3
f 2556/2/3 2551/2/3 2555/2/3
f 2558/4/3 2554/4/3 2553/4/3
f 2559/4/3 2554/4/3 2558/4/3
f 2561/2/3 2557/2/3 2556/2/3
f 2562/2/3 2557/2/3 2561/2/3
f 2563/8/3 2560/8/3 2559/8/3
f 2564/8/3 2560/8/3 2563/8/3
f 2567/9/3 2565/9/3 2564/9/3
f 2568/7/3 2566/7/3 2565/7/3
f 2568/9/3 2565/9/3 2567/9/3
f 2569/7/3 2566/7/3 2568/7/3
f 2575/9/3 2571/9/3 2570/9/3
f 2576/7/3 2572/7/3 2571/7/3
f 2576/9/3 2571/9/3 2575/9/3
f 2577/7/3 2572/7/3 2576/7/3
f 2580/8/3 2574/8/3 2573/8/3
f 2581/8/3 2574/8/3 2580/8/3
f 2583/4/3 2579/4/3 2578/4/3
f 2584/4/3 2579/4/3 2583/4/3
f 2586/4/3 2583/4/3 2582/4/3
f 2587/4/3 2583/4/3 2586/4/3
f 2589/6/3 2586/6/3 2585/6/3
f 2590/6/3 2586/6/3 2589/6/3
f 2591/6/3 2589/6/3 2588/6/3
f 2592/6/3 2589/6/3 2591/6/3
f 2595/5/3 2594/5/3 2593/5/3
f 2596/5/3 2594/5/3 2595/5/3
f 2599/5/3 2598/5/3 2597/5/3
f 2600/5/3 2599/5/3 2597/5/3
f 2601/5/3 2600/5/3 2597/5/3
f 2602/5/3 2600/5/3 2601/5/3
f 2605/5/3 2604/5/3 2603/5/3
f 2606/5/3 2604/5/3 2605/5/3
f 2611/6/3 2608/6/3 2607/6/3
f 2612/6/3 2608/6/3 2611/6/3
f 2614/2/3 2610/2/3 2609/2/3
f 2615/2/3 2610/2/3 2614/2/3
f 2616/2/3 2610/2/3 2615/2/3
f 2617/6/3 2613/6/3 2612/6/3
f 2618/6/3 2613/6/3 2617/6/3
f 2620/4/3 2619/4/3 2618/4/3
f 2621/4/3 2619/4/3 2620/4/3
f 2623/4/3 2622/4/3 2621/4/3
f 2624/4/3 2622/4/3 2623/4/3
f 2627/8/3 2626/8/3 2625/8/3
f 2628/8/3 2626/8/3 2627/8/3
f 2632/9/3 2630/9/3 2629/9/3
f 2633/7/3 2631/7/3 2630/7/3
f 2633/9/3 2630/9/3 2632/9/3
f 2634/7/3 2631/7/3 2633/7/3
f 2640/8/3 2636/8/3 2635/8/3
f 2641/9/3 2637/9/3 2636/9/3
f 2641/8/3 2636/8/3 2640/8/3
f 2642/9/3 2637/9/3 2641/9/3
f 2644/4/3 2639/4/3 2638/4/3
f 2645/8/3 2640/8/3 2639/8/3
f 2645/4/3 2639/4/3 2644/4/3
f 2646/8/3 2640/8/3 2645/8/3
f 2648/4/3 2644/4/3 2643/4/3
f 2649/4/3 2644/4/3 2648/4/3
f 2651/6/3 2648/6/3 2647/6/3
f 2652/6/3 2648/6/3 2651/6/3
f 2654/6/3 2651/6/3 2650/6/3
f 2655/6/3 2651/6/3 2654/6/3
f 2657/5/3 2654/5/3 2653/5/3
f 2658/5/3 2654/5/3 2657/5/3
f 2659/5/3 2657/5/3 2656/5/3
f 2660/5/3 2657/5/3 2659/5/3
f 2663/5/3 2662/5/3 2661/5/3
f 2664/5/3 2662/5/3 2663/5/3
f 2666/5/3 2665/5/3 2664/5/3
f 2667/5/3 2665/5/3 2666/5/3
f 2669/6/3 2668/6/3 2667/6/3
f 2670/6/3 2668/6/3 2669/6/3
f 2672/6/3 2671/6/3 2670/6/3
f 2673/6/3 2671/6/3 2672/6/3
f 2675/4/3 2674/4/3 2673/4/3
f 2676/4/3 2674/4/3 2675/4/3
f 2679/4/3 2677/4/3 2676/4/3
f 2680/8/3 2678/8/3 2677/8/3
f 2680/4/3 2677/4/3 2679/4/3
f 2681/8/3 2678/8/3 2680/8/3
f 2684/8/3 2682/8/3 2681/8/3
f 2685/9/3 2683/9/3 2682/9/3
f 2685/8/3 2682/8/3 2684/8/3
f 2686/9/3 2683/9/3 2685/9/3
f 2692/9/3 2688/9/3 2687/9/3
f 2693/7/3 2689/7/3 2688/7/3
f 2693/9/3 2688/9/3 2692/9/3
f 2694/7/3 2689/7/3 2693/7/3
f 2695/8/3 2691/8/3 2690/8/3
f 2696/8/3 2691/8/3 2695/8/3
f 2700/6/3 2698/6/3 2697/6/3
f 2701/6/3 2698/6/3 2700/6/3
f 2702/6/3 2700/6/3 2699/6/3
f 2703/6/3 2700/6/3 2702/6/3
f 2706/5/3 2705/5/3 2704/5/3
f 2707/5/3 2705/5/3 2706/5/3
f 2710/3/3 2709/3/3 2708/3/3
f 2711/3/3 2709/3/3 2710/3/3
f 2712/12/3 2711/12/3 2710/12/3
f 2713/12/3 2711/12/3 2712/12/3
f 2714/3/3 2713/3/3 2712/3/3
f 2715/3/3 2713/3/3 2714/3/3
f 2718/5/3 2717/5/3 2716/5/3
f 2719/5/3 2717/5/3 2718/5/3
f 2722/6/3 2721/6/3 2720/6/3
f 2723/6/3 2721/6/3 2722/6/3
f 2725/6/3 2724/6/3 2723/6/3
f 2726/6/3 2724/6/3 2725/6/3
f 2731/2/3 2728/2/3 2727/2/3
f 2732/2/3 2728/2/3 2731/2/3
f 2733/8/3 2730/8/3 2729/8/3
f 2734/8/3 2730/8/3 2733/8/3
f 2738/9/3 2736/9/3 2735/9/3
f 2739/7/3 2737/7/3 2736/7/3
f 2739/9/3 2736/9/3 2738/9/3
f 2740/7/3 2737/7/3 2739/7/3
f 2745/9/3 2742/9/3 2741/9/3
f 2746/9/3 2742/9/3 2745/9/3
f 2750/4/3 2744/4/3 2743/4/3
f 2751/4/3 2744/4/3 2750/4/3
f 2752/2/3 2748/2/3 2747/2/3
f 2753/2/3 2748/2/3 2752/2/3
f 2754/4/3 2750/4/3 2749/4/3
f 2755/4/3 2750/4/3 2754/4/3
f 2759/5/3 2757/5/3 2756/5/3
f 2760/5/3 2757/5/3 2759/5/3
f 2761/5/3 2759/5/3 2758/5/3
f 2762/5/3 2759/5/3 2761/5/3
f 2765/3/3 2764/3/3 2763/3/3
f 2766/3/3 2764/3/3 2765/3/3
f 2769/3/3 2768/3/3 2767/3/3
f 2770/3/3 2768/3/3 2769/3/3
f 2775/5/3 2772/5/3 2771/5/3
f 2776/5/3 2772/5/3 2775/5/3
f 2778/2/3 2774/2/3 2773/2/3
f 2779/2/3 2774/2/3 2778/2/3
f 2780/5/3 2777/5/3 2776/5/3
f 2781/5/3 2777/5/3 2780/5/3
f 2784/4/3 2783/4/3 2782/4/3
f 2785/4/3 2783/4/3 2784/4/3
f 2787/4/3 2786/4/3 2785/4/3
f 2788/4/3 2786/4/3 2787/4/3
f 2791/9/3 2790/9/3 2789/9/3
f 2792/9/3 2790/9/3 2791/9/3
f 2797/7/3 2794/7/3 2793/7/3
f 2798/7/3 2794/7/3 2797/7/3
f 2799/8/3 2796/8/3 2795/8/3
f 2800/8/3 2796/8/3 2799/8/3
f 2806/6/3 2802/6/3 2801/6/3
f 2807/6/3 2802/6/3 2806/6/3
f 2808/2/3 2804/2/3 2803/2/3
f 2809/2/3 2804/2/3 2808/2/3
f 2811/6/3 2806/6/3 2805/6/3
f 2812/6/3 2806/6/3 2811/6/3
f 2813/5/3 2811/5/3 2810/5/3
f 2814/5/3 2811/5/3 2813/5/3
f 2817/3/3 2816/3/3 2815/3/3
f 2818/3/3 2816/3/3 2817/3/3
f 2821/3/3 2820/3/3 2819/3/3
f 2822/3/3 2820/3/3 2821/3/3
f 2825/3/3 2824/3/3 2823/3/3
f 2826/3/3 2824/3/3 2825/3/3
f 2836/2/3 2828/2/3 2827/2/3
f 2837/1/3 2829/1/3 2828/1/3
f 2837/2/3 2828/2/3 2836/2/3
f 2838/2/3 2830/2/3 2829/2/3
f 2838/1/3 2829/1/3 2837/1/3
f 2839/1/3 2831/1/3 2830/1/3
f 2839/2/3 2830/2/3 2838/2/3
f 2840/2/3 2832/2/3 2831/2/3
f 2840/1/3 2831/1/3 2839/1/3
f 2841/1/3 2833/1/3 2832/1/3
f 2841/2/3 2832/2/3 2840/2/3
f 2842/2/3 2834/2/3 2833/2/3
f 2842/1/3 2833/1/3 2841/1/3
f 2843/1/3 2835/1/3 2834/1/3
f 2843/2/3 2834/2/3 2842/2/3
f 2844/1/3 2835/1/3 2843/1/3
f 2849/2/3 2846/2/3 2845/2/3
f 2850/2/3 2846/2/3 2849/2/3
f 2851/5/3 2848/5/3 2847/5/3
f 2852/5/3 2848/5/3 2851/5/3
f 2854/6/3 2853/6/3 2852/6/3
f 2855/6/3 2853/6/3 2854/6/3
f 2857/6/3 2856/6/3 2855/6/3
f 2858/6/3 2856/6/3 2857/6/3
f 2861/8/3 2860/8/3 2859/8/3
f 2862/8/3 2860/8/3 2861/8/3
f 2865/7/3 2864/7/3 2863/7/3
f 2866/7/3 2864/7/3 2865/7/3
f 2872/9/3 2868/9/3 2867/9/3
f 2873/7/3 2869/7/3 2868/7/3
f 2873/9/3 2868/9/3 2872/9/3
f 2874/7/3 2869/7/3 2873/7/3
f 2877/8/3 2871/8/3 2870/8/3
f 2878/8/3 2871/8/3 2877/8/3
f 2879/4/3 2876/4/3 2875/4/3
f 2880/4/3 2876/4/3 2879/4/3
f 2883/2/3 2882/2/3 2881/2/3
f 2884/2/3 2882/2/3 2883/2/3
f 2887/2/3 2886/2/3 2885/2/3
f 2888/2/3 2886/2/3 2887/2/3
f 2891/5/3 2890/5/3 2889/5/3
f 2892/5/3 2890/5/3 2891/5/3
f 2895/3/3 2894/3/3 2893/3/3
f 2896/3/3 2894/3/3 2895/3/3
f 2899/3/3 2898/3/3 2897/3/3
f 2900/3/3 2898/3/3 2899/3/3
f 2903/3/3 2902/3/3 2901/3/3
f 2904/3/3 2902/3/3 2903/3/3
f 2907/3/3 2906/3/3 2905/3/3
f 2908/3/3 2906/3/3 2907/3/3
f 2911/5/3 2910/5/3 2909/5/3
f 2912/5/3 2910/5/3 2911/5/3
f 2915/4/3 2914/4/3 2913/4/3
f 2916/4/3 2914/4/3 2915/4/3
f 2919/8/3 2918/8/3 2917/8/3
f 2920/8/3 2918/8/3 2919/8/3
f 2924/9/3 2922/9/3 2921/9/3
f 2925/7/3 2923/7/3 2922/7/3
f 2925/9/3 2922/9/3 2924/9/3
f 2926/7/3 2923/7/3 2925/7/3
f 2929/9/3 2928/9/3 2927/9/3
f 2930/9/3 2928/9/3 2929/9/3
f 2933/3/3 2932/3/3 2931/3/3
f 2934/3/3 2932/3/3 2933/3/3
f 2937/3/3 2936/3/3 2935/3/3
f 2938/3/3 2936/3/3 2937/3/3
f 2941/9/3 2940/9/3 2939/9/3
f 2942/9/3 2940/9/3 2941/9/3
f 2945/2/3 2944/2/3 2943/2/3
f 2946/2/3 2944/2/3 2945/2/3
f 2949/2/3 2948/2/3 2947/2/3
f 2950/2/3 2948/2/3 2949/2/3
f 2953/9/3 2952/9/3 2951/9/3
f 2954/9/3 2952/9/3 2953/9/3
f 2957/3/3 2956/3/3 2955/3/3
f 2958/3/3 2956/3/3 2957/3/3
f 2961/2/3 2960/2/3 2959/2/3
f 2962/2/3 2960/2/3 2961/2/3
f 2965/3/3 2964/3/3 2963/3/3
f 2966/3/3 2964/3/3 2965/3/3
f 2969/9/3 2968/9/3 2967/9/3
f 2970/9/3 2968/9/3 2969/9/3
f 2973/4/3 2972/4/3 2971/4/3
f 2974/4/3 2972/4/3 2973/4/3
f 2977/5/3 2976/5/3 2975/5/3
f 2978/5/3 2976/5/3 2977/5/3
f 2981/5/3 2980/5/3 2979/5/3
f 2982/5/3 2980/5/3 2981/5/3
f 2985/4/3 2984/4/3 2983/4/3
f 2986/4/3 2984/4/3 2985/4/3
f 2992/9/3 2988/9/3 2987/9/3
f 2993/7/3 2989/7/3 2988/7/3
f 2993/9/3 2988/9/3 2992/9/3
f 2994/7/3 2989/7/3 2993/7/3
f 2995/8/3 2991/8/3 2990/8/3
f 2996/8/3 2991/8/3 2995/8/3
f 3000/6/3 2998/6/3 2997/6/3
f 3001/6/3 2998/6/3 3000/6/3
f 3002/6/3 3000/6/3 2999/6/3
f 3003/6/3 3000/6/3 3002/6/3
f 3006/5/3 3005/5/3 3004/5/3
f 3007/5/3 3005/5/3 3006/5/3
f 3010/3/3 3009/3/3 3008/3/3
f 3011/3/3 3009/3/3 3010/3/3
f 3014/3/3 3013/3/3 3012/3/3
f 3015/3/3 3013/3/3 3014/3/3
f 3018/5/3 3017/5/3 3016/5/3
f 3019/5/3 3017/5/3 3018/5/3
f 3022/6/3 3021/6/3 3020/6/3
f 3023/6/3 3021/6/3 3022/6/3
f 3025/6/3 3024/6/3 3023/6/3
f 3026/6/3 3024/6/3 3025/6/3
f 3029/8/3 3028/8/3 3027/8/3
f 3030/8/3 3028/8/3 3029/8/3
f 3034/9/3 3032/9/3 3031/9/3
f 3035/7/3 3033/7/3 3032/7/3
f 3035/9/3 3032/9/3 3034/9/3
f 3036/7/3 3033/7/3 3035/7/3
f 3041/7/3 3038/7/3 3037/7/3
f 3042/7/3 3038/7/3 3041/7/3
f 3045/8/3 3040/8/3 3039/8/3
f 3046/8/3 3040/8/3 3045/8/3
f 3047/4/3 3044/4/3 3043/4/3
f 3048/4/3 3044/4/3 3047/4/3
f 3052/5/3 3050/5/3 3049/5/3
f 3053/2/3 3051/2/3 3050/2/3
f 3053/5/3 3050/5/3 3052/5/3
f 3054/2/3 3051/2/3 3053/2/3
f 3058/5/3 3056/5/3 3055/5/3
f 3059/2/3 3057/2/3 3056/2/3
f 3059/5/3 3056/5/3 3058/5/3
f 3060/2/3 3057/2/3 3059/2/3
f 3063/3/3 3062/3/3 3061/3/3
f 3064/3/3 3062/3/3 3063/3/3
f 3067/5/3 3066/5/3 3065/5/3
f 3068/5/3 3066/5/3 3067/5/3
f 3071/5/3 3070/5/3 3069/5/3
f 3072/5/3 3070/5/3 3071/5/3
f 3075/4/3 3074/4/3 3073/4/3
f 3076/4/3 3074/4/3 3075/4/3
f 3079/8/3 3078/8/3 3077/8/3
f 3080/8/3 3078/8/3 3079/8/3
f 3083/7/3 3082/7/3 3081/7/3
f 3084/7/3 3082/7/3 3083/7/3
f 3089/9/3 3086/9/3 3085/9/3
f 3090/9/3 3086/9/3 3089/9/3
f 3093/8/3 3088/8/3 3087/8/3
f 3094/8/3 3088/8/3 3093/8/3
f 3096/4/3 3092/4/3 3091/4/3
f 3097/4/3 3092/4/3 3096/4/3
f 3099/6/3 3096/6/3 3095/6/3
f 3100/6/3 3096/6/3 3099/6/3
f 3101/6/3 3099/6/3 3098/6/3
f 3102/6/3 3099/6/3 3101/6/3
f 3105/5/3 3104/5/3 3103/5/3
f 3106/5/3 3104/5/3 3105/5/3
f 3109/5/3 3108/5/3 3107/5/3
f 3110/5/3 3108/5/3 3109/5/3
f 3113/5/3 3112/5/3 3111/5/3
f 3114/5/3 3112/5/3 3113/5/3
f 3117/5/3 3116/5/3 3115/5/3
f 3118/5/3 3116/5/3 3117/5/3
f 3121/6/3 3120/6/3 3119/6/3
f 3122/6/3 3120/6/3 3121/6/3
f 3124/6/3 3123/6/3 3122/6/3
f 3125/6/3 3123/6/3 3124/6/3
f 3127/4/3 3126/4/3 3125/4/3
f 3128/4/3 3126/4/3 3127/4/3
f 3131/8/3 3130/8/3 3129/8/3
f 3132/8/3 3130/8/3 3131/8/3
f 3135/9/3 3134/9/3 3133/9/3
f 3136/9/3 3134/9/3 3135/9/3
f 3142/9/3 3138/9/3 3137/9/3
f 3143/7/3 3139/7/3 3138/7/3
f 3143/9/3 3138/9/3 3142/9/3
f 3144/7/3 3139/7/3 3143/7/3
f 3147/8/3 3141/8/3 3140/8/3
f 3148/8/3 3141/8/3 3147/8/3
f 3150/4/3 3146/4/3 3145/4/3
f 3151/4/3 3146/4/3 3150/4/3
f 3153/4/3 3150/4/3 3149/4/3
f 3154/4/3 3150/4/3 3153/4/3
f 3156/6/3 3153/6/3 3152/6/3
f 3157/6/3 3153/6/3 3156/6/3
f 3158/6/3 3156/6/3 3155/6/3
f 3159/6/3 3156/6/3 3158/6/3
f 3162/2/3 3159/2/3 3158/2/3
f 3162/2/3 3160/2/3 3159/2/3
f 3163/2/3 3160/2/3 3162/2/3
f 3164/5/3 3162/5/3 3161/5/3
f 3165/5/3 3162/5/3 3164/5/3
f 3168/5/3 3167/5/3 3166/5/3
f 3169/5/3 3167/5/3 3168/5/3
f 3172/5/3 3171/5/3 3170/5/3
f 3173/5/3 3171/5/3 3172/5/3
f 3176/6/3 3175/6/3 3174/6/3
f 3177/6/3 3175/6/3 3176/6/3
f 3180/6/3 3178/6/3 3177/6/3
f 3181/2/3 3179/2/3 3178/2/3
f 3181/6/3 3178/6/3 3180/6/3
f 3182/2/3 3179/2/3 3181/2/3
f 3183/4/3 3182/4/3 3181/4/3
f 3184/4/3 3182/4/3 3183/4/3
f 3186/4/3 3185/4/3 3184/4/3
f 3187/4/3 3185/4/3 3186/4/3
f 3190/8/3 3189/8/3 3188/8/3
f 3191/8/3 3189/8/3 3190/8/3
f 3195/9/3 3193/9/3 3192/9/3
f 3196/7/3 3194/7/3 3193/7/3
f 3196/9/3 3193/9/3 3195/9/3
f 3197/7/3 3194/7/3 3196/7/3
f 3202/9/3 3199/9/3 3198/9/3
f 3203/9/3 3199/9/3 3202/9/3
f 3205/8/3 3201/8/3 3200/8/3
f 3206/8/3 3201/8/3 3205/8/3
f 3207/4/3 3205/4/3 3204/4/3
f 3208/4/3 3205/4/3 3207/4/3
f 3211/6/3 3210/6/3 3209/6/3
f 3212/6/3 3210/6/3 3211/6/3
f 3215/5/3 3214/5/3 3213/5/3
f 3216/5/3 3214/5/3 3215/5/3
f 3219/5/3 3218/5/3 3217/5/3
f 3220/5/3 3218/5/3 3219/5/3
f 3223/6/3 3222/6/3 3221/6/3
f 3224/6/3 3222/6/3 3223/6/3
f 3227/6/3 3225/6/3 3224/6/3
f 3228/2/3 3226/2/3 3225/2/3
f 3228/6/3 3225/6/3 3227/6/3
f 3229/2/3 3226/2/3 3228/2/3
f 3231/2/3 3230/2/3 3229/2/3
f 3232/2/3 3230/2/3 3231/2/3
f 3233/4/3 3232/4/3 3231/4/3
f 3234/4/3 3232/4/3 3233/4/3
f 3236/8/3 3235/8/3 3234/8/3
f 3237/8/3 3235/8/3 3236/8/3
f 3240/9/3 3239/9/3 3238/9/3
f 3241/9/3 3239/9/3 3240/9/3
f 3247/7/3 3243/7/3 3242/7/3
f 3248/7/3 3243/7/3 3247/7/3
f 3250/8/3 3245/8/3 3244/8/3
f 3251/9/3 3246/9/3 3245/9/3
f 3251/8/3 3245/8/3 3250/8/3
f 3252/9/3 3246/9/3 3251/9/3
f 3254/8/3 3250/8/3 3249/8/3
f 3255/8/3 3250/8/3 3254/8/3
f 3256/4/3 3254/4/3 3253/4/3
f 3257/4/3 3254/4/3 3256/4/3
f 3259/4/3 3256/4/3 3253/4/3
f 3260/4/3 3256/4/3 3259/4/3
f 3262/6/3 3259/6/3 3258/6/3
f 3263/6/3 3259/6/3 3262/6/3
f 3264/6/3 3262/6/3 3261/6/3
f 3265/6/3 3262/6/3 3264/6/3
f 3268/5/3 3267/5/3 3266/5/3
f 3269/5/3 3267/5/3 3268/5/3
f 3272/6/3 3271/6/3 3270/6/3
f 3273/6/3 3271/6/3 3272/6/3
f 3275/6/3 3274/6/3 3273/6/3
f 3276/6/3 3274/6/3 3275/6/3
f 3279/8/3 3278/8/3 3277/8/3
f 3280/8/3 3278/8/3 3279/8/3
f 3283/8/3 3281/8/3 3280/8/3
f 3284/9/3 3282/9/3 3281/9/3
f 3284/8/3 3281/8/3 3283/8/3
f 3285/9/3 3282/9/3 3284/9/3
f 3288/7/3 3287/7/3 3286/7/3
f 3289/7/3 3287/7/3 3288/7/3
f 3295/9/3 3291/9/3 3290/9/3
f 3296/7/3 3292/7/3 3291/7/3
f 3296/9/3 3291/9/3 3295/9/3
f 3297/7/3 3292/7/3 3296/7/3
f 3299/8/3 3294/8/3 3293/8/3
f 3300/9/3 3295/9/3 3294/9/3
f 3300/8/3 3294/8/3 3299/8/3
f 3301/9/3 3295/9/3 3300/9/3
f 3303/8/3 3299/8/3 3298/8/3
f 3304/8/3 3299/8/3 3303/8/3
f 3306/4/3 3303/4/3 3302/4/3
f 3307/4/3 3303/4/3 3306/4/3
f 3309/4/3 3306/4/3 3305/4/3
f 3310/4/3 3306/4/3 3309/4/3
f 3312/6/3 3309/6/3 3308/6/3
f 3313/6/3 3309/6/3 3312/6/3
f 3314/6/3 3312/6/3 3311/6/3
f 3315/6/3 3312/6/3 3314/6/3
f 3317/6/3 3316/6/3 3315/6/3
f 3318/6/3 3316/6/3 3317/6/3
f 3320/4/3 3319/4/3 3318/4/3
f 3321/4/3 3319/4/3 3320/4/3
f 3323/4/3 3322/4/3 3321/4/3
f 3324/4/3 3322/4/3 3323/4/3
f 3326/8/3 3325/8/3 3324/8/3
f 3327/8/3 3325/8/3 3326/8/3
f 3330/8/3 3328/8/3 3327/8/3
f 3331/9/3 3329/9/3 3328/9/3
f 3331/8/3 3328/8/3 3330/8/3
f 3332/9/3 3329/9/3 3331/9/3
f 3335/9/3 3333/9/3 3332/9/3
f 3336/7/3 3334/7/3 3333/7/3
f 3336/9/3 3333/9/3 3335/9/3
f 3337/7/3 3334/7/3 3336/7/3
f 3343/9/3 3339/9/3 3338/9/3
f 3344/7/3 3340/7/3 3339/7/3
f 3344/9/3 3339/9/3 3343/9/3
f 3345/7/3 3340/7/3 3344/7/3
f 3347/8/3 3342/8/3 3341/8/3
f 3348/9/3 3343/9/3 3342/9/3
f 3348/9/3 3344/9/3 3343/9/3
f 3348/8/3 3342/8/3 3347/8/3
f 3349/9/3 3344/9/3 3348/9/3
f 3351/8/3 3347/8/3 3346/8/3
f 3351/8/3 3348/8/3 3347/8/3
f 3352/8/3 3348/8/3 3351/8/3
f 3353/8/3 3348/8/3 3352/8/3
f 3355/4/3 3351/4/3 3350/4/3
f 3356/8/3 3352/8/3 3351/8/3
f 3356/4/3 3351/4/3 3355/4/3
f 3357/8/3 3352/8/3 3356/8/3
f 3358/4/3 3355/4/3 3354/4/3
f 3358/4/3 3356/4/3 3355/4/3
f 3359/4/3 3356/4/3 3358/4/3
f 3361/4/3 3358/4/3 3354/4/3
f 3362/4/3 3358/4/3 3361/4/3
f 3362/6/3 3361/6/3 3360/6/3
f 3363/4/3 3358/4/3 3362/4/3
f 3364/6/3 3362/6/3 3360/6/3
f 3366/6/3 3364/6/3 3360/6/3
f 3367/4/3 3365/4/3 3364/4/3
f 3367/6/3 3364/6/3 3366/6/3
f 3368/4/3 3365/4/3 3367/4/3
f 3370/4/3 3368/4/3 3367/4/3
f 3370/4/3 3369/4/3 3368/4/3
f 3371/4/3 3369/4/3 3370/4/3
f 3372/4/3 3369/4/3 3371/4/3
f 3374/4/3 3372/4/3 3371/4/3
f 3375/8/3 3373/8/3 3372/8/3
f 3375/4/3 3372/4/3 3374/4/3
f 3376/8/3 3373/8/3 3375/8/3
f 3378/8/3 3376/8/3 3375/8/3
f 3378/8/3 3377/8/3 3376/8/3
f 3379/8/3 3377/8/3 3378/8/3
f 3380/8/3 3377/8/3 3379/8/3
f 3382/8/3 3380/8/3 3379/8/3
f 3383/9/3 3381/9/3 3380/9/3
f 3383/8/3 3380/8/3 3382/8/3
f 3384/9/3 3381/9/3 3383/9/3
f 3385/9/3 3381/9/3 3384/9/3
f 3387/9/3 3385/9/3 3384/9/3
f 3388/7/3 3386/7/3 3385/7/3
f 3388/9/3 3385/9/3 3387/9/3
f 3389/7/3 3386/7/3 3388/7/3
f 3392/15/3 3391/15/3 3390/15/3
f 3393/15/3 3391/15/3 3392/15/3
f 3396/15/3 3395/15/3 3394/15/3
f 3397/15/3 3395/15/3 3396/15/3
f 3401/7/3 3399/7/3 3398/7/3
f 3403/9/3 3401/9/3 3400/9/3
f 3404/9/3 3401/9/3 3403/9/3
f 3405/7/3 3399/7/3 3401/7/3
f 3405/9/3 3401/9/3 3404/9/3
f 3406/7/3 3399/7/3 3405/7/3
f 3408/8/3 3403/8/3 3402/8/3
f 3409/9/3 3404/9/3 3403/9/3
f 3409/8/3 3403/8/3 3408/8/3
f 3410/9/3 3404/9/3 3409/9/3
f 3412/8/3 3408/8/3 3407/8/3
f 3412/8/3 3409/8/3 3408/8/3
f 3413/8/3 3409/8/3 3412/8/3
f 3414/8/3 3409/8/3 3413/8/3
f 3415/4/3 3412/4/3 3411/4/3
f 3415/8/3 3413/8/3 3412/8/3
f 3416/8/3 3413/8/3 3415/8/3
f 3418/4/3 3415/4/3 3411/4/3
f 3419/4/3 3418/4/3 3417/4/3
f 3420/4/3 3415/4/3 3418/4/3
f 3420/4/3 3418/4/3 3419/4/3
f 3421/4/3 3415/4/3 3420/4/3
f 3423/4/3 3421/4/3 3420/4/3
f 3424/8/3 3422/8/3 3421/8/3
f 3424/4/3 3421/4/3 3423/4/3
f 3425/8/3 3422/8/3 3424/8/3
f 3427/8/3 3425/8/3 3424/8/3
f 3427/8/3 3426/8/3 3425/8/3
f 3428/8/3 3426/8/3 3427/8/3
f 3429/8/3 3426/8/3 3428/8/3
f 3431/8/3 3429/8/3 3428/8/3
f 3432/9/3 3430/9/3 3429/9/3
f 3432/8/3 3429/8/3 3431/8/3
f 3433/9/3 3430/9/3 3432/9/3
f 3436/9/3 3433/9/3 3432/9/3
f 3436/9/3 3434/9/3 3433/9/3
f 3437/7/3 3435/7/3 3434/7/3
f 3437/9/3 3434/9/3 3436/9/3
f 3438/7/3 3435/7/3 3437/7/3
f 3439/7/3 3435/7/3 3438/7/3
f 3444/9/3 3441/9/3 3440/9/3
f 3446/9/3 3444/9/3 3443/9/3
f 3447/7/3 3442/7/3 3441/7/3
f 3448/7/3 3442/7/3 3447/7/3
f 3450/8/3 3446/8/3 3445/8/3
f 3451/9/3 3441/9/3 3444/9/3
f 3451/9/3 3444/9/3 3446/9/3
f 3452/7/3 3447/7/3 3441/7/3
f 3452/9/3 3441/9/3 3451/9/3
f 3453/7/3 3447/7/3 3452/7/3
f 3454/8/3 3450/8/3 3449/8/3
f 3454/8/3 3446/8/3 3450/8/3
f 3454/9/3 3451/9/3 3446/9/3
f 3455/9/3 3451/9/3 3454/9/3
f 3456/8/3 3454/8/3 3449/8/3
f 3458/8/3 3456/8/3 3449/8/3
f 3459/8/3 3456/8/3 3458/8/3
f 3460/9/3 3457/9/3 3456/9/3
f 3463/8/3 3456/8/3 3459/8/3
f 3464/9/3 3460/9/3 3456/9/3
f 3464/8/3 3456/8/3 3463/8/3
f 3464/9/3 3461/9/3 3460/9/3
f 3465/7/3 3462/7/3 3461/7/3
f 3467/9/3 3461/9/3 3464/9/3
f 3468/9/3 3461/9/3 3467/9/3
f 3469/9/3 3461/9/3 3468/9/3
f 3470/7/3 3465/7/3 3461/7/3
f 3470/9/3 3461/9/3 3469/9/3
f 3470/7/3 3466/7/3 3465/7/3
f 3471/7/3 3466/7/3 3470/7/3
f 3476/7/3 3473/7/3 3472/7/3
f 3478/9/3 3475/9/3 3474/9/3
f 3479/9/3 3478/9/3 3477/9/3
f 3480/9/3 3475/9/3 3478/9/3
f 3480/9/3 3478/9/3 3479/9/3
f 3481/9/3 3475/9/3 3480/9/3
f 3482/7/3 3476/7/3 3475/7/3
f 3482/9/3 3475/9/3 3481/9/3
f 3483/7/3 3473/7/3 3476/7/3
f 3483/7/3 3476/7/3 3482/7/3
f 3484/7/3 3473/7/3 3483/7/3
f 3485/7/3 3473/7/3 3484/7/3
f 3486/7/4 3487/7/4 3490/7/4
f 3488/9/4 3489/9/4 3491/9/4
f 3489/7/4 3490/7/4 3491/7/4
f 3490/7/4 3487/7/4 3492/7/4
f 3491/7/4 3490/7/4 3492/7/4
f 3488/9/4 3491/9/4 3494/9/4
f 3493/9/4 3494/9/4 3495/9/4
f 3494/9/4 3491/9/4 3496/9/4
f 3495/9/4 3494/9/4 3496/9/4
f 3491/10/4 3492/10/4 3497/10/4
f 3496/9/4 3491/9/4 3497/9/4
f 3492/7/4 3487/7/4 3498/7/4
f 3497/10/4 3492/10/4 3498/10/4
f 3496/9/4 3497/9/4 3499/9/4
f 3497/7/4 3498/7/4 3500/7/4
f 3499/9/4 3497/9/4 3500/9/4
f 3498/7/4 3487/7/4 3501/7/4
f 3500/7/4 3498/7/4 3501/7/4
f 3501/7/4 3487/7/4 3502/7/4
f 3502/7/4 3487/7/4 3503/7/4
f 3504/9/4 3505/9/4 3508/9/4
f 3507/9/4 3508/9/4 3510/9/4
f 3505/7/4 3506/7/4 3511/7/4
f 3511/7/4 3506/7/4 3512/7/4
f 3509/8/4 3510/8/4 3514/8/4
f 3508/9/4 3505/9/4 3515/9/4
f 3510/9/4 3508/9/4 3515/9/4
f 3505/7/4 3511/7/4 3516/7/4
f 3515/9/4 3505/9/4 3516/9/4
f 3516/7/4 3511/7/4 3517/7/4
f 3513/8/4 3514/8/4 3518/8/4
f 3514/8/4 3510/8/4 3519/8/4
f 3518/8/4 3514/8/4 3519/8/4
f 3510/9/4 3515/9/4 3520/9/4
f 3519/8/4 3510/8/4 3520/8/4
f 3520/9/4 3515/9/4 3521/9/4
f 3519/8/4 3520/8/4 3522/8/4
f 3518/11/4 3519/11/4 3524/11/4
f 3519/8/4 3522/8/4 3525/8/4
f 3524/11/4 3519/11/4 3525/11/4
f 3524/8/4 3525/8/4 3526/8/4
f 3525/8/4 3522/8/4 3527/8/4
f 3526/8/4 3525/8/4 3527/8/4
f 3522/9/4 3523/9/4 3528/9/4
f 3527/8/4 3522/8/4 3531/8/4
f 3522/9/4 3528/9/4 3532/9/4
f 3531/8/4 3522/8/4 3532/8/4
f 3528/9/4 3529/9/4 3532/9/4
f 3529/7/4 3530/7/4 3533/7/4
f 3532/9/4 3529/9/4 3535/9/4
f 3535/9/4 3529/9/4 3536/9/4
f 3536/9/4 3529/9/4 3537/9/4
f 3529/7/4 3533/7/4 3538/7/4
f 3537/9/4 3529/9/4 3538/9/4
f 3533/7/4 3534/7/4 3538/7/4
f 3538/7/4 3534/7/4 3539/7/4
f 3540/7/4 3541/7/4 3543/7/4
f 3542/9/4 3543/9/4 3545/9/4
f 3545/9/4 3543/9/4 3546/9/4
f 3543/7/4 3541/7/4 3547/7/4
f 3546/9/4 3543/9/4 3547/9/4
f 3547/7/4 3541/7/4 3548/7/4
f 3544/8/4 3545/8/4 3550/8/4
f 3545/9/4 3546/9/4 3551/9/4
f 3550/8/4 3545/8/4 3551/8/4
f 3551/9/4 3546/9/4 3552/9/4
f 3549/8/4 3550/8/4 3554/8/4
f 3550/8/4 3551/8/4 3554/8/4
f 3554/8/4 3551/8/4 3555/8/4
f 3555/8/4 3551/8/4 3556/8/4
f 3553/4/4 3554/4/4 3557/4/4
f 3554/8/4 3555/8/4 3557/8/4
f 3557/8/4 3555/8/4 3558/8/4
f 3553/4/4 3557/4/4 3560/4/4
f 3559/4/4 3560/4/4 3561/4/4
f 3560/4/4 3557/4/4 3562/4/4
f 3561/4/4 3560/4/4 3562/4/4
f 3562/4/4 3557/4/4 3563/4/4
f 3562/4/4 3563/4/4 3565/4/4
f 3563/8/4 3564/8/4 3566/8/4
f 3565/4/4 3563/4/4 3566/4/4
f 3566/8/4 3564/8/4 3567/8/4
f 3566/8/4 3567/8/4 3569/8/4
f 3567/8/4 3568/8/4 3569/8/4
f 3569/8/4 3568/8/4 3570/8/4
f 3570/8/4 3568/8/4 3571/8/4
f 3570/8/4 3571/8/4 3573/8/4
f 3571/9/4 3572/9/4 3574/9/4
f 3573/8/4 3571/8/4 3574/8/4
f 3574/9/4 3572/9/4 3575/9/4
f 3574/9/4 3575/9/4 3578/9/4
f 3575/9/4 3576/9/4 3578/9/4
f 3576/7/4 3577/7/4 3579/7/4
f 3578/9/4 3576/9/4 3579/9/4
f 3579/7/4 3577/7/4 3580/7/4
f 3580/7/4 3577/7/4 3581/7/4
f 3582/15/4 3583/15/4 3584/15/4
f 3584/15/4 3583/15/4 3585/15/4
f 3586/9/4 3587/9/4 3591/9/4
f 3587/7/4 3588/7/4 3592/7/4
f 3591/9/4 3587/9/4 3592/9/4
f 3592/7/4 3588/7/4 3593/7/4
f 3589/8/4 3590/8/4 3595/8/4
f 3590/9/4 3591/9/4 3596/9/4
f 3591/9/4 3592/9/4 3596/9/4
f 3595/8/4 3590/8/4 3596/8/4
f 3596/9/4 3592/9/4 3597/9/4
f 3594/8/4 3595/8/4 3599/8/4
f 3595/8/4 3596/8/4 3599/8/4
f 3599/8/4 3596/8/4 3600/8/4
f 3600/8/4 3596/8/4 3601/8/4
f 3598/4/4 3599/4/4 3603/4/4
f 3599/8/4 3600/8/4 3604/8/4
f 3603/4/4 3599/4/4 3604/4/4
f 3604/8/4 3600/8/4 3605/8/4
f 3602/4/4 3603/4/4 3606/4/4
f 3603/4/4 3604/4/4 3606/4/4
f 3606/4/4 3604/4/4 3607/4/4
f 3602/4/4 3606/4/4 3609/4/4
f 3608/6/4 3609/6/4 3610/6/4
f 3609/4/4 3606/4/4 3611/4/4
f 3610/6/4 3609/6/4 3611/6/4
f 3611/4/4 3606/4/4 3612/4/4
f 3610/14/4 3611/14/4 3613/14/4
f 3613/14/4 3611/14/4 3614/14/4
f 3613/6/4 3614/6/4 3616/6/4
f 3614/4/4 3615/4/4 3617/4/4
f 3616/6/4 3614/6/4 3617/6/4
f 3617/4/4 3615/4/4 3618/4/4
f 3617/4/4 3618/4/4 3620/4/4
f 3618/4/4 3619/4/4 3620/4/4
f 3620/4/4 3619/4/4 3621/4/4
f 3621/4/4 3619/4/4 3622/4/4
f 3621/4/4 3622/4/4 3624/4/4
f 3622/8/4 3623/8/4 3625/8/4
f 3624/4/4 3622/4/4 3625/4/4
f 3625/8/4 3623/8/4 3626/8/4
f 3625/8/4 3626/8/4 3628/8/4
f 3626/8/4 3627/8/4 3628/8/4
f 3628/8/4 3627/8/4 3629/8/4
f 3629/8/4 3627/8/4 3630/8/4
f 3629/8/4 3630/8/4 3632/8/4
f 3630/9/4 3631/9/4 3633/9/4
f 3632/8/4 3630/8/4 3633/8/4
f 3633/9/4 3631/9/4 3634/9/4
f 3634/9/4 3631/9/4 3635/9/4
f 3634/9/4 3635/9/4 3638/9/4
f 3638/9/4 3635/9/4 3639/9/4
f 3636/7/4 3637/7/4 3640/7/4
f 3640/7/4 3637/7/4 3641/7/4
f 3642/15/4 3643/15/4 3644/15/4
f 3644/15/4 3643/15/4 3645/15/4
f 3646/9/4 3647/9/4 3651/9/4
f 3647/7/4 3648/7/4 3652/7/4
f 3651/9/4 3647/9/4 3652/9/4
f 3652/7/4 3648/7/4 3653/7/4
f 3649/8/4 3650/8/4 3655/8/4
f 3650/9/4 3651/9/4 3656/9/4
f 3655/8/4 3650/8/4 3656/8/4
f 3656/9/4 3651/9/4 3657/9/4
f 3654/8/4 3655/8/4 3659/8/4
f 3659/8/4 3655/8/4 3660/8/4
f 3658/4/4 3659/4/4 3662/4/4
f 3662/4/4 3659/4/4 3663/4/4
f 3661/4/4 3662/4/4 3665/4/4
f 3665/4/4 3662/4/4 3666/4/4
f 3664/6/4 3665/6/4 3668/6/4
f 3668/6/4 3665/6/4 3669/6/4
f 3667/6/4 3668/6/4 3670/6/4
f 3670/6/4 3668/6/4 3671/6/4
f 3671/6/4 3668/6/4 3672/6/4
f 3672/6/4 3668/6/4 3673/6/4
f 3673/6/4 3674/6/4 3675/6/4
f 3675/6/4 3674/6/4 3676/6/4
f 3676/4/4 3677/4/4 3678/4/4
f 3678/4/4 3677/4/4 3679/4/4
f 3679/4/4 3680/4/4 3681/4/4
f 3681/4/4 3680/4/4 3682/4/4
f 3682/8/4 3683/8/4 3684/8/4
f 3684/8/4 3683/8/4 3685/8/4
f 3685/8/4 3686/8/4 3688/8/4
f 3686/9/4 3687/9/4 3689/9/4
f 3688/8/4 3686/8/4 3689/8/4
f 3689/9/4 3687/9/4 3690/9/4
f 3690/9/4 3691/9/4 3694/9/4
f 3694/9/4 3691/9/4 3695/9/4
f 3692/7/4 3693/7/4 3696/7/4
f 3696/7/4 3693/7/4 3697/7/4
f 3698/7/4 3699/7/4 3703/7/4
f 3703/7/4 3699/7/4 3704/7/4
f 3700/8/4 3701/8/4 3706/8/4
f 3701/9/4 3702/9/4 3707/9/4
f 3706/8/4 3701/8/4 3707/8/4
f 3707/9/4 3702/9/4 3708/9/4
f 3705/8/4 3706/8/4 3710/8/4
f 3710/8/4 3706/8/4 3711/8/4
f 3709/4/4 3710/4/4 3712/4/4
f 3712/4/4 3710/4/4 3713/4/4
f 3709/4/4 3712/4/4 3715/4/4
f 3715/4/4 3712/4/4 3716/4/4
f 3714/6/4 3715/6/4 3718/6/4
f 3718/6/4 3715/6/4 3719/6/4
f 3717/6/4 3718/6/4 3720/6/4
f 3720/6/4 3718/6/4 3721/6/4
f 3722/13/4 3723/13/4 3724/13/4
f 3724/13/4 3723/13/4 3725/13/4
f 3726/6/4 3727/6/4 3728/6/4
f 3728/6/4 3727/6/4 3729/6/4
f 3729/6/4 3730/6/4 3731/6/4
f 3731/6/4 3730/6/4 3732/6/4
f 3732/4/4 3733/4/4 3734/4/4
f 3732/4/4 3734/4/4 3736/4/4
f 3734/4/4 3735/4/4 3736/4/4
f 3736/4/4 3735/4/4 3737/4/4
f 3737/8/4 3738/8/4 3739/8/4
f 3739/8/4 3738/8/4 3740/8/4
f 3740/8/4 3741/8/4 3743/8/4
f 3741/9/4 3742/9/4 3744/9/4
f 3743/8/4 3741/8/4 3744/8/4
f 3744/9/4 3742/9/4 3745/9/4
f 3746/7/4 3747/7/4 3748/7/4
f 3748/7/4 3747/7/4 3749/7/4
f 3750/9/4 3751/9/4 3754/9/4
f 3754/9/4 3751/9/4 3755/9/4
f 3752/8/4 3753/8/4 3757/8/4
f 3757/8/4 3753/8/4 3758/8/4
f 3756/4/4 3757/4/4 3759/4/4
f 3759/4/4 3757/4/4 3760/4/4
f 3761/6/4 3762/6/4 3764/6/4
f 3764/6/4 3762/6/4 3765/6/4
f 3763/6/4 3764/6/4 3766/6/4
f 3766/6/4 3764/6/4 3767/6/4
f 3768/5/4 3769/5/4 3770/5/4
f 3770/5/4 3769/5/4 3771/5/4
f 3772/5/4 3773/5/4 3774/5/4
f 3774/5/4 3773/5/4 3775/5/4
f 3776/6/4 3777/6/4 3778/6/4
f 3778/6/4 3777/6/4 3779/6/4
f 3779/6/4 3780/6/4 3783/6/4
f 3783/6/4 3780/6/4 3784/6/4
f 3781/2/4 3782/2/4 3785/2/4
f 3785/2/4 3782/2/4 3786/2/4
f 3787/4/4 3788/4/4 3789/4/4
f 3789/4/4 3788/4/4 3790/4/4
f 3790/8/4 3791/8/4 3792/8/4
f 3792/8/4 3791/8/4 3793/8/4
f 3794/9/4 3795/9/4 3796/9/4
f 3796/9/4 3795/9/4 3797/9/4
f 3798/9/4 3799/9/4 3803/9/4
f 3799/7/4 3800/7/4 3804/7/4
f 3803/9/4 3799/9/4 3804/9/4
f 3804/7/4 3800/7/4 3805/7/4
f 3801/8/4 3802/8/4 3808/8/4
f 3808/8/4 3802/8/4 3809/8/4
f 3806/4/4 3807/4/4 3811/4/4
f 3811/4/4 3807/4/4 3812/4/4
f 3810/4/4 3811/4/4 3814/4/4
f 3814/4/4 3811/4/4 3815/4/4
f 3813/6/4 3814/6/4 3817/6/4
f 3817/6/4 3814/6/4 3818/6/4
f 3816/6/4 3817/6/4 3819/6/4
f 3819/6/4 3817/6/4 3820/6/4
f 3821/5/4 3822/5/4 3823/5/4
f 3823/5/4 3822/5/4 3824/5/4
f 3825/5/4 3826/5/4 3827/5/4
f 3827/5/4 3826/5/4 3828/5/4
f 3828/5/4 3826/5/4 3829/5/4
f 3829/5/4 3826/5/4 3830/5/4
f 3831/5/4 3832/5/4 3833/5/4
f 3833/5/4 3832/5/4 3834/5/4
f 3835/6/4 3836/6/4 3837/6/4
f 3837/6/4 3836/6/4 3838/6/4
f 3838/6/4 3839/6/4 3840/6/4
f 3840/6/4 3839/6/4 3841/6/4
f 3841/4/4 3842/4/4 3845/4/4
f 3845/4/4 3842/4/4 3846/4/4
f 3843/2/4 3844/2/4 3848/2/4
f 3848/2/4 3844/2/4 3849/2/4
f 3846/4/4 3847/4/4 3850/4/4
f 3850/4/4 3847/4/4 3851/4/4
f 3852/8/4 3853/8/4 3854/8/4
f 3854/8/4 3853/8/4 3855/8/4
f 3856/9/4 3857/9/4 3860/9/4
f 3860/9/4 3857/9/4 3861/9/4
f 3858/7/4 3859/7/4 3862/7/4
f 3862/7/4 3859/7/4 3863/7/4
f 3864/9/4 3865/9/4 3868/9/4
f 3868/9/4 3865/9/4 3869/9/4
f 3866/8/4 3867/8/4 3872/8/4
f 3872/8/4 3867/8/4 3873/8/4
f 3870/4/4 3871/4/4 3875/4/4
f 3875/4/4 3871/4/4 3876/4/4
f 3874/6/4 3875/6/4 3878/6/4
f 3878/6/4 3875/6/4 3879/6/4
f 3877/6/4 3878/6/4 3880/6/4
f 3880/6/4 3878/6/4 3881/6/4
f 3882/5/4 3883/5/4 3884/5/4
f 3884/5/4 3883/5/4 3885/5/4
f 3886/5/4 3887/5/4 3888/5/4
f 3888/5/4 3887/5/4 3889/5/4
f 3890/5/4 3891/5/4 3892/5/4
f 3892/5/4 3891/5/4 3893/5/4
f 3894/5/4 3895/5/4 3896/5/4
f 3896/5/4 3895/5/4 3897/5/4
f 3898/6/4 3899/6/4 3900/6/4
f 3900/6/4 3899/6/4 3901/6/4
f 3901/6/4 3902/6/4 3903/6/4
f 3903/6/4 3902/6/4 3904/6/4
f 3904/4/4 3905/4/4 3906/4/4
f 3906/4/4 3905/4/4 3907/4/4
f 3908/8/4 3909/8/4 3910/8/4
f 3910/8/4 3909/8/4 3911/8/4
f 3912/9/4 3913/9/4 3916/9/4
f 3916/9/4 3913/9/4 3917/9/4
f 3914/2/4 3915/2/4 3918/2/4
f 3918/2/4 3915/2/4 3919/2/4
f 3920/7/4 3921/7/4 3922/7/4
f 3922/7/4 3921/7/4 3923/7/4
f 3924/4/4 3925/4/4 3926/4/4
f 3926/4/4 3925/4/4 3927/4/4
f 3928/5/4 3929/5/4 3930/5/4
f 3930/5/4 3929/5/4 3931/5/4
f 3932/5/4 3933/5/4 3934/5/4
f 3934/5/4 3933/5/4 3935/5/4
f 3936/3/4 3937/3/4 3938/3/4
f 3938/3/4 3937/3/4 3939/3/4
f 3940/5/4 3941/5/4 3942/5/4
f 3942/5/4 3941/5/4 3943/5/4
f 3944/2/4 3945/2/4 3946/2/4
f 3946/2/4 3945/2/4 3947/2/4
f 3948/4/4 3949/4/4 3953/4/4
f 3953/4/4 3949/4/4 3954/4/4
f 3951/2/4 3952/2/4 3957/2/4
f 3950/2/4 3951/2/4 3957/2/4
f 3957/2/4 3952/2/4 3958/2/4
f 3955/8/4 3956/8/4 3959/8/4
f 3959/8/4 3956/8/4 3960/8/4
f 3961/7/4 3962/7/4 3963/7/4
f 3963/7/4 3962/7/4 3964/7/4
f 3965/9/4 3966/9/4 3969/9/4
f 3969/9/4 3966/9/4 3970/9/4
f 3967/8/4 3968/8/4 3971/8/4
f 3971/8/4 3968/8/4 3972/8/4
f 3973/6/4 3974/6/4 3976/6/4
f 3976/6/4 3974/6/4 3977/6/4
f 3975/6/4 3976/6/4 3978/6/4
f 3978/6/4 3976/6/4 3979/6/4
f 3980/5/4 3981/5/4 3982/5/4
f 3982/5/4 3981/5/4 3983/5/4
f 3984/3/4 3985/3/4 3986/3/4
f 3986/3/4 3985/3/4 3987/3/4
f 3988/3/4 3989/3/4 3990/3/4
f 3990/3/4 3989/3/4 3991/3/4
f 3992/5/4 3993/5/4 3994/5/4
f 3994/5/4 3993/5/4 3995/5/4
f 3995/1/4 3996/1/4 4006/1/4
f 3996/2/4 3997/2/4 4007/2/4
f 4006/1/4 3996/1/4 4007/1/4
f 3997/1/4 3998/1/4 4008/1/4
f 4007/2/4 3997/2/4 4008/2/4
f 3998/2/4 3999/2/4 4009/2/4
f 4008/1/4 3998/1/4 4009/1/4
f 3999/1/4 4000/1/4 4010/1/4
f 4009/2/4 3999/2/4 4010/2/4
f 4000/2/4 4001/2/4 4011/2/4
f 4010/1/4 4000/1/4 4011/1/4
f 4001/1/4 4002/1/4 4012/1/4
f 4011/2/4 4001/2/4 4012/2/4
f 4002/2/4 4003/2/4 4013/2/4
f 4012/1/4 4002/1/4 4013/1/4
f 4003/1/4 4004/1/4 4014/1/4
f 4013/2/4 4003/2/4 4014/2/4
f 4004/2/4 4005/2/4 4015/2/4
f 4014/1/4 4004/1/4 4015/1/4
f 4015/2/4 4005/2/4 4016/2/4
f 4016/2/4 4017/2/4 4020/2/4
f 4015/2/4 4016/2/4 4020/2/4
f 4020/2/4 4017/2/4 4021/2/4
f 4018/6/4 4019/6/4 4022/6/4
f 4022/6/4 4019/6/4 4023/6/4
f 4023/6/4 4024/6/4 4025/6/4
f 4025/6/4 4024/6/4 4026/6/4
f 4015/2/4 4020/2/4 4027/2/4
f 4027/2/4 4020/2/4 4028/2/4
f 4029/8/4 4030/8/4 4031/8/4
f 4031/8/4 4030/8/4 4032/8/4
f 4033/9/4 4034/9/4 4036/9/4
f 4034/7/4 4035/7/4 4037/7/4
f 4036/9/4 4034/9/4 4037/9/4
f 4037/7/4 4035/7/4 4038/7/4
f 4039/4/4 4040/4/4 4041/4/4
f 4041/4/4 4040/4/4 4042/4/4
f 4043/5/4 4044/5/4 4045/5/4
f 4045/5/4 4044/5/4 4046/5/4
f 4047/5/4 4048/5/4 4049/5/4
f 4049/5/4 4048/5/4 4050/5/4
f 4051/4/4 4052/4/4 4053/4/4
f 4053/4/4 4052/4/4 4054/4/4
f 4055/9/4 4056/9/4 4057/9/4
f 4057/9/4 4056/9/4 4058/9/4
f 4059/2/4 4060/2/4 4061/2/4
f 4061/2/4 4060/2/4 4062/2/4
f 4063/2/4 4064/2/4 4065/2/4
f 4065/2/4 4064/2/4 4066/2/4
f 4067/3/4 4068/3/4 4069/3/4
f 4069/3/4 4068/3/4 4070/3/4
f 4071/3/4 4072/3/4 4073/3/4
f 4073/3/4 4072/3/4 4074/3/4
f 4075/9/4 4076/9/4 4077/9/4
f 4077/9/4 4076/9/4 4078/9/4
f 4079/2/4 4080/2/4 4081/2/4
f 4081/2/4 4080/2/4 4082/2/4
f 4083/2/4 4084/2/4 4085/2/4
f 4085/2/4 4084/2/4 4086/2/4
f 4087/9/4 4088/9/4 4089/9/4
f 4089/9/4 4088/9/4 4090/9/4
f 4091/2/4 4092/2/4 4093/2/4
f 4093/2/4 4092/2/4 4094/2/4
f 4095/3/4 4096/3/4 4097/3/4
f 4097/3/4 4096/3/4 4098/3/4
f 4099/3/4 4100/3/4 4101/3/4
f 4101/3/4 4100/3/4 4102/3/4
f 4103/9/4 4104/9/4 4105/9/4
f 4105/9/4 4104/9/4 4106/9/4
f 4107/2/4 4108/2/4 4109/2/4
f 4109/2/4 4108/2/4 4110/2/4
f 4111/2/4 4112/2/4 4113/2/4
f 4113/2/4 4112/2/4 4114/2/4
f 4115/9/4 4116/9/4 4120/9/4
f 4116/7/4 4117/7/4 4121/7/4
f 4120/9/4 4116/9/4 4121/9/4
f 4121/7/4 4117/7/4 4122/7/4
f 4118/8/4 4119/8/4 4125/8/4
f 4125/8/4 4119/8/4 4126/8/4
f 4123/4/4 4124/4/4 4127/4/4
f 4127/4/4 4124/4/4 4128/4/4
f 4129/5/4 4130/5/4 4131/5/4
f 4131/5/4 4130/5/4 4132/5/4
f 4133/3/4 4134/3/4 4135/3/4
f 4135/3/4 4134/3/4 4136/3/4
f 4137/3/4 4138/3/4 4139/3/4
f 4139/3/4 4138/3/4 4140/3/4
f 4141/3/4 4142/3/4 4143/3/4
f 4143/3/4 4142/3/4 4144/3/4
f 4145/3/4 4146/3/4 4147/3/4
f 4147/3/4 4146/3/4 4148/3/4
f 4149/5/4 4150/5/4 4151/5/4
f 4151/5/4 4150/5/4 4152/5/4
f 4153/4/4 4154/4/4 4155/4/4
f 4155/4/4 4154/4/4 4156/4/4
f 4157/8/4 4158/8/4 4159/8/4
f 4159/8/4 4158/8/4 4160/8/4
f 4161/9/4 4162/9/4 4164/9/4
f 4162/7/4 4163/7/4 4165/7/4
f 4164/9/4 4162/9/4 4165/9/4
f 4165/7/4 4163/7/4 4166/7/4
f 4167/7/4 4168/7/4 4171/7/4
f 4171/7/4 4168/7/4 4172/7/4
f 4169/8/4 4170/8/4 4173/8/4
f 4173/8/4 4170/8/4 4174/8/4
f 4175/6/4 4176/6/4 4178/6/4
f 4178/6/4 4176/6/4 4179/6/4
f 4177/6/4 4178/6/4 4181/6/4
f 4181/6/4 4178/6/4 4182/6/4
f 4180/5/4 4181/5/4 4183/5/4
f 4183/5/4 4181/5/4 4184/5/4
f 4185/3/4 4186/3/4 4187/3/4
f 4187/3/4 4186/3/4 4188/3/4
f 4189/3/4 4190/3/4 4191/3/4
f 4191/3/4 4190/3/4 4192/3/4
f 4193/3/4 4194/3/4 4195/3/4
f 4195/3/4 4194/3/4 4196/3/4
f 4197/5/4 4198/5/4 4199/5/4
f 4199/5/4 4198/5/4 4200/5/4
f 4200/6/4 4201/6/4 4202/6/4
f 4202/6/4 4201/6/4 4203/6/4
f 4203/6/4 4204/6/4 4205/6/4
f 4205/6/4 4204/6/4 4206/6/4
f 4207/8/4 4208/8/4 4209/8/4
f 4209/8/4 4208/8/4 4210/8/4
f 4211/7/4 4212/7/4 4213/7/4
f 4213/7/4 4212/7/4 4214/7/4
f 4215/9/4 4216/9/4 4219/9/4
f 4219/9/4 4216/9/4 4220/9/4
f 4217/4/4 4218/4/4 4222/4/4
f 4222/4/4 4218/4/4 4223/4/4
f 4221/4/4 4222/4/4 4224/4/4
f 4224/4/4 4222/4/4 4225/4/4
f 4226/5/4 4227/5/4 4229/5/4
f 4229/5/4 4227/5/4 4230/5/4
f 4228/5/4 4229/5/4 4233/5/4
f 4233/5/4 4229/5/4 4234/5/4
f 4230/2/4 4231/2/4 4235/2/4
f 4231/2/4 4232/2/4 4235/2/4
f 4235/2/4 4232/2/4 4236/2/4
f 4237/2/4 4238/2/4 4242/2/4
f 4238/2/4 4239/2/4 4242/2/4
f 4242/2/4 4239/2/4 4243/2/4
f 4240/3/4 4241/3/4 4244/3/4
f 4244/3/4 4241/3/4 4245/3/4
f 4246/3/4 4247/3/4 4248/3/4
f 4248/3/4 4247/3/4 4249/3/4
f 4250/5/4 4251/5/4 4252/5/4
f 4252/5/4 4251/5/4 4253/5/4
f 4253/5/4 4254/5/4 4255/5/4
f 4255/5/4 4254/5/4 4256/5/4
f 4257/4/4 4258/4/4 4259/4/4
f 4259/4/4 4258/4/4 4260/4/4
f 4260/4/4 4261/4/4 4262/4/4
f 4262/4/4 4261/4/4 4263/4/4
f 4264/9/4 4265/9/4 4266/9/4
f 4266/9/4 4265/9/4 4267/9/4
f 4268/9/4 4269/9/4 4273/9/4
f 4269/7/4 4270/7/4 4274/7/4
f 4273/9/4 4269/9/4 4274/9/4
f 4274/7/4 4270/7/4 4275/7/4
f 4271/8/4 4272/8/4 4276/8/4
f 4276/8/4 4272/8/4 4277/8/4
f 4278/6/4 4279/6/4 4281/6/4
f 4281/6/4 4279/6/4 4282/6/4
f 4280/6/4 4281/6/4 4283/6/4
f 4283/6/4 4281/6/4 4284/6/4
f 4285/5/4 4286/5/4 4287/5/4
f 4287/5/4 4286/5/4 4288/5/4
f 4289/3/4 4290/3/4 4291/3/4
f 4291/3/4 4290/3/4 4292/3/4
f 4293/5/4 4294/5/4 4295/5/4
f 4295/5/4 4294/5/4 4296/5/4
f 4297/6/4 4298/6/4 4299/6/4
f 4299/6/4 4298/6/4 4300/6/4
f 4300/6/4 4301/6/4 4302/6/4
f 4302/6/4 4301/6/4 4303/6/4
f 4304/8/4 4305/8/4 4306/8/4
f 4306/8/4 4305/8/4 4307/8/4
f 4308/9/4 4309/9/4 4311/9/4
f 4309/7/4 4310/7/4 4312/7/4
f 4311/9/4 4309/9/4 4312/9/4
f 4312/7/4 4310/7/4 4313/7/4
f 4314/8/4 4315/8/4 4319/8/4
f 4315/9/4 4316/9/4 4320/9/4
f 4319/8/4 4315/8/4 4320/8/4
f 4320/9/4 4316/9/4 4321/9/4
f 4317/4/4 4318/4/4 4323/4/4
f 4318/8/4 4319/8/4 4324/8/4
f 4323/4/4 4318/4/4 4324/4/4
f 4324/8/4 4319/8/4 4325/8/4
f 4322/4/4 4323/4/4 4327/4/4
f 4327/4/4 4323/4/4 4328/4/4
f 4326/6/4 4327/6/4 4330/6/4
f 4330/6/4 4327/6/4 4331/6/4
f 4329/6/4 4330/6/4 4333/6/4
f 4333/6/4 4330/6/4 4334/6/4
f 4332/5/4 4333/5/4 4338/5/4
f 4338/5/4 4333/5/4 4339/5/4
f 4335/2/4 4336/2/4 4340/2/4
f 4340/2/4 4336/2/4 4341/2/4
f 4337/5/4 4338/5/4 4342/5/4
f 4342/5/4 4338/5/4 4343/5/4
f 4344/5/4 4345/5/4 4346/5/4
f 4346/5/4 4345/5/4 4347/5/4
f 4347/5/4 4348/5/4 4349/5/4
f 4349/5/4 4348/5/4 4350/5/4
f 4350/6/4 4351/6/4 4352/6/4
f 4352/6/4 4351/6/4 4353/6/4
f 4353/6/4 4354/6/4 4355/6/4
f 4355/6/4 4354/6/4 4356/6/4
f 4356/4/4 4357/4/4 4358/4/4
f 4358/4/4 4357/4/4 4359/4/4
f 4359/4/4 4360/4/4 4362/4/4
f 4360/8/4 4361/8/4 4363/8/4
f 4362/4/4 4360/4/4 4363/4/4
f 4363/8/4 4361/8/4 4364/8/4
f 4364/8/4 4365/8/4 4367/8/4
f 4365/9/4 4366/9/4 4368/9/4
f 4367/8/4 4365/8/4 4368/8/4
f 4368/9/4 4366/9/4 4369/9/4
f 4370/9/4 4371/9/4 4375/9/4
f 4371/7/4 4372/7/4 4376/7/4
f 4375/9/4 4371/9/4 4376/9/4
f 4376/7/4 4372/7/4 4377/7/4
f 4373/8/4 4374/8/4 4380/8/4
f 4380/8/4 4374/8/4 4381/8/4
f 4378/4/4 4379/4/4 4383/4/4
f 4383/4/4 4379/4/4 4384/4/4
f 4382/4/4 4383/4/4 4386/4/4
f 4386/4/4 4383/4/4 4387/4/4
f 4385/6/4 4386/6/4 4389/6/4
f 4389/6/4 4386/6/4 4390/6/4
f 4388/6/4 4389/6/4 4391/6/4
f 4391/6/4 4389/6/4 4392/6/4
f 4393/5/4 4394/5/4 4395/5/4
f 4395/5/4 4394/5/4 4396/5/4
f 4397/5/4 4398/5/4 4399/5/4
f 4399/5/4 4398/5/4 4400/5/4
f 4401/5/4 4402/5/4 4403/5/4
f 4403/5/4 4402/5/4 4404/5/4
f 4405/6/4 4406/6/4 4407/6/4
f 4407/6/4 4406/6/4 4408/6/4
f 4408/6/4 4409/6/4 4410/6/4
f 4410/6/4 4409/6/4 4411/6/4
f 4411/4/4 4412/4/4 4413/4/4
f 4413/4/4 4412/4/4 4414/4/4
f 4414/4/4 4415/4/4 4416/4/4
f 4416/4/4 4415/4/4 4417/4/4
f 4418/8/4 4419/8/4 4420/8/4
f 4420/8/4 4419/8/4 4421/8/4
f 4422/9/4 4423/9/4 4425/9/4
f 4423/7/4 4424/7/4 4426/7/4
f 4425/9/4 4423/9/4 4426/9/4
f 4426/7/4 4424/7/4 4427/7/4
f 4428/9/4 4429/9/4 4432/9/4
f 4429/7/4 4430/7/4 4433/7/4
f 4432/9/4 4429/9/4 4433/9/4
f 4433/7/4 4430/7/4 4434/7/4
f 4431/8/4 4432/8/4 4436/8/4
f 4436/8/4 4432/8/4 4437/8/4
f 4435/4/4 4436/4/4 4439/4/4
f 4439/4/4 4436/4/4 4440/4/4
f 4438/4/4 4439/4/4 4442/4/4
f 4442/4/4 4439/4/4 4443/4/4
f 4441/6/4 4442/6/4 4445/6/4
f 4445/6/4 4442/6/4 4446/6/4
f 4444/6/4 4445/6/4 4448/6/4
f 4448/6/4 4445/6/4 4449/6/4
f 4447/5/4 4448/5/4 4450/5/4
f 4450/5/4 4448/5/4 4451/5/4
f 4451/6/4 4452/6/4 4453/6/4
f 4453/6/4 4452/6/4 4454/6/4
f 4454/6/4 4455/6/4 4456/6/4
f 4456/6/4 4455/6/4 4457/6/4
f 4457/4/4 4458/4/4 4459/4/4
f 4459/4/4 4458/4/4 4460/4/4
f 4460/4/4 4461/4/4 4462/4/4
f 4462/4/4 4461/4/4 4463/4/4
f 4463/8/4 4464/8/4 4465/8/4
f 4465/8/4 4464/8/4 4466/8/4
f 4466/9/4 4467/9/4 4469/9/4
f 4467/7/4 4468/7/4 4470/7/4
f 4469/9/4 4467/9/4 4470/9/4
f 4470/7/4 4468/7/4 4471/7/4
f 4472/9/4 4473/9/4 4476/9/4
f 4473/7/4 4474/7/4 4477/7/4
f 4476/9/4 4473/9/4 4477/9/4
f 4477/7/4 4474/7/4 4478/7/4
f 4475/8/4 4476/8/4 4480/8/4
f 4480/8/4 4476/8/4 4481/8/4
f 4481/8/4 4476/8/4 4482/8/4
f 4479/4/4 4480/4/4 4484/4/4
f 4480/8/4 4481/8/4 4485/8/4
f 4484/4/4 4480/4/4 4485/4/4
f 4485/8/4 4481/8/4 4486/8/4
f 4483/4/4 4484/4/4 4488/4/4
f 4488/4/4 4484/4/4 4489/4/4
f 4487/6/4 4488/6/4 4489/6/4
f 4489/4/4 4484/4/4 4490/4/4
f 4487/6/4 4489/6/4 4492/6/4
f 4492/6/4 4489/6/4 4493/6/4
f 4491/6/4 4492/6/4 4494/6/4
f 4494/6/4 4492/6/4 4495/6/4
f 4495/6/4 4496/6/4 4497/6/4
f 4495/6/4 4497/6/4 4499/6/4
f 4497/4/4 4498/4/4 4500/4/4
f 4499/6/4 4497/6/4 4500/6/4
f 4500/4/4 4498/4/4 4501/4/4
f 4501/4/4 4498/4/4 4502/4/4
f 4502/4/4 4503/4/4 4505/4/4
f 4503/8/4 4504/8/4 4506/8/4
f 4505/4/4 4503/4/4 4506/4/4
f 4506/8/4 4504/8/4 4507/8/4
f 4506/8/4 4507/8/4 4509/8/4
f 4507/8/4 4508/8/4 4509/8/4
f 4509/8/4 4508/8/4 4510/8/4
f 4510/9/4 4511/9/4 4513/9/4
f 4511/7/4 4512/7/4 4514/7/4
f 4513/9/4 4511/9/4 4514/9/4
f 4514/7/4 4512/7/4 4515/7/4
f 4516/9/4 4517/9/4 4520/9/4
f 4520/9/4 4517/9/4 4521/9/4
f 4517/7/4 4518/7/4 4522/7/4
f 4521/9/4 4517/9/4 4522/9/4
f 4522/7/4 4518/7/4 4523/7/4
f 4519/8/4 4520/8/4 4526/8/4
f 4520/9/4 4521/9/4 4527/9/4
f 4526/8/4 4520/8/4 4527/8/4
f 4527/9/4 4521/9/4 4528/9/4
f 4525/8/4 4526/8/4 4529/8/4
f 4524/4/4 4525/4/4 4529/4/4
f 4529/8/4 4526/8/4 4530/8/4
f 4524/4/4 4529/4/4 4532/4/4
f 4532/4/4 4529/4/4 4533/4/4
f 4531/4/4 4532/4/4 4535/4/4
f 4535/4/4 4532/4/4 4536/4/4
f 4534/6/4 4535/6/4 4536/6/4
f 4536/4/4 4532/4/4 4537/4/4
f 4534/6/4 4536/6/4 4538/6/4
f 4534/6/4 4538/6/4 4540/6/4
f 4538/4/4 4539/4/4 4541/4/4
f 4540/6/4 4538/6/4 4541/6/4
f 4541/4/4 4539/4/4 4542/4/4
f 4542/4/4 4539/4/4 4543/4/4
f 4543/4/4 4544/4/4 4545/4/4
f 4543/4/4 4545/4/4 4547/4/4
f 4545/8/4 4546/8/4 4548/8/4
f 4547/4/4 4545/4/4 4548/4/4
f 4548/8/4 4546/8/4 4549/8/4
f 4549/8/4 4550/8/4 4552/8/4
f 4550/9/4 4551/9/4 4553/9/4
f 4552/8/4 4550/8/4 4553/8/4
f 4553/9/4 4551/9/4 4554/9/4
f 4553/9/4 4554/9/4 4557/9/4
f 4554/9/4 4555/9/4 4557/9/4
f 4555/7/4 4556/7/4 4558/7/4
f 4557/9/4 4555/9/4 4558/9/4
f 4558/7/4 4556/7/4 4559/7/4
f 4559/7/4 4556/7/4 4560/7/4
f 4559/15/4 4560/15/4 4562/15/4
f 4561/15/4 4562/15/4 4563/15/4
f 4562/15/4 4560/15/4 4564/15/4
f 4563/15/4 4562/15/4 4564/15/4
f 4565/15/4 4566/15/4 4567/15/4
f 4567/15/4 4566/15/4 4568/15/4
f 4568/15/4 4566/15/4 4571/15/4
f 4571/15/4 4566/15/4 4572/15/4
f 4569/9/4 4570/9/4 4575/9/4
f 4573/8/4 4574/8/4 4577/8/4
f 4574/9/4 4575/9/4 4578/9/4
f 4575/9/4 4570/9/4 4578/9/4
f 4570/7/4 4571/7/4 4579/7/4
f 4578/9/4 4570/9/4 4579/9/4
f 4571/7/4 4572/7/4 4579/7/4
f 4579/7/4 4572/7/4 4580/7/4
f 4576/8/4 4577/8/4 4582/8/4
f 4574/9/4 4578/9/4 4583/9/4
f 4577/8/4 4574/8/4 4583/8/4
f 4582/8/4 4577/8/4 4583/8/4
f 4583/9/4 4578/9/4 4584/9/4
f 4582/8/4 4583/8/4 4585/8/4
f 4585/8/4 4583/8/4 4586/8/4
f 4581/4/4 4582/4/4 4588/4/4
f 4582/8/4 4585/8/4 4589/8/4
f 4588/4/4 4582/4/4 4589/4/4
f 4589/8/4 4585/8/4 4590/8/4
f 4587/4/4 4588/4/4 4591/4/4
f 4588/4/4 4589/4/4 4591/4/4
f 4591/4/4 4589/4/4 4592/4/4
f 4592/4/4 4589/4/4 4593/4/4
f 4593/8/4 4594/8/4 4595/8/4
f 4592/4/4 4593/4/4 4597/4/4
f 4593/8/4 4595/8/4 4598/8/4
f 4597/4/4 4593/4/4 4598/4/4
f 4595/8/4 4596/8/4 4598/8/4
f 4598/8/4 4596/8/4 4599/8/4
f 4598/8/4 4599/8/4 4601/8/4
f 4601/8/4 4599/8/4 4602/8/4
f 4599/9/4 4600/9/4 4603/9/4
f 4602/8/4 4599/8/4 4606/8/4
f 4599/9/4 4603/9/4 4607/9/4
f 4606/8/4 4599/8/4 4607/8/4
f 4603/9/4 4604/9/4 4607/9/4
f 4607/9/4 4604/9/4 4608/9/4
f 4608/9/4 4604/9/4 4609/9/4
f 4604/7/4 4605/7/4 4610/7/4
f 4609/9/4 4604/9/4 4610/9/4
f 4610/7/4 4605/7/4 4611/7/4
f 4612/9/4 4613/9/4 4616/9/4
f 4615/9/4 4616/9/4 4618/9/4
f 4613/7/4 4614/7/4 4619/7/4
f 4619/7/4 4614/7/4 4620/7/4
f 4617/8/4 4618/8/4 4622/8/4
f 4616/9/4 4613/9/4 4623/9/4
f 4618/9/4 4616/9/4 4623/9/4
f 4613/7/4 4619/7/4 4624/7/4
f 4623/9/4 4613/9/4 4624/9/4
f 4624/7/4 4619/7/4 4625/7/4
f 4621/8/4 4622/8/4 4626/8/4
f 4622/8/4 4618/8/4 4626/8/4
f 4618/9/4 4623/9/4 4626/9/4
f 4626/9/4 4623/9/4 4627/9/4
f 4621/8/4 4626/8/4 4628/8/4
f 4621/8/4 4628/8/4 4630/8/4
f 4630/8/4 4628/8/4 4631/8/4
f 4628/9/4 4629/9/4 4632/9/4
f 4631/8/4 4628/8/4 4635/8/4
f 4628/9/4 4632/9/4 4636/9/4
f 4635/8/4 4628/8/4 4636/8/4
f 4632/9/4 4633/9/4 4636/9/4
f 4633/7/4 4634/7/4 4637/7/4
f 4636/9/4 4633/9/4 4639/9/4
f 4639/9/4 4633/9/4 4640/9/4
f 4640/9/4 4633/9/4 4641/9/4
f 4633/7/4 4637/7/4 4642/7/4
f 4641/9/4 4633/9/4 4642/9/4
f 4637/7/4 4638/7/4 4642/7/4
f 4642/7/4 4638/7/4 4643/7/4
f 4644/7/4 4645/7/4 4648/7/4
f 4646/9/4 4647/9/4 4650/9/4
f 4649/9/4 4650/9/4 4651/9/4
f 4650/9/4 4647/9/4 4652/9/4
f 4651/9/4 4650/9/4 4652/9/4
f 4652/9/4 4647/9/4 4653/9/4
f 4647/7/4 4648/7/4 4654/7/4
f 4653/9/4 4647/9/4 4654/9/4
f 4648/7/4 4645/7/4 4655/7/4
f 4654/7/4 4648/7/4 4655/7/4
f 4655/7/4 4645/7/4 4656/7/4
f 4656/7/4 4645/7/4 4657/7/4
f 4662/15/5 4659/15/5 4658/15/5
f 4663/15/5 4659/15/5 4662/15/5
f 4664/15/5 4661/15/5 4660/15/5
f 4665/15/5 4661/15/5 4664/15/5
f 4669/3/5 4667/3/5 4666/3/5
f 4670/3/5 4667/3/5 4669/3/5
f 4673/3/5 4669/3/5 4668/3/5
f 4673/3/5 4671/3/5 4670/3/5
f 4673/3/5 4670/3/5 4669/3/5
f 4674/3/5 4671/3/5 4673/3/5
f 4675/3/5 4671/3/5 4674/3/5
f 4676/3/5 4671/3/5 4675/3/5
f 4678/3/5 4673/3/5 4672/3/5
f 4678/3/5 4674/3/5 4673/3/5
f 4679/3/5 4674/3/5 4678/3/5
f 4680/16/5 4675/16/5 4674/16/5
f 4680/3/5 4674/3/5 4679/3/5
f 4681/3/5 4677/3/5 4676/3/5
f 4681/16/5 4675/16/5 4680/16/5
f 4681/3/5 4676/3/5 4675/3/5
f 4682/3/5 4677/3/5 4681/3/5
f 4683/3/5 4677/3/5 4682/3/5
f 4684/3/5 4680/3/5 4679/3/5
f 4684/3/5 4682/3/5 4681/3/5
f 4684/3/5 4681/3/5 4680/3/5
f 4685/3/5 4682/3/5 4684/3/5
f 4686/3/5 4682/3/5 4685/3/5
f 4687/3/5 4682/3/5 4686/3/5
f 4688/3/5 4686/3/5 4685/3/5
f 4689/3/5 4686/3/5 4688/3/5
f 4694/15/5 4691/15/5 4690/15/5
f 4695/15/5 4691/15/5 4694/15/5
f 4696/15/5 4693/15/5 4692/15/5
f 4697/15/5 4693/15/5 4696/15/5
f 4703/3/5 4699/3/5 4698/3/5
f 4704/12/5 4700/12/5 4699/12/5
f 4704/3/5 4699/3/5 4703/3/5
f 4705/3/5 4701/3/5 4700/3/5
f 4705/12/5 4700/12/5 4704/12/5
f 4706/3/5 4701/3/5 4705/3/5
f 4709/3/5 4704/3/5 4703/3/5
f 4709/3/5 4707/3/5 4706/3/5
f 4709/3/5 4706/3/5 4705/3/5
f 4709/3/5 4705/3/5 4704/3/5
f 4709/3/5 4703/3/5 4702/3/5
f 4710/3/5 4707/3/5 4709/3/5
f 4711/3/5 4707/3/5 4710/3/5
f 4712/3/5 4707/3/5 4711/3/5
f 4715/3/5 4709/3/5 4708/3/5
f 4715/3/5 4710/3/5 4709/3/5
f 4716/3/5 4710/3/5 4715/3/5
f 4717/3/5 4710/3/5 4716/3/5
f 4718/3/5 4712/3/5 4711/3/5
f 4718/3/5 4713/3/5 4712/3/5
f 4719/3/5 4713/3/5 4718/3/5
f 4720/3/5 4713/3/5 4719/3/5
f 4722/3/5 4716/3/5 4715/3/5
f 4722/3/5 4715/3/5 4714/3/5
f 4723/3/5 4716/3/5 4722/3/5
f 4724/3/5 4721/3/5 4720/3/5
f 4724/3/5 4720/3/5 4719/3/5
f 4725/3/5 4721/3/5 4724/3/5
f 4726/3/5 4722/3/5 4714/3/5
f 4729/3/5 4721/3/5 4725/3/5
f 4730/3/5 4727/3/5 4726/3/5
f 4730/3/5 4726/3/5 4714/3/5
f 4731/3/5 4727/3/5 4730/3/5
f 4732/3/5 4727/3/5 4731/3/5
f 4735/3/5 4729/3/5 4728/3/5
f 4736/3/5 4721/3/5 4729/3/5
f 4736/3/5 4729/3/5 4735/3/5
f 4737/3/5 4721/3/5 4736/3/5
f 4738/3/5 4733/3/5 4732/3/5
f 4738/3/5 4732/3/5 4731/3/5
f 4739/3/5 4733/3/5 4738/3/5
f 4740/3/5 4733/3/5 4739/3/5
f 4741/3/5 4735/3/5 4734/3/5
f 4741/3/5 4736/3/5 4735/3/5
f 4742/3/5 4736/3/5 4741/3/5
f 4743/3/5 4736/3/5 4742/3/5
f 4744/3/5 4740/3/5 4739/3/5
f 4744/3/5 4742/3/5 4741/3/5
f 4744/3/5 4741/3/5 4740/3/5
f 4745/3/5 4742/3/5 4744/3/5
f 4746/3/5 4742/3/5 4745/3/5
f 4747/3/5 4742/3/5 4746/3/5
f 4748/3/5 4746/3/5 4745/3/5
f 4749/3/5 4746/3/5 4748/3/5
f 4753/5/5 4751/5/5 4750/5/5
f 4754/5/5 4751/5/5 4753/5/5
f 4757/5/5 4753/5/5 4752/5/5
f 4757/5/5 4755/5/5 4754/5/5
f 4757/5/5 4754/5/5 4753/5/5
f 4758/5/5 4755/5/5 4757/5/5
f 4759/5/5 4755/5/5 4758/5/5
f 4760/5/5 4755/5/5 4759/5/5
f 4761/5/5 4755/5/5 4760/5/5
f 4762/5/5 4755/5/5 4761/5/5
f 4765/5/5 4757/5/5 4756/5/5
f 4765/5/5 4758/5/5 4757/5/5
f 4766/5/5 4758/5/5 4765/5/5
f 4767/5/5 4758/5/5 4766/5/5
f 4768/5/5 4762/5/5 4761/5/5
f 4768/5/5 4763/5/5 4762/5/5
f 4769/5/5 4763/5/5 4768/5/5
f 4770/5/5 4763/5/5 4769/5/5
f 4772/5/5 4766/5/5 4765/5/5
f 4772/5/5 4765/5/5 4764/5/5
f 4773/5/5 4766/5/5 4772/5/5
f 4774/5/5 4771/5/5 4770/5/5
f 4774/5/5 4770/5/5 4769/5/5
f 4775/5/5 4771/5/5 4774/5/5
f 4777/5/5 4772/5/5 4764/5/5
f 4778/5/5 4772/5/5 4777/5/5
f 4779/5/5 4772/5/5 4778/5/5
f 4780/5/5 4771/5/5 4775/5/5
f 4781/5/5 4771/5/5 4780/5/5
f 4782/5/5 4771/5/5 4781/5/5
f 4784/5/5 4777/5/5 4776/5/5
f 4784/5/5 4778/5/5 4777/5/5
f 4785/5/5 4778/5/5 4784/5/5
f 4786/5/5 4778/5/5 4785/5/5
f 4789/5/5 4783/5/5 4782/5/5
f 4789/5/5 4782/5/5 4781/5/5
f 4790/5/5 4783/5/5 4789/5/5
f 4791/5/5 4783/5/5 4790/5/5
f 4792/5/5 4787/5/5 4786/5/5
f 4792/5/5 4786/5/5 4785/5/5
f 4795/5/5 4790/5/5 4789/5/5
f 4795/5/5 4789/5/5 4788/5/5
f 4796/5/5 4793/5/5 4792/5/5
f 4796/5/5 4792/5/5 4785/5/5
f 4797/5/5 4793/5/5 4796/5/5
f 4798/5/5 4793/5/5 4797/5/5
f 4801/5/5 4795/5/5 4794/5/5
f 4802/5/5 4790/5/5 4795/5/5
f 4802/5/5 4795/5/5 4801/5/5
f 4803/5/5 4790/5/5 4802/5/5
f 4804/5/5 4799/5/5 4798/5/5
f 4804/5/5 4798/5/5 4797/5/5
f 4805/5/5 4799/5/5 4804/5/5
f 4806/5/5 4799/5/5 4805/5/5
f 4807/5/5 4801/5/5 4800/5/5
f 4807/5/5 4802/5/5 4801/5/5
f 4808/5/5 4802/5/5 4807/5/5
f 4809/5/5 4802/5/5 4808/5/5
f 4810/5/5 4806/5/5 4805/5/5
f 4810/5/5 4808/5/5 4807/5/5
f 4810/5/5 4807/5/5 4806/5/5
f 4811/5/5 4808/5/5 4810/5/5
f 4812/5/5 4808/5/5 4811/5/5
f 4813/5/5 4808/5/5 4812/5/5
f 4814/5/5 4812/5/5 4811/5/5
f 4815/5/5 4812/5/5 4814/5/5
f 4821/5/5 4817/5/5 4816/5/5
f 4822/5/5 4817/5/5 4821/5/5
f 4823/13/5 4818/13/5 4817/13/5
f 4823/5/5 4817/5/5 4822/5/5
f 4824/5/5 4819/5/5 4818/5/5
f 4824/13/5 4818/13/5 4823/13/5
f 4825/5/5 4819/5/5 4824/5/5
f 4826/5/5 4819/5/5 4825/5/5
f 4829/5/5 4822/5/5 4821/5/5
f 4829/5/5 4821/5/5 4820/5/5
f 4830/5/5 4822/5/5 4829/5/5
f 4831/5/5 4827/5/5 4826/5/5
f 4831/5/5 4826/5/5 4825/5/5
f 4832/5/5 4827/5/5 4831/5/5
f 4834/5/5 4829/5/5 4828/5/5
f 4835/5/5 4829/5/5 4834/5/5
f 4836/5/5 4833/5/5 4832/5/5
f 4837/5/5 4833/5/5 4836/5/5
f 4839/5/5 4834/5/5 4828/5/5
f 4840/5/5 4834/5/5 4839/5/5
f 4841/5/5 4833/5/5 4837/5/5
f 4842/5/5 4833/5/5 4841/5/5
f 4845/5/5 4839/5/5 4838/5/5
f 4846/5/5 4843/5/5 4842/5/5
f 4848/5/5 4845/5/5 4844/5/5
f 4848/5/5 4839/5/5 4845/5/5
f 4849/5/5 4839/5/5 4848/5/5
f 4850/5/5 4847/5/5 4846/5/5
f 4850/5/5 4846/5/5 4842/5/5
f 4851/5/5 4847/5/5 4850/5/5
f 4852/5/5 4848/5/5 4844/5/5
f 4855/5/5 4847/5/5 4851/5/5
f 4856/5/5 4853/5/5 4852/5/5
f 4856/5/5 4852/5/5 4844/5/5
f 4857/5/5 4853/5/5 4856/5/5
f 4858/5/5 4855/5/5 4854/5/5
f 4858/5/5 4847/5/5 4855/5/5
f 4859/5/5 4847/5/5 4858/5/5
f 4860/5/5 4853/5/5 4857/5/5
f 4861/5/5 4853/5/5 4860/5/5
f 4864/5/5 4858/5/5 4854/5/5
f 4865/5/5 4858/5/5 4864/5/5
f 4866/5/5 4862/5/5 4861/5/5
f 4869/5/5 4864/5/5 4863/5/5
f 4870/5/5 4867/5/5 4866/5/5
f 4870/5/5 4866/5/5 4861/5/5
f 4871/5/5 4867/5/5 4870/5/5
f 4874/5/5 4869/5/5 4868/5/5
f 4875/5/5 4864/5/5 4869/5/5
f 4875/5/5 4869/5/5 4874/5/5
f 4876/5/5 4872/5/5 4871/5/5
f 4877/5/5 4872/5/5 4876/5/5
f 4878/5/5 4872/5/5 4877/5/5
f 4879/5/5 4874/5/5 4873/5/5
f 4880/5/5 4874/5/5 4879/5/5
f 4881/5/5 4874/5/5 4880/5/5
f 4882/5/5 4878/5/5 4877/5/5
f 4882/5/5 4880/5/5 4879/5/5
f 4882/5/5 4879/5/5 4878/5/5
f 4883/5/5 4880/5/5 4882/5/5
f 4887/6/5 4885/6/5 4884/6/5
f 4888/6/5 4885/6/5 4887/6/5
f 4889/6/5 4885/6/5 4888/6/5
f 4890/6/5 4885/6/5 4889/6/5
f 4893/6/5 4887/6/5 4886/6/5
f 4894/6/5 4887/6/5 4893/6/5
f 4895/6/5 4887/6/5 4894/6/5
f 4896/6/5 4891/6/5 4890/6/5
f 4897/6/5 4891/6/5 4896/6/5
f 4898/6/5 4891/6/5 4897/6/5
f 4901/6/5 4893/6/5 4892/6/5
f 4901/6/5 4894/6/5 4893/6/5
f 4902/6/5 4894/6/5 4901/6/5
f 4903/6/5 4899/6/5 4898/6/5
f 4903/6/5 4898/6/5 4897/6/5
f 4904/6/5 4899/6/5 4903/6/5
f 4907/6/5 4901/6/5 4900/6/5
f 4908/6/5 4905/6/5 4904/6/5
f 4910/6/5 4907/6/5 4906/6/5
f 4910/6/5 4901/6/5 4907/6/5
f 4911/6/5 4901/6/5 4910/6/5
f 4912/6/5 4909/6/5 4908/6/5
f 4912/6/5 4908/6/5 4904/6/5
f 4913/6/5 4909/6/5 4912/6/5
f 4915/6/5 4910/6/5 4906/6/5
f 4916/6/5 4910/6/5 4915/6/5
f 4917/6/5 4909/6/5 4913/6/5
f 4918/6/5 4909/6/5 4917/6/5
f 4920/6/5 4915/6/5 4914/6/5
f 4921/6/5 4915/6/5 4920/6/5
f 4924/6/5 4919/6/5 4918/6/5
f 4925/6/5 4919/6/5 4924/6/5
f 4926/6/5 4922/6/5 4921/6/5
f 4929/6/5 4924/6/5 4923/6/5
f 4930/6/5 4927/6/5 4926/6/5
f 4930/6/5 4926/6/5 4921/6/5
f 4931/6/5 4927/6/5 4930/6/5
f 4932/6/5 4929/6/5 4928/6/5
f 4932/6/5 4924/6/5 4929/6/5
f 4933/6/5 4924/6/5 4932/6/5
f 4934/6/5 4927/6/5 4931/6/5
f 4935/6/5 4927/6/5 4934/6/5
f 4938/6/5 4932/6/5 4928/6/5
f 4939/6/5 4932/6/5 4938/6/5
f 4940/6/5 4936/6/5 4935/6/5
f 4941/6/5 4936/6/5 4940/6/5
f 4942/6/5 4936/6/5 4941/6/5
f 4945/6/5 4938/6/5 4937/6/5
f 4946/6/5 4938/6/5 4945/6/5
f 4947/6/5 4938/6/5 4946/6/5
f 4948/6/5 4943/6/5 4942/6/5
f 4948/6/5 4942/6/5 4941/6/5
f 4949/6/5 4943/6/5 4948/6/5
f 4950/6/5 4946/6/5 4945/6/5
f 4950/6/5 4945/6/5 4944/6/5
f 4951/6/5 4946/6/5 4950/6/5
f 4952/6/5 4950/6/5 4949/6/5
f 4953/6/5 4950/6/5 4952/6/5
f 4959/6/5 4955/6/5 4954/6/5
f 4960/14/5 4956/14/5 4955/14/5
f 4960/6/5 4955/6/5 4959/6/5
f 4961/6/5 4957/6/5 4956/6/5
f 4961/14/5 4956/14/5 4960/14/5
f 4962/6/5 4957/6/5 4961/6/5
f 4965/6/5 4959/6/5 4958/6/5
f 4966/6/5 4959/6/5 4965/6/5
f 4967/6/5 4963/6/5 4962/6/5
f 4968/6/5 4963/6/5 4967/6/5
f 4971/6/5 4965/6/5 4964/6/5
f 4972/6/5 4965/6/5 4971/6/5
f 4973/6/5 4969/6/5 4968/6/5
f 4974/6/5 4969/6/5 4973/6/5
f 4977/6/5 4971/6/5 4970/6/5
f 4978/6/5 4971/6/5 4977/6/5
f 4979/6/5 4975/6/5 4974/6/5
f 4980/6/5 4975/6/5 4979/6/5
f 4983/6/5 4977/6/5 4976/6/5
f 4984/6/5 4977/6/5 4983/6/5
f 4985/6/5 4981/6/5 4980/6/5
f 4986/6/5 4981/6/5 4985/6/5
f 4989/6/5 4983/6/5 4982/6/5
f 4990/6/5 4983/6/5 4989/6/5
f 4991/6/5 4987/6/5 4986/6/5
f 4992/6/5 4987/6/5 4991/6/5
f 4994/6/5 4989/6/5 4988/6/5
f 4995/6/5 4989/6/5 4994/6/5
f 4998/6/5 4993/6/5 4992/6/5
f 4999/6/5 4993/6/5 4998/6/5
f 5000/6/5 4996/6/5 4995/6/5
f 5001/6/5 4996/6/5 5000/6/5
f 5004/6/5 4998/6/5 4997/6/5
f 5005/6/5 4998/6/5 5004/6/5
f 5006/6/5 5002/6/5 5001/6/5
f 5007/6/5 5002/6/5 5006/6/5
f 5010/6/5 5004/6/5 5003/6/5
f 5011/6/5 5004/6/5 5010/6/5
f 5012/6/5 5008/6/5 5007/6/5
f 5013/6/5 5008/6/5 5012/6/5
f 5016/6/5 5010/6/5 5009/6/5
f 5017/6/5 5010/6/5 5016/6/5
f 5018/6/5 5014/6/5 5013/6/5
f 5019/6/5 5014/6/5 5018/6/5
f 5022/6/5 5016/6/5 5015/6/5
f 5023/6/5 5016/6/5 5022/6/5
f 5024/6/5 5020/6/5 5019/6/5
f 5025/6/5 5020/6/5 5024/6/5
f 5026/6/5 5022/6/5 5021/6/5
f 5027/6/5 5022/6/5 5026/6/5
f 5028/6/5 5026/6/5 5025/6/5
f 5029/6/5 5026/6/5 5028/6/5
f 5034/4/5 5031/4/5 5030/4/5
f 5035/4/5 5031/4/5 5034/4/5
f 5036/4/5 5031/4/5 5035/4/5
f 5037/4/5 5031/4/5 5036/4/5
f 5042/4/5 5033/4/5 5032/4/5
f 5043/4/5 5033/4/5 5042/4/5
f 5044/4/5 5039/4/5 5038/4/5
f 5045/4/5 5039/4/5 5044/4/5
f 5049/4/5 5041/4/5 5040/4/5
f 5050/4/5 5041/4/5 5049/4/5
f 5051/4/5 5047/4/5 5046/4/5
f 5052/4/5 5047/4/5 5051/4/5
f 5055/4/5 5049/4/5 5048/4/5
f 5056/4/5 5049/4/5 5055/4/5
f 5057/4/5 5053/4/5 5052/4/5
f 5058/4/5 5053/4/5 5057/4/5
f 5061/4/5 5055/4/5 5054/4/5
f 5062/4/5 5055/4/5 5061/4/5
f 5063/4/5 5059/4/5 5058/4/5
f 5064/4/5 5059/4/5 5063/4/5
f 5066/4/5 5061/4/5 5060/4/5
f 5067/4/5 5061/4/5 5066/4/5
f 5068/4/5 5065/4/5 5064/4/5
f 5069/4/5 5065/4/5 5068/4/5
f 5074/4/5 5071/4/5 5070/4/5
f 5075/4/5 5071/4/5 5074/4/5
f 5076/4/5 5073/4/5 5072/4/5
f 5077/4/5 5073/4/5 5076/4/5
f 5082/4/5 5079/4/5 5078/4/5
f 5083/4/5 5079/4/5 5082/4/5
f 5084/4/5 5081/4/5 5080/4/5
f 5085/4/5 5081/4/5 5084/4/5
f 5090/4/5 5087/4/5 5086/4/5
f 5091/4/5 5087/4/5 5090/4/5
f 5092/4/5 5089/4/5 5088/4/5
f 5093/4/5 5089/4/5 5092/4/5
f 5098/4/5 5095/4/5 5094/4/5
f 5099/4/5 5095/4/5 5098/4/5
f 5102/4/5 5097/4/5 5096/4/5
f 5103/4/5 5097/4/5 5102/4/5
f 5104/4/5 5100/4/5 5099/4/5
f 5105/4/5 5100/4/5 5104/4/5
f 5108/4/5 5102/4/5 5101/4/5
f 5109/4/5 5102/4/5 5108/4/5
f 5110/4/5 5106/4/5 5105/4/5
f 5111/4/5 5106/4/5 5110/4/5
f 5114/4/5 5108/4/5 5107/4/5
f 5115/4/5 5108/4/5 5114/4/5
f 5116/4/5 5112/4/5 5111/4/5
f 5117/4/5 5112/4/5 5116/4/5
f 5122/4/5 5114/4/5 5113/4/5
f 5123/4/5 5114/4/5 5122/4/5
f 5124/4/5 5119/4/5 5118/4/5
f 5125/4/5 5119/4/5 5124/4/5
f 5128/4/5 5121/4/5 5120/4/5
f 5129/4/5 5121/4/5 5128/4/5
f 5130/4/5 5127/4/5 5126/4/5
f 5131/4/5 5127/4/5 5130/4/5
f 5137/4/5 5133/4/5 5132/4/5
f 5138/4/5 5133/4/5 5137/4/5
f 5139/4/5 5135/4/5 5134/4/5
f 5140/4/5 5135/4/5 5139/4/5
f 5143/4/5 5137/4/5 5136/4/5
f 5144/4/5 5137/4/5 5143/4/5
f 5145/4/5 5141/4/5 5140/4/5
f 5146/4/5 5141/4/5 5145/4/5
f 5149/4/5 5143/4/5 5142/4/5
f 5150/4/5 5143/4/5 5149/4/5
f 5151/4/5 5147/4/5 5146/4/5
f 5152/4/5 5147/4/5 5151/4/5
f 5155/4/5 5149/4/5 5148/4/5
f 5156/4/5 5149/4/5 5155/4/5
f 5157/4/5 5153/4/5 5152/4/5
f 5158/4/5 5153/4/5 5157/4/5
f 5161/4/5 5155/4/5 5154/4/5
f 5162/4/5 5155/4/5 5161/4/5
f 5163/4/5 5159/4/5 5158/4/5
f 5164/4/5 5159/4/5 5163/4/5
f 5167/4/5 5161/4/5 5160/4/5
f 5168/4/5 5161/4/5 5167/4/5
f 5169/4/5 5165/4/5 5164/4/5
f 5170/4/5 5165/4/5 5169/4/5
f 5172/4/5 5167/4/5 5166/4/5
f 5173/4/5 5167/4/5 5172/4/5
f 5174/4/5 5171/4/5 5170/4/5
f 5175/4/5 5171/4/5 5174/4/5
f 5180/4/5 5177/4/5 5176/4/5
f 5181/4/5 5177/4/5 5180/4/5
f 5184/4/5 5179/4/5 5178/4/5
f 5185/4/5 5179/4/5 5184/4/5
f 5186/4/5 5182/4/5 5181/4/5
f 5187/4/5 5182/4/5 5186/4/5
f 5190/4/5 5184/4/5 5183/4/5
f 5191/4/5 5184/4/5 5190/4/5
f 5192/4/5 5188/4/5 5187/4/5
f 5193/4/5 5188/4/5 5192/4/5
f 5196/4/5 5190/4/5 5189/4/5
f 5197/4/5 5190/4/5 5196/4/5
f 5198/4/5 5194/4/5 5193/4/5
f 5199/4/5 5194/4/5 5198/4/5
f 5202/4/5 5196/4/5 5195/4/5
f 5203/4/5 5196/4/5 5202/4/5
f 5204/4/5 5200/4/5 5199/4/5
f 5205/4/5 5200/4/5 5204/4/5
f 5208/4/5 5202/4/5 5201/4/5
f 5209/4/5 5202/4/5 5208/4/5
f 5210/4/5 5206/4/5 5205/4/5
f 5211/4/5 5206/4/5 5210/4/5
f 5214/4/5 5208/4/5 5207/4/5
f 5215/4/5 5208/4/5 5214/4/5
f 5216/4/5 5212/4/5 5211/4/5
f 5217/4/5 5212/4/5 5216/4/5
f 5218/4/5 5214/4/5 5213/4/5
f 5219/4/5 5214/4/5 5218/4/5
f 5226/8/5 5221/8/5 5220/8/5
f 5227/11/5 5222/11/5 5221/11/5
f 5227/8/5 5221/8/5 5226/8/5
f 5228/8/5 5223/8/5 5222/8/5
f 5228/11/5 5222/11/5 5227/11/5
f 5229/8/5 5223/8/5 5228/8/5
f 5232/8/5 5225/8/5 5224/8/5
f 5233/8/5 5225/8/5 5232/8/5
f 5234/8/5 5231/8/5 5230/8/5
f 5235/8/5 5231/8/5 5234/8/5
f 5241/8/5 5237/8/5 5236/8/5
f 5242/8/5 5237/8/5 5241/8/5
f 5243/8/5 5239/8/5 5238/8/5
f 5244/8/5 5239/8/5 5243/8/5
f 5246/8/5 5241/8/5 5240/8/5
f 5247/8/5 5241/8/5 5246/8/5
f 5248/8/5 5245/8/5 5244/8/5
f 5249/8/5 5245/8/5 5248/8/5
f 5254/8/5 5251/8/5 5250/8/5
f 5255/8/5 5251/8/5 5254/8/5
f 5256/8/5 5253/8/5 5252/8/5
f 5257/8/5 5253/8/5 5256/8/5
f 5262/8/5 5259/8/5 5258/8/5
f 5263/8/5 5259/8/5 5262/8/5
f 5264/8/5 5261/8/5 5260/8/5
f 5265/8/5 5261/8/5 5264/8/5
f 5270/8/5 5267/8/5 5266/8/5
f 5271/8/5 5267/8/5 5270/8/5
f 5272/8/5 5269/8/5 5268/8/5
f 5273/8/5 5269/8/5 5272/8/5
f 5278/8/5 5275/8/5 5274/8/5
f 5279/8/5 5275/8/5 5278/8/5
f 5282/8/5 5277/8/5 5276/8/5
f 5283/8/5 5277/8/5 5282/8/5
f 5284/8/5 5280/8/5 5279/8/5
f 5285/8/5 5280/8/5 5284/8/5
f 5286/8/5 5282/8/5 5281/8/5
f 5287/8/5 5282/8/5 5286/8/5
f 5292/8/5 5289/8/5 5288/8/5
f 5293/8/5 5289/8/5 5292/8/5
f 5296/8/5 5291/8/5 5290/8/5
f 5297/8/5 5291/8/5 5296/8/5
f 5298/8/5 5295/8/5 5294/8/5
f 5299/8/5 5295/8/5 5298/8/5
f 5306/8/5 5301/8/5 5300/8/5
f 5307/8/5 5301/8/5 5306/8/5
f 5308/8/5 5303/8/5 5302/8/5
f 5309/8/5 5303/8/5 5308/8/5
f 5313/8/5 5305/8/5 5304/8/5
f 5314/8/5 5305/8/5 5313/8/5
f 5315/8/5 5311/8/5 5310/8/5
f 5316/8/5 5311/8/5 5315/8/5
f 5318/8/5 5313/8/5 5312/8/5
f 5319/8/5 5313/8/5 5318/8/5
f 5320/8/5 5317/8/5 5316/8/5
f 5321/8/5 5317/8/5 5320/8/5
f 5327/8/5 5323/8/5 5322/8/5
f 5328/8/5 5323/8/5 5327/8/5
f 5329/8/5 5325/8/5 5324/8/5
f 5330/8/5 5325/8/5 5329/8/5
f 5332/8/5 5327/8/5 5326/8/5
f 5333/8/5 5327/8/5 5332/8/5
f 5334/8/5 5331/8/5 5330/8/5
f 5335/8/5 5331/8/5 5334/8/5
f 5340/8/5 5337/8/5 5336/8/5
f 5341/8/5 5337/8/5 5340/8/5
f 5344/8/5 5339/8/5 5338/8/5
f 5345/8/5 5339/8/5 5344/8/5
f 5346/2/5 5343/2/5 5342/2/5
f 5346/2/5 5342/2/5 5341/2/5
f 5347/2/5 5343/2/5 5346/2/5
f 5348/2/5 5346/2/5 5341/2/5
f 5349/2/5 5346/2/5 5348/2/5
f 5354/8/5 5351/8/5 5350/8/5
f 5355/8/5 5351/8/5 5354/8/5
f 5356/8/5 5353/8/5 5352/8/5
f 5357/8/5 5353/8/5 5356/8/5
f 5362/8/5 5359/8/5 5358/8/5
f 5363/8/5 5359/8/5 5362/8/5
f 5366/8/5 5361/8/5 5360/8/5
f 5367/8/5 5361/8/5 5366/8/5
f 5368/8/5 5364/8/5 5363/8/5
f 5369/8/5 5364/8/5 5368/8/5
f 5370/8/5 5366/8/5 5365/8/5
f 5371/8/5 5366/8/5 5370/8/5
f 5376/8/5 5373/8/5 5372/8/5
f 5377/8/5 5373/8/5 5376/8/5
f 5380/8/5 5375/8/5 5374/8/5
f 5381/8/5 5375/8/5 5380/8/5
f 5382/8/5 5378/8/5 5377/8/5
f 5383/8/5 5378/8/5 5382/8/5
f 5388/8/5 5380/8/5 5379/8/5
f 5389/8/5 5380/8/5 5388/8/5
f 5390/8/5 5385/8/5 5384/8/5
f 5391/8/5 5385/8/5 5390/8/5
f 5392/8/5 5387/8/5 5386/8/5
f 5393/8/5 5387/8/5 5392/8/5
f 5398/9/5 5395/9/5 5394/9/5
f 5399/9/5 5395/9/5 5398/9/5
f 5402/9/5 5397/9/5 5396/9/5
f 5403/9/5 5397/9/5 5402/9/5
f 5404/9/5 5401/9/5 5400/9/5
f 5405/9/5 5401/9/5 5404/9/5
f 5411/9/5 5407/9/5 5406/9/5
f 5412/9/5 5407/9/5 5411/9/5
f 5413/9/5 5409/9/5 5408/9/5
f 5414/9/5 5409/9/5 5413/9/5
f 5417/9/5 5411/9/5 5410/9/5
f 5418/9/5 5411/9/5 5417/9/5
f 5419/9/5 5415/9/5 5414/9/5
f 5420/9/5 5415/9/5 5419/9/5
f 5422/9/5 5417/9/5 5416/9/5
f 5423/9/5 5417/9/5 5422/9/5
f 5424/9/5 5421/9/5 5420/9/5
f 5425/9/5 5421/9/5 5424/9/5
f 5430/9/5 5427/9/5 5426/9/5
f 5431/9/5 5427/9/5 5430/9/5
f 5432/9/5 5429/9/5 5428/9/5
f 5433/9/5 5429/9/5 5432/9/5
f 5438/9/5 5435/9/5 5434/9/5
f 5439/9/5 5435/9/5 5438/9/5
f 5440/9/5 5437/9/5 5436/9/5
f 5441/9/5 5437/9/5 5440/9/5
f 5446/9/5 5443/9/5 5442/9/5
f 5447/9/5 5443/9/5 5446/9/5
f 5448/9/5 5445/9/5 5444/9/5
f 5449/9/5 5445/9/5 5448/9/5
f 5454/9/5 5451/9/5 5450/9/5
f 5455/9/5 5451/9/5 5454/9/5
f 5458/9/5 5453/9/5 5452/9/5
f 5459/9/5 5453/9/5 5458/9/5
f 5460/9/5 5456/9/5 5455/9/5
f 5461/9/5 5456/9/5 5460/9/5
f 5464/9/5 5458/9/5 5457/9/5
f 5465/9/5 5458/9/5 5464/9/5
f 5466/9/5 5462/9/5 5461/9/5
f 5467/9/5 5462/9/5 5466/9/5
f 5468/9/5 5464/9/5 5463/9/5
f 5469/9/5 5464/9/5 5468/9/5
f 5474/9/5 5471/9/5 5470/9/5
f 5475/9/5 5471/9/5 5474/9/5
f 5478/9/5 5473/9/5 5472/9/5
f 5479/9/5 5473/9/5 5478/9/5
f 5480/9/5 5477/9/5 5476/9/5
f 5481/9/5 5477/9/5 5480/9/5
f 5488/9/5 5483/9/5 5482/9/5
f 5489/9/5 5483/9/5 5488/9/5
f 5490/9/5 5485/9/5 5484/9/5
f 5491/9/5 5485/9/5 5490/9/5
f 5496/9/5 5487/9/5 5486/9/5
f 5497/9/5 5487/9/5 5496/9/5
f 5498/9/5 5493/9/5 5492/9/5
f 5499/9/5 5493/9/5 5498/9/5
f 5502/9/5 5495/9/5 5494/9/5
f 5503/9/5 5495/9/5 5502/9/5
f 5504/9/5 5501/9/5 5500/9/5
f 5505/9/5 5501/9/5 5504/9/5
f 5510/9/5 5507/9/5 5506/9/5
f 5511/9/5 5507/9/5 5510/9/5
f 5512/9/5 5509/9/5 5508/9/5
f 5513/9/5 5509/9/5 5512/9/5
f 5518/9/5 5515/9/5 5514/9/5
f 5519/9/5 5515/9/5 5518/9/5
f 5520/9/5 5517/9/5 5516/9/5
f 5521/9/5 5517/9/5 5520/9/5
f 5526/9/5 5523/9/5 5522/9/5
f 5527/9/5 5523/9/5 5526/9/5
f 5528/9/5 5525/9/5 5524/9/5
f 5529/9/5 5525/9/5 5528/9/5
f 5534/9/5 5531/9/5 5530/9/5
f 5535/9/5 5531/9/5 5534/9/5
f 5536/9/5 5533/9/5 5532/9/5
f 5537/9/5 5533/9/5 5536/9/5
f 5542/9/5 5539/9/5 5538/9/5
f 5543/9/5 5539/9/5 5542/9/5
f 5544/9/5 5541/9/5 5540/9/5
f 5545/9/5 5541/9/5 5544/9/5
f 5550/9/5 5547/9/5 5546/9/5
f 5551/9/5 5547/9/5 5550/9/5
f 5552/9/5 5549/9/5 5548/9/5
f 5553/9/5 5549/9/5 5552/9/5
f 5558/9/5 5555/9/5 5554/9/5
f 5559/9/5 5555/9/5 5558/9/5
f 5564/9/5 5557/9/5 5556/9/5
f 5565/9/5 5557/9/5 5564/9/5
f 5566/9/5 5561/9/5 5560/9/5
f 5567/9/5 5561/9/5 5566/9/5
f 5572/9/5 5563/9/5 5562/9/5
f 5573/9/5 5563/9/5 5572/9/5
f 5574/9/5 5569/9/5 5568/9/5
f 5575/9/5 5569/9/5 5574/9/5
f 5576/9/5 5571/9/5 5570/9/5
f 5577/9/5 5571/9/5 5576/9/5
f 5581/2/5 5579/2/5 5578/2/5
f 5582/2/5 5579/2/5 5581/2/5
f 5585/2/5 5581/2/5 5580/2/5
f 5585/2/5 5583/2/5 5582/2/5
f 5585/2/5 5582/2/5 5581/2/5
f 5586/2/5 5583/2/5 5585/2/5
f 5586/2/5 5585/2/5 5584/2/5
f 5588/2/5 5587/2/5 5586/2/5
f 5592/2/5 5588/2/5 5586/2/5
f 5592/2/5 5589/2/5 5588/2/5
f 5593/2/5 5589/2/5 5592/2/5
f 5594/2/5 5591/2/5 5590/2/5
f 5596/2/5 5586/2/5 5584/2/5
f 5596/2/5 5592/2/5 5586/2/5
f 5597/2/5 5592/2/5 5596/2/5
f 5598/2/5 5592/2/5 5597/2/5
f 5599/2/5 5592/2/5 5598/2/5
f 5601/2/5 5595/2/5 5594/2/5
f 5601/2/5 5594/2/5 5590/2/5
f 5602/2/5 5595/2/5 5601/2/5
f 5604/2/5 5598/2/5 5597/2/5
f 5605/2/5 5598/2/5 5604/2/5
f 5606/2/5 5603/2/5 5602/2/5
f 5606/2/5 5601/2/5 5600/2/5
f 5606/2/5 5602/2/5 5601/2/5
f 5607/2/5 5603/2/5 5606/2/5
f 5608/2/5 5606/2/5 5600/2/5
f 5609/2/5 5606/2/5 5608/2/5
f 5610/2/5 5608/2/5 5600/2/5
f 5611/2/5 5608/2/5 5610/2/5
f 5612/2/5 5610/2/5 5600/2/5
f 5613/2/5 5610/2/5 5612/2/5
f 5618/7/5 5615/7/5 5614/7/5
f 5619/7/5 5615/7/5 5618/7/5
f 5620/7/5 5617/7/5 5616/7/5
f 5621/7/5 5617/7/5 5620/7/5
f 5627/15/5 5623/15/5 5622/15/5
f 5628/15/5 5623/15/5 5627/15/5
f 5629/15/5 5623/15/5 5628/15/5
f 5630/15/5 5625/15/5 5624/15/5
f 5631/15/5 5625/15/5 5630/15/5
f 5632/15/5 5625/15/5 5631/15/5
f 5634/15/5 5627/15/5 5626/15/5
f 5634/15/5 5628/15/5 5627/15/5
f 5635/15/5 5628/15/5 5634/15/5
f 5636/15/5 5633/15/5 5632/15/5
f 5636/15/5 5632/15/5 5631/15/5
f 5637/15/5 5633/15/5 5636/15/5
f 5638/15/5 5634/15/5 5626/15/5
f 5639/15/5 5634/15/5 5638/15/5
f 5640/15/5 5633/15/5 5637/15/5
f 5641/15/5 5633/15/5 5640/15/5
f 5646/7/5 5643/7/5 5642/7/5
f 5647/7/5 5643/7/5 5646/7/5
f 5648/7/5 5645/7/5 5644/7/5
f 5649/7/5 5645/7/5 5648/7/5
f 5654/7/5 5651/7/5 5650/7/5
f 5655/7/5 5651/7/5 5654/7/5
f 5656/7/5 5653/7/5 5652/7/5
f 5657/7/5 5653/7/5 5656/7/5
f 5662/15/5 5659/15/5 5658/15/5
f 5665/15/5 5661/15/5 5660/15/5
f 5666/15/5 5663/15/5 5662/15/5
f 5669/15/5 5665/15/5 5664/15/5
f 5670/15/5 5661/15/5 5665/15/5
f 5670/15/5 5665/15/5 5669/15/5
f 5671/15/5 5661/15/5 5670/15/5
f 5672/15/5 5667/15/5 5666/15/5
f 5672/15/5 5662/15/5 5658/15/5
f 5672/15/5 5666/15/5 5662/15/5
f 5673/15/5 5667/15/5 5672/15/5
f 5674/15/5 5667/15/5 5673/15/5
f 5676/15/5 5670/15/5 5669/15/5
f 5676/15/5 5669/15/5 5668/15/5
f 5677/15/5 5670/15/5 5676/15/5
f 5678/15/5 5675/15/5 5674/15/5
f 5678/15/5 5674/15/5 5673/15/5
f 5679/15/5 5675/15/5 5678/15/5
f 5684/7/5 5681/7/5 5680/7/5
f 5685/7/5 5681/7/5 5684/7/5
f 5686/7/5 5683/7/5 5682/7/5
f 5687/7/5 5683/7/5 5686/7/5
f 5688/3/6 5689/3/6 5691/3/6
f 5691/3/6 5689/3/6 5692/3/6
f 5690/3/6 5691/3/6 5695/3/6
f 5692/3/6 5693/3/6 5695/3/6
f 5691/3/6 5692/3/6 5695/3/6
f 5695/3/6 5693/3/6 5696/3/6
f 5696/3/6 5693/3/6 5697/3/6
f 5697/3/6 5693/3/6 5698/3/6
f 5694/3/6 5695/3/6 5700/3/6
f 5695/3/6 5696/3/6 5700/3/6
f 5696/16/6 5697/16/6 5701/16/6
f 5700/3/6 5696/3/6 5701/3/6
f 5698/3/6 5699/3/6 5702/3/6
f 5701/16/6 5697/16/6 5702/16/6
f 5697/3/6 5698/3/6 5702/3/6
f 5702/3/6 5699/3/6 5703/3/6
f 5694/3/6 5700/3/6 5704/3/6
f 5704/3/6 5700/3/6 5705/3/6
f 5701/16/6 5702/16/6 5706/16/6
f 5706/16/6 5702/16/6 5707/16/6
f 5703/3/6 5699/3/6 5708/3/6
f 5708/3/6 5699/3/6 5709/3/6
f 5705/3/6 5700/3/6 5710/3/6
f 5703/3/6 5708/3/6 5711/3/6
f 5705/3/6 5710/3/6 5712/3/6
f 5710/3/6 5711/3/6 5712/3/6
f 5712/3/6 5711/3/6 5713/3/6
f 5713/3/6 5711/3/6 5714/3/6
f 5711/3/6 5708/3/6 5715/3/6
f 5714/3/6 5711/3/6 5715/3/6
f 5713/3/6 5714/3/6 5716/3/6
f 5716/3/6 5714/3/6 5717/3/6
f 5718/3/6 5719/3/6 5723/3/6
f 5719/12/6 5720/12/6 5724/12/6
f 5723/3/6 5719/3/6 5724/3/6
f 5720/3/6 5721/3/6 5725/3/6
f 5724/12/6 5720/12/6 5725/12/6
f 5725/3/6 5721/3/6 5726/3/6
f 5723/3/6 5724/3/6 5729/3/6
f 5726/3/6 5727/3/6 5729/3/6
f 5725/3/6 5726/3/6 5729/3/6
f 5724/3/6 5725/3/6 5729/3/6
f 5722/3/6 5723/3/6 5729/3/6
f 5729/3/6 5727/3/6 5730/3/6
f 5730/3/6 5727/3/6 5731/3/6
f 5731/3/6 5727/3/6 5732/3/6
f 5728/3/6 5729/3/6 5735/3/6
f 5729/3/6 5730/3/6 5735/3/6
f 5735/3/6 5730/3/6 5736/3/6
f 5736/3/6 5730/3/6 5737/3/6
f 5731/3/6 5732/3/6 5738/3/6
f 5732/3/6 5733/3/6 5738/3/6
f 5738/3/6 5733/3/6 5739/3/6
f 5739/3/6 5733/3/6 5740/3/6
f 5735/3/6 5736/3/6 5742/3/6
f 5734/3/6 5735/3/6 5742/3/6
f 5742/3/6 5736/3/6 5743/3/6
f 5740/3/6 5741/3/6 5744/3/6
f 5739/3/6 5740/3/6 5744/3/6
f 5744/3/6 5741/3/6 5745/3/6
f 5734/3/6 5742/3/6 5750/3/6
f 5746/2/6 5747/2/6 5752/2/6
f 5748/2/6 5749/2/6 5753/2/6
f 5745/3/6 5741/3/6 5755/3/6
f 5752/2/6 5753/2/6 5756/2/6
f 5746/2/6 5752/2/6 5756/2/6
f 5753/2/6 5749/2/6 5757/2/6
f 5756/2/6 5753/2/6 5757/2/6
f 5750/3/6 5751/3/6 5758/3/6
f 5734/3/6 5750/3/6 5758/3/6
f 5758/3/6 5751/3/6 5759/3/6
f 5759/3/6 5751/3/6 5760/3/6
f 5754/3/6 5755/3/6 5763/3/6
f 5755/3/6 5741/3/6 5764/3/6
f 5763/3/6 5755/3/6 5764/3/6
f 5764/3/6 5741/3/6 5765/3/6
f 5760/3/6 5761/3/6 5766/3/6
f 5759/3/6 5760/3/6 5766/3/6
f 5766/3/6 5761/3/6 5767/3/6
f 5767/3/6 5761/3/6 5768/3/6
f 5762/3/6 5763/3/6 5769/3/6
f 5763/3/6 5764/3/6 5769/3/6
f 5769/3/6 5764/3/6 5770/3/6
f 5770/3/6 5764/3/6 5771/3/6
f 5767/3/6 5768/3/6 5772/3/6
f 5769/3/6 5770/3/6 5772/3/6
f 5768/3/6 5769/3/6 5772/3/6
f 5772/3/6 5770/3/6 5773/3/6
f 5773/3/6 5770/3/6 5774/3/6
f 5774/3/6 5770/3/6 5775/3/6
f 5773/3/6 5774/3/6 5776/3/6
f 5776/3/6 5774/3/6 5777/3/6
f 5778/5/6 5779/5/6 5781/5/6
f 5781/5/6 5779/5/6 5782/5/6
f 5780/5/6 5781/5/6 5785/5/6
f 5782/5/6 5783/5/6 5785/5/6
f 5781/5/6 5782/5/6 5785/5/6
f 5785/5/6 5783/5/6 5786/5/6
f 5786/5/6 5783/5/6 5787/5/6
f 5787/5/6 5783/5/6 5788/5/6
f 5784/5/6 5785/5/6 5791/5/6
f 5785/5/6 5786/5/6 5791/5/6
f 5791/5/6 5786/5/6 5792/5/6
f 5792/5/6 5786/5/6 5793/5/6
f 5787/5/6 5788/5/6 5794/5/6
f 5788/5/6 5789/5/6 5794/5/6
f 5794/5/6 5789/5/6 5795/5/6
f 5795/5/6 5789/5/6 5796/5/6
f 5791/5/6 5792/5/6 5799/5/6
f 5790/5/6 5791/5/6 5799/5/6
f 5799/5/6 5792/5/6 5800/5/6
f 5800/5/6 5792/5/6 5801/5/6
f 5796/5/6 5797/5/6 5802/5/6
f 5795/5/6 5796/5/6 5802/5/6
f 5802/5/6 5797/5/6 5803/5/6
f 5803/5/6 5797/5/6 5804/5/6
f 5799/5/6 5800/5/6 5805/5/6
f 5798/5/6 5799/5/6 5805/5/6
f 5805/5/6 5800/5/6 5806/5/6
f 5803/5/6 5804/5/6 5807/5/6
f 5807/5/6 5804/5/6 5808/5/6
f 5798/5/6 5805/5/6 5811/5/6
f 5808/5/6 5809/5/6 5812/5/6
f 5810/5/6 5811/5/6 5814/5/6
f 5811/5/6 5805/5/6 5815/5/6
f 5814/5/6 5811/5/6 5815/5/6
f 5812/5/6 5813/5/6 5816/5/6
f 5808/5/6 5812/5/6 5816/5/6
f 5816/5/6 5813/5/6 5817/5/6
f 5815/5/6 5805/5/6 5818/5/6
f 5808/5/6 5816/5/6 5821/5/6
f 5818/5/6 5819/5/6 5822/5/6
f 5815/5/6 5818/5/6 5822/5/6
f 5822/5/6 5819/5/6 5823/5/6
f 5823/5/6 5819/5/6 5824/5/6
f 5820/5/6 5821/5/6 5826/5/6
f 5821/5/6 5816/5/6 5827/5/6
f 5826/5/6 5821/5/6 5827/5/6
f 5827/5/6 5816/5/6 5828/5/6
f 5823/5/6 5824/5/6 5829/5/6
f 5829/5/6 5824/5/6 5830/5/6
f 5825/5/6 5826/5/6 5834/5/6
f 5826/5/6 5827/5/6 5834/5/6
f 5834/5/6 5827/5/6 5835/5/6
f 5835/5/6 5827/5/6 5836/5/6
f 5831/5/6 5832/5/6 5837/5/6
f 5830/5/6 5831/5/6 5837/5/6
f 5837/5/6 5832/5/6 5838/5/6
f 5838/5/6 5832/5/6 5839/5/6
f 5834/5/6 5835/5/6 5840/5/6
f 5833/5/6 5834/5/6 5840/5/6
f 5840/5/6 5835/5/6 5841/5/6
f 5841/5/6 5835/5/6 5842/5/6
f 5838/5/6 5839/5/6 5843/5/6
f 5840/5/6 5841/5/6 5843/5/6
f 5839/5/6 5840/5/6 5843/5/6
f 5843/5/6 5841/5/6 5844/5/6
f 5844/5/6 5841/5/6 5845/5/6
f 5845/5/6 5841/5/6 5846/5/6
f 5844/5/6 5845/5/6 5847/5/6
f 5847/5/6 5845/5/6 5848/5/6
f 5849/5/6 5850/5/6 5854/5/6
f 5850/13/6 5851/13/6 5855/13/6
f 5854/5/6 5850/5/6 5855/5/6
f 5851/5/6 5852/5/6 5856/5/6
f 5855/13/6 5851/13/6 5856/13/6
f 5856/5/6 5852/5/6 5857/5/6
f 5854/5/6 5855/5/6 5860/5/6
f 5853/5/6 5854/5/6 5860/5/6
f 5860/5/6 5855/5/6 5861/5/6
f 5861/5/6 5855/5/6 5862/5/6
f 5856/5/6 5857/5/6 5863/5/6
f 5857/5/6 5858/5/6 5863/5/6
f 5863/5/6 5858/5/6 5864/5/6
f 5864/5/6 5858/5/6 5865/5/6
f 5860/5/6 5861/5/6 5868/5/6
f 5859/5/6 5860/5/6 5868/5/6
f 5868/5/6 5861/5/6 5869/5/6
f 5869/5/6 5861/5/6 5870/5/6
f 5865/5/6 5866/5/6 5871/5/6
f 5864/5/6 5865/5/6 5871/5/6
f 5871/5/6 5866/5/6 5872/5/6
f 5872/5/6 5866/5/6 5873/5/6
f 5868/5/6 5869/5/6 5876/5/6
f 5867/5/6 5868/5/6 5876/5/6
f 5876/5/6 5869/5/6 5877/5/6
f 5877/5/6 5869/5/6 5878/5/6
f 5873/5/6 5874/5/6 5879/5/6
f 5872/5/6 5873/5/6 5879/5/6
f 5879/5/6 5874/5/6 5880/5/6
f 5880/5/6 5874/5/6 5881/5/6
f 5876/5/6 5877/5/6 5883/5/6
f 5875/5/6 5876/5/6 5883/5/6
f 5883/5/6 5877/5/6 5884/5/6
f 5881/5/6 5882/5/6 5885/5/6
f 5880/5/6 5881/5/6 5885/5/6
f 5885/5/6 5882/5/6 5886/5/6
f 5875/5/6 5883/5/6 5888/5/6
f 5886/5/6 5882/5/6 5889/5/6
f 5889/5/6 5882/5/6 5890/5/6
f 5887/5/6 5888/5/6 5892/5/6
f 5888/5/6 5883/5/6 5892/5/6
f 5892/5/6 5883/5/6 5893/5/6
f 5890/5/6 5891/5/6 5894/5/6
f 5889/5/6 5890/5/6 5894/5/6
f 5894/5/6 5891/5/6 5895/5/6
f 5887/5/6 5892/5/6 5896/5/6
f 5895/5/6 5891/5/6 5899/5/6
f 5896/5/6 5897/5/6 5900/5/6
f 5887/5/6 5896/5/6 5900/5/6
f 5900/5/6 5897/5/6 5901/5/6
f 5898/5/6 5899/5/6 5902/5/6
f 5899/5/6 5891/5/6 5902/5/6
f 5902/5/6 5891/5/6 5903/5/6
f 5901/5/6 5897/5/6 5904/5/6
f 5898/5/6 5902/5/6 5906/5/6
f 5901/5/6 5904/5/6 5907/5/6
f 5907/5/6 5904/5/6 5908/5/6
f 5905/5/6 5906/5/6 5912/5/6
f 5906/5/6 5902/5/6 5913/5/6
f 5912/5/6 5906/5/6 5913/5/6
f 5913/5/6 5902/5/6 5914/5/6
f 5909/5/6 5910/5/6 5915/5/6
f 5908/5/6 5909/5/6 5915/5/6
f 5915/5/6 5910/5/6 5916/5/6
f 5916/5/6 5910/5/6 5917/5/6
f 5911/5/6 5912/5/6 5920/5/6
f 5912/5/6 5913/5/6 5920/5/6
f 5920/5/6 5913/5/6 5921/5/6
f 5921/5/6 5913/5/6 5922/5/6
f 5917/5/6 5918/5/6 5923/5/6
f 5923/5/6 5918/5/6 5924/5/6
f 5920/5/6 5921/5/6 5927/5/6
f 5919/5/6 5920/5/6 5927/5/6
f 5927/5/6 5921/5/6 5928/5/6
f 5928/5/6 5921/5/6 5929/5/6
f 5924/5/6 5925/5/6 5930/5/6
f 5923/5/6 5924/5/6 5930/5/6
f 5930/5/6 5925/5/6 5931/5/6
f 5931/5/6 5925/5/6 5932/5/6
f 5927/5/6 5928/5/6 5933/5/6
f 5926/5/6 5927/5/6 5933/5/6
f 5933/5/6 5928/5/6 5934/5/6
f 5934/5/6 5928/5/6 5935/5/6
f 5931/5/6 5932/5/6 5936/5/6
f 5933/5/6 5934/5/6 5936/5/6
f 5932/5/6 5933/5/6 5936/5/6
f 5936/5/6 5934/5/6 5937/5/6
f 5938/6/6 5939/6/6 5943/6/6
f 5940/6/6 5941/6/6 5943/6/6
f 5939/6/6 5940/6/6 5943/6/6
f 5943/6/6 5941/6/6 5944/6/6
f 5942/6/6 5943/6/6 5947/6/6
f 5947/6/6 5943/6/6 5948/6/6
f 5944/6/6 5945/6/6 5949/6/6
f 5949/6/6 5945/6/6 5950/6/6
f 5946/6/6 5947/6/6 5953/6/6
f 5953/6/6 5947/6/6 5954/6/6
f 5950/6/6 5951/6/6 5955/6/6
f 5955/6/6 5951/6/6 5956/6/6
f 5952/6/6 5953/6/6 5959/6/6
f 5959/6/6 5953/6/6 5960/6/6
f 5956/6/6 5957/6/6 5961/6/6
f 5961/6/6 5957/6/6 5962/6/6
f 5958/6/6 5959/6/6 5965/6/6
f 5965/6/6 5959/6/6 5966/6/6
f 5962/6/6 5963/6/6 5967/6/6
f 5967/6/6 5963/6/6 5968/6/6
f 5964/6/6 5965/6/6 5971/6/6
f 5971/6/6 5965/6/6 5972/6/6
f 5968/6/6 5969/6/6 5973/6/6
f 5973/6/6 5969/6/6 5974/6/6
f 5970/6/6 5971/6/6 5976/6/6
f 5976/6/6 5971/6/6 5977/6/6
f 5974/6/6 5975/6/6 5980/6/6
f 5980/6/6 5975/6/6 5981/6/6
f 5977/6/6 5978/6/6 5982/6/6
f 5982/6/6 5978/6/6 5983/6/6
f 5979/6/6 5980/6/6 5986/6/6
f 5986/6/6 5980/6/6 5987/6/6
f 5983/6/6 5984/6/6 5988/6/6
f 5988/6/6 5984/6/6 5989/6/6
f 5985/6/6 5986/6/6 5992/6/6
f 5992/6/6 5986/6/6 5993/6/6
f 5989/6/6 5990/6/6 5994/6/6
f 5994/6/6 5990/6/6 5995/6/6
f 5991/6/6 5992/6/6 5998/6/6
f 5998/6/6 5992/6/6 5999/6/6
f 5995/6/6 5996/6/6 6000/6/6
f 6000/6/6 5996/6/6 6001/6/6
f 5997/6/6 5998/6/6 6004/6/6
f 6004/6/6 5998/6/6 6005/6/6
f 6001/6/6 6002/6/6 6006/6/6
f 6006/6/6 6002/6/6 6007/6/6
f 6003/6/6 6004/6/6 6008/6/6
f 6008/6/6 6004/6/6 6009/6/6
f 6007/6/6 6008/6/6 6010/6/6
f 6010/6/6 6008/6/6 6011/6/6
f 6012/14/6 6013/14/6 6016/14/6
f 6016/14/6 6013/14/6 6017/14/6
f 6014/6/6 6015/6/6 6021/6/6
f 6021/6/6 6015/6/6 6022/6/6
f 6018/6/6 6019/6/6 6023/6/6
f 6023/6/6 6019/6/6 6024/6/6
f 6020/6/6 6021/6/6 6027/6/6
f 6027/6/6 6021/6/6 6028/6/6
f 6024/6/6 6025/6/6 6029/6/6
f 6029/6/6 6025/6/6 6030/6/6
f 6026/6/6 6027/6/6 6032/6/6
f 6032/6/6 6027/6/6 6033/6/6
f 6030/6/6 6031/6/6 6034/6/6
f 6034/6/6 6031/6/6 6035/6/6
f 6026/6/6 6032/6/6 6037/6/6
f 6037/6/6 6032/6/6 6038/6/6
f 6035/6/6 6031/6/6 6039/6/6
f 6039/6/6 6031/6/6 6040/6/6
f 6036/6/6 6037/6/6 6043/6/6
f 6043/6/6 6037/6/6 6044/6/6
f 6040/6/6 6041/6/6 6045/6/6
f 6045/6/6 6041/6/6 6046/6/6
f 6042/6/6 6043/6/6 6048/6/6
f 6048/6/6 6043/6/6 6049/6/6
f 6046/6/6 6047/6/6 6050/6/6
f 6050/6/6 6047/6/6 6051/6/6
f 6052/6/6 6053/6/6 6056/6/6
f 6056/6/6 6053/6/6 6057/6/6
f 6054/6/6 6055/6/6 6058/6/6
f 6058/6/6 6055/6/6 6059/6/6
f 6060/6/6 6061/6/6 6066/6/6
f 6066/6/6 6061/6/6 6067/6/6
f 6064/2/6 6065/2/6 6069/2/6
f 6069/2/6 6065/2/6 6070/2/6
f 6062/6/6 6063/6/6 6072/6/6
f 6072/6/6 6063/6/6 6073/6/6
f 6067/6/6 6068/6/6 6074/6/6
f 6074/6/6 6068/6/6 6075/6/6
f 6071/6/6 6072/6/6 6079/6/6
f 6079/6/6 6072/6/6 6080/6/6
f 6075/6/6 6076/6/6 6081/6/6
f 6077/2/6 6078/2/6 6082/2/6
f 6082/2/6 6078/2/6 6083/2/6
f 6075/6/6 6081/6/6 6084/6/6
f 6081/6/6 6082/6/6 6084/6/6
f 6084/6/6 6082/6/6 6085/6/6
f 6085/6/6 6086/6/6 6089/6/6
f 6089/6/6 6086/6/6 6090/6/6
f 6087/6/6 6088/6/6 6093/6/6
f 6093/6/6 6088/6/6 6094/6/6
f 6090/6/6 6091/6/6 6095/6/6
f 6095/6/6 6091/6/6 6096/6/6
f 6092/6/6 6093/6/6 6099/6/6
f 6099/6/6 6093/6/6 6100/6/6
f 6097/6/6 6098/6/6 6101/6/6
f 6101/6/6 6098/6/6 6102/6/6
f 6103/4/6 6104/4/6 6109/4/6
f 6109/4/6 6104/4/6 6110/4/6
f 6105/4/6 6106/4/6 6111/4/6
f 6111/4/6 6106/4/6 6112/4/6
f 6107/4/6 6108/4/6 6116/4/6
f 6116/4/6 6108/4/6 6117/4/6
f 6113/4/6 6114/4/6 6118/4/6
f 6118/4/6 6114/4/6 6119/4/6
f 6115/4/6 6116/4/6 6121/4/6
f 6121/4/6 6116/4/6 6122/4/6
f 6119/4/6 6120/4/6 6123/4/6
f 6123/4/6 6120/4/6 6124/4/6
f 6125/4/6 6126/4/6 6130/4/6
f 6130/4/6 6126/4/6 6131/4/6
f 6127/4/6 6128/4/6 6132/4/6
f 6132/4/6 6128/4/6 6133/4/6
f 6129/4/6 6130/4/6 6135/4/6
f 6135/4/6 6130/4/6 6136/4/6
f 6133/4/6 6134/4/6 6137/4/6
f 6137/4/6 6134/4/6 6138/4/6
f 6139/4/6 6140/4/6 6143/4/6
f 6143/4/6 6140/4/6 6144/4/6
f 6141/4/6 6142/4/6 6145/4/6
f 6145/4/6 6142/4/6 6146/4/6
f 6147/4/6 6148/4/6 6151/4/6
f 6151/4/6 6148/4/6 6152/4/6
f 6149/4/6 6150/4/6 6153/4/6
f 6153/4/6 6150/4/6 6154/4/6
f 6155/4/6 6156/4/6 6159/4/6
f 6159/4/6 6156/4/6 6160/4/6
f 6157/4/6 6158/4/6 6164/4/6
f 6164/4/6 6158/4/6 6165/4/6
f 6160/4/6 6161/4/6 6166/4/6
f 6166/4/6 6161/4/6 6167/4/6
f 6162/2/6 6163/2/6 6169/2/6
f 6163/4/6 6164/4/6 6170/4/6
f 6169/2/6 6163/2/6 6170/2/6
f 6170/4/6 6164/4/6 6171/4/6
f 6168/2/6 6169/2/6 6174/2/6
f 6174/2/6 6169/2/6 6175/2/6
f 6172/4/6 6173/4/6 6176/4/6
f 6176/4/6 6173/4/6 6177/4/6
f 6174/4/6 6175/4/6 6180/4/6
f 6180/4/6 6175/4/6 6181/4/6
f 6177/4/6 6178/4/6 6182/4/6
f 6182/4/6 6178/4/6 6183/4/6
f 6179/4/6 6180/4/6 6188/4/6
f 6188/4/6 6180/4/6 6189/4/6
f 6184/4/6 6185/4/6 6190/4/6
f 6190/4/6 6185/4/6 6191/4/6
f 6186/4/6 6187/4/6 6192/4/6
f 6192/4/6 6187/4/6 6193/4/6
f 6194/4/6 6195/4/6 6200/4/6
f 6195/4/6 6196/4/6 6200/4/6
f 6196/4/6 6197/4/6 6200/4/6
f 6200/4/6 6197/4/6 6201/4/6
f 6198/4/6 6199/4/6 6206/4/6
f 6206/4/6 6199/4/6 6207/4/6
f 6202/4/6 6203/4/6 6208/4/6
f 6208/4/6 6203/4/6 6209/4/6
f 6204/4/6 6205/4/6 6213/4/6
f 6213/4/6 6205/4/6 6214/4/6
f 6210/4/6 6211/4/6 6215/4/6
f 6215/4/6 6211/4/6 6216/4/6
f 6212/4/6 6213/4/6 6219/4/6
f 6219/4/6 6213/4/6 6220/4/6
f 6216/4/6 6217/4/6 6221/4/6
f 6221/4/6 6217/4/6 6222/4/6
f 6218/4/6 6219/4/6 6225/4/6
f 6225/4/6 6219/4/6 6226/4/6
f 6222/4/6 6223/4/6 6227/4/6
f 6227/4/6 6223/4/6 6228/4/6
f 6224/4/6 6225/4/6 6230/4/6
f 6230/4/6 6225/4/6 6231/4/6
f 6228/4/6 6229/4/6 6232/4/6
f 6232/4/6 6229/4/6 6233/4/6
f 6234/4/6 6235/4/6 6238/4/6
f 6238/4/6 6235/4/6 6239/4/6
f 6236/4/6 6237/4/6 6240/4/6
f 6240/4/6 6237/4/6 6241/4/6
f 6242/4/6 6243/4/6 6246/4/6
f 6246/4/6 6243/4/6 6247/4/6
f 6244/4/6 6245/4/6 6248/4/6
f 6248/4/6 6245/4/6 6249/4/6
f 6250/4/6 6251/4/6 6254/4/6
f 6254/4/6 6251/4/6 6255/4/6
f 6252/4/6 6253/4/6 6256/4/6
f 6256/4/6 6253/4/6 6257/4/6
f 6258/4/6 6259/4/6 6262/4/6
f 6262/4/6 6259/4/6 6263/4/6
f 6260/4/6 6261/4/6 6267/4/6
f 6267/4/6 6261/4/6 6268/4/6
f 6263/4/6 6264/4/6 6269/4/6
f 6269/4/6 6264/4/6 6270/4/6
f 6265/2/6 6266/2/6 6272/2/6
f 6266/4/6 6267/4/6 6273/4/6
f 6272/2/6 6266/2/6 6273/2/6
f 6273/4/6 6267/4/6 6274/4/6
f 6270/4/6 6271/4/6 6275/4/6
f 6275/4/6 6271/4/6 6276/4/6
f 6272/4/6 6273/4/6 6279/4/6
f 6279/4/6 6273/4/6 6280/4/6
f 6276/4/6 6277/4/6 6281/4/6
f 6281/4/6 6277/4/6 6282/4/6
f 6278/4/6 6279/4/6 6287/4/6
f 6287/4/6 6279/4/6 6288/4/6
f 6283/4/6 6284/4/6 6289/4/6
f 6289/4/6 6284/4/6 6290/4/6
f 6285/4/6 6286/4/6 6293/4/6
f 6293/4/6 6286/4/6 6294/4/6
f 6291/4/6 6292/4/6 6295/4/6
f 6295/4/6 6292/4/6 6296/4/6
f 6297/8/6 6298/8/6 6303/8/6
f 6303/8/6 6298/8/6 6304/8/6
f 6299/8/6 6300/8/6 6305/8/6
f 6305/8/6 6300/8/6 6306/8/6
f 6301/8/6 6302/8/6 6311/8/6
f 6311/8/6 6302/8/6 6312/8/6
f 6307/8/6 6308/8/6 6313/8/6
f 6313/8/6 6308/8/6 6314/8/6
f 6309/8/6 6310/8/6 6318/8/6
f 6318/8/6 6310/8/6 6319/8/6
f 6315/8/6 6316/8/6 6320/8/6
f 6320/8/6 6316/8/6 6321/8/6
f 6317/8/6 6318/8/6 6324/8/6
f 6324/8/6 6318/8/6 6325/8/6
f 6321/8/6 6322/8/6 6326/8/6
f 6326/8/6 6322/8/6 6327/8/6
f 6323/8/6 6324/8/6 6329/8/6
f 6329/8/6 6324/8/6 6330/8/6
f 6327/8/6 6328/8/6 6331/8/6
f 6331/8/6 6328/8/6 6332/8/6
f 6333/8/6 6334/8/6 6337/8/6
f 6337/8/6 6334/8/6 6338/8/6
f 6335/8/6 6336/8/6 6339/8/6
f 6339/8/6 6336/8/6 6340/8/6
f 6341/8/6 6342/8/6 6343/8/6
f 6343/8/6 6342/8/6 6344/8/6
f 6345/8/6 6346/8/6 6349/8/6
f 6349/8/6 6346/8/6 6350/8/6
f 6347/8/6 6348/8/6 6353/8/6
f 6353/8/6 6348/8/6 6354/8/6
f 6351/2/6 6352/2/6 6357/2/6
f 6357/2/6 6352/2/6 6358/2/6
f 6355/8/6 6356/8/6 6361/8/6
f 6361/8/6 6356/8/6 6362/8/6
f 6359/8/6 6360/8/6 6363/8/6
f 6363/8/6 6360/8/6 6364/8/6
f 6365/8/6 6366/8/6 6369/8/6
f 6369/8/6 6366/8/6 6370/8/6
f 6367/8/6 6368/8/6 6373/8/6
f 6373/8/6 6368/8/6 6374/8/6
f 6370/8/6 6371/8/6 6375/8/6
f 6375/8/6 6371/8/6 6376/8/6
f 6372/8/6 6373/8/6 6379/8/6
f 6379/8/6 6373/8/6 6380/8/6
f 6376/8/6 6377/8/6 6381/8/6
f 6381/8/6 6377/8/6 6382/8/6
f 6378/8/6 6379/8/6 6387/8/6
f 6387/8/6 6379/8/6 6388/8/6
f 6383/8/6 6384/8/6 6389/8/6
f 6389/8/6 6384/8/6 6390/8/6
f 6385/8/6 6386/8/6 6395/8/6
f 6395/8/6 6386/8/6 6396/8/6
f 6391/8/6 6392/8/6 6397/8/6
f 6397/8/6 6392/8/6 6398/8/6
f 6393/8/6 6394/8/6 6399/8/6
f 6399/8/6 6394/8/6 6400/8/6
f 6401/8/6 6402/8/6 6405/8/6
f 6405/8/6 6402/8/6 6406/8/6
f 6403/8/6 6404/8/6 6411/8/6
f 6411/8/6 6404/8/6 6412/8/6
f 6407/8/6 6408/8/6 6413/8/6
f 6413/8/6 6408/8/6 6414/8/6
f 6409/8/6 6410/8/6 6417/8/6
f 6417/8/6 6410/8/6 6418/8/6
f 6415/8/6 6416/8/6 6419/8/6
f 6419/8/6 6416/8/6 6420/8/6
f 6421/8/6 6422/8/6 6425/8/6
f 6425/8/6 6422/8/6 6426/8/6
f 6423/8/6 6424/8/6 6427/8/6
f 6427/8/6 6424/8/6 6428/8/6
f 6429/8/6 6430/8/6 6433/8/6
f 6433/8/6 6430/8/6 6434/8/6
f 6431/8/6 6432/8/6 6435/8/6
f 6435/8/6 6432/8/6 6436/8/6
f 6433/2/6 6434/2/6 6437/2/6
f 6433/2/6 6437/2/6 6440/2/6
f 6437/2/6 6438/2/6 6440/2/6
f 6440/2/6 6438/2/6 6441/2/6
f 6441/2/6 6438/2/6 6442/2/6
f 6439/8/6 6440/8/6 6445/8/6
f 6440/2/6 6441/2/6 6445/2/6
f 6445/2/6 6441/2/6 6446/2/6
f 6439/8/6 6445/8/6 6447/8/6
f 6447/8/6 6445/8/6 6448/8/6
f 6443/8/6 6444/8/6 6449/8/6
f 6449/8/6 6444/8/6 6450/8/6
f 6451/8/6 6452/8/6 6455/8/6
f 6455/8/6 6452/8/6 6456/8/6
f 6453/8/6 6454/8/6 6457/8/6
f 6457/8/6 6454/8/6 6458/8/6
f 6459/8/6 6460/8/6 6463/8/6
f 6463/8/6 6460/8/6 6464/8/6
f 6461/8/6 6462/8/6 6465/8/6
f 6465/8/6 6462/8/6 6466/8/6
f 6467/8/6 6468/8/6 6471/8/6
f 6471/8/6 6468/8/6 6472/8/6
f 6469/8/6 6470/8/6 6477/8/6
f 6477/8/6 6470/8/6 6478/8/6
f 6473/8/6 6474/8/6 6479/8/6
f 6479/8/6 6474/8/6 6480/8/6
f 6475/8/6 6476/8/6 6483/8/6
f 6483/8/6 6476/8/6 6484/8/6
f 6481/8/6 6482/8/6 6485/8/6
f 6485/8/6 6482/8/6 6486/8/6
f 6487/9/6 6488/9/6 6493/9/6
f 6493/9/6 6488/9/6 6494/9/6
f 6489/9/6 6490/9/6 6495/9/6
f 6495/9/6 6490/9/6 6496/9/6
f 6491/9/6 6492/9/6 6499/9/6
f 6499/9/6 6492/9/6 6500/9/6
f 6497/9/6 6498/9/6 6501/9/6
f 6501/9/6 6498/9/6 6502/9/6
f 6503/9/6 6504/9/6 6508/9/6
f 6508/9/6 6504/9/6 6509/9/6
f 6505/9/6 6506/9/6 6510/9/6
f 6510/9/6 6506/9/6 6511/9/6
f 6507/9/6 6508/9/6 6513/9/6
f 6513/9/6 6508/9/6 6514/9/6
f 6511/9/6 6512/9/6 6515/9/6
f 6515/9/6 6512/9/6 6516/9/6
f 6517/9/6 6518/9/6 6521/9/6
f 6521/9/6 6518/9/6 6522/9/6
f 6519/9/6 6520/9/6 6523/9/6
f 6523/9/6 6520/9/6 6524/9/6
f 6525/9/6 6526/9/6 6529/9/6
f 6529/9/6 6526/9/6 6530/9/6
f 6527/9/6 6528/9/6 6531/9/6
f 6531/9/6 6528/9/6 6532/9/6
f 6533/9/6 6534/9/6 6537/9/6
f 6537/9/6 6534/9/6 6538/9/6
f 6535/9/6 6536/9/6 6539/9/6
f 6539/9/6 6536/9/6 6540/9/6
f 6541/9/6 6542/9/6 6545/9/6
f 6545/9/6 6542/9/6 6546/9/6
f 6543/9/6 6544/9/6 6547/9/6
f 6547/9/6 6544/9/6 6548/9/6
f 6549/9/6 6550/9/6 6553/9/6
f 6553/9/6 6550/9/6 6554/9/6
f 6551/9/6 6552/9/6 6557/9/6
f 6557/9/6 6552/9/6 6558/9/6
f 6554/9/6 6555/9/6 6559/9/6
f 6559/9/6 6555/9/6 6560/9/6
f 6556/9/6 6557/9/6 6561/9/6
f 6561/9/6 6557/9/6 6562/9/6
f 6563/9/6 6564/9/6 6567/9/6
f 6567/9/6 6564/9/6 6568/9/6
f 6565/9/6 6566/9/6 6573/9/6
f 6573/9/6 6566/9/6 6574/9/6
f 6569/9/6 6570/9/6 6575/9/6
f 6575/9/6 6570/9/6 6576/9/6
f 6571/9/6 6572/9/6 6577/9/6
f 6577/9/6 6572/9/6 6578/9/6
f 6579/9/6 6580/9/6 6583/9/6
f 6583/9/6 6580/9/6 6584/9/6
f 6581/9/6 6582/9/6 6585/9/6
f 6585/9/6 6582/9/6 6586/9/6
f 6587/9/6 6588/9/6 6589/9/6
f 6589/9/6 6588/9/6 6590/9/6
f 6591/9/6 6592/9/6 6595/9/6
f 6595/9/6 6592/9/6 6596/9/6
f 6593/9/6 6594/9/6 6597/9/6
f 6597/9/6 6594/9/6 6598/9/6
f 6599/9/6 6600/9/6 6603/9/6
f 6603/9/6 6600/9/6 6604/9/6
f 6601/9/6 6602/9/6 6605/9/6
f 6605/9/6 6602/9/6 6606/9/6
f 6607/7/6 6608/7/6 6611/7/6
f 6611/7/6 6608/7/6 6612/7/6
f 6609/7/6 6610/7/6 6613/7/6
f 6613/7/6 6610/7/6 6614/7/6
f 6615/2/6 6616/2/6 6618/2/6
f 6618/2/6 6616/2/6 6619/2/6
f 6617/2/6 6618/2/6 6621/2/6
f 6619/2/6 6620/2/6 6622/2/6
f 6621/2/6 6618/2/6 6625/2/6
f 6625/2/6 6618/2/6 6626/2/6
f 6624/2/6 6625/2/6 6626/2/6
f 6622/2/6 6623/2/6 6627/2/6
f 6619/2/6 6622/2/6 6627/2/6
f 6627/2/6 6623/2/6 6628/2/6
f 6628/2/6 6623/2/6 6629/2/6
f 6624/2/6 6626/2/6 6633/2/6
f 6626/2/6 6627/2/6 6633/2/6
f 6627/2/6 6628/2/6 6633/2/6
f 6633/2/6 6628/2/6 6634/2/6
f 6629/2/6 6630/2/6 6635/2/6
f 6635/2/6 6630/2/6 6636/2/6
f 6631/2/6 6632/2/6 6638/2/6
f 6638/2/6 6632/2/6 6639/2/6
f 6634/2/6 6628/2/6 6642/2/6
f 6642/2/6 6628/2/6 6643/2/6
f 6643/2/6 6628/2/6 6644/2/6
f 6637/7/6 6638/7/6 6647/7/6
f 6639/2/6 6640/2/6 6648/2/6
f 6647/7/6 6638/7/6 6648/7/6
f 6638/2/6 6639/2/6 6648/2/6
f 6648/2/6 6640/2/6 6649/2/6
f 6641/2/6 6642/2/6 6651/2/6
f 6651/2/6 6642/2/6 6652/2/6
f 6643/2/6 6644/2/6 6653/2/6
f 6653/2/6 6644/2/6 6654/2/6
f 6645/7/6 6646/7/6 6655/7/6
f 6655/7/6 6646/7/6 6656/7/6
f 6649/2/6 6650/2/6 6657/2/6
f 6647/2/6 6648/2/6 6657/2/6
f 6648/2/6 6649/2/6 6657/2/6
f 6657/2/6 6650/2/6 6658/2/6
f 6647/2/6 6657/2/6 6659/2/6
f 6659/2/6 6657/2/6 6660/2/6
f 6647/2/6 6659/2/6 6661/2/6
f 6661/2/6 6659/2/6 6662/2/6
f 6647/2/6 6661/2/6 6663/2/6
f 6663/2/6 6661/2/6 6664/2/6
f 6665/7/6 6666/7/6 6669/7/6
f 6669/7/6 6666/7/6 6670/7/6
f 6667/7/6 6668/7/6 6671/7/6
f 6671/7/6 6668/7/6 6672/7/6
f 6673/7/6 6674/7/6 6677/7/6
f 6677/7/6 6674/7/6 6678/7/6
f 6675/7/6 6676/7/6 6679/7/6
f 6679/7/6 6676/7/6 6680/7/6
f 6681/7/6 6682/7/6 6684/7/6
f 6684/7/6 6682/7/6 6685/7/6
f 6683/7/6 6684/7/6 6688/7/6
f 6688/7/6 6684/7/6 6689/7/6
f 6685/7/6 6686/7/6 6690/7/6
f 6690/7/6 6686/7/6 6691/7/6
f 6687/7/6 6688/7/6 6695/7/6
f 6695/7/6 6688/7/6 6696/7/6
f 6691/7/6 6692/7/6 6697/7/6
f 6697/7/6 6692/7/6 6698/7/6
f 6693/15/6 6694/15/6 6701/15/6
f 6694/7/6 6695/7/6 6702/7/6
f 6701/15/6 6694/15/6 6702/15/6
f 6702/7/6 6695/7/6 6703/7/6
f 6698/7/6 6699/7/6 6704/7/6
f 6699/15/6 6700/15/6 6705/15/6
f 6704/7/6 6699/7/6 6705/7/6
f 6705/15/6 6700/15/6 6706/15/6
f 6693/15/6 6701/15/6 6707/15/6
f 6701/7/6 6702/7/6 6708/7/6
f 6707/15/6 6701/15/6 6708/15/6
f 6708/7/6 6702/7/6 6709/7/6
f 6705/7/6 6706/7/6 6711/7/6
f 6706/15/6 6700/15/6 6712/15/6
f 6711/7/6 6706/7/6 6712/7/6
f 6712/15/6 6700/15/6 6713/15/6
f 6693/15/6 6707/15/6 6714/15/6
f 6707/7/6 6708/7/6 6715/7/6
f 6714/15/6 6707/15/6 6715/15/6
f 6715/7/6 6708/7/6 6716/7/6
f 6712/7/6 6713/7/6 6719/7/6
f 6713/15/6 6700/15/6 6720/15/6
f 6719/7/6 6713/7/6 6720/7/6
f 6720/15/6 6700/15/6 6721/15/6
f 6717/2/6 6718/2/6 6722/2/6
f 6722/2/6 6718/2/6 6723/2/6
f 6714/7/6 6715/7/6 6725/7/6
f 6725/7/6 6715/7/6 6726/7/6
f 6710/2/6 6711/2/6 6727/2/6
f 6727/2/6 6711/2/6 6728/2/6
f 6720/7/6 6721/7/6 6730/7/6
f 6730/7/6 6721/7/6 6731/7/6
f 6724/7/6 6725/7/6 6736/7/6
f 6736/7/6 6725/7/6 6737/7/6
f 6733/2/6 6734/2/6 6738/2/6
f 6738/2/6 6734/2/6 6739/2/6
f 6729/2/6 6730/2/6 6741/2/6
f 6741/2/6 6730/2/6 6742/2/6
f 6731/7/6 6732/7/6 6743/7/6
f 6743/7/6 6732/7/6 6744/7/6
f 6739/2/6 6740/2/6 6746/2/6
f 6746/2/6 6740/2/6 6747/2/6
f 6735/7/6 6736/7/6 6748/7/6
f 6748/7/6 6736/7/6 6749/7/6
f 6744/7/6 6745/7/6 6752/7/6
f 6752/7/6 6745/7/6 6753/7/6
f 6749/7/6 6750/7/6 6754/7/6
f 6754/7/6 6750/7/6 6755/7/6
f 6751/7/6 6752/7/6 6758/7/6
f 6758/7/6 6752/7/6 6759/7/6
f 6755/7/6 6756/7/6 6760/7/6
f 6760/7/6 6756/7/6 6761/7/6
f 6757/7/6 6758/7/6 6764/7/6
f 6764/7/6 6758/7/6 6765/7/6
f 6761/7/6 6762/7/6 6766/7/6
f 6760/15/6 6761/15/6 6766/15/6
f 6766/7/6 6762/7/6 6767/7/6
f 6763/7/6 6764/7/6 6770/7/6
f 6764/15/6 6765/15/6 6771/15/6
f 6770/7/6 6764/7/6 6771/7/6
f 6767/7/6 6768/7/6 6772/7/6
f 6766/15/6 6767/15/6 6772/15/6
f 6772/7/6 6768/7/6 6773/7/6
f 6769/7/6 6770/7/6 6776/7/6
f 6770/15/6 6771/15/6 6777/15/6
f 6776/7/6 6770/7/6 6777/7/6
f 6773/7/6 6774/7/6 6778/7/6
f 6772/15/6 6773/15/6 6778/15/6
f 6778/7/6 6774/7/6 6779/7/6
f 6775/7/6 6776/7/6 6782/7/6
f 6776/15/6 6777/15/6 6783/15/6
f 6782/7/6 6776/7/6 6783/7/6
f 6777/15/6 6771/15/6 6784/15/6
f 6783/15/6 6777/15/6 6784/15/6
f 6771/15/6 6765/15/6 6784/15/6
f 6760/15/6 6766/15/6 6785/15/6
f 6778/15/6 6779/15/6 6785/15/6
f 6772/15/6 6778/15/6 6785/15/6
f 6766/15/6 6772/15/6 6785/15/6
f 6779/7/6 6780/7/6 6786/7/6
f 6785/15/6 6779/15/6 6786/15/6
f 6786/7/6 6780/7/6 6787/7/6
f 6781/7/6 6782/7/6 6790/7/6
f 6790/7/6 6782/7/6 6791/7/6
f 6787/7/6 6788/7/6 6792/7/6
f 6792/7/6 6788/7/6 6793/7/6
f 6789/7/6 6790/7/6 6794/7/6
f 6794/7/6 6790/7/6 6795/7/6
f 6793/7/6 6794/7/6 6796/7/6
f 6796/7/6 6794/7/6 6797/7/6
