# MagicaVoxel @ Ephtracy

# group
o 

# material
mtllib cave_decorations-1.mtl
usemtl palette

# normals
vn -1 0 0
vn 1 0 0
vn 0 0 1
vn 0 0 -1
vn 0 -1 0
vn 0 1 0

# texcoords
vt 0.416016 0.5
vt 0.986328 0.5

# verts
v -3 -0.9 -4.2
v -3 -0.9 -4.4
v -3 -0.9 -4.6
v -3 -0.9 -5.4
v -3 -0.9 -5.6
v -3 -0.9 -6
v -3 -0.7 -4.2
v -3 -0.7 -4.4
v -3 -0.7 -4.6
v -3 -0.7 -5.2
v -3 -0.7 -5.4
v -3 -0.5 -4.2
v -3 -0.5 -4.4
v -3 -0.5 -5
v -3 -0.5 -5.4
v -3 -0.5 -5.6
v -3 -0.5 -6
v -3 -0.3 -4.4
v -3 -0.3 -5
v -3 -0.3 -5.6
v -3 -0.3 -5.8
v -3 -0.1 -5
v -3 -0.1 -5.2
v -3 -0.1 -5.4
v -3 0.1 -5.2
v -3 0.1 -5.6
v -3 0.3 -4.4
v -3 0.3 -5
v -3 0.3 -5.6
v -3 0.3 -5.8
v -2.8 -0.9 -3.6
v -2.8 -0.9 -3.8
v -2.8 -0.9 -4.2
v -2.8 -0.7 -4.2
v -2.8 -0.5 -3.6
v -2.8 -0.5 -3.8
v -2.8 -0.5 -4
v -2.8 -0.5 -4.2
v -2.8 -0.5 -4.4
v -2.8 -0.5 -5
v -2.8 -0.5 -5.6
v -2.8 -0.5 -6
v -2.8 -0.3 -4.4
v -2.8 -0.3 -5
v -2.8 -0.3 -5.6
v -2.8 -0.3 -5.8
v -2.8 -0.1 -4
v -2.8 -0.1 -4.2
v -2.8 -0.1 -4.4
v -2.8 0.3 -4
v -2.8 0.3 -4.2
v -2.8 0.3 -4.4
v -2.8 0.3 -5
v -2.8 0.3 -5.4
v -2.8 0.3 -5.6
v -2.8 0.3 -5.8
v -2.8 0.3 -6
v -2.8 0.5 -4.2
v -2.8 0.5 -5.4
v -2.8 0.5 -6
v -2.6 -0.9 -3.2
v -2.6 -0.9 -3.4
v -2.6 -0.9 -3.6
v -2.6 -0.5 -3.2
v -2.6 -0.5 -3.4
v -2.6 -0.5 -3.6
v -2.6 -0.5 -3.8
v -2.6 -0.5 -4
v -2.6 -0.3 -3.4
v -2.6 -0.3 -3.6
v -2.6 -0.1 -4
v -2.6 0.1 -3.8
v -2.6 0.1 -4
v -2.6 0.3 -3.6
v -2.6 0.3 -3.8
v -2.6 0.3 -4
v -2.6 0.3 -4.2
v -2.6 0.5 -3.8
v -2.6 0.5 -4
v -2.6 0.5 -4.2
v -2.6 0.5 -4.4
v -2.6 0.5 -4.8
v -2.6 0.5 -5.4
v -2.6 0.5 -5.8
v -2.6 0.7 -4.4
v -2.6 0.7 -4.8
v -2.6 0.7 -5.4
v -2.6 0.7 -5.8
v -2.4 -0.9 -3
v -2.4 -0.9 -3.2
v -2.4 -0.7 -3
v -2.4 -0.7 -3.2
v -2.4 -0.5 -3.2
v -2.4 -0.5 -3.4
v -2.4 -0.3 -3
v -2.4 -0.3 -3.2
v -2.4 -0.3 -3.4
v -2.4 -0.3 -3.6
v -2.4 0.3 -3.2
v -2.4 0.3 -3.4
v -2.4 0.3 -3.6
v -2.4 0.3 -3.8
v -2.4 0.5 -3.4
v -2.4 0.5 -3.8
v -2.4 0.5 -4
v -2.4 0.5 -4.2
v -2.4 0.5 -4.4
v -2.4 0.5 -5.8
v -2.4 0.5 -6
v -2.4 0.7 -4
v -2.4 0.7 -4.2
v -2.4 0.7 -4.4
v -2.4 0.7 -5.8
v -2.4 0.7 -6
v -2.2 -0.9 -2.8
v -2.2 -0.9 -3
v -2.2 -0.7 -3
v -2.2 -0.3 -2.8
v -2.2 -0.3 -3
v -2.2 -0.3 -3.2
v -2.2 0.3 -3.2
v -2.2 0.3 -3.4
v -2.2 0.5 -3
v -2.2 0.5 -3.2
v -2.2 0.5 -3.4
v -2.2 0.5 -3.6
v -2.2 0.5 -4
v -2.2 0.7 -3.6
v -2.2 0.7 -4
v -2.2 0.7 -5.2
v -2.2 0.7 -5.8
v -2.2 0.9 -5.2
v -2.2 0.9 -5.8
v -2 -0.9 -2.6
v -2 -0.9 -2.8
v -2 -0.5 -2.6
v -2 -0.5 -2.8
v -2 -0.3 -2.8
v -2 -0.3 -3
v -2 0.1 -2.8
v -2 0.1 -3
v -2 0.5 -2.8
v -2 0.5 -3
v -2 0.5 -3.2
v -2 0.5 -3.4
v -2 0.5 -3.6
v -2 0.7 -3.2
v -2 0.7 -3.4
v -2 0.7 -3.6
v -1.8 -0.7 -5
v -1.8 -0.7 -5.2
v -1.8 -0.5 -2.6
v -1.8 -0.5 -2.8
v -1.8 -0.5 -5
v -1.8 -0.5 -5.2
v -1.8 0.1 -2.6
v -1.8 0.1 -2.8
v -1.8 0.3 -4.6
v -1.8 0.3 -4.8
v -1.8 0.3 -5
v -1.8 0.5 -2.6
v -1.8 0.5 -2.8
v -1.8 0.5 -3
v -1.8 0.5 -3.2
v -1.8 0.5 -4.6
v -1.8 0.5 -4.8
v -1.8 0.5 -5
v -1.8 0.7 -3
v -1.8 0.7 -3.2
v -1.6 -0.9 -2.4
v -1.6 -0.9 -2.6
v -1.6 -0.7 -2.4
v -1.6 -0.7 -2.6
v -1.6 -0.7 -4.2
v -1.6 -0.7 -4.4
v -1.6 -0.7 -4.6
v -1.6 -0.7 -4.8
v -1.6 -0.7 -5
v -1.6 -0.7 -5.2
v -1.6 -0.7 -5.4
v -1.6 -0.5 -4.2
v -1.6 -0.5 -4.4
v -1.6 -0.5 -4.6
v -1.6 -0.5 -5
v -1.6 -0.5 -5.2
v -1.6 -0.5 -5.4
v -1.6 -0.3 -4.4
v -1.6 -0.3 -4.6
v -1.6 -0.3 -4.8
v -1.6 -0.3 -5
v -1.6 -0.3 -5.2
v -1.6 -0.1 -2.4
v -1.6 -0.1 -2.6
v -1.6 0.1 -2.6
v -1.6 0.1 -4.6
v -1.6 0.1 -4.8
v -1.6 0.3 -4.2
v -1.6 0.3 -4.6
v -1.6 0.3 -4.8
v -1.6 0.3 -5
v -1.6 0.5 -2.4
v -1.6 0.5 -2.6
v -1.6 0.5 -2.8
v -1.6 0.5 -3
v -1.6 0.5 -4.2
v -1.6 0.5 -4.6
v -1.6 0.7 -2.8
v -1.6 0.7 -3
v -1.4 -0.7 -4
v -1.4 -0.7 -4.2
v -1.4 -0.5 -4.2
v -1.4 -0.5 -4.4
v -1.4 -0.5 -5.2
v -1.4 -0.5 -5.4
v -1.4 -0.3 -2.2
v -1.4 -0.3 -2.4
v -1.4 -0.3 -4
v -1.4 -0.3 -4.2
v -1.4 -0.3 -4.4
v -1.4 -0.3 -4.6
v -1.4 -0.3 -5
v -1.4 -0.3 -5.2
v -1.4 -0.1 -2.2
v -1.4 -0.1 -2.4
v -1.4 -0.1 -4.2
v -1.4 -0.1 -4.4
v -1.4 -0.1 -5
v -1.4 -0.1 -5.2
v -1.4 -0.1 -5.4
v -1.4 0.1 -2.2
v -1.4 0.1 -2.4
v -1.4 0.1 -4.2
v -1.4 0.1 -4.4
v -1.4 0.1 -4.6
v -1.4 0.3 -2.2
v -1.4 0.3 -2.4
v -1.4 0.3 -3.8
v -1.4 0.3 -4
v -1.4 0.3 -4.2
v -1.4 0.3 -4.6
v -1.4 0.5 -2.6
v -1.4 0.5 -2.8
v -1.4 0.5 -3.8
v -1.4 0.5 -4
v -1.4 0.5 -4.2
v -1.4 0.5 -5
v -1.4 0.5 -5.2
v -1.4 0.5 -5.8
v -1.4 0.7 -2.6
v -1.4 0.7 -2.8
v -1.4 0.7 -5.2
v -1.4 0.7 -5.8
v -1.2 -0.7 -3.8
v -1.2 -0.7 -4
v -1.2 -0.7 -5.4
v -1.2 -0.7 -5.6
v -1.2 -0.5 -2.2
v -1.2 -0.5 -2.4
v -1.2 -0.5 -3.8
v -1.2 -0.5 -4
v -1.2 -0.3 -2.2
v -1.2 -0.3 -2.4
v -1.2 -0.3 -4
v -1.2 -0.3 -4.2
v -1.2 -0.1 -4.2
v -1.2 -0.1 -5.2
v -1.2 -0.1 -5.4
v -1.2 -0.1 -5.6
v -1.2 -0.1 -5.8
v -1.2 0.1 -4.2
v -1.2 0.1 -5.6
v -1.2 0.1 -5.8
v -1.2 0.3 -2.2
v -1.2 0.3 -2.4
v -1.2 0.3 -3.6
v -1.2 0.3 -3.8
v -1.2 0.3 -4
v -1.2 0.3 -4.2
v -1.2 0.3 -5.2
v -1.2 0.3 -5.4
v -1.2 0.3 -5.8
v -1.2 0.5 -2.2
v -1.2 0.5 -2.4
v -1.2 0.5 -3.6
v -1.2 0.5 -3.8
v -1.2 0.5 -5.2
v -1.2 0.5 -5.8
v -1 -0.9 -2.2
v -1 -0.9 -2.4
v -1 -0.7 -2.4
v -1 -0.7 -3.6
v -1 -0.7 -3.8
v -1 -0.7 -5.6
v -1 -0.7 -5.8
v -1 -0.5 -2.2
v -1 -0.5 -2.4
v -1 -0.5 -3.8
v -1 -0.3 -2
v -1 -0.3 -2.2
v -1 -0.1 -2
v -1 -0.1 -2.2
v -1 -0.1 -5.6
v -1 -0.1 -5.8
v -1 0.1 -2.2
v -1 0.3 -2
v -1 0.3 -2.2
v -1 0.3 -3.4
v -1 0.3 -3.6
v -1 0.3 -3.8
v -1 0.5 -2.4
v -1 0.5 -2.6
v -1 0.5 -3.4
v -1 0.5 -3.6
v -1 0.7 -2.4
v -1 0.7 -2.6
v -0.8 -0.5 -2
v -0.8 -0.5 -2.2
v -0.8 -0.5 -3.4
v -0.8 -0.5 -3.6
v -0.8 -0.3 -2
v -0.8 -0.3 -2.2
v -0.8 0.3 -2
v -0.8 0.3 -2.2
v -0.8 0.3 -3.2
v -0.8 0.3 -3.4
v -0.8 0.3 -3.6
v -0.8 0.5 -2
v -0.8 0.5 -2.2
v -0.8 0.5 -3.2
v -0.8 0.5 -3.4
v -0.6 -0.9 -2
v -0.6 -0.9 -2.2
v -0.6 -0.5 -2
v -0.6 -0.5 -2.2
v -0.6 -0.3 -1.8
v -0.6 -0.3 -2
v -0.6 0.3 -1.8
v -0.6 0.3 -2
v -0.6 0.5 -2.2
v -0.6 0.5 -2.4
v -0.6 0.7 -2.2
v -0.6 0.7 -2.4
v -0.4 -0.7 -3.4
v -0.4 -0.7 -3.6
v -0.4 -0.5 -1.8
v -0.4 -0.5 -2
v -0.4 -0.5 -3.4
v -0.4 -0.5 -3.6
v -0.4 -0.3 -1.8
v -0.4 -0.3 -2
v -0.4 -0.3 -3.2
v -0.4 -0.3 -3.4
v -0.4 0.1 -3.4
v -0.4 0.3 -1.8
v -0.4 0.3 -2
v -0.4 0.3 -3
v -0.4 0.3 -3.2
v -0.4 0.3 -3.4
v -0.4 0.5 -1.8
v -0.4 0.5 -2
v -0.4 0.5 -3
v -0.4 0.5 -3.2
v -0.2 -0.5 -3.2
v -0.2 -0.5 -3.4
v -0.2 -0.3 -1.6
v -0.2 -0.3 -1.8
v -0.2 -0.3 -3.2
v -0.2 -0.3 -3.4
v -0.2 0.1 -1.6
v -0.2 0.1 -1.8
v -0.2 0.3 -1.6
v -0.2 0.3 -1.8
v -0.2 0.5 -2
v -0.2 0.5 -2.2
v -0.2 0.7 -2
v -0.2 0.7 -2.2
v 0 -0.9 4
v 0 -0.9 3.6
v 0 -0.9 3.2
v 0 -0.9 2.4
v 0 -0.9 -1.8
v 0 -0.9 -2
v 0 -0.7 3.4
v 0 -0.7 3.2
v 0 -0.7 3
v 0 -0.7 2.8
v 0 -0.7 2.4
v 0 -0.7 -1.8
v 0 -0.7 -2
v 0 -0.5 4
v 0 -0.5 3.6
v 0 -0.5 3.4
v 0 -0.5 3.2
v 0 -0.5 3
v 0 -0.5 2.8
v 0 -0.5 2.4
v 0 -0.5 -1.8
v 0 -0.5 -2
v 0 -0.3 -3
v 0 -0.3 -3.2
v 0 0.1 -3.2
v 0 0.3 -2.8
v 0 0.3 -3
v 0 0.3 -3.2
v 0 0.5 -2.8
v 0 0.5 -3
v 0.2 -0.9 4.4
v 0.2 -0.9 4.2
v 0.2 -0.9 4
v 0.2 -0.9 2.4
v 0.2 -0.9 2.2
v 0.2 -0.9 2
v 0.2 -0.7 4.4
v 0.2 -0.7 4.2
v 0.2 -0.7 4
v 0.2 -0.7 2.4
v 0.2 -0.7 2.2
v 0.2 -0.7 2
v 0.2 -0.7 -3.2
v 0.2 -0.7 -3.4
v 0.2 -0.5 4.4
v 0.2 -0.5 4.2
v 0.2 -0.5 4
v 0.2 -0.5 3.8
v 0.2 -0.5 3.6
v 0.2 -0.5 3.4
v 0.2 -0.5 3.2
v 0.2 -0.5 3
v 0.2 -0.5 2.8
v 0.2 -0.5 2.6
v 0.2 -0.5 2.4
v 0.2 -0.5 2.2
v 0.2 -0.5 2
v 0.2 -0.5 -1.6
v 0.2 -0.5 -1.8
v 0.2 -0.5 -3.2
v 0.2 -0.5 -3.4
v 0.2 -0.3 4.2
v 0.2 -0.3 3.8
v 0.2 -0.3 3
v 0.2 -0.3 2.8
v 0.2 -0.3 2.6
v 0.2 -0.3 2.4
v 0.2 -0.3 2.2
v 0.2 -0.3 -1.6
v 0.2 -0.3 -1.8
v 0.2 -0.1 2.8
v 0.2 -0.1 2.6
v 0.2 0.3 3.8
v 0.2 0.3 3.6
v 0.2 0.3 3.4
v 0.2 0.3 3.2
v 0.2 0.3 2.8
v 0.2 0.3 2.6
v 0.2 0.3 -1.6
v 0.2 0.3 -1.8
v 0.2 0.5 -1.6
v 0.2 0.5 -1.8
v 0.4 -0.9 4.8
v 0.4 -0.9 4.6
v 0.4 -0.9 4.4
v 0.4 -0.9 2
v 0.4 -0.9 1.8
v 0.4 -0.9 1.6
v 0.4 -0.7 4.4
v 0.4 -0.7 2
v 0.4 -0.5 4.8
v 0.4 -0.5 4.6
v 0.4 -0.5 4.4
v 0.4 -0.5 4.2
v 0.4 -0.5 2.2
v 0.4 -0.5 2
v 0.4 -0.5 1.8
v 0.4 -0.5 1.6
v 0.4 -0.5 -1.4
v 0.4 -0.5 -1.6
v 0.4 -0.5 -3
v 0.4 -0.5 -3.2
v 0.4 -0.3 4.6
v 0.4 -0.3 4.4
v 0.4 -0.3 4.2
v 0.4 -0.3 4
v 0.4 -0.3 3.8
v 0.4 -0.3 2.6
v 0.4 -0.3 2.4
v 0.4 -0.3 2.2
v 0.4 -0.3 2
v 0.4 -0.3 1.8
v 0.4 -0.3 -1.6
v 0.4 -0.3 -2.8
v 0.4 -0.3 -3
v 0.4 -0.3 -3.2
v 0.4 -0.1 2.6
v 0.4 -0.1 2.2
v 0.4 -0.1 2
v 0.4 -0.1 -1.4
v 0.4 -0.1 -1.6
v 0.4 0.1 -3
v 0.4 0.3 4.4
v 0.4 0.3 4
v 0.4 0.3 3.8
v 0.4 0.3 3.6
v 0.4 0.3 3.4
v 0.4 0.3 3.2
v 0.4 0.3 3
v 0.4 0.3 2.8
v 0.4 0.3 2.6
v 0.4 0.3 2.4
v 0.4 0.3 2
v 0.4 0.3 -1.4
v 0.4 0.3 -1.6
v 0.4 0.3 -2.6
v 0.4 0.3 -2.8
v 0.4 0.3 -3
v 0.4 0.5 4
v 0.4 0.5 3.4
v 0.4 0.5 3
v 0.4 0.5 2.8
v 0.4 0.5 2.4
v 0.4 0.5 -1.4
v 0.4 0.5 -1.6
v 0.4 0.5 -1.8
v 0.4 0.5 -2
v 0.4 0.5 -2.6
v 0.4 0.5 -2.8
v 0.4 0.7 -1.8
v 0.4 0.7 -2
v 0.6 -0.9 5
v 0.6 -0.9 4.8
v 0.6 -0.9 1.6
v 0.6 -0.9 1.2
v 0.6 -0.9 -1.6
v 0.6 -0.9 -1.8
v 0.6 -0.7 -1.8
v 0.6 -0.5 4.8
v 0.6 -0.5 4.6
v 0.6 -0.5 1.8
v 0.6 -0.5 1.6
v 0.6 -0.5 1.4
v 0.6 -0.5 1.2
v 0.6 -0.5 -1.2
v 0.6 -0.5 -1.4
v 0.6 -0.5 -1.6
v 0.6 -0.5 -1.8
v 0.6 -0.3 5
v 0.6 -0.3 4.8
v 0.6 -0.3 4.6
v 0.6 -0.3 2
v 0.6 -0.3 1.8
v 0.6 -0.3 1.6
v 0.6 -0.3 1.4
v 0.6 -0.1 4.6
v 0.6 -0.1 4.4
v 0.6 -0.1 2
v 0.6 -0.1 -1.4
v 0.6 0.1 -1.2
v 0.6 0.1 -1.4
v 0.6 0.3 4.8
v 0.6 0.3 4.6
v 0.6 0.3 4.4
v 0.6 0.3 4
v 0.6 0.3 2.4
v 0.6 0.3 2
v 0.6 0.3 1.8
v 0.6 0.3 1.6
v 0.6 0.3 -1.2
v 0.6 0.3 -1.4
v 0.6 0.5 4.6
v 0.6 0.5 4.4
v 0.6 0.5 4
v 0.6 0.5 3.8
v 0.6 0.5 3.4
v 0.6 0.5 3
v 0.6 0.5 2.8
v 0.6 0.5 2.6
v 0.6 0.5 2.4
v 0.6 0.5 1.8
v 0.6 0.5 -1.2
v 0.6 0.5 -1.4
v 0.6 0.5 -1.6
v 0.6 0.5 -1.8
v 0.6 0.7 3.8
v 0.6 0.7 3.4
v 0.6 0.7 3
v 0.6 0.7 2.8
v 0.6 0.7 2.6
v 0.6 0.7 -1.6
v 0.6 0.7 -1.8
v 0.8 -0.9 5.2
v 0.8 -0.9 5
v 0.8 -0.9 1.2
v 0.8 -0.9 1
v 0.8 -0.9 -1.4
v 0.8 -0.9 -1.6
v 0.8 -0.7 -3
v 0.8 -0.7 -3.2
v 0.8 -0.5 1.4
v 0.8 -0.5 1.2
v 0.8 -0.5 -1
v 0.8 -0.5 -1.2
v 0.8 -0.5 -1.4
v 0.8 -0.5 -1.6
v 0.8 -0.5 -2.8
v 0.8 -0.5 -3
v 0.8 -0.5 -3.2
v 0.8 -0.3 5.2
v 0.8 -0.3 5
v 0.8 -0.3 4.8
v 0.8 -0.3 1.6
v 0.8 -0.3 1.4
v 0.8 -0.3 1.2
v 0.8 -0.3 1
v 0.8 -0.3 -0.8
v 0.8 -0.3 -1
v 0.8 -0.3 -2.6
v 0.8 -0.3 -2.8
v 0.8 -0.3 -3
v 0.8 -0.1 5
v 0.8 -0.1 4.8
v 0.8 -0.1 -1
v 0.8 -0.1 -1.2
v 0.8 0.1 -1.2
v 0.8 0.1 -2.8
v 0.8 0.3 4.8
v 0.8 0.3 4.6
v 0.8 0.3 1.8
v 0.8 0.3 1.6
v 0.8 0.3 1.4
v 0.8 0.3 1.2
v 0.8 0.3 -0.8
v 0.8 0.3 -1
v 0.8 0.3 -1.2
v 0.8 0.3 -2.4
v 0.8 0.3 -2.6
v 0.8 0.3 -2.8
v 0.8 0.5 5
v 0.8 0.5 4.6
v 0.8 0.5 4.4
v 0.8 0.5 3.8
v 0.8 0.5 2.6
v 0.8 0.5 2
v 0.8 0.5 1.8
v 0.8 0.5 1.4
v 0.8 0.5 -1
v 0.8 0.5 -1.2
v 0.8 0.5 -1.4
v 0.8 0.5 -1.6
v 0.8 0.5 -2.4
v 0.8 0.5 -2.6
v 0.8 0.7 4.4
v 0.8 0.7 3.8
v 0.8 0.7 2.6
v 0.8 0.7 2
v 0.8 0.7 -1.4
v 0.8 0.7 -1.6
v 1 -0.9 5.4
v 1 -0.9 5.2
v 1 -0.9 1
v 1 -0.9 0.8
v 1 -0.9 0.6
v 1 -0.9 -1
v 1 -0.9 -1.4
v 1 -0.7 -1
v 1 -0.7 -1.2
v 1 -0.7 -1.4
v 1 -0.5 5.4
v 1 -0.5 5.2
v 1 -0.5 0.8
v 1 -0.5 0.6
v 1 -0.5 -1.2
v 1 -0.5 -1.4
v 1 -0.3 5.2
v 1 -0.3 5
v 1 -0.3 1.2
v 1 -0.3 1
v 1 -0.3 0.8
v 1 -0.1 5.2
v 1 -0.1 5
v 1 -0.1 -2.4
v 1 -0.1 -2.6
v 1 0.1 5.4
v 1 0.1 5.2
v 1 0.3 5.4
v 1 0.3 5.2
v 1 0.3 1.4
v 1 0.3 1.2
v 1 0.3 1
v 1 0.3 -0.8
v 1 0.3 -1
v 1 0.3 -2.2
v 1 0.3 -2.4
v 1 0.3 -2.6
v 1 0.5 5.2
v 1 0.5 5
v 1 0.5 4.8
v 1 0.5 4.6
v 1 0.5 4.4
v 1 0.5 2
v 1 0.5 1.6
v 1 0.5 1.4
v 1 0.5 1.2
v 1 0.5 1
v 1 0.5 -0.8
v 1 0.5 -1
v 1 0.5 -1.2
v 1 0.5 -1.4
v 1 0.5 -2.2
v 1 0.5 -2.4
v 1 0.7 4.8
v 1 0.7 4.6
v 1 0.7 4.4
v 1 0.7 2
v 1 0.7 1.6
v 1 0.7 -1.2
v 1 0.7 -1.4
v 1.2 -0.9 5.6
v 1.2 -0.9 5.4
v 1.2 -0.9 0.6
v 1.2 -0.9 0.4
v 1.2 -0.9 -0.8
v 1.2 -0.9 -1
v 1.2 -0.7 5.6
v 1.2 -0.7 5.4
v 1.2 -0.7 3.2
v 1.2 -0.7 3
v 1.2 -0.7 -0.8
v 1.2 -0.7 -1
v 1.2 -0.7 -2.8
v 1.2 -0.7 -3
v 1.2 -0.5 5.4
v 1.2 -0.5 3.2
v 1.2 -0.5 3
v 1.2 -0.5 0.8
v 1.2 -0.5 0.6
v 1.2 -0.5 -2.6
v 1.2 -0.5 -2.8
v 1.2 -0.5 -3
v 1.2 -0.3 1
v 1.2 -0.3 0.8
v 1.2 -0.3 0.6
v 1.2 -0.3 0.4
v 1.2 -0.3 0.2
v 1.2 -0.3 -2.4
v 1.2 -0.3 -2.6
v 1.2 -0.3 -2.8
v 1.2 -0.1 5.6
v 1.2 -0.1 5.4
v 1.2 -0.1 0.4
v 1.2 -0.1 0.2
v 1.2 -0.1 -2.2
v 1.2 -0.1 -2.4
v 1.2 -0.1 -2.6
v 1.2 0.1 5.4
v 1.2 0.3 5.6
v 1.2 0.3 5.4
v 1.2 0.3 5.2
v 1.2 0.3 3.4
v 1.2 0.3 3.2
v 1.2 0.3 1
v 1.2 0.3 0.8
v 1.2 0.3 0.4
v 1.2 0.3 -2
v 1.2 0.3 -2.2
v 1.2 0.3 -2.4
v 1.2 0.5 5.6
v 1.2 0.5 5.4
v 1.2 0.5 5.2
v 1.2 0.5 5
v 1.2 0.5 4.8
v 1.2 0.5 3.4
v 1.2 0.5 3.2
v 1.2 0.5 1.6
v 1.2 0.5 1.2
v 1.2 0.5 1
v 1.2 0.5 0.8
v 1.2 0.5 -1
v 1.2 0.5 -1.2
v 1.2 0.5 -2
v 1.2 0.5 -2.2
v 1.2 0.7 5
v 1.2 0.7 4.8
v 1.2 0.7 1.6
v 1.2 0.7 1.2
v 1.2 0.7 -1
v 1.2 0.7 -1.2
v 1.4 -0.9 5.8
v 1.4 -0.9 5.6
v 1.4 -0.9 0.4
v 1.4 -0.9 0
v 1.4 -0.9 -0.6
v 1.4 -0.9 -0.8
v 1.4 -0.7 5.8
v 1.4 -0.7 5.6
v 1.4 -0.7 3.8
v 1.4 -0.7 3.4
v 1.4 -0.7 3.2
v 1.4 -0.7 3
v 1.4 -0.7 2.6
v 1.4 -0.7 -0.6
v 1.4 -0.7 -0.8
v 1.4 -0.7 -2.6
v 1.4 -0.7 -2.8
v 1.4 -0.5 3.8
v 1.4 -0.5 3.6
v 1.4 -0.5 3.4
v 1.4 -0.5 3.2
v 1.4 -0.5 3
v 1.4 -0.5 2.8
v 1.4 -0.5 2.6
v 1.4 -0.5 0.4
v 1.4 -0.5 0
v 1.4 -0.5 -2.4
v 1.4 -0.5 -2.6
v 1.4 -0.5 -2.8
v 1.4 -0.3 3.6
v 1.4 -0.3 3.4
v 1.4 -0.3 3.2
v 1.4 -0.3 2.8
v 1.4 -0.3 0.4
v 1.4 -0.3 0.2
v 1.4 -0.3 0
v 1.4 -0.3 -2.2
v 1.4 -0.3 -2.4
v 1.4 -0.3 -2.6
v 1.4 -0.1 5.6
v 1.4 -0.1 3.4
v 1.4 -0.1 3.2
v 1.4 -0.1 -2
v 1.4 -0.1 -2.2
v 1.4 -0.1 -2.4
v 1.4 0.1 5.8
v 1.4 0.1 5.6
v 1.4 0.3 5.6
v 1.4 0.3 3.8
v 1.4 0.3 3.4
v 1.4 0.3 3.2
v 1.4 0.3 2.6
v 1.4 0.3 0.8
v 1.4 0.3 0.6
v 1.4 0.3 -1.8
v 1.4 0.3 -2
v 1.4 0.3 -2.2
v 1.4 0.5 5.8
v 1.4 0.5 5.6
v 1.4 0.5 5.4
v 1.4 0.5 5.2
v 1.4 0.5 5
v 1.4 0.5 3.8
v 1.4 0.5 3.6
v 1.4 0.5 3.4
v 1.4 0.5 3.2
v 1.4 0.5 2.6
v 1.4 0.5 1.2
v 1.4 0.5 1
v 1.4 0.5 0.8
v 1.4 0.5 0.6
v 1.4 0.5 -1.8
v 1.4 0.5 -2
v 1.4 0.7 5.4
v 1.4 0.7 5.2
v 1.4 0.7 5
v 1.4 0.7 1.2
v 1.4 0.7 1
v 1.6 -0.9 0
v 1.6 -0.9 -0.2
v 1.6 -0.7 4.2
v 1.6 -0.7 3.8
v 1.6 -0.7 2.6
v 1.6 -0.7 2.4
v 1.6 -0.7 2.2
v 1.6 -0.7 0
v 1.6 -0.7 -0.2
v 1.6 -0.7 -2.4
v 1.6 -0.7 -2.6
v 1.6 -0.5 6
v 1.6 -0.5 5.8
v 1.6 -0.5 4.2
v 1.6 -0.5 4
v 1.6 -0.5 3.8
v 1.6 -0.5 3.6
v 1.6 -0.5 2.8
v 1.6 -0.5 2.6
v 1.6 -0.5 2.4
v 1.6 -0.5 2.2
v 1.6 -0.5 -2.2
v 1.6 -0.5 -2.4
v 1.6 -0.5 -2.6
v 1.6 -0.3 4
v 1.6 -0.3 3.8
v 1.6 -0.3 3.6
v 1.6 -0.3 3.4
v 1.6 -0.3 3.2
v 1.6 -0.3 2.8
v 1.6 -0.3 2.6
v 1.6 -0.3 2.4
v 1.6 -0.3 -2
v 1.6 -0.3 -2.2
v 1.6 -0.3 -2.4
v 1.6 -0.1 6
v 1.6 -0.1 5.8
v 1.6 -0.1 3.8
v 1.6 -0.1 3.6
v 1.6 -0.1 3.4
v 1.6 -0.1 3.2
v 1.6 -0.1 2.8
v 1.6 -0.1 2.6
v 1.6 -0.1 -1.8
v 1.6 -0.1 -2
v 1.6 -0.1 -2.2
v 1.6 0.1 3.8
v 1.6 0.1 3.6
v 1.6 0.1 2.8
v 1.6 0.1 2.6
v 1.6 0.1 -1.8
v 1.6 0.1 -2
v 1.6 0.3 6
v 1.6 0.3 5.8
v 1.6 0.3 4.2
v 1.6 0.3 3.8
v 1.6 0.3 3.4
v 1.6 0.3 3.2
v 1.6 0.3 2.6
v 1.6 0.3 2.4
v 1.6 0.3 2.2
v 1.6 0.3 -1.6
v 1.6 0.3 -1.8
v 1.6 0.3 -2
v 1.6 0.5 6
v 1.6 0.5 5.8
v 1.6 0.5 5.6
v 1.6 0.5 5.4
v 1.6 0.5 4.2
v 1.6 0.5 3.8
v 1.6 0.5 2.6
v 1.6 0.5 2.4
v 1.6 0.5 2.2
v 1.6 0.5 1
v 1.6 0.5 0.8
v 1.6 0.5 0.6
v 1.6 0.5 -1.6
v 1.6 0.5 -1.8
v 1.6 0.7 5.6
v 1.6 0.7 5.4
v 1.6 0.7 1
v 1.6 0.7 0.8
v 1.6 0.7 0.6
v 1.8 -0.7 4.4
v 1.8 -0.7 4.2
v 1.8 -0.7 2.2
v 1.8 -0.7 2
v 1.8 -0.7 1.8
v 1.8 -0.7 -2.2
v 1.8 -0.7 -2.4
v 1.8 -0.5 4.4
v 1.8 -0.5 4.2
v 1.8 -0.5 4
v 1.8 -0.5 2.4
v 1.8 -0.5 2.2
v 1.8 -0.5 2
v 1.8 -0.5 1.8
v 1.8 -0.5 -2
v 1.8 -0.5 -2.2
v 1.8 -0.5 -2.4
v 1.8 -0.3 4.2
v 1.8 -0.3 4
v 1.8 -0.3 3.8
v 1.8 -0.3 2.6
v 1.8 -0.3 2.4
v 1.8 -0.3 2.2
v 1.8 -0.3 2
v 1.8 -0.3 -1.6
v 1.8 -0.3 -2
v 1.8 -0.3 -2.2
v 1.8 -0.1 3.8
v 1.8 -0.1 2.6
v 1.8 -0.1 2.2
v 1.8 -0.1 -1.8
v 1.8 -0.1 -2
v 1.8 0.1 4.2
v 1.8 0.1 4
v 1.8 0.1 3.8
v 1.8 0.1 2.6
v 1.8 0.1 2.4
v 1.8 0.1 2.2
v 1.8 0.1 -1.8
v 1.8 0.3 4.4
v 1.8 0.3 4.2
v 1.8 0.3 4
v 1.8 0.3 3.8
v 1.8 0.3 2.6
v 1.8 0.3 2.4
v 1.8 0.3 2.2
v 1.8 0.3 2
v 1.8 0.3 1.8
v 1.8 0.3 -1.4
v 1.8 0.3 -1.6
v 1.8 0.3 -1.8
v 1.8 0.5 5.8
v 1.8 0.5 5.6
v 1.8 0.5 4.4
v 1.8 0.5 4.2
v 1.8 0.5 2.2
v 1.8 0.5 2
v 1.8 0.5 1.8
v 1.8 0.5 -1.4
v 1.8 0.5 -1.6
v 1.8 0.7 5.8
v 1.8 0.7 5.6
v 2 -0.9 -0.2
v 2 -0.9 -0.4
v 2 -0.9 -0.6
v 2 -0.7 4.6
v 2 -0.7 4.4
v 2 -0.7 1.8
v 2 -0.7 1.6
v 2 -0.7 -0.2
v 2 -0.7 -0.4
v 2 -0.7 -0.6
v 2 -0.7 -2
v 2 -0.7 -2.2
v 2 -0.5 4.4
v 2 -0.5 4.2
v 2 -0.5 2
v 2 -0.5 1.8
v 2 -0.5 1.6
v 2 -0.5 -1.6
v 2 -0.5 -1.8
v 2 -0.5 -2
v 2 -0.5 -2.2
v 2 -0.3 4.6
v 2 -0.3 4.4
v 2 -0.3 4.2
v 2 -0.3 2.2
v 2 -0.3 2
v 2 -0.3 1.8
v 2 -0.3 -1.4
v 2 -0.3 -1.6
v 2 -0.3 -1.8
v 2 -0.3 -2
v 2 -0.1 2.2
v 2 -0.1 1.8
v 2 0.1 4.2
v 2 0.1 2.2
v 2 0.1 1.8
v 2 0.1 -1.4
v 2 0.1 -1.6
v 2 0.3 4.8
v 2 0.3 4.6
v 2 0.3 4.4
v 2 0.3 4.2
v 2 0.3 2.2
v 2 0.3 2
v 2 0.3 1.8
v 2 0.3 1.6
v 2 0.3 -1.2
v 2 0.3 -1.4
v 2 0.3 -1.6
v 2 0.5 4.8
v 2 0.5 4.6
v 2 0.5 4.4
v 2 0.5 1.8
v 2 0.5 1.6
v 2 0.5 -1.2
v 2 0.5 -1.4
v 2.2 -0.7 4.8
v 2.2 -0.7 4.6
v 2.2 -0.7 1.6
v 2.2 -0.7 1.2
v 2.2 -0.7 -1.6
v 2.2 -0.7 -1.8
v 2.2 -0.7 -2
v 2.2 -0.5 4.8
v 2.2 -0.5 4.6
v 2.2 -0.5 1.8
v 2.2 -0.5 1.6
v 2.2 -0.5 -1.4
v 2.2 -0.5 -1.6
v 2.2 -0.5 -1.8
v 2.2 -0.5 -2
v 2.2 -0.3 4.6
v 2.2 -0.3 4.4
v 2.2 -0.3 1.8
v 2.2 -0.3 1.6
v 2.2 -0.3 1.2
v 2.2 -0.3 -1.2
v 2.2 -0.3 -1.4
v 2.2 -0.3 -1.6
v 2.2 -0.1 4.6
v 2.2 -0.1 4.4
v 2.2 -0.1 1.8
v 2.2 0.1 4.8
v 2.2 0.1 4.6
v 2.2 0.1 1.8
v 2.2 0.1 -1.4
v 2.2 0.3 5
v 2.2 0.3 4.8
v 2.2 0.3 4.6
v 2.2 0.3 4.4
v 2.2 0.3 1.8
v 2.2 0.3 1.6
v 2.2 0.3 1
v 2.2 0.3 0.8
v 2.2 0.3 -1.2
v 2.2 0.3 -1.4
v 2.2 0.5 5
v 2.2 0.5 4.8
v 2.2 0.5 1.6
v 2.2 0.5 1
v 2.2 0.5 0.8
v 2.4 -0.7 5
v 2.4 -0.7 4.8
v 2.4 -0.7 1.2
v 2.4 -0.7 1
v 2.4 -0.7 -1.2
v 2.4 -0.7 -1.6
v 2.4 -0.5 4.8
v 2.4 -0.5 1.2
v 2.4 -0.5 1
v 2.4 -0.5 0.8
v 2.4 -0.5 -1
v 2.4 -0.5 -1.2
v 2.4 -0.5 -1.4
v 2.4 -0.5 -1.6
v 2.4 -0.3 5
v 2.4 -0.3 4.8
v 2.4 -0.3 1.6
v 2.4 -0.3 1.2
v 2.4 -0.3 1
v 2.4 -0.3 0.8
v 2.4 -0.3 -0.8
v 2.4 -0.3 -1
v 2.4 -0.3 -1.2
v 2.4 -0.3 -1.4
v 2.4 -0.1 1
v 2.4 -0.1 0.8
v 2.4 -0.1 -0.8
v 2.4 -0.1 -1
v 2.4 0.1 5
v 2.4 0.1 4.8
v 2.4 0.1 1.6
v 2.4 0.1 1.2
v 2.4 0.1 1
v 2.4 0.1 0.8
v 2.4 0.1 -0.8
v 2.4 0.1 -1
v 2.4 0.1 -1.2
v 2.4 0.3 5
v 2.4 0.3 4.8
v 2.4 0.3 1.6
v 2.4 0.3 1.2
v 2.4 0.3 1
v 2.4 0.3 0.8
v 2.4 0.3 0.6
v 2.4 0.3 -1
v 2.4 0.3 -1.2
v 2.4 0.5 0.8
v 2.4 0.5 0.6
v 2.6 -0.7 1
v 2.6 -0.7 0.8
v 2.6 -0.7 0.6
v 2.6 -0.7 -0.8
v 2.6 -0.7 -1.2
v 2.6 -0.5 5.2
v 2.6 -0.5 5
v 2.6 -0.5 1
v 2.6 -0.5 0.8
v 2.6 -0.5 0.6
v 2.6 -0.5 0.4
v 2.6 -0.5 -0.4
v 2.6 -0.5 -0.8
v 2.6 -0.5 -1
v 2.6 -0.5 -1.2
v 2.6 -0.3 5
v 2.6 -0.3 0.8
v 2.6 -0.3 0.6
v 2.6 -0.3 0.4
v 2.6 -0.3 -0.4
v 2.6 -0.3 -0.6
v 2.6 -0.3 -0.8
v 2.6 -0.3 -1
v 2.6 -0.1 5.2
v 2.6 -0.1 5
v 2.6 -0.1 0.8
v 2.6 -0.1 0.6
v 2.6 -0.1 -0.4
v 2.6 -0.1 -0.6
v 2.6 -0.1 -0.8
v 2.6 0.1 5
v 2.6 0.1 -0.6
v 2.6 0.1 -0.8
v 2.6 0.3 5.2
v 2.6 0.3 5
v 2.8 -0.7 0.6
v 2.8 -0.7 -0.2
v 2.8 -0.7 -0.6
v 2.8 -0.7 -0.8
v 2.8 -0.5 0.6
v 2.8 -0.5 0.4
v 2.8 -0.5 -0.2
v 2.8 -0.5 -0.4
v 2.8 -0.5 -0.6
v 2.8 -0.5 -0.8
v -2.8 -0.7 -4.2
v -2.8 -0.7 -4.4
v -2.8 -0.7 -5
v -2.8 -0.7 -5.2
v -2.8 -0.7 -5.6
v -2.8 -0.7 -5.8
v -2.8 -0.5 -4.2
v -2.8 -0.5 -4.4
v -2.8 -0.5 -5
v -2.8 -0.5 -5.4
v -2.8 -0.5 -5.6
v -2.8 -0.5 -5.8
v -2.8 -0.3 -4.4
v -2.8 -0.3 -5
v -2.8 -0.3 -5.6
v -2.8 -0.3 -5.8
v -2.8 -0.1 -4.4
v -2.8 -0.1 -5
v -2.8 -0.1 -5.2
v -2.8 -0.1 -5.4
v -2.8 0.1 -5.2
v -2.8 0.1 -5.6
v -2.8 0.3 -4.4
v -2.8 0.3 -5
v -2.8 0.3 -5.4
v -2.8 0.3 -5.6
v -2.8 0.3 -5.8
v -2.6 -0.7 -3.6
v -2.6 -0.7 -3.8
v -2.6 -0.7 -4.2
v -2.6 -0.5 -3.6
v -2.6 -0.5 -3.8
v -2.6 -0.5 -4
v -2.6 -0.5 -4.2
v -2.6 -0.5 -4.4
v -2.6 -0.5 -5
v -2.6 -0.5 -5.6
v -2.6 -0.5 -5.8
v -2.6 -0.3 -4.4
v -2.6 -0.3 -5
v -2.6 -0.3 -5.6
v -2.6 -0.3 -5.8
v -2.6 -0.1 -4
v -2.6 -0.1 -4.2
v -2.6 -0.1 -4.4
v -2.6 0.1 -4
v -2.6 0.3 -4
v -2.6 0.3 -4.2
v -2.6 0.3 -4.4
v -2.6 0.3 -5.4
v -2.6 0.3 -5.8
v -2.6 0.5 -4.4
v -2.6 0.5 -4.8
v -2.6 0.5 -5.4
v -2.6 0.5 -5.8
v -2.4 -0.7 -3.2
v -2.4 -0.7 -3.4
v -2.4 -0.7 -3.6
v -2.4 -0.5 -3.2
v -2.4 -0.5 -3.4
v -2.4 -0.5 -3.6
v -2.4 -0.5 -3.8
v -2.4 -0.5 -4
v -2.4 -0.3 -3.4
v -2.4 -0.3 -3.6
v -2.4 0.1 -3.8
v -2.4 0.1 -4
v -2.4 0.3 -3.6
v -2.4 0.3 -4
v -2.4 0.3 -4.4
v -2.4 0.5 -4
v -2.4 0.5 -4.2
v -2.4 0.5 -4.4
v -2.2 -0.7 -3
v -2.2 -0.7 -3.2
v -2.2 -0.5 -3.2
v -2.2 -0.5 -3.4
v -2.2 -0.3 -3
v -2.2 -0.3 -3.2
v -2.2 -0.3 -3.4
v -2.2 -0.3 -3.6
v -2.2 0.3 -3.2
v -2.2 0.3 -3.6
v -2.2 0.3 -4
v -2.2 0.5 -3.6
v -2.2 0.5 -4
v -2.2 0.5 -5.2
v -2.2 0.5 -5.8
v -2.2 0.7 -5.2
v -2.2 0.7 -5.8
v -2 -0.7 -2.8
v -2 -0.7 -3
v -2 -0.5 -2.8
v -2 -0.5 -3
v -2 -0.3 -3
v -2 -0.3 -3.2
v -2 0.1 -3
v -2 0.3 -3
v -2 0.3 -3.2
v -2 0.3 -3.6
v -2 0.5 -3.2
v -2 0.5 -3.4
v -2 0.5 -3.6
v -1.8 -0.5 -2.8
v -1.8 -0.5 -3
v -1.8 0.1 -2.8
v -1.8 0.1 -3
v -1.8 0.3 -2.8
v -1.8 0.3 -3
v -1.8 0.3 -3.2
v -1.8 0.5 -3
v -1.8 0.5 -3.2
v -1.8 0.5 -4.6
v -1.8 0.5 -4.8
v -1.8 0.5 -5
v -1.8 0.7 -4.6
v -1.8 0.7 -5
v -1.6 -0.9 -5
v -1.6 -0.9 -5.2
v -1.6 -0.9 -5.4
v -1.6 -0.7 -2.6
v -1.6 -0.7 -2.8
v -1.6 -0.7 -5.2
v -1.6 -0.7 -5.4
v -1.6 -0.5 -5
v -1.6 -0.5 -5.2
v -1.6 -0.1 -2.6
v -1.6 0.1 -2.6
v -1.6 0.1 -2.8
v -1.6 0.3 -2.6
v -1.6 0.3 -2.8
v -1.6 0.3 -3
v -1.6 0.5 -2.8
v -1.6 0.5 -3
v -1.6 0.5 -4.2
v -1.6 0.5 -4.6
v -1.6 0.7 -4.2
v -1.6 0.7 -4.6
v -1.4 -0.9 -4.2
v -1.4 -0.9 -4.6
v -1.4 -0.9 -5
v -1.4 -0.7 -4.6
v -1.4 -0.7 -4.8
v -1.4 -0.5 -4.2
v -1.4 -0.5 -4.4
v -1.4 -0.5 -4.6
v -1.4 -0.5 -5
v -1.4 -0.5 -5.2
v -1.4 -0.3 -2.4
v -1.4 -0.3 -2.6
v -1.4 -0.3 -4.4
v -1.4 -0.3 -4.6
v -1.4 -0.3 -4.8
v -1.4 -0.3 -5
v -1.4 -0.3 -5.2
v -1.4 -0.1 -2.4
v -1.4 -0.1 -2.6
v -1.4 -0.1 -5
v -1.4 0.1 -2.4
v -1.4 0.1 -4.6
v -1.4 0.1 -4.8
v -1.4 0.3 -2.4
v -1.4 0.3 -2.6
v -1.4 0.3 -2.8
v -1.4 0.3 -4.4
v -1.4 0.3 -4.6
v -1.4 0.3 -4.8
v -1.4 0.5 -2.6
v -1.4 0.5 -2.8
v -1.4 0.5 -3.8
v -1.4 0.5 -4
v -1.4 0.5 -4.2
v -1.4 0.5 -4.4
v -1.4 0.5 -5
v -1.4 0.7 -3.8
v -1.4 0.7 -4.2
v -1.4 0.7 -5.2
v -1.4 0.7 -5.8
v -1.4 0.9 -5.2
v -1.4 0.9 -5.8
v -1.2 -0.9 -4
v -1.2 -0.9 -4.2
v -1.2 -0.7 -4
v -1.2 -0.7 -5.2
v -1.2 -0.7 -5.4
v -1.2 -0.5 -2.4
v -1.2 -0.5 -2.6
v -1.2 -0.5 -4
v -1.2 -0.5 -4.2
v -1.2 -0.5 -4.4
v -1.2 -0.3 -2.4
v -1.2 -0.3 -2.6
v -1.2 -0.3 -4
v -1.2 -0.3 -4.2
v -1.2 -0.3 -4.4
v -1.2 -0.3 -4.6
v -1.2 -0.3 -5
v -1.2 -0.3 -5.2
v -1.2 -0.1 -4.2
v -1.2 -0.1 -4.4
v -1.2 -0.1 -5
v -1.2 -0.1 -5.2
v -1.2 -0.1 -5.4
v -1.2 0.1 -4.2
v -1.2 0.1 -4.4
v -1.2 0.1 -5.8
v -1.2 0.1 -6
v -1.2 0.3 -4
v -1.2 0.3 -4.2
v -1.2 0.3 -4.4
v -1.2 0.3 -4.6
v -1.2 0.3 -5.2
v -1.2 0.3 -5.8
v -1.2 0.3 -6
v -1.2 0.5 -3.6
v -1.2 0.5 -3.8
v -1.2 0.5 -4
v -1.2 0.5 -4.4
v -1.2 0.5 -5.2
v -1.2 0.5 -5.8
v -1.2 0.7 -3.6
v -1.2 0.7 -3.8
v -1.2 0.7 -5
v -1.2 0.7 -5.8
v -1.2 0.7 -6
v -1 -0.9 -3.8
v -1 -0.9 -4
v -1 -0.9 -5.4
v -1 -0.9 -5.8
v -1 -0.9 -6
v -1 -0.7 -2.4
v -1 -0.7 -2.6
v -1 -0.7 -3.8
v -1 -0.7 -4
v -1 -0.7 -5.6
v -1 -0.7 -5.8
v -1 -0.7 -6
v -1 -0.5 -2.4
v -1 -0.5 -2.6
v -1 -0.5 -3.8
v -1 -0.5 -4
v -1 -0.3 -2.2
v -1 -0.3 -2.4
v -1 -0.3 -4
v -1 -0.3 -4.2
v -1 -0.1 -2.2
v -1 -0.1 -2.4
v -1 -0.1 -5.2
v -1 -0.1 -5.4
v -1 -0.1 -5.6
v -1 -0.1 -5.8
v -1 -0.1 -6
v -1 0.1 -2.2
v -1 0.1 -2.4
v -1 0.1 -5.6
v -1 0.1 -5.8
v -1 0.1 -6
v -1 0.3 -2.2
v -1 0.3 -2.4
v -1 0.3 -2.6
v -1 0.3 -3.8
v -1 0.3 -4
v -1 0.3 -4.2
v -1 0.3 -5.2
v -1 0.3 -5.4
v -1 0.5 -2.4
v -1 0.5 -2.6
v -1 0.5 -3.4
v -1 0.5 -3.6
v -1 0.5 -3.8
v -1 0.5 -4
v -1 0.5 -5.2
v -1 0.5 -5.8
v -1 0.7 -3.4
v -1 0.7 -3.6
v -0.8 -0.7 -5.6
v -0.8 -0.7 -6
v -0.8 -0.5 -2.2
v -0.8 -0.5 -2.4
v -0.8 -0.5 -3.6
v -0.8 -0.5 -3.8
v -0.8 -0.3 -2.2
v -0.8 -0.3 -2.4
v -0.8 -0.1 -5.6
v -0.8 -0.1 -6
v -0.8 0.3 -3.6
v -0.8 0.3 -3.8
v -0.8 0.5 -3.2
v -0.8 0.5 -3.4
v -0.8 0.5 -3.6
v -0.8 0.5 -3.8
v -0.8 0.7 -3.2
v -0.8 0.7 -3.4
v -0.6 -0.7 -2.2
v -0.6 -0.7 -2.4
v -0.6 -0.5 -2.2
v -0.6 -0.5 -2.4
v -0.6 -0.3 -2
v -0.6 -0.3 -2.2
v -0.6 0.3 -2
v -0.6 0.3 -2.2
v -0.6 0.3 -2.4
v -0.6 0.3 -3.4
v -0.6 0.3 -3.6
v -0.6 0.5 -2.2
v -0.6 0.5 -2.4
v -0.6 0.5 -3.4
v -0.6 0.5 -3.6
v -0.4 -0.9 -3.6
v -0.4 -0.9 -3.8
v -0.4 -0.7 -3.6
v -0.4 -0.5 -2
v -0.4 -0.5 -2.2
v -0.4 -0.5 -3.6
v -0.4 -0.5 -3.8
v -0.4 -0.3 -2
v -0.4 -0.3 -2.2
v -0.4 -0.3 -3.4
v -0.4 -0.3 -3.6
v -0.4 0.1 -3.4
v -0.4 0.1 -3.6
v -0.4 0.3 -3.4
v -0.4 0.3 -3.6
v -0.4 0.5 -3
v -0.4 0.5 -3.2
v -0.4 0.7 -3
v -0.4 0.7 -3.2
v -0.2 -0.5 -3.4
v -0.2 -0.5 -3.6
v -0.2 -0.3 -1.8
v -0.2 -0.3 -2
v -0.2 -0.3 -3.4
v -0.2 -0.3 -3.6
v -0.2 0.1 -1.8
v -0.2 0.3 -1.8
v -0.2 0.3 -2
v -0.2 0.3 -2.2
v -0.2 0.3 -3.2
v -0.2 0.3 -3.4
v -0.2 0.5 -2
v -0.2 0.5 -2.2
v -0.2 0.5 -3.2
v -0.2 0.5 -3.4
v 0 -0.7 -2
v 0 -0.7 -2.2
v 0 -0.5 -2
v 0 -0.5 -2.2
v 0 -0.3 -3.2
v 0 -0.3 -3.4
v 0 0.1 -3.2
v 0 0.1 -3.4
v 0 0.3 -3.2
v 0 0.3 -3.4
v 0 0.5 -2.8
v 0 0.5 -3
v 0 0.7 -2.8
v 0 0.7 -3
v 0.2 -0.9 -3.4
v 0.2 -0.9 -3.6
v 0.2 -0.7 4
v 0.2 -0.7 3.6
v 0.2 -0.7 3.4
v 0.2 -0.7 3.2
v 0.2 -0.7 3
v 0.2 -0.7 2.8
v 0.2 -0.7 2.6
v 0.2 -0.7 2.4
v 0.2 -0.5 4
v 0.2 -0.5 3.8
v 0.2 -0.5 3.6
v 0.2 -0.5 3.4
v 0.2 -0.5 3.2
v 0.2 -0.5 3
v 0.2 -0.5 2.8
v 0.2 -0.5 2.6
v 0.2 -0.5 2.4
v 0.2 -0.5 -1.8
v 0.2 -0.5 -2
v 0.2 -0.5 -3.4
v 0.2 -0.5 -3.6
v 0.2 -0.3 -1.8
v 0.2 -0.3 -2
v 0.2 0.3 -3
v 0.2 0.3 -3.2
v 0.2 0.5 -3
v 0.2 0.5 -3.2
v 0.4 -0.7 4.4
v 0.4 -0.7 4.2
v 0.4 -0.7 4
v 0.4 -0.7 2.4
v 0.4 -0.7 2
v 0.4 -0.5 4.4
v 0.4 -0.5 4.2
v 0.4 -0.5 4
v 0.4 -0.5 3.8
v 0.4 -0.5 3.6
v 0.4 -0.5 3.4
v 0.4 -0.5 3.2
v 0.4 -0.5 3
v 0.4 -0.5 2.8
v 0.4 -0.5 2.6
v 0.4 -0.5 2.4
v 0.4 -0.5 2.2
v 0.4 -0.5 2
v 0.4 -0.5 -3.2
v 0.4 -0.5 -3.4
v 0.4 -0.3 4.2
v 0.4 -0.3 4
v 0.4 -0.3 3.8
v 0.4 -0.3 3
v 0.4 -0.3 2.8
v 0.4 -0.3 2.6
v 0.4 -0.3 2.4
v 0.4 -0.3 2.2
v 0.4 -0.3 -1.6
v 0.4 -0.3 -1.8
v 0.4 -0.3 -3
v 0.4 -0.3 -3.2
v 0.4 -0.3 -3.4
v 0.4 -0.1 2.8
v 0.4 -0.1 2.6
v 0.4 -0.1 -1.6
v 0.4 0.1 -3
v 0.4 0.1 -3.2
v 0.4 0.3 3.8
v 0.4 0.3 3.6
v 0.4 0.3 3.4
v 0.4 0.3 3.2
v 0.4 0.3 3
v 0.4 0.3 2.8
v 0.4 0.3 2.6
v 0.4 0.3 -1.6
v 0.4 0.3 -1.8
v 0.4 0.3 -2
v 0.4 0.3 -3
v 0.4 0.3 -3.2
v 0.4 0.5 -1.8
v 0.4 0.5 -2
v 0.4 0.5 -2.6
v 0.4 0.5 -2.8
v 0.4 0.7 -2.6
v 0.4 0.7 -2.8
v 0.6 -0.7 4.8
v 0.6 -0.7 4.6
v 0.6 -0.7 4.4
v 0.6 -0.7 2
v 0.6 -0.7 1.8
v 0.6 -0.7 1.6
v 0.6 -0.7 -1.8
v 0.6 -0.7 -2
v 0.6 -0.5 4.8
v 0.6 -0.5 4.6
v 0.6 -0.5 4.4
v 0.6 -0.5 4.2
v 0.6 -0.5 2.2
v 0.6 -0.5 2
v 0.6 -0.5 1.8
v 0.6 -0.5 1.6
v 0.6 -0.5 -1.6
v 0.6 -0.5 -1.8
v 0.6 -0.5 -2
v 0.6 -0.3 4.6
v 0.6 -0.3 4.4
v 0.6 -0.3 4.2
v 0.6 -0.3 4
v 0.6 -0.3 3.8
v 0.6 -0.3 2.6
v 0.6 -0.3 2.2
v 0.6 -0.3 2
v 0.6 -0.3 1.8
v 0.6 -0.3 -1.4
v 0.6 -0.3 -1.6
v 0.6 -0.3 -1.8
v 0.6 -0.1 4.4
v 0.6 -0.1 2.2
v 0.6 -0.1 2
v 0.6 -0.1 -1.4
v 0.6 -0.1 -1.6
v 0.6 0.1 -1.4
v 0.6 0.3 4.4
v 0.6 0.3 4
v 0.6 0.3 3.8
v 0.6 0.3 3.4
v 0.6 0.3 3
v 0.6 0.3 2.8
v 0.6 0.3 2.6
v 0.6 0.3 2
v 0.6 0.3 -1.4
v 0.6 0.3 -1.6
v 0.6 0.3 -1.8
v 0.6 0.3 -2.8
v 0.6 0.3 -3
v 0.6 0.5 3.8
v 0.6 0.5 3.4
v 0.6 0.5 3
v 0.6 0.5 2.8
v 0.6 0.5 2.6
v 0.6 0.5 -1.6
v 0.6 0.5 -1.8
v 0.6 0.5 -2.8
v 0.6 0.5 -3
v 0.8 -0.9 -3.2
v 0.8 -0.9 -3.4
v 0.8 -0.7 5
v 0.8 -0.7 4.8
v 0.8 -0.7 1.6
v 0.8 -0.7 1.2
v 0.8 -0.7 -1.6
v 0.8 -0.7 -1.8
v 0.8 -0.7 -3.2
v 0.8 -0.5 4.8
v 0.8 -0.5 4.6
v 0.8 -0.5 1.8
v 0.8 -0.5 1.6
v 0.8 -0.5 1.4
v 0.8 -0.5 1.2
v 0.8 -0.5 -1.4
v 0.8 -0.5 -1.6
v 0.8 -0.5 -1.8
v 0.8 -0.5 -3.2
v 0.8 -0.5 -3.4
v 0.8 -0.3 5
v 0.8 -0.3 4.8
v 0.8 -0.3 2
v 0.8 -0.3 1.8
v 0.8 -0.3 1.6
v 0.8 -0.3 1.4
v 0.8 -0.3 -1.2
v 0.8 -0.3 -1.4
v 0.8 -0.3 -1.6
v 0.8 -0.3 -2.8
v 0.8 -0.3 -3
v 0.8 -0.1 4.8
v 0.8 -0.1 4.6
v 0.8 -0.1 4.4
v 0.8 -0.1 -1.2
v 0.8 0.1 -1.2
v 0.8 0.1 -1.4
v 0.8 0.1 -2.8
v 0.8 0.1 -3
v 0.8 0.3 4.8
v 0.8 0.3 4.6
v 0.8 0.3 4.4
v 0.8 0.3 3.8
v 0.8 0.3 2.6
v 0.8 0.3 2
v 0.8 0.3 1.6
v 0.8 0.3 -1.2
v 0.8 0.3 -1.4
v 0.8 0.3 -1.6
v 0.8 0.3 -2.8
v 0.8 0.3 -3
v 0.8 0.5 4.4
v 0.8 0.5 3.8
v 0.8 0.5 2.6
v 0.8 0.5 2
v 0.8 0.5 -1.4
v 0.8 0.5 -1.6
v 0.8 0.5 -2.4
v 0.8 0.5 -2.6
v 0.8 0.7 -2.4
v 0.8 0.7 -2.6
v 1 -0.7 5.2
v 1 -0.7 5
v 1 -0.7 1.2
v 1 -0.7 1
v 1 -0.7 -1.4
v 1 -0.7 -1.6
v 1 -0.5 5.2
v 1 -0.5 1.4
v 1 -0.5 1.2
v 1 -0.5 -1
v 1 -0.5 -1.2
v 1 -0.5 -1.4
v 1 -0.5 -1.6
v 1 -0.5 -3
v 1 -0.5 -3.2
v 1 -0.3 5.2
v 1 -0.3 5
v 1 -0.3 4.8
v 1 -0.3 1.6
v 1 -0.3 1.4
v 1 -0.3 1.2
v 1 -0.3 1
v 1 -0.3 -0.8
v 1 -0.3 -1
v 1 -0.3 -1.2
v 1 -0.3 -1.4
v 1 -0.3 -3
v 1 -0.3 -3.2
v 1 -0.1 5
v 1 -0.1 4.8
v 1 -0.1 -1
v 1 -0.1 -1.2
v 1 -0.1 -2.6
v 1 -0.1 -2.8
v 1 0.3 5
v 1 0.3 4.8
v 1 0.3 4.6
v 1 0.3 4.4
v 1 0.3 2
v 1 0.3 1.6
v 1 0.3 1.2
v 1 0.3 -0.8
v 1 0.3 -1
v 1 0.3 -1.2
v 1 0.3 -1.4
v 1 0.3 -2.6
v 1 0.3 -2.8
v 1 0.5 4.8
v 1 0.5 4.6
v 1 0.5 4.4
v 1 0.5 2
v 1 0.5 1.6
v 1 0.5 -1.2
v 1 0.5 -1.4
v 1 0.5 -2.2
v 1 0.5 -2.4
v 1 0.5 -2.6
v 1 0.5 -2.8
v 1 0.7 -2.2
v 1 0.7 -2.4
v 1.2 -0.9 -3
v 1.2 -0.9 -3.2
v 1.2 -0.7 5.4
v 1.2 -0.7 5.2
v 1.2 -0.7 1
v 1.2 -0.7 0.8
v 1.2 -0.7 0.6
v 1.2 -0.7 -1.2
v 1.2 -0.7 -1.4
v 1.2 -0.7 -3
v 1.2 -0.7 -3.2
v 1.2 -0.5 5.4
v 1.2 -0.5 5.2
v 1.2 -0.5 0.8
v 1.2 -0.5 0.6
v 1.2 -0.5 -1.2
v 1.2 -0.5 -1.4
v 1.2 -0.5 -3
v 1.2 -0.5 -3.2
v 1.2 -0.3 5.2
v 1.2 -0.3 5
v 1.2 -0.3 1.2
v 1.2 -0.3 1
v 1.2 -0.3 0.8
v 1.2 -0.3 -2.6
v 1.2 -0.3 -2.8
v 1.2 -0.1 5.4
v 1.2 -0.1 5.2
v 1.2 -0.1 5
v 1.2 -0.1 -2.4
v 1.2 -0.1 -2.6
v 1.2 -0.1 -2.8
v 1.2 0.1 5.4
v 1.2 0.1 5.2
v 1.2 0.3 5.4
v 1.2 0.3 5.2
v 1.2 0.3 5
v 1.2 0.3 4.8
v 1.2 0.3 1.6
v 1.2 0.3 1.2
v 1.2 0.3 1
v 1.2 0.3 -0.8
v 1.2 0.3 -1
v 1.2 0.3 -1.2
v 1.2 0.5 5
v 1.2 0.5 4.8
v 1.2 0.5 3.4
v 1.2 0.5 3.2
v 1.2 0.5 1.6
v 1.2 0.5 1.2
v 1.2 0.5 -0.8
v 1.2 0.5 -1
v 1.2 0.5 -1.2
v 1.2 0.5 -2
v 1.2 0.5 -2.2
v 1.2 0.5 -2.4
v 1.2 0.5 -2.6
v 1.2 0.7 3.4
v 1.2 0.7 3.2
v 1.2 0.7 -2
v 1.2 0.7 -2.2
v 1.4 -0.9 3.2
v 1.4 -0.9 3
v 1.4 -0.9 -2.8
v 1.4 -0.9 -3
v 1.4 -0.7 5.6
v 1.4 -0.7 5.4
v 1.4 -0.7 3
v 1.4 -0.7 0.6
v 1.4 -0.7 0.4
v 1.4 -0.5 3.2
v 1.4 -0.5 3
v 1.4 -0.5 0.8
v 1.4 -0.5 0.6
v 1.4 -0.5 0.4
v 1.4 -0.3 1
v 1.4 -0.3 0.8
v 1.4 -0.3 0.6
v 1.4 -0.3 0.4
v 1.4 -0.3 0.2
v 1.4 -0.3 -2.4
v 1.4 -0.3 -2.6
v 1.4 -0.3 -2.8
v 1.4 -0.3 -3
v 1.4 -0.1 5.6
v 1.4 -0.1 5.4
v 1.4 -0.1 0.4
v 1.4 -0.1 0.2
v 1.4 -0.1 -2.2
v 1.4 -0.1 -2.4
v 1.4 -0.1 -2.6
v 1.4 0.1 5.6
v 1.4 0.3 5.6
v 1.4 0.3 5.4
v 1.4 0.3 5
v 1.4 0.3 1.2
v 1.4 0.3 1
v 1.4 0.3 0.8
v 1.4 0.3 0.6
v 1.4 0.3 0.4
v 1.4 0.3 -2.2
v 1.4 0.5 5.4
v 1.4 0.5 5.2
v 1.4 0.5 5
v 1.4 0.5 3.8
v 1.4 0.5 3.6
v 1.4 0.5 3.4
v 1.4 0.5 3.2
v 1.4 0.5 2.6
v 1.4 0.5 1.2
v 1.4 0.5 1
v 1.4 0.5 -1
v 1.4 0.5 -1.2
v 1.4 0.5 -1.8
v 1.4 0.5 -2
v 1.4 0.5 -2.2
v 1.4 0.5 -2.4
v 1.4 0.7 3.8
v 1.4 0.7 3.6
v 1.4 0.7 3.4
v 1.4 0.7 3.2
v 1.4 0.7 2.6
v 1.4 0.7 -1
v 1.4 0.7 -1.2
v 1.4 0.7 -1.8
v 1.4 0.7 -2
v 1.6 -0.9 3.8
v 1.6 -0.9 3.4
v 1.6 -0.9 3.2
v 1.6 -0.9 3
v 1.6 -0.9 2.6
v 1.6 -0.9 -2.6
v 1.6 -0.9 -2.8
v 1.6 -0.7 5.8
v 1.6 -0.7 5.6
v 1.6 -0.7 3
v 1.6 -0.7 2.6
v 1.6 -0.7 0.4
v 1.6 -0.7 0.2
v 1.6 -0.7 0
v 1.6 -0.5 5.8
v 1.6 -0.5 3.8
v 1.6 -0.5 3.6
v 1.6 -0.5 3.4
v 1.6 -0.5 3.2
v 1.6 -0.5 3
v 1.6 -0.5 2.8
v 1.6 -0.5 2.6
v 1.6 -0.5 0.4
v 1.6 -0.5 0
v 1.6 -0.3 3.6
v 1.6 -0.3 3.4
v 1.6 -0.3 3.2
v 1.6 -0.3 2.8
v 1.6 -0.3 0.4
v 1.6 -0.3 0
v 1.6 -0.3 -2.2
v 1.6 -0.3 -2.4
v 1.6 -0.3 -2.6
v 1.6 -0.3 -2.8
v 1.6 -0.1 5.8
v 1.6 -0.1 3.4
v 1.6 -0.1 3.2
v 1.6 -0.1 -2
v 1.6 -0.1 -2.2
v 1.6 -0.1 -2.4
v 1.6 0.1 5.8
v 1.6 0.1 5.6
v 1.6 0.1 -2
v 1.6 0.3 5.8
v 1.6 0.3 5.6
v 1.6 0.3 5.4
v 1.6 0.3 3.6
v 1.6 0.3 3.4
v 1.6 0.3 3.2
v 1.6 0.3 2.8
v 1.6 0.3 1
v 1.6 0.3 0.6
v 1.6 0.3 -2
v 1.6 0.3 -2.2
v 1.6 0.5 5.6
v 1.6 0.5 5.4
v 1.6 0.5 4.2
v 1.6 0.5 3.8
v 1.6 0.5 3.6
v 1.6 0.5 2.8
v 1.6 0.5 2.6
v 1.6 0.5 2.4
v 1.6 0.5 2.2
v 1.6 0.5 1
v 1.6 0.5 0.8
v 1.6 0.5 0.6
v 1.6 0.5 -1.2
v 1.6 0.5 -1.4
v 1.6 0.5 -1.6
v 1.6 0.5 -1.8
v 1.6 0.5 -2
v 1.6 0.5 -2.2
v 1.6 0.7 4.2
v 1.6 0.7 3.8
v 1.6 0.7 2.6
v 1.6 0.7 2.2
v 1.6 0.7 -1.2
v 1.6 0.7 -1.4
v 1.6 0.7 -1.6
v 1.6 0.7 -1.8
v 1.8 -0.9 5.8
v 1.8 -0.9 5.6
v 1.8 -0.9 4.2
v 1.8 -0.9 3.8
v 1.8 -0.9 2.6
v 1.8 -0.9 2.2
v 1.8 -0.9 -2.4
v 1.8 -0.9 -2.6
v 1.8 -0.7 5.8
v 1.8 -0.7 5.6
v 1.8 -0.7 2.6
v 1.8 -0.7 2.2
v 1.8 -0.5 6
v 1.8 -0.5 5.8
v 1.8 -0.5 4.2
v 1.8 -0.5 4
v 1.8 -0.5 3.8
v 1.8 -0.5 3.6
v 1.8 -0.5 2.8
v 1.8 -0.5 2.6
v 1.8 -0.5 2.4
v 1.8 -0.5 2.2
v 1.8 -0.5 -2.4
v 1.8 -0.3 4
v 1.8 -0.3 3.8
v 1.8 -0.3 3.6
v 1.8 -0.3 3.4
v 1.8 -0.3 3.2
v 1.8 -0.3 2.8
v 1.8 -0.3 2.6
v 1.8 -0.3 2.4
v 1.8 -0.3 -2
v 1.8 -0.3 -2.2
v 1.8 -0.3 -2.4
v 1.8 -0.3 -2.6
v 1.8 -0.1 6
v 1.8 -0.1 5.8
v 1.8 -0.1 3.8
v 1.8 -0.1 3.6
v 1.8 -0.1 2.8
v 1.8 -0.1 2.6
v 1.8 -0.1 -1.8
v 1.8 -0.1 -2
v 1.8 -0.1 -2.2
v 1.8 0.1 3.8
v 1.8 0.1 3.6
v 1.8 0.1 2.8
v 1.8 0.1 2.6
v 1.8 0.1 -1.8
v 1.8 0.1 -2
v 1.8 0.3 6
v 1.8 0.3 5.6
v 1.8 0.3 4
v 1.8 0.3 3.8
v 1.8 0.3 3.6
v 1.8 0.3 3.4
v 1.8 0.3 3.2
v 1.8 0.3 2.8
v 1.8 0.3 2.6
v 1.8 0.3 2.4
v 1.8 0.5 6
v 1.8 0.5 5.8
v 1.8 0.5 5.6
v 1.8 0.5 4.4
v 1.8 0.5 4.2
v 1.8 0.5 4
v 1.8 0.5 3.8
v 1.8 0.5 3.6
v 1.8 0.5 2.8
v 1.8 0.5 2.4
v 1.8 0.5 2.2
v 1.8 0.5 2
v 1.8 0.5 1.8
v 1.8 0.5 -1.4
v 1.8 0.5 -1.6
v 1.8 0.5 -1.8
v 1.8 0.5 -2
v 1.8 0.7 4.4
v 1.8 0.7 4.2
v 1.8 0.7 2.2
v 1.8 0.7 1.8
v 1.8 0.7 -1.4
v 1.8 0.7 -1.6
v 2 -0.9 4.4
v 2 -0.9 4.2
v 2 -0.9 2.2
v 2 -0.9 2
v 2 -0.9 1.8
v 2 -0.9 -2.2
v 2 -0.9 -2.4
v 2 -0.7 4.4
v 2 -0.7 2
v 2 -0.7 1.8
v 2 -0.5 4.4
v 2 -0.5 4.2
v 2 -0.5 4
v 2 -0.5 2.4
v 2 -0.5 2.2
v 2 -0.5 2
v 2 -0.5 1.8
v 2 -0.5 -2.2
v 2 -0.5 -2.4
v 2 -0.3 4.2
v 2 -0.3 4
v 2 -0.3 3.8
v 2 -0.3 2.6
v 2 -0.3 2.4
v 2 -0.3 2.2
v 2 -0.3 2
v 2 -0.3 -1.6
v 2 -0.3 -1.8
v 2 -0.3 -2
v 2 -0.3 -2.2
v 2 -0.3 -2.4
v 2 -0.1 2.6
v 2 -0.1 2.2
v 2 -0.1 -1.8
v 2 -0.1 -2
v 2 0.1 4.2
v 2 0.1 4
v 2 0.1 2.4
v 2 0.1 2.2
v 2 0.1 -1.6
v 2 0.3 4.2
v 2 0.3 4
v 2 0.3 3.8
v 2 0.3 2.6
v 2 0.3 2.4
v 2 0.3 2.2
v 2 0.3 2
v 2 0.3 -1.6
v 2 0.5 5.8
v 2 0.5 5.6
v 2 0.5 4.8
v 2 0.5 4.6
v 2 0.5 4.4
v 2 0.5 4.2
v 2 0.5 4
v 2 0.5 2.4
v 2 0.5 2
v 2 0.5 1.8
v 2 0.5 1.6
v 2 0.5 -1.6
v 2 0.5 -1.8
v 2 0.7 5.8
v 2 0.7 5.6
v 2 0.7 4.8
v 2 0.7 4.4
v 2 0.7 1.8
v 2 0.7 1.6
v 2.2 -0.9 4.6
v 2.2 -0.9 4.4
v 2.2 -0.9 1.8
v 2.2 -0.9 1.6
v 2.2 -0.9 -2
v 2.2 -0.9 -2.2
v 2.2 -0.7 4.6
v 2.2 -0.7 4.4
v 2.2 -0.7 1.8
v 2.2 -0.7 1.6
v 2.2 -0.5 4.6
v 2.2 -0.5 4.4
v 2.2 -0.5 4.2
v 2.2 -0.5 2
v 2.2 -0.5 1.8
v 2.2 -0.5 1.6
v 2.2 -0.5 -1.8
v 2.2 -0.5 -2
v 2.2 -0.3 4.6
v 2.2 -0.3 4.4
v 2.2 -0.3 4.2
v 2.2 -0.3 2.2
v 2.2 -0.3 2
v 2.2 -0.3 1.8
v 2.2 -0.3 -1.4
v 2.2 -0.3 -1.6
v 2.2 -0.3 -1.8
v 2.2 -0.3 -2
v 2.2 -0.3 -2.2
v 2.2 -0.1 4.4
v 2.2 -0.1 2.2
v 2.2 -0.1 1.8
v 2.2 0.1 2.2
v 2.2 0.1 1.8
v 2.2 0.1 -1.4
v 2.2 0.1 -1.6
v 2.2 0.3 4.6
v 2.2 0.3 4.4
v 2.2 0.3 2.2
v 2.2 0.3 2
v 2.2 0.3 -1.4
v 2.2 0.3 -1.6
v 2.2 0.5 5.6
v 2.2 0.5 5.4
v 2.2 0.5 5.2
v 2.2 0.5 5
v 2.2 0.5 4.8
v 2.2 0.5 4.6
v 2.2 0.5 4.2
v 2.2 0.5 2
v 2.2 0.5 1.8
v 2.2 0.5 1.6
v 2.2 0.5 1
v 2.2 0.5 0.8
v 2.2 0.5 -1.4
v 2.2 0.5 -1.6
v 2.2 0.7 5.6
v 2.2 0.7 5.4
v 2.2 0.7 5.2
v 2.2 0.7 5
v 2.2 0.7 4.8
v 2.2 0.7 1.6
v 2.2 0.7 0.8
v 2.4 -0.9 5.6
v 2.4 -0.9 5.4
v 2.4 -0.9 4.8
v 2.4 -0.9 4.6
v 2.4 -0.9 1.6
v 2.4 -0.9 1.2
v 2.4 -0.9 -1.6
v 2.4 -0.9 -2
v 2.4 -0.7 5.6
v 2.4 -0.7 5.4
v 2.4 -0.7 4.8
v 2.4 -0.7 -1.6
v 2.4 -0.7 -1.8
v 2.4 -0.5 4.8
v 2.4 -0.5 4.6
v 2.4 -0.5 1.8
v 2.4 -0.5 1.6
v 2.4 -0.5 1.2
v 2.4 -0.5 -1.4
v 2.4 -0.5 -1.6
v 2.4 -0.5 -1.8
v 2.4 -0.5 -2
v 2.4 -0.3 4.8
v 2.4 -0.3 4.6
v 2.4 -0.3 4.4
v 2.4 -0.3 1.6
v 2.4 -0.3 1.2
v 2.4 -0.3 -1.2
v 2.4 -0.3 -1.4
v 2.4 -0.3 -1.8
v 2.4 -0.1 4.6
v 2.4 -0.1 4.4
v 2.4 0.1 4.8
v 2.4 0.1 4.6
v 2.4 0.1 1.6
v 2.4 0.1 -1.2
v 2.4 0.3 4.6
v 2.4 0.3 4.4
v 2.4 0.3 1.6
v 2.4 0.3 1.2
v 2.4 0.3 1
v 2.4 0.3 -1.2
v 2.4 0.5 5.2
v 2.4 0.5 5
v 2.4 0.5 4.8
v 2.4 0.5 4.6
v 2.4 0.5 1.8
v 2.4 0.5 1
v 2.4 0.5 0.8
v 2.4 0.5 0.6
v 2.4 0.5 -1.2
v 2.4 0.5 -1.4
v 2.4 0.7 5.2
v 2.4 0.7 5
v 2.4 0.7 0.8
v 2.4 0.7 0.6
v 2.6 -0.9 5.4
v 2.6 -0.9 4.8
v 2.6 -0.9 1.2
v 2.6 -0.9 1
v 2.6 -0.9 -1.2
v 2.6 -0.9 -1.4
v 2.6 -0.9 -1.6
v 2.6 -0.7 5.4
v 2.6 -0.7 5
v 2.6 -0.7 4.8
v 2.6 -0.7 -1.2
v 2.6 -0.7 -1.4
v 2.6 -0.5 5
v 2.6 -0.5 1.2
v 2.6 -0.5 1
v 2.6 -0.5 0.8
v 2.6 -0.5 -1
v 2.6 -0.5 -1.2
v 2.6 -0.5 -1.4
v 2.6 -0.5 -1.6
v 2.6 -0.3 5
v 2.6 -0.3 4.8
v 2.6 -0.3 1.6
v 2.6 -0.3 1.2
v 2.6 -0.3 1
v 2.6 -0.3 0.8
v 2.6 -0.3 -0.8
v 2.6 -0.3 -1
v 2.6 -0.3 -1.2
v 2.6 -0.3 -1.4
v 2.6 -0.1 5
v 2.6 -0.1 1
v 2.6 -0.1 0.8
v 2.6 -0.1 -0.8
v 2.6 -0.1 -1
v 2.6 0.1 5
v 2.6 0.1 4.8
v 2.6 0.1 1.6
v 2.6 0.1 1.2
v 2.6 0.1 1
v 2.6 0.1 0.8
v 2.6 0.1 -0.8
v 2.6 0.1 -1
v 2.6 0.1 -1.2
v 2.6 0.3 5
v 2.6 0.3 1.6
v 2.6 0.3 1.2
v 2.6 0.3 1
v 2.6 0.3 0.8
v 2.6 0.3 0.6
v 2.6 0.3 -1
v 2.6 0.3 -1.2
v 2.6 0.5 5
v 2.6 0.5 4.8
v 2.6 0.5 1
v 2.6 0.5 0.6
v 2.8 -0.9 1
v 2.8 -0.9 0.6
v 2.8 -0.9 -0.8
v 2.8 -0.9 -1
v 2.8 -0.9 -1.2
v 2.8 -0.7 0.8
v 2.8 -0.7 0.6
v 2.8 -0.7 -1
v 2.8 -0.7 -1.2
v 2.8 -0.5 5.2
v 2.8 -0.5 5
v 2.8 -0.5 1
v 2.8 -0.5 0.8
v 2.8 -0.5 0.6
v 2.8 -0.5 0.4
v 2.8 -0.5 -0.2
v 2.8 -0.5 -0.4
v 2.8 -0.5 -0.6
v 2.8 -0.5 -0.8
v 2.8 -0.5 -1
v 2.8 -0.5 -1.2
v 2.8 -0.3 0.6
v 2.8 -0.3 0.4
v 2.8 -0.3 -0.4
v 2.8 -0.3 -0.6
v 2.8 -0.3 -0.8
v 2.8 -0.3 -1
v 2.8 -0.1 5.2
v 2.8 -0.1 5
v 2.8 -0.1 0.8
v 2.8 -0.1 0.6
v 2.8 -0.1 -0.4
v 2.8 -0.1 -0.6
v 2.8 -0.1 -0.8
v 2.8 0.1 -0.6
v 2.8 0.1 -0.8
v 2.8 0.3 5.2
v 2.8 0.3 5
v 3 -0.9 0.6
v 3 -0.9 -0.4
v 3 -0.9 -0.6
v 3 -0.9 -0.8
v 3 -0.7 -0.2
v 3 -0.7 -0.4
v 3 -0.5 0.6
v 3 -0.5 -0.2
v 3 -0.5 -0.6
v 3 -0.5 -0.8
v 1.6 -0.5 6
v 1.6 -0.1 6
v 1.6 0.3 6
v 1.6 0.5 6
v 1.8 -0.5 6
v 1.8 -0.1 6
v 1.8 0.3 6
v 1.8 0.5 6
v 1.4 -0.9 5.8
v 1.4 -0.7 5.8
v 1.4 0.1 5.8
v 1.4 0.5 5.8
v 1.6 -0.7 5.8
v 1.6 -0.5 5.8
v 1.6 -0.1 5.8
v 1.6 0.1 5.8
v 1.6 0.3 5.8
v 1.6 0.5 5.8
v 1.8 -0.9 5.8
v 1.8 -0.7 5.8
v 1.8 0.5 5.8
v 1.8 0.7 5.8
v 2 0.5 5.8
v 2 0.7 5.8
v 1.2 -0.9 5.6
v 1.2 -0.7 5.6
v 1.2 -0.1 5.6
v 1.2 0.3 5.6
v 1.2 0.5 5.6
v 1.4 -0.9 5.6
v 1.4 -0.7 5.6
v 1.4 -0.1 5.6
v 1.4 0.1 5.6
v 1.4 0.3 5.6
v 1.4 0.5 5.6
v 1.6 0.5 5.6
v 1.6 0.7 5.6
v 1.8 -0.9 5.6
v 1.8 -0.7 5.6
v 1.8 0.5 5.6
v 1.8 0.7 5.6
v 2 -0.9 5.6
v 2 -0.7 5.6
v 2 0.5 5.6
v 2 0.7 5.6
v 2.2 0.5 5.6
v 2.2 0.7 5.6
v 2.4 -0.9 5.6
v 2.4 -0.7 5.6
v 1 -0.9 5.4
v 1 -0.5 5.4
v 1 0.1 5.4
v 1 0.3 5.4
v 1.2 -0.9 5.4
v 1.2 -0.7 5.4
v 1.2 -0.5 5.4
v 1.2 -0.1 5.4
v 1.2 0.1 5.4
v 1.2 0.3 5.4
v 1.4 0.5 5.4
v 1.4 0.7 5.4
v 1.6 0.5 5.4
v 1.6 0.7 5.4
v 2.4 -0.9 5.4
v 2.4 -0.7 5.4
v 2.6 -0.9 5.4
v 2.6 -0.7 5.4
v 0.8 -0.9 5.2
v 0.8 -0.3 5.2
v 1 -0.9 5.2
v 1 -0.5 5.2
v 1 -0.3 5.2
v 1 0.3 5.2
v 1 0.5 5.2
v 1.2 0.3 5.2
v 1.2 0.5 5.2
v 2.2 0.5 5.2
v 2.2 0.7 5.2
v 2.4 0.5 5.2
v 2.4 0.7 5.2
v 2.6 -0.5 5.2
v 2.6 -0.1 5.2
v 2.6 0.3 5.2
v 2.8 -0.5 5.2
v 2.8 -0.1 5.2
v 2.8 0.3 5.2
v 0.6 -0.9 5
v 0.6 -0.3 5
v 0.8 -0.9 5
v 0.8 -0.3 5
v 0.8 -0.1 5
v 0.8 0.5 5
v 1 -0.3 5
v 1 -0.1 5
v 1 0.5 5
v 1.2 0.5 5
v 1.2 0.7 5
v 1.4 0.5 5
v 1.4 0.7 5
v 2.2 0.3 5
v 2.2 0.5 5
v 2.4 -0.7 5
v 2.4 -0.3 5
v 2.4 0.1 5
v 2.4 0.3 5
v 2.4 0.5 5
v 2.6 -0.7 5
v 2.6 -0.5 5
v 2.6 -0.3 5
v 2.6 -0.1 5
v 2.6 0.1 5
v 2.6 0.3 5
v 2.6 0.5 5
v 0.4 -0.9 4.8
v 0.4 -0.5 4.8
v 0.6 -0.9 4.8
v 0.6 -0.5 4.8
v 0.6 -0.3 4.8
v 0.6 0.3 4.8
v 0.8 -0.3 4.8
v 0.8 -0.1 4.8
v 0.8 0.3 4.8
v 1 0.5 4.8
v 1 0.7 4.8
v 1.2 0.5 4.8
v 1.2 0.7 4.8
v 2 0.3 4.8
v 2 0.5 4.8
v 2.2 -0.7 4.8
v 2.2 -0.5 4.8
v 2.2 0.1 4.8
v 2.2 0.3 4.8
v 2.2 0.5 4.8
v 2.4 -0.7 4.8
v 2.4 -0.5 4.8
v 2.4 -0.3 4.8
v 2.4 0.1 4.8
v 2.4 0.3 4.8
v 0.4 -0.5 4.6
v 0.4 -0.3 4.6
v 0.6 -0.5 4.6
v 0.6 -0.3 4.6
v 0.6 0.3 4.6
v 0.6 0.5 4.6
v 0.8 0.3 4.6
v 0.8 0.5 4.6
v 2 -0.7 4.6
v 2 -0.3 4.6
v 2.2 -0.7 4.6
v 2.2 -0.5 4.6
v 2.2 -0.3 4.6
v 0.2 -0.9 4.4
v 0.2 -0.7 4.4
v 0.2 -0.5 4.4
v 0.4 -0.9 4.4
v 0.4 -0.7 4.4
v 0.4 -0.5 4.4
v 0.4 -0.3 4.4
v 0.4 0.3 4.4
v 0.6 -0.3 4.4
v 0.6 -0.1 4.4
v 0.6 0.3 4.4
v 0.8 0.5 4.4
v 0.8 0.7 4.4
v 1 0.5 4.4
v 1 0.7 4.4
v 1.8 -0.7 4.4
v 1.8 -0.5 4.4
v 1.8 0.3 4.4
v 1.8 0.5 4.4
v 2 -0.7 4.4
v 2 -0.5 4.4
v 2 -0.3 4.4
v 2 0.3 4.4
v 2 0.5 4.4
v 2.2 -0.3 4.4
v 2.2 -0.1 4.4
v 2.2 0.3 4.4
v 0.2 -0.5 4.2
v 0.2 -0.3 4.2
v 0.4 -0.5 4.2
v 0.4 -0.3 4.2
v 1.6 -0.7 4.2
v 1.6 -0.5 4.2
v 1.6 0.3 4.2
v 1.6 0.5 4.2
v 1.8 -0.7 4.2
v 1.8 -0.5 4.2
v 1.8 -0.3 4.2
v 1.8 0.1 4.2
v 1.8 0.3 4.2
v 1.8 0.5 4.2
v 2 -0.5 4.2
v 2 -0.3 4.2
v 2 0.1 4.2
v 2 0.3 4.2
v 0 -0.9 4
v 0 -0.5 4
v 0.2 -0.9 4
v 0.2 -0.7 4
v 0.2 -0.5 4
v 0.4 0.3 4
v 0.4 0.5 4
v 0.6 0.3 4
v 0.6 0.5 4
v 1.6 -0.5 4
v 1.6 -0.3 4
v 1.8 -0.5 4
v 1.8 -0.3 4
v 0.2 -0.3 3.8
v 0.2 0.3 3.8
v 0.4 -0.3 3.8
v 0.4 0.3 3.8
v 0.6 0.5 3.8
v 0.6 0.7 3.8
v 0.8 0.5 3.8
v 0.8 0.7 3.8
v 1.4 -0.7 3.8
v 1.4 -0.5 3.8
v 1.4 0.3 3.8
v 1.4 0.5 3.8
v 1.6 -0.7 3.8
v 1.6 -0.5 3.8
v 1.6 -0.3 3.8
v 1.6 -0.1 3.8
v 1.6 0.1 3.8
v 1.6 0.3 3.8
v 1.6 0.5 3.8
v 1.8 -0.3 3.8
v 1.8 -0.1 3.8
v 1.8 0.1 3.8
v 1.8 0.3 3.8
v 1.4 -0.5 3.6
v 1.4 -0.3 3.6
v 1.6 -0.5 3.6
v 1.6 -0.3 3.6
v 1.2 0.3 3.4
v 1.2 0.5 3.4
v 1.4 -0.3 3.4
v 1.4 -0.1 3.4
v 1.4 0.3 3.4
v 1.4 0.5 3.4
v 1.6 -0.3 3.4
v 1.6 -0.1 3.4
v 1.6 0.3 3.4
v 1.2 -0.7 3.2
v 1.2 -0.5 3.2
v 1.2 0.5 3.2
v 1.2 0.7 3.2
v 1.4 -0.7 3.2
v 1.4 -0.5 3.2
v 1.4 0.5 3.2
v 1.4 0.7 3.2
v 1.6 -0.3 3.2
v 1.6 -0.1 3.2
v 1.6 0.3 3.2
v 1.8 -0.3 3.2
v 1.8 0.3 3.2
v 1.4 -0.9 3
v 1.4 -0.7 3
v 1.4 -0.5 3
v 1.6 -0.9 3
v 1.6 -0.7 3
v 1.6 -0.5 3
v 1.6 -0.5 2.8
v 1.6 -0.3 2.8
v 1.6 0.3 2.8
v 1.6 0.5 2.8
v 1.8 -0.5 2.8
v 1.8 -0.3 2.8
v 1.8 0.3 2.8
v 1.8 0.5 2.8
v 0.4 -0.3 2.6
v 0.4 -0.1 2.6
v 0.4 0.3 2.6
v 0.6 -0.3 2.6
v 0.6 0.3 2.6
v 0.6 0.5 2.6
v 0.8 0.3 2.6
v 0.8 0.5 2.6
v 1.4 0.5 2.6
v 1.4 0.7 2.6
v 1.6 -0.9 2.6
v 1.6 -0.7 2.6
v 1.6 -0.5 2.6
v 1.6 0.5 2.6
v 1.6 0.7 2.6
v 1.8 -0.9 2.6
v 1.8 -0.7 2.6
v 1.8 -0.5 2.6
v 1.8 -0.3 2.6
v 1.8 -0.1 2.6
v 1.8 0.1 2.6
v 1.8 0.3 2.6
v 2 -0.3 2.6
v 2 -0.1 2.6
v 2 0.3 2.6
v 0.2 -0.7 2.4
v 0.2 -0.5 2.4
v 0.4 -0.7 2.4
v 0.4 -0.5 2.4
v 1.8 -0.5 2.4
v 1.8 -0.3 2.4
v 1.8 0.3 2.4
v 1.8 0.5 2.4
v 2 -0.5 2.4
v 2 -0.3 2.4
v 2 0.3 2.4
v 2 0.5 2.4
v 0.4 -0.5 2.2
v 0.4 -0.3 2.2
v 0.6 -0.5 2.2
v 0.6 -0.3 2.2
v 1.6 0.5 2.2
v 1.6 0.7 2.2
v 1.8 -0.9 2.2
v 1.8 -0.7 2.2
v 1.8 -0.5 2.2
v 1.8 0.5 2.2
v 1.8 0.7 2.2
v 2 -0.9 2.2
v 2 -0.5 2.2
v 2 -0.3 2.2
v 2 -0.1 2.2
v 2 0.1 2.2
v 2 0.3 2.2
v 2.2 -0.3 2.2
v 2.2 -0.1 2.2
v 2.2 0.1 2.2
v 2.2 0.3 2.2
v 0.4 -0.7 2
v 0.4 -0.5 2
v 0.6 -0.7 2
v 0.6 -0.5 2
v 0.6 -0.3 2
v 0.6 -0.1 2
v 0.6 0.3 2
v 0.8 -0.3 2
v 0.8 0.3 2
v 0.8 0.5 2
v 1 0.3 2
v 1 0.5 2
v 2 -0.5 2
v 2 -0.3 2
v 2 0.3 2
v 2 0.5 2
v 2.2 -0.5 2
v 2.2 -0.3 2
v 2.2 0.3 2
v 2.2 0.5 2
v 0.6 -0.5 1.8
v 0.6 -0.3 1.8
v 0.8 -0.5 1.8
v 0.8 -0.3 1.8
v 1.8 0.5 1.8
v 1.8 0.7 1.8
v 2 -0.9 1.8
v 2 -0.7 1.8
v 2 -0.5 1.8
v 2 0.5 1.8
v 2 0.7 1.8
v 2.2 -0.9 1.8
v 2.2 -0.7 1.8
v 2.2 -0.5 1.8
v 2.2 -0.3 1.8
v 2.2 -0.1 1.8
v 2.2 0.1 1.8
v 2.2 0.5 1.8
v 2.4 -0.5 1.8
v 2.4 0.5 1.8
v 0.6 -0.7 1.6
v 0.6 -0.5 1.6
v 0.8 -0.7 1.6
v 0.8 -0.5 1.6
v 0.8 -0.3 1.6
v 0.8 0.3 1.6
v 1 -0.3 1.6
v 1 0.3 1.6
v 1 0.5 1.6
v 1.2 0.3 1.6
v 1.2 0.5 1.6
v 2 0.5 1.6
v 2 0.7 1.6
v 2.2 -0.9 1.6
v 2.2 -0.7 1.6
v 2.2 -0.5 1.6
v 2.2 0.5 1.6
v 2.2 0.7 1.6
v 2.4 -0.9 1.6
v 2.4 -0.5 1.6
v 2.4 -0.3 1.6
v 2.4 0.1 1.6
v 2.4 0.3 1.6
v 2.6 -0.3 1.6
v 2.6 0.1 1.6
v 2.6 0.3 1.6
v 0.8 -0.5 1.4
v 0.8 -0.3 1.4
v 1 -0.5 1.4
v 1 -0.3 1.4
v 0.8 -0.7 1.2
v 0.8 -0.5 1.2
v 1 -0.7 1.2
v 1 -0.5 1.2
v 1 -0.3 1.2
v 1 0.3 1.2
v 1.2 -0.3 1.2
v 1.2 0.3 1.2
v 1.2 0.5 1.2
v 1.4 0.3 1.2
v 1.4 0.5 1.2
v 2.4 -0.9 1.2
v 2.4 -0.5 1.2
v 2.4 -0.3 1.2
v 2.6 -0.9 1.2
v 2.6 -0.5 1.2
v 2.6 -0.3 1.2
v 1 -0.7 1
v 1 -0.3 1
v 1.2 -0.7 1
v 1.2 -0.3 1
v 1.2 0.3 1
v 1.4 -0.3 1
v 1.4 0.3 1
v 1.4 0.5 1
v 1.6 0.3 1
v 1.6 0.5 1
v 2.4 0.3 1
v 2.4 0.5 1
v 2.6 -0.9 1
v 2.6 -0.5 1
v 2.6 0.3 1
v 2.6 0.5 1
v 2.8 -0.9 1
v 2.8 -0.5 1
v 1.2 -0.5 0.8
v 1.2 -0.3 0.8
v 1.4 -0.5 0.8
v 1.4 -0.3 0.8
v 2.2 0.5 0.8
v 2.2 0.7 0.8
v 2.4 0.5 0.8
v 2.4 0.7 0.8
v 2.6 -0.5 0.8
v 2.6 -0.3 0.8
v 2.6 -0.1 0.8
v 2.8 -0.5 0.8
v 2.8 -0.1 0.8
v 1.2 -0.7 0.6
v 1.2 -0.5 0.6
v 1.4 -0.7 0.6
v 1.4 -0.5 0.6
v 2.8 -0.9 0.6
v 2.8 -0.7 0.6
v 2.8 -0.5 0.6
v 3 -0.9 0.6
v 3 -0.5 0.6
v 1.4 -0.7 0.4
v 1.4 -0.5 0.4
v 1.4 -0.3 0.4
v 1.6 -0.7 0.4
v 1.6 -0.5 0.4
v 1.6 -0.3 0.4
v 2.6 -0.3 -0.4
v 2.6 -0.1 -0.4
v 2.8 -0.3 -0.4
v 2.8 -0.1 -0.4
v 1.4 -0.9 -0.6
v 1.4 -0.7 -0.6
v 2 -0.9 -0.6
v 2 -0.7 -0.6
v 2.6 -0.1 -0.6
v 2.6 0.1 -0.6
v 2.8 -0.1 -0.6
v 2.8 0.1 -0.6
v 0.8 -0.3 -0.8
v 0.8 0.3 -0.8
v 1 -0.3 -0.8
v 1 0.3 -0.8
v 1 0.5 -0.8
v 1.2 -0.9 -0.8
v 1.2 -0.7 -0.8
v 1.2 0.3 -0.8
v 1.2 0.5 -0.8
v 1.4 -0.9 -0.8
v 1.4 -0.7 -0.8
v 2.4 -0.3 -0.8
v 2.4 -0.1 -0.8
v 2.4 0.1 -0.8
v 2.6 -0.7 -0.8
v 2.6 -0.5 -0.8
v 2.6 -0.3 -0.8
v 2.6 -0.1 -0.8
v 2.6 0.1 -0.8
v 2.8 -0.7 -0.8
v 2.8 -0.5 -0.8
v 0.8 -0.5 -1
v 0.8 -0.3 -1
v 0.8 0.3 -1
v 0.8 0.5 -1
v 1 -0.9 -1
v 1 -0.7 -1
v 1 -0.5 -1
v 1 -0.3 -1
v 1 0.3 -1
v 1 0.5 -1
v 1.2 -0.9 -1
v 1.2 -0.7 -1
v 1.2 0.5 -1
v 1.2 0.7 -1
v 1.4 0.5 -1
v 1.4 0.7 -1
v 2.4 -0.5 -1
v 2.4 -0.3 -1
v 2.4 0.1 -1
v 2.4 0.3 -1
v 2.6 -0.5 -1
v 2.6 -0.3 -1
v 2.6 0.1 -1
v 2.6 0.3 -1
v 0.6 -0.5 -1.2
v 0.6 0.1 -1.2
v 0.6 0.3 -1.2
v 0.6 0.5 -1.2
v 0.8 -0.5 -1.2
v 0.8 -0.1 -1.2
v 0.8 0.1 -1.2
v 0.8 0.3 -1.2
v 0.8 0.5 -1.2
v 1 -0.7 -1.2
v 1 -0.5 -1.2
v 1 0.5 -1.2
v 1 0.7 -1.2
v 1.2 -0.7 -1.2
v 1.2 -0.5 -1.2
v 1.2 0.5 -1.2
v 1.2 0.7 -1.2
v 1.4 0.5 -1.2
v 1.4 0.7 -1.2
v 1.6 0.5 -1.2
v 1.6 0.7 -1.2
v 2 0.3 -1.2
v 2 0.5 -1.2
v 2.2 -0.3 -1.2
v 2.2 0.3 -1.2
v 2.2 0.5 -1.2
v 2.4 -0.7 -1.2
v 2.4 -0.5 -1.2
v 2.4 -0.3 -1.2
v 2.4 0.1 -1.2
v 2.4 0.3 -1.2
v 2.4 0.5 -1.2
v 2.6 -0.7 -1.2
v 2.6 -0.5 -1.2
v 0.4 -0.5 -1.4
v 0.4 -0.1 -1.4
v 0.4 0.3 -1.4
v 0.4 0.5 -1.4
v 0.6 -0.5 -1.4
v 0.6 -0.1 -1.4
v 0.6 0.1 -1.4
v 0.6 0.3 -1.4
v 0.6 0.5 -1.4
v 0.8 -0.9 -1.4
v 0.8 -0.5 -1.4
v 0.8 0.5 -1.4
v 0.8 0.7 -1.4
v 1 -0.9 -1.4
v 1 -0.7 -1.4
v 1 -0.5 -1.4
v 1 0.5 -1.4
v 1 0.7 -1.4
v 1.6 0.5 -1.4
v 1.6 0.7 -1.4
v 1.8 0.3 -1.4
v 1.8 0.5 -1.4
v 1.8 0.7 -1.4
v 2 -0.3 -1.4
v 2 0.1 -1.4
v 2 0.3 -1.4
v 2 0.5 -1.4
v 2.2 -0.5 -1.4
v 2.2 -0.3 -1.4
v 2.2 0.1 -1.4
v 2.2 0.3 -1.4
v 2.4 -0.5 -1.4
v 2.4 -0.3 -1.4
v -0.2 -0.3 -1.6
v -0.2 0.1 -1.6
v -0.2 0.3 -1.6
v 0 0.1 -1.6
v 0 0.3 -1.6
v 0.2 -0.5 -1.6
v 0.2 -0.3 -1.6
v 0.2 0.3 -1.6
v 0.2 0.5 -1.6
v 0.4 -0.5 -1.6
v 0.4 -0.3 -1.6
v 0.4 -0.1 -1.6
v 0.4 0.3 -1.6
v 0.4 0.5 -1.6
v 0.6 -0.9 -1.6
v 0.6 -0.5 -1.6
v 0.6 0.5 -1.6
v 0.6 0.7 -1.6
v 0.8 -0.9 -1.6
v 0.8 -0.5 -1.6
v 0.8 0.5 -1.6
v 0.8 0.7 -1.6
v 1.6 0.3 -1.6
v 1.6 0.5 -1.6
v 1.8 -0.3 -1.6
v 1.8 0.3 -1.6
v 1.8 0.5 -1.6
v 2 -0.5 -1.6
v 2 -0.3 -1.6
v 2 0.1 -1.6
v 2 0.3 -1.6
v 2.2 -0.7 -1.6
v 2.2 -0.5 -1.6
v 2.2 -0.3 -1.6
v 2.4 -0.7 -1.6
v 2.4 -0.5 -1.6
v -0.6 -0.3 -1.8
v -0.6 0.3 -1.8
v -0.4 -0.5 -1.8
v -0.4 -0.3 -1.8
v -0.4 0.3 -1.8
v -0.4 0.5 -1.8
v -0.2 -0.5 -1.8
v -0.2 -0.3 -1.8
v -0.2 0.1 -1.8
v -0.2 0.3 -1.8
v -0.2 0.5 -1.8
v 0 -0.9 -1.8
v 0 -0.7 -1.8
v 0 -0.5 -1.8
v 0 0.3 -1.8
v 0.2 -0.5 -1.8
v 0.2 -0.3 -1.8
v 0.2 0.3 -1.8
v 0.2 0.5 -1.8
v 0.4 -0.5 -1.8
v 0.4 0.5 -1.8
v 0.4 0.7 -1.8
v 0.6 -0.9 -1.8
v 0.6 -0.7 -1.8
v 0.6 -0.5 -1.8
v 0.6 0.5 -1.8
v 0.6 0.7 -1.8
v 1.4 0.3 -1.8
v 1.4 0.5 -1.8
v 1.6 -0.1 -1.8
v 1.6 0.1 -1.8
v 1.6 0.3 -1.8
v 1.6 0.5 -1.8
v 1.8 -0.1 -1.8
v 1.8 0.1 -1.8
v 1.8 0.3 -1.8
v -1 -0.3 -2
v -1 -0.1 -2
v -1 0.3 -2
v -0.8 -0.5 -2
v -0.8 -0.3 -2
v -0.8 -0.1 -2
v -0.8 0.3 -2
v -0.8 0.5 -2
v -0.6 -0.9 -2
v -0.6 -0.5 -2
v -0.6 -0.3 -2
v -0.6 0.3 -2
v -0.4 -0.9 -2
v -0.4 -0.5 -2
v -0.4 -0.3 -2
v -0.4 0.3 -2
v -0.4 0.5 -2
v -0.2 -0.9 -2
v -0.2 -0.5 -2
v -0.2 0.5 -2
v -0.2 0.7 -2
v 0 -0.9 -2
v 0 -0.7 -2
v 0 -0.5 -2
v 0.2 0.5 -2
v 0.4 0.5 -2
v 0.4 0.7 -2
v 1.2 0.3 -2
v 1.2 0.5 -2
v 1.4 -0.1 -2
v 1.4 0.3 -2
v 1.4 0.5 -2
v 1.6 -0.3 -2
v 1.6 -0.1 -2
v 1.6 0.1 -2
v 1.6 0.3 -2
v 1.8 -0.5 -2
v 1.8 -0.3 -2
v 1.8 -0.1 -2
v 2 -0.7 -2
v 2 -0.5 -2
v 2 -0.3 -2
v 2.2 -0.7 -2
v 2.2 -0.5 -2
v -1.4 -0.3 -2.2
v -1.4 -0.1 -2.2
v -1.4 0.1 -2.2
v -1.4 0.3 -2.2
v -1.2 -0.5 -2.2
v -1.2 -0.3 -2.2
v -1.2 0.3 -2.2
v -1.2 0.5 -2.2
v -1 -0.9 -2.2
v -1 -0.5 -2.2
v -1 -0.3 -2.2
v -1 -0.1 -2.2
v -1 0.1 -2.2
v -1 0.3 -2.2
v -0.8 -0.5 -2.2
v -0.8 -0.3 -2.2
v -0.8 0.3 -2.2
v -0.8 0.5 -2.2
v -0.6 -0.9 -2.2
v -0.6 -0.5 -2.2
v -0.6 0.5 -2.2
v -0.6 0.7 -2.2
v -0.2 0.5 -2.2
v -0.2 0.7 -2.2
v 1 0.3 -2.2
v 1 0.5 -2.2
v 1.2 -0.1 -2.2
v 1.2 0.3 -2.2
v 1.2 0.5 -2.2
v 1.4 -0.3 -2.2
v 1.4 -0.1 -2.2
v 1.4 0.3 -2.2
v 1.6 -0.5 -2.2
v 1.6 -0.3 -2.2
v 1.6 -0.1 -2.2
v 1.8 -0.7 -2.2
v 1.8 -0.5 -2.2
v 1.8 -0.3 -2.2
v 2 -0.7 -2.2
v 2 -0.5 -2.2
v -1.6 -0.9 -2.4
v -1.6 -0.7 -2.4
v -1.6 -0.1 -2.4
v -1.6 0.5 -2.4
v -1.4 -0.7 -2.4
v -1.4 -0.5 -2.4
v -1.4 -0.3 -2.4
v -1.4 -0.1 -2.4
v -1.4 0.1 -2.4
v -1.4 0.3 -2.4
v -1.4 0.5 -2.4
v -1.2 -0.9 -2.4
v -1.2 -0.7 -2.4
v -1.2 -0.5 -2.4
v -1.2 -0.3 -2.4
v -1.2 0.3 -2.4
v -1.2 0.5 -2.4
v -1 -0.9 -2.4
v -1 -0.7 -2.4
v -1 -0.5 -2.4
v -1 0.5 -2.4
v -1 0.7 -2.4
v -0.8 0.5 -2.4
v -0.6 0.5 -2.4
v -0.6 0.7 -2.4
v 0.8 0.3 -2.4
v 0.8 0.5 -2.4
v 1 -0.1 -2.4
v 1 0.3 -2.4
v 1 0.5 -2.4
v 1.2 -0.3 -2.4
v 1.2 -0.1 -2.4
v 1.2 0.3 -2.4
v 1.4 -0.5 -2.4
v 1.4 -0.3 -2.4
v 1.4 -0.1 -2.4
v 1.6 -0.7 -2.4
v 1.6 -0.5 -2.4
v 1.6 -0.3 -2.4
v 1.8 -0.7 -2.4
v 1.8 -0.5 -2.4
v -2 -0.9 -2.6
v -2 -0.5 -2.6
v -1.8 -0.9 -2.6
v -1.8 -0.5 -2.6
v -1.8 0.1 -2.6
v -1.8 0.5 -2.6
v -1.6 -0.9 -2.6
v -1.6 -0.7 -2.6
v -1.6 -0.1 -2.6
v -1.6 0.1 -2.6
v -1.6 0.5 -2.6
v -1.4 0.5 -2.6
v -1.4 0.7 -2.6
v -1.2 0.5 -2.6
v -1 0.5 -2.6
v -1 0.7 -2.6
v 0.4 0.3 -2.6
v 0.4 0.5 -2.6
v 0.8 -0.3 -2.6
v 0.8 0.3 -2.6
v 0.8 0.5 -2.6
v 1 -0.3 -2.6
v 1 -0.1 -2.6
v 1 0.3 -2.6
v 1.2 -0.5 -2.6
v 1.2 -0.3 -2.6
v 1.2 -0.1 -2.6
v 1.4 -0.7 -2.6
v 1.4 -0.5 -2.6
v 1.4 -0.3 -2.6
v 1.6 -0.7 -2.6
v 1.6 -0.5 -2.6
v -2.2 -0.9 -2.8
v -2.2 -0.3 -2.8
v -2 -0.9 -2.8
v -2 -0.5 -2.8
v -2 -0.3 -2.8
v -2 0.1 -2.8
v -2 0.5 -2.8
v -1.8 -0.5 -2.8
v -1.8 0.1 -2.8
v -1.8 0.5 -2.8
v -1.6 0.5 -2.8
v -1.6 0.7 -2.8
v -1.4 0.5 -2.8
v -1.4 0.7 -2.8
v 0 0.3 -2.8
v 0 0.5 -2.8
v 0.2 0.3 -2.8
v 0.2 0.5 -2.8
v 0.4 -0.3 -2.8
v 0.4 0.3 -2.8
v 0.4 0.5 -2.8
v 0.6 0.1 -2.8
v 0.6 0.3 -2.8
v 0.8 -0.5 -2.8
v 0.8 -0.3 -2.8
v 0.8 0.1 -2.8
v 0.8 0.3 -2.8
v 1 -0.3 -2.8
v 1.2 -0.7 -2.8
v 1.2 -0.5 -2.8
v 1.2 -0.3 -2.8
v 1.4 -0.7 -2.8
v 1.4 -0.5 -2.8
v -2.4 -0.9 -3
v -2.4 -0.7 -3
v -2.4 -0.3 -3
v -2.2 -0.9 -3
v -2.2 -0.7 -3
v -2.2 -0.3 -3
v -2.2 0.5 -3
v -2 -0.3 -3
v -2 0.1 -3
v -2 0.5 -3
v -1.8 0.5 -3
v -1.8 0.7 -3
v -1.6 0.5 -3
v -1.6 0.7 -3
v -0.4 0.3 -3
v -0.4 0.5 -3
v 0 -0.3 -3
v 0 0.3 -3
v 0 0.5 -3
v 0.2 0.1 -3
v 0.2 0.3 -3
v 0.4 -0.5 -3
v 0.4 -0.3 -3
v 0.4 0.1 -3
v 0.4 0.3 -3
v 0.8 -0.7 -3
v 0.8 -0.5 -3
v 0.8 -0.3 -3
v 1 -0.7 -3
v 1.2 -0.7 -3
v 1.2 -0.5 -3
v -2.6 -0.9 -3.2
v -2.6 -0.5 -3.2
v -2.4 -0.9 -3.2
v -2.4 -0.7 -3.2
v -2.4 -0.5 -3.2
v -2.4 -0.3 -3.2
v -2.4 0.3 -3.2
v -2.2 -0.3 -3.2
v -2.2 0.3 -3.2
v -2 0.5 -3.2
v -2 0.7 -3.2
v -1.8 0.5 -3.2
v -1.8 0.7 -3.2
v -0.8 0.3 -3.2
v -0.8 0.5 -3.2
v -0.6 0.3 -3.2
v -0.6 0.5 -3.2
v -0.4 -0.3 -3.2
v -0.4 0.3 -3.2
v -0.4 0.5 -3.2
v -0.2 -0.5 -3.2
v -0.2 -0.3 -3.2
v -0.2 0.1 -3.2
v -0.2 0.3 -3.2
v 0 -0.3 -3.2
v 0 0.1 -3.2
v 0 0.3 -3.2
v 0.2 -0.7 -3.2
v 0.2 -0.5 -3.2
v 0.4 -0.5 -3.2
v 0.4 -0.3 -3.2
v 0.8 -0.7 -3.2
v 0.8 -0.5 -3.2
v -2.6 -0.5 -3.4
v -2.6 -0.3 -3.4
v -2.4 -0.5 -3.4
v -2.4 -0.3 -3.4
v -2.4 0.3 -3.4
v -2.4 0.5 -3.4
v -2.2 0.3 -3.4
v -2.2 0.5 -3.4
v -1 0.3 -3.4
v -1 0.5 -3.4
v -0.8 -0.5 -3.4
v -0.8 0.3 -3.4
v -0.8 0.5 -3.4
v -0.6 0.1 -3.4
v -0.6 0.3 -3.4
v -0.4 -0.7 -3.4
v -0.4 -0.5 -3.4
v -0.4 -0.3 -3.4
v -0.4 0.1 -3.4
v -0.4 0.3 -3.4
v -0.2 -0.7 -3.4
v -0.2 -0.5 -3.4
v -0.2 -0.3 -3.4
v 0 -0.7 -3.4
v 0.2 -0.7 -3.4
v 0.2 -0.5 -3.4
v -2.8 -0.9 -3.6
v -2.8 -0.5 -3.6
v -2.6 -0.9 -3.6
v -2.6 -0.5 -3.6
v -2.6 -0.3 -3.6
v -2.6 0.3 -3.6
v -2.4 -0.3 -3.6
v -2.4 0.3 -3.6
v -2.2 0.5 -3.6
v -2.2 0.7 -3.6
v -2 0.5 -3.6
v -2 0.7 -3.6
v -1.2 0.3 -3.6
v -1.2 0.5 -3.6
v -1 -0.7 -3.6
v -1 0.3 -3.6
v -1 0.5 -3.6
v -0.8 -0.7 -3.6
v -0.8 -0.5 -3.6
v -0.8 0.3 -3.6
v -0.4 -0.7 -3.6
v -0.4 -0.5 -3.6
v -2.6 0.3 -3.8
v -2.6 0.5 -3.8
v -2.4 0.3 -3.8
v -2.4 0.5 -3.8
v -1.4 0.3 -3.8
v -1.4 0.5 -3.8
v -1.2 -0.7 -3.8
v -1.2 -0.5 -3.8
v -1.2 0.3 -3.8
v -1.2 0.5 -3.8
v -1 -0.7 -3.8
v -1 -0.5 -3.8
v -1 0.3 -3.8
v -2.8 -0.5 -4
v -2.8 -0.1 -4
v -2.8 0.3 -4
v -2.6 -0.5 -4
v -2.6 -0.1 -4
v -2.6 0.1 -4
v -2.6 0.3 -4
v -2.4 0.5 -4
v -2.4 0.7 -4
v -2.2 0.5 -4
v -2.2 0.7 -4
v -1.4 -0.7 -4
v -1.4 -0.3 -4
v -1.2 -0.7 -4
v -1.2 -0.5 -4
v -1.2 -0.3 -4
v -3 -0.9 -4.2
v -3 -0.7 -4.2
v -3 -0.5 -4.2
v -2.8 -0.9 -4.2
v -2.8 -0.7 -4.2
v -2.8 -0.5 -4.2
v -2.8 0.3 -4.2
v -2.8 0.5 -4.2
v -2.6 0.3 -4.2
v -2.6 0.5 -4.2
v -1.6 -0.7 -4.2
v -1.6 -0.5 -4.2
v -1.6 0.3 -4.2
v -1.6 0.5 -4.2
v -1.4 -0.7 -4.2
v -1.4 -0.5 -4.2
v -1.4 -0.3 -4.2
v -1.4 -0.1 -4.2
v -1.4 0.1 -4.2
v -1.4 0.3 -4.2
v -1.4 0.5 -4.2
v -1.2 -0.3 -4.2
v -1.2 -0.1 -4.2
v -1.2 0.1 -4.2
v -1.2 0.3 -4.2
v -3 -0.3 -4.4
v -3 0.3 -4.4
v -2.8 -0.3 -4.4
v -2.8 -0.1 -4.4
v -2.8 0.3 -4.4
v -2.6 0.5 -4.4
v -2.6 0.7 -4.4
v -2.4 0.5 -4.4
v -2.4 0.7 -4.4
v -1.6 -0.5 -4.4
v -1.6 -0.3 -4.4
v -1.4 -0.5 -4.4
v -1.4 -0.3 -4.4
v -1.8 0.3 -4.6
v -1.8 0.5 -4.6
v -1.6 -0.3 -4.6
v -1.6 0.1 -4.6
v -1.6 0.3 -4.6
v -1.6 0.5 -4.6
v -1.4 -0.3 -4.6
v -1.4 0.1 -4.6
v -1.4 0.3 -4.6
v -3 -0.5 -5
v -3 -0.3 -5
v -2.8 -0.5 -5
v -2.8 -0.3 -5
v -1.8 -0.7 -5
v -1.8 -0.5 -5
v -1.8 0.5 -5
v -1.8 0.7 -5
v -1.6 -0.7 -5
v -1.6 -0.5 -5
v -1.4 -0.3 -5
v -1.4 -0.1 -5
v -1.4 0.5 -5
v -1.4 0.7 -5
v -1.2 -0.3 -5
v -1.2 -0.1 -5
v -1.2 0.7 -5
v -2.2 0.7 -5.2
v -2.2 0.9 -5.2
v -1.8 0.7 -5.2
v -1.8 0.9 -5.2
v -1.6 -0.7 -5.2
v -1.6 -0.5 -5.2
v -1.6 0.7 -5.2
v -1.6 0.9 -5.2
v -1.4 -0.5 -5.2
v -1.4 -0.3 -5.2
v -1.4 0.7 -5.2
v -1.4 0.9 -5.2
v -1.2 -0.7 -5.2
v -1.2 -0.3 -5.2
v -1.2 -0.1 -5.2
v -1.2 0.3 -5.2
v -1.2 0.5 -5.2
v -1 -0.1 -5.2
v -1 0.3 -5.2
v -1 0.5 -5.2
v -1.6 -0.9 -5.4
v -1.6 -0.7 -5.4
v -1.4 -0.9 -5.4
v -1.4 -0.7 -5.4
v -1.2 -0.9 -5.4
v -1.2 -0.7 -5.4
v -1.2 -0.1 -5.4
v -1 -0.9 -5.4
v -1 -0.1 -5.4
v -2.8 -0.5 -5.6
v -2.8 -0.3 -5.6
v -2.6 -0.5 -5.6
v -2.6 -0.3 -5.6
v -1 -0.7 -5.6
v -1 -0.1 -5.6
v -0.8 -0.7 -5.6
v -0.8 -0.1 -5.6
v -2.8 -0.7 -5.8
v -2.8 -0.5 -5.8
v -2.8 -0.3 -5.8
v -2.8 0.3 -5.8
v -2.6 -0.7 -5.8
v -2.6 -0.5 -5.8
v -2.6 -0.3 -5.8
v -2.6 0.3 -5.8
v -2.6 0.5 -5.8
v -2.2 0.5 -5.8
v -2.2 0.7 -5.8
v -2 -0.7 -5.8
v -1.6 -0.7 -5.8
v -1.4 -0.7 -5.8
v -1.4 0.1 -5.8
v -1.4 0.3 -5.8
v -1.4 0.5 -5.8
v -1.4 0.7 -5.8
v -1.2 -0.7 -5.8
v -1.2 -0.1 -5.8
v -1.2 0.1 -5.8
v -1.2 0.3 -5.8
v -1.2 0.5 -5.8
v -1 -0.7 -5.8
v -1 -0.1 -5.8
v 1.6 -0.5 5.8
v 1.6 -0.1 5.8
v 1.8 -0.5 5.8
v 1.8 -0.1 5.8
v 1.4 -0.7 5.6
v 1.4 -0.1 5.6
v 1.4 0.1 5.6
v 1.4 0.3 5.6
v 1.6 -0.7 5.6
v 1.6 0.1 5.6
v 1.6 0.3 5.6
v 1.6 0.5 5.6
v 1.8 0.3 5.6
v 1.8 0.5 5.6
v 1.2 -0.7 5.4
v 1.2 -0.5 5.4
v 1.2 -0.1 5.4
v 1.2 0.1 5.4
v 1.2 0.3 5.4
v 1.4 -0.7 5.4
v 1.4 -0.1 5.4
v 1.4 0.3 5.4
v 1.4 0.5 5.4
v 1.6 0.3 5.4
v 1.6 0.5 5.4
v 1 -0.7 5.2
v 1 -0.5 5.2
v 1 -0.3 5.2
v 1.2 -0.7 5.2
v 1.2 -0.5 5.2
v 1.2 -0.3 5.2
v 0.8 -0.7 5
v 0.8 -0.3 5
v 1 -0.7 5
v 1 -0.3 5
v 1 -0.1 5
v 1 0.3 5
v 1.2 -0.3 5
v 1.2 -0.1 5
v 1.2 0.3 5
v 1.2 0.5 5
v 1.4 0.3 5
v 1.4 0.5 5
v 2.2 0.5 5
v 2.2 0.7 5
v 2.4 0.5 5
v 2.4 0.7 5
v 2.6 -0.5 5
v 2.6 -0.3 5
v 2.6 -0.1 5
v 2.6 0.1 5
v 2.6 0.3 5
v 2.8 -0.5 5
v 2.8 -0.1 5
v 2.8 0.3 5
v 0.6 -0.7 4.8
v 0.6 -0.5 4.8
v 0.8 -0.7 4.8
v 0.8 -0.5 4.8
v 0.8 -0.3 4.8
v 0.8 -0.1 4.8
v 0.8 0.3 4.8
v 1 -0.3 4.8
v 1 -0.1 4.8
v 1 0.3 4.8
v 1 0.5 4.8
v 1.2 0.3 4.8
v 1.2 0.5 4.8
v 2 0.5 4.8
v 2 0.7 4.8
v 2.2 0.5 4.8
v 2.2 0.7 4.8
v 2.4 -0.9 4.8
v 2.4 -0.7 4.8
v 2.4 -0.5 4.8
v 2.4 -0.3 4.8
v 2.4 0.1 4.8
v 2.4 0.5 4.8
v 2.6 -0.9 4.8
v 2.6 -0.7 4.8
v 2.6 -0.3 4.8
v 2.6 0.1 4.8
v 2.6 0.5 4.8
v 0.6 -0.5 4.6
v 0.6 -0.3 4.6
v 0.6 -0.1 4.6
v 0.8 -0.5 4.6
v 0.8 -0.1 4.6
v 2.2 -0.9 4.6
v 2.2 -0.7 4.6
v 2.2 -0.5 4.6
v 2.2 -0.3 4.6
v 2.2 0.3 4.6
v 2.2 0.5 4.6
v 2.4 -0.9 4.6
v 2.4 -0.5 4.6
v 2.4 -0.3 4.6
v 2.4 0.3 4.6
v 2.4 0.5 4.6
v 0.4 -0.7 4.4
v 0.4 -0.5 4.4
v 0.6 -0.7 4.4
v 0.6 -0.5 4.4
v 0.6 -0.1 4.4
v 0.6 0.3 4.4
v 0.8 -0.1 4.4
v 0.8 0.3 4.4
v 0.8 0.5 4.4
v 1 0.3 4.4
v 1 0.5 4.4
v 1.8 0.5 4.4
v 1.8 0.7 4.4
v 2 -0.9 4.4
v 2 -0.7 4.4
v 2 -0.5 4.4
v 2 0.5 4.4
v 2 0.7 4.4
v 2.2 -0.9 4.4
v 2.2 -0.7 4.4
v 2.2 -0.5 4.4
v 2.2 -0.3 4.4
v 2.2 -0.1 4.4
v 2.2 0.3 4.4
v 2.4 -0.3 4.4
v 2.4 -0.1 4.4
v 2.4 0.3 4.4
v 0.4 -0.5 4.2
v 0.4 -0.3 4.2
v 0.6 -0.5 4.2
v 0.6 -0.3 4.2
v 1.6 0.5 4.2
v 1.6 0.7 4.2
v 1.8 -0.9 4.2
v 1.8 -0.5 4.2
v 1.8 0.5 4.2
v 1.8 0.7 4.2
v 2 -0.9 4.2
v 2 -0.5 4.2
v 2 -0.3 4.2
v 2 0.1 4.2
v 2 0.3 4.2
v 2 0.5 4.2
v 2.2 -0.5 4.2
v 2.2 -0.3 4.2
v 2.2 0.5 4.2
v 0.2 -0.7 4
v 0.2 -0.5 4
v 0.4 -0.7 4
v 0.4 -0.5 4
v 1.8 -0.5 4
v 1.8 -0.3 4
v 1.8 0.3 4
v 1.8 0.5 4
v 2 -0.5 4
v 2 -0.3 4
v 2 0.3 4
v 2 0.5 4
v 0.4 -0.3 3.8
v 0.4 0.3 3.8
v 0.6 -0.3 3.8
v 0.6 0.3 3.8
v 0.6 0.5 3.8
v 0.8 0.3 3.8
v 0.8 0.5 3.8
v 1.4 0.5 3.8
v 1.4 0.7 3.8
v 1.6 -0.9 3.8
v 1.6 -0.5 3.8
v 1.6 0.5 3.8
v 1.6 0.7 3.8
v 1.8 -0.9 3.8
v 1.8 -0.5 3.8
v 1.8 -0.3 3.8
v 1.8 -0.1 3.8
v 1.8 0.1 3.8
v 1.8 0.3 3.8
v 2 -0.3 3.8
v 2 0.3 3.8
v 1.6 -0.5 3.6
v 1.6 -0.3 3.6
v 1.6 0.3 3.6
v 1.6 0.5 3.6
v 1.8 -0.5 3.6
v 1.8 -0.3 3.6
v 1.8 0.3 3.6
v 1.8 0.5 3.6
v 1.2 0.5 3.4
v 1.2 0.7 3.4
v 1.4 0.5 3.4
v 1.4 0.7 3.4
v 1.6 -0.3 3.4
v 1.6 -0.1 3.4
v 1.6 0.3 3.4
v 1.8 -0.3 3.4
v 1.8 0.3 3.4
v 1.2 0.3 3.2
v 1.2 0.5 3.2
v 1.4 -0.9 3.2
v 1.4 -0.5 3.2
v 1.4 -0.3 3.2
v 1.4 -0.1 3.2
v 1.4 0.3 3.2
v 1.4 0.5 3.2
v 1.6 -0.9 3.2
v 1.6 -0.5 3.2
v 1.6 -0.3 3.2
v 1.6 -0.1 3.2
v 1.6 0.3 3.2
v 1.2 -0.7 3
v 1.2 -0.5 3
v 1.4 -0.7 3
v 1.4 -0.5 3
v 1.4 -0.5 2.8
v 1.4 -0.3 2.8
v 1.6 -0.5 2.8
v 1.6 -0.3 2.8
v 0.2 -0.3 2.6
v 0.2 -0.1 2.6
v 0.2 0.3 2.6
v 0.4 -0.3 2.6
v 0.4 -0.1 2.6
v 0.4 0.3 2.6
v 0.6 0.5 2.6
v 0.6 0.7 2.6
v 0.8 0.5 2.6
v 0.8 0.7 2.6
v 1.4 -0.7 2.6
v 1.4 -0.5 2.6
v 1.4 0.3 2.6
v 1.4 0.5 2.6
v 1.6 -0.7 2.6
v 1.6 -0.5 2.6
v 1.6 -0.3 2.6
v 1.6 -0.1 2.6
v 1.6 0.1 2.6
v 1.6 0.3 2.6
v 1.6 0.5 2.6
v 1.8 -0.3 2.6
v 1.8 -0.1 2.6
v 1.8 0.1 2.6
v 1.8 0.3 2.6
v 0 -0.9 2.4
v 0 -0.7 2.4
v 0 -0.5 2.4
v 0.2 -0.9 2.4
v 0.2 -0.7 2.4
v 0.2 -0.5 2.4
v 0.4 0.3 2.4
v 0.4 0.5 2.4
v 0.6 0.3 2.4
v 0.6 0.5 2.4
v 1.6 -0.5 2.4
v 1.6 -0.3 2.4
v 1.8 -0.5 2.4
v 1.8 -0.3 2.4
v 0.2 -0.5 2.2
v 0.2 -0.3 2.2
v 0.4 -0.5 2.2
v 0.4 -0.3 2.2
v 1.6 -0.7 2.2
v 1.6 -0.5 2.2
v 1.6 0.3 2.2
v 1.6 0.5 2.2
v 1.8 -0.7 2.2
v 1.8 -0.5 2.2
v 1.8 -0.3 2.2
v 1.8 -0.1 2.2
v 1.8 0.1 2.2
v 1.8 0.3 2.2
v 1.8 0.5 2.2
v 2 -0.3 2.2
v 2 -0.1 2.2
v 2 0.1 2.2
v 2 0.3 2.2
v 0.2 -0.9 2
v 0.2 -0.7 2
v 0.2 -0.5 2
v 0.4 -0.9 2
v 0.4 -0.7 2
v 0.4 -0.5 2
v 0.4 -0.3 2
v 0.4 -0.1 2
v 0.4 0.3 2
v 0.6 -0.3 2
v 0.6 -0.1 2
v 0.6 0.3 2
v 0.8 0.5 2
v 0.8 0.7 2
v 1 0.5 2
v 1 0.7 2
v 1.8 -0.5 2
v 1.8 -0.3 2
v 2 -0.5 2
v 2 -0.3 2
v 0.4 -0.5 1.8
v 0.4 -0.3 1.8
v 0.6 -0.5 1.8
v 0.6 -0.3 1.8
v 0.6 0.3 1.8
v 0.6 0.5 1.8
v 0.8 0.3 1.8
v 0.8 0.5 1.8
v 1.8 -0.7 1.8
v 1.8 -0.5 1.8
v 1.8 0.3 1.8
v 1.8 0.5 1.8
v 2 -0.7 1.8
v 2 -0.5 1.8
v 2 -0.3 1.8
v 2 -0.1 1.8
v 2 0.1 1.8
v 2 0.3 1.8
v 2 0.5 1.8
v 2.2 -0.5 1.8
v 2.2 -0.3 1.8
v 2.2 -0.1 1.8
v 2.2 0.1 1.8
v 2.2 0.3 1.8
v 0.4 -0.9 1.6
v 0.4 -0.5 1.6
v 0.6 -0.9 1.6
v 0.6 -0.5 1.6
v 0.6 -0.3 1.6
v 0.6 0.3 1.6
v 0.8 -0.3 1.6
v 0.8 0.3 1.6
v 1 0.5 1.6
v 1 0.7 1.6
v 1.2 0.5 1.6
v 1.2 0.7 1.6
v 2 -0.7 1.6
v 2 -0.5 1.6
v 2 0.3 1.6
v 2 0.5 1.6
v 2.2 -0.7 1.6
v 2.2 -0.5 1.6
v 2.2 -0.3 1.6
v 2.2 0.3 1.6
v 2.2 0.5 1.6
v 2.4 -0.3 1.6
v 2.4 0.1 1.6
v 2.4 0.3 1.6
v 0.6 -0.5 1.4
v 0.6 -0.3 1.4
v 0.8 -0.5 1.4
v 0.8 -0.3 1.4
v 0.8 0.3 1.4
v 0.8 0.5 1.4
v 1 0.3 1.4
v 1 0.5 1.4
v 0.6 -0.9 1.2
v 0.6 -0.5 1.2
v 0.8 -0.9 1.2
v 0.8 -0.5 1.2
v 0.8 -0.3 1.2
v 0.8 0.3 1.2
v 1 -0.3 1.2
v 1 0.3 1.2
v 1.2 0.5 1.2
v 1.2 0.7 1.2
v 1.4 0.5 1.2
v 1.4 0.7 1.2
v 2.2 -0.7 1.2
v 2.2 -0.3 1.2
v 2.4 -0.7 1.2
v 2.4 -0.5 1.2
v 2.4 -0.3 1.2
v 0.8 -0.9 1
v 0.8 -0.3 1
v 1 -0.9 1
v 1 -0.3 1
v 1 0.3 1
v 1 0.5 1
v 1.2 -0.3 1
v 1.2 0.3 1
v 1.2 0.5 1
v 1.4 0.5 1
v 1.4 0.7 1
v 1.6 0.5 1
v 1.6 0.7 1
v 2.4 -0.7 1
v 2.4 -0.5 1
v 2.4 -0.1 1
v 2.4 0.1 1
v 2.6 -0.7 1
v 2.6 -0.5 1
v 2.6 -0.1 1
v 2.6 0.1 1
v 1 -0.5 0.8
v 1 -0.3 0.8
v 1.2 -0.5 0.8
v 1.2 -0.3 0.8
v 1.2 0.3 0.8
v 1.2 0.5 0.8
v 1.4 0.3 0.8
v 1.4 0.5 0.8
v 2.2 0.3 0.8
v 2.2 0.5 0.8
v 2.4 -0.5 0.8
v 2.4 -0.3 0.8
v 2.4 -0.1 0.8
v 2.4 0.1 0.8
v 2.4 0.3 0.8
v 2.4 0.5 0.8
v 2.6 -0.5 0.8
v 2.6 -0.3 0.8
v 2.6 -0.1 0.8
v 2.6 0.1 0.8
v 2.6 0.3 0.8
v 1 -0.9 0.6
v 1 -0.5 0.6
v 1.2 -0.9 0.6
v 1.2 -0.5 0.6
v 1.4 0.3 0.6
v 1.4 0.5 0.6
v 1.6 0.3 0.6
v 1.6 0.5 0.6
v 1.6 0.7 0.6
v 2 0.5 0.6
v 2 0.7 0.6
v 2.2 0.5 0.6
v 2.2 0.7 0.6
v 2.4 0.3 0.6
v 2.4 0.5 0.6
v 2.4 0.7 0.6
v 2.6 -0.7 0.6
v 2.6 -0.5 0.6
v 2.6 -0.3 0.6
v 2.6 -0.1 0.6
v 2.6 0.3 0.6
v 2.6 0.5 0.6
v 2.8 -0.7 0.6
v 2.8 -0.5 0.6
v 2.8 -0.3 0.6
v 2.8 -0.1 0.6
v 1.2 -0.9 0.4
v 1.2 -0.3 0.4
v 1.2 -0.1 0.4
v 1.2 0.3 0.4
v 1.4 -0.9 0.4
v 1.4 -0.5 0.4
v 1.4 -0.3 0.4
v 1.4 -0.1 0.4
v 1.4 0.3 0.4
v 1.2 -0.3 0.2
v 1.2 -0.1 0.2
v 1.4 -0.3 0.2
v 1.4 -0.1 0.2
v 1.4 -0.9 0
v 1.4 -0.5 0
v 1.4 -0.3 0
v 1.6 -0.9 0
v 1.6 -0.7 0
v 1.6 -0.5 0
v 1.6 -0.3 0
v 1.6 -0.9 -0.2
v 1.6 -0.7 -0.2
v 2 -0.9 -0.2
v 2 -0.7 -0.2
v 2.6 -0.3 -0.8
v 2.6 -0.1 -0.8
v 2.6 0.1 -0.8
v 2.8 -0.9 -0.8
v 2.8 -0.5 -0.8
v 2.8 -0.3 -0.8
v 2.8 -0.1 -0.8
v 2.8 0.1 -0.8
v 3 -0.9 -0.8
v 3 -0.5 -0.8
v 2.6 -0.5 -1
v 2.6 -0.3 -1
v 2.8 -0.5 -1
v 2.8 -0.3 -1
v 0.8 -0.3 -1.2
v 0.8 -0.1 -1.2
v 0.8 0.1 -1.2
v 0.8 0.3 -1.2
v 1 -0.3 -1.2
v 1 -0.1 -1.2
v 1 0.3 -1.2
v 1 0.5 -1.2
v 1.2 0.3 -1.2
v 1.2 0.5 -1.2
v 2.4 -0.3 -1.2
v 2.4 0.1 -1.2
v 2.4 0.3 -1.2
v 2.6 -0.9 -1.2
v 2.6 -0.7 -1.2
v 2.6 -0.5 -1.2
v 2.6 -0.3 -1.2
v 2.6 0.1 -1.2
v 2.6 0.3 -1.2
v 2.8 -0.9 -1.2
v 2.8 -0.7 -1.2
v 2.8 -0.5 -1.2
v 0.6 -0.3 -1.4
v 0.6 -0.1 -1.4
v 0.6 0.1 -1.4
v 0.6 0.3 -1.4
v 0.8 -0.5 -1.4
v 0.8 -0.3 -1.4
v 0.8 0.1 -1.4
v 0.8 0.3 -1.4
v 0.8 0.5 -1.4
v 1 -0.7 -1.4
v 1 -0.5 -1.4
v 1 -0.3 -1.4
v 1 0.3 -1.4
v 1 0.5 -1.4
v 1.2 -0.7 -1.4
v 1.2 -0.5 -1.4
v 2.2 -0.3 -1.4
v 2.2 0.1 -1.4
v 2.2 0.3 -1.4
v 2.2 0.5 -1.4
v 2.4 -0.5 -1.4
v 2.4 -0.3 -1.4
v 2.4 0.5 -1.4
v 2.6 -0.5 -1.4
v 2.6 -0.3 -1.4
v 0.4 -0.3 -1.6
v 0.4 -0.1 -1.6
v 0.4 0.3 -1.6
v 0.6 -0.5 -1.6
v 0.6 -0.3 -1.6
v 0.6 -0.1 -1.6
v 0.6 0.3 -1.6
v 0.6 0.5 -1.6
v 0.8 -0.7 -1.6
v 0.8 -0.5 -1.6
v 0.8 -0.3 -1.6
v 0.8 0.3 -1.6
v 0.8 0.5 -1.6
v 1 -0.7 -1.6
v 1 -0.5 -1.6
v 1.6 0.5 -1.6
v 1.6 0.7 -1.6
v 1.8 0.5 -1.6
v 1.8 0.7 -1.6
v 2 -0.3 -1.6
v 2 0.1 -1.6
v 2 0.3 -1.6
v 2 0.5 -1.6
v 2.2 -0.3 -1.6
v 2.2 0.1 -1.6
v 2.2 0.3 -1.6
v 2.2 0.5 -1.6
v 2.4 -0.9 -1.6
v 2.4 -0.7 -1.6
v 2.4 -0.5 -1.6
v 2.6 -0.9 -1.6
v 2.6 -0.5 -1.6
v -0.2 -0.3 -1.8
v -0.2 0.1 -1.8
v -0.2 0.3 -1.8
v 0 0.1 -1.8
v 0 0.3 -1.8
v 0.2 -0.5 -1.8
v 0.2 -0.3 -1.8
v 0.2 0.3 -1.8
v 0.4 -0.5 -1.8
v 0.4 -0.3 -1.8
v 0.4 0.3 -1.8
v 0.4 0.5 -1.8
v 0.6 -0.7 -1.8
v 0.6 -0.5 -1.8
v 0.6 -0.3 -1.8
v 0.6 0.3 -1.8
v 0.6 0.5 -1.8
v 0.8 -0.7 -1.8
v 0.8 -0.5 -1.8
v 1.4 0.5 -1.8
v 1.4 0.7 -1.8
v 1.6 0.5 -1.8
v 1.6 0.7 -1.8
v 1.8 -0.1 -1.8
v 1.8 0.1 -1.8
v 1.8 0.5 -1.8
v 2 -0.1 -1.8
v 2 0.5 -1.8
v 2.2 -0.5 -1.8
v 2.2 -0.3 -1.8
v 2.4 -0.5 -1.8
v 2.4 -0.3 -1.8
v -0.6 -0.3 -2
v -0.6 0.3 -2
v -0.4 -0.5 -2
v -0.4 -0.3 -2
v -0.4 0.3 -2
v -0.2 -0.5 -2
v -0.2 -0.3 -2
v -0.2 0.3 -2
v -0.2 0.5 -2
v 0 -0.7 -2
v 0 -0.5 -2
v 0.2 -0.7 -2
v 0.2 -0.5 -2
v 0.2 -0.3 -2
v 0.2 0.3 -2
v 0.2 0.5 -2
v 0.4 -0.7 -2
v 0.4 0.3 -2
v 0.4 0.5 -2
v 0.6 -0.7 -2
v 0.6 -0.5 -2
v 1.2 0.5 -2
v 1.2 0.7 -2
v 1.4 0.5 -2
v 1.4 0.7 -2
v 1.6 -0.1 -2
v 1.6 0.1 -2
v 1.6 0.3 -2
v 1.6 0.5 -2
v 1.8 -0.3 -2
v 1.8 -0.1 -2
v 1.8 0.1 -2
v 1.8 0.5 -2
v 2 -0.3 -2
v 2 -0.1 -2
v 2.2 -0.9 -2
v 2.2 -0.5 -2
v 2.4 -0.9 -2
v 2.4 -0.5 -2
v -1 -0.3 -2.2
v -1 -0.1 -2.2
v -1 0.1 -2.2
v -1 0.3 -2.2
v -0.8 -0.5 -2.2
v -0.8 -0.3 -2.2
v -0.8 -0.1 -2.2
v -0.8 0.3 -2.2
v -0.6 -0.7 -2.2
v -0.6 -0.5 -2.2
v -0.6 -0.3 -2.2
v -0.6 0.3 -2.2
v -0.6 0.5 -2.2
v -0.4 -0.7 -2.2
v -0.4 -0.5 -2.2
v -0.4 -0.3 -2.2
v -0.2 -0.7 -2.2
v -0.2 -0.5 -2.2
v -0.2 0.3 -2.2
v -0.2 0.5 -2.2
v 0 -0.7 -2.2
v 0 -0.5 -2.2
v 1 0.5 -2.2
v 1 0.7 -2.2
v 1.2 0.5 -2.2
v 1.2 0.7 -2.2
v 1.4 -0.1 -2.2
v 1.4 0.3 -2.2
v 1.4 0.5 -2.2
v 1.6 -0.3 -2.2
v 1.6 -0.1 -2.2
v 1.6 0.3 -2.2
v 1.6 0.5 -2.2
v 1.8 -0.3 -2.2
v 1.8 -0.1 -2.2
v 2 -0.9 -2.2
v 2 -0.5 -2.2
v 2 -0.3 -2.2
v 2.2 -0.9 -2.2
v 2.2 -0.3 -2.2
v -1.4 -0.3 -2.4
v -1.4 -0.1 -2.4
v -1.4 0.1 -2.4
v -1.4 0.3 -2.4
v -1.2 -0.5 -2.4
v -1.2 -0.3 -2.4
v -1.2 0.3 -2.4
v -1 -0.7 -2.4
v -1 -0.5 -2.4
v -1 -0.3 -2.4
v -1 -0.1 -2.4
v -1 0.1 -2.4
v -1 0.3 -2.4
v -1 0.5 -2.4
v -0.8 -0.5 -2.4
v -0.8 -0.3 -2.4
v -0.8 0.3 -2.4
v -0.8 0.5 -2.4
v -0.6 -0.7 -2.4
v -0.6 -0.5 -2.4
v -0.6 0.3 -2.4
v -0.6 0.5 -2.4
v 0.8 0.5 -2.4
v 0.8 0.7 -2.4
v 1 0.5 -2.4
v 1 0.7 -2.4
v 1.2 -0.1 -2.4
v 1.2 0.5 -2.4
v 1.4 -0.3 -2.4
v 1.4 -0.1 -2.4
v 1.4 0.5 -2.4
v 1.6 -0.3 -2.4
v 1.6 -0.1 -2.4
v 1.8 -0.9 -2.4
v 1.8 -0.5 -2.4
v 1.8 -0.3 -2.4
v 2 -0.9 -2.4
v 2 -0.5 -2.4
v 2 -0.3 -2.4
v -1.6 -0.7 -2.6
v -1.6 -0.1 -2.6
v -1.6 0.1 -2.6
v -1.6 0.3 -2.6
v -1.4 -0.7 -2.6
v -1.4 -0.5 -2.6
v -1.4 -0.3 -2.6
v -1.4 -0.1 -2.6
v -1.4 0.3 -2.6
v -1.4 0.5 -2.6
v -1.2 -0.7 -2.6
v -1.2 -0.5 -2.6
v -1.2 -0.3 -2.6
v -1.2 0.3 -2.6
v -1.2 0.5 -2.6
v -1 -0.7 -2.6
v -1 -0.5 -2.6
v -1 0.3 -2.6
v -1 0.5 -2.6
v 0.4 0.5 -2.6
v 0.4 0.7 -2.6
v 0.8 0.5 -2.6
v 0.8 0.7 -2.6
v 1 -0.1 -2.6
v 1 0.3 -2.6
v 1 0.5 -2.6
v 1.2 -0.3 -2.6
v 1.2 -0.1 -2.6
v 1.2 0.5 -2.6
v 1.4 -0.3 -2.6
v 1.4 -0.1 -2.6
v 1.6 -0.9 -2.6
v 1.6 -0.3 -2.6
v 1.8 -0.9 -2.6
v 1.8 -0.3 -2.6
v -2 -0.7 -2.8
v -2 -0.5 -2.8
v -1.8 -0.7 -2.8
v -1.8 -0.5 -2.8
v -1.8 0.1 -2.8
v -1.8 0.3 -2.8
v -1.6 -0.7 -2.8
v -1.6 0.1 -2.8
v -1.6 0.3 -2.8
v -1.6 0.5 -2.8
v -1.4 0.3 -2.8
v -1.4 0.5 -2.8
v 0 0.5 -2.8
v 0 0.7 -2.8
v 0.2 0.5 -2.8
v 0.4 0.5 -2.8
v 0.4 0.7 -2.8
v 0.6 0.3 -2.8
v 0.6 0.5 -2.8
v 0.8 -0.3 -2.8
v 0.8 0.1 -2.8
v 0.8 0.3 -2.8
v 1 -0.3 -2.8
v 1 -0.1 -2.8
v 1 0.3 -2.8
v 1 0.5 -2.8
v 1.2 -0.3 -2.8
v 1.2 -0.1 -2.8
v 1.4 -0.9 -2.8
v 1.4 -0.3 -2.8
v 1.6 -0.9 -2.8
v 1.6 -0.3 -2.8
v -2.2 -0.7 -3
v -2.2 -0.3 -3
v -2 -0.7 -3
v -2 -0.5 -3
v -2 -0.3 -3
v -2 0.1 -3
v -2 0.3 -3
v -1.8 -0.5 -3
v -1.8 0.1 -3
v -1.8 0.3 -3
v -1.8 0.5 -3
v -1.6 0.3 -3
v -1.6 0.5 -3
v -0.4 0.5 -3
v -0.4 0.7 -3
v 0 0.5 -3
v 0 0.7 -3
v 0.2 0.3 -3
v 0.2 0.5 -3
v 0.4 -0.3 -3
v 0.4 0.1 -3
v 0.4 0.3 -3
v 0.6 0.1 -3
v 0.6 0.3 -3
v 0.6 0.5 -3
v 0.8 -0.3 -3
v 0.8 0.1 -3
v 0.8 0.3 -3
v 1 -0.5 -3
v 1 -0.3 -3
v 1.2 -0.9 -3
v 1.2 -0.7 -3
v 1.2 -0.5 -3
v 1.4 -0.9 -3
v 1.4 -0.3 -3
v -2.4 -0.7 -3.2
v -2.4 -0.5 -3.2
v -2.2 -0.7 -3.2
v -2.2 -0.5 -3.2
v -2.2 -0.3 -3.2
v -2.2 0.3 -3.2
v -2 -0.3 -3.2
v -2 0.3 -3.2
v -2 0.5 -3.2
v -1.8 0.3 -3.2
v -1.8 0.5 -3.2
v -0.8 0.5 -3.2
v -0.8 0.7 -3.2
v -0.6 0.5 -3.2
v -0.4 0.5 -3.2
v -0.4 0.7 -3.2
v -0.2 0.3 -3.2
v -0.2 0.5 -3.2
v 0 -0.3 -3.2
v 0 0.1 -3.2
v 0 0.3 -3.2
v 0.2 0.1 -3.2
v 0.2 0.3 -3.2
v 0.2 0.5 -3.2
v 0.4 -0.5 -3.2
v 0.4 -0.3 -3.2
v 0.4 0.1 -3.2
v 0.4 0.3 -3.2
v 0.8 -0.9 -3.2
v 0.8 -0.7 -3.2
v 0.8 -0.5 -3.2
v 1 -0.5 -3.2
v 1 -0.3 -3.2
v 1.2 -0.9 -3.2
v 1.2 -0.7 -3.2
v 1.2 -0.5 -3.2
v -2.4 -0.5 -3.4
v -2.4 -0.3 -3.4
v -2.2 -0.5 -3.4
v -2.2 -0.3 -3.4
v -1 0.5 -3.4
v -1 0.7 -3.4
v -0.8 0.5 -3.4
v -0.8 0.7 -3.4
v -0.6 0.3 -3.4
v -0.6 0.5 -3.4
v -0.4 -0.3 -3.4
v -0.4 0.1 -3.4
v -0.4 0.3 -3.4
v -0.2 -0.5 -3.4
v -0.2 -0.3 -3.4
v -0.2 0.1 -3.4
v -0.2 0.3 -3.4
v -0.2 0.5 -3.4
v 0 -0.3 -3.4
v 0 0.1 -3.4
v 0 0.3 -3.4
v 0.2 -0.9 -3.4
v 0.2 -0.5 -3.4
v 0.4 -0.5 -3.4
v 0.4 -0.3 -3.4
v 0.8 -0.9 -3.4
v 0.8 -0.5 -3.4
v -2.6 -0.7 -3.6
v -2.6 -0.5 -3.6
v -2.4 -0.7 -3.6
v -2.4 -0.5 -3.6
v -2.4 -0.3 -3.6
v -2.4 0.3 -3.6
v -2.2 -0.3 -3.6
v -2.2 0.3 -3.6
v -2.2 0.5 -3.6
v -2 0.3 -3.6
v -2 0.5 -3.6
v -1.2 0.5 -3.6
v -1.2 0.7 -3.6
v -1 0.5 -3.6
v -1 0.7 -3.6
v -0.8 -0.5 -3.6
v -0.8 0.3 -3.6
v -0.8 0.5 -3.6
v -0.6 0.1 -3.6
v -0.6 0.3 -3.6
v -0.6 0.5 -3.6
v -0.4 -0.9 -3.6
v -0.4 -0.7 -3.6
v -0.4 -0.5 -3.6
v -0.4 -0.3 -3.6
v -0.4 0.1 -3.6
v -0.4 0.3 -3.6
v -0.2 -0.5 -3.6
v -0.2 -0.3 -3.6
v 0 -0.9 -3.6
v 0 -0.7 -3.6
v 0.2 -0.9 -3.6
v 0.2 -0.5 -3.6
v -1.4 0.5 -3.8
v -1.4 0.7 -3.8
v -1.2 0.5 -3.8
v -1.2 0.7 -3.8
v -1 -0.9 -3.8
v -1 -0.7 -3.8
v -1 -0.5 -3.8
v -1 0.3 -3.8
v -1 0.5 -3.8
v -0.8 -0.5 -3.8
v -0.8 0.3 -3.8
v -0.8 0.5 -3.8
v -0.4 -0.9 -3.8
v -0.4 -0.5 -3.8
v -2.6 -0.5 -4
v -2.6 -0.1 -4
v -2.6 0.1 -4
v -2.6 0.3 -4
v -2.4 -0.5 -4
v -2.4 0.1 -4
v -2.4 0.3 -4
v -2.4 0.5 -4
v -2.2 0.3 -4
v -2.2 0.5 -4
v -1.2 -0.9 -4
v -1.2 -0.7 -4
v -1.2 -0.5 -4
v -1.2 -0.3 -4
v -1.2 0.3 -4
v -1.2 0.5 -4
v -1 -0.9 -4
v -1 -0.7 -4
v -1 -0.5 -4
v -1 -0.3 -4
v -1 0.3 -4
v -1 0.5 -4
v -2.8 -0.7 -4.2
v -2.8 -0.5 -4.2
v -2.6 -0.7 -4.2
v -2.6 -0.5 -4.2
v -1.6 0.5 -4.2
v -1.6 0.7 -4.2
v -1.4 -0.9 -4.2
v -1.4 -0.5 -4.2
v -1.4 0.5 -4.2
v -1.4 0.7 -4.2
v -1.2 -0.9 -4.2
v -1.2 -0.5 -4.2
v -1.2 -0.3 -4.2
v -1.2 -0.1 -4.2
v -1.2 0.1 -4.2
v -1.2 0.3 -4.2
v -1 -0.3 -4.2
v -1 0.3 -4.2
v -2.8 -0.3 -4.4
v -2.8 -0.1 -4.4
v -2.8 0.3 -4.4
v -2.6 -0.3 -4.4
v -2.6 -0.1 -4.4
v -2.6 0.3 -4.4
v -2.6 0.5 -4.4
v -2.4 0.3 -4.4
v -2.4 0.5 -4.4
v -1.4 -0.5 -4.4
v -1.4 -0.3 -4.4
v -1.4 0.3 -4.4
v -1.4 0.5 -4.4
v -1.2 -0.5 -4.4
v -1.2 -0.3 -4.4
v -1.2 0.3 -4.4
v -1.2 0.5 -4.4
v -1.8 0.5 -4.6
v -1.8 0.7 -4.6
v -1.6 0.5 -4.6
v -1.6 0.7 -4.6
v -1.4 -0.3 -4.6
v -1.4 0.1 -4.6
v -1.4 0.3 -4.6
v -1.2 -0.3 -4.6
v -1.2 0.3 -4.6
v -2.8 -0.5 -5
v -2.8 -0.3 -5
v -2.6 -0.5 -5
v -2.6 -0.3 -5
v -1.8 0.3 -5
v -1.8 0.5 -5
v -1.6 -0.9 -5
v -1.6 -0.5 -5
v -1.6 -0.3 -5
v -1.6 0.3 -5
v -1.4 -0.9 -5
v -1.4 -0.5 -5
v -1.4 -0.3 -5
v -1.4 -0.1 -5
v -1.4 0.5 -5
v -2.2 0.5 -5.2
v -2.2 0.7 -5.2
v -1.8 -0.7 -5.2
v -1.8 -0.5 -5.2
v -1.8 0.5 -5.2
v -1.8 0.7 -5.2
v -1.6 -0.7 -5.2
v -1.6 -0.5 -5.2
v -1.6 -0.3 -5.2
v -1.6 0.7 -5.2
v -1.4 -0.5 -5.2
v -1.4 -0.3 -5.2
v -1.4 -0.1 -5.2
v -1.4 0.5 -5.2
v -1.4 0.7 -5.2
v -1.2 -0.1 -5.2
v -1.2 0.3 -5.2
v -1.2 0.5 -5.2
v -1.6 -0.7 -5.4
v -1.6 -0.5 -5.4
v -1.4 -0.7 -5.4
v -1.4 -0.5 -5.4
v -1.4 -0.1 -5.4
v -1.2 -0.7 -5.4
v -1.2 -0.1 -5.4
v -3 -0.5 -5.6
v -3 -0.3 -5.6
v -2.8 -0.5 -5.6
v -2.8 -0.3 -5.6
v -1.2 -0.7 -5.6
v -1.2 -0.1 -5.6
v -1 -0.7 -5.6
v -1 -0.1 -5.6
v -3 -0.3 -5.8
v -3 0.3 -5.8
v -2.8 -0.3 -5.8
v -2.8 0.3 -5.8
v -2.6 0.5 -5.8
v -2.6 0.7 -5.8
v -2.4 0.5 -5.8
v -2.4 0.7 -5.8
v -2.2 0.7 -5.8
v -2.2 0.9 -5.8
v -1.4 0.7 -5.8
v -1.4 0.9 -5.8
v -1.2 0.1 -5.8
v -1.2 0.3 -5.8
v -1.2 0.5 -5.8
v -1 0.1 -5.8
v -1 0.5 -5.8
v -3 -0.9 -6
v -3 -0.5 -6
v -2.8 -0.5 -6
v -2.8 0.3 -6
v -2.8 0.5 -6
v -2.6 0.3 -6
v -2.6 0.5 -6
v -2.4 0.5 -6
v -2.4 0.7 -6
v -2.2 -0.9 -6
v -2.2 -0.7 -6
v -1.4 0.1 -6
v -1.4 0.3 -6
v -1.2 -0.9 -6
v -1.2 -0.7 -6
v -1.2 -0.1 -6
v -1.2 0.1 -6
v -1.2 0.3 -6
v -1.2 0.7 -6
v -1 -0.9 -6
v -1 -0.7 -6
v -1 -0.1 -6
v -1 0.1 -6
v -0.8 -0.7 -6
v -0.8 -0.1 -6
v 1.4 -0.9 5.8
v 1.8 -0.9 5.8
v 1.2 -0.9 5.6
v 1.4 -0.9 5.6
v 1.6 -0.9 5.6
v 1.8 -0.9 5.6
v 2 -0.9 5.6
v 2.4 -0.9 5.6
v 1 -0.9 5.4
v 1.2 -0.9 5.4
v 1.4 -0.9 5.4
v 1.6 -0.9 5.4
v 2.2 -0.9 5.4
v 2.4 -0.9 5.4
v 2.6 -0.9 5.4
v 0.8 -0.9 5.2
v 1 -0.9 5.2
v 1.2 -0.9 5.2
v 1.8 -0.9 5.2
v 0.6 -0.9 5
v 0.8 -0.9 5
v 1 -0.9 5
v 1.2 -0.9 5
v 1.8 -0.9 5
v 2 -0.9 5
v 0.4 -0.9 4.8
v 0.6 -0.9 4.8
v 1.4 -0.9 4.8
v 2.2 -0.9 4.8
v 2.4 -0.9 4.8
v 2.6 -0.9 4.8
v 0.4 -0.9 4.6
v 0.6 -0.9 4.6
v 0.8 -0.9 4.6
v 1 -0.9 4.6
v 2 -0.9 4.6
v 2.2 -0.9 4.6
v 2.4 -0.9 4.6
v 0.2 -0.9 4.4
v 0.4 -0.9 4.4
v 0.6 -0.9 4.4
v 0.8 -0.9 4.4
v 2 -0.9 4.4
v 2.2 -0.9 4.4
v 0.2 -0.9 4.2
v 0.4 -0.9 4.2
v 1.2 -0.9 4.2
v 1.4 -0.9 4.2
v 1.8 -0.9 4.2
v 2 -0.9 4.2
v 0 -0.9 4
v 0.2 -0.9 4
v 0.6 -0.9 3.8
v 0.8 -0.9 3.8
v 1.6 -0.9 3.8
v 1.8 -0.9 3.8
v 0 -0.9 3.6
v 0.2 -0.9 3.6
v 0.6 -0.9 3.4
v 0.8 -0.9 3.4
v 1 -0.9 3.4
v 1.2 -0.9 3.4
v 1.4 -0.9 3.4
v 1.6 -0.9 3.4
v 0 -0.9 3.2
v 0.2 -0.9 3.2
v 0.4 -0.9 3.2
v 0.6 -0.9 3.2
v 1 -0.9 3.2
v 1.2 -0.9 3.2
v 1.4 -0.9 3.2
v 1.6 -0.9 3.2
v 0.6 -0.9 3
v 1 -0.9 3
v 1.2 -0.9 3
v 1.4 -0.9 3
v 1.6 -0.9 3
v 1 -0.9 2.8
v 1.2 -0.9 2.8
v 0.2 -0.9 2.6
v 0.4 -0.9 2.6
v 1 -0.9 2.6
v 1.2 -0.9 2.6
v 1.4 -0.9 2.6
v 1.6 -0.9 2.6
v 1.8 -0.9 2.6
v 0 -0.9 2.4
v 0.2 -0.9 2.4
v 0.4 -0.9 2.4
v 0.6 -0.9 2.4
v 0.8 -0.9 2.4
v 1 -0.9 2.4
v 1.2 -0.9 2.4
v 1.4 -0.9 2.4
v 1.6 -0.9 2.4
v 0.2 -0.9 2.2
v 0.4 -0.9 2.2
v 1.2 -0.9 2.2
v 1.4 -0.9 2.2
v 1.8 -0.9 2.2
v 2 -0.9 2.2
v 0.2 -0.9 2
v 0.4 -0.9 2
v 0.8 -0.9 2
v 1.2 -0.9 2
v 1.6 -0.9 2
v 1.8 -0.9 2
v 2 -0.9 2
v 0.4 -0.9 1.8
v 0.6 -0.9 1.8
v 1 -0.9 1.8
v 1.2 -0.9 1.8
v 1.4 -0.9 1.8
v 1.6 -0.9 1.8
v 1.8 -0.9 1.8
v 2 -0.9 1.8
v 2.2 -0.9 1.8
v 0.4 -0.9 1.6
v 0.6 -0.9 1.6
v 1 -0.9 1.6
v 1.2 -0.9 1.6
v 1.4 -0.9 1.6
v 2 -0.9 1.6
v 2.2 -0.9 1.6
v 2.4 -0.9 1.6
v 1.2 -0.9 1.4
v 1.8 -0.9 1.4
v 0.6 -0.9 1.2
v 0.8 -0.9 1.2
v 2.2 -0.9 1.2
v 2.4 -0.9 1.2
v 2.6 -0.9 1.2
v 0.8 -0.9 1
v 1 -0.9 1
v 1.4 -0.9 1
v 1.8 -0.9 1
v 2.2 -0.9 1
v 2.4 -0.9 1
v 2.6 -0.9 1
v 2.8 -0.9 1
v 1 -0.9 0.8
v 1.4 -0.9 0.8
v 2.2 -0.9 0.8
v 2.4 -0.9 0.8
v 1 -0.9 0.6
v 1.2 -0.9 0.6
v 2.2 -0.9 0.6
v 2.4 -0.9 0.6
v 2.6 -0.9 0.6
v 2.8 -0.9 0.6
v 3 -0.9 0.6
v 1.2 -0.9 0.4
v 1.4 -0.9 0.4
v 1.6 -0.9 0.4
v 2 -0.9 0.4
v 1.6 -0.9 0.2
v 1.8 -0.9 0.2
v 1.4 -0.9 0
v 1.6 -0.9 0
v 1.8 -0.9 0
v 2 -0.9 0
v 2.2 -0.9 0
v 2.4 -0.9 0
v 1.6 -0.9 -0.2
v 2 -0.9 -0.2
v 2.2 -0.9 -0.2
v 2.6 -0.9 -0.2
v 2.8 -0.9 -0.2
v 2 -0.9 -0.4
v 2.2 -0.9 -0.4
v 2.8 -0.9 -0.4
v 3 -0.9 -0.4
v 1.4 -0.9 -0.6
v 2 -0.9 -0.6
v 2.4 -0.9 -0.6
v 2.6 -0.9 -0.6
v 2.8 -0.9 -0.6
v 3 -0.9 -0.6
v 1.2 -0.9 -0.8
v 1.4 -0.9 -0.8
v 2.4 -0.9 -0.8
v 2.6 -0.9 -0.8
v 2.8 -0.9 -0.8
v 3 -0.9 -0.8
v 1 -0.9 -1
v 1.2 -0.9 -1
v 2 -0.9 -1
v 2.4 -0.9 -1
v 2.6 -0.9 -1
v 2.8 -0.9 -1
v 1.2 -0.9 -1.2
v 1.6 -0.9 -1.2
v 2.2 -0.9 -1.2
v 2.4 -0.9 -1.2
v 2.6 -0.9 -1.2
v 2.8 -0.9 -1.2
v 0.8 -0.9 -1.4
v 1 -0.9 -1.4
v 1.2 -0.9 -1.4
v 1.4 -0.9 -1.4
v 1.6 -0.9 -1.4
v 1.8 -0.9 -1.4
v 2 -0.9 -1.4
v 2.2 -0.9 -1.4
v 2.4 -0.9 -1.4
v 2.6 -0.9 -1.4
v 0.6 -0.9 -1.6
v 0.8 -0.9 -1.6
v 1.2 -0.9 -1.6
v 1.4 -0.9 -1.6
v 1.8 -0.9 -1.6
v 2 -0.9 -1.6
v 2.2 -0.9 -1.6
v 2.4 -0.9 -1.6
v 2.6 -0.9 -1.6
v 0 -0.9 -1.8
v 0.6 -0.9 -1.8
v 1.2 -0.9 -1.8
v 1.4 -0.9 -1.8
v 1.6 -0.9 -1.8
v 2.2 -0.9 -1.8
v -0.6 -0.9 -2
v -0.4 -0.9 -2
v -0.2 -0.9 -2
v 0 -0.9 -2
v 0.2 -0.9 -2
v 0.4 -0.9 -2
v 0.6 -0.9 -2
v 1 -0.9 -2
v 1.2 -0.9 -2
v 1.4 -0.9 -2
v 2.2 -0.9 -2
v 2.4 -0.9 -2
v -1 -0.9 -2.2
v -0.6 -0.9 -2.2
v -0.4 -0.9 -2.2
v -0.2 -0.9 -2.2
v 0.2 -0.9 -2.2
v 0.4 -0.9 -2.2
v 0.8 -0.9 -2.2
v 1 -0.9 -2.2
v 1.2 -0.9 -2.2
v 1.4 -0.9 -2.2
v 1.6 -0.9 -2.2
v 2 -0.9 -2.2
v 2.2 -0.9 -2.2
v -1.6 -0.9 -2.4
v -1.2 -0.9 -2.4
v -1 -0.9 -2.4
v 0 -0.9 -2.4
v 0.2 -0.9 -2.4
v 0.4 -0.9 -2.4
v 0.8 -0.9 -2.4
v 1.2 -0.9 -2.4
v 1.4 -0.9 -2.4
v 1.6 -0.9 -2.4
v 1.8 -0.9 -2.4
v 2 -0.9 -2.4
v -2 -0.9 -2.6
v -1.8 -0.9 -2.6
v -1.6 -0.9 -2.6
v -1.2 -0.9 -2.6
v 0.2 -0.9 -2.6
v 0.8 -0.9 -2.6
v 1 -0.9 -2.6
v 1.6 -0.9 -2.6
v 1.8 -0.9 -2.6
v -2.2 -0.9 -2.8
v -2 -0.9 -2.8
v -1.8 -0.9 -2.8
v -1.6 -0.9 -2.8
v -1.2 -0.9 -2.8
v 0 -0.9 -2.8
v 0.8 -0.9 -2.8
v 1.4 -0.9 -2.8
v 1.6 -0.9 -2.8
v -2.4 -0.9 -3
v -2.2 -0.9 -3
v -2 -0.9 -3
v -1.6 -0.9 -3
v -1.4 -0.9 -3
v -1 -0.9 -3
v -0.4 -0.9 -3
v 0.8 -0.9 -3
v 1 -0.9 -3
v 1.2 -0.9 -3
v 1.4 -0.9 -3
v -2.6 -0.9 -3.2
v -2.4 -0.9 -3.2
v -1.6 -0.9 -3.2
v -1.4 -0.9 -3.2
v -1.2 -0.9 -3.2
v -1 -0.9 -3.2
v -0.8 -0.9 -3.2
v -0.4 -0.9 -3.2
v -0.2 -0.9 -3.2
v 0.8 -0.9 -3.2
v 1.2 -0.9 -3.2
v -2.6 -0.9 -3.4
v -2.4 -0.9 -3.4
v -2.2 -0.9 -3.4
v -2 -0.9 -3.4
v -1 -0.9 -3.4
v -0.8 -0.9 -3.4
v -0.2 -0.9 -3.4
v 0.2 -0.9 -3.4
v 0.8 -0.9 -3.4
v -2.8 -0.9 -3.6
v -2.6 -0.9 -3.6
v -2.4 -0.9 -3.6
v -2.2 -0.9 -3.6
v -1.8 -0.9 -3.6
v -1.4 -0.9 -3.6
v -0.8 -0.9 -3.6
v -0.4 -0.9 -3.6
v 0 -0.9 -3.6
v 0.2 -0.9 -3.6
v -2.8 -0.9 -3.8
v -2.6 -0.9 -3.8
v -2.4 -0.9 -3.8
v -2.2 -0.9 -3.8
v -2 -0.9 -3.8
v -1.8 -0.9 -3.8
v -1.2 -0.9 -3.8
v -1 -0.9 -3.8
v -0.4 -0.9 -3.8
v -1.2 -0.9 -4
v -1 -0.9 -4
v -3 -0.9 -4.2
v -2.8 -0.9 -4.2
v -2.4 -0.9 -4.2
v -2.2 -0.9 -4.2
v -1.6 -0.9 -4.2
v -1.4 -0.9 -4.2
v -1.2 -0.9 -4.2
v -3 -0.9 -4.4
v -2.8 -0.9 -4.4
v -2 -0.9 -4.4
v -1.6 -0.9 -4.4
v -3 -0.9 -4.6
v -2.8 -0.9 -4.6
v -2 -0.9 -4.6
v -1.4 -0.9 -4.6
v -2.4 -0.9 -4.8
v -2.2 -0.9 -4.8
v -2.8 -0.9 -5
v -2.6 -0.9 -5
v -2.4 -0.9 -5
v -2.2 -0.9 -5
v -2 -0.9 -5
v -1.8 -0.9 -5
v -1.6 -0.9 -5
v -1.4 -0.9 -5
v -2.6 -0.9 -5.2
v -2.4 -0.9 -5.2
v -1.8 -0.9 -5.2
v -1.6 -0.9 -5.2
v -3 -0.9 -5.4
v -2.8 -0.9 -5.4
v -2.6 -0.9 -5.4
v -2.4 -0.9 -5.4
v -2.2 -0.9 -5.4
v -1.6 -0.9 -5.4
v -1.4 -0.9 -5.4
v -1.2 -0.9 -5.4
v -1 -0.9 -5.4
v -3 -0.9 -5.6
v -2.6 -0.9 -5.6
v -2.4 -0.9 -5.6
v -2.2 -0.9 -5.6
v -2 -0.9 -5.6
v -1.6 -0.9 -5.6
v -2.6 -0.9 -5.8
v -2.2 -0.9 -5.8
v -2 -0.9 -5.8
v -1.6 -0.9 -5.8
v -1.4 -0.9 -5.8
v -1.2 -0.9 -5.8
v -1 -0.9 -5.8
v -3 -0.9 -6
v -2.2 -0.9 -6
v -1.2 -0.9 -6
v -1 -0.9 -6
v -1.6 -0.7 -5.2
v -1.2 -0.7 -5.2
v -1.6 -0.7 -5.4
v -1.4 -0.7 -5.4
v -1.2 -0.7 -5.4
v -1 -0.7 -5.6
v -0.8 -0.7 -5.6
v -1 -0.7 -5.8
v -1 -0.7 -6
v -0.8 -0.7 -6
v 1.6 -0.5 6
v 1.8 -0.5 6
v 1.6 -0.5 5.8
v 1.8 -0.5 5.8
v 2.6 -0.5 5.2
v 2.8 -0.5 5.2
v 2.6 -0.5 5
v 2.8 -0.5 5
v 0.6 -0.5 4.8
v 0.8 -0.5 4.8
v 0.6 -0.5 4.6
v 0.8 -0.5 4.6
v 0.4 -0.5 4.4
v 0.6 -0.5 4.4
v 2 -0.5 4.4
v 2.2 -0.5 4.4
v 0.4 -0.5 4.2
v 0.6 -0.5 4.2
v 1.8 -0.5 4.2
v 2 -0.5 4.2
v 2.2 -0.5 4.2
v 0.2 -0.5 4
v 0.4 -0.5 4
v 1.8 -0.5 4
v 2 -0.5 4
v 0.2 -0.5 3.8
v 0.4 -0.5 3.8
v 1.6 -0.5 3.8
v 1.8 -0.5 3.8
v 0.2 -0.5 3.6
v 0.4 -0.5 3.6
v 1.6 -0.5 3.6
v 1.8 -0.5 3.6
v 0.2 -0.5 3.4
v 0.4 -0.5 3.4
v 0.2 -0.5 3.2
v 0.4 -0.5 3.2
v 1.4 -0.5 3.2
v 1.6 -0.5 3.2
v 0.2 -0.5 3
v 0.4 -0.5 3
v 1.4 -0.5 3
v 1.6 -0.5 3
v 0.2 -0.5 2.8
v 0.4 -0.5 2.8
v 1.6 -0.5 2.8
v 1.8 -0.5 2.8
v 0.2 -0.5 2.6
v 0.4 -0.5 2.6
v 1.6 -0.5 2.6
v 1.8 -0.5 2.6
v 0.2 -0.5 2.4
v 0.4 -0.5 2.4
v 1.8 -0.5 2.4
v 2 -0.5 2.4
v 0.4 -0.5 2.2
v 0.6 -0.5 2.2
v 1.8 -0.5 2.2
v 2 -0.5 2.2
v 0.4 -0.5 2
v 0.6 -0.5 2
v 2 -0.5 2
v 2.2 -0.5 2
v 0.6 -0.5 1.8
v 0.8 -0.5 1.8
v 2 -0.5 1.8
v 2.2 -0.5 1.8
v 2.4 -0.5 1.8
v 0.6 -0.5 1.6
v 0.8 -0.5 1.6
v 2.2 -0.5 1.6
v 2.4 -0.5 1.6
v 0.8 -0.5 1.4
v 1 -0.5 1.4
v 0.8 -0.5 1.2
v 1 -0.5 1.2
v 2.4 -0.5 1
v 2.6 -0.5 1
v 1.2 -0.5 0.8
v 1.4 -0.5 0.8
v 2.4 -0.5 0.8
v 2.6 -0.5 0.8
v 1.2 -0.5 0.6
v 1.4 -0.5 0.6
v 2.6 -0.5 0.6
v 2.8 -0.5 0.6
v 2.6 -0.5 0.4
v 2.8 -0.5 0.4
v 2.8 -0.5 -0.2
v 2.6 -0.5 -0.4
v 2.8 -0.5 -0.4
v 2.8 -0.5 -0.6
v 2.6 -0.5 -0.8
v 2.8 -0.5 -0.8
v 0.8 -0.5 -1
v 1 -0.5 -1
v 2.4 -0.5 -1
v 2.6 -0.5 -1
v 0.6 -0.5 -1.2
v 0.8 -0.5 -1.2
v 1 -0.5 -1.2
v 2.4 -0.5 -1.2
v 2.6 -0.5 -1.2
v 0.4 -0.5 -1.4
v 0.6 -0.5 -1.4
v 0.8 -0.5 -1.4
v 1 -0.5 -1.4
v 2.2 -0.5 -1.4
v 2.4 -0.5 -1.4
v 0.2 -0.5 -1.6
v 0.4 -0.5 -1.6
v 0.6 -0.5 -1.6
v 0.8 -0.5 -1.6
v 2 -0.5 -1.6
v 2.2 -0.5 -1.6
v 2.4 -0.5 -1.6
v -0.4 -0.5 -1.8
v -0.2 -0.5 -1.8
v 0 -0.5 -1.8
v 0.2 -0.5 -1.8
v 0.4 -0.5 -1.8
v 0.6 -0.5 -1.8
v 2 -0.5 -1.8
v 2.2 -0.5 -1.8
v -0.8 -0.5 -2
v -0.6 -0.5 -2
v -0.4 -0.5 -2
v -0.2 -0.5 -2
v 0 -0.5 -2
v 1.8 -0.5 -2
v 2 -0.5 -2
v 2.2 -0.5 -2
v -1.2 -0.5 -2.2
v -1 -0.5 -2.2
v -0.8 -0.5 -2.2
v -0.6 -0.5 -2.2
v 1.6 -0.5 -2.2
v 1.8 -0.5 -2.2
v 2 -0.5 -2.2
v -1.2 -0.5 -2.4
v -1 -0.5 -2.4
v 1.4 -0.5 -2.4
v 1.6 -0.5 -2.4
v 1.8 -0.5 -2.4
v 1.2 -0.5 -2.6
v 1.4 -0.5 -2.6
v 1.6 -0.5 -2.6
v -2 -0.5 -2.8
v -1.8 -0.5 -2.8
v 0.8 -0.5 -2.8
v 1.2 -0.5 -2.8
v 1.4 -0.5 -2.8
v -2 -0.5 -3
v -1.8 -0.5 -3
v 0.4 -0.5 -3
v 0.8 -0.5 -3
v 1.2 -0.5 -3
v -2.4 -0.5 -3.2
v -2.2 -0.5 -3.2
v -0.2 -0.5 -3.2
v 0.2 -0.5 -3.2
v 0.4 -0.5 -3.2
v 0.8 -0.5 -3.2
v -2.4 -0.5 -3.4
v -2.2 -0.5 -3.4
v -0.8 -0.5 -3.4
v -0.4 -0.5 -3.4
v -0.2 -0.5 -3.4
v 0.2 -0.5 -3.4
v -2.6 -0.5 -3.6
v -2.4 -0.5 -3.6
v -0.8 -0.5 -3.6
v -0.4 -0.5 -3.6
v -2.6 -0.5 -3.8
v -2.4 -0.5 -3.8
v -2.6 -0.5 -4
v -2.4 -0.5 -4
v -2.8 -0.5 -4.2
v -2.6 -0.5 -4.2
v -1.4 -0.5 -4.2
v -1.2 -0.5 -4.2
v -2.8 -0.5 -4.4
v -2.6 -0.5 -4.4
v -1.4 -0.5 -4.4
v -1.2 -0.5 -4.4
v -2.8 -0.5 -5
v -2.6 -0.5 -5
v -1.6 -0.5 -5
v -1.4 -0.5 -5
v -1.6 -0.5 -5.2
v -1.4 -0.5 -5.2
v -2.8 -0.5 -5.6
v -2.6 -0.5 -5.6
v -2.8 -0.5 -5.8
v -2.6 -0.5 -5.8
v 1 -0.3 5.2
v 1.2 -0.3 5.2
v 0.8 -0.3 5
v 1 -0.3 5
v 1.2 -0.3 5
v 0.8 -0.3 4.8
v 1 -0.3 4.8
v 2.2 -0.3 4.6
v 2.4 -0.3 4.6
v 2.2 -0.3 4.4
v 2.4 -0.3 4.4
v 0.4 -0.3 4.2
v 0.6 -0.3 4.2
v 0.4 -0.3 4
v 0.6 -0.3 4
v 1.8 -0.3 4
v 2 -0.3 4
v 0.4 -0.3 3.8
v 0.6 -0.3 3.8
v 1.8 -0.3 3.8
v 2 -0.3 3.8
v 1.6 -0.3 3.6
v 1.8 -0.3 3.6
v 1.6 -0.3 3.4
v 1.8 -0.3 3.4
v 1.6 -0.3 3.2
v 1.8 -0.3 3.2
v 1.6 -0.3 2.8
v 1.8 -0.3 2.8
v 0.4 -0.3 2.6
v 0.6 -0.3 2.6
v 1.8 -0.3 2.6
v 2 -0.3 2.6
v 0.4 -0.3 2.4
v 1.8 -0.3 2.4
v 2 -0.3 2.4
v 0.4 -0.3 2.2
v 0.6 -0.3 2.2
v 2 -0.3 2.2
v 2.2 -0.3 2.2
v 0.6 -0.3 2
v 0.8 -0.3 2
v 2 -0.3 2
v 2.2 -0.3 2
v 0.6 -0.3 1.8
v 0.8 -0.3 1.8
v 0.8 -0.3 1.6
v 1 -0.3 1.6
v 2.4 -0.3 1.6
v 2.6 -0.3 1.6
v 0.8 -0.3 1.4
v 1 -0.3 1.4
v 1 -0.3 1.2
v 1.2 -0.3 1.2
v 2.4 -0.3 1.2
v 2.6 -0.3 1.2
v 1 -0.3 1
v 1.2 -0.3 1
v 1.4 -0.3 1
v 1.2 -0.3 0.8
v 1.4 -0.3 0.8
v 1.2 -0.3 0.4
v 1.4 -0.3 0.4
v 1.2 -0.3 0.2
v 1.4 -0.3 0.2
v 0.8 -0.3 -0.8
v 1 -0.3 -0.8
v 2.4 -0.3 -0.8
v 2.6 -0.3 -0.8
v 0.8 -0.3 -1
v 1 -0.3 -1
v 2.4 -0.3 -1
v 2.6 -0.3 -1
v 2.2 -0.3 -1.2
v 2.4 -0.3 -1.2
v 2 -0.3 -1.4
v 2.2 -0.3 -1.4
v 2.4 -0.3 -1.4
v -0.2 -0.3 -1.6
v 0.2 -0.3 -1.6
v 1.8 -0.3 -1.6
v 2 -0.3 -1.6
v 2.2 -0.3 -1.6
v -0.6 -0.3 -1.8
v -0.4 -0.3 -1.8
v -0.2 -0.3 -1.8
v 0.2 -0.3 -1.8
v 2 -0.3 -1.8
v -1 -0.3 -2
v -0.8 -0.3 -2
v -0.6 -0.3 -2
v -0.4 -0.3 -2
v 1.6 -0.3 -2
v 1.8 -0.3 -2
v 2 -0.3 -2
v -1.4 -0.3 -2.2
v -1.2 -0.3 -2.2
v -1 -0.3 -2.2
v -0.8 -0.3 -2.2
v 1.4 -0.3 -2.2
v 1.6 -0.3 -2.2
v 1.8 -0.3 -2.2
v -1.4 -0.3 -2.4
v -1.2 -0.3 -2.4
v 1.2 -0.3 -2.4
v 1.4 -0.3 -2.4
v 1.6 -0.3 -2.4
v 0.8 -0.3 -2.6
v 1 -0.3 -2.6
v 1.2 -0.3 -2.6
v 1.4 -0.3 -2.6
v 0.4 -0.3 -2.8
v 0.8 -0.3 -2.8
v 1 -0.3 -2.8
v 1.2 -0.3 -2.8
v -2.2 -0.3 -3
v -2 -0.3 -3
v 0 -0.3 -3
v 0.4 -0.3 -3
v 0.8 -0.3 -3
v -2.2 -0.3 -3.2
v -2 -0.3 -3.2
v -0.4 -0.3 -3.2
v -0.2 -0.3 -3.2
v 0 -0.3 -3.2
v 0.4 -0.3 -3.2
v -2.4 -0.3 -3.4
v -2.2 -0.3 -3.4
v -0.4 -0.3 -3.4
v -0.2 -0.3 -3.4
v -2.4 -0.3 -3.6
v -2.2 -0.3 -3.6
v -1.2 -0.3 -4
v -1 -0.3 -4
v -1.2 -0.3 -4.2
v -1 -0.3 -4.2
v -3 -0.3 -4.4
v -2.8 -0.3 -4.4
v -1.4 -0.3 -4.4
v -1.2 -0.3 -4.4
v -1.4 -0.3 -4.6
v -1.2 -0.3 -4.6
v -3 -0.3 -5
v -2.8 -0.3 -5
v -1.4 -0.3 -5
v -1.2 -0.3 -5
v -1.4 -0.3 -5.2
v -1.2 -0.3 -5.2
v -3 -0.3 -5.6
v -2.8 -0.3 -5.6
v -3 -0.3 -5.8
v -2.8 -0.3 -5.8
v 0.6 -0.1 4.6
v 0.8 -0.1 4.6
v 0.6 -0.1 4.4
v 0.8 -0.1 4.4
v 1.6 -0.1 -1.8
v 1.8 -0.1 -1.8
v 1.4 -0.1 -2
v 1.6 -0.1 -2
v 1.8 -0.1 -2
v 1.2 -0.1 -2.2
v 1.4 -0.1 -2.2
v 1.6 -0.1 -2.2
v 1 -0.1 -2.4
v 1.2 -0.1 -2.4
v 1.4 -0.1 -2.4
v 1 -0.1 -2.6
v 1.2 -0.1 -2.6
v -1.2 -0.1 -5.2
v -1 -0.1 -5.2
v -1.2 -0.1 -5.4
v -1 -0.1 -5.4
v -1.2 -0.1 -5.6
v -1 -0.1 -5.6
v -1.2 -0.1 -5.8
v -1 -0.1 -5.8
v 2.4 0.1 1
v 2.6 0.1 1
v 2.4 0.1 0.8
v 2.6 0.1 0.8
v 1.6 0.3 6
v 1.8 0.3 6
v 1.6 0.3 5.8
v 1.4 0.3 5.6
v 1.6 0.3 5.6
v 1.8 0.3 5.6
v 1.2 0.3 5.4
v 1.4 0.3 5.4
v 1.6 0.3 5.4
v 1.2 0.3 5.2
v 1 0.3 5
v 1.2 0.3 5
v 1.4 0.3 5
v 2.2 0.3 5
v 2.4 0.3 5
v 0.8 0.3 4.8
v 1 0.3 4.8
v 1.2 0.3 4.8
v 2 0.3 4.8
v 2.2 0.3 4.8
v 2.4 0.3 4.8
v 0.8 0.3 4.6
v 1 0.3 4.6
v 2 0.3 4.6
v 2.2 0.3 4.6
v 0.6 0.3 4.4
v 0.8 0.3 4.4
v 1 0.3 4.4
v 1.8 0.3 4.4
v 2 0.3 4.4
v 2.2 0.3 4.4
v 1.6 0.3 4.2
v 1.8 0.3 4.2
v 2 0.3 4.2
v 0.6 0.3 4
v 1.8 0.3 4
v 0.4 0.3 3.8
v 0.6 0.3 3.8
v 0.8 0.3 3.8
v 1.4 0.3 3.8
v 1.6 0.3 3.8
v 1.8 0.3 3.8
v 0.4 0.3 3.6
v 0.4 0.3 3.4
v 0.6 0.3 3.4
v 1.2 0.3 3.4
v 1.4 0.3 3.4
v 1.6 0.3 3.4
v 0.4 0.3 3.2
v 1.2 0.3 3.2
v 1.4 0.3 3.2
v 1.6 0.3 3.2
v 0.4 0.3 3
v 0.6 0.3 3
v 0.4 0.3 2.8
v 0.6 0.3 2.8
v 0.4 0.3 2.6
v 0.6 0.3 2.6
v 0.8 0.3 2.6
v 1.4 0.3 2.6
v 1.6 0.3 2.6
v 1.8 0.3 2.6
v 1.6 0.3 2.4
v 1.8 0.3 2.4
v 1.6 0.3 2.2
v 1.8 0.3 2.2
v 2 0.3 2.2
v 0.6 0.3 2
v 0.8 0.3 2
v 1 0.3 2
v 1.8 0.3 2
v 2 0.3 2
v 1.8 0.3 1.8
v 2 0.3 1.8
v 2.2 0.3 1.8
v 0.8 0.3 1.6
v 1 0.3 1.6
v 1.2 0.3 1.6
v 2 0.3 1.6
v 2.2 0.3 1.6
v 2.4 0.3 1.6
v 1 0.3 1.2
v 1.2 0.3 1.2
v 1.4 0.3 1.2
v 2.4 0.3 1.2
v 1.2 0.3 1
v 1.4 0.3 1
v 1.6 0.3 1
v 2.2 0.3 1
v 2.4 0.3 1
v 1.4 0.3 0.8
v 2.2 0.3 0.8
v 2.4 0.3 0.8
v 2.6 0.3 0.8
v 1.4 0.3 0.6
v 1.6 0.3 0.6
v 2.4 0.3 0.6
v 2.6 0.3 0.6
v 1 0.3 -0.8
v 1.2 0.3 -0.8
v 1 0.3 -1
v 1.2 0.3 -1
v 0.8 0.3 -1.2
v 1 0.3 -1.2
v 1.2 0.3 -1.2
v 2 0.3 -1.2
v 2.2 0.3 -1.2
v 0.6 0.3 -1.4
v 0.8 0.3 -1.4
v 1 0.3 -1.4
v 1.8 0.3 -1.4
v 2 0.3 -1.4
v 2.2 0.3 -1.4
v 0.4 0.3 -1.6
v 0.6 0.3 -1.6
v 0.8 0.3 -1.6
v 1.6 0.3 -1.6
v 1.8 0.3 -1.6
v 2 0.3 -1.6
v -0.2 0.3 -1.8
v 0 0.3 -1.8
v 0.2 0.3 -1.8
v 0.4 0.3 -1.8
v 0.6 0.3 -1.8
v 1.4 0.3 -1.8
v 1.6 0.3 -1.8
v 1.8 0.3 -1.8
v -0.6 0.3 -2
v -0.4 0.3 -2
v -0.2 0.3 -2
v 0.2 0.3 -2
v 0.4 0.3 -2
v 1.2 0.3 -2
v 1.4 0.3 -2
v 1.6 0.3 -2
v -1 0.3 -2.2
v -0.8 0.3 -2.2
v -0.6 0.3 -2.2
v -0.2 0.3 -2.2
v 1 0.3 -2.2
v 1.2 0.3 -2.2
v 1.4 0.3 -2.2
v -1.4 0.3 -2.4
v -1.2 0.3 -2.4
v -1 0.3 -2.4
v -0.8 0.3 -2.4
v -0.6 0.3 -2.4
v 0.8 0.3 -2.4
v 1 0.3 -2.4
v 1.2 0.3 -2.4
v -1.6 0.3 -2.6
v -1.4 0.3 -2.6
v -1.2 0.3 -2.6
v -1 0.3 -2.6
v 0.4 0.3 -2.6
v 0.8 0.3 -2.6
v 1 0.3 -2.6
v -1.8 0.3 -2.8
v -1.6 0.3 -2.8
v -1.4 0.3 -2.8
v 0 0.3 -2.8
v 0.2 0.3 -2.8
v 0.4 0.3 -2.8
v 0.6 0.3 -2.8
v 0.8 0.3 -2.8
v -2 0.3 -3
v -1.8 0.3 -3
v -1.6 0.3 -3
v -0.4 0.3 -3
v 0 0.3 -3
v 0.2 0.3 -3
v 0.4 0.3 -3
v -2.2 0.3 -3.2
v -2 0.3 -3.2
v -1.8 0.3 -3.2
v -0.8 0.3 -3.2
v -0.6 0.3 -3.2
v -0.4 0.3 -3.2
v -0.2 0.3 -3.2
v 0 0.3 -3.2
v -1 0.3 -3.4
v -0.8 0.3 -3.4
v -0.6 0.3 -3.4
v -0.4 0.3 -3.4
v -2.4 0.3 -3.6
v -2.2 0.3 -3.6
v -2 0.3 -3.6
v -1.2 0.3 -3.6
v -1 0.3 -3.6
v -0.8 0.3 -3.6
v -1.4 0.3 -3.8
v -1.2 0.3 -3.8
v -1 0.3 -3.8
v -2.6 0.3 -4
v -2.4 0.3 -4
v -2.2 0.3 -4
v -1.4 0.3 -4
v -1.2 0.3 -4
v -2.6 0.3 -4.2
v -1.6 0.3 -4.2
v -1.4 0.3 -4.2
v -1.2 0.3 -4.2
v -2.8 0.3 -4.4
v -2.6 0.3 -4.4
v -2.4 0.3 -4.4
v -1.8 0.3 -4.6
v -1.6 0.3 -4.6
v -1.4 0.3 -4.6
v -1.8 0.3 -4.8
v -1.6 0.3 -4.8
v -2.8 0.3 -5
v -1.8 0.3 -5
v -1.6 0.3 -5
v -2.8 0.3 -5.4
v -2.6 0.3 -5.4
v -2.8 0.3 -5.6
v -2.8 0.3 -5.8
v -2.6 0.3 -5.8
v 1.8 0.5 5.8
v 2 0.5 5.8
v 1.6 0.5 5.6
v 1.8 0.5 5.6
v 2 0.5 5.6
v 2.2 0.5 5.6
v 1.4 0.5 5.4
v 1.6 0.5 5.4
v 1.8 0.5 5.4
v 2 0.5 5.4
v 2.2 0.5 5.4
v 1.4 0.5 5.2
v 1.6 0.5 5.2
v 2.2 0.5 5.2
v 2.4 0.5 5.2
v 1.2 0.5 5
v 1.4 0.5 5
v 2.2 0.5 5
v 2.4 0.5 5
v 1 0.5 4.8
v 1.2 0.5 4.8
v 1.4 0.5 4.8
v 1.6 0.5 4.8
v 2 0.5 4.8
v 2.2 0.5 4.8
v 1 0.5 4.6
v 1.2 0.5 4.6
v 1.4 0.5 4.6
v 1.6 0.5 4.6
v 1.8 0.5 4.6
v 2 0.5 4.6
v 0.8 0.5 4.4
v 1 0.5 4.4
v 1.4 0.5 4.4
v 1.6 0.5 4.4
v 1.8 0.5 4.4
v 2 0.5 4.4
v 1.4 0.5 4.2
v 1.6 0.5 4.2
v 1.8 0.5 4.2
v 0.6 0.5 3.8
v 0.8 0.5 3.8
v 1.4 0.5 3.8
v 1.6 0.5 3.8
v 1 0.5 3.6
v 1.2 0.5 3.6
v 1.4 0.5 3.6
v 0.6 0.5 3.4
v 0.8 0.5 3.4
v 1 0.5 3.4
v 1.2 0.5 3.4
v 1.4 0.5 3.4
v 1.2 0.5 3.2
v 1.4 0.5 3.2
v 0.6 0.5 3
v 0.8 0.5 3
v 0.6 0.5 2.8
v 0.8 0.5 2.8
v 0.6 0.5 2.6
v 0.8 0.5 2.6
v 1 0.5 2.6
v 1.2 0.5 2.6
v 1.4 0.5 2.6
v 1.6 0.5 2.6
v 1.6 0.5 2.4
v 1 0.5 2.2
v 1.2 0.5 2.2
v 1.6 0.5 2.2
v 1.8 0.5 2.2
v 0.8 0.5 2
v 1 0.5 2
v 1.4 0.5 2
v 1.6 0.5 2
v 1.8 0.5 2
v 1.8 0.5 1.8
v 2 0.5 1.8
v 1 0.5 1.6
v 1.2 0.5 1.6
v 1.4 0.5 1.6
v 1.6 0.5 1.6
v 1.8 0.5 1.6
v 2 0.5 1.6
v 2.2 0.5 1.6
v 1.6 0.5 1.4
v 1.8 0.5 1.4
v 1.2 0.5 1.2
v 1.4 0.5 1.2
v 1.6 0.5 1.2
v 2 0.5 1.2
v 1.4 0.5 1
v 1.6 0.5 1
v 1.8 0.5 1
v 2.2 0.5 1
v 1.6 0.5 0.8
v 1.8 0.5 0.8
v 2 0.5 0.8
v 2.2 0.5 0.8
v 2.4 0.5 0.8
v 1.6 0.5 0.6
v 2 0.5 0.6
v 2.2 0.5 0.6
v 2.4 0.5 0.6
v 1.2 0.5 -1
v 1.4 0.5 -1
v 1 0.5 -1.2
v 1.2 0.5 -1.2
v 1.4 0.5 -1.2
v 1.6 0.5 -1.2
v 0.8 0.5 -1.4
v 1 0.5 -1.4
v 1.2 0.5 -1.4
v 1.4 0.5 -1.4
v 1.6 0.5 -1.4
v 1.8 0.5 -1.4
v 0.6 0.5 -1.6
v 0.8 0.5 -1.6
v 1 0.5 -1.6
v 1.2 0.5 -1.6
v 1.6 0.5 -1.6
v 1.8 0.5 -1.6
v 0.4 0.5 -1.8
v 0.6 0.5 -1.8
v 0.8 0.5 -1.8
v 1 0.5 -1.8
v 1.4 0.5 -1.8
v 1.6 0.5 -1.8
v -0.2 0.5 -2
v 0.2 0.5 -2
v 0.4 0.5 -2
v 0.6 0.5 -2
v 0.8 0.5 -2
v 1.2 0.5 -2
v 1.4 0.5 -2
v -0.6 0.5 -2.2
v -0.2 0.5 -2.2
v 0.4 0.5 -2.2
v 0.6 0.5 -2.2
v 0.8 0.5 -2.2
v 1 0.5 -2.2
v 1.2 0.5 -2.2
v -1 0.5 -2.4
v -0.8 0.5 -2.4
v -0.6 0.5 -2.4
v 0.2 0.5 -2.4
v 0.4 0.5 -2.4
v 0.6 0.5 -2.4
v 0.8 0.5 -2.4
v 1 0.5 -2.4
v -1.4 0.5 -2.6
v -1.2 0.5 -2.6
v -1 0.5 -2.6
v -0.6 0.5 -2.6
v 0.2 0.5 -2.6
v 0.4 0.5 -2.6
v 0.8 0.5 -2.6
v -1.6 0.5 -2.8
v -1.4 0.5 -2.8
v -1.2 0.5 -2.8
v -1 0.5 -2.8
v -0.8 0.5 -2.8
v -0.6 0.5 -2.8
v 0 0.5 -2.8
v 0.2 0.5 -2.8
v 0.4 0.5 -2.8
v -1.8 0.5 -3
v -1.6 0.5 -3
v -1.2 0.5 -3
v -1 0.5 -3
v -0.4 0.5 -3
v 0 0.5 -3
v -2 0.5 -3.2
v -1.8 0.5 -3.2
v -1.6 0.5 -3.2
v -1 0.5 -3.2
v -0.8 0.5 -3.2
v -0.6 0.5 -3.2
v -0.4 0.5 -3.2
v -2 0.5 -3.4
v -1.6 0.5 -3.4
v -1 0.5 -3.4
v -0.8 0.5 -3.4
v -2.2 0.5 -3.6
v -2 0.5 -3.6
v -1.6 0.5 -3.6
v -1.4 0.5 -3.6
v -1.2 0.5 -3.6
v -1 0.5 -3.6
v -1.8 0.5 -3.8
v -1.6 0.5 -3.8
v -1.4 0.5 -3.8
v -1.2 0.5 -3.8
v -2.4 0.5 -4
v -2.2 0.5 -4
v -1.8 0.5 -4
v -1.6 0.5 -4
v -1.4 0.5 -4
v -2.4 0.5 -4.2
v -2.2 0.5 -4.2
v -1.6 0.5 -4.2
v -1.4 0.5 -4.2
v -2.6 0.5 -4.4
v -2.4 0.5 -4.4
v -2.2 0.5 -4.4
v -2 0.5 -4.4
v -1.8 0.5 -4.4
v -2 0.5 -4.6
v -1.8 0.5 -4.6
v -1.6 0.5 -4.6
v -2.6 0.5 -4.8
v -2.4 0.5 -4.8
v -1.8 0.5 -4.8
v -2.4 0.5 -5
v -2.2 0.5 -5
v -1.8 0.5 -5
v -1.4 0.5 -5
v -2.2 0.5 -5.2
v -1.8 0.5 -5.2
v -1.4 0.5 -5.2
v -1.2 0.5 -5.2
v -2.6 0.5 -5.4
v -2.4 0.5 -5.4
v -2.6 0.5 -5.8
v -2.2 0.5 -5.8
v -1.4 0.5 -5.8
v -1.2 0.5 -5.8
v -2.2 0.7 -5.2
v -1.8 0.7 -5.2
v -1.6 0.7 -5.2
v -1.4 0.7 -5.2
v -1.8 0.7 -5.4
v -1.6 0.7 -5.4
v -2.2 0.7 -5.8
v -1.4 0.7 -5.8
v 1.6 -0.7 5.8
v 1.8 -0.7 5.8
v 1.4 -0.7 5.6
v 1.6 -0.7 5.6
v 1.8 -0.7 5.6
v 2 -0.7 5.6
v 2.4 -0.7 5.6
v 1.2 -0.7 5.4
v 1.4 -0.7 5.4
v 1.6 -0.7 5.4
v 2.2 -0.7 5.4
v 2.4 -0.7 5.4
v 2.6 -0.7 5.4
v 1 -0.7 5.2
v 1.2 -0.7 5.2
v 1.8 -0.7 5.2
v 0.8 -0.7 5
v 1 -0.7 5
v 1.2 -0.7 5
v 1.8 -0.7 5
v 2 -0.7 5
v 2.4 -0.7 5
v 2.6 -0.7 5
v 0.6 -0.7 4.8
v 0.8 -0.7 4.8
v 1.4 -0.7 4.8
v 2.2 -0.7 4.8
v 2.4 -0.7 4.8
v 0.6 -0.7 4.6
v 0.8 -0.7 4.6
v 1 -0.7 4.6
v 2 -0.7 4.6
v 2.2 -0.7 4.6
v 0.4 -0.7 4.4
v 0.6 -0.7 4.4
v 0.8 -0.7 4.4
v 1.8 -0.7 4.4
v 2 -0.7 4.4
v 0.4 -0.7 4.2
v 1.2 -0.7 4.2
v 1.4 -0.7 4.2
v 1.6 -0.7 4.2
v 1.8 -0.7 4.2
v 0.2 -0.7 4
v 0.4 -0.7 4
v 0.6 -0.7 3.8
v 0.8 -0.7 3.8
v 1.4 -0.7 3.8
v 1.6 -0.7 3.8
v 0.2 -0.7 3.6
v 0.2 -0.7 3.4
v 0.6 -0.7 3.4
v 0.8 -0.7 3.4
v 1 -0.7 3.4
v 1.2 -0.7 3.4
v 1.4 -0.7 3.4
v 0.2 -0.7 3.2
v 0.4 -0.7 3.2
v 0.6 -0.7 3.2
v 1 -0.7 3.2
v 1.2 -0.7 3.2
v 1.4 -0.7 3.2
v 0.2 -0.7 3
v 0.6 -0.7 3
v 1 -0.7 3
v 1.2 -0.7 3
v 1.4 -0.7 3
v 0.2 -0.7 2.8
v 1 -0.7 2.8
v 1.2 -0.7 2.8
v 0.2 -0.7 2.6
v 0.4 -0.7 2.6
v 1 -0.7 2.6
v 1.2 -0.7 2.6
v 1.4 -0.7 2.6
v 1.6 -0.7 2.6
v 0.2 -0.7 2.4
v 0.4 -0.7 2.4
v 0.6 -0.7 2.4
v 0.8 -0.7 2.4
v 1 -0.7 2.4
v 1.2 -0.7 2.4
v 1.4 -0.7 2.4
v 1.6 -0.7 2.4
v 1.2 -0.7 2.2
v 1.4 -0.7 2.2
v 1.6 -0.7 2.2
v 1.8 -0.7 2.2
v 0.4 -0.7 2
v 0.6 -0.7 2
v 0.8 -0.7 2
v 1.2 -0.7 2
v 1.6 -0.7 2
v 1.8 -0.7 2
v 0.6 -0.7 1.8
v 1 -0.7 1.8
v 1.2 -0.7 1.8
v 1.4 -0.7 1.8
v 1.6 -0.7 1.8
v 1.8 -0.7 1.8
v 2 -0.7 1.8
v 0.6 -0.7 1.6
v 0.8 -0.7 1.6
v 1 -0.7 1.6
v 1.2 -0.7 1.6
v 1.4 -0.7 1.6
v 2 -0.7 1.6
v 2.2 -0.7 1.6
v 1.2 -0.7 1.4
v 1.8 -0.7 1.4
v 0.8 -0.7 1.2
v 1 -0.7 1.2
v 2.2 -0.7 1.2
v 2.4 -0.7 1.2
v 1 -0.7 1
v 1.2 -0.7 1
v 1.4 -0.7 1
v 1.8 -0.7 1
v 2.2 -0.7 1
v 2.4 -0.7 1
v 2.6 -0.7 1
v 1.2 -0.7 0.8
v 1.4 -0.7 0.8
v 2.2 -0.7 0.8
v 2.4 -0.7 0.8
v 2.6 -0.7 0.8
v 1.2 -0.7 0.6
v 1.4 -0.7 0.6
v 2.2 -0.7 0.6
v 2.4 -0.7 0.6
v 2.6 -0.7 0.6
v 2.8 -0.7 0.6
v 1.4 -0.7 0.4
v 1.6 -0.7 0.4
v 2 -0.7 0.4
v 1.6 -0.7 0.2
v 1.8 -0.7 0.2
v 1.6 -0.7 0
v 1.8 -0.7 0
v 2 -0.7 0
v 2.2 -0.7 0
v 2.4 -0.7 0
v 1.6 -0.7 -0.2
v 2 -0.7 -0.2
v 2.2 -0.7 -0.2
v 2.6 -0.7 -0.2
v 2.8 -0.7 -0.2
v 2 -0.7 -0.4
v 2.2 -0.7 -0.4
v 1.4 -0.7 -0.6
v 2 -0.7 -0.6
v 2.4 -0.7 -0.6
v 2.6 -0.7 -0.6
v 2.8 -0.7 -0.6
v 1.2 -0.7 -0.8
v 1.4 -0.7 -0.8
v 2.4 -0.7 -0.8
v 2.6 -0.7 -0.8
v 2.8 -0.7 -0.8
v 1 -0.7 -1
v 1.2 -0.7 -1
v 2 -0.7 -1
v 2.4 -0.7 -1
v 1 -0.7 -1.2
v 1.2 -0.7 -1.2
v 1.6 -0.7 -1.2
v 2.2 -0.7 -1.2
v 2.4 -0.7 -1.2
v 2.6 -0.7 -1.2
v 1 -0.7 -1.4
v 1.2 -0.7 -1.4
v 1.4 -0.7 -1.4
v 1.6 -0.7 -1.4
v 1.8 -0.7 -1.4
v 2 -0.7 -1.4
v 2.2 -0.7 -1.4
v 0.8 -0.7 -1.6
v 1 -0.7 -1.6
v 1.2 -0.7 -1.6
v 1.4 -0.7 -1.6
v 1.8 -0.7 -1.6
v 2 -0.7 -1.6
v 2.2 -0.7 -1.6
v 2.4 -0.7 -1.6
v 0.6 -0.7 -1.8
v 0.8 -0.7 -1.8
v 1.2 -0.7 -1.8
v 1.4 -0.7 -1.8
v 1.6 -0.7 -1.8
v 2.2 -0.7 -1.8
v 0 -0.7 -2
v 0.2 -0.7 -2
v 0.4 -0.7 -2
v 0.6 -0.7 -2
v 1 -0.7 -2
v 1.2 -0.7 -2
v 1.4 -0.7 -2
v 2 -0.7 -2
v 2.2 -0.7 -2
v -0.6 -0.7 -2.2
v -0.4 -0.7 -2.2
v -0.2 -0.7 -2.2
v 0 -0.7 -2.2
v 0.2 -0.7 -2.2
v 0.4 -0.7 -2.2
v 0.8 -0.7 -2.2
v 1 -0.7 -2.2
v 1.2 -0.7 -2.2
v 1.4 -0.7 -2.2
v 1.6 -0.7 -2.2
v 1.8 -0.7 -2.2
v 2 -0.7 -2.2
v -1 -0.7 -2.4
v -0.6 -0.7 -2.4
v 0 -0.7 -2.4
v 0.2 -0.7 -2.4
v 0.4 -0.7 -2.4
v 0.8 -0.7 -2.4
v 1.2 -0.7 -2.4
v 1.4 -0.7 -2.4
v 1.6 -0.7 -2.4
v 1.8 -0.7 -2.4
v -1.6 -0.7 -2.6
v -1.4 -0.7 -2.6
v -1.2 -0.7 -2.6
v -1 -0.7 -2.6
v 0.2 -0.7 -2.6
v 0.8 -0.7 -2.6
v 1 -0.7 -2.6
v 1.4 -0.7 -2.6
v 1.6 -0.7 -2.6
v -2 -0.7 -2.8
v -1.8 -0.7 -2.8
v -1.6 -0.7 -2.8
v -1.2 -0.7 -2.8
v 0 -0.7 -2.8
v 0.8 -0.7 -2.8
v 1.2 -0.7 -2.8
v 1.4 -0.7 -2.8
v -2.2 -0.7 -3
v -2 -0.7 -3
v -1.6 -0.7 -3
v -1.4 -0.7 -3
v -1 -0.7 -3
v -0.4 -0.7 -3
v 0.8 -0.7 -3
v 1 -0.7 -3
v 1.2 -0.7 -3
v -2.4 -0.7 -3.2
v -2.2 -0.7 -3.2
v -1.6 -0.7 -3.2
v -1.4 -0.7 -3.2
v -1.2 -0.7 -3.2
v -1 -0.7 -3.2
v -0.8 -0.7 -3.2
v -0.4 -0.7 -3.2
v -0.2 -0.7 -3.2
v 0.2 -0.7 -3.2
v 0.8 -0.7 -3.2
v -2.4 -0.7 -3.4
v -2.2 -0.7 -3.4
v -2 -0.7 -3.4
v -1 -0.7 -3.4
v -0.8 -0.7 -3.4
v -0.4 -0.7 -3.4
v -0.2 -0.7 -3.4
v 0 -0.7 -3.4
v 0.2 -0.7 -3.4
v -2.6 -0.7 -3.6
v -2.4 -0.7 -3.6
v -2.2 -0.7 -3.6
v -1.8 -0.7 -3.6
v -1.4 -0.7 -3.6
v -1 -0.7 -3.6
v -0.8 -0.7 -3.6
v -0.4 -0.7 -3.6
v -2.6 -0.7 -3.8
v -2.4 -0.7 -3.8
v -2.2 -0.7 -3.8
v -2 -0.7 -3.8
v -1.8 -0.7 -3.8
v -1.2 -0.7 -3.8
v -1 -0.7 -3.8
v -1.4 -0.7 -4
v -1.2 -0.7 -4
v -2.8 -0.7 -4.2
v -2.6 -0.7 -4.2
v -2.4 -0.7 -4.2
v -2.2 -0.7 -4.2
v -1.6 -0.7 -4.2
v -1.4 -0.7 -4.2
v -2.8 -0.7 -4.4
v -2 -0.7 -4.4
v -1.6 -0.7 -4.4
v -2 -0.7 -4.6
v -1.6 -0.7 -4.6
v -2.4 -0.7 -4.8
v -2.2 -0.7 -4.8
v -1.6 -0.7 -4.8
v -2.8 -0.7 -5
v -2.6 -0.7 -5
v -2.4 -0.7 -5
v -2.2 -0.7 -5
v -2 -0.7 -5
v -1.8 -0.7 -5
v -1.6 -0.7 -5
v -2.8 -0.7 -5.2
v -2.6 -0.7 -5.2
v -2.4 -0.7 -5.2
v -1.8 -0.7 -5.2
v -1.6 -0.7 -5.2
v -2.6 -0.7 -5.4
v -2.4 -0.7 -5.4
v -2.2 -0.7 -5.4
v -1.6 -0.7 -5.4
v -1.4 -0.7 -5.4
v -1.2 -0.7 -5.4
v -2.8 -0.7 -5.6
v -2.6 -0.7 -5.6
v -2.4 -0.7 -5.6
v -2.2 -0.7 -5.6
v -2 -0.7 -5.6
v -1.6 -0.7 -5.6
v -1.2 -0.7 -5.6
v -1 -0.7 -5.6
v -2.8 -0.7 -5.8
v -2.6 -0.7 -5.8
v -2 -0.7 -5.8
v -1.6 -0.7 -5.8
v -1.4 -0.7 -5.8
v -1.2 -0.7 -5.8
v -1 -0.7 -5.8
v 0.4 -0.5 4.8
v 0.6 -0.5 4.8
v 0.4 -0.5 4.6
v 0.6 -0.5 4.6
v 0.2 -0.5 4.4
v 0.4 -0.5 4.4
v 1.8 -0.5 4.4
v 2 -0.5 4.4
v 0.2 -0.5 4.2
v 0.4 -0.5 4.2
v 1.6 -0.5 4.2
v 1.8 -0.5 4.2
v 2 -0.5 4.2
v 0 -0.5 4
v 0.2 -0.5 4
v 1.6 -0.5 4
v 1.8 -0.5 4
v 0.2 -0.5 3.8
v 1.4 -0.5 3.8
v 1.6 -0.5 3.8
v 0 -0.5 3.6
v 0.2 -0.5 3.6
v 1.4 -0.5 3.6
v 1.6 -0.5 3.6
v 0 -0.5 3.4
v 0.2 -0.5 3.4
v 0 -0.5 3.2
v 0.2 -0.5 3.2
v 1.2 -0.5 3.2
v 1.4 -0.5 3.2
v 0 -0.5 3
v 0.2 -0.5 3
v 1.2 -0.5 3
v 1.4 -0.5 3
v 0 -0.5 2.8
v 0.2 -0.5 2.8
v 1.4 -0.5 2.8
v 1.6 -0.5 2.8
v 0.2 -0.5 2.6
v 1.4 -0.5 2.6
v 1.6 -0.5 2.6
v 0 -0.5 2.4
v 0.2 -0.5 2.4
v 1.6 -0.5 2.4
v 1.8 -0.5 2.4
v 0.2 -0.5 2.2
v 0.4 -0.5 2.2
v 1.6 -0.5 2.2
v 1.8 -0.5 2.2
v 0.2 -0.5 2
v 0.4 -0.5 2
v 1.8 -0.5 2
v 2 -0.5 2
v 0.4 -0.5 1.8
v 0.6 -0.5 1.8
v 1.8 -0.5 1.8
v 2 -0.5 1.8
v 2.2 -0.5 1.8
v 0.4 -0.5 1.6
v 0.6 -0.5 1.6
v 2 -0.5 1.6
v 2.2 -0.5 1.6
v 0.6 -0.5 1.4
v 0.8 -0.5 1.4
v 0.6 -0.5 1.2
v 0.8 -0.5 1.2
v 2.6 -0.5 1
v 2.8 -0.5 1
v 1 -0.5 0.8
v 1.2 -0.5 0.8
v 2.6 -0.5 0.8
v 2.8 -0.5 0.8
v 1 -0.5 0.6
v 1.2 -0.5 0.6
v 2.8 -0.5 0.6
v 3 -0.5 0.6
v 2.8 -0.5 0.4
v 2.8 -0.5 -0.2
v 3 -0.5 -0.2
v 2.8 -0.5 -0.4
v 2.8 -0.5 -0.6
v 3 -0.5 -0.6
v 2.8 -0.5 -0.8
v 3 -0.5 -0.8
v 2.6 -0.5 -1
v 2.8 -0.5 -1
v 1 -0.5 -1.2
v 1.2 -0.5 -1.2
v 2.6 -0.5 -1.2
v 2.8 -0.5 -1.2
v 0.8 -0.5 -1.4
v 1 -0.5 -1.4
v 1.2 -0.5 -1.4
v 2.4 -0.5 -1.4
v 2.6 -0.5 -1.4
v 0.6 -0.5 -1.6
v 0.8 -0.5 -1.6
v 1 -0.5 -1.6
v 2.4 -0.5 -1.6
v 2.6 -0.5 -1.6
v 0.2 -0.5 -1.8
v 0.4 -0.5 -1.8
v 0.6 -0.5 -1.8
v 0.8 -0.5 -1.8
v 2.2 -0.5 -1.8
v 2.4 -0.5 -1.8
v -0.4 -0.5 -2
v -0.2 -0.5 -2
v 0 -0.5 -2
v 0.2 -0.5 -2
v 0.6 -0.5 -2
v 2.2 -0.5 -2
v 2.4 -0.5 -2
v -0.8 -0.5 -2.2
v -0.6 -0.5 -2.2
v -0.4 -0.5 -2.2
v -0.2 -0.5 -2.2
v 0 -0.5 -2.2
v -1.2 -0.5 -2.4
v -1 -0.5 -2.4
v -0.8 -0.5 -2.4
v -0.6 -0.5 -2.4
v -2 -0.5 -2.6
v -1.8 -0.5 -2.6
v -1.2 -0.5 -2.6
v -1 -0.5 -2.6
v -2 -0.5 -2.8
v -1.8 -0.5 -2.8
v 1 -0.5 -3
v 1.2 -0.5 -3
v -2.6 -0.5 -3.2
v -2.4 -0.5 -3.2
v 0.4 -0.5 -3.2
v 0.8 -0.5 -3.2
v 1 -0.5 -3.2
v 1.2 -0.5 -3.2
v -2.6 -0.5 -3.4
v -2.4 -0.5 -3.4
v -0.2 -0.5 -3.4
v 0.2 -0.5 -3.4
v 0.4 -0.5 -3.4
v 0.8 -0.5 -3.4
v -2.8 -0.5 -3.6
v -2.6 -0.5 -3.6
v -0.8 -0.5 -3.6
v -0.4 -0.5 -3.6
v -0.2 -0.5 -3.6
v 0.2 -0.5 -3.6
v -2.8 -0.5 -3.8
v -2.6 -0.5 -3.8
v -0.8 -0.5 -3.8
v -0.4 -0.5 -3.8
v -2.8 -0.5 -4
v -2.6 -0.5 -4
v -3 -0.5 -4.2
v -2.8 -0.5 -4.2
v -1.6 -0.5 -4.2
v -1.4 -0.5 -4.2
v -3 -0.5 -4.4
v -2.8 -0.5 -4.4
v -1.6 -0.5 -4.4
v -1.4 -0.5 -4.4
v -3 -0.5 -5
v -2.8 -0.5 -5
v -1.8 -0.5 -5
v -1.6 -0.5 -5
v -1.8 -0.5 -5.2
v -1.6 -0.5 -5.2
v -1.4 -0.5 -5.2
v -1.6 -0.5 -5.4
v -1.4 -0.5 -5.4
v -3 -0.5 -5.6
v -2.8 -0.5 -5.6
v -3 -0.5 -6
v -2.8 -0.5 -6
v 0.8 -0.3 5.2
v 1 -0.3 5.2
v 0.6 -0.3 5
v 0.8 -0.3 5
v 1 -0.3 5
v 0.6 -0.3 4.8
v 0.8 -0.3 4.8
v 0.4 -0.3 4.6
v 0.6 -0.3 4.6
v 2 -0.3 4.6
v 2.2 -0.3 4.6
v 0.4 -0.3 4.4
v 0.6 -0.3 4.4
v 2 -0.3 4.4
v 2.2 -0.3 4.4
v 0.2 -0.3 4.2
v 0.4 -0.3 4.2
v 0.4 -0.3 4
v 1.6 -0.3 4
v 1.8 -0.3 4
v 0.2 -0.3 3.8
v 0.4 -0.3 3.8
v 1.6 -0.3 3.8
v 1.8 -0.3 3.8
v 1.4 -0.3 3.6
v 1.6 -0.3 3.6
v 1.4 -0.3 3.4
v 1.6 -0.3 3.4
v 1.4 -0.3 3.2
v 1.6 -0.3 3.2
v 1.4 -0.3 2.8
v 1.6 -0.3 2.8
v 0.2 -0.3 2.6
v 0.4 -0.3 2.6
v 1.6 -0.3 2.6
v 1.8 -0.3 2.6
v 0.2 -0.3 2.4
v 0.4 -0.3 2.4
v 1.6 -0.3 2.4
v 1.8 -0.3 2.4
v 0.2 -0.3 2.2
v 0.4 -0.3 2.2
v 1.8 -0.3 2.2
v 2 -0.3 2.2
v 0.4 -0.3 2
v 0.6 -0.3 2
v 1.8 -0.3 2
v 2 -0.3 2
v 0.4 -0.3 1.8
v 0.6 -0.3 1.8
v 0.6 -0.3 1.6
v 0.8 -0.3 1.6
v 2.2 -0.3 1.6
v 2.4 -0.3 1.6
v 0.6 -0.3 1.4
v 0.8 -0.3 1.4
v 0.8 -0.3 1.2
v 1 -0.3 1.2
v 2.2 -0.3 1.2
v 2.4 -0.3 1.2
v 0.8 -0.3 1
v 1 -0.3 1
v 1.2 -0.3 1
v 1 -0.3 0.8
v 1.2 -0.3 0.8
v 2.6 -0.3 0.6
v 2.8 -0.3 0.6
v 1.4 -0.3 0.4
v 1.6 -0.3 0.4
v 2.6 -0.3 0.4
v 2.8 -0.3 0.4
v 1.4 -0.3 0.2
v 1.4 -0.3 0
v 1.6 -0.3 0
v 2.6 -0.3 -0.4
v 2.8 -0.3 -0.4
v 2.6 -0.3 -0.8
v 2.8 -0.3 -0.8
v 2.6 -0.3 -1
v 2.8 -0.3 -1
v 0.8 -0.3 -1.2
v 1 -0.3 -1.2
v 2.4 -0.3 -1.2
v 2.6 -0.3 -1.2
v 0.6 -0.3 -1.4
v 0.8 -0.3 -1.4
v 1 -0.3 -1.4
v 2.2 -0.3 -1.4
v 2.4 -0.3 -1.4
v 2.6 -0.3 -1.4
v 0.4 -0.3 -1.6
v 0.6 -0.3 -1.6
v 0.8 -0.3 -1.6
v 2 -0.3 -1.6
v 2.2 -0.3 -1.6
v -0.2 -0.3 -1.8
v 0.2 -0.3 -1.8
v 0.4 -0.3 -1.8
v 0.6 -0.3 -1.8
v 2 -0.3 -1.8
v 2.2 -0.3 -1.8
v 2.4 -0.3 -1.8
v -0.6 -0.3 -2
v -0.4 -0.3 -2
v -0.2 -0.3 -2
v 0.2 -0.3 -2
v 1.8 -0.3 -2
v 2 -0.3 -2
v 2.2 -0.3 -2
v -1 -0.3 -2.2
v -0.8 -0.3 -2.2
v -0.6 -0.3 -2.2
v -0.4 -0.3 -2.2
v 1.6 -0.3 -2.2
v 1.8 -0.3 -2.2
v 2 -0.3 -2.2
v 2.2 -0.3 -2.2
v -1.4 -0.3 -2.4
v -1.2 -0.3 -2.4
v -1 -0.3 -2.4
v -0.8 -0.3 -2.4
v 1.4 -0.3 -2.4
v 1.6 -0.3 -2.4
v 1.8 -0.3 -2.4
v 2 -0.3 -2.4
v -1.4 -0.3 -2.6
v -1.2 -0.3 -2.6
v 1.2 -0.3 -2.6
v 1.4 -0.3 -2.6
v 1.6 -0.3 -2.6
v 1.8 -0.3 -2.6
v -2.2 -0.3 -2.8
v -2 -0.3 -2.8
v 0.8 -0.3 -2.8
v 1 -0.3 -2.8
v 1.2 -0.3 -2.8
v 1.4 -0.3 -2.8
v 1.6 -0.3 -2.8
v -2.4 -0.3 -3
v -2.2 -0.3 -3
v -2 -0.3 -3
v 0.4 -0.3 -3
v 0.8 -0.3 -3
v 1 -0.3 -3
v 1.4 -0.3 -3
v -2.4 -0.3 -3.2
v -2.2 -0.3 -3.2
v 0 -0.3 -3.2
v 0.4 -0.3 -3.2
v 1 -0.3 -3.2
v -2.6 -0.3 -3.4
v -2.4 -0.3 -3.4
v -0.4 -0.3 -3.4
v -0.2 -0.3 -3.4
v 0 -0.3 -3.4
v 0.4 -0.3 -3.4
v -2.6 -0.3 -3.6
v -2.4 -0.3 -3.6
v -0.4 -0.3 -3.6
v -0.2 -0.3 -3.6
v -1.4 -0.3 -4
v -1.2 -0.3 -4
v -1.4 -0.3 -4.2
v -1.2 -0.3 -4.2
v -2.8 -0.3 -4.4
v -2.6 -0.3 -4.4
v -1.6 -0.3 -4.4
v -1.4 -0.3 -4.4
v -1.6 -0.3 -4.6
v -1.4 -0.3 -4.6
v -2.8 -0.3 -5
v -2.6 -0.3 -5
v -1.6 -0.3 -5
v -1.4 -0.3 -5
v -1.6 -0.3 -5.2
v -1.4 -0.3 -5.2
v -2.8 -0.3 -5.6
v -2.6 -0.3 -5.6
v -2.8 -0.3 -5.8
v -2.6 -0.3 -5.8
v 1.6 -0.1 6
v 1.8 -0.1 6
v 1.6 -0.1 5.8
v 1.8 -0.1 5.8
v 2.4 -0.1 1
v 2.6 -0.1 1
v 2.4 -0.1 0.8
v 2.6 -0.1 0.8
v 2.8 -0.1 0.8
v 2.6 -0.1 0.6
v 2.8 -0.1 0.6
v 1.2 -0.1 0.4
v 1.4 -0.1 0.4
v 1.2 -0.1 0.2
v 1.4 -0.1 0.2
v 2.6 -0.1 -0.4
v 2.8 -0.1 -0.4
v 2.6 -0.1 -0.6
v 2.8 -0.1 -0.6
v 1.8 -0.1 -1.8
v 2 -0.1 -1.8
v 1.6 -0.1 -2
v 1.8 -0.1 -2
v 2 -0.1 -2
v 1.4 -0.1 -2.2
v 1.6 -0.1 -2.2
v 1.8 -0.1 -2.2
v 1.2 -0.1 -2.4
v 1.4 -0.1 -2.4
v 1.6 -0.1 -2.4
v 1 -0.1 -2.6
v 1.2 -0.1 -2.6
v 1.4 -0.1 -2.6
v 1 -0.1 -2.8
v 1.2 -0.1 -2.8
v -1.4 -0.1 -5.2
v -1.2 -0.1 -5.2
v -1.4 -0.1 -5.4
v -1.2 -0.1 -5.4
v -1 -0.1 -5.6
v -0.8 -0.1 -5.6
v -1 -0.1 -5.8
v -1 -0.1 -6
v -0.8 -0.1 -6
v 2.6 0.1 -0.6
v 2.8 0.1 -0.6
v 2.4 0.1 -0.8
v 2.6 0.1 -0.8
v 2.8 0.1 -0.8
v 2.4 0.1 -1
v 2.6 0.1 -1
v -1.2 0.1 -5.8
v -1 0.1 -5.8
v -1.2 0.1 -6
v -1 0.1 -6
v 1 0.3 5.4
v 1.2 0.3 5.4
v 1 0.3 5.2
v 1.2 0.3 5.2
v 2.6 0.3 5.2
v 2.8 0.3 5.2
v 2.6 0.3 5
v 2.8 0.3 5
v 0.6 0.3 4.8
v 0.8 0.3 4.8
v 0.6 0.3 4.6
v 0.8 0.3 4.6
v 2.2 0.3 4.6
v 2.4 0.3 4.6
v 0.4 0.3 4.4
v 0.6 0.3 4.4
v 2.2 0.3 4.4
v 2.4 0.3 4.4
v 0.4 0.3 4
v 0.6 0.3 4
v 1.8 0.3 4
v 2 0.3 4
v 0.2 0.3 3.8
v 0.4 0.3 3.8
v 1.8 0.3 3.8
v 2 0.3 3.8
v 0.2 0.3 3.6
v 0.4 0.3 3.6
v 1.6 0.3 3.6
v 1.8 0.3 3.6
v 0.2 0.3 3.4
v 0.4 0.3 3.4
v 1.6 0.3 3.4
v 1.8 0.3 3.4
v 0.2 0.3 3.2
v 0.4 0.3 3.2
v 1.6 0.3 3.2
v 1.8 0.3 3.2
v 0.4 0.3 3
v 0.2 0.3 2.8
v 0.4 0.3 2.8
v 1.6 0.3 2.8
v 1.8 0.3 2.8
v 0.2 0.3 2.6
v 0.4 0.3 2.6
v 1.8 0.3 2.6
v 2 0.3 2.6
v 0.4 0.3 2.4
v 0.6 0.3 2.4
v 1.8 0.3 2.4
v 2 0.3 2.4
v 2 0.3 2.2
v 2.2 0.3 2.2
v 0.4 0.3 2
v 0.6 0.3 2
v 2 0.3 2
v 2.2 0.3 2
v 0.6 0.3 1.8
v 0.8 0.3 1.8
v 0.6 0.3 1.6
v 0.8 0.3 1.6
v 2.4 0.3 1.6
v 2.6 0.3 1.6
v 0.8 0.3 1.4
v 1 0.3 1.4
v 0.8 0.3 1.2
v 1 0.3 1.2
v 2.4 0.3 1.2
v 2.6 0.3 1.2
v 2.4 0.3 1
v 2.6 0.3 1
v 1.2 0.3 0.8
v 1.4 0.3 0.8
v 1.4 0.3 0.6
v 1.2 0.3 0.4
v 1.4 0.3 0.4
v 0.8 0.3 -0.8
v 1 0.3 -0.8
v 0.8 0.3 -1
v 1 0.3 -1
v 2.4 0.3 -1
v 2.6 0.3 -1
v 2.4 0.3 -1.2
v 2.6 0.3 -1.2
v -0.2 0.3 -1.6
v 0 0.3 -1.6
v 0.2 0.3 -1.6
v -0.6 0.3 -1.8
v -0.4 0.3 -1.8
v -0.2 0.3 -1.8
v 0 0.3 -1.8
v 0.2 0.3 -1.8
v -1 0.3 -2
v -0.8 0.3 -2
v -0.6 0.3 -2
v -0.4 0.3 -2
v -1.4 0.3 -2.2
v -1.2 0.3 -2.2
v -1 0.3 -2.2
v -0.8 0.3 -2.2
v -1.4 0.3 -2.4
v -1.2 0.3 -2.4
v 0.6 0.3 -2.8
v 0.8 0.3 -2.8
v 0.2 0.3 -3
v 0.4 0.3 -3
v 0.6 0.3 -3
v 0.8 0.3 -3
v -2.4 0.3 -3.2
v -2.2 0.3 -3.2
v -0.2 0.3 -3.2
v 0 0.3 -3.2
v 0.2 0.3 -3.2
v 0.4 0.3 -3.2
v -2.4 0.3 -3.4
v -2.2 0.3 -3.4
v -0.6 0.3 -3.4
v -0.4 0.3 -3.4
v -0.2 0.3 -3.4
v 0 0.3 -3.4
v -2.6 0.3 -3.6
v -2.4 0.3 -3.6
v -0.6 0.3 -3.6
v -0.4 0.3 -3.6
v -2.6 0.3 -3.8
v -2.4 0.3 -3.8
v -2.8 0.3 -4
v -2.6 0.3 -4
v -1.2 0.3 -4
v -1 0.3 -4
v -2.8 0.3 -4.2
v -2.6 0.3 -4.2
v -1.2 0.3 -4.2
v -1 0.3 -4.2
v -3 0.3 -4.4
v -2.8 0.3 -4.4
v -1.4 0.3 -4.4
v -1.2 0.3 -4.4
v -1.4 0.3 -4.6
v -1.2 0.3 -4.6
v -3 0.3 -5
v -2.8 0.3 -5
v -2.8 0.3 -5.4
v -3 0.3 -5.6
v -2.8 0.3 -5.6
v -3 0.3 -5.8
v -2.8 0.3 -5.8
v 1.6 0.5 6
v 1.8 0.5 6
v 1.4 0.5 5.8
v 1.6 0.5 5.8
v 1.8 0.5 5.8
v 1.2 0.5 5.6
v 1.4 0.5 5.6
v 1.6 0.5 5.6
v 1.8 0.5 5.6
v 1.2 0.5 5.4
v 1.4 0.5 5.4
v 1.6 0.5 5.4
v 1 0.5 5.2
v 1.2 0.5 5.2
v 1.4 0.5 5.2
v 0.8 0.5 5
v 1 0.5 5
v 1.2 0.5 5
v 1.4 0.5 5
v 2.2 0.5 5
v 2.4 0.5 5
v 2.6 0.5 5
v 1 0.5 4.8
v 1.2 0.5 4.8
v 2 0.5 4.8
v 2.2 0.5 4.8
v 2.4 0.5 4.8
v 2.6 0.5 4.8
v 0.6 0.5 4.6
v 0.8 0.5 4.6
v 1 0.5 4.6
v 2 0.5 4.6
v 2.2 0.5 4.6
v 2.4 0.5 4.6
v 0.6 0.5 4.4
v 0.8 0.5 4.4
v 1 0.5 4.4
v 1.8 0.5 4.4
v 2 0.5 4.4
v 1.6 0.5 4.2
v 1.8 0.5 4.2
v 2 0.5 4.2
v 2.2 0.5 4.2
v 0.4 0.5 4
v 0.6 0.5 4
v 1.8 0.5 4
v 2 0.5 4
v 0.6 0.5 3.8
v 0.8 0.5 3.8
v 1.4 0.5 3.8
v 1.6 0.5 3.8
v 1.8 0.5 3.8
v 1.4 0.5 3.6
v 1.6 0.5 3.6
v 1.8 0.5 3.6
v 0.4 0.5 3.4
v 0.6 0.5 3.4
v 1.2 0.5 3.4
v 1.4 0.5 3.4
v 1.2 0.5 3.2
v 1.4 0.5 3.2
v 0.4 0.5 3
v 0.6 0.5 3
v 0.4 0.5 2.8
v 0.6 0.5 2.8
v 1.6 0.5 2.8
v 1.8 0.5 2.8
v 0.6 0.5 2.6
v 0.8 0.5 2.6
v 1.4 0.5 2.6
v 1.6 0.5 2.6
v 0.4 0.5 2.4
v 0.6 0.5 2.4
v 1.6 0.5 2.4
v 1.8 0.5 2.4
v 2 0.5 2.4
v 1.6 0.5 2.2
v 1.8 0.5 2.2
v 0.8 0.5 2
v 1 0.5 2
v 1.8 0.5 2
v 2 0.5 2
v 2.2 0.5 2
v 0.6 0.5 1.8
v 0.8 0.5 1.8
v 1.8 0.5 1.8
v 2 0.5 1.8
v 2.2 0.5 1.8
v 2.4 0.5 1.8
v 1 0.5 1.6
v 1.2 0.5 1.6
v 2 0.5 1.6
v 2.2 0.5 1.6
v 0.8 0.5 1.4
v 1 0.5 1.4
v 1 0.5 1.2
v 1.2 0.5 1.2
v 1.4 0.5 1.2
v 1 0.5 1
v 1.2 0.5 1
v 1.4 0.5 1
v 1.6 0.5 1
v 2.2 0.5 1
v 2.4 0.5 1
v 2.6 0.5 1
v 1.2 0.5 0.8
v 1.4 0.5 0.8
v 1.6 0.5 0.8
v 2.2 0.5 0.8
v 2.4 0.5 0.8
v 1.4 0.5 0.6
v 1.6 0.5 0.6
v 2.4 0.5 0.6
v 2.6 0.5 0.6
v 1 0.5 -0.8
v 1.2 0.5 -0.8
v 0.8 0.5 -1
v 1 0.5 -1
v 1.2 0.5 -1
v 0.6 0.5 -1.2
v 0.8 0.5 -1.2
v 1 0.5 -1.2
v 1.2 0.5 -1.2
v 2 0.5 -1.2
v 2.2 0.5 -1.2
v 2.4 0.5 -1.2
v 0.4 0.5 -1.4
v 0.6 0.5 -1.4
v 0.8 0.5 -1.4
v 1 0.5 -1.4
v 1.8 0.5 -1.4
v 2 0.5 -1.4
v 2.2 0.5 -1.4
v 2.4 0.5 -1.4
v 0.2 0.5 -1.6
v 0.4 0.5 -1.6
v 0.6 0.5 -1.6
v 0.8 0.5 -1.6
v 1.6 0.5 -1.6
v 1.8 0.5 -1.6
v 2 0.5 -1.6
v 2.2 0.5 -1.6
v -0.4 0.5 -1.8
v -0.2 0.5 -1.8
v 0.2 0.5 -1.8
v 0.4 0.5 -1.8
v 0.6 0.5 -1.8
v 1.4 0.5 -1.8
v 1.6 0.5 -1.8
v 1.8 0.5 -1.8
v 2 0.5 -1.8
v -0.8 0.5 -2
v -0.4 0.5 -2
v -0.2 0.5 -2
v 0.2 0.5 -2
v 0.4 0.5 -2
v 1.2 0.5 -2
v 1.4 0.5 -2
v 1.6 0.5 -2
v 1.8 0.5 -2
v -1.2 0.5 -2.2
v -0.8 0.5 -2.2
v -0.6 0.5 -2.2
v -0.2 0.5 -2.2
v 1 0.5 -2.2
v 1.2 0.5 -2.2
v 1.4 0.5 -2.2
v 1.6 0.5 -2.2
v -1.6 0.5 -2.4
v -1.4 0.5 -2.4
v -1.2 0.5 -2.4
v -1 0.5 -2.4
v -0.8 0.5 -2.4
v -0.6 0.5 -2.4
v 0.8 0.5 -2.4
v 1 0.5 -2.4
v 1.2 0.5 -2.4
v 1.4 0.5 -2.4
v -1.8 0.5 -2.6
v -1.6 0.5 -2.6
v -1.4 0.5 -2.6
v -1.2 0.5 -2.6
v -1 0.5 -2.6
v 0.4 0.5 -2.6
v 0.8 0.5 -2.6
v 1 0.5 -2.6
v 1.2 0.5 -2.6
v -2 0.5 -2.8
v -1.8 0.5 -2.8
v -1.6 0.5 -2.8
v -1.4 0.5 -2.8
v 0 0.5 -2.8
v 0.2 0.5 -2.8
v 0.4 0.5 -2.8
v 0.6 0.5 -2.8
v 1 0.5 -2.8
v -2.2 0.5 -3
v -2 0.5 -3
v -1.8 0.5 -3
v -1.6 0.5 -3
v -0.4 0.5 -3
v 0 0.5 -3
v 0.2 0.5 -3
v 0.6 0.5 -3
v -2.2 0.5 -3.2
v -2 0.5 -3.2
v -1.8 0.5 -3.2
v -0.8 0.5 -3.2
v -0.6 0.5 -3.2
v -0.4 0.5 -3.2
v -0.2 0.5 -3.2
v 0.2 0.5 -3.2
v -2.4 0.5 -3.4
v -2.2 0.5 -3.4
v -2 0.5 -3.4
v -1 0.5 -3.4
v -0.8 0.5 -3.4
v -0.6 0.5 -3.4
v -0.2 0.5 -3.4
v -2.2 0.5 -3.6
v -2 0.5 -3.6
v -1.2 0.5 -3.6
v -1 0.5 -3.6
v -0.8 0.5 -3.6
v -0.6 0.5 -3.6
v -2.6 0.5 -3.8
v -2.4 0.5 -3.8
v -1.4 0.5 -3.8
v -1.2 0.5 -3.8
v -1 0.5 -3.8
v -0.8 0.5 -3.8
v -2.6 0.5 -4
v -2.4 0.5 -4
v -2.2 0.5 -4
v -1.4 0.5 -4
v -1.2 0.5 -4
v -1 0.5 -4
v -2.8 0.5 -4.2
v -2.6 0.5 -4.2
v -2.4 0.5 -4.2
v -1.6 0.5 -4.2
v -1.4 0.5 -4.2
v -2.6 0.5 -4.4
v -2.4 0.5 -4.4
v -1.4 0.5 -4.4
v -1.2 0.5 -4.4
v -1.8 0.5 -4.6
v -1.6 0.5 -4.6
v -2.6 0.5 -4.8
v -1.8 0.5 -4.8
v -1.6 0.5 -4.8
v -1.8 0.5 -5
v -1.4 0.5 -5
v -1.2 0.5 -5.2
v -1 0.5 -5.2
v -2.8 0.5 -5.4
v -2.6 0.5 -5.4
v -2.6 0.5 -5.8
v -2.4 0.5 -5.8
v -1.2 0.5 -5.8
v -1 0.5 -5.8
v -2.8 0.5 -6
v -2.6 0.5 -6
v -2.4 0.5 -6
v 1.8 0.7 5.8
v 2 0.7 5.8
v 1.6 0.7 5.6
v 1.8 0.7 5.6
v 2 0.7 5.6
v 2.2 0.7 5.6
v 1.4 0.7 5.4
v 1.6 0.7 5.4
v 1.8 0.7 5.4
v 2 0.7 5.4
v 2.2 0.7 5.4
v 1.4 0.7 5.2
v 1.6 0.7 5.2
v 2.2 0.7 5.2
v 2.4 0.7 5.2
v 1.2 0.7 5
v 1.4 0.7 5
v 2.2 0.7 5
v 2.4 0.7 5
v 1 0.7 4.8
v 1.2 0.7 4.8
v 1.4 0.7 4.8
v 1.6 0.7 4.8
v 2 0.7 4.8
v 2.2 0.7 4.8
v 1 0.7 4.6
v 1.2 0.7 4.6
v 1.4 0.7 4.6
v 1.6 0.7 4.6
v 1.8 0.7 4.6
v 0.8 0.7 4.4
v 1 0.7 4.4
v 1.4 0.7 4.4
v 1.6 0.7 4.4
v 1.8 0.7 4.4
v 2 0.7 4.4
v 1.4 0.7 4.2
v 1.6 0.7 4.2
v 1.8 0.7 4.2
v 0.6 0.7 3.8
v 0.8 0.7 3.8
v 1.4 0.7 3.8
v 1.6 0.7 3.8
v 1 0.7 3.6
v 1.2 0.7 3.6
v 1.4 0.7 3.6
v 0.6 0.7 3.4
v 0.8 0.7 3.4
v 1 0.7 3.4
v 1.2 0.7 3.4
v 1.4 0.7 3.4
v 1.2 0.7 3.2
v 1.4 0.7 3.2
v 0.6 0.7 3
v 0.8 0.7 3
v 0.6 0.7 2.8
v 0.8 0.7 2.8
v 0.6 0.7 2.6
v 0.8 0.7 2.6
v 1 0.7 2.6
v 1.2 0.7 2.6
v 1.4 0.7 2.6
v 1.6 0.7 2.6
v 1 0.7 2.2
v 1.2 0.7 2.2
v 1.6 0.7 2.2
v 1.8 0.7 2.2
v 0.8 0.7 2
v 1 0.7 2
v 1.4 0.7 2
v 1.6 0.7 2
v 1.8 0.7 1.8
v 2 0.7 1.8
v 1 0.7 1.6
v 1.2 0.7 1.6
v 1.4 0.7 1.6
v 1.6 0.7 1.6
v 1.8 0.7 1.6
v 2 0.7 1.6
v 2.2 0.7 1.6
v 1.6 0.7 1.4
v 1.8 0.7 1.4
v 1.2 0.7 1.2
v 1.4 0.7 1.2
v 1.6 0.7 1.2
v 2 0.7 1.2
v 1.4 0.7 1
v 1.6 0.7 1
v 1.8 0.7 1
v 1.6 0.7 0.8
v 1.8 0.7 0.8
v 2 0.7 0.8
v 2.2 0.7 0.8
v 2.4 0.7 0.8
v 1.6 0.7 0.6
v 2 0.7 0.6
v 2.2 0.7 0.6
v 2.4 0.7 0.6
v 1.2 0.7 -1
v 1.4 0.7 -1
v 1 0.7 -1.2
v 1.2 0.7 -1.2
v 1.4 0.7 -1.2
v 1.6 0.7 -1.2
v 0.8 0.7 -1.4
v 1 0.7 -1.4
v 1.2 0.7 -1.4
v 1.4 0.7 -1.4
v 1.6 0.7 -1.4
v 1.8 0.7 -1.4
v 0.6 0.7 -1.6
v 0.8 0.7 -1.6
v 1 0.7 -1.6
v 1.2 0.7 -1.6
v 1.6 0.7 -1.6
v 1.8 0.7 -1.6
v 0.4 0.7 -1.8
v 0.6 0.7 -1.8
v 0.8 0.7 -1.8
v 1 0.7 -1.8
v 1.4 0.7 -1.8
v 1.6 0.7 -1.8
v -0.2 0.7 -2
v 0.4 0.7 -2
v 0.6 0.7 -2
v 0.8 0.7 -2
v 1.2 0.7 -2
v 1.4 0.7 -2
v -0.6 0.7 -2.2
v -0.2 0.7 -2.2
v 0.4 0.7 -2.2
v 0.6 0.7 -2.2
v 0.8 0.7 -2.2
v 1 0.7 -2.2
v 1.2 0.7 -2.2
v -1 0.7 -2.4
v -0.6 0.7 -2.4
v 0.2 0.7 -2.4
v 0.4 0.7 -2.4
v 0.6 0.7 -2.4
v 0.8 0.7 -2.4
v 1 0.7 -2.4
v -1.4 0.7 -2.6
v -1 0.7 -2.6
v -0.6 0.7 -2.6
v 0.2 0.7 -2.6
v 0.4 0.7 -2.6
v 0.8 0.7 -2.6
v -1.6 0.7 -2.8
v -1.4 0.7 -2.8
v -1.2 0.7 -2.8
v -1 0.7 -2.8
v -0.8 0.7 -2.8
v -0.6 0.7 -2.8
v 0 0.7 -2.8
v 0.4 0.7 -2.8
v -1.8 0.7 -3
v -1.6 0.7 -3
v -1.2 0.7 -3
v -1 0.7 -3
v -0.4 0.7 -3
v 0 0.7 -3
v -2 0.7 -3.2
v -1.8 0.7 -3.2
v -1.6 0.7 -3.2
v -1 0.7 -3.2
v -0.8 0.7 -3.2
v -0.4 0.7 -3.2
v -2 0.7 -3.4
v -1.6 0.7 -3.4
v -1 0.7 -3.4
v -0.8 0.7 -3.4
v -2.2 0.7 -3.6
v -2 0.7 -3.6
v -1.6 0.7 -3.6
v -1.4 0.7 -3.6
v -1.2 0.7 -3.6
v -1 0.7 -3.6
v -1.8 0.7 -3.8
v -1.6 0.7 -3.8
v -1.4 0.7 -3.8
v -1.2 0.7 -3.8
v -2.4 0.7 -4
v -2.2 0.7 -4
v -1.8 0.7 -4
v -1.6 0.7 -4
v -2.4 0.7 -4.2
v -2.2 0.7 -4.2
v -1.6 0.7 -4.2
v -1.4 0.7 -4.2
v -2.6 0.7 -4.4
v -2.4 0.7 -4.4
v -2.2 0.7 -4.4
v -2 0.7 -4.4
v -1.8 0.7 -4.4
v -2 0.7 -4.6
v -1.8 0.7 -4.6
v -1.6 0.7 -4.6
v -2.6 0.7 -4.8
v -2.4 0.7 -4.8
v -2.4 0.7 -5
v -2.2 0.7 -5
v -1.8 0.7 -5
v -1.4 0.7 -5
v -1.2 0.7 -5
v -2.2 0.7 -5.2
v -1.8 0.7 -5.2
v -1.6 0.7 -5.2
v -1.4 0.7 -5.2
v -2.6 0.7 -5.4
v -2.4 0.7 -5.4
v -2.6 0.7 -5.8
v -2.4 0.7 -5.8
v -2.2 0.7 -5.8
v -1.4 0.7 -5.8
v -1.2 0.7 -5.8
v -2.4 0.7 -6
v -1.2 0.7 -6
v -2.2 0.9 -5.2
v -1.8 0.9 -5.2
v -1.6 0.9 -5.2
v -1.4 0.9 -5.2
v -1.8 0.9 -5.4
v -1.6 0.9 -5.4
v -2.2 0.9 -5.8
v -1.4 0.9 -5.8

# faces
f 7/1/1 2/1/1 1/1/1
f 8/2/1 3/2/1 2/2/1
f 8/1/1 2/1/1 7/1/1
f 9/1/1 4/1/1 3/1/1
f 9/2/1 3/2/1 8/2/1
f 10/1/1 4/1/1 9/1/1
f 11/2/1 5/2/1 4/2/1
f 11/1/1 4/1/1 10/1/1
f 12/2/1 8/2/1 7/2/1
f 13/1/1 10/1/1 9/1/1
f 13/2/1 8/2/1 12/2/1
f 13/1/1 9/1/1 8/1/1
f 14/1/1 10/1/1 13/1/1
f 15/2/1 5/2/1 11/2/1
f 15/2/1 11/2/1 10/2/1
f 16/1/1 6/1/1 5/1/1
f 16/2/1 5/2/1 15/2/1
f 17/1/1 6/1/1 16/1/1
f 19/1/1 10/1/1 14/1/1
f 20/1/1 16/1/1 15/1/1
f 22/1/1 19/1/1 18/1/1
f 22/1/1 10/1/1 19/1/1
f 23/2/1 15/2/1 10/2/1
f 23/1/1 10/1/1 22/1/1
f 24/1/1 21/1/1 20/1/1
f 24/2/1 15/2/1 23/2/1
f 24/1/1 20/1/1 15/1/1
f 25/2/1 23/2/1 22/2/1
f 25/1/1 24/1/1 23/1/1
f 26/1/1 21/1/1 24/1/1
f 26/1/1 24/1/1 25/1/1
f 27/1/1 22/1/1 18/1/1
f 28/2/1 25/2/1 22/2/1
f 28/1/1 22/1/1 27/1/1
f 28/2/1 26/2/1 25/2/1
f 29/1/1 21/1/1 26/1/1
f 29/2/1 26/2/1 28/2/1
f 30/1/1 21/1/1 29/1/1
f 34/1/1 33/1/1 32/1/1
f 35/2/1 32/2/1 31/2/1
f 36/1/1 34/1/1 32/1/1
f 36/2/1 32/2/1 35/2/1
f 37/1/1 34/1/1 36/1/1
f 38/1/1 34/1/1 37/1/1
f 43/1/1 40/1/1 39/1/1
f 43/2/1 39/2/1 38/2/1
f 44/1/1 40/1/1 43/1/1
f 45/1/1 42/1/1 41/1/1
f 46/1/1 42/1/1 45/1/1
f 47/1/1 38/1/1 37/1/1
f 48/2/1 43/2/1 38/2/1
f 48/1/1 38/1/1 47/1/1
f 49/2/1 43/2/1 48/2/1
f 50/2/1 48/2/1 47/2/1
f 51/1/1 49/1/1 48/1/1
f 51/2/1 48/2/1 50/2/1
f 52/1/1 49/1/1 51/1/1
f 56/1/1 42/1/1 46/1/1
f 57/1/1 42/1/1 56/1/1
f 58/1/1 52/1/1 51/1/1
f 58/1/1 53/1/1 52/1/1
f 58/1/1 54/1/1 53/1/1
f 59/2/1 55/2/1 54/2/1
f 59/1/1 54/1/1 58/1/1
f 59/2/1 57/2/1 56/2/1
f 59/2/1 56/2/1 55/2/1
f 60/2/1 57/2/1 59/2/1
f 64/2/1 62/2/1 61/2/1
f 65/1/1 63/1/1 62/1/1
f 65/2/1 62/2/1 64/2/1
f 66/1/1 63/1/1 65/1/1
f 69/1/1 66/1/1 65/1/1
f 70/2/1 67/2/1 66/2/1
f 70/1/1 66/1/1 69/1/1
f 71/1/1 68/1/1 67/1/1
f 72/2/1 67/2/1 70/2/1
f 72/1/1 71/1/1 67/1/1
f 73/1/1 71/1/1 72/1/1
f 74/2/1 72/2/1 70/2/1
f 74/2/1 73/2/1 72/2/1
f 75/2/1 73/2/1 74/2/1
f 76/2/1 73/2/1 75/2/1
f 78/2/1 76/2/1 75/2/1
f 79/1/1 77/1/1 76/1/1
f 79/2/1 76/2/1 78/2/1
f 80/1/1 77/1/1 79/1/1
f 85/1/1 82/1/1 81/1/1
f 86/2/1 83/2/1 82/2/1
f 86/1/1 82/1/1 85/1/1
f 87/1/1 84/1/1 83/1/1
f 87/2/1 83/2/1 86/2/1
f 88/1/1 84/1/1 87/1/1
f 91/1/1 90/1/1 89/1/1
f 92/1/1 90/1/1 91/1/1
f 93/2/1 92/2/1 91/2/1
f 95/2/1 93/2/1 91/2/1
f 96/1/1 94/1/1 93/1/1
f 96/2/1 93/2/1 95/2/1
f 97/1/1 94/1/1 96/1/1
f 99/1/1 98/1/1 97/1/1
f 99/1/1 97/1/1 96/1/1
f 100/1/1 98/1/1 99/1/1
f 101/1/1 98/1/1 100/1/1
f 103/2/1 102/2/1 101/2/1
f 103/2/1 101/2/1 100/2/1
f 104/2/1 102/2/1 103/2/1
f 110/2/1 106/2/1 105/2/1
f 111/1/1 107/1/1 106/1/1
f 111/2/1 106/2/1 110/2/1
f 112/1/1 107/1/1 111/1/1
f 113/1/1 109/1/1 108/1/1
f 114/1/1 109/1/1 113/1/1
f 117/1/1 116/1/1 115/1/1
f 118/1/1 117/1/1 115/1/1
f 119/1/1 117/1/1 118/1/1
f 121/2/1 120/2/1 119/2/1
f 123/2/1 121/2/1 119/2/1
f 124/1/1 122/1/1 121/1/1
f 124/2/1 121/2/1 123/2/1
f 125/1/1 122/1/1 124/1/1
f 128/2/1 127/2/1 126/2/1
f 129/2/1 127/2/1 128/2/1
f 132/2/1 131/2/1 130/2/1
f 133/2/1 131/2/1 132/2/1
f 136/1/1 135/1/1 134/1/1
f 137/1/1 135/1/1 136/1/1
f 140/1/1 139/1/1 138/1/1
f 141/1/1 139/1/1 140/1/1
f 142/2/1 141/2/1 140/2/1
f 143/2/1 141/2/1 142/2/1
f 147/1/1 145/1/1 144/1/1
f 148/2/1 146/2/1 145/2/1
f 148/1/1 145/1/1 147/1/1
f 149/2/1 146/2/1 148/2/1
f 154/1/1 151/1/1 150/1/1
f 155/1/1 151/1/1 154/1/1
f 156/2/1 153/2/1 152/2/1
f 157/2/1 153/2/1 156/2/1
f 161/1/1 157/1/1 156/1/1
f 162/1/1 157/1/1 161/1/1
f 165/1/1 159/1/1 158/1/1
f 166/2/1 160/2/1 159/2/1
f 166/1/1 159/1/1 165/1/1
f 167/2/1 160/2/1 166/2/1
f 168/2/1 164/2/1 163/2/1
f 169/2/1 164/2/1 168/2/1
f 172/2/1 171/2/1 170/2/1
f 173/2/1 171/2/1 172/2/1
f 181/2/1 175/2/1 174/2/1
f 181/2/1 176/2/1 175/2/1
f 181/2/1 177/2/1 176/2/1
f 182/2/1 177/2/1 181/2/1
f 183/2/1 177/2/1 182/2/1
f 184/1/1 178/1/1 177/1/1
f 185/1/1 180/1/1 179/1/1
f 186/1/1 180/1/1 185/1/1
f 187/1/1 183/1/1 182/1/1
f 188/2/1 177/2/1 183/2/1
f 188/1/1 183/1/1 187/1/1
f 189/1/1 184/1/1 177/1/1
f 189/2/1 177/2/1 188/2/1
f 189/1/1 185/1/1 184/1/1
f 190/1/1 185/1/1 189/1/1
f 191/1/1 185/1/1 190/1/1
f 192/1/1 173/1/1 172/1/1
f 193/1/1 173/1/1 192/1/1
f 194/2/1 193/2/1 192/2/1
f 195/2/1 190/2/1 189/2/1
f 195/2/1 189/2/1 188/2/1
f 196/2/1 190/2/1 195/2/1
f 198/1/1 196/1/1 195/1/1
f 199/2/1 190/2/1 196/2/1
f 199/1/1 196/1/1 198/1/1
f 200/2/1 190/2/1 199/2/1
f 201/2/1 194/2/1 192/2/1
f 202/2/1 194/2/1 201/2/1
f 205/2/1 198/2/1 197/2/1
f 206/2/1 198/2/1 205/2/1
f 207/2/1 204/2/1 203/2/1
f 208/2/1 204/2/1 207/2/1
f 211/2/1 210/2/1 209/2/1
f 217/2/1 211/2/1 209/2/1
f 217/2/1 212/2/1 211/2/1
f 218/2/1 212/2/1 217/2/1
f 219/2/1 212/2/1 218/2/1
f 222/1/1 214/1/1 213/1/1
f 223/2/1 216/2/1 215/2/1
f 224/2/1 216/2/1 223/2/1
f 225/2/1 220/2/1 219/2/1
f 225/2/1 219/2/1 218/2/1
f 226/2/1 220/2/1 225/2/1
f 227/1/1 222/1/1 221/1/1
f 228/1/1 214/1/1 222/1/1
f 228/1/1 222/1/1 227/1/1
f 229/1/1 214/1/1 228/1/1
f 230/1/1 224/1/1 223/1/1
f 231/1/1 224/1/1 230/1/1
f 232/1/1 226/1/1 225/1/1
f 233/2/1 220/2/1 226/2/1
f 233/1/1 226/1/1 232/1/1
f 234/2/1 220/2/1 233/2/1
f 235/2/1 231/2/1 230/2/1
f 236/2/1 231/2/1 235/2/1
f 239/2/1 233/2/1 232/2/1
f 239/2/1 234/2/1 233/2/1
f 240/2/1 234/2/1 239/2/1
f 243/1/1 238/1/1 237/1/1
f 244/2/1 239/2/1 238/2/1
f 244/1/1 238/1/1 243/1/1
f 245/2/1 239/2/1 244/2/1
f 246/2/1 228/2/1 227/2/1
f 247/2/1 228/2/1 246/2/1
f 249/2/1 242/2/1 241/2/1
f 250/2/1 242/2/1 249/2/1
f 251/2/1 248/2/1 247/2/1
f 252/2/1 248/2/1 251/2/1
f 259/1/1 254/1/1 253/1/1
f 260/1/1 254/1/1 259/1/1
f 261/1/1 258/1/1 257/1/1
f 262/1/1 258/1/1 261/1/1
f 263/2/1 260/2/1 259/2/1
f 265/2/1 264/2/1 263/2/1
f 267/2/1 256/2/1 255/2/1
f 268/2/1 256/2/1 267/2/1
f 270/2/1 265/2/1 263/2/1
f 271/1/1 269/1/1 268/1/1
f 271/2/1 268/2/1 267/2/1
f 272/1/1 269/1/1 271/1/1
f 276/2/1 263/2/1 259/2/1
f 276/2/1 270/2/1 263/2/1
f 277/2/1 270/2/1 276/2/1
f 278/2/1 270/2/1 277/2/1
f 279/1/1 267/1/1 266/1/1
f 280/2/1 271/2/1 267/2/1
f 280/1/1 267/1/1 279/1/1
f 280/2/1 272/2/1 271/2/1
f 281/2/1 272/2/1 280/2/1
f 282/2/1 274/2/1 273/2/1
f 283/2/1 274/2/1 282/2/1
f 284/1/1 276/1/1 275/1/1
f 285/1/1 276/1/1 284/1/1
f 286/2/1 281/2/1 280/2/1
f 286/2/1 280/2/1 279/2/1
f 287/2/1 281/2/1 286/2/1
f 290/1/1 289/1/1 288/1/1
f 295/1/1 290/1/1 288/1/1
f 296/1/1 290/1/1 295/1/1
f 297/1/1 292/1/1 291/1/1
f 300/1/1 299/1/1 298/1/1
f 301/1/1 299/1/1 300/1/1
f 302/2/1 294/2/1 293/2/1
f 303/2/1 294/2/1 302/2/1
f 304/2/1 301/2/1 300/2/1
f 305/2/1 304/2/1 300/2/1
f 306/2/1 304/2/1 305/2/1
f 308/1/1 297/1/1 291/1/1
f 309/1/1 297/1/1 308/1/1
f 312/1/1 308/1/1 307/1/1
f 313/1/1 308/1/1 312/1/1
f 314/2/1 311/2/1 310/2/1
f 315/2/1 311/2/1 314/2/1
f 320/1/1 317/1/1 316/1/1
f 321/1/1 317/1/1 320/1/1
f 325/1/1 319/1/1 318/1/1
f 326/1/1 319/1/1 325/1/1
f 327/2/1 323/2/1 322/2/1
f 328/2/1 323/2/1 327/2/1
f 329/1/1 325/1/1 324/1/1
f 330/1/1 325/1/1 329/1/1
f 333/1/1 332/1/1 331/1/1
f 334/1/1 332/1/1 333/1/1
f 337/2/1 336/2/1 335/2/1
f 338/2/1 336/2/1 337/2/1
f 341/2/1 340/2/1 339/2/1
f 342/2/1 340/2/1 341/2/1
f 347/1/1 344/1/1 343/1/1
f 348/1/1 344/1/1 347/1/1
f 349/2/1 346/2/1 345/2/1
f 350/2/1 346/2/1 349/2/1
f 353/1/1 352/1/1 351/1/1
f 357/1/1 353/1/1 351/1/1
f 358/1/1 353/1/1 357/1/1
f 359/2/1 355/2/1 354/2/1
f 360/2/1 355/2/1 359/2/1
f 361/2/1 357/2/1 356/2/1
f 362/2/1 357/2/1 361/2/1
f 367/1/1 364/1/1 363/1/1
f 368/1/1 364/1/1 367/1/1
f 369/1/1 366/1/1 365/1/1
f 370/1/1 366/1/1 369/1/1
f 371/2/1 370/2/1 369/2/1
f 372/2/1 370/2/1 371/2/1
f 375/2/1 374/2/1 373/2/1
f 376/2/1 374/2/1 375/2/1
f 383/2/1 379/2/1 378/2/1
f 384/1/1 380/1/1 379/1/1
f 384/2/1 379/2/1 383/2/1
f 385/1/1 380/1/1 384/1/1
f 386/1/1 380/1/1 385/1/1
f 387/1/1 380/1/1 386/1/1
f 388/2/1 382/2/1 381/2/1
f 389/2/1 382/2/1 388/2/1
f 390/1/1 378/1/1 377/1/1
f 391/2/1 383/2/1 378/2/1
f 391/1/1 378/1/1 390/1/1
f 392/1/1 384/1/1 383/1/1
f 392/2/1 383/2/1 391/2/1
f 393/2/1 385/2/1 384/2/1
f 393/1/1 384/1/1 392/1/1
f 394/1/1 386/1/1 385/1/1
f 394/2/1 385/2/1 393/2/1
f 395/2/1 387/2/1 386/2/1
f 395/1/1 386/1/1 394/1/1
f 396/2/1 387/2/1 395/2/1
f 397/1/1 389/1/1 388/1/1
f 398/1/1 389/1/1 397/1/1
f 401/1/1 400/1/1 399/1/1
f 403/1/1 401/1/1 399/1/1
f 404/1/1 401/1/1 403/1/1
f 405/1/1 403/1/1 402/1/1
f 406/1/1 403/1/1 405/1/1
f 413/2/1 408/2/1 407/2/1
f 414/1/1 409/1/1 408/1/1
f 414/2/1 408/2/1 413/2/1
f 415/1/1 409/1/1 414/1/1
f 416/2/1 411/2/1 410/2/1
f 417/1/1 412/1/1 411/1/1
f 417/2/1 411/2/1 416/2/1
f 418/1/1 412/1/1 417/1/1
f 421/1/1 414/1/1 413/1/1
f 422/2/1 415/2/1 414/2/1
f 422/1/1 414/1/1 421/1/1
f 423/2/1 415/2/1 422/2/1
f 431/2/1 417/2/1 416/2/1
f 431/2/1 418/2/1 417/2/1
f 432/2/1 418/2/1 431/2/1
f 433/2/1 418/2/1 432/2/1
f 436/1/1 420/1/1 419/1/1
f 437/1/1 420/1/1 436/1/1
f 438/2/1 423/2/1 422/2/1
f 438/2/1 424/2/1 423/2/1
f 439/1/1 425/1/1 424/1/1
f 439/2/1 424/2/1 438/2/1
f 440/1/1 429/1/1 428/1/1
f 440/2/1 428/2/1 427/2/1
f 441/2/1 430/2/1 429/2/1
f 441/1/1 429/1/1 440/1/1
f 442/1/1 431/1/1 430/1/1
f 442/2/1 430/2/1 441/2/1
f 443/2/1 432/2/1 431/2/1
f 443/1/1 431/1/1 442/1/1
f 444/2/1 432/2/1 443/2/1
f 445/2/1 435/2/1 434/2/1
f 446/2/1 435/2/1 445/2/1
f 447/2/1 442/2/1 441/2/1
f 447/2/1 441/2/1 440/2/1
f 448/2/1 442/2/1 447/2/1
f 449/1/1 425/1/1 439/1/1
f 450/2/1 426/2/1 425/2/1
f 450/1/1 425/1/1 449/1/1
f 451/1/1 427/1/1 426/1/1
f 451/2/1 426/2/1 450/2/1
f 452/2/1 440/2/1 427/2/1
f 452/1/1 427/1/1 451/1/1
f 452/2/1 447/2/1 440/2/1
f 453/1/1 448/1/1 447/1/1
f 453/2/1 447/2/1 452/2/1
f 454/1/1 448/1/1 453/1/1
f 457/2/1 456/2/1 455/2/1
f 458/2/1 456/2/1 457/2/1
f 465/1/1 461/1/1 460/1/1
f 466/1/1 463/1/1 462/1/1
f 467/2/1 460/2/1 459/2/1
f 468/1/1 465/1/1 460/1/1
f 468/2/1 460/2/1 467/2/1
f 469/1/1 465/1/1 468/1/1
f 472/1/1 463/1/1 466/1/1
f 473/2/1 464/2/1 463/2/1
f 473/1/1 463/1/1 472/1/1
f 474/2/1 464/2/1 473/2/1
f 479/1/1 470/1/1 469/1/1
f 479/1/1 469/1/1 468/1/1
f 480/1/1 470/1/1 479/1/1
f 481/1/1 470/1/1 480/1/1
f 486/2/1 472/2/1 471/2/1
f 486/2/1 473/2/1 472/2/1
f 487/2/1 473/2/1 486/2/1
f 488/2/1 473/2/1 487/2/1
f 489/2/1 476/2/1 475/2/1
f 491/1/1 478/1/1 477/1/1
f 492/1/1 478/1/1 491/1/1
f 493/1/1 485/1/1 484/1/1
f 493/1/1 486/1/1 485/1/1
f 494/2/1 487/2/1 486/2/1
f 494/1/1 486/1/1 493/1/1
f 495/2/1 487/2/1 494/2/1
f 496/2/1 489/2/1 475/2/1
f 497/2/1 489/2/1 496/2/1
f 498/1/1 491/1/1 490/1/1
f 499/1/1 481/1/1 480/1/1
f 499/1/1 482/1/1 481/1/1
f 500/2/1 483/2/1 482/2/1
f 500/1/1 482/1/1 499/1/1
f 501/2/1 483/2/1 500/2/1
f 507/1/1 495/1/1 494/1/1
f 507/1/1 494/1/1 493/1/1
f 508/1/1 495/1/1 507/1/1
f 509/1/1 495/1/1 508/1/1
f 510/1/1 497/1/1 496/1/1
f 511/1/1 497/1/1 510/1/1
f 513/1/1 498/1/1 490/1/1
f 514/1/1 498/1/1 513/1/1
f 515/2/1 501/2/1 500/2/1
f 515/2/1 502/2/1 501/2/1
f 515/2/1 503/2/1 502/2/1
f 516/1/1 505/1/1 504/1/1
f 516/2/1 503/2/1 515/2/1
f 516/1/1 504/1/1 503/1/1
f 517/2/1 506/2/1 505/2/1
f 517/1/1 505/1/1 516/1/1
f 518/1/1 508/1/1 507/1/1
f 518/2/1 506/2/1 517/2/1
f 518/1/1 507/1/1 506/1/1
f 519/1/1 508/1/1 518/1/1
f 520/2/1 511/2/1 510/2/1
f 521/2/1 511/2/1 520/2/1
f 524/2/1 513/2/1 512/2/1
f 525/2/1 513/2/1 524/2/1
f 526/2/1 523/2/1 522/2/1
f 527/2/1 523/2/1 526/2/1
f 534/1/1 533/1/1 532/1/1
f 535/1/1 529/1/1 528/1/1
f 538/1/1 531/1/1 530/1/1
f 539/1/1 531/1/1 538/1/1
f 540/1/1 531/1/1 539/1/1
f 543/1/1 534/1/1 532/1/1
f 544/1/1 534/1/1 543/1/1
f 545/1/1 535/1/1 528/1/1
f 546/2/1 536/2/1 535/2/1
f 546/1/1 535/1/1 545/1/1
f 547/2/1 536/2/1 546/2/1
f 549/2/1 538/2/1 537/2/1
f 550/1/1 539/1/1 538/1/1
f 550/2/1 538/2/1 549/2/1
f 551/1/1 539/1/1 550/1/1
f 552/2/1 547/2/1 546/2/1
f 554/1/1 549/1/1 548/1/1
f 554/1/1 550/1/1 549/1/1
f 555/2/1 542/2/1 541/2/1
f 556/2/1 555/2/1 541/2/1
f 557/2/1 555/2/1 556/2/1
f 558/2/1 552/2/1 546/2/1
f 559/1/1 553/1/1 552/1/1
f 559/2/1 552/2/1 558/2/1
f 560/1/1 553/1/1 559/1/1
f 563/1/1 550/1/1 554/1/1
f 564/1/1 550/1/1 563/1/1
f 565/1/1 550/1/1 564/1/1
f 566/1/1 557/1/1 556/1/1
f 567/1/1 557/1/1 566/1/1
f 568/2/1 560/2/1 559/2/1
f 569/1/1 561/1/1 560/1/1
f 569/2/1 560/2/1 568/2/1
f 570/1/1 561/1/1 569/1/1
f 576/1/1 563/1/1 562/1/1
f 576/1/1 564/1/1 563/1/1
f 577/1/1 564/1/1 576/1/1
f 578/2/1 567/2/1 566/2/1
f 579/2/1 567/2/1 578/2/1
f 582/2/1 572/2/1 571/2/1
f 583/1/1 573/1/1 572/1/1
f 583/2/1 572/2/1 582/2/1
f 584/2/1 574/2/1 573/2/1
f 584/1/1 573/1/1 583/1/1
f 585/1/1 575/1/1 574/1/1
f 585/2/1 574/2/1 584/2/1
f 586/1/1 575/1/1 585/1/1
f 587/2/1 581/2/1 580/2/1
f 588/2/1 581/2/1 587/2/1
f 598/1/1 592/1/1 591/1/1
f 601/2/1 594/2/1 593/2/1
f 602/2/1 594/2/1 601/2/1
f 604/1/1 596/1/1 595/1/1
f 605/1/1 596/1/1 604/1/1
f 606/1/1 590/1/1 589/1/1
f 607/1/1 590/1/1 606/1/1
f 610/1/1 598/1/1 597/1/1
f 611/1/1 592/1/1 598/1/1
f 611/1/1 598/1/1 610/1/1
f 612/1/1 592/1/1 611/1/1
f 614/1/1 600/1/1 599/1/1
f 616/1/1 604/1/1 603/1/1
f 617/1/1 604/1/1 616/1/1
f 618/1/1 608/1/1 607/1/1
f 619/1/1 608/1/1 618/1/1
f 620/2/1 614/2/1 613/2/1
f 620/1/1 600/1/1 614/1/1
f 621/1/1 600/1/1 620/1/1
f 622/2/1 621/2/1 620/2/1
f 623/1/1 616/1/1 615/1/1
f 624/2/1 619/2/1 618/2/1
f 627/1/1 610/1/1 609/1/1
f 627/1/1 611/1/1 610/1/1
f 628/1/1 611/1/1 627/1/1
f 629/1/1 611/1/1 628/1/1
f 630/2/1 622/2/1 620/2/1
f 630/2/1 620/2/1 613/2/1
f 631/2/1 622/2/1 630/2/1
f 632/2/1 622/2/1 631/2/1
f 634/1/1 623/1/1 615/1/1
f 635/1/1 623/1/1 634/1/1
f 636/2/1 625/2/1 624/2/1
f 636/2/1 624/2/1 618/2/1
f 637/2/1 625/2/1 636/2/1
f 642/1/1 628/1/1 627/1/1
f 642/1/1 627/1/1 626/1/1
f 643/1/1 628/1/1 642/1/1
f 644/2/1 632/2/1 631/2/1
f 645/2/1 632/2/1 644/2/1
f 648/2/1 634/2/1 633/2/1
f 649/2/1 634/2/1 648/2/1
f 650/2/1 639/2/1 638/2/1
f 651/2/1 639/2/1 650/2/1
f 652/2/1 641/2/1 640/2/1
f 653/2/1 641/2/1 652/2/1
f 654/2/1 647/2/1 646/2/1
f 655/2/1 647/2/1 654/2/1
f 663/2/1 662/2/1 661/2/1
f 664/2/1 662/2/1 663/2/1
f 665/2/1 662/2/1 664/2/1
f 666/1/1 657/1/1 656/1/1
f 667/1/1 657/1/1 666/1/1
f 668/1/1 659/1/1 658/1/1
f 668/2/1 660/2/1 659/2/1
f 669/2/1 660/2/1 668/2/1
f 670/1/1 665/1/1 664/1/1
f 671/1/1 665/1/1 670/1/1
f 672/2/1 667/2/1 666/2/1
f 675/1/1 668/1/1 658/1/1
f 676/1/1 668/1/1 675/1/1
f 677/1/1 673/1/1 672/1/1
f 677/2/1 672/2/1 666/2/1
f 678/1/1 673/1/1 677/1/1
f 681/2/1 678/2/1 677/2/1
f 681/2/1 677/2/1 666/2/1
f 682/2/1 678/2/1 681/2/1
f 683/1/1 682/1/1 681/1/1
f 684/2/1 678/2/1 682/2/1
f 684/1/1 682/1/1 683/1/1
f 686/1/1 675/1/1 674/1/1
f 687/1/1 675/1/1 686/1/1
f 691/2/1 680/2/1 679/2/1
f 692/2/1 680/2/1 691/2/1
f 693/2/1 678/2/1 684/2/1
f 694/2/1 678/2/1 693/2/1
f 700/1/1 686/1/1 685/1/1
f 701/2/1 687/2/1 686/2/1
f 701/1/1 686/1/1 700/1/1
f 702/2/1 687/2/1 701/2/1
f 703/2/1 689/2/1 688/2/1
f 704/2/1 689/2/1 703/2/1
f 707/2/1 691/2/1 690/2/1
f 708/2/1 691/2/1 707/2/1
f 709/1/1 696/1/1 695/1/1
f 710/2/1 697/2/1 696/2/1
f 710/1/1 696/1/1 709/1/1
f 711/2/1 697/2/1 710/2/1
f 712/2/1 699/2/1 698/2/1
f 713/2/1 699/2/1 712/2/1
f 714/2/1 706/2/1 705/2/1
f 715/2/1 706/2/1 714/2/1
f 722/1/1 717/1/1 716/1/1
f 723/1/1 717/1/1 722/1/1
f 726/1/1 721/1/1 720/1/1
f 727/1/1 721/1/1 726/1/1
f 730/2/1 723/2/1 722/2/1
f 731/1/1 725/1/1 724/1/1
f 732/1/1 725/1/1 731/1/1
f 734/2/1 719/2/1 718/2/1
f 736/1/1 729/1/1 728/1/1
f 737/1/1 729/1/1 736/1/1
f 739/1/1 734/1/1 733/1/1
f 740/2/1 719/2/1 734/2/1
f 740/1/1 734/1/1 739/1/1
f 741/2/1 719/2/1 740/2/1
f 744/1/1 736/1/1 735/1/1
f 745/1/1 736/1/1 744/1/1
f 746/2/1 730/2/1 722/2/1
f 747/2/1 730/2/1 746/2/1
f 748/1/1 742/1/1 741/1/1
f 748/2/1 740/2/1 739/2/1
f 748/2/1 741/2/1 740/2/1
f 749/1/1 742/1/1 748/1/1
f 751/2/1 744/2/1 743/2/1
f 752/2/1 744/2/1 751/2/1
f 753/1/1 747/1/1 746/1/1
f 754/1/1 753/1/1 746/1/1
f 755/1/1 753/1/1 754/1/1
f 759/1/1 739/1/1 738/1/1
f 760/2/1 748/2/1 739/2/1
f 760/1/1 739/1/1 759/1/1
f 761/2/1 748/2/1 760/2/1
f 763/2/1 751/2/1 750/2/1
f 764/2/1 751/2/1 763/2/1
f 765/2/1 755/2/1 754/2/1
f 766/1/1 756/1/1 755/1/1
f 766/2/1 755/2/1 765/2/1
f 767/1/1 756/1/1 766/1/1
f 770/2/1 758/2/1 757/2/1
f 771/2/1 758/2/1 770/2/1
f 774/1/1 760/1/1 759/1/1
f 775/1/1 760/1/1 774/1/1
f 778/1/1 763/1/1 762/1/1
f 779/1/1 763/1/1 778/1/1
f 780/2/1 769/2/1 768/2/1
f 781/2/1 769/2/1 780/2/1
f 782/2/1 773/2/1 772/2/1
f 783/2/1 773/2/1 782/2/1
f 784/2/1 777/2/1 776/2/1
f 785/2/1 777/2/1 784/2/1
f 792/1/1 787/1/1 786/1/1
f 793/1/1 787/1/1 792/1/1
f 799/1/1 791/1/1 790/1/1
f 800/1/1 791/1/1 799/1/1
f 803/1/1 795/1/1 794/1/1
f 804/1/1 795/1/1 803/1/1
f 805/2/1 796/2/1 795/2/1
f 805/1/1 795/1/1 804/1/1
f 806/2/1 796/2/1 805/2/1
f 807/1/1 798/1/1 797/1/1
f 808/1/1 798/1/1 807/1/1
f 809/1/1 798/1/1 808/1/1
f 810/2/1 789/2/1 788/2/1
f 811/2/1 789/2/1 810/2/1
f 813/1/1 802/1/1 801/1/1
f 814/1/1 802/1/1 813/1/1
f 815/2/1 806/2/1 805/2/1
f 815/2/1 805/2/1 804/2/1
f 816/2/1 806/2/1 815/2/1
f 817/1/1 807/1/1 806/1/1
f 817/2/1 806/2/1 816/2/1
f 817/1/1 808/1/1 807/1/1
f 818/1/1 808/1/1 817/1/1
f 819/1/1 811/1/1 810/1/1
f 820/1/1 811/1/1 819/1/1
f 821/1/1 811/1/1 820/1/1
f 823/2/1 813/2/1 812/2/1
f 824/2/1 813/2/1 823/2/1
f 825/2/1 793/2/1 792/2/1
f 826/2/1 817/2/1 816/2/1
f 827/2/1 817/2/1 826/2/1
f 829/2/1 823/2/1 822/2/1
f 830/2/1 823/2/1 829/2/1
f 831/2/1 825/2/1 792/2/1
f 832/2/1 825/2/1 831/2/1
f 833/1/1 832/1/1 831/1/1
f 835/1/1 827/1/1 826/1/1
f 836/1/1 827/1/1 835/1/1
f 841/1/1 829/1/1 828/1/1
f 842/1/1 829/1/1 841/1/1
f 843/1/1 833/1/1 831/1/1
f 844/1/1 833/1/1 843/1/1
f 848/2/1 835/2/1 834/2/1
f 849/2/1 835/2/1 848/2/1
f 850/2/1 835/2/1 849/2/1
f 851/2/1 837/2/1 836/2/1
f 852/2/1 837/2/1 851/2/1
f 855/1/1 839/1/1 838/1/1
f 856/1/1 839/1/1 855/1/1
f 857/1/1 841/1/1 840/1/1
f 858/1/1 841/1/1 857/1/1
f 859/2/1 846/2/1 845/2/1
f 860/1/1 847/1/1 846/1/1
f 860/2/1 846/2/1 859/2/1
f 861/1/1 847/1/1 860/1/1
f 862/1/1 854/1/1 853/1/1
f 863/1/1 854/1/1 862/1/1
f 871/2/1 865/2/1 864/2/1
f 872/2/1 865/2/1 871/2/1
f 877/1/1 867/1/1 866/1/1
f 878/1/1 867/1/1 877/1/1
f 879/1/1 867/1/1 878/1/1
f 882/1/1 870/1/1 869/1/1
f 882/1/1 869/1/1 868/1/1
f 883/1/1 870/1/1 882/1/1
f 884/1/1 870/1/1 883/1/1
f 886/2/1 874/2/1 873/2/1
f 887/2/1 874/2/1 886/2/1
f 888/1/1 880/1/1 879/1/1
f 888/1/1 879/1/1 878/1/1
f 889/1/1 880/1/1 888/1/1
f 890/1/1 880/1/1 889/1/1
f 893/1/1 883/1/1 882/1/1
f 893/1/1 882/1/1 881/1/1
f 894/1/1 883/1/1 893/1/1
f 895/1/1 883/1/1 894/1/1
f 897/1/1 886/1/1 885/1/1
f 898/1/1 886/1/1 897/1/1
f 899/2/1 876/2/1 875/2/1
f 900/2/1 876/2/1 899/2/1
f 901/2/1 891/2/1 890/2/1
f 901/2/1 890/2/1 889/2/1
f 902/2/1 891/2/1 901/2/1
f 903/2/1 891/2/1 902/2/1
f 904/2/1 893/2/1 892/2/1
f 904/2/1 894/2/1 893/2/1
f 905/2/1 894/2/1 904/2/1
f 906/2/1 894/2/1 905/2/1
f 908/2/1 897/2/1 896/2/1
f 909/2/1 897/2/1 908/2/1
f 910/1/1 902/1/1 901/1/1
f 911/2/1 903/2/1 902/2/1
f 911/1/1 902/1/1 910/1/1
f 912/1/1 906/1/1 905/1/1
f 912/2/1 905/2/1 904/2/1
f 913/1/1 906/1/1 912/1/1
f 914/1/1 908/1/1 907/1/1
f 915/1/1 908/1/1 914/1/1
f 919/2/1 911/2/1 910/2/1
f 920/2/1 903/2/1 911/2/1
f 920/2/1 911/2/1 919/2/1
f 921/2/1 913/2/1 912/2/1
f 921/2/1 912/2/1 904/2/1
f 922/2/1 913/2/1 921/2/1
f 926/2/1 915/2/1 914/2/1
f 927/2/1 915/2/1 926/2/1
f 928/2/1 917/2/1 916/2/1
f 929/2/1 917/2/1 928/2/1
f 932/1/1 919/1/1 918/1/1
f 933/1/1 919/1/1 932/1/1
f 934/2/1 923/2/1 922/2/1
f 935/1/1 924/1/1 923/1/1
f 935/2/1 923/2/1 934/2/1
f 936/1/1 924/1/1 935/1/1
f 940/1/1 926/1/1 925/1/1
f 941/1/1 926/1/1 940/1/1
f 942/1/1 931/1/1 930/1/1
f 943/1/1 931/1/1 942/1/1
f 944/1/1 938/1/1 937/1/1
f 945/2/1 939/2/1 938/2/1
f 945/1/1 938/1/1 944/1/1
f 946/2/1 939/2/1 945/2/1
f 954/1/1 948/1/1 947/1/1
f 955/1/1 948/1/1 954/1/1
f 958/1/1 950/1/1 949/1/1
f 958/1/1 951/1/1 950/1/1
f 959/1/1 951/1/1 958/1/1
f 960/1/1 951/1/1 959/1/1
f 962/1/1 953/1/1 952/1/1
f 963/1/1 953/1/1 962/1/1
f 964/1/1 956/1/1 955/1/1
f 965/1/1 956/1/1 964/1/1
f 968/2/1 958/2/1 957/2/1
f 968/2/1 959/2/1 958/2/1
f 969/2/1 959/2/1 968/2/1
f 970/2/1 959/2/1 969/2/1
f 972/1/1 962/1/1 961/1/1
f 973/1/1 962/1/1 972/1/1
f 974/2/1 966/2/1 965/2/1
f 974/2/1 965/2/1 964/2/1
f 975/1/1 968/1/1 967/1/1
f 975/1/1 969/1/1 968/1/1
f 976/1/1 969/1/1 975/1/1
f 977/2/1 972/2/1 971/2/1
f 978/2/1 972/2/1 977/2/1
f 979/2/1 974/2/1 964/2/1
f 980/2/1 974/2/1 979/2/1
f 981/2/1 974/2/1 980/2/1
f 982/2/1 976/2/1 975/2/1
f 983/2/1 976/2/1 982/2/1
f 984/2/1 976/2/1 983/2/1
f 985/2/1 977/2/1 971/2/1
f 987/1/1 980/1/1 979/1/1
f 988/2/1 981/2/1 980/2/1
f 988/1/1 980/1/1 987/1/1
f 989/2/1 981/2/1 988/2/1
f 990/2/1 983/2/1 982/2/1
f 991/1/1 984/1/1 983/1/1
f 991/2/1 983/2/1 990/2/1
f 992/1/1 984/1/1 991/1/1
f 996/2/1 985/2/1 971/2/1
f 997/2/1 985/2/1 996/2/1
f 1000/1/1 987/1/1 986/1/1
f 1001/1/1 987/1/1 1000/1/1
f 1002/2/1 993/2/1 992/2/1
f 1003/1/1 994/1/1 993/1/1
f 1003/2/1 993/2/1 1002/2/1
f 1004/1/1 994/1/1 1003/1/1
f 1005/2/1 996/2/1 995/2/1
f 1006/2/1 996/2/1 1005/2/1
f 1007/2/1 999/2/1 998/2/1
f 1008/2/1 999/2/1 1007/2/1
f 1016/1/1 1010/1/1 1009/1/1
f 1017/2/1 1011/2/1 1010/2/1
f 1017/1/1 1010/1/1 1016/1/1
f 1018/2/1 1011/2/1 1017/2/1
f 1021/1/1 1013/1/1 1012/1/1
f 1024/1/1 1015/1/1 1014/1/1
f 1025/1/1 1015/1/1 1024/1/1
f 1028/1/1 1020/1/1 1019/1/1
f 1029/1/1 1020/1/1 1028/1/1
f 1030/1/1 1022/1/1 1021/1/1
f 1030/1/1 1021/1/1 1012/1/1
f 1031/1/1 1022/1/1 1030/1/1
f 1032/1/1 1022/1/1 1031/1/1
f 1034/1/1 1024/1/1 1023/1/1
f 1035/1/1 1024/1/1 1034/1/1
f 1037/1/1 1027/1/1 1026/1/1
f 1038/2/1 1028/2/1 1027/2/1
f 1038/1/1 1027/1/1 1037/1/1
f 1039/2/1 1028/2/1 1038/2/1
f 1040/2/1 1035/2/1 1034/2/1
f 1040/2/1 1034/2/1 1033/2/1
f 1041/2/1 1035/2/1 1040/2/1
f 1042/2/1 1032/2/1 1031/2/1
f 1043/1/1 1041/1/1 1040/1/1
f 1044/1/1 1041/1/1 1043/1/1
f 1045/2/1 1037/2/1 1036/2/1
f 1046/2/1 1037/2/1 1045/2/1
f 1049/2/1 1042/2/1 1031/2/1
f 1050/2/1 1042/2/1 1049/2/1
f 1051/2/1 1044/2/1 1043/2/1
f 1052/2/1 1044/2/1 1051/2/1
f 1053/2/1 1044/2/1 1052/2/1
f 1056/1/1 1046/1/1 1045/1/1
f 1057/1/1 1046/1/1 1056/1/1
f 1058/1/1 1048/1/1 1047/1/1
f 1059/2/1 1049/2/1 1048/2/1
f 1059/1/1 1048/1/1 1058/1/1
f 1060/2/1 1049/2/1 1059/2/1
f 1061/2/1 1054/2/1 1053/2/1
f 1062/2/1 1054/2/1 1061/2/1
f 1063/1/1 1056/1/1 1055/1/1
f 1064/1/1 1056/1/1 1063/1/1
f 1072/2/1 1066/2/1 1065/2/1
f 1073/2/1 1066/2/1 1072/2/1
f 1075/1/1 1068/1/1 1067/1/1
f 1077/2/1 1070/2/1 1069/2/1
f 1078/1/1 1071/1/1 1070/1/1
f 1078/2/1 1070/2/1 1077/2/1
f 1079/1/1 1071/1/1 1078/1/1
f 1080/1/1 1073/1/1 1072/1/1
f 1082/2/1 1075/2/1 1074/2/1
f 1083/1/1 1068/1/1 1075/1/1
f 1083/2/1 1075/2/1 1082/2/1
f 1084/1/1 1068/1/1 1083/1/1
f 1086/2/1 1077/2/1 1076/2/1
f 1087/2/1 1077/2/1 1086/2/1
f 1088/1/1 1081/1/1 1080/1/1
f 1088/1/1 1080/1/1 1072/1/1
f 1089/1/1 1081/1/1 1088/1/1
f 1090/2/1 1083/2/1 1082/2/1
f 1091/1/1 1088/1/1 1072/1/1
f 1092/2/1 1089/2/1 1088/2/1
f 1092/1/1 1088/1/1 1091/1/1
f 1093/2/1 1083/2/1 1090/2/1
f 1094/2/1 1086/2/1 1085/2/1
f 1096/2/1 1092/2/1 1091/2/1
f 1097/2/1 1089/2/1 1092/2/1
f 1097/2/1 1092/2/1 1096/2/1
f 1098/2/1 1089/2/1 1097/2/1
f 1099/2/1 1083/2/1 1093/2/1
f 1100/2/1 1083/2/1 1099/2/1
f 1103/2/1 1094/2/1 1085/2/1
f 1104/2/1 1094/2/1 1103/2/1
f 1105/1/1 1096/1/1 1095/1/1
f 1106/1/1 1096/1/1 1105/1/1
f 1107/2/1 1101/2/1 1100/2/1
f 1108/1/1 1102/1/1 1101/1/1
f 1108/2/1 1101/2/1 1107/2/1
f 1109/1/1 1102/1/1 1108/1/1
f 1116/2/1 1111/2/1 1110/2/1
f 1117/2/1 1113/2/1 1112/2/1
f 1118/2/1 1113/2/1 1117/2/1
f 1121/2/1 1115/2/1 1114/2/1
f 1122/2/1 1115/2/1 1121/2/1
f 1123/2/1 1115/2/1 1122/2/1
f 1124/2/1 1116/2/1 1110/2/1
f 1125/2/1 1116/2/1 1124/2/1
f 1127/1/1 1118/1/1 1117/1/1
f 1128/2/1 1119/2/1 1118/2/1
f 1128/1/1 1118/1/1 1127/1/1
f 1129/2/1 1119/2/1 1128/2/1
f 1131/2/1 1121/2/1 1120/2/1
f 1131/2/1 1122/2/1 1121/2/1
f 1132/2/1 1122/2/1 1131/2/1
f 1133/2/1 1122/2/1 1132/2/1
f 1134/1/1 1127/1/1 1126/1/1
f 1134/1/1 1129/1/1 1128/1/1
f 1134/1/1 1128/1/1 1127/1/1
f 1135/1/1 1129/1/1 1134/1/1
f 1136/1/1 1132/1/1 1131/1/1
f 1136/1/1 1131/1/1 1130/1/1
f 1137/1/1 1132/1/1 1136/1/1
f 1138/1/1 1125/1/1 1124/1/1
f 1139/1/1 1125/1/1 1138/1/1
f 1140/1/1 1134/1/1 1126/1/1
f 1141/1/1 1134/1/1 1140/1/1
f 1142/1/1 1134/1/1 1141/1/1
f 1144/2/1 1137/2/1 1136/2/1
f 1145/1/1 1132/1/1 1137/1/1
f 1145/2/1 1137/2/1 1144/2/1
f 1146/1/1 1132/1/1 1145/1/1
f 1147/2/1 1139/2/1 1138/2/1
f 1148/2/1 1139/2/1 1147/2/1
f 1149/2/1 1141/2/1 1140/2/1
f 1150/1/1 1143/1/1 1142/1/1
f 1150/2/1 1141/2/1 1149/2/1
f 1150/1/1 1142/1/1 1141/1/1
f 1151/1/1 1143/1/1 1150/1/1
f 1152/1/1 1143/1/1 1151/1/1
f 1154/2/1 1146/2/1 1145/2/1
f 1155/2/1 1146/2/1 1154/2/1
f 1156/2/1 1153/2/1 1152/2/1
f 1157/2/1 1153/2/1 1156/2/1
f 1165/2/1 1159/2/1 1158/2/1
f 1166/1/1 1160/1/1 1159/1/1
f 1166/2/1 1159/2/1 1165/2/1
f 1167/1/1 1160/1/1 1166/1/1
f 1170/2/1 1162/2/1 1161/2/1
f 1171/2/1 1162/2/1 1170/2/1
f 1172/2/1 1162/2/1 1171/2/1
f 1173/2/1 1164/2/1 1163/2/1
f 1174/2/1 1167/2/1 1166/2/1
f 1175/1/1 1168/1/1 1167/1/1
f 1175/2/1 1167/2/1 1174/2/1
f 1176/2/1 1169/2/1 1168/2/1
f 1176/1/1 1168/1/1 1175/1/1
f 1177/1/1 1170/1/1 1169/1/1
f 1177/2/1 1169/2/1 1176/2/1
f 1178/1/1 1170/1/1 1177/1/1
f 1179/2/1 1171/2/1 1170/2/1
f 1179/1/1 1170/1/1 1178/1/1
f 1180/2/1 1171/2/1 1179/2/1
f 1181/2/1 1173/2/1 1163/2/1
f 1182/2/1 1173/2/1 1181/2/1
f 1183/2/1 1175/2/1 1174/2/1
f 1184/2/1 1175/2/1 1183/2/1
f 1185/2/1 1178/2/1 1177/2/1
f 1186/1/1 1179/1/1 1178/1/1
f 1186/2/1 1178/2/1 1185/2/1
f 1187/1/1 1179/1/1 1186/1/1
f 1188/1/1 1182/1/1 1181/1/1
f 1189/2/1 1187/2/1 1186/2/1
f 1190/2/1 1187/2/1 1189/2/1
f 1191/1/1 1188/1/1 1181/1/1
f 1192/1/1 1188/1/1 1191/1/1
f 1197/2/1 1194/2/1 1193/2/1
f 1198/2/1 1194/2/1 1197/2/1
f 1199/1/1 1195/1/1 1194/1/1
f 1199/2/1 1194/2/1 1198/2/1
f 1200/1/1 1195/1/1 1199/1/1
f 1201/2/1 1196/2/1 1195/2/1
f 1201/1/1 1195/1/1 1200/1/1
f 1202/2/1 1196/2/1 1201/2/1
f 1203/2/2 1204/2/2 1209/2/2
f 1204/1/2 1205/1/2 1210/1/2
f 1209/2/2 1204/2/2 1210/2/2
f 1205/1/2 1206/1/2 1210/1/2
f 1210/1/2 1206/1/2 1211/1/2
f 1206/2/2 1207/2/2 1212/2/2
f 1207/1/2 1208/1/2 1213/1/2
f 1212/2/2 1207/2/2 1213/2/2
f 1213/1/2 1208/1/2 1214/1/2
f 1211/1/2 1206/1/2 1216/1/2
f 1212/1/2 1213/1/2 1217/1/2
f 1215/1/2 1216/1/2 1219/1/2
f 1216/1/2 1206/1/2 1220/1/2
f 1219/1/2 1216/1/2 1220/1/2
f 1206/2/2 1212/2/2 1221/2/2
f 1220/1/2 1206/1/2 1221/1/2
f 1217/1/2 1218/1/2 1222/1/2
f 1221/2/2 1212/2/2 1222/2/2
f 1212/1/2 1217/1/2 1222/1/2
f 1220/2/2 1221/2/2 1223/2/2
f 1221/1/2 1222/1/2 1223/1/2
f 1222/1/2 1218/1/2 1224/1/2
f 1223/1/2 1222/1/2 1224/1/2
f 1219/1/2 1220/1/2 1225/1/2
f 1220/2/2 1223/2/2 1226/2/2
f 1225/1/2 1220/1/2 1226/1/2
f 1223/2/2 1224/2/2 1226/2/2
f 1226/2/2 1224/2/2 1227/2/2
f 1224/1/2 1218/1/2 1228/1/2
f 1227/2/2 1224/2/2 1228/2/2
f 1228/1/2 1218/1/2 1229/1/2
f 1230/2/2 1231/2/2 1233/2/2
f 1231/1/2 1232/1/2 1234/1/2
f 1233/2/2 1231/2/2 1234/2/2
f 1234/1/2 1232/1/2 1235/1/2
f 1235/1/2 1232/1/2 1236/1/2
f 1237/1/2 1238/1/2 1241/1/2
f 1236/2/2 1237/2/2 1241/2/2
f 1241/1/2 1238/1/2 1242/1/2
f 1239/1/2 1240/1/2 1243/1/2
f 1243/1/2 1240/1/2 1244/1/2
f 1235/1/2 1236/1/2 1245/1/2
f 1236/2/2 1241/2/2 1246/2/2
f 1245/1/2 1236/1/2 1246/1/2
f 1246/2/2 1241/2/2 1247/2/2
f 1245/2/2 1246/2/2 1248/2/2
f 1248/2/2 1246/2/2 1249/2/2
f 1246/1/2 1247/1/2 1250/1/2
f 1249/2/2 1246/2/2 1250/2/2
f 1250/1/2 1247/1/2 1251/1/2
f 1251/1/2 1252/1/2 1254/1/2
f 1254/1/2 1252/1/2 1255/1/2
f 1252/2/2 1253/2/2 1256/2/2
f 1255/1/2 1252/1/2 1256/1/2
f 1256/2/2 1253/2/2 1257/2/2
f 1258/2/2 1259/2/2 1261/2/2
f 1259/1/2 1260/1/2 1262/1/2
f 1261/2/2 1259/2/2 1262/2/2
f 1262/1/2 1260/1/2 1263/1/2
f 1262/1/2 1263/1/2 1266/1/2
f 1263/2/2 1264/2/2 1267/2/2
f 1266/1/2 1263/1/2 1267/1/2
f 1264/1/2 1265/1/2 1268/1/2
f 1267/2/2 1264/2/2 1268/2/2
f 1268/1/2 1265/1/2 1269/1/2
f 1267/2/2 1268/2/2 1270/2/2
f 1268/2/2 1269/2/2 1270/2/2
f 1270/2/2 1269/2/2 1271/2/2
f 1271/1/2 1272/1/2 1273/1/2
f 1273/1/2 1272/1/2 1274/1/2
f 1274/1/2 1272/1/2 1275/1/2
f 1276/2/2 1277/2/2 1278/2/2
f 1276/2/2 1278/2/2 1280/2/2
f 1278/1/2 1279/1/2 1281/1/2
f 1280/2/2 1278/2/2 1281/2/2
f 1281/1/2 1279/1/2 1282/1/2
f 1282/1/2 1283/1/2 1284/1/2
f 1281/1/2 1282/1/2 1284/1/2
f 1284/1/2 1283/1/2 1285/1/2
f 1285/2/2 1286/2/2 1287/2/2
f 1287/2/2 1286/2/2 1288/2/2
f 1289/1/2 1290/1/2 1291/1/2
f 1291/1/2 1290/1/2 1292/1/2
f 1293/1/2 1294/1/2 1295/1/2
f 1295/1/2 1294/1/2 1296/1/2
f 1297/2/2 1298/2/2 1299/2/2
f 1299/2/2 1298/2/2 1300/2/2
f 1300/2/2 1298/2/2 1301/2/2
f 1301/1/2 1302/1/2 1303/1/2
f 1303/1/2 1302/1/2 1304/1/2
f 1304/1/2 1302/1/2 1305/1/2
f 1306/1/2 1307/1/2 1308/1/2
f 1308/1/2 1307/1/2 1309/1/2
f 1308/2/2 1309/2/2 1310/2/2
f 1310/2/2 1309/2/2 1311/2/2
f 1311/1/2 1312/1/2 1313/1/2
f 1313/1/2 1312/1/2 1314/1/2
f 1316/2/2 1317/2/2 1318/2/2
f 1315/2/2 1316/2/2 1318/2/2
f 1318/2/2 1317/2/2 1319/2/2
f 1320/1/2 1321/1/2 1325/1/2
f 1321/2/2 1322/2/2 1325/2/2
f 1325/2/2 1322/2/2 1326/2/2
f 1320/1/2 1325/1/2 1327/1/2
f 1327/1/2 1325/1/2 1328/1/2
f 1323/2/2 1324/2/2 1329/2/2
f 1329/2/2 1324/2/2 1330/2/2
f 1330/2/2 1324/2/2 1331/2/2
f 1330/1/2 1331/1/2 1332/1/2
f 1332/1/2 1331/1/2 1333/1/2
f 1333/2/2 1334/2/2 1335/2/2
f 1335/2/2 1334/2/2 1336/2/2
f 1337/2/2 1338/2/2 1339/2/2
f 1339/2/2 1338/2/2 1340/2/2
f 1341/2/2 1342/2/2 1344/2/2
f 1342/1/2 1343/1/2 1344/1/2
f 1344/1/2 1343/1/2 1345/1/2
f 1341/2/2 1344/2/2 1346/2/2
f 1344/2/2 1345/2/2 1346/2/2
f 1346/2/2 1345/2/2 1347/2/2
f 1347/2/2 1345/2/2 1348/2/2
f 1345/1/2 1343/1/2 1349/1/2
f 1347/1/2 1348/1/2 1353/1/2
f 1348/2/2 1345/2/2 1354/2/2
f 1353/1/2 1348/1/2 1354/1/2
f 1349/1/2 1350/1/2 1355/1/2
f 1354/2/2 1345/2/2 1355/2/2
f 1345/1/2 1349/1/2 1355/1/2
f 1355/1/2 1350/1/2 1356/1/2
f 1356/1/2 1350/1/2 1357/1/2
f 1351/1/2 1352/1/2 1358/1/2
f 1358/1/2 1352/1/2 1359/1/2
f 1355/2/2 1356/2/2 1360/2/2
f 1354/2/2 1355/2/2 1360/2/2
f 1358/2/2 1359/2/2 1361/2/2
f 1354/2/2 1360/2/2 1362/2/2
f 1362/2/2 1360/2/2 1363/2/2
f 1361/2/2 1359/2/2 1364/2/2
f 1364/2/2 1359/2/2 1365/2/2
f 1362/1/2 1363/1/2 1368/1/2
f 1363/2/2 1360/2/2 1369/2/2
f 1368/1/2 1363/1/2 1369/1/2
f 1365/2/2 1366/2/2 1370/2/2
f 1370/2/2 1366/2/2 1371/2/2
f 1367/2/2 1368/2/2 1375/2/2
f 1368/2/2 1369/2/2 1375/2/2
f 1369/2/2 1360/2/2 1376/2/2
f 1375/2/2 1369/2/2 1376/2/2
f 1373/2/2 1374/2/2 1377/2/2
f 1372/2/2 1373/2/2 1377/2/2
f 1377/2/2 1374/2/2 1378/2/2
f 1379/2/2 1380/2/2 1381/2/2
f 1381/2/2 1380/2/2 1382/2/2
f 1383/2/2 1384/2/2 1385/2/2
f 1385/2/2 1384/2/2 1390/2/2
f 1390/2/2 1384/2/2 1391/2/2
f 1388/1/2 1389/1/2 1393/1/2
f 1393/1/2 1389/1/2 1394/1/2
f 1391/2/2 1392/2/2 1395/2/2
f 1390/2/2 1391/2/2 1395/2/2
f 1395/2/2 1392/2/2 1396/2/2
f 1396/2/2 1392/2/2 1397/2/2
f 1386/1/2 1387/1/2 1400/1/2
f 1397/2/2 1398/2/2 1401/2/2
f 1396/2/2 1397/2/2 1401/2/2
f 1401/2/2 1398/2/2 1402/2/2
f 1399/1/2 1400/1/2 1403/1/2
f 1400/1/2 1387/1/2 1404/1/2
f 1403/1/2 1400/1/2 1404/1/2
f 1404/1/2 1387/1/2 1405/1/2
f 1401/1/2 1402/1/2 1406/1/2
f 1402/2/2 1398/2/2 1407/2/2
f 1406/1/2 1402/1/2 1407/1/2
f 1406/2/2 1407/2/2 1411/2/2
f 1407/2/2 1398/2/2 1412/2/2
f 1411/2/2 1407/2/2 1412/2/2
f 1412/2/2 1398/2/2 1413/2/2
f 1403/2/2 1404/2/2 1414/2/2
f 1408/2/2 1409/2/2 1415/2/2
f 1415/2/2 1409/2/2 1416/2/2
f 1410/2/2 1411/2/2 1419/2/2
f 1411/2/2 1412/2/2 1419/2/2
f 1419/2/2 1412/2/2 1420/2/2
f 1403/2/2 1414/2/2 1421/2/2
f 1415/1/2 1416/1/2 1422/1/2
f 1417/2/2 1418/2/2 1423/2/2
f 1423/2/2 1418/2/2 1424/2/2
f 1421/2/2 1422/2/2 1425/2/2
f 1403/2/2 1421/2/2 1425/2/2
f 1422/1/2 1416/1/2 1426/1/2
f 1425/2/2 1422/2/2 1426/2/2
f 1426/1/2 1416/1/2 1427/1/2
f 1428/2/2 1429/2/2 1435/2/2
f 1435/2/2 1429/2/2 1436/2/2
f 1430/2/2 1431/2/2 1437/2/2
f 1431/1/2 1432/1/2 1438/1/2
f 1437/2/2 1431/2/2 1438/2/2
f 1438/1/2 1432/1/2 1439/1/2
f 1433/2/2 1434/2/2 1440/2/2
f 1440/2/2 1434/2/2 1441/2/2
f 1435/1/2 1436/1/2 1442/1/2
f 1442/1/2 1436/1/2 1443/1/2
f 1442/2/2 1443/2/2 1446/2/2
f 1444/2/2 1445/2/2 1448/2/2
f 1448/2/2 1445/2/2 1449/2/2
f 1430/2/2 1437/2/2 1451/2/2
f 1451/2/2 1437/2/2 1452/2/2
f 1448/1/2 1449/1/2 1455/1/2
f 1455/1/2 1449/1/2 1456/1/2
f 1451/2/2 1452/2/2 1457/2/2
f 1452/1/2 1453/1/2 1457/1/2
f 1453/2/2 1454/2/2 1458/2/2
f 1457/1/2 1453/1/2 1458/1/2
f 1458/2/2 1454/2/2 1459/2/2
f 1455/2/2 1456/2/2 1460/2/2
f 1460/2/2 1456/2/2 1461/2/2
f 1442/2/2 1446/2/2 1463/2/2
f 1446/2/2 1447/2/2 1463/2/2
f 1463/2/2 1447/2/2 1464/2/2
f 1464/2/2 1447/2/2 1465/2/2
f 1450/1/2 1451/1/2 1466/1/2
f 1451/2/2 1457/2/2 1467/2/2
f 1466/1/2 1451/1/2 1467/1/2
f 1457/2/2 1458/2/2 1467/2/2
f 1461/2/2 1462/2/2 1468/2/2
f 1468/2/2 1462/2/2 1469/2/2
f 1463/2/2 1464/2/2 1472/2/2
f 1472/2/2 1464/2/2 1473/2/2
f 1466/2/2 1467/2/2 1474/2/2
f 1467/2/2 1458/2/2 1475/2/2
f 1474/2/2 1467/2/2 1475/2/2
f 1470/2/2 1471/2/2 1476/2/2
f 1476/2/2 1471/2/2 1477/2/2
f 1480/1/2 1481/1/2 1484/1/2
f 1484/1/2 1481/1/2 1485/1/2
f 1478/2/2 1479/2/2 1486/2/2
f 1486/2/2 1479/2/2 1487/2/2
f 1482/1/2 1483/1/2 1488/1/2
f 1488/1/2 1483/1/2 1489/1/2
f 1488/2/2 1489/2/2 1492/2/2
f 1492/2/2 1489/2/2 1493/2/2
f 1490/2/2 1491/2/2 1494/2/2
f 1494/2/2 1491/2/2 1495/2/2
f 1496/1/2 1497/1/2 1498/1/2
f 1498/1/2 1497/1/2 1499/1/2
f 1500/1/2 1501/1/2 1502/1/2
f 1502/1/2 1501/1/2 1503/1/2
f 1503/1/2 1504/1/2 1507/1/2
f 1507/1/2 1504/1/2 1508/1/2
f 1505/2/2 1506/2/2 1509/2/2
f 1509/2/2 1506/2/2 1510/2/2
f 1511/1/2 1512/1/2 1513/1/2
f 1513/1/2 1512/1/2 1516/1/2
f 1516/1/2 1512/1/2 1517/1/2
f 1514/1/2 1515/1/2 1518/1/2
f 1518/1/2 1515/1/2 1519/1/2
f 1520/1/2 1521/1/2 1522/1/2
f 1522/1/2 1521/1/2 1523/1/2
f 1522/2/2 1523/2/2 1524/2/2
f 1524/2/2 1523/2/2 1525/2/2
f 1526/2/2 1527/2/2 1528/2/2
f 1528/2/2 1527/2/2 1529/2/2
f 1530/1/2 1531/1/2 1534/1/2
f 1534/1/2 1531/1/2 1535/1/2
f 1532/1/2 1533/1/2 1536/1/2
f 1536/1/2 1533/1/2 1537/1/2
f 1537/1/2 1533/1/2 1538/1/2
f 1538/2/2 1539/2/2 1542/2/2
f 1542/2/2 1539/2/2 1543/2/2
f 1540/2/2 1541/2/2 1544/2/2
f 1544/2/2 1541/2/2 1545/2/2
f 1546/1/2 1547/1/2 1548/1/2
f 1548/1/2 1547/1/2 1549/1/2
f 1550/1/2 1551/1/2 1552/1/2
f 1552/1/2 1551/1/2 1553/1/2
f 1552/2/2 1553/2/2 1554/2/2
f 1554/2/2 1553/2/2 1555/2/2
f 1556/2/2 1557/2/2 1558/2/2
f 1558/2/2 1557/2/2 1559/2/2
f 1562/1/2 1563/1/2 1570/1/2
f 1570/1/2 1563/1/2 1571/1/2
f 1563/2/2 1564/2/2 1572/2/2
f 1571/1/2 1563/1/2 1572/1/2
f 1564/1/2 1565/1/2 1573/1/2
f 1572/2/2 1564/2/2 1573/2/2
f 1565/2/2 1566/2/2 1574/2/2
f 1573/1/2 1565/1/2 1574/1/2
f 1566/1/2 1567/1/2 1575/1/2
f 1574/2/2 1566/2/2 1575/2/2
f 1568/2/2 1569/2/2 1576/2/2
f 1575/1/2 1567/1/2 1576/1/2
f 1567/2/2 1568/2/2 1576/2/2
f 1576/2/2 1569/2/2 1577/2/2
f 1577/2/2 1569/2/2 1578/2/2
f 1560/1/2 1561/1/2 1581/1/2
f 1581/1/2 1561/1/2 1582/1/2
f 1579/1/2 1580/1/2 1583/1/2
f 1583/1/2 1580/1/2 1584/1/2
f 1585/2/2 1586/2/2 1587/2/2
f 1587/2/2 1586/2/2 1588/2/2
f 1589/1/2 1590/1/2 1594/1/2
f 1590/2/2 1591/2/2 1595/2/2
f 1594/1/2 1590/1/2 1595/1/2
f 1595/2/2 1591/2/2 1596/2/2
f 1592/2/2 1593/2/2 1604/2/2
f 1604/2/2 1593/2/2 1605/2/2
f 1605/2/2 1593/2/2 1606/2/2
f 1595/2/2 1596/2/2 1609/2/2
f 1596/2/2 1597/2/2 1609/2/2
f 1609/2/2 1597/2/2 1610/2/2
f 1597/1/2 1598/1/2 1611/1/2
f 1610/2/2 1597/2/2 1611/2/2
f 1600/2/2 1601/2/2 1612/2/2
f 1601/1/2 1602/1/2 1612/1/2
f 1602/2/2 1603/2/2 1613/2/2
f 1612/1/2 1602/1/2 1613/1/2
f 1603/1/2 1604/1/2 1614/1/2
f 1613/2/2 1603/2/2 1614/2/2
f 1604/2/2 1605/2/2 1615/2/2
f 1614/1/2 1604/1/2 1615/1/2
f 1615/2/2 1605/2/2 1616/2/2
f 1607/1/2 1608/1/2 1620/1/2
f 1620/1/2 1608/1/2 1621/1/2
f 1613/2/2 1614/2/2 1622/2/2
f 1612/2/2 1613/2/2 1622/2/2
f 1622/2/2 1614/2/2 1623/2/2
f 1617/1/2 1618/1/2 1624/1/2
f 1619/1/2 1620/1/2 1625/1/2
f 1625/1/2 1620/1/2 1626/1/2
f 1611/1/2 1598/1/2 1627/1/2
f 1598/2/2 1599/2/2 1628/2/2
f 1627/1/2 1598/1/2 1628/1/2
f 1599/1/2 1600/1/2 1629/1/2
f 1628/2/2 1599/2/2 1629/2/2
f 1600/2/2 1612/2/2 1630/2/2
f 1629/1/2 1600/1/2 1630/1/2
f 1612/2/2 1622/2/2 1630/2/2
f 1630/2/2 1622/2/2 1631/2/2
f 1622/1/2 1623/1/2 1632/1/2
f 1631/2/2 1622/2/2 1632/2/2
f 1632/1/2 1623/1/2 1633/1/2
f 1624/1/2 1618/1/2 1634/1/2
f 1634/1/2 1618/1/2 1635/1/2
f 1625/2/2 1626/2/2 1637/2/2
f 1637/2/2 1626/2/2 1638/2/2
f 1635/2/2 1636/2/2 1639/2/2
f 1639/2/2 1636/2/2 1640/2/2
f 1641/2/2 1642/2/2 1643/2/2
f 1643/2/2 1642/2/2 1644/2/2
f 1645/2/2 1646/2/2 1653/2/2
f 1646/1/2 1647/1/2 1654/1/2
f 1653/2/2 1646/2/2 1654/2/2
f 1654/1/2 1647/1/2 1655/1/2
f 1648/1/2 1649/1/2 1658/1/2
f 1649/2/2 1650/2/2 1659/2/2
f 1658/1/2 1649/1/2 1659/1/2
f 1659/2/2 1650/2/2 1660/2/2
f 1651/1/2 1652/1/2 1662/1/2
f 1662/1/2 1652/1/2 1663/1/2
f 1655/1/2 1656/1/2 1664/1/2
f 1654/1/2 1655/1/2 1664/1/2
f 1664/1/2 1656/1/2 1665/1/2
f 1665/1/2 1656/1/2 1666/1/2
f 1657/2/2 1658/2/2 1670/2/2
f 1658/2/2 1659/2/2 1670/2/2
f 1670/2/2 1659/2/2 1671/2/2
f 1671/2/2 1659/2/2 1672/2/2
f 1661/1/2 1662/1/2 1674/1/2
f 1674/1/2 1662/1/2 1675/1/2
f 1666/1/2 1667/1/2 1676/1/2
f 1665/1/2 1666/1/2 1676/1/2
f 1670/2/2 1671/2/2 1677/2/2
f 1669/1/2 1670/1/2 1677/1/2
f 1677/2/2 1671/2/2 1678/2/2
f 1673/2/2 1674/2/2 1679/2/2
f 1679/2/2 1674/2/2 1680/2/2
f 1679/1/2 1680/1/2 1681/1/2
f 1676/1/2 1667/1/2 1682/1/2
f 1667/2/2 1668/2/2 1683/2/2
f 1682/1/2 1667/1/2 1683/1/2
f 1683/2/2 1668/2/2 1684/2/2
f 1677/1/2 1678/1/2 1688/1/2
f 1669/1/2 1677/1/2 1688/1/2
f 1688/1/2 1678/1/2 1689/1/2
f 1681/1/2 1680/1/2 1690/1/2
f 1690/1/2 1680/1/2 1691/1/2
f 1684/2/2 1685/2/2 1695/2/2
f 1685/1/2 1686/1/2 1696/1/2
f 1695/2/2 1685/2/2 1696/2/2
f 1686/2/2 1687/2/2 1697/2/2
f 1696/1/2 1686/1/2 1697/1/2
f 1687/1/2 1688/1/2 1698/1/2
f 1697/2/2 1687/2/2 1698/2/2
f 1698/1/2 1688/1/2 1699/1/2
f 1691/1/2 1692/1/2 1700/1/2
f 1700/1/2 1692/1/2 1701/1/2
f 1693/2/2 1694/2/2 1702/2/2
f 1702/2/2 1694/2/2 1703/2/2
f 1704/1/2 1705/1/2 1712/1/2
f 1706/1/2 1707/1/2 1713/1/2
f 1708/1/2 1709/1/2 1716/1/2
f 1716/1/2 1709/1/2 1717/1/2
f 1717/1/2 1709/1/2 1718/1/2
f 1710/1/2 1711/1/2 1720/1/2
f 1720/1/2 1711/1/2 1721/1/2
f 1712/1/2 1705/1/2 1722/1/2
f 1722/1/2 1705/1/2 1723/1/2
f 1706/1/2 1713/1/2 1724/1/2
f 1713/2/2 1714/2/2 1725/2/2
f 1724/1/2 1713/1/2 1725/1/2
f 1715/2/2 1716/2/2 1727/2/2
f 1716/1/2 1717/1/2 1728/1/2
f 1727/2/2 1716/2/2 1728/2/2
f 1728/1/2 1717/1/2 1729/1/2
f 1719/1/2 1720/1/2 1731/1/2
f 1731/1/2 1720/1/2 1732/1/2
f 1725/2/2 1714/2/2 1735/2/2
f 1735/2/2 1714/2/2 1736/2/2
f 1730/2/2 1731/2/2 1738/2/2
f 1738/2/2 1731/2/2 1739/2/2
f 1739/2/2 1731/2/2 1740/2/2
f 1733/1/2 1734/1/2 1741/1/2
f 1741/1/2 1734/1/2 1742/1/2
f 1735/2/2 1736/2/2 1743/2/2
f 1736/1/2 1737/1/2 1744/1/2
f 1743/2/2 1736/2/2 1744/2/2
f 1744/1/2 1737/1/2 1745/1/2
f 1726/1/2 1727/1/2 1748/1/2
f 1727/1/2 1728/1/2 1748/1/2
f 1748/1/2 1728/1/2 1749/1/2
f 1739/1/2 1740/1/2 1750/1/2
f 1750/1/2 1740/1/2 1751/1/2
f 1741/2/2 1742/2/2 1753/2/2
f 1753/2/2 1742/2/2 1754/2/2
f 1745/1/2 1746/1/2 1755/1/2
f 1755/1/2 1746/1/2 1756/1/2
f 1747/1/2 1748/1/2 1757/1/2
f 1757/1/2 1748/1/2 1758/1/2
f 1751/1/2 1752/1/2 1759/1/2
f 1759/1/2 1752/1/2 1760/1/2
f 1761/2/2 1762/2/2 1763/2/2
f 1763/2/2 1762/2/2 1764/2/2
f 1765/1/2 1766/1/2 1771/1/2
f 1767/1/2 1768/1/2 1773/1/2
f 1769/2/2 1770/2/2 1776/2/2
f 1776/2/2 1770/2/2 1777/2/2
f 1771/1/2 1766/1/2 1780/1/2
f 1780/1/2 1766/1/2 1781/1/2
f 1772/1/2 1773/1/2 1784/1/2
f 1773/1/2 1768/1/2 1785/1/2
f 1784/1/2 1773/1/2 1785/1/2
f 1785/1/2 1768/1/2 1786/1/2
f 1774/1/2 1775/1/2 1788/1/2
f 1775/2/2 1776/2/2 1789/2/2
f 1788/1/2 1775/1/2 1789/1/2
f 1789/2/2 1776/2/2 1790/2/2
f 1778/1/2 1779/1/2 1791/1/2
f 1791/1/2 1779/1/2 1792/1/2
f 1781/1/2 1782/1/2 1793/1/2
f 1793/1/2 1782/1/2 1794/1/2
f 1788/1/2 1789/1/2 1795/1/2
f 1787/2/2 1788/2/2 1795/2/2
f 1795/1/2 1789/1/2 1796/1/2
f 1793/2/2 1794/2/2 1799/2/2
f 1799/2/2 1794/2/2 1800/2/2
f 1783/1/2 1784/1/2 1804/1/2
f 1784/1/2 1785/1/2 1804/1/2
f 1804/1/2 1785/1/2 1805/1/2
f 1787/2/2 1795/2/2 1806/2/2
f 1795/2/2 1796/2/2 1806/2/2
f 1806/2/2 1796/2/2 1807/2/2
f 1807/2/2 1796/2/2 1808/2/2
f 1797/1/2 1798/1/2 1810/1/2
f 1810/1/2 1798/1/2 1811/1/2
f 1800/2/2 1801/2/2 1812/2/2
f 1801/1/2 1802/1/2 1813/1/2
f 1812/2/2 1801/2/2 1813/2/2
f 1813/1/2 1802/1/2 1814/1/2
f 1803/1/2 1804/1/2 1815/1/2
f 1815/1/2 1804/1/2 1816/1/2
f 1808/1/2 1809/1/2 1817/1/2
f 1817/1/2 1809/1/2 1818/1/2
f 1810/2/2 1811/2/2 1821/2/2
f 1821/2/2 1811/2/2 1822/2/2
f 1819/2/2 1820/2/2 1823/2/2
f 1823/2/2 1820/2/2 1824/2/2
f 1825/2/2 1826/2/2 1834/2/2
f 1834/2/2 1826/2/2 1835/2/2
f 1827/1/2 1828/1/2 1836/1/2
f 1836/1/2 1828/1/2 1837/1/2
f 1829/1/2 1830/1/2 1838/1/2
f 1830/2/2 1831/2/2 1838/2/2
f 1838/2/2 1831/2/2 1839/2/2
f 1832/1/2 1833/1/2 1840/1/2
f 1840/1/2 1833/1/2 1841/1/2
f 1834/1/2 1835/1/2 1842/1/2
f 1842/1/2 1835/1/2 1843/1/2
f 1836/2/2 1837/2/2 1844/2/2
f 1829/1/2 1838/1/2 1847/1/2
f 1847/1/2 1838/1/2 1848/1/2
f 1836/2/2 1844/2/2 1851/2/2
f 1844/1/2 1845/1/2 1852/1/2
f 1851/2/2 1844/2/2 1852/2/2
f 1852/1/2 1845/1/2 1853/1/2
f 1849/2/2 1850/2/2 1855/2/2
f 1855/2/2 1850/2/2 1856/2/2
f 1852/2/2 1853/2/2 1857/2/2
f 1851/2/2 1852/2/2 1857/2/2
f 1857/2/2 1853/2/2 1858/2/2
f 1857/1/2 1858/1/2 1859/1/2
f 1858/2/2 1853/2/2 1860/2/2
f 1859/1/2 1858/1/2 1860/1/2
f 1860/2/2 1853/2/2 1861/2/2
f 1846/1/2 1847/1/2 1864/1/2
f 1864/1/2 1847/1/2 1865/1/2
f 1861/2/2 1862/2/2 1869/2/2
f 1869/2/2 1862/2/2 1870/2/2
f 1863/1/2 1864/1/2 1873/1/2
f 1873/1/2 1864/1/2 1874/1/2
f 1866/2/2 1867/2/2 1875/2/2
f 1867/1/2 1868/1/2 1876/1/2
f 1875/2/2 1867/2/2 1876/2/2
f 1876/1/2 1868/1/2 1877/1/2
f 1854/2/2 1855/2/2 1880/2/2
f 1880/2/2 1855/2/2 1881/2/2
f 1871/2/2 1872/2/2 1882/2/2
f 1882/2/2 1872/2/2 1883/2/2
f 1878/2/2 1879/2/2 1884/2/2
f 1884/2/2 1879/2/2 1885/2/2
f 1886/1/2 1887/1/2 1892/1/2
f 1886/1/2 1892/1/2 1895/1/2
f 1895/1/2 1892/1/2 1896/1/2
f 1893/2/2 1894/2/2 1898/2/2
f 1898/2/2 1894/2/2 1899/2/2
f 1897/1/2 1898/1/2 1901/1/2
f 1898/2/2 1899/2/2 1902/2/2
f 1901/1/2 1898/1/2 1902/1/2
f 1902/2/2 1899/2/2 1903/2/2
f 1888/1/2 1889/1/2 1907/1/2
f 1907/1/2 1889/1/2 1908/1/2
f 1890/2/2 1891/2/2 1909/2/2
f 1909/2/2 1891/2/2 1910/2/2
f 1902/2/2 1903/2/2 1911/2/2
f 1901/2/2 1902/2/2 1911/2/2
f 1903/1/2 1904/1/2 1911/1/2
f 1911/1/2 1904/1/2 1912/1/2
f 1905/2/2 1906/2/2 1914/2/2
f 1914/2/2 1906/2/2 1915/2/2
f 1909/1/2 1910/1/2 1916/1/2
f 1916/1/2 1910/1/2 1917/1/2
f 1917/1/2 1910/1/2 1918/1/2
f 1900/1/2 1901/1/2 1921/1/2
f 1901/2/2 1911/2/2 1922/2/2
f 1921/1/2 1901/1/2 1922/1/2
f 1922/2/2 1911/2/2 1923/2/2
f 1923/2/2 1911/2/2 1924/2/2
f 1913/2/2 1914/2/2 1925/2/2
f 1918/1/2 1919/1/2 1926/1/2
f 1926/1/2 1919/1/2 1927/1/2
f 1927/1/2 1919/1/2 1928/1/2
f 1920/1/2 1921/1/2 1934/1/2
f 1934/1/2 1921/1/2 1935/1/2
f 1925/2/2 1914/2/2 1940/2/2
f 1940/2/2 1914/2/2 1941/2/2
f 1929/1/2 1930/1/2 1942/1/2
f 1930/2/2 1931/2/2 1943/2/2
f 1942/1/2 1930/1/2 1943/1/2
f 1943/2/2 1931/2/2 1944/2/2
f 1932/2/2 1933/2/2 1945/2/2
f 1945/2/2 1933/2/2 1946/2/2
f 1936/2/2 1937/2/2 1947/2/2
f 1947/2/2 1937/2/2 1948/2/2
f 1938/2/2 1939/2/2 1949/2/2
f 1949/2/2 1939/2/2 1950/2/2
f 1954/2/2 1955/2/2 1960/2/2
f 1960/2/2 1955/2/2 1961/2/2
f 1958/2/2 1959/2/2 1965/2/2
f 1951/1/2 1952/1/2 1966/1/2
f 1966/1/2 1952/1/2 1967/1/2
f 1952/2/2 1953/2/2 1968/2/2
f 1967/1/2 1952/1/2 1968/1/2
f 1968/2/2 1953/2/2 1969/2/2
f 1960/1/2 1961/1/2 1970/1/2
f 1970/1/2 1961/1/2 1971/1/2
f 1971/1/2 1961/1/2 1972/1/2
f 1963/2/2 1964/2/2 1973/2/2
f 1962/2/2 1963/2/2 1973/2/2
f 1973/2/2 1964/2/2 1974/2/2
f 1968/2/2 1969/2/2 1975/2/2
f 1967/2/2 1968/2/2 1975/2/2
f 1975/2/2 1969/2/2 1976/2/2
f 1970/1/2 1971/1/2 1977/1/2
f 1976/2/2 1969/2/2 1977/2/2
f 1969/1/2 1970/1/2 1977/1/2
f 1977/1/2 1971/1/2 1978/1/2
f 1973/1/2 1974/1/2 1979/1/2
f 1979/1/2 1974/1/2 1980/1/2
f 1956/1/2 1957/1/2 1983/1/2
f 1983/1/2 1957/1/2 1984/1/2
f 1965/2/2 1959/2/2 1985/2/2
f 1976/2/2 1977/2/2 1986/2/2
f 1986/2/2 1977/2/2 1987/2/2
f 1981/2/2 1982/2/2 1989/2/2
f 1989/2/2 1982/2/2 1990/2/2
f 1985/2/2 1959/2/2 1991/2/2
f 1991/2/2 1959/2/2 1992/2/2
f 1988/1/2 1989/1/2 1993/1/2
f 1991/1/2 1992/1/2 1994/1/2
f 1994/1/2 1992/1/2 1995/1/2
f 1986/1/2 1987/1/2 1998/1/2
f 1998/1/2 1987/1/2 1999/1/2
f 1993/1/2 1989/1/2 2003/1/2
f 2003/1/2 1989/1/2 2004/1/2
f 1995/1/2 1996/1/2 2005/1/2
f 2005/1/2 1996/1/2 2006/1/2
f 1997/2/2 1998/2/2 2009/2/2
f 1998/2/2 1999/2/2 2009/2/2
f 1999/2/2 2000/2/2 2009/2/2
f 2009/2/2 2000/2/2 2010/2/2
f 2001/1/2 2002/1/2 2014/1/2
f 2014/1/2 2002/1/2 2015/1/2
f 2015/1/2 2002/1/2 2016/1/2
f 2003/2/2 2004/2/2 2021/2/2
f 2021/2/2 2004/2/2 2022/2/2
f 2007/2/2 2008/2/2 2023/2/2
f 2023/2/2 2008/2/2 2024/2/2
f 2012/2/2 2013/2/2 2025/2/2
f 2011/2/2 2012/2/2 2025/2/2
f 2025/2/2 2013/2/2 2026/2/2
f 2017/2/2 2018/2/2 2027/2/2
f 2027/2/2 2018/2/2 2028/2/2
f 2019/2/2 2020/2/2 2029/2/2
f 2029/2/2 2020/2/2 2030/2/2
f 2031/1/2 2032/1/2 2039/1/2
f 2039/1/2 2032/1/2 2040/1/2
f 2035/2/2 2036/2/2 2041/2/2
f 2041/2/2 2036/2/2 2042/2/2
f 2033/1/2 2034/1/2 2045/1/2
f 2045/1/2 2034/1/2 2046/1/2
f 2046/1/2 2034/1/2 2047/1/2
f 2041/1/2 2042/1/2 2050/1/2
f 2050/1/2 2042/1/2 2051/1/2
f 2051/1/2 2042/1/2 2052/1/2
f 2037/2/2 2038/2/2 2053/2/2
f 2047/1/2 2048/1/2 2054/1/2
f 2046/1/2 2047/1/2 2054/1/2
f 2054/1/2 2048/1/2 2055/1/2
f 2055/1/2 2048/1/2 2056/1/2
f 2050/1/2 2051/1/2 2059/1/2
f 2049/1/2 2050/1/2 2059/1/2
f 2059/1/2 2051/1/2 2060/1/2
f 2060/1/2 2051/1/2 2061/1/2
f 2053/2/2 2038/2/2 2064/2/2
f 2064/2/2 2038/2/2 2065/2/2
f 2043/2/2 2044/2/2 2066/2/2
f 2066/2/2 2044/2/2 2067/2/2
f 2056/2/2 2057/2/2 2068/2/2
f 2055/2/2 2056/2/2 2068/2/2
f 2068/2/2 2057/2/2 2069/2/2
f 2058/2/2 2059/2/2 2070/2/2
f 2059/2/2 2060/2/2 2070/2/2
f 2070/2/2 2060/2/2 2071/2/2
f 2062/2/2 2063/2/2 2073/2/2
f 2073/2/2 2063/2/2 2074/2/2
f 2068/1/2 2069/1/2 2075/1/2
f 2069/2/2 2057/2/2 2076/2/2
f 2075/1/2 2069/1/2 2076/1/2
f 2070/1/2 2071/1/2 2077/1/2
f 2058/2/2 2070/2/2 2077/2/2
f 2077/1/2 2071/1/2 2078/1/2
f 2072/1/2 2073/1/2 2079/1/2
f 2079/1/2 2073/1/2 2080/1/2
f 2075/2/2 2076/2/2 2084/2/2
f 2076/2/2 2057/2/2 2085/2/2
f 2084/2/2 2076/2/2 2085/2/2
f 2085/2/2 2057/2/2 2086/2/2
f 2077/2/2 2078/2/2 2087/2/2
f 2058/2/2 2077/2/2 2087/2/2
f 2087/2/2 2078/2/2 2088/2/2
f 2088/2/2 2078/2/2 2089/2/2
f 2081/2/2 2082/2/2 2091/2/2
f 2091/2/2 2082/2/2 2092/2/2
f 2092/2/2 2082/2/2 2093/2/2
f 2083/1/2 2084/1/2 2096/1/2
f 2084/2/2 2085/2/2 2097/2/2
f 2096/1/2 2084/1/2 2097/1/2
f 2097/2/2 2085/2/2 2098/2/2
f 2089/2/2 2090/2/2 2099/2/2
f 2088/2/2 2089/2/2 2099/2/2
f 2099/2/2 2090/2/2 2100/2/2
f 2079/2/2 2080/2/2 2106/2/2
f 2106/2/2 2080/2/2 2107/2/2
f 2094/2/2 2095/2/2 2108/2/2
f 2108/2/2 2095/2/2 2109/2/2
f 2102/2/2 2103/2/2 2110/2/2
f 2101/2/2 2102/2/2 2110/2/2
f 2110/2/2 2103/2/2 2111/2/2
f 2104/2/2 2105/2/2 2112/2/2
f 2112/2/2 2105/2/2 2113/2/2
f 2114/1/2 2115/1/2 2121/1/2
f 2116/1/2 2117/1/2 2122/1/2
f 2117/2/2 2118/2/2 2122/2/2
f 2122/2/2 2118/2/2 2123/2/2
f 2121/1/2 2115/1/2 2124/1/2
f 2124/1/2 2115/1/2 2125/1/2
f 2116/1/2 2122/1/2 2128/1/2
f 2122/1/2 2123/1/2 2128/1/2
f 2128/1/2 2123/1/2 2129/1/2
f 2129/1/2 2123/1/2 2130/1/2
f 2119/1/2 2120/1/2 2131/1/2
f 2131/1/2 2120/1/2 2132/1/2
f 2125/1/2 2126/1/2 2133/1/2
f 2133/1/2 2126/1/2 2134/1/2
f 2128/2/2 2129/2/2 2137/2/2
f 2127/2/2 2128/2/2 2137/2/2
f 2137/2/2 2129/2/2 2138/2/2
f 2138/2/2 2129/2/2 2139/2/2
f 2131/2/2 2132/2/2 2143/2/2
f 2143/2/2 2132/2/2 2144/2/2
f 2136/1/2 2137/1/2 2145/1/2
f 2137/1/2 2138/1/2 2145/1/2
f 2145/1/2 2138/1/2 2146/1/2
f 2141/2/2 2142/2/2 2147/2/2
f 2140/2/2 2141/2/2 2147/2/2
f 2147/2/2 2142/2/2 2148/2/2
f 2134/2/2 2135/2/2 2149/2/2
f 2133/2/2 2134/2/2 2149/2/2
f 2149/2/2 2135/2/2 2150/2/2
f 2145/2/2 2146/2/2 2151/2/2
f 2151/2/2 2146/2/2 2152/2/2
f 2140/2/2 2147/2/2 2153/2/2
f 2149/1/2 2150/1/2 2154/1/2
f 2150/2/2 2135/2/2 2155/2/2
f 2154/1/2 2150/1/2 2155/1/2
f 2155/2/2 2135/2/2 2156/2/2
f 2145/2/2 2151/2/2 2157/2/2
f 2151/1/2 2152/1/2 2158/1/2
f 2157/2/2 2151/2/2 2158/2/2
f 2158/1/2 2152/1/2 2159/1/2
f 2153/2/2 2147/2/2 2161/2/2
f 2154/2/2 2155/2/2 2167/2/2
f 2167/2/2 2155/2/2 2168/2/2
f 2159/2/2 2160/2/2 2169/2/2
f 2158/2/2 2159/2/2 2169/2/2
f 2169/2/2 2160/2/2 2170/2/2
f 2161/2/2 2147/2/2 2173/2/2
f 2173/2/2 2147/2/2 2174/2/2
f 2162/2/2 2163/2/2 2175/2/2
f 2175/2/2 2163/2/2 2176/2/2
f 2165/2/2 2166/2/2 2177/2/2
f 2164/2/2 2165/2/2 2177/2/2
f 2177/2/2 2166/2/2 2178/2/2
f 2171/2/2 2172/2/2 2179/2/2
f 2179/2/2 2172/2/2 2180/2/2
f 2181/2/2 2182/2/2 2187/2/2
f 2187/2/2 2182/2/2 2188/2/2
f 2183/2/2 2184/2/2 2189/2/2
f 2189/2/2 2184/2/2 2190/2/2
f 2187/1/2 2188/1/2 2191/1/2
f 2191/1/2 2188/1/2 2192/1/2
f 2189/1/2 2190/1/2 2195/1/2
f 2195/1/2 2190/1/2 2196/1/2
f 2185/1/2 2186/1/2 2198/1/2
f 2192/1/2 2193/1/2 2199/1/2
f 2191/1/2 2192/1/2 2199/1/2
f 2199/1/2 2193/1/2 2200/1/2
f 2200/1/2 2193/1/2 2201/1/2
f 2194/1/2 2195/1/2 2203/1/2
f 2203/1/2 2195/1/2 2204/1/2
f 2197/2/2 2198/2/2 2207/2/2
f 2198/1/2 2186/1/2 2208/1/2
f 2207/2/2 2198/2/2 2208/2/2
f 2208/1/2 2186/1/2 2209/1/2
f 2200/2/2 2201/2/2 2210/2/2
f 2203/2/2 2204/2/2 2211/2/2
f 2202/2/2 2203/2/2 2211/2/2
f 2211/2/2 2204/2/2 2212/2/2
f 2211/1/2 2212/1/2 2213/1/2
f 2213/1/2 2212/1/2 2214/1/2
f 2205/2/2 2206/2/2 2215/2/2
f 2215/2/2 2206/2/2 2216/2/2
f 2210/2/2 2201/2/2 2218/2/2
f 2213/2/2 2214/2/2 2219/2/2
f 2219/2/2 2214/2/2 2220/2/2
f 2215/1/2 2216/1/2 2221/1/2
f 2221/1/2 2216/1/2 2222/1/2
f 2217/2/2 2218/2/2 2228/2/2
f 2218/2/2 2201/2/2 2229/2/2
f 2228/2/2 2218/2/2 2229/2/2
f 2220/2/2 2214/2/2 2230/2/2
f 2230/2/2 2214/2/2 2231/2/2
f 2221/2/2 2222/2/2 2235/2/2
f 2235/2/2 2222/2/2 2236/2/2
f 2223/2/2 2224/2/2 2237/2/2
f 2224/1/2 2225/1/2 2238/1/2
f 2237/2/2 2224/2/2 2238/2/2
f 2238/1/2 2225/1/2 2239/1/2
f 2226/1/2 2227/1/2 2240/1/2
f 2240/1/2 2227/1/2 2241/1/2
f 2233/2/2 2234/2/2 2242/2/2
f 2232/2/2 2233/2/2 2242/2/2
f 2242/2/2 2234/2/2 2243/2/2
f 2244/2/2 2245/2/2 2252/2/2
f 2252/2/2 2245/2/2 2253/2/2
f 2246/2/2 2247/2/2 2254/2/2
f 2250/1/2 2251/1/2 2255/1/2
f 2255/1/2 2251/1/2 2256/1/2
f 2254/2/2 2247/2/2 2257/2/2
f 2257/2/2 2247/2/2 2258/2/2
f 2248/1/2 2249/1/2 2260/1/2
f 2260/1/2 2249/1/2 2261/1/2
f 2255/2/2 2256/2/2 2263/2/2
f 2256/1/2 2251/1/2 2264/1/2
f 2263/2/2 2256/2/2 2264/2/2
f 2264/1/2 2251/1/2 2265/1/2
f 2257/1/2 2258/1/2 2266/1/2
f 2266/1/2 2258/1/2 2267/1/2
f 2260/1/2 2261/1/2 2269/1/2
f 2259/2/2 2260/2/2 2269/2/2
f 2269/1/2 2261/1/2 2270/1/2
f 2262/2/2 2263/2/2 2272/2/2
f 2263/2/2 2264/2/2 2272/2/2
f 2272/2/2 2264/2/2 2273/2/2
f 2267/1/2 2268/1/2 2274/1/2
f 2266/1/2 2267/1/2 2274/1/2
f 2274/1/2 2268/1/2 2275/1/2
f 2266/1/2 2274/1/2 2276/1/2
f 2274/2/2 2275/2/2 2277/2/2
f 2276/1/2 2274/1/2 2277/1/2
f 2259/2/2 2269/2/2 2278/2/2
f 2271/2/2 2272/2/2 2279/2/2
f 2277/2/2 2275/2/2 2280/2/2
f 2276/2/2 2277/2/2 2280/2/2
f 2280/2/2 2275/2/2 2281/2/2
f 2259/2/2 2278/2/2 2282/2/2
f 2279/2/2 2272/2/2 2285/2/2
f 2276/2/2 2280/2/2 2288/2/2
f 2288/2/2 2280/2/2 2289/2/2
f 2283/2/2 2284/2/2 2290/2/2
f 2259/2/2 2282/2/2 2290/2/2
f 2282/2/2 2283/2/2 2290/2/2
f 2290/2/2 2284/2/2 2291/2/2
f 2285/2/2 2272/2/2 2294/2/2
f 2294/2/2 2272/2/2 2295/2/2
f 2286/2/2 2287/2/2 2296/2/2
f 2296/2/2 2287/2/2 2297/2/2
f 2292/2/2 2293/2/2 2298/2/2
f 2298/2/2 2293/2/2 2299/2/2
f 2300/1/2 2301/1/2 2307/1/2
f 2307/1/2 2301/1/2 2308/1/2
f 2308/1/2 2301/1/2 2309/1/2
f 2304/1/2 2305/1/2 2310/1/2
f 2305/2/2 2306/2/2 2311/2/2
f 2310/1/2 2305/1/2 2311/1/2
f 2308/2/2 2309/2/2 2312/2/2
f 2302/2/2 2303/2/2 2313/2/2
f 2313/2/2 2303/2/2 2314/2/2
f 2310/2/2 2311/2/2 2317/2/2
f 2311/2/2 2306/2/2 2318/2/2
f 2317/2/2 2311/2/2 2318/2/2
f 2318/2/2 2306/2/2 2319/2/2
f 2312/2/2 2309/2/2 2320/2/2
f 2320/2/2 2309/2/2 2321/2/2
f 2313/1/2 2314/1/2 2323/1/2
f 2314/2/2 2315/2/2 2324/2/2
f 2323/1/2 2314/1/2 2324/1/2
f 2324/2/2 2315/2/2 2325/2/2
f 2316/2/2 2317/2/2 2327/2/2
f 2317/2/2 2318/2/2 2327/2/2
f 2327/2/2 2318/2/2 2328/2/2
f 2328/2/2 2318/2/2 2329/2/2
f 2320/1/2 2321/1/2 2330/1/2
f 2324/1/2 2325/1/2 2331/1/2
f 2322/1/2 2323/1/2 2331/1/2
f 2323/1/2 2324/1/2 2331/1/2
f 2331/1/2 2325/1/2 2332/1/2
f 2327/1/2 2328/1/2 2333/1/2
f 2326/1/2 2327/1/2 2333/1/2
f 2333/1/2 2328/1/2 2334/1/2
f 2330/1/2 2321/1/2 2335/1/2
f 2335/1/2 2321/1/2 2336/1/2
f 2322/1/2 2331/1/2 2337/1/2
f 2337/1/2 2331/1/2 2338/1/2
f 2338/1/2 2331/1/2 2339/1/2
f 2333/2/2 2334/2/2 2341/2/2
f 2334/1/2 2328/1/2 2342/1/2
f 2341/2/2 2334/2/2 2342/2/2
f 2342/1/2 2328/1/2 2343/1/2
f 2335/2/2 2336/2/2 2344/2/2
f 2337/2/2 2338/2/2 2345/2/2
f 2339/1/2 2340/1/2 2346/1/2
f 2345/2/2 2338/2/2 2346/2/2
f 2338/1/2 2339/1/2 2346/1/2
f 2346/1/2 2340/1/2 2347/1/2
f 2347/1/2 2340/1/2 2348/1/2
f 2342/2/2 2343/2/2 2350/2/2
f 2350/2/2 2343/2/2 2351/2/2
f 2344/2/2 2336/2/2 2352/2/2
f 2352/2/2 2336/2/2 2353/2/2
f 2348/2/2 2349/2/2 2354/2/2
f 2347/2/2 2348/2/2 2354/2/2
f 2354/2/2 2349/2/2 2355/2/2
f 2356/2/2 2357/2/2 2361/2/2
f 2361/2/2 2357/2/2 2362/2/2
f 2359/1/2 2360/1/2 2363/1/2
f 2358/2/2 2359/2/2 2363/2/2
f 2363/1/2 2360/1/2 2364/1/2
f 2356/2/2 2361/2/2 2367/2/2
f 2361/1/2 2362/1/2 2368/1/2
f 2367/2/2 2361/2/2 2368/2/2
f 2368/1/2 2362/1/2 2369/1/2
f 2358/2/2 2363/2/2 2374/2/2
f 2363/2/2 2364/2/2 2374/2/2
f 2374/2/2 2364/2/2 2375/2/2
f 2375/2/2 2364/2/2 2376/2/2
f 2368/2/2 2369/2/2 2377/2/2
f 2369/1/2 2370/1/2 2377/1/2
f 2371/2/2 2372/2/2 2378/2/2
f 2377/1/2 2370/1/2 2378/1/2
f 2370/2/2 2371/2/2 2378/2/2
f 2372/1/2 2373/1/2 2379/1/2
f 2378/2/2 2372/2/2 2379/2/2
f 2373/1/2 2374/1/2 2379/1/2
f 2379/1/2 2374/1/2 2380/1/2
f 2374/2/2 2375/2/2 2381/2/2
f 2380/1/2 2374/1/2 2381/1/2
f 2381/2/2 2375/2/2 2382/2/2
f 2365/2/2 2366/2/2 2383/2/2
f 2383/2/2 2366/2/2 2384/2/2
f 2368/2/2 2377/2/2 2385/2/2
f 2385/2/2 2377/2/2 2386/2/2
f 2379/2/2 2380/2/2 2387/2/2
f 2380/1/2 2381/1/2 2388/1/2
f 2387/2/2 2380/2/2 2388/2/2
f 2388/1/2 2381/1/2 2389/1/2
f 2388/2/2 2389/2/2 2390/2/2
f 2390/2/2 2389/2/2 2391/2/2
f 2383/1/2 2384/1/2 2392/1/2
f 2392/1/2 2384/1/2 2393/1/2
f 2394/2/2 2395/2/2 2398/2/2
f 2395/1/2 2396/1/2 2399/1/2
f 2398/2/2 2395/2/2 2399/2/2
f 2394/2/2 2398/2/2 2400/2/2
f 2398/1/2 2399/1/2 2401/1/2
f 2400/2/2 2398/2/2 2401/2/2
f 2396/2/2 2397/2/2 2402/2/2
f 2401/1/2 2399/1/2 2402/1/2
f 2399/1/2 2396/1/2 2402/1/2
f 2402/2/2 2397/2/2 2403/2/2
f 2408/2/3 2405/2/3 2404/2/3
f 2409/2/3 2405/2/3 2408/2/3
f 2410/2/3 2407/2/3 2406/2/3
f 2411/2/3 2407/2/3 2410/2/3
f 2416/1/3 2413/1/3 2412/1/3
f 2416/2/3 2414/2/3 2413/2/3
f 2417/2/3 2414/2/3 2416/2/3
f 2418/2/3 2414/2/3 2417/2/3
f 2419/1/3 2415/1/3 2414/1/3
f 2419/2/3 2414/2/3 2418/2/3
f 2420/1/3 2415/1/3 2419/1/3
f 2421/1/3 2415/1/3 2420/1/3
f 2422/1/3 2416/1/3 2412/1/3
f 2423/1/3 2416/1/3 2422/1/3
f 2426/2/3 2425/2/3 2424/2/3
f 2427/2/3 2425/2/3 2426/2/3
f 2433/1/3 2429/1/3 2428/1/3
f 2434/2/3 2430/2/3 2429/2/3
f 2434/1/3 2429/1/3 2433/1/3
f 2435/1/3 2431/1/3 2430/1/3
f 2435/2/3 2430/2/3 2434/2/3
f 2436/1/3 2431/1/3 2435/1/3
f 2437/2/3 2432/2/3 2431/2/3
f 2437/1/3 2431/1/3 2436/1/3
f 2438/2/3 2432/2/3 2437/2/3
f 2443/1/3 2440/1/3 2439/1/3
f 2444/1/3 2440/1/3 2443/1/3
f 2445/1/3 2442/1/3 2441/1/3
f 2446/1/3 2442/1/3 2445/1/3
f 2449/2/3 2448/2/3 2447/2/3
f 2450/2/3 2448/2/3 2449/2/3
f 2451/2/3 2446/2/3 2445/2/3
f 2452/2/3 2446/2/3 2451/2/3
f 2457/1/3 2454/1/3 2453/1/3
f 2458/1/3 2454/1/3 2457/1/3
f 2459/2/3 2455/2/3 2454/2/3
f 2459/1/3 2454/1/3 2458/1/3
f 2460/2/3 2455/2/3 2459/2/3
f 2461/1/3 2456/1/3 2455/1/3
f 2461/2/3 2455/2/3 2460/2/3
f 2462/1/3 2456/1/3 2461/1/3
f 2465/2/3 2464/2/3 2463/2/3
f 2466/2/3 2464/2/3 2465/2/3
f 2469/1/3 2468/1/3 2467/1/3
f 2470/1/3 2468/1/3 2469/1/3
f 2473/1/3 2472/1/3 2471/1/3
f 2474/1/3 2472/1/3 2473/1/3
f 2475/1/3 2472/1/3 2474/1/3
f 2478/2/3 2477/2/3 2476/2/3
f 2479/2/3 2477/2/3 2478/2/3
f 2482/2/3 2481/2/3 2480/2/3
f 2483/2/3 2481/2/3 2482/2/3
f 2487/2/3 2485/2/3 2484/2/3
f 2488/1/3 2486/1/3 2485/1/3
f 2488/2/3 2485/2/3 2487/2/3
f 2489/1/3 2486/1/3 2488/1/3
f 2492/1/3 2491/1/3 2490/1/3
f 2493/1/3 2491/1/3 2492/1/3
f 2496/1/3 2494/1/3 2493/1/3
f 2497/2/3 2495/2/3 2494/2/3
f 2497/1/3 2494/1/3 2496/1/3
f 2498/2/3 2495/2/3 2497/2/3
f 2501/2/3 2500/2/3 2499/2/3
f 2502/2/3 2500/2/3 2501/2/3
f 2508/1/3 2504/1/3 2503/1/3
f 2509/1/3 2504/1/3 2508/1/3
f 2510/2/3 2506/2/3 2505/2/3
f 2511/2/3 2506/2/3 2510/2/3
f 2512/1/3 2507/1/3 2506/1/3
f 2512/2/3 2506/2/3 2511/2/3
f 2513/1/3 2507/1/3 2512/1/3
f 2514/2/3 2508/2/3 2507/2/3
f 2514/1/3 2507/1/3 2513/1/3
f 2514/2/3 2509/2/3 2508/2/3
f 2515/2/3 2509/2/3 2514/2/3
f 2516/2/3 2509/2/3 2515/2/3
f 2519/2/3 2518/2/3 2517/2/3
f 2520/2/3 2518/2/3 2519/2/3
f 2523/2/3 2522/2/3 2521/2/3
f 2524/2/3 2522/2/3 2523/2/3
f 2525/2/3 2522/2/3 2524/2/3
f 2528/1/3 2527/1/3 2526/1/3
f 2529/1/3 2527/1/3 2528/1/3
f 2535/1/3 2531/1/3 2530/1/3
f 2536/1/3 2531/1/3 2535/1/3
f 2537/2/3 2533/2/3 2532/2/3
f 2538/1/3 2534/1/3 2533/1/3
f 2538/2/3 2533/2/3 2537/2/3
f 2539/1/3 2534/1/3 2538/1/3
f 2540/2/3 2535/2/3 2534/2/3
f 2540/1/3 2534/1/3 2539/1/3
f 2541/2/3 2535/2/3 2540/2/3
f 2544/1/3 2543/1/3 2542/1/3
f 2545/1/3 2543/1/3 2544/1/3
f 2548/2/3 2547/2/3 2546/2/3
f 2549/2/3 2547/2/3 2548/2/3
f 2552/1/3 2551/1/3 2550/1/3
f 2553/1/3 2551/1/3 2552/1/3
f 2554/1/3 2551/1/3 2553/1/3
f 2558/2/3 2556/2/3 2555/2/3
f 2559/1/3 2557/1/3 2556/1/3
f 2559/2/3 2556/2/3 2558/2/3
f 2560/1/3 2557/1/3 2559/1/3
f 2563/1/3 2562/1/3 2561/1/3
f 2564/1/3 2562/1/3 2563/1/3
f 2565/1/3 2562/1/3 2564/1/3
f 2568/2/3 2567/2/3 2566/2/3
f 2569/2/3 2567/2/3 2568/2/3
f 2574/1/3 2571/1/3 2570/1/3
f 2575/1/3 2571/1/3 2574/1/3
f 2577/1/3 2573/1/3 2572/1/3
f 2578/1/3 2573/1/3 2577/1/3
f 2579/2/3 2577/2/3 2576/2/3
f 2580/2/3 2577/2/3 2579/2/3
f 2581/2/3 2577/2/3 2580/2/3
f 2584/2/3 2583/2/3 2582/2/3
f 2585/2/3 2583/2/3 2584/2/3
f 2590/1/3 2587/1/3 2586/1/3
f 2591/1/3 2587/1/3 2590/1/3
f 2594/1/3 2589/1/3 2588/1/3
f 2595/1/3 2589/1/3 2594/1/3
f 2596/1/3 2592/1/3 2591/1/3
f 2597/2/3 2593/2/3 2592/2/3
f 2597/1/3 2592/1/3 2596/1/3
f 2598/1/3 2594/1/3 2593/1/3
f 2598/2/3 2593/2/3 2597/2/3
f 2599/1/3 2594/1/3 2598/1/3
f 2602/1/3 2601/1/3 2600/1/3
f 2603/1/3 2601/1/3 2602/1/3
f 2604/1/3 2601/1/3 2603/1/3
f 2607/2/3 2606/2/3 2605/2/3
f 2608/2/3 2606/2/3 2607/2/3
f 2611/1/3 2610/1/3 2609/1/3
f 2612/1/3 2610/1/3 2611/1/3
f 2615/1/3 2614/1/3 2613/1/3
f 2616/1/3 2614/1/3 2615/1/3
f 2619/2/3 2618/2/3 2617/2/3
f 2620/2/3 2618/2/3 2619/2/3
f 2625/1/3 2622/1/3 2621/1/3
f 2626/1/3 2622/1/3 2625/1/3
f 2630/2/3 2624/2/3 2623/2/3
f 2631/2/3 2624/2/3 2630/2/3
f 2632/2/3 2628/2/3 2627/2/3
f 2633/1/3 2629/1/3 2628/1/3
f 2633/2/3 2628/2/3 2632/2/3
f 2634/2/3 2630/2/3 2629/2/3
f 2634/1/3 2629/1/3 2633/1/3
f 2635/2/3 2630/2/3 2634/2/3
f 2638/2/3 2637/2/3 2636/2/3
f 2639/2/3 2637/2/3 2638/2/3
f 2644/2/3 2641/2/3 2640/2/3
f 2645/2/3 2641/2/3 2644/2/3
f 2646/2/3 2643/2/3 2642/2/3
f 2647/1/3 2644/1/3 2643/1/3
f 2647/2/3 2643/2/3 2646/2/3
f 2648/1/3 2644/1/3 2647/1/3
f 2653/1/3 2650/1/3 2649/1/3
f 2654/1/3 2650/1/3 2653/1/3
f 2655/2/3 2652/2/3 2651/2/3
f 2656/2/3 2652/2/3 2655/2/3
f 2660/2/3 2658/2/3 2657/2/3
f 2660/2/3 2659/2/3 2658/2/3
f 2661/2/3 2659/2/3 2660/2/3
f 2665/2/3 2663/2/3 2662/2/3
f 2666/1/3 2664/1/3 2663/1/3
f 2666/2/3 2663/2/3 2665/2/3
f 2667/1/3 2664/1/3 2666/1/3
f 2672/1/3 2669/1/3 2668/1/3
f 2673/1/3 2669/1/3 2672/1/3
f 2674/2/3 2671/2/3 2670/2/3
f 2675/2/3 2671/2/3 2674/2/3
f 2679/1/3 2677/1/3 2676/1/3
f 2679/1/3 2678/1/3 2677/1/3
f 2680/1/3 2678/1/3 2679/1/3
f 2682/1/3 2681/1/3 2680/1/3
f 2683/1/3 2681/1/3 2682/1/3
f 2689/2/3 2685/2/3 2684/2/3
f 2690/2/3 2685/2/3 2689/2/3
f 2691/2/3 2687/2/3 2686/2/3
f 2692/1/3 2688/1/3 2687/1/3
f 2692/2/3 2687/2/3 2691/2/3
f 2693/1/3 2688/1/3 2692/1/3
f 2698/1/3 2695/1/3 2694/1/3
f 2699/2/3 2697/2/3 2696/2/3
f 2699/1/3 2695/1/3 2698/1/3
f 2699/2/3 2696/2/3 2695/2/3
f 2700/2/3 2697/2/3 2699/2/3
f 2703/2/3 2702/2/3 2701/2/3
f 2704/2/3 2702/2/3 2703/2/3
f 2709/2/3 2706/2/3 2705/2/3
f 2710/2/3 2706/2/3 2709/2/3
f 2711/2/3 2708/2/3 2707/2/3
f 2712/2/3 2708/2/3 2711/2/3
f 2715/2/3 2714/2/3 2713/2/3
f 2716/2/3 2714/2/3 2715/2/3
f 2722/2/3 2718/2/3 2717/2/3
f 2723/2/3 2718/2/3 2722/2/3
f 2724/1/3 2721/1/3 2720/1/3
f 2724/1/3 2720/1/3 2719/1/3
f 2725/1/3 2721/1/3 2724/1/3
f 2730/2/3 2727/2/3 2726/2/3
f 2731/1/3 2728/1/3 2727/1/3
f 2731/2/3 2727/2/3 2730/2/3
f 2732/2/3 2729/2/3 2728/2/3
f 2732/1/3 2728/1/3 2731/1/3
f 2733/2/3 2729/2/3 2732/2/3
f 2736/1/3 2735/1/3 2734/1/3
f 2737/1/3 2735/1/3 2736/1/3
f 2741/1/3 2740/1/3 2739/1/3
f 2741/1/3 2739/1/3 2738/1/3
f 2742/1/3 2740/1/3 2741/1/3
f 2744/1/3 2743/1/3 2742/1/3
f 2745/1/3 2743/1/3 2744/1/3
f 2750/1/3 2747/1/3 2746/1/3
f 2751/1/3 2747/1/3 2750/1/3
f 2752/2/3 2749/2/3 2748/2/3
f 2753/2/3 2749/2/3 2752/2/3
f 2756/2/3 2755/2/3 2754/2/3
f 2757/2/3 2755/2/3 2756/2/3
f 2763/2/3 2759/2/3 2758/2/3
f 2764/2/3 2759/2/3 2763/2/3
f 2765/2/3 2761/2/3 2760/2/3
f 2766/1/3 2762/1/3 2761/1/3
f 2766/2/3 2761/2/3 2765/2/3
f 2767/1/3 2762/1/3 2766/1/3
f 2772/2/3 2771/2/3 2770/2/3
f 2772/2/3 2770/2/3 2769/2/3
f 2772/2/3 2769/2/3 2768/2/3
f 2772/2/3 2768/2/3 2767/2/3
f 2773/2/3 2771/2/3 2772/2/3
f 2776/1/3 2775/1/3 2774/1/3
f 2777/1/3 2775/1/3 2776/1/3
f 2780/1/3 2779/1/3 2778/1/3
f 2781/1/3 2779/1/3 2780/1/3
f 2783/1/3 2782/1/3 2781/1/3
f 2784/1/3 2782/1/3 2783/1/3
f 2790/2/3 2786/2/3 2785/2/3
f 2791/2/3 2786/2/3 2790/2/3
f 2792/1/3 2789/1/3 2788/1/3
f 2792/1/3 2788/1/3 2787/1/3
f 2793/1/3 2789/1/3 2792/1/3
f 2797/1/3 2795/1/3 2794/1/3
f 2798/2/3 2796/2/3 2795/2/3
f 2798/1/3 2795/1/3 2797/1/3
f 2799/2/3 2796/2/3 2798/2/3
f 2802/1/3 2801/1/3 2800/1/3
f 2803/1/3 2801/1/3 2802/1/3
f 2806/1/3 2805/1/3 2804/1/3
f 2807/1/3 2805/1/3 2806/1/3
f 2810/1/3 2809/1/3 2808/1/3
f 2811/1/3 2809/1/3 2810/1/3
f 2813/1/3 2812/1/3 2811/1/3
f 2814/1/3 2812/1/3 2813/1/3
f 2818/2/3 2816/2/3 2815/2/3
f 2819/1/3 2817/1/3 2816/1/3
f 2819/2/3 2816/2/3 2818/2/3
f 2820/1/3 2817/1/3 2819/1/3
f 2823/1/3 2822/1/3 2821/1/3
f 2824/1/3 2822/1/3 2823/1/3
f 2826/1/3 2825/1/3 2824/1/3
f 2827/1/3 2825/1/3 2826/1/3
f 2829/1/3 2828/1/3 2827/1/3
f 2830/1/3 2828/1/3 2829/1/3
f 2835/2/3 2832/2/3 2831/2/3
f 2836/2/3 2832/2/3 2835/2/3
f 2837/2/3 2834/2/3 2833/2/3
f 2838/2/3 2834/2/3 2837/2/3
f 2841/1/3 2840/1/3 2839/1/3
f 2842/1/3 2840/1/3 2841/1/3
f 2845/2/3 2844/2/3 2843/2/3
f 2846/2/3 2844/2/3 2845/2/3
f 2850/2/3 2848/2/3 2847/2/3
f 2850/2/3 2849/2/3 2848/2/3
f 2851/2/3 2849/2/3 2850/2/3
f 2854/2/3 2853/2/3 2852/2/3
f 2855/2/3 2853/2/3 2854/2/3
f 2859/2/3 2857/2/3 2856/2/3
f 2859/2/3 2858/2/3 2857/2/3
f 2860/2/3 2858/2/3 2859/2/3
f 2864/2/3 2862/2/3 2861/2/3
f 2865/1/3 2863/1/3 2862/1/3
f 2865/2/3 2862/2/3 2864/2/3
f 2866/1/3 2863/1/3 2865/1/3
f 2869/2/3 2868/2/3 2867/2/3
f 2870/2/3 2868/2/3 2869/2/3
f 2873/1/3 2872/1/3 2871/1/3
f 2874/1/3 2872/1/3 2873/1/3
f 2877/2/3 2876/2/3 2875/2/3
f 2878/2/3 2876/2/3 2877/2/3
f 2881/2/3 2880/2/3 2879/2/3
f 2882/2/3 2880/2/3 2881/2/3
f 2886/2/3 2883/2/3 2882/2/3
f 2887/2/3 2883/2/3 2886/2/3
f 2888/1/3 2885/1/3 2884/1/3
f 2889/1/3 2885/1/3 2888/1/3
f 2895/1/3 2891/1/3 2890/1/3
f 2896/2/3 2892/2/3 2891/2/3
f 2896/1/3 2891/1/3 2895/1/3
f 2897/2/3 2892/2/3 2896/2/3
f 2898/2/3 2894/2/3 2893/2/3
f 2899/2/3 2894/2/3 2898/2/3
f 2906/1/3 2901/1/3 2900/1/3
f 2907/1/3 2901/1/3 2906/1/3
f 2908/2/3 2903/2/3 2902/2/3
f 2909/2/3 2903/2/3 2908/2/3
f 2910/2/3 2905/2/3 2904/2/3
f 2911/2/3 2905/2/3 2910/2/3
f 2914/2/3 2913/2/3 2912/2/3
f 2915/2/3 2913/2/3 2914/2/3
f 2920/2/3 2917/2/3 2916/2/3
f 2921/2/3 2917/2/3 2920/2/3
f 2922/2/3 2919/2/3 2918/2/3
f 2923/2/3 2919/2/3 2922/2/3
f 2928/2/3 2925/2/3 2924/2/3
f 2929/2/3 2925/2/3 2928/2/3
f 2930/1/3 2926/1/3 2925/1/3
f 2930/2/3 2925/2/3 2929/2/3
f 2931/2/3 2927/2/3 2926/2/3
f 2931/1/3 2926/1/3 2930/1/3
f 2932/2/3 2927/2/3 2931/2/3
f 2937/1/3 2934/1/3 2933/1/3
f 2938/1/3 2934/1/3 2937/1/3
f 2939/2/3 2936/2/3 2935/2/3
f 2940/2/3 2936/2/3 2939/2/3
f 2943/2/3 2942/2/3 2941/2/3
f 2944/2/3 2942/2/3 2943/2/3
f 2948/1/3 2946/1/3 2945/1/3
f 2949/1/3 2946/1/3 2948/1/3
f 2952/2/3 2948/2/3 2947/2/3
f 2952/2/3 2949/2/3 2948/2/3
f 2953/2/3 2949/2/3 2952/2/3
f 2954/2/3 2949/2/3 2953/2/3
f 2955/2/3 2949/2/3 2954/2/3
f 2956/2/3 2951/2/3 2950/2/3
f 2957/2/3 2951/2/3 2956/2/3
f 2962/2/3 2959/2/3 2958/2/3
f 2963/1/3 2960/1/3 2959/1/3
f 2963/2/3 2959/2/3 2962/2/3
f 2964/1/3 2960/1/3 2963/1/3
f 2965/2/3 2961/2/3 2960/2/3
f 2965/1/3 2960/1/3 2964/1/3
f 2966/2/3 2961/2/3 2965/2/3
f 2971/2/3 2968/2/3 2967/2/3
f 2972/2/3 2968/2/3 2971/2/3
f 2973/2/3 2968/2/3 2972/2/3
f 2974/2/3 2970/2/3 2969/2/3
f 2975/2/3 2970/2/3 2974/2/3
f 2979/2/3 2977/2/3 2976/2/3
f 2980/2/3 2977/2/3 2979/2/3
f 2983/2/3 2979/2/3 2978/2/3
f 2984/2/3 2979/2/3 2983/2/3
f 2986/2/3 2982/2/3 2981/2/3
f 2987/1/3 2983/1/3 2982/1/3
f 2987/2/3 2982/2/3 2986/2/3
f 2988/1/3 2983/1/3 2987/1/3
f 2989/2/3 2986/2/3 2985/2/3
f 2990/2/3 2986/2/3 2989/2/3
f 2994/1/3 2992/1/3 2991/1/3
f 2994/2/3 2993/2/3 2992/2/3
f 2995/2/3 2993/2/3 2994/2/3
f 2997/1/3 2994/1/3 2991/1/3
f 2997/1/3 2995/1/3 2994/1/3
f 2998/1/3 2995/1/3 2997/1/3
f 3000/2/3 2997/2/3 2996/2/3
f 3001/1/3 2998/1/3 2997/1/3
f 3001/2/3 2997/2/3 3000/2/3
f 3002/1/3 2998/1/3 3001/1/3
f 3003/2/3 2999/2/3 2998/2/3
f 3003/1/3 2998/1/3 3002/1/3
f 3004/2/3 2999/2/3 3003/2/3
f 3009/1/3 3006/1/3 3005/1/3
f 3010/1/3 3006/1/3 3009/1/3
f 3011/2/3 3008/2/3 3007/2/3
f 3012/2/3 3008/2/3 3011/2/3
f 3016/1/3 3014/1/3 3013/1/3
f 3017/1/3 3014/1/3 3016/1/3
f 3019/2/3 3016/2/3 3015/2/3
f 3020/2/3 3016/2/3 3019/2/3
f 3021/2/3 3016/2/3 3020/2/3
f 3023/1/3 3019/1/3 3018/1/3
f 3024/1/3 3019/1/3 3023/1/3
f 3025/2/3 3023/2/3 3022/2/3
f 3026/2/3 3023/2/3 3025/2/3
f 3030/2/3 3028/2/3 3027/2/3
f 3031/2/3 3028/2/3 3030/2/3
f 3033/2/3 3030/2/3 3029/2/3
f 3034/1/3 3031/1/3 3030/1/3
f 3034/2/3 3030/2/3 3033/2/3
f 3035/1/3 3031/1/3 3034/1/3
f 3036/2/3 3032/2/3 3031/2/3
f 3036/1/3 3031/1/3 3035/1/3
f 3037/2/3 3032/2/3 3036/2/3
f 3040/1/3 3034/1/3 3033/1/3
f 3041/1/3 3037/1/3 3036/1/3
f 3042/1/3 3040/1/3 3039/1/3
f 3042/1/3 3034/1/3 3040/1/3
f 3043/1/3 3034/1/3 3042/1/3
f 3044/1/3 3037/1/3 3041/1/3
f 3045/1/3 3037/1/3 3044/1/3
f 3046/1/3 3042/1/3 3039/1/3
f 3049/2/3 3039/2/3 3038/2/3
f 3050/1/3 3046/1/3 3039/1/3
f 3050/2/3 3039/2/3 3049/2/3
f 3051/1/3 3046/1/3 3050/1/3
f 3052/2/3 3048/2/3 3047/2/3
f 3053/2/3 3048/2/3 3052/2/3
f 3058/1/3 3055/1/3 3054/1/3
f 3059/1/3 3055/1/3 3058/1/3
f 3060/1/3 3057/1/3 3056/1/3
f 3061/2/3 3058/2/3 3057/2/3
f 3061/1/3 3057/1/3 3060/1/3
f 3062/2/3 3058/2/3 3061/2/3
f 3067/1/3 3064/1/3 3063/1/3
f 3068/2/3 3065/2/3 3064/2/3
f 3068/1/3 3064/1/3 3067/1/3
f 3069/2/3 3065/2/3 3068/2/3
f 3072/1/3 3067/1/3 3066/1/3
f 3072/1/3 3068/1/3 3067/1/3
f 3072/1/3 3069/1/3 3068/1/3
f 3073/1/3 3069/1/3 3072/1/3
f 3074/2/3 3070/2/3 3069/2/3
f 3074/1/3 3069/1/3 3073/1/3
f 3075/1/3 3073/1/3 3072/1/3
f 3075/1/3 3072/1/3 3071/1/3
f 3076/1/3 3073/1/3 3075/1/3
f 3077/1/3 3073/1/3 3076/1/3
f 3078/2/3 3070/2/3 3074/2/3
f 3079/2/3 3070/2/3 3078/2/3
f 3080/2/3 3076/2/3 3075/2/3
f 3081/2/3 3076/2/3 3080/2/3
f 3084/1/3 3081/1/3 3080/1/3
f 3085/1/3 3081/1/3 3084/1/3
f 3086/1/3 3081/1/3 3085/1/3
f 3087/2/3 3083/2/3 3082/2/3
f 3088/2/3 3083/2/3 3087/2/3
f 3089/2/3 3083/2/3 3088/2/3
f 3093/1/3 3091/1/3 3090/1/3
f 3094/1/3 3091/1/3 3093/1/3
f 3096/1/3 3093/1/3 3092/1/3
f 3097/1/3 3093/1/3 3096/1/3
f 3098/1/3 3093/1/3 3097/1/3
f 3100/2/3 3096/2/3 3095/2/3
f 3101/2/3 3096/2/3 3100/2/3
f 3103/1/3 3100/1/3 3099/1/3
f 3104/1/3 3100/1/3 3103/1/3
f 3105/1/3 3103/1/3 3102/1/3
f 3106/1/3 3103/1/3 3105/1/3
f 3112/2/3 3108/2/3 3107/2/3
f 3113/2/3 3110/2/3 3109/2/3
f 3116/1/3 3112/1/3 3111/1/3
f 3117/2/3 3108/2/3 3112/2/3
f 3117/1/3 3112/1/3 3116/1/3
f 3118/1/3 3109/1/3 3108/1/3
f 3118/2/3 3108/2/3 3117/2/3
f 3119/2/3 3114/2/3 3113/2/3
f 3119/1/3 3109/1/3 3118/1/3
f 3119/2/3 3113/2/3 3109/2/3
f 3120/2/3 3114/2/3 3119/2/3
f 3121/1/3 3117/1/3 3116/1/3
f 3121/1/3 3116/1/3 3115/1/3
f 3122/1/3 3117/1/3 3121/1/3
f 3123/2/3 3114/2/3 3120/2/3
f 3124/2/3 3114/2/3 3123/2/3
f 3125/1/3 3121/1/3 3115/1/3
f 3126/1/3 3121/1/3 3125/1/3
f 3129/2/3 3128/2/3 3127/2/3
f 3130/2/3 3128/2/3 3129/2/3
f 3134/2/3 3132/2/3 3131/2/3
f 3135/2/3 3132/2/3 3134/2/3
f 3137/2/3 3134/2/3 3133/2/3
f 3138/2/3 3134/2/3 3137/2/3
f 3140/2/3 3137/2/3 3136/2/3
f 3141/2/3 3137/2/3 3140/2/3
f 3143/1/3 3140/1/3 3139/1/3
f 3144/1/3 3140/1/3 3143/1/3
f 3145/1/3 3143/1/3 3142/1/3
f 3146/1/3 3143/1/3 3145/1/3
f 3151/2/3 3148/2/3 3147/2/3
f 3151/1/3 3149/1/3 3148/1/3
f 3152/1/3 3149/1/3 3151/1/3
f 3153/1/3 3149/1/3 3152/1/3
f 3154/2/3 3150/2/3 3149/2/3
f 3154/1/3 3149/1/3 3153/1/3
f 3155/2/3 3150/2/3 3154/2/3
f 3156/2/3 3150/2/3 3155/2/3
f 3157/2/3 3150/2/3 3156/2/3
f 3158/2/3 3151/2/3 3147/2/3
f 3158/2/3 3152/2/3 3151/2/3
f 3159/2/3 3152/2/3 3158/2/3
f 3160/1/3 3153/1/3 3152/1/3
f 3160/2/3 3152/2/3 3159/2/3
f 3161/1/3 3153/1/3 3160/1/3
f 3162/1/3 3157/1/3 3156/1/3
f 3163/1/3 3157/1/3 3162/1/3
f 3164/1/3 3159/1/3 3158/1/3
f 3165/2/3 3160/2/3 3159/2/3
f 3165/1/3 3159/1/3 3164/1/3
f 3166/2/3 3160/2/3 3165/2/3
f 3169/2/3 3168/2/3 3167/2/3
f 3170/2/3 3168/2/3 3169/2/3
f 3171/2/3 3168/2/3 3170/2/3
f 3175/2/3 3173/2/3 3172/2/3
f 3176/2/3 3173/2/3 3175/2/3
f 3178/2/3 3175/2/3 3174/2/3
f 3179/2/3 3175/2/3 3178/2/3
f 3181/2/3 3178/2/3 3177/2/3
f 3182/2/3 3178/2/3 3181/2/3
f 3184/2/3 3181/2/3 3180/2/3
f 3185/2/3 3181/2/3 3184/2/3
f 3186/2/3 3184/2/3 3183/2/3
f 3187/2/3 3184/2/3 3186/2/3
f 3190/1/3 3189/1/3 3188/1/3
f 3191/1/3 3189/1/3 3190/1/3
f 3194/2/3 3191/2/3 3190/2/3
f 3194/2/3 3192/2/3 3191/2/3
f 3195/2/3 3192/2/3 3194/2/3
f 3196/2/3 3192/2/3 3195/2/3
f 3197/1/3 3193/1/3 3192/1/3
f 3197/2/3 3192/2/3 3196/2/3
f 3198/1/3 3193/1/3 3197/1/3
f 3201/2/3 3200/2/3 3199/2/3
f 3202/2/3 3200/2/3 3201/2/3
f 3203/2/3 3200/2/3 3202/2/3
f 3207/2/3 3205/2/3 3204/2/3
f 3208/2/3 3205/2/3 3207/2/3
f 3209/1/3 3207/1/3 3206/1/3
f 3210/1/3 3207/1/3 3209/1/3
f 3211/1/3 3207/1/3 3210/1/3
f 3213/2/3 3210/2/3 3209/2/3
f 3214/2/3 3210/2/3 3213/2/3
f 3216/1/3 3213/1/3 3212/1/3
f 3217/1/3 3213/1/3 3216/1/3
f 3218/1/3 3216/1/3 3215/1/3
f 3219/1/3 3216/1/3 3218/1/3
f 3222/1/3 3221/1/3 3220/1/3
f 3223/1/3 3221/1/3 3222/1/3
f 3224/1/3 3221/1/3 3223/1/3
f 3227/1/3 3224/1/3 3223/1/3
f 3227/1/3 3225/1/3 3224/1/3
f 3228/2/3 3226/2/3 3225/2/3
f 3228/1/3 3225/1/3 3227/1/3
f 3229/2/3 3226/2/3 3228/2/3
f 3232/2/3 3231/2/3 3230/2/3
f 3233/2/3 3231/2/3 3232/2/3
f 3236/1/3 3235/1/3 3234/1/3
f 3237/1/3 3235/1/3 3236/1/3
f 3239/2/3 3237/2/3 3236/2/3
f 3240/2/3 3237/2/3 3239/2/3
f 3241/1/3 3239/1/3 3238/1/3
f 3242/1/3 3239/1/3 3241/1/3
f 3244/1/3 3241/1/3 3238/1/3
f 3245/2/3 3242/2/3 3241/2/3
f 3245/1/3 3241/1/3 3244/1/3
f 3246/2/3 3242/2/3 3245/2/3
f 3247/1/3 3244/1/3 3243/1/3
f 3249/1/3 3247/1/3 3243/1/3
f 3250/1/3 3247/1/3 3249/1/3
f 3251/1/3 3249/1/3 3248/1/3
f 3252/1/3 3249/1/3 3251/1/3
f 3256/1/3 3254/1/3 3253/1/3
f 3257/2/3 3255/2/3 3254/2/3
f 3257/1/3 3254/1/3 3256/1/3
f 3258/2/3 3255/2/3 3257/2/3
f 3260/2/3 3259/2/3 3258/2/3
f 3261/2/3 3259/2/3 3260/2/3
f 3262/2/3 3259/2/3 3261/2/3
f 3265/2/3 3264/2/3 3263/2/3
f 3266/2/3 3264/2/3 3265/2/3
f 3270/2/3 3268/2/3 3267/2/3
f 3271/2/3 3268/2/3 3270/2/3
f 3272/1/3 3270/1/3 3269/1/3
f 3273/1/3 3270/1/3 3272/1/3
f 3275/1/3 3272/1/3 3269/1/3
f 3276/2/3 3273/2/3 3272/2/3
f 3276/1/3 3272/1/3 3275/1/3
f 3277/2/3 3273/2/3 3276/2/3
f 3279/1/3 3275/1/3 3274/1/3
f 3280/1/3 3275/1/3 3279/1/3
f 3281/1/3 3279/1/3 3278/1/3
f 3282/1/3 3279/1/3 3281/1/3
f 3283/1/3 3279/1/3 3282/1/3
f 3286/2/3 3285/2/3 3284/2/3
f 3287/2/3 3285/2/3 3286/2/3
f 3288/2/3 3285/2/3 3287/2/3
f 3291/1/3 3290/1/3 3289/1/3
f 3292/1/3 3290/1/3 3291/1/3
f 3295/1/3 3294/1/3 3293/1/3
f 3296/1/3 3294/1/3 3295/1/3
f 3299/1/3 3298/1/3 3297/1/3
f 3300/1/3 3298/1/3 3299/1/3
f 3302/2/3 3300/2/3 3299/2/3
f 3303/2/3 3300/2/3 3302/2/3
f 3305/1/3 3302/1/3 3301/1/3
f 3306/1/3 3302/1/3 3305/1/3
f 3307/1/3 3302/1/3 3306/1/3
f 3308/1/3 3305/1/3 3304/1/3
f 3308/1/3 3306/1/3 3305/1/3
f 3309/2/3 3307/2/3 3306/2/3
f 3309/1/3 3306/1/3 3308/1/3
f 3310/2/3 3307/2/3 3309/2/3
f 3312/1/3 3308/1/3 3304/1/3
f 3313/1/3 3308/1/3 3312/1/3
f 3313/1/3 3312/1/3 3311/1/3
f 3314/1/3 3308/1/3 3313/1/3
f 3315/1/3 3313/1/3 3311/1/3
f 3316/1/3 3313/1/3 3315/1/3
f 3319/1/3 3318/1/3 3317/1/3
f 3320/1/3 3318/1/3 3319/1/3
f 3323/2/3 3322/2/3 3321/2/3
f 3324/2/3 3322/2/3 3323/2/3
f 3328/1/3 3326/1/3 3325/1/3
f 3329/1/3 3326/1/3 3328/1/3
f 3330/1/3 3328/1/3 3327/1/3
f 3331/1/3 3328/1/3 3330/1/3
f 3333/1/3 3330/1/3 3327/1/3
f 3334/1/3 3330/1/3 3333/1/3
f 3335/2/3 3331/2/3 3330/2/3
f 3335/1/3 3330/1/3 3334/1/3
f 3336/2/3 3331/2/3 3335/2/3
f 3337/1/3 3334/1/3 3333/1/3
f 3337/1/3 3333/1/3 3332/1/3
f 3338/1/3 3334/1/3 3337/1/3
f 3339/1/3 3334/1/3 3338/1/3
f 3340/1/3 3338/1/3 3337/1/3
f 3341/1/3 3338/1/3 3340/1/3
f 3342/1/3 3338/1/3 3341/1/3
f 3345/2/3 3344/2/3 3343/2/3
f 3346/2/3 3344/2/3 3345/2/3
f 3349/2/3 3348/2/3 3347/2/3
f 3350/2/3 3348/2/3 3349/2/3
f 3353/2/3 3352/2/3 3351/2/3
f 3354/2/3 3352/2/3 3353/2/3
f 3358/1/3 3356/1/3 3355/1/3
f 3359/1/3 3356/1/3 3358/1/3
f 3360/1/3 3358/1/3 3357/1/3
f 3361/1/3 3358/1/3 3360/1/3
f 3362/1/3 3358/1/3 3361/1/3
f 3363/1/3 3361/1/3 3360/1/3
f 3364/1/3 3361/1/3 3363/1/3
f 3367/2/3 3366/2/3 3365/2/3
f 3368/2/3 3366/2/3 3367/2/3
f 3373/1/3 3370/1/3 3369/1/3
f 3374/1/3 3370/1/3 3373/1/3
f 3375/1/3 3372/1/3 3371/1/3
f 3376/2/3 3373/2/3 3372/2/3
f 3376/1/3 3372/1/3 3375/1/3
f 3377/2/3 3373/2/3 3376/2/3
f 3381/1/3 3379/1/3 3378/1/3
f 3382/2/3 3380/2/3 3379/2/3
f 3382/1/3 3379/1/3 3381/1/3
f 3383/2/3 3380/2/3 3382/2/3
f 3384/2/3 3380/2/3 3383/2/3
f 3387/2/3 3386/2/3 3385/2/3
f 3388/2/3 3386/2/3 3387/2/3
f 3391/2/3 3390/2/3 3389/2/3
f 3392/2/3 3390/2/3 3391/2/3
f 3393/2/3 3390/2/3 3392/2/3
f 3397/1/3 3395/1/3 3394/1/3
f 3398/2/3 3396/2/3 3395/2/3
f 3398/1/3 3395/1/3 3397/1/3
f 3399/2/3 3396/2/3 3398/2/3
f 3402/1/3 3401/1/3 3400/1/3
f 3403/1/3 3401/1/3 3402/1/3
f 3408/2/3 3405/2/3 3404/2/3
f 3409/2/3 3405/2/3 3408/2/3
f 3413/2/3 3407/2/3 3406/2/3
f 3414/2/3 3407/2/3 3413/2/3
f 3415/2/3 3411/2/3 3410/2/3
f 3416/1/3 3412/1/3 3411/1/3
f 3416/2/3 3411/2/3 3415/2/3
f 3417/2/3 3413/2/3 3412/2/3
f 3417/1/3 3412/1/3 3416/1/3
f 3418/2/3 3413/2/3 3417/2/3
f 3421/1/3 3420/1/3 3419/1/3
f 3422/1/3 3420/1/3 3421/1/3
f 3423/1/3 3420/1/3 3422/1/3
f 3426/1/3 3425/1/3 3424/1/3
f 3427/1/3 3425/1/3 3426/1/3
f 3430/1/3 3429/1/3 3428/1/3
f 3431/1/3 3429/1/3 3430/1/3
f 3436/1/3 3433/1/3 3432/1/3
f 3437/1/3 3433/1/3 3436/1/3
f 3438/2/3 3435/2/3 3434/2/3
f 3439/1/3 3436/1/3 3435/1/3
f 3439/2/3 3435/2/3 3438/2/3
f 3440/1/3 3436/1/3 3439/1/3
f 3443/1/3 3442/1/3 3441/1/3
f 3444/1/3 3442/1/3 3443/1/3
f 3449/1/3 3446/1/3 3445/1/3
f 3450/1/3 3446/1/3 3449/1/3
f 3453/1/3 3448/1/3 3447/1/3
f 3454/1/3 3448/1/3 3453/1/3
f 3455/1/3 3452/1/3 3451/1/3
f 3456/2/3 3453/2/3 3452/2/3
f 3456/1/3 3452/1/3 3455/1/3
f 3456/2/3 3454/2/3 3453/2/3
f 3457/2/3 3454/2/3 3456/2/3
f 3460/2/3 3459/2/3 3458/2/3
f 3461/2/3 3459/2/3 3460/2/3
f 3464/1/3 3461/1/3 3460/1/3
f 3465/1/3 3461/1/3 3464/1/3
f 3466/1/3 3463/1/3 3462/1/3
f 3468/2/3 3465/2/3 3464/2/3
f 3469/2/3 3465/2/3 3468/2/3
f 3470/1/3 3467/1/3 3466/1/3
f 3470/1/3 3466/1/3 3462/1/3
f 3471/1/3 3467/1/3 3470/1/3
f 3475/1/3 3473/1/3 3472/1/3
f 3476/2/3 3474/2/3 3473/2/3
f 3476/1/3 3473/1/3 3475/1/3
f 3477/2/3 3474/2/3 3476/2/3
f 3480/2/3 3479/2/3 3478/2/3
f 3481/2/3 3479/2/3 3480/2/3
f 3482/1/3 3481/1/3 3480/1/3
f 3483/1/3 3481/1/3 3482/1/3
f 3485/2/3 3483/2/3 3482/2/3
f 3485/2/3 3484/2/3 3483/2/3
f 3486/2/3 3484/2/3 3485/2/3
f 3489/1/3 3488/1/3 3487/1/3
f 3490/1/3 3488/1/3 3489/1/3
f 3493/2/3 3492/2/3 3491/2/3
f 3494/2/3 3492/2/3 3493/2/3
f 3499/1/3 3496/1/3 3495/1/3
f 3500/1/3 3496/1/3 3499/1/3
f 3501/1/3 3498/1/3 3497/1/3
f 3502/1/3 3498/1/3 3501/1/3
f 3504/1/3 3500/1/3 3499/1/3
f 3504/1/3 3503/1/3 3502/1/3
f 3504/1/3 3502/1/3 3501/1/3
f 3504/1/3 3501/1/3 3500/1/3
f 3506/1/3 3504/1/3 3499/1/3
f 3506/1/3 3505/1/3 3504/1/3
f 3507/1/3 3505/1/3 3506/1/3
f 3508/1/3 3505/1/3 3507/1/3
f 3509/1/3 3505/1/3 3508/1/3
f 3510/1/3 3505/1/3 3509/1/3
f 3511/1/3 3505/1/3 3510/1/3
f 3512/1/3 3505/1/3 3511/1/3
f 3513/1/3 3509/1/3 3508/1/3
f 3514/1/3 3509/1/3 3513/1/3
f 3515/2/3 3510/2/3 3509/2/3
f 3515/1/3 3509/1/3 3514/1/3
f 3516/1/3 3511/1/3 3510/1/3
f 3516/2/3 3510/2/3 3515/2/3
f 3517/1/3 3511/1/3 3516/1/3
f 3518/1/3 3514/1/3 3513/1/3
f 3519/1/3 3514/1/3 3518/1/3
f 3520/2/4 3521/2/4 3522/2/4
f 3522/2/4 3521/2/4 3523/2/4
f 3524/2/4 3525/2/4 3528/2/4
f 3525/2/4 3526/2/4 3528/2/4
f 3526/1/4 3527/1/4 3529/1/4
f 3528/2/4 3526/2/4 3529/2/4
f 3529/1/4 3527/1/4 3530/1/4
f 3530/2/4 3531/2/4 3532/2/4
f 3532/2/4 3531/2/4 3533/2/4
f 3534/2/4 3535/2/4 3539/2/4
f 3535/2/4 3536/2/4 3539/2/4
f 3537/1/4 3538/1/4 3540/1/4
f 3539/2/4 3536/2/4 3540/2/4
f 3536/1/4 3537/1/4 3540/1/4
f 3540/1/4 3538/1/4 3541/1/4
f 3541/1/4 3542/1/4 3543/1/4
f 3543/1/4 3542/1/4 3544/1/4
f 3545/1/4 3546/1/4 3548/1/4
f 3546/2/4 3547/2/4 3549/2/4
f 3548/1/4 3546/1/4 3549/1/4
f 3549/2/4 3547/2/4 3550/2/4
f 3551/1/4 3552/1/4 3553/1/4
f 3553/1/4 3552/1/4 3554/1/4
f 3554/1/4 3555/1/4 3557/1/4
f 3555/2/4 3556/2/4 3558/2/4
f 3557/1/4 3555/1/4 3558/1/4
f 3558/2/4 3556/2/4 3559/2/4
f 3559/1/4 3560/1/4 3561/1/4
f 3561/1/4 3560/1/4 3562/1/4
f 3563/2/4 3564/2/4 3565/2/4
f 3565/2/4 3564/2/4 3566/2/4
f 3567/2/4 3568/2/4 3572/2/4
f 3568/2/4 3569/2/4 3572/2/4
f 3570/1/4 3571/1/4 3573/1/4
f 3572/2/4 3569/2/4 3573/2/4
f 3569/1/4 3570/1/4 3573/1/4
f 3573/1/4 3571/1/4 3574/1/4
f 3575/1/4 3576/1/4 3577/1/4
f 3577/1/4 3576/1/4 3578/1/4
f 3579/1/4 3580/1/4 3582/1/4
f 3580/2/4 3581/2/4 3583/2/4
f 3582/1/4 3580/1/4 3583/1/4
f 3583/2/4 3581/2/4 3584/2/4
f 3584/2/4 3585/2/4 3586/2/4
f 3586/2/4 3585/2/4 3587/2/4
f 3588/1/4 3589/1/4 3590/1/4
f 3590/1/4 3589/1/4 3591/1/4
f 3592/1/4 3593/1/4 3598/1/4
f 3593/2/4 3594/2/4 3599/2/4
f 3598/1/4 3593/1/4 3599/1/4
f 3594/2/4 3595/2/4 3599/2/4
f 3595/1/4 3596/1/4 3600/1/4
f 3599/2/4 3595/2/4 3600/2/4
f 3596/2/4 3597/2/4 3601/2/4
f 3600/1/4 3596/1/4 3601/1/4
f 3601/2/4 3597/2/4 3602/2/4
f 3603/2/4 3604/2/4 3606/2/4
f 3604/2/4 3605/2/4 3606/2/4
f 3606/2/4 3605/2/4 3607/2/4
f 3608/2/4 3609/2/4 3614/2/4
f 3609/2/4 3610/2/4 3614/2/4
f 3610/1/4 3611/1/4 3615/1/4
f 3614/2/4 3610/2/4 3615/2/4
f 3615/1/4 3611/1/4 3616/1/4
f 3612/2/4 3613/2/4 3617/2/4
f 3617/2/4 3613/2/4 3618/2/4
f 3619/1/4 3620/1/4 3621/1/4
f 3621/1/4 3620/1/4 3622/1/4
f 3623/1/4 3624/1/4 3625/1/4
f 3625/1/4 3624/1/4 3626/1/4
f 3626/1/4 3627/1/4 3628/1/4
f 3628/1/4 3627/1/4 3629/1/4
f 3630/2/4 3631/2/4 3635/2/4
f 3635/2/4 3631/2/4 3636/2/4
f 3632/2/4 3633/2/4 3637/2/4
f 3633/1/4 3634/1/4 3638/1/4
f 3637/2/4 3633/2/4 3638/2/4
f 3638/1/4 3634/1/4 3639/1/4
f 3640/1/4 3641/1/4 3643/1/4
f 3641/2/4 3642/2/4 3644/2/4
f 3643/1/4 3641/1/4 3644/1/4
f 3644/2/4 3642/2/4 3645/2/4
f 3646/1/4 3647/1/4 3648/1/4
f 3648/1/4 3647/1/4 3649/1/4
f 3650/2/4 3651/2/4 3654/2/4
f 3654/2/4 3651/2/4 3655/2/4
f 3652/1/4 3653/1/4 3656/1/4
f 3656/1/4 3653/1/4 3657/1/4
f 3657/1/4 3658/1/4 3662/1/4
f 3660/2/4 3661/2/4 3663/2/4
f 3662/1/4 3658/1/4 3663/1/4
f 3659/2/4 3660/2/4 3663/2/4
f 3658/2/4 3659/2/4 3663/2/4
f 3663/2/4 3661/2/4 3664/2/4
f 3665/2/4 3666/2/4 3667/2/4
f 3667/2/4 3666/2/4 3668/2/4
f 3669/1/4 3670/1/4 3673/1/4
f 3673/1/4 3670/1/4 3674/1/4
f 3671/2/4 3672/2/4 3675/2/4
f 3675/2/4 3672/2/4 3676/2/4
f 3677/2/4 3678/2/4 3679/2/4
f 3679/2/4 3678/2/4 3680/2/4
f 3680/1/4 3681/1/4 3682/1/4
f 3682/1/4 3681/1/4 3683/1/4
f 3684/2/4 3685/2/4 3688/2/4
f 3688/2/4 3685/2/4 3689/2/4
f 3686/1/4 3687/1/4 3690/1/4
f 3690/1/4 3687/1/4 3691/1/4
f 3694/2/4 3695/2/4 3696/2/4
f 3693/2/4 3694/2/4 3696/2/4
f 3692/2/4 3693/2/4 3696/2/4
f 3696/2/4 3695/2/4 3697/2/4
f 3698/1/4 3699/1/4 3702/1/4
f 3702/1/4 3699/1/4 3703/1/4
f 3700/2/4 3701/2/4 3704/2/4
f 3704/2/4 3701/2/4 3705/2/4
f 3706/2/4 3707/2/4 3708/2/4
f 3708/2/4 3707/2/4 3709/2/4
f 3710/2/4 3711/2/4 3713/2/4
f 3711/2/4 3712/2/4 3713/2/4
f 3713/2/4 3712/2/4 3714/2/4
f 3715/2/4 3716/2/4 3721/2/4
f 3721/2/4 3716/2/4 3722/2/4
f 3717/2/4 3718/2/4 3723/2/4
f 3723/2/4 3718/2/4 3724/2/4
f 3719/2/4 3720/2/4 3725/2/4
f 3720/1/4 3721/1/4 3726/1/4
f 3725/2/4 3720/2/4 3726/2/4
f 3726/1/4 3721/1/4 3727/1/4
f 3728/1/4 3729/1/4 3730/1/4
f 3730/1/4 3729/1/4 3731/1/4
f 3732/1/4 3733/1/4 3734/1/4
f 3734/1/4 3733/1/4 3735/1/4
f 3736/2/4 3737/2/4 3739/2/4
f 3737/1/4 3738/1/4 3740/1/4
f 3739/2/4 3737/2/4 3740/2/4
f 3740/1/4 3738/1/4 3741/1/4
f 3742/1/4 3743/1/4 3744/1/4
f 3744/1/4 3743/1/4 3745/1/4
f 3746/1/4 3747/1/4 3750/1/4
f 3750/1/4 3747/1/4 3751/1/4
f 3748/2/4 3749/2/4 3755/2/4
f 3755/2/4 3749/2/4 3756/2/4
f 3752/2/4 3753/2/4 3757/2/4
f 3753/1/4 3754/1/4 3758/1/4
f 3757/2/4 3753/2/4 3758/2/4
f 3754/2/4 3755/2/4 3759/2/4
f 3758/1/4 3754/1/4 3759/1/4
f 3759/2/4 3755/2/4 3760/2/4
f 3761/1/4 3762/1/4 3764/1/4
f 3762/2/4 3763/2/4 3765/2/4
f 3764/1/4 3762/1/4 3765/1/4
f 3765/2/4 3763/2/4 3766/2/4
f 3767/1/4 3768/1/4 3769/1/4
f 3769/1/4 3768/1/4 3770/1/4
f 3771/1/4 3772/1/4 3773/1/4
f 3773/1/4 3772/1/4 3774/1/4
f 3775/2/4 3776/2/4 3777/2/4
f 3777/2/4 3776/2/4 3778/2/4
f 3779/1/4 3780/1/4 3783/1/4
f 3783/1/4 3780/1/4 3784/1/4
f 3781/1/4 3782/1/4 3788/1/4
f 3788/1/4 3782/1/4 3789/1/4
f 3785/1/4 3786/1/4 3790/1/4
f 3786/2/4 3787/2/4 3791/2/4
f 3790/1/4 3786/1/4 3791/1/4
f 3787/1/4 3788/1/4 3792/1/4
f 3791/2/4 3787/2/4 3792/2/4
f 3792/1/4 3788/1/4 3793/1/4
f 3794/1/4 3795/1/4 3797/1/4
f 3795/2/4 3796/2/4 3798/2/4
f 3797/1/4 3795/1/4 3798/1/4
f 3798/2/4 3796/2/4 3799/2/4
f 3800/2/4 3801/2/4 3803/2/4
f 3801/1/4 3802/1/4 3804/1/4
f 3803/2/4 3801/2/4 3804/2/4
f 3804/1/4 3802/1/4 3805/1/4
f 3806/2/4 3807/2/4 3808/2/4
f 3808/2/4 3807/2/4 3809/2/4
f 3810/2/4 3811/2/4 3812/2/4
f 3812/2/4 3811/2/4 3813/2/4
f 3814/2/4 3815/2/4 3816/2/4
f 3816/2/4 3815/2/4 3817/2/4
f 3818/1/4 3819/1/4 3820/1/4
f 3820/1/4 3819/1/4 3821/1/4
f 3822/1/4 3823/1/4 3826/1/4
f 3826/1/4 3823/1/4 3827/1/4
f 3824/1/4 3825/1/4 3831/1/4
f 3831/1/4 3825/1/4 3832/1/4
f 3827/1/4 3828/1/4 3833/1/4
f 3828/2/4 3829/2/4 3834/2/4
f 3833/1/4 3828/1/4 3834/1/4
f 3829/1/4 3830/1/4 3835/1/4
f 3834/2/4 3829/2/4 3835/2/4
f 3830/2/4 3831/2/4 3836/2/4
f 3835/1/4 3830/1/4 3836/1/4
f 3836/2/4 3831/2/4 3837/2/4
f 3838/2/4 3839/2/4 3840/2/4
f 3840/2/4 3839/2/4 3841/2/4
f 3842/1/4 3843/1/4 3844/1/4
f 3844/1/4 3843/1/4 3845/1/4
f 3846/2/4 3847/2/4 3848/2/4
f 3848/2/4 3847/2/4 3849/2/4
f 3850/1/4 3851/1/4 3854/1/4
f 3854/1/4 3851/1/4 3855/1/4
f 3852/2/4 3853/2/4 3857/2/4
f 3857/2/4 3853/2/4 3858/2/4
f 3856/2/4 3857/2/4 3859/2/4
f 3859/2/4 3857/2/4 3860/2/4
f 3860/2/4 3857/2/4 3861/2/4
f 3862/1/4 3863/1/4 3864/1/4
f 3864/1/4 3863/1/4 3865/1/4
f 3866/1/4 3867/1/4 3868/1/4
f 3868/1/4 3867/1/4 3869/1/4
f 3870/1/4 3871/1/4 3872/1/4
f 3872/1/4 3871/1/4 3873/1/4
f 3874/1/4 3875/1/4 3876/1/4
f 3876/1/4 3875/1/4 3877/1/4
f 3878/2/4 3879/2/4 3880/2/4
f 3880/2/4 3879/2/4 3881/2/4
f 3882/1/4 3883/1/4 3884/1/4
f 3884/1/4 3883/1/4 3885/1/4
f 3885/1/4 3883/1/4 3886/1/4
f 3887/1/4 3888/1/4 3889/1/4
f 3889/1/4 3888/1/4 3890/1/4
f 3890/1/4 3891/1/4 3893/1/4
f 3891/2/4 3892/2/4 3894/2/4
f 3893/1/4 3891/1/4 3894/1/4
f 3894/2/4 3892/2/4 3895/2/4
f 3896/1/4 3897/1/4 3898/1/4
f 3898/1/4 3897/1/4 3899/1/4
f 3900/2/4 3901/2/4 3904/2/4
f 3904/2/4 3901/2/4 3905/2/4
f 3902/1/4 3903/1/4 3906/1/4
f 3906/1/4 3903/1/4 3907/1/4
f 3908/1/4 3909/1/4 3910/1/4
f 3910/1/4 3909/1/4 3911/1/4
f 3912/1/4 3913/1/4 3914/1/4
f 3914/1/4 3913/1/4 3915/1/4
f 3916/1/4 3917/1/4 3922/1/4
f 3922/1/4 3917/1/4 3923/1/4
f 3918/2/4 3919/2/4 3924/2/4
f 3919/1/4 3920/1/4 3925/1/4
f 3924/2/4 3919/2/4 3925/2/4
f 3925/1/4 3920/1/4 3926/1/4
f 3921/1/4 3922/1/4 3927/1/4
f 3927/1/4 3922/1/4 3928/1/4
f 3929/2/4 3930/2/4 3931/2/4
f 3931/2/4 3930/2/4 3932/2/4
f 3933/1/4 3934/1/4 3935/1/4
f 3935/1/4 3934/1/4 3936/1/4
f 3936/2/4 3937/2/4 3938/2/4
f 3938/2/4 3937/2/4 3939/2/4
f 3938/1/4 3939/1/4 3940/1/4
f 3940/1/4 3939/1/4 3941/1/4
f 3940/2/4 3941/2/4 3943/2/4
f 3943/2/4 3941/2/4 3944/2/4
f 3942/2/4 3943/2/4 3949/2/4
f 3949/2/4 3943/2/4 3950/2/4
f 3945/1/4 3946/1/4 3951/1/4
f 3951/1/4 3946/1/4 3952/1/4
f 3947/2/4 3948/2/4 3953/2/4
f 3953/2/4 3948/2/4 3954/2/4
f 3955/2/4 3956/2/4 3959/2/4
f 3959/2/4 3956/2/4 3960/2/4
f 3960/2/4 3956/2/4 3961/2/4
f 3957/2/4 3958/2/4 3962/2/4
f 3962/2/4 3958/2/4 3963/2/4
f 3964/1/4 3965/1/4 3966/1/4
f 3966/1/4 3965/1/4 3967/1/4
f 3968/2/4 3969/2/4 3971/2/4
f 3971/2/4 3969/2/4 3972/2/4
f 3969/1/4 3970/1/4 3973/1/4
f 3972/2/4 3969/2/4 3973/2/4
f 3973/1/4 3970/1/4 3974/1/4
f 3975/2/4 3976/2/4 3977/2/4
f 3977/2/4 3976/2/4 3978/2/4
f 3979/1/4 3980/1/4 3984/1/4
f 3980/2/4 3981/2/4 3985/2/4
f 3984/1/4 3980/1/4 3985/1/4
f 3985/2/4 3981/2/4 3986/2/4
f 3982/2/4 3983/2/4 3987/2/4
f 3987/2/4 3983/2/4 3988/2/4
f 3989/2/4 3990/2/4 3991/2/4
f 3991/2/4 3990/2/4 3992/2/4
f 3993/1/4 3994/1/4 3997/1/4
f 3995/2/4 3996/2/4 3998/2/4
f 3997/1/4 3994/1/4 3998/1/4
f 3994/2/4 3995/2/4 3998/2/4
f 3998/2/4 3996/2/4 3999/2/4
f 3999/1/4 4000/1/4 4001/1/4
f 4001/1/4 4000/1/4 4002/1/4
f 4003/1/4 4004/1/4 4009/1/4
f 4004/2/4 4005/2/4 4010/2/4
f 4009/1/4 4004/1/4 4010/1/4
f 4010/2/4 4005/2/4 4011/2/4
f 4006/1/4 4007/1/4 4012/1/4
f 4007/2/4 4008/2/4 4013/2/4
f 4012/1/4 4007/1/4 4013/1/4
f 4013/2/4 4008/2/4 4014/2/4
f 4015/2/4 4016/2/4 4020/2/4
f 4016/2/4 4017/2/4 4020/2/4
f 4017/1/4 4018/1/4 4021/1/4
f 4020/2/4 4017/2/4 4021/2/4
f 4021/1/4 4018/1/4 4022/1/4
f 4019/2/4 4020/2/4 4025/2/4
f 4025/2/4 4020/2/4 4026/2/4
f 4022/1/4 4023/1/4 4027/1/4
f 4027/1/4 4023/1/4 4028/1/4
f 4024/1/4 4025/1/4 4029/1/4
f 4029/1/4 4025/1/4 4030/1/4
f 4031/2/4 4032/2/4 4036/2/4
f 4033/2/4 4034/2/4 4036/2/4
f 4032/2/4 4033/2/4 4036/2/4
f 4036/2/4 4034/2/4 4037/2/4
f 4035/2/4 4036/2/4 4038/2/4
f 4038/2/4 4036/2/4 4039/2/4
f 4040/2/4 4041/2/4 4044/2/4
f 4041/1/4 4042/1/4 4045/1/4
f 4044/2/4 4041/2/4 4045/2/4
f 4045/1/4 4042/1/4 4046/1/4
f 4043/1/4 4044/1/4 4049/1/4
f 4049/1/4 4044/1/4 4050/1/4
f 4046/1/4 4047/1/4 4051/1/4
f 4051/1/4 4047/1/4 4052/1/4
f 4048/2/4 4049/2/4 4053/2/4
f 4053/2/4 4049/2/4 4054/2/4
f 4055/2/4 4056/2/4 4057/2/4
f 4057/2/4 4056/2/4 4058/2/4
f 4059/2/4 4060/2/4 4063/2/4
f 4060/1/4 4061/1/4 4064/1/4
f 4063/2/4 4060/2/4 4064/2/4
f 4061/2/4 4062/2/4 4065/2/4
f 4064/1/4 4061/1/4 4065/1/4
f 4065/2/4 4062/2/4 4066/2/4
f 4067/2/4 4068/2/4 4070/2/4
f 4068/2/4 4069/2/4 4070/2/4
f 4070/2/4 4069/2/4 4071/2/4
f 4072/1/4 4073/1/4 4075/1/4
f 4073/2/4 4074/2/4 4075/2/4
f 4075/2/4 4074/2/4 4076/2/4
f 4072/1/4 4075/1/4 4078/1/4
f 4075/1/4 4076/1/4 4078/1/4
f 4078/1/4 4076/1/4 4079/1/4
f 4077/2/4 4078/2/4 4080/2/4
f 4078/1/4 4079/1/4 4081/1/4
f 4080/2/4 4078/2/4 4081/2/4
f 4081/1/4 4079/1/4 4082/1/4
f 4080/1/4 4081/1/4 4085/1/4
f 4085/1/4 4081/1/4 4086/1/4
f 4082/1/4 4083/1/4 4087/1/4
f 4087/1/4 4083/1/4 4088/1/4
f 4084/1/4 4085/1/4 4089/1/4
f 4089/1/4 4085/1/4 4090/1/4
f 4091/2/4 4092/2/4 4093/2/4
f 4093/2/4 4092/2/4 4094/2/4
f 4095/2/4 4096/2/4 4098/2/4
f 4096/2/4 4097/2/4 4098/2/4
f 4098/2/4 4097/2/4 4099/2/4
f 4100/2/4 4101/2/4 4102/2/4
f 4102/2/4 4101/2/4 4103/2/4
f 4104/2/4 4105/2/4 4107/2/4
f 4107/2/4 4105/2/4 4108/2/4
f 4106/2/4 4107/2/4 4109/2/4
f 4107/1/4 4108/1/4 4110/1/4
f 4109/2/4 4107/2/4 4110/2/4
f 4110/1/4 4108/1/4 4111/1/4
f 4109/1/4 4110/1/4 4114/1/4
f 4113/1/4 4114/1/4 4115/1/4
f 4114/1/4 4110/1/4 4116/1/4
f 4115/1/4 4114/1/4 4116/1/4
f 4116/1/4 4110/1/4 4117/1/4
f 4111/1/4 4112/1/4 4118/1/4
f 4118/1/4 4112/1/4 4119/1/4
f 4115/1/4 4116/1/4 4120/1/4
f 4118/2/4 4119/2/4 4121/2/4
f 4121/2/4 4119/2/4 4122/2/4
f 4120/1/4 4116/1/4 4123/1/4
f 4123/1/4 4116/1/4 4124/1/4
f 4125/2/4 4126/2/4 4127/2/4
f 4127/2/4 4126/2/4 4128/2/4
f 4129/1/4 4130/1/4 4134/1/4
f 4131/2/4 4132/2/4 4135/2/4
f 4130/2/4 4131/2/4 4135/2/4
f 4134/1/4 4130/1/4 4135/1/4
f 4135/2/4 4132/2/4 4136/2/4
f 4133/2/4 4134/2/4 4137/2/4
f 4137/2/4 4134/2/4 4138/2/4
f 4139/1/4 4140/1/4 4141/1/4
f 4141/1/4 4140/1/4 4142/1/4
f 4143/1/4 4144/1/4 4148/1/4
f 4145/2/4 4146/2/4 4149/2/4
f 4144/2/4 4145/2/4 4149/2/4
f 4148/1/4 4144/1/4 4149/1/4
f 4149/2/4 4146/2/4 4150/2/4
f 4147/1/4 4148/1/4 4152/1/4
f 4148/1/4 4149/1/4 4152/1/4
f 4149/1/4 4150/1/4 4152/1/4
f 4152/1/4 4150/1/4 4153/1/4
f 4153/1/4 4150/1/4 4154/1/4
f 4151/1/4 4152/1/4 4156/1/4
f 4152/1/4 4153/1/4 4156/1/4
f 4156/1/4 4153/1/4 4157/1/4
f 4157/1/4 4153/1/4 4158/1/4
f 4156/2/4 4157/2/4 4159/2/4
f 4159/2/4 4157/2/4 4160/2/4
f 4154/2/4 4155/2/4 4161/2/4
f 4161/2/4 4155/2/4 4162/2/4
f 4159/1/4 4160/1/4 4163/1/4
f 4163/1/4 4160/1/4 4164/1/4
f 4165/2/4 4166/2/4 4167/2/4
f 4167/2/4 4166/2/4 4168/2/4
f 4169/1/4 4170/1/4 4173/1/4
f 4170/2/4 4171/2/4 4174/2/4
f 4173/1/4 4170/1/4 4174/1/4
f 4174/2/4 4171/2/4 4175/2/4
f 4172/2/4 4173/2/4 4176/2/4
f 4176/2/4 4173/2/4 4177/2/4
f 4178/1/4 4179/1/4 4181/1/4
f 4179/1/4 4180/1/4 4181/1/4
f 4181/1/4 4180/1/4 4182/1/4
f 4183/2/4 4184/2/4 4188/2/4
f 4185/2/4 4186/2/4 4189/2/4
f 4187/1/4 4188/1/4 4191/1/4
f 4188/2/4 4184/2/4 4192/2/4
f 4191/1/4 4188/1/4 4192/1/4
f 4184/1/4 4185/1/4 4193/1/4
f 4192/2/4 4184/2/4 4193/2/4
f 4185/2/4 4189/2/4 4194/2/4
f 4193/1/4 4185/1/4 4194/1/4
f 4194/2/4 4189/2/4 4195/2/4
f 4191/1/4 4192/1/4 4197/1/4
f 4190/1/4 4191/1/4 4197/1/4
f 4197/1/4 4192/1/4 4198/1/4
f 4195/2/4 4196/2/4 4199/2/4
f 4199/2/4 4196/2/4 4200/2/4
f 4190/1/4 4197/1/4 4201/1/4
f 4201/1/4 4197/1/4 4202/1/4
f 4199/1/4 4200/1/4 4203/1/4
f 4203/1/4 4200/1/4 4204/1/4
f 4205/2/4 4206/2/4 4207/2/4
f 4207/2/4 4206/2/4 4208/2/4
f 4209/2/4 4210/2/4 4212/2/4
f 4212/2/4 4210/2/4 4213/2/4
f 4211/2/4 4212/2/4 4214/2/4
f 4214/2/4 4212/2/4 4215/2/4
f 4216/1/4 4217/1/4 4219/1/4
f 4217/2/4 4218/2/4 4220/2/4
f 4219/1/4 4217/1/4 4220/1/4
f 4220/2/4 4218/2/4 4221/2/4
f 4222/1/4 4223/1/4 4226/1/4
f 4226/1/4 4223/1/4 4227/1/4
f 4227/1/4 4223/1/4 4228/1/4
f 4224/2/4 4225/2/4 4229/2/4
f 4228/1/4 4223/1/4 4229/1/4
f 4223/2/4 4224/2/4 4229/2/4
f 4229/2/4 4225/2/4 4230/2/4
f 4226/2/4 4227/2/4 4232/2/4
f 4227/1/4 4228/1/4 4233/1/4
f 4232/2/4 4227/2/4 4233/2/4
f 4233/1/4 4228/1/4 4234/1/4
f 4230/1/4 4231/1/4 4235/1/4
f 4235/1/4 4231/1/4 4236/1/4
f 4232/2/4 4233/2/4 4237/2/4
f 4237/2/4 4233/2/4 4238/2/4
f 4235/2/4 4236/2/4 4239/2/4
f 4239/2/4 4236/2/4 4240/2/4
f 4241/2/4 4242/2/4 4243/2/4
f 4243/2/4 4242/2/4 4244/2/4
f 4245/2/4 4246/2/4 4249/2/4
f 4246/2/4 4247/2/4 4249/2/4
f 4249/2/4 4247/2/4 4250/2/4
f 4248/2/4 4249/2/4 4251/2/4
f 4251/2/4 4249/2/4 4252/2/4
f 4253/2/4 4254/2/4 4255/2/4
f 4255/2/4 4254/2/4 4256/2/4
f 4257/1/4 4258/1/4 4259/1/4
f 4259/1/4 4258/1/4 4260/1/4
f 4259/2/4 4260/2/4 4263/2/4
f 4260/2/4 4261/2/4 4263/2/4
f 4261/1/4 4262/1/4 4264/1/4
f 4263/2/4 4261/2/4 4264/2/4
f 4264/1/4 4262/1/4 4265/1/4
f 4265/2/4 4266/2/4 4267/2/4
f 4267/2/4 4266/2/4 4268/2/4
f 4269/2/4 4270/2/4 4271/2/4
f 4271/2/4 4270/2/4 4272/2/4
f 4272/2/4 4270/2/4 4273/2/4
f 4274/2/4 4275/2/4 4278/2/4
f 4276/1/4 4277/1/4 4279/1/4
f 4277/1/4 4278/1/4 4279/1/4
f 4279/1/4 4278/1/4 4280/1/4
f 4278/2/4 4275/2/4 4281/2/4
f 4280/1/4 4278/1/4 4281/1/4
f 4281/2/4 4275/2/4 4282/2/4
f 4279/2/4 4280/2/4 4283/2/4
f 4283/2/4 4280/2/4 4284/2/4
f 4285/1/4 4286/1/4 4287/1/4
f 4287/1/4 4286/1/4 4288/1/4
f 4289/1/4 4290/1/4 4291/1/4
f 4291/1/4 4290/1/4 4292/1/4
f 4292/1/4 4290/1/4 4293/1/4
f 4292/1/4 4293/1/4 4296/1/4
f 4293/1/4 4294/1/4 4296/1/4
f 4294/2/4 4295/2/4 4297/2/4
f 4296/1/4 4294/1/4 4297/1/4
f 4297/2/4 4295/2/4 4298/2/4
f 4298/2/4 4299/2/4 4300/2/4
f 4300/2/4 4299/2/4 4301/2/4
f 4302/2/4 4303/2/4 4304/2/4
f 4304/2/4 4303/2/4 4305/2/4
f 4306/2/4 4307/2/4 4310/2/4
f 4308/1/4 4309/1/4 4311/1/4
f 4309/1/4 4310/1/4 4311/1/4
f 4310/2/4 4307/2/4 4312/2/4
f 4311/1/4 4310/1/4 4312/1/4
f 4312/2/4 4307/2/4 4313/2/4
f 4308/1/4 4311/1/4 4314/1/4
f 4311/2/4 4312/2/4 4315/2/4
f 4314/1/4 4311/1/4 4315/1/4
f 4315/2/4 4312/2/4 4316/2/4
f 4317/1/4 4318/1/4 4321/1/4
f 4319/1/4 4320/1/4 4322/1/4
f 4320/1/4 4321/1/4 4322/1/4
f 4321/1/4 4318/1/4 4323/1/4
f 4322/1/4 4321/1/4 4323/1/4
f 4324/2/4 4325/2/4 4326/2/4
f 4326/2/4 4325/2/4 4327/2/4
f 4328/2/4 4329/2/4 4330/2/4
f 4330/2/4 4329/2/4 4331/2/4
f 4331/1/4 4332/1/4 4333/1/4
f 4333/1/4 4332/1/4 4334/1/4
f 4335/2/4 4336/2/4 4337/2/4
f 4337/2/4 4336/2/4 4338/2/4
f 4338/2/4 4336/2/4 4339/2/4
f 4340/2/4 4341/2/4 4344/2/4
f 4342/1/4 4343/1/4 4345/1/4
f 4343/1/4 4344/1/4 4345/1/4
f 4344/2/4 4341/2/4 4346/2/4
f 4345/1/4 4344/1/4 4346/1/4
f 4346/2/4 4341/2/4 4347/2/4
f 4342/1/4 4345/1/4 4349/1/4
f 4345/2/4 4346/2/4 4350/2/4
f 4349/1/4 4345/1/4 4350/1/4
f 4350/2/4 4346/2/4 4351/2/4
f 4348/1/4 4349/1/4 4354/1/4
f 4354/1/4 4349/1/4 4355/1/4
f 4353/1/4 4354/1/4 4355/1/4
f 4355/1/4 4349/1/4 4356/1/4
f 4352/2/4 4353/2/4 4357/2/4
f 4353/1/4 4355/1/4 4358/1/4
f 4357/2/4 4353/2/4 4358/2/4
f 4358/1/4 4355/1/4 4359/1/4
f 4360/1/4 4361/1/4 4362/1/4
f 4362/1/4 4361/1/4 4363/1/4
f 4364/2/4 4365/2/4 4366/2/4
f 4366/2/4 4365/2/4 4367/2/4
f 4368/2/4 4369/2/4 4372/2/4
f 4370/1/4 4371/1/4 4374/1/4
f 4371/1/4 4372/1/4 4374/1/4
f 4374/1/4 4372/1/4 4375/1/4
f 4372/2/4 4369/2/4 4376/2/4
f 4375/1/4 4372/1/4 4376/1/4
f 4376/2/4 4369/2/4 4377/2/4
f 4374/1/4 4375/1/4 4378/1/4
f 4373/1/4 4374/1/4 4378/1/4
f 4375/2/4 4376/2/4 4379/2/4
f 4378/1/4 4375/1/4 4379/1/4
f 4379/2/4 4376/2/4 4380/2/4
f 4373/1/4 4378/1/4 4382/1/4
f 4382/1/4 4378/1/4 4383/1/4
f 4381/1/4 4382/1/4 4383/1/4
f 4383/1/4 4378/1/4 4384/1/4
f 4381/1/4 4383/1/4 4385/1/4
f 4385/1/4 4383/1/4 4386/1/4
f 4387/1/4 4388/1/4 4389/1/4
f 4389/1/4 4388/1/4 4390/1/4
f 4391/1/4 4392/1/4 4393/1/4
f 4393/1/4 4392/1/4 4394/1/4
f 4394/1/4 4395/1/4 4396/1/4
f 4396/1/4 4395/1/4 4397/1/4
f 4398/2/4 4399/2/4 4400/2/4
f 4400/2/4 4399/2/4 4401/2/4
f 4402/1/4 4403/1/4 4405/1/4
f 4403/2/4 4404/2/4 4406/2/4
f 4405/1/4 4403/1/4 4406/1/4
f 4406/2/4 4404/2/4 4407/2/4
f 4402/1/4 4405/1/4 4410/1/4
f 4410/1/4 4405/1/4 4411/1/4
f 4405/2/4 4406/2/4 4412/2/4
f 4411/1/4 4405/1/4 4412/1/4
f 4412/2/4 4406/2/4 4413/2/4
f 4410/1/4 4411/1/4 4414/1/4
f 4409/1/4 4410/1/4 4414/1/4
f 4414/1/4 4411/1/4 4415/1/4
f 4408/2/4 4409/2/4 4416/2/4
f 4409/1/4 4414/1/4 4417/1/4
f 4416/2/4 4409/2/4 4417/2/4
f 4416/1/4 4417/1/4 4418/1/4
f 4417/1/4 4414/1/4 4419/1/4
f 4418/1/4 4417/1/4 4419/1/4
f 4420/2/4 4421/2/4 4422/2/4
f 4422/2/4 4421/2/4 4423/2/4
f 4424/1/4 4425/1/4 4429/1/4
f 4425/1/4 4426/1/4 4429/1/4
f 4426/1/4 4427/1/4 4429/1/4
f 4427/2/4 4428/2/4 4430/2/4
f 4429/1/4 4427/1/4 4430/1/4
f 4430/2/4 4428/2/4 4431/2/4
f 4424/1/4 4429/1/4 4432/1/4
f 4432/1/4 4429/1/4 4433/1/4
f 4434/1/4 4435/1/4 4438/1/4
f 4435/1/4 4436/1/4 4438/1/4
f 4436/2/4 4437/2/4 4439/2/4
f 4438/1/4 4436/1/4 4439/1/4
f 4439/2/4 4437/2/4 4440/2/4
f 4440/2/4 4441/2/4 4442/2/4
f 4442/2/4 4441/2/4 4443/2/4
f 4444/2/4 4445/2/4 4450/2/4
f 4445/1/4 4446/1/4 4451/1/4
f 4450/2/4 4445/2/4 4451/2/4
f 4446/2/4 4447/2/4 4452/2/4
f 4451/1/4 4446/1/4 4452/1/4
f 4452/2/4 4447/2/4 4453/2/4
f 4448/2/4 4449/2/4 4454/2/4
f 4454/2/4 4449/2/4 4455/2/4
f 4456/1/4 4457/1/4 4458/1/4
f 4458/1/4 4457/1/4 4459/1/4
f 4460/2/4 4461/2/4 4464/2/4
f 4464/2/4 4461/2/4 4465/2/4
f 4462/2/4 4463/2/4 4466/2/4
f 4466/2/4 4463/2/4 4467/2/4
f 4470/2/4 4471/2/4 4472/2/4
f 4469/2/4 4470/2/4 4472/2/4
f 4468/2/4 4469/2/4 4472/2/4
f 4472/2/4 4471/2/4 4473/2/4
f 4474/2/4 4475/2/4 4477/2/4
f 4475/1/4 4476/1/4 4478/1/4
f 4477/2/4 4475/2/4 4478/2/4
f 4478/1/4 4476/1/4 4479/1/4
f 4479/1/4 4480/1/4 4481/1/4
f 4481/1/4 4480/1/4 4482/1/4
f 4483/2/4 4484/2/4 4487/2/4
f 4487/2/4 4484/2/4 4488/2/4
f 4485/2/4 4486/2/4 4489/2/4
f 4489/2/4 4486/2/4 4490/2/4
f 4491/2/4 4492/2/4 4493/2/4
f 4493/2/4 4492/2/4 4494/2/4
f 4495/2/4 4496/2/4 4498/2/4
f 4496/2/4 4497/2/4 4498/2/4
f 4498/2/4 4497/2/4 4499/2/4
f 4500/1/4 4501/1/4 4502/1/4
f 4502/1/4 4501/1/4 4503/1/4
f 4504/2/4 4505/2/4 4509/2/4
f 4506/1/4 4507/1/4 4510/1/4
f 4510/1/4 4507/1/4 4511/1/4
f 4508/2/4 4509/2/4 4512/2/4
f 4512/2/4 4509/2/4 4513/2/4
f 4509/2/4 4505/2/4 4514/2/4
f 4513/2/4 4509/2/4 4514/2/4
f 4515/2/4 4516/2/4 4519/2/4
f 4519/2/4 4516/2/4 4520/2/4
f 4517/1/4 4518/1/4 4521/1/4
f 4521/1/4 4518/1/4 4522/1/4
f 4519/1/4 4520/1/4 4524/1/4
f 4522/1/4 4523/1/4 4525/1/4
f 4525/1/4 4523/1/4 4526/1/4
f 4519/1/4 4524/1/4 4528/1/4
f 4528/1/4 4524/1/4 4529/1/4
f 4527/2/4 4528/2/4 4530/2/4
f 4530/2/4 4528/2/4 4531/2/4
f 4531/2/4 4528/2/4 4532/2/4
f 4533/1/4 4534/1/4 4535/1/4
f 4535/1/4 4534/1/4 4536/1/4
f 4535/1/4 4536/1/4 4538/1/4
f 4536/1/4 4537/1/4 4538/1/4
f 4538/1/4 4537/1/4 4539/1/4
f 4540/1/4 4541/1/4 4542/1/4
f 4542/1/4 4541/1/4 4543/1/4
f 4544/2/4 4545/2/4 4546/2/4
f 4546/2/4 4545/2/4 4547/2/4
f 4548/1/4 4549/1/4 4550/1/4
f 4550/1/4 4549/1/4 4551/1/4
f 4552/1/4 4553/1/4 4554/1/4
f 4554/1/4 4553/1/4 4555/1/4
f 4556/2/4 4557/2/4 4558/2/4
f 4558/2/4 4557/2/4 4559/2/4
f 4560/2/4 4561/2/4 4563/2/4
f 4561/2/4 4562/2/4 4563/2/4
f 4563/2/4 4562/2/4 4564/2/4
f 4565/1/4 4566/1/4 4567/1/4
f 4567/1/4 4568/1/4 4570/1/4
f 4568/2/4 4569/2/4 4570/2/4
f 4570/2/4 4569/2/4 4571/2/4
f 4570/1/4 4571/1/4 4572/1/4
f 4565/1/4 4567/1/4 4574/1/4
f 4572/1/4 4573/1/4 4574/1/4
f 4570/1/4 4572/1/4 4574/1/4
f 4567/1/4 4570/1/4 4574/1/4
f 4574/1/4 4573/1/4 4575/1/4
f 4575/1/4 4573/1/4 4576/1/4
f 4576/1/4 4573/1/4 4577/1/4
f 4574/2/4 4575/2/4 4578/2/4
f 4575/1/4 4576/1/4 4579/1/4
f 4578/2/4 4575/2/4 4579/2/4
f 4579/1/4 4576/1/4 4580/1/4
f 4576/2/4 4577/2/4 4581/2/4
f 4580/1/4 4576/1/4 4581/1/4
f 4577/1/4 4573/1/4 4582/1/4
f 4581/2/4 4577/2/4 4582/2/4
f 4582/1/4 4573/1/4 4583/1/4
f 4579/1/4 4580/1/4 4584/1/4
f 4578/1/4 4579/1/4 4584/1/4
f 4584/1/4 4580/1/4 4585/1/4
f 4580/2/4 4581/2/4 4586/2/4
f 4585/1/4 4580/1/4 4586/1/4
f 4586/2/4 4581/2/4 4587/2/4
f 4585/2/4 4586/2/4 4588/2/4
f 4588/2/4 4586/2/4 4589/2/4
f 4593/1/5 4591/1/5 4590/1/5
f 4594/1/5 4591/1/5 4593/1/5
f 4595/1/5 4591/1/5 4594/1/5
f 4599/1/5 4593/1/5 4592/1/5
f 4600/2/5 4594/2/5 4593/2/5
f 4600/1/5 4593/1/5 4599/1/5
f 4601/1/5 4595/1/5 4594/1/5
f 4601/2/5 4594/2/5 4600/2/5
f 4601/1/5 4596/1/5 4595/1/5
f 4602/2/5 4597/2/5 4596/2/5
f 4603/2/5 4597/2/5 4602/2/5
f 4606/1/5 4599/1/5 4598/1/5
f 4606/1/5 4600/1/5 4599/1/5
f 4606/1/5 4601/1/5 4600/1/5
f 4607/1/5 4601/1/5 4606/1/5
f 4608/1/5 4596/1/5 4601/1/5
f 4608/1/5 4601/1/5 4607/1/5
f 4610/1/5 4607/1/5 4606/1/5
f 4610/1/5 4606/1/5 4605/1/5
f 4611/1/5 4607/1/5 4610/1/5
f 4612/2/5 4608/2/5 4607/2/5
f 4612/1/5 4607/1/5 4611/1/5
f 4613/1/5 4596/1/5 4608/1/5
f 4613/2/5 4608/2/5 4612/2/5
f 4614/2/5 4602/2/5 4596/2/5
f 4614/1/5 4596/1/5 4613/1/5
f 4616/1/5 4611/1/5 4610/1/5
f 4616/1/5 4610/1/5 4609/1/5
f 4617/2/5 4612/2/5 4611/2/5
f 4617/2/5 4613/2/5 4612/2/5
f 4617/2/5 4614/2/5 4613/2/5
f 4618/1/5 4604/1/5 4603/1/5
f 4618/2/5 4614/2/5 4617/2/5
f 4618/1/5 4603/1/5 4602/1/5
f 4618/2/5 4602/2/5 4614/2/5
f 4619/1/5 4604/1/5 4618/1/5
f 4620/1/5 4604/1/5 4619/1/5
f 4621/2/5 4616/2/5 4615/2/5
f 4622/1/5 4611/1/5 4616/1/5
f 4622/2/5 4616/2/5 4621/2/5
f 4623/1/5 4611/1/5 4622/1/5
f 4624/2/5 4617/2/5 4611/2/5
f 4624/1/5 4611/1/5 4623/1/5
f 4625/1/5 4618/1/5 4617/1/5
f 4626/2/5 4619/2/5 4618/2/5
f 4626/1/5 4618/1/5 4625/1/5
f 4627/2/5 4619/2/5 4626/2/5
f 4629/1/5 4623/1/5 4622/1/5
f 4629/1/5 4622/1/5 4621/1/5
f 4630/1/5 4623/1/5 4629/1/5
f 4631/2/5 4624/2/5 4623/2/5
f 4631/1/5 4623/1/5 4630/1/5
f 4632/1/5 4625/1/5 4617/1/5
f 4632/2/5 4626/2/5 4625/2/5
f 4633/2/5 4626/2/5 4632/2/5
f 4634/2/5 4629/2/5 4628/2/5
f 4635/1/5 4630/1/5 4629/1/5
f 4635/2/5 4629/2/5 4634/2/5
f 4636/2/5 4617/2/5 4624/2/5
f 4636/2/5 4624/2/5 4631/2/5
f 4636/2/5 4631/2/5 4630/2/5
f 4637/1/5 4632/1/5 4617/1/5
f 4637/2/5 4617/2/5 4636/2/5
f 4638/1/5 4632/1/5 4637/1/5
f 4639/1/5 4632/1/5 4638/1/5
f 4641/1/5 4635/1/5 4634/1/5
f 4642/1/5 4630/1/5 4635/1/5
f 4642/1/5 4641/1/5 4640/1/5
f 4642/1/5 4635/1/5 4641/1/5
f 4642/2/5 4636/2/5 4630/2/5
f 4643/2/5 4636/2/5 4642/2/5
f 4644/1/5 4638/1/5 4637/1/5
f 4644/1/5 4637/1/5 4636/1/5
f 4645/1/5 4638/1/5 4644/1/5
f 4646/1/5 4643/1/5 4642/1/5
f 4646/1/5 4642/1/5 4640/1/5
f 4647/1/5 4643/1/5 4646/1/5
f 4648/1/5 4643/1/5 4647/1/5
f 4649/2/5 4636/2/5 4643/2/5
f 4649/1/5 4643/1/5 4648/1/5
f 4650/2/5 4636/2/5 4649/2/5
f 4651/1/5 4644/1/5 4636/1/5
f 4651/2/5 4636/2/5 4650/2/5
f 4652/1/5 4644/1/5 4651/1/5
f 4653/1/5 4644/1/5 4652/1/5
f 4654/2/5 4647/2/5 4646/2/5
f 4655/1/5 4648/1/5 4647/1/5
f 4655/2/5 4647/2/5 4654/2/5
f 4656/1/5 4648/1/5 4655/1/5
f 4657/2/5 4650/2/5 4649/2/5
f 4657/1/5 4648/1/5 4656/1/5
f 4657/2/5 4649/2/5 4648/2/5
f 4658/1/5 4651/1/5 4650/1/5
f 4658/2/5 4650/2/5 4657/2/5
f 4658/1/5 4652/1/5 4651/1/5
f 4659/1/5 4652/1/5 4658/1/5
f 4660/2/5 4653/2/5 4652/2/5
f 4660/1/5 4652/1/5 4659/1/5
f 4661/2/5 4653/2/5 4660/2/5
f 4662/2/5 4657/2/5 4656/2/5
f 4662/2/5 4659/2/5 4658/2/5
f 4662/2/5 4658/2/5 4657/2/5
f 4663/2/5 4659/2/5 4662/2/5
f 4664/1/5 4660/1/5 4659/1/5
f 4664/2/5 4659/2/5 4663/2/5
f 4665/1/5 4660/1/5 4664/1/5
f 4667/1/5 4663/1/5 4662/1/5
f 4667/2/5 4666/2/5 4665/2/5
f 4667/2/5 4665/2/5 4664/2/5
f 4667/2/5 4664/2/5 4663/2/5
f 4668/2/5 4666/2/5 4667/2/5
f 4669/1/5 4656/1/5 4655/1/5
f 4669/1/5 4655/1/5 4654/1/5
f 4670/2/5 4662/2/5 4656/2/5
f 4670/1/5 4656/1/5 4669/1/5
f 4671/1/5 4668/1/5 4667/1/5
f 4671/1/5 4667/1/5 4662/1/5
f 4672/2/5 4666/2/5 4668/2/5
f 4672/1/5 4668/1/5 4671/1/5
f 4673/2/5 4666/2/5 4672/2/5
f 4674/2/5 4666/2/5 4673/2/5
f 4676/1/5 4669/1/5 4654/1/5
f 4677/2/5 4670/2/5 4669/2/5
f 4677/1/5 4669/1/5 4676/1/5
f 4678/2/5 4662/2/5 4670/2/5
f 4678/2/5 4670/2/5 4677/2/5
f 4679/1/5 4671/1/5 4662/1/5
f 4679/2/5 4662/2/5 4678/2/5
f 4680/1/5 4671/1/5 4679/1/5
f 4681/2/5 4673/2/5 4672/2/5
f 4681/1/5 4671/1/5 4680/1/5
f 4681/2/5 4672/2/5 4671/2/5
f 4682/2/5 4673/2/5 4681/2/5
f 4683/1/5 4674/1/5 4673/1/5
f 4683/2/5 4673/2/5 4682/2/5
f 4684/2/5 4675/2/5 4674/2/5
f 4684/1/5 4674/1/5 4683/1/5
f 4685/2/5 4678/2/5 4677/2/5
f 4686/1/5 4680/1/5 4679/1/5
f 4686/2/5 4678/2/5 4685/2/5
f 4686/1/5 4679/1/5 4678/1/5
f 4687/2/5 4682/2/5 4681/2/5
f 4687/1/5 4683/1/5 4682/1/5
f 4687/2/5 4681/2/5 4680/2/5
f 4688/2/5 4684/2/5 4683/2/5
f 4688/1/5 4683/1/5 4687/1/5
f 4689/2/5 4675/2/5 4684/2/5
f 4689/2/5 4684/2/5 4688/2/5
f 4691/1/5 4686/1/5 4685/1/5
f 4692/1/5 4680/1/5 4686/1/5
f 4692/1/5 4686/1/5 4691/1/5
f 4693/2/5 4689/2/5 4688/2/5
f 4693/1/5 4680/1/5 4692/1/5
f 4693/2/5 4688/2/5 4687/2/5
f 4693/2/5 4687/2/5 4680/2/5
f 4694/2/5 4689/2/5 4693/2/5
f 4695/2/5 4689/2/5 4694/2/5
f 4696/1/5 4690/1/5 4689/1/5
f 4696/2/5 4689/2/5 4695/2/5
f 4697/1/5 4690/1/5 4696/1/5
f 4698/1/5 4693/1/5 4692/1/5
f 4698/1/5 4694/1/5 4693/1/5
f 4699/1/5 4694/1/5 4698/1/5
f 4700/1/5 4694/1/5 4699/1/5
f 4701/2/5 4695/2/5 4694/2/5
f 4701/1/5 4694/1/5 4700/1/5
f 4702/2/5 4695/2/5 4701/2/5
f 4703/1/5 4696/1/5 4695/1/5
f 4703/2/5 4695/2/5 4702/2/5
f 4704/2/5 4697/2/5 4696/2/5
f 4704/1/5 4696/1/5 4703/1/5
f 4705/2/5 4697/2/5 4704/2/5
f 4707/2/5 4699/2/5 4698/2/5
f 4708/1/5 4700/1/5 4699/1/5
f 4708/2/5 4699/2/5 4707/2/5
f 4709/2/5 4702/2/5 4701/2/5
f 4709/1/5 4700/1/5 4708/1/5
f 4709/2/5 4701/2/5 4700/2/5
f 4710/2/5 4702/2/5 4709/2/5
f 4711/1/5 4705/1/5 4704/1/5
f 4711/2/5 4702/2/5 4710/2/5
f 4711/1/5 4704/1/5 4703/1/5
f 4711/1/5 4703/1/5 4702/1/5
f 4712/2/5 4706/2/5 4705/2/5
f 4712/1/5 4705/1/5 4711/1/5
f 4713/2/5 4706/2/5 4712/2/5
f 4715/1/5 4710/1/5 4709/1/5
f 4715/2/5 4713/2/5 4712/2/5
f 4715/2/5 4712/2/5 4711/2/5
f 4715/1/5 4709/1/5 4708/1/5
f 4715/2/5 4711/2/5 4710/2/5
f 4716/2/5 4713/2/5 4715/2/5
f 4717/1/5 4715/1/5 4708/1/5
f 4717/1/5 4716/1/5 4715/1/5
f 4718/1/5 4716/1/5 4717/1/5
f 4719/1/5 4714/1/5 4713/1/5
f 4719/2/5 4713/2/5 4716/2/5
f 4720/1/5 4714/1/5 4719/1/5
f 4722/1/5 4716/1/5 4718/1/5
f 4723/1/5 4716/1/5 4722/1/5
f 4724/1/5 4716/1/5 4723/1/5
f 4725/2/5 4720/2/5 4719/2/5
f 4725/1/5 4716/1/5 4724/1/5
f 4725/2/5 4721/2/5 4720/2/5
f 4725/2/5 4719/2/5 4716/2/5
f 4726/2/5 4721/2/5 4725/2/5
f 4727/2/5 4721/2/5 4726/2/5
f 4728/2/5 4721/2/5 4727/2/5
f 4730/1/5 4724/1/5 4723/1/5
f 4731/2/5 4725/2/5 4724/2/5
f 4731/1/5 4724/1/5 4730/1/5
f 4731/2/5 4726/2/5 4725/2/5
f 4732/1/5 4727/1/5 4726/1/5
f 4732/2/5 4726/2/5 4731/2/5
f 4733/2/5 4728/2/5 4727/2/5
f 4733/1/5 4727/1/5 4732/1/5
f 4733/2/5 4729/2/5 4728/2/5
f 4734/2/5 4732/2/5 4731/2/5
f 4734/2/5 4731/2/5 4730/2/5
f 4734/2/5 4733/2/5 4732/2/5
f 4735/2/5 4733/2/5 4734/2/5
f 4736/2/5 4733/2/5 4735/2/5
f 4737/2/5 4729/2/5 4733/2/5
f 4737/2/5 4733/2/5 4736/2/5
f 4738/2/5 4729/2/5 4737/2/5
f 4739/2/5 4729/2/5 4738/2/5
f 4741/2/5 4736/2/5 4735/2/5
f 4742/2/5 4736/2/5 4741/2/5
f 4743/2/5 4736/2/5 4742/2/5
f 4744/2/5 4736/2/5 4743/2/5
f 4745/2/5 4743/2/5 4742/2/5
f 4745/1/5 4744/1/5 4743/1/5
f 4746/1/5 4744/1/5 4745/1/5
f 4747/2/5 4745/2/5 4742/2/5
f 4747/2/5 4746/2/5 4745/2/5
f 4748/2/5 4746/2/5 4747/2/5
f 4749/1/5 4744/1/5 4746/1/5
f 4749/2/5 4746/2/5 4748/2/5
f 4750/2/5 4736/2/5 4744/2/5
f 4750/1/5 4744/1/5 4749/1/5
f 4751/1/5 4737/1/5 4736/1/5
f 4751/2/5 4736/2/5 4750/2/5
f 4752/2/5 4738/2/5 4737/2/5
f 4752/1/5 4737/1/5 4751/1/5
f 4753/2/5 4750/2/5 4749/2/5
f 4753/2/5 4751/2/5 4750/2/5
f 4753/2/5 4752/2/5 4751/2/5
f 4753/2/5 4749/2/5 4748/2/5
f 4754/2/5 4752/2/5 4753/2/5
f 4755/2/5 4752/2/5 4754/2/5
f 4756/1/5 4739/1/5 4738/1/5
f 4756/2/5 4752/2/5 4755/2/5
f 4756/2/5 4738/2/5 4752/2/5
f 4757/2/5 4740/2/5 4739/2/5
f 4757/1/5 4739/1/5 4756/1/5
f 4758/1/5 4755/1/5 4754/1/5
f 4759/2/5 4756/2/5 4755/2/5
f 4759/1/5 4755/1/5 4758/1/5
f 4759/2/5 4757/2/5 4756/2/5
f 4760/2/5 4740/2/5 4757/2/5
f 4760/2/5 4757/2/5 4759/2/5
f 4761/2/5 4740/2/5 4760/2/5
f 4763/2/5 4759/2/5 4758/2/5
f 4763/2/5 4760/2/5 4759/2/5
f 4764/2/5 4760/2/5 4763/2/5
f 4765/2/5 4760/2/5 4764/2/5
f 4766/1/5 4761/1/5 4760/1/5
f 4766/2/5 4760/2/5 4765/2/5
f 4767/1/5 4761/1/5 4766/1/5
f 4769/1/5 4763/1/5 4762/1/5
f 4770/1/5 4765/1/5 4764/1/5
f 4770/2/5 4764/2/5 4763/2/5
f 4771/2/5 4766/2/5 4765/2/5
f 4771/1/5 4765/1/5 4770/1/5
f 4771/2/5 4767/2/5 4766/2/5
f 4772/2/5 4767/2/5 4771/2/5
f 4773/2/5 4767/2/5 4772/2/5
f 4775/1/5 4769/1/5 4768/1/5
f 4776/1/5 4763/1/5 4769/1/5
f 4776/2/5 4770/2/5 4763/2/5
f 4776/1/5 4769/1/5 4775/1/5
f 4776/2/5 4771/2/5 4770/2/5
f 4776/2/5 4772/2/5 4771/2/5
f 4777/2/5 4772/2/5 4776/2/5
f 4778/2/5 4772/2/5 4777/2/5
f 4779/2/5 4772/2/5 4778/2/5
f 4780/2/5 4775/2/5 4774/2/5
f 4780/1/5 4776/1/5 4775/1/5
f 4780/1/5 4777/1/5 4776/1/5
f 4781/1/5 4777/1/5 4780/1/5
f 4782/1/5 4777/1/5 4781/1/5
f 4783/2/5 4778/2/5 4777/2/5
f 4783/1/5 4777/1/5 4782/1/5
f 4784/1/5 4779/1/5 4778/1/5
f 4784/2/5 4778/2/5 4783/2/5
f 4785/1/5 4779/1/5 4784/1/5
f 4787/2/5 4780/2/5 4774/2/5
f 4787/2/5 4781/2/5 4780/2/5
f 4788/2/5 4781/2/5 4787/2/5
f 4789/2/5 4781/2/5 4788/2/5
f 4790/1/5 4782/1/5 4781/1/5
f 4790/2/5 4781/2/5 4789/2/5
f 4791/1/5 4782/1/5 4790/1/5
f 4792/1/5 4782/1/5 4791/1/5
f 4793/2/5 4783/2/5 4782/2/5
f 4793/1/5 4782/1/5 4792/1/5
f 4794/1/5 4784/1/5 4783/1/5
f 4794/2/5 4783/2/5 4793/2/5
f 4795/1/5 4784/1/5 4794/1/5
f 4797/2/5 4787/2/5 4786/2/5
f 4797/2/5 4788/2/5 4787/2/5
f 4798/1/5 4789/1/5 4788/1/5
f 4798/2/5 4788/2/5 4797/2/5
f 4799/2/5 4790/2/5 4789/2/5
f 4799/1/5 4789/1/5 4798/1/5
f 4799/2/5 4791/2/5 4790/2/5
f 4800/1/5 4792/1/5 4791/1/5
f 4800/2/5 4791/2/5 4799/2/5
f 4801/2/5 4793/2/5 4792/2/5
f 4801/1/5 4792/1/5 4800/1/5
f 4801/2/5 4795/2/5 4794/2/5
f 4801/2/5 4794/2/5 4793/2/5
f 4802/2/5 4795/2/5 4801/2/5
f 4803/2/5 4795/2/5 4802/2/5
f 4804/2/5 4795/2/5 4803/2/5
f 4806/1/5 4797/1/5 4796/1/5
f 4806/1/5 4798/1/5 4797/1/5
f 4807/2/5 4799/2/5 4798/2/5
f 4807/2/5 4800/2/5 4799/2/5
f 4807/1/5 4798/1/5 4806/1/5
f 4807/2/5 4801/2/5 4800/2/5
f 4807/2/5 4802/2/5 4801/2/5
f 4808/2/5 4802/2/5 4807/2/5
f 4809/2/5 4802/2/5 4808/2/5
f 4810/1/5 4803/1/5 4802/1/5
f 4810/2/5 4802/2/5 4809/2/5
f 4814/2/5 4806/2/5 4805/2/5
f 4815/2/5 4806/2/5 4814/2/5
f 4816/2/5 4806/2/5 4815/2/5
f 4817/1/5 4807/1/5 4806/1/5
f 4817/2/5 4806/2/5 4816/2/5
f 4817/1/5 4808/1/5 4807/1/5
f 4818/1/5 4808/1/5 4817/1/5
f 4819/1/5 4808/1/5 4818/1/5
f 4820/2/5 4809/2/5 4808/2/5
f 4820/1/5 4808/1/5 4819/1/5
f 4821/1/5 4810/1/5 4809/1/5
f 4821/1/5 4803/1/5 4810/1/5
f 4822/1/5 4803/1/5 4821/1/5
f 4824/1/5 4812/1/5 4811/1/5
f 4825/2/5 4813/2/5 4812/2/5
f 4825/1/5 4812/1/5 4824/1/5
f 4826/1/5 4814/1/5 4813/1/5
f 4826/2/5 4813/2/5 4825/2/5
f 4827/1/5 4816/1/5 4815/1/5
f 4827/2/5 4815/2/5 4814/2/5
f 4828/2/5 4817/2/5 4816/2/5
f 4828/1/5 4816/1/5 4827/1/5
f 4828/2/5 4818/2/5 4817/2/5
f 4829/2/5 4818/2/5 4828/2/5
f 4830/1/5 4819/1/5 4818/1/5
f 4830/2/5 4818/2/5 4829/2/5
f 4831/2/5 4820/2/5 4819/2/5
f 4831/1/5 4819/1/5 4830/1/5
f 4832/2/5 4809/2/5 4820/2/5
f 4832/2/5 4820/2/5 4831/2/5
f 4833/1/5 4821/1/5 4809/1/5
f 4833/2/5 4809/2/5 4832/2/5
f 4834/1/5 4821/1/5 4833/1/5
f 4835/1/5 4821/1/5 4834/1/5
f 4838/1/5 4824/1/5 4823/1/5
f 4838/1/5 4826/1/5 4825/1/5
f 4838/1/5 4825/1/5 4824/1/5
f 4839/1/5 4814/1/5 4826/1/5
f 4839/2/5 4827/2/5 4814/2/5
f 4839/1/5 4826/1/5 4838/1/5
f 4839/2/5 4828/2/5 4827/2/5
f 4840/2/5 4828/2/5 4839/2/5
f 4841/1/5 4829/1/5 4828/1/5
f 4841/2/5 4828/2/5 4840/2/5
f 4842/2/5 4831/2/5 4830/2/5
f 4842/1/5 4829/1/5 4841/1/5
f 4842/2/5 4830/2/5 4829/2/5
f 4842/2/5 4832/2/5 4831/2/5
f 4843/2/5 4832/2/5 4842/2/5
f 4844/1/5 4834/1/5 4833/1/5
f 4844/2/5 4832/2/5 4843/2/5
f 4844/1/5 4833/1/5 4832/1/5
f 4845/1/5 4834/1/5 4844/1/5
f 4846/1/5 4834/1/5 4845/1/5
f 4847/1/5 4834/1/5 4846/1/5
f 4850/2/5 4837/2/5 4836/2/5
f 4851/1/5 4840/1/5 4839/1/5
f 4851/1/5 4838/1/5 4837/1/5
f 4851/2/5 4837/2/5 4850/2/5
f 4851/1/5 4839/1/5 4838/1/5
f 4852/2/5 4841/2/5 4840/2/5
f 4852/1/5 4840/1/5 4851/1/5
f 4852/2/5 4843/2/5 4842/2/5
f 4852/2/5 4842/2/5 4841/2/5
f 4853/2/5 4843/2/5 4852/2/5
f 4854/2/5 4843/2/5 4853/2/5
f 4855/2/5 4846/2/5 4845/2/5
f 4855/1/5 4845/1/5 4844/1/5
f 4855/1/5 4844/1/5 4843/1/5
f 4856/2/5 4846/2/5 4855/2/5
f 4858/1/5 4849/1/5 4848/1/5
f 4859/2/5 4850/2/5 4849/2/5
f 4859/1/5 4849/1/5 4858/1/5
f 4860/1/5 4851/1/5 4850/1/5
f 4860/2/5 4850/2/5 4859/2/5
f 4861/2/5 4853/2/5 4852/2/5
f 4861/1/5 4851/1/5 4860/1/5
f 4861/2/5 4852/2/5 4851/2/5
f 4862/2/5 4853/2/5 4861/2/5
f 4863/1/5 4854/1/5 4853/1/5
f 4863/2/5 4853/2/5 4862/2/5
f 4864/1/5 4855/1/5 4843/1/5
f 4865/1/5 4855/1/5 4864/1/5
f 4867/1/5 4858/1/5 4857/1/5
f 4867/1/5 4859/1/5 4858/1/5
f 4867/1/5 4860/1/5 4859/1/5
f 4868/1/5 4860/1/5 4867/1/5
f 4869/2/5 4862/2/5 4861/2/5
f 4869/1/5 4860/1/5 4868/1/5
f 4869/2/5 4861/2/5 4860/2/5
f 4870/2/5 4862/2/5 4869/2/5
f 4871/2/5 4862/2/5 4870/2/5
f 4872/2/5 4862/2/5 4871/2/5
f 4873/1/5 4863/1/5 4862/1/5
f 4873/1/5 4854/1/5 4863/1/5
f 4874/2/5 4843/2/5 4854/2/5
f 4874/1/5 4854/1/5 4873/1/5
f 4875/1/5 4864/1/5 4843/1/5
f 4875/2/5 4843/2/5 4874/2/5
f 4876/1/5 4864/1/5 4875/1/5
f 4878/1/5 4868/1/5 4867/1/5
f 4878/1/5 4867/1/5 4866/1/5
f 4879/2/5 4869/2/5 4868/2/5
f 4879/1/5 4870/1/5 4869/1/5
f 4880/2/5 4871/2/5 4870/2/5
f 4880/1/5 4870/1/5 4879/1/5
f 4881/2/5 4871/2/5 4880/2/5
f 4882/1/5 4872/1/5 4871/1/5
f 4882/2/5 4871/2/5 4881/2/5
f 4883/1/5 4872/1/5 4882/1/5
f 4884/2/5 4862/2/5 4872/2/5
f 4884/1/5 4872/1/5 4883/1/5
f 4885/2/5 4862/2/5 4884/2/5
f 4886/2/5 4874/2/5 4873/2/5
f 4886/1/5 4873/1/5 4862/1/5
f 4886/2/5 4875/2/5 4874/2/5
f 4887/2/5 4875/2/5 4886/2/5
f 4888/2/5 4878/2/5 4877/2/5
f 4889/1/5 4868/1/5 4878/1/5
f 4889/2/5 4878/2/5 4888/2/5
f 4890/1/5 4868/1/5 4889/1/5
f 4891/2/5 4881/2/5 4880/2/5
f 4891/1/5 4868/1/5 4890/1/5
f 4891/2/5 4879/2/5 4868/2/5
f 4891/2/5 4880/2/5 4879/2/5
f 4892/2/5 4883/2/5 4882/2/5
f 4892/1/5 4882/1/5 4881/1/5
f 4893/1/5 4885/1/5 4884/1/5
f 4893/2/5 4883/2/5 4892/2/5
f 4893/1/5 4884/1/5 4883/1/5
f 4894/2/5 4862/2/5 4885/2/5
f 4894/1/5 4885/1/5 4893/1/5
f 4895/1/5 4886/1/5 4862/1/5
f 4896/1/5 4886/1/5 4895/1/5
f 4898/1/5 4890/1/5 4889/1/5
f 4898/1/5 4889/1/5 4888/1/5
f 4899/1/5 4890/1/5 4898/1/5
f 4900/2/5 4891/2/5 4890/2/5
f 4900/1/5 4890/1/5 4899/1/5
f 4901/2/5 4881/2/5 4891/2/5
f 4901/2/5 4891/2/5 4900/2/5
f 4902/2/5 4881/2/5 4901/2/5
f 4903/1/5 4893/1/5 4892/1/5
f 4903/2/5 4894/2/5 4893/2/5
f 4904/2/5 4894/2/5 4903/2/5
f 4905/1/5 4895/1/5 4862/1/5
f 4905/2/5 4894/2/5 4904/2/5
f 4905/2/5 4862/2/5 4894/2/5
f 4906/1/5 4895/1/5 4905/1/5
f 4907/2/5 4898/2/5 4897/2/5
f 4908/1/5 4899/1/5 4898/1/5
f 4908/2/5 4898/2/5 4907/2/5
f 4909/2/5 4900/2/5 4899/2/5
f 4909/1/5 4899/1/5 4908/1/5
f 4909/2/5 4901/2/5 4900/2/5
f 4910/2/5 4901/2/5 4909/2/5
f 4911/2/5 4901/2/5 4910/2/5
f 4912/1/5 4902/1/5 4901/1/5
f 4912/2/5 4901/2/5 4911/2/5
f 4913/2/5 4881/2/5 4902/2/5
f 4913/1/5 4892/1/5 4881/1/5
f 4913/1/5 4904/1/5 4903/1/5
f 4913/1/5 4903/1/5 4892/1/5
f 4914/1/5 4904/1/5 4913/1/5
f 4915/1/5 4904/1/5 4914/1/5
f 4916/2/5 4913/2/5 4902/2/5
f 4916/2/5 4914/2/5 4913/2/5
f 4917/2/5 4914/2/5 4916/2/5
f 4919/1/5 4908/1/5 4907/1/5
f 4920/1/5 4910/1/5 4909/1/5
f 4920/2/5 4909/2/5 4908/2/5
f 4921/2/5 4911/2/5 4910/2/5
f 4921/1/5 4910/1/5 4920/1/5
f 4922/1/5 4902/1/5 4912/1/5
f 4922/1/5 4912/1/5 4911/1/5
f 4923/2/5 4916/2/5 4902/2/5
f 4923/1/5 4902/1/5 4922/1/5
f 4924/2/5 4916/2/5 4923/2/5
f 4925/1/5 4919/1/5 4918/1/5
f 4926/1/5 4908/1/5 4919/1/5
f 4926/1/5 4919/1/5 4925/1/5
f 4927/2/5 4911/2/5 4921/2/5
f 4927/2/5 4921/2/5 4920/2/5
f 4927/1/5 4922/1/5 4911/1/5
f 4928/2/5 4923/2/5 4922/2/5
f 4928/1/5 4922/1/5 4927/1/5
f 4929/2/5 4926/2/5 4925/2/5
f 4930/1/5 4908/1/5 4926/1/5
f 4930/2/5 4926/2/5 4929/2/5
f 4931/2/5 4927/2/5 4920/2/5
f 4931/2/5 4928/2/5 4927/2/5
f 4932/2/5 4923/2/5 4928/2/5
f 4932/2/5 4928/2/5 4931/2/5
f 4933/2/5 4931/2/5 4920/2/5
f 4933/2/5 4920/2/5 4908/2/5
f 4934/2/5 4931/2/5 4933/2/5
f 4935/1/5 4908/1/5 4930/1/5
f 4935/1/5 4930/1/5 4929/1/5
f 4936/2/5 4933/2/5 4908/2/5
f 4936/1/5 4908/1/5 4935/1/5
f 4937/1/5 4934/1/5 4933/1/5
f 4937/2/5 4933/2/5 4936/2/5
f 4938/2/5 4931/2/5 4934/2/5
f 4938/1/5 4934/1/5 4937/1/5
f 4939/1/5 4932/1/5 4931/1/5
f 4939/2/5 4931/2/5 4938/2/5
f 4940/1/5 4932/1/5 4939/1/5
f 4941/1/5 4932/1/5 4940/1/5
f 4942/1/5 4932/1/5 4941/1/5
f 4943/2/5 4938/2/5 4937/2/5
f 4943/2/5 4937/2/5 4936/2/5
f 4943/2/5 4936/2/5 4935/2/5
f 4943/2/5 4940/2/5 4939/2/5
f 4943/2/5 4939/2/5 4938/2/5
f 4944/2/5 4940/2/5 4943/2/5
f 4945/1/5 4941/1/5 4940/1/5
f 4945/2/5 4940/2/5 4944/2/5
f 4946/1/5 4941/1/5 4945/1/5
f 4947/1/5 4935/1/5 4929/1/5
f 4948/2/5 4943/2/5 4935/2/5
f 4948/1/5 4935/1/5 4947/1/5
f 4949/1/5 4944/1/5 4943/1/5
f 4949/2/5 4943/2/5 4948/2/5
f 4950/2/5 4945/2/5 4944/2/5
f 4950/1/5 4944/1/5 4949/1/5
f 4950/2/5 4946/2/5 4945/2/5
f 4951/2/5 4946/2/5 4950/2/5
f 4952/2/5 4946/2/5 4951/2/5
f 4956/2/5 4948/2/5 4947/2/5
f 4956/2/5 4949/2/5 4948/2/5
f 4956/2/5 4950/2/5 4949/2/5
f 4957/2/5 4950/2/5 4956/2/5
f 4958/1/5 4951/1/5 4950/1/5
f 4958/2/5 4950/2/5 4957/2/5
f 4959/2/5 4953/2/5 4952/2/5
f 4959/1/5 4951/1/5 4958/1/5
f 4959/2/5 4952/2/5 4951/2/5
f 4960/2/5 4953/2/5 4959/2/5
f 4961/2/5 4953/2/5 4960/2/5
f 4962/2/5 4958/2/5 4957/2/5
f 4962/1/5 4957/1/5 4956/1/5
f 4962/2/5 4959/2/5 4958/2/5
f 4962/2/5 4960/2/5 4959/2/5
f 4963/2/5 4960/2/5 4962/2/5
f 4964/1/5 4961/1/5 4960/1/5
f 4964/2/5 4960/2/5 4963/2/5
f 4965/2/5 4953/2/5 4961/2/5
f 4965/1/5 4961/1/5 4964/1/5
f 4966/1/5 4954/1/5 4953/1/5
f 4966/2/5 4953/2/5 4965/2/5
f 4967/2/5 4955/2/5 4954/2/5
f 4967/1/5 4954/1/5 4966/1/5
f 4968/2/5 4955/2/5 4967/2/5
f 4969/1/5 4963/1/5 4962/1/5
f 4969/1/5 4962/1/5 4956/1/5
f 4970/2/5 4964/2/5 4963/2/5
f 4970/1/5 4963/1/5 4969/1/5
f 4970/2/5 4965/2/5 4964/2/5
f 4970/2/5 4967/2/5 4966/2/5
f 4970/2/5 4966/2/5 4965/2/5
f 4971/1/5 4968/1/5 4967/1/5
f 4971/2/5 4967/2/5 4970/2/5
f 4972/1/5 4968/1/5 4971/1/5
f 4975/1/5 4974/1/5 4973/1/5
f 4976/1/5 4974/1/5 4975/1/5
f 4977/1/5 4974/1/5 4976/1/5
f 4980/2/5 4979/2/5 4978/2/5
f 4981/2/5 4979/2/5 4980/2/5
f 4982/2/5 4979/2/5 4981/2/5
f 4985/2/5 4984/2/5 4983/2/5
f 4986/2/5 4984/2/5 4985/2/5
f 4989/2/5 4988/2/5 4987/2/5
f 4990/2/5 4988/2/5 4989/2/5
f 4993/2/5 4992/2/5 4991/2/5
f 4994/2/5 4992/2/5 4993/2/5
f 4999/1/5 4996/1/5 4995/1/5
f 5000/1/5 4996/1/5 4999/1/5
f 5002/1/5 4998/1/5 4997/1/5
f 5003/1/5 4998/1/5 5002/1/5
f 5006/1/5 5002/1/5 5001/1/5
f 5007/1/5 5002/1/5 5006/1/5
f 5008/2/5 5005/2/5 5004/2/5
f 5009/2/5 5005/2/5 5008/2/5
f 5012/1/5 5009/1/5 5008/1/5
f 5013/1/5 5009/1/5 5012/1/5
f 5014/1/5 5011/1/5 5010/1/5
f 5015/1/5 5011/1/5 5014/1/5
f 5016/2/5 5013/2/5 5012/2/5
f 5017/2/5 5013/2/5 5016/2/5
f 5018/1/5 5017/1/5 5016/1/5
f 5019/1/5 5017/1/5 5018/1/5
f 5022/2/5 5019/2/5 5018/2/5
f 5023/2/5 5019/2/5 5022/2/5
f 5024/1/5 5021/1/5 5020/1/5
f 5025/1/5 5021/1/5 5024/1/5
f 5026/1/5 5023/1/5 5022/1/5
f 5027/1/5 5023/1/5 5026/1/5
f 5030/2/5 5027/2/5 5026/2/5
f 5031/2/5 5027/2/5 5030/2/5
f 5032/1/5 5029/1/5 5028/1/5
f 5033/1/5 5029/1/5 5032/1/5
f 5034/1/5 5031/1/5 5030/1/5
f 5035/1/5 5031/1/5 5034/1/5
f 5040/2/5 5037/2/5 5036/2/5
f 5041/2/5 5037/2/5 5040/2/5
f 5042/2/5 5039/2/5 5038/2/5
f 5043/2/5 5039/2/5 5042/2/5
f 5048/1/5 5045/1/5 5044/1/5
f 5049/1/5 5045/1/5 5048/1/5
f 5051/2/5 5047/2/5 5046/2/5
f 5052/2/5 5047/2/5 5051/2/5
f 5053/2/5 5050/2/5 5049/2/5
f 5054/2/5 5050/2/5 5053/2/5
f 5057/1/5 5056/1/5 5055/1/5
f 5058/1/5 5056/1/5 5057/1/5
f 5063/2/5 5060/2/5 5059/2/5
f 5064/2/5 5060/2/5 5063/2/5
f 5065/1/5 5062/1/5 5061/1/5
f 5066/1/5 5062/1/5 5065/1/5
f 5069/1/5 5068/1/5 5067/1/5
f 5070/1/5 5068/1/5 5069/1/5
f 5071/2/5 5070/2/5 5069/2/5
f 5072/2/5 5071/2/5 5069/2/5
f 5073/2/5 5071/2/5 5072/2/5
f 5074/1/5 5073/1/5 5072/1/5
f 5075/1/5 5074/1/5 5072/1/5
f 5076/1/5 5074/1/5 5075/1/5
f 5082/1/5 5078/1/5 5077/1/5
f 5083/1/5 5078/1/5 5082/1/5
f 5084/2/5 5080/2/5 5079/2/5
f 5085/2/5 5080/2/5 5084/2/5
f 5087/2/5 5083/2/5 5082/2/5
f 5087/2/5 5082/2/5 5081/2/5
f 5088/2/5 5083/2/5 5087/2/5
f 5089/2/5 5083/2/5 5088/2/5
f 5093/2/5 5087/2/5 5086/2/5
f 5094/1/5 5088/1/5 5087/1/5
f 5094/2/5 5087/2/5 5093/2/5
f 5095/1/5 5088/1/5 5094/1/5
f 5097/2/5 5091/2/5 5090/2/5
f 5098/2/5 5091/2/5 5097/2/5
f 5102/2/5 5093/2/5 5092/2/5
f 5103/1/5 5094/1/5 5093/1/5
f 5103/2/5 5093/2/5 5102/2/5
f 5104/1/5 5094/1/5 5103/1/5
f 5105/1/5 5097/1/5 5096/1/5
f 5106/1/5 5097/1/5 5105/1/5
f 5109/2/5 5100/2/5 5099/2/5
f 5110/1/5 5101/1/5 5100/1/5
f 5110/2/5 5100/2/5 5109/2/5
f 5111/1/5 5101/1/5 5110/1/5
f 5113/2/5 5106/2/5 5105/2/5
f 5114/2/5 5106/2/5 5113/2/5
f 5117/1/5 5108/1/5 5107/1/5
f 5118/1/5 5108/1/5 5117/1/5
f 5120/1/5 5113/1/5 5112/1/5
f 5121/1/5 5113/1/5 5120/1/5
f 5122/1/5 5116/1/5 5115/1/5
f 5123/1/5 5116/1/5 5122/1/5
f 5125/1/5 5120/1/5 5119/1/5
f 5126/1/5 5120/1/5 5125/1/5
f 5128/2/5 5125/2/5 5124/2/5
f 5129/2/5 5125/2/5 5128/2/5
f 5133/1/5 5128/1/5 5127/1/5
f 5134/1/5 5128/1/5 5133/1/5
f 5135/1/5 5131/1/5 5130/1/5
f 5136/1/5 5131/1/5 5135/1/5
f 5138/1/5 5133/1/5 5132/1/5
f 5139/1/5 5133/1/5 5138/1/5
f 5144/1/5 5138/1/5 5137/1/5
f 5145/1/5 5138/1/5 5144/1/5
f 5146/1/5 5141/1/5 5140/1/5
f 5147/1/5 5141/1/5 5146/1/5
f 5150/1/5 5143/1/5 5142/1/5
f 5151/1/5 5143/1/5 5150/1/5
f 5154/1/5 5149/1/5 5148/1/5
f 5155/1/5 5149/1/5 5154/1/5
f 5156/2/5 5153/2/5 5152/2/5
f 5157/2/5 5153/2/5 5156/2/5
f 5158/1/5 5157/1/5 5156/1/5
f 5159/1/5 5157/1/5 5158/1/5
f 5164/2/5 5161/2/5 5160/2/5
f 5165/2/5 5161/2/5 5164/2/5
f 5166/2/5 5163/2/5 5162/2/5
f 5167/2/5 5163/2/5 5166/2/5
f 5168/1/5 5165/1/5 5164/1/5
f 5169/1/5 5165/1/5 5168/1/5
f 5172/1/5 5171/1/5 5170/1/5
f 5173/1/5 5171/1/5 5172/1/5
f 5176/1/5 5175/1/5 5174/1/5
f 5177/1/5 5175/1/5 5176/1/5
f 5181/1/5 5179/1/5 5178/1/5
f 5182/1/5 5179/1/5 5181/1/5
f 5183/1/5 5181/1/5 5180/1/5
f 5184/1/5 5181/1/5 5183/1/5
f 5187/1/5 5186/1/5 5185/1/5
f 5188/1/5 5186/1/5 5187/1/5
f 5191/1/5 5190/1/5 5189/1/5
f 5192/1/5 5190/1/5 5191/1/5
f 5195/2/5 5192/2/5 5191/2/5
f 5196/2/5 5192/2/5 5195/2/5
f 5197/2/5 5194/2/5 5193/2/5
f 5198/2/5 5194/2/5 5197/2/5
f 5201/2/5 5200/2/5 5199/2/5
f 5202/2/5 5200/2/5 5201/2/5
f 5205/2/5 5204/2/5 5203/2/5
f 5206/2/5 5204/2/5 5205/2/5
f 5211/1/5 5208/1/5 5207/1/5
f 5212/1/5 5210/1/5 5209/1/5
f 5213/1/5 5210/1/5 5212/1/5
f 5214/1/5 5208/1/5 5211/1/5
f 5215/1/5 5208/1/5 5214/1/5
f 5220/2/5 5217/2/5 5216/2/5
f 5221/2/5 5217/2/5 5220/2/5
f 5222/1/5 5219/1/5 5218/1/5
f 5223/1/5 5219/1/5 5222/1/5
f 5228/1/5 5225/1/5 5224/1/5
f 5229/1/5 5225/1/5 5228/1/5
f 5232/1/5 5227/1/5 5226/1/5
f 5233/1/5 5227/1/5 5232/1/5
f 5234/1/5 5231/1/5 5230/1/5
f 5235/1/5 5231/1/5 5234/1/5
f 5237/1/5 5236/1/5 5235/1/5
f 5238/1/5 5236/1/5 5237/1/5
f 5241/1/5 5240/1/5 5239/1/5
f 5242/1/5 5240/1/5 5241/1/5
f 5247/2/5 5244/2/5 5243/2/5
f 5248/2/5 5244/2/5 5247/2/5
f 5249/1/5 5246/1/5 5245/1/5
f 5250/1/5 5246/1/5 5249/1/5
f 5254/2/5 5252/2/5 5251/2/5
f 5255/2/5 5252/2/5 5254/2/5
f 5259/2/5 5254/2/5 5253/2/5
f 5260/2/5 5254/2/5 5259/2/5
f 5263/1/5 5257/1/5 5256/1/5
f 5264/1/5 5257/1/5 5263/1/5
f 5265/2/5 5259/2/5 5258/2/5
f 5268/2/5 5262/2/5 5261/2/5
f 5269/2/5 5262/2/5 5268/2/5
f 5271/2/5 5265/2/5 5258/2/5
f 5272/2/5 5265/2/5 5271/2/5
f 5275/1/5 5267/1/5 5266/1/5
f 5276/1/5 5267/1/5 5275/1/5
f 5278/2/5 5271/2/5 5270/2/5
f 5279/2/5 5271/2/5 5278/2/5
f 5280/2/5 5274/2/5 5273/2/5
f 5281/2/5 5274/2/5 5280/2/5
f 5283/2/5 5278/2/5 5277/2/5
f 5284/2/5 5278/2/5 5283/2/5
f 5287/2/5 5283/2/5 5282/2/5
f 5288/2/5 5283/2/5 5287/2/5
f 5290/1/5 5286/1/5 5285/1/5
f 5291/2/5 5287/2/5 5286/2/5
f 5291/1/5 5286/1/5 5290/1/5
f 5292/2/5 5287/2/5 5291/2/5
f 5296/1/5 5290/1/5 5289/1/5
f 5297/1/5 5290/1/5 5296/1/5
f 5298/2/5 5294/2/5 5293/2/5
f 5299/2/5 5294/2/5 5298/2/5
f 5302/1/5 5296/1/5 5295/1/5
f 5303/1/5 5296/1/5 5302/1/5
f 5306/1/5 5301/1/5 5300/1/5
f 5307/1/5 5301/1/5 5306/1/5
f 5308/1/5 5305/1/5 5304/1/5
f 5309/1/5 5305/1/5 5308/1/5
f 5312/2/5 5311/2/5 5310/2/5
f 5313/2/5 5311/2/5 5312/2/5
f 5318/2/5 5317/2/5 5316/2/5
f 5319/2/5 5317/2/5 5318/2/5
f 5320/1/5 5315/1/5 5314/1/5
f 5321/1/5 5315/1/5 5320/1/5
f 5324/1/5 5323/1/5 5322/1/5
f 5325/1/5 5323/1/5 5324/1/5
f 5328/1/5 5327/1/5 5326/1/5
f 5329/1/5 5327/1/5 5328/1/5
f 5332/1/5 5331/1/5 5330/1/5
f 5333/1/5 5331/1/5 5332/1/5
f 5337/1/5 5335/1/5 5334/1/5
f 5338/1/5 5335/1/5 5337/1/5
f 5340/1/5 5337/1/5 5336/1/5
f 5341/1/5 5337/1/5 5340/1/5
f 5343/2/5 5340/2/5 5339/2/5
f 5344/2/5 5340/2/5 5343/2/5
f 5345/2/5 5343/2/5 5342/2/5
f 5346/2/5 5343/2/5 5345/2/5
f 5349/1/5 5348/1/5 5347/1/5
f 5350/1/5 5348/1/5 5349/1/5
f 5353/1/5 5352/1/5 5351/1/5
f 5354/1/5 5352/1/5 5353/1/5
f 5357/1/5 5356/1/5 5355/1/5
f 5358/1/5 5356/1/5 5357/1/5
f 5361/2/5 5360/2/5 5359/2/5
f 5363/2/5 5360/2/5 5361/2/5
f 5364/2/5 5360/2/5 5363/2/5
f 5366/1/5 5363/1/5 5362/1/5
f 5367/1/5 5363/1/5 5366/1/5
f 5368/1/5 5366/1/5 5365/1/5
f 5370/1/5 5366/1/5 5368/1/5
f 5371/1/5 5366/1/5 5370/1/5
f 5375/2/5 5370/2/5 5369/2/5
f 5376/2/5 5370/2/5 5375/2/5
f 5378/1/5 5373/1/5 5372/1/5
f 5379/1/5 5373/1/5 5378/1/5
f 5380/2/5 5375/2/5 5374/2/5
f 5381/2/5 5375/2/5 5380/2/5
f 5382/1/5 5378/1/5 5377/1/5
f 5383/1/5 5378/1/5 5382/1/5
f 5385/1/5 5381/1/5 5380/1/5
f 5386/1/5 5381/1/5 5385/1/5
f 5388/2/5 5383/2/5 5382/2/5
f 5389/2/5 5383/2/5 5388/2/5
f 5391/1/5 5388/1/5 5387/1/5
f 5392/1/5 5388/1/5 5391/1/5
f 5393/1/5 5385/1/5 5384/1/5
f 5394/1/5 5391/1/5 5390/1/5
f 5396/1/5 5385/1/5 5393/1/5
f 5397/1/5 5385/1/5 5396/1/5
f 5399/1/5 5394/1/5 5390/1/5
f 5400/1/5 5394/1/5 5399/1/5
f 5401/2/5 5396/2/5 5395/2/5
f 5402/2/5 5396/2/5 5401/2/5
f 5403/2/5 5396/2/5 5402/2/5
f 5405/2/5 5399/2/5 5398/2/5
f 5406/2/5 5399/2/5 5405/2/5
f 5407/1/5 5403/1/5 5402/1/5
f 5408/2/5 5405/2/5 5404/2/5
f 5409/2/5 5405/2/5 5408/2/5
f 5411/1/5 5403/1/5 5407/1/5
f 5412/1/5 5403/1/5 5411/1/5
f 5413/2/5 5412/2/5 5411/2/5
f 5414/2/5 5412/2/5 5413/2/5
f 5415/1/5 5414/1/5 5413/1/5
f 5416/1/5 5414/1/5 5415/1/5
f 5418/2/5 5410/2/5 5409/2/5
f 5419/2/5 5410/2/5 5418/2/5
f 5421/2/5 5420/2/5 5419/2/5
f 5422/2/5 5420/2/5 5421/2/5
f 5423/1/5 5422/1/5 5421/1/5
f 5424/1/5 5422/1/5 5423/1/5
f 5426/1/5 5417/1/5 5416/1/5
f 5427/1/5 5417/1/5 5426/1/5
f 5429/2/5 5425/2/5 5424/2/5
f 5430/2/5 5425/2/5 5429/2/5
f 5431/1/5 5430/1/5 5429/1/5
f 5432/1/5 5430/1/5 5431/1/5
f 5434/1/5 5428/1/5 5427/1/5
f 5435/1/5 5428/1/5 5434/1/5
f 5437/2/5 5433/2/5 5432/2/5
f 5438/2/5 5433/2/5 5437/2/5
f 5440/1/5 5436/1/5 5435/1/5
f 5441/1/5 5436/1/5 5440/1/5
f 5443/2/5 5439/2/5 5438/2/5
f 5444/1/5 5442/1/5 5441/1/5
f 5445/1/5 5442/1/5 5444/1/5
f 5447/2/5 5443/2/5 5438/2/5
f 5448/2/5 5443/2/5 5447/2/5
f 5449/1/5 5446/1/5 5445/1/5
f 5450/1/5 5448/1/5 5447/1/5
f 5451/1/5 5448/1/5 5450/1/5
f 5453/1/5 5446/1/5 5449/1/5
f 5454/1/5 5446/1/5 5453/1/5
f 5455/2/5 5452/2/5 5451/2/5
f 5456/2/5 5452/2/5 5455/2/5
f 5459/2/5 5458/2/5 5457/2/5
f 5460/2/5 5458/2/5 5459/2/5
f 5462/1/5 5460/1/5 5459/1/5
f 5463/1/5 5460/1/5 5462/1/5
f 5467/1/5 5462/1/5 5461/1/5
f 5468/1/5 5462/1/5 5467/1/5
f 5470/1/5 5465/1/5 5464/1/5
f 5471/1/5 5465/1/5 5470/1/5
f 5473/1/5 5467/1/5 5466/1/5
f 5474/1/5 5467/1/5 5473/1/5
f 5476/2/5 5470/2/5 5469/2/5
f 5477/2/5 5470/2/5 5476/2/5
f 5481/1/5 5473/1/5 5472/1/5
f 5482/1/5 5473/1/5 5481/1/5
f 5484/1/5 5476/1/5 5475/1/5
f 5485/1/5 5476/1/5 5484/1/5
f 5488/1/5 5480/1/5 5479/1/5
f 5488/1/5 5479/1/5 5478/1/5
f 5489/2/5 5481/2/5 5480/2/5
f 5489/1/5 5480/1/5 5488/1/5
f 5490/2/5 5481/2/5 5489/2/5
f 5492/1/5 5484/1/5 5483/1/5
f 5493/1/5 5484/1/5 5492/1/5
f 5496/2/5 5487/2/5 5486/2/5
f 5496/2/5 5488/2/5 5487/2/5
f 5497/2/5 5488/2/5 5496/2/5
f 5499/1/5 5492/1/5 5491/1/5
f 5500/1/5 5492/1/5 5499/1/5
f 5503/2/5 5495/2/5 5494/2/5
f 5504/1/5 5496/1/5 5495/1/5
f 5504/2/5 5495/2/5 5503/2/5
f 5505/1/5 5496/1/5 5504/1/5
f 5507/2/5 5499/2/5 5498/2/5
f 5508/2/5 5499/2/5 5507/2/5
f 5510/1/5 5502/1/5 5501/1/5
f 5511/2/5 5503/2/5 5502/2/5
f 5511/1/5 5502/1/5 5510/1/5
f 5512/2/5 5503/2/5 5511/2/5
f 5514/2/5 5507/2/5 5506/2/5
f 5515/2/5 5507/2/5 5514/2/5
f 5517/2/5 5510/2/5 5509/2/5
f 5518/2/5 5510/2/5 5517/2/5
f 5521/2/5 5514/2/5 5513/2/5
f 5522/2/5 5514/2/5 5521/2/5
f 5523/2/5 5514/2/5 5522/2/5
f 5525/2/5 5517/2/5 5516/2/5
f 5526/2/5 5517/2/5 5525/2/5
f 5528/1/5 5520/1/5 5519/1/5
f 5529/2/5 5521/2/5 5520/2/5
f 5529/1/5 5520/1/5 5528/1/5
f 5530/2/5 5521/2/5 5529/2/5
f 5532/1/5 5525/1/5 5524/1/5
f 5533/1/5 5525/1/5 5532/1/5
f 5536/2/5 5528/2/5 5527/2/5
f 5537/2/5 5528/2/5 5536/2/5
f 5538/2/5 5528/2/5 5537/2/5
f 5540/1/5 5535/1/5 5534/1/5
f 5541/2/5 5536/2/5 5535/2/5
f 5541/1/5 5535/1/5 5540/1/5
f 5542/2/5 5536/2/5 5541/2/5
f 5544/1/5 5532/1/5 5531/1/5
f 5545/1/5 5532/1/5 5544/1/5
f 5547/1/5 5540/1/5 5539/1/5
f 5548/1/5 5540/1/5 5547/1/5
f 5550/1/5 5547/1/5 5546/1/5
f 5551/1/5 5547/1/5 5550/1/5
f 5553/2/5 5544/2/5 5543/2/5
f 5554/2/5 5544/2/5 5553/2/5
f 5555/1/5 5550/1/5 5549/1/5
f 5556/1/5 5550/1/5 5555/1/5
f 5557/1/5 5553/1/5 5552/1/5
f 5559/2/5 5556/2/5 5555/2/5
f 5560/2/5 5556/2/5 5559/2/5
f 5562/1/5 5553/1/5 5557/1/5
f 5563/1/5 5553/1/5 5562/1/5
f 5565/2/5 5559/2/5 5558/2/5
f 5566/2/5 5559/2/5 5565/2/5
f 5567/1/5 5565/1/5 5564/1/5
f 5568/1/5 5565/1/5 5567/1/5
f 5569/1/5 5562/1/5 5561/1/5
f 5570/2/5 5568/2/5 5567/2/5
f 5571/2/5 5568/2/5 5570/2/5
f 5572/1/5 5562/1/5 5569/1/5
f 5573/1/5 5562/1/5 5572/1/5
f 5574/2/5 5573/2/5 5572/2/5
f 5575/2/5 5573/2/5 5574/2/5
f 5576/2/5 5573/2/5 5575/2/5
f 5580/2/5 5578/2/5 5577/2/5
f 5581/2/5 5578/2/5 5580/2/5
f 5584/1/5 5580/1/5 5579/1/5
f 5584/1/5 5581/1/5 5580/1/5
f 5585/1/5 5581/1/5 5584/1/5
f 5586/2/5 5582/2/5 5581/2/5
f 5586/1/5 5581/1/5 5585/1/5
f 5587/2/5 5582/2/5 5586/2/5
f 5588/2/5 5584/2/5 5583/2/5
f 5589/1/5 5585/1/5 5584/1/5
f 5589/2/5 5584/2/5 5588/2/5
f 5590/1/5 5587/1/5 5586/1/5
f 5593/1/5 5589/1/5 5588/1/5
f 5594/1/5 5590/1/5 5586/1/5
f 5594/2/5 5591/2/5 5590/2/5
f 5595/2/5 5591/2/5 5594/2/5
f 5597/2/5 5593/2/5 5592/2/5
f 5598/1/5 5589/1/5 5593/1/5
f 5598/2/5 5593/2/5 5597/2/5
f 5599/1/5 5585/1/5 5589/1/5
f 5599/1/5 5589/1/5 5598/1/5
f 5600/2/5 5586/2/5 5585/2/5
f 5600/1/5 5594/1/5 5586/1/5
f 5601/1/5 5594/1/5 5600/1/5
f 5602/1/5 5597/1/5 5596/1/5
f 5603/2/5 5598/2/5 5597/2/5
f 5603/1/5 5597/1/5 5602/1/5
f 5603/2/5 5599/2/5 5598/2/5
f 5604/2/5 5599/2/5 5603/2/5
f 5605/1/5 5585/1/5 5599/1/5
f 5605/2/5 5599/2/5 5604/2/5
f 5606/2/5 5600/2/5 5585/2/5
f 5606/1/5 5585/1/5 5605/1/5
f 5607/2/5 5600/2/5 5606/2/5
f 5609/2/5 5603/2/5 5602/2/5
f 5610/1/5 5604/1/5 5603/1/5
f 5610/2/5 5605/2/5 5604/2/5
f 5610/2/5 5606/2/5 5605/2/5
f 5610/2/5 5607/2/5 5606/2/5
f 5611/2/5 5607/2/5 5610/2/5
f 5612/2/5 5607/2/5 5611/2/5
f 5613/2/5 5607/2/5 5612/2/5
f 5614/1/5 5610/1/5 5603/1/5
f 5614/1/5 5611/1/5 5610/1/5
f 5615/2/5 5612/2/5 5611/2/5
f 5615/1/5 5611/1/5 5614/1/5
f 5616/2/5 5612/2/5 5615/2/5
f 5618/2/5 5609/2/5 5608/2/5
f 5619/1/5 5614/1/5 5603/1/5
f 5619/2/5 5615/2/5 5614/2/5
f 5620/2/5 5615/2/5 5619/2/5
f 5621/2/5 5603/2/5 5609/2/5
f 5621/2/5 5618/2/5 5617/2/5
f 5621/2/5 5609/2/5 5618/2/5
f 5622/1/5 5619/1/5 5603/1/5
f 5622/2/5 5603/2/5 5621/2/5
f 5623/1/5 5619/1/5 5622/1/5
f 5624/2/5 5621/2/5 5617/2/5
f 5625/2/5 5621/2/5 5624/2/5
f 5626/1/5 5622/1/5 5621/1/5
f 5626/2/5 5621/2/5 5625/2/5
f 5627/2/5 5623/2/5 5622/2/5
f 5627/1/5 5622/1/5 5626/1/5
f 5628/2/5 5623/2/5 5627/2/5
f 5629/2/5 5626/2/5 5625/2/5
f 5629/2/5 5627/2/5 5626/2/5
f 5631/1/5 5625/1/5 5624/1/5
f 5632/2/5 5630/2/5 5629/2/5
f 5632/1/5 5625/1/5 5631/1/5
f 5632/2/5 5629/2/5 5625/2/5
f 5633/2/5 5632/2/5 5631/2/5
f 5634/2/5 5630/2/5 5632/2/5
f 5634/2/5 5632/2/5 5633/2/5
f 5635/1/5 5634/1/5 5633/1/5
f 5636/2/5 5630/2/5 5634/2/5
f 5636/1/5 5634/1/5 5635/1/5
f 5637/2/5 5630/2/5 5636/2/5
f 5638/2/5 5630/2/5 5637/2/5
f 5639/2/5 5630/2/5 5638/2/5
f 5641/2/5 5639/2/5 5638/2/5
f 5641/2/5 5640/2/5 5639/2/5
f 5642/2/5 5637/2/5 5636/2/5
f 5642/1/5 5638/1/5 5637/1/5
f 5643/2/5 5641/2/5 5638/2/5
f 5643/1/5 5638/1/5 5642/1/5
f 5644/2/5 5641/2/5 5643/2/5
f 5646/2/5 5644/2/5 5643/2/5
f 5646/2/5 5645/2/5 5644/2/5
f 5646/2/5 5643/2/5 5642/2/5
f 5646/2/5 5642/2/5 5636/2/5
f 5647/2/5 5645/2/5 5646/2/5
f 5648/2/5 5645/2/5 5647/2/5
f 5649/2/5 5645/2/5 5648/2/5
f 5650/2/5 5645/2/5 5649/2/5
f 5651/2/5 5650/2/5 5649/2/5
f 5653/2/5 5648/2/5 5647/2/5
f 5654/2/5 5648/2/5 5653/2/5
f 5655/1/5 5649/1/5 5648/1/5
f 5655/2/5 5648/2/5 5654/2/5
f 5656/2/5 5651/2/5 5649/2/5
f 5656/1/5 5649/1/5 5655/1/5
f 5656/2/5 5652/2/5 5651/2/5
f 5657/2/5 5652/2/5 5656/2/5
f 5658/2/5 5652/2/5 5657/2/5
f 5660/2/5 5655/2/5 5654/2/5
f 5660/2/5 5657/2/5 5656/2/5
f 5660/2/5 5656/2/5 5655/2/5
f 5661/1/5 5658/1/5 5657/1/5
f 5661/2/5 5657/2/5 5660/2/5
f 5662/2/5 5660/2/5 5654/2/5
f 5663/2/5 5660/2/5 5662/2/5
f 5664/1/5 5661/1/5 5660/1/5
f 5664/2/5 5660/2/5 5663/2/5
f 5665/2/5 5659/2/5 5658/2/5
f 5665/1/5 5661/1/5 5664/1/5
f 5665/1/5 5658/1/5 5661/1/5
f 5666/1/5 5664/1/5 5663/1/5
f 5667/2/5 5665/2/5 5664/2/5
f 5667/1/5 5664/1/5 5666/1/5
f 5668/2/5 5665/2/5 5667/2/5
f 5669/2/5 5659/2/5 5665/2/5
f 5669/2/5 5665/2/5 5668/2/5
f 5670/1/5 5668/1/5 5667/1/5
f 5671/2/5 5669/2/5 5668/2/5
f 5671/1/5 5668/1/5 5670/1/5
f 5672/2/5 5669/2/5 5671/2/5
f 5673/2/5 5669/2/5 5672/2/5
f 5675/2/5 5672/2/5 5671/2/5
f 5675/2/5 5671/2/5 5670/2/5
f 5676/1/5 5673/1/5 5672/1/5
f 5676/2/5 5672/2/5 5675/2/5
f 5677/2/5 5674/2/5 5673/2/5
f 5677/1/5 5673/1/5 5676/1/5
f 5678/2/5 5674/2/5 5677/2/5
f 5682/2/5 5680/2/5 5679/2/5
f 5683/2/5 5680/2/5 5682/2/5
f 5686/2/5 5682/2/5 5681/2/5
f 5687/1/5 5683/1/5 5682/1/5
f 5687/2/5 5682/2/5 5686/2/5
f 5688/2/5 5684/2/5 5683/2/5
f 5688/1/5 5683/1/5 5687/1/5
f 5689/2/5 5684/2/5 5688/2/5
f 5692/2/5 5686/2/5 5685/2/5
f 5693/1/5 5687/1/5 5686/1/5
f 5693/2/5 5686/2/5 5692/2/5
f 5694/2/5 5690/2/5 5689/2/5
f 5694/1/5 5687/1/5 5693/1/5
f 5694/2/5 5688/2/5 5687/2/5
f 5694/2/5 5689/2/5 5688/2/5
f 5695/2/5 5690/2/5 5694/2/5
f 5696/2/5 5690/2/5 5695/2/5
f 5698/2/5 5692/2/5 5691/2/5
f 5699/1/5 5693/1/5 5692/1/5
f 5699/2/5 5692/2/5 5698/2/5
f 5700/2/5 5694/2/5 5693/2/5
f 5700/1/5 5693/1/5 5699/1/5
f 5700/2/5 5695/2/5 5694/2/5
f 5701/2/5 5695/2/5 5700/2/5
f 5702/2/5 5695/2/5 5701/2/5
f 5705/2/5 5698/2/5 5697/2/5
f 5705/2/5 5699/2/5 5698/2/5
f 5705/2/5 5700/2/5 5699/2/5
f 5705/2/5 5701/2/5 5700/2/5
f 5706/2/5 5701/2/5 5705/2/5
f 5707/2/5 5701/2/5 5706/2/5
f 5708/2/5 5701/2/5 5707/2/5
f 5709/2/5 5701/2/5 5708/2/5
f 5711/2/5 5704/2/5 5703/2/5
f 5711/2/5 5705/2/5 5704/2/5
f 5711/2/5 5706/2/5 5705/2/5
f 5712/2/5 5706/2/5 5711/2/5
f 5713/1/5 5707/1/5 5706/1/5
f 5713/2/5 5706/2/5 5712/2/5
f 5714/2/5 5708/2/5 5707/2/5
f 5714/1/5 5707/1/5 5713/1/5
f 5715/2/5 5708/2/5 5714/2/5
f 5716/2/5 5708/2/5 5715/2/5
f 5719/2/5 5712/2/5 5711/2/5
f 5719/2/5 5711/2/5 5710/2/5
f 5720/2/5 5712/2/5 5719/2/5
f 5721/1/5 5713/1/5 5712/1/5
f 5721/2/5 5712/2/5 5720/2/5
f 5722/2/5 5714/2/5 5713/2/5
f 5722/1/5 5713/1/5 5721/1/5
f 5722/2/5 5715/2/5 5714/2/5
f 5723/2/5 5715/2/5 5722/2/5
f 5724/2/5 5715/2/5 5723/2/5
f 5727/2/5 5720/2/5 5719/2/5
f 5727/2/5 5718/2/5 5717/2/5
f 5727/2/5 5719/2/5 5718/2/5
f 5728/2/5 5720/2/5 5727/2/5
f 5729/1/5 5721/1/5 5720/1/5
f 5729/2/5 5720/2/5 5728/2/5
f 5730/2/5 5723/2/5 5722/2/5
f 5730/1/5 5721/1/5 5729/1/5
f 5730/2/5 5722/2/5 5721/2/5
f 5731/2/5 5723/2/5 5730/2/5
f 5733/2/5 5726/2/5 5725/2/5
f 5733/2/5 5727/2/5 5726/2/5
f 5734/2/5 5727/2/5 5733/2/5
f 5735/1/5 5728/1/5 5727/1/5
f 5735/2/5 5727/2/5 5734/2/5
f 5736/1/5 5728/1/5 5735/1/5
f 5737/2/5 5729/2/5 5728/2/5
f 5737/1/5 5728/1/5 5736/1/5
f 5737/2/5 5730/2/5 5729/2/5
f 5738/2/5 5730/2/5 5737/2/5
f 5739/2/5 5730/2/5 5738/2/5
f 5740/2/5 5730/2/5 5739/2/5
f 5742/2/5 5734/2/5 5733/2/5
f 5742/2/5 5733/2/5 5732/2/5
f 5743/1/5 5736/1/5 5735/1/5
f 5743/1/5 5735/1/5 5734/1/5
f 5743/2/5 5734/2/5 5742/2/5
f 5744/1/5 5736/1/5 5743/1/5
f 5745/2/5 5738/2/5 5737/2/5
f 5745/2/5 5737/2/5 5736/2/5
f 5746/2/5 5738/2/5 5745/2/5
f 5748/2/5 5742/2/5 5741/2/5
f 5748/2/5 5744/2/5 5743/2/5
f 5748/2/5 5743/2/5 5742/2/5
f 5749/2/5 5744/2/5 5748/2/5
f 5750/1/5 5736/1/5 5744/1/5
f 5750/2/5 5744/2/5 5749/2/5
f 5751/2/5 5745/2/5 5736/2/5
f 5751/1/5 5736/1/5 5750/1/5
f 5752/2/5 5745/2/5 5751/2/5
f 5753/2/5 5745/2/5 5752/2/5
f 5754/1/5 5749/1/5 5748/1/5
f 5754/1/5 5748/1/5 5747/1/5
f 5755/2/5 5750/2/5 5749/2/5
f 5755/1/5 5749/1/5 5754/1/5
f 5755/2/5 5751/2/5 5750/2/5
f 5756/2/5 5751/2/5 5755/2/5
f 5757/2/5 5751/2/5 5756/2/5
f 5759/2/5 5755/2/5 5754/2/5
f 5759/2/5 5756/2/5 5755/2/5
f 5760/2/5 5756/2/5 5759/2/5
f 5761/2/5 5756/2/5 5760/2/5
f 5762/2/5 5756/2/5 5761/2/5
f 5763/2/5 5756/2/5 5762/2/5
f 5764/2/5 5759/2/5 5758/2/5
f 5764/2/5 5760/2/5 5759/2/5
f 5765/1/5 5761/1/5 5760/1/5
f 5765/2/5 5760/2/5 5764/2/5
f 5766/2/5 5762/2/5 5761/2/5
f 5766/1/5 5761/1/5 5765/1/5
f 5767/2/5 5762/2/5 5766/2/5
f 5769/2/5 5764/2/5 5758/2/5
f 5770/1/5 5765/1/5 5764/1/5
f 5770/2/5 5764/2/5 5769/2/5
f 5771/2/5 5766/2/5 5765/2/5
f 5771/1/5 5765/1/5 5770/1/5
f 5772/2/5 5766/2/5 5771/2/5
f 5773/2/5 5769/2/5 5768/2/5
f 5773/2/5 5770/2/5 5769/2/5
f 5773/2/5 5772/2/5 5771/2/5
f 5773/2/5 5771/2/5 5770/2/5
f 5774/2/5 5772/2/5 5773/2/5
f 5775/2/5 5772/2/5 5774/2/5
f 5776/2/5 5772/2/5 5775/2/5
f 5778/1/5 5774/1/5 5773/1/5
f 5779/2/5 5775/2/5 5774/2/5
f 5779/1/5 5774/1/5 5778/1/5
f 5780/2/5 5775/2/5 5779/2/5
f 5781/2/5 5775/2/5 5780/2/5
f 5782/2/5 5779/2/5 5778/2/5
f 5782/2/5 5780/2/5 5779/2/5
f 5782/1/5 5781/1/5 5780/1/5
f 5783/2/5 5775/2/5 5781/2/5
f 5783/1/5 5781/1/5 5782/1/5
f 5784/2/5 5775/2/5 5783/2/5
f 5785/1/5 5778/1/5 5777/1/5
f 5786/2/5 5782/2/5 5778/2/5
f 5786/1/5 5778/1/5 5785/1/5
f 5786/2/5 5783/2/5 5782/2/5
f 5787/2/5 5783/2/5 5786/2/5
f 5788/2/5 5786/2/5 5785/2/5
f 5788/2/5 5787/2/5 5786/2/5
f 5789/2/5 5787/2/5 5788/2/5
f 5790/2/5 5787/2/5 5789/2/5
f 5792/2/5 5790/2/5 5789/2/5
f 5792/1/5 5789/1/5 5788/1/5
f 5793/1/5 5791/1/5 5790/1/5
f 5793/2/5 5790/2/5 5792/2/5
f 5794/1/5 5791/1/5 5793/1/5
f 5796/2/5 5788/2/5 5785/2/5
f 5797/1/5 5792/1/5 5788/1/5
f 5797/2/5 5788/2/5 5796/2/5
f 5798/1/5 5797/1/5 5796/1/5
f 5799/1/5 5792/1/5 5797/1/5
f 5799/1/5 5797/1/5 5798/1/5
f 5800/2/5 5795/2/5 5794/2/5
f 5801/2/5 5795/2/5 5800/2/5
f 5806/2/5 5803/2/5 5802/2/5
f 5806/1/5 5804/1/5 5803/1/5
f 5807/2/5 5805/2/5 5804/2/5
f 5807/1/5 5804/1/5 5806/1/5
f 5808/2/5 5806/2/5 5802/2/5
f 5808/2/5 5807/2/5 5806/2/5
f 5809/2/5 5805/2/5 5807/2/5
f 5809/2/5 5807/2/5 5808/2/5
f 5810/1/6 5811/1/6 5813/1/6
f 5813/1/6 5811/1/6 5814/1/6
f 5812/2/6 5813/2/6 5818/2/6
f 5813/1/6 5814/1/6 5819/1/6
f 5814/1/6 5815/1/6 5819/1/6
f 5818/2/6 5813/2/6 5819/2/6
f 5815/2/6 5816/2/6 5820/2/6
f 5820/2/6 5816/2/6 5821/2/6
f 5817/1/6 5818/1/6 5824/1/6
f 5818/1/6 5819/1/6 5824/1/6
f 5819/1/6 5815/1/6 5825/1/6
f 5824/1/6 5819/1/6 5825/1/6
f 5823/1/6 5824/1/6 5827/1/6
f 5824/2/6 5825/2/6 5828/2/6
f 5827/1/6 5824/1/6 5828/1/6
f 5825/1/6 5815/1/6 5829/1/6
f 5828/2/6 5825/2/6 5829/2/6
f 5815/2/6 5820/2/6 5830/2/6
f 5829/1/6 5815/1/6 5830/1/6
f 5821/1/6 5822/1/6 5831/1/6
f 5820/1/6 5821/1/6 5831/1/6
f 5831/1/6 5822/1/6 5832/1/6
f 5826/1/6 5827/1/6 5834/1/6
f 5827/2/6 5828/2/6 5835/2/6
f 5829/2/6 5830/2/6 5835/2/6
f 5828/2/6 5829/2/6 5835/2/6
f 5830/2/6 5820/2/6 5836/2/6
f 5835/2/6 5830/2/6 5836/2/6
f 5820/1/6 5831/1/6 5836/1/6
f 5836/1/6 5831/1/6 5837/1/6
f 5833/1/6 5834/1/6 5838/1/6
f 5834/1/6 5827/1/6 5839/1/6
f 5838/1/6 5834/1/6 5839/1/6
f 5827/2/6 5835/2/6 5840/2/6
f 5839/1/6 5827/1/6 5840/1/6
f 5835/1/6 5836/1/6 5841/1/6
f 5841/1/6 5836/1/6 5842/1/6
f 5838/1/6 5839/1/6 5844/1/6
f 5839/2/6 5840/2/6 5845/2/6
f 5844/1/6 5839/1/6 5845/1/6
f 5835/1/6 5841/1/6 5846/1/6
f 5846/1/6 5841/1/6 5847/1/6
f 5843/1/6 5844/1/6 5848/1/6
f 5840/2/6 5835/2/6 5849/2/6
f 5845/2/6 5840/2/6 5849/2/6
f 5844/2/6 5845/2/6 5849/2/6
f 5835/1/6 5846/1/6 5850/1/6
f 5849/2/6 5835/2/6 5850/2/6
f 5850/1/6 5846/1/6 5851/1/6
f 5851/1/6 5846/1/6 5852/1/6
f 5848/1/6 5844/1/6 5854/1/6
f 5844/2/6 5849/2/6 5855/2/6
f 5853/1/6 5854/1/6 5855/1/6
f 5854/1/6 5844/1/6 5855/1/6
f 5855/2/6 5849/2/6 5856/2/6
f 5849/1/6 5850/1/6 5857/1/6
f 5850/1/6 5851/1/6 5857/1/6
f 5857/1/6 5851/1/6 5858/1/6
f 5855/1/6 5856/1/6 5859/1/6
f 5853/1/6 5855/1/6 5859/1/6
f 5859/1/6 5856/1/6 5860/1/6
f 5860/1/6 5856/1/6 5861/1/6
f 5856/2/6 5849/2/6 5862/2/6
f 5861/1/6 5856/1/6 5862/1/6
f 5862/2/6 5849/2/6 5863/2/6
f 5849/1/6 5857/1/6 5864/1/6
f 5863/2/6 5849/2/6 5864/2/6
f 5864/1/6 5857/1/6 5865/1/6
f 5860/1/6 5861/1/6 5866/1/6
f 5866/1/6 5861/1/6 5867/1/6
f 5862/2/6 5863/2/6 5868/2/6
f 5867/1/6 5861/1/6 5868/1/6
f 5861/2/6 5862/2/6 5868/2/6
f 5863/1/6 5864/1/6 5869/1/6
f 5868/2/6 5863/2/6 5869/2/6
f 5864/1/6 5865/1/6 5869/1/6
f 5869/1/6 5865/1/6 5870/1/6
f 5870/1/6 5865/1/6 5871/1/6
f 5866/1/6 5867/1/6 5872/1/6
f 5867/2/6 5868/2/6 5873/2/6
f 5868/2/6 5869/2/6 5873/2/6
f 5869/2/6 5870/2/6 5873/2/6
f 5873/2/6 5870/2/6 5874/2/6
f 5874/2/6 5870/2/6 5875/2/6
f 5872/1/6 5867/1/6 5877/1/6
f 5875/2/6 5876/2/6 5878/2/6
f 5873/1/6 5874/1/6 5878/1/6
f 5874/2/6 5875/2/6 5878/2/6
f 5878/2/6 5876/2/6 5879/2/6
f 5877/1/6 5867/1/6 5880/1/6
f 5867/2/6 5873/2/6 5881/2/6
f 5880/1/6 5867/1/6 5881/1/6
f 5873/1/6 5878/1/6 5882/1/6
f 5878/1/6 5879/1/6 5882/1/6
f 5879/2/6 5876/2/6 5883/2/6
f 5882/1/6 5879/1/6 5883/1/6
f 5883/2/6 5876/2/6 5884/2/6
f 5880/2/6 5881/2/6 5886/2/6
f 5881/2/6 5873/2/6 5887/2/6
f 5886/2/6 5881/2/6 5887/2/6
f 5873/1/6 5882/1/6 5888/1/6
f 5887/2/6 5873/2/6 5888/2/6
f 5888/1/6 5882/1/6 5889/1/6
f 5883/2/6 5884/2/6 5890/2/6
f 5889/1/6 5882/1/6 5890/1/6
f 5882/2/6 5883/2/6 5890/2/6
f 5890/2/6 5884/2/6 5891/2/6
f 5884/1/6 5885/1/6 5892/1/6
f 5891/2/6 5884/2/6 5892/2/6
f 5892/1/6 5885/1/6 5893/1/6
f 5890/2/6 5891/2/6 5894/2/6
f 5889/2/6 5890/2/6 5894/2/6
f 5891/1/6 5892/1/6 5894/1/6
f 5892/2/6 5893/2/6 5895/2/6
f 5894/1/6 5892/1/6 5895/1/6
f 5895/2/6 5893/2/6 5896/2/6
f 5888/1/6 5889/1/6 5898/1/6
f 5887/1/6 5888/1/6 5898/1/6
f 5898/1/6 5889/1/6 5899/1/6
f 5896/2/6 5897/2/6 5900/2/6
f 5899/1/6 5889/1/6 5900/1/6
f 5895/2/6 5896/2/6 5900/2/6
f 5889/2/6 5894/2/6 5900/2/6
f 5894/2/6 5895/2/6 5900/2/6
f 5900/2/6 5897/2/6 5901/2/6
f 5901/2/6 5897/2/6 5902/2/6
f 5902/2/6 5897/2/6 5903/2/6
f 5899/1/6 5900/1/6 5904/1/6
f 5900/1/6 5901/1/6 5904/1/6
f 5904/1/6 5901/1/6 5905/1/6
f 5901/2/6 5902/2/6 5906/2/6
f 5905/1/6 5901/1/6 5906/1/6
f 5906/2/6 5902/2/6 5907/2/6
f 5902/1/6 5903/1/6 5908/1/6
f 5907/2/6 5902/2/6 5908/2/6
f 5908/1/6 5903/1/6 5909/1/6
f 5904/1/6 5905/1/6 5911/1/6
f 5911/1/6 5905/1/6 5912/1/6
f 5906/2/6 5907/2/6 5913/2/6
f 5912/1/6 5905/1/6 5913/1/6
f 5905/2/6 5906/2/6 5913/2/6
f 5913/2/6 5907/2/6 5914/2/6
f 5908/1/6 5909/1/6 5915/1/6
f 5914/2/6 5907/2/6 5915/2/6
f 5907/1/6 5908/1/6 5915/1/6
f 5909/1/6 5910/1/6 5915/1/6
f 5915/1/6 5910/1/6 5916/1/6
f 5913/1/6 5914/1/6 5918/1/6
f 5916/2/6 5917/2/6 5918/2/6
f 5914/2/6 5915/2/6 5918/2/6
f 5915/2/6 5916/2/6 5918/2/6
f 5912/1/6 5913/1/6 5918/1/6
f 5918/2/6 5917/2/6 5919/2/6
f 5912/1/6 5918/1/6 5920/1/6
f 5918/1/6 5919/1/6 5920/1/6
f 5920/1/6 5919/1/6 5921/1/6
f 5919/2/6 5917/2/6 5922/2/6
f 5921/1/6 5919/1/6 5924/1/6
f 5924/1/6 5919/1/6 5925/1/6
f 5925/1/6 5919/1/6 5926/1/6
f 5919/2/6 5922/2/6 5927/2/6
f 5926/1/6 5919/1/6 5927/1/6
f 5922/2/6 5923/2/6 5927/2/6
f 5927/2/6 5923/2/6 5928/2/6
f 5928/2/6 5923/2/6 5929/2/6
f 5925/1/6 5926/1/6 5931/1/6
f 5927/2/6 5928/2/6 5932/2/6
f 5931/1/6 5926/1/6 5932/1/6
f 5926/2/6 5927/2/6 5932/2/6
f 5928/1/6 5929/1/6 5933/1/6
f 5932/2/6 5928/2/6 5933/2/6
f 5929/2/6 5930/2/6 5934/2/6
f 5933/1/6 5929/1/6 5934/1/6
f 5934/2/6 5930/2/6 5935/2/6
f 5931/2/6 5932/2/6 5936/2/6
f 5932/2/6 5933/2/6 5936/2/6
f 5934/2/6 5935/2/6 5936/2/6
f 5933/2/6 5934/2/6 5936/2/6
f 5936/2/6 5935/2/6 5937/2/6
f 5937/2/6 5935/2/6 5938/2/6
f 5938/2/6 5935/2/6 5939/2/6
f 5939/2/6 5935/2/6 5940/2/6
f 5937/2/6 5938/2/6 5942/2/6
f 5942/2/6 5938/2/6 5943/2/6
f 5943/2/6 5938/2/6 5944/2/6
f 5943/1/6 5944/1/6 5945/1/6
f 5945/1/6 5944/1/6 5946/1/6
f 5945/2/6 5946/2/6 5947/2/6
f 5946/1/6 5944/1/6 5948/1/6
f 5947/2/6 5946/2/6 5948/2/6
f 5944/2/6 5938/2/6 5949/2/6
f 5948/1/6 5944/1/6 5949/1/6
f 5938/1/6 5939/1/6 5950/1/6
f 5949/2/6 5938/2/6 5950/2/6
f 5939/2/6 5940/2/6 5951/2/6
f 5950/1/6 5939/1/6 5951/1/6
f 5949/2/6 5950/2/6 5952/2/6
f 5948/2/6 5949/2/6 5952/2/6
f 5950/2/6 5951/2/6 5952/2/6
f 5947/2/6 5948/2/6 5952/2/6
f 5952/2/6 5951/2/6 5953/2/6
f 5953/2/6 5951/2/6 5954/2/6
f 5951/2/6 5940/2/6 5955/2/6
f 5954/2/6 5951/2/6 5955/2/6
f 5940/1/6 5941/1/6 5955/1/6
f 5955/1/6 5941/1/6 5956/1/6
f 5953/1/6 5954/1/6 5957/1/6
f 5955/2/6 5956/2/6 5958/2/6
f 5957/1/6 5954/1/6 5958/1/6
f 5954/2/6 5955/2/6 5958/2/6
f 5957/2/6 5958/2/6 5960/2/6
f 5958/2/6 5956/2/6 5961/2/6
f 5960/2/6 5958/2/6 5961/2/6
f 5961/2/6 5956/2/6 5962/2/6
f 5962/2/6 5956/2/6 5963/2/6
f 5959/1/6 5960/1/6 5965/1/6
f 5960/2/6 5961/2/6 5966/2/6
f 5961/1/6 5962/1/6 5966/1/6
f 5962/2/6 5963/2/6 5967/2/6
f 5966/1/6 5962/1/6 5967/1/6
f 5967/2/6 5963/2/6 5968/2/6
f 5964/1/6 5965/1/6 5970/1/6
f 5965/1/6 5960/1/6 5971/1/6
f 5960/2/6 5966/2/6 5971/2/6
f 5970/1/6 5965/1/6 5971/1/6
f 5966/2/6 5967/2/6 5971/2/6
f 5971/2/6 5967/2/6 5972/2/6
f 5969/2/6 5970/2/6 5973/2/6
f 5970/1/6 5971/1/6 5974/1/6
f 5973/2/6 5970/2/6 5974/2/6
f 5971/1/6 5972/1/6 5974/1/6
f 5974/1/6 5972/1/6 5975/1/6
f 5975/1/6 5972/1/6 5976/1/6
f 5972/2/6 5967/2/6 5977/2/6
f 5976/1/6 5972/1/6 5977/1/6
f 5977/2/6 5967/2/6 5978/2/6
f 5974/2/6 5975/2/6 5980/2/6
f 5980/2/6 5975/2/6 5981/2/6
f 5975/1/6 5976/1/6 5982/1/6
f 5981/2/6 5975/2/6 5982/2/6
f 5982/1/6 5976/1/6 5983/1/6
f 5983/1/6 5976/1/6 5984/1/6
f 5976/2/6 5977/2/6 5985/2/6
f 5984/1/6 5976/1/6 5985/1/6
f 5979/2/6 5980/2/6 5987/2/6
f 5980/1/6 5981/1/6 5988/1/6
f 5987/2/6 5980/2/6 5988/2/6
f 5981/2/6 5982/2/6 5989/2/6
f 5988/1/6 5981/1/6 5989/1/6
f 5982/2/6 5983/2/6 5989/2/6
f 5983/1/6 5984/1/6 5990/1/6
f 5989/2/6 5983/2/6 5990/2/6
f 5984/2/6 5985/2/6 5991/2/6
f 5990/1/6 5984/1/6 5991/1/6
f 5985/2/6 5977/2/6 5992/2/6
f 5991/2/6 5985/2/6 5992/2/6
f 5992/2/6 5977/2/6 5993/2/6
f 5986/1/6 5987/1/6 5995/1/6
f 5987/1/6 5988/1/6 5995/1/6
f 5988/2/6 5989/2/6 5996/2/6
f 5990/2/6 5991/2/6 5996/2/6
f 5995/1/6 5988/1/6 5996/1/6
f 5991/2/6 5992/2/6 5996/2/6
f 5989/2/6 5990/2/6 5996/2/6
f 5996/2/6 5992/2/6 5997/2/6
f 5997/2/6 5992/2/6 5998/2/6
f 5998/2/6 5992/2/6 5999/2/6
f 5994/1/6 5995/1/6 6003/1/6
f 5995/1/6 5996/1/6 6003/1/6
f 5996/1/6 5997/1/6 6003/1/6
f 6003/1/6 5997/1/6 6004/1/6
f 6004/1/6 5997/1/6 6005/1/6
f 5997/2/6 5998/2/6 6006/2/6
f 6005/1/6 5997/1/6 6006/1/6
f 5998/1/6 5999/1/6 6007/1/6
f 6007/1/6 5999/1/6 6008/1/6
f 6000/2/6 6001/2/6 6012/2/6
f 6001/1/6 6002/1/6 6013/1/6
f 6012/2/6 6001/2/6 6013/2/6
f 6002/2/6 6003/2/6 6014/2/6
f 6013/1/6 6002/1/6 6014/1/6
f 6003/2/6 6004/2/6 6014/2/6
f 6014/2/6 6004/2/6 6015/2/6
f 6004/1/6 6005/1/6 6016/1/6
f 6015/2/6 6004/2/6 6016/2/6
f 6005/2/6 6006/2/6 6017/2/6
f 6016/1/6 6005/1/6 6017/1/6
f 6006/2/6 5998/2/6 6018/2/6
f 6017/2/6 6006/2/6 6018/2/6
f 5998/1/6 6007/1/6 6019/1/6
f 6018/2/6 5998/2/6 6019/2/6
f 6019/1/6 6007/1/6 6020/1/6
f 6020/1/6 6007/1/6 6021/1/6
f 6011/1/6 6012/1/6 6023/1/6
f 6010/1/6 6011/1/6 6023/1/6
f 6009/1/6 6010/1/6 6023/1/6
f 6012/2/6 6013/2/6 6024/2/6
f 6013/2/6 6014/2/6 6024/2/6
f 6023/1/6 6012/1/6 6024/1/6
f 6024/2/6 6014/2/6 6025/2/6
f 6014/1/6 6015/1/6 6026/1/6
f 6025/2/6 6014/2/6 6026/2/6
f 6016/2/6 6017/2/6 6027/2/6
f 6026/1/6 6015/1/6 6027/1/6
f 6015/2/6 6016/2/6 6027/2/6
f 6017/2/6 6018/2/6 6027/2/6
f 6027/2/6 6018/2/6 6028/2/6
f 6019/1/6 6020/1/6 6029/1/6
f 6028/2/6 6018/2/6 6029/2/6
f 6018/1/6 6019/1/6 6029/1/6
f 6029/1/6 6020/1/6 6030/1/6
f 6030/1/6 6020/1/6 6031/1/6
f 6024/1/6 6025/1/6 6035/1/6
f 6022/1/6 6023/1/6 6035/1/6
f 6023/1/6 6024/1/6 6035/1/6
f 6027/2/6 6028/2/6 6036/2/6
f 6025/2/6 6026/2/6 6036/2/6
f 6035/1/6 6025/1/6 6036/1/6
f 6026/2/6 6027/2/6 6036/2/6
f 6036/2/6 6028/2/6 6037/2/6
f 6037/2/6 6028/2/6 6038/2/6
f 6029/1/6 6030/1/6 6039/1/6
f 6028/1/6 6029/1/6 6039/1/6
f 6039/1/6 6030/1/6 6040/1/6
f 6033/1/6 6034/1/6 6043/1/6
f 6032/1/6 6033/1/6 6043/1/6
f 6034/2/6 6035/2/6 6044/2/6
f 6035/2/6 6036/2/6 6044/2/6
f 6043/1/6 6034/1/6 6044/1/6
f 6036/2/6 6037/2/6 6044/2/6
f 6044/2/6 6037/2/6 6045/2/6
f 6037/1/6 6038/1/6 6046/1/6
f 6045/2/6 6037/2/6 6046/2/6
f 6038/2/6 6028/2/6 6047/2/6
f 6028/1/6 6039/1/6 6047/1/6
f 6047/1/6 6039/1/6 6048/1/6
f 6042/1/6 6043/1/6 6050/1/6
f 6041/1/6 6042/1/6 6050/1/6
f 6044/2/6 6045/2/6 6051/2/6
f 6043/2/6 6044/2/6 6051/2/6
f 6050/1/6 6043/1/6 6051/1/6
f 6051/2/6 6045/2/6 6052/2/6
f 6052/2/6 6045/2/6 6053/2/6
f 6053/2/6 6045/2/6 6054/2/6
f 6046/1/6 6038/1/6 6055/1/6
f 6045/1/6 6046/1/6 6055/1/6
f 6038/2/6 6047/2/6 6056/2/6
f 6055/1/6 6038/1/6 6056/1/6
f 6056/2/6 6047/2/6 6057/2/6
f 6049/1/6 6050/1/6 6059/1/6
f 6050/2/6 6051/2/6 6060/2/6
f 6051/1/6 6052/1/6 6060/1/6
f 6052/2/6 6053/2/6 6061/2/6
f 6060/1/6 6052/1/6 6061/1/6
f 6061/2/6 6053/2/6 6062/2/6
f 6053/1/6 6054/1/6 6063/1/6
f 6062/2/6 6053/2/6 6063/2/6
f 6063/1/6 6054/1/6 6064/1/6
f 6054/2/6 6045/2/6 6065/2/6
f 6064/1/6 6054/1/6 6065/1/6
f 6065/2/6 6045/2/6 6066/2/6
f 6045/1/6 6055/1/6 6067/1/6
f 6067/1/6 6055/1/6 6068/1/6
f 6058/1/6 6059/1/6 6069/1/6
f 6059/1/6 6050/1/6 6070/1/6
f 6069/1/6 6059/1/6 6070/1/6
f 6061/2/6 6062/2/6 6071/2/6
f 6070/1/6 6050/1/6 6071/1/6
f 6050/2/6 6060/2/6 6071/2/6
f 6060/2/6 6061/2/6 6071/2/6
f 6063/2/6 6064/2/6 6072/2/6
f 6062/1/6 6063/1/6 6072/1/6
f 6065/1/6 6066/1/6 6073/1/6
f 6072/2/6 6064/2/6 6073/2/6
f 6064/1/6 6065/1/6 6073/1/6
f 6073/1/6 6066/1/6 6074/1/6
f 6066/2/6 6045/2/6 6075/2/6
f 6074/1/6 6066/1/6 6075/1/6
f 6045/1/6 6067/1/6 6076/1/6
f 6075/2/6 6045/2/6 6076/2/6
f 6076/1/6 6067/1/6 6077/1/6
f 6069/1/6 6070/1/6 6079/1/6
f 6070/2/6 6071/2/6 6080/2/6
f 6079/1/6 6070/1/6 6080/1/6
f 6071/2/6 6062/2/6 6081/2/6
f 6080/2/6 6071/2/6 6081/2/6
f 6081/2/6 6062/2/6 6082/2/6
f 6072/1/6 6073/1/6 6083/1/6
f 6062/1/6 6072/1/6 6083/1/6
f 6073/2/6 6074/2/6 6084/2/6
f 6083/1/6 6073/1/6 6084/1/6
f 6084/2/6 6074/2/6 6085/2/6
f 6078/1/6 6079/1/6 6086/1/6
f 6079/2/6 6080/2/6 6087/2/6
f 6086/1/6 6079/1/6 6087/1/6
f 6080/2/6 6081/2/6 6087/2/6
f 6087/2/6 6081/2/6 6088/2/6
f 6088/2/6 6081/2/6 6089/2/6
f 6081/1/6 6082/1/6 6090/1/6
f 6089/2/6 6081/2/6 6090/2/6
f 6062/1/6 6083/1/6 6091/1/6
f 6082/2/6 6062/2/6 6091/2/6
f 6091/1/6 6083/1/6 6092/1/6
f 6090/1/6 6082/1/6 6093/1/6
f 6089/1/6 6090/1/6 6093/1/6
f 6082/2/6 6091/2/6 6093/2/6
f 6093/2/6 6091/2/6 6094/2/6
f 6086/2/6 6087/2/6 6096/2/6
f 6087/1/6 6088/1/6 6097/1/6
f 6096/2/6 6087/2/6 6097/2/6
f 6088/2/6 6089/2/6 6098/2/6
f 6097/1/6 6088/1/6 6098/1/6
f 6089/1/6 6093/1/6 6099/1/6
f 6099/1/6 6093/1/6 6100/1/6
f 6095/1/6 6096/1/6 6101/1/6
f 6096/2/6 6097/2/6 6102/2/6
f 6098/2/6 6089/2/6 6102/2/6
f 6097/2/6 6098/2/6 6102/2/6
f 6089/1/6 6099/1/6 6102/1/6
f 6102/1/6 6099/1/6 6103/1/6
f 6096/2/6 6102/2/6 6104/2/6
f 6102/2/6 6103/2/6 6104/2/6
f 6104/2/6 6103/2/6 6105/2/6
f 6096/2/6 6104/2/6 6106/2/6
f 6106/2/6 6104/2/6 6107/2/6
f 6104/1/6 6105/1/6 6108/1/6
f 6101/1/6 6096/1/6 6109/1/6
f 6096/2/6 6106/2/6 6110/2/6
f 6109/1/6 6096/1/6 6110/1/6
f 6106/1/6 6107/1/6 6111/1/6
f 6110/2/6 6106/2/6 6111/2/6
f 6107/2/6 6104/2/6 6112/2/6
f 6111/1/6 6107/1/6 6112/1/6
f 6104/1/6 6108/1/6 6113/1/6
f 6112/2/6 6104/2/6 6113/2/6
f 6113/1/6 6108/1/6 6114/1/6
f 6114/1/6 6108/1/6 6115/1/6
f 6110/2/6 6111/2/6 6116/2/6
f 6109/2/6 6110/2/6 6116/2/6
f 6113/2/6 6114/2/6 6116/2/6
f 6112/2/6 6113/2/6 6116/2/6
f 6111/2/6 6112/2/6 6116/2/6
f 6116/2/6 6114/2/6 6117/2/6
f 6117/2/6 6114/2/6 6118/2/6
f 6118/2/6 6114/2/6 6119/2/6
f 6116/2/6 6117/2/6 6121/2/6
f 6117/1/6 6118/1/6 6121/1/6
f 6119/2/6 6120/2/6 6122/2/6
f 6121/1/6 6118/1/6 6122/1/6
f 6118/2/6 6119/2/6 6122/2/6
f 6122/2/6 6120/2/6 6123/2/6
f 6123/2/6 6120/2/6 6124/2/6
f 6121/2/6 6122/2/6 6127/2/6
f 6116/2/6 6121/2/6 6127/2/6
f 6127/2/6 6122/2/6 6128/2/6
f 6122/1/6 6123/1/6 6129/1/6
f 6128/2/6 6122/2/6 6129/2/6
f 6124/2/6 6125/2/6 6130/2/6
f 6129/1/6 6123/1/6 6130/1/6
f 6123/2/6 6124/2/6 6130/2/6
f 6130/2/6 6125/2/6 6131/2/6
f 6131/2/6 6125/2/6 6132/2/6
f 6125/1/6 6126/1/6 6133/1/6
f 6127/1/6 6128/1/6 6135/1/6
f 6128/2/6 6129/2/6 6136/2/6
f 6135/1/6 6128/1/6 6136/1/6
f 6129/2/6 6130/2/6 6136/2/6
f 6130/2/6 6131/2/6 6136/2/6
f 6131/1/6 6132/1/6 6137/1/6
f 6136/2/6 6131/2/6 6137/2/6
f 6132/2/6 6125/2/6 6138/2/6
f 6137/1/6 6132/1/6 6138/1/6
f 6125/1/6 6133/1/6 6139/1/6
f 6138/2/6 6125/2/6 6139/2/6
f 6133/2/6 6134/2/6 6140/2/6
f 6139/1/6 6133/1/6 6140/1/6
f 6140/2/6 6134/2/6 6141/2/6
f 6142/2/6 6143/2/6 6144/2/6
f 6144/2/6 6143/2/6 6145/2/6
f 6146/1/6 6147/1/6 6150/1/6
f 6150/1/6 6147/1/6 6151/1/6
f 6148/1/6 6149/1/6 6153/1/6
f 6153/1/6 6149/1/6 6154/1/6
f 6152/1/6 6153/1/6 6157/1/6
f 6157/1/6 6153/1/6 6158/1/6
f 6155/1/6 6156/1/6 6159/1/6
f 6155/1/6 6159/1/6 6162/1/6
f 6162/1/6 6159/1/6 6163/1/6
f 6160/1/6 6161/1/6 6164/1/6
f 6164/1/6 6161/1/6 6165/1/6
f 6162/2/6 6163/2/6 6166/2/6
f 6166/2/6 6163/2/6 6167/2/6
f 6166/1/6 6167/1/6 6168/1/6
f 6168/1/6 6167/1/6 6169/1/6
f 6168/2/6 6169/2/6 6172/2/6
f 6172/2/6 6169/2/6 6173/2/6
f 6170/1/6 6171/1/6 6174/1/6
f 6174/1/6 6171/1/6 6175/1/6
f 6172/1/6 6173/1/6 6176/1/6
f 6176/1/6 6173/1/6 6177/1/6
f 6176/2/6 6177/2/6 6180/2/6
f 6178/1/6 6179/1/6 6181/1/6
f 6181/1/6 6179/1/6 6182/1/6
f 6176/2/6 6180/2/6 6183/2/6
f 6183/2/6 6180/2/6 6184/2/6
f 6185/1/6 6186/1/6 6189/1/6
f 6189/1/6 6186/1/6 6190/1/6
f 6187/2/6 6188/2/6 6191/2/6
f 6191/2/6 6188/2/6 6192/2/6
f 6193/1/6 6194/1/6 6197/1/6
f 6197/1/6 6194/1/6 6198/1/6
f 6195/2/6 6196/2/6 6200/2/6
f 6200/2/6 6196/2/6 6201/2/6
f 6198/1/6 6199/1/6 6202/1/6
f 6202/1/6 6199/1/6 6203/1/6
f 6204/1/6 6205/1/6 6206/1/6
f 6206/1/6 6205/1/6 6207/1/6
f 6208/2/6 6209/2/6 6212/2/6
f 6212/2/6 6209/2/6 6213/2/6
f 6210/2/6 6211/2/6 6214/2/6
f 6214/2/6 6211/2/6 6215/2/6
f 6216/2/6 6217/2/6 6218/2/6
f 6218/2/6 6217/2/6 6219/2/6
f 6219/2/6 6217/2/6 6220/2/6
f 6219/1/6 6220/1/6 6221/1/6
f 6221/1/6 6220/1/6 6222/1/6
f 6222/1/6 6220/1/6 6223/1/6
f 6222/2/6 6223/2/6 6224/2/6
f 6224/2/6 6223/2/6 6225/2/6
f 6226/2/6 6227/2/6 6230/2/6
f 6230/2/6 6227/2/6 6231/2/6
f 6228/1/6 6229/1/6 6233/1/6
f 6233/1/6 6229/1/6 6234/1/6
f 6232/2/6 6233/2/6 6238/2/6
f 6238/2/6 6233/2/6 6239/2/6
f 6235/2/6 6236/2/6 6240/2/6
f 6240/2/6 6236/2/6 6241/2/6
f 6237/1/6 6238/1/6 6244/1/6
f 6244/1/6 6238/1/6 6245/1/6
f 6242/1/6 6243/1/6 6251/1/6
f 6243/1/6 6244/1/6 6251/1/6
f 6251/1/6 6244/1/6 6252/1/6
f 6246/1/6 6247/1/6 6253/1/6
f 6253/1/6 6247/1/6 6254/1/6
f 6248/2/6 6249/2/6 6257/2/6
f 6249/1/6 6250/1/6 6258/1/6
f 6257/2/6 6249/2/6 6258/2/6
f 6258/1/6 6250/1/6 6259/1/6
f 6255/1/6 6256/1/6 6262/1/6
f 6262/1/6 6256/1/6 6263/1/6
f 6260/2/6 6261/2/6 6266/2/6
f 6266/2/6 6261/2/6 6267/2/6
f 6264/1/6 6265/1/6 6268/1/6
f 6268/1/6 6265/1/6 6269/1/6
f 6270/1/6 6271/1/6 6276/1/6
f 6276/1/6 6271/1/6 6277/1/6
f 6272/2/6 6273/2/6 6278/2/6
f 6278/2/6 6273/2/6 6279/2/6
f 6274/1/6 6275/1/6 6282/1/6
f 6282/1/6 6275/1/6 6283/1/6
f 6280/1/6 6281/1/6 6288/1/6
f 6288/1/6 6281/1/6 6289/1/6
f 6284/2/6 6285/2/6 6290/2/6
f 6290/2/6 6285/2/6 6291/2/6
f 6286/1/6 6287/1/6 6292/1/6
f 6292/1/6 6287/1/6 6293/1/6
f 6290/1/6 6291/1/6 6294/1/6
f 6294/1/6 6291/1/6 6295/1/6
f 6296/2/6 6297/2/6 6300/2/6
f 6300/2/6 6297/2/6 6301/2/6
f 6298/2/6 6299/2/6 6302/2/6
f 6302/2/6 6299/2/6 6303/2/6
f 6300/1/6 6301/1/6 6304/1/6
f 6304/1/6 6301/1/6 6305/1/6
f 6306/1/6 6307/1/6 6308/1/6
f 6308/1/6 6307/1/6 6309/1/6
f 6309/1/6 6310/1/6 6311/1/6
f 6311/1/6 6310/1/6 6312/1/6
f 6313/1/6 6314/1/6 6315/1/6
f 6315/1/6 6314/1/6 6316/1/6
f 6317/1/6 6318/1/6 6320/1/6
f 6320/1/6 6318/1/6 6321/1/6
f 6319/1/6 6320/1/6 6322/1/6
f 6322/1/6 6320/1/6 6323/1/6
f 6324/1/6 6325/1/6 6328/1/6
f 6328/1/6 6325/1/6 6329/1/6
f 6326/1/6 6327/1/6 6330/1/6
f 6330/1/6 6327/1/6 6331/1/6
f 6332/2/6 6333/2/6 6334/2/6
f 6332/2/6 6334/2/6 6337/2/6
f 6337/2/6 6334/2/6 6338/2/6
f 6335/1/6 6336/1/6 6339/1/6
f 6339/1/6 6336/1/6 6340/1/6
f 6341/2/6 6342/2/6 6343/2/6
f 6343/2/6 6342/2/6 6344/2/6
f 6345/1/6 6346/1/6 6347/1/6
f 6347/1/6 6346/1/6 6348/1/6
f 6349/1/6 6350/1/6 6353/1/6
f 6353/1/6 6350/1/6 6354/1/6
f 6351/1/6 6352/1/6 6355/1/6
f 6355/1/6 6352/1/6 6356/1/6
f 6353/2/6 6354/2/6 6357/2/6
f 6357/2/6 6354/2/6 6358/2/6
f 6359/2/6 6360/2/6 6363/2/6
f 6363/2/6 6360/2/6 6364/2/6
f 6361/2/6 6362/2/6 6365/2/6
f 6365/2/6 6362/2/6 6366/2/6
f 6367/1/6 6368/1/6 6371/1/6
f 6371/1/6 6368/1/6 6372/1/6
f 6369/1/6 6370/1/6 6375/1/6
f 6375/1/6 6370/1/6 6376/1/6
f 6373/1/6 6374/1/6 6377/1/6
f 6377/1/6 6374/1/6 6378/1/6
f 6378/1/6 6379/1/6 6380/1/6
f 6380/1/6 6379/1/6 6381/1/6
f 6382/1/6 6383/1/6 6386/1/6
f 6386/1/6 6383/1/6 6387/1/6
f 6384/1/6 6385/1/6 6388/1/6
f 6388/1/6 6385/1/6 6389/1/6
f 6389/1/6 6385/1/6 6390/1/6
f 6386/2/6 6387/2/6 6391/2/6
f 6391/2/6 6387/2/6 6392/2/6
f 6393/2/6 6394/2/6 6395/2/6
f 6395/2/6 6394/2/6 6396/2/6
f 6397/2/6 6398/2/6 6402/2/6
f 6402/2/6 6398/2/6 6403/2/6
f 6399/2/6 6400/2/6 6405/2/6
f 6405/2/6 6400/2/6 6406/2/6
f 6401/1/6 6402/1/6 6408/1/6
f 6408/1/6 6402/1/6 6409/1/6
f 6404/2/6 6405/2/6 6411/2/6
f 6407/1/6 6408/1/6 6414/1/6
f 6414/1/6 6408/1/6 6415/1/6
f 6410/1/6 6411/1/6 6416/1/6
f 6411/2/6 6405/2/6 6417/2/6
f 6416/1/6 6411/1/6 6417/1/6
f 6417/2/6 6405/2/6 6418/2/6
f 6412/1/6 6413/1/6 6421/1/6
f 6421/1/6 6413/1/6 6422/1/6
f 6416/2/6 6417/2/6 6424/2/6
f 6424/2/6 6417/2/6 6425/2/6
f 6419/1/6 6420/1/6 6428/1/6
f 6428/1/6 6420/1/6 6429/1/6
f 6423/1/6 6424/1/6 6431/1/6
f 6424/1/6 6425/1/6 6431/1/6
f 6431/1/6 6425/1/6 6432/1/6
f 6432/1/6 6425/1/6 6433/1/6
f 6426/1/6 6427/1/6 6436/1/6
f 6436/1/6 6427/1/6 6437/1/6
f 6430/1/6 6431/1/6 6439/1/6
f 6431/2/6 6432/2/6 6440/2/6
f 6439/1/6 6431/1/6 6440/1/6
f 6440/2/6 6432/2/6 6441/2/6
f 6434/1/6 6435/1/6 6442/1/6
f 6442/1/6 6435/1/6 6443/1/6
f 6439/2/6 6440/2/6 6445/2/6
f 6438/2/6 6439/2/6 6445/2/6
f 6445/2/6 6440/2/6 6446/2/6
f 6446/2/6 6440/2/6 6447/2/6
f 6444/1/6 6445/1/6 6452/1/6
f 6445/1/6 6446/1/6 6452/1/6
f 6452/1/6 6446/1/6 6453/1/6
f 6453/1/6 6446/1/6 6454/1/6
f 6448/1/6 6449/1/6 6456/1/6
f 6456/1/6 6449/1/6 6457/1/6
f 6450/1/6 6451/1/6 6459/1/6
f 6451/1/6 6452/1/6 6459/1/6
f 6452/1/6 6453/1/6 6459/1/6
f 6459/1/6 6453/1/6 6460/1/6
f 6460/1/6 6453/1/6 6461/1/6
f 6455/2/6 6456/2/6 6462/2/6
f 6462/2/6 6456/2/6 6463/2/6
f 6459/1/6 6460/1/6 6465/1/6
f 6458/1/6 6459/1/6 6465/1/6
f 6465/1/6 6460/1/6 6466/1/6
f 6464/1/6 6465/1/6 6471/1/6
f 6471/1/6 6465/1/6 6472/1/6
f 6467/1/6 6468/1/6 6473/1/6
f 6473/1/6 6468/1/6 6474/1/6
f 6469/1/6 6470/1/6 6475/1/6
f 6475/1/6 6470/1/6 6476/1/6
f 6477/2/6 6478/2/6 6479/2/6
f 6479/2/6 6478/2/6 6480/2/6
f 6483/1/6 6484/1/6 6485/1/6
f 6485/1/6 6484/1/6 6486/1/6
f 6481/1/6 6482/1/6 6487/1/6
f 6487/1/6 6482/1/6 6488/1/6
f 6489/1/6 6490/1/6 6491/1/6
f 6491/1/6 6490/1/6 6492/1/6
f 6493/1/6 6494/1/6 6495/1/6
f 6495/1/6 6494/1/6 6496/1/6
f 6497/2/6 6498/2/6 6499/2/6
f 6499/2/6 6498/2/6 6500/2/6
f 6501/1/6 6502/1/6 6503/1/6
f 6503/1/6 6502/1/6 6504/1/6
f 6504/2/6 6505/2/6 6506/2/6
f 6506/2/6 6505/2/6 6507/2/6
f 6508/1/6 6509/1/6 6510/1/6
f 6510/1/6 6509/1/6 6511/1/6
f 6512/2/6 6513/2/6 6514/2/6
f 6514/2/6 6513/2/6 6515/2/6
f 6516/2/6 6517/2/6 6519/2/6
f 6519/2/6 6517/2/6 6520/2/6
f 6518/2/6 6519/2/6 6522/2/6
f 6522/2/6 6519/2/6 6523/2/6
f 6521/2/6 6522/2/6 6525/2/6
f 6525/2/6 6522/2/6 6526/2/6
f 6524/2/6 6525/2/6 6528/2/6
f 6528/2/6 6525/2/6 6529/2/6
f 6527/2/6 6528/2/6 6530/2/6
f 6530/2/6 6528/2/6 6531/2/6
f 6532/1/6 6533/1/6 6534/1/6
f 6534/1/6 6533/1/6 6535/1/6
f 6536/2/6 6537/2/6 6538/2/6
f 6538/2/6 6537/2/6 6539/2/6
f 6539/2/6 6537/2/6 6540/2/6
f 6541/2/6 6542/2/6 6544/2/6
f 6544/2/6 6542/2/6 6545/2/6
f 6543/2/6 6544/2/6 6546/2/6
f 6546/2/6 6544/2/6 6547/2/6
f 6548/2/6 6549/2/6 6550/2/6
f 6550/2/6 6549/2/6 6551/2/6
f 6552/1/6 6553/1/6 6554/1/6
f 6554/1/6 6553/1/6 6555/1/6
f 6556/1/6 6557/1/6 6558/1/6
f 6558/1/6 6557/1/6 6559/1/6
f 6560/2/6 6561/2/6 6562/2/6
f 6562/2/6 6561/2/6 6563/2/6
f 6564/2/6 6565/2/6 6568/2/6
f 6568/2/6 6565/2/6 6569/2/6
f 6566/1/6 6567/1/6 6570/1/6
f 6570/1/6 6567/1/6 6571/1/6
f 6572/2/6 6573/2/6 6576/2/6
f 6576/2/6 6573/2/6 6577/2/6
f 6574/1/6 6575/1/6 6578/1/6
f 6578/1/6 6575/1/6 6579/1/6
f 6578/2/6 6579/2/6 6582/2/6
f 6582/2/6 6579/2/6 6583/2/6
f 6580/2/6 6581/2/6 6584/2/6
f 6584/2/6 6581/2/6 6585/2/6
f 6582/1/6 6583/1/6 6586/1/6
f 6586/1/6 6583/1/6 6587/1/6
f 6586/2/6 6587/2/6 6590/2/6
f 6586/2/6 6590/2/6 6591/2/6
f 6591/2/6 6590/2/6 6592/2/6
f 6588/2/6 6589/2/6 6593/2/6
f 6593/2/6 6589/2/6 6594/2/6
f 6591/1/6 6592/1/6 6595/1/6
f 6595/1/6 6592/1/6 6596/1/6
f 6597/2/6 6598/2/6 6601/2/6
f 6601/2/6 6598/2/6 6602/2/6
f 6599/1/6 6600/1/6 6605/1/6
f 6605/1/6 6600/1/6 6606/1/6
f 6603/2/6 6604/2/6 6607/2/6
f 6607/2/6 6604/2/6 6608/2/6
f 6609/1/6 6610/1/6 6611/1/6
f 6611/1/6 6610/1/6 6612/1/6
f 6615/1/6 6616/1/6 6617/1/6
f 6617/1/6 6616/1/6 6618/1/6
f 6613/2/6 6614/2/6 6619/2/6
f 6619/2/6 6614/2/6 6620/2/6
f 6619/1/6 6620/1/6 6621/1/6
f 6621/1/6 6620/1/6 6622/1/6
f 6623/2/6 6624/2/6 6625/2/6
f 6623/2/6 6625/2/6 6626/2/6
f 6626/2/6 6625/2/6 6627/2/6
f 6628/2/6 6629/2/6 6630/2/6
f 6630/2/6 6629/2/6 6631/2/6
f 6632/2/6 6633/2/6 6634/2/6
f 6634/2/6 6633/2/6 6635/2/6
f 6636/2/6 6637/2/6 6641/2/6
f 6637/1/6 6638/1/6 6642/1/6
f 6641/2/6 6637/2/6 6642/2/6
f 6642/1/6 6638/1/6 6643/1/6
f 6639/2/6 6640/2/6 6646/2/6
f 6646/2/6 6640/2/6 6647/2/6
f 6644/2/6 6645/2/6 6650/2/6
f 6650/2/6 6645/2/6 6651/2/6
f 6648/2/6 6649/2/6 6652/2/6
f 6652/2/6 6649/2/6 6653/2/6
f 6654/2/6 6655/2/6 6658/2/6
f 6658/2/6 6655/2/6 6659/2/6
f 6656/2/6 6657/2/6 6664/2/6
f 6664/2/6 6657/2/6 6665/2/6
f 6660/1/6 6661/1/6 6666/1/6
f 6666/1/6 6661/1/6 6667/1/6
f 6662/2/6 6663/2/6 6670/2/6
f 6670/2/6 6663/2/6 6671/2/6
f 6668/2/6 6669/2/6 6674/2/6
f 6674/2/6 6669/2/6 6675/2/6
f 6672/2/6 6673/2/6 6676/2/6
f 6676/2/6 6673/2/6 6677/2/6
f 6678/2/6 6679/2/6 6682/2/6
f 6682/2/6 6679/2/6 6683/2/6
f 6680/2/6 6681/2/6 6684/2/6
f 6684/2/6 6681/2/6 6685/2/6
f 6688/2/6 6689/2/6 6690/2/6
f 6690/2/6 6689/2/6 6691/2/6
f 6686/1/6 6687/1/6 6692/1/6
f 6692/1/6 6687/1/6 6693/1/6
f 6692/2/6 6693/2/6 6694/2/6
f 6692/2/6 6694/2/6 6695/2/6
f 6695/2/6 6694/2/6 6696/2/6
f 6695/1/6 6696/1/6 6697/1/6
f 6697/1/6 6696/1/6 6698/1/6
f 6699/2/6 6700/2/6 6702/2/6
f 6702/2/6 6700/2/6 6703/2/6
f 6701/1/6 6702/1/6 6705/1/6
f 6702/2/6 6703/2/6 6706/2/6
f 6705/1/6 6702/1/6 6706/1/6
f 6706/2/6 6703/2/6 6707/2/6
f 6704/2/6 6705/2/6 6708/2/6
f 6705/1/6 6706/1/6 6709/1/6
f 6708/2/6 6705/2/6 6709/2/6
f 6709/1/6 6706/1/6 6710/1/6
f 6708/1/6 6709/1/6 6712/1/6
f 6712/1/6 6709/1/6 6713/1/6
f 6711/2/6 6712/2/6 6715/2/6
f 6712/1/6 6713/1/6 6716/1/6
f 6715/2/6 6712/2/6 6716/2/6
f 6716/1/6 6713/1/6 6717/1/6
f 6715/2/6 6716/2/6 6721/2/6
f 6714/2/6 6715/2/6 6721/2/6
f 6721/2/6 6716/2/6 6722/2/6
f 6718/1/6 6719/1/6 6724/1/6
f 6719/2/6 6720/2/6 6725/2/6
f 6724/1/6 6719/1/6 6725/1/6
f 6725/2/6 6720/2/6 6726/2/6
f 6714/2/6 6721/2/6 6728/2/6
f 6728/2/6 6721/2/6 6729/2/6
f 6723/1/6 6724/1/6 6730/1/6
f 6724/2/6 6725/2/6 6731/2/6
f 6730/1/6 6724/1/6 6731/1/6
f 6731/2/6 6725/2/6 6732/2/6
f 6727/2/6 6728/2/6 6733/2/6
f 6728/1/6 6729/1/6 6734/1/6
f 6733/2/6 6728/2/6 6734/2/6
f 6734/1/6 6729/1/6 6735/1/6
f 6730/2/6 6731/2/6 6737/2/6
f 6736/1/6 6737/1/6 6739/1/6
f 6737/2/6 6731/2/6 6740/2/6
f 6739/1/6 6737/1/6 6740/1/6
f 6740/2/6 6731/2/6 6741/2/6
f 6733/1/6 6734/1/6 6743/1/6
f 6738/1/6 6739/1/6 6744/1/6
f 6739/2/6 6740/2/6 6744/2/6
f 6744/2/6 6740/2/6 6745/2/6
f 6742/2/6 6743/2/6 6746/2/6
f 6743/1/6 6734/1/6 6746/1/6
f 6746/1/6 6734/1/6 6747/1/6
f 6738/1/6 6744/1/6 6749/1/6
f 6749/1/6 6744/1/6 6750/1/6
f 6748/2/6 6749/2/6 6751/2/6
f 6749/2/6 6750/2/6 6751/2/6
f 6751/2/6 6750/2/6 6752/2/6
f 6752/2/6 6750/2/6 6753/2/6
f 6742/2/6 6746/2/6 6754/2/6
f 6754/2/6 6746/2/6 6755/2/6
f 6751/2/6 6752/2/6 6757/2/6
f 6756/2/6 6757/2/6 6758/2/6
f 6757/2/6 6752/2/6 6759/2/6
f 6758/2/6 6757/2/6 6759/2/6
f 6754/1/6 6755/1/6 6760/1/6
f 6760/1/6 6755/1/6 6761/1/6
f 6760/2/6 6761/2/6 6762/2/6
f 6762/2/6 6761/2/6 6763/2/6
f 6759/2/6 6752/2/6 6764/2/6
f 6762/1/6 6763/1/6 6766/1/6
f 6764/2/6 6765/2/6 6768/2/6
f 6759/2/6 6764/2/6 6768/2/6
f 6768/2/6 6765/2/6 6769/2/6
f 6766/1/6 6767/1/6 6770/1/6
f 6762/1/6 6766/1/6 6770/1/6
f 6770/1/6 6767/1/6 6771/1/6
f 6769/2/6 6765/2/6 6772/2/6
f 6772/2/6 6765/2/6 6773/2/6
f 6772/1/6 6773/1/6 6775/1/6
f 6773/2/6 6774/2/6 6776/2/6
f 6775/1/6 6773/1/6 6776/1/6
f 6771/1/6 6767/1/6 6777/1/6
f 6776/2/6 6774/2/6 6779/2/6
f 6779/2/6 6774/2/6 6780/2/6
f 6777/1/6 6778/1/6 6782/1/6
f 6771/1/6 6777/1/6 6782/1/6
f 6782/1/6 6778/1/6 6783/1/6
f 6779/1/6 6780/1/6 6784/1/6
f 6780/2/6 6781/2/6 6785/2/6
f 6784/1/6 6780/1/6 6785/1/6
f 6785/2/6 6781/2/6 6786/2/6
f 6783/1/6 6778/1/6 6788/1/6
f 6786/2/6 6787/2/6 6790/2/6
f 6785/2/6 6786/2/6 6790/2/6
f 6790/2/6 6787/2/6 6791/2/6
f 6788/1/6 6789/1/6 6792/1/6
f 6783/1/6 6788/1/6 6792/1/6
f 6792/1/6 6789/1/6 6793/1/6
f 6793/1/6 6789/1/6 6794/1/6
f 6794/1/6 6789/1/6 6795/1/6
f 6794/2/6 6795/2/6 6797/2/6
f 6795/1/6 6796/1/6 6798/1/6
f 6797/2/6 6795/2/6 6798/2/6
f 6798/1/6 6796/1/6 6799/1/6
f 6791/2/6 6787/2/6 6801/2/6
f 6801/2/6 6787/2/6 6802/2/6
f 6799/1/6 6800/1/6 6804/1/6
f 6798/1/6 6799/1/6 6804/1/6
f 6804/1/6 6800/1/6 6805/1/6
f 6805/1/6 6800/1/6 6806/1/6
f 6801/1/6 6802/1/6 6807/1/6
f 6802/2/6 6803/2/6 6808/2/6
f 6807/1/6 6802/1/6 6808/1/6
f 6805/1/6 6806/1/6 6809/1/6
f 6809/1/6 6806/1/6 6810/1/6
f 6808/2/6 6803/2/6 6811/2/6
f 6811/2/6 6803/2/6 6812/2/6
f 6813/2/6 6814/2/6 6816/2/6
f 6816/2/6 6814/2/6 6817/2/6
f 6815/2/6 6816/2/6 6819/2/6
f 6816/1/6 6817/1/6 6820/1/6
f 6819/2/6 6816/2/6 6820/2/6
f 6820/1/6 6817/1/6 6821/1/6
f 6818/2/6 6819/2/6 6826/2/6
f 6819/1/6 6820/1/6 6827/1/6
f 6826/2/6 6819/2/6 6827/2/6
f 6827/1/6 6820/1/6 6828/1/6
f 6822/1/6 6823/1/6 6830/1/6
f 6823/2/6 6824/2/6 6831/2/6
f 6830/1/6 6823/1/6 6831/1/6
f 6831/2/6 6824/2/6 6832/2/6
f 6825/2/6 6826/2/6 6834/2/6
f 6826/1/6 6827/1/6 6835/1/6
f 6834/2/6 6826/2/6 6835/2/6
f 6835/1/6 6827/1/6 6836/1/6
f 6829/2/6 6830/2/6 6838/2/6
f 6830/2/6 6831/2/6 6838/2/6
f 6838/2/6 6831/2/6 6839/2/6
f 6839/2/6 6831/2/6 6840/2/6
f 6833/2/6 6834/2/6 6843/2/6
f 6834/1/6 6835/1/6 6844/1/6
f 6843/2/6 6834/2/6 6844/2/6
f 6844/1/6 6835/1/6 6845/1/6
f 6837/1/6 6838/1/6 6847/1/6
f 6838/2/6 6839/2/6 6848/2/6
f 6847/1/6 6838/1/6 6848/1/6
f 6848/2/6 6839/2/6 6849/2/6
f 6841/2/6 6842/2/6 6851/2/6
f 6842/1/6 6843/1/6 6852/1/6
f 6851/2/6 6842/2/6 6852/2/6
f 6843/2/6 6844/2/6 6853/2/6
f 6852/1/6 6843/1/6 6853/1/6
f 6853/2/6 6844/2/6 6854/2/6
f 6846/1/6 6847/1/6 6856/1/6
f 6847/2/6 6848/2/6 6857/2/6
f 6856/1/6 6847/1/6 6857/1/6
f 6857/2/6 6848/2/6 6858/2/6
f 6850/2/6 6851/2/6 6860/2/6
f 6851/2/6 6852/2/6 6860/2/6
f 6860/2/6 6852/2/6 6861/2/6
f 6861/2/6 6852/2/6 6862/2/6
f 6855/1/6 6856/1/6 6864/1/6
f 6856/2/6 6857/2/6 6865/2/6
f 6864/1/6 6856/1/6 6865/1/6
f 6865/2/6 6857/2/6 6866/2/6
f 6859/2/6 6860/2/6 6869/2/6
f 6869/2/6 6860/2/6 6870/2/6
f 6860/1/6 6861/1/6 6871/1/6
f 6870/2/6 6860/2/6 6871/2/6
f 6871/1/6 6861/1/6 6872/1/6
f 6863/2/6 6864/2/6 6874/2/6
f 6864/2/6 6865/2/6 6874/2/6
f 6874/2/6 6865/2/6 6875/2/6
f 6875/2/6 6865/2/6 6876/2/6
f 6867/2/6 6868/2/6 6878/2/6
f 6868/1/6 6869/1/6 6879/1/6
f 6878/2/6 6868/2/6 6879/2/6
f 6869/2/6 6870/2/6 6880/2/6
f 6879/1/6 6869/1/6 6880/1/6
f 6880/2/6 6870/2/6 6881/2/6
f 6873/2/6 6874/2/6 6883/2/6
f 6874/2/6 6875/2/6 6883/2/6
f 6883/2/6 6875/2/6 6884/2/6
f 6884/2/6 6875/2/6 6885/2/6
f 6877/1/6 6878/1/6 6887/1/6
f 6878/2/6 6879/2/6 6888/2/6
f 6887/1/6 6878/1/6 6888/1/6
f 6888/2/6 6879/2/6 6889/2/6
f 6883/2/6 6884/2/6 6892/2/6
f 6882/2/6 6883/2/6 6892/2/6
f 6892/2/6 6884/2/6 6893/2/6
f 6893/2/6 6884/2/6 6894/2/6
f 6886/2/6 6887/2/6 6896/2/6
f 6887/2/6 6888/2/6 6896/2/6
f 6896/2/6 6888/2/6 6897/2/6
f 6897/2/6 6888/2/6 6898/2/6
f 6890/1/6 6891/1/6 6900/1/6
f 6892/2/6 6893/2/6 6901/2/6
f 6891/2/6 6892/2/6 6901/2/6
f 6900/1/6 6891/1/6 6901/1/6
f 6901/2/6 6893/2/6 6902/2/6
f 6895/2/6 6896/2/6 6903/2/6
f 6896/1/6 6897/1/6 6904/1/6
f 6903/2/6 6896/2/6 6904/2/6
f 6904/1/6 6897/1/6 6905/1/6
f 6899/2/6 6900/2/6 6908/2/6
f 6900/2/6 6901/2/6 6908/2/6
f 6908/2/6 6901/2/6 6909/2/6
f 6909/2/6 6901/2/6 6910/2/6
f 6903/1/6 6904/1/6 6912/1/6
f 6912/1/6 6904/1/6 6913/1/6
f 6906/1/6 6907/1/6 6915/1/6
f 6908/2/6 6909/2/6 6916/2/6
f 6907/2/6 6908/2/6 6916/2/6
f 6915/1/6 6907/1/6 6916/1/6
f 6916/2/6 6909/2/6 6917/2/6
f 6912/1/6 6913/1/6 6918/1/6
f 6911/2/6 6912/2/6 6918/2/6
f 6918/1/6 6913/1/6 6919/1/6
f 6914/1/6 6915/1/6 6921/1/6
f 6915/2/6 6916/2/6 6922/2/6
f 6921/1/6 6915/1/6 6922/1/6
f 6922/2/6 6916/2/6 6923/2/6
f 6911/2/6 6918/2/6 6925/2/6
f 6920/1/6 6921/1/6 6927/1/6
f 6921/2/6 6922/2/6 6928/2/6
f 6927/1/6 6921/1/6 6928/1/6
f 6928/2/6 6922/2/6 6929/2/6
f 6924/2/6 6925/2/6 6930/2/6
f 6925/2/6 6918/2/6 6931/2/6
f 6930/2/6 6925/2/6 6931/2/6
f 6931/2/6 6918/2/6 6932/2/6
f 6926/1/6 6927/1/6 6933/1/6
f 6927/2/6 6928/2/6 6934/2/6
f 6933/1/6 6927/1/6 6934/1/6
f 6934/2/6 6928/2/6 6935/2/6
f 6930/1/6 6931/1/6 6937/1/6
f 6937/1/6 6931/1/6 6938/1/6
f 6933/2/6 6934/2/6 6940/2/6
f 6937/1/6 6938/1/6 6941/1/6
f 6936/1/6 6937/1/6 6941/1/6
f 6941/1/6 6938/1/6 6942/1/6
f 6939/2/6 6940/2/6 6943/2/6
f 6940/2/6 6934/2/6 6943/2/6
f 6943/2/6 6934/2/6 6944/2/6
f 6939/2/6 6943/2/6 6946/2/6
f 6936/1/6 6941/1/6 6947/1/6
f 6945/1/6 6946/1/6 6948/1/6
f 6946/2/6 6943/2/6 6949/2/6
f 6948/1/6 6946/1/6 6949/1/6
f 6948/2/6 6949/2/6 6950/2/6
f 6949/2/6 6943/2/6 6951/2/6
f 6950/2/6 6949/2/6 6951/2/6
f 6936/1/6 6947/1/6 6954/1/6
f 6954/1/6 6947/1/6 6955/1/6
f 6954/2/6 6955/2/6 6956/2/6
f 6952/2/6 6953/2/6 6958/2/6
f 6958/2/6 6953/2/6 6959/2/6
f 6954/2/6 6956/2/6 6960/2/6
f 6956/1/6 6957/1/6 6961/1/6
f 6960/2/6 6956/2/6 6961/2/6
f 6961/1/6 6957/1/6 6962/1/6
f 6963/2/6 6964/2/6 6966/2/6
f 6966/2/6 6964/2/6 6967/2/6
f 6965/1/6 6966/1/6 6970/1/6
f 6966/1/6 6967/1/6 6970/1/6
f 6970/1/6 6967/1/6 6971/1/6
f 6967/2/6 6968/2/6 6972/2/6
f 6971/1/6 6967/1/6 6972/1/6
f 6972/2/6 6968/2/6 6973/2/6
f 6969/2/6 6970/2/6 6974/2/6
f 6970/1/6 6971/1/6 6975/1/6
f 6974/2/6 6970/2/6 6975/2/6
f 6972/1/6 6973/1/6 6976/1/6
f 6974/1/6 6975/1/6 6979/1/6
f 6972/1/6 6976/1/6 6980/1/6
f 6976/2/6 6977/2/6 6980/2/6
f 6980/2/6 6977/2/6 6981/2/6
f 6978/2/6 6979/2/6 6983/2/6
f 6979/1/6 6975/1/6 6984/1/6
f 6983/2/6 6979/2/6 6984/2/6
f 6975/1/6 6971/1/6 6985/1/6
f 6984/1/6 6975/1/6 6985/1/6
f 6971/2/6 6972/2/6 6986/2/6
f 6972/1/6 6980/1/6 6986/1/6
f 6986/1/6 6980/1/6 6987/1/6
f 6982/1/6 6983/1/6 6988/1/6
f 6983/2/6 6984/2/6 6989/2/6
f 6988/1/6 6983/1/6 6989/1/6
f 6984/2/6 6985/2/6 6989/2/6
f 6989/2/6 6985/2/6 6990/2/6
f 6985/1/6 6971/1/6 6991/1/6
f 6990/2/6 6985/2/6 6991/2/6
f 6971/2/6 6986/2/6 6992/2/6
f 6991/1/6 6971/1/6 6992/1/6
f 6988/2/6 6989/2/6 6994/2/6
f 6989/1/6 6990/1/6 6995/1/6
f 6990/2/6 6991/2/6 6995/2/6
f 6991/2/6 6992/2/6 6995/2/6
f 6995/2/6 6992/2/6 6996/2/6
f 6992/2/6 6986/2/6 6997/2/6
f 6996/2/6 6992/2/6 6997/2/6
f 6997/2/6 6986/2/6 6998/2/6
f 6995/1/6 6996/1/6 6999/1/6
f 6989/1/6 6995/1/6 6999/1/6
f 6996/2/6 6997/2/6 7000/2/6
f 6999/1/6 6996/1/6 7000/1/6
f 7000/2/6 6997/2/6 7001/2/6
f 6993/2/6 6994/2/6 7003/2/6
f 6989/1/6 6999/1/6 7004/1/6
f 6999/2/6 7000/2/6 7004/2/6
f 7004/2/6 7000/2/6 7005/2/6
f 6994/2/6 6989/2/6 7006/2/6
f 7002/2/6 7003/2/6 7006/2/6
f 7003/2/6 6994/2/6 7006/2/6
f 6989/1/6 7004/1/6 7007/1/6
f 7006/2/6 6989/2/6 7007/2/6
f 7007/1/6 7004/1/6 7008/1/6
f 7002/2/6 7006/2/6 7009/2/6
f 7009/2/6 7006/2/6 7010/2/6
f 7006/1/6 7007/1/6 7011/1/6
f 7010/2/6 7006/2/6 7011/2/6
f 7007/2/6 7008/2/6 7012/2/6
f 7011/1/6 7007/1/6 7012/1/6
f 7012/2/6 7008/2/6 7013/2/6
f 7010/2/6 7011/2/6 7014/2/6
f 7011/2/6 7012/2/6 7014/2/6
f 7009/1/6 7010/1/6 7016/1/6
f 7014/2/6 7015/2/6 7017/2/6
f 7016/1/6 7010/1/6 7017/1/6
f 7010/2/6 7014/2/6 7017/2/6
f 7016/2/6 7017/2/6 7018/2/6
f 7017/2/6 7015/2/6 7019/2/6
f 7018/2/6 7017/2/6 7019/2/6
f 7018/1/6 7019/1/6 7020/1/6
f 7019/2/6 7015/2/6 7021/2/6
f 7020/1/6 7019/1/6 7021/1/6
f 7021/2/6 7015/2/6 7022/2/6
f 7022/2/6 7015/2/6 7023/2/6
f 7023/2/6 7015/2/6 7024/2/6
f 7022/1/6 7023/1/6 7026/1/6
f 7021/2/6 7022/2/6 7026/2/6
f 7023/2/6 7024/2/6 7027/2/6
f 7026/1/6 7023/1/6 7027/1/6
f 7024/2/6 7025/2/6 7027/2/6
f 7027/2/6 7025/2/6 7028/2/6
f 7027/2/6 7028/2/6 7030/2/6
f 7028/2/6 7029/2/6 7030/2/6
f 7026/2/6 7027/2/6 7030/2/6
f 7021/2/6 7026/2/6 7030/2/6
f 7030/2/6 7029/2/6 7031/2/6
f 7031/2/6 7029/2/6 7032/2/6
f 7032/2/6 7029/2/6 7033/2/6
f 7033/2/6 7029/2/6 7034/2/6
f 7031/2/6 7032/2/6 7036/2/6
f 7036/2/6 7032/2/6 7037/2/6
f 7032/1/6 7033/1/6 7038/1/6
f 7037/2/6 7032/2/6 7038/2/6
f 7033/2/6 7034/2/6 7039/2/6
f 7038/1/6 7033/1/6 7039/1/6
f 7034/2/6 7035/2/6 7039/2/6
f 7039/2/6 7035/2/6 7040/2/6
f 7040/2/6 7035/2/6 7041/2/6
f 7037/2/6 7038/2/6 7043/2/6
f 7039/2/6 7040/2/6 7043/2/6
f 7038/2/6 7039/2/6 7043/2/6
f 7040/1/6 7041/1/6 7044/1/6
f 7043/2/6 7040/2/6 7044/2/6
f 7037/2/6 7043/2/6 7045/2/6
f 7045/2/6 7043/2/6 7046/2/6
f 7043/1/6 7044/1/6 7047/1/6
f 7046/2/6 7043/2/6 7047/2/6
f 7041/2/6 7042/2/6 7048/2/6
f 7047/1/6 7044/1/6 7048/1/6
f 7044/1/6 7041/1/6 7048/1/6
f 7046/1/6 7047/1/6 7049/1/6
f 7047/2/6 7048/2/6 7050/2/6
f 7049/1/6 7047/1/6 7050/1/6
f 7050/2/6 7048/2/6 7051/2/6
f 7050/1/6 7051/1/6 7052/1/6
f 7051/2/6 7048/2/6 7053/2/6
f 7052/1/6 7051/1/6 7053/1/6
f 7048/2/6 7042/2/6 7054/2/6
f 7053/2/6 7048/2/6 7054/2/6
f 7054/2/6 7042/2/6 7055/2/6
f 7052/2/6 7053/2/6 7057/2/6
f 7053/2/6 7054/2/6 7057/2/6
f 7054/1/6 7055/1/6 7058/1/6
f 7057/2/6 7054/2/6 7058/2/6
f 7055/2/6 7056/2/6 7059/2/6
f 7058/1/6 7055/1/6 7059/1/6
f 7059/2/6 7056/2/6 7060/2/6
f 7061/2/6 7062/2/6 7064/2/6
f 7064/2/6 7062/2/6 7065/2/6
f 7063/2/6 7064/2/6 7068/2/6
f 7064/1/6 7065/1/6 7069/1/6
f 7068/2/6 7064/2/6 7069/2/6
f 7065/2/6 7066/2/6 7070/2/6
f 7069/1/6 7065/1/6 7070/1/6
f 7070/2/6 7066/2/6 7071/2/6
f 7067/2/6 7068/2/6 7074/2/6
f 7068/1/6 7069/1/6 7075/1/6
f 7074/2/6 7068/2/6 7075/2/6
f 7071/2/6 7072/2/6 7076/2/6
f 7075/1/6 7069/1/6 7076/1/6
f 7069/2/6 7070/2/6 7076/2/6
f 7070/2/6 7071/2/6 7076/2/6
f 7076/2/6 7072/2/6 7077/2/6
f 7077/2/6 7072/2/6 7078/2/6
f 7073/2/6 7074/2/6 7080/2/6
f 7074/1/6 7075/1/6 7081/1/6
f 7080/2/6 7074/2/6 7081/2/6
f 7075/2/6 7076/2/6 7082/2/6
f 7081/1/6 7075/1/6 7082/1/6
f 7076/2/6 7077/2/6 7082/2/6
f 7082/2/6 7077/2/6 7083/2/6
f 7083/2/6 7077/2/6 7084/2/6
f 7079/2/6 7080/2/6 7086/2/6
f 7080/2/6 7081/2/6 7086/2/6
f 7082/2/6 7083/2/6 7086/2/6
f 7081/2/6 7082/2/6 7086/2/6
f 7086/2/6 7083/2/6 7087/2/6
f 7087/2/6 7083/2/6 7088/2/6
f 7088/2/6 7083/2/6 7089/2/6
f 7089/2/6 7083/2/6 7090/2/6
f 7085/2/6 7086/2/6 7092/2/6
f 7086/2/6 7087/2/6 7092/2/6
f 7092/2/6 7087/2/6 7093/2/6
f 7087/1/6 7088/1/6 7094/1/6
f 7093/2/6 7087/2/6 7094/2/6
f 7088/2/6 7089/2/6 7095/2/6
f 7094/1/6 7088/1/6 7095/1/6
f 7095/2/6 7089/2/6 7096/2/6
f 7096/2/6 7089/2/6 7097/2/6
f 7092/2/6 7093/2/6 7099/2/6
f 7091/2/6 7092/2/6 7099/2/6
f 7099/2/6 7093/2/6 7100/2/6
f 7093/1/6 7094/1/6 7101/1/6
f 7100/2/6 7093/2/6 7101/2/6
f 7095/2/6 7096/2/6 7102/2/6
f 7101/1/6 7094/1/6 7102/1/6
f 7094/2/6 7095/2/6 7102/2/6
f 7102/2/6 7096/2/6 7103/2/6
f 7103/2/6 7096/2/6 7104/2/6
f 7099/2/6 7100/2/6 7106/2/6
f 7098/2/6 7099/2/6 7106/2/6
f 7106/2/6 7100/2/6 7107/2/6
f 7100/1/6 7101/1/6 7108/1/6
f 7107/2/6 7100/2/6 7108/2/6
f 7102/2/6 7103/2/6 7109/2/6
f 7108/1/6 7101/1/6 7109/1/6
f 7101/2/6 7102/2/6 7109/2/6
f 7109/2/6 7103/2/6 7110/2/6
f 7105/2/6 7106/2/6 7112/2/6
f 7112/2/6 7106/2/6 7113/2/6
f 7106/1/6 7107/1/6 7114/1/6
f 7113/2/6 7106/2/6 7114/2/6
f 7114/1/6 7107/1/6 7115/1/6
f 7107/2/6 7108/2/6 7116/2/6
f 7115/1/6 7107/1/6 7116/1/6
f 7108/2/6 7109/2/6 7116/2/6
f 7116/2/6 7109/2/6 7117/2/6
f 7117/2/6 7109/2/6 7118/2/6
f 7112/2/6 7113/2/6 7120/2/6
f 7111/2/6 7112/2/6 7120/2/6
f 7114/1/6 7115/1/6 7121/1/6
f 7113/1/6 7114/1/6 7121/1/6
f 7120/2/6 7113/2/6 7121/2/6
f 7121/1/6 7115/1/6 7122/1/6
f 7116/2/6 7117/2/6 7123/2/6
f 7115/2/6 7116/2/6 7123/2/6
f 7123/2/6 7117/2/6 7124/2/6
f 7119/2/6 7120/2/6 7126/2/6
f 7121/2/6 7122/2/6 7126/2/6
f 7120/2/6 7121/2/6 7126/2/6
f 7126/2/6 7122/2/6 7127/2/6
f 7122/1/6 7115/1/6 7128/1/6
f 7127/2/6 7122/2/6 7128/2/6
f 7115/2/6 7123/2/6 7129/2/6
f 7128/1/6 7115/1/6 7129/1/6
f 7129/2/6 7123/2/6 7130/2/6
f 7126/1/6 7127/1/6 7131/1/6
f 7125/1/6 7126/1/6 7131/1/6
f 7127/2/6 7128/2/6 7132/2/6
f 7131/1/6 7127/1/6 7132/1/6
f 7128/2/6 7129/2/6 7132/2/6
f 7132/2/6 7129/2/6 7133/2/6
f 7133/2/6 7129/2/6 7134/2/6
f 7131/2/6 7132/2/6 7136/2/6
f 7132/2/6 7133/2/6 7136/2/6
f 7136/2/6 7133/2/6 7137/2/6
f 7137/2/6 7133/2/6 7138/2/6
f 7138/2/6 7133/2/6 7139/2/6
f 7139/2/6 7133/2/6 7140/2/6
f 7135/2/6 7136/2/6 7141/2/6
f 7136/2/6 7137/2/6 7141/2/6
f 7137/1/6 7138/1/6 7142/1/6
f 7141/2/6 7137/2/6 7142/2/6
f 7138/2/6 7139/2/6 7143/2/6
f 7142/1/6 7138/1/6 7143/1/6
f 7143/2/6 7139/2/6 7144/2/6
f 7135/2/6 7141/2/6 7146/2/6
f 7141/1/6 7142/1/6 7147/1/6
f 7146/2/6 7141/2/6 7147/2/6
f 7142/2/6 7143/2/6 7148/2/6
f 7147/1/6 7142/1/6 7148/1/6
f 7145/2/6 7146/2/6 7149/2/6
f 7146/2/6 7147/2/6 7149/2/6
f 7147/2/6 7148/2/6 7149/2/6
f 7149/2/6 7148/2/6 7150/2/6
f 7148/2/6 7143/2/6 7151/2/6
f 7150/2/6 7148/2/6 7151/2/6
f 7151/2/6 7143/2/6 7152/2/6
f 7149/1/6 7150/1/6 7154/1/6
f 7150/2/6 7151/2/6 7155/2/6
f 7154/1/6 7150/1/6 7155/1/6
f 7155/2/6 7151/2/6 7156/2/6
f 7156/2/6 7151/2/6 7157/2/6
f 7154/2/6 7155/2/6 7158/2/6
f 7155/2/6 7156/2/6 7158/2/6
f 7156/1/6 7157/1/6 7158/1/6
f 7157/2/6 7151/2/6 7159/2/6
f 7158/1/6 7157/1/6 7159/1/6
f 7159/2/6 7151/2/6 7160/2/6
f 7153/1/6 7154/1/6 7161/1/6
f 7154/2/6 7158/2/6 7162/2/6
f 7161/1/6 7154/1/6 7162/1/6
f 7158/2/6 7159/2/6 7162/2/6
f 7161/2/6 7162/2/6 7163/2/6
f 7162/2/6 7159/2/6 7163/2/6
f 7163/2/6 7159/2/6 7164/2/6
f 7164/2/6 7159/2/6 7165/2/6
f 7164/2/6 7165/2/6 7168/2/6
f 7163/1/6 7164/1/6 7168/1/6
f 7165/1/6 7166/1/6 7169/1/6
f 7168/2/6 7165/2/6 7169/2/6
f 7169/1/6 7166/1/6 7170/1/6
f 7166/2/6 7167/2/6 7171/2/6
f 7170/1/6 7166/1/6 7171/1/6
f 7161/2/6 7163/2/6 7172/2/6
f 7163/1/6 7168/1/6 7173/1/6
f 7172/2/6 7163/2/6 7173/2/6
f 7172/1/6 7173/1/6 7174/1/6
f 7173/1/6 7168/1/6 7175/1/6
f 7174/1/6 7173/1/6 7175/1/6
f 7175/1/6 7168/1/6 7176/1/6
f 7171/2/6 7167/2/6 7177/2/6
f 7177/2/6 7167/2/6 7178/2/6
f 7175/1/6 7176/1/6 7179/1/6
f 7177/1/6 7178/1/6 7179/1/6
f 7176/1/6 7177/1/6 7179/1/6
f 7179/1/6 7178/1/6 7180/1/6
f 7181/2/6 7182/2/6 7185/2/6
f 7182/1/6 7183/1/6 7185/1/6
f 7183/2/6 7184/2/6 7186/2/6
f 7185/1/6 7183/1/6 7186/1/6
f 7181/2/6 7185/2/6 7187/2/6
f 7185/2/6 7186/2/6 7187/2/6
f 7186/2/6 7184/2/6 7188/2/6
f 7187/2/6 7186/2/6 7188/2/6
