# MagicaVoxel @ Ephtracy

# group
o 

# material
mtllib lab_decorations-3.mtl
usemtl palette

# normals
vn -1 0 0
vn 1 0 0
vn 0 0 1
vn 0 0 -1
vn 0 -1 0
vn 0 1 0

# texcoords
vt 0.658203 0.5
vt 0.662109 0.5
vt 0.666016 0.5

# verts
v -2 -0.15 0.95
v -2 -0.15 0.85
v -2 -0.05 0.95
v -2 -0.05 0.85
v -1.9 -0.15 1.05
v -1.9 -0.15 0.95
v -1.9 -0.05 1.05
v -1.9 -0.05 0.95
v -1.8 -0.15 0.95
v -1.8 -0.15 0.85
v -1.8 -0.15 0.65
v -1.8 -0.15 0.55
v -1.8 -0.05 1.05
v -1.8 -0.05 0.95
v -1.8 -0.05 0.85
v -1.8 -0.05 0.65
v -1.8 -0.05 0.55
v -1.8 0.05 1.05
v -1.8 0.05 0.95
v -1.7 -0.15 0.85
v -1.7 -0.15 0.75
v -1.7 -0.15 -0.0500001
v -1.7 -0.15 -0.15
v -1.7 -0.05 0.85
v -1.7 -0.05 0.75
v -1.7 -0.05 -0.0500001
v -1.7 -0.05 -0.15
v -1.6 -0.15 0.75
v -1.6 -0.15 0.65
v -1.6 -0.15 0.55
v -1.6 -0.15 0.45
v -1.6 -0.05 0.95
v -1.6 -0.05 0.85
v -1.6 -0.05 0.75
v -1.6 -0.05 0.65
v -1.6 -0.05 0.55
v -1.6 -0.05 0.45
v -1.6 0.05 0.95
v -1.6 0.05 0.85
v -1.5 -0.15 0.45
v -1.5 -0.15 0.25
v -1.5 -0.15 -0.65
v -1.5 -0.15 -0.75
v -1.5 -0.05 0.75
v -1.5 -0.05 0.65
v -1.5 -0.05 0.55
v -1.5 -0.05 0.45
v -1.5 -0.05 0.25
v -1.5 -0.05 -0.65
v -1.5 -0.05 -0.75
v -1.5 0.05 0.75
v -1.5 0.05 0.65
v -1.5 0.05 0.55
v -1.4 -0.05 1.05
v -1.4 -0.05 0.95
v -1.4 -0.05 0.85
v -1.4 0.05 1.05
v -1.4 0.05 0.95
v -1.4 0.05 0.85
v -1.3 -0.15 0.35
v -1.3 -0.15 0.25
v -1.3 -0.05 0.35
v -1.3 -0.05 0.25
v -1.3 0.05 1.05
v -1.3 0.05 0.95
v -1.3 0.15 1.05
v -1.3 0.15 0.95
v -1.2 -0.15 0.25
v -1.2 -0.15 0.15
v -1.2 -0.15 -0.25
v -1.2 -0.15 -0.35
v -1.2 -0.05 0.85
v -1.2 -0.05 0.75
v -1.2 -0.05 0.65
v -1.2 -0.05 0.55
v -1.2 -0.05 0.25
v -1.2 -0.05 0.15
v -1.2 -0.05 -0.25
v -1.2 -0.05 -0.35
v -1.2 0.05 0.85
v -1.2 0.05 0.75
v -1.2 0.05 0.65
v -1.2 0.05 0.55
v -1.1 -0.15 0.55
v -1.1 -0.15 0.45
v -1.1 -0.15 0.15
v -1.1 -0.15 0.05
v -1.1 -0.05 0.55
v -1.1 -0.05 0.45
v -1.1 -0.05 0.15
v -1.1 -0.05 0.05
v -1 -0.05 0.75
v -1 -0.05 0.65
v -1 0.05 0.75
v -1 0.05 0.65
v -0.9 -0.15 0.45
v -0.9 -0.15 0.35
v -0.9 -0.15 -0.15
v -0.9 -0.15 -0.25
v -0.9 -0.05 0.85
v -0.9 -0.05 0.75
v -0.9 -0.05 0.45
v -0.9 -0.05 -0.15
v -0.9 -0.05 -0.25
v -0.9 0.05 0.85
v -0.9 0.05 0.75
v -0.9 0.05 0.45
v -0.9 0.05 0.35
v -0.8 -0.15 0.55
v -0.8 -0.15 0.45
v -0.8 -0.15 0.35
v -0.8 -0.15 0.25
v -0.8 -0.15 -0.25
v -0.8 -0.15 -0.35
v -0.8 -0.05 0.95
v -0.8 -0.05 0.85
v -0.8 -0.05 0.75
v -0.8 -0.05 0.65
v -0.8 -0.05 0.55
v -0.8 -0.05 0.45
v -0.8 -0.05 0.35
v -0.8 -0.05 0.25
v -0.8 -0.05 -0.25
v -0.8 -0.05 -0.35
v -0.8 0.05 0.95
v -0.8 0.05 0.85
v -0.8 0.05 0.75
v -0.8 0.05 0.65
v -0.8 0.15 0.85
v -0.8 0.15 0.75
v -0.7 -0.15 0.25
v -0.7 -0.15 0.15
v -0.7 -0.05 0.35
v -0.7 -0.05 0.25
v -0.7 -0.05 0.15
v -0.7 0.05 0.35
v -0.7 0.05 0.25
v -0.6 -0.15 0.45
v -0.6 -0.15 0.35
v -0.6 -0.15 0.15
v -0.6 -0.15 0.05
v -0.6 -0.15 -0.75
v -0.6 -0.15 -0.85
v -0.6 -0.05 1.05
v -0.6 -0.05 0.95
v -0.6 -0.05 0.65
v -0.6 -0.05 0.55
v -0.6 -0.05 0.45
v -0.6 -0.05 0.35
v -0.6 -0.05 0.25
v -0.6 -0.05 0.15
v -0.6 -0.05 0.05
v -0.6 -0.05 -0.75
v -0.6 -0.05 -0.85
v -0.6 0.05 1.05
v -0.6 0.05 0.95
v -0.6 0.05 0.65
v -0.6 0.05 0.55
v -0.6 0.05 0.25
v -0.6 0.05 0.15
v -0.5 -0.15 0.05
v -0.5 -0.15 -0.0500001
v -0.5 -0.05 0.15
v -0.5 -0.05 0.05
v -0.5 -0.05 -0.0500001
v -0.5 0.05 0.15
v -0.5 0.05 0.05
v -0.4 -0.15 0.35
v -0.4 -0.15 0.25
v -0.4 -0.15 0.15
v -0.4 -0.15 -0.35
v -0.4 -0.15 -0.45
v -0.4 -0.05 0.95
v -0.4 -0.05 0.85
v -0.4 -0.05 0.55
v -0.4 -0.05 0.45
v -0.4 -0.05 0.35
v -0.4 -0.05 0.25
v -0.4 -0.05 0.15
v -0.4 -0.05 -0.35
v -0.4 -0.05 -0.45
v -0.4 0.05 1.05
v -0.4 0.05 0.95
v -0.4 0.05 0.85
v -0.4 0.05 0.55
v -0.4 0.05 0.45
v -0.4 0.15 1.05
v -0.4 0.15 0.95
v -0.3 -0.15 0.15
v -0.3 -0.15 0.05
v -0.3 -0.15 -0.75
v -0.3 -0.15 -0.85
v -0.3 -0.15 -0.95
v -0.3 -0.05 1.05
v -0.3 -0.05 0.95
v -0.3 -0.05 0.65
v -0.3 -0.05 0.55
v -0.3 -0.05 0.45
v -0.3 -0.05 0.35
v -0.3 -0.05 0.15
v -0.3 -0.05 0.05
v -0.3 -0.05 -0.75
v -0.3 -0.05 -0.85
v -0.3 -0.05 -0.95
v -0.3 0.05 1.05
v -0.3 0.05 0.95
v -0.3 0.05 0.85
v -0.3 0.05 0.65
v -0.3 0.05 0.55
v -0.3 0.05 0.45
v -0.3 0.05 0.35
v -0.3 0.15 0.95
v -0.3 0.15 0.85
v -0.3 0.15 0.65
v -0.3 0.15 0.55
v -0.2 -0.15 0.35
v -0.2 -0.15 0.25
v -0.2 -0.05 0.85
v -0.2 -0.05 0.75
v -0.2 -0.05 0.65
v -0.2 -0.05 0.35
v -0.2 -0.05 0.25
v -0.2 0.05 0.85
v -0.2 0.05 0.75
v -0.2 0.05 0.65
v -0.2 0.15 0.75
v -0.2 0.15 0.65
v -0.1 -0.15 0.45
v -0.1 -0.15 0.35
v -0.1 -0.15 0.25
v -0.1 -0.15 0.15
v -0.1 -0.15 0.05
v -0.1 -0.15 -0.0500001
v -0.1 -0.05 0.65
v -0.1 -0.05 0.55
v -0.1 -0.05 0.45
v -0.1 -0.05 0.35
v -0.1 -0.05 0.25
v -0.1 -0.05 0.15
v -0.1 -0.05 0.05
v -0.1 -0.05 -0.0500001
v -0.1 0.05 1.05
v -0.1 0.05 0.95
v -0.1 0.05 0.65
v -0.1 0.05 0.55
v -0.1 0.05 0.35
v -0.1 0.05 0.25
v -0.1 0.15 1.05
v -0.1 0.15 0.95
v 0 -0.15 0.85
v 0 -0.15 0.75
v 0 -0.05 0.85
v 0 -0.05 0.75
v 0 -0.05 0.15
v 0 -0.05 0.05
v 0 0.05 0.95
v 0 0.05 0.85
v 0 0.05 0.75
v 0 0.05 0.15
v 0 0.05 0.05
v 0 0.15 0.95
v 0 0.15 0.85
v 0 0.15 0.75
v 0.0999999 -0.15 0.35
v 0.0999999 -0.15 0.25
v 0.0999999 -0.05 0.65
v 0.0999999 -0.05 0.55
v 0.0999999 -0.05 0.35
v 0.0999999 -0.05 0.25
v 0.0999999 0.05 1.05
v 0.0999999 0.05 0.95
v 0.0999999 0.05 0.65
v 0.0999999 0.05 0.55
v 0.0999999 0.05 0.35
v 0.0999999 0.05 0.25
v 0.0999999 0.15 1.05
v 0.0999999 0.15 0.95
v 0.2 -0.15 0.15
v 0.2 -0.15 -0.15
v 0.2 -0.15 -0.45
v 0.2 -0.15 -0.55
v 0.2 -0.15 -0.85
v 0.2 -0.15 -0.95
v 0.2 -0.05 0.85
v 0.2 -0.05 0.75
v 0.2 -0.05 0.15
v 0.2 -0.05 0.05
v 0.2 -0.05 -0.0500001
v 0.2 -0.05 -0.15
v 0.2 -0.05 -0.45
v 0.2 -0.05 -0.55
v 0.2 -0.05 -0.85
v 0.2 -0.05 -0.95
v 0.2 0.05 0.75
v 0.2 0.05 0.05
v 0.2 0.05 -0.0500001
v 0.2 0.15 0.85
v 0.2 0.15 0.75
v 0.3 -0.15 0.35
v 0.3 -0.15 0.25
v 0.3 -0.15 0.15
v 0.3 -0.05 0.55
v 0.3 -0.05 0.45
v 0.3 -0.05 0.35
v 0.3 -0.05 0.25
v 0.3 -0.05 0.15
v 0.3 0.05 0.95
v 0.3 0.05 0.85
v 0.3 0.05 0.75
v 0.3 0.05 0.65
v 0.3 0.05 0.55
v 0.3 0.05 0.45
v 0.3 0.05 0.25
v 0.3 0.05 0.15
v 0.3 0.15 0.95
v 0.3 0.15 0.85
v 0.3 0.15 0.75
v 0.3 0.15 0.65
v 0.4 -0.15 0.05
v 0.4 -0.15 -0.0500001
v 0.4 -0.05 0.45
v 0.4 -0.05 0.35
v 0.4 -0.05 0.25
v 0.4 -0.05 0.05
v 0.4 -0.05 -0.0500001
v 0.4 0.05 1.05
v 0.4 0.05 0.95
v 0.4 0.05 0.45
v 0.4 0.05 0.25
v 0.4 0.15 1.05
v 0.4 0.15 0.95
v 0.5 -0.05 0.65
v 0.5 -0.05 0.55
v 0.5 0.05 0.65
v 0.5 0.05 0.55
v 0.6 -0.15 0.55
v 0.6 -0.15 0.45
v 0.6 -0.15 0.15
v 0.6 -0.15 0.05
v 0.6 -0.15 -0.95
v 0.6 -0.15 -1.05
v 0.6 -0.05 0.75
v 0.6 -0.05 0.65
v 0.6 -0.05 0.55
v 0.6 -0.05 0.45
v 0.6 -0.05 0.15
v 0.6 -0.05 0.05
v 0.6 -0.05 -0.95
v 0.6 -0.05 -1.05
v 0.6 0.05 0.75
v 0.6 0.05 0.65
v 0.7 -0.15 -0.45
v 0.7 -0.15 -0.55
v 0.7 -0.05 -0.45
v 0.7 -0.05 -0.55
v 0.8 -0.15 0.25
v 0.8 -0.15 0.15
v 0.8 -0.05 0.85
v 0.8 -0.05 0.75
v 0.8 -0.05 0.25
v 0.8 -0.05 0.15
v 0.8 0.05 1.05
v 0.8 0.05 0.95
v 0.8 0.05 0.85
v 0.8 0.05 0.75
v 0.8 0.15 1.05
v 0.8 0.15 0.95
v 0.8 0.15 0.85
v 0.8 0.15 0.75
v 0.9 -0.15 0.35
v 0.9 -0.15 0.25
v 0.9 -0.15 -0.0500001
v 0.9 -0.15 -0.15
v 0.9 -0.05 0.65
v 0.9 -0.05 0.55
v 0.9 -0.05 0.45
v 0.9 -0.05 0.35
v 0.9 -0.05 0.25
v 0.9 -0.05 -0.0500001
v 0.9 -0.05 -0.15
v 0.9 0.05 0.65
v 0.9 0.05 0.55
v 0.9 0.05 0.45
v 0.9 0.05 0.35
v 0.9 0.05 0.25
v 1 -0.15 0.45
v 1 -0.15 0.35
v 1 -0.05 0.95
v 1 -0.05 0.85
v 1 -0.05 0.45
v 1 -0.05 0.35
v 1 0.05 0.95
v 1 0.05 0.85
v 1.1 -0.05 0.85
v 1.1 -0.05 0.75
v 1.1 0.05 0.85
v 1.1 0.05 0.75
v 1.2 -0.15 -0.35
v 1.2 -0.15 -0.45
v 1.2 -0.05 0.55
v 1.2 -0.05 0.45
v 1.2 -0.05 0.35
v 1.2 -0.05 -0.35
v 1.2 -0.05 -0.45
v 1.2 0.05 0.55
v 1.2 0.05 0.45
v 1.2 0.05 0.35
v 1.3 -0.15 -0.15
v 1.3 -0.15 -0.25
v 1.3 -0.15 -0.35
v 1.3 -0.05 -0.15
v 1.3 -0.05 -0.25
v 1.3 -0.05 -0.35
v 1.4 -0.15 0.75
v 1.4 -0.15 0.65
v 1.4 -0.15 0.15
v 1.4 -0.15 0.05
v 1.4 -0.05 0.75
v 1.4 -0.05 0.65
v 1.4 -0.05 0.15
v 1.4 -0.05 0.05
v 1.6 -0.15 0.95
v 1.6 -0.15 0.85
v 1.6 -0.15 0.25
v 1.6 -0.15 0.15
v 1.6 -0.05 0.95
v 1.6 -0.05 0.85
v 1.6 -0.05 0.25
v 1.6 -0.05 0.15
v 1.7 -0.15 0.65
v 1.7 -0.15 0.55
v 1.7 -0.15 0.45
v 1.7 -0.15 -0.15
v 1.7 -0.15 -0.25
v 1.7 -0.05 0.65
v 1.7 -0.05 0.55
v 1.7 -0.05 0.45
v 1.7 -0.05 -0.15
v 1.7 -0.05 -0.25
v 1.8 -0.15 1.05
v 1.8 -0.15 0.95
v 1.8 -0.15 0.75
v 1.8 -0.15 0.65
v 1.8 -0.05 1.05
v 1.8 -0.05 0.95
v 1.8 -0.05 0.75
v 1.8 -0.05 0.65
v 1.9 -0.15 0.85
v 1.9 -0.15 0.75
v 1.9 -0.05 0.85
v 1.9 -0.05 0.75
v -1.9 -0.15 0.95
v -1.9 -0.15 0.85
v -1.9 -0.05 0.95
v -1.9 -0.05 0.85
v -1.7 -0.15 0.65
v -1.7 -0.15 0.55
v -1.7 -0.05 0.65
v -1.7 -0.05 0.55
v -1.6 -0.15 -0.0500001
v -1.6 -0.15 -0.15
v -1.6 -0.05 -0.0500001
v -1.6 -0.05 -0.15
v -1.5 -0.05 1.05
v -1.5 -0.05 0.95
v -1.5 -0.05 0.85
v -1.5 0.05 1.05
v -1.5 0.05 0.85
v -1.4 -0.15 0.35
v -1.4 -0.15 0.25
v -1.4 -0.15 -0.65
v -1.4 -0.15 -0.75
v -1.4 -0.05 0.65
v -1.4 -0.05 0.55
v -1.4 -0.05 0.35
v -1.4 -0.05 0.25
v -1.4 -0.05 -0.65
v -1.4 -0.05 -0.75
v -1.4 0.05 0.65
v -1.4 0.05 0.55
v -1.3 -0.15 0.55
v -1.3 -0.15 0.45
v -1.3 -0.05 0.75
v -1.3 -0.05 0.65
v -1.3 -0.05 0.55
v -1.3 -0.05 0.45
v -1.3 0.05 0.75
v -1.3 0.05 0.65
v -1.2 -0.15 0.45
v -1.2 -0.15 0.35
v -1.2 -0.05 0.45
v -1.2 -0.05 0.35
v -1.1 -0.15 0.35
v -1.1 -0.15 0.25
v -1.1 -0.15 -0.25
v -1.1 -0.15 -0.35
v -1.1 -0.05 0.85
v -1.1 -0.05 0.75
v -1.1 -0.05 0.35
v -1.1 -0.05 0.25
v -1.1 -0.05 -0.25
v -1.1 -0.05 -0.35
v -1.1 0.05 0.85
v -1.1 0.05 0.75
v -1 -0.15 0.25
v -1 -0.15 0.15
v -1 -0.15 0.05
v -1 -0.05 0.95
v -1 -0.05 0.85
v -1 -0.05 0.25
v -1 -0.05 0.15
v -1 -0.05 0.05
v -1 0.05 0.95
v -1 0.05 0.85
v -0.9 -0.15 0.55
v -0.9 -0.15 0.45
v -0.9 -0.05 0.75
v -0.9 -0.05 0.65
v -0.9 -0.05 0.55
v -0.9 -0.05 0.45
v -0.9 0.05 1.05
v -0.9 0.05 0.95
v -0.9 0.05 0.75
v -0.9 0.05 0.65
v -0.9 0.05 0.55
v -0.9 0.15 1.05
v -0.9 0.15 0.95
v -0.8 -0.05 1.05
v -0.8 -0.05 0.95
v -0.8 0.05 1.05
v -0.8 0.05 0.95
v -0.7 -0.15 0.45
v -0.7 -0.15 0.35
v -0.7 -0.15 -0.15
v -0.7 -0.15 -0.25
v -0.7 -0.15 -0.35
v -0.7 -0.05 0.45
v -0.7 -0.05 0.35
v -0.7 -0.05 -0.15
v -0.7 -0.05 -0.25
v -0.7 -0.05 -0.35
v -0.7 0.05 0.45
v -0.7 0.05 0.35
v -0.6 -0.15 0.35
v -0.6 -0.15 0.25
v -0.6 -0.05 0.95
v -0.6 -0.05 0.85
v -0.6 -0.05 0.35
v -0.6 -0.05 0.25
v -0.6 0.05 0.95
v -0.6 0.05 0.85
v -0.6 0.05 0.35
v -0.6 0.05 0.25
v -0.5 -0.15 0.25
v -0.5 -0.15 0.15
v -0.5 -0.15 -0.75
v -0.5 -0.15 -0.85
v -0.5 -0.05 0.75
v -0.5 -0.05 0.65
v -0.5 -0.05 0.25
v -0.5 -0.05 0.15
v -0.5 -0.05 -0.75
v -0.5 -0.05 -0.85
v -0.5 0.05 0.75
v -0.5 0.05 0.65
v -0.5 0.05 0.25
v -0.5 0.05 0.15
v -0.4 -0.15 0.15
v -0.4 -0.15 0.05
v -0.4 -0.05 1.05
v -0.4 -0.05 0.95
v -0.4 -0.05 0.65
v -0.4 -0.05 0.55
v -0.4 -0.05 0.15
v -0.4 -0.05 0.05
v -0.4 0.05 1.05
v -0.4 0.05 0.95
v -0.4 0.05 0.85
v -0.4 0.05 0.75
v -0.4 0.05 0.65
v -0.4 0.05 0.55
v -0.4 0.05 0.15
v -0.4 0.05 0.05
v -0.4 0.15 0.85
v -0.4 0.15 0.75
v -0.3 -0.15 0.35
v -0.3 -0.15 0.25
v -0.3 -0.15 0.05
v -0.3 -0.15 -0.0500001
v -0.3 -0.05 0.85
v -0.3 -0.05 0.75
v -0.3 -0.05 0.55
v -0.3 -0.05 0.45
v -0.3 -0.05 0.35
v -0.3 -0.05 0.25
v -0.3 -0.05 0.05
v -0.3 -0.05 -0.0500001
v -0.3 0.05 1.05
v -0.3 0.05 0.95
v -0.3 0.05 0.85
v -0.3 0.05 0.75
v -0.3 0.05 0.55
v -0.3 0.05 0.45
v -0.3 0.15 1.05
v -0.3 0.15 0.95
v -0.2 -0.15 0.85
v -0.2 -0.15 0.75
v -0.2 -0.15 0.45
v -0.2 -0.15 0.35
v -0.2 -0.15 0.25
v -0.2 -0.15 0.15
v -0.2 -0.15 -0.35
v -0.2 -0.15 -0.45
v -0.2 -0.15 -0.75
v -0.2 -0.15 -0.85
v -0.2 -0.15 -0.95
v -0.2 -0.05 0.85
v -0.2 -0.05 0.75
v -0.2 -0.05 0.65
v -0.2 -0.05 0.55
v -0.2 -0.05 0.45
v -0.2 -0.05 0.35
v -0.2 -0.05 0.25
v -0.2 -0.05 0.15
v -0.2 -0.05 -0.35
v -0.2 -0.05 -0.45
v -0.2 -0.05 -0.75
v -0.2 -0.05 -0.85
v -0.2 -0.05 -0.95
v -0.2 0.05 0.65
v -0.2 0.05 0.55
v -0.2 0.15 0.65
v -0.2 0.15 0.55
v -0.1 -0.05 0.45
v -0.1 -0.05 0.35
v -0.1 0.05 0.95
v -0.1 0.05 0.85
v -0.1 0.05 0.75
v -0.1 0.05 0.65
v -0.1 0.05 0.45
v -0.1 0.05 0.35
v -0.1 0.15 0.95
v -0.1 0.15 0.85
v -0.1 0.15 0.75
v -0.1 0.15 0.65
v 0 -0.15 0.35
v 0 -0.15 0.25
v 0 -0.05 0.65
v 0 -0.05 0.55
v 0 -0.05 0.35
v 0 -0.05 0.25
v 0 0.05 1.05
v 0 0.05 0.95
v 0 0.05 0.65
v 0 0.05 0.55
v 0 0.05 0.35
v 0 0.05 0.25
v 0 0.15 1.05
v 0 0.15 0.95
v 0.0999999 -0.15 0.25
v 0.0999999 -0.15 0.15
v 0.0999999 -0.15 -0.0500001
v 0.0999999 -0.05 0.85
v 0.0999999 -0.05 0.75
v 0.0999999 -0.05 0.25
v 0.0999999 -0.05 0.15
v 0.0999999 -0.05 0.05
v 0.0999999 -0.05 -0.0500001
v 0.0999999 0.05 0.75
v 0.0999999 0.05 0.15
v 0.0999999 0.05 0.05
v 0.0999999 0.15 0.85
v 0.0999999 0.15 0.75
v 0.2 -0.15 0.35
v 0.2 -0.15 0.25
v 0.2 -0.05 0.35
v 0.2 -0.05 0.25
v 0.2 0.05 1.05
v 0.2 0.05 0.95
v 0.2 0.05 0.85
v 0.2 0.05 0.35
v 0.2 0.05 0.25
v 0.2 0.15 1.05
v 0.2 0.15 0.95
v 0.2 0.15 0.85
v 0.3 -0.15 0.05
v 0.3 -0.15 -0.0500001
v 0.3 -0.15 -0.45
v 0.3 -0.15 -0.55
v 0.3 -0.15 -0.85
v 0.3 -0.15 -0.95
v 0.3 -0.05 0.65
v 0.3 -0.05 0.55
v 0.3 -0.05 0.05
v 0.3 -0.05 -0.0500001
v 0.3 -0.05 -0.45
v 0.3 -0.05 -0.55
v 0.3 -0.05 -0.85
v 0.3 -0.05 -0.95
v 0.3 0.05 0.65
v 0.3 0.05 0.55
v 0.3 0.05 0.05
v 0.3 0.05 -0.0500001
v 0.4 -0.15 0.15
v 0.4 -0.15 0.05
v 0.4 -0.05 0.75
v 0.4 -0.05 0.65
v 0.4 -0.05 0.55
v 0.4 -0.05 0.45
v 0.4 -0.05 0.15
v 0.4 -0.05 0.05
v 0.4 0.05 0.95
v 0.4 0.05 0.85
v 0.4 0.05 0.75
v 0.4 0.05 0.65
v 0.4 0.05 0.55
v 0.4 0.05 0.45
v 0.4 0.15 0.95
v 0.4 0.15 0.75
v 0.4 0.15 0.65
v 0.5 -0.15 0.55
v 0.5 -0.15 0.45
v 0.5 -0.15 0.25
v 0.5 -0.15 0.15
v 0.5 -0.15 -0.0500001
v 0.5 -0.15 -0.15
v 0.5 -0.05 0.55
v 0.5 -0.05 0.45
v 0.5 -0.05 0.25
v 0.5 -0.05 0.15
v 0.5 -0.05 -0.0500001
v 0.5 -0.05 -0.15
v 0.5 0.05 0.25
v 0.5 0.05 0.15
v 0.6 -0.05 0.85
v 0.6 -0.05 0.75
v 0.6 -0.05 0.45
v 0.6 -0.05 0.35
v 0.6 0.05 0.85
v 0.6 0.05 0.75
v 0.6 0.05 0.45
v 0.6 0.05 0.35
v 0.7 -0.15 0.05
v 0.7 -0.15 -0.0500001
v 0.7 -0.15 -0.95
v 0.7 -0.15 -1.05
v 0.7 -0.05 0.95
v 0.7 -0.05 0.85
v 0.7 -0.05 0.35
v 0.7 -0.05 0.25
v 0.7 -0.05 0.05
v 0.7 -0.05 -0.0500001
v 0.7 -0.05 -0.95
v 0.7 -0.05 -1.05
v 0.7 0.05 1.05
v 0.7 0.05 0.95
v 0.7 0.05 0.85
v 0.7 0.05 0.35
v 0.7 0.05 0.25
v 0.7 0.15 1.05
v 0.7 0.15 0.95
v 0.8 -0.15 0.35
v 0.8 -0.15 0.25
v 0.8 -0.15 0.15
v 0.8 -0.15 0.05
v 0.8 -0.15 -0.45
v 0.8 -0.15 -0.55
v 0.8 -0.05 0.75
v 0.8 -0.05 0.65
v 0.8 -0.05 0.55
v 0.8 -0.05 0.35
v 0.8 -0.05 0.25
v 0.8 -0.05 0.15
v 0.8 -0.05 0.05
v 0.8 -0.05 -0.45
v 0.8 -0.05 -0.55
v 0.8 0.05 0.75
v 0.8 0.05 0.65
v 0.8 0.05 0.55
v 0.9 -0.15 0.45
v 0.9 -0.15 0.35
v 0.9 -0.05 0.85
v 0.9 -0.05 0.75
v 0.9 -0.05 0.45
v 0.9 -0.05 0.35
v 0.9 0.05 1.05
v 0.9 0.05 0.95
v 0.9 0.05 0.85
v 0.9 0.05 0.75
v 0.9 0.15 1.05
v 0.9 0.15 0.95
v 0.9 0.15 0.85
v 0.9 0.15 0.75
v 1 -0.15 0.25
v 1 -0.15 0.15
v 1 -0.15 -0.0500001
v 1 -0.15 -0.15
v 1 -0.05 1.05
v 1 -0.05 0.95
v 1 -0.05 0.65
v 1 -0.05 0.55
v 1 -0.05 0.45
v 1 -0.05 0.25
v 1 -0.05 0.15
v 1 -0.05 -0.0500001
v 1 -0.05 -0.15
v 1 0.05 1.05
v 1 0.05 0.95
v 1 0.05 0.65
v 1 0.05 0.55
v 1 0.05 0.45
v 1.1 -0.05 0.35
v 1.1 -0.05 0.25
v 1.1 0.05 0.35
v 1.1 0.05 0.25
v 1.2 -0.05 0.85
v 1.2 -0.05 0.75
v 1.2 0.05 0.85
v 1.2 0.05 0.75
v 1.3 -0.15 0.75
v 1.3 -0.15 0.65
v 1.3 -0.15 0.35
v 1.3 -0.15 0.25
v 1.3 -0.05 0.95
v 1.3 -0.05 0.85
v 1.3 -0.05 0.75
v 1.3 -0.05 0.65
v 1.3 -0.05 0.45
v 1.3 -0.05 0.35
v 1.3 -0.05 0.25
v 1.3 0.05 0.95
v 1.3 0.05 0.85
v 1.3 0.05 0.45
v 1.3 0.05 0.35
v 1.4 -0.15 0.55
v 1.4 -0.15 0.45
v 1.4 -0.15 0.35
v 1.4 -0.15 -0.15
v 1.4 -0.15 -0.25
v 1.4 -0.15 -0.45
v 1.4 -0.05 0.55
v 1.4 -0.05 0.45
v 1.4 -0.05 0.35
v 1.4 -0.05 -0.15
v 1.4 -0.05 -0.25
v 1.4 -0.05 -0.45
v 1.4 0.05 0.55
v 1.4 0.05 0.45
v 1.5 -0.15 0.95
v 1.5 -0.15 0.85
v 1.5 -0.15 0.75
v 1.5 -0.15 0.65
v 1.5 -0.15 0.55
v 1.5 -0.15 0.15
v 1.5 -0.15 0.05
v 1.5 -0.05 0.95
v 1.5 -0.05 0.85
v 1.5 -0.05 0.75
v 1.5 -0.05 0.65
v 1.5 -0.05 0.55
v 1.5 -0.05 0.15
v 1.5 -0.05 0.05
v 1.6 -0.15 0.75
v 1.6 -0.15 0.65
v 1.6 -0.05 0.75
v 1.6 -0.05 0.65
v 1.7 -0.15 1.05
v 1.7 -0.15 0.95
v 1.7 -0.15 0.85
v 1.7 -0.15 0.25
v 1.7 -0.15 0.15
v 1.7 -0.05 1.05
v 1.7 -0.05 0.95
v 1.7 -0.05 0.85
v 1.7 -0.05 0.25
v 1.7 -0.05 0.15
v 1.8 -0.15 0.55
v 1.8 -0.15 0.45
v 1.8 -0.05 0.55
v 1.8 -0.05 0.45
v 1.9 -0.15 1.05
v 1.9 -0.15 0.95
v 1.9 -0.15 0.75
v 1.9 -0.15 0.65
v 1.9 -0.15 0.55
v 1.9 -0.15 -0.15
v 1.9 -0.15 -0.25
v 1.9 -0.05 1.05
v 1.9 -0.05 0.95
v 1.9 -0.05 0.75
v 1.9 -0.05 0.65
v 1.9 -0.05 0.55
v 1.9 -0.05 -0.15
v 1.9 -0.05 -0.25
v 2 -0.15 0.85
v 2 -0.15 0.75
v 2 -0.05 0.85
v 2 -0.05 0.75
v -1.9 -0.15 1.05
v -1.9 -0.05 1.05
v -1.8 -0.05 1.05
v -1.8 0.05 1.05
v -1.7 -0.15 1.05
v -1.7 -0.05 1.05
v -1.7 0.05 1.05
v -1.6 -0.05 1.05
v -1.6 0.05 1.05
v -1.5 -0.15 1.05
v -1.5 -0.05 1.05
v -1.5 0.05 1.05
v -1.4 -0.15 1.05
v -1.4 -0.05 1.05
v -1.4 0.05 1.05
v -1.3 -0.05 1.05
v -1.3 0.05 1.05
v -1.3 0.15 1.05
v -1.2 -0.15 1.05
v -1.2 -0.05 1.05
v -1.2 0.05 1.05
v -1.1 -0.05 1.05
v -1.1 0.05 1.05
v -1.1 0.15 1.05
v -1 -0.15 1.05
v -1 -0.05 1.05
v -0.9 -0.15 1.05
v -0.9 -0.05 1.05
v -0.9 0.05 1.05
v -0.9 0.15 1.05
v -0.8 -0.15 1.05
v -0.8 -0.05 1.05
v -0.8 0.05 1.05
v -0.7 -0.15 1.05
v -0.7 -0.05 1.05
v -0.6 -0.15 1.05
v -0.6 -0.05 1.05
v -0.6 0.05 1.05
v -0.4 -0.05 1.05
v -0.4 0.05 1.05
v -0.4 0.15 1.05
v -0.3 -0.15 1.05
v -0.3 -0.05 1.05
v -0.3 0.05 1.05
v -0.3 0.15 1.05
v -0.2 -0.15 1.05
v -0.2 -0.05 1.05
v -0.2 0.05 1.05
v -0.1 -0.15 1.05
v -0.1 -0.05 1.05
v -0.1 0.05 1.05
v -0.1 0.15 1.05
v 0 -0.15 1.05
v 0 -0.05 1.05
v 0 0.05 1.05
v 0 0.15 1.05
v 0.0999999 -0.15 1.05
v 0.0999999 -0.05 1.05
v 0.0999999 0.05 1.05
v 0.0999999 0.15 1.05
v 0.2 -0.15 1.05
v 0.2 -0.05 1.05
v 0.2 0.05 1.05
v 0.2 0.15 1.05
v 0.3 -0.05 1.05
v 0.3 0.05 1.05
v 0.4 -0.15 1.05
v 0.4 -0.05 1.05
v 0.4 0.05 1.05
v 0.4 0.15 1.05
v 0.5 0.05 1.05
v 0.5 0.15 1.05
v 0.6 -0.05 1.05
v 0.6 0.05 1.05
v 0.7 -0.15 1.05
v 0.7 -0.05 1.05
v 0.7 0.05 1.05
v 0.7 0.15 1.05
v 0.8 0.05 1.05
v 0.8 0.15 1.05
v 0.9 -0.15 1.05
v 0.9 -0.05 1.05
v 0.9 0.05 1.05
v 0.9 0.15 1.05
v 1 -0.15 1.05
v 1 -0.05 1.05
v 1 0.05 1.05
v 1.2 -0.15 1.05
v 1.2 -0.05 1.05
v 1.3 -0.15 1.05
v 1.3 -0.05 1.05
v 1.4 -0.15 1.05
v 1.4 -0.05 1.05
v 1.5 -0.15 1.05
v 1.5 -0.05 1.05
v 1.7 -0.15 1.05
v 1.7 -0.05 1.05
v 1.8 -0.15 1.05
v 1.8 -0.05 1.05
v 1.9 -0.15 1.05
v 1.9 -0.05 1.05
v -2 -0.15 0.95
v -2 -0.05 0.95
v -1.9 -0.15 0.95
v -1.9 -0.05 0.95
v -0.8 -0.05 0.95
v -0.8 0.05 0.95
v -0.7 -0.05 0.95
v -0.6 -0.05 0.95
v -0.6 0.05 0.95
v -0.4 -0.05 0.95
v -0.4 0.05 0.95
v -0.3 -0.05 0.95
v -0.3 0.05 0.95
v -0.3 0.15 0.95
v -0.2 0.05 0.95
v -0.2 0.15 0.95
v -0.1 0.05 0.95
v -0.1 0.15 0.95
v 0 0.05 0.95
v 0 0.15 0.95
v 0.0999999 0.05 0.95
v 0.0999999 0.15 0.95
v 0.3 0.05 0.95
v 0.3 0.15 0.95
v 0.4 0.05 0.95
v 0.4 0.15 0.95
v 1 -0.05 0.95
v 1 0.05 0.95
v 1.1 -0.05 0.95
v 1.1 0.05 0.95
v 1.2 -0.05 0.95
v 1.2 0.05 0.95
v 1.3 -0.05 0.95
v 1.3 0.05 0.95
v -0.9 -0.05 0.85
v -0.9 0.05 0.85
v -0.8 -0.05 0.85
v -0.8 0.05 0.85
v -0.8 0.15 0.85
v -0.7 0.05 0.85
v -0.7 0.15 0.85
v -0.6 -0.05 0.85
v -0.6 0.05 0.85
v -0.6 0.15 0.85
v -0.5 -0.05 0.85
v -0.5 0.05 0.85
v -0.5 0.15 0.85
v -0.4 -0.05 0.85
v -0.4 0.05 0.85
v -0.4 0.15 0.85
v 0.2 0.05 0.85
v 0.2 0.15 0.85
v 0.3 0.05 0.85
v 0.3 0.15 0.85
v 0.8 -0.05 0.85
v 0.8 0.05 0.85
v 0.8 0.15 0.85
v 0.9 -0.05 0.85
v 0.9 0.05 0.85
v 0.9 0.15 0.85
v 1.9 -0.15 0.85
v 1.9 -0.05 0.85
v 2 -0.15 0.85
v 2 -0.05 0.85
v -1.5 -0.05 0.75
v -1.5 0.05 0.75
v -1.4 -0.05 0.75
v -1.4 0.05 0.75
v -1.3 -0.05 0.75
v -1.3 0.05 0.75
v -1 -0.05 0.75
v -1 0.05 0.75
v -0.9 -0.05 0.75
v -0.9 0.05 0.75
v -0.2 -0.15 0.75
v -0.2 -0.05 0.75
v -0.2 0.05 0.75
v -0.2 0.15 0.75
v -0.1 -0.15 0.75
v -0.1 -0.05 0.75
v -0.1 0.05 0.75
v -0.1 0.15 0.75
v 0 -0.15 0.75
v 0 -0.05 0.75
v 0.0999999 -0.05 0.75
v 0.0999999 0.05 0.75
v 0.2 -0.05 0.75
v 0.2 0.05 0.75
v 0.6 -0.05 0.75
v 0.6 0.05 0.75
v 0.7 -0.05 0.75
v 0.7 0.05 0.75
v 0.8 -0.05 0.75
v 0.8 0.05 0.75
v 1.5 -0.15 0.75
v 1.5 -0.05 0.75
v 1.6 -0.15 0.75
v 1.6 -0.05 0.75
v 1.8 -0.15 0.75
v 1.8 -0.05 0.75
v 1.9 -0.15 0.75
v 1.9 -0.05 0.75
v -1.8 -0.15 0.65
v -1.8 -0.05 0.65
v -1.7 -0.15 0.65
v -1.7 -0.05 0.65
v -1.2 -0.05 0.65
v -1.2 0.05 0.65
v -1 -0.05 0.65
v -1 0.05 0.65
v -0.5 -0.05 0.65
v -0.5 0.05 0.65
v -0.4 -0.05 0.65
v -0.4 0.05 0.65
v -0.3 -0.05 0.65
v -0.3 0.05 0.65
v -0.3 0.15 0.65
v -0.2 -0.05 0.65
v -0.2 0.05 0.65
v -0.2 0.15 0.65
v 0.5 -0.05 0.65
v 0.5 0.05 0.65
v 0.6 -0.05 0.65
v 0.6 0.05 0.65
v 0.9 -0.05 0.65
v 0.9 0.05 0.65
v 1 -0.05 0.65
v 1 0.05 0.65
v 1.3 -0.15 0.65
v 1.3 -0.05 0.65
v 1.4 -0.15 0.65
v 1.4 -0.05 0.65
v 1.7 -0.15 0.65
v 1.7 -0.05 0.65
v 1.8 -0.15 0.65
v 1.8 -0.05 0.65
v -0.4 -0.05 0.55
v -0.4 0.05 0.55
v -0.3 -0.05 0.55
v -0.3 0.05 0.55
v 0.3 -0.05 0.55
v 0.3 0.05 0.55
v 0.4 -0.05 0.55
v 0.4 0.05 0.55
v 1.2 -0.05 0.55
v 1.2 0.05 0.55
v 1.3 -0.05 0.55
v 1.3 0.05 0.55
v 1.4 -0.05 0.55
v 1.4 0.05 0.55
v -1.3 -0.15 0.45
v -1.3 -0.05 0.45
v -1.2 -0.15 0.45
v -1.2 -0.05 0.45
v -0.9 -0.15 0.45
v -0.9 -0.05 0.45
v -0.9 0.05 0.45
v -0.8 -0.15 0.45
v -0.8 -0.05 0.45
v -0.8 0.05 0.45
v -0.7 -0.05 0.45
v -0.7 0.05 0.45
v -0.3 -0.05 0.45
v -0.3 0.05 0.45
v -0.2 -0.05 0.45
v -0.1 -0.05 0.45
v -0.1 0.05 0.45
v 0.4 -0.05 0.45
v 0.4 0.05 0.45
v 0.5 -0.15 0.45
v 0.5 -0.05 0.45
v 0.6 -0.15 0.45
v 0.6 -0.05 0.45
v 0.6 0.05 0.45
v -1.2 -0.15 0.35
v -1.2 -0.05 0.35
v -1.1 -0.15 0.35
v -1.1 -0.05 0.35
v -0.7 -0.15 0.35
v -0.7 -0.05 0.35
v -0.7 0.05 0.35
v -0.6 -0.15 0.35
v -0.6 -0.05 0.35
v -0.6 0.05 0.35
v -0.2 -0.15 0.35
v -0.2 -0.05 0.35
v -0.1 -0.15 0.35
v -0.1 -0.05 0.35
v -0.1 0.05 0.35
v 0 -0.05 0.35
v 0 0.05 0.35
v 0.0999999 -0.05 0.35
v 0.0999999 0.05 0.35
v 0.2 -0.05 0.35
v 0.2 0.05 0.35
v 0.6 -0.05 0.35
v 0.6 0.05 0.35
v 0.7 -0.05 0.35
v 0.7 0.05 0.35
v 0.9 -0.15 0.35
v 0.9 -0.05 0.35
v 0.9 0.05 0.35
v 1 -0.15 0.35
v 1 -0.05 0.35
v 1.1 -0.05 0.35
v 1.1 0.05 0.35
v -1.1 -0.15 0.25
v -1.1 -0.05 0.25
v -1 -0.15 0.25
v -1 -0.05 0.25
v -0.6 -0.15 0.25
v -0.6 -0.05 0.25
v -0.6 0.05 0.25
v -0.5 -0.15 0.25
v -0.5 -0.05 0.25
v -0.5 0.05 0.25
v -0.3 -0.15 0.25
v -0.3 -0.05 0.25
v -0.2 -0.15 0.25
v -0.2 -0.05 0.25
v 0 -0.15 0.25
v 0 -0.05 0.25
v 0.0999999 -0.15 0.25
v 0.0999999 -0.05 0.25
v 0.3 -0.05 0.25
v 0.3 0.05 0.25
v 0.4 -0.05 0.25
v 0.4 0.05 0.25
v 0.8 -0.15 0.25
v 0.8 -0.05 0.25
v 0.9 -0.15 0.25
v 0.9 -0.05 0.25
v 1.6 -0.15 0.25
v 1.6 -0.05 0.25
v 1.7 -0.15 0.25
v 1.7 -0.05 0.25
v -0.5 -0.15 0.15
v -0.5 -0.05 0.15
v -0.5 0.05 0.15
v -0.4 -0.15 0.15
v -0.4 -0.05 0.15
v -0.4 0.05 0.15
v -0.2 -0.15 0.15
v -0.2 -0.05 0.15
v -0.1 -0.15 0.15
v -0.1 -0.05 0.15
v 0 -0.05 0.15
v 0 0.05 0.15
v 0.0999999 -0.05 0.15
v 0.0999999 0.05 0.15
v 0.2 -0.15 0.15
v 0.2 -0.05 0.15
v 0.3 -0.15 0.15
v 0.3 -0.05 0.15
v 0.6 -0.15 0.15
v 0.6 -0.05 0.15
v 0.7 -0.15 0.15
v 0.7 -0.05 0.15
v 0.8 -0.15 0.15
v 0.8 -0.05 0.15
v 1.4 -0.15 0.15
v 1.4 -0.05 0.15
v 1.5 -0.15 0.15
v 1.5 -0.05 0.15
v -0.4 -0.15 0.05
v -0.4 -0.05 0.05
v -0.3 -0.15 0.05
v -0.3 -0.05 0.05
v 0.2 -0.05 0.05
v 0.2 0.05 0.05
v 0.3 -0.05 0.05
v 0.3 0.05 0.05
v 0.4 -0.15 0.05
v 0.4 -0.05 0.05
v 0.5 -0.15 0.05
v 0.5 -0.05 0.05
v 0.6 -0.15 0.05
v 0.6 -0.05 0.05
v -1.7 -0.15 -0.0500001
v -1.7 -0.05 -0.0500001
v -1.6 -0.15 -0.0500001
v -1.6 -0.05 -0.0500001
v 0.3 -0.15 -0.0500001
v 0.3 -0.05 -0.0500001
v 0.4 -0.15 -0.0500001
v 0.4 -0.05 -0.0500001
v 0.9 -0.15 -0.0500001
v 0.9 -0.05 -0.0500001
v 1 -0.15 -0.0500001
v 1 -0.05 -0.0500001
v -0.9 -0.15 -0.15
v -0.9 -0.05 -0.15
v -0.7 -0.15 -0.15
v -0.7 -0.05 -0.15
v 1.3 -0.15 -0.15
v 1.3 -0.05 -0.15
v 1.4 -0.15 -0.15
v 1.4 -0.05 -0.15
v 1.7 -0.15 -0.15
v 1.7 -0.05 -0.15
v 1.9 -0.15 -0.15
v 1.9 -0.05 -0.15
v -1.2 -0.15 -0.25
v -1.2 -0.05 -0.25
v -1.1 -0.15 -0.25
v -1.1 -0.05 -0.25
v -0.4 -0.15 -0.35
v -0.4 -0.05 -0.35
v -0.2 -0.15 -0.35
v -0.2 -0.05 -0.35
v 1.2 -0.15 -0.35
v 1.2 -0.05 -0.35
v 1.3 -0.15 -0.35
v 1.3 -0.05 -0.35
v 0.2 -0.15 -0.45
v 0.2 -0.05 -0.45
v 0.3 -0.15 -0.45
v 0.3 -0.05 -0.45
v 0.7 -0.15 -0.45
v 0.7 -0.05 -0.45
v 0.8 -0.15 -0.45
v 0.8 -0.05 -0.45
v -1.5 -0.15 -0.65
v -1.5 -0.05 -0.65
v -1.4 -0.15 -0.65
v -1.4 -0.05 -0.65
v -0.6 -0.15 -0.75
v -0.6 -0.05 -0.75
v -0.5 -0.15 -0.75
v -0.5 -0.05 -0.75
v -0.3 -0.15 -0.75
v -0.3 -0.05 -0.75
v -0.2 -0.15 -0.75
v -0.2 -0.05 -0.75
v 0.2 -0.15 -0.85
v 0.2 -0.05 -0.85
v 0.3 -0.15 -0.85
v 0.3 -0.05 -0.85
v 0.6 -0.15 -0.95
v 0.6 -0.05 -0.95
v 0.7 -0.15 -0.95
v 0.7 -0.05 -0.95
v -1.9 -0.15 0.95
v -1.9 -0.05 0.95
v -1.8 -0.15 0.95
v -1.8 -0.05 0.95
v -1.8 0.05 0.95
v -1.7 -0.05 0.95
v -1.7 0.05 0.95
v -1.6 -0.05 0.95
v -1.6 0.05 0.95
v -1.3 0.05 0.95
v -1.3 0.15 0.95
v -1.2 0.05 0.95
v -1.1 0.05 0.95
v -1.1 0.15 0.95
v -1 -0.05 0.95
v -1 0.05 0.95
v -0.9 -0.05 0.95
v -0.9 0.05 0.95
v -0.9 0.15 0.95
v -0.8 -0.05 0.95
v -0.8 0.05 0.95
v -0.6 -0.05 0.95
v -0.6 0.05 0.95
v -0.4 -0.05 0.95
v -0.4 0.05 0.95
v -0.4 0.15 0.95
v -0.3 0.05 0.95
v -0.3 0.15 0.95
v -0.1 0.05 0.95
v -0.1 0.15 0.95
v 0 0.05 0.95
v 0 0.15 0.95
v 0.4 0.05 0.95
v 0.4 0.15 0.95
v 0.5 0.05 0.95
v 0.5 0.15 0.95
v 0.7 -0.05 0.95
v 0.7 0.05 0.95
v 0.7 0.15 0.95
v 0.8 -0.05 0.95
v 0.8 0.05 0.95
v 0.8 0.15 0.95
v 0.9 -0.05 0.95
v 0.9 0.05 0.95
v 0.9 0.15 0.95
v 1 -0.05 0.95
v 1 0.05 0.95
v 1.5 -0.15 0.95
v 1.5 -0.05 0.95
v 1.6 -0.15 0.95
v 1.6 -0.05 0.95
v 1.8 -0.15 0.95
v 1.8 -0.05 0.95
v 1.9 -0.15 0.95
v 1.9 -0.05 0.95
v -2 -0.15 0.85
v -2 -0.05 0.85
v -1.9 -0.15 0.85
v -1.9 -0.05 0.85
v -1.8 -0.15 0.85
v -1.8 -0.05 0.85
v -1.7 -0.15 0.85
v -1.7 -0.05 0.85
v -1.6 -0.05 0.85
v -1.6 0.05 0.85
v -1.5 -0.05 0.85
v -1.5 0.05 0.85
v -1.4 -0.05 0.85
v -1.4 0.05 0.85
v -1.3 -0.05 0.85
v -1.3 0.05 0.85
v -1.2 -0.05 0.85
v -1.2 0.05 0.85
v -1.1 -0.05 0.85
v -1.1 0.05 0.85
v -1 -0.05 0.85
v -1 0.05 0.85
v -0.3 -0.05 0.85
v -0.3 0.05 0.85
v -0.3 0.15 0.85
v -0.2 -0.15 0.85
v -0.2 -0.05 0.85
v -0.2 0.05 0.85
v -0.2 0.15 0.85
v -0.1 -0.15 0.85
v -0.1 -0.05 0.85
v -0.1 0.05 0.85
v -0.1 0.15 0.85
v 0 -0.15 0.85
v 0 -0.05 0.85
v 0.0999999 -0.05 0.85
v 0.0999999 0.15 0.85
v 0.2 -0.05 0.85
v 0.2 0.15 0.85
v 0.6 -0.05 0.85
v 0.6 0.05 0.85
v 0.7 -0.05 0.85
v 0.7 0.05 0.85
v 1 -0.05 0.85
v 1 0.05 0.85
v 1.1 -0.05 0.85
v 1.1 0.05 0.85
v 1.2 -0.05 0.85
v 1.2 0.05 0.85
v 1.3 -0.05 0.85
v 1.3 0.05 0.85
v 1.6 -0.15 0.85
v 1.6 -0.05 0.85
v 1.7 -0.15 0.85
v 1.7 -0.05 0.85
v -1.7 -0.15 0.75
v -1.7 -0.05 0.75
v -1.6 -0.15 0.75
v -1.6 -0.05 0.75
v -1.2 -0.05 0.75
v -1.2 0.05 0.75
v -1.1 -0.05 0.75
v -1.1 0.05 0.75
v -0.9 -0.05 0.75
v -0.9 0.05 0.75
v -0.8 -0.05 0.75
v -0.8 0.05 0.75
v -0.8 0.15 0.75
v -0.7 0.05 0.75
v -0.7 0.15 0.75
v -0.6 0.05 0.75
v -0.6 0.15 0.75
v -0.5 -0.05 0.75
v -0.5 0.05 0.75
v -0.5 0.15 0.75
v -0.4 0.05 0.75
v -0.4 0.15 0.75
v -0.3 -0.05 0.75
v -0.3 0.05 0.75
v 0 0.05 0.75
v 0 0.15 0.75
v 0.0999999 0.05 0.75
v 0.0999999 0.15 0.75
v 0.2 0.05 0.75
v 0.2 0.15 0.75
v 0.3 0.05 0.75
v 0.3 0.15 0.75
v 0.4 -0.05 0.75
v 0.4 0.05 0.75
v 0.5 -0.05 0.75
v 0.6 -0.05 0.75
v 0.6 0.05 0.75
v 0.8 -0.05 0.75
v 0.8 0.05 0.75
v 0.8 0.15 0.75
v 0.9 -0.05 0.75
v 0.9 0.05 0.75
v 0.9 0.15 0.75
v 1.1 -0.05 0.75
v 1.1 0.05 0.75
v 1.2 -0.05 0.75
v 1.2 0.05 0.75
v 1.3 -0.15 0.75
v 1.3 -0.05 0.75
v 1.4 -0.15 0.75
v 1.4 -0.05 0.75
v 1.9 -0.15 0.75
v 1.9 -0.05 0.75
v 2 -0.15 0.75
v 2 -0.05 0.75
v -1.4 -0.05 0.65
v -1.4 0.05 0.65
v -1.3 -0.05 0.65
v -1.3 0.05 0.65
v -0.8 -0.05 0.65
v -0.8 0.05 0.65
v -0.7 -0.05 0.65
v -0.7 0.05 0.65
v -0.6 -0.05 0.65
v -0.6 0.05 0.65
v -0.2 -0.05 0.65
v -0.2 0.05 0.65
v -0.2 0.15 0.65
v -0.1 -0.05 0.65
v -0.1 0.05 0.65
v -0.1 0.15 0.65
v 0 -0.05 0.65
v 0 0.05 0.65
v 0.0999999 -0.05 0.65
v 0.0999999 0.05 0.65
v 0.3 -0.05 0.65
v 0.3 0.05 0.65
v 0.3 0.15 0.65
v 0.4 -0.05 0.65
v 0.4 0.05 0.65
v 0.4 0.15 0.65
v 1.5 -0.15 0.65
v 1.5 -0.05 0.65
v 1.6 -0.15 0.65
v 1.6 -0.05 0.65
v -1.8 -0.15 0.55
v -1.8 -0.05 0.55
v -1.7 -0.15 0.55
v -1.7 -0.05 0.55
v -1.5 -0.05 0.55
v -1.5 0.05 0.55
v -1.4 -0.05 0.55
v -1.4 0.05 0.55
v -1.3 -0.15 0.55
v -1.3 -0.05 0.55
v -1.2 -0.15 0.55
v -1.2 -0.05 0.55
v -1.2 0.05 0.55
v -1.1 -0.15 0.55
v -1.1 -0.05 0.55
v -1 -0.05 0.55
v -1 0.05 0.55
v -0.9 -0.15 0.55
v -0.9 -0.05 0.55
v -0.9 0.05 0.55
v -0.8 -0.15 0.55
v -0.8 -0.05 0.55
v -0.6 -0.05 0.55
v -0.6 0.05 0.55
v -0.5 -0.05 0.55
v -0.5 0.05 0.55
v -0.4 -0.05 0.55
v -0.4 0.05 0.55
v -0.3 -0.05 0.55
v -0.3 0.05 0.55
v -0.3 0.15 0.55
v -0.2 -0.05 0.55
v -0.2 0.05 0.55
v -0.2 0.15 0.55
v -0.1 -0.05 0.55
v -0.1 0.05 0.55
v 0 -0.05 0.55
v 0 0.05 0.55
v 0.0999999 -0.05 0.55
v 0.0999999 0.05 0.55
v 0.2 -0.05 0.55
v 0.2 0.05 0.55
v 0.3 -0.05 0.55
v 0.3 0.05 0.55
v 0.5 -0.15 0.55
v 0.5 -0.05 0.55
v 0.5 0.05 0.55
v 0.6 -0.15 0.55
v 0.6 -0.05 0.55
v 0.6 0.05 0.55
v 0.7 -0.05 0.55
v 0.7 0.05 0.55
v 0.8 -0.05 0.55
v 0.8 0.05 0.55
v 1.4 -0.15 0.55
v 1.4 -0.05 0.55
v 1.5 -0.15 0.55
v 1.5 -0.05 0.55
v 1.8 -0.15 0.55
v 1.8 -0.05 0.55
v 1.9 -0.15 0.55
v 1.9 -0.05 0.55
v -1.6 -0.15 0.45
v -1.6 -0.05 0.45
v -1.5 -0.15 0.45
v -1.5 -0.05 0.45
v -1.1 -0.15 0.45
v -1.1 -0.05 0.45
v -1 -0.15 0.45
v -1 -0.05 0.45
v -0.9 -0.15 0.45
v -0.9 -0.05 0.45
v -0.7 -0.15 0.45
v -0.7 -0.05 0.45
v -0.6 -0.15 0.45
v -0.6 -0.05 0.45
v -0.4 -0.05 0.45
v -0.4 0.05 0.45
v -0.3 -0.05 0.45
v -0.3 0.05 0.45
v -0.2 -0.15 0.45
v -0.2 -0.05 0.45
v -0.1 -0.15 0.45
v -0.1 -0.05 0.45
v 0.3 -0.05 0.45
v 0.3 0.05 0.45
v 0.4 -0.05 0.45
v 0.4 0.05 0.45
v 0.9 -0.15 0.45
v 0.9 -0.05 0.45
v 0.9 0.05 0.45
v 1 -0.15 0.45
v 1 -0.05 0.45
v 1 0.05 0.45
v 1.3 -0.05 0.45
v 1.3 0.05 0.45
v 1.4 -0.05 0.45
v 1.4 0.05 0.45
v 1.7 -0.15 0.45
v 1.7 -0.05 0.45
v 1.8 -0.15 0.45
v 1.8 -0.05 0.45
v -1.4 -0.15 0.35
v -1.4 -0.05 0.35
v -1.3 -0.15 0.35
v -1.3 -0.05 0.35
v -0.9 -0.15 0.35
v -0.9 0.05 0.35
v -0.8 -0.15 0.35
v -0.8 -0.05 0.35
v -0.8 0.05 0.35
v -0.7 -0.05 0.35
v -0.7 0.05 0.35
v -0.6 -0.15 0.35
v -0.6 -0.05 0.35
v -0.5 -0.15 0.35
v -0.5 -0.05 0.35
v -0.4 -0.15 0.35
v -0.4 -0.05 0.35
v -0.3 -0.15 0.35
v -0.3 -0.05 0.35
v -0.3 0.05 0.35
v -0.2 -0.15 0.35
v -0.2 -0.05 0.35
v -0.1 -0.05 0.35
v -0.1 0.05 0.35
v 0 -0.15 0.35
v 0 -0.05 0.35
v 0.0999999 -0.15 0.35
v 0.0999999 -0.05 0.35
v 0.2 -0.15 0.35
v 0.2 -0.05 0.35
v 0.3 -0.15 0.35
v 0.3 -0.05 0.35
v 0.8 -0.15 0.35
v 0.8 -0.05 0.35
v 0.9 -0.15 0.35
v 0.9 -0.05 0.35
v 1.2 -0.05 0.35
v 1.2 0.05 0.35
v 1.3 -0.15 0.35
v 1.3 -0.05 0.35
v 1.3 0.05 0.35
v 1.4 -0.15 0.35
v 1.4 -0.05 0.35
v -1.5 -0.15 0.25
v -1.5 -0.05 0.25
v -1.4 -0.15 0.25
v -1.4 -0.05 0.25
v -1.3 -0.15 0.25
v -1.3 -0.05 0.25
v -1.2 -0.15 0.25
v -1.2 -0.05 0.25
v -0.8 -0.15 0.25
v -0.8 -0.05 0.25
v -0.7 -0.15 0.25
v -0.7 -0.05 0.25
v -0.7 0.05 0.25
v -0.6 -0.05 0.25
v -0.6 0.05 0.25
v -0.2 -0.15 0.25
v -0.2 -0.05 0.25
v -0.1 -0.15 0.25
v -0.1 -0.05 0.25
v -0.1 0.05 0.25
v 0 -0.05 0.25
v 0 0.05 0.25
v 0.0999999 -0.15 0.25
v 0.0999999 -0.05 0.25
v 0.0999999 0.05 0.25
v 0.2 -0.15 0.25
v 0.2 -0.05 0.25
v 0.2 0.05 0.25
v 0.5 -0.15 0.25
v 0.5 -0.05 0.25
v 0.5 0.05 0.25
v 0.6 -0.15 0.25
v 0.6 -0.05 0.25
v 0.6 0.05 0.25
v 0.7 -0.15 0.25
v 0.7 -0.05 0.25
v 0.7 0.05 0.25
v 0.8 -0.15 0.25
v 0.8 -0.05 0.25
v 0.9 -0.05 0.25
v 0.9 0.05 0.25
v 1 -0.15 0.25
v 1 -0.05 0.25
v 1.1 -0.15 0.25
v 1.1 -0.05 0.25
v 1.1 0.05 0.25
v 1.3 -0.15 0.25
v 1.3 -0.05 0.25
v -1.2 -0.15 0.15
v -1.2 -0.05 0.15
v -1.1 -0.15 0.15
v -1.1 -0.05 0.15
v -0.7 -0.15 0.15
v -0.7 -0.05 0.15
v -0.6 -0.15 0.15
v -0.6 -0.05 0.15
v -0.6 0.05 0.15
v -0.5 -0.05 0.15
v -0.5 0.05 0.15
v -0.4 -0.15 0.15
v -0.4 -0.05 0.15
v -0.3 -0.15 0.15
v -0.3 -0.05 0.15
v 0.3 -0.05 0.15
v 0.3 0.05 0.15
v 0.4 -0.15 0.15
v 0.4 -0.05 0.15
v 0.4 0.05 0.15
v 0.5 -0.15 0.15
v 0.5 -0.05 0.15
v 0.5 0.05 0.15
v 0.8 -0.15 0.15
v 0.8 -0.05 0.15
v 0.9 -0.15 0.15
v 0.9 -0.05 0.15
v 1 -0.15 0.15
v 1 -0.05 0.15
v 1.6 -0.15 0.15
v 1.6 -0.05 0.15
v 1.7 -0.15 0.15
v 1.7 -0.05 0.15
v -1.1 -0.15 0.05
v -1.1 -0.05 0.05
v -1 -0.15 0.05
v -1 -0.05 0.05
v -0.6 -0.15 0.05
v -0.6 -0.05 0.05
v -0.5 -0.15 0.05
v -0.5 -0.05 0.05
v -0.5 0.05 0.05
v -0.4 -0.05 0.05
v -0.4 0.05 0.05
v -0.3 -0.15 0.05
v -0.3 -0.05 0.05
v -0.2 -0.15 0.05
v -0.2 -0.05 0.05
v -0.1 -0.15 0.05
v -0.1 -0.05 0.05
v 0 -0.05 0.05
v 0 0.05 0.05
v 0.0999999 -0.05 0.05
v 0.0999999 0.05 0.05
v 0.3 -0.15 0.05
v 0.3 -0.05 0.05
v 0.4 -0.15 0.05
v 0.4 -0.05 0.05
v 0.7 -0.15 0.05
v 0.7 -0.05 0.05
v 0.8 -0.15 0.05
v 0.8 -0.05 0.05
v 1.4 -0.15 0.05
v 1.4 -0.05 0.05
v 1.5 -0.15 0.05
v 1.5 -0.05 0.05
v -0.5 -0.15 -0.0500001
v -0.5 -0.05 -0.0500001
v -0.4 -0.15 -0.0500001
v -0.4 -0.05 -0.0500001
v -0.3 -0.15 -0.0500001
v -0.3 -0.05 -0.0500001
v -0.1 -0.15 -0.0500001
v -0.1 -0.05 -0.0500001
v 0.0999999 -0.15 -0.0500001
v 0.0999999 -0.05 -0.0500001
v 0.2 -0.05 -0.0500001
v 0.2 0.05 -0.0500001
v 0.3 -0.05 -0.0500001
v 0.3 0.05 -0.0500001
v 0.5 -0.15 -0.0500001
v 0.5 -0.05 -0.0500001
v 0.7 -0.15 -0.0500001
v 0.7 -0.05 -0.0500001
v -1.7 -0.15 -0.15
v -1.7 -0.05 -0.15
v -1.6 -0.15 -0.15
v -1.6 -0.05 -0.15
v 0.2 -0.15 -0.15
v 0.2 -0.05 -0.15
v 0.4 -0.15 -0.15
v 0.4 -0.05 -0.15
v 0.5 -0.15 -0.15
v 0.5 -0.05 -0.15
v 0.9 -0.15 -0.15
v 0.9 -0.05 -0.15
v 1 -0.15 -0.15
v 1 -0.05 -0.15
v -0.9 -0.15 -0.25
v -0.9 -0.05 -0.25
v -0.8 -0.15 -0.25
v -0.8 -0.05 -0.25
v 1.7 -0.15 -0.25
v 1.7 -0.05 -0.25
v 1.9 -0.15 -0.25
v 1.9 -0.05 -0.25
v -1.2 -0.15 -0.35
v -1.2 -0.05 -0.35
v -1.1 -0.15 -0.35
v -1.1 -0.05 -0.35
v -0.8 -0.15 -0.35
v -0.8 -0.05 -0.35
v -0.7 -0.15 -0.35
v -0.7 -0.05 -0.35
v -0.4 -0.15 -0.45
v -0.4 -0.05 -0.45
v -0.2 -0.15 -0.45
v -0.2 -0.05 -0.45
v 1.2 -0.15 -0.45
v 1.2 -0.05 -0.45
v 1.3 -0.15 -0.45
v 1.3 -0.05 -0.45
v 1.4 -0.15 -0.45
v 1.4 -0.05 -0.45
v 0.2 -0.15 -0.55
v 0.2 -0.05 -0.55
v 0.3 -0.15 -0.55
v 0.3 -0.05 -0.55
v 0.7 -0.15 -0.55
v 0.7 -0.05 -0.55
v 0.8 -0.15 -0.55
v 0.8 -0.05 -0.55
v -1.5 -0.15 -0.75
v -1.5 -0.05 -0.75
v -1.4 -0.15 -0.75
v -1.4 -0.05 -0.75
v -0.6 -0.15 -0.85
v -0.6 -0.05 -0.85
v -0.5 -0.15 -0.85
v -0.5 -0.05 -0.85
v -0.3 -0.15 -0.95
v -0.3 -0.05 -0.95
v -0.2 -0.15 -0.95
v -0.2 -0.05 -0.95
v 0.2 -0.15 -0.95
v 0.2 -0.05 -0.95
v 0.3 -0.15 -0.95
v 0.3 -0.05 -0.95
v 0.6 -0.15 -1.05
v 0.6 -0.05 -1.05
v 0.7 -0.15 -1.05
v 0.7 -0.05 -1.05
v -1.9 -0.15 1.05
v -1.7 -0.15 1.05
v -1.5 -0.15 1.05
v -1.4 -0.15 1.05
v -1.2 -0.15 1.05
v -1 -0.15 1.05
v -0.9 -0.15 1.05
v -0.8 -0.15 1.05
v -0.7 -0.15 1.05
v -0.6 -0.15 1.05
v -0.3 -0.15 1.05
v -0.2 -0.15 1.05
v -0.1 -0.15 1.05
v 0 -0.15 1.05
v 0.0999999 -0.15 1.05
v 0.2 -0.15 1.05
v 0.4 -0.15 1.05
v 0.7 -0.15 1.05
v 0.9 -0.15 1.05
v 1 -0.15 1.05
v 1.2 -0.15 1.05
v 1.3 -0.15 1.05
v 1.4 -0.15 1.05
v 1.5 -0.15 1.05
v 1.7 -0.15 1.05
v 1.8 -0.15 1.05
v 1.9 -0.15 1.05
v -2 -0.15 0.95
v -1.9 -0.15 0.95
v -1.8 -0.15 0.95
v -1.6 -0.15 0.95
v -1.5 -0.15 0.95
v -1.4 -0.15 0.95
v -1.3 -0.15 0.95
v -1.2 -0.15 0.95
v -1.1 -0.15 0.95
v -1 -0.15 0.95
v -0.9 -0.15 0.95
v -0.8 -0.15 0.95
v -0.7 -0.15 0.95
v -0.6 -0.15 0.95
v -0.3 -0.15 0.95
v -0.1 -0.15 0.95
v 0 -0.15 0.95
v 0.2 -0.15 0.95
v 0.4 -0.15 0.95
v 0.6 -0.15 0.95
v 0.7 -0.15 0.95
v 0.8 -0.15 0.95
v 0.9 -0.15 0.95
v 1 -0.15 0.95
v 1.1 -0.15 0.95
v 1.3 -0.15 0.95
v 1.4 -0.15 0.95
v 1.5 -0.15 0.95
v 1.6 -0.15 0.95
v 1.7 -0.15 0.95
v 1.8 -0.15 0.95
v 1.9 -0.15 0.95
v -2 -0.15 0.85
v -1.9 -0.15 0.85
v -1.8 -0.15 0.85
v -1.7 -0.15 0.85
v -1.6 -0.15 0.85
v -1.5 -0.15 0.85
v -1.4 -0.15 0.85
v -1.3 -0.15 0.85
v -1.2 -0.15 0.85
v -1.1 -0.15 0.85
v -1 -0.15 0.85
v -0.9 -0.15 0.85
v -0.8 -0.15 0.85
v -0.7 -0.15 0.85
v -0.6 -0.15 0.85
v -0.5 -0.15 0.85
v -0.4 -0.15 0.85
v -0.3 -0.15 0.85
v -0.2 -0.15 0.85
v -0.1 -0.15 0.85
v 0 -0.15 0.85
v 0.0999999 -0.15 0.85
v 0.2 -0.15 0.85
v 0.3 -0.15 0.85
v 0.4 -0.15 0.85
v 0.6 -0.15 0.85
v 0.7 -0.15 0.85
v 0.8 -0.15 0.85
v 0.9 -0.15 0.85
v 1 -0.15 0.85
v 1.1 -0.15 0.85
v 1.2 -0.15 0.85
v 1.3 -0.15 0.85
v 1.4 -0.15 0.85
v 1.5 -0.15 0.85
v 1.6 -0.15 0.85
v 1.7 -0.15 0.85
v 1.9 -0.15 0.85
v 2 -0.15 0.85
v -1.7 -0.15 0.75
v -1.6 -0.15 0.75
v -1.5 -0.15 0.75
v -1.4 -0.15 0.75
v -1.2 -0.15 0.75
v -1 -0.15 0.75
v -0.9 -0.15 0.75
v -0.7 -0.15 0.75
v -0.6 -0.15 0.75
v -0.5 -0.15 0.75
v -0.4 -0.15 0.75
v -0.3 -0.15 0.75
v -0.2 -0.15 0.75
v -0.1 -0.15 0.75
v 0 -0.15 0.75
v 0.0999999 -0.15 0.75
v 0.2 -0.15 0.75
v 0.3 -0.15 0.75
v 0.4 -0.15 0.75
v 0.5 -0.15 0.75
v 0.6 -0.15 0.75
v 0.7 -0.15 0.75
v 0.8 -0.15 0.75
v 0.9 -0.15 0.75
v 1 -0.15 0.75
v 1.1 -0.15 0.75
v 1.2 -0.15 0.75
v 1.3 -0.15 0.75
v 1.4 -0.15 0.75
v 1.5 -0.15 0.75
v 1.6 -0.15 0.75
v 1.8 -0.15 0.75
v 1.9 -0.15 0.75
v 2 -0.15 0.75
v -1.8 -0.15 0.65
v -1.7 -0.15 0.65
v -1.6 -0.15 0.65
v -1.5 -0.15 0.65
v -1.4 -0.15 0.65
v -1.3 -0.15 0.65
v -1.2 -0.15 0.65
v -1.1 -0.15 0.65
v -1 -0.15 0.65
v -0.9 -0.15 0.65
v -0.8 -0.15 0.65
v -0.7 -0.15 0.65
v -0.6 -0.15 0.65
v -0.5 -0.15 0.65
v -0.4 -0.15 0.65
v -0.3 -0.15 0.65
v -0.1 -0.15 0.65
v 0 -0.15 0.65
v 0.0999999 -0.15 0.65
v 0.2 -0.15 0.65
v 0.3 -0.15 0.65
v 0.4 -0.15 0.65
v 0.5 -0.15 0.65
v 0.6 -0.15 0.65
v 0.7 -0.15 0.65
v 0.8 -0.15 0.65
v 0.9 -0.15 0.65
v 1 -0.15 0.65
v 1.1 -0.15 0.65
v 1.2 -0.15 0.65
v 1.3 -0.15 0.65
v 1.4 -0.15 0.65
v 1.5 -0.15 0.65
v 1.6 -0.15 0.65
v 1.7 -0.15 0.65
v 1.8 -0.15 0.65
v 1.9 -0.15 0.65
v -1.8 -0.15 0.55
v -1.7 -0.15 0.55
v -1.6 -0.15 0.55
v -1.5 -0.15 0.55
v -1.4 -0.15 0.55
v -1.3 -0.15 0.55
v -1.2 -0.15 0.55
v -1.1 -0.15 0.55
v -1 -0.15 0.55
v -0.9 -0.15 0.55
v -0.8 -0.15 0.55
v -0.7 -0.15 0.55
v -0.6 -0.15 0.55
v -0.5 -0.15 0.55
v -0.4 -0.15 0.55
v -0.3 -0.15 0.55
v -0.2 -0.15 0.55
v -0.1 -0.15 0.55
v 0 -0.15 0.55
v 0.0999999 -0.15 0.55
v 0.2 -0.15 0.55
v 0.3 -0.15 0.55
v 0.4 -0.15 0.55
v 0.5 -0.15 0.55
v 0.6 -0.15 0.55
v 0.7 -0.15 0.55
v 0.8 -0.15 0.55
v 0.9 -0.15 0.55
v 1 -0.15 0.55
v 1.1 -0.15 0.55
v 1.2 -0.15 0.55
v 1.3 -0.15 0.55
v 1.4 -0.15 0.55
v 1.5 -0.15 0.55
v 1.7 -0.15 0.55
v 1.8 -0.15 0.55
v 1.9 -0.15 0.55
v -1.6 -0.15 0.45
v -1.5 -0.15 0.45
v -1.4 -0.15 0.45
v -1.3 -0.15 0.45
v -1.2 -0.15 0.45
v -1.1 -0.15 0.45
v -1 -0.15 0.45
v -0.9 -0.15 0.45
v -0.8 -0.15 0.45
v -0.7 -0.15 0.45
v -0.6 -0.15 0.45
v -0.5 -0.15 0.45
v -0.4 -0.15 0.45
v -0.3 -0.15 0.45
v -0.2 -0.15 0.45
v -0.1 -0.15 0.45
v 0 -0.15 0.45
v 0.0999999 -0.15 0.45
v 0.2 -0.15 0.45
v 0.4 -0.15 0.45
v 0.5 -0.15 0.45
v 0.6 -0.15 0.45
v 0.7 -0.15 0.45
v 0.8 -0.15 0.45
v 0.9 -0.15 0.45
v 1 -0.15 0.45
v 1.1 -0.15 0.45
v 1.2 -0.15 0.45
v 1.3 -0.15 0.45
v 1.4 -0.15 0.45
v 1.7 -0.15 0.45
v 1.8 -0.15 0.45
v -1.4 -0.15 0.35
v -1.3 -0.15 0.35
v -1.2 -0.15 0.35
v -1.1 -0.15 0.35
v -0.9 -0.15 0.35
v -0.8 -0.15 0.35
v -0.7 -0.15 0.35
v -0.6 -0.15 0.35
v -0.5 -0.15 0.35
v -0.4 -0.15 0.35
v -0.3 -0.15 0.35
v -0.2 -0.15 0.35
v -0.1 -0.15 0.35
v 0 -0.15 0.35
v 0.0999999 -0.15 0.35
v 0.2 -0.15 0.35
v 0.3 -0.15 0.35
v 0.6 -0.15 0.35
v 0.7 -0.15 0.35
v 0.8 -0.15 0.35
v 0.9 -0.15 0.35
v 1 -0.15 0.35
v 1.1 -0.15 0.35
v 1.2 -0.15 0.35
v 1.3 -0.15 0.35
v 1.4 -0.15 0.35
v -1.5 -0.15 0.25
v -1.4 -0.15 0.25
v -1.3 -0.15 0.25
v -1.2 -0.15 0.25
v -1.1 -0.15 0.25
v -1 -0.15 0.25
v -0.8 -0.15 0.25
v -0.7 -0.15 0.25
v -0.6 -0.15 0.25
v -0.5 -0.15 0.25
v -0.4 -0.15 0.25
v -0.3 -0.15 0.25
v -0.2 -0.15 0.25
v -0.1 -0.15 0.25
v 0 -0.15 0.25
v 0.0999999 -0.15 0.25
v 0.2 -0.15 0.25
v 0.3 -0.15 0.25
v 0.4 -0.15 0.25
v 0.5 -0.15 0.25
v 0.6 -0.15 0.25
v 0.7 -0.15 0.25
v 0.8 -0.15 0.25
v 0.9 -0.15 0.25
v 1 -0.15 0.25
v 1.1 -0.15 0.25
v 1.3 -0.15 0.25
v 1.6 -0.15 0.25
v 1.7 -0.15 0.25
v -1.2 -0.15 0.15
v -1.1 -0.15 0.15
v -1 -0.15 0.15
v -0.7 -0.15 0.15
v -0.6 -0.15 0.15
v -0.5 -0.15 0.15
v -0.4 -0.15 0.15
v -0.3 -0.15 0.15
v -0.2 -0.15 0.15
v -0.1 -0.15 0.15
v 0 -0.15 0.15
v 0.0999999 -0.15 0.15
v 0.2 -0.15 0.15
v 0.3 -0.15 0.15
v 0.4 -0.15 0.15
v 0.5 -0.15 0.15
v 0.6 -0.15 0.15
v 0.7 -0.15 0.15
v 0.8 -0.15 0.15
v 0.9 -0.15 0.15
v 1 -0.15 0.15
v 1.4 -0.15 0.15
v 1.5 -0.15 0.15
v 1.6 -0.15 0.15
v 1.7 -0.15 0.15
v -1.1 -0.15 0.05
v -1 -0.15 0.05
v -0.6 -0.15 0.05
v -0.5 -0.15 0.05
v -0.4 -0.15 0.05
v -0.3 -0.15 0.05
v -0.2 -0.15 0.05
v -0.1 -0.15 0.05
v 0.3 -0.15 0.05
v 0.4 -0.15 0.05
v 0.5 -0.15 0.05
v 0.6 -0.15 0.05
v 0.7 -0.15 0.05
v 0.8 -0.15 0.05
v 1.4 -0.15 0.05
v 1.5 -0.15 0.05
v -1.7 -0.15 -0.0500001
v -1.6 -0.15 -0.0500001
v -0.5 -0.15 -0.0500001
v -0.4 -0.15 -0.0500001
v -0.3 -0.15 -0.0500001
v -0.1 -0.15 -0.0500001
v 0.0999999 -0.15 -0.0500001
v 0.3 -0.15 -0.0500001
v 0.4 -0.15 -0.0500001
v 0.5 -0.15 -0.0500001
v 0.7 -0.15 -0.0500001
v 0.9 -0.15 -0.0500001
v 1 -0.15 -0.0500001
v -1.7 -0.15 -0.15
v -1.6 -0.15 -0.15
v -0.9 -0.15 -0.15
v -0.7 -0.15 -0.15
v 0.2 -0.15 -0.15
v 0.4 -0.15 -0.15
v 0.5 -0.15 -0.15
v 0.9 -0.15 -0.15
v 1 -0.15 -0.15
v 1.3 -0.15 -0.15
v 1.4 -0.15 -0.15
v 1.7 -0.15 -0.15
v 1.9 -0.15 -0.15
v -1.2 -0.15 -0.25
v -1.1 -0.15 -0.25
v -0.9 -0.15 -0.25
v -0.8 -0.15 -0.25
v -0.7 -0.15 -0.25
v 1.3 -0.15 -0.25
v 1.4 -0.15 -0.25
v 1.7 -0.15 -0.25
v 1.9 -0.15 -0.25
v -1.2 -0.15 -0.35
v -1.1 -0.15 -0.35
v -0.8 -0.15 -0.35
v -0.7 -0.15 -0.35
v -0.4 -0.15 -0.35
v -0.2 -0.15 -0.35
v 1.2 -0.15 -0.35
v 1.3 -0.15 -0.35
v -0.4 -0.15 -0.45
v -0.2 -0.15 -0.45
v 0.2 -0.15 -0.45
v 0.3 -0.15 -0.45
v 0.7 -0.15 -0.45
v 0.8 -0.15 -0.45
v 1.2 -0.15 -0.45
v 1.3 -0.15 -0.45
v 1.4 -0.15 -0.45
v 0.2 -0.15 -0.55
v 0.3 -0.15 -0.55
v 0.7 -0.15 -0.55
v 0.8 -0.15 -0.55
v -1.5 -0.15 -0.65
v -1.4 -0.15 -0.65
v -1.5 -0.15 -0.75
v -1.4 -0.15 -0.75
v -0.6 -0.15 -0.75
v -0.5 -0.15 -0.75
v -0.3 -0.15 -0.75
v -0.2 -0.15 -0.75
v -0.6 -0.15 -0.85
v -0.5 -0.15 -0.85
v -0.3 -0.15 -0.85
v -0.2 -0.15 -0.85
v 0.2 -0.15 -0.85
v 0.3 -0.15 -0.85
v -0.3 -0.15 -0.95
v -0.2 -0.15 -0.95
v 0.2 -0.15 -0.95
v 0.3 -0.15 -0.95
v 0.6 -0.15 -0.95
v 0.7 -0.15 -0.95
v 0.6 -0.15 -1.05
v 0.7 -0.15 -1.05
v -0.2 -0.05 0.85
v -0.1 -0.05 0.85
v 0 -0.05 0.85
v -0.2 -0.05 0.75
v -0.1 -0.05 0.75
v 0 -0.05 0.75
v -0.2 -0.05 0.45
v -0.1 -0.05 0.45
v -0.2 -0.05 0.35
v -0.1 -0.05 0.35
v -0.4 0.05 1.05
v -0.3 0.05 1.05
v -0.4 0.05 0.95
v -0.3 0.05 0.95
v -1.9 -0.05 1.05
v -1.8 -0.05 1.05
v -1.5 -0.05 1.05
v -1.4 -0.05 1.05
v -0.8 -0.05 1.05
v -0.7 -0.05 1.05
v -0.6 -0.05 1.05
v -0.4 -0.05 1.05
v -0.3 -0.05 1.05
v 1 -0.05 1.05
v 1.2 -0.05 1.05
v 1.3 -0.05 1.05
v 1.4 -0.05 1.05
v 1.5 -0.05 1.05
v 1.7 -0.05 1.05
v 1.8 -0.05 1.05
v 1.9 -0.05 1.05
v -2 -0.05 0.95
v -1.9 -0.05 0.95
v -1.8 -0.05 0.95
v -1.7 -0.05 0.95
v -1.6 -0.05 0.95
v -1.5 -0.05 0.95
v -1.4 -0.05 0.95
v -1 -0.05 0.95
v -0.9 -0.05 0.95
v -0.8 -0.05 0.95
v -0.7 -0.05 0.95
v -0.6 -0.05 0.95
v -0.4 -0.05 0.95
v -0.3 -0.05 0.95
v 0.7 -0.05 0.95
v 0.8 -0.05 0.95
v 0.9 -0.05 0.95
v 1 -0.05 0.95
v 1.1 -0.05 0.95
v 1.2 -0.05 0.95
v 1.3 -0.05 0.95
v 1.4 -0.05 0.95
v 1.5 -0.05 0.95
v 1.6 -0.05 0.95
v 1.7 -0.05 0.95
v 1.8 -0.05 0.95
v 1.9 -0.05 0.95
v -2 -0.05 0.85
v -1.9 -0.05 0.85
v -1.8 -0.05 0.85
v -1.7 -0.05 0.85
v -1.6 -0.05 0.85
v -1.5 -0.05 0.85
v -1.4 -0.05 0.85
v -1.3 -0.05 0.85
v -1.2 -0.05 0.85
v -1.1 -0.05 0.85
v -1 -0.05 0.85
v -0.9 -0.05 0.85
v -0.8 -0.05 0.85
v -0.6 -0.05 0.85
v -0.5 -0.05 0.85
v -0.4 -0.05 0.85
v -0.3 -0.05 0.85
v -0.2 -0.05 0.85
v 0.0999999 -0.05 0.85
v 0.2 -0.05 0.85
v 0.6 -0.05 0.85
v 0.7 -0.05 0.85
v 0.8 -0.05 0.85
v 0.9 -0.05 0.85
v 1 -0.05 0.85
v 1.1 -0.05 0.85
v 1.2 -0.05 0.85
v 1.3 -0.05 0.85
v 1.4 -0.05 0.85
v 1.5 -0.05 0.85
v 1.6 -0.05 0.85
v 1.7 -0.05 0.85
v 1.9 -0.05 0.85
v 2 -0.05 0.85
v -1.7 -0.05 0.75
v -1.6 -0.05 0.75
v -1.5 -0.05 0.75
v -1.4 -0.05 0.75
v -1.3 -0.05 0.75
v -1.2 -0.05 0.75
v -1.1 -0.05 0.75
v -1 -0.05 0.75
v -0.9 -0.05 0.75
v -0.8 -0.05 0.75
v -0.5 -0.05 0.75
v -0.3 -0.05 0.75
v -0.2 -0.05 0.75
v 0.0999999 -0.05 0.75
v 0.2 -0.05 0.75
v 0.4 -0.05 0.75
v 0.5 -0.05 0.75
v 0.6 -0.05 0.75
v 0.7 -0.05 0.75
v 0.8 -0.05 0.75
v 0.9 -0.05 0.75
v 1 -0.05 0.75
v 1.1 -0.05 0.75
v 1.2 -0.05 0.75
v 1.3 -0.05 0.75
v 1.4 -0.05 0.75
v 1.5 -0.05 0.75
v 1.6 -0.05 0.75
v 1.8 -0.05 0.75
v 1.9 -0.05 0.75
v 2 -0.05 0.75
v -1.8 -0.05 0.65
v -1.7 -0.05 0.65
v -1.6 -0.05 0.65
v -1.5 -0.05 0.65
v -1.4 -0.05 0.65
v -1.3 -0.05 0.65
v -1.2 -0.05 0.65
v -1 -0.05 0.65
v -0.9 -0.05 0.65
v -0.8 -0.05 0.65
v -0.7 -0.05 0.65
v -0.6 -0.05 0.65
v -0.5 -0.05 0.65
v -0.4 -0.05 0.65
v -0.3 -0.05 0.65
v -0.2 -0.05 0.65
v -0.1 -0.05 0.65
v 0 -0.05 0.65
v 0.0999999 -0.05 0.65
v 0.3 -0.05 0.65
v 0.4 -0.05 0.65
v 0.5 -0.05 0.65
v 0.6 -0.05 0.65
v 0.8 -0.05 0.65
v 0.9 -0.05 0.65
v 1 -0.05 0.65
v 1.1 -0.05 0.65
v 1.2 -0.05 0.65
v 1.3 -0.05 0.65
v 1.4 -0.05 0.65
v 1.5 -0.05 0.65
v 1.6 -0.05 0.65
v 1.7 -0.05 0.65
v 1.8 -0.05 0.65
v 1.9 -0.05 0.65
v -1.8 -0.05 0.55
v -1.7 -0.05 0.55
v -1.6 -0.05 0.55
v -1.5 -0.05 0.55
v -1.4 -0.05 0.55
v -1.3 -0.05 0.55
v -1.2 -0.05 0.55
v -1.1 -0.05 0.55
v -1 -0.05 0.55
v -0.9 -0.05 0.55
v -0.8 -0.05 0.55
v -0.7 -0.05 0.55
v -0.6 -0.05 0.55
v -0.5 -0.05 0.55
v -0.4 -0.05 0.55
v -0.3 -0.05 0.55
v -0.2 -0.05 0.55
v -0.1 -0.05 0.55
v 0 -0.05 0.55
v 0.0999999 -0.05 0.55
v 0.2 -0.05 0.55
v 0.3 -0.05 0.55
v 0.4 -0.05 0.55
v 0.5 -0.05 0.55
v 0.6 -0.05 0.55
v 0.7 -0.05 0.55
v 0.8 -0.05 0.55
v 0.9 -0.05 0.55
v 1 -0.05 0.55
v 1.1 -0.05 0.55
v 1.2 -0.05 0.55
v 1.3 -0.05 0.55
v 1.4 -0.05 0.55
v 1.5 -0.05 0.55
v 1.7 -0.05 0.55
v 1.8 -0.05 0.55
v 1.9 -0.05 0.55
v -1.6 -0.05 0.45
v -1.5 -0.05 0.45
v -1.4 -0.05 0.45
v -1.3 -0.05 0.45
v -1.2 -0.05 0.45
v -1.1 -0.05 0.45
v -1 -0.05 0.45
v -0.9 -0.05 0.45
v -0.8 -0.05 0.45
v -0.7 -0.05 0.45
v -0.6 -0.05 0.45
v -0.5 -0.05 0.45
v -0.4 -0.05 0.45
v -0.3 -0.05 0.45
v -0.2 -0.05 0.45
v -0.1 -0.05 0.45
v 0 -0.05 0.45
v 0.0999999 -0.05 0.45
v 0.2 -0.05 0.45
v 0.3 -0.05 0.45
v 0.4 -0.05 0.45
v 0.5 -0.05 0.45
v 0.6 -0.05 0.45
v 0.7 -0.05 0.45
v 0.8 -0.05 0.45
v 0.9 -0.05 0.45
v 1 -0.05 0.45
v 1.1 -0.05 0.45
v 1.2 -0.05 0.45
v 1.3 -0.05 0.45
v 1.4 -0.05 0.45
v 1.7 -0.05 0.45
v 1.8 -0.05 0.45
v -1.4 -0.05 0.35
v -1.3 -0.05 0.35
v -1.2 -0.05 0.35
v -1.1 -0.05 0.35
v -0.8 -0.05 0.35
v -0.7 -0.05 0.35
v -0.6 -0.05 0.35
v -0.5 -0.05 0.35
v -0.4 -0.05 0.35
v -0.3 -0.05 0.35
v -0.2 -0.05 0.35
v -0.1 -0.05 0.35
v 0 -0.05 0.35
v 0.0999999 -0.05 0.35
v 0.2 -0.05 0.35
v 0.3 -0.05 0.35
v 0.4 -0.05 0.35
v 0.6 -0.05 0.35
v 0.7 -0.05 0.35
v 0.8 -0.05 0.35
v 0.9 -0.05 0.35
v 1 -0.05 0.35
v 1.1 -0.05 0.35
v 1.2 -0.05 0.35
v 1.3 -0.05 0.35
v 1.4 -0.05 0.35
v -1.5 -0.05 0.25
v -1.4 -0.05 0.25
v -1.3 -0.05 0.25
v -1.2 -0.05 0.25
v -1.1 -0.05 0.25
v -1 -0.05 0.25
v -0.8 -0.05 0.25
v -0.7 -0.05 0.25
v -0.6 -0.05 0.25
v -0.4 -0.05 0.25
v -0.3 -0.05 0.25
v -0.2 -0.05 0.25
v -0.1 -0.05 0.25
v 0 -0.05 0.25
v 0.0999999 -0.05 0.25
v 0.3 -0.05 0.25
v 0.4 -0.05 0.25
v 0.7 -0.05 0.25
v 0.8 -0.05 0.25
v 0.9 -0.05 0.25
v 1 -0.05 0.25
v 1.1 -0.05 0.25
v 1.3 -0.05 0.25
v 1.6 -0.05 0.25
v 1.7 -0.05 0.25
v -1.2 -0.05 0.15
v -1.1 -0.05 0.15
v -1 -0.05 0.15
v -0.7 -0.05 0.15
v -0.6 -0.05 0.15
v -0.5 -0.05 0.15
v -0.4 -0.05 0.15
v -0.3 -0.05 0.15
v -0.2 -0.05 0.15
v -0.1 -0.05 0.15
v 0 -0.05 0.15
v 0.0999999 -0.05 0.15
v 0.2 -0.05 0.15
v 0.3 -0.05 0.15
v 0.4 -0.05 0.15
v 0.6 -0.05 0.15
v 0.7 -0.05 0.15
v 0.8 -0.05 0.15
v 0.9 -0.05 0.15
v 1 -0.05 0.15
v 1.4 -0.05 0.15
v 1.5 -0.05 0.15
v 1.6 -0.05 0.15
v 1.7 -0.05 0.15
v -1.1 -0.05 0.05
v -1 -0.05 0.05
v -0.6 -0.05 0.05
v -0.5 -0.05 0.05
v -0.4 -0.05 0.05
v -0.3 -0.05 0.05
v -0.2 -0.05 0.05
v -0.1 -0.05 0.05
v 0 -0.05 0.05
v 0.0999999 -0.05 0.05
v 0.2 -0.05 0.05
v 0.3 -0.05 0.05
v 0.4 -0.05 0.05
v 0.5 -0.05 0.05
v 0.6 -0.05 0.05
v 0.7 -0.05 0.05
v 0.8 -0.05 0.05
v 1.4 -0.05 0.05
v 1.5 -0.05 0.05
v -1.7 -0.05 -0.0500001
v -1.6 -0.05 -0.0500001
v -0.5 -0.05 -0.0500001
v -0.4 -0.05 -0.0500001
v -0.3 -0.05 -0.0500001
v -0.1 -0.05 -0.0500001
v 0.0999999 -0.05 -0.0500001
v 0.2 -0.05 -0.0500001
v 0.3 -0.05 -0.0500001
v 0.4 -0.05 -0.0500001
v 0.5 -0.05 -0.0500001
v 0.7 -0.05 -0.0500001
v 0.9 -0.05 -0.0500001
v 1 -0.05 -0.0500001
v -1.7 -0.05 -0.15
v -1.6 -0.05 -0.15
v -0.9 -0.05 -0.15
v -0.7 -0.05 -0.15
v 0.2 -0.05 -0.15
v 0.4 -0.05 -0.15
v 0.5 -0.05 -0.15
v 0.9 -0.05 -0.15
v 1 -0.05 -0.15
v 1.3 -0.05 -0.15
v 1.4 -0.05 -0.15
v 1.7 -0.05 -0.15
v 1.9 -0.05 -0.15
v -1.2 -0.05 -0.25
v -1.1 -0.05 -0.25
v -0.9 -0.05 -0.25
v -0.8 -0.05 -0.25
v -0.7 -0.05 -0.25
v 1.3 -0.05 -0.25
v 1.4 -0.05 -0.25
v 1.7 -0.05 -0.25
v 1.9 -0.05 -0.25
v -1.2 -0.05 -0.35
v -1.1 -0.05 -0.35
v -0.8 -0.05 -0.35
v -0.7 -0.05 -0.35
v -0.4 -0.05 -0.35
v -0.2 -0.05 -0.35
v 1.2 -0.05 -0.35
v 1.3 -0.05 -0.35
v -0.4 -0.05 -0.45
v -0.2 -0.05 -0.45
v 0.2 -0.05 -0.45
v 0.3 -0.05 -0.45
v 0.7 -0.05 -0.45
v 0.8 -0.05 -0.45
v 1.2 -0.05 -0.45
v 1.3 -0.05 -0.45
v 1.4 -0.05 -0.45
v 0.2 -0.05 -0.55
v 0.3 -0.05 -0.55
v 0.7 -0.05 -0.55
v 0.8 -0.05 -0.55
v -1.5 -0.05 -0.65
v -1.4 -0.05 -0.65
v -1.5 -0.05 -0.75
v -1.4 -0.05 -0.75
v -0.6 -0.05 -0.75
v -0.5 -0.05 -0.75
v -0.3 -0.05 -0.75
v -0.2 -0.05 -0.75
v -0.6 -0.05 -0.85
v -0.5 -0.05 -0.85
v -0.3 -0.05 -0.85
v -0.2 -0.05 -0.85
v 0.2 -0.05 -0.85
v 0.3 -0.05 -0.85
v -0.3 -0.05 -0.95
v -0.2 -0.05 -0.95
v 0.2 -0.05 -0.95
v 0.3 -0.05 -0.95
v 0.6 -0.05 -0.95
v 0.7 -0.05 -0.95
v 0.6 -0.05 -1.05
v 0.7 -0.05 -1.05
v -1.8 0.05 1.05
v -1.7 0.05 1.05
v -1.6 0.05 1.05
v -1.5 0.05 1.05
v -1.4 0.05 1.05
v -1.3 0.05 1.05
v -0.9 0.05 1.05
v -0.8 0.05 1.05
v -0.6 0.05 1.05
v -0.4 0.05 1.05
v -0.3 0.05 1.05
v -0.2 0.05 1.05
v -0.1 0.05 1.05
v 0 0.05 1.05
v 0.0999999 0.05 1.05
v 0.2 0.05 1.05
v 0.3 0.05 1.05
v 0.4 0.05 1.05
v 0.7 0.05 1.05
v 0.8 0.05 1.05
v 0.9 0.05 1.05
v 1 0.05 1.05
v -1.8 0.05 0.95
v -1.7 0.05 0.95
v -1.6 0.05 0.95
v -1.4 0.05 0.95
v -1.3 0.05 0.95
v -1.2 0.05 0.95
v -1.1 0.05 0.95
v -1 0.05 0.95
v -0.9 0.05 0.95
v -0.8 0.05 0.95
v -0.6 0.05 0.95
v -0.4 0.05 0.95
v -0.3 0.05 0.95
v -0.2 0.05 0.95
v -0.1 0.05 0.95
v 0 0.05 0.95
v 0.0999999 0.05 0.95
v 0.2 0.05 0.95
v 0.3 0.05 0.95
v 0.4 0.05 0.95
v 0.5 0.05 0.95
v 0.7 0.05 0.95
v 0.8 0.05 0.95
v 0.9 0.05 0.95
v 1 0.05 0.95
v 1.1 0.05 0.95
v 1.2 0.05 0.95
v 1.3 0.05 0.95
v -1.6 0.05 0.85
v -1.5 0.05 0.85
v -1.4 0.05 0.85
v -1.3 0.05 0.85
v -1.2 0.05 0.85
v -1.1 0.05 0.85
v -1 0.05 0.85
v -0.9 0.05 0.85
v -0.8 0.05 0.85
v -0.7 0.05 0.85
v -0.6 0.05 0.85
v -0.4 0.05 0.85
v -0.3 0.05 0.85
v -0.2 0.05 0.85
v -0.1 0.05 0.85
v 0 0.05 0.85
v 0.2 0.05 0.85
v 0.3 0.05 0.85
v 0.4 0.05 0.85
v 0.6 0.05 0.85
v 0.7 0.05 0.85
v 1 0.05 0.85
v 1.1 0.05 0.85
v 1.2 0.05 0.85
v 1.3 0.05 0.85
v -1.5 0.05 0.75
v -1.4 0.05 0.75
v -1.3 0.05 0.75
v -1.2 0.05 0.75
v -1.1 0.05 0.75
v -1 0.05 0.75
v -0.9 0.05 0.75
v -0.8 0.05 0.75
v -0.7 0.05 0.75
v -0.6 0.05 0.75
v -0.5 0.05 0.75
v -0.4 0.05 0.75
v -0.3 0.05 0.75
v -0.2 0.05 0.75
v -0.1 0.05 0.75
v 0 0.05 0.75
v 0.0999999 0.05 0.75
v 0.2 0.05 0.75
v 0.3 0.05 0.75
v 0.4 0.05 0.75
v 0.6 0.05 0.75
v 0.7 0.05 0.75
v 0.8 0.05 0.75
v 1.1 0.05 0.75
v 1.2 0.05 0.75
v -1.5 0.05 0.65
v -1.4 0.05 0.65
v -1.3 0.05 0.65
v -1.2 0.05 0.65
v -1 0.05 0.65
v -0.9 0.05 0.65
v -0.8 0.05 0.65
v -0.7 0.05 0.65
v -0.6 0.05 0.65
v -0.5 0.05 0.65
v -0.4 0.05 0.65
v -0.1 0.05 0.65
v 0 0.05 0.65
v 0.0999999 0.05 0.65
v 0.2 0.05 0.65
v 0.3 0.05 0.65
v 0.5 0.05 0.65
v 0.6 0.05 0.65
v 0.7 0.05 0.65
v 0.8 0.05 0.65
v 0.9 0.05 0.65
v 1 0.05 0.65
v -1.5 0.05 0.55
v -1.4 0.05 0.55
v -1.2 0.05 0.55
v -1 0.05 0.55
v -0.9 0.05 0.55
v -0.6 0.05 0.55
v -0.5 0.05 0.55
v -0.4 0.05 0.55
v -0.3 0.05 0.55
v -0.1 0.05 0.55
v 0 0.05 0.55
v 0.0999999 0.05 0.55
v 0.2 0.05 0.55
v 0.3 0.05 0.55
v 0.4 0.05 0.55
v 0.5 0.05 0.55
v 0.6 0.05 0.55
v 0.7 0.05 0.55
v 0.8 0.05 0.55
v 0.9 0.05 0.55
v 1 0.05 0.55
v 1.2 0.05 0.55
v 1.3 0.05 0.55
v 1.4 0.05 0.55
v -0.9 0.05 0.45
v -0.8 0.05 0.45
v -0.7 0.05 0.45
v -0.4 0.05 0.45
v -0.3 0.05 0.45
v -0.1 0.05 0.45
v 0.3 0.05 0.45
v 0.4 0.05 0.45
v 0.6 0.05 0.45
v 0.9 0.05 0.45
v 1 0.05 0.45
v 1.2 0.05 0.45
v 1.3 0.05 0.45
v 1.4 0.05 0.45
v -0.9 0.05 0.35
v -0.8 0.05 0.35
v -0.7 0.05 0.35
v -0.6 0.05 0.35
v -0.3 0.05 0.35
v -0.1 0.05 0.35
v 0 0.05 0.35
v 0.0999999 0.05 0.35
v 0.2 0.05 0.35
v 0.5 0.05 0.35
v 0.6 0.05 0.35
v 0.7 0.05 0.35
v 0.9 0.05 0.35
v 1.1 0.05 0.35
v 1.2 0.05 0.35
v 1.3 0.05 0.35
v -0.7 0.05 0.25
v -0.6 0.05 0.25
v -0.5 0.05 0.25
v -0.1 0.05 0.25
v 0 0.05 0.25
v 0.0999999 0.05 0.25
v 0.2 0.05 0.25
v 0.3 0.05 0.25
v 0.4 0.05 0.25
v 0.5 0.05 0.25
v 0.6 0.05 0.25
v 0.7 0.05 0.25
v 0.9 0.05 0.25
v 1.1 0.05 0.25
v -0.6 0.05 0.15
v -0.5 0.05 0.15
v -0.4 0.05 0.15
v 0 0.05 0.15
v 0.0999999 0.05 0.15
v 0.3 0.05 0.15
v 0.4 0.05 0.15
v 0.5 0.05 0.15
v -0.5 0.05 0.05
v -0.4 0.05 0.05
v 0 0.05 0.05
v 0.0999999 0.05 0.05
v 0.2 0.05 0.05
v 0.3 0.05 0.05
v 0.2 0.05 -0.0500001
v 0.3 0.05 -0.0500001
v -1.3 0.15 1.05
v -1.1 0.15 1.05
v -0.9 0.15 1.05
v -0.4 0.15 1.05
v -0.3 0.15 1.05
v -0.1 0.15 1.05
v 0 0.15 1.05
v 0.0999999 0.15 1.05
v 0.2 0.15 1.05
v 0.4 0.15 1.05
v 0.5 0.15 1.05
v 0.7 0.15 1.05
v 0.8 0.15 1.05
v 0.9 0.15 1.05
v -1.3 0.15 0.95
v -1.1 0.15 0.95
v -0.9 0.15 0.95
v -0.4 0.15 0.95
v -0.3 0.15 0.95
v -0.2 0.15 0.95
v -0.1 0.15 0.95
v 0 0.15 0.95
v 0.0999999 0.15 0.95
v 0.2 0.15 0.95
v 0.3 0.15 0.95
v 0.4 0.15 0.95
v 0.5 0.15 0.95
v 0.7 0.15 0.95
v 0.8 0.15 0.95
v 0.9 0.15 0.95
v -0.8 0.15 0.85
v -0.7 0.15 0.85
v -0.6 0.15 0.85
v -0.5 0.15 0.85
v -0.4 0.15 0.85
v -0.3 0.15 0.85
v -0.2 0.15 0.85
v -0.1 0.15 0.85
v 0 0.15 0.85
v 0.0999999 0.15 0.85
v 0.2 0.15 0.85
v 0.3 0.15 0.85
v 0.8 0.15 0.85
v 0.9 0.15 0.85
v -0.8 0.15 0.75
v -0.7 0.15 0.75
v -0.6 0.15 0.75
v -0.5 0.15 0.75
v -0.4 0.15 0.75
v -0.2 0.15 0.75
v -0.1 0.15 0.75
v 0 0.15 0.75
v 0.0999999 0.15 0.75
v 0.2 0.15 0.75
v 0.3 0.15 0.75
v 0.4 0.15 0.75
v 0.8 0.15 0.75
v 0.9 0.15 0.75
v -0.3 0.15 0.65
v -0.2 0.15 0.65
v -0.1 0.15 0.65
v 0.3 0.15 0.65
v 0.4 0.15 0.65
v -0.3 0.15 0.55
v -0.2 0.15 0.55

# faces
f 3/1/1 2/1/1 1/1/1
f 4/1/1 2/1/1 3/1/1
f 7/1/1 6/1/1 5/1/1
f 8/1/1 6/1/1 7/1/1
f 14/1/1 10/1/1 9/1/1
f 15/1/1 10/1/1 14/1/1
f 16/2/1 12/2/1 11/2/1
f 17/2/1 12/2/1 16/2/1
f 18/2/1 14/2/1 13/2/1
f 19/2/1 14/2/1 18/2/1
f 24/1/1 21/1/1 20/1/1
f 25/1/1 21/1/1 24/1/1
f 26/3/1 23/3/1 22/3/1
f 27/3/1 23/3/1 26/3/1
f 34/2/1 29/2/1 28/2/1
f 35/1/1 30/1/1 29/1/1
f 35/2/1 29/2/1 34/2/1
f 36/2/1 31/2/1 30/2/1
f 36/1/1 30/1/1 35/1/1
f 37/2/1 31/2/1 36/2/1
f 38/3/1 33/3/1 32/3/1
f 39/3/1 33/3/1 38/3/1
f 47/1/1 41/1/1 40/1/1
f 48/1/1 41/1/1 47/1/1
f 49/2/1 43/2/1 42/2/1
f 50/2/1 43/2/1 49/2/1
f 51/3/1 45/3/1 44/3/1
f 52/2/1 46/2/1 45/2/1
f 52/3/1 45/3/1 51/3/1
f 53/2/1 46/2/1 52/2/1
f 57/2/1 55/2/1 54/2/1
f 58/1/1 56/1/1 55/1/1
f 58/2/1 55/2/1 57/2/1
f 59/1/1 56/1/1 58/1/1
f 62/2/1 61/2/1 60/2/1
f 63/2/1 61/2/1 62/2/1
f 66/1/1 65/1/1 64/1/1
f 67/1/1 65/1/1 66/1/1
f 76/3/1 69/3/1 68/3/1
f 77/3/1 69/3/1 76/3/1
f 78/2/1 71/2/1 70/2/1
f 79/2/1 71/2/1 78/2/1
f 80/1/1 73/1/1 72/1/1
f 81/1/1 73/1/1 80/1/1
f 82/2/1 75/2/1 74/2/1
f 83/2/1 75/2/1 82/2/1
f 88/2/1 85/2/1 84/2/1
f 89/2/1 85/2/1 88/2/1
f 90/2/1 87/2/1 86/2/1
f 91/2/1 87/2/1 90/2/1
f 94/3/1 93/3/1 92/3/1
f 95/3/1 93/3/1 94/3/1
f 102/2/1 97/2/1 96/2/1
f 103/2/1 99/2/1 98/2/1
f 104/2/1 99/2/1 103/2/1
f 105/3/1 101/3/1 100/3/1
f 106/3/1 101/3/1 105/3/1
f 107/2/1 97/2/1 102/2/1
f 108/2/1 97/2/1 107/2/1
f 119/3/1 110/3/1 109/3/1
f 120/3/1 110/3/1 119/3/1
f 121/1/1 112/1/1 111/1/1
f 122/1/1 112/1/1 121/1/1
f 123/3/1 114/3/1 113/3/1
f 124/3/1 114/3/1 123/3/1
f 125/1/1 116/1/1 115/1/1
f 126/1/1 116/1/1 125/1/1
f 127/2/1 118/2/1 117/2/1
f 128/2/1 118/2/1 127/2/1
f 129/1/1 127/1/1 126/1/1
f 130/1/1 127/1/1 129/1/1
f 134/3/1 132/3/1 131/3/1
f 135/3/1 132/3/1 134/3/1
f 136/2/1 134/2/1 133/2/1
f 137/2/1 134/2/1 136/2/1
f 148/1/1 139/1/1 138/1/1
f 149/1/1 139/1/1 148/1/1
f 151/2/1 141/2/1 140/2/1
f 152/2/1 141/2/1 151/2/1
f 153/3/1 143/3/1 142/3/1
f 154/3/1 143/3/1 153/3/1
f 155/2/1 145/2/1 144/2/1
f 156/2/1 145/2/1 155/2/1
f 157/3/1 147/3/1 146/3/1
f 158/3/1 147/3/1 157/3/1
f 159/1/1 151/1/1 150/1/1
f 160/1/1 151/1/1 159/1/1
f 164/1/1 162/1/1 161/1/1
f 165/1/1 162/1/1 164/1/1
f 166/2/1 164/2/1 163/2/1
f 167/2/1 164/2/1 166/2/1
f 177/2/1 169/2/1 168/2/1
f 178/1/1 170/1/1 169/1/1
f 178/2/1 169/2/1 177/2/1
f 179/1/1 170/1/1 178/1/1
f 180/2/1 172/2/1 171/2/1
f 181/2/1 172/2/1 180/2/1
f 183/1/1 174/1/1 173/1/1
f 184/1/1 174/1/1 183/1/1
f 185/1/1 176/1/1 175/1/1
f 186/1/1 176/1/1 185/1/1
f 187/2/1 183/2/1 182/2/1
f 188/2/1 183/2/1 187/2/1
f 200/3/1 190/3/1 189/3/1
f 201/3/1 190/3/1 200/3/1
f 202/1/1 192/1/1 191/1/1
f 203/3/1 193/3/1 192/3/1
f 203/1/1 192/1/1 202/1/1
f 204/3/1 193/3/1 203/3/1
f 205/1/1 195/1/1 194/1/1
f 206/1/1 195/1/1 205/1/1
f 208/3/1 197/3/1 196/3/1
f 209/3/1 197/3/1 208/3/1
f 210/2/1 199/2/1 198/2/1
f 211/2/1 199/2/1 210/2/1
f 212/2/1 207/2/1 206/2/1
f 213/2/1 207/2/1 212/2/1
f 214/2/1 209/2/1 208/2/1
f 215/2/1 209/2/1 214/2/1
f 221/1/1 217/1/1 216/1/1
f 222/1/1 217/1/1 221/1/1
f 223/1/1 220/1/1 219/1/1
f 223/1/1 219/1/1 218/1/1
f 224/1/1 220/1/1 223/1/1
f 225/1/1 220/1/1 224/1/1
f 226/1/1 225/1/1 224/1/1
f 227/1/1 225/1/1 226/1/1
f 236/3/1 229/3/1 228/3/1
f 237/3/1 229/3/1 236/3/1
f 238/3/1 231/3/1 230/3/1
f 239/3/1 231/3/1 238/3/1
f 240/3/1 233/3/1 232/3/1
f 241/3/1 233/3/1 240/3/1
f 244/3/1 235/3/1 234/3/1
f 245/3/1 235/3/1 244/3/1
f 246/2/1 238/2/1 237/2/1
f 247/2/1 238/2/1 246/2/1
f 248/2/1 243/2/1 242/2/1
f 249/2/1 243/2/1 248/2/1
f 252/2/1 251/2/1 250/2/1
f 253/2/1 251/2/1 252/2/1
f 259/3/1 255/3/1 254/3/1
f 260/3/1 255/3/1 259/3/1
f 261/2/1 257/2/1 256/2/1
f 262/1/1 258/1/1 257/1/1
f 262/2/1 257/2/1 261/2/1
f 263/1/1 258/1/1 262/1/1
f 268/2/1 265/2/1 264/2/1
f 269/2/1 265/2/1 268/2/1
f 272/2/1 267/2/1 266/2/1
f 273/2/1 267/2/1 272/2/1
f 274/1/1 269/1/1 268/1/1
f 275/1/1 269/1/1 274/1/1
f 276/3/1 271/3/1 270/3/1
f 277/3/1 271/3/1 276/3/1
f 286/1/1 279/1/1 278/1/1
f 287/1/1 279/1/1 286/1/1
f 288/1/1 279/1/1 287/1/1
f 289/1/1 279/1/1 288/1/1
f 290/3/1 281/3/1 280/3/1
f 291/3/1 281/3/1 290/3/1
f 292/1/1 283/1/1 282/1/1
f 293/1/1 283/1/1 292/1/1
f 294/1/1 285/1/1 284/1/1
f 295/1/1 288/1/1 287/1/1
f 296/1/1 288/1/1 295/1/1
f 297/1/1 294/1/1 284/1/1
f 298/1/1 294/1/1 297/1/1
f 304/2/1 300/2/1 299/2/1
f 305/3/1 301/3/1 300/3/1
f 305/2/1 300/2/1 304/2/1
f 306/3/1 301/3/1 305/3/1
f 311/2/1 303/2/1 302/2/1
f 312/2/1 303/2/1 311/2/1
f 313/3/1 306/3/1 305/3/1
f 314/3/1 306/3/1 313/3/1
f 315/1/1 308/1/1 307/1/1
f 316/1/1 308/1/1 315/1/1
f 317/2/1 310/2/1 309/2/1
f 318/2/1 310/2/1 317/2/1
f 324/3/1 320/3/1 319/3/1
f 325/3/1 320/3/1 324/3/1
f 328/3/1 323/3/1 322/3/1
f 328/3/1 322/3/1 321/3/1
f 329/3/1 323/3/1 328/3/1
f 330/3/1 327/3/1 326/3/1
f 331/3/1 327/3/1 330/3/1
f 334/1/1 333/1/1 332/1/1
f 335/1/1 333/1/1 334/1/1
f 344/1/1 337/1/1 336/1/1
f 345/1/1 337/1/1 344/1/1
f 346/1/1 339/1/1 338/1/1
f 347/1/1 339/1/1 346/1/1
f 348/1/1 341/1/1 340/1/1
f 349/1/1 341/1/1 348/1/1
f 350/3/1 343/3/1 342/3/1
f 351/3/1 343/3/1 350/3/1
f 354/3/1 353/3/1 352/3/1
f 355/3/1 353/3/1 354/3/1
f 360/1/1 357/1/1 356/1/1
f 361/1/1 357/1/1 360/1/1
f 364/3/1 359/3/1 358/3/1
f 365/3/1 359/3/1 364/3/1
f 366/3/1 363/3/1 362/3/1
f 367/3/1 363/3/1 366/3/1
f 368/1/1 365/1/1 364/1/1
f 369/1/1 365/1/1 368/1/1
f 377/2/1 371/2/1 370/2/1
f 378/2/1 371/2/1 377/2/1
f 379/2/1 373/2/1 372/2/1
f 380/2/1 373/2/1 379/2/1
f 381/2/1 375/2/1 374/2/1
f 382/1/1 376/1/1 375/1/1
f 382/2/1 375/2/1 381/2/1
f 383/1/1 376/1/1 382/1/1
f 384/1/1 378/1/1 377/1/1
f 385/1/1 378/1/1 384/1/1
f 390/2/1 387/2/1 386/2/1
f 391/2/1 387/2/1 390/2/1
f 392/2/1 389/2/1 388/2/1
f 393/2/1 389/2/1 392/2/1
f 396/3/1 395/3/1 394/3/1
f 397/3/1 395/3/1 396/3/1
f 403/2/1 399/2/1 398/2/1
f 404/2/1 399/2/1 403/2/1
f 405/2/1 401/2/1 400/2/1
f 406/1/1 402/1/1 401/1/1
f 406/2/1 401/2/1 405/2/1
f 407/1/1 402/1/1 406/1/1
f 411/2/1 409/2/1 408/2/1
f 412/1/1 410/1/1 409/1/1
f 412/2/1 409/2/1 411/2/1
f 413/1/1 410/1/1 412/1/1
f 418/3/1 415/3/1 414/3/1
f 419/3/1 415/3/1 418/3/1
f 420/3/1 417/3/1 416/3/1
f 421/3/1 417/3/1 420/3/1
f 426/3/1 423/3/1 422/3/1
f 427/3/1 423/3/1 426/3/1
f 428/3/1 425/3/1 424/3/1
f 429/3/1 425/3/1 428/3/1
f 435/2/1 431/2/1 430/2/1
f 436/1/1 432/1/1 431/1/1
f 436/2/1 431/2/1 435/2/1
f 437/1/1 432/1/1 436/1/1
f 438/3/1 434/3/1 433/3/1
f 439/3/1 434/3/1 438/3/1
f 444/3/1 441/3/1 440/3/1
f 445/3/1 441/3/1 444/3/1
f 446/3/1 443/3/1 442/3/1
f 447/3/1 443/3/1 446/3/1
f 450/1/1 449/1/1 448/1/1
f 451/1/1 449/1/1 450/1/1
f 452/1/2 453/1/2 454/1/2
f 454/1/2 453/1/2 455/1/2
f 456/2/2 457/2/2 458/2/2
f 458/2/2 457/2/2 459/2/2
f 460/3/2 461/3/2 462/3/2
f 462/3/2 461/3/2 463/3/2
f 464/3/2 465/3/2 467/3/2
f 465/3/2 466/3/2 467/3/2
f 467/3/2 466/3/2 468/3/2
f 469/1/2 470/1/2 475/1/2
f 475/1/2 470/1/2 476/1/2
f 471/2/2 472/2/2 477/2/2
f 477/2/2 472/2/2 478/2/2
f 473/2/2 474/2/2 479/2/2
f 479/2/2 474/2/2 480/2/2
f 481/1/2 482/1/2 485/1/2
f 485/1/2 482/1/2 486/1/2
f 483/2/2 484/2/2 487/2/2
f 487/2/2 484/2/2 488/2/2
f 489/3/2 490/3/2 491/3/2
f 491/3/2 490/3/2 492/3/2
f 493/1/2 494/1/2 499/1/2
f 499/1/2 494/1/2 500/1/2
f 495/2/2 496/2/2 501/2/2
f 501/2/2 496/2/2 502/2/2
f 497/1/2 498/1/2 503/1/2
f 503/1/2 498/1/2 504/1/2
f 505/1/2 506/1/2 510/1/2
f 506/2/2 507/2/2 511/2/2
f 510/1/2 506/1/2 511/1/2
f 511/2/2 507/2/2 512/2/2
f 508/3/2 509/3/2 513/3/2
f 513/3/2 509/3/2 514/3/2
f 515/3/2 516/3/2 519/3/2
f 519/3/2 516/3/2 520/3/2
f 517/3/2 518/3/2 523/3/2
f 518/1/2 519/1/2 524/1/2
f 523/3/2 518/3/2 524/3/2
f 524/1/2 519/1/2 525/1/2
f 521/3/2 522/3/2 526/3/2
f 526/3/2 522/3/2 527/3/2
f 528/2/2 529/2/2 530/2/2
f 530/2/2 529/2/2 531/2/2
f 532/1/2 533/1/2 537/1/2
f 537/1/2 533/1/2 538/1/2
f 534/2/2 535/2/2 539/2/2
f 535/3/2 536/3/2 540/3/2
f 539/2/2 535/2/2 540/2/2
f 540/3/2 536/3/2 541/3/2
f 537/1/2 538/1/2 542/1/2
f 542/1/2 538/1/2 543/1/2
f 544/1/2 545/1/2 548/1/2
f 548/1/2 545/1/2 549/1/2
f 546/1/2 547/1/2 550/1/2
f 550/1/2 547/1/2 551/1/2
f 548/2/2 549/2/2 552/2/2
f 552/2/2 549/2/2 553/2/2
f 554/2/2 555/2/2 560/2/2
f 560/2/2 555/2/2 561/2/2
f 556/3/2 557/3/2 562/3/2
f 562/3/2 557/3/2 563/3/2
f 558/1/2 559/1/2 564/1/2
f 564/1/2 559/1/2 565/1/2
f 560/1/2 561/1/2 566/1/2
f 566/1/2 561/1/2 567/1/2
f 568/1/2 569/1/2 574/1/2
f 574/1/2 569/1/2 575/1/2
f 570/2/2 571/2/2 576/2/2
f 576/2/2 571/2/2 577/2/2
f 572/1/2 573/1/2 580/1/2
f 580/1/2 573/1/2 581/1/2
f 574/2/2 575/2/2 582/2/2
f 582/2/2 575/2/2 583/2/2
f 578/3/2 579/3/2 584/3/2
f 584/3/2 579/3/2 585/3/2
f 586/2/2 587/2/2 594/2/2
f 594/2/2 587/2/2 595/2/2
f 588/3/2 589/3/2 596/3/2
f 596/3/2 589/3/2 597/3/2
f 590/3/2 591/3/2 600/3/2
f 600/3/2 591/3/2 601/3/2
f 592/1/2 593/1/2 602/1/2
f 602/1/2 593/1/2 603/1/2
f 598/2/2 599/2/2 604/2/2
f 604/2/2 599/2/2 605/2/2
f 606/1/2 607/1/2 617/1/2
f 617/1/2 607/1/2 618/1/2
f 608/1/2 609/1/2 621/1/2
f 621/1/2 609/1/2 622/1/2
f 610/2/2 611/2/2 623/2/2
f 623/2/2 611/2/2 624/2/2
f 612/2/2 613/2/2 625/2/2
f 625/2/2 613/2/2 626/2/2
f 614/1/2 615/1/2 627/1/2
f 615/3/2 616/3/2 628/3/2
f 627/1/2 615/1/2 628/1/2
f 628/3/2 616/3/2 629/3/2
f 619/3/2 620/3/2 630/3/2
f 630/3/2 620/3/2 631/3/2
f 630/2/2 631/2/2 632/2/2
f 632/2/2 631/2/2 633/2/2
f 634/2/2 635/2/2 640/2/2
f 640/2/2 635/2/2 641/2/2
f 636/1/2 637/1/2 642/1/2
f 642/1/2 637/1/2 643/1/2
f 638/1/2 639/1/2 644/1/2
f 644/1/2 639/1/2 645/1/2
f 646/2/2 647/2/2 650/2/2
f 650/2/2 647/2/2 651/2/2
f 648/3/2 649/3/2 654/3/2
f 654/3/2 649/3/2 655/3/2
f 650/2/2 651/2/2 656/2/2
f 656/2/2 651/2/2 657/2/2
f 652/2/2 653/2/2 658/2/2
f 658/2/2 653/2/2 659/2/2
f 660/1/2 661/1/2 665/1/2
f 661/3/2 662/3/2 666/3/2
f 665/1/2 661/1/2 666/1/2
f 666/3/2 662/3/2 667/3/2
f 667/3/2 662/3/2 668/3/2
f 663/1/2 664/1/2 669/1/2
f 666/3/2 667/3/2 670/3/2
f 670/3/2 667/3/2 671/3/2
f 663/1/2 669/1/2 672/1/2
f 672/1/2 669/1/2 673/1/2
f 674/2/2 675/2/2 676/2/2
f 676/2/2 675/2/2 677/2/2
f 676/1/2 677/1/2 681/1/2
f 681/1/2 677/1/2 682/1/2
f 678/3/2 679/3/2 683/3/2
f 679/1/2 680/1/2 684/1/2
f 683/3/2 679/3/2 684/3/2
f 684/1/2 680/1/2 685/1/2
f 686/1/2 687/1/2 694/1/2
f 694/1/2 687/1/2 695/1/2
f 688/3/2 689/3/2 696/3/2
f 696/3/2 689/3/2 697/3/2
f 690/1/2 691/1/2 698/1/2
f 698/1/2 691/1/2 699/1/2
f 692/1/2 693/1/2 700/1/2
f 700/1/2 693/1/2 701/1/2
f 694/1/2 695/1/2 702/1/2
f 702/1/2 695/1/2 703/1/2
f 704/3/2 705/3/2 710/3/2
f 710/3/2 705/3/2 711/3/2
f 706/3/2 707/3/2 714/3/2
f 714/3/2 707/3/2 715/3/2
f 708/2/2 709/2/2 716/2/2
f 716/2/2 709/2/2 717/2/2
f 712/1/2 713/1/2 718/1/2
f 713/1/2 714/1/2 718/1/2
f 714/2/2 715/2/2 719/2/2
f 718/1/2 714/1/2 719/1/2
f 719/2/2 715/2/2 720/2/2
f 721/2/2 722/2/2 727/2/2
f 727/2/2 722/2/2 728/2/2
f 723/2/2 724/2/2 729/2/2
f 729/2/2 724/2/2 730/2/2
f 725/3/2 726/3/2 731/3/2
f 731/3/2 726/3/2 732/3/2
f 729/1/2 730/1/2 733/1/2
f 733/1/2 730/1/2 734/1/2
f 735/1/2 736/1/2 739/1/2
f 739/1/2 736/1/2 740/1/2
f 737/3/2 738/3/2 741/3/2
f 741/3/2 738/3/2 742/3/2
f 743/2/2 744/2/2 751/2/2
f 751/2/2 744/2/2 752/2/2
f 745/1/2 746/1/2 753/1/2
f 753/1/2 746/1/2 754/1/2
f 747/3/2 748/3/2 756/3/2
f 756/3/2 748/3/2 757/3/2
f 749/3/2 750/3/2 758/3/2
f 758/3/2 750/3/2 759/3/2
f 755/2/2 756/2/2 760/2/2
f 760/2/2 756/2/2 761/2/2
f 762/3/2 763/3/2 771/3/2
f 771/3/2 763/3/2 772/3/2
f 764/3/2 765/3/2 773/3/2
f 773/3/2 765/3/2 774/3/2
f 766/3/2 767/3/2 775/3/2
f 775/3/2 767/3/2 776/3/2
f 768/2/2 769/2/2 777/2/2
f 769/3/2 770/3/2 778/3/2
f 777/2/2 769/2/2 778/2/2
f 778/3/2 770/3/2 779/3/2
f 780/3/2 781/3/2 784/3/2
f 784/3/2 781/3/2 785/3/2
f 782/3/2 783/3/2 788/3/2
f 788/3/2 783/3/2 789/3/2
f 786/3/2 787/3/2 790/3/2
f 790/3/2 787/3/2 791/3/2
f 788/1/2 789/1/2 792/1/2
f 792/1/2 789/1/2 793/1/2
f 794/2/2 795/2/2 803/2/2
f 803/2/2 795/2/2 804/2/2
f 796/2/2 797/2/2 805/2/2
f 805/2/2 797/2/2 806/2/2
f 798/3/2 799/3/2 807/3/2
f 807/3/2 799/3/2 808/3/2
f 800/2/2 801/2/2 809/2/2
f 801/1/2 802/1/2 810/1/2
f 809/2/2 801/2/2 810/2/2
f 810/1/2 802/1/2 811/1/2
f 812/1/2 813/1/2 814/1/2
f 814/1/2 813/1/2 815/1/2
f 816/3/2 817/3/2 818/3/2
f 818/3/2 817/3/2 819/3/2
f 820/1/2 821/1/2 826/1/2
f 826/1/2 821/1/2 827/1/2
f 822/2/2 823/2/2 829/2/2
f 829/2/2 823/2/2 830/2/2
f 824/2/2 825/2/2 831/2/2
f 831/2/2 825/2/2 832/2/2
f 828/1/2 829/1/2 833/1/2
f 833/1/2 829/1/2 834/1/2
f 835/1/2 836/1/2 841/1/2
f 836/3/2 837/3/2 842/3/2
f 841/1/2 836/1/2 842/1/2
f 842/3/2 837/3/2 843/3/2
f 838/2/2 839/2/2 844/2/2
f 839/1/2 840/1/2 845/1/2
f 844/2/2 839/2/2 845/2/2
f 845/1/2 840/1/2 846/1/2
f 841/1/2 842/1/2 847/1/2
f 847/1/2 842/1/2 848/1/2
f 849/1/2 850/1/2 856/1/2
f 850/3/2 851/3/2 857/3/2
f 856/1/2 850/1/2 857/1/2
f 857/3/2 851/3/2 858/3/2
f 852/1/2 853/1/2 859/1/2
f 859/1/2 853/1/2 860/1/2
f 854/3/2 855/3/2 861/3/2
f 861/3/2 855/3/2 862/3/2
f 863/3/2 864/3/2 865/3/2
f 865/3/2 864/3/2 866/3/2
f 867/2/2 868/2/2 872/2/2
f 868/3/2 869/3/2 873/3/2
f 872/2/2 868/2/2 873/2/2
f 873/3/2 869/3/2 874/3/2
f 870/3/2 871/3/2 875/3/2
f 875/3/2 871/3/2 876/3/2
f 877/1/2 878/1/2 879/1/2
f 879/1/2 878/1/2 880/1/2
f 881/3/2 882/3/2 888/3/2
f 888/3/2 882/3/2 889/3/2
f 883/3/2 884/3/2 890/3/2
f 884/1/2 885/1/2 891/1/2
f 890/3/2 884/3/2 891/3/2
f 891/1/2 885/1/2 892/1/2
f 886/3/2 887/3/2 893/3/2
f 893/3/2 887/3/2 894/3/2
f 895/1/2 896/1/2 897/1/2
f 897/1/2 896/1/2 898/1/2
f 901/1/3 900/1/3 899/1/3
f 903/1/3 901/1/3 899/1/3
f 904/2/3 902/2/3 901/2/3
f 904/1/3 901/1/3 903/1/3
f 905/2/3 902/2/3 904/2/3
f 906/2/3 904/2/3 903/2/3
f 906/1/3 905/1/3 904/1/3
f 907/1/3 905/1/3 906/1/3
f 908/2/3 906/2/3 903/2/3
f 909/3/3 907/3/3 906/3/3
f 909/2/3 906/2/3 908/2/3
f 910/3/3 907/3/3 909/3/3
f 911/3/3 909/3/3 908/3/3
f 912/3/3 909/3/3 911/3/3
f 914/1/3 912/1/3 911/1/3
f 914/2/3 913/2/3 912/2/3
f 915/2/3 913/2/3 914/2/3
f 917/1/3 915/1/3 914/1/3
f 917/1/3 916/1/3 915/1/3
f 917/1/3 914/1/3 911/1/3
f 918/1/3 916/1/3 917/1/3
f 919/1/3 916/1/3 918/1/3
f 920/3/3 918/3/3 917/3/3
f 920/2/3 919/2/3 918/2/3
f 921/1/3 916/1/3 919/1/3
f 921/2/3 919/2/3 920/2/3
f 922/1/3 916/1/3 921/1/3
f 923/3/3 920/3/3 917/3/3
f 923/3/3 921/3/3 920/3/3
f 923/3/3 922/3/3 921/3/3
f 924/3/3 922/3/3 923/3/3
f 925/2/3 924/2/3 923/2/3
f 926/3/3 922/3/3 924/3/3
f 926/2/3 924/2/3 925/2/3
f 927/3/3 922/3/3 926/3/3
f 928/3/3 922/3/3 927/3/3
f 929/1/3 926/1/3 925/1/3
f 930/2/3 927/2/3 926/2/3
f 930/1/3 926/1/3 929/1/3
f 931/2/3 927/2/3 930/2/3
f 932/2/3 930/2/3 929/2/3
f 933/2/3 930/2/3 932/2/3
f 934/1/3 933/1/3 932/1/3
f 935/1/3 933/1/3 934/1/3
f 937/3/3 935/3/3 934/3/3
f 937/2/3 936/2/3 935/2/3
f 938/2/3 936/2/3 937/2/3
f 940/3/3 937/3/3 934/3/3
f 941/3/3 937/3/3 940/3/3
f 942/2/3 939/2/3 938/2/3
f 943/2/3 939/2/3 942/2/3
f 944/1/3 941/1/3 940/1/3
f 944/1/3 942/1/3 941/1/3
f 945/1/3 942/1/3 944/1/3
f 946/1/3 942/1/3 945/1/3
f 947/3/3 945/3/3 944/3/3
f 948/2/3 946/2/3 945/2/3
f 948/3/3 945/3/3 947/3/3
f 949/2/3 946/2/3 948/2/3
f 951/2/3 948/2/3 947/2/3
f 952/1/3 949/1/3 948/1/3
f 952/2/3 948/2/3 951/2/3
f 953/2/3 950/2/3 949/2/3
f 953/1/3 949/1/3 952/1/3
f 954/2/3 950/2/3 953/2/3
f 955/1/3 952/1/3 951/1/3
f 955/1/3 953/1/3 952/1/3
f 956/1/3 953/1/3 955/1/3
f 957/1/3 953/1/3 956/1/3
f 959/2/3 956/2/3 955/2/3
f 960/3/3 958/3/3 957/3/3
f 960/2/3 956/2/3 959/2/3
f 960/3/3 957/3/3 956/3/3
f 961/3/3 958/3/3 960/3/3
f 962/3/3 958/3/3 961/3/3
f 963/3/3 960/3/3 959/3/3
f 963/3/3 961/3/3 960/3/3
f 964/3/3 961/3/3 963/3/3
f 965/3/3 963/3/3 959/3/3
f 966/1/3 964/1/3 963/1/3
f 966/3/3 963/3/3 965/3/3
f 967/1/3 964/1/3 966/1/3
f 969/1/3 967/1/3 966/1/3
f 969/3/3 968/3/3 967/3/3
f 970/3/3 968/3/3 969/3/3
f 971/2/3 966/2/3 965/2/3
f 971/1/3 969/1/3 966/1/3
f 972/2/3 970/2/3 969/2/3
f 972/1/3 969/1/3 971/1/3
f 973/2/3 971/2/3 965/2/3
f 974/3/3 972/3/3 971/3/3
f 974/2/3 971/2/3 973/2/3
f 975/2/3 970/2/3 972/2/3
f 975/3/3 972/3/3 974/3/3
f 976/2/3 970/2/3 975/2/3
f 977/3/3 974/3/3 973/3/3
f 977/3/3 975/3/3 974/3/3
f 979/3/3 977/3/3 973/3/3
f 979/3/3 978/3/3 977/3/3
f 980/3/3 978/3/3 979/3/3
f 981/3/3 978/3/3 980/3/3
f 982/3/3 978/3/3 981/3/3
f 983/2/3 980/2/3 979/2/3
f 984/3/3 981/3/3 980/3/3
f 984/2/3 980/2/3 983/2/3
f 985/3/3 981/3/3 984/3/3
f 986/1/3 984/1/3 983/1/3
f 987/1/3 984/1/3 986/1/3
f 988/2/3 987/2/3 986/2/3
f 989/2/3 987/2/3 988/2/3
f 990/1/3 989/1/3 988/1/3
f 991/1/3 989/1/3 990/1/3
f 992/3/3 991/3/3 990/3/3
f 993/3/3 991/3/3 992/3/3
f 994/2/3 993/2/3 992/2/3
f 995/2/3 993/2/3 994/2/3
f 998/3/3 997/3/3 996/3/3
f 999/3/3 997/3/3 998/3/3
f 1002/1/3 1001/1/3 1000/1/3
f 1003/1/3 1001/1/3 1002/1/3
f 1006/1/3 1005/1/3 1004/1/3
f 1007/1/3 1005/1/3 1006/1/3
f 1008/1/3 1005/1/3 1007/1/3
f 1011/1/3 1010/1/3 1009/1/3
f 1012/1/3 1010/1/3 1011/1/3
f 1014/2/3 1013/2/3 1012/2/3
f 1015/2/3 1013/2/3 1014/2/3
f 1016/1/3 1015/1/3 1014/1/3
f 1017/1/3 1015/1/3 1016/1/3
f 1020/2/3 1019/2/3 1018/2/3
f 1021/2/3 1019/2/3 1020/2/3
f 1024/1/3 1023/1/3 1022/1/3
f 1025/1/3 1023/1/3 1024/1/3
f 1028/2/3 1027/2/3 1026/2/3
f 1029/2/3 1027/2/3 1028/2/3
f 1030/1/3 1029/1/3 1028/1/3
f 1031/1/3 1029/1/3 1030/1/3
f 1032/2/3 1031/2/3 1030/2/3
f 1033/2/3 1031/2/3 1032/2/3
f 1036/3/3 1035/3/3 1034/3/3
f 1037/3/3 1035/3/3 1036/3/3
f 1039/1/3 1038/1/3 1037/1/3
f 1040/1/3 1038/1/3 1039/1/3
f 1042/3/3 1040/3/3 1039/3/3
f 1043/3/3 1040/3/3 1042/3/3
f 1044/1/3 1042/1/3 1041/1/3
f 1045/2/3 1043/2/3 1042/2/3
f 1045/1/3 1042/1/3 1044/1/3
f 1046/2/3 1043/2/3 1045/2/3
f 1047/3/3 1045/3/3 1044/3/3
f 1047/3/3 1046/3/3 1045/3/3
f 1048/3/3 1046/3/3 1047/3/3
f 1049/3/3 1046/3/3 1048/3/3
f 1052/1/3 1051/1/3 1050/1/3
f 1053/1/3 1051/1/3 1052/1/3
f 1057/3/3 1055/3/3 1054/3/3
f 1058/1/3 1056/1/3 1055/1/3
f 1058/3/3 1055/3/3 1057/3/3
f 1059/1/3 1056/1/3 1058/1/3
f 1062/1/3 1061/1/3 1060/1/3
f 1063/1/3 1061/1/3 1062/1/3
f 1066/3/3 1065/3/3 1064/3/3
f 1067/3/3 1065/3/3 1066/3/3
f 1068/2/3 1067/2/3 1066/2/3
f 1069/2/3 1067/2/3 1068/2/3
f 1072/3/3 1071/3/3 1070/3/3
f 1073/3/3 1071/3/3 1072/3/3
f 1078/2/3 1075/2/3 1074/2/3
f 1079/2/3 1075/2/3 1078/2/3
f 1080/1/3 1077/1/3 1076/1/3
f 1081/1/3 1077/1/3 1080/1/3
f 1082/3/3 1079/3/3 1078/3/3
f 1083/3/3 1079/3/3 1082/3/3
f 1086/1/3 1085/1/3 1084/1/3
f 1087/1/3 1085/1/3 1086/1/3
f 1090/3/3 1089/3/3 1088/3/3
f 1091/3/3 1089/3/3 1090/3/3
f 1092/2/3 1091/2/3 1090/2/3
f 1093/2/3 1091/2/3 1092/2/3
f 1096/3/3 1095/3/3 1094/3/3
f 1097/3/3 1095/3/3 1096/3/3
f 1100/3/3 1099/3/3 1098/3/3
f 1101/3/3 1099/3/3 1100/3/3
f 1104/2/3 1103/2/3 1102/2/3
f 1105/2/3 1103/2/3 1104/2/3
f 1108/2/3 1107/2/3 1106/2/3
f 1109/2/3 1107/2/3 1108/2/3
f 1112/1/3 1111/1/3 1110/1/3
f 1113/1/3 1111/1/3 1112/1/3
f 1117/3/3 1115/3/3 1114/3/3
f 1118/2/3 1116/2/3 1115/2/3
f 1118/3/3 1115/3/3 1117/3/3
f 1119/2/3 1116/2/3 1118/2/3
f 1122/1/3 1121/1/3 1120/1/3
f 1123/1/3 1121/1/3 1122/1/3
f 1126/2/3 1125/2/3 1124/2/3
f 1127/2/3 1125/2/3 1126/2/3
f 1130/1/3 1129/1/3 1128/1/3
f 1131/1/3 1129/1/3 1130/1/3
f 1134/2/3 1133/2/3 1132/2/3
f 1135/2/3 1133/2/3 1134/2/3
f 1138/1/3 1137/1/3 1136/1/3
f 1139/1/3 1137/1/3 1138/1/3
f 1142/2/3 1141/2/3 1140/2/3
f 1143/2/3 1141/2/3 1142/2/3
f 1146/2/3 1145/2/3 1144/2/3
f 1147/2/3 1145/2/3 1146/2/3
f 1148/1/3 1147/1/3 1146/1/3
f 1149/1/3 1147/1/3 1148/1/3
f 1152/3/3 1151/3/3 1150/3/3
f 1153/3/3 1151/3/3 1152/3/3
f 1157/2/3 1155/2/3 1154/2/3
f 1157/2/3 1156/2/3 1155/2/3
f 1158/2/3 1156/2/3 1157/2/3
f 1159/2/3 1156/2/3 1158/2/3
f 1160/1/3 1159/1/3 1158/1/3
f 1161/1/3 1159/1/3 1160/1/3
f 1164/2/3 1163/2/3 1162/2/3
f 1165/2/3 1163/2/3 1164/2/3
f 1166/2/3 1163/2/3 1165/2/3
f 1170/3/3 1168/3/3 1167/3/3
f 1171/3/3 1170/3/3 1169/3/3
f 1172/3/3 1168/3/3 1170/3/3
f 1172/3/3 1170/3/3 1171/3/3
f 1173/3/3 1168/3/3 1172/3/3
f 1176/1/3 1175/1/3 1174/1/3
f 1177/1/3 1175/1/3 1176/1/3
f 1181/1/3 1179/1/3 1178/1/3
f 1182/2/3 1180/2/3 1179/2/3
f 1182/1/3 1179/1/3 1181/1/3
f 1183/2/3 1180/2/3 1182/2/3
f 1186/1/3 1185/1/3 1184/1/3
f 1187/1/3 1185/1/3 1186/1/3
f 1189/2/3 1188/2/3 1187/2/3
f 1190/2/3 1188/2/3 1189/2/3
f 1193/1/3 1192/1/3 1191/1/3
f 1194/1/3 1192/1/3 1193/1/3
f 1197/3/3 1196/3/3 1195/3/3
f 1198/3/3 1196/3/3 1197/3/3
f 1202/2/3 1200/2/3 1199/2/3
f 1203/1/3 1201/1/3 1200/1/3
f 1203/2/3 1200/2/3 1202/2/3
f 1204/1/3 1201/1/3 1203/1/3
f 1205/1/3 1201/1/3 1204/1/3
f 1208/1/3 1207/1/3 1206/1/3
f 1209/1/3 1207/1/3 1208/1/3
f 1213/2/3 1211/2/3 1210/2/3
f 1214/1/3 1212/1/3 1211/1/3
f 1214/2/3 1211/2/3 1213/2/3
f 1215/1/3 1212/1/3 1214/1/3
f 1218/2/3 1217/2/3 1216/2/3
f 1219/2/3 1217/2/3 1218/2/3
f 1222/1/3 1221/1/3 1220/1/3
f 1223/1/3 1221/1/3 1222/1/3
f 1226/3/3 1225/3/3 1224/3/3
f 1227/3/3 1225/3/3 1226/3/3
f 1230/1/3 1229/1/3 1228/1/3
f 1231/1/3 1229/1/3 1230/1/3
f 1234/3/3 1233/3/3 1232/3/3
f 1235/3/3 1233/3/3 1234/3/3
f 1239/1/3 1237/1/3 1236/1/3
f 1240/2/3 1238/2/3 1237/2/3
f 1240/1/3 1237/1/3 1239/1/3
f 1241/2/3 1238/2/3 1240/2/3
f 1244/2/3 1243/2/3 1242/2/3
f 1245/2/3 1243/2/3 1244/2/3
f 1248/3/3 1247/3/3 1246/3/3
f 1249/3/3 1247/3/3 1248/3/3
f 1252/1/3 1251/1/3 1250/1/3
f 1253/1/3 1251/1/3 1252/1/3
f 1256/1/3 1255/1/3 1254/1/3
f 1257/1/3 1255/1/3 1256/1/3
f 1258/3/3 1257/3/3 1256/3/3
f 1259/3/3 1257/3/3 1258/3/3
f 1262/3/3 1261/3/3 1260/3/3
f 1263/3/3 1261/3/3 1262/3/3
f 1266/3/3 1265/3/3 1264/3/3
f 1267/3/3 1265/3/3 1266/3/3
f 1270/1/3 1269/1/3 1268/1/3
f 1271/1/3 1269/1/3 1270/1/3
f 1274/3/3 1273/3/3 1272/3/3
f 1275/3/3 1273/3/3 1274/3/3
f 1276/2/3 1275/2/3 1274/2/3
f 1277/2/3 1275/2/3 1276/2/3
f 1280/3/3 1279/3/3 1278/3/3
f 1281/3/3 1279/3/3 1280/3/3
f 1284/1/3 1283/1/3 1282/1/3
f 1285/1/3 1283/1/3 1284/1/3
f 1288/2/3 1287/2/3 1286/2/3
f 1289/2/3 1287/2/3 1288/2/3
f 1292/2/3 1291/2/3 1290/2/3
f 1293/2/3 1291/2/3 1292/2/3
f 1296/2/3 1295/2/3 1294/2/3
f 1297/2/3 1295/2/3 1296/2/3
f 1300/3/3 1299/3/3 1298/3/3
f 1301/3/3 1299/3/3 1300/3/3
f 1304/2/3 1303/2/3 1302/2/3
f 1305/2/3 1303/2/3 1304/2/3
f 1308/2/3 1307/2/3 1306/2/3
f 1309/2/3 1307/2/3 1308/2/3
f 1312/2/3 1311/2/3 1310/2/3
f 1313/2/3 1311/2/3 1312/2/3
f 1316/3/3 1315/3/3 1314/3/3
f 1317/3/3 1315/3/3 1316/3/3
f 1320/3/3 1319/3/3 1318/3/3
f 1321/3/3 1319/3/3 1320/3/3
f 1324/2/3 1323/2/3 1322/2/3
f 1325/2/3 1323/2/3 1324/2/3
f 1328/3/3 1327/3/3 1326/3/3
f 1329/3/3 1327/3/3 1328/3/3
f 1332/1/3 1331/1/3 1330/1/3
f 1333/1/3 1331/1/3 1332/1/3
f 1336/1/3 1335/1/3 1334/1/3
f 1337/1/3 1335/1/3 1336/1/3
f 1340/1/3 1339/1/3 1338/1/3
f 1341/1/3 1339/1/3 1340/1/3
f 1342/1/4 1343/1/4 1344/1/4
f 1344/1/4 1343/1/4 1345/1/4
f 1345/2/4 1346/2/4 1347/2/4
f 1347/2/4 1346/2/4 1348/2/4
f 1347/1/4 1348/1/4 1349/1/4
f 1349/1/4 1348/1/4 1350/1/4
f 1351/1/4 1352/1/4 1353/1/4
f 1353/1/4 1352/1/4 1354/1/4
f 1354/1/4 1352/1/4 1355/1/4
f 1354/3/4 1355/3/4 1357/3/4
f 1356/3/4 1357/3/4 1358/3/4
f 1357/3/4 1355/3/4 1359/3/4
f 1358/3/4 1357/3/4 1359/3/4
f 1359/3/4 1355/3/4 1360/3/4
f 1358/2/4 1359/2/4 1361/2/4
f 1361/2/4 1359/2/4 1362/2/4
f 1363/2/4 1364/2/4 1365/2/4
f 1365/2/4 1364/2/4 1366/2/4
f 1366/2/4 1367/2/4 1368/2/4
f 1368/2/4 1367/2/4 1369/2/4
f 1370/2/4 1371/2/4 1372/2/4
f 1372/2/4 1371/2/4 1373/2/4
f 1374/3/4 1375/3/4 1376/3/4
f 1376/3/4 1375/3/4 1377/3/4
f 1376/2/4 1377/2/4 1379/2/4
f 1379/2/4 1377/2/4 1380/2/4
f 1378/3/4 1379/3/4 1381/3/4
f 1381/3/4 1379/3/4 1382/3/4
f 1381/3/4 1382/3/4 1384/3/4
f 1382/3/4 1383/3/4 1384/3/4
f 1384/3/4 1383/3/4 1385/3/4
f 1385/3/4 1383/3/4 1386/3/4
f 1384/3/4 1385/3/4 1387/3/4
f 1387/3/4 1385/3/4 1388/3/4
f 1389/2/4 1390/2/4 1391/2/4
f 1391/2/4 1390/2/4 1392/2/4
f 1393/3/4 1394/3/4 1395/3/4
f 1395/3/4 1394/3/4 1396/3/4
f 1397/1/4 1398/1/4 1399/1/4
f 1399/1/4 1398/1/4 1400/1/4
f 1401/1/4 1402/1/4 1403/1/4
f 1403/1/4 1402/1/4 1404/1/4
f 1405/3/4 1406/3/4 1407/3/4
f 1407/3/4 1406/3/4 1408/3/4
f 1409/1/4 1410/1/4 1411/1/4
f 1411/1/4 1410/1/4 1412/1/4
f 1411/3/4 1412/3/4 1413/3/4
f 1413/3/4 1412/3/4 1414/3/4
f 1415/3/4 1416/3/4 1417/3/4
f 1417/3/4 1416/3/4 1418/3/4
f 1419/1/4 1420/1/4 1423/1/4
f 1420/2/4 1421/2/4 1424/2/4
f 1423/1/4 1420/1/4 1424/1/4
f 1424/2/4 1421/2/4 1425/2/4
f 1422/3/4 1423/3/4 1426/3/4
f 1426/3/4 1423/3/4 1427/3/4
f 1424/1/4 1425/1/4 1428/1/4
f 1428/1/4 1425/1/4 1429/1/4
f 1426/1/4 1427/1/4 1430/1/4
f 1430/1/4 1427/1/4 1431/1/4
f 1432/1/4 1433/1/4 1434/1/4
f 1434/1/4 1433/1/4 1435/1/4
f 1436/3/4 1437/3/4 1438/3/4
f 1438/3/4 1437/3/4 1439/3/4
f 1440/2/4 1441/2/4 1442/2/4
f 1442/2/4 1441/2/4 1443/2/4
f 1444/2/4 1445/2/4 1446/2/4
f 1446/2/4 1445/2/4 1447/2/4
f 1448/3/4 1449/3/4 1450/3/4
f 1450/3/4 1449/3/4 1451/3/4
f 1452/1/4 1453/1/4 1454/1/4
f 1454/1/4 1453/1/4 1455/1/4
f 1456/1/4 1457/1/4 1458/1/4
f 1458/1/4 1457/1/4 1459/1/4
f 1460/3/4 1461/3/4 1462/3/4
f 1462/3/4 1461/3/4 1463/3/4
f 1463/1/4 1464/1/4 1465/1/4
f 1465/1/4 1464/1/4 1466/1/4
f 1465/3/4 1466/3/4 1467/3/4
f 1467/3/4 1466/3/4 1468/3/4
f 1467/2/4 1468/2/4 1470/2/4
f 1470/2/4 1468/2/4 1471/2/4
f 1469/3/4 1470/3/4 1472/3/4
f 1470/3/4 1471/3/4 1472/3/4
f 1472/3/4 1471/3/4 1473/3/4
f 1469/3/4 1472/3/4 1474/3/4
f 1474/3/4 1472/3/4 1475/3/4
f 1476/1/4 1477/1/4 1478/1/4
f 1478/1/4 1477/1/4 1479/1/4
f 1480/1/4 1481/1/4 1482/1/4
f 1482/1/4 1481/1/4 1483/1/4
f 1484/1/4 1485/1/4 1486/1/4
f 1486/1/4 1485/1/4 1487/1/4
f 1487/1/4 1485/1/4 1488/1/4
f 1489/3/4 1490/3/4 1492/3/4
f 1490/1/4 1491/1/4 1493/1/4
f 1492/3/4 1490/3/4 1493/3/4
f 1493/1/4 1491/1/4 1494/1/4
f 1495/3/4 1496/3/4 1497/3/4
f 1497/3/4 1496/3/4 1498/3/4
f 1499/2/4 1500/2/4 1501/2/4
f 1501/2/4 1500/2/4 1502/2/4
f 1503/1/4 1504/1/4 1505/1/4
f 1505/1/4 1504/1/4 1506/1/4
f 1507/2/4 1508/2/4 1509/2/4
f 1509/2/4 1508/2/4 1510/2/4
f 1511/2/4 1512/2/4 1513/2/4
f 1513/2/4 1512/2/4 1514/2/4
f 1513/1/4 1514/1/4 1515/1/4
f 1515/1/4 1514/1/4 1516/1/4
f 1517/1/4 1518/1/4 1520/1/4
f 1518/1/4 1519/1/4 1520/1/4
f 1520/1/4 1519/1/4 1521/1/4
f 1521/1/4 1519/1/4 1522/1/4
f 1523/1/4 1524/1/4 1525/1/4
f 1525/1/4 1524/1/4 1526/1/4
f 1527/3/4 1528/3/4 1530/3/4
f 1528/2/4 1529/2/4 1531/2/4
f 1530/3/4 1528/3/4 1531/3/4
f 1531/2/4 1529/2/4 1532/2/4
f 1533/3/4 1534/3/4 1535/3/4
f 1535/3/4 1534/3/4 1536/3/4
f 1537/2/4 1538/2/4 1539/2/4
f 1539/2/4 1538/2/4 1540/2/4
f 1541/2/4 1542/2/4 1543/2/4
f 1543/2/4 1542/2/4 1544/2/4
f 1545/1/4 1546/1/4 1547/1/4
f 1547/1/4 1546/1/4 1548/1/4
f 1547/2/4 1548/2/4 1550/2/4
f 1548/2/4 1549/2/4 1550/2/4
f 1550/2/4 1549/2/4 1551/2/4
f 1551/2/4 1549/2/4 1552/2/4
f 1552/2/4 1549/2/4 1553/2/4
f 1552/1/4 1553/1/4 1555/1/4
f 1555/1/4 1553/1/4 1556/1/4
f 1554/2/4 1555/2/4 1557/2/4
f 1557/2/4 1555/2/4 1558/2/4
f 1559/3/4 1560/3/4 1561/3/4
f 1561/3/4 1560/3/4 1562/3/4
f 1561/1/4 1562/1/4 1563/1/4
f 1563/1/4 1562/1/4 1564/1/4
f 1565/3/4 1566/3/4 1568/3/4
f 1566/2/4 1567/2/4 1569/2/4
f 1568/3/4 1566/3/4 1569/3/4
f 1569/2/4 1567/2/4 1570/2/4
f 1571/3/4 1572/3/4 1573/3/4
f 1573/3/4 1572/3/4 1574/3/4
f 1575/2/4 1576/2/4 1577/2/4
f 1577/2/4 1576/2/4 1578/2/4
f 1577/1/4 1578/1/4 1579/1/4
f 1579/1/4 1578/1/4 1580/1/4
f 1581/3/4 1582/3/4 1584/3/4
f 1582/1/4 1583/1/4 1585/1/4
f 1584/3/4 1582/3/4 1585/3/4
f 1585/1/4 1583/1/4 1586/1/4
f 1585/2/4 1586/2/4 1587/2/4
f 1587/2/4 1586/2/4 1588/2/4
f 1587/3/4 1588/3/4 1589/3/4
f 1589/3/4 1588/3/4 1590/3/4
f 1591/1/4 1592/1/4 1593/1/4
f 1593/1/4 1592/1/4 1594/1/4
f 1595/1/4 1596/1/4 1597/1/4
f 1597/1/4 1596/1/4 1598/1/4
f 1599/2/4 1600/2/4 1601/2/4
f 1601/2/4 1600/2/4 1602/2/4
f 1603/2/4 1604/2/4 1605/2/4
f 1605/2/4 1604/2/4 1606/2/4
f 1605/3/4 1606/3/4 1607/3/4
f 1607/3/4 1606/3/4 1608/3/4
f 1609/1/4 1610/1/4 1611/1/4
f 1611/1/4 1610/1/4 1612/1/4
f 1613/1/4 1614/1/4 1615/1/4
f 1615/1/4 1614/1/4 1616/1/4
f 1617/2/4 1618/2/4 1619/2/4
f 1619/2/4 1618/2/4 1620/2/4
f 1621/2/4 1622/2/4 1623/2/4
f 1623/2/4 1622/2/4 1624/2/4
f 1625/3/4 1626/3/4 1628/3/4
f 1626/1/4 1627/1/4 1629/1/4
f 1628/3/4 1626/3/4 1629/3/4
f 1629/1/4 1627/1/4 1630/1/4
f 1631/1/4 1632/1/4 1633/1/4
f 1633/1/4 1632/1/4 1634/1/4
f 1635/1/4 1636/1/4 1637/1/4
f 1637/1/4 1636/1/4 1638/1/4
f 1639/2/4 1640/2/4 1641/2/4
f 1641/2/4 1640/2/4 1642/2/4
f 1643/2/4 1644/2/4 1645/2/4
f 1645/2/4 1644/2/4 1646/2/4
f 1646/2/4 1644/2/4 1647/2/4
f 1646/1/4 1647/1/4 1648/1/4
f 1648/1/4 1647/1/4 1649/1/4
f 1650/1/4 1651/1/4 1652/1/4
f 1652/1/4 1651/1/4 1653/1/4
f 1652/3/4 1653/3/4 1654/3/4
f 1654/3/4 1653/3/4 1655/3/4
f 1656/1/4 1657/1/4 1659/1/4
f 1657/2/4 1658/2/4 1660/2/4
f 1659/1/4 1657/1/4 1660/1/4
f 1660/2/4 1658/2/4 1661/2/4
f 1661/2/4 1658/2/4 1662/2/4
f 1663/2/4 1664/2/4 1665/2/4
f 1665/2/4 1664/2/4 1666/2/4
f 1667/1/4 1668/1/4 1669/1/4
f 1669/1/4 1668/1/4 1670/1/4
f 1671/3/4 1672/3/4 1673/3/4
f 1673/3/4 1672/3/4 1674/3/4
f 1675/1/4 1676/1/4 1678/1/4
f 1678/1/4 1676/1/4 1679/1/4
f 1677/3/4 1678/3/4 1680/3/4
f 1680/3/4 1678/3/4 1681/3/4
f 1682/1/4 1683/1/4 1684/1/4
f 1684/1/4 1683/1/4 1685/1/4
f 1686/2/4 1687/2/4 1688/2/4
f 1688/2/4 1687/2/4 1689/2/4
f 1690/1/4 1691/1/4 1692/1/4
f 1692/1/4 1691/1/4 1693/1/4
f 1693/2/4 1694/2/4 1695/2/4
f 1695/2/4 1694/2/4 1696/2/4
f 1697/1/4 1698/1/4 1699/1/4
f 1699/1/4 1698/1/4 1700/1/4
f 1700/2/4 1701/2/4 1702/2/4
f 1702/2/4 1701/2/4 1703/2/4
f 1704/2/4 1705/2/4 1707/2/4
f 1705/1/4 1706/1/4 1708/1/4
f 1707/2/4 1705/2/4 1708/2/4
f 1708/1/4 1706/1/4 1709/1/4
f 1710/2/4 1711/2/4 1713/2/4
f 1711/2/4 1712/2/4 1713/2/4
f 1713/2/4 1712/2/4 1714/2/4
f 1714/2/4 1712/2/4 1715/2/4
f 1713/1/4 1714/1/4 1716/1/4
f 1714/3/4 1715/3/4 1717/3/4
f 1716/1/4 1714/1/4 1717/1/4
f 1717/3/4 1715/3/4 1718/3/4
f 1716/3/4 1717/3/4 1719/3/4
f 1719/3/4 1717/3/4 1720/3/4
f 1721/1/4 1722/1/4 1724/1/4
f 1723/3/4 1724/3/4 1725/3/4
f 1724/1/4 1722/1/4 1726/1/4
f 1725/3/4 1724/3/4 1726/3/4
f 1726/1/4 1722/1/4 1727/1/4
f 1725/2/4 1726/2/4 1728/2/4
f 1728/2/4 1726/2/4 1729/2/4
f 1730/3/4 1731/3/4 1732/3/4
f 1732/3/4 1731/3/4 1733/3/4
f 1734/3/4 1735/3/4 1736/3/4
f 1736/3/4 1735/3/4 1737/3/4
f 1737/1/4 1738/1/4 1739/1/4
f 1739/1/4 1738/1/4 1740/1/4
f 1741/1/4 1742/1/4 1743/1/4
f 1743/1/4 1742/1/4 1744/1/4
f 1745/3/4 1746/3/4 1748/3/4
f 1748/3/4 1746/3/4 1749/3/4
f 1747/2/4 1748/2/4 1750/2/4
f 1748/1/4 1749/1/4 1751/1/4
f 1750/2/4 1748/2/4 1751/2/4
f 1751/1/4 1749/1/4 1752/1/4
f 1753/1/4 1754/1/4 1755/1/4
f 1755/1/4 1754/1/4 1756/1/4
f 1755/2/4 1756/2/4 1757/2/4
f 1757/2/4 1756/2/4 1758/2/4
f 1759/3/4 1760/3/4 1761/3/4
f 1761/3/4 1760/3/4 1762/3/4
f 1763/2/4 1764/2/4 1765/2/4
f 1765/2/4 1764/2/4 1766/2/4
f 1767/2/4 1768/2/4 1769/2/4
f 1769/2/4 1768/2/4 1770/2/4
f 1770/2/4 1771/2/4 1772/2/4
f 1772/2/4 1771/2/4 1773/2/4
f 1774/3/4 1775/3/4 1776/3/4
f 1776/3/4 1775/3/4 1777/3/4
f 1776/2/4 1777/2/4 1778/2/4
f 1778/2/4 1777/2/4 1779/2/4
f 1780/3/4 1781/3/4 1782/3/4
f 1782/3/4 1781/3/4 1783/3/4
f 1784/3/4 1785/3/4 1786/3/4
f 1786/3/4 1785/3/4 1787/3/4
f 1788/3/4 1789/3/4 1790/3/4
f 1790/3/4 1789/3/4 1791/3/4
f 1792/3/4 1793/3/4 1794/3/4
f 1794/3/4 1793/3/4 1795/3/4
f 1796/1/4 1797/1/4 1798/1/4
f 1798/1/4 1797/1/4 1799/1/4
f 1798/3/4 1799/3/4 1800/3/4
f 1800/3/4 1799/3/4 1801/3/4
f 1802/3/4 1803/3/4 1804/3/4
f 1804/3/4 1803/3/4 1805/3/4
f 1806/1/4 1807/1/4 1808/1/4
f 1808/1/4 1807/1/4 1809/1/4
f 1810/2/4 1811/2/4 1812/2/4
f 1812/2/4 1811/2/4 1813/2/4
f 1814/3/4 1815/3/4 1816/3/4
f 1816/3/4 1815/3/4 1817/3/4
f 1818/1/4 1819/1/4 1820/1/4
f 1820/1/4 1819/1/4 1821/1/4
f 1820/3/4 1821/3/4 1822/3/4
f 1822/3/4 1821/3/4 1823/3/4
f 1824/2/4 1825/2/4 1826/2/4
f 1826/2/4 1825/2/4 1827/2/4
f 1828/2/4 1829/2/4 1830/2/4
f 1830/2/4 1829/2/4 1831/2/4
f 1832/3/4 1833/3/4 1834/3/4
f 1834/3/4 1833/3/4 1835/3/4
f 1836/2/4 1837/2/4 1838/2/4
f 1838/2/4 1837/2/4 1839/2/4
f 1840/3/4 1841/3/4 1842/3/4
f 1842/3/4 1841/3/4 1843/3/4
f 1844/2/4 1845/2/4 1846/2/4
f 1846/2/4 1845/2/4 1847/2/4
f 1848/2/4 1849/2/4 1850/2/4
f 1850/2/4 1849/2/4 1851/2/4
f 1850/1/4 1851/1/4 1852/1/4
f 1852/1/4 1851/1/4 1853/1/4
f 1854/3/4 1855/3/4 1856/3/4
f 1856/3/4 1855/3/4 1857/3/4
f 1858/3/4 1859/3/4 1860/3/4
f 1860/3/4 1859/3/4 1861/3/4
f 1862/2/4 1863/2/4 1864/2/4
f 1864/2/4 1863/2/4 1865/2/4
f 1866/3/4 1867/3/4 1868/3/4
f 1868/3/4 1867/3/4 1869/3/4
f 1870/3/4 1871/3/4 1872/3/4
f 1872/3/4 1871/3/4 1873/3/4
f 1874/1/4 1875/1/4 1876/1/4
f 1876/1/4 1875/1/4 1877/1/4
f 1878/1/4 1879/1/4 1880/1/4
f 1880/1/4 1879/1/4 1881/1/4
f 1910/1/5 1883/1/5 1882/1/5
f 1911/1/5 1883/1/5 1910/1/5
f 1912/2/5 1884/2/5 1883/2/5
f 1913/3/5 1885/3/5 1884/3/5
f 1913/2/5 1884/2/5 1912/2/5
f 1914/1/5 1886/1/5 1885/1/5
f 1914/3/5 1885/3/5 1913/3/5
f 1915/1/5 1886/1/5 1914/1/5
f 1916/3/5 1887/3/5 1886/3/5
f 1916/1/5 1886/1/5 1915/1/5
f 1917/3/5 1887/3/5 1916/3/5
f 1918/2/5 1888/2/5 1887/2/5
f 1918/3/5 1887/3/5 1917/3/5
f 1919/1/5 1889/1/5 1888/1/5
f 1919/2/5 1888/2/5 1918/2/5
f 1920/2/5 1890/2/5 1889/2/5
f 1920/1/5 1889/1/5 1919/1/5
f 1921/1/5 1891/1/5 1890/1/5
f 1921/2/5 1890/2/5 1920/2/5
f 1922/3/5 1892/3/5 1891/3/5
f 1922/1/5 1891/1/5 1921/1/5
f 1923/1/5 1893/1/5 1892/1/5
f 1923/3/5 1892/3/5 1922/3/5
f 1924/3/5 1894/3/5 1893/3/5
f 1924/2/5 1895/2/5 1894/2/5
f 1925/1/5 1896/1/5 1895/1/5
f 1925/2/5 1895/2/5 1924/2/5
f 1926/2/5 1897/2/5 1896/2/5
f 1926/3/5 1898/3/5 1897/3/5
f 1927/2/5 1899/2/5 1898/2/5
f 1927/3/5 1898/3/5 1926/3/5
f 1928/2/5 1899/2/5 1927/2/5
f 1929/3/5 1900/3/5 1899/3/5
f 1929/2/5 1899/2/5 1928/2/5
f 1930/3/5 1900/3/5 1929/3/5
f 1931/2/5 1901/2/5 1900/2/5
f 1931/3/5 1900/3/5 1930/3/5
f 1932/1/5 1902/1/5 1901/1/5
f 1932/2/5 1901/2/5 1931/2/5
f 1933/1/5 1902/1/5 1932/1/5
f 1934/2/5 1903/2/5 1902/2/5
f 1934/1/5 1904/1/5 1903/1/5
f 1935/3/5 1905/3/5 1904/3/5
f 1935/1/5 1904/1/5 1934/1/5
f 1936/2/5 1906/2/5 1905/2/5
f 1936/3/5 1905/3/5 1935/3/5
f 1937/2/5 1906/2/5 1936/2/5
f 1938/2/5 1906/2/5 1937/2/5
f 1939/3/5 1908/3/5 1907/3/5
f 1940/3/5 1908/3/5 1939/3/5
f 1941/1/5 1910/1/5 1909/1/5
f 1942/1/5 1910/1/5 1941/1/5
f 1943/1/5 1883/1/5 1911/1/5
f 1944/2/5 1912/2/5 1883/2/5
f 1944/1/5 1883/1/5 1943/1/5
f 1945/1/5 1913/1/5 1912/1/5
f 1945/2/5 1912/2/5 1944/2/5
f 1946/2/5 1914/2/5 1913/2/5
f 1946/1/5 1913/1/5 1945/1/5
f 1947/3/5 1915/3/5 1914/3/5
f 1947/2/5 1914/2/5 1946/2/5
f 1948/2/5 1917/2/5 1916/2/5
f 1948/3/5 1915/3/5 1947/3/5
f 1948/2/5 1916/2/5 1915/2/5
f 1949/2/5 1917/2/5 1948/2/5
f 1950/3/5 1918/3/5 1917/3/5
f 1950/2/5 1917/2/5 1949/2/5
f 1950/3/5 1919/3/5 1918/3/5
f 1951/3/5 1919/3/5 1950/3/5
f 1952/2/5 1920/2/5 1919/2/5
f 1952/3/5 1919/3/5 1951/3/5
f 1953/1/5 1921/1/5 1920/1/5
f 1953/2/5 1920/2/5 1952/2/5
f 1953/1/5 1922/1/5 1921/1/5
f 1953/1/5 1923/1/5 1922/1/5
f 1954/1/5 1923/1/5 1953/1/5
f 1955/1/5 1923/1/5 1954/1/5
f 1956/1/5 1923/1/5 1955/1/5
f 1957/1/5 1923/1/5 1956/1/5
f 1958/1/5 1893/1/5 1923/1/5
f 1958/1/5 1923/1/5 1957/1/5
f 1959/3/5 1924/3/5 1893/3/5
f 1959/1/5 1893/1/5 1958/1/5
f 1960/1/5 1925/1/5 1924/1/5
f 1960/3/5 1924/3/5 1959/3/5
f 1961/1/5 1896/1/5 1925/1/5
f 1961/1/5 1925/1/5 1960/1/5
f 1962/2/5 1926/2/5 1896/2/5
f 1962/1/5 1896/1/5 1961/1/5
f 1962/2/5 1928/2/5 1927/2/5
f 1962/2/5 1927/2/5 1926/2/5
f 1963/2/5 1928/2/5 1962/2/5
f 1964/2/5 1928/2/5 1963/2/5
f 1965/2/5 1928/2/5 1964/2/5
f 1966/1/5 1929/1/5 1928/1/5
f 1966/2/5 1928/2/5 1965/2/5
f 1967/2/5 1930/2/5 1929/2/5
f 1967/1/5 1929/1/5 1966/1/5
f 1968/3/5 1931/3/5 1930/3/5
f 1968/2/5 1930/2/5 1967/2/5
f 1969/1/5 1932/1/5 1931/1/5
f 1969/3/5 1931/3/5 1968/3/5
f 1970/3/5 1933/3/5 1932/3/5
f 1970/1/5 1932/1/5 1969/1/5
f 1971/1/5 1902/1/5 1933/1/5
f 1971/3/5 1933/3/5 1970/3/5
f 1972/2/5 1934/2/5 1902/2/5
f 1972/1/5 1902/1/5 1971/1/5
f 1972/2/5 1935/2/5 1934/2/5
f 1973/2/5 1935/2/5 1972/2/5
f 1974/1/5 1936/1/5 1935/1/5
f 1974/2/5 1935/2/5 1973/2/5
f 1975/1/5 1936/1/5 1974/1/5
f 1976/3/5 1938/3/5 1937/3/5
f 1977/3/5 1938/3/5 1976/3/5
f 1980/1/5 1945/1/5 1944/1/5
f 1981/3/5 1946/3/5 1945/3/5
f 1981/1/5 1945/1/5 1980/1/5
f 1982/1/5 1947/1/5 1946/1/5
f 1982/3/5 1946/3/5 1981/3/5
f 1983/2/5 1948/2/5 1947/2/5
f 1983/1/5 1947/1/5 1982/1/5
f 1984/3/5 1949/3/5 1948/3/5
f 1984/2/5 1951/2/5 1950/2/5
f 1984/2/5 1950/2/5 1949/2/5
f 1985/1/5 1952/1/5 1951/1/5
f 1985/2/5 1951/2/5 1984/2/5
f 1986/2/5 1954/2/5 1953/2/5
f 1986/1/5 1952/1/5 1985/1/5
f 1986/2/5 1953/2/5 1952/2/5
f 1987/3/5 1955/3/5 1954/3/5
f 1987/2/5 1954/2/5 1986/2/5
f 1988/1/5 1956/1/5 1955/1/5
f 1988/3/5 1955/3/5 1987/3/5
f 1989/2/5 1957/2/5 1956/2/5
f 1989/1/5 1956/1/5 1988/1/5
f 1990/3/5 1958/3/5 1957/3/5
f 1990/2/5 1957/2/5 1989/2/5
f 1991/1/5 1959/1/5 1958/1/5
f 1991/3/5 1958/3/5 1990/3/5
f 1992/1/5 1959/1/5 1991/1/5
f 1994/2/5 1963/2/5 1962/2/5
f 1994/2/5 1962/2/5 1961/2/5
f 1995/2/5 1963/2/5 1994/2/5
f 1996/1/5 1964/1/5 1963/1/5
f 1996/2/5 1963/2/5 1995/2/5
f 1997/3/5 1965/3/5 1964/3/5
f 1997/1/5 1964/1/5 1996/1/5
f 1998/1/5 1966/1/5 1965/1/5
f 1998/3/5 1965/3/5 1997/3/5
f 1998/1/5 1967/1/5 1966/1/5
f 1999/1/5 1967/1/5 1998/1/5
f 2000/1/5 1967/1/5 1999/1/5
f 2001/3/5 1968/3/5 1967/3/5
f 2001/1/5 1967/1/5 2000/1/5
f 2002/1/5 1969/1/5 1968/1/5
f 2002/3/5 1968/3/5 2001/3/5
f 2003/3/5 1970/3/5 1969/3/5
f 2003/1/5 1969/1/5 2002/1/5
f 2004/2/5 1972/2/5 1971/2/5
f 2004/3/5 1970/3/5 2003/3/5
f 2004/2/5 1971/2/5 1970/2/5
f 2005/2/5 1972/2/5 2004/2/5
f 2006/3/5 1973/3/5 1972/3/5
f 2006/2/5 1972/2/5 2005/2/5
f 2007/2/5 1974/2/5 1973/2/5
f 2007/3/5 1973/3/5 2006/3/5
f 2008/3/5 1975/3/5 1974/3/5
f 2008/2/5 1974/2/5 2007/2/5
f 2009/3/5 1975/3/5 2008/3/5
f 2012/1/5 1979/1/5 1978/1/5
f 2013/1/5 1979/1/5 2012/1/5
f 2016/2/5 1982/2/5 1981/2/5
f 2017/3/5 1983/3/5 1982/3/5
f 2017/2/5 1982/2/5 2016/2/5
f 2018/2/5 1948/2/5 1983/2/5
f 2018/3/5 1983/3/5 2017/3/5
f 2019/3/5 1984/3/5 1948/3/5
f 2019/2/5 1948/2/5 2018/2/5
f 2020/1/5 1985/1/5 1984/1/5
f 2020/3/5 1984/3/5 2019/3/5
f 2021/1/5 1985/1/5 2020/1/5
f 2022/3/5 1986/3/5 1985/3/5
f 2022/1/5 1985/1/5 2021/1/5
f 2023/1/5 1987/1/5 1986/1/5
f 2023/3/5 1986/3/5 2022/3/5
f 2024/1/5 1987/1/5 2023/1/5
f 2025/3/5 1988/3/5 1987/3/5
f 2025/1/5 1987/1/5 2024/1/5
f 2026/2/5 1989/2/5 1988/2/5
f 2026/3/5 1988/3/5 2025/3/5
f 2027/1/5 1990/1/5 1989/1/5
f 2027/2/5 1989/2/5 2026/2/5
f 2027/1/5 1991/1/5 1990/1/5
f 2028/1/5 1991/1/5 2027/1/5
f 2029/2/5 1993/2/5 1992/2/5
f 2029/1/5 1991/1/5 2028/1/5
f 2029/2/5 1992/2/5 1991/2/5
f 2030/3/5 1994/3/5 1993/3/5
f 2030/2/5 1993/2/5 2029/2/5
f 2031/2/5 1995/2/5 1994/2/5
f 2031/3/5 1994/3/5 2030/3/5
f 2032/3/5 1997/3/5 1996/3/5
f 2032/2/5 1995/2/5 2031/2/5
f 2032/3/5 1996/3/5 1995/3/5
f 2033/3/5 1997/3/5 2032/3/5
f 2034/2/5 1998/2/5 1997/2/5
f 2034/3/5 1997/3/5 2033/3/5
f 2035/3/5 1999/3/5 1998/3/5
f 2035/2/5 1998/2/5 2034/2/5
f 2036/2/5 2000/2/5 1999/2/5
f 2036/3/5 1999/3/5 2035/3/5
f 2037/1/5 2001/1/5 2000/1/5
f 2037/2/5 2000/2/5 2036/2/5
f 2038/2/5 2002/2/5 2001/2/5
f 2038/1/5 2001/1/5 2037/1/5
f 2039/1/5 2003/1/5 2002/1/5
f 2039/2/5 2002/2/5 2038/2/5
f 2040/2/5 2004/2/5 2003/2/5
f 2040/1/5 2003/1/5 2039/1/5
f 2041/1/5 2005/1/5 2004/1/5
f 2041/2/5 2004/2/5 2040/2/5
f 2042/3/5 2006/3/5 2005/3/5
f 2042/1/5 2005/1/5 2041/1/5
f 2043/1/5 2007/1/5 2006/1/5
f 2043/3/5 2006/3/5 2042/3/5
f 2044/1/5 2007/1/5 2043/1/5
f 2045/3/5 2010/3/5 2009/3/5
f 2045/3/5 2009/3/5 2008/3/5
f 2046/3/5 2010/3/5 2045/3/5
f 2047/3/5 2010/3/5 2046/3/5
f 2049/3/5 2012/3/5 2011/3/5
f 2050/3/5 2012/3/5 2049/3/5
f 2051/2/5 2015/2/5 2014/2/5
f 2052/2/5 2015/2/5 2051/2/5
f 2053/1/5 2017/1/5 2016/1/5
f 2054/3/5 2018/3/5 2017/3/5
f 2054/1/5 2017/1/5 2053/1/5
f 2055/1/5 2019/1/5 2018/1/5
f 2055/3/5 2018/3/5 2054/3/5
f 2055/1/5 2020/1/5 2019/1/5
f 2056/1/5 2020/1/5 2055/1/5
f 2057/2/5 2021/2/5 2020/2/5
f 2057/1/5 2020/1/5 2056/1/5
f 2058/1/5 2022/1/5 2021/1/5
f 2058/2/5 2021/2/5 2057/2/5
f 2058/1/5 2023/1/5 2022/1/5
f 2059/1/5 2023/1/5 2058/1/5
f 2060/2/5 2024/2/5 2023/2/5
f 2060/1/5 2023/1/5 2059/1/5
f 2061/1/5 2025/1/5 2024/1/5
f 2061/2/5 2024/2/5 2060/2/5
f 2062/2/5 2026/2/5 2025/2/5
f 2062/1/5 2025/1/5 2061/1/5
f 2063/1/5 2027/1/5 2026/1/5
f 2063/2/5 2026/2/5 2062/2/5
f 2064/3/5 2028/3/5 2027/3/5
f 2064/1/5 2027/1/5 2063/1/5
f 2065/1/5 2029/1/5 2028/1/5
f 2065/3/5 2028/3/5 2064/3/5
f 2066/3/5 2030/3/5 2029/3/5
f 2066/1/5 2029/1/5 2065/1/5
f 2067/3/5 2030/3/5 2066/3/5
f 2068/1/5 2031/1/5 2030/1/5
f 2068/3/5 2030/3/5 2067/3/5
f 2068/1/5 2033/1/5 2032/1/5
f 2068/1/5 2032/1/5 2031/1/5
f 2069/1/5 2033/1/5 2068/1/5
f 2070/1/5 2033/1/5 2069/1/5
f 2071/2/5 2034/2/5 2033/2/5
f 2071/1/5 2033/1/5 2070/1/5
f 2072/1/5 2035/1/5 2034/1/5
f 2072/2/5 2034/2/5 2071/2/5
f 2073/3/5 2037/3/5 2036/3/5
f 2073/1/5 2035/1/5 2072/1/5
f 2073/3/5 2036/3/5 2035/3/5
f 2074/3/5 2037/3/5 2073/3/5
f 2075/2/5 2038/2/5 2037/2/5
f 2075/3/5 2037/3/5 2074/3/5
f 2076/3/5 2040/3/5 2039/3/5
f 2076/2/5 2038/2/5 2075/2/5
f 2076/3/5 2039/3/5 2038/3/5
f 2077/3/5 2040/3/5 2076/3/5
f 2078/1/5 2041/1/5 2040/1/5
f 2078/3/5 2040/3/5 2077/3/5
f 2079/3/5 2042/3/5 2041/3/5
f 2079/1/5 2041/1/5 2078/1/5
f 2079/3/5 2043/3/5 2042/3/5
f 2080/3/5 2043/3/5 2079/3/5
f 2081/2/5 2044/2/5 2043/2/5
f 2081/3/5 2043/3/5 2080/3/5
f 2082/1/5 2045/1/5 2044/1/5
f 2082/2/5 2044/2/5 2081/2/5
f 2082/1/5 2046/1/5 2045/1/5
f 2083/1/5 2046/1/5 2082/1/5
f 2084/1/5 2046/1/5 2083/1/5
f 2085/2/5 2049/2/5 2048/2/5
f 2086/1/5 2050/1/5 2049/1/5
f 2086/2/5 2049/2/5 2085/2/5
f 2087/1/5 2050/1/5 2086/1/5
f 2088/2/5 2054/2/5 2053/2/5
f 2088/2/5 2055/2/5 2054/2/5
f 2089/2/5 2055/2/5 2088/2/5
f 2090/1/5 2056/1/5 2055/1/5
f 2090/2/5 2055/2/5 2089/2/5
f 2091/1/5 2056/1/5 2090/1/5
f 2093/2/5 2059/2/5 2058/2/5
f 2094/3/5 2060/3/5 2059/3/5
f 2094/2/5 2059/2/5 2093/2/5
f 2095/3/5 2060/3/5 2094/3/5
f 2096/3/5 2062/3/5 2061/3/5
f 2097/1/5 2064/1/5 2063/1/5
f 2097/1/5 2063/1/5 2062/1/5
f 2097/3/5 2062/3/5 2096/3/5
f 2098/1/5 2064/1/5 2097/1/5
f 2099/2/5 2065/2/5 2064/2/5
f 2099/1/5 2064/1/5 2098/1/5
f 2099/2/5 2066/2/5 2065/2/5
f 2100/2/5 2066/2/5 2099/2/5
f 2101/3/5 2067/3/5 2066/3/5
f 2101/2/5 2066/2/5 2100/2/5
f 2102/2/5 2068/2/5 2067/2/5
f 2102/3/5 2067/3/5 2101/3/5
f 2103/1/5 2069/1/5 2068/1/5
f 2103/2/5 2068/2/5 2102/2/5
f 2104/3/5 2070/3/5 2069/3/5
f 2104/1/5 2069/1/5 2103/1/5
f 2105/1/5 2072/1/5 2071/1/5
f 2105/3/5 2070/3/5 2104/3/5
f 2105/1/5 2071/1/5 2070/1/5
f 2106/1/5 2072/1/5 2105/1/5
f 2107/2/5 2074/2/5 2073/2/5
f 2107/3/5 2073/3/5 2072/3/5
f 2108/2/5 2074/2/5 2107/2/5
f 2109/1/5 2076/1/5 2075/1/5
f 2110/3/5 2077/3/5 2076/3/5
f 2110/1/5 2076/1/5 2109/1/5
f 2111/2/5 2078/2/5 2077/2/5
f 2111/3/5 2077/3/5 2110/3/5
f 2112/3/5 2079/3/5 2078/3/5
f 2112/2/5 2078/2/5 2111/2/5
f 2113/1/5 2080/1/5 2079/1/5
f 2113/3/5 2079/3/5 2112/3/5
f 2114/2/5 2081/2/5 2080/2/5
f 2114/1/5 2080/1/5 2113/1/5
f 2115/3/5 2082/3/5 2081/3/5
f 2115/2/5 2081/2/5 2114/2/5
f 2116/1/5 2083/1/5 2082/1/5
f 2116/3/5 2082/3/5 2115/3/5
f 2117/1/5 2083/1/5 2116/1/5
f 2118/1/5 2086/1/5 2085/1/5
f 2119/1/5 2086/1/5 2118/1/5
f 2120/1/5 2090/1/5 2089/1/5
f 2120/2/5 2091/2/5 2090/2/5
f 2121/3/5 2092/3/5 2091/3/5
f 2121/2/5 2091/2/5 2120/2/5
f 2122/3/5 2092/3/5 2121/3/5
f 2124/2/5 2096/2/5 2095/2/5
f 2125/1/5 2097/1/5 2096/1/5
f 2125/2/5 2096/2/5 2124/2/5
f 2126/1/5 2097/1/5 2125/1/5
f 2127/1/5 2099/1/5 2098/1/5
f 2128/3/5 2100/3/5 2099/3/5
f 2128/1/5 2099/1/5 2127/1/5
f 2129/2/5 2101/2/5 2100/2/5
f 2129/3/5 2100/3/5 2128/3/5
f 2130/1/5 2102/1/5 2101/1/5
f 2130/2/5 2101/2/5 2129/2/5
f 2131/1/5 2102/1/5 2130/1/5
f 2132/3/5 2104/3/5 2103/3/5
f 2133/2/5 2105/2/5 2104/2/5
f 2133/3/5 2104/3/5 2132/3/5
f 2134/3/5 2106/3/5 2105/3/5
f 2134/2/5 2105/2/5 2133/2/5
f 2135/1/5 2072/1/5 2106/1/5
f 2135/3/5 2106/3/5 2134/3/5
f 2136/3/5 2109/3/5 2108/3/5
f 2136/1/5 2072/1/5 2135/1/5
f 2136/3/5 2108/3/5 2107/3/5
f 2136/3/5 2107/3/5 2072/3/5
f 2137/2/5 2110/2/5 2109/2/5
f 2137/3/5 2109/3/5 2136/3/5
f 2138/1/5 2111/1/5 2110/1/5
f 2138/2/5 2110/2/5 2137/2/5
f 2139/3/5 2112/3/5 2111/3/5
f 2139/1/5 2111/1/5 2138/1/5
f 2140/3/5 2112/3/5 2139/3/5
f 2141/2/5 2114/2/5 2113/2/5
f 2142/1/5 2115/1/5 2114/1/5
f 2142/2/5 2114/2/5 2141/2/5
f 2143/3/5 2117/3/5 2116/3/5
f 2143/1/5 2115/1/5 2142/1/5
f 2143/3/5 2116/3/5 2115/3/5
f 2144/3/5 2117/3/5 2143/3/5
f 2145/3/5 2117/3/5 2144/3/5
f 2146/1/5 2120/1/5 2089/1/5
f 2147/1/5 2120/1/5 2146/1/5
f 2148/2/5 2122/2/5 2121/2/5
f 2149/1/5 2123/1/5 2122/1/5
f 2149/2/5 2122/2/5 2148/2/5
f 2150/1/5 2123/1/5 2149/1/5
f 2152/1/5 2127/1/5 2126/1/5
f 2152/1/5 2126/1/5 2125/1/5
f 2153/1/5 2127/1/5 2152/1/5
f 2154/1/5 2127/1/5 2153/1/5
f 2156/2/5 2130/2/5 2129/2/5
f 2157/2/5 2130/2/5 2156/2/5
f 2158/1/5 2132/1/5 2131/1/5
f 2159/2/5 2133/2/5 2132/2/5
f 2159/1/5 2132/1/5 2158/1/5
f 2160/2/5 2133/2/5 2159/2/5
f 2161/2/5 2135/2/5 2134/2/5
f 2162/2/5 2135/2/5 2161/2/5
f 2163/2/5 2137/2/5 2136/2/5
f 2164/2/5 2137/2/5 2163/2/5
f 2165/2/5 2137/2/5 2164/2/5
f 2166/1/5 2138/1/5 2137/1/5
f 2166/2/5 2137/2/5 2165/2/5
f 2167/3/5 2139/3/5 2138/3/5
f 2167/1/5 2138/1/5 2166/1/5
f 2168/3/5 2139/3/5 2167/3/5
f 2169/2/5 2141/2/5 2140/2/5
f 2170/3/5 2142/3/5 2141/3/5
f 2170/2/5 2141/2/5 2169/2/5
f 2171/2/5 2144/2/5 2143/2/5
f 2171/3/5 2142/3/5 2170/3/5
f 2171/2/5 2143/2/5 2142/2/5
f 2172/2/5 2144/2/5 2171/2/5
f 2175/3/5 2150/3/5 2149/3/5
f 2176/1/5 2151/1/5 2150/1/5
f 2176/3/5 2150/3/5 2175/3/5
f 2177/1/5 2151/1/5 2176/1/5
f 2178/3/5 2154/3/5 2153/3/5
f 2179/2/5 2155/2/5 2154/2/5
f 2179/3/5 2154/3/5 2178/3/5
f 2180/2/5 2155/2/5 2179/2/5
f 2181/1/5 2157/1/5 2156/1/5
f 2182/2/5 2158/2/5 2157/2/5
f 2182/1/5 2157/1/5 2181/1/5
f 2183/2/5 2158/2/5 2182/2/5
f 2184/3/5 2160/3/5 2159/3/5
f 2185/1/5 2161/1/5 2160/1/5
f 2185/3/5 2160/3/5 2184/3/5
f 2186/1/5 2161/1/5 2185/1/5
f 2188/3/5 2164/3/5 2163/3/5
f 2189/2/5 2165/2/5 2164/2/5
f 2189/3/5 2164/3/5 2188/3/5
f 2190/2/5 2165/2/5 2189/2/5
f 2193/1/5 2169/1/5 2168/1/5
f 2194/2/5 2170/2/5 2169/2/5
f 2194/1/5 2169/1/5 2193/1/5
f 2195/2/5 2170/2/5 2194/2/5
f 2198/3/5 2174/3/5 2173/3/5
f 2199/3/5 2174/3/5 2198/3/5
f 2200/2/5 2177/2/5 2176/2/5
f 2201/2/5 2177/2/5 2200/2/5
f 2202/2/5 2180/2/5 2179/2/5
f 2203/1/5 2181/1/5 2180/1/5
f 2203/2/5 2180/2/5 2202/2/5
f 2204/1/5 2181/1/5 2203/1/5
f 2205/3/5 2183/3/5 2182/3/5
f 2206/2/5 2184/2/5 2183/2/5
f 2206/3/5 2183/3/5 2205/3/5
f 2207/3/5 2186/3/5 2185/3/5
f 2207/2/5 2184/2/5 2206/2/5
f 2207/3/5 2185/3/5 2184/3/5
f 2208/1/5 2188/1/5 2187/1/5
f 2208/3/5 2189/3/5 2188/3/5
f 2209/3/5 2189/3/5 2208/3/5
f 2211/1/5 2192/1/5 2191/1/5
f 2212/3/5 2193/3/5 2192/3/5
f 2212/1/5 2192/1/5 2211/1/5
f 2213/3/5 2193/3/5 2212/3/5
f 2214/3/5 2197/3/5 2196/3/5
f 2215/3/5 2197/3/5 2214/3/5
f 2218/1/5 2204/1/5 2203/1/5
f 2219/3/5 2205/3/5 2204/3/5
f 2219/1/5 2204/1/5 2218/1/5
f 2220/3/5 2205/3/5 2219/3/5
f 2221/3/5 2186/3/5 2207/3/5
f 2222/3/5 2186/3/5 2221/3/5
f 2223/1/5 2208/1/5 2187/1/5
f 2224/3/5 2210/3/5 2209/3/5
f 2225/2/5 2211/2/5 2210/2/5
f 2225/2/5 2212/2/5 2211/2/5
f 2225/3/5 2210/3/5 2224/3/5
f 2226/2/5 2212/2/5 2225/2/5
f 2229/3/5 2217/3/5 2216/3/5
f 2230/3/5 2217/3/5 2229/3/5
f 2233/1/5 2223/1/5 2187/1/5
f 2233/1/5 2224/1/5 2223/1/5
f 2234/3/5 2225/3/5 2224/3/5
f 2234/1/5 2224/1/5 2233/1/5
f 2235/3/5 2225/3/5 2234/3/5
f 2236/2/5 2228/2/5 2227/2/5
f 2237/2/5 2228/2/5 2236/2/5
f 2244/2/5 2232/2/5 2231/2/5
f 2245/2/5 2232/2/5 2244/2/5
f 2246/2/5 2232/2/5 2245/2/5
f 2247/2/5 2239/2/5 2238/2/5
f 2248/2/5 2239/2/5 2247/2/5
f 2249/3/5 2241/3/5 2240/3/5
f 2250/3/5 2241/3/5 2249/3/5
f 2251/2/5 2243/2/5 2242/2/5
f 2252/2/5 2243/2/5 2251/2/5
f 2253/3/5 2246/3/5 2245/3/5
f 2254/3/5 2246/3/5 2253/3/5
f 2258/1/5 2248/1/5 2247/1/5
f 2259/2/5 2256/2/5 2255/2/5
f 2260/2/5 2256/2/5 2259/2/5
f 2265/2/5 2258/2/5 2257/2/5
f 2266/1/5 2248/1/5 2258/1/5
f 2266/2/5 2258/2/5 2265/2/5
f 2267/1/5 2248/1/5 2266/1/5
f 2268/3/5 2262/3/5 2261/3/5
f 2269/3/5 2262/3/5 2268/3/5
f 2270/3/5 2264/3/5 2263/3/5
f 2271/3/5 2264/3/5 2270/3/5
f 2274/2/5 2273/2/5 2272/2/5
f 2275/2/5 2273/2/5 2274/2/5
f 2280/3/5 2277/3/5 2276/3/5
f 2281/3/5 2277/3/5 2280/3/5
f 2282/1/5 2279/1/5 2278/1/5
f 2283/1/5 2279/1/5 2282/1/5
f 2286/3/5 2283/3/5 2282/3/5
f 2287/3/5 2283/3/5 2286/3/5
f 2288/1/5 2285/1/5 2284/1/5
f 2289/1/5 2285/1/5 2288/1/5
f 2292/1/5 2291/1/5 2290/1/5
f 2293/1/5 2291/1/5 2292/1/5
f 2297/1/5 2295/1/5 2294/1/5
f 2297/1/5 2296/1/5 2295/1/5
f 2298/1/5 2296/1/5 2297/1/5
f 2299/1/5 2296/1/5 2298/1/5
f 2302/2/5 2301/2/5 2300/2/5
f 2303/2/5 2301/2/5 2302/2/5
f 2306/2/5 2305/2/5 2304/2/5
f 2307/2/5 2305/2/5 2306/2/5
f 2308/1/6 2309/1/6 2326/1/6
f 2326/1/6 2309/1/6 2327/1/6
f 2310/3/6 2311/3/6 2330/3/6
f 2330/3/6 2311/3/6 2331/3/6
f 2312/2/6 2313/2/6 2334/2/6
f 2313/1/6 2314/1/6 2335/1/6
f 2334/2/6 2313/2/6 2335/2/6
f 2335/1/6 2314/1/6 2336/1/6
f 2315/3/6 2316/3/6 2337/3/6
f 2337/3/6 2316/3/6 2338/3/6
f 2317/1/6 2318/1/6 2342/1/6
f 2342/1/6 2318/1/6 2343/1/6
f 2318/2/6 2319/2/6 2344/2/6
f 2343/1/6 2318/1/6 2344/1/6
f 2319/1/6 2320/1/6 2345/1/6
f 2344/2/6 2319/2/6 2345/2/6
f 2320/3/6 2321/3/6 2346/3/6
f 2345/1/6 2320/1/6 2346/1/6
f 2321/2/6 2322/2/6 2347/2/6
f 2346/3/6 2321/3/6 2347/3/6
f 2347/2/6 2322/2/6 2348/2/6
f 2348/2/6 2322/2/6 2349/2/6
f 2323/3/6 2324/3/6 2350/3/6
f 2350/3/6 2324/3/6 2351/3/6
f 2325/1/6 2326/1/6 2352/1/6
f 2352/1/6 2326/1/6 2353/1/6
f 2327/1/6 2328/1/6 2354/1/6
f 2328/2/6 2329/2/6 2355/2/6
f 2354/1/6 2328/1/6 2355/1/6
f 2355/2/6 2329/2/6 2356/2/6
f 2330/2/6 2331/2/6 2357/2/6
f 2357/2/6 2331/2/6 2358/2/6
f 2332/3/6 2333/3/6 2362/3/6
f 2333/2/6 2334/2/6 2363/2/6
f 2362/3/6 2333/3/6 2363/3/6
f 2363/2/6 2334/2/6 2364/2/6
f 2336/1/6 2337/1/6 2365/1/6
f 2365/1/6 2337/1/6 2366/1/6
f 2366/1/6 2337/1/6 2367/1/6
f 2339/2/6 2340/2/6 2373/2/6
f 2340/3/6 2341/3/6 2374/3/6
f 2373/2/6 2340/2/6 2374/2/6
f 2341/1/6 2342/1/6 2375/1/6
f 2374/3/6 2341/3/6 2375/3/6
f 2375/1/6 2342/1/6 2376/1/6
f 2345/2/6 2346/2/6 2379/2/6
f 2346/1/6 2347/1/6 2380/1/6
f 2379/2/6 2346/2/6 2380/2/6
f 2380/1/6 2347/1/6 2381/1/6
f 2348/3/6 2349/3/6 2382/3/6
f 2382/3/6 2349/3/6 2383/3/6
f 2355/1/6 2356/1/6 2386/1/6
f 2356/3/6 2357/3/6 2387/3/6
f 2386/1/6 2356/1/6 2387/1/6
f 2357/1/6 2358/1/6 2388/1/6
f 2387/3/6 2357/3/6 2388/3/6
f 2358/2/6 2359/2/6 2389/2/6
f 2388/1/6 2358/1/6 2389/1/6
f 2359/3/6 2360/3/6 2390/3/6
f 2389/2/6 2359/2/6 2390/2/6
f 2390/3/6 2360/3/6 2391/3/6
f 2361/2/6 2362/2/6 2392/2/6
f 2362/1/6 2363/1/6 2393/1/6
f 2392/2/6 2362/2/6 2393/2/6
f 2393/1/6 2363/1/6 2394/1/6
f 2368/1/6 2369/1/6 2397/1/6
f 2397/1/6 2369/1/6 2398/1/6
f 2370/2/6 2371/2/6 2399/2/6
f 2399/2/6 2371/2/6 2400/2/6
f 2372/1/6 2373/1/6 2403/1/6
f 2373/3/6 2374/3/6 2404/3/6
f 2403/1/6 2373/1/6 2404/1/6
f 2404/3/6 2374/3/6 2405/3/6
f 2375/3/6 2376/3/6 2406/3/6
f 2376/2/6 2377/2/6 2407/2/6
f 2406/3/6 2376/3/6 2407/3/6
f 2407/2/6 2377/2/6 2408/2/6
f 2378/3/6 2379/3/6 2409/3/6
f 2379/2/6 2380/2/6 2410/2/6
f 2409/3/6 2379/3/6 2410/3/6
f 2380/3/6 2381/3/6 2411/3/6
f 2410/2/6 2380/2/6 2411/2/6
f 2411/3/6 2381/3/6 2412/3/6
f 2384/1/6 2385/1/6 2415/1/6
f 2415/1/6 2385/1/6 2416/1/6
f 2387/2/6 2388/2/6 2419/2/6
f 2419/2/6 2388/2/6 2420/2/6
f 2390/3/6 2391/3/6 2422/3/6
f 2391/1/6 2392/1/6 2423/1/6
f 2392/1/6 2393/1/6 2423/1/6
f 2422/3/6 2391/3/6 2423/3/6
f 2423/1/6 2393/1/6 2424/1/6
f 2394/1/6 2395/1/6 2425/1/6
f 2425/1/6 2395/1/6 2426/1/6
f 2396/1/6 2397/1/6 2429/1/6
f 2429/1/6 2397/1/6 2430/1/6
f 2397/2/6 2398/2/6 2431/2/6
f 2430/1/6 2397/1/6 2431/1/6
f 2431/2/6 2398/2/6 2432/2/6
f 2401/3/6 2402/3/6 2437/3/6
f 2402/2/6 2403/2/6 2438/2/6
f 2437/3/6 2402/3/6 2438/3/6
f 2438/2/6 2403/2/6 2439/2/6
f 2405/1/6 2406/1/6 2440/1/6
f 2406/2/6 2407/2/6 2441/2/6
f 2440/1/6 2406/1/6 2441/1/6
f 2407/1/6 2408/1/6 2442/1/6
f 2441/2/6 2407/2/6 2442/2/6
f 2408/3/6 2409/3/6 2443/3/6
f 2442/1/6 2408/1/6 2443/1/6
f 2409/1/6 2410/1/6 2444/1/6
f 2443/3/6 2409/3/6 2444/3/6
f 2444/1/6 2410/1/6 2445/1/6
f 2412/3/6 2413/3/6 2446/3/6
f 2411/3/6 2412/3/6 2446/3/6
f 2446/3/6 2413/3/6 2447/3/6
f 2447/3/6 2413/3/6 2448/3/6
f 2414/3/6 2415/3/6 2450/3/6
f 2450/3/6 2415/3/6 2451/3/6
f 2417/2/6 2418/2/6 2452/2/6
f 2452/2/6 2418/2/6 2453/2/6
f 2419/1/6 2420/1/6 2454/1/6
f 2454/1/6 2420/1/6 2455/1/6
f 2421/1/6 2422/1/6 2456/1/6
f 2422/1/6 2423/1/6 2456/1/6
f 2456/1/6 2423/1/6 2457/1/6
f 2457/1/6 2423/1/6 2458/1/6
f 2425/2/6 2426/2/6 2461/2/6
f 2426/1/6 2427/1/6 2462/1/6
f 2461/2/6 2426/2/6 2462/2/6
f 2427/2/6 2428/2/6 2463/2/6
f 2462/1/6 2427/1/6 2463/1/6
f 2463/2/6 2428/2/6 2464/2/6
f 2430/1/6 2431/1/6 2466/1/6
f 2466/1/6 2431/1/6 2467/1/6
f 2432/3/6 2433/3/6 2468/3/6
f 2468/3/6 2433/3/6 2469/3/6
f 2434/1/6 2435/1/6 2470/1/6
f 2470/1/6 2435/1/6 2471/1/6
f 2436/1/6 2437/1/6 2473/1/6
f 2437/3/6 2438/3/6 2474/3/6
f 2473/1/6 2437/1/6 2474/1/6
f 2474/3/6 2438/3/6 2475/3/6
f 2440/3/6 2441/3/6 2478/3/6
f 2478/3/6 2441/3/6 2479/3/6
f 2442/3/6 2443/3/6 2480/3/6
f 2443/3/6 2444/3/6 2480/3/6
f 2480/3/6 2444/3/6 2481/3/6
f 2444/2/6 2445/2/6 2482/2/6
f 2481/3/6 2444/3/6 2482/3/6
f 2446/1/6 2447/1/6 2483/1/6
f 2482/2/6 2445/2/6 2483/2/6
f 2445/1/6 2446/1/6 2483/1/6
f 2483/1/6 2447/1/6 2484/1/6
f 2484/1/6 2447/1/6 2485/1/6
f 2449/2/6 2450/2/6 2486/2/6
f 2450/1/6 2451/1/6 2487/1/6
f 2486/2/6 2450/2/6 2487/2/6
f 2487/1/6 2451/1/6 2488/1/6
f 2454/2/6 2455/2/6 2489/2/6
f 2455/2/6 2456/2/6 2489/2/6
f 2489/2/6 2456/2/6 2490/2/6
f 2456/1/6 2457/1/6 2491/1/6
f 2490/2/6 2456/2/6 2491/2/6
f 2491/1/6 2457/1/6 2492/1/6
f 2459/2/6 2460/2/6 2494/2/6
f 2460/3/6 2461/3/6 2495/3/6
f 2494/2/6 2460/2/6 2495/2/6
f 2495/3/6 2461/3/6 2496/3/6
f 2462/3/6 2463/3/6 2497/3/6
f 2464/1/6 2465/1/6 2498/1/6
f 2497/3/6 2463/3/6 2498/3/6
f 2463/1/6 2464/1/6 2498/1/6
f 2498/1/6 2465/1/6 2499/1/6
f 2465/2/6 2466/2/6 2500/2/6
f 2499/1/6 2465/1/6 2500/1/6
f 2500/2/6 2466/2/6 2501/2/6
f 2467/3/6 2468/3/6 2502/3/6
f 2468/2/6 2469/2/6 2503/2/6
f 2502/3/6 2468/3/6 2503/3/6
f 2469/1/6 2470/1/6 2504/1/6
f 2503/2/6 2469/2/6 2504/2/6
f 2470/3/6 2471/3/6 2505/3/6
f 2504/1/6 2470/1/6 2505/1/6
f 2471/1/6 2472/1/6 2506/1/6
f 2505/3/6 2471/3/6 2506/3/6
f 2472/1/6 2473/1/6 2506/1/6
f 2506/1/6 2473/1/6 2507/1/6
f 2507/1/6 2473/1/6 2508/1/6
f 2474/2/6 2475/2/6 2509/2/6
f 2509/2/6 2475/2/6 2510/2/6
f 2476/1/6 2477/1/6 2511/1/6
f 2477/3/6 2478/3/6 2512/3/6
f 2511/1/6 2477/1/6 2512/1/6
f 2478/2/6 2479/2/6 2513/2/6
f 2512/3/6 2478/3/6 2513/3/6
f 2513/2/6 2479/2/6 2514/2/6
f 2480/1/6 2481/1/6 2515/1/6
f 2481/2/6 2482/2/6 2516/2/6
f 2515/1/6 2481/1/6 2516/1/6
f 2516/2/6 2482/2/6 2517/2/6
f 2486/1/6 2487/1/6 2520/1/6
f 2520/1/6 2487/1/6 2521/1/6
f 2490/1/6 2491/1/6 2522/1/6
f 2491/2/6 2492/2/6 2522/2/6
f 2492/3/6 2493/3/6 2523/3/6
f 2522/2/6 2492/2/6 2523/2/6
f 2523/3/6 2493/3/6 2524/3/6
f 2499/1/6 2500/1/6 2528/1/6
f 2500/3/6 2501/3/6 2529/3/6
f 2528/1/6 2500/1/6 2529/1/6
f 2501/2/6 2502/2/6 2530/2/6
f 2529/3/6 2501/3/6 2530/3/6
f 2530/2/6 2502/2/6 2531/2/6
f 2504/3/6 2505/3/6 2533/3/6
f 2505/2/6 2506/2/6 2534/2/6
f 2533/3/6 2505/3/6 2534/3/6
f 2506/3/6 2507/3/6 2535/3/6
f 2534/2/6 2506/2/6 2535/2/6
f 2507/1/6 2508/1/6 2536/1/6
f 2535/3/6 2507/3/6 2536/3/6
f 2508/3/6 2509/3/6 2537/3/6
f 2536/1/6 2508/1/6 2537/1/6
f 2537/3/6 2509/3/6 2538/3/6
f 2511/2/6 2512/2/6 2539/2/6
f 2512/1/6 2513/1/6 2540/1/6
f 2539/2/6 2512/2/6 2540/2/6
f 2513/3/6 2514/3/6 2541/3/6
f 2540/1/6 2513/1/6 2541/1/6
f 2541/3/6 2514/3/6 2542/3/6
f 2515/2/6 2516/2/6 2543/2/6
f 2516/1/6 2517/1/6 2544/1/6
f 2543/2/6 2516/2/6 2544/2/6
f 2544/1/6 2517/1/6 2545/1/6
f 2518/3/6 2519/3/6 2546/3/6
f 2546/3/6 2519/3/6 2547/3/6
f 2490/1/6 2522/1/6 2548/1/6
f 2548/1/6 2522/1/6 2549/1/6
f 2523/2/6 2524/2/6 2550/2/6
f 2524/1/6 2525/1/6 2551/1/6
f 2550/2/6 2524/2/6 2551/2/6
f 2551/1/6 2525/1/6 2552/1/6
f 2526/1/6 2527/1/6 2554/1/6
f 2554/1/6 2527/1/6 2555/1/6
f 2530/2/6 2531/2/6 2557/2/6
f 2557/2/6 2531/2/6 2558/2/6
f 2532/1/6 2533/1/6 2559/1/6
f 2559/1/6 2533/1/6 2560/1/6
f 2537/2/6 2538/2/6 2563/2/6
f 2563/2/6 2538/2/6 2564/2/6
f 2540/3/6 2541/3/6 2565/3/6
f 2565/3/6 2541/3/6 2566/3/6
f 2545/2/6 2546/2/6 2569/2/6
f 2544/2/6 2545/2/6 2569/2/6
f 2569/2/6 2546/2/6 2570/2/6
f 2551/3/6 2552/3/6 2573/3/6
f 2552/1/6 2553/1/6 2574/1/6
f 2573/3/6 2552/3/6 2574/3/6
f 2574/1/6 2553/1/6 2575/1/6
f 2555/3/6 2556/3/6 2576/3/6
f 2576/3/6 2556/3/6 2577/3/6
f 2557/1/6 2558/1/6 2579/1/6
f 2558/2/6 2559/2/6 2580/2/6
f 2579/1/6 2558/1/6 2580/1/6
f 2580/2/6 2559/2/6 2581/2/6
f 2560/3/6 2561/3/6 2582/3/6
f 2561/1/6 2562/1/6 2583/1/6
f 2582/3/6 2561/3/6 2583/3/6
f 2583/1/6 2562/1/6 2584/1/6
f 2566/1/6 2567/1/6 2590/1/6
f 2567/2/6 2568/2/6 2591/2/6
f 2590/1/6 2567/1/6 2591/1/6
f 2591/2/6 2568/2/6 2592/2/6
f 2571/3/6 2572/3/6 2595/3/6
f 2595/3/6 2572/3/6 2596/3/6
f 2574/2/6 2575/2/6 2597/2/6
f 2597/2/6 2575/2/6 2598/2/6
f 2577/2/6 2578/2/6 2599/2/6
f 2599/2/6 2578/2/6 2600/2/6
f 2580/3/6 2581/3/6 2602/3/6
f 2581/2/6 2582/2/6 2603/2/6
f 2602/3/6 2581/3/6 2603/3/6
f 2582/3/6 2583/3/6 2604/3/6
f 2603/2/6 2582/2/6 2604/2/6
f 2604/3/6 2583/3/6 2605/3/6
f 2585/1/6 2586/1/6 2607/1/6
f 2586/3/6 2587/3/6 2608/3/6
f 2607/1/6 2586/1/6 2608/1/6
f 2608/3/6 2587/3/6 2609/3/6
f 2588/1/6 2589/1/6 2611/1/6
f 2589/3/6 2590/3/6 2612/3/6
f 2611/1/6 2589/1/6 2612/1/6
f 2612/3/6 2590/3/6 2613/3/6
f 2593/3/6 2594/3/6 2614/3/6
f 2614/3/6 2594/3/6 2615/3/6
f 2600/1/6 2601/1/6 2618/1/6
f 2601/3/6 2602/3/6 2619/3/6
f 2618/1/6 2601/1/6 2619/1/6
f 2619/3/6 2602/3/6 2620/3/6
f 2605/3/6 2606/3/6 2621/3/6
f 2604/3/6 2605/3/6 2621/3/6
f 2621/3/6 2606/3/6 2622/3/6
f 2609/3/6 2610/3/6 2625/3/6
f 2610/2/6 2611/2/6 2626/2/6
f 2611/2/6 2612/2/6 2626/2/6
f 2625/3/6 2610/3/6 2626/3/6
f 2626/2/6 2612/2/6 2627/2/6
f 2616/3/6 2617/3/6 2630/3/6
f 2630/3/6 2617/3/6 2631/3/6
f 2624/1/6 2625/1/6 2634/1/6
f 2623/1/6 2624/1/6 2634/1/6
f 2625/3/6 2626/3/6 2635/3/6
f 2634/1/6 2625/1/6 2635/1/6
f 2635/3/6 2626/3/6 2636/3/6
f 2628/2/6 2629/2/6 2637/2/6
f 2637/2/6 2629/2/6 2638/2/6
f 2632/2/6 2633/2/6 2645/2/6
f 2645/2/6 2633/2/6 2646/2/6
f 2646/2/6 2633/2/6 2647/2/6
f 2639/2/6 2640/2/6 2648/2/6
f 2648/2/6 2640/2/6 2649/2/6
f 2641/3/6 2642/3/6 2650/3/6
f 2650/3/6 2642/3/6 2651/3/6
f 2643/2/6 2644/2/6 2652/2/6
f 2652/2/6 2644/2/6 2653/2/6
f 2646/3/6 2647/3/6 2654/3/6
f 2654/3/6 2647/3/6 2655/3/6
f 2648/1/6 2649/1/6 2659/1/6
f 2656/2/6 2657/2/6 2660/2/6
f 2660/2/6 2657/2/6 2661/2/6
f 2658/2/6 2659/2/6 2666/2/6
f 2659/1/6 2649/1/6 2667/1/6
f 2666/2/6 2659/2/6 2667/2/6
f 2667/1/6 2649/1/6 2668/1/6
f 2662/3/6 2663/3/6 2669/3/6
f 2669/3/6 2663/3/6 2670/3/6
f 2664/3/6 2665/3/6 2671/3/6
f 2671/3/6 2665/3/6 2672/3/6
f 2673/2/6 2674/2/6 2675/2/6
f 2675/2/6 2674/2/6 2676/2/6
f 2677/3/6 2678/3/6 2681/3/6
f 2681/3/6 2678/3/6 2682/3/6
f 2679/1/6 2680/1/6 2683/1/6
f 2683/1/6 2680/1/6 2684/1/6
f 2683/3/6 2684/3/6 2687/3/6
f 2687/3/6 2684/3/6 2688/3/6
f 2685/1/6 2686/1/6 2689/1/6
f 2689/1/6 2686/1/6 2690/1/6
f 2691/1/6 2692/1/6 2693/1/6
f 2693/1/6 2692/1/6 2694/1/6
f 2695/2/6 2696/2/6 2717/2/6
f 2696/1/6 2697/1/6 2718/1/6
f 2717/2/6 2696/2/6 2718/2/6
f 2697/3/6 2698/3/6 2719/3/6
f 2718/1/6 2697/1/6 2719/1/6
f 2699/2/6 2700/2/6 2720/2/6
f 2720/2/6 2700/2/6 2721/2/6
f 2701/2/6 2702/2/6 2725/2/6
f 2725/2/6 2702/2/6 2726/2/6
f 2703/2/6 2704/2/6 2727/2/6
f 2727/2/6 2704/2/6 2728/2/6
f 2705/1/6 2706/1/6 2729/1/6
f 2706/2/6 2707/2/6 2730/2/6
f 2729/1/6 2706/1/6 2730/1/6
f 2730/2/6 2707/2/6 2731/2/6
f 2708/1/6 2709/1/6 2732/1/6
f 2732/1/6 2709/1/6 2733/1/6
f 2710/3/6 2711/3/6 2734/3/6
f 2711/1/6 2712/1/6 2735/1/6
f 2734/3/6 2711/3/6 2735/3/6
f 2735/1/6 2712/1/6 2736/1/6
f 2713/3/6 2714/3/6 2738/3/6
f 2738/3/6 2714/3/6 2739/3/6
f 2715/3/6 2716/3/6 2740/3/6
f 2740/3/6 2716/3/6 2741/3/6
f 2719/3/6 2698/3/6 2745/3/6
f 2745/3/6 2698/3/6 2746/3/6
f 2720/1/6 2721/1/6 2747/1/6
f 2721/3/6 2722/3/6 2748/3/6
f 2747/1/6 2721/1/6 2748/1/6
f 2722/1/6 2723/1/6 2749/1/6
f 2748/3/6 2722/3/6 2749/3/6
f 2723/3/6 2724/3/6 2750/3/6
f 2749/1/6 2723/1/6 2750/1/6
f 2750/3/6 2724/3/6 2751/3/6
f 2726/1/6 2727/1/6 2753/1/6
f 2753/1/6 2727/1/6 2754/1/6
f 2754/1/6 2727/1/6 2755/1/6
f 2728/1/6 2729/1/6 2756/1/6
f 2756/1/6 2729/1/6 2757/1/6
f 2731/3/6 2732/3/6 2759/3/6
f 2759/3/6 2732/3/6 2760/3/6
f 2734/1/6 2735/1/6 2761/1/6
f 2761/1/6 2735/1/6 2762/1/6
f 2737/3/6 2738/3/6 2763/3/6
f 2736/3/6 2737/3/6 2763/3/6
f 2763/3/6 2738/3/6 2764/3/6
f 2764/3/6 2738/3/6 2765/3/6
f 2741/2/6 2742/2/6 2766/2/6
f 2742/1/6 2743/1/6 2767/1/6
f 2766/2/6 2742/2/6 2767/2/6
f 2743/2/6 2744/2/6 2768/2/6
f 2767/1/6 2743/1/6 2768/1/6
f 2768/2/6 2744/2/6 2769/2/6
f 2749/1/6 2750/1/6 2773/1/6
f 2773/1/6 2750/1/6 2774/1/6
f 2752/3/6 2753/3/6 2776/3/6
f 2776/3/6 2753/3/6 2777/3/6
f 2756/3/6 2757/3/6 2781/3/6
f 2781/3/6 2757/3/6 2782/3/6
f 2758/1/6 2759/1/6 2783/1/6
f 2759/1/6 2760/1/6 2783/1/6
f 2783/1/6 2760/1/6 2784/1/6
f 2784/1/6 2760/1/6 2785/1/6
f 2763/1/6 2764/1/6 2789/1/6
f 2789/1/6 2764/1/6 2790/1/6
f 2767/3/6 2768/3/6 2793/3/6
f 2793/3/6 2768/3/6 2794/3/6
f 2770/3/6 2771/3/6 2795/3/6
f 2771/2/6 2772/2/6 2796/2/6
f 2795/3/6 2771/3/6 2796/3/6
f 2796/2/6 2772/2/6 2797/2/6
f 2775/3/6 2776/3/6 2799/3/6
f 2799/3/6 2776/3/6 2800/3/6
f 2777/2/6 2778/2/6 2801/2/6
f 2779/1/6 2780/1/6 2802/1/6
f 2801/2/6 2778/2/6 2802/2/6
f 2778/1/6 2779/1/6 2802/1/6
f 2802/1/6 2780/1/6 2803/1/6
f 2803/1/6 2780/1/6 2804/1/6
f 2786/1/6 2787/1/6 2806/1/6
f 2784/1/6 2785/1/6 2806/1/6
f 2785/1/6 2786/1/6 2806/1/6
f 2806/1/6 2787/1/6 2807/1/6
f 2807/1/6 2787/1/6 2808/1/6
f 2787/3/6 2788/3/6 2809/3/6
f 2808/1/6 2787/1/6 2809/1/6
f 2809/3/6 2788/3/6 2810/3/6
f 2790/3/6 2791/3/6 2812/3/6
f 2791/2/6 2792/2/6 2813/2/6
f 2812/3/6 2791/3/6 2813/3/6
f 2813/2/6 2792/2/6 2814/2/6
f 2795/2/6 2796/2/6 2817/2/6
f 2817/2/6 2796/2/6 2818/2/6
f 2798/2/6 2799/2/6 2819/2/6
f 2799/1/6 2800/1/6 2820/1/6
f 2819/2/6 2799/2/6 2820/2/6
f 2820/1/6 2800/1/6 2821/1/6
f 2803/3/6 2804/3/6 2822/3/6
f 2804/1/6 2805/1/6 2823/1/6
f 2822/3/6 2804/3/6 2823/3/6
f 2823/1/6 2805/1/6 2824/1/6
f 2806/3/6 2807/3/6 2826/3/6
f 2826/3/6 2807/3/6 2827/3/6
f 2808/2/6 2809/2/6 2828/2/6
f 2809/1/6 2810/1/6 2829/1/6
f 2828/2/6 2809/2/6 2829/2/6
f 2829/1/6 2810/1/6 2830/1/6
f 2811/1/6 2812/1/6 2832/1/6
f 2812/2/6 2813/2/6 2833/2/6
f 2832/1/6 2812/1/6 2833/1/6
f 2813/3/6 2814/3/6 2834/3/6
f 2833/2/6 2813/2/6 2834/2/6
f 2834/3/6 2814/3/6 2835/3/6
f 2815/2/6 2816/2/6 2836/2/6
f 2836/2/6 2816/2/6 2837/2/6
f 2824/1/6 2825/1/6 2844/1/6
f 2844/1/6 2825/1/6 2845/1/6
f 2830/2/6 2831/2/6 2847/2/6
f 2847/2/6 2831/2/6 2848/2/6
f 2836/1/6 2837/1/6 2850/1/6
f 2850/1/6 2837/1/6 2851/1/6
f 2838/2/6 2839/2/6 2852/2/6
f 2839/1/6 2840/1/6 2853/1/6
f 2852/2/6 2839/2/6 2853/2/6
f 2853/1/6 2840/1/6 2854/1/6
f 2841/2/6 2842/2/6 2855/2/6
f 2842/1/6 2843/1/6 2856/1/6
f 2855/2/6 2842/2/6 2856/2/6
f 2856/1/6 2843/1/6 2857/1/6
f 2845/2/6 2846/2/6 2859/2/6
f 2859/2/6 2846/2/6 2860/2/6
f 2848/3/6 2849/3/6 2864/3/6
f 2864/3/6 2849/3/6 2865/3/6
f 2852/1/6 2853/1/6 2869/1/6
f 2869/1/6 2853/1/6 2870/1/6
f 2857/2/6 2858/2/6 2871/2/6
f 2871/2/6 2858/2/6 2872/2/6
f 2860/2/6 2861/2/6 2874/2/6
f 2874/2/6 2861/2/6 2875/2/6
f 2862/1/6 2863/1/6 2876/1/6
f 2876/1/6 2863/1/6 2877/1/6
f 2848/3/6 2864/3/6 2879/3/6
f 2864/2/6 2865/2/6 2880/2/6
f 2879/3/6 2864/3/6 2880/3/6
f 2865/3/6 2866/3/6 2881/3/6
f 2880/2/6 2865/2/6 2881/2/6
f 2881/3/6 2866/3/6 2882/3/6
f 2867/1/6 2868/1/6 2883/1/6
f 2883/1/6 2868/1/6 2884/1/6
f 2872/1/6 2873/1/6 2885/1/6
f 2885/1/6 2873/1/6 2886/1/6
f 2878/3/6 2879/3/6 2890/3/6
f 2879/1/6 2880/1/6 2891/1/6
f 2890/3/6 2879/3/6 2891/3/6
f 2891/1/6 2880/1/6 2892/1/6
f 2886/2/6 2887/2/6 2893/2/6
f 2893/2/6 2887/2/6 2894/2/6
f 2888/3/6 2889/3/6 2895/3/6
f 2895/3/6 2889/3/6 2896/3/6
f 2897/1/6 2898/1/6 2899/1/6
f 2899/1/6 2898/1/6 2900/1/6
f 2901/1/6 2902/1/6 2915/1/6
f 2902/3/6 2903/3/6 2916/3/6
f 2915/1/6 2902/1/6 2916/1/6
f 2916/3/6 2903/3/6 2917/3/6
f 2904/2/6 2905/2/6 2918/2/6
f 2918/2/6 2905/2/6 2919/2/6
f 2906/2/6 2907/2/6 2921/2/6
f 2921/2/6 2907/2/6 2922/2/6
f 2908/3/6 2909/3/6 2923/3/6
f 2923/3/6 2909/3/6 2924/3/6
f 2910/3/6 2911/3/6 2926/3/6
f 2911/2/6 2912/2/6 2927/2/6
f 2926/3/6 2911/3/6 2927/3/6
f 2927/2/6 2912/2/6 2928/2/6
f 2913/3/6 2914/3/6 2929/3/6
f 2929/3/6 2914/3/6 2930/3/6
f 2919/2/6 2920/2/6 2936/2/6
f 2920/1/6 2921/1/6 2937/1/6
f 2936/2/6 2920/2/6 2937/2/6
f 2937/1/6 2921/1/6 2938/1/6
f 2922/2/6 2923/2/6 2939/2/6
f 2923/1/6 2924/1/6 2940/1/6
f 2939/2/6 2923/2/6 2940/2/6
f 2940/1/6 2924/1/6 2941/1/6
f 2925/1/6 2926/1/6 2942/1/6
f 2931/1/6 2932/1/6 2945/1/6
f 2932/3/6 2933/3/6 2946/3/6
f 2945/1/6 2932/1/6 2946/1/6
f 2933/2/6 2934/2/6 2947/2/6
f 2946/3/6 2933/3/6 2947/3/6
f 2934/3/6 2935/3/6 2948/3/6
f 2947/2/6 2934/2/6 2948/2/6
f 2948/3/6 2935/3/6 2949/3/6
f 2939/1/6 2940/1/6 2952/1/6
f 2952/1/6 2940/1/6 2953/1/6
f 2941/1/6 2942/1/6 2954/1/6
f 2942/1/6 2926/1/6 2955/1/6
f 2954/1/6 2942/1/6 2955/1/6
f 2955/1/6 2926/1/6 2956/1/6
f 2943/1/6 2944/1/6 2957/1/6
f 2957/1/6 2944/1/6 2958/1/6
f 2950/1/6 2951/1/6 2960/1/6
f 2960/1/6 2951/1/6 2961/1/6
f 2955/2/6 2956/2/6 2962/2/6
f 2962/2/6 2956/2/6 2963/2/6
f 2959/2/6 2960/2/6 2964/2/6
f 2964/2/6 2960/2/6 2965/2/6
