# MagicaVoxel @ Ephtracy

# group
o 

# material
mtllib lab_decorations-16.mtl
usemtl palette

# normals
vn -1 0 0
vn 1 0 0
vn 0 0 1
vn 0 0 -1
vn 0 -1 0
vn 0 1 0

# texcoords
vt 0.869141 0.5
vt 0.873047 0.5
vt 0.876953 0.5

# verts
v -1.6 -0.95 1
v -1.6 -0.95 0.9
v -1.6 -0.95 -0.9
v -1.6 -0.95 -1
v -1.6 -0.75 0.9
v -1.6 -0.75 0.8
v -1.6 -0.75 -0.8
v -1.6 -0.75 -0.9
v -1.6 -0.55 1
v -1.6 -0.55 0.9
v -1.6 -0.55 -0.9
v -1.6 -0.55 -1
v -1.6 -0.45 0.9
v -1.6 -0.45 0.8
v -1.6 -0.45 -0.8
v -1.6 -0.45 -0.9
v -1.6 0.15 0.3
v -1.6 0.15 -0.3
v -1.6 0.25 0.3
v -1.6 0.25 -0.3
v -1.5 -0.55 1
v -1.5 -0.55 0.9
v -1.5 -0.55 -0.9
v -1.5 -0.55 -1
v -1.5 -0.45 1
v -1.5 -0.45 0.9
v -1.5 -0.45 0.8
v -1.5 -0.45 0.7
v -1.5 -0.45 -0.7
v -1.5 -0.45 -0.8
v -1.5 -0.45 -0.9
v -1.5 -0.45 -1
v -1.5 -0.25 0.9
v -1.5 -0.25 0.8
v -1.5 -0.25 -0.8
v -1.5 -0.25 -0.9
v -1.5 -0.15 0.8
v -1.5 -0.15 0.7
v -1.5 -0.15 -0.7
v -1.5 -0.15 -0.8
v -1.5 0.05 0.2
v -1.5 0.05 -0.2
v -1.5 0.15 0.5
v -1.5 0.15 0.3
v -1.5 0.15 0.2
v -1.5 0.15 -0.2
v -1.5 0.15 -0.3
v -1.5 0.15 -0.5
v -1.5 0.25 0.5
v -1.5 0.25 0.3
v -1.5 0.25 0.2
v -1.5 0.25 -0.2
v -1.5 0.25 -0.3
v -1.5 0.25 -0.5
v -1.5 0.35 0.2
v -1.5 0.35 -0.2
v -1.4 -0.25 0.9
v -1.4 -0.25 0.8
v -1.4 -0.25 -0.8
v -1.4 -0.25 -0.9
v -1.4 -0.15 0.9
v -1.4 -0.15 0.8
v -1.4 -0.15 0.7
v -1.4 -0.15 0.6
v -1.4 -0.15 -0.6
v -1.4 -0.15 -0.7
v -1.4 -0.15 -0.8
v -1.4 -0.15 -0.9
v -1.4 -0.0500001 0.1
v -1.4 -0.0500001 -0.1
v -1.4 0.05 0.8
v -1.4 0.05 0.7
v -1.4 0.05 0.4
v -1.4 0.05 0.2
v -1.4 0.05 0.1
v -1.4 0.05 -0.1
v -1.4 0.05 -0.2
v -1.4 0.05 -0.4
v -1.4 0.05 -0.7
v -1.4 0.05 -0.8
v -1.4 0.15 0.7
v -1.4 0.15 0.6
v -1.4 0.15 0.5
v -1.4 0.15 0.4
v -1.4 0.15 0.3
v -1.4 0.15 0.2
v -1.4 0.15 -0.2
v -1.4 0.15 -0.3
v -1.4 0.15 -0.4
v -1.4 0.15 -0.5
v -1.4 0.15 -0.6
v -1.4 0.15 -0.7
v -1.4 0.25 0.7
v -1.4 0.25 0.5
v -1.4 0.25 0.4
v -1.4 0.25 0.3
v -1.4 0.25 0.2
v -1.4 0.25 -0.2
v -1.4 0.25 -0.3
v -1.4 0.25 -0.4
v -1.4 0.25 -0.5
v -1.4 0.25 -0.7
v -1.4 0.35 0.4
v -1.4 0.35 0.2
v -1.4 0.35 0.1
v -1.4 0.35 -0.1
v -1.4 0.35 -0.2
v -1.4 0.35 -0.4
v -1.4 0.45 0.1
v -1.4 0.45 -0.1
v -1.3 -0.0500001 0.3
v -1.3 -0.0500001 0.1
v -1.3 -0.0500001 -0.1
v -1.3 -0.0500001 -0.3
v -1.3 0.05 0.8
v -1.3 0.05 0.7
v -1.3 0.05 0.6
v -1.3 0.05 0.4
v -1.3 0.05 0.3
v -1.3 0.05 0.1
v -1.3 0.05 -0.1
v -1.3 0.05 -0.3
v -1.3 0.05 -0.4
v -1.3 0.05 -0.6
v -1.3 0.05 -0.7
v -1.3 0.05 -0.8
v -1.3 0.15 0.8
v -1.3 0.15 0.7
v -1.3 0.15 0.6
v -1.3 0.15 0.5
v -1.3 0.15 0.4
v -1.3 0.15 -0.4
v -1.3 0.15 -0.5
v -1.3 0.15 -0.6
v -1.3 0.15 -0.7
v -1.3 0.15 -0.8
v -1.3 0.25 0.8
v -1.3 0.25 0.7
v -1.3 0.25 0.6
v -1.3 0.25 0.5
v -1.3 0.25 0.4
v -1.3 0.25 -0.4
v -1.3 0.25 -0.5
v -1.3 0.25 -0.6
v -1.3 0.25 -0.7
v -1.3 0.25 -0.8
v -1.3 0.35 0.6
v -1.3 0.35 0.4
v -1.3 0.35 0.3
v -1.3 0.35 0.1
v -1.3 0.35 -0.1
v -1.3 0.35 -0.3
v -1.3 0.35 -0.4
v -1.3 0.35 -0.6
v -1.3 0.45 0.3
v -1.3 0.45 0.1
v -1.3 0.45 -0.1
v -1.3 0.45 -0.3
v -1.2 -0.15 0.2
v -1.2 -0.15 -0.2
v -1.2 -0.0500001 0.5
v -1.2 -0.0500001 0.3
v -1.2 -0.0500001 0.2
v -1.2 -0.0500001 0.1
v -1.2 -0.0500001 -0.1
v -1.2 -0.0500001 -0.2
v -1.2 -0.0500001 -0.3
v -1.2 -0.0500001 -0.5
v -1.2 0.05 0.7
v -1.2 0.05 0.6
v -1.2 0.05 0.5
v -1.2 0.05 0.3
v -1.2 0.05 -0.3
v -1.2 0.05 -0.5
v -1.2 0.05 -0.6
v -1.2 0.05 -0.7
v -1.2 0.15 0.9
v -1.2 0.15 0.8
v -1.2 0.15 0.7
v -1.2 0.15 0.6
v -1.2 0.15 -0.6
v -1.2 0.15 -0.7
v -1.2 0.15 -0.8
v -1.2 0.15 -0.9
v -1.2 0.25 0.9
v -1.2 0.25 0.8
v -1.2 0.25 0.7
v -1.2 0.25 0.6
v -1.2 0.25 -0.6
v -1.2 0.25 -0.7
v -1.2 0.25 -0.8
v -1.2 0.25 -0.9
v -1.2 0.35 0.7
v -1.2 0.35 0.6
v -1.2 0.35 0.3
v -1.2 0.35 -0.3
v -1.2 0.35 -0.6
v -1.2 0.35 -0.7
v -1.2 0.45 0.6
v -1.2 0.45 0.3
v -1.2 0.45 0.2
v -1.2 0.45 0.1
v -1.2 0.45 -0.1
v -1.2 0.45 -0.2
v -1.2 0.45 -0.3
v -1.2 0.45 -0.6
v -1.2 0.55 0.2
v -1.2 0.55 -0.2
v -1.1 -0.15 0.4
v -1.1 -0.15 0.2
v -1.1 -0.15 -0.2
v -1.1 -0.15 -0.4
v -1.1 -0.0500001 0.6
v -1.1 -0.0500001 0.5
v -1.1 -0.0500001 0.4
v -1.1 -0.0500001 0.3
v -1.1 -0.0500001 0.2
v -1.1 -0.0500001 -0.2
v -1.1 -0.0500001 -0.3
v -1.1 -0.0500001 -0.4
v -1.1 -0.0500001 -0.5
v -1.1 -0.0500001 -0.6
v -1.1 0.05 0.8
v -1.1 0.05 0.7
v -1.1 0.05 0.6
v -1.1 0.05 0.5
v -1.1 0.05 -0.5
v -1.1 0.05 -0.6
v -1.1 0.05 -0.7
v -1.1 0.05 -0.8
v -1.1 0.15 1
v -1.1 0.15 0.9
v -1.1 0.15 0.8
v -1.1 0.15 0.7
v -1.1 0.15 -0.7
v -1.1 0.15 -0.8
v -1.1 0.15 -0.9
v -1.1 0.15 -1
v -1.1 0.25 1
v -1.1 0.25 0.9
v -1.1 0.25 0.8
v -1.1 0.25 0.7
v -1.1 0.25 -0.7
v -1.1 0.25 -0.8
v -1.1 0.25 -0.9
v -1.1 0.25 -1
v -1.1 0.35 0.8
v -1.1 0.35 0.7
v -1.1 0.35 0.6
v -1.1 0.35 -0.6
v -1.1 0.35 -0.7
v -1.1 0.35 -0.8
v -1.1 0.45 0.7
v -1.1 0.45 0.6
v -1.1 0.45 0.5
v -1.1 0.45 0.3
v -1.1 0.45 0.2
v -1.1 0.45 -0.2
v -1.1 0.45 -0.3
v -1.1 0.45 -0.5
v -1.1 0.45 -0.6
v -1.1 0.45 -0.7
v -1.1 0.55 0.5
v -1.1 0.55 0.2
v -1.1 0.55 0.1
v -1.1 0.55 -0.1
v -1.1 0.55 -0.2
v -1.1 0.55 -0.5
v -1.1 0.65 0.1
v -1.1 0.65 -0.1
v -1 -0.95 1.6
v -1 -0.95 1.5
v -1 -0.95 -1.5
v -1 -0.95 -1.6
v -1 -0.75 1.5
v -1 -0.75 1.4
v -1 -0.75 -1.4
v -1 -0.75 -1.5
v -1 -0.55 1.6
v -1 -0.55 1.5
v -1 -0.55 -1.5
v -1 -0.55 -1.6
v -1 -0.45 1.5
v -1 -0.45 1.4
v -1 -0.45 -1.4
v -1 -0.45 -1.5
v -1 -0.25 0.1
v -1 -0.25 -0.1
v -1 -0.15 0.5
v -1 -0.15 0.4
v -1 -0.15 0.1
v -1 -0.15 -0.1
v -1 -0.15 -0.4
v -1 -0.15 -0.5
v -1 -0.0500001 0.7
v -1 -0.0500001 0.6
v -1 -0.0500001 0.5
v -1 -0.0500001 0.4
v -1 -0.0500001 -0.4
v -1 -0.0500001 -0.5
v -1 -0.0500001 -0.6
v -1 -0.0500001 -0.7
v -1 0.05 0.9
v -1 0.05 0.8
v -1 0.05 0.7
v -1 0.05 0.6
v -1 0.05 -0.6
v -1 0.05 -0.7
v -1 0.05 -0.8
v -1 0.05 -0.9
v -1 0.15 1.1
v -1 0.15 1
v -1 0.15 0.9
v -1 0.15 0.8
v -1 0.15 -0.8
v -1 0.15 -0.9
v -1 0.15 -1
v -1 0.15 -1.1
v -1 0.25 1.1
v -1 0.25 1
v -1 0.25 0.9
v -1 0.25 0.8
v -1 0.25 -0.8
v -1 0.25 -0.9
v -1 0.25 -1
v -1 0.25 -1.1
v -1 0.35 0.9
v -1 0.35 0.8
v -1 0.35 0.7
v -1 0.35 -0.7
v -1 0.35 -0.8
v -1 0.35 -0.9
v -1 0.45 0.8
v -1 0.45 0.7
v -1 0.45 0.6
v -1 0.45 0.5
v -1 0.45 -0.5
v -1 0.45 -0.6
v -1 0.45 -0.7
v -1 0.45 -0.8
v -1 0.55 0.6
v -1 0.55 0.5
v -1 0.55 0.4
v -1 0.55 0.1
v -1 0.55 -0.1
v -1 0.55 -0.4
v -1 0.55 -0.5
v -1 0.55 -0.6
v -1 0.65 0.4
v -1 0.65 0.1
v -1 0.65 -0.1
v -1 0.65 -0.4
v -0.9 -0.55 1.6
v -0.9 -0.55 1.5
v -0.9 -0.55 -1.5
v -0.9 -0.55 -1.6
v -0.9 -0.45 1.6
v -0.9 -0.45 1.5
v -0.9 -0.45 1.4
v -0.9 -0.45 1.3
v -0.9 -0.45 -1.3
v -0.9 -0.45 -1.4
v -0.9 -0.45 -1.5
v -0.9 -0.45 -1.6
v -0.9 -0.25 1.5
v -0.9 -0.25 1.4
v -0.9 -0.25 0.3
v -0.9 -0.25 0.1
v -0.9 -0.25 -0.1
v -0.9 -0.25 -0.3
v -0.9 -0.25 -1.4
v -0.9 -0.25 -1.5
v -0.9 -0.15 1.4
v -0.9 -0.15 1.3
v -0.9 -0.15 0.6
v -0.9 -0.15 0.5
v -0.9 -0.15 0.3
v -0.9 -0.15 0.1
v -0.9 -0.15 -0.1
v -0.9 -0.15 -0.3
v -0.9 -0.15 -0.5
v -0.9 -0.15 -0.6
v -0.9 -0.15 -1.3
v -0.9 -0.15 -1.4
v -0.9 -0.0500001 0.8
v -0.9 -0.0500001 0.7
v -0.9 -0.0500001 0.6
v -0.9 -0.0500001 0.5
v -0.9 -0.0500001 -0.5
v -0.9 -0.0500001 -0.6
v -0.9 -0.0500001 -0.7
v -0.9 -0.0500001 -0.8
v -0.9 0.05 1
v -0.9 0.05 0.9
v -0.9 0.05 0.8
v -0.9 0.05 0.7
v -0.9 0.05 -0.7
v -0.9 0.05 -0.8
v -0.9 0.05 -0.9
v -0.9 0.05 -1
v -0.9 0.15 1.2
v -0.9 0.15 1.1
v -0.9 0.15 1
v -0.9 0.15 0.9
v -0.9 0.15 -0.9
v -0.9 0.15 -1
v -0.9 0.15 -1.1
v -0.9 0.15 -1.2
v -0.9 0.25 1.2
v -0.9 0.25 1.1
v -0.9 0.25 1
v -0.9 0.25 0.9
v -0.9 0.25 -0.9
v -0.9 0.25 -1
v -0.9 0.25 -1.1
v -0.9 0.25 -1.2
v -0.9 0.35 1
v -0.9 0.35 0.9
v -0.9 0.35 0.8
v -0.9 0.35 -0.8
v -0.9 0.35 -0.9
v -0.9 0.35 -1
v -0.9 0.45 0.9
v -0.9 0.45 0.8
v -0.9 0.45 0.7
v -0.9 0.45 0.6
v -0.9 0.45 -0.6
v -0.9 0.45 -0.7
v -0.9 0.45 -0.8
v -0.9 0.45 -0.9
v -0.9 0.55 0.7
v -0.9 0.55 0.6
v -0.9 0.55 0.5
v -0.9 0.55 0.4
v -0.9 0.55 -0.4
v -0.9 0.55 -0.5
v -0.9 0.55 -0.6
v -0.9 0.55 -0.7
v -0.9 0.65 0.5
v -0.9 0.65 0.4
v -0.9 0.65 -0.4
v -0.9 0.65 -0.5
v -0.8 -0.25 1.5
v -0.8 -0.25 1.4
v -0.8 -0.25 0.4
v -0.8 -0.25 0.3
v -0.8 -0.25 -0.3
v -0.8 -0.25 -0.4
v -0.8 -0.25 -1.4
v -0.8 -0.25 -1.5
v -0.8 -0.15 1.5
v -0.8 -0.15 1.4
v -0.8 -0.15 1.3
v -0.8 -0.15 1.2
v -0.8 -0.15 0.7
v -0.8 -0.15 0.6
v -0.8 -0.15 0.4
v -0.8 -0.15 0.3
v -0.8 -0.15 -0.3
v -0.8 -0.15 -0.4
v -0.8 -0.15 -0.6
v -0.8 -0.15 -0.7
v -0.8 -0.15 -1.2
v -0.8 -0.15 -1.3
v -0.8 -0.15 -1.4
v -0.8 -0.15 -1.5
v -0.8 -0.0500001 0.9
v -0.8 -0.0500001 0.8
v -0.8 -0.0500001 0.7
v -0.8 -0.0500001 0.6
v -0.8 -0.0500001 -0.6
v -0.8 -0.0500001 -0.7
v -0.8 -0.0500001 -0.8
v -0.8 -0.0500001 -0.9
v -0.8 0.05 1.4
v -0.8 0.05 1.3
v -0.8 0.05 1.1
v -0.8 0.05 1
v -0.8 0.05 0.9
v -0.8 0.05 0.8
v -0.8 0.05 -0.8
v -0.8 0.05 -0.9
v -0.8 0.05 -1
v -0.8 0.05 -1.1
v -0.8 0.05 -1.3
v -0.8 0.05 -1.4
v -0.8 0.15 1.3
v -0.8 0.15 1.2
v -0.8 0.15 1.1
v -0.8 0.15 1
v -0.8 0.15 -1
v -0.8 0.15 -1.1
v -0.8 0.15 -1.2
v -0.8 0.15 -1.3
v -0.8 0.25 1.3
v -0.8 0.25 1.2
v -0.8 0.25 1.1
v -0.8 0.25 1
v -0.8 0.25 -1
v -0.8 0.25 -1.1
v -0.8 0.25 -1.2
v -0.8 0.25 -1.3
v -0.8 0.35 1.1
v -0.8 0.35 1
v -0.8 0.35 0.9
v -0.8 0.35 -0.9
v -0.8 0.35 -1
v -0.8 0.35 -1.1
v -0.8 0.45 1
v -0.8 0.45 0.9
v -0.8 0.45 0.8
v -0.8 0.45 0.7
v -0.8 0.45 -0.7
v -0.8 0.45 -0.8
v -0.8 0.45 -0.9
v -0.8 0.45 -1
v -0.8 0.55 0.8
v -0.8 0.55 0.7
v -0.8 0.55 0.6
v -0.8 0.55 0.5
v -0.8 0.55 -0.5
v -0.8 0.55 -0.6
v -0.8 0.55 -0.7
v -0.8 0.55 -0.8
v -0.8 0.65 0.6
v -0.8 0.65 0.5
v -0.8 0.65 0.3
v -0.8 0.65 -0.3
v -0.8 0.65 -0.5
v -0.8 0.65 -0.6
v -0.8 0.75 0.3
v -0.8 0.75 -0.3
v -0.7 -0.25 0.5
v -0.7 -0.25 0.4
v -0.7 -0.25 -0.4
v -0.7 -0.25 -0.5
v -0.7 -0.15 0.8
v -0.7 -0.15 0.7
v -0.7 -0.15 0.5
v -0.7 -0.15 0.4
v -0.7 -0.15 -0.4
v -0.7 -0.15 -0.5
v -0.7 -0.15 -0.7
v -0.7 -0.15 -0.8
v -0.7 -0.0500001 1
v -0.7 -0.0500001 0.9
v -0.7 -0.0500001 0.8
v -0.7 -0.0500001 0.7
v -0.7 -0.0500001 -0.7
v -0.7 -0.0500001 -0.8
v -0.7 -0.0500001 -0.9
v -0.7 -0.0500001 -1
v -0.7 0.05 1.4
v -0.7 0.05 1.3
v -0.7 0.05 1.2
v -0.7 0.05 1.1
v -0.7 0.05 1
v -0.7 0.05 0.9
v -0.7 0.05 -0.9
v -0.7 0.05 -1
v -0.7 0.05 -1.1
v -0.7 0.05 -1.2
v -0.7 0.05 -1.3
v -0.7 0.05 -1.4
v -0.7 0.15 1.4
v -0.7 0.15 1.3
v -0.7 0.15 1.2
v -0.7 0.15 1.1
v -0.7 0.15 -1.1
v -0.7 0.15 -1.2
v -0.7 0.15 -1.3
v -0.7 0.15 -1.4
v -0.7 0.25 1.4
v -0.7 0.25 1.3
v -0.7 0.25 1.2
v -0.7 0.25 1.1
v -0.7 0.25 -1.1
v -0.7 0.25 -1.2
v -0.7 0.25 -1.3
v -0.7 0.25 -1.4
v -0.7 0.35 1.2
v -0.7 0.35 1.1
v -0.7 0.35 -1.1
v -0.7 0.35 -1.2
v -0.7 0.45 0.9
v -0.7 0.45 0.8
v -0.7 0.45 -0.8
v -0.7 0.45 -0.9
v -0.7 0.55 0.9
v -0.7 0.55 0.8
v -0.7 0.55 0.7
v -0.7 0.55 0.6
v -0.7 0.55 -0.6
v -0.7 0.55 -0.7
v -0.7 0.55 -0.8
v -0.7 0.55 -0.9
v -0.7 0.65 0.7
v -0.7 0.65 0.6
v -0.7 0.65 0.4
v -0.7 0.65 0.3
v -0.7 0.65 -0.3
v -0.7 0.65 -0.4
v -0.7 0.65 -0.6
v -0.7 0.65 -0.7
v -0.7 0.75 0.4
v -0.7 0.75 0.3
v -0.7 0.75 -0.3
v -0.7 0.75 -0.4
v -0.6 -0.35 0.2
v -0.6 -0.35 -0.2
v -0.6 -0.25 0.6
v -0.6 -0.25 0.5
v -0.6 -0.25 0.2
v -0.6 -0.25 -0.2
v -0.6 -0.25 -0.5
v -0.6 -0.25 -0.6
v -0.6 -0.15 0.9
v -0.6 -0.15 0.8
v -0.6 -0.15 0.6
v -0.6 -0.15 0.5
v -0.6 -0.15 -0.5
v -0.6 -0.15 -0.6
v -0.6 -0.15 -0.8
v -0.6 -0.15 -0.9
v -0.6 -0.0500001 1.1
v -0.6 -0.0500001 1
v -0.6 -0.0500001 0.9
v -0.6 -0.0500001 0.8
v -0.6 -0.0500001 -0.8
v -0.6 -0.0500001 -0.9
v -0.6 -0.0500001 -1
v -0.6 -0.0500001 -1.1
v -0.6 0.05 1.3
v -0.6 0.05 1.2
v -0.6 0.05 1.1
v -0.6 0.05 1
v -0.6 0.05 -1
v -0.6 0.05 -1.1
v -0.6 0.05 -1.2
v -0.6 0.05 -1.3
v -0.6 0.15 1.3
v -0.6 0.15 1.2
v -0.6 0.15 -1.2
v -0.6 0.15 -1.3
v -0.6 0.25 1.3
v -0.6 0.25 1.2
v -0.6 0.25 -1.2
v -0.6 0.25 -1.3
v -0.6 0.35 1.3
v -0.6 0.35 1.2
v -0.6 0.35 1.1
v -0.6 0.35 1
v -0.6 0.35 -1
v -0.6 0.35 -1.1
v -0.6 0.35 -1.2
v -0.6 0.35 -1.3
v -0.6 0.45 1.1
v -0.6 0.45 1
v -0.6 0.45 -1
v -0.6 0.45 -1.1
v -0.6 0.55 0.8
v -0.6 0.55 0.7
v -0.6 0.55 -0.7
v -0.6 0.55 -0.8
v -0.6 0.65 0.8
v -0.6 0.65 0.7
v -0.6 0.65 0.5
v -0.6 0.65 0.4
v -0.6 0.65 -0.4
v -0.6 0.65 -0.5
v -0.6 0.65 -0.7
v -0.6 0.65 -0.8
v -0.6 0.75 0.5
v -0.6 0.75 0.4
v -0.6 0.75 -0.4
v -0.6 0.75 -0.5
v -0.5 -0.35 0.4
v -0.5 -0.35 0.2
v -0.5 -0.35 -0.2
v -0.5 -0.35 -0.4
v -0.5 -0.25 0.7
v -0.5 -0.25 0.6
v -0.5 -0.25 0.4
v -0.5 -0.25 0.2
v -0.5 -0.25 -0.2
v -0.5 -0.25 -0.4
v -0.5 -0.25 -0.6
v -0.5 -0.25 -0.7
v -0.5 -0.15 1
v -0.5 -0.15 0.9
v -0.5 -0.15 0.7
v -0.5 -0.15 0.6
v -0.5 -0.15 -0.6
v -0.5 -0.15 -0.7
v -0.5 -0.15 -0.9
v -0.5 -0.15 -1
v -0.5 -0.0500001 1.2
v -0.5 -0.0500001 1.1
v -0.5 -0.0500001 1
v -0.5 -0.0500001 0.9
v -0.5 -0.0500001 -0.9
v -0.5 -0.0500001 -1
v -0.5 -0.0500001 -1.1
v -0.5 -0.0500001 -1.2
v -0.5 0.05 1.2
v -0.5 0.05 1.1
v -0.5 0.05 -1.1
v -0.5 0.05 -1.2
v -0.5 0.15 1.5
v -0.5 0.15 1.4
v -0.5 0.15 -1.4
v -0.5 0.15 -1.5
v -0.5 0.25 1.5
v -0.5 0.25 1.4
v -0.5 0.25 -1.4
v -0.5 0.25 -1.5
v -0.5 0.35 1.2
v -0.5 0.35 1.1
v -0.5 0.35 -1.1
v -0.5 0.35 -1.2
v -0.5 0.45 1.2
v -0.5 0.45 1.1
v -0.5 0.45 1
v -0.5 0.45 0.9
v -0.5 0.45 -0.9
v -0.5 0.45 -1
v -0.5 0.45 -1.1
v -0.5 0.45 -1.2
v -0.5 0.55 1
v -0.5 0.55 0.9
v -0.5 0.55 -0.9
v -0.5 0.55 -1
v -0.5 0.65 0.6
v -0.5 0.65 0.5
v -0.5 0.65 -0.5
v -0.5 0.65 -0.6
v -0.5 0.75 0.6
v -0.5 0.75 0.5
v -0.5 0.75 0.2
v -0.5 0.75 -0.2
v -0.5 0.75 -0.5
v -0.5 0.75 -0.6
v -0.5 0.85 0.2
v -0.5 0.85 -0.2
v -0.4 -0.35 0.5
v -0.4 -0.35 0.4
v -0.4 -0.35 -0.4
v -0.4 -0.35 -0.5
v -0.4 -0.25 0.8
v -0.4 -0.25 0.7
v -0.4 -0.25 0.5
v -0.4 -0.25 0.4
v -0.4 -0.25 -0.4
v -0.4 -0.25 -0.5
v -0.4 -0.25 -0.7
v -0.4 -0.25 -0.8
v -0.4 -0.15 1.1
v -0.4 -0.15 1
v -0.4 -0.15 0.8
v -0.4 -0.15 0.7
v -0.4 -0.15 -0.7
v -0.4 -0.15 -0.8
v -0.4 -0.15 -1
v -0.4 -0.15 -1.1
v -0.4 -0.0500001 1.1
v -0.4 -0.0500001 1
v -0.4 -0.0500001 -1
v -0.4 -0.0500001 -1.1
v -0.4 0.05 1.4
v -0.4 0.05 1.3
v -0.4 0.05 -1.3
v -0.4 0.05 -1.4
v -0.4 0.15 1.4
v -0.4 0.15 1.3
v -0.4 0.15 -1.3
v -0.4 0.15 -1.4
v -0.4 0.25 1.4
v -0.4 0.25 1.3
v -0.4 0.25 -1.3
v -0.4 0.25 -1.4
v -0.4 0.35 1.4
v -0.4 0.35 1.3
v -0.4 0.35 -1.3
v -0.4 0.35 -1.4
v -0.4 0.45 1.1
v -0.4 0.45 1
v -0.4 0.45 -1
v -0.4 0.45 -1.1
v -0.4 0.55 1.1
v -0.4 0.55 1
v -0.4 0.55 0.9
v -0.4 0.55 0.8
v -0.4 0.55 -0.8
v -0.4 0.55 -0.9
v -0.4 0.55 -1
v -0.4 0.55 -1.1
v -0.4 0.65 0.9
v -0.4 0.65 0.8
v -0.4 0.65 -0.8
v -0.4 0.65 -0.9
v -0.4 0.75 0.3
v -0.4 0.75 0.2
v -0.4 0.75 -0.2
v -0.4 0.75 -0.3
v -0.4 0.85 0.3
v -0.4 0.85 0.2
v -0.4 0.85 -0.2
v -0.4 0.85 -0.3
v -0.3 -0.45 0.1
v -0.3 -0.45 -0.1
v -0.3 -0.35 0.6
v -0.3 -0.35 0.5
v -0.3 -0.35 0.1
v -0.3 -0.35 -0.1
v -0.3 -0.35 -0.5
v -0.3 -0.35 -0.6
v -0.3 -0.25 0.9
v -0.3 -0.25 0.8
v -0.3 -0.25 0.6
v -0.3 -0.25 0.5
v -0.3 -0.25 -0.5
v -0.3 -0.25 -0.6
v -0.3 -0.25 -0.8
v -0.3 -0.25 -0.9
v -0.3 -0.15 0.9
v -0.3 -0.15 0.8
v -0.3 -0.15 -0.8
v -0.3 -0.15 -0.9
v -0.3 -0.0500001 1.3
v -0.3 -0.0500001 1.2
v -0.3 -0.0500001 -1.2
v -0.3 -0.0500001 -1.3
v -0.3 0.05 1.3
v -0.3 0.05 1.2
v -0.3 0.05 -1.2
v -0.3 0.05 -1.3
v -0.3 0.15 1.6
v -0.3 0.15 1.5
v -0.3 0.15 -1.5
v -0.3 0.15 -1.6
v -0.3 0.25 1.6
v -0.3 0.25 1.5
v -0.3 0.25 -1.5
v -0.3 0.25 -1.6
v -0.3 0.35 1.3
v -0.3 0.35 1.2
v -0.3 0.35 -1.2
v -0.3 0.35 -1.3
v -0.3 0.45 1.3
v -0.3 0.45 1.2
v -0.3 0.45 -1.2
v -0.3 0.45 -1.3
v -0.3 0.55 1
v -0.3 0.55 0.9
v -0.3 0.55 -0.9
v -0.3 0.55 -1
v -0.3 0.65 1
v -0.3 0.65 0.9
v -0.3 0.65 0.7
v -0.3 0.65 0.6
v -0.3 0.65 -0.6
v -0.3 0.65 -0.7
v -0.3 0.65 -0.9
v -0.3 0.65 -1
v -0.3 0.75 0.7
v -0.3 0.75 0.6
v -0.3 0.75 -0.6
v -0.3 0.75 -0.7
v -0.2 -0.45 0.2
v -0.2 -0.45 0.1
v -0.2 -0.45 -0.1
v -0.2 -0.45 -0.2
v -0.2 -0.35 0.7
v -0.2 -0.35 0.6
v -0.2 -0.35 0.2
v -0.2 -0.35 0.1
v -0.2 -0.35 -0.1
v -0.2 -0.35 -0.2
v -0.2 -0.35 -0.6
v -0.2 -0.35 -0.7
v -0.2 -0.25 0.7
v -0.2 -0.25 0.6
v -0.2 -0.25 -0.6
v -0.2 -0.25 -0.7
v -0.2 -0.15 1.2
v -0.2 -0.15 1.1
v -0.2 -0.15 -1.1
v -0.2 -0.15 -1.2
v -0.2 -0.0500001 1.2
v -0.2 -0.0500001 1.1
v -0.2 -0.0500001 -1.1
v -0.2 -0.0500001 -1.2
v -0.2 0.05 1.5
v -0.2 0.05 1.4
v -0.2 0.05 -1.4
v -0.2 0.05 -1.5
v -0.2 0.15 1.5
v -0.2 0.15 1.4
v -0.2 0.15 -1.4
v -0.2 0.15 -1.5
v -0.2 0.25 1.5
v -0.2 0.25 1.4
v -0.2 0.25 -1.4
v -0.2 0.25 -1.5
v -0.2 0.35 1.5
v -0.2 0.35 1.4
v -0.2 0.35 -1.4
v -0.2 0.35 -1.5
v -0.2 0.45 1.2
v -0.2 0.45 1.1
v -0.2 0.45 -1.1
v -0.2 0.45 -1.2
v -0.2 0.55 1.2
v -0.2 0.55 1.1
v -0.2 0.55 -1.1
v -0.2 0.55 -1.2
v -0.2 0.65 0.8
v -0.2 0.65 0.7
v -0.2 0.65 -0.7
v -0.2 0.65 -0.8
v -0.2 0.75 0.8
v -0.2 0.75 0.7
v -0.2 0.75 0.4
v -0.2 0.75 0.3
v -0.2 0.75 -0.3
v -0.2 0.75 -0.4
v -0.2 0.75 -0.7
v -0.2 0.75 -0.8
v -0.2 0.85 0.4
v -0.2 0.85 0.3
v -0.2 0.85 -0.3
v -0.2 0.85 -0.4
v -0.1 -0.45 0.3
v -0.1 -0.45 0.2
v -0.1 -0.45 -0.2
v -0.1 -0.45 -0.3
v -0.1 -0.35 0.3
v -0.1 -0.35 0.2
v -0.1 -0.35 -0.2
v -0.1 -0.35 -0.3
v -0.1 -0.25 1
v -0.1 -0.25 0.9
v -0.1 -0.25 -0.9
v -0.1 -0.25 -1
v -0.1 -0.15 1
v -0.1 -0.15 0.9
v -0.1 -0.15 -0.9
v -0.1 -0.15 -1
v -0.1 -0.0500001 1.4
v -0.1 -0.0500001 1.3
v -0.1 -0.0500001 -1.3
v -0.1 -0.0500001 -1.4
v -0.1 0.05 1.4
v -0.1 0.05 1.3
v -0.1 0.05 -1.3
v -0.1 0.05 -1.4
v -0.1 0.35 1.4
v -0.1 0.35 1.3
v -0.1 0.35 -1.3
v -0.1 0.35 -1.4
v -0.1 0.45 1.4
v -0.1 0.45 1.3
v -0.1 0.45 -1.3
v -0.1 0.45 -1.4
v -0.1 0.55 1.1
v -0.1 0.55 1
v -0.1 0.55 -1
v -0.1 0.55 -1.1
v -0.1 0.65 1.1
v -0.1 0.65 1
v -0.1 0.65 -1
v -0.1 0.65 -1.1
v -0.1 0.75 0.5
v -0.1 0.75 0.4
v -0.1 0.75 -0.4
v -0.1 0.75 -0.5
v -0.1 0.85 0.5
v -0.1 0.85 0.4
v -0.1 0.85 0.1
v -0.1 0.85 -0.1
v -0.1 0.85 -0.4
v -0.1 0.85 -0.5
v -0.1 0.95 0.1
v -0.1 0.95 -0.1
v 0.6 -0.15 1.4
v 0.6 -0.15 1.3
v 0.6 -0.15 -1.3
v 0.6 -0.15 -1.4
v 0.6 0.05 1.3
v 0.6 0.05 -1.3
v 0.6 0.15 1.4
v 0.6 0.15 1.3
v 0.6 0.15 -1.3
v 0.6 0.15 -1.4
v 0.7 -0.45 1.5
v 0.7 -0.45 1.4
v 0.7 -0.45 -1.4
v 0.7 -0.45 -1.5
v 0.7 -0.15 1.5
v 0.7 -0.15 1.4
v 0.7 -0.15 1.3
v 0.7 -0.15 1.2
v 0.7 -0.15 -1.2
v 0.7 -0.15 -1.3
v 0.7 -0.15 -1.4
v 0.7 -0.15 -1.5
v 0.7 0.05 1.2
v 0.7 0.05 -1.2
v 0.7 0.15 1.3
v 0.7 0.15 1.2
v 0.7 0.15 -1.2
v 0.7 0.15 -1.3
v 0.8 -0.75 1.6
v 0.8 -0.75 1.5
v 0.8 -0.75 -1.5
v 0.8 -0.75 -1.6
v 0.8 -0.45 1.6
v 0.8 -0.45 1.5
v 0.8 -0.45 1.4
v 0.8 -0.45 1.3
v 0.8 -0.45 -1.3
v 0.8 -0.45 -1.4
v 0.8 -0.45 -1.5
v 0.8 -0.45 -1.6
v 0.8 -0.15 1.4
v 0.8 -0.15 1.3
v 0.8 -0.15 -1.3
v 0.8 -0.15 -1.4
v 0.9 -0.95 1.6
v 0.9 -0.95 1.5
v 0.9 -0.95 -1.5
v 0.9 -0.95 -1.6
v 0.9 -0.75 1.6
v 0.9 -0.75 1.5
v 0.9 -0.75 1.4
v 0.9 -0.75 -1.4
v 0.9 -0.75 -1.5
v 0.9 -0.75 -1.6
v 0.9 -0.45 1.5
v 0.9 -0.45 1.4
v 0.9 -0.45 -1.4
v 0.9 -0.45 -1.5
v 1.2 -0.15 0.8
v 1.2 -0.15 0.7
v 1.2 -0.15 -0.7
v 1.2 -0.15 -0.8
v 1.2 0.05 0.7
v 1.2 0.05 -0.7
v 1.2 0.15 0.8
v 1.2 0.15 0.7
v 1.2 0.15 -0.7
v 1.2 0.15 -0.8
v 1.3 -0.45 0.9
v 1.3 -0.45 0.8
v 1.3 -0.45 -0.8
v 1.3 -0.45 -0.9
v 1.3 -0.15 0.9
v 1.3 -0.15 0.8
v 1.3 -0.15 0.7
v 1.3 -0.15 0.6
v 1.3 -0.15 -0.6
v 1.3 -0.15 -0.7
v 1.3 -0.15 -0.8
v 1.3 -0.15 -0.9
v 1.3 0.05 0.6
v 1.3 0.05 -0.6
v 1.3 0.15 0.7
v 1.3 0.15 0.6
v 1.3 0.15 -0.6
v 1.3 0.15 -0.7
v 1.4 -0.75 1
v 1.4 -0.75 0.9
v 1.4 -0.75 -0.9
v 1.4 -0.75 -1
v 1.4 -0.45 1
v 1.4 -0.45 0.9
v 1.4 -0.45 0.8
v 1.4 -0.45 0.7
v 1.4 -0.45 -0.7
v 1.4 -0.45 -0.8
v 1.4 -0.45 -0.9
v 1.4 -0.45 -1
v 1.4 -0.15 0.8
v 1.4 -0.15 0.7
v 1.4 -0.15 -0.7
v 1.4 -0.15 -0.8
v 1.5 -0.95 1
v 1.5 -0.95 0.9
v 1.5 -0.95 -0.9
v 1.5 -0.95 -1
v 1.5 -0.75 1
v 1.5 -0.75 0.9
v 1.5 -0.75 0.8
v 1.5 -0.75 -0.8
v 1.5 -0.75 -0.9
v 1.5 -0.75 -1
v 1.5 -0.45 0.9
v 1.5 -0.45 0.8
v 1.5 -0.45 -0.8
v 1.5 -0.45 -0.9
v -1.5 -0.95 1
v -1.5 -0.95 0.9
v -1.5 -0.95 -0.9
v -1.5 -0.95 -1
v -1.5 -0.75 1
v -1.5 -0.75 0.9
v -1.5 -0.75 0.8
v -1.5 -0.75 -0.8
v -1.5 -0.75 -0.9
v -1.5 -0.75 -1
v -1.5 -0.45 0.9
v -1.5 -0.45 0.8
v -1.5 -0.45 -0.8
v -1.5 -0.45 -0.9
v -1.4 -0.75 1
v -1.4 -0.75 0.9
v -1.4 -0.75 -0.9
v -1.4 -0.75 -1
v -1.4 -0.45 1
v -1.4 -0.45 0.9
v -1.4 -0.45 0.8
v -1.4 -0.45 0.7
v -1.4 -0.45 -0.7
v -1.4 -0.45 -0.8
v -1.4 -0.45 -0.9
v -1.4 -0.45 -1
v -1.4 -0.15 0.8
v -1.4 -0.15 0.7
v -1.4 -0.15 -0.7
v -1.4 -0.15 -0.8
v -1.3 -0.45 0.9
v -1.3 -0.45 0.8
v -1.3 -0.45 -0.8
v -1.3 -0.45 -0.9
v -1.3 -0.15 0.9
v -1.3 -0.15 0.8
v -1.3 -0.15 0.7
v -1.3 -0.15 0.6
v -1.3 -0.15 -0.6
v -1.3 -0.15 -0.7
v -1.3 -0.15 -0.8
v -1.3 -0.15 -0.9
v -1.3 0.05 0.6
v -1.3 0.05 -0.6
v -1.3 0.15 0.7
v -1.3 0.15 0.6
v -1.3 0.15 -0.6
v -1.3 0.15 -0.7
v -1.2 -0.15 0.8
v -1.2 -0.15 0.7
v -1.2 -0.15 -0.7
v -1.2 -0.15 -0.8
v -1.2 0.05 0.7
v -1.2 0.05 -0.7
v -1.2 0.15 0.8
v -1.2 0.15 0.7
v -1.2 0.15 -0.7
v -1.2 0.15 -0.8
v -0.9 -0.95 1.6
v -0.9 -0.95 1.5
v -0.9 -0.95 -1.5
v -0.9 -0.95 -1.6
v -0.9 -0.75 1.6
v -0.9 -0.75 1.5
v -0.9 -0.75 1.4
v -0.9 -0.75 -1.4
v -0.9 -0.75 -1.5
v -0.9 -0.75 -1.6
v -0.9 -0.45 1.5
v -0.9 -0.45 1.4
v -0.9 -0.45 -1.4
v -0.9 -0.45 -1.5
v -0.8 -0.75 1.6
v -0.8 -0.75 1.5
v -0.8 -0.75 -1.5
v -0.8 -0.75 -1.6
v -0.8 -0.45 1.6
v -0.8 -0.45 1.5
v -0.8 -0.45 1.4
v -0.8 -0.45 1.3
v -0.8 -0.45 -1.3
v -0.8 -0.45 -1.4
v -0.8 -0.45 -1.5
v -0.8 -0.45 -1.6
v -0.8 -0.15 1.4
v -0.8 -0.15 1.3
v -0.8 -0.15 -1.3
v -0.8 -0.15 -1.4
v -0.7 -0.45 1.5
v -0.7 -0.45 1.4
v -0.7 -0.45 -1.4
v -0.7 -0.45 -1.5
v -0.7 -0.15 1.5
v -0.7 -0.15 1.4
v -0.7 -0.15 1.3
v -0.7 -0.15 1.2
v -0.7 -0.15 -1.2
v -0.7 -0.15 -1.3
v -0.7 -0.15 -1.4
v -0.7 -0.15 -1.5
v -0.7 0.05 1.2
v -0.7 0.05 -1.2
v -0.7 0.15 1.3
v -0.7 0.15 1.2
v -0.7 0.15 -1.2
v -0.7 0.15 -1.3
v -0.6 -0.15 1.4
v -0.6 -0.15 1.3
v -0.6 -0.15 -1.3
v -0.6 -0.15 -1.4
v -0.6 0.05 1.3
v -0.6 0.05 -1.3
v -0.6 0.15 1.4
v -0.6 0.15 1.3
v -0.6 0.15 -1.3
v -0.6 0.15 -1.4
v 0.1 -0.45 0.3
v 0.1 -0.45 0.2
v 0.1 -0.45 -0.2
v 0.1 -0.45 -0.3
v 0.1 -0.35 0.3
v 0.1 -0.35 0.2
v 0.1 -0.35 -0.2
v 0.1 -0.35 -0.3
v 0.1 -0.25 1
v 0.1 -0.25 0.9
v 0.1 -0.25 -0.9
v 0.1 -0.25 -1
v 0.1 -0.15 1
v 0.1 -0.15 0.9
v 0.1 -0.15 -0.9
v 0.1 -0.15 -1
v 0.1 -0.0500001 1.4
v 0.1 -0.0500001 1.3
v 0.1 -0.0500001 -1.3
v 0.1 -0.0500001 -1.4
v 0.1 0.05 1.4
v 0.1 0.05 1.3
v 0.1 0.05 -1.3
v 0.1 0.05 -1.4
v 0.1 0.35 1.4
v 0.1 0.35 1.3
v 0.1 0.35 -1.3
v 0.1 0.35 -1.4
v 0.1 0.45 1.4
v 0.1 0.45 1.3
v 0.1 0.45 -1.3
v 0.1 0.45 -1.4
v 0.1 0.55 1.1
v 0.1 0.55 1
v 0.1 0.55 -1
v 0.1 0.55 -1.1
v 0.1 0.65 1.1
v 0.1 0.65 1
v 0.1 0.65 -1
v 0.1 0.65 -1.1
v 0.1 0.75 0.5
v 0.1 0.75 0.4
v 0.1 0.75 -0.4
v 0.1 0.75 -0.5
v 0.1 0.85 0.5
v 0.1 0.85 0.4
v 0.1 0.85 0.1
v 0.1 0.85 -0.1
v 0.1 0.85 -0.4
v 0.1 0.85 -0.5
v 0.1 0.95 0.1
v 0.1 0.95 -0.1
v 0.2 -0.45 0.2
v 0.2 -0.45 0.1
v 0.2 -0.45 -0.1
v 0.2 -0.45 -0.2
v 0.2 -0.35 0.7
v 0.2 -0.35 0.6
v 0.2 -0.35 0.2
v 0.2 -0.35 0.1
v 0.2 -0.35 -0.1
v 0.2 -0.35 -0.2
v 0.2 -0.35 -0.6
v 0.2 -0.35 -0.7
v 0.2 -0.25 0.7
v 0.2 -0.25 0.6
v 0.2 -0.25 -0.6
v 0.2 -0.25 -0.7
v 0.2 -0.15 1.2
v 0.2 -0.15 1.1
v 0.2 -0.15 -1.1
v 0.2 -0.15 -1.2
v 0.2 -0.0500001 1.2
v 0.2 -0.0500001 1.1
v 0.2 -0.0500001 -1.1
v 0.2 -0.0500001 -1.2
v 0.2 0.05 1.5
v 0.2 0.05 1.4
v 0.2 0.05 -1.4
v 0.2 0.05 -1.5
v 0.2 0.15 1.5
v 0.2 0.15 1.4
v 0.2 0.15 -1.4
v 0.2 0.15 -1.5
v 0.2 0.25 1.5
v 0.2 0.25 1.4
v 0.2 0.25 -1.4
v 0.2 0.25 -1.5
v 0.2 0.35 1.5
v 0.2 0.35 1.4
v 0.2 0.35 -1.4
v 0.2 0.35 -1.5
v 0.2 0.45 1.2
v 0.2 0.45 1.1
v 0.2 0.45 -1.1
v 0.2 0.45 -1.2
v 0.2 0.55 1.2
v 0.2 0.55 1.1
v 0.2 0.55 -1.1
v 0.2 0.55 -1.2
v 0.2 0.65 0.8
v 0.2 0.65 0.7
v 0.2 0.65 -0.7
v 0.2 0.65 -0.8
v 0.2 0.75 0.8
v 0.2 0.75 0.7
v 0.2 0.75 0.4
v 0.2 0.75 0.3
v 0.2 0.75 -0.3
v 0.2 0.75 -0.4
v 0.2 0.75 -0.7
v 0.2 0.75 -0.8
v 0.2 0.85 0.4
v 0.2 0.85 0.3
v 0.2 0.85 -0.3
v 0.2 0.85 -0.4
v 0.3 -0.45 0.1
v 0.3 -0.45 -0.1
v 0.3 -0.35 0.6
v 0.3 -0.35 0.5
v 0.3 -0.35 0.1
v 0.3 -0.35 -0.1
v 0.3 -0.35 -0.5
v 0.3 -0.35 -0.6
v 0.3 -0.25 0.9
v 0.3 -0.25 0.8
v 0.3 -0.25 0.6
v 0.3 -0.25 0.5
v 0.3 -0.25 -0.5
v 0.3 -0.25 -0.6
v 0.3 -0.25 -0.8
v 0.3 -0.25 -0.9
v 0.3 -0.15 0.9
v 0.3 -0.15 0.8
v 0.3 -0.15 -0.8
v 0.3 -0.15 -0.9
v 0.3 -0.0500001 1.3
v 0.3 -0.0500001 1.2
v 0.3 -0.0500001 -1.2
v 0.3 -0.0500001 -1.3
v 0.3 0.05 1.3
v 0.3 0.05 1.2
v 0.3 0.05 -1.2
v 0.3 0.05 -1.3
v 0.3 0.15 1.6
v 0.3 0.15 1.5
v 0.3 0.15 -1.5
v 0.3 0.15 -1.6
v 0.3 0.25 1.6
v 0.3 0.25 1.5
v 0.3 0.25 -1.5
v 0.3 0.25 -1.6
v 0.3 0.35 1.3
v 0.3 0.35 1.2
v 0.3 0.35 -1.2
v 0.3 0.35 -1.3
v 0.3 0.45 1.3
v 0.3 0.45 1.2
v 0.3 0.45 -1.2
v 0.3 0.45 -1.3
v 0.3 0.55 1
v 0.3 0.55 0.9
v 0.3 0.55 -0.9
v 0.3 0.55 -1
v 0.3 0.65 1
v 0.3 0.65 0.9
v 0.3 0.65 0.7
v 0.3 0.65 0.6
v 0.3 0.65 -0.6
v 0.3 0.65 -0.7
v 0.3 0.65 -0.9
v 0.3 0.65 -1
v 0.3 0.75 0.7
v 0.3 0.75 0.6
v 0.3 0.75 -0.6
v 0.3 0.75 -0.7
v 0.4 -0.35 0.5
v 0.4 -0.35 0.4
v 0.4 -0.35 -0.4
v 0.4 -0.35 -0.5
v 0.4 -0.25 0.8
v 0.4 -0.25 0.7
v 0.4 -0.25 0.5
v 0.4 -0.25 0.4
v 0.4 -0.25 -0.4
v 0.4 -0.25 -0.5
v 0.4 -0.25 -0.7
v 0.4 -0.25 -0.8
v 0.4 -0.15 1.1
v 0.4 -0.15 1
v 0.4 -0.15 0.8
v 0.4 -0.15 0.7
v 0.4 -0.15 -0.7
v 0.4 -0.15 -0.8
v 0.4 -0.15 -1
v 0.4 -0.15 -1.1
v 0.4 -0.0500001 1.1
v 0.4 -0.0500001 1
v 0.4 -0.0500001 -1
v 0.4 -0.0500001 -1.1
v 0.4 0.05 1.4
v 0.4 0.05 1.3
v 0.4 0.05 -1.3
v 0.4 0.05 -1.4
v 0.4 0.15 1.4
v 0.4 0.15 1.3
v 0.4 0.15 -1.3
v 0.4 0.15 -1.4
v 0.4 0.25 1.4
v 0.4 0.25 1.3
v 0.4 0.25 -1.3
v 0.4 0.25 -1.4
v 0.4 0.35 1.4
v 0.4 0.35 1.3
v 0.4 0.35 -1.3
v 0.4 0.35 -1.4
v 0.4 0.45 1.1
v 0.4 0.45 1
v 0.4 0.45 -1
v 0.4 0.45 -1.1
v 0.4 0.55 1.1
v 0.4 0.55 1
v 0.4 0.55 0.9
v 0.4 0.55 0.8
v 0.4 0.55 -0.8
v 0.4 0.55 -0.9
v 0.4 0.55 -1
v 0.4 0.55 -1.1
v 0.4 0.65 0.9
v 0.4 0.65 0.8
v 0.4 0.65 -0.8
v 0.4 0.65 -0.9
v 0.4 0.75 0.3
v 0.4 0.75 0.2
v 0.4 0.75 -0.2
v 0.4 0.75 -0.3
v 0.4 0.85 0.3
v 0.4 0.85 0.2
v 0.4 0.85 -0.2
v 0.4 0.85 -0.3
v 0.5 -0.35 0.4
v 0.5 -0.35 0.2
v 0.5 -0.35 -0.2
v 0.5 -0.35 -0.4
v 0.5 -0.25 0.7
v 0.5 -0.25 0.6
v 0.5 -0.25 0.4
v 0.5 -0.25 0.2
v 0.5 -0.25 -0.2
v 0.5 -0.25 -0.4
v 0.5 -0.25 -0.6
v 0.5 -0.25 -0.7
v 0.5 -0.15 1
v 0.5 -0.15 0.9
v 0.5 -0.15 0.7
v 0.5 -0.15 0.6
v 0.5 -0.15 -0.6
v 0.5 -0.15 -0.7
v 0.5 -0.15 -0.9
v 0.5 -0.15 -1
v 0.5 -0.0500001 1.2
v 0.5 -0.0500001 1.1
v 0.5 -0.0500001 1
v 0.5 -0.0500001 0.9
v 0.5 -0.0500001 -0.9
v 0.5 -0.0500001 -1
v 0.5 -0.0500001 -1.1
v 0.5 -0.0500001 -1.2
v 0.5 0.05 1.2
v 0.5 0.05 1.1
v 0.5 0.05 -1.1
v 0.5 0.05 -1.2
v 0.5 0.15 1.5
v 0.5 0.15 1.4
v 0.5 0.15 -1.4
v 0.5 0.15 -1.5
v 0.5 0.25 1.5
v 0.5 0.25 1.4
v 0.5 0.25 -1.4
v 0.5 0.25 -1.5
v 0.5 0.35 1.2
v 0.5 0.35 1.1
v 0.5 0.35 -1.1
v 0.5 0.35 -1.2
v 0.5 0.45 1.2
v 0.5 0.45 1.1
v 0.5 0.45 1
v 0.5 0.45 0.9
v 0.5 0.45 -0.9
v 0.5 0.45 -1
v 0.5 0.45 -1.1
v 0.5 0.45 -1.2
v 0.5 0.55 1
v 0.5 0.55 0.9
v 0.5 0.55 -0.9
v 0.5 0.55 -1
v 0.5 0.65 0.6
v 0.5 0.65 0.5
v 0.5 0.65 -0.5
v 0.5 0.65 -0.6
v 0.5 0.75 0.6
v 0.5 0.75 0.5
v 0.5 0.75 0.2
v 0.5 0.75 -0.2
v 0.5 0.75 -0.5
v 0.5 0.75 -0.6
v 0.5 0.85 0.2
v 0.5 0.85 -0.2
v 0.6 -0.35 0.2
v 0.6 -0.35 -0.2
v 0.6 -0.25 0.6
v 0.6 -0.25 0.5
v 0.6 -0.25 0.2
v 0.6 -0.25 -0.2
v 0.6 -0.25 -0.5
v 0.6 -0.25 -0.6
v 0.6 -0.15 0.9
v 0.6 -0.15 0.8
v 0.6 -0.15 0.6
v 0.6 -0.15 0.5
v 0.6 -0.15 -0.5
v 0.6 -0.15 -0.6
v 0.6 -0.15 -0.8
v 0.6 -0.15 -0.9
v 0.6 -0.0500001 1.1
v 0.6 -0.0500001 1
v 0.6 -0.0500001 0.9
v 0.6 -0.0500001 0.8
v 0.6 -0.0500001 -0.8
v 0.6 -0.0500001 -0.9
v 0.6 -0.0500001 -1
v 0.6 -0.0500001 -1.1
v 0.6 0.05 1.3
v 0.6 0.05 1.2
v 0.6 0.05 1.1
v 0.6 0.05 1
v 0.6 0.05 -1
v 0.6 0.05 -1.1
v 0.6 0.05 -1.2
v 0.6 0.05 -1.3
v 0.6 0.15 1.3
v 0.6 0.15 1.2
v 0.6 0.15 -1.2
v 0.6 0.15 -1.3
v 0.6 0.25 1.3
v 0.6 0.25 1.2
v 0.6 0.25 -1.2
v 0.6 0.25 -1.3
v 0.6 0.35 1.3
v 0.6 0.35 1.2
v 0.6 0.35 1.1
v 0.6 0.35 1
v 0.6 0.35 -1
v 0.6 0.35 -1.1
v 0.6 0.35 -1.2
v 0.6 0.35 -1.3
v 0.6 0.45 1.1
v 0.6 0.45 1
v 0.6 0.45 -1
v 0.6 0.45 -1.1
v 0.6 0.55 0.8
v 0.6 0.55 0.7
v 0.6 0.55 -0.7
v 0.6 0.55 -0.8
v 0.6 0.65 0.8
v 0.6 0.65 0.7
v 0.6 0.65 0.5
v 0.6 0.65 0.4
v 0.6 0.65 -0.4
v 0.6 0.65 -0.5
v 0.6 0.65 -0.7
v 0.6 0.65 -0.8
v 0.6 0.75 0.5
v 0.6 0.75 0.4
v 0.6 0.75 -0.4
v 0.6 0.75 -0.5
v 0.7 -0.25 0.5
v 0.7 -0.25 0.4
v 0.7 -0.25 -0.4
v 0.7 -0.25 -0.5
v 0.7 -0.15 0.8
v 0.7 -0.15 0.7
v 0.7 -0.15 0.5
v 0.7 -0.15 0.4
v 0.7 -0.15 -0.4
v 0.7 -0.15 -0.5
v 0.7 -0.15 -0.7
v 0.7 -0.15 -0.8
v 0.7 -0.0500001 1
v 0.7 -0.0500001 0.9
v 0.7 -0.0500001 0.8
v 0.7 -0.0500001 0.7
v 0.7 -0.0500001 -0.7
v 0.7 -0.0500001 -0.8
v 0.7 -0.0500001 -0.9
v 0.7 -0.0500001 -1
v 0.7 0.05 1.4
v 0.7 0.05 1.3
v 0.7 0.05 1.2
v 0.7 0.05 1.1
v 0.7 0.05 1
v 0.7 0.05 0.9
v 0.7 0.05 -0.9
v 0.7 0.05 -1
v 0.7 0.05 -1.1
v 0.7 0.05 -1.2
v 0.7 0.05 -1.3
v 0.7 0.05 -1.4
v 0.7 0.15 1.4
v 0.7 0.15 1.3
v 0.7 0.15 1.2
v 0.7 0.15 1.1
v 0.7 0.15 -1.1
v 0.7 0.15 -1.2
v 0.7 0.15 -1.3
v 0.7 0.15 -1.4
v 0.7 0.25 1.4
v 0.7 0.25 1.3
v 0.7 0.25 1.2
v 0.7 0.25 1.1
v 0.7 0.25 -1.1
v 0.7 0.25 -1.2
v 0.7 0.25 -1.3
v 0.7 0.25 -1.4
v 0.7 0.35 1.2
v 0.7 0.35 1.1
v 0.7 0.35 -1.1
v 0.7 0.35 -1.2
v 0.7 0.45 0.9
v 0.7 0.45 0.8
v 0.7 0.45 -0.8
v 0.7 0.45 -0.9
v 0.7 0.55 0.9
v 0.7 0.55 0.8
v 0.7 0.55 0.7
v 0.7 0.55 0.6
v 0.7 0.55 -0.6
v 0.7 0.55 -0.7
v 0.7 0.55 -0.8
v 0.7 0.55 -0.9
v 0.7 0.65 0.7
v 0.7 0.65 0.6
v 0.7 0.65 0.4
v 0.7 0.65 0.3
v 0.7 0.65 -0.3
v 0.7 0.65 -0.4
v 0.7 0.65 -0.6
v 0.7 0.65 -0.7
v 0.7 0.75 0.4
v 0.7 0.75 0.3
v 0.7 0.75 -0.3
v 0.7 0.75 -0.4
v 0.8 -0.25 1.5
v 0.8 -0.25 1.4
v 0.8 -0.25 0.4
v 0.8 -0.25 0.3
v 0.8 -0.25 -0.3
v 0.8 -0.25 -0.4
v 0.8 -0.25 -1.4
v 0.8 -0.25 -1.5
v 0.8 -0.15 1.5
v 0.8 -0.15 1.4
v 0.8 -0.15 1.3
v 0.8 -0.15 1.2
v 0.8 -0.15 0.7
v 0.8 -0.15 0.6
v 0.8 -0.15 0.4
v 0.8 -0.15 0.3
v 0.8 -0.15 -0.3
v 0.8 -0.15 -0.4
v 0.8 -0.15 -0.6
v 0.8 -0.15 -0.7
v 0.8 -0.15 -1.2
v 0.8 -0.15 -1.3
v 0.8 -0.15 -1.4
v 0.8 -0.15 -1.5
v 0.8 -0.0500001 0.9
v 0.8 -0.0500001 0.8
v 0.8 -0.0500001 0.7
v 0.8 -0.0500001 0.6
v 0.8 -0.0500001 -0.6
v 0.8 -0.0500001 -0.7
v 0.8 -0.0500001 -0.8
v 0.8 -0.0500001 -0.9
v 0.8 0.05 1.4
v 0.8 0.05 1.3
v 0.8 0.05 1.1
v 0.8 0.05 1
v 0.8 0.05 0.9
v 0.8 0.05 0.8
v 0.8 0.05 -0.8
v 0.8 0.05 -0.9
v 0.8 0.05 -1
v 0.8 0.05 -1.1
v 0.8 0.05 -1.3
v 0.8 0.05 -1.4
v 0.8 0.15 1.3
v 0.8 0.15 1.2
v 0.8 0.15 1.1
v 0.8 0.15 1
v 0.8 0.15 -1
v 0.8 0.15 -1.1
v 0.8 0.15 -1.2
v 0.8 0.15 -1.3
v 0.8 0.25 1.3
v 0.8 0.25 1.2
v 0.8 0.25 1.1
v 0.8 0.25 1
v 0.8 0.25 -1
v 0.8 0.25 -1.1
v 0.8 0.25 -1.2
v 0.8 0.25 -1.3
v 0.8 0.35 1.1
v 0.8 0.35 1
v 0.8 0.35 0.9
v 0.8 0.35 -0.9
v 0.8 0.35 -1
v 0.8 0.35 -1.1
v 0.8 0.45 1
v 0.8 0.45 0.9
v 0.8 0.45 0.8
v 0.8 0.45 0.7
v 0.8 0.45 -0.7
v 0.8 0.45 -0.8
v 0.8 0.45 -0.9
v 0.8 0.45 -1
v 0.8 0.55 0.8
v 0.8 0.55 0.7
v 0.8 0.55 0.6
v 0.8 0.55 0.5
v 0.8 0.55 -0.5
v 0.8 0.55 -0.6
v 0.8 0.55 -0.7
v 0.8 0.55 -0.8
v 0.8 0.65 0.6
v 0.8 0.65 0.5
v 0.8 0.65 0.3
v 0.8 0.65 -0.3
v 0.8 0.65 -0.5
v 0.8 0.65 -0.6
v 0.8 0.75 0.3
v 0.8 0.75 -0.3
v 0.9 -0.55 1.6
v 0.9 -0.55 1.5
v 0.9 -0.55 -1.5
v 0.9 -0.55 -1.6
v 0.9 -0.45 1.6
v 0.9 -0.45 1.5
v 0.9 -0.45 1.4
v 0.9 -0.45 1.3
v 0.9 -0.45 -1.3
v 0.9 -0.45 -1.4
v 0.9 -0.45 -1.5
v 0.9 -0.45 -1.6
v 0.9 -0.25 1.5
v 0.9 -0.25 1.4
v 0.9 -0.25 0.3
v 0.9 -0.25 0.1
v 0.9 -0.25 -0.1
v 0.9 -0.25 -0.3
v 0.9 -0.25 -1.4
v 0.9 -0.25 -1.5
v 0.9 -0.15 1.4
v 0.9 -0.15 1.3
v 0.9 -0.15 0.6
v 0.9 -0.15 0.5
v 0.9 -0.15 0.3
v 0.9 -0.15 0.1
v 0.9 -0.15 -0.1
v 0.9 -0.15 -0.3
v 0.9 -0.15 -0.5
v 0.9 -0.15 -0.6
v 0.9 -0.15 -1.3
v 0.9 -0.15 -1.4
v 0.9 -0.0500001 0.8
v 0.9 -0.0500001 0.7
v 0.9 -0.0500001 0.6
v 0.9 -0.0500001 0.5
v 0.9 -0.0500001 -0.5
v 0.9 -0.0500001 -0.6
v 0.9 -0.0500001 -0.7
v 0.9 -0.0500001 -0.8
v 0.9 0.05 1
v 0.9 0.05 0.9
v 0.9 0.05 0.8
v 0.9 0.05 0.7
v 0.9 0.05 -0.7
v 0.9 0.05 -0.8
v 0.9 0.05 -0.9
v 0.9 0.05 -1
v 0.9 0.15 1.2
v 0.9 0.15 1.1
v 0.9 0.15 1
v 0.9 0.15 0.9
v 0.9 0.15 -0.9
v 0.9 0.15 -1
v 0.9 0.15 -1.1
v 0.9 0.15 -1.2
v 0.9 0.25 1.2
v 0.9 0.25 1.1
v 0.9 0.25 1
v 0.9 0.25 0.9
v 0.9 0.25 -0.9
v 0.9 0.25 -1
v 0.9 0.25 -1.1
v 0.9 0.25 -1.2
v 0.9 0.35 1
v 0.9 0.35 0.9
v 0.9 0.35 0.8
v 0.9 0.35 -0.8
v 0.9 0.35 -0.9
v 0.9 0.35 -1
v 0.9 0.45 0.9
v 0.9 0.45 0.8
v 0.9 0.45 0.7
v 0.9 0.45 0.6
v 0.9 0.45 -0.6
v 0.9 0.45 -0.7
v 0.9 0.45 -0.8
v 0.9 0.45 -0.9
v 0.9 0.55 0.7
v 0.9 0.55 0.6
v 0.9 0.55 0.5
v 0.9 0.55 0.4
v 0.9 0.55 -0.4
v 0.9 0.55 -0.5
v 0.9 0.55 -0.6
v 0.9 0.55 -0.7
v 0.9 0.65 0.5
v 0.9 0.65 0.4
v 0.9 0.65 -0.4
v 0.9 0.65 -0.5
v 1 -0.95 1.6
v 1 -0.95 1.5
v 1 -0.95 -1.5
v 1 -0.95 -1.6
v 1 -0.75 1.5
v 1 -0.75 1.4
v 1 -0.75 -1.4
v 1 -0.75 -1.5
v 1 -0.55 1.6
v 1 -0.55 1.5
v 1 -0.55 -1.5
v 1 -0.55 -1.6
v 1 -0.45 1.5
v 1 -0.45 1.4
v 1 -0.45 -1.4
v 1 -0.45 -1.5
v 1 -0.25 0.1
v 1 -0.25 -0.1
v 1 -0.15 0.5
v 1 -0.15 0.4
v 1 -0.15 0.1
v 1 -0.15 -0.1
v 1 -0.15 -0.4
v 1 -0.15 -0.5
v 1 -0.0500001 0.7
v 1 -0.0500001 0.6
v 1 -0.0500001 0.5
v 1 -0.0500001 0.4
v 1 -0.0500001 -0.4
v 1 -0.0500001 -0.5
v 1 -0.0500001 -0.6
v 1 -0.0500001 -0.7
v 1 0.05 0.9
v 1 0.05 0.8
v 1 0.05 0.7
v 1 0.05 0.6
v 1 0.05 -0.6
v 1 0.05 -0.7
v 1 0.05 -0.8
v 1 0.05 -0.9
v 1 0.15 1.1
v 1 0.15 1
v 1 0.15 0.9
v 1 0.15 0.8
v 1 0.15 -0.8
v 1 0.15 -0.9
v 1 0.15 -1
v 1 0.15 -1.1
v 1 0.25 1.1
v 1 0.25 1
v 1 0.25 0.9
v 1 0.25 0.8
v 1 0.25 -0.8
v 1 0.25 -0.9
v 1 0.25 -1
v 1 0.25 -1.1
v 1 0.35 0.9
v 1 0.35 0.8
v 1 0.35 0.7
v 1 0.35 -0.7
v 1 0.35 -0.8
v 1 0.35 -0.9
v 1 0.45 0.8
v 1 0.45 0.7
v 1 0.45 0.6
v 1 0.45 0.5
v 1 0.45 -0.5
v 1 0.45 -0.6
v 1 0.45 -0.7
v 1 0.45 -0.8
v 1 0.55 0.6
v 1 0.55 0.5
v 1 0.55 0.4
v 1 0.55 0.1
v 1 0.55 -0.1
v 1 0.55 -0.4
v 1 0.55 -0.5
v 1 0.55 -0.6
v 1 0.65 0.4
v 1 0.65 0.1
v 1 0.65 -0.1
v 1 0.65 -0.4
v 1.1 -0.15 0.4
v 1.1 -0.15 0.2
v 1.1 -0.15 -0.2
v 1.1 -0.15 -0.4
v 1.1 -0.0500001 0.6
v 1.1 -0.0500001 0.5
v 1.1 -0.0500001 0.4
v 1.1 -0.0500001 0.3
v 1.1 -0.0500001 0.2
v 1.1 -0.0500001 -0.2
v 1.1 -0.0500001 -0.3
v 1.1 -0.0500001 -0.4
v 1.1 -0.0500001 -0.5
v 1.1 -0.0500001 -0.6
v 1.1 0.05 0.8
v 1.1 0.05 0.7
v 1.1 0.05 0.6
v 1.1 0.05 0.5
v 1.1 0.05 -0.5
v 1.1 0.05 -0.6
v 1.1 0.05 -0.7
v 1.1 0.05 -0.8
v 1.1 0.15 1
v 1.1 0.15 0.9
v 1.1 0.15 0.8
v 1.1 0.15 0.7
v 1.1 0.15 -0.7
v 1.1 0.15 -0.8
v 1.1 0.15 -0.9
v 1.1 0.15 -1
v 1.1 0.25 1
v 1.1 0.25 0.9
v 1.1 0.25 0.8
v 1.1 0.25 0.7
v 1.1 0.25 -0.7
v 1.1 0.25 -0.8
v 1.1 0.25 -0.9
v 1.1 0.25 -1
v 1.1 0.35 0.8
v 1.1 0.35 0.7
v 1.1 0.35 0.6
v 1.1 0.35 -0.6
v 1.1 0.35 -0.7
v 1.1 0.35 -0.8
v 1.1 0.45 0.7
v 1.1 0.45 0.6
v 1.1 0.45 0.5
v 1.1 0.45 0.3
v 1.1 0.45 0.2
v 1.1 0.45 -0.2
v 1.1 0.45 -0.3
v 1.1 0.45 -0.5
v 1.1 0.45 -0.6
v 1.1 0.45 -0.7
v 1.1 0.55 0.5
v 1.1 0.55 0.2
v 1.1 0.55 0.1
v 1.1 0.55 -0.1
v 1.1 0.55 -0.2
v 1.1 0.55 -0.5
v 1.1 0.65 0.1
v 1.1 0.65 -0.1
v 1.2 -0.15 0.2
v 1.2 -0.15 -0.2
v 1.2 -0.0500001 0.5
v 1.2 -0.0500001 0.3
v 1.2 -0.0500001 0.2
v 1.2 -0.0500001 0.1
v 1.2 -0.0500001 -0.1
v 1.2 -0.0500001 -0.2
v 1.2 -0.0500001 -0.3
v 1.2 -0.0500001 -0.5
v 1.2 0.05 0.7
v 1.2 0.05 0.6
v 1.2 0.05 0.5
v 1.2 0.05 0.3
v 1.2 0.05 -0.3
v 1.2 0.05 -0.5
v 1.2 0.05 -0.6
v 1.2 0.05 -0.7
v 1.2 0.15 0.9
v 1.2 0.15 0.8
v 1.2 0.15 0.7
v 1.2 0.15 0.6
v 1.2 0.15 -0.6
v 1.2 0.15 -0.7
v 1.2 0.15 -0.8
v 1.2 0.15 -0.9
v 1.2 0.25 0.9
v 1.2 0.25 0.8
v 1.2 0.25 0.7
v 1.2 0.25 0.6
v 1.2 0.25 -0.6
v 1.2 0.25 -0.7
v 1.2 0.25 -0.8
v 1.2 0.25 -0.9
v 1.2 0.35 0.7
v 1.2 0.35 0.6
v 1.2 0.35 0.3
v 1.2 0.35 -0.3
v 1.2 0.35 -0.6
v 1.2 0.35 -0.7
v 1.2 0.45 0.6
v 1.2 0.45 0.3
v 1.2 0.45 0.2
v 1.2 0.45 0.1
v 1.2 0.45 -0.1
v 1.2 0.45 -0.2
v 1.2 0.45 -0.3
v 1.2 0.45 -0.6
v 1.2 0.55 0.2
v 1.2 0.55 -0.2
v 1.3 -0.0500001 0.3
v 1.3 -0.0500001 0.1
v 1.3 -0.0500001 -0.1
v 1.3 -0.0500001 -0.3
v 1.3 0.05 0.8
v 1.3 0.05 0.7
v 1.3 0.05 0.6
v 1.3 0.05 0.4
v 1.3 0.05 0.3
v 1.3 0.05 0.1
v 1.3 0.05 -0.1
v 1.3 0.05 -0.3
v 1.3 0.05 -0.4
v 1.3 0.05 -0.6
v 1.3 0.05 -0.7
v 1.3 0.05 -0.8
v 1.3 0.15 0.8
v 1.3 0.15 0.7
v 1.3 0.15 0.6
v 1.3 0.15 0.5
v 1.3 0.15 0.4
v 1.3 0.15 -0.4
v 1.3 0.15 -0.5
v 1.3 0.15 -0.6
v 1.3 0.15 -0.7
v 1.3 0.15 -0.8
v 1.3 0.25 0.8
v 1.3 0.25 0.7
v 1.3 0.25 0.6
v 1.3 0.25 0.5
v 1.3 0.25 0.4
v 1.3 0.25 -0.4
v 1.3 0.25 -0.5
v 1.3 0.25 -0.6
v 1.3 0.25 -0.7
v 1.3 0.25 -0.8
v 1.3 0.35 0.6
v 1.3 0.35 0.4
v 1.3 0.35 0.3
v 1.3 0.35 0.1
v 1.3 0.35 -0.1
v 1.3 0.35 -0.3
v 1.3 0.35 -0.4
v 1.3 0.35 -0.6
v 1.3 0.45 0.3
v 1.3 0.45 0.1
v 1.3 0.45 -0.1
v 1.3 0.45 -0.3
v 1.4 -0.25 0.9
v 1.4 -0.25 0.8
v 1.4 -0.25 -0.8
v 1.4 -0.25 -0.9
v 1.4 -0.15 0.9
v 1.4 -0.15 0.8
v 1.4 -0.15 0.7
v 1.4 -0.15 0.6
v 1.4 -0.15 -0.6
v 1.4 -0.15 -0.7
v 1.4 -0.15 -0.8
v 1.4 -0.15 -0.9
v 1.4 -0.0500001 0.1
v 1.4 -0.0500001 -0.1
v 1.4 0.05 0.8
v 1.4 0.05 0.7
v 1.4 0.05 0.4
v 1.4 0.05 0.2
v 1.4 0.05 0.1
v 1.4 0.05 -0.1
v 1.4 0.05 -0.2
v 1.4 0.05 -0.4
v 1.4 0.05 -0.7
v 1.4 0.05 -0.8
v 1.4 0.15 0.7
v 1.4 0.15 0.6
v 1.4 0.15 0.5
v 1.4 0.15 0.4
v 1.4 0.15 0.3
v 1.4 0.15 0.2
v 1.4 0.15 -0.2
v 1.4 0.15 -0.3
v 1.4 0.15 -0.4
v 1.4 0.15 -0.5
v 1.4 0.15 -0.6
v 1.4 0.15 -0.7
v 1.4 0.25 0.7
v 1.4 0.25 0.5
v 1.4 0.25 0.4
v 1.4 0.25 0.3
v 1.4 0.25 0.2
v 1.4 0.25 -0.2
v 1.4 0.25 -0.3
v 1.4 0.25 -0.4
v 1.4 0.25 -0.5
v 1.4 0.25 -0.7
v 1.4 0.35 0.4
v 1.4 0.35 0.2
v 1.4 0.35 0.1
v 1.4 0.35 -0.1
v 1.4 0.35 -0.2
v 1.4 0.35 -0.4
v 1.4 0.45 0.1
v 1.4 0.45 -0.1
v 1.5 -0.55 1
v 1.5 -0.55 0.9
v 1.5 -0.55 -0.9
v 1.5 -0.55 -1
v 1.5 -0.45 1
v 1.5 -0.45 0.9
v 1.5 -0.45 0.8
v 1.5 -0.45 0.7
v 1.5 -0.45 -0.7
v 1.5 -0.45 -0.8
v 1.5 -0.45 -0.9
v 1.5 -0.45 -1
v 1.5 -0.25 0.9
v 1.5 -0.25 0.8
v 1.5 -0.25 -0.8
v 1.5 -0.25 -0.9
v 1.5 -0.15 0.8
v 1.5 -0.15 0.7
v 1.5 -0.15 -0.7
v 1.5 -0.15 -0.8
v 1.5 0.05 0.2
v 1.5 0.05 -0.2
v 1.5 0.15 0.5
v 1.5 0.15 0.3
v 1.5 0.15 0.2
v 1.5 0.15 -0.2
v 1.5 0.15 -0.3
v 1.5 0.15 -0.5
v 1.5 0.25 0.5
v 1.5 0.25 0.3
v 1.5 0.25 0.2
v 1.5 0.25 -0.2
v 1.5 0.25 -0.3
v 1.5 0.25 -0.5
v 1.5 0.35 0.2
v 1.5 0.35 -0.2
v 1.6 -0.95 1
v 1.6 -0.95 0.9
v 1.6 -0.95 -0.9
v 1.6 -0.95 -1
v 1.6 -0.75 0.9
v 1.6 -0.75 0.8
v 1.6 -0.75 -0.8
v 1.6 -0.75 -0.9
v 1.6 -0.55 1
v 1.6 -0.55 0.9
v 1.6 -0.55 -0.9
v 1.6 -0.55 -1
v 1.6 -0.45 0.9
v 1.6 -0.45 0.8
v 1.6 -0.45 -0.8
v 1.6 -0.45 -0.9
v 1.6 0.15 0.3
v 1.6 0.15 -0.3
v 1.6 0.25 0.3
v 1.6 0.25 -0.3
v -1 -0.95 1.6
v -1 -0.55 1.6
v -0.9 -0.95 1.6
v -0.9 -0.75 1.6
v -0.9 -0.55 1.6
v -0.9 -0.45 1.6
v -0.8 -0.75 1.6
v -0.8 -0.45 1.6
v -0.3 0.15 1.6
v -0.3 0.25 1.6
v 0.3 0.15 1.6
v 0.3 0.25 1.6
v 0.8 -0.75 1.6
v 0.8 -0.45 1.6
v 0.9 -0.95 1.6
v 0.9 -0.75 1.6
v 0.9 -0.55 1.6
v 0.9 -0.45 1.6
v 1 -0.95 1.6
v 1 -0.55 1.6
v -1 -0.55 1.5
v -1 -0.45 1.5
v -0.9 -0.55 1.5
v -0.9 -0.45 1.5
v -0.9 -0.25 1.5
v -0.8 -0.45 1.5
v -0.8 -0.25 1.5
v -0.8 -0.15 1.5
v -0.7 -0.45 1.5
v -0.7 -0.15 1.5
v -0.5 0.15 1.5
v -0.5 0.25 1.5
v -0.3 0.15 1.5
v -0.3 0.25 1.5
v -0.2 0.05 1.5
v -0.2 0.15 1.5
v -0.2 0.25 1.5
v -0.2 0.35 1.5
v 0.2 0.05 1.5
v 0.2 0.15 1.5
v 0.2 0.25 1.5
v 0.2 0.35 1.5
v 0.3 0.15 1.5
v 0.3 0.25 1.5
v 0.5 0.15 1.5
v 0.5 0.25 1.5
v 0.7 -0.45 1.5
v 0.7 -0.15 1.5
v 0.8 -0.45 1.5
v 0.8 -0.25 1.5
v 0.8 -0.15 1.5
v 0.9 -0.55 1.5
v 0.9 -0.45 1.5
v 0.9 -0.25 1.5
v 1 -0.55 1.5
v 1 -0.45 1.5
v -0.9 -0.25 1.4
v -0.9 -0.15 1.4
v -0.8 -0.25 1.4
v -0.8 -0.15 1.4
v -0.8 0.05 1.4
v -0.7 -0.15 1.4
v -0.7 0.05 1.4
v -0.7 0.15 1.4
v -0.7 0.25 1.4
v -0.6 -0.15 1.4
v -0.6 0.15 1.4
v -0.5 0.15 1.4
v -0.5 0.25 1.4
v -0.4 0.05 1.4
v -0.4 0.15 1.4
v -0.4 0.25 1.4
v -0.4 0.35 1.4
v -0.3 0.15 1.4
v -0.3 0.25 1.4
v -0.2 0.05 1.4
v -0.2 0.15 1.4
v -0.2 0.25 1.4
v -0.2 0.35 1.4
v -0.1 -0.0500001 1.4
v -0.1 0.05 1.4
v -0.1 0.35 1.4
v -0.1 0.45 1.4
v 0.1 -0.0500001 1.4
v 0.1 0.05 1.4
v 0.1 0.35 1.4
v 0.1 0.45 1.4
v 0.2 0.05 1.4
v 0.2 0.15 1.4
v 0.2 0.25 1.4
v 0.2 0.35 1.4
v 0.3 0.15 1.4
v 0.3 0.25 1.4
v 0.4 0.05 1.4
v 0.4 0.15 1.4
v 0.4 0.25 1.4
v 0.4 0.35 1.4
v 0.5 0.15 1.4
v 0.5 0.25 1.4
v 0.6 -0.15 1.4
v 0.6 0.15 1.4
v 0.7 -0.15 1.4
v 0.7 0.05 1.4
v 0.7 0.15 1.4
v 0.7 0.25 1.4
v 0.8 -0.25 1.4
v 0.8 -0.15 1.4
v 0.8 0.05 1.4
v 0.9 -0.25 1.4
v 0.9 -0.15 1.4
v -0.8 0.05 1.3
v -0.8 0.15 1.3
v -0.8 0.25 1.3
v -0.7 0.05 1.3
v -0.7 0.15 1.3
v -0.7 0.25 1.3
v -0.6 0.05 1.3
v -0.6 0.15 1.3
v -0.6 0.25 1.3
v -0.6 0.35 1.3
v -0.5 0.15 1.3
v -0.5 0.25 1.3
v -0.4 0.05 1.3
v -0.4 0.15 1.3
v -0.4 0.25 1.3
v -0.4 0.35 1.3
v -0.3 -0.0500001 1.3
v -0.3 0.05 1.3
v -0.3 0.35 1.3
v -0.3 0.45 1.3
v -0.1 -0.0500001 1.3
v -0.1 0.05 1.3
v -0.1 0.35 1.3
v -0.1 0.45 1.3
v 0.1 -0.0500001 1.3
v 0.1 0.05 1.3
v 0.1 0.35 1.3
v 0.1 0.45 1.3
v 0.3 -0.0500001 1.3
v 0.3 0.05 1.3
v 0.3 0.35 1.3
v 0.3 0.45 1.3
v 0.4 0.05 1.3
v 0.4 0.15 1.3
v 0.4 0.25 1.3
v 0.4 0.35 1.3
v 0.5 0.15 1.3
v 0.5 0.25 1.3
v 0.6 0.05 1.3
v 0.6 0.15 1.3
v 0.6 0.25 1.3
v 0.6 0.35 1.3
v 0.7 0.05 1.3
v 0.7 0.15 1.3
v 0.7 0.25 1.3
v 0.8 0.05 1.3
v 0.8 0.15 1.3
v 0.8 0.25 1.3
v -0.9 0.15 1.2
v -0.9 0.25 1.2
v -0.8 0.15 1.2
v -0.8 0.25 1.2
v -0.7 0.05 1.2
v -0.7 0.15 1.2
v -0.7 0.25 1.2
v -0.7 0.35 1.2
v -0.6 0.05 1.2
v -0.6 0.15 1.2
v -0.6 0.25 1.2
v -0.6 0.35 1.2
v -0.5 -0.0500001 1.2
v -0.5 0.05 1.2
v -0.5 0.35 1.2
v -0.5 0.45 1.2
v -0.3 -0.0500001 1.2
v -0.3 0.05 1.2
v -0.3 0.35 1.2
v -0.3 0.45 1.2
v -0.2 -0.15 1.2
v -0.2 -0.0500001 1.2
v -0.2 0.45 1.2
v -0.2 0.55 1.2
v -0.1 -0.0500001 1.2
v -0.1 0.45 1.2
v 0.1 -0.0500001 1.2
v 0.1 0.45 1.2
v 0.2 -0.15 1.2
v 0.2 -0.0500001 1.2
v 0.2 0.45 1.2
v 0.2 0.55 1.2
v 0.3 -0.0500001 1.2
v 0.3 0.05 1.2
v 0.3 0.35 1.2
v 0.3 0.45 1.2
v 0.5 -0.0500001 1.2
v 0.5 0.05 1.2
v 0.5 0.35 1.2
v 0.5 0.45 1.2
v 0.6 0.05 1.2
v 0.6 0.15 1.2
v 0.6 0.25 1.2
v 0.6 0.35 1.2
v 0.7 0.05 1.2
v 0.7 0.15 1.2
v 0.7 0.25 1.2
v 0.7 0.35 1.2
v 0.8 0.15 1.2
v 0.8 0.25 1.2
v 0.9 0.15 1.2
v 0.9 0.25 1.2
v -1 0.15 1.1
v -1 0.25 1.1
v -0.9 0.15 1.1
v -0.9 0.25 1.1
v -0.8 0.05 1.1
v -0.8 0.15 1.1
v -0.8 0.25 1.1
v -0.8 0.35 1.1
v -0.7 0.05 1.1
v -0.7 0.15 1.1
v -0.7 0.25 1.1
v -0.7 0.35 1.1
v -0.6 -0.0500001 1.1
v -0.6 0.05 1.1
v -0.6 0.35 1.1
v -0.6 0.45 1.1
v -0.5 -0.0500001 1.1
v -0.5 0.05 1.1
v -0.5 0.35 1.1
v -0.5 0.45 1.1
v -0.4 -0.15 1.1
v -0.4 -0.0500001 1.1
v -0.4 0.45 1.1
v -0.4 0.55 1.1
v -0.3 -0.0500001 1.1
v -0.3 0.45 1.1
v -0.2 -0.15 1.1
v -0.2 -0.0500001 1.1
v -0.2 0.45 1.1
v -0.2 0.55 1.1
v -0.1 0.55 1.1
v -0.1 0.65 1.1
v 0.1 0.55 1.1
v 0.1 0.65 1.1
v 0.2 -0.15 1.1
v 0.2 -0.0500001 1.1
v 0.2 0.45 1.1
v 0.2 0.55 1.1
v 0.3 -0.0500001 1.1
v 0.3 0.45 1.1
v 0.4 -0.15 1.1
v 0.4 -0.0500001 1.1
v 0.4 0.45 1.1
v 0.4 0.55 1.1
v 0.5 -0.0500001 1.1
v 0.5 0.05 1.1
v 0.5 0.35 1.1
v 0.5 0.45 1.1
v 0.6 -0.0500001 1.1
v 0.6 0.05 1.1
v 0.6 0.35 1.1
v 0.6 0.45 1.1
v 0.7 0.05 1.1
v 0.7 0.15 1.1
v 0.7 0.25 1.1
v 0.7 0.35 1.1
v 0.8 0.05 1.1
v 0.8 0.15 1.1
v 0.8 0.25 1.1
v 0.8 0.35 1.1
v 0.9 0.15 1.1
v 0.9 0.25 1.1
v 1 0.15 1.1
v 1 0.25 1.1
v -1.6 -0.95 1
v -1.6 -0.55 1
v -1.5 -0.95 1
v -1.5 -0.75 1
v -1.5 -0.55 1
v -1.5 -0.45 1
v -1.4 -0.75 1
v -1.4 -0.45 1
v -1.1 0.15 1
v -1.1 0.25 1
v -1 0.15 1
v -1 0.25 1
v -0.9 0.05 1
v -0.9 0.15 1
v -0.9 0.25 1
v -0.9 0.35 1
v -0.8 0.05 1
v -0.8 0.15 1
v -0.8 0.25 1
v -0.8 0.35 1
v -0.8 0.45 1
v -0.7 -0.0500001 1
v -0.7 0.05 1
v -0.6 -0.0500001 1
v -0.6 0.05 1
v -0.6 0.35 1
v -0.6 0.45 1
v -0.5 -0.15 1
v -0.5 -0.0500001 1
v -0.5 0.45 1
v -0.5 0.55 1
v -0.4 -0.15 1
v -0.4 -0.0500001 1
v -0.4 0.45 1
v -0.4 0.55 1
v -0.3 0.55 1
v -0.3 0.65 1
v -0.1 -0.25 1
v -0.1 -0.15 1
v -0.1 0.55 1
v -0.1 0.65 1
v 0.1 -0.25 1
v 0.1 -0.15 1
v 0.1 0.55 1
v 0.1 0.65 1
v 0.3 0.55 1
v 0.3 0.65 1
v 0.4 -0.15 1
v 0.4 -0.0500001 1
v 0.4 0.45 1
v 0.4 0.55 1
v 0.5 -0.15 1
v 0.5 -0.0500001 1
v 0.5 0.45 1
v 0.5 0.55 1
v 0.6 -0.0500001 1
v 0.6 0.05 1
v 0.6 0.35 1
v 0.6 0.45 1
v 0.7 -0.0500001 1
v 0.7 0.05 1
v 0.8 0.05 1
v 0.8 0.15 1
v 0.8 0.25 1
v 0.8 0.35 1
v 0.8 0.45 1
v 0.9 0.05 1
v 0.9 0.15 1
v 0.9 0.25 1
v 0.9 0.35 1
v 1 0.15 1
v 1 0.25 1
v 1.1 0.15 1
v 1.1 0.25 1
v 1.4 -0.75 1
v 1.4 -0.45 1
v 1.5 -0.95 1
v 1.5 -0.75 1
v 1.5 -0.55 1
v 1.5 -0.45 1
v 1.6 -0.95 1
v 1.6 -0.55 1
v -1.6 -0.55 0.9
v -1.6 -0.45 0.9
v -1.5 -0.55 0.9
v -1.5 -0.45 0.9
v -1.5 -0.25 0.9
v -1.4 -0.45 0.9
v -1.4 -0.25 0.9
v -1.4 -0.15 0.9
v -1.3 -0.45 0.9
v -1.3 -0.15 0.9
v -1.2 0.15 0.9
v -1.2 0.25 0.9
v -1.1 0.15 0.9
v -1.1 0.25 0.9
v -1 0.05 0.9
v -1 0.15 0.9
v -1 0.25 0.9
v -1 0.35 0.9
v -0.9 0.05 0.9
v -0.9 0.15 0.9
v -0.9 0.25 0.9
v -0.9 0.35 0.9
v -0.9 0.45 0.9
v -0.8 -0.0500001 0.9
v -0.8 0.05 0.9
v -0.8 0.35 0.9
v -0.8 0.45 0.9
v -0.7 -0.0500001 0.9
v -0.7 0.05 0.9
v -0.7 0.45 0.9
v -0.7 0.55 0.9
v -0.6 -0.15 0.9
v -0.6 -0.0500001 0.9
v -0.6 0.45 0.9
v -0.5 -0.15 0.9
v -0.5 -0.0500001 0.9
v -0.5 0.45 0.9
v -0.5 0.55 0.9
v -0.4 0.55 0.9
v -0.4 0.65 0.9
v -0.3 -0.25 0.9
v -0.3 -0.15 0.9
v -0.3 0.55 0.9
v -0.3 0.65 0.9
v -0.1 -0.25 0.9
v -0.1 -0.15 0.9
v 0.1 -0.25 0.9
v 0.1 -0.15 0.9
v 0.3 -0.25 0.9
v 0.3 -0.15 0.9
v 0.3 0.55 0.9
v 0.3 0.65 0.9
v 0.4 0.55 0.9
v 0.4 0.65 0.9
v 0.5 -0.15 0.9
v 0.5 -0.0500001 0.9
v 0.5 0.45 0.9
v 0.5 0.55 0.9
v 0.6 -0.15 0.9
v 0.6 -0.0500001 0.9
v 0.6 0.45 0.9
v 0.7 -0.0500001 0.9
v 0.7 0.05 0.9
v 0.7 0.45 0.9
v 0.7 0.55 0.9
v 0.8 -0.0500001 0.9
v 0.8 0.05 0.9
v 0.8 0.35 0.9
v 0.8 0.45 0.9
v 0.9 0.05 0.9
v 0.9 0.15 0.9
v 0.9 0.25 0.9
v 0.9 0.35 0.9
v 0.9 0.45 0.9
v 1 0.05 0.9
v 1 0.15 0.9
v 1 0.25 0.9
v 1 0.35 0.9
v 1.1 0.15 0.9
v 1.1 0.25 0.9
v 1.2 0.15 0.9
v 1.2 0.25 0.9
v 1.3 -0.45 0.9
v 1.3 -0.15 0.9
v 1.4 -0.45 0.9
v 1.4 -0.25 0.9
v 1.4 -0.15 0.9
v 1.5 -0.55 0.9
v 1.5 -0.45 0.9
v 1.5 -0.25 0.9
v 1.6 -0.55 0.9
v 1.6 -0.45 0.9
v -1.5 -0.25 0.8
v -1.5 -0.15 0.8
v -1.4 -0.25 0.8
v -1.4 -0.15 0.8
v -1.4 0.05 0.8
v -1.3 -0.15 0.8
v -1.3 0.05 0.8
v -1.3 0.15 0.8
v -1.3 0.25 0.8
v -1.2 -0.15 0.8
v -1.2 0.15 0.8
v -1.2 0.25 0.8
v -1.1 0.05 0.8
v -1.1 0.15 0.8
v -1.1 0.25 0.8
v -1.1 0.35 0.8
v -1 0.05 0.8
v -1 0.15 0.8
v -1 0.25 0.8
v -1 0.35 0.8
v -1 0.45 0.8
v -0.9 -0.0500001 0.8
v -0.9 0.05 0.8
v -0.9 0.35 0.8
v -0.9 0.45 0.8
v -0.8 -0.0500001 0.8
v -0.8 0.05 0.8
v -0.8 0.45 0.8
v -0.8 0.55 0.8
v -0.7 -0.15 0.8
v -0.7 -0.0500001 0.8
v -0.7 0.45 0.8
v -0.7 0.55 0.8
v -0.6 -0.15 0.8
v -0.6 -0.0500001 0.8
v -0.6 0.55 0.8
v -0.6 0.65 0.8
v -0.4 -0.25 0.8
v -0.4 -0.15 0.8
v -0.4 0.55 0.8
v -0.4 0.65 0.8
v -0.3 -0.25 0.8
v -0.3 -0.15 0.8
v -0.2 0.65 0.8
v -0.2 0.75 0.8
v 0.2 0.65 0.8
v 0.2 0.75 0.8
v 0.3 -0.25 0.8
v 0.3 -0.15 0.8
v 0.4 -0.25 0.8
v 0.4 -0.15 0.8
v 0.4 0.55 0.8
v 0.4 0.65 0.8
v 0.6 -0.15 0.8
v 0.6 -0.0500001 0.8
v 0.6 0.55 0.8
v 0.6 0.65 0.8
v 0.7 -0.15 0.8
v 0.7 -0.0500001 0.8
v 0.7 0.45 0.8
v 0.7 0.55 0.8
v 0.8 -0.0500001 0.8
v 0.8 0.05 0.8
v 0.8 0.45 0.8
v 0.8 0.55 0.8
v 0.9 -0.0500001 0.8
v 0.9 0.05 0.8
v 0.9 0.35 0.8
v 0.9 0.45 0.8
v 1 0.05 0.8
v 1 0.15 0.8
v 1 0.25 0.8
v 1 0.35 0.8
v 1 0.45 0.8
v 1.1 0.05 0.8
v 1.1 0.15 0.8
v 1.1 0.25 0.8
v 1.1 0.35 0.8
v 1.2 -0.15 0.8
v 1.2 0.15 0.8
v 1.2 0.25 0.8
v 1.3 -0.15 0.8
v 1.3 0.05 0.8
v 1.3 0.15 0.8
v 1.3 0.25 0.8
v 1.4 -0.25 0.8
v 1.4 -0.15 0.8
v 1.4 0.05 0.8
v 1.5 -0.25 0.8
v 1.5 -0.15 0.8
v -1.4 0.05 0.7
v -1.4 0.15 0.7
v -1.4 0.25 0.7
v -1.3 0.05 0.7
v -1.3 0.15 0.7
v -1.3 0.25 0.7
v -1.2 0.05 0.7
v -1.2 0.15 0.7
v -1.2 0.25 0.7
v -1.2 0.35 0.7
v -1.1 0.05 0.7
v -1.1 0.15 0.7
v -1.1 0.25 0.7
v -1.1 0.35 0.7
v -1.1 0.45 0.7
v -1 -0.0500001 0.7
v -1 0.05 0.7
v -1 0.35 0.7
v -1 0.45 0.7
v -0.9 -0.0500001 0.7
v -0.9 0.05 0.7
v -0.9 0.45 0.7
v -0.9 0.55 0.7
v -0.8 -0.15 0.7
v -0.8 -0.0500001 0.7
v -0.8 0.45 0.7
v -0.8 0.55 0.7
v -0.7 -0.15 0.7
v -0.7 -0.0500001 0.7
v -0.7 0.55 0.7
v -0.7 0.65 0.7
v -0.6 0.55 0.7
v -0.6 0.65 0.7
v -0.5 -0.25 0.7
v -0.5 -0.15 0.7
v -0.4 -0.25 0.7
v -0.4 -0.15 0.7
v -0.3 0.65 0.7
v -0.3 0.75 0.7
v -0.2 -0.35 0.7
v -0.2 -0.25 0.7
v -0.2 0.65 0.7
v -0.2 0.75 0.7
v 0.2 -0.35 0.7
v 0.2 -0.25 0.7
v 0.2 0.65 0.7
v 0.2 0.75 0.7
v 0.3 0.65 0.7
v 0.3 0.75 0.7
v 0.4 -0.25 0.7
v 0.4 -0.15 0.7
v 0.5 -0.25 0.7
v 0.5 -0.15 0.7
v 0.6 0.55 0.7
v 0.6 0.65 0.7
v 0.7 -0.15 0.7
v 0.7 -0.0500001 0.7
v 0.7 0.55 0.7
v 0.7 0.65 0.7
v 0.8 -0.15 0.7
v 0.8 -0.0500001 0.7
v 0.8 0.45 0.7
v 0.8 0.55 0.7
v 0.9 -0.0500001 0.7
v 0.9 0.05 0.7
v 0.9 0.45 0.7
v 0.9 0.55 0.7
v 1 -0.0500001 0.7
v 1 0.05 0.7
v 1 0.35 0.7
v 1 0.45 0.7
v 1.1 0.05 0.7
v 1.1 0.15 0.7
v 1.1 0.25 0.7
v 1.1 0.35 0.7
v 1.1 0.45 0.7
v 1.2 0.05 0.7
v 1.2 0.15 0.7
v 1.2 0.25 0.7
v 1.2 0.35 0.7
v 1.3 0.05 0.7
v 1.3 0.15 0.7
v 1.3 0.25 0.7
v 1.4 0.05 0.7
v 1.4 0.15 0.7
v 1.4 0.25 0.7
v -1.3 0.05 0.6
v -1.3 0.15 0.6
v -1.3 0.25 0.6
v -1.3 0.35 0.6
v -1.2 0.05 0.6
v -1.2 0.15 0.6
v -1.2 0.25 0.6
v -1.2 0.35 0.6
v -1.2 0.45 0.6
v -1.1 -0.0500001 0.6
v -1.1 0.05 0.6
v -1.1 0.35 0.6
v -1.1 0.45 0.6
v -1 -0.0500001 0.6
v -1 0.05 0.6
v -1 0.45 0.6
v -1 0.55 0.6
v -0.9 -0.15 0.6
v -0.9 -0.0500001 0.6
v -0.9 0.45 0.6
v -0.9 0.55 0.6
v -0.8 -0.15 0.6
v -0.8 -0.0500001 0.6
v -0.8 0.55 0.6
v -0.8 0.65 0.6
v -0.7 0.55 0.6
v -0.7 0.65 0.6
v -0.6 -0.25 0.6
v -0.6 -0.15 0.6
v -0.5 -0.25 0.6
v -0.5 -0.15 0.6
v -0.5 0.65 0.6
v -0.5 0.75 0.6
v -0.3 -0.35 0.6
v -0.3 -0.25 0.6
v -0.3 0.65 0.6
v -0.3 0.75 0.6
v -0.2 -0.35 0.6
v -0.2 -0.25 0.6
v 0.2 -0.35 0.6
v 0.2 -0.25 0.6
v 0.3 -0.35 0.6
v 0.3 -0.25 0.6
v 0.3 0.65 0.6
v 0.3 0.75 0.6
v 0.5 -0.25 0.6
v 0.5 -0.15 0.6
v 0.5 0.65 0.6
v 0.5 0.75 0.6
v 0.6 -0.25 0.6
v 0.6 -0.15 0.6
v 0.7 0.55 0.6
v 0.7 0.65 0.6
v 0.8 -0.15 0.6
v 0.8 -0.0500001 0.6
v 0.8 0.55 0.6
v 0.8 0.65 0.6
v 0.9 -0.15 0.6
v 0.9 -0.0500001 0.6
v 0.9 0.45 0.6
v 0.9 0.55 0.6
v 1 -0.0500001 0.6
v 1 0.05 0.6
v 1 0.45 0.6
v 1 0.55 0.6
v 1.1 -0.0500001 0.6
v 1.1 0.05 0.6
v 1.1 0.35 0.6
v 1.1 0.45 0.6
v 1.2 0.05 0.6
v 1.2 0.15 0.6
v 1.2 0.25 0.6
v 1.2 0.35 0.6
v 1.2 0.45 0.6
v 1.3 0.05 0.6
v 1.3 0.15 0.6
v 1.3 0.25 0.6
v 1.3 0.35 0.6
v -1.5 0.15 0.5
v -1.5 0.25 0.5
v -1.4 0.15 0.5
v -1.4 0.25 0.5
v -1.2 -0.0500001 0.5
v -1.2 0.05 0.5
v -1.1 -0.0500001 0.5
v -1.1 0.05 0.5
v -1.1 0.45 0.5
v -1.1 0.55 0.5
v -1 -0.15 0.5
v -1 -0.0500001 0.5
v -1 0.45 0.5
v -1 0.55 0.5
v -0.9 -0.15 0.5
v -0.9 -0.0500001 0.5
v -0.9 0.55 0.5
v -0.9 0.65 0.5
v -0.8 0.55 0.5
v -0.8 0.65 0.5
v -0.7 -0.25 0.5
v -0.7 -0.15 0.5
v -0.6 -0.25 0.5
v -0.6 -0.15 0.5
v -0.6 0.65 0.5
v -0.6 0.75 0.5
v -0.5 0.65 0.5
v -0.5 0.75 0.5
v -0.4 -0.35 0.5
v -0.4 -0.25 0.5
v -0.3 -0.35 0.5
v -0.3 -0.25 0.5
v -0.1 0.75 0.5
v -0.1 0.85 0.5
v 0.1 0.75 0.5
v 0.1 0.85 0.5
v 0.3 -0.35 0.5
v 0.3 -0.25 0.5
v 0.4 -0.35 0.5
v 0.4 -0.25 0.5
v 0.5 0.65 0.5
v 0.5 0.75 0.5
v 0.6 -0.25 0.5
v 0.6 -0.15 0.5
v 0.6 0.65 0.5
v 0.6 0.75 0.5
v 0.7 -0.25 0.5
v 0.7 -0.15 0.5
v 0.8 0.55 0.5
v 0.8 0.65 0.5
v 0.9 -0.15 0.5
v 0.9 -0.0500001 0.5
v 0.9 0.55 0.5
v 0.9 0.65 0.5
v 1 -0.15 0.5
v 1 -0.0500001 0.5
v 1 0.45 0.5
v 1 0.55 0.5
v 1.1 -0.0500001 0.5
v 1.1 0.05 0.5
v 1.1 0.45 0.5
v 1.1 0.55 0.5
v 1.2 -0.0500001 0.5
v 1.2 0.05 0.5
v 1.4 0.15 0.5
v 1.4 0.25 0.5
v 1.5 0.15 0.5
v 1.5 0.25 0.5
v -1.4 0.05 0.4
v -1.4 0.15 0.4
v -1.4 0.25 0.4
v -1.4 0.35 0.4
v -1.3 0.05 0.4
v -1.3 0.15 0.4
v -1.3 0.25 0.4
v -1.3 0.35 0.4
v -1.1 -0.15 0.4
v -1.1 -0.0500001 0.4
v -1 -0.15 0.4
v -1 -0.0500001 0.4
v -1 0.55 0.4
v -1 0.65 0.4
v -0.9 0.55 0.4
v -0.9 0.65 0.4
v -0.8 -0.25 0.4
v -0.8 -0.15 0.4
v -0.7 -0.25 0.4
v -0.7 -0.15 0.4
v -0.7 0.65 0.4
v -0.7 0.75 0.4
v -0.6 0.65 0.4
v -0.6 0.75 0.4
v -0.5 -0.35 0.4
v -0.5 -0.25 0.4
v -0.4 -0.35 0.4
v -0.4 -0.25 0.4
v -0.2 0.75 0.4
v -0.2 0.85 0.4
v -0.1 0.75 0.4
v -0.1 0.85 0.4
v 0.1 0.75 0.4
v 0.1 0.85 0.4
v 0.2 0.75 0.4
v 0.2 0.85 0.4
v 0.4 -0.35 0.4
v 0.4 -0.25 0.4
v 0.5 -0.35 0.4
v 0.5 -0.25 0.4
v 0.6 0.65 0.4
v 0.6 0.75 0.4
v 0.7 -0.25 0.4
v 0.7 -0.15 0.4
v 0.7 0.65 0.4
v 0.7 0.75 0.4
v 0.8 -0.25 0.4
v 0.8 -0.15 0.4
v 0.9 0.55 0.4
v 0.9 0.65 0.4
v 1 -0.15 0.4
v 1 -0.0500001 0.4
v 1 0.55 0.4
v 1 0.65 0.4
v 1.1 -0.15 0.4
v 1.1 -0.0500001 0.4
v 1.3 0.05 0.4
v 1.3 0.15 0.4
v 1.3 0.25 0.4
v 1.3 0.35 0.4
v 1.4 0.05 0.4
v 1.4 0.15 0.4
v 1.4 0.25 0.4
v 1.4 0.35 0.4
v -1.6 0.15 0.3
v -1.6 0.25 0.3
v -1.5 0.15 0.3
v -1.5 0.25 0.3
v -1.3 -0.0500001 0.3
v -1.3 0.05 0.3
v -1.3 0.35 0.3
v -1.3 0.45 0.3
v -1.2 -0.0500001 0.3
v -1.2 0.05 0.3
v -1.2 0.35 0.3
v -1.2 0.45 0.3
v -0.9 -0.25 0.3
v -0.9 -0.15 0.3
v -0.8 -0.25 0.3
v -0.8 -0.15 0.3
v -0.8 0.65 0.3
v -0.8 0.75 0.3
v -0.7 0.65 0.3
v -0.7 0.75 0.3
v -0.4 0.75 0.3
v -0.4 0.85 0.3
v -0.2 0.75 0.3
v -0.2 0.85 0.3
v -0.1 -0.45 0.3
v -0.1 -0.35 0.3
v 0.1 -0.45 0.3
v 0.1 -0.35 0.3
v 0.2 0.75 0.3
v 0.2 0.85 0.3
v 0.4 0.75 0.3
v 0.4 0.85 0.3
v 0.7 0.65 0.3
v 0.7 0.75 0.3
v 0.8 -0.25 0.3
v 0.8 -0.15 0.3
v 0.8 0.65 0.3
v 0.8 0.75 0.3
v 0.9 -0.25 0.3
v 0.9 -0.15 0.3
v 1.2 -0.0500001 0.3
v 1.2 0.05 0.3
v 1.2 0.35 0.3
v 1.2 0.45 0.3
v 1.3 -0.0500001 0.3
v 1.3 0.05 0.3
v 1.3 0.35 0.3
v 1.3 0.45 0.3
v 1.5 0.15 0.3
v 1.5 0.25 0.3
v 1.6 0.15 0.3
v 1.6 0.25 0.3
v -1.5 0.05 0.2
v -1.5 0.15 0.2
v -1.5 0.25 0.2
v -1.5 0.35 0.2
v -1.4 0.05 0.2
v -1.4 0.15 0.2
v -1.4 0.25 0.2
v -1.4 0.35 0.2
v -1.2 -0.15 0.2
v -1.2 -0.0500001 0.2
v -1.2 0.45 0.2
v -1.2 0.55 0.2
v -1.1 -0.15 0.2
v -1.1 -0.0500001 0.2
v -1.1 0.45 0.2
v -1.1 0.55 0.2
v -0.6 -0.35 0.2
v -0.6 -0.25 0.2
v -0.5 -0.35 0.2
v -0.5 -0.25 0.2
v -0.5 0.75 0.2
v -0.5 0.85 0.2
v -0.4 0.75 0.2
v -0.4 0.85 0.2
v -0.2 -0.45 0.2
v -0.2 -0.35 0.2
v -0.1 -0.45 0.2
v -0.1 -0.35 0.2
v 0.1 -0.45 0.2
v 0.1 -0.35 0.2
v 0.2 -0.45 0.2
v 0.2 -0.35 0.2
v 0.4 0.75 0.2
v 0.4 0.85 0.2
v 0.5 -0.35 0.2
v 0.5 -0.25 0.2
v 0.5 0.75 0.2
v 0.5 0.85 0.2
v 0.6 -0.35 0.2
v 0.6 -0.25 0.2
v 1.1 -0.15 0.2
v 1.1 -0.0500001 0.2
v 1.1 0.45 0.2
v 1.1 0.55 0.2
v 1.2 -0.15 0.2
v 1.2 -0.0500001 0.2
v 1.2 0.45 0.2
v 1.2 0.55 0.2
v 1.4 0.05 0.2
v 1.4 0.15 0.2
v 1.4 0.25 0.2
v 1.4 0.35 0.2
v 1.5 0.05 0.2
v 1.5 0.15 0.2
v 1.5 0.25 0.2
v 1.5 0.35 0.2
v -1.4 -0.0500001 0.1
v -1.4 0.05 0.1
v -1.4 0.35 0.1
v -1.4 0.45 0.1
v -1.3 -0.0500001 0.1
v -1.3 0.05 0.1
v -1.3 0.35 0.1
v -1.3 0.45 0.1
v -1.1 0.55 0.1
v -1.1 0.65 0.1
v -1 -0.25 0.1
v -1 -0.15 0.1
v -1 0.55 0.1
v -1 0.65 0.1
v -0.9 -0.25 0.1
v -0.9 -0.15 0.1
v -0.3 -0.45 0.1
v -0.3 -0.35 0.1
v -0.2 -0.45 0.1
v -0.2 -0.35 0.1
v -0.1 0.85 0.1
v -0.1 0.95 0.1
v 0.1 0.85 0.1
v 0.1 0.95 0.1
v 0.2 -0.45 0.1
v 0.2 -0.35 0.1
v 0.3 -0.45 0.1
v 0.3 -0.35 0.1
v 0.9 -0.25 0.1
v 0.9 -0.15 0.1
v 1 -0.25 0.1
v 1 -0.15 0.1
v 1 0.55 0.1
v 1 0.65 0.1
v 1.1 0.55 0.1
v 1.1 0.65 0.1
v 1.3 -0.0500001 0.1
v 1.3 0.05 0.1
v 1.3 0.35 0.1
v 1.3 0.45 0.1
v 1.4 -0.0500001 0.1
v 1.4 0.05 0.1
v 1.4 0.35 0.1
v 1.4 0.45 0.1
v -1.4 -0.15 -0.6
v -1.4 0.15 -0.6
v -1.3 -0.15 -0.6
v -1.3 0.05 -0.6
v -1.3 0.15 -0.6
v 1.3 -0.15 -0.6
v 1.3 0.05 -0.6
v 1.3 0.15 -0.6
v 1.4 -0.15 -0.6
v 1.4 0.15 -0.6
v -1.5 -0.45 -0.7
v -1.5 -0.15 -0.7
v -1.4 -0.45 -0.7
v -1.4 -0.15 -0.7
v -1.3 -0.15 -0.7
v -1.3 0.15 -0.7
v -1.2 -0.15 -0.7
v -1.2 0.05 -0.7
v -1.2 0.15 -0.7
v 1.2 -0.15 -0.7
v 1.2 0.05 -0.7
v 1.2 0.15 -0.7
v 1.3 -0.15 -0.7
v 1.3 0.15 -0.7
v 1.4 -0.45 -0.7
v 1.4 -0.15 -0.7
v 1.5 -0.45 -0.7
v 1.5 -0.15 -0.7
v -1.6 -0.75 -0.8
v -1.6 -0.45 -0.8
v -1.5 -0.75 -0.8
v -1.5 -0.45 -0.8
v -1.4 -0.45 -0.8
v -1.4 -0.15 -0.8
v -1.3 -0.45 -0.8
v -1.3 -0.15 -0.8
v 1.3 -0.45 -0.8
v 1.3 -0.15 -0.8
v 1.4 -0.45 -0.8
v 1.4 -0.15 -0.8
v 1.5 -0.75 -0.8
v 1.5 -0.45 -0.8
v 1.6 -0.75 -0.8
v 1.6 -0.45 -0.8
v -1.6 -0.95 -0.9
v -1.6 -0.75 -0.9
v -1.5 -0.95 -0.9
v -1.5 -0.75 -0.9
v -1.5 -0.45 -0.9
v -1.4 -0.75 -0.9
v -1.4 -0.45 -0.9
v 1.4 -0.75 -0.9
v 1.4 -0.45 -0.9
v 1.5 -0.95 -0.9
v 1.5 -0.75 -0.9
v 1.5 -0.45 -0.9
v 1.6 -0.95 -0.9
v 1.6 -0.75 -0.9
v -0.8 -0.15 -1.2
v -0.8 0.15 -1.2
v -0.7 -0.15 -1.2
v -0.7 0.05 -1.2
v -0.7 0.15 -1.2
v 0.7 -0.15 -1.2
v 0.7 0.05 -1.2
v 0.7 0.15 -1.2
v 0.8 -0.15 -1.2
v 0.8 0.15 -1.2
v -0.9 -0.45 -1.3
v -0.9 -0.15 -1.3
v -0.8 -0.45 -1.3
v -0.8 -0.15 -1.3
v -0.7 -0.15 -1.3
v -0.7 0.15 -1.3
v -0.6 -0.15 -1.3
v -0.6 0.05 -1.3
v -0.6 0.15 -1.3
v 0.6 -0.15 -1.3
v 0.6 0.05 -1.3
v 0.6 0.15 -1.3
v 0.7 -0.15 -1.3
v 0.7 0.15 -1.3
v 0.8 -0.45 -1.3
v 0.8 -0.15 -1.3
v 0.9 -0.45 -1.3
v 0.9 -0.15 -1.3
v -1 -0.75 -1.4
v -1 -0.45 -1.4
v -0.9 -0.75 -1.4
v -0.9 -0.45 -1.4
v -0.8 -0.45 -1.4
v -0.8 -0.15 -1.4
v -0.7 -0.45 -1.4
v -0.7 -0.15 -1.4
v 0.7 -0.45 -1.4
v 0.7 -0.15 -1.4
v 0.8 -0.45 -1.4
v 0.8 -0.15 -1.4
v 0.9 -0.75 -1.4
v 0.9 -0.45 -1.4
v 1 -0.75 -1.4
v 1 -0.45 -1.4
v -1 -0.95 -1.5
v -1 -0.75 -1.5
v -0.9 -0.95 -1.5
v -0.9 -0.75 -1.5
v -0.9 -0.45 -1.5
v -0.8 -0.75 -1.5
v -0.8 -0.45 -1.5
v 0.8 -0.75 -1.5
v 0.8 -0.45 -1.5
v 0.9 -0.95 -1.5
v 0.9 -0.75 -1.5
v 0.9 -0.45 -1.5
v 1 -0.95 -1.5
v 1 -0.75 -1.5
v -1 -0.95 1.5
v -1 -0.75 1.5
v -0.9 -0.95 1.5
v -0.9 -0.75 1.5
v -0.9 -0.45 1.5
v -0.8 -0.75 1.5
v -0.8 -0.45 1.5
v 0.8 -0.75 1.5
v 0.8 -0.45 1.5
v 0.9 -0.95 1.5
v 0.9 -0.75 1.5
v 0.9 -0.45 1.5
v 1 -0.95 1.5
v 1 -0.75 1.5
v -1 -0.75 1.4
v -1 -0.45 1.4
v -0.9 -0.75 1.4
v -0.9 -0.45 1.4
v -0.8 -0.45 1.4
v -0.8 -0.15 1.4
v -0.7 -0.45 1.4
v -0.7 -0.15 1.4
v 0.7 -0.45 1.4
v 0.7 -0.15 1.4
v 0.8 -0.45 1.4
v 0.8 -0.15 1.4
v 0.9 -0.75 1.4
v 0.9 -0.45 1.4
v 1 -0.75 1.4
v 1 -0.45 1.4
v -0.9 -0.45 1.3
v -0.9 -0.15 1.3
v -0.8 -0.45 1.3
v -0.8 -0.15 1.3
v -0.7 -0.15 1.3
v -0.7 0.15 1.3
v -0.6 -0.15 1.3
v -0.6 0.05 1.3
v -0.6 0.15 1.3
v 0.6 -0.15 1.3
v 0.6 0.05 1.3
v 0.6 0.15 1.3
v 0.7 -0.15 1.3
v 0.7 0.15 1.3
v 0.8 -0.45 1.3
v 0.8 -0.15 1.3
v 0.9 -0.45 1.3
v 0.9 -0.15 1.3
v -0.8 -0.15 1.2
v -0.8 0.15 1.2
v -0.7 -0.15 1.2
v -0.7 0.05 1.2
v -0.7 0.15 1.2
v 0.7 -0.15 1.2
v 0.7 0.05 1.2
v 0.7 0.15 1.2
v 0.8 -0.15 1.2
v 0.8 0.15 1.2
v -1.6 -0.95 0.9
v -1.6 -0.75 0.9
v -1.5 -0.95 0.9
v -1.5 -0.75 0.9
v -1.5 -0.45 0.9
v -1.4 -0.75 0.9
v -1.4 -0.45 0.9
v 1.4 -0.75 0.9
v 1.4 -0.45 0.9
v 1.5 -0.95 0.9
v 1.5 -0.75 0.9
v 1.5 -0.45 0.9
v 1.6 -0.95 0.9
v 1.6 -0.75 0.9
v -1.6 -0.75 0.8
v -1.6 -0.45 0.8
v -1.5 -0.75 0.8
v -1.5 -0.45 0.8
v -1.4 -0.45 0.8
v -1.4 -0.15 0.8
v -1.3 -0.45 0.8
v -1.3 -0.15 0.8
v 1.3 -0.45 0.8
v 1.3 -0.15 0.8
v 1.4 -0.45 0.8
v 1.4 -0.15 0.8
v 1.5 -0.75 0.8
v 1.5 -0.45 0.8
v 1.6 -0.75 0.8
v 1.6 -0.45 0.8
v -1.5 -0.45 0.7
v -1.5 -0.15 0.7
v -1.4 -0.45 0.7
v -1.4 -0.15 0.7
v -1.3 -0.15 0.7
v -1.3 0.15 0.7
v -1.2 -0.15 0.7
v -1.2 0.05 0.7
v -1.2 0.15 0.7
v 1.2 -0.15 0.7
v 1.2 0.05 0.7
v 1.2 0.15 0.7
v 1.3 -0.15 0.7
v 1.3 0.15 0.7
v 1.4 -0.45 0.7
v 1.4 -0.15 0.7
v 1.5 -0.45 0.7
v 1.5 -0.15 0.7
v -1.4 -0.15 0.6
v -1.4 0.15 0.6
v -1.3 -0.15 0.6
v -1.3 0.05 0.6
v -1.3 0.15 0.6
v 1.3 -0.15 0.6
v 1.3 0.05 0.6
v 1.3 0.15 0.6
v 1.4 -0.15 0.6
v 1.4 0.15 0.6
v -1.4 -0.0500001 -0.1
v -1.4 0.05 -0.1
v -1.4 0.35 -0.1
v -1.4 0.45 -0.1
v -1.3 -0.0500001 -0.1
v -1.3 0.05 -0.1
v -1.3 0.35 -0.1
v -1.3 0.45 -0.1
v -1.1 0.55 -0.1
v -1.1 0.65 -0.1
v -1 -0.25 -0.1
v -1 -0.15 -0.1
v -1 0.55 -0.1
v -1 0.65 -0.1
v -0.9 -0.25 -0.1
v -0.9 -0.15 -0.1
v -0.3 -0.45 -0.1
v -0.3 -0.35 -0.1
v -0.2 -0.45 -0.1
v -0.2 -0.35 -0.1
v -0.1 0.85 -0.1
v -0.1 0.95 -0.1
v 0.1 0.85 -0.1
v 0.1 0.95 -0.1
v 0.2 -0.45 -0.1
v 0.2 -0.35 -0.1
v 0.3 -0.45 -0.1
v 0.3 -0.35 -0.1
v 0.9 -0.25 -0.1
v 0.9 -0.15 -0.1
v 1 -0.25 -0.1
v 1 -0.15 -0.1
v 1 0.55 -0.1
v 1 0.65 -0.1
v 1.1 0.55 -0.1
v 1.1 0.65 -0.1
v 1.3 -0.0500001 -0.1
v 1.3 0.05 -0.1
v 1.3 0.35 -0.1
v 1.3 0.45 -0.1
v 1.4 -0.0500001 -0.1
v 1.4 0.05 -0.1
v 1.4 0.35 -0.1
v 1.4 0.45 -0.1
v -1.5 0.05 -0.2
v -1.5 0.15 -0.2
v -1.5 0.25 -0.2
v -1.5 0.35 -0.2
v -1.4 0.05 -0.2
v -1.4 0.15 -0.2
v -1.4 0.25 -0.2
v -1.4 0.35 -0.2
v -1.2 -0.15 -0.2
v -1.2 -0.0500001 -0.2
v -1.2 0.45 -0.2
v -1.2 0.55 -0.2
v -1.1 -0.15 -0.2
v -1.1 -0.0500001 -0.2
v -1.1 0.45 -0.2
v -1.1 0.55 -0.2
v -0.6 -0.35 -0.2
v -0.6 -0.25 -0.2
v -0.5 -0.35 -0.2
v -0.5 -0.25 -0.2
v -0.5 0.75 -0.2
v -0.5 0.85 -0.2
v -0.4 0.75 -0.2
v -0.4 0.85 -0.2
v -0.2 -0.45 -0.2
v -0.2 -0.35 -0.2
v -0.1 -0.45 -0.2
v -0.1 -0.35 -0.2
v 0.1 -0.45 -0.2
v 0.1 -0.35 -0.2
v 0.2 -0.45 -0.2
v 0.2 -0.35 -0.2
v 0.4 0.75 -0.2
v 0.4 0.85 -0.2
v 0.5 -0.35 -0.2
v 0.5 -0.25 -0.2
v 0.5 0.75 -0.2
v 0.5 0.85 -0.2
v 0.6 -0.35 -0.2
v 0.6 -0.25 -0.2
v 1.1 -0.15 -0.2
v 1.1 -0.0500001 -0.2
v 1.1 0.45 -0.2
v 1.1 0.55 -0.2
v 1.2 -0.15 -0.2
v 1.2 -0.0500001 -0.2
v 1.2 0.45 -0.2
v 1.2 0.55 -0.2
v 1.4 0.05 -0.2
v 1.4 0.15 -0.2
v 1.4 0.25 -0.2
v 1.4 0.35 -0.2
v 1.5 0.05 -0.2
v 1.5 0.15 -0.2
v 1.5 0.25 -0.2
v 1.5 0.35 -0.2
v -1.6 0.15 -0.3
v -1.6 0.25 -0.3
v -1.5 0.15 -0.3
v -1.5 0.25 -0.3
v -1.3 -0.0500001 -0.3
v -1.3 0.05 -0.3
v -1.3 0.35 -0.3
v -1.3 0.45 -0.3
v -1.2 -0.0500001 -0.3
v -1.2 0.05 -0.3
v -1.2 0.35 -0.3
v -1.2 0.45 -0.3
v -0.9 -0.25 -0.3
v -0.9 -0.15 -0.3
v -0.8 -0.25 -0.3
v -0.8 -0.15 -0.3
v -0.8 0.65 -0.3
v -0.8 0.75 -0.3
v -0.7 0.65 -0.3
v -0.7 0.75 -0.3
v -0.4 0.75 -0.3
v -0.4 0.85 -0.3
v -0.2 0.75 -0.3
v -0.2 0.85 -0.3
v -0.1 -0.45 -0.3
v -0.1 -0.35 -0.3
v 0.1 -0.45 -0.3
v 0.1 -0.35 -0.3
v 0.2 0.75 -0.3
v 0.2 0.85 -0.3
v 0.4 0.75 -0.3
v 0.4 0.85 -0.3
v 0.7 0.65 -0.3
v 0.7 0.75 -0.3
v 0.8 -0.25 -0.3
v 0.8 -0.15 -0.3
v 0.8 0.65 -0.3
v 0.8 0.75 -0.3
v 0.9 -0.25 -0.3
v 0.9 -0.15 -0.3
v 1.2 -0.0500001 -0.3
v 1.2 0.05 -0.3
v 1.2 0.35 -0.3
v 1.2 0.45 -0.3
v 1.3 -0.0500001 -0.3
v 1.3 0.05 -0.3
v 1.3 0.35 -0.3
v 1.3 0.45 -0.3
v 1.5 0.15 -0.3
v 1.5 0.25 -0.3
v 1.6 0.15 -0.3
v 1.6 0.25 -0.3
v -1.4 0.05 -0.4
v -1.4 0.15 -0.4
v -1.4 0.25 -0.4
v -1.4 0.35 -0.4
v -1.3 0.05 -0.4
v -1.3 0.15 -0.4
v -1.3 0.25 -0.4
v -1.3 0.35 -0.4
v -1.1 -0.15 -0.4
v -1.1 -0.0500001 -0.4
v -1 -0.15 -0.4
v -1 -0.0500001 -0.4
v -1 0.55 -0.4
v -1 0.65 -0.4
v -0.9 0.55 -0.4
v -0.9 0.65 -0.4
v -0.8 -0.25 -0.4
v -0.8 -0.15 -0.4
v -0.7 -0.25 -0.4
v -0.7 -0.15 -0.4
v -0.7 0.65 -0.4
v -0.7 0.75 -0.4
v -0.6 0.65 -0.4
v -0.6 0.75 -0.4
v -0.5 -0.35 -0.4
v -0.5 -0.25 -0.4
v -0.4 -0.35 -0.4
v -0.4 -0.25 -0.4
v -0.2 0.75 -0.4
v -0.2 0.85 -0.4
v -0.1 0.75 -0.4
v -0.1 0.85 -0.4
v 0.1 0.75 -0.4
v 0.1 0.85 -0.4
v 0.2 0.75 -0.4
v 0.2 0.85 -0.4
v 0.4 -0.35 -0.4
v 0.4 -0.25 -0.4
v 0.5 -0.35 -0.4
v 0.5 -0.25 -0.4
v 0.6 0.65 -0.4
v 0.6 0.75 -0.4
v 0.7 -0.25 -0.4
v 0.7 -0.15 -0.4
v 0.7 0.65 -0.4
v 0.7 0.75 -0.4
v 0.8 -0.25 -0.4
v 0.8 -0.15 -0.4
v 0.9 0.55 -0.4
v 0.9 0.65 -0.4
v 1 -0.15 -0.4
v 1 -0.0500001 -0.4
v 1 0.55 -0.4
v 1 0.65 -0.4
v 1.1 -0.15 -0.4
v 1.1 -0.0500001 -0.4
v 1.3 0.05 -0.4
v 1.3 0.15 -0.4
v 1.3 0.25 -0.4
v 1.3 0.35 -0.4
v 1.4 0.05 -0.4
v 1.4 0.15 -0.4
v 1.4 0.25 -0.4
v 1.4 0.35 -0.4
v -1.5 0.15 -0.5
v -1.5 0.25 -0.5
v -1.4 0.15 -0.5
v -1.4 0.25 -0.5
v -1.2 -0.0500001 -0.5
v -1.2 0.05 -0.5
v -1.1 -0.0500001 -0.5
v -1.1 0.05 -0.5
v -1.1 0.45 -0.5
v -1.1 0.55 -0.5
v -1 -0.15 -0.5
v -1 -0.0500001 -0.5
v -1 0.45 -0.5
v -1 0.55 -0.5
v -0.9 -0.15 -0.5
v -0.9 -0.0500001 -0.5
v -0.9 0.55 -0.5
v -0.9 0.65 -0.5
v -0.8 0.55 -0.5
v -0.8 0.65 -0.5
v -0.7 -0.25 -0.5
v -0.7 -0.15 -0.5
v -0.6 -0.25 -0.5
v -0.6 -0.15 -0.5
v -0.6 0.65 -0.5
v -0.6 0.75 -0.5
v -0.5 0.65 -0.5
v -0.5 0.75 -0.5
v -0.4 -0.35 -0.5
v -0.4 -0.25 -0.5
v -0.3 -0.35 -0.5
v -0.3 -0.25 -0.5
v -0.1 0.75 -0.5
v -0.1 0.85 -0.5
v 0.1 0.75 -0.5
v 0.1 0.85 -0.5
v 0.3 -0.35 -0.5
v 0.3 -0.25 -0.5
v 0.4 -0.35 -0.5
v 0.4 -0.25 -0.5
v 0.5 0.65 -0.5
v 0.5 0.75 -0.5
v 0.6 -0.25 -0.5
v 0.6 -0.15 -0.5
v 0.6 0.65 -0.5
v 0.6 0.75 -0.5
v 0.7 -0.25 -0.5
v 0.7 -0.15 -0.5
v 0.8 0.55 -0.5
v 0.8 0.65 -0.5
v 0.9 -0.15 -0.5
v 0.9 -0.0500001 -0.5
v 0.9 0.55 -0.5
v 0.9 0.65 -0.5
v 1 -0.15 -0.5
v 1 -0.0500001 -0.5
v 1 0.45 -0.5
v 1 0.55 -0.5
v 1.1 -0.0500001 -0.5
v 1.1 0.05 -0.5
v 1.1 0.45 -0.5
v 1.1 0.55 -0.5
v 1.2 -0.0500001 -0.5
v 1.2 0.05 -0.5
v 1.4 0.15 -0.5
v 1.4 0.25 -0.5
v 1.5 0.15 -0.5
v 1.5 0.25 -0.5
v -1.3 0.05 -0.6
v -1.3 0.15 -0.6
v -1.3 0.25 -0.6
v -1.3 0.35 -0.6
v -1.2 0.05 -0.6
v -1.2 0.15 -0.6
v -1.2 0.25 -0.6
v -1.2 0.35 -0.6
v -1.2 0.45 -0.6
v -1.1 -0.0500001 -0.6
v -1.1 0.05 -0.6
v -1.1 0.35 -0.6
v -1.1 0.45 -0.6
v -1 -0.0500001 -0.6
v -1 0.05 -0.6
v -1 0.45 -0.6
v -1 0.55 -0.6
v -0.9 -0.15 -0.6
v -0.9 -0.0500001 -0.6
v -0.9 0.45 -0.6
v -0.9 0.55 -0.6
v -0.8 -0.15 -0.6
v -0.8 -0.0500001 -0.6
v -0.8 0.55 -0.6
v -0.8 0.65 -0.6
v -0.7 0.55 -0.6
v -0.7 0.65 -0.6
v -0.6 -0.25 -0.6
v -0.6 -0.15 -0.6
v -0.5 -0.25 -0.6
v -0.5 -0.15 -0.6
v -0.5 0.65 -0.6
v -0.5 0.75 -0.6
v -0.3 -0.35 -0.6
v -0.3 -0.25 -0.6
v -0.3 0.65 -0.6
v -0.3 0.75 -0.6
v -0.2 -0.35 -0.6
v -0.2 -0.25 -0.6
v 0.2 -0.35 -0.6
v 0.2 -0.25 -0.6
v 0.3 -0.35 -0.6
v 0.3 -0.25 -0.6
v 0.3 0.65 -0.6
v 0.3 0.75 -0.6
v 0.5 -0.25 -0.6
v 0.5 -0.15 -0.6
v 0.5 0.65 -0.6
v 0.5 0.75 -0.6
v 0.6 -0.25 -0.6
v 0.6 -0.15 -0.6
v 0.7 0.55 -0.6
v 0.7 0.65 -0.6
v 0.8 -0.15 -0.6
v 0.8 -0.0500001 -0.6
v 0.8 0.55 -0.6
v 0.8 0.65 -0.6
v 0.9 -0.15 -0.6
v 0.9 -0.0500001 -0.6
v 0.9 0.45 -0.6
v 0.9 0.55 -0.6
v 1 -0.0500001 -0.6
v 1 0.05 -0.6
v 1 0.45 -0.6
v 1 0.55 -0.6
v 1.1 -0.0500001 -0.6
v 1.1 0.05 -0.6
v 1.1 0.35 -0.6
v 1.1 0.45 -0.6
v 1.2 0.05 -0.6
v 1.2 0.15 -0.6
v 1.2 0.25 -0.6
v 1.2 0.35 -0.6
v 1.2 0.45 -0.6
v 1.3 0.05 -0.6
v 1.3 0.15 -0.6
v 1.3 0.25 -0.6
v 1.3 0.35 -0.6
v -1.4 0.05 -0.7
v -1.4 0.15 -0.7
v -1.4 0.25 -0.7
v -1.3 0.05 -0.7
v -1.3 0.15 -0.7
v -1.3 0.25 -0.7
v -1.2 0.05 -0.7
v -1.2 0.15 -0.7
v -1.2 0.25 -0.7
v -1.2 0.35 -0.7
v -1.1 0.05 -0.7
v -1.1 0.15 -0.7
v -1.1 0.25 -0.7
v -1.1 0.35 -0.7
v -1.1 0.45 -0.7
v -1 -0.0500001 -0.7
v -1 0.05 -0.7
v -1 0.35 -0.7
v -1 0.45 -0.7
v -0.9 -0.0500001 -0.7
v -0.9 0.05 -0.7
v -0.9 0.45 -0.7
v -0.9 0.55 -0.7
v -0.8 -0.15 -0.7
v -0.8 -0.0500001 -0.7
v -0.8 0.45 -0.7
v -0.8 0.55 -0.7
v -0.7 -0.15 -0.7
v -0.7 -0.0500001 -0.7
v -0.7 0.55 -0.7
v -0.7 0.65 -0.7
v -0.6 0.55 -0.7
v -0.6 0.65 -0.7
v -0.5 -0.25 -0.7
v -0.5 -0.15 -0.7
v -0.4 -0.25 -0.7
v -0.4 -0.15 -0.7
v -0.3 0.65 -0.7
v -0.3 0.75 -0.7
v -0.2 -0.35 -0.7
v -0.2 -0.25 -0.7
v -0.2 0.65 -0.7
v -0.2 0.75 -0.7
v 0.2 -0.35 -0.7
v 0.2 -0.25 -0.7
v 0.2 0.65 -0.7
v 0.2 0.75 -0.7
v 0.3 0.65 -0.7
v 0.3 0.75 -0.7
v 0.4 -0.25 -0.7
v 0.4 -0.15 -0.7
v 0.5 -0.25 -0.7
v 0.5 -0.15 -0.7
v 0.6 0.55 -0.7
v 0.6 0.65 -0.7
v 0.7 -0.15 -0.7
v 0.7 -0.0500001 -0.7
v 0.7 0.55 -0.7
v 0.7 0.65 -0.7
v 0.8 -0.15 -0.7
v 0.8 -0.0500001 -0.7
v 0.8 0.45 -0.7
v 0.8 0.55 -0.7
v 0.9 -0.0500001 -0.7
v 0.9 0.05 -0.7
v 0.9 0.45 -0.7
v 0.9 0.55 -0.7
v 1 -0.0500001 -0.7
v 1 0.05 -0.7
v 1 0.35 -0.7
v 1 0.45 -0.7
v 1.1 0.05 -0.7
v 1.1 0.15 -0.7
v 1.1 0.25 -0.7
v 1.1 0.35 -0.7
v 1.1 0.45 -0.7
v 1.2 0.05 -0.7
v 1.2 0.15 -0.7
v 1.2 0.25 -0.7
v 1.2 0.35 -0.7
v 1.3 0.05 -0.7
v 1.3 0.15 -0.7
v 1.3 0.25 -0.7
v 1.4 0.05 -0.7
v 1.4 0.15 -0.7
v 1.4 0.25 -0.7
v -1.5 -0.25 -0.8
v -1.5 -0.15 -0.8
v -1.4 -0.25 -0.8
v -1.4 -0.15 -0.8
v -1.4 0.05 -0.8
v -1.3 -0.15 -0.8
v -1.3 0.05 -0.8
v -1.3 0.15 -0.8
v -1.3 0.25 -0.8
v -1.2 -0.15 -0.8
v -1.2 0.15 -0.8
v -1.2 0.25 -0.8
v -1.1 0.05 -0.8
v -1.1 0.15 -0.8
v -1.1 0.25 -0.8
v -1.1 0.35 -0.8
v -1 0.05 -0.8
v -1 0.15 -0.8
v -1 0.25 -0.8
v -1 0.35 -0.8
v -1 0.45 -0.8
v -0.9 -0.0500001 -0.8
v -0.9 0.05 -0.8
v -0.9 0.35 -0.8
v -0.9 0.45 -0.8
v -0.8 -0.0500001 -0.8
v -0.8 0.05 -0.8
v -0.8 0.45 -0.8
v -0.8 0.55 -0.8
v -0.7 -0.15 -0.8
v -0.7 -0.0500001 -0.8
v -0.7 0.45 -0.8
v -0.7 0.55 -0.8
v -0.6 -0.15 -0.8
v -0.6 -0.0500001 -0.8
v -0.6 0.55 -0.8
v -0.6 0.65 -0.8
v -0.4 -0.25 -0.8
v -0.4 -0.15 -0.8
v -0.4 0.55 -0.8
v -0.4 0.65 -0.8
v -0.3 -0.25 -0.8
v -0.3 -0.15 -0.8
v -0.2 0.65 -0.8
v -0.2 0.75 -0.8
v 0.2 0.65 -0.8
v 0.2 0.75 -0.8
v 0.3 -0.25 -0.8
v 0.3 -0.15 -0.8
v 0.4 -0.25 -0.8
v 0.4 -0.15 -0.8
v 0.4 0.55 -0.8
v 0.4 0.65 -0.8
v 0.6 -0.15 -0.8
v 0.6 -0.0500001 -0.8
v 0.6 0.55 -0.8
v 0.6 0.65 -0.8
v 0.7 -0.15 -0.8
v 0.7 -0.0500001 -0.8
v 0.7 0.45 -0.8
v 0.7 0.55 -0.8
v 0.8 -0.0500001 -0.8
v 0.8 0.05 -0.8
v 0.8 0.45 -0.8
v 0.8 0.55 -0.8
v 0.9 -0.0500001 -0.8
v 0.9 0.05 -0.8
v 0.9 0.35 -0.8
v 0.9 0.45 -0.8
v 1 0.05 -0.8
v 1 0.15 -0.8
v 1 0.25 -0.8
v 1 0.35 -0.8
v 1 0.45 -0.8
v 1.1 0.05 -0.8
v 1.1 0.15 -0.8
v 1.1 0.25 -0.8
v 1.1 0.35 -0.8
v 1.2 -0.15 -0.8
v 1.2 0.15 -0.8
v 1.2 0.25 -0.8
v 1.3 -0.15 -0.8
v 1.3 0.05 -0.8
v 1.3 0.15 -0.8
v 1.3 0.25 -0.8
v 1.4 -0.25 -0.8
v 1.4 -0.15 -0.8
v 1.4 0.05 -0.8
v 1.5 -0.25 -0.8
v 1.5 -0.15 -0.8
v -1.6 -0.55 -0.9
v -1.6 -0.45 -0.9
v -1.5 -0.55 -0.9
v -1.5 -0.45 -0.9
v -1.5 -0.25 -0.9
v -1.4 -0.45 -0.9
v -1.4 -0.25 -0.9
v -1.4 -0.15 -0.9
v -1.3 -0.45 -0.9
v -1.3 -0.15 -0.9
v -1.2 0.15 -0.9
v -1.2 0.25 -0.9
v -1.1 0.15 -0.9
v -1.1 0.25 -0.9
v -1 0.05 -0.9
v -1 0.15 -0.9
v -1 0.25 -0.9
v -1 0.35 -0.9
v -0.9 0.05 -0.9
v -0.9 0.15 -0.9
v -0.9 0.25 -0.9
v -0.9 0.35 -0.9
v -0.9 0.45 -0.9
v -0.8 -0.0500001 -0.9
v -0.8 0.05 -0.9
v -0.8 0.35 -0.9
v -0.8 0.45 -0.9
v -0.7 -0.0500001 -0.9
v -0.7 0.05 -0.9
v -0.7 0.45 -0.9
v -0.7 0.55 -0.9
v -0.6 -0.15 -0.9
v -0.6 -0.0500001 -0.9
v -0.6 0.45 -0.9
v -0.5 -0.15 -0.9
v -0.5 -0.0500001 -0.9
v -0.5 0.45 -0.9
v -0.5 0.55 -0.9
v -0.4 0.55 -0.9
v -0.4 0.65 -0.9
v -0.3 -0.25 -0.9
v -0.3 -0.15 -0.9
v -0.3 0.55 -0.9
v -0.3 0.65 -0.9
v -0.1 -0.25 -0.9
v -0.1 -0.15 -0.9
v 0.1 -0.25 -0.9
v 0.1 -0.15 -0.9
v 0.3 -0.25 -0.9
v 0.3 -0.15 -0.9
v 0.3 0.55 -0.9
v 0.3 0.65 -0.9
v 0.4 0.55 -0.9
v 0.4 0.65 -0.9
v 0.5 -0.15 -0.9
v 0.5 -0.0500001 -0.9
v 0.5 0.45 -0.9
v 0.5 0.55 -0.9
v 0.6 -0.15 -0.9
v 0.6 -0.0500001 -0.9
v 0.6 0.45 -0.9
v 0.7 -0.0500001 -0.9
v 0.7 0.05 -0.9
v 0.7 0.45 -0.9
v 0.7 0.55 -0.9
v 0.8 -0.0500001 -0.9
v 0.8 0.05 -0.9
v 0.8 0.35 -0.9
v 0.8 0.45 -0.9
v 0.9 0.05 -0.9
v 0.9 0.15 -0.9
v 0.9 0.25 -0.9
v 0.9 0.35 -0.9
v 0.9 0.45 -0.9
v 1 0.05 -0.9
v 1 0.15 -0.9
v 1 0.25 -0.9
v 1 0.35 -0.9
v 1.1 0.15 -0.9
v 1.1 0.25 -0.9
v 1.2 0.15 -0.9
v 1.2 0.25 -0.9
v 1.3 -0.45 -0.9
v 1.3 -0.15 -0.9
v 1.4 -0.45 -0.9
v 1.4 -0.25 -0.9
v 1.4 -0.15 -0.9
v 1.5 -0.55 -0.9
v 1.5 -0.45 -0.9
v 1.5 -0.25 -0.9
v 1.6 -0.55 -0.9
v 1.6 -0.45 -0.9
v -1.6 -0.95 -1
v -1.6 -0.55 -1
v -1.5 -0.95 -1
v -1.5 -0.75 -1
v -1.5 -0.55 -1
v -1.5 -0.45 -1
v -1.4 -0.75 -1
v -1.4 -0.45 -1
v -1.1 0.15 -1
v -1.1 0.25 -1
v -1 0.15 -1
v -1 0.25 -1
v -0.9 0.05 -1
v -0.9 0.15 -1
v -0.9 0.25 -1
v -0.9 0.35 -1
v -0.8 0.05 -1
v -0.8 0.15 -1
v -0.8 0.25 -1
v -0.8 0.35 -1
v -0.8 0.45 -1
v -0.7 -0.0500001 -1
v -0.7 0.05 -1
v -0.6 -0.0500001 -1
v -0.6 0.05 -1
v -0.6 0.35 -1
v -0.6 0.45 -1
v -0.5 -0.15 -1
v -0.5 -0.0500001 -1
v -0.5 0.45 -1
v -0.5 0.55 -1
v -0.4 -0.15 -1
v -0.4 -0.0500001 -1
v -0.4 0.45 -1
v -0.4 0.55 -1
v -0.3 0.55 -1
v -0.3 0.65 -1
v -0.1 -0.25 -1
v -0.1 -0.15 -1
v -0.1 0.55 -1
v -0.1 0.65 -1
v 0.1 -0.25 -1
v 0.1 -0.15 -1
v 0.1 0.55 -1
v 0.1 0.65 -1
v 0.3 0.55 -1
v 0.3 0.65 -1
v 0.4 -0.15 -1
v 0.4 -0.0500001 -1
v 0.4 0.45 -1
v 0.4 0.55 -1
v 0.5 -0.15 -1
v 0.5 -0.0500001 -1
v 0.5 0.45 -1
v 0.5 0.55 -1
v 0.6 -0.0500001 -1
v 0.6 0.05 -1
v 0.6 0.35 -1
v 0.6 0.45 -1
v 0.7 -0.0500001 -1
v 0.7 0.05 -1
v 0.8 0.05 -1
v 0.8 0.15 -1
v 0.8 0.25 -1
v 0.8 0.35 -1
v 0.8 0.45 -1
v 0.9 0.05 -1
v 0.9 0.15 -1
v 0.9 0.25 -1
v 0.9 0.35 -1
v 1 0.15 -1
v 1 0.25 -1
v 1.1 0.15 -1
v 1.1 0.25 -1
v 1.4 -0.75 -1
v 1.4 -0.45 -1
v 1.5 -0.95 -1
v 1.5 -0.75 -1
v 1.5 -0.55 -1
v 1.5 -0.45 -1
v 1.6 -0.95 -1
v 1.6 -0.55 -1
v -1 0.15 -1.1
v -1 0.25 -1.1
v -0.9 0.15 -1.1
v -0.9 0.25 -1.1
v -0.8 0.05 -1.1
v -0.8 0.15 -1.1
v -0.8 0.25 -1.1
v -0.8 0.35 -1.1
v -0.7 0.05 -1.1
v -0.7 0.15 -1.1
v -0.7 0.25 -1.1
v -0.7 0.35 -1.1
v -0.6 -0.0500001 -1.1
v -0.6 0.05 -1.1
v -0.6 0.35 -1.1
v -0.6 0.45 -1.1
v -0.5 -0.0500001 -1.1
v -0.5 0.05 -1.1
v -0.5 0.35 -1.1
v -0.5 0.45 -1.1
v -0.4 -0.15 -1.1
v -0.4 -0.0500001 -1.1
v -0.4 0.45 -1.1
v -0.4 0.55 -1.1
v -0.3 -0.0500001 -1.1
v -0.3 0.45 -1.1
v -0.2 -0.15 -1.1
v -0.2 -0.0500001 -1.1
v -0.2 0.45 -1.1
v -0.2 0.55 -1.1
v -0.1 0.55 -1.1
v -0.1 0.65 -1.1
v 0.1 0.55 -1.1
v 0.1 0.65 -1.1
v 0.2 -0.15 -1.1
v 0.2 -0.0500001 -1.1
v 0.2 0.45 -1.1
v 0.2 0.55 -1.1
v 0.3 -0.0500001 -1.1
v 0.3 0.45 -1.1
v 0.4 -0.15 -1.1
v 0.4 -0.0500001 -1.1
v 0.4 0.45 -1.1
v 0.4 0.55 -1.1
v 0.5 -0.0500001 -1.1
v 0.5 0.05 -1.1
v 0.5 0.35 -1.1
v 0.5 0.45 -1.1
v 0.6 -0.0500001 -1.1
v 0.6 0.05 -1.1
v 0.6 0.35 -1.1
v 0.6 0.45 -1.1
v 0.7 0.05 -1.1
v 0.7 0.15 -1.1
v 0.7 0.25 -1.1
v 0.7 0.35 -1.1
v 0.8 0.05 -1.1
v 0.8 0.15 -1.1
v 0.8 0.25 -1.1
v 0.8 0.35 -1.1
v 0.9 0.15 -1.1
v 0.9 0.25 -1.1
v 1 0.15 -1.1
v 1 0.25 -1.1
v -0.9 0.15 -1.2
v -0.9 0.25 -1.2
v -0.8 0.15 -1.2
v -0.8 0.25 -1.2
v -0.7 0.05 -1.2
v -0.7 0.15 -1.2
v -0.7 0.25 -1.2
v -0.7 0.35 -1.2
v -0.6 0.05 -1.2
v -0.6 0.15 -1.2
v -0.6 0.25 -1.2
v -0.6 0.35 -1.2
v -0.5 -0.0500001 -1.2
v -0.5 0.05 -1.2
v -0.5 0.35 -1.2
v -0.5 0.45 -1.2
v -0.3 -0.0500001 -1.2
v -0.3 0.05 -1.2
v -0.3 0.35 -1.2
v -0.3 0.45 -1.2
v -0.2 -0.15 -1.2
v -0.2 -0.0500001 -1.2
v -0.2 0.45 -1.2
v -0.2 0.55 -1.2
v -0.1 -0.0500001 -1.2
v -0.1 0.45 -1.2
v 0.1 -0.0500001 -1.2
v 0.1 0.45 -1.2
v 0.2 -0.15 -1.2
v 0.2 -0.0500001 -1.2
v 0.2 0.45 -1.2
v 0.2 0.55 -1.2
v 0.3 -0.0500001 -1.2
v 0.3 0.05 -1.2
v 0.3 0.35 -1.2
v 0.3 0.45 -1.2
v 0.5 -0.0500001 -1.2
v 0.5 0.05 -1.2
v 0.5 0.35 -1.2
v 0.5 0.45 -1.2
v 0.6 0.05 -1.2
v 0.6 0.15 -1.2
v 0.6 0.25 -1.2
v 0.6 0.35 -1.2
v 0.7 0.05 -1.2
v 0.7 0.15 -1.2
v 0.7 0.25 -1.2
v 0.7 0.35 -1.2
v 0.8 0.15 -1.2
v 0.8 0.25 -1.2
v 0.9 0.15 -1.2
v 0.9 0.25 -1.2
v -0.8 0.05 -1.3
v -0.8 0.15 -1.3
v -0.8 0.25 -1.3
v -0.7 0.05 -1.3
v -0.7 0.15 -1.3
v -0.7 0.25 -1.3
v -0.6 0.05 -1.3
v -0.6 0.15 -1.3
v -0.6 0.25 -1.3
v -0.6 0.35 -1.3
v -0.5 0.15 -1.3
v -0.5 0.25 -1.3
v -0.4 0.05 -1.3
v -0.4 0.15 -1.3
v -0.4 0.25 -1.3
v -0.4 0.35 -1.3
v -0.3 -0.0500001 -1.3
v -0.3 0.05 -1.3
v -0.3 0.35 -1.3
v -0.3 0.45 -1.3
v -0.1 -0.0500001 -1.3
v -0.1 0.05 -1.3
v -0.1 0.35 -1.3
v -0.1 0.45 -1.3
v 0.1 -0.0500001 -1.3
v 0.1 0.05 -1.3
v 0.1 0.35 -1.3
v 0.1 0.45 -1.3
v 0.3 -0.0500001 -1.3
v 0.3 0.05 -1.3
v 0.3 0.35 -1.3
v 0.3 0.45 -1.3
v 0.4 0.05 -1.3
v 0.4 0.15 -1.3
v 0.4 0.25 -1.3
v 0.4 0.35 -1.3
v 0.5 0.15 -1.3
v 0.5 0.25 -1.3
v 0.6 0.05 -1.3
v 0.6 0.15 -1.3
v 0.6 0.25 -1.3
v 0.6 0.35 -1.3
v 0.7 0.05 -1.3
v 0.7 0.15 -1.3
v 0.7 0.25 -1.3
v 0.8 0.05 -1.3
v 0.8 0.15 -1.3
v 0.8 0.25 -1.3
v -0.9 -0.25 -1.4
v -0.9 -0.15 -1.4
v -0.8 -0.25 -1.4
v -0.8 -0.15 -1.4
v -0.8 0.05 -1.4
v -0.7 -0.15 -1.4
v -0.7 0.05 -1.4
v -0.7 0.15 -1.4
v -0.7 0.25 -1.4
v -0.6 -0.15 -1.4
v -0.6 0.15 -1.4
v -0.5 0.15 -1.4
v -0.5 0.25 -1.4
v -0.4 0.05 -1.4
v -0.4 0.15 -1.4
v -0.4 0.25 -1.4
v -0.4 0.35 -1.4
v -0.3 0.15 -1.4
v -0.3 0.25 -1.4
v -0.2 0.05 -1.4
v -0.2 0.15 -1.4
v -0.2 0.25 -1.4
v -0.2 0.35 -1.4
v -0.1 -0.0500001 -1.4
v -0.1 0.05 -1.4
v -0.1 0.35 -1.4
v -0.1 0.45 -1.4
v 0.1 -0.0500001 -1.4
v 0.1 0.05 -1.4
v 0.1 0.35 -1.4
v 0.1 0.45 -1.4
v 0.2 0.05 -1.4
v 0.2 0.15 -1.4
v 0.2 0.25 -1.4
v 0.2 0.35 -1.4
v 0.3 0.15 -1.4
v 0.3 0.25 -1.4
v 0.4 0.05 -1.4
v 0.4 0.15 -1.4
v 0.4 0.25 -1.4
v 0.4 0.35 -1.4
v 0.5 0.15 -1.4
v 0.5 0.25 -1.4
v 0.6 -0.15 -1.4
v 0.6 0.15 -1.4
v 0.7 -0.15 -1.4
v 0.7 0.05 -1.4
v 0.7 0.15 -1.4
v 0.7 0.25 -1.4
v 0.8 -0.25 -1.4
v 0.8 -0.15 -1.4
v 0.8 0.05 -1.4
v 0.9 -0.25 -1.4
v 0.9 -0.15 -1.4
v -1 -0.55 -1.5
v -1 -0.45 -1.5
v -0.9 -0.55 -1.5
v -0.9 -0.45 -1.5
v -0.9 -0.25 -1.5
v -0.8 -0.45 -1.5
v -0.8 -0.25 -1.5
v -0.8 -0.15 -1.5
v -0.7 -0.45 -1.5
v -0.7 -0.15 -1.5
v -0.5 0.15 -1.5
v -0.5 0.25 -1.5
v -0.3 0.15 -1.5
v -0.3 0.25 -1.5
v -0.2 0.05 -1.5
v -0.2 0.15 -1.5
v -0.2 0.25 -1.5
v -0.2 0.35 -1.5
v 0.2 0.05 -1.5
v 0.2 0.15 -1.5
v 0.2 0.25 -1.5
v 0.2 0.35 -1.5
v 0.3 0.15 -1.5
v 0.3 0.25 -1.5
v 0.5 0.15 -1.5
v 0.5 0.25 -1.5
v 0.7 -0.45 -1.5
v 0.7 -0.15 -1.5
v 0.8 -0.45 -1.5
v 0.8 -0.25 -1.5
v 0.8 -0.15 -1.5
v 0.9 -0.55 -1.5
v 0.9 -0.45 -1.5
v 0.9 -0.25 -1.5
v 1 -0.55 -1.5
v 1 -0.45 -1.5
v -1 -0.95 -1.6
v -1 -0.55 -1.6
v -0.9 -0.95 -1.6
v -0.9 -0.75 -1.6
v -0.9 -0.55 -1.6
v -0.9 -0.45 -1.6
v -0.8 -0.75 -1.6
v -0.8 -0.45 -1.6
v -0.3 0.15 -1.6
v -0.3 0.25 -1.6
v 0.3 0.15 -1.6
v 0.3 0.25 -1.6
v 0.8 -0.75 -1.6
v 0.8 -0.45 -1.6
v 0.9 -0.95 -1.6
v 0.9 -0.75 -1.6
v 0.9 -0.55 -1.6
v 0.9 -0.45 -1.6
v 1 -0.95 -1.6
v 1 -0.55 -1.6
v -1 -0.95 1.6
v -0.9 -0.95 1.6
v 0.9 -0.95 1.6
v 1 -0.95 1.6
v -1 -0.95 1.5
v -0.9 -0.95 1.5
v 0.9 -0.95 1.5
v 1 -0.95 1.5
v -1.6 -0.95 1
v -1.5 -0.95 1
v 1.5 -0.95 1
v 1.6 -0.95 1
v -1.6 -0.95 0.9
v -1.5 -0.95 0.9
v 1.5 -0.95 0.9
v 1.6 -0.95 0.9
v -1.6 -0.95 -0.9
v -1.5 -0.95 -0.9
v 1.5 -0.95 -0.9
v 1.6 -0.95 -0.9
v -1.6 -0.95 -1
v -1.5 -0.95 -1
v 1.5 -0.95 -1
v 1.6 -0.95 -1
v -1 -0.95 -1.5
v -0.9 -0.95 -1.5
v 0.9 -0.95 -1.5
v 1 -0.95 -1.5
v -1 -0.95 -1.6
v -0.9 -0.95 -1.6
v 0.9 -0.95 -1.6
v 1 -0.95 -1.6
v -0.9 -0.75 1.6
v -0.8 -0.75 1.6
v 0.8 -0.75 1.6
v 0.9 -0.75 1.6
v -1 -0.75 1.5
v -0.9 -0.75 1.5
v -0.8 -0.75 1.5
v 0.8 -0.75 1.5
v 0.9 -0.75 1.5
v 1 -0.75 1.5
v -1 -0.75 1.4
v -0.9 -0.75 1.4
v 0.9 -0.75 1.4
v 1 -0.75 1.4
v -1.5 -0.75 1
v -1.4 -0.75 1
v 1.4 -0.75 1
v 1.5 -0.75 1
v -1.6 -0.75 0.9
v -1.5 -0.75 0.9
v -1.4 -0.75 0.9
v 1.4 -0.75 0.9
v 1.5 -0.75 0.9
v 1.6 -0.75 0.9
v -1.6 -0.75 0.8
v -1.5 -0.75 0.8
v 1.5 -0.75 0.8
v 1.6 -0.75 0.8
v -1.6 -0.75 -0.8
v -1.5 -0.75 -0.8
v 1.5 -0.75 -0.8
v 1.6 -0.75 -0.8
v -1.6 -0.75 -0.9
v -1.5 -0.75 -0.9
v -1.4 -0.75 -0.9
v 1.4 -0.75 -0.9
v 1.5 -0.75 -0.9
v 1.6 -0.75 -0.9
v -1.5 -0.75 -1
v -1.4 -0.75 -1
v 1.4 -0.75 -1
v 1.5 -0.75 -1
v -1 -0.75 -1.4
v -0.9 -0.75 -1.4
v 0.9 -0.75 -1.4
v 1 -0.75 -1.4
v -1 -0.75 -1.5
v -0.9 -0.75 -1.5
v -0.8 -0.75 -1.5
v 0.8 -0.75 -1.5
v 0.9 -0.75 -1.5
v 1 -0.75 -1.5
v -0.9 -0.75 -1.6
v -0.8 -0.75 -1.6
v 0.8 -0.75 -1.6
v 0.9 -0.75 -1.6
v -0.9 -0.45 1.5
v -0.8 -0.45 1.5
v -0.7 -0.45 1.5
v 0.7 -0.45 1.5
v 0.8 -0.45 1.5
v 0.9 -0.45 1.5
v -0.9 -0.45 1.4
v -0.8 -0.45 1.4
v -0.7 -0.45 1.4
v 0.7 -0.45 1.4
v 0.8 -0.45 1.4
v 0.9 -0.45 1.4
v -0.9 -0.45 1.3
v -0.8 -0.45 1.3
v 0.8 -0.45 1.3
v 0.9 -0.45 1.3
v -1.5 -0.45 0.9
v -1.4 -0.45 0.9
v -1.3 -0.45 0.9
v 1.3 -0.45 0.9
v 1.4 -0.45 0.9
v 1.5 -0.45 0.9
v -1.5 -0.45 0.8
v -1.4 -0.45 0.8
v -1.3 -0.45 0.8
v 1.3 -0.45 0.8
v 1.4 -0.45 0.8
v 1.5 -0.45 0.8
v -1.5 -0.45 0.7
v -1.4 -0.45 0.7
v 1.4 -0.45 0.7
v 1.5 -0.45 0.7
v -0.1 -0.45 0.3
v 0.1 -0.45 0.3
v -0.2 -0.45 0.2
v -0.1 -0.45 0.2
v 0.1 -0.45 0.2
v 0.2 -0.45 0.2
v -0.3 -0.45 0.1
v -0.2 -0.45 0.1
v -0.1 -0.45 0.1
v 0.1 -0.45 0.1
v 0.2 -0.45 0.1
v 0.3 -0.45 0.1
v -0.3 -0.45 -0.1
v -0.2 -0.45 -0.1
v -0.1 -0.45 -0.1
v 0.1 -0.45 -0.1
v 0.2 -0.45 -0.1
v 0.3 -0.45 -0.1
v -0.2 -0.45 -0.2
v -0.1 -0.45 -0.2
v 0.1 -0.45 -0.2
v 0.2 -0.45 -0.2
v -0.1 -0.45 -0.3
v 0.1 -0.45 -0.3
v -1.5 -0.45 -0.7
v -1.4 -0.45 -0.7
v 1.4 -0.45 -0.7
v 1.5 -0.45 -0.7
v -1.5 -0.45 -0.8
v -1.4 -0.45 -0.8
v -1.3 -0.45 -0.8
v 1.3 -0.45 -0.8
v 1.4 -0.45 -0.8
v 1.5 -0.45 -0.8
v -1.5 -0.45 -0.9
v -1.4 -0.45 -0.9
v -1.3 -0.45 -0.9
v 1.3 -0.45 -0.9
v 1.4 -0.45 -0.9
v 1.5 -0.45 -0.9
v -0.9 -0.45 -1.3
v -0.8 -0.45 -1.3
v 0.8 -0.45 -1.3
v 0.9 -0.45 -1.3
v -0.9 -0.45 -1.4
v -0.8 -0.45 -1.4
v -0.7 -0.45 -1.4
v 0.7 -0.45 -1.4
v 0.8 -0.45 -1.4
v 0.9 -0.45 -1.4
v -0.9 -0.45 -1.5
v -0.8 -0.45 -1.5
v -0.7 -0.45 -1.5
v 0.7 -0.45 -1.5
v 0.8 -0.45 -1.5
v 0.9 -0.45 -1.5
v -0.2 -0.35 0.7
v 0.2 -0.35 0.7
v -0.3 -0.35 0.6
v -0.2 -0.35 0.6
v 0.2 -0.35 0.6
v 0.3 -0.35 0.6
v -0.4 -0.35 0.5
v -0.3 -0.35 0.5
v 0.3 -0.35 0.5
v 0.4 -0.35 0.5
v -0.5 -0.35 0.4
v -0.4 -0.35 0.4
v 0.4 -0.35 0.4
v 0.5 -0.35 0.4
v -0.1 -0.35 0.3
v 0.1 -0.35 0.3
v -0.6 -0.35 0.2
v -0.5 -0.35 0.2
v -0.2 -0.35 0.2
v -0.1 -0.35 0.2
v 0.1 -0.35 0.2
v 0.2 -0.35 0.2
v 0.5 -0.35 0.2
v 0.6 -0.35 0.2
v -0.3 -0.35 0.1
v -0.2 -0.35 0.1
v 0.2 -0.35 0.1
v 0.3 -0.35 0.1
v -0.3 -0.35 -0.1
v -0.2 -0.35 -0.1
v 0.2 -0.35 -0.1
v 0.3 -0.35 -0.1
v -0.6 -0.35 -0.2
v -0.5 -0.35 -0.2
v -0.2 -0.35 -0.2
v -0.1 -0.35 -0.2
v 0.1 -0.35 -0.2
v 0.2 -0.35 -0.2
v 0.5 -0.35 -0.2
v 0.6 -0.35 -0.2
v -0.1 -0.35 -0.3
v 0.1 -0.35 -0.3
v -0.5 -0.35 -0.4
v -0.4 -0.35 -0.4
v 0.4 -0.35 -0.4
v 0.5 -0.35 -0.4
v -0.4 -0.35 -0.5
v -0.3 -0.35 -0.5
v 0.3 -0.35 -0.5
v 0.4 -0.35 -0.5
v -0.3 -0.35 -0.6
v -0.2 -0.35 -0.6
v 0.2 -0.35 -0.6
v 0.3 -0.35 -0.6
v -0.2 -0.35 -0.7
v 0.2 -0.35 -0.7
v -0.1 -0.25 1
v 0.1 -0.25 1
v -0.3 -0.25 0.9
v -0.1 -0.25 0.9
v 0.1 -0.25 0.9
v 0.3 -0.25 0.9
v -0.4 -0.25 0.8
v -0.3 -0.25 0.8
v -0.1 -0.25 0.8
v 0.1 -0.25 0.8
v 0.3 -0.25 0.8
v 0.4 -0.25 0.8
v -0.5 -0.25 0.7
v -0.4 -0.25 0.7
v -0.3 -0.25 0.7
v -0.2 -0.25 0.7
v 0.2 -0.25 0.7
v 0.3 -0.25 0.7
v 0.4 -0.25 0.7
v 0.5 -0.25 0.7
v -0.6 -0.25 0.6
v -0.5 -0.25 0.6
v -0.4 -0.25 0.6
v -0.3 -0.25 0.6
v -0.2 -0.25 0.6
v 0.2 -0.25 0.6
v 0.3 -0.25 0.6
v 0.4 -0.25 0.6
v 0.5 -0.25 0.6
v 0.6 -0.25 0.6
v -0.7 -0.25 0.5
v -0.6 -0.25 0.5
v -0.5 -0.25 0.5
v -0.4 -0.25 0.5
v -0.3 -0.25 0.5
v 0.3 -0.25 0.5
v 0.4 -0.25 0.5
v 0.5 -0.25 0.5
v 0.6 -0.25 0.5
v 0.7 -0.25 0.5
v -0.8 -0.25 0.4
v -0.7 -0.25 0.4
v -0.6 -0.25 0.4
v -0.5 -0.25 0.4
v -0.4 -0.25 0.4
v 0.4 -0.25 0.4
v 0.5 -0.25 0.4
v 0.6 -0.25 0.4
v 0.7 -0.25 0.4
v 0.8 -0.25 0.4
v -0.9 -0.25 0.3
v -0.8 -0.25 0.3
v -0.7 -0.25 0.3
v 0.7 -0.25 0.3
v 0.8 -0.25 0.3
v 0.9 -0.25 0.3
v -0.6 -0.25 0.2
v -0.5 -0.25 0.2
v 0.5 -0.25 0.2
v 0.6 -0.25 0.2
v -1 -0.25 0.1
v -0.9 -0.25 0.1
v -0.8 -0.25 0.1
v 0.8 -0.25 0.1
v 0.9 -0.25 0.1
v 1 -0.25 0.1
v -1 -0.25 -0.1
v -0.9 -0.25 -0.1
v -0.8 -0.25 -0.1
v 0.8 -0.25 -0.1
v 0.9 -0.25 -0.1
v 1 -0.25 -0.1
v -0.6 -0.25 -0.2
v -0.5 -0.25 -0.2
v 0.5 -0.25 -0.2
v 0.6 -0.25 -0.2
v -0.9 -0.25 -0.3
v -0.8 -0.25 -0.3
v -0.7 -0.25 -0.3
v 0.7 -0.25 -0.3
v 0.8 -0.25 -0.3
v 0.9 -0.25 -0.3
v -0.8 -0.25 -0.4
v -0.7 -0.25 -0.4
v -0.6 -0.25 -0.4
v -0.5 -0.25 -0.4
v -0.4 -0.25 -0.4
v 0.4 -0.25 -0.4
v 0.5 -0.25 -0.4
v 0.6 -0.25 -0.4
v 0.7 -0.25 -0.4
v 0.8 -0.25 -0.4
v -0.7 -0.25 -0.5
v -0.6 -0.25 -0.5
v -0.5 -0.25 -0.5
v -0.4 -0.25 -0.5
v -0.3 -0.25 -0.5
v 0.3 -0.25 -0.5
v 0.4 -0.25 -0.5
v 0.5 -0.25 -0.5
v 0.6 -0.25 -0.5
v 0.7 -0.25 -0.5
v -0.6 -0.25 -0.6
v -0.5 -0.25 -0.6
v -0.4 -0.25 -0.6
v -0.3 -0.25 -0.6
v -0.2 -0.25 -0.6
v 0.2 -0.25 -0.6
v 0.3 -0.25 -0.6
v 0.4 -0.25 -0.6
v 0.5 -0.25 -0.6
v 0.6 -0.25 -0.6
v -0.5 -0.25 -0.7
v -0.4 -0.25 -0.7
v -0.3 -0.25 -0.7
v -0.2 -0.25 -0.7
v 0.2 -0.25 -0.7
v 0.3 -0.25 -0.7
v 0.4 -0.25 -0.7
v 0.5 -0.25 -0.7
v -0.4 -0.25 -0.8
v -0.3 -0.25 -0.8
v -0.1 -0.25 -0.8
v 0.1 -0.25 -0.8
v 0.3 -0.25 -0.8
v 0.4 -0.25 -0.8
v -0.3 -0.25 -0.9
v -0.1 -0.25 -0.9
v 0.1 -0.25 -0.9
v 0.3 -0.25 -0.9
v -0.1 -0.25 -1
v 0.1 -0.25 -1
v -0.8 -0.15 1.4
v -0.7 -0.15 1.4
v -0.6 -0.15 1.4
v 0.6 -0.15 1.4
v 0.7 -0.15 1.4
v 0.8 -0.15 1.4
v -0.8 -0.15 1.3
v -0.7 -0.15 1.3
v -0.6 -0.15 1.3
v 0.6 -0.15 1.3
v 0.7 -0.15 1.3
v 0.8 -0.15 1.3
v -0.8 -0.15 1.2
v -0.7 -0.15 1.2
v -0.2 -0.15 1.2
v 0.2 -0.15 1.2
v 0.7 -0.15 1.2
v 0.8 -0.15 1.2
v -0.4 -0.15 1.1
v -0.2 -0.15 1.1
v 0.2 -0.15 1.1
v 0.4 -0.15 1.1
v -0.5 -0.15 1
v -0.4 -0.15 1
v -0.1 -0.15 1
v 0.1 -0.15 1
v 0.4 -0.15 1
v 0.5 -0.15 1
v -0.6 -0.15 0.9
v -0.5 -0.15 0.9
v -0.3 -0.15 0.9
v -0.1 -0.15 0.9
v 0.1 -0.15 0.9
v 0.3 -0.15 0.9
v 0.5 -0.15 0.9
v 0.6 -0.15 0.9
v -1.4 -0.15 0.8
v -1.3 -0.15 0.8
v -1.2 -0.15 0.8
v -0.7 -0.15 0.8
v -0.6 -0.15 0.8
v -0.4 -0.15 0.8
v -0.3 -0.15 0.8
v 0.3 -0.15 0.8
v 0.4 -0.15 0.8
v 0.6 -0.15 0.8
v 0.7 -0.15 0.8
v 1.2 -0.15 0.8
v 1.3 -0.15 0.8
v 1.4 -0.15 0.8
v -1.4 -0.15 0.7
v -1.3 -0.15 0.7
v -1.2 -0.15 0.7
v -0.8 -0.15 0.7
v -0.7 -0.15 0.7
v -0.5 -0.15 0.7
v -0.4 -0.15 0.7
v 0.4 -0.15 0.7
v 0.5 -0.15 0.7
v 0.7 -0.15 0.7
v 0.8 -0.15 0.7
v 1.2 -0.15 0.7
v 1.3 -0.15 0.7
v 1.4 -0.15 0.7
v -1.4 -0.15 0.6
v -1.3 -0.15 0.6
v -0.9 -0.15 0.6
v -0.8 -0.15 0.6
v -0.6 -0.15 0.6
v -0.5 -0.15 0.6
v 0.5 -0.15 0.6
v 0.6 -0.15 0.6
v 0.8 -0.15 0.6
v 0.9 -0.15 0.6
v 1.3 -0.15 0.6
v 1.4 -0.15 0.6
v -1 -0.15 0.5
v -0.9 -0.15 0.5
v -0.7 -0.15 0.5
v -0.6 -0.15 0.5
v 0.6 -0.15 0.5
v 0.7 -0.15 0.5
v 0.9 -0.15 0.5
v 1 -0.15 0.5
v -1.1 -0.15 0.4
v -1 -0.15 0.4
v -0.8 -0.15 0.4
v -0.7 -0.15 0.4
v 0.7 -0.15 0.4
v 0.8 -0.15 0.4
v 1 -0.15 0.4
v 1.1 -0.15 0.4
v -0.9 -0.15 0.3
v -0.8 -0.15 0.3
v 0.8 -0.15 0.3
v 0.9 -0.15 0.3
v -1.2 -0.15 0.2
v -1.1 -0.15 0.2
v 1.1 -0.15 0.2
v 1.2 -0.15 0.2
v -1 -0.15 0.1
v -0.9 -0.15 0.1
v 0.9 -0.15 0.1
v 1 -0.15 0.1
v -1 -0.15 -0.1
v -0.9 -0.15 -0.1
v 0.9 -0.15 -0.1
v 1 -0.15 -0.1
v -1.2 -0.15 -0.2
v -1.1 -0.15 -0.2
v 1.1 -0.15 -0.2
v 1.2 -0.15 -0.2
v -0.9 -0.15 -0.3
v -0.8 -0.15 -0.3
v 0.8 -0.15 -0.3
v 0.9 -0.15 -0.3
v -1.1 -0.15 -0.4
v -1 -0.15 -0.4
v -0.8 -0.15 -0.4
v -0.7 -0.15 -0.4
v 0.7 -0.15 -0.4
v 0.8 -0.15 -0.4
v 1 -0.15 -0.4
v 1.1 -0.15 -0.4
v -1 -0.15 -0.5
v -0.9 -0.15 -0.5
v -0.7 -0.15 -0.5
v -0.6 -0.15 -0.5
v 0.6 -0.15 -0.5
v 0.7 -0.15 -0.5
v 0.9 -0.15 -0.5
v 1 -0.15 -0.5
v -1.4 -0.15 -0.6
v -1.3 -0.15 -0.6
v -0.9 -0.15 -0.6
v -0.8 -0.15 -0.6
v -0.6 -0.15 -0.6
v -0.5 -0.15 -0.6
v 0.5 -0.15 -0.6
v 0.6 -0.15 -0.6
v 0.8 -0.15 -0.6
v 0.9 -0.15 -0.6
v 1.3 -0.15 -0.6
v 1.4 -0.15 -0.6
v -1.4 -0.15 -0.7
v -1.3 -0.15 -0.7
v -1.2 -0.15 -0.7
v -0.8 -0.15 -0.7
v -0.7 -0.15 -0.7
v -0.5 -0.15 -0.7
v -0.4 -0.15 -0.7
v 0.4 -0.15 -0.7
v 0.5 -0.15 -0.7
v 0.7 -0.15 -0.7
v 0.8 -0.15 -0.7
v 1.2 -0.15 -0.7
v 1.3 -0.15 -0.7
v 1.4 -0.15 -0.7
v -1.4 -0.15 -0.8
v -1.3 -0.15 -0.8
v -1.2 -0.15 -0.8
v -0.7 -0.15 -0.8
v -0.6 -0.15 -0.8
v -0.4 -0.15 -0.8
v -0.3 -0.15 -0.8
v 0.3 -0.15 -0.8
v 0.4 -0.15 -0.8
v 0.6 -0.15 -0.8
v 0.7 -0.15 -0.8
v 1.2 -0.15 -0.8
v 1.3 -0.15 -0.8
v 1.4 -0.15 -0.8
v -0.6 -0.15 -0.9
v -0.5 -0.15 -0.9
v -0.3 -0.15 -0.9
v -0.1 -0.15 -0.9
v 0.1 -0.15 -0.9
v 0.3 -0.15 -0.9
v 0.5 -0.15 -0.9
v 0.6 -0.15 -0.9
v -0.5 -0.15 -1
v -0.4 -0.15 -1
v -0.1 -0.15 -1
v 0.1 -0.15 -1
v 0.4 -0.15 -1
v 0.5 -0.15 -1
v -0.4 -0.15 -1.1
v -0.2 -0.15 -1.1
v 0.2 -0.15 -1.1
v 0.4 -0.15 -1.1
v -0.8 -0.15 -1.2
v -0.7 -0.15 -1.2
v -0.2 -0.15 -1.2
v 0.2 -0.15 -1.2
v 0.7 -0.15 -1.2
v 0.8 -0.15 -1.2
v -0.8 -0.15 -1.3
v -0.7 -0.15 -1.3
v -0.6 -0.15 -1.3
v 0.6 -0.15 -1.3
v 0.7 -0.15 -1.3
v 0.8 -0.15 -1.3
v -0.8 -0.15 -1.4
v -0.7 -0.15 -1.4
v -0.6 -0.15 -1.4
v 0.6 -0.15 -1.4
v 0.7 -0.15 -1.4
v 0.8 -0.15 -1.4
v -0.1 -0.0500001 1.4
v 0.1 -0.0500001 1.4
v -0.3 -0.0500001 1.3
v -0.1 -0.0500001 1.3
v 0.1 -0.0500001 1.3
v 0.3 -0.0500001 1.3
v -0.5 -0.0500001 1.2
v -0.3 -0.0500001 1.2
v -0.2 -0.0500001 1.2
v -0.1 -0.0500001 1.2
v 0.1 -0.0500001 1.2
v 0.2 -0.0500001 1.2
v 0.3 -0.0500001 1.2
v 0.5 -0.0500001 1.2
v -0.6 -0.0500001 1.1
v -0.5 -0.0500001 1.1
v -0.4 -0.0500001 1.1
v -0.3 -0.0500001 1.1
v -0.2 -0.0500001 1.1
v 0.2 -0.0500001 1.1
v 0.3 -0.0500001 1.1
v 0.4 -0.0500001 1.1
v 0.5 -0.0500001 1.1
v 0.6 -0.0500001 1.1
v -0.7 -0.0500001 1
v -0.6 -0.0500001 1
v -0.5 -0.0500001 1
v -0.4 -0.0500001 1
v 0.4 -0.0500001 1
v 0.5 -0.0500001 1
v 0.6 -0.0500001 1
v 0.7 -0.0500001 1
v -0.8 -0.0500001 0.9
v -0.7 -0.0500001 0.9
v -0.6 -0.0500001 0.9
v -0.5 -0.0500001 0.9
v 0.5 -0.0500001 0.9
v 0.6 -0.0500001 0.9
v 0.7 -0.0500001 0.9
v 0.8 -0.0500001 0.9
v -0.9 -0.0500001 0.8
v -0.8 -0.0500001 0.8
v -0.7 -0.0500001 0.8
v -0.6 -0.0500001 0.8
v 0.6 -0.0500001 0.8
v 0.7 -0.0500001 0.8
v 0.8 -0.0500001 0.8
v 0.9 -0.0500001 0.8
v -1 -0.0500001 0.7
v -0.9 -0.0500001 0.7
v -0.8 -0.0500001 0.7
v -0.7 -0.0500001 0.7
v 0.7 -0.0500001 0.7
v 0.8 -0.0500001 0.7
v 0.9 -0.0500001 0.7
v 1 -0.0500001 0.7
v -1.1 -0.0500001 0.6
v -1 -0.0500001 0.6
v -0.9 -0.0500001 0.6
v -0.8 -0.0500001 0.6
v 0.8 -0.0500001 0.6
v 0.9 -0.0500001 0.6
v 1 -0.0500001 0.6
v 1.1 -0.0500001 0.6
v -1.2 -0.0500001 0.5
v -1.1 -0.0500001 0.5
v -1 -0.0500001 0.5
v -0.9 -0.0500001 0.5
v 0.9 -0.0500001 0.5
v 1 -0.0500001 0.5
v 1.1 -0.0500001 0.5
v 1.2 -0.0500001 0.5
v -1.1 -0.0500001 0.4
v -1 -0.0500001 0.4
v 1 -0.0500001 0.4
v 1.1 -0.0500001 0.4
v -1.3 -0.0500001 0.3
v -1.2 -0.0500001 0.3
v -1.1 -0.0500001 0.3
v 1.1 -0.0500001 0.3
v 1.2 -0.0500001 0.3
v 1.3 -0.0500001 0.3
v -1.2 -0.0500001 0.2
v -1.1 -0.0500001 0.2
v 1.1 -0.0500001 0.2
v 1.2 -0.0500001 0.2
v -1.4 -0.0500001 0.1
v -1.3 -0.0500001 0.1
v -1.2 -0.0500001 0.1
v 1.2 -0.0500001 0.1
v 1.3 -0.0500001 0.1
v 1.4 -0.0500001 0.1
v -1.4 -0.0500001 -0.1
v -1.3 -0.0500001 -0.1
v -1.2 -0.0500001 -0.1
v 1.2 -0.0500001 -0.1
v 1.3 -0.0500001 -0.1
v 1.4 -0.0500001 -0.1
v -1.2 -0.0500001 -0.2
v -1.1 -0.0500001 -0.2
v 1.1 -0.0500001 -0.2
v 1.2 -0.0500001 -0.2
v -1.3 -0.0500001 -0.3
v -1.2 -0.0500001 -0.3
v -1.1 -0.0500001 -0.3
v 1.1 -0.0500001 -0.3
v 1.2 -0.0500001 -0.3
v 1.3 -0.0500001 -0.3
v -1.1 -0.0500001 -0.4
v -1 -0.0500001 -0.4
v 1 -0.0500001 -0.4
v 1.1 -0.0500001 -0.4
v -1.2 -0.0500001 -0.5
v -1.1 -0.0500001 -0.5
v -1 -0.0500001 -0.5
v -0.9 -0.0500001 -0.5
v 0.9 -0.0500001 -0.5
v 1 -0.0500001 -0.5
v 1.1 -0.0500001 -0.5
v 1.2 -0.0500001 -0.5
v -1.1 -0.0500001 -0.6
v -1 -0.0500001 -0.6
v -0.9 -0.0500001 -0.6
v -0.8 -0.0500001 -0.6
v 0.8 -0.0500001 -0.6
v 0.9 -0.0500001 -0.6
v 1 -0.0500001 -0.6
v 1.1 -0.0500001 -0.6
v -1 -0.0500001 -0.7
v -0.9 -0.0500001 -0.7
v -0.8 -0.0500001 -0.7
v -0.7 -0.0500001 -0.7
v 0.7 -0.0500001 -0.7
v 0.8 -0.0500001 -0.7
v 0.9 -0.0500001 -0.7
v 1 -0.0500001 -0.7
v -0.9 -0.0500001 -0.8
v -0.8 -0.0500001 -0.8
v -0.7 -0.0500001 -0.8
v -0.6 -0.0500001 -0.8
v 0.6 -0.0500001 -0.8
v 0.7 -0.0500001 -0.8
v 0.8 -0.0500001 -0.8
v 0.9 -0.0500001 -0.8
v -0.8 -0.0500001 -0.9
v -0.7 -0.0500001 -0.9
v -0.6 -0.0500001 -0.9
v -0.5 -0.0500001 -0.9
v 0.5 -0.0500001 -0.9
v 0.6 -0.0500001 -0.9
v 0.7 -0.0500001 -0.9
v 0.8 -0.0500001 -0.9
v -0.7 -0.0500001 -1
v -0.6 -0.0500001 -1
v -0.5 -0.0500001 -1
v -0.4 -0.0500001 -1
v 0.4 -0.0500001 -1
v 0.5 -0.0500001 -1
v 0.6 -0.0500001 -1
v 0.7 -0.0500001 -1
v -0.6 -0.0500001 -1.1
v -0.5 -0.0500001 -1.1
v -0.4 -0.0500001 -1.1
v -0.3 -0.0500001 -1.1
v -0.2 -0.0500001 -1.1
v 0.2 -0.0500001 -1.1
v 0.3 -0.0500001 -1.1
v 0.4 -0.0500001 -1.1
v 0.5 -0.0500001 -1.1
v 0.6 -0.0500001 -1.1
v -0.5 -0.0500001 -1.2
v -0.3 -0.0500001 -1.2
v -0.2 -0.0500001 -1.2
v -0.1 -0.0500001 -1.2
v 0.1 -0.0500001 -1.2
v 0.2 -0.0500001 -1.2
v 0.3 -0.0500001 -1.2
v 0.5 -0.0500001 -1.2
v -0.3 -0.0500001 -1.3
v -0.1 -0.0500001 -1.3
v 0.1 -0.0500001 -1.3
v 0.3 -0.0500001 -1.3
v -0.1 -0.0500001 -1.4
v 0.1 -0.0500001 -1.4
v -0.2 0.05 1.5
v 0.2 0.05 1.5
v -0.4 0.05 1.4
v -0.2 0.05 1.4
v -0.1 0.05 1.4
v 0.1 0.05 1.4
v 0.2 0.05 1.4
v 0.4 0.05 1.4
v -0.6 0.05 1.3
v -0.4 0.05 1.3
v -0.3 0.05 1.3
v -0.1 0.05 1.3
v 0.1 0.05 1.3
v 0.3 0.05 1.3
v 0.4 0.05 1.3
v 0.6 0.05 1.3
v -0.7 0.05 1.2
v -0.6 0.05 1.2
v -0.5 0.05 1.2
v -0.3 0.05 1.2
v 0.3 0.05 1.2
v 0.5 0.05 1.2
v 0.6 0.05 1.2
v 0.7 0.05 1.2
v -0.8 0.05 1.1
v -0.7 0.05 1.1
v -0.6 0.05 1.1
v -0.5 0.05 1.1
v 0.5 0.05 1.1
v 0.6 0.05 1.1
v 0.7 0.05 1.1
v 0.8 0.05 1.1
v -0.9 0.05 1
v -0.8 0.05 1
v -0.7 0.05 1
v -0.6 0.05 1
v 0.6 0.05 1
v 0.7 0.05 1
v 0.8 0.05 1
v 0.9 0.05 1
v -1 0.05 0.9
v -0.9 0.05 0.9
v -0.8 0.05 0.9
v -0.7 0.05 0.9
v 0.7 0.05 0.9
v 0.8 0.05 0.9
v 0.9 0.05 0.9
v 1 0.05 0.9
v -1.1 0.05 0.8
v -1 0.05 0.8
v -0.9 0.05 0.8
v -0.8 0.05 0.8
v 0.8 0.05 0.8
v 0.9 0.05 0.8
v 1 0.05 0.8
v 1.1 0.05 0.8
v -1.2 0.05 0.7
v -1.1 0.05 0.7
v -1 0.05 0.7
v -0.9 0.05 0.7
v 0.9 0.05 0.7
v 1 0.05 0.7
v 1.1 0.05 0.7
v 1.2 0.05 0.7
v -1.3 0.05 0.6
v -1.2 0.05 0.6
v -1.1 0.05 0.6
v -1 0.05 0.6
v 1 0.05 0.6
v 1.1 0.05 0.6
v 1.2 0.05 0.6
v 1.3 0.05 0.6
v -1.2 0.05 0.5
v -1.1 0.05 0.5
v 1.1 0.05 0.5
v 1.2 0.05 0.5
v -1.4 0.05 0.4
v -1.3 0.05 0.4
v 1.3 0.05 0.4
v 1.4 0.05 0.4
v -1.3 0.05 0.3
v -1.2 0.05 0.3
v 1.2 0.05 0.3
v 1.3 0.05 0.3
v -1.5 0.05 0.2
v -1.4 0.05 0.2
v 1.4 0.05 0.2
v 1.5 0.05 0.2
v -1.4 0.05 0.1
v -1.3 0.05 0.1
v 1.3 0.05 0.1
v 1.4 0.05 0.1
v -1.4 0.05 -0.1
v -1.3 0.05 -0.1
v 1.3 0.05 -0.1
v 1.4 0.05 -0.1
v -1.5 0.05 -0.2
v -1.4 0.05 -0.2
v 1.4 0.05 -0.2
v 1.5 0.05 -0.2
v -1.3 0.05 -0.3
v -1.2 0.05 -0.3
v 1.2 0.05 -0.3
v 1.3 0.05 -0.3
v -1.4 0.05 -0.4
v -1.3 0.05 -0.4
v 1.3 0.05 -0.4
v 1.4 0.05 -0.4
v -1.2 0.05 -0.5
v -1.1 0.05 -0.5
v 1.1 0.05 -0.5
v 1.2 0.05 -0.5
v -1.3 0.05 -0.6
v -1.2 0.05 -0.6
v -1.1 0.05 -0.6
v -1 0.05 -0.6
v 1 0.05 -0.6
v 1.1 0.05 -0.6
v 1.2 0.05 -0.6
v 1.3 0.05 -0.6
v -1.2 0.05 -0.7
v -1.1 0.05 -0.7
v -1 0.05 -0.7
v -0.9 0.05 -0.7
v 0.9 0.05 -0.7
v 1 0.05 -0.7
v 1.1 0.05 -0.7
v 1.2 0.05 -0.7
v -1.1 0.05 -0.8
v -1 0.05 -0.8
v -0.9 0.05 -0.8
v -0.8 0.05 -0.8
v 0.8 0.05 -0.8
v 0.9 0.05 -0.8
v 1 0.05 -0.8
v 1.1 0.05 -0.8
v -1 0.05 -0.9
v -0.9 0.05 -0.9
v -0.8 0.05 -0.9
v -0.7 0.05 -0.9
v 0.7 0.05 -0.9
v 0.8 0.05 -0.9
v 0.9 0.05 -0.9
v 1 0.05 -0.9
v -0.9 0.05 -1
v -0.8 0.05 -1
v -0.7 0.05 -1
v -0.6 0.05 -1
v 0.6 0.05 -1
v 0.7 0.05 -1
v 0.8 0.05 -1
v 0.9 0.05 -1
v -0.8 0.05 -1.1
v -0.7 0.05 -1.1
v -0.6 0.05 -1.1
v -0.5 0.05 -1.1
v 0.5 0.05 -1.1
v 0.6 0.05 -1.1
v 0.7 0.05 -1.1
v 0.8 0.05 -1.1
v -0.7 0.05 -1.2
v -0.6 0.05 -1.2
v -0.5 0.05 -1.2
v -0.3 0.05 -1.2
v 0.3 0.05 -1.2
v 0.5 0.05 -1.2
v 0.6 0.05 -1.2
v 0.7 0.05 -1.2
v -0.6 0.05 -1.3
v -0.4 0.05 -1.3
v -0.3 0.05 -1.3
v -0.1 0.05 -1.3
v 0.1 0.05 -1.3
v 0.3 0.05 -1.3
v 0.4 0.05 -1.3
v 0.6 0.05 -1.3
v -0.4 0.05 -1.4
v -0.2 0.05 -1.4
v -0.1 0.05 -1.4
v 0.1 0.05 -1.4
v 0.2 0.05 -1.4
v 0.4 0.05 -1.4
v -0.2 0.05 -1.5
v 0.2 0.05 -1.5
v -0.3 0.15 1.6
v 0.3 0.15 1.6
v -0.5 0.15 1.5
v -0.3 0.15 1.5
v -0.2 0.15 1.5
v 0.2 0.15 1.5
v 0.3 0.15 1.5
v 0.5 0.15 1.5
v -0.6 0.15 1.4
v -0.5 0.15 1.4
v -0.4 0.15 1.4
v -0.3 0.15 1.4
v -0.2 0.15 1.4
v 0.2 0.15 1.4
v 0.3 0.15 1.4
v 0.4 0.15 1.4
v 0.5 0.15 1.4
v 0.6 0.15 1.4
v -0.7 0.15 1.3
v -0.6 0.15 1.3
v -0.5 0.15 1.3
v -0.4 0.15 1.3
v 0.4 0.15 1.3
v 0.5 0.15 1.3
v 0.6 0.15 1.3
v 0.7 0.15 1.3
v -0.9 0.15 1.2
v -0.8 0.15 1.2
v -0.7 0.15 1.2
v -0.6 0.15 1.2
v 0.6 0.15 1.2
v 0.7 0.15 1.2
v 0.8 0.15 1.2
v 0.9 0.15 1.2
v -1 0.15 1.1
v -0.9 0.15 1.1
v -0.8 0.15 1.1
v -0.7 0.15 1.1
v 0.7 0.15 1.1
v 0.8 0.15 1.1
v 0.9 0.15 1.1
v 1 0.15 1.1
v -1.1 0.15 1
v -1 0.15 1
v -0.9 0.15 1
v -0.8 0.15 1
v 0.8 0.15 1
v 0.9 0.15 1
v 1 0.15 1
v 1.1 0.15 1
v -1.2 0.15 0.9
v -1.1 0.15 0.9
v -1 0.15 0.9
v -0.9 0.15 0.9
v 0.9 0.15 0.9
v 1 0.15 0.9
v 1.1 0.15 0.9
v 1.2 0.15 0.9
v -1.2 0.15 0.8
v -1.1 0.15 0.8
v -1 0.15 0.8
v 1 0.15 0.8
v 1.1 0.15 0.8
v 1.2 0.15 0.8
v -1.3 0.15 0.7
v -1.2 0.15 0.7
v -1.1 0.15 0.7
v 1.1 0.15 0.7
v 1.2 0.15 0.7
v 1.3 0.15 0.7
v -1.4 0.15 0.6
v -1.3 0.15 0.6
v -1.2 0.15 0.6
v 1.2 0.15 0.6
v 1.3 0.15 0.6
v 1.4 0.15 0.6
v -1.5 0.15 0.5
v -1.4 0.15 0.5
v -1.3 0.15 0.5
v 1.3 0.15 0.5
v 1.4 0.15 0.5
v 1.5 0.15 0.5
v -1.4 0.15 0.4
v -1.3 0.15 0.4
v 1.3 0.15 0.4
v 1.4 0.15 0.4
v -1.6 0.15 0.3
v -1.5 0.15 0.3
v -1.4 0.15 0.3
v 1.4 0.15 0.3
v 1.5 0.15 0.3
v 1.6 0.15 0.3
v -1.5 0.15 0.2
v -1.4 0.15 0.2
v 1.4 0.15 0.2
v 1.5 0.15 0.2
v -1.5 0.15 -0.2
v -1.4 0.15 -0.2
v 1.4 0.15 -0.2
v 1.5 0.15 -0.2
v -1.6 0.15 -0.3
v -1.5 0.15 -0.3
v -1.4 0.15 -0.3
v 1.4 0.15 -0.3
v 1.5 0.15 -0.3
v 1.6 0.15 -0.3
v -1.4 0.15 -0.4
v -1.3 0.15 -0.4
v 1.3 0.15 -0.4
v 1.4 0.15 -0.4
v -1.5 0.15 -0.5
v -1.4 0.15 -0.5
v -1.3 0.15 -0.5
v 1.3 0.15 -0.5
v 1.4 0.15 -0.5
v 1.5 0.15 -0.5
v -1.4 0.15 -0.6
v -1.3 0.15 -0.6
v -1.2 0.15 -0.6
v 1.2 0.15 -0.6
v 1.3 0.15 -0.6
v 1.4 0.15 -0.6
v -1.3 0.15 -0.7
v -1.2 0.15 -0.7
v -1.1 0.15 -0.7
v 1.1 0.15 -0.7
v 1.2 0.15 -0.7
v 1.3 0.15 -0.7
v -1.2 0.15 -0.8
v -1.1 0.15 -0.8
v -1 0.15 -0.8
v 1 0.15 -0.8
v 1.1 0.15 -0.8
v 1.2 0.15 -0.8
v -1.2 0.15 -0.9
v -1.1 0.15 -0.9
v -1 0.15 -0.9
v -0.9 0.15 -0.9
v 0.9 0.15 -0.9
v 1 0.15 -0.9
v 1.1 0.15 -0.9
v 1.2 0.15 -0.9
v -1.1 0.15 -1
v -1 0.15 -1
v -0.9 0.15 -1
v -0.8 0.15 -1
v 0.8 0.15 -1
v 0.9 0.15 -1
v 1 0.15 -1
v 1.1 0.15 -1
v -1 0.15 -1.1
v -0.9 0.15 -1.1
v -0.8 0.15 -1.1
v -0.7 0.15 -1.1
v 0.7 0.15 -1.1
v 0.8 0.15 -1.1
v 0.9 0.15 -1.1
v 1 0.15 -1.1
v -0.9 0.15 -1.2
v -0.8 0.15 -1.2
v -0.7 0.15 -1.2
v -0.6 0.15 -1.2
v 0.6 0.15 -1.2
v 0.7 0.15 -1.2
v 0.8 0.15 -1.2
v 0.9 0.15 -1.2
v -0.7 0.15 -1.3
v -0.6 0.15 -1.3
v -0.5 0.15 -1.3
v -0.4 0.15 -1.3
v 0.4 0.15 -1.3
v 0.5 0.15 -1.3
v 0.6 0.15 -1.3
v 0.7 0.15 -1.3
v -0.6 0.15 -1.4
v -0.5 0.15 -1.4
v -0.4 0.15 -1.4
v -0.3 0.15 -1.4
v -0.2 0.15 -1.4
v 0.2 0.15 -1.4
v 0.3 0.15 -1.4
v 0.4 0.15 -1.4
v 0.5 0.15 -1.4
v 0.6 0.15 -1.4
v -0.5 0.15 -1.5
v -0.3 0.15 -1.5
v -0.2 0.15 -1.5
v 0.2 0.15 -1.5
v 0.3 0.15 -1.5
v 0.5 0.15 -1.5
v -0.3 0.15 -1.6
v 0.3 0.15 -1.6
v -1 -0.55 1.6
v -0.9 -0.55 1.6
v 0.9 -0.55 1.6
v 1 -0.55 1.6
v -1 -0.55 1.5
v -0.9 -0.55 1.5
v 0.9 -0.55 1.5
v 1 -0.55 1.5
v -1.6 -0.55 1
v -1.5 -0.55 1
v 1.5 -0.55 1
v 1.6 -0.55 1
v -1.6 -0.55 0.9
v -1.5 -0.55 0.9
v 1.5 -0.55 0.9
v 1.6 -0.55 0.9
v -1.6 -0.55 -0.9
v -1.5 -0.55 -0.9
v 1.5 -0.55 -0.9
v 1.6 -0.55 -0.9
v -1.6 -0.55 -1
v -1.5 -0.55 -1
v 1.5 -0.55 -1
v 1.6 -0.55 -1
v -1 -0.55 -1.5
v -0.9 -0.55 -1.5
v 0.9 -0.55 -1.5
v 1 -0.55 -1.5
v -1 -0.55 -1.6
v -0.9 -0.55 -1.6
v 0.9 -0.55 -1.6
v 1 -0.55 -1.6
v -0.9 -0.45 1.6
v -0.8 -0.45 1.6
v 0.8 -0.45 1.6
v 0.9 -0.45 1.6
v -1 -0.45 1.5
v -0.9 -0.45 1.5
v -0.8 -0.45 1.5
v 0.8 -0.45 1.5
v 0.9 -0.45 1.5
v 1 -0.45 1.5
v -1 -0.45 1.4
v -0.9 -0.45 1.4
v 0.9 -0.45 1.4
v 1 -0.45 1.4
v -1.5 -0.45 1
v -1.4 -0.45 1
v 1.4 -0.45 1
v 1.5 -0.45 1
v -1.6 -0.45 0.9
v -1.5 -0.45 0.9
v -1.4 -0.45 0.9
v 1.4 -0.45 0.9
v 1.5 -0.45 0.9
v 1.6 -0.45 0.9
v -1.6 -0.45 0.8
v -1.5 -0.45 0.8
v 1.5 -0.45 0.8
v 1.6 -0.45 0.8
v -1.6 -0.45 -0.8
v -1.5 -0.45 -0.8
v 1.5 -0.45 -0.8
v 1.6 -0.45 -0.8
v -1.6 -0.45 -0.9
v -1.5 -0.45 -0.9
v -1.4 -0.45 -0.9
v 1.4 -0.45 -0.9
v 1.5 -0.45 -0.9
v 1.6 -0.45 -0.9
v -1.5 -0.45 -1
v -1.4 -0.45 -1
v 1.4 -0.45 -1
v 1.5 -0.45 -1
v -1 -0.45 -1.4
v -0.9 -0.45 -1.4
v 0.9 -0.45 -1.4
v 1 -0.45 -1.4
v -1 -0.45 -1.5
v -0.9 -0.45 -1.5
v -0.8 -0.45 -1.5
v 0.8 -0.45 -1.5
v 0.9 -0.45 -1.5
v 1 -0.45 -1.5
v -0.9 -0.45 -1.6
v -0.8 -0.45 -1.6
v 0.8 -0.45 -1.6
v 0.9 -0.45 -1.6
v -0.9 -0.25 1.5
v -0.8 -0.25 1.5
v 0.8 -0.25 1.5
v 0.9 -0.25 1.5
v -0.9 -0.25 1.4
v -0.8 -0.25 1.4
v 0.8 -0.25 1.4
v 0.9 -0.25 1.4
v -1.5 -0.25 0.9
v -1.4 -0.25 0.9
v 1.4 -0.25 0.9
v 1.5 -0.25 0.9
v -1.5 -0.25 0.8
v -1.4 -0.25 0.8
v 1.4 -0.25 0.8
v 1.5 -0.25 0.8
v -1.5 -0.25 -0.8
v -1.4 -0.25 -0.8
v 1.4 -0.25 -0.8
v 1.5 -0.25 -0.8
v -1.5 -0.25 -0.9
v -1.4 -0.25 -0.9
v 1.4 -0.25 -0.9
v 1.5 -0.25 -0.9
v -0.9 -0.25 -1.4
v -0.8 -0.25 -1.4
v 0.8 -0.25 -1.4
v 0.9 -0.25 -1.4
v -0.9 -0.25 -1.5
v -0.8 -0.25 -1.5
v 0.8 -0.25 -1.5
v 0.9 -0.25 -1.5
v -0.8 -0.15 1.5
v -0.7 -0.15 1.5
v 0.7 -0.15 1.5
v 0.8 -0.15 1.5
v -0.9 -0.15 1.4
v -0.8 -0.15 1.4
v -0.7 -0.15 1.4
v 0.7 -0.15 1.4
v 0.8 -0.15 1.4
v 0.9 -0.15 1.4
v -0.9 -0.15 1.3
v -0.8 -0.15 1.3
v 0.8 -0.15 1.3
v 0.9 -0.15 1.3
v -1.4 -0.15 0.9
v -1.3 -0.15 0.9
v 1.3 -0.15 0.9
v 1.4 -0.15 0.9
v -1.5 -0.15 0.8
v -1.4 -0.15 0.8
v -1.3 -0.15 0.8
v 1.3 -0.15 0.8
v 1.4 -0.15 0.8
v 1.5 -0.15 0.8
v -1.5 -0.15 0.7
v -1.4 -0.15 0.7
v 1.4 -0.15 0.7
v 1.5 -0.15 0.7
v -1.5 -0.15 -0.7
v -1.4 -0.15 -0.7
v 1.4 -0.15 -0.7
v 1.5 -0.15 -0.7
v -1.5 -0.15 -0.8
v -1.4 -0.15 -0.8
v -1.3 -0.15 -0.8
v 1.3 -0.15 -0.8
v 1.4 -0.15 -0.8
v 1.5 -0.15 -0.8
v -1.4 -0.15 -0.9
v -1.3 -0.15 -0.9
v 1.3 -0.15 -0.9
v 1.4 -0.15 -0.9
v -0.9 -0.15 -1.3
v -0.8 -0.15 -1.3
v 0.8 -0.15 -1.3
v 0.9 -0.15 -1.3
v -0.9 -0.15 -1.4
v -0.8 -0.15 -1.4
v -0.7 -0.15 -1.4
v 0.7 -0.15 -1.4
v 0.8 -0.15 -1.4
v 0.9 -0.15 -1.4
v -0.8 -0.15 -1.5
v -0.7 -0.15 -1.5
v 0.7 -0.15 -1.5
v 0.8 -0.15 -1.5
v -0.8 0.05 1.4
v -0.7 0.05 1.4
v 0.7 0.05 1.4
v 0.8 0.05 1.4
v -0.8 0.05 1.3
v -0.7 0.05 1.3
v 0.7 0.05 1.3
v 0.8 0.05 1.3
v -1.4 0.05 0.8
v -1.3 0.05 0.8
v 1.3 0.05 0.8
v 1.4 0.05 0.8
v -1.4 0.05 0.7
v -1.3 0.05 0.7
v 1.3 0.05 0.7
v 1.4 0.05 0.7
v -1.4 0.05 -0.7
v -1.3 0.05 -0.7
v 1.3 0.05 -0.7
v 1.4 0.05 -0.7
v -1.4 0.05 -0.8
v -1.3 0.05 -0.8
v 1.3 0.05 -0.8
v 1.4 0.05 -0.8
v -0.8 0.05 -1.3
v -0.7 0.05 -1.3
v 0.7 0.05 -1.3
v 0.8 0.05 -1.3
v -0.8 0.05 -1.4
v -0.7 0.05 -1.4
v 0.7 0.05 -1.4
v 0.8 0.05 -1.4
v -0.3 0.25 1.6
v 0.3 0.25 1.6
v -0.5 0.25 1.5
v -0.3 0.25 1.5
v -0.2 0.25 1.5
v 0.2 0.25 1.5
v 0.3 0.25 1.5
v 0.5 0.25 1.5
v -0.7 0.25 1.4
v -0.5 0.25 1.4
v -0.4 0.25 1.4
v -0.3 0.25 1.4
v -0.2 0.25 1.4
v 0.2 0.25 1.4
v 0.3 0.25 1.4
v 0.4 0.25 1.4
v 0.5 0.25 1.4
v 0.7 0.25 1.4
v -0.8 0.25 1.3
v -0.7 0.25 1.3
v -0.6 0.25 1.3
v -0.5 0.25 1.3
v -0.4 0.25 1.3
v 0.4 0.25 1.3
v 0.5 0.25 1.3
v 0.6 0.25 1.3
v 0.7 0.25 1.3
v 0.8 0.25 1.3
v -0.9 0.25 1.2
v -0.8 0.25 1.2
v -0.7 0.25 1.2
v -0.6 0.25 1.2
v 0.6 0.25 1.2
v 0.7 0.25 1.2
v 0.8 0.25 1.2
v 0.9 0.25 1.2
v -1 0.25 1.1
v -0.9 0.25 1.1
v -0.8 0.25 1.1
v -0.7 0.25 1.1
v 0.7 0.25 1.1
v 0.8 0.25 1.1
v 0.9 0.25 1.1
v 1 0.25 1.1
v -1.1 0.25 1
v -1 0.25 1
v -0.9 0.25 1
v -0.8 0.25 1
v 0.8 0.25 1
v 0.9 0.25 1
v 1 0.25 1
v 1.1 0.25 1
v -1.2 0.25 0.9
v -1.1 0.25 0.9
v -1 0.25 0.9
v -0.9 0.25 0.9
v 0.9 0.25 0.9
v 1 0.25 0.9
v 1.1 0.25 0.9
v 1.2 0.25 0.9
v -1.3 0.25 0.8
v -1.2 0.25 0.8
v -1.1 0.25 0.8
v -1 0.25 0.8
v 1 0.25 0.8
v 1.1 0.25 0.8
v 1.2 0.25 0.8
v 1.3 0.25 0.8
v -1.4 0.25 0.7
v -1.3 0.25 0.7
v -1.2 0.25 0.7
v -1.1 0.25 0.7
v 1.1 0.25 0.7
v 1.2 0.25 0.7
v 1.3 0.25 0.7
v 1.4 0.25 0.7
v -1.3 0.25 0.6
v -1.2 0.25 0.6
v 1.2 0.25 0.6
v 1.3 0.25 0.6
v -1.5 0.25 0.5
v -1.4 0.25 0.5
v -1.3 0.25 0.5
v 1.3 0.25 0.5
v 1.4 0.25 0.5
v 1.5 0.25 0.5
v -1.4 0.25 0.4
v -1.3 0.25 0.4
v 1.3 0.25 0.4
v 1.4 0.25 0.4
v -1.6 0.25 0.3
v -1.5 0.25 0.3
v -1.4 0.25 0.3
v 1.4 0.25 0.3
v 1.5 0.25 0.3
v 1.6 0.25 0.3
v -1.5 0.25 0.2
v -1.4 0.25 0.2
v 1.4 0.25 0.2
v 1.5 0.25 0.2
v -1.5 0.25 -0.2
v -1.4 0.25 -0.2
v 1.4 0.25 -0.2
v 1.5 0.25 -0.2
v -1.6 0.25 -0.3
v -1.5 0.25 -0.3
v -1.4 0.25 -0.3
v 1.4 0.25 -0.3
v 1.5 0.25 -0.3
v 1.6 0.25 -0.3
v -1.4 0.25 -0.4
v -1.3 0.25 -0.4
v 1.3 0.25 -0.4
v 1.4 0.25 -0.4
v -1.5 0.25 -0.5
v -1.4 0.25 -0.5
v -1.3 0.25 -0.5
v 1.3 0.25 -0.5
v 1.4 0.25 -0.5
v 1.5 0.25 -0.5
v -1.3 0.25 -0.6
v -1.2 0.25 -0.6
v 1.2 0.25 -0.6
v 1.3 0.25 -0.6
v -1.4 0.25 -0.7
v -1.3 0.25 -0.7
v -1.2 0.25 -0.7
v -1.1 0.25 -0.7
v 1.1 0.25 -0.7
v 1.2 0.25 -0.7
v 1.3 0.25 -0.7
v 1.4 0.25 -0.7
v -1.3 0.25 -0.8
v -1.2 0.25 -0.8
v -1.1 0.25 -0.8
v -1 0.25 -0.8
v 1 0.25 -0.8
v 1.1 0.25 -0.8
v 1.2 0.25 -0.8
v 1.3 0.25 -0.8
v -1.2 0.25 -0.9
v -1.1 0.25 -0.9
v -1 0.25 -0.9
v -0.9 0.25 -0.9
v 0.9 0.25 -0.9
v 1 0.25 -0.9
v 1.1 0.25 -0.9
v 1.2 0.25 -0.9
v -1.1 0.25 -1
v -1 0.25 -1
v -0.9 0.25 -1
v -0.8 0.25 -1
v 0.8 0.25 -1
v 0.9 0.25 -1
v 1 0.25 -1
v 1.1 0.25 -1
v -1 0.25 -1.1
v -0.9 0.25 -1.1
v -0.8 0.25 -1.1
v -0.7 0.25 -1.1
v 0.7 0.25 -1.1
v 0.8 0.25 -1.1
v 0.9 0.25 -1.1
v 1 0.25 -1.1
v -0.9 0.25 -1.2
v -0.8 0.25 -1.2
v -0.7 0.25 -1.2
v -0.6 0.25 -1.2
v 0.6 0.25 -1.2
v 0.7 0.25 -1.2
v 0.8 0.25 -1.2
v 0.9 0.25 -1.2
v -0.8 0.25 -1.3
v -0.7 0.25 -1.3
v -0.6 0.25 -1.3
v -0.5 0.25 -1.3
v -0.4 0.25 -1.3
v 0.4 0.25 -1.3
v 0.5 0.25 -1.3
v 0.6 0.25 -1.3
v 0.7 0.25 -1.3
v 0.8 0.25 -1.3
v -0.7 0.25 -1.4
v -0.5 0.25 -1.4
v -0.4 0.25 -1.4
v -0.3 0.25 -1.4
v -0.2 0.25 -1.4
v 0.2 0.25 -1.4
v 0.3 0.25 -1.4
v 0.4 0.25 -1.4
v 0.5 0.25 -1.4
v 0.7 0.25 -1.4
v -0.5 0.25 -1.5
v -0.3 0.25 -1.5
v -0.2 0.25 -1.5
v 0.2 0.25 -1.5
v 0.3 0.25 -1.5
v 0.5 0.25 -1.5
v -0.3 0.25 -1.6
v 0.3 0.25 -1.6
v -0.2 0.35 1.5
v 0.2 0.35 1.5
v -0.4 0.35 1.4
v -0.2 0.35 1.4
v -0.1 0.35 1.4
v 0.1 0.35 1.4
v 0.2 0.35 1.4
v 0.4 0.35 1.4
v -0.6 0.35 1.3
v -0.4 0.35 1.3
v -0.3 0.35 1.3
v -0.1 0.35 1.3
v 0.1 0.35 1.3
v 0.3 0.35 1.3
v 0.4 0.35 1.3
v 0.6 0.35 1.3
v -0.7 0.35 1.2
v -0.6 0.35 1.2
v -0.5 0.35 1.2
v -0.3 0.35 1.2
v 0.3 0.35 1.2
v 0.5 0.35 1.2
v 0.6 0.35 1.2
v 0.7 0.35 1.2
v -0.8 0.35 1.1
v -0.7 0.35 1.1
v -0.6 0.35 1.1
v -0.5 0.35 1.1
v 0.5 0.35 1.1
v 0.6 0.35 1.1
v 0.7 0.35 1.1
v 0.8 0.35 1.1
v -0.9 0.35 1
v -0.8 0.35 1
v -0.6 0.35 1
v 0.6 0.35 1
v 0.8 0.35 1
v 0.9 0.35 1
v -1 0.35 0.9
v -0.9 0.35 0.9
v -0.8 0.35 0.9
v 0.8 0.35 0.9
v 0.9 0.35 0.9
v 1 0.35 0.9
v -1.1 0.35 0.8
v -1 0.35 0.8
v -0.9 0.35 0.8
v 0.9 0.35 0.8
v 1 0.35 0.8
v 1.1 0.35 0.8
v -1.2 0.35 0.7
v -1.1 0.35 0.7
v -1 0.35 0.7
v 1 0.35 0.7
v 1.1 0.35 0.7
v 1.2 0.35 0.7
v -1.3 0.35 0.6
v -1.2 0.35 0.6
v -1.1 0.35 0.6
v 1.1 0.35 0.6
v 1.2 0.35 0.6
v 1.3 0.35 0.6
v -1.4 0.35 0.4
v -1.3 0.35 0.4
v 1.3 0.35 0.4
v 1.4 0.35 0.4
v -1.3 0.35 0.3
v -1.2 0.35 0.3
v 1.2 0.35 0.3
v 1.3 0.35 0.3
v -1.5 0.35 0.2
v -1.4 0.35 0.2
v 1.4 0.35 0.2
v 1.5 0.35 0.2
v -1.4 0.35 0.1
v -1.3 0.35 0.1
v 1.3 0.35 0.1
v 1.4 0.35 0.1
v -1.4 0.35 -0.1
v -1.3 0.35 -0.1
v 1.3 0.35 -0.1
v 1.4 0.35 -0.1
v -1.5 0.35 -0.2
v -1.4 0.35 -0.2
v 1.4 0.35 -0.2
v 1.5 0.35 -0.2
v -1.3 0.35 -0.3
v -1.2 0.35 -0.3
v 1.2 0.35 -0.3
v 1.3 0.35 -0.3
v -1.4 0.35 -0.4
v -1.3 0.35 -0.4
v 1.3 0.35 -0.4
v 1.4 0.35 -0.4
v -1.3 0.35 -0.6
v -1.2 0.35 -0.6
v -1.1 0.35 -0.6
v 1.1 0.35 -0.6
v 1.2 0.35 -0.6
v 1.3 0.35 -0.6
v -1.2 0.35 -0.7
v -1.1 0.35 -0.7
v -1 0.35 -0.7
v 1 0.35 -0.7
v 1.1 0.35 -0.7
v 1.2 0.35 -0.7
v -1.1 0.35 -0.8
v -1 0.35 -0.8
v -0.9 0.35 -0.8
v 0.9 0.35 -0.8
v 1 0.35 -0.8
v 1.1 0.35 -0.8
v -1 0.35 -0.9
v -0.9 0.35 -0.9
v -0.8 0.35 -0.9
v 0.8 0.35 -0.9
v 0.9 0.35 -0.9
v 1 0.35 -0.9
v -0.9 0.35 -1
v -0.8 0.35 -1
v -0.6 0.35 -1
v 0.6 0.35 -1
v 0.8 0.35 -1
v 0.9 0.35 -1
v -0.8 0.35 -1.1
v -0.7 0.35 -1.1
v -0.6 0.35 -1.1
v -0.5 0.35 -1.1
v 0.5 0.35 -1.1
v 0.6 0.35 -1.1
v 0.7 0.35 -1.1
v 0.8 0.35 -1.1
v -0.7 0.35 -1.2
v -0.6 0.35 -1.2
v -0.5 0.35 -1.2
v -0.3 0.35 -1.2
v 0.3 0.35 -1.2
v 0.5 0.35 -1.2
v 0.6 0.35 -1.2
v 0.7 0.35 -1.2
v -0.6 0.35 -1.3
v -0.4 0.35 -1.3
v -0.3 0.35 -1.3
v -0.1 0.35 -1.3
v 0.1 0.35 -1.3
v 0.3 0.35 -1.3
v 0.4 0.35 -1.3
v 0.6 0.35 -1.3
v -0.4 0.35 -1.4
v -0.2 0.35 -1.4
v -0.1 0.35 -1.4
v 0.1 0.35 -1.4
v 0.2 0.35 -1.4
v 0.4 0.35 -1.4
v -0.2 0.35 -1.5
v 0.2 0.35 -1.5
v -0.1 0.45 1.4
v 0.1 0.45 1.4
v -0.3 0.45 1.3
v -0.1 0.45 1.3
v 0.1 0.45 1.3
v 0.3 0.45 1.3
v -0.5 0.45 1.2
v -0.3 0.45 1.2
v -0.2 0.45 1.2
v -0.1 0.45 1.2
v 0.1 0.45 1.2
v 0.2 0.45 1.2
v 0.3 0.45 1.2
v 0.5 0.45 1.2
v -0.6 0.45 1.1
v -0.5 0.45 1.1
v -0.4 0.45 1.1
v -0.3 0.45 1.1
v -0.2 0.45 1.1
v 0.2 0.45 1.1
v 0.3 0.45 1.1
v 0.4 0.45 1.1
v 0.5 0.45 1.1
v 0.6 0.45 1.1
v -0.8 0.45 1
v -0.6 0.45 1
v -0.5 0.45 1
v -0.4 0.45 1
v 0.4 0.45 1
v 0.5 0.45 1
v 0.6 0.45 1
v 0.8 0.45 1
v -0.9 0.45 0.9
v -0.8 0.45 0.9
v -0.7 0.45 0.9
v -0.6 0.45 0.9
v -0.5 0.45 0.9
v 0.5 0.45 0.9
v 0.6 0.45 0.9
v 0.7 0.45 0.9
v 0.8 0.45 0.9
v 0.9 0.45 0.9
v -1 0.45 0.8
v -0.9 0.45 0.8
v -0.8 0.45 0.8
v -0.7 0.45 0.8
v 0.7 0.45 0.8
v 0.8 0.45 0.8
v 0.9 0.45 0.8
v 1 0.45 0.8
v -1.1 0.45 0.7
v -1 0.45 0.7
v -0.9 0.45 0.7
v -0.8 0.45 0.7
v 0.8 0.45 0.7
v 0.9 0.45 0.7
v 1 0.45 0.7
v 1.1 0.45 0.7
v -1.2 0.45 0.6
v -1.1 0.45 0.6
v -1 0.45 0.6
v -0.9 0.45 0.6
v 0.9 0.45 0.6
v 1 0.45 0.6
v 1.1 0.45 0.6
v 1.2 0.45 0.6
v -1.1 0.45 0.5
v -1 0.45 0.5
v 1 0.45 0.5
v 1.1 0.45 0.5
v -1.3 0.45 0.3
v -1.2 0.45 0.3
v -1.1 0.45 0.3
v 1.1 0.45 0.3
v 1.2 0.45 0.3
v 1.3 0.45 0.3
v -1.2 0.45 0.2
v -1.1 0.45 0.2
v 1.1 0.45 0.2
v 1.2 0.45 0.2
v -1.4 0.45 0.1
v -1.3 0.45 0.1
v -1.2 0.45 0.1
v 1.2 0.45 0.1
v 1.3 0.45 0.1
v 1.4 0.45 0.1
v -1.4 0.45 -0.1
v -1.3 0.45 -0.1
v -1.2 0.45 -0.1
v 1.2 0.45 -0.1
v 1.3 0.45 -0.1
v 1.4 0.45 -0.1
v -1.2 0.45 -0.2
v -1.1 0.45 -0.2
v 1.1 0.45 -0.2
v 1.2 0.45 -0.2
v -1.3 0.45 -0.3
v -1.2 0.45 -0.3
v -1.1 0.45 -0.3
v 1.1 0.45 -0.3
v 1.2 0.45 -0.3
v 1.3 0.45 -0.3
v -1.1 0.45 -0.5
v -1 0.45 -0.5
v 1 0.45 -0.5
v 1.1 0.45 -0.5
v -1.2 0.45 -0.6
v -1.1 0.45 -0.6
v -1 0.45 -0.6
v -0.9 0.45 -0.6
v 0.9 0.45 -0.6
v 1 0.45 -0.6
v 1.1 0.45 -0.6
v 1.2 0.45 -0.6
v -1.1 0.45 -0.7
v -1 0.45 -0.7
v -0.9 0.45 -0.7
v -0.8 0.45 -0.7
v 0.8 0.45 -0.7
v 0.9 0.45 -0.7
v 1 0.45 -0.7
v 1.1 0.45 -0.7
v -1 0.45 -0.8
v -0.9 0.45 -0.8
v -0.8 0.45 -0.8
v -0.7 0.45 -0.8
v 0.7 0.45 -0.8
v 0.8 0.45 -0.8
v 0.9 0.45 -0.8
v 1 0.45 -0.8
v -0.9 0.45 -0.9
v -0.8 0.45 -0.9
v -0.7 0.45 -0.9
v -0.6 0.45 -0.9
v -0.5 0.45 -0.9
v 0.5 0.45 -0.9
v 0.6 0.45 -0.9
v 0.7 0.45 -0.9
v 0.8 0.45 -0.9
v 0.9 0.45 -0.9
v -0.8 0.45 -1
v -0.6 0.45 -1
v -0.5 0.45 -1
v -0.4 0.45 -1
v 0.4 0.45 -1
v 0.5 0.45 -1
v 0.6 0.45 -1
v 0.8 0.45 -1
v -0.6 0.45 -1.1
v -0.5 0.45 -1.1
v -0.4 0.45 -1.1
v -0.3 0.45 -1.1
v -0.2 0.45 -1.1
v 0.2 0.45 -1.1
v 0.3 0.45 -1.1
v 0.4 0.45 -1.1
v 0.5 0.45 -1.1
v 0.6 0.45 -1.1
v -0.5 0.45 -1.2
v -0.3 0.45 -1.2
v -0.2 0.45 -1.2
v -0.1 0.45 -1.2
v 0.1 0.45 -1.2
v 0.2 0.45 -1.2
v 0.3 0.45 -1.2
v 0.5 0.45 -1.2
v -0.3 0.45 -1.3
v -0.1 0.45 -1.3
v 0.1 0.45 -1.3
v 0.3 0.45 -1.3
v -0.1 0.45 -1.4
v 0.1 0.45 -1.4
v -0.2 0.55 1.2
v 0.2 0.55 1.2
v -0.4 0.55 1.1
v -0.2 0.55 1.1
v -0.1 0.55 1.1
v 0.1 0.55 1.1
v 0.2 0.55 1.1
v 0.4 0.55 1.1
v -0.5 0.55 1
v -0.4 0.55 1
v -0.3 0.55 1
v -0.1 0.55 1
v 0.1 0.55 1
v 0.3 0.55 1
v 0.4 0.55 1
v 0.5 0.55 1
v -0.7 0.55 0.9
v -0.5 0.55 0.9
v -0.4 0.55 0.9
v -0.3 0.55 0.9
v 0.3 0.55 0.9
v 0.4 0.55 0.9
v 0.5 0.55 0.9
v 0.7 0.55 0.9
v -0.8 0.55 0.8
v -0.7 0.55 0.8
v -0.6 0.55 0.8
v -0.4 0.55 0.8
v 0.4 0.55 0.8
v 0.6 0.55 0.8
v 0.7 0.55 0.8
v 0.8 0.55 0.8
v -0.9 0.55 0.7
v -0.8 0.55 0.7
v -0.7 0.55 0.7
v -0.6 0.55 0.7
v 0.6 0.55 0.7
v 0.7 0.55 0.7
v 0.8 0.55 0.7
v 0.9 0.55 0.7
v -1 0.55 0.6
v -0.9 0.55 0.6
v -0.8 0.55 0.6
v -0.7 0.55 0.6
v 0.7 0.55 0.6
v 0.8 0.55 0.6
v 0.9 0.55 0.6
v 1 0.55 0.6
v -1.1 0.55 0.5
v -1 0.55 0.5
v -0.9 0.55 0.5
v -0.8 0.55 0.5
v 0.8 0.55 0.5
v 0.9 0.55 0.5
v 1 0.55 0.5
v 1.1 0.55 0.5
v -1 0.55 0.4
v -0.9 0.55 0.4
v 0.9 0.55 0.4
v 1 0.55 0.4
v -1.2 0.55 0.2
v -1.1 0.55 0.2
v 1.1 0.55 0.2
v 1.2 0.55 0.2
v -1.1 0.55 0.1
v -1 0.55 0.1
v 1 0.55 0.1
v 1.1 0.55 0.1
v -1.1 0.55 -0.1
v -1 0.55 -0.1
v 1 0.55 -0.1
v 1.1 0.55 -0.1
v -1.2 0.55 -0.2
v -1.1 0.55 -0.2
v 1.1 0.55 -0.2
v 1.2 0.55 -0.2
v -1 0.55 -0.4
v -0.9 0.55 -0.4
v 0.9 0.55 -0.4
v 1 0.55 -0.4
v -1.1 0.55 -0.5
v -1 0.55 -0.5
v -0.9 0.55 -0.5
v -0.8 0.55 -0.5
v 0.8 0.55 -0.5
v 0.9 0.55 -0.5
v 1 0.55 -0.5
v 1.1 0.55 -0.5
v -1 0.55 -0.6
v -0.9 0.55 -0.6
v -0.8 0.55 -0.6
v -0.7 0.55 -0.6
v 0.7 0.55 -0.6
v 0.8 0.55 -0.6
v 0.9 0.55 -0.6
v 1 0.55 -0.6
v -0.9 0.55 -0.7
v -0.8 0.55 -0.7
v -0.7 0.55 -0.7
v -0.6 0.55 -0.7
v 0.6 0.55 -0.7
v 0.7 0.55 -0.7
v 0.8 0.55 -0.7
v 0.9 0.55 -0.7
v -0.8 0.55 -0.8
v -0.7 0.55 -0.8
v -0.6 0.55 -0.8
v -0.4 0.55 -0.8
v 0.4 0.55 -0.8
v 0.6 0.55 -0.8
v 0.7 0.55 -0.8
v 0.8 0.55 -0.8
v -0.7 0.55 -0.9
v -0.5 0.55 -0.9
v -0.4 0.55 -0.9
v -0.3 0.55 -0.9
v 0.3 0.55 -0.9
v 0.4 0.55 -0.9
v 0.5 0.55 -0.9
v 0.7 0.55 -0.9
v -0.5 0.55 -1
v -0.4 0.55 -1
v -0.3 0.55 -1
v -0.1 0.55 -1
v 0.1 0.55 -1
v 0.3 0.55 -1
v 0.4 0.55 -1
v 0.5 0.55 -1
v -0.4 0.55 -1.1
v -0.2 0.55 -1.1
v -0.1 0.55 -1.1
v 0.1 0.55 -1.1
v 0.2 0.55 -1.1
v 0.4 0.55 -1.1
v -0.2 0.55 -1.2
v 0.2 0.55 -1.2
v -0.1 0.65 1.1
v 0.1 0.65 1.1
v -0.3 0.65 1
v -0.1 0.65 1
v 0.1 0.65 1
v 0.3 0.65 1
v -0.4 0.65 0.9
v -0.3 0.65 0.9
v -0.1 0.65 0.9
v 0.1 0.65 0.9
v 0.3 0.65 0.9
v 0.4 0.65 0.9
v -0.6 0.65 0.8
v -0.4 0.65 0.8
v -0.3 0.65 0.8
v -0.2 0.65 0.8
v 0.2 0.65 0.8
v 0.3 0.65 0.8
v 0.4 0.65 0.8
v 0.6 0.65 0.8
v -0.7 0.65 0.7
v -0.6 0.65 0.7
v -0.4 0.65 0.7
v -0.3 0.65 0.7
v -0.2 0.65 0.7
v 0.2 0.65 0.7
v 0.3 0.65 0.7
v 0.4 0.65 0.7
v 0.6 0.65 0.7
v 0.7 0.65 0.7
v -0.8 0.65 0.6
v -0.7 0.65 0.6
v -0.6 0.65 0.6
v -0.5 0.65 0.6
v -0.3 0.65 0.6
v 0.3 0.65 0.6
v 0.5 0.65 0.6
v 0.6 0.65 0.6
v 0.7 0.65 0.6
v 0.8 0.65 0.6
v -0.9 0.65 0.5
v -0.8 0.65 0.5
v -0.7 0.65 0.5
v -0.6 0.65 0.5
v -0.5 0.65 0.5
v 0.5 0.65 0.5
v 0.6 0.65 0.5
v 0.7 0.65 0.5
v 0.8 0.65 0.5
v 0.9 0.65 0.5
v -1 0.65 0.4
v -0.9 0.65 0.4
v -0.8 0.65 0.4
v -0.7 0.65 0.4
v -0.6 0.65 0.4
v 0.6 0.65 0.4
v 0.7 0.65 0.4
v 0.8 0.65 0.4
v 0.9 0.65 0.4
v 1 0.65 0.4
v -0.8 0.65 0.3
v -0.7 0.65 0.3
v 0.7 0.65 0.3
v 0.8 0.65 0.3
v -1.1 0.65 0.1
v -1 0.65 0.1
v -0.9 0.65 0.1
v 0.9 0.65 0.1
v 1 0.65 0.1
v 1.1 0.65 0.1
v -1.1 0.65 -0.1
v -1 0.65 -0.1
v -0.9 0.65 -0.1
v 0.9 0.65 -0.1
v 1 0.65 -0.1
v 1.1 0.65 -0.1
v -0.8 0.65 -0.3
v -0.7 0.65 -0.3
v 0.7 0.65 -0.3
v 0.8 0.65 -0.3
v -1 0.65 -0.4
v -0.9 0.65 -0.4
v -0.8 0.65 -0.4
v -0.7 0.65 -0.4
v -0.6 0.65 -0.4
v 0.6 0.65 -0.4
v 0.7 0.65 -0.4
v 0.8 0.65 -0.4
v 0.9 0.65 -0.4
v 1 0.65 -0.4
v -0.9 0.65 -0.5
v -0.8 0.65 -0.5
v -0.7 0.65 -0.5
v -0.6 0.65 -0.5
v -0.5 0.65 -0.5
v 0.5 0.65 -0.5
v 0.6 0.65 -0.5
v 0.7 0.65 -0.5
v 0.8 0.65 -0.5
v 0.9 0.65 -0.5
v -0.8 0.65 -0.6
v -0.7 0.65 -0.6
v -0.6 0.65 -0.6
v -0.5 0.65 -0.6
v -0.3 0.65 -0.6
v 0.3 0.65 -0.6
v 0.5 0.65 -0.6
v 0.6 0.65 -0.6
v 0.7 0.65 -0.6
v 0.8 0.65 -0.6
v -0.7 0.65 -0.7
v -0.6 0.65 -0.7
v -0.4 0.65 -0.7
v -0.3 0.65 -0.7
v -0.2 0.65 -0.7
v 0.2 0.65 -0.7
v 0.3 0.65 -0.7
v 0.4 0.65 -0.7
v 0.6 0.65 -0.7
v 0.7 0.65 -0.7
v -0.6 0.65 -0.8
v -0.4 0.65 -0.8
v -0.3 0.65 -0.8
v -0.2 0.65 -0.8
v 0.2 0.65 -0.8
v 0.3 0.65 -0.8
v 0.4 0.65 -0.8
v 0.6 0.65 -0.8
v -0.4 0.65 -0.9
v -0.3 0.65 -0.9
v -0.1 0.65 -0.9
v 0.1 0.65 -0.9
v 0.3 0.65 -0.9
v 0.4 0.65 -0.9
v -0.3 0.65 -1
v -0.1 0.65 -1
v 0.1 0.65 -1
v 0.3 0.65 -1
v -0.1 0.65 -1.1
v 0.1 0.65 -1.1
v -0.2 0.75 0.8
v 0.2 0.75 0.8
v -0.3 0.75 0.7
v -0.2 0.75 0.7
v 0.2 0.75 0.7
v 0.3 0.75 0.7
v -0.5 0.75 0.6
v -0.3 0.75 0.6
v -0.2 0.75 0.6
v 0.2 0.75 0.6
v 0.3 0.75 0.6
v 0.5 0.75 0.6
v -0.6 0.75 0.5
v -0.5 0.75 0.5
v -0.3 0.75 0.5
v -0.1 0.75 0.5
v 0.1 0.75 0.5
v 0.3 0.75 0.5
v 0.5 0.75 0.5
v 0.6 0.75 0.5
v -0.7 0.75 0.4
v -0.6 0.75 0.4
v -0.5 0.75 0.4
v -0.2 0.75 0.4
v -0.1 0.75 0.4
v 0.1 0.75 0.4
v 0.2 0.75 0.4
v 0.5 0.75 0.4
v 0.6 0.75 0.4
v 0.7 0.75 0.4
v -0.8 0.75 0.3
v -0.7 0.75 0.3
v -0.6 0.75 0.3
v -0.4 0.75 0.3
v -0.2 0.75 0.3
v 0.2 0.75 0.3
v 0.4 0.75 0.3
v 0.6 0.75 0.3
v 0.7 0.75 0.3
v 0.8 0.75 0.3
v -0.5 0.75 0.2
v -0.4 0.75 0.2
v 0.4 0.75 0.2
v 0.5 0.75 0.2
v -0.5 0.75 -0.2
v -0.4 0.75 -0.2
v 0.4 0.75 -0.2
v 0.5 0.75 -0.2
v -0.8 0.75 -0.3
v -0.7 0.75 -0.3
v -0.6 0.75 -0.3
v -0.4 0.75 -0.3
v -0.2 0.75 -0.3
v 0.2 0.75 -0.3
v 0.4 0.75 -0.3
v 0.6 0.75 -0.3
v 0.7 0.75 -0.3
v 0.8 0.75 -0.3
v -0.7 0.75 -0.4
v -0.6 0.75 -0.4
v -0.5 0.75 -0.4
v -0.2 0.75 -0.4
v -0.1 0.75 -0.4
v 0.1 0.75 -0.4
v 0.2 0.75 -0.4
v 0.5 0.75 -0.4
v 0.6 0.75 -0.4
v 0.7 0.75 -0.4
v -0.6 0.75 -0.5
v -0.5 0.75 -0.5
v -0.3 0.75 -0.5
v -0.1 0.75 -0.5
v 0.1 0.75 -0.5
v 0.3 0.75 -0.5
v 0.5 0.75 -0.5
v 0.6 0.75 -0.5
v -0.5 0.75 -0.6
v -0.3 0.75 -0.6
v -0.2 0.75 -0.6
v 0.2 0.75 -0.6
v 0.3 0.75 -0.6
v 0.5 0.75 -0.6
v -0.3 0.75 -0.7
v -0.2 0.75 -0.7
v 0.2 0.75 -0.7
v 0.3 0.75 -0.7
v -0.2 0.75 -0.8
v 0.2 0.75 -0.8
v -0.1 0.85 0.5
v 0.1 0.85 0.5
v -0.2 0.85 0.4
v -0.1 0.85 0.4
v 0.1 0.85 0.4
v 0.2 0.85 0.4
v -0.4 0.85 0.3
v -0.2 0.85 0.3
v -0.1 0.85 0.3
v 0.1 0.85 0.3
v 0.2 0.85 0.3
v 0.4 0.85 0.3
v -0.5 0.85 0.2
v -0.4 0.85 0.2
v -0.2 0.85 0.2
v 0.2 0.85 0.2
v 0.4 0.85 0.2
v 0.5 0.85 0.2
v -0.1 0.85 0.1
v 0.1 0.85 0.1
v -0.1 0.85 -0.1
v 0.1 0.85 -0.1
v -0.5 0.85 -0.2
v -0.4 0.85 -0.2
v -0.2 0.85 -0.2
v 0.2 0.85 -0.2
v 0.4 0.85 -0.2
v 0.5 0.85 -0.2
v -0.4 0.85 -0.3
v -0.2 0.85 -0.3
v -0.1 0.85 -0.3
v 0.1 0.85 -0.3
v 0.2 0.85 -0.3
v 0.4 0.85 -0.3
v -0.2 0.85 -0.4
v -0.1 0.85 -0.4
v 0.1 0.85 -0.4
v 0.2 0.85 -0.4
v -0.1 0.85 -0.5
v 0.1 0.85 -0.5
v -0.1 0.95 0.1
v 0.1 0.95 0.1
v -0.1 0.95 -0.1
v 0.1 0.95 -0.1

# faces
f 5/2/1 2/2/1 1/2/1
f 8/2/1 4/2/1 3/2/1
f 9/2/1 6/2/1 5/2/1
f 9/2/1 5/2/1 1/2/1
f 10/2/1 6/2/1 9/2/1
f 11/2/1 8/2/1 7/2/1
f 11/2/1 4/2/1 8/2/1
f 12/2/1 4/2/1 11/2/1
f 13/2/1 6/2/1 10/2/1
f 14/2/1 6/2/1 13/2/1
f 15/2/1 11/2/1 7/2/1
f 16/2/1 11/2/1 15/2/1
f 19/3/1 18/3/1 17/3/1
f 20/3/1 18/3/1 19/3/1
f 25/2/1 22/2/1 21/2/1
f 26/2/1 22/2/1 25/2/1
f 31/2/1 24/2/1 23/2/1
f 32/2/1 24/2/1 31/2/1
f 33/2/1 27/2/1 26/2/1
f 33/2/1 28/2/1 27/2/1
f 34/2/1 28/2/1 33/2/1
f 35/2/1 30/2/1 29/2/1
f 35/2/1 31/2/1 30/2/1
f 36/2/1 31/2/1 35/2/1
f 37/2/1 28/2/1 34/2/1
f 38/2/1 28/2/1 37/2/1
f 39/2/1 35/2/1 29/2/1
f 40/2/1 35/2/1 39/2/1
f 45/1/1 42/1/1 41/1/1
f 46/1/1 42/1/1 45/1/1
f 49/3/1 44/3/1 43/3/1
f 50/3/1 44/3/1 49/3/1
f 53/3/1 48/3/1 47/3/1
f 54/3/1 48/3/1 53/3/1
f 55/1/1 52/1/1 51/1/1
f 56/1/1 52/1/1 55/1/1
f 61/2/1 58/2/1 57/2/1
f 62/2/1 58/2/1 61/2/1
f 67/2/1 60/2/1 59/2/1
f 68/2/1 60/2/1 67/2/1
f 71/2/1 63/2/1 62/2/1
f 71/2/1 64/2/1 63/2/1
f 72/2/1 64/2/1 71/2/1
f 75/3/1 70/3/1 69/3/1
f 76/3/1 70/3/1 75/3/1
f 79/2/1 66/2/1 65/2/1
f 79/2/1 67/2/1 66/2/1
f 80/2/1 67/2/1 79/2/1
f 81/2/1 64/2/1 72/2/1
f 82/2/1 64/2/1 81/2/1
f 84/1/1 74/1/1 73/1/1
f 85/1/1 74/1/1 84/1/1
f 86/1/1 74/1/1 85/1/1
f 87/1/1 78/1/1 77/1/1
f 88/1/1 78/1/1 87/1/1
f 89/1/1 78/1/1 88/1/1
f 91/2/1 79/2/1 65/2/1
f 92/2/1 79/2/1 91/2/1
f 93/3/1 83/3/1 82/3/1
f 93/3/1 82/3/1 81/3/1
f 94/3/1 83/3/1 93/3/1
f 101/3/1 92/3/1 91/3/1
f 101/3/1 91/3/1 90/3/1
f 102/3/1 92/3/1 101/3/1
f 103/1/1 96/1/1 95/1/1
f 103/1/1 97/1/1 96/1/1
f 104/1/1 97/1/1 103/1/1
f 107/1/1 100/1/1 99/1/1
f 107/1/1 99/1/1 98/1/1
f 108/1/1 100/1/1 107/1/1
f 109/3/1 106/3/1 105/3/1
f 110/3/1 106/3/1 109/3/1
f 119/3/1 112/3/1 111/3/1
f 120/3/1 112/3/1 119/3/1
f 121/3/1 114/3/1 113/3/1
f 122/3/1 114/3/1 121/3/1
f 127/2/1 116/2/1 115/2/1
f 128/2/1 116/2/1 127/2/1
f 129/1/1 118/1/1 117/1/1
f 130/1/1 118/1/1 129/1/1
f 131/1/1 118/1/1 130/1/1
f 132/1/1 124/1/1 123/1/1
f 133/1/1 124/1/1 132/1/1
f 134/1/1 124/1/1 133/1/1
f 135/2/1 126/2/1 125/2/1
f 136/2/1 126/2/1 135/2/1
f 137/3/1 128/3/1 127/3/1
f 138/3/1 128/3/1 137/3/1
f 145/3/1 136/3/1 135/3/1
f 146/3/1 136/3/1 145/3/1
f 147/1/1 140/1/1 139/1/1
f 147/1/1 141/1/1 140/1/1
f 148/1/1 141/1/1 147/1/1
f 153/1/1 144/1/1 143/1/1
f 153/1/1 143/1/1 142/1/1
f 154/1/1 144/1/1 153/1/1
f 155/3/1 150/3/1 149/3/1
f 156/3/1 150/3/1 155/3/1
f 157/3/1 152/3/1 151/3/1
f 158/3/1 152/3/1 157/3/1
f 163/1/1 160/1/1 159/1/1
f 164/1/1 160/1/1 163/1/1
f 165/1/1 160/1/1 164/1/1
f 166/1/1 160/1/1 165/1/1
f 171/3/1 162/3/1 161/3/1
f 172/3/1 162/3/1 171/3/1
f 173/3/1 168/3/1 167/3/1
f 174/3/1 168/3/1 173/3/1
f 179/1/1 170/1/1 169/1/1
f 180/1/1 170/1/1 179/1/1
f 181/1/1 176/1/1 175/1/1
f 182/1/1 176/1/1 181/1/1
f 185/3/1 178/3/1 177/3/1
f 186/3/1 178/3/1 185/3/1
f 191/3/1 184/3/1 183/3/1
f 192/3/1 184/3/1 191/3/1
f 193/1/1 188/1/1 187/1/1
f 194/1/1 188/1/1 193/1/1
f 197/1/1 190/1/1 189/1/1
f 198/1/1 190/1/1 197/1/1
f 199/3/1 195/3/1 194/3/1
f 200/3/1 195/3/1 199/3/1
f 205/3/1 197/3/1 196/3/1
f 206/3/1 197/3/1 205/3/1
f 207/1/1 204/1/1 203/1/1
f 207/1/1 202/1/1 201/1/1
f 207/1/1 203/1/1 202/1/1
f 208/1/1 204/1/1 207/1/1
f 215/1/1 210/1/1 209/1/1
f 216/1/1 210/1/1 215/1/1
f 217/1/1 210/1/1 216/1/1
f 218/1/1 212/1/1 211/1/1
f 219/1/1 212/1/1 218/1/1
f 220/1/1 212/1/1 219/1/1
f 225/3/1 214/3/1 213/3/1
f 226/3/1 214/3/1 225/3/1
f 227/3/1 222/3/1 221/3/1
f 228/3/1 222/3/1 227/3/1
f 233/1/1 224/1/1 223/1/1
f 234/1/1 224/1/1 233/1/1
f 235/1/1 230/1/1 229/1/1
f 236/1/1 230/1/1 235/1/1
f 239/3/1 232/3/1 231/3/1
f 240/3/1 232/3/1 239/3/1
f 245/3/1 238/3/1 237/3/1
f 246/3/1 238/3/1 245/3/1
f 247/1/1 242/1/1 241/1/1
f 248/1/1 242/1/1 247/1/1
f 251/1/1 244/1/1 243/1/1
f 252/1/1 244/1/1 251/1/1
f 253/3/1 249/3/1 248/3/1
f 254/3/1 249/3/1 253/3/1
f 261/3/1 251/3/1 250/3/1
f 262/3/1 251/3/1 261/3/1
f 263/1/1 256/1/1 255/1/1
f 263/1/1 257/1/1 256/1/1
f 264/1/1 257/1/1 263/1/1
f 267/1/1 260/1/1 259/1/1
f 267/1/1 259/1/1 258/1/1
f 268/1/1 260/1/1 267/1/1
f 269/3/1 266/3/1 265/3/1
f 270/3/1 266/3/1 269/3/1
f 275/2/1 272/2/1 271/2/1
f 278/2/1 274/2/1 273/2/1
f 279/2/1 276/2/1 275/2/1
f 279/2/1 275/2/1 271/2/1
f 280/2/1 276/2/1 279/2/1
f 281/2/1 278/2/1 277/2/1
f 281/2/1 274/2/1 278/2/1
f 282/2/1 274/2/1 281/2/1
f 283/2/1 276/2/1 280/2/1
f 284/2/1 276/2/1 283/2/1
f 285/2/1 281/2/1 277/2/1
f 286/2/1 281/2/1 285/2/1
f 291/3/1 288/3/1 287/3/1
f 292/3/1 288/3/1 291/3/1
f 297/1/1 290/1/1 289/1/1
f 298/1/1 290/1/1 297/1/1
f 299/1/1 294/1/1 293/1/1
f 300/1/1 294/1/1 299/1/1
f 305/3/1 296/3/1 295/3/1
f 306/3/1 296/3/1 305/3/1
f 307/3/1 302/3/1 301/3/1
f 308/3/1 302/3/1 307/3/1
f 313/1/1 304/1/1 303/1/1
f 314/1/1 304/1/1 313/1/1
f 315/1/1 310/1/1 309/1/1
f 316/1/1 310/1/1 315/1/1
f 319/3/1 312/3/1 311/3/1
f 320/3/1 312/3/1 319/3/1
f 325/3/1 318/3/1 317/3/1
f 326/3/1 318/3/1 325/3/1
f 327/1/1 322/1/1 321/1/1
f 328/1/1 322/1/1 327/1/1
f 331/1/1 324/1/1 323/1/1
f 332/1/1 324/1/1 331/1/1
f 333/3/1 329/3/1 328/3/1
f 334/3/1 329/3/1 333/3/1
f 339/3/1 331/3/1 330/3/1
f 340/3/1 331/3/1 339/3/1
f 341/1/1 336/1/1 335/1/1
f 342/1/1 336/1/1 341/1/1
f 347/1/1 338/1/1 337/1/1
f 348/1/1 338/1/1 347/1/1
f 349/3/1 344/3/1 343/3/1
f 350/3/1 344/3/1 349/3/1
f 351/3/1 346/3/1 345/3/1
f 352/3/1 346/3/1 351/3/1
f 357/2/1 354/2/1 353/2/1
f 358/2/1 354/2/1 357/2/1
f 363/2/1 356/2/1 355/2/1
f 364/2/1 356/2/1 363/2/1
f 365/2/1 359/2/1 358/2/1
f 365/2/1 360/2/1 359/2/1
f 366/2/1 360/2/1 365/2/1
f 371/2/1 362/2/1 361/2/1
f 371/2/1 363/2/1 362/2/1
f 372/2/1 363/2/1 371/2/1
f 373/2/1 360/2/1 366/2/1
f 374/2/1 360/2/1 373/2/1
f 377/3/1 368/3/1 367/3/1
f 378/3/1 368/3/1 377/3/1
f 379/3/1 370/3/1 369/3/1
f 380/3/1 370/3/1 379/3/1
f 383/2/1 371/2/1 361/2/1
f 384/2/1 371/2/1 383/2/1
f 387/1/1 376/1/1 375/1/1
f 388/1/1 376/1/1 387/1/1
f 389/1/1 382/1/1 381/1/1
f 390/1/1 382/1/1 389/1/1
f 395/3/1 386/3/1 385/3/1
f 396/3/1 386/3/1 395/3/1
f 397/3/1 392/3/1 391/3/1
f 398/3/1 392/3/1 397/3/1
f 403/1/1 394/1/1 393/1/1
f 404/1/1 394/1/1 403/1/1
f 405/1/1 400/1/1 399/1/1
f 406/1/1 400/1/1 405/1/1
f 409/3/1 402/3/1 401/3/1
f 410/3/1 402/3/1 409/3/1
f 415/3/1 408/3/1 407/3/1
f 416/3/1 408/3/1 415/3/1
f 417/1/1 412/1/1 411/1/1
f 418/1/1 412/1/1 417/1/1
f 421/1/1 414/1/1 413/1/1
f 422/1/1 414/1/1 421/1/1
f 423/3/1 419/3/1 418/3/1
f 424/3/1 419/3/1 423/3/1
f 429/3/1 421/3/1 420/3/1
f 430/3/1 421/3/1 429/3/1
f 431/1/1 426/1/1 425/1/1
f 432/1/1 426/1/1 431/1/1
f 437/1/1 428/1/1 427/1/1
f 438/1/1 428/1/1 437/1/1
f 439/3/1 434/3/1 433/3/1
f 440/3/1 434/3/1 439/3/1
f 441/3/1 436/3/1 435/3/1
f 442/3/1 436/3/1 441/3/1
f 451/2/1 444/2/1 443/2/1
f 452/2/1 444/2/1 451/2/1
f 457/3/1 446/3/1 445/3/1
f 458/3/1 446/3/1 457/3/1
f 459/3/1 448/3/1 447/3/1
f 460/3/1 448/3/1 459/3/1
f 465/2/1 450/2/1 449/2/1
f 466/2/1 450/2/1 465/2/1
f 469/1/1 456/1/1 455/1/1
f 470/1/1 456/1/1 469/1/1
f 471/1/1 462/1/1 461/1/1
f 472/1/1 462/1/1 471/1/1
f 475/2/1 453/2/1 452/2/1
f 475/2/1 454/2/1 453/2/1
f 476/2/1 454/2/1 475/2/1
f 479/3/1 468/3/1 467/3/1
f 480/3/1 468/3/1 479/3/1
f 481/3/1 474/3/1 473/3/1
f 482/3/1 474/3/1 481/3/1
f 485/2/1 464/2/1 463/2/1
f 485/2/1 465/2/1 464/2/1
f 486/2/1 465/2/1 485/2/1
f 487/2/1 454/2/1 476/2/1
f 488/2/1 454/2/1 487/2/1
f 489/1/1 478/1/1 477/1/1
f 490/1/1 478/1/1 489/1/1
f 491/1/1 484/1/1 483/1/1
f 492/1/1 484/1/1 491/1/1
f 493/2/1 485/2/1 463/2/1
f 494/2/1 485/2/1 493/2/1
f 495/3/1 488/3/1 487/3/1
f 496/3/1 488/3/1 495/3/1
f 501/3/1 494/3/1 493/3/1
f 502/3/1 494/3/1 501/3/1
f 503/1/1 498/1/1 497/1/1
f 504/1/1 498/1/1 503/1/1
f 507/1/1 500/1/1 499/1/1
f 508/1/1 500/1/1 507/1/1
f 509/3/1 505/3/1 504/3/1
f 510/3/1 505/3/1 509/3/1
f 515/3/1 507/3/1 506/3/1
f 516/3/1 507/3/1 515/3/1
f 517/1/1 512/1/1 511/1/1
f 518/1/1 512/1/1 517/1/1
f 523/1/1 514/1/1 513/1/1
f 524/1/1 514/1/1 523/1/1
f 525/3/1 520/3/1 519/3/1
f 526/3/1 520/3/1 525/3/1
f 529/3/1 522/3/1 521/3/1
f 530/3/1 522/3/1 529/3/1
f 531/3/1 528/3/1 527/3/1
f 532/3/1 528/3/1 531/3/1
f 539/3/1 534/3/1 533/3/1
f 540/3/1 534/3/1 539/3/1
f 541/3/1 536/3/1 535/3/1
f 542/3/1 536/3/1 541/3/1
f 547/1/1 538/1/1 537/1/1
f 548/1/1 538/1/1 547/1/1
f 549/1/1 544/1/1 543/1/1
f 550/1/1 544/1/1 549/1/1
f 557/3/1 546/3/1 545/3/1
f 558/3/1 546/3/1 557/3/1
f 559/3/1 552/3/1 551/3/1
f 560/3/1 552/3/1 559/3/1
f 565/2/1 554/2/1 553/2/1
f 566/2/1 554/2/1 565/2/1
f 567/1/1 556/1/1 555/1/1
f 568/1/1 556/1/1 567/1/1
f 569/1/1 562/1/1 561/1/1
f 570/1/1 562/1/1 569/1/1
f 571/2/1 564/2/1 563/2/1
f 572/2/1 564/2/1 571/2/1
f 573/3/1 566/3/1 565/3/1
f 574/3/1 566/3/1 573/3/1
f 579/3/1 572/3/1 571/3/1
f 580/3/1 572/3/1 579/3/1
f 581/1/1 576/1/1 575/1/1
f 582/1/1 576/1/1 581/1/1
f 583/1/1 578/1/1 577/1/1
f 584/1/1 578/1/1 583/1/1
f 589/1/1 586/1/1 585/1/1
f 590/1/1 586/1/1 589/1/1
f 595/1/1 588/1/1 587/1/1
f 596/1/1 588/1/1 595/1/1
f 597/3/1 592/3/1 591/3/1
f 598/3/1 592/3/1 597/3/1
f 603/3/1 594/3/1 593/3/1
f 604/3/1 594/3/1 603/3/1
f 605/3/1 600/3/1 599/3/1
f 606/3/1 600/3/1 605/3/1
f 607/3/1 602/3/1 601/3/1
f 608/3/1 602/3/1 607/3/1
f 613/1/1 610/1/1 609/1/1
f 614/1/1 610/1/1 613/1/1
f 619/3/1 612/3/1 611/3/1
f 620/3/1 612/3/1 619/3/1
f 621/3/1 616/3/1 615/3/1
f 622/3/1 616/3/1 621/3/1
f 627/1/1 618/1/1 617/1/1
f 628/1/1 618/1/1 627/1/1
f 629/1/1 624/1/1 623/1/1
f 630/1/1 624/1/1 629/1/1
f 635/3/1 626/3/1 625/3/1
f 636/3/1 626/3/1 635/3/1
f 637/3/1 632/3/1 631/3/1
f 638/3/1 632/3/1 637/3/1
f 641/1/1 634/1/1 633/1/1
f 642/1/1 634/1/1 641/1/1
f 643/1/1 640/1/1 639/1/1
f 644/1/1 640/1/1 643/1/1
f 649/1/1 646/1/1 645/1/1
f 650/1/1 646/1/1 649/1/1
f 655/1/1 648/1/1 647/1/1
f 656/1/1 648/1/1 655/1/1
f 657/3/1 652/3/1 651/3/1
f 658/3/1 652/3/1 657/3/1
f 659/3/1 654/3/1 653/3/1
f 660/3/1 654/3/1 659/3/1
f 665/3/1 662/3/1 661/3/1
f 666/3/1 662/3/1 665/3/1
f 671/3/1 664/3/1 663/3/1
f 672/3/1 664/3/1 671/3/1
f 673/3/1 668/3/1 667/3/1
f 674/3/1 668/3/1 673/3/1
f 675/3/1 670/3/1 669/3/1
f 676/3/1 670/3/1 675/3/1
f 683/1/1 678/1/1 677/1/1
f 684/1/1 678/1/1 683/1/1
f 685/1/1 680/1/1 679/1/1
f 686/1/1 680/1/1 685/1/1
f 691/3/1 682/3/1 681/3/1
f 692/3/1 682/3/1 691/3/1
f 693/3/1 688/3/1 687/3/1
f 694/3/1 688/3/1 693/3/1
f 699/1/1 690/1/1 689/1/1
f 700/1/1 690/1/1 699/1/1
f 701/1/1 696/1/1 695/1/1
f 702/1/1 696/1/1 701/1/1
f 705/3/1 698/3/1 697/3/1
f 706/3/1 698/3/1 705/3/1
f 707/3/1 704/3/1 703/3/1
f 708/3/1 704/3/1 707/3/1
f 713/3/1 710/3/1 709/3/1
f 714/3/1 710/3/1 713/3/1
f 715/3/1 712/3/1 711/3/1
f 716/3/1 712/3/1 715/3/1
f 721/3/1 718/3/1 717/3/1
f 722/3/1 718/3/1 721/3/1
f 727/3/1 720/3/1 719/3/1
f 728/3/1 720/3/1 727/3/1
f 729/1/1 724/1/1 723/1/1
f 730/1/1 724/1/1 729/1/1
f 731/1/1 726/1/1 725/1/1
f 732/1/1 726/1/1 731/1/1
f 737/3/1 734/3/1 733/3/1
f 738/3/1 734/3/1 737/3/1
f 741/3/1 736/3/1 735/3/1
f 742/3/1 736/3/1 741/3/1
f 743/3/1 740/3/1 739/3/1
f 744/3/1 740/3/1 743/3/1
f 751/1/1 746/1/1 745/1/1
f 752/1/1 746/1/1 751/1/1
f 753/1/1 748/1/1 747/1/1
f 754/1/1 748/1/1 753/1/1
f 759/3/1 750/3/1 749/3/1
f 760/3/1 750/3/1 759/3/1
f 761/3/1 756/3/1 755/3/1
f 762/3/1 756/3/1 761/3/1
f 765/1/1 758/1/1 757/1/1
f 766/1/1 758/1/1 765/1/1
f 767/1/1 764/1/1 763/1/1
f 768/1/1 764/1/1 767/1/1
f 773/1/1 770/1/1 769/1/1
f 774/1/1 770/1/1 773/1/1
f 775/1/1 772/1/1 771/1/1
f 776/1/1 772/1/1 775/1/1
f 781/1/1 778/1/1 777/1/1
f 782/1/1 778/1/1 781/1/1
f 783/1/1 780/1/1 779/1/1
f 784/1/1 780/1/1 783/1/1
f 789/1/1 786/1/1 785/1/1
f 790/1/1 786/1/1 789/1/1
f 795/1/1 788/1/1 787/1/1
f 796/1/1 788/1/1 795/1/1
f 797/3/1 792/3/1 791/3/1
f 798/3/1 792/3/1 797/3/1
f 799/3/1 794/3/1 793/3/1
f 800/3/1 794/3/1 799/3/1
f 805/3/1 802/3/1 801/3/1
f 806/3/1 802/3/1 805/3/1
f 807/3/1 804/3/1 803/3/1
f 808/3/1 804/3/1 807/3/1
f 813/3/1 810/3/1 809/3/1
f 814/3/1 810/3/1 813/3/1
f 819/1/1 812/1/1 811/1/1
f 820/1/1 812/1/1 819/1/1
f 821/1/1 816/1/1 815/1/1
f 822/1/1 816/1/1 821/1/1
f 825/3/1 818/3/1 817/3/1
f 826/3/1 818/3/1 825/3/1
f 827/3/1 824/3/1 823/3/1
f 828/3/1 824/3/1 827/3/1
f 833/3/1 830/3/1 829/3/1
f 834/3/1 830/3/1 833/3/1
f 835/3/1 832/3/1 831/3/1
f 836/3/1 832/3/1 835/3/1
f 841/3/1 838/3/1 837/3/1
f 842/3/1 838/3/1 841/3/1
f 843/3/1 840/3/1 839/3/1
f 844/3/1 840/3/1 843/3/1
f 849/3/1 846/3/1 845/3/1
f 850/3/1 846/3/1 849/3/1
f 851/3/1 848/3/1 847/3/1
f 852/3/1 848/3/1 851/3/1
f 857/3/1 854/3/1 853/3/1
f 858/3/1 854/3/1 857/3/1
f 863/3/1 856/3/1 855/3/1
f 864/3/1 856/3/1 863/3/1
f 865/3/1 860/3/1 859/3/1
f 866/3/1 860/3/1 865/3/1
f 867/3/1 862/3/1 861/3/1
f 868/3/1 862/3/1 867/3/1
f 875/3/1 870/3/1 869/3/1
f 876/3/1 870/3/1 875/3/1
f 877/3/1 872/3/1 871/3/1
f 878/3/1 872/3/1 877/3/1
f 881/1/1 874/1/1 873/1/1
f 882/1/1 874/1/1 881/1/1
f 883/1/1 880/1/1 879/1/1
f 884/1/1 880/1/1 883/1/1
f 889/1/1 886/1/1 885/1/1
f 890/1/1 886/1/1 889/1/1
f 891/1/1 888/1/1 887/1/1
f 892/1/1 888/1/1 891/1/1
f 897/1/1 894/1/1 893/1/1
f 898/1/1 894/1/1 897/1/1
f 899/1/1 896/1/1 895/1/1
f 900/1/1 896/1/1 899/1/1
f 905/1/1 902/1/1 901/1/1
f 906/1/1 902/1/1 905/1/1
f 907/1/1 904/1/1 903/1/1
f 908/1/1 904/1/1 907/1/1
f 913/1/1 910/1/1 909/1/1
f 914/1/1 910/1/1 913/1/1
f 915/1/1 912/1/1 911/1/1
f 916/1/1 912/1/1 915/1/1
f 921/3/1 918/3/1 917/3/1
f 922/3/1 918/3/1 921/3/1
f 927/3/1 920/3/1 919/3/1
f 928/3/1 920/3/1 927/3/1
f 929/3/1 924/3/1 923/3/1
f 930/3/1 924/3/1 929/3/1
f 931/3/1 926/3/1 925/3/1
f 932/3/1 926/3/1 931/3/1
f 937/3/1 934/3/1 933/3/1
f 938/3/1 934/3/1 937/3/1
f 939/3/1 936/3/1 935/3/1
f 940/3/1 936/3/1 939/3/1
f 945/3/1 942/3/1 941/3/1
f 946/3/1 942/3/1 945/3/1
f 947/3/1 944/3/1 943/3/1
f 948/3/1 944/3/1 947/3/1
f 953/3/1 950/3/1 949/3/1
f 954/3/1 950/3/1 953/3/1
f 955/3/1 952/3/1 951/3/1
f 956/3/1 952/3/1 955/3/1
f 961/3/1 958/3/1 957/3/1
f 962/3/1 958/3/1 961/3/1
f 963/3/1 960/3/1 959/3/1
f 964/3/1 960/3/1 963/3/1
f 969/3/1 966/3/1 965/3/1
f 970/3/1 966/3/1 969/3/1
f 971/3/1 968/3/1 967/3/1
f 972/3/1 968/3/1 971/3/1
f 977/3/1 974/3/1 973/3/1
f 978/3/1 974/3/1 977/3/1
f 981/3/1 976/3/1 975/3/1
f 982/3/1 976/3/1 981/3/1
f 983/1/1 980/1/1 979/1/1
f 984/1/1 980/1/1 983/1/1
f 989/2/1 986/2/1 985/2/1
f 990/2/1 988/2/1 987/2/1
f 991/2/1 989/2/1 985/2/1
f 992/2/1 989/2/1 991/2/1
f 993/2/1 988/2/1 990/2/1
f 994/2/1 988/2/1 993/2/1
f 999/2/1 996/2/1 995/2/1
f 1000/2/1 996/2/1 999/2/1
f 1005/2/1 998/2/1 997/2/1
f 1006/2/1 998/2/1 1005/2/1
f 1007/2/1 1002/2/1 1001/2/1
f 1008/2/1 1004/2/1 1003/2/1
f 1009/2/1 1007/2/1 1001/2/1
f 1010/2/1 1007/2/1 1009/2/1
f 1011/2/1 1004/2/1 1008/2/1
f 1012/2/1 1004/2/1 1011/2/1
f 1017/2/1 1014/2/1 1013/2/1
f 1018/2/1 1014/2/1 1017/2/1
f 1023/2/1 1016/2/1 1015/2/1
f 1024/2/1 1016/2/1 1023/2/1
f 1025/2/1 1020/2/1 1019/2/1
f 1026/2/1 1020/2/1 1025/2/1
f 1027/2/1 1022/2/1 1021/2/1
f 1028/2/1 1022/2/1 1027/2/1
f 1033/2/1 1030/2/1 1029/2/1
f 1034/2/1 1030/2/1 1033/2/1
f 1037/2/1 1032/2/1 1031/2/1
f 1038/2/1 1032/2/1 1037/2/1
f 1039/2/1 1035/2/1 1034/2/1
f 1040/2/1 1035/2/1 1039/2/1
f 1041/2/1 1037/2/1 1036/2/1
f 1042/2/1 1037/2/1 1041/2/1
f 1047/2/1 1044/2/1 1043/2/1
f 1048/2/1 1046/2/1 1045/2/1
f 1049/2/1 1047/2/1 1043/2/1
f 1050/2/1 1047/2/1 1049/2/1
f 1051/2/1 1046/2/1 1048/2/1
f 1052/2/1 1046/2/1 1051/2/1
f 1057/2/1 1054/2/1 1053/2/1
f 1058/2/1 1054/2/1 1057/2/1
f 1063/2/1 1056/2/1 1055/2/1
f 1064/2/1 1056/2/1 1063/2/1
f 1065/2/1 1060/2/1 1059/2/1
f 1066/2/1 1062/2/1 1061/2/1
f 1067/2/1 1065/2/1 1059/2/1
f 1068/2/1 1065/2/1 1067/2/1
f 1069/2/1 1062/2/1 1066/2/1
f 1070/2/1 1062/2/1 1069/2/1
f 1075/2/1 1072/2/1 1071/2/1
f 1076/2/1 1072/2/1 1075/2/1
f 1081/2/1 1074/2/1 1073/2/1
f 1082/2/1 1074/2/1 1081/2/1
f 1083/2/1 1078/2/1 1077/2/1
f 1084/2/1 1078/2/1 1083/2/1
f 1085/2/1 1080/2/1 1079/2/1
f 1086/2/1 1080/2/1 1085/2/1
f 1091/2/1 1088/2/1 1087/2/1
f 1092/2/1 1088/2/1 1091/2/1
f 1095/2/1 1090/2/1 1089/2/1
f 1096/2/1 1090/2/1 1095/2/1
f 1097/2/1 1093/2/1 1092/2/1
f 1098/2/1 1093/2/1 1097/2/1
f 1099/2/1 1095/2/1 1094/2/1
f 1100/2/1 1095/2/1 1099/2/1
f 1101/2/2 1102/2/2 1105/2/2
f 1105/2/2 1102/2/2 1106/2/2
f 1103/2/2 1104/2/2 1109/2/2
f 1109/2/2 1104/2/2 1110/2/2
f 1106/2/2 1107/2/2 1111/2/2
f 1111/2/2 1107/2/2 1112/2/2
f 1108/2/2 1109/2/2 1113/2/2
f 1113/2/2 1109/2/2 1114/2/2
f 1115/2/2 1116/2/2 1119/2/2
f 1119/2/2 1116/2/2 1120/2/2
f 1117/2/2 1118/2/2 1125/2/2
f 1125/2/2 1118/2/2 1126/2/2
f 1121/2/2 1122/2/2 1127/2/2
f 1127/2/2 1122/2/2 1128/2/2
f 1123/2/2 1124/2/2 1129/2/2
f 1129/2/2 1124/2/2 1130/2/2
f 1131/2/2 1132/2/2 1135/2/2
f 1135/2/2 1132/2/2 1136/2/2
f 1133/2/2 1134/2/2 1141/2/2
f 1141/2/2 1134/2/2 1142/2/2
f 1137/2/2 1138/2/2 1143/2/2
f 1139/2/2 1140/2/2 1144/2/2
f 1137/2/2 1143/2/2 1145/2/2
f 1145/2/2 1143/2/2 1146/2/2
f 1144/2/2 1140/2/2 1147/2/2
f 1147/2/2 1140/2/2 1148/2/2
f 1149/2/2 1150/2/2 1153/2/2
f 1151/2/2 1152/2/2 1154/2/2
f 1149/2/2 1153/2/2 1155/2/2
f 1155/2/2 1153/2/2 1156/2/2
f 1154/2/2 1152/2/2 1157/2/2
f 1157/2/2 1152/2/2 1158/2/2
f 1159/2/2 1160/2/2 1163/2/2
f 1163/2/2 1160/2/2 1164/2/2
f 1161/2/2 1162/2/2 1167/2/2
f 1167/2/2 1162/2/2 1168/2/2
f 1164/2/2 1165/2/2 1169/2/2
f 1169/2/2 1165/2/2 1170/2/2
f 1166/2/2 1167/2/2 1171/2/2
f 1171/2/2 1167/2/2 1172/2/2
f 1173/2/2 1174/2/2 1177/2/2
f 1177/2/2 1174/2/2 1178/2/2
f 1175/2/2 1176/2/2 1183/2/2
f 1183/2/2 1176/2/2 1184/2/2
f 1179/2/2 1180/2/2 1185/2/2
f 1185/2/2 1180/2/2 1186/2/2
f 1181/2/2 1182/2/2 1187/2/2
f 1187/2/2 1182/2/2 1188/2/2
f 1189/2/2 1190/2/2 1193/2/2
f 1193/2/2 1190/2/2 1194/2/2
f 1191/2/2 1192/2/2 1199/2/2
f 1199/2/2 1192/2/2 1200/2/2
f 1195/2/2 1196/2/2 1201/2/2
f 1197/2/2 1198/2/2 1202/2/2
f 1195/2/2 1201/2/2 1203/2/2
f 1203/2/2 1201/2/2 1204/2/2
f 1202/2/2 1198/2/2 1205/2/2
f 1205/2/2 1198/2/2 1206/2/2
f 1207/2/2 1208/2/2 1211/2/2
f 1209/2/2 1210/2/2 1212/2/2
f 1207/2/2 1211/2/2 1213/2/2
f 1213/2/2 1211/2/2 1214/2/2
f 1212/2/2 1210/2/2 1215/2/2
f 1215/2/2 1210/2/2 1216/2/2
f 1217/3/2 1218/3/2 1221/3/2
f 1221/3/2 1218/3/2 1222/3/2
f 1219/3/2 1220/3/2 1223/3/2
f 1223/3/2 1220/3/2 1224/3/2
f 1225/3/2 1226/3/2 1229/3/2
f 1229/3/2 1226/3/2 1230/3/2
f 1227/3/2 1228/3/2 1231/3/2
f 1231/3/2 1228/3/2 1232/3/2
f 1233/3/2 1234/3/2 1237/3/2
f 1237/3/2 1234/3/2 1238/3/2
f 1235/3/2 1236/3/2 1239/3/2
f 1239/3/2 1236/3/2 1240/3/2
f 1241/3/2 1242/3/2 1245/3/2
f 1245/3/2 1242/3/2 1246/3/2
f 1243/3/2 1244/3/2 1247/3/2
f 1247/3/2 1244/3/2 1248/3/2
f 1249/3/2 1250/3/2 1253/3/2
f 1253/3/2 1250/3/2 1254/3/2
f 1251/3/2 1252/3/2 1255/3/2
f 1255/3/2 1252/3/2 1256/3/2
f 1257/3/2 1258/3/2 1261/3/2
f 1261/3/2 1258/3/2 1262/3/2
f 1259/3/2 1260/3/2 1265/3/2
f 1265/3/2 1260/3/2 1266/3/2
f 1263/1/2 1264/1/2 1267/1/2
f 1267/1/2 1264/1/2 1268/1/2
f 1269/3/2 1270/3/2 1275/3/2
f 1275/3/2 1270/3/2 1276/3/2
f 1271/3/2 1272/3/2 1277/3/2
f 1277/3/2 1272/3/2 1278/3/2
f 1273/1/2 1274/1/2 1281/1/2
f 1281/1/2 1274/1/2 1282/1/2
f 1279/1/2 1280/1/2 1283/1/2
f 1283/1/2 1280/1/2 1284/1/2
f 1285/1/2 1286/1/2 1289/1/2
f 1289/1/2 1286/1/2 1290/1/2
f 1287/1/2 1288/1/2 1291/1/2
f 1291/1/2 1288/1/2 1292/1/2
f 1293/1/2 1294/1/2 1297/1/2
f 1297/1/2 1294/1/2 1298/1/2
f 1295/1/2 1296/1/2 1299/1/2
f 1299/1/2 1296/1/2 1300/1/2
f 1301/1/2 1302/1/2 1305/1/2
f 1305/1/2 1302/1/2 1306/1/2
f 1303/1/2 1304/1/2 1307/1/2
f 1307/1/2 1304/1/2 1308/1/2
f 1309/1/2 1310/1/2 1313/1/2
f 1313/1/2 1310/1/2 1314/1/2
f 1311/1/2 1312/1/2 1315/1/2
f 1315/1/2 1312/1/2 1316/1/2
f 1317/3/2 1318/3/2 1321/3/2
f 1321/3/2 1318/3/2 1322/3/2
f 1319/3/2 1320/3/2 1327/3/2
f 1327/3/2 1320/3/2 1328/3/2
f 1323/3/2 1324/3/2 1329/3/2
f 1329/3/2 1324/3/2 1330/3/2
f 1325/3/2 1326/3/2 1331/3/2
f 1331/3/2 1326/3/2 1332/3/2
f 1333/3/2 1334/3/2 1337/3/2
f 1337/3/2 1334/3/2 1338/3/2
f 1335/1/2 1336/1/2 1343/1/2
f 1343/1/2 1336/1/2 1344/1/2
f 1339/1/2 1340/1/2 1345/1/2
f 1345/1/2 1340/1/2 1346/1/2
f 1341/3/2 1342/3/2 1349/3/2
f 1349/3/2 1342/3/2 1350/3/2
f 1347/3/2 1348/3/2 1351/3/2
f 1351/3/2 1348/3/2 1352/3/2
f 1353/3/2 1354/3/2 1357/3/2
f 1357/3/2 1354/3/2 1358/3/2
f 1355/3/2 1356/3/2 1359/3/2
f 1359/3/2 1356/3/2 1360/3/2
f 1361/3/2 1362/3/2 1365/3/2
f 1365/3/2 1362/3/2 1366/3/2
f 1363/3/2 1364/3/2 1367/3/2
f 1367/3/2 1364/3/2 1368/3/2
f 1369/3/2 1370/3/2 1373/3/2
f 1373/3/2 1370/3/2 1374/3/2
f 1371/3/2 1372/3/2 1375/3/2
f 1375/3/2 1372/3/2 1376/3/2
f 1377/3/2 1378/3/2 1381/3/2
f 1381/3/2 1378/3/2 1382/3/2
f 1379/3/2 1380/3/2 1387/3/2
f 1387/3/2 1380/3/2 1388/3/2
f 1383/3/2 1384/3/2 1389/3/2
f 1389/3/2 1384/3/2 1390/3/2
f 1385/3/2 1386/3/2 1391/3/2
f 1391/3/2 1386/3/2 1392/3/2
f 1393/1/2 1394/1/2 1399/1/2
f 1399/1/2 1394/1/2 1400/1/2
f 1395/1/2 1396/1/2 1401/1/2
f 1401/1/2 1396/1/2 1402/1/2
f 1397/3/2 1398/3/2 1407/3/2
f 1407/3/2 1398/3/2 1408/3/2
f 1403/3/2 1404/3/2 1409/3/2
f 1409/3/2 1404/3/2 1410/3/2
f 1405/1/2 1406/1/2 1413/1/2
f 1413/1/2 1406/1/2 1414/1/2
f 1411/1/2 1412/1/2 1415/1/2
f 1415/1/2 1412/1/2 1416/1/2
f 1417/1/2 1418/1/2 1421/1/2
f 1421/1/2 1418/1/2 1422/1/2
f 1419/1/2 1420/1/2 1423/1/2
f 1423/1/2 1420/1/2 1424/1/2
f 1425/1/2 1426/1/2 1429/1/2
f 1429/1/2 1426/1/2 1430/1/2
f 1427/1/2 1428/1/2 1431/1/2
f 1431/1/2 1428/1/2 1432/1/2
f 1433/1/2 1434/1/2 1437/1/2
f 1437/1/2 1434/1/2 1438/1/2
f 1435/1/2 1436/1/2 1443/1/2
f 1443/1/2 1436/1/2 1444/1/2
f 1439/3/2 1440/3/2 1445/3/2
f 1445/3/2 1440/3/2 1446/3/2
f 1441/3/2 1442/3/2 1447/3/2
f 1447/3/2 1442/3/2 1448/3/2
f 1449/3/2 1450/3/2 1453/3/2
f 1453/3/2 1450/3/2 1454/3/2
f 1451/3/2 1452/3/2 1455/3/2
f 1455/3/2 1452/3/2 1456/3/2
f 1457/1/2 1458/1/2 1463/1/2
f 1463/1/2 1458/1/2 1464/1/2
f 1459/1/2 1460/1/2 1465/1/2
f 1465/1/2 1460/1/2 1466/1/2
f 1461/3/2 1462/3/2 1471/3/2
f 1471/3/2 1462/3/2 1472/3/2
f 1467/3/2 1468/3/2 1473/3/2
f 1473/3/2 1468/3/2 1474/3/2
f 1469/1/2 1470/1/2 1479/1/2
f 1479/1/2 1470/1/2 1480/1/2
f 1475/1/2 1476/1/2 1481/1/2
f 1481/1/2 1476/1/2 1482/1/2
f 1477/3/2 1478/3/2 1485/3/2
f 1485/3/2 1478/3/2 1486/3/2
f 1483/3/2 1484/3/2 1487/3/2
f 1487/3/2 1484/3/2 1488/3/2
f 1489/3/2 1490/3/2 1493/3/2
f 1493/3/2 1490/3/2 1494/3/2
f 1491/3/2 1492/3/2 1495/3/2
f 1495/3/2 1492/3/2 1496/3/2
f 1497/3/2 1498/3/2 1501/3/2
f 1501/3/2 1498/3/2 1502/3/2
f 1499/3/2 1500/3/2 1507/3/2
f 1507/3/2 1500/3/2 1508/3/2
f 1503/1/2 1504/1/2 1509/1/2
f 1509/1/2 1504/1/2 1510/1/2
f 1505/1/2 1506/1/2 1511/1/2
f 1511/1/2 1506/1/2 1512/1/2
f 1513/3/2 1514/3/2 1517/3/2
f 1517/3/2 1514/3/2 1518/3/2
f 1515/3/2 1516/3/2 1521/3/2
f 1521/3/2 1516/3/2 1522/3/2
f 1519/3/2 1520/3/2 1523/3/2
f 1523/3/2 1520/3/2 1524/3/2
f 1525/1/2 1526/1/2 1529/1/2
f 1529/1/2 1526/1/2 1530/1/2
f 1527/3/2 1528/3/2 1535/3/2
f 1535/3/2 1528/3/2 1536/3/2
f 1531/3/2 1532/3/2 1537/3/2
f 1537/3/2 1532/3/2 1538/3/2
f 1533/1/2 1534/1/2 1543/1/2
f 1543/1/2 1534/1/2 1544/1/2
f 1539/1/2 1540/1/2 1545/1/2
f 1545/1/2 1540/1/2 1546/1/2
f 1541/3/2 1542/3/2 1551/3/2
f 1551/3/2 1542/3/2 1552/3/2
f 1547/3/2 1548/3/2 1553/3/2
f 1553/3/2 1548/3/2 1554/3/2
f 1549/1/2 1550/1/2 1557/1/2
f 1557/1/2 1550/1/2 1558/1/2
f 1555/1/2 1556/1/2 1559/1/2
f 1559/1/2 1556/1/2 1560/1/2
f 1561/1/2 1562/1/2 1565/1/2
f 1565/1/2 1562/1/2 1566/1/2
f 1563/1/2 1564/1/2 1571/1/2
f 1571/1/2 1564/1/2 1572/1/2
f 1567/3/2 1568/3/2 1573/3/2
f 1573/3/2 1568/3/2 1574/3/2
f 1569/3/2 1570/3/2 1575/3/2
f 1575/3/2 1570/3/2 1576/3/2
f 1577/3/2 1578/3/2 1581/3/2
f 1581/3/2 1578/3/2 1582/3/2
f 1579/3/2 1580/3/2 1587/3/2
f 1587/3/2 1580/3/2 1588/3/2
f 1583/3/2 1584/3/2 1589/3/2
f 1589/3/2 1584/3/2 1590/3/2
f 1585/3/2 1586/3/2 1591/3/2
f 1591/3/2 1586/3/2 1592/3/2
f 1593/3/2 1594/3/2 1599/3/2
f 1599/3/2 1594/3/2 1600/3/2
f 1595/3/2 1596/3/2 1601/3/2
f 1601/3/2 1596/3/2 1602/3/2
f 1597/1/2 1598/1/2 1607/1/2
f 1607/1/2 1598/1/2 1608/1/2
f 1603/1/2 1604/1/2 1609/1/2
f 1609/1/2 1604/1/2 1610/1/2
f 1605/3/2 1606/3/2 1617/3/2
f 1617/3/2 1606/3/2 1618/3/2
f 1611/3/2 1612/3/2 1619/3/2
f 1619/3/2 1612/3/2 1620/3/2
f 1613/2/2 1614/2/2 1625/2/2
f 1625/2/2 1614/2/2 1626/2/2
f 1615/1/2 1616/1/2 1627/1/2
f 1627/1/2 1616/1/2 1628/1/2
f 1621/1/2 1622/1/2 1629/1/2
f 1629/1/2 1622/1/2 1630/1/2
f 1623/2/2 1624/2/2 1631/2/2
f 1631/2/2 1624/2/2 1632/2/2
f 1625/3/2 1626/3/2 1633/3/2
f 1633/3/2 1626/3/2 1634/3/2
f 1631/3/2 1632/3/2 1639/3/2
f 1639/3/2 1632/3/2 1640/3/2
f 1635/1/2 1636/1/2 1641/1/2
f 1641/1/2 1636/1/2 1642/1/2
f 1637/1/2 1638/1/2 1643/1/2
f 1643/1/2 1638/1/2 1644/1/2
f 1645/1/2 1646/1/2 1649/1/2
f 1649/1/2 1646/1/2 1650/1/2
f 1647/1/2 1648/1/2 1655/1/2
f 1655/1/2 1648/1/2 1656/1/2
f 1651/3/2 1652/3/2 1657/3/2
f 1657/3/2 1652/3/2 1658/3/2
f 1653/3/2 1654/3/2 1663/3/2
f 1663/3/2 1654/3/2 1664/3/2
f 1659/3/2 1660/3/2 1665/3/2
f 1665/3/2 1660/3/2 1666/3/2
f 1661/3/2 1662/3/2 1667/3/2
f 1667/3/2 1662/3/2 1668/3/2
f 1669/2/2 1670/2/2 1677/2/2
f 1677/2/2 1670/2/2 1678/2/2
f 1671/3/2 1672/3/2 1683/3/2
f 1683/3/2 1672/3/2 1684/3/2
f 1673/3/2 1674/3/2 1685/3/2
f 1685/3/2 1674/3/2 1686/3/2
f 1675/2/2 1676/2/2 1691/2/2
f 1691/2/2 1676/2/2 1692/2/2
f 1681/1/2 1682/1/2 1695/1/2
f 1695/1/2 1682/1/2 1696/1/2
f 1687/1/2 1688/1/2 1697/1/2
f 1697/1/2 1688/1/2 1698/1/2
f 1678/2/2 1679/2/2 1701/2/2
f 1679/2/2 1680/2/2 1701/2/2
f 1701/2/2 1680/2/2 1702/2/2
f 1693/3/2 1694/3/2 1705/3/2
f 1705/3/2 1694/3/2 1706/3/2
f 1699/3/2 1700/3/2 1707/3/2
f 1707/3/2 1700/3/2 1708/3/2
f 1689/2/2 1690/2/2 1711/2/2
f 1690/2/2 1691/2/2 1711/2/2
f 1711/2/2 1691/2/2 1712/2/2
f 1702/2/2 1680/2/2 1713/2/2
f 1713/2/2 1680/2/2 1714/2/2
f 1703/1/2 1704/1/2 1715/1/2
f 1715/1/2 1704/1/2 1716/1/2
f 1709/1/2 1710/1/2 1717/1/2
f 1717/1/2 1710/1/2 1718/1/2
f 1689/2/2 1711/2/2 1719/2/2
f 1719/2/2 1711/2/2 1720/2/2
f 1713/3/2 1714/3/2 1721/3/2
f 1721/3/2 1714/3/2 1722/3/2
f 1719/3/2 1720/3/2 1727/3/2
f 1727/3/2 1720/3/2 1728/3/2
f 1723/1/2 1724/1/2 1729/1/2
f 1729/1/2 1724/1/2 1730/1/2
f 1725/1/2 1726/1/2 1733/1/2
f 1733/1/2 1726/1/2 1734/1/2
f 1730/3/2 1731/3/2 1735/3/2
f 1735/3/2 1731/3/2 1736/3/2
f 1732/3/2 1733/3/2 1741/3/2
f 1741/3/2 1733/3/2 1742/3/2
f 1737/1/2 1738/1/2 1743/1/2
f 1743/1/2 1738/1/2 1744/1/2
f 1739/1/2 1740/1/2 1749/1/2
f 1749/1/2 1740/1/2 1750/1/2
f 1745/3/2 1746/3/2 1751/3/2
f 1751/3/2 1746/3/2 1752/3/2
f 1747/3/2 1748/3/2 1755/3/2
f 1755/3/2 1748/3/2 1756/3/2
f 1753/3/2 1754/3/2 1757/3/2
f 1757/3/2 1754/3/2 1758/3/2
f 1759/2/2 1760/2/2 1763/2/2
f 1763/2/2 1760/2/2 1764/2/2
f 1761/2/2 1762/2/2 1769/2/2
f 1769/2/2 1762/2/2 1770/2/2
f 1764/2/2 1765/2/2 1771/2/2
f 1765/2/2 1766/2/2 1771/2/2
f 1771/2/2 1766/2/2 1772/2/2
f 1767/2/2 1768/2/2 1777/2/2
f 1768/2/2 1769/2/2 1777/2/2
f 1777/2/2 1769/2/2 1778/2/2
f 1772/2/2 1766/2/2 1779/2/2
f 1779/2/2 1766/2/2 1780/2/2
f 1773/3/2 1774/3/2 1783/3/2
f 1783/3/2 1774/3/2 1784/3/2
f 1775/3/2 1776/3/2 1785/3/2
f 1785/3/2 1776/3/2 1786/3/2
f 1767/2/2 1777/2/2 1789/2/2
f 1789/2/2 1777/2/2 1790/2/2
f 1781/1/2 1782/1/2 1793/1/2
f 1793/1/2 1782/1/2 1794/1/2
f 1787/1/2 1788/1/2 1795/1/2
f 1795/1/2 1788/1/2 1796/1/2
f 1791/3/2 1792/3/2 1801/3/2
f 1801/3/2 1792/3/2 1802/3/2
f 1797/3/2 1798/3/2 1803/3/2
f 1803/3/2 1798/3/2 1804/3/2
f 1799/1/2 1800/1/2 1809/1/2
f 1809/1/2 1800/1/2 1810/1/2
f 1805/1/2 1806/1/2 1811/1/2
f 1811/1/2 1806/1/2 1812/1/2
f 1807/3/2 1808/3/2 1815/3/2
f 1815/3/2 1808/3/2 1816/3/2
f 1813/3/2 1814/3/2 1821/3/2
f 1821/3/2 1814/3/2 1822/3/2
f 1817/1/2 1818/1/2 1823/1/2
f 1823/1/2 1818/1/2 1824/1/2
f 1819/1/2 1820/1/2 1827/1/2
f 1827/1/2 1820/1/2 1828/1/2
f 1824/3/2 1825/3/2 1829/3/2
f 1829/3/2 1825/3/2 1830/3/2
f 1826/3/2 1827/3/2 1835/3/2
f 1835/3/2 1827/3/2 1836/3/2
f 1831/1/2 1832/1/2 1837/1/2
f 1837/1/2 1832/1/2 1838/1/2
f 1833/1/2 1834/1/2 1843/1/2
f 1843/1/2 1834/1/2 1844/1/2
f 1839/3/2 1840/3/2 1845/3/2
f 1845/3/2 1840/3/2 1846/3/2
f 1841/3/2 1842/3/2 1847/3/2
f 1847/3/2 1842/3/2 1848/3/2
f 1849/2/2 1850/2/2 1853/2/2
f 1851/2/2 1852/2/2 1856/2/2
f 1853/2/2 1854/2/2 1857/2/2
f 1849/2/2 1853/2/2 1857/2/2
f 1857/2/2 1854/2/2 1858/2/2
f 1855/2/2 1856/2/2 1859/2/2
f 1856/2/2 1852/2/2 1859/2/2
f 1859/2/2 1852/2/2 1860/2/2
f 1858/2/2 1854/2/2 1861/2/2
f 1861/2/2 1854/2/2 1862/2/2
f 1855/2/2 1859/2/2 1863/2/2
f 1863/2/2 1859/2/2 1864/2/2
f 1865/3/2 1866/3/2 1869/3/2
f 1869/3/2 1866/3/2 1870/3/2
f 1867/1/2 1868/1/2 1875/1/2
f 1875/1/2 1868/1/2 1876/1/2
f 1871/1/2 1872/1/2 1877/1/2
f 1877/1/2 1872/1/2 1878/1/2
f 1873/3/2 1874/3/2 1883/3/2
f 1883/3/2 1874/3/2 1884/3/2
f 1879/3/2 1880/3/2 1885/3/2
f 1885/3/2 1880/3/2 1886/3/2
f 1881/1/2 1882/1/2 1891/1/2
f 1891/1/2 1882/1/2 1892/1/2
f 1887/1/2 1888/1/2 1893/1/2
f 1893/1/2 1888/1/2 1894/1/2
f 1889/3/2 1890/3/2 1897/3/2
f 1897/3/2 1890/3/2 1898/3/2
f 1895/3/2 1896/3/2 1903/3/2
f 1903/3/2 1896/3/2 1904/3/2
f 1899/1/2 1900/1/2 1905/1/2
f 1905/1/2 1900/1/2 1906/1/2
f 1901/1/2 1902/1/2 1909/1/2
f 1909/1/2 1902/1/2 1910/1/2
f 1906/3/2 1907/3/2 1911/3/2
f 1911/3/2 1907/3/2 1912/3/2
f 1908/3/2 1909/3/2 1917/3/2
f 1917/3/2 1909/3/2 1918/3/2
f 1913/1/2 1914/1/2 1919/1/2
f 1919/1/2 1914/1/2 1920/1/2
f 1915/1/2 1916/1/2 1925/1/2
f 1925/1/2 1916/1/2 1926/1/2
f 1921/3/2 1922/3/2 1927/3/2
f 1927/3/2 1922/3/2 1928/3/2
f 1923/3/2 1924/3/2 1929/3/2
f 1929/3/2 1924/3/2 1930/3/2
f 1931/1/2 1932/1/2 1937/1/2
f 1937/1/2 1932/1/2 1938/1/2
f 1938/1/2 1932/1/2 1939/1/2
f 1933/1/2 1934/1/2 1940/1/2
f 1940/1/2 1934/1/2 1941/1/2
f 1941/1/2 1934/1/2 1942/1/2
f 1935/3/2 1936/3/2 1947/3/2
f 1947/3/2 1936/3/2 1948/3/2
f 1943/3/2 1944/3/2 1949/3/2
f 1949/3/2 1944/3/2 1950/3/2
f 1945/1/2 1946/1/2 1955/1/2
f 1955/1/2 1946/1/2 1956/1/2
f 1951/1/2 1952/1/2 1957/1/2
f 1957/1/2 1952/1/2 1958/1/2
f 1953/3/2 1954/3/2 1961/3/2
f 1961/3/2 1954/3/2 1962/3/2
f 1959/3/2 1960/3/2 1967/3/2
f 1967/3/2 1960/3/2 1968/3/2
f 1963/1/2 1964/1/2 1969/1/2
f 1969/1/2 1964/1/2 1970/1/2
f 1965/1/2 1966/1/2 1973/1/2
f 1973/1/2 1966/1/2 1974/1/2
f 1970/3/2 1971/3/2 1975/3/2
f 1975/3/2 1971/3/2 1976/3/2
f 1972/3/2 1973/3/2 1983/3/2
f 1983/3/2 1973/3/2 1984/3/2
f 1977/1/2 1978/1/2 1985/1/2
f 1978/1/2 1979/1/2 1985/1/2
f 1985/1/2 1979/1/2 1986/1/2
f 1981/1/2 1982/1/2 1989/1/2
f 1980/1/2 1981/1/2 1989/1/2
f 1989/1/2 1982/1/2 1990/1/2
f 1987/3/2 1988/3/2 1991/3/2
f 1991/3/2 1988/3/2 1992/3/2
f 1993/1/2 1994/1/2 1997/1/2
f 1997/1/2 1994/1/2 1998/1/2
f 1998/1/2 1994/1/2 1999/1/2
f 1999/1/2 1994/1/2 2000/1/2
f 1995/3/2 1996/3/2 2005/3/2
f 2005/3/2 1996/3/2 2006/3/2
f 2001/3/2 2002/3/2 2007/3/2
f 2007/3/2 2002/3/2 2008/3/2
f 2003/1/2 2004/1/2 2013/1/2
f 2013/1/2 2004/1/2 2014/1/2
f 2009/1/2 2010/1/2 2015/1/2
f 2015/1/2 2010/1/2 2016/1/2
f 2011/3/2 2012/3/2 2019/3/2
f 2019/3/2 2012/3/2 2020/3/2
f 2017/3/2 2018/3/2 2025/3/2
f 2025/3/2 2018/3/2 2026/3/2
f 2021/1/2 2022/1/2 2027/1/2
f 2027/1/2 2022/1/2 2028/1/2
f 2023/1/2 2024/1/2 2031/1/2
f 2031/1/2 2024/1/2 2032/1/2
f 2028/3/2 2029/3/2 2033/3/2
f 2033/3/2 2029/3/2 2034/3/2
f 2030/3/2 2031/3/2 2039/3/2
f 2039/3/2 2031/3/2 2040/3/2
f 2037/1/2 2038/1/2 2041/1/2
f 2035/1/2 2036/1/2 2041/1/2
f 2036/1/2 2037/1/2 2041/1/2
f 2041/1/2 2038/1/2 2042/1/2
f 2043/3/2 2044/3/2 2051/3/2
f 2051/3/2 2044/3/2 2052/3/2
f 2045/3/2 2046/3/2 2053/3/2
f 2053/3/2 2046/3/2 2054/3/2
f 2047/2/2 2048/2/2 2059/2/2
f 2059/2/2 2048/2/2 2060/2/2
f 2049/1/2 2050/1/2 2061/1/2
f 2061/1/2 2050/1/2 2062/1/2
f 2062/1/2 2050/1/2 2063/1/2
f 2055/1/2 2056/1/2 2064/1/2
f 2064/1/2 2056/1/2 2065/1/2
f 2065/1/2 2056/1/2 2066/1/2
f 2057/2/2 2058/2/2 2067/2/2
f 2067/2/2 2058/2/2 2068/2/2
f 2059/3/2 2060/3/2 2069/3/2
f 2069/3/2 2060/3/2 2070/3/2
f 2067/3/2 2068/3/2 2077/3/2
f 2077/3/2 2068/3/2 2078/3/2
f 2071/1/2 2072/1/2 2079/1/2
f 2072/1/2 2073/1/2 2079/1/2
f 2079/1/2 2073/1/2 2080/1/2
f 2075/1/2 2076/1/2 2085/1/2
f 2074/1/2 2075/1/2 2085/1/2
f 2085/1/2 2076/1/2 2086/1/2
f 2081/3/2 2082/3/2 2087/3/2
f 2087/3/2 2082/3/2 2088/3/2
f 2083/3/2 2084/3/2 2089/3/2
f 2089/3/2 2084/3/2 2090/3/2
f 2091/2/2 2092/2/2 2095/2/2
f 2095/2/2 2092/2/2 2096/2/2
f 2093/2/2 2094/2/2 2101/2/2
f 2101/2/2 2094/2/2 2102/2/2
f 2096/2/2 2097/2/2 2105/2/2
f 2097/2/2 2098/2/2 2105/2/2
f 2105/2/2 2098/2/2 2106/2/2
f 2103/3/2 2104/3/2 2109/3/2
f 2109/3/2 2104/3/2 2110/3/2
f 2099/2/2 2100/2/2 2113/2/2
f 2100/2/2 2101/2/2 2113/2/2
f 2113/2/2 2101/2/2 2114/2/2
f 2106/2/2 2098/2/2 2115/2/2
f 2115/2/2 2098/2/2 2116/2/2
f 2107/1/2 2108/1/2 2118/1/2
f 2118/1/2 2108/1/2 2119/1/2
f 2119/1/2 2108/1/2 2120/1/2
f 2111/1/2 2112/1/2 2121/1/2
f 2121/1/2 2112/1/2 2122/1/2
f 2122/1/2 2112/1/2 2123/1/2
f 2099/2/2 2113/2/2 2125/2/2
f 2125/2/2 2113/2/2 2126/2/2
f 2116/3/2 2117/3/2 2127/3/2
f 2115/3/2 2116/3/2 2127/3/2
f 2127/3/2 2117/3/2 2128/3/2
f 2125/3/2 2126/3/2 2135/3/2
f 2124/3/2 2125/3/2 2135/3/2
f 2135/3/2 2126/3/2 2136/3/2
f 2129/1/2 2130/1/2 2137/1/2
f 2130/1/2 2131/1/2 2137/1/2
f 2137/1/2 2131/1/2 2138/1/2
f 2133/1/2 2134/1/2 2141/1/2
f 2132/1/2 2133/1/2 2141/1/2
f 2141/1/2 2134/1/2 2142/1/2
f 2139/3/2 2140/3/2 2143/3/2
f 2143/3/2 2140/3/2 2144/3/2
f 2145/2/2 2146/2/2 2149/2/2
f 2149/2/2 2146/2/2 2150/2/2
f 2147/2/2 2148/2/2 2155/2/2
f 2155/2/2 2148/2/2 2156/2/2
f 2150/2/2 2151/2/2 2157/2/2
f 2151/2/2 2152/2/2 2157/2/2
f 2157/2/2 2152/2/2 2158/2/2
f 2153/2/2 2154/2/2 2159/2/2
f 2154/2/2 2155/2/2 2159/2/2
f 2159/2/2 2155/2/2 2160/2/2
f 2158/2/2 2152/2/2 2161/2/2
f 2161/2/2 2152/2/2 2162/2/2
f 2153/2/2 2159/2/2 2163/2/2
f 2163/2/2 2159/2/2 2164/2/2
f 2165/1/2 2166/1/2 2169/1/2
f 2169/1/2 2166/1/2 2170/1/2
f 2167/3/2 2168/3/2 2173/3/2
f 2173/3/2 2168/3/2 2174/3/2
f 2171/3/2 2172/3/2 2177/3/2
f 2177/3/2 2172/3/2 2178/3/2
f 2175/1/2 2176/1/2 2179/1/2
f 2179/1/2 2176/1/2 2180/1/2
f 2181/2/2 2182/2/2 2185/2/2
f 2183/2/2 2184/2/2 2188/2/2
f 2185/2/2 2186/2/2 2189/2/2
f 2181/2/2 2185/2/2 2189/2/2
f 2189/2/2 2186/2/2 2190/2/2
f 2187/2/2 2188/2/2 2191/2/2
f 2188/2/2 2184/2/2 2191/2/2
f 2191/2/2 2184/2/2 2192/2/2
f 2190/2/2 2186/2/2 2193/2/2
f 2193/2/2 2186/2/2 2194/2/2
f 2187/2/2 2191/2/2 2195/2/2
f 2195/2/2 2191/2/2 2196/2/2
f 2197/3/2 2198/3/2 2199/3/2
f 2199/3/2 2198/3/2 2200/3/2
f 2203/2/3 2202/2/3 2201/2/3
f 2204/2/3 2202/2/3 2203/2/3
f 2205/2/3 2202/2/3 2204/2/3
f 2207/2/3 2206/2/3 2205/2/3
f 2207/2/3 2205/2/3 2204/2/3
f 2208/2/3 2206/2/3 2207/2/3
f 2211/3/3 2210/3/3 2209/3/3
f 2212/3/3 2210/3/3 2211/3/3
f 2216/2/3 2214/2/3 2213/2/3
f 2217/2/3 2214/2/3 2216/2/3
f 2218/2/3 2214/2/3 2217/2/3
f 2219/2/3 2216/2/3 2215/2/3
f 2219/2/3 2217/2/3 2216/2/3
f 2220/2/3 2217/2/3 2219/2/3
f 2223/2/3 2222/2/3 2221/2/3
f 2224/2/3 2222/2/3 2223/2/3
f 2226/2/3 2225/2/3 2224/2/3
f 2227/2/3 2225/2/3 2226/2/3
f 2229/2/3 2227/2/3 2226/2/3
f 2229/2/3 2228/2/3 2227/2/3
f 2230/2/3 2228/2/3 2229/2/3
f 2233/3/3 2232/3/3 2231/3/3
f 2234/3/3 2232/3/3 2233/3/3
f 2239/1/3 2236/1/3 2235/1/3
f 2240/1/3 2236/1/3 2239/1/3
f 2241/1/3 2238/1/3 2237/1/3
f 2242/1/3 2238/1/3 2241/1/3
f 2245/3/3 2244/3/3 2243/3/3
f 2246/3/3 2244/3/3 2245/3/3
f 2249/2/3 2248/2/3 2247/2/3
f 2250/2/3 2248/2/3 2249/2/3
f 2251/2/3 2248/2/3 2250/2/3
f 2253/2/3 2250/2/3 2249/2/3
f 2254/2/3 2250/2/3 2253/2/3
f 2255/2/3 2253/2/3 2252/2/3
f 2256/2/3 2253/2/3 2255/2/3
f 2259/2/3 2258/2/3 2257/2/3
f 2260/2/3 2258/2/3 2259/2/3
f 2262/2/3 2261/2/3 2260/2/3
f 2263/2/3 2261/2/3 2262/2/3
f 2266/2/3 2263/2/3 2262/2/3
f 2266/2/3 2264/2/3 2263/2/3
f 2267/3/3 2265/3/3 2264/3/3
f 2267/2/3 2264/2/3 2266/2/3
f 2268/3/3 2265/3/3 2267/3/3
f 2269/3/3 2265/3/3 2268/3/3
f 2274/1/3 2271/1/3 2270/1/3
f 2275/1/3 2273/1/3 2272/1/3
f 2276/1/3 2274/1/3 2270/1/3
f 2277/1/3 2274/1/3 2276/1/3
f 2278/1/3 2273/1/3 2275/1/3
f 2279/1/3 2273/1/3 2278/1/3
f 2284/3/3 2281/3/3 2280/3/3
f 2285/3/3 2281/3/3 2284/3/3
f 2286/3/3 2283/3/3 2282/3/3
f 2287/3/3 2283/3/3 2286/3/3
f 2292/1/3 2289/1/3 2288/1/3
f 2293/1/3 2291/1/3 2290/1/3
f 2294/1/3 2292/1/3 2288/1/3
f 2295/1/3 2292/1/3 2294/1/3
f 2296/1/3 2291/1/3 2293/1/3
f 2297/1/3 2291/1/3 2296/1/3
f 2301/3/3 2299/3/3 2298/3/3
f 2302/2/3 2301/2/3 2300/2/3
f 2303/2/3 2301/2/3 2302/2/3
f 2304/3/3 2299/3/3 2301/3/3
f 2304/2/3 2301/2/3 2303/2/3
f 2305/3/3 2299/3/3 2304/3/3
f 2307/2/3 2303/2/3 2302/2/3
f 2308/2/3 2303/2/3 2307/2/3
f 2309/2/3 2307/2/3 2306/2/3
f 2310/2/3 2307/2/3 2309/2/3
f 2314/2/3 2312/2/3 2311/2/3
f 2315/3/3 2313/3/3 2312/3/3
f 2315/2/3 2312/2/3 2314/2/3
f 2316/3/3 2313/3/3 2315/3/3
f 2321/1/3 2318/1/3 2317/1/3
f 2322/1/3 2320/1/3 2319/1/3
f 2323/1/3 2321/1/3 2317/1/3
f 2324/1/3 2321/1/3 2323/1/3
f 2325/1/3 2320/1/3 2322/1/3
f 2326/1/3 2320/1/3 2325/1/3
f 2331/3/3 2328/3/3 2327/3/3
f 2332/3/3 2328/3/3 2331/3/3
f 2333/3/3 2330/3/3 2329/3/3
f 2334/3/3 2330/3/3 2333/3/3
f 2339/3/3 2336/3/3 2335/3/3
f 2340/3/3 2336/3/3 2339/3/3
f 2341/3/3 2338/3/3 2337/3/3
f 2342/3/3 2338/3/3 2341/3/3
f 2347/1/3 2344/1/3 2343/1/3
f 2348/1/3 2346/1/3 2345/1/3
f 2349/1/3 2347/1/3 2343/1/3
f 2350/1/3 2347/1/3 2349/1/3
f 2351/1/3 2346/1/3 2348/1/3
f 2352/1/3 2346/1/3 2351/1/3
f 2356/2/3 2354/2/3 2353/2/3
f 2357/3/3 2355/3/3 2354/3/3
f 2357/2/3 2354/2/3 2356/2/3
f 2358/3/3 2355/3/3 2357/3/3
f 2361/3/3 2360/3/3 2359/3/3
f 2362/3/3 2360/3/3 2361/3/3
f 2367/1/3 2364/1/3 2363/1/3
f 2368/1/3 2364/1/3 2367/1/3
f 2369/1/3 2366/1/3 2365/1/3
f 2370/1/3 2366/1/3 2369/1/3
f 2375/3/3 2372/3/3 2371/3/3
f 2376/3/3 2372/3/3 2375/3/3
f 2377/3/3 2374/3/3 2373/3/3
f 2378/3/3 2374/3/3 2377/3/3
f 2383/1/3 2380/1/3 2379/1/3
f 2384/1/3 2382/1/3 2381/1/3
f 2385/1/3 2383/1/3 2379/1/3
f 2386/1/3 2382/1/3 2384/1/3
f 2387/1/3 2385/1/3 2379/1/3
f 2388/1/3 2385/1/3 2387/1/3
f 2389/1/3 2382/1/3 2386/1/3
f 2390/1/3 2382/1/3 2389/1/3
f 2395/3/3 2392/3/3 2391/3/3
f 2396/3/3 2392/3/3 2395/3/3
f 2397/3/3 2394/3/3 2393/3/3
f 2398/3/3 2394/3/3 2397/3/3
f 2403/1/3 2400/1/3 2399/1/3
f 2404/1/3 2400/1/3 2403/1/3
f 2405/1/3 2402/1/3 2401/1/3
f 2406/1/3 2402/1/3 2405/1/3
f 2409/3/3 2408/3/3 2407/3/3
f 2410/3/3 2408/3/3 2409/3/3
f 2413/3/3 2412/3/3 2411/3/3
f 2414/3/3 2412/3/3 2413/3/3
f 2419/1/3 2416/1/3 2415/1/3
f 2420/1/3 2416/1/3 2419/1/3
f 2421/1/3 2418/1/3 2417/1/3
f 2422/1/3 2418/1/3 2421/1/3
f 2427/3/3 2424/3/3 2423/3/3
f 2428/3/3 2424/3/3 2427/3/3
f 2429/3/3 2426/3/3 2425/3/3
f 2430/3/3 2426/3/3 2429/3/3
f 2435/1/3 2432/1/3 2431/1/3
f 2436/1/3 2434/1/3 2433/1/3
f 2437/1/3 2435/1/3 2431/1/3
f 2438/1/3 2435/1/3 2437/1/3
f 2439/1/3 2434/1/3 2436/1/3
f 2440/1/3 2434/1/3 2439/1/3
f 2443/3/3 2442/3/3 2441/3/3
f 2444/3/3 2442/3/3 2443/3/3
f 2449/1/3 2446/1/3 2445/1/3
f 2450/1/3 2448/1/3 2447/1/3
f 2451/1/3 2449/1/3 2445/1/3
f 2452/1/3 2449/1/3 2451/1/3
f 2453/1/3 2448/1/3 2450/1/3
f 2454/1/3 2448/1/3 2453/1/3
f 2459/3/3 2456/3/3 2455/3/3
f 2460/3/3 2456/3/3 2459/3/3
f 2461/3/3 2458/3/3 2457/3/3
f 2462/3/3 2458/3/3 2461/3/3
f 2467/1/3 2464/1/3 2463/1/3
f 2468/1/3 2464/1/3 2467/1/3
f 2469/1/3 2466/1/3 2465/1/3
f 2470/1/3 2466/1/3 2469/1/3
f 2473/3/3 2472/3/3 2471/3/3
f 2474/3/3 2472/3/3 2473/3/3
f 2477/2/3 2476/2/3 2475/2/3
f 2478/2/3 2476/2/3 2477/2/3
f 2479/2/3 2476/2/3 2478/2/3
f 2481/2/3 2480/2/3 2479/2/3
f 2481/2/3 2479/2/3 2478/2/3
f 2482/2/3 2480/2/3 2481/2/3
f 2485/3/3 2484/3/3 2483/3/3
f 2486/3/3 2484/3/3 2485/3/3
f 2491/1/3 2488/1/3 2487/1/3
f 2492/1/3 2488/1/3 2491/1/3
f 2493/1/3 2490/1/3 2489/1/3
f 2494/1/3 2490/1/3 2493/1/3
f 2498/3/3 2497/3/3 2496/3/3
f 2499/3/3 2497/3/3 2498/3/3
f 2500/3/3 2495/3/3 2494/3/3
f 2501/3/3 2495/3/3 2500/3/3
f 2506/1/3 2503/1/3 2502/1/3
f 2507/1/3 2503/1/3 2506/1/3
f 2508/1/3 2505/1/3 2504/1/3
f 2509/1/3 2505/1/3 2508/1/3
f 2514/3/3 2511/3/3 2510/3/3
f 2515/3/3 2511/3/3 2514/3/3
f 2516/3/3 2513/3/3 2512/3/3
f 2517/3/3 2513/3/3 2516/3/3
f 2520/3/3 2519/3/3 2518/3/3
f 2521/3/3 2519/3/3 2520/3/3
f 2526/1/3 2523/1/3 2522/1/3
f 2527/1/3 2523/1/3 2526/1/3
f 2528/1/3 2525/1/3 2524/1/3
f 2529/1/3 2525/1/3 2528/1/3
f 2534/3/3 2531/3/3 2530/3/3
f 2535/3/3 2531/3/3 2534/3/3
f 2539/3/3 2533/3/3 2532/3/3
f 2540/3/3 2533/3/3 2539/3/3
f 2541/1/3 2537/1/3 2536/1/3
f 2542/1/3 2537/1/3 2541/1/3
f 2543/1/3 2539/1/3 2538/1/3
f 2544/1/3 2539/1/3 2543/1/3
f 2547/3/3 2546/3/3 2545/3/3
f 2548/3/3 2546/3/3 2547/3/3
f 2552/2/3 2550/2/3 2549/2/3
f 2553/2/3 2550/2/3 2552/2/3
f 2554/2/3 2550/2/3 2553/2/3
f 2555/2/3 2552/2/3 2551/2/3
f 2555/2/3 2553/2/3 2552/2/3
f 2556/2/3 2553/2/3 2555/2/3
f 2559/2/3 2558/2/3 2557/2/3
f 2560/2/3 2558/2/3 2559/2/3
f 2562/2/3 2561/2/3 2560/2/3
f 2563/2/3 2561/2/3 2562/2/3
f 2565/2/3 2563/2/3 2562/2/3
f 2565/2/3 2564/2/3 2563/2/3
f 2566/2/3 2564/2/3 2565/2/3
f 2569/3/3 2568/3/3 2567/3/3
f 2570/3/3 2568/3/3 2569/3/3
f 2575/1/3 2572/1/3 2571/1/3
f 2576/1/3 2572/1/3 2575/1/3
f 2577/1/3 2574/1/3 2573/1/3
f 2578/1/3 2574/1/3 2577/1/3
f 2582/3/3 2579/3/3 2578/3/3
f 2583/3/3 2579/3/3 2582/3/3
f 2584/3/3 2581/3/3 2580/3/3
f 2585/3/3 2581/3/3 2584/3/3
f 2590/1/3 2587/1/3 2586/1/3
f 2591/1/3 2589/1/3 2588/1/3
f 2592/1/3 2589/1/3 2591/1/3
f 2593/1/3 2587/1/3 2590/1/3
f 2594/1/3 2587/1/3 2593/1/3
f 2599/3/3 2596/3/3 2595/3/3
f 2600/3/3 2596/3/3 2599/3/3
f 2601/3/3 2598/3/3 2597/3/3
f 2602/3/3 2598/3/3 2601/3/3
f 2605/3/3 2604/3/3 2603/3/3
f 2606/3/3 2604/3/3 2605/3/3
f 2609/3/3 2608/3/3 2607/3/3
f 2610/3/3 2608/3/3 2609/3/3
f 2615/1/3 2612/1/3 2611/1/3
f 2616/1/3 2612/1/3 2615/1/3
f 2617/1/3 2614/1/3 2613/1/3
f 2620/1/3 2614/1/3 2617/1/3
f 2621/1/3 2614/1/3 2620/1/3
f 2622/3/3 2619/3/3 2618/3/3
f 2623/3/3 2619/3/3 2622/3/3
f 2629/3/3 2625/3/3 2624/3/3
f 2630/3/3 2625/3/3 2629/3/3
f 2631/1/3 2627/1/3 2626/1/3
f 2632/1/3 2627/1/3 2631/1/3
f 2633/1/3 2629/1/3 2628/1/3
f 2634/1/3 2629/1/3 2633/1/3
f 2637/3/3 2636/3/3 2635/3/3
f 2638/3/3 2636/3/3 2637/3/3
f 2641/2/3 2640/2/3 2639/2/3
f 2642/2/3 2640/2/3 2641/2/3
f 2643/2/3 2640/2/3 2642/2/3
f 2645/2/3 2642/2/3 2641/2/3
f 2646/2/3 2642/2/3 2645/2/3
f 2647/2/3 2645/2/3 2644/2/3
f 2648/2/3 2645/2/3 2647/2/3
f 2651/2/3 2650/2/3 2649/2/3
f 2652/2/3 2650/2/3 2651/2/3
f 2654/2/3 2653/2/3 2652/2/3
f 2655/2/3 2653/2/3 2654/2/3
f 2658/2/3 2655/2/3 2654/2/3
f 2658/2/3 2656/2/3 2655/2/3
f 2659/3/3 2657/3/3 2656/3/3
f 2659/2/3 2656/2/3 2658/2/3
f 2660/3/3 2657/3/3 2659/3/3
f 2665/1/3 2662/1/3 2661/1/3
f 2666/1/3 2662/1/3 2665/1/3
f 2667/1/3 2664/1/3 2663/1/3
f 2668/1/3 2664/1/3 2667/1/3
f 2672/3/3 2669/3/3 2668/3/3
f 2673/3/3 2669/3/3 2672/3/3
f 2674/3/3 2671/3/3 2670/3/3
f 2675/3/3 2671/3/3 2674/3/3
f 2680/1/3 2677/1/3 2676/1/3
f 2681/1/3 2677/1/3 2680/1/3
f 2682/1/3 2679/1/3 2678/1/3
f 2683/1/3 2679/1/3 2682/1/3
f 2688/3/3 2685/3/3 2684/3/3
f 2689/3/3 2685/3/3 2688/3/3
f 2690/3/3 2687/3/3 2686/3/3
f 2691/3/3 2687/3/3 2690/3/3
f 2694/3/3 2693/3/3 2692/3/3
f 2695/3/3 2693/3/3 2694/3/3
f 2698/3/3 2697/3/3 2696/3/3
f 2699/3/3 2697/3/3 2698/3/3
f 2704/3/3 2701/3/3 2700/3/3
f 2705/3/3 2701/3/3 2704/3/3
f 2706/1/3 2703/1/3 2702/1/3
f 2707/1/3 2703/1/3 2706/1/3
f 2712/1/3 2709/1/3 2708/1/3
f 2713/1/3 2709/1/3 2712/1/3
f 2714/3/3 2711/3/3 2710/3/3
f 2715/3/3 2711/3/3 2714/3/3
f 2721/3/3 2717/3/3 2716/3/3
f 2722/3/3 2717/3/3 2721/3/3
f 2723/1/3 2719/1/3 2718/1/3
f 2724/1/3 2719/1/3 2723/1/3
f 2725/1/3 2721/1/3 2720/1/3
f 2726/1/3 2721/1/3 2725/1/3
f 2730/2/3 2728/2/3 2727/2/3
f 2731/2/3 2728/2/3 2730/2/3
f 2732/3/3 2729/3/3 2728/3/3
f 2732/2/3 2728/2/3 2731/2/3
f 2733/3/3 2729/3/3 2732/3/3
f 2735/2/3 2731/2/3 2730/2/3
f 2736/2/3 2731/2/3 2735/2/3
f 2737/2/3 2735/2/3 2734/2/3
f 2738/2/3 2735/2/3 2737/2/3
f 2742/2/3 2740/2/3 2739/2/3
f 2743/3/3 2741/3/3 2740/3/3
f 2743/2/3 2740/2/3 2742/2/3
f 2744/3/3 2741/3/3 2743/3/3
f 2749/1/3 2746/1/3 2745/1/3
f 2750/1/3 2746/1/3 2749/1/3
f 2751/1/3 2748/1/3 2747/1/3
f 2752/1/3 2748/1/3 2751/1/3
f 2756/3/3 2753/3/3 2752/3/3
f 2757/3/3 2753/3/3 2756/3/3
f 2758/3/3 2755/3/3 2754/3/3
f 2759/3/3 2755/3/3 2758/3/3
f 2764/1/3 2761/1/3 2760/1/3
f 2765/1/3 2761/1/3 2764/1/3
f 2766/1/3 2763/1/3 2762/1/3
f 2767/1/3 2763/1/3 2766/1/3
f 2770/3/3 2769/3/3 2768/3/3
f 2771/3/3 2769/3/3 2770/3/3
f 2774/3/3 2773/3/3 2772/3/3
f 2775/3/3 2773/3/3 2774/3/3
f 2780/3/3 2777/3/3 2776/3/3
f 2781/3/3 2777/3/3 2780/3/3
f 2782/1/3 2779/1/3 2778/1/3
f 2783/1/3 2779/1/3 2782/1/3
f 2786/3/3 2785/3/3 2784/3/3
f 2787/3/3 2785/3/3 2786/3/3
f 2790/3/3 2789/3/3 2788/3/3
f 2791/3/3 2789/3/3 2790/3/3
f 2796/3/3 2793/3/3 2792/3/3
f 2797/3/3 2793/3/3 2796/3/3
f 2798/1/3 2795/1/3 2794/1/3
f 2799/1/3 2795/1/3 2798/1/3
f 2804/1/3 2801/1/3 2800/1/3
f 2805/1/3 2801/1/3 2804/1/3
f 2806/3/3 2803/3/3 2802/3/3
f 2807/3/3 2803/3/3 2806/3/3
f 2813/3/3 2809/3/3 2808/3/3
f 2814/3/3 2809/3/3 2813/3/3
f 2815/1/3 2811/1/3 2810/1/3
f 2816/1/3 2811/1/3 2815/1/3
f 2817/1/3 2813/1/3 2812/1/3
f 2818/1/3 2813/1/3 2817/1/3
f 2822/2/3 2820/2/3 2819/2/3
f 2823/3/3 2821/3/3 2820/3/3
f 2823/2/3 2820/2/3 2822/2/3
f 2824/3/3 2821/3/3 2823/3/3
f 2829/1/3 2826/1/3 2825/1/3
f 2830/1/3 2826/1/3 2829/1/3
f 2831/1/3 2828/1/3 2827/1/3
f 2832/1/3 2828/1/3 2831/1/3
f 2836/3/3 2833/3/3 2832/3/3
f 2837/3/3 2833/3/3 2836/3/3
f 2838/3/3 2835/3/3 2834/3/3
f 2839/3/3 2835/3/3 2838/3/3
f 2844/1/3 2841/1/3 2840/1/3
f 2845/1/3 2841/1/3 2844/1/3
f 2846/1/3 2843/1/3 2842/1/3
f 2847/1/3 2843/1/3 2846/1/3
f 2850/3/3 2849/3/3 2848/3/3
f 2851/3/3 2849/3/3 2850/3/3
f 2854/3/3 2853/3/3 2852/3/3
f 2855/3/3 2853/3/3 2854/3/3
f 2860/3/3 2857/3/3 2856/3/3
f 2861/3/3 2857/3/3 2860/3/3
f 2862/1/3 2859/1/3 2858/1/3
f 2863/1/3 2859/1/3 2862/1/3
f 2866/1/3 2865/1/3 2864/1/3
f 2867/1/3 2865/1/3 2866/1/3
f 2872/3/3 2869/3/3 2868/3/3
f 2873/3/3 2869/3/3 2872/3/3
f 2874/3/3 2871/3/3 2870/3/3
f 2875/3/3 2871/3/3 2874/3/3
f 2880/3/3 2877/3/3 2876/3/3
f 2881/3/3 2877/3/3 2880/3/3
f 2882/1/3 2879/1/3 2878/1/3
f 2883/1/3 2879/1/3 2882/1/3
f 2888/1/3 2885/1/3 2884/1/3
f 2889/1/3 2885/1/3 2888/1/3
f 2890/3/3 2887/3/3 2886/3/3
f 2891/3/3 2887/3/3 2890/3/3
f 2897/3/3 2893/3/3 2892/3/3
f 2898/3/3 2893/3/3 2897/3/3
f 2899/1/3 2895/1/3 2894/1/3
f 2900/1/3 2895/1/3 2899/1/3
f 2901/1/3 2897/1/3 2896/1/3
f 2902/1/3 2897/1/3 2901/1/3
f 2905/3/3 2904/3/3 2903/3/3
f 2906/3/3 2904/3/3 2905/3/3
f 2909/3/3 2908/3/3 2907/3/3
f 2910/3/3 2908/3/3 2909/3/3
f 2915/1/3 2912/1/3 2911/1/3
f 2916/1/3 2912/1/3 2915/1/3
f 2917/1/3 2914/1/3 2913/1/3
f 2918/1/3 2914/1/3 2917/1/3
f 2921/3/3 2920/3/3 2919/3/3
f 2922/3/3 2920/3/3 2921/3/3
f 2925/3/3 2924/3/3 2923/3/3
f 2926/3/3 2924/3/3 2925/3/3
f 2929/3/3 2928/3/3 2927/3/3
f 2930/3/3 2928/3/3 2929/3/3
f 2933/1/3 2932/1/3 2931/1/3
f 2934/1/3 2932/1/3 2933/1/3
f 2937/3/3 2936/3/3 2935/3/3
f 2938/3/3 2936/3/3 2937/3/3
f 2941/1/3 2940/1/3 2939/1/3
f 2942/1/3 2940/1/3 2941/1/3
f 2947/3/3 2944/3/3 2943/3/3
f 2948/3/3 2944/3/3 2947/3/3
f 2949/3/3 2946/3/3 2945/3/3
f 2950/3/3 2946/3/3 2949/3/3
f 2955/3/3 2952/3/3 2951/3/3
f 2956/3/3 2952/3/3 2955/3/3
f 2957/1/3 2954/1/3 2953/1/3
f 2958/1/3 2954/1/3 2957/1/3
f 2963/1/3 2960/1/3 2959/1/3
f 2964/1/3 2960/1/3 2963/1/3
f 2965/3/3 2962/3/3 2961/3/3
f 2966/3/3 2962/3/3 2965/3/3
f 2969/3/3 2968/3/3 2967/3/3
f 2970/3/3 2968/3/3 2969/3/3
f 2975/1/3 2972/1/3 2971/1/3
f 2976/1/3 2972/1/3 2975/1/3
f 2977/1/3 2974/1/3 2973/1/3
f 2978/1/3 2974/1/3 2977/1/3
f 2981/1/3 2980/1/3 2979/1/3
f 2982/1/3 2980/1/3 2981/1/3
f 2985/3/3 2984/3/3 2983/3/3
f 2986/3/3 2984/3/3 2985/3/3
f 2989/3/3 2988/3/3 2987/3/3
f 2990/3/3 2988/3/3 2989/3/3
f 2993/3/3 2992/3/3 2991/3/3
f 2994/3/3 2992/3/3 2993/3/3
f 2997/1/3 2996/1/3 2995/1/3
f 2998/1/3 2996/1/3 2997/1/3
f 3001/3/3 3000/3/3 2999/3/3
f 3002/3/3 3000/3/3 3001/3/3
f 3005/3/3 3004/3/3 3003/3/3
f 3006/3/3 3004/3/3 3005/3/3
f 3009/1/3 3008/1/3 3007/1/3
f 3010/1/3 3008/1/3 3009/1/3
f 3015/3/3 3012/3/3 3011/3/3
f 3016/3/3 3012/3/3 3015/3/3
f 3017/3/3 3014/3/3 3013/3/3
f 3018/3/3 3014/3/3 3017/3/3
f 3023/3/3 3020/3/3 3019/3/3
f 3024/3/3 3020/3/3 3023/3/3
f 3025/1/3 3022/1/3 3021/1/3
f 3026/1/3 3022/1/3 3025/1/3
f 3031/1/3 3028/1/3 3027/1/3
f 3032/1/3 3028/1/3 3031/1/3
f 3033/1/3 3030/1/3 3029/1/3
f 3034/1/3 3030/1/3 3033/1/3
f 3037/3/3 3036/3/3 3035/3/3
f 3038/3/3 3036/3/3 3037/3/3
f 3043/3/3 3040/3/3 3039/3/3
f 3044/3/3 3040/3/3 3043/3/3
f 3045/3/3 3042/3/3 3041/3/3
f 3046/3/3 3042/3/3 3045/3/3
f 3049/3/3 3048/3/3 3047/3/3
f 3050/3/3 3048/3/3 3049/3/3
f 3053/3/3 3052/3/3 3051/3/3
f 3054/3/3 3052/3/3 3053/3/3
f 3057/3/3 3056/3/3 3055/3/3
f 3058/3/3 3056/3/3 3057/3/3
f 3061/3/3 3060/3/3 3059/3/3
f 3062/3/3 3060/3/3 3061/3/3
f 3065/3/3 3064/3/3 3063/3/3
f 3066/3/3 3064/3/3 3065/3/3
f 3071/3/3 3068/3/3 3067/3/3
f 3072/3/3 3068/3/3 3071/3/3
f 3073/3/3 3070/3/3 3069/3/3
f 3074/3/3 3070/3/3 3073/3/3
f 3079/3/3 3076/3/3 3075/3/3
f 3080/3/3 3076/3/3 3079/3/3
f 3081/3/3 3078/3/3 3077/3/3
f 3082/3/3 3078/3/3 3081/3/3
f 3085/3/3 3084/3/3 3083/3/3
f 3086/3/3 3084/3/3 3085/3/3
f 3091/1/3 3088/1/3 3087/1/3
f 3092/1/3 3088/1/3 3091/1/3
f 3093/1/3 3090/1/3 3089/1/3
f 3094/1/3 3090/1/3 3093/1/3
f 3099/1/3 3096/1/3 3095/1/3
f 3100/1/3 3096/1/3 3099/1/3
f 3101/1/3 3098/1/3 3097/1/3
f 3102/1/3 3098/1/3 3101/1/3
f 3105/1/3 3104/1/3 3103/1/3
f 3106/1/3 3104/1/3 3105/1/3
f 3109/3/3 3108/3/3 3107/3/3
f 3110/3/3 3108/3/3 3109/3/3
f 3113/3/3 3112/3/3 3111/3/3
f 3114/3/3 3112/3/3 3113/3/3
f 3117/3/3 3116/3/3 3115/3/3
f 3118/3/3 3116/3/3 3117/3/3
f 3123/3/3 3120/3/3 3119/3/3
f 3124/3/3 3120/3/3 3123/3/3
f 3125/1/3 3122/1/3 3121/1/3
f 3126/1/3 3122/1/3 3125/1/3
f 3131/1/3 3128/1/3 3127/1/3
f 3132/1/3 3128/1/3 3131/1/3
f 3133/1/3 3130/1/3 3129/1/3
f 3134/1/3 3130/1/3 3133/1/3
f 3139/1/3 3136/1/3 3135/1/3
f 3140/1/3 3136/1/3 3139/1/3
f 3141/1/3 3138/1/3 3137/1/3
f 3142/1/3 3138/1/3 3141/1/3
f 3147/3/3 3144/3/3 3143/3/3
f 3148/3/3 3144/3/3 3147/3/3
f 3149/3/3 3146/3/3 3145/3/3
f 3150/3/3 3146/3/3 3149/3/3
f 3155/3/3 3152/3/3 3151/3/3
f 3156/3/3 3152/3/3 3155/3/3
f 3157/3/3 3154/3/3 3153/3/3
f 3158/3/3 3154/3/3 3157/3/3
f 3161/3/3 3160/3/3 3159/3/3
f 3162/3/3 3160/3/3 3161/3/3
f 3165/1/3 3164/1/3 3163/1/3
f 3166/1/3 3164/1/3 3165/1/3
f 3169/3/3 3168/3/3 3167/3/3
f 3170/3/3 3168/3/3 3169/3/3
f 3173/3/3 3172/3/3 3171/3/3
f 3174/3/3 3172/3/3 3173/3/3
f 3177/3/3 3176/3/3 3175/3/3
f 3178/3/3 3176/3/3 3177/3/3
f 3183/3/3 3180/3/3 3179/3/3
f 3184/3/3 3180/3/3 3183/3/3
f 3185/3/3 3182/3/3 3181/3/3
f 3186/3/3 3182/3/3 3185/3/3
f 3189/2/3 3188/2/3 3187/2/3
f 3190/2/3 3188/2/3 3189/2/3
f 3191/2/3 3188/2/3 3190/2/3
f 3195/2/3 3193/2/3 3192/2/3
f 3195/2/3 3194/2/3 3193/2/3
f 3196/2/3 3194/2/3 3195/2/3
f 3199/2/3 3198/2/3 3197/2/3
f 3200/2/3 3198/2/3 3199/2/3
f 3203/2/3 3202/2/3 3201/2/3
f 3204/2/3 3202/2/3 3203/2/3
f 3205/2/3 3202/2/3 3204/2/3
f 3209/2/3 3207/2/3 3206/2/3
f 3209/2/3 3208/2/3 3207/2/3
f 3210/2/3 3208/2/3 3209/2/3
f 3213/2/3 3212/2/3 3211/2/3
f 3214/2/3 3212/2/3 3213/2/3
f 3217/2/3 3216/2/3 3215/2/3
f 3218/2/3 3216/2/3 3217/2/3
f 3221/2/3 3220/2/3 3219/2/3
f 3222/2/3 3220/2/3 3221/2/3
f 3225/2/3 3224/2/3 3223/2/3
f 3226/2/3 3224/2/3 3225/2/3
f 3229/2/3 3228/2/3 3227/2/3
f 3230/2/3 3228/2/3 3229/2/3
f 3233/2/3 3232/2/3 3231/2/3
f 3234/2/3 3232/2/3 3233/2/3
f 3236/2/3 3235/2/3 3234/2/3
f 3237/2/3 3235/2/3 3236/2/3
f 3241/2/3 3239/2/3 3238/2/3
f 3242/2/3 3239/2/3 3241/2/3
f 3243/2/3 3241/2/3 3240/2/3
f 3244/2/3 3241/2/3 3243/2/3
f 3247/2/3 3246/2/3 3245/2/3
f 3248/2/3 3246/2/3 3247/2/3
f 3249/2/3 3246/2/3 3248/2/3
f 3253/2/3 3251/2/3 3250/2/3
f 3253/2/3 3252/2/3 3251/2/3
f 3254/2/3 3252/2/3 3253/2/3
f 3257/2/3 3256/2/3 3255/2/3
f 3258/2/3 3256/2/3 3257/2/3
f 3261/2/3 3260/2/3 3259/2/3
f 3262/2/3 3260/2/3 3261/2/3
f 3263/2/3 3260/2/3 3262/2/3
f 3267/2/3 3265/2/3 3264/2/3
f 3267/2/3 3266/2/3 3265/2/3
f 3268/2/3 3266/2/3 3267/2/3
f 3271/2/3 3270/2/3 3269/2/3
f 3272/2/3 3270/2/3 3271/2/3
f 3275/2/3 3274/2/3 3273/2/3
f 3276/2/3 3274/2/3 3275/2/3
f 3279/2/3 3278/2/3 3277/2/3
f 3280/2/3 3278/2/3 3279/2/3
f 3283/2/3 3282/2/3 3281/2/3
f 3284/2/3 3282/2/3 3283/2/3
f 3287/2/3 3286/2/3 3285/2/3
f 3288/2/3 3286/2/3 3287/2/3
f 3291/2/3 3290/2/3 3289/2/3
f 3292/2/3 3290/2/3 3291/2/3
f 3294/2/3 3293/2/3 3292/2/3
f 3295/2/3 3293/2/3 3294/2/3
f 3299/2/3 3297/2/3 3296/2/3
f 3300/2/3 3297/2/3 3299/2/3
f 3301/2/3 3299/2/3 3298/2/3
f 3302/2/3 3299/2/3 3301/2/3
f 3303/2/4 3304/2/4 3305/2/4
f 3305/2/4 3304/2/4 3306/2/4
f 3306/2/4 3307/2/4 3308/2/4
f 3308/2/4 3307/2/4 3309/2/4
f 3310/2/4 3311/2/4 3313/2/4
f 3313/2/4 3311/2/4 3314/2/4
f 3312/2/4 3313/2/4 3315/2/4
f 3315/2/4 3313/2/4 3316/2/4
f 3317/2/4 3318/2/4 3319/2/4
f 3319/2/4 3318/2/4 3320/2/4
f 3321/2/4 3322/2/4 3323/2/4
f 3323/2/4 3322/2/4 3324/2/4
f 3325/2/4 3326/2/4 3327/2/4
f 3327/2/4 3326/2/4 3328/2/4
f 3329/2/4 3330/2/4 3331/2/4
f 3331/2/4 3330/2/4 3332/2/4
f 3333/2/4 3334/2/4 3335/2/4
f 3335/2/4 3334/2/4 3336/2/4
f 3337/2/4 3338/2/4 3339/2/4
f 3339/2/4 3338/2/4 3340/2/4
f 3340/2/4 3338/2/4 3341/2/4
f 3342/2/4 3343/2/4 3345/2/4
f 3343/2/4 3344/2/4 3345/2/4
f 3345/2/4 3344/2/4 3346/2/4
f 3347/2/4 3348/2/4 3349/2/4
f 3349/2/4 3348/2/4 3350/2/4
f 3351/2/4 3352/2/4 3353/2/4
f 3353/2/4 3352/2/4 3354/2/4
f 3354/2/4 3352/2/4 3355/2/4
f 3356/2/4 3357/2/4 3359/2/4
f 3357/2/4 3358/2/4 3359/2/4
f 3359/2/4 3358/2/4 3360/2/4
f 3361/2/4 3362/2/4 3363/2/4
f 3363/2/4 3362/2/4 3364/2/4
f 3364/2/4 3365/2/4 3366/2/4
f 3366/2/4 3365/2/4 3367/2/4
f 3368/2/4 3369/2/4 3371/2/4
f 3371/2/4 3369/2/4 3372/2/4
f 3370/2/4 3371/2/4 3373/2/4
f 3373/2/4 3371/2/4 3374/2/4
f 3375/2/4 3376/2/4 3377/2/4
f 3377/2/4 3376/2/4 3378/2/4
f 3379/2/4 3380/2/4 3381/2/4
f 3381/2/4 3380/2/4 3382/2/4
f 3383/2/4 3384/2/4 3385/2/4
f 3385/2/4 3384/2/4 3386/2/4
f 3387/2/4 3388/2/4 3389/2/4
f 3389/2/4 3388/2/4 3390/2/4
f 3391/2/4 3392/2/4 3393/2/4
f 3393/2/4 3392/2/4 3394/2/4
f 3395/2/4 3396/2/4 3397/2/4
f 3397/2/4 3396/2/4 3398/2/4
f 3398/2/4 3396/2/4 3399/2/4
f 3400/2/4 3401/2/4 3403/2/4
f 3401/2/4 3402/2/4 3403/2/4
f 3403/2/4 3402/2/4 3404/2/4
f 3405/2/4 3406/2/4 3407/2/4
f 3407/2/4 3406/2/4 3408/2/4
f 3409/2/4 3410/2/4 3411/2/4
f 3411/2/4 3410/2/4 3412/2/4
f 3412/2/4 3410/2/4 3413/2/4
f 3414/2/4 3415/2/4 3417/2/4
f 3415/2/4 3416/2/4 3417/2/4
f 3417/2/4 3416/2/4 3418/2/4
f 3419/3/4 3420/3/4 3423/3/4
f 3423/3/4 3420/3/4 3424/3/4
f 3421/3/4 3422/3/4 3425/3/4
f 3425/3/4 3422/3/4 3426/3/4
f 3427/3/4 3428/3/4 3431/3/4
f 3431/3/4 3428/3/4 3432/3/4
f 3429/3/4 3430/3/4 3433/3/4
f 3433/3/4 3430/3/4 3434/3/4
f 3435/3/4 3436/3/4 3437/3/4
f 3437/3/4 3436/3/4 3438/3/4
f 3439/1/4 3440/1/4 3441/1/4
f 3441/1/4 3440/1/4 3442/1/4
f 3443/3/4 3444/3/4 3445/3/4
f 3445/3/4 3444/3/4 3446/3/4
f 3447/3/4 3448/3/4 3449/3/4
f 3449/3/4 3448/3/4 3450/3/4
f 3451/3/4 3452/3/4 3453/3/4
f 3453/3/4 3452/3/4 3454/3/4
f 3455/3/4 3456/3/4 3459/3/4
f 3459/3/4 3456/3/4 3460/3/4
f 3457/3/4 3458/3/4 3461/3/4
f 3461/3/4 3458/3/4 3462/3/4
f 3463/1/4 3464/1/4 3467/1/4
f 3467/1/4 3464/1/4 3468/1/4
f 3465/1/4 3466/1/4 3469/1/4
f 3469/1/4 3466/1/4 3470/1/4
f 3471/1/4 3472/1/4 3475/1/4
f 3475/1/4 3472/1/4 3476/1/4
f 3473/1/4 3474/1/4 3477/1/4
f 3477/1/4 3474/1/4 3478/1/4
f 3479/1/4 3480/1/4 3481/1/4
f 3481/1/4 3480/1/4 3482/1/4
f 3483/3/4 3484/3/4 3485/3/4
f 3485/3/4 3484/3/4 3486/3/4
f 3487/3/4 3488/3/4 3489/3/4
f 3489/3/4 3488/3/4 3490/3/4
f 3491/3/4 3492/3/4 3493/3/4
f 3493/3/4 3492/3/4 3494/3/4
f 3495/3/4 3496/3/4 3499/3/4
f 3499/3/4 3496/3/4 3500/3/4
f 3497/1/4 3498/1/4 3501/1/4
f 3501/1/4 3498/1/4 3502/1/4
f 3503/1/4 3504/1/4 3507/1/4
f 3507/1/4 3504/1/4 3508/1/4
f 3505/1/4 3506/1/4 3509/1/4
f 3509/1/4 3506/1/4 3510/1/4
f 3511/1/4 3512/1/4 3515/1/4
f 3515/1/4 3512/1/4 3516/1/4
f 3513/1/4 3514/1/4 3517/1/4
f 3517/1/4 3514/1/4 3518/1/4
f 3519/3/4 3520/3/4 3521/3/4
f 3521/3/4 3520/3/4 3522/3/4
f 3523/3/4 3524/3/4 3527/3/4
f 3527/3/4 3524/3/4 3528/3/4
f 3525/3/4 3526/3/4 3529/3/4
f 3529/3/4 3526/3/4 3530/3/4
f 3531/3/4 3532/3/4 3533/3/4
f 3533/3/4 3532/3/4 3534/3/4
f 3535/3/4 3536/3/4 3537/3/4
f 3537/3/4 3536/3/4 3538/3/4
f 3539/3/4 3540/3/4 3541/3/4
f 3541/3/4 3540/3/4 3542/3/4
f 3543/3/4 3544/3/4 3545/3/4
f 3545/3/4 3544/3/4 3546/3/4
f 3547/3/4 3548/3/4 3549/3/4
f 3549/3/4 3548/3/4 3550/3/4
f 3551/3/4 3552/3/4 3555/3/4
f 3555/3/4 3552/3/4 3556/3/4
f 3553/3/4 3554/3/4 3557/3/4
f 3557/3/4 3554/3/4 3558/3/4
f 3559/3/4 3560/3/4 3563/3/4
f 3563/3/4 3560/3/4 3564/3/4
f 3561/3/4 3562/3/4 3565/3/4
f 3565/3/4 3562/3/4 3566/3/4
f 3567/3/4 3568/3/4 3569/3/4
f 3569/3/4 3568/3/4 3570/3/4
f 3571/1/4 3572/1/4 3575/1/4
f 3575/1/4 3572/1/4 3576/1/4
f 3573/1/4 3574/1/4 3577/1/4
f 3577/1/4 3574/1/4 3578/1/4
f 3579/1/4 3580/1/4 3581/1/4
f 3581/1/4 3580/1/4 3582/1/4
f 3583/3/4 3584/3/4 3585/3/4
f 3585/3/4 3584/3/4 3586/3/4
f 3587/3/4 3588/3/4 3589/3/4
f 3589/3/4 3588/3/4 3590/3/4
f 3591/3/4 3592/3/4 3593/3/4
f 3593/3/4 3592/3/4 3594/3/4
f 3595/1/4 3596/1/4 3597/1/4
f 3597/1/4 3596/1/4 3598/1/4
f 3599/3/4 3600/3/4 3601/3/4
f 3601/3/4 3600/3/4 3602/3/4
f 3603/3/4 3604/3/4 3605/3/4
f 3605/3/4 3604/3/4 3606/3/4
f 3607/1/4 3608/1/4 3609/1/4
f 3609/1/4 3608/1/4 3610/1/4
f 3611/3/4 3612/3/4 3615/3/4
f 3615/3/4 3612/3/4 3616/3/4
f 3613/3/4 3614/3/4 3617/3/4
f 3617/3/4 3614/3/4 3618/3/4
f 3619/3/4 3620/3/4 3623/3/4
f 3623/3/4 3620/3/4 3624/3/4
f 3621/1/4 3622/1/4 3625/1/4
f 3625/1/4 3622/1/4 3626/1/4
f 3627/1/4 3628/1/4 3631/1/4
f 3631/1/4 3628/1/4 3632/1/4
f 3629/1/4 3630/1/4 3633/1/4
f 3633/1/4 3630/1/4 3634/1/4
f 3635/3/4 3636/3/4 3637/3/4
f 3637/3/4 3636/3/4 3638/3/4
f 3639/3/4 3640/3/4 3641/3/4
f 3641/3/4 3640/3/4 3642/3/4
f 3643/1/4 3644/1/4 3647/1/4
f 3647/1/4 3644/1/4 3648/1/4
f 3645/1/4 3646/1/4 3649/1/4
f 3649/1/4 3646/1/4 3650/1/4
f 3651/3/4 3652/3/4 3653/3/4
f 3653/3/4 3652/3/4 3654/3/4
f 3655/3/4 3656/3/4 3657/3/4
f 3657/3/4 3656/3/4 3658/3/4
f 3659/3/4 3660/3/4 3661/3/4
f 3661/3/4 3660/3/4 3662/3/4
f 3663/1/4 3664/1/4 3665/1/4
f 3665/1/4 3664/1/4 3666/1/4
f 3667/3/4 3668/3/4 3669/3/4
f 3669/3/4 3668/3/4 3670/3/4
f 3671/1/4 3672/1/4 3673/1/4
f 3673/1/4 3672/1/4 3674/1/4
f 3675/3/4 3676/3/4 3679/3/4
f 3679/3/4 3676/3/4 3680/3/4
f 3677/3/4 3678/3/4 3681/3/4
f 3681/3/4 3678/3/4 3682/3/4
f 3683/3/4 3684/3/4 3687/3/4
f 3687/3/4 3684/3/4 3688/3/4
f 3685/1/4 3686/1/4 3689/1/4
f 3689/1/4 3686/1/4 3690/1/4
f 3691/1/4 3692/1/4 3695/1/4
f 3695/1/4 3692/1/4 3696/1/4
f 3693/3/4 3694/3/4 3697/3/4
f 3697/3/4 3694/3/4 3698/3/4
f 3699/3/4 3700/3/4 3701/3/4
f 3701/3/4 3700/3/4 3702/3/4
f 3703/1/4 3704/1/4 3707/1/4
f 3707/1/4 3704/1/4 3708/1/4
f 3705/1/4 3706/1/4 3709/1/4
f 3709/1/4 3706/1/4 3710/1/4
f 3710/3/4 3711/3/4 3714/3/4
f 3714/3/4 3711/3/4 3715/3/4
f 3712/3/4 3713/3/4 3716/3/4
f 3716/3/4 3713/3/4 3717/3/4
f 3718/1/4 3719/1/4 3722/1/4
f 3722/1/4 3719/1/4 3723/1/4
f 3720/1/4 3721/1/4 3724/1/4
f 3724/1/4 3721/1/4 3725/1/4
f 3726/3/4 3727/3/4 3728/3/4
f 3728/3/4 3727/3/4 3729/3/4
f 3730/3/4 3731/3/4 3732/3/4
f 3732/3/4 3731/3/4 3733/3/4
f 3734/3/4 3735/3/4 3738/3/4
f 3738/3/4 3735/3/4 3739/3/4
f 3736/1/4 3737/1/4 3740/1/4
f 3740/1/4 3737/1/4 3741/1/4
f 3742/1/4 3743/1/4 3744/1/4
f 3744/1/4 3743/1/4 3745/1/4
f 3746/3/4 3747/3/4 3750/3/4
f 3750/3/4 3747/3/4 3751/3/4
f 3748/3/4 3749/3/4 3752/3/4
f 3752/3/4 3749/3/4 3753/3/4
f 3754/3/4 3755/3/4 3758/3/4
f 3758/3/4 3755/3/4 3759/3/4
f 3756/1/4 3757/1/4 3760/1/4
f 3760/1/4 3757/1/4 3761/1/4
f 3762/1/4 3763/1/4 3766/1/4
f 3766/1/4 3763/1/4 3767/1/4
f 3764/3/4 3765/3/4 3768/3/4
f 3768/3/4 3765/3/4 3769/3/4
f 3770/3/4 3771/3/4 3775/3/4
f 3775/3/4 3771/3/4 3776/3/4
f 3772/1/4 3773/1/4 3777/1/4
f 3777/1/4 3773/1/4 3778/1/4
f 3774/1/4 3775/1/4 3779/1/4
f 3779/1/4 3775/1/4 3780/1/4
f 3781/2/4 3782/2/4 3784/2/4
f 3782/3/4 3783/3/4 3785/3/4
f 3784/2/4 3782/2/4 3785/2/4
f 3785/3/4 3783/3/4 3786/3/4
f 3787/1/4 3788/1/4 3791/1/4
f 3791/1/4 3788/1/4 3792/1/4
f 3789/1/4 3790/1/4 3793/1/4
f 3793/1/4 3790/1/4 3794/1/4
f 3794/3/4 3795/3/4 3798/3/4
f 3798/3/4 3795/3/4 3799/3/4
f 3796/3/4 3797/3/4 3800/3/4
f 3800/3/4 3797/3/4 3801/3/4
f 3802/1/4 3803/1/4 3806/1/4
f 3806/1/4 3803/1/4 3807/1/4
f 3804/1/4 3805/1/4 3808/1/4
f 3808/1/4 3805/1/4 3809/1/4
f 3810/3/4 3811/3/4 3812/3/4
f 3812/3/4 3811/3/4 3813/3/4
f 3814/3/4 3815/3/4 3816/3/4
f 3816/3/4 3815/3/4 3817/3/4
f 3818/3/4 3819/3/4 3822/3/4
f 3822/3/4 3819/3/4 3823/3/4
f 3820/1/4 3821/1/4 3824/1/4
f 3824/1/4 3821/1/4 3825/1/4
f 3826/3/4 3827/3/4 3828/3/4
f 3828/3/4 3827/3/4 3829/3/4
f 3830/3/4 3831/3/4 3832/3/4
f 3832/3/4 3831/3/4 3833/3/4
f 3834/3/4 3835/3/4 3838/3/4
f 3838/3/4 3835/3/4 3839/3/4
f 3836/1/4 3837/1/4 3840/1/4
f 3840/1/4 3837/1/4 3841/1/4
f 3842/1/4 3843/1/4 3846/1/4
f 3846/1/4 3843/1/4 3847/1/4
f 3844/3/4 3845/3/4 3848/3/4
f 3848/3/4 3845/3/4 3849/3/4
f 3850/3/4 3851/3/4 3855/3/4
f 3855/3/4 3851/3/4 3856/3/4
f 3852/1/4 3853/1/4 3857/1/4
f 3857/1/4 3853/1/4 3858/1/4
f 3854/1/4 3855/1/4 3859/1/4
f 3859/1/4 3855/1/4 3860/1/4
f 3861/2/4 3862/2/4 3864/2/4
f 3862/3/4 3863/3/4 3865/3/4
f 3864/2/4 3862/2/4 3865/2/4
f 3865/3/4 3863/3/4 3866/3/4
f 3867/2/4 3868/2/4 3869/2/4
f 3869/2/4 3868/2/4 3870/2/4
f 3870/2/4 3871/2/4 3872/2/4
f 3872/2/4 3871/2/4 3873/2/4
f 3872/2/4 3873/2/4 3876/2/4
f 3873/2/4 3874/2/4 3876/2/4
f 3874/3/4 3875/3/4 3877/3/4
f 3876/2/4 3874/2/4 3877/2/4
f 3877/3/4 3875/3/4 3878/3/4
f 3879/1/4 3880/1/4 3883/1/4
f 3883/1/4 3880/1/4 3884/1/4
f 3881/1/4 3882/1/4 3885/1/4
f 3885/1/4 3882/1/4 3886/1/4
f 3886/3/4 3887/3/4 3890/3/4
f 3890/3/4 3887/3/4 3891/3/4
f 3888/3/4 3889/3/4 3892/3/4
f 3892/3/4 3889/3/4 3893/3/4
f 3894/1/4 3895/1/4 3898/1/4
f 3898/1/4 3895/1/4 3899/1/4
f 3896/1/4 3897/1/4 3900/1/4
f 3900/1/4 3897/1/4 3901/1/4
f 3902/3/4 3903/3/4 3906/3/4
f 3906/3/4 3903/3/4 3907/3/4
f 3904/3/4 3905/3/4 3908/3/4
f 3908/3/4 3905/3/4 3909/3/4
f 3910/3/4 3911/3/4 3912/3/4
f 3912/3/4 3911/3/4 3913/3/4
f 3914/3/4 3915/3/4 3916/3/4
f 3916/3/4 3915/3/4 3917/3/4
f 3918/3/4 3919/3/4 3922/3/4
f 3922/3/4 3919/3/4 3923/3/4
f 3920/1/4 3921/1/4 3924/1/4
f 3924/1/4 3921/1/4 3925/1/4
f 3926/1/4 3927/1/4 3930/1/4
f 3930/1/4 3927/1/4 3931/1/4
f 3928/3/4 3929/3/4 3932/3/4
f 3932/3/4 3929/3/4 3933/3/4
f 3934/3/4 3935/3/4 3939/3/4
f 3939/3/4 3935/3/4 3940/3/4
f 3936/1/4 3937/1/4 3941/1/4
f 3941/1/4 3937/1/4 3942/1/4
f 3938/1/4 3939/1/4 3943/1/4
f 3943/1/4 3939/1/4 3944/1/4
f 3945/2/4 3946/2/4 3948/2/4
f 3948/2/4 3946/2/4 3949/2/4
f 3946/3/4 3947/3/4 3950/3/4
f 3949/2/4 3946/2/4 3950/2/4
f 3950/3/4 3947/3/4 3951/3/4
f 3948/2/4 3949/2/4 3953/2/4
f 3953/2/4 3949/2/4 3954/2/4
f 3952/2/4 3953/2/4 3955/2/4
f 3955/2/4 3953/2/4 3956/2/4
f 3957/2/4 3958/2/4 3959/2/4
f 3959/2/4 3958/2/4 3960/2/4
f 3960/2/4 3961/2/4 3962/2/4
f 3962/2/4 3961/2/4 3963/2/4
f 3962/2/4 3963/2/4 3965/2/4
f 3963/2/4 3964/2/4 3965/2/4
f 3965/2/4 3964/2/4 3966/2/4
f 3967/3/4 3968/3/4 3969/3/4
f 3969/3/4 3968/3/4 3970/3/4
f 3971/1/4 3972/1/4 3975/1/4
f 3975/1/4 3972/1/4 3976/1/4
f 3973/1/4 3974/1/4 3977/1/4
f 3977/1/4 3974/1/4 3978/1/4
f 3978/3/4 3979/3/4 3982/3/4
f 3982/3/4 3979/3/4 3983/3/4
f 3980/3/4 3981/3/4 3984/3/4
f 3984/3/4 3981/3/4 3985/3/4
f 3986/1/4 3987/1/4 3990/1/4
f 3988/1/4 3989/1/4 3991/1/4
f 3991/1/4 3989/1/4 3992/1/4
f 3990/1/4 3987/1/4 3993/1/4
f 3993/1/4 3987/1/4 3994/1/4
f 3995/3/4 3996/3/4 3999/3/4
f 3999/3/4 3996/3/4 4000/3/4
f 3997/3/4 3998/3/4 4001/3/4
f 4001/3/4 3998/3/4 4002/3/4
f 4003/3/4 4004/3/4 4005/3/4
f 4005/3/4 4004/3/4 4006/3/4
f 4007/3/4 4008/3/4 4009/3/4
f 4009/3/4 4008/3/4 4010/3/4
f 4011/1/4 4012/1/4 4015/1/4
f 4015/1/4 4012/1/4 4016/1/4
f 4013/1/4 4014/1/4 4017/1/4
f 4017/1/4 4014/1/4 4020/1/4
f 4020/1/4 4014/1/4 4021/1/4
f 4018/3/4 4019/3/4 4022/3/4
f 4022/3/4 4019/3/4 4023/3/4
f 4024/3/4 4025/3/4 4029/3/4
f 4029/3/4 4025/3/4 4030/3/4
f 4026/1/4 4027/1/4 4031/1/4
f 4031/1/4 4027/1/4 4032/1/4
f 4028/1/4 4029/1/4 4033/1/4
f 4033/1/4 4029/1/4 4034/1/4
f 4035/3/4 4036/3/4 4037/3/4
f 4037/3/4 4036/3/4 4038/3/4
f 4039/2/4 4040/2/4 4041/2/4
f 4041/2/4 4040/2/4 4042/2/4
f 4042/2/4 4040/2/4 4043/2/4
f 4041/2/4 4042/2/4 4045/2/4
f 4045/2/4 4042/2/4 4046/2/4
f 4044/2/4 4045/2/4 4047/2/4
f 4047/2/4 4045/2/4 4048/2/4
f 4049/2/4 4050/2/4 4051/2/4
f 4051/2/4 4050/2/4 4052/2/4
f 4052/2/4 4050/2/4 4053/2/4
f 4053/2/4 4054/2/4 4055/2/4
f 4052/2/4 4053/2/4 4055/2/4
f 4055/2/4 4054/2/4 4056/2/4
f 4057/3/4 4058/3/4 4059/3/4
f 4059/3/4 4058/3/4 4060/3/4
f 4061/1/4 4062/1/4 4065/1/4
f 4065/1/4 4062/1/4 4066/1/4
f 4063/1/4 4064/1/4 4067/1/4
f 4067/1/4 4064/1/4 4068/1/4
f 4070/3/4 4071/3/4 4072/3/4
f 4072/3/4 4071/3/4 4073/3/4
f 4068/3/4 4069/3/4 4074/3/4
f 4074/3/4 4069/3/4 4075/3/4
f 4076/1/4 4077/1/4 4080/1/4
f 4080/1/4 4077/1/4 4081/1/4
f 4078/1/4 4079/1/4 4082/1/4
f 4082/1/4 4079/1/4 4083/1/4
f 4084/3/4 4085/3/4 4088/3/4
f 4088/3/4 4085/3/4 4089/3/4
f 4086/3/4 4087/3/4 4090/3/4
f 4090/3/4 4087/3/4 4091/3/4
f 4092/3/4 4093/3/4 4094/3/4
f 4094/3/4 4093/3/4 4095/3/4
f 4096/1/4 4097/1/4 4100/1/4
f 4100/1/4 4097/1/4 4101/1/4
f 4098/1/4 4099/1/4 4102/1/4
f 4102/1/4 4099/1/4 4103/1/4
f 4104/3/4 4105/3/4 4108/3/4
f 4108/3/4 4105/3/4 4109/3/4
f 4106/3/4 4107/3/4 4113/3/4
f 4113/3/4 4107/3/4 4114/3/4
f 4110/1/4 4111/1/4 4115/1/4
f 4115/1/4 4111/1/4 4116/1/4
f 4112/1/4 4113/1/4 4117/1/4
f 4117/1/4 4113/1/4 4118/1/4
f 4119/3/4 4120/3/4 4121/3/4
f 4121/3/4 4120/3/4 4122/3/4
f 4123/2/4 4124/2/4 4126/2/4
f 4126/2/4 4124/2/4 4127/2/4
f 4127/2/4 4124/2/4 4128/2/4
f 4125/2/4 4126/2/4 4129/2/4
f 4126/2/4 4127/2/4 4129/2/4
f 4129/2/4 4127/2/4 4130/2/4
f 4131/3/4 4132/3/4 4133/3/4
f 4133/3/4 4132/3/4 4134/3/4
f 4135/1/4 4136/1/4 4139/1/4
f 4139/1/4 4136/1/4 4140/1/4
f 4137/1/4 4138/1/4 4141/1/4
f 4141/1/4 4138/1/4 4142/1/4
f 4143/3/4 4144/3/4 4147/3/4
f 4147/3/4 4144/3/4 4148/3/4
f 4145/3/4 4146/3/4 4149/3/4
f 4149/3/4 4146/3/4 4150/3/4
f 4151/1/4 4152/1/4 4155/1/4
f 4153/1/4 4154/1/4 4156/1/4
f 4151/1/4 4155/1/4 4157/1/4
f 4157/1/4 4155/1/4 4158/1/4
f 4156/1/4 4154/1/4 4159/1/4
f 4159/1/4 4154/1/4 4160/1/4
f 4161/3/4 4162/3/4 4163/3/4
f 4163/3/4 4162/3/4 4164/3/4
f 4165/1/4 4166/1/4 4169/1/4
f 4167/1/4 4168/1/4 4170/1/4
f 4165/1/4 4169/1/4 4171/1/4
f 4171/1/4 4169/1/4 4172/1/4
f 4170/1/4 4168/1/4 4173/1/4
f 4173/1/4 4168/1/4 4174/1/4
f 4175/3/4 4176/3/4 4179/3/4
f 4179/3/4 4176/3/4 4180/3/4
f 4177/3/4 4178/3/4 4181/3/4
f 4181/3/4 4178/3/4 4182/3/4
f 4183/1/4 4184/1/4 4187/1/4
f 4187/1/4 4184/1/4 4188/1/4
f 4185/1/4 4186/1/4 4189/1/4
f 4189/1/4 4186/1/4 4190/1/4
f 4191/3/4 4192/3/4 4193/3/4
f 4193/3/4 4192/3/4 4194/3/4
f 4195/3/4 4196/3/4 4197/3/4
f 4197/3/4 4196/3/4 4198/3/4
f 4199/1/4 4200/1/4 4203/1/4
f 4203/1/4 4200/1/4 4204/1/4
f 4201/1/4 4202/1/4 4205/1/4
f 4205/1/4 4202/1/4 4206/1/4
f 4207/3/4 4208/3/4 4211/3/4
f 4211/3/4 4208/3/4 4212/3/4
f 4209/3/4 4210/3/4 4213/3/4
f 4213/3/4 4210/3/4 4214/3/4
f 4215/1/4 4216/1/4 4219/1/4
f 4217/1/4 4218/1/4 4220/1/4
f 4215/1/4 4219/1/4 4221/1/4
f 4220/1/4 4218/1/4 4222/1/4
f 4215/1/4 4221/1/4 4223/1/4
f 4223/1/4 4221/1/4 4224/1/4
f 4222/1/4 4218/1/4 4225/1/4
f 4225/1/4 4218/1/4 4226/1/4
f 4227/3/4 4228/3/4 4231/3/4
f 4231/3/4 4228/3/4 4232/3/4
f 4229/3/4 4230/3/4 4233/3/4
f 4233/3/4 4230/3/4 4234/3/4
f 4235/1/4 4236/1/4 4239/1/4
f 4239/1/4 4236/1/4 4240/1/4
f 4237/1/4 4238/1/4 4241/1/4
f 4241/1/4 4238/1/4 4242/1/4
f 4243/3/4 4244/3/4 4245/3/4
f 4245/3/4 4244/3/4 4246/3/4
f 4247/2/4 4248/2/4 4250/2/4
f 4248/3/4 4249/3/4 4251/3/4
f 4250/2/4 4248/2/4 4251/2/4
f 4251/3/4 4249/3/4 4252/3/4
f 4253/1/4 4254/1/4 4257/1/4
f 4255/1/4 4256/1/4 4258/1/4
f 4253/1/4 4257/1/4 4259/1/4
f 4259/1/4 4257/1/4 4260/1/4
f 4258/1/4 4256/1/4 4261/1/4
f 4261/1/4 4256/1/4 4262/1/4
f 4263/3/4 4264/3/4 4267/3/4
f 4267/3/4 4264/3/4 4268/3/4
f 4265/3/4 4266/3/4 4269/3/4
f 4269/3/4 4266/3/4 4270/3/4
f 4271/3/4 4272/3/4 4275/3/4
f 4275/3/4 4272/3/4 4276/3/4
f 4273/3/4 4274/3/4 4277/3/4
f 4277/3/4 4274/3/4 4278/3/4
f 4279/1/4 4280/1/4 4283/1/4
f 4281/1/4 4282/1/4 4284/1/4
f 4279/1/4 4283/1/4 4285/1/4
f 4285/1/4 4283/1/4 4286/1/4
f 4284/1/4 4282/1/4 4287/1/4
f 4287/1/4 4282/1/4 4288/1/4
f 4289/2/4 4290/2/4 4292/2/4
f 4290/3/4 4291/3/4 4293/3/4
f 4292/2/4 4290/2/4 4293/2/4
f 4293/3/4 4291/3/4 4294/3/4
f 4295/2/4 4296/2/4 4297/2/4
f 4297/2/4 4296/2/4 4298/2/4
f 4298/2/4 4299/2/4 4300/2/4
f 4300/2/4 4299/2/4 4301/2/4
f 4300/2/4 4301/2/4 4304/2/4
f 4301/2/4 4302/2/4 4304/2/4
f 4302/3/4 4303/3/4 4305/3/4
f 4304/2/4 4302/2/4 4305/2/4
f 4305/3/4 4303/3/4 4306/3/4
f 4306/3/4 4303/3/4 4307/3/4
f 4308/1/4 4309/1/4 4312/1/4
f 4310/1/4 4311/1/4 4313/1/4
f 4308/1/4 4312/1/4 4314/1/4
f 4314/1/4 4312/1/4 4315/1/4
f 4313/1/4 4311/1/4 4316/1/4
f 4316/1/4 4311/1/4 4317/1/4
f 4318/3/4 4319/3/4 4322/3/4
f 4322/3/4 4319/3/4 4323/3/4
f 4320/3/4 4321/3/4 4324/3/4
f 4324/3/4 4321/3/4 4325/3/4
f 4326/1/4 4327/1/4 4330/1/4
f 4328/1/4 4329/1/4 4331/1/4
f 4326/1/4 4330/1/4 4332/1/4
f 4332/1/4 4330/1/4 4333/1/4
f 4331/1/4 4329/1/4 4334/1/4
f 4334/1/4 4329/1/4 4335/1/4
f 4336/3/4 4337/3/4 4339/3/4
f 4338/2/4 4339/2/4 4340/2/4
f 4340/2/4 4339/2/4 4341/2/4
f 4339/3/4 4337/3/4 4342/3/4
f 4341/2/4 4339/2/4 4342/2/4
f 4342/3/4 4337/3/4 4343/3/4
f 4340/2/4 4341/2/4 4345/2/4
f 4345/2/4 4341/2/4 4346/2/4
f 4344/2/4 4345/2/4 4347/2/4
f 4347/2/4 4345/2/4 4348/2/4
f 4349/2/4 4350/2/4 4351/2/4
f 4351/2/4 4350/2/4 4352/2/4
f 4352/2/4 4353/2/4 4354/2/4
f 4354/2/4 4353/2/4 4355/2/4
f 4354/2/4 4355/2/4 4357/2/4
f 4355/2/4 4356/2/4 4357/2/4
f 4357/2/4 4356/2/4 4358/2/4
f 4359/3/4 4360/3/4 4361/3/4
f 4361/3/4 4360/3/4 4362/3/4
f 4363/1/4 4364/1/4 4367/1/4
f 4367/1/4 4364/1/4 4368/1/4
f 4365/1/4 4366/1/4 4369/1/4
f 4369/1/4 4366/1/4 4370/1/4
f 4371/3/4 4372/3/4 4373/3/4
f 4373/3/4 4372/3/4 4374/3/4
f 4375/2/4 4376/2/4 4377/2/4
f 4377/2/4 4376/2/4 4378/2/4
f 4378/2/4 4376/2/4 4379/2/4
f 4377/2/4 4378/2/4 4381/2/4
f 4381/2/4 4378/2/4 4382/2/4
f 4380/2/4 4381/2/4 4383/2/4
f 4383/2/4 4381/2/4 4384/2/4
f 4385/2/4 4386/2/4 4387/2/4
f 4387/2/4 4386/2/4 4388/2/4
f 4388/2/4 4386/2/4 4389/2/4
f 4389/2/4 4390/2/4 4391/2/4
f 4388/2/4 4389/2/4 4391/2/4
f 4391/2/4 4390/2/4 4392/2/4
f 4393/3/4 4394/3/4 4395/3/4
f 4395/3/4 4394/3/4 4396/3/4
f 4397/2/4 4398/2/4 4400/2/4
f 4400/2/4 4398/2/4 4401/2/4
f 4401/2/4 4398/2/4 4402/2/4
f 4399/2/4 4400/2/4 4403/2/4
f 4400/2/4 4401/2/4 4403/2/4
f 4403/2/4 4401/2/4 4404/2/4
f 4409/2/5 4406/2/5 4405/2/5
f 4410/2/5 4406/2/5 4409/2/5
f 4411/2/5 4408/2/5 4407/2/5
f 4412/2/5 4408/2/5 4411/2/5
f 4417/2/5 4414/2/5 4413/2/5
f 4418/2/5 4414/2/5 4417/2/5
f 4419/2/5 4416/2/5 4415/2/5
f 4420/2/5 4416/2/5 4419/2/5
f 4425/2/5 4422/2/5 4421/2/5
f 4426/2/5 4422/2/5 4425/2/5
f 4427/2/5 4424/2/5 4423/2/5
f 4428/2/5 4424/2/5 4427/2/5
f 4433/2/5 4430/2/5 4429/2/5
f 4434/2/5 4430/2/5 4433/2/5
f 4435/2/5 4432/2/5 4431/2/5
f 4436/2/5 4432/2/5 4435/2/5
f 4442/2/5 4438/2/5 4437/2/5
f 4443/2/5 4438/2/5 4442/2/5
f 4444/2/5 4440/2/5 4439/2/5
f 4445/2/5 4440/2/5 4444/2/5
f 4447/2/5 4442/2/5 4441/2/5
f 4448/2/5 4442/2/5 4447/2/5
f 4449/2/5 4446/2/5 4445/2/5
f 4450/2/5 4446/2/5 4449/2/5
f 4456/2/5 4452/2/5 4451/2/5
f 4457/2/5 4452/2/5 4456/2/5
f 4458/2/5 4454/2/5 4453/2/5
f 4459/2/5 4454/2/5 4458/2/5
f 4461/2/5 4456/2/5 4455/2/5
f 4462/2/5 4456/2/5 4461/2/5
f 4463/2/5 4460/2/5 4459/2/5
f 4464/2/5 4460/2/5 4463/2/5
f 4469/2/5 4466/2/5 4465/2/5
f 4470/2/5 4466/2/5 4469/2/5
f 4473/2/5 4468/2/5 4467/2/5
f 4474/2/5 4468/2/5 4473/2/5
f 4475/2/5 4471/2/5 4470/2/5
f 4476/2/5 4471/2/5 4475/2/5
f 4477/2/5 4473/2/5 4472/2/5
f 4478/2/5 4473/2/5 4477/2/5
f 4483/2/5 4480/2/5 4479/2/5
f 4484/2/5 4480/2/5 4483/2/5
f 4487/2/5 4482/2/5 4481/2/5
f 4488/2/5 4482/2/5 4487/2/5
f 4489/2/5 4485/2/5 4484/2/5
f 4490/2/5 4485/2/5 4489/2/5
f 4491/2/5 4487/2/5 4486/2/5
f 4492/2/5 4487/2/5 4491/2/5
f 4499/2/5 4494/2/5 4493/2/5
f 4499/2/5 4495/2/5 4494/2/5
f 4500/2/5 4495/2/5 4499/2/5
f 4501/2/5 4495/2/5 4500/2/5
f 4502/2/5 4498/2/5 4497/2/5
f 4502/2/5 4497/2/5 4496/2/5
f 4503/2/5 4498/2/5 4502/2/5
f 4504/2/5 4498/2/5 4503/2/5
f 4505/2/5 4500/2/5 4499/2/5
f 4506/2/5 4500/2/5 4505/2/5
f 4507/2/5 4504/2/5 4503/2/5
f 4508/2/5 4504/2/5 4507/2/5
f 4515/2/5 4511/2/5 4510/2/5
f 4515/2/5 4510/2/5 4509/2/5
f 4516/2/5 4511/2/5 4515/2/5
f 4517/2/5 4511/2/5 4516/2/5
f 4518/2/5 4514/2/5 4513/2/5
f 4518/2/5 4513/2/5 4512/2/5
f 4519/2/5 4514/2/5 4518/2/5
f 4520/2/5 4514/2/5 4519/2/5
f 4521/2/5 4516/2/5 4515/2/5
f 4522/2/5 4516/2/5 4521/2/5
f 4523/2/5 4520/2/5 4519/2/5
f 4524/2/5 4520/2/5 4523/2/5
f 4528/3/5 4526/3/5 4525/3/5
f 4529/3/5 4526/3/5 4528/3/5
f 4532/3/5 4528/3/5 4527/3/5
f 4533/1/5 4529/1/5 4528/1/5
f 4533/3/5 4528/3/5 4532/3/5
f 4534/3/5 4530/3/5 4529/3/5
f 4534/1/5 4529/1/5 4533/1/5
f 4535/3/5 4530/3/5 4534/3/5
f 4537/3/5 4532/3/5 4531/3/5
f 4538/1/5 4533/1/5 4532/1/5
f 4538/3/5 4532/3/5 4537/3/5
f 4538/1/5 4534/1/5 4533/1/5
f 4538/1/5 4535/1/5 4534/1/5
f 4539/1/5 4535/1/5 4538/1/5
f 4540/1/5 4535/1/5 4539/1/5
f 4541/3/5 4536/3/5 4535/3/5
f 4541/1/5 4535/1/5 4540/1/5
f 4542/3/5 4536/3/5 4541/3/5
f 4543/3/5 4539/3/5 4538/3/5
f 4544/1/5 4540/1/5 4539/1/5
f 4544/3/5 4539/3/5 4543/3/5
f 4545/3/5 4541/3/5 4540/3/5
f 4545/1/5 4540/1/5 4544/1/5
f 4546/3/5 4541/3/5 4545/3/5
f 4547/3/5 4545/3/5 4544/3/5
f 4548/3/5 4545/3/5 4547/3/5
f 4553/2/5 4550/2/5 4549/2/5
f 4554/2/5 4550/2/5 4553/2/5
f 4557/2/5 4552/2/5 4551/2/5
f 4558/2/5 4552/2/5 4557/2/5
f 4559/2/5 4555/2/5 4554/2/5
f 4559/2/5 4554/2/5 4553/2/5
f 4560/2/5 4555/2/5 4559/2/5
f 4561/2/5 4555/2/5 4560/2/5
f 4562/2/5 4558/2/5 4557/2/5
f 4562/2/5 4557/2/5 4556/2/5
f 4563/2/5 4558/2/5 4562/2/5
f 4564/2/5 4558/2/5 4563/2/5
f 4569/2/5 4566/2/5 4565/2/5
f 4570/2/5 4566/2/5 4569/2/5
f 4573/2/5 4568/2/5 4567/2/5
f 4574/2/5 4568/2/5 4573/2/5
f 4575/2/5 4571/2/5 4570/2/5
f 4575/2/5 4570/2/5 4569/2/5
f 4576/2/5 4571/2/5 4575/2/5
f 4577/2/5 4571/2/5 4576/2/5
f 4578/2/5 4574/2/5 4573/2/5
f 4578/2/5 4573/2/5 4572/2/5
f 4579/2/5 4574/2/5 4578/2/5
f 4580/2/5 4574/2/5 4579/2/5
f 4584/1/5 4582/1/5 4581/1/5
f 4585/1/5 4582/1/5 4584/1/5
f 4588/1/5 4584/1/5 4583/1/5
f 4588/1/5 4586/1/5 4585/1/5
f 4588/1/5 4585/1/5 4584/1/5
f 4589/1/5 4586/1/5 4588/1/5
f 4592/1/5 4588/1/5 4587/1/5
f 4592/1/5 4590/1/5 4589/1/5
f 4592/1/5 4589/1/5 4588/1/5
f 4593/1/5 4590/1/5 4592/1/5
f 4595/1/5 4592/1/5 4591/1/5
f 4595/1/5 4594/1/5 4593/1/5
f 4595/1/5 4593/1/5 4592/1/5
f 4596/1/5 4594/1/5 4595/1/5
f 4598/1/5 4595/1/5 4591/1/5
f 4599/1/5 4595/1/5 4598/1/5
f 4600/1/5 4595/1/5 4599/1/5
f 4601/1/5 4594/1/5 4596/1/5
f 4602/1/5 4594/1/5 4601/1/5
f 4603/1/5 4594/1/5 4602/1/5
f 4605/1/5 4598/1/5 4597/1/5
f 4605/1/5 4599/1/5 4598/1/5
f 4606/1/5 4599/1/5 4605/1/5
f 4607/1/5 4604/1/5 4603/1/5
f 4607/1/5 4603/1/5 4602/1/5
f 4608/1/5 4604/1/5 4607/1/5
f 4609/1/5 4605/1/5 4597/1/5
f 4612/1/5 4604/1/5 4608/1/5
f 4613/1/5 4610/1/5 4609/1/5
f 4613/1/5 4609/1/5 4597/1/5
f 4614/1/5 4610/1/5 4613/1/5
f 4615/1/5 4610/1/5 4614/1/5
f 4618/1/5 4612/1/5 4611/1/5
f 4619/1/5 4604/1/5 4612/1/5
f 4619/1/5 4612/1/5 4618/1/5
f 4620/1/5 4604/1/5 4619/1/5
f 4621/1/5 4616/1/5 4615/1/5
f 4621/1/5 4615/1/5 4614/1/5
f 4622/1/5 4618/1/5 4617/1/5
f 4622/1/5 4619/1/5 4618/1/5
f 4623/1/5 4621/1/5 4614/1/5
f 4623/1/5 4622/1/5 4621/1/5
f 4624/1/5 4622/1/5 4623/1/5
f 4625/1/5 4619/1/5 4622/1/5
f 4625/1/5 4622/1/5 4624/1/5
f 4626/1/5 4619/1/5 4625/1/5
f 4627/1/5 4625/1/5 4624/1/5
f 4628/1/5 4625/1/5 4627/1/5
f 4629/1/5 4625/1/5 4628/1/5
f 4630/1/5 4625/1/5 4629/1/5
f 4631/1/5 4629/1/5 4628/1/5
f 4632/1/5 4629/1/5 4631/1/5
f 4633/1/5 4629/1/5 4632/1/5
f 4634/1/5 4629/1/5 4633/1/5
f 4635/1/5 4633/1/5 4632/1/5
f 4636/1/5 4633/1/5 4635/1/5
f 4640/3/5 4638/3/5 4637/3/5
f 4641/3/5 4638/3/5 4640/3/5
f 4644/3/5 4640/3/5 4639/3/5
f 4645/1/5 4641/1/5 4640/1/5
f 4645/3/5 4640/3/5 4644/3/5
f 4646/3/5 4642/3/5 4641/3/5
f 4646/1/5 4641/1/5 4645/1/5
f 4647/3/5 4642/3/5 4646/3/5
f 4650/3/5 4644/3/5 4643/3/5
f 4651/1/5 4645/1/5 4644/1/5
f 4651/1/5 4646/1/5 4645/1/5
f 4651/3/5 4644/3/5 4650/3/5
f 4651/1/5 4647/1/5 4646/1/5
f 4652/1/5 4647/1/5 4651/1/5
f 4653/1/5 4647/1/5 4652/1/5
f 4654/3/5 4648/3/5 4647/3/5
f 4654/1/5 4647/1/5 4653/1/5
f 4655/3/5 4648/3/5 4654/3/5
f 4658/3/5 4650/3/5 4649/3/5
f 4659/1/5 4651/1/5 4650/1/5
f 4659/1/5 4652/1/5 4651/1/5
f 4659/3/5 4650/3/5 4658/3/5
f 4660/1/5 4652/1/5 4659/1/5
f 4661/1/5 4652/1/5 4660/1/5
f 4662/1/5 4655/1/5 4654/1/5
f 4662/1/5 4654/1/5 4653/1/5
f 4663/1/5 4655/1/5 4662/1/5
f 4664/3/5 4656/3/5 4655/3/5
f 4664/1/5 4655/1/5 4663/1/5
f 4665/3/5 4656/3/5 4664/3/5
f 4668/3/5 4658/3/5 4657/3/5
f 4669/1/5 4660/1/5 4659/1/5
f 4669/1/5 4659/1/5 4658/1/5
f 4669/3/5 4658/3/5 4668/3/5
f 4670/1/5 4660/1/5 4669/1/5
f 4671/1/5 4660/1/5 4670/1/5
f 4672/1/5 4665/1/5 4664/1/5
f 4672/1/5 4664/1/5 4663/1/5
f 4673/1/5 4665/1/5 4672/1/5
f 4674/3/5 4666/3/5 4665/3/5
f 4674/1/5 4665/1/5 4673/1/5
f 4675/3/5 4666/3/5 4674/3/5
f 4678/3/5 4668/3/5 4667/3/5
f 4679/1/5 4670/1/5 4669/1/5
f 4679/1/5 4669/1/5 4668/1/5
f 4679/3/5 4668/3/5 4678/3/5
f 4680/1/5 4670/1/5 4679/1/5
f 4681/1/5 4670/1/5 4680/1/5
f 4682/1/5 4675/1/5 4674/1/5
f 4682/1/5 4674/1/5 4673/1/5
f 4683/1/5 4675/1/5 4682/1/5
f 4684/3/5 4676/3/5 4675/3/5
f 4684/1/5 4675/1/5 4683/1/5
f 4685/3/5 4676/3/5 4684/3/5
f 4688/3/5 4678/3/5 4677/3/5
f 4689/1/5 4680/1/5 4679/1/5
f 4689/1/5 4679/1/5 4678/1/5
f 4689/3/5 4678/3/5 4688/3/5
f 4690/3/5 4686/3/5 4685/3/5
f 4690/1/5 4685/1/5 4684/1/5
f 4690/1/5 4684/1/5 4683/1/5
f 4691/3/5 4686/3/5 4690/3/5
f 4693/1/5 4680/1/5 4689/1/5
f 4693/1/5 4689/1/5 4688/1/5
f 4694/1/5 4680/1/5 4693/1/5
f 4695/1/5 4691/1/5 4690/1/5
f 4695/1/5 4690/1/5 4683/1/5
f 4696/1/5 4691/1/5 4695/1/5
f 4698/3/5 4688/3/5 4687/3/5
f 4699/1/5 4693/1/5 4688/1/5
f 4699/3/5 4688/3/5 4698/3/5
f 4700/3/5 4692/3/5 4691/3/5
f 4700/1/5 4691/1/5 4696/1/5
f 4701/3/5 4692/3/5 4700/3/5
f 4703/3/5 4698/3/5 4697/3/5
f 4704/1/5 4699/1/5 4698/1/5
f 4704/3/5 4698/3/5 4703/3/5
f 4705/1/5 4693/1/5 4699/1/5
f 4705/1/5 4699/1/5 4704/1/5
f 4706/1/5 4700/1/5 4696/1/5
f 4706/1/5 4701/1/5 4700/1/5
f 4707/3/5 4702/3/5 4701/3/5
f 4707/1/5 4701/1/5 4706/1/5
f 4708/3/5 4702/3/5 4707/3/5
f 4709/1/5 4693/1/5 4705/1/5
f 4712/1/5 4706/1/5 4696/1/5
f 4713/3/5 4705/3/5 4704/3/5
f 4714/1/5 4710/1/5 4709/1/5
f 4714/3/5 4705/3/5 4713/3/5
f 4714/1/5 4709/1/5 4705/1/5
f 4715/1/5 4710/1/5 4714/1/5
f 4716/1/5 4712/1/5 4711/1/5
f 4716/1/5 4706/1/5 4712/1/5
f 4717/3/5 4707/3/5 4706/3/5
f 4717/1/5 4706/1/5 4716/1/5
f 4718/3/5 4707/3/5 4717/3/5
f 4719/3/5 4715/3/5 4714/3/5
f 4720/1/5 4710/1/5 4715/1/5
f 4720/3/5 4715/3/5 4719/3/5
f 4721/1/5 4710/1/5 4720/1/5
f 4722/1/5 4710/1/5 4721/1/5
f 4725/1/5 4716/1/5 4711/1/5
f 4726/1/5 4716/1/5 4725/1/5
f 4727/3/5 4717/3/5 4716/3/5
f 4727/1/5 4716/1/5 4726/1/5
f 4728/3/5 4717/3/5 4727/3/5
f 4729/3/5 4721/3/5 4720/3/5
f 4730/1/5 4723/1/5 4722/1/5
f 4730/3/5 4721/3/5 4729/3/5
f 4730/1/5 4722/1/5 4721/1/5
f 4731/1/5 4723/1/5 4730/1/5
f 4732/1/5 4723/1/5 4731/1/5
f 4735/1/5 4726/1/5 4725/1/5
f 4735/1/5 4725/1/5 4724/1/5
f 4736/1/5 4726/1/5 4735/1/5
f 4737/3/5 4727/3/5 4726/3/5
f 4737/1/5 4726/1/5 4736/1/5
f 4738/3/5 4727/3/5 4737/3/5
f 4739/3/5 4731/3/5 4730/3/5
f 4740/1/5 4733/1/5 4732/1/5
f 4740/3/5 4731/3/5 4739/3/5
f 4740/1/5 4732/1/5 4731/1/5
f 4741/1/5 4733/1/5 4740/1/5
f 4742/1/5 4733/1/5 4741/1/5
f 4745/1/5 4736/1/5 4735/1/5
f 4745/1/5 4735/1/5 4734/1/5
f 4746/1/5 4736/1/5 4745/1/5
f 4747/3/5 4737/3/5 4736/3/5
f 4747/1/5 4736/1/5 4746/1/5
f 4748/3/5 4737/3/5 4747/3/5
f 4749/3/5 4741/3/5 4740/3/5
f 4750/1/5 4743/1/5 4742/1/5
f 4750/3/5 4741/3/5 4749/3/5
f 4750/1/5 4742/1/5 4741/1/5
f 4751/1/5 4743/1/5 4750/1/5
f 4752/1/5 4743/1/5 4751/1/5
f 4753/1/5 4745/1/5 4744/1/5
f 4753/1/5 4746/1/5 4745/1/5
f 4754/1/5 4746/1/5 4753/1/5
f 4755/3/5 4747/3/5 4746/3/5
f 4755/1/5 4746/1/5 4754/1/5
f 4756/3/5 4747/3/5 4755/3/5
f 4757/3/5 4751/3/5 4750/3/5
f 4758/1/5 4752/1/5 4751/1/5
f 4758/3/5 4751/3/5 4757/3/5
f 4758/1/5 4754/1/5 4753/1/5
f 4758/1/5 4753/1/5 4752/1/5
f 4759/1/5 4754/1/5 4758/1/5
f 4760/1/5 4754/1/5 4759/1/5
f 4761/3/5 4755/3/5 4754/3/5
f 4761/1/5 4754/1/5 4760/1/5
f 4762/3/5 4755/3/5 4761/3/5
f 4763/3/5 4759/3/5 4758/3/5
f 4764/1/5 4760/1/5 4759/1/5
f 4764/3/5 4759/3/5 4763/3/5
f 4765/3/5 4761/3/5 4760/3/5
f 4765/1/5 4760/1/5 4764/1/5
f 4766/3/5 4761/3/5 4765/3/5
f 4767/3/5 4765/3/5 4764/3/5
f 4768/3/5 4765/3/5 4767/3/5
f 4775/2/5 4770/2/5 4769/2/5
f 4775/2/5 4771/2/5 4770/2/5
f 4776/2/5 4771/2/5 4775/2/5
f 4777/2/5 4771/2/5 4776/2/5
f 4778/2/5 4774/2/5 4773/2/5
f 4778/2/5 4773/2/5 4772/2/5
f 4779/2/5 4774/2/5 4778/2/5
f 4780/2/5 4774/2/5 4779/2/5
f 4781/2/5 4776/2/5 4775/2/5
f 4782/2/5 4776/2/5 4781/2/5
f 4785/2/5 4780/2/5 4779/2/5
f 4786/2/5 4780/2/5 4785/2/5
f 4788/1/5 4784/1/5 4783/1/5
f 4789/1/5 4784/1/5 4788/1/5
f 4792/1/5 4788/1/5 4787/1/5
f 4792/1/5 4790/1/5 4789/1/5
f 4792/1/5 4789/1/5 4788/1/5
f 4793/1/5 4790/1/5 4792/1/5
f 4794/1/5 4790/1/5 4793/1/5
f 4795/1/5 4790/1/5 4794/1/5
f 4798/1/5 4792/1/5 4791/1/5
f 4798/1/5 4793/1/5 4792/1/5
f 4799/1/5 4793/1/5 4798/1/5
f 4800/1/5 4793/1/5 4799/1/5
f 4801/1/5 4795/1/5 4794/1/5
f 4801/1/5 4796/1/5 4795/1/5
f 4802/1/5 4796/1/5 4801/1/5
f 4803/1/5 4796/1/5 4802/1/5
f 4809/1/5 4799/1/5 4798/1/5
f 4809/1/5 4798/1/5 4797/1/5
f 4810/1/5 4799/1/5 4809/1/5
f 4811/1/5 4799/1/5 4810/1/5
f 4812/1/5 4804/1/5 4803/1/5
f 4812/1/5 4803/1/5 4802/1/5
f 4813/1/5 4804/1/5 4812/1/5
f 4814/1/5 4804/1/5 4813/1/5
f 4819/2/5 4807/2/5 4806/2/5
f 4819/2/5 4806/2/5 4805/2/5
f 4820/2/5 4807/2/5 4819/2/5
f 4821/2/5 4807/2/5 4820/2/5
f 4823/1/5 4810/1/5 4809/1/5
f 4823/1/5 4809/1/5 4808/1/5
f 4824/1/5 4810/1/5 4823/1/5
f 4825/1/5 4810/1/5 4824/1/5
f 4826/1/5 4815/1/5 4814/1/5
f 4826/1/5 4814/1/5 4813/1/5
f 4827/1/5 4815/1/5 4826/1/5
f 4828/1/5 4815/1/5 4827/1/5
f 4830/2/5 4818/2/5 4817/2/5
f 4830/2/5 4817/2/5 4816/2/5
f 4831/2/5 4818/2/5 4830/2/5
f 4832/2/5 4818/2/5 4831/2/5
f 4833/2/5 4820/2/5 4819/2/5
f 4834/2/5 4820/2/5 4833/2/5
f 4836/1/5 4824/1/5 4823/1/5
f 4836/1/5 4823/1/5 4822/1/5
f 4837/1/5 4824/1/5 4836/1/5
f 4838/1/5 4824/1/5 4837/1/5
f 4839/1/5 4829/1/5 4828/1/5
f 4839/1/5 4828/1/5 4827/1/5
f 4840/1/5 4829/1/5 4839/1/5
f 4841/1/5 4829/1/5 4840/1/5
f 4843/2/5 4832/2/5 4831/2/5
f 4844/2/5 4832/2/5 4843/2/5
f 4846/1/5 4837/1/5 4836/1/5
f 4846/1/5 4836/1/5 4835/1/5
f 4847/1/5 4837/1/5 4846/1/5
f 4848/1/5 4837/1/5 4847/1/5
f 4849/1/5 4841/1/5 4840/1/5
f 4849/1/5 4842/1/5 4841/1/5
f 4850/1/5 4842/1/5 4849/1/5
f 4851/1/5 4842/1/5 4850/1/5
f 4854/1/5 4847/1/5 4846/1/5
f 4854/1/5 4846/1/5 4845/1/5
f 4855/1/5 4847/1/5 4854/1/5
f 4856/1/5 4847/1/5 4855/1/5
f 4857/1/5 4852/1/5 4851/1/5
f 4857/1/5 4851/1/5 4850/1/5
f 4858/1/5 4852/1/5 4857/1/5
f 4859/1/5 4852/1/5 4858/1/5
f 4861/1/5 4855/1/5 4854/1/5
f 4861/1/5 4854/1/5 4853/1/5
f 4862/1/5 4855/1/5 4861/1/5
f 4863/1/5 4860/1/5 4859/1/5
f 4863/1/5 4859/1/5 4858/1/5
f 4864/1/5 4860/1/5 4863/1/5
f 4866/1/5 4861/1/5 4853/1/5
f 4867/1/5 4860/1/5 4864/1/5
f 4869/1/5 4866/1/5 4865/1/5
f 4869/1/5 4861/1/5 4866/1/5
f 4870/1/5 4861/1/5 4869/1/5
f 4871/1/5 4868/1/5 4867/1/5
f 4871/1/5 4867/1/5 4864/1/5
f 4872/1/5 4868/1/5 4871/1/5
f 4873/1/5 4869/1/5 4865/1/5
f 4876/1/5 4868/1/5 4872/1/5
f 4877/1/5 4874/1/5 4873/1/5
f 4877/1/5 4873/1/5 4865/1/5
f 4878/1/5 4874/1/5 4877/1/5
f 4879/1/5 4876/1/5 4875/1/5
f 4879/1/5 4868/1/5 4876/1/5
f 4880/1/5 4868/1/5 4879/1/5
f 4881/1/5 4874/1/5 4878/1/5
f 4884/1/5 4879/1/5 4875/1/5
f 4885/1/5 4882/1/5 4881/1/5
f 4885/1/5 4881/1/5 4878/1/5
f 4886/1/5 4882/1/5 4885/1/5
f 4887/1/5 4882/1/5 4886/1/5
f 4890/1/5 4884/1/5 4883/1/5
f 4891/1/5 4879/1/5 4884/1/5
f 4891/1/5 4884/1/5 4890/1/5
f 4892/1/5 4879/1/5 4891/1/5
f 4893/1/5 4888/1/5 4887/1/5
f 4893/1/5 4887/1/5 4886/1/5
f 4894/1/5 4888/1/5 4893/1/5
f 4895/1/5 4888/1/5 4894/1/5
f 4898/1/5 4890/1/5 4889/1/5
f 4898/1/5 4891/1/5 4890/1/5
f 4899/1/5 4891/1/5 4898/1/5
f 4900/1/5 4891/1/5 4899/1/5
f 4903/1/5 4896/1/5 4895/1/5
f 4903/1/5 4895/1/5 4894/1/5
f 4904/1/5 4896/1/5 4903/1/5
f 4905/1/5 4896/1/5 4904/1/5
f 4908/1/5 4899/1/5 4898/1/5
f 4908/1/5 4898/1/5 4897/1/5
f 4909/1/5 4899/1/5 4908/1/5
f 4910/1/5 4899/1/5 4909/1/5
f 4913/2/5 4902/2/5 4901/2/5
f 4914/2/5 4902/2/5 4913/2/5
f 4916/1/5 4906/1/5 4905/1/5
f 4916/1/5 4905/1/5 4904/1/5
f 4917/1/5 4906/1/5 4916/1/5
f 4918/1/5 4906/1/5 4917/1/5
f 4921/1/5 4909/1/5 4908/1/5
f 4921/1/5 4908/1/5 4907/1/5
f 4922/1/5 4909/1/5 4921/1/5
f 4923/1/5 4909/1/5 4922/1/5
f 4925/2/5 4912/2/5 4911/2/5
f 4926/2/5 4912/2/5 4925/2/5
f 4927/2/5 4915/2/5 4914/2/5
f 4927/2/5 4914/2/5 4913/2/5
f 4928/2/5 4915/2/5 4927/2/5
f 4929/2/5 4915/2/5 4928/2/5
f 4930/1/5 4919/1/5 4918/1/5
f 4930/1/5 4918/1/5 4917/1/5
f 4931/1/5 4919/1/5 4930/1/5
f 4932/1/5 4919/1/5 4931/1/5
f 4935/1/5 4921/1/5 4920/1/5
f 4935/1/5 4922/1/5 4921/1/5
f 4936/1/5 4922/1/5 4935/1/5
f 4937/1/5 4922/1/5 4936/1/5
f 4938/2/5 4926/2/5 4925/2/5
f 4938/2/5 4925/2/5 4924/2/5
f 4939/2/5 4926/2/5 4938/2/5
f 4940/2/5 4926/2/5 4939/2/5
f 4941/1/5 4933/1/5 4932/1/5
f 4941/1/5 4932/1/5 4931/1/5
f 4942/1/5 4933/1/5 4941/1/5
f 4943/1/5 4933/1/5 4942/1/5
f 4946/1/5 4935/1/5 4934/1/5
f 4946/1/5 4936/1/5 4935/1/5
f 4947/1/5 4936/1/5 4946/1/5
f 4948/1/5 4936/1/5 4947/1/5
f 4949/1/5 4944/1/5 4943/1/5
f 4949/1/5 4943/1/5 4942/1/5
f 4950/1/5 4944/1/5 4949/1/5
f 4951/1/5 4944/1/5 4950/1/5
f 4952/1/5 4947/1/5 4946/1/5
f 4952/1/5 4946/1/5 4945/1/5
f 4953/1/5 4947/1/5 4952/1/5
f 4954/1/5 4947/1/5 4953/1/5
f 4955/1/5 4951/1/5 4950/1/5
f 4955/1/5 4953/1/5 4952/1/5
f 4955/1/5 4952/1/5 4951/1/5
f 4956/1/5 4953/1/5 4955/1/5
f 4957/1/5 4953/1/5 4956/1/5
f 4958/1/5 4953/1/5 4957/1/5
f 4961/1/5 4957/1/5 4956/1/5
f 4962/1/5 4957/1/5 4961/1/5
f 4965/2/5 4960/2/5 4959/2/5
f 4966/2/5 4960/2/5 4965/2/5
f 4969/2/5 4964/2/5 4963/2/5
f 4970/2/5 4964/2/5 4969/2/5
f 4971/2/5 4967/2/5 4966/2/5
f 4971/2/5 4966/2/5 4965/2/5
f 4972/2/5 4967/2/5 4971/2/5
f 4973/2/5 4967/2/5 4972/2/5
f 4974/2/5 4970/2/5 4969/2/5
f 4974/2/5 4969/2/5 4968/2/5
f 4975/2/5 4970/2/5 4974/2/5
f 4976/2/5 4970/2/5 4975/2/5
f 4980/3/5 4978/3/5 4977/3/5
f 4981/3/5 4978/3/5 4980/3/5
f 4984/3/5 4980/3/5 4979/3/5
f 4985/3/5 4980/3/5 4984/3/5
f 4986/1/5 4981/1/5 4980/1/5
f 4986/3/5 4980/3/5 4985/3/5
f 4987/3/5 4982/3/5 4981/3/5
f 4987/1/5 4981/1/5 4986/1/5
f 4988/3/5 4982/3/5 4987/3/5
f 4989/3/5 4982/3/5 4988/3/5
f 4992/3/5 4984/3/5 4983/3/5
f 4993/3/5 4984/3/5 4992/3/5
f 4994/1/5 4985/1/5 4984/1/5
f 4994/3/5 4984/3/5 4993/3/5
f 4995/1/5 4985/1/5 4994/1/5
f 4996/1/5 4989/1/5 4988/1/5
f 4997/3/5 4990/3/5 4989/3/5
f 4997/1/5 4989/1/5 4996/1/5
f 4998/3/5 4990/3/5 4997/3/5
f 4999/3/5 4990/3/5 4998/3/5
f 5002/3/5 4992/3/5 4991/3/5
f 5003/1/5 4993/1/5 4992/1/5
f 5003/3/5 4992/3/5 5002/3/5
f 5004/1/5 4993/1/5 5003/1/5
f 5005/1/5 4999/1/5 4998/1/5
f 5006/3/5 5000/3/5 4999/3/5
f 5006/1/5 4999/1/5 5005/1/5
f 5007/3/5 5000/3/5 5006/3/5
f 5010/3/5 5002/3/5 5001/3/5
f 5011/1/5 5003/1/5 5002/1/5
f 5011/3/5 5002/3/5 5010/3/5
f 5012/1/5 5003/1/5 5011/1/5
f 5013/1/5 5007/1/5 5006/1/5
f 5014/3/5 5008/3/5 5007/3/5
f 5014/1/5 5007/1/5 5013/1/5
f 5015/3/5 5008/3/5 5014/3/5
f 5018/3/5 5010/3/5 5009/3/5
f 5019/1/5 5011/1/5 5010/1/5
f 5019/3/5 5010/3/5 5018/3/5
f 5020/1/5 5011/1/5 5019/1/5
f 5021/1/5 5015/1/5 5014/1/5
f 5022/3/5 5016/3/5 5015/3/5
f 5022/1/5 5015/1/5 5021/1/5
f 5023/3/5 5016/3/5 5022/3/5
f 5026/3/5 5018/3/5 5017/3/5
f 5027/1/5 5019/1/5 5018/1/5
f 5027/3/5 5018/3/5 5026/3/5
f 5028/1/5 5019/1/5 5027/1/5
f 5029/1/5 5023/1/5 5022/1/5
f 5030/3/5 5024/3/5 5023/3/5
f 5030/1/5 5023/1/5 5029/1/5
f 5031/3/5 5024/3/5 5030/3/5
f 5034/3/5 5026/3/5 5025/3/5
f 5035/1/5 5027/1/5 5026/1/5
f 5035/3/5 5026/3/5 5034/3/5
f 5036/1/5 5027/1/5 5035/1/5
f 5037/1/5 5031/1/5 5030/1/5
f 5038/3/5 5032/3/5 5031/3/5
f 5038/1/5 5031/1/5 5037/1/5
f 5039/3/5 5032/3/5 5038/3/5
f 5042/3/5 5034/3/5 5033/3/5
f 5043/1/5 5035/1/5 5034/1/5
f 5043/3/5 5034/3/5 5042/3/5
f 5044/1/5 5035/1/5 5043/1/5
f 5045/1/5 5039/1/5 5038/1/5
f 5046/3/5 5040/3/5 5039/3/5
f 5046/1/5 5039/1/5 5045/1/5
f 5047/3/5 5040/3/5 5046/3/5
f 5049/3/5 5042/3/5 5041/3/5
f 5049/1/5 5043/1/5 5042/1/5
f 5050/1/5 5043/1/5 5049/1/5
f 5051/1/5 5047/1/5 5046/1/5
f 5052/3/5 5048/3/5 5047/3/5
f 5052/1/5 5047/1/5 5051/1/5
f 5054/3/5 5049/3/5 5041/3/5
f 5055/3/5 5049/3/5 5054/3/5
f 5056/3/5 5048/3/5 5052/3/5
f 5057/3/5 5048/3/5 5056/3/5
f 5059/1/5 5055/1/5 5054/1/5
f 5059/3/5 5054/3/5 5053/3/5
f 5060/1/5 5055/1/5 5059/1/5
f 5061/1/5 5057/1/5 5056/1/5
f 5062/3/5 5058/3/5 5057/3/5
f 5062/1/5 5057/1/5 5061/1/5
f 5064/3/5 5059/3/5 5053/3/5
f 5065/3/5 5059/3/5 5064/3/5
f 5066/3/5 5058/3/5 5062/3/5
f 5067/3/5 5058/3/5 5066/3/5
f 5069/3/5 5064/3/5 5063/3/5
f 5070/1/5 5065/1/5 5064/1/5
f 5070/3/5 5064/3/5 5069/3/5
f 5071/1/5 5065/1/5 5070/1/5
f 5072/1/5 5067/1/5 5066/1/5
f 5073/3/5 5068/3/5 5067/3/5
f 5073/1/5 5067/1/5 5072/1/5
f 5074/3/5 5068/3/5 5073/3/5
f 5075/3/5 5071/3/5 5070/3/5
f 5078/3/5 5073/3/5 5072/3/5
f 5079/3/5 5075/3/5 5070/3/5
f 5080/1/5 5076/1/5 5075/1/5
f 5080/3/5 5075/3/5 5079/3/5
f 5081/1/5 5076/1/5 5080/1/5
f 5082/1/5 5078/1/5 5077/1/5
f 5083/3/5 5073/3/5 5078/3/5
f 5083/1/5 5078/1/5 5082/1/5
f 5084/3/5 5073/3/5 5083/3/5
f 5085/3/5 5081/3/5 5080/3/5
f 5088/3/5 5083/3/5 5082/3/5
f 5089/3/5 5085/3/5 5080/3/5
f 5090/1/5 5086/1/5 5085/1/5
f 5090/3/5 5085/3/5 5089/3/5
f 5091/1/5 5086/1/5 5090/1/5
f 5094/1/5 5088/1/5 5087/1/5
f 5095/3/5 5083/3/5 5088/3/5
f 5095/1/5 5088/1/5 5094/1/5
f 5096/3/5 5083/3/5 5095/3/5
f 5097/3/5 5091/3/5 5090/3/5
f 5098/1/5 5092/1/5 5091/1/5
f 5098/3/5 5091/3/5 5097/3/5
f 5099/1/5 5092/1/5 5098/1/5
f 5102/1/5 5094/1/5 5093/1/5
f 5103/3/5 5095/3/5 5094/3/5
f 5103/1/5 5094/1/5 5102/1/5
f 5104/3/5 5095/3/5 5103/3/5
f 5105/3/5 5099/3/5 5098/3/5
f 5106/1/5 5100/1/5 5099/1/5
f 5106/3/5 5099/3/5 5105/3/5
f 5107/1/5 5100/1/5 5106/1/5
f 5110/1/5 5102/1/5 5101/1/5
f 5111/3/5 5103/3/5 5102/3/5
f 5111/1/5 5102/1/5 5110/1/5
f 5112/3/5 5103/3/5 5111/3/5
f 5113/3/5 5107/3/5 5106/3/5
f 5114/1/5 5108/1/5 5107/1/5
f 5114/3/5 5107/3/5 5113/3/5
f 5115/1/5 5108/1/5 5114/1/5
f 5118/1/5 5110/1/5 5109/1/5
f 5119/3/5 5111/3/5 5110/3/5
f 5119/1/5 5110/1/5 5118/1/5
f 5120/3/5 5111/3/5 5119/3/5
f 5121/3/5 5115/3/5 5114/3/5
f 5122/1/5 5116/1/5 5115/1/5
f 5122/3/5 5115/3/5 5121/3/5
f 5123/1/5 5116/1/5 5122/1/5
f 5126/1/5 5118/1/5 5117/1/5
f 5127/3/5 5119/3/5 5118/3/5
f 5127/1/5 5118/1/5 5126/1/5
f 5128/3/5 5119/3/5 5127/3/5
f 5129/3/5 5123/3/5 5122/3/5
f 5130/1/5 5124/1/5 5123/1/5
f 5130/3/5 5123/3/5 5129/3/5
f 5131/1/5 5124/1/5 5130/1/5
f 5134/1/5 5126/1/5 5125/1/5
f 5135/3/5 5127/3/5 5126/3/5
f 5135/1/5 5126/1/5 5134/1/5
f 5136/3/5 5127/3/5 5135/3/5
f 5137/3/5 5131/3/5 5130/3/5
f 5138/1/5 5132/1/5 5131/1/5
f 5138/3/5 5131/3/5 5137/3/5
f 5139/1/5 5132/1/5 5138/1/5
f 5144/1/5 5134/1/5 5133/1/5
f 5145/3/5 5135/3/5 5134/3/5
f 5145/1/5 5134/1/5 5144/1/5
f 5146/3/5 5135/3/5 5145/3/5
f 5147/3/5 5139/3/5 5138/3/5
f 5147/3/5 5140/3/5 5139/3/5
f 5148/1/5 5141/1/5 5140/1/5
f 5148/3/5 5140/3/5 5147/3/5
f 5149/1/5 5141/1/5 5148/1/5
f 5152/1/5 5143/1/5 5142/1/5
f 5153/3/5 5144/3/5 5143/3/5
f 5153/3/5 5145/3/5 5144/3/5
f 5153/1/5 5143/1/5 5152/1/5
f 5154/3/5 5145/3/5 5153/3/5
f 5155/3/5 5149/3/5 5148/3/5
f 5155/3/5 5150/3/5 5149/3/5
f 5156/1/5 5151/1/5 5150/1/5
f 5156/3/5 5150/3/5 5155/3/5
f 5157/3/5 5152/3/5 5151/3/5
f 5157/1/5 5151/1/5 5156/1/5
f 5157/3/5 5153/3/5 5152/3/5
f 5158/3/5 5153/3/5 5157/3/5
f 5159/3/5 5157/3/5 5156/3/5
f 5160/3/5 5157/3/5 5159/3/5
f 5164/1/5 5162/1/5 5161/1/5
f 5165/1/5 5162/1/5 5164/1/5
f 5166/1/5 5162/1/5 5165/1/5
f 5167/1/5 5162/1/5 5166/1/5
f 5170/1/5 5164/1/5 5163/1/5
f 5170/1/5 5165/1/5 5164/1/5
f 5171/1/5 5165/1/5 5170/1/5
f 5172/1/5 5165/1/5 5171/1/5
f 5173/1/5 5167/1/5 5166/1/5
f 5173/1/5 5168/1/5 5167/1/5
f 5174/1/5 5168/1/5 5173/1/5
f 5175/1/5 5168/1/5 5174/1/5
f 5178/1/5 5171/1/5 5170/1/5
f 5178/1/5 5170/1/5 5169/1/5
f 5179/1/5 5171/1/5 5178/1/5
f 5180/1/5 5171/1/5 5179/1/5
f 5181/1/5 5176/1/5 5175/1/5
f 5181/1/5 5175/1/5 5174/1/5
f 5182/1/5 5176/1/5 5181/1/5
f 5183/1/5 5176/1/5 5182/1/5
f 5186/1/5 5179/1/5 5178/1/5
f 5186/1/5 5178/1/5 5177/1/5
f 5187/1/5 5179/1/5 5186/1/5
f 5188/1/5 5179/1/5 5187/1/5
f 5189/1/5 5184/1/5 5183/1/5
f 5189/1/5 5183/1/5 5182/1/5
f 5190/1/5 5184/1/5 5189/1/5
f 5191/1/5 5184/1/5 5190/1/5
f 5194/1/5 5187/1/5 5186/1/5
f 5194/1/5 5186/1/5 5185/1/5
f 5195/1/5 5187/1/5 5194/1/5
f 5196/1/5 5187/1/5 5195/1/5
f 5197/1/5 5192/1/5 5191/1/5
f 5197/1/5 5191/1/5 5190/1/5
f 5198/1/5 5192/1/5 5197/1/5
f 5199/1/5 5192/1/5 5198/1/5
f 5202/1/5 5195/1/5 5194/1/5
f 5202/1/5 5194/1/5 5193/1/5
f 5203/1/5 5195/1/5 5202/1/5
f 5204/1/5 5195/1/5 5203/1/5
f 5205/1/5 5200/1/5 5199/1/5
f 5205/1/5 5199/1/5 5198/1/5
f 5206/1/5 5200/1/5 5205/1/5
f 5207/1/5 5200/1/5 5206/1/5
f 5210/1/5 5203/1/5 5202/1/5
f 5210/1/5 5202/1/5 5201/1/5
f 5211/1/5 5203/1/5 5210/1/5
f 5212/1/5 5203/1/5 5211/1/5
f 5213/1/5 5208/1/5 5207/1/5
f 5213/1/5 5207/1/5 5206/1/5
f 5214/1/5 5208/1/5 5213/1/5
f 5215/1/5 5208/1/5 5214/1/5
f 5218/1/5 5211/1/5 5210/1/5
f 5218/1/5 5210/1/5 5209/1/5
f 5219/1/5 5211/1/5 5218/1/5
f 5220/1/5 5211/1/5 5219/1/5
f 5221/1/5 5216/1/5 5215/1/5
f 5221/1/5 5215/1/5 5214/1/5
f 5222/1/5 5216/1/5 5221/1/5
f 5223/1/5 5216/1/5 5222/1/5
f 5226/1/5 5219/1/5 5218/1/5
f 5226/1/5 5218/1/5 5217/1/5
f 5227/1/5 5219/1/5 5226/1/5
f 5228/1/5 5219/1/5 5227/1/5
f 5229/1/5 5224/1/5 5223/1/5
f 5229/1/5 5223/1/5 5222/1/5
f 5230/1/5 5224/1/5 5229/1/5
f 5231/1/5 5224/1/5 5230/1/5
f 5233/1/5 5227/1/5 5226/1/5
f 5233/1/5 5226/1/5 5225/1/5
f 5234/1/5 5227/1/5 5233/1/5
f 5235/1/5 5232/1/5 5231/1/5
f 5235/1/5 5231/1/5 5230/1/5
f 5236/1/5 5232/1/5 5235/1/5
f 5238/1/5 5233/1/5 5225/1/5
f 5239/1/5 5232/1/5 5236/1/5
f 5241/1/5 5238/1/5 5237/1/5
f 5241/1/5 5233/1/5 5238/1/5
f 5242/1/5 5233/1/5 5241/1/5
f 5243/1/5 5240/1/5 5239/1/5
f 5243/1/5 5239/1/5 5236/1/5
f 5244/1/5 5240/1/5 5243/1/5
f 5246/1/5 5241/1/5 5237/1/5
f 5247/1/5 5240/1/5 5244/1/5
f 5249/1/5 5246/1/5 5245/1/5
f 5249/1/5 5241/1/5 5246/1/5
f 5250/1/5 5241/1/5 5249/1/5
f 5251/1/5 5248/1/5 5247/1/5
f 5251/1/5 5247/1/5 5244/1/5
f 5252/1/5 5248/1/5 5251/1/5
f 5253/1/5 5249/1/5 5245/1/5
f 5256/1/5 5248/1/5 5252/1/5
f 5257/1/5 5254/1/5 5253/1/5
f 5257/1/5 5253/1/5 5245/1/5
f 5258/1/5 5254/1/5 5257/1/5
f 5259/1/5 5256/1/5 5255/1/5
f 5259/1/5 5248/1/5 5256/1/5
f 5260/1/5 5248/1/5 5259/1/5
f 5261/1/5 5254/1/5 5258/1/5
f 5264/1/5 5259/1/5 5255/1/5
f 5265/1/5 5262/1/5 5261/1/5
f 5265/1/5 5261/1/5 5258/1/5
f 5266/1/5 5262/1/5 5265/1/5
f 5267/1/5 5264/1/5 5263/1/5
f 5267/1/5 5259/1/5 5264/1/5
f 5268/1/5 5259/1/5 5267/1/5
f 5269/1/5 5262/1/5 5266/1/5
f 5272/1/5 5267/1/5 5263/1/5
f 5273/1/5 5270/1/5 5269/1/5
f 5273/1/5 5269/1/5 5266/1/5
f 5274/1/5 5270/1/5 5273/1/5
f 5275/1/5 5270/1/5 5274/1/5
f 5278/1/5 5272/1/5 5271/1/5
f 5279/1/5 5267/1/5 5272/1/5
f 5279/1/5 5272/1/5 5278/1/5
f 5280/1/5 5267/1/5 5279/1/5
f 5281/1/5 5276/1/5 5275/1/5
f 5281/1/5 5275/1/5 5274/1/5
f 5282/1/5 5276/1/5 5281/1/5
f 5283/1/5 5276/1/5 5282/1/5
f 5286/1/5 5278/1/5 5277/1/5
f 5286/1/5 5279/1/5 5278/1/5
f 5287/1/5 5279/1/5 5286/1/5
f 5288/1/5 5279/1/5 5287/1/5
f 5289/1/5 5284/1/5 5283/1/5
f 5289/1/5 5283/1/5 5282/1/5
f 5290/1/5 5284/1/5 5289/1/5
f 5291/1/5 5284/1/5 5290/1/5
f 5294/1/5 5287/1/5 5286/1/5
f 5294/1/5 5286/1/5 5285/1/5
f 5295/1/5 5287/1/5 5294/1/5
f 5296/1/5 5287/1/5 5295/1/5
f 5297/1/5 5292/1/5 5291/1/5
f 5297/1/5 5291/1/5 5290/1/5
f 5298/1/5 5292/1/5 5297/1/5
f 5299/1/5 5292/1/5 5298/1/5
f 5302/1/5 5295/1/5 5294/1/5
f 5302/1/5 5294/1/5 5293/1/5
f 5303/1/5 5295/1/5 5302/1/5
f 5304/1/5 5295/1/5 5303/1/5
f 5305/1/5 5300/1/5 5299/1/5
f 5305/1/5 5299/1/5 5298/1/5
f 5306/1/5 5300/1/5 5305/1/5
f 5307/1/5 5300/1/5 5306/1/5
f 5310/1/5 5303/1/5 5302/1/5
f 5310/1/5 5302/1/5 5301/1/5
f 5311/1/5 5303/1/5 5310/1/5
f 5312/1/5 5303/1/5 5311/1/5
f 5313/1/5 5308/1/5 5307/1/5
f 5313/1/5 5307/1/5 5306/1/5
f 5314/1/5 5308/1/5 5313/1/5
f 5315/1/5 5308/1/5 5314/1/5
f 5318/1/5 5311/1/5 5310/1/5
f 5318/1/5 5310/1/5 5309/1/5
f 5319/1/5 5311/1/5 5318/1/5
f 5320/1/5 5311/1/5 5319/1/5
f 5321/1/5 5316/1/5 5315/1/5
f 5321/1/5 5315/1/5 5314/1/5
f 5322/1/5 5316/1/5 5321/1/5
f 5323/1/5 5316/1/5 5322/1/5
f 5326/1/5 5319/1/5 5318/1/5
f 5326/1/5 5318/1/5 5317/1/5
f 5327/1/5 5319/1/5 5326/1/5
f 5328/1/5 5319/1/5 5327/1/5
f 5329/1/5 5324/1/5 5323/1/5
f 5329/1/5 5323/1/5 5322/1/5
f 5330/1/5 5324/1/5 5329/1/5
f 5331/1/5 5324/1/5 5330/1/5
f 5334/1/5 5327/1/5 5326/1/5
f 5334/1/5 5326/1/5 5325/1/5
f 5335/1/5 5327/1/5 5334/1/5
f 5336/1/5 5327/1/5 5335/1/5
f 5337/1/5 5332/1/5 5331/1/5
f 5337/1/5 5331/1/5 5330/1/5
f 5338/1/5 5332/1/5 5337/1/5
f 5339/1/5 5332/1/5 5338/1/5
f 5340/1/5 5335/1/5 5334/1/5
f 5340/1/5 5334/1/5 5333/1/5
f 5341/1/5 5335/1/5 5340/1/5
f 5342/1/5 5335/1/5 5341/1/5
f 5343/1/5 5339/1/5 5338/1/5
f 5343/1/5 5341/1/5 5340/1/5
f 5343/1/5 5340/1/5 5339/1/5
f 5344/1/5 5341/1/5 5343/1/5
f 5348/3/5 5346/3/5 5345/3/5
f 5349/3/5 5346/3/5 5348/3/5
f 5350/3/5 5346/3/5 5349/3/5
f 5351/3/5 5346/3/5 5350/3/5
f 5354/3/5 5348/3/5 5347/3/5
f 5355/3/5 5348/3/5 5354/3/5
f 5356/1/5 5349/1/5 5348/1/5
f 5356/3/5 5348/3/5 5355/3/5
f 5357/1/5 5349/1/5 5356/1/5
f 5358/1/5 5351/1/5 5350/1/5
f 5359/3/5 5352/3/5 5351/3/5
f 5359/1/5 5351/1/5 5358/1/5
f 5360/3/5 5352/3/5 5359/3/5
f 5361/3/5 5352/3/5 5360/3/5
f 5364/3/5 5354/3/5 5353/3/5
f 5365/1/5 5355/1/5 5354/1/5
f 5365/3/5 5354/3/5 5364/3/5
f 5366/1/5 5355/1/5 5365/1/5
f 5367/1/5 5361/1/5 5360/1/5
f 5368/3/5 5362/3/5 5361/3/5
f 5368/1/5 5361/1/5 5367/1/5
f 5369/3/5 5362/3/5 5368/3/5
f 5373/1/5 5364/1/5 5363/1/5
f 5374/1/5 5364/1/5 5373/1/5
f 5375/1/5 5370/1/5 5369/1/5
f 5376/1/5 5370/1/5 5375/1/5
f 5380/3/5 5372/3/5 5371/3/5
f 5381/1/5 5373/1/5 5372/1/5
f 5381/3/5 5372/3/5 5380/3/5
f 5382/1/5 5373/1/5 5381/1/5
f 5383/1/5 5377/1/5 5376/1/5
f 5384/3/5 5378/3/5 5377/3/5
f 5384/1/5 5377/1/5 5383/1/5
f 5385/3/5 5378/3/5 5384/3/5
f 5388/3/5 5380/3/5 5379/3/5
f 5389/1/5 5381/1/5 5380/1/5
f 5389/3/5 5380/3/5 5388/3/5
f 5390/1/5 5381/1/5 5389/1/5
f 5391/1/5 5385/1/5 5384/1/5
f 5392/3/5 5386/3/5 5385/3/5
f 5392/1/5 5385/1/5 5391/1/5
f 5393/3/5 5386/3/5 5392/3/5
f 5396/3/5 5388/3/5 5387/3/5
f 5397/1/5 5389/1/5 5388/1/5
f 5397/3/5 5388/3/5 5396/3/5
f 5398/1/5 5389/1/5 5397/1/5
f 5399/1/5 5393/1/5 5392/1/5
f 5400/3/5 5394/3/5 5393/3/5
f 5400/1/5 5393/1/5 5399/1/5
f 5401/3/5 5394/3/5 5400/3/5
f 5403/3/5 5396/3/5 5395/3/5
f 5404/1/5 5397/1/5 5396/1/5
f 5404/3/5 5396/3/5 5403/3/5
f 5405/1/5 5397/1/5 5404/1/5
f 5406/1/5 5401/1/5 5400/1/5
f 5407/3/5 5402/3/5 5401/3/5
f 5407/1/5 5401/1/5 5406/1/5
f 5408/3/5 5402/3/5 5407/3/5
f 5410/1/5 5404/1/5 5403/1/5
f 5411/1/5 5404/1/5 5410/1/5
f 5412/1/5 5408/1/5 5407/1/5
f 5413/1/5 5408/1/5 5412/1/5
f 5416/1/5 5410/1/5 5409/1/5
f 5417/1/5 5410/1/5 5416/1/5
f 5418/1/5 5414/1/5 5413/1/5
f 5419/1/5 5414/1/5 5418/1/5
f 5422/3/5 5416/3/5 5415/3/5
f 5423/3/5 5416/3/5 5422/3/5
f 5424/3/5 5420/3/5 5419/3/5
f 5425/3/5 5420/3/5 5424/3/5
f 5427/1/5 5423/1/5 5422/1/5
f 5427/3/5 5422/3/5 5421/3/5
f 5428/1/5 5423/1/5 5427/1/5
f 5429/1/5 5425/1/5 5424/1/5
f 5430/3/5 5426/3/5 5425/3/5
f 5430/1/5 5425/1/5 5429/1/5
f 5432/3/5 5427/3/5 5421/3/5
f 5433/3/5 5427/3/5 5432/3/5
f 5434/3/5 5426/3/5 5430/3/5
f 5435/3/5 5426/3/5 5434/3/5
f 5437/1/5 5433/1/5 5432/1/5
f 5437/3/5 5432/3/5 5431/3/5
f 5438/1/5 5433/1/5 5437/1/5
f 5439/1/5 5435/1/5 5434/1/5
f 5440/3/5 5436/3/5 5435/3/5
f 5440/1/5 5435/1/5 5439/1/5
f 5441/3/5 5437/3/5 5431/3/5
f 5444/3/5 5436/3/5 5440/3/5
f 5445/3/5 5441/3/5 5431/3/5
f 5446/1/5 5442/1/5 5441/1/5
f 5446/3/5 5441/3/5 5445/3/5
f 5447/1/5 5442/1/5 5446/1/5
f 5448/1/5 5444/1/5 5443/1/5
f 5449/3/5 5436/3/5 5444/3/5
f 5449/1/5 5444/1/5 5448/1/5
f 5450/3/5 5436/3/5 5449/3/5
f 5451/3/5 5447/3/5 5446/3/5
f 5454/3/5 5449/3/5 5448/3/5
f 5455/3/5 5451/3/5 5446/3/5
f 5456/1/5 5452/1/5 5451/1/5
f 5456/3/5 5451/3/5 5455/3/5
f 5457/1/5 5452/1/5 5456/1/5
f 5458/1/5 5454/1/5 5453/1/5
f 5459/3/5 5449/3/5 5454/3/5
f 5459/1/5 5454/1/5 5458/1/5
f 5460/3/5 5449/3/5 5459/3/5
f 5461/3/5 5457/3/5 5456/3/5
f 5462/3/5 5457/3/5 5461/3/5
f 5465/3/5 5459/3/5 5458/3/5
f 5466/3/5 5459/3/5 5465/3/5
f 5467/1/5 5463/1/5 5462/1/5
f 5468/1/5 5463/1/5 5467/1/5
f 5471/1/5 5465/1/5 5464/1/5
f 5472/1/5 5465/1/5 5471/1/5
f 5473/1/5 5469/1/5 5468/1/5
f 5474/1/5 5469/1/5 5473/1/5
f 5477/1/5 5471/1/5 5470/1/5
f 5478/1/5 5471/1/5 5477/1/5
f 5479/3/5 5474/3/5 5473/3/5
f 5480/1/5 5475/1/5 5474/1/5
f 5480/3/5 5474/3/5 5479/3/5
f 5481/1/5 5475/1/5 5480/1/5
f 5484/1/5 5477/1/5 5476/1/5
f 5485/3/5 5478/3/5 5477/3/5
f 5485/1/5 5477/1/5 5484/1/5
f 5486/3/5 5478/3/5 5485/3/5
f 5487/3/5 5481/3/5 5480/3/5
f 5488/1/5 5482/1/5 5481/1/5
f 5488/3/5 5481/3/5 5487/3/5
f 5489/1/5 5482/1/5 5488/1/5
f 5492/1/5 5484/1/5 5483/1/5
f 5493/3/5 5485/3/5 5484/3/5
f 5493/1/5 5484/1/5 5492/1/5
f 5494/3/5 5485/3/5 5493/3/5
f 5495/3/5 5489/3/5 5488/3/5
f 5496/1/5 5490/1/5 5489/1/5
f 5496/3/5 5489/3/5 5495/3/5
f 5497/1/5 5490/1/5 5496/1/5
f 5500/1/5 5492/1/5 5491/1/5
f 5501/3/5 5493/3/5 5492/3/5
f 5501/1/5 5492/1/5 5500/1/5
f 5502/3/5 5493/3/5 5501/3/5
f 5503/3/5 5497/3/5 5496/3/5
f 5504/1/5 5498/1/5 5497/1/5
f 5504/3/5 5497/3/5 5503/3/5
f 5505/1/5 5498/1/5 5504/1/5
f 5508/1/5 5500/1/5 5499/1/5
f 5509/3/5 5501/3/5 5500/3/5
f 5509/1/5 5500/1/5 5508/1/5
f 5510/3/5 5501/3/5 5509/3/5
f 5511/1/5 5506/1/5 5505/1/5
f 5512/1/5 5506/1/5 5511/1/5
f 5517/1/5 5508/1/5 5507/1/5
f 5518/1/5 5508/1/5 5517/1/5
f 5519/3/5 5513/3/5 5512/3/5
f 5520/1/5 5514/1/5 5513/1/5
f 5520/3/5 5513/3/5 5519/3/5
f 5521/1/5 5514/1/5 5520/1/5
f 5526/1/5 5516/1/5 5515/1/5
f 5527/3/5 5517/3/5 5516/3/5
f 5527/1/5 5516/1/5 5526/1/5
f 5528/3/5 5517/3/5 5527/3/5
f 5529/3/5 5521/3/5 5520/3/5
f 5529/3/5 5522/3/5 5521/3/5
f 5530/1/5 5523/1/5 5522/1/5
f 5530/3/5 5522/3/5 5529/3/5
f 5531/1/5 5523/1/5 5530/1/5
f 5532/1/5 5525/1/5 5524/1/5
f 5533/3/5 5526/3/5 5525/3/5
f 5533/3/5 5527/3/5 5526/3/5
f 5533/1/5 5525/1/5 5532/1/5
f 5534/3/5 5527/3/5 5533/3/5
f 5535/3/5 5531/3/5 5530/3/5
f 5535/3/5 5532/3/5 5531/3/5
f 5535/3/5 5533/3/5 5532/3/5
f 5536/3/5 5533/3/5 5535/3/5
f 5537/2/6 5538/2/6 5541/2/6
f 5541/2/6 5538/2/6 5542/2/6
f 5539/2/6 5540/2/6 5543/2/6
f 5543/2/6 5540/2/6 5544/2/6
f 5545/2/6 5546/2/6 5549/2/6
f 5549/2/6 5546/2/6 5550/2/6
f 5547/2/6 5548/2/6 5551/2/6
f 5551/2/6 5548/2/6 5552/2/6
f 5553/2/6 5554/2/6 5557/2/6
f 5557/2/6 5554/2/6 5558/2/6
f 5555/2/6 5556/2/6 5559/2/6
f 5559/2/6 5556/2/6 5560/2/6
f 5561/2/6 5562/2/6 5565/2/6
f 5565/2/6 5562/2/6 5566/2/6
f 5563/2/6 5564/2/6 5567/2/6
f 5567/2/6 5564/2/6 5568/2/6
f 5569/2/6 5570/2/6 5574/2/6
f 5574/2/6 5570/2/6 5575/2/6
f 5571/2/6 5572/2/6 5576/2/6
f 5576/2/6 5572/2/6 5577/2/6
f 5573/2/6 5574/2/6 5579/2/6
f 5579/2/6 5574/2/6 5580/2/6
f 5577/2/6 5578/2/6 5581/2/6
f 5581/2/6 5578/2/6 5582/2/6
f 5583/2/6 5584/2/6 5588/2/6
f 5588/2/6 5584/2/6 5589/2/6
f 5585/2/6 5586/2/6 5590/2/6
f 5590/2/6 5586/2/6 5591/2/6
f 5587/2/6 5588/2/6 5593/2/6
f 5593/2/6 5588/2/6 5594/2/6
f 5591/2/6 5592/2/6 5595/2/6
f 5595/2/6 5592/2/6 5596/2/6
f 5597/2/6 5598/2/6 5601/2/6
f 5601/2/6 5598/2/6 5602/2/6
f 5599/2/6 5600/2/6 5605/2/6
f 5605/2/6 5600/2/6 5606/2/6
f 5602/2/6 5603/2/6 5607/2/6
f 5607/2/6 5603/2/6 5608/2/6
f 5604/2/6 5605/2/6 5609/2/6
f 5609/2/6 5605/2/6 5610/2/6
f 5611/2/6 5612/2/6 5615/2/6
f 5615/2/6 5612/2/6 5616/2/6
f 5613/2/6 5614/2/6 5619/2/6
f 5619/2/6 5614/2/6 5620/2/6
f 5616/2/6 5617/2/6 5621/2/6
f 5621/2/6 5617/2/6 5622/2/6
f 5618/2/6 5619/2/6 5623/2/6
f 5623/2/6 5619/2/6 5624/2/6
f 5625/2/6 5626/2/6 5629/2/6
f 5629/2/6 5626/2/6 5630/2/6
f 5627/2/6 5628/2/6 5631/2/6
f 5631/2/6 5628/2/6 5632/2/6
f 5633/2/6 5634/2/6 5637/2/6
f 5637/2/6 5634/2/6 5638/2/6
f 5635/2/6 5636/2/6 5639/2/6
f 5639/2/6 5636/2/6 5640/2/6
f 5641/2/6 5642/2/6 5645/2/6
f 5645/2/6 5642/2/6 5646/2/6
f 5643/2/6 5644/2/6 5647/2/6
f 5647/2/6 5644/2/6 5648/2/6
f 5649/2/6 5650/2/6 5653/2/6
f 5653/2/6 5650/2/6 5654/2/6
f 5651/2/6 5652/2/6 5655/2/6
f 5655/2/6 5652/2/6 5656/2/6
f 5657/2/6 5658/2/6 5662/2/6
f 5662/2/6 5658/2/6 5663/2/6
f 5659/2/6 5660/2/6 5664/2/6
f 5664/2/6 5660/2/6 5665/2/6
f 5661/2/6 5662/2/6 5667/2/6
f 5667/2/6 5662/2/6 5668/2/6
f 5665/2/6 5666/2/6 5669/2/6
f 5669/2/6 5666/2/6 5670/2/6
f 5671/2/6 5672/2/6 5676/2/6
f 5676/2/6 5672/2/6 5677/2/6
f 5673/2/6 5674/2/6 5678/2/6
f 5678/2/6 5674/2/6 5679/2/6
f 5675/2/6 5676/2/6 5681/2/6
f 5681/2/6 5676/2/6 5682/2/6
f 5679/2/6 5680/2/6 5683/2/6
f 5683/2/6 5680/2/6 5684/2/6
f 5685/2/6 5686/2/6 5689/2/6
f 5689/2/6 5686/2/6 5690/2/6
f 5687/2/6 5688/2/6 5693/2/6
f 5693/2/6 5688/2/6 5694/2/6
f 5690/2/6 5691/2/6 5695/2/6
f 5695/2/6 5691/2/6 5696/2/6
f 5692/2/6 5693/2/6 5697/2/6
f 5697/2/6 5693/2/6 5698/2/6
f 5699/2/6 5700/2/6 5703/2/6
f 5703/2/6 5700/2/6 5704/2/6
f 5701/2/6 5702/2/6 5707/2/6
f 5707/2/6 5702/2/6 5708/2/6
f 5704/2/6 5705/2/6 5709/2/6
f 5709/2/6 5705/2/6 5710/2/6
f 5706/2/6 5707/2/6 5711/2/6
f 5711/2/6 5707/2/6 5712/2/6
f 5713/2/6 5714/2/6 5717/2/6
f 5717/2/6 5714/2/6 5718/2/6
f 5715/2/6 5716/2/6 5719/2/6
f 5719/2/6 5716/2/6 5720/2/6
f 5721/2/6 5722/2/6 5725/2/6
f 5725/2/6 5722/2/6 5726/2/6
f 5723/2/6 5724/2/6 5727/2/6
f 5727/2/6 5724/2/6 5728/2/6
f 5729/2/6 5730/2/6 5733/2/6
f 5733/2/6 5730/2/6 5734/2/6
f 5731/2/6 5732/2/6 5735/2/6
f 5735/2/6 5732/2/6 5736/2/6
f 5737/2/6 5738/2/6 5741/2/6
f 5741/2/6 5738/2/6 5742/2/6
f 5739/2/6 5740/2/6 5743/2/6
f 5743/2/6 5740/2/6 5744/2/6
f 5745/3/6 5746/3/6 5748/3/6
f 5748/3/6 5746/3/6 5749/3/6
f 5749/3/6 5746/3/6 5750/3/6
f 5750/3/6 5746/3/6 5751/3/6
f 5747/3/6 5748/3/6 5754/3/6
f 5754/3/6 5748/3/6 5755/3/6
f 5748/1/6 5749/1/6 5756/1/6
f 5755/3/6 5748/3/6 5756/3/6
f 5756/1/6 5749/1/6 5757/1/6
f 5750/1/6 5751/1/6 5758/1/6
f 5751/3/6 5752/3/6 5759/3/6
f 5758/1/6 5751/1/6 5759/1/6
f 5759/3/6 5752/3/6 5760/3/6
f 5760/3/6 5752/3/6 5761/3/6
f 5753/3/6 5754/3/6 5764/3/6
f 5764/3/6 5754/3/6 5765/3/6
f 5754/1/6 5755/1/6 5766/1/6
f 5765/3/6 5754/3/6 5766/3/6
f 5766/1/6 5755/1/6 5767/1/6
f 5760/1/6 5761/1/6 5768/1/6
f 5761/3/6 5762/3/6 5769/3/6
f 5768/1/6 5761/1/6 5769/1/6
f 5769/3/6 5762/3/6 5770/3/6
f 5770/3/6 5762/3/6 5771/3/6
f 5763/3/6 5764/3/6 5774/3/6
f 5764/1/6 5765/1/6 5775/1/6
f 5774/3/6 5764/3/6 5775/3/6
f 5775/1/6 5765/1/6 5776/1/6
f 5770/1/6 5771/1/6 5777/1/6
f 5771/3/6 5772/3/6 5778/3/6
f 5777/1/6 5771/1/6 5778/1/6
f 5778/3/6 5772/3/6 5779/3/6
f 5773/3/6 5774/3/6 5782/3/6
f 5774/1/6 5775/1/6 5783/1/6
f 5782/3/6 5774/3/6 5783/3/6
f 5783/1/6 5775/1/6 5784/1/6
f 5778/1/6 5779/1/6 5785/1/6
f 5779/3/6 5780/3/6 5786/3/6
f 5785/1/6 5779/1/6 5786/1/6
f 5786/3/6 5780/3/6 5787/3/6
f 5781/3/6 5782/3/6 5790/3/6
f 5782/1/6 5783/1/6 5791/1/6
f 5790/3/6 5782/3/6 5791/3/6
f 5791/1/6 5783/1/6 5792/1/6
f 5786/1/6 5787/1/6 5793/1/6
f 5787/3/6 5788/3/6 5794/3/6
f 5793/1/6 5787/1/6 5794/1/6
f 5794/3/6 5788/3/6 5795/3/6
f 5789/3/6 5790/3/6 5798/3/6
f 5790/1/6 5791/1/6 5799/1/6
f 5798/3/6 5790/3/6 5799/3/6
f 5799/1/6 5791/1/6 5800/1/6
f 5794/1/6 5795/1/6 5801/1/6
f 5795/3/6 5796/3/6 5802/3/6
f 5801/1/6 5795/1/6 5802/1/6
f 5802/3/6 5796/3/6 5803/3/6
f 5797/3/6 5798/3/6 5806/3/6
f 5798/1/6 5799/1/6 5807/1/6
f 5806/3/6 5798/3/6 5807/3/6
f 5807/1/6 5799/1/6 5808/1/6
f 5802/1/6 5803/1/6 5809/1/6
f 5803/3/6 5804/3/6 5810/3/6
f 5809/1/6 5803/1/6 5810/1/6
f 5810/3/6 5804/3/6 5811/3/6
f 5805/3/6 5806/3/6 5814/3/6
f 5806/1/6 5807/1/6 5815/1/6
f 5814/3/6 5806/3/6 5815/3/6
f 5815/1/6 5807/1/6 5816/1/6
f 5810/1/6 5811/1/6 5817/1/6
f 5811/3/6 5812/3/6 5818/3/6
f 5817/1/6 5811/1/6 5818/1/6
f 5818/3/6 5812/3/6 5819/3/6
f 5813/3/6 5814/3/6 5821/3/6
f 5814/1/6 5815/1/6 5821/1/6
f 5821/1/6 5815/1/6 5822/1/6
f 5818/1/6 5819/1/6 5823/1/6
f 5819/3/6 5820/3/6 5824/3/6
f 5823/1/6 5819/1/6 5824/1/6
f 5813/3/6 5821/3/6 5826/3/6
f 5826/3/6 5821/3/6 5827/3/6
f 5824/3/6 5820/3/6 5828/3/6
f 5828/3/6 5820/3/6 5829/3/6
f 5826/1/6 5827/1/6 5831/1/6
f 5825/3/6 5826/3/6 5831/3/6
f 5831/1/6 5827/1/6 5832/1/6
f 5828/1/6 5829/1/6 5833/1/6
f 5829/3/6 5830/3/6 5834/3/6
f 5833/1/6 5829/1/6 5834/1/6
f 5825/3/6 5831/3/6 5836/3/6
f 5836/3/6 5831/3/6 5837/3/6
f 5834/3/6 5830/3/6 5838/3/6
f 5838/3/6 5830/3/6 5839/3/6
f 5836/1/6 5837/1/6 5841/1/6
f 5835/3/6 5836/3/6 5841/3/6
f 5841/1/6 5837/1/6 5842/1/6
f 5838/1/6 5839/1/6 5843/1/6
f 5839/3/6 5840/3/6 5844/3/6
f 5843/1/6 5839/1/6 5844/1/6
f 5835/3/6 5841/3/6 5845/3/6
f 5844/3/6 5840/3/6 5848/3/6
f 5835/3/6 5845/3/6 5849/3/6
f 5845/1/6 5846/1/6 5850/1/6
f 5849/3/6 5845/3/6 5850/3/6
f 5850/1/6 5846/1/6 5851/1/6
f 5847/1/6 5848/1/6 5852/1/6
f 5848/3/6 5840/3/6 5853/3/6
f 5852/1/6 5848/1/6 5853/1/6
f 5853/3/6 5840/3/6 5854/3/6
f 5850/3/6 5851/3/6 5855/3/6
f 5852/3/6 5853/3/6 5858/3/6
f 5850/3/6 5855/3/6 5859/3/6
f 5855/1/6 5856/1/6 5860/1/6
f 5859/3/6 5855/3/6 5860/3/6
f 5860/1/6 5856/1/6 5861/1/6
f 5857/1/6 5858/1/6 5862/1/6
f 5858/3/6 5853/3/6 5863/3/6
f 5862/1/6 5858/1/6 5863/1/6
f 5863/3/6 5853/3/6 5864/3/6
f 5860/3/6 5861/3/6 5865/3/6
f 5862/3/6 5863/3/6 5868/3/6
f 5860/3/6 5865/3/6 5869/3/6
f 5865/1/6 5866/1/6 5870/1/6
f 5869/3/6 5865/3/6 5870/3/6
f 5870/1/6 5866/1/6 5871/1/6
f 5867/1/6 5868/1/6 5874/1/6
f 5868/3/6 5863/3/6 5875/3/6
f 5874/1/6 5868/1/6 5875/1/6
f 5875/3/6 5863/3/6 5876/3/6
f 5870/3/6 5871/3/6 5877/3/6
f 5871/1/6 5872/1/6 5878/1/6
f 5877/3/6 5871/3/6 5878/3/6
f 5878/1/6 5872/1/6 5879/1/6
f 5873/1/6 5874/1/6 5882/1/6
f 5874/3/6 5875/3/6 5883/3/6
f 5882/1/6 5874/1/6 5883/1/6
f 5883/3/6 5875/3/6 5884/3/6
f 5878/3/6 5879/3/6 5885/3/6
f 5879/1/6 5880/1/6 5886/1/6
f 5885/3/6 5879/3/6 5886/3/6
f 5886/1/6 5880/1/6 5887/1/6
f 5881/1/6 5882/1/6 5890/1/6
f 5882/3/6 5883/3/6 5891/3/6
f 5890/1/6 5882/1/6 5891/1/6
f 5891/3/6 5883/3/6 5892/3/6
f 5886/3/6 5887/3/6 5893/3/6
f 5887/1/6 5888/1/6 5894/1/6
f 5893/3/6 5887/3/6 5894/3/6
f 5894/1/6 5888/1/6 5895/1/6
f 5889/1/6 5890/1/6 5898/1/6
f 5890/3/6 5891/3/6 5899/3/6
f 5898/1/6 5890/1/6 5899/1/6
f 5899/3/6 5891/3/6 5900/3/6
f 5894/3/6 5895/3/6 5901/3/6
f 5895/1/6 5896/1/6 5902/1/6
f 5901/3/6 5895/3/6 5902/3/6
f 5902/1/6 5896/1/6 5903/1/6
f 5897/1/6 5898/1/6 5906/1/6
f 5898/3/6 5899/3/6 5907/3/6
f 5906/1/6 5898/1/6 5907/1/6
f 5907/3/6 5899/3/6 5908/3/6
f 5902/3/6 5903/3/6 5909/3/6
f 5903/1/6 5904/1/6 5910/1/6
f 5909/3/6 5903/3/6 5910/3/6
f 5910/1/6 5904/1/6 5911/1/6
f 5905/1/6 5906/1/6 5914/1/6
f 5906/3/6 5907/3/6 5915/3/6
f 5914/1/6 5906/1/6 5915/1/6
f 5915/3/6 5907/3/6 5916/3/6
f 5910/3/6 5911/3/6 5917/3/6
f 5911/1/6 5912/1/6 5918/1/6
f 5917/3/6 5911/3/6 5918/3/6
f 5918/1/6 5912/1/6 5919/1/6
f 5913/1/6 5914/1/6 5924/1/6
f 5914/3/6 5915/3/6 5925/3/6
f 5924/1/6 5914/1/6 5925/1/6
f 5925/3/6 5915/3/6 5926/3/6
f 5918/3/6 5919/3/6 5927/3/6
f 5919/3/6 5920/3/6 5927/3/6
f 5920/1/6 5921/1/6 5928/1/6
f 5927/3/6 5920/3/6 5928/3/6
f 5928/1/6 5921/1/6 5929/1/6
f 5922/1/6 5923/1/6 5934/1/6
f 5923/3/6 5924/3/6 5935/3/6
f 5924/3/6 5925/3/6 5935/3/6
f 5934/1/6 5923/1/6 5935/1/6
f 5935/3/6 5925/3/6 5936/3/6
f 5928/3/6 5929/3/6 5937/3/6
f 5929/3/6 5930/3/6 5937/3/6
f 5930/1/6 5931/1/6 5938/1/6
f 5937/3/6 5930/3/6 5938/3/6
f 5938/1/6 5931/1/6 5939/1/6
f 5932/1/6 5933/1/6 5940/1/6
f 5933/3/6 5934/3/6 5941/3/6
f 5934/3/6 5935/3/6 5941/3/6
f 5940/1/6 5933/1/6 5941/1/6
f 5941/3/6 5935/3/6 5942/3/6
f 5938/3/6 5939/3/6 5943/3/6
f 5939/3/6 5940/3/6 5943/3/6
f 5940/3/6 5941/3/6 5943/3/6
f 5943/3/6 5941/3/6 5944/3/6
f 5945/1/6 5946/1/6 5948/1/6
f 5948/1/6 5946/1/6 5949/1/6
f 5949/1/6 5946/1/6 5950/1/6
f 5950/1/6 5946/1/6 5951/1/6
f 5947/1/6 5948/1/6 5954/1/6
f 5948/1/6 5949/1/6 5954/1/6
f 5954/1/6 5949/1/6 5955/1/6
f 5955/1/6 5949/1/6 5956/1/6
f 5950/1/6 5951/1/6 5957/1/6
f 5951/1/6 5952/1/6 5957/1/6
f 5957/1/6 5952/1/6 5958/1/6
f 5958/1/6 5952/1/6 5959/1/6
f 5954/1/6 5955/1/6 5962/1/6
f 5953/1/6 5954/1/6 5962/1/6
f 5962/1/6 5955/1/6 5963/1/6
f 5963/1/6 5955/1/6 5964/1/6
f 5959/1/6 5960/1/6 5965/1/6
f 5958/1/6 5959/1/6 5965/1/6
f 5965/1/6 5960/1/6 5966/1/6
f 5966/1/6 5960/1/6 5967/1/6
f 5962/1/6 5963/1/6 5970/1/6
f 5961/1/6 5962/1/6 5970/1/6
f 5970/1/6 5963/1/6 5971/1/6
f 5971/1/6 5963/1/6 5972/1/6
f 5967/1/6 5968/1/6 5973/1/6
f 5966/1/6 5967/1/6 5973/1/6
f 5973/1/6 5968/1/6 5974/1/6
f 5974/1/6 5968/1/6 5975/1/6
f 5970/1/6 5971/1/6 5978/1/6
f 5969/1/6 5970/1/6 5978/1/6
f 5978/1/6 5971/1/6 5979/1/6
f 5975/1/6 5976/1/6 5980/1/6
f 5974/1/6 5975/1/6 5980/1/6
f 5980/1/6 5976/1/6 5981/1/6
f 5977/1/6 5978/1/6 5984/1/6
f 5984/1/6 5978/1/6 5985/1/6
f 5981/1/6 5982/1/6 5986/1/6
f 5986/1/6 5982/1/6 5987/1/6
f 5983/1/6 5984/1/6 5990/1/6
f 5990/1/6 5984/1/6 5991/1/6
f 5987/1/6 5988/1/6 5992/1/6
f 5992/1/6 5988/1/6 5993/1/6
f 5989/1/6 5990/1/6 5996/1/6
f 5996/1/6 5990/1/6 5997/1/6
f 5993/1/6 5994/1/6 5998/1/6
f 5998/1/6 5994/1/6 5999/1/6
f 5995/1/6 5996/1/6 6002/1/6
f 6002/1/6 5996/1/6 6003/1/6
f 5999/1/6 6000/1/6 6004/1/6
f 6004/1/6 6000/1/6 6005/1/6
f 6001/1/6 6002/1/6 6008/1/6
f 6005/1/6 6006/1/6 6009/1/6
f 6007/1/6 6008/1/6 6011/1/6
f 6008/1/6 6002/1/6 6011/1/6
f 6011/1/6 6002/1/6 6012/1/6
f 6009/1/6 6010/1/6 6013/1/6
f 6005/1/6 6009/1/6 6013/1/6
f 6013/1/6 6010/1/6 6014/1/6
f 6007/1/6 6011/1/6 6016/1/6
f 6014/1/6 6010/1/6 6017/1/6
f 6015/1/6 6016/1/6 6019/1/6
f 6016/1/6 6011/1/6 6019/1/6
f 6019/1/6 6011/1/6 6020/1/6
f 6017/1/6 6018/1/6 6021/1/6
f 6014/1/6 6017/1/6 6021/1/6
f 6021/1/6 6018/1/6 6022/1/6
f 6015/1/6 6019/1/6 6023/1/6
f 6022/1/6 6018/1/6 6026/1/6
f 6023/1/6 6024/1/6 6027/1/6
f 6015/1/6 6023/1/6 6027/1/6
f 6027/1/6 6024/1/6 6028/1/6
f 6025/1/6 6026/1/6 6029/1/6
f 6026/1/6 6018/1/6 6029/1/6
f 6029/1/6 6018/1/6 6030/1/6
f 6028/1/6 6024/1/6 6031/1/6
f 6025/1/6 6029/1/6 6034/1/6
f 6031/1/6 6032/1/6 6035/1/6
f 6028/1/6 6031/1/6 6035/1/6
f 6035/1/6 6032/1/6 6036/1/6
f 6033/1/6 6034/1/6 6037/1/6
f 6034/1/6 6029/1/6 6037/1/6
f 6037/1/6 6029/1/6 6038/1/6
f 6036/1/6 6032/1/6 6039/1/6
f 6039/1/6 6032/1/6 6040/1/6
f 6033/1/6 6037/1/6 6043/1/6
f 6043/1/6 6037/1/6 6044/1/6
f 6040/1/6 6041/1/6 6045/1/6
f 6045/1/6 6041/1/6 6046/1/6
f 6042/1/6 6043/1/6 6049/1/6
f 6049/1/6 6043/1/6 6050/1/6
f 6046/1/6 6047/1/6 6051/1/6
f 6051/1/6 6047/1/6 6052/1/6
f 6048/1/6 6049/1/6 6055/1/6
f 6055/1/6 6049/1/6 6056/1/6
f 6052/1/6 6053/1/6 6057/1/6
f 6057/1/6 6053/1/6 6058/1/6
f 6054/1/6 6055/1/6 6061/1/6
f 6061/1/6 6055/1/6 6062/1/6
f 6058/1/6 6059/1/6 6063/1/6
f 6063/1/6 6059/1/6 6064/1/6
f 6060/1/6 6061/1/6 6067/1/6
f 6067/1/6 6061/1/6 6068/1/6
f 6064/1/6 6065/1/6 6069/1/6
f 6069/1/6 6065/1/6 6070/1/6
f 6070/1/6 6065/1/6 6071/1/6
f 6066/1/6 6067/1/6 6074/1/6
f 6074/1/6 6067/1/6 6075/1/6
f 6075/1/6 6067/1/6 6076/1/6
f 6071/1/6 6072/1/6 6077/1/6
f 6070/1/6 6071/1/6 6077/1/6
f 6077/1/6 6072/1/6 6078/1/6
f 6078/1/6 6072/1/6 6079/1/6
f 6074/1/6 6075/1/6 6082/1/6
f 6073/1/6 6074/1/6 6082/1/6
f 6082/1/6 6075/1/6 6083/1/6
f 6083/1/6 6075/1/6 6084/1/6
f 6079/1/6 6080/1/6 6085/1/6
f 6078/1/6 6079/1/6 6085/1/6
f 6085/1/6 6080/1/6 6086/1/6
f 6086/1/6 6080/1/6 6087/1/6
f 6082/1/6 6083/1/6 6090/1/6
f 6081/1/6 6082/1/6 6090/1/6
f 6090/1/6 6083/1/6 6091/1/6
f 6091/1/6 6083/1/6 6092/1/6
f 6087/1/6 6088/1/6 6093/1/6
f 6086/1/6 6087/1/6 6093/1/6
f 6093/1/6 6088/1/6 6094/1/6
f 6094/1/6 6088/1/6 6095/1/6
f 6090/1/6 6091/1/6 6096/1/6
f 6089/1/6 6090/1/6 6096/1/6
f 6096/1/6 6091/1/6 6097/1/6
f 6097/1/6 6091/1/6 6098/1/6
f 6094/1/6 6095/1/6 6099/1/6
f 6096/1/6 6097/1/6 6099/1/6
f 6095/1/6 6096/1/6 6099/1/6
f 6099/1/6 6097/1/6 6100/1/6
f 6101/3/6 6102/3/6 6104/3/6
f 6104/3/6 6102/3/6 6105/3/6
f 6103/3/6 6104/3/6 6108/3/6
f 6108/3/6 6104/3/6 6109/3/6
f 6104/1/6 6105/1/6 6110/1/6
f 6109/3/6 6104/3/6 6110/3/6
f 6105/3/6 6106/3/6 6111/3/6
f 6110/1/6 6105/1/6 6111/1/6
f 6111/3/6 6106/3/6 6112/3/6
f 6112/3/6 6106/3/6 6113/3/6
f 6107/3/6 6108/3/6 6116/3/6
f 6116/3/6 6108/3/6 6117/3/6
f 6108/1/6 6109/1/6 6118/1/6
f 6117/3/6 6108/3/6 6118/3/6
f 6118/1/6 6109/1/6 6119/1/6
f 6112/1/6 6113/1/6 6120/1/6
f 6113/3/6 6114/3/6 6121/3/6
f 6120/1/6 6113/1/6 6121/1/6
f 6121/3/6 6114/3/6 6122/3/6
f 6122/3/6 6114/3/6 6123/3/6
f 6115/3/6 6116/3/6 6126/3/6
f 6116/1/6 6117/1/6 6127/1/6
f 6126/3/6 6116/3/6 6127/3/6
f 6127/1/6 6117/1/6 6128/1/6
f 6122/1/6 6123/1/6 6129/1/6
f 6123/3/6 6124/3/6 6130/3/6
f 6129/1/6 6123/1/6 6130/1/6
f 6130/3/6 6124/3/6 6131/3/6
f 6125/3/6 6126/3/6 6134/3/6
f 6134/3/6 6126/3/6 6135/3/6
f 6126/1/6 6127/1/6 6136/1/6
f 6135/3/6 6126/3/6 6136/3/6
f 6136/1/6 6127/1/6 6137/1/6
f 6130/1/6 6131/1/6 6138/1/6
f 6131/3/6 6132/3/6 6139/3/6
f 6138/1/6 6131/1/6 6139/1/6
f 6139/3/6 6132/3/6 6140/3/6
f 6140/3/6 6132/3/6 6141/3/6
f 6133/3/6 6134/3/6 6144/3/6
f 6134/1/6 6135/1/6 6145/1/6
f 6144/3/6 6134/3/6 6145/3/6
f 6145/1/6 6135/1/6 6146/1/6
f 6140/1/6 6141/1/6 6147/1/6
f 6141/3/6 6142/3/6 6148/3/6
f 6147/1/6 6141/1/6 6148/1/6
f 6148/3/6 6142/3/6 6149/3/6
f 6143/3/6 6144/3/6 6152/3/6
f 6144/1/6 6145/1/6 6153/1/6
f 6152/3/6 6144/3/6 6153/3/6
f 6153/1/6 6145/1/6 6154/1/6
f 6148/1/6 6149/1/6 6155/1/6
f 6149/3/6 6150/3/6 6156/3/6
f 6155/1/6 6149/1/6 6156/1/6
f 6156/3/6 6150/3/6 6157/3/6
f 6151/3/6 6152/3/6 6160/3/6
f 6152/1/6 6153/1/6 6161/1/6
f 6160/3/6 6152/3/6 6161/3/6
f 6161/1/6 6153/1/6 6162/1/6
f 6156/1/6 6157/1/6 6163/1/6
f 6157/3/6 6158/3/6 6164/3/6
f 6163/1/6 6157/1/6 6164/1/6
f 6164/3/6 6158/3/6 6165/3/6
f 6159/3/6 6160/3/6 6167/3/6
f 6160/1/6 6161/1/6 6167/1/6
f 6167/1/6 6161/1/6 6168/1/6
f 6164/1/6 6165/1/6 6169/1/6
f 6165/3/6 6166/3/6 6170/3/6
f 6169/1/6 6165/1/6 6170/1/6
f 6159/3/6 6167/3/6 6172/3/6
f 6172/3/6 6167/3/6 6173/3/6
f 6170/3/6 6166/3/6 6174/3/6
f 6174/3/6 6166/3/6 6175/3/6
f 6172/1/6 6173/1/6 6177/1/6
f 6171/3/6 6172/3/6 6177/3/6
f 6177/1/6 6173/1/6 6178/1/6
f 6174/1/6 6175/1/6 6179/1/6
f 6175/3/6 6176/3/6 6180/3/6
f 6179/1/6 6175/1/6 6180/1/6
f 6171/3/6 6177/3/6 6182/3/6
f 6182/3/6 6177/3/6 6183/3/6
f 6180/3/6 6176/3/6 6184/3/6
f 6184/3/6 6176/3/6 6185/3/6
f 6181/3/6 6182/3/6 6187/3/6
f 6182/1/6 6183/1/6 6188/1/6
f 6187/3/6 6182/3/6 6188/3/6
f 6188/1/6 6183/1/6 6189/1/6
f 6184/1/6 6185/1/6 6190/1/6
f 6185/3/6 6186/3/6 6191/3/6
f 6190/1/6 6185/1/6 6191/1/6
f 6191/3/6 6186/3/6 6192/3/6
f 6188/3/6 6189/3/6 6193/3/6
f 6190/3/6 6191/3/6 6196/3/6
f 6188/3/6 6193/3/6 6197/3/6
f 6193/1/6 6194/1/6 6198/1/6
f 6197/3/6 6193/3/6 6198/3/6
f 6198/1/6 6194/1/6 6199/1/6
f 6195/1/6 6196/1/6 6200/1/6
f 6196/3/6 6191/3/6 6201/3/6
f 6200/1/6 6196/1/6 6201/1/6
f 6201/3/6 6191/3/6 6202/3/6
f 6198/3/6 6199/3/6 6203/3/6
f 6200/3/6 6201/3/6 6206/3/6
f 6198/3/6 6203/3/6 6207/3/6
f 6203/1/6 6204/1/6 6208/1/6
f 6207/3/6 6203/3/6 6208/3/6
f 6208/1/6 6204/1/6 6209/1/6
f 6205/1/6 6206/1/6 6212/1/6
f 6206/3/6 6201/3/6 6213/3/6
f 6212/1/6 6206/1/6 6213/1/6
f 6213/3/6 6201/3/6 6214/3/6
f 6208/3/6 6209/3/6 6215/3/6
f 6209/1/6 6210/1/6 6216/1/6
f 6215/3/6 6209/3/6 6216/3/6
f 6216/1/6 6210/1/6 6217/1/6
f 6211/1/6 6212/1/6 6220/1/6
f 6212/3/6 6213/3/6 6221/3/6
f 6220/1/6 6212/1/6 6221/1/6
f 6221/3/6 6213/3/6 6222/3/6
f 6216/3/6 6217/3/6 6223/3/6
f 6217/1/6 6218/1/6 6224/1/6
f 6223/3/6 6217/3/6 6224/3/6
f 6224/1/6 6218/1/6 6225/1/6
f 6219/1/6 6220/1/6 6228/1/6
f 6220/3/6 6221/3/6 6229/3/6
f 6228/1/6 6220/1/6 6229/1/6
f 6229/3/6 6221/3/6 6230/3/6
f 6224/3/6 6225/3/6 6231/3/6
f 6225/1/6 6226/1/6 6232/1/6
f 6231/3/6 6225/3/6 6232/3/6
f 6232/1/6 6226/1/6 6233/1/6
f 6227/1/6 6228/1/6 6238/1/6
f 6228/3/6 6229/3/6 6239/3/6
f 6238/1/6 6228/1/6 6239/1/6
f 6239/3/6 6229/3/6 6240/3/6
f 6232/3/6 6233/3/6 6241/3/6
f 6233/3/6 6234/3/6 6241/3/6
f 6234/1/6 6235/1/6 6242/1/6
f 6241/3/6 6234/3/6 6242/3/6
f 6242/1/6 6235/1/6 6243/1/6
f 6236/1/6 6237/1/6 6246/1/6
f 6237/3/6 6238/3/6 6247/3/6
f 6238/3/6 6239/3/6 6247/3/6
f 6246/1/6 6237/1/6 6247/1/6
f 6247/3/6 6239/3/6 6248/3/6
f 6242/3/6 6243/3/6 6249/3/6
f 6243/1/6 6244/1/6 6250/1/6
f 6249/3/6 6243/3/6 6250/3/6
f 6250/1/6 6244/1/6 6251/1/6
f 6245/1/6 6246/1/6 6256/1/6
f 6246/3/6 6247/3/6 6257/3/6
f 6256/1/6 6246/1/6 6257/1/6
f 6257/3/6 6247/3/6 6258/3/6
f 6250/3/6 6251/3/6 6259/3/6
f 6251/3/6 6252/3/6 6259/3/6
f 6252/1/6 6253/1/6 6260/1/6
f 6259/3/6 6252/3/6 6260/3/6
f 6260/1/6 6253/1/6 6261/1/6
f 6254/1/6 6255/1/6 6264/1/6
f 6255/3/6 6256/3/6 6265/3/6
f 6256/3/6 6257/3/6 6265/3/6
f 6264/1/6 6255/1/6 6265/1/6
f 6265/3/6 6257/3/6 6266/3/6
f 6260/3/6 6261/3/6 6267/3/6
f 6261/3/6 6262/3/6 6267/3/6
f 6262/1/6 6263/1/6 6268/1/6
f 6267/3/6 6262/3/6 6268/3/6
f 6263/3/6 6264/3/6 6269/3/6
f 6268/1/6 6263/1/6 6269/1/6
f 6264/3/6 6265/3/6 6269/3/6
f 6269/3/6 6265/3/6 6270/3/6
f 6268/3/6 6269/3/6 6271/3/6
f 6271/3/6 6269/3/6 6272/3/6
f 6273/1/6 6274/1/6 6276/1/6
f 6276/1/6 6274/1/6 6277/1/6
f 6277/1/6 6274/1/6 6278/1/6
f 6278/1/6 6274/1/6 6279/1/6
f 6275/1/6 6276/1/6 6282/1/6
f 6276/1/6 6277/1/6 6282/1/6
f 6282/1/6 6277/1/6 6283/1/6
f 6283/1/6 6277/1/6 6284/1/6
f 6278/1/6 6279/1/6 6285/1/6
f 6279/1/6 6280/1/6 6285/1/6
f 6285/1/6 6280/1/6 6286/1/6
f 6286/1/6 6280/1/6 6287/1/6
f 6282/1/6 6283/1/6 6290/1/6
f 6281/1/6 6282/1/6 6290/1/6
f 6290/1/6 6283/1/6 6291/1/6
f 6291/1/6 6283/1/6 6292/1/6
f 6287/1/6 6288/1/6 6293/1/6
f 6286/1/6 6287/1/6 6293/1/6
f 6293/1/6 6288/1/6 6294/1/6
f 6294/1/6 6288/1/6 6295/1/6
f 6290/1/6 6291/1/6 6298/1/6
f 6289/1/6 6290/1/6 6298/1/6
f 6298/1/6 6291/1/6 6299/1/6
f 6299/1/6 6291/1/6 6300/1/6
f 6295/1/6 6296/1/6 6301/1/6
f 6294/1/6 6295/1/6 6301/1/6
f 6301/1/6 6296/1/6 6302/1/6
f 6302/1/6 6296/1/6 6303/1/6
f 6298/1/6 6299/1/6 6306/1/6
f 6297/1/6 6298/1/6 6306/1/6
f 6306/1/6 6299/1/6 6307/1/6
f 6307/1/6 6299/1/6 6308/1/6
f 6303/1/6 6304/1/6 6309/1/6
f 6302/1/6 6303/1/6 6309/1/6
f 6309/1/6 6304/1/6 6310/1/6
f 6310/1/6 6304/1/6 6311/1/6
f 6306/1/6 6307/1/6 6314/1/6
f 6305/1/6 6306/1/6 6314/1/6
f 6314/1/6 6307/1/6 6315/1/6
f 6315/1/6 6307/1/6 6316/1/6
f 6311/1/6 6312/1/6 6317/1/6
f 6310/1/6 6311/1/6 6317/1/6
f 6317/1/6 6312/1/6 6318/1/6
f 6318/1/6 6312/1/6 6319/1/6
f 6314/1/6 6315/1/6 6322/1/6
f 6313/1/6 6314/1/6 6322/1/6
f 6322/1/6 6315/1/6 6323/1/6
f 6323/1/6 6315/1/6 6324/1/6
f 6319/1/6 6320/1/6 6325/1/6
f 6318/1/6 6319/1/6 6325/1/6
f 6325/1/6 6320/1/6 6326/1/6
f 6326/1/6 6320/1/6 6327/1/6
f 6322/1/6 6323/1/6 6329/1/6
f 6321/1/6 6322/1/6 6329/1/6
f 6329/1/6 6323/1/6 6330/1/6
f 6327/1/6 6328/1/6 6331/1/6
f 6326/1/6 6327/1/6 6331/1/6
f 6331/1/6 6328/1/6 6332/1/6
f 6321/1/6 6329/1/6 6334/1/6
f 6332/1/6 6328/1/6 6335/1/6
f 6333/1/6 6334/1/6 6337/1/6
f 6334/1/6 6329/1/6 6337/1/6
f 6337/1/6 6329/1/6 6338/1/6
f 6335/1/6 6336/1/6 6339/1/6
f 6332/1/6 6335/1/6 6339/1/6
f 6339/1/6 6336/1/6 6340/1/6
f 6333/1/6 6337/1/6 6341/1/6
f 6340/1/6 6336/1/6 6344/1/6
f 6341/1/6 6342/1/6 6345/1/6
f 6333/1/6 6341/1/6 6345/1/6
f 6345/1/6 6342/1/6 6346/1/6
f 6343/1/6 6344/1/6 6347/1/6
f 6344/1/6 6336/1/6 6347/1/6
f 6347/1/6 6336/1/6 6348/1/6
f 6346/1/6 6342/1/6 6349/1/6
f 6343/1/6 6347/1/6 6352/1/6
f 6349/1/6 6350/1/6 6353/1/6
f 6346/1/6 6349/1/6 6353/1/6
f 6353/1/6 6350/1/6 6354/1/6
f 6354/1/6 6350/1/6 6355/1/6
f 6351/1/6 6352/1/6 6358/1/6
f 6352/1/6 6347/1/6 6359/1/6
f 6358/1/6 6352/1/6 6359/1/6
f 6359/1/6 6347/1/6 6360/1/6
f 6355/1/6 6356/1/6 6361/1/6
f 6354/1/6 6355/1/6 6361/1/6
f 6361/1/6 6356/1/6 6362/1/6
f 6362/1/6 6356/1/6 6363/1/6
f 6357/1/6 6358/1/6 6366/1/6
f 6358/1/6 6359/1/6 6366/1/6
f 6366/1/6 6359/1/6 6367/1/6
f 6367/1/6 6359/1/6 6368/1/6
f 6363/1/6 6364/1/6 6369/1/6
f 6362/1/6 6363/1/6 6369/1/6
f 6369/1/6 6364/1/6 6370/1/6
f 6370/1/6 6364/1/6 6371/1/6
f 6366/1/6 6367/1/6 6374/1/6
f 6365/1/6 6366/1/6 6374/1/6
f 6374/1/6 6367/1/6 6375/1/6
f 6375/1/6 6367/1/6 6376/1/6
f 6371/1/6 6372/1/6 6377/1/6
f 6370/1/6 6371/1/6 6377/1/6
f 6377/1/6 6372/1/6 6378/1/6
f 6378/1/6 6372/1/6 6379/1/6
f 6374/1/6 6375/1/6 6382/1/6
f 6373/1/6 6374/1/6 6382/1/6
f 6382/1/6 6375/1/6 6383/1/6
f 6383/1/6 6375/1/6 6384/1/6
f 6379/1/6 6380/1/6 6385/1/6
f 6378/1/6 6379/1/6 6385/1/6
f 6385/1/6 6380/1/6 6386/1/6
f 6386/1/6 6380/1/6 6387/1/6
f 6382/1/6 6383/1/6 6390/1/6
f 6381/1/6 6382/1/6 6390/1/6
f 6390/1/6 6383/1/6 6391/1/6
f 6391/1/6 6383/1/6 6392/1/6
f 6387/1/6 6388/1/6 6393/1/6
f 6386/1/6 6387/1/6 6393/1/6
f 6393/1/6 6388/1/6 6394/1/6
f 6394/1/6 6388/1/6 6395/1/6
f 6390/1/6 6391/1/6 6398/1/6
f 6389/1/6 6390/1/6 6398/1/6
f 6398/1/6 6391/1/6 6399/1/6
f 6399/1/6 6391/1/6 6400/1/6
f 6395/1/6 6396/1/6 6401/1/6
f 6394/1/6 6395/1/6 6401/1/6
f 6401/1/6 6396/1/6 6402/1/6
f 6402/1/6 6396/1/6 6403/1/6
f 6398/1/6 6399/1/6 6404/1/6
f 6397/1/6 6398/1/6 6404/1/6
f 6404/1/6 6399/1/6 6405/1/6
f 6405/1/6 6399/1/6 6406/1/6
f 6402/1/6 6403/1/6 6407/1/6
f 6404/1/6 6405/1/6 6407/1/6
f 6403/1/6 6404/1/6 6407/1/6
f 6407/1/6 6405/1/6 6408/1/6
f 6409/3/6 6410/3/6 6412/3/6
f 6412/3/6 6410/3/6 6413/3/6
f 6411/3/6 6412/3/6 6416/3/6
f 6412/1/6 6413/1/6 6417/1/6
f 6416/3/6 6412/3/6 6417/3/6
f 6413/3/6 6414/3/6 6418/3/6
f 6417/1/6 6413/1/6 6418/1/6
f 6418/3/6 6414/3/6 6419/3/6
f 6415/3/6 6416/3/6 6422/3/6
f 6416/1/6 6417/1/6 6423/1/6
f 6417/1/6 6418/1/6 6423/1/6
f 6422/3/6 6416/3/6 6423/3/6
f 6418/1/6 6419/1/6 6423/1/6
f 6423/1/6 6419/1/6 6424/1/6
f 6424/1/6 6419/1/6 6425/1/6
f 6419/3/6 6420/3/6 6426/3/6
f 6425/1/6 6419/1/6 6426/1/6
f 6426/3/6 6420/3/6 6427/3/6
f 6421/3/6 6422/3/6 6430/3/6
f 6422/1/6 6423/1/6 6431/1/6
f 6423/1/6 6424/1/6 6431/1/6
f 6430/3/6 6422/3/6 6431/3/6
f 6431/1/6 6424/1/6 6432/1/6
f 6432/1/6 6424/1/6 6433/1/6
f 6426/1/6 6427/1/6 6434/1/6
f 6425/1/6 6426/1/6 6434/1/6
f 6434/1/6 6427/1/6 6435/1/6
f 6427/3/6 6428/3/6 6436/3/6
f 6435/1/6 6427/1/6 6436/1/6
f 6436/3/6 6428/3/6 6437/3/6
f 6429/3/6 6430/3/6 6440/3/6
f 6431/1/6 6432/1/6 6441/1/6
f 6430/1/6 6431/1/6 6441/1/6
f 6440/3/6 6430/3/6 6441/3/6
f 6441/1/6 6432/1/6 6442/1/6
f 6442/1/6 6432/1/6 6443/1/6
f 6436/1/6 6437/1/6 6444/1/6
f 6435/1/6 6436/1/6 6444/1/6
f 6444/1/6 6437/1/6 6445/1/6
f 6437/3/6 6438/3/6 6446/3/6
f 6445/1/6 6437/1/6 6446/1/6
f 6446/3/6 6438/3/6 6447/3/6
f 6439/3/6 6440/3/6 6450/3/6
f 6441/1/6 6442/1/6 6451/1/6
f 6440/1/6 6441/1/6 6451/1/6
f 6450/3/6 6440/3/6 6451/3/6
f 6451/1/6 6442/1/6 6452/1/6
f 6452/1/6 6442/1/6 6453/1/6
f 6446/1/6 6447/1/6 6454/1/6
f 6445/1/6 6446/1/6 6454/1/6
f 6454/1/6 6447/1/6 6455/1/6
f 6447/3/6 6448/3/6 6456/3/6
f 6455/1/6 6447/1/6 6456/1/6
f 6456/3/6 6448/3/6 6457/3/6
f 6449/3/6 6450/3/6 6460/3/6
f 6451/1/6 6452/1/6 6461/1/6
f 6450/1/6 6451/1/6 6461/1/6
f 6460/3/6 6450/3/6 6461/3/6
f 6461/1/6 6452/1/6 6462/1/6
f 6462/1/6 6452/1/6 6463/1/6
f 6456/1/6 6457/1/6 6464/1/6
f 6455/1/6 6456/1/6 6464/1/6
f 6464/1/6 6457/1/6 6465/1/6
f 6457/3/6 6458/3/6 6466/3/6
f 6465/1/6 6457/1/6 6466/1/6
f 6466/3/6 6458/3/6 6467/3/6
f 6461/1/6 6462/1/6 6469/1/6
f 6460/1/6 6461/1/6 6469/1/6
f 6469/1/6 6462/1/6 6470/1/6
f 6466/1/6 6467/1/6 6471/1/6
f 6465/1/6 6466/1/6 6471/1/6
f 6471/1/6 6467/1/6 6472/1/6
f 6459/3/6 6460/3/6 6474/3/6
f 6460/1/6 6469/1/6 6475/1/6
f 6474/3/6 6460/3/6 6475/3/6
f 6467/3/6 6468/3/6 6476/3/6
f 6472/1/6 6467/1/6 6476/1/6
f 6476/3/6 6468/3/6 6477/3/6
f 6473/3/6 6474/3/6 6479/3/6
f 6474/1/6 6475/1/6 6480/1/6
f 6479/3/6 6474/3/6 6480/3/6
f 6475/1/6 6469/1/6 6481/1/6
f 6480/1/6 6475/1/6 6481/1/6
f 6472/1/6 6476/1/6 6482/1/6
f 6476/1/6 6477/1/6 6482/1/6
f 6477/3/6 6478/3/6 6483/3/6
f 6482/1/6 6477/1/6 6483/1/6
f 6483/3/6 6478/3/6 6484/3/6
f 6481/1/6 6469/1/6 6485/1/6
f 6472/1/6 6482/1/6 6488/1/6
f 6480/3/6 6481/3/6 6489/3/6
f 6485/1/6 6486/1/6 6490/1/6
f 6489/3/6 6481/3/6 6490/3/6
f 6481/1/6 6485/1/6 6490/1/6
f 6490/1/6 6486/1/6 6491/1/6
f 6491/1/6 6486/1/6 6492/1/6
f 6487/1/6 6488/1/6 6495/1/6
f 6488/1/6 6482/1/6 6496/1/6
f 6495/1/6 6488/1/6 6496/1/6
f 6482/3/6 6483/3/6 6497/3/6
f 6496/1/6 6482/1/6 6497/1/6
f 6497/3/6 6483/3/6 6498/3/6
f 6490/3/6 6491/3/6 6499/3/6
f 6492/1/6 6493/1/6 6500/1/6
f 6499/3/6 6491/3/6 6500/3/6
f 6491/1/6 6492/1/6 6500/1/6
f 6500/1/6 6493/1/6 6501/1/6
f 6501/1/6 6493/1/6 6502/1/6
f 6495/1/6 6496/1/6 6505/1/6
f 6494/1/6 6495/1/6 6505/1/6
f 6505/1/6 6496/1/6 6506/1/6
f 6496/3/6 6497/3/6 6507/3/6
f 6506/1/6 6496/1/6 6507/1/6
f 6507/3/6 6497/3/6 6508/3/6
f 6500/3/6 6501/3/6 6509/3/6
f 6502/1/6 6503/1/6 6510/1/6
f 6509/3/6 6501/3/6 6510/3/6
f 6501/1/6 6502/1/6 6510/1/6
f 6510/1/6 6503/1/6 6511/1/6
f 6511/1/6 6503/1/6 6512/1/6
f 6504/1/6 6505/1/6 6515/1/6
f 6505/1/6 6506/1/6 6515/1/6
f 6515/1/6 6506/1/6 6516/1/6
f 6506/3/6 6507/3/6 6517/3/6
f 6516/1/6 6506/1/6 6517/1/6
f 6517/3/6 6507/3/6 6518/3/6
f 6510/3/6 6511/3/6 6519/3/6
f 6512/1/6 6513/1/6 6520/1/6
f 6519/3/6 6511/3/6 6520/3/6
f 6511/1/6 6512/1/6 6520/1/6
f 6520/1/6 6513/1/6 6521/1/6
f 6521/1/6 6513/1/6 6522/1/6
f 6514/1/6 6515/1/6 6525/1/6
f 6515/1/6 6516/1/6 6525/1/6
f 6525/1/6 6516/1/6 6526/1/6
f 6516/3/6 6517/3/6 6527/3/6
f 6526/1/6 6516/1/6 6527/1/6
f 6527/3/6 6517/3/6 6528/3/6
f 6520/3/6 6521/3/6 6529/3/6
f 6522/1/6 6523/1/6 6530/1/6
f 6529/3/6 6521/3/6 6530/3/6
f 6521/1/6 6522/1/6 6530/1/6
f 6530/1/6 6523/1/6 6531/1/6
f 6531/1/6 6523/1/6 6532/1/6
f 6524/1/6 6525/1/6 6533/1/6
f 6525/1/6 6526/1/6 6533/1/6
f 6533/1/6 6526/1/6 6534/1/6
f 6526/3/6 6527/3/6 6535/3/6
f 6534/1/6 6526/1/6 6535/1/6
f 6535/3/6 6527/3/6 6536/3/6
f 6530/3/6 6531/3/6 6537/3/6
f 6531/1/6 6532/1/6 6538/1/6
f 6537/3/6 6531/3/6 6538/3/6
f 6533/1/6 6534/1/6 6538/1/6
f 6532/1/6 6533/1/6 6538/1/6
f 6538/1/6 6534/1/6 6539/1/6
f 6539/1/6 6534/1/6 6540/1/6
f 6534/3/6 6535/3/6 6541/3/6
f 6540/1/6 6534/1/6 6541/1/6
f 6541/3/6 6535/3/6 6542/3/6
f 6538/3/6 6539/3/6 6543/3/6
f 6539/1/6 6540/1/6 6544/1/6
f 6543/3/6 6539/3/6 6544/3/6
f 6540/3/6 6541/3/6 6545/3/6
f 6544/1/6 6540/1/6 6545/1/6
f 6545/3/6 6541/3/6 6546/3/6
f 6544/3/6 6545/3/6 6547/3/6
f 6547/3/6 6545/3/6 6548/3/6
f 6549/3/6 6550/3/6 6552/3/6
f 6552/3/6 6550/3/6 6553/3/6
f 6551/3/6 6552/3/6 6556/3/6
f 6552/1/6 6553/1/6 6557/1/6
f 6556/3/6 6552/3/6 6557/3/6
f 6553/3/6 6554/3/6 6558/3/6
f 6557/1/6 6553/1/6 6558/1/6
f 6558/3/6 6554/3/6 6559/3/6
f 6555/3/6 6556/3/6 6562/3/6
f 6556/1/6 6557/1/6 6563/1/6
f 6557/1/6 6558/1/6 6563/1/6
f 6562/3/6 6556/3/6 6563/3/6
f 6558/1/6 6559/1/6 6563/1/6
f 6563/1/6 6559/1/6 6564/1/6
f 6564/1/6 6559/1/6 6565/1/6
f 6559/3/6 6560/3/6 6566/3/6
f 6565/1/6 6559/1/6 6566/1/6
f 6566/3/6 6560/3/6 6567/3/6
f 6561/3/6 6562/3/6 6570/3/6
f 6562/1/6 6563/1/6 6571/1/6
f 6563/1/6 6564/1/6 6571/1/6
f 6570/3/6 6562/3/6 6571/3/6
f 6571/1/6 6564/1/6 6572/1/6
f 6572/1/6 6564/1/6 6573/1/6
f 6566/1/6 6567/1/6 6574/1/6
f 6565/1/6 6566/1/6 6574/1/6
f 6574/1/6 6567/1/6 6575/1/6
f 6567/3/6 6568/3/6 6576/3/6
f 6575/1/6 6567/1/6 6576/1/6
f 6576/3/6 6568/3/6 6577/3/6
f 6569/3/6 6570/3/6 6580/3/6
f 6571/1/6 6572/1/6 6581/1/6
f 6570/1/6 6571/1/6 6581/1/6
f 6580/3/6 6570/3/6 6581/3/6
f 6581/1/6 6572/1/6 6582/1/6
f 6582/1/6 6572/1/6 6583/1/6
f 6576/1/6 6577/1/6 6584/1/6
f 6575/1/6 6576/1/6 6584/1/6
f 6584/1/6 6577/1/6 6585/1/6
f 6577/3/6 6578/3/6 6586/3/6
f 6585/1/6 6577/1/6 6586/1/6
f 6586/3/6 6578/3/6 6587/3/6
f 6581/1/6 6582/1/6 6589/1/6
f 6580/1/6 6581/1/6 6589/1/6
f 6589/1/6 6582/1/6 6590/1/6
f 6586/1/6 6587/1/6 6591/1/6
f 6585/1/6 6586/1/6 6591/1/6
f 6591/1/6 6587/1/6 6592/1/6
f 6580/1/6 6589/1/6 6593/1/6
f 6592/1/6 6587/1/6 6596/1/6
f 6579/3/6 6580/3/6 6597/3/6
f 6593/1/6 6594/1/6 6598/1/6
f 6597/3/6 6580/3/6 6598/3/6
f 6580/1/6 6593/1/6 6598/1/6
f 6598/1/6 6594/1/6 6599/1/6
f 6599/1/6 6594/1/6 6600/1/6
f 6595/1/6 6596/1/6 6603/1/6
f 6596/1/6 6587/1/6 6604/1/6
f 6603/1/6 6596/1/6 6604/1/6
f 6587/3/6 6588/3/6 6605/3/6
f 6604/1/6 6587/1/6 6605/1/6
f 6605/3/6 6588/3/6 6606/3/6
f 6598/3/6 6599/3/6 6607/3/6
f 6600/1/6 6601/1/6 6608/1/6
f 6607/3/6 6599/3/6 6608/3/6
f 6599/1/6 6600/1/6 6608/1/6
f 6608/1/6 6601/1/6 6609/1/6
f 6609/1/6 6601/1/6 6610/1/6
f 6603/1/6 6604/1/6 6613/1/6
f 6602/1/6 6603/1/6 6613/1/6
f 6613/1/6 6604/1/6 6614/1/6
f 6604/3/6 6605/3/6 6615/3/6
f 6614/1/6 6604/1/6 6615/1/6
f 6615/3/6 6605/3/6 6616/3/6
f 6608/3/6 6609/3/6 6617/3/6
f 6610/1/6 6611/1/6 6618/1/6
f 6617/3/6 6609/3/6 6618/3/6
f 6609/1/6 6610/1/6 6618/1/6
f 6618/1/6 6611/1/6 6619/1/6
f 6619/1/6 6611/1/6 6620/1/6
f 6612/1/6 6613/1/6 6621/1/6
f 6613/1/6 6614/1/6 6621/1/6
f 6621/1/6 6614/1/6 6622/1/6
f 6614/3/6 6615/3/6 6623/3/6
f 6622/1/6 6614/1/6 6623/1/6
f 6623/3/6 6615/3/6 6624/3/6
f 6618/3/6 6619/3/6 6625/3/6
f 6619/1/6 6620/1/6 6626/1/6
f 6625/3/6 6619/3/6 6626/3/6
f 6621/1/6 6622/1/6 6626/1/6
f 6620/1/6 6621/1/6 6626/1/6
f 6626/1/6 6622/1/6 6627/1/6
f 6627/1/6 6622/1/6 6628/1/6
f 6622/3/6 6623/3/6 6629/3/6
f 6628/1/6 6622/1/6 6629/1/6
f 6629/3/6 6623/3/6 6630/3/6
f 6626/3/6 6627/3/6 6631/3/6
f 6627/1/6 6628/1/6 6632/1/6
f 6631/3/6 6627/3/6 6632/3/6
f 6628/3/6 6629/3/6 6633/3/6
f 6632/1/6 6628/1/6 6633/1/6
f 6633/3/6 6629/3/6 6634/3/6
f 6632/3/6 6633/3/6 6635/3/6
f 6635/3/6 6633/3/6 6636/3/6
f 6637/3/6 6638/3/6 6640/3/6
f 6640/3/6 6638/3/6 6641/3/6
f 6639/3/6 6640/3/6 6644/3/6
f 6640/1/6 6641/1/6 6645/1/6
f 6644/3/6 6640/3/6 6645/3/6
f 6641/3/6 6642/3/6 6646/3/6
f 6645/1/6 6641/1/6 6646/1/6
f 6646/3/6 6642/3/6 6647/3/6
f 6643/3/6 6644/3/6 6650/3/6
f 6644/1/6 6645/1/6 6651/1/6
f 6645/1/6 6646/1/6 6651/1/6
f 6650/3/6 6644/3/6 6651/3/6
f 6646/1/6 6647/1/6 6651/1/6
f 6647/3/6 6648/3/6 6652/3/6
f 6651/1/6 6647/1/6 6652/1/6
f 6652/3/6 6648/3/6 6653/3/6
f 6650/1/6 6651/1/6 6655/1/6
f 6651/1/6 6652/1/6 6655/1/6
f 6652/1/6 6653/1/6 6655/1/6
f 6655/1/6 6653/1/6 6656/1/6
f 6650/1/6 6655/1/6 6657/1/6
f 6656/1/6 6653/1/6 6658/1/6
f 6649/3/6 6650/3/6 6659/3/6
f 6657/1/6 6658/1/6 6660/1/6
f 6659/3/6 6650/3/6 6660/3/6
f 6650/1/6 6657/1/6 6660/1/6
f 6660/1/6 6658/1/6 6661/1/6
f 6658/1/6 6653/1/6 6662/1/6
f 6661/1/6 6658/1/6 6662/1/6
f 6653/3/6 6654/3/6 6663/3/6
f 6662/1/6 6653/1/6 6663/1/6
f 6663/3/6 6654/3/6 6664/3/6
f 6660/3/6 6661/3/6 6665/3/6
f 6661/1/6 6662/1/6 6666/1/6
f 6665/3/6 6661/3/6 6666/3/6
f 6666/1/6 6662/1/6 6667/1/6
f 6667/1/6 6662/1/6 6668/1/6
f 6662/3/6 6663/3/6 6669/3/6
f 6668/1/6 6662/1/6 6669/1/6
f 6669/3/6 6663/3/6 6670/3/6
f 6666/3/6 6667/3/6 6671/3/6
f 6667/1/6 6668/1/6 6672/1/6
f 6671/3/6 6667/3/6 6672/3/6
f 6668/3/6 6669/3/6 6673/3/6
f 6672/1/6 6668/1/6 6673/1/6
f 6673/3/6 6669/3/6 6674/3/6
f 6672/3/6 6673/3/6 6675/3/6
f 6675/3/6 6673/3/6 6676/3/6
f 6677/1/6 6678/1/6 6679/1/6
f 6679/1/6 6678/1/6 6680/1/6
