# MagicaVoxel @ Ephtracy

# group
o 

# material
mtllib povann-7.mtl
usemtl palette

# normals
vn -1 0 0
vn 1 0 0
vn 0 0 1
vn 0 0 -1
vn 0 -1 0
vn 0 1 0

# texcoords
vt 0.0957031 0.5
vt 0.0996094 0.5

# verts
v -0.8 0.4 -0.7
v -0.8 0.4 -0.8
v -0.8 0.5 0.7
v -0.8 0.5 0.5
v -0.8 0.5 0.4
v -0.8 0.5 -0.3
v -0.8 0.5 -0.4
v -0.8 0.5 -0.5
v -0.8 0.5 -0.6
v -0.8 0.5 -0.7
v -0.8 0.5 -0.8
v -0.8 0.6 0.7
v -0.8 0.6 0.5
v -0.8 0.6 0.4
v -0.8 0.6 0.3
v -0.8 0.6 0.2
v -0.8 0.6 -0.2
v -0.8 0.6 -0.3
v -0.8 0.6 -0.4
v -0.8 0.6 -0.5
v -0.8 0.6 -0.6
v -0.8 0.6 -0.7
v -0.8 0.7 0.4
v -0.8 0.7 0.3
v -0.8 0.7 0.2
v -0.8 0.7 0.1
v -0.8 0.7 0
v -0.8 0.7 -0.1
v -0.8 0.7 -0.2
v -0.8 0.7 -0.3
v -0.8 0.7 -0.5
v -0.8 0.7 -0.6
v -0.8 0.8 0.2
v -0.8 0.8 0.1
v -0.8 0.8 0
v -0.8 0.8 -0.1
v -0.8 0.8 -0.2
v -0.7 -0.8 0.5
v -0.7 -0.8 0.3
v -0.7 -0.8 0.2
v -0.7 -0.7 0.6
v -0.7 -0.7 0.5
v -0.7 -0.7 0.3
v -0.7 -0.7 0.2
v -0.7 -0.7 0.1
v -0.7 -0.6 0.6
v -0.7 -0.6 0.5
v -0.7 -0.6 0.2
v -0.7 -0.6 0.1
v -0.7 -0.6 0
v -0.7 -0.5 0.8
v -0.7 -0.5 0.7
v -0.7 -0.5 0.6
v -0.7 -0.5 0.5
v -0.7 -0.5 0.4
v -0.7 -0.5 0.3
v -0.7 -0.5 0.2
v -0.7 -0.4 0.8
v -0.7 -0.4 0.7
v -0.7 -0.4 0.6
v -0.7 -0.4 0.5
v -0.7 -0.4 0.4
v -0.7 -0.4 0.3
v -0.7 -0.4 0.2
v -0.7 -0.4 0.1
v -0.7 -0.4 0
v -0.7 -0.3 0.7
v -0.7 -0.3 0.6
v -0.7 -0.3 0.5
v -0.7 -0.3 0.4
v -0.7 -0.3 0.3
v -0.7 -0.3 0.2
v -0.7 -0.3 0.1
v -0.7 -0.3 0
v -0.7 -0.2 0.6
v -0.7 -0.2 0.5
v -0.7 -0.2 0.2
v -0.7 -0.2 0.1
v -0.7 -0.1 0.5
v -0.7 -0.1 0.2
v -0.7 0.5 0.8
v -0.7 0.5 0.7
v -0.7 0.6 0.8
v -0.7 0.6 0.7
v -0.6 0 0.5
v -0.6 0 0.4
v -0.6 0 0.1
v -0.6 0 0
v -0.6 0 -0.3
v -0.6 0 -0.4
v -0.6 0 -0.7
v -0.6 0 -0.8
v -0.6 0.1 0.5
v -0.6 0.1 0.4
v -0.6 0.1 0.1
v -0.6 0.1 0
v -0.6 0.1 -0.3
v -0.6 0.1 -0.4
v -0.6 0.1 -0.7
v -0.6 0.1 -0.8
v -0.6 0.6 0
v -0.6 0.6 -0.1
v -0.6 0.6 -0.2
v -0.6 0.7 0
v -0.6 0.7 -0.1
v -0.6 0.7 -0.2
v -0.5 -0.8 0
v -0.5 -0.8 -0.4
v -0.5 -0.7 0
v -0.5 -0.7 -0.4
v -0.5 -0.1 0.6
v -0.5 -0.1 0.5
v -0.5 -0.1 0.2
v -0.5 -0.1 0.1
v -0.5 -0.1 -0.2
v -0.5 -0.1 -0.3
v -0.5 -0.1 -0.6
v -0.5 -0.1 -0.7
v -0.5 0 0.6
v -0.5 0 0.5
v -0.5 0 0.2
v -0.5 0 0.1
v -0.5 0 -0.2
v -0.5 0 -0.3
v -0.5 0 -0.6
v -0.5 0 -0.7
v -0.5 0.1 0.8
v -0.5 0.1 0.7
v -0.5 0.1 0.4
v -0.5 0.1 0.3
v -0.5 0.1 0
v -0.5 0.1 -0.1
v -0.5 0.1 -0.4
v -0.5 0.1 -0.5
v -0.5 0.2 0.8
v -0.5 0.2 0.7
v -0.5 0.2 0.4
v -0.5 0.2 0.3
v -0.5 0.2 0
v -0.5 0.2 -0.1
v -0.5 0.2 -0.4
v -0.5 0.2 -0.5
v -0.5 0.6 0.1
v -0.5 0.6 0
v -0.5 0.6 -0.2
v -0.5 0.6 -0.3
v -0.5 0.7 0.1
v -0.5 0.7 0
v -0.5 0.7 -0.2
v -0.5 0.7 -0.3
v -0.4 -0.8 -0.4
v -0.4 -0.8 -0.5
v -0.4 -0.7 -0.4
v -0.4 -0.7 -0.5
v -0.4 0 0.7
v -0.4 0 0.6
v -0.4 0 0.3
v -0.4 0 0.2
v -0.4 0 -0.1
v -0.4 0 -0.2
v -0.4 0 -0.5
v -0.4 0 -0.6
v -0.4 0.1 0.7
v -0.4 0.1 0.6
v -0.4 0.1 0.3
v -0.4 0.1 0.2
v -0.4 0.1 -0.1
v -0.4 0.1 -0.2
v -0.4 0.1 -0.5
v -0.4 0.1 -0.6
v -0.3 -0.8 0.3
v -0.3 -0.8 -0.2
v -0.3 -0.7 0.8
v -0.3 -0.7 0.7
v -0.3 -0.7 0.6
v -0.3 -0.7 0.5
v -0.3 -0.7 0.3
v -0.3 -0.7 -0.2
v -0.3 -0.6 0.8
v -0.3 -0.6 0.7
v -0.3 -0.6 0.6
v -0.3 -0.6 0.5
v -0.3 -0.6 0.3
v -0.3 -0.4 0.8
v -0.3 -0.4 0.3
v -0.3 -0.4 -0.4
v -0.3 -0.4 -0.5
v -0.3 -0.4 -0.6
v -0.3 -0.3 0.8
v -0.3 -0.3 0.3
v -0.3 -0.3 0.2
v -0.3 -0.3 0.1
v -0.3 -0.3 0
v -0.3 -0.3 -0.2
v -0.3 -0.3 -0.4
v -0.3 -0.3 -0.5
v -0.3 -0.3 -0.6
v -0.3 -0.2 0.3
v -0.3 -0.2 0.2
v -0.3 -0.2 0.1
v -0.3 -0.2 0
v -0.3 -0.2 -0.2
v -0.3 -0.2 -0.4
v -0.3 0.3 0.5
v -0.3 0.3 0.4
v -0.3 0.3 0.2
v -0.3 0.3 0.1
v -0.3 0.3 -0.4
v -0.3 0.3 -0.6
v -0.3 0.3 -0.7
v -0.3 0.3 -0.8
v -0.3 0.4 0.5
v -0.3 0.4 0.4
v -0.3 0.4 0.2
v -0.3 0.4 0.1
v -0.3 0.4 -0.4
v -0.3 0.4 -0.6
v -0.3 0.4 -0.7
v -0.3 0.4 -0.8
v -0.3 0.6 0.1
v -0.3 0.6 0
v -0.3 0.6 -0.2
v -0.3 0.7 0.1
v -0.3 0.7 0
v -0.3 0.7 -0.2
v -0.2 -0.8 -0.2
v -0.2 -0.8 -0.4
v -0.2 -0.7 -0.2
v -0.2 -0.7 -0.4
v -0.2 -0.4 -0.6
v -0.2 -0.4 -0.7
v -0.2 -0.3 -0.6
v -0.2 -0.3 -0.7
v -0.2 -0.2 0
v -0.2 -0.2 -0.2
v -0.2 -0.1 0
v -0.2 -0.1 -0.2
v -0.2 0.1 -0.7
v -0.2 0.1 -0.8
v -0.2 0.2 -0.7
v -0.2 0.2 -0.8
v -0.2 0.3 0.8
v -0.2 0.3 0.7
v -0.2 0.3 0.5
v -0.2 0.3 0.1
v -0.2 0.3 -0.1
v -0.2 0.3 -0.2
v -0.2 0.3 -0.3
v -0.2 0.3 -0.4
v -0.2 0.4 0.8
v -0.2 0.4 0.7
v -0.2 0.4 0.5
v -0.2 0.4 0.1
v -0.2 0.4 -0.1
v -0.2 0.4 -0.2
v -0.2 0.4 -0.3
v -0.2 0.4 -0.4
v -0.2 0.6 0.4
v -0.2 0.6 0.1
v -0.2 0.7 0.4
v -0.2 0.7 0.1
v -0.1 -0.4 -0.7
v -0.1 -0.4 -0.8
v -0.1 -0.3 -0.7
v -0.1 -0.3 -0.8
v -0.1 -0.1 -0.2
v -0.1 -0.1 -0.4
v -0.1 0 -0.2
v -0.1 0 -0.4
v -0.1 0 -0.5
v -0.1 0.1 -0.4
v -0.1 0.1 -0.5
v -0.1 0.1 -0.6
v -0.1 0.1 -0.7
v -0.1 0.2 -0.5
v -0.1 0.2 -0.6
v -0.1 0.2 -0.7
v -0.1 0.6 0.7
v -0.1 0.6 0.6
v -0.1 0.6 0.4
v -0.1 0.7 0.7
v -0.1 0.7 0.6
v -0.1 0.7 0.4
v 0 -0.2 0.6
v 0 -0.2 0.5
v 0 -0.2 0.4
v 0 -0.1 0.6
v 0 -0.1 0.5
v 0 -0.1 0.4
v 0 -0.1 0.3
v 0 -0.1 -0.1
v 0 -0.1 -0.2
v 0 -0.1 -0.6
v 0 -0.1 -0.7
v 0 0 0.4
v 0 0 0.3
v 0 0 0.2
v 0 0 -0.1
v 0 0 -0.2
v 0 0 -0.6
v 0 0 -0.7
v 0 0.1 0.3
v 0 0.1 0.2
v 0 0.1 0.1
v 0 0.2 0.2
v 0 0.2 0.1
v 0 0.6 0.8
v 0 0.6 0.7
v 0 0.7 0.8
v 0 0.7 0.7
v 0.1 -0.8 0.1
v 0.1 -0.8 0
v 0.1 -0.8 -0.1
v 0.1 -0.7 0.8
v 0.1 -0.7 0.7
v 0.1 -0.7 0.2
v 0.1 -0.7 0.1
v 0.1 -0.7 0
v 0.1 -0.7 -0.1
v 0.1 -0.7 -0.2
v 0.1 -0.7 -0.6
v 0.1 -0.7 -0.7
v 0.1 -0.6 0.8
v 0.1 -0.6 0.7
v 0.1 -0.6 0.6
v 0.1 -0.6 0.3
v 0.1 -0.6 0.2
v 0.1 -0.6 0.1
v 0.1 -0.6 -0.1
v 0.1 -0.6 -0.2
v 0.1 -0.6 -0.3
v 0.1 -0.6 -0.5
v 0.1 -0.6 -0.6
v 0.1 -0.6 -0.7
v 0.1 -0.5 0.7
v 0.1 -0.5 0.6
v 0.1 -0.5 0.5
v 0.1 -0.5 0.4
v 0.1 -0.5 0.3
v 0.1 -0.5 0.2
v 0.1 -0.5 -0.2
v 0.1 -0.5 -0.3
v 0.1 -0.5 -0.4
v 0.1 -0.5 -0.5
v 0.1 -0.5 -0.6
v 0.1 -0.4 0.6
v 0.1 -0.4 0.5
v 0.1 -0.4 0.4
v 0.1 -0.4 0.3
v 0.1 -0.4 -0.3
v 0.1 -0.4 -0.4
v 0.1 -0.4 -0.5
v 0.1 -0.3 0.8
v 0.1 -0.3 0.6
v 0.1 -0.2 0.8
v 0.1 -0.2 0.6
v 0.1 -0.1 0
v 0.1 -0.1 -0.1
v 0.1 -0.1 -0.5
v 0.1 -0.1 -0.6
v 0.1 0 0.8
v 0.1 0 0.7
v 0.1 0 0
v 0.1 0 -0.1
v 0.1 0 -0.5
v 0.1 0 -0.6
v 0.1 0.1 0.8
v 0.1 0.1 0.7
v 0.1 0.2 0.1
v 0.1 0.2 -0.1
v 0.1 0.2 -0.2
v 0.1 0.3 0.1
v 0.1 0.3 -0.1
v 0.1 0.3 -0.2
v 0.1 0.4 -0.3
v 0.1 0.4 -0.4
v 0.1 0.4 -0.5
v 0.1 0.5 -0.1
v 0.1 0.5 -0.2
v 0.1 0.5 -0.3
v 0.1 0.5 -0.4
v 0.1 0.5 -0.5
v 0.1 0.6 -0.1
v 0.1 0.6 -0.2
v 0.1 0.6 -0.3
v 0.1 0.7 0.3
v 0.1 0.7 0.1
v 0.1 0.8 0.3
v 0.1 0.8 0.1
v 0.2 -0.2 0.4
v 0.2 -0.2 0.3
v 0.2 -0.2 0.2
v 0.2 -0.2 0.1
v 0.2 -0.1 0.7
v 0.2 -0.1 0.6
v 0.2 -0.1 0.5
v 0.2 -0.1 0.4
v 0.2 -0.1 0.3
v 0.2 -0.1 0.2
v 0.2 -0.1 0.1
v 0.2 -0.1 0
v 0.2 -0.1 -0.4
v 0.2 -0.1 -0.5
v 0.2 0 0.7
v 0.2 0 0.6
v 0.2 0 0.5
v 0.2 0 0.4
v 0.2 0 0.1
v 0.2 0 0
v 0.2 0 -0.3
v 0.2 0 -0.4
v 0.2 0 -0.5
v 0.2 0.1 -0.2
v 0.2 0.1 -0.3
v 0.2 0.1 -0.4
v 0.2 0.2 -0.2
v 0.2 0.2 -0.3
v 0.2 0.4 -0.5
v 0.2 0.4 -0.7
v 0.2 0.5 -0.5
v 0.2 0.5 -0.7
v 0.2 0.6 0.8
v 0.2 0.6 0.7
v 0.2 0.6 0.5
v 0.2 0.6 0.4
v 0.2 0.6 0.3
v 0.2 0.6 0.1
v 0.2 0.6 0
v 0.2 0.6 -0.1
v 0.2 0.7 0.8
v 0.2 0.7 0.7
v 0.2 0.7 0.5
v 0.2 0.7 0.4
v 0.2 0.7 0.3
v 0.2 0.7 0.1
v 0.2 0.7 0
v 0.2 0.7 -0.1
v 0.3 0.4 -0.7
v 0.3 0.4 -0.8
v 0.3 0.5 0.7
v 0.3 0.5 0.6
v 0.3 0.5 0.5
v 0.3 0.5 -0.7
v 0.3 0.5 -0.8
v 0.3 0.6 0.7
v 0.3 0.6 0.6
v 0.3 0.6 0.5
v 0.4 -0.7 0.3
v 0.4 -0.7 -0.2
v 0.4 -0.7 -0.7
v 0.4 -0.7 -0.8
v 0.4 -0.6 0.3
v 0.4 -0.6 -0.2
v 0.4 -0.6 -0.7
v 0.4 -0.6 -0.8
v 0.4 -0.2 -0.5
v 0.4 -0.2 -0.6
v 0.4 -0.2 -0.8
v 0.4 -0.1 -0.5
v 0.4 -0.1 -0.6
v 0.4 -0.1 -0.8
v 0.4 0.2 -0.2
v 0.4 0.2 -0.3
v 0.4 0.2 -0.4
v 0.4 0.3 -0.2
v 0.4 0.3 -0.3
v 0.4 0.3 -0.4
v 0.5 -0.7 0.8
v 0.5 -0.7 0.6
v 0.5 -0.7 0.4
v 0.5 -0.7 0.3
v 0.5 -0.7 -0.2
v 0.5 -0.7 -0.3
v 0.5 -0.7 -0.5
v 0.5 -0.7 -0.7
v 0.5 -0.6 0.8
v 0.5 -0.6 0.6
v 0.5 -0.6 0.4
v 0.5 -0.6 0.3
v 0.5 -0.6 -0.2
v 0.5 -0.6 -0.3
v 0.5 -0.6 -0.5
v 0.5 -0.6 -0.7
v 0.5 -0.5 0.5
v 0.5 -0.5 0.2
v 0.5 -0.4 0.6
v 0.5 -0.4 0.5
v 0.5 -0.4 0.2
v 0.5 -0.4 0.1
v 0.5 -0.4 0
v 0.5 -0.3 0.6
v 0.5 -0.3 0.5
v 0.5 -0.3 0.2
v 0.5 -0.3 0.1
v 0.5 -0.3 0
v 0.5 -0.2 -0.4
v 0.5 -0.2 -0.5
v 0.5 -0.1 -0.4
v 0.5 -0.1 -0.5
v 0.5 0.1 0.1
v 0.5 0.1 0
v 0.5 0.2 0.1
v 0.5 0.2 0
v 0.5 0.2 -0.2
v 0.5 0.2 -0.4
v 0.5 0.2 -0.6
v 0.5 0.3 0
v 0.5 0.3 -0.2
v 0.5 0.3 -0.4
v 0.5 0.3 -0.6
v 0.6 -0.4 0
v 0.6 -0.4 -0.1
v 0.6 -0.3 0.7
v 0.6 -0.3 0.6
v 0.6 -0.3 0
v 0.6 -0.3 -0.1
v 0.6 -0.3 -0.3
v 0.6 -0.3 -0.4
v 0.6 -0.2 0.8
v 0.6 -0.2 0.7
v 0.6 -0.2 0.6
v 0.6 -0.2 -0.1
v 0.6 -0.2 -0.3
v 0.6 -0.2 -0.4
v 0.6 -0.1 0.8
v 0.6 -0.1 0.7
v 0.6 0 0.2
v 0.6 0 0.1
v 0.6 0.1 0.6
v 0.6 0.1 0.4
v 0.6 0.1 0.2
v 0.6 0.1 0.1
v 0.6 0.1 -0.6
v 0.6 0.1 -0.7
v 0.6 0.2 0.7
v 0.6 0.2 0.6
v 0.6 0.2 0.4
v 0.6 0.2 -0.6
v 0.6 0.2 -0.7
v 0.6 0.3 0.8
v 0.6 0.3 0.7
v 0.6 0.3 0.6
v 0.6 0.4 0.8
v 0.6 0.4 0.7
v 0.6 0.5 0.3
v 0.6 0.5 0.2
v 0.6 0.5 0.1
v 0.6 0.5 -0.4
v 0.6 0.5 -0.5
v 0.6 0.6 0.8
v 0.6 0.6 0.6
v 0.6 0.6 0.3
v 0.6 0.6 0.2
v 0.6 0.6 0.1
v 0.6 0.6 0
v 0.6 0.6 -0.4
v 0.6 0.6 -0.5
v 0.6 0.6 -0.7
v 0.6 0.7 0.8
v 0.6 0.7 0.6
v 0.6 0.7 0.1
v 0.6 0.7 0
v 0.6 0.7 -0.5
v 0.6 0.7 -0.7
v 0.6 0.7 -0.8
v 0.6 0.8 -0.7
v 0.6 0.8 -0.8
v 0.7 0 -0.7
v 0.7 0 -0.8
v 0.7 0.1 0.3
v 0.7 0.1 0.2
v 0.7 0.1 -0.7
v 0.7 0.1 -0.8
v 0.7 0.2 0.4
v 0.7 0.2 0.3
v 0.7 0.2 0.2
v 0.7 0.3 0.4
v 0.7 0.3 0.3
v 0.7 0.4 -0.2
v 0.7 0.4 -0.3
v 0.7 0.5 -0.1
v 0.7 0.5 -0.2
v 0.7 0.5 -0.3
v 0.7 0.5 -0.4
v 0.7 0.6 0.4
v 0.7 0.6 0.3
v 0.7 0.6 0
v 0.7 0.6 -0.1
v 0.7 0.6 -0.2
v 0.7 0.6 -0.3
v 0.7 0.6 -0.4
v 0.7 0.7 0.6
v 0.7 0.7 0.5
v 0.7 0.7 0.4
v 0.7 0.7 0.3
v 0.7 0.7 0
v 0.7 0.7 -0.1
v 0.7 0.8 0.6
v 0.7 0.8 0.5
v 0.7 0.8 0.4
v -0.7 0.4 -0.7
v -0.7 0.4 -0.8
v -0.7 0.5 0.7
v -0.7 0.5 0.5
v -0.7 0.5 0.4
v -0.7 0.5 -0.3
v -0.7 0.5 -0.4
v -0.7 0.5 -0.5
v -0.7 0.5 -0.6
v -0.7 0.5 -0.7
v -0.7 0.5 -0.8
v -0.7 0.6 0.7
v -0.7 0.6 0.5
v -0.7 0.6 0.4
v -0.7 0.6 0.3
v -0.7 0.6 0.2
v -0.7 0.6 -0.2
v -0.7 0.6 -0.3
v -0.7 0.6 -0.4
v -0.7 0.6 -0.5
v -0.7 0.6 -0.6
v -0.7 0.6 -0.7
v -0.7 0.7 0.4
v -0.7 0.7 0.3
v -0.7 0.7 0.2
v -0.7 0.7 0.1
v -0.7 0.7 0
v -0.7 0.7 -0.1
v -0.7 0.7 -0.2
v -0.7 0.7 -0.3
v -0.7 0.7 -0.5
v -0.7 0.7 -0.6
v -0.7 0.8 0.2
v -0.7 0.8 0.1
v -0.7 0.8 0
v -0.7 0.8 -0.1
v -0.7 0.8 -0.2
v -0.6 -0.8 0.5
v -0.6 -0.8 0.3
v -0.6 -0.8 0.2
v -0.6 -0.7 0.6
v -0.6 -0.7 0.5
v -0.6 -0.7 0.3
v -0.6 -0.7 0.2
v -0.6 -0.7 0.1
v -0.6 -0.6 0.6
v -0.6 -0.6 0.5
v -0.6 -0.6 0.2
v -0.6 -0.6 0.1
v -0.6 -0.6 0
v -0.6 -0.5 0.8
v -0.6 -0.5 0.7
v -0.6 -0.5 0.6
v -0.6 -0.5 0.5
v -0.6 -0.5 0.4
v -0.6 -0.5 0.3
v -0.6 -0.5 0.2
v -0.6 -0.4 0.8
v -0.6 -0.4 0.7
v -0.6 -0.4 0.6
v -0.6 -0.4 0.5
v -0.6 -0.4 0.4
v -0.6 -0.4 0.3
v -0.6 -0.4 0.2
v -0.6 -0.4 0.1
v -0.6 -0.4 0
v -0.6 -0.3 0.7
v -0.6 -0.3 0.6
v -0.6 -0.3 0.5
v -0.6 -0.3 0.4
v -0.6 -0.3 0.3
v -0.6 -0.3 0.2
v -0.6 -0.3 0.1
v -0.6 -0.3 0
v -0.6 -0.2 0.6
v -0.6 -0.2 0.5
v -0.6 -0.2 0.2
v -0.6 -0.2 0.1
v -0.6 -0.1 0.5
v -0.6 -0.1 0.2
v -0.6 0.5 0.8
v -0.6 0.5 0.7
v -0.6 0.6 0.8
v -0.6 0.6 0.7
v -0.5 0 0.5
v -0.5 0 0.4
v -0.5 0 0.1
v -0.5 0 0
v -0.5 0 -0.3
v -0.5 0 -0.4
v -0.5 0 -0.7
v -0.5 0 -0.8
v -0.5 0.1 0.5
v -0.5 0.1 0.4
v -0.5 0.1 0.1
v -0.5 0.1 0
v -0.5 0.1 -0.3
v -0.5 0.1 -0.4
v -0.5 0.1 -0.7
v -0.5 0.1 -0.8
v -0.5 0.6 0
v -0.5 0.6 -0.1
v -0.5 0.6 -0.2
v -0.5 0.7 0
v -0.5 0.7 -0.1
v -0.5 0.7 -0.2
v -0.4 -0.8 0
v -0.4 -0.8 -0.4
v -0.4 -0.7 0
v -0.4 -0.7 -0.4
v -0.4 -0.1 0.6
v -0.4 -0.1 0.5
v -0.4 -0.1 0.2
v -0.4 -0.1 0.1
v -0.4 -0.1 -0.2
v -0.4 -0.1 -0.3
v -0.4 -0.1 -0.6
v -0.4 -0.1 -0.7
v -0.4 0 0.6
v -0.4 0 0.5
v -0.4 0 0.2
v -0.4 0 0.1
v -0.4 0 -0.2
v -0.4 0 -0.3
v -0.4 0 -0.6
v -0.4 0 -0.7
v -0.4 0.1 0.8
v -0.4 0.1 0.7
v -0.4 0.1 0.4
v -0.4 0.1 0.3
v -0.4 0.1 0
v -0.4 0.1 -0.1
v -0.4 0.1 -0.4
v -0.4 0.1 -0.5
v -0.4 0.2 0.8
v -0.4 0.2 0.7
v -0.4 0.2 0.4
v -0.4 0.2 0.3
v -0.4 0.2 0
v -0.4 0.2 -0.1
v -0.4 0.2 -0.4
v -0.4 0.2 -0.5
v -0.4 0.6 0.1
v -0.4 0.6 0
v -0.4 0.7 0.1
v -0.4 0.7 0
v -0.3 0 0.7
v -0.3 0 0.6
v -0.3 0 0.3
v -0.3 0 0.2
v -0.3 0 -0.1
v -0.3 0 -0.2
v -0.3 0 -0.5
v -0.3 0 -0.6
v -0.3 0.1 0.7
v -0.3 0.1 0.6
v -0.3 0.1 0.3
v -0.3 0.1 0.2
v -0.3 0.1 -0.1
v -0.3 0.1 -0.2
v -0.3 0.1 -0.5
v -0.3 0.1 -0.6
v -0.3 0.6 -0.2
v -0.3 0.6 -0.3
v -0.3 0.7 -0.2
v -0.3 0.7 -0.3
v -0.2 -0.8 0.3
v -0.2 -0.8 -0.2
v -0.2 -0.8 -0.4
v -0.2 -0.8 -0.5
v -0.2 -0.7 0.8
v -0.2 -0.7 0.7
v -0.2 -0.7 0.6
v -0.2 -0.7 0.5
v -0.2 -0.7 0.3
v -0.2 -0.7 -0.2
v -0.2 -0.7 -0.4
v -0.2 -0.7 -0.5
v -0.2 -0.6 0.8
v -0.2 -0.6 0.7
v -0.2 -0.6 0.6
v -0.2 -0.6 0.5
v -0.2 -0.6 0.3
v -0.2 -0.4 0.8
v -0.2 -0.4 0.3
v -0.2 -0.4 -0.4
v -0.2 -0.4 -0.5
v -0.2 -0.4 -0.6
v -0.2 -0.3 0.8
v -0.2 -0.3 0.3
v -0.2 -0.3 0.2
v -0.2 -0.3 0.1
v -0.2 -0.3 0
v -0.2 -0.3 -0.2
v -0.2 -0.3 -0.4
v -0.2 -0.3 -0.5
v -0.2 -0.3 -0.6
v -0.2 -0.2 0.3
v -0.2 -0.2 0.2
v -0.2 -0.2 0.1
v -0.2 -0.2 0
v -0.2 -0.2 -0.2
v -0.2 -0.2 -0.4
v -0.2 0.3 0.5
v -0.2 0.3 0.4
v -0.2 0.3 0.2
v -0.2 0.3 0.1
v -0.2 0.3 -0.4
v -0.2 0.3 -0.6
v -0.2 0.3 -0.7
v -0.2 0.3 -0.8
v -0.2 0.4 0.5
v -0.2 0.4 0.4
v -0.2 0.4 0.2
v -0.2 0.4 0.1
v -0.2 0.4 -0.4
v -0.2 0.4 -0.6
v -0.2 0.4 -0.7
v -0.2 0.4 -0.8
v -0.2 0.6 0.1
v -0.2 0.6 0
v -0.2 0.6 -0.2
v -0.2 0.7 0.1
v -0.2 0.7 0
v -0.2 0.7 -0.2
v -0.1 -0.8 -0.2
v -0.1 -0.8 -0.4
v -0.1 -0.7 -0.2
v -0.1 -0.7 -0.4
v -0.1 -0.4 -0.6
v -0.1 -0.4 -0.7
v -0.1 -0.3 -0.6
v -0.1 -0.3 -0.7
v -0.1 -0.2 0
v -0.1 -0.2 -0.2
v -0.1 -0.1 0
v -0.1 -0.1 -0.2
v -0.1 0.1 -0.7
v -0.1 0.1 -0.8
v -0.1 0.2 -0.7
v -0.1 0.2 -0.8
v -0.1 0.3 0.8
v -0.1 0.3 0.7
v -0.1 0.3 0.5
v -0.1 0.3 0.1
v -0.1 0.3 -0.1
v -0.1 0.3 -0.2
v -0.1 0.3 -0.3
v -0.1 0.3 -0.4
v -0.1 0.4 0.8
v -0.1 0.4 0.7
v -0.1 0.4 0.5
v -0.1 0.4 0.1
v -0.1 0.4 -0.1
v -0.1 0.4 -0.2
v -0.1 0.4 -0.3
v -0.1 0.4 -0.4
v -0.1 0.6 0.4
v -0.1 0.6 0.1
v -0.1 0.7 0.4
v -0.1 0.7 0.1
v 0 -0.1 -0.2
v 0 -0.1 -0.4
v 0 0 -0.2
v 0 0 -0.4
v 0 0 -0.5
v 0 0.1 -0.4
v 0 0.1 -0.5
v 0 0.1 -0.6
v 0 0.1 -0.7
v 0 0.2 -0.5
v 0 0.2 -0.6
v 0 0.2 -0.7
v 0 0.6 0.7
v 0 0.6 0.6
v 0 0.6 0.4
v 0 0.7 0.7
v 0 0.7 0.6
v 0 0.7 0.4
v 0.1 -0.4 -0.7
v 0.1 -0.4 -0.8
v 0.1 -0.3 -0.7
v 0.1 -0.3 -0.8
v 0.1 -0.2 0.6
v 0.1 -0.2 0.5
v 0.1 -0.2 0.4
v 0.1 -0.1 0.6
v 0.1 -0.1 0.5
v 0.1 -0.1 0.4
v 0.1 -0.1 0.3
v 0.1 -0.1 -0.1
v 0.1 -0.1 -0.2
v 0.1 -0.1 -0.6
v 0.1 -0.1 -0.7
v 0.1 0 0.4
v 0.1 0 0.3
v 0.1 0 0.2
v 0.1 0 -0.1
v 0.1 0 -0.2
v 0.1 0 -0.6
v 0.1 0 -0.7
v 0.1 0.1 0.3
v 0.1 0.1 0.2
v 0.1 0.1 0.1
v 0.1 0.2 0.2
v 0.1 0.2 0.1
v 0.1 0.6 0.8
v 0.1 0.6 0.7
v 0.1 0.7 0.8
v 0.1 0.7 0.7
v 0.2 -0.8 0.1
v 0.2 -0.8 0
v 0.2 -0.8 -0.1
v 0.2 -0.7 0.8
v 0.2 -0.7 0.7
v 0.2 -0.7 0.2
v 0.2 -0.7 0.1
v 0.2 -0.7 0
v 0.2 -0.7 -0.1
v 0.2 -0.7 -0.2
v 0.2 -0.7 -0.6
v 0.2 -0.7 -0.7
v 0.2 -0.6 0.8
v 0.2 -0.6 0.7
v 0.2 -0.6 0.6
v 0.2 -0.6 0.3
v 0.2 -0.6 0.2
v 0.2 -0.6 0.1
v 0.2 -0.6 -0.1
v 0.2 -0.6 -0.2
v 0.2 -0.6 -0.3
v 0.2 -0.6 -0.5
v 0.2 -0.6 -0.6
v 0.2 -0.6 -0.7
v 0.2 -0.5 0.7
v 0.2 -0.5 0.6
v 0.2 -0.5 0.5
v 0.2 -0.5 0.4
v 0.2 -0.5 0.3
v 0.2 -0.5 0.2
v 0.2 -0.5 -0.2
v 0.2 -0.5 -0.3
v 0.2 -0.5 -0.4
v 0.2 -0.5 -0.5
v 0.2 -0.5 -0.6
v 0.2 -0.4 0.6
v 0.2 -0.4 0.5
v 0.2 -0.4 0.4
v 0.2 -0.4 0.3
v 0.2 -0.4 -0.3
v 0.2 -0.4 -0.4
v 0.2 -0.4 -0.5
v 0.2 -0.3 0.8
v 0.2 -0.3 0.6
v 0.2 -0.2 0.8
v 0.2 -0.2 0.6
v 0.2 -0.1 0
v 0.2 -0.1 -0.1
v 0.2 -0.1 -0.5
v 0.2 -0.1 -0.6
v 0.2 0 0.8
v 0.2 0 0.7
v 0.2 0 0
v 0.2 0 -0.1
v 0.2 0 -0.5
v 0.2 0 -0.6
v 0.2 0.1 0.8
v 0.2 0.1 0.7
v 0.2 0.2 0.1
v 0.2 0.2 -0.1
v 0.2 0.2 -0.2
v 0.2 0.3 0.1
v 0.2 0.3 -0.1
v 0.2 0.3 -0.2
v 0.2 0.4 -0.3
v 0.2 0.4 -0.4
v 0.2 0.4 -0.5
v 0.2 0.5 -0.1
v 0.2 0.5 -0.2
v 0.2 0.5 -0.3
v 0.2 0.5 -0.4
v 0.2 0.5 -0.5
v 0.2 0.6 -0.1
v 0.2 0.6 -0.2
v 0.2 0.6 -0.3
v 0.2 0.7 0.3
v 0.2 0.7 0.1
v 0.2 0.8 0.3
v 0.2 0.8 0.1
v 0.3 -0.2 0.4
v 0.3 -0.2 0.3
v 0.3 -0.2 0.2
v 0.3 -0.2 0.1
v 0.3 -0.1 0.7
v 0.3 -0.1 0.6
v 0.3 -0.1 0.5
v 0.3 -0.1 0.4
v 0.3 -0.1 0.3
v 0.3 -0.1 0.2
v 0.3 -0.1 0.1
v 0.3 -0.1 0
v 0.3 -0.1 -0.4
v 0.3 -0.1 -0.5
v 0.3 0 0.7
v 0.3 0 0.6
v 0.3 0 0.5
v 0.3 0 0.4
v 0.3 0 0.1
v 0.3 0 0
v 0.3 0 -0.3
v 0.3 0 -0.4
v 0.3 0 -0.5
v 0.3 0.1 -0.2
v 0.3 0.1 -0.3
v 0.3 0.1 -0.4
v 0.3 0.2 -0.2
v 0.3 0.2 -0.3
v 0.3 0.4 -0.5
v 0.3 0.4 -0.7
v 0.3 0.5 -0.5
v 0.3 0.5 -0.7
v 0.3 0.6 0.8
v 0.3 0.6 0.7
v 0.3 0.6 0.5
v 0.3 0.6 0.4
v 0.3 0.6 0.3
v 0.3 0.6 0.1
v 0.3 0.6 0
v 0.3 0.6 -0.1
v 0.3 0.7 0.8
v 0.3 0.7 0.7
v 0.3 0.7 0.5
v 0.3 0.7 0.4
v 0.3 0.7 0.3
v 0.3 0.7 0.1
v 0.3 0.7 0
v 0.3 0.7 -0.1
v 0.4 0.4 -0.7
v 0.4 0.4 -0.8
v 0.4 0.5 0.7
v 0.4 0.5 0.6
v 0.4 0.5 0.5
v 0.4 0.5 -0.7
v 0.4 0.5 -0.8
v 0.4 0.6 0.7
v 0.4 0.6 0.6
v 0.4 0.6 0.5
v 0.5 -0.7 0.3
v 0.5 -0.7 -0.2
v 0.5 -0.7 -0.7
v 0.5 -0.7 -0.8
v 0.5 -0.6 0.3
v 0.5 -0.6 -0.2
v 0.5 -0.6 -0.7
v 0.5 -0.6 -0.8
v 0.5 -0.2 -0.5
v 0.5 -0.2 -0.6
v 0.5 -0.2 -0.8
v 0.5 -0.1 -0.5
v 0.5 -0.1 -0.6
v 0.5 -0.1 -0.8
v 0.5 0.2 -0.2
v 0.5 0.2 -0.3
v 0.5 0.2 -0.4
v 0.5 0.3 -0.2
v 0.5 0.3 -0.3
v 0.5 0.3 -0.4
v 0.6 -0.7 0.8
v 0.6 -0.7 0.6
v 0.6 -0.7 0.4
v 0.6 -0.7 0.3
v 0.6 -0.7 -0.2
v 0.6 -0.7 -0.3
v 0.6 -0.7 -0.5
v 0.6 -0.7 -0.7
v 0.6 -0.6 0.8
v 0.6 -0.6 0.6
v 0.6 -0.6 0.4
v 0.6 -0.6 0.3
v 0.6 -0.6 -0.2
v 0.6 -0.6 -0.3
v 0.6 -0.6 -0.5
v 0.6 -0.6 -0.7
v 0.6 -0.5 0.5
v 0.6 -0.5 0.2
v 0.6 -0.4 0.6
v 0.6 -0.4 0.5
v 0.6 -0.4 0.2
v 0.6 -0.4 0.1
v 0.6 -0.4 0
v 0.6 -0.3 0.6
v 0.6 -0.3 0.5
v 0.6 -0.3 0.2
v 0.6 -0.3 0.1
v 0.6 -0.3 0
v 0.6 -0.2 -0.4
v 0.6 -0.2 -0.5
v 0.6 -0.1 -0.4
v 0.6 -0.1 -0.5
v 0.6 0.1 0.1
v 0.6 0.1 0
v 0.6 0.2 0.1
v 0.6 0.2 0
v 0.6 0.2 -0.2
v 0.6 0.2 -0.4
v 0.6 0.2 -0.6
v 0.6 0.3 0
v 0.6 0.3 -0.2
v 0.6 0.3 -0.4
v 0.6 0.3 -0.6
v 0.7 -0.4 0
v 0.7 -0.4 -0.1
v 0.7 -0.3 0.7
v 0.7 -0.3 0.6
v 0.7 -0.3 0
v 0.7 -0.3 -0.1
v 0.7 -0.3 -0.3
v 0.7 -0.3 -0.4
v 0.7 -0.2 0.8
v 0.7 -0.2 0.7
v 0.7 -0.2 0.6
v 0.7 -0.2 -0.1
v 0.7 -0.2 -0.3
v 0.7 -0.2 -0.4
v 0.7 -0.1 0.8
v 0.7 -0.1 0.7
v 0.7 0 0.2
v 0.7 0 0.1
v 0.7 0.1 0.6
v 0.7 0.1 0.4
v 0.7 0.1 0.2
v 0.7 0.1 0.1
v 0.7 0.2 0.7
v 0.7 0.2 0.6
v 0.7 0.2 0.4
v 0.7 0.3 0.8
v 0.7 0.3 0.7
v 0.7 0.3 0.6
v 0.7 0.4 0.8
v 0.7 0.4 0.7
v 0.7 0.5 0.3
v 0.7 0.5 0.2
v 0.7 0.5 0.1
v 0.7 0.5 -0.4
v 0.7 0.5 -0.5
v 0.7 0.6 0.8
v 0.7 0.6 0.6
v 0.7 0.6 0.3
v 0.7 0.6 0.2
v 0.7 0.6 0.1
v 0.7 0.6 0
v 0.7 0.6 -0.4
v 0.7 0.6 -0.5
v 0.7 0.6 -0.7
v 0.7 0.7 0.8
v 0.7 0.7 0.6
v 0.7 0.7 0.1
v 0.7 0.7 0
v 0.7 0.7 -0.5
v 0.7 0.7 -0.7
v 0.7 0.7 -0.8
v 0.7 0.8 -0.7
v 0.7 0.8 -0.8
v 0.8 0 -0.7
v 0.8 0 -0.8
v 0.8 0.1 0.3
v 0.8 0.1 0.2
v 0.8 0.1 -0.6
v 0.8 0.1 -0.7
v 0.8 0.1 -0.8
v 0.8 0.2 0.4
v 0.8 0.2 0.3
v 0.8 0.2 0.2
v 0.8 0.2 -0.6
v 0.8 0.2 -0.7
v 0.8 0.3 0.4
v 0.8 0.3 0.3
v 0.8 0.4 -0.2
v 0.8 0.4 -0.3
v 0.8 0.5 -0.1
v 0.8 0.5 -0.2
v 0.8 0.5 -0.3
v 0.8 0.5 -0.4
v 0.8 0.6 0.4
v 0.8 0.6 0.3
v 0.8 0.6 0
v 0.8 0.6 -0.1
v 0.8 0.6 -0.2
v 0.8 0.6 -0.3
v 0.8 0.6 -0.4
v 0.8 0.7 0.6
v 0.8 0.7 0.5
v 0.8 0.7 0.4
v 0.8 0.7 0.3
v 0.8 0.7 0
v 0.8 0.7 -0.1
v 0.8 0.8 0.6
v 0.8 0.8 0.5
v 0.8 0.8 0.4
v -0.7 -0.5 0.8
v -0.7 -0.4 0.8
v -0.7 0.5 0.8
v -0.7 0.6 0.8
v -0.6 -0.5 0.8
v -0.6 -0.4 0.8
v -0.6 0.5 0.8
v -0.6 0.6 0.8
v -0.5 0.1 0.8
v -0.5 0.2 0.8
v -0.4 0.1 0.8
v -0.4 0.2 0.8
v -0.3 -0.7 0.8
v -0.3 -0.6 0.8
v -0.3 -0.4 0.8
v -0.3 -0.3 0.8
v -0.2 -0.7 0.8
v -0.2 -0.6 0.8
v -0.2 -0.4 0.8
v -0.2 -0.3 0.8
v -0.2 0.3 0.8
v -0.2 0.4 0.8
v -0.1 0.3 0.8
v -0.1 0.4 0.8
v 0 0.6 0.8
v 0 0.7 0.8
v 0.1 -0.7 0.8
v 0.1 -0.6 0.8
v 0.1 -0.3 0.8
v 0.1 -0.2 0.8
v 0.1 0 0.8
v 0.1 0.1 0.8
v 0.1 0.6 0.8
v 0.1 0.7 0.8
v 0.2 -0.7 0.8
v 0.2 -0.6 0.8
v 0.2 -0.3 0.8
v 0.2 -0.2 0.8
v 0.2 0 0.8
v 0.2 0.1 0.8
v 0.2 0.6 0.8
v 0.2 0.7 0.8
v 0.3 0.6 0.8
v 0.3 0.7 0.8
v 0.5 -0.7 0.8
v 0.5 -0.6 0.8
v 0.6 -0.7 0.8
v 0.6 -0.6 0.8
v 0.6 -0.2 0.8
v 0.6 -0.1 0.8
v 0.6 0.3 0.8
v 0.6 0.4 0.8
v 0.6 0.6 0.8
v 0.6 0.7 0.8
v 0.7 -0.2 0.8
v 0.7 -0.1 0.8
v 0.7 0.3 0.8
v 0.7 0.4 0.8
v 0.7 0.6 0.8
v 0.7 0.7 0.8
v -0.8 0.5 0.7
v -0.8 0.6 0.7
v -0.7 -0.4 0.7
v -0.7 -0.3 0.7
v -0.7 0.5 0.7
v -0.7 0.6 0.7
v -0.6 -0.4 0.7
v -0.6 -0.3 0.7
v -0.4 0 0.7
v -0.4 0.1 0.7
v -0.3 0 0.7
v -0.3 0.1 0.7
v -0.1 0.6 0.7
v -0.1 0.7 0.7
v 0 0.6 0.7
v 0 0.7 0.7
v 0.1 -0.6 0.7
v 0.1 -0.5 0.7
v 0.2 -0.6 0.7
v 0.2 -0.5 0.7
v 0.2 -0.1 0.7
v 0.2 0 0.7
v 0.3 -0.1 0.7
v 0.3 0 0.7
v 0.3 0.5 0.7
v 0.3 0.6 0.7
v 0.4 0.5 0.7
v 0.4 0.6 0.7
v 0.6 -0.3 0.7
v 0.6 -0.2 0.7
v 0.6 0.2 0.7
v 0.6 0.3 0.7
v 0.7 -0.3 0.7
v 0.7 -0.2 0.7
v 0.7 0.2 0.7
v 0.7 0.3 0.7
v -0.7 -0.7 0.6
v -0.7 -0.6 0.6
v -0.7 -0.5 0.6
v -0.7 -0.3 0.6
v -0.7 -0.2 0.6
v -0.6 -0.7 0.6
v -0.6 -0.6 0.6
v -0.6 -0.5 0.6
v -0.6 -0.3 0.6
v -0.6 -0.2 0.6
v -0.5 -0.1 0.6
v -0.5 0 0.6
v -0.4 -0.1 0.6
v -0.4 0 0.6
v 0 -0.2 0.6
v 0 -0.1 0.6
v 0.1 -0.5 0.6
v 0.1 -0.4 0.6
v 0.1 -0.2 0.6
v 0.1 -0.1 0.6
v 0.2 -0.5 0.6
v 0.2 -0.4 0.6
v 0.5 -0.4 0.6
v 0.5 -0.3 0.6
v 0.6 -0.4 0.6
v 0.6 -0.3 0.6
v 0.6 0.1 0.6
v 0.6 0.2 0.6
v 0.7 0.1 0.6
v 0.7 0.2 0.6
v 0.7 0.7 0.6
v 0.7 0.8 0.6
v 0.8 0.7 0.6
v 0.8 0.8 0.6
v -0.7 -0.8 0.5
v -0.7 -0.7 0.5
v -0.7 -0.5 0.5
v -0.7 -0.4 0.5
v -0.7 -0.2 0.5
v -0.7 -0.1 0.5
v -0.6 -0.8 0.5
v -0.6 -0.7 0.5
v -0.6 -0.5 0.5
v -0.6 -0.4 0.5
v -0.6 -0.2 0.5
v -0.6 -0.1 0.5
v -0.6 0 0.5
v -0.6 0.1 0.5
v -0.5 0 0.5
v -0.5 0.1 0.5
v -0.3 0.3 0.5
v -0.3 0.4 0.5
v -0.2 0.3 0.5
v -0.2 0.4 0.5
v 0.2 0.6 0.5
v 0.2 0.7 0.5
v 0.3 0.6 0.5
v 0.3 0.7 0.5
v 0.5 -0.5 0.5
v 0.5 -0.4 0.5
v 0.6 -0.5 0.5
v 0.6 -0.4 0.5
v -0.8 0.6 0.4
v -0.8 0.7 0.4
v -0.7 -0.4 0.4
v -0.7 -0.3 0.4
v -0.7 0.6 0.4
v -0.7 0.7 0.4
v -0.6 -0.4 0.4
v -0.6 -0.3 0.4
v -0.5 0.1 0.4
v -0.5 0.2 0.4
v -0.4 0.1 0.4
v -0.4 0.2 0.4
v -0.2 0.6 0.4
v -0.2 0.7 0.4
v -0.1 0.6 0.4
v -0.1 0.7 0.4
v 0 -0.1 0.4
v 0 0 0.4
v 0.1 -0.1 0.4
v 0.1 0 0.4
v 0.2 -0.2 0.4
v 0.2 -0.1 0.4
v 0.3 -0.2 0.4
v 0.3 -0.1 0.4
v 0.7 0.2 0.4
v 0.7 0.3 0.4
v 0.7 0.6 0.4
v 0.7 0.7 0.4
v 0.8 0.2 0.4
v 0.8 0.3 0.4
v 0.8 0.6 0.4
v 0.8 0.7 0.4
v -0.7 -0.5 0.3
v -0.7 -0.4 0.3
v -0.6 -0.5 0.3
v -0.6 -0.4 0.3
v -0.4 0 0.3
v -0.4 0.1 0.3
v -0.3 -0.8 0.3
v -0.3 -0.7 0.3
v -0.3 -0.3 0.3
v -0.3 -0.2 0.3
v -0.3 0 0.3
v -0.3 0.1 0.3
v -0.2 -0.8 0.3
v -0.2 -0.7 0.3
v -0.2 -0.3 0.3
v -0.2 -0.2 0.3
v 0 0 0.3
v 0 0.1 0.3
v 0.1 -0.6 0.3
v 0.1 -0.5 0.3
v 0.1 0 0.3
v 0.1 0.1 0.3
v 0.1 0.7 0.3
v 0.1 0.8 0.3
v 0.2 -0.6 0.3
v 0.2 -0.5 0.3
v 0.2 0.7 0.3
v 0.2 0.8 0.3
v 0.4 -0.7 0.3
v 0.4 -0.6 0.3
v 0.5 -0.7 0.3
v 0.5 -0.6 0.3
v 0.6 0.5 0.3
v 0.6 0.6 0.3
v 0.7 0.1 0.3
v 0.7 0.2 0.3
v 0.7 0.5 0.3
v 0.7 0.6 0.3
v 0.8 0.1 0.3
v 0.8 0.2 0.3
v -0.8 0.7 0.2
v -0.8 0.8 0.2
v -0.7 -0.7 0.2
v -0.7 -0.6 0.2
v -0.7 -0.3 0.2
v -0.7 -0.2 0.2
v -0.7 0.7 0.2
v -0.7 0.8 0.2
v -0.6 -0.7 0.2
v -0.6 -0.6 0.2
v -0.6 -0.3 0.2
v -0.6 -0.2 0.2
v -0.5 -0.1 0.2
v -0.5 0 0.2
v -0.4 -0.1 0.2
v -0.4 0 0.2
v 0 0.1 0.2
v 0 0.2 0.2
v 0.1 -0.7 0.2
v 0.1 -0.6 0.2
v 0.1 0.1 0.2
v 0.1 0.2 0.2
v 0.2 -0.7 0.2
v 0.2 -0.6 0.2
v 0.5 -0.4 0.2
v 0.5 -0.3 0.2
v 0.6 -0.4 0.2
v 0.6 -0.3 0.2
v 0.6 0 0.2
v 0.6 0.1 0.2
v 0.7 0 0.2
v 0.7 0.1 0.2
v -0.7 -0.6 0.1
v -0.7 -0.4 0.1
v -0.7 -0.3 0.1
v -0.6 -0.6 0.1
v -0.6 -0.4 0.1
v -0.6 -0.3 0.1
v -0.6 0 0.1
v -0.6 0.1 0.1
v -0.5 0 0.1
v -0.5 0.1 0.1
v -0.5 0.6 0.1
v -0.5 0.7 0.1
v -0.4 0.6 0.1
v -0.4 0.7 0.1
v -0.3 0.6 0.1
v -0.3 0.7 0.1
v -0.2 0.3 0.1
v -0.2 0.4 0.1
v -0.2 0.6 0.1
v -0.2 0.7 0.1
v -0.1 0.3 0.1
v -0.1 0.4 0.1
v 0.1 -0.8 0.1
v 0.1 -0.7 0.1
v 0.1 0.2 0.1
v 0.1 0.3 0.1
v 0.2 -0.8 0.1
v 0.2 -0.7 0.1
v 0.2 -0.1 0.1
v 0.2 0 0.1
v 0.2 0.2 0.1
v 0.2 0.3 0.1
v 0.2 0.6 0.1
v 0.2 0.7 0.1
v 0.3 -0.1 0.1
v 0.3 0 0.1
v 0.3 0.6 0.1
v 0.3 0.7 0.1
v 0.5 0.1 0.1
v 0.5 0.2 0.1
v 0.6 0.1 0.1
v 0.6 0.2 0.1
v 0.6 0.6 0.1
v 0.6 0.7 0.1
v 0.7 0.6 0.1
v 0.7 0.7 0.1
v -0.6 0.6 0
v -0.6 0.7 0
v -0.5 -0.8 0
v -0.5 -0.7 0
v -0.5 0.1 0
v -0.5 0.2 0
v -0.5 0.6 0
v -0.5 0.7 0
v -0.4 -0.8 0
v -0.4 -0.7 0
v -0.4 0.1 0
v -0.4 0.2 0
v -0.2 -0.2 0
v -0.2 -0.1 0
v -0.1 -0.2 0
v -0.1 -0.1 0
v 0.1 -0.1 0
v 0.1 0 0
v 0.2 -0.1 0
v 0.2 0 0
v 0.5 0.2 0
v 0.5 0.3 0
v 0.6 -0.4 0
v 0.6 -0.3 0
v 0.6 0.2 0
v 0.6 0.3 0
v 0.7 -0.4 0
v 0.7 -0.3 0
v 0.7 0.6 0
v 0.7 0.7 0
v 0.8 0.6 0
v 0.8 0.7 0
v -0.4 0 -0.1
v -0.4 0.1 -0.1
v -0.3 0 -0.1
v -0.3 0.1 -0.1
v 0 -0.1 -0.1
v 0 0 -0.1
v 0.1 -0.7 -0.1
v 0.1 -0.6 -0.1
v 0.1 -0.1 -0.1
v 0.1 0 -0.1
v 0.1 0.5 -0.1
v 0.1 0.6 -0.1
v 0.2 -0.7 -0.1
v 0.2 -0.6 -0.1
v 0.2 0.5 -0.1
v 0.2 0.6 -0.1
v 0.6 -0.3 -0.1
v 0.6 -0.2 -0.1
v 0.7 -0.3 -0.1
v 0.7 -0.2 -0.1
v 0.7 0.5 -0.1
v 0.7 0.6 -0.1
v 0.8 0.5 -0.1
v 0.8 0.6 -0.1
v -0.8 0.6 -0.2
v -0.8 0.7 -0.2
v -0.7 0.6 -0.2
v -0.7 0.7 -0.2
v -0.5 -0.1 -0.2
v -0.5 0 -0.2
v -0.5 0.6 -0.2
v -0.5 0.7 -0.2
v -0.4 -0.1 -0.2
v -0.4 0 -0.2
v -0.3 -0.3 -0.2
v -0.3 -0.2 -0.2
v -0.3 0.6 -0.2
v -0.3 0.7 -0.2
v -0.2 -0.8 -0.2
v -0.2 -0.7 -0.2
v -0.2 -0.3 -0.2
v -0.2 -0.2 -0.2
v -0.1 -0.8 -0.2
v -0.1 -0.7 -0.2
v -0.1 -0.1 -0.2
v -0.1 0 -0.2
v 0 -0.1 -0.2
v 0 0 -0.2
v 0.1 -0.6 -0.2
v 0.1 -0.5 -0.2
v 0.2 -0.6 -0.2
v 0.2 -0.5 -0.2
v 0.2 0.1 -0.2
v 0.2 0.2 -0.2
v 0.3 0.1 -0.2
v 0.3 0.2 -0.2
v 0.4 0.2 -0.2
v 0.4 0.3 -0.2
v 0.5 -0.7 -0.2
v 0.5 -0.6 -0.2
v 0.5 0.2 -0.2
v 0.5 0.3 -0.2
v 0.6 -0.7 -0.2
v 0.6 -0.6 -0.2
v 0.7 0.4 -0.2
v 0.7 0.5 -0.2
v 0.8 0.4 -0.2
v 0.8 0.5 -0.2
v -0.8 0.5 -0.3
v -0.8 0.6 -0.3
v -0.7 0.5 -0.3
v -0.7 0.6 -0.3
v -0.6 0 -0.3
v -0.6 0.1 -0.3
v -0.5 0 -0.3
v -0.5 0.1 -0.3
v 0.1 -0.5 -0.3
v 0.1 -0.4 -0.3
v 0.1 0.4 -0.3
v 0.1 0.5 -0.3
v 0.2 -0.5 -0.3
v 0.2 -0.4 -0.3
v 0.2 0 -0.3
v 0.2 0.1 -0.3
v 0.2 0.4 -0.3
v 0.2 0.5 -0.3
v 0.3 0 -0.3
v 0.3 0.1 -0.3
v 0.7 0.5 -0.3
v 0.7 0.6 -0.3
v 0.8 0.5 -0.3
v 0.8 0.6 -0.3
v -0.5 0.1 -0.4
v -0.5 0.2 -0.4
v -0.4 -0.8 -0.4
v -0.4 -0.7 -0.4
v -0.4 0.1 -0.4
v -0.4 0.2 -0.4
v -0.3 -0.4 -0.4
v -0.3 -0.3 -0.4
v -0.3 0.3 -0.4
v -0.3 0.4 -0.4
v -0.2 -0.8 -0.4
v -0.2 -0.7 -0.4
v -0.2 -0.4 -0.4
v -0.2 -0.3 -0.4
v -0.2 0.3 -0.4
v -0.2 0.4 -0.4
v -0.1 0 -0.4
v -0.1 0.1 -0.4
v 0 0 -0.4
v 0 0.1 -0.4
v 0.2 -0.1 -0.4
v 0.2 0 -0.4
v 0.3 -0.1 -0.4
v 0.3 0 -0.4
v 0.5 -0.2 -0.4
v 0.5 -0.1 -0.4
v 0.5 0.2 -0.4
v 0.5 0.3 -0.4
v 0.6 -0.2 -0.4
v 0.6 -0.1 -0.4
v 0.6 0.2 -0.4
v 0.6 0.3 -0.4
v 0.6 0.5 -0.4
v 0.6 0.6 -0.4
v 0.7 0.5 -0.4
v 0.7 0.6 -0.4
v -0.8 0.6 -0.5
v -0.8 0.7 -0.5
v -0.7 0.6 -0.5
v -0.7 0.7 -0.5
v -0.4 0 -0.5
v -0.4 0.1 -0.5
v -0.3 0 -0.5
v -0.3 0.1 -0.5
v -0.1 0.1 -0.5
v -0.1 0.2 -0.5
v 0 0.1 -0.5
v 0 0.2 -0.5
v 0.1 -0.6 -0.5
v 0.1 -0.5 -0.5
v 0.1 -0.1 -0.5
v 0.1 0 -0.5
v 0.2 -0.6 -0.5
v 0.2 -0.5 -0.5
v 0.2 -0.1 -0.5
v 0.2 0 -0.5
v 0.2 0.4 -0.5
v 0.2 0.5 -0.5
v 0.3 0.4 -0.5
v 0.3 0.5 -0.5
v 0.4 -0.2 -0.5
v 0.4 -0.1 -0.5
v 0.5 -0.2 -0.5
v 0.5 -0.1 -0.5
v 0.6 0.6 -0.5
v 0.6 0.7 -0.5
v 0.7 0.6 -0.5
v 0.7 0.7 -0.5
v -0.8 0.5 -0.6
v -0.8 0.6 -0.6
v -0.7 0.5 -0.6
v -0.7 0.6 -0.6
v -0.5 -0.1 -0.6
v -0.5 0 -0.6
v -0.4 -0.1 -0.6
v -0.4 0 -0.6
v -0.2 -0.4 -0.6
v -0.2 -0.3 -0.6
v -0.1 -0.4 -0.6
v -0.1 -0.3 -0.6
v 0 -0.1 -0.6
v 0 0 -0.6
v 0.1 -0.7 -0.6
v 0.1 -0.6 -0.6
v 0.1 -0.1 -0.6
v 0.1 0 -0.6
v 0.2 -0.7 -0.6
v 0.2 -0.6 -0.6
v 0.6 0.1 -0.6
v 0.6 0.2 -0.6
v 0.7 0.1 -0.6
v 0.7 0.2 -0.6
v 0.8 0.1 -0.6
v 0.8 0.2 -0.6
v -0.8 0.4 -0.7
v -0.8 0.5 -0.7
v -0.7 0.4 -0.7
v -0.7 0.5 -0.7
v -0.6 0 -0.7
v -0.6 0.1 -0.7
v -0.5 0 -0.7
v -0.5 0.1 -0.7
v -0.2 0.1 -0.7
v -0.2 0.2 -0.7
v -0.1 -0.4 -0.7
v -0.1 -0.3 -0.7
v -0.1 0.1 -0.7
v -0.1 0.2 -0.7
v 0.1 -0.4 -0.7
v 0.1 -0.3 -0.7
v 0.3 0.4 -0.7
v 0.3 0.5 -0.7
v 0.4 -0.7 -0.7
v 0.4 -0.6 -0.7
v 0.4 0.4 -0.7
v 0.4 0.5 -0.7
v 0.5 -0.7 -0.7
v 0.5 -0.6 -0.7
v 0.6 0.7 -0.7
v 0.6 0.8 -0.7
v 0.7 0 -0.7
v 0.7 0.1 -0.7
v 0.7 0.7 -0.7
v 0.7 0.8 -0.7
v 0.8 0 -0.7
v 0.8 0.1 -0.7
v -0.7 -0.5 0.7
v -0.7 -0.4 0.7
v -0.7 0.5 0.7
v -0.7 0.6 0.7
v -0.6 -0.5 0.7
v -0.6 -0.4 0.7
v -0.6 0.5 0.7
v -0.6 0.6 0.7
v -0.5 0.1 0.7
v -0.5 0.2 0.7
v -0.4 0.1 0.7
v -0.4 0.2 0.7
v 0 0.6 0.7
v 0 0.7 0.7
v 0.1 -0.7 0.7
v 0.1 -0.6 0.7
v 0.1 0 0.7
v 0.1 0.1 0.7
v 0.1 0.6 0.7
v 0.1 0.7 0.7
v 0.2 -0.7 0.7
v 0.2 -0.6 0.7
v 0.2 0 0.7
v 0.2 0.1 0.7
v 0.2 0.6 0.7
v 0.2 0.7 0.7
v 0.3 0.6 0.7
v 0.3 0.7 0.7
v 0.6 -0.2 0.7
v 0.6 -0.1 0.7
v 0.6 0.3 0.7
v 0.6 0.4 0.7
v 0.7 -0.2 0.7
v 0.7 -0.1 0.7
v 0.7 0.3 0.7
v 0.7 0.4 0.7
v -0.7 -0.4 0.6
v -0.7 -0.3 0.6
v -0.6 -0.4 0.6
v -0.6 -0.3 0.6
v -0.4 0 0.6
v -0.4 0.1 0.6
v -0.3 0 0.6
v -0.3 0.1 0.6
v 0.1 -0.6 0.6
v 0.1 -0.5 0.6
v 0.1 -0.3 0.6
v 0.1 -0.2 0.6
v 0.2 -0.6 0.6
v 0.2 -0.5 0.6
v 0.2 -0.3 0.6
v 0.2 -0.2 0.6
v 0.6 -0.3 0.6
v 0.6 -0.2 0.6
v 0.6 0.2 0.6
v 0.6 0.3 0.6
v 0.6 0.6 0.6
v 0.6 0.7 0.6
v 0.7 -0.3 0.6
v 0.7 -0.2 0.6
v 0.7 0.2 0.6
v 0.7 0.3 0.6
v 0.7 0.6 0.6
v 0.7 0.7 0.6
v -0.7 -0.7 0.5
v -0.7 -0.6 0.5
v -0.7 -0.5 0.5
v -0.7 -0.3 0.5
v -0.7 -0.2 0.5
v -0.6 -0.7 0.5
v -0.6 -0.6 0.5
v -0.6 -0.5 0.5
v -0.6 -0.3 0.5
v -0.6 -0.2 0.5
v -0.5 -0.1 0.5
v -0.5 0 0.5
v -0.4 -0.1 0.5
v -0.4 0 0.5
v -0.2 0.3 0.5
v -0.2 0.4 0.5
v -0.1 0.3 0.5
v -0.1 0.4 0.5
v 0.3 0.5 0.5
v 0.3 0.6 0.5
v 0.4 0.5 0.5
v 0.4 0.6 0.5
v 0.5 -0.4 0.5
v 0.5 -0.3 0.5
v 0.6 -0.4 0.5
v 0.6 -0.3 0.5
v -0.8 0.5 0.4
v -0.8 0.6 0.4
v -0.7 -0.5 0.4
v -0.7 -0.4 0.4
v -0.7 0.5 0.4
v -0.7 0.6 0.4
v -0.6 -0.5 0.4
v -0.6 -0.4 0.4
v -0.6 0 0.4
v -0.6 0.1 0.4
v -0.5 0 0.4
v -0.5 0.1 0.4
v -0.1 0.6 0.4
v -0.1 0.7 0.4
v 0 -0.2 0.4
v 0 -0.1 0.4
v 0 0.6 0.4
v 0 0.7 0.4
v 0.1 -0.2 0.4
v 0.1 -0.1 0.4
v 0.2 -0.1 0.4
v 0.2 0 0.4
v 0.3 -0.1 0.4
v 0.3 0 0.4
v 0.6 0.1 0.4
v 0.6 0.2 0.4
v 0.7 0.1 0.4
v 0.7 0.2 0.4
v 0.7 0.7 0.4
v 0.7 0.8 0.4
v 0.8 0.7 0.4
v 0.8 0.8 0.4
v -0.7 -0.4 0.3
v -0.7 -0.3 0.3
v -0.6 -0.4 0.3
v -0.6 -0.3 0.3
v -0.5 0.1 0.3
v -0.5 0.2 0.3
v -0.4 0.1 0.3
v -0.4 0.2 0.3
v -0.3 -0.7 0.3
v -0.3 -0.6 0.3
v -0.3 -0.4 0.3
v -0.3 -0.3 0.3
v -0.2 -0.7 0.3
v -0.2 -0.6 0.3
v -0.2 -0.4 0.3
v -0.2 -0.3 0.3
v 0 -0.1 0.3
v 0 0 0.3
v 0.1 -0.5 0.3
v 0.1 -0.4 0.3
v 0.1 -0.1 0.3
v 0.1 0 0.3
v 0.2 -0.5 0.3
v 0.2 -0.4 0.3
v 0.2 0.6 0.3
v 0.2 0.7 0.3
v 0.3 0.6 0.3
v 0.3 0.7 0.3
v 0.5 -0.7 0.3
v 0.5 -0.6 0.3
v 0.6 -0.7 0.3
v 0.6 -0.6 0.3
v 0.7 0.2 0.3
v 0.7 0.3 0.3
v 0.7 0.6 0.3
v 0.7 0.7 0.3
v 0.8 0.2 0.3
v 0.8 0.3 0.3
v 0.8 0.6 0.3
v 0.8 0.7 0.3
v -0.8 0.6 0.2
v -0.8 0.7 0.2
v -0.7 -0.8 0.2
v -0.7 -0.7 0.2
v -0.7 -0.5 0.2
v -0.7 -0.4 0.2
v -0.7 -0.2 0.2
v -0.7 -0.1 0.2
v -0.7 0.6 0.2
v -0.7 0.7 0.2
v -0.6 -0.8 0.2
v -0.6 -0.7 0.2
v -0.6 -0.5 0.2
v -0.6 -0.4 0.2
v -0.6 -0.2 0.2
v -0.6 -0.1 0.2
v -0.4 0 0.2
v -0.4 0.1 0.2
v -0.3 0 0.2
v -0.3 0.1 0.2
v 0 0 0.2
v 0 0.1 0.2
v 0.1 -0.6 0.2
v 0.1 -0.5 0.2
v 0.1 0 0.2
v 0.1 0.1 0.2
v 0.2 -0.6 0.2
v 0.2 -0.5 0.2
v 0.5 -0.5 0.2
v 0.5 -0.4 0.2
v 0.6 -0.5 0.2
v 0.6 -0.4 0.2
v 0.7 0.1 0.2
v 0.7 0.2 0.2
v 0.8 0.1 0.2
v 0.8 0.2 0.2
v -0.7 -0.7 0.1
v -0.7 -0.6 0.1
v -0.7 -0.3 0.1
v -0.7 -0.2 0.1
v -0.6 -0.7 0.1
v -0.6 -0.6 0.1
v -0.6 -0.3 0.1
v -0.6 -0.2 0.1
v -0.5 -0.1 0.1
v -0.5 0 0.1
v -0.4 -0.1 0.1
v -0.4 0 0.1
v -0.3 0.3 0.1
v -0.3 0.4 0.1
v -0.2 0.3 0.1
v -0.2 0.4 0.1
v -0.2 0.6 0.1
v -0.2 0.7 0.1
v -0.1 0.6 0.1
v -0.1 0.7 0.1
v 0 0.1 0.1
v 0 0.2 0.1
v 0.1 -0.7 0.1
v 0.1 -0.6 0.1
v 0.1 0.1 0.1
v 0.1 0.2 0.1
v 0.1 0.7 0.1
v 0.1 0.8 0.1
v 0.2 -0.7 0.1
v 0.2 -0.6 0.1
v 0.2 -0.2 0.1
v 0.2 -0.1 0.1
v 0.2 0.7 0.1
v 0.2 0.8 0.1
v 0.3 -0.2 0.1
v 0.3 -0.1 0.1
v 0.6 0 0.1
v 0.6 0.1 0.1
v 0.6 0.5 0.1
v 0.6 0.6 0.1
v 0.7 0 0.1
v 0.7 0.1 0.1
v 0.7 0.5 0.1
v 0.7 0.6 0.1
v -0.7 -0.6 0
v -0.7 -0.4 0
v -0.7 -0.3 0
v -0.6 -0.6 0
v -0.6 -0.4 0
v -0.6 -0.3 0
v -0.6 0 0
v -0.6 0.1 0
v -0.5 0 0
v -0.5 0.1 0
v -0.5 0.6 0
v -0.5 0.7 0
v -0.4 0.6 0
v -0.4 0.7 0
v -0.3 -0.3 0
v -0.3 -0.2 0
v -0.2 -0.3 0
v -0.2 -0.2 0
v 0.2 -0.1 0
v 0.2 0 0
v 0.3 -0.1 0
v 0.3 0 0
v 0.5 -0.4 0
v 0.5 -0.3 0
v 0.5 0.1 0
v 0.5 0.2 0
v 0.6 -0.4 0
v 0.6 -0.3 0
v 0.6 0.1 0
v 0.6 0.2 0
v 0.6 0.6 0
v 0.6 0.7 0
v 0.7 0.6 0
v 0.7 0.7 0
v -0.5 0.1 -0.1
v -0.5 0.2 -0.1
v -0.4 0.1 -0.1
v -0.4 0.2 -0.1
v 0.1 -0.8 -0.1
v 0.1 -0.7 -0.1
v 0.1 -0.1 -0.1
v 0.1 0 -0.1
v 0.2 -0.8 -0.1
v 0.2 -0.7 -0.1
v 0.2 -0.1 -0.1
v 0.2 0 -0.1
v 0.2 0.6 -0.1
v 0.2 0.7 -0.1
v 0.3 0.6 -0.1
v 0.3 0.7 -0.1
v 0.6 -0.4 -0.1
v 0.6 -0.3 -0.1
v 0.7 -0.4 -0.1
v 0.7 -0.3 -0.1
v 0.7 0.6 -0.1
v 0.7 0.7 -0.1
v 0.8 0.6 -0.1
v 0.8 0.7 -0.1
v -0.8 0.7 -0.2
v -0.8 0.8 -0.2
v -0.7 0.7 -0.2
v -0.7 0.8 -0.2
v -0.6 0.6 -0.2
v -0.6 0.7 -0.2
v -0.5 0.6 -0.2
v -0.5 0.7 -0.2
v -0.4 0 -0.2
v -0.4 0.1 -0.2
v -0.3 -0.8 -0.2
v -0.3 -0.7 -0.2
v -0.3 0 -0.2
v -0.3 0.1 -0.2
v -0.3 0.6 -0.2
v -0.3 0.7 -0.2
v -0.2 -0.8 -0.2
v -0.2 -0.7 -0.2
v -0.2 -0.2 -0.2
v -0.2 -0.1 -0.2
v -0.2 0.6 -0.2
v -0.2 0.7 -0.2
v -0.1 -0.2 -0.2
v -0.1 -0.1 -0.2
v 0 -0.1 -0.2
v 0 0 -0.2
v 0.1 -0.7 -0.2
v 0.1 -0.6 -0.2
v 0.1 -0.1 -0.2
v 0.1 0 -0.2
v 0.1 0.2 -0.2
v 0.1 0.3 -0.2
v 0.2 -0.7 -0.2
v 0.2 -0.6 -0.2
v 0.2 0.2 -0.2
v 0.2 0.3 -0.2
v 0.4 -0.7 -0.2
v 0.4 -0.6 -0.2
v 0.5 -0.7 -0.2
v 0.5 -0.6 -0.2
v 0.5 0.2 -0.2
v 0.5 0.3 -0.2
v 0.6 0.2 -0.2
v 0.6 0.3 -0.2
v 0.7 0.5 -0.2
v 0.7 0.6 -0.2
v 0.8 0.5 -0.2
v 0.8 0.6 -0.2
v -0.8 0.6 -0.3
v -0.8 0.7 -0.3
v -0.7 0.6 -0.3
v -0.7 0.7 -0.3
v -0.5 -0.1 -0.3
v -0.5 0 -0.3
v -0.5 0.6 -0.3
v -0.5 0.7 -0.3
v -0.4 -0.1 -0.3
v -0.4 0 -0.3
v -0.3 0.6 -0.3
v -0.3 0.7 -0.3
v 0.1 -0.6 -0.3
v 0.1 -0.5 -0.3
v 0.1 0.5 -0.3
v 0.1 0.6 -0.3
v 0.2 -0.6 -0.3
v 0.2 -0.5 -0.3
v 0.2 0.1 -0.3
v 0.2 0.2 -0.3
v 0.2 0.5 -0.3
v 0.2 0.6 -0.3
v 0.3 0.1 -0.3
v 0.3 0.2 -0.3
v 0.7 0.4 -0.3
v 0.7 0.5 -0.3
v 0.8 0.4 -0.3
v 0.8 0.5 -0.3
v -0.6 0 -0.4
v -0.6 0.1 -0.4
v -0.5 -0.8 -0.4
v -0.5 -0.7 -0.4
v -0.5 0 -0.4
v -0.5 0.1 -0.4
v -0.4 -0.8 -0.4
v -0.4 -0.7 -0.4
v -0.3 -0.3 -0.4
v -0.3 -0.2 -0.4
v -0.2 -0.8 -0.4
v -0.2 -0.7 -0.4
v -0.2 -0.3 -0.4
v -0.2 -0.2 -0.4
v -0.2 0.3 -0.4
v -0.2 0.4 -0.4
v -0.1 -0.8 -0.4
v -0.1 -0.7 -0.4
v -0.1 -0.1 -0.4
v -0.1 0 -0.4
v -0.1 0.3 -0.4
v -0.1 0.4 -0.4
v 0 -0.1 -0.4
v 0 0 -0.4
v 0.2 0 -0.4
v 0.2 0.1 -0.4
v 0.3 0 -0.4
v 0.3 0.1 -0.4
v 0.4 0.2 -0.4
v 0.4 0.3 -0.4
v 0.5 0.2 -0.4
v 0.5 0.3 -0.4
v 0.6 -0.3 -0.4
v 0.6 -0.2 -0.4
v 0.7 -0.3 -0.4
v 0.7 -0.2 -0.4
v 0.7 0.5 -0.4
v 0.7 0.6 -0.4
v 0.8 0.5 -0.4
v 0.8 0.6 -0.4
v -0.8 0.5 -0.5
v -0.8 0.6 -0.5
v -0.7 0.5 -0.5
v -0.7 0.6 -0.5
v -0.5 0.1 -0.5
v -0.5 0.2 -0.5
v -0.4 -0.8 -0.5
v -0.4 -0.7 -0.5
v -0.4 0.1 -0.5
v -0.4 0.2 -0.5
v -0.2 -0.8 -0.5
v -0.2 -0.7 -0.5
v -0.1 0 -0.5
v -0.1 0.1 -0.5
v 0 0 -0.5
v 0 0.1 -0.5
v 0.1 -0.5 -0.5
v 0.1 -0.4 -0.5
v 0.1 0.4 -0.5
v 0.1 0.5 -0.5
v 0.2 -0.5 -0.5
v 0.2 -0.4 -0.5
v 0.2 -0.1 -0.5
v 0.2 0 -0.5
v 0.2 0.4 -0.5
v 0.2 0.5 -0.5
v 0.3 -0.1 -0.5
v 0.3 0 -0.5
v 0.5 -0.2 -0.5
v 0.5 -0.1 -0.5
v 0.6 -0.2 -0.5
v 0.6 -0.1 -0.5
v 0.6 0.5 -0.5
v 0.6 0.6 -0.5
v 0.7 0.5 -0.5
v 0.7 0.6 -0.5
v -0.8 0.6 -0.6
v -0.8 0.7 -0.6
v -0.7 0.6 -0.6
v -0.7 0.7 -0.6
v -0.4 0 -0.6
v -0.4 0.1 -0.6
v -0.3 -0.4 -0.6
v -0.3 -0.3 -0.6
v -0.3 0 -0.6
v -0.3 0.1 -0.6
v -0.2 -0.4 -0.6
v -0.2 -0.3 -0.6
v 0.1 -0.6 -0.6
v 0.1 -0.5 -0.6
v 0.1 -0.1 -0.6
v 0.1 0 -0.6
v 0.2 -0.6 -0.6
v 0.2 -0.5 -0.6
v 0.2 -0.1 -0.6
v 0.2 0 -0.6
v 0.5 0.2 -0.6
v 0.5 0.3 -0.6
v 0.6 0.2 -0.6
v 0.6 0.3 -0.6
v -0.8 0.5 -0.7
v -0.8 0.6 -0.7
v -0.7 0.5 -0.7
v -0.7 0.6 -0.7
v -0.5 -0.1 -0.7
v -0.5 0 -0.7
v -0.4 -0.1 -0.7
v -0.4 0 -0.7
v -0.2 -0.4 -0.7
v -0.2 -0.3 -0.7
v -0.1 -0.4 -0.7
v -0.1 -0.3 -0.7
v -0.1 0.1 -0.7
v -0.1 0.2 -0.7
v 0 -0.1 -0.7
v 0 0 -0.7
v 0 0.1 -0.7
v 0 0.2 -0.7
v 0.1 -0.7 -0.7
v 0.1 -0.6 -0.7
v 0.1 -0.1 -0.7
v 0.1 0 -0.7
v 0.2 -0.7 -0.7
v 0.2 -0.6 -0.7
v 0.2 0.4 -0.7
v 0.2 0.5 -0.7
v 0.3 0.4 -0.7
v 0.3 0.5 -0.7
v 0.5 -0.7 -0.7
v 0.5 -0.6 -0.7
v 0.6 -0.7 -0.7
v 0.6 -0.6 -0.7
v 0.6 0.1 -0.7
v 0.6 0.2 -0.7
v 0.6 0.6 -0.7
v 0.6 0.7 -0.7
v 0.7 0.1 -0.7
v 0.7 0.2 -0.7
v 0.7 0.6 -0.7
v 0.7 0.7 -0.7
v 0.8 0.1 -0.7
v 0.8 0.2 -0.7
v -0.8 0.4 -0.8
v -0.8 0.5 -0.8
v -0.7 0.4 -0.8
v -0.7 0.5 -0.8
v -0.6 0 -0.8
v -0.6 0.1 -0.8
v -0.5 0 -0.8
v -0.5 0.1 -0.8
v -0.3 0.3 -0.8
v -0.3 0.4 -0.8
v -0.2 0.1 -0.8
v -0.2 0.2 -0.8
v -0.2 0.3 -0.8
v -0.2 0.4 -0.8
v -0.1 -0.4 -0.8
v -0.1 -0.3 -0.8
v -0.1 0.1 -0.8
v -0.1 0.2 -0.8
v 0.1 -0.4 -0.8
v 0.1 -0.3 -0.8
v 0.3 0.4 -0.8
v 0.3 0.5 -0.8
v 0.4 -0.7 -0.8
v 0.4 -0.6 -0.8
v 0.4 -0.2 -0.8
v 0.4 -0.1 -0.8
v 0.4 0.4 -0.8
v 0.4 0.5 -0.8
v 0.5 -0.7 -0.8
v 0.5 -0.6 -0.8
v 0.5 -0.2 -0.8
v 0.5 -0.1 -0.8
v 0.6 0.7 -0.8
v 0.6 0.8 -0.8
v 0.7 0 -0.8
v 0.7 0.1 -0.8
v 0.7 0.7 -0.8
v 0.7 0.8 -0.8
v 0.8 0 -0.8
v 0.8 0.1 -0.8
v -0.7 -0.8 0.5
v -0.6 -0.8 0.5
v -0.7 -0.8 0.3
v -0.6 -0.8 0.3
v -0.3 -0.8 0.3
v -0.2 -0.8 0.3
v -0.7 -0.8 0.2
v -0.6 -0.8 0.2
v 0.1 -0.8 0.1
v 0.2 -0.8 0.1
v -0.5 -0.8 0
v -0.4 -0.8 0
v 0.1 -0.8 0
v 0.2 -0.8 0
v 0.1 -0.8 -0.1
v 0.2 -0.8 -0.1
v -0.3 -0.8 -0.2
v -0.2 -0.8 -0.2
v -0.1 -0.8 -0.2
v -0.5 -0.8 -0.4
v -0.4 -0.8 -0.4
v -0.2 -0.8 -0.4
v -0.1 -0.8 -0.4
v -0.4 -0.8 -0.5
v -0.2 -0.8 -0.5
v -0.3 -0.7 0.8
v -0.2 -0.7 0.8
v 0.1 -0.7 0.8
v 0.2 -0.7 0.8
v 0.5 -0.7 0.8
v 0.6 -0.7 0.8
v -0.3 -0.7 0.7
v -0.2 -0.7 0.7
v 0.1 -0.7 0.7
v 0.2 -0.7 0.7
v -0.7 -0.7 0.6
v -0.6 -0.7 0.6
v -0.3 -0.7 0.6
v -0.2 -0.7 0.6
v 0.5 -0.7 0.6
v 0.6 -0.7 0.6
v -0.7 -0.7 0.5
v -0.6 -0.7 0.5
v -0.3 -0.7 0.5
v -0.2 -0.7 0.5
v 0.5 -0.7 0.4
v 0.6 -0.7 0.4
v -0.3 -0.7 0.3
v -0.2 -0.7 0.3
v 0.4 -0.7 0.3
v 0.5 -0.7 0.3
v 0.6 -0.7 0.3
v -0.7 -0.7 0.2
v -0.6 -0.7 0.2
v 0.1 -0.7 0.2
v 0.2 -0.7 0.2
v -0.7 -0.7 0.1
v -0.6 -0.7 0.1
v 0.1 -0.7 0.1
v 0.2 -0.7 0.1
v 0.1 -0.7 -0.1
v 0.2 -0.7 -0.1
v 0.1 -0.7 -0.2
v 0.2 -0.7 -0.2
v 0.4 -0.7 -0.2
v 0.5 -0.7 -0.2
v 0.6 -0.7 -0.2
v 0.5 -0.7 -0.3
v 0.6 -0.7 -0.3
v 0.5 -0.7 -0.5
v 0.6 -0.7 -0.5
v 0.1 -0.7 -0.6
v 0.2 -0.7 -0.6
v 0.1 -0.7 -0.7
v 0.2 -0.7 -0.7
v 0.4 -0.7 -0.7
v 0.5 -0.7 -0.7
v 0.6 -0.7 -0.7
v 0.4 -0.7 -0.8
v 0.5 -0.7 -0.8
v 0.1 -0.6 0.7
v 0.2 -0.6 0.7
v 0.1 -0.6 0.6
v 0.2 -0.6 0.6
v 0.1 -0.6 0.3
v 0.2 -0.6 0.3
v 0.1 -0.6 0.2
v 0.2 -0.6 0.2
v -0.7 -0.6 0.1
v -0.6 -0.6 0.1
v -0.7 -0.6 0
v -0.6 -0.6 0
v 0.1 -0.6 -0.2
v 0.2 -0.6 -0.2
v 0.1 -0.6 -0.3
v 0.2 -0.6 -0.3
v 0.1 -0.6 -0.5
v 0.2 -0.6 -0.5
v 0.1 -0.6 -0.6
v 0.2 -0.6 -0.6
v -0.7 -0.5 0.8
v -0.6 -0.5 0.8
v -0.7 -0.5 0.7
v -0.6 -0.5 0.7
v 0.1 -0.5 0.6
v 0.2 -0.5 0.6
v -0.7 -0.5 0.5
v -0.6 -0.5 0.5
v 0.1 -0.5 0.5
v 0.2 -0.5 0.5
v 0.5 -0.5 0.5
v 0.6 -0.5 0.5
v -0.7 -0.5 0.4
v -0.6 -0.5 0.4
v 0.1 -0.5 0.4
v 0.2 -0.5 0.4
v -0.7 -0.5 0.3
v -0.6 -0.5 0.3
v 0.1 -0.5 0.3
v 0.2 -0.5 0.3
v -0.7 -0.5 0.2
v -0.6 -0.5 0.2
v 0.5 -0.5 0.2
v 0.6 -0.5 0.2
v 0.1 -0.5 -0.3
v 0.2 -0.5 -0.3
v 0.1 -0.5 -0.4
v 0.2 -0.5 -0.4
v 0.1 -0.5 -0.5
v 0.2 -0.5 -0.5
v -0.3 -0.4 0.8
v -0.2 -0.4 0.8
v -0.7 -0.4 0.7
v -0.6 -0.4 0.7
v -0.7 -0.4 0.6
v -0.6 -0.4 0.6
v 0.5 -0.4 0.6
v 0.6 -0.4 0.6
v 0.5 -0.4 0.5
v 0.6 -0.4 0.5
v -0.7 -0.4 0.4
v -0.6 -0.4 0.4
v -0.7 -0.4 0.3
v -0.6 -0.4 0.3
v -0.3 -0.4 0.3
v -0.2 -0.4 0.3
v 0.5 -0.4 0.2
v 0.6 -0.4 0.2
v 0.5 -0.4 0.1
v 0.6 -0.4 0.1
v 0.5 -0.4 0
v 0.6 -0.4 0
v 0.7 -0.4 0
v 0.6 -0.4 -0.1
v 0.7 -0.4 -0.1
v -0.3 -0.4 -0.4
v -0.2 -0.4 -0.4
v -0.3 -0.4 -0.5
v -0.2 -0.4 -0.5
v -0.3 -0.4 -0.6
v -0.2 -0.4 -0.6
v -0.1 -0.4 -0.6
v -0.2 -0.4 -0.7
v -0.1 -0.4 -0.7
v 0.1 -0.4 -0.7
v -0.1 -0.4 -0.8
v 0.1 -0.4 -0.8
v 0.1 -0.3 0.8
v 0.2 -0.3 0.8
v 0.6 -0.3 0.7
v 0.7 -0.3 0.7
v -0.7 -0.3 0.6
v -0.6 -0.3 0.6
v 0.1 -0.3 0.6
v 0.2 -0.3 0.6
v 0.6 -0.3 0.6
v 0.7 -0.3 0.6
v -0.7 -0.3 0.5
v -0.6 -0.3 0.5
v -0.3 -0.3 0.3
v -0.2 -0.3 0.3
v -0.7 -0.3 0.2
v -0.6 -0.3 0.2
v -0.3 -0.3 0.2
v -0.2 -0.3 0.2
v -0.7 -0.3 0.1
v -0.6 -0.3 0.1
v -0.3 -0.3 0.1
v -0.2 -0.3 0.1
v -0.3 -0.3 0
v -0.2 -0.3 0
v 0.6 -0.3 -0.1
v 0.7 -0.3 -0.1
v -0.3 -0.3 -0.2
v -0.2 -0.3 -0.2
v 0.6 -0.3 -0.3
v 0.7 -0.3 -0.3
v -0.3 -0.3 -0.4
v -0.2 -0.3 -0.4
v 0.6 -0.3 -0.4
v 0.7 -0.3 -0.4
v 0.6 -0.2 0.8
v 0.7 -0.2 0.8
v 0.6 -0.2 0.7
v 0.7 -0.2 0.7
v 0 -0.2 0.6
v 0.1 -0.2 0.6
v -0.7 -0.2 0.5
v -0.6 -0.2 0.5
v 0 -0.2 0.5
v 0.1 -0.2 0.5
v 0 -0.2 0.4
v 0.1 -0.2 0.4
v 0.2 -0.2 0.4
v 0.3 -0.2 0.4
v 0.2 -0.2 0.3
v 0.3 -0.2 0.3
v -0.7 -0.2 0.2
v -0.6 -0.2 0.2
v 0.2 -0.2 0.2
v 0.3 -0.2 0.2
v 0.2 -0.2 0.1
v 0.3 -0.2 0.1
v -0.2 -0.2 0
v -0.1 -0.2 0
v -0.2 -0.2 -0.2
v -0.1 -0.2 -0.2
v 0.5 -0.2 -0.4
v 0.6 -0.2 -0.4
v 0.4 -0.2 -0.5
v 0.5 -0.2 -0.5
v 0.6 -0.2 -0.5
v 0.4 -0.2 -0.6
v 0.5 -0.2 -0.6
v 0.4 -0.2 -0.8
v 0.5 -0.2 -0.8
v 0.2 -0.1 0.7
v 0.3 -0.1 0.7
v -0.5 -0.1 0.6
v -0.4 -0.1 0.6
v 0.2 -0.1 0.6
v 0.3 -0.1 0.6
v -0.5 -0.1 0.5
v -0.4 -0.1 0.5
v 0.2 -0.1 0.5
v 0.3 -0.1 0.5
v 0 -0.1 0.4
v 0.1 -0.1 0.4
v 0.2 -0.1 0.4
v 0.3 -0.1 0.4
v 0 -0.1 0.3
v 0.1 -0.1 0.3
v -0.5 -0.1 0.2
v -0.4 -0.1 0.2
v -0.5 -0.1 0.1
v -0.4 -0.1 0.1
v 0.2 -0.1 0.1
v 0.3 -0.1 0.1
v 0.1 -0.1 0
v 0.2 -0.1 0
v 0.3 -0.1 0
v 0 -0.1 -0.1
v 0.1 -0.1 -0.1
v 0.2 -0.1 -0.1
v -0.5 -0.1 -0.2
v -0.4 -0.1 -0.2
v -0.1 -0.1 -0.2
v 0 -0.1 -0.2
v 0.1 -0.1 -0.2
v -0.5 -0.1 -0.3
v -0.4 -0.1 -0.3
v -0.1 -0.1 -0.4
v 0 -0.1 -0.4
v 0.2 -0.1 -0.4
v 0.3 -0.1 -0.4
v 0.1 -0.1 -0.5
v 0.2 -0.1 -0.5
v 0.3 -0.1 -0.5
v -0.5 -0.1 -0.6
v -0.4 -0.1 -0.6
v 0 -0.1 -0.6
v 0.1 -0.1 -0.6
v 0.2 -0.1 -0.6
v -0.5 -0.1 -0.7
v -0.4 -0.1 -0.7
v 0 -0.1 -0.7
v 0.1 -0.1 -0.7
v 0.1 0 0.8
v 0.2 0 0.8
v -0.4 0 0.7
v -0.3 0 0.7
v 0.1 0 0.7
v 0.2 0 0.7
v -0.4 0 0.6
v -0.3 0 0.6
v -0.6 0 0.5
v -0.5 0 0.5
v -0.6 0 0.4
v -0.5 0 0.4
v -0.4 0 0.3
v -0.3 0 0.3
v 0 0 0.3
v 0.1 0 0.3
v -0.4 0 0.2
v -0.3 0 0.2
v 0 0 0.2
v 0.1 0 0.2
v 0.6 0 0.2
v 0.7 0 0.2
v -0.6 0 0.1
v -0.5 0 0.1
v 0.6 0 0.1
v 0.7 0 0.1
v -0.6 0 0
v -0.5 0 0
v -0.4 0 -0.1
v -0.3 0 -0.1
v -0.4 0 -0.2
v -0.3 0 -0.2
v -0.6 0 -0.3
v -0.5 0 -0.3
v 0.2 0 -0.3
v 0.3 0 -0.3
v -0.6 0 -0.4
v -0.5 0 -0.4
v -0.1 0 -0.4
v 0 0 -0.4
v 0.2 0 -0.4
v 0.3 0 -0.4
v -0.4 0 -0.5
v -0.3 0 -0.5
v -0.1 0 -0.5
v 0 0 -0.5
v -0.4 0 -0.6
v -0.3 0 -0.6
v -0.6 0 -0.7
v -0.5 0 -0.7
v 0.7 0 -0.7
v 0.8 0 -0.7
v -0.6 0 -0.8
v -0.5 0 -0.8
v 0.7 0 -0.8
v 0.8 0 -0.8
v -0.5 0.1 0.8
v -0.4 0.1 0.8
v -0.5 0.1 0.7
v -0.4 0.1 0.7
v 0.6 0.1 0.6
v 0.7 0.1 0.6
v -0.5 0.1 0.4
v -0.4 0.1 0.4
v 0.6 0.1 0.4
v 0.7 0.1 0.4
v -0.5 0.1 0.3
v -0.4 0.1 0.3
v 0.7 0.1 0.3
v 0.8 0.1 0.3
v 0 0.1 0.2
v 0.1 0.1 0.2
v 0.7 0.1 0.2
v 0.8 0.1 0.2
v 0 0.1 0.1
v 0.1 0.1 0.1
v 0.5 0.1 0.1
v 0.6 0.1 0.1
v -0.5 0.1 0
v -0.4 0.1 0
v 0.5 0.1 0
v 0.6 0.1 0
v -0.5 0.1 -0.1
v -0.4 0.1 -0.1
v 0.2 0.1 -0.2
v 0.3 0.1 -0.2
v 0.2 0.1 -0.3
v 0.3 0.1 -0.3
v -0.5 0.1 -0.4
v -0.4 0.1 -0.4
v -0.5 0.1 -0.5
v -0.4 0.1 -0.5
v -0.1 0.1 -0.5
v 0 0.1 -0.5
v -0.1 0.1 -0.6
v 0 0.1 -0.6
v 0.6 0.1 -0.6
v 0.7 0.1 -0.6
v 0.8 0.1 -0.6
v -0.2 0.1 -0.7
v -0.1 0.1 -0.7
v 0 0.1 -0.7
v 0.6 0.1 -0.7
v 0.7 0.1 -0.7
v 0.8 0.1 -0.7
v -0.2 0.1 -0.8
v -0.1 0.1 -0.8
v 0.6 0.2 0.7
v 0.7 0.2 0.7
v 0.6 0.2 0.6
v 0.7 0.2 0.6
v 0.7 0.2 0.4
v 0.8 0.2 0.4
v 0.7 0.2 0.3
v 0.8 0.2 0.3
v 0.1 0.2 0.1
v 0.2 0.2 0.1
v 0.5 0.2 0
v 0.6 0.2 0
v 0.1 0.2 -0.1
v 0.2 0.2 -0.1
v 0.1 0.2 -0.2
v 0.2 0.2 -0.2
v 0.4 0.2 -0.2
v 0.5 0.2 -0.2
v 0.6 0.2 -0.2
v 0.4 0.2 -0.3
v 0.5 0.2 -0.3
v 0.4 0.2 -0.4
v 0.5 0.2 -0.4
v 0.6 0.2 -0.4
v 0.5 0.2 -0.6
v 0.6 0.2 -0.6
v -0.2 0.3 0.8
v -0.1 0.3 0.8
v 0.6 0.3 0.8
v 0.7 0.3 0.8
v -0.2 0.3 0.7
v -0.1 0.3 0.7
v 0.6 0.3 0.7
v 0.7 0.3 0.7
v -0.3 0.3 0.5
v -0.2 0.3 0.5
v -0.1 0.3 0.5
v -0.3 0.3 0.4
v -0.2 0.3 0.4
v -0.3 0.3 0.2
v -0.2 0.3 0.2
v -0.3 0.3 0.1
v -0.2 0.3 0.1
v -0.1 0.3 0.1
v -0.2 0.3 -0.1
v -0.1 0.3 -0.1
v -0.2 0.3 -0.2
v -0.1 0.3 -0.2
v -0.2 0.3 -0.3
v -0.1 0.3 -0.3
v -0.3 0.3 -0.4
v -0.2 0.3 -0.4
v -0.1 0.3 -0.4
v -0.3 0.3 -0.6
v -0.2 0.3 -0.6
v -0.3 0.3 -0.7
v -0.2 0.3 -0.7
v -0.3 0.3 -0.8
v -0.2 0.3 -0.8
v 0.7 0.4 -0.2
v 0.8 0.4 -0.2
v 0.1 0.4 -0.3
v 0.2 0.4 -0.3
v 0.7 0.4 -0.3
v 0.8 0.4 -0.3
v 0.1 0.4 -0.4
v 0.2 0.4 -0.4
v 0.1 0.4 -0.5
v 0.2 0.4 -0.5
v 0.3 0.4 -0.5
v -0.8 0.4 -0.7
v -0.7 0.4 -0.7
v 0.2 0.4 -0.7
v 0.3 0.4 -0.7
v 0.4 0.4 -0.7
v -0.8 0.4 -0.8
v -0.7 0.4 -0.8
v 0.3 0.4 -0.8
v 0.4 0.4 -0.8
v -0.7 0.5 0.8
v -0.6 0.5 0.8
v -0.8 0.5 0.7
v -0.7 0.5 0.7
v -0.6 0.5 0.7
v 0.3 0.5 0.7
v 0.4 0.5 0.7
v 0.3 0.5 0.6
v 0.4 0.5 0.6
v -0.8 0.5 0.5
v -0.7 0.5 0.5
v 0.3 0.5 0.5
v 0.4 0.5 0.5
v -0.8 0.5 0.4
v -0.7 0.5 0.4
v 0.6 0.5 0.3
v 0.7 0.5 0.3
v 0.6 0.5 0.2
v 0.7 0.5 0.2
v 0.6 0.5 0.1
v 0.7 0.5 0.1
v 0.1 0.5 -0.1
v 0.2 0.5 -0.1
v 0.7 0.5 -0.1
v 0.8 0.5 -0.1
v 0.1 0.5 -0.2
v 0.2 0.5 -0.2
v 0.7 0.5 -0.2
v 0.8 0.5 -0.2
v -0.8 0.5 -0.3
v -0.7 0.5 -0.3
v 0.1 0.5 -0.3
v 0.2 0.5 -0.3
v 0.7 0.5 -0.3
v 0.8 0.5 -0.3
v -0.8 0.5 -0.4
v -0.7 0.5 -0.4
v 0.6 0.5 -0.4
v 0.7 0.5 -0.4
v 0.8 0.5 -0.4
v -0.8 0.5 -0.5
v -0.7 0.5 -0.5
v 0.6 0.5 -0.5
v 0.7 0.5 -0.5
v -0.8 0.5 -0.6
v -0.7 0.5 -0.6
v -0.8 0.5 -0.7
v -0.7 0.5 -0.7
v 0 0.6 0.8
v 0.1 0.6 0.8
v 0.2 0.6 0.8
v 0.3 0.6 0.8
v 0.6 0.6 0.8
v 0.7 0.6 0.8
v -0.1 0.6 0.7
v 0 0.6 0.7
v 0.1 0.6 0.7
v 0.2 0.6 0.7
v 0.3 0.6 0.7
v -0.1 0.6 0.6
v 0 0.6 0.6
v 0.6 0.6 0.6
v 0.7 0.6 0.6
v 0.2 0.6 0.5
v 0.3 0.6 0.5
v -0.8 0.6 0.4
v -0.7 0.6 0.4
v -0.2 0.6 0.4
v -0.1 0.6 0.4
v 0 0.6 0.4
v 0.2 0.6 0.4
v 0.3 0.6 0.4
v 0.7 0.6 0.4
v 0.8 0.6 0.4
v -0.8 0.6 0.3
v -0.7 0.6 0.3
v 0.2 0.6 0.3
v 0.3 0.6 0.3
v 0.7 0.6 0.3
v 0.8 0.6 0.3
v -0.8 0.6 0.2
v -0.7 0.6 0.2
v -0.5 0.6 0.1
v -0.4 0.6 0.1
v -0.3 0.6 0.1
v -0.2 0.6 0.1
v -0.1 0.6 0.1
v 0.2 0.6 0.1
v 0.3 0.6 0.1
v 0.6 0.6 0.1
v 0.7 0.6 0.1
v -0.6 0.6 0
v -0.5 0.6 0
v -0.4 0.6 0
v -0.3 0.6 0
v -0.2 0.6 0
v 0.2 0.6 0
v 0.3 0.6 0
v 0.6 0.6 0
v 0.7 0.6 0
v 0.8 0.6 0
v -0.6 0.6 -0.1
v -0.5 0.6 -0.1
v 0.2 0.6 -0.1
v 0.3 0.6 -0.1
v 0.7 0.6 -0.1
v 0.8 0.6 -0.1
v -0.8 0.6 -0.2
v -0.7 0.6 -0.2
v -0.6 0.6 -0.2
v -0.5 0.6 -0.2
v -0.3 0.6 -0.2
v -0.2 0.6 -0.2
v -0.8 0.6 -0.3
v -0.7 0.6 -0.3
v -0.5 0.6 -0.3
v -0.3 0.6 -0.3
v -0.8 0.6 -0.5
v -0.7 0.6 -0.5
v 0.6 0.6 -0.5
v 0.7 0.6 -0.5
v -0.8 0.6 -0.6
v -0.7 0.6 -0.6
v 0.6 0.6 -0.7
v 0.7 0.6 -0.7
v 0.7 0.7 0.6
v 0.8 0.7 0.6
v 0.7 0.7 0.5
v 0.8 0.7 0.5
v 0.7 0.7 0.4
v 0.8 0.7 0.4
v 0.1 0.7 0.3
v 0.2 0.7 0.3
v -0.8 0.7 0.2
v -0.7 0.7 0.2
v -0.8 0.7 0.1
v -0.7 0.7 0.1
v 0.1 0.7 0.1
v 0.2 0.7 0.1
v -0.8 0.7 0
v -0.7 0.7 0
v -0.8 0.7 -0.1
v -0.7 0.7 -0.1
v -0.8 0.7 -0.2
v -0.7 0.7 -0.2
v 0.6 0.7 -0.7
v 0.7 0.7 -0.7
v 0.6 0.7 -0.8
v 0.7 0.7 -0.8
v -0.7 -0.7 0.5
v -0.6 -0.7 0.5
v -0.7 -0.7 0.3
v -0.6 -0.7 0.3
v -0.3 -0.7 0.3
v -0.2 -0.7 0.3
v -0.7 -0.7 0.2
v -0.6 -0.7 0.2
v 0.1 -0.7 0.1
v 0.2 -0.7 0.1
v -0.5 -0.7 0
v -0.4 -0.7 0
v 0.1 -0.7 0
v 0.2 -0.7 0
v 0.1 -0.7 -0.1
v 0.2 -0.7 -0.1
v -0.3 -0.7 -0.2
v -0.2 -0.7 -0.2
v -0.1 -0.7 -0.2
v -0.5 -0.7 -0.4
v -0.4 -0.7 -0.4
v -0.2 -0.7 -0.4
v -0.1 -0.7 -0.4
v -0.4 -0.7 -0.5
v -0.2 -0.7 -0.5
v -0.3 -0.6 0.8
v -0.2 -0.6 0.8
v 0.1 -0.6 0.8
v 0.2 -0.6 0.8
v 0.5 -0.6 0.8
v 0.6 -0.6 0.8
v -0.3 -0.6 0.7
v -0.2 -0.6 0.7
v 0.1 -0.6 0.7
v 0.2 -0.6 0.7
v -0.3 -0.6 0.6
v -0.2 -0.6 0.6
v 0.5 -0.6 0.6
v 0.6 -0.6 0.6
v -0.3 -0.6 0.5
v -0.2 -0.6 0.5
v 0.5 -0.6 0.4
v 0.6 -0.6 0.4
v -0.3 -0.6 0.3
v -0.2 -0.6 0.3
v 0.4 -0.6 0.3
v 0.5 -0.6 0.3
v 0.6 -0.6 0.3
v -0.7 -0.6 0.2
v -0.6 -0.6 0.2
v 0.1 -0.6 0.2
v 0.2 -0.6 0.2
v -0.7 -0.6 0.1
v -0.6 -0.6 0.1
v 0.1 -0.6 0.1
v 0.2 -0.6 0.1
v 0.1 -0.6 -0.1
v 0.2 -0.6 -0.1
v 0.1 -0.6 -0.2
v 0.2 -0.6 -0.2
v 0.4 -0.6 -0.2
v 0.5 -0.6 -0.2
v 0.6 -0.6 -0.2
v 0.5 -0.6 -0.3
v 0.6 -0.6 -0.3
v 0.5 -0.6 -0.5
v 0.6 -0.6 -0.5
v 0.1 -0.6 -0.6
v 0.2 -0.6 -0.6
v 0.1 -0.6 -0.7
v 0.2 -0.6 -0.7
v 0.4 -0.6 -0.7
v 0.5 -0.6 -0.7
v 0.6 -0.6 -0.7
v 0.4 -0.6 -0.8
v 0.5 -0.6 -0.8
v 0.1 -0.5 0.7
v 0.2 -0.5 0.7
v -0.7 -0.5 0.6
v -0.6 -0.5 0.6
v 0.1 -0.5 0.6
v 0.2 -0.5 0.6
v -0.7 -0.5 0.5
v -0.6 -0.5 0.5
v 0.1 -0.5 0.3
v 0.2 -0.5 0.3
v 0.1 -0.5 0.2
v 0.2 -0.5 0.2
v 0.1 -0.5 -0.2
v 0.2 -0.5 -0.2
v 0.1 -0.5 -0.3
v 0.2 -0.5 -0.3
v 0.1 -0.5 -0.5
v 0.2 -0.5 -0.5
v 0.1 -0.5 -0.6
v 0.2 -0.5 -0.6
v -0.7 -0.4 0.8
v -0.6 -0.4 0.8
v -0.7 -0.4 0.7
v -0.6 -0.4 0.7
v 0.1 -0.4 0.6
v 0.2 -0.4 0.6
v -0.7 -0.4 0.5
v -0.6 -0.4 0.5
v 0.1 -0.4 0.5
v 0.2 -0.4 0.5
v 0.5 -0.4 0.5
v 0.6 -0.4 0.5
v -0.7 -0.4 0.4
v -0.6 -0.4 0.4
v 0.1 -0.4 0.4
v 0.2 -0.4 0.4
v -0.7 -0.4 0.3
v -0.6 -0.4 0.3
v 0.1 -0.4 0.3
v 0.2 -0.4 0.3
v -0.7 -0.4 0.2
v -0.6 -0.4 0.2
v 0.5 -0.4 0.2
v 0.6 -0.4 0.2
v 0.1 -0.4 -0.3
v 0.2 -0.4 -0.3
v 0.1 -0.4 -0.4
v 0.2 -0.4 -0.4
v 0.1 -0.4 -0.5
v 0.2 -0.4 -0.5
v -0.3 -0.3 0.8
v -0.2 -0.3 0.8
v -0.7 -0.3 0.7
v -0.6 -0.3 0.7
v -0.7 -0.3 0.6
v -0.6 -0.3 0.6
v 0.5 -0.3 0.6
v 0.6 -0.3 0.6
v 0.5 -0.3 0.5
v 0.6 -0.3 0.5
v -0.7 -0.3 0.4
v -0.6 -0.3 0.4
v -0.7 -0.3 0.3
v -0.6 -0.3 0.3
v -0.3 -0.3 0.3
v -0.2 -0.3 0.3
v 0.5 -0.3 0.2
v 0.6 -0.3 0.2
v -0.7 -0.3 0.1
v -0.6 -0.3 0.1
v 0.5 -0.3 0.1
v 0.6 -0.3 0.1
v -0.7 -0.3 0
v -0.6 -0.3 0
v 0.5 -0.3 0
v 0.6 -0.3 0
v 0.7 -0.3 0
v 0.6 -0.3 -0.1
v 0.7 -0.3 -0.1
v -0.3 -0.3 -0.4
v -0.2 -0.3 -0.4
v -0.3 -0.3 -0.5
v -0.2 -0.3 -0.5
v -0.3 -0.3 -0.6
v -0.2 -0.3 -0.6
v -0.1 -0.3 -0.6
v -0.2 -0.3 -0.7
v -0.1 -0.3 -0.7
v 0.1 -0.3 -0.7
v -0.1 -0.3 -0.8
v 0.1 -0.3 -0.8
v 0.1 -0.2 0.8
v 0.2 -0.2 0.8
v 0.6 -0.2 0.7
v 0.7 -0.2 0.7
v -0.7 -0.2 0.6
v -0.6 -0.2 0.6
v 0.1 -0.2 0.6
v 0.2 -0.2 0.6
v 0.6 -0.2 0.6
v 0.7 -0.2 0.6
v -0.7 -0.2 0.5
v -0.6 -0.2 0.5
v -0.3 -0.2 0.3
v -0.2 -0.2 0.3
v -0.7 -0.2 0.2
v -0.6 -0.2 0.2
v -0.3 -0.2 0.2
v -0.2 -0.2 0.2
v -0.7 -0.2 0.1
v -0.6 -0.2 0.1
v -0.3 -0.2 0.1
v -0.2 -0.2 0.1
v -0.3 -0.2 0
v -0.2 -0.2 0
v 0.6 -0.2 -0.1
v 0.7 -0.2 -0.1
v -0.3 -0.2 -0.2
v -0.2 -0.2 -0.2
v 0.6 -0.2 -0.3
v 0.7 -0.2 -0.3
v -0.3 -0.2 -0.4
v -0.2 -0.2 -0.4
v 0.6 -0.2 -0.4
v 0.7 -0.2 -0.4
v 0.6 -0.1 0.8
v 0.7 -0.1 0.8
v 0.6 -0.1 0.7
v 0.7 -0.1 0.7
v 0 -0.1 0.6
v 0.1 -0.1 0.6
v -0.7 -0.1 0.5
v -0.6 -0.1 0.5
v 0 -0.1 0.5
v 0.1 -0.1 0.5
v 0 -0.1 0.4
v 0.1 -0.1 0.4
v 0.2 -0.1 0.4
v 0.3 -0.1 0.4
v 0.2 -0.1 0.3
v 0.3 -0.1 0.3
v -0.7 -0.1 0.2
v -0.6 -0.1 0.2
v 0.2 -0.1 0.2
v 0.3 -0.1 0.2
v 0.2 -0.1 0.1
v 0.3 -0.1 0.1
v -0.2 -0.1 0
v -0.1 -0.1 0
v -0.2 -0.1 -0.2
v -0.1 -0.1 -0.2
v 0.5 -0.1 -0.4
v 0.6 -0.1 -0.4
v 0.4 -0.1 -0.5
v 0.5 -0.1 -0.5
v 0.6 -0.1 -0.5
v 0.4 -0.1 -0.6
v 0.5 -0.1 -0.6
v 0.4 -0.1 -0.8
v 0.5 -0.1 -0.8
v 0.2 0 0.7
v 0.3 0 0.7
v -0.5 0 0.6
v -0.4 0 0.6
v 0.2 0 0.6
v 0.3 0 0.6
v -0.5 0 0.5
v -0.4 0 0.5
v 0.2 0 0.5
v 0.3 0 0.5
v 0 0 0.4
v 0.1 0 0.4
v 0.2 0 0.4
v 0.3 0 0.4
v 0 0 0.3
v 0.1 0 0.3
v -0.5 0 0.2
v -0.4 0 0.2
v -0.5 0 0.1
v -0.4 0 0.1
v 0.2 0 0.1
v 0.3 0 0.1
v 0.1 0 0
v 0.2 0 0
v 0.3 0 0
v 0 0 -0.1
v 0.1 0 -0.1
v 0.2 0 -0.1
v -0.5 0 -0.2
v -0.4 0 -0.2
v -0.1 0 -0.2
v 0 0 -0.2
v 0.1 0 -0.2
v -0.5 0 -0.3
v -0.4 0 -0.3
v -0.1 0 -0.4
v 0 0 -0.4
v 0.2 0 -0.4
v 0.3 0 -0.4
v 0.1 0 -0.5
v 0.2 0 -0.5
v 0.3 0 -0.5
v -0.5 0 -0.6
v -0.4 0 -0.6
v 0 0 -0.6
v 0.1 0 -0.6
v 0.2 0 -0.6
v -0.5 0 -0.7
v -0.4 0 -0.7
v 0 0 -0.7
v 0.1 0 -0.7
v 0.1 0.1 0.8
v 0.2 0.1 0.8
v -0.4 0.1 0.7
v -0.3 0.1 0.7
v 0.1 0.1 0.7
v 0.2 0.1 0.7
v -0.4 0.1 0.6
v -0.3 0.1 0.6
v -0.6 0.1 0.5
v -0.5 0.1 0.5
v -0.6 0.1 0.4
v -0.5 0.1 0.4
v -0.4 0.1 0.3
v -0.3 0.1 0.3
v 0 0.1 0.3
v 0.1 0.1 0.3
v -0.4 0.1 0.2
v -0.3 0.1 0.2
v 0 0.1 0.2
v 0.1 0.1 0.2
v 0.6 0.1 0.2
v 0.7 0.1 0.2
v -0.6 0.1 0.1
v -0.5 0.1 0.1
v 0.6 0.1 0.1
v 0.7 0.1 0.1
v -0.6 0.1 0
v -0.5 0.1 0
v -0.4 0.1 -0.1
v -0.3 0.1 -0.1
v -0.4 0.1 -0.2
v -0.3 0.1 -0.2
v -0.6 0.1 -0.3
v -0.5 0.1 -0.3
v 0.2 0.1 -0.3
v 0.3 0.1 -0.3
v -0.6 0.1 -0.4
v -0.5 0.1 -0.4
v -0.1 0.1 -0.4
v 0 0.1 -0.4
v 0.2 0.1 -0.4
v 0.3 0.1 -0.4
v -0.4 0.1 -0.5
v -0.3 0.1 -0.5
v -0.1 0.1 -0.5
v 0 0.1 -0.5
v -0.4 0.1 -0.6
v -0.3 0.1 -0.6
v -0.6 0.1 -0.7
v -0.5 0.1 -0.7
v 0.7 0.1 -0.7
v 0.8 0.1 -0.7
v -0.6 0.1 -0.8
v -0.5 0.1 -0.8
v 0.7 0.1 -0.8
v 0.8 0.1 -0.8
v -0.5 0.2 0.8
v -0.4 0.2 0.8
v -0.5 0.2 0.7
v -0.4 0.2 0.7
v 0.6 0.2 0.6
v 0.7 0.2 0.6
v -0.5 0.2 0.4
v -0.4 0.2 0.4
v 0.6 0.2 0.4
v 0.7 0.2 0.4
v -0.5 0.2 0.3
v -0.4 0.2 0.3
v 0.7 0.2 0.3
v 0.8 0.2 0.3
v 0 0.2 0.2
v 0.1 0.2 0.2
v 0.7 0.2 0.2
v 0.8 0.2 0.2
v 0 0.2 0.1
v 0.1 0.2 0.1
v 0.5 0.2 0.1
v 0.6 0.2 0.1
v -0.5 0.2 0
v -0.4 0.2 0
v 0.5 0.2 0
v 0.6 0.2 0
v -0.5 0.2 -0.1
v -0.4 0.2 -0.1
v 0.2 0.2 -0.2
v 0.3 0.2 -0.2
v 0.2 0.2 -0.3
v 0.3 0.2 -0.3
v -0.5 0.2 -0.4
v -0.4 0.2 -0.4
v -0.5 0.2 -0.5
v -0.4 0.2 -0.5
v -0.1 0.2 -0.5
v 0 0.2 -0.5
v -0.1 0.2 -0.6
v 0 0.2 -0.6
v 0.6 0.2 -0.6
v 0.7 0.2 -0.6
v 0.8 0.2 -0.6
v -0.2 0.2 -0.7
v -0.1 0.2 -0.7
v 0 0.2 -0.7
v 0.6 0.2 -0.7
v 0.7 0.2 -0.7
v 0.8 0.2 -0.7
v -0.2 0.2 -0.8
v -0.1 0.2 -0.8
v 0.6 0.3 0.7
v 0.7 0.3 0.7
v 0.6 0.3 0.6
v 0.7 0.3 0.6
v 0.7 0.3 0.4
v 0.8 0.3 0.4
v 0.7 0.3 0.3
v 0.8 0.3 0.3
v 0.1 0.3 0.1
v 0.2 0.3 0.1
v 0.5 0.3 0
v 0.6 0.3 0
v 0.1 0.3 -0.1
v 0.2 0.3 -0.1
v 0.1 0.3 -0.2
v 0.2 0.3 -0.2
v 0.4 0.3 -0.2
v 0.5 0.3 -0.2
v 0.6 0.3 -0.2
v 0.4 0.3 -0.3
v 0.5 0.3 -0.3
v 0.4 0.3 -0.4
v 0.5 0.3 -0.4
v 0.6 0.3 -0.4
v 0.5 0.3 -0.6
v 0.6 0.3 -0.6
v -0.2 0.4 0.8
v -0.1 0.4 0.8
v 0.6 0.4 0.8
v 0.7 0.4 0.8
v -0.2 0.4 0.7
v -0.1 0.4 0.7
v 0.6 0.4 0.7
v 0.7 0.4 0.7
v -0.3 0.4 0.5
v -0.2 0.4 0.5
v -0.1 0.4 0.5
v -0.3 0.4 0.4
v -0.2 0.4 0.4
v -0.3 0.4 0.2
v -0.2 0.4 0.2
v -0.3 0.4 0.1
v -0.2 0.4 0.1
v -0.1 0.4 0.1
v -0.2 0.4 -0.1
v -0.1 0.4 -0.1
v -0.2 0.4 -0.2
v -0.1 0.4 -0.2
v -0.2 0.4 -0.3
v -0.1 0.4 -0.3
v -0.3 0.4 -0.4
v -0.2 0.4 -0.4
v -0.1 0.4 -0.4
v -0.3 0.4 -0.6
v -0.2 0.4 -0.6
v -0.3 0.4 -0.7
v -0.2 0.4 -0.7
v -0.3 0.4 -0.8
v -0.2 0.4 -0.8
v 0.7 0.5 -0.2
v 0.8 0.5 -0.2
v 0.1 0.5 -0.3
v 0.2 0.5 -0.3
v 0.7 0.5 -0.3
v 0.8 0.5 -0.3
v 0.1 0.5 -0.4
v 0.2 0.5 -0.4
v 0.1 0.5 -0.5
v 0.2 0.5 -0.5
v 0.3 0.5 -0.5
v -0.8 0.5 -0.7
v -0.7 0.5 -0.7
v 0.2 0.5 -0.7
v 0.3 0.5 -0.7
v 0.4 0.5 -0.7
v -0.8 0.5 -0.8
v -0.7 0.5 -0.8
v 0.3 0.5 -0.8
v 0.4 0.5 -0.8
v -0.7 0.6 0.8
v -0.6 0.6 0.8
v -0.8 0.6 0.7
v -0.7 0.6 0.7
v -0.6 0.6 0.7
v 0.3 0.6 0.7
v 0.4 0.6 0.7
v 0.3 0.6 0.6
v 0.4 0.6 0.6
v -0.8 0.6 0.5
v -0.7 0.6 0.5
v 0.3 0.6 0.5
v 0.4 0.6 0.5
v -0.8 0.6 0.4
v -0.7 0.6 0.4
v 0.6 0.6 0.3
v 0.7 0.6 0.3
v 0.6 0.6 0.2
v 0.7 0.6 0.2
v 0.6 0.6 0.1
v 0.7 0.6 0.1
v 0.1 0.6 -0.1
v 0.2 0.6 -0.1
v 0.7 0.6 -0.1
v 0.8 0.6 -0.1
v 0.1 0.6 -0.2
v 0.2 0.6 -0.2
v 0.7 0.6 -0.2
v 0.8 0.6 -0.2
v -0.8 0.6 -0.3
v -0.7 0.6 -0.3
v 0.1 0.6 -0.3
v 0.2 0.6 -0.3
v 0.7 0.6 -0.3
v 0.8 0.6 -0.3
v -0.8 0.6 -0.4
v -0.7 0.6 -0.4
v 0.6 0.6 -0.4
v 0.7 0.6 -0.4
v 0.8 0.6 -0.4
v -0.8 0.6 -0.5
v -0.7 0.6 -0.5
v 0.6 0.6 -0.5
v 0.7 0.6 -0.5
v -0.8 0.6 -0.6
v -0.7 0.6 -0.6
v -0.8 0.6 -0.7
v -0.7 0.6 -0.7
v 0 0.7 0.8
v 0.1 0.7 0.8
v 0.2 0.7 0.8
v 0.3 0.7 0.8
v 0.6 0.7 0.8
v 0.7 0.7 0.8
v -0.1 0.7 0.7
v 0 0.7 0.7
v 0.1 0.7 0.7
v 0.2 0.7 0.7
v 0.3 0.7 0.7
v -0.1 0.7 0.6
v 0 0.7 0.6
v 0.6 0.7 0.6
v 0.7 0.7 0.6
v 0.2 0.7 0.5
v 0.3 0.7 0.5
v -0.8 0.7 0.4
v -0.7 0.7 0.4
v -0.2 0.7 0.4
v -0.1 0.7 0.4
v 0 0.7 0.4
v 0.2 0.7 0.4
v 0.3 0.7 0.4
v 0.7 0.7 0.4
v 0.8 0.7 0.4
v -0.8 0.7 0.3
v -0.7 0.7 0.3
v 0.2 0.7 0.3
v 0.3 0.7 0.3
v 0.7 0.7 0.3
v 0.8 0.7 0.3
v -0.8 0.7 0.2
v -0.7 0.7 0.2
v -0.5 0.7 0.1
v -0.4 0.7 0.1
v -0.3 0.7 0.1
v -0.2 0.7 0.1
v -0.1 0.7 0.1
v 0.2 0.7 0.1
v 0.3 0.7 0.1
v 0.6 0.7 0.1
v 0.7 0.7 0.1
v -0.6 0.7 0
v -0.5 0.7 0
v -0.4 0.7 0
v -0.3 0.7 0
v -0.2 0.7 0
v 0.2 0.7 0
v 0.3 0.7 0
v 0.6 0.7 0
v 0.7 0.7 0
v 0.8 0.7 0
v -0.6 0.7 -0.1
v -0.5 0.7 -0.1
v 0.2 0.7 -0.1
v 0.3 0.7 -0.1
v 0.7 0.7 -0.1
v 0.8 0.7 -0.1
v -0.8 0.7 -0.2
v -0.7 0.7 -0.2
v -0.6 0.7 -0.2
v -0.5 0.7 -0.2
v -0.3 0.7 -0.2
v -0.2 0.7 -0.2
v -0.8 0.7 -0.3
v -0.7 0.7 -0.3
v -0.5 0.7 -0.3
v -0.3 0.7 -0.3
v -0.8 0.7 -0.5
v -0.7 0.7 -0.5
v 0.6 0.7 -0.5
v 0.7 0.7 -0.5
v -0.8 0.7 -0.6
v -0.7 0.7 -0.6
v 0.6 0.7 -0.7
v 0.7 0.7 -0.7
v 0.7 0.8 0.6
v 0.8 0.8 0.6
v 0.7 0.8 0.5
v 0.8 0.8 0.5
v 0.7 0.8 0.4
v 0.8 0.8 0.4
v 0.1 0.8 0.3
v 0.2 0.8 0.3
v -0.8 0.8 0.2
v -0.7 0.8 0.2
v -0.8 0.8 0.1
v -0.7 0.8 0.1
v 0.1 0.8 0.1
v 0.2 0.8 0.1
v -0.8 0.8 0
v -0.7 0.8 0
v -0.8 0.8 -0.1
v -0.7 0.8 -0.1
v -0.8 0.8 -0.2
v -0.7 0.8 -0.2
v 0.6 0.8 -0.7
v 0.7 0.8 -0.7
v 0.6 0.8 -0.8
v 0.7 0.8 -0.8

# faces
f 10/1/1 2/1/1 1/1/1
f 11/1/1 2/1/1 10/1/1
f 12/2/1 4/2/1 3/2/1
f 13/1/1 5/1/1 4/1/1
f 13/2/1 4/2/1 12/2/1
f 14/1/1 5/1/1 13/1/1
f 18/1/1 7/1/1 6/1/1
f 19/2/1 8/2/1 7/2/1
f 19/1/1 7/1/1 18/1/1
f 20/2/1 8/2/1 19/2/1
f 21/2/1 10/2/1 9/2/1
f 22/2/1 10/2/1 21/2/1
f 23/2/1 15/2/1 14/2/1
f 24/1/1 16/1/1 15/1/1
f 24/2/1 15/2/1 23/2/1
f 25/1/1 16/1/1 24/1/1
f 29/2/1 18/2/1 17/2/1
f 30/2/1 18/2/1 29/2/1
f 31/1/1 21/1/1 20/1/1
f 32/1/1 21/1/1 31/1/1
f 33/2/1 26/2/1 25/2/1
f 34/1/1 27/1/1 26/1/1
f 34/2/1 26/2/1 33/2/1
f 35/2/1 28/2/1 27/2/1
f 35/1/1 27/1/1 34/1/1
f 36/1/1 29/1/1 28/1/1
f 36/2/1 28/2/1 35/2/1
f 37/1/1 29/1/1 36/1/1
f 42/1/1 39/1/1 38/1/1
f 43/2/1 40/2/1 39/2/1
f 43/1/1 39/1/1 42/1/1
f 44/2/1 40/2/1 43/2/1
f 46/2/1 42/2/1 41/2/1
f 47/2/1 42/2/1 46/2/1
f 48/1/1 45/1/1 44/1/1
f 49/1/1 45/1/1 48/1/1
f 53/1/1 47/1/1 46/1/1
f 54/1/1 47/1/1 53/1/1
f 58/2/1 52/2/1 51/2/1
f 59/2/1 52/2/1 58/2/1
f 61/2/1 55/2/1 54/2/1
f 62/2/1 55/2/1 61/2/1
f 63/1/1 57/1/1 56/1/1
f 64/1/1 57/1/1 63/1/1
f 65/2/1 50/2/1 49/2/1
f 66/2/1 50/2/1 65/2/1
f 67/1/1 60/1/1 59/1/1
f 68/1/1 60/1/1 67/1/1
f 70/2/1 63/2/1 62/2/1
f 71/2/1 63/2/1 70/2/1
f 73/1/1 66/1/1 65/1/1
f 74/1/1 66/1/1 73/1/1
f 75/2/1 69/2/1 68/2/1
f 76/2/1 69/2/1 75/2/1
f 77/1/1 73/1/1 72/1/1
f 78/1/1 73/1/1 77/1/1
f 79/2/1 77/2/1 76/2/1
f 80/2/1 77/2/1 79/2/1
f 83/1/1 82/1/1 81/1/1
f 84/1/1 82/1/1 83/1/1
f 93/1/1 86/1/1 85/1/1
f 94/1/1 86/1/1 93/1/1
f 95/1/1 88/1/1 87/1/1
f 96/1/1 88/1/1 95/1/1
f 97/1/1 90/1/1 89/1/1
f 98/1/1 90/1/1 97/1/1
f 99/2/1 92/2/1 91/2/1
f 100/2/1 92/2/1 99/2/1
f 104/1/1 102/1/1 101/1/1
f 105/2/1 103/2/1 102/2/1
f 105/1/1 102/1/1 104/1/1
f 106/2/1 103/2/1 105/2/1
f 109/1/1 108/1/1 107/1/1
f 110/1/1 108/1/1 109/1/1
f 119/1/1 112/1/1 111/1/1
f 120/1/1 112/1/1 119/1/1
f 121/1/1 114/1/1 113/1/1
f 122/1/1 114/1/1 121/1/1
f 123/1/1 116/1/1 115/1/1
f 124/1/1 116/1/1 123/1/1
f 125/1/1 118/1/1 117/1/1
f 126/1/1 118/1/1 125/1/1
f 135/2/1 128/2/1 127/2/1
f 136/2/1 128/2/1 135/2/1
f 137/2/1 130/2/1 129/2/1
f 138/2/1 130/2/1 137/2/1
f 139/1/1 132/1/1 131/1/1
f 140/1/1 132/1/1 139/1/1
f 141/2/1 134/2/1 133/2/1
f 142/2/1 134/2/1 141/2/1
f 147/2/1 144/2/1 143/2/1
f 148/2/1 144/2/1 147/2/1
f 149/2/1 146/2/1 145/2/1
f 150/2/1 146/2/1 149/2/1
f 153/1/1 152/1/1 151/1/1
f 154/1/1 152/1/1 153/1/1
f 163/2/1 156/2/1 155/2/1
f 164/2/1 156/2/1 163/2/1
f 165/1/1 158/1/1 157/1/1
f 166/1/1 158/1/1 165/1/1
f 167/1/1 160/1/1 159/1/1
f 168/1/1 160/1/1 167/1/1
f 169/2/1 162/2/1 161/2/1
f 170/2/1 162/2/1 169/2/1
f 177/1/1 172/1/1 171/1/1
f 178/1/1 172/1/1 177/1/1
f 179/2/1 174/2/1 173/2/1
f 180/1/1 175/1/1 174/1/1
f 180/2/1 174/2/1 179/2/1
f 181/2/1 176/2/1 175/2/1
f 181/1/1 175/1/1 180/1/1
f 182/1/1 177/1/1 176/1/1
f 182/2/1 176/2/1 181/2/1
f 183/1/1 177/1/1 182/1/1
f 189/2/1 185/2/1 184/2/1
f 190/2/1 185/2/1 189/2/1
f 195/1/1 187/1/1 186/1/1
f 196/2/1 188/2/1 187/2/1
f 196/1/1 187/1/1 195/1/1
f 197/2/1 188/2/1 196/2/1
f 198/1/1 191/1/1 190/1/1
f 199/2/1 192/2/1 191/2/1
f 199/1/1 191/1/1 198/1/1
f 200/1/1 193/1/1 192/1/1
f 200/2/1 192/2/1 199/2/1
f 201/1/1 193/1/1 200/1/1
f 202/1/1 195/1/1 194/1/1
f 203/1/1 195/1/1 202/1/1
f 212/1/1 205/1/1 204/1/1
f 213/2/1 206/2/1 205/2/1
f 213/1/1 205/1/1 212/1/1
f 214/1/1 207/1/1 206/1/1
f 214/2/1 206/2/1 213/2/1
f 215/1/1 207/1/1 214/1/1
f 216/2/1 209/2/1 208/2/1
f 217/1/1 210/1/1 209/1/1
f 217/2/1 209/2/1 216/2/1
f 218/2/1 211/2/1 210/2/1
f 218/1/1 210/1/1 217/1/1
f 219/2/1 211/2/1 218/2/1
f 223/2/1 221/2/1 220/2/1
f 224/1/1 222/1/1 221/1/1
f 224/2/1 221/2/1 223/2/1
f 225/1/1 222/1/1 224/1/1
f 228/2/1 227/2/1 226/2/1
f 229/2/1 227/2/1 228/2/1
f 232/2/1 231/2/1 230/2/1
f 233/2/1 231/2/1 232/2/1
f 236/1/1 235/1/1 234/1/1
f 237/1/1 235/1/1 236/1/1
f 240/1/1 239/1/1 238/1/1
f 241/1/1 239/1/1 240/1/1
f 250/2/1 243/2/1 242/2/1
f 251/1/1 244/1/1 243/1/1
f 251/2/1 243/2/1 250/2/1
f 252/1/1 244/1/1 251/1/1
f 253/1/1 246/1/1 245/1/1
f 254/2/1 247/2/1 246/2/1
f 254/1/1 246/1/1 253/1/1
f 255/1/1 248/1/1 247/1/1
f 255/2/1 247/2/1 254/2/1
f 256/2/1 249/2/1 248/2/1
f 256/1/1 248/1/1 255/1/1
f 257/2/1 249/2/1 256/2/1
f 260/2/1 259/2/1 258/2/1
f 261/2/1 259/2/1 260/2/1
f 264/1/1 263/1/1 262/1/1
f 265/1/1 263/1/1 264/1/1
f 268/2/1 267/2/1 266/2/1
f 269/2/1 267/2/1 268/2/1
f 271/1/1 270/1/1 269/1/1
f 272/1/1 270/1/1 271/1/1
f 275/1/1 273/1/1 272/1/1
f 276/2/1 274/2/1 273/2/1
f 276/1/1 273/1/1 275/1/1
f 277/2/1 274/2/1 276/2/1
f 281/1/1 279/1/1 278/1/1
f 282/2/1 280/2/1 279/2/1
f 282/1/1 279/1/1 281/1/1
f 283/2/1 280/2/1 282/2/1
f 287/1/1 285/1/1 284/1/1
f 288/2/1 286/2/1 285/2/1
f 288/1/1 285/1/1 287/1/1
f 289/2/1 286/2/1 288/2/1
f 295/1/1 290/1/1 289/1/1
f 296/1/1 290/1/1 295/1/1
f 298/1/1 292/1/1 291/1/1
f 299/1/1 292/1/1 298/1/1
f 300/2/1 294/2/1 293/2/1
f 301/2/1 294/2/1 300/2/1
f 302/1/1 297/1/1 296/1/1
f 303/1/1 297/1/1 302/1/1
f 305/1/1 304/1/1 303/1/1
f 306/1/1 304/1/1 305/1/1
f 309/2/1 308/2/1 307/2/1
f 310/2/1 308/2/1 309/2/1
f 317/1/1 312/1/1 311/1/1
f 318/2/1 313/2/1 312/2/1
f 318/1/1 312/1/1 317/1/1
f 319/2/1 313/2/1 318/2/1
f 323/2/1 315/2/1 314/2/1
f 324/2/1 315/2/1 323/2/1
f 327/2/1 317/2/1 316/2/1
f 328/2/1 317/2/1 327/2/1
f 329/1/1 320/1/1 319/1/1
f 330/1/1 320/1/1 329/1/1
f 333/1/1 322/1/1 321/1/1
f 334/1/1 322/1/1 333/1/1
f 335/1/1 325/1/1 324/1/1
f 336/1/1 325/1/1 335/1/1
f 339/2/1 327/2/1 326/2/1
f 340/2/1 327/2/1 339/2/1
f 341/2/1 331/2/1 330/2/1
f 342/2/1 331/2/1 341/2/1
f 344/2/1 333/2/1 332/2/1
f 345/2/1 333/2/1 344/2/1
f 346/1/1 337/1/1 336/1/1
f 347/2/1 338/2/1 337/2/1
f 347/1/1 337/1/1 346/1/1
f 348/1/1 339/1/1 338/1/1
f 348/2/1 338/2/1 347/2/1
f 349/1/1 339/1/1 348/1/1
f 350/2/1 343/2/1 342/2/1
f 351/1/1 344/1/1 343/1/1
f 351/2/1 343/2/1 350/2/1
f 352/1/1 344/1/1 351/1/1
f 355/2/1 354/2/1 353/2/1
f 356/2/1 354/2/1 355/2/1
f 363/2/1 358/2/1 357/2/1
f 364/2/1 358/2/1 363/2/1
f 365/1/1 360/1/1 359/1/1
f 366/1/1 360/1/1 365/1/1
f 367/2/1 362/2/1 361/2/1
f 368/2/1 362/2/1 367/2/1
f 372/1/1 370/1/1 369/1/1
f 373/2/1 371/2/1 370/2/1
f 373/1/1 370/1/1 372/1/1
f 374/2/1 371/2/1 373/2/1
f 380/1/1 376/1/1 375/1/1
f 381/2/1 377/2/1 376/2/1
f 381/1/1 376/1/1 380/1/1
f 382/2/1 377/2/1 381/2/1
f 383/1/1 379/1/1 378/1/1
f 384/2/1 380/2/1 379/2/1
f 384/1/1 379/1/1 383/1/1
f 385/2/1 380/2/1 384/2/1
f 388/1/1 387/1/1 386/1/1
f 389/1/1 387/1/1 388/1/1
f 397/1/1 391/1/1 390/1/1
f 398/2/1 392/2/1 391/2/1
f 398/1/1 391/1/1 397/1/1
f 399/1/1 393/1/1 392/1/1
f 399/2/1 392/2/1 398/2/1
f 400/1/1 393/1/1 399/1/1
f 404/1/1 395/1/1 394/1/1
f 405/2/1 396/2/1 395/2/1
f 405/1/1 395/1/1 404/1/1
f 406/1/1 397/1/1 396/1/1
f 406/2/1 396/2/1 405/2/1
f 407/1/1 397/1/1 406/1/1
f 408/2/1 401/2/1 400/2/1
f 409/2/1 401/2/1 408/2/1
f 411/2/1 403/2/1 402/2/1
f 412/2/1 403/2/1 411/2/1
f 414/1/1 411/1/1 410/1/1
f 415/1/1 411/1/1 414/1/1
f 416/1/1 414/1/1 413/1/1
f 417/1/1 414/1/1 416/1/1
f 420/1/1 419/1/1 418/1/1
f 421/1/1 419/1/1 420/1/1
f 430/1/1 423/1/1 422/1/1
f 431/1/1 423/1/1 430/1/1
f 432/2/1 425/2/1 424/2/1
f 433/1/1 426/1/1 425/1/1
f 433/2/1 425/2/1 432/2/1
f 434/1/1 426/1/1 433/1/1
f 435/2/1 428/2/1 427/2/1
f 436/1/1 429/1/1 428/1/1
f 436/2/1 428/2/1 435/2/1
f 437/1/1 429/1/1 436/1/1
f 443/2/1 439/2/1 438/2/1
f 444/2/1 439/2/1 443/2/1
f 445/2/1 441/2/1 440/2/1
f 446/1/1 442/1/1 441/1/1
f 446/2/1 441/2/1 445/2/1
f 447/1/1 442/1/1 446/1/1
f 452/2/1 449/2/1 448/2/1
f 453/2/1 449/2/1 452/2/1
f 454/1/1 451/1/1 450/1/1
f 455/1/1 451/1/1 454/1/1
f 459/2/1 457/2/1 456/2/1
f 460/1/1 458/1/1 457/1/1
f 460/2/1 457/2/1 459/2/1
f 461/1/1 458/1/1 460/1/1
f 465/2/1 463/2/1 462/2/1
f 466/1/1 464/1/1 463/1/1
f 466/2/1 463/2/1 465/2/1
f 467/1/1 464/1/1 466/1/1
f 476/1/1 469/1/1 468/1/1
f 477/2/1 470/2/1 469/2/1
f 477/1/1 469/1/1 476/1/1
f 478/1/1 471/1/1 470/1/1
f 478/2/1 470/2/1 477/2/1
f 479/1/1 471/1/1 478/1/1
f 480/1/1 473/1/1 472/1/1
f 481/2/1 474/2/1 473/2/1
f 481/1/1 473/1/1 480/1/1
f 482/1/1 475/1/1 474/1/1
f 482/2/1 474/2/1 481/2/1
f 483/1/1 475/1/1 482/1/1
f 487/2/1 485/2/1 484/2/1
f 488/2/1 485/2/1 487/2/1
f 491/2/1 487/2/1 486/2/1
f 492/2/1 487/2/1 491/2/1
f 493/1/1 489/1/1 488/1/1
f 494/2/1 490/2/1 489/2/1
f 494/1/1 489/1/1 493/1/1
f 495/2/1 490/2/1 494/2/1
f 498/2/1 497/2/1 496/2/1
f 499/2/1 497/2/1 498/2/1
f 502/2/1 501/2/1 500/2/1
f 503/2/1 501/2/1 502/2/1
f 507/2/1 504/2/1 503/2/1
f 508/2/1 504/2/1 507/2/1
f 509/1/1 506/1/1 505/1/1
f 510/1/1 506/1/1 509/1/1
f 515/2/1 512/2/1 511/2/1
f 516/2/1 512/2/1 515/2/1
f 520/2/1 514/2/1 513/2/1
f 521/2/1 514/2/1 520/2/1
f 522/1/1 517/1/1 516/1/1
f 523/2/1 518/2/1 517/2/1
f 523/1/1 517/1/1 522/1/1
f 524/2/1 518/2/1 523/2/1
f 525/1/1 520/1/1 519/1/1
f 526/1/1 520/1/1 525/1/1
f 531/1/1 528/1/1 527/1/1
f 532/1/1 528/1/1 531/1/1
f 536/1/1 530/1/1 529/1/1
f 537/1/1 530/1/1 536/1/1
f 538/2/1 534/2/1 533/2/1
f 539/2/1 534/2/1 538/2/1
f 541/1/1 536/1/1 535/1/1
f 542/1/1 536/1/1 541/1/1
f 543/1/1 541/1/1 540/1/1
f 544/1/1 541/1/1 543/1/1
f 552/1/1 546/1/1 545/1/1
f 553/2/1 547/2/1 546/2/1
f 553/1/1 546/1/1 552/1/1
f 554/2/1 547/2/1 553/2/1
f 556/2/1 549/2/1 548/2/1
f 557/2/1 549/2/1 556/2/1
f 559/2/1 551/2/1 550/2/1
f 560/2/1 551/2/1 559/2/1
f 561/2/1 555/2/1 554/2/1
f 562/2/1 555/2/1 561/2/1
f 563/1/1 558/1/1 557/1/1
f 564/1/1 558/1/1 563/1/1
f 566/2/1 565/2/1 564/2/1
f 567/2/1 565/2/1 566/2/1
f 572/1/1 569/1/1 568/1/1
f 573/1/1 569/1/1 572/1/1
f 575/2/1 571/2/1 570/2/1
f 576/2/1 571/2/1 575/2/1
f 577/1/1 575/1/1 574/1/1
f 578/1/1 575/1/1 577/1/1
f 582/1/1 580/1/1 579/1/1
f 583/1/1 580/1/1 582/1/1
f 588/2/1 582/2/1 581/2/1
f 589/2/1 582/2/1 588/2/1
f 590/2/1 584/2/1 583/2/1
f 591/2/1 584/2/1 590/2/1
f 594/1/1 586/1/1 585/1/1
f 595/1/1 586/1/1 594/1/1
f 596/1/1 588/1/1 587/1/1
f 597/1/1 588/1/1 596/1/1
f 598/2/1 593/2/1 592/2/1
f 599/1/1 594/1/1 593/1/1
f 599/2/1 593/2/1 598/2/1
f 600/1/1 594/1/1 599/1/1
f 601/1/2 602/1/2 610/1/2
f 610/1/2 602/1/2 611/1/2
f 603/2/2 604/2/2 612/2/2
f 604/1/2 605/1/2 613/1/2
f 612/2/2 604/2/2 613/2/2
f 613/1/2 605/1/2 614/1/2
f 606/1/2 607/1/2 618/1/2
f 607/2/2 608/2/2 619/2/2
f 618/1/2 607/1/2 619/1/2
f 619/2/2 608/2/2 620/2/2
f 609/2/2 610/2/2 621/2/2
f 621/2/2 610/2/2 622/2/2
f 614/2/2 615/2/2 623/2/2
f 615/1/2 616/1/2 624/1/2
f 623/2/2 615/2/2 624/2/2
f 624/1/2 616/1/2 625/1/2
f 617/2/2 618/2/2 629/2/2
f 629/2/2 618/2/2 630/2/2
f 620/1/2 621/1/2 631/1/2
f 631/1/2 621/1/2 632/1/2
f 625/2/2 626/2/2 633/2/2
f 626/1/2 627/1/2 634/1/2
f 633/2/2 626/2/2 634/2/2
f 627/2/2 628/2/2 635/2/2
f 634/1/2 627/1/2 635/1/2
f 628/1/2 629/1/2 636/1/2
f 635/2/2 628/2/2 636/2/2
f 636/1/2 629/1/2 637/1/2
f 638/1/2 639/1/2 642/1/2
f 639/2/2 640/2/2 643/2/2
f 642/1/2 639/1/2 643/1/2
f 643/2/2 640/2/2 644/2/2
f 641/2/2 642/2/2 646/2/2
f 646/2/2 642/2/2 647/2/2
f 644/1/2 645/1/2 648/1/2
f 648/1/2 645/1/2 649/1/2
f 646/1/2 647/1/2 653/1/2
f 653/1/2 647/1/2 654/1/2
f 651/2/2 652/2/2 658/2/2
f 658/2/2 652/2/2 659/2/2
f 654/2/2 655/2/2 661/2/2
f 661/2/2 655/2/2 662/2/2
f 656/1/2 657/1/2 663/1/2
f 663/1/2 657/1/2 664/1/2
f 649/2/2 650/2/2 665/2/2
f 665/2/2 650/2/2 666/2/2
f 659/1/2 660/1/2 667/1/2
f 667/1/2 660/1/2 668/1/2
f 662/2/2 663/2/2 670/2/2
f 670/2/2 663/2/2 671/2/2
f 665/1/2 666/1/2 673/1/2
f 673/1/2 666/1/2 674/1/2
f 668/2/2 669/2/2 675/2/2
f 675/2/2 669/2/2 676/2/2
f 672/1/2 673/1/2 677/1/2
f 677/1/2 673/1/2 678/1/2
f 676/2/2 677/2/2 679/2/2
f 679/2/2 677/2/2 680/2/2
f 681/1/2 682/1/2 683/1/2
f 683/1/2 682/1/2 684/1/2
f 685/1/2 686/1/2 693/1/2
f 693/1/2 686/1/2 694/1/2
f 687/1/2 688/1/2 695/1/2
f 695/1/2 688/1/2 696/1/2
f 689/1/2 690/1/2 697/1/2
f 697/1/2 690/1/2 698/1/2
f 691/2/2 692/2/2 699/2/2
f 699/2/2 692/2/2 700/2/2
f 701/1/2 702/1/2 704/1/2
f 702/2/2 703/2/2 705/2/2
f 704/1/2 702/1/2 705/1/2
f 705/2/2 703/2/2 706/2/2
f 707/1/2 708/1/2 709/1/2
f 709/1/2 708/1/2 710/1/2
f 711/1/2 712/1/2 719/1/2
f 719/1/2 712/1/2 720/1/2
f 713/1/2 714/1/2 721/1/2
f 721/1/2 714/1/2 722/1/2
f 715/1/2 716/1/2 723/1/2
f 723/1/2 716/1/2 724/1/2
f 717/1/2 718/1/2 725/1/2
f 725/1/2 718/1/2 726/1/2
f 727/2/2 728/2/2 735/2/2
f 735/2/2 728/2/2 736/2/2
f 729/2/2 730/2/2 737/2/2
f 737/2/2 730/2/2 738/2/2
f 731/1/2 732/1/2 739/1/2
f 739/1/2 732/1/2 740/1/2
f 733/2/2 734/2/2 741/2/2
f 741/2/2 734/2/2 742/2/2
f 743/2/2 744/2/2 745/2/2
f 745/2/2 744/2/2 746/2/2
f 747/2/2 748/2/2 755/2/2
f 755/2/2 748/2/2 756/2/2
f 749/1/2 750/1/2 757/1/2
f 757/1/2 750/1/2 758/1/2
f 751/1/2 752/1/2 759/1/2
f 759/1/2 752/1/2 760/1/2
f 753/2/2 754/2/2 761/2/2
f 761/2/2 754/2/2 762/2/2
f 763/2/2 764/2/2 765/2/2
f 765/2/2 764/2/2 766/2/2
f 767/1/2 768/1/2 775/1/2
f 775/1/2 768/1/2 776/1/2
f 769/1/2 770/1/2 777/1/2
f 777/1/2 770/1/2 778/1/2
f 771/2/2 772/2/2 779/2/2
f 772/1/2 773/1/2 780/1/2
f 779/2/2 772/2/2 780/2/2
f 773/2/2 774/2/2 781/2/2
f 780/1/2 773/1/2 781/1/2
f 774/1/2 775/1/2 782/1/2
f 781/2/2 774/2/2 782/2/2
f 782/1/2 775/1/2 783/1/2
f 784/2/2 785/2/2 789/2/2
f 789/2/2 785/2/2 790/2/2
f 786/1/2 787/1/2 795/1/2
f 787/2/2 788/2/2 796/2/2
f 795/1/2 787/1/2 796/1/2
f 796/2/2 788/2/2 797/2/2
f 790/1/2 791/1/2 798/1/2
f 791/2/2 792/2/2 799/2/2
f 798/1/2 791/1/2 799/1/2
f 792/1/2 793/1/2 800/1/2
f 799/2/2 792/2/2 800/2/2
f 800/1/2 793/1/2 801/1/2
f 794/1/2 795/1/2 802/1/2
f 802/1/2 795/1/2 803/1/2
f 804/1/2 805/1/2 812/1/2
f 805/2/2 806/2/2 813/2/2
f 812/1/2 805/1/2 813/1/2
f 806/1/2 807/1/2 814/1/2
f 813/2/2 806/2/2 814/2/2
f 814/1/2 807/1/2 815/1/2
f 808/2/2 809/2/2 816/2/2
f 809/1/2 810/1/2 817/1/2
f 816/2/2 809/2/2 817/2/2
f 810/2/2 811/2/2 818/2/2
f 817/1/2 810/1/2 818/1/2
f 818/2/2 811/2/2 819/2/2
f 820/2/2 821/2/2 823/2/2
f 821/1/2 822/1/2 824/1/2
f 823/2/2 821/2/2 824/2/2
f 824/1/2 822/1/2 825/1/2
f 826/2/2 827/2/2 828/2/2
f 828/2/2 827/2/2 829/2/2
f 830/2/2 831/2/2 832/2/2
f 832/2/2 831/2/2 833/2/2
f 834/1/2 835/1/2 836/1/2
f 836/1/2 835/1/2 837/1/2
f 838/1/2 839/1/2 840/1/2
f 840/1/2 839/1/2 841/1/2
f 842/2/2 843/2/2 850/2/2
f 843/1/2 844/1/2 851/1/2
f 850/2/2 843/2/2 851/2/2
f 851/1/2 844/1/2 852/1/2
f 845/1/2 846/1/2 853/1/2
f 846/2/2 847/2/2 854/2/2
f 853/1/2 846/1/2 854/1/2
f 847/1/2 848/1/2 855/1/2
f 854/2/2 847/2/2 855/2/2
f 848/2/2 849/2/2 856/2/2
f 855/1/2 848/1/2 856/1/2
f 856/2/2 849/2/2 857/2/2
f 858/2/2 859/2/2 860/2/2
f 860/2/2 859/2/2 861/2/2
f 862/2/2 863/2/2 864/2/2
f 864/2/2 863/2/2 865/2/2
f 865/1/2 866/1/2 867/1/2
f 867/1/2 866/1/2 868/1/2
f 868/1/2 869/1/2 871/1/2
f 869/2/2 870/2/2 872/2/2
f 871/1/2 869/1/2 872/1/2
f 872/2/2 870/2/2 873/2/2
f 874/1/2 875/1/2 877/1/2
f 875/2/2 876/2/2 878/2/2
f 877/1/2 875/1/2 878/1/2
f 878/2/2 876/2/2 879/2/2
f 880/1/2 881/1/2 882/1/2
f 882/1/2 881/1/2 883/1/2
f 884/1/2 885/1/2 887/1/2
f 885/2/2 886/2/2 888/2/2
f 887/1/2 885/1/2 888/1/2
f 888/2/2 886/2/2 889/2/2
f 889/1/2 890/1/2 895/1/2
f 895/1/2 890/1/2 896/1/2
f 891/1/2 892/1/2 898/1/2
f 898/1/2 892/1/2 899/1/2
f 893/2/2 894/2/2 900/2/2
f 900/2/2 894/2/2 901/2/2
f 896/1/2 897/1/2 902/1/2
f 902/1/2 897/1/2 903/1/2
f 903/1/2 904/1/2 905/1/2
f 905/1/2 904/1/2 906/1/2
f 907/2/2 908/2/2 909/2/2
f 909/2/2 908/2/2 910/2/2
f 911/1/2 912/1/2 917/1/2
f 912/2/2 913/2/2 918/2/2
f 917/1/2 912/1/2 918/1/2
f 918/2/2 913/2/2 919/2/2
f 914/2/2 915/2/2 923/2/2
f 923/2/2 915/2/2 924/2/2
f 916/2/2 917/2/2 927/2/2
f 927/2/2 917/2/2 928/2/2
f 919/1/2 920/1/2 929/1/2
f 929/1/2 920/1/2 930/1/2
f 921/1/2 922/1/2 933/1/2
f 933/1/2 922/1/2 934/1/2
f 924/1/2 925/1/2 935/1/2
f 935/1/2 925/1/2 936/1/2
f 926/2/2 927/2/2 939/2/2
f 939/2/2 927/2/2 940/2/2
f 930/2/2 931/2/2 941/2/2
f 941/2/2 931/2/2 942/2/2
f 932/2/2 933/2/2 944/2/2
f 944/2/2 933/2/2 945/2/2
f 936/1/2 937/1/2 946/1/2
f 937/2/2 938/2/2 947/2/2
f 946/1/2 937/1/2 947/1/2
f 938/1/2 939/1/2 948/1/2
f 947/2/2 938/2/2 948/2/2
f 948/1/2 939/1/2 949/1/2
f 942/2/2 943/2/2 950/2/2
f 943/1/2 944/1/2 951/1/2
f 950/2/2 943/2/2 951/2/2
f 951/1/2 944/1/2 952/1/2
f 953/2/2 954/2/2 955/2/2
f 955/2/2 954/2/2 956/2/2
f 957/2/2 958/2/2 963/2/2
f 963/2/2 958/2/2 964/2/2
f 959/1/2 960/1/2 965/1/2
f 965/1/2 960/1/2 966/1/2
f 961/2/2 962/2/2 967/2/2
f 967/2/2 962/2/2 968/2/2
f 969/1/2 970/1/2 972/1/2
f 970/2/2 971/2/2 973/2/2
f 972/1/2 970/1/2 973/1/2
f 973/2/2 971/2/2 974/2/2
f 975/1/2 976/1/2 980/1/2
f 976/2/2 977/2/2 981/2/2
f 980/1/2 976/1/2 981/1/2
f 981/2/2 977/2/2 982/2/2
f 978/1/2 979/1/2 983/1/2
f 979/2/2 980/2/2 984/2/2
f 983/1/2 979/1/2 984/1/2
f 984/2/2 980/2/2 985/2/2
f 986/1/2 987/1/2 988/1/2
f 988/1/2 987/1/2 989/1/2
f 990/1/2 991/1/2 997/1/2
f 991/2/2 992/2/2 998/2/2
f 997/1/2 991/1/2 998/1/2
f 992/1/2 993/1/2 999/1/2
f 998/2/2 992/2/2 999/2/2
f 999/1/2 993/1/2 1000/1/2
f 994/1/2 995/1/2 1004/1/2
f 995/2/2 996/2/2 1005/2/2
f 1004/1/2 995/1/2 1005/1/2
f 996/1/2 997/1/2 1006/1/2
f 1005/2/2 996/2/2 1006/2/2
f 1006/1/2 997/1/2 1007/1/2
f 1000/2/2 1001/2/2 1008/2/2
f 1008/2/2 1001/2/2 1009/2/2
f 1002/2/2 1003/2/2 1011/2/2
f 1011/2/2 1003/2/2 1012/2/2
f 1010/1/2 1011/1/2 1014/1/2
f 1014/1/2 1011/1/2 1015/1/2
f 1013/1/2 1014/1/2 1016/1/2
f 1016/1/2 1014/1/2 1017/1/2
f 1018/1/2 1019/1/2 1020/1/2
f 1020/1/2 1019/1/2 1021/1/2
f 1022/1/2 1023/1/2 1030/1/2
f 1030/1/2 1023/1/2 1031/1/2
f 1024/2/2 1025/2/2 1032/2/2
f 1025/1/2 1026/1/2 1033/1/2
f 1032/2/2 1025/2/2 1033/2/2
f 1033/1/2 1026/1/2 1034/1/2
f 1027/2/2 1028/2/2 1035/2/2
f 1028/1/2 1029/1/2 1036/1/2
f 1035/2/2 1028/2/2 1036/2/2
f 1036/1/2 1029/1/2 1037/1/2
f 1038/2/2 1039/2/2 1043/2/2
f 1043/2/2 1039/2/2 1044/2/2
f 1040/2/2 1041/2/2 1045/2/2
f 1041/1/2 1042/1/2 1046/1/2
f 1045/2/2 1041/2/2 1046/2/2
f 1046/1/2 1042/1/2 1047/1/2
f 1048/2/2 1049/2/2 1052/2/2
f 1052/2/2 1049/2/2 1053/2/2
f 1050/1/2 1051/1/2 1054/1/2
f 1054/1/2 1051/1/2 1055/1/2
f 1056/2/2 1057/2/2 1059/2/2
f 1057/1/2 1058/1/2 1060/1/2
f 1059/2/2 1057/2/2 1060/2/2
f 1060/1/2 1058/1/2 1061/1/2
f 1062/2/2 1063/2/2 1065/2/2
f 1063/1/2 1064/1/2 1066/1/2
f 1065/2/2 1063/2/2 1066/2/2
f 1066/1/2 1064/1/2 1067/1/2
f 1068/1/2 1069/1/2 1076/1/2
f 1069/2/2 1070/2/2 1077/2/2
f 1076/1/2 1069/1/2 1077/1/2
f 1070/1/2 1071/1/2 1078/1/2
f 1077/2/2 1070/2/2 1078/2/2
f 1078/1/2 1071/1/2 1079/1/2
f 1072/1/2 1073/1/2 1080/1/2
f 1073/2/2 1074/2/2 1081/2/2
f 1080/1/2 1073/1/2 1081/1/2
f 1074/1/2 1075/1/2 1082/1/2
f 1081/2/2 1074/2/2 1082/2/2
f 1082/1/2 1075/1/2 1083/1/2
f 1084/2/2 1085/2/2 1087/2/2
f 1087/2/2 1085/2/2 1088/2/2
f 1086/2/2 1087/2/2 1091/2/2
f 1091/2/2 1087/2/2 1092/2/2
f 1088/1/2 1089/1/2 1093/1/2
f 1089/2/2 1090/2/2 1094/2/2
f 1093/1/2 1089/1/2 1094/1/2
f 1094/2/2 1090/2/2 1095/2/2
f 1096/2/2 1097/2/2 1098/2/2
f 1098/2/2 1097/2/2 1099/2/2
f 1100/2/2 1101/2/2 1102/2/2
f 1102/2/2 1101/2/2 1103/2/2
f 1103/2/2 1104/2/2 1107/2/2
f 1107/2/2 1104/2/2 1108/2/2
f 1105/1/2 1106/1/2 1109/1/2
f 1109/1/2 1106/1/2 1110/1/2
f 1111/2/2 1112/2/2 1115/2/2
f 1115/2/2 1112/2/2 1116/2/2
f 1113/2/2 1114/2/2 1120/2/2
f 1120/2/2 1114/2/2 1121/2/2
f 1116/1/2 1117/1/2 1122/1/2
f 1117/2/2 1118/2/2 1123/2/2
f 1122/1/2 1117/1/2 1123/1/2
f 1123/2/2 1118/2/2 1124/2/2
f 1119/1/2 1120/1/2 1125/1/2
f 1125/1/2 1120/1/2 1126/1/2
f 1127/1/2 1128/1/2 1131/1/2
f 1131/1/2 1128/1/2 1132/1/2
f 1129/1/2 1130/1/2 1134/1/2
f 1134/1/2 1130/1/2 1135/1/2
f 1133/1/2 1134/1/2 1137/1/2
f 1137/1/2 1134/1/2 1138/1/2
f 1136/1/2 1137/1/2 1139/1/2
f 1139/1/2 1137/1/2 1140/1/2
f 1141/1/2 1142/1/2 1148/1/2
f 1142/2/2 1143/2/2 1149/2/2
f 1148/1/2 1142/1/2 1149/1/2
f 1149/2/2 1143/2/2 1150/2/2
f 1144/2/2 1145/2/2 1152/2/2
f 1152/2/2 1145/2/2 1153/2/2
f 1146/2/2 1147/2/2 1155/2/2
f 1155/2/2 1147/2/2 1156/2/2
f 1150/2/2 1151/2/2 1157/2/2
f 1157/2/2 1151/2/2 1158/2/2
f 1153/1/2 1154/1/2 1159/1/2
f 1159/1/2 1154/1/2 1160/1/2
f 1160/2/2 1161/2/2 1162/2/2
f 1162/2/2 1161/2/2 1163/2/2
f 1164/1/2 1165/1/2 1169/1/2
f 1169/1/2 1165/1/2 1170/1/2
f 1166/2/2 1167/2/2 1172/2/2
f 1172/2/2 1167/2/2 1173/2/2
f 1168/1/2 1169/1/2 1174/1/2
f 1174/1/2 1169/1/2 1175/1/2
f 1171/1/2 1172/1/2 1176/1/2
f 1176/1/2 1172/1/2 1177/1/2
f 1178/1/2 1179/1/2 1181/1/2
f 1181/1/2 1179/1/2 1182/1/2
f 1180/2/2 1181/2/2 1187/2/2
f 1187/2/2 1181/2/2 1188/2/2
f 1182/2/2 1183/2/2 1189/2/2
f 1189/2/2 1183/2/2 1190/2/2
f 1184/1/2 1185/1/2 1193/1/2
f 1193/1/2 1185/1/2 1194/1/2
f 1186/1/2 1187/1/2 1195/1/2
f 1195/1/2 1187/1/2 1196/1/2
f 1191/2/2 1192/2/2 1197/2/2
f 1192/1/2 1193/1/2 1198/1/2
f 1197/2/2 1192/2/2 1198/2/2
f 1198/1/2 1193/1/2 1199/1/2
f 1204/2/3 1201/2/3 1200/2/3
f 1205/2/3 1201/2/3 1204/2/3
f 1206/1/3 1203/1/3 1202/1/3
f 1207/1/3 1203/1/3 1206/1/3
f 1210/2/3 1209/2/3 1208/2/3
f 1211/2/3 1209/2/3 1210/2/3
f 1216/2/3 1213/2/3 1212/2/3
f 1217/2/3 1213/2/3 1216/2/3
f 1218/2/3 1215/2/3 1214/2/3
f 1219/2/3 1215/2/3 1218/2/3
f 1222/2/3 1221/2/3 1220/2/3
f 1223/2/3 1221/2/3 1222/2/3
f 1232/2/3 1225/2/3 1224/2/3
f 1233/2/3 1225/2/3 1232/2/3
f 1234/2/3 1227/2/3 1226/2/3
f 1235/2/3 1227/2/3 1234/2/3
f 1236/2/3 1229/2/3 1228/2/3
f 1237/2/3 1229/2/3 1236/2/3
f 1238/2/3 1231/2/3 1230/2/3
f 1239/2/3 1231/2/3 1238/2/3
f 1242/1/3 1241/1/3 1240/1/3
f 1243/1/3 1241/1/3 1242/1/3
f 1246/1/3 1245/1/3 1244/1/3
f 1247/1/3 1245/1/3 1246/1/3
f 1254/1/3 1249/1/3 1248/1/3
f 1255/1/3 1249/1/3 1254/1/3
f 1256/1/3 1251/1/3 1250/1/3
f 1257/1/3 1251/1/3 1256/1/3
f 1258/2/3 1253/2/3 1252/2/3
f 1259/2/3 1253/2/3 1258/2/3
f 1264/2/3 1261/2/3 1260/2/3
f 1265/2/3 1261/2/3 1264/2/3
f 1266/1/3 1263/1/3 1262/1/3
f 1267/1/3 1263/1/3 1266/1/3
f 1270/2/3 1269/2/3 1268/2/3
f 1271/2/3 1269/2/3 1270/2/3
f 1274/1/3 1273/1/3 1272/1/3
f 1275/1/3 1273/1/3 1274/1/3
f 1278/1/3 1277/1/3 1276/1/3
f 1279/1/3 1277/1/3 1278/1/3
f 1282/1/3 1281/1/3 1280/1/3
f 1283/1/3 1281/1/3 1282/1/3
f 1286/2/3 1285/2/3 1284/2/3
f 1287/2/3 1285/2/3 1286/2/3
f 1292/2/3 1289/2/3 1288/2/3
f 1293/2/3 1289/2/3 1292/2/3
f 1294/1/3 1291/1/3 1290/1/3
f 1295/1/3 1291/1/3 1294/1/3
f 1301/2/3 1297/2/3 1296/2/3
f 1302/1/3 1298/1/3 1297/1/3
f 1302/2/3 1297/2/3 1301/2/3
f 1303/1/3 1298/1/3 1302/1/3
f 1304/2/3 1300/2/3 1299/2/3
f 1305/2/3 1300/2/3 1304/2/3
f 1308/1/3 1307/1/3 1306/1/3
f 1309/1/3 1307/1/3 1308/1/3
f 1314/1/3 1311/1/3 1310/1/3
f 1315/1/3 1311/1/3 1314/1/3
f 1316/1/3 1313/1/3 1312/1/3
f 1317/1/3 1313/1/3 1316/1/3
f 1320/2/3 1319/2/3 1318/2/3
f 1321/2/3 1319/2/3 1320/2/3
f 1324/1/3 1323/1/3 1322/1/3
f 1325/1/3 1323/1/3 1324/1/3
f 1328/2/3 1327/2/3 1326/2/3
f 1329/2/3 1327/2/3 1328/2/3
f 1336/1/3 1331/1/3 1330/1/3
f 1337/1/3 1331/1/3 1336/1/3
f 1338/2/3 1333/2/3 1332/2/3
f 1339/2/3 1333/2/3 1338/2/3
f 1340/2/3 1335/2/3 1334/2/3
f 1341/2/3 1335/2/3 1340/2/3
f 1344/1/3 1343/1/3 1342/1/3
f 1345/1/3 1343/1/3 1344/1/3
f 1348/1/3 1347/1/3 1346/1/3
f 1349/1/3 1347/1/3 1348/1/3
f 1352/2/3 1351/2/3 1350/2/3
f 1353/2/3 1351/2/3 1352/2/3
f 1356/2/3 1355/2/3 1354/2/3
f 1357/2/3 1355/2/3 1356/2/3
f 1362/2/3 1359/2/3 1358/2/3
f 1363/2/3 1359/2/3 1362/2/3
f 1364/2/3 1361/2/3 1360/2/3
f 1365/2/3 1361/2/3 1364/2/3
f 1368/2/3 1367/2/3 1366/2/3
f 1369/2/3 1367/2/3 1368/2/3
f 1372/2/3 1371/2/3 1370/2/3
f 1373/2/3 1371/2/3 1372/2/3
f 1376/1/3 1375/1/3 1374/1/3
f 1377/1/3 1375/1/3 1376/1/3
f 1380/1/3 1379/1/3 1378/1/3
f 1381/1/3 1379/1/3 1380/1/3
f 1386/1/3 1383/1/3 1382/1/3
f 1387/1/3 1383/1/3 1386/1/3
f 1388/1/3 1385/1/3 1384/1/3
f 1389/1/3 1385/1/3 1388/1/3
f 1392/1/3 1391/1/3 1390/1/3
f 1393/1/3 1391/1/3 1392/1/3
f 1400/1/3 1395/1/3 1394/1/3
f 1401/1/3 1395/1/3 1400/1/3
f 1402/1/3 1397/1/3 1396/1/3
f 1403/1/3 1397/1/3 1402/1/3
f 1404/1/3 1399/1/3 1398/1/3
f 1405/1/3 1399/1/3 1404/1/3
f 1410/1/3 1407/1/3 1406/1/3
f 1411/1/3 1407/1/3 1410/1/3
f 1414/2/3 1409/2/3 1408/2/3
f 1415/2/3 1409/2/3 1414/2/3
f 1416/1/3 1413/1/3 1412/1/3
f 1417/1/3 1413/1/3 1416/1/3
f 1420/2/3 1419/2/3 1418/2/3
f 1421/2/3 1419/2/3 1420/2/3
f 1426/1/3 1423/1/3 1422/1/3
f 1427/1/3 1423/1/3 1426/1/3
f 1428/2/3 1425/2/3 1424/2/3
f 1429/2/3 1425/2/3 1428/2/3
f 1436/2/3 1431/2/3 1430/2/3
f 1437/2/3 1431/2/3 1436/2/3
f 1438/1/3 1433/1/3 1432/1/3
f 1439/1/3 1433/1/3 1438/1/3
f 1440/1/3 1435/1/3 1434/1/3
f 1441/1/3 1435/1/3 1440/1/3
f 1444/1/3 1443/1/3 1442/1/3
f 1445/1/3 1443/1/3 1444/1/3
f 1450/1/3 1447/1/3 1446/1/3
f 1451/1/3 1447/1/3 1450/1/3
f 1452/2/3 1449/2/3 1448/2/3
f 1453/2/3 1449/2/3 1452/2/3
f 1456/1/3 1455/1/3 1454/1/3
f 1457/1/3 1455/1/3 1456/1/3
f 1460/1/3 1459/1/3 1458/1/3
f 1461/1/3 1459/1/3 1460/1/3
f 1465/2/3 1463/2/3 1462/2/3
f 1466/1/3 1464/1/3 1463/1/3
f 1466/2/3 1463/2/3 1465/2/3
f 1467/1/3 1464/1/3 1466/1/3
f 1470/1/3 1469/1/3 1468/1/3
f 1471/1/3 1469/1/3 1470/1/3
f 1474/2/3 1473/2/3 1472/2/3
f 1475/2/3 1473/2/3 1474/2/3
f 1480/2/3 1477/2/3 1476/2/3
f 1481/2/3 1477/2/3 1480/2/3
f 1482/1/3 1479/1/3 1478/1/3
f 1483/1/3 1479/1/3 1482/1/3
f 1488/1/3 1485/1/3 1484/1/3
f 1489/1/3 1485/1/3 1488/1/3
f 1492/1/3 1487/1/3 1486/1/3
f 1493/1/3 1487/1/3 1492/1/3
f 1496/2/3 1491/2/3 1490/2/3
f 1497/2/3 1491/2/3 1496/2/3
f 1498/2/3 1495/2/3 1494/2/3
f 1499/2/3 1495/2/3 1498/2/3
f 1502/2/3 1501/2/3 1500/2/3
f 1503/2/3 1501/2/3 1502/2/3
f 1506/2/3 1505/2/3 1504/2/3
f 1507/2/3 1505/2/3 1506/2/3
f 1514/1/3 1509/1/3 1508/1/3
f 1515/1/3 1509/1/3 1514/1/3
f 1516/1/3 1511/1/3 1510/1/3
f 1517/1/3 1511/1/3 1516/1/3
f 1518/1/3 1513/1/3 1512/1/3
f 1519/1/3 1513/1/3 1518/1/3
f 1522/1/3 1521/1/3 1520/1/3
f 1523/1/3 1521/1/3 1522/1/3
f 1526/2/3 1525/2/3 1524/2/3
f 1527/2/3 1525/2/3 1526/2/3
f 1532/2/3 1529/2/3 1528/2/3
f 1533/2/3 1529/2/3 1532/2/3
f 1534/2/3 1531/2/3 1530/2/3
f 1535/2/3 1531/2/3 1534/2/3
f 1538/1/3 1537/1/3 1536/1/3
f 1539/1/3 1537/1/3 1538/1/3
f 1542/1/3 1541/1/3 1540/1/3
f 1543/1/3 1541/1/3 1542/1/3
f 1548/1/3 1545/1/3 1544/1/3
f 1549/1/3 1545/1/3 1548/1/3
f 1552/1/3 1547/1/3 1546/1/3
f 1553/1/3 1547/1/3 1552/1/3
f 1554/1/3 1551/1/3 1550/1/3
f 1555/1/3 1551/1/3 1554/1/3
f 1558/1/3 1557/1/3 1556/1/3
f 1559/1/3 1557/1/3 1558/1/3
f 1562/2/3 1561/2/3 1560/2/3
f 1563/2/3 1561/2/3 1562/2/3
f 1566/2/3 1565/2/3 1564/2/3
f 1567/2/3 1565/2/3 1566/2/3
f 1572/1/3 1569/1/3 1568/1/3
f 1573/1/3 1569/1/3 1572/1/3
f 1576/2/3 1571/2/3 1570/2/3
f 1577/2/3 1571/2/3 1576/2/3
f 1580/1/3 1575/1/3 1574/1/3
f 1581/1/3 1575/1/3 1580/1/3
f 1582/2/3 1579/2/3 1578/2/3
f 1583/2/3 1579/2/3 1582/2/3
f 1586/2/3 1585/2/3 1584/2/3
f 1587/2/3 1585/2/3 1586/2/3
f 1590/2/3 1589/2/3 1588/2/3
f 1591/2/3 1589/2/3 1590/2/3
f 1594/1/3 1593/1/3 1592/1/3
f 1595/1/3 1593/1/3 1594/1/3
f 1600/2/3 1597/2/3 1596/2/3
f 1601/2/3 1597/2/3 1600/2/3
f 1602/1/3 1599/1/3 1598/1/3
f 1603/1/3 1599/1/3 1602/1/3
f 1606/1/3 1605/1/3 1604/1/3
f 1607/1/3 1605/1/3 1606/1/3
f 1610/1/3 1609/1/3 1608/1/3
f 1611/1/3 1609/1/3 1610/1/3
f 1614/1/3 1613/1/3 1612/1/3
f 1615/1/3 1613/1/3 1614/1/3
f 1620/2/3 1617/2/3 1616/2/3
f 1621/2/3 1617/2/3 1620/2/3
f 1624/1/3 1619/1/3 1618/1/3
f 1625/1/3 1619/1/3 1624/1/3
f 1626/1/3 1623/1/3 1622/1/3
f 1627/1/3 1623/1/3 1626/1/3
f 1630/2/3 1629/2/3 1628/2/3
f 1631/2/3 1629/2/3 1630/2/3
f 1636/2/3 1633/2/3 1632/2/3
f 1637/2/3 1633/2/3 1636/2/3
f 1642/1/3 1635/1/3 1634/1/3
f 1643/1/3 1635/1/3 1642/1/3
f 1644/1/3 1639/1/3 1638/1/3
f 1645/1/3 1639/1/3 1644/1/3
f 1646/2/3 1641/2/3 1640/2/3
f 1647/2/3 1641/2/3 1646/2/3
f 1650/1/3 1649/1/3 1648/1/3
f 1651/1/3 1649/1/3 1650/1/3
f 1654/2/3 1653/2/3 1652/2/3
f 1655/2/3 1653/2/3 1654/2/3
f 1660/2/3 1657/2/3 1656/2/3
f 1661/2/3 1657/2/3 1660/2/3
f 1662/1/3 1659/1/3 1658/1/3
f 1663/1/3 1659/1/3 1662/1/3
f 1666/2/3 1665/2/3 1664/2/3
f 1667/2/3 1665/2/3 1666/2/3
f 1670/1/3 1669/1/3 1668/1/3
f 1671/1/3 1669/1/3 1670/1/3
f 1674/2/3 1673/2/3 1672/2/3
f 1675/2/3 1673/2/3 1674/2/3
f 1678/1/3 1677/1/3 1676/1/3
f 1679/1/3 1677/1/3 1678/1/3
f 1684/2/3 1681/2/3 1680/2/3
f 1685/2/3 1681/2/3 1684/2/3
f 1686/1/3 1683/1/3 1682/1/3
f 1687/1/3 1683/1/3 1686/1/3
f 1690/1/3 1689/1/3 1688/1/3
f 1691/1/3 1689/1/3 1690/1/3
f 1694/2/3 1693/2/3 1692/2/3
f 1695/2/3 1693/2/3 1694/2/3
f 1698/1/3 1697/1/3 1696/1/3
f 1699/1/3 1697/1/3 1698/1/3
f 1702/2/3 1701/2/3 1700/2/3
f 1703/2/3 1701/2/3 1702/2/3
f 1706/1/3 1705/1/3 1704/1/3
f 1707/1/3 1705/1/3 1706/1/3
f 1710/2/3 1709/2/3 1708/2/3
f 1711/2/3 1709/2/3 1710/2/3
f 1716/2/3 1713/2/3 1712/2/3
f 1717/2/3 1713/2/3 1716/2/3
f 1718/1/3 1715/1/3 1714/1/3
f 1719/1/3 1715/1/3 1718/1/3
f 1722/2/3 1721/2/3 1720/2/3
f 1723/2/3 1721/2/3 1722/2/3
f 1724/1/3 1723/1/3 1722/1/3
f 1725/1/3 1723/1/3 1724/1/3
f 1728/1/3 1727/1/3 1726/1/3
f 1729/1/3 1727/1/3 1728/1/3
f 1732/2/3 1731/2/3 1730/2/3
f 1733/2/3 1731/2/3 1732/2/3
f 1738/1/3 1735/1/3 1734/1/3
f 1739/1/3 1735/1/3 1738/1/3
f 1740/1/3 1737/1/3 1736/1/3
f 1741/1/3 1737/1/3 1740/1/3
f 1746/2/3 1743/2/3 1742/2/3
f 1747/2/3 1743/2/3 1746/2/3
f 1748/1/3 1745/1/3 1744/1/3
f 1749/1/3 1745/1/3 1748/1/3
f 1754/2/3 1751/2/3 1750/2/3
f 1755/2/3 1751/2/3 1754/2/3
f 1756/1/3 1753/1/3 1752/1/3
f 1757/1/3 1753/1/3 1756/1/3
f 1758/2/4 1759/2/4 1762/2/4
f 1762/2/4 1759/2/4 1763/2/4
f 1760/1/4 1761/1/4 1764/1/4
f 1764/1/4 1761/1/4 1765/1/4
f 1766/2/4 1767/2/4 1768/2/4
f 1768/2/4 1767/2/4 1769/2/4
f 1770/2/4 1771/2/4 1776/2/4
f 1776/2/4 1771/2/4 1777/2/4
f 1772/2/4 1773/2/4 1778/2/4
f 1778/2/4 1773/2/4 1779/2/4
f 1774/2/4 1775/2/4 1780/2/4
f 1780/2/4 1775/2/4 1781/2/4
f 1782/1/4 1783/1/4 1784/1/4
f 1784/1/4 1783/1/4 1785/1/4
f 1786/1/4 1787/1/4 1790/1/4
f 1790/1/4 1787/1/4 1791/1/4
f 1788/1/4 1789/1/4 1792/1/4
f 1792/1/4 1789/1/4 1793/1/4
f 1794/1/4 1795/1/4 1796/1/4
f 1796/1/4 1795/1/4 1797/1/4
f 1798/2/4 1799/2/4 1800/2/4
f 1800/2/4 1799/2/4 1801/2/4
f 1802/1/4 1803/1/4 1806/1/4
f 1806/1/4 1803/1/4 1807/1/4
f 1804/2/4 1805/2/4 1808/2/4
f 1808/2/4 1805/2/4 1809/2/4
f 1810/2/4 1811/2/4 1816/2/4
f 1816/2/4 1811/2/4 1817/2/4
f 1812/1/4 1813/1/4 1818/1/4
f 1818/1/4 1813/1/4 1819/1/4
f 1814/2/4 1815/2/4 1820/2/4
f 1820/2/4 1815/2/4 1821/2/4
f 1822/2/4 1823/2/4 1827/2/4
f 1823/1/4 1824/1/4 1828/1/4
f 1827/2/4 1823/2/4 1828/2/4
f 1828/1/4 1824/1/4 1829/1/4
f 1825/2/4 1826/2/4 1830/2/4
f 1830/2/4 1826/2/4 1831/2/4
f 1832/1/4 1833/1/4 1834/1/4
f 1834/1/4 1833/1/4 1835/1/4
f 1836/1/4 1837/1/4 1838/1/4
f 1838/1/4 1837/1/4 1839/1/4
f 1840/1/4 1841/1/4 1842/1/4
f 1842/1/4 1841/1/4 1843/1/4
f 1844/2/4 1845/2/4 1846/2/4
f 1846/2/4 1845/2/4 1847/2/4
f 1848/1/4 1849/1/4 1852/1/4
f 1852/1/4 1849/1/4 1853/1/4
f 1850/2/4 1851/2/4 1854/2/4
f 1854/2/4 1851/2/4 1855/2/4
f 1856/1/4 1857/1/4 1858/1/4
f 1858/1/4 1857/1/4 1859/1/4
f 1860/2/4 1861/2/4 1864/2/4
f 1864/2/4 1861/2/4 1865/2/4
f 1862/2/4 1863/2/4 1866/2/4
f 1866/2/4 1863/2/4 1867/2/4
f 1868/1/4 1869/1/4 1870/1/4
f 1870/1/4 1869/1/4 1871/1/4
f 1872/1/4 1873/1/4 1874/1/4
f 1874/1/4 1873/1/4 1875/1/4
f 1876/1/4 1877/1/4 1878/1/4
f 1878/1/4 1877/1/4 1879/1/4
f 1880/2/4 1881/2/4 1882/2/4
f 1882/2/4 1881/2/4 1883/2/4
f 1884/2/4 1885/2/4 1886/2/4
f 1886/2/4 1885/2/4 1887/2/4
f 1888/1/4 1889/1/4 1892/1/4
f 1892/1/4 1889/1/4 1893/1/4
f 1890/2/4 1891/2/4 1894/2/4
f 1894/2/4 1891/2/4 1895/2/4
f 1896/1/4 1897/1/4 1900/1/4
f 1900/1/4 1897/1/4 1901/1/4
f 1898/1/4 1899/1/4 1902/1/4
f 1902/1/4 1899/1/4 1903/1/4
f 1904/1/4 1905/1/4 1906/1/4
f 1906/1/4 1905/1/4 1907/1/4
f 1908/1/4 1909/1/4 1910/1/4
f 1910/1/4 1909/1/4 1911/1/4
f 1912/1/4 1913/1/4 1916/1/4
f 1916/1/4 1913/1/4 1917/1/4
f 1914/1/4 1915/1/4 1918/1/4
f 1918/1/4 1915/1/4 1919/1/4
f 1920/1/4 1921/1/4 1928/1/4
f 1928/1/4 1921/1/4 1929/1/4
f 1922/2/4 1923/2/4 1930/2/4
f 1930/2/4 1923/2/4 1931/2/4
f 1924/1/4 1925/1/4 1932/1/4
f 1932/1/4 1925/1/4 1933/1/4
f 1926/2/4 1927/2/4 1934/2/4
f 1934/2/4 1927/2/4 1935/2/4
f 1936/1/4 1937/1/4 1938/1/4
f 1938/1/4 1937/1/4 1939/1/4
f 1940/1/4 1941/1/4 1944/1/4
f 1944/1/4 1941/1/4 1945/1/4
f 1942/2/4 1943/2/4 1946/2/4
f 1946/2/4 1943/2/4 1947/2/4
f 1948/2/4 1949/2/4 1950/2/4
f 1950/2/4 1949/2/4 1951/2/4
f 1952/2/4 1953/2/4 1954/2/4
f 1954/2/4 1953/2/4 1955/2/4
f 1956/1/4 1957/1/4 1960/1/4
f 1960/1/4 1957/1/4 1961/1/4
f 1958/1/4 1959/1/4 1962/1/4
f 1962/1/4 1959/1/4 1963/1/4
f 1964/1/4 1965/1/4 1966/1/4
f 1966/1/4 1965/1/4 1967/1/4
f 1968/1/4 1969/1/4 1970/1/4
f 1970/1/4 1969/1/4 1971/1/4
f 1972/2/4 1973/2/4 1974/2/4
f 1974/2/4 1973/2/4 1975/2/4
f 1976/1/4 1977/1/4 1980/1/4
f 1980/1/4 1977/1/4 1981/1/4
f 1978/2/4 1979/2/4 1984/2/4
f 1984/2/4 1979/2/4 1985/2/4
f 1982/1/4 1983/1/4 1988/1/4
f 1988/1/4 1983/1/4 1989/1/4
f 1986/1/4 1987/1/4 1990/1/4
f 1990/1/4 1987/1/4 1991/1/4
f 1992/1/4 1993/1/4 1996/1/4
f 1996/1/4 1993/1/4 1997/1/4
f 1994/2/4 1995/2/4 1998/2/4
f 1998/2/4 1995/2/4 1999/2/4
f 2000/2/4 2001/2/4 2003/2/4
f 2001/1/4 2002/1/4 2004/1/4
f 2003/2/4 2001/2/4 2004/2/4
f 2004/1/4 2002/1/4 2005/1/4
f 2006/1/4 2007/1/4 2008/1/4
f 2008/1/4 2007/1/4 2009/1/4
f 2010/2/4 2011/2/4 2012/2/4
f 2012/2/4 2011/2/4 2013/2/4
f 2014/1/4 2015/1/4 2016/1/4
f 2016/1/4 2015/1/4 2017/1/4
f 2018/2/4 2019/2/4 2020/2/4
f 2020/2/4 2019/2/4 2021/2/4
f 2022/2/4 2023/2/4 2026/2/4
f 2026/2/4 2023/2/4 2027/2/4
f 2024/2/4 2025/2/4 2028/2/4
f 2028/2/4 2025/2/4 2029/2/4
f 2030/2/4 2031/2/4 2032/2/4
f 2032/2/4 2031/2/4 2033/2/4
f 2034/1/4 2035/1/4 2036/1/4
f 2036/1/4 2035/1/4 2037/1/4
f 2038/2/4 2039/2/4 2042/2/4
f 2042/2/4 2039/2/4 2043/2/4
f 2040/2/4 2041/2/4 2044/2/4
f 2044/2/4 2041/2/4 2045/2/4
f 2046/1/4 2047/1/4 2048/1/4
f 2048/1/4 2047/1/4 2049/1/4
f 2050/2/4 2051/2/4 2052/2/4
f 2052/2/4 2051/2/4 2053/2/4
f 2054/1/4 2055/1/4 2056/1/4
f 2056/1/4 2055/1/4 2057/1/4
f 2058/1/4 2059/1/4 2060/1/4
f 2060/1/4 2059/1/4 2061/1/4
f 2062/2/4 2063/2/4 2064/2/4
f 2064/2/4 2063/2/4 2065/2/4
f 2066/1/4 2067/1/4 2070/1/4
f 2070/1/4 2067/1/4 2071/1/4
f 2068/1/4 2069/1/4 2074/1/4
f 2074/1/4 2069/1/4 2075/1/4
f 2072/1/4 2073/1/4 2078/1/4
f 2078/1/4 2073/1/4 2079/1/4
f 2076/1/4 2077/1/4 2080/1/4
f 2080/1/4 2077/1/4 2081/1/4
f 2082/1/4 2083/1/4 2086/1/4
f 2086/1/4 2083/1/4 2087/1/4
f 2084/1/4 2085/1/4 2090/1/4
f 2090/1/4 2085/1/4 2091/1/4
f 2088/2/4 2089/2/4 2092/2/4
f 2092/2/4 2089/2/4 2093/2/4
f 2094/2/4 2095/2/4 2096/2/4
f 2096/2/4 2095/2/4 2097/2/4
f 2098/2/4 2099/2/4 2100/2/4
f 2100/2/4 2099/2/4 2101/2/4
f 2102/2/4 2103/2/4 2104/2/4
f 2104/2/4 2103/2/4 2105/2/4
f 2106/2/4 2107/2/4 2108/2/4
f 2108/2/4 2107/2/4 2109/2/4
f 2110/1/4 2111/1/4 2114/1/4
f 2114/1/4 2111/1/4 2115/1/4
f 2112/2/4 2113/2/4 2116/2/4
f 2116/2/4 2113/2/4 2117/2/4
f 2118/2/4 2119/2/4 2122/2/4
f 2122/2/4 2119/2/4 2123/2/4
f 2120/2/4 2121/2/4 2126/2/4
f 2126/2/4 2121/2/4 2127/2/4
f 2124/1/4 2125/1/4 2128/1/4
f 2128/1/4 2125/1/4 2129/1/4
f 2130/1/4 2131/1/4 2132/1/4
f 2132/1/4 2131/1/4 2133/1/4
f 2134/1/4 2135/1/4 2138/1/4
f 2138/1/4 2135/1/4 2139/1/4
f 2136/1/4 2137/1/4 2140/1/4
f 2140/1/4 2137/1/4 2141/1/4
f 2142/1/4 2143/1/4 2146/1/4
f 2146/1/4 2143/1/4 2147/1/4
f 2144/2/4 2145/2/4 2150/2/4
f 2150/2/4 2145/2/4 2151/2/4
f 2148/2/4 2149/2/4 2154/2/4
f 2154/2/4 2149/2/4 2155/2/4
f 2152/2/4 2153/2/4 2156/2/4
f 2156/2/4 2153/2/4 2157/2/4
f 2158/1/4 2159/1/4 2160/1/4
f 2160/1/4 2159/1/4 2161/1/4
f 2162/1/4 2163/1/4 2164/1/4
f 2164/1/4 2163/1/4 2165/1/4
f 2166/2/4 2167/2/4 2168/2/4
f 2168/2/4 2167/2/4 2169/2/4
f 2170/2/4 2171/2/4 2172/2/4
f 2172/2/4 2171/2/4 2173/2/4
f 2174/2/4 2175/2/4 2176/2/4
f 2176/2/4 2175/2/4 2177/2/4
f 2178/2/4 2179/2/4 2182/2/4
f 2182/2/4 2179/2/4 2183/2/4
f 2180/1/4 2181/1/4 2184/1/4
f 2184/1/4 2181/1/4 2185/1/4
f 2186/1/4 2187/1/4 2188/1/4
f 2188/1/4 2187/1/4 2189/1/4
f 2190/1/4 2191/1/4 2194/1/4
f 2194/1/4 2191/1/4 2195/1/4
f 2192/2/4 2193/2/4 2198/2/4
f 2198/2/4 2193/2/4 2199/2/4
f 2196/2/4 2197/2/4 2200/2/4
f 2200/2/4 2197/2/4 2201/2/4
f 2202/2/4 2203/2/4 2204/2/4
f 2204/2/4 2203/2/4 2205/2/4
f 2206/2/4 2207/2/4 2208/2/4
f 2208/2/4 2207/2/4 2209/2/4
f 2210/1/4 2211/1/4 2212/1/4
f 2212/1/4 2211/1/4 2213/1/4
f 2214/2/4 2215/2/4 2218/2/4
f 2218/2/4 2215/2/4 2219/2/4
f 2216/2/4 2217/2/4 2220/2/4
f 2220/2/4 2217/2/4 2221/2/4
f 2222/2/4 2223/2/4 2226/2/4
f 2226/2/4 2223/2/4 2227/2/4
f 2224/1/4 2225/1/4 2228/1/4
f 2228/1/4 2225/1/4 2229/1/4
f 2230/1/4 2231/1/4 2232/1/4
f 2232/1/4 2231/1/4 2233/1/4
f 2234/2/4 2235/2/4 2236/2/4
f 2236/2/4 2235/2/4 2237/2/4
f 2238/1/4 2239/1/4 2240/1/4
f 2240/1/4 2239/1/4 2241/1/4
f 2242/2/4 2243/2/4 2244/2/4
f 2244/2/4 2243/2/4 2245/2/4
f 2246/2/4 2247/2/4 2250/2/4
f 2250/2/4 2247/2/4 2251/2/4
f 2248/2/4 2249/2/4 2254/2/4
f 2254/2/4 2249/2/4 2255/2/4
f 2252/1/4 2253/1/4 2256/1/4
f 2256/1/4 2253/1/4 2257/1/4
f 2258/1/4 2259/1/4 2260/1/4
f 2260/1/4 2259/1/4 2261/1/4
f 2262/1/4 2263/1/4 2264/1/4
f 2264/1/4 2263/1/4 2265/1/4
f 2266/2/4 2267/2/4 2270/2/4
f 2270/2/4 2267/2/4 2271/2/4
f 2268/1/4 2269/1/4 2272/1/4
f 2272/1/4 2269/1/4 2273/1/4
f 2270/1/4 2271/1/4 2274/1/4
f 2274/1/4 2271/1/4 2275/1/4
f 2276/1/4 2277/1/4 2278/1/4
f 2278/1/4 2277/1/4 2279/1/4
f 2280/2/4 2281/2/4 2282/2/4
f 2282/2/4 2281/2/4 2283/2/4
f 2284/2/4 2285/2/4 2288/2/4
f 2288/2/4 2285/2/4 2289/2/4
f 2286/1/4 2287/1/4 2292/1/4
f 2292/1/4 2287/1/4 2293/1/4
f 2290/1/4 2291/1/4 2294/1/4
f 2294/1/4 2291/1/4 2295/1/4
f 2296/2/4 2297/2/4 2302/2/4
f 2302/2/4 2297/2/4 2303/2/4
f 2298/1/4 2299/1/4 2304/1/4
f 2304/1/4 2299/1/4 2305/1/4
f 2300/1/4 2301/1/4 2306/1/4
f 2306/1/4 2301/1/4 2307/1/4
f 2308/2/4 2309/2/4 2312/2/4
f 2312/2/4 2309/2/4 2313/2/4
f 2310/1/4 2311/1/4 2314/1/4
f 2314/1/4 2311/1/4 2315/1/4
f 2318/1/5 2317/1/5 2316/1/5
f 2319/1/5 2317/1/5 2318/1/5
f 2322/2/5 2319/2/5 2318/2/5
f 2323/2/5 2319/2/5 2322/2/5
f 2328/1/5 2325/1/5 2324/1/5
f 2329/1/5 2325/1/5 2328/1/5
f 2330/2/5 2329/2/5 2328/2/5
f 2331/2/5 2329/2/5 2330/2/5
f 2332/1/5 2321/1/5 2320/1/5
f 2333/1/5 2321/1/5 2332/1/5
f 2335/1/5 2327/1/5 2326/1/5
f 2336/1/5 2327/1/5 2335/1/5
f 2337/2/5 2334/2/5 2333/2/5
f 2338/2/5 2334/2/5 2337/2/5
f 2339/1/5 2337/1/5 2336/1/5
f 2340/1/5 2337/1/5 2339/1/5
f 2347/2/5 2342/2/5 2341/2/5
f 2348/2/5 2342/2/5 2347/2/5
f 2349/2/5 2344/2/5 2343/2/5
f 2350/2/5 2344/2/5 2349/2/5
f 2353/1/5 2348/1/5 2347/1/5
f 2354/1/5 2348/1/5 2353/1/5
f 2355/1/5 2346/1/5 2345/1/5
f 2356/1/5 2346/1/5 2355/1/5
f 2357/2/5 2352/2/5 2351/2/5
f 2358/2/5 2352/2/5 2357/2/5
f 2359/2/5 2354/2/5 2353/2/5
f 2360/2/5 2354/2/5 2359/2/5
f 2361/2/5 2356/2/5 2355/2/5
f 2362/2/5 2356/2/5 2361/2/5
f 2363/1/5 2360/1/5 2359/1/5
f 2364/1/5 2360/1/5 2363/1/5
f 2366/1/5 2362/1/5 2361/1/5
f 2367/1/5 2362/1/5 2366/1/5
f 2372/1/5 2369/1/5 2368/1/5
f 2373/1/5 2369/1/5 2372/1/5
f 2374/2/5 2371/2/5 2370/2/5
f 2375/2/5 2371/2/5 2374/2/5
f 2378/1/5 2377/1/5 2376/1/5
f 2379/1/5 2377/1/5 2378/1/5
f 2380/2/5 2366/2/5 2365/2/5
f 2381/2/5 2366/2/5 2380/2/5
f 2383/1/5 2382/1/5 2381/1/5
f 2384/1/5 2382/1/5 2383/1/5
f 2385/2/5 2384/2/5 2383/2/5
f 2386/2/5 2384/2/5 2385/2/5
f 2389/1/5 2388/1/5 2387/1/5
f 2390/1/5 2388/1/5 2389/1/5
f 2392/1/5 2386/1/5 2385/1/5
f 2393/1/5 2386/1/5 2392/1/5
f 2394/1/5 2392/1/5 2391/1/5
f 2395/1/5 2392/1/5 2394/1/5
f 2398/1/5 2397/1/5 2396/1/5
f 2399/1/5 2397/1/5 2398/1/5
f 2402/2/5 2401/2/5 2400/2/5
f 2403/2/5 2401/2/5 2402/2/5
f 2406/2/5 2405/2/5 2404/2/5
f 2407/2/5 2405/2/5 2406/2/5
f 2410/2/5 2409/2/5 2408/2/5
f 2411/2/5 2409/2/5 2410/2/5
f 2414/2/5 2413/2/5 2412/2/5
f 2415/2/5 2413/2/5 2414/2/5
f 2418/2/5 2417/2/5 2416/2/5
f 2419/2/5 2417/2/5 2418/2/5
f 2424/1/5 2421/1/5 2420/1/5
f 2425/1/5 2421/1/5 2424/1/5
f 2428/2/5 2423/2/5 2422/2/5
f 2429/2/5 2423/2/5 2428/2/5
f 2430/2/5 2425/2/5 2424/2/5
f 2431/2/5 2425/2/5 2430/2/5
f 2434/1/5 2431/1/5 2430/1/5
f 2435/1/5 2431/1/5 2434/1/5
f 2436/1/5 2433/1/5 2432/1/5
f 2437/1/5 2433/1/5 2436/1/5
f 2438/2/5 2427/2/5 2426/2/5
f 2439/2/5 2427/2/5 2438/2/5
f 2442/2/5 2441/2/5 2440/2/5
f 2443/2/5 2441/2/5 2442/2/5
f 2444/1/5 2443/1/5 2442/1/5
f 2445/1/5 2443/1/5 2444/1/5
f 2450/1/5 2449/1/5 2448/1/5
f 2451/1/5 2449/1/5 2450/1/5
f 2454/2/5 2453/2/5 2452/2/5
f 2455/2/5 2453/2/5 2454/2/5
f 2458/2/5 2457/2/5 2456/2/5
f 2459/2/5 2457/2/5 2458/2/5
f 2460/2/5 2447/2/5 2446/2/5
f 2461/2/5 2447/2/5 2460/2/5
f 2464/1/5 2463/1/5 2462/1/5
f 2465/1/5 2463/1/5 2464/1/5
f 2466/2/5 2465/2/5 2464/2/5
f 2467/2/5 2465/2/5 2466/2/5
f 2469/2/5 2468/2/5 2467/2/5
f 2470/2/5 2468/2/5 2469/2/5
f 2473/1/5 2472/1/5 2471/1/5
f 2474/1/5 2472/1/5 2473/1/5
f 2475/2/5 2474/2/5 2473/2/5
f 2476/2/5 2474/2/5 2475/2/5
f 2478/2/5 2477/2/5 2476/2/5
f 2479/2/5 2477/2/5 2478/2/5
f 2481/1/5 2480/1/5 2479/1/5
f 2482/1/5 2480/1/5 2481/1/5
f 2489/2/5 2484/2/5 2483/2/5
f 2490/2/5 2484/2/5 2489/2/5
f 2491/2/5 2486/2/5 2485/2/5
f 2492/2/5 2486/2/5 2491/2/5
f 2493/2/5 2488/2/5 2487/2/5
f 2494/2/5 2488/2/5 2493/2/5
f 2499/1/5 2496/1/5 2495/1/5
f 2500/1/5 2496/1/5 2499/1/5
f 2501/1/5 2498/1/5 2497/1/5
f 2502/1/5 2498/1/5 2501/1/5
f 2503/2/5 2500/2/5 2499/2/5
f 2504/2/5 2500/2/5 2503/2/5
f 2505/1/5 2504/1/5 2503/1/5
f 2506/1/5 2504/1/5 2505/1/5
f 2511/1/5 2508/1/5 2507/1/5
f 2512/1/5 2508/1/5 2511/1/5
f 2513/1/5 2510/1/5 2509/1/5
f 2514/1/5 2510/1/5 2513/1/5
f 2515/2/5 2512/2/5 2511/2/5
f 2516/2/5 2512/2/5 2515/2/5
f 2519/1/5 2518/1/5 2517/1/5
f 2520/1/5 2518/1/5 2519/1/5
f 2525/1/5 2522/1/5 2521/1/5
f 2526/1/5 2522/1/5 2525/1/5
f 2527/2/5 2526/2/5 2525/2/5
f 2528/2/5 2526/2/5 2527/2/5
f 2531/1/5 2530/1/5 2529/1/5
f 2532/1/5 2530/1/5 2531/1/5
f 2533/2/5 2524/2/5 2523/2/5
f 2534/2/5 2524/2/5 2533/2/5
f 2535/2/5 2532/2/5 2531/2/5
f 2536/2/5 2532/2/5 2535/2/5
f 2537/1/5 2536/1/5 2535/1/5
f 2538/1/5 2536/1/5 2537/1/5
f 2541/1/5 2540/1/5 2539/1/5
f 2542/1/5 2540/1/5 2541/1/5
f 2546/2/5 2544/2/5 2543/2/5
f 2547/2/5 2544/2/5 2546/2/5
f 2548/2/5 2546/2/5 2545/2/5
f 2549/2/5 2546/2/5 2548/2/5
f 2550/1/5 2549/1/5 2548/1/5
f 2551/1/5 2549/1/5 2550/1/5
f 2556/1/5 2553/1/5 2552/1/5
f 2557/1/5 2553/1/5 2556/1/5
f 2558/1/5 2555/1/5 2554/1/5
f 2559/1/5 2555/1/5 2558/1/5
f 2560/2/5 2557/2/5 2556/2/5
f 2561/2/5 2557/2/5 2560/2/5
f 2564/1/5 2561/1/5 2560/1/5
f 2565/1/5 2561/1/5 2564/1/5
f 2566/1/5 2563/1/5 2562/1/5
f 2567/1/5 2563/1/5 2566/1/5
f 2570/1/5 2569/1/5 2568/1/5
f 2571/1/5 2569/1/5 2570/1/5
f 2575/2/5 2573/2/5 2572/2/5
f 2576/2/5 2573/2/5 2575/2/5
f 2578/2/5 2575/2/5 2574/2/5
f 2579/2/5 2575/2/5 2578/2/5
f 2583/1/5 2578/1/5 2577/1/5
f 2584/1/5 2578/1/5 2583/1/5
f 2585/1/5 2581/1/5 2580/1/5
f 2586/1/5 2581/1/5 2585/1/5
f 2587/2/5 2583/2/5 2582/2/5
f 2588/2/5 2583/2/5 2587/2/5
f 2592/2/5 2590/2/5 2589/2/5
f 2593/2/5 2590/2/5 2592/2/5
f 2597/1/5 2592/1/5 2591/1/5
f 2598/1/5 2592/1/5 2597/1/5
f 2599/1/5 2595/1/5 2594/1/5
f 2600/1/5 2595/1/5 2599/1/5
f 2601/2/5 2597/2/5 2596/2/5
f 2602/2/5 2597/2/5 2601/2/5
f 2607/2/5 2604/2/5 2603/2/5
f 2608/2/5 2604/2/5 2607/2/5
f 2609/2/5 2606/2/5 2605/2/5
f 2610/2/5 2606/2/5 2609/2/5
f 2613/1/5 2612/1/5 2611/1/5
f 2614/1/5 2612/1/5 2613/1/5
f 2619/1/5 2616/1/5 2615/1/5
f 2620/1/5 2616/1/5 2619/1/5
f 2621/1/5 2618/1/5 2617/1/5
f 2622/1/5 2618/1/5 2621/1/5
f 2627/1/5 2624/1/5 2623/1/5
f 2628/1/5 2624/1/5 2627/1/5
f 2629/1/5 2626/1/5 2625/1/5
f 2630/1/5 2626/1/5 2629/1/5
f 2633/1/5 2632/1/5 2631/1/5
f 2634/1/5 2632/1/5 2633/1/5
f 2639/1/5 2636/1/5 2635/1/5
f 2640/1/5 2636/1/5 2639/1/5
f 2643/1/5 2638/1/5 2637/1/5
f 2644/1/5 2638/1/5 2643/1/5
f 2647/1/5 2642/1/5 2641/1/5
f 2648/1/5 2642/1/5 2647/1/5
f 2649/2/5 2646/2/5 2645/2/5
f 2650/2/5 2646/2/5 2649/2/5
f 2655/2/5 2652/2/5 2651/2/5
f 2656/2/5 2652/2/5 2655/2/5
f 2657/1/5 2654/1/5 2653/1/5
f 2658/1/5 2654/1/5 2657/1/5
f 2661/2/5 2660/2/5 2659/2/5
f 2662/2/5 2660/2/5 2661/2/5
f 2667/1/5 2664/1/5 2663/1/5
f 2668/1/5 2664/1/5 2667/1/5
f 2669/2/5 2666/2/5 2665/2/5
f 2670/2/5 2666/2/5 2669/2/5
f 2675/2/5 2672/2/5 2671/2/5
f 2676/2/5 2672/2/5 2675/2/5
f 2677/1/5 2674/1/5 2673/1/5
f 2678/1/5 2674/1/5 2677/1/5
f 2683/2/5 2680/2/5 2679/2/5
f 2684/2/5 2680/2/5 2683/2/5
f 2685/1/5 2682/1/5 2681/1/5
f 2686/1/5 2682/1/5 2685/1/5
f 2689/1/5 2688/1/5 2687/1/5
f 2690/1/5 2688/1/5 2689/1/5
f 2693/2/5 2692/2/5 2691/2/5
f 2694/2/5 2692/2/5 2693/2/5
f 2697/1/5 2696/1/5 2695/1/5
f 2698/1/5 2696/1/5 2697/1/5
f 2703/2/5 2698/2/5 2697/2/5
f 2704/2/5 2698/2/5 2703/2/5
f 2705/2/5 2700/2/5 2699/2/5
f 2706/1/5 2701/1/5 2700/1/5
f 2706/2/5 2700/2/5 2705/2/5
f 2707/1/5 2701/1/5 2706/1/5
f 2708/1/5 2703/1/5 2702/1/5
f 2709/1/5 2703/1/5 2708/1/5
f 2712/1/5 2711/1/5 2710/1/5
f 2713/1/5 2711/1/5 2712/1/5
f 2716/1/5 2715/1/5 2714/1/5
f 2717/1/5 2715/1/5 2716/1/5
f 2722/1/5 2719/1/5 2718/1/5
f 2723/1/5 2719/1/5 2722/1/5
f 2724/2/5 2723/2/5 2722/2/5
f 2725/2/5 2723/2/5 2724/2/5
f 2727/2/5 2721/2/5 2720/2/5
f 2728/2/5 2721/2/5 2727/2/5
f 2729/2/5 2727/2/5 2726/2/5
f 2730/2/5 2727/2/5 2729/2/5
f 2731/1/5 2730/1/5 2729/1/5
f 2732/1/5 2730/1/5 2731/1/5
f 2734/1/5 2733/1/5 2732/1/5
f 2735/1/5 2733/1/5 2734/1/5
f 2740/2/5 2737/2/5 2736/2/5
f 2741/2/5 2737/2/5 2740/2/5
f 2742/1/5 2739/1/5 2738/1/5
f 2743/1/5 2739/1/5 2742/1/5
f 2745/1/5 2741/1/5 2740/1/5
f 2746/1/5 2741/1/5 2745/1/5
f 2747/1/5 2745/1/5 2744/1/5
f 2748/1/5 2745/1/5 2747/1/5
f 2749/2/5 2748/2/5 2747/2/5
f 2750/2/5 2748/2/5 2749/2/5
f 2751/1/5 2750/1/5 2749/1/5
f 2752/1/5 2750/1/5 2751/1/5
f 2754/1/5 2753/1/5 2752/1/5
f 2755/1/5 2753/1/5 2754/1/5
f 2756/2/5 2755/2/5 2754/2/5
f 2757/2/5 2755/2/5 2756/2/5
f 2758/1/5 2757/1/5 2756/1/5
f 2759/1/5 2757/1/5 2758/1/5
f 2761/2/5 2759/2/5 2758/2/5
f 2762/2/5 2759/2/5 2761/2/5
f 2763/2/5 2761/2/5 2760/2/5
f 2764/2/5 2761/2/5 2763/2/5
f 2765/1/5 2764/1/5 2763/1/5
f 2766/1/5 2764/1/5 2765/1/5
f 2767/2/5 2766/2/5 2765/2/5
f 2768/2/5 2766/2/5 2767/2/5
f 2773/1/5 2770/1/5 2769/1/5
f 2774/1/5 2770/1/5 2773/1/5
f 2775/1/5 2772/1/5 2771/1/5
f 2776/1/5 2772/1/5 2775/1/5
f 2777/2/5 2776/2/5 2775/2/5
f 2778/2/5 2776/2/5 2777/2/5
f 2782/1/5 2779/1/5 2778/1/5
f 2783/1/5 2779/1/5 2782/1/5
f 2785/1/5 2781/1/5 2780/1/5
f 2786/1/5 2781/1/5 2785/1/5
f 2787/2/5 2784/2/5 2783/2/5
f 2788/2/5 2784/2/5 2787/2/5
f 2792/1/5 2790/1/5 2789/1/5
f 2793/1/5 2790/1/5 2792/1/5
f 2796/2/5 2795/2/5 2794/2/5
f 2797/2/5 2795/2/5 2796/2/5
f 2798/2/5 2792/2/5 2791/2/5
f 2799/2/5 2792/2/5 2798/2/5
f 2800/1/5 2797/1/5 2796/1/5
f 2801/1/5 2797/1/5 2800/1/5
f 2802/1/5 2799/1/5 2798/1/5
f 2803/1/5 2799/1/5 2802/1/5
f 2806/1/5 2805/1/5 2804/1/5
f 2807/1/5 2805/1/5 2806/1/5
f 2808/2/5 2807/2/5 2806/2/5
f 2809/2/5 2807/2/5 2808/2/5
f 2814/1/5 2811/1/5 2810/1/5
f 2815/1/5 2811/1/5 2814/1/5
f 2816/2/5 2813/2/5 2812/2/5
f 2817/2/5 2813/2/5 2816/2/5
f 2820/2/5 2815/2/5 2814/2/5
f 2821/2/5 2815/2/5 2820/2/5
f 2824/1/5 2819/1/5 2818/1/5
f 2825/1/5 2819/1/5 2824/1/5
f 2827/2/5 2823/2/5 2822/2/5
f 2828/2/5 2823/2/5 2827/2/5
f 2829/2/5 2825/2/5 2824/2/5
f 2830/2/5 2825/2/5 2829/2/5
f 2831/2/5 2827/2/5 2826/2/5
f 2832/2/5 2827/2/5 2831/2/5
f 2835/2/5 2834/2/5 2833/2/5
f 2836/2/5 2834/2/5 2835/2/5
f 2844/2/5 2838/2/5 2837/2/5
f 2845/2/5 2838/2/5 2844/2/5
f 2846/1/5 2840/1/5 2839/1/5
f 2847/1/5 2840/1/5 2846/1/5
f 2848/1/5 2844/1/5 2843/1/5
f 2849/1/5 2844/1/5 2848/1/5
f 2850/2/5 2842/2/5 2841/2/5
f 2851/2/5 2842/2/5 2850/2/5
f 2857/2/5 2849/2/5 2848/2/5
f 2858/2/5 2849/2/5 2857/2/5
f 2859/2/5 2853/2/5 2852/2/5
f 2860/2/5 2853/2/5 2859/2/5
f 2863/2/5 2855/2/5 2854/2/5
f 2864/2/5 2855/2/5 2863/2/5
f 2865/1/5 2860/1/5 2859/1/5
f 2866/1/5 2860/1/5 2865/1/5
f 2867/1/5 2862/1/5 2861/1/5
f 2868/1/5 2862/1/5 2867/1/5
f 2869/1/5 2864/1/5 2863/1/5
f 2870/1/5 2864/1/5 2869/1/5
f 2874/2/5 2857/2/5 2856/2/5
f 2875/2/5 2857/2/5 2874/2/5
f 2881/2/5 2872/2/5 2871/2/5
f 2882/2/5 2872/2/5 2881/2/5
f 2883/2/5 2874/2/5 2873/2/5
f 2884/2/5 2874/2/5 2883/2/5
f 2885/2/5 2877/2/5 2876/2/5
f 2886/2/5 2877/2/5 2885/2/5
f 2887/2/5 2879/2/5 2878/2/5
f 2888/2/5 2879/2/5 2887/2/5
f 2890/1/5 2881/1/5 2880/1/5
f 2891/1/5 2881/1/5 2890/1/5
f 2892/1/5 2886/1/5 2885/1/5
f 2893/1/5 2886/1/5 2892/1/5
f 2894/1/5 2889/1/5 2888/1/5
f 2895/1/5 2889/1/5 2894/1/5
f 2898/2/5 2891/2/5 2890/2/5
f 2899/2/5 2891/2/5 2898/2/5
f 2900/1/5 2884/1/5 2883/1/5
f 2901/1/5 2884/1/5 2900/1/5
f 2902/2/5 2897/2/5 2896/2/5
f 2903/2/5 2897/2/5 2902/2/5
f 2904/2/5 2900/2/5 2899/2/5
f 2905/2/5 2900/2/5 2904/2/5
f 2910/1/5 2907/1/5 2906/1/5
f 2911/1/5 2907/1/5 2910/1/5
f 2912/1/5 2909/1/5 2908/1/5
f 2913/1/5 2909/1/5 2912/1/5
f 2916/2/5 2915/2/5 2914/2/5
f 2917/2/5 2915/2/5 2916/2/5
f 2918/1/5 2917/1/5 2916/1/5
f 2919/1/5 2917/1/5 2918/1/5
f 2924/2/5 2923/2/5 2922/2/5
f 2925/2/5 2923/2/5 2924/2/5
f 2926/1/5 2921/1/5 2920/1/5
f 2927/1/5 2921/1/5 2926/1/5
f 2928/1/5 2925/1/5 2924/1/5
f 2929/1/5 2925/1/5 2928/1/5
f 2930/2/5 2929/2/5 2928/2/5
f 2931/2/5 2929/2/5 2930/2/5
f 2932/1/5 2931/1/5 2930/1/5
f 2933/1/5 2931/1/5 2932/1/5
f 2936/2/5 2935/2/5 2934/2/5
f 2937/2/5 2935/2/5 2936/2/5
f 2938/1/6 2939/1/6 2940/1/6
f 2940/1/6 2939/1/6 2941/1/6
f 2940/2/6 2941/2/6 2944/2/6
f 2944/2/6 2941/2/6 2945/2/6
f 2946/1/6 2947/1/6 2950/1/6
f 2950/1/6 2947/1/6 2951/1/6
f 2950/2/6 2951/2/6 2952/2/6
f 2952/2/6 2951/2/6 2953/2/6
f 2942/1/6 2943/1/6 2954/1/6
f 2954/1/6 2943/1/6 2955/1/6
f 2948/1/6 2949/1/6 2957/1/6
f 2957/1/6 2949/1/6 2958/1/6
f 2955/2/6 2956/2/6 2959/2/6
f 2959/2/6 2956/2/6 2960/2/6
f 2958/1/6 2959/1/6 2961/1/6
f 2961/1/6 2959/1/6 2962/1/6
f 2963/2/6 2964/2/6 2969/2/6
f 2969/2/6 2964/2/6 2970/2/6
f 2965/2/6 2966/2/6 2971/2/6
f 2971/2/6 2966/2/6 2972/2/6
f 2969/1/6 2970/1/6 2973/1/6
f 2973/1/6 2970/1/6 2974/1/6
f 2967/1/6 2968/1/6 2975/1/6
f 2975/1/6 2968/1/6 2976/1/6
f 2973/2/6 2974/2/6 2977/2/6
f 2977/2/6 2974/2/6 2978/2/6
f 2975/2/6 2976/2/6 2979/2/6
f 2979/2/6 2976/2/6 2980/2/6
f 2977/1/6 2978/1/6 2981/1/6
f 2981/1/6 2978/1/6 2982/1/6
f 2979/1/6 2980/1/6 2984/1/6
f 2984/1/6 2980/1/6 2985/1/6
f 2986/1/6 2987/1/6 2990/1/6
f 2990/1/6 2987/1/6 2991/1/6
f 2988/2/6 2989/2/6 2992/2/6
f 2992/2/6 2989/2/6 2993/2/6
f 2994/1/6 2995/1/6 2996/1/6
f 2996/1/6 2995/1/6 2997/1/6
f 2983/2/6 2984/2/6 2998/2/6
f 2998/2/6 2984/2/6 2999/2/6
f 2999/1/6 3000/1/6 3001/1/6
f 3001/1/6 3000/1/6 3002/1/6
f 3001/2/6 3002/2/6 3003/2/6
f 3003/2/6 3002/2/6 3004/2/6
f 3005/1/6 3006/1/6 3007/1/6
f 3007/1/6 3006/1/6 3008/1/6
f 3003/1/6 3004/1/6 3010/1/6
f 3010/1/6 3004/1/6 3011/1/6
f 3009/1/6 3010/1/6 3012/1/6
f 3012/1/6 3010/1/6 3013/1/6
f 3014/1/6 3015/1/6 3018/1/6
f 3018/1/6 3015/1/6 3019/1/6
f 3016/1/6 3017/1/6 3020/1/6
f 3020/1/6 3017/1/6 3021/1/6
f 3022/2/6 3023/2/6 3024/2/6
f 3024/2/6 3023/2/6 3025/2/6
f 3026/2/6 3027/2/6 3028/2/6
f 3028/2/6 3027/2/6 3029/2/6
f 3030/2/6 3031/2/6 3032/2/6
f 3032/2/6 3031/2/6 3033/2/6
f 3034/2/6 3035/2/6 3036/2/6
f 3036/2/6 3035/2/6 3037/2/6
f 3038/1/6 3039/1/6 3042/1/6
f 3042/1/6 3039/1/6 3043/1/6
f 3040/2/6 3041/2/6 3046/2/6
f 3046/2/6 3041/2/6 3047/2/6
f 3042/2/6 3043/2/6 3048/2/6
f 3048/2/6 3043/2/6 3049/2/6
f 3048/1/6 3049/1/6 3052/1/6
f 3052/1/6 3049/1/6 3053/1/6
f 3050/1/6 3051/1/6 3054/1/6
f 3054/1/6 3051/1/6 3055/1/6
f 3044/2/6 3045/2/6 3056/2/6
f 3056/2/6 3045/2/6 3057/2/6
f 3058/2/6 3059/2/6 3060/2/6
f 3060/2/6 3059/2/6 3061/2/6
f 3060/1/6 3061/1/6 3062/1/6
f 3062/1/6 3061/1/6 3063/1/6
f 3066/1/6 3067/1/6 3068/1/6
f 3068/1/6 3067/1/6 3069/1/6
f 3070/2/6 3071/2/6 3072/2/6
f 3072/2/6 3071/2/6 3073/2/6
f 3074/2/6 3075/2/6 3076/2/6
f 3076/2/6 3075/2/6 3077/2/6
f 3064/2/6 3065/2/6 3078/2/6
f 3078/2/6 3065/2/6 3079/2/6
f 3080/1/6 3081/1/6 3084/1/6
f 3084/1/6 3081/1/6 3085/1/6
f 3082/1/6 3083/1/6 3086/1/6
f 3086/1/6 3083/1/6 3087/1/6
f 3084/2/6 3085/2/6 3088/2/6
f 3088/2/6 3085/2/6 3089/2/6
f 3089/2/6 3090/2/6 3091/2/6
f 3091/2/6 3090/2/6 3092/2/6
f 3093/1/6 3094/1/6 3095/1/6
f 3095/1/6 3094/1/6 3096/1/6
f 3095/2/6 3096/2/6 3097/2/6
f 3097/2/6 3096/2/6 3098/2/6
f 3098/2/6 3099/2/6 3100/2/6
f 3100/2/6 3099/2/6 3101/2/6
f 3101/1/6 3102/1/6 3103/1/6
f 3103/1/6 3102/1/6 3104/1/6
f 3105/2/6 3106/2/6 3111/2/6
f 3111/2/6 3106/2/6 3112/2/6
f 3107/2/6 3108/2/6 3113/2/6
f 3113/2/6 3108/2/6 3114/2/6
f 3109/2/6 3110/2/6 3115/2/6
f 3115/2/6 3110/2/6 3116/2/6
f 3117/1/6 3118/1/6 3121/1/6
f 3121/1/6 3118/1/6 3122/1/6
f 3119/1/6 3120/1/6 3123/1/6
f 3123/1/6 3120/1/6 3124/1/6
f 3121/2/6 3122/2/6 3125/2/6
f 3125/2/6 3122/2/6 3126/2/6
f 3125/1/6 3126/1/6 3127/1/6
f 3127/1/6 3126/1/6 3128/1/6
f 3129/1/6 3130/1/6 3133/1/6
f 3133/1/6 3130/1/6 3134/1/6
f 3131/1/6 3132/1/6 3135/1/6
f 3135/1/6 3132/1/6 3136/1/6
f 3133/2/6 3134/2/6 3137/2/6
f 3137/2/6 3134/2/6 3138/2/6
f 3139/1/6 3140/1/6 3141/1/6
f 3141/1/6 3140/1/6 3142/1/6
f 3143/1/6 3144/1/6 3147/1/6
f 3147/1/6 3144/1/6 3148/1/6
f 3147/2/6 3148/2/6 3149/2/6
f 3149/2/6 3148/2/6 3150/2/6
f 3151/1/6 3152/1/6 3153/1/6
f 3153/1/6 3152/1/6 3154/1/6
f 3145/2/6 3146/2/6 3155/2/6
f 3155/2/6 3146/2/6 3156/2/6
f 3153/2/6 3154/2/6 3157/2/6
f 3157/2/6 3154/2/6 3158/2/6
f 3157/1/6 3158/1/6 3159/1/6
f 3159/1/6 3158/1/6 3160/1/6
f 3161/1/6 3162/1/6 3163/1/6
f 3163/1/6 3162/1/6 3164/1/6
f 3165/2/6 3166/2/6 3168/2/6
f 3168/2/6 3166/2/6 3169/2/6
f 3167/2/6 3168/2/6 3170/2/6
f 3170/2/6 3168/2/6 3171/2/6
f 3170/1/6 3171/1/6 3172/1/6
f 3172/1/6 3171/1/6 3173/1/6
f 3174/1/6 3175/1/6 3178/1/6
f 3178/1/6 3175/1/6 3179/1/6
f 3176/1/6 3177/1/6 3180/1/6
f 3180/1/6 3177/1/6 3181/1/6
f 3178/2/6 3179/2/6 3182/2/6
f 3182/2/6 3179/2/6 3183/2/6
f 3182/1/6 3183/1/6 3186/1/6
f 3186/1/6 3183/1/6 3187/1/6
f 3184/1/6 3185/1/6 3188/1/6
f 3188/1/6 3185/1/6 3189/1/6
f 3190/1/6 3191/1/6 3192/1/6
f 3192/1/6 3191/1/6 3193/1/6
f 3194/2/6 3195/2/6 3197/2/6
f 3197/2/6 3195/2/6 3198/2/6
f 3196/2/6 3197/2/6 3200/2/6
f 3200/2/6 3197/2/6 3201/2/6
f 3199/1/6 3200/1/6 3205/1/6
f 3205/1/6 3200/1/6 3206/1/6
f 3202/1/6 3203/1/6 3207/1/6
f 3207/1/6 3203/1/6 3208/1/6
f 3204/2/6 3205/2/6 3209/2/6
f 3209/2/6 3205/2/6 3210/2/6
f 3211/2/6 3212/2/6 3214/2/6
f 3214/2/6 3212/2/6 3215/2/6
f 3213/1/6 3214/1/6 3219/1/6
f 3219/1/6 3214/1/6 3220/1/6
f 3216/1/6 3217/1/6 3221/1/6
f 3221/1/6 3217/1/6 3222/1/6
f 3218/2/6 3219/2/6 3223/2/6
f 3223/2/6 3219/2/6 3224/2/6
f 3225/2/6 3226/2/6 3229/2/6
f 3229/2/6 3226/2/6 3230/2/6
f 3227/2/6 3228/2/6 3231/2/6
f 3231/2/6 3228/2/6 3232/2/6
f 3233/1/6 3234/1/6 3235/1/6
f 3235/1/6 3234/1/6 3236/1/6
f 3237/1/6 3238/1/6 3241/1/6
f 3241/1/6 3238/1/6 3242/1/6
f 3239/1/6 3240/1/6 3243/1/6
f 3243/1/6 3240/1/6 3244/1/6
f 3245/1/6 3246/1/6 3249/1/6
f 3249/1/6 3246/1/6 3250/1/6
f 3247/1/6 3248/1/6 3251/1/6
f 3251/1/6 3248/1/6 3252/1/6
f 3253/1/6 3254/1/6 3255/1/6
f 3255/1/6 3254/1/6 3256/1/6
f 3257/1/6 3258/1/6 3261/1/6
f 3261/1/6 3258/1/6 3262/1/6
f 3259/1/6 3260/1/6 3265/1/6
f 3265/1/6 3260/1/6 3266/1/6
f 3263/1/6 3264/1/6 3269/1/6
f 3269/1/6 3264/1/6 3270/1/6
f 3267/2/6 3268/2/6 3271/2/6
f 3271/2/6 3268/2/6 3272/2/6
f 3273/2/6 3274/2/6 3277/2/6
f 3277/2/6 3274/2/6 3278/2/6
f 3275/1/6 3276/1/6 3279/1/6
f 3279/1/6 3276/1/6 3280/1/6
f 3281/2/6 3282/2/6 3283/2/6
f 3283/2/6 3282/2/6 3284/2/6
f 3285/1/6 3286/1/6 3289/1/6
f 3289/1/6 3286/1/6 3290/1/6
f 3287/2/6 3288/2/6 3291/2/6
f 3291/2/6 3288/2/6 3292/2/6
f 3293/2/6 3294/2/6 3297/2/6
f 3297/2/6 3294/2/6 3298/2/6
f 3295/1/6 3296/1/6 3299/1/6
f 3299/1/6 3296/1/6 3300/1/6
f 3301/2/6 3302/2/6 3305/2/6
f 3305/2/6 3302/2/6 3306/2/6
f 3303/1/6 3304/1/6 3307/1/6
f 3307/1/6 3304/1/6 3308/1/6
f 3309/1/6 3310/1/6 3311/1/6
f 3311/1/6 3310/1/6 3312/1/6
f 3313/2/6 3314/2/6 3315/2/6
f 3315/2/6 3314/2/6 3316/2/6
f 3317/1/6 3318/1/6 3319/1/6
f 3319/1/6 3318/1/6 3320/1/6
f 3319/2/6 3320/2/6 3325/2/6
f 3325/2/6 3320/2/6 3326/2/6
f 3321/2/6 3322/2/6 3327/2/6
f 3322/1/6 3323/1/6 3328/1/6
f 3327/2/6 3322/2/6 3328/2/6
f 3328/1/6 3323/1/6 3329/1/6
f 3324/1/6 3325/1/6 3330/1/6
f 3330/1/6 3325/1/6 3331/1/6
f 3332/1/6 3333/1/6 3334/1/6
f 3334/1/6 3333/1/6 3335/1/6
f 3336/1/6 3337/1/6 3338/1/6
f 3338/1/6 3337/1/6 3339/1/6
f 3340/1/6 3341/1/6 3344/1/6
f 3344/1/6 3341/1/6 3345/1/6
f 3344/2/6 3345/2/6 3346/2/6
f 3346/2/6 3345/2/6 3347/2/6
f 3342/2/6 3343/2/6 3349/2/6
f 3349/2/6 3343/2/6 3350/2/6
f 3348/2/6 3349/2/6 3351/2/6
f 3351/2/6 3349/2/6 3352/2/6
f 3351/1/6 3352/1/6 3353/1/6
f 3353/1/6 3352/1/6 3354/1/6
f 3354/1/6 3355/1/6 3356/1/6
f 3356/1/6 3355/1/6 3357/1/6
f 3358/2/6 3359/2/6 3362/2/6
f 3362/2/6 3359/2/6 3363/2/6
f 3360/1/6 3361/1/6 3364/1/6
f 3364/1/6 3361/1/6 3365/1/6
f 3362/1/6 3363/1/6 3367/1/6
f 3367/1/6 3363/1/6 3368/1/6
f 3366/1/6 3367/1/6 3369/1/6
f 3369/1/6 3367/1/6 3370/1/6
f 3369/2/6 3370/2/6 3371/2/6
f 3371/2/6 3370/2/6 3372/2/6
f 3371/1/6 3372/1/6 3373/1/6
f 3373/1/6 3372/1/6 3374/1/6
f 3374/1/6 3375/1/6 3376/1/6
f 3376/1/6 3375/1/6 3377/1/6
f 3376/2/6 3377/2/6 3378/2/6
f 3378/2/6 3377/2/6 3379/2/6
f 3378/1/6 3379/1/6 3380/1/6
f 3380/1/6 3379/1/6 3381/1/6
f 3380/2/6 3381/2/6 3383/2/6
f 3383/2/6 3381/2/6 3384/2/6
f 3382/2/6 3383/2/6 3385/2/6
f 3385/2/6 3383/2/6 3386/2/6
f 3385/1/6 3386/1/6 3387/1/6
f 3387/1/6 3386/1/6 3388/1/6
f 3387/2/6 3388/2/6 3389/2/6
f 3389/2/6 3388/2/6 3390/2/6
f 3391/1/6 3392/1/6 3395/1/6
f 3395/1/6 3392/1/6 3396/1/6
f 3393/1/6 3394/1/6 3397/1/6
f 3397/1/6 3394/1/6 3398/1/6
f 3397/2/6 3398/2/6 3399/2/6
f 3399/2/6 3398/2/6 3400/2/6
f 3400/1/6 3401/1/6 3404/1/6
f 3404/1/6 3401/1/6 3405/1/6
f 3402/1/6 3403/1/6 3407/1/6
f 3407/1/6 3403/1/6 3408/1/6
f 3405/2/6 3406/2/6 3409/2/6
f 3409/2/6 3406/2/6 3410/2/6
f 3411/1/6 3412/1/6 3414/1/6
f 3414/1/6 3412/1/6 3415/1/6
f 3416/2/6 3417/2/6 3418/2/6
f 3418/2/6 3417/2/6 3419/2/6
f 3413/2/6 3414/2/6 3420/2/6
f 3420/2/6 3414/2/6 3421/2/6
f 3418/1/6 3419/1/6 3422/1/6
f 3422/1/6 3419/1/6 3423/1/6
f 3420/1/6 3421/1/6 3424/1/6
f 3424/1/6 3421/1/6 3425/1/6
f 3426/1/6 3427/1/6 3428/1/6
f 3428/1/6 3427/1/6 3429/1/6
f 3428/2/6 3429/2/6 3430/2/6
f 3430/2/6 3429/2/6 3431/2/6
f 3432/1/6 3433/1/6 3436/1/6
f 3436/1/6 3433/1/6 3437/1/6
f 3434/2/6 3435/2/6 3438/2/6
f 3438/2/6 3435/2/6 3439/2/6
f 3436/2/6 3437/2/6 3442/2/6
f 3442/2/6 3437/2/6 3443/2/6
f 3440/1/6 3441/1/6 3446/1/6
f 3446/1/6 3441/1/6 3447/1/6
f 3444/2/6 3445/2/6 3449/2/6
f 3449/2/6 3445/2/6 3450/2/6
f 3446/2/6 3447/2/6 3451/2/6
f 3451/2/6 3447/2/6 3452/2/6
f 3448/2/6 3449/2/6 3453/2/6
f 3453/2/6 3449/2/6 3454/2/6
f 3455/2/6 3456/2/6 3457/2/6
f 3457/2/6 3456/2/6 3458/2/6
f 3459/2/6 3460/2/6 3466/2/6
f 3466/2/6 3460/2/6 3467/2/6
f 3461/1/6 3462/1/6 3468/1/6
f 3468/1/6 3462/1/6 3469/1/6
f 3465/1/6 3466/1/6 3470/1/6
f 3470/1/6 3466/1/6 3471/1/6
f 3463/2/6 3464/2/6 3472/2/6
f 3472/2/6 3464/2/6 3473/2/6
f 3470/2/6 3471/2/6 3479/2/6
f 3479/2/6 3471/2/6 3480/2/6
f 3474/2/6 3475/2/6 3481/2/6
f 3481/2/6 3475/2/6 3482/2/6
f 3476/2/6 3477/2/6 3485/2/6
f 3485/2/6 3477/2/6 3486/2/6
f 3481/1/6 3482/1/6 3487/1/6
f 3487/1/6 3482/1/6 3488/1/6
f 3483/1/6 3484/1/6 3489/1/6
f 3489/1/6 3484/1/6 3490/1/6
f 3485/1/6 3486/1/6 3491/1/6
f 3491/1/6 3486/1/6 3492/1/6
f 3478/2/6 3479/2/6 3496/2/6
f 3496/2/6 3479/2/6 3497/2/6
f 3493/2/6 3494/2/6 3503/2/6
f 3503/2/6 3494/2/6 3504/2/6
f 3495/2/6 3496/2/6 3505/2/6
f 3505/2/6 3496/2/6 3506/2/6
f 3498/2/6 3499/2/6 3507/2/6
f 3507/2/6 3499/2/6 3508/2/6
f 3500/2/6 3501/2/6 3509/2/6
f 3509/2/6 3501/2/6 3510/2/6
f 3502/1/6 3503/1/6 3512/1/6
f 3512/1/6 3503/1/6 3513/1/6
f 3507/1/6 3508/1/6 3514/1/6
f 3514/1/6 3508/1/6 3515/1/6
f 3510/1/6 3511/1/6 3516/1/6
f 3516/1/6 3511/1/6 3517/1/6
f 3512/2/6 3513/2/6 3520/2/6
f 3520/2/6 3513/2/6 3521/2/6
f 3505/1/6 3506/1/6 3522/1/6
f 3522/1/6 3506/1/6 3523/1/6
f 3518/2/6 3519/2/6 3524/2/6
f 3524/2/6 3519/2/6 3525/2/6
f 3521/2/6 3522/2/6 3526/2/6
f 3526/2/6 3522/2/6 3527/2/6
f 3528/1/6 3529/1/6 3532/1/6
f 3532/1/6 3529/1/6 3533/1/6
f 3530/1/6 3531/1/6 3534/1/6
f 3534/1/6 3531/1/6 3535/1/6
f 3536/2/6 3537/2/6 3538/2/6
f 3538/2/6 3537/2/6 3539/2/6
f 3538/1/6 3539/1/6 3540/1/6
f 3540/1/6 3539/1/6 3541/1/6
f 3544/2/6 3545/2/6 3546/2/6
f 3546/2/6 3545/2/6 3547/2/6
f 3542/1/6 3543/1/6 3548/1/6
f 3548/1/6 3543/1/6 3549/1/6
f 3546/1/6 3547/1/6 3550/1/6
f 3550/1/6 3547/1/6 3551/1/6
f 3550/2/6 3551/2/6 3552/2/6
f 3552/2/6 3551/2/6 3553/2/6
f 3552/1/6 3553/1/6 3554/1/6
f 3554/1/6 3553/1/6 3555/1/6
f 3556/2/6 3557/2/6 3558/2/6
f 3558/2/6 3557/2/6 3559/2/6
